dataset,timeseries_index,timestamp_utc,period.resolution,period.timeInterval.end,period.timeInterval.start,point.position,point.procurement_Price.amount,point.quantity,ts.businessType,ts.currency_Unit.name,ts.curveType,ts.flowDirection.direction,ts.mRID,ts.price_Measure_Unit.name,ts.quantity_Measure_Unit.name,ts.standard_MarketProduct.marketProductType,ts.type_MarketAgreement.type
procured_balancing_capacity,1,2026-05-22T22:00:00,PT15M,2026-05-22T22:15Z,2026-05-22T22:00Z,1,17,1,B95,EUR,A03,A01,1,MAW,MAW,A01,A01
procured_balancing_capacity,1,2026-05-22T22:15:00,PT15M,2026-05-22T22:30Z,2026-05-22T22:15Z,1,17,1,B95,EUR,A03,A01,1,MAW,MAW,A01,A01
procured_balancing_capacity,1,2026-05-22T22:30:00,PT15M,2026-05-22T22:45Z,2026-05-22T22:30Z,1,17,1,B95,EUR,A03,A01,1,MAW,MAW,A01,A01
procured_balancing_capacity,1,2026-05-22T22:45:00,PT15M,2026-05-22T23:00Z,2026-05-22T22:45Z,1,17,1,B95,EUR,A03,A01,1,MAW,MAW,A01,A01
procured_balancing_capacity,1,2026-05-22T23:00:00,PT15M,2026-05-22T23:15Z,2026-05-22T23:00Z,1,17,1,B95,EUR,A03,A01,1,MAW,MAW,A01,A01
procured_balancing_capacity,1,2026-05-22T23:15:00,PT15M,2026-05-22T23:30Z,2026-05-22T23:15Z,1,17,1,B95,EUR,A03,A01,1,MAW,MAW,A01,A01
procured_balancing_capacity,1,2026-05-22T23:30:00,PT15M,2026-05-22T23:45Z,2026-05-22T23:30Z,1,17,1,B95,EUR,A03,A01,1,MAW,MAW,A01,A01
procured_balancing_capacity,1,2026-05-22T23:45:00,PT15M,2026-05-23T00:00Z,2026-05-22T23:45Z,1,17,1,B95,EUR,A03,A01,1,MAW,MAW,A01,A01
procured_balancing_capacity,1,2026-05-23T00:00:00,PT15M,2026-05-23T00:15Z,2026-05-23T00:00Z,1,17,1,B95,EUR,A03,A01,1,MAW,MAW,A01,A01
procured_balancing_capacity,1,2026-05-23T00:15:00,PT15M,2026-05-23T00:30Z,2026-05-23T00:15Z,1,17,1,B95,EUR,A03,A01,1,MAW,MAW,A01,A01
procured_balancing_capacity,1,2026-05-23T00:30:00,PT15M,2026-05-23T00:45Z,2026-05-23T00:30Z,1,17,1,B95,EUR,A03,A01,1,MAW,MAW,A01,A01
procured_balancing_capacity,1,2026-05-23T00:45:00,PT15M,2026-05-23T01:00Z,2026-05-23T00:45Z,1,17,1,B95,EUR,A03,A01,1,MAW,MAW,A01,A01
procured_balancing_capacity,1,2026-05-23T01:00:00,PT15M,2026-05-23T01:15Z,2026-05-23T01:00Z,1,17,1,B95,EUR,A03,A01,1,MAW,MAW,A01,A01
procured_balancing_capacity,1,2026-05-23T01:15:00,PT15M,2026-05-23T01:30Z,2026-05-23T01:15Z,1,17,1,B95,EUR,A03,A01,1,MAW,MAW,A01,A01
procured_balancing_capacity,1,2026-05-23T01:30:00,PT15M,2026-05-23T01:45Z,2026-05-23T01:30Z,1,17,1,B95,EUR,A03,A01,1,MAW,MAW,A01,A01
procured_balancing_capacity,1,2026-05-23T01:45:00,PT15M,2026-05-23T02:00Z,2026-05-23T01:45Z,1,17,1,B95,EUR,A03,A01,1,MAW,MAW,A01,A01
procured_balancing_capacity,1,2026-05-23T02:00:00,PT15M,2026-05-23T02:15Z,2026-05-23T02:00Z,1,17,1,B95,EUR,A03,A01,1,MAW,MAW,A01,A01
procured_balancing_capacity,1,2026-05-23T02:15:00,PT15M,2026-05-23T02:30Z,2026-05-23T02:15Z,1,17,1,B95,EUR,A03,A01,1,MAW,MAW,A01,A01
procured_balancing_capacity,1,2026-05-23T02:30:00,PT15M,2026-05-23T02:45Z,2026-05-23T02:30Z,1,17,1,B95,EUR,A03,A01,1,MAW,MAW,A01,A01
procured_balancing_capacity,1,2026-05-23T02:45:00,PT15M,2026-05-23T03:00Z,2026-05-23T02:45Z,1,17,1,B95,EUR,A03,A01,1,MAW,MAW,A01,A01
procured_balancing_capacity,1,2026-05-23T03:00:00,PT15M,2026-05-23T03:15Z,2026-05-23T03:00Z,1,17,1,B95,EUR,A03,A01,1,MAW,MAW,A01,A01
procured_balancing_capacity,1,2026-05-23T03:15:00,PT15M,2026-05-23T03:30Z,2026-05-23T03:15Z,1,17,1,B95,EUR,A03,A01,1,MAW,MAW,A01,A01
procured_balancing_capacity,1,2026-05-23T03:30:00,PT15M,2026-05-23T03:45Z,2026-05-23T03:30Z,1,17,1,B95,EUR,A03,A01,1,MAW,MAW,A01,A01
procured_balancing_capacity,1,2026-05-23T03:45:00,PT15M,2026-05-23T04:00Z,2026-05-23T03:45Z,1,17,1,B95,EUR,A03,A01,1,MAW,MAW,A01,A01
procured_balancing_capacity,1,2026-05-23T04:00:00,PT15M,2026-05-23T04:15Z,2026-05-23T04:00Z,1,29,1,B95,EUR,A03,A01,1,MAW,MAW,A01,A01
procured_balancing_capacity,1,2026-05-23T04:15:00,PT15M,2026-05-23T04:30Z,2026-05-23T04:15Z,1,29,1,B95,EUR,A03,A01,1,MAW,MAW,A01,A01
procured_balancing_capacity,1,2026-05-23T04:30:00,PT15M,2026-05-23T04:45Z,2026-05-23T04:30Z,1,29,1,B95,EUR,A03,A01,1,MAW,MAW,A01,A01
procured_balancing_capacity,1,2026-05-23T04:45:00,PT15M,2026-05-23T05:00Z,2026-05-23T04:45Z,1,29,1,B95,EUR,A03,A01,1,MAW,MAW,A01,A01
procured_balancing_capacity,1,2026-05-23T05:00:00,PT15M,2026-05-23T05:15Z,2026-05-23T05:00Z,1,29,1,B95,EUR,A03,A01,1,MAW,MAW,A01,A01
procured_balancing_capacity,1,2026-05-23T05:15:00,PT15M,2026-05-23T05:30Z,2026-05-23T05:15Z,1,29,1,B95,EUR,A03,A01,1,MAW,MAW,A01,A01
procured_balancing_capacity,1,2026-05-23T05:30:00,PT15M,2026-05-23T05:45Z,2026-05-23T05:30Z,1,29,1,B95,EUR,A03,A01,1,MAW,MAW,A01,A01
procured_balancing_capacity,1,2026-05-23T05:45:00,PT15M,2026-05-23T06:00Z,2026-05-23T05:45Z,1,29,1,B95,EUR,A03,A01,1,MAW,MAW,A01,A01
procured_balancing_capacity,1,2026-05-23T06:00:00,PT15M,2026-05-23T06:15Z,2026-05-23T06:00Z,1,29,1,B95,EUR,A03,A01,1,MAW,MAW,A01,A01
procured_balancing_capacity,1,2026-05-23T06:15:00,PT15M,2026-05-23T06:30Z,2026-05-23T06:15Z,1,29,1,B95,EUR,A03,A01,1,MAW,MAW,A01,A01
procured_balancing_capacity,1,2026-05-23T06:30:00,PT15M,2026-05-23T06:45Z,2026-05-23T06:30Z,1,29,1,B95,EUR,A03,A01,1,MAW,MAW,A01,A01
procured_balancing_capacity,1,2026-05-23T06:45:00,PT15M,2026-05-23T07:00Z,2026-05-23T06:45Z,1,29,1,B95,EUR,A03,A01,1,MAW,MAW,A01,A01
procured_balancing_capacity,1,2026-05-23T07:00:00,PT15M,2026-05-23T07:15Z,2026-05-23T07:00Z,1,35,1,B95,EUR,A03,A01,1,MAW,MAW,A01,A01
procured_balancing_capacity,1,2026-05-23T07:15:00,PT15M,2026-05-23T07:30Z,2026-05-23T07:15Z,1,35,1,B95,EUR,A03,A01,1,MAW,MAW,A01,A01
procured_balancing_capacity,1,2026-05-23T07:30:00,PT15M,2026-05-23T07:45Z,2026-05-23T07:30Z,1,35,1,B95,EUR,A03,A01,1,MAW,MAW,A01,A01
procured_balancing_capacity,1,2026-05-23T07:45:00,PT15M,2026-05-23T08:00Z,2026-05-23T07:45Z,1,35,1,B95,EUR,A03,A01,1,MAW,MAW,A01,A01
procured_balancing_capacity,1,2026-05-23T08:00:00,PT15M,2026-05-23T08:15Z,2026-05-23T08:00Z,1,35,1,B95,EUR,A03,A01,1,MAW,MAW,A01,A01
procured_balancing_capacity,1,2026-05-23T08:15:00,PT15M,2026-05-23T08:30Z,2026-05-23T08:15Z,1,35,1,B95,EUR,A03,A01,1,MAW,MAW,A01,A01
procured_balancing_capacity,1,2026-05-23T08:30:00,PT15M,2026-05-23T08:45Z,2026-05-23T08:30Z,1,35,1,B95,EUR,A03,A01,1,MAW,MAW,A01,A01
procured_balancing_capacity,1,2026-05-23T08:45:00,PT15M,2026-05-23T09:00Z,2026-05-23T08:45Z,1,35,1,B95,EUR,A03,A01,1,MAW,MAW,A01,A01
procured_balancing_capacity,1,2026-05-23T09:00:00,PT15M,2026-05-23T09:15Z,2026-05-23T09:00Z,1,35,1,B95,EUR,A03,A01,1,MAW,MAW,A01,A01
procured_balancing_capacity,1,2026-05-23T09:15:00,PT15M,2026-05-23T09:30Z,2026-05-23T09:15Z,1,35,1,B95,EUR,A03,A01,1,MAW,MAW,A01,A01
procured_balancing_capacity,1,2026-05-23T09:30:00,PT15M,2026-05-23T09:45Z,2026-05-23T09:30Z,1,35,1,B95,EUR,A03,A01,1,MAW,MAW,A01,A01
procured_balancing_capacity,1,2026-05-23T09:45:00,PT15M,2026-05-23T10:00Z,2026-05-23T09:45Z,1,35,1,B95,EUR,A03,A01,1,MAW,MAW,A01,A01
procured_balancing_capacity,1,2026-05-23T10:00:00,PT15M,2026-05-23T10:15Z,2026-05-23T10:00Z,1,35,1,B95,EUR,A03,A01,1,MAW,MAW,A01,A01
procured_balancing_capacity,1,2026-05-23T10:15:00,PT15M,2026-05-23T10:30Z,2026-05-23T10:15Z,1,35,1,B95,EUR,A03,A01,1,MAW,MAW,A01,A01
procured_balancing_capacity,1,2026-05-23T10:30:00,PT15M,2026-05-23T10:45Z,2026-05-23T10:30Z,1,35,1,B95,EUR,A03,A01,1,MAW,MAW,A01,A01
procured_balancing_capacity,1,2026-05-23T10:45:00,PT15M,2026-05-23T11:00Z,2026-05-23T10:45Z,1,35,1,B95,EUR,A03,A01,1,MAW,MAW,A01,A01
procured_balancing_capacity,1,2026-05-23T11:00:00,PT15M,2026-05-23T11:15Z,2026-05-23T11:00Z,1,35,1,B95,EUR,A03,A01,1,MAW,MAW,A01,A01
procured_balancing_capacity,1,2026-05-23T11:15:00,PT15M,2026-05-23T11:30Z,2026-05-23T11:15Z,1,35,1,B95,EUR,A03,A01,1,MAW,MAW,A01,A01
procured_balancing_capacity,1,2026-05-23T11:30:00,PT15M,2026-05-23T11:45Z,2026-05-23T11:30Z,1,35,1,B95,EUR,A03,A01,1,MAW,MAW,A01,A01
procured_balancing_capacity,1,2026-05-23T11:45:00,PT15M,2026-05-23T12:00Z,2026-05-23T11:45Z,1,35,1,B95,EUR,A03,A01,1,MAW,MAW,A01,A01
procured_balancing_capacity,1,2026-05-23T12:00:00,PT15M,2026-05-23T12:15Z,2026-05-23T12:00Z,1,35,1,B95,EUR,A03,A01,1,MAW,MAW,A01,A01
procured_balancing_capacity,1,2026-05-23T12:15:00,PT15M,2026-05-23T12:30Z,2026-05-23T12:15Z,1,35,1,B95,EUR,A03,A01,1,MAW,MAW,A01,A01
procured_balancing_capacity,1,2026-05-23T12:30:00,PT15M,2026-05-23T12:45Z,2026-05-23T12:30Z,1,35,1,B95,EUR,A03,A01,1,MAW,MAW,A01,A01
procured_balancing_capacity,1,2026-05-23T12:45:00,PT15M,2026-05-23T13:00Z,2026-05-23T12:45Z,1,35,1,B95,EUR,A03,A01,1,MAW,MAW,A01,A01
procured_balancing_capacity,1,2026-05-23T13:00:00,PT15M,2026-05-23T13:15Z,2026-05-23T13:00Z,1,35,1,B95,EUR,A03,A01,1,MAW,MAW,A01,A01
procured_balancing_capacity,1,2026-05-23T13:15:00,PT15M,2026-05-23T13:30Z,2026-05-23T13:15Z,1,35,1,B95,EUR,A03,A01,1,MAW,MAW,A01,A01
procured_balancing_capacity,1,2026-05-23T13:30:00,PT15M,2026-05-23T13:45Z,2026-05-23T13:30Z,1,35,1,B95,EUR,A03,A01,1,MAW,MAW,A01,A01
procured_balancing_capacity,1,2026-05-23T13:45:00,PT15M,2026-05-23T14:00Z,2026-05-23T13:45Z,1,35,1,B95,EUR,A03,A01,1,MAW,MAW,A01,A01
procured_balancing_capacity,1,2026-05-23T14:00:00,PT15M,2026-05-23T14:15Z,2026-05-23T14:00Z,1,35,1,B95,EUR,A03,A01,1,MAW,MAW,A01,A01
procured_balancing_capacity,1,2026-05-23T14:15:00,PT15M,2026-05-23T14:30Z,2026-05-23T14:15Z,1,35,1,B95,EUR,A03,A01,1,MAW,MAW,A01,A01
procured_balancing_capacity,1,2026-05-23T14:30:00,PT15M,2026-05-23T14:45Z,2026-05-23T14:30Z,1,35,1,B95,EUR,A03,A01,1,MAW,MAW,A01,A01
procured_balancing_capacity,1,2026-05-23T14:45:00,PT15M,2026-05-23T15:00Z,2026-05-23T14:45Z,1,35,1,B95,EUR,A03,A01,1,MAW,MAW,A01,A01
procured_balancing_capacity,1,2026-05-23T15:00:00,PT15M,2026-05-23T15:15Z,2026-05-23T15:00Z,1,35,1,B95,EUR,A03,A01,1,MAW,MAW,A01,A01
procured_balancing_capacity,1,2026-05-23T15:15:00,PT15M,2026-05-23T15:30Z,2026-05-23T15:15Z,1,35,1,B95,EUR,A03,A01,1,MAW,MAW,A01,A01
procured_balancing_capacity,1,2026-05-23T15:30:00,PT15M,2026-05-23T15:45Z,2026-05-23T15:30Z,1,35,1,B95,EUR,A03,A01,1,MAW,MAW,A01,A01
procured_balancing_capacity,1,2026-05-23T15:45:00,PT15M,2026-05-23T16:00Z,2026-05-23T15:45Z,1,35,1,B95,EUR,A03,A01,1,MAW,MAW,A01,A01
procured_balancing_capacity,1,2026-05-23T16:00:00,PT15M,2026-05-23T16:15Z,2026-05-23T16:00Z,1,29,1,B95,EUR,A03,A01,1,MAW,MAW,A01,A01
procured_balancing_capacity,1,2026-05-23T16:15:00,PT15M,2026-05-23T16:30Z,2026-05-23T16:15Z,1,29,1,B95,EUR,A03,A01,1,MAW,MAW,A01,A01
procured_balancing_capacity,1,2026-05-23T16:30:00,PT15M,2026-05-23T16:45Z,2026-05-23T16:30Z,1,29,1,B95,EUR,A03,A01,1,MAW,MAW,A01,A01
procured_balancing_capacity,1,2026-05-23T16:45:00,PT15M,2026-05-23T17:00Z,2026-05-23T16:45Z,1,29,1,B95,EUR,A03,A01,1,MAW,MAW,A01,A01
procured_balancing_capacity,1,2026-05-23T17:00:00,PT15M,2026-05-23T17:15Z,2026-05-23T17:00Z,1,35,1,B95,EUR,A03,A01,1,MAW,MAW,A01,A01
procured_balancing_capacity,1,2026-05-23T17:15:00,PT15M,2026-05-23T17:30Z,2026-05-23T17:15Z,1,35,1,B95,EUR,A03,A01,1,MAW,MAW,A01,A01
procured_balancing_capacity,1,2026-05-23T17:30:00,PT15M,2026-05-23T17:45Z,2026-05-23T17:30Z,1,35,1,B95,EUR,A03,A01,1,MAW,MAW,A01,A01
procured_balancing_capacity,1,2026-05-23T17:45:00,PT15M,2026-05-23T18:00Z,2026-05-23T17:45Z,1,35,1,B95,EUR,A03,A01,1,MAW,MAW,A01,A01
procured_balancing_capacity,1,2026-05-23T18:00:00,PT15M,2026-05-23T18:15Z,2026-05-23T18:00Z,1,35,1,B95,EUR,A03,A01,1,MAW,MAW,A01,A01
procured_balancing_capacity,1,2026-05-23T18:15:00,PT15M,2026-05-23T18:30Z,2026-05-23T18:15Z,1,35,1,B95,EUR,A03,A01,1,MAW,MAW,A01,A01
procured_balancing_capacity,1,2026-05-23T18:30:00,PT15M,2026-05-23T18:45Z,2026-05-23T18:30Z,1,35,1,B95,EUR,A03,A01,1,MAW,MAW,A01,A01
procured_balancing_capacity,1,2026-05-23T18:45:00,PT15M,2026-05-23T19:00Z,2026-05-23T18:45Z,1,35,1,B95,EUR,A03,A01,1,MAW,MAW,A01,A01
procured_balancing_capacity,1,2026-05-23T19:00:00,PT15M,2026-05-23T19:15Z,2026-05-23T19:00Z,1,35,1,B95,EUR,A03,A01,1,MAW,MAW,A01,A01
procured_balancing_capacity,1,2026-05-23T19:15:00,PT15M,2026-05-23T19:30Z,2026-05-23T19:15Z,1,35,1,B95,EUR,A03,A01,1,MAW,MAW,A01,A01
procured_balancing_capacity,1,2026-05-23T19:30:00,PT15M,2026-05-23T19:45Z,2026-05-23T19:30Z,1,35,1,B95,EUR,A03,A01,1,MAW,MAW,A01,A01
procured_balancing_capacity,1,2026-05-23T19:45:00,PT15M,2026-05-23T20:00Z,2026-05-23T19:45Z,1,35,1,B95,EUR,A03,A01,1,MAW,MAW,A01,A01
procured_balancing_capacity,1,2026-05-23T20:00:00,PT15M,2026-05-23T20:15Z,2026-05-23T20:00Z,1,18,1,B95,EUR,A03,A01,1,MAW,MAW,A01,A01
procured_balancing_capacity,1,2026-05-23T20:15:00,PT15M,2026-05-23T20:30Z,2026-05-23T20:15Z,1,18,1,B95,EUR,A03,A01,1,MAW,MAW,A01,A01
procured_balancing_capacity,1,2026-05-23T20:30:00,PT15M,2026-05-23T20:45Z,2026-05-23T20:30Z,1,18,1,B95,EUR,A03,A01,1,MAW,MAW,A01,A01
procured_balancing_capacity,1,2026-05-23T20:45:00,PT15M,2026-05-23T21:00Z,2026-05-23T20:45Z,1,18,1,B95,EUR,A03,A01,1,MAW,MAW,A01,A01
procured_balancing_capacity,1,2026-05-23T21:00:00,PT15M,2026-05-23T21:15Z,2026-05-23T21:00Z,1,18,1,B95,EUR,A03,A01,1,MAW,MAW,A01,A01
procured_balancing_capacity,1,2026-05-23T21:15:00,PT15M,2026-05-23T21:30Z,2026-05-23T21:15Z,1,18,1,B95,EUR,A03,A01,1,MAW,MAW,A01,A01
procured_balancing_capacity,1,2026-05-23T21:30:00,PT15M,2026-05-23T21:45Z,2026-05-23T21:30Z,1,18,1,B95,EUR,A03,A01,1,MAW,MAW,A01,A01
procured_balancing_capacity,1,2026-05-23T21:45:00,PT15M,2026-05-23T22:00Z,2026-05-23T21:45Z,1,18,1,B95,EUR,A03,A01,1,MAW,MAW,A01,A01
procured_balancing_capacity,2,2026-05-22T22:00:00,PT15M,2026-05-22T22:15Z,2026-05-22T22:00Z,1,29.4,6,B95,EUR,A03,A01,2,MAW,MAW,A01,A01
procured_balancing_capacity,2,2026-05-22T22:15:00,PT15M,2026-05-22T22:30Z,2026-05-22T22:15Z,1,29.4,6,B95,EUR,A03,A01,2,MAW,MAW,A01,A01
procured_balancing_capacity,2,2026-05-22T22:30:00,PT15M,2026-05-22T22:45Z,2026-05-22T22:30Z,1,29.4,6,B95,EUR,A03,A01,2,MAW,MAW,A01,A01
procured_balancing_capacity,2,2026-05-22T22:45:00,PT15M,2026-05-22T23:00Z,2026-05-22T22:45Z,1,29.4,6,B95,EUR,A03,A01,2,MAW,MAW,A01,A01
procured_balancing_capacity,2,2026-05-22T23:00:00,PT15M,2026-05-22T23:15Z,2026-05-22T23:00Z,1,29.4,6,B95,EUR,A03,A01,2,MAW,MAW,A01,A01
procured_balancing_capacity,2,2026-05-22T23:15:00,PT15M,2026-05-22T23:30Z,2026-05-22T23:15Z,1,29.4,6,B95,EUR,A03,A01,2,MAW,MAW,A01,A01
procured_balancing_capacity,2,2026-05-22T23:30:00,PT15M,2026-05-22T23:45Z,2026-05-22T23:30Z,1,29.4,6,B95,EUR,A03,A01,2,MAW,MAW,A01,A01
procured_balancing_capacity,2,2026-05-22T23:45:00,PT15M,2026-05-23T00:00Z,2026-05-22T23:45Z,1,29.4,6,B95,EUR,A03,A01,2,MAW,MAW,A01,A01
procured_balancing_capacity,2,2026-05-23T00:00:00,PT15M,2026-05-23T00:15Z,2026-05-23T00:00Z,1,29.4,6,B95,EUR,A03,A01,2,MAW,MAW,A01,A01
procured_balancing_capacity,2,2026-05-23T00:15:00,PT15M,2026-05-23T00:30Z,2026-05-23T00:15Z,1,29.4,6,B95,EUR,A03,A01,2,MAW,MAW,A01,A01
procured_balancing_capacity,2,2026-05-23T00:30:00,PT15M,2026-05-23T00:45Z,2026-05-23T00:30Z,1,29.4,6,B95,EUR,A03,A01,2,MAW,MAW,A01,A01
procured_balancing_capacity,2,2026-05-23T00:45:00,PT15M,2026-05-23T01:00Z,2026-05-23T00:45Z,1,29.4,6,B95,EUR,A03,A01,2,MAW,MAW,A01,A01
procured_balancing_capacity,2,2026-05-23T01:00:00,PT15M,2026-05-23T01:15Z,2026-05-23T01:00Z,1,29.4,4,B95,EUR,A03,A01,2,MAW,MAW,A01,A01
procured_balancing_capacity,2,2026-05-23T01:15:00,PT15M,2026-05-23T01:30Z,2026-05-23T01:15Z,1,29.4,4,B95,EUR,A03,A01,2,MAW,MAW,A01,A01
procured_balancing_capacity,2,2026-05-23T01:30:00,PT15M,2026-05-23T01:45Z,2026-05-23T01:30Z,1,29.4,4,B95,EUR,A03,A01,2,MAW,MAW,A01,A01
procured_balancing_capacity,2,2026-05-23T01:45:00,PT15M,2026-05-23T02:00Z,2026-05-23T01:45Z,1,29.4,4,B95,EUR,A03,A01,2,MAW,MAW,A01,A01
procured_balancing_capacity,2,2026-05-23T02:00:00,PT15M,2026-05-23T02:15Z,2026-05-23T02:00Z,1,29.4,3,B95,EUR,A03,A01,2,MAW,MAW,A01,A01
procured_balancing_capacity,2,2026-05-23T02:15:00,PT15M,2026-05-23T02:30Z,2026-05-23T02:15Z,1,29.4,3,B95,EUR,A03,A01,2,MAW,MAW,A01,A01
procured_balancing_capacity,2,2026-05-23T02:30:00,PT15M,2026-05-23T02:45Z,2026-05-23T02:30Z,1,29.4,3,B95,EUR,A03,A01,2,MAW,MAW,A01,A01
procured_balancing_capacity,2,2026-05-23T02:45:00,PT15M,2026-05-23T03:00Z,2026-05-23T02:45Z,1,29.4,3,B95,EUR,A03,A01,2,MAW,MAW,A01,A01
procured_balancing_capacity,2,2026-05-23T03:00:00,PT15M,2026-05-23T03:15Z,2026-05-23T03:00Z,1,29.4,0,B95,EUR,A03,A01,2,MAW,MAW,A01,A01
procured_balancing_capacity,2,2026-05-23T03:15:00,PT15M,2026-05-23T03:30Z,2026-05-23T03:15Z,1,29.4,0,B95,EUR,A03,A01,2,MAW,MAW,A01,A01
procured_balancing_capacity,2,2026-05-23T03:30:00,PT15M,2026-05-23T03:45Z,2026-05-23T03:30Z,1,29.4,0,B95,EUR,A03,A01,2,MAW,MAW,A01,A01
procured_balancing_capacity,2,2026-05-23T03:45:00,PT15M,2026-05-23T04:00Z,2026-05-23T03:45Z,1,29.4,0,B95,EUR,A03,A01,2,MAW,MAW,A01,A01
procured_balancing_capacity,2,2026-05-23T04:00:00,PT15M,2026-05-23T04:15Z,2026-05-23T04:00Z,1,34.9,0,B95,EUR,A03,A01,2,MAW,MAW,A01,A01
procured_balancing_capacity,2,2026-05-23T04:15:00,PT15M,2026-05-23T04:30Z,2026-05-23T04:15Z,1,34.9,0,B95,EUR,A03,A01,2,MAW,MAW,A01,A01
procured_balancing_capacity,2,2026-05-23T04:30:00,PT15M,2026-05-23T04:45Z,2026-05-23T04:30Z,1,34.9,0,B95,EUR,A03,A01,2,MAW,MAW,A01,A01
procured_balancing_capacity,2,2026-05-23T04:45:00,PT15M,2026-05-23T05:00Z,2026-05-23T04:45Z,1,34.9,0,B95,EUR,A03,A01,2,MAW,MAW,A01,A01
procured_balancing_capacity,2,2026-05-23T05:00:00,PT15M,2026-05-23T05:15Z,2026-05-23T05:00Z,1,34.9,0,B95,EUR,A03,A01,2,MAW,MAW,A01,A01
procured_balancing_capacity,2,2026-05-23T05:15:00,PT15M,2026-05-23T05:30Z,2026-05-23T05:15Z,1,34.9,0,B95,EUR,A03,A01,2,MAW,MAW,A01,A01
procured_balancing_capacity,2,2026-05-23T05:30:00,PT15M,2026-05-23T05:45Z,2026-05-23T05:30Z,1,34.9,0,B95,EUR,A03,A01,2,MAW,MAW,A01,A01
procured_balancing_capacity,2,2026-05-23T05:45:00,PT15M,2026-05-23T06:00Z,2026-05-23T05:45Z,1,34.9,0,B95,EUR,A03,A01,2,MAW,MAW,A01,A01
procured_balancing_capacity,2,2026-05-23T06:00:00,PT15M,2026-05-23T06:15Z,2026-05-23T06:00Z,1,34.9,1,B95,EUR,A03,A01,2,MAW,MAW,A01,A01
procured_balancing_capacity,2,2026-05-23T06:15:00,PT15M,2026-05-23T06:30Z,2026-05-23T06:15Z,1,34.9,1,B95,EUR,A03,A01,2,MAW,MAW,A01,A01
procured_balancing_capacity,2,2026-05-23T06:30:00,PT15M,2026-05-23T06:45Z,2026-05-23T06:30Z,1,34.9,1,B95,EUR,A03,A01,2,MAW,MAW,A01,A01
procured_balancing_capacity,2,2026-05-23T06:45:00,PT15M,2026-05-23T07:00Z,2026-05-23T06:45Z,1,34.9,1,B95,EUR,A03,A01,2,MAW,MAW,A01,A01
procured_balancing_capacity,2,2026-05-23T07:00:00,PT15M,2026-05-23T07:15Z,2026-05-23T07:00Z,1,34.9,0,B95,EUR,A03,A01,2,MAW,MAW,A01,A01
procured_balancing_capacity,2,2026-05-23T07:15:00,PT15M,2026-05-23T07:30Z,2026-05-23T07:15Z,1,34.9,0,B95,EUR,A03,A01,2,MAW,MAW,A01,A01
procured_balancing_capacity,2,2026-05-23T07:30:00,PT15M,2026-05-23T07:45Z,2026-05-23T07:30Z,1,34.9,0,B95,EUR,A03,A01,2,MAW,MAW,A01,A01
procured_balancing_capacity,2,2026-05-23T07:45:00,PT15M,2026-05-23T08:00Z,2026-05-23T07:45Z,1,34.9,0,B95,EUR,A03,A01,2,MAW,MAW,A01,A01
procured_balancing_capacity,2,2026-05-23T08:00:00,PT15M,2026-05-23T08:15Z,2026-05-23T08:00Z,1,34.9,0,B95,EUR,A03,A01,2,MAW,MAW,A01,A01
procured_balancing_capacity,2,2026-05-23T08:15:00,PT15M,2026-05-23T08:30Z,2026-05-23T08:15Z,1,34.9,0,B95,EUR,A03,A01,2,MAW,MAW,A01,A01
procured_balancing_capacity,2,2026-05-23T08:30:00,PT15M,2026-05-23T08:45Z,2026-05-23T08:30Z,1,34.9,0,B95,EUR,A03,A01,2,MAW,MAW,A01,A01
procured_balancing_capacity,2,2026-05-23T08:45:00,PT15M,2026-05-23T09:00Z,2026-05-23T08:45Z,1,34.9,0,B95,EUR,A03,A01,2,MAW,MAW,A01,A01
procured_balancing_capacity,2,2026-05-23T09:00:00,PT15M,2026-05-23T09:15Z,2026-05-23T09:00Z,1,34.9,0,B95,EUR,A03,A01,2,MAW,MAW,A01,A01
procured_balancing_capacity,2,2026-05-23T09:15:00,PT15M,2026-05-23T09:30Z,2026-05-23T09:15Z,1,34.9,0,B95,EUR,A03,A01,2,MAW,MAW,A01,A01
procured_balancing_capacity,2,2026-05-23T09:30:00,PT15M,2026-05-23T09:45Z,2026-05-23T09:30Z,1,34.9,0,B95,EUR,A03,A01,2,MAW,MAW,A01,A01
procured_balancing_capacity,2,2026-05-23T09:45:00,PT15M,2026-05-23T10:00Z,2026-05-23T09:45Z,1,34.9,0,B95,EUR,A03,A01,2,MAW,MAW,A01,A01
procured_balancing_capacity,2,2026-05-23T10:00:00,PT15M,2026-05-23T10:15Z,2026-05-23T10:00Z,1,34.9,0,B95,EUR,A03,A01,2,MAW,MAW,A01,A01
procured_balancing_capacity,2,2026-05-23T10:15:00,PT15M,2026-05-23T10:30Z,2026-05-23T10:15Z,1,34.9,0,B95,EUR,A03,A01,2,MAW,MAW,A01,A01
procured_balancing_capacity,2,2026-05-23T10:30:00,PT15M,2026-05-23T10:45Z,2026-05-23T10:30Z,1,34.9,0,B95,EUR,A03,A01,2,MAW,MAW,A01,A01
procured_balancing_capacity,2,2026-05-23T10:45:00,PT15M,2026-05-23T11:00Z,2026-05-23T10:45Z,1,34.9,0,B95,EUR,A03,A01,2,MAW,MAW,A01,A01
procured_balancing_capacity,2,2026-05-23T11:00:00,PT15M,2026-05-23T11:15Z,2026-05-23T11:00Z,1,34.9,0,B95,EUR,A03,A01,2,MAW,MAW,A01,A01
procured_balancing_capacity,2,2026-05-23T11:15:00,PT15M,2026-05-23T11:30Z,2026-05-23T11:15Z,1,34.9,0,B95,EUR,A03,A01,2,MAW,MAW,A01,A01
procured_balancing_capacity,2,2026-05-23T11:30:00,PT15M,2026-05-23T11:45Z,2026-05-23T11:30Z,1,34.9,0,B95,EUR,A03,A01,2,MAW,MAW,A01,A01
procured_balancing_capacity,2,2026-05-23T11:45:00,PT15M,2026-05-23T12:00Z,2026-05-23T11:45Z,1,34.9,0,B95,EUR,A03,A01,2,MAW,MAW,A01,A01
procured_balancing_capacity,2,2026-05-23T12:00:00,PT15M,2026-05-23T12:15Z,2026-05-23T12:00Z,1,34.9,0,B95,EUR,A03,A01,2,MAW,MAW,A01,A01
procured_balancing_capacity,2,2026-05-23T12:15:00,PT15M,2026-05-23T12:30Z,2026-05-23T12:15Z,1,34.9,0,B95,EUR,A03,A01,2,MAW,MAW,A01,A01
procured_balancing_capacity,2,2026-05-23T12:30:00,PT15M,2026-05-23T12:45Z,2026-05-23T12:30Z,1,34.9,0,B95,EUR,A03,A01,2,MAW,MAW,A01,A01
procured_balancing_capacity,2,2026-05-23T12:45:00,PT15M,2026-05-23T13:00Z,2026-05-23T12:45Z,1,34.9,0,B95,EUR,A03,A01,2,MAW,MAW,A01,A01
procured_balancing_capacity,2,2026-05-23T13:00:00,PT15M,2026-05-23T13:15Z,2026-05-23T13:00Z,1,34.9,0,B95,EUR,A03,A01,2,MAW,MAW,A01,A01
procured_balancing_capacity,2,2026-05-23T13:15:00,PT15M,2026-05-23T13:30Z,2026-05-23T13:15Z,1,34.9,0,B95,EUR,A03,A01,2,MAW,MAW,A01,A01
procured_balancing_capacity,2,2026-05-23T13:30:00,PT15M,2026-05-23T13:45Z,2026-05-23T13:30Z,1,34.9,0,B95,EUR,A03,A01,2,MAW,MAW,A01,A01
procured_balancing_capacity,2,2026-05-23T13:45:00,PT15M,2026-05-23T14:00Z,2026-05-23T13:45Z,1,34.9,0,B95,EUR,A03,A01,2,MAW,MAW,A01,A01
procured_balancing_capacity,2,2026-05-23T14:00:00,PT15M,2026-05-23T14:15Z,2026-05-23T14:00Z,1,34.9,0,B95,EUR,A03,A01,2,MAW,MAW,A01,A01
procured_balancing_capacity,2,2026-05-23T14:15:00,PT15M,2026-05-23T14:30Z,2026-05-23T14:15Z,1,34.9,0,B95,EUR,A03,A01,2,MAW,MAW,A01,A01
procured_balancing_capacity,2,2026-05-23T14:30:00,PT15M,2026-05-23T14:45Z,2026-05-23T14:30Z,1,34.9,0,B95,EUR,A03,A01,2,MAW,MAW,A01,A01
procured_balancing_capacity,2,2026-05-23T14:45:00,PT15M,2026-05-23T15:00Z,2026-05-23T14:45Z,1,34.9,0,B95,EUR,A03,A01,2,MAW,MAW,A01,A01
procured_balancing_capacity,2,2026-05-23T15:00:00,PT15M,2026-05-23T15:15Z,2026-05-23T15:00Z,1,34.9,1,B95,EUR,A03,A01,2,MAW,MAW,A01,A01
procured_balancing_capacity,2,2026-05-23T15:15:00,PT15M,2026-05-23T15:30Z,2026-05-23T15:15Z,1,34.9,1,B95,EUR,A03,A01,2,MAW,MAW,A01,A01
procured_balancing_capacity,2,2026-05-23T15:30:00,PT15M,2026-05-23T15:45Z,2026-05-23T15:30Z,1,34.9,1,B95,EUR,A03,A01,2,MAW,MAW,A01,A01
procured_balancing_capacity,2,2026-05-23T15:45:00,PT15M,2026-05-23T16:00Z,2026-05-23T15:45Z,1,34.9,1,B95,EUR,A03,A01,2,MAW,MAW,A01,A01
procured_balancing_capacity,2,2026-05-23T16:00:00,PT15M,2026-05-23T16:15Z,2026-05-23T16:00Z,1,34.9,3,B95,EUR,A03,A01,2,MAW,MAW,A01,A01
procured_balancing_capacity,2,2026-05-23T16:15:00,PT15M,2026-05-23T16:30Z,2026-05-23T16:15Z,1,34.9,3,B95,EUR,A03,A01,2,MAW,MAW,A01,A01
procured_balancing_capacity,2,2026-05-23T16:30:00,PT15M,2026-05-23T16:45Z,2026-05-23T16:30Z,1,34.9,3,B95,EUR,A03,A01,2,MAW,MAW,A01,A01
procured_balancing_capacity,2,2026-05-23T16:45:00,PT15M,2026-05-23T17:00Z,2026-05-23T16:45Z,1,34.9,3,B95,EUR,A03,A01,2,MAW,MAW,A01,A01
procured_balancing_capacity,2,2026-05-23T17:00:00,PT15M,2026-05-23T17:15Z,2026-05-23T17:00Z,1,34.9,0,B95,EUR,A03,A01,2,MAW,MAW,A01,A01
procured_balancing_capacity,2,2026-05-23T17:15:00,PT15M,2026-05-23T17:30Z,2026-05-23T17:15Z,1,34.9,0,B95,EUR,A03,A01,2,MAW,MAW,A01,A01
procured_balancing_capacity,2,2026-05-23T17:30:00,PT15M,2026-05-23T17:45Z,2026-05-23T17:30Z,1,34.9,0,B95,EUR,A03,A01,2,MAW,MAW,A01,A01
procured_balancing_capacity,2,2026-05-23T17:45:00,PT15M,2026-05-23T18:00Z,2026-05-23T17:45Z,1,34.9,0,B95,EUR,A03,A01,2,MAW,MAW,A01,A01
procured_balancing_capacity,2,2026-05-23T18:00:00,PT15M,2026-05-23T18:15Z,2026-05-23T18:00Z,1,34.9,0,B95,EUR,A03,A01,2,MAW,MAW,A01,A01
procured_balancing_capacity,2,2026-05-23T18:15:00,PT15M,2026-05-23T18:30Z,2026-05-23T18:15Z,1,34.9,0,B95,EUR,A03,A01,2,MAW,MAW,A01,A01
procured_balancing_capacity,2,2026-05-23T18:30:00,PT15M,2026-05-23T18:45Z,2026-05-23T18:30Z,1,34.9,0,B95,EUR,A03,A01,2,MAW,MAW,A01,A01
procured_balancing_capacity,2,2026-05-23T18:45:00,PT15M,2026-05-23T19:00Z,2026-05-23T18:45Z,1,34.9,0,B95,EUR,A03,A01,2,MAW,MAW,A01,A01
procured_balancing_capacity,2,2026-05-23T19:00:00,PT15M,2026-05-23T19:15Z,2026-05-23T19:00Z,1,34.9,0,B95,EUR,A03,A01,2,MAW,MAW,A01,A01
procured_balancing_capacity,2,2026-05-23T19:15:00,PT15M,2026-05-23T19:30Z,2026-05-23T19:15Z,1,34.9,0,B95,EUR,A03,A01,2,MAW,MAW,A01,A01
procured_balancing_capacity,2,2026-05-23T19:30:00,PT15M,2026-05-23T19:45Z,2026-05-23T19:30Z,1,34.9,0,B95,EUR,A03,A01,2,MAW,MAW,A01,A01
procured_balancing_capacity,2,2026-05-23T19:45:00,PT15M,2026-05-23T20:00Z,2026-05-23T19:45Z,1,34.9,0,B95,EUR,A03,A01,2,MAW,MAW,A01,A01
procured_balancing_capacity,2,2026-05-23T20:00:00,PT15M,2026-05-23T20:15Z,2026-05-23T20:00Z,1,29.4,6,B95,EUR,A03,A01,2,MAW,MAW,A01,A01
procured_balancing_capacity,2,2026-05-23T20:15:00,PT15M,2026-05-23T20:30Z,2026-05-23T20:15Z,1,29.4,6,B95,EUR,A03,A01,2,MAW,MAW,A01,A01
procured_balancing_capacity,2,2026-05-23T20:30:00,PT15M,2026-05-23T20:45Z,2026-05-23T20:30Z,1,29.4,6,B95,EUR,A03,A01,2,MAW,MAW,A01,A01
procured_balancing_capacity,2,2026-05-23T20:45:00,PT15M,2026-05-23T21:00Z,2026-05-23T20:45Z,1,29.4,6,B95,EUR,A03,A01,2,MAW,MAW,A01,A01
procured_balancing_capacity,2,2026-05-23T21:00:00,PT15M,2026-05-23T21:15Z,2026-05-23T21:00Z,1,29.4,6,B95,EUR,A03,A01,2,MAW,MAW,A01,A01
procured_balancing_capacity,2,2026-05-23T21:15:00,PT15M,2026-05-23T21:30Z,2026-05-23T21:15Z,1,29.4,6,B95,EUR,A03,A01,2,MAW,MAW,A01,A01
procured_balancing_capacity,2,2026-05-23T21:30:00,PT15M,2026-05-23T21:45Z,2026-05-23T21:30Z,1,29.4,6,B95,EUR,A03,A01,2,MAW,MAW,A01,A01
procured_balancing_capacity,2,2026-05-23T21:45:00,PT15M,2026-05-23T22:00Z,2026-05-23T21:45Z,1,29.4,6,B95,EUR,A03,A01,2,MAW,MAW,A01,A01
procured_balancing_capacity,3,2026-05-22T22:00:00,PT15M,2026-05-22T22:15Z,2026-05-22T22:00Z,1,9.9,4,B95,EUR,A03,A02,3,MAW,MAW,A01,A01
procured_balancing_capacity,3,2026-05-22T22:15:00,PT15M,2026-05-22T22:30Z,2026-05-22T22:15Z,1,9.9,4,B95,EUR,A03,A02,3,MAW,MAW,A01,A01
procured_balancing_capacity,3,2026-05-22T22:30:00,PT15M,2026-05-22T22:45Z,2026-05-22T22:30Z,1,9.9,4,B95,EUR,A03,A02,3,MAW,MAW,A01,A01
procured_balancing_capacity,3,2026-05-22T22:45:00,PT15M,2026-05-22T23:00Z,2026-05-22T22:45Z,1,9.9,4,B95,EUR,A03,A02,3,MAW,MAW,A01,A01
procured_balancing_capacity,3,2026-05-22T23:00:00,PT15M,2026-05-22T23:15Z,2026-05-22T23:00Z,1,9.9,4,B95,EUR,A03,A02,3,MAW,MAW,A01,A01
procured_balancing_capacity,3,2026-05-22T23:15:00,PT15M,2026-05-22T23:30Z,2026-05-22T23:15Z,1,9.9,4,B95,EUR,A03,A02,3,MAW,MAW,A01,A01
procured_balancing_capacity,3,2026-05-22T23:30:00,PT15M,2026-05-22T23:45Z,2026-05-22T23:30Z,1,9.9,4,B95,EUR,A03,A02,3,MAW,MAW,A01,A01
procured_balancing_capacity,3,2026-05-22T23:45:00,PT15M,2026-05-23T00:00Z,2026-05-22T23:45Z,1,9.9,4,B95,EUR,A03,A02,3,MAW,MAW,A01,A01
procured_balancing_capacity,3,2026-05-23T00:00:00,PT15M,2026-05-23T00:15Z,2026-05-23T00:00Z,1,9.9,4,B95,EUR,A03,A02,3,MAW,MAW,A01,A01
procured_balancing_capacity,3,2026-05-23T00:15:00,PT15M,2026-05-23T00:30Z,2026-05-23T00:15Z,1,9.9,4,B95,EUR,A03,A02,3,MAW,MAW,A01,A01
procured_balancing_capacity,3,2026-05-23T00:30:00,PT15M,2026-05-23T00:45Z,2026-05-23T00:30Z,1,9.9,4,B95,EUR,A03,A02,3,MAW,MAW,A01,A01
procured_balancing_capacity,3,2026-05-23T00:45:00,PT15M,2026-05-23T01:00Z,2026-05-23T00:45Z,1,9.9,4,B95,EUR,A03,A02,3,MAW,MAW,A01,A01
procured_balancing_capacity,3,2026-05-23T01:00:00,PT15M,2026-05-23T01:15Z,2026-05-23T01:00Z,1,9.9,5,B95,EUR,A03,A02,3,MAW,MAW,A01,A01
procured_balancing_capacity,3,2026-05-23T01:15:00,PT15M,2026-05-23T01:30Z,2026-05-23T01:15Z,1,9.9,5,B95,EUR,A03,A02,3,MAW,MAW,A01,A01
procured_balancing_capacity,3,2026-05-23T01:30:00,PT15M,2026-05-23T01:45Z,2026-05-23T01:30Z,1,9.9,5,B95,EUR,A03,A02,3,MAW,MAW,A01,A01
procured_balancing_capacity,3,2026-05-23T01:45:00,PT15M,2026-05-23T02:00Z,2026-05-23T01:45Z,1,9.9,5,B95,EUR,A03,A02,3,MAW,MAW,A01,A01
procured_balancing_capacity,3,2026-05-23T02:00:00,PT15M,2026-05-23T02:15Z,2026-05-23T02:00Z,1,9.9,5,B95,EUR,A03,A02,3,MAW,MAW,A01,A01
procured_balancing_capacity,3,2026-05-23T02:15:00,PT15M,2026-05-23T02:30Z,2026-05-23T02:15Z,1,9.9,5,B95,EUR,A03,A02,3,MAW,MAW,A01,A01
procured_balancing_capacity,3,2026-05-23T02:30:00,PT15M,2026-05-23T02:45Z,2026-05-23T02:30Z,1,9.9,5,B95,EUR,A03,A02,3,MAW,MAW,A01,A01
procured_balancing_capacity,3,2026-05-23T02:45:00,PT15M,2026-05-23T03:00Z,2026-05-23T02:45Z,1,9.9,5,B95,EUR,A03,A02,3,MAW,MAW,A01,A01
procured_balancing_capacity,3,2026-05-23T03:00:00,PT15M,2026-05-23T03:15Z,2026-05-23T03:00Z,1,9.9,9,B95,EUR,A03,A02,3,MAW,MAW,A01,A01
procured_balancing_capacity,3,2026-05-23T03:15:00,PT15M,2026-05-23T03:30Z,2026-05-23T03:15Z,1,9.9,9,B95,EUR,A03,A02,3,MAW,MAW,A01,A01
procured_balancing_capacity,3,2026-05-23T03:30:00,PT15M,2026-05-23T03:45Z,2026-05-23T03:30Z,1,9.9,9,B95,EUR,A03,A02,3,MAW,MAW,A01,A01
procured_balancing_capacity,3,2026-05-23T03:45:00,PT15M,2026-05-23T04:00Z,2026-05-23T03:45Z,1,9.9,9,B95,EUR,A03,A02,3,MAW,MAW,A01,A01
procured_balancing_capacity,3,2026-05-23T04:00:00,PT15M,2026-05-23T04:15Z,2026-05-23T04:00Z,1,10.5,9,B95,EUR,A03,A02,3,MAW,MAW,A01,A01
procured_balancing_capacity,3,2026-05-23T04:15:00,PT15M,2026-05-23T04:30Z,2026-05-23T04:15Z,1,10.5,9,B95,EUR,A03,A02,3,MAW,MAW,A01,A01
procured_balancing_capacity,3,2026-05-23T04:30:00,PT15M,2026-05-23T04:45Z,2026-05-23T04:30Z,1,10.5,9,B95,EUR,A03,A02,3,MAW,MAW,A01,A01
procured_balancing_capacity,3,2026-05-23T04:45:00,PT15M,2026-05-23T05:00Z,2026-05-23T04:45Z,1,10.5,9,B95,EUR,A03,A02,3,MAW,MAW,A01,A01
procured_balancing_capacity,3,2026-05-23T05:00:00,PT15M,2026-05-23T05:15Z,2026-05-23T05:00Z,1,10.5,9,B95,EUR,A03,A02,3,MAW,MAW,A01,A01
procured_balancing_capacity,3,2026-05-23T05:15:00,PT15M,2026-05-23T05:30Z,2026-05-23T05:15Z,1,10.5,9,B95,EUR,A03,A02,3,MAW,MAW,A01,A01
procured_balancing_capacity,3,2026-05-23T05:30:00,PT15M,2026-05-23T05:45Z,2026-05-23T05:30Z,1,10.5,9,B95,EUR,A03,A02,3,MAW,MAW,A01,A01
procured_balancing_capacity,3,2026-05-23T05:45:00,PT15M,2026-05-23T06:00Z,2026-05-23T05:45Z,1,10.5,9,B95,EUR,A03,A02,3,MAW,MAW,A01,A01
procured_balancing_capacity,3,2026-05-23T06:00:00,PT15M,2026-05-23T06:15Z,2026-05-23T06:00Z,1,10.5,4,B95,EUR,A03,A02,3,MAW,MAW,A01,A01
procured_balancing_capacity,3,2026-05-23T06:15:00,PT15M,2026-05-23T06:30Z,2026-05-23T06:15Z,1,10.5,4,B95,EUR,A03,A02,3,MAW,MAW,A01,A01
procured_balancing_capacity,3,2026-05-23T06:30:00,PT15M,2026-05-23T06:45Z,2026-05-23T06:30Z,1,10.5,4,B95,EUR,A03,A02,3,MAW,MAW,A01,A01
procured_balancing_capacity,3,2026-05-23T06:45:00,PT15M,2026-05-23T07:00Z,2026-05-23T06:45Z,1,10.5,4,B95,EUR,A03,A02,3,MAW,MAW,A01,A01
procured_balancing_capacity,3,2026-05-23T07:00:00,PT15M,2026-05-23T07:15Z,2026-05-23T07:00Z,1,10.5,0,B95,EUR,A03,A02,3,MAW,MAW,A01,A01
procured_balancing_capacity,3,2026-05-23T07:15:00,PT15M,2026-05-23T07:30Z,2026-05-23T07:15Z,1,10.5,0,B95,EUR,A03,A02,3,MAW,MAW,A01,A01
procured_balancing_capacity,3,2026-05-23T07:30:00,PT15M,2026-05-23T07:45Z,2026-05-23T07:30Z,1,10.5,0,B95,EUR,A03,A02,3,MAW,MAW,A01,A01
procured_balancing_capacity,3,2026-05-23T07:45:00,PT15M,2026-05-23T08:00Z,2026-05-23T07:45Z,1,10.5,0,B95,EUR,A03,A02,3,MAW,MAW,A01,A01
procured_balancing_capacity,3,2026-05-23T08:00:00,PT15M,2026-05-23T08:15Z,2026-05-23T08:00Z,1,10.5,0,B95,EUR,A03,A02,3,MAW,MAW,A01,A01
procured_balancing_capacity,3,2026-05-23T08:15:00,PT15M,2026-05-23T08:30Z,2026-05-23T08:15Z,1,10.5,0,B95,EUR,A03,A02,3,MAW,MAW,A01,A01
procured_balancing_capacity,3,2026-05-23T08:30:00,PT15M,2026-05-23T08:45Z,2026-05-23T08:30Z,1,10.5,0,B95,EUR,A03,A02,3,MAW,MAW,A01,A01
procured_balancing_capacity,3,2026-05-23T08:45:00,PT15M,2026-05-23T09:00Z,2026-05-23T08:45Z,1,10.5,0,B95,EUR,A03,A02,3,MAW,MAW,A01,A01
procured_balancing_capacity,3,2026-05-23T09:00:00,PT15M,2026-05-23T09:15Z,2026-05-23T09:00Z,1,10.5,0,B95,EUR,A03,A02,3,MAW,MAW,A01,A01
procured_balancing_capacity,3,2026-05-23T09:15:00,PT15M,2026-05-23T09:30Z,2026-05-23T09:15Z,1,10.5,0,B95,EUR,A03,A02,3,MAW,MAW,A01,A01
procured_balancing_capacity,3,2026-05-23T09:30:00,PT15M,2026-05-23T09:45Z,2026-05-23T09:30Z,1,10.5,0,B95,EUR,A03,A02,3,MAW,MAW,A01,A01
procured_balancing_capacity,3,2026-05-23T09:45:00,PT15M,2026-05-23T10:00Z,2026-05-23T09:45Z,1,10.5,0,B95,EUR,A03,A02,3,MAW,MAW,A01,A01
procured_balancing_capacity,3,2026-05-23T10:00:00,PT15M,2026-05-23T10:15Z,2026-05-23T10:00Z,1,10.5,0,B95,EUR,A03,A02,3,MAW,MAW,A01,A01
procured_balancing_capacity,3,2026-05-23T10:15:00,PT15M,2026-05-23T10:30Z,2026-05-23T10:15Z,1,10.5,0,B95,EUR,A03,A02,3,MAW,MAW,A01,A01
procured_balancing_capacity,3,2026-05-23T10:30:00,PT15M,2026-05-23T10:45Z,2026-05-23T10:30Z,1,10.5,0,B95,EUR,A03,A02,3,MAW,MAW,A01,A01
procured_balancing_capacity,3,2026-05-23T10:45:00,PT15M,2026-05-23T11:00Z,2026-05-23T10:45Z,1,10.5,0,B95,EUR,A03,A02,3,MAW,MAW,A01,A01
procured_balancing_capacity,3,2026-05-23T11:00:00,PT15M,2026-05-23T11:15Z,2026-05-23T11:00Z,1,10.5,0,B95,EUR,A03,A02,3,MAW,MAW,A01,A01
procured_balancing_capacity,3,2026-05-23T11:15:00,PT15M,2026-05-23T11:30Z,2026-05-23T11:15Z,1,10.5,0,B95,EUR,A03,A02,3,MAW,MAW,A01,A01
procured_balancing_capacity,3,2026-05-23T11:30:00,PT15M,2026-05-23T11:45Z,2026-05-23T11:30Z,1,10.5,0,B95,EUR,A03,A02,3,MAW,MAW,A01,A01
procured_balancing_capacity,3,2026-05-23T11:45:00,PT15M,2026-05-23T12:00Z,2026-05-23T11:45Z,1,10.5,0,B95,EUR,A03,A02,3,MAW,MAW,A01,A01
procured_balancing_capacity,3,2026-05-23T12:00:00,PT15M,2026-05-23T12:15Z,2026-05-23T12:00Z,1,10.5,0,B95,EUR,A03,A02,3,MAW,MAW,A01,A01
procured_balancing_capacity,3,2026-05-23T12:15:00,PT15M,2026-05-23T12:30Z,2026-05-23T12:15Z,1,10.5,0,B95,EUR,A03,A02,3,MAW,MAW,A01,A01
procured_balancing_capacity,3,2026-05-23T12:30:00,PT15M,2026-05-23T12:45Z,2026-05-23T12:30Z,1,10.5,0,B95,EUR,A03,A02,3,MAW,MAW,A01,A01
procured_balancing_capacity,3,2026-05-23T12:45:00,PT15M,2026-05-23T13:00Z,2026-05-23T12:45Z,1,10.5,0,B95,EUR,A03,A02,3,MAW,MAW,A01,A01
procured_balancing_capacity,3,2026-05-23T13:00:00,PT15M,2026-05-23T13:15Z,2026-05-23T13:00Z,1,10.5,0,B95,EUR,A03,A02,3,MAW,MAW,A01,A01
procured_balancing_capacity,3,2026-05-23T13:15:00,PT15M,2026-05-23T13:30Z,2026-05-23T13:15Z,1,10.5,0,B95,EUR,A03,A02,3,MAW,MAW,A01,A01
procured_balancing_capacity,3,2026-05-23T13:30:00,PT15M,2026-05-23T13:45Z,2026-05-23T13:30Z,1,10.5,0,B95,EUR,A03,A02,3,MAW,MAW,A01,A01
procured_balancing_capacity,3,2026-05-23T13:45:00,PT15M,2026-05-23T14:00Z,2026-05-23T13:45Z,1,10.5,0,B95,EUR,A03,A02,3,MAW,MAW,A01,A01
procured_balancing_capacity,3,2026-05-23T14:00:00,PT15M,2026-05-23T14:15Z,2026-05-23T14:00Z,1,10.5,0,B95,EUR,A03,A02,3,MAW,MAW,A01,A01
procured_balancing_capacity,3,2026-05-23T14:15:00,PT15M,2026-05-23T14:30Z,2026-05-23T14:15Z,1,10.5,0,B95,EUR,A03,A02,3,MAW,MAW,A01,A01
procured_balancing_capacity,3,2026-05-23T14:30:00,PT15M,2026-05-23T14:45Z,2026-05-23T14:30Z,1,10.5,0,B95,EUR,A03,A02,3,MAW,MAW,A01,A01
procured_balancing_capacity,3,2026-05-23T14:45:00,PT15M,2026-05-23T15:00Z,2026-05-23T14:45Z,1,10.5,0,B95,EUR,A03,A02,3,MAW,MAW,A01,A01
procured_balancing_capacity,3,2026-05-23T15:00:00,PT15M,2026-05-23T15:15Z,2026-05-23T15:00Z,1,10.5,6,B95,EUR,A03,A02,3,MAW,MAW,A01,A01
procured_balancing_capacity,3,2026-05-23T15:15:00,PT15M,2026-05-23T15:30Z,2026-05-23T15:15Z,1,10.5,6,B95,EUR,A03,A02,3,MAW,MAW,A01,A01
procured_balancing_capacity,3,2026-05-23T15:30:00,PT15M,2026-05-23T15:45Z,2026-05-23T15:30Z,1,10.5,6,B95,EUR,A03,A02,3,MAW,MAW,A01,A01
procured_balancing_capacity,3,2026-05-23T15:45:00,PT15M,2026-05-23T16:00Z,2026-05-23T15:45Z,1,10.5,6,B95,EUR,A03,A02,3,MAW,MAW,A01,A01
procured_balancing_capacity,3,2026-05-23T16:00:00,PT15M,2026-05-23T16:15Z,2026-05-23T16:00Z,1,10.5,5,B95,EUR,A03,A02,3,MAW,MAW,A01,A01
procured_balancing_capacity,3,2026-05-23T16:15:00,PT15M,2026-05-23T16:30Z,2026-05-23T16:15Z,1,10.5,5,B95,EUR,A03,A02,3,MAW,MAW,A01,A01
procured_balancing_capacity,3,2026-05-23T16:30:00,PT15M,2026-05-23T16:45Z,2026-05-23T16:30Z,1,10.5,5,B95,EUR,A03,A02,3,MAW,MAW,A01,A01
procured_balancing_capacity,3,2026-05-23T16:45:00,PT15M,2026-05-23T17:00Z,2026-05-23T16:45Z,1,10.5,5,B95,EUR,A03,A02,3,MAW,MAW,A01,A01
procured_balancing_capacity,3,2026-05-23T17:00:00,PT15M,2026-05-23T17:15Z,2026-05-23T17:00Z,1,10.5,9,B95,EUR,A03,A02,3,MAW,MAW,A01,A01
procured_balancing_capacity,3,2026-05-23T17:15:00,PT15M,2026-05-23T17:30Z,2026-05-23T17:15Z,1,10.5,9,B95,EUR,A03,A02,3,MAW,MAW,A01,A01
procured_balancing_capacity,3,2026-05-23T17:30:00,PT15M,2026-05-23T17:45Z,2026-05-23T17:30Z,1,10.5,9,B95,EUR,A03,A02,3,MAW,MAW,A01,A01
procured_balancing_capacity,3,2026-05-23T17:45:00,PT15M,2026-05-23T18:00Z,2026-05-23T17:45Z,1,10.5,9,B95,EUR,A03,A02,3,MAW,MAW,A01,A01
procured_balancing_capacity,3,2026-05-23T18:00:00,PT15M,2026-05-23T18:15Z,2026-05-23T18:00Z,1,10.5,9,B95,EUR,A03,A02,3,MAW,MAW,A01,A01
procured_balancing_capacity,3,2026-05-23T18:15:00,PT15M,2026-05-23T18:30Z,2026-05-23T18:15Z,1,10.5,9,B95,EUR,A03,A02,3,MAW,MAW,A01,A01
procured_balancing_capacity,3,2026-05-23T18:30:00,PT15M,2026-05-23T18:45Z,2026-05-23T18:30Z,1,10.5,9,B95,EUR,A03,A02,3,MAW,MAW,A01,A01
procured_balancing_capacity,3,2026-05-23T18:45:00,PT15M,2026-05-23T19:00Z,2026-05-23T18:45Z,1,10.5,9,B95,EUR,A03,A02,3,MAW,MAW,A01,A01
procured_balancing_capacity,3,2026-05-23T19:00:00,PT15M,2026-05-23T19:15Z,2026-05-23T19:00Z,1,10.5,9,B95,EUR,A03,A02,3,MAW,MAW,A01,A01
procured_balancing_capacity,3,2026-05-23T19:15:00,PT15M,2026-05-23T19:30Z,2026-05-23T19:15Z,1,10.5,9,B95,EUR,A03,A02,3,MAW,MAW,A01,A01
procured_balancing_capacity,3,2026-05-23T19:30:00,PT15M,2026-05-23T19:45Z,2026-05-23T19:30Z,1,10.5,9,B95,EUR,A03,A02,3,MAW,MAW,A01,A01
procured_balancing_capacity,3,2026-05-23T19:45:00,PT15M,2026-05-23T20:00Z,2026-05-23T19:45Z,1,10.5,9,B95,EUR,A03,A02,3,MAW,MAW,A01,A01
procured_balancing_capacity,3,2026-05-23T20:00:00,PT15M,2026-05-23T20:15Z,2026-05-23T20:00Z,1,9.9,4,B95,EUR,A03,A02,3,MAW,MAW,A01,A01
procured_balancing_capacity,3,2026-05-23T20:15:00,PT15M,2026-05-23T20:30Z,2026-05-23T20:15Z,1,9.9,4,B95,EUR,A03,A02,3,MAW,MAW,A01,A01
procured_balancing_capacity,3,2026-05-23T20:30:00,PT15M,2026-05-23T20:45Z,2026-05-23T20:30Z,1,9.9,4,B95,EUR,A03,A02,3,MAW,MAW,A01,A01
procured_balancing_capacity,3,2026-05-23T20:45:00,PT15M,2026-05-23T21:00Z,2026-05-23T20:45Z,1,9.9,4,B95,EUR,A03,A02,3,MAW,MAW,A01,A01
procured_balancing_capacity,3,2026-05-23T21:00:00,PT15M,2026-05-23T21:15Z,2026-05-23T21:00Z,1,9.9,4,B95,EUR,A03,A02,3,MAW,MAW,A01,A01
procured_balancing_capacity,3,2026-05-23T21:15:00,PT15M,2026-05-23T21:30Z,2026-05-23T21:15Z,1,9.9,4,B95,EUR,A03,A02,3,MAW,MAW,A01,A01
procured_balancing_capacity,3,2026-05-23T21:30:00,PT15M,2026-05-23T21:45Z,2026-05-23T21:30Z,1,9.9,4,B95,EUR,A03,A02,3,MAW,MAW,A01,A01
procured_balancing_capacity,3,2026-05-23T21:45:00,PT15M,2026-05-23T22:00Z,2026-05-23T21:45Z,1,9.9,4,B95,EUR,A03,A02,3,MAW,MAW,A01,A01
procured_balancing_capacity,4,2026-05-22T22:00:00,PT15M,2026-05-22T22:15Z,2026-05-22T22:00Z,1,35.3,8,B95,EUR,A03,A01,4,MAW,MAW,A01,A01
procured_balancing_capacity,4,2026-05-22T22:15:00,PT15M,2026-05-22T22:30Z,2026-05-22T22:15Z,1,35.3,8,B95,EUR,A03,A01,4,MAW,MAW,A01,A01
procured_balancing_capacity,4,2026-05-22T22:30:00,PT15M,2026-05-22T22:45Z,2026-05-22T22:30Z,1,35.3,8,B95,EUR,A03,A01,4,MAW,MAW,A01,A01
procured_balancing_capacity,4,2026-05-22T22:45:00,PT15M,2026-05-22T23:00Z,2026-05-22T22:45Z,1,35.3,8,B95,EUR,A03,A01,4,MAW,MAW,A01,A01
procured_balancing_capacity,4,2026-05-22T23:00:00,PT15M,2026-05-22T23:15Z,2026-05-22T23:00Z,1,35.3,8,B95,EUR,A03,A01,4,MAW,MAW,A01,A01
procured_balancing_capacity,4,2026-05-22T23:15:00,PT15M,2026-05-22T23:30Z,2026-05-22T23:15Z,1,35.3,8,B95,EUR,A03,A01,4,MAW,MAW,A01,A01
procured_balancing_capacity,4,2026-05-22T23:30:00,PT15M,2026-05-22T23:45Z,2026-05-22T23:30Z,1,35.3,8,B95,EUR,A03,A01,4,MAW,MAW,A01,A01
procured_balancing_capacity,4,2026-05-22T23:45:00,PT15M,2026-05-23T00:00Z,2026-05-22T23:45Z,1,35.3,8,B95,EUR,A03,A01,4,MAW,MAW,A01,A01
procured_balancing_capacity,4,2026-05-23T00:00:00,PT15M,2026-05-23T00:15Z,2026-05-23T00:00Z,1,35.3,8,B95,EUR,A03,A01,4,MAW,MAW,A01,A01
procured_balancing_capacity,4,2026-05-23T00:15:00,PT15M,2026-05-23T00:30Z,2026-05-23T00:15Z,1,35.3,8,B95,EUR,A03,A01,4,MAW,MAW,A01,A01
procured_balancing_capacity,4,2026-05-23T00:30:00,PT15M,2026-05-23T00:45Z,2026-05-23T00:30Z,1,35.3,8,B95,EUR,A03,A01,4,MAW,MAW,A01,A01
procured_balancing_capacity,4,2026-05-23T00:45:00,PT15M,2026-05-23T01:00Z,2026-05-23T00:45Z,1,35.3,8,B95,EUR,A03,A01,4,MAW,MAW,A01,A01
procured_balancing_capacity,4,2026-05-23T01:00:00,PT15M,2026-05-23T01:15Z,2026-05-23T01:00Z,1,35.3,4,B95,EUR,A03,A01,4,MAW,MAW,A01,A01
procured_balancing_capacity,4,2026-05-23T01:15:00,PT15M,2026-05-23T01:30Z,2026-05-23T01:15Z,1,35.3,4,B95,EUR,A03,A01,4,MAW,MAW,A01,A01
procured_balancing_capacity,4,2026-05-23T01:30:00,PT15M,2026-05-23T01:45Z,2026-05-23T01:30Z,1,35.3,4,B95,EUR,A03,A01,4,MAW,MAW,A01,A01
procured_balancing_capacity,4,2026-05-23T01:45:00,PT15M,2026-05-23T02:00Z,2026-05-23T01:45Z,1,35.3,4,B95,EUR,A03,A01,4,MAW,MAW,A01,A01
procured_balancing_capacity,4,2026-05-23T02:00:00,PT15M,2026-05-23T02:15Z,2026-05-23T02:00Z,1,35.3,4,B95,EUR,A03,A01,4,MAW,MAW,A01,A01
procured_balancing_capacity,4,2026-05-23T02:15:00,PT15M,2026-05-23T02:30Z,2026-05-23T02:15Z,1,35.3,4,B95,EUR,A03,A01,4,MAW,MAW,A01,A01
procured_balancing_capacity,4,2026-05-23T02:30:00,PT15M,2026-05-23T02:45Z,2026-05-23T02:30Z,1,35.3,4,B95,EUR,A03,A01,4,MAW,MAW,A01,A01
procured_balancing_capacity,4,2026-05-23T02:45:00,PT15M,2026-05-23T03:00Z,2026-05-23T02:45Z,1,35.3,4,B95,EUR,A03,A01,4,MAW,MAW,A01,A01
procured_balancing_capacity,4,2026-05-23T03:00:00,PT15M,2026-05-23T03:15Z,2026-05-23T03:00Z,1,35.3,4,B95,EUR,A03,A01,4,MAW,MAW,A01,A01
procured_balancing_capacity,4,2026-05-23T03:15:00,PT15M,2026-05-23T03:30Z,2026-05-23T03:15Z,1,35.3,4,B95,EUR,A03,A01,4,MAW,MAW,A01,A01
procured_balancing_capacity,4,2026-05-23T03:30:00,PT15M,2026-05-23T03:45Z,2026-05-23T03:30Z,1,35.3,4,B95,EUR,A03,A01,4,MAW,MAW,A01,A01
procured_balancing_capacity,4,2026-05-23T03:45:00,PT15M,2026-05-23T04:00Z,2026-05-23T03:45Z,1,35.3,4,B95,EUR,A03,A01,4,MAW,MAW,A01,A01
procured_balancing_capacity,4,2026-05-23T04:00:00,PT15M,2026-05-23T04:15Z,2026-05-23T04:00Z,1,35.3,4,B95,EUR,A03,A01,4,MAW,MAW,A01,A01
procured_balancing_capacity,4,2026-05-23T04:15:00,PT15M,2026-05-23T04:30Z,2026-05-23T04:15Z,1,35.3,4,B95,EUR,A03,A01,4,MAW,MAW,A01,A01
procured_balancing_capacity,4,2026-05-23T04:30:00,PT15M,2026-05-23T04:45Z,2026-05-23T04:30Z,1,35.3,4,B95,EUR,A03,A01,4,MAW,MAW,A01,A01
procured_balancing_capacity,4,2026-05-23T04:45:00,PT15M,2026-05-23T05:00Z,2026-05-23T04:45Z,1,35.3,4,B95,EUR,A03,A01,4,MAW,MAW,A01,A01
procured_balancing_capacity,4,2026-05-23T05:00:00,PT15M,2026-05-23T05:15Z,2026-05-23T05:00Z,1,35.3,16,B95,EUR,A03,A01,4,MAW,MAW,A01,A01
procured_balancing_capacity,4,2026-05-23T05:15:00,PT15M,2026-05-23T05:30Z,2026-05-23T05:15Z,1,35.3,16,B95,EUR,A03,A01,4,MAW,MAW,A01,A01
procured_balancing_capacity,4,2026-05-23T05:30:00,PT15M,2026-05-23T05:45Z,2026-05-23T05:30Z,1,35.3,16,B95,EUR,A03,A01,4,MAW,MAW,A01,A01
procured_balancing_capacity,4,2026-05-23T05:45:00,PT15M,2026-05-23T06:00Z,2026-05-23T05:45Z,1,35.3,16,B95,EUR,A03,A01,4,MAW,MAW,A01,A01
procured_balancing_capacity,4,2026-05-23T06:00:00,PT15M,2026-05-23T06:15Z,2026-05-23T06:00Z,1,35.3,2,B95,EUR,A03,A01,4,MAW,MAW,A01,A01
procured_balancing_capacity,4,2026-05-23T06:15:00,PT15M,2026-05-23T06:30Z,2026-05-23T06:15Z,1,35.3,2,B95,EUR,A03,A01,4,MAW,MAW,A01,A01
procured_balancing_capacity,4,2026-05-23T06:30:00,PT15M,2026-05-23T06:45Z,2026-05-23T06:30Z,1,35.3,2,B95,EUR,A03,A01,4,MAW,MAW,A01,A01
procured_balancing_capacity,4,2026-05-23T06:45:00,PT15M,2026-05-23T07:00Z,2026-05-23T06:45Z,1,35.3,2,B95,EUR,A03,A01,4,MAW,MAW,A01,A01
procured_balancing_capacity,4,2026-05-23T07:00:00,PT15M,2026-05-23T07:15Z,2026-05-23T07:00Z,1,35.3,19,B95,EUR,A03,A01,4,MAW,MAW,A01,A01
procured_balancing_capacity,4,2026-05-23T07:15:00,PT15M,2026-05-23T07:30Z,2026-05-23T07:15Z,1,35.3,19,B95,EUR,A03,A01,4,MAW,MAW,A01,A01
procured_balancing_capacity,4,2026-05-23T07:30:00,PT15M,2026-05-23T07:45Z,2026-05-23T07:30Z,1,35.3,19,B95,EUR,A03,A01,4,MAW,MAW,A01,A01
procured_balancing_capacity,4,2026-05-23T07:45:00,PT15M,2026-05-23T08:00Z,2026-05-23T07:45Z,1,35.3,19,B95,EUR,A03,A01,4,MAW,MAW,A01,A01
procured_balancing_capacity,4,2026-05-23T08:00:00,PT15M,2026-05-23T08:15Z,2026-05-23T08:00Z,1,35.3,7,B95,EUR,A03,A01,4,MAW,MAW,A01,A01
procured_balancing_capacity,4,2026-05-23T08:15:00,PT15M,2026-05-23T08:30Z,2026-05-23T08:15Z,1,35.3,7,B95,EUR,A03,A01,4,MAW,MAW,A01,A01
procured_balancing_capacity,4,2026-05-23T08:30:00,PT15M,2026-05-23T08:45Z,2026-05-23T08:30Z,1,35.3,7,B95,EUR,A03,A01,4,MAW,MAW,A01,A01
procured_balancing_capacity,4,2026-05-23T08:45:00,PT15M,2026-05-23T09:00Z,2026-05-23T08:45Z,1,35.3,7,B95,EUR,A03,A01,4,MAW,MAW,A01,A01
procured_balancing_capacity,4,2026-05-23T09:00:00,PT15M,2026-05-23T09:15Z,2026-05-23T09:00Z,1,35.3,7,B95,EUR,A03,A01,4,MAW,MAW,A01,A01
procured_balancing_capacity,4,2026-05-23T09:15:00,PT15M,2026-05-23T09:30Z,2026-05-23T09:15Z,1,35.3,7,B95,EUR,A03,A01,4,MAW,MAW,A01,A01
procured_balancing_capacity,4,2026-05-23T09:30:00,PT15M,2026-05-23T09:45Z,2026-05-23T09:30Z,1,35.3,7,B95,EUR,A03,A01,4,MAW,MAW,A01,A01
procured_balancing_capacity,4,2026-05-23T09:45:00,PT15M,2026-05-23T10:00Z,2026-05-23T09:45Z,1,35.3,7,B95,EUR,A03,A01,4,MAW,MAW,A01,A01
procured_balancing_capacity,4,2026-05-23T10:00:00,PT15M,2026-05-23T10:15Z,2026-05-23T10:00Z,1,35.3,7,B95,EUR,A03,A01,4,MAW,MAW,A01,A01
procured_balancing_capacity,4,2026-05-23T10:15:00,PT15M,2026-05-23T10:30Z,2026-05-23T10:15Z,1,35.3,7,B95,EUR,A03,A01,4,MAW,MAW,A01,A01
procured_balancing_capacity,4,2026-05-23T10:30:00,PT15M,2026-05-23T10:45Z,2026-05-23T10:30Z,1,35.3,7,B95,EUR,A03,A01,4,MAW,MAW,A01,A01
procured_balancing_capacity,4,2026-05-23T10:45:00,PT15M,2026-05-23T11:00Z,2026-05-23T10:45Z,1,35.3,7,B95,EUR,A03,A01,4,MAW,MAW,A01,A01
procured_balancing_capacity,4,2026-05-23T11:00:00,PT15M,2026-05-23T11:15Z,2026-05-23T11:00Z,1,35.3,7,B95,EUR,A03,A01,4,MAW,MAW,A01,A01
procured_balancing_capacity,4,2026-05-23T11:15:00,PT15M,2026-05-23T11:30Z,2026-05-23T11:15Z,1,35.3,7,B95,EUR,A03,A01,4,MAW,MAW,A01,A01
procured_balancing_capacity,4,2026-05-23T11:30:00,PT15M,2026-05-23T11:45Z,2026-05-23T11:30Z,1,35.3,7,B95,EUR,A03,A01,4,MAW,MAW,A01,A01
procured_balancing_capacity,4,2026-05-23T11:45:00,PT15M,2026-05-23T12:00Z,2026-05-23T11:45Z,1,35.3,7,B95,EUR,A03,A01,4,MAW,MAW,A01,A01
procured_balancing_capacity,4,2026-05-23T12:00:00,PT15M,2026-05-23T12:15Z,2026-05-23T12:00Z,1,35.3,7,B95,EUR,A03,A01,4,MAW,MAW,A01,A01
procured_balancing_capacity,4,2026-05-23T12:15:00,PT15M,2026-05-23T12:30Z,2026-05-23T12:15Z,1,35.3,7,B95,EUR,A03,A01,4,MAW,MAW,A01,A01
procured_balancing_capacity,4,2026-05-23T12:30:00,PT15M,2026-05-23T12:45Z,2026-05-23T12:30Z,1,35.3,7,B95,EUR,A03,A01,4,MAW,MAW,A01,A01
procured_balancing_capacity,4,2026-05-23T12:45:00,PT15M,2026-05-23T13:00Z,2026-05-23T12:45Z,1,35.3,7,B95,EUR,A03,A01,4,MAW,MAW,A01,A01
procured_balancing_capacity,4,2026-05-23T13:00:00,PT15M,2026-05-23T13:15Z,2026-05-23T13:00Z,1,35.3,7,B95,EUR,A03,A01,4,MAW,MAW,A01,A01
procured_balancing_capacity,4,2026-05-23T13:15:00,PT15M,2026-05-23T13:30Z,2026-05-23T13:15Z,1,35.3,7,B95,EUR,A03,A01,4,MAW,MAW,A01,A01
procured_balancing_capacity,4,2026-05-23T13:30:00,PT15M,2026-05-23T13:45Z,2026-05-23T13:30Z,1,35.3,7,B95,EUR,A03,A01,4,MAW,MAW,A01,A01
procured_balancing_capacity,4,2026-05-23T13:45:00,PT15M,2026-05-23T14:00Z,2026-05-23T13:45Z,1,35.3,7,B95,EUR,A03,A01,4,MAW,MAW,A01,A01
procured_balancing_capacity,4,2026-05-23T14:00:00,PT15M,2026-05-23T14:15Z,2026-05-23T14:00Z,1,35.3,7,B95,EUR,A03,A01,4,MAW,MAW,A01,A01
procured_balancing_capacity,4,2026-05-23T14:15:00,PT15M,2026-05-23T14:30Z,2026-05-23T14:15Z,1,35.3,7,B95,EUR,A03,A01,4,MAW,MAW,A01,A01
procured_balancing_capacity,4,2026-05-23T14:30:00,PT15M,2026-05-23T14:45Z,2026-05-23T14:30Z,1,35.3,7,B95,EUR,A03,A01,4,MAW,MAW,A01,A01
procured_balancing_capacity,4,2026-05-23T14:45:00,PT15M,2026-05-23T15:00Z,2026-05-23T14:45Z,1,35.3,7,B95,EUR,A03,A01,4,MAW,MAW,A01,A01
procured_balancing_capacity,4,2026-05-23T15:00:00,PT15M,2026-05-23T15:15Z,2026-05-23T15:00Z,1,35.3,8,B95,EUR,A03,A01,4,MAW,MAW,A01,A01
procured_balancing_capacity,4,2026-05-23T15:15:00,PT15M,2026-05-23T15:30Z,2026-05-23T15:15Z,1,35.3,8,B95,EUR,A03,A01,4,MAW,MAW,A01,A01
procured_balancing_capacity,4,2026-05-23T15:30:00,PT15M,2026-05-23T15:45Z,2026-05-23T15:30Z,1,35.3,8,B95,EUR,A03,A01,4,MAW,MAW,A01,A01
procured_balancing_capacity,4,2026-05-23T15:45:00,PT15M,2026-05-23T16:00Z,2026-05-23T15:45Z,1,35.3,8,B95,EUR,A03,A01,4,MAW,MAW,A01,A01
procured_balancing_capacity,4,2026-05-23T16:00:00,PT15M,2026-05-23T16:15Z,2026-05-23T16:00Z,1,35.3,8,B95,EUR,A03,A01,4,MAW,MAW,A01,A01
procured_balancing_capacity,4,2026-05-23T16:15:00,PT15M,2026-05-23T16:30Z,2026-05-23T16:15Z,1,35.3,8,B95,EUR,A03,A01,4,MAW,MAW,A01,A01
procured_balancing_capacity,4,2026-05-23T16:30:00,PT15M,2026-05-23T16:45Z,2026-05-23T16:30Z,1,35.3,8,B95,EUR,A03,A01,4,MAW,MAW,A01,A01
procured_balancing_capacity,4,2026-05-23T16:45:00,PT15M,2026-05-23T17:00Z,2026-05-23T16:45Z,1,35.3,8,B95,EUR,A03,A01,4,MAW,MAW,A01,A01
procured_balancing_capacity,4,2026-05-23T17:00:00,PT15M,2026-05-23T17:15Z,2026-05-23T17:00Z,1,35.3,38,B95,EUR,A03,A01,4,MAW,MAW,A01,A01
procured_balancing_capacity,4,2026-05-23T17:15:00,PT15M,2026-05-23T17:30Z,2026-05-23T17:15Z,1,35.3,38,B95,EUR,A03,A01,4,MAW,MAW,A01,A01
procured_balancing_capacity,4,2026-05-23T17:30:00,PT15M,2026-05-23T17:45Z,2026-05-23T17:30Z,1,35.3,38,B95,EUR,A03,A01,4,MAW,MAW,A01,A01
procured_balancing_capacity,4,2026-05-23T17:45:00,PT15M,2026-05-23T18:00Z,2026-05-23T17:45Z,1,35.3,38,B95,EUR,A03,A01,4,MAW,MAW,A01,A01
procured_balancing_capacity,4,2026-05-23T18:00:00,PT15M,2026-05-23T18:15Z,2026-05-23T18:00Z,1,35.3,38,B95,EUR,A03,A01,4,MAW,MAW,A01,A01
procured_balancing_capacity,4,2026-05-23T18:15:00,PT15M,2026-05-23T18:30Z,2026-05-23T18:15Z,1,35.3,38,B95,EUR,A03,A01,4,MAW,MAW,A01,A01
procured_balancing_capacity,4,2026-05-23T18:30:00,PT15M,2026-05-23T18:45Z,2026-05-23T18:30Z,1,35.3,38,B95,EUR,A03,A01,4,MAW,MAW,A01,A01
procured_balancing_capacity,4,2026-05-23T18:45:00,PT15M,2026-05-23T19:00Z,2026-05-23T18:45Z,1,35.3,38,B95,EUR,A03,A01,4,MAW,MAW,A01,A01
procured_balancing_capacity,4,2026-05-23T19:00:00,PT15M,2026-05-23T19:15Z,2026-05-23T19:00Z,1,35.3,38,B95,EUR,A03,A01,4,MAW,MAW,A01,A01
procured_balancing_capacity,4,2026-05-23T19:15:00,PT15M,2026-05-23T19:30Z,2026-05-23T19:15Z,1,35.3,38,B95,EUR,A03,A01,4,MAW,MAW,A01,A01
procured_balancing_capacity,4,2026-05-23T19:30:00,PT15M,2026-05-23T19:45Z,2026-05-23T19:30Z,1,35.3,38,B95,EUR,A03,A01,4,MAW,MAW,A01,A01
procured_balancing_capacity,4,2026-05-23T19:45:00,PT15M,2026-05-23T20:00Z,2026-05-23T19:45Z,1,35.3,38,B95,EUR,A03,A01,4,MAW,MAW,A01,A01
procured_balancing_capacity,4,2026-05-23T20:00:00,PT15M,2026-05-23T20:15Z,2026-05-23T20:00Z,1,35.3,38,B95,EUR,A03,A01,4,MAW,MAW,A01,A01
procured_balancing_capacity,4,2026-05-23T20:15:00,PT15M,2026-05-23T20:30Z,2026-05-23T20:15Z,1,35.3,38,B95,EUR,A03,A01,4,MAW,MAW,A01,A01
procured_balancing_capacity,4,2026-05-23T20:30:00,PT15M,2026-05-23T20:45Z,2026-05-23T20:30Z,1,35.3,38,B95,EUR,A03,A01,4,MAW,MAW,A01,A01
procured_balancing_capacity,4,2026-05-23T20:45:00,PT15M,2026-05-23T21:00Z,2026-05-23T20:45Z,1,35.3,38,B95,EUR,A03,A01,4,MAW,MAW,A01,A01
procured_balancing_capacity,4,2026-05-23T21:00:00,PT15M,2026-05-23T21:15Z,2026-05-23T21:00Z,1,35.3,11,B95,EUR,A03,A01,4,MAW,MAW,A01,A01
procured_balancing_capacity,4,2026-05-23T21:15:00,PT15M,2026-05-23T21:30Z,2026-05-23T21:15Z,1,35.3,11,B95,EUR,A03,A01,4,MAW,MAW,A01,A01
procured_balancing_capacity,4,2026-05-23T21:30:00,PT15M,2026-05-23T21:45Z,2026-05-23T21:30Z,1,35.3,11,B95,EUR,A03,A01,4,MAW,MAW,A01,A01
procured_balancing_capacity,4,2026-05-23T21:45:00,PT15M,2026-05-23T22:00Z,2026-05-23T21:45Z,1,35.3,11,B95,EUR,A03,A01,4,MAW,MAW,A01,A01
procured_balancing_capacity,5,2026-05-22T22:00:00,PT15M,2026-05-22T22:15Z,2026-05-22T22:00Z,1,10.7,1,B95,EUR,A03,A02,5,MAW,MAW,A01,A01
procured_balancing_capacity,5,2026-05-22T22:15:00,PT15M,2026-05-22T22:30Z,2026-05-22T22:15Z,1,10.7,1,B95,EUR,A03,A02,5,MAW,MAW,A01,A01
procured_balancing_capacity,5,2026-05-22T22:30:00,PT15M,2026-05-22T22:45Z,2026-05-22T22:30Z,1,10.7,1,B95,EUR,A03,A02,5,MAW,MAW,A01,A01
procured_balancing_capacity,5,2026-05-22T22:45:00,PT15M,2026-05-22T23:00Z,2026-05-22T22:45Z,1,10.7,1,B95,EUR,A03,A02,5,MAW,MAW,A01,A01
procured_balancing_capacity,5,2026-05-22T23:00:00,PT15M,2026-05-22T23:15Z,2026-05-22T23:00Z,1,10.7,1,B95,EUR,A03,A02,5,MAW,MAW,A01,A01
procured_balancing_capacity,5,2026-05-22T23:15:00,PT15M,2026-05-22T23:30Z,2026-05-22T23:15Z,1,10.7,1,B95,EUR,A03,A02,5,MAW,MAW,A01,A01
procured_balancing_capacity,5,2026-05-22T23:30:00,PT15M,2026-05-22T23:45Z,2026-05-22T23:30Z,1,10.7,1,B95,EUR,A03,A02,5,MAW,MAW,A01,A01
procured_balancing_capacity,5,2026-05-22T23:45:00,PT15M,2026-05-23T00:00Z,2026-05-22T23:45Z,1,10.7,1,B95,EUR,A03,A02,5,MAW,MAW,A01,A01
procured_balancing_capacity,5,2026-05-23T00:00:00,PT15M,2026-05-23T00:15Z,2026-05-23T00:00Z,1,10.7,1,B95,EUR,A03,A02,5,MAW,MAW,A01,A01
procured_balancing_capacity,5,2026-05-23T00:15:00,PT15M,2026-05-23T00:30Z,2026-05-23T00:15Z,1,10.7,1,B95,EUR,A03,A02,5,MAW,MAW,A01,A01
procured_balancing_capacity,5,2026-05-23T00:30:00,PT15M,2026-05-23T00:45Z,2026-05-23T00:30Z,1,10.7,1,B95,EUR,A03,A02,5,MAW,MAW,A01,A01
procured_balancing_capacity,5,2026-05-23T00:45:00,PT15M,2026-05-23T01:00Z,2026-05-23T00:45Z,1,10.7,1,B95,EUR,A03,A02,5,MAW,MAW,A01,A01
procured_balancing_capacity,5,2026-05-23T01:00:00,PT15M,2026-05-23T01:15Z,2026-05-23T01:00Z,1,10.7,1,B95,EUR,A03,A02,5,MAW,MAW,A01,A01
procured_balancing_capacity,5,2026-05-23T01:15:00,PT15M,2026-05-23T01:30Z,2026-05-23T01:15Z,1,10.7,1,B95,EUR,A03,A02,5,MAW,MAW,A01,A01
procured_balancing_capacity,5,2026-05-23T01:30:00,PT15M,2026-05-23T01:45Z,2026-05-23T01:30Z,1,10.7,1,B95,EUR,A03,A02,5,MAW,MAW,A01,A01
procured_balancing_capacity,5,2026-05-23T01:45:00,PT15M,2026-05-23T02:00Z,2026-05-23T01:45Z,1,10.7,1,B95,EUR,A03,A02,5,MAW,MAW,A01,A01
procured_balancing_capacity,5,2026-05-23T02:00:00,PT15M,2026-05-23T02:15Z,2026-05-23T02:00Z,1,10.7,1,B95,EUR,A03,A02,5,MAW,MAW,A01,A01
procured_balancing_capacity,5,2026-05-23T02:15:00,PT15M,2026-05-23T02:30Z,2026-05-23T02:15Z,1,10.7,1,B95,EUR,A03,A02,5,MAW,MAW,A01,A01
procured_balancing_capacity,5,2026-05-23T02:30:00,PT15M,2026-05-23T02:45Z,2026-05-23T02:30Z,1,10.7,1,B95,EUR,A03,A02,5,MAW,MAW,A01,A01
procured_balancing_capacity,5,2026-05-23T02:45:00,PT15M,2026-05-23T03:00Z,2026-05-23T02:45Z,1,10.7,1,B95,EUR,A03,A02,5,MAW,MAW,A01,A01
procured_balancing_capacity,5,2026-05-23T03:00:00,PT15M,2026-05-23T03:15Z,2026-05-23T03:00Z,1,10.7,1,B95,EUR,A03,A02,5,MAW,MAW,A01,A01
procured_balancing_capacity,5,2026-05-23T03:15:00,PT15M,2026-05-23T03:30Z,2026-05-23T03:15Z,1,10.7,1,B95,EUR,A03,A02,5,MAW,MAW,A01,A01
procured_balancing_capacity,5,2026-05-23T03:30:00,PT15M,2026-05-23T03:45Z,2026-05-23T03:30Z,1,10.7,1,B95,EUR,A03,A02,5,MAW,MAW,A01,A01
procured_balancing_capacity,5,2026-05-23T03:45:00,PT15M,2026-05-23T04:00Z,2026-05-23T03:45Z,1,10.7,1,B95,EUR,A03,A02,5,MAW,MAW,A01,A01
procured_balancing_capacity,5,2026-05-23T04:00:00,PT15M,2026-05-23T04:15Z,2026-05-23T04:00Z,1,10.7,5,B95,EUR,A03,A02,5,MAW,MAW,A01,A01
procured_balancing_capacity,5,2026-05-23T04:15:00,PT15M,2026-05-23T04:30Z,2026-05-23T04:15Z,1,10.7,5,B95,EUR,A03,A02,5,MAW,MAW,A01,A01
procured_balancing_capacity,5,2026-05-23T04:30:00,PT15M,2026-05-23T04:45Z,2026-05-23T04:30Z,1,10.7,5,B95,EUR,A03,A02,5,MAW,MAW,A01,A01
procured_balancing_capacity,5,2026-05-23T04:45:00,PT15M,2026-05-23T05:00Z,2026-05-23T04:45Z,1,10.7,5,B95,EUR,A03,A02,5,MAW,MAW,A01,A01
procured_balancing_capacity,5,2026-05-23T05:00:00,PT15M,2026-05-23T05:15Z,2026-05-23T05:00Z,1,10.7,5,B95,EUR,A03,A02,5,MAW,MAW,A01,A01
procured_balancing_capacity,5,2026-05-23T05:15:00,PT15M,2026-05-23T05:30Z,2026-05-23T05:15Z,1,10.7,5,B95,EUR,A03,A02,5,MAW,MAW,A01,A01
procured_balancing_capacity,5,2026-05-23T05:30:00,PT15M,2026-05-23T05:45Z,2026-05-23T05:30Z,1,10.7,5,B95,EUR,A03,A02,5,MAW,MAW,A01,A01
procured_balancing_capacity,5,2026-05-23T05:45:00,PT15M,2026-05-23T06:00Z,2026-05-23T05:45Z,1,10.7,5,B95,EUR,A03,A02,5,MAW,MAW,A01,A01
procured_balancing_capacity,5,2026-05-23T06:00:00,PT15M,2026-05-23T06:15Z,2026-05-23T06:00Z,1,0,0,B95,EUR,A03,A02,5,MAW,MAW,A01,A01
procured_balancing_capacity,5,2026-05-23T06:15:00,PT15M,2026-05-23T06:30Z,2026-05-23T06:15Z,1,0,0,B95,EUR,A03,A02,5,MAW,MAW,A01,A01
procured_balancing_capacity,5,2026-05-23T06:30:00,PT15M,2026-05-23T06:45Z,2026-05-23T06:30Z,1,0,0,B95,EUR,A03,A02,5,MAW,MAW,A01,A01
procured_balancing_capacity,5,2026-05-23T06:45:00,PT15M,2026-05-23T07:00Z,2026-05-23T06:45Z,1,0,0,B95,EUR,A03,A02,5,MAW,MAW,A01,A01
procured_balancing_capacity,5,2026-05-23T07:00:00,PT15M,2026-05-23T07:15Z,2026-05-23T07:00Z,1,0,0,B95,EUR,A03,A02,5,MAW,MAW,A01,A01
procured_balancing_capacity,5,2026-05-23T07:15:00,PT15M,2026-05-23T07:30Z,2026-05-23T07:15Z,1,0,0,B95,EUR,A03,A02,5,MAW,MAW,A01,A01
procured_balancing_capacity,5,2026-05-23T07:30:00,PT15M,2026-05-23T07:45Z,2026-05-23T07:30Z,1,0,0,B95,EUR,A03,A02,5,MAW,MAW,A01,A01
procured_balancing_capacity,5,2026-05-23T07:45:00,PT15M,2026-05-23T08:00Z,2026-05-23T07:45Z,1,0,0,B95,EUR,A03,A02,5,MAW,MAW,A01,A01
procured_balancing_capacity,5,2026-05-23T08:00:00,PT15M,2026-05-23T08:15Z,2026-05-23T08:00Z,1,0,0,B95,EUR,A03,A02,5,MAW,MAW,A01,A01
procured_balancing_capacity,5,2026-05-23T08:15:00,PT15M,2026-05-23T08:30Z,2026-05-23T08:15Z,1,0,0,B95,EUR,A03,A02,5,MAW,MAW,A01,A01
procured_balancing_capacity,5,2026-05-23T08:30:00,PT15M,2026-05-23T08:45Z,2026-05-23T08:30Z,1,0,0,B95,EUR,A03,A02,5,MAW,MAW,A01,A01
procured_balancing_capacity,5,2026-05-23T08:45:00,PT15M,2026-05-23T09:00Z,2026-05-23T08:45Z,1,0,0,B95,EUR,A03,A02,5,MAW,MAW,A01,A01
procured_balancing_capacity,5,2026-05-23T09:00:00,PT15M,2026-05-23T09:15Z,2026-05-23T09:00Z,1,0,0,B95,EUR,A03,A02,5,MAW,MAW,A01,A01
procured_balancing_capacity,5,2026-05-23T09:15:00,PT15M,2026-05-23T09:30Z,2026-05-23T09:15Z,1,0,0,B95,EUR,A03,A02,5,MAW,MAW,A01,A01
procured_balancing_capacity,5,2026-05-23T09:30:00,PT15M,2026-05-23T09:45Z,2026-05-23T09:30Z,1,0,0,B95,EUR,A03,A02,5,MAW,MAW,A01,A01
procured_balancing_capacity,5,2026-05-23T09:45:00,PT15M,2026-05-23T10:00Z,2026-05-23T09:45Z,1,0,0,B95,EUR,A03,A02,5,MAW,MAW,A01,A01
procured_balancing_capacity,5,2026-05-23T10:00:00,PT15M,2026-05-23T10:15Z,2026-05-23T10:00Z,1,0,0,B95,EUR,A03,A02,5,MAW,MAW,A01,A01
procured_balancing_capacity,5,2026-05-23T10:15:00,PT15M,2026-05-23T10:30Z,2026-05-23T10:15Z,1,0,0,B95,EUR,A03,A02,5,MAW,MAW,A01,A01
procured_balancing_capacity,5,2026-05-23T10:30:00,PT15M,2026-05-23T10:45Z,2026-05-23T10:30Z,1,0,0,B95,EUR,A03,A02,5,MAW,MAW,A01,A01
procured_balancing_capacity,5,2026-05-23T10:45:00,PT15M,2026-05-23T11:00Z,2026-05-23T10:45Z,1,0,0,B95,EUR,A03,A02,5,MAW,MAW,A01,A01
procured_balancing_capacity,5,2026-05-23T11:00:00,PT15M,2026-05-23T11:15Z,2026-05-23T11:00Z,1,0,0,B95,EUR,A03,A02,5,MAW,MAW,A01,A01
procured_balancing_capacity,5,2026-05-23T11:15:00,PT15M,2026-05-23T11:30Z,2026-05-23T11:15Z,1,0,0,B95,EUR,A03,A02,5,MAW,MAW,A01,A01
procured_balancing_capacity,5,2026-05-23T11:30:00,PT15M,2026-05-23T11:45Z,2026-05-23T11:30Z,1,0,0,B95,EUR,A03,A02,5,MAW,MAW,A01,A01
procured_balancing_capacity,5,2026-05-23T11:45:00,PT15M,2026-05-23T12:00Z,2026-05-23T11:45Z,1,0,0,B95,EUR,A03,A02,5,MAW,MAW,A01,A01
procured_balancing_capacity,5,2026-05-23T12:00:00,PT15M,2026-05-23T12:15Z,2026-05-23T12:00Z,1,0,0,B95,EUR,A03,A02,5,MAW,MAW,A01,A01
procured_balancing_capacity,5,2026-05-23T12:15:00,PT15M,2026-05-23T12:30Z,2026-05-23T12:15Z,1,0,0,B95,EUR,A03,A02,5,MAW,MAW,A01,A01
procured_balancing_capacity,5,2026-05-23T12:30:00,PT15M,2026-05-23T12:45Z,2026-05-23T12:30Z,1,0,0,B95,EUR,A03,A02,5,MAW,MAW,A01,A01
procured_balancing_capacity,5,2026-05-23T12:45:00,PT15M,2026-05-23T13:00Z,2026-05-23T12:45Z,1,0,0,B95,EUR,A03,A02,5,MAW,MAW,A01,A01
procured_balancing_capacity,5,2026-05-23T13:00:00,PT15M,2026-05-23T13:15Z,2026-05-23T13:00Z,1,0,0,B95,EUR,A03,A02,5,MAW,MAW,A01,A01
procured_balancing_capacity,5,2026-05-23T13:15:00,PT15M,2026-05-23T13:30Z,2026-05-23T13:15Z,1,0,0,B95,EUR,A03,A02,5,MAW,MAW,A01,A01
procured_balancing_capacity,5,2026-05-23T13:30:00,PT15M,2026-05-23T13:45Z,2026-05-23T13:30Z,1,0,0,B95,EUR,A03,A02,5,MAW,MAW,A01,A01
procured_balancing_capacity,5,2026-05-23T13:45:00,PT15M,2026-05-23T14:00Z,2026-05-23T13:45Z,1,0,0,B95,EUR,A03,A02,5,MAW,MAW,A01,A01
procured_balancing_capacity,5,2026-05-23T14:00:00,PT15M,2026-05-23T14:15Z,2026-05-23T14:00Z,1,0,0,B95,EUR,A03,A02,5,MAW,MAW,A01,A01
procured_balancing_capacity,5,2026-05-23T14:15:00,PT15M,2026-05-23T14:30Z,2026-05-23T14:15Z,1,0,0,B95,EUR,A03,A02,5,MAW,MAW,A01,A01
procured_balancing_capacity,5,2026-05-23T14:30:00,PT15M,2026-05-23T14:45Z,2026-05-23T14:30Z,1,0,0,B95,EUR,A03,A02,5,MAW,MAW,A01,A01
procured_balancing_capacity,5,2026-05-23T14:45:00,PT15M,2026-05-23T15:00Z,2026-05-23T14:45Z,1,0,0,B95,EUR,A03,A02,5,MAW,MAW,A01,A01
procured_balancing_capacity,5,2026-05-23T15:00:00,PT15M,2026-05-23T15:15Z,2026-05-23T15:00Z,1,0,0,B95,EUR,A03,A02,5,MAW,MAW,A01,A01
procured_balancing_capacity,5,2026-05-23T15:15:00,PT15M,2026-05-23T15:30Z,2026-05-23T15:15Z,1,0,0,B95,EUR,A03,A02,5,MAW,MAW,A01,A01
procured_balancing_capacity,5,2026-05-23T15:30:00,PT15M,2026-05-23T15:45Z,2026-05-23T15:30Z,1,0,0,B95,EUR,A03,A02,5,MAW,MAW,A01,A01
procured_balancing_capacity,5,2026-05-23T15:45:00,PT15M,2026-05-23T16:00Z,2026-05-23T15:45Z,1,0,0,B95,EUR,A03,A02,5,MAW,MAW,A01,A01
procured_balancing_capacity,5,2026-05-23T16:00:00,PT15M,2026-05-23T16:15Z,2026-05-23T16:00Z,1,10.7,9,B95,EUR,A03,A02,5,MAW,MAW,A01,A01
procured_balancing_capacity,5,2026-05-23T16:15:00,PT15M,2026-05-23T16:30Z,2026-05-23T16:15Z,1,10.7,9,B95,EUR,A03,A02,5,MAW,MAW,A01,A01
procured_balancing_capacity,5,2026-05-23T16:30:00,PT15M,2026-05-23T16:45Z,2026-05-23T16:30Z,1,10.7,9,B95,EUR,A03,A02,5,MAW,MAW,A01,A01
procured_balancing_capacity,5,2026-05-23T16:45:00,PT15M,2026-05-23T17:00Z,2026-05-23T16:45Z,1,10.7,9,B95,EUR,A03,A02,5,MAW,MAW,A01,A01
procured_balancing_capacity,5,2026-05-23T17:00:00,PT15M,2026-05-23T17:15Z,2026-05-23T17:00Z,1,10.7,12,B95,EUR,A03,A02,5,MAW,MAW,A01,A01
procured_balancing_capacity,5,2026-05-23T17:15:00,PT15M,2026-05-23T17:30Z,2026-05-23T17:15Z,1,10.7,12,B95,EUR,A03,A02,5,MAW,MAW,A01,A01
procured_balancing_capacity,5,2026-05-23T17:30:00,PT15M,2026-05-23T17:45Z,2026-05-23T17:30Z,1,10.7,12,B95,EUR,A03,A02,5,MAW,MAW,A01,A01
procured_balancing_capacity,5,2026-05-23T17:45:00,PT15M,2026-05-23T18:00Z,2026-05-23T17:45Z,1,10.7,12,B95,EUR,A03,A02,5,MAW,MAW,A01,A01
procured_balancing_capacity,5,2026-05-23T18:00:00,PT15M,2026-05-23T18:15Z,2026-05-23T18:00Z,1,10.7,12,B95,EUR,A03,A02,5,MAW,MAW,A01,A01
procured_balancing_capacity,5,2026-05-23T18:15:00,PT15M,2026-05-23T18:30Z,2026-05-23T18:15Z,1,10.7,12,B95,EUR,A03,A02,5,MAW,MAW,A01,A01
procured_balancing_capacity,5,2026-05-23T18:30:00,PT15M,2026-05-23T18:45Z,2026-05-23T18:30Z,1,10.7,12,B95,EUR,A03,A02,5,MAW,MAW,A01,A01
procured_balancing_capacity,5,2026-05-23T18:45:00,PT15M,2026-05-23T19:00Z,2026-05-23T18:45Z,1,10.7,12,B95,EUR,A03,A02,5,MAW,MAW,A01,A01
procured_balancing_capacity,5,2026-05-23T19:00:00,PT15M,2026-05-23T19:15Z,2026-05-23T19:00Z,1,10.7,12,B95,EUR,A03,A02,5,MAW,MAW,A01,A01
procured_balancing_capacity,5,2026-05-23T19:15:00,PT15M,2026-05-23T19:30Z,2026-05-23T19:15Z,1,10.7,12,B95,EUR,A03,A02,5,MAW,MAW,A01,A01
procured_balancing_capacity,5,2026-05-23T19:30:00,PT15M,2026-05-23T19:45Z,2026-05-23T19:30Z,1,10.7,12,B95,EUR,A03,A02,5,MAW,MAW,A01,A01
procured_balancing_capacity,5,2026-05-23T19:45:00,PT15M,2026-05-23T20:00Z,2026-05-23T19:45Z,1,10.7,12,B95,EUR,A03,A02,5,MAW,MAW,A01,A01
procured_balancing_capacity,5,2026-05-23T20:00:00,PT15M,2026-05-23T20:15Z,2026-05-23T20:00Z,1,10.7,9,B95,EUR,A03,A02,5,MAW,MAW,A01,A01
procured_balancing_capacity,5,2026-05-23T20:15:00,PT15M,2026-05-23T20:30Z,2026-05-23T20:15Z,1,10.7,9,B95,EUR,A03,A02,5,MAW,MAW,A01,A01
procured_balancing_capacity,5,2026-05-23T20:30:00,PT15M,2026-05-23T20:45Z,2026-05-23T20:30Z,1,10.7,9,B95,EUR,A03,A02,5,MAW,MAW,A01,A01
procured_balancing_capacity,5,2026-05-23T20:45:00,PT15M,2026-05-23T21:00Z,2026-05-23T20:45Z,1,10.7,9,B95,EUR,A03,A02,5,MAW,MAW,A01,A01
procured_balancing_capacity,5,2026-05-23T21:00:00,PT15M,2026-05-23T21:15Z,2026-05-23T21:00Z,1,10.7,9,B95,EUR,A03,A02,5,MAW,MAW,A01,A01
procured_balancing_capacity,5,2026-05-23T21:15:00,PT15M,2026-05-23T21:30Z,2026-05-23T21:15Z,1,10.7,9,B95,EUR,A03,A02,5,MAW,MAW,A01,A01
procured_balancing_capacity,5,2026-05-23T21:30:00,PT15M,2026-05-23T21:45Z,2026-05-23T21:30Z,1,10.7,9,B95,EUR,A03,A02,5,MAW,MAW,A01,A01
procured_balancing_capacity,5,2026-05-23T21:45:00,PT15M,2026-05-23T22:00Z,2026-05-23T21:45Z,1,10.7,9,B95,EUR,A03,A02,5,MAW,MAW,A01,A01
procured_balancing_capacity,6,2026-05-22T22:00:00,PT15M,2026-05-22T22:15Z,2026-05-22T22:00Z,1,29.4,1,B95,EUR,A03,A01,6,MAW,MAW,A01,A01
procured_balancing_capacity,6,2026-05-22T22:15:00,PT15M,2026-05-22T22:30Z,2026-05-22T22:15Z,1,29.4,1,B95,EUR,A03,A01,6,MAW,MAW,A01,A01
procured_balancing_capacity,6,2026-05-22T22:30:00,PT15M,2026-05-22T22:45Z,2026-05-22T22:30Z,1,29.4,1,B95,EUR,A03,A01,6,MAW,MAW,A01,A01
procured_balancing_capacity,6,2026-05-22T22:45:00,PT15M,2026-05-22T23:00Z,2026-05-22T22:45Z,1,29.4,1,B95,EUR,A03,A01,6,MAW,MAW,A01,A01
procured_balancing_capacity,6,2026-05-22T23:00:00,PT15M,2026-05-22T23:15Z,2026-05-22T23:00Z,1,29.4,1,B95,EUR,A03,A01,6,MAW,MAW,A01,A01
procured_balancing_capacity,6,2026-05-22T23:15:00,PT15M,2026-05-22T23:30Z,2026-05-22T23:15Z,1,29.4,1,B95,EUR,A03,A01,6,MAW,MAW,A01,A01
procured_balancing_capacity,6,2026-05-22T23:30:00,PT15M,2026-05-22T23:45Z,2026-05-22T23:30Z,1,29.4,1,B95,EUR,A03,A01,6,MAW,MAW,A01,A01
procured_balancing_capacity,6,2026-05-22T23:45:00,PT15M,2026-05-23T00:00Z,2026-05-22T23:45Z,1,29.4,1,B95,EUR,A03,A01,6,MAW,MAW,A01,A01
procured_balancing_capacity,6,2026-05-23T00:00:00,PT15M,2026-05-23T00:15Z,2026-05-23T00:00Z,1,29.4,1,B95,EUR,A03,A01,6,MAW,MAW,A01,A01
procured_balancing_capacity,6,2026-05-23T00:15:00,PT15M,2026-05-23T00:30Z,2026-05-23T00:15Z,1,29.4,1,B95,EUR,A03,A01,6,MAW,MAW,A01,A01
procured_balancing_capacity,6,2026-05-23T00:30:00,PT15M,2026-05-23T00:45Z,2026-05-23T00:30Z,1,29.4,1,B95,EUR,A03,A01,6,MAW,MAW,A01,A01
procured_balancing_capacity,6,2026-05-23T00:45:00,PT15M,2026-05-23T01:00Z,2026-05-23T00:45Z,1,29.4,1,B95,EUR,A03,A01,6,MAW,MAW,A01,A01
procured_balancing_capacity,6,2026-05-23T01:00:00,PT15M,2026-05-23T01:15Z,2026-05-23T01:00Z,1,24.6,1,B95,EUR,A03,A01,6,MAW,MAW,A01,A01
procured_balancing_capacity,6,2026-05-23T01:15:00,PT15M,2026-05-23T01:30Z,2026-05-23T01:15Z,1,24.6,1,B95,EUR,A03,A01,6,MAW,MAW,A01,A01
procured_balancing_capacity,6,2026-05-23T01:30:00,PT15M,2026-05-23T01:45Z,2026-05-23T01:30Z,1,25.8,1,B95,EUR,A03,A01,6,MAW,MAW,A01,A01
procured_balancing_capacity,6,2026-05-23T01:45:00,PT15M,2026-05-23T02:00Z,2026-05-23T01:45Z,1,25.8,1,B95,EUR,A03,A01,6,MAW,MAW,A01,A01
procured_balancing_capacity,6,2026-05-23T02:00:00,PT15M,2026-05-23T02:15Z,2026-05-23T02:00Z,1,34.2,1,B95,EUR,A03,A01,6,MAW,MAW,A01,A01
procured_balancing_capacity,6,2026-05-23T02:15:00,PT15M,2026-05-23T02:30Z,2026-05-23T02:15Z,1,34.2,1,B95,EUR,A03,A01,6,MAW,MAW,A01,A01
procured_balancing_capacity,6,2026-05-23T02:30:00,PT15M,2026-05-23T02:45Z,2026-05-23T02:30Z,1,34.2,1,B95,EUR,A03,A01,6,MAW,MAW,A01,A01
procured_balancing_capacity,6,2026-05-23T02:45:00,PT15M,2026-05-23T03:00Z,2026-05-23T02:45Z,1,34.2,1,B95,EUR,A03,A01,6,MAW,MAW,A01,A01
procured_balancing_capacity,6,2026-05-23T03:00:00,PT15M,2026-05-23T03:15Z,2026-05-23T03:00Z,1,34.2,1,B95,EUR,A03,A01,6,MAW,MAW,A01,A01
procured_balancing_capacity,6,2026-05-23T03:15:00,PT15M,2026-05-23T03:30Z,2026-05-23T03:15Z,1,34.2,1,B95,EUR,A03,A01,6,MAW,MAW,A01,A01
procured_balancing_capacity,6,2026-05-23T03:30:00,PT15M,2026-05-23T03:45Z,2026-05-23T03:30Z,1,34.2,1,B95,EUR,A03,A01,6,MAW,MAW,A01,A01
procured_balancing_capacity,6,2026-05-23T03:45:00,PT15M,2026-05-23T04:00Z,2026-05-23T03:45Z,1,34.2,1,B95,EUR,A03,A01,6,MAW,MAW,A01,A01
procured_balancing_capacity,6,2026-05-23T04:00:00,PT15M,2026-05-23T04:15Z,2026-05-23T04:00Z,1,34.2,1,B95,EUR,A03,A01,6,MAW,MAW,A01,A01
procured_balancing_capacity,6,2026-05-23T04:15:00,PT15M,2026-05-23T04:30Z,2026-05-23T04:15Z,1,34.2,1,B95,EUR,A03,A01,6,MAW,MAW,A01,A01
procured_balancing_capacity,6,2026-05-23T04:30:00,PT15M,2026-05-23T04:45Z,2026-05-23T04:30Z,1,34.2,1,B95,EUR,A03,A01,6,MAW,MAW,A01,A01
procured_balancing_capacity,6,2026-05-23T04:45:00,PT15M,2026-05-23T05:00Z,2026-05-23T04:45Z,1,34.2,1,B95,EUR,A03,A01,6,MAW,MAW,A01,A01
procured_balancing_capacity,6,2026-05-23T05:00:00,PT15M,2026-05-23T05:15Z,2026-05-23T05:00Z,1,34.2,1,B95,EUR,A03,A01,6,MAW,MAW,A01,A01
procured_balancing_capacity,6,2026-05-23T05:15:00,PT15M,2026-05-23T05:30Z,2026-05-23T05:15Z,1,34.2,1,B95,EUR,A03,A01,6,MAW,MAW,A01,A01
procured_balancing_capacity,6,2026-05-23T05:30:00,PT15M,2026-05-23T05:45Z,2026-05-23T05:30Z,1,34.2,1,B95,EUR,A03,A01,6,MAW,MAW,A01,A01
procured_balancing_capacity,6,2026-05-23T05:45:00,PT15M,2026-05-23T06:00Z,2026-05-23T05:45Z,1,34.2,1,B95,EUR,A03,A01,6,MAW,MAW,A01,A01
procured_balancing_capacity,6,2026-05-23T06:00:00,PT15M,2026-05-23T06:15Z,2026-05-23T06:00Z,1,34.2,1,B95,EUR,A03,A01,6,MAW,MAW,A01,A01
procured_balancing_capacity,6,2026-05-23T06:15:00,PT15M,2026-05-23T06:30Z,2026-05-23T06:15Z,1,34.2,1,B95,EUR,A03,A01,6,MAW,MAW,A01,A01
procured_balancing_capacity,6,2026-05-23T06:30:00,PT15M,2026-05-23T06:45Z,2026-05-23T06:30Z,1,34.2,1,B95,EUR,A03,A01,6,MAW,MAW,A01,A01
procured_balancing_capacity,6,2026-05-23T06:45:00,PT15M,2026-05-23T07:00Z,2026-05-23T06:45Z,1,34.2,1,B95,EUR,A03,A01,6,MAW,MAW,A01,A01
procured_balancing_capacity,6,2026-05-23T07:00:00,PT15M,2026-05-23T07:15Z,2026-05-23T07:00Z,1,34.2,1,B95,EUR,A03,A01,6,MAW,MAW,A01,A01
procured_balancing_capacity,6,2026-05-23T07:15:00,PT15M,2026-05-23T07:30Z,2026-05-23T07:15Z,1,34.2,1,B95,EUR,A03,A01,6,MAW,MAW,A01,A01
procured_balancing_capacity,6,2026-05-23T07:30:00,PT15M,2026-05-23T07:45Z,2026-05-23T07:30Z,1,34.2,1,B95,EUR,A03,A01,6,MAW,MAW,A01,A01
procured_balancing_capacity,6,2026-05-23T07:45:00,PT15M,2026-05-23T08:00Z,2026-05-23T07:45Z,1,34.2,1,B95,EUR,A03,A01,6,MAW,MAW,A01,A01
procured_balancing_capacity,6,2026-05-23T08:00:00,PT15M,2026-05-23T08:15Z,2026-05-23T08:00Z,1,34.2,1,B95,EUR,A03,A01,6,MAW,MAW,A01,A01
procured_balancing_capacity,6,2026-05-23T08:15:00,PT15M,2026-05-23T08:30Z,2026-05-23T08:15Z,1,34.2,1,B95,EUR,A03,A01,6,MAW,MAW,A01,A01
procured_balancing_capacity,6,2026-05-23T08:30:00,PT15M,2026-05-23T08:45Z,2026-05-23T08:30Z,1,34.2,1,B95,EUR,A03,A01,6,MAW,MAW,A01,A01
procured_balancing_capacity,6,2026-05-23T08:45:00,PT15M,2026-05-23T09:00Z,2026-05-23T08:45Z,1,34.2,1,B95,EUR,A03,A01,6,MAW,MAW,A01,A01
procured_balancing_capacity,6,2026-05-23T09:00:00,PT15M,2026-05-23T09:15Z,2026-05-23T09:00Z,1,34.2,1,B95,EUR,A03,A01,6,MAW,MAW,A01,A01
procured_balancing_capacity,6,2026-05-23T09:15:00,PT15M,2026-05-23T09:30Z,2026-05-23T09:15Z,1,34.2,1,B95,EUR,A03,A01,6,MAW,MAW,A01,A01
procured_balancing_capacity,6,2026-05-23T09:30:00,PT15M,2026-05-23T09:45Z,2026-05-23T09:30Z,1,34.2,1,B95,EUR,A03,A01,6,MAW,MAW,A01,A01
procured_balancing_capacity,6,2026-05-23T09:45:00,PT15M,2026-05-23T10:00Z,2026-05-23T09:45Z,1,34.2,1,B95,EUR,A03,A01,6,MAW,MAW,A01,A01
procured_balancing_capacity,6,2026-05-23T10:00:00,PT15M,2026-05-23T10:15Z,2026-05-23T10:00Z,1,34.2,1,B95,EUR,A03,A01,6,MAW,MAW,A01,A01
procured_balancing_capacity,6,2026-05-23T10:15:00,PT15M,2026-05-23T10:30Z,2026-05-23T10:15Z,1,34.2,1,B95,EUR,A03,A01,6,MAW,MAW,A01,A01
procured_balancing_capacity,6,2026-05-23T10:30:00,PT15M,2026-05-23T10:45Z,2026-05-23T10:30Z,1,34.2,1,B95,EUR,A03,A01,6,MAW,MAW,A01,A01
procured_balancing_capacity,6,2026-05-23T10:45:00,PT15M,2026-05-23T11:00Z,2026-05-23T10:45Z,1,34.2,1,B95,EUR,A03,A01,6,MAW,MAW,A01,A01
procured_balancing_capacity,6,2026-05-23T11:00:00,PT15M,2026-05-23T11:15Z,2026-05-23T11:00Z,1,34.2,1,B95,EUR,A03,A01,6,MAW,MAW,A01,A01
procured_balancing_capacity,6,2026-05-23T11:15:00,PT15M,2026-05-23T11:30Z,2026-05-23T11:15Z,1,34.2,1,B95,EUR,A03,A01,6,MAW,MAW,A01,A01
procured_balancing_capacity,6,2026-05-23T11:30:00,PT15M,2026-05-23T11:45Z,2026-05-23T11:30Z,1,34.2,1,B95,EUR,A03,A01,6,MAW,MAW,A01,A01
procured_balancing_capacity,6,2026-05-23T11:45:00,PT15M,2026-05-23T12:00Z,2026-05-23T11:45Z,1,34.2,1,B95,EUR,A03,A01,6,MAW,MAW,A01,A01
procured_balancing_capacity,6,2026-05-23T12:00:00,PT15M,2026-05-23T12:15Z,2026-05-23T12:00Z,1,34.2,1,B95,EUR,A03,A01,6,MAW,MAW,A01,A01
procured_balancing_capacity,6,2026-05-23T12:15:00,PT15M,2026-05-23T12:30Z,2026-05-23T12:15Z,1,34.2,1,B95,EUR,A03,A01,6,MAW,MAW,A01,A01
procured_balancing_capacity,6,2026-05-23T12:30:00,PT15M,2026-05-23T12:45Z,2026-05-23T12:30Z,1,34.2,1,B95,EUR,A03,A01,6,MAW,MAW,A01,A01
procured_balancing_capacity,6,2026-05-23T12:45:00,PT15M,2026-05-23T13:00Z,2026-05-23T12:45Z,1,34.2,1,B95,EUR,A03,A01,6,MAW,MAW,A01,A01
procured_balancing_capacity,6,2026-05-23T13:00:00,PT15M,2026-05-23T13:15Z,2026-05-23T13:00Z,1,34.2,1,B95,EUR,A03,A01,6,MAW,MAW,A01,A01
procured_balancing_capacity,6,2026-05-23T13:15:00,PT15M,2026-05-23T13:30Z,2026-05-23T13:15Z,1,34.2,1,B95,EUR,A03,A01,6,MAW,MAW,A01,A01
procured_balancing_capacity,6,2026-05-23T13:30:00,PT15M,2026-05-23T13:45Z,2026-05-23T13:30Z,1,34.2,1,B95,EUR,A03,A01,6,MAW,MAW,A01,A01
procured_balancing_capacity,6,2026-05-23T13:45:00,PT15M,2026-05-23T14:00Z,2026-05-23T13:45Z,1,34.2,1,B95,EUR,A03,A01,6,MAW,MAW,A01,A01
procured_balancing_capacity,6,2026-05-23T14:00:00,PT15M,2026-05-23T14:15Z,2026-05-23T14:00Z,1,34.2,1,B95,EUR,A03,A01,6,MAW,MAW,A01,A01
procured_balancing_capacity,6,2026-05-23T14:15:00,PT15M,2026-05-23T14:30Z,2026-05-23T14:15Z,1,34.2,1,B95,EUR,A03,A01,6,MAW,MAW,A01,A01
procured_balancing_capacity,6,2026-05-23T14:30:00,PT15M,2026-05-23T14:45Z,2026-05-23T14:30Z,1,34.2,1,B95,EUR,A03,A01,6,MAW,MAW,A01,A01
procured_balancing_capacity,6,2026-05-23T14:45:00,PT15M,2026-05-23T15:00Z,2026-05-23T14:45Z,1,34.2,1,B95,EUR,A03,A01,6,MAW,MAW,A01,A01
procured_balancing_capacity,6,2026-05-23T15:00:00,PT15M,2026-05-23T15:15Z,2026-05-23T15:00Z,1,34.2,1,B95,EUR,A03,A01,6,MAW,MAW,A01,A01
procured_balancing_capacity,6,2026-05-23T15:15:00,PT15M,2026-05-23T15:30Z,2026-05-23T15:15Z,1,34.2,1,B95,EUR,A03,A01,6,MAW,MAW,A01,A01
procured_balancing_capacity,6,2026-05-23T15:30:00,PT15M,2026-05-23T15:45Z,2026-05-23T15:30Z,1,34.2,1,B95,EUR,A03,A01,6,MAW,MAW,A01,A01
procured_balancing_capacity,6,2026-05-23T15:45:00,PT15M,2026-05-23T16:00Z,2026-05-23T15:45Z,1,34.2,1,B95,EUR,A03,A01,6,MAW,MAW,A01,A01
procured_balancing_capacity,6,2026-05-23T16:00:00,PT15M,2026-05-23T16:15Z,2026-05-23T16:00Z,1,34.2,1,B95,EUR,A03,A01,6,MAW,MAW,A01,A01
procured_balancing_capacity,6,2026-05-23T16:15:00,PT15M,2026-05-23T16:30Z,2026-05-23T16:15Z,1,34.2,1,B95,EUR,A03,A01,6,MAW,MAW,A01,A01
procured_balancing_capacity,6,2026-05-23T16:30:00,PT15M,2026-05-23T16:45Z,2026-05-23T16:30Z,1,34.2,1,B95,EUR,A03,A01,6,MAW,MAW,A01,A01
procured_balancing_capacity,6,2026-05-23T16:45:00,PT15M,2026-05-23T17:00Z,2026-05-23T16:45Z,1,34.2,1,B95,EUR,A03,A01,6,MAW,MAW,A01,A01
procured_balancing_capacity,6,2026-05-23T17:00:00,PT15M,2026-05-23T17:15Z,2026-05-23T17:00Z,1,34.2,1,B95,EUR,A03,A01,6,MAW,MAW,A01,A01
procured_balancing_capacity,6,2026-05-23T17:15:00,PT15M,2026-05-23T17:30Z,2026-05-23T17:15Z,1,34.2,1,B95,EUR,A03,A01,6,MAW,MAW,A01,A01
procured_balancing_capacity,6,2026-05-23T17:30:00,PT15M,2026-05-23T17:45Z,2026-05-23T17:30Z,1,34.2,1,B95,EUR,A03,A01,6,MAW,MAW,A01,A01
procured_balancing_capacity,6,2026-05-23T17:45:00,PT15M,2026-05-23T18:00Z,2026-05-23T17:45Z,1,34.2,1,B95,EUR,A03,A01,6,MAW,MAW,A01,A01
procured_balancing_capacity,6,2026-05-23T18:00:00,PT15M,2026-05-23T18:15Z,2026-05-23T18:00Z,1,34.2,1,B95,EUR,A03,A01,6,MAW,MAW,A01,A01
procured_balancing_capacity,6,2026-05-23T18:15:00,PT15M,2026-05-23T18:30Z,2026-05-23T18:15Z,1,34.2,1,B95,EUR,A03,A01,6,MAW,MAW,A01,A01
procured_balancing_capacity,6,2026-05-23T18:30:00,PT15M,2026-05-23T18:45Z,2026-05-23T18:30Z,1,34.2,1,B95,EUR,A03,A01,6,MAW,MAW,A01,A01
procured_balancing_capacity,6,2026-05-23T18:45:00,PT15M,2026-05-23T19:00Z,2026-05-23T18:45Z,1,34.2,1,B95,EUR,A03,A01,6,MAW,MAW,A01,A01
procured_balancing_capacity,6,2026-05-23T19:00:00,PT15M,2026-05-23T19:15Z,2026-05-23T19:00Z,1,31.1,1,B95,EUR,A03,A01,6,MAW,MAW,A01,A01
procured_balancing_capacity,6,2026-05-23T19:15:00,PT15M,2026-05-23T19:30Z,2026-05-23T19:15Z,1,31.1,1,B95,EUR,A03,A01,6,MAW,MAW,A01,A01
procured_balancing_capacity,6,2026-05-23T19:30:00,PT15M,2026-05-23T19:45Z,2026-05-23T19:30Z,1,31.1,1,B95,EUR,A03,A01,6,MAW,MAW,A01,A01
procured_balancing_capacity,6,2026-05-23T19:45:00,PT15M,2026-05-23T20:00Z,2026-05-23T19:45Z,1,31.1,1,B95,EUR,A03,A01,6,MAW,MAW,A01,A01
procured_balancing_capacity,6,2026-05-23T20:00:00,PT15M,2026-05-23T20:15Z,2026-05-23T20:00Z,1,29.4,1,B95,EUR,A03,A01,6,MAW,MAW,A01,A01
procured_balancing_capacity,6,2026-05-23T20:15:00,PT15M,2026-05-23T20:30Z,2026-05-23T20:15Z,1,29.4,1,B95,EUR,A03,A01,6,MAW,MAW,A01,A01
procured_balancing_capacity,6,2026-05-23T20:30:00,PT15M,2026-05-23T20:45Z,2026-05-23T20:30Z,1,29.4,1,B95,EUR,A03,A01,6,MAW,MAW,A01,A01
procured_balancing_capacity,6,2026-05-23T20:45:00,PT15M,2026-05-23T21:00Z,2026-05-23T20:45Z,1,29.4,1,B95,EUR,A03,A01,6,MAW,MAW,A01,A01
procured_balancing_capacity,6,2026-05-23T21:00:00,PT15M,2026-05-23T21:15Z,2026-05-23T21:00Z,1,29.4,1,B95,EUR,A03,A01,6,MAW,MAW,A01,A01
procured_balancing_capacity,6,2026-05-23T21:15:00,PT15M,2026-05-23T21:30Z,2026-05-23T21:15Z,1,29.4,1,B95,EUR,A03,A01,6,MAW,MAW,A01,A01
procured_balancing_capacity,6,2026-05-23T21:30:00,PT15M,2026-05-23T21:45Z,2026-05-23T21:30Z,1,29.4,1,B95,EUR,A03,A01,6,MAW,MAW,A01,A01
procured_balancing_capacity,6,2026-05-23T21:45:00,PT15M,2026-05-23T22:00Z,2026-05-23T21:45Z,1,29.4,1,B95,EUR,A03,A01,6,MAW,MAW,A01,A01
procured_balancing_capacity,7,2026-05-22T22:00:00,PT15M,2026-05-22T22:15Z,2026-05-22T22:00Z,1,16,0,B95,EUR,A03,A01,7,MAW,MAW,A01,A01
procured_balancing_capacity,7,2026-05-22T22:15:00,PT15M,2026-05-22T22:30Z,2026-05-22T22:15Z,1,16,0,B95,EUR,A03,A01,7,MAW,MAW,A01,A01
procured_balancing_capacity,7,2026-05-22T22:30:00,PT15M,2026-05-22T22:45Z,2026-05-22T22:30Z,1,16,0,B95,EUR,A03,A01,7,MAW,MAW,A01,A01
procured_balancing_capacity,7,2026-05-22T22:45:00,PT15M,2026-05-22T23:00Z,2026-05-22T22:45Z,1,16,0,B95,EUR,A03,A01,7,MAW,MAW,A01,A01
procured_balancing_capacity,7,2026-05-22T23:00:00,PT15M,2026-05-22T23:15Z,2026-05-22T23:00Z,1,16,0,B95,EUR,A03,A01,7,MAW,MAW,A01,A01
procured_balancing_capacity,7,2026-05-22T23:15:00,PT15M,2026-05-22T23:30Z,2026-05-22T23:15Z,1,16,0,B95,EUR,A03,A01,7,MAW,MAW,A01,A01
procured_balancing_capacity,7,2026-05-22T23:30:00,PT15M,2026-05-22T23:45Z,2026-05-22T23:30Z,1,16,0,B95,EUR,A03,A01,7,MAW,MAW,A01,A01
procured_balancing_capacity,7,2026-05-22T23:45:00,PT15M,2026-05-23T00:00Z,2026-05-22T23:45Z,1,16,0,B95,EUR,A03,A01,7,MAW,MAW,A01,A01
procured_balancing_capacity,7,2026-05-23T00:00:00,PT15M,2026-05-23T00:15Z,2026-05-23T00:00Z,1,16,0,B95,EUR,A03,A01,7,MAW,MAW,A01,A01
procured_balancing_capacity,7,2026-05-23T00:15:00,PT15M,2026-05-23T00:30Z,2026-05-23T00:15Z,1,16,0,B95,EUR,A03,A01,7,MAW,MAW,A01,A01
procured_balancing_capacity,7,2026-05-23T00:30:00,PT15M,2026-05-23T00:45Z,2026-05-23T00:30Z,1,16,0,B95,EUR,A03,A01,7,MAW,MAW,A01,A01
procured_balancing_capacity,7,2026-05-23T00:45:00,PT15M,2026-05-23T01:00Z,2026-05-23T00:45Z,1,16,0,B95,EUR,A03,A01,7,MAW,MAW,A01,A01
procured_balancing_capacity,7,2026-05-23T01:00:00,PT15M,2026-05-23T01:15Z,2026-05-23T01:00Z,1,16,0,B95,EUR,A03,A01,7,MAW,MAW,A01,A01
procured_balancing_capacity,7,2026-05-23T01:15:00,PT15M,2026-05-23T01:30Z,2026-05-23T01:15Z,1,16,0,B95,EUR,A03,A01,7,MAW,MAW,A01,A01
procured_balancing_capacity,7,2026-05-23T01:30:00,PT15M,2026-05-23T01:45Z,2026-05-23T01:30Z,1,16,0,B95,EUR,A03,A01,7,MAW,MAW,A01,A01
procured_balancing_capacity,7,2026-05-23T01:45:00,PT15M,2026-05-23T02:00Z,2026-05-23T01:45Z,1,16,0,B95,EUR,A03,A01,7,MAW,MAW,A01,A01
procured_balancing_capacity,7,2026-05-23T02:00:00,PT15M,2026-05-23T02:15Z,2026-05-23T02:00Z,1,16,0,B95,EUR,A03,A01,7,MAW,MAW,A01,A01
procured_balancing_capacity,7,2026-05-23T02:15:00,PT15M,2026-05-23T02:30Z,2026-05-23T02:15Z,1,16,0,B95,EUR,A03,A01,7,MAW,MAW,A01,A01
procured_balancing_capacity,7,2026-05-23T02:30:00,PT15M,2026-05-23T02:45Z,2026-05-23T02:30Z,1,16,0,B95,EUR,A03,A01,7,MAW,MAW,A01,A01
procured_balancing_capacity,7,2026-05-23T02:45:00,PT15M,2026-05-23T03:00Z,2026-05-23T02:45Z,1,16,0,B95,EUR,A03,A01,7,MAW,MAW,A01,A01
procured_balancing_capacity,7,2026-05-23T03:00:00,PT15M,2026-05-23T03:15Z,2026-05-23T03:00Z,1,16,0,B95,EUR,A03,A01,7,MAW,MAW,A01,A01
procured_balancing_capacity,7,2026-05-23T03:15:00,PT15M,2026-05-23T03:30Z,2026-05-23T03:15Z,1,16,0,B95,EUR,A03,A01,7,MAW,MAW,A01,A01
procured_balancing_capacity,7,2026-05-23T03:30:00,PT15M,2026-05-23T03:45Z,2026-05-23T03:30Z,1,16,0,B95,EUR,A03,A01,7,MAW,MAW,A01,A01
procured_balancing_capacity,7,2026-05-23T03:45:00,PT15M,2026-05-23T04:00Z,2026-05-23T03:45Z,1,16,0,B95,EUR,A03,A01,7,MAW,MAW,A01,A01
procured_balancing_capacity,7,2026-05-23T04:00:00,PT15M,2026-05-23T04:15Z,2026-05-23T04:00Z,1,28.8,0,B95,EUR,A03,A01,7,MAW,MAW,A01,A01
procured_balancing_capacity,7,2026-05-23T04:15:00,PT15M,2026-05-23T04:30Z,2026-05-23T04:15Z,1,28.8,0,B95,EUR,A03,A01,7,MAW,MAW,A01,A01
procured_balancing_capacity,7,2026-05-23T04:30:00,PT15M,2026-05-23T04:45Z,2026-05-23T04:30Z,1,28.8,0,B95,EUR,A03,A01,7,MAW,MAW,A01,A01
procured_balancing_capacity,7,2026-05-23T04:45:00,PT15M,2026-05-23T05:00Z,2026-05-23T04:45Z,1,28.8,0,B95,EUR,A03,A01,7,MAW,MAW,A01,A01
procured_balancing_capacity,7,2026-05-23T05:00:00,PT15M,2026-05-23T05:15Z,2026-05-23T05:00Z,1,28.8,0,B95,EUR,A03,A01,7,MAW,MAW,A01,A01
procured_balancing_capacity,7,2026-05-23T05:15:00,PT15M,2026-05-23T05:30Z,2026-05-23T05:15Z,1,28.8,0,B95,EUR,A03,A01,7,MAW,MAW,A01,A01
procured_balancing_capacity,7,2026-05-23T05:30:00,PT15M,2026-05-23T05:45Z,2026-05-23T05:30Z,1,28.8,0,B95,EUR,A03,A01,7,MAW,MAW,A01,A01
procured_balancing_capacity,7,2026-05-23T05:45:00,PT15M,2026-05-23T06:00Z,2026-05-23T05:45Z,1,28.8,0,B95,EUR,A03,A01,7,MAW,MAW,A01,A01
procured_balancing_capacity,7,2026-05-23T06:00:00,PT15M,2026-05-23T06:15Z,2026-05-23T06:00Z,1,31.55,0,B95,EUR,A03,A01,7,MAW,MAW,A01,A01
procured_balancing_capacity,7,2026-05-23T06:15:00,PT15M,2026-05-23T06:30Z,2026-05-23T06:15Z,1,31.55,0,B95,EUR,A03,A01,7,MAW,MAW,A01,A01
procured_balancing_capacity,7,2026-05-23T06:30:00,PT15M,2026-05-23T06:45Z,2026-05-23T06:30Z,1,31.55,0,B95,EUR,A03,A01,7,MAW,MAW,A01,A01
procured_balancing_capacity,7,2026-05-23T06:45:00,PT15M,2026-05-23T07:00Z,2026-05-23T06:45Z,1,31.55,0,B95,EUR,A03,A01,7,MAW,MAW,A01,A01
procured_balancing_capacity,7,2026-05-23T07:00:00,PT15M,2026-05-23T07:15Z,2026-05-23T07:00Z,1,34.3,0,B95,EUR,A03,A01,7,MAW,MAW,A01,A01
procured_balancing_capacity,7,2026-05-23T07:15:00,PT15M,2026-05-23T07:30Z,2026-05-23T07:15Z,1,34.3,0,B95,EUR,A03,A01,7,MAW,MAW,A01,A01
procured_balancing_capacity,7,2026-05-23T07:30:00,PT15M,2026-05-23T07:45Z,2026-05-23T07:30Z,1,34.3,0,B95,EUR,A03,A01,7,MAW,MAW,A01,A01
procured_balancing_capacity,7,2026-05-23T07:45:00,PT15M,2026-05-23T08:00Z,2026-05-23T07:45Z,1,34.3,0,B95,EUR,A03,A01,7,MAW,MAW,A01,A01
procured_balancing_capacity,7,2026-05-23T08:00:00,PT15M,2026-05-23T08:15Z,2026-05-23T08:00Z,1,34.3,0,B95,EUR,A03,A01,7,MAW,MAW,A01,A01
procured_balancing_capacity,7,2026-05-23T08:15:00,PT15M,2026-05-23T08:30Z,2026-05-23T08:15Z,1,34.3,0,B95,EUR,A03,A01,7,MAW,MAW,A01,A01
procured_balancing_capacity,7,2026-05-23T08:30:00,PT15M,2026-05-23T08:45Z,2026-05-23T08:30Z,1,34.3,0,B95,EUR,A03,A01,7,MAW,MAW,A01,A01
procured_balancing_capacity,7,2026-05-23T08:45:00,PT15M,2026-05-23T09:00Z,2026-05-23T08:45Z,1,34.3,0,B95,EUR,A03,A01,7,MAW,MAW,A01,A01
procured_balancing_capacity,7,2026-05-23T09:00:00,PT15M,2026-05-23T09:15Z,2026-05-23T09:00Z,1,34.3,0,B95,EUR,A03,A01,7,MAW,MAW,A01,A01
procured_balancing_capacity,7,2026-05-23T09:15:00,PT15M,2026-05-23T09:30Z,2026-05-23T09:15Z,1,34.3,0,B95,EUR,A03,A01,7,MAW,MAW,A01,A01
procured_balancing_capacity,7,2026-05-23T09:30:00,PT15M,2026-05-23T09:45Z,2026-05-23T09:30Z,1,34.3,0,B95,EUR,A03,A01,7,MAW,MAW,A01,A01
procured_balancing_capacity,7,2026-05-23T09:45:00,PT15M,2026-05-23T10:00Z,2026-05-23T09:45Z,1,34.3,0,B95,EUR,A03,A01,7,MAW,MAW,A01,A01
procured_balancing_capacity,7,2026-05-23T10:00:00,PT15M,2026-05-23T10:15Z,2026-05-23T10:00Z,1,34.3,0,B95,EUR,A03,A01,7,MAW,MAW,A01,A01
procured_balancing_capacity,7,2026-05-23T10:15:00,PT15M,2026-05-23T10:30Z,2026-05-23T10:15Z,1,34.3,0,B95,EUR,A03,A01,7,MAW,MAW,A01,A01
procured_balancing_capacity,7,2026-05-23T10:30:00,PT15M,2026-05-23T10:45Z,2026-05-23T10:30Z,1,34.3,0,B95,EUR,A03,A01,7,MAW,MAW,A01,A01
procured_balancing_capacity,7,2026-05-23T10:45:00,PT15M,2026-05-23T11:00Z,2026-05-23T10:45Z,1,34.3,0,B95,EUR,A03,A01,7,MAW,MAW,A01,A01
procured_balancing_capacity,7,2026-05-23T11:00:00,PT15M,2026-05-23T11:15Z,2026-05-23T11:00Z,1,34.3,0,B95,EUR,A03,A01,7,MAW,MAW,A01,A01
procured_balancing_capacity,7,2026-05-23T11:15:00,PT15M,2026-05-23T11:30Z,2026-05-23T11:15Z,1,34.3,0,B95,EUR,A03,A01,7,MAW,MAW,A01,A01
procured_balancing_capacity,7,2026-05-23T11:30:00,PT15M,2026-05-23T11:45Z,2026-05-23T11:30Z,1,34.3,0,B95,EUR,A03,A01,7,MAW,MAW,A01,A01
procured_balancing_capacity,7,2026-05-23T11:45:00,PT15M,2026-05-23T12:00Z,2026-05-23T11:45Z,1,34.3,0,B95,EUR,A03,A01,7,MAW,MAW,A01,A01
procured_balancing_capacity,7,2026-05-23T12:00:00,PT15M,2026-05-23T12:15Z,2026-05-23T12:00Z,1,34.3,0,B95,EUR,A03,A01,7,MAW,MAW,A01,A01
procured_balancing_capacity,7,2026-05-23T12:15:00,PT15M,2026-05-23T12:30Z,2026-05-23T12:15Z,1,34.3,0,B95,EUR,A03,A01,7,MAW,MAW,A01,A01
procured_balancing_capacity,7,2026-05-23T12:30:00,PT15M,2026-05-23T12:45Z,2026-05-23T12:30Z,1,34.3,0,B95,EUR,A03,A01,7,MAW,MAW,A01,A01
procured_balancing_capacity,7,2026-05-23T12:45:00,PT15M,2026-05-23T13:00Z,2026-05-23T12:45Z,1,34.3,0,B95,EUR,A03,A01,7,MAW,MAW,A01,A01
procured_balancing_capacity,7,2026-05-23T13:00:00,PT15M,2026-05-23T13:15Z,2026-05-23T13:00Z,1,34.3,0,B95,EUR,A03,A01,7,MAW,MAW,A01,A01
procured_balancing_capacity,7,2026-05-23T13:15:00,PT15M,2026-05-23T13:30Z,2026-05-23T13:15Z,1,34.3,0,B95,EUR,A03,A01,7,MAW,MAW,A01,A01
procured_balancing_capacity,7,2026-05-23T13:30:00,PT15M,2026-05-23T13:45Z,2026-05-23T13:30Z,1,34.3,0,B95,EUR,A03,A01,7,MAW,MAW,A01,A01
procured_balancing_capacity,7,2026-05-23T13:45:00,PT15M,2026-05-23T14:00Z,2026-05-23T13:45Z,1,34.3,0,B95,EUR,A03,A01,7,MAW,MAW,A01,A01
procured_balancing_capacity,7,2026-05-23T14:00:00,PT15M,2026-05-23T14:15Z,2026-05-23T14:00Z,1,34.3,0,B95,EUR,A03,A01,7,MAW,MAW,A01,A01
procured_balancing_capacity,7,2026-05-23T14:15:00,PT15M,2026-05-23T14:30Z,2026-05-23T14:15Z,1,34.3,0,B95,EUR,A03,A01,7,MAW,MAW,A01,A01
procured_balancing_capacity,7,2026-05-23T14:30:00,PT15M,2026-05-23T14:45Z,2026-05-23T14:30Z,1,34.3,0,B95,EUR,A03,A01,7,MAW,MAW,A01,A01
procured_balancing_capacity,7,2026-05-23T14:45:00,PT15M,2026-05-23T15:00Z,2026-05-23T14:45Z,1,34.3,0,B95,EUR,A03,A01,7,MAW,MAW,A01,A01
procured_balancing_capacity,7,2026-05-23T15:00:00,PT15M,2026-05-23T15:15Z,2026-05-23T15:00Z,1,34.3,0,B95,EUR,A03,A01,7,MAW,MAW,A01,A01
procured_balancing_capacity,7,2026-05-23T15:15:00,PT15M,2026-05-23T15:30Z,2026-05-23T15:15Z,1,34.3,0,B95,EUR,A03,A01,7,MAW,MAW,A01,A01
procured_balancing_capacity,7,2026-05-23T15:30:00,PT15M,2026-05-23T15:45Z,2026-05-23T15:30Z,1,34.3,0,B95,EUR,A03,A01,7,MAW,MAW,A01,A01
procured_balancing_capacity,7,2026-05-23T15:45:00,PT15M,2026-05-23T16:00Z,2026-05-23T15:45Z,1,34.3,0,B95,EUR,A03,A01,7,MAW,MAW,A01,A01
procured_balancing_capacity,7,2026-05-23T16:00:00,PT15M,2026-05-23T16:15Z,2026-05-23T16:00Z,1,34.3,5,B95,EUR,A03,A01,7,MAW,MAW,A01,A01
procured_balancing_capacity,7,2026-05-23T16:15:00,PT15M,2026-05-23T16:30Z,2026-05-23T16:15Z,1,34.3,5,B95,EUR,A03,A01,7,MAW,MAW,A01,A01
procured_balancing_capacity,7,2026-05-23T16:30:00,PT15M,2026-05-23T16:45Z,2026-05-23T16:30Z,1,34.3,5,B95,EUR,A03,A01,7,MAW,MAW,A01,A01
procured_balancing_capacity,7,2026-05-23T16:45:00,PT15M,2026-05-23T17:00Z,2026-05-23T16:45Z,1,34.3,5,B95,EUR,A03,A01,7,MAW,MAW,A01,A01
procured_balancing_capacity,7,2026-05-23T17:00:00,PT15M,2026-05-23T17:15Z,2026-05-23T17:00Z,1,34.3,5,B95,EUR,A03,A01,7,MAW,MAW,A01,A01
procured_balancing_capacity,7,2026-05-23T17:15:00,PT15M,2026-05-23T17:30Z,2026-05-23T17:15Z,1,34.3,5,B95,EUR,A03,A01,7,MAW,MAW,A01,A01
procured_balancing_capacity,7,2026-05-23T17:30:00,PT15M,2026-05-23T17:45Z,2026-05-23T17:30Z,1,34.3,5,B95,EUR,A03,A01,7,MAW,MAW,A01,A01
procured_balancing_capacity,7,2026-05-23T17:45:00,PT15M,2026-05-23T18:00Z,2026-05-23T17:45Z,1,34.3,5,B95,EUR,A03,A01,7,MAW,MAW,A01,A01
procured_balancing_capacity,7,2026-05-23T18:00:00,PT15M,2026-05-23T18:15Z,2026-05-23T18:00Z,1,34.3,5,B95,EUR,A03,A01,7,MAW,MAW,A01,A01
procured_balancing_capacity,7,2026-05-23T18:15:00,PT15M,2026-05-23T18:30Z,2026-05-23T18:15Z,1,34.3,5,B95,EUR,A03,A01,7,MAW,MAW,A01,A01
procured_balancing_capacity,7,2026-05-23T18:30:00,PT15M,2026-05-23T18:45Z,2026-05-23T18:30Z,1,34.3,5,B95,EUR,A03,A01,7,MAW,MAW,A01,A01
procured_balancing_capacity,7,2026-05-23T18:45:00,PT15M,2026-05-23T19:00Z,2026-05-23T18:45Z,1,34.3,5,B95,EUR,A03,A01,7,MAW,MAW,A01,A01
procured_balancing_capacity,7,2026-05-23T19:00:00,PT15M,2026-05-23T19:15Z,2026-05-23T19:00Z,1,34.3,5,B95,EUR,A03,A01,7,MAW,MAW,A01,A01
procured_balancing_capacity,7,2026-05-23T19:15:00,PT15M,2026-05-23T19:30Z,2026-05-23T19:15Z,1,34.3,5,B95,EUR,A03,A01,7,MAW,MAW,A01,A01
procured_balancing_capacity,7,2026-05-23T19:30:00,PT15M,2026-05-23T19:45Z,2026-05-23T19:30Z,1,34.3,5,B95,EUR,A03,A01,7,MAW,MAW,A01,A01
procured_balancing_capacity,7,2026-05-23T19:45:00,PT15M,2026-05-23T20:00Z,2026-05-23T19:45Z,1,34.3,5,B95,EUR,A03,A01,7,MAW,MAW,A01,A01
procured_balancing_capacity,7,2026-05-23T20:00:00,PT15M,2026-05-23T20:15Z,2026-05-23T20:00Z,1,34.3,5,B95,EUR,A03,A01,7,MAW,MAW,A01,A01
procured_balancing_capacity,7,2026-05-23T20:15:00,PT15M,2026-05-23T20:30Z,2026-05-23T20:15Z,1,34.3,5,B95,EUR,A03,A01,7,MAW,MAW,A01,A01
procured_balancing_capacity,7,2026-05-23T20:30:00,PT15M,2026-05-23T20:45Z,2026-05-23T20:30Z,1,34.3,5,B95,EUR,A03,A01,7,MAW,MAW,A01,A01
procured_balancing_capacity,7,2026-05-23T20:45:00,PT15M,2026-05-23T21:00Z,2026-05-23T20:45Z,1,34.3,5,B95,EUR,A03,A01,7,MAW,MAW,A01,A01
procured_balancing_capacity,7,2026-05-23T21:00:00,PT15M,2026-05-23T21:15Z,2026-05-23T21:00Z,1,34.3,5,B95,EUR,A03,A01,7,MAW,MAW,A01,A01
procured_balancing_capacity,7,2026-05-23T21:15:00,PT15M,2026-05-23T21:30Z,2026-05-23T21:15Z,1,34.3,5,B95,EUR,A03,A01,7,MAW,MAW,A01,A01
procured_balancing_capacity,7,2026-05-23T21:30:00,PT15M,2026-05-23T21:45Z,2026-05-23T21:30Z,1,34.3,5,B95,EUR,A03,A01,7,MAW,MAW,A01,A01
procured_balancing_capacity,7,2026-05-23T21:45:00,PT15M,2026-05-23T22:00Z,2026-05-23T21:45Z,1,34.3,5,B95,EUR,A03,A01,7,MAW,MAW,A01,A01
procured_balancing_capacity,8,2026-05-22T22:00:00,PT15M,2026-05-22T22:15Z,2026-05-22T22:00Z,1,10,0,B95,EUR,A03,A02,8,MAW,MAW,A01,A01
procured_balancing_capacity,8,2026-05-22T22:15:00,PT15M,2026-05-22T22:30Z,2026-05-22T22:15Z,1,10,0,B95,EUR,A03,A02,8,MAW,MAW,A01,A01
procured_balancing_capacity,8,2026-05-22T22:30:00,PT15M,2026-05-22T22:45Z,2026-05-22T22:30Z,1,10,0,B95,EUR,A03,A02,8,MAW,MAW,A01,A01
procured_balancing_capacity,8,2026-05-22T22:45:00,PT15M,2026-05-22T23:00Z,2026-05-22T22:45Z,1,10,0,B95,EUR,A03,A02,8,MAW,MAW,A01,A01
procured_balancing_capacity,8,2026-05-22T23:00:00,PT15M,2026-05-22T23:15Z,2026-05-22T23:00Z,1,10,0,B95,EUR,A03,A02,8,MAW,MAW,A01,A01
procured_balancing_capacity,8,2026-05-22T23:15:00,PT15M,2026-05-22T23:30Z,2026-05-22T23:15Z,1,10,0,B95,EUR,A03,A02,8,MAW,MAW,A01,A01
procured_balancing_capacity,8,2026-05-22T23:30:00,PT15M,2026-05-22T23:45Z,2026-05-22T23:30Z,1,10,0,B95,EUR,A03,A02,8,MAW,MAW,A01,A01
procured_balancing_capacity,8,2026-05-22T23:45:00,PT15M,2026-05-23T00:00Z,2026-05-22T23:45Z,1,10,0,B95,EUR,A03,A02,8,MAW,MAW,A01,A01
procured_balancing_capacity,8,2026-05-23T00:00:00,PT15M,2026-05-23T00:15Z,2026-05-23T00:00Z,1,10,0,B95,EUR,A03,A02,8,MAW,MAW,A01,A01
procured_balancing_capacity,8,2026-05-23T00:15:00,PT15M,2026-05-23T00:30Z,2026-05-23T00:15Z,1,10,0,B95,EUR,A03,A02,8,MAW,MAW,A01,A01
procured_balancing_capacity,8,2026-05-23T00:30:00,PT15M,2026-05-23T00:45Z,2026-05-23T00:30Z,1,10,0,B95,EUR,A03,A02,8,MAW,MAW,A01,A01
procured_balancing_capacity,8,2026-05-23T00:45:00,PT15M,2026-05-23T01:00Z,2026-05-23T00:45Z,1,10,0,B95,EUR,A03,A02,8,MAW,MAW,A01,A01
procured_balancing_capacity,8,2026-05-23T01:00:00,PT15M,2026-05-23T01:15Z,2026-05-23T01:00Z,1,10,0,B95,EUR,A03,A02,8,MAW,MAW,A01,A01
procured_balancing_capacity,8,2026-05-23T01:15:00,PT15M,2026-05-23T01:30Z,2026-05-23T01:15Z,1,10,0,B95,EUR,A03,A02,8,MAW,MAW,A01,A01
procured_balancing_capacity,8,2026-05-23T01:30:00,PT15M,2026-05-23T01:45Z,2026-05-23T01:30Z,1,10,0,B95,EUR,A03,A02,8,MAW,MAW,A01,A01
procured_balancing_capacity,8,2026-05-23T01:45:00,PT15M,2026-05-23T02:00Z,2026-05-23T01:45Z,1,10,0,B95,EUR,A03,A02,8,MAW,MAW,A01,A01
procured_balancing_capacity,8,2026-05-23T02:00:00,PT15M,2026-05-23T02:15Z,2026-05-23T02:00Z,1,10,0,B95,EUR,A03,A02,8,MAW,MAW,A01,A01
procured_balancing_capacity,8,2026-05-23T02:15:00,PT15M,2026-05-23T02:30Z,2026-05-23T02:15Z,1,10,0,B95,EUR,A03,A02,8,MAW,MAW,A01,A01
procured_balancing_capacity,8,2026-05-23T02:30:00,PT15M,2026-05-23T02:45Z,2026-05-23T02:30Z,1,10,0,B95,EUR,A03,A02,8,MAW,MAW,A01,A01
procured_balancing_capacity,8,2026-05-23T02:45:00,PT15M,2026-05-23T03:00Z,2026-05-23T02:45Z,1,10,0,B95,EUR,A03,A02,8,MAW,MAW,A01,A01
procured_balancing_capacity,8,2026-05-23T03:00:00,PT15M,2026-05-23T03:15Z,2026-05-23T03:00Z,1,10,0,B95,EUR,A03,A02,8,MAW,MAW,A01,A01
procured_balancing_capacity,8,2026-05-23T03:15:00,PT15M,2026-05-23T03:30Z,2026-05-23T03:15Z,1,10,0,B95,EUR,A03,A02,8,MAW,MAW,A01,A01
procured_balancing_capacity,8,2026-05-23T03:30:00,PT15M,2026-05-23T03:45Z,2026-05-23T03:30Z,1,10,0,B95,EUR,A03,A02,8,MAW,MAW,A01,A01
procured_balancing_capacity,8,2026-05-23T03:45:00,PT15M,2026-05-23T04:00Z,2026-05-23T03:45Z,1,10,0,B95,EUR,A03,A02,8,MAW,MAW,A01,A01
procured_balancing_capacity,8,2026-05-23T04:00:00,PT15M,2026-05-23T04:15Z,2026-05-23T04:00Z,1,10,0,B95,EUR,A03,A02,8,MAW,MAW,A01,A01
procured_balancing_capacity,8,2026-05-23T04:15:00,PT15M,2026-05-23T04:30Z,2026-05-23T04:15Z,1,10,0,B95,EUR,A03,A02,8,MAW,MAW,A01,A01
procured_balancing_capacity,8,2026-05-23T04:30:00,PT15M,2026-05-23T04:45Z,2026-05-23T04:30Z,1,10,0,B95,EUR,A03,A02,8,MAW,MAW,A01,A01
procured_balancing_capacity,8,2026-05-23T04:45:00,PT15M,2026-05-23T05:00Z,2026-05-23T04:45Z,1,10,0,B95,EUR,A03,A02,8,MAW,MAW,A01,A01
procured_balancing_capacity,8,2026-05-23T05:00:00,PT15M,2026-05-23T05:15Z,2026-05-23T05:00Z,1,10,0,B95,EUR,A03,A02,8,MAW,MAW,A01,A01
procured_balancing_capacity,8,2026-05-23T05:15:00,PT15M,2026-05-23T05:30Z,2026-05-23T05:15Z,1,10,0,B95,EUR,A03,A02,8,MAW,MAW,A01,A01
procured_balancing_capacity,8,2026-05-23T05:30:00,PT15M,2026-05-23T05:45Z,2026-05-23T05:30Z,1,10,0,B95,EUR,A03,A02,8,MAW,MAW,A01,A01
procured_balancing_capacity,8,2026-05-23T05:45:00,PT15M,2026-05-23T06:00Z,2026-05-23T05:45Z,1,10,0,B95,EUR,A03,A02,8,MAW,MAW,A01,A01
procured_balancing_capacity,8,2026-05-23T06:00:00,PT15M,2026-05-23T06:15Z,2026-05-23T06:00Z,1,10,0,B95,EUR,A03,A02,8,MAW,MAW,A01,A01
procured_balancing_capacity,8,2026-05-23T06:15:00,PT15M,2026-05-23T06:30Z,2026-05-23T06:15Z,1,10,0,B95,EUR,A03,A02,8,MAW,MAW,A01,A01
procured_balancing_capacity,8,2026-05-23T06:30:00,PT15M,2026-05-23T06:45Z,2026-05-23T06:30Z,1,10,0,B95,EUR,A03,A02,8,MAW,MAW,A01,A01
procured_balancing_capacity,8,2026-05-23T06:45:00,PT15M,2026-05-23T07:00Z,2026-05-23T06:45Z,1,10,0,B95,EUR,A03,A02,8,MAW,MAW,A01,A01
procured_balancing_capacity,8,2026-05-23T07:00:00,PT15M,2026-05-23T07:15Z,2026-05-23T07:00Z,1,10,0,B95,EUR,A03,A02,8,MAW,MAW,A01,A01
procured_balancing_capacity,8,2026-05-23T07:15:00,PT15M,2026-05-23T07:30Z,2026-05-23T07:15Z,1,10,0,B95,EUR,A03,A02,8,MAW,MAW,A01,A01
procured_balancing_capacity,8,2026-05-23T07:30:00,PT15M,2026-05-23T07:45Z,2026-05-23T07:30Z,1,10,0,B95,EUR,A03,A02,8,MAW,MAW,A01,A01
procured_balancing_capacity,8,2026-05-23T07:45:00,PT15M,2026-05-23T08:00Z,2026-05-23T07:45Z,1,10,0,B95,EUR,A03,A02,8,MAW,MAW,A01,A01
procured_balancing_capacity,8,2026-05-23T08:00:00,PT15M,2026-05-23T08:15Z,2026-05-23T08:00Z,1,10,0,B95,EUR,A03,A02,8,MAW,MAW,A01,A01
procured_balancing_capacity,8,2026-05-23T08:15:00,PT15M,2026-05-23T08:30Z,2026-05-23T08:15Z,1,10,0,B95,EUR,A03,A02,8,MAW,MAW,A01,A01
procured_balancing_capacity,8,2026-05-23T08:30:00,PT15M,2026-05-23T08:45Z,2026-05-23T08:30Z,1,10,0,B95,EUR,A03,A02,8,MAW,MAW,A01,A01
procured_balancing_capacity,8,2026-05-23T08:45:00,PT15M,2026-05-23T09:00Z,2026-05-23T08:45Z,1,10,0,B95,EUR,A03,A02,8,MAW,MAW,A01,A01
procured_balancing_capacity,8,2026-05-23T09:00:00,PT15M,2026-05-23T09:15Z,2026-05-23T09:00Z,1,10,0,B95,EUR,A03,A02,8,MAW,MAW,A01,A01
procured_balancing_capacity,8,2026-05-23T09:15:00,PT15M,2026-05-23T09:30Z,2026-05-23T09:15Z,1,10,0,B95,EUR,A03,A02,8,MAW,MAW,A01,A01
procured_balancing_capacity,8,2026-05-23T09:30:00,PT15M,2026-05-23T09:45Z,2026-05-23T09:30Z,1,10,0,B95,EUR,A03,A02,8,MAW,MAW,A01,A01
procured_balancing_capacity,8,2026-05-23T09:45:00,PT15M,2026-05-23T10:00Z,2026-05-23T09:45Z,1,10,0,B95,EUR,A03,A02,8,MAW,MAW,A01,A01
procured_balancing_capacity,8,2026-05-23T10:00:00,PT15M,2026-05-23T10:15Z,2026-05-23T10:00Z,1,10,0,B95,EUR,A03,A02,8,MAW,MAW,A01,A01
procured_balancing_capacity,8,2026-05-23T10:15:00,PT15M,2026-05-23T10:30Z,2026-05-23T10:15Z,1,10,0,B95,EUR,A03,A02,8,MAW,MAW,A01,A01
procured_balancing_capacity,8,2026-05-23T10:30:00,PT15M,2026-05-23T10:45Z,2026-05-23T10:30Z,1,10,0,B95,EUR,A03,A02,8,MAW,MAW,A01,A01
procured_balancing_capacity,8,2026-05-23T10:45:00,PT15M,2026-05-23T11:00Z,2026-05-23T10:45Z,1,10,0,B95,EUR,A03,A02,8,MAW,MAW,A01,A01
procured_balancing_capacity,8,2026-05-23T11:00:00,PT15M,2026-05-23T11:15Z,2026-05-23T11:00Z,1,10,0,B95,EUR,A03,A02,8,MAW,MAW,A01,A01
procured_balancing_capacity,8,2026-05-23T11:15:00,PT15M,2026-05-23T11:30Z,2026-05-23T11:15Z,1,10,0,B95,EUR,A03,A02,8,MAW,MAW,A01,A01
procured_balancing_capacity,8,2026-05-23T11:30:00,PT15M,2026-05-23T11:45Z,2026-05-23T11:30Z,1,10,0,B95,EUR,A03,A02,8,MAW,MAW,A01,A01
procured_balancing_capacity,8,2026-05-23T11:45:00,PT15M,2026-05-23T12:00Z,2026-05-23T11:45Z,1,10,0,B95,EUR,A03,A02,8,MAW,MAW,A01,A01
procured_balancing_capacity,8,2026-05-23T12:00:00,PT15M,2026-05-23T12:15Z,2026-05-23T12:00Z,1,10,0,B95,EUR,A03,A02,8,MAW,MAW,A01,A01
procured_balancing_capacity,8,2026-05-23T12:15:00,PT15M,2026-05-23T12:30Z,2026-05-23T12:15Z,1,10,0,B95,EUR,A03,A02,8,MAW,MAW,A01,A01
procured_balancing_capacity,8,2026-05-23T12:30:00,PT15M,2026-05-23T12:45Z,2026-05-23T12:30Z,1,10,0,B95,EUR,A03,A02,8,MAW,MAW,A01,A01
procured_balancing_capacity,8,2026-05-23T12:45:00,PT15M,2026-05-23T13:00Z,2026-05-23T12:45Z,1,10,0,B95,EUR,A03,A02,8,MAW,MAW,A01,A01
procured_balancing_capacity,8,2026-05-23T13:00:00,PT15M,2026-05-23T13:15Z,2026-05-23T13:00Z,1,10,0,B95,EUR,A03,A02,8,MAW,MAW,A01,A01
procured_balancing_capacity,8,2026-05-23T13:15:00,PT15M,2026-05-23T13:30Z,2026-05-23T13:15Z,1,10,0,B95,EUR,A03,A02,8,MAW,MAW,A01,A01
procured_balancing_capacity,8,2026-05-23T13:30:00,PT15M,2026-05-23T13:45Z,2026-05-23T13:30Z,1,10,0,B95,EUR,A03,A02,8,MAW,MAW,A01,A01
procured_balancing_capacity,8,2026-05-23T13:45:00,PT15M,2026-05-23T14:00Z,2026-05-23T13:45Z,1,10,0,B95,EUR,A03,A02,8,MAW,MAW,A01,A01
procured_balancing_capacity,8,2026-05-23T14:00:00,PT15M,2026-05-23T14:15Z,2026-05-23T14:00Z,1,10,0,B95,EUR,A03,A02,8,MAW,MAW,A01,A01
procured_balancing_capacity,8,2026-05-23T14:15:00,PT15M,2026-05-23T14:30Z,2026-05-23T14:15Z,1,10,0,B95,EUR,A03,A02,8,MAW,MAW,A01,A01
procured_balancing_capacity,8,2026-05-23T14:30:00,PT15M,2026-05-23T14:45Z,2026-05-23T14:30Z,1,10,0,B95,EUR,A03,A02,8,MAW,MAW,A01,A01
procured_balancing_capacity,8,2026-05-23T14:45:00,PT15M,2026-05-23T15:00Z,2026-05-23T14:45Z,1,10,0,B95,EUR,A03,A02,8,MAW,MAW,A01,A01
procured_balancing_capacity,8,2026-05-23T15:00:00,PT15M,2026-05-23T15:15Z,2026-05-23T15:00Z,1,10,0,B95,EUR,A03,A02,8,MAW,MAW,A01,A01
procured_balancing_capacity,8,2026-05-23T15:15:00,PT15M,2026-05-23T15:30Z,2026-05-23T15:15Z,1,10,0,B95,EUR,A03,A02,8,MAW,MAW,A01,A01
procured_balancing_capacity,8,2026-05-23T15:30:00,PT15M,2026-05-23T15:45Z,2026-05-23T15:30Z,1,10,0,B95,EUR,A03,A02,8,MAW,MAW,A01,A01
procured_balancing_capacity,8,2026-05-23T15:45:00,PT15M,2026-05-23T16:00Z,2026-05-23T15:45Z,1,10,0,B95,EUR,A03,A02,8,MAW,MAW,A01,A01
procured_balancing_capacity,8,2026-05-23T16:00:00,PT15M,2026-05-23T16:15Z,2026-05-23T16:00Z,1,10,0,B95,EUR,A03,A02,8,MAW,MAW,A01,A01
procured_balancing_capacity,8,2026-05-23T16:15:00,PT15M,2026-05-23T16:30Z,2026-05-23T16:15Z,1,10,0,B95,EUR,A03,A02,8,MAW,MAW,A01,A01
procured_balancing_capacity,8,2026-05-23T16:30:00,PT15M,2026-05-23T16:45Z,2026-05-23T16:30Z,1,10,0,B95,EUR,A03,A02,8,MAW,MAW,A01,A01
procured_balancing_capacity,8,2026-05-23T16:45:00,PT15M,2026-05-23T17:00Z,2026-05-23T16:45Z,1,10,0,B95,EUR,A03,A02,8,MAW,MAW,A01,A01
procured_balancing_capacity,8,2026-05-23T17:00:00,PT15M,2026-05-23T17:15Z,2026-05-23T17:00Z,1,10,5,B95,EUR,A03,A02,8,MAW,MAW,A01,A01
procured_balancing_capacity,8,2026-05-23T17:15:00,PT15M,2026-05-23T17:30Z,2026-05-23T17:15Z,1,10,5,B95,EUR,A03,A02,8,MAW,MAW,A01,A01
procured_balancing_capacity,8,2026-05-23T17:30:00,PT15M,2026-05-23T17:45Z,2026-05-23T17:30Z,1,10,5,B95,EUR,A03,A02,8,MAW,MAW,A01,A01
procured_balancing_capacity,8,2026-05-23T17:45:00,PT15M,2026-05-23T18:00Z,2026-05-23T17:45Z,1,10,5,B95,EUR,A03,A02,8,MAW,MAW,A01,A01
procured_balancing_capacity,8,2026-05-23T18:00:00,PT15M,2026-05-23T18:15Z,2026-05-23T18:00Z,1,10,5,B95,EUR,A03,A02,8,MAW,MAW,A01,A01
procured_balancing_capacity,8,2026-05-23T18:15:00,PT15M,2026-05-23T18:30Z,2026-05-23T18:15Z,1,10,5,B95,EUR,A03,A02,8,MAW,MAW,A01,A01
procured_balancing_capacity,8,2026-05-23T18:30:00,PT15M,2026-05-23T18:45Z,2026-05-23T18:30Z,1,10,5,B95,EUR,A03,A02,8,MAW,MAW,A01,A01
procured_balancing_capacity,8,2026-05-23T18:45:00,PT15M,2026-05-23T19:00Z,2026-05-23T18:45Z,1,10,5,B95,EUR,A03,A02,8,MAW,MAW,A01,A01
procured_balancing_capacity,8,2026-05-23T19:00:00,PT15M,2026-05-23T19:15Z,2026-05-23T19:00Z,1,10,5,B95,EUR,A03,A02,8,MAW,MAW,A01,A01
procured_balancing_capacity,8,2026-05-23T19:15:00,PT15M,2026-05-23T19:30Z,2026-05-23T19:15Z,1,10,5,B95,EUR,A03,A02,8,MAW,MAW,A01,A01
procured_balancing_capacity,8,2026-05-23T19:30:00,PT15M,2026-05-23T19:45Z,2026-05-23T19:30Z,1,10,5,B95,EUR,A03,A02,8,MAW,MAW,A01,A01
procured_balancing_capacity,8,2026-05-23T19:45:00,PT15M,2026-05-23T20:00Z,2026-05-23T19:45Z,1,10,5,B95,EUR,A03,A02,8,MAW,MAW,A01,A01
procured_balancing_capacity,8,2026-05-23T20:00:00,PT15M,2026-05-23T20:15Z,2026-05-23T20:00Z,1,10,5,B95,EUR,A03,A02,8,MAW,MAW,A01,A01
procured_balancing_capacity,8,2026-05-23T20:15:00,PT15M,2026-05-23T20:30Z,2026-05-23T20:15Z,1,10,5,B95,EUR,A03,A02,8,MAW,MAW,A01,A01
procured_balancing_capacity,8,2026-05-23T20:30:00,PT15M,2026-05-23T20:45Z,2026-05-23T20:30Z,1,10,5,B95,EUR,A03,A02,8,MAW,MAW,A01,A01
procured_balancing_capacity,8,2026-05-23T20:45:00,PT15M,2026-05-23T21:00Z,2026-05-23T20:45Z,1,10,5,B95,EUR,A03,A02,8,MAW,MAW,A01,A01
procured_balancing_capacity,8,2026-05-23T21:00:00,PT15M,2026-05-23T21:15Z,2026-05-23T21:00Z,1,10,5,B95,EUR,A03,A02,8,MAW,MAW,A01,A01
procured_balancing_capacity,8,2026-05-23T21:15:00,PT15M,2026-05-23T21:30Z,2026-05-23T21:15Z,1,10,5,B95,EUR,A03,A02,8,MAW,MAW,A01,A01
procured_balancing_capacity,8,2026-05-23T21:30:00,PT15M,2026-05-23T21:45Z,2026-05-23T21:30Z,1,10,5,B95,EUR,A03,A02,8,MAW,MAW,A01,A01
procured_balancing_capacity,8,2026-05-23T21:45:00,PT15M,2026-05-23T22:00Z,2026-05-23T21:45Z,1,10,5,B95,EUR,A03,A02,8,MAW,MAW,A01,A01
procured_balancing_capacity,9,2026-05-22T22:00:00,PT15M,2026-05-22T22:15Z,2026-05-22T22:00Z,1,14.9,1,B95,EUR,A03,A01,9,MAW,MAW,A01,A01
procured_balancing_capacity,9,2026-05-22T22:15:00,PT15M,2026-05-22T22:30Z,2026-05-22T22:15Z,1,14.9,1,B95,EUR,A03,A01,9,MAW,MAW,A01,A01
procured_balancing_capacity,9,2026-05-22T22:30:00,PT15M,2026-05-22T22:45Z,2026-05-22T22:30Z,1,14.9,1,B95,EUR,A03,A01,9,MAW,MAW,A01,A01
procured_balancing_capacity,9,2026-05-22T22:45:00,PT15M,2026-05-22T23:00Z,2026-05-22T22:45Z,1,14.9,1,B95,EUR,A03,A01,9,MAW,MAW,A01,A01
procured_balancing_capacity,9,2026-05-22T23:00:00,PT15M,2026-05-22T23:15Z,2026-05-22T23:00Z,1,14.9,1,B95,EUR,A03,A01,9,MAW,MAW,A01,A01
procured_balancing_capacity,9,2026-05-22T23:15:00,PT15M,2026-05-22T23:30Z,2026-05-22T23:15Z,1,14.9,1,B95,EUR,A03,A01,9,MAW,MAW,A01,A01
procured_balancing_capacity,9,2026-05-22T23:30:00,PT15M,2026-05-22T23:45Z,2026-05-22T23:30Z,1,14.9,1,B95,EUR,A03,A01,9,MAW,MAW,A01,A01
procured_balancing_capacity,9,2026-05-22T23:45:00,PT15M,2026-05-23T00:00Z,2026-05-22T23:45Z,1,14.9,1,B95,EUR,A03,A01,9,MAW,MAW,A01,A01
procured_balancing_capacity,9,2026-05-23T00:00:00,PT15M,2026-05-23T00:15Z,2026-05-23T00:00Z,1,14.9,1,B95,EUR,A03,A01,9,MAW,MAW,A01,A01
procured_balancing_capacity,9,2026-05-23T00:15:00,PT15M,2026-05-23T00:30Z,2026-05-23T00:15Z,1,14.9,1,B95,EUR,A03,A01,9,MAW,MAW,A01,A01
procured_balancing_capacity,9,2026-05-23T00:30:00,PT15M,2026-05-23T00:45Z,2026-05-23T00:30Z,1,14.9,1,B95,EUR,A03,A01,9,MAW,MAW,A01,A01
procured_balancing_capacity,9,2026-05-23T00:45:00,PT15M,2026-05-23T01:00Z,2026-05-23T00:45Z,1,14.9,1,B95,EUR,A03,A01,9,MAW,MAW,A01,A01
procured_balancing_capacity,9,2026-05-23T01:00:00,PT15M,2026-05-23T01:15Z,2026-05-23T01:00Z,1,0,0,B95,EUR,A03,A01,9,MAW,MAW,A01,A01
procured_balancing_capacity,9,2026-05-23T01:15:00,PT15M,2026-05-23T01:30Z,2026-05-23T01:15Z,1,0,0,B95,EUR,A03,A01,9,MAW,MAW,A01,A01
procured_balancing_capacity,9,2026-05-23T01:30:00,PT15M,2026-05-23T01:45Z,2026-05-23T01:30Z,1,0,0,B95,EUR,A03,A01,9,MAW,MAW,A01,A01
procured_balancing_capacity,9,2026-05-23T01:45:00,PT15M,2026-05-23T02:00Z,2026-05-23T01:45Z,1,0,0,B95,EUR,A03,A01,9,MAW,MAW,A01,A01
procured_balancing_capacity,9,2026-05-23T02:00:00,PT15M,2026-05-23T02:15Z,2026-05-23T02:00Z,1,0,0,B95,EUR,A03,A01,9,MAW,MAW,A01,A01
procured_balancing_capacity,9,2026-05-23T02:15:00,PT15M,2026-05-23T02:30Z,2026-05-23T02:15Z,1,0,0,B95,EUR,A03,A01,9,MAW,MAW,A01,A01
procured_balancing_capacity,9,2026-05-23T02:30:00,PT15M,2026-05-23T02:45Z,2026-05-23T02:30Z,1,0,0,B95,EUR,A03,A01,9,MAW,MAW,A01,A01
procured_balancing_capacity,9,2026-05-23T02:45:00,PT15M,2026-05-23T03:00Z,2026-05-23T02:45Z,1,0,0,B95,EUR,A03,A01,9,MAW,MAW,A01,A01
procured_balancing_capacity,9,2026-05-23T03:00:00,PT15M,2026-05-23T03:15Z,2026-05-23T03:00Z,1,0,0,B95,EUR,A03,A01,9,MAW,MAW,A01,A01
procured_balancing_capacity,9,2026-05-23T03:15:00,PT15M,2026-05-23T03:30Z,2026-05-23T03:15Z,1,0,0,B95,EUR,A03,A01,9,MAW,MAW,A01,A01
procured_balancing_capacity,9,2026-05-23T03:30:00,PT15M,2026-05-23T03:45Z,2026-05-23T03:30Z,1,0,0,B95,EUR,A03,A01,9,MAW,MAW,A01,A01
procured_balancing_capacity,9,2026-05-23T03:45:00,PT15M,2026-05-23T04:00Z,2026-05-23T03:45Z,1,0,0,B95,EUR,A03,A01,9,MAW,MAW,A01,A01
procured_balancing_capacity,9,2026-05-23T04:00:00,PT15M,2026-05-23T04:15Z,2026-05-23T04:00Z,1,0,0,B95,EUR,A03,A01,9,MAW,MAW,A01,A01
procured_balancing_capacity,9,2026-05-23T04:15:00,PT15M,2026-05-23T04:30Z,2026-05-23T04:15Z,1,0,0,B95,EUR,A03,A01,9,MAW,MAW,A01,A01
procured_balancing_capacity,9,2026-05-23T04:30:00,PT15M,2026-05-23T04:45Z,2026-05-23T04:30Z,1,0,0,B95,EUR,A03,A01,9,MAW,MAW,A01,A01
procured_balancing_capacity,9,2026-05-23T04:45:00,PT15M,2026-05-23T05:00Z,2026-05-23T04:45Z,1,0,0,B95,EUR,A03,A01,9,MAW,MAW,A01,A01
procured_balancing_capacity,9,2026-05-23T05:00:00,PT15M,2026-05-23T05:15Z,2026-05-23T05:00Z,1,24.9,2,B95,EUR,A03,A01,9,MAW,MAW,A01,A01
procured_balancing_capacity,9,2026-05-23T05:15:00,PT15M,2026-05-23T05:30Z,2026-05-23T05:15Z,1,24.9,2,B95,EUR,A03,A01,9,MAW,MAW,A01,A01
procured_balancing_capacity,9,2026-05-23T05:30:00,PT15M,2026-05-23T05:45Z,2026-05-23T05:30Z,1,24.9,2,B95,EUR,A03,A01,9,MAW,MAW,A01,A01
procured_balancing_capacity,9,2026-05-23T05:45:00,PT15M,2026-05-23T06:00Z,2026-05-23T05:45Z,1,24.9,2,B95,EUR,A03,A01,9,MAW,MAW,A01,A01
procured_balancing_capacity,9,2026-05-23T06:00:00,PT15M,2026-05-23T06:15Z,2026-05-23T06:00Z,1,24.9,2,B95,EUR,A03,A01,9,MAW,MAW,A01,A01
procured_balancing_capacity,9,2026-05-23T06:15:00,PT15M,2026-05-23T06:30Z,2026-05-23T06:15Z,1,24.9,2,B95,EUR,A03,A01,9,MAW,MAW,A01,A01
procured_balancing_capacity,9,2026-05-23T06:30:00,PT15M,2026-05-23T06:45Z,2026-05-23T06:30Z,1,35.3,2,B95,EUR,A03,A01,9,MAW,MAW,A01,A01
procured_balancing_capacity,9,2026-05-23T06:45:00,PT15M,2026-05-23T07:00Z,2026-05-23T06:45Z,1,35.3,2,B95,EUR,A03,A01,9,MAW,MAW,A01,A01
procured_balancing_capacity,9,2026-05-23T07:00:00,PT15M,2026-05-23T07:15Z,2026-05-23T07:00Z,1,35.3,2,B95,EUR,A03,A01,9,MAW,MAW,A01,A01
procured_balancing_capacity,9,2026-05-23T07:15:00,PT15M,2026-05-23T07:30Z,2026-05-23T07:15Z,1,35.3,2,B95,EUR,A03,A01,9,MAW,MAW,A01,A01
procured_balancing_capacity,9,2026-05-23T07:30:00,PT15M,2026-05-23T07:45Z,2026-05-23T07:30Z,1,35.3,2,B95,EUR,A03,A01,9,MAW,MAW,A01,A01
procured_balancing_capacity,9,2026-05-23T07:45:00,PT15M,2026-05-23T08:00Z,2026-05-23T07:45Z,1,35.3,2,B95,EUR,A03,A01,9,MAW,MAW,A01,A01
procured_balancing_capacity,9,2026-05-23T08:00:00,PT15M,2026-05-23T08:15Z,2026-05-23T08:00Z,1,35.3,2,B95,EUR,A03,A01,9,MAW,MAW,A01,A01
procured_balancing_capacity,9,2026-05-23T08:15:00,PT15M,2026-05-23T08:30Z,2026-05-23T08:15Z,1,35.3,2,B95,EUR,A03,A01,9,MAW,MAW,A01,A01
procured_balancing_capacity,9,2026-05-23T08:30:00,PT15M,2026-05-23T08:45Z,2026-05-23T08:30Z,1,35.3,2,B95,EUR,A03,A01,9,MAW,MAW,A01,A01
procured_balancing_capacity,9,2026-05-23T08:45:00,PT15M,2026-05-23T09:00Z,2026-05-23T08:45Z,1,35.3,2,B95,EUR,A03,A01,9,MAW,MAW,A01,A01
procured_balancing_capacity,9,2026-05-23T09:00:00,PT15M,2026-05-23T09:15Z,2026-05-23T09:00Z,1,35.3,2,B95,EUR,A03,A01,9,MAW,MAW,A01,A01
procured_balancing_capacity,9,2026-05-23T09:15:00,PT15M,2026-05-23T09:30Z,2026-05-23T09:15Z,1,35.3,2,B95,EUR,A03,A01,9,MAW,MAW,A01,A01
procured_balancing_capacity,9,2026-05-23T09:30:00,PT15M,2026-05-23T09:45Z,2026-05-23T09:30Z,1,35.3,2,B95,EUR,A03,A01,9,MAW,MAW,A01,A01
procured_balancing_capacity,9,2026-05-23T09:45:00,PT15M,2026-05-23T10:00Z,2026-05-23T09:45Z,1,35.3,2,B95,EUR,A03,A01,9,MAW,MAW,A01,A01
procured_balancing_capacity,9,2026-05-23T10:00:00,PT15M,2026-05-23T10:15Z,2026-05-23T10:00Z,1,35.3,2,B95,EUR,A03,A01,9,MAW,MAW,A01,A01
procured_balancing_capacity,9,2026-05-23T10:15:00,PT15M,2026-05-23T10:30Z,2026-05-23T10:15Z,1,35.3,2,B95,EUR,A03,A01,9,MAW,MAW,A01,A01
procured_balancing_capacity,9,2026-05-23T10:30:00,PT15M,2026-05-23T10:45Z,2026-05-23T10:30Z,1,35.3,2,B95,EUR,A03,A01,9,MAW,MAW,A01,A01
procured_balancing_capacity,9,2026-05-23T10:45:00,PT15M,2026-05-23T11:00Z,2026-05-23T10:45Z,1,35.3,2,B95,EUR,A03,A01,9,MAW,MAW,A01,A01
procured_balancing_capacity,9,2026-05-23T11:00:00,PT15M,2026-05-23T11:15Z,2026-05-23T11:00Z,1,35.3,2,B95,EUR,A03,A01,9,MAW,MAW,A01,A01
procured_balancing_capacity,9,2026-05-23T11:15:00,PT15M,2026-05-23T11:30Z,2026-05-23T11:15Z,1,35.3,2,B95,EUR,A03,A01,9,MAW,MAW,A01,A01
procured_balancing_capacity,9,2026-05-23T11:30:00,PT15M,2026-05-23T11:45Z,2026-05-23T11:30Z,1,35.3,2,B95,EUR,A03,A01,9,MAW,MAW,A01,A01
procured_balancing_capacity,9,2026-05-23T11:45:00,PT15M,2026-05-23T12:00Z,2026-05-23T11:45Z,1,35.3,2,B95,EUR,A03,A01,9,MAW,MAW,A01,A01
procured_balancing_capacity,9,2026-05-23T12:00:00,PT15M,2026-05-23T12:15Z,2026-05-23T12:00Z,1,35.3,2,B95,EUR,A03,A01,9,MAW,MAW,A01,A01
procured_balancing_capacity,9,2026-05-23T12:15:00,PT15M,2026-05-23T12:30Z,2026-05-23T12:15Z,1,35.3,2,B95,EUR,A03,A01,9,MAW,MAW,A01,A01
procured_balancing_capacity,9,2026-05-23T12:30:00,PT15M,2026-05-23T12:45Z,2026-05-23T12:30Z,1,35.3,2,B95,EUR,A03,A01,9,MAW,MAW,A01,A01
procured_balancing_capacity,9,2026-05-23T12:45:00,PT15M,2026-05-23T13:00Z,2026-05-23T12:45Z,1,35.3,2,B95,EUR,A03,A01,9,MAW,MAW,A01,A01
procured_balancing_capacity,9,2026-05-23T13:00:00,PT15M,2026-05-23T13:15Z,2026-05-23T13:00Z,1,35.3,2,B95,EUR,A03,A01,9,MAW,MAW,A01,A01
procured_balancing_capacity,9,2026-05-23T13:15:00,PT15M,2026-05-23T13:30Z,2026-05-23T13:15Z,1,35.3,2,B95,EUR,A03,A01,9,MAW,MAW,A01,A01
procured_balancing_capacity,9,2026-05-23T13:30:00,PT15M,2026-05-23T13:45Z,2026-05-23T13:30Z,1,35.3,2,B95,EUR,A03,A01,9,MAW,MAW,A01,A01
procured_balancing_capacity,9,2026-05-23T13:45:00,PT15M,2026-05-23T14:00Z,2026-05-23T13:45Z,1,35.3,2,B95,EUR,A03,A01,9,MAW,MAW,A01,A01
procured_balancing_capacity,9,2026-05-23T14:00:00,PT15M,2026-05-23T14:15Z,2026-05-23T14:00Z,1,35.3,2,B95,EUR,A03,A01,9,MAW,MAW,A01,A01
procured_balancing_capacity,9,2026-05-23T14:15:00,PT15M,2026-05-23T14:30Z,2026-05-23T14:15Z,1,35.3,2,B95,EUR,A03,A01,9,MAW,MAW,A01,A01
procured_balancing_capacity,9,2026-05-23T14:30:00,PT15M,2026-05-23T14:45Z,2026-05-23T14:30Z,1,35.3,2,B95,EUR,A03,A01,9,MAW,MAW,A01,A01
procured_balancing_capacity,9,2026-05-23T14:45:00,PT15M,2026-05-23T15:00Z,2026-05-23T14:45Z,1,35.3,2,B95,EUR,A03,A01,9,MAW,MAW,A01,A01
procured_balancing_capacity,9,2026-05-23T15:00:00,PT15M,2026-05-23T15:15Z,2026-05-23T15:00Z,1,35.3,2,B95,EUR,A03,A01,9,MAW,MAW,A01,A01
procured_balancing_capacity,9,2026-05-23T15:15:00,PT15M,2026-05-23T15:30Z,2026-05-23T15:15Z,1,35.3,2,B95,EUR,A03,A01,9,MAW,MAW,A01,A01
procured_balancing_capacity,9,2026-05-23T15:30:00,PT15M,2026-05-23T15:45Z,2026-05-23T15:30Z,1,35.3,2,B95,EUR,A03,A01,9,MAW,MAW,A01,A01
procured_balancing_capacity,9,2026-05-23T15:45:00,PT15M,2026-05-23T16:00Z,2026-05-23T15:45Z,1,35.3,2,B95,EUR,A03,A01,9,MAW,MAW,A01,A01
procured_balancing_capacity,9,2026-05-23T16:00:00,PT15M,2026-05-23T16:15Z,2026-05-23T16:00Z,1,35.3,2,B95,EUR,A03,A01,9,MAW,MAW,A01,A01
procured_balancing_capacity,9,2026-05-23T16:15:00,PT15M,2026-05-23T16:30Z,2026-05-23T16:15Z,1,27.9,2,B95,EUR,A03,A01,9,MAW,MAW,A01,A01
procured_balancing_capacity,9,2026-05-23T16:30:00,PT15M,2026-05-23T16:45Z,2026-05-23T16:30Z,1,27.9,2,B95,EUR,A03,A01,9,MAW,MAW,A01,A01
procured_balancing_capacity,9,2026-05-23T16:45:00,PT15M,2026-05-23T17:00Z,2026-05-23T16:45Z,1,27.9,2,B95,EUR,A03,A01,9,MAW,MAW,A01,A01
procured_balancing_capacity,9,2026-05-23T17:00:00,PT15M,2026-05-23T17:15Z,2026-05-23T17:00Z,1,35.3,2,B95,EUR,A03,A01,9,MAW,MAW,A01,A01
procured_balancing_capacity,9,2026-05-23T17:15:00,PT15M,2026-05-23T17:30Z,2026-05-23T17:15Z,1,35.3,2,B95,EUR,A03,A01,9,MAW,MAW,A01,A01
procured_balancing_capacity,9,2026-05-23T17:30:00,PT15M,2026-05-23T17:45Z,2026-05-23T17:30Z,1,35.3,2,B95,EUR,A03,A01,9,MAW,MAW,A01,A01
procured_balancing_capacity,9,2026-05-23T17:45:00,PT15M,2026-05-23T18:00Z,2026-05-23T17:45Z,1,35.3,2,B95,EUR,A03,A01,9,MAW,MAW,A01,A01
procured_balancing_capacity,9,2026-05-23T18:00:00,PT15M,2026-05-23T18:15Z,2026-05-23T18:00Z,1,35.3,1,B95,EUR,A03,A01,9,MAW,MAW,A01,A01
procured_balancing_capacity,9,2026-05-23T18:15:00,PT15M,2026-05-23T18:30Z,2026-05-23T18:15Z,1,35.3,1,B95,EUR,A03,A01,9,MAW,MAW,A01,A01
procured_balancing_capacity,9,2026-05-23T18:30:00,PT15M,2026-05-23T18:45Z,2026-05-23T18:30Z,1,35.3,1,B95,EUR,A03,A01,9,MAW,MAW,A01,A01
procured_balancing_capacity,9,2026-05-23T18:45:00,PT15M,2026-05-23T19:00Z,2026-05-23T18:45Z,1,35.3,1,B95,EUR,A03,A01,9,MAW,MAW,A01,A01
procured_balancing_capacity,9,2026-05-23T19:00:00,PT15M,2026-05-23T19:15Z,2026-05-23T19:00Z,1,35.3,2,B95,EUR,A03,A01,9,MAW,MAW,A01,A01
procured_balancing_capacity,9,2026-05-23T19:15:00,PT15M,2026-05-23T19:30Z,2026-05-23T19:15Z,1,35.3,2,B95,EUR,A03,A01,9,MAW,MAW,A01,A01
procured_balancing_capacity,9,2026-05-23T19:30:00,PT15M,2026-05-23T19:45Z,2026-05-23T19:30Z,1,35.3,2,B95,EUR,A03,A01,9,MAW,MAW,A01,A01
procured_balancing_capacity,9,2026-05-23T19:45:00,PT15M,2026-05-23T20:00Z,2026-05-23T19:45Z,1,25.9,2,B95,EUR,A03,A01,9,MAW,MAW,A01,A01
procured_balancing_capacity,9,2026-05-23T20:00:00,PT15M,2026-05-23T20:15Z,2026-05-23T20:00Z,1,25.9,2,B95,EUR,A03,A01,9,MAW,MAW,A01,A01
procured_balancing_capacity,9,2026-05-23T20:15:00,PT15M,2026-05-23T20:30Z,2026-05-23T20:15Z,1,25.9,2,B95,EUR,A03,A01,9,MAW,MAW,A01,A01
procured_balancing_capacity,9,2026-05-23T20:30:00,PT15M,2026-05-23T20:45Z,2026-05-23T20:30Z,1,25.9,2,B95,EUR,A03,A01,9,MAW,MAW,A01,A01
procured_balancing_capacity,9,2026-05-23T20:45:00,PT15M,2026-05-23T21:00Z,2026-05-23T20:45Z,1,25.9,2,B95,EUR,A03,A01,9,MAW,MAW,A01,A01
procured_balancing_capacity,9,2026-05-23T21:00:00,PT15M,2026-05-23T21:15Z,2026-05-23T21:00Z,1,25.9,2,B95,EUR,A03,A01,9,MAW,MAW,A01,A01
procured_balancing_capacity,9,2026-05-23T21:15:00,PT15M,2026-05-23T21:30Z,2026-05-23T21:15Z,1,25.9,2,B95,EUR,A03,A01,9,MAW,MAW,A01,A01
procured_balancing_capacity,9,2026-05-23T21:30:00,PT15M,2026-05-23T21:45Z,2026-05-23T21:30Z,1,25.9,2,B95,EUR,A03,A01,9,MAW,MAW,A01,A01
procured_balancing_capacity,9,2026-05-23T21:45:00,PT15M,2026-05-23T22:00Z,2026-05-23T21:45Z,1,25.9,2,B95,EUR,A03,A01,9,MAW,MAW,A01,A01
procured_balancing_capacity,10,2026-05-22T22:00:00,PT15M,2026-05-22T22:15Z,2026-05-22T22:00Z,1,4.7,1,B95,EUR,A03,A02,10,MAW,MAW,A01,A01
procured_balancing_capacity,10,2026-05-22T22:15:00,PT15M,2026-05-22T22:30Z,2026-05-22T22:15Z,1,4.7,1,B95,EUR,A03,A02,10,MAW,MAW,A01,A01
procured_balancing_capacity,10,2026-05-22T22:30:00,PT15M,2026-05-22T22:45Z,2026-05-22T22:30Z,1,4.7,1,B95,EUR,A03,A02,10,MAW,MAW,A01,A01
procured_balancing_capacity,10,2026-05-22T22:45:00,PT15M,2026-05-22T23:00Z,2026-05-22T22:45Z,1,4.7,1,B95,EUR,A03,A02,10,MAW,MAW,A01,A01
procured_balancing_capacity,10,2026-05-22T23:00:00,PT15M,2026-05-22T23:15Z,2026-05-22T23:00Z,1,4.7,1,B95,EUR,A03,A02,10,MAW,MAW,A01,A01
procured_balancing_capacity,10,2026-05-22T23:15:00,PT15M,2026-05-22T23:30Z,2026-05-22T23:15Z,1,4.7,1,B95,EUR,A03,A02,10,MAW,MAW,A01,A01
procured_balancing_capacity,10,2026-05-22T23:30:00,PT15M,2026-05-22T23:45Z,2026-05-22T23:30Z,1,4.7,1,B95,EUR,A03,A02,10,MAW,MAW,A01,A01
procured_balancing_capacity,10,2026-05-22T23:45:00,PT15M,2026-05-23T00:00Z,2026-05-22T23:45Z,1,4.7,1,B95,EUR,A03,A02,10,MAW,MAW,A01,A01
procured_balancing_capacity,10,2026-05-23T00:00:00,PT15M,2026-05-23T00:15Z,2026-05-23T00:00Z,1,4.7,1,B95,EUR,A03,A02,10,MAW,MAW,A01,A01
procured_balancing_capacity,10,2026-05-23T00:15:00,PT15M,2026-05-23T00:30Z,2026-05-23T00:15Z,1,4.7,1,B95,EUR,A03,A02,10,MAW,MAW,A01,A01
procured_balancing_capacity,10,2026-05-23T00:30:00,PT15M,2026-05-23T00:45Z,2026-05-23T00:30Z,1,4.7,1,B95,EUR,A03,A02,10,MAW,MAW,A01,A01
procured_balancing_capacity,10,2026-05-23T00:45:00,PT15M,2026-05-23T01:00Z,2026-05-23T00:45Z,1,4.7,1,B95,EUR,A03,A02,10,MAW,MAW,A01,A01
procured_balancing_capacity,10,2026-05-23T01:00:00,PT15M,2026-05-23T01:15Z,2026-05-23T01:00Z,1,4.7,2,B95,EUR,A03,A02,10,MAW,MAW,A01,A01
procured_balancing_capacity,10,2026-05-23T01:15:00,PT15M,2026-05-23T01:30Z,2026-05-23T01:15Z,1,4.7,2,B95,EUR,A03,A02,10,MAW,MAW,A01,A01
procured_balancing_capacity,10,2026-05-23T01:30:00,PT15M,2026-05-23T01:45Z,2026-05-23T01:30Z,1,4.7,2,B95,EUR,A03,A02,10,MAW,MAW,A01,A01
procured_balancing_capacity,10,2026-05-23T01:45:00,PT15M,2026-05-23T02:00Z,2026-05-23T01:45Z,1,4.7,2,B95,EUR,A03,A02,10,MAW,MAW,A01,A01
procured_balancing_capacity,10,2026-05-23T02:00:00,PT15M,2026-05-23T02:15Z,2026-05-23T02:00Z,1,4.7,2,B95,EUR,A03,A02,10,MAW,MAW,A01,A01
procured_balancing_capacity,10,2026-05-23T02:15:00,PT15M,2026-05-23T02:30Z,2026-05-23T02:15Z,1,4.7,2,B95,EUR,A03,A02,10,MAW,MAW,A01,A01
procured_balancing_capacity,10,2026-05-23T02:30:00,PT15M,2026-05-23T02:45Z,2026-05-23T02:30Z,1,4.7,2,B95,EUR,A03,A02,10,MAW,MAW,A01,A01
procured_balancing_capacity,10,2026-05-23T02:45:00,PT15M,2026-05-23T03:00Z,2026-05-23T02:45Z,1,4.7,2,B95,EUR,A03,A02,10,MAW,MAW,A01,A01
procured_balancing_capacity,10,2026-05-23T03:00:00,PT15M,2026-05-23T03:15Z,2026-05-23T03:00Z,1,4.7,2,B95,EUR,A03,A02,10,MAW,MAW,A01,A01
procured_balancing_capacity,10,2026-05-23T03:15:00,PT15M,2026-05-23T03:30Z,2026-05-23T03:15Z,1,4.7,2,B95,EUR,A03,A02,10,MAW,MAW,A01,A01
procured_balancing_capacity,10,2026-05-23T03:30:00,PT15M,2026-05-23T03:45Z,2026-05-23T03:30Z,1,4.7,2,B95,EUR,A03,A02,10,MAW,MAW,A01,A01
procured_balancing_capacity,10,2026-05-23T03:45:00,PT15M,2026-05-23T04:00Z,2026-05-23T03:45Z,1,4.7,2,B95,EUR,A03,A02,10,MAW,MAW,A01,A01
procured_balancing_capacity,10,2026-05-23T04:00:00,PT15M,2026-05-23T04:15Z,2026-05-23T04:00Z,1,4.7,2,B95,EUR,A03,A02,10,MAW,MAW,A01,A01
procured_balancing_capacity,10,2026-05-23T04:15:00,PT15M,2026-05-23T04:30Z,2026-05-23T04:15Z,1,4.7,2,B95,EUR,A03,A02,10,MAW,MAW,A01,A01
procured_balancing_capacity,10,2026-05-23T04:30:00,PT15M,2026-05-23T04:45Z,2026-05-23T04:30Z,1,4.7,2,B95,EUR,A03,A02,10,MAW,MAW,A01,A01
procured_balancing_capacity,10,2026-05-23T04:45:00,PT15M,2026-05-23T05:00Z,2026-05-23T04:45Z,1,4.7,2,B95,EUR,A03,A02,10,MAW,MAW,A01,A01
procured_balancing_capacity,10,2026-05-23T05:00:00,PT15M,2026-05-23T05:15Z,2026-05-23T05:00Z,1,4.7,2,B95,EUR,A03,A02,10,MAW,MAW,A01,A01
procured_balancing_capacity,10,2026-05-23T05:15:00,PT15M,2026-05-23T05:30Z,2026-05-23T05:15Z,1,4.7,2,B95,EUR,A03,A02,10,MAW,MAW,A01,A01
procured_balancing_capacity,10,2026-05-23T05:30:00,PT15M,2026-05-23T05:45Z,2026-05-23T05:30Z,1,4.7,2,B95,EUR,A03,A02,10,MAW,MAW,A01,A01
procured_balancing_capacity,10,2026-05-23T05:45:00,PT15M,2026-05-23T06:00Z,2026-05-23T05:45Z,1,4.7,2,B95,EUR,A03,A02,10,MAW,MAW,A01,A01
procured_balancing_capacity,10,2026-05-23T06:00:00,PT15M,2026-05-23T06:15Z,2026-05-23T06:00Z,1,10.7,1,B95,EUR,A03,A02,10,MAW,MAW,A01,A01
procured_balancing_capacity,10,2026-05-23T06:15:00,PT15M,2026-05-23T06:30Z,2026-05-23T06:15Z,1,10.7,1,B95,EUR,A03,A02,10,MAW,MAW,A01,A01
procured_balancing_capacity,10,2026-05-23T06:30:00,PT15M,2026-05-23T06:45Z,2026-05-23T06:30Z,1,10.7,1,B95,EUR,A03,A02,10,MAW,MAW,A01,A01
procured_balancing_capacity,10,2026-05-23T06:45:00,PT15M,2026-05-23T07:00Z,2026-05-23T06:45Z,1,10.7,1,B95,EUR,A03,A02,10,MAW,MAW,A01,A01
procured_balancing_capacity,10,2026-05-23T07:00:00,PT15M,2026-05-23T07:15Z,2026-05-23T07:00Z,1,0,0,B95,EUR,A03,A02,10,MAW,MAW,A01,A01
procured_balancing_capacity,10,2026-05-23T07:15:00,PT15M,2026-05-23T07:30Z,2026-05-23T07:15Z,1,0,0,B95,EUR,A03,A02,10,MAW,MAW,A01,A01
procured_balancing_capacity,10,2026-05-23T07:30:00,PT15M,2026-05-23T07:45Z,2026-05-23T07:30Z,1,0,0,B95,EUR,A03,A02,10,MAW,MAW,A01,A01
procured_balancing_capacity,10,2026-05-23T07:45:00,PT15M,2026-05-23T08:00Z,2026-05-23T07:45Z,1,0,0,B95,EUR,A03,A02,10,MAW,MAW,A01,A01
procured_balancing_capacity,10,2026-05-23T08:00:00,PT15M,2026-05-23T08:15Z,2026-05-23T08:00Z,1,0,0,B95,EUR,A03,A02,10,MAW,MAW,A01,A01
procured_balancing_capacity,10,2026-05-23T08:15:00,PT15M,2026-05-23T08:30Z,2026-05-23T08:15Z,1,0,0,B95,EUR,A03,A02,10,MAW,MAW,A01,A01
procured_balancing_capacity,10,2026-05-23T08:30:00,PT15M,2026-05-23T08:45Z,2026-05-23T08:30Z,1,0,0,B95,EUR,A03,A02,10,MAW,MAW,A01,A01
procured_balancing_capacity,10,2026-05-23T08:45:00,PT15M,2026-05-23T09:00Z,2026-05-23T08:45Z,1,0,0,B95,EUR,A03,A02,10,MAW,MAW,A01,A01
procured_balancing_capacity,10,2026-05-23T09:00:00,PT15M,2026-05-23T09:15Z,2026-05-23T09:00Z,1,0,0,B95,EUR,A03,A02,10,MAW,MAW,A01,A01
procured_balancing_capacity,10,2026-05-23T09:15:00,PT15M,2026-05-23T09:30Z,2026-05-23T09:15Z,1,0,0,B95,EUR,A03,A02,10,MAW,MAW,A01,A01
procured_balancing_capacity,10,2026-05-23T09:30:00,PT15M,2026-05-23T09:45Z,2026-05-23T09:30Z,1,0,0,B95,EUR,A03,A02,10,MAW,MAW,A01,A01
procured_balancing_capacity,10,2026-05-23T09:45:00,PT15M,2026-05-23T10:00Z,2026-05-23T09:45Z,1,0,0,B95,EUR,A03,A02,10,MAW,MAW,A01,A01
procured_balancing_capacity,10,2026-05-23T10:00:00,PT15M,2026-05-23T10:15Z,2026-05-23T10:00Z,1,0,0,B95,EUR,A03,A02,10,MAW,MAW,A01,A01
procured_balancing_capacity,10,2026-05-23T10:15:00,PT15M,2026-05-23T10:30Z,2026-05-23T10:15Z,1,0,0,B95,EUR,A03,A02,10,MAW,MAW,A01,A01
procured_balancing_capacity,10,2026-05-23T10:30:00,PT15M,2026-05-23T10:45Z,2026-05-23T10:30Z,1,0,0,B95,EUR,A03,A02,10,MAW,MAW,A01,A01
procured_balancing_capacity,10,2026-05-23T10:45:00,PT15M,2026-05-23T11:00Z,2026-05-23T10:45Z,1,0,0,B95,EUR,A03,A02,10,MAW,MAW,A01,A01
procured_balancing_capacity,10,2026-05-23T11:00:00,PT15M,2026-05-23T11:15Z,2026-05-23T11:00Z,1,0,0,B95,EUR,A03,A02,10,MAW,MAW,A01,A01
procured_balancing_capacity,10,2026-05-23T11:15:00,PT15M,2026-05-23T11:30Z,2026-05-23T11:15Z,1,0,0,B95,EUR,A03,A02,10,MAW,MAW,A01,A01
procured_balancing_capacity,10,2026-05-23T11:30:00,PT15M,2026-05-23T11:45Z,2026-05-23T11:30Z,1,0,0,B95,EUR,A03,A02,10,MAW,MAW,A01,A01
procured_balancing_capacity,10,2026-05-23T11:45:00,PT15M,2026-05-23T12:00Z,2026-05-23T11:45Z,1,0,0,B95,EUR,A03,A02,10,MAW,MAW,A01,A01
procured_balancing_capacity,10,2026-05-23T12:00:00,PT15M,2026-05-23T12:15Z,2026-05-23T12:00Z,1,0,0,B95,EUR,A03,A02,10,MAW,MAW,A01,A01
procured_balancing_capacity,10,2026-05-23T12:15:00,PT15M,2026-05-23T12:30Z,2026-05-23T12:15Z,1,0,0,B95,EUR,A03,A02,10,MAW,MAW,A01,A01
procured_balancing_capacity,10,2026-05-23T12:30:00,PT15M,2026-05-23T12:45Z,2026-05-23T12:30Z,1,0,0,B95,EUR,A03,A02,10,MAW,MAW,A01,A01
procured_balancing_capacity,10,2026-05-23T12:45:00,PT15M,2026-05-23T13:00Z,2026-05-23T12:45Z,1,0,0,B95,EUR,A03,A02,10,MAW,MAW,A01,A01
procured_balancing_capacity,10,2026-05-23T13:00:00,PT15M,2026-05-23T13:15Z,2026-05-23T13:00Z,1,0,0,B95,EUR,A03,A02,10,MAW,MAW,A01,A01
procured_balancing_capacity,10,2026-05-23T13:15:00,PT15M,2026-05-23T13:30Z,2026-05-23T13:15Z,1,0,0,B95,EUR,A03,A02,10,MAW,MAW,A01,A01
procured_balancing_capacity,10,2026-05-23T13:30:00,PT15M,2026-05-23T13:45Z,2026-05-23T13:30Z,1,0,0,B95,EUR,A03,A02,10,MAW,MAW,A01,A01
procured_balancing_capacity,10,2026-05-23T13:45:00,PT15M,2026-05-23T14:00Z,2026-05-23T13:45Z,1,0,0,B95,EUR,A03,A02,10,MAW,MAW,A01,A01
procured_balancing_capacity,10,2026-05-23T14:00:00,PT15M,2026-05-23T14:15Z,2026-05-23T14:00Z,1,0,0,B95,EUR,A03,A02,10,MAW,MAW,A01,A01
procured_balancing_capacity,10,2026-05-23T14:15:00,PT15M,2026-05-23T14:30Z,2026-05-23T14:15Z,1,0,0,B95,EUR,A03,A02,10,MAW,MAW,A01,A01
procured_balancing_capacity,10,2026-05-23T14:30:00,PT15M,2026-05-23T14:45Z,2026-05-23T14:30Z,1,0,0,B95,EUR,A03,A02,10,MAW,MAW,A01,A01
procured_balancing_capacity,10,2026-05-23T14:45:00,PT15M,2026-05-23T15:00Z,2026-05-23T14:45Z,1,0,0,B95,EUR,A03,A02,10,MAW,MAW,A01,A01
procured_balancing_capacity,10,2026-05-23T15:00:00,PT15M,2026-05-23T15:15Z,2026-05-23T15:00Z,1,10.7,1,B95,EUR,A03,A02,10,MAW,MAW,A01,A01
procured_balancing_capacity,10,2026-05-23T15:15:00,PT15M,2026-05-23T15:30Z,2026-05-23T15:15Z,1,10.7,1,B95,EUR,A03,A02,10,MAW,MAW,A01,A01
procured_balancing_capacity,10,2026-05-23T15:30:00,PT15M,2026-05-23T15:45Z,2026-05-23T15:30Z,1,10.7,1,B95,EUR,A03,A02,10,MAW,MAW,A01,A01
procured_balancing_capacity,10,2026-05-23T15:45:00,PT15M,2026-05-23T16:00Z,2026-05-23T15:45Z,1,10.7,1,B95,EUR,A03,A02,10,MAW,MAW,A01,A01
procured_balancing_capacity,10,2026-05-23T16:00:00,PT15M,2026-05-23T16:15Z,2026-05-23T16:00Z,1,10.7,2,B95,EUR,A03,A02,10,MAW,MAW,A01,A01
procured_balancing_capacity,10,2026-05-23T16:15:00,PT15M,2026-05-23T16:30Z,2026-05-23T16:15Z,1,4.9,2,B95,EUR,A03,A02,10,MAW,MAW,A01,A01
procured_balancing_capacity,10,2026-05-23T16:30:00,PT15M,2026-05-23T16:45Z,2026-05-23T16:30Z,1,4.9,2,B95,EUR,A03,A02,10,MAW,MAW,A01,A01
procured_balancing_capacity,10,2026-05-23T16:45:00,PT15M,2026-05-23T17:00Z,2026-05-23T16:45Z,1,4.9,2,B95,EUR,A03,A02,10,MAW,MAW,A01,A01
procured_balancing_capacity,10,2026-05-23T17:00:00,PT15M,2026-05-23T17:15Z,2026-05-23T17:00Z,1,4.9,2,B95,EUR,A03,A02,10,MAW,MAW,A01,A01
procured_balancing_capacity,10,2026-05-23T17:15:00,PT15M,2026-05-23T17:30Z,2026-05-23T17:15Z,1,4.9,2,B95,EUR,A03,A02,10,MAW,MAW,A01,A01
procured_balancing_capacity,10,2026-05-23T17:30:00,PT15M,2026-05-23T17:45Z,2026-05-23T17:30Z,1,4.9,2,B95,EUR,A03,A02,10,MAW,MAW,A01,A01
procured_balancing_capacity,10,2026-05-23T17:45:00,PT15M,2026-05-23T18:00Z,2026-05-23T17:45Z,1,4.9,2,B95,EUR,A03,A02,10,MAW,MAW,A01,A01
procured_balancing_capacity,10,2026-05-23T18:00:00,PT15M,2026-05-23T18:15Z,2026-05-23T18:00Z,1,4.9,3,B95,EUR,A03,A02,10,MAW,MAW,A01,A01
procured_balancing_capacity,10,2026-05-23T18:15:00,PT15M,2026-05-23T18:30Z,2026-05-23T18:15Z,1,4.9,3,B95,EUR,A03,A02,10,MAW,MAW,A01,A01
procured_balancing_capacity,10,2026-05-23T18:30:00,PT15M,2026-05-23T18:45Z,2026-05-23T18:30Z,1,4.9,3,B95,EUR,A03,A02,10,MAW,MAW,A01,A01
procured_balancing_capacity,10,2026-05-23T18:45:00,PT15M,2026-05-23T19:00Z,2026-05-23T18:45Z,1,4.9,3,B95,EUR,A03,A02,10,MAW,MAW,A01,A01
procured_balancing_capacity,10,2026-05-23T19:00:00,PT15M,2026-05-23T19:15Z,2026-05-23T19:00Z,1,4.9,2,B95,EUR,A03,A02,10,MAW,MAW,A01,A01
procured_balancing_capacity,10,2026-05-23T19:15:00,PT15M,2026-05-23T19:30Z,2026-05-23T19:15Z,1,4.9,2,B95,EUR,A03,A02,10,MAW,MAW,A01,A01
procured_balancing_capacity,10,2026-05-23T19:30:00,PT15M,2026-05-23T19:45Z,2026-05-23T19:30Z,1,4.9,2,B95,EUR,A03,A02,10,MAW,MAW,A01,A01
procured_balancing_capacity,10,2026-05-23T19:45:00,PT15M,2026-05-23T20:00Z,2026-05-23T19:45Z,1,4.9,2,B95,EUR,A03,A02,10,MAW,MAW,A01,A01
procured_balancing_capacity,10,2026-05-23T20:00:00,PT15M,2026-05-23T20:15Z,2026-05-23T20:00Z,1,4.9,1,B95,EUR,A03,A02,10,MAW,MAW,A01,A01
procured_balancing_capacity,10,2026-05-23T20:15:00,PT15M,2026-05-23T20:30Z,2026-05-23T20:15Z,1,4.9,1,B95,EUR,A03,A02,10,MAW,MAW,A01,A01
procured_balancing_capacity,10,2026-05-23T20:30:00,PT15M,2026-05-23T20:45Z,2026-05-23T20:30Z,1,4.9,1,B95,EUR,A03,A02,10,MAW,MAW,A01,A01
procured_balancing_capacity,10,2026-05-23T20:45:00,PT15M,2026-05-23T21:00Z,2026-05-23T20:45Z,1,4.9,1,B95,EUR,A03,A02,10,MAW,MAW,A01,A01
procured_balancing_capacity,10,2026-05-23T21:00:00,PT15M,2026-05-23T21:15Z,2026-05-23T21:00Z,1,4.9,1,B95,EUR,A03,A02,10,MAW,MAW,A01,A01
procured_balancing_capacity,10,2026-05-23T21:15:00,PT15M,2026-05-23T21:30Z,2026-05-23T21:15Z,1,4.9,1,B95,EUR,A03,A02,10,MAW,MAW,A01,A01
procured_balancing_capacity,10,2026-05-23T21:30:00,PT15M,2026-05-23T21:45Z,2026-05-23T21:30Z,1,4.9,1,B95,EUR,A03,A02,10,MAW,MAW,A01,A01
procured_balancing_capacity,10,2026-05-23T21:45:00,PT15M,2026-05-23T22:00Z,2026-05-23T21:45Z,1,4.9,1,B95,EUR,A03,A02,10,MAW,MAW,A01,A01
procured_balancing_capacity,11,2026-05-22T22:00:00,PT15M,2026-05-22T22:15Z,2026-05-22T22:00Z,1,20,14,B95,EUR,A03,A01,11,MAW,MAW,A01,A01
procured_balancing_capacity,11,2026-05-22T22:15:00,PT15M,2026-05-22T22:30Z,2026-05-22T22:15Z,1,20,14,B95,EUR,A03,A01,11,MAW,MAW,A01,A01
procured_balancing_capacity,11,2026-05-22T22:30:00,PT15M,2026-05-22T22:45Z,2026-05-22T22:30Z,1,20,14,B95,EUR,A03,A01,11,MAW,MAW,A01,A01
procured_balancing_capacity,11,2026-05-22T22:45:00,PT15M,2026-05-22T23:00Z,2026-05-22T22:45Z,1,20,14,B95,EUR,A03,A01,11,MAW,MAW,A01,A01
procured_balancing_capacity,11,2026-05-22T23:00:00,PT15M,2026-05-22T23:15Z,2026-05-22T23:00Z,1,20,14,B95,EUR,A03,A01,11,MAW,MAW,A01,A01
procured_balancing_capacity,11,2026-05-22T23:15:00,PT15M,2026-05-22T23:30Z,2026-05-22T23:15Z,1,20,14,B95,EUR,A03,A01,11,MAW,MAW,A01,A01
procured_balancing_capacity,11,2026-05-22T23:30:00,PT15M,2026-05-22T23:45Z,2026-05-22T23:30Z,1,20,14,B95,EUR,A03,A01,11,MAW,MAW,A01,A01
procured_balancing_capacity,11,2026-05-22T23:45:00,PT15M,2026-05-23T00:00Z,2026-05-22T23:45Z,1,20,14,B95,EUR,A03,A01,11,MAW,MAW,A01,A01
procured_balancing_capacity,11,2026-05-23T00:00:00,PT15M,2026-05-23T00:15Z,2026-05-23T00:00Z,1,20,14,B95,EUR,A03,A01,11,MAW,MAW,A01,A01
procured_balancing_capacity,11,2026-05-23T00:15:00,PT15M,2026-05-23T00:30Z,2026-05-23T00:15Z,1,20,14,B95,EUR,A03,A01,11,MAW,MAW,A01,A01
procured_balancing_capacity,11,2026-05-23T00:30:00,PT15M,2026-05-23T00:45Z,2026-05-23T00:30Z,1,20,14,B95,EUR,A03,A01,11,MAW,MAW,A01,A01
procured_balancing_capacity,11,2026-05-23T00:45:00,PT15M,2026-05-23T01:00Z,2026-05-23T00:45Z,1,20,14,B95,EUR,A03,A01,11,MAW,MAW,A01,A01
procured_balancing_capacity,11,2026-05-23T01:00:00,PT15M,2026-05-23T01:15Z,2026-05-23T01:00Z,1,20,14,B95,EUR,A03,A01,11,MAW,MAW,A01,A01
procured_balancing_capacity,11,2026-05-23T01:15:00,PT15M,2026-05-23T01:30Z,2026-05-23T01:15Z,1,20,14,B95,EUR,A03,A01,11,MAW,MAW,A01,A01
procured_balancing_capacity,11,2026-05-23T01:30:00,PT15M,2026-05-23T01:45Z,2026-05-23T01:30Z,1,20,14,B95,EUR,A03,A01,11,MAW,MAW,A01,A01
procured_balancing_capacity,11,2026-05-23T01:45:00,PT15M,2026-05-23T02:00Z,2026-05-23T01:45Z,1,20,14,B95,EUR,A03,A01,11,MAW,MAW,A01,A01
procured_balancing_capacity,11,2026-05-23T02:00:00,PT15M,2026-05-23T02:15Z,2026-05-23T02:00Z,1,20,14,B95,EUR,A03,A01,11,MAW,MAW,A01,A01
procured_balancing_capacity,11,2026-05-23T02:15:00,PT15M,2026-05-23T02:30Z,2026-05-23T02:15Z,1,20,14,B95,EUR,A03,A01,11,MAW,MAW,A01,A01
procured_balancing_capacity,11,2026-05-23T02:30:00,PT15M,2026-05-23T02:45Z,2026-05-23T02:30Z,1,20,14,B95,EUR,A03,A01,11,MAW,MAW,A01,A01
procured_balancing_capacity,11,2026-05-23T02:45:00,PT15M,2026-05-23T03:00Z,2026-05-23T02:45Z,1,20,14,B95,EUR,A03,A01,11,MAW,MAW,A01,A01
procured_balancing_capacity,11,2026-05-23T03:00:00,PT15M,2026-05-23T03:15Z,2026-05-23T03:00Z,1,20,11,B95,EUR,A03,A01,11,MAW,MAW,A01,A01
procured_balancing_capacity,11,2026-05-23T03:15:00,PT15M,2026-05-23T03:30Z,2026-05-23T03:15Z,1,20,11,B95,EUR,A03,A01,11,MAW,MAW,A01,A01
procured_balancing_capacity,11,2026-05-23T03:30:00,PT15M,2026-05-23T03:45Z,2026-05-23T03:30Z,1,20,11,B95,EUR,A03,A01,11,MAW,MAW,A01,A01
procured_balancing_capacity,11,2026-05-23T03:45:00,PT15M,2026-05-23T04:00Z,2026-05-23T03:45Z,1,20,11,B95,EUR,A03,A01,11,MAW,MAW,A01,A01
procured_balancing_capacity,11,2026-05-23T04:00:00,PT15M,2026-05-23T04:15Z,2026-05-23T04:00Z,1,28,7,B95,EUR,A03,A01,11,MAW,MAW,A01,A01
procured_balancing_capacity,11,2026-05-23T04:15:00,PT15M,2026-05-23T04:30Z,2026-05-23T04:15Z,1,28,7,B95,EUR,A03,A01,11,MAW,MAW,A01,A01
procured_balancing_capacity,11,2026-05-23T04:30:00,PT15M,2026-05-23T04:45Z,2026-05-23T04:30Z,1,28,7,B95,EUR,A03,A01,11,MAW,MAW,A01,A01
procured_balancing_capacity,11,2026-05-23T04:45:00,PT15M,2026-05-23T05:00Z,2026-05-23T04:45Z,1,28,7,B95,EUR,A03,A01,11,MAW,MAW,A01,A01
procured_balancing_capacity,11,2026-05-23T05:00:00,PT15M,2026-05-23T05:15Z,2026-05-23T05:00Z,1,28,7,B95,EUR,A03,A01,11,MAW,MAW,A01,A01
procured_balancing_capacity,11,2026-05-23T05:15:00,PT15M,2026-05-23T05:30Z,2026-05-23T05:15Z,1,28,7,B95,EUR,A03,A01,11,MAW,MAW,A01,A01
procured_balancing_capacity,11,2026-05-23T05:30:00,PT15M,2026-05-23T05:45Z,2026-05-23T05:30Z,1,28,7,B95,EUR,A03,A01,11,MAW,MAW,A01,A01
procured_balancing_capacity,11,2026-05-23T05:45:00,PT15M,2026-05-23T06:00Z,2026-05-23T05:45Z,1,28,7,B95,EUR,A03,A01,11,MAW,MAW,A01,A01
procured_balancing_capacity,11,2026-05-23T06:00:00,PT15M,2026-05-23T06:15Z,2026-05-23T06:00Z,1,28,6,B95,EUR,A03,A01,11,MAW,MAW,A01,A01
procured_balancing_capacity,11,2026-05-23T06:15:00,PT15M,2026-05-23T06:30Z,2026-05-23T06:15Z,1,28,6,B95,EUR,A03,A01,11,MAW,MAW,A01,A01
procured_balancing_capacity,11,2026-05-23T06:30:00,PT15M,2026-05-23T06:45Z,2026-05-23T06:30Z,1,28,6,B95,EUR,A03,A01,11,MAW,MAW,A01,A01
procured_balancing_capacity,11,2026-05-23T06:45:00,PT15M,2026-05-23T07:00Z,2026-05-23T06:45Z,1,28,6,B95,EUR,A03,A01,11,MAW,MAW,A01,A01
procured_balancing_capacity,11,2026-05-23T07:00:00,PT15M,2026-05-23T07:15Z,2026-05-23T07:00Z,1,34,9,B95,EUR,A03,A01,11,MAW,MAW,A01,A01
procured_balancing_capacity,11,2026-05-23T07:15:00,PT15M,2026-05-23T07:30Z,2026-05-23T07:15Z,1,34,9,B95,EUR,A03,A01,11,MAW,MAW,A01,A01
procured_balancing_capacity,11,2026-05-23T07:30:00,PT15M,2026-05-23T07:45Z,2026-05-23T07:30Z,1,34,9,B95,EUR,A03,A01,11,MAW,MAW,A01,A01
procured_balancing_capacity,11,2026-05-23T07:45:00,PT15M,2026-05-23T08:00Z,2026-05-23T07:45Z,1,34,9,B95,EUR,A03,A01,11,MAW,MAW,A01,A01
procured_balancing_capacity,11,2026-05-23T08:00:00,PT15M,2026-05-23T08:15Z,2026-05-23T08:00Z,1,35,9,B95,EUR,A03,A01,11,MAW,MAW,A01,A01
procured_balancing_capacity,11,2026-05-23T08:15:00,PT15M,2026-05-23T08:30Z,2026-05-23T08:15Z,1,35,9,B95,EUR,A03,A01,11,MAW,MAW,A01,A01
procured_balancing_capacity,11,2026-05-23T08:30:00,PT15M,2026-05-23T08:45Z,2026-05-23T08:30Z,1,35,9,B95,EUR,A03,A01,11,MAW,MAW,A01,A01
procured_balancing_capacity,11,2026-05-23T08:45:00,PT15M,2026-05-23T09:00Z,2026-05-23T08:45Z,1,35,9,B95,EUR,A03,A01,11,MAW,MAW,A01,A01
procured_balancing_capacity,11,2026-05-23T09:00:00,PT15M,2026-05-23T09:15Z,2026-05-23T09:00Z,1,35,9,B95,EUR,A03,A01,11,MAW,MAW,A01,A01
procured_balancing_capacity,11,2026-05-23T09:15:00,PT15M,2026-05-23T09:30Z,2026-05-23T09:15Z,1,35,9,B95,EUR,A03,A01,11,MAW,MAW,A01,A01
procured_balancing_capacity,11,2026-05-23T09:30:00,PT15M,2026-05-23T09:45Z,2026-05-23T09:30Z,1,35,9,B95,EUR,A03,A01,11,MAW,MAW,A01,A01
procured_balancing_capacity,11,2026-05-23T09:45:00,PT15M,2026-05-23T10:00Z,2026-05-23T09:45Z,1,35,9,B95,EUR,A03,A01,11,MAW,MAW,A01,A01
procured_balancing_capacity,11,2026-05-23T10:00:00,PT15M,2026-05-23T10:15Z,2026-05-23T10:00Z,1,35,9,B95,EUR,A03,A01,11,MAW,MAW,A01,A01
procured_balancing_capacity,11,2026-05-23T10:15:00,PT15M,2026-05-23T10:30Z,2026-05-23T10:15Z,1,35,9,B95,EUR,A03,A01,11,MAW,MAW,A01,A01
procured_balancing_capacity,11,2026-05-23T10:30:00,PT15M,2026-05-23T10:45Z,2026-05-23T10:30Z,1,35,9,B95,EUR,A03,A01,11,MAW,MAW,A01,A01
procured_balancing_capacity,11,2026-05-23T10:45:00,PT15M,2026-05-23T11:00Z,2026-05-23T10:45Z,1,35,9,B95,EUR,A03,A01,11,MAW,MAW,A01,A01
procured_balancing_capacity,11,2026-05-23T11:00:00,PT15M,2026-05-23T11:15Z,2026-05-23T11:00Z,1,35,9,B95,EUR,A03,A01,11,MAW,MAW,A01,A01
procured_balancing_capacity,11,2026-05-23T11:15:00,PT15M,2026-05-23T11:30Z,2026-05-23T11:15Z,1,35,9,B95,EUR,A03,A01,11,MAW,MAW,A01,A01
procured_balancing_capacity,11,2026-05-23T11:30:00,PT15M,2026-05-23T11:45Z,2026-05-23T11:30Z,1,35,9,B95,EUR,A03,A01,11,MAW,MAW,A01,A01
procured_balancing_capacity,11,2026-05-23T11:45:00,PT15M,2026-05-23T12:00Z,2026-05-23T11:45Z,1,35,9,B95,EUR,A03,A01,11,MAW,MAW,A01,A01
procured_balancing_capacity,11,2026-05-23T12:00:00,PT15M,2026-05-23T12:15Z,2026-05-23T12:00Z,1,35,9,B95,EUR,A03,A01,11,MAW,MAW,A01,A01
procured_balancing_capacity,11,2026-05-23T12:15:00,PT15M,2026-05-23T12:30Z,2026-05-23T12:15Z,1,35,9,B95,EUR,A03,A01,11,MAW,MAW,A01,A01
procured_balancing_capacity,11,2026-05-23T12:30:00,PT15M,2026-05-23T12:45Z,2026-05-23T12:30Z,1,35,9,B95,EUR,A03,A01,11,MAW,MAW,A01,A01
procured_balancing_capacity,11,2026-05-23T12:45:00,PT15M,2026-05-23T13:00Z,2026-05-23T12:45Z,1,35,9,B95,EUR,A03,A01,11,MAW,MAW,A01,A01
procured_balancing_capacity,11,2026-05-23T13:00:00,PT15M,2026-05-23T13:15Z,2026-05-23T13:00Z,1,35,9,B95,EUR,A03,A01,11,MAW,MAW,A01,A01
procured_balancing_capacity,11,2026-05-23T13:15:00,PT15M,2026-05-23T13:30Z,2026-05-23T13:15Z,1,35,9,B95,EUR,A03,A01,11,MAW,MAW,A01,A01
procured_balancing_capacity,11,2026-05-23T13:30:00,PT15M,2026-05-23T13:45Z,2026-05-23T13:30Z,1,35,9,B95,EUR,A03,A01,11,MAW,MAW,A01,A01
procured_balancing_capacity,11,2026-05-23T13:45:00,PT15M,2026-05-23T14:00Z,2026-05-23T13:45Z,1,35,9,B95,EUR,A03,A01,11,MAW,MAW,A01,A01
procured_balancing_capacity,11,2026-05-23T14:00:00,PT15M,2026-05-23T14:15Z,2026-05-23T14:00Z,1,35,9,B95,EUR,A03,A01,11,MAW,MAW,A01,A01
procured_balancing_capacity,11,2026-05-23T14:15:00,PT15M,2026-05-23T14:30Z,2026-05-23T14:15Z,1,35,9,B95,EUR,A03,A01,11,MAW,MAW,A01,A01
procured_balancing_capacity,11,2026-05-23T14:30:00,PT15M,2026-05-23T14:45Z,2026-05-23T14:30Z,1,35,9,B95,EUR,A03,A01,11,MAW,MAW,A01,A01
procured_balancing_capacity,11,2026-05-23T14:45:00,PT15M,2026-05-23T15:00Z,2026-05-23T14:45Z,1,35,9,B95,EUR,A03,A01,11,MAW,MAW,A01,A01
procured_balancing_capacity,11,2026-05-23T15:00:00,PT15M,2026-05-23T15:15Z,2026-05-23T15:00Z,1,35,14,B95,EUR,A03,A01,11,MAW,MAW,A01,A01
procured_balancing_capacity,11,2026-05-23T15:15:00,PT15M,2026-05-23T15:30Z,2026-05-23T15:15Z,1,35,14,B95,EUR,A03,A01,11,MAW,MAW,A01,A01
procured_balancing_capacity,11,2026-05-23T15:30:00,PT15M,2026-05-23T15:45Z,2026-05-23T15:30Z,1,35,14,B95,EUR,A03,A01,11,MAW,MAW,A01,A01
procured_balancing_capacity,11,2026-05-23T15:45:00,PT15M,2026-05-23T16:00Z,2026-05-23T15:45Z,1,35,14,B95,EUR,A03,A01,11,MAW,MAW,A01,A01
procured_balancing_capacity,11,2026-05-23T16:00:00,PT15M,2026-05-23T16:15Z,2026-05-23T16:00Z,1,28,14,B95,EUR,A03,A01,11,MAW,MAW,A01,A01
procured_balancing_capacity,11,2026-05-23T16:15:00,PT15M,2026-05-23T16:30Z,2026-05-23T16:15Z,1,28,14,B95,EUR,A03,A01,11,MAW,MAW,A01,A01
procured_balancing_capacity,11,2026-05-23T16:30:00,PT15M,2026-05-23T16:45Z,2026-05-23T16:30Z,1,28,14,B95,EUR,A03,A01,11,MAW,MAW,A01,A01
procured_balancing_capacity,11,2026-05-23T16:45:00,PT15M,2026-05-23T17:00Z,2026-05-23T16:45Z,1,28,14,B95,EUR,A03,A01,11,MAW,MAW,A01,A01
procured_balancing_capacity,11,2026-05-23T17:00:00,PT15M,2026-05-23T17:15Z,2026-05-23T17:00Z,1,35,4,B95,EUR,A03,A01,11,MAW,MAW,A01,A01
procured_balancing_capacity,11,2026-05-23T17:15:00,PT15M,2026-05-23T17:30Z,2026-05-23T17:15Z,1,35,4,B95,EUR,A03,A01,11,MAW,MAW,A01,A01
procured_balancing_capacity,11,2026-05-23T17:30:00,PT15M,2026-05-23T17:45Z,2026-05-23T17:30Z,1,35,4,B95,EUR,A03,A01,11,MAW,MAW,A01,A01
procured_balancing_capacity,11,2026-05-23T17:45:00,PT15M,2026-05-23T18:00Z,2026-05-23T17:45Z,1,35,4,B95,EUR,A03,A01,11,MAW,MAW,A01,A01
procured_balancing_capacity,11,2026-05-23T18:00:00,PT15M,2026-05-23T18:15Z,2026-05-23T18:00Z,1,35,4,B95,EUR,A03,A01,11,MAW,MAW,A01,A01
procured_balancing_capacity,11,2026-05-23T18:15:00,PT15M,2026-05-23T18:30Z,2026-05-23T18:15Z,1,35,4,B95,EUR,A03,A01,11,MAW,MAW,A01,A01
procured_balancing_capacity,11,2026-05-23T18:30:00,PT15M,2026-05-23T18:45Z,2026-05-23T18:30Z,1,35,4,B95,EUR,A03,A01,11,MAW,MAW,A01,A01
procured_balancing_capacity,11,2026-05-23T18:45:00,PT15M,2026-05-23T19:00Z,2026-05-23T18:45Z,1,35,4,B95,EUR,A03,A01,11,MAW,MAW,A01,A01
procured_balancing_capacity,11,2026-05-23T19:00:00,PT15M,2026-05-23T19:15Z,2026-05-23T19:00Z,1,29,5,B95,EUR,A03,A01,11,MAW,MAW,A01,A01
procured_balancing_capacity,11,2026-05-23T19:15:00,PT15M,2026-05-23T19:30Z,2026-05-23T19:15Z,1,29,5,B95,EUR,A03,A01,11,MAW,MAW,A01,A01
procured_balancing_capacity,11,2026-05-23T19:30:00,PT15M,2026-05-23T19:45Z,2026-05-23T19:30Z,1,29,5,B95,EUR,A03,A01,11,MAW,MAW,A01,A01
procured_balancing_capacity,11,2026-05-23T19:45:00,PT15M,2026-05-23T20:00Z,2026-05-23T19:45Z,1,29,5,B95,EUR,A03,A01,11,MAW,MAW,A01,A01
procured_balancing_capacity,11,2026-05-23T20:00:00,PT15M,2026-05-23T20:15Z,2026-05-23T20:00Z,1,20,14,B95,EUR,A03,A01,11,MAW,MAW,A01,A01
procured_balancing_capacity,11,2026-05-23T20:15:00,PT15M,2026-05-23T20:30Z,2026-05-23T20:15Z,1,20,14,B95,EUR,A03,A01,11,MAW,MAW,A01,A01
procured_balancing_capacity,11,2026-05-23T20:30:00,PT15M,2026-05-23T20:45Z,2026-05-23T20:30Z,1,20,14,B95,EUR,A03,A01,11,MAW,MAW,A01,A01
procured_balancing_capacity,11,2026-05-23T20:45:00,PT15M,2026-05-23T21:00Z,2026-05-23T20:45Z,1,20,14,B95,EUR,A03,A01,11,MAW,MAW,A01,A01
procured_balancing_capacity,11,2026-05-23T21:00:00,PT15M,2026-05-23T21:15Z,2026-05-23T21:00Z,1,20,14,B95,EUR,A03,A01,11,MAW,MAW,A01,A01
procured_balancing_capacity,11,2026-05-23T21:15:00,PT15M,2026-05-23T21:30Z,2026-05-23T21:15Z,1,20,14,B95,EUR,A03,A01,11,MAW,MAW,A01,A01
procured_balancing_capacity,11,2026-05-23T21:30:00,PT15M,2026-05-23T21:45Z,2026-05-23T21:30Z,1,20,14,B95,EUR,A03,A01,11,MAW,MAW,A01,A01
procured_balancing_capacity,11,2026-05-23T21:45:00,PT15M,2026-05-23T22:00Z,2026-05-23T21:45Z,1,20,14,B95,EUR,A03,A01,11,MAW,MAW,A01,A01
procured_balancing_capacity,12,2026-05-22T22:00:00,PT15M,2026-05-22T22:15Z,2026-05-22T22:00Z,1,10.5,0,B95,EUR,A03,A02,12,MAW,MAW,A01,A01
procured_balancing_capacity,12,2026-05-22T22:15:00,PT15M,2026-05-22T22:30Z,2026-05-22T22:15Z,1,10.5,0,B95,EUR,A03,A02,12,MAW,MAW,A01,A01
procured_balancing_capacity,12,2026-05-22T22:30:00,PT15M,2026-05-22T22:45Z,2026-05-22T22:30Z,1,10.5,0,B95,EUR,A03,A02,12,MAW,MAW,A01,A01
procured_balancing_capacity,12,2026-05-22T22:45:00,PT15M,2026-05-22T23:00Z,2026-05-22T22:45Z,1,10.5,0,B95,EUR,A03,A02,12,MAW,MAW,A01,A01
procured_balancing_capacity,12,2026-05-22T23:00:00,PT15M,2026-05-22T23:15Z,2026-05-22T23:00Z,1,10.5,0,B95,EUR,A03,A02,12,MAW,MAW,A01,A01
procured_balancing_capacity,12,2026-05-22T23:15:00,PT15M,2026-05-22T23:30Z,2026-05-22T23:15Z,1,10.5,0,B95,EUR,A03,A02,12,MAW,MAW,A01,A01
procured_balancing_capacity,12,2026-05-22T23:30:00,PT15M,2026-05-22T23:45Z,2026-05-22T23:30Z,1,10.5,0,B95,EUR,A03,A02,12,MAW,MAW,A01,A01
procured_balancing_capacity,12,2026-05-22T23:45:00,PT15M,2026-05-23T00:00Z,2026-05-22T23:45Z,1,10.5,0,B95,EUR,A03,A02,12,MAW,MAW,A01,A01
procured_balancing_capacity,12,2026-05-23T00:00:00,PT15M,2026-05-23T00:15Z,2026-05-23T00:00Z,1,10.5,0,B95,EUR,A03,A02,12,MAW,MAW,A01,A01
procured_balancing_capacity,12,2026-05-23T00:15:00,PT15M,2026-05-23T00:30Z,2026-05-23T00:15Z,1,10.5,0,B95,EUR,A03,A02,12,MAW,MAW,A01,A01
procured_balancing_capacity,12,2026-05-23T00:30:00,PT15M,2026-05-23T00:45Z,2026-05-23T00:30Z,1,10.5,0,B95,EUR,A03,A02,12,MAW,MAW,A01,A01
procured_balancing_capacity,12,2026-05-23T00:45:00,PT15M,2026-05-23T01:00Z,2026-05-23T00:45Z,1,10.5,0,B95,EUR,A03,A02,12,MAW,MAW,A01,A01
procured_balancing_capacity,12,2026-05-23T01:00:00,PT15M,2026-05-23T01:15Z,2026-05-23T01:00Z,1,10.5,0,B95,EUR,A03,A02,12,MAW,MAW,A01,A01
procured_balancing_capacity,12,2026-05-23T01:15:00,PT15M,2026-05-23T01:30Z,2026-05-23T01:15Z,1,10.5,0,B95,EUR,A03,A02,12,MAW,MAW,A01,A01
procured_balancing_capacity,12,2026-05-23T01:30:00,PT15M,2026-05-23T01:45Z,2026-05-23T01:30Z,1,10.5,0,B95,EUR,A03,A02,12,MAW,MAW,A01,A01
procured_balancing_capacity,12,2026-05-23T01:45:00,PT15M,2026-05-23T02:00Z,2026-05-23T01:45Z,1,10.5,0,B95,EUR,A03,A02,12,MAW,MAW,A01,A01
procured_balancing_capacity,12,2026-05-23T02:00:00,PT15M,2026-05-23T02:15Z,2026-05-23T02:00Z,1,10.5,0,B95,EUR,A03,A02,12,MAW,MAW,A01,A01
procured_balancing_capacity,12,2026-05-23T02:15:00,PT15M,2026-05-23T02:30Z,2026-05-23T02:15Z,1,10.5,0,B95,EUR,A03,A02,12,MAW,MAW,A01,A01
procured_balancing_capacity,12,2026-05-23T02:30:00,PT15M,2026-05-23T02:45Z,2026-05-23T02:30Z,1,10.5,0,B95,EUR,A03,A02,12,MAW,MAW,A01,A01
procured_balancing_capacity,12,2026-05-23T02:45:00,PT15M,2026-05-23T03:00Z,2026-05-23T02:45Z,1,10.5,0,B95,EUR,A03,A02,12,MAW,MAW,A01,A01
procured_balancing_capacity,12,2026-05-23T03:00:00,PT15M,2026-05-23T03:15Z,2026-05-23T03:00Z,1,10.5,0,B95,EUR,A03,A02,12,MAW,MAW,A01,A01
procured_balancing_capacity,12,2026-05-23T03:15:00,PT15M,2026-05-23T03:30Z,2026-05-23T03:15Z,1,10.5,0,B95,EUR,A03,A02,12,MAW,MAW,A01,A01
procured_balancing_capacity,12,2026-05-23T03:30:00,PT15M,2026-05-23T03:45Z,2026-05-23T03:30Z,1,10.5,0,B95,EUR,A03,A02,12,MAW,MAW,A01,A01
procured_balancing_capacity,12,2026-05-23T03:45:00,PT15M,2026-05-23T04:00Z,2026-05-23T03:45Z,1,10.5,0,B95,EUR,A03,A02,12,MAW,MAW,A01,A01
procured_balancing_capacity,12,2026-05-23T04:00:00,PT15M,2026-05-23T04:15Z,2026-05-23T04:00Z,1,5,1,B95,EUR,A03,A02,12,MAW,MAW,A01,A01
procured_balancing_capacity,12,2026-05-23T04:15:00,PT15M,2026-05-23T04:30Z,2026-05-23T04:15Z,1,5,1,B95,EUR,A03,A02,12,MAW,MAW,A01,A01
procured_balancing_capacity,12,2026-05-23T04:30:00,PT15M,2026-05-23T04:45Z,2026-05-23T04:30Z,1,5,1,B95,EUR,A03,A02,12,MAW,MAW,A01,A01
procured_balancing_capacity,12,2026-05-23T04:45:00,PT15M,2026-05-23T05:00Z,2026-05-23T04:45Z,1,5,1,B95,EUR,A03,A02,12,MAW,MAW,A01,A01
procured_balancing_capacity,12,2026-05-23T05:00:00,PT15M,2026-05-23T05:15Z,2026-05-23T05:00Z,1,5,1,B95,EUR,A03,A02,12,MAW,MAW,A01,A01
procured_balancing_capacity,12,2026-05-23T05:15:00,PT15M,2026-05-23T05:30Z,2026-05-23T05:15Z,1,5,1,B95,EUR,A03,A02,12,MAW,MAW,A01,A01
procured_balancing_capacity,12,2026-05-23T05:30:00,PT15M,2026-05-23T05:45Z,2026-05-23T05:30Z,1,5,1,B95,EUR,A03,A02,12,MAW,MAW,A01,A01
procured_balancing_capacity,12,2026-05-23T05:45:00,PT15M,2026-05-23T06:00Z,2026-05-23T05:45Z,1,5,1,B95,EUR,A03,A02,12,MAW,MAW,A01,A01
procured_balancing_capacity,12,2026-05-23T06:00:00,PT15M,2026-05-23T06:15Z,2026-05-23T06:00Z,1,10.5,1,B95,EUR,A03,A02,12,MAW,MAW,A01,A01
procured_balancing_capacity,12,2026-05-23T06:15:00,PT15M,2026-05-23T06:30Z,2026-05-23T06:15Z,1,10.5,1,B95,EUR,A03,A02,12,MAW,MAW,A01,A01
procured_balancing_capacity,12,2026-05-23T06:30:00,PT15M,2026-05-23T06:45Z,2026-05-23T06:30Z,1,10.5,1,B95,EUR,A03,A02,12,MAW,MAW,A01,A01
procured_balancing_capacity,12,2026-05-23T06:45:00,PT15M,2026-05-23T07:00Z,2026-05-23T06:45Z,1,10.5,1,B95,EUR,A03,A02,12,MAW,MAW,A01,A01
procured_balancing_capacity,12,2026-05-23T07:00:00,PT15M,2026-05-23T07:15Z,2026-05-23T07:00Z,1,10.5,0,B95,EUR,A03,A02,12,MAW,MAW,A01,A01
procured_balancing_capacity,12,2026-05-23T07:15:00,PT15M,2026-05-23T07:30Z,2026-05-23T07:15Z,1,10.5,0,B95,EUR,A03,A02,12,MAW,MAW,A01,A01
procured_balancing_capacity,12,2026-05-23T07:30:00,PT15M,2026-05-23T07:45Z,2026-05-23T07:30Z,1,10.5,0,B95,EUR,A03,A02,12,MAW,MAW,A01,A01
procured_balancing_capacity,12,2026-05-23T07:45:00,PT15M,2026-05-23T08:00Z,2026-05-23T07:45Z,1,10.5,0,B95,EUR,A03,A02,12,MAW,MAW,A01,A01
procured_balancing_capacity,12,2026-05-23T08:00:00,PT15M,2026-05-23T08:15Z,2026-05-23T08:00Z,1,10.5,0,B95,EUR,A03,A02,12,MAW,MAW,A01,A01
procured_balancing_capacity,12,2026-05-23T08:15:00,PT15M,2026-05-23T08:30Z,2026-05-23T08:15Z,1,10.5,0,B95,EUR,A03,A02,12,MAW,MAW,A01,A01
procured_balancing_capacity,12,2026-05-23T08:30:00,PT15M,2026-05-23T08:45Z,2026-05-23T08:30Z,1,10.5,0,B95,EUR,A03,A02,12,MAW,MAW,A01,A01
procured_balancing_capacity,12,2026-05-23T08:45:00,PT15M,2026-05-23T09:00Z,2026-05-23T08:45Z,1,10.5,0,B95,EUR,A03,A02,12,MAW,MAW,A01,A01
procured_balancing_capacity,12,2026-05-23T09:00:00,PT15M,2026-05-23T09:15Z,2026-05-23T09:00Z,1,10.5,0,B95,EUR,A03,A02,12,MAW,MAW,A01,A01
procured_balancing_capacity,12,2026-05-23T09:15:00,PT15M,2026-05-23T09:30Z,2026-05-23T09:15Z,1,10.5,0,B95,EUR,A03,A02,12,MAW,MAW,A01,A01
procured_balancing_capacity,12,2026-05-23T09:30:00,PT15M,2026-05-23T09:45Z,2026-05-23T09:30Z,1,10.5,0,B95,EUR,A03,A02,12,MAW,MAW,A01,A01
procured_balancing_capacity,12,2026-05-23T09:45:00,PT15M,2026-05-23T10:00Z,2026-05-23T09:45Z,1,10.5,0,B95,EUR,A03,A02,12,MAW,MAW,A01,A01
procured_balancing_capacity,12,2026-05-23T10:00:00,PT15M,2026-05-23T10:15Z,2026-05-23T10:00Z,1,10.5,0,B95,EUR,A03,A02,12,MAW,MAW,A01,A01
procured_balancing_capacity,12,2026-05-23T10:15:00,PT15M,2026-05-23T10:30Z,2026-05-23T10:15Z,1,10.5,0,B95,EUR,A03,A02,12,MAW,MAW,A01,A01
procured_balancing_capacity,12,2026-05-23T10:30:00,PT15M,2026-05-23T10:45Z,2026-05-23T10:30Z,1,10.5,0,B95,EUR,A03,A02,12,MAW,MAW,A01,A01
procured_balancing_capacity,12,2026-05-23T10:45:00,PT15M,2026-05-23T11:00Z,2026-05-23T10:45Z,1,10.5,0,B95,EUR,A03,A02,12,MAW,MAW,A01,A01
procured_balancing_capacity,12,2026-05-23T11:00:00,PT15M,2026-05-23T11:15Z,2026-05-23T11:00Z,1,10.5,0,B95,EUR,A03,A02,12,MAW,MAW,A01,A01
procured_balancing_capacity,12,2026-05-23T11:15:00,PT15M,2026-05-23T11:30Z,2026-05-23T11:15Z,1,10.5,0,B95,EUR,A03,A02,12,MAW,MAW,A01,A01
procured_balancing_capacity,12,2026-05-23T11:30:00,PT15M,2026-05-23T11:45Z,2026-05-23T11:30Z,1,10.5,0,B95,EUR,A03,A02,12,MAW,MAW,A01,A01
procured_balancing_capacity,12,2026-05-23T11:45:00,PT15M,2026-05-23T12:00Z,2026-05-23T11:45Z,1,10.5,0,B95,EUR,A03,A02,12,MAW,MAW,A01,A01
procured_balancing_capacity,12,2026-05-23T12:00:00,PT15M,2026-05-23T12:15Z,2026-05-23T12:00Z,1,10.5,0,B95,EUR,A03,A02,12,MAW,MAW,A01,A01
procured_balancing_capacity,12,2026-05-23T12:15:00,PT15M,2026-05-23T12:30Z,2026-05-23T12:15Z,1,10.5,0,B95,EUR,A03,A02,12,MAW,MAW,A01,A01
procured_balancing_capacity,12,2026-05-23T12:30:00,PT15M,2026-05-23T12:45Z,2026-05-23T12:30Z,1,10.5,0,B95,EUR,A03,A02,12,MAW,MAW,A01,A01
procured_balancing_capacity,12,2026-05-23T12:45:00,PT15M,2026-05-23T13:00Z,2026-05-23T12:45Z,1,10.5,0,B95,EUR,A03,A02,12,MAW,MAW,A01,A01
procured_balancing_capacity,12,2026-05-23T13:00:00,PT15M,2026-05-23T13:15Z,2026-05-23T13:00Z,1,10.5,0,B95,EUR,A03,A02,12,MAW,MAW,A01,A01
procured_balancing_capacity,12,2026-05-23T13:15:00,PT15M,2026-05-23T13:30Z,2026-05-23T13:15Z,1,10.5,0,B95,EUR,A03,A02,12,MAW,MAW,A01,A01
procured_balancing_capacity,12,2026-05-23T13:30:00,PT15M,2026-05-23T13:45Z,2026-05-23T13:30Z,1,10.5,0,B95,EUR,A03,A02,12,MAW,MAW,A01,A01
procured_balancing_capacity,12,2026-05-23T13:45:00,PT15M,2026-05-23T14:00Z,2026-05-23T13:45Z,1,10.5,0,B95,EUR,A03,A02,12,MAW,MAW,A01,A01
procured_balancing_capacity,12,2026-05-23T14:00:00,PT15M,2026-05-23T14:15Z,2026-05-23T14:00Z,1,10.5,0,B95,EUR,A03,A02,12,MAW,MAW,A01,A01
procured_balancing_capacity,12,2026-05-23T14:15:00,PT15M,2026-05-23T14:30Z,2026-05-23T14:15Z,1,10.5,0,B95,EUR,A03,A02,12,MAW,MAW,A01,A01
procured_balancing_capacity,12,2026-05-23T14:30:00,PT15M,2026-05-23T14:45Z,2026-05-23T14:30Z,1,10.5,0,B95,EUR,A03,A02,12,MAW,MAW,A01,A01
procured_balancing_capacity,12,2026-05-23T14:45:00,PT15M,2026-05-23T15:00Z,2026-05-23T14:45Z,1,10.5,0,B95,EUR,A03,A02,12,MAW,MAW,A01,A01
procured_balancing_capacity,12,2026-05-23T15:00:00,PT15M,2026-05-23T15:15Z,2026-05-23T15:00Z,1,10.5,0,B95,EUR,A03,A02,12,MAW,MAW,A01,A01
procured_balancing_capacity,12,2026-05-23T15:15:00,PT15M,2026-05-23T15:30Z,2026-05-23T15:15Z,1,10.5,0,B95,EUR,A03,A02,12,MAW,MAW,A01,A01
procured_balancing_capacity,12,2026-05-23T15:30:00,PT15M,2026-05-23T15:45Z,2026-05-23T15:30Z,1,10.5,0,B95,EUR,A03,A02,12,MAW,MAW,A01,A01
procured_balancing_capacity,12,2026-05-23T15:45:00,PT15M,2026-05-23T16:00Z,2026-05-23T15:45Z,1,10.5,0,B95,EUR,A03,A02,12,MAW,MAW,A01,A01
procured_balancing_capacity,12,2026-05-23T16:00:00,PT15M,2026-05-23T16:15Z,2026-05-23T16:00Z,1,10.5,0,B95,EUR,A03,A02,12,MAW,MAW,A01,A01
procured_balancing_capacity,12,2026-05-23T16:15:00,PT15M,2026-05-23T16:30Z,2026-05-23T16:15Z,1,10.5,0,B95,EUR,A03,A02,12,MAW,MAW,A01,A01
procured_balancing_capacity,12,2026-05-23T16:30:00,PT15M,2026-05-23T16:45Z,2026-05-23T16:30Z,1,10.5,0,B95,EUR,A03,A02,12,MAW,MAW,A01,A01
procured_balancing_capacity,12,2026-05-23T16:45:00,PT15M,2026-05-23T17:00Z,2026-05-23T16:45Z,1,10.5,0,B95,EUR,A03,A02,12,MAW,MAW,A01,A01
procured_balancing_capacity,12,2026-05-23T17:00:00,PT15M,2026-05-23T17:15Z,2026-05-23T17:00Z,1,5,4,B95,EUR,A03,A02,12,MAW,MAW,A01,A01
procured_balancing_capacity,12,2026-05-23T17:15:00,PT15M,2026-05-23T17:30Z,2026-05-23T17:15Z,1,5,4,B95,EUR,A03,A02,12,MAW,MAW,A01,A01
procured_balancing_capacity,12,2026-05-23T17:30:00,PT15M,2026-05-23T17:45Z,2026-05-23T17:30Z,1,5,4,B95,EUR,A03,A02,12,MAW,MAW,A01,A01
procured_balancing_capacity,12,2026-05-23T17:45:00,PT15M,2026-05-23T18:00Z,2026-05-23T17:45Z,1,5,4,B95,EUR,A03,A02,12,MAW,MAW,A01,A01
procured_balancing_capacity,12,2026-05-23T18:00:00,PT15M,2026-05-23T18:15Z,2026-05-23T18:00Z,1,5,4,B95,EUR,A03,A02,12,MAW,MAW,A01,A01
procured_balancing_capacity,12,2026-05-23T18:15:00,PT15M,2026-05-23T18:30Z,2026-05-23T18:15Z,1,5,4,B95,EUR,A03,A02,12,MAW,MAW,A01,A01
procured_balancing_capacity,12,2026-05-23T18:30:00,PT15M,2026-05-23T18:45Z,2026-05-23T18:30Z,1,5,4,B95,EUR,A03,A02,12,MAW,MAW,A01,A01
procured_balancing_capacity,12,2026-05-23T18:45:00,PT15M,2026-05-23T19:00Z,2026-05-23T18:45Z,1,5,4,B95,EUR,A03,A02,12,MAW,MAW,A01,A01
procured_balancing_capacity,12,2026-05-23T19:00:00,PT15M,2026-05-23T19:15Z,2026-05-23T19:00Z,1,5,3,B95,EUR,A03,A02,12,MAW,MAW,A01,A01
procured_balancing_capacity,12,2026-05-23T19:15:00,PT15M,2026-05-23T19:30Z,2026-05-23T19:15Z,1,5,3,B95,EUR,A03,A02,12,MAW,MAW,A01,A01
procured_balancing_capacity,12,2026-05-23T19:30:00,PT15M,2026-05-23T19:45Z,2026-05-23T19:30Z,1,5,3,B95,EUR,A03,A02,12,MAW,MAW,A01,A01
procured_balancing_capacity,12,2026-05-23T19:45:00,PT15M,2026-05-23T20:00Z,2026-05-23T19:45Z,1,5,3,B95,EUR,A03,A02,12,MAW,MAW,A01,A01
procured_balancing_capacity,12,2026-05-23T20:00:00,PT15M,2026-05-23T20:15Z,2026-05-23T20:00Z,1,10.5,0,B95,EUR,A03,A02,12,MAW,MAW,A01,A01
procured_balancing_capacity,12,2026-05-23T20:15:00,PT15M,2026-05-23T20:30Z,2026-05-23T20:15Z,1,10.5,0,B95,EUR,A03,A02,12,MAW,MAW,A01,A01
procured_balancing_capacity,12,2026-05-23T20:30:00,PT15M,2026-05-23T20:45Z,2026-05-23T20:30Z,1,10.5,0,B95,EUR,A03,A02,12,MAW,MAW,A01,A01
procured_balancing_capacity,12,2026-05-23T20:45:00,PT15M,2026-05-23T21:00Z,2026-05-23T20:45Z,1,10.5,0,B95,EUR,A03,A02,12,MAW,MAW,A01,A01
procured_balancing_capacity,12,2026-05-23T21:00:00,PT15M,2026-05-23T21:15Z,2026-05-23T21:00Z,1,10.5,0,B95,EUR,A03,A02,12,MAW,MAW,A01,A01
procured_balancing_capacity,12,2026-05-23T21:15:00,PT15M,2026-05-23T21:30Z,2026-05-23T21:15Z,1,10.5,0,B95,EUR,A03,A02,12,MAW,MAW,A01,A01
procured_balancing_capacity,12,2026-05-23T21:30:00,PT15M,2026-05-23T21:45Z,2026-05-23T21:30Z,1,10.5,0,B95,EUR,A03,A02,12,MAW,MAW,A01,A01
procured_balancing_capacity,12,2026-05-23T21:45:00,PT15M,2026-05-23T22:00Z,2026-05-23T21:45Z,1,10.5,0,B95,EUR,A03,A02,12,MAW,MAW,A01,A01
procured_balancing_capacity,13,2026-05-22T22:00:00,PT15M,2026-05-22T22:15Z,2026-05-22T22:00Z,1,35.3,11,B95,EUR,A03,A01,13,MAW,MAW,A01,A01
procured_balancing_capacity,13,2026-05-22T22:15:00,PT15M,2026-05-22T22:30Z,2026-05-22T22:15Z,1,35.3,11,B95,EUR,A03,A01,13,MAW,MAW,A01,A01
procured_balancing_capacity,13,2026-05-22T22:30:00,PT15M,2026-05-22T22:45Z,2026-05-22T22:30Z,1,35.3,11,B95,EUR,A03,A01,13,MAW,MAW,A01,A01
procured_balancing_capacity,13,2026-05-22T22:45:00,PT15M,2026-05-22T23:00Z,2026-05-22T22:45Z,1,35.3,11,B95,EUR,A03,A01,13,MAW,MAW,A01,A01
procured_balancing_capacity,13,2026-05-22T23:00:00,PT15M,2026-05-22T23:15Z,2026-05-22T23:00Z,1,35.3,11,B95,EUR,A03,A01,13,MAW,MAW,A01,A01
procured_balancing_capacity,13,2026-05-22T23:15:00,PT15M,2026-05-22T23:30Z,2026-05-22T23:15Z,1,35.3,11,B95,EUR,A03,A01,13,MAW,MAW,A01,A01
procured_balancing_capacity,13,2026-05-22T23:30:00,PT15M,2026-05-22T23:45Z,2026-05-22T23:30Z,1,35.3,11,B95,EUR,A03,A01,13,MAW,MAW,A01,A01
procured_balancing_capacity,13,2026-05-22T23:45:00,PT15M,2026-05-23T00:00Z,2026-05-22T23:45Z,1,35.3,11,B95,EUR,A03,A01,13,MAW,MAW,A01,A01
procured_balancing_capacity,13,2026-05-23T00:00:00,PT15M,2026-05-23T00:15Z,2026-05-23T00:00Z,1,35.3,11,B95,EUR,A03,A01,13,MAW,MAW,A01,A01
procured_balancing_capacity,13,2026-05-23T00:15:00,PT15M,2026-05-23T00:30Z,2026-05-23T00:15Z,1,35.3,11,B95,EUR,A03,A01,13,MAW,MAW,A01,A01
procured_balancing_capacity,13,2026-05-23T00:30:00,PT15M,2026-05-23T00:45Z,2026-05-23T00:30Z,1,35.3,11,B95,EUR,A03,A01,13,MAW,MAW,A01,A01
procured_balancing_capacity,13,2026-05-23T00:45:00,PT15M,2026-05-23T01:00Z,2026-05-23T00:45Z,1,35.3,11,B95,EUR,A03,A01,13,MAW,MAW,A01,A01
procured_balancing_capacity,13,2026-05-23T01:00:00,PT15M,2026-05-23T01:15Z,2026-05-23T01:00Z,1,35.3,11,B95,EUR,A03,A01,13,MAW,MAW,A01,A01
procured_balancing_capacity,13,2026-05-23T01:15:00,PT15M,2026-05-23T01:30Z,2026-05-23T01:15Z,1,35.3,11,B95,EUR,A03,A01,13,MAW,MAW,A01,A01
procured_balancing_capacity,13,2026-05-23T01:30:00,PT15M,2026-05-23T01:45Z,2026-05-23T01:30Z,1,35.3,11,B95,EUR,A03,A01,13,MAW,MAW,A01,A01
procured_balancing_capacity,13,2026-05-23T01:45:00,PT15M,2026-05-23T02:00Z,2026-05-23T01:45Z,1,35.3,11,B95,EUR,A03,A01,13,MAW,MAW,A01,A01
procured_balancing_capacity,13,2026-05-23T02:00:00,PT15M,2026-05-23T02:15Z,2026-05-23T02:00Z,1,35.3,11,B95,EUR,A03,A01,13,MAW,MAW,A01,A01
procured_balancing_capacity,13,2026-05-23T02:15:00,PT15M,2026-05-23T02:30Z,2026-05-23T02:15Z,1,35.3,11,B95,EUR,A03,A01,13,MAW,MAW,A01,A01
procured_balancing_capacity,13,2026-05-23T02:30:00,PT15M,2026-05-23T02:45Z,2026-05-23T02:30Z,1,35.3,11,B95,EUR,A03,A01,13,MAW,MAW,A01,A01
procured_balancing_capacity,13,2026-05-23T02:45:00,PT15M,2026-05-23T03:00Z,2026-05-23T02:45Z,1,35.3,11,B95,EUR,A03,A01,13,MAW,MAW,A01,A01
procured_balancing_capacity,13,2026-05-23T03:00:00,PT15M,2026-05-23T03:15Z,2026-05-23T03:00Z,1,35.3,11,B95,EUR,A03,A01,13,MAW,MAW,A01,A01
procured_balancing_capacity,13,2026-05-23T03:15:00,PT15M,2026-05-23T03:30Z,2026-05-23T03:15Z,1,35.3,11,B95,EUR,A03,A01,13,MAW,MAW,A01,A01
procured_balancing_capacity,13,2026-05-23T03:30:00,PT15M,2026-05-23T03:45Z,2026-05-23T03:30Z,1,35.3,11,B95,EUR,A03,A01,13,MAW,MAW,A01,A01
procured_balancing_capacity,13,2026-05-23T03:45:00,PT15M,2026-05-23T04:00Z,2026-05-23T03:45Z,1,35.3,11,B95,EUR,A03,A01,13,MAW,MAW,A01,A01
procured_balancing_capacity,13,2026-05-23T04:00:00,PT15M,2026-05-23T04:15Z,2026-05-23T04:00Z,1,35.3,11,B95,EUR,A03,A01,13,MAW,MAW,A01,A01
procured_balancing_capacity,13,2026-05-23T04:15:00,PT15M,2026-05-23T04:30Z,2026-05-23T04:15Z,1,35.3,11,B95,EUR,A03,A01,13,MAW,MAW,A01,A01
procured_balancing_capacity,13,2026-05-23T04:30:00,PT15M,2026-05-23T04:45Z,2026-05-23T04:30Z,1,35.3,11,B95,EUR,A03,A01,13,MAW,MAW,A01,A01
procured_balancing_capacity,13,2026-05-23T04:45:00,PT15M,2026-05-23T05:00Z,2026-05-23T04:45Z,1,35.3,11,B95,EUR,A03,A01,13,MAW,MAW,A01,A01
procured_balancing_capacity,13,2026-05-23T05:00:00,PT15M,2026-05-23T05:15Z,2026-05-23T05:00Z,1,35.3,11,B95,EUR,A03,A01,13,MAW,MAW,A01,A01
procured_balancing_capacity,13,2026-05-23T05:15:00,PT15M,2026-05-23T05:30Z,2026-05-23T05:15Z,1,35.3,11,B95,EUR,A03,A01,13,MAW,MAW,A01,A01
procured_balancing_capacity,13,2026-05-23T05:30:00,PT15M,2026-05-23T05:45Z,2026-05-23T05:30Z,1,35.3,11,B95,EUR,A03,A01,13,MAW,MAW,A01,A01
procured_balancing_capacity,13,2026-05-23T05:45:00,PT15M,2026-05-23T06:00Z,2026-05-23T05:45Z,1,35.3,11,B95,EUR,A03,A01,13,MAW,MAW,A01,A01
procured_balancing_capacity,13,2026-05-23T06:00:00,PT15M,2026-05-23T06:15Z,2026-05-23T06:00Z,1,35.3,11,B95,EUR,A03,A01,13,MAW,MAW,A01,A01
procured_balancing_capacity,13,2026-05-23T06:15:00,PT15M,2026-05-23T06:30Z,2026-05-23T06:15Z,1,35.3,11,B95,EUR,A03,A01,13,MAW,MAW,A01,A01
procured_balancing_capacity,13,2026-05-23T06:30:00,PT15M,2026-05-23T06:45Z,2026-05-23T06:30Z,1,35.3,11,B95,EUR,A03,A01,13,MAW,MAW,A01,A01
procured_balancing_capacity,13,2026-05-23T06:45:00,PT15M,2026-05-23T07:00Z,2026-05-23T06:45Z,1,35.3,11,B95,EUR,A03,A01,13,MAW,MAW,A01,A01
procured_balancing_capacity,13,2026-05-23T07:00:00,PT15M,2026-05-23T07:15Z,2026-05-23T07:00Z,1,35.3,11,B95,EUR,A03,A01,13,MAW,MAW,A01,A01
procured_balancing_capacity,13,2026-05-23T07:15:00,PT15M,2026-05-23T07:30Z,2026-05-23T07:15Z,1,35.3,11,B95,EUR,A03,A01,13,MAW,MAW,A01,A01
procured_balancing_capacity,13,2026-05-23T07:30:00,PT15M,2026-05-23T07:45Z,2026-05-23T07:30Z,1,35.3,11,B95,EUR,A03,A01,13,MAW,MAW,A01,A01
procured_balancing_capacity,13,2026-05-23T07:45:00,PT15M,2026-05-23T08:00Z,2026-05-23T07:45Z,1,35.3,11,B95,EUR,A03,A01,13,MAW,MAW,A01,A01
procured_balancing_capacity,13,2026-05-23T08:00:00,PT15M,2026-05-23T08:15Z,2026-05-23T08:00Z,1,35.3,11,B95,EUR,A03,A01,13,MAW,MAW,A01,A01
procured_balancing_capacity,13,2026-05-23T08:15:00,PT15M,2026-05-23T08:30Z,2026-05-23T08:15Z,1,35.3,11,B95,EUR,A03,A01,13,MAW,MAW,A01,A01
procured_balancing_capacity,13,2026-05-23T08:30:00,PT15M,2026-05-23T08:45Z,2026-05-23T08:30Z,1,35.3,11,B95,EUR,A03,A01,13,MAW,MAW,A01,A01
procured_balancing_capacity,13,2026-05-23T08:45:00,PT15M,2026-05-23T09:00Z,2026-05-23T08:45Z,1,35.3,11,B95,EUR,A03,A01,13,MAW,MAW,A01,A01
procured_balancing_capacity,13,2026-05-23T09:00:00,PT15M,2026-05-23T09:15Z,2026-05-23T09:00Z,1,35.3,11,B95,EUR,A03,A01,13,MAW,MAW,A01,A01
procured_balancing_capacity,13,2026-05-23T09:15:00,PT15M,2026-05-23T09:30Z,2026-05-23T09:15Z,1,35.3,11,B95,EUR,A03,A01,13,MAW,MAW,A01,A01
procured_balancing_capacity,13,2026-05-23T09:30:00,PT15M,2026-05-23T09:45Z,2026-05-23T09:30Z,1,35.3,11,B95,EUR,A03,A01,13,MAW,MAW,A01,A01
procured_balancing_capacity,13,2026-05-23T09:45:00,PT15M,2026-05-23T10:00Z,2026-05-23T09:45Z,1,35.3,11,B95,EUR,A03,A01,13,MAW,MAW,A01,A01
procured_balancing_capacity,13,2026-05-23T10:00:00,PT15M,2026-05-23T10:15Z,2026-05-23T10:00Z,1,35.3,11,B95,EUR,A03,A01,13,MAW,MAW,A01,A01
procured_balancing_capacity,13,2026-05-23T10:15:00,PT15M,2026-05-23T10:30Z,2026-05-23T10:15Z,1,35.3,11,B95,EUR,A03,A01,13,MAW,MAW,A01,A01
procured_balancing_capacity,13,2026-05-23T10:30:00,PT15M,2026-05-23T10:45Z,2026-05-23T10:30Z,1,35.3,11,B95,EUR,A03,A01,13,MAW,MAW,A01,A01
procured_balancing_capacity,13,2026-05-23T10:45:00,PT15M,2026-05-23T11:00Z,2026-05-23T10:45Z,1,35.3,11,B95,EUR,A03,A01,13,MAW,MAW,A01,A01
procured_balancing_capacity,13,2026-05-23T11:00:00,PT15M,2026-05-23T11:15Z,2026-05-23T11:00Z,1,35.3,11,B95,EUR,A03,A01,13,MAW,MAW,A01,A01
procured_balancing_capacity,13,2026-05-23T11:15:00,PT15M,2026-05-23T11:30Z,2026-05-23T11:15Z,1,35.3,11,B95,EUR,A03,A01,13,MAW,MAW,A01,A01
procured_balancing_capacity,13,2026-05-23T11:30:00,PT15M,2026-05-23T11:45Z,2026-05-23T11:30Z,1,35.3,11,B95,EUR,A03,A01,13,MAW,MAW,A01,A01
procured_balancing_capacity,13,2026-05-23T11:45:00,PT15M,2026-05-23T12:00Z,2026-05-23T11:45Z,1,35.3,11,B95,EUR,A03,A01,13,MAW,MAW,A01,A01
procured_balancing_capacity,13,2026-05-23T12:00:00,PT15M,2026-05-23T12:15Z,2026-05-23T12:00Z,1,35.3,11,B95,EUR,A03,A01,13,MAW,MAW,A01,A01
procured_balancing_capacity,13,2026-05-23T12:15:00,PT15M,2026-05-23T12:30Z,2026-05-23T12:15Z,1,35.3,11,B95,EUR,A03,A01,13,MAW,MAW,A01,A01
procured_balancing_capacity,13,2026-05-23T12:30:00,PT15M,2026-05-23T12:45Z,2026-05-23T12:30Z,1,35.3,11,B95,EUR,A03,A01,13,MAW,MAW,A01,A01
procured_balancing_capacity,13,2026-05-23T12:45:00,PT15M,2026-05-23T13:00Z,2026-05-23T12:45Z,1,35.3,11,B95,EUR,A03,A01,13,MAW,MAW,A01,A01
procured_balancing_capacity,13,2026-05-23T13:00:00,PT15M,2026-05-23T13:15Z,2026-05-23T13:00Z,1,35.3,11,B95,EUR,A03,A01,13,MAW,MAW,A01,A01
procured_balancing_capacity,13,2026-05-23T13:15:00,PT15M,2026-05-23T13:30Z,2026-05-23T13:15Z,1,35.3,11,B95,EUR,A03,A01,13,MAW,MAW,A01,A01
procured_balancing_capacity,13,2026-05-23T13:30:00,PT15M,2026-05-23T13:45Z,2026-05-23T13:30Z,1,35.3,11,B95,EUR,A03,A01,13,MAW,MAW,A01,A01
procured_balancing_capacity,13,2026-05-23T13:45:00,PT15M,2026-05-23T14:00Z,2026-05-23T13:45Z,1,35.3,11,B95,EUR,A03,A01,13,MAW,MAW,A01,A01
procured_balancing_capacity,13,2026-05-23T14:00:00,PT15M,2026-05-23T14:15Z,2026-05-23T14:00Z,1,35.3,11,B95,EUR,A03,A01,13,MAW,MAW,A01,A01
procured_balancing_capacity,13,2026-05-23T14:15:00,PT15M,2026-05-23T14:30Z,2026-05-23T14:15Z,1,35.3,11,B95,EUR,A03,A01,13,MAW,MAW,A01,A01
procured_balancing_capacity,13,2026-05-23T14:30:00,PT15M,2026-05-23T14:45Z,2026-05-23T14:30Z,1,35.3,11,B95,EUR,A03,A01,13,MAW,MAW,A01,A01
procured_balancing_capacity,13,2026-05-23T14:45:00,PT15M,2026-05-23T15:00Z,2026-05-23T14:45Z,1,35.3,11,B95,EUR,A03,A01,13,MAW,MAW,A01,A01
procured_balancing_capacity,13,2026-05-23T15:00:00,PT15M,2026-05-23T15:15Z,2026-05-23T15:00Z,1,35.3,11,B95,EUR,A03,A01,13,MAW,MAW,A01,A01
procured_balancing_capacity,13,2026-05-23T15:15:00,PT15M,2026-05-23T15:30Z,2026-05-23T15:15Z,1,35.3,11,B95,EUR,A03,A01,13,MAW,MAW,A01,A01
procured_balancing_capacity,13,2026-05-23T15:30:00,PT15M,2026-05-23T15:45Z,2026-05-23T15:30Z,1,35.3,11,B95,EUR,A03,A01,13,MAW,MAW,A01,A01
procured_balancing_capacity,13,2026-05-23T15:45:00,PT15M,2026-05-23T16:00Z,2026-05-23T15:45Z,1,35.3,11,B95,EUR,A03,A01,13,MAW,MAW,A01,A01
procured_balancing_capacity,13,2026-05-23T16:00:00,PT15M,2026-05-23T16:15Z,2026-05-23T16:00Z,1,35.3,11,B95,EUR,A03,A01,13,MAW,MAW,A01,A01
procured_balancing_capacity,13,2026-05-23T16:15:00,PT15M,2026-05-23T16:30Z,2026-05-23T16:15Z,1,35.3,11,B95,EUR,A03,A01,13,MAW,MAW,A01,A01
procured_balancing_capacity,13,2026-05-23T16:30:00,PT15M,2026-05-23T16:45Z,2026-05-23T16:30Z,1,35.3,11,B95,EUR,A03,A01,13,MAW,MAW,A01,A01
procured_balancing_capacity,13,2026-05-23T16:45:00,PT15M,2026-05-23T17:00Z,2026-05-23T16:45Z,1,35.3,11,B95,EUR,A03,A01,13,MAW,MAW,A01,A01
procured_balancing_capacity,13,2026-05-23T17:00:00,PT15M,2026-05-23T17:15Z,2026-05-23T17:00Z,1,35.3,11,B95,EUR,A03,A01,13,MAW,MAW,A01,A01
procured_balancing_capacity,13,2026-05-23T17:15:00,PT15M,2026-05-23T17:30Z,2026-05-23T17:15Z,1,35.3,11,B95,EUR,A03,A01,13,MAW,MAW,A01,A01
procured_balancing_capacity,13,2026-05-23T17:30:00,PT15M,2026-05-23T17:45Z,2026-05-23T17:30Z,1,35.3,11,B95,EUR,A03,A01,13,MAW,MAW,A01,A01
procured_balancing_capacity,13,2026-05-23T17:45:00,PT15M,2026-05-23T18:00Z,2026-05-23T17:45Z,1,35.3,11,B95,EUR,A03,A01,13,MAW,MAW,A01,A01
procured_balancing_capacity,13,2026-05-23T18:00:00,PT15M,2026-05-23T18:15Z,2026-05-23T18:00Z,1,35.3,11,B95,EUR,A03,A01,13,MAW,MAW,A01,A01
procured_balancing_capacity,13,2026-05-23T18:15:00,PT15M,2026-05-23T18:30Z,2026-05-23T18:15Z,1,35.3,11,B95,EUR,A03,A01,13,MAW,MAW,A01,A01
procured_balancing_capacity,13,2026-05-23T18:30:00,PT15M,2026-05-23T18:45Z,2026-05-23T18:30Z,1,35.3,11,B95,EUR,A03,A01,13,MAW,MAW,A01,A01
procured_balancing_capacity,13,2026-05-23T18:45:00,PT15M,2026-05-23T19:00Z,2026-05-23T18:45Z,1,35.3,11,B95,EUR,A03,A01,13,MAW,MAW,A01,A01
procured_balancing_capacity,13,2026-05-23T19:00:00,PT15M,2026-05-23T19:15Z,2026-05-23T19:00Z,1,35.3,11,B95,EUR,A03,A01,13,MAW,MAW,A01,A01
procured_balancing_capacity,13,2026-05-23T19:15:00,PT15M,2026-05-23T19:30Z,2026-05-23T19:15Z,1,35.3,11,B95,EUR,A03,A01,13,MAW,MAW,A01,A01
procured_balancing_capacity,13,2026-05-23T19:30:00,PT15M,2026-05-23T19:45Z,2026-05-23T19:30Z,1,35.3,11,B95,EUR,A03,A01,13,MAW,MAW,A01,A01
procured_balancing_capacity,13,2026-05-23T19:45:00,PT15M,2026-05-23T20:00Z,2026-05-23T19:45Z,1,35.3,11,B95,EUR,A03,A01,13,MAW,MAW,A01,A01
procured_balancing_capacity,13,2026-05-23T20:00:00,PT15M,2026-05-23T20:15Z,2026-05-23T20:00Z,1,35.3,11,B95,EUR,A03,A01,13,MAW,MAW,A01,A01
procured_balancing_capacity,13,2026-05-23T20:15:00,PT15M,2026-05-23T20:30Z,2026-05-23T20:15Z,1,35.3,11,B95,EUR,A03,A01,13,MAW,MAW,A01,A01
procured_balancing_capacity,13,2026-05-23T20:30:00,PT15M,2026-05-23T20:45Z,2026-05-23T20:30Z,1,35.3,11,B95,EUR,A03,A01,13,MAW,MAW,A01,A01
procured_balancing_capacity,13,2026-05-23T20:45:00,PT15M,2026-05-23T21:00Z,2026-05-23T20:45Z,1,35.3,11,B95,EUR,A03,A01,13,MAW,MAW,A01,A01
procured_balancing_capacity,13,2026-05-23T21:00:00,PT15M,2026-05-23T21:15Z,2026-05-23T21:00Z,1,35.3,11,B95,EUR,A03,A01,13,MAW,MAW,A01,A01
procured_balancing_capacity,13,2026-05-23T21:15:00,PT15M,2026-05-23T21:30Z,2026-05-23T21:15Z,1,35.3,11,B95,EUR,A03,A01,13,MAW,MAW,A01,A01
procured_balancing_capacity,13,2026-05-23T21:30:00,PT15M,2026-05-23T21:45Z,2026-05-23T21:30Z,1,35.3,11,B95,EUR,A03,A01,13,MAW,MAW,A01,A01
procured_balancing_capacity,13,2026-05-23T21:45:00,PT15M,2026-05-23T22:00Z,2026-05-23T21:45Z,1,35.3,11,B95,EUR,A03,A01,13,MAW,MAW,A01,A01
procured_balancing_capacity,14,2026-05-22T22:00:00,PT15M,2026-05-22T22:15Z,2026-05-22T22:00Z,1,29.99,0,B95,EUR,A03,A01,14,MAW,MAW,A01,A01
procured_balancing_capacity,14,2026-05-22T22:15:00,PT15M,2026-05-22T22:30Z,2026-05-22T22:15Z,1,29.99,0,B95,EUR,A03,A01,14,MAW,MAW,A01,A01
procured_balancing_capacity,14,2026-05-22T22:30:00,PT15M,2026-05-22T22:45Z,2026-05-22T22:30Z,1,29.99,0,B95,EUR,A03,A01,14,MAW,MAW,A01,A01
procured_balancing_capacity,14,2026-05-22T22:45:00,PT15M,2026-05-22T23:00Z,2026-05-22T22:45Z,1,29.99,0,B95,EUR,A03,A01,14,MAW,MAW,A01,A01
procured_balancing_capacity,14,2026-05-22T23:00:00,PT15M,2026-05-22T23:15Z,2026-05-22T23:00Z,1,31.26,0,B95,EUR,A03,A01,14,MAW,MAW,A01,A01
procured_balancing_capacity,14,2026-05-22T23:15:00,PT15M,2026-05-22T23:30Z,2026-05-22T23:15Z,1,31.26,0,B95,EUR,A03,A01,14,MAW,MAW,A01,A01
procured_balancing_capacity,14,2026-05-22T23:30:00,PT15M,2026-05-22T23:45Z,2026-05-22T23:30Z,1,31.26,0,B95,EUR,A03,A01,14,MAW,MAW,A01,A01
procured_balancing_capacity,14,2026-05-22T23:45:00,PT15M,2026-05-23T00:00Z,2026-05-22T23:45Z,1,31.26,0,B95,EUR,A03,A01,14,MAW,MAW,A01,A01
procured_balancing_capacity,14,2026-05-23T00:00:00,PT15M,2026-05-23T00:15Z,2026-05-23T00:00Z,1,31.1,0,B95,EUR,A03,A01,14,MAW,MAW,A01,A01
procured_balancing_capacity,14,2026-05-23T00:15:00,PT15M,2026-05-23T00:30Z,2026-05-23T00:15Z,1,31.1,0,B95,EUR,A03,A01,14,MAW,MAW,A01,A01
procured_balancing_capacity,14,2026-05-23T00:30:00,PT15M,2026-05-23T00:45Z,2026-05-23T00:30Z,1,31.1,0,B95,EUR,A03,A01,14,MAW,MAW,A01,A01
procured_balancing_capacity,14,2026-05-23T00:45:00,PT15M,2026-05-23T01:00Z,2026-05-23T00:45Z,1,31.1,0,B95,EUR,A03,A01,14,MAW,MAW,A01,A01
procured_balancing_capacity,14,2026-05-23T01:00:00,PT15M,2026-05-23T01:15Z,2026-05-23T01:00Z,1,31.32,0,B95,EUR,A03,A01,14,MAW,MAW,A01,A01
procured_balancing_capacity,14,2026-05-23T01:15:00,PT15M,2026-05-23T01:30Z,2026-05-23T01:15Z,1,31.32,0,B95,EUR,A03,A01,14,MAW,MAW,A01,A01
procured_balancing_capacity,14,2026-05-23T01:30:00,PT15M,2026-05-23T01:45Z,2026-05-23T01:30Z,1,31.32,0,B95,EUR,A03,A01,14,MAW,MAW,A01,A01
procured_balancing_capacity,14,2026-05-23T01:45:00,PT15M,2026-05-23T02:00Z,2026-05-23T01:45Z,1,31.32,0,B95,EUR,A03,A01,14,MAW,MAW,A01,A01
procured_balancing_capacity,14,2026-05-23T02:00:00,PT15M,2026-05-23T02:15Z,2026-05-23T02:00Z,1,32.1,0,B95,EUR,A03,A01,14,MAW,MAW,A01,A01
procured_balancing_capacity,14,2026-05-23T02:15:00,PT15M,2026-05-23T02:30Z,2026-05-23T02:15Z,1,32.1,0,B95,EUR,A03,A01,14,MAW,MAW,A01,A01
procured_balancing_capacity,14,2026-05-23T02:30:00,PT15M,2026-05-23T02:45Z,2026-05-23T02:30Z,1,32.1,0,B95,EUR,A03,A01,14,MAW,MAW,A01,A01
procured_balancing_capacity,14,2026-05-23T02:45:00,PT15M,2026-05-23T03:00Z,2026-05-23T02:45Z,1,32.1,0,B95,EUR,A03,A01,14,MAW,MAW,A01,A01
procured_balancing_capacity,14,2026-05-23T03:00:00,PT15M,2026-05-23T03:15Z,2026-05-23T03:00Z,1,32.71,0,B95,EUR,A03,A01,14,MAW,MAW,A01,A01
procured_balancing_capacity,14,2026-05-23T03:15:00,PT15M,2026-05-23T03:30Z,2026-05-23T03:15Z,1,32.71,0,B95,EUR,A03,A01,14,MAW,MAW,A01,A01
procured_balancing_capacity,14,2026-05-23T03:30:00,PT15M,2026-05-23T03:45Z,2026-05-23T03:30Z,1,32.71,0,B95,EUR,A03,A01,14,MAW,MAW,A01,A01
procured_balancing_capacity,14,2026-05-23T03:45:00,PT15M,2026-05-23T04:00Z,2026-05-23T03:45Z,1,32.71,0,B95,EUR,A03,A01,14,MAW,MAW,A01,A01
procured_balancing_capacity,14,2026-05-23T04:00:00,PT15M,2026-05-23T04:15Z,2026-05-23T04:00Z,1,33,3,B95,EUR,A03,A01,14,MAW,MAW,A01,A01
procured_balancing_capacity,14,2026-05-23T04:15:00,PT15M,2026-05-23T04:30Z,2026-05-23T04:15Z,1,33,3,B95,EUR,A03,A01,14,MAW,MAW,A01,A01
procured_balancing_capacity,14,2026-05-23T04:30:00,PT15M,2026-05-23T04:45Z,2026-05-23T04:30Z,1,33,3,B95,EUR,A03,A01,14,MAW,MAW,A01,A01
procured_balancing_capacity,14,2026-05-23T04:45:00,PT15M,2026-05-23T05:00Z,2026-05-23T04:45Z,1,33,3,B95,EUR,A03,A01,14,MAW,MAW,A01,A01
procured_balancing_capacity,14,2026-05-23T05:00:00,PT15M,2026-05-23T05:15Z,2026-05-23T05:00Z,1,33,3,B95,EUR,A03,A01,14,MAW,MAW,A01,A01
procured_balancing_capacity,14,2026-05-23T05:15:00,PT15M,2026-05-23T05:30Z,2026-05-23T05:15Z,1,33,3,B95,EUR,A03,A01,14,MAW,MAW,A01,A01
procured_balancing_capacity,14,2026-05-23T05:30:00,PT15M,2026-05-23T05:45Z,2026-05-23T05:30Z,1,33,3,B95,EUR,A03,A01,14,MAW,MAW,A01,A01
procured_balancing_capacity,14,2026-05-23T05:45:00,PT15M,2026-05-23T06:00Z,2026-05-23T05:45Z,1,33,3,B95,EUR,A03,A01,14,MAW,MAW,A01,A01
procured_balancing_capacity,14,2026-05-23T06:00:00,PT15M,2026-05-23T06:15Z,2026-05-23T06:00Z,1,33,3,B95,EUR,A03,A01,14,MAW,MAW,A01,A01
procured_balancing_capacity,14,2026-05-23T06:15:00,PT15M,2026-05-23T06:30Z,2026-05-23T06:15Z,1,33,3,B95,EUR,A03,A01,14,MAW,MAW,A01,A01
procured_balancing_capacity,14,2026-05-23T06:30:00,PT15M,2026-05-23T06:45Z,2026-05-23T06:30Z,1,33,3,B95,EUR,A03,A01,14,MAW,MAW,A01,A01
procured_balancing_capacity,14,2026-05-23T06:45:00,PT15M,2026-05-23T07:00Z,2026-05-23T06:45Z,1,33,3,B95,EUR,A03,A01,14,MAW,MAW,A01,A01
procured_balancing_capacity,14,2026-05-23T07:00:00,PT15M,2026-05-23T07:15Z,2026-05-23T07:00Z,1,33,3,B95,EUR,A03,A01,14,MAW,MAW,A01,A01
procured_balancing_capacity,14,2026-05-23T07:15:00,PT15M,2026-05-23T07:30Z,2026-05-23T07:15Z,1,33,3,B95,EUR,A03,A01,14,MAW,MAW,A01,A01
procured_balancing_capacity,14,2026-05-23T07:30:00,PT15M,2026-05-23T07:45Z,2026-05-23T07:30Z,1,33,3,B95,EUR,A03,A01,14,MAW,MAW,A01,A01
procured_balancing_capacity,14,2026-05-23T07:45:00,PT15M,2026-05-23T08:00Z,2026-05-23T07:45Z,1,33,3,B95,EUR,A03,A01,14,MAW,MAW,A01,A01
procured_balancing_capacity,14,2026-05-23T08:00:00,PT15M,2026-05-23T08:15Z,2026-05-23T08:00Z,1,33,3,B95,EUR,A03,A01,14,MAW,MAW,A01,A01
procured_balancing_capacity,14,2026-05-23T08:15:00,PT15M,2026-05-23T08:30Z,2026-05-23T08:15Z,1,33,3,B95,EUR,A03,A01,14,MAW,MAW,A01,A01
procured_balancing_capacity,14,2026-05-23T08:30:00,PT15M,2026-05-23T08:45Z,2026-05-23T08:30Z,1,33,3,B95,EUR,A03,A01,14,MAW,MAW,A01,A01
procured_balancing_capacity,14,2026-05-23T08:45:00,PT15M,2026-05-23T09:00Z,2026-05-23T08:45Z,1,33,3,B95,EUR,A03,A01,14,MAW,MAW,A01,A01
procured_balancing_capacity,14,2026-05-23T09:00:00,PT15M,2026-05-23T09:15Z,2026-05-23T09:00Z,1,33,3,B95,EUR,A03,A01,14,MAW,MAW,A01,A01
procured_balancing_capacity,14,2026-05-23T09:15:00,PT15M,2026-05-23T09:30Z,2026-05-23T09:15Z,1,33,3,B95,EUR,A03,A01,14,MAW,MAW,A01,A01
procured_balancing_capacity,14,2026-05-23T09:30:00,PT15M,2026-05-23T09:45Z,2026-05-23T09:30Z,1,33,3,B95,EUR,A03,A01,14,MAW,MAW,A01,A01
procured_balancing_capacity,14,2026-05-23T09:45:00,PT15M,2026-05-23T10:00Z,2026-05-23T09:45Z,1,33,3,B95,EUR,A03,A01,14,MAW,MAW,A01,A01
procured_balancing_capacity,14,2026-05-23T10:00:00,PT15M,2026-05-23T10:15Z,2026-05-23T10:00Z,1,33,3,B95,EUR,A03,A01,14,MAW,MAW,A01,A01
procured_balancing_capacity,14,2026-05-23T10:15:00,PT15M,2026-05-23T10:30Z,2026-05-23T10:15Z,1,33,3,B95,EUR,A03,A01,14,MAW,MAW,A01,A01
procured_balancing_capacity,14,2026-05-23T10:30:00,PT15M,2026-05-23T10:45Z,2026-05-23T10:30Z,1,33,3,B95,EUR,A03,A01,14,MAW,MAW,A01,A01
procured_balancing_capacity,14,2026-05-23T10:45:00,PT15M,2026-05-23T11:00Z,2026-05-23T10:45Z,1,33,3,B95,EUR,A03,A01,14,MAW,MAW,A01,A01
procured_balancing_capacity,14,2026-05-23T11:00:00,PT15M,2026-05-23T11:15Z,2026-05-23T11:00Z,1,33,3,B95,EUR,A03,A01,14,MAW,MAW,A01,A01
procured_balancing_capacity,14,2026-05-23T11:15:00,PT15M,2026-05-23T11:30Z,2026-05-23T11:15Z,1,33,3,B95,EUR,A03,A01,14,MAW,MAW,A01,A01
procured_balancing_capacity,14,2026-05-23T11:30:00,PT15M,2026-05-23T11:45Z,2026-05-23T11:30Z,1,33,3,B95,EUR,A03,A01,14,MAW,MAW,A01,A01
procured_balancing_capacity,14,2026-05-23T11:45:00,PT15M,2026-05-23T12:00Z,2026-05-23T11:45Z,1,33,3,B95,EUR,A03,A01,14,MAW,MAW,A01,A01
procured_balancing_capacity,14,2026-05-23T12:00:00,PT15M,2026-05-23T12:15Z,2026-05-23T12:00Z,1,33,3,B95,EUR,A03,A01,14,MAW,MAW,A01,A01
procured_balancing_capacity,14,2026-05-23T12:15:00,PT15M,2026-05-23T12:30Z,2026-05-23T12:15Z,1,33,3,B95,EUR,A03,A01,14,MAW,MAW,A01,A01
procured_balancing_capacity,14,2026-05-23T12:30:00,PT15M,2026-05-23T12:45Z,2026-05-23T12:30Z,1,33,3,B95,EUR,A03,A01,14,MAW,MAW,A01,A01
procured_balancing_capacity,14,2026-05-23T12:45:00,PT15M,2026-05-23T13:00Z,2026-05-23T12:45Z,1,33,3,B95,EUR,A03,A01,14,MAW,MAW,A01,A01
procured_balancing_capacity,14,2026-05-23T13:00:00,PT15M,2026-05-23T13:15Z,2026-05-23T13:00Z,1,33,3,B95,EUR,A03,A01,14,MAW,MAW,A01,A01
procured_balancing_capacity,14,2026-05-23T13:15:00,PT15M,2026-05-23T13:30Z,2026-05-23T13:15Z,1,33,3,B95,EUR,A03,A01,14,MAW,MAW,A01,A01
procured_balancing_capacity,14,2026-05-23T13:30:00,PT15M,2026-05-23T13:45Z,2026-05-23T13:30Z,1,33,3,B95,EUR,A03,A01,14,MAW,MAW,A01,A01
procured_balancing_capacity,14,2026-05-23T13:45:00,PT15M,2026-05-23T14:00Z,2026-05-23T13:45Z,1,33,3,B95,EUR,A03,A01,14,MAW,MAW,A01,A01
procured_balancing_capacity,14,2026-05-23T14:00:00,PT15M,2026-05-23T14:15Z,2026-05-23T14:00Z,1,33,3,B95,EUR,A03,A01,14,MAW,MAW,A01,A01
procured_balancing_capacity,14,2026-05-23T14:15:00,PT15M,2026-05-23T14:30Z,2026-05-23T14:15Z,1,33,3,B95,EUR,A03,A01,14,MAW,MAW,A01,A01
procured_balancing_capacity,14,2026-05-23T14:30:00,PT15M,2026-05-23T14:45Z,2026-05-23T14:30Z,1,33,3,B95,EUR,A03,A01,14,MAW,MAW,A01,A01
procured_balancing_capacity,14,2026-05-23T14:45:00,PT15M,2026-05-23T15:00Z,2026-05-23T14:45Z,1,33,3,B95,EUR,A03,A01,14,MAW,MAW,A01,A01
procured_balancing_capacity,14,2026-05-23T15:00:00,PT15M,2026-05-23T15:15Z,2026-05-23T15:00Z,1,33,3,B95,EUR,A03,A01,14,MAW,MAW,A01,A01
procured_balancing_capacity,14,2026-05-23T15:15:00,PT15M,2026-05-23T15:30Z,2026-05-23T15:15Z,1,33,3,B95,EUR,A03,A01,14,MAW,MAW,A01,A01
procured_balancing_capacity,14,2026-05-23T15:30:00,PT15M,2026-05-23T15:45Z,2026-05-23T15:30Z,1,33,3,B95,EUR,A03,A01,14,MAW,MAW,A01,A01
procured_balancing_capacity,14,2026-05-23T15:45:00,PT15M,2026-05-23T16:00Z,2026-05-23T15:45Z,1,33,3,B95,EUR,A03,A01,14,MAW,MAW,A01,A01
procured_balancing_capacity,14,2026-05-23T16:00:00,PT15M,2026-05-23T16:15Z,2026-05-23T16:00Z,1,33,3,B95,EUR,A03,A01,14,MAW,MAW,A01,A01
procured_balancing_capacity,14,2026-05-23T16:15:00,PT15M,2026-05-23T16:30Z,2026-05-23T16:15Z,1,33,3,B95,EUR,A03,A01,14,MAW,MAW,A01,A01
procured_balancing_capacity,14,2026-05-23T16:30:00,PT15M,2026-05-23T16:45Z,2026-05-23T16:30Z,1,33,3,B95,EUR,A03,A01,14,MAW,MAW,A01,A01
procured_balancing_capacity,14,2026-05-23T16:45:00,PT15M,2026-05-23T17:00Z,2026-05-23T16:45Z,1,33,3,B95,EUR,A03,A01,14,MAW,MAW,A01,A01
procured_balancing_capacity,14,2026-05-23T17:00:00,PT15M,2026-05-23T17:15Z,2026-05-23T17:00Z,1,33,3,B95,EUR,A03,A01,14,MAW,MAW,A01,A01
procured_balancing_capacity,14,2026-05-23T17:15:00,PT15M,2026-05-23T17:30Z,2026-05-23T17:15Z,1,33,3,B95,EUR,A03,A01,14,MAW,MAW,A01,A01
procured_balancing_capacity,14,2026-05-23T17:30:00,PT15M,2026-05-23T17:45Z,2026-05-23T17:30Z,1,33,3,B95,EUR,A03,A01,14,MAW,MAW,A01,A01
procured_balancing_capacity,14,2026-05-23T17:45:00,PT15M,2026-05-23T18:00Z,2026-05-23T17:45Z,1,33,3,B95,EUR,A03,A01,14,MAW,MAW,A01,A01
procured_balancing_capacity,14,2026-05-23T18:00:00,PT15M,2026-05-23T18:15Z,2026-05-23T18:00Z,1,33,3,B95,EUR,A03,A01,14,MAW,MAW,A01,A01
procured_balancing_capacity,14,2026-05-23T18:15:00,PT15M,2026-05-23T18:30Z,2026-05-23T18:15Z,1,33,3,B95,EUR,A03,A01,14,MAW,MAW,A01,A01
procured_balancing_capacity,14,2026-05-23T18:30:00,PT15M,2026-05-23T18:45Z,2026-05-23T18:30Z,1,33,3,B95,EUR,A03,A01,14,MAW,MAW,A01,A01
procured_balancing_capacity,14,2026-05-23T18:45:00,PT15M,2026-05-23T19:00Z,2026-05-23T18:45Z,1,33,3,B95,EUR,A03,A01,14,MAW,MAW,A01,A01
procured_balancing_capacity,14,2026-05-23T19:00:00,PT15M,2026-05-23T19:15Z,2026-05-23T19:00Z,1,33,3,B95,EUR,A03,A01,14,MAW,MAW,A01,A01
procured_balancing_capacity,14,2026-05-23T19:15:00,PT15M,2026-05-23T19:30Z,2026-05-23T19:15Z,1,33,3,B95,EUR,A03,A01,14,MAW,MAW,A01,A01
procured_balancing_capacity,14,2026-05-23T19:30:00,PT15M,2026-05-23T19:45Z,2026-05-23T19:30Z,1,33,3,B95,EUR,A03,A01,14,MAW,MAW,A01,A01
procured_balancing_capacity,14,2026-05-23T19:45:00,PT15M,2026-05-23T20:00Z,2026-05-23T19:45Z,1,33,3,B95,EUR,A03,A01,14,MAW,MAW,A01,A01
procured_balancing_capacity,14,2026-05-23T20:00:00,PT15M,2026-05-23T20:15Z,2026-05-23T20:00Z,1,29.29,0,B95,EUR,A03,A01,14,MAW,MAW,A01,A01
procured_balancing_capacity,14,2026-05-23T20:15:00,PT15M,2026-05-23T20:30Z,2026-05-23T20:15Z,1,29.29,0,B95,EUR,A03,A01,14,MAW,MAW,A01,A01
procured_balancing_capacity,14,2026-05-23T20:30:00,PT15M,2026-05-23T20:45Z,2026-05-23T20:30Z,1,29.29,0,B95,EUR,A03,A01,14,MAW,MAW,A01,A01
procured_balancing_capacity,14,2026-05-23T20:45:00,PT15M,2026-05-23T21:00Z,2026-05-23T20:45Z,1,29.29,0,B95,EUR,A03,A01,14,MAW,MAW,A01,A01
procured_balancing_capacity,14,2026-05-23T21:00:00,PT15M,2026-05-23T21:15Z,2026-05-23T21:00Z,1,31.67,0,B95,EUR,A03,A01,14,MAW,MAW,A01,A01
procured_balancing_capacity,14,2026-05-23T21:15:00,PT15M,2026-05-23T21:30Z,2026-05-23T21:15Z,1,31.67,0,B95,EUR,A03,A01,14,MAW,MAW,A01,A01
procured_balancing_capacity,14,2026-05-23T21:30:00,PT15M,2026-05-23T21:45Z,2026-05-23T21:30Z,1,31.67,0,B95,EUR,A03,A01,14,MAW,MAW,A01,A01
procured_balancing_capacity,14,2026-05-23T21:45:00,PT15M,2026-05-23T22:00Z,2026-05-23T21:45Z,1,31.67,0,B95,EUR,A03,A01,14,MAW,MAW,A01,A01
procured_balancing_capacity,15,2026-05-22T22:00:00,PT15M,2026-05-22T22:15Z,2026-05-22T22:00Z,1,0,0,B95,EUR,A03,A01,15,MAW,MAW,A01,A01
procured_balancing_capacity,15,2026-05-22T22:15:00,PT15M,2026-05-22T22:30Z,2026-05-22T22:15Z,1,0,0,B95,EUR,A03,A01,15,MAW,MAW,A01,A01
procured_balancing_capacity,15,2026-05-22T22:30:00,PT15M,2026-05-22T22:45Z,2026-05-22T22:30Z,1,0,0,B95,EUR,A03,A01,15,MAW,MAW,A01,A01
procured_balancing_capacity,15,2026-05-22T22:45:00,PT15M,2026-05-22T23:00Z,2026-05-22T22:45Z,1,0,0,B95,EUR,A03,A01,15,MAW,MAW,A01,A01
procured_balancing_capacity,15,2026-05-22T23:00:00,PT15M,2026-05-22T23:15Z,2026-05-22T23:00Z,1,0,0,B95,EUR,A03,A01,15,MAW,MAW,A01,A01
procured_balancing_capacity,15,2026-05-22T23:15:00,PT15M,2026-05-22T23:30Z,2026-05-22T23:15Z,1,0,0,B95,EUR,A03,A01,15,MAW,MAW,A01,A01
procured_balancing_capacity,15,2026-05-22T23:30:00,PT15M,2026-05-22T23:45Z,2026-05-22T23:30Z,1,0,0,B95,EUR,A03,A01,15,MAW,MAW,A01,A01
procured_balancing_capacity,15,2026-05-22T23:45:00,PT15M,2026-05-23T00:00Z,2026-05-22T23:45Z,1,0,0,B95,EUR,A03,A01,15,MAW,MAW,A01,A01
procured_balancing_capacity,15,2026-05-23T00:00:00,PT15M,2026-05-23T00:15Z,2026-05-23T00:00Z,1,0,0,B95,EUR,A03,A01,15,MAW,MAW,A01,A01
procured_balancing_capacity,15,2026-05-23T00:15:00,PT15M,2026-05-23T00:30Z,2026-05-23T00:15Z,1,0,0,B95,EUR,A03,A01,15,MAW,MAW,A01,A01
procured_balancing_capacity,15,2026-05-23T00:30:00,PT15M,2026-05-23T00:45Z,2026-05-23T00:30Z,1,0,0,B95,EUR,A03,A01,15,MAW,MAW,A01,A01
procured_balancing_capacity,15,2026-05-23T00:45:00,PT15M,2026-05-23T01:00Z,2026-05-23T00:45Z,1,0,0,B95,EUR,A03,A01,15,MAW,MAW,A01,A01
procured_balancing_capacity,15,2026-05-23T01:00:00,PT15M,2026-05-23T01:15Z,2026-05-23T01:00Z,1,0,0,B95,EUR,A03,A01,15,MAW,MAW,A01,A01
procured_balancing_capacity,15,2026-05-23T01:15:00,PT15M,2026-05-23T01:30Z,2026-05-23T01:15Z,1,0,0,B95,EUR,A03,A01,15,MAW,MAW,A01,A01
procured_balancing_capacity,15,2026-05-23T01:30:00,PT15M,2026-05-23T01:45Z,2026-05-23T01:30Z,1,0,0,B95,EUR,A03,A01,15,MAW,MAW,A01,A01
procured_balancing_capacity,15,2026-05-23T01:45:00,PT15M,2026-05-23T02:00Z,2026-05-23T01:45Z,1,0,0,B95,EUR,A03,A01,15,MAW,MAW,A01,A01
procured_balancing_capacity,15,2026-05-23T02:00:00,PT15M,2026-05-23T02:15Z,2026-05-23T02:00Z,1,0,0,B95,EUR,A03,A01,15,MAW,MAW,A01,A01
procured_balancing_capacity,15,2026-05-23T02:15:00,PT15M,2026-05-23T02:30Z,2026-05-23T02:15Z,1,0,0,B95,EUR,A03,A01,15,MAW,MAW,A01,A01
procured_balancing_capacity,15,2026-05-23T02:30:00,PT15M,2026-05-23T02:45Z,2026-05-23T02:30Z,1,0,0,B95,EUR,A03,A01,15,MAW,MAW,A01,A01
procured_balancing_capacity,15,2026-05-23T02:45:00,PT15M,2026-05-23T03:00Z,2026-05-23T02:45Z,1,0,0,B95,EUR,A03,A01,15,MAW,MAW,A01,A01
procured_balancing_capacity,15,2026-05-23T03:00:00,PT15M,2026-05-23T03:15Z,2026-05-23T03:00Z,1,0,0,B95,EUR,A03,A01,15,MAW,MAW,A01,A01
procured_balancing_capacity,15,2026-05-23T03:15:00,PT15M,2026-05-23T03:30Z,2026-05-23T03:15Z,1,0,0,B95,EUR,A03,A01,15,MAW,MAW,A01,A01
procured_balancing_capacity,15,2026-05-23T03:30:00,PT15M,2026-05-23T03:45Z,2026-05-23T03:30Z,1,0,0,B95,EUR,A03,A01,15,MAW,MAW,A01,A01
procured_balancing_capacity,15,2026-05-23T03:45:00,PT15M,2026-05-23T04:00Z,2026-05-23T03:45Z,1,0,0,B95,EUR,A03,A01,15,MAW,MAW,A01,A01
procured_balancing_capacity,15,2026-05-23T04:00:00,PT15M,2026-05-23T04:15Z,2026-05-23T04:00Z,1,0,0,B95,EUR,A03,A01,15,MAW,MAW,A01,A01
procured_balancing_capacity,15,2026-05-23T04:15:00,PT15M,2026-05-23T04:30Z,2026-05-23T04:15Z,1,0,0,B95,EUR,A03,A01,15,MAW,MAW,A01,A01
procured_balancing_capacity,15,2026-05-23T04:30:00,PT15M,2026-05-23T04:45Z,2026-05-23T04:30Z,1,0,0,B95,EUR,A03,A01,15,MAW,MAW,A01,A01
procured_balancing_capacity,15,2026-05-23T04:45:00,PT15M,2026-05-23T05:00Z,2026-05-23T04:45Z,1,0,0,B95,EUR,A03,A01,15,MAW,MAW,A01,A01
procured_balancing_capacity,15,2026-05-23T05:00:00,PT15M,2026-05-23T05:15Z,2026-05-23T05:00Z,1,0,0,B95,EUR,A03,A01,15,MAW,MAW,A01,A01
procured_balancing_capacity,15,2026-05-23T05:15:00,PT15M,2026-05-23T05:30Z,2026-05-23T05:15Z,1,0,0,B95,EUR,A03,A01,15,MAW,MAW,A01,A01
procured_balancing_capacity,15,2026-05-23T05:30:00,PT15M,2026-05-23T05:45Z,2026-05-23T05:30Z,1,0,0,B95,EUR,A03,A01,15,MAW,MAW,A01,A01
procured_balancing_capacity,15,2026-05-23T05:45:00,PT15M,2026-05-23T06:00Z,2026-05-23T05:45Z,1,0,0,B95,EUR,A03,A01,15,MAW,MAW,A01,A01
procured_balancing_capacity,15,2026-05-23T06:00:00,PT15M,2026-05-23T06:15Z,2026-05-23T06:00Z,1,35.2,2,B95,EUR,A03,A01,15,MAW,MAW,A01,A01
procured_balancing_capacity,15,2026-05-23T06:15:00,PT15M,2026-05-23T06:30Z,2026-05-23T06:15Z,1,35.2,2,B95,EUR,A03,A01,15,MAW,MAW,A01,A01
procured_balancing_capacity,15,2026-05-23T06:30:00,PT15M,2026-05-23T06:45Z,2026-05-23T06:30Z,1,35.2,2,B95,EUR,A03,A01,15,MAW,MAW,A01,A01
procured_balancing_capacity,15,2026-05-23T06:45:00,PT15M,2026-05-23T07:00Z,2026-05-23T06:45Z,1,35.2,2,B95,EUR,A03,A01,15,MAW,MAW,A01,A01
procured_balancing_capacity,15,2026-05-23T07:00:00,PT15M,2026-05-23T07:15Z,2026-05-23T07:00Z,1,35.2,2,B95,EUR,A03,A01,15,MAW,MAW,A01,A01
procured_balancing_capacity,15,2026-05-23T07:15:00,PT15M,2026-05-23T07:30Z,2026-05-23T07:15Z,1,35.2,2,B95,EUR,A03,A01,15,MAW,MAW,A01,A01
procured_balancing_capacity,15,2026-05-23T07:30:00,PT15M,2026-05-23T07:45Z,2026-05-23T07:30Z,1,35.2,2,B95,EUR,A03,A01,15,MAW,MAW,A01,A01
procured_balancing_capacity,15,2026-05-23T07:45:00,PT15M,2026-05-23T08:00Z,2026-05-23T07:45Z,1,35.2,2,B95,EUR,A03,A01,15,MAW,MAW,A01,A01
procured_balancing_capacity,15,2026-05-23T08:00:00,PT15M,2026-05-23T08:15Z,2026-05-23T08:00Z,1,35.2,2,B95,EUR,A03,A01,15,MAW,MAW,A01,A01
procured_balancing_capacity,15,2026-05-23T08:15:00,PT15M,2026-05-23T08:30Z,2026-05-23T08:15Z,1,35.2,2,B95,EUR,A03,A01,15,MAW,MAW,A01,A01
procured_balancing_capacity,15,2026-05-23T08:30:00,PT15M,2026-05-23T08:45Z,2026-05-23T08:30Z,1,35.2,2,B95,EUR,A03,A01,15,MAW,MAW,A01,A01
procured_balancing_capacity,15,2026-05-23T08:45:00,PT15M,2026-05-23T09:00Z,2026-05-23T08:45Z,1,35.2,2,B95,EUR,A03,A01,15,MAW,MAW,A01,A01
procured_balancing_capacity,15,2026-05-23T09:00:00,PT15M,2026-05-23T09:15Z,2026-05-23T09:00Z,1,35.2,2,B95,EUR,A03,A01,15,MAW,MAW,A01,A01
procured_balancing_capacity,15,2026-05-23T09:15:00,PT15M,2026-05-23T09:30Z,2026-05-23T09:15Z,1,35.2,2,B95,EUR,A03,A01,15,MAW,MAW,A01,A01
procured_balancing_capacity,15,2026-05-23T09:30:00,PT15M,2026-05-23T09:45Z,2026-05-23T09:30Z,1,35.2,2,B95,EUR,A03,A01,15,MAW,MAW,A01,A01
procured_balancing_capacity,15,2026-05-23T09:45:00,PT15M,2026-05-23T10:00Z,2026-05-23T09:45Z,1,35.2,2,B95,EUR,A03,A01,15,MAW,MAW,A01,A01
procured_balancing_capacity,15,2026-05-23T10:00:00,PT15M,2026-05-23T10:15Z,2026-05-23T10:00Z,1,35.2,2,B95,EUR,A03,A01,15,MAW,MAW,A01,A01
procured_balancing_capacity,15,2026-05-23T10:15:00,PT15M,2026-05-23T10:30Z,2026-05-23T10:15Z,1,35.2,2,B95,EUR,A03,A01,15,MAW,MAW,A01,A01
procured_balancing_capacity,15,2026-05-23T10:30:00,PT15M,2026-05-23T10:45Z,2026-05-23T10:30Z,1,35.2,2,B95,EUR,A03,A01,15,MAW,MAW,A01,A01
procured_balancing_capacity,15,2026-05-23T10:45:00,PT15M,2026-05-23T11:00Z,2026-05-23T10:45Z,1,35.2,2,B95,EUR,A03,A01,15,MAW,MAW,A01,A01
procured_balancing_capacity,15,2026-05-23T11:00:00,PT15M,2026-05-23T11:15Z,2026-05-23T11:00Z,1,35.2,2,B95,EUR,A03,A01,15,MAW,MAW,A01,A01
procured_balancing_capacity,15,2026-05-23T11:15:00,PT15M,2026-05-23T11:30Z,2026-05-23T11:15Z,1,35.2,2,B95,EUR,A03,A01,15,MAW,MAW,A01,A01
procured_balancing_capacity,15,2026-05-23T11:30:00,PT15M,2026-05-23T11:45Z,2026-05-23T11:30Z,1,35.2,2,B95,EUR,A03,A01,15,MAW,MAW,A01,A01
procured_balancing_capacity,15,2026-05-23T11:45:00,PT15M,2026-05-23T12:00Z,2026-05-23T11:45Z,1,35.2,2,B95,EUR,A03,A01,15,MAW,MAW,A01,A01
procured_balancing_capacity,15,2026-05-23T12:00:00,PT15M,2026-05-23T12:15Z,2026-05-23T12:00Z,1,35.2,2,B95,EUR,A03,A01,15,MAW,MAW,A01,A01
procured_balancing_capacity,15,2026-05-23T12:15:00,PT15M,2026-05-23T12:30Z,2026-05-23T12:15Z,1,35.2,2,B95,EUR,A03,A01,15,MAW,MAW,A01,A01
procured_balancing_capacity,15,2026-05-23T12:30:00,PT15M,2026-05-23T12:45Z,2026-05-23T12:30Z,1,35.2,2,B95,EUR,A03,A01,15,MAW,MAW,A01,A01
procured_balancing_capacity,15,2026-05-23T12:45:00,PT15M,2026-05-23T13:00Z,2026-05-23T12:45Z,1,35.2,2,B95,EUR,A03,A01,15,MAW,MAW,A01,A01
procured_balancing_capacity,15,2026-05-23T13:00:00,PT15M,2026-05-23T13:15Z,2026-05-23T13:00Z,1,35.2,2,B95,EUR,A03,A01,15,MAW,MAW,A01,A01
procured_balancing_capacity,15,2026-05-23T13:15:00,PT15M,2026-05-23T13:30Z,2026-05-23T13:15Z,1,35.2,2,B95,EUR,A03,A01,15,MAW,MAW,A01,A01
procured_balancing_capacity,15,2026-05-23T13:30:00,PT15M,2026-05-23T13:45Z,2026-05-23T13:30Z,1,35.2,2,B95,EUR,A03,A01,15,MAW,MAW,A01,A01
procured_balancing_capacity,15,2026-05-23T13:45:00,PT15M,2026-05-23T14:00Z,2026-05-23T13:45Z,1,35.2,2,B95,EUR,A03,A01,15,MAW,MAW,A01,A01
procured_balancing_capacity,15,2026-05-23T14:00:00,PT15M,2026-05-23T14:15Z,2026-05-23T14:00Z,1,35.2,2,B95,EUR,A03,A01,15,MAW,MAW,A01,A01
procured_balancing_capacity,15,2026-05-23T14:15:00,PT15M,2026-05-23T14:30Z,2026-05-23T14:15Z,1,35.2,2,B95,EUR,A03,A01,15,MAW,MAW,A01,A01
procured_balancing_capacity,15,2026-05-23T14:30:00,PT15M,2026-05-23T14:45Z,2026-05-23T14:30Z,1,35.2,2,B95,EUR,A03,A01,15,MAW,MAW,A01,A01
procured_balancing_capacity,15,2026-05-23T14:45:00,PT15M,2026-05-23T15:00Z,2026-05-23T14:45Z,1,35.2,2,B95,EUR,A03,A01,15,MAW,MAW,A01,A01
procured_balancing_capacity,15,2026-05-23T15:00:00,PT15M,2026-05-23T15:15Z,2026-05-23T15:00Z,1,35.2,2,B95,EUR,A03,A01,15,MAW,MAW,A01,A01
procured_balancing_capacity,15,2026-05-23T15:15:00,PT15M,2026-05-23T15:30Z,2026-05-23T15:15Z,1,35.2,2,B95,EUR,A03,A01,15,MAW,MAW,A01,A01
procured_balancing_capacity,15,2026-05-23T15:30:00,PT15M,2026-05-23T15:45Z,2026-05-23T15:30Z,1,35.2,2,B95,EUR,A03,A01,15,MAW,MAW,A01,A01
procured_balancing_capacity,15,2026-05-23T15:45:00,PT15M,2026-05-23T16:00Z,2026-05-23T15:45Z,1,35.2,2,B95,EUR,A03,A01,15,MAW,MAW,A01,A01
procured_balancing_capacity,15,2026-05-23T16:00:00,PT15M,2026-05-23T16:15Z,2026-05-23T16:00Z,1,35.2,2,B95,EUR,A03,A01,15,MAW,MAW,A01,A01
procured_balancing_capacity,15,2026-05-23T16:15:00,PT15M,2026-05-23T16:30Z,2026-05-23T16:15Z,1,35.2,2,B95,EUR,A03,A01,15,MAW,MAW,A01,A01
procured_balancing_capacity,15,2026-05-23T16:30:00,PT15M,2026-05-23T16:45Z,2026-05-23T16:30Z,1,35.2,2,B95,EUR,A03,A01,15,MAW,MAW,A01,A01
procured_balancing_capacity,15,2026-05-23T16:45:00,PT15M,2026-05-23T17:00Z,2026-05-23T16:45Z,1,35.2,2,B95,EUR,A03,A01,15,MAW,MAW,A01,A01
procured_balancing_capacity,15,2026-05-23T17:00:00,PT15M,2026-05-23T17:15Z,2026-05-23T17:00Z,1,35.2,2,B95,EUR,A03,A01,15,MAW,MAW,A01,A01
procured_balancing_capacity,15,2026-05-23T17:15:00,PT15M,2026-05-23T17:30Z,2026-05-23T17:15Z,1,35.2,2,B95,EUR,A03,A01,15,MAW,MAW,A01,A01
procured_balancing_capacity,15,2026-05-23T17:30:00,PT15M,2026-05-23T17:45Z,2026-05-23T17:30Z,1,34.65,2,B95,EUR,A03,A01,15,MAW,MAW,A01,A01
procured_balancing_capacity,15,2026-05-23T17:45:00,PT15M,2026-05-23T18:00Z,2026-05-23T17:45Z,1,35.2,2,B95,EUR,A03,A01,15,MAW,MAW,A01,A01
procured_balancing_capacity,15,2026-05-23T18:00:00,PT15M,2026-05-23T18:15Z,2026-05-23T18:00Z,1,35.2,2,B95,EUR,A03,A01,15,MAW,MAW,A01,A01
procured_balancing_capacity,15,2026-05-23T18:15:00,PT15M,2026-05-23T18:30Z,2026-05-23T18:15Z,1,35.2,2,B95,EUR,A03,A01,15,MAW,MAW,A01,A01
procured_balancing_capacity,15,2026-05-23T18:30:00,PT15M,2026-05-23T18:45Z,2026-05-23T18:30Z,1,34.65,2,B95,EUR,A03,A01,15,MAW,MAW,A01,A01
procured_balancing_capacity,15,2026-05-23T18:45:00,PT15M,2026-05-23T19:00Z,2026-05-23T18:45Z,1,34.65,2,B95,EUR,A03,A01,15,MAW,MAW,A01,A01
procured_balancing_capacity,15,2026-05-23T19:00:00,PT15M,2026-05-23T19:15Z,2026-05-23T19:00Z,1,34.65,2,B95,EUR,A03,A01,15,MAW,MAW,A01,A01
procured_balancing_capacity,15,2026-05-23T19:15:00,PT15M,2026-05-23T19:30Z,2026-05-23T19:15Z,1,34.65,2,B95,EUR,A03,A01,15,MAW,MAW,A01,A01
procured_balancing_capacity,15,2026-05-23T19:30:00,PT15M,2026-05-23T19:45Z,2026-05-23T19:30Z,1,33.14,2,B95,EUR,A03,A01,15,MAW,MAW,A01,A01
procured_balancing_capacity,15,2026-05-23T19:45:00,PT15M,2026-05-23T20:00Z,2026-05-23T19:45Z,1,31.35,2,B95,EUR,A03,A01,15,MAW,MAW,A01,A01
procured_balancing_capacity,15,2026-05-23T20:00:00,PT15M,2026-05-23T20:15Z,2026-05-23T20:00Z,1,19.35,2,B95,EUR,A03,A01,15,MAW,MAW,A01,A01
procured_balancing_capacity,15,2026-05-23T20:15:00,PT15M,2026-05-23T20:30Z,2026-05-23T20:15Z,1,17.35,2,B95,EUR,A03,A01,15,MAW,MAW,A01,A01
procured_balancing_capacity,15,2026-05-23T20:30:00,PT15M,2026-05-23T20:45Z,2026-05-23T20:30Z,1,17.35,2,B95,EUR,A03,A01,15,MAW,MAW,A01,A01
procured_balancing_capacity,15,2026-05-23T20:45:00,PT15M,2026-05-23T21:00Z,2026-05-23T20:45Z,1,17.35,2,B95,EUR,A03,A01,15,MAW,MAW,A01,A01
procured_balancing_capacity,15,2026-05-23T21:00:00,PT15M,2026-05-23T21:15Z,2026-05-23T21:00Z,1,0,0,B95,EUR,A03,A01,15,MAW,MAW,A01,A01
procured_balancing_capacity,15,2026-05-23T21:15:00,PT15M,2026-05-23T21:30Z,2026-05-23T21:15Z,1,0,0,B95,EUR,A03,A01,15,MAW,MAW,A01,A01
procured_balancing_capacity,15,2026-05-23T21:30:00,PT15M,2026-05-23T21:45Z,2026-05-23T21:30Z,1,0,0,B95,EUR,A03,A01,15,MAW,MAW,A01,A01
procured_balancing_capacity,15,2026-05-23T21:45:00,PT15M,2026-05-23T22:00Z,2026-05-23T21:45Z,1,0,0,B95,EUR,A03,A01,15,MAW,MAW,A01,A01
procured_balancing_capacity,16,2026-05-22T22:00:00,PT15M,2026-05-22T22:15Z,2026-05-22T22:00Z,1,0,0,B95,EUR,A03,A01,16,MAW,MAW,A01,A01
procured_balancing_capacity,16,2026-05-22T22:15:00,PT15M,2026-05-22T22:30Z,2026-05-22T22:15Z,1,0,0,B95,EUR,A03,A01,16,MAW,MAW,A01,A01
procured_balancing_capacity,16,2026-05-22T22:30:00,PT15M,2026-05-22T22:45Z,2026-05-22T22:30Z,1,0,0,B95,EUR,A03,A01,16,MAW,MAW,A01,A01
procured_balancing_capacity,16,2026-05-22T22:45:00,PT15M,2026-05-22T23:00Z,2026-05-22T22:45Z,1,0,0,B95,EUR,A03,A01,16,MAW,MAW,A01,A01
procured_balancing_capacity,16,2026-05-22T23:00:00,PT15M,2026-05-22T23:15Z,2026-05-22T23:00Z,1,0,0,B95,EUR,A03,A01,16,MAW,MAW,A01,A01
procured_balancing_capacity,16,2026-05-22T23:15:00,PT15M,2026-05-22T23:30Z,2026-05-22T23:15Z,1,0,0,B95,EUR,A03,A01,16,MAW,MAW,A01,A01
procured_balancing_capacity,16,2026-05-22T23:30:00,PT15M,2026-05-22T23:45Z,2026-05-22T23:30Z,1,0,0,B95,EUR,A03,A01,16,MAW,MAW,A01,A01
procured_balancing_capacity,16,2026-05-22T23:45:00,PT15M,2026-05-23T00:00Z,2026-05-22T23:45Z,1,0,0,B95,EUR,A03,A01,16,MAW,MAW,A01,A01
procured_balancing_capacity,16,2026-05-23T00:00:00,PT15M,2026-05-23T00:15Z,2026-05-23T00:00Z,1,0,0,B95,EUR,A03,A01,16,MAW,MAW,A01,A01
procured_balancing_capacity,16,2026-05-23T00:15:00,PT15M,2026-05-23T00:30Z,2026-05-23T00:15Z,1,0,0,B95,EUR,A03,A01,16,MAW,MAW,A01,A01
procured_balancing_capacity,16,2026-05-23T00:30:00,PT15M,2026-05-23T00:45Z,2026-05-23T00:30Z,1,0,0,B95,EUR,A03,A01,16,MAW,MAW,A01,A01
procured_balancing_capacity,16,2026-05-23T00:45:00,PT15M,2026-05-23T01:00Z,2026-05-23T00:45Z,1,0,0,B95,EUR,A03,A01,16,MAW,MAW,A01,A01
procured_balancing_capacity,16,2026-05-23T01:00:00,PT15M,2026-05-23T01:15Z,2026-05-23T01:00Z,1,0,0,B95,EUR,A03,A01,16,MAW,MAW,A01,A01
procured_balancing_capacity,16,2026-05-23T01:15:00,PT15M,2026-05-23T01:30Z,2026-05-23T01:15Z,1,16.35,1,B95,EUR,A03,A01,16,MAW,MAW,A01,A01
procured_balancing_capacity,16,2026-05-23T01:30:00,PT15M,2026-05-23T01:45Z,2026-05-23T01:30Z,1,16.35,1,B95,EUR,A03,A01,16,MAW,MAW,A01,A01
procured_balancing_capacity,16,2026-05-23T01:45:00,PT15M,2026-05-23T02:00Z,2026-05-23T01:45Z,1,16.35,1,B95,EUR,A03,A01,16,MAW,MAW,A01,A01
procured_balancing_capacity,16,2026-05-23T02:00:00,PT15M,2026-05-23T02:15Z,2026-05-23T02:00Z,1,0,0,B95,EUR,A03,A01,16,MAW,MAW,A01,A01
procured_balancing_capacity,16,2026-05-23T02:15:00,PT15M,2026-05-23T02:30Z,2026-05-23T02:15Z,1,16.35,1,B95,EUR,A03,A01,16,MAW,MAW,A01,A01
procured_balancing_capacity,16,2026-05-23T02:30:00,PT15M,2026-05-23T02:45Z,2026-05-23T02:30Z,1,16.35,1,B95,EUR,A03,A01,16,MAW,MAW,A01,A01
procured_balancing_capacity,16,2026-05-23T02:45:00,PT15M,2026-05-23T03:00Z,2026-05-23T02:45Z,1,16.35,1,B95,EUR,A03,A01,16,MAW,MAW,A01,A01
procured_balancing_capacity,16,2026-05-23T03:00:00,PT15M,2026-05-23T03:15Z,2026-05-23T03:00Z,1,0,0,B95,EUR,A03,A01,16,MAW,MAW,A01,A01
procured_balancing_capacity,16,2026-05-23T03:15:00,PT15M,2026-05-23T03:30Z,2026-05-23T03:15Z,1,0,0,B95,EUR,A03,A01,16,MAW,MAW,A01,A01
procured_balancing_capacity,16,2026-05-23T03:30:00,PT15M,2026-05-23T03:45Z,2026-05-23T03:30Z,1,0,0,B95,EUR,A03,A01,16,MAW,MAW,A01,A01
procured_balancing_capacity,16,2026-05-23T03:45:00,PT15M,2026-05-23T04:00Z,2026-05-23T03:45Z,1,0,0,B95,EUR,A03,A01,16,MAW,MAW,A01,A01
procured_balancing_capacity,16,2026-05-23T04:00:00,PT15M,2026-05-23T04:15Z,2026-05-23T04:00Z,1,0,0,B95,EUR,A03,A01,16,MAW,MAW,A01,A01
procured_balancing_capacity,16,2026-05-23T04:15:00,PT15M,2026-05-23T04:30Z,2026-05-23T04:15Z,1,0,0,B95,EUR,A03,A01,16,MAW,MAW,A01,A01
procured_balancing_capacity,16,2026-05-23T04:30:00,PT15M,2026-05-23T04:45Z,2026-05-23T04:30Z,1,0,0,B95,EUR,A03,A01,16,MAW,MAW,A01,A01
procured_balancing_capacity,16,2026-05-23T04:45:00,PT15M,2026-05-23T05:00Z,2026-05-23T04:45Z,1,0,0,B95,EUR,A03,A01,16,MAW,MAW,A01,A01
procured_balancing_capacity,16,2026-05-23T05:00:00,PT15M,2026-05-23T05:15Z,2026-05-23T05:00Z,1,29.15,1,B95,EUR,A03,A01,16,MAW,MAW,A01,A01
procured_balancing_capacity,16,2026-05-23T05:15:00,PT15M,2026-05-23T05:30Z,2026-05-23T05:15Z,1,29.15,1,B95,EUR,A03,A01,16,MAW,MAW,A01,A01
procured_balancing_capacity,16,2026-05-23T05:30:00,PT15M,2026-05-23T05:45Z,2026-05-23T05:30Z,1,29.15,1,B95,EUR,A03,A01,16,MAW,MAW,A01,A01
procured_balancing_capacity,16,2026-05-23T05:45:00,PT15M,2026-05-23T06:00Z,2026-05-23T05:45Z,1,29.15,1,B95,EUR,A03,A01,16,MAW,MAW,A01,A01
procured_balancing_capacity,16,2026-05-23T06:00:00,PT15M,2026-05-23T06:15Z,2026-05-23T06:00Z,1,0,0,B95,EUR,A03,A01,16,MAW,MAW,A01,A01
procured_balancing_capacity,16,2026-05-23T06:15:00,PT15M,2026-05-23T06:30Z,2026-05-23T06:15Z,1,0,0,B95,EUR,A03,A01,16,MAW,MAW,A01,A01
procured_balancing_capacity,16,2026-05-23T06:30:00,PT15M,2026-05-23T06:45Z,2026-05-23T06:30Z,1,0,0,B95,EUR,A03,A01,16,MAW,MAW,A01,A01
procured_balancing_capacity,16,2026-05-23T06:45:00,PT15M,2026-05-23T07:00Z,2026-05-23T06:45Z,1,0,0,B95,EUR,A03,A01,16,MAW,MAW,A01,A01
procured_balancing_capacity,16,2026-05-23T07:00:00,PT15M,2026-05-23T07:15Z,2026-05-23T07:00Z,1,0,0,B95,EUR,A03,A01,16,MAW,MAW,A01,A01
procured_balancing_capacity,16,2026-05-23T07:15:00,PT15M,2026-05-23T07:30Z,2026-05-23T07:15Z,1,0,0,B95,EUR,A03,A01,16,MAW,MAW,A01,A01
procured_balancing_capacity,16,2026-05-23T07:30:00,PT15M,2026-05-23T07:45Z,2026-05-23T07:30Z,1,0,0,B95,EUR,A03,A01,16,MAW,MAW,A01,A01
procured_balancing_capacity,16,2026-05-23T07:45:00,PT15M,2026-05-23T08:00Z,2026-05-23T07:45Z,1,0,0,B95,EUR,A03,A01,16,MAW,MAW,A01,A01
procured_balancing_capacity,16,2026-05-23T08:00:00,PT15M,2026-05-23T08:15Z,2026-05-23T08:00Z,1,0,0,B95,EUR,A03,A01,16,MAW,MAW,A01,A01
procured_balancing_capacity,16,2026-05-23T08:15:00,PT15M,2026-05-23T08:30Z,2026-05-23T08:15Z,1,0,0,B95,EUR,A03,A01,16,MAW,MAW,A01,A01
procured_balancing_capacity,16,2026-05-23T08:30:00,PT15M,2026-05-23T08:45Z,2026-05-23T08:30Z,1,0,0,B95,EUR,A03,A01,16,MAW,MAW,A01,A01
procured_balancing_capacity,16,2026-05-23T08:45:00,PT15M,2026-05-23T09:00Z,2026-05-23T08:45Z,1,0,0,B95,EUR,A03,A01,16,MAW,MAW,A01,A01
procured_balancing_capacity,16,2026-05-23T09:00:00,PT15M,2026-05-23T09:15Z,2026-05-23T09:00Z,1,0,0,B95,EUR,A03,A01,16,MAW,MAW,A01,A01
procured_balancing_capacity,16,2026-05-23T09:15:00,PT15M,2026-05-23T09:30Z,2026-05-23T09:15Z,1,0,0,B95,EUR,A03,A01,16,MAW,MAW,A01,A01
procured_balancing_capacity,16,2026-05-23T09:30:00,PT15M,2026-05-23T09:45Z,2026-05-23T09:30Z,1,0,0,B95,EUR,A03,A01,16,MAW,MAW,A01,A01
procured_balancing_capacity,16,2026-05-23T09:45:00,PT15M,2026-05-23T10:00Z,2026-05-23T09:45Z,1,0,0,B95,EUR,A03,A01,16,MAW,MAW,A01,A01
procured_balancing_capacity,16,2026-05-23T10:00:00,PT15M,2026-05-23T10:15Z,2026-05-23T10:00Z,1,0,0,B95,EUR,A03,A01,16,MAW,MAW,A01,A01
procured_balancing_capacity,16,2026-05-23T10:15:00,PT15M,2026-05-23T10:30Z,2026-05-23T10:15Z,1,0,0,B95,EUR,A03,A01,16,MAW,MAW,A01,A01
procured_balancing_capacity,16,2026-05-23T10:30:00,PT15M,2026-05-23T10:45Z,2026-05-23T10:30Z,1,0,0,B95,EUR,A03,A01,16,MAW,MAW,A01,A01
procured_balancing_capacity,16,2026-05-23T10:45:00,PT15M,2026-05-23T11:00Z,2026-05-23T10:45Z,1,0,0,B95,EUR,A03,A01,16,MAW,MAW,A01,A01
procured_balancing_capacity,16,2026-05-23T11:00:00,PT15M,2026-05-23T11:15Z,2026-05-23T11:00Z,1,0,0,B95,EUR,A03,A01,16,MAW,MAW,A01,A01
procured_balancing_capacity,16,2026-05-23T11:15:00,PT15M,2026-05-23T11:30Z,2026-05-23T11:15Z,1,0,0,B95,EUR,A03,A01,16,MAW,MAW,A01,A01
procured_balancing_capacity,16,2026-05-23T11:30:00,PT15M,2026-05-23T11:45Z,2026-05-23T11:30Z,1,0,0,B95,EUR,A03,A01,16,MAW,MAW,A01,A01
procured_balancing_capacity,16,2026-05-23T11:45:00,PT15M,2026-05-23T12:00Z,2026-05-23T11:45Z,1,0,0,B95,EUR,A03,A01,16,MAW,MAW,A01,A01
procured_balancing_capacity,16,2026-05-23T12:00:00,PT15M,2026-05-23T12:15Z,2026-05-23T12:00Z,1,35.25,1,B95,EUR,A03,A01,16,MAW,MAW,A01,A01
procured_balancing_capacity,16,2026-05-23T12:15:00,PT15M,2026-05-23T12:30Z,2026-05-23T12:15Z,1,35.25,1,B95,EUR,A03,A01,16,MAW,MAW,A01,A01
procured_balancing_capacity,16,2026-05-23T12:30:00,PT15M,2026-05-23T12:45Z,2026-05-23T12:30Z,1,35.25,1,B95,EUR,A03,A01,16,MAW,MAW,A01,A01
procured_balancing_capacity,16,2026-05-23T12:45:00,PT15M,2026-05-23T13:00Z,2026-05-23T12:45Z,1,35.25,1,B95,EUR,A03,A01,16,MAW,MAW,A01,A01
procured_balancing_capacity,16,2026-05-23T13:00:00,PT15M,2026-05-23T13:15Z,2026-05-23T13:00Z,1,35.25,1,B95,EUR,A03,A01,16,MAW,MAW,A01,A01
procured_balancing_capacity,16,2026-05-23T13:15:00,PT15M,2026-05-23T13:30Z,2026-05-23T13:15Z,1,35.25,1,B95,EUR,A03,A01,16,MAW,MAW,A01,A01
procured_balancing_capacity,16,2026-05-23T13:30:00,PT15M,2026-05-23T13:45Z,2026-05-23T13:30Z,1,35.25,1,B95,EUR,A03,A01,16,MAW,MAW,A01,A01
procured_balancing_capacity,16,2026-05-23T13:45:00,PT15M,2026-05-23T14:00Z,2026-05-23T13:45Z,1,35.25,1,B95,EUR,A03,A01,16,MAW,MAW,A01,A01
procured_balancing_capacity,16,2026-05-23T14:00:00,PT15M,2026-05-23T14:15Z,2026-05-23T14:00Z,1,0,0,B95,EUR,A03,A01,16,MAW,MAW,A01,A01
procured_balancing_capacity,16,2026-05-23T14:15:00,PT15M,2026-05-23T14:30Z,2026-05-23T14:15Z,1,0,0,B95,EUR,A03,A01,16,MAW,MAW,A01,A01
procured_balancing_capacity,16,2026-05-23T14:30:00,PT15M,2026-05-23T14:45Z,2026-05-23T14:30Z,1,0,0,B95,EUR,A03,A01,16,MAW,MAW,A01,A01
procured_balancing_capacity,16,2026-05-23T14:45:00,PT15M,2026-05-23T15:00Z,2026-05-23T14:45Z,1,0,0,B95,EUR,A03,A01,16,MAW,MAW,A01,A01
procured_balancing_capacity,16,2026-05-23T15:00:00,PT15M,2026-05-23T15:15Z,2026-05-23T15:00Z,1,0,0,B95,EUR,A03,A01,16,MAW,MAW,A01,A01
procured_balancing_capacity,16,2026-05-23T15:15:00,PT15M,2026-05-23T15:30Z,2026-05-23T15:15Z,1,0,0,B95,EUR,A03,A01,16,MAW,MAW,A01,A01
procured_balancing_capacity,16,2026-05-23T15:30:00,PT15M,2026-05-23T15:45Z,2026-05-23T15:30Z,1,0,0,B95,EUR,A03,A01,16,MAW,MAW,A01,A01
procured_balancing_capacity,16,2026-05-23T15:45:00,PT15M,2026-05-23T16:00Z,2026-05-23T15:45Z,1,0,0,B95,EUR,A03,A01,16,MAW,MAW,A01,A01
procured_balancing_capacity,16,2026-05-23T16:00:00,PT15M,2026-05-23T16:15Z,2026-05-23T16:00Z,1,0,0,B95,EUR,A03,A01,16,MAW,MAW,A01,A01
procured_balancing_capacity,16,2026-05-23T16:15:00,PT15M,2026-05-23T16:30Z,2026-05-23T16:15Z,1,0,0,B95,EUR,A03,A01,16,MAW,MAW,A01,A01
procured_balancing_capacity,16,2026-05-23T16:30:00,PT15M,2026-05-23T16:45Z,2026-05-23T16:30Z,1,0,0,B95,EUR,A03,A01,16,MAW,MAW,A01,A01
procured_balancing_capacity,16,2026-05-23T16:45:00,PT15M,2026-05-23T17:00Z,2026-05-23T16:45Z,1,0,0,B95,EUR,A03,A01,16,MAW,MAW,A01,A01
procured_balancing_capacity,16,2026-05-23T17:00:00,PT15M,2026-05-23T17:15Z,2026-05-23T17:00Z,1,0,0,B95,EUR,A03,A01,16,MAW,MAW,A01,A01
procured_balancing_capacity,16,2026-05-23T17:15:00,PT15M,2026-05-23T17:30Z,2026-05-23T17:15Z,1,0,0,B95,EUR,A03,A01,16,MAW,MAW,A01,A01
procured_balancing_capacity,16,2026-05-23T17:30:00,PT15M,2026-05-23T17:45Z,2026-05-23T17:30Z,1,0,0,B95,EUR,A03,A01,16,MAW,MAW,A01,A01
procured_balancing_capacity,16,2026-05-23T17:45:00,PT15M,2026-05-23T18:00Z,2026-05-23T17:45Z,1,0,0,B95,EUR,A03,A01,16,MAW,MAW,A01,A01
procured_balancing_capacity,16,2026-05-23T18:00:00,PT15M,2026-05-23T18:15Z,2026-05-23T18:00Z,1,0,0,B95,EUR,A03,A01,16,MAW,MAW,A01,A01
procured_balancing_capacity,16,2026-05-23T18:15:00,PT15M,2026-05-23T18:30Z,2026-05-23T18:15Z,1,0,0,B95,EUR,A03,A01,16,MAW,MAW,A01,A01
procured_balancing_capacity,16,2026-05-23T18:30:00,PT15M,2026-05-23T18:45Z,2026-05-23T18:30Z,1,0,0,B95,EUR,A03,A01,16,MAW,MAW,A01,A01
procured_balancing_capacity,16,2026-05-23T18:45:00,PT15M,2026-05-23T19:00Z,2026-05-23T18:45Z,1,0,0,B95,EUR,A03,A01,16,MAW,MAW,A01,A01
procured_balancing_capacity,16,2026-05-23T19:00:00,PT15M,2026-05-23T19:15Z,2026-05-23T19:00Z,1,35.29,1,B95,EUR,A03,A01,16,MAW,MAW,A01,A01
procured_balancing_capacity,16,2026-05-23T19:15:00,PT15M,2026-05-23T19:30Z,2026-05-23T19:15Z,1,35.29,1,B95,EUR,A03,A01,16,MAW,MAW,A01,A01
procured_balancing_capacity,16,2026-05-23T19:30:00,PT15M,2026-05-23T19:45Z,2026-05-23T19:30Z,1,33.14,1,B95,EUR,A03,A01,16,MAW,MAW,A01,A01
procured_balancing_capacity,16,2026-05-23T19:45:00,PT15M,2026-05-23T20:00Z,2026-05-23T19:45Z,1,31.35,1,B95,EUR,A03,A01,16,MAW,MAW,A01,A01
procured_balancing_capacity,16,2026-05-23T20:00:00,PT15M,2026-05-23T20:15Z,2026-05-23T20:00Z,1,0,0,B95,EUR,A03,A01,16,MAW,MAW,A01,A01
procured_balancing_capacity,16,2026-05-23T20:15:00,PT15M,2026-05-23T20:30Z,2026-05-23T20:15Z,1,0,0,B95,EUR,A03,A01,16,MAW,MAW,A01,A01
procured_balancing_capacity,16,2026-05-23T20:30:00,PT15M,2026-05-23T20:45Z,2026-05-23T20:30Z,1,0,0,B95,EUR,A03,A01,16,MAW,MAW,A01,A01
procured_balancing_capacity,16,2026-05-23T20:45:00,PT15M,2026-05-23T21:00Z,2026-05-23T20:45Z,1,0,0,B95,EUR,A03,A01,16,MAW,MAW,A01,A01
procured_balancing_capacity,16,2026-05-23T21:00:00,PT15M,2026-05-23T21:15Z,2026-05-23T21:00Z,1,0,0,B95,EUR,A03,A01,16,MAW,MAW,A01,A01
procured_balancing_capacity,16,2026-05-23T21:15:00,PT15M,2026-05-23T21:30Z,2026-05-23T21:15Z,1,0,0,B95,EUR,A03,A01,16,MAW,MAW,A01,A01
procured_balancing_capacity,16,2026-05-23T21:30:00,PT15M,2026-05-23T21:45Z,2026-05-23T21:30Z,1,0,0,B95,EUR,A03,A01,16,MAW,MAW,A01,A01
procured_balancing_capacity,16,2026-05-23T21:45:00,PT15M,2026-05-23T22:00Z,2026-05-23T21:45Z,1,0,0,B95,EUR,A03,A01,16,MAW,MAW,A01,A01
procured_balancing_capacity,17,2026-05-22T22:00:00,PT15M,2026-05-22T22:15Z,2026-05-22T22:00Z,1,0,0,B95,EUR,A03,A02,17,MAW,MAW,A01,A01
procured_balancing_capacity,17,2026-05-22T22:15:00,PT15M,2026-05-22T22:30Z,2026-05-22T22:15Z,1,0,0,B95,EUR,A03,A02,17,MAW,MAW,A01,A01
procured_balancing_capacity,17,2026-05-22T22:30:00,PT15M,2026-05-22T22:45Z,2026-05-22T22:30Z,1,0,0,B95,EUR,A03,A02,17,MAW,MAW,A01,A01
procured_balancing_capacity,17,2026-05-22T22:45:00,PT15M,2026-05-22T23:00Z,2026-05-22T22:45Z,1,0,0,B95,EUR,A03,A02,17,MAW,MAW,A01,A01
procured_balancing_capacity,17,2026-05-22T23:00:00,PT15M,2026-05-22T23:15Z,2026-05-22T23:00Z,1,0,0,B95,EUR,A03,A02,17,MAW,MAW,A01,A01
procured_balancing_capacity,17,2026-05-22T23:15:00,PT15M,2026-05-22T23:30Z,2026-05-22T23:15Z,1,0,0,B95,EUR,A03,A02,17,MAW,MAW,A01,A01
procured_balancing_capacity,17,2026-05-22T23:30:00,PT15M,2026-05-22T23:45Z,2026-05-22T23:30Z,1,0,0,B95,EUR,A03,A02,17,MAW,MAW,A01,A01
procured_balancing_capacity,17,2026-05-22T23:45:00,PT15M,2026-05-23T00:00Z,2026-05-22T23:45Z,1,0,0,B95,EUR,A03,A02,17,MAW,MAW,A01,A01
procured_balancing_capacity,17,2026-05-23T00:00:00,PT15M,2026-05-23T00:15Z,2026-05-23T00:00Z,1,0,0,B95,EUR,A03,A02,17,MAW,MAW,A01,A01
procured_balancing_capacity,17,2026-05-23T00:15:00,PT15M,2026-05-23T00:30Z,2026-05-23T00:15Z,1,10.66,1,B95,EUR,A03,A02,17,MAW,MAW,A01,A01
procured_balancing_capacity,17,2026-05-23T00:30:00,PT15M,2026-05-23T00:45Z,2026-05-23T00:30Z,1,10.66,1,B95,EUR,A03,A02,17,MAW,MAW,A01,A01
procured_balancing_capacity,17,2026-05-23T00:45:00,PT15M,2026-05-23T01:00Z,2026-05-23T00:45Z,1,10.66,1,B95,EUR,A03,A02,17,MAW,MAW,A01,A01
procured_balancing_capacity,17,2026-05-23T01:00:00,PT15M,2026-05-23T01:15Z,2026-05-23T01:00Z,1,10.66,1,B95,EUR,A03,A02,17,MAW,MAW,A01,A01
procured_balancing_capacity,17,2026-05-23T01:15:00,PT15M,2026-05-23T01:30Z,2026-05-23T01:15Z,1,0,0,B95,EUR,A03,A02,17,MAW,MAW,A01,A01
procured_balancing_capacity,17,2026-05-23T01:30:00,PT15M,2026-05-23T01:45Z,2026-05-23T01:30Z,1,0,0,B95,EUR,A03,A02,17,MAW,MAW,A01,A01
procured_balancing_capacity,17,2026-05-23T01:45:00,PT15M,2026-05-23T02:00Z,2026-05-23T01:45Z,1,0,0,B95,EUR,A03,A02,17,MAW,MAW,A01,A01
procured_balancing_capacity,17,2026-05-23T02:00:00,PT15M,2026-05-23T02:15Z,2026-05-23T02:00Z,1,0,0,B95,EUR,A03,A02,17,MAW,MAW,A01,A01
procured_balancing_capacity,17,2026-05-23T02:15:00,PT15M,2026-05-23T02:30Z,2026-05-23T02:15Z,1,10.66,4,B95,EUR,A03,A02,17,MAW,MAW,A01,A01
procured_balancing_capacity,17,2026-05-23T02:30:00,PT15M,2026-05-23T02:45Z,2026-05-23T02:30Z,1,10.66,4,B95,EUR,A03,A02,17,MAW,MAW,A01,A01
procured_balancing_capacity,17,2026-05-23T02:45:00,PT15M,2026-05-23T03:00Z,2026-05-23T02:45Z,1,10.66,4,B95,EUR,A03,A02,17,MAW,MAW,A01,A01
procured_balancing_capacity,17,2026-05-23T03:00:00,PT15M,2026-05-23T03:15Z,2026-05-23T03:00Z,1,10.66,5,B95,EUR,A03,A02,17,MAW,MAW,A01,A01
procured_balancing_capacity,17,2026-05-23T03:15:00,PT15M,2026-05-23T03:30Z,2026-05-23T03:15Z,1,10.66,5,B95,EUR,A03,A02,17,MAW,MAW,A01,A01
procured_balancing_capacity,17,2026-05-23T03:30:00,PT15M,2026-05-23T03:45Z,2026-05-23T03:30Z,1,10.66,5,B95,EUR,A03,A02,17,MAW,MAW,A01,A01
procured_balancing_capacity,17,2026-05-23T03:45:00,PT15M,2026-05-23T04:00Z,2026-05-23T03:45Z,1,10.66,5,B95,EUR,A03,A02,17,MAW,MAW,A01,A01
procured_balancing_capacity,17,2026-05-23T04:00:00,PT15M,2026-05-23T04:15Z,2026-05-23T04:00Z,1,10.68,1,B95,EUR,A03,A02,17,MAW,MAW,A01,A01
procured_balancing_capacity,17,2026-05-23T04:15:00,PT15M,2026-05-23T04:30Z,2026-05-23T04:15Z,1,10.68,1,B95,EUR,A03,A02,17,MAW,MAW,A01,A01
procured_balancing_capacity,17,2026-05-23T04:30:00,PT15M,2026-05-23T04:45Z,2026-05-23T04:30Z,1,10.68,1,B95,EUR,A03,A02,17,MAW,MAW,A01,A01
procured_balancing_capacity,17,2026-05-23T04:45:00,PT15M,2026-05-23T05:00Z,2026-05-23T04:45Z,1,10.68,1,B95,EUR,A03,A02,17,MAW,MAW,A01,A01
procured_balancing_capacity,17,2026-05-23T05:00:00,PT15M,2026-05-23T05:15Z,2026-05-23T05:00Z,1,0,0,B95,EUR,A03,A02,17,MAW,MAW,A01,A01
procured_balancing_capacity,17,2026-05-23T05:15:00,PT15M,2026-05-23T05:30Z,2026-05-23T05:15Z,1,0,0,B95,EUR,A03,A02,17,MAW,MAW,A01,A01
procured_balancing_capacity,17,2026-05-23T05:30:00,PT15M,2026-05-23T05:45Z,2026-05-23T05:30Z,1,0,0,B95,EUR,A03,A02,17,MAW,MAW,A01,A01
procured_balancing_capacity,17,2026-05-23T05:45:00,PT15M,2026-05-23T06:00Z,2026-05-23T05:45Z,1,0,0,B95,EUR,A03,A02,17,MAW,MAW,A01,A01
procured_balancing_capacity,17,2026-05-23T06:00:00,PT15M,2026-05-23T06:15Z,2026-05-23T06:00Z,1,10.68,2,B95,EUR,A03,A02,17,MAW,MAW,A01,A01
procured_balancing_capacity,17,2026-05-23T06:15:00,PT15M,2026-05-23T06:30Z,2026-05-23T06:15Z,1,10.68,2,B95,EUR,A03,A02,17,MAW,MAW,A01,A01
procured_balancing_capacity,17,2026-05-23T06:30:00,PT15M,2026-05-23T06:45Z,2026-05-23T06:30Z,1,10.68,2,B95,EUR,A03,A02,17,MAW,MAW,A01,A01
procured_balancing_capacity,17,2026-05-23T06:45:00,PT15M,2026-05-23T07:00Z,2026-05-23T06:45Z,1,10.68,2,B95,EUR,A03,A02,17,MAW,MAW,A01,A01
procured_balancing_capacity,17,2026-05-23T07:00:00,PT15M,2026-05-23T07:15Z,2026-05-23T07:00Z,1,10.68,2,B95,EUR,A03,A02,17,MAW,MAW,A01,A01
procured_balancing_capacity,17,2026-05-23T07:15:00,PT15M,2026-05-23T07:30Z,2026-05-23T07:15Z,1,10.68,2,B95,EUR,A03,A02,17,MAW,MAW,A01,A01
procured_balancing_capacity,17,2026-05-23T07:30:00,PT15M,2026-05-23T07:45Z,2026-05-23T07:30Z,1,10.68,2,B95,EUR,A03,A02,17,MAW,MAW,A01,A01
procured_balancing_capacity,17,2026-05-23T07:45:00,PT15M,2026-05-23T08:00Z,2026-05-23T07:45Z,1,10.68,2,B95,EUR,A03,A02,17,MAW,MAW,A01,A01
procured_balancing_capacity,17,2026-05-23T08:00:00,PT15M,2026-05-23T08:15Z,2026-05-23T08:00Z,1,10.68,2,B95,EUR,A03,A02,17,MAW,MAW,A01,A01
procured_balancing_capacity,17,2026-05-23T08:15:00,PT15M,2026-05-23T08:30Z,2026-05-23T08:15Z,1,10.68,2,B95,EUR,A03,A02,17,MAW,MAW,A01,A01
procured_balancing_capacity,17,2026-05-23T08:30:00,PT15M,2026-05-23T08:45Z,2026-05-23T08:30Z,1,10.68,2,B95,EUR,A03,A02,17,MAW,MAW,A01,A01
procured_balancing_capacity,17,2026-05-23T08:45:00,PT15M,2026-05-23T09:00Z,2026-05-23T08:45Z,1,10.68,2,B95,EUR,A03,A02,17,MAW,MAW,A01,A01
procured_balancing_capacity,17,2026-05-23T09:00:00,PT15M,2026-05-23T09:15Z,2026-05-23T09:00Z,1,10.68,2,B95,EUR,A03,A02,17,MAW,MAW,A01,A01
procured_balancing_capacity,17,2026-05-23T09:15:00,PT15M,2026-05-23T09:30Z,2026-05-23T09:15Z,1,10.68,2,B95,EUR,A03,A02,17,MAW,MAW,A01,A01
procured_balancing_capacity,17,2026-05-23T09:30:00,PT15M,2026-05-23T09:45Z,2026-05-23T09:30Z,1,10.68,2,B95,EUR,A03,A02,17,MAW,MAW,A01,A01
procured_balancing_capacity,17,2026-05-23T09:45:00,PT15M,2026-05-23T10:00Z,2026-05-23T09:45Z,1,10.68,2,B95,EUR,A03,A02,17,MAW,MAW,A01,A01
procured_balancing_capacity,17,2026-05-23T10:00:00,PT15M,2026-05-23T10:15Z,2026-05-23T10:00Z,1,0,0,B95,EUR,A03,A02,17,MAW,MAW,A01,A01
procured_balancing_capacity,17,2026-05-23T10:15:00,PT15M,2026-05-23T10:30Z,2026-05-23T10:15Z,1,0,0,B95,EUR,A03,A02,17,MAW,MAW,A01,A01
procured_balancing_capacity,17,2026-05-23T10:30:00,PT15M,2026-05-23T10:45Z,2026-05-23T10:30Z,1,0,0,B95,EUR,A03,A02,17,MAW,MAW,A01,A01
procured_balancing_capacity,17,2026-05-23T10:45:00,PT15M,2026-05-23T11:00Z,2026-05-23T10:45Z,1,0,0,B95,EUR,A03,A02,17,MAW,MAW,A01,A01
procured_balancing_capacity,17,2026-05-23T11:00:00,PT15M,2026-05-23T11:15Z,2026-05-23T11:00Z,1,0,0,B95,EUR,A03,A02,17,MAW,MAW,A01,A01
procured_balancing_capacity,17,2026-05-23T11:15:00,PT15M,2026-05-23T11:30Z,2026-05-23T11:15Z,1,0,0,B95,EUR,A03,A02,17,MAW,MAW,A01,A01
procured_balancing_capacity,17,2026-05-23T11:30:00,PT15M,2026-05-23T11:45Z,2026-05-23T11:30Z,1,0,0,B95,EUR,A03,A02,17,MAW,MAW,A01,A01
procured_balancing_capacity,17,2026-05-23T11:45:00,PT15M,2026-05-23T12:00Z,2026-05-23T11:45Z,1,0,0,B95,EUR,A03,A02,17,MAW,MAW,A01,A01
procured_balancing_capacity,17,2026-05-23T12:00:00,PT15M,2026-05-23T12:15Z,2026-05-23T12:00Z,1,10.68,1,B95,EUR,A03,A02,17,MAW,MAW,A01,A01
procured_balancing_capacity,17,2026-05-23T12:15:00,PT15M,2026-05-23T12:30Z,2026-05-23T12:15Z,1,10.68,1,B95,EUR,A03,A02,17,MAW,MAW,A01,A01
procured_balancing_capacity,17,2026-05-23T12:30:00,PT15M,2026-05-23T12:45Z,2026-05-23T12:30Z,1,10.68,1,B95,EUR,A03,A02,17,MAW,MAW,A01,A01
procured_balancing_capacity,17,2026-05-23T12:45:00,PT15M,2026-05-23T13:00Z,2026-05-23T12:45Z,1,10.68,1,B95,EUR,A03,A02,17,MAW,MAW,A01,A01
procured_balancing_capacity,17,2026-05-23T13:00:00,PT15M,2026-05-23T13:15Z,2026-05-23T13:00Z,1,10.68,1,B95,EUR,A03,A02,17,MAW,MAW,A01,A01
procured_balancing_capacity,17,2026-05-23T13:15:00,PT15M,2026-05-23T13:30Z,2026-05-23T13:15Z,1,10.68,1,B95,EUR,A03,A02,17,MAW,MAW,A01,A01
procured_balancing_capacity,17,2026-05-23T13:30:00,PT15M,2026-05-23T13:45Z,2026-05-23T13:30Z,1,10.68,1,B95,EUR,A03,A02,17,MAW,MAW,A01,A01
procured_balancing_capacity,17,2026-05-23T13:45:00,PT15M,2026-05-23T14:00Z,2026-05-23T13:45Z,1,10.68,1,B95,EUR,A03,A02,17,MAW,MAW,A01,A01
procured_balancing_capacity,17,2026-05-23T14:00:00,PT15M,2026-05-23T14:15Z,2026-05-23T14:00Z,1,0,0,B95,EUR,A03,A02,17,MAW,MAW,A01,A01
procured_balancing_capacity,17,2026-05-23T14:15:00,PT15M,2026-05-23T14:30Z,2026-05-23T14:15Z,1,0,0,B95,EUR,A03,A02,17,MAW,MAW,A01,A01
procured_balancing_capacity,17,2026-05-23T14:30:00,PT15M,2026-05-23T14:45Z,2026-05-23T14:30Z,1,0,0,B95,EUR,A03,A02,17,MAW,MAW,A01,A01
procured_balancing_capacity,17,2026-05-23T14:45:00,PT15M,2026-05-23T15:00Z,2026-05-23T14:45Z,1,0,0,B95,EUR,A03,A02,17,MAW,MAW,A01,A01
procured_balancing_capacity,17,2026-05-23T15:00:00,PT15M,2026-05-23T15:15Z,2026-05-23T15:00Z,1,0,0,B95,EUR,A03,A02,17,MAW,MAW,A01,A01
procured_balancing_capacity,17,2026-05-23T15:15:00,PT15M,2026-05-23T15:30Z,2026-05-23T15:15Z,1,0,0,B95,EUR,A03,A02,17,MAW,MAW,A01,A01
procured_balancing_capacity,17,2026-05-23T15:30:00,PT15M,2026-05-23T15:45Z,2026-05-23T15:30Z,1,0,0,B95,EUR,A03,A02,17,MAW,MAW,A01,A01
procured_balancing_capacity,17,2026-05-23T15:45:00,PT15M,2026-05-23T16:00Z,2026-05-23T15:45Z,1,0,0,B95,EUR,A03,A02,17,MAW,MAW,A01,A01
procured_balancing_capacity,17,2026-05-23T16:00:00,PT15M,2026-05-23T16:15Z,2026-05-23T16:00Z,1,0,0,B95,EUR,A03,A02,17,MAW,MAW,A01,A01
procured_balancing_capacity,17,2026-05-23T16:15:00,PT15M,2026-05-23T16:30Z,2026-05-23T16:15Z,1,0,0,B95,EUR,A03,A02,17,MAW,MAW,A01,A01
procured_balancing_capacity,17,2026-05-23T16:30:00,PT15M,2026-05-23T16:45Z,2026-05-23T16:30Z,1,0,0,B95,EUR,A03,A02,17,MAW,MAW,A01,A01
procured_balancing_capacity,17,2026-05-23T16:45:00,PT15M,2026-05-23T17:00Z,2026-05-23T16:45Z,1,0,0,B95,EUR,A03,A02,17,MAW,MAW,A01,A01
procured_balancing_capacity,17,2026-05-23T17:00:00,PT15M,2026-05-23T17:15Z,2026-05-23T17:00Z,1,0,0,B95,EUR,A03,A02,17,MAW,MAW,A01,A01
procured_balancing_capacity,17,2026-05-23T17:15:00,PT15M,2026-05-23T17:30Z,2026-05-23T17:15Z,1,0,0,B95,EUR,A03,A02,17,MAW,MAW,A01,A01
procured_balancing_capacity,17,2026-05-23T17:30:00,PT15M,2026-05-23T17:45Z,2026-05-23T17:30Z,1,0,0,B95,EUR,A03,A02,17,MAW,MAW,A01,A01
procured_balancing_capacity,17,2026-05-23T17:45:00,PT15M,2026-05-23T18:00Z,2026-05-23T17:45Z,1,0,0,B95,EUR,A03,A02,17,MAW,MAW,A01,A01
procured_balancing_capacity,17,2026-05-23T18:00:00,PT15M,2026-05-23T18:15Z,2026-05-23T18:00Z,1,0,0,B95,EUR,A03,A02,17,MAW,MAW,A01,A01
procured_balancing_capacity,17,2026-05-23T18:15:00,PT15M,2026-05-23T18:30Z,2026-05-23T18:15Z,1,0,0,B95,EUR,A03,A02,17,MAW,MAW,A01,A01
procured_balancing_capacity,17,2026-05-23T18:30:00,PT15M,2026-05-23T18:45Z,2026-05-23T18:30Z,1,0,0,B95,EUR,A03,A02,17,MAW,MAW,A01,A01
procured_balancing_capacity,17,2026-05-23T18:45:00,PT15M,2026-05-23T19:00Z,2026-05-23T18:45Z,1,0,0,B95,EUR,A03,A02,17,MAW,MAW,A01,A01
procured_balancing_capacity,17,2026-05-23T19:00:00,PT15M,2026-05-23T19:15Z,2026-05-23T19:00Z,1,0,0,B95,EUR,A03,A02,17,MAW,MAW,A01,A01
procured_balancing_capacity,17,2026-05-23T19:15:00,PT15M,2026-05-23T19:30Z,2026-05-23T19:15Z,1,0,0,B95,EUR,A03,A02,17,MAW,MAW,A01,A01
procured_balancing_capacity,17,2026-05-23T19:30:00,PT15M,2026-05-23T19:45Z,2026-05-23T19:30Z,1,0,0,B95,EUR,A03,A02,17,MAW,MAW,A01,A01
procured_balancing_capacity,17,2026-05-23T19:45:00,PT15M,2026-05-23T20:00Z,2026-05-23T19:45Z,1,0,0,B95,EUR,A03,A02,17,MAW,MAW,A01,A01
procured_balancing_capacity,17,2026-05-23T20:00:00,PT15M,2026-05-23T20:15Z,2026-05-23T20:00Z,1,10.66,1,B95,EUR,A03,A02,17,MAW,MAW,A01,A01
procured_balancing_capacity,17,2026-05-23T20:15:00,PT15M,2026-05-23T20:30Z,2026-05-23T20:15Z,1,10.66,1,B95,EUR,A03,A02,17,MAW,MAW,A01,A01
procured_balancing_capacity,17,2026-05-23T20:30:00,PT15M,2026-05-23T20:45Z,2026-05-23T20:30Z,1,10.66,1,B95,EUR,A03,A02,17,MAW,MAW,A01,A01
procured_balancing_capacity,17,2026-05-23T20:45:00,PT15M,2026-05-23T21:00Z,2026-05-23T20:45Z,1,10.66,1,B95,EUR,A03,A02,17,MAW,MAW,A01,A01
procured_balancing_capacity,17,2026-05-23T21:00:00,PT15M,2026-05-23T21:15Z,2026-05-23T21:00Z,1,0,0,B95,EUR,A03,A02,17,MAW,MAW,A01,A01
procured_balancing_capacity,17,2026-05-23T21:15:00,PT15M,2026-05-23T21:30Z,2026-05-23T21:15Z,1,10.66,1,B95,EUR,A03,A02,17,MAW,MAW,A01,A01
procured_balancing_capacity,17,2026-05-23T21:30:00,PT15M,2026-05-23T21:45Z,2026-05-23T21:30Z,1,10.66,1,B95,EUR,A03,A02,17,MAW,MAW,A01,A01
procured_balancing_capacity,17,2026-05-23T21:45:00,PT15M,2026-05-23T22:00Z,2026-05-23T21:45Z,1,10.66,1,B95,EUR,A03,A02,17,MAW,MAW,A01,A01
procured_balancing_capacity,18,2026-05-22T22:00:00,PT15M,2026-05-22T22:15Z,2026-05-22T22:00Z,1,0,0,B95,EUR,A03,A02,18,MAW,MAW,A01,A01
procured_balancing_capacity,18,2026-05-22T22:15:00,PT15M,2026-05-22T22:30Z,2026-05-22T22:15Z,1,0,0,B95,EUR,A03,A02,18,MAW,MAW,A01,A01
procured_balancing_capacity,18,2026-05-22T22:30:00,PT15M,2026-05-22T22:45Z,2026-05-22T22:30Z,1,0,0,B95,EUR,A03,A02,18,MAW,MAW,A01,A01
procured_balancing_capacity,18,2026-05-22T22:45:00,PT15M,2026-05-22T23:00Z,2026-05-22T22:45Z,1,0,0,B95,EUR,A03,A02,18,MAW,MAW,A01,A01
procured_balancing_capacity,18,2026-05-22T23:00:00,PT15M,2026-05-22T23:15Z,2026-05-22T23:00Z,1,0,0,B95,EUR,A03,A02,18,MAW,MAW,A01,A01
procured_balancing_capacity,18,2026-05-22T23:15:00,PT15M,2026-05-22T23:30Z,2026-05-22T23:15Z,1,0,0,B95,EUR,A03,A02,18,MAW,MAW,A01,A01
procured_balancing_capacity,18,2026-05-22T23:30:00,PT15M,2026-05-22T23:45Z,2026-05-22T23:30Z,1,0,0,B95,EUR,A03,A02,18,MAW,MAW,A01,A01
procured_balancing_capacity,18,2026-05-22T23:45:00,PT15M,2026-05-23T00:00Z,2026-05-22T23:45Z,1,0,0,B95,EUR,A03,A02,18,MAW,MAW,A01,A01
procured_balancing_capacity,18,2026-05-23T00:00:00,PT15M,2026-05-23T00:15Z,2026-05-23T00:00Z,1,0,0,B95,EUR,A03,A02,18,MAW,MAW,A01,A01
procured_balancing_capacity,18,2026-05-23T00:15:00,PT15M,2026-05-23T00:30Z,2026-05-23T00:15Z,1,0,0,B95,EUR,A03,A02,18,MAW,MAW,A01,A01
procured_balancing_capacity,18,2026-05-23T00:30:00,PT15M,2026-05-23T00:45Z,2026-05-23T00:30Z,1,0,0,B95,EUR,A03,A02,18,MAW,MAW,A01,A01
procured_balancing_capacity,18,2026-05-23T00:45:00,PT15M,2026-05-23T01:00Z,2026-05-23T00:45Z,1,0,0,B95,EUR,A03,A02,18,MAW,MAW,A01,A01
procured_balancing_capacity,18,2026-05-23T01:00:00,PT15M,2026-05-23T01:15Z,2026-05-23T01:00Z,1,0,0,B95,EUR,A03,A02,18,MAW,MAW,A01,A01
procured_balancing_capacity,18,2026-05-23T01:15:00,PT15M,2026-05-23T01:30Z,2026-05-23T01:15Z,1,10.66,2,B95,EUR,A03,A02,18,MAW,MAW,A01,A01
procured_balancing_capacity,18,2026-05-23T01:30:00,PT15M,2026-05-23T01:45Z,2026-05-23T01:30Z,1,10.66,2,B95,EUR,A03,A02,18,MAW,MAW,A01,A01
procured_balancing_capacity,18,2026-05-23T01:45:00,PT15M,2026-05-23T02:00Z,2026-05-23T01:45Z,1,10.66,2,B95,EUR,A03,A02,18,MAW,MAW,A01,A01
procured_balancing_capacity,18,2026-05-23T02:00:00,PT15M,2026-05-23T02:15Z,2026-05-23T02:00Z,1,0,0,B95,EUR,A03,A02,18,MAW,MAW,A01,A01
procured_balancing_capacity,18,2026-05-23T02:15:00,PT15M,2026-05-23T02:30Z,2026-05-23T02:15Z,1,10.66,2,B95,EUR,A03,A02,18,MAW,MAW,A01,A01
procured_balancing_capacity,18,2026-05-23T02:30:00,PT15M,2026-05-23T02:45Z,2026-05-23T02:30Z,1,10.66,2,B95,EUR,A03,A02,18,MAW,MAW,A01,A01
procured_balancing_capacity,18,2026-05-23T02:45:00,PT15M,2026-05-23T03:00Z,2026-05-23T02:45Z,1,10.66,2,B95,EUR,A03,A02,18,MAW,MAW,A01,A01
procured_balancing_capacity,18,2026-05-23T03:00:00,PT15M,2026-05-23T03:15Z,2026-05-23T03:00Z,1,10.66,2,B95,EUR,A03,A02,18,MAW,MAW,A01,A01
procured_balancing_capacity,18,2026-05-23T03:15:00,PT15M,2026-05-23T03:30Z,2026-05-23T03:15Z,1,10.66,2,B95,EUR,A03,A02,18,MAW,MAW,A01,A01
procured_balancing_capacity,18,2026-05-23T03:30:00,PT15M,2026-05-23T03:45Z,2026-05-23T03:30Z,1,10.66,2,B95,EUR,A03,A02,18,MAW,MAW,A01,A01
procured_balancing_capacity,18,2026-05-23T03:45:00,PT15M,2026-05-23T04:00Z,2026-05-23T03:45Z,1,10.66,2,B95,EUR,A03,A02,18,MAW,MAW,A01,A01
procured_balancing_capacity,18,2026-05-23T04:00:00,PT15M,2026-05-23T04:15Z,2026-05-23T04:00Z,1,0,0,B95,EUR,A03,A02,18,MAW,MAW,A01,A01
procured_balancing_capacity,18,2026-05-23T04:15:00,PT15M,2026-05-23T04:30Z,2026-05-23T04:15Z,1,0,0,B95,EUR,A03,A02,18,MAW,MAW,A01,A01
procured_balancing_capacity,18,2026-05-23T04:30:00,PT15M,2026-05-23T04:45Z,2026-05-23T04:30Z,1,0,0,B95,EUR,A03,A02,18,MAW,MAW,A01,A01
procured_balancing_capacity,18,2026-05-23T04:45:00,PT15M,2026-05-23T05:00Z,2026-05-23T04:45Z,1,0,0,B95,EUR,A03,A02,18,MAW,MAW,A01,A01
procured_balancing_capacity,18,2026-05-23T05:00:00,PT15M,2026-05-23T05:15Z,2026-05-23T05:00Z,1,0,0,B95,EUR,A03,A02,18,MAW,MAW,A01,A01
procured_balancing_capacity,18,2026-05-23T05:15:00,PT15M,2026-05-23T05:30Z,2026-05-23T05:15Z,1,0,0,B95,EUR,A03,A02,18,MAW,MAW,A01,A01
procured_balancing_capacity,18,2026-05-23T05:30:00,PT15M,2026-05-23T05:45Z,2026-05-23T05:30Z,1,0,0,B95,EUR,A03,A02,18,MAW,MAW,A01,A01
procured_balancing_capacity,18,2026-05-23T05:45:00,PT15M,2026-05-23T06:00Z,2026-05-23T05:45Z,1,0,0,B95,EUR,A03,A02,18,MAW,MAW,A01,A01
procured_balancing_capacity,18,2026-05-23T06:00:00,PT15M,2026-05-23T06:15Z,2026-05-23T06:00Z,1,10.69,2,B95,EUR,A03,A02,18,MAW,MAW,A01,A01
procured_balancing_capacity,18,2026-05-23T06:15:00,PT15M,2026-05-23T06:30Z,2026-05-23T06:15Z,1,10.69,2,B95,EUR,A03,A02,18,MAW,MAW,A01,A01
procured_balancing_capacity,18,2026-05-23T06:30:00,PT15M,2026-05-23T06:45Z,2026-05-23T06:30Z,1,10.69,2,B95,EUR,A03,A02,18,MAW,MAW,A01,A01
procured_balancing_capacity,18,2026-05-23T06:45:00,PT15M,2026-05-23T07:00Z,2026-05-23T06:45Z,1,10.69,2,B95,EUR,A03,A02,18,MAW,MAW,A01,A01
procured_balancing_capacity,18,2026-05-23T07:00:00,PT15M,2026-05-23T07:15Z,2026-05-23T07:00Z,1,10.69,2,B95,EUR,A03,A02,18,MAW,MAW,A01,A01
procured_balancing_capacity,18,2026-05-23T07:15:00,PT15M,2026-05-23T07:30Z,2026-05-23T07:15Z,1,10.69,2,B95,EUR,A03,A02,18,MAW,MAW,A01,A01
procured_balancing_capacity,18,2026-05-23T07:30:00,PT15M,2026-05-23T07:45Z,2026-05-23T07:30Z,1,10.69,2,B95,EUR,A03,A02,18,MAW,MAW,A01,A01
procured_balancing_capacity,18,2026-05-23T07:45:00,PT15M,2026-05-23T08:00Z,2026-05-23T07:45Z,1,10.69,2,B95,EUR,A03,A02,18,MAW,MAW,A01,A01
procured_balancing_capacity,18,2026-05-23T08:00:00,PT15M,2026-05-23T08:15Z,2026-05-23T08:00Z,1,10.69,2,B95,EUR,A03,A02,18,MAW,MAW,A01,A01
procured_balancing_capacity,18,2026-05-23T08:15:00,PT15M,2026-05-23T08:30Z,2026-05-23T08:15Z,1,10.69,2,B95,EUR,A03,A02,18,MAW,MAW,A01,A01
procured_balancing_capacity,18,2026-05-23T08:30:00,PT15M,2026-05-23T08:45Z,2026-05-23T08:30Z,1,10.69,2,B95,EUR,A03,A02,18,MAW,MAW,A01,A01
procured_balancing_capacity,18,2026-05-23T08:45:00,PT15M,2026-05-23T09:00Z,2026-05-23T08:45Z,1,10.69,2,B95,EUR,A03,A02,18,MAW,MAW,A01,A01
procured_balancing_capacity,18,2026-05-23T09:00:00,PT15M,2026-05-23T09:15Z,2026-05-23T09:00Z,1,10.69,2,B95,EUR,A03,A02,18,MAW,MAW,A01,A01
procured_balancing_capacity,18,2026-05-23T09:15:00,PT15M,2026-05-23T09:30Z,2026-05-23T09:15Z,1,10.69,2,B95,EUR,A03,A02,18,MAW,MAW,A01,A01
procured_balancing_capacity,18,2026-05-23T09:30:00,PT15M,2026-05-23T09:45Z,2026-05-23T09:30Z,1,10.69,2,B95,EUR,A03,A02,18,MAW,MAW,A01,A01
procured_balancing_capacity,18,2026-05-23T09:45:00,PT15M,2026-05-23T10:00Z,2026-05-23T09:45Z,1,10.69,2,B95,EUR,A03,A02,18,MAW,MAW,A01,A01
procured_balancing_capacity,18,2026-05-23T10:00:00,PT15M,2026-05-23T10:15Z,2026-05-23T10:00Z,1,10.69,2,B95,EUR,A03,A02,18,MAW,MAW,A01,A01
procured_balancing_capacity,18,2026-05-23T10:15:00,PT15M,2026-05-23T10:30Z,2026-05-23T10:15Z,1,10.69,2,B95,EUR,A03,A02,18,MAW,MAW,A01,A01
procured_balancing_capacity,18,2026-05-23T10:30:00,PT15M,2026-05-23T10:45Z,2026-05-23T10:30Z,1,10.69,2,B95,EUR,A03,A02,18,MAW,MAW,A01,A01
procured_balancing_capacity,18,2026-05-23T10:45:00,PT15M,2026-05-23T11:00Z,2026-05-23T10:45Z,1,10.69,2,B95,EUR,A03,A02,18,MAW,MAW,A01,A01
procured_balancing_capacity,18,2026-05-23T11:00:00,PT15M,2026-05-23T11:15Z,2026-05-23T11:00Z,1,10.69,2,B95,EUR,A03,A02,18,MAW,MAW,A01,A01
procured_balancing_capacity,18,2026-05-23T11:15:00,PT15M,2026-05-23T11:30Z,2026-05-23T11:15Z,1,10.69,2,B95,EUR,A03,A02,18,MAW,MAW,A01,A01
procured_balancing_capacity,18,2026-05-23T11:30:00,PT15M,2026-05-23T11:45Z,2026-05-23T11:30Z,1,10.69,2,B95,EUR,A03,A02,18,MAW,MAW,A01,A01
procured_balancing_capacity,18,2026-05-23T11:45:00,PT15M,2026-05-23T12:00Z,2026-05-23T11:45Z,1,10.69,2,B95,EUR,A03,A02,18,MAW,MAW,A01,A01
procured_balancing_capacity,18,2026-05-23T12:00:00,PT15M,2026-05-23T12:15Z,2026-05-23T12:00Z,1,0,0,B95,EUR,A03,A02,18,MAW,MAW,A01,A01
procured_balancing_capacity,18,2026-05-23T12:15:00,PT15M,2026-05-23T12:30Z,2026-05-23T12:15Z,1,0,0,B95,EUR,A03,A02,18,MAW,MAW,A01,A01
procured_balancing_capacity,18,2026-05-23T12:30:00,PT15M,2026-05-23T12:45Z,2026-05-23T12:30Z,1,0,0,B95,EUR,A03,A02,18,MAW,MAW,A01,A01
procured_balancing_capacity,18,2026-05-23T12:45:00,PT15M,2026-05-23T13:00Z,2026-05-23T12:45Z,1,0,0,B95,EUR,A03,A02,18,MAW,MAW,A01,A01
procured_balancing_capacity,18,2026-05-23T13:00:00,PT15M,2026-05-23T13:15Z,2026-05-23T13:00Z,1,0,0,B95,EUR,A03,A02,18,MAW,MAW,A01,A01
procured_balancing_capacity,18,2026-05-23T13:15:00,PT15M,2026-05-23T13:30Z,2026-05-23T13:15Z,1,0,0,B95,EUR,A03,A02,18,MAW,MAW,A01,A01
procured_balancing_capacity,18,2026-05-23T13:30:00,PT15M,2026-05-23T13:45Z,2026-05-23T13:30Z,1,0,0,B95,EUR,A03,A02,18,MAW,MAW,A01,A01
procured_balancing_capacity,18,2026-05-23T13:45:00,PT15M,2026-05-23T14:00Z,2026-05-23T13:45Z,1,0,0,B95,EUR,A03,A02,18,MAW,MAW,A01,A01
procured_balancing_capacity,18,2026-05-23T14:00:00,PT15M,2026-05-23T14:15Z,2026-05-23T14:00Z,1,10.69,2,B95,EUR,A03,A02,18,MAW,MAW,A01,A01
procured_balancing_capacity,18,2026-05-23T14:15:00,PT15M,2026-05-23T14:30Z,2026-05-23T14:15Z,1,10.69,2,B95,EUR,A03,A02,18,MAW,MAW,A01,A01
procured_balancing_capacity,18,2026-05-23T14:30:00,PT15M,2026-05-23T14:45Z,2026-05-23T14:30Z,1,10.69,2,B95,EUR,A03,A02,18,MAW,MAW,A01,A01
procured_balancing_capacity,18,2026-05-23T14:45:00,PT15M,2026-05-23T15:00Z,2026-05-23T14:45Z,1,10.69,2,B95,EUR,A03,A02,18,MAW,MAW,A01,A01
procured_balancing_capacity,18,2026-05-23T15:00:00,PT15M,2026-05-23T15:15Z,2026-05-23T15:00Z,1,0,0,B95,EUR,A03,A02,18,MAW,MAW,A01,A01
procured_balancing_capacity,18,2026-05-23T15:15:00,PT15M,2026-05-23T15:30Z,2026-05-23T15:15Z,1,0,0,B95,EUR,A03,A02,18,MAW,MAW,A01,A01
procured_balancing_capacity,18,2026-05-23T15:30:00,PT15M,2026-05-23T15:45Z,2026-05-23T15:30Z,1,0,0,B95,EUR,A03,A02,18,MAW,MAW,A01,A01
procured_balancing_capacity,18,2026-05-23T15:45:00,PT15M,2026-05-23T16:00Z,2026-05-23T15:45Z,1,0,0,B95,EUR,A03,A02,18,MAW,MAW,A01,A01
procured_balancing_capacity,18,2026-05-23T16:00:00,PT15M,2026-05-23T16:15Z,2026-05-23T16:00Z,1,0,0,B95,EUR,A03,A02,18,MAW,MAW,A01,A01
procured_balancing_capacity,18,2026-05-23T16:15:00,PT15M,2026-05-23T16:30Z,2026-05-23T16:15Z,1,0,0,B95,EUR,A03,A02,18,MAW,MAW,A01,A01
procured_balancing_capacity,18,2026-05-23T16:30:00,PT15M,2026-05-23T16:45Z,2026-05-23T16:30Z,1,0,0,B95,EUR,A03,A02,18,MAW,MAW,A01,A01
procured_balancing_capacity,18,2026-05-23T16:45:00,PT15M,2026-05-23T17:00Z,2026-05-23T16:45Z,1,0,0,B95,EUR,A03,A02,18,MAW,MAW,A01,A01
procured_balancing_capacity,18,2026-05-23T17:00:00,PT15M,2026-05-23T17:15Z,2026-05-23T17:00Z,1,0,0,B95,EUR,A03,A02,18,MAW,MAW,A01,A01
procured_balancing_capacity,18,2026-05-23T17:15:00,PT15M,2026-05-23T17:30Z,2026-05-23T17:15Z,1,0,0,B95,EUR,A03,A02,18,MAW,MAW,A01,A01
procured_balancing_capacity,18,2026-05-23T17:30:00,PT15M,2026-05-23T17:45Z,2026-05-23T17:30Z,1,0,0,B95,EUR,A03,A02,18,MAW,MAW,A01,A01
procured_balancing_capacity,18,2026-05-23T17:45:00,PT15M,2026-05-23T18:00Z,2026-05-23T17:45Z,1,0,0,B95,EUR,A03,A02,18,MAW,MAW,A01,A01
procured_balancing_capacity,18,2026-05-23T18:00:00,PT15M,2026-05-23T18:15Z,2026-05-23T18:00Z,1,0,0,B95,EUR,A03,A02,18,MAW,MAW,A01,A01
procured_balancing_capacity,18,2026-05-23T18:15:00,PT15M,2026-05-23T18:30Z,2026-05-23T18:15Z,1,0,0,B95,EUR,A03,A02,18,MAW,MAW,A01,A01
procured_balancing_capacity,18,2026-05-23T18:30:00,PT15M,2026-05-23T18:45Z,2026-05-23T18:30Z,1,0,0,B95,EUR,A03,A02,18,MAW,MAW,A01,A01
procured_balancing_capacity,18,2026-05-23T18:45:00,PT15M,2026-05-23T19:00Z,2026-05-23T18:45Z,1,0,0,B95,EUR,A03,A02,18,MAW,MAW,A01,A01
procured_balancing_capacity,18,2026-05-23T19:00:00,PT15M,2026-05-23T19:15Z,2026-05-23T19:00Z,1,0,0,B95,EUR,A03,A02,18,MAW,MAW,A01,A01
procured_balancing_capacity,18,2026-05-23T19:15:00,PT15M,2026-05-23T19:30Z,2026-05-23T19:15Z,1,0,0,B95,EUR,A03,A02,18,MAW,MAW,A01,A01
procured_balancing_capacity,18,2026-05-23T19:30:00,PT15M,2026-05-23T19:45Z,2026-05-23T19:30Z,1,0,0,B95,EUR,A03,A02,18,MAW,MAW,A01,A01
procured_balancing_capacity,18,2026-05-23T19:45:00,PT15M,2026-05-23T20:00Z,2026-05-23T19:45Z,1,0,0,B95,EUR,A03,A02,18,MAW,MAW,A01,A01
procured_balancing_capacity,18,2026-05-23T20:00:00,PT15M,2026-05-23T20:15Z,2026-05-23T20:00Z,1,10.66,2,B95,EUR,A03,A02,18,MAW,MAW,A01,A01
procured_balancing_capacity,18,2026-05-23T20:15:00,PT15M,2026-05-23T20:30Z,2026-05-23T20:15Z,1,10.66,2,B95,EUR,A03,A02,18,MAW,MAW,A01,A01
procured_balancing_capacity,18,2026-05-23T20:30:00,PT15M,2026-05-23T20:45Z,2026-05-23T20:30Z,1,10.66,2,B95,EUR,A03,A02,18,MAW,MAW,A01,A01
procured_balancing_capacity,18,2026-05-23T20:45:00,PT15M,2026-05-23T21:00Z,2026-05-23T20:45Z,1,10.66,2,B95,EUR,A03,A02,18,MAW,MAW,A01,A01
procured_balancing_capacity,18,2026-05-23T21:00:00,PT15M,2026-05-23T21:15Z,2026-05-23T21:00Z,1,0,0,B95,EUR,A03,A02,18,MAW,MAW,A01,A01
procured_balancing_capacity,18,2026-05-23T21:15:00,PT15M,2026-05-23T21:30Z,2026-05-23T21:15Z,1,0,0,B95,EUR,A03,A02,18,MAW,MAW,A01,A01
procured_balancing_capacity,18,2026-05-23T21:30:00,PT15M,2026-05-23T21:45Z,2026-05-23T21:30Z,1,0,0,B95,EUR,A03,A02,18,MAW,MAW,A01,A01
procured_balancing_capacity,18,2026-05-23T21:45:00,PT15M,2026-05-23T22:00Z,2026-05-23T21:45Z,1,0,0,B95,EUR,A03,A02,18,MAW,MAW,A01,A01
procured_balancing_capacity,19,2026-05-23T22:00:00,PT15M,2026-05-23T22:15Z,2026-05-23T22:00Z,1,20,1,B95,EUR,A03,A01,19,MAW,MAW,A01,A01
procured_balancing_capacity,19,2026-05-23T22:15:00,PT15M,2026-05-23T22:30Z,2026-05-23T22:15Z,1,20,1,B95,EUR,A03,A01,19,MAW,MAW,A01,A01
procured_balancing_capacity,19,2026-05-23T22:30:00,PT15M,2026-05-23T22:45Z,2026-05-23T22:30Z,1,20,1,B95,EUR,A03,A01,19,MAW,MAW,A01,A01
procured_balancing_capacity,19,2026-05-23T22:45:00,PT15M,2026-05-23T23:00Z,2026-05-23T22:45Z,1,20,1,B95,EUR,A03,A01,19,MAW,MAW,A01,A01
procured_balancing_capacity,19,2026-05-23T23:00:00,PT15M,2026-05-23T23:15Z,2026-05-23T23:00Z,1,20,1,B95,EUR,A03,A01,19,MAW,MAW,A01,A01
procured_balancing_capacity,19,2026-05-23T23:15:00,PT15M,2026-05-23T23:30Z,2026-05-23T23:15Z,1,20,1,B95,EUR,A03,A01,19,MAW,MAW,A01,A01
procured_balancing_capacity,19,2026-05-23T23:30:00,PT15M,2026-05-23T23:45Z,2026-05-23T23:30Z,1,20,1,B95,EUR,A03,A01,19,MAW,MAW,A01,A01
procured_balancing_capacity,19,2026-05-23T23:45:00,PT15M,2026-05-24T00:00Z,2026-05-23T23:45Z,1,20,1,B95,EUR,A03,A01,19,MAW,MAW,A01,A01
procured_balancing_capacity,19,2026-05-24T00:00:00,PT15M,2026-05-24T00:15Z,2026-05-24T00:00Z,1,20,1,B95,EUR,A03,A01,19,MAW,MAW,A01,A01
procured_balancing_capacity,19,2026-05-24T00:15:00,PT15M,2026-05-24T00:30Z,2026-05-24T00:15Z,1,20,1,B95,EUR,A03,A01,19,MAW,MAW,A01,A01
procured_balancing_capacity,19,2026-05-24T00:30:00,PT15M,2026-05-24T00:45Z,2026-05-24T00:30Z,1,20,1,B95,EUR,A03,A01,19,MAW,MAW,A01,A01
procured_balancing_capacity,19,2026-05-24T00:45:00,PT15M,2026-05-24T01:00Z,2026-05-24T00:45Z,1,20,1,B95,EUR,A03,A01,19,MAW,MAW,A01,A01
procured_balancing_capacity,19,2026-05-24T01:00:00,PT15M,2026-05-24T01:15Z,2026-05-24T01:00Z,1,20,1,B95,EUR,A03,A01,19,MAW,MAW,A01,A01
procured_balancing_capacity,19,2026-05-24T01:15:00,PT15M,2026-05-24T01:30Z,2026-05-24T01:15Z,1,20,1,B95,EUR,A03,A01,19,MAW,MAW,A01,A01
procured_balancing_capacity,19,2026-05-24T01:30:00,PT15M,2026-05-24T01:45Z,2026-05-24T01:30Z,1,20,1,B95,EUR,A03,A01,19,MAW,MAW,A01,A01
procured_balancing_capacity,19,2026-05-24T01:45:00,PT15M,2026-05-24T02:00Z,2026-05-24T01:45Z,1,20,1,B95,EUR,A03,A01,19,MAW,MAW,A01,A01
procured_balancing_capacity,19,2026-05-24T02:00:00,PT15M,2026-05-24T02:15Z,2026-05-24T02:00Z,1,20,1,B95,EUR,A03,A01,19,MAW,MAW,A01,A01
procured_balancing_capacity,19,2026-05-24T02:15:00,PT15M,2026-05-24T02:30Z,2026-05-24T02:15Z,1,20,1,B95,EUR,A03,A01,19,MAW,MAW,A01,A01
procured_balancing_capacity,19,2026-05-24T02:30:00,PT15M,2026-05-24T02:45Z,2026-05-24T02:30Z,1,20,1,B95,EUR,A03,A01,19,MAW,MAW,A01,A01
procured_balancing_capacity,19,2026-05-24T02:45:00,PT15M,2026-05-24T03:00Z,2026-05-24T02:45Z,1,20,1,B95,EUR,A03,A01,19,MAW,MAW,A01,A01
procured_balancing_capacity,19,2026-05-24T03:00:00,PT15M,2026-05-24T03:15Z,2026-05-24T03:00Z,1,35,1,B95,EUR,A03,A01,19,MAW,MAW,A01,A01
procured_balancing_capacity,19,2026-05-24T03:15:00,PT15M,2026-05-24T03:30Z,2026-05-24T03:15Z,1,35,1,B95,EUR,A03,A01,19,MAW,MAW,A01,A01
procured_balancing_capacity,19,2026-05-24T03:30:00,PT15M,2026-05-24T03:45Z,2026-05-24T03:30Z,1,35,1,B95,EUR,A03,A01,19,MAW,MAW,A01,A01
procured_balancing_capacity,19,2026-05-24T03:45:00,PT15M,2026-05-24T04:00Z,2026-05-24T03:45Z,1,35,1,B95,EUR,A03,A01,19,MAW,MAW,A01,A01
procured_balancing_capacity,19,2026-05-24T04:00:00,PT15M,2026-05-24T04:15Z,2026-05-24T04:00Z,1,35,1,B95,EUR,A03,A01,19,MAW,MAW,A01,A01
procured_balancing_capacity,19,2026-05-24T04:15:00,PT15M,2026-05-24T04:30Z,2026-05-24T04:15Z,1,35,1,B95,EUR,A03,A01,19,MAW,MAW,A01,A01
procured_balancing_capacity,19,2026-05-24T04:30:00,PT15M,2026-05-24T04:45Z,2026-05-24T04:30Z,1,35,1,B95,EUR,A03,A01,19,MAW,MAW,A01,A01
procured_balancing_capacity,19,2026-05-24T04:45:00,PT15M,2026-05-24T05:00Z,2026-05-24T04:45Z,1,35,1,B95,EUR,A03,A01,19,MAW,MAW,A01,A01
procured_balancing_capacity,19,2026-05-24T05:00:00,PT15M,2026-05-24T05:15Z,2026-05-24T05:00Z,1,35,1,B95,EUR,A03,A01,19,MAW,MAW,A01,A01
procured_balancing_capacity,19,2026-05-24T05:15:00,PT15M,2026-05-24T05:30Z,2026-05-24T05:15Z,1,35,1,B95,EUR,A03,A01,19,MAW,MAW,A01,A01
procured_balancing_capacity,19,2026-05-24T05:30:00,PT15M,2026-05-24T05:45Z,2026-05-24T05:30Z,1,35,1,B95,EUR,A03,A01,19,MAW,MAW,A01,A01
procured_balancing_capacity,19,2026-05-24T05:45:00,PT15M,2026-05-24T06:00Z,2026-05-24T05:45Z,1,35,1,B95,EUR,A03,A01,19,MAW,MAW,A01,A01
procured_balancing_capacity,19,2026-05-24T06:00:00,PT15M,2026-05-24T06:15Z,2026-05-24T06:00Z,1,35,1,B95,EUR,A03,A01,19,MAW,MAW,A01,A01
procured_balancing_capacity,19,2026-05-24T06:15:00,PT15M,2026-05-24T06:30Z,2026-05-24T06:15Z,1,35,1,B95,EUR,A03,A01,19,MAW,MAW,A01,A01
procured_balancing_capacity,19,2026-05-24T06:30:00,PT15M,2026-05-24T06:45Z,2026-05-24T06:30Z,1,35,1,B95,EUR,A03,A01,19,MAW,MAW,A01,A01
procured_balancing_capacity,19,2026-05-24T06:45:00,PT15M,2026-05-24T07:00Z,2026-05-24T06:45Z,1,35,1,B95,EUR,A03,A01,19,MAW,MAW,A01,A01
procured_balancing_capacity,19,2026-05-24T07:00:00,PT15M,2026-05-24T07:15Z,2026-05-24T07:00Z,1,35,1,B95,EUR,A03,A01,19,MAW,MAW,A01,A01
procured_balancing_capacity,19,2026-05-24T07:15:00,PT15M,2026-05-24T07:30Z,2026-05-24T07:15Z,1,35,1,B95,EUR,A03,A01,19,MAW,MAW,A01,A01
procured_balancing_capacity,19,2026-05-24T07:30:00,PT15M,2026-05-24T07:45Z,2026-05-24T07:30Z,1,35,1,B95,EUR,A03,A01,19,MAW,MAW,A01,A01
procured_balancing_capacity,19,2026-05-24T07:45:00,PT15M,2026-05-24T08:00Z,2026-05-24T07:45Z,1,35,1,B95,EUR,A03,A01,19,MAW,MAW,A01,A01
procured_balancing_capacity,19,2026-05-24T08:00:00,PT15M,2026-05-24T08:15Z,2026-05-24T08:00Z,1,0,0,B95,EUR,A03,A01,19,MAW,MAW,A01,A01
procured_balancing_capacity,19,2026-05-24T08:15:00,PT15M,2026-05-24T08:30Z,2026-05-24T08:15Z,1,0,0,B95,EUR,A03,A01,19,MAW,MAW,A01,A01
procured_balancing_capacity,19,2026-05-24T08:30:00,PT15M,2026-05-24T08:45Z,2026-05-24T08:30Z,1,0,0,B95,EUR,A03,A01,19,MAW,MAW,A01,A01
procured_balancing_capacity,19,2026-05-24T08:45:00,PT15M,2026-05-24T09:00Z,2026-05-24T08:45Z,1,0,0,B95,EUR,A03,A01,19,MAW,MAW,A01,A01
procured_balancing_capacity,19,2026-05-24T09:00:00,PT15M,2026-05-24T09:15Z,2026-05-24T09:00Z,1,0,0,B95,EUR,A03,A01,19,MAW,MAW,A01,A01
procured_balancing_capacity,19,2026-05-24T09:15:00,PT15M,2026-05-24T09:30Z,2026-05-24T09:15Z,1,0,0,B95,EUR,A03,A01,19,MAW,MAW,A01,A01
procured_balancing_capacity,19,2026-05-24T09:30:00,PT15M,2026-05-24T09:45Z,2026-05-24T09:30Z,1,0,0,B95,EUR,A03,A01,19,MAW,MAW,A01,A01
procured_balancing_capacity,19,2026-05-24T09:45:00,PT15M,2026-05-24T10:00Z,2026-05-24T09:45Z,1,0,0,B95,EUR,A03,A01,19,MAW,MAW,A01,A01
procured_balancing_capacity,19,2026-05-24T10:00:00,PT15M,2026-05-24T10:15Z,2026-05-24T10:00Z,1,35,1,B95,EUR,A03,A01,19,MAW,MAW,A01,A01
procured_balancing_capacity,19,2026-05-24T10:15:00,PT15M,2026-05-24T10:30Z,2026-05-24T10:15Z,1,35,1,B95,EUR,A03,A01,19,MAW,MAW,A01,A01
procured_balancing_capacity,19,2026-05-24T10:30:00,PT15M,2026-05-24T10:45Z,2026-05-24T10:30Z,1,35,1,B95,EUR,A03,A01,19,MAW,MAW,A01,A01
procured_balancing_capacity,19,2026-05-24T10:45:00,PT15M,2026-05-24T11:00Z,2026-05-24T10:45Z,1,35,1,B95,EUR,A03,A01,19,MAW,MAW,A01,A01
procured_balancing_capacity,19,2026-05-24T11:00:00,PT15M,2026-05-24T11:15Z,2026-05-24T11:00Z,1,35,1,B95,EUR,A03,A01,19,MAW,MAW,A01,A01
procured_balancing_capacity,19,2026-05-24T11:15:00,PT15M,2026-05-24T11:30Z,2026-05-24T11:15Z,1,35,1,B95,EUR,A03,A01,19,MAW,MAW,A01,A01
procured_balancing_capacity,19,2026-05-24T11:30:00,PT15M,2026-05-24T11:45Z,2026-05-24T11:30Z,1,35,1,B95,EUR,A03,A01,19,MAW,MAW,A01,A01
procured_balancing_capacity,19,2026-05-24T11:45:00,PT15M,2026-05-24T12:00Z,2026-05-24T11:45Z,1,35,1,B95,EUR,A03,A01,19,MAW,MAW,A01,A01
procured_balancing_capacity,19,2026-05-24T12:00:00,PT15M,2026-05-24T12:15Z,2026-05-24T12:00Z,1,35,1,B95,EUR,A03,A01,19,MAW,MAW,A01,A01
procured_balancing_capacity,19,2026-05-24T12:15:00,PT15M,2026-05-24T12:30Z,2026-05-24T12:15Z,1,35,1,B95,EUR,A03,A01,19,MAW,MAW,A01,A01
procured_balancing_capacity,19,2026-05-24T12:30:00,PT15M,2026-05-24T12:45Z,2026-05-24T12:30Z,1,35,1,B95,EUR,A03,A01,19,MAW,MAW,A01,A01
procured_balancing_capacity,19,2026-05-24T12:45:00,PT15M,2026-05-24T13:00Z,2026-05-24T12:45Z,1,35,1,B95,EUR,A03,A01,19,MAW,MAW,A01,A01
procured_balancing_capacity,19,2026-05-24T13:00:00,PT15M,2026-05-24T13:15Z,2026-05-24T13:00Z,1,35,1,B95,EUR,A03,A01,19,MAW,MAW,A01,A01
procured_balancing_capacity,19,2026-05-24T13:15:00,PT15M,2026-05-24T13:30Z,2026-05-24T13:15Z,1,35,1,B95,EUR,A03,A01,19,MAW,MAW,A01,A01
procured_balancing_capacity,19,2026-05-24T13:30:00,PT15M,2026-05-24T13:45Z,2026-05-24T13:30Z,1,35,1,B95,EUR,A03,A01,19,MAW,MAW,A01,A01
procured_balancing_capacity,19,2026-05-24T13:45:00,PT15M,2026-05-24T14:00Z,2026-05-24T13:45Z,1,35,1,B95,EUR,A03,A01,19,MAW,MAW,A01,A01
procured_balancing_capacity,19,2026-05-24T14:00:00,PT15M,2026-05-24T14:15Z,2026-05-24T14:00Z,1,0,0,B95,EUR,A03,A01,19,MAW,MAW,A01,A01
procured_balancing_capacity,19,2026-05-24T14:15:00,PT15M,2026-05-24T14:30Z,2026-05-24T14:15Z,1,0,0,B95,EUR,A03,A01,19,MAW,MAW,A01,A01
procured_balancing_capacity,19,2026-05-24T14:30:00,PT15M,2026-05-24T14:45Z,2026-05-24T14:30Z,1,0,0,B95,EUR,A03,A01,19,MAW,MAW,A01,A01
procured_balancing_capacity,19,2026-05-24T14:45:00,PT15M,2026-05-24T15:00Z,2026-05-24T14:45Z,1,0,0,B95,EUR,A03,A01,19,MAW,MAW,A01,A01
procured_balancing_capacity,19,2026-05-24T15:00:00,PT15M,2026-05-24T15:15Z,2026-05-24T15:00Z,1,35,1,B95,EUR,A03,A01,19,MAW,MAW,A01,A01
procured_balancing_capacity,19,2026-05-24T15:15:00,PT15M,2026-05-24T15:30Z,2026-05-24T15:15Z,1,35,1,B95,EUR,A03,A01,19,MAW,MAW,A01,A01
procured_balancing_capacity,19,2026-05-24T15:30:00,PT15M,2026-05-24T15:45Z,2026-05-24T15:30Z,1,35,1,B95,EUR,A03,A01,19,MAW,MAW,A01,A01
procured_balancing_capacity,19,2026-05-24T15:45:00,PT15M,2026-05-24T16:00Z,2026-05-24T15:45Z,1,35,1,B95,EUR,A03,A01,19,MAW,MAW,A01,A01
procured_balancing_capacity,19,2026-05-24T16:00:00,PT15M,2026-05-24T16:15Z,2026-05-24T16:00Z,1,35,1,B95,EUR,A03,A01,19,MAW,MAW,A01,A01
procured_balancing_capacity,19,2026-05-24T16:15:00,PT15M,2026-05-24T16:30Z,2026-05-24T16:15Z,1,35,1,B95,EUR,A03,A01,19,MAW,MAW,A01,A01
procured_balancing_capacity,19,2026-05-24T16:30:00,PT15M,2026-05-24T16:45Z,2026-05-24T16:30Z,1,35,1,B95,EUR,A03,A01,19,MAW,MAW,A01,A01
procured_balancing_capacity,19,2026-05-24T16:45:00,PT15M,2026-05-24T17:00Z,2026-05-24T16:45Z,1,35,1,B95,EUR,A03,A01,19,MAW,MAW,A01,A01
procured_balancing_capacity,19,2026-05-24T17:00:00,PT15M,2026-05-24T17:15Z,2026-05-24T17:00Z,1,35,1,B95,EUR,A03,A01,19,MAW,MAW,A01,A01
procured_balancing_capacity,19,2026-05-24T17:15:00,PT15M,2026-05-24T17:30Z,2026-05-24T17:15Z,1,35,1,B95,EUR,A03,A01,19,MAW,MAW,A01,A01
procured_balancing_capacity,19,2026-05-24T17:30:00,PT15M,2026-05-24T17:45Z,2026-05-24T17:30Z,1,35,1,B95,EUR,A03,A01,19,MAW,MAW,A01,A01
procured_balancing_capacity,19,2026-05-24T17:45:00,PT15M,2026-05-24T18:00Z,2026-05-24T17:45Z,1,35,1,B95,EUR,A03,A01,19,MAW,MAW,A01,A01
procured_balancing_capacity,19,2026-05-24T18:00:00,PT15M,2026-05-24T18:15Z,2026-05-24T18:00Z,1,35,1,B95,EUR,A03,A01,19,MAW,MAW,A01,A01
procured_balancing_capacity,19,2026-05-24T18:15:00,PT15M,2026-05-24T18:30Z,2026-05-24T18:15Z,1,35,1,B95,EUR,A03,A01,19,MAW,MAW,A01,A01
procured_balancing_capacity,19,2026-05-24T18:30:00,PT15M,2026-05-24T18:45Z,2026-05-24T18:30Z,1,35,1,B95,EUR,A03,A01,19,MAW,MAW,A01,A01
procured_balancing_capacity,19,2026-05-24T18:45:00,PT15M,2026-05-24T19:00Z,2026-05-24T18:45Z,1,35,1,B95,EUR,A03,A01,19,MAW,MAW,A01,A01
procured_balancing_capacity,19,2026-05-24T19:00:00,PT15M,2026-05-24T19:15Z,2026-05-24T19:00Z,1,35,1,B95,EUR,A03,A01,19,MAW,MAW,A01,A01
procured_balancing_capacity,19,2026-05-24T19:15:00,PT15M,2026-05-24T19:30Z,2026-05-24T19:15Z,1,35,1,B95,EUR,A03,A01,19,MAW,MAW,A01,A01
procured_balancing_capacity,19,2026-05-24T19:30:00,PT15M,2026-05-24T19:45Z,2026-05-24T19:30Z,1,35,1,B95,EUR,A03,A01,19,MAW,MAW,A01,A01
procured_balancing_capacity,19,2026-05-24T19:45:00,PT15M,2026-05-24T20:00Z,2026-05-24T19:45Z,1,35,1,B95,EUR,A03,A01,19,MAW,MAW,A01,A01
procured_balancing_capacity,19,2026-05-24T20:00:00,PT15M,2026-05-24T20:15Z,2026-05-24T20:00Z,1,20,1,B95,EUR,A03,A01,19,MAW,MAW,A01,A01
procured_balancing_capacity,19,2026-05-24T20:15:00,PT15M,2026-05-24T20:30Z,2026-05-24T20:15Z,1,20,1,B95,EUR,A03,A01,19,MAW,MAW,A01,A01
procured_balancing_capacity,19,2026-05-24T20:30:00,PT15M,2026-05-24T20:45Z,2026-05-24T20:30Z,1,20,1,B95,EUR,A03,A01,19,MAW,MAW,A01,A01
procured_balancing_capacity,19,2026-05-24T20:45:00,PT15M,2026-05-24T21:00Z,2026-05-24T20:45Z,1,20,1,B95,EUR,A03,A01,19,MAW,MAW,A01,A01
procured_balancing_capacity,19,2026-05-24T21:00:00,PT15M,2026-05-24T21:15Z,2026-05-24T21:00Z,1,20,1,B95,EUR,A03,A01,19,MAW,MAW,A01,A01
procured_balancing_capacity,19,2026-05-24T21:15:00,PT15M,2026-05-24T21:30Z,2026-05-24T21:15Z,1,20,1,B95,EUR,A03,A01,19,MAW,MAW,A01,A01
procured_balancing_capacity,19,2026-05-24T21:30:00,PT15M,2026-05-24T21:45Z,2026-05-24T21:30Z,1,20,1,B95,EUR,A03,A01,19,MAW,MAW,A01,A01
procured_balancing_capacity,19,2026-05-24T21:45:00,PT15M,2026-05-24T22:00Z,2026-05-24T21:45Z,1,20,1,B95,EUR,A03,A01,19,MAW,MAW,A01,A01
procured_balancing_capacity,20,2026-05-23T22:00:00,PT15M,2026-05-23T22:15Z,2026-05-23T22:00Z,1,14.4,5,B95,EUR,A03,A01,20,MAW,MAW,A01,A01
procured_balancing_capacity,20,2026-05-23T22:15:00,PT15M,2026-05-23T22:30Z,2026-05-23T22:15Z,1,14.4,5,B95,EUR,A03,A01,20,MAW,MAW,A01,A01
procured_balancing_capacity,20,2026-05-23T22:30:00,PT15M,2026-05-23T22:45Z,2026-05-23T22:30Z,1,14.4,5,B95,EUR,A03,A01,20,MAW,MAW,A01,A01
procured_balancing_capacity,20,2026-05-23T22:45:00,PT15M,2026-05-23T23:00Z,2026-05-23T22:45Z,1,14.4,5,B95,EUR,A03,A01,20,MAW,MAW,A01,A01
procured_balancing_capacity,20,2026-05-23T23:00:00,PT15M,2026-05-23T23:15Z,2026-05-23T23:00Z,1,14.4,5,B95,EUR,A03,A01,20,MAW,MAW,A01,A01
procured_balancing_capacity,20,2026-05-23T23:15:00,PT15M,2026-05-23T23:30Z,2026-05-23T23:15Z,1,14.4,5,B95,EUR,A03,A01,20,MAW,MAW,A01,A01
procured_balancing_capacity,20,2026-05-23T23:30:00,PT15M,2026-05-23T23:45Z,2026-05-23T23:30Z,1,14.4,5,B95,EUR,A03,A01,20,MAW,MAW,A01,A01
procured_balancing_capacity,20,2026-05-23T23:45:00,PT15M,2026-05-24T00:00Z,2026-05-23T23:45Z,1,14.4,5,B95,EUR,A03,A01,20,MAW,MAW,A01,A01
procured_balancing_capacity,20,2026-05-24T00:00:00,PT15M,2026-05-24T00:15Z,2026-05-24T00:00Z,1,14.4,5,B95,EUR,A03,A01,20,MAW,MAW,A01,A01
procured_balancing_capacity,20,2026-05-24T00:15:00,PT15M,2026-05-24T00:30Z,2026-05-24T00:15Z,1,14.4,5,B95,EUR,A03,A01,20,MAW,MAW,A01,A01
procured_balancing_capacity,20,2026-05-24T00:30:00,PT15M,2026-05-24T00:45Z,2026-05-24T00:30Z,1,14.4,5,B95,EUR,A03,A01,20,MAW,MAW,A01,A01
procured_balancing_capacity,20,2026-05-24T00:45:00,PT15M,2026-05-24T01:00Z,2026-05-24T00:45Z,1,14.4,5,B95,EUR,A03,A01,20,MAW,MAW,A01,A01
procured_balancing_capacity,20,2026-05-24T01:00:00,PT15M,2026-05-24T01:15Z,2026-05-24T01:00Z,1,14.4,3,B95,EUR,A03,A01,20,MAW,MAW,A01,A01
procured_balancing_capacity,20,2026-05-24T01:15:00,PT15M,2026-05-24T01:30Z,2026-05-24T01:15Z,1,14.4,3,B95,EUR,A03,A01,20,MAW,MAW,A01,A01
procured_balancing_capacity,20,2026-05-24T01:30:00,PT15M,2026-05-24T01:45Z,2026-05-24T01:30Z,1,14.4,3,B95,EUR,A03,A01,20,MAW,MAW,A01,A01
procured_balancing_capacity,20,2026-05-24T01:45:00,PT15M,2026-05-24T02:00Z,2026-05-24T01:45Z,1,14.4,3,B95,EUR,A03,A01,20,MAW,MAW,A01,A01
procured_balancing_capacity,20,2026-05-24T02:00:00,PT15M,2026-05-24T02:15Z,2026-05-24T02:00Z,1,14.4,2,B95,EUR,A03,A01,20,MAW,MAW,A01,A01
procured_balancing_capacity,20,2026-05-24T02:15:00,PT15M,2026-05-24T02:30Z,2026-05-24T02:15Z,1,14.4,2,B95,EUR,A03,A01,20,MAW,MAW,A01,A01
procured_balancing_capacity,20,2026-05-24T02:30:00,PT15M,2026-05-24T02:45Z,2026-05-24T02:30Z,1,14.4,2,B95,EUR,A03,A01,20,MAW,MAW,A01,A01
procured_balancing_capacity,20,2026-05-24T02:45:00,PT15M,2026-05-24T03:00Z,2026-05-24T02:45Z,1,14.4,2,B95,EUR,A03,A01,20,MAW,MAW,A01,A01
procured_balancing_capacity,20,2026-05-24T03:00:00,PT15M,2026-05-24T03:15Z,2026-05-24T03:00Z,1,14.4,0,B95,EUR,A03,A01,20,MAW,MAW,A01,A01
procured_balancing_capacity,20,2026-05-24T03:15:00,PT15M,2026-05-24T03:30Z,2026-05-24T03:15Z,1,14.4,0,B95,EUR,A03,A01,20,MAW,MAW,A01,A01
procured_balancing_capacity,20,2026-05-24T03:30:00,PT15M,2026-05-24T03:45Z,2026-05-24T03:30Z,1,14.4,0,B95,EUR,A03,A01,20,MAW,MAW,A01,A01
procured_balancing_capacity,20,2026-05-24T03:45:00,PT15M,2026-05-24T04:00Z,2026-05-24T03:45Z,1,14.4,0,B95,EUR,A03,A01,20,MAW,MAW,A01,A01
procured_balancing_capacity,20,2026-05-24T04:00:00,PT15M,2026-05-24T04:15Z,2026-05-24T04:00Z,1,34.9,0,B95,EUR,A03,A01,20,MAW,MAW,A01,A01
procured_balancing_capacity,20,2026-05-24T04:15:00,PT15M,2026-05-24T04:30Z,2026-05-24T04:15Z,1,34.9,0,B95,EUR,A03,A01,20,MAW,MAW,A01,A01
procured_balancing_capacity,20,2026-05-24T04:30:00,PT15M,2026-05-24T04:45Z,2026-05-24T04:30Z,1,34.9,0,B95,EUR,A03,A01,20,MAW,MAW,A01,A01
procured_balancing_capacity,20,2026-05-24T04:45:00,PT15M,2026-05-24T05:00Z,2026-05-24T04:45Z,1,34.9,0,B95,EUR,A03,A01,20,MAW,MAW,A01,A01
procured_balancing_capacity,20,2026-05-24T05:00:00,PT15M,2026-05-24T05:15Z,2026-05-24T05:00Z,1,34.9,0,B95,EUR,A03,A01,20,MAW,MAW,A01,A01
procured_balancing_capacity,20,2026-05-24T05:15:00,PT15M,2026-05-24T05:30Z,2026-05-24T05:15Z,1,34.9,0,B95,EUR,A03,A01,20,MAW,MAW,A01,A01
procured_balancing_capacity,20,2026-05-24T05:30:00,PT15M,2026-05-24T05:45Z,2026-05-24T05:30Z,1,34.9,0,B95,EUR,A03,A01,20,MAW,MAW,A01,A01
procured_balancing_capacity,20,2026-05-24T05:45:00,PT15M,2026-05-24T06:00Z,2026-05-24T05:45Z,1,34.9,0,B95,EUR,A03,A01,20,MAW,MAW,A01,A01
procured_balancing_capacity,20,2026-05-24T06:00:00,PT15M,2026-05-24T06:15Z,2026-05-24T06:00Z,1,34.9,1,B95,EUR,A03,A01,20,MAW,MAW,A01,A01
procured_balancing_capacity,20,2026-05-24T06:15:00,PT15M,2026-05-24T06:30Z,2026-05-24T06:15Z,1,34.9,1,B95,EUR,A03,A01,20,MAW,MAW,A01,A01
procured_balancing_capacity,20,2026-05-24T06:30:00,PT15M,2026-05-24T06:45Z,2026-05-24T06:30Z,1,34.9,1,B95,EUR,A03,A01,20,MAW,MAW,A01,A01
procured_balancing_capacity,20,2026-05-24T06:45:00,PT15M,2026-05-24T07:00Z,2026-05-24T06:45Z,1,34.9,1,B95,EUR,A03,A01,20,MAW,MAW,A01,A01
procured_balancing_capacity,20,2026-05-24T07:00:00,PT15M,2026-05-24T07:15Z,2026-05-24T07:00Z,1,34.9,0,B95,EUR,A03,A01,20,MAW,MAW,A01,A01
procured_balancing_capacity,20,2026-05-24T07:15:00,PT15M,2026-05-24T07:30Z,2026-05-24T07:15Z,1,34.9,0,B95,EUR,A03,A01,20,MAW,MAW,A01,A01
procured_balancing_capacity,20,2026-05-24T07:30:00,PT15M,2026-05-24T07:45Z,2026-05-24T07:30Z,1,34.9,0,B95,EUR,A03,A01,20,MAW,MAW,A01,A01
procured_balancing_capacity,20,2026-05-24T07:45:00,PT15M,2026-05-24T08:00Z,2026-05-24T07:45Z,1,34.9,0,B95,EUR,A03,A01,20,MAW,MAW,A01,A01
procured_balancing_capacity,20,2026-05-24T08:00:00,PT15M,2026-05-24T08:15Z,2026-05-24T08:00Z,1,34.9,0,B95,EUR,A03,A01,20,MAW,MAW,A01,A01
procured_balancing_capacity,20,2026-05-24T08:15:00,PT15M,2026-05-24T08:30Z,2026-05-24T08:15Z,1,34.9,0,B95,EUR,A03,A01,20,MAW,MAW,A01,A01
procured_balancing_capacity,20,2026-05-24T08:30:00,PT15M,2026-05-24T08:45Z,2026-05-24T08:30Z,1,34.9,0,B95,EUR,A03,A01,20,MAW,MAW,A01,A01
procured_balancing_capacity,20,2026-05-24T08:45:00,PT15M,2026-05-24T09:00Z,2026-05-24T08:45Z,1,34.9,0,B95,EUR,A03,A01,20,MAW,MAW,A01,A01
procured_balancing_capacity,20,2026-05-24T09:00:00,PT15M,2026-05-24T09:15Z,2026-05-24T09:00Z,1,34.9,0,B95,EUR,A03,A01,20,MAW,MAW,A01,A01
procured_balancing_capacity,20,2026-05-24T09:15:00,PT15M,2026-05-24T09:30Z,2026-05-24T09:15Z,1,34.9,0,B95,EUR,A03,A01,20,MAW,MAW,A01,A01
procured_balancing_capacity,20,2026-05-24T09:30:00,PT15M,2026-05-24T09:45Z,2026-05-24T09:30Z,1,34.9,0,B95,EUR,A03,A01,20,MAW,MAW,A01,A01
procured_balancing_capacity,20,2026-05-24T09:45:00,PT15M,2026-05-24T10:00Z,2026-05-24T09:45Z,1,34.9,0,B95,EUR,A03,A01,20,MAW,MAW,A01,A01
procured_balancing_capacity,20,2026-05-24T10:00:00,PT15M,2026-05-24T10:15Z,2026-05-24T10:00Z,1,34.9,0,B95,EUR,A03,A01,20,MAW,MAW,A01,A01
procured_balancing_capacity,20,2026-05-24T10:15:00,PT15M,2026-05-24T10:30Z,2026-05-24T10:15Z,1,34.9,0,B95,EUR,A03,A01,20,MAW,MAW,A01,A01
procured_balancing_capacity,20,2026-05-24T10:30:00,PT15M,2026-05-24T10:45Z,2026-05-24T10:30Z,1,34.9,0,B95,EUR,A03,A01,20,MAW,MAW,A01,A01
procured_balancing_capacity,20,2026-05-24T10:45:00,PT15M,2026-05-24T11:00Z,2026-05-24T10:45Z,1,34.9,0,B95,EUR,A03,A01,20,MAW,MAW,A01,A01
procured_balancing_capacity,20,2026-05-24T11:00:00,PT15M,2026-05-24T11:15Z,2026-05-24T11:00Z,1,34.9,0,B95,EUR,A03,A01,20,MAW,MAW,A01,A01
procured_balancing_capacity,20,2026-05-24T11:15:00,PT15M,2026-05-24T11:30Z,2026-05-24T11:15Z,1,34.9,0,B95,EUR,A03,A01,20,MAW,MAW,A01,A01
procured_balancing_capacity,20,2026-05-24T11:30:00,PT15M,2026-05-24T11:45Z,2026-05-24T11:30Z,1,34.9,0,B95,EUR,A03,A01,20,MAW,MAW,A01,A01
procured_balancing_capacity,20,2026-05-24T11:45:00,PT15M,2026-05-24T12:00Z,2026-05-24T11:45Z,1,34.9,0,B95,EUR,A03,A01,20,MAW,MAW,A01,A01
procured_balancing_capacity,20,2026-05-24T12:00:00,PT15M,2026-05-24T12:15Z,2026-05-24T12:00Z,1,34.9,0,B95,EUR,A03,A01,20,MAW,MAW,A01,A01
procured_balancing_capacity,20,2026-05-24T12:15:00,PT15M,2026-05-24T12:30Z,2026-05-24T12:15Z,1,34.9,0,B95,EUR,A03,A01,20,MAW,MAW,A01,A01
procured_balancing_capacity,20,2026-05-24T12:30:00,PT15M,2026-05-24T12:45Z,2026-05-24T12:30Z,1,34.9,0,B95,EUR,A03,A01,20,MAW,MAW,A01,A01
procured_balancing_capacity,20,2026-05-24T12:45:00,PT15M,2026-05-24T13:00Z,2026-05-24T12:45Z,1,34.9,0,B95,EUR,A03,A01,20,MAW,MAW,A01,A01
procured_balancing_capacity,20,2026-05-24T13:00:00,PT15M,2026-05-24T13:15Z,2026-05-24T13:00Z,1,34.9,0,B95,EUR,A03,A01,20,MAW,MAW,A01,A01
procured_balancing_capacity,20,2026-05-24T13:15:00,PT15M,2026-05-24T13:30Z,2026-05-24T13:15Z,1,34.9,0,B95,EUR,A03,A01,20,MAW,MAW,A01,A01
procured_balancing_capacity,20,2026-05-24T13:30:00,PT15M,2026-05-24T13:45Z,2026-05-24T13:30Z,1,34.9,0,B95,EUR,A03,A01,20,MAW,MAW,A01,A01
procured_balancing_capacity,20,2026-05-24T13:45:00,PT15M,2026-05-24T14:00Z,2026-05-24T13:45Z,1,34.9,0,B95,EUR,A03,A01,20,MAW,MAW,A01,A01
procured_balancing_capacity,20,2026-05-24T14:00:00,PT15M,2026-05-24T14:15Z,2026-05-24T14:00Z,1,34.9,0,B95,EUR,A03,A01,20,MAW,MAW,A01,A01
procured_balancing_capacity,20,2026-05-24T14:15:00,PT15M,2026-05-24T14:30Z,2026-05-24T14:15Z,1,34.9,0,B95,EUR,A03,A01,20,MAW,MAW,A01,A01
procured_balancing_capacity,20,2026-05-24T14:30:00,PT15M,2026-05-24T14:45Z,2026-05-24T14:30Z,1,34.9,0,B95,EUR,A03,A01,20,MAW,MAW,A01,A01
procured_balancing_capacity,20,2026-05-24T14:45:00,PT15M,2026-05-24T15:00Z,2026-05-24T14:45Z,1,34.9,0,B95,EUR,A03,A01,20,MAW,MAW,A01,A01
procured_balancing_capacity,20,2026-05-24T15:00:00,PT15M,2026-05-24T15:15Z,2026-05-24T15:00Z,1,34.9,1,B95,EUR,A03,A01,20,MAW,MAW,A01,A01
procured_balancing_capacity,20,2026-05-24T15:15:00,PT15M,2026-05-24T15:30Z,2026-05-24T15:15Z,1,34.9,1,B95,EUR,A03,A01,20,MAW,MAW,A01,A01
procured_balancing_capacity,20,2026-05-24T15:30:00,PT15M,2026-05-24T15:45Z,2026-05-24T15:30Z,1,34.9,1,B95,EUR,A03,A01,20,MAW,MAW,A01,A01
procured_balancing_capacity,20,2026-05-24T15:45:00,PT15M,2026-05-24T16:00Z,2026-05-24T15:45Z,1,34.9,1,B95,EUR,A03,A01,20,MAW,MAW,A01,A01
procured_balancing_capacity,20,2026-05-24T16:00:00,PT15M,2026-05-24T16:15Z,2026-05-24T16:00Z,1,34.9,2,B95,EUR,A03,A01,20,MAW,MAW,A01,A01
procured_balancing_capacity,20,2026-05-24T16:15:00,PT15M,2026-05-24T16:30Z,2026-05-24T16:15Z,1,34.9,2,B95,EUR,A03,A01,20,MAW,MAW,A01,A01
procured_balancing_capacity,20,2026-05-24T16:30:00,PT15M,2026-05-24T16:45Z,2026-05-24T16:30Z,1,34.9,2,B95,EUR,A03,A01,20,MAW,MAW,A01,A01
procured_balancing_capacity,20,2026-05-24T16:45:00,PT15M,2026-05-24T17:00Z,2026-05-24T16:45Z,1,34.9,2,B95,EUR,A03,A01,20,MAW,MAW,A01,A01
procured_balancing_capacity,20,2026-05-24T17:00:00,PT15M,2026-05-24T17:15Z,2026-05-24T17:00Z,1,34.9,0,B95,EUR,A03,A01,20,MAW,MAW,A01,A01
procured_balancing_capacity,20,2026-05-24T17:15:00,PT15M,2026-05-24T17:30Z,2026-05-24T17:15Z,1,34.9,0,B95,EUR,A03,A01,20,MAW,MAW,A01,A01
procured_balancing_capacity,20,2026-05-24T17:30:00,PT15M,2026-05-24T17:45Z,2026-05-24T17:30Z,1,34.9,0,B95,EUR,A03,A01,20,MAW,MAW,A01,A01
procured_balancing_capacity,20,2026-05-24T17:45:00,PT15M,2026-05-24T18:00Z,2026-05-24T17:45Z,1,34.9,0,B95,EUR,A03,A01,20,MAW,MAW,A01,A01
procured_balancing_capacity,20,2026-05-24T18:00:00,PT15M,2026-05-24T18:15Z,2026-05-24T18:00Z,1,34.9,0,B95,EUR,A03,A01,20,MAW,MAW,A01,A01
procured_balancing_capacity,20,2026-05-24T18:15:00,PT15M,2026-05-24T18:30Z,2026-05-24T18:15Z,1,34.9,0,B95,EUR,A03,A01,20,MAW,MAW,A01,A01
procured_balancing_capacity,20,2026-05-24T18:30:00,PT15M,2026-05-24T18:45Z,2026-05-24T18:30Z,1,34.9,0,B95,EUR,A03,A01,20,MAW,MAW,A01,A01
procured_balancing_capacity,20,2026-05-24T18:45:00,PT15M,2026-05-24T19:00Z,2026-05-24T18:45Z,1,34.9,0,B95,EUR,A03,A01,20,MAW,MAW,A01,A01
procured_balancing_capacity,20,2026-05-24T19:00:00,PT15M,2026-05-24T19:15Z,2026-05-24T19:00Z,1,34.9,0,B95,EUR,A03,A01,20,MAW,MAW,A01,A01
procured_balancing_capacity,20,2026-05-24T19:15:00,PT15M,2026-05-24T19:30Z,2026-05-24T19:15Z,1,34.9,0,B95,EUR,A03,A01,20,MAW,MAW,A01,A01
procured_balancing_capacity,20,2026-05-24T19:30:00,PT15M,2026-05-24T19:45Z,2026-05-24T19:30Z,1,34.9,0,B95,EUR,A03,A01,20,MAW,MAW,A01,A01
procured_balancing_capacity,20,2026-05-24T19:45:00,PT15M,2026-05-24T20:00Z,2026-05-24T19:45Z,1,34.9,0,B95,EUR,A03,A01,20,MAW,MAW,A01,A01
procured_balancing_capacity,20,2026-05-24T20:00:00,PT15M,2026-05-24T20:15Z,2026-05-24T20:00Z,1,14.4,5,B95,EUR,A03,A01,20,MAW,MAW,A01,A01
procured_balancing_capacity,20,2026-05-24T20:15:00,PT15M,2026-05-24T20:30Z,2026-05-24T20:15Z,1,14.4,5,B95,EUR,A03,A01,20,MAW,MAW,A01,A01
procured_balancing_capacity,20,2026-05-24T20:30:00,PT15M,2026-05-24T20:45Z,2026-05-24T20:30Z,1,14.4,5,B95,EUR,A03,A01,20,MAW,MAW,A01,A01
procured_balancing_capacity,20,2026-05-24T20:45:00,PT15M,2026-05-24T21:00Z,2026-05-24T20:45Z,1,14.4,5,B95,EUR,A03,A01,20,MAW,MAW,A01,A01
procured_balancing_capacity,20,2026-05-24T21:00:00,PT15M,2026-05-24T21:15Z,2026-05-24T21:00Z,1,14.4,5,B95,EUR,A03,A01,20,MAW,MAW,A01,A01
procured_balancing_capacity,20,2026-05-24T21:15:00,PT15M,2026-05-24T21:30Z,2026-05-24T21:15Z,1,14.4,5,B95,EUR,A03,A01,20,MAW,MAW,A01,A01
procured_balancing_capacity,20,2026-05-24T21:30:00,PT15M,2026-05-24T21:45Z,2026-05-24T21:30Z,1,14.4,5,B95,EUR,A03,A01,20,MAW,MAW,A01,A01
procured_balancing_capacity,20,2026-05-24T21:45:00,PT15M,2026-05-24T22:00Z,2026-05-24T21:45Z,1,14.4,5,B95,EUR,A03,A01,20,MAW,MAW,A01,A01
procured_balancing_capacity,21,2026-05-23T22:00:00,PT15M,2026-05-23T22:15Z,2026-05-23T22:00Z,1,9.9,0,B95,EUR,A03,A02,21,MAW,MAW,A01,A01
procured_balancing_capacity,21,2026-05-23T22:15:00,PT15M,2026-05-23T22:30Z,2026-05-23T22:15Z,1,9.9,0,B95,EUR,A03,A02,21,MAW,MAW,A01,A01
procured_balancing_capacity,21,2026-05-23T22:30:00,PT15M,2026-05-23T22:45Z,2026-05-23T22:30Z,1,9.9,0,B95,EUR,A03,A02,21,MAW,MAW,A01,A01
procured_balancing_capacity,21,2026-05-23T22:45:00,PT15M,2026-05-23T23:00Z,2026-05-23T22:45Z,1,9.9,0,B95,EUR,A03,A02,21,MAW,MAW,A01,A01
procured_balancing_capacity,21,2026-05-23T23:00:00,PT15M,2026-05-23T23:15Z,2026-05-23T23:00Z,1,9.9,0,B95,EUR,A03,A02,21,MAW,MAW,A01,A01
procured_balancing_capacity,21,2026-05-23T23:15:00,PT15M,2026-05-23T23:30Z,2026-05-23T23:15Z,1,9.9,0,B95,EUR,A03,A02,21,MAW,MAW,A01,A01
procured_balancing_capacity,21,2026-05-23T23:30:00,PT15M,2026-05-23T23:45Z,2026-05-23T23:30Z,1,9.9,0,B95,EUR,A03,A02,21,MAW,MAW,A01,A01
procured_balancing_capacity,21,2026-05-23T23:45:00,PT15M,2026-05-24T00:00Z,2026-05-23T23:45Z,1,9.9,0,B95,EUR,A03,A02,21,MAW,MAW,A01,A01
procured_balancing_capacity,21,2026-05-24T00:00:00,PT15M,2026-05-24T00:15Z,2026-05-24T00:00Z,1,9.9,0,B95,EUR,A03,A02,21,MAW,MAW,A01,A01
procured_balancing_capacity,21,2026-05-24T00:15:00,PT15M,2026-05-24T00:30Z,2026-05-24T00:15Z,1,9.9,0,B95,EUR,A03,A02,21,MAW,MAW,A01,A01
procured_balancing_capacity,21,2026-05-24T00:30:00,PT15M,2026-05-24T00:45Z,2026-05-24T00:30Z,1,9.9,0,B95,EUR,A03,A02,21,MAW,MAW,A01,A01
procured_balancing_capacity,21,2026-05-24T00:45:00,PT15M,2026-05-24T01:00Z,2026-05-24T00:45Z,1,9.9,0,B95,EUR,A03,A02,21,MAW,MAW,A01,A01
procured_balancing_capacity,21,2026-05-24T01:00:00,PT15M,2026-05-24T01:15Z,2026-05-24T01:00Z,1,9.9,1,B95,EUR,A03,A02,21,MAW,MAW,A01,A01
procured_balancing_capacity,21,2026-05-24T01:15:00,PT15M,2026-05-24T01:30Z,2026-05-24T01:15Z,1,9.9,1,B95,EUR,A03,A02,21,MAW,MAW,A01,A01
procured_balancing_capacity,21,2026-05-24T01:30:00,PT15M,2026-05-24T01:45Z,2026-05-24T01:30Z,1,9.9,1,B95,EUR,A03,A02,21,MAW,MAW,A01,A01
procured_balancing_capacity,21,2026-05-24T01:45:00,PT15M,2026-05-24T02:00Z,2026-05-24T01:45Z,1,9.9,1,B95,EUR,A03,A02,21,MAW,MAW,A01,A01
procured_balancing_capacity,21,2026-05-24T02:00:00,PT15M,2026-05-24T02:15Z,2026-05-24T02:00Z,1,9.9,0,B95,EUR,A03,A02,21,MAW,MAW,A01,A01
procured_balancing_capacity,21,2026-05-24T02:15:00,PT15M,2026-05-24T02:30Z,2026-05-24T02:15Z,1,9.9,0,B95,EUR,A03,A02,21,MAW,MAW,A01,A01
procured_balancing_capacity,21,2026-05-24T02:30:00,PT15M,2026-05-24T02:45Z,2026-05-24T02:30Z,1,9.9,0,B95,EUR,A03,A02,21,MAW,MAW,A01,A01
procured_balancing_capacity,21,2026-05-24T02:45:00,PT15M,2026-05-24T03:00Z,2026-05-24T02:45Z,1,9.9,0,B95,EUR,A03,A02,21,MAW,MAW,A01,A01
procured_balancing_capacity,21,2026-05-24T03:00:00,PT15M,2026-05-24T03:15Z,2026-05-24T03:00Z,1,9.9,6,B95,EUR,A03,A02,21,MAW,MAW,A01,A01
procured_balancing_capacity,21,2026-05-24T03:15:00,PT15M,2026-05-24T03:30Z,2026-05-24T03:15Z,1,9.9,6,B95,EUR,A03,A02,21,MAW,MAW,A01,A01
procured_balancing_capacity,21,2026-05-24T03:30:00,PT15M,2026-05-24T03:45Z,2026-05-24T03:30Z,1,9.9,6,B95,EUR,A03,A02,21,MAW,MAW,A01,A01
procured_balancing_capacity,21,2026-05-24T03:45:00,PT15M,2026-05-24T04:00Z,2026-05-24T03:45Z,1,9.9,6,B95,EUR,A03,A02,21,MAW,MAW,A01,A01
procured_balancing_capacity,21,2026-05-24T04:00:00,PT15M,2026-05-24T04:15Z,2026-05-24T04:00Z,1,10.5,9,B95,EUR,A03,A02,21,MAW,MAW,A01,A01
procured_balancing_capacity,21,2026-05-24T04:15:00,PT15M,2026-05-24T04:30Z,2026-05-24T04:15Z,1,10.5,9,B95,EUR,A03,A02,21,MAW,MAW,A01,A01
procured_balancing_capacity,21,2026-05-24T04:30:00,PT15M,2026-05-24T04:45Z,2026-05-24T04:30Z,1,10.5,9,B95,EUR,A03,A02,21,MAW,MAW,A01,A01
procured_balancing_capacity,21,2026-05-24T04:45:00,PT15M,2026-05-24T05:00Z,2026-05-24T04:45Z,1,10.5,9,B95,EUR,A03,A02,21,MAW,MAW,A01,A01
procured_balancing_capacity,21,2026-05-24T05:00:00,PT15M,2026-05-24T05:15Z,2026-05-24T05:00Z,1,10.5,9,B95,EUR,A03,A02,21,MAW,MAW,A01,A01
procured_balancing_capacity,21,2026-05-24T05:15:00,PT15M,2026-05-24T05:30Z,2026-05-24T05:15Z,1,10.5,9,B95,EUR,A03,A02,21,MAW,MAW,A01,A01
procured_balancing_capacity,21,2026-05-24T05:30:00,PT15M,2026-05-24T05:45Z,2026-05-24T05:30Z,1,10.5,9,B95,EUR,A03,A02,21,MAW,MAW,A01,A01
procured_balancing_capacity,21,2026-05-24T05:45:00,PT15M,2026-05-24T06:00Z,2026-05-24T05:45Z,1,10.5,9,B95,EUR,A03,A02,21,MAW,MAW,A01,A01
procured_balancing_capacity,21,2026-05-24T06:00:00,PT15M,2026-05-24T06:15Z,2026-05-24T06:00Z,1,10.5,0,B95,EUR,A03,A02,21,MAW,MAW,A01,A01
procured_balancing_capacity,21,2026-05-24T06:15:00,PT15M,2026-05-24T06:30Z,2026-05-24T06:15Z,1,10.5,0,B95,EUR,A03,A02,21,MAW,MAW,A01,A01
procured_balancing_capacity,21,2026-05-24T06:30:00,PT15M,2026-05-24T06:45Z,2026-05-24T06:30Z,1,10.5,0,B95,EUR,A03,A02,21,MAW,MAW,A01,A01
procured_balancing_capacity,21,2026-05-24T06:45:00,PT15M,2026-05-24T07:00Z,2026-05-24T06:45Z,1,10.5,0,B95,EUR,A03,A02,21,MAW,MAW,A01,A01
procured_balancing_capacity,21,2026-05-24T07:00:00,PT15M,2026-05-24T07:15Z,2026-05-24T07:00Z,1,10.5,0,B95,EUR,A03,A02,21,MAW,MAW,A01,A01
procured_balancing_capacity,21,2026-05-24T07:15:00,PT15M,2026-05-24T07:30Z,2026-05-24T07:15Z,1,10.5,0,B95,EUR,A03,A02,21,MAW,MAW,A01,A01
procured_balancing_capacity,21,2026-05-24T07:30:00,PT15M,2026-05-24T07:45Z,2026-05-24T07:30Z,1,10.5,0,B95,EUR,A03,A02,21,MAW,MAW,A01,A01
procured_balancing_capacity,21,2026-05-24T07:45:00,PT15M,2026-05-24T08:00Z,2026-05-24T07:45Z,1,10.5,0,B95,EUR,A03,A02,21,MAW,MAW,A01,A01
procured_balancing_capacity,21,2026-05-24T08:00:00,PT15M,2026-05-24T08:15Z,2026-05-24T08:00Z,1,10.5,0,B95,EUR,A03,A02,21,MAW,MAW,A01,A01
procured_balancing_capacity,21,2026-05-24T08:15:00,PT15M,2026-05-24T08:30Z,2026-05-24T08:15Z,1,10.5,0,B95,EUR,A03,A02,21,MAW,MAW,A01,A01
procured_balancing_capacity,21,2026-05-24T08:30:00,PT15M,2026-05-24T08:45Z,2026-05-24T08:30Z,1,10.5,0,B95,EUR,A03,A02,21,MAW,MAW,A01,A01
procured_balancing_capacity,21,2026-05-24T08:45:00,PT15M,2026-05-24T09:00Z,2026-05-24T08:45Z,1,10.5,0,B95,EUR,A03,A02,21,MAW,MAW,A01,A01
procured_balancing_capacity,21,2026-05-24T09:00:00,PT15M,2026-05-24T09:15Z,2026-05-24T09:00Z,1,10.5,0,B95,EUR,A03,A02,21,MAW,MAW,A01,A01
procured_balancing_capacity,21,2026-05-24T09:15:00,PT15M,2026-05-24T09:30Z,2026-05-24T09:15Z,1,10.5,0,B95,EUR,A03,A02,21,MAW,MAW,A01,A01
procured_balancing_capacity,21,2026-05-24T09:30:00,PT15M,2026-05-24T09:45Z,2026-05-24T09:30Z,1,10.5,0,B95,EUR,A03,A02,21,MAW,MAW,A01,A01
procured_balancing_capacity,21,2026-05-24T09:45:00,PT15M,2026-05-24T10:00Z,2026-05-24T09:45Z,1,10.5,0,B95,EUR,A03,A02,21,MAW,MAW,A01,A01
procured_balancing_capacity,21,2026-05-24T10:00:00,PT15M,2026-05-24T10:15Z,2026-05-24T10:00Z,1,10.5,0,B95,EUR,A03,A02,21,MAW,MAW,A01,A01
procured_balancing_capacity,21,2026-05-24T10:15:00,PT15M,2026-05-24T10:30Z,2026-05-24T10:15Z,1,10.5,0,B95,EUR,A03,A02,21,MAW,MAW,A01,A01
procured_balancing_capacity,21,2026-05-24T10:30:00,PT15M,2026-05-24T10:45Z,2026-05-24T10:30Z,1,10.5,0,B95,EUR,A03,A02,21,MAW,MAW,A01,A01
procured_balancing_capacity,21,2026-05-24T10:45:00,PT15M,2026-05-24T11:00Z,2026-05-24T10:45Z,1,10.5,0,B95,EUR,A03,A02,21,MAW,MAW,A01,A01
procured_balancing_capacity,21,2026-05-24T11:00:00,PT15M,2026-05-24T11:15Z,2026-05-24T11:00Z,1,10.5,0,B95,EUR,A03,A02,21,MAW,MAW,A01,A01
procured_balancing_capacity,21,2026-05-24T11:15:00,PT15M,2026-05-24T11:30Z,2026-05-24T11:15Z,1,10.5,0,B95,EUR,A03,A02,21,MAW,MAW,A01,A01
procured_balancing_capacity,21,2026-05-24T11:30:00,PT15M,2026-05-24T11:45Z,2026-05-24T11:30Z,1,10.5,0,B95,EUR,A03,A02,21,MAW,MAW,A01,A01
procured_balancing_capacity,21,2026-05-24T11:45:00,PT15M,2026-05-24T12:00Z,2026-05-24T11:45Z,1,10.5,0,B95,EUR,A03,A02,21,MAW,MAW,A01,A01
procured_balancing_capacity,21,2026-05-24T12:00:00,PT15M,2026-05-24T12:15Z,2026-05-24T12:00Z,1,10.5,0,B95,EUR,A03,A02,21,MAW,MAW,A01,A01
procured_balancing_capacity,21,2026-05-24T12:15:00,PT15M,2026-05-24T12:30Z,2026-05-24T12:15Z,1,10.5,0,B95,EUR,A03,A02,21,MAW,MAW,A01,A01
procured_balancing_capacity,21,2026-05-24T12:30:00,PT15M,2026-05-24T12:45Z,2026-05-24T12:30Z,1,10.5,0,B95,EUR,A03,A02,21,MAW,MAW,A01,A01
procured_balancing_capacity,21,2026-05-24T12:45:00,PT15M,2026-05-24T13:00Z,2026-05-24T12:45Z,1,10.5,0,B95,EUR,A03,A02,21,MAW,MAW,A01,A01
procured_balancing_capacity,21,2026-05-24T13:00:00,PT15M,2026-05-24T13:15Z,2026-05-24T13:00Z,1,10.5,0,B95,EUR,A03,A02,21,MAW,MAW,A01,A01
procured_balancing_capacity,21,2026-05-24T13:15:00,PT15M,2026-05-24T13:30Z,2026-05-24T13:15Z,1,10.5,0,B95,EUR,A03,A02,21,MAW,MAW,A01,A01
procured_balancing_capacity,21,2026-05-24T13:30:00,PT15M,2026-05-24T13:45Z,2026-05-24T13:30Z,1,10.5,0,B95,EUR,A03,A02,21,MAW,MAW,A01,A01
procured_balancing_capacity,21,2026-05-24T13:45:00,PT15M,2026-05-24T14:00Z,2026-05-24T13:45Z,1,10.5,0,B95,EUR,A03,A02,21,MAW,MAW,A01,A01
procured_balancing_capacity,21,2026-05-24T14:00:00,PT15M,2026-05-24T14:15Z,2026-05-24T14:00Z,1,10.5,0,B95,EUR,A03,A02,21,MAW,MAW,A01,A01
procured_balancing_capacity,21,2026-05-24T14:15:00,PT15M,2026-05-24T14:30Z,2026-05-24T14:15Z,1,10.5,0,B95,EUR,A03,A02,21,MAW,MAW,A01,A01
procured_balancing_capacity,21,2026-05-24T14:30:00,PT15M,2026-05-24T14:45Z,2026-05-24T14:30Z,1,10.5,0,B95,EUR,A03,A02,21,MAW,MAW,A01,A01
procured_balancing_capacity,21,2026-05-24T14:45:00,PT15M,2026-05-24T15:00Z,2026-05-24T14:45Z,1,10.5,0,B95,EUR,A03,A02,21,MAW,MAW,A01,A01
procured_balancing_capacity,21,2026-05-24T15:00:00,PT15M,2026-05-24T15:15Z,2026-05-24T15:00Z,1,10.5,0,B95,EUR,A03,A02,21,MAW,MAW,A01,A01
procured_balancing_capacity,21,2026-05-24T15:15:00,PT15M,2026-05-24T15:30Z,2026-05-24T15:15Z,1,10.5,0,B95,EUR,A03,A02,21,MAW,MAW,A01,A01
procured_balancing_capacity,21,2026-05-24T15:30:00,PT15M,2026-05-24T15:45Z,2026-05-24T15:30Z,1,10.5,0,B95,EUR,A03,A02,21,MAW,MAW,A01,A01
procured_balancing_capacity,21,2026-05-24T15:45:00,PT15M,2026-05-24T16:00Z,2026-05-24T15:45Z,1,10.5,0,B95,EUR,A03,A02,21,MAW,MAW,A01,A01
procured_balancing_capacity,21,2026-05-24T16:00:00,PT15M,2026-05-24T16:15Z,2026-05-24T16:00Z,1,10.5,0,B95,EUR,A03,A02,21,MAW,MAW,A01,A01
procured_balancing_capacity,21,2026-05-24T16:15:00,PT15M,2026-05-24T16:30Z,2026-05-24T16:15Z,1,10.5,0,B95,EUR,A03,A02,21,MAW,MAW,A01,A01
procured_balancing_capacity,21,2026-05-24T16:30:00,PT15M,2026-05-24T16:45Z,2026-05-24T16:30Z,1,10.5,0,B95,EUR,A03,A02,21,MAW,MAW,A01,A01
procured_balancing_capacity,21,2026-05-24T16:45:00,PT15M,2026-05-24T17:00Z,2026-05-24T16:45Z,1,10.5,0,B95,EUR,A03,A02,21,MAW,MAW,A01,A01
procured_balancing_capacity,21,2026-05-24T17:00:00,PT15M,2026-05-24T17:15Z,2026-05-24T17:00Z,1,10.5,6,B95,EUR,A03,A02,21,MAW,MAW,A01,A01
procured_balancing_capacity,21,2026-05-24T17:15:00,PT15M,2026-05-24T17:30Z,2026-05-24T17:15Z,1,10.5,6,B95,EUR,A03,A02,21,MAW,MAW,A01,A01
procured_balancing_capacity,21,2026-05-24T17:30:00,PT15M,2026-05-24T17:45Z,2026-05-24T17:30Z,1,10.5,6,B95,EUR,A03,A02,21,MAW,MAW,A01,A01
procured_balancing_capacity,21,2026-05-24T17:45:00,PT15M,2026-05-24T18:00Z,2026-05-24T17:45Z,1,10.5,6,B95,EUR,A03,A02,21,MAW,MAW,A01,A01
procured_balancing_capacity,21,2026-05-24T18:00:00,PT15M,2026-05-24T18:15Z,2026-05-24T18:00Z,1,10.5,6,B95,EUR,A03,A02,21,MAW,MAW,A01,A01
procured_balancing_capacity,21,2026-05-24T18:15:00,PT15M,2026-05-24T18:30Z,2026-05-24T18:15Z,1,10.5,6,B95,EUR,A03,A02,21,MAW,MAW,A01,A01
procured_balancing_capacity,21,2026-05-24T18:30:00,PT15M,2026-05-24T18:45Z,2026-05-24T18:30Z,1,10.5,6,B95,EUR,A03,A02,21,MAW,MAW,A01,A01
procured_balancing_capacity,21,2026-05-24T18:45:00,PT15M,2026-05-24T19:00Z,2026-05-24T18:45Z,1,10.5,6,B95,EUR,A03,A02,21,MAW,MAW,A01,A01
procured_balancing_capacity,21,2026-05-24T19:00:00,PT15M,2026-05-24T19:15Z,2026-05-24T19:00Z,1,10.5,6,B95,EUR,A03,A02,21,MAW,MAW,A01,A01
procured_balancing_capacity,21,2026-05-24T19:15:00,PT15M,2026-05-24T19:30Z,2026-05-24T19:15Z,1,10.5,6,B95,EUR,A03,A02,21,MAW,MAW,A01,A01
procured_balancing_capacity,21,2026-05-24T19:30:00,PT15M,2026-05-24T19:45Z,2026-05-24T19:30Z,1,10.5,6,B95,EUR,A03,A02,21,MAW,MAW,A01,A01
procured_balancing_capacity,21,2026-05-24T19:45:00,PT15M,2026-05-24T20:00Z,2026-05-24T19:45Z,1,10.5,6,B95,EUR,A03,A02,21,MAW,MAW,A01,A01
procured_balancing_capacity,21,2026-05-24T20:00:00,PT15M,2026-05-24T20:15Z,2026-05-24T20:00Z,1,9.9,1,B95,EUR,A03,A02,21,MAW,MAW,A01,A01
procured_balancing_capacity,21,2026-05-24T20:15:00,PT15M,2026-05-24T20:30Z,2026-05-24T20:15Z,1,9.9,1,B95,EUR,A03,A02,21,MAW,MAW,A01,A01
procured_balancing_capacity,21,2026-05-24T20:30:00,PT15M,2026-05-24T20:45Z,2026-05-24T20:30Z,1,9.9,1,B95,EUR,A03,A02,21,MAW,MAW,A01,A01
procured_balancing_capacity,21,2026-05-24T20:45:00,PT15M,2026-05-24T21:00Z,2026-05-24T20:45Z,1,9.9,1,B95,EUR,A03,A02,21,MAW,MAW,A01,A01
procured_balancing_capacity,21,2026-05-24T21:00:00,PT15M,2026-05-24T21:15Z,2026-05-24T21:00Z,1,9.9,0,B95,EUR,A03,A02,21,MAW,MAW,A01,A01
procured_balancing_capacity,21,2026-05-24T21:15:00,PT15M,2026-05-24T21:30Z,2026-05-24T21:15Z,1,9.9,0,B95,EUR,A03,A02,21,MAW,MAW,A01,A01
procured_balancing_capacity,21,2026-05-24T21:30:00,PT15M,2026-05-24T21:45Z,2026-05-24T21:30Z,1,9.9,0,B95,EUR,A03,A02,21,MAW,MAW,A01,A01
procured_balancing_capacity,21,2026-05-24T21:45:00,PT15M,2026-05-24T22:00Z,2026-05-24T21:45Z,1,9.9,0,B95,EUR,A03,A02,21,MAW,MAW,A01,A01
procured_balancing_capacity,22,2026-05-23T22:00:00,PT15M,2026-05-23T22:15Z,2026-05-23T22:00Z,1,35.3,8,B95,EUR,A03,A01,22,MAW,MAW,A01,A01
procured_balancing_capacity,22,2026-05-23T22:15:00,PT15M,2026-05-23T22:30Z,2026-05-23T22:15Z,1,35.3,8,B95,EUR,A03,A01,22,MAW,MAW,A01,A01
procured_balancing_capacity,22,2026-05-23T22:30:00,PT15M,2026-05-23T22:45Z,2026-05-23T22:30Z,1,35.3,8,B95,EUR,A03,A01,22,MAW,MAW,A01,A01
procured_balancing_capacity,22,2026-05-23T22:45:00,PT15M,2026-05-23T23:00Z,2026-05-23T22:45Z,1,35.3,8,B95,EUR,A03,A01,22,MAW,MAW,A01,A01
procured_balancing_capacity,22,2026-05-23T23:00:00,PT15M,2026-05-23T23:15Z,2026-05-23T23:00Z,1,35.3,8,B95,EUR,A03,A01,22,MAW,MAW,A01,A01
procured_balancing_capacity,22,2026-05-23T23:15:00,PT15M,2026-05-23T23:30Z,2026-05-23T23:15Z,1,35.3,8,B95,EUR,A03,A01,22,MAW,MAW,A01,A01
procured_balancing_capacity,22,2026-05-23T23:30:00,PT15M,2026-05-23T23:45Z,2026-05-23T23:30Z,1,35.3,8,B95,EUR,A03,A01,22,MAW,MAW,A01,A01
procured_balancing_capacity,22,2026-05-23T23:45:00,PT15M,2026-05-24T00:00Z,2026-05-23T23:45Z,1,35.3,8,B95,EUR,A03,A01,22,MAW,MAW,A01,A01
procured_balancing_capacity,22,2026-05-24T00:00:00,PT15M,2026-05-24T00:15Z,2026-05-24T00:00Z,1,35.3,8,B95,EUR,A03,A01,22,MAW,MAW,A01,A01
procured_balancing_capacity,22,2026-05-24T00:15:00,PT15M,2026-05-24T00:30Z,2026-05-24T00:15Z,1,35.3,8,B95,EUR,A03,A01,22,MAW,MAW,A01,A01
procured_balancing_capacity,22,2026-05-24T00:30:00,PT15M,2026-05-24T00:45Z,2026-05-24T00:30Z,1,35.3,8,B95,EUR,A03,A01,22,MAW,MAW,A01,A01
procured_balancing_capacity,22,2026-05-24T00:45:00,PT15M,2026-05-24T01:00Z,2026-05-24T00:45Z,1,35.3,8,B95,EUR,A03,A01,22,MAW,MAW,A01,A01
procured_balancing_capacity,22,2026-05-24T01:00:00,PT15M,2026-05-24T01:15Z,2026-05-24T01:00Z,1,35.3,1,B95,EUR,A03,A01,22,MAW,MAW,A01,A01
procured_balancing_capacity,22,2026-05-24T01:15:00,PT15M,2026-05-24T01:30Z,2026-05-24T01:15Z,1,35.3,1,B95,EUR,A03,A01,22,MAW,MAW,A01,A01
procured_balancing_capacity,22,2026-05-24T01:30:00,PT15M,2026-05-24T01:45Z,2026-05-24T01:30Z,1,35.3,1,B95,EUR,A03,A01,22,MAW,MAW,A01,A01
procured_balancing_capacity,22,2026-05-24T01:45:00,PT15M,2026-05-24T02:00Z,2026-05-24T01:45Z,1,35.3,1,B95,EUR,A03,A01,22,MAW,MAW,A01,A01
procured_balancing_capacity,22,2026-05-24T02:00:00,PT15M,2026-05-24T02:15Z,2026-05-24T02:00Z,1,35.3,1,B95,EUR,A03,A01,22,MAW,MAW,A01,A01
procured_balancing_capacity,22,2026-05-24T02:15:00,PT15M,2026-05-24T02:30Z,2026-05-24T02:15Z,1,35.3,1,B95,EUR,A03,A01,22,MAW,MAW,A01,A01
procured_balancing_capacity,22,2026-05-24T02:30:00,PT15M,2026-05-24T02:45Z,2026-05-24T02:30Z,1,35.3,1,B95,EUR,A03,A01,22,MAW,MAW,A01,A01
procured_balancing_capacity,22,2026-05-24T02:45:00,PT15M,2026-05-24T03:00Z,2026-05-24T02:45Z,1,35.3,1,B95,EUR,A03,A01,22,MAW,MAW,A01,A01
procured_balancing_capacity,22,2026-05-24T03:00:00,PT15M,2026-05-24T03:15Z,2026-05-24T03:00Z,1,35.3,1,B95,EUR,A03,A01,22,MAW,MAW,A01,A01
procured_balancing_capacity,22,2026-05-24T03:15:00,PT15M,2026-05-24T03:30Z,2026-05-24T03:15Z,1,35.3,1,B95,EUR,A03,A01,22,MAW,MAW,A01,A01
procured_balancing_capacity,22,2026-05-24T03:30:00,PT15M,2026-05-24T03:45Z,2026-05-24T03:30Z,1,35.3,1,B95,EUR,A03,A01,22,MAW,MAW,A01,A01
procured_balancing_capacity,22,2026-05-24T03:45:00,PT15M,2026-05-24T04:00Z,2026-05-24T03:45Z,1,35.3,1,B95,EUR,A03,A01,22,MAW,MAW,A01,A01
procured_balancing_capacity,22,2026-05-24T04:00:00,PT15M,2026-05-24T04:15Z,2026-05-24T04:00Z,1,35.3,1,B95,EUR,A03,A01,22,MAW,MAW,A01,A01
procured_balancing_capacity,22,2026-05-24T04:15:00,PT15M,2026-05-24T04:30Z,2026-05-24T04:15Z,1,35.3,1,B95,EUR,A03,A01,22,MAW,MAW,A01,A01
procured_balancing_capacity,22,2026-05-24T04:30:00,PT15M,2026-05-24T04:45Z,2026-05-24T04:30Z,1,35.3,1,B95,EUR,A03,A01,22,MAW,MAW,A01,A01
procured_balancing_capacity,22,2026-05-24T04:45:00,PT15M,2026-05-24T05:00Z,2026-05-24T04:45Z,1,35.3,1,B95,EUR,A03,A01,22,MAW,MAW,A01,A01
procured_balancing_capacity,22,2026-05-24T05:00:00,PT15M,2026-05-24T05:15Z,2026-05-24T05:00Z,1,35.3,13,B95,EUR,A03,A01,22,MAW,MAW,A01,A01
procured_balancing_capacity,22,2026-05-24T05:15:00,PT15M,2026-05-24T05:30Z,2026-05-24T05:15Z,1,35.3,13,B95,EUR,A03,A01,22,MAW,MAW,A01,A01
procured_balancing_capacity,22,2026-05-24T05:30:00,PT15M,2026-05-24T05:45Z,2026-05-24T05:30Z,1,35.3,13,B95,EUR,A03,A01,22,MAW,MAW,A01,A01
procured_balancing_capacity,22,2026-05-24T05:45:00,PT15M,2026-05-24T06:00Z,2026-05-24T05:45Z,1,35.3,13,B95,EUR,A03,A01,22,MAW,MAW,A01,A01
procured_balancing_capacity,22,2026-05-24T06:00:00,PT15M,2026-05-24T06:15Z,2026-05-24T06:00Z,1,35.3,2,B95,EUR,A03,A01,22,MAW,MAW,A01,A01
procured_balancing_capacity,22,2026-05-24T06:15:00,PT15M,2026-05-24T06:30Z,2026-05-24T06:15Z,1,35.3,2,B95,EUR,A03,A01,22,MAW,MAW,A01,A01
procured_balancing_capacity,22,2026-05-24T06:30:00,PT15M,2026-05-24T06:45Z,2026-05-24T06:30Z,1,35.3,2,B95,EUR,A03,A01,22,MAW,MAW,A01,A01
procured_balancing_capacity,22,2026-05-24T06:45:00,PT15M,2026-05-24T07:00Z,2026-05-24T06:45Z,1,35.3,2,B95,EUR,A03,A01,22,MAW,MAW,A01,A01
procured_balancing_capacity,22,2026-05-24T07:00:00,PT15M,2026-05-24T07:15Z,2026-05-24T07:00Z,1,35.3,2,B95,EUR,A03,A01,22,MAW,MAW,A01,A01
procured_balancing_capacity,22,2026-05-24T07:15:00,PT15M,2026-05-24T07:30Z,2026-05-24T07:15Z,1,35.3,2,B95,EUR,A03,A01,22,MAW,MAW,A01,A01
procured_balancing_capacity,22,2026-05-24T07:30:00,PT15M,2026-05-24T07:45Z,2026-05-24T07:30Z,1,35.3,2,B95,EUR,A03,A01,22,MAW,MAW,A01,A01
procured_balancing_capacity,22,2026-05-24T07:45:00,PT15M,2026-05-24T08:00Z,2026-05-24T07:45Z,1,35.3,2,B95,EUR,A03,A01,22,MAW,MAW,A01,A01
procured_balancing_capacity,22,2026-05-24T08:00:00,PT15M,2026-05-24T08:15Z,2026-05-24T08:00Z,1,0,0,B95,EUR,A03,A01,22,MAW,MAW,A01,A01
procured_balancing_capacity,22,2026-05-24T08:15:00,PT15M,2026-05-24T08:30Z,2026-05-24T08:15Z,1,0,0,B95,EUR,A03,A01,22,MAW,MAW,A01,A01
procured_balancing_capacity,22,2026-05-24T08:30:00,PT15M,2026-05-24T08:45Z,2026-05-24T08:30Z,1,0,0,B95,EUR,A03,A01,22,MAW,MAW,A01,A01
procured_balancing_capacity,22,2026-05-24T08:45:00,PT15M,2026-05-24T09:00Z,2026-05-24T08:45Z,1,0,0,B95,EUR,A03,A01,22,MAW,MAW,A01,A01
procured_balancing_capacity,22,2026-05-24T09:00:00,PT15M,2026-05-24T09:15Z,2026-05-24T09:00Z,1,0,0,B95,EUR,A03,A01,22,MAW,MAW,A01,A01
procured_balancing_capacity,22,2026-05-24T09:15:00,PT15M,2026-05-24T09:30Z,2026-05-24T09:15Z,1,0,0,B95,EUR,A03,A01,22,MAW,MAW,A01,A01
procured_balancing_capacity,22,2026-05-24T09:30:00,PT15M,2026-05-24T09:45Z,2026-05-24T09:30Z,1,0,0,B95,EUR,A03,A01,22,MAW,MAW,A01,A01
procured_balancing_capacity,22,2026-05-24T09:45:00,PT15M,2026-05-24T10:00Z,2026-05-24T09:45Z,1,0,0,B95,EUR,A03,A01,22,MAW,MAW,A01,A01
procured_balancing_capacity,22,2026-05-24T10:00:00,PT15M,2026-05-24T10:15Z,2026-05-24T10:00Z,1,35.3,7,B95,EUR,A03,A01,22,MAW,MAW,A01,A01
procured_balancing_capacity,22,2026-05-24T10:15:00,PT15M,2026-05-24T10:30Z,2026-05-24T10:15Z,1,35.3,7,B95,EUR,A03,A01,22,MAW,MAW,A01,A01
procured_balancing_capacity,22,2026-05-24T10:30:00,PT15M,2026-05-24T10:45Z,2026-05-24T10:30Z,1,35.3,7,B95,EUR,A03,A01,22,MAW,MAW,A01,A01
procured_balancing_capacity,22,2026-05-24T10:45:00,PT15M,2026-05-24T11:00Z,2026-05-24T10:45Z,1,35.3,7,B95,EUR,A03,A01,22,MAW,MAW,A01,A01
procured_balancing_capacity,22,2026-05-24T11:00:00,PT15M,2026-05-24T11:15Z,2026-05-24T11:00Z,1,35.3,7,B95,EUR,A03,A01,22,MAW,MAW,A01,A01
procured_balancing_capacity,22,2026-05-24T11:15:00,PT15M,2026-05-24T11:30Z,2026-05-24T11:15Z,1,35.3,7,B95,EUR,A03,A01,22,MAW,MAW,A01,A01
procured_balancing_capacity,22,2026-05-24T11:30:00,PT15M,2026-05-24T11:45Z,2026-05-24T11:30Z,1,35.3,7,B95,EUR,A03,A01,22,MAW,MAW,A01,A01
procured_balancing_capacity,22,2026-05-24T11:45:00,PT15M,2026-05-24T12:00Z,2026-05-24T11:45Z,1,35.3,7,B95,EUR,A03,A01,22,MAW,MAW,A01,A01
procured_balancing_capacity,22,2026-05-24T12:00:00,PT15M,2026-05-24T12:15Z,2026-05-24T12:00Z,1,35.3,7,B95,EUR,A03,A01,22,MAW,MAW,A01,A01
procured_balancing_capacity,22,2026-05-24T12:15:00,PT15M,2026-05-24T12:30Z,2026-05-24T12:15Z,1,35.3,7,B95,EUR,A03,A01,22,MAW,MAW,A01,A01
procured_balancing_capacity,22,2026-05-24T12:30:00,PT15M,2026-05-24T12:45Z,2026-05-24T12:30Z,1,35.3,7,B95,EUR,A03,A01,22,MAW,MAW,A01,A01
procured_balancing_capacity,22,2026-05-24T12:45:00,PT15M,2026-05-24T13:00Z,2026-05-24T12:45Z,1,35.3,7,B95,EUR,A03,A01,22,MAW,MAW,A01,A01
procured_balancing_capacity,22,2026-05-24T13:00:00,PT15M,2026-05-24T13:15Z,2026-05-24T13:00Z,1,35.3,7,B95,EUR,A03,A01,22,MAW,MAW,A01,A01
procured_balancing_capacity,22,2026-05-24T13:15:00,PT15M,2026-05-24T13:30Z,2026-05-24T13:15Z,1,35.3,7,B95,EUR,A03,A01,22,MAW,MAW,A01,A01
procured_balancing_capacity,22,2026-05-24T13:30:00,PT15M,2026-05-24T13:45Z,2026-05-24T13:30Z,1,35.3,7,B95,EUR,A03,A01,22,MAW,MAW,A01,A01
procured_balancing_capacity,22,2026-05-24T13:45:00,PT15M,2026-05-24T14:00Z,2026-05-24T13:45Z,1,35.3,7,B95,EUR,A03,A01,22,MAW,MAW,A01,A01
procured_balancing_capacity,22,2026-05-24T14:00:00,PT15M,2026-05-24T14:15Z,2026-05-24T14:00Z,1,0,0,B95,EUR,A03,A01,22,MAW,MAW,A01,A01
procured_balancing_capacity,22,2026-05-24T14:15:00,PT15M,2026-05-24T14:30Z,2026-05-24T14:15Z,1,0,0,B95,EUR,A03,A01,22,MAW,MAW,A01,A01
procured_balancing_capacity,22,2026-05-24T14:30:00,PT15M,2026-05-24T14:45Z,2026-05-24T14:30Z,1,0,0,B95,EUR,A03,A01,22,MAW,MAW,A01,A01
procured_balancing_capacity,22,2026-05-24T14:45:00,PT15M,2026-05-24T15:00Z,2026-05-24T14:45Z,1,0,0,B95,EUR,A03,A01,22,MAW,MAW,A01,A01
procured_balancing_capacity,22,2026-05-24T15:00:00,PT15M,2026-05-24T15:15Z,2026-05-24T15:00Z,1,35.3,8,B95,EUR,A03,A01,22,MAW,MAW,A01,A01
procured_balancing_capacity,22,2026-05-24T15:15:00,PT15M,2026-05-24T15:30Z,2026-05-24T15:15Z,1,35.3,8,B95,EUR,A03,A01,22,MAW,MAW,A01,A01
procured_balancing_capacity,22,2026-05-24T15:30:00,PT15M,2026-05-24T15:45Z,2026-05-24T15:30Z,1,35.3,8,B95,EUR,A03,A01,22,MAW,MAW,A01,A01
procured_balancing_capacity,22,2026-05-24T15:45:00,PT15M,2026-05-24T16:00Z,2026-05-24T15:45Z,1,35.3,8,B95,EUR,A03,A01,22,MAW,MAW,A01,A01
procured_balancing_capacity,22,2026-05-24T16:00:00,PT15M,2026-05-24T16:15Z,2026-05-24T16:00Z,1,35.3,11,B95,EUR,A03,A01,22,MAW,MAW,A01,A01
procured_balancing_capacity,22,2026-05-24T16:15:00,PT15M,2026-05-24T16:30Z,2026-05-24T16:15Z,1,35.3,11,B95,EUR,A03,A01,22,MAW,MAW,A01,A01
procured_balancing_capacity,22,2026-05-24T16:30:00,PT15M,2026-05-24T16:45Z,2026-05-24T16:30Z,1,35.3,11,B95,EUR,A03,A01,22,MAW,MAW,A01,A01
procured_balancing_capacity,22,2026-05-24T16:45:00,PT15M,2026-05-24T17:00Z,2026-05-24T16:45Z,1,35.3,11,B95,EUR,A03,A01,22,MAW,MAW,A01,A01
procured_balancing_capacity,22,2026-05-24T17:00:00,PT15M,2026-05-24T17:15Z,2026-05-24T17:00Z,1,35.3,41,B95,EUR,A03,A01,22,MAW,MAW,A01,A01
procured_balancing_capacity,22,2026-05-24T17:15:00,PT15M,2026-05-24T17:30Z,2026-05-24T17:15Z,1,35.3,41,B95,EUR,A03,A01,22,MAW,MAW,A01,A01
procured_balancing_capacity,22,2026-05-24T17:30:00,PT15M,2026-05-24T17:45Z,2026-05-24T17:30Z,1,35.3,41,B95,EUR,A03,A01,22,MAW,MAW,A01,A01
procured_balancing_capacity,22,2026-05-24T17:45:00,PT15M,2026-05-24T18:00Z,2026-05-24T17:45Z,1,35.3,41,B95,EUR,A03,A01,22,MAW,MAW,A01,A01
procured_balancing_capacity,22,2026-05-24T18:00:00,PT15M,2026-05-24T18:15Z,2026-05-24T18:00Z,1,35.3,41,B95,EUR,A03,A01,22,MAW,MAW,A01,A01
procured_balancing_capacity,22,2026-05-24T18:15:00,PT15M,2026-05-24T18:30Z,2026-05-24T18:15Z,1,35.3,41,B95,EUR,A03,A01,22,MAW,MAW,A01,A01
procured_balancing_capacity,22,2026-05-24T18:30:00,PT15M,2026-05-24T18:45Z,2026-05-24T18:30Z,1,35.3,41,B95,EUR,A03,A01,22,MAW,MAW,A01,A01
procured_balancing_capacity,22,2026-05-24T18:45:00,PT15M,2026-05-24T19:00Z,2026-05-24T18:45Z,1,35.3,41,B95,EUR,A03,A01,22,MAW,MAW,A01,A01
procured_balancing_capacity,22,2026-05-24T19:00:00,PT15M,2026-05-24T19:15Z,2026-05-24T19:00Z,1,35.3,41,B95,EUR,A03,A01,22,MAW,MAW,A01,A01
procured_balancing_capacity,22,2026-05-24T19:15:00,PT15M,2026-05-24T19:30Z,2026-05-24T19:15Z,1,35.3,41,B95,EUR,A03,A01,22,MAW,MAW,A01,A01
procured_balancing_capacity,22,2026-05-24T19:30:00,PT15M,2026-05-24T19:45Z,2026-05-24T19:30Z,1,35.3,41,B95,EUR,A03,A01,22,MAW,MAW,A01,A01
procured_balancing_capacity,22,2026-05-24T19:45:00,PT15M,2026-05-24T20:00Z,2026-05-24T19:45Z,1,35.3,41,B95,EUR,A03,A01,22,MAW,MAW,A01,A01
procured_balancing_capacity,22,2026-05-24T20:00:00,PT15M,2026-05-24T20:15Z,2026-05-24T20:00Z,1,35.3,14,B95,EUR,A03,A01,22,MAW,MAW,A01,A01
procured_balancing_capacity,22,2026-05-24T20:15:00,PT15M,2026-05-24T20:30Z,2026-05-24T20:15Z,1,35.3,14,B95,EUR,A03,A01,22,MAW,MAW,A01,A01
procured_balancing_capacity,22,2026-05-24T20:30:00,PT15M,2026-05-24T20:45Z,2026-05-24T20:30Z,1,35.3,14,B95,EUR,A03,A01,22,MAW,MAW,A01,A01
procured_balancing_capacity,22,2026-05-24T20:45:00,PT15M,2026-05-24T21:00Z,2026-05-24T20:45Z,1,35.3,14,B95,EUR,A03,A01,22,MAW,MAW,A01,A01
procured_balancing_capacity,22,2026-05-24T21:00:00,PT15M,2026-05-24T21:15Z,2026-05-24T21:00Z,1,35.3,14,B95,EUR,A03,A01,22,MAW,MAW,A01,A01
procured_balancing_capacity,22,2026-05-24T21:15:00,PT15M,2026-05-24T21:30Z,2026-05-24T21:15Z,1,35.3,14,B95,EUR,A03,A01,22,MAW,MAW,A01,A01
procured_balancing_capacity,22,2026-05-24T21:30:00,PT15M,2026-05-24T21:45Z,2026-05-24T21:30Z,1,35.3,14,B95,EUR,A03,A01,22,MAW,MAW,A01,A01
procured_balancing_capacity,22,2026-05-24T21:45:00,PT15M,2026-05-24T22:00Z,2026-05-24T21:45Z,1,35.3,14,B95,EUR,A03,A01,22,MAW,MAW,A01,A01
procured_balancing_capacity,23,2026-05-23T22:00:00,PT15M,2026-05-23T22:15Z,2026-05-23T22:00Z,1,10.7,3,B95,EUR,A03,A02,23,MAW,MAW,A01,A01
procured_balancing_capacity,23,2026-05-23T22:15:00,PT15M,2026-05-23T22:30Z,2026-05-23T22:15Z,1,10.7,3,B95,EUR,A03,A02,23,MAW,MAW,A01,A01
procured_balancing_capacity,23,2026-05-23T22:30:00,PT15M,2026-05-23T22:45Z,2026-05-23T22:30Z,1,10.7,3,B95,EUR,A03,A02,23,MAW,MAW,A01,A01
procured_balancing_capacity,23,2026-05-23T22:45:00,PT15M,2026-05-23T23:00Z,2026-05-23T22:45Z,1,10.7,3,B95,EUR,A03,A02,23,MAW,MAW,A01,A01
procured_balancing_capacity,23,2026-05-23T23:00:00,PT15M,2026-05-23T23:15Z,2026-05-23T23:00Z,1,10.7,3,B95,EUR,A03,A02,23,MAW,MAW,A01,A01
procured_balancing_capacity,23,2026-05-23T23:15:00,PT15M,2026-05-23T23:30Z,2026-05-23T23:15Z,1,10.7,3,B95,EUR,A03,A02,23,MAW,MAW,A01,A01
procured_balancing_capacity,23,2026-05-23T23:30:00,PT15M,2026-05-23T23:45Z,2026-05-23T23:30Z,1,10.7,3,B95,EUR,A03,A02,23,MAW,MAW,A01,A01
procured_balancing_capacity,23,2026-05-23T23:45:00,PT15M,2026-05-24T00:00Z,2026-05-23T23:45Z,1,10.7,3,B95,EUR,A03,A02,23,MAW,MAW,A01,A01
procured_balancing_capacity,23,2026-05-24T00:00:00,PT15M,2026-05-24T00:15Z,2026-05-24T00:00Z,1,10.7,3,B95,EUR,A03,A02,23,MAW,MAW,A01,A01
procured_balancing_capacity,23,2026-05-24T00:15:00,PT15M,2026-05-24T00:30Z,2026-05-24T00:15Z,1,10.7,3,B95,EUR,A03,A02,23,MAW,MAW,A01,A01
procured_balancing_capacity,23,2026-05-24T00:30:00,PT15M,2026-05-24T00:45Z,2026-05-24T00:30Z,1,10.7,3,B95,EUR,A03,A02,23,MAW,MAW,A01,A01
procured_balancing_capacity,23,2026-05-24T00:45:00,PT15M,2026-05-24T01:00Z,2026-05-24T00:45Z,1,10.7,3,B95,EUR,A03,A02,23,MAW,MAW,A01,A01
procured_balancing_capacity,23,2026-05-24T01:00:00,PT15M,2026-05-24T01:15Z,2026-05-24T01:00Z,1,10.7,4,B95,EUR,A03,A02,23,MAW,MAW,A01,A01
procured_balancing_capacity,23,2026-05-24T01:15:00,PT15M,2026-05-24T01:30Z,2026-05-24T01:15Z,1,10.7,4,B95,EUR,A03,A02,23,MAW,MAW,A01,A01
procured_balancing_capacity,23,2026-05-24T01:30:00,PT15M,2026-05-24T01:45Z,2026-05-24T01:30Z,1,10.7,4,B95,EUR,A03,A02,23,MAW,MAW,A01,A01
procured_balancing_capacity,23,2026-05-24T01:45:00,PT15M,2026-05-24T02:00Z,2026-05-24T01:45Z,1,10.7,4,B95,EUR,A03,A02,23,MAW,MAW,A01,A01
procured_balancing_capacity,23,2026-05-24T02:00:00,PT15M,2026-05-24T02:15Z,2026-05-24T02:00Z,1,10.7,4,B95,EUR,A03,A02,23,MAW,MAW,A01,A01
procured_balancing_capacity,23,2026-05-24T02:15:00,PT15M,2026-05-24T02:30Z,2026-05-24T02:15Z,1,10.7,4,B95,EUR,A03,A02,23,MAW,MAW,A01,A01
procured_balancing_capacity,23,2026-05-24T02:30:00,PT15M,2026-05-24T02:45Z,2026-05-24T02:30Z,1,10.7,4,B95,EUR,A03,A02,23,MAW,MAW,A01,A01
procured_balancing_capacity,23,2026-05-24T02:45:00,PT15M,2026-05-24T03:00Z,2026-05-24T02:45Z,1,10.7,4,B95,EUR,A03,A02,23,MAW,MAW,A01,A01
procured_balancing_capacity,23,2026-05-24T03:00:00,PT15M,2026-05-24T03:15Z,2026-05-24T03:00Z,1,10.7,5,B95,EUR,A03,A02,23,MAW,MAW,A01,A01
procured_balancing_capacity,23,2026-05-24T03:15:00,PT15M,2026-05-24T03:30Z,2026-05-24T03:15Z,1,10.7,5,B95,EUR,A03,A02,23,MAW,MAW,A01,A01
procured_balancing_capacity,23,2026-05-24T03:30:00,PT15M,2026-05-24T03:45Z,2026-05-24T03:30Z,1,10.7,5,B95,EUR,A03,A02,23,MAW,MAW,A01,A01
procured_balancing_capacity,23,2026-05-24T03:45:00,PT15M,2026-05-24T04:00Z,2026-05-24T03:45Z,1,10.7,5,B95,EUR,A03,A02,23,MAW,MAW,A01,A01
procured_balancing_capacity,23,2026-05-24T04:00:00,PT15M,2026-05-24T04:15Z,2026-05-24T04:00Z,1,10.7,4,B95,EUR,A03,A02,23,MAW,MAW,A01,A01
procured_balancing_capacity,23,2026-05-24T04:15:00,PT15M,2026-05-24T04:30Z,2026-05-24T04:15Z,1,10.7,4,B95,EUR,A03,A02,23,MAW,MAW,A01,A01
procured_balancing_capacity,23,2026-05-24T04:30:00,PT15M,2026-05-24T04:45Z,2026-05-24T04:30Z,1,10.7,4,B95,EUR,A03,A02,23,MAW,MAW,A01,A01
procured_balancing_capacity,23,2026-05-24T04:45:00,PT15M,2026-05-24T05:00Z,2026-05-24T04:45Z,1,10.7,4,B95,EUR,A03,A02,23,MAW,MAW,A01,A01
procured_balancing_capacity,23,2026-05-24T05:00:00,PT15M,2026-05-24T05:15Z,2026-05-24T05:00Z,1,10.7,3,B95,EUR,A03,A02,23,MAW,MAW,A01,A01
procured_balancing_capacity,23,2026-05-24T05:15:00,PT15M,2026-05-24T05:30Z,2026-05-24T05:15Z,1,10.7,3,B95,EUR,A03,A02,23,MAW,MAW,A01,A01
procured_balancing_capacity,23,2026-05-24T05:30:00,PT15M,2026-05-24T05:45Z,2026-05-24T05:30Z,1,10.7,3,B95,EUR,A03,A02,23,MAW,MAW,A01,A01
procured_balancing_capacity,23,2026-05-24T05:45:00,PT15M,2026-05-24T06:00Z,2026-05-24T05:45Z,1,10.7,3,B95,EUR,A03,A02,23,MAW,MAW,A01,A01
procured_balancing_capacity,23,2026-05-24T06:00:00,PT15M,2026-05-24T06:15Z,2026-05-24T06:00Z,1,10.7,8,B95,EUR,A03,A02,23,MAW,MAW,A01,A01
procured_balancing_capacity,23,2026-05-24T06:15:00,PT15M,2026-05-24T06:30Z,2026-05-24T06:15Z,1,10.7,8,B95,EUR,A03,A02,23,MAW,MAW,A01,A01
procured_balancing_capacity,23,2026-05-24T06:30:00,PT15M,2026-05-24T06:45Z,2026-05-24T06:30Z,1,10.7,8,B95,EUR,A03,A02,23,MAW,MAW,A01,A01
procured_balancing_capacity,23,2026-05-24T06:45:00,PT15M,2026-05-24T07:00Z,2026-05-24T06:45Z,1,10.7,8,B95,EUR,A03,A02,23,MAW,MAW,A01,A01
procured_balancing_capacity,23,2026-05-24T07:00:00,PT15M,2026-05-24T07:15Z,2026-05-24T07:00Z,1,0,0,B95,EUR,A03,A02,23,MAW,MAW,A01,A01
procured_balancing_capacity,23,2026-05-24T07:15:00,PT15M,2026-05-24T07:30Z,2026-05-24T07:15Z,1,0,0,B95,EUR,A03,A02,23,MAW,MAW,A01,A01
procured_balancing_capacity,23,2026-05-24T07:30:00,PT15M,2026-05-24T07:45Z,2026-05-24T07:30Z,1,0,0,B95,EUR,A03,A02,23,MAW,MAW,A01,A01
procured_balancing_capacity,23,2026-05-24T07:45:00,PT15M,2026-05-24T08:00Z,2026-05-24T07:45Z,1,0,0,B95,EUR,A03,A02,23,MAW,MAW,A01,A01
procured_balancing_capacity,23,2026-05-24T08:00:00,PT15M,2026-05-24T08:15Z,2026-05-24T08:00Z,1,0,0,B95,EUR,A03,A02,23,MAW,MAW,A01,A01
procured_balancing_capacity,23,2026-05-24T08:15:00,PT15M,2026-05-24T08:30Z,2026-05-24T08:15Z,1,0,0,B95,EUR,A03,A02,23,MAW,MAW,A01,A01
procured_balancing_capacity,23,2026-05-24T08:30:00,PT15M,2026-05-24T08:45Z,2026-05-24T08:30Z,1,0,0,B95,EUR,A03,A02,23,MAW,MAW,A01,A01
procured_balancing_capacity,23,2026-05-24T08:45:00,PT15M,2026-05-24T09:00Z,2026-05-24T08:45Z,1,0,0,B95,EUR,A03,A02,23,MAW,MAW,A01,A01
procured_balancing_capacity,23,2026-05-24T09:00:00,PT15M,2026-05-24T09:15Z,2026-05-24T09:00Z,1,0,0,B95,EUR,A03,A02,23,MAW,MAW,A01,A01
procured_balancing_capacity,23,2026-05-24T09:15:00,PT15M,2026-05-24T09:30Z,2026-05-24T09:15Z,1,0,0,B95,EUR,A03,A02,23,MAW,MAW,A01,A01
procured_balancing_capacity,23,2026-05-24T09:30:00,PT15M,2026-05-24T09:45Z,2026-05-24T09:30Z,1,0,0,B95,EUR,A03,A02,23,MAW,MAW,A01,A01
procured_balancing_capacity,23,2026-05-24T09:45:00,PT15M,2026-05-24T10:00Z,2026-05-24T09:45Z,1,0,0,B95,EUR,A03,A02,23,MAW,MAW,A01,A01
procured_balancing_capacity,23,2026-05-24T10:00:00,PT15M,2026-05-24T10:15Z,2026-05-24T10:00Z,1,0,0,B95,EUR,A03,A02,23,MAW,MAW,A01,A01
procured_balancing_capacity,23,2026-05-24T10:15:00,PT15M,2026-05-24T10:30Z,2026-05-24T10:15Z,1,0,0,B95,EUR,A03,A02,23,MAW,MAW,A01,A01
procured_balancing_capacity,23,2026-05-24T10:30:00,PT15M,2026-05-24T10:45Z,2026-05-24T10:30Z,1,0,0,B95,EUR,A03,A02,23,MAW,MAW,A01,A01
procured_balancing_capacity,23,2026-05-24T10:45:00,PT15M,2026-05-24T11:00Z,2026-05-24T10:45Z,1,0,0,B95,EUR,A03,A02,23,MAW,MAW,A01,A01
procured_balancing_capacity,23,2026-05-24T11:00:00,PT15M,2026-05-24T11:15Z,2026-05-24T11:00Z,1,0,0,B95,EUR,A03,A02,23,MAW,MAW,A01,A01
procured_balancing_capacity,23,2026-05-24T11:15:00,PT15M,2026-05-24T11:30Z,2026-05-24T11:15Z,1,0,0,B95,EUR,A03,A02,23,MAW,MAW,A01,A01
procured_balancing_capacity,23,2026-05-24T11:30:00,PT15M,2026-05-24T11:45Z,2026-05-24T11:30Z,1,0,0,B95,EUR,A03,A02,23,MAW,MAW,A01,A01
procured_balancing_capacity,23,2026-05-24T11:45:00,PT15M,2026-05-24T12:00Z,2026-05-24T11:45Z,1,0,0,B95,EUR,A03,A02,23,MAW,MAW,A01,A01
procured_balancing_capacity,23,2026-05-24T12:00:00,PT15M,2026-05-24T12:15Z,2026-05-24T12:00Z,1,0,0,B95,EUR,A03,A02,23,MAW,MAW,A01,A01
procured_balancing_capacity,23,2026-05-24T12:15:00,PT15M,2026-05-24T12:30Z,2026-05-24T12:15Z,1,0,0,B95,EUR,A03,A02,23,MAW,MAW,A01,A01
procured_balancing_capacity,23,2026-05-24T12:30:00,PT15M,2026-05-24T12:45Z,2026-05-24T12:30Z,1,0,0,B95,EUR,A03,A02,23,MAW,MAW,A01,A01
procured_balancing_capacity,23,2026-05-24T12:45:00,PT15M,2026-05-24T13:00Z,2026-05-24T12:45Z,1,0,0,B95,EUR,A03,A02,23,MAW,MAW,A01,A01
procured_balancing_capacity,23,2026-05-24T13:00:00,PT15M,2026-05-24T13:15Z,2026-05-24T13:00Z,1,0,0,B95,EUR,A03,A02,23,MAW,MAW,A01,A01
procured_balancing_capacity,23,2026-05-24T13:15:00,PT15M,2026-05-24T13:30Z,2026-05-24T13:15Z,1,0,0,B95,EUR,A03,A02,23,MAW,MAW,A01,A01
procured_balancing_capacity,23,2026-05-24T13:30:00,PT15M,2026-05-24T13:45Z,2026-05-24T13:30Z,1,0,0,B95,EUR,A03,A02,23,MAW,MAW,A01,A01
procured_balancing_capacity,23,2026-05-24T13:45:00,PT15M,2026-05-24T14:00Z,2026-05-24T13:45Z,1,10.7,2,B95,EUR,A03,A02,23,MAW,MAW,A01,A01
procured_balancing_capacity,23,2026-05-24T14:00:00,PT15M,2026-05-24T14:15Z,2026-05-24T14:00Z,1,0,0,B95,EUR,A03,A02,23,MAW,MAW,A01,A01
procured_balancing_capacity,23,2026-05-24T14:15:00,PT15M,2026-05-24T14:30Z,2026-05-24T14:15Z,1,0,0,B95,EUR,A03,A02,23,MAW,MAW,A01,A01
procured_balancing_capacity,23,2026-05-24T14:30:00,PT15M,2026-05-24T14:45Z,2026-05-24T14:30Z,1,0,0,B95,EUR,A03,A02,23,MAW,MAW,A01,A01
procured_balancing_capacity,23,2026-05-24T14:45:00,PT15M,2026-05-24T15:00Z,2026-05-24T14:45Z,1,0,0,B95,EUR,A03,A02,23,MAW,MAW,A01,A01
procured_balancing_capacity,23,2026-05-24T15:00:00,PT15M,2026-05-24T15:15Z,2026-05-24T15:00Z,1,0,0,B95,EUR,A03,A02,23,MAW,MAW,A01,A01
procured_balancing_capacity,23,2026-05-24T15:15:00,PT15M,2026-05-24T15:30Z,2026-05-24T15:15Z,1,0,0,B95,EUR,A03,A02,23,MAW,MAW,A01,A01
procured_balancing_capacity,23,2026-05-24T15:30:00,PT15M,2026-05-24T15:45Z,2026-05-24T15:30Z,1,0,0,B95,EUR,A03,A02,23,MAW,MAW,A01,A01
procured_balancing_capacity,23,2026-05-24T15:45:00,PT15M,2026-05-24T16:00Z,2026-05-24T15:45Z,1,0,0,B95,EUR,A03,A02,23,MAW,MAW,A01,A01
procured_balancing_capacity,23,2026-05-24T16:00:00,PT15M,2026-05-24T16:15Z,2026-05-24T16:00Z,1,0,0,B95,EUR,A03,A02,23,MAW,MAW,A01,A01
procured_balancing_capacity,23,2026-05-24T16:15:00,PT15M,2026-05-24T16:30Z,2026-05-24T16:15Z,1,0,0,B95,EUR,A03,A02,23,MAW,MAW,A01,A01
procured_balancing_capacity,23,2026-05-24T16:30:00,PT15M,2026-05-24T16:45Z,2026-05-24T16:30Z,1,0,0,B95,EUR,A03,A02,23,MAW,MAW,A01,A01
procured_balancing_capacity,23,2026-05-24T16:45:00,PT15M,2026-05-24T17:00Z,2026-05-24T16:45Z,1,0,0,B95,EUR,A03,A02,23,MAW,MAW,A01,A01
procured_balancing_capacity,23,2026-05-24T17:00:00,PT15M,2026-05-24T17:15Z,2026-05-24T17:00Z,1,10.7,15,B95,EUR,A03,A02,23,MAW,MAW,A01,A01
procured_balancing_capacity,23,2026-05-24T17:15:00,PT15M,2026-05-24T17:30Z,2026-05-24T17:15Z,1,10.7,15,B95,EUR,A03,A02,23,MAW,MAW,A01,A01
procured_balancing_capacity,23,2026-05-24T17:30:00,PT15M,2026-05-24T17:45Z,2026-05-24T17:30Z,1,10.7,15,B95,EUR,A03,A02,23,MAW,MAW,A01,A01
procured_balancing_capacity,23,2026-05-24T17:45:00,PT15M,2026-05-24T18:00Z,2026-05-24T17:45Z,1,10.7,15,B95,EUR,A03,A02,23,MAW,MAW,A01,A01
procured_balancing_capacity,23,2026-05-24T18:00:00,PT15M,2026-05-24T18:15Z,2026-05-24T18:00Z,1,10.7,15,B95,EUR,A03,A02,23,MAW,MAW,A01,A01
procured_balancing_capacity,23,2026-05-24T18:15:00,PT15M,2026-05-24T18:30Z,2026-05-24T18:15Z,1,10.7,15,B95,EUR,A03,A02,23,MAW,MAW,A01,A01
procured_balancing_capacity,23,2026-05-24T18:30:00,PT15M,2026-05-24T18:45Z,2026-05-24T18:30Z,1,10.7,15,B95,EUR,A03,A02,23,MAW,MAW,A01,A01
procured_balancing_capacity,23,2026-05-24T18:45:00,PT15M,2026-05-24T19:00Z,2026-05-24T18:45Z,1,10.7,15,B95,EUR,A03,A02,23,MAW,MAW,A01,A01
procured_balancing_capacity,23,2026-05-24T19:00:00,PT15M,2026-05-24T19:15Z,2026-05-24T19:00Z,1,10.7,15,B95,EUR,A03,A02,23,MAW,MAW,A01,A01
procured_balancing_capacity,23,2026-05-24T19:15:00,PT15M,2026-05-24T19:30Z,2026-05-24T19:15Z,1,10.7,15,B95,EUR,A03,A02,23,MAW,MAW,A01,A01
procured_balancing_capacity,23,2026-05-24T19:30:00,PT15M,2026-05-24T19:45Z,2026-05-24T19:30Z,1,10.7,15,B95,EUR,A03,A02,23,MAW,MAW,A01,A01
procured_balancing_capacity,23,2026-05-24T19:45:00,PT15M,2026-05-24T20:00Z,2026-05-24T19:45Z,1,10.7,15,B95,EUR,A03,A02,23,MAW,MAW,A01,A01
procured_balancing_capacity,23,2026-05-24T20:00:00,PT15M,2026-05-24T20:15Z,2026-05-24T20:00Z,1,10.54,15,B95,EUR,A03,A02,23,MAW,MAW,A01,A01
procured_balancing_capacity,23,2026-05-24T20:15:00,PT15M,2026-05-24T20:30Z,2026-05-24T20:15Z,1,10.54,15,B95,EUR,A03,A02,23,MAW,MAW,A01,A01
procured_balancing_capacity,23,2026-05-24T20:30:00,PT15M,2026-05-24T20:45Z,2026-05-24T20:30Z,1,10.54,15,B95,EUR,A03,A02,23,MAW,MAW,A01,A01
procured_balancing_capacity,23,2026-05-24T20:45:00,PT15M,2026-05-24T21:00Z,2026-05-24T20:45Z,1,10.54,15,B95,EUR,A03,A02,23,MAW,MAW,A01,A01
procured_balancing_capacity,23,2026-05-24T21:00:00,PT15M,2026-05-24T21:15Z,2026-05-24T21:00Z,1,10.54,13,B95,EUR,A03,A02,23,MAW,MAW,A01,A01
procured_balancing_capacity,23,2026-05-24T21:15:00,PT15M,2026-05-24T21:30Z,2026-05-24T21:15Z,1,10.54,13,B95,EUR,A03,A02,23,MAW,MAW,A01,A01
procured_balancing_capacity,23,2026-05-24T21:30:00,PT15M,2026-05-24T21:45Z,2026-05-24T21:30Z,1,10.54,13,B95,EUR,A03,A02,23,MAW,MAW,A01,A01
procured_balancing_capacity,23,2026-05-24T21:45:00,PT15M,2026-05-24T22:00Z,2026-05-24T21:45Z,1,10.54,13,B95,EUR,A03,A02,23,MAW,MAW,A01,A01
procured_balancing_capacity,24,2026-05-23T22:00:00,PT15M,2026-05-23T22:15Z,2026-05-23T22:00Z,1,26.1,1,B95,EUR,A03,A01,24,MAW,MAW,A01,A01
procured_balancing_capacity,24,2026-05-23T22:15:00,PT15M,2026-05-23T22:30Z,2026-05-23T22:15Z,1,26.1,1,B95,EUR,A03,A01,24,MAW,MAW,A01,A01
procured_balancing_capacity,24,2026-05-23T22:30:00,PT15M,2026-05-23T22:45Z,2026-05-23T22:30Z,1,26.1,1,B95,EUR,A03,A01,24,MAW,MAW,A01,A01
procured_balancing_capacity,24,2026-05-23T22:45:00,PT15M,2026-05-23T23:00Z,2026-05-23T22:45Z,1,26.1,1,B95,EUR,A03,A01,24,MAW,MAW,A01,A01
procured_balancing_capacity,24,2026-05-23T23:00:00,PT15M,2026-05-23T23:15Z,2026-05-23T23:00Z,1,26.1,1,B95,EUR,A03,A01,24,MAW,MAW,A01,A01
procured_balancing_capacity,24,2026-05-23T23:15:00,PT15M,2026-05-23T23:30Z,2026-05-23T23:15Z,1,26.1,1,B95,EUR,A03,A01,24,MAW,MAW,A01,A01
procured_balancing_capacity,24,2026-05-23T23:30:00,PT15M,2026-05-23T23:45Z,2026-05-23T23:30Z,1,26.1,1,B95,EUR,A03,A01,24,MAW,MAW,A01,A01
procured_balancing_capacity,24,2026-05-23T23:45:00,PT15M,2026-05-24T00:00Z,2026-05-23T23:45Z,1,26.1,1,B95,EUR,A03,A01,24,MAW,MAW,A01,A01
procured_balancing_capacity,24,2026-05-24T00:00:00,PT15M,2026-05-24T00:15Z,2026-05-24T00:00Z,1,26.1,1,B95,EUR,A03,A01,24,MAW,MAW,A01,A01
procured_balancing_capacity,24,2026-05-24T00:15:00,PT15M,2026-05-24T00:30Z,2026-05-24T00:15Z,1,26.1,1,B95,EUR,A03,A01,24,MAW,MAW,A01,A01
procured_balancing_capacity,24,2026-05-24T00:30:00,PT15M,2026-05-24T00:45Z,2026-05-24T00:30Z,1,26.1,1,B95,EUR,A03,A01,24,MAW,MAW,A01,A01
procured_balancing_capacity,24,2026-05-24T00:45:00,PT15M,2026-05-24T01:00Z,2026-05-24T00:45Z,1,26.1,1,B95,EUR,A03,A01,24,MAW,MAW,A01,A01
procured_balancing_capacity,24,2026-05-24T01:00:00,PT15M,2026-05-24T01:15Z,2026-05-24T01:00Z,1,24,1,B95,EUR,A03,A01,24,MAW,MAW,A01,A01
procured_balancing_capacity,24,2026-05-24T01:15:00,PT15M,2026-05-24T01:30Z,2026-05-24T01:15Z,1,24,1,B95,EUR,A03,A01,24,MAW,MAW,A01,A01
procured_balancing_capacity,24,2026-05-24T01:30:00,PT15M,2026-05-24T01:45Z,2026-05-24T01:30Z,1,24.6,1,B95,EUR,A03,A01,24,MAW,MAW,A01,A01
procured_balancing_capacity,24,2026-05-24T01:45:00,PT15M,2026-05-24T02:00Z,2026-05-24T01:45Z,1,24.6,1,B95,EUR,A03,A01,24,MAW,MAW,A01,A01
procured_balancing_capacity,24,2026-05-24T02:00:00,PT15M,2026-05-24T02:15Z,2026-05-24T02:00Z,1,30.4,1,B95,EUR,A03,A01,24,MAW,MAW,A01,A01
procured_balancing_capacity,24,2026-05-24T02:15:00,PT15M,2026-05-24T02:30Z,2026-05-24T02:15Z,1,30.4,1,B95,EUR,A03,A01,24,MAW,MAW,A01,A01
procured_balancing_capacity,24,2026-05-24T02:30:00,PT15M,2026-05-24T02:45Z,2026-05-24T02:30Z,1,30.4,1,B95,EUR,A03,A01,24,MAW,MAW,A01,A01
procured_balancing_capacity,24,2026-05-24T02:45:00,PT15M,2026-05-24T03:00Z,2026-05-24T02:45Z,1,30.4,1,B95,EUR,A03,A01,24,MAW,MAW,A01,A01
procured_balancing_capacity,24,2026-05-24T03:00:00,PT15M,2026-05-24T03:15Z,2026-05-24T03:00Z,1,30.4,1,B95,EUR,A03,A01,24,MAW,MAW,A01,A01
procured_balancing_capacity,24,2026-05-24T03:15:00,PT15M,2026-05-24T03:30Z,2026-05-24T03:15Z,1,30.4,1,B95,EUR,A03,A01,24,MAW,MAW,A01,A01
procured_balancing_capacity,24,2026-05-24T03:30:00,PT15M,2026-05-24T03:45Z,2026-05-24T03:30Z,1,30.4,1,B95,EUR,A03,A01,24,MAW,MAW,A01,A01
procured_balancing_capacity,24,2026-05-24T03:45:00,PT15M,2026-05-24T04:00Z,2026-05-24T03:45Z,1,30.4,1,B95,EUR,A03,A01,24,MAW,MAW,A01,A01
procured_balancing_capacity,24,2026-05-24T04:00:00,PT15M,2026-05-24T04:15Z,2026-05-24T04:00Z,1,30.4,1,B95,EUR,A03,A01,24,MAW,MAW,A01,A01
procured_balancing_capacity,24,2026-05-24T04:15:00,PT15M,2026-05-24T04:30Z,2026-05-24T04:15Z,1,30.4,1,B95,EUR,A03,A01,24,MAW,MAW,A01,A01
procured_balancing_capacity,24,2026-05-24T04:30:00,PT15M,2026-05-24T04:45Z,2026-05-24T04:30Z,1,30.4,1,B95,EUR,A03,A01,24,MAW,MAW,A01,A01
procured_balancing_capacity,24,2026-05-24T04:45:00,PT15M,2026-05-24T05:00Z,2026-05-24T04:45Z,1,30.4,1,B95,EUR,A03,A01,24,MAW,MAW,A01,A01
procured_balancing_capacity,24,2026-05-24T05:00:00,PT15M,2026-05-24T05:15Z,2026-05-24T05:00Z,1,30.4,1,B95,EUR,A03,A01,24,MAW,MAW,A01,A01
procured_balancing_capacity,24,2026-05-24T05:15:00,PT15M,2026-05-24T05:30Z,2026-05-24T05:15Z,1,30.4,1,B95,EUR,A03,A01,24,MAW,MAW,A01,A01
procured_balancing_capacity,24,2026-05-24T05:30:00,PT15M,2026-05-24T05:45Z,2026-05-24T05:30Z,1,30.4,1,B95,EUR,A03,A01,24,MAW,MAW,A01,A01
procured_balancing_capacity,24,2026-05-24T05:45:00,PT15M,2026-05-24T06:00Z,2026-05-24T05:45Z,1,30.4,1,B95,EUR,A03,A01,24,MAW,MAW,A01,A01
procured_balancing_capacity,24,2026-05-24T06:00:00,PT15M,2026-05-24T06:15Z,2026-05-24T06:00Z,1,33.9,1,B95,EUR,A03,A01,24,MAW,MAW,A01,A01
procured_balancing_capacity,24,2026-05-24T06:15:00,PT15M,2026-05-24T06:30Z,2026-05-24T06:15Z,1,33.9,1,B95,EUR,A03,A01,24,MAW,MAW,A01,A01
procured_balancing_capacity,24,2026-05-24T06:30:00,PT15M,2026-05-24T06:45Z,2026-05-24T06:30Z,1,33.9,1,B95,EUR,A03,A01,24,MAW,MAW,A01,A01
procured_balancing_capacity,24,2026-05-24T06:45:00,PT15M,2026-05-24T07:00Z,2026-05-24T06:45Z,1,33.9,1,B95,EUR,A03,A01,24,MAW,MAW,A01,A01
procured_balancing_capacity,24,2026-05-24T07:00:00,PT15M,2026-05-24T07:15Z,2026-05-24T07:00Z,1,33.9,1,B95,EUR,A03,A01,24,MAW,MAW,A01,A01
procured_balancing_capacity,24,2026-05-24T07:15:00,PT15M,2026-05-24T07:30Z,2026-05-24T07:15Z,1,33.9,1,B95,EUR,A03,A01,24,MAW,MAW,A01,A01
procured_balancing_capacity,24,2026-05-24T07:30:00,PT15M,2026-05-24T07:45Z,2026-05-24T07:30Z,1,33.9,1,B95,EUR,A03,A01,24,MAW,MAW,A01,A01
procured_balancing_capacity,24,2026-05-24T07:45:00,PT15M,2026-05-24T08:00Z,2026-05-24T07:45Z,1,33.9,1,B95,EUR,A03,A01,24,MAW,MAW,A01,A01
procured_balancing_capacity,24,2026-05-24T08:00:00,PT15M,2026-05-24T08:15Z,2026-05-24T08:00Z,1,33.9,1,B95,EUR,A03,A01,24,MAW,MAW,A01,A01
procured_balancing_capacity,24,2026-05-24T08:15:00,PT15M,2026-05-24T08:30Z,2026-05-24T08:15Z,1,33.9,1,B95,EUR,A03,A01,24,MAW,MAW,A01,A01
procured_balancing_capacity,24,2026-05-24T08:30:00,PT15M,2026-05-24T08:45Z,2026-05-24T08:30Z,1,33.9,1,B95,EUR,A03,A01,24,MAW,MAW,A01,A01
procured_balancing_capacity,24,2026-05-24T08:45:00,PT15M,2026-05-24T09:00Z,2026-05-24T08:45Z,1,33.9,1,B95,EUR,A03,A01,24,MAW,MAW,A01,A01
procured_balancing_capacity,24,2026-05-24T09:00:00,PT15M,2026-05-24T09:15Z,2026-05-24T09:00Z,1,33.9,1,B95,EUR,A03,A01,24,MAW,MAW,A01,A01
procured_balancing_capacity,24,2026-05-24T09:15:00,PT15M,2026-05-24T09:30Z,2026-05-24T09:15Z,1,33.9,1,B95,EUR,A03,A01,24,MAW,MAW,A01,A01
procured_balancing_capacity,24,2026-05-24T09:30:00,PT15M,2026-05-24T09:45Z,2026-05-24T09:30Z,1,33.9,1,B95,EUR,A03,A01,24,MAW,MAW,A01,A01
procured_balancing_capacity,24,2026-05-24T09:45:00,PT15M,2026-05-24T10:00Z,2026-05-24T09:45Z,1,33.9,1,B95,EUR,A03,A01,24,MAW,MAW,A01,A01
procured_balancing_capacity,24,2026-05-24T10:00:00,PT15M,2026-05-24T10:15Z,2026-05-24T10:00Z,1,33.9,1,B95,EUR,A03,A01,24,MAW,MAW,A01,A01
procured_balancing_capacity,24,2026-05-24T10:15:00,PT15M,2026-05-24T10:30Z,2026-05-24T10:15Z,1,33.9,1,B95,EUR,A03,A01,24,MAW,MAW,A01,A01
procured_balancing_capacity,24,2026-05-24T10:30:00,PT15M,2026-05-24T10:45Z,2026-05-24T10:30Z,1,33.9,1,B95,EUR,A03,A01,24,MAW,MAW,A01,A01
procured_balancing_capacity,24,2026-05-24T10:45:00,PT15M,2026-05-24T11:00Z,2026-05-24T10:45Z,1,33.9,1,B95,EUR,A03,A01,24,MAW,MAW,A01,A01
procured_balancing_capacity,24,2026-05-24T11:00:00,PT15M,2026-05-24T11:15Z,2026-05-24T11:00Z,1,33.9,1,B95,EUR,A03,A01,24,MAW,MAW,A01,A01
procured_balancing_capacity,24,2026-05-24T11:15:00,PT15M,2026-05-24T11:30Z,2026-05-24T11:15Z,1,33.9,1,B95,EUR,A03,A01,24,MAW,MAW,A01,A01
procured_balancing_capacity,24,2026-05-24T11:30:00,PT15M,2026-05-24T11:45Z,2026-05-24T11:30Z,1,33.9,1,B95,EUR,A03,A01,24,MAW,MAW,A01,A01
procured_balancing_capacity,24,2026-05-24T11:45:00,PT15M,2026-05-24T12:00Z,2026-05-24T11:45Z,1,33.9,1,B95,EUR,A03,A01,24,MAW,MAW,A01,A01
procured_balancing_capacity,24,2026-05-24T12:00:00,PT15M,2026-05-24T12:15Z,2026-05-24T12:00Z,1,33.9,1,B95,EUR,A03,A01,24,MAW,MAW,A01,A01
procured_balancing_capacity,24,2026-05-24T12:15:00,PT15M,2026-05-24T12:30Z,2026-05-24T12:15Z,1,33.9,1,B95,EUR,A03,A01,24,MAW,MAW,A01,A01
procured_balancing_capacity,24,2026-05-24T12:30:00,PT15M,2026-05-24T12:45Z,2026-05-24T12:30Z,1,33.9,1,B95,EUR,A03,A01,24,MAW,MAW,A01,A01
procured_balancing_capacity,24,2026-05-24T12:45:00,PT15M,2026-05-24T13:00Z,2026-05-24T12:45Z,1,33.9,1,B95,EUR,A03,A01,24,MAW,MAW,A01,A01
procured_balancing_capacity,24,2026-05-24T13:00:00,PT15M,2026-05-24T13:15Z,2026-05-24T13:00Z,1,33.9,1,B95,EUR,A03,A01,24,MAW,MAW,A01,A01
procured_balancing_capacity,24,2026-05-24T13:15:00,PT15M,2026-05-24T13:30Z,2026-05-24T13:15Z,1,33.9,1,B95,EUR,A03,A01,24,MAW,MAW,A01,A01
procured_balancing_capacity,24,2026-05-24T13:30:00,PT15M,2026-05-24T13:45Z,2026-05-24T13:30Z,1,33.9,1,B95,EUR,A03,A01,24,MAW,MAW,A01,A01
procured_balancing_capacity,24,2026-05-24T13:45:00,PT15M,2026-05-24T14:00Z,2026-05-24T13:45Z,1,33.9,1,B95,EUR,A03,A01,24,MAW,MAW,A01,A01
procured_balancing_capacity,24,2026-05-24T14:00:00,PT15M,2026-05-24T14:15Z,2026-05-24T14:00Z,1,33.9,1,B95,EUR,A03,A01,24,MAW,MAW,A01,A01
procured_balancing_capacity,24,2026-05-24T14:15:00,PT15M,2026-05-24T14:30Z,2026-05-24T14:15Z,1,33.9,1,B95,EUR,A03,A01,24,MAW,MAW,A01,A01
procured_balancing_capacity,24,2026-05-24T14:30:00,PT15M,2026-05-24T14:45Z,2026-05-24T14:30Z,1,33.9,1,B95,EUR,A03,A01,24,MAW,MAW,A01,A01
procured_balancing_capacity,24,2026-05-24T14:45:00,PT15M,2026-05-24T15:00Z,2026-05-24T14:45Z,1,33.9,1,B95,EUR,A03,A01,24,MAW,MAW,A01,A01
procured_balancing_capacity,24,2026-05-24T15:00:00,PT15M,2026-05-24T15:15Z,2026-05-24T15:00Z,1,33.9,1,B95,EUR,A03,A01,24,MAW,MAW,A01,A01
procured_balancing_capacity,24,2026-05-24T15:15:00,PT15M,2026-05-24T15:30Z,2026-05-24T15:15Z,1,33.9,1,B95,EUR,A03,A01,24,MAW,MAW,A01,A01
procured_balancing_capacity,24,2026-05-24T15:30:00,PT15M,2026-05-24T15:45Z,2026-05-24T15:30Z,1,33.9,1,B95,EUR,A03,A01,24,MAW,MAW,A01,A01
procured_balancing_capacity,24,2026-05-24T15:45:00,PT15M,2026-05-24T16:00Z,2026-05-24T15:45Z,1,33.9,1,B95,EUR,A03,A01,24,MAW,MAW,A01,A01
procured_balancing_capacity,24,2026-05-24T16:00:00,PT15M,2026-05-24T16:15Z,2026-05-24T16:00Z,1,33.9,1,B95,EUR,A03,A01,24,MAW,MAW,A01,A01
procured_balancing_capacity,24,2026-05-24T16:15:00,PT15M,2026-05-24T16:30Z,2026-05-24T16:15Z,1,33.9,1,B95,EUR,A03,A01,24,MAW,MAW,A01,A01
procured_balancing_capacity,24,2026-05-24T16:30:00,PT15M,2026-05-24T16:45Z,2026-05-24T16:30Z,1,33.9,1,B95,EUR,A03,A01,24,MAW,MAW,A01,A01
procured_balancing_capacity,24,2026-05-24T16:45:00,PT15M,2026-05-24T17:00Z,2026-05-24T16:45Z,1,33.9,1,B95,EUR,A03,A01,24,MAW,MAW,A01,A01
procured_balancing_capacity,24,2026-05-24T17:00:00,PT15M,2026-05-24T17:15Z,2026-05-24T17:00Z,1,33.9,1,B95,EUR,A03,A01,24,MAW,MAW,A01,A01
procured_balancing_capacity,24,2026-05-24T17:15:00,PT15M,2026-05-24T17:30Z,2026-05-24T17:15Z,1,33.9,1,B95,EUR,A03,A01,24,MAW,MAW,A01,A01
procured_balancing_capacity,24,2026-05-24T17:30:00,PT15M,2026-05-24T17:45Z,2026-05-24T17:30Z,1,33.9,1,B95,EUR,A03,A01,24,MAW,MAW,A01,A01
procured_balancing_capacity,24,2026-05-24T17:45:00,PT15M,2026-05-24T18:00Z,2026-05-24T17:45Z,1,33.9,1,B95,EUR,A03,A01,24,MAW,MAW,A01,A01
procured_balancing_capacity,24,2026-05-24T18:00:00,PT15M,2026-05-24T18:15Z,2026-05-24T18:00Z,1,33.9,1,B95,EUR,A03,A01,24,MAW,MAW,A01,A01
procured_balancing_capacity,24,2026-05-24T18:15:00,PT15M,2026-05-24T18:30Z,2026-05-24T18:15Z,1,33.9,1,B95,EUR,A03,A01,24,MAW,MAW,A01,A01
procured_balancing_capacity,24,2026-05-24T18:30:00,PT15M,2026-05-24T18:45Z,2026-05-24T18:30Z,1,33.9,1,B95,EUR,A03,A01,24,MAW,MAW,A01,A01
procured_balancing_capacity,24,2026-05-24T18:45:00,PT15M,2026-05-24T19:00Z,2026-05-24T18:45Z,1,33.9,1,B95,EUR,A03,A01,24,MAW,MAW,A01,A01
procured_balancing_capacity,24,2026-05-24T19:00:00,PT15M,2026-05-24T19:15Z,2026-05-24T19:00Z,1,30.4,1,B95,EUR,A03,A01,24,MAW,MAW,A01,A01
procured_balancing_capacity,24,2026-05-24T19:15:00,PT15M,2026-05-24T19:30Z,2026-05-24T19:15Z,1,30.4,1,B95,EUR,A03,A01,24,MAW,MAW,A01,A01
procured_balancing_capacity,24,2026-05-24T19:30:00,PT15M,2026-05-24T19:45Z,2026-05-24T19:30Z,1,30.4,1,B95,EUR,A03,A01,24,MAW,MAW,A01,A01
procured_balancing_capacity,24,2026-05-24T19:45:00,PT15M,2026-05-24T20:00Z,2026-05-24T19:45Z,1,30.4,1,B95,EUR,A03,A01,24,MAW,MAW,A01,A01
procured_balancing_capacity,24,2026-05-24T20:00:00,PT15M,2026-05-24T20:15Z,2026-05-24T20:00Z,1,29.1,1,B95,EUR,A03,A01,24,MAW,MAW,A01,A01
procured_balancing_capacity,24,2026-05-24T20:15:00,PT15M,2026-05-24T20:30Z,2026-05-24T20:15Z,1,29.1,1,B95,EUR,A03,A01,24,MAW,MAW,A01,A01
procured_balancing_capacity,24,2026-05-24T20:30:00,PT15M,2026-05-24T20:45Z,2026-05-24T20:30Z,1,29.1,1,B95,EUR,A03,A01,24,MAW,MAW,A01,A01
procured_balancing_capacity,24,2026-05-24T20:45:00,PT15M,2026-05-24T21:00Z,2026-05-24T20:45Z,1,29.1,1,B95,EUR,A03,A01,24,MAW,MAW,A01,A01
procured_balancing_capacity,24,2026-05-24T21:00:00,PT15M,2026-05-24T21:15Z,2026-05-24T21:00Z,1,29.1,1,B95,EUR,A03,A01,24,MAW,MAW,A01,A01
procured_balancing_capacity,24,2026-05-24T21:15:00,PT15M,2026-05-24T21:30Z,2026-05-24T21:15Z,1,29.1,1,B95,EUR,A03,A01,24,MAW,MAW,A01,A01
procured_balancing_capacity,24,2026-05-24T21:30:00,PT15M,2026-05-24T21:45Z,2026-05-24T21:30Z,1,29.1,1,B95,EUR,A03,A01,24,MAW,MAW,A01,A01
procured_balancing_capacity,24,2026-05-24T21:45:00,PT15M,2026-05-24T22:00Z,2026-05-24T21:45Z,1,29.1,1,B95,EUR,A03,A01,24,MAW,MAW,A01,A01
procured_balancing_capacity,25,2026-05-23T22:00:00,PT15M,2026-05-23T22:15Z,2026-05-23T22:00Z,1,19,0,B95,EUR,A03,A01,25,MAW,MAW,A01,A01
procured_balancing_capacity,25,2026-05-23T22:15:00,PT15M,2026-05-23T22:30Z,2026-05-23T22:15Z,1,19,0,B95,EUR,A03,A01,25,MAW,MAW,A01,A01
procured_balancing_capacity,25,2026-05-23T22:30:00,PT15M,2026-05-23T22:45Z,2026-05-23T22:30Z,1,19,0,B95,EUR,A03,A01,25,MAW,MAW,A01,A01
procured_balancing_capacity,25,2026-05-23T22:45:00,PT15M,2026-05-23T23:00Z,2026-05-23T22:45Z,1,19,0,B95,EUR,A03,A01,25,MAW,MAW,A01,A01
procured_balancing_capacity,25,2026-05-23T23:00:00,PT15M,2026-05-23T23:15Z,2026-05-23T23:00Z,1,19,0,B95,EUR,A03,A01,25,MAW,MAW,A01,A01
procured_balancing_capacity,25,2026-05-23T23:15:00,PT15M,2026-05-23T23:30Z,2026-05-23T23:15Z,1,19,0,B95,EUR,A03,A01,25,MAW,MAW,A01,A01
procured_balancing_capacity,25,2026-05-23T23:30:00,PT15M,2026-05-23T23:45Z,2026-05-23T23:30Z,1,19,0,B95,EUR,A03,A01,25,MAW,MAW,A01,A01
procured_balancing_capacity,25,2026-05-23T23:45:00,PT15M,2026-05-24T00:00Z,2026-05-23T23:45Z,1,19,0,B95,EUR,A03,A01,25,MAW,MAW,A01,A01
procured_balancing_capacity,25,2026-05-24T00:00:00,PT15M,2026-05-24T00:15Z,2026-05-24T00:00Z,1,19,0,B95,EUR,A03,A01,25,MAW,MAW,A01,A01
procured_balancing_capacity,25,2026-05-24T00:15:00,PT15M,2026-05-24T00:30Z,2026-05-24T00:15Z,1,19,0,B95,EUR,A03,A01,25,MAW,MAW,A01,A01
procured_balancing_capacity,25,2026-05-24T00:30:00,PT15M,2026-05-24T00:45Z,2026-05-24T00:30Z,1,19,0,B95,EUR,A03,A01,25,MAW,MAW,A01,A01
procured_balancing_capacity,25,2026-05-24T00:45:00,PT15M,2026-05-24T01:00Z,2026-05-24T00:45Z,1,19,0,B95,EUR,A03,A01,25,MAW,MAW,A01,A01
procured_balancing_capacity,25,2026-05-24T01:00:00,PT15M,2026-05-24T01:15Z,2026-05-24T01:00Z,1,19,0,B95,EUR,A03,A01,25,MAW,MAW,A01,A01
procured_balancing_capacity,25,2026-05-24T01:15:00,PT15M,2026-05-24T01:30Z,2026-05-24T01:15Z,1,19,0,B95,EUR,A03,A01,25,MAW,MAW,A01,A01
procured_balancing_capacity,25,2026-05-24T01:30:00,PT15M,2026-05-24T01:45Z,2026-05-24T01:30Z,1,19,0,B95,EUR,A03,A01,25,MAW,MAW,A01,A01
procured_balancing_capacity,25,2026-05-24T01:45:00,PT15M,2026-05-24T02:00Z,2026-05-24T01:45Z,1,19,0,B95,EUR,A03,A01,25,MAW,MAW,A01,A01
procured_balancing_capacity,25,2026-05-24T02:00:00,PT15M,2026-05-24T02:15Z,2026-05-24T02:00Z,1,19,0,B95,EUR,A03,A01,25,MAW,MAW,A01,A01
procured_balancing_capacity,25,2026-05-24T02:15:00,PT15M,2026-05-24T02:30Z,2026-05-24T02:15Z,1,19,0,B95,EUR,A03,A01,25,MAW,MAW,A01,A01
procured_balancing_capacity,25,2026-05-24T02:30:00,PT15M,2026-05-24T02:45Z,2026-05-24T02:30Z,1,19,0,B95,EUR,A03,A01,25,MAW,MAW,A01,A01
procured_balancing_capacity,25,2026-05-24T02:45:00,PT15M,2026-05-24T03:00Z,2026-05-24T02:45Z,1,19,0,B95,EUR,A03,A01,25,MAW,MAW,A01,A01
procured_balancing_capacity,25,2026-05-24T03:00:00,PT15M,2026-05-24T03:15Z,2026-05-24T03:00Z,1,34.3,0,B95,EUR,A03,A01,25,MAW,MAW,A01,A01
procured_balancing_capacity,25,2026-05-24T03:15:00,PT15M,2026-05-24T03:30Z,2026-05-24T03:15Z,1,34.3,0,B95,EUR,A03,A01,25,MAW,MAW,A01,A01
procured_balancing_capacity,25,2026-05-24T03:30:00,PT15M,2026-05-24T03:45Z,2026-05-24T03:30Z,1,34.3,0,B95,EUR,A03,A01,25,MAW,MAW,A01,A01
procured_balancing_capacity,25,2026-05-24T03:45:00,PT15M,2026-05-24T04:00Z,2026-05-24T03:45Z,1,34.3,0,B95,EUR,A03,A01,25,MAW,MAW,A01,A01
procured_balancing_capacity,25,2026-05-24T04:00:00,PT15M,2026-05-24T04:15Z,2026-05-24T04:00Z,1,34.3,0,B95,EUR,A03,A01,25,MAW,MAW,A01,A01
procured_balancing_capacity,25,2026-05-24T04:15:00,PT15M,2026-05-24T04:30Z,2026-05-24T04:15Z,1,34.3,0,B95,EUR,A03,A01,25,MAW,MAW,A01,A01
procured_balancing_capacity,25,2026-05-24T04:30:00,PT15M,2026-05-24T04:45Z,2026-05-24T04:30Z,1,34.3,0,B95,EUR,A03,A01,25,MAW,MAW,A01,A01
procured_balancing_capacity,25,2026-05-24T04:45:00,PT15M,2026-05-24T05:00Z,2026-05-24T04:45Z,1,34.3,0,B95,EUR,A03,A01,25,MAW,MAW,A01,A01
procured_balancing_capacity,25,2026-05-24T05:00:00,PT15M,2026-05-24T05:15Z,2026-05-24T05:00Z,1,34.3,0,B95,EUR,A03,A01,25,MAW,MAW,A01,A01
procured_balancing_capacity,25,2026-05-24T05:15:00,PT15M,2026-05-24T05:30Z,2026-05-24T05:15Z,1,34.3,0,B95,EUR,A03,A01,25,MAW,MAW,A01,A01
procured_balancing_capacity,25,2026-05-24T05:30:00,PT15M,2026-05-24T05:45Z,2026-05-24T05:30Z,1,34.3,0,B95,EUR,A03,A01,25,MAW,MAW,A01,A01
procured_balancing_capacity,25,2026-05-24T05:45:00,PT15M,2026-05-24T06:00Z,2026-05-24T05:45Z,1,34.3,0,B95,EUR,A03,A01,25,MAW,MAW,A01,A01
procured_balancing_capacity,25,2026-05-24T06:00:00,PT15M,2026-05-24T06:15Z,2026-05-24T06:00Z,1,34.3,0,B95,EUR,A03,A01,25,MAW,MAW,A01,A01
procured_balancing_capacity,25,2026-05-24T06:15:00,PT15M,2026-05-24T06:30Z,2026-05-24T06:15Z,1,34.3,0,B95,EUR,A03,A01,25,MAW,MAW,A01,A01
procured_balancing_capacity,25,2026-05-24T06:30:00,PT15M,2026-05-24T06:45Z,2026-05-24T06:30Z,1,34.3,0,B95,EUR,A03,A01,25,MAW,MAW,A01,A01
procured_balancing_capacity,25,2026-05-24T06:45:00,PT15M,2026-05-24T07:00Z,2026-05-24T06:45Z,1,34.3,0,B95,EUR,A03,A01,25,MAW,MAW,A01,A01
procured_balancing_capacity,25,2026-05-24T07:00:00,PT15M,2026-05-24T07:15Z,2026-05-24T07:00Z,1,34.3,0,B95,EUR,A03,A01,25,MAW,MAW,A01,A01
procured_balancing_capacity,25,2026-05-24T07:15:00,PT15M,2026-05-24T07:30Z,2026-05-24T07:15Z,1,34.3,0,B95,EUR,A03,A01,25,MAW,MAW,A01,A01
procured_balancing_capacity,25,2026-05-24T07:30:00,PT15M,2026-05-24T07:45Z,2026-05-24T07:30Z,1,34.3,0,B95,EUR,A03,A01,25,MAW,MAW,A01,A01
procured_balancing_capacity,25,2026-05-24T07:45:00,PT15M,2026-05-24T08:00Z,2026-05-24T07:45Z,1,34.3,0,B95,EUR,A03,A01,25,MAW,MAW,A01,A01
procured_balancing_capacity,25,2026-05-24T08:00:00,PT15M,2026-05-24T08:15Z,2026-05-24T08:00Z,1,34.3,0,B95,EUR,A03,A01,25,MAW,MAW,A01,A01
procured_balancing_capacity,25,2026-05-24T08:15:00,PT15M,2026-05-24T08:30Z,2026-05-24T08:15Z,1,34.3,0,B95,EUR,A03,A01,25,MAW,MAW,A01,A01
procured_balancing_capacity,25,2026-05-24T08:30:00,PT15M,2026-05-24T08:45Z,2026-05-24T08:30Z,1,34.3,0,B95,EUR,A03,A01,25,MAW,MAW,A01,A01
procured_balancing_capacity,25,2026-05-24T08:45:00,PT15M,2026-05-24T09:00Z,2026-05-24T08:45Z,1,34.3,0,B95,EUR,A03,A01,25,MAW,MAW,A01,A01
procured_balancing_capacity,25,2026-05-24T09:00:00,PT15M,2026-05-24T09:15Z,2026-05-24T09:00Z,1,34.3,0,B95,EUR,A03,A01,25,MAW,MAW,A01,A01
procured_balancing_capacity,25,2026-05-24T09:15:00,PT15M,2026-05-24T09:30Z,2026-05-24T09:15Z,1,34.3,0,B95,EUR,A03,A01,25,MAW,MAW,A01,A01
procured_balancing_capacity,25,2026-05-24T09:30:00,PT15M,2026-05-24T09:45Z,2026-05-24T09:30Z,1,34.3,0,B95,EUR,A03,A01,25,MAW,MAW,A01,A01
procured_balancing_capacity,25,2026-05-24T09:45:00,PT15M,2026-05-24T10:00Z,2026-05-24T09:45Z,1,34.3,0,B95,EUR,A03,A01,25,MAW,MAW,A01,A01
procured_balancing_capacity,25,2026-05-24T10:00:00,PT15M,2026-05-24T10:15Z,2026-05-24T10:00Z,1,34.3,0,B95,EUR,A03,A01,25,MAW,MAW,A01,A01
procured_balancing_capacity,25,2026-05-24T10:15:00,PT15M,2026-05-24T10:30Z,2026-05-24T10:15Z,1,34.3,0,B95,EUR,A03,A01,25,MAW,MAW,A01,A01
procured_balancing_capacity,25,2026-05-24T10:30:00,PT15M,2026-05-24T10:45Z,2026-05-24T10:30Z,1,34.3,0,B95,EUR,A03,A01,25,MAW,MAW,A01,A01
procured_balancing_capacity,25,2026-05-24T10:45:00,PT15M,2026-05-24T11:00Z,2026-05-24T10:45Z,1,34.3,0,B95,EUR,A03,A01,25,MAW,MAW,A01,A01
procured_balancing_capacity,25,2026-05-24T11:00:00,PT15M,2026-05-24T11:15Z,2026-05-24T11:00Z,1,34.3,0,B95,EUR,A03,A01,25,MAW,MAW,A01,A01
procured_balancing_capacity,25,2026-05-24T11:15:00,PT15M,2026-05-24T11:30Z,2026-05-24T11:15Z,1,34.3,0,B95,EUR,A03,A01,25,MAW,MAW,A01,A01
procured_balancing_capacity,25,2026-05-24T11:30:00,PT15M,2026-05-24T11:45Z,2026-05-24T11:30Z,1,34.3,0,B95,EUR,A03,A01,25,MAW,MAW,A01,A01
procured_balancing_capacity,25,2026-05-24T11:45:00,PT15M,2026-05-24T12:00Z,2026-05-24T11:45Z,1,34.3,0,B95,EUR,A03,A01,25,MAW,MAW,A01,A01
procured_balancing_capacity,25,2026-05-24T12:00:00,PT15M,2026-05-24T12:15Z,2026-05-24T12:00Z,1,34.3,0,B95,EUR,A03,A01,25,MAW,MAW,A01,A01
procured_balancing_capacity,25,2026-05-24T12:15:00,PT15M,2026-05-24T12:30Z,2026-05-24T12:15Z,1,34.3,0,B95,EUR,A03,A01,25,MAW,MAW,A01,A01
procured_balancing_capacity,25,2026-05-24T12:30:00,PT15M,2026-05-24T12:45Z,2026-05-24T12:30Z,1,34.3,0,B95,EUR,A03,A01,25,MAW,MAW,A01,A01
procured_balancing_capacity,25,2026-05-24T12:45:00,PT15M,2026-05-24T13:00Z,2026-05-24T12:45Z,1,34.3,0,B95,EUR,A03,A01,25,MAW,MAW,A01,A01
procured_balancing_capacity,25,2026-05-24T13:00:00,PT15M,2026-05-24T13:15Z,2026-05-24T13:00Z,1,34.3,0,B95,EUR,A03,A01,25,MAW,MAW,A01,A01
procured_balancing_capacity,25,2026-05-24T13:15:00,PT15M,2026-05-24T13:30Z,2026-05-24T13:15Z,1,34.3,0,B95,EUR,A03,A01,25,MAW,MAW,A01,A01
procured_balancing_capacity,25,2026-05-24T13:30:00,PT15M,2026-05-24T13:45Z,2026-05-24T13:30Z,1,34.3,0,B95,EUR,A03,A01,25,MAW,MAW,A01,A01
procured_balancing_capacity,25,2026-05-24T13:45:00,PT15M,2026-05-24T14:00Z,2026-05-24T13:45Z,1,34.3,0,B95,EUR,A03,A01,25,MAW,MAW,A01,A01
procured_balancing_capacity,25,2026-05-24T14:00:00,PT15M,2026-05-24T14:15Z,2026-05-24T14:00Z,1,34.3,0,B95,EUR,A03,A01,25,MAW,MAW,A01,A01
procured_balancing_capacity,25,2026-05-24T14:15:00,PT15M,2026-05-24T14:30Z,2026-05-24T14:15Z,1,34.3,0,B95,EUR,A03,A01,25,MAW,MAW,A01,A01
procured_balancing_capacity,25,2026-05-24T14:30:00,PT15M,2026-05-24T14:45Z,2026-05-24T14:30Z,1,34.3,0,B95,EUR,A03,A01,25,MAW,MAW,A01,A01
procured_balancing_capacity,25,2026-05-24T14:45:00,PT15M,2026-05-24T15:00Z,2026-05-24T14:45Z,1,34.3,0,B95,EUR,A03,A01,25,MAW,MAW,A01,A01
procured_balancing_capacity,25,2026-05-24T15:00:00,PT15M,2026-05-24T15:15Z,2026-05-24T15:00Z,1,34.3,0,B95,EUR,A03,A01,25,MAW,MAW,A01,A01
procured_balancing_capacity,25,2026-05-24T15:15:00,PT15M,2026-05-24T15:30Z,2026-05-24T15:15Z,1,34.3,0,B95,EUR,A03,A01,25,MAW,MAW,A01,A01
procured_balancing_capacity,25,2026-05-24T15:30:00,PT15M,2026-05-24T15:45Z,2026-05-24T15:30Z,1,34.3,0,B95,EUR,A03,A01,25,MAW,MAW,A01,A01
procured_balancing_capacity,25,2026-05-24T15:45:00,PT15M,2026-05-24T16:00Z,2026-05-24T15:45Z,1,34.3,0,B95,EUR,A03,A01,25,MAW,MAW,A01,A01
procured_balancing_capacity,25,2026-05-24T16:00:00,PT15M,2026-05-24T16:15Z,2026-05-24T16:00Z,1,34.3,5,B95,EUR,A03,A01,25,MAW,MAW,A01,A01
procured_balancing_capacity,25,2026-05-24T16:15:00,PT15M,2026-05-24T16:30Z,2026-05-24T16:15Z,1,34.3,5,B95,EUR,A03,A01,25,MAW,MAW,A01,A01
procured_balancing_capacity,25,2026-05-24T16:30:00,PT15M,2026-05-24T16:45Z,2026-05-24T16:30Z,1,34.3,5,B95,EUR,A03,A01,25,MAW,MAW,A01,A01
procured_balancing_capacity,25,2026-05-24T16:45:00,PT15M,2026-05-24T17:00Z,2026-05-24T16:45Z,1,34.3,5,B95,EUR,A03,A01,25,MAW,MAW,A01,A01
procured_balancing_capacity,25,2026-05-24T17:00:00,PT15M,2026-05-24T17:15Z,2026-05-24T17:00Z,1,34.3,5,B95,EUR,A03,A01,25,MAW,MAW,A01,A01
procured_balancing_capacity,25,2026-05-24T17:15:00,PT15M,2026-05-24T17:30Z,2026-05-24T17:15Z,1,34.3,5,B95,EUR,A03,A01,25,MAW,MAW,A01,A01
procured_balancing_capacity,25,2026-05-24T17:30:00,PT15M,2026-05-24T17:45Z,2026-05-24T17:30Z,1,34.3,5,B95,EUR,A03,A01,25,MAW,MAW,A01,A01
procured_balancing_capacity,25,2026-05-24T17:45:00,PT15M,2026-05-24T18:00Z,2026-05-24T17:45Z,1,34.3,5,B95,EUR,A03,A01,25,MAW,MAW,A01,A01
procured_balancing_capacity,25,2026-05-24T18:00:00,PT15M,2026-05-24T18:15Z,2026-05-24T18:00Z,1,34.3,5,B95,EUR,A03,A01,25,MAW,MAW,A01,A01
procured_balancing_capacity,25,2026-05-24T18:15:00,PT15M,2026-05-24T18:30Z,2026-05-24T18:15Z,1,34.3,5,B95,EUR,A03,A01,25,MAW,MAW,A01,A01
procured_balancing_capacity,25,2026-05-24T18:30:00,PT15M,2026-05-24T18:45Z,2026-05-24T18:30Z,1,34.3,5,B95,EUR,A03,A01,25,MAW,MAW,A01,A01
procured_balancing_capacity,25,2026-05-24T18:45:00,PT15M,2026-05-24T19:00Z,2026-05-24T18:45Z,1,34.3,5,B95,EUR,A03,A01,25,MAW,MAW,A01,A01
procured_balancing_capacity,25,2026-05-24T19:00:00,PT15M,2026-05-24T19:15Z,2026-05-24T19:00Z,1,34.3,5,B95,EUR,A03,A01,25,MAW,MAW,A01,A01
procured_balancing_capacity,25,2026-05-24T19:15:00,PT15M,2026-05-24T19:30Z,2026-05-24T19:15Z,1,34.3,5,B95,EUR,A03,A01,25,MAW,MAW,A01,A01
procured_balancing_capacity,25,2026-05-24T19:30:00,PT15M,2026-05-24T19:45Z,2026-05-24T19:30Z,1,34.3,5,B95,EUR,A03,A01,25,MAW,MAW,A01,A01
procured_balancing_capacity,25,2026-05-24T19:45:00,PT15M,2026-05-24T20:00Z,2026-05-24T19:45Z,1,34.3,5,B95,EUR,A03,A01,25,MAW,MAW,A01,A01
procured_balancing_capacity,25,2026-05-24T20:00:00,PT15M,2026-05-24T20:15Z,2026-05-24T20:00Z,1,19,5,B95,EUR,A03,A01,25,MAW,MAW,A01,A01
procured_balancing_capacity,25,2026-05-24T20:15:00,PT15M,2026-05-24T20:30Z,2026-05-24T20:15Z,1,19,5,B95,EUR,A03,A01,25,MAW,MAW,A01,A01
procured_balancing_capacity,25,2026-05-24T20:30:00,PT15M,2026-05-24T20:45Z,2026-05-24T20:30Z,1,19,5,B95,EUR,A03,A01,25,MAW,MAW,A01,A01
procured_balancing_capacity,25,2026-05-24T20:45:00,PT15M,2026-05-24T21:00Z,2026-05-24T20:45Z,1,19,5,B95,EUR,A03,A01,25,MAW,MAW,A01,A01
procured_balancing_capacity,25,2026-05-24T21:00:00,PT15M,2026-05-24T21:15Z,2026-05-24T21:00Z,1,19,5,B95,EUR,A03,A01,25,MAW,MAW,A01,A01
procured_balancing_capacity,25,2026-05-24T21:15:00,PT15M,2026-05-24T21:30Z,2026-05-24T21:15Z,1,19,5,B95,EUR,A03,A01,25,MAW,MAW,A01,A01
procured_balancing_capacity,25,2026-05-24T21:30:00,PT15M,2026-05-24T21:45Z,2026-05-24T21:30Z,1,19,5,B95,EUR,A03,A01,25,MAW,MAW,A01,A01
procured_balancing_capacity,25,2026-05-24T21:45:00,PT15M,2026-05-24T22:00Z,2026-05-24T21:45Z,1,19,5,B95,EUR,A03,A01,25,MAW,MAW,A01,A01
procured_balancing_capacity,26,2026-05-23T22:00:00,PT15M,2026-05-23T22:15Z,2026-05-23T22:00Z,1,10.7,0,B95,EUR,A03,A02,26,MAW,MAW,A01,A01
procured_balancing_capacity,26,2026-05-23T22:15:00,PT15M,2026-05-23T22:30Z,2026-05-23T22:15Z,1,10.7,0,B95,EUR,A03,A02,26,MAW,MAW,A01,A01
procured_balancing_capacity,26,2026-05-23T22:30:00,PT15M,2026-05-23T22:45Z,2026-05-23T22:30Z,1,10.7,0,B95,EUR,A03,A02,26,MAW,MAW,A01,A01
procured_balancing_capacity,26,2026-05-23T22:45:00,PT15M,2026-05-23T23:00Z,2026-05-23T22:45Z,1,10.7,0,B95,EUR,A03,A02,26,MAW,MAW,A01,A01
procured_balancing_capacity,26,2026-05-23T23:00:00,PT15M,2026-05-23T23:15Z,2026-05-23T23:00Z,1,10.7,0,B95,EUR,A03,A02,26,MAW,MAW,A01,A01
procured_balancing_capacity,26,2026-05-23T23:15:00,PT15M,2026-05-23T23:30Z,2026-05-23T23:15Z,1,10.7,0,B95,EUR,A03,A02,26,MAW,MAW,A01,A01
procured_balancing_capacity,26,2026-05-23T23:30:00,PT15M,2026-05-23T23:45Z,2026-05-23T23:30Z,1,10.7,0,B95,EUR,A03,A02,26,MAW,MAW,A01,A01
procured_balancing_capacity,26,2026-05-23T23:45:00,PT15M,2026-05-24T00:00Z,2026-05-23T23:45Z,1,10.7,0,B95,EUR,A03,A02,26,MAW,MAW,A01,A01
procured_balancing_capacity,26,2026-05-24T00:00:00,PT15M,2026-05-24T00:15Z,2026-05-24T00:00Z,1,10.7,0,B95,EUR,A03,A02,26,MAW,MAW,A01,A01
procured_balancing_capacity,26,2026-05-24T00:15:00,PT15M,2026-05-24T00:30Z,2026-05-24T00:15Z,1,10.7,0,B95,EUR,A03,A02,26,MAW,MAW,A01,A01
procured_balancing_capacity,26,2026-05-24T00:30:00,PT15M,2026-05-24T00:45Z,2026-05-24T00:30Z,1,10.7,0,B95,EUR,A03,A02,26,MAW,MAW,A01,A01
procured_balancing_capacity,26,2026-05-24T00:45:00,PT15M,2026-05-24T01:00Z,2026-05-24T00:45Z,1,10.7,0,B95,EUR,A03,A02,26,MAW,MAW,A01,A01
procured_balancing_capacity,26,2026-05-24T01:00:00,PT15M,2026-05-24T01:15Z,2026-05-24T01:00Z,1,10.7,0,B95,EUR,A03,A02,26,MAW,MAW,A01,A01
procured_balancing_capacity,26,2026-05-24T01:15:00,PT15M,2026-05-24T01:30Z,2026-05-24T01:15Z,1,10.7,0,B95,EUR,A03,A02,26,MAW,MAW,A01,A01
procured_balancing_capacity,26,2026-05-24T01:30:00,PT15M,2026-05-24T01:45Z,2026-05-24T01:30Z,1,10.7,0,B95,EUR,A03,A02,26,MAW,MAW,A01,A01
procured_balancing_capacity,26,2026-05-24T01:45:00,PT15M,2026-05-24T02:00Z,2026-05-24T01:45Z,1,10.7,0,B95,EUR,A03,A02,26,MAW,MAW,A01,A01
procured_balancing_capacity,26,2026-05-24T02:00:00,PT15M,2026-05-24T02:15Z,2026-05-24T02:00Z,1,10.7,0,B95,EUR,A03,A02,26,MAW,MAW,A01,A01
procured_balancing_capacity,26,2026-05-24T02:15:00,PT15M,2026-05-24T02:30Z,2026-05-24T02:15Z,1,10.7,0,B95,EUR,A03,A02,26,MAW,MAW,A01,A01
procured_balancing_capacity,26,2026-05-24T02:30:00,PT15M,2026-05-24T02:45Z,2026-05-24T02:30Z,1,10.7,0,B95,EUR,A03,A02,26,MAW,MAW,A01,A01
procured_balancing_capacity,26,2026-05-24T02:45:00,PT15M,2026-05-24T03:00Z,2026-05-24T02:45Z,1,10.7,0,B95,EUR,A03,A02,26,MAW,MAW,A01,A01
procured_balancing_capacity,26,2026-05-24T03:00:00,PT15M,2026-05-24T03:15Z,2026-05-24T03:00Z,1,10.7,0,B95,EUR,A03,A02,26,MAW,MAW,A01,A01
procured_balancing_capacity,26,2026-05-24T03:15:00,PT15M,2026-05-24T03:30Z,2026-05-24T03:15Z,1,10.7,0,B95,EUR,A03,A02,26,MAW,MAW,A01,A01
procured_balancing_capacity,26,2026-05-24T03:30:00,PT15M,2026-05-24T03:45Z,2026-05-24T03:30Z,1,10.7,0,B95,EUR,A03,A02,26,MAW,MAW,A01,A01
procured_balancing_capacity,26,2026-05-24T03:45:00,PT15M,2026-05-24T04:00Z,2026-05-24T03:45Z,1,10.7,0,B95,EUR,A03,A02,26,MAW,MAW,A01,A01
procured_balancing_capacity,26,2026-05-24T04:00:00,PT15M,2026-05-24T04:15Z,2026-05-24T04:00Z,1,10.7,0,B95,EUR,A03,A02,26,MAW,MAW,A01,A01
procured_balancing_capacity,26,2026-05-24T04:15:00,PT15M,2026-05-24T04:30Z,2026-05-24T04:15Z,1,10.7,0,B95,EUR,A03,A02,26,MAW,MAW,A01,A01
procured_balancing_capacity,26,2026-05-24T04:30:00,PT15M,2026-05-24T04:45Z,2026-05-24T04:30Z,1,10.7,0,B95,EUR,A03,A02,26,MAW,MAW,A01,A01
procured_balancing_capacity,26,2026-05-24T04:45:00,PT15M,2026-05-24T05:00Z,2026-05-24T04:45Z,1,10.7,0,B95,EUR,A03,A02,26,MAW,MAW,A01,A01
procured_balancing_capacity,26,2026-05-24T05:00:00,PT15M,2026-05-24T05:15Z,2026-05-24T05:00Z,1,10.7,0,B95,EUR,A03,A02,26,MAW,MAW,A01,A01
procured_balancing_capacity,26,2026-05-24T05:15:00,PT15M,2026-05-24T05:30Z,2026-05-24T05:15Z,1,10.7,0,B95,EUR,A03,A02,26,MAW,MAW,A01,A01
procured_balancing_capacity,26,2026-05-24T05:30:00,PT15M,2026-05-24T05:45Z,2026-05-24T05:30Z,1,10.7,0,B95,EUR,A03,A02,26,MAW,MAW,A01,A01
procured_balancing_capacity,26,2026-05-24T05:45:00,PT15M,2026-05-24T06:00Z,2026-05-24T05:45Z,1,10.7,0,B95,EUR,A03,A02,26,MAW,MAW,A01,A01
procured_balancing_capacity,26,2026-05-24T06:00:00,PT15M,2026-05-24T06:15Z,2026-05-24T06:00Z,1,10.7,0,B95,EUR,A03,A02,26,MAW,MAW,A01,A01
procured_balancing_capacity,26,2026-05-24T06:15:00,PT15M,2026-05-24T06:30Z,2026-05-24T06:15Z,1,10.7,0,B95,EUR,A03,A02,26,MAW,MAW,A01,A01
procured_balancing_capacity,26,2026-05-24T06:30:00,PT15M,2026-05-24T06:45Z,2026-05-24T06:30Z,1,10.7,0,B95,EUR,A03,A02,26,MAW,MAW,A01,A01
procured_balancing_capacity,26,2026-05-24T06:45:00,PT15M,2026-05-24T07:00Z,2026-05-24T06:45Z,1,10.7,0,B95,EUR,A03,A02,26,MAW,MAW,A01,A01
procured_balancing_capacity,26,2026-05-24T07:00:00,PT15M,2026-05-24T07:15Z,2026-05-24T07:00Z,1,10.7,0,B95,EUR,A03,A02,26,MAW,MAW,A01,A01
procured_balancing_capacity,26,2026-05-24T07:15:00,PT15M,2026-05-24T07:30Z,2026-05-24T07:15Z,1,10.7,0,B95,EUR,A03,A02,26,MAW,MAW,A01,A01
procured_balancing_capacity,26,2026-05-24T07:30:00,PT15M,2026-05-24T07:45Z,2026-05-24T07:30Z,1,10.7,0,B95,EUR,A03,A02,26,MAW,MAW,A01,A01
procured_balancing_capacity,26,2026-05-24T07:45:00,PT15M,2026-05-24T08:00Z,2026-05-24T07:45Z,1,10.7,0,B95,EUR,A03,A02,26,MAW,MAW,A01,A01
procured_balancing_capacity,26,2026-05-24T08:00:00,PT15M,2026-05-24T08:15Z,2026-05-24T08:00Z,1,10.7,0,B95,EUR,A03,A02,26,MAW,MAW,A01,A01
procured_balancing_capacity,26,2026-05-24T08:15:00,PT15M,2026-05-24T08:30Z,2026-05-24T08:15Z,1,10.7,0,B95,EUR,A03,A02,26,MAW,MAW,A01,A01
procured_balancing_capacity,26,2026-05-24T08:30:00,PT15M,2026-05-24T08:45Z,2026-05-24T08:30Z,1,10.7,0,B95,EUR,A03,A02,26,MAW,MAW,A01,A01
procured_balancing_capacity,26,2026-05-24T08:45:00,PT15M,2026-05-24T09:00Z,2026-05-24T08:45Z,1,10.7,0,B95,EUR,A03,A02,26,MAW,MAW,A01,A01
procured_balancing_capacity,26,2026-05-24T09:00:00,PT15M,2026-05-24T09:15Z,2026-05-24T09:00Z,1,10.7,0,B95,EUR,A03,A02,26,MAW,MAW,A01,A01
procured_balancing_capacity,26,2026-05-24T09:15:00,PT15M,2026-05-24T09:30Z,2026-05-24T09:15Z,1,10.7,0,B95,EUR,A03,A02,26,MAW,MAW,A01,A01
procured_balancing_capacity,26,2026-05-24T09:30:00,PT15M,2026-05-24T09:45Z,2026-05-24T09:30Z,1,10.7,0,B95,EUR,A03,A02,26,MAW,MAW,A01,A01
procured_balancing_capacity,26,2026-05-24T09:45:00,PT15M,2026-05-24T10:00Z,2026-05-24T09:45Z,1,10.7,0,B95,EUR,A03,A02,26,MAW,MAW,A01,A01
procured_balancing_capacity,26,2026-05-24T10:00:00,PT15M,2026-05-24T10:15Z,2026-05-24T10:00Z,1,10.7,0,B95,EUR,A03,A02,26,MAW,MAW,A01,A01
procured_balancing_capacity,26,2026-05-24T10:15:00,PT15M,2026-05-24T10:30Z,2026-05-24T10:15Z,1,10.7,0,B95,EUR,A03,A02,26,MAW,MAW,A01,A01
procured_balancing_capacity,26,2026-05-24T10:30:00,PT15M,2026-05-24T10:45Z,2026-05-24T10:30Z,1,10.7,0,B95,EUR,A03,A02,26,MAW,MAW,A01,A01
procured_balancing_capacity,26,2026-05-24T10:45:00,PT15M,2026-05-24T11:00Z,2026-05-24T10:45Z,1,10.7,0,B95,EUR,A03,A02,26,MAW,MAW,A01,A01
procured_balancing_capacity,26,2026-05-24T11:00:00,PT15M,2026-05-24T11:15Z,2026-05-24T11:00Z,1,10.7,0,B95,EUR,A03,A02,26,MAW,MAW,A01,A01
procured_balancing_capacity,26,2026-05-24T11:15:00,PT15M,2026-05-24T11:30Z,2026-05-24T11:15Z,1,10.7,0,B95,EUR,A03,A02,26,MAW,MAW,A01,A01
procured_balancing_capacity,26,2026-05-24T11:30:00,PT15M,2026-05-24T11:45Z,2026-05-24T11:30Z,1,10.7,0,B95,EUR,A03,A02,26,MAW,MAW,A01,A01
procured_balancing_capacity,26,2026-05-24T11:45:00,PT15M,2026-05-24T12:00Z,2026-05-24T11:45Z,1,10.7,0,B95,EUR,A03,A02,26,MAW,MAW,A01,A01
procured_balancing_capacity,26,2026-05-24T12:00:00,PT15M,2026-05-24T12:15Z,2026-05-24T12:00Z,1,10.7,0,B95,EUR,A03,A02,26,MAW,MAW,A01,A01
procured_balancing_capacity,26,2026-05-24T12:15:00,PT15M,2026-05-24T12:30Z,2026-05-24T12:15Z,1,10.7,0,B95,EUR,A03,A02,26,MAW,MAW,A01,A01
procured_balancing_capacity,26,2026-05-24T12:30:00,PT15M,2026-05-24T12:45Z,2026-05-24T12:30Z,1,10.7,0,B95,EUR,A03,A02,26,MAW,MAW,A01,A01
procured_balancing_capacity,26,2026-05-24T12:45:00,PT15M,2026-05-24T13:00Z,2026-05-24T12:45Z,1,10.7,0,B95,EUR,A03,A02,26,MAW,MAW,A01,A01
procured_balancing_capacity,26,2026-05-24T13:00:00,PT15M,2026-05-24T13:15Z,2026-05-24T13:00Z,1,10.7,0,B95,EUR,A03,A02,26,MAW,MAW,A01,A01
procured_balancing_capacity,26,2026-05-24T13:15:00,PT15M,2026-05-24T13:30Z,2026-05-24T13:15Z,1,10.7,0,B95,EUR,A03,A02,26,MAW,MAW,A01,A01
procured_balancing_capacity,26,2026-05-24T13:30:00,PT15M,2026-05-24T13:45Z,2026-05-24T13:30Z,1,10.7,0,B95,EUR,A03,A02,26,MAW,MAW,A01,A01
procured_balancing_capacity,26,2026-05-24T13:45:00,PT15M,2026-05-24T14:00Z,2026-05-24T13:45Z,1,10.7,0,B95,EUR,A03,A02,26,MAW,MAW,A01,A01
procured_balancing_capacity,26,2026-05-24T14:00:00,PT15M,2026-05-24T14:15Z,2026-05-24T14:00Z,1,10.7,0,B95,EUR,A03,A02,26,MAW,MAW,A01,A01
procured_balancing_capacity,26,2026-05-24T14:15:00,PT15M,2026-05-24T14:30Z,2026-05-24T14:15Z,1,10.7,0,B95,EUR,A03,A02,26,MAW,MAW,A01,A01
procured_balancing_capacity,26,2026-05-24T14:30:00,PT15M,2026-05-24T14:45Z,2026-05-24T14:30Z,1,10.7,0,B95,EUR,A03,A02,26,MAW,MAW,A01,A01
procured_balancing_capacity,26,2026-05-24T14:45:00,PT15M,2026-05-24T15:00Z,2026-05-24T14:45Z,1,10.7,0,B95,EUR,A03,A02,26,MAW,MAW,A01,A01
procured_balancing_capacity,26,2026-05-24T15:00:00,PT15M,2026-05-24T15:15Z,2026-05-24T15:00Z,1,10.7,0,B95,EUR,A03,A02,26,MAW,MAW,A01,A01
procured_balancing_capacity,26,2026-05-24T15:15:00,PT15M,2026-05-24T15:30Z,2026-05-24T15:15Z,1,10.7,0,B95,EUR,A03,A02,26,MAW,MAW,A01,A01
procured_balancing_capacity,26,2026-05-24T15:30:00,PT15M,2026-05-24T15:45Z,2026-05-24T15:30Z,1,10.7,0,B95,EUR,A03,A02,26,MAW,MAW,A01,A01
procured_balancing_capacity,26,2026-05-24T15:45:00,PT15M,2026-05-24T16:00Z,2026-05-24T15:45Z,1,10.7,0,B95,EUR,A03,A02,26,MAW,MAW,A01,A01
procured_balancing_capacity,26,2026-05-24T16:00:00,PT15M,2026-05-24T16:15Z,2026-05-24T16:00Z,1,10.7,0,B95,EUR,A03,A02,26,MAW,MAW,A01,A01
procured_balancing_capacity,26,2026-05-24T16:15:00,PT15M,2026-05-24T16:30Z,2026-05-24T16:15Z,1,10.7,0,B95,EUR,A03,A02,26,MAW,MAW,A01,A01
procured_balancing_capacity,26,2026-05-24T16:30:00,PT15M,2026-05-24T16:45Z,2026-05-24T16:30Z,1,10.7,0,B95,EUR,A03,A02,26,MAW,MAW,A01,A01
procured_balancing_capacity,26,2026-05-24T16:45:00,PT15M,2026-05-24T17:00Z,2026-05-24T16:45Z,1,10.7,0,B95,EUR,A03,A02,26,MAW,MAW,A01,A01
procured_balancing_capacity,26,2026-05-24T17:00:00,PT15M,2026-05-24T17:15Z,2026-05-24T17:00Z,1,10.7,5,B95,EUR,A03,A02,26,MAW,MAW,A01,A01
procured_balancing_capacity,26,2026-05-24T17:15:00,PT15M,2026-05-24T17:30Z,2026-05-24T17:15Z,1,10.7,5,B95,EUR,A03,A02,26,MAW,MAW,A01,A01
procured_balancing_capacity,26,2026-05-24T17:30:00,PT15M,2026-05-24T17:45Z,2026-05-24T17:30Z,1,10.7,5,B95,EUR,A03,A02,26,MAW,MAW,A01,A01
procured_balancing_capacity,26,2026-05-24T17:45:00,PT15M,2026-05-24T18:00Z,2026-05-24T17:45Z,1,10.7,5,B95,EUR,A03,A02,26,MAW,MAW,A01,A01
procured_balancing_capacity,26,2026-05-24T18:00:00,PT15M,2026-05-24T18:15Z,2026-05-24T18:00Z,1,10.7,5,B95,EUR,A03,A02,26,MAW,MAW,A01,A01
procured_balancing_capacity,26,2026-05-24T18:15:00,PT15M,2026-05-24T18:30Z,2026-05-24T18:15Z,1,10.7,5,B95,EUR,A03,A02,26,MAW,MAW,A01,A01
procured_balancing_capacity,26,2026-05-24T18:30:00,PT15M,2026-05-24T18:45Z,2026-05-24T18:30Z,1,10.7,5,B95,EUR,A03,A02,26,MAW,MAW,A01,A01
procured_balancing_capacity,26,2026-05-24T18:45:00,PT15M,2026-05-24T19:00Z,2026-05-24T18:45Z,1,10.7,5,B95,EUR,A03,A02,26,MAW,MAW,A01,A01
procured_balancing_capacity,26,2026-05-24T19:00:00,PT15M,2026-05-24T19:15Z,2026-05-24T19:00Z,1,10.7,5,B95,EUR,A03,A02,26,MAW,MAW,A01,A01
procured_balancing_capacity,26,2026-05-24T19:15:00,PT15M,2026-05-24T19:30Z,2026-05-24T19:15Z,1,10.7,5,B95,EUR,A03,A02,26,MAW,MAW,A01,A01
procured_balancing_capacity,26,2026-05-24T19:30:00,PT15M,2026-05-24T19:45Z,2026-05-24T19:30Z,1,10.7,5,B95,EUR,A03,A02,26,MAW,MAW,A01,A01
procured_balancing_capacity,26,2026-05-24T19:45:00,PT15M,2026-05-24T20:00Z,2026-05-24T19:45Z,1,10.7,5,B95,EUR,A03,A02,26,MAW,MAW,A01,A01
procured_balancing_capacity,26,2026-05-24T20:00:00,PT15M,2026-05-24T20:15Z,2026-05-24T20:00Z,1,10.7,5,B95,EUR,A03,A02,26,MAW,MAW,A01,A01
procured_balancing_capacity,26,2026-05-24T20:15:00,PT15M,2026-05-24T20:30Z,2026-05-24T20:15Z,1,10.7,5,B95,EUR,A03,A02,26,MAW,MAW,A01,A01
procured_balancing_capacity,26,2026-05-24T20:30:00,PT15M,2026-05-24T20:45Z,2026-05-24T20:30Z,1,10.7,5,B95,EUR,A03,A02,26,MAW,MAW,A01,A01
procured_balancing_capacity,26,2026-05-24T20:45:00,PT15M,2026-05-24T21:00Z,2026-05-24T20:45Z,1,10.7,5,B95,EUR,A03,A02,26,MAW,MAW,A01,A01
procured_balancing_capacity,26,2026-05-24T21:00:00,PT15M,2026-05-24T21:15Z,2026-05-24T21:00Z,1,10.7,5,B95,EUR,A03,A02,26,MAW,MAW,A01,A01
procured_balancing_capacity,26,2026-05-24T21:15:00,PT15M,2026-05-24T21:30Z,2026-05-24T21:15Z,1,10.7,5,B95,EUR,A03,A02,26,MAW,MAW,A01,A01
procured_balancing_capacity,26,2026-05-24T21:30:00,PT15M,2026-05-24T21:45Z,2026-05-24T21:30Z,1,10.7,5,B95,EUR,A03,A02,26,MAW,MAW,A01,A01
procured_balancing_capacity,26,2026-05-24T21:45:00,PT15M,2026-05-24T22:00Z,2026-05-24T21:45Z,1,10.7,5,B95,EUR,A03,A02,26,MAW,MAW,A01,A01
procured_balancing_capacity,27,2026-05-23T22:00:00,PT15M,2026-05-23T22:15Z,2026-05-23T22:00Z,1,17.7,2,B95,EUR,A03,A01,27,MAW,MAW,A01,A01
procured_balancing_capacity,27,2026-05-23T22:15:00,PT15M,2026-05-23T22:30Z,2026-05-23T22:15Z,1,17.7,2,B95,EUR,A03,A01,27,MAW,MAW,A01,A01
procured_balancing_capacity,27,2026-05-23T22:30:00,PT15M,2026-05-23T22:45Z,2026-05-23T22:30Z,1,17.7,2,B95,EUR,A03,A01,27,MAW,MAW,A01,A01
procured_balancing_capacity,27,2026-05-23T22:45:00,PT15M,2026-05-23T23:00Z,2026-05-23T22:45Z,1,17.7,2,B95,EUR,A03,A01,27,MAW,MAW,A01,A01
procured_balancing_capacity,27,2026-05-23T23:00:00,PT15M,2026-05-23T23:15Z,2026-05-23T23:00Z,1,17.7,2,B95,EUR,A03,A01,27,MAW,MAW,A01,A01
procured_balancing_capacity,27,2026-05-23T23:15:00,PT15M,2026-05-23T23:30Z,2026-05-23T23:15Z,1,17.7,2,B95,EUR,A03,A01,27,MAW,MAW,A01,A01
procured_balancing_capacity,27,2026-05-23T23:30:00,PT15M,2026-05-23T23:45Z,2026-05-23T23:30Z,1,17.7,2,B95,EUR,A03,A01,27,MAW,MAW,A01,A01
procured_balancing_capacity,27,2026-05-23T23:45:00,PT15M,2026-05-24T00:00Z,2026-05-23T23:45Z,1,17.7,2,B95,EUR,A03,A01,27,MAW,MAW,A01,A01
procured_balancing_capacity,27,2026-05-24T00:00:00,PT15M,2026-05-24T00:15Z,2026-05-24T00:00Z,1,17.7,2,B95,EUR,A03,A01,27,MAW,MAW,A01,A01
procured_balancing_capacity,27,2026-05-24T00:15:00,PT15M,2026-05-24T00:30Z,2026-05-24T00:15Z,1,17.7,2,B95,EUR,A03,A01,27,MAW,MAW,A01,A01
procured_balancing_capacity,27,2026-05-24T00:30:00,PT15M,2026-05-24T00:45Z,2026-05-24T00:30Z,1,17.7,2,B95,EUR,A03,A01,27,MAW,MAW,A01,A01
procured_balancing_capacity,27,2026-05-24T00:45:00,PT15M,2026-05-24T01:00Z,2026-05-24T00:45Z,1,17.7,2,B95,EUR,A03,A01,27,MAW,MAW,A01,A01
procured_balancing_capacity,27,2026-05-24T01:00:00,PT15M,2026-05-24T01:15Z,2026-05-24T01:00Z,1,17.7,2,B95,EUR,A03,A01,27,MAW,MAW,A01,A01
procured_balancing_capacity,27,2026-05-24T01:15:00,PT15M,2026-05-24T01:30Z,2026-05-24T01:15Z,1,17.7,2,B95,EUR,A03,A01,27,MAW,MAW,A01,A01
procured_balancing_capacity,27,2026-05-24T01:30:00,PT15M,2026-05-24T01:45Z,2026-05-24T01:30Z,1,17.7,2,B95,EUR,A03,A01,27,MAW,MAW,A01,A01
procured_balancing_capacity,27,2026-05-24T01:45:00,PT15M,2026-05-24T02:00Z,2026-05-24T01:45Z,1,17.7,2,B95,EUR,A03,A01,27,MAW,MAW,A01,A01
procured_balancing_capacity,27,2026-05-24T02:00:00,PT15M,2026-05-24T02:15Z,2026-05-24T02:00Z,1,17.7,2,B95,EUR,A03,A01,27,MAW,MAW,A01,A01
procured_balancing_capacity,27,2026-05-24T02:15:00,PT15M,2026-05-24T02:30Z,2026-05-24T02:15Z,1,17.7,2,B95,EUR,A03,A01,27,MAW,MAW,A01,A01
procured_balancing_capacity,27,2026-05-24T02:30:00,PT15M,2026-05-24T02:45Z,2026-05-24T02:30Z,1,17.7,2,B95,EUR,A03,A01,27,MAW,MAW,A01,A01
procured_balancing_capacity,27,2026-05-24T02:45:00,PT15M,2026-05-24T03:00Z,2026-05-24T02:45Z,1,17.7,2,B95,EUR,A03,A01,27,MAW,MAW,A01,A01
procured_balancing_capacity,27,2026-05-24T03:00:00,PT15M,2026-05-24T03:15Z,2026-05-24T03:00Z,1,17.7,2,B95,EUR,A03,A01,27,MAW,MAW,A01,A01
procured_balancing_capacity,27,2026-05-24T03:15:00,PT15M,2026-05-24T03:30Z,2026-05-24T03:15Z,1,17.7,2,B95,EUR,A03,A01,27,MAW,MAW,A01,A01
procured_balancing_capacity,27,2026-05-24T03:30:00,PT15M,2026-05-24T03:45Z,2026-05-24T03:30Z,1,17.7,2,B95,EUR,A03,A01,27,MAW,MAW,A01,A01
procured_balancing_capacity,27,2026-05-24T03:45:00,PT15M,2026-05-24T04:00Z,2026-05-24T03:45Z,1,17.7,2,B95,EUR,A03,A01,27,MAW,MAW,A01,A01
procured_balancing_capacity,27,2026-05-24T04:00:00,PT15M,2026-05-24T04:15Z,2026-05-24T04:00Z,1,35.3,2,B95,EUR,A03,A01,27,MAW,MAW,A01,A01
procured_balancing_capacity,27,2026-05-24T04:15:00,PT15M,2026-05-24T04:30Z,2026-05-24T04:15Z,1,35.3,2,B95,EUR,A03,A01,27,MAW,MAW,A01,A01
procured_balancing_capacity,27,2026-05-24T04:30:00,PT15M,2026-05-24T04:45Z,2026-05-24T04:30Z,1,35.3,2,B95,EUR,A03,A01,27,MAW,MAW,A01,A01
procured_balancing_capacity,27,2026-05-24T04:45:00,PT15M,2026-05-24T05:00Z,2026-05-24T04:45Z,1,35.3,2,B95,EUR,A03,A01,27,MAW,MAW,A01,A01
procured_balancing_capacity,27,2026-05-24T05:00:00,PT15M,2026-05-24T05:15Z,2026-05-24T05:00Z,1,35.3,2,B95,EUR,A03,A01,27,MAW,MAW,A01,A01
procured_balancing_capacity,27,2026-05-24T05:15:00,PT15M,2026-05-24T05:30Z,2026-05-24T05:15Z,1,35.3,2,B95,EUR,A03,A01,27,MAW,MAW,A01,A01
procured_balancing_capacity,27,2026-05-24T05:30:00,PT15M,2026-05-24T05:45Z,2026-05-24T05:30Z,1,35.3,2,B95,EUR,A03,A01,27,MAW,MAW,A01,A01
procured_balancing_capacity,27,2026-05-24T05:45:00,PT15M,2026-05-24T06:00Z,2026-05-24T05:45Z,1,35.3,2,B95,EUR,A03,A01,27,MAW,MAW,A01,A01
procured_balancing_capacity,27,2026-05-24T06:00:00,PT15M,2026-05-24T06:15Z,2026-05-24T06:00Z,1,35.3,2,B95,EUR,A03,A01,27,MAW,MAW,A01,A01
procured_balancing_capacity,27,2026-05-24T06:15:00,PT15M,2026-05-24T06:30Z,2026-05-24T06:15Z,1,35.3,2,B95,EUR,A03,A01,27,MAW,MAW,A01,A01
procured_balancing_capacity,27,2026-05-24T06:30:00,PT15M,2026-05-24T06:45Z,2026-05-24T06:30Z,1,35.3,2,B95,EUR,A03,A01,27,MAW,MAW,A01,A01
procured_balancing_capacity,27,2026-05-24T06:45:00,PT15M,2026-05-24T07:00Z,2026-05-24T06:45Z,1,35.3,2,B95,EUR,A03,A01,27,MAW,MAW,A01,A01
procured_balancing_capacity,27,2026-05-24T07:00:00,PT15M,2026-05-24T07:15Z,2026-05-24T07:00Z,1,35.3,2,B95,EUR,A03,A01,27,MAW,MAW,A01,A01
procured_balancing_capacity,27,2026-05-24T07:15:00,PT15M,2026-05-24T07:30Z,2026-05-24T07:15Z,1,35.3,2,B95,EUR,A03,A01,27,MAW,MAW,A01,A01
procured_balancing_capacity,27,2026-05-24T07:30:00,PT15M,2026-05-24T07:45Z,2026-05-24T07:30Z,1,35.3,2,B95,EUR,A03,A01,27,MAW,MAW,A01,A01
procured_balancing_capacity,27,2026-05-24T07:45:00,PT15M,2026-05-24T08:00Z,2026-05-24T07:45Z,1,35.3,2,B95,EUR,A03,A01,27,MAW,MAW,A01,A01
procured_balancing_capacity,27,2026-05-24T08:00:00,PT15M,2026-05-24T08:15Z,2026-05-24T08:00Z,1,0,0,B95,EUR,A03,A01,27,MAW,MAW,A01,A01
procured_balancing_capacity,27,2026-05-24T08:15:00,PT15M,2026-05-24T08:30Z,2026-05-24T08:15Z,1,0,0,B95,EUR,A03,A01,27,MAW,MAW,A01,A01
procured_balancing_capacity,27,2026-05-24T08:30:00,PT15M,2026-05-24T08:45Z,2026-05-24T08:30Z,1,0,0,B95,EUR,A03,A01,27,MAW,MAW,A01,A01
procured_balancing_capacity,27,2026-05-24T08:45:00,PT15M,2026-05-24T09:00Z,2026-05-24T08:45Z,1,0,0,B95,EUR,A03,A01,27,MAW,MAW,A01,A01
procured_balancing_capacity,27,2026-05-24T09:00:00,PT15M,2026-05-24T09:15Z,2026-05-24T09:00Z,1,0,0,B95,EUR,A03,A01,27,MAW,MAW,A01,A01
procured_balancing_capacity,27,2026-05-24T09:15:00,PT15M,2026-05-24T09:30Z,2026-05-24T09:15Z,1,0,0,B95,EUR,A03,A01,27,MAW,MAW,A01,A01
procured_balancing_capacity,27,2026-05-24T09:30:00,PT15M,2026-05-24T09:45Z,2026-05-24T09:30Z,1,0,0,B95,EUR,A03,A01,27,MAW,MAW,A01,A01
procured_balancing_capacity,27,2026-05-24T09:45:00,PT15M,2026-05-24T10:00Z,2026-05-24T09:45Z,1,0,0,B95,EUR,A03,A01,27,MAW,MAW,A01,A01
procured_balancing_capacity,27,2026-05-24T10:00:00,PT15M,2026-05-24T10:15Z,2026-05-24T10:00Z,1,35.3,2,B95,EUR,A03,A01,27,MAW,MAW,A01,A01
procured_balancing_capacity,27,2026-05-24T10:15:00,PT15M,2026-05-24T10:30Z,2026-05-24T10:15Z,1,35.3,2,B95,EUR,A03,A01,27,MAW,MAW,A01,A01
procured_balancing_capacity,27,2026-05-24T10:30:00,PT15M,2026-05-24T10:45Z,2026-05-24T10:30Z,1,35.3,2,B95,EUR,A03,A01,27,MAW,MAW,A01,A01
procured_balancing_capacity,27,2026-05-24T10:45:00,PT15M,2026-05-24T11:00Z,2026-05-24T10:45Z,1,35.3,2,B95,EUR,A03,A01,27,MAW,MAW,A01,A01
procured_balancing_capacity,27,2026-05-24T11:00:00,PT15M,2026-05-24T11:15Z,2026-05-24T11:00Z,1,35.3,2,B95,EUR,A03,A01,27,MAW,MAW,A01,A01
procured_balancing_capacity,27,2026-05-24T11:15:00,PT15M,2026-05-24T11:30Z,2026-05-24T11:15Z,1,35.3,2,B95,EUR,A03,A01,27,MAW,MAW,A01,A01
procured_balancing_capacity,27,2026-05-24T11:30:00,PT15M,2026-05-24T11:45Z,2026-05-24T11:30Z,1,35.3,2,B95,EUR,A03,A01,27,MAW,MAW,A01,A01
procured_balancing_capacity,27,2026-05-24T11:45:00,PT15M,2026-05-24T12:00Z,2026-05-24T11:45Z,1,35.3,2,B95,EUR,A03,A01,27,MAW,MAW,A01,A01
procured_balancing_capacity,27,2026-05-24T12:00:00,PT15M,2026-05-24T12:15Z,2026-05-24T12:00Z,1,35.3,2,B95,EUR,A03,A01,27,MAW,MAW,A01,A01
procured_balancing_capacity,27,2026-05-24T12:15:00,PT15M,2026-05-24T12:30Z,2026-05-24T12:15Z,1,35.3,2,B95,EUR,A03,A01,27,MAW,MAW,A01,A01
procured_balancing_capacity,27,2026-05-24T12:30:00,PT15M,2026-05-24T12:45Z,2026-05-24T12:30Z,1,35.3,2,B95,EUR,A03,A01,27,MAW,MAW,A01,A01
procured_balancing_capacity,27,2026-05-24T12:45:00,PT15M,2026-05-24T13:00Z,2026-05-24T12:45Z,1,35.3,2,B95,EUR,A03,A01,27,MAW,MAW,A01,A01
procured_balancing_capacity,27,2026-05-24T13:00:00,PT15M,2026-05-24T13:15Z,2026-05-24T13:00Z,1,35.3,2,B95,EUR,A03,A01,27,MAW,MAW,A01,A01
procured_balancing_capacity,27,2026-05-24T13:15:00,PT15M,2026-05-24T13:30Z,2026-05-24T13:15Z,1,35.3,2,B95,EUR,A03,A01,27,MAW,MAW,A01,A01
procured_balancing_capacity,27,2026-05-24T13:30:00,PT15M,2026-05-24T13:45Z,2026-05-24T13:30Z,1,35.3,2,B95,EUR,A03,A01,27,MAW,MAW,A01,A01
procured_balancing_capacity,27,2026-05-24T13:45:00,PT15M,2026-05-24T14:00Z,2026-05-24T13:45Z,1,35.3,2,B95,EUR,A03,A01,27,MAW,MAW,A01,A01
procured_balancing_capacity,27,2026-05-24T14:00:00,PT15M,2026-05-24T14:15Z,2026-05-24T14:00Z,1,0,0,B95,EUR,A03,A01,27,MAW,MAW,A01,A01
procured_balancing_capacity,27,2026-05-24T14:15:00,PT15M,2026-05-24T14:30Z,2026-05-24T14:15Z,1,0,0,B95,EUR,A03,A01,27,MAW,MAW,A01,A01
procured_balancing_capacity,27,2026-05-24T14:30:00,PT15M,2026-05-24T14:45Z,2026-05-24T14:30Z,1,0,0,B95,EUR,A03,A01,27,MAW,MAW,A01,A01
procured_balancing_capacity,27,2026-05-24T14:45:00,PT15M,2026-05-24T15:00Z,2026-05-24T14:45Z,1,0,0,B95,EUR,A03,A01,27,MAW,MAW,A01,A01
procured_balancing_capacity,27,2026-05-24T15:00:00,PT15M,2026-05-24T15:15Z,2026-05-24T15:00Z,1,35.3,2,B95,EUR,A03,A01,27,MAW,MAW,A01,A01
procured_balancing_capacity,27,2026-05-24T15:15:00,PT15M,2026-05-24T15:30Z,2026-05-24T15:15Z,1,35.3,2,B95,EUR,A03,A01,27,MAW,MAW,A01,A01
procured_balancing_capacity,27,2026-05-24T15:30:00,PT15M,2026-05-24T15:45Z,2026-05-24T15:30Z,1,35.3,2,B95,EUR,A03,A01,27,MAW,MAW,A01,A01
procured_balancing_capacity,27,2026-05-24T15:45:00,PT15M,2026-05-24T16:00Z,2026-05-24T15:45Z,1,35.3,2,B95,EUR,A03,A01,27,MAW,MAW,A01,A01
procured_balancing_capacity,27,2026-05-24T16:00:00,PT15M,2026-05-24T16:15Z,2026-05-24T16:00Z,1,35.3,2,B95,EUR,A03,A01,27,MAW,MAW,A01,A01
procured_balancing_capacity,27,2026-05-24T16:15:00,PT15M,2026-05-24T16:30Z,2026-05-24T16:15Z,1,35.3,2,B95,EUR,A03,A01,27,MAW,MAW,A01,A01
procured_balancing_capacity,27,2026-05-24T16:30:00,PT15M,2026-05-24T16:45Z,2026-05-24T16:30Z,1,35.3,2,B95,EUR,A03,A01,27,MAW,MAW,A01,A01
procured_balancing_capacity,27,2026-05-24T16:45:00,PT15M,2026-05-24T17:00Z,2026-05-24T16:45Z,1,35.3,2,B95,EUR,A03,A01,27,MAW,MAW,A01,A01
procured_balancing_capacity,27,2026-05-24T17:00:00,PT15M,2026-05-24T17:15Z,2026-05-24T17:00Z,1,31.8,2,B95,EUR,A03,A01,27,MAW,MAW,A01,A01
procured_balancing_capacity,27,2026-05-24T17:15:00,PT15M,2026-05-24T17:30Z,2026-05-24T17:15Z,1,31.8,2,B95,EUR,A03,A01,27,MAW,MAW,A01,A01
procured_balancing_capacity,27,2026-05-24T17:30:00,PT15M,2026-05-24T17:45Z,2026-05-24T17:30Z,1,31.8,2,B95,EUR,A03,A01,27,MAW,MAW,A01,A01
procured_balancing_capacity,27,2026-05-24T17:45:00,PT15M,2026-05-24T18:00Z,2026-05-24T17:45Z,1,31.8,2,B95,EUR,A03,A01,27,MAW,MAW,A01,A01
procured_balancing_capacity,27,2026-05-24T18:00:00,PT15M,2026-05-24T18:15Z,2026-05-24T18:00Z,1,31.8,1,B95,EUR,A03,A01,27,MAW,MAW,A01,A01
procured_balancing_capacity,27,2026-05-24T18:15:00,PT15M,2026-05-24T18:30Z,2026-05-24T18:15Z,1,31.8,1,B95,EUR,A03,A01,27,MAW,MAW,A01,A01
procured_balancing_capacity,27,2026-05-24T18:30:00,PT15M,2026-05-24T18:45Z,2026-05-24T18:30Z,1,31.8,1,B95,EUR,A03,A01,27,MAW,MAW,A01,A01
procured_balancing_capacity,27,2026-05-24T18:45:00,PT15M,2026-05-24T19:00Z,2026-05-24T18:45Z,1,31.8,1,B95,EUR,A03,A01,27,MAW,MAW,A01,A01
procured_balancing_capacity,27,2026-05-24T19:00:00,PT15M,2026-05-24T19:15Z,2026-05-24T19:00Z,1,31.8,2,B95,EUR,A03,A01,27,MAW,MAW,A01,A01
procured_balancing_capacity,27,2026-05-24T19:15:00,PT15M,2026-05-24T19:30Z,2026-05-24T19:15Z,1,31.8,2,B95,EUR,A03,A01,27,MAW,MAW,A01,A01
procured_balancing_capacity,27,2026-05-24T19:30:00,PT15M,2026-05-24T19:45Z,2026-05-24T19:30Z,1,31.8,2,B95,EUR,A03,A01,27,MAW,MAW,A01,A01
procured_balancing_capacity,27,2026-05-24T19:45:00,PT15M,2026-05-24T20:00Z,2026-05-24T19:45Z,1,31.8,2,B95,EUR,A03,A01,27,MAW,MAW,A01,A01
procured_balancing_capacity,27,2026-05-24T20:00:00,PT15M,2026-05-24T20:15Z,2026-05-24T20:00Z,1,17.7,2,B95,EUR,A03,A01,27,MAW,MAW,A01,A01
procured_balancing_capacity,27,2026-05-24T20:15:00,PT15M,2026-05-24T20:30Z,2026-05-24T20:15Z,1,17.7,2,B95,EUR,A03,A01,27,MAW,MAW,A01,A01
procured_balancing_capacity,27,2026-05-24T20:30:00,PT15M,2026-05-24T20:45Z,2026-05-24T20:30Z,1,17.7,2,B95,EUR,A03,A01,27,MAW,MAW,A01,A01
procured_balancing_capacity,27,2026-05-24T20:45:00,PT15M,2026-05-24T21:00Z,2026-05-24T20:45Z,1,17.7,2,B95,EUR,A03,A01,27,MAW,MAW,A01,A01
procured_balancing_capacity,27,2026-05-24T21:00:00,PT15M,2026-05-24T21:15Z,2026-05-24T21:00Z,1,17.7,2,B95,EUR,A03,A01,27,MAW,MAW,A01,A01
procured_balancing_capacity,27,2026-05-24T21:15:00,PT15M,2026-05-24T21:30Z,2026-05-24T21:15Z,1,17.7,2,B95,EUR,A03,A01,27,MAW,MAW,A01,A01
procured_balancing_capacity,27,2026-05-24T21:30:00,PT15M,2026-05-24T21:45Z,2026-05-24T21:30Z,1,17.7,2,B95,EUR,A03,A01,27,MAW,MAW,A01,A01
procured_balancing_capacity,27,2026-05-24T21:45:00,PT15M,2026-05-24T22:00Z,2026-05-24T21:45Z,1,17.7,2,B95,EUR,A03,A01,27,MAW,MAW,A01,A01
procured_balancing_capacity,28,2026-05-23T22:00:00,PT15M,2026-05-23T22:15Z,2026-05-23T22:00Z,1,9.8,1,B95,EUR,A03,A02,28,MAW,MAW,A01,A01
procured_balancing_capacity,28,2026-05-23T22:15:00,PT15M,2026-05-23T22:30Z,2026-05-23T22:15Z,1,9.8,1,B95,EUR,A03,A02,28,MAW,MAW,A01,A01
procured_balancing_capacity,28,2026-05-23T22:30:00,PT15M,2026-05-23T22:45Z,2026-05-23T22:30Z,1,9.8,1,B95,EUR,A03,A02,28,MAW,MAW,A01,A01
procured_balancing_capacity,28,2026-05-23T22:45:00,PT15M,2026-05-23T23:00Z,2026-05-23T22:45Z,1,9.8,1,B95,EUR,A03,A02,28,MAW,MAW,A01,A01
procured_balancing_capacity,28,2026-05-23T23:00:00,PT15M,2026-05-23T23:15Z,2026-05-23T23:00Z,1,9.8,1,B95,EUR,A03,A02,28,MAW,MAW,A01,A01
procured_balancing_capacity,28,2026-05-23T23:15:00,PT15M,2026-05-23T23:30Z,2026-05-23T23:15Z,1,9.8,1,B95,EUR,A03,A02,28,MAW,MAW,A01,A01
procured_balancing_capacity,28,2026-05-23T23:30:00,PT15M,2026-05-23T23:45Z,2026-05-23T23:30Z,1,9.8,1,B95,EUR,A03,A02,28,MAW,MAW,A01,A01
procured_balancing_capacity,28,2026-05-23T23:45:00,PT15M,2026-05-24T00:00Z,2026-05-23T23:45Z,1,9.8,1,B95,EUR,A03,A02,28,MAW,MAW,A01,A01
procured_balancing_capacity,28,2026-05-24T00:00:00,PT15M,2026-05-24T00:15Z,2026-05-24T00:00Z,1,9.8,1,B95,EUR,A03,A02,28,MAW,MAW,A01,A01
procured_balancing_capacity,28,2026-05-24T00:15:00,PT15M,2026-05-24T00:30Z,2026-05-24T00:15Z,1,9.8,1,B95,EUR,A03,A02,28,MAW,MAW,A01,A01
procured_balancing_capacity,28,2026-05-24T00:30:00,PT15M,2026-05-24T00:45Z,2026-05-24T00:30Z,1,9.8,1,B95,EUR,A03,A02,28,MAW,MAW,A01,A01
procured_balancing_capacity,28,2026-05-24T00:45:00,PT15M,2026-05-24T01:00Z,2026-05-24T00:45Z,1,9.8,1,B95,EUR,A03,A02,28,MAW,MAW,A01,A01
procured_balancing_capacity,28,2026-05-24T01:00:00,PT15M,2026-05-24T01:15Z,2026-05-24T01:00Z,1,9.8,2,B95,EUR,A03,A02,28,MAW,MAW,A01,A01
procured_balancing_capacity,28,2026-05-24T01:15:00,PT15M,2026-05-24T01:30Z,2026-05-24T01:15Z,1,9.8,2,B95,EUR,A03,A02,28,MAW,MAW,A01,A01
procured_balancing_capacity,28,2026-05-24T01:30:00,PT15M,2026-05-24T01:45Z,2026-05-24T01:30Z,1,9.8,2,B95,EUR,A03,A02,28,MAW,MAW,A01,A01
procured_balancing_capacity,28,2026-05-24T01:45:00,PT15M,2026-05-24T02:00Z,2026-05-24T01:45Z,1,9.8,2,B95,EUR,A03,A02,28,MAW,MAW,A01,A01
procured_balancing_capacity,28,2026-05-24T02:00:00,PT15M,2026-05-24T02:15Z,2026-05-24T02:00Z,1,9.8,2,B95,EUR,A03,A02,28,MAW,MAW,A01,A01
procured_balancing_capacity,28,2026-05-24T02:15:00,PT15M,2026-05-24T02:30Z,2026-05-24T02:15Z,1,9.8,2,B95,EUR,A03,A02,28,MAW,MAW,A01,A01
procured_balancing_capacity,28,2026-05-24T02:30:00,PT15M,2026-05-24T02:45Z,2026-05-24T02:30Z,1,9.8,2,B95,EUR,A03,A02,28,MAW,MAW,A01,A01
procured_balancing_capacity,28,2026-05-24T02:45:00,PT15M,2026-05-24T03:00Z,2026-05-24T02:45Z,1,9.8,2,B95,EUR,A03,A02,28,MAW,MAW,A01,A01
procured_balancing_capacity,28,2026-05-24T03:00:00,PT15M,2026-05-24T03:15Z,2026-05-24T03:00Z,1,9.8,2,B95,EUR,A03,A02,28,MAW,MAW,A01,A01
procured_balancing_capacity,28,2026-05-24T03:15:00,PT15M,2026-05-24T03:30Z,2026-05-24T03:15Z,1,9.8,2,B95,EUR,A03,A02,28,MAW,MAW,A01,A01
procured_balancing_capacity,28,2026-05-24T03:30:00,PT15M,2026-05-24T03:45Z,2026-05-24T03:30Z,1,9.8,2,B95,EUR,A03,A02,28,MAW,MAW,A01,A01
procured_balancing_capacity,28,2026-05-24T03:45:00,PT15M,2026-05-24T04:00Z,2026-05-24T03:45Z,1,9.8,2,B95,EUR,A03,A02,28,MAW,MAW,A01,A01
procured_balancing_capacity,28,2026-05-24T04:00:00,PT15M,2026-05-24T04:15Z,2026-05-24T04:00Z,1,10.7,2,B95,EUR,A03,A02,28,MAW,MAW,A01,A01
procured_balancing_capacity,28,2026-05-24T04:15:00,PT15M,2026-05-24T04:30Z,2026-05-24T04:15Z,1,10.7,2,B95,EUR,A03,A02,28,MAW,MAW,A01,A01
procured_balancing_capacity,28,2026-05-24T04:30:00,PT15M,2026-05-24T04:45Z,2026-05-24T04:30Z,1,10.7,2,B95,EUR,A03,A02,28,MAW,MAW,A01,A01
procured_balancing_capacity,28,2026-05-24T04:45:00,PT15M,2026-05-24T05:00Z,2026-05-24T04:45Z,1,10.7,2,B95,EUR,A03,A02,28,MAW,MAW,A01,A01
procured_balancing_capacity,28,2026-05-24T05:00:00,PT15M,2026-05-24T05:15Z,2026-05-24T05:00Z,1,10.7,2,B95,EUR,A03,A02,28,MAW,MAW,A01,A01
procured_balancing_capacity,28,2026-05-24T05:15:00,PT15M,2026-05-24T05:30Z,2026-05-24T05:15Z,1,10.7,2,B95,EUR,A03,A02,28,MAW,MAW,A01,A01
procured_balancing_capacity,28,2026-05-24T05:30:00,PT15M,2026-05-24T05:45Z,2026-05-24T05:30Z,1,10.7,2,B95,EUR,A03,A02,28,MAW,MAW,A01,A01
procured_balancing_capacity,28,2026-05-24T05:45:00,PT15M,2026-05-24T06:00Z,2026-05-24T05:45Z,1,10.7,2,B95,EUR,A03,A02,28,MAW,MAW,A01,A01
procured_balancing_capacity,28,2026-05-24T06:00:00,PT15M,2026-05-24T06:15Z,2026-05-24T06:00Z,1,10.7,1,B95,EUR,A03,A02,28,MAW,MAW,A01,A01
procured_balancing_capacity,28,2026-05-24T06:15:00,PT15M,2026-05-24T06:30Z,2026-05-24T06:15Z,1,10.7,1,B95,EUR,A03,A02,28,MAW,MAW,A01,A01
procured_balancing_capacity,28,2026-05-24T06:30:00,PT15M,2026-05-24T06:45Z,2026-05-24T06:30Z,1,10.7,1,B95,EUR,A03,A02,28,MAW,MAW,A01,A01
procured_balancing_capacity,28,2026-05-24T06:45:00,PT15M,2026-05-24T07:00Z,2026-05-24T06:45Z,1,10.7,1,B95,EUR,A03,A02,28,MAW,MAW,A01,A01
procured_balancing_capacity,28,2026-05-24T07:00:00,PT15M,2026-05-24T07:15Z,2026-05-24T07:00Z,1,0,0,B95,EUR,A03,A02,28,MAW,MAW,A01,A01
procured_balancing_capacity,28,2026-05-24T07:15:00,PT15M,2026-05-24T07:30Z,2026-05-24T07:15Z,1,0,0,B95,EUR,A03,A02,28,MAW,MAW,A01,A01
procured_balancing_capacity,28,2026-05-24T07:30:00,PT15M,2026-05-24T07:45Z,2026-05-24T07:30Z,1,0,0,B95,EUR,A03,A02,28,MAW,MAW,A01,A01
procured_balancing_capacity,28,2026-05-24T07:45:00,PT15M,2026-05-24T08:00Z,2026-05-24T07:45Z,1,0,0,B95,EUR,A03,A02,28,MAW,MAW,A01,A01
procured_balancing_capacity,28,2026-05-24T08:00:00,PT15M,2026-05-24T08:15Z,2026-05-24T08:00Z,1,0,0,B95,EUR,A03,A02,28,MAW,MAW,A01,A01
procured_balancing_capacity,28,2026-05-24T08:15:00,PT15M,2026-05-24T08:30Z,2026-05-24T08:15Z,1,0,0,B95,EUR,A03,A02,28,MAW,MAW,A01,A01
procured_balancing_capacity,28,2026-05-24T08:30:00,PT15M,2026-05-24T08:45Z,2026-05-24T08:30Z,1,0,0,B95,EUR,A03,A02,28,MAW,MAW,A01,A01
procured_balancing_capacity,28,2026-05-24T08:45:00,PT15M,2026-05-24T09:00Z,2026-05-24T08:45Z,1,0,0,B95,EUR,A03,A02,28,MAW,MAW,A01,A01
procured_balancing_capacity,28,2026-05-24T09:00:00,PT15M,2026-05-24T09:15Z,2026-05-24T09:00Z,1,0,0,B95,EUR,A03,A02,28,MAW,MAW,A01,A01
procured_balancing_capacity,28,2026-05-24T09:15:00,PT15M,2026-05-24T09:30Z,2026-05-24T09:15Z,1,0,0,B95,EUR,A03,A02,28,MAW,MAW,A01,A01
procured_balancing_capacity,28,2026-05-24T09:30:00,PT15M,2026-05-24T09:45Z,2026-05-24T09:30Z,1,0,0,B95,EUR,A03,A02,28,MAW,MAW,A01,A01
procured_balancing_capacity,28,2026-05-24T09:45:00,PT15M,2026-05-24T10:00Z,2026-05-24T09:45Z,1,0,0,B95,EUR,A03,A02,28,MAW,MAW,A01,A01
procured_balancing_capacity,28,2026-05-24T10:00:00,PT15M,2026-05-24T10:15Z,2026-05-24T10:00Z,1,0,0,B95,EUR,A03,A02,28,MAW,MAW,A01,A01
procured_balancing_capacity,28,2026-05-24T10:15:00,PT15M,2026-05-24T10:30Z,2026-05-24T10:15Z,1,0,0,B95,EUR,A03,A02,28,MAW,MAW,A01,A01
procured_balancing_capacity,28,2026-05-24T10:30:00,PT15M,2026-05-24T10:45Z,2026-05-24T10:30Z,1,0,0,B95,EUR,A03,A02,28,MAW,MAW,A01,A01
procured_balancing_capacity,28,2026-05-24T10:45:00,PT15M,2026-05-24T11:00Z,2026-05-24T10:45Z,1,0,0,B95,EUR,A03,A02,28,MAW,MAW,A01,A01
procured_balancing_capacity,28,2026-05-24T11:00:00,PT15M,2026-05-24T11:15Z,2026-05-24T11:00Z,1,0,0,B95,EUR,A03,A02,28,MAW,MAW,A01,A01
procured_balancing_capacity,28,2026-05-24T11:15:00,PT15M,2026-05-24T11:30Z,2026-05-24T11:15Z,1,0,0,B95,EUR,A03,A02,28,MAW,MAW,A01,A01
procured_balancing_capacity,28,2026-05-24T11:30:00,PT15M,2026-05-24T11:45Z,2026-05-24T11:30Z,1,0,0,B95,EUR,A03,A02,28,MAW,MAW,A01,A01
procured_balancing_capacity,28,2026-05-24T11:45:00,PT15M,2026-05-24T12:00Z,2026-05-24T11:45Z,1,0,0,B95,EUR,A03,A02,28,MAW,MAW,A01,A01
procured_balancing_capacity,28,2026-05-24T12:00:00,PT15M,2026-05-24T12:15Z,2026-05-24T12:00Z,1,0,0,B95,EUR,A03,A02,28,MAW,MAW,A01,A01
procured_balancing_capacity,28,2026-05-24T12:15:00,PT15M,2026-05-24T12:30Z,2026-05-24T12:15Z,1,0,0,B95,EUR,A03,A02,28,MAW,MAW,A01,A01
procured_balancing_capacity,28,2026-05-24T12:30:00,PT15M,2026-05-24T12:45Z,2026-05-24T12:30Z,1,0,0,B95,EUR,A03,A02,28,MAW,MAW,A01,A01
procured_balancing_capacity,28,2026-05-24T12:45:00,PT15M,2026-05-24T13:00Z,2026-05-24T12:45Z,1,0,0,B95,EUR,A03,A02,28,MAW,MAW,A01,A01
procured_balancing_capacity,28,2026-05-24T13:00:00,PT15M,2026-05-24T13:15Z,2026-05-24T13:00Z,1,0,0,B95,EUR,A03,A02,28,MAW,MAW,A01,A01
procured_balancing_capacity,28,2026-05-24T13:15:00,PT15M,2026-05-24T13:30Z,2026-05-24T13:15Z,1,0,0,B95,EUR,A03,A02,28,MAW,MAW,A01,A01
procured_balancing_capacity,28,2026-05-24T13:30:00,PT15M,2026-05-24T13:45Z,2026-05-24T13:30Z,1,0,0,B95,EUR,A03,A02,28,MAW,MAW,A01,A01
procured_balancing_capacity,28,2026-05-24T13:45:00,PT15M,2026-05-24T14:00Z,2026-05-24T13:45Z,1,0,0,B95,EUR,A03,A02,28,MAW,MAW,A01,A01
procured_balancing_capacity,28,2026-05-24T14:00:00,PT15M,2026-05-24T14:15Z,2026-05-24T14:00Z,1,0,0,B95,EUR,A03,A02,28,MAW,MAW,A01,A01
procured_balancing_capacity,28,2026-05-24T14:15:00,PT15M,2026-05-24T14:30Z,2026-05-24T14:15Z,1,0,0,B95,EUR,A03,A02,28,MAW,MAW,A01,A01
procured_balancing_capacity,28,2026-05-24T14:30:00,PT15M,2026-05-24T14:45Z,2026-05-24T14:30Z,1,0,0,B95,EUR,A03,A02,28,MAW,MAW,A01,A01
procured_balancing_capacity,28,2026-05-24T14:45:00,PT15M,2026-05-24T15:00Z,2026-05-24T14:45Z,1,0,0,B95,EUR,A03,A02,28,MAW,MAW,A01,A01
procured_balancing_capacity,28,2026-05-24T15:00:00,PT15M,2026-05-24T15:15Z,2026-05-24T15:00Z,1,10.7,1,B95,EUR,A03,A02,28,MAW,MAW,A01,A01
procured_balancing_capacity,28,2026-05-24T15:15:00,PT15M,2026-05-24T15:30Z,2026-05-24T15:15Z,1,10.7,1,B95,EUR,A03,A02,28,MAW,MAW,A01,A01
procured_balancing_capacity,28,2026-05-24T15:30:00,PT15M,2026-05-24T15:45Z,2026-05-24T15:30Z,1,10.7,1,B95,EUR,A03,A02,28,MAW,MAW,A01,A01
procured_balancing_capacity,28,2026-05-24T15:45:00,PT15M,2026-05-24T16:00Z,2026-05-24T15:45Z,1,10.7,1,B95,EUR,A03,A02,28,MAW,MAW,A01,A01
procured_balancing_capacity,28,2026-05-24T16:00:00,PT15M,2026-05-24T16:15Z,2026-05-24T16:00Z,1,10.7,2,B95,EUR,A03,A02,28,MAW,MAW,A01,A01
procured_balancing_capacity,28,2026-05-24T16:15:00,PT15M,2026-05-24T16:30Z,2026-05-24T16:15Z,1,10.7,2,B95,EUR,A03,A02,28,MAW,MAW,A01,A01
procured_balancing_capacity,28,2026-05-24T16:30:00,PT15M,2026-05-24T16:45Z,2026-05-24T16:30Z,1,10.7,2,B95,EUR,A03,A02,28,MAW,MAW,A01,A01
procured_balancing_capacity,28,2026-05-24T16:45:00,PT15M,2026-05-24T17:00Z,2026-05-24T16:45Z,1,10.7,2,B95,EUR,A03,A02,28,MAW,MAW,A01,A01
procured_balancing_capacity,28,2026-05-24T17:00:00,PT15M,2026-05-24T17:15Z,2026-05-24T17:00Z,1,10.7,2,B95,EUR,A03,A02,28,MAW,MAW,A01,A01
procured_balancing_capacity,28,2026-05-24T17:15:00,PT15M,2026-05-24T17:30Z,2026-05-24T17:15Z,1,10.7,2,B95,EUR,A03,A02,28,MAW,MAW,A01,A01
procured_balancing_capacity,28,2026-05-24T17:30:00,PT15M,2026-05-24T17:45Z,2026-05-24T17:30Z,1,10.7,2,B95,EUR,A03,A02,28,MAW,MAW,A01,A01
procured_balancing_capacity,28,2026-05-24T17:45:00,PT15M,2026-05-24T18:00Z,2026-05-24T17:45Z,1,10.7,2,B95,EUR,A03,A02,28,MAW,MAW,A01,A01
procured_balancing_capacity,28,2026-05-24T18:00:00,PT15M,2026-05-24T18:15Z,2026-05-24T18:00Z,1,10.7,3,B95,EUR,A03,A02,28,MAW,MAW,A01,A01
procured_balancing_capacity,28,2026-05-24T18:15:00,PT15M,2026-05-24T18:30Z,2026-05-24T18:15Z,1,10.7,3,B95,EUR,A03,A02,28,MAW,MAW,A01,A01
procured_balancing_capacity,28,2026-05-24T18:30:00,PT15M,2026-05-24T18:45Z,2026-05-24T18:30Z,1,10.7,3,B95,EUR,A03,A02,28,MAW,MAW,A01,A01
procured_balancing_capacity,28,2026-05-24T18:45:00,PT15M,2026-05-24T19:00Z,2026-05-24T18:45Z,1,10.7,3,B95,EUR,A03,A02,28,MAW,MAW,A01,A01
procured_balancing_capacity,28,2026-05-24T19:00:00,PT15M,2026-05-24T19:15Z,2026-05-24T19:00Z,1,10.7,2,B95,EUR,A03,A02,28,MAW,MAW,A01,A01
procured_balancing_capacity,28,2026-05-24T19:15:00,PT15M,2026-05-24T19:30Z,2026-05-24T19:15Z,1,10.7,2,B95,EUR,A03,A02,28,MAW,MAW,A01,A01
procured_balancing_capacity,28,2026-05-24T19:30:00,PT15M,2026-05-24T19:45Z,2026-05-24T19:30Z,1,10.7,2,B95,EUR,A03,A02,28,MAW,MAW,A01,A01
procured_balancing_capacity,28,2026-05-24T19:45:00,PT15M,2026-05-24T20:00Z,2026-05-24T19:45Z,1,10.7,2,B95,EUR,A03,A02,28,MAW,MAW,A01,A01
procured_balancing_capacity,28,2026-05-24T20:00:00,PT15M,2026-05-24T20:15Z,2026-05-24T20:00Z,1,9.8,1,B95,EUR,A03,A02,28,MAW,MAW,A01,A01
procured_balancing_capacity,28,2026-05-24T20:15:00,PT15M,2026-05-24T20:30Z,2026-05-24T20:15Z,1,9.8,1,B95,EUR,A03,A02,28,MAW,MAW,A01,A01
procured_balancing_capacity,28,2026-05-24T20:30:00,PT15M,2026-05-24T20:45Z,2026-05-24T20:30Z,1,9.8,1,B95,EUR,A03,A02,28,MAW,MAW,A01,A01
procured_balancing_capacity,28,2026-05-24T20:45:00,PT15M,2026-05-24T21:00Z,2026-05-24T20:45Z,1,9.8,1,B95,EUR,A03,A02,28,MAW,MAW,A01,A01
procured_balancing_capacity,28,2026-05-24T21:00:00,PT15M,2026-05-24T21:15Z,2026-05-24T21:00Z,1,9.8,1,B95,EUR,A03,A02,28,MAW,MAW,A01,A01
procured_balancing_capacity,28,2026-05-24T21:15:00,PT15M,2026-05-24T21:30Z,2026-05-24T21:15Z,1,9.8,1,B95,EUR,A03,A02,28,MAW,MAW,A01,A01
procured_balancing_capacity,28,2026-05-24T21:30:00,PT15M,2026-05-24T21:45Z,2026-05-24T21:30Z,1,9.8,1,B95,EUR,A03,A02,28,MAW,MAW,A01,A01
procured_balancing_capacity,28,2026-05-24T21:45:00,PT15M,2026-05-24T22:00Z,2026-05-24T21:45Z,1,9.8,1,B95,EUR,A03,A02,28,MAW,MAW,A01,A01
procured_balancing_capacity,29,2026-05-23T22:00:00,PT15M,2026-05-23T22:15Z,2026-05-23T22:00Z,1,25,14,B95,EUR,A03,A01,29,MAW,MAW,A01,A01
procured_balancing_capacity,29,2026-05-23T22:15:00,PT15M,2026-05-23T22:30Z,2026-05-23T22:15Z,1,25,14,B95,EUR,A03,A01,29,MAW,MAW,A01,A01
procured_balancing_capacity,29,2026-05-23T22:30:00,PT15M,2026-05-23T22:45Z,2026-05-23T22:30Z,1,25,14,B95,EUR,A03,A01,29,MAW,MAW,A01,A01
procured_balancing_capacity,29,2026-05-23T22:45:00,PT15M,2026-05-23T23:00Z,2026-05-23T22:45Z,1,25,14,B95,EUR,A03,A01,29,MAW,MAW,A01,A01
procured_balancing_capacity,29,2026-05-23T23:00:00,PT15M,2026-05-23T23:15Z,2026-05-23T23:00Z,1,25,14,B95,EUR,A03,A01,29,MAW,MAW,A01,A01
procured_balancing_capacity,29,2026-05-23T23:15:00,PT15M,2026-05-23T23:30Z,2026-05-23T23:15Z,1,25,14,B95,EUR,A03,A01,29,MAW,MAW,A01,A01
procured_balancing_capacity,29,2026-05-23T23:30:00,PT15M,2026-05-23T23:45Z,2026-05-23T23:30Z,1,25,14,B95,EUR,A03,A01,29,MAW,MAW,A01,A01
procured_balancing_capacity,29,2026-05-23T23:45:00,PT15M,2026-05-24T00:00Z,2026-05-23T23:45Z,1,25,14,B95,EUR,A03,A01,29,MAW,MAW,A01,A01
procured_balancing_capacity,29,2026-05-24T00:00:00,PT15M,2026-05-24T00:15Z,2026-05-24T00:00Z,1,25,14,B95,EUR,A03,A01,29,MAW,MAW,A01,A01
procured_balancing_capacity,29,2026-05-24T00:15:00,PT15M,2026-05-24T00:30Z,2026-05-24T00:15Z,1,25,14,B95,EUR,A03,A01,29,MAW,MAW,A01,A01
procured_balancing_capacity,29,2026-05-24T00:30:00,PT15M,2026-05-24T00:45Z,2026-05-24T00:30Z,1,25,14,B95,EUR,A03,A01,29,MAW,MAW,A01,A01
procured_balancing_capacity,29,2026-05-24T00:45:00,PT15M,2026-05-24T01:00Z,2026-05-24T00:45Z,1,25,14,B95,EUR,A03,A01,29,MAW,MAW,A01,A01
procured_balancing_capacity,29,2026-05-24T01:00:00,PT15M,2026-05-24T01:15Z,2026-05-24T01:00Z,1,25,14,B95,EUR,A03,A01,29,MAW,MAW,A01,A01
procured_balancing_capacity,29,2026-05-24T01:15:00,PT15M,2026-05-24T01:30Z,2026-05-24T01:15Z,1,25,14,B95,EUR,A03,A01,29,MAW,MAW,A01,A01
procured_balancing_capacity,29,2026-05-24T01:30:00,PT15M,2026-05-24T01:45Z,2026-05-24T01:30Z,1,25,14,B95,EUR,A03,A01,29,MAW,MAW,A01,A01
procured_balancing_capacity,29,2026-05-24T01:45:00,PT15M,2026-05-24T02:00Z,2026-05-24T01:45Z,1,25,14,B95,EUR,A03,A01,29,MAW,MAW,A01,A01
procured_balancing_capacity,29,2026-05-24T02:00:00,PT15M,2026-05-24T02:15Z,2026-05-24T02:00Z,1,25,14,B95,EUR,A03,A01,29,MAW,MAW,A01,A01
procured_balancing_capacity,29,2026-05-24T02:15:00,PT15M,2026-05-24T02:30Z,2026-05-24T02:15Z,1,25,14,B95,EUR,A03,A01,29,MAW,MAW,A01,A01
procured_balancing_capacity,29,2026-05-24T02:30:00,PT15M,2026-05-24T02:45Z,2026-05-24T02:30Z,1,25,14,B95,EUR,A03,A01,29,MAW,MAW,A01,A01
procured_balancing_capacity,29,2026-05-24T02:45:00,PT15M,2026-05-24T03:00Z,2026-05-24T02:45Z,1,25,14,B95,EUR,A03,A01,29,MAW,MAW,A01,A01
procured_balancing_capacity,29,2026-05-24T03:00:00,PT15M,2026-05-24T03:15Z,2026-05-24T03:00Z,1,25,11,B95,EUR,A03,A01,29,MAW,MAW,A01,A01
procured_balancing_capacity,29,2026-05-24T03:15:00,PT15M,2026-05-24T03:30Z,2026-05-24T03:15Z,1,25,11,B95,EUR,A03,A01,29,MAW,MAW,A01,A01
procured_balancing_capacity,29,2026-05-24T03:30:00,PT15M,2026-05-24T03:45Z,2026-05-24T03:30Z,1,25,11,B95,EUR,A03,A01,29,MAW,MAW,A01,A01
procured_balancing_capacity,29,2026-05-24T03:45:00,PT15M,2026-05-24T04:00Z,2026-05-24T03:45Z,1,25,11,B95,EUR,A03,A01,29,MAW,MAW,A01,A01
procured_balancing_capacity,29,2026-05-24T04:00:00,PT15M,2026-05-24T04:15Z,2026-05-24T04:00Z,1,35,7,B95,EUR,A03,A01,29,MAW,MAW,A01,A01
procured_balancing_capacity,29,2026-05-24T04:15:00,PT15M,2026-05-24T04:30Z,2026-05-24T04:15Z,1,35,7,B95,EUR,A03,A01,29,MAW,MAW,A01,A01
procured_balancing_capacity,29,2026-05-24T04:30:00,PT15M,2026-05-24T04:45Z,2026-05-24T04:30Z,1,35,7,B95,EUR,A03,A01,29,MAW,MAW,A01,A01
procured_balancing_capacity,29,2026-05-24T04:45:00,PT15M,2026-05-24T05:00Z,2026-05-24T04:45Z,1,35,7,B95,EUR,A03,A01,29,MAW,MAW,A01,A01
procured_balancing_capacity,29,2026-05-24T05:00:00,PT15M,2026-05-24T05:15Z,2026-05-24T05:00Z,1,35,7,B95,EUR,A03,A01,29,MAW,MAW,A01,A01
procured_balancing_capacity,29,2026-05-24T05:15:00,PT15M,2026-05-24T05:30Z,2026-05-24T05:15Z,1,35,7,B95,EUR,A03,A01,29,MAW,MAW,A01,A01
procured_balancing_capacity,29,2026-05-24T05:30:00,PT15M,2026-05-24T05:45Z,2026-05-24T05:30Z,1,35,7,B95,EUR,A03,A01,29,MAW,MAW,A01,A01
procured_balancing_capacity,29,2026-05-24T05:45:00,PT15M,2026-05-24T06:00Z,2026-05-24T05:45Z,1,35,7,B95,EUR,A03,A01,29,MAW,MAW,A01,A01
procured_balancing_capacity,29,2026-05-24T06:00:00,PT15M,2026-05-24T06:15Z,2026-05-24T06:00Z,1,35,6,B95,EUR,A03,A01,29,MAW,MAW,A01,A01
procured_balancing_capacity,29,2026-05-24T06:15:00,PT15M,2026-05-24T06:30Z,2026-05-24T06:15Z,1,35,6,B95,EUR,A03,A01,29,MAW,MAW,A01,A01
procured_balancing_capacity,29,2026-05-24T06:30:00,PT15M,2026-05-24T06:45Z,2026-05-24T06:30Z,1,35,6,B95,EUR,A03,A01,29,MAW,MAW,A01,A01
procured_balancing_capacity,29,2026-05-24T06:45:00,PT15M,2026-05-24T07:00Z,2026-05-24T06:45Z,1,35,6,B95,EUR,A03,A01,29,MAW,MAW,A01,A01
procured_balancing_capacity,29,2026-05-24T07:00:00,PT15M,2026-05-24T07:15Z,2026-05-24T07:00Z,1,35,9,B95,EUR,A03,A01,29,MAW,MAW,A01,A01
procured_balancing_capacity,29,2026-05-24T07:15:00,PT15M,2026-05-24T07:30Z,2026-05-24T07:15Z,1,35,9,B95,EUR,A03,A01,29,MAW,MAW,A01,A01
procured_balancing_capacity,29,2026-05-24T07:30:00,PT15M,2026-05-24T07:45Z,2026-05-24T07:30Z,1,35,9,B95,EUR,A03,A01,29,MAW,MAW,A01,A01
procured_balancing_capacity,29,2026-05-24T07:45:00,PT15M,2026-05-24T08:00Z,2026-05-24T07:45Z,1,35,9,B95,EUR,A03,A01,29,MAW,MAW,A01,A01
procured_balancing_capacity,29,2026-05-24T08:00:00,PT15M,2026-05-24T08:15Z,2026-05-24T08:00Z,1,35,0,B95,EUR,A03,A01,29,MAW,MAW,A01,A01
procured_balancing_capacity,29,2026-05-24T08:15:00,PT15M,2026-05-24T08:30Z,2026-05-24T08:15Z,1,35,0,B95,EUR,A03,A01,29,MAW,MAW,A01,A01
procured_balancing_capacity,29,2026-05-24T08:30:00,PT15M,2026-05-24T08:45Z,2026-05-24T08:30Z,1,35,0,B95,EUR,A03,A01,29,MAW,MAW,A01,A01
procured_balancing_capacity,29,2026-05-24T08:45:00,PT15M,2026-05-24T09:00Z,2026-05-24T08:45Z,1,35,0,B95,EUR,A03,A01,29,MAW,MAW,A01,A01
procured_balancing_capacity,29,2026-05-24T09:00:00,PT15M,2026-05-24T09:15Z,2026-05-24T09:00Z,1,35,0,B95,EUR,A03,A01,29,MAW,MAW,A01,A01
procured_balancing_capacity,29,2026-05-24T09:15:00,PT15M,2026-05-24T09:30Z,2026-05-24T09:15Z,1,35,0,B95,EUR,A03,A01,29,MAW,MAW,A01,A01
procured_balancing_capacity,29,2026-05-24T09:30:00,PT15M,2026-05-24T09:45Z,2026-05-24T09:30Z,1,35,0,B95,EUR,A03,A01,29,MAW,MAW,A01,A01
procured_balancing_capacity,29,2026-05-24T09:45:00,PT15M,2026-05-24T10:00Z,2026-05-24T09:45Z,1,35,0,B95,EUR,A03,A01,29,MAW,MAW,A01,A01
procured_balancing_capacity,29,2026-05-24T10:00:00,PT15M,2026-05-24T10:15Z,2026-05-24T10:00Z,1,35,9,B95,EUR,A03,A01,29,MAW,MAW,A01,A01
procured_balancing_capacity,29,2026-05-24T10:15:00,PT15M,2026-05-24T10:30Z,2026-05-24T10:15Z,1,35,9,B95,EUR,A03,A01,29,MAW,MAW,A01,A01
procured_balancing_capacity,29,2026-05-24T10:30:00,PT15M,2026-05-24T10:45Z,2026-05-24T10:30Z,1,35,9,B95,EUR,A03,A01,29,MAW,MAW,A01,A01
procured_balancing_capacity,29,2026-05-24T10:45:00,PT15M,2026-05-24T11:00Z,2026-05-24T10:45Z,1,35,9,B95,EUR,A03,A01,29,MAW,MAW,A01,A01
procured_balancing_capacity,29,2026-05-24T11:00:00,PT15M,2026-05-24T11:15Z,2026-05-24T11:00Z,1,35,9,B95,EUR,A03,A01,29,MAW,MAW,A01,A01
procured_balancing_capacity,29,2026-05-24T11:15:00,PT15M,2026-05-24T11:30Z,2026-05-24T11:15Z,1,35,9,B95,EUR,A03,A01,29,MAW,MAW,A01,A01
procured_balancing_capacity,29,2026-05-24T11:30:00,PT15M,2026-05-24T11:45Z,2026-05-24T11:30Z,1,35,9,B95,EUR,A03,A01,29,MAW,MAW,A01,A01
procured_balancing_capacity,29,2026-05-24T11:45:00,PT15M,2026-05-24T12:00Z,2026-05-24T11:45Z,1,35,9,B95,EUR,A03,A01,29,MAW,MAW,A01,A01
procured_balancing_capacity,29,2026-05-24T12:00:00,PT15M,2026-05-24T12:15Z,2026-05-24T12:00Z,1,35,9,B95,EUR,A03,A01,29,MAW,MAW,A01,A01
procured_balancing_capacity,29,2026-05-24T12:15:00,PT15M,2026-05-24T12:30Z,2026-05-24T12:15Z,1,35,9,B95,EUR,A03,A01,29,MAW,MAW,A01,A01
procured_balancing_capacity,29,2026-05-24T12:30:00,PT15M,2026-05-24T12:45Z,2026-05-24T12:30Z,1,35,9,B95,EUR,A03,A01,29,MAW,MAW,A01,A01
procured_balancing_capacity,29,2026-05-24T12:45:00,PT15M,2026-05-24T13:00Z,2026-05-24T12:45Z,1,35,9,B95,EUR,A03,A01,29,MAW,MAW,A01,A01
procured_balancing_capacity,29,2026-05-24T13:00:00,PT15M,2026-05-24T13:15Z,2026-05-24T13:00Z,1,35,9,B95,EUR,A03,A01,29,MAW,MAW,A01,A01
procured_balancing_capacity,29,2026-05-24T13:15:00,PT15M,2026-05-24T13:30Z,2026-05-24T13:15Z,1,35,9,B95,EUR,A03,A01,29,MAW,MAW,A01,A01
procured_balancing_capacity,29,2026-05-24T13:30:00,PT15M,2026-05-24T13:45Z,2026-05-24T13:30Z,1,35,9,B95,EUR,A03,A01,29,MAW,MAW,A01,A01
procured_balancing_capacity,29,2026-05-24T13:45:00,PT15M,2026-05-24T14:00Z,2026-05-24T13:45Z,1,35,9,B95,EUR,A03,A01,29,MAW,MAW,A01,A01
procured_balancing_capacity,29,2026-05-24T14:00:00,PT15M,2026-05-24T14:15Z,2026-05-24T14:00Z,1,35,0,B95,EUR,A03,A01,29,MAW,MAW,A01,A01
procured_balancing_capacity,29,2026-05-24T14:15:00,PT15M,2026-05-24T14:30Z,2026-05-24T14:15Z,1,35,0,B95,EUR,A03,A01,29,MAW,MAW,A01,A01
procured_balancing_capacity,29,2026-05-24T14:30:00,PT15M,2026-05-24T14:45Z,2026-05-24T14:30Z,1,35,0,B95,EUR,A03,A01,29,MAW,MAW,A01,A01
procured_balancing_capacity,29,2026-05-24T14:45:00,PT15M,2026-05-24T15:00Z,2026-05-24T14:45Z,1,35,0,B95,EUR,A03,A01,29,MAW,MAW,A01,A01
procured_balancing_capacity,29,2026-05-24T15:00:00,PT15M,2026-05-24T15:15Z,2026-05-24T15:00Z,1,35,14,B95,EUR,A03,A01,29,MAW,MAW,A01,A01
procured_balancing_capacity,29,2026-05-24T15:15:00,PT15M,2026-05-24T15:30Z,2026-05-24T15:15Z,1,35,14,B95,EUR,A03,A01,29,MAW,MAW,A01,A01
procured_balancing_capacity,29,2026-05-24T15:30:00,PT15M,2026-05-24T15:45Z,2026-05-24T15:30Z,1,35,14,B95,EUR,A03,A01,29,MAW,MAW,A01,A01
procured_balancing_capacity,29,2026-05-24T15:45:00,PT15M,2026-05-24T16:00Z,2026-05-24T15:45Z,1,35,14,B95,EUR,A03,A01,29,MAW,MAW,A01,A01
procured_balancing_capacity,29,2026-05-24T16:00:00,PT15M,2026-05-24T16:15Z,2026-05-24T16:00Z,1,31,14,B95,EUR,A03,A01,29,MAW,MAW,A01,A01
procured_balancing_capacity,29,2026-05-24T16:15:00,PT15M,2026-05-24T16:30Z,2026-05-24T16:15Z,1,31,14,B95,EUR,A03,A01,29,MAW,MAW,A01,A01
procured_balancing_capacity,29,2026-05-24T16:30:00,PT15M,2026-05-24T16:45Z,2026-05-24T16:30Z,1,31,14,B95,EUR,A03,A01,29,MAW,MAW,A01,A01
procured_balancing_capacity,29,2026-05-24T16:45:00,PT15M,2026-05-24T17:00Z,2026-05-24T16:45Z,1,31,14,B95,EUR,A03,A01,29,MAW,MAW,A01,A01
procured_balancing_capacity,29,2026-05-24T17:00:00,PT15M,2026-05-24T17:15Z,2026-05-24T17:00Z,1,31,4,B95,EUR,A03,A01,29,MAW,MAW,A01,A01
procured_balancing_capacity,29,2026-05-24T17:15:00,PT15M,2026-05-24T17:30Z,2026-05-24T17:15Z,1,31,4,B95,EUR,A03,A01,29,MAW,MAW,A01,A01
procured_balancing_capacity,29,2026-05-24T17:30:00,PT15M,2026-05-24T17:45Z,2026-05-24T17:30Z,1,31,4,B95,EUR,A03,A01,29,MAW,MAW,A01,A01
procured_balancing_capacity,29,2026-05-24T17:45:00,PT15M,2026-05-24T18:00Z,2026-05-24T17:45Z,1,31,4,B95,EUR,A03,A01,29,MAW,MAW,A01,A01
procured_balancing_capacity,29,2026-05-24T18:00:00,PT15M,2026-05-24T18:15Z,2026-05-24T18:00Z,1,31,4,B95,EUR,A03,A01,29,MAW,MAW,A01,A01
procured_balancing_capacity,29,2026-05-24T18:15:00,PT15M,2026-05-24T18:30Z,2026-05-24T18:15Z,1,31,4,B95,EUR,A03,A01,29,MAW,MAW,A01,A01
procured_balancing_capacity,29,2026-05-24T18:30:00,PT15M,2026-05-24T18:45Z,2026-05-24T18:30Z,1,31,4,B95,EUR,A03,A01,29,MAW,MAW,A01,A01
procured_balancing_capacity,29,2026-05-24T18:45:00,PT15M,2026-05-24T19:00Z,2026-05-24T18:45Z,1,31,4,B95,EUR,A03,A01,29,MAW,MAW,A01,A01
procured_balancing_capacity,29,2026-05-24T19:00:00,PT15M,2026-05-24T19:15Z,2026-05-24T19:00Z,1,31,5,B95,EUR,A03,A01,29,MAW,MAW,A01,A01
procured_balancing_capacity,29,2026-05-24T19:15:00,PT15M,2026-05-24T19:30Z,2026-05-24T19:15Z,1,31,5,B95,EUR,A03,A01,29,MAW,MAW,A01,A01
procured_balancing_capacity,29,2026-05-24T19:30:00,PT15M,2026-05-24T19:45Z,2026-05-24T19:30Z,1,31,5,B95,EUR,A03,A01,29,MAW,MAW,A01,A01
procured_balancing_capacity,29,2026-05-24T19:45:00,PT15M,2026-05-24T20:00Z,2026-05-24T19:45Z,1,31,5,B95,EUR,A03,A01,29,MAW,MAW,A01,A01
procured_balancing_capacity,29,2026-05-24T20:00:00,PT15M,2026-05-24T20:15Z,2026-05-24T20:00Z,1,25,14,B95,EUR,A03,A01,29,MAW,MAW,A01,A01
procured_balancing_capacity,29,2026-05-24T20:15:00,PT15M,2026-05-24T20:30Z,2026-05-24T20:15Z,1,25,14,B95,EUR,A03,A01,29,MAW,MAW,A01,A01
procured_balancing_capacity,29,2026-05-24T20:30:00,PT15M,2026-05-24T20:45Z,2026-05-24T20:30Z,1,25,14,B95,EUR,A03,A01,29,MAW,MAW,A01,A01
procured_balancing_capacity,29,2026-05-24T20:45:00,PT15M,2026-05-24T21:00Z,2026-05-24T20:45Z,1,25,14,B95,EUR,A03,A01,29,MAW,MAW,A01,A01
procured_balancing_capacity,29,2026-05-24T21:00:00,PT15M,2026-05-24T21:15Z,2026-05-24T21:00Z,1,25,14,B95,EUR,A03,A01,29,MAW,MAW,A01,A01
procured_balancing_capacity,29,2026-05-24T21:15:00,PT15M,2026-05-24T21:30Z,2026-05-24T21:15Z,1,25,14,B95,EUR,A03,A01,29,MAW,MAW,A01,A01
procured_balancing_capacity,29,2026-05-24T21:30:00,PT15M,2026-05-24T21:45Z,2026-05-24T21:30Z,1,25,14,B95,EUR,A03,A01,29,MAW,MAW,A01,A01
procured_balancing_capacity,29,2026-05-24T21:45:00,PT15M,2026-05-24T22:00Z,2026-05-24T21:45Z,1,25,14,B95,EUR,A03,A01,29,MAW,MAW,A01,A01
procured_balancing_capacity,30,2026-05-23T22:00:00,PT15M,2026-05-23T22:15Z,2026-05-23T22:00Z,1,10.5,0,B95,EUR,A03,A02,30,MAW,MAW,A01,A01
procured_balancing_capacity,30,2026-05-23T22:15:00,PT15M,2026-05-23T22:30Z,2026-05-23T22:15Z,1,10.5,0,B95,EUR,A03,A02,30,MAW,MAW,A01,A01
procured_balancing_capacity,30,2026-05-23T22:30:00,PT15M,2026-05-23T22:45Z,2026-05-23T22:30Z,1,10.5,0,B95,EUR,A03,A02,30,MAW,MAW,A01,A01
procured_balancing_capacity,30,2026-05-23T22:45:00,PT15M,2026-05-23T23:00Z,2026-05-23T22:45Z,1,10.5,0,B95,EUR,A03,A02,30,MAW,MAW,A01,A01
procured_balancing_capacity,30,2026-05-23T23:00:00,PT15M,2026-05-23T23:15Z,2026-05-23T23:00Z,1,10.5,0,B95,EUR,A03,A02,30,MAW,MAW,A01,A01
procured_balancing_capacity,30,2026-05-23T23:15:00,PT15M,2026-05-23T23:30Z,2026-05-23T23:15Z,1,10.5,0,B95,EUR,A03,A02,30,MAW,MAW,A01,A01
procured_balancing_capacity,30,2026-05-23T23:30:00,PT15M,2026-05-23T23:45Z,2026-05-23T23:30Z,1,10.5,0,B95,EUR,A03,A02,30,MAW,MAW,A01,A01
procured_balancing_capacity,30,2026-05-23T23:45:00,PT15M,2026-05-24T00:00Z,2026-05-23T23:45Z,1,10.5,0,B95,EUR,A03,A02,30,MAW,MAW,A01,A01
procured_balancing_capacity,30,2026-05-24T00:00:00,PT15M,2026-05-24T00:15Z,2026-05-24T00:00Z,1,10.5,0,B95,EUR,A03,A02,30,MAW,MAW,A01,A01
procured_balancing_capacity,30,2026-05-24T00:15:00,PT15M,2026-05-24T00:30Z,2026-05-24T00:15Z,1,10.5,0,B95,EUR,A03,A02,30,MAW,MAW,A01,A01
procured_balancing_capacity,30,2026-05-24T00:30:00,PT15M,2026-05-24T00:45Z,2026-05-24T00:30Z,1,10.5,0,B95,EUR,A03,A02,30,MAW,MAW,A01,A01
procured_balancing_capacity,30,2026-05-24T00:45:00,PT15M,2026-05-24T01:00Z,2026-05-24T00:45Z,1,10.5,0,B95,EUR,A03,A02,30,MAW,MAW,A01,A01
procured_balancing_capacity,30,2026-05-24T01:00:00,PT15M,2026-05-24T01:15Z,2026-05-24T01:00Z,1,10.5,0,B95,EUR,A03,A02,30,MAW,MAW,A01,A01
procured_balancing_capacity,30,2026-05-24T01:15:00,PT15M,2026-05-24T01:30Z,2026-05-24T01:15Z,1,10.5,0,B95,EUR,A03,A02,30,MAW,MAW,A01,A01
procured_balancing_capacity,30,2026-05-24T01:30:00,PT15M,2026-05-24T01:45Z,2026-05-24T01:30Z,1,10.5,0,B95,EUR,A03,A02,30,MAW,MAW,A01,A01
procured_balancing_capacity,30,2026-05-24T01:45:00,PT15M,2026-05-24T02:00Z,2026-05-24T01:45Z,1,10.5,0,B95,EUR,A03,A02,30,MAW,MAW,A01,A01
procured_balancing_capacity,30,2026-05-24T02:00:00,PT15M,2026-05-24T02:15Z,2026-05-24T02:00Z,1,10.5,0,B95,EUR,A03,A02,30,MAW,MAW,A01,A01
procured_balancing_capacity,30,2026-05-24T02:15:00,PT15M,2026-05-24T02:30Z,2026-05-24T02:15Z,1,10.5,0,B95,EUR,A03,A02,30,MAW,MAW,A01,A01
procured_balancing_capacity,30,2026-05-24T02:30:00,PT15M,2026-05-24T02:45Z,2026-05-24T02:30Z,1,10.5,0,B95,EUR,A03,A02,30,MAW,MAW,A01,A01
procured_balancing_capacity,30,2026-05-24T02:45:00,PT15M,2026-05-24T03:00Z,2026-05-24T02:45Z,1,10.5,0,B95,EUR,A03,A02,30,MAW,MAW,A01,A01
procured_balancing_capacity,30,2026-05-24T03:00:00,PT15M,2026-05-24T03:15Z,2026-05-24T03:00Z,1,10.5,0,B95,EUR,A03,A02,30,MAW,MAW,A01,A01
procured_balancing_capacity,30,2026-05-24T03:15:00,PT15M,2026-05-24T03:30Z,2026-05-24T03:15Z,1,10.5,0,B95,EUR,A03,A02,30,MAW,MAW,A01,A01
procured_balancing_capacity,30,2026-05-24T03:30:00,PT15M,2026-05-24T03:45Z,2026-05-24T03:30Z,1,10.5,0,B95,EUR,A03,A02,30,MAW,MAW,A01,A01
procured_balancing_capacity,30,2026-05-24T03:45:00,PT15M,2026-05-24T04:00Z,2026-05-24T03:45Z,1,10.5,0,B95,EUR,A03,A02,30,MAW,MAW,A01,A01
procured_balancing_capacity,30,2026-05-24T04:00:00,PT15M,2026-05-24T04:15Z,2026-05-24T04:00Z,1,10.5,1,B95,EUR,A03,A02,30,MAW,MAW,A01,A01
procured_balancing_capacity,30,2026-05-24T04:15:00,PT15M,2026-05-24T04:30Z,2026-05-24T04:15Z,1,10.5,1,B95,EUR,A03,A02,30,MAW,MAW,A01,A01
procured_balancing_capacity,30,2026-05-24T04:30:00,PT15M,2026-05-24T04:45Z,2026-05-24T04:30Z,1,10.5,1,B95,EUR,A03,A02,30,MAW,MAW,A01,A01
procured_balancing_capacity,30,2026-05-24T04:45:00,PT15M,2026-05-24T05:00Z,2026-05-24T04:45Z,1,10.5,1,B95,EUR,A03,A02,30,MAW,MAW,A01,A01
procured_balancing_capacity,30,2026-05-24T05:00:00,PT15M,2026-05-24T05:15Z,2026-05-24T05:00Z,1,10.5,1,B95,EUR,A03,A02,30,MAW,MAW,A01,A01
procured_balancing_capacity,30,2026-05-24T05:15:00,PT15M,2026-05-24T05:30Z,2026-05-24T05:15Z,1,10.5,1,B95,EUR,A03,A02,30,MAW,MAW,A01,A01
procured_balancing_capacity,30,2026-05-24T05:30:00,PT15M,2026-05-24T05:45Z,2026-05-24T05:30Z,1,10.5,1,B95,EUR,A03,A02,30,MAW,MAW,A01,A01
procured_balancing_capacity,30,2026-05-24T05:45:00,PT15M,2026-05-24T06:00Z,2026-05-24T05:45Z,1,10.5,1,B95,EUR,A03,A02,30,MAW,MAW,A01,A01
procured_balancing_capacity,30,2026-05-24T06:00:00,PT15M,2026-05-24T06:15Z,2026-05-24T06:00Z,1,10.5,1,B95,EUR,A03,A02,30,MAW,MAW,A01,A01
procured_balancing_capacity,30,2026-05-24T06:15:00,PT15M,2026-05-24T06:30Z,2026-05-24T06:15Z,1,10.5,1,B95,EUR,A03,A02,30,MAW,MAW,A01,A01
procured_balancing_capacity,30,2026-05-24T06:30:00,PT15M,2026-05-24T06:45Z,2026-05-24T06:30Z,1,10.5,1,B95,EUR,A03,A02,30,MAW,MAW,A01,A01
procured_balancing_capacity,30,2026-05-24T06:45:00,PT15M,2026-05-24T07:00Z,2026-05-24T06:45Z,1,10.5,1,B95,EUR,A03,A02,30,MAW,MAW,A01,A01
procured_balancing_capacity,30,2026-05-24T07:00:00,PT15M,2026-05-24T07:15Z,2026-05-24T07:00Z,1,10.5,0,B95,EUR,A03,A02,30,MAW,MAW,A01,A01
procured_balancing_capacity,30,2026-05-24T07:15:00,PT15M,2026-05-24T07:30Z,2026-05-24T07:15Z,1,10.5,0,B95,EUR,A03,A02,30,MAW,MAW,A01,A01
procured_balancing_capacity,30,2026-05-24T07:30:00,PT15M,2026-05-24T07:45Z,2026-05-24T07:30Z,1,10.5,0,B95,EUR,A03,A02,30,MAW,MAW,A01,A01
procured_balancing_capacity,30,2026-05-24T07:45:00,PT15M,2026-05-24T08:00Z,2026-05-24T07:45Z,1,10.5,0,B95,EUR,A03,A02,30,MAW,MAW,A01,A01
procured_balancing_capacity,30,2026-05-24T08:00:00,PT15M,2026-05-24T08:15Z,2026-05-24T08:00Z,1,10.5,0,B95,EUR,A03,A02,30,MAW,MAW,A01,A01
procured_balancing_capacity,30,2026-05-24T08:15:00,PT15M,2026-05-24T08:30Z,2026-05-24T08:15Z,1,10.5,0,B95,EUR,A03,A02,30,MAW,MAW,A01,A01
procured_balancing_capacity,30,2026-05-24T08:30:00,PT15M,2026-05-24T08:45Z,2026-05-24T08:30Z,1,10.5,0,B95,EUR,A03,A02,30,MAW,MAW,A01,A01
procured_balancing_capacity,30,2026-05-24T08:45:00,PT15M,2026-05-24T09:00Z,2026-05-24T08:45Z,1,10.5,0,B95,EUR,A03,A02,30,MAW,MAW,A01,A01
procured_balancing_capacity,30,2026-05-24T09:00:00,PT15M,2026-05-24T09:15Z,2026-05-24T09:00Z,1,10.5,0,B95,EUR,A03,A02,30,MAW,MAW,A01,A01
procured_balancing_capacity,30,2026-05-24T09:15:00,PT15M,2026-05-24T09:30Z,2026-05-24T09:15Z,1,10.5,0,B95,EUR,A03,A02,30,MAW,MAW,A01,A01
procured_balancing_capacity,30,2026-05-24T09:30:00,PT15M,2026-05-24T09:45Z,2026-05-24T09:30Z,1,10.5,0,B95,EUR,A03,A02,30,MAW,MAW,A01,A01
procured_balancing_capacity,30,2026-05-24T09:45:00,PT15M,2026-05-24T10:00Z,2026-05-24T09:45Z,1,10.5,0,B95,EUR,A03,A02,30,MAW,MAW,A01,A01
procured_balancing_capacity,30,2026-05-24T10:00:00,PT15M,2026-05-24T10:15Z,2026-05-24T10:00Z,1,10.5,0,B95,EUR,A03,A02,30,MAW,MAW,A01,A01
procured_balancing_capacity,30,2026-05-24T10:15:00,PT15M,2026-05-24T10:30Z,2026-05-24T10:15Z,1,10.5,0,B95,EUR,A03,A02,30,MAW,MAW,A01,A01
procured_balancing_capacity,30,2026-05-24T10:30:00,PT15M,2026-05-24T10:45Z,2026-05-24T10:30Z,1,10.5,0,B95,EUR,A03,A02,30,MAW,MAW,A01,A01
procured_balancing_capacity,30,2026-05-24T10:45:00,PT15M,2026-05-24T11:00Z,2026-05-24T10:45Z,1,10.5,0,B95,EUR,A03,A02,30,MAW,MAW,A01,A01
procured_balancing_capacity,30,2026-05-24T11:00:00,PT15M,2026-05-24T11:15Z,2026-05-24T11:00Z,1,10.5,0,B95,EUR,A03,A02,30,MAW,MAW,A01,A01
procured_balancing_capacity,30,2026-05-24T11:15:00,PT15M,2026-05-24T11:30Z,2026-05-24T11:15Z,1,10.5,0,B95,EUR,A03,A02,30,MAW,MAW,A01,A01
procured_balancing_capacity,30,2026-05-24T11:30:00,PT15M,2026-05-24T11:45Z,2026-05-24T11:30Z,1,10.5,0,B95,EUR,A03,A02,30,MAW,MAW,A01,A01
procured_balancing_capacity,30,2026-05-24T11:45:00,PT15M,2026-05-24T12:00Z,2026-05-24T11:45Z,1,10.5,0,B95,EUR,A03,A02,30,MAW,MAW,A01,A01
procured_balancing_capacity,30,2026-05-24T12:00:00,PT15M,2026-05-24T12:15Z,2026-05-24T12:00Z,1,10.5,0,B95,EUR,A03,A02,30,MAW,MAW,A01,A01
procured_balancing_capacity,30,2026-05-24T12:15:00,PT15M,2026-05-24T12:30Z,2026-05-24T12:15Z,1,10.5,0,B95,EUR,A03,A02,30,MAW,MAW,A01,A01
procured_balancing_capacity,30,2026-05-24T12:30:00,PT15M,2026-05-24T12:45Z,2026-05-24T12:30Z,1,10.5,0,B95,EUR,A03,A02,30,MAW,MAW,A01,A01
procured_balancing_capacity,30,2026-05-24T12:45:00,PT15M,2026-05-24T13:00Z,2026-05-24T12:45Z,1,10.5,0,B95,EUR,A03,A02,30,MAW,MAW,A01,A01
procured_balancing_capacity,30,2026-05-24T13:00:00,PT15M,2026-05-24T13:15Z,2026-05-24T13:00Z,1,10.5,0,B95,EUR,A03,A02,30,MAW,MAW,A01,A01
procured_balancing_capacity,30,2026-05-24T13:15:00,PT15M,2026-05-24T13:30Z,2026-05-24T13:15Z,1,10.5,0,B95,EUR,A03,A02,30,MAW,MAW,A01,A01
procured_balancing_capacity,30,2026-05-24T13:30:00,PT15M,2026-05-24T13:45Z,2026-05-24T13:30Z,1,10.5,0,B95,EUR,A03,A02,30,MAW,MAW,A01,A01
procured_balancing_capacity,30,2026-05-24T13:45:00,PT15M,2026-05-24T14:00Z,2026-05-24T13:45Z,1,10.5,0,B95,EUR,A03,A02,30,MAW,MAW,A01,A01
procured_balancing_capacity,30,2026-05-24T14:00:00,PT15M,2026-05-24T14:15Z,2026-05-24T14:00Z,1,10.5,0,B95,EUR,A03,A02,30,MAW,MAW,A01,A01
procured_balancing_capacity,30,2026-05-24T14:15:00,PT15M,2026-05-24T14:30Z,2026-05-24T14:15Z,1,10.5,0,B95,EUR,A03,A02,30,MAW,MAW,A01,A01
procured_balancing_capacity,30,2026-05-24T14:30:00,PT15M,2026-05-24T14:45Z,2026-05-24T14:30Z,1,10.5,0,B95,EUR,A03,A02,30,MAW,MAW,A01,A01
procured_balancing_capacity,30,2026-05-24T14:45:00,PT15M,2026-05-24T15:00Z,2026-05-24T14:45Z,1,10.5,0,B95,EUR,A03,A02,30,MAW,MAW,A01,A01
procured_balancing_capacity,30,2026-05-24T15:00:00,PT15M,2026-05-24T15:15Z,2026-05-24T15:00Z,1,10.5,0,B95,EUR,A03,A02,30,MAW,MAW,A01,A01
procured_balancing_capacity,30,2026-05-24T15:15:00,PT15M,2026-05-24T15:30Z,2026-05-24T15:15Z,1,10.5,0,B95,EUR,A03,A02,30,MAW,MAW,A01,A01
procured_balancing_capacity,30,2026-05-24T15:30:00,PT15M,2026-05-24T15:45Z,2026-05-24T15:30Z,1,10.5,0,B95,EUR,A03,A02,30,MAW,MAW,A01,A01
procured_balancing_capacity,30,2026-05-24T15:45:00,PT15M,2026-05-24T16:00Z,2026-05-24T15:45Z,1,10.5,0,B95,EUR,A03,A02,30,MAW,MAW,A01,A01
procured_balancing_capacity,30,2026-05-24T16:00:00,PT15M,2026-05-24T16:15Z,2026-05-24T16:00Z,1,10.5,0,B95,EUR,A03,A02,30,MAW,MAW,A01,A01
procured_balancing_capacity,30,2026-05-24T16:15:00,PT15M,2026-05-24T16:30Z,2026-05-24T16:15Z,1,10.5,0,B95,EUR,A03,A02,30,MAW,MAW,A01,A01
procured_balancing_capacity,30,2026-05-24T16:30:00,PT15M,2026-05-24T16:45Z,2026-05-24T16:30Z,1,10.5,0,B95,EUR,A03,A02,30,MAW,MAW,A01,A01
procured_balancing_capacity,30,2026-05-24T16:45:00,PT15M,2026-05-24T17:00Z,2026-05-24T16:45Z,1,10.5,0,B95,EUR,A03,A02,30,MAW,MAW,A01,A01
procured_balancing_capacity,30,2026-05-24T17:00:00,PT15M,2026-05-24T17:15Z,2026-05-24T17:00Z,1,10.5,4,B95,EUR,A03,A02,30,MAW,MAW,A01,A01
procured_balancing_capacity,30,2026-05-24T17:15:00,PT15M,2026-05-24T17:30Z,2026-05-24T17:15Z,1,10.5,4,B95,EUR,A03,A02,30,MAW,MAW,A01,A01
procured_balancing_capacity,30,2026-05-24T17:30:00,PT15M,2026-05-24T17:45Z,2026-05-24T17:30Z,1,10.5,4,B95,EUR,A03,A02,30,MAW,MAW,A01,A01
procured_balancing_capacity,30,2026-05-24T17:45:00,PT15M,2026-05-24T18:00Z,2026-05-24T17:45Z,1,10.5,4,B95,EUR,A03,A02,30,MAW,MAW,A01,A01
procured_balancing_capacity,30,2026-05-24T18:00:00,PT15M,2026-05-24T18:15Z,2026-05-24T18:00Z,1,10.5,4,B95,EUR,A03,A02,30,MAW,MAW,A01,A01
procured_balancing_capacity,30,2026-05-24T18:15:00,PT15M,2026-05-24T18:30Z,2026-05-24T18:15Z,1,10.5,4,B95,EUR,A03,A02,30,MAW,MAW,A01,A01
procured_balancing_capacity,30,2026-05-24T18:30:00,PT15M,2026-05-24T18:45Z,2026-05-24T18:30Z,1,10.5,4,B95,EUR,A03,A02,30,MAW,MAW,A01,A01
procured_balancing_capacity,30,2026-05-24T18:45:00,PT15M,2026-05-24T19:00Z,2026-05-24T18:45Z,1,10.5,4,B95,EUR,A03,A02,30,MAW,MAW,A01,A01
procured_balancing_capacity,30,2026-05-24T19:00:00,PT15M,2026-05-24T19:15Z,2026-05-24T19:00Z,1,10.5,3,B95,EUR,A03,A02,30,MAW,MAW,A01,A01
procured_balancing_capacity,30,2026-05-24T19:15:00,PT15M,2026-05-24T19:30Z,2026-05-24T19:15Z,1,10.5,3,B95,EUR,A03,A02,30,MAW,MAW,A01,A01
procured_balancing_capacity,30,2026-05-24T19:30:00,PT15M,2026-05-24T19:45Z,2026-05-24T19:30Z,1,10.5,3,B95,EUR,A03,A02,30,MAW,MAW,A01,A01
procured_balancing_capacity,30,2026-05-24T19:45:00,PT15M,2026-05-24T20:00Z,2026-05-24T19:45Z,1,10.5,3,B95,EUR,A03,A02,30,MAW,MAW,A01,A01
procured_balancing_capacity,30,2026-05-24T20:00:00,PT15M,2026-05-24T20:15Z,2026-05-24T20:00Z,1,10.5,0,B95,EUR,A03,A02,30,MAW,MAW,A01,A01
procured_balancing_capacity,30,2026-05-24T20:15:00,PT15M,2026-05-24T20:30Z,2026-05-24T20:15Z,1,10.5,0,B95,EUR,A03,A02,30,MAW,MAW,A01,A01
procured_balancing_capacity,30,2026-05-24T20:30:00,PT15M,2026-05-24T20:45Z,2026-05-24T20:30Z,1,10.5,0,B95,EUR,A03,A02,30,MAW,MAW,A01,A01
procured_balancing_capacity,30,2026-05-24T20:45:00,PT15M,2026-05-24T21:00Z,2026-05-24T20:45Z,1,10.5,0,B95,EUR,A03,A02,30,MAW,MAW,A01,A01
procured_balancing_capacity,30,2026-05-24T21:00:00,PT15M,2026-05-24T21:15Z,2026-05-24T21:00Z,1,10.5,0,B95,EUR,A03,A02,30,MAW,MAW,A01,A01
procured_balancing_capacity,30,2026-05-24T21:15:00,PT15M,2026-05-24T21:30Z,2026-05-24T21:15Z,1,10.5,0,B95,EUR,A03,A02,30,MAW,MAW,A01,A01
procured_balancing_capacity,30,2026-05-24T21:30:00,PT15M,2026-05-24T21:45Z,2026-05-24T21:30Z,1,10.5,0,B95,EUR,A03,A02,30,MAW,MAW,A01,A01
procured_balancing_capacity,30,2026-05-24T21:45:00,PT15M,2026-05-24T22:00Z,2026-05-24T21:45Z,1,10.5,0,B95,EUR,A03,A02,30,MAW,MAW,A01,A01
procured_balancing_capacity,31,2026-05-23T22:00:00,PT15M,2026-05-23T22:15Z,2026-05-23T22:00Z,1,35.3,11,B95,EUR,A03,A01,31,MAW,MAW,A01,A01
procured_balancing_capacity,31,2026-05-23T22:15:00,PT15M,2026-05-23T22:30Z,2026-05-23T22:15Z,1,35.3,11,B95,EUR,A03,A01,31,MAW,MAW,A01,A01
procured_balancing_capacity,31,2026-05-23T22:30:00,PT15M,2026-05-23T22:45Z,2026-05-23T22:30Z,1,35.3,11,B95,EUR,A03,A01,31,MAW,MAW,A01,A01
procured_balancing_capacity,31,2026-05-23T22:45:00,PT15M,2026-05-23T23:00Z,2026-05-23T22:45Z,1,35.3,11,B95,EUR,A03,A01,31,MAW,MAW,A01,A01
procured_balancing_capacity,31,2026-05-23T23:00:00,PT15M,2026-05-23T23:15Z,2026-05-23T23:00Z,1,35.3,11,B95,EUR,A03,A01,31,MAW,MAW,A01,A01
procured_balancing_capacity,31,2026-05-23T23:15:00,PT15M,2026-05-23T23:30Z,2026-05-23T23:15Z,1,35.3,11,B95,EUR,A03,A01,31,MAW,MAW,A01,A01
procured_balancing_capacity,31,2026-05-23T23:30:00,PT15M,2026-05-23T23:45Z,2026-05-23T23:30Z,1,35.3,11,B95,EUR,A03,A01,31,MAW,MAW,A01,A01
procured_balancing_capacity,31,2026-05-23T23:45:00,PT15M,2026-05-24T00:00Z,2026-05-23T23:45Z,1,35.3,11,B95,EUR,A03,A01,31,MAW,MAW,A01,A01
procured_balancing_capacity,31,2026-05-24T00:00:00,PT15M,2026-05-24T00:15Z,2026-05-24T00:00Z,1,35.3,11,B95,EUR,A03,A01,31,MAW,MAW,A01,A01
procured_balancing_capacity,31,2026-05-24T00:15:00,PT15M,2026-05-24T00:30Z,2026-05-24T00:15Z,1,35.3,11,B95,EUR,A03,A01,31,MAW,MAW,A01,A01
procured_balancing_capacity,31,2026-05-24T00:30:00,PT15M,2026-05-24T00:45Z,2026-05-24T00:30Z,1,35.3,11,B95,EUR,A03,A01,31,MAW,MAW,A01,A01
procured_balancing_capacity,31,2026-05-24T00:45:00,PT15M,2026-05-24T01:00Z,2026-05-24T00:45Z,1,35.3,11,B95,EUR,A03,A01,31,MAW,MAW,A01,A01
procured_balancing_capacity,31,2026-05-24T01:00:00,PT15M,2026-05-24T01:15Z,2026-05-24T01:00Z,1,35.3,11,B95,EUR,A03,A01,31,MAW,MAW,A01,A01
procured_balancing_capacity,31,2026-05-24T01:15:00,PT15M,2026-05-24T01:30Z,2026-05-24T01:15Z,1,35.3,11,B95,EUR,A03,A01,31,MAW,MAW,A01,A01
procured_balancing_capacity,31,2026-05-24T01:30:00,PT15M,2026-05-24T01:45Z,2026-05-24T01:30Z,1,35.3,11,B95,EUR,A03,A01,31,MAW,MAW,A01,A01
procured_balancing_capacity,31,2026-05-24T01:45:00,PT15M,2026-05-24T02:00Z,2026-05-24T01:45Z,1,35.3,11,B95,EUR,A03,A01,31,MAW,MAW,A01,A01
procured_balancing_capacity,31,2026-05-24T02:00:00,PT15M,2026-05-24T02:15Z,2026-05-24T02:00Z,1,35.3,11,B95,EUR,A03,A01,31,MAW,MAW,A01,A01
procured_balancing_capacity,31,2026-05-24T02:15:00,PT15M,2026-05-24T02:30Z,2026-05-24T02:15Z,1,35.3,11,B95,EUR,A03,A01,31,MAW,MAW,A01,A01
procured_balancing_capacity,31,2026-05-24T02:30:00,PT15M,2026-05-24T02:45Z,2026-05-24T02:30Z,1,35.3,11,B95,EUR,A03,A01,31,MAW,MAW,A01,A01
procured_balancing_capacity,31,2026-05-24T02:45:00,PT15M,2026-05-24T03:00Z,2026-05-24T02:45Z,1,35.3,11,B95,EUR,A03,A01,31,MAW,MAW,A01,A01
procured_balancing_capacity,31,2026-05-24T03:00:00,PT15M,2026-05-24T03:15Z,2026-05-24T03:00Z,1,35.3,10,B95,EUR,A03,A01,31,MAW,MAW,A01,A01
procured_balancing_capacity,31,2026-05-24T03:15:00,PT15M,2026-05-24T03:30Z,2026-05-24T03:15Z,1,35.3,10,B95,EUR,A03,A01,31,MAW,MAW,A01,A01
procured_balancing_capacity,31,2026-05-24T03:30:00,PT15M,2026-05-24T03:45Z,2026-05-24T03:30Z,1,35.3,10,B95,EUR,A03,A01,31,MAW,MAW,A01,A01
procured_balancing_capacity,31,2026-05-24T03:45:00,PT15M,2026-05-24T04:00Z,2026-05-24T03:45Z,1,35.3,10,B95,EUR,A03,A01,31,MAW,MAW,A01,A01
procured_balancing_capacity,31,2026-05-24T04:00:00,PT15M,2026-05-24T04:15Z,2026-05-24T04:00Z,1,35.3,10,B95,EUR,A03,A01,31,MAW,MAW,A01,A01
procured_balancing_capacity,31,2026-05-24T04:15:00,PT15M,2026-05-24T04:30Z,2026-05-24T04:15Z,1,35.3,10,B95,EUR,A03,A01,31,MAW,MAW,A01,A01
procured_balancing_capacity,31,2026-05-24T04:30:00,PT15M,2026-05-24T04:45Z,2026-05-24T04:30Z,1,35.3,10,B95,EUR,A03,A01,31,MAW,MAW,A01,A01
procured_balancing_capacity,31,2026-05-24T04:45:00,PT15M,2026-05-24T05:00Z,2026-05-24T04:45Z,1,35.3,10,B95,EUR,A03,A01,31,MAW,MAW,A01,A01
procured_balancing_capacity,31,2026-05-24T05:00:00,PT15M,2026-05-24T05:15Z,2026-05-24T05:00Z,1,35.3,10,B95,EUR,A03,A01,31,MAW,MAW,A01,A01
procured_balancing_capacity,31,2026-05-24T05:15:00,PT15M,2026-05-24T05:30Z,2026-05-24T05:15Z,1,35.3,10,B95,EUR,A03,A01,31,MAW,MAW,A01,A01
procured_balancing_capacity,31,2026-05-24T05:30:00,PT15M,2026-05-24T05:45Z,2026-05-24T05:30Z,1,35.3,10,B95,EUR,A03,A01,31,MAW,MAW,A01,A01
procured_balancing_capacity,31,2026-05-24T05:45:00,PT15M,2026-05-24T06:00Z,2026-05-24T05:45Z,1,35.3,10,B95,EUR,A03,A01,31,MAW,MAW,A01,A01
procured_balancing_capacity,31,2026-05-24T06:00:00,PT15M,2026-05-24T06:15Z,2026-05-24T06:00Z,1,35.3,10,B95,EUR,A03,A01,31,MAW,MAW,A01,A01
procured_balancing_capacity,31,2026-05-24T06:15:00,PT15M,2026-05-24T06:30Z,2026-05-24T06:15Z,1,35.3,10,B95,EUR,A03,A01,31,MAW,MAW,A01,A01
procured_balancing_capacity,31,2026-05-24T06:30:00,PT15M,2026-05-24T06:45Z,2026-05-24T06:30Z,1,35.3,10,B95,EUR,A03,A01,31,MAW,MAW,A01,A01
procured_balancing_capacity,31,2026-05-24T06:45:00,PT15M,2026-05-24T07:00Z,2026-05-24T06:45Z,1,35.3,10,B95,EUR,A03,A01,31,MAW,MAW,A01,A01
procured_balancing_capacity,31,2026-05-24T07:00:00,PT15M,2026-05-24T07:15Z,2026-05-24T07:00Z,1,35.3,10,B95,EUR,A03,A01,31,MAW,MAW,A01,A01
procured_balancing_capacity,31,2026-05-24T07:15:00,PT15M,2026-05-24T07:30Z,2026-05-24T07:15Z,1,35.3,10,B95,EUR,A03,A01,31,MAW,MAW,A01,A01
procured_balancing_capacity,31,2026-05-24T07:30:00,PT15M,2026-05-24T07:45Z,2026-05-24T07:30Z,1,35.3,10,B95,EUR,A03,A01,31,MAW,MAW,A01,A01
procured_balancing_capacity,31,2026-05-24T07:45:00,PT15M,2026-05-24T08:00Z,2026-05-24T07:45Z,1,35.3,10,B95,EUR,A03,A01,31,MAW,MAW,A01,A01
procured_balancing_capacity,31,2026-05-24T08:00:00,PT15M,2026-05-24T08:15Z,2026-05-24T08:00Z,1,35.3,10,B95,EUR,A03,A01,31,MAW,MAW,A01,A01
procured_balancing_capacity,31,2026-05-24T08:15:00,PT15M,2026-05-24T08:30Z,2026-05-24T08:15Z,1,35.3,10,B95,EUR,A03,A01,31,MAW,MAW,A01,A01
procured_balancing_capacity,31,2026-05-24T08:30:00,PT15M,2026-05-24T08:45Z,2026-05-24T08:30Z,1,35.3,10,B95,EUR,A03,A01,31,MAW,MAW,A01,A01
procured_balancing_capacity,31,2026-05-24T08:45:00,PT15M,2026-05-24T09:00Z,2026-05-24T08:45Z,1,35.3,10,B95,EUR,A03,A01,31,MAW,MAW,A01,A01
procured_balancing_capacity,31,2026-05-24T09:00:00,PT15M,2026-05-24T09:15Z,2026-05-24T09:00Z,1,35.3,10,B95,EUR,A03,A01,31,MAW,MAW,A01,A01
procured_balancing_capacity,31,2026-05-24T09:15:00,PT15M,2026-05-24T09:30Z,2026-05-24T09:15Z,1,35.3,10,B95,EUR,A03,A01,31,MAW,MAW,A01,A01
procured_balancing_capacity,31,2026-05-24T09:30:00,PT15M,2026-05-24T09:45Z,2026-05-24T09:30Z,1,35.3,10,B95,EUR,A03,A01,31,MAW,MAW,A01,A01
procured_balancing_capacity,31,2026-05-24T09:45:00,PT15M,2026-05-24T10:00Z,2026-05-24T09:45Z,1,35.3,10,B95,EUR,A03,A01,31,MAW,MAW,A01,A01
procured_balancing_capacity,31,2026-05-24T10:00:00,PT15M,2026-05-24T10:15Z,2026-05-24T10:00Z,1,35.3,10,B95,EUR,A03,A01,31,MAW,MAW,A01,A01
procured_balancing_capacity,31,2026-05-24T10:15:00,PT15M,2026-05-24T10:30Z,2026-05-24T10:15Z,1,35.3,10,B95,EUR,A03,A01,31,MAW,MAW,A01,A01
procured_balancing_capacity,31,2026-05-24T10:30:00,PT15M,2026-05-24T10:45Z,2026-05-24T10:30Z,1,35.3,10,B95,EUR,A03,A01,31,MAW,MAW,A01,A01
procured_balancing_capacity,31,2026-05-24T10:45:00,PT15M,2026-05-24T11:00Z,2026-05-24T10:45Z,1,35.3,10,B95,EUR,A03,A01,31,MAW,MAW,A01,A01
procured_balancing_capacity,31,2026-05-24T11:00:00,PT15M,2026-05-24T11:15Z,2026-05-24T11:00Z,1,35.3,10,B95,EUR,A03,A01,31,MAW,MAW,A01,A01
procured_balancing_capacity,31,2026-05-24T11:15:00,PT15M,2026-05-24T11:30Z,2026-05-24T11:15Z,1,35.3,10,B95,EUR,A03,A01,31,MAW,MAW,A01,A01
procured_balancing_capacity,31,2026-05-24T11:30:00,PT15M,2026-05-24T11:45Z,2026-05-24T11:30Z,1,35.3,10,B95,EUR,A03,A01,31,MAW,MAW,A01,A01
procured_balancing_capacity,31,2026-05-24T11:45:00,PT15M,2026-05-24T12:00Z,2026-05-24T11:45Z,1,35.3,10,B95,EUR,A03,A01,31,MAW,MAW,A01,A01
procured_balancing_capacity,31,2026-05-24T12:00:00,PT15M,2026-05-24T12:15Z,2026-05-24T12:00Z,1,35.3,10,B95,EUR,A03,A01,31,MAW,MAW,A01,A01
procured_balancing_capacity,31,2026-05-24T12:15:00,PT15M,2026-05-24T12:30Z,2026-05-24T12:15Z,1,35.3,10,B95,EUR,A03,A01,31,MAW,MAW,A01,A01
procured_balancing_capacity,31,2026-05-24T12:30:00,PT15M,2026-05-24T12:45Z,2026-05-24T12:30Z,1,35.3,10,B95,EUR,A03,A01,31,MAW,MAW,A01,A01
procured_balancing_capacity,31,2026-05-24T12:45:00,PT15M,2026-05-24T13:00Z,2026-05-24T12:45Z,1,35.3,10,B95,EUR,A03,A01,31,MAW,MAW,A01,A01
procured_balancing_capacity,31,2026-05-24T13:00:00,PT15M,2026-05-24T13:15Z,2026-05-24T13:00Z,1,35.3,10,B95,EUR,A03,A01,31,MAW,MAW,A01,A01
procured_balancing_capacity,31,2026-05-24T13:15:00,PT15M,2026-05-24T13:30Z,2026-05-24T13:15Z,1,35.3,10,B95,EUR,A03,A01,31,MAW,MAW,A01,A01
procured_balancing_capacity,31,2026-05-24T13:30:00,PT15M,2026-05-24T13:45Z,2026-05-24T13:30Z,1,35.3,10,B95,EUR,A03,A01,31,MAW,MAW,A01,A01
procured_balancing_capacity,31,2026-05-24T13:45:00,PT15M,2026-05-24T14:00Z,2026-05-24T13:45Z,1,35.3,10,B95,EUR,A03,A01,31,MAW,MAW,A01,A01
procured_balancing_capacity,31,2026-05-24T14:00:00,PT15M,2026-05-24T14:15Z,2026-05-24T14:00Z,1,35.3,10,B95,EUR,A03,A01,31,MAW,MAW,A01,A01
procured_balancing_capacity,31,2026-05-24T14:15:00,PT15M,2026-05-24T14:30Z,2026-05-24T14:15Z,1,35.3,10,B95,EUR,A03,A01,31,MAW,MAW,A01,A01
procured_balancing_capacity,31,2026-05-24T14:30:00,PT15M,2026-05-24T14:45Z,2026-05-24T14:30Z,1,35.3,10,B95,EUR,A03,A01,31,MAW,MAW,A01,A01
procured_balancing_capacity,31,2026-05-24T14:45:00,PT15M,2026-05-24T15:00Z,2026-05-24T14:45Z,1,35.3,10,B95,EUR,A03,A01,31,MAW,MAW,A01,A01
procured_balancing_capacity,31,2026-05-24T15:00:00,PT15M,2026-05-24T15:15Z,2026-05-24T15:00Z,1,35.3,10,B95,EUR,A03,A01,31,MAW,MAW,A01,A01
procured_balancing_capacity,31,2026-05-24T15:15:00,PT15M,2026-05-24T15:30Z,2026-05-24T15:15Z,1,35.3,10,B95,EUR,A03,A01,31,MAW,MAW,A01,A01
procured_balancing_capacity,31,2026-05-24T15:30:00,PT15M,2026-05-24T15:45Z,2026-05-24T15:30Z,1,35.3,10,B95,EUR,A03,A01,31,MAW,MAW,A01,A01
procured_balancing_capacity,31,2026-05-24T15:45:00,PT15M,2026-05-24T16:00Z,2026-05-24T15:45Z,1,35.3,10,B95,EUR,A03,A01,31,MAW,MAW,A01,A01
procured_balancing_capacity,31,2026-05-24T16:00:00,PT15M,2026-05-24T16:15Z,2026-05-24T16:00Z,1,35.3,11,B95,EUR,A03,A01,31,MAW,MAW,A01,A01
procured_balancing_capacity,31,2026-05-24T16:15:00,PT15M,2026-05-24T16:30Z,2026-05-24T16:15Z,1,35.3,11,B95,EUR,A03,A01,31,MAW,MAW,A01,A01
procured_balancing_capacity,31,2026-05-24T16:30:00,PT15M,2026-05-24T16:45Z,2026-05-24T16:30Z,1,35.3,11,B95,EUR,A03,A01,31,MAW,MAW,A01,A01
procured_balancing_capacity,31,2026-05-24T16:45:00,PT15M,2026-05-24T17:00Z,2026-05-24T16:45Z,1,35.3,11,B95,EUR,A03,A01,31,MAW,MAW,A01,A01
procured_balancing_capacity,31,2026-05-24T17:00:00,PT15M,2026-05-24T17:15Z,2026-05-24T17:00Z,1,35.3,10,B95,EUR,A03,A01,31,MAW,MAW,A01,A01
procured_balancing_capacity,31,2026-05-24T17:15:00,PT15M,2026-05-24T17:30Z,2026-05-24T17:15Z,1,35.3,10,B95,EUR,A03,A01,31,MAW,MAW,A01,A01
procured_balancing_capacity,31,2026-05-24T17:30:00,PT15M,2026-05-24T17:45Z,2026-05-24T17:30Z,1,35.3,10,B95,EUR,A03,A01,31,MAW,MAW,A01,A01
procured_balancing_capacity,31,2026-05-24T17:45:00,PT15M,2026-05-24T18:00Z,2026-05-24T17:45Z,1,35.3,10,B95,EUR,A03,A01,31,MAW,MAW,A01,A01
procured_balancing_capacity,31,2026-05-24T18:00:00,PT15M,2026-05-24T18:15Z,2026-05-24T18:00Z,1,35.3,10,B95,EUR,A03,A01,31,MAW,MAW,A01,A01
procured_balancing_capacity,31,2026-05-24T18:15:00,PT15M,2026-05-24T18:30Z,2026-05-24T18:15Z,1,35.3,10,B95,EUR,A03,A01,31,MAW,MAW,A01,A01
procured_balancing_capacity,31,2026-05-24T18:30:00,PT15M,2026-05-24T18:45Z,2026-05-24T18:30Z,1,35.3,10,B95,EUR,A03,A01,31,MAW,MAW,A01,A01
procured_balancing_capacity,31,2026-05-24T18:45:00,PT15M,2026-05-24T19:00Z,2026-05-24T18:45Z,1,35.3,10,B95,EUR,A03,A01,31,MAW,MAW,A01,A01
procured_balancing_capacity,31,2026-05-24T19:00:00,PT15M,2026-05-24T19:15Z,2026-05-24T19:00Z,1,35.3,10,B95,EUR,A03,A01,31,MAW,MAW,A01,A01
procured_balancing_capacity,31,2026-05-24T19:15:00,PT15M,2026-05-24T19:30Z,2026-05-24T19:15Z,1,35.3,10,B95,EUR,A03,A01,31,MAW,MAW,A01,A01
procured_balancing_capacity,31,2026-05-24T19:30:00,PT15M,2026-05-24T19:45Z,2026-05-24T19:30Z,1,35.3,10,B95,EUR,A03,A01,31,MAW,MAW,A01,A01
procured_balancing_capacity,31,2026-05-24T19:45:00,PT15M,2026-05-24T20:00Z,2026-05-24T19:45Z,1,35.3,10,B95,EUR,A03,A01,31,MAW,MAW,A01,A01
procured_balancing_capacity,31,2026-05-24T20:00:00,PT15M,2026-05-24T20:15Z,2026-05-24T20:00Z,1,35.3,11,B95,EUR,A03,A01,31,MAW,MAW,A01,A01
procured_balancing_capacity,31,2026-05-24T20:15:00,PT15M,2026-05-24T20:30Z,2026-05-24T20:15Z,1,35.3,11,B95,EUR,A03,A01,31,MAW,MAW,A01,A01
procured_balancing_capacity,31,2026-05-24T20:30:00,PT15M,2026-05-24T20:45Z,2026-05-24T20:30Z,1,35.3,11,B95,EUR,A03,A01,31,MAW,MAW,A01,A01
procured_balancing_capacity,31,2026-05-24T20:45:00,PT15M,2026-05-24T21:00Z,2026-05-24T20:45Z,1,35.3,11,B95,EUR,A03,A01,31,MAW,MAW,A01,A01
procured_balancing_capacity,31,2026-05-24T21:00:00,PT15M,2026-05-24T21:15Z,2026-05-24T21:00Z,1,35.3,11,B95,EUR,A03,A01,31,MAW,MAW,A01,A01
procured_balancing_capacity,31,2026-05-24T21:15:00,PT15M,2026-05-24T21:30Z,2026-05-24T21:15Z,1,35.3,11,B95,EUR,A03,A01,31,MAW,MAW,A01,A01
procured_balancing_capacity,31,2026-05-24T21:30:00,PT15M,2026-05-24T21:45Z,2026-05-24T21:30Z,1,35.3,11,B95,EUR,A03,A01,31,MAW,MAW,A01,A01
procured_balancing_capacity,31,2026-05-24T21:45:00,PT15M,2026-05-24T22:00Z,2026-05-24T21:45Z,1,35.3,11,B95,EUR,A03,A01,31,MAW,MAW,A01,A01
procured_balancing_capacity,32,2026-05-23T22:00:00,PT15M,2026-05-23T22:15Z,2026-05-23T22:00Z,1,33,0,B95,EUR,A03,A01,32,MAW,MAW,A01,A01
procured_balancing_capacity,32,2026-05-23T22:15:00,PT15M,2026-05-23T22:30Z,2026-05-23T22:15Z,1,33,0,B95,EUR,A03,A01,32,MAW,MAW,A01,A01
procured_balancing_capacity,32,2026-05-23T22:30:00,PT15M,2026-05-23T22:45Z,2026-05-23T22:30Z,1,33,0,B95,EUR,A03,A01,32,MAW,MAW,A01,A01
procured_balancing_capacity,32,2026-05-23T22:45:00,PT15M,2026-05-23T23:00Z,2026-05-23T22:45Z,1,33,0,B95,EUR,A03,A01,32,MAW,MAW,A01,A01
procured_balancing_capacity,32,2026-05-23T23:00:00,PT15M,2026-05-23T23:15Z,2026-05-23T23:00Z,1,33,0,B95,EUR,A03,A01,32,MAW,MAW,A01,A01
procured_balancing_capacity,32,2026-05-23T23:15:00,PT15M,2026-05-23T23:30Z,2026-05-23T23:15Z,1,33,0,B95,EUR,A03,A01,32,MAW,MAW,A01,A01
procured_balancing_capacity,32,2026-05-23T23:30:00,PT15M,2026-05-23T23:45Z,2026-05-23T23:30Z,1,33,0,B95,EUR,A03,A01,32,MAW,MAW,A01,A01
procured_balancing_capacity,32,2026-05-23T23:45:00,PT15M,2026-05-24T00:00Z,2026-05-23T23:45Z,1,33,0,B95,EUR,A03,A01,32,MAW,MAW,A01,A01
procured_balancing_capacity,32,2026-05-24T00:00:00,PT15M,2026-05-24T00:15Z,2026-05-24T00:00Z,1,33,0,B95,EUR,A03,A01,32,MAW,MAW,A01,A01
procured_balancing_capacity,32,2026-05-24T00:15:00,PT15M,2026-05-24T00:30Z,2026-05-24T00:15Z,1,33,0,B95,EUR,A03,A01,32,MAW,MAW,A01,A01
procured_balancing_capacity,32,2026-05-24T00:30:00,PT15M,2026-05-24T00:45Z,2026-05-24T00:30Z,1,33,0,B95,EUR,A03,A01,32,MAW,MAW,A01,A01
procured_balancing_capacity,32,2026-05-24T00:45:00,PT15M,2026-05-24T01:00Z,2026-05-24T00:45Z,1,33,0,B95,EUR,A03,A01,32,MAW,MAW,A01,A01
procured_balancing_capacity,32,2026-05-24T01:00:00,PT15M,2026-05-24T01:15Z,2026-05-24T01:00Z,1,33,0,B95,EUR,A03,A01,32,MAW,MAW,A01,A01
procured_balancing_capacity,32,2026-05-24T01:15:00,PT15M,2026-05-24T01:30Z,2026-05-24T01:15Z,1,33,0,B95,EUR,A03,A01,32,MAW,MAW,A01,A01
procured_balancing_capacity,32,2026-05-24T01:30:00,PT15M,2026-05-24T01:45Z,2026-05-24T01:30Z,1,33,0,B95,EUR,A03,A01,32,MAW,MAW,A01,A01
procured_balancing_capacity,32,2026-05-24T01:45:00,PT15M,2026-05-24T02:00Z,2026-05-24T01:45Z,1,33,0,B95,EUR,A03,A01,32,MAW,MAW,A01,A01
procured_balancing_capacity,32,2026-05-24T02:00:00,PT15M,2026-05-24T02:15Z,2026-05-24T02:00Z,1,33,0,B95,EUR,A03,A01,32,MAW,MAW,A01,A01
procured_balancing_capacity,32,2026-05-24T02:15:00,PT15M,2026-05-24T02:30Z,2026-05-24T02:15Z,1,33,0,B95,EUR,A03,A01,32,MAW,MAW,A01,A01
procured_balancing_capacity,32,2026-05-24T02:30:00,PT15M,2026-05-24T02:45Z,2026-05-24T02:30Z,1,33,0,B95,EUR,A03,A01,32,MAW,MAW,A01,A01
procured_balancing_capacity,32,2026-05-24T02:45:00,PT15M,2026-05-24T03:00Z,2026-05-24T02:45Z,1,33,0,B95,EUR,A03,A01,32,MAW,MAW,A01,A01
procured_balancing_capacity,32,2026-05-24T03:00:00,PT15M,2026-05-24T03:15Z,2026-05-24T03:00Z,1,33,0,B95,EUR,A03,A01,32,MAW,MAW,A01,A01
procured_balancing_capacity,32,2026-05-24T03:15:00,PT15M,2026-05-24T03:30Z,2026-05-24T03:15Z,1,33,0,B95,EUR,A03,A01,32,MAW,MAW,A01,A01
procured_balancing_capacity,32,2026-05-24T03:30:00,PT15M,2026-05-24T03:45Z,2026-05-24T03:30Z,1,33,0,B95,EUR,A03,A01,32,MAW,MAW,A01,A01
procured_balancing_capacity,32,2026-05-24T03:45:00,PT15M,2026-05-24T04:00Z,2026-05-24T03:45Z,1,33,0,B95,EUR,A03,A01,32,MAW,MAW,A01,A01
procured_balancing_capacity,32,2026-05-24T04:00:00,PT15M,2026-05-24T04:15Z,2026-05-24T04:00Z,1,33,3,B95,EUR,A03,A01,32,MAW,MAW,A01,A01
procured_balancing_capacity,32,2026-05-24T04:15:00,PT15M,2026-05-24T04:30Z,2026-05-24T04:15Z,1,33,3,B95,EUR,A03,A01,32,MAW,MAW,A01,A01
procured_balancing_capacity,32,2026-05-24T04:30:00,PT15M,2026-05-24T04:45Z,2026-05-24T04:30Z,1,33,3,B95,EUR,A03,A01,32,MAW,MAW,A01,A01
procured_balancing_capacity,32,2026-05-24T04:45:00,PT15M,2026-05-24T05:00Z,2026-05-24T04:45Z,1,33,3,B95,EUR,A03,A01,32,MAW,MAW,A01,A01
procured_balancing_capacity,32,2026-05-24T05:00:00,PT15M,2026-05-24T05:15Z,2026-05-24T05:00Z,1,33,3,B95,EUR,A03,A01,32,MAW,MAW,A01,A01
procured_balancing_capacity,32,2026-05-24T05:15:00,PT15M,2026-05-24T05:30Z,2026-05-24T05:15Z,1,33,3,B95,EUR,A03,A01,32,MAW,MAW,A01,A01
procured_balancing_capacity,32,2026-05-24T05:30:00,PT15M,2026-05-24T05:45Z,2026-05-24T05:30Z,1,33,3,B95,EUR,A03,A01,32,MAW,MAW,A01,A01
procured_balancing_capacity,32,2026-05-24T05:45:00,PT15M,2026-05-24T06:00Z,2026-05-24T05:45Z,1,33,3,B95,EUR,A03,A01,32,MAW,MAW,A01,A01
procured_balancing_capacity,32,2026-05-24T06:00:00,PT15M,2026-05-24T06:15Z,2026-05-24T06:00Z,1,33,3,B95,EUR,A03,A01,32,MAW,MAW,A01,A01
procured_balancing_capacity,32,2026-05-24T06:15:00,PT15M,2026-05-24T06:30Z,2026-05-24T06:15Z,1,33,3,B95,EUR,A03,A01,32,MAW,MAW,A01,A01
procured_balancing_capacity,32,2026-05-24T06:30:00,PT15M,2026-05-24T06:45Z,2026-05-24T06:30Z,1,33,3,B95,EUR,A03,A01,32,MAW,MAW,A01,A01
procured_balancing_capacity,32,2026-05-24T06:45:00,PT15M,2026-05-24T07:00Z,2026-05-24T06:45Z,1,33,3,B95,EUR,A03,A01,32,MAW,MAW,A01,A01
procured_balancing_capacity,32,2026-05-24T07:00:00,PT15M,2026-05-24T07:15Z,2026-05-24T07:00Z,1,33,3,B95,EUR,A03,A01,32,MAW,MAW,A01,A01
procured_balancing_capacity,32,2026-05-24T07:15:00,PT15M,2026-05-24T07:30Z,2026-05-24T07:15Z,1,33,3,B95,EUR,A03,A01,32,MAW,MAW,A01,A01
procured_balancing_capacity,32,2026-05-24T07:30:00,PT15M,2026-05-24T07:45Z,2026-05-24T07:30Z,1,33,3,B95,EUR,A03,A01,32,MAW,MAW,A01,A01
procured_balancing_capacity,32,2026-05-24T07:45:00,PT15M,2026-05-24T08:00Z,2026-05-24T07:45Z,1,33,3,B95,EUR,A03,A01,32,MAW,MAW,A01,A01
procured_balancing_capacity,32,2026-05-24T08:00:00,PT15M,2026-05-24T08:15Z,2026-05-24T08:00Z,1,33,3,B95,EUR,A03,A01,32,MAW,MAW,A01,A01
procured_balancing_capacity,32,2026-05-24T08:15:00,PT15M,2026-05-24T08:30Z,2026-05-24T08:15Z,1,33,3,B95,EUR,A03,A01,32,MAW,MAW,A01,A01
procured_balancing_capacity,32,2026-05-24T08:30:00,PT15M,2026-05-24T08:45Z,2026-05-24T08:30Z,1,33,3,B95,EUR,A03,A01,32,MAW,MAW,A01,A01
procured_balancing_capacity,32,2026-05-24T08:45:00,PT15M,2026-05-24T09:00Z,2026-05-24T08:45Z,1,33,3,B95,EUR,A03,A01,32,MAW,MAW,A01,A01
procured_balancing_capacity,32,2026-05-24T09:00:00,PT15M,2026-05-24T09:15Z,2026-05-24T09:00Z,1,33,3,B95,EUR,A03,A01,32,MAW,MAW,A01,A01
procured_balancing_capacity,32,2026-05-24T09:15:00,PT15M,2026-05-24T09:30Z,2026-05-24T09:15Z,1,33,3,B95,EUR,A03,A01,32,MAW,MAW,A01,A01
procured_balancing_capacity,32,2026-05-24T09:30:00,PT15M,2026-05-24T09:45Z,2026-05-24T09:30Z,1,33,3,B95,EUR,A03,A01,32,MAW,MAW,A01,A01
procured_balancing_capacity,32,2026-05-24T09:45:00,PT15M,2026-05-24T10:00Z,2026-05-24T09:45Z,1,33,3,B95,EUR,A03,A01,32,MAW,MAW,A01,A01
procured_balancing_capacity,32,2026-05-24T10:00:00,PT15M,2026-05-24T10:15Z,2026-05-24T10:00Z,1,33,3,B95,EUR,A03,A01,32,MAW,MAW,A01,A01
procured_balancing_capacity,32,2026-05-24T10:15:00,PT15M,2026-05-24T10:30Z,2026-05-24T10:15Z,1,33,3,B95,EUR,A03,A01,32,MAW,MAW,A01,A01
procured_balancing_capacity,32,2026-05-24T10:30:00,PT15M,2026-05-24T10:45Z,2026-05-24T10:30Z,1,33,3,B95,EUR,A03,A01,32,MAW,MAW,A01,A01
procured_balancing_capacity,32,2026-05-24T10:45:00,PT15M,2026-05-24T11:00Z,2026-05-24T10:45Z,1,33,3,B95,EUR,A03,A01,32,MAW,MAW,A01,A01
procured_balancing_capacity,32,2026-05-24T11:00:00,PT15M,2026-05-24T11:15Z,2026-05-24T11:00Z,1,33,3,B95,EUR,A03,A01,32,MAW,MAW,A01,A01
procured_balancing_capacity,32,2026-05-24T11:15:00,PT15M,2026-05-24T11:30Z,2026-05-24T11:15Z,1,33,3,B95,EUR,A03,A01,32,MAW,MAW,A01,A01
procured_balancing_capacity,32,2026-05-24T11:30:00,PT15M,2026-05-24T11:45Z,2026-05-24T11:30Z,1,33,3,B95,EUR,A03,A01,32,MAW,MAW,A01,A01
procured_balancing_capacity,32,2026-05-24T11:45:00,PT15M,2026-05-24T12:00Z,2026-05-24T11:45Z,1,33,3,B95,EUR,A03,A01,32,MAW,MAW,A01,A01
procured_balancing_capacity,32,2026-05-24T12:00:00,PT15M,2026-05-24T12:15Z,2026-05-24T12:00Z,1,33,3,B95,EUR,A03,A01,32,MAW,MAW,A01,A01
procured_balancing_capacity,32,2026-05-24T12:15:00,PT15M,2026-05-24T12:30Z,2026-05-24T12:15Z,1,33,3,B95,EUR,A03,A01,32,MAW,MAW,A01,A01
procured_balancing_capacity,32,2026-05-24T12:30:00,PT15M,2026-05-24T12:45Z,2026-05-24T12:30Z,1,33,3,B95,EUR,A03,A01,32,MAW,MAW,A01,A01
procured_balancing_capacity,32,2026-05-24T12:45:00,PT15M,2026-05-24T13:00Z,2026-05-24T12:45Z,1,33,3,B95,EUR,A03,A01,32,MAW,MAW,A01,A01
procured_balancing_capacity,32,2026-05-24T13:00:00,PT15M,2026-05-24T13:15Z,2026-05-24T13:00Z,1,33,3,B95,EUR,A03,A01,32,MAW,MAW,A01,A01
procured_balancing_capacity,32,2026-05-24T13:15:00,PT15M,2026-05-24T13:30Z,2026-05-24T13:15Z,1,33,3,B95,EUR,A03,A01,32,MAW,MAW,A01,A01
procured_balancing_capacity,32,2026-05-24T13:30:00,PT15M,2026-05-24T13:45Z,2026-05-24T13:30Z,1,33,3,B95,EUR,A03,A01,32,MAW,MAW,A01,A01
procured_balancing_capacity,32,2026-05-24T13:45:00,PT15M,2026-05-24T14:00Z,2026-05-24T13:45Z,1,33,3,B95,EUR,A03,A01,32,MAW,MAW,A01,A01
procured_balancing_capacity,32,2026-05-24T14:00:00,PT15M,2026-05-24T14:15Z,2026-05-24T14:00Z,1,33,3,B95,EUR,A03,A01,32,MAW,MAW,A01,A01
procured_balancing_capacity,32,2026-05-24T14:15:00,PT15M,2026-05-24T14:30Z,2026-05-24T14:15Z,1,33,3,B95,EUR,A03,A01,32,MAW,MAW,A01,A01
procured_balancing_capacity,32,2026-05-24T14:30:00,PT15M,2026-05-24T14:45Z,2026-05-24T14:30Z,1,33,3,B95,EUR,A03,A01,32,MAW,MAW,A01,A01
procured_balancing_capacity,32,2026-05-24T14:45:00,PT15M,2026-05-24T15:00Z,2026-05-24T14:45Z,1,33,3,B95,EUR,A03,A01,32,MAW,MAW,A01,A01
procured_balancing_capacity,32,2026-05-24T15:00:00,PT15M,2026-05-24T15:15Z,2026-05-24T15:00Z,1,33,3,B95,EUR,A03,A01,32,MAW,MAW,A01,A01
procured_balancing_capacity,32,2026-05-24T15:15:00,PT15M,2026-05-24T15:30Z,2026-05-24T15:15Z,1,33,3,B95,EUR,A03,A01,32,MAW,MAW,A01,A01
procured_balancing_capacity,32,2026-05-24T15:30:00,PT15M,2026-05-24T15:45Z,2026-05-24T15:30Z,1,33,3,B95,EUR,A03,A01,32,MAW,MAW,A01,A01
procured_balancing_capacity,32,2026-05-24T15:45:00,PT15M,2026-05-24T16:00Z,2026-05-24T15:45Z,1,33,3,B95,EUR,A03,A01,32,MAW,MAW,A01,A01
procured_balancing_capacity,32,2026-05-24T16:00:00,PT15M,2026-05-24T16:15Z,2026-05-24T16:00Z,1,33,3,B95,EUR,A03,A01,32,MAW,MAW,A01,A01
procured_balancing_capacity,32,2026-05-24T16:15:00,PT15M,2026-05-24T16:30Z,2026-05-24T16:15Z,1,33,3,B95,EUR,A03,A01,32,MAW,MAW,A01,A01
procured_balancing_capacity,32,2026-05-24T16:30:00,PT15M,2026-05-24T16:45Z,2026-05-24T16:30Z,1,33,3,B95,EUR,A03,A01,32,MAW,MAW,A01,A01
procured_balancing_capacity,32,2026-05-24T16:45:00,PT15M,2026-05-24T17:00Z,2026-05-24T16:45Z,1,33,3,B95,EUR,A03,A01,32,MAW,MAW,A01,A01
procured_balancing_capacity,32,2026-05-24T17:00:00,PT15M,2026-05-24T17:15Z,2026-05-24T17:00Z,1,33,3,B95,EUR,A03,A01,32,MAW,MAW,A01,A01
procured_balancing_capacity,32,2026-05-24T17:15:00,PT15M,2026-05-24T17:30Z,2026-05-24T17:15Z,1,33,3,B95,EUR,A03,A01,32,MAW,MAW,A01,A01
procured_balancing_capacity,32,2026-05-24T17:30:00,PT15M,2026-05-24T17:45Z,2026-05-24T17:30Z,1,33,3,B95,EUR,A03,A01,32,MAW,MAW,A01,A01
procured_balancing_capacity,32,2026-05-24T17:45:00,PT15M,2026-05-24T18:00Z,2026-05-24T17:45Z,1,33,3,B95,EUR,A03,A01,32,MAW,MAW,A01,A01
procured_balancing_capacity,32,2026-05-24T18:00:00,PT15M,2026-05-24T18:15Z,2026-05-24T18:00Z,1,33,3,B95,EUR,A03,A01,32,MAW,MAW,A01,A01
procured_balancing_capacity,32,2026-05-24T18:15:00,PT15M,2026-05-24T18:30Z,2026-05-24T18:15Z,1,33,3,B95,EUR,A03,A01,32,MAW,MAW,A01,A01
procured_balancing_capacity,32,2026-05-24T18:30:00,PT15M,2026-05-24T18:45Z,2026-05-24T18:30Z,1,33,3,B95,EUR,A03,A01,32,MAW,MAW,A01,A01
procured_balancing_capacity,32,2026-05-24T18:45:00,PT15M,2026-05-24T19:00Z,2026-05-24T18:45Z,1,33,3,B95,EUR,A03,A01,32,MAW,MAW,A01,A01
procured_balancing_capacity,32,2026-05-24T19:00:00,PT15M,2026-05-24T19:15Z,2026-05-24T19:00Z,1,33,3,B95,EUR,A03,A01,32,MAW,MAW,A01,A01
procured_balancing_capacity,32,2026-05-24T19:15:00,PT15M,2026-05-24T19:30Z,2026-05-24T19:15Z,1,33,3,B95,EUR,A03,A01,32,MAW,MAW,A01,A01
procured_balancing_capacity,32,2026-05-24T19:30:00,PT15M,2026-05-24T19:45Z,2026-05-24T19:30Z,1,33,3,B95,EUR,A03,A01,32,MAW,MAW,A01,A01
procured_balancing_capacity,32,2026-05-24T19:45:00,PT15M,2026-05-24T20:00Z,2026-05-24T19:45Z,1,33,3,B95,EUR,A03,A01,32,MAW,MAW,A01,A01
procured_balancing_capacity,32,2026-05-24T20:00:00,PT15M,2026-05-24T20:15Z,2026-05-24T20:00Z,1,33,0,B95,EUR,A03,A01,32,MAW,MAW,A01,A01
procured_balancing_capacity,32,2026-05-24T20:15:00,PT15M,2026-05-24T20:30Z,2026-05-24T20:15Z,1,33,0,B95,EUR,A03,A01,32,MAW,MAW,A01,A01
procured_balancing_capacity,32,2026-05-24T20:30:00,PT15M,2026-05-24T20:45Z,2026-05-24T20:30Z,1,33,0,B95,EUR,A03,A01,32,MAW,MAW,A01,A01
procured_balancing_capacity,32,2026-05-24T20:45:00,PT15M,2026-05-24T21:00Z,2026-05-24T20:45Z,1,33,0,B95,EUR,A03,A01,32,MAW,MAW,A01,A01
procured_balancing_capacity,32,2026-05-24T21:00:00,PT15M,2026-05-24T21:15Z,2026-05-24T21:00Z,1,33,0,B95,EUR,A03,A01,32,MAW,MAW,A01,A01
procured_balancing_capacity,32,2026-05-24T21:15:00,PT15M,2026-05-24T21:30Z,2026-05-24T21:15Z,1,33,0,B95,EUR,A03,A01,32,MAW,MAW,A01,A01
procured_balancing_capacity,32,2026-05-24T21:30:00,PT15M,2026-05-24T21:45Z,2026-05-24T21:30Z,1,33,0,B95,EUR,A03,A01,32,MAW,MAW,A01,A01
procured_balancing_capacity,32,2026-05-24T21:45:00,PT15M,2026-05-24T22:00Z,2026-05-24T21:45Z,1,33,0,B95,EUR,A03,A01,32,MAW,MAW,A01,A01
procured_balancing_capacity,33,2026-05-23T22:00:00,PT15M,2026-05-23T22:15Z,2026-05-23T22:00Z,1,0,0,B95,EUR,A03,A01,33,MAW,MAW,A01,A01
procured_balancing_capacity,33,2026-05-23T22:15:00,PT15M,2026-05-23T22:30Z,2026-05-23T22:15Z,1,0,0,B95,EUR,A03,A01,33,MAW,MAW,A01,A01
procured_balancing_capacity,33,2026-05-23T22:30:00,PT15M,2026-05-23T22:45Z,2026-05-23T22:30Z,1,0,0,B95,EUR,A03,A01,33,MAW,MAW,A01,A01
procured_balancing_capacity,33,2026-05-23T22:45:00,PT15M,2026-05-23T23:00Z,2026-05-23T22:45Z,1,0,0,B95,EUR,A03,A01,33,MAW,MAW,A01,A01
procured_balancing_capacity,33,2026-05-23T23:00:00,PT15M,2026-05-23T23:15Z,2026-05-23T23:00Z,1,0,0,B95,EUR,A03,A01,33,MAW,MAW,A01,A01
procured_balancing_capacity,33,2026-05-23T23:15:00,PT15M,2026-05-23T23:30Z,2026-05-23T23:15Z,1,0,0,B95,EUR,A03,A01,33,MAW,MAW,A01,A01
procured_balancing_capacity,33,2026-05-23T23:30:00,PT15M,2026-05-23T23:45Z,2026-05-23T23:30Z,1,0,0,B95,EUR,A03,A01,33,MAW,MAW,A01,A01
procured_balancing_capacity,33,2026-05-23T23:45:00,PT15M,2026-05-24T00:00Z,2026-05-23T23:45Z,1,0,0,B95,EUR,A03,A01,33,MAW,MAW,A01,A01
procured_balancing_capacity,33,2026-05-24T00:00:00,PT15M,2026-05-24T00:15Z,2026-05-24T00:00Z,1,0,0,B95,EUR,A03,A01,33,MAW,MAW,A01,A01
procured_balancing_capacity,33,2026-05-24T00:15:00,PT15M,2026-05-24T00:30Z,2026-05-24T00:15Z,1,0,0,B95,EUR,A03,A01,33,MAW,MAW,A01,A01
procured_balancing_capacity,33,2026-05-24T00:30:00,PT15M,2026-05-24T00:45Z,2026-05-24T00:30Z,1,0,0,B95,EUR,A03,A01,33,MAW,MAW,A01,A01
procured_balancing_capacity,33,2026-05-24T00:45:00,PT15M,2026-05-24T01:00Z,2026-05-24T00:45Z,1,0,0,B95,EUR,A03,A01,33,MAW,MAW,A01,A01
procured_balancing_capacity,33,2026-05-24T01:00:00,PT15M,2026-05-24T01:15Z,2026-05-24T01:00Z,1,0,0,B95,EUR,A03,A01,33,MAW,MAW,A01,A01
procured_balancing_capacity,33,2026-05-24T01:15:00,PT15M,2026-05-24T01:30Z,2026-05-24T01:15Z,1,0,0,B95,EUR,A03,A01,33,MAW,MAW,A01,A01
procured_balancing_capacity,33,2026-05-24T01:30:00,PT15M,2026-05-24T01:45Z,2026-05-24T01:30Z,1,0,0,B95,EUR,A03,A01,33,MAW,MAW,A01,A01
procured_balancing_capacity,33,2026-05-24T01:45:00,PT15M,2026-05-24T02:00Z,2026-05-24T01:45Z,1,0,0,B95,EUR,A03,A01,33,MAW,MAW,A01,A01
procured_balancing_capacity,33,2026-05-24T02:00:00,PT15M,2026-05-24T02:15Z,2026-05-24T02:00Z,1,0,0,B95,EUR,A03,A01,33,MAW,MAW,A01,A01
procured_balancing_capacity,33,2026-05-24T02:15:00,PT15M,2026-05-24T02:30Z,2026-05-24T02:15Z,1,0,0,B95,EUR,A03,A01,33,MAW,MAW,A01,A01
procured_balancing_capacity,33,2026-05-24T02:30:00,PT15M,2026-05-24T02:45Z,2026-05-24T02:30Z,1,0,0,B95,EUR,A03,A01,33,MAW,MAW,A01,A01
procured_balancing_capacity,33,2026-05-24T02:45:00,PT15M,2026-05-24T03:00Z,2026-05-24T02:45Z,1,0,0,B95,EUR,A03,A01,33,MAW,MAW,A01,A01
procured_balancing_capacity,33,2026-05-24T03:00:00,PT15M,2026-05-24T03:15Z,2026-05-24T03:00Z,1,0,0,B95,EUR,A03,A01,33,MAW,MAW,A01,A01
procured_balancing_capacity,33,2026-05-24T03:15:00,PT15M,2026-05-24T03:30Z,2026-05-24T03:15Z,1,0,0,B95,EUR,A03,A01,33,MAW,MAW,A01,A01
procured_balancing_capacity,33,2026-05-24T03:30:00,PT15M,2026-05-24T03:45Z,2026-05-24T03:30Z,1,0,0,B95,EUR,A03,A01,33,MAW,MAW,A01,A01
procured_balancing_capacity,33,2026-05-24T03:45:00,PT15M,2026-05-24T04:00Z,2026-05-24T03:45Z,1,0,0,B95,EUR,A03,A01,33,MAW,MAW,A01,A01
procured_balancing_capacity,33,2026-05-24T04:00:00,PT15M,2026-05-24T04:15Z,2026-05-24T04:00Z,1,0,0,B95,EUR,A03,A01,33,MAW,MAW,A01,A01
procured_balancing_capacity,33,2026-05-24T04:15:00,PT15M,2026-05-24T04:30Z,2026-05-24T04:15Z,1,0,0,B95,EUR,A03,A01,33,MAW,MAW,A01,A01
procured_balancing_capacity,33,2026-05-24T04:30:00,PT15M,2026-05-24T04:45Z,2026-05-24T04:30Z,1,0,0,B95,EUR,A03,A01,33,MAW,MAW,A01,A01
procured_balancing_capacity,33,2026-05-24T04:45:00,PT15M,2026-05-24T05:00Z,2026-05-24T04:45Z,1,0,0,B95,EUR,A03,A01,33,MAW,MAW,A01,A01
procured_balancing_capacity,33,2026-05-24T05:00:00,PT15M,2026-05-24T05:15Z,2026-05-24T05:00Z,1,0,0,B95,EUR,A03,A01,33,MAW,MAW,A01,A01
procured_balancing_capacity,33,2026-05-24T05:15:00,PT15M,2026-05-24T05:30Z,2026-05-24T05:15Z,1,0,0,B95,EUR,A03,A01,33,MAW,MAW,A01,A01
procured_balancing_capacity,33,2026-05-24T05:30:00,PT15M,2026-05-24T05:45Z,2026-05-24T05:30Z,1,0,0,B95,EUR,A03,A01,33,MAW,MAW,A01,A01
procured_balancing_capacity,33,2026-05-24T05:45:00,PT15M,2026-05-24T06:00Z,2026-05-24T05:45Z,1,0,0,B95,EUR,A03,A01,33,MAW,MAW,A01,A01
procured_balancing_capacity,33,2026-05-24T06:00:00,PT15M,2026-05-24T06:15Z,2026-05-24T06:00Z,1,35.2,2,B95,EUR,A03,A01,33,MAW,MAW,A01,A01
procured_balancing_capacity,33,2026-05-24T06:15:00,PT15M,2026-05-24T06:30Z,2026-05-24T06:15Z,1,35.2,2,B95,EUR,A03,A01,33,MAW,MAW,A01,A01
procured_balancing_capacity,33,2026-05-24T06:30:00,PT15M,2026-05-24T06:45Z,2026-05-24T06:30Z,1,35.2,2,B95,EUR,A03,A01,33,MAW,MAW,A01,A01
procured_balancing_capacity,33,2026-05-24T06:45:00,PT15M,2026-05-24T07:00Z,2026-05-24T06:45Z,1,35.2,2,B95,EUR,A03,A01,33,MAW,MAW,A01,A01
procured_balancing_capacity,33,2026-05-24T07:00:00,PT15M,2026-05-24T07:15Z,2026-05-24T07:00Z,1,35.2,2,B95,EUR,A03,A01,33,MAW,MAW,A01,A01
procured_balancing_capacity,33,2026-05-24T07:15:00,PT15M,2026-05-24T07:30Z,2026-05-24T07:15Z,1,35.2,2,B95,EUR,A03,A01,33,MAW,MAW,A01,A01
procured_balancing_capacity,33,2026-05-24T07:30:00,PT15M,2026-05-24T07:45Z,2026-05-24T07:30Z,1,35.2,2,B95,EUR,A03,A01,33,MAW,MAW,A01,A01
procured_balancing_capacity,33,2026-05-24T07:45:00,PT15M,2026-05-24T08:00Z,2026-05-24T07:45Z,1,35.2,2,B95,EUR,A03,A01,33,MAW,MAW,A01,A01
procured_balancing_capacity,33,2026-05-24T08:00:00,PT15M,2026-05-24T08:15Z,2026-05-24T08:00Z,1,35.2,2,B95,EUR,A03,A01,33,MAW,MAW,A01,A01
procured_balancing_capacity,33,2026-05-24T08:15:00,PT15M,2026-05-24T08:30Z,2026-05-24T08:15Z,1,35.2,2,B95,EUR,A03,A01,33,MAW,MAW,A01,A01
procured_balancing_capacity,33,2026-05-24T08:30:00,PT15M,2026-05-24T08:45Z,2026-05-24T08:30Z,1,35.2,2,B95,EUR,A03,A01,33,MAW,MAW,A01,A01
procured_balancing_capacity,33,2026-05-24T08:45:00,PT15M,2026-05-24T09:00Z,2026-05-24T08:45Z,1,35.2,2,B95,EUR,A03,A01,33,MAW,MAW,A01,A01
procured_balancing_capacity,33,2026-05-24T09:00:00,PT15M,2026-05-24T09:15Z,2026-05-24T09:00Z,1,35.2,2,B95,EUR,A03,A01,33,MAW,MAW,A01,A01
procured_balancing_capacity,33,2026-05-24T09:15:00,PT15M,2026-05-24T09:30Z,2026-05-24T09:15Z,1,35.2,2,B95,EUR,A03,A01,33,MAW,MAW,A01,A01
procured_balancing_capacity,33,2026-05-24T09:30:00,PT15M,2026-05-24T09:45Z,2026-05-24T09:30Z,1,35.2,2,B95,EUR,A03,A01,33,MAW,MAW,A01,A01
procured_balancing_capacity,33,2026-05-24T09:45:00,PT15M,2026-05-24T10:00Z,2026-05-24T09:45Z,1,35.2,2,B95,EUR,A03,A01,33,MAW,MAW,A01,A01
procured_balancing_capacity,33,2026-05-24T10:00:00,PT15M,2026-05-24T10:15Z,2026-05-24T10:00Z,1,35.2,2,B95,EUR,A03,A01,33,MAW,MAW,A01,A01
procured_balancing_capacity,33,2026-05-24T10:15:00,PT15M,2026-05-24T10:30Z,2026-05-24T10:15Z,1,35.2,2,B95,EUR,A03,A01,33,MAW,MAW,A01,A01
procured_balancing_capacity,33,2026-05-24T10:30:00,PT15M,2026-05-24T10:45Z,2026-05-24T10:30Z,1,35.2,2,B95,EUR,A03,A01,33,MAW,MAW,A01,A01
procured_balancing_capacity,33,2026-05-24T10:45:00,PT15M,2026-05-24T11:00Z,2026-05-24T10:45Z,1,35.2,2,B95,EUR,A03,A01,33,MAW,MAW,A01,A01
procured_balancing_capacity,33,2026-05-24T11:00:00,PT15M,2026-05-24T11:15Z,2026-05-24T11:00Z,1,35.2,2,B95,EUR,A03,A01,33,MAW,MAW,A01,A01
procured_balancing_capacity,33,2026-05-24T11:15:00,PT15M,2026-05-24T11:30Z,2026-05-24T11:15Z,1,35.2,2,B95,EUR,A03,A01,33,MAW,MAW,A01,A01
procured_balancing_capacity,33,2026-05-24T11:30:00,PT15M,2026-05-24T11:45Z,2026-05-24T11:30Z,1,35.2,2,B95,EUR,A03,A01,33,MAW,MAW,A01,A01
procured_balancing_capacity,33,2026-05-24T11:45:00,PT15M,2026-05-24T12:00Z,2026-05-24T11:45Z,1,35.2,2,B95,EUR,A03,A01,33,MAW,MAW,A01,A01
procured_balancing_capacity,33,2026-05-24T12:00:00,PT15M,2026-05-24T12:15Z,2026-05-24T12:00Z,1,35.2,2,B95,EUR,A03,A01,33,MAW,MAW,A01,A01
procured_balancing_capacity,33,2026-05-24T12:15:00,PT15M,2026-05-24T12:30Z,2026-05-24T12:15Z,1,35.2,2,B95,EUR,A03,A01,33,MAW,MAW,A01,A01
procured_balancing_capacity,33,2026-05-24T12:30:00,PT15M,2026-05-24T12:45Z,2026-05-24T12:30Z,1,35.2,2,B95,EUR,A03,A01,33,MAW,MAW,A01,A01
procured_balancing_capacity,33,2026-05-24T12:45:00,PT15M,2026-05-24T13:00Z,2026-05-24T12:45Z,1,35.2,2,B95,EUR,A03,A01,33,MAW,MAW,A01,A01
procured_balancing_capacity,33,2026-05-24T13:00:00,PT15M,2026-05-24T13:15Z,2026-05-24T13:00Z,1,35.2,2,B95,EUR,A03,A01,33,MAW,MAW,A01,A01
procured_balancing_capacity,33,2026-05-24T13:15:00,PT15M,2026-05-24T13:30Z,2026-05-24T13:15Z,1,35.2,2,B95,EUR,A03,A01,33,MAW,MAW,A01,A01
procured_balancing_capacity,33,2026-05-24T13:30:00,PT15M,2026-05-24T13:45Z,2026-05-24T13:30Z,1,35.2,2,B95,EUR,A03,A01,33,MAW,MAW,A01,A01
procured_balancing_capacity,33,2026-05-24T13:45:00,PT15M,2026-05-24T14:00Z,2026-05-24T13:45Z,1,35.2,2,B95,EUR,A03,A01,33,MAW,MAW,A01,A01
procured_balancing_capacity,33,2026-05-24T14:00:00,PT15M,2026-05-24T14:15Z,2026-05-24T14:00Z,1,35.2,2,B95,EUR,A03,A01,33,MAW,MAW,A01,A01
procured_balancing_capacity,33,2026-05-24T14:15:00,PT15M,2026-05-24T14:30Z,2026-05-24T14:15Z,1,35.2,2,B95,EUR,A03,A01,33,MAW,MAW,A01,A01
procured_balancing_capacity,33,2026-05-24T14:30:00,PT15M,2026-05-24T14:45Z,2026-05-24T14:30Z,1,35.2,2,B95,EUR,A03,A01,33,MAW,MAW,A01,A01
procured_balancing_capacity,33,2026-05-24T14:45:00,PT15M,2026-05-24T15:00Z,2026-05-24T14:45Z,1,35.2,2,B95,EUR,A03,A01,33,MAW,MAW,A01,A01
procured_balancing_capacity,33,2026-05-24T15:00:00,PT15M,2026-05-24T15:15Z,2026-05-24T15:00Z,1,35.2,2,B95,EUR,A03,A01,33,MAW,MAW,A01,A01
procured_balancing_capacity,33,2026-05-24T15:15:00,PT15M,2026-05-24T15:30Z,2026-05-24T15:15Z,1,35.2,2,B95,EUR,A03,A01,33,MAW,MAW,A01,A01
procured_balancing_capacity,33,2026-05-24T15:30:00,PT15M,2026-05-24T15:45Z,2026-05-24T15:30Z,1,35.2,2,B95,EUR,A03,A01,33,MAW,MAW,A01,A01
procured_balancing_capacity,33,2026-05-24T15:45:00,PT15M,2026-05-24T16:00Z,2026-05-24T15:45Z,1,35.2,2,B95,EUR,A03,A01,33,MAW,MAW,A01,A01
procured_balancing_capacity,33,2026-05-24T16:00:00,PT15M,2026-05-24T16:15Z,2026-05-24T16:00Z,1,35.2,2,B95,EUR,A03,A01,33,MAW,MAW,A01,A01
procured_balancing_capacity,33,2026-05-24T16:15:00,PT15M,2026-05-24T16:30Z,2026-05-24T16:15Z,1,35.2,2,B95,EUR,A03,A01,33,MAW,MAW,A01,A01
procured_balancing_capacity,33,2026-05-24T16:30:00,PT15M,2026-05-24T16:45Z,2026-05-24T16:30Z,1,35.2,2,B95,EUR,A03,A01,33,MAW,MAW,A01,A01
procured_balancing_capacity,33,2026-05-24T16:45:00,PT15M,2026-05-24T17:00Z,2026-05-24T16:45Z,1,35.2,2,B95,EUR,A03,A01,33,MAW,MAW,A01,A01
procured_balancing_capacity,33,2026-05-24T17:00:00,PT15M,2026-05-24T17:15Z,2026-05-24T17:00Z,1,35.2,2,B95,EUR,A03,A01,33,MAW,MAW,A01,A01
procured_balancing_capacity,33,2026-05-24T17:15:00,PT15M,2026-05-24T17:30Z,2026-05-24T17:15Z,1,35.2,2,B95,EUR,A03,A01,33,MAW,MAW,A01,A01
procured_balancing_capacity,33,2026-05-24T17:30:00,PT15M,2026-05-24T17:45Z,2026-05-24T17:30Z,1,10.05,2,B95,EUR,A03,A01,33,MAW,MAW,A01,A01
procured_balancing_capacity,33,2026-05-24T17:45:00,PT15M,2026-05-24T18:00Z,2026-05-24T17:45Z,1,10.05,2,B95,EUR,A03,A01,33,MAW,MAW,A01,A01
procured_balancing_capacity,33,2026-05-24T18:00:00,PT15M,2026-05-24T18:15Z,2026-05-24T18:00Z,1,10.05,2,B95,EUR,A03,A01,33,MAW,MAW,A01,A01
procured_balancing_capacity,33,2026-05-24T18:15:00,PT15M,2026-05-24T18:30Z,2026-05-24T18:15Z,1,10.05,2,B95,EUR,A03,A01,33,MAW,MAW,A01,A01
procured_balancing_capacity,33,2026-05-24T18:30:00,PT15M,2026-05-24T18:45Z,2026-05-24T18:30Z,1,10.05,2,B95,EUR,A03,A01,33,MAW,MAW,A01,A01
procured_balancing_capacity,33,2026-05-24T18:45:00,PT15M,2026-05-24T19:00Z,2026-05-24T18:45Z,1,10.05,2,B95,EUR,A03,A01,33,MAW,MAW,A01,A01
procured_balancing_capacity,33,2026-05-24T19:00:00,PT15M,2026-05-24T19:15Z,2026-05-24T19:00Z,1,10.05,2,B95,EUR,A03,A01,33,MAW,MAW,A01,A01
procured_balancing_capacity,33,2026-05-24T19:15:00,PT15M,2026-05-24T19:30Z,2026-05-24T19:15Z,1,10.05,2,B95,EUR,A03,A01,33,MAW,MAW,A01,A01
procured_balancing_capacity,33,2026-05-24T19:30:00,PT15M,2026-05-24T19:45Z,2026-05-24T19:30Z,1,10.05,2,B95,EUR,A03,A01,33,MAW,MAW,A01,A01
procured_balancing_capacity,33,2026-05-24T19:45:00,PT15M,2026-05-24T20:00Z,2026-05-24T19:45Z,1,10.05,2,B95,EUR,A03,A01,33,MAW,MAW,A01,A01
procured_balancing_capacity,33,2026-05-24T20:00:00,PT15M,2026-05-24T20:15Z,2026-05-24T20:00Z,1,10.01,2,B95,EUR,A03,A01,33,MAW,MAW,A01,A01
procured_balancing_capacity,33,2026-05-24T20:15:00,PT15M,2026-05-24T20:30Z,2026-05-24T20:15Z,1,10.01,2,B95,EUR,A03,A01,33,MAW,MAW,A01,A01
procured_balancing_capacity,33,2026-05-24T20:30:00,PT15M,2026-05-24T20:45Z,2026-05-24T20:30Z,1,10.01,2,B95,EUR,A03,A01,33,MAW,MAW,A01,A01
procured_balancing_capacity,33,2026-05-24T20:45:00,PT15M,2026-05-24T21:00Z,2026-05-24T20:45Z,1,10.01,2,B95,EUR,A03,A01,33,MAW,MAW,A01,A01
procured_balancing_capacity,33,2026-05-24T21:00:00,PT15M,2026-05-24T21:15Z,2026-05-24T21:00Z,1,0,0,B95,EUR,A03,A01,33,MAW,MAW,A01,A01
procured_balancing_capacity,33,2026-05-24T21:15:00,PT15M,2026-05-24T21:30Z,2026-05-24T21:15Z,1,0,0,B95,EUR,A03,A01,33,MAW,MAW,A01,A01
procured_balancing_capacity,33,2026-05-24T21:30:00,PT15M,2026-05-24T21:45Z,2026-05-24T21:30Z,1,0,0,B95,EUR,A03,A01,33,MAW,MAW,A01,A01
procured_balancing_capacity,33,2026-05-24T21:45:00,PT15M,2026-05-24T22:00Z,2026-05-24T21:45Z,1,0,0,B95,EUR,A03,A01,33,MAW,MAW,A01,A01
procured_balancing_capacity,34,2026-05-23T22:00:00,PT15M,2026-05-23T22:15Z,2026-05-23T22:00Z,1,0,0,B95,EUR,A03,A01,34,MAW,MAW,A01,A01
procured_balancing_capacity,34,2026-05-23T22:15:00,PT15M,2026-05-23T22:30Z,2026-05-23T22:15Z,1,0,0,B95,EUR,A03,A01,34,MAW,MAW,A01,A01
procured_balancing_capacity,34,2026-05-23T22:30:00,PT15M,2026-05-23T22:45Z,2026-05-23T22:30Z,1,0,0,B95,EUR,A03,A01,34,MAW,MAW,A01,A01
procured_balancing_capacity,34,2026-05-23T22:45:00,PT15M,2026-05-23T23:00Z,2026-05-23T22:45Z,1,0,0,B95,EUR,A03,A01,34,MAW,MAW,A01,A01
procured_balancing_capacity,34,2026-05-23T23:00:00,PT15M,2026-05-23T23:15Z,2026-05-23T23:00Z,1,0,0,B95,EUR,A03,A01,34,MAW,MAW,A01,A01
procured_balancing_capacity,34,2026-05-23T23:15:00,PT15M,2026-05-23T23:30Z,2026-05-23T23:15Z,1,0,0,B95,EUR,A03,A01,34,MAW,MAW,A01,A01
procured_balancing_capacity,34,2026-05-23T23:30:00,PT15M,2026-05-23T23:45Z,2026-05-23T23:30Z,1,0,0,B95,EUR,A03,A01,34,MAW,MAW,A01,A01
procured_balancing_capacity,34,2026-05-23T23:45:00,PT15M,2026-05-24T00:00Z,2026-05-23T23:45Z,1,0,0,B95,EUR,A03,A01,34,MAW,MAW,A01,A01
procured_balancing_capacity,34,2026-05-24T00:00:00,PT15M,2026-05-24T00:15Z,2026-05-24T00:00Z,1,0,0,B95,EUR,A03,A01,34,MAW,MAW,A01,A01
procured_balancing_capacity,34,2026-05-24T00:15:00,PT15M,2026-05-24T00:30Z,2026-05-24T00:15Z,1,0,0,B95,EUR,A03,A01,34,MAW,MAW,A01,A01
procured_balancing_capacity,34,2026-05-24T00:30:00,PT15M,2026-05-24T00:45Z,2026-05-24T00:30Z,1,0,0,B95,EUR,A03,A01,34,MAW,MAW,A01,A01
procured_balancing_capacity,34,2026-05-24T00:45:00,PT15M,2026-05-24T01:00Z,2026-05-24T00:45Z,1,0,0,B95,EUR,A03,A01,34,MAW,MAW,A01,A01
procured_balancing_capacity,34,2026-05-24T01:00:00,PT15M,2026-05-24T01:15Z,2026-05-24T01:00Z,1,0,0,B95,EUR,A03,A01,34,MAW,MAW,A01,A01
procured_balancing_capacity,34,2026-05-24T01:15:00,PT15M,2026-05-24T01:30Z,2026-05-24T01:15Z,1,10.05,1,B95,EUR,A03,A01,34,MAW,MAW,A01,A01
procured_balancing_capacity,34,2026-05-24T01:30:00,PT15M,2026-05-24T01:45Z,2026-05-24T01:30Z,1,10.05,1,B95,EUR,A03,A01,34,MAW,MAW,A01,A01
procured_balancing_capacity,34,2026-05-24T01:45:00,PT15M,2026-05-24T02:00Z,2026-05-24T01:45Z,1,10.05,1,B95,EUR,A03,A01,34,MAW,MAW,A01,A01
procured_balancing_capacity,34,2026-05-24T02:00:00,PT15M,2026-05-24T02:15Z,2026-05-24T02:00Z,1,0,0,B95,EUR,A03,A01,34,MAW,MAW,A01,A01
procured_balancing_capacity,34,2026-05-24T02:15:00,PT15M,2026-05-24T02:30Z,2026-05-24T02:15Z,1,10.01,1,B95,EUR,A03,A01,34,MAW,MAW,A01,A01
procured_balancing_capacity,34,2026-05-24T02:30:00,PT15M,2026-05-24T02:45Z,2026-05-24T02:30Z,1,10.01,1,B95,EUR,A03,A01,34,MAW,MAW,A01,A01
procured_balancing_capacity,34,2026-05-24T02:45:00,PT15M,2026-05-24T03:00Z,2026-05-24T02:45Z,1,10.01,1,B95,EUR,A03,A01,34,MAW,MAW,A01,A01
procured_balancing_capacity,34,2026-05-24T03:00:00,PT15M,2026-05-24T03:15Z,2026-05-24T03:00Z,1,0,0,B95,EUR,A03,A01,34,MAW,MAW,A01,A01
procured_balancing_capacity,34,2026-05-24T03:15:00,PT15M,2026-05-24T03:30Z,2026-05-24T03:15Z,1,0,0,B95,EUR,A03,A01,34,MAW,MAW,A01,A01
procured_balancing_capacity,34,2026-05-24T03:30:00,PT15M,2026-05-24T03:45Z,2026-05-24T03:30Z,1,0,0,B95,EUR,A03,A01,34,MAW,MAW,A01,A01
procured_balancing_capacity,34,2026-05-24T03:45:00,PT15M,2026-05-24T04:00Z,2026-05-24T03:45Z,1,0,0,B95,EUR,A03,A01,34,MAW,MAW,A01,A01
procured_balancing_capacity,34,2026-05-24T04:00:00,PT15M,2026-05-24T04:15Z,2026-05-24T04:00Z,1,0,0,B95,EUR,A03,A01,34,MAW,MAW,A01,A01
procured_balancing_capacity,34,2026-05-24T04:15:00,PT15M,2026-05-24T04:30Z,2026-05-24T04:15Z,1,0,0,B95,EUR,A03,A01,34,MAW,MAW,A01,A01
procured_balancing_capacity,34,2026-05-24T04:30:00,PT15M,2026-05-24T04:45Z,2026-05-24T04:30Z,1,0,0,B95,EUR,A03,A01,34,MAW,MAW,A01,A01
procured_balancing_capacity,34,2026-05-24T04:45:00,PT15M,2026-05-24T05:00Z,2026-05-24T04:45Z,1,0,0,B95,EUR,A03,A01,34,MAW,MAW,A01,A01
procured_balancing_capacity,34,2026-05-24T05:00:00,PT15M,2026-05-24T05:15Z,2026-05-24T05:00Z,1,10.05,1,B95,EUR,A03,A01,34,MAW,MAW,A01,A01
procured_balancing_capacity,34,2026-05-24T05:15:00,PT15M,2026-05-24T05:30Z,2026-05-24T05:15Z,1,10.05,1,B95,EUR,A03,A01,34,MAW,MAW,A01,A01
procured_balancing_capacity,34,2026-05-24T05:30:00,PT15M,2026-05-24T05:45Z,2026-05-24T05:30Z,1,10.05,1,B95,EUR,A03,A01,34,MAW,MAW,A01,A01
procured_balancing_capacity,34,2026-05-24T05:45:00,PT15M,2026-05-24T06:00Z,2026-05-24T05:45Z,1,10.05,1,B95,EUR,A03,A01,34,MAW,MAW,A01,A01
procured_balancing_capacity,34,2026-05-24T06:00:00,PT15M,2026-05-24T06:15Z,2026-05-24T06:00Z,1,0,0,B95,EUR,A03,A01,34,MAW,MAW,A01,A01
procured_balancing_capacity,34,2026-05-24T06:15:00,PT15M,2026-05-24T06:30Z,2026-05-24T06:15Z,1,0,0,B95,EUR,A03,A01,34,MAW,MAW,A01,A01
procured_balancing_capacity,34,2026-05-24T06:30:00,PT15M,2026-05-24T06:45Z,2026-05-24T06:30Z,1,0,0,B95,EUR,A03,A01,34,MAW,MAW,A01,A01
procured_balancing_capacity,34,2026-05-24T06:45:00,PT15M,2026-05-24T07:00Z,2026-05-24T06:45Z,1,0,0,B95,EUR,A03,A01,34,MAW,MAW,A01,A01
procured_balancing_capacity,34,2026-05-24T07:00:00,PT15M,2026-05-24T07:15Z,2026-05-24T07:00Z,1,0,0,B95,EUR,A03,A01,34,MAW,MAW,A01,A01
procured_balancing_capacity,34,2026-05-24T07:15:00,PT15M,2026-05-24T07:30Z,2026-05-24T07:15Z,1,0,0,B95,EUR,A03,A01,34,MAW,MAW,A01,A01
procured_balancing_capacity,34,2026-05-24T07:30:00,PT15M,2026-05-24T07:45Z,2026-05-24T07:30Z,1,0,0,B95,EUR,A03,A01,34,MAW,MAW,A01,A01
procured_balancing_capacity,34,2026-05-24T07:45:00,PT15M,2026-05-24T08:00Z,2026-05-24T07:45Z,1,0,0,B95,EUR,A03,A01,34,MAW,MAW,A01,A01
procured_balancing_capacity,34,2026-05-24T08:00:00,PT15M,2026-05-24T08:15Z,2026-05-24T08:00Z,1,0,0,B95,EUR,A03,A01,34,MAW,MAW,A01,A01
procured_balancing_capacity,34,2026-05-24T08:15:00,PT15M,2026-05-24T08:30Z,2026-05-24T08:15Z,1,0,0,B95,EUR,A03,A01,34,MAW,MAW,A01,A01
procured_balancing_capacity,34,2026-05-24T08:30:00,PT15M,2026-05-24T08:45Z,2026-05-24T08:30Z,1,0,0,B95,EUR,A03,A01,34,MAW,MAW,A01,A01
procured_balancing_capacity,34,2026-05-24T08:45:00,PT15M,2026-05-24T09:00Z,2026-05-24T08:45Z,1,0,0,B95,EUR,A03,A01,34,MAW,MAW,A01,A01
procured_balancing_capacity,34,2026-05-24T09:00:00,PT15M,2026-05-24T09:15Z,2026-05-24T09:00Z,1,0,0,B95,EUR,A03,A01,34,MAW,MAW,A01,A01
procured_balancing_capacity,34,2026-05-24T09:15:00,PT15M,2026-05-24T09:30Z,2026-05-24T09:15Z,1,0,0,B95,EUR,A03,A01,34,MAW,MAW,A01,A01
procured_balancing_capacity,34,2026-05-24T09:30:00,PT15M,2026-05-24T09:45Z,2026-05-24T09:30Z,1,0,0,B95,EUR,A03,A01,34,MAW,MAW,A01,A01
procured_balancing_capacity,34,2026-05-24T09:45:00,PT15M,2026-05-24T10:00Z,2026-05-24T09:45Z,1,0,0,B95,EUR,A03,A01,34,MAW,MAW,A01,A01
procured_balancing_capacity,34,2026-05-24T10:00:00,PT15M,2026-05-24T10:15Z,2026-05-24T10:00Z,1,0,0,B95,EUR,A03,A01,34,MAW,MAW,A01,A01
procured_balancing_capacity,34,2026-05-24T10:15:00,PT15M,2026-05-24T10:30Z,2026-05-24T10:15Z,1,0,0,B95,EUR,A03,A01,34,MAW,MAW,A01,A01
procured_balancing_capacity,34,2026-05-24T10:30:00,PT15M,2026-05-24T10:45Z,2026-05-24T10:30Z,1,0,0,B95,EUR,A03,A01,34,MAW,MAW,A01,A01
procured_balancing_capacity,34,2026-05-24T10:45:00,PT15M,2026-05-24T11:00Z,2026-05-24T10:45Z,1,0,0,B95,EUR,A03,A01,34,MAW,MAW,A01,A01
procured_balancing_capacity,34,2026-05-24T11:00:00,PT15M,2026-05-24T11:15Z,2026-05-24T11:00Z,1,0,0,B95,EUR,A03,A01,34,MAW,MAW,A01,A01
procured_balancing_capacity,34,2026-05-24T11:15:00,PT15M,2026-05-24T11:30Z,2026-05-24T11:15Z,1,0,0,B95,EUR,A03,A01,34,MAW,MAW,A01,A01
procured_balancing_capacity,34,2026-05-24T11:30:00,PT15M,2026-05-24T11:45Z,2026-05-24T11:30Z,1,0,0,B95,EUR,A03,A01,34,MAW,MAW,A01,A01
procured_balancing_capacity,34,2026-05-24T11:45:00,PT15M,2026-05-24T12:00Z,2026-05-24T11:45Z,1,0,0,B95,EUR,A03,A01,34,MAW,MAW,A01,A01
procured_balancing_capacity,34,2026-05-24T12:00:00,PT15M,2026-05-24T12:15Z,2026-05-24T12:00Z,1,35.25,1,B95,EUR,A03,A01,34,MAW,MAW,A01,A01
procured_balancing_capacity,34,2026-05-24T12:15:00,PT15M,2026-05-24T12:30Z,2026-05-24T12:15Z,1,35.25,1,B95,EUR,A03,A01,34,MAW,MAW,A01,A01
procured_balancing_capacity,34,2026-05-24T12:30:00,PT15M,2026-05-24T12:45Z,2026-05-24T12:30Z,1,35.25,1,B95,EUR,A03,A01,34,MAW,MAW,A01,A01
procured_balancing_capacity,34,2026-05-24T12:45:00,PT15M,2026-05-24T13:00Z,2026-05-24T12:45Z,1,35.25,1,B95,EUR,A03,A01,34,MAW,MAW,A01,A01
procured_balancing_capacity,34,2026-05-24T13:00:00,PT15M,2026-05-24T13:15Z,2026-05-24T13:00Z,1,35.25,1,B95,EUR,A03,A01,34,MAW,MAW,A01,A01
procured_balancing_capacity,34,2026-05-24T13:15:00,PT15M,2026-05-24T13:30Z,2026-05-24T13:15Z,1,35.25,1,B95,EUR,A03,A01,34,MAW,MAW,A01,A01
procured_balancing_capacity,34,2026-05-24T13:30:00,PT15M,2026-05-24T13:45Z,2026-05-24T13:30Z,1,35.25,1,B95,EUR,A03,A01,34,MAW,MAW,A01,A01
procured_balancing_capacity,34,2026-05-24T13:45:00,PT15M,2026-05-24T14:00Z,2026-05-24T13:45Z,1,35.25,1,B95,EUR,A03,A01,34,MAW,MAW,A01,A01
procured_balancing_capacity,34,2026-05-24T14:00:00,PT15M,2026-05-24T14:15Z,2026-05-24T14:00Z,1,0,0,B95,EUR,A03,A01,34,MAW,MAW,A01,A01
procured_balancing_capacity,34,2026-05-24T14:15:00,PT15M,2026-05-24T14:30Z,2026-05-24T14:15Z,1,0,0,B95,EUR,A03,A01,34,MAW,MAW,A01,A01
procured_balancing_capacity,34,2026-05-24T14:30:00,PT15M,2026-05-24T14:45Z,2026-05-24T14:30Z,1,0,0,B95,EUR,A03,A01,34,MAW,MAW,A01,A01
procured_balancing_capacity,34,2026-05-24T14:45:00,PT15M,2026-05-24T15:00Z,2026-05-24T14:45Z,1,0,0,B95,EUR,A03,A01,34,MAW,MAW,A01,A01
procured_balancing_capacity,34,2026-05-24T15:00:00,PT15M,2026-05-24T15:15Z,2026-05-24T15:00Z,1,0,0,B95,EUR,A03,A01,34,MAW,MAW,A01,A01
procured_balancing_capacity,34,2026-05-24T15:15:00,PT15M,2026-05-24T15:30Z,2026-05-24T15:15Z,1,0,0,B95,EUR,A03,A01,34,MAW,MAW,A01,A01
procured_balancing_capacity,34,2026-05-24T15:30:00,PT15M,2026-05-24T15:45Z,2026-05-24T15:30Z,1,0,0,B95,EUR,A03,A01,34,MAW,MAW,A01,A01
procured_balancing_capacity,34,2026-05-24T15:45:00,PT15M,2026-05-24T16:00Z,2026-05-24T15:45Z,1,0,0,B95,EUR,A03,A01,34,MAW,MAW,A01,A01
procured_balancing_capacity,34,2026-05-24T16:00:00,PT15M,2026-05-24T16:15Z,2026-05-24T16:00Z,1,0,0,B95,EUR,A03,A01,34,MAW,MAW,A01,A01
procured_balancing_capacity,34,2026-05-24T16:15:00,PT15M,2026-05-24T16:30Z,2026-05-24T16:15Z,1,0,0,B95,EUR,A03,A01,34,MAW,MAW,A01,A01
procured_balancing_capacity,34,2026-05-24T16:30:00,PT15M,2026-05-24T16:45Z,2026-05-24T16:30Z,1,0,0,B95,EUR,A03,A01,34,MAW,MAW,A01,A01
procured_balancing_capacity,34,2026-05-24T16:45:00,PT15M,2026-05-24T17:00Z,2026-05-24T16:45Z,1,0,0,B95,EUR,A03,A01,34,MAW,MAW,A01,A01
procured_balancing_capacity,34,2026-05-24T17:00:00,PT15M,2026-05-24T17:15Z,2026-05-24T17:00Z,1,0,0,B95,EUR,A03,A01,34,MAW,MAW,A01,A01
procured_balancing_capacity,34,2026-05-24T17:15:00,PT15M,2026-05-24T17:30Z,2026-05-24T17:15Z,1,0,0,B95,EUR,A03,A01,34,MAW,MAW,A01,A01
procured_balancing_capacity,34,2026-05-24T17:30:00,PT15M,2026-05-24T17:45Z,2026-05-24T17:30Z,1,0,0,B95,EUR,A03,A01,34,MAW,MAW,A01,A01
procured_balancing_capacity,34,2026-05-24T17:45:00,PT15M,2026-05-24T18:00Z,2026-05-24T17:45Z,1,0,0,B95,EUR,A03,A01,34,MAW,MAW,A01,A01
procured_balancing_capacity,34,2026-05-24T18:00:00,PT15M,2026-05-24T18:15Z,2026-05-24T18:00Z,1,0,0,B95,EUR,A03,A01,34,MAW,MAW,A01,A01
procured_balancing_capacity,34,2026-05-24T18:15:00,PT15M,2026-05-24T18:30Z,2026-05-24T18:15Z,1,0,0,B95,EUR,A03,A01,34,MAW,MAW,A01,A01
procured_balancing_capacity,34,2026-05-24T18:30:00,PT15M,2026-05-24T18:45Z,2026-05-24T18:30Z,1,0,0,B95,EUR,A03,A01,34,MAW,MAW,A01,A01
procured_balancing_capacity,34,2026-05-24T18:45:00,PT15M,2026-05-24T19:00Z,2026-05-24T18:45Z,1,0,0,B95,EUR,A03,A01,34,MAW,MAW,A01,A01
procured_balancing_capacity,34,2026-05-24T19:00:00,PT15M,2026-05-24T19:15Z,2026-05-24T19:00Z,1,10.05,1,B95,EUR,A03,A01,34,MAW,MAW,A01,A01
procured_balancing_capacity,34,2026-05-24T19:15:00,PT15M,2026-05-24T19:30Z,2026-05-24T19:15Z,1,10.05,1,B95,EUR,A03,A01,34,MAW,MAW,A01,A01
procured_balancing_capacity,34,2026-05-24T19:30:00,PT15M,2026-05-24T19:45Z,2026-05-24T19:30Z,1,10.05,1,B95,EUR,A03,A01,34,MAW,MAW,A01,A01
procured_balancing_capacity,34,2026-05-24T19:45:00,PT15M,2026-05-24T20:00Z,2026-05-24T19:45Z,1,10.05,1,B95,EUR,A03,A01,34,MAW,MAW,A01,A01
procured_balancing_capacity,34,2026-05-24T20:00:00,PT15M,2026-05-24T20:15Z,2026-05-24T20:00Z,1,0,0,B95,EUR,A03,A01,34,MAW,MAW,A01,A01
procured_balancing_capacity,34,2026-05-24T20:15:00,PT15M,2026-05-24T20:30Z,2026-05-24T20:15Z,1,0,0,B95,EUR,A03,A01,34,MAW,MAW,A01,A01
procured_balancing_capacity,34,2026-05-24T20:30:00,PT15M,2026-05-24T20:45Z,2026-05-24T20:30Z,1,0,0,B95,EUR,A03,A01,34,MAW,MAW,A01,A01
procured_balancing_capacity,34,2026-05-24T20:45:00,PT15M,2026-05-24T21:00Z,2026-05-24T20:45Z,1,0,0,B95,EUR,A03,A01,34,MAW,MAW,A01,A01
procured_balancing_capacity,34,2026-05-24T21:00:00,PT15M,2026-05-24T21:15Z,2026-05-24T21:00Z,1,0,0,B95,EUR,A03,A01,34,MAW,MAW,A01,A01
procured_balancing_capacity,34,2026-05-24T21:15:00,PT15M,2026-05-24T21:30Z,2026-05-24T21:15Z,1,0,0,B95,EUR,A03,A01,34,MAW,MAW,A01,A01
procured_balancing_capacity,34,2026-05-24T21:30:00,PT15M,2026-05-24T21:45Z,2026-05-24T21:30Z,1,0,0,B95,EUR,A03,A01,34,MAW,MAW,A01,A01
procured_balancing_capacity,34,2026-05-24T21:45:00,PT15M,2026-05-24T22:00Z,2026-05-24T21:45Z,1,0,0,B95,EUR,A03,A01,34,MAW,MAW,A01,A01
procured_balancing_capacity,35,2026-05-23T22:00:00,PT15M,2026-05-23T22:15Z,2026-05-23T22:00Z,1,0,0,B95,EUR,A03,A02,35,MAW,MAW,A01,A01
procured_balancing_capacity,35,2026-05-23T22:15:00,PT15M,2026-05-23T22:30Z,2026-05-23T22:15Z,1,0,0,B95,EUR,A03,A02,35,MAW,MAW,A01,A01
procured_balancing_capacity,35,2026-05-23T22:30:00,PT15M,2026-05-23T22:45Z,2026-05-23T22:30Z,1,0,0,B95,EUR,A03,A02,35,MAW,MAW,A01,A01
procured_balancing_capacity,35,2026-05-23T22:45:00,PT15M,2026-05-23T23:00Z,2026-05-23T22:45Z,1,0,0,B95,EUR,A03,A02,35,MAW,MAW,A01,A01
procured_balancing_capacity,35,2026-05-23T23:00:00,PT15M,2026-05-23T23:15Z,2026-05-23T23:00Z,1,0,0,B95,EUR,A03,A02,35,MAW,MAW,A01,A01
procured_balancing_capacity,35,2026-05-23T23:15:00,PT15M,2026-05-23T23:30Z,2026-05-23T23:15Z,1,0,0,B95,EUR,A03,A02,35,MAW,MAW,A01,A01
procured_balancing_capacity,35,2026-05-23T23:30:00,PT15M,2026-05-23T23:45Z,2026-05-23T23:30Z,1,0,0,B95,EUR,A03,A02,35,MAW,MAW,A01,A01
procured_balancing_capacity,35,2026-05-23T23:45:00,PT15M,2026-05-24T00:00Z,2026-05-23T23:45Z,1,0,0,B95,EUR,A03,A02,35,MAW,MAW,A01,A01
procured_balancing_capacity,35,2026-05-24T00:00:00,PT15M,2026-05-24T00:15Z,2026-05-24T00:00Z,1,0,0,B95,EUR,A03,A02,35,MAW,MAW,A01,A01
procured_balancing_capacity,35,2026-05-24T00:15:00,PT15M,2026-05-24T00:30Z,2026-05-24T00:15Z,1,10.68,1,B95,EUR,A03,A02,35,MAW,MAW,A01,A01
procured_balancing_capacity,35,2026-05-24T00:30:00,PT15M,2026-05-24T00:45Z,2026-05-24T00:30Z,1,10.68,1,B95,EUR,A03,A02,35,MAW,MAW,A01,A01
procured_balancing_capacity,35,2026-05-24T00:45:00,PT15M,2026-05-24T01:00Z,2026-05-24T00:45Z,1,10.68,1,B95,EUR,A03,A02,35,MAW,MAW,A01,A01
procured_balancing_capacity,35,2026-05-24T01:00:00,PT15M,2026-05-24T01:15Z,2026-05-24T01:00Z,1,0,0,B95,EUR,A03,A02,35,MAW,MAW,A01,A01
procured_balancing_capacity,35,2026-05-24T01:15:00,PT15M,2026-05-24T01:30Z,2026-05-24T01:15Z,1,10.68,1,B95,EUR,A03,A02,35,MAW,MAW,A01,A01
procured_balancing_capacity,35,2026-05-24T01:30:00,PT15M,2026-05-24T01:45Z,2026-05-24T01:30Z,1,10.68,1,B95,EUR,A03,A02,35,MAW,MAW,A01,A01
procured_balancing_capacity,35,2026-05-24T01:45:00,PT15M,2026-05-24T02:00Z,2026-05-24T01:45Z,1,10.68,1,B95,EUR,A03,A02,35,MAW,MAW,A01,A01
procured_balancing_capacity,35,2026-05-24T02:00:00,PT15M,2026-05-24T02:15Z,2026-05-24T02:00Z,1,0,0,B95,EUR,A03,A02,35,MAW,MAW,A01,A01
procured_balancing_capacity,35,2026-05-24T02:15:00,PT15M,2026-05-24T02:30Z,2026-05-24T02:15Z,1,10.62,4,B95,EUR,A03,A02,35,MAW,MAW,A01,A01
procured_balancing_capacity,35,2026-05-24T02:30:00,PT15M,2026-05-24T02:45Z,2026-05-24T02:30Z,1,10.62,4,B95,EUR,A03,A02,35,MAW,MAW,A01,A01
procured_balancing_capacity,35,2026-05-24T02:45:00,PT15M,2026-05-24T03:00Z,2026-05-24T02:45Z,1,10.62,4,B95,EUR,A03,A02,35,MAW,MAW,A01,A01
procured_balancing_capacity,35,2026-05-24T03:00:00,PT15M,2026-05-24T03:15Z,2026-05-24T03:00Z,1,9.88,2,B95,EUR,A03,A02,35,MAW,MAW,A01,A01
procured_balancing_capacity,35,2026-05-24T03:15:00,PT15M,2026-05-24T03:30Z,2026-05-24T03:15Z,1,9.88,2,B95,EUR,A03,A02,35,MAW,MAW,A01,A01
procured_balancing_capacity,35,2026-05-24T03:30:00,PT15M,2026-05-24T03:45Z,2026-05-24T03:30Z,1,9.88,2,B95,EUR,A03,A02,35,MAW,MAW,A01,A01
procured_balancing_capacity,35,2026-05-24T03:45:00,PT15M,2026-05-24T04:00Z,2026-05-24T03:45Z,1,9.88,2,B95,EUR,A03,A02,35,MAW,MAW,A01,A01
procured_balancing_capacity,35,2026-05-24T04:00:00,PT15M,2026-05-24T04:15Z,2026-05-24T04:00Z,1,0,0,B95,EUR,A03,A02,35,MAW,MAW,A01,A01
procured_balancing_capacity,35,2026-05-24T04:15:00,PT15M,2026-05-24T04:30Z,2026-05-24T04:15Z,1,0,0,B95,EUR,A03,A02,35,MAW,MAW,A01,A01
procured_balancing_capacity,35,2026-05-24T04:30:00,PT15M,2026-05-24T04:45Z,2026-05-24T04:30Z,1,0,0,B95,EUR,A03,A02,35,MAW,MAW,A01,A01
procured_balancing_capacity,35,2026-05-24T04:45:00,PT15M,2026-05-24T05:00Z,2026-05-24T04:45Z,1,0,0,B95,EUR,A03,A02,35,MAW,MAW,A01,A01
procured_balancing_capacity,35,2026-05-24T05:00:00,PT15M,2026-05-24T05:15Z,2026-05-24T05:00Z,1,0,0,B95,EUR,A03,A02,35,MAW,MAW,A01,A01
procured_balancing_capacity,35,2026-05-24T05:15:00,PT15M,2026-05-24T05:30Z,2026-05-24T05:15Z,1,0,0,B95,EUR,A03,A02,35,MAW,MAW,A01,A01
procured_balancing_capacity,35,2026-05-24T05:30:00,PT15M,2026-05-24T05:45Z,2026-05-24T05:30Z,1,0,0,B95,EUR,A03,A02,35,MAW,MAW,A01,A01
procured_balancing_capacity,35,2026-05-24T05:45:00,PT15M,2026-05-24T06:00Z,2026-05-24T05:45Z,1,0,0,B95,EUR,A03,A02,35,MAW,MAW,A01,A01
procured_balancing_capacity,35,2026-05-24T06:00:00,PT15M,2026-05-24T06:15Z,2026-05-24T06:00Z,1,0,0,B95,EUR,A03,A02,35,MAW,MAW,A01,A01
procured_balancing_capacity,35,2026-05-24T06:15:00,PT15M,2026-05-24T06:30Z,2026-05-24T06:15Z,1,0,0,B95,EUR,A03,A02,35,MAW,MAW,A01,A01
procured_balancing_capacity,35,2026-05-24T06:30:00,PT15M,2026-05-24T06:45Z,2026-05-24T06:30Z,1,0,0,B95,EUR,A03,A02,35,MAW,MAW,A01,A01
procured_balancing_capacity,35,2026-05-24T06:45:00,PT15M,2026-05-24T07:00Z,2026-05-24T06:45Z,1,0,0,B95,EUR,A03,A02,35,MAW,MAW,A01,A01
procured_balancing_capacity,35,2026-05-24T07:00:00,PT15M,2026-05-24T07:15Z,2026-05-24T07:00Z,1,0,0,B95,EUR,A03,A02,35,MAW,MAW,A01,A01
procured_balancing_capacity,35,2026-05-24T07:15:00,PT15M,2026-05-24T07:30Z,2026-05-24T07:15Z,1,0,0,B95,EUR,A03,A02,35,MAW,MAW,A01,A01
procured_balancing_capacity,35,2026-05-24T07:30:00,PT15M,2026-05-24T07:45Z,2026-05-24T07:30Z,1,0,0,B95,EUR,A03,A02,35,MAW,MAW,A01,A01
procured_balancing_capacity,35,2026-05-24T07:45:00,PT15M,2026-05-24T08:00Z,2026-05-24T07:45Z,1,0,0,B95,EUR,A03,A02,35,MAW,MAW,A01,A01
procured_balancing_capacity,35,2026-05-24T08:00:00,PT15M,2026-05-24T08:15Z,2026-05-24T08:00Z,1,0,0,B95,EUR,A03,A02,35,MAW,MAW,A01,A01
procured_balancing_capacity,35,2026-05-24T08:15:00,PT15M,2026-05-24T08:30Z,2026-05-24T08:15Z,1,0,0,B95,EUR,A03,A02,35,MAW,MAW,A01,A01
procured_balancing_capacity,35,2026-05-24T08:30:00,PT15M,2026-05-24T08:45Z,2026-05-24T08:30Z,1,0,0,B95,EUR,A03,A02,35,MAW,MAW,A01,A01
procured_balancing_capacity,35,2026-05-24T08:45:00,PT15M,2026-05-24T09:00Z,2026-05-24T08:45Z,1,0,0,B95,EUR,A03,A02,35,MAW,MAW,A01,A01
procured_balancing_capacity,35,2026-05-24T09:00:00,PT15M,2026-05-24T09:15Z,2026-05-24T09:00Z,1,0,0,B95,EUR,A03,A02,35,MAW,MAW,A01,A01
procured_balancing_capacity,35,2026-05-24T09:15:00,PT15M,2026-05-24T09:30Z,2026-05-24T09:15Z,1,0,0,B95,EUR,A03,A02,35,MAW,MAW,A01,A01
procured_balancing_capacity,35,2026-05-24T09:30:00,PT15M,2026-05-24T09:45Z,2026-05-24T09:30Z,1,0,0,B95,EUR,A03,A02,35,MAW,MAW,A01,A01
procured_balancing_capacity,35,2026-05-24T09:45:00,PT15M,2026-05-24T10:00Z,2026-05-24T09:45Z,1,0,0,B95,EUR,A03,A02,35,MAW,MAW,A01,A01
procured_balancing_capacity,35,2026-05-24T10:00:00,PT15M,2026-05-24T10:15Z,2026-05-24T10:00Z,1,0,0,B95,EUR,A03,A02,35,MAW,MAW,A01,A01
procured_balancing_capacity,35,2026-05-24T10:15:00,PT15M,2026-05-24T10:30Z,2026-05-24T10:15Z,1,0,0,B95,EUR,A03,A02,35,MAW,MAW,A01,A01
procured_balancing_capacity,35,2026-05-24T10:30:00,PT15M,2026-05-24T10:45Z,2026-05-24T10:30Z,1,0,0,B95,EUR,A03,A02,35,MAW,MAW,A01,A01
procured_balancing_capacity,35,2026-05-24T10:45:00,PT15M,2026-05-24T11:00Z,2026-05-24T10:45Z,1,0,0,B95,EUR,A03,A02,35,MAW,MAW,A01,A01
procured_balancing_capacity,35,2026-05-24T11:00:00,PT15M,2026-05-24T11:15Z,2026-05-24T11:00Z,1,0,0,B95,EUR,A03,A02,35,MAW,MAW,A01,A01
procured_balancing_capacity,35,2026-05-24T11:15:00,PT15M,2026-05-24T11:30Z,2026-05-24T11:15Z,1,0,0,B95,EUR,A03,A02,35,MAW,MAW,A01,A01
procured_balancing_capacity,35,2026-05-24T11:30:00,PT15M,2026-05-24T11:45Z,2026-05-24T11:30Z,1,0,0,B95,EUR,A03,A02,35,MAW,MAW,A01,A01
procured_balancing_capacity,35,2026-05-24T11:45:00,PT15M,2026-05-24T12:00Z,2026-05-24T11:45Z,1,0,0,B95,EUR,A03,A02,35,MAW,MAW,A01,A01
procured_balancing_capacity,35,2026-05-24T12:00:00,PT15M,2026-05-24T12:15Z,2026-05-24T12:00Z,1,10.68,1,B95,EUR,A03,A02,35,MAW,MAW,A01,A01
procured_balancing_capacity,35,2026-05-24T12:15:00,PT15M,2026-05-24T12:30Z,2026-05-24T12:15Z,1,10.68,1,B95,EUR,A03,A02,35,MAW,MAW,A01,A01
procured_balancing_capacity,35,2026-05-24T12:30:00,PT15M,2026-05-24T12:45Z,2026-05-24T12:30Z,1,10.68,1,B95,EUR,A03,A02,35,MAW,MAW,A01,A01
procured_balancing_capacity,35,2026-05-24T12:45:00,PT15M,2026-05-24T13:00Z,2026-05-24T12:45Z,1,10.68,1,B95,EUR,A03,A02,35,MAW,MAW,A01,A01
procured_balancing_capacity,35,2026-05-24T13:00:00,PT15M,2026-05-24T13:15Z,2026-05-24T13:00Z,1,10.68,1,B95,EUR,A03,A02,35,MAW,MAW,A01,A01
procured_balancing_capacity,35,2026-05-24T13:15:00,PT15M,2026-05-24T13:30Z,2026-05-24T13:15Z,1,10.68,1,B95,EUR,A03,A02,35,MAW,MAW,A01,A01
procured_balancing_capacity,35,2026-05-24T13:30:00,PT15M,2026-05-24T13:45Z,2026-05-24T13:30Z,1,10.68,1,B95,EUR,A03,A02,35,MAW,MAW,A01,A01
procured_balancing_capacity,35,2026-05-24T13:45:00,PT15M,2026-05-24T14:00Z,2026-05-24T13:45Z,1,10.68,1,B95,EUR,A03,A02,35,MAW,MAW,A01,A01
procured_balancing_capacity,35,2026-05-24T14:00:00,PT15M,2026-05-24T14:15Z,2026-05-24T14:00Z,1,0,0,B95,EUR,A03,A02,35,MAW,MAW,A01,A01
procured_balancing_capacity,35,2026-05-24T14:15:00,PT15M,2026-05-24T14:30Z,2026-05-24T14:15Z,1,0,0,B95,EUR,A03,A02,35,MAW,MAW,A01,A01
procured_balancing_capacity,35,2026-05-24T14:30:00,PT15M,2026-05-24T14:45Z,2026-05-24T14:30Z,1,0,0,B95,EUR,A03,A02,35,MAW,MAW,A01,A01
procured_balancing_capacity,35,2026-05-24T14:45:00,PT15M,2026-05-24T15:00Z,2026-05-24T14:45Z,1,0,0,B95,EUR,A03,A02,35,MAW,MAW,A01,A01
procured_balancing_capacity,35,2026-05-24T15:00:00,PT15M,2026-05-24T15:15Z,2026-05-24T15:00Z,1,0,0,B95,EUR,A03,A02,35,MAW,MAW,A01,A01
procured_balancing_capacity,35,2026-05-24T15:15:00,PT15M,2026-05-24T15:30Z,2026-05-24T15:15Z,1,0,0,B95,EUR,A03,A02,35,MAW,MAW,A01,A01
procured_balancing_capacity,35,2026-05-24T15:30:00,PT15M,2026-05-24T15:45Z,2026-05-24T15:30Z,1,0,0,B95,EUR,A03,A02,35,MAW,MAW,A01,A01
procured_balancing_capacity,35,2026-05-24T15:45:00,PT15M,2026-05-24T16:00Z,2026-05-24T15:45Z,1,0,0,B95,EUR,A03,A02,35,MAW,MAW,A01,A01
procured_balancing_capacity,35,2026-05-24T16:00:00,PT15M,2026-05-24T16:15Z,2026-05-24T16:00Z,1,0,0,B95,EUR,A03,A02,35,MAW,MAW,A01,A01
procured_balancing_capacity,35,2026-05-24T16:15:00,PT15M,2026-05-24T16:30Z,2026-05-24T16:15Z,1,0,0,B95,EUR,A03,A02,35,MAW,MAW,A01,A01
procured_balancing_capacity,35,2026-05-24T16:30:00,PT15M,2026-05-24T16:45Z,2026-05-24T16:30Z,1,0,0,B95,EUR,A03,A02,35,MAW,MAW,A01,A01
procured_balancing_capacity,35,2026-05-24T16:45:00,PT15M,2026-05-24T17:00Z,2026-05-24T16:45Z,1,0,0,B95,EUR,A03,A02,35,MAW,MAW,A01,A01
procured_balancing_capacity,35,2026-05-24T17:00:00,PT15M,2026-05-24T17:15Z,2026-05-24T17:00Z,1,0,0,B95,EUR,A03,A02,35,MAW,MAW,A01,A01
procured_balancing_capacity,35,2026-05-24T17:15:00,PT15M,2026-05-24T17:30Z,2026-05-24T17:15Z,1,0,0,B95,EUR,A03,A02,35,MAW,MAW,A01,A01
procured_balancing_capacity,35,2026-05-24T17:30:00,PT15M,2026-05-24T17:45Z,2026-05-24T17:30Z,1,0,0,B95,EUR,A03,A02,35,MAW,MAW,A01,A01
procured_balancing_capacity,35,2026-05-24T17:45:00,PT15M,2026-05-24T18:00Z,2026-05-24T17:45Z,1,0,0,B95,EUR,A03,A02,35,MAW,MAW,A01,A01
procured_balancing_capacity,35,2026-05-24T18:00:00,PT15M,2026-05-24T18:15Z,2026-05-24T18:00Z,1,0,0,B95,EUR,A03,A02,35,MAW,MAW,A01,A01
procured_balancing_capacity,35,2026-05-24T18:15:00,PT15M,2026-05-24T18:30Z,2026-05-24T18:15Z,1,0,0,B95,EUR,A03,A02,35,MAW,MAW,A01,A01
procured_balancing_capacity,35,2026-05-24T18:30:00,PT15M,2026-05-24T18:45Z,2026-05-24T18:30Z,1,0,0,B95,EUR,A03,A02,35,MAW,MAW,A01,A01
procured_balancing_capacity,35,2026-05-24T18:45:00,PT15M,2026-05-24T19:00Z,2026-05-24T18:45Z,1,0,0,B95,EUR,A03,A02,35,MAW,MAW,A01,A01
procured_balancing_capacity,35,2026-05-24T19:00:00,PT15M,2026-05-24T19:15Z,2026-05-24T19:00Z,1,0,0,B95,EUR,A03,A02,35,MAW,MAW,A01,A01
procured_balancing_capacity,35,2026-05-24T19:15:00,PT15M,2026-05-24T19:30Z,2026-05-24T19:15Z,1,0,0,B95,EUR,A03,A02,35,MAW,MAW,A01,A01
procured_balancing_capacity,35,2026-05-24T19:30:00,PT15M,2026-05-24T19:45Z,2026-05-24T19:30Z,1,0,0,B95,EUR,A03,A02,35,MAW,MAW,A01,A01
procured_balancing_capacity,35,2026-05-24T19:45:00,PT15M,2026-05-24T20:00Z,2026-05-24T19:45Z,1,0,0,B95,EUR,A03,A02,35,MAW,MAW,A01,A01
procured_balancing_capacity,35,2026-05-24T20:00:00,PT15M,2026-05-24T20:15Z,2026-05-24T20:00Z,1,0,0,B95,EUR,A03,A02,35,MAW,MAW,A01,A01
procured_balancing_capacity,35,2026-05-24T20:15:00,PT15M,2026-05-24T20:30Z,2026-05-24T20:15Z,1,0,0,B95,EUR,A03,A02,35,MAW,MAW,A01,A01
procured_balancing_capacity,35,2026-05-24T20:30:00,PT15M,2026-05-24T20:45Z,2026-05-24T20:30Z,1,0,0,B95,EUR,A03,A02,35,MAW,MAW,A01,A01
procured_balancing_capacity,35,2026-05-24T20:45:00,PT15M,2026-05-24T21:00Z,2026-05-24T20:45Z,1,0,0,B95,EUR,A03,A02,35,MAW,MAW,A01,A01
procured_balancing_capacity,35,2026-05-24T21:00:00,PT15M,2026-05-24T21:15Z,2026-05-24T21:00Z,1,0,0,B95,EUR,A03,A02,35,MAW,MAW,A01,A01
procured_balancing_capacity,35,2026-05-24T21:15:00,PT15M,2026-05-24T21:30Z,2026-05-24T21:15Z,1,10.64,1,B95,EUR,A03,A02,35,MAW,MAW,A01,A01
procured_balancing_capacity,35,2026-05-24T21:30:00,PT15M,2026-05-24T21:45Z,2026-05-24T21:30Z,1,10.64,1,B95,EUR,A03,A02,35,MAW,MAW,A01,A01
procured_balancing_capacity,35,2026-05-24T21:45:00,PT15M,2026-05-24T22:00Z,2026-05-24T21:45Z,1,10.64,1,B95,EUR,A03,A02,35,MAW,MAW,A01,A01
procured_balancing_capacity,36,2026-05-23T22:00:00,PT15M,2026-05-23T22:15Z,2026-05-23T22:00Z,1,0,0,B95,EUR,A03,A02,36,MAW,MAW,A01,A01
procured_balancing_capacity,36,2026-05-23T22:15:00,PT15M,2026-05-23T22:30Z,2026-05-23T22:15Z,1,0,0,B95,EUR,A03,A02,36,MAW,MAW,A01,A01
procured_balancing_capacity,36,2026-05-23T22:30:00,PT15M,2026-05-23T22:45Z,2026-05-23T22:30Z,1,0,0,B95,EUR,A03,A02,36,MAW,MAW,A01,A01
procured_balancing_capacity,36,2026-05-23T22:45:00,PT15M,2026-05-23T23:00Z,2026-05-23T22:45Z,1,0,0,B95,EUR,A03,A02,36,MAW,MAW,A01,A01
procured_balancing_capacity,36,2026-05-23T23:00:00,PT15M,2026-05-23T23:15Z,2026-05-23T23:00Z,1,0,0,B95,EUR,A03,A02,36,MAW,MAW,A01,A01
procured_balancing_capacity,36,2026-05-23T23:15:00,PT15M,2026-05-23T23:30Z,2026-05-23T23:15Z,1,0,0,B95,EUR,A03,A02,36,MAW,MAW,A01,A01
procured_balancing_capacity,36,2026-05-23T23:30:00,PT15M,2026-05-23T23:45Z,2026-05-23T23:30Z,1,0,0,B95,EUR,A03,A02,36,MAW,MAW,A01,A01
procured_balancing_capacity,36,2026-05-23T23:45:00,PT15M,2026-05-24T00:00Z,2026-05-23T23:45Z,1,0,0,B95,EUR,A03,A02,36,MAW,MAW,A01,A01
procured_balancing_capacity,36,2026-05-24T00:00:00,PT15M,2026-05-24T00:15Z,2026-05-24T00:00Z,1,0,0,B95,EUR,A03,A02,36,MAW,MAW,A01,A01
procured_balancing_capacity,36,2026-05-24T00:15:00,PT15M,2026-05-24T00:30Z,2026-05-24T00:15Z,1,0,0,B95,EUR,A03,A02,36,MAW,MAW,A01,A01
procured_balancing_capacity,36,2026-05-24T00:30:00,PT15M,2026-05-24T00:45Z,2026-05-24T00:30Z,1,0,0,B95,EUR,A03,A02,36,MAW,MAW,A01,A01
procured_balancing_capacity,36,2026-05-24T00:45:00,PT15M,2026-05-24T01:00Z,2026-05-24T00:45Z,1,0,0,B95,EUR,A03,A02,36,MAW,MAW,A01,A01
procured_balancing_capacity,36,2026-05-24T01:00:00,PT15M,2026-05-24T01:15Z,2026-05-24T01:00Z,1,0,0,B95,EUR,A03,A02,36,MAW,MAW,A01,A01
procured_balancing_capacity,36,2026-05-24T01:15:00,PT15M,2026-05-24T01:30Z,2026-05-24T01:15Z,1,0,0,B95,EUR,A03,A02,36,MAW,MAW,A01,A01
procured_balancing_capacity,36,2026-05-24T01:30:00,PT15M,2026-05-24T01:45Z,2026-05-24T01:30Z,1,0,0,B95,EUR,A03,A02,36,MAW,MAW,A01,A01
procured_balancing_capacity,36,2026-05-24T01:45:00,PT15M,2026-05-24T02:00Z,2026-05-24T01:45Z,1,0,0,B95,EUR,A03,A02,36,MAW,MAW,A01,A01
procured_balancing_capacity,36,2026-05-24T02:00:00,PT15M,2026-05-24T02:15Z,2026-05-24T02:00Z,1,0,0,B95,EUR,A03,A02,36,MAW,MAW,A01,A01
procured_balancing_capacity,36,2026-05-24T02:15:00,PT15M,2026-05-24T02:30Z,2026-05-24T02:15Z,1,10.61,2,B95,EUR,A03,A02,36,MAW,MAW,A01,A01
procured_balancing_capacity,36,2026-05-24T02:30:00,PT15M,2026-05-24T02:45Z,2026-05-24T02:30Z,1,10.61,2,B95,EUR,A03,A02,36,MAW,MAW,A01,A01
procured_balancing_capacity,36,2026-05-24T02:45:00,PT15M,2026-05-24T03:00Z,2026-05-24T02:45Z,1,10.61,2,B95,EUR,A03,A02,36,MAW,MAW,A01,A01
procured_balancing_capacity,36,2026-05-24T03:00:00,PT15M,2026-05-24T03:15Z,2026-05-24T03:00Z,1,9.55,2,B95,EUR,A03,A02,36,MAW,MAW,A01,A01
procured_balancing_capacity,36,2026-05-24T03:15:00,PT15M,2026-05-24T03:30Z,2026-05-24T03:15Z,1,9.55,2,B95,EUR,A03,A02,36,MAW,MAW,A01,A01
procured_balancing_capacity,36,2026-05-24T03:30:00,PT15M,2026-05-24T03:45Z,2026-05-24T03:30Z,1,9.55,2,B95,EUR,A03,A02,36,MAW,MAW,A01,A01
procured_balancing_capacity,36,2026-05-24T03:45:00,PT15M,2026-05-24T04:00Z,2026-05-24T03:45Z,1,9.55,2,B95,EUR,A03,A02,36,MAW,MAW,A01,A01
procured_balancing_capacity,36,2026-05-24T04:00:00,PT15M,2026-05-24T04:15Z,2026-05-24T04:00Z,1,0,0,B95,EUR,A03,A02,36,MAW,MAW,A01,A01
procured_balancing_capacity,36,2026-05-24T04:15:00,PT15M,2026-05-24T04:30Z,2026-05-24T04:15Z,1,0,0,B95,EUR,A03,A02,36,MAW,MAW,A01,A01
procured_balancing_capacity,36,2026-05-24T04:30:00,PT15M,2026-05-24T04:45Z,2026-05-24T04:30Z,1,0,0,B95,EUR,A03,A02,36,MAW,MAW,A01,A01
procured_balancing_capacity,36,2026-05-24T04:45:00,PT15M,2026-05-24T05:00Z,2026-05-24T04:45Z,1,0,0,B95,EUR,A03,A02,36,MAW,MAW,A01,A01
procured_balancing_capacity,36,2026-05-24T05:00:00,PT15M,2026-05-24T05:15Z,2026-05-24T05:00Z,1,0,0,B95,EUR,A03,A02,36,MAW,MAW,A01,A01
procured_balancing_capacity,36,2026-05-24T05:15:00,PT15M,2026-05-24T05:30Z,2026-05-24T05:15Z,1,0,0,B95,EUR,A03,A02,36,MAW,MAW,A01,A01
procured_balancing_capacity,36,2026-05-24T05:30:00,PT15M,2026-05-24T05:45Z,2026-05-24T05:30Z,1,0,0,B95,EUR,A03,A02,36,MAW,MAW,A01,A01
procured_balancing_capacity,36,2026-05-24T05:45:00,PT15M,2026-05-24T06:00Z,2026-05-24T05:45Z,1,0,0,B95,EUR,A03,A02,36,MAW,MAW,A01,A01
procured_balancing_capacity,36,2026-05-24T06:00:00,PT15M,2026-05-24T06:15Z,2026-05-24T06:00Z,1,10.69,2,B95,EUR,A03,A02,36,MAW,MAW,A01,A01
procured_balancing_capacity,36,2026-05-24T06:15:00,PT15M,2026-05-24T06:30Z,2026-05-24T06:15Z,1,10.69,2,B95,EUR,A03,A02,36,MAW,MAW,A01,A01
procured_balancing_capacity,36,2026-05-24T06:30:00,PT15M,2026-05-24T06:45Z,2026-05-24T06:30Z,1,10.69,2,B95,EUR,A03,A02,36,MAW,MAW,A01,A01
procured_balancing_capacity,36,2026-05-24T06:45:00,PT15M,2026-05-24T07:00Z,2026-05-24T06:45Z,1,10.69,2,B95,EUR,A03,A02,36,MAW,MAW,A01,A01
procured_balancing_capacity,36,2026-05-24T07:00:00,PT15M,2026-05-24T07:15Z,2026-05-24T07:00Z,1,10.69,2,B95,EUR,A03,A02,36,MAW,MAW,A01,A01
procured_balancing_capacity,36,2026-05-24T07:15:00,PT15M,2026-05-24T07:30Z,2026-05-24T07:15Z,1,10.69,2,B95,EUR,A03,A02,36,MAW,MAW,A01,A01
procured_balancing_capacity,36,2026-05-24T07:30:00,PT15M,2026-05-24T07:45Z,2026-05-24T07:30Z,1,10.69,2,B95,EUR,A03,A02,36,MAW,MAW,A01,A01
procured_balancing_capacity,36,2026-05-24T07:45:00,PT15M,2026-05-24T08:00Z,2026-05-24T07:45Z,1,10.69,2,B95,EUR,A03,A02,36,MAW,MAW,A01,A01
procured_balancing_capacity,36,2026-05-24T08:00:00,PT15M,2026-05-24T08:15Z,2026-05-24T08:00Z,1,10.69,2,B95,EUR,A03,A02,36,MAW,MAW,A01,A01
procured_balancing_capacity,36,2026-05-24T08:15:00,PT15M,2026-05-24T08:30Z,2026-05-24T08:15Z,1,10.69,2,B95,EUR,A03,A02,36,MAW,MAW,A01,A01
procured_balancing_capacity,36,2026-05-24T08:30:00,PT15M,2026-05-24T08:45Z,2026-05-24T08:30Z,1,10.69,2,B95,EUR,A03,A02,36,MAW,MAW,A01,A01
procured_balancing_capacity,36,2026-05-24T08:45:00,PT15M,2026-05-24T09:00Z,2026-05-24T08:45Z,1,10.69,2,B95,EUR,A03,A02,36,MAW,MAW,A01,A01
procured_balancing_capacity,36,2026-05-24T09:00:00,PT15M,2026-05-24T09:15Z,2026-05-24T09:00Z,1,10.69,2,B95,EUR,A03,A02,36,MAW,MAW,A01,A01
procured_balancing_capacity,36,2026-05-24T09:15:00,PT15M,2026-05-24T09:30Z,2026-05-24T09:15Z,1,10.69,2,B95,EUR,A03,A02,36,MAW,MAW,A01,A01
procured_balancing_capacity,36,2026-05-24T09:30:00,PT15M,2026-05-24T09:45Z,2026-05-24T09:30Z,1,10.69,2,B95,EUR,A03,A02,36,MAW,MAW,A01,A01
procured_balancing_capacity,36,2026-05-24T09:45:00,PT15M,2026-05-24T10:00Z,2026-05-24T09:45Z,1,10.69,2,B95,EUR,A03,A02,36,MAW,MAW,A01,A01
procured_balancing_capacity,36,2026-05-24T10:00:00,PT15M,2026-05-24T10:15Z,2026-05-24T10:00Z,1,10.69,2,B95,EUR,A03,A02,36,MAW,MAW,A01,A01
procured_balancing_capacity,36,2026-05-24T10:15:00,PT15M,2026-05-24T10:30Z,2026-05-24T10:15Z,1,10.69,2,B95,EUR,A03,A02,36,MAW,MAW,A01,A01
procured_balancing_capacity,36,2026-05-24T10:30:00,PT15M,2026-05-24T10:45Z,2026-05-24T10:30Z,1,10.69,2,B95,EUR,A03,A02,36,MAW,MAW,A01,A01
procured_balancing_capacity,36,2026-05-24T10:45:00,PT15M,2026-05-24T11:00Z,2026-05-24T10:45Z,1,10.69,2,B95,EUR,A03,A02,36,MAW,MAW,A01,A01
procured_balancing_capacity,36,2026-05-24T11:00:00,PT15M,2026-05-24T11:15Z,2026-05-24T11:00Z,1,10.69,2,B95,EUR,A03,A02,36,MAW,MAW,A01,A01
procured_balancing_capacity,36,2026-05-24T11:15:00,PT15M,2026-05-24T11:30Z,2026-05-24T11:15Z,1,10.69,2,B95,EUR,A03,A02,36,MAW,MAW,A01,A01
procured_balancing_capacity,36,2026-05-24T11:30:00,PT15M,2026-05-24T11:45Z,2026-05-24T11:30Z,1,10.69,2,B95,EUR,A03,A02,36,MAW,MAW,A01,A01
procured_balancing_capacity,36,2026-05-24T11:45:00,PT15M,2026-05-24T12:00Z,2026-05-24T11:45Z,1,10.69,2,B95,EUR,A03,A02,36,MAW,MAW,A01,A01
procured_balancing_capacity,36,2026-05-24T12:00:00,PT15M,2026-05-24T12:15Z,2026-05-24T12:00Z,1,0,0,B95,EUR,A03,A02,36,MAW,MAW,A01,A01
procured_balancing_capacity,36,2026-05-24T12:15:00,PT15M,2026-05-24T12:30Z,2026-05-24T12:15Z,1,0,0,B95,EUR,A03,A02,36,MAW,MAW,A01,A01
procured_balancing_capacity,36,2026-05-24T12:30:00,PT15M,2026-05-24T12:45Z,2026-05-24T12:30Z,1,0,0,B95,EUR,A03,A02,36,MAW,MAW,A01,A01
procured_balancing_capacity,36,2026-05-24T12:45:00,PT15M,2026-05-24T13:00Z,2026-05-24T12:45Z,1,0,0,B95,EUR,A03,A02,36,MAW,MAW,A01,A01
procured_balancing_capacity,36,2026-05-24T13:00:00,PT15M,2026-05-24T13:15Z,2026-05-24T13:00Z,1,0,0,B95,EUR,A03,A02,36,MAW,MAW,A01,A01
procured_balancing_capacity,36,2026-05-24T13:15:00,PT15M,2026-05-24T13:30Z,2026-05-24T13:15Z,1,0,0,B95,EUR,A03,A02,36,MAW,MAW,A01,A01
procured_balancing_capacity,36,2026-05-24T13:30:00,PT15M,2026-05-24T13:45Z,2026-05-24T13:30Z,1,0,0,B95,EUR,A03,A02,36,MAW,MAW,A01,A01
procured_balancing_capacity,36,2026-05-24T13:45:00,PT15M,2026-05-24T14:00Z,2026-05-24T13:45Z,1,0,0,B95,EUR,A03,A02,36,MAW,MAW,A01,A01
procured_balancing_capacity,36,2026-05-24T14:00:00,PT15M,2026-05-24T14:15Z,2026-05-24T14:00Z,1,10.69,2,B95,EUR,A03,A02,36,MAW,MAW,A01,A01
procured_balancing_capacity,36,2026-05-24T14:15:00,PT15M,2026-05-24T14:30Z,2026-05-24T14:15Z,1,10.69,2,B95,EUR,A03,A02,36,MAW,MAW,A01,A01
procured_balancing_capacity,36,2026-05-24T14:30:00,PT15M,2026-05-24T14:45Z,2026-05-24T14:30Z,1,10.69,2,B95,EUR,A03,A02,36,MAW,MAW,A01,A01
procured_balancing_capacity,36,2026-05-24T14:45:00,PT15M,2026-05-24T15:00Z,2026-05-24T14:45Z,1,10.69,2,B95,EUR,A03,A02,36,MAW,MAW,A01,A01
procured_balancing_capacity,36,2026-05-24T15:00:00,PT15M,2026-05-24T15:15Z,2026-05-24T15:00Z,1,0,0,B95,EUR,A03,A02,36,MAW,MAW,A01,A01
procured_balancing_capacity,36,2026-05-24T15:15:00,PT15M,2026-05-24T15:30Z,2026-05-24T15:15Z,1,0,0,B95,EUR,A03,A02,36,MAW,MAW,A01,A01
procured_balancing_capacity,36,2026-05-24T15:30:00,PT15M,2026-05-24T15:45Z,2026-05-24T15:30Z,1,0,0,B95,EUR,A03,A02,36,MAW,MAW,A01,A01
procured_balancing_capacity,36,2026-05-24T15:45:00,PT15M,2026-05-24T16:00Z,2026-05-24T15:45Z,1,0,0,B95,EUR,A03,A02,36,MAW,MAW,A01,A01
procured_balancing_capacity,36,2026-05-24T16:00:00,PT15M,2026-05-24T16:15Z,2026-05-24T16:00Z,1,0,0,B95,EUR,A03,A02,36,MAW,MAW,A01,A01
procured_balancing_capacity,36,2026-05-24T16:15:00,PT15M,2026-05-24T16:30Z,2026-05-24T16:15Z,1,0,0,B95,EUR,A03,A02,36,MAW,MAW,A01,A01
procured_balancing_capacity,36,2026-05-24T16:30:00,PT15M,2026-05-24T16:45Z,2026-05-24T16:30Z,1,0,0,B95,EUR,A03,A02,36,MAW,MAW,A01,A01
procured_balancing_capacity,36,2026-05-24T16:45:00,PT15M,2026-05-24T17:00Z,2026-05-24T16:45Z,1,0,0,B95,EUR,A03,A02,36,MAW,MAW,A01,A01
procured_balancing_capacity,36,2026-05-24T17:00:00,PT15M,2026-05-24T17:15Z,2026-05-24T17:00Z,1,0,0,B95,EUR,A03,A02,36,MAW,MAW,A01,A01
procured_balancing_capacity,36,2026-05-24T17:15:00,PT15M,2026-05-24T17:30Z,2026-05-24T17:15Z,1,0,0,B95,EUR,A03,A02,36,MAW,MAW,A01,A01
procured_balancing_capacity,36,2026-05-24T17:30:00,PT15M,2026-05-24T17:45Z,2026-05-24T17:30Z,1,0,0,B95,EUR,A03,A02,36,MAW,MAW,A01,A01
procured_balancing_capacity,36,2026-05-24T17:45:00,PT15M,2026-05-24T18:00Z,2026-05-24T17:45Z,1,0,0,B95,EUR,A03,A02,36,MAW,MAW,A01,A01
procured_balancing_capacity,36,2026-05-24T18:00:00,PT15M,2026-05-24T18:15Z,2026-05-24T18:00Z,1,0,0,B95,EUR,A03,A02,36,MAW,MAW,A01,A01
procured_balancing_capacity,36,2026-05-24T18:15:00,PT15M,2026-05-24T18:30Z,2026-05-24T18:15Z,1,0,0,B95,EUR,A03,A02,36,MAW,MAW,A01,A01
procured_balancing_capacity,36,2026-05-24T18:30:00,PT15M,2026-05-24T18:45Z,2026-05-24T18:30Z,1,0,0,B95,EUR,A03,A02,36,MAW,MAW,A01,A01
procured_balancing_capacity,36,2026-05-24T18:45:00,PT15M,2026-05-24T19:00Z,2026-05-24T18:45Z,1,0,0,B95,EUR,A03,A02,36,MAW,MAW,A01,A01
procured_balancing_capacity,36,2026-05-24T19:00:00,PT15M,2026-05-24T19:15Z,2026-05-24T19:00Z,1,0,0,B95,EUR,A03,A02,36,MAW,MAW,A01,A01
procured_balancing_capacity,36,2026-05-24T19:15:00,PT15M,2026-05-24T19:30Z,2026-05-24T19:15Z,1,0,0,B95,EUR,A03,A02,36,MAW,MAW,A01,A01
procured_balancing_capacity,36,2026-05-24T19:30:00,PT15M,2026-05-24T19:45Z,2026-05-24T19:30Z,1,0,0,B95,EUR,A03,A02,36,MAW,MAW,A01,A01
procured_balancing_capacity,36,2026-05-24T19:45:00,PT15M,2026-05-24T20:00Z,2026-05-24T19:45Z,1,0,0,B95,EUR,A03,A02,36,MAW,MAW,A01,A01
procured_balancing_capacity,36,2026-05-24T20:00:00,PT15M,2026-05-24T20:15Z,2026-05-24T20:00Z,1,0,0,B95,EUR,A03,A02,36,MAW,MAW,A01,A01
procured_balancing_capacity,36,2026-05-24T20:15:00,PT15M,2026-05-24T20:30Z,2026-05-24T20:15Z,1,0,0,B95,EUR,A03,A02,36,MAW,MAW,A01,A01
procured_balancing_capacity,36,2026-05-24T20:30:00,PT15M,2026-05-24T20:45Z,2026-05-24T20:30Z,1,0,0,B95,EUR,A03,A02,36,MAW,MAW,A01,A01
procured_balancing_capacity,36,2026-05-24T20:45:00,PT15M,2026-05-24T21:00Z,2026-05-24T20:45Z,1,0,0,B95,EUR,A03,A02,36,MAW,MAW,A01,A01
procured_balancing_capacity,36,2026-05-24T21:00:00,PT15M,2026-05-24T21:15Z,2026-05-24T21:00Z,1,0,0,B95,EUR,A03,A02,36,MAW,MAW,A01,A01
procured_balancing_capacity,36,2026-05-24T21:15:00,PT15M,2026-05-24T21:30Z,2026-05-24T21:15Z,1,0,0,B95,EUR,A03,A02,36,MAW,MAW,A01,A01
procured_balancing_capacity,36,2026-05-24T21:30:00,PT15M,2026-05-24T21:45Z,2026-05-24T21:30Z,1,0,0,B95,EUR,A03,A02,36,MAW,MAW,A01,A01
procured_balancing_capacity,36,2026-05-24T21:45:00,PT15M,2026-05-24T22:00Z,2026-05-24T21:45Z,1,0,0,B95,EUR,A03,A02,36,MAW,MAW,A01,A01
