dataset,timeseries_index,timestamp_utc,period.resolution,period.timeInterval.end,period.timeInterval.start,point.energy_Price.amount,point.position,point.quantity.quantity,ts.acquiring_Domain.mRID,ts.auction.mRID,ts.businessType,ts.connecting_Domain.mRID,ts.currency_Unit.name,ts.divisible,ts.flowDirection.direction,ts.mRID,ts.price_Measure_Unit.name,ts.quantity_Measure_Unit.name,ts.standard_MarketProduct.marketProductType,ts.status.value,ts.validity_Period.timeInterval.end,ts.validity_Period.timeInterval.start
balancing_energy_bids,1,2026-02-26T00:00:00,PT15M,2026-02-26T00:15Z,2026-02-26T00:00Z,132,1,1,10Y1001C--00090V,AUCTION-aFRR,B74,10YSK-SEPS-----K,EUR,A01,A01,20260226005-AFRR_P-UNIT_068-1,MWH,MAW,A01,A11,2026-02-26T00:15Z,2026-02-26T00:00Z
balancing_energy_bids,2,2026-02-26T00:00:00,PT15M,2026-02-26T00:15Z,2026-02-26T00:00Z,165,1,16,10Y1001C--00090V,AUCTION-aFRR,B74,10YSK-SEPS-----K,EUR,A01,A01,20260226005-AFRR_P-UNIT_065-1,MWH,MAW,A01,A06,2026-02-26T00:15Z,2026-02-26T00:00Z
balancing_energy_bids,3,2026-02-26T00:00:00,PT15M,2026-02-26T00:15Z,2026-02-26T00:00Z,130,1,23,10Y1001C--00090V,AUCTION-aFRR,B74,10YSK-SEPS-----K,EUR,A01,A01,20260226005-AFRR_P-UNIT_052-1,MWH,MAW,A01,A06,2026-02-26T00:15Z,2026-02-26T00:00Z
balancing_energy_bids,4,2026-02-26T00:00:00,PT15M,2026-02-26T00:15Z,2026-02-26T00:00Z,0,1,1,10Y1001C--00090V,AUCTION-aFRR,B74,10YSK-SEPS-----K,EUR,A01,A01,20260226005-AFRR_P-UNIT_047-1,MWH,MAW,A01,A11,2026-02-26T00:15Z,2026-02-26T00:00Z
balancing_energy_bids,5,2026-02-26T00:00:00,PT15M,2026-02-26T00:15Z,2026-02-26T00:00Z,100,1,15,10Y1001C--00090V,AUCTION-aFRR,B74,10YSK-SEPS-----K,EUR,A01,A01,20260226005-AFRR_P-UNIT_069-1,MWH,MAW,A01,A06,2026-02-26T00:15Z,2026-02-26T00:00Z
balancing_energy_bids,6,2026-02-26T00:00:00,PT15M,2026-02-26T00:15Z,2026-02-26T00:00Z,132,1,1,10Y1001C--00090V,AUCTION-aFRR,B74,10YSK-SEPS-----K,EUR,A01,A01,20260226005-AFRR_P-UNIT_058-1,MWH,MAW,A01,A11,2026-02-26T00:15Z,2026-02-26T00:00Z
balancing_energy_bids,7,2026-02-26T00:00:00,PT15M,2026-02-26T00:15Z,2026-02-26T00:00Z,105,1,9,10Y1001C--00090V,AUCTION-aFRR,B74,10YSK-SEPS-----K,EUR,A01,A01,20260226005-AFRR_P-UNIT_062-1,MWH,MAW,A01,A06,2026-02-26T00:15Z,2026-02-26T00:00Z
balancing_energy_bids,8,2026-02-26T00:00:00,PT15M,2026-02-26T00:15Z,2026-02-26T00:00Z,105,1,2,10Y1001C--00090V,AUCTION-aFRR,B74,10YSK-SEPS-----K,EUR,A01,A01,20260226005-AFRR_P-UNIT_043-1,MWH,MAW,A01,A06,2026-02-26T00:15Z,2026-02-26T00:00Z
balancing_energy_bids,9,2026-02-26T00:00:00,PT15M,2026-02-26T00:15Z,2026-02-26T00:00Z,140,1,10,10Y1001C--00090V,AUCTION-aFRR,B74,10YSK-SEPS-----K,EUR,A01,A01,20260226005-AFRR_P-UNIT_063-1,MWH,MAW,A01,A06,2026-02-26T00:15Z,2026-02-26T00:00Z
balancing_energy_bids,10,2026-02-26T00:00:00,PT15M,2026-02-26T00:15Z,2026-02-26T00:00Z,750,1,11,10Y1001C--00090V,AUCTION-aFRR,B74,10YSK-SEPS-----K,EUR,A01,A01,20260226005-AFRR_P-UNIT_104-1,MWH,MAW,A01,A06,2026-02-26T00:15Z,2026-02-26T00:00Z
balancing_energy_bids,11,2026-02-26T00:00:00,PT15M,2026-02-26T00:15Z,2026-02-26T00:00Z,189,1,6,10Y1001C--00090V,AUCTION-aFRR,B74,10YSK-SEPS-----K,EUR,A01,A01,20260226005-AFRR_P-UNIT_003-1,MWH,MAW,A01,A06,2026-02-26T00:15Z,2026-02-26T00:00Z
balancing_energy_bids,12,2026-02-26T00:00:00,PT15M,2026-02-26T00:15Z,2026-02-26T00:00Z,85,1,7,10Y1001C--00090V,AUCTION-aFRR,B74,10YSK-SEPS-----K,EUR,A01,A01,20260226005-AFRR_P-UNIT_097-1,MWH,MAW,A01,A06,2026-02-26T00:15Z,2026-02-26T00:00Z
balancing_energy_bids,13,2026-02-26T00:00:00,PT15M,2026-02-26T00:15Z,2026-02-26T00:00Z,165,1,3,10Y1001C--00090V,AUCTION-aFRR,B74,10YSK-SEPS-----K,EUR,A01,A01,20260226005-AFRR_P-UNIT_009-1,MWH,MAW,A01,A06,2026-02-26T00:15Z,2026-02-26T00:00Z
balancing_energy_bids,14,2026-02-26T00:00:00,PT15M,2026-02-26T00:15Z,2026-02-26T00:00Z,300,1,1,10Y1001C--00090V,AUCTION-aFRR,B74,10YSK-SEPS-----K,EUR,A01,A01,20260226005-AFRR_P-UNIT_106-1,MWH,MAW,A01,A11,2026-02-26T00:15Z,2026-02-26T00:00Z
balancing_energy_bids,15,2026-02-26T00:00:00,PT15M,2026-02-26T00:15Z,2026-02-26T00:00Z,-5,1,1,10Y1001C--00090V,AUCTION-aFRR,B74,10YSK-SEPS-----K,EUR,A01,A02,20260226005-AFRR_N-UNIT_068-1,MWH,MAW,A01,A11,2026-02-26T00:15Z,2026-02-26T00:00Z
balancing_energy_bids,16,2026-02-26T00:00:00,PT15M,2026-02-26T00:15Z,2026-02-26T00:00Z,-30,1,10,10Y1001C--00090V,AUCTION-aFRR,B74,10YSK-SEPS-----K,EUR,A01,A02,20260226005-AFRR_N-UNIT_052-1,MWH,MAW,A01,A06,2026-02-26T00:15Z,2026-02-26T00:00Z
balancing_energy_bids,17,2026-02-26T00:00:00,PT15M,2026-02-26T00:15Z,2026-02-26T00:00Z,-150,1,15,10Y1001C--00090V,AUCTION-aFRR,B74,10YSK-SEPS-----K,EUR,A01,A02,20260226005-AFRR_N-UNIT_069-1,MWH,MAW,A01,A06,2026-02-26T00:15Z,2026-02-26T00:00Z
balancing_energy_bids,18,2026-02-26T00:00:00,PT15M,2026-02-26T00:15Z,2026-02-26T00:00Z,-5,1,1,10Y1001C--00090V,AUCTION-aFRR,B74,10YSK-SEPS-----K,EUR,A01,A02,20260226005-AFRR_N-UNIT_058-1,MWH,MAW,A01,A11,2026-02-26T00:15Z,2026-02-26T00:00Z
balancing_energy_bids,19,2026-02-26T00:00:00,PT15M,2026-02-26T00:15Z,2026-02-26T00:00Z,-20,1,30,10Y1001C--00090V,AUCTION-aFRR,B74,10YSK-SEPS-----K,EUR,A01,A02,20260226005-AFRR_N-UNIT_013-1,MWH,MAW,A01,A06,2026-02-26T00:15Z,2026-02-26T00:00Z
balancing_energy_bids,20,2026-02-26T00:00:00,PT15M,2026-02-26T00:15Z,2026-02-26T00:00Z,-29,1,15,10Y1001C--00090V,AUCTION-aFRR,B74,10YSK-SEPS-----K,EUR,A01,A02,20260226005-AFRR_N-UNIT_062-1,MWH,MAW,A01,A06,2026-02-26T00:15Z,2026-02-26T00:00Z
balancing_energy_bids,21,2026-02-26T00:00:00,PT15M,2026-02-26T00:15Z,2026-02-26T00:00Z,10,1,7,10Y1001C--00090V,AUCTION-aFRR,B74,10YSK-SEPS-----K,EUR,A01,A02,20260226005-AFRR_N-UNIT_043-1,MWH,MAW,A01,A06,2026-02-26T00:15Z,2026-02-26T00:00Z
balancing_energy_bids,22,2026-02-26T00:00:00,PT15M,2026-02-26T00:15Z,2026-02-26T00:00Z,20,1,4,10Y1001C--00090V,AUCTION-aFRR,B74,10YSK-SEPS-----K,EUR,A01,A02,20260226005-AFRR_N-UNIT_104-1,MWH,MAW,A01,A06,2026-02-26T00:15Z,2026-02-26T00:00Z
balancing_energy_bids,23,2026-02-26T00:00:00,PT15M,2026-02-26T00:15Z,2026-02-26T00:00Z,-175.1,1,3,10Y1001C--00090V,AUCTION-aFRR,B74,10YSK-SEPS-----K,EUR,A01,A02,20260226005-AFRR_N-UNIT_089-1,MWH,MAW,A01,A06,2026-02-26T00:15Z,2026-02-26T00:00Z
balancing_energy_bids,24,2026-02-26T00:00:00,PT15M,2026-02-26T00:15Z,2026-02-26T00:00Z,-5,1,4,10Y1001C--00090V,AUCTION-aFRR,B74,10YSK-SEPS-----K,EUR,A01,A02,20260226005-AFRR_N-UNIT_003-1,MWH,MAW,A01,A06,2026-02-26T00:15Z,2026-02-26T00:00Z
balancing_energy_bids,25,2026-02-26T00:00:00,PT15M,2026-02-26T00:15Z,2026-02-26T00:00Z,-199,1,1,10Y1001C--00090V,AUCTION-aFRR,B74,10YSK-SEPS-----K,EUR,A01,A02,20260226005-AFRR_N-UNIT_019-1,MWH,MAW,A01,A11,2026-02-26T00:15Z,2026-02-26T00:00Z
balancing_energy_bids,26,2026-02-26T00:00:00,PT15M,2026-02-26T00:15Z,2026-02-26T00:00Z,-19,1,1,10Y1001C--00090V,AUCTION-aFRR,B74,10YSK-SEPS-----K,EUR,A01,A02,20260226005-AFRR_N-UNIT_106-1,MWH,MAW,A01,A06,2026-02-26T00:15Z,2026-02-26T00:00Z
balancing_energy_bids,27,2026-02-26T00:00:00,PT15M,2026-02-26T00:15Z,2026-02-26T00:00Z,251,1,1,10Y1001C--00090V,AUCTION-aFRR,B74,10YSK-SEPS-----K,EUR,A01,A01,20260226005-AFRR_P-UNIT_019-1,MWH,MAW,A01,A06,2026-02-26T00:15Z,2026-02-26T00:00Z
balancing_energy_bids,28,2026-02-26T00:00:00,PT15M,2026-02-26T00:15Z,2026-02-26T00:00Z,80,1,11,10Y1001C--00090V,AUCTION-aFRR,B74,10YSK-SEPS-----K,EUR,A01,A01,20260226005-AFRR_P-UNIT_028-1,MWH,MAW,A01,A06,2026-02-26T00:15Z,2026-02-26T00:00Z
balancing_energy_bids,29,2026-02-26T00:00:00,PT15M,2026-02-26T00:15Z,2026-02-26T00:00Z,-200,1,14,10Y1001C--00090V,AUCTION-aFRR,B74,10YSK-SEPS-----K,EUR,A01,A02,20260226005-AFRR_N-UNIT_028-1,MWH,MAW,A01,A06,2026-02-26T00:15Z,2026-02-26T00:00Z
balancing_energy_bids,30,2026-02-26T00:30:00,PT15M,2026-02-26T00:45Z,2026-02-26T00:30Z,-5,1,4,10Y1001C--00090V,AUCTION-aFRR,B74,10YSK-SEPS-----K,EUR,A01,A02,20260226007-AFRR_N-UNIT_003-1,MWH,MAW,A01,A06,2026-02-26T00:45Z,2026-02-26T00:30Z
balancing_energy_bids,31,2026-02-26T00:30:00,PT15M,2026-02-26T00:45Z,2026-02-26T00:30Z,-20,1,30,10Y1001C--00090V,AUCTION-aFRR,B74,10YSK-SEPS-----K,EUR,A01,A02,20260226007-AFRR_N-UNIT_013-1,MWH,MAW,A01,A06,2026-02-26T00:45Z,2026-02-26T00:30Z
balancing_energy_bids,32,2026-02-26T00:30:00,PT15M,2026-02-26T00:45Z,2026-02-26T00:30Z,-199,1,1,10Y1001C--00090V,AUCTION-aFRR,B74,10YSK-SEPS-----K,EUR,A01,A02,20260226007-AFRR_N-UNIT_019-1,MWH,MAW,A01,A11,2026-02-26T00:45Z,2026-02-26T00:30Z
balancing_energy_bids,33,2026-02-26T00:30:00,PT15M,2026-02-26T00:45Z,2026-02-26T00:30Z,-200,1,14,10Y1001C--00090V,AUCTION-aFRR,B74,10YSK-SEPS-----K,EUR,A01,A02,20260226007-AFRR_N-UNIT_028-1,MWH,MAW,A01,A06,2026-02-26T00:45Z,2026-02-26T00:30Z
balancing_energy_bids,34,2026-02-26T00:30:00,PT15M,2026-02-26T00:45Z,2026-02-26T00:30Z,10,1,7,10Y1001C--00090V,AUCTION-aFRR,B74,10YSK-SEPS-----K,EUR,A01,A02,20260226007-AFRR_N-UNIT_043-1,MWH,MAW,A01,A06,2026-02-26T00:45Z,2026-02-26T00:30Z
balancing_energy_bids,35,2026-02-26T00:30:00,PT15M,2026-02-26T00:45Z,2026-02-26T00:30Z,-30,1,10,10Y1001C--00090V,AUCTION-aFRR,B74,10YSK-SEPS-----K,EUR,A01,A02,20260226007-AFRR_N-UNIT_052-1,MWH,MAW,A01,A06,2026-02-26T00:45Z,2026-02-26T00:30Z
balancing_energy_bids,36,2026-02-26T00:30:00,PT15M,2026-02-26T00:45Z,2026-02-26T00:30Z,-5,1,1,10Y1001C--00090V,AUCTION-aFRR,B74,10YSK-SEPS-----K,EUR,A01,A02,20260226007-AFRR_N-UNIT_058-1,MWH,MAW,A01,A11,2026-02-26T00:45Z,2026-02-26T00:30Z
balancing_energy_bids,37,2026-02-26T00:30:00,PT15M,2026-02-26T00:45Z,2026-02-26T00:30Z,-29,1,15,10Y1001C--00090V,AUCTION-aFRR,B74,10YSK-SEPS-----K,EUR,A01,A02,20260226007-AFRR_N-UNIT_062-1,MWH,MAW,A01,A06,2026-02-26T00:45Z,2026-02-26T00:30Z
balancing_energy_bids,38,2026-02-26T00:30:00,PT15M,2026-02-26T00:45Z,2026-02-26T00:30Z,-5,1,1,10Y1001C--00090V,AUCTION-aFRR,B74,10YSK-SEPS-----K,EUR,A01,A02,20260226007-AFRR_N-UNIT_068-1,MWH,MAW,A01,A11,2026-02-26T00:45Z,2026-02-26T00:30Z
balancing_energy_bids,39,2026-02-26T00:30:00,PT15M,2026-02-26T00:45Z,2026-02-26T00:30Z,-150,1,15,10Y1001C--00090V,AUCTION-aFRR,B74,10YSK-SEPS-----K,EUR,A01,A02,20260226007-AFRR_N-UNIT_069-1,MWH,MAW,A01,A06,2026-02-26T00:45Z,2026-02-26T00:30Z
balancing_energy_bids,40,2026-02-26T00:30:00,PT15M,2026-02-26T00:45Z,2026-02-26T00:30Z,-185.28,1,3,10Y1001C--00090V,AUCTION-aFRR,B74,10YSK-SEPS-----K,EUR,A01,A02,20260226007-AFRR_N-UNIT_089-1,MWH,MAW,A01,A06,2026-02-26T00:45Z,2026-02-26T00:30Z
balancing_energy_bids,41,2026-02-26T00:30:00,PT15M,2026-02-26T00:45Z,2026-02-26T00:30Z,20,1,4,10Y1001C--00090V,AUCTION-aFRR,B74,10YSK-SEPS-----K,EUR,A01,A02,20260226007-AFRR_N-UNIT_104-1,MWH,MAW,A01,A06,2026-02-26T00:45Z,2026-02-26T00:30Z
balancing_energy_bids,42,2026-02-26T00:30:00,PT15M,2026-02-26T00:45Z,2026-02-26T00:30Z,-19,1,1,10Y1001C--00090V,AUCTION-aFRR,B74,10YSK-SEPS-----K,EUR,A01,A02,20260226007-AFRR_N-UNIT_106-1,MWH,MAW,A01,A06,2026-02-26T00:45Z,2026-02-26T00:30Z
balancing_energy_bids,43,2026-02-26T00:30:00,PT15M,2026-02-26T00:45Z,2026-02-26T00:30Z,189,1,6,10Y1001C--00090V,AUCTION-aFRR,B74,10YSK-SEPS-----K,EUR,A01,A01,20260226007-AFRR_P-UNIT_003-1,MWH,MAW,A01,A06,2026-02-26T00:45Z,2026-02-26T00:30Z
balancing_energy_bids,44,2026-02-26T00:30:00,PT15M,2026-02-26T00:45Z,2026-02-26T00:30Z,165,1,3,10Y1001C--00090V,AUCTION-aFRR,B74,10YSK-SEPS-----K,EUR,A01,A01,20260226007-AFRR_P-UNIT_009-1,MWH,MAW,A01,A06,2026-02-26T00:45Z,2026-02-26T00:30Z
balancing_energy_bids,45,2026-02-26T00:30:00,PT15M,2026-02-26T00:45Z,2026-02-26T00:30Z,251,1,1,10Y1001C--00090V,AUCTION-aFRR,B74,10YSK-SEPS-----K,EUR,A01,A01,20260226007-AFRR_P-UNIT_019-1,MWH,MAW,A01,A06,2026-02-26T00:45Z,2026-02-26T00:30Z
balancing_energy_bids,46,2026-02-26T00:30:00,PT15M,2026-02-26T00:45Z,2026-02-26T00:30Z,80,1,11,10Y1001C--00090V,AUCTION-aFRR,B74,10YSK-SEPS-----K,EUR,A01,A01,20260226007-AFRR_P-UNIT_028-1,MWH,MAW,A01,A06,2026-02-26T00:45Z,2026-02-26T00:30Z
balancing_energy_bids,47,2026-02-26T00:30:00,PT15M,2026-02-26T00:45Z,2026-02-26T00:30Z,90,1,2,10Y1001C--00090V,AUCTION-aFRR,B74,10YSK-SEPS-----K,EUR,A01,A01,20260226007-AFRR_P-UNIT_043-1,MWH,MAW,A01,A06,2026-02-26T00:45Z,2026-02-26T00:30Z
balancing_energy_bids,48,2026-02-26T00:30:00,PT15M,2026-02-26T00:45Z,2026-02-26T00:30Z,0,1,1,10Y1001C--00090V,AUCTION-aFRR,B74,10YSK-SEPS-----K,EUR,A01,A01,20260226007-AFRR_P-UNIT_047-1,MWH,MAW,A01,A11,2026-02-26T00:45Z,2026-02-26T00:30Z
balancing_energy_bids,49,2026-02-26T00:30:00,PT15M,2026-02-26T00:45Z,2026-02-26T00:30Z,130,1,23,10Y1001C--00090V,AUCTION-aFRR,B74,10YSK-SEPS-----K,EUR,A01,A01,20260226007-AFRR_P-UNIT_052-1,MWH,MAW,A01,A06,2026-02-26T00:45Z,2026-02-26T00:30Z
balancing_energy_bids,50,2026-02-26T00:30:00,PT15M,2026-02-26T00:45Z,2026-02-26T00:30Z,132,1,1,10Y1001C--00090V,AUCTION-aFRR,B74,10YSK-SEPS-----K,EUR,A01,A01,20260226007-AFRR_P-UNIT_058-1,MWH,MAW,A01,A11,2026-02-26T00:45Z,2026-02-26T00:30Z
balancing_energy_bids,51,2026-02-26T00:30:00,PT15M,2026-02-26T00:45Z,2026-02-26T00:30Z,90,1,9,10Y1001C--00090V,AUCTION-aFRR,B74,10YSK-SEPS-----K,EUR,A01,A01,20260226007-AFRR_P-UNIT_062-1,MWH,MAW,A01,A06,2026-02-26T00:45Z,2026-02-26T00:30Z
balancing_energy_bids,52,2026-02-26T00:30:00,PT15M,2026-02-26T00:45Z,2026-02-26T00:30Z,140,1,10,10Y1001C--00090V,AUCTION-aFRR,B74,10YSK-SEPS-----K,EUR,A01,A01,20260226007-AFRR_P-UNIT_063-1,MWH,MAW,A01,A06,2026-02-26T00:45Z,2026-02-26T00:30Z
balancing_energy_bids,53,2026-02-26T00:30:00,PT15M,2026-02-26T00:45Z,2026-02-26T00:30Z,165,1,16,10Y1001C--00090V,AUCTION-aFRR,B74,10YSK-SEPS-----K,EUR,A01,A01,20260226007-AFRR_P-UNIT_065-1,MWH,MAW,A01,A06,2026-02-26T00:45Z,2026-02-26T00:30Z
balancing_energy_bids,54,2026-02-26T00:30:00,PT15M,2026-02-26T00:45Z,2026-02-26T00:30Z,132,1,1,10Y1001C--00090V,AUCTION-aFRR,B74,10YSK-SEPS-----K,EUR,A01,A01,20260226007-AFRR_P-UNIT_068-1,MWH,MAW,A01,A11,2026-02-26T00:45Z,2026-02-26T00:30Z
balancing_energy_bids,55,2026-02-26T00:30:00,PT15M,2026-02-26T00:45Z,2026-02-26T00:30Z,100,1,15,10Y1001C--00090V,AUCTION-aFRR,B74,10YSK-SEPS-----K,EUR,A01,A01,20260226007-AFRR_P-UNIT_069-1,MWH,MAW,A01,A06,2026-02-26T00:45Z,2026-02-26T00:30Z
balancing_energy_bids,56,2026-02-26T00:30:00,PT15M,2026-02-26T00:45Z,2026-02-26T00:30Z,85,1,7,10Y1001C--00090V,AUCTION-aFRR,B74,10YSK-SEPS-----K,EUR,A01,A01,20260226007-AFRR_P-UNIT_097-1,MWH,MAW,A01,A06,2026-02-26T00:45Z,2026-02-26T00:30Z
balancing_energy_bids,57,2026-02-26T00:30:00,PT15M,2026-02-26T00:45Z,2026-02-26T00:30Z,750,1,11,10Y1001C--00090V,AUCTION-aFRR,B74,10YSK-SEPS-----K,EUR,A01,A01,20260226007-AFRR_P-UNIT_104-1,MWH,MAW,A01,A06,2026-02-26T00:45Z,2026-02-26T00:30Z
balancing_energy_bids,58,2026-02-26T00:30:00,PT15M,2026-02-26T00:45Z,2026-02-26T00:30Z,300,1,1,10Y1001C--00090V,AUCTION-aFRR,B74,10YSK-SEPS-----K,EUR,A01,A01,20260226007-AFRR_P-UNIT_106-1,MWH,MAW,A01,A11,2026-02-26T00:45Z,2026-02-26T00:30Z
balancing_energy_bids,59,2026-02-26T00:45:00,PT15M,2026-02-26T01:00Z,2026-02-26T00:45Z,-5,1,4,10Y1001C--00090V,AUCTION-aFRR,B74,10YSK-SEPS-----K,EUR,A01,A02,20260226008-AFRR_N-UNIT_003-1,MWH,MAW,A01,A06,2026-02-26T01:00Z,2026-02-26T00:45Z
balancing_energy_bids,60,2026-02-26T00:45:00,PT15M,2026-02-26T01:00Z,2026-02-26T00:45Z,-20,1,30,10Y1001C--00090V,AUCTION-aFRR,B74,10YSK-SEPS-----K,EUR,A01,A02,20260226008-AFRR_N-UNIT_013-1,MWH,MAW,A01,A06,2026-02-26T01:00Z,2026-02-26T00:45Z
balancing_energy_bids,61,2026-02-26T00:45:00,PT15M,2026-02-26T01:00Z,2026-02-26T00:45Z,-199,1,1,10Y1001C--00090V,AUCTION-aFRR,B74,10YSK-SEPS-----K,EUR,A01,A02,20260226008-AFRR_N-UNIT_019-1,MWH,MAW,A01,A11,2026-02-26T01:00Z,2026-02-26T00:45Z
balancing_energy_bids,62,2026-02-26T00:45:00,PT15M,2026-02-26T01:00Z,2026-02-26T00:45Z,-200,1,14,10Y1001C--00090V,AUCTION-aFRR,B74,10YSK-SEPS-----K,EUR,A01,A02,20260226008-AFRR_N-UNIT_028-1,MWH,MAW,A01,A06,2026-02-26T01:00Z,2026-02-26T00:45Z
balancing_energy_bids,63,2026-02-26T00:45:00,PT15M,2026-02-26T01:00Z,2026-02-26T00:45Z,10,1,7,10Y1001C--00090V,AUCTION-aFRR,B74,10YSK-SEPS-----K,EUR,A01,A02,20260226008-AFRR_N-UNIT_043-1,MWH,MAW,A01,A06,2026-02-26T01:00Z,2026-02-26T00:45Z
balancing_energy_bids,64,2026-02-26T00:45:00,PT15M,2026-02-26T01:00Z,2026-02-26T00:45Z,-30,1,10,10Y1001C--00090V,AUCTION-aFRR,B74,10YSK-SEPS-----K,EUR,A01,A02,20260226008-AFRR_N-UNIT_052-1,MWH,MAW,A01,A06,2026-02-26T01:00Z,2026-02-26T00:45Z
balancing_energy_bids,65,2026-02-26T00:45:00,PT15M,2026-02-26T01:00Z,2026-02-26T00:45Z,-5,1,1,10Y1001C--00090V,AUCTION-aFRR,B74,10YSK-SEPS-----K,EUR,A01,A02,20260226008-AFRR_N-UNIT_058-1,MWH,MAW,A01,A11,2026-02-26T01:00Z,2026-02-26T00:45Z
balancing_energy_bids,66,2026-02-26T00:45:00,PT15M,2026-02-26T01:00Z,2026-02-26T00:45Z,-29,1,15,10Y1001C--00090V,AUCTION-aFRR,B74,10YSK-SEPS-----K,EUR,A01,A02,20260226008-AFRR_N-UNIT_062-1,MWH,MAW,A01,A06,2026-02-26T01:00Z,2026-02-26T00:45Z
balancing_energy_bids,67,2026-02-26T00:45:00,PT15M,2026-02-26T01:00Z,2026-02-26T00:45Z,-5,1,1,10Y1001C--00090V,AUCTION-aFRR,B74,10YSK-SEPS-----K,EUR,A01,A02,20260226008-AFRR_N-UNIT_068-1,MWH,MAW,A01,A11,2026-02-26T01:00Z,2026-02-26T00:45Z
balancing_energy_bids,68,2026-02-26T00:45:00,PT15M,2026-02-26T01:00Z,2026-02-26T00:45Z,-150,1,15,10Y1001C--00090V,AUCTION-aFRR,B74,10YSK-SEPS-----K,EUR,A01,A02,20260226008-AFRR_N-UNIT_069-1,MWH,MAW,A01,A06,2026-02-26T01:00Z,2026-02-26T00:45Z
balancing_energy_bids,69,2026-02-26T00:45:00,PT15M,2026-02-26T01:00Z,2026-02-26T00:45Z,-189.56,1,3,10Y1001C--00090V,AUCTION-aFRR,B74,10YSK-SEPS-----K,EUR,A01,A02,20260226008-AFRR_N-UNIT_089-1,MWH,MAW,A01,A06,2026-02-26T01:00Z,2026-02-26T00:45Z
balancing_energy_bids,70,2026-02-26T00:45:00,PT15M,2026-02-26T01:00Z,2026-02-26T00:45Z,20,1,4,10Y1001C--00090V,AUCTION-aFRR,B74,10YSK-SEPS-----K,EUR,A01,A02,20260226008-AFRR_N-UNIT_104-1,MWH,MAW,A01,A06,2026-02-26T01:00Z,2026-02-26T00:45Z
balancing_energy_bids,71,2026-02-26T00:45:00,PT15M,2026-02-26T01:00Z,2026-02-26T00:45Z,-19,1,1,10Y1001C--00090V,AUCTION-aFRR,B74,10YSK-SEPS-----K,EUR,A01,A02,20260226008-AFRR_N-UNIT_106-1,MWH,MAW,A01,A06,2026-02-26T01:00Z,2026-02-26T00:45Z
balancing_energy_bids,72,2026-02-26T00:45:00,PT15M,2026-02-26T01:00Z,2026-02-26T00:45Z,189,1,6,10Y1001C--00090V,AUCTION-aFRR,B74,10YSK-SEPS-----K,EUR,A01,A01,20260226008-AFRR_P-UNIT_003-1,MWH,MAW,A01,A06,2026-02-26T01:00Z,2026-02-26T00:45Z
balancing_energy_bids,73,2026-02-26T00:45:00,PT15M,2026-02-26T01:00Z,2026-02-26T00:45Z,165,1,3,10Y1001C--00090V,AUCTION-aFRR,B74,10YSK-SEPS-----K,EUR,A01,A01,20260226008-AFRR_P-UNIT_009-1,MWH,MAW,A01,A06,2026-02-26T01:00Z,2026-02-26T00:45Z
balancing_energy_bids,74,2026-02-26T00:45:00,PT15M,2026-02-26T01:00Z,2026-02-26T00:45Z,251,1,1,10Y1001C--00090V,AUCTION-aFRR,B74,10YSK-SEPS-----K,EUR,A01,A01,20260226008-AFRR_P-UNIT_019-1,MWH,MAW,A01,A06,2026-02-26T01:00Z,2026-02-26T00:45Z
balancing_energy_bids,75,2026-02-26T00:45:00,PT15M,2026-02-26T01:00Z,2026-02-26T00:45Z,50,1,11,10Y1001C--00090V,AUCTION-aFRR,B74,10YSK-SEPS-----K,EUR,A01,A01,20260226008-AFRR_P-UNIT_028-1,MWH,MAW,A01,A06,2026-02-26T01:00Z,2026-02-26T00:45Z
balancing_energy_bids,76,2026-02-26T00:45:00,PT15M,2026-02-26T01:00Z,2026-02-26T00:45Z,90,1,2,10Y1001C--00090V,AUCTION-aFRR,B74,10YSK-SEPS-----K,EUR,A01,A01,20260226008-AFRR_P-UNIT_043-1,MWH,MAW,A01,A06,2026-02-26T01:00Z,2026-02-26T00:45Z
balancing_energy_bids,77,2026-02-26T00:45:00,PT15M,2026-02-26T01:00Z,2026-02-26T00:45Z,0,1,1,10Y1001C--00090V,AUCTION-aFRR,B74,10YSK-SEPS-----K,EUR,A01,A01,20260226008-AFRR_P-UNIT_047-1,MWH,MAW,A01,A11,2026-02-26T01:00Z,2026-02-26T00:45Z
balancing_energy_bids,78,2026-02-26T00:45:00,PT15M,2026-02-26T01:00Z,2026-02-26T00:45Z,130,1,23,10Y1001C--00090V,AUCTION-aFRR,B74,10YSK-SEPS-----K,EUR,A01,A01,20260226008-AFRR_P-UNIT_052-1,MWH,MAW,A01,A06,2026-02-26T01:00Z,2026-02-26T00:45Z
balancing_energy_bids,79,2026-02-26T00:45:00,PT15M,2026-02-26T01:00Z,2026-02-26T00:45Z,132,1,1,10Y1001C--00090V,AUCTION-aFRR,B74,10YSK-SEPS-----K,EUR,A01,A01,20260226008-AFRR_P-UNIT_058-1,MWH,MAW,A01,A11,2026-02-26T01:00Z,2026-02-26T00:45Z
balancing_energy_bids,80,2026-02-26T00:45:00,PT15M,2026-02-26T01:00Z,2026-02-26T00:45Z,90,1,9,10Y1001C--00090V,AUCTION-aFRR,B74,10YSK-SEPS-----K,EUR,A01,A01,20260226008-AFRR_P-UNIT_062-1,MWH,MAW,A01,A06,2026-02-26T01:00Z,2026-02-26T00:45Z
balancing_energy_bids,81,2026-02-26T00:45:00,PT15M,2026-02-26T01:00Z,2026-02-26T00:45Z,140,1,10,10Y1001C--00090V,AUCTION-aFRR,B74,10YSK-SEPS-----K,EUR,A01,A01,20260226008-AFRR_P-UNIT_063-1,MWH,MAW,A01,A06,2026-02-26T01:00Z,2026-02-26T00:45Z
balancing_energy_bids,82,2026-02-26T00:45:00,PT15M,2026-02-26T01:00Z,2026-02-26T00:45Z,165,1,16,10Y1001C--00090V,AUCTION-aFRR,B74,10YSK-SEPS-----K,EUR,A01,A01,20260226008-AFRR_P-UNIT_065-1,MWH,MAW,A01,A06,2026-02-26T01:00Z,2026-02-26T00:45Z
balancing_energy_bids,83,2026-02-26T00:45:00,PT15M,2026-02-26T01:00Z,2026-02-26T00:45Z,132,1,1,10Y1001C--00090V,AUCTION-aFRR,B74,10YSK-SEPS-----K,EUR,A01,A01,20260226008-AFRR_P-UNIT_068-1,MWH,MAW,A01,A11,2026-02-26T01:00Z,2026-02-26T00:45Z
balancing_energy_bids,84,2026-02-26T00:45:00,PT15M,2026-02-26T01:00Z,2026-02-26T00:45Z,100,1,15,10Y1001C--00090V,AUCTION-aFRR,B74,10YSK-SEPS-----K,EUR,A01,A01,20260226008-AFRR_P-UNIT_069-1,MWH,MAW,A01,A06,2026-02-26T01:00Z,2026-02-26T00:45Z
balancing_energy_bids,85,2026-02-26T00:45:00,PT15M,2026-02-26T01:00Z,2026-02-26T00:45Z,85,1,7,10Y1001C--00090V,AUCTION-aFRR,B74,10YSK-SEPS-----K,EUR,A01,A01,20260226008-AFRR_P-UNIT_097-1,MWH,MAW,A01,A06,2026-02-26T01:00Z,2026-02-26T00:45Z
balancing_energy_bids,86,2026-02-26T00:45:00,PT15M,2026-02-26T01:00Z,2026-02-26T00:45Z,750,1,11,10Y1001C--00090V,AUCTION-aFRR,B74,10YSK-SEPS-----K,EUR,A01,A01,20260226008-AFRR_P-UNIT_104-1,MWH,MAW,A01,A06,2026-02-26T01:00Z,2026-02-26T00:45Z
balancing_energy_bids,87,2026-02-26T00:45:00,PT15M,2026-02-26T01:00Z,2026-02-26T00:45Z,300,1,1,10Y1001C--00090V,AUCTION-aFRR,B74,10YSK-SEPS-----K,EUR,A01,A01,20260226008-AFRR_P-UNIT_106-1,MWH,MAW,A01,A11,2026-02-26T01:00Z,2026-02-26T00:45Z
balancing_energy_bids,88,2026-02-26T01:00:00,PT15M,2026-02-26T01:15Z,2026-02-26T01:00Z,-5,1,4,10Y1001C--00090V,AUCTION-aFRR,B74,10YSK-SEPS-----K,EUR,A01,A02,20260226009-AFRR_N-UNIT_003-1,MWH,MAW,A01,A06,2026-02-26T01:15Z,2026-02-26T01:00Z
balancing_energy_bids,89,2026-02-26T01:00:00,PT15M,2026-02-26T01:15Z,2026-02-26T01:00Z,-20,1,30,10Y1001C--00090V,AUCTION-aFRR,B74,10YSK-SEPS-----K,EUR,A01,A02,20260226009-AFRR_N-UNIT_013-1,MWH,MAW,A01,A06,2026-02-26T01:15Z,2026-02-26T01:00Z
balancing_energy_bids,90,2026-02-26T01:00:00,PT15M,2026-02-26T01:15Z,2026-02-26T01:00Z,-199,1,1,10Y1001C--00090V,AUCTION-aFRR,B74,10YSK-SEPS-----K,EUR,A01,A02,20260226009-AFRR_N-UNIT_019-1,MWH,MAW,A01,A11,2026-02-26T01:15Z,2026-02-26T01:00Z
balancing_energy_bids,91,2026-02-26T01:00:00,PT15M,2026-02-26T01:15Z,2026-02-26T01:00Z,-200,1,14,10Y1001C--00090V,AUCTION-aFRR,B74,10YSK-SEPS-----K,EUR,A01,A02,20260226009-AFRR_N-UNIT_028-1,MWH,MAW,A01,A06,2026-02-26T01:15Z,2026-02-26T01:00Z
balancing_energy_bids,92,2026-02-26T01:00:00,PT15M,2026-02-26T01:15Z,2026-02-26T01:00Z,10,1,7,10Y1001C--00090V,AUCTION-aFRR,B74,10YSK-SEPS-----K,EUR,A01,A02,20260226009-AFRR_N-UNIT_043-1,MWH,MAW,A01,A06,2026-02-26T01:15Z,2026-02-26T01:00Z
balancing_energy_bids,93,2026-02-26T01:00:00,PT15M,2026-02-26T01:15Z,2026-02-26T01:00Z,-30,1,10,10Y1001C--00090V,AUCTION-aFRR,B74,10YSK-SEPS-----K,EUR,A01,A02,20260226009-AFRR_N-UNIT_052-1,MWH,MAW,A01,A06,2026-02-26T01:15Z,2026-02-26T01:00Z
balancing_energy_bids,94,2026-02-26T01:00:00,PT15M,2026-02-26T01:15Z,2026-02-26T01:00Z,-5,1,1,10Y1001C--00090V,AUCTION-aFRR,B74,10YSK-SEPS-----K,EUR,A01,A02,20260226009-AFRR_N-UNIT_058-1,MWH,MAW,A01,A11,2026-02-26T01:15Z,2026-02-26T01:00Z
balancing_energy_bids,95,2026-02-26T01:00:00,PT15M,2026-02-26T01:15Z,2026-02-26T01:00Z,-29,1,15,10Y1001C--00090V,AUCTION-aFRR,B74,10YSK-SEPS-----K,EUR,A01,A02,20260226009-AFRR_N-UNIT_062-1,MWH,MAW,A01,A06,2026-02-26T01:15Z,2026-02-26T01:00Z
balancing_energy_bids,96,2026-02-26T01:00:00,PT15M,2026-02-26T01:15Z,2026-02-26T01:00Z,-5,1,1,10Y1001C--00090V,AUCTION-aFRR,B74,10YSK-SEPS-----K,EUR,A01,A02,20260226009-AFRR_N-UNIT_068-1,MWH,MAW,A01,A11,2026-02-26T01:15Z,2026-02-26T01:00Z
balancing_energy_bids,97,2026-02-26T01:00:00,PT15M,2026-02-26T01:15Z,2026-02-26T01:00Z,-150,1,15,10Y1001C--00090V,AUCTION-aFRR,B74,10YSK-SEPS-----K,EUR,A01,A02,20260226009-AFRR_N-UNIT_069-1,MWH,MAW,A01,A06,2026-02-26T01:15Z,2026-02-26T01:00Z
balancing_energy_bids,98,2026-02-26T01:00:00,PT15M,2026-02-26T01:15Z,2026-02-26T01:00Z,-186.59,1,3,10Y1001C--00090V,AUCTION-aFRR,B74,10YSK-SEPS-----K,EUR,A01,A02,20260226009-AFRR_N-UNIT_089-1,MWH,MAW,A01,A06,2026-02-26T01:15Z,2026-02-26T01:00Z
balancing_energy_bids,99,2026-02-26T01:00:00,PT15M,2026-02-26T01:15Z,2026-02-26T01:00Z,20,1,4,10Y1001C--00090V,AUCTION-aFRR,B74,10YSK-SEPS-----K,EUR,A01,A02,20260226009-AFRR_N-UNIT_104-1,MWH,MAW,A01,A06,2026-02-26T01:15Z,2026-02-26T01:00Z
balancing_energy_bids,100,2026-02-26T01:00:00,PT15M,2026-02-26T01:15Z,2026-02-26T01:00Z,-19,1,1,10Y1001C--00090V,AUCTION-aFRR,B74,10YSK-SEPS-----K,EUR,A01,A02,20260226009-AFRR_N-UNIT_106-1,MWH,MAW,A01,A06,2026-02-26T01:15Z,2026-02-26T01:00Z
balancing_energy_bids,1,2026-02-26T01:00:00,PT15M,2026-02-26T01:15Z,2026-02-26T01:00Z,189,1,6,10Y1001C--00090V,AUCTION-aFRR,B74,10YSK-SEPS-----K,EUR,A01,A01,20260226009-AFRR_P-UNIT_003-1,MWH,MAW,A01,A06,2026-02-26T01:15Z,2026-02-26T01:00Z
balancing_energy_bids,2,2026-02-26T01:00:00,PT15M,2026-02-26T01:15Z,2026-02-26T01:00Z,165,1,3,10Y1001C--00090V,AUCTION-aFRR,B74,10YSK-SEPS-----K,EUR,A01,A01,20260226009-AFRR_P-UNIT_009-1,MWH,MAW,A01,A06,2026-02-26T01:15Z,2026-02-26T01:00Z
balancing_energy_bids,3,2026-02-26T01:00:00,PT15M,2026-02-26T01:15Z,2026-02-26T01:00Z,251,1,1,10Y1001C--00090V,AUCTION-aFRR,B74,10YSK-SEPS-----K,EUR,A01,A01,20260226009-AFRR_P-UNIT_019-1,MWH,MAW,A01,A06,2026-02-26T01:15Z,2026-02-26T01:00Z
balancing_energy_bids,4,2026-02-26T01:00:00,PT15M,2026-02-26T01:15Z,2026-02-26T01:00Z,50,1,11,10Y1001C--00090V,AUCTION-aFRR,B74,10YSK-SEPS-----K,EUR,A01,A01,20260226009-AFRR_P-UNIT_028-1,MWH,MAW,A01,A06,2026-02-26T01:15Z,2026-02-26T01:00Z
balancing_energy_bids,5,2026-02-26T01:00:00,PT15M,2026-02-26T01:15Z,2026-02-26T01:00Z,90,1,2,10Y1001C--00090V,AUCTION-aFRR,B74,10YSK-SEPS-----K,EUR,A01,A01,20260226009-AFRR_P-UNIT_043-1,MWH,MAW,A01,A06,2026-02-26T01:15Z,2026-02-26T01:00Z
balancing_energy_bids,6,2026-02-26T01:00:00,PT15M,2026-02-26T01:15Z,2026-02-26T01:00Z,0,1,1,10Y1001C--00090V,AUCTION-aFRR,B74,10YSK-SEPS-----K,EUR,A01,A01,20260226009-AFRR_P-UNIT_047-1,MWH,MAW,A01,A11,2026-02-26T01:15Z,2026-02-26T01:00Z
balancing_energy_bids,7,2026-02-26T01:00:00,PT15M,2026-02-26T01:15Z,2026-02-26T01:00Z,130,1,23,10Y1001C--00090V,AUCTION-aFRR,B74,10YSK-SEPS-----K,EUR,A01,A01,20260226009-AFRR_P-UNIT_052-1,MWH,MAW,A01,A06,2026-02-26T01:15Z,2026-02-26T01:00Z
balancing_energy_bids,8,2026-02-26T01:00:00,PT15M,2026-02-26T01:15Z,2026-02-26T01:00Z,132,1,1,10Y1001C--00090V,AUCTION-aFRR,B74,10YSK-SEPS-----K,EUR,A01,A01,20260226009-AFRR_P-UNIT_058-1,MWH,MAW,A01,A11,2026-02-26T01:15Z,2026-02-26T01:00Z
balancing_energy_bids,9,2026-02-26T01:00:00,PT15M,2026-02-26T01:15Z,2026-02-26T01:00Z,90,1,9,10Y1001C--00090V,AUCTION-aFRR,B74,10YSK-SEPS-----K,EUR,A01,A01,20260226009-AFRR_P-UNIT_062-1,MWH,MAW,A01,A06,2026-02-26T01:15Z,2026-02-26T01:00Z
balancing_energy_bids,10,2026-02-26T01:00:00,PT15M,2026-02-26T01:15Z,2026-02-26T01:00Z,140,1,10,10Y1001C--00090V,AUCTION-aFRR,B74,10YSK-SEPS-----K,EUR,A01,A01,20260226009-AFRR_P-UNIT_063-1,MWH,MAW,A01,A06,2026-02-26T01:15Z,2026-02-26T01:00Z
balancing_energy_bids,11,2026-02-26T01:00:00,PT15M,2026-02-26T01:15Z,2026-02-26T01:00Z,165,1,16,10Y1001C--00090V,AUCTION-aFRR,B74,10YSK-SEPS-----K,EUR,A01,A01,20260226009-AFRR_P-UNIT_065-1,MWH,MAW,A01,A06,2026-02-26T01:15Z,2026-02-26T01:00Z
balancing_energy_bids,12,2026-02-26T01:00:00,PT15M,2026-02-26T01:15Z,2026-02-26T01:00Z,132,1,1,10Y1001C--00090V,AUCTION-aFRR,B74,10YSK-SEPS-----K,EUR,A01,A01,20260226009-AFRR_P-UNIT_068-1,MWH,MAW,A01,A11,2026-02-26T01:15Z,2026-02-26T01:00Z
balancing_energy_bids,13,2026-02-26T01:00:00,PT15M,2026-02-26T01:15Z,2026-02-26T01:00Z,100,1,15,10Y1001C--00090V,AUCTION-aFRR,B74,10YSK-SEPS-----K,EUR,A01,A01,20260226009-AFRR_P-UNIT_069-1,MWH,MAW,A01,A06,2026-02-26T01:15Z,2026-02-26T01:00Z
balancing_energy_bids,14,2026-02-26T01:00:00,PT15M,2026-02-26T01:15Z,2026-02-26T01:00Z,85,1,7,10Y1001C--00090V,AUCTION-aFRR,B74,10YSK-SEPS-----K,EUR,A01,A01,20260226009-AFRR_P-UNIT_097-1,MWH,MAW,A01,A06,2026-02-26T01:15Z,2026-02-26T01:00Z
balancing_energy_bids,15,2026-02-26T01:00:00,PT15M,2026-02-26T01:15Z,2026-02-26T01:00Z,750,1,11,10Y1001C--00090V,AUCTION-aFRR,B74,10YSK-SEPS-----K,EUR,A01,A01,20260226009-AFRR_P-UNIT_104-1,MWH,MAW,A01,A06,2026-02-26T01:15Z,2026-02-26T01:00Z
balancing_energy_bids,16,2026-02-26T01:00:00,PT15M,2026-02-26T01:15Z,2026-02-26T01:00Z,300,1,1,10Y1001C--00090V,AUCTION-aFRR,B74,10YSK-SEPS-----K,EUR,A01,A01,20260226009-AFRR_P-UNIT_106-1,MWH,MAW,A01,A11,2026-02-26T01:15Z,2026-02-26T01:00Z
balancing_energy_bids,17,2026-02-26T01:15:00,PT15M,2026-02-26T01:30Z,2026-02-26T01:15Z,-5,1,4,10Y1001C--00090V,AUCTION-aFRR,B74,10YSK-SEPS-----K,EUR,A01,A02,20260226010-AFRR_N-UNIT_003-1,MWH,MAW,A01,A06,2026-02-26T01:30Z,2026-02-26T01:15Z
balancing_energy_bids,18,2026-02-26T01:15:00,PT15M,2026-02-26T01:30Z,2026-02-26T01:15Z,-20,1,30,10Y1001C--00090V,AUCTION-aFRR,B74,10YSK-SEPS-----K,EUR,A01,A02,20260226010-AFRR_N-UNIT_013-1,MWH,MAW,A01,A06,2026-02-26T01:30Z,2026-02-26T01:15Z
balancing_energy_bids,19,2026-02-26T01:15:00,PT15M,2026-02-26T01:30Z,2026-02-26T01:15Z,-199,1,1,10Y1001C--00090V,AUCTION-aFRR,B74,10YSK-SEPS-----K,EUR,A01,A02,20260226010-AFRR_N-UNIT_019-1,MWH,MAW,A01,A11,2026-02-26T01:30Z,2026-02-26T01:15Z
balancing_energy_bids,20,2026-02-26T01:15:00,PT15M,2026-02-26T01:30Z,2026-02-26T01:15Z,-200,1,14,10Y1001C--00090V,AUCTION-aFRR,B74,10YSK-SEPS-----K,EUR,A01,A02,20260226010-AFRR_N-UNIT_028-1,MWH,MAW,A01,A06,2026-02-26T01:30Z,2026-02-26T01:15Z
balancing_energy_bids,21,2026-02-26T01:15:00,PT15M,2026-02-26T01:30Z,2026-02-26T01:15Z,10,1,7,10Y1001C--00090V,AUCTION-aFRR,B74,10YSK-SEPS-----K,EUR,A01,A02,20260226010-AFRR_N-UNIT_043-1,MWH,MAW,A01,A06,2026-02-26T01:30Z,2026-02-26T01:15Z
balancing_energy_bids,22,2026-02-26T01:15:00,PT15M,2026-02-26T01:30Z,2026-02-26T01:15Z,-30,1,10,10Y1001C--00090V,AUCTION-aFRR,B74,10YSK-SEPS-----K,EUR,A01,A02,20260226010-AFRR_N-UNIT_052-1,MWH,MAW,A01,A06,2026-02-26T01:30Z,2026-02-26T01:15Z
balancing_energy_bids,23,2026-02-26T01:15:00,PT15M,2026-02-26T01:30Z,2026-02-26T01:15Z,-5,1,1,10Y1001C--00090V,AUCTION-aFRR,B74,10YSK-SEPS-----K,EUR,A01,A02,20260226010-AFRR_N-UNIT_058-1,MWH,MAW,A01,A11,2026-02-26T01:30Z,2026-02-26T01:15Z
balancing_energy_bids,24,2026-02-26T01:15:00,PT15M,2026-02-26T01:30Z,2026-02-26T01:15Z,-29,1,15,10Y1001C--00090V,AUCTION-aFRR,B74,10YSK-SEPS-----K,EUR,A01,A02,20260226010-AFRR_N-UNIT_062-1,MWH,MAW,A01,A06,2026-02-26T01:30Z,2026-02-26T01:15Z
balancing_energy_bids,25,2026-02-26T01:15:00,PT15M,2026-02-26T01:30Z,2026-02-26T01:15Z,-5,1,1,10Y1001C--00090V,AUCTION-aFRR,B74,10YSK-SEPS-----K,EUR,A01,A02,20260226010-AFRR_N-UNIT_068-1,MWH,MAW,A01,A11,2026-02-26T01:30Z,2026-02-26T01:15Z
balancing_energy_bids,26,2026-02-26T01:15:00,PT15M,2026-02-26T01:30Z,2026-02-26T01:15Z,-150,1,15,10Y1001C--00090V,AUCTION-aFRR,B74,10YSK-SEPS-----K,EUR,A01,A02,20260226010-AFRR_N-UNIT_069-1,MWH,MAW,A01,A06,2026-02-26T01:30Z,2026-02-26T01:15Z
balancing_energy_bids,27,2026-02-26T01:15:00,PT15M,2026-02-26T01:30Z,2026-02-26T01:15Z,-187.42,1,3,10Y1001C--00090V,AUCTION-aFRR,B74,10YSK-SEPS-----K,EUR,A01,A02,20260226010-AFRR_N-UNIT_089-1,MWH,MAW,A01,A06,2026-02-26T01:30Z,2026-02-26T01:15Z
balancing_energy_bids,28,2026-02-26T01:15:00,PT15M,2026-02-26T01:30Z,2026-02-26T01:15Z,20,1,4,10Y1001C--00090V,AUCTION-aFRR,B74,10YSK-SEPS-----K,EUR,A01,A02,20260226010-AFRR_N-UNIT_104-1,MWH,MAW,A01,A06,2026-02-26T01:30Z,2026-02-26T01:15Z
balancing_energy_bids,29,2026-02-26T01:15:00,PT15M,2026-02-26T01:30Z,2026-02-26T01:15Z,-19,1,1,10Y1001C--00090V,AUCTION-aFRR,B74,10YSK-SEPS-----K,EUR,A01,A02,20260226010-AFRR_N-UNIT_106-1,MWH,MAW,A01,A06,2026-02-26T01:30Z,2026-02-26T01:15Z
balancing_energy_bids,30,2026-02-26T01:15:00,PT15M,2026-02-26T01:30Z,2026-02-26T01:15Z,189,1,6,10Y1001C--00090V,AUCTION-aFRR,B74,10YSK-SEPS-----K,EUR,A01,A01,20260226010-AFRR_P-UNIT_003-1,MWH,MAW,A01,A06,2026-02-26T01:30Z,2026-02-26T01:15Z
balancing_energy_bids,31,2026-02-26T01:15:00,PT15M,2026-02-26T01:30Z,2026-02-26T01:15Z,165,1,3,10Y1001C--00090V,AUCTION-aFRR,B74,10YSK-SEPS-----K,EUR,A01,A01,20260226010-AFRR_P-UNIT_009-1,MWH,MAW,A01,A06,2026-02-26T01:30Z,2026-02-26T01:15Z
balancing_energy_bids,32,2026-02-26T01:15:00,PT15M,2026-02-26T01:30Z,2026-02-26T01:15Z,251,1,1,10Y1001C--00090V,AUCTION-aFRR,B74,10YSK-SEPS-----K,EUR,A01,A01,20260226010-AFRR_P-UNIT_019-1,MWH,MAW,A01,A06,2026-02-26T01:30Z,2026-02-26T01:15Z
balancing_energy_bids,33,2026-02-26T01:15:00,PT15M,2026-02-26T01:30Z,2026-02-26T01:15Z,50,1,11,10Y1001C--00090V,AUCTION-aFRR,B74,10YSK-SEPS-----K,EUR,A01,A01,20260226010-AFRR_P-UNIT_028-1,MWH,MAW,A01,A06,2026-02-26T01:30Z,2026-02-26T01:15Z
balancing_energy_bids,34,2026-02-26T01:15:00,PT15M,2026-02-26T01:30Z,2026-02-26T01:15Z,90,1,2,10Y1001C--00090V,AUCTION-aFRR,B74,10YSK-SEPS-----K,EUR,A01,A01,20260226010-AFRR_P-UNIT_043-1,MWH,MAW,A01,A06,2026-02-26T01:30Z,2026-02-26T01:15Z
balancing_energy_bids,35,2026-02-26T01:15:00,PT15M,2026-02-26T01:30Z,2026-02-26T01:15Z,0,1,1,10Y1001C--00090V,AUCTION-aFRR,B74,10YSK-SEPS-----K,EUR,A01,A01,20260226010-AFRR_P-UNIT_047-1,MWH,MAW,A01,A11,2026-02-26T01:30Z,2026-02-26T01:15Z
balancing_energy_bids,36,2026-02-26T01:15:00,PT15M,2026-02-26T01:30Z,2026-02-26T01:15Z,130,1,23,10Y1001C--00090V,AUCTION-aFRR,B74,10YSK-SEPS-----K,EUR,A01,A01,20260226010-AFRR_P-UNIT_052-1,MWH,MAW,A01,A06,2026-02-26T01:30Z,2026-02-26T01:15Z
balancing_energy_bids,37,2026-02-26T01:15:00,PT15M,2026-02-26T01:30Z,2026-02-26T01:15Z,132,1,1,10Y1001C--00090V,AUCTION-aFRR,B74,10YSK-SEPS-----K,EUR,A01,A01,20260226010-AFRR_P-UNIT_058-1,MWH,MAW,A01,A11,2026-02-26T01:30Z,2026-02-26T01:15Z
balancing_energy_bids,38,2026-02-26T01:15:00,PT15M,2026-02-26T01:30Z,2026-02-26T01:15Z,90,1,9,10Y1001C--00090V,AUCTION-aFRR,B74,10YSK-SEPS-----K,EUR,A01,A01,20260226010-AFRR_P-UNIT_062-1,MWH,MAW,A01,A06,2026-02-26T01:30Z,2026-02-26T01:15Z
balancing_energy_bids,39,2026-02-26T01:15:00,PT15M,2026-02-26T01:30Z,2026-02-26T01:15Z,140,1,10,10Y1001C--00090V,AUCTION-aFRR,B74,10YSK-SEPS-----K,EUR,A01,A01,20260226010-AFRR_P-UNIT_063-1,MWH,MAW,A01,A06,2026-02-26T01:30Z,2026-02-26T01:15Z
balancing_energy_bids,40,2026-02-26T01:15:00,PT15M,2026-02-26T01:30Z,2026-02-26T01:15Z,165,1,16,10Y1001C--00090V,AUCTION-aFRR,B74,10YSK-SEPS-----K,EUR,A01,A01,20260226010-AFRR_P-UNIT_065-1,MWH,MAW,A01,A06,2026-02-26T01:30Z,2026-02-26T01:15Z
balancing_energy_bids,41,2026-02-26T01:15:00,PT15M,2026-02-26T01:30Z,2026-02-26T01:15Z,132,1,1,10Y1001C--00090V,AUCTION-aFRR,B74,10YSK-SEPS-----K,EUR,A01,A01,20260226010-AFRR_P-UNIT_068-1,MWH,MAW,A01,A11,2026-02-26T01:30Z,2026-02-26T01:15Z
balancing_energy_bids,42,2026-02-26T01:15:00,PT15M,2026-02-26T01:30Z,2026-02-26T01:15Z,100,1,15,10Y1001C--00090V,AUCTION-aFRR,B74,10YSK-SEPS-----K,EUR,A01,A01,20260226010-AFRR_P-UNIT_069-1,MWH,MAW,A01,A06,2026-02-26T01:30Z,2026-02-26T01:15Z
balancing_energy_bids,43,2026-02-26T01:15:00,PT15M,2026-02-26T01:30Z,2026-02-26T01:15Z,85,1,7,10Y1001C--00090V,AUCTION-aFRR,B74,10YSK-SEPS-----K,EUR,A01,A01,20260226010-AFRR_P-UNIT_097-1,MWH,MAW,A01,A06,2026-02-26T01:30Z,2026-02-26T01:15Z
balancing_energy_bids,44,2026-02-26T01:15:00,PT15M,2026-02-26T01:30Z,2026-02-26T01:15Z,750,1,11,10Y1001C--00090V,AUCTION-aFRR,B74,10YSK-SEPS-----K,EUR,A01,A01,20260226010-AFRR_P-UNIT_104-1,MWH,MAW,A01,A06,2026-02-26T01:30Z,2026-02-26T01:15Z
balancing_energy_bids,45,2026-02-26T01:15:00,PT15M,2026-02-26T01:30Z,2026-02-26T01:15Z,300,1,1,10Y1001C--00090V,AUCTION-aFRR,B74,10YSK-SEPS-----K,EUR,A01,A01,20260226010-AFRR_P-UNIT_106-1,MWH,MAW,A01,A11,2026-02-26T01:30Z,2026-02-26T01:15Z
balancing_energy_bids,46,2026-02-26T01:30:00,PT15M,2026-02-26T01:45Z,2026-02-26T01:30Z,-5,1,4,10Y1001C--00090V,AUCTION-aFRR,B74,10YSK-SEPS-----K,EUR,A01,A02,20260226011-AFRR_N-UNIT_003-1,MWH,MAW,A01,A06,2026-02-26T01:45Z,2026-02-26T01:30Z
balancing_energy_bids,47,2026-02-26T01:30:00,PT15M,2026-02-26T01:45Z,2026-02-26T01:30Z,-20,1,30,10Y1001C--00090V,AUCTION-aFRR,B74,10YSK-SEPS-----K,EUR,A01,A02,20260226011-AFRR_N-UNIT_013-1,MWH,MAW,A01,A06,2026-02-26T01:45Z,2026-02-26T01:30Z
balancing_energy_bids,48,2026-02-26T01:30:00,PT15M,2026-02-26T01:45Z,2026-02-26T01:30Z,-199,1,1,10Y1001C--00090V,AUCTION-aFRR,B74,10YSK-SEPS-----K,EUR,A01,A02,20260226011-AFRR_N-UNIT_019-1,MWH,MAW,A01,A11,2026-02-26T01:45Z,2026-02-26T01:30Z
balancing_energy_bids,49,2026-02-26T01:30:00,PT15M,2026-02-26T01:45Z,2026-02-26T01:30Z,-200,1,14,10Y1001C--00090V,AUCTION-aFRR,B74,10YSK-SEPS-----K,EUR,A01,A02,20260226011-AFRR_N-UNIT_028-1,MWH,MAW,A01,A06,2026-02-26T01:45Z,2026-02-26T01:30Z
balancing_energy_bids,50,2026-02-26T01:30:00,PT15M,2026-02-26T01:45Z,2026-02-26T01:30Z,10,1,7,10Y1001C--00090V,AUCTION-aFRR,B74,10YSK-SEPS-----K,EUR,A01,A02,20260226011-AFRR_N-UNIT_043-1,MWH,MAW,A01,A06,2026-02-26T01:45Z,2026-02-26T01:30Z
balancing_energy_bids,51,2026-02-26T01:30:00,PT15M,2026-02-26T01:45Z,2026-02-26T01:30Z,-30,1,10,10Y1001C--00090V,AUCTION-aFRR,B74,10YSK-SEPS-----K,EUR,A01,A02,20260226011-AFRR_N-UNIT_052-1,MWH,MAW,A01,A06,2026-02-26T01:45Z,2026-02-26T01:30Z
balancing_energy_bids,52,2026-02-26T01:30:00,PT15M,2026-02-26T01:45Z,2026-02-26T01:30Z,-5,1,1,10Y1001C--00090V,AUCTION-aFRR,B74,10YSK-SEPS-----K,EUR,A01,A02,20260226011-AFRR_N-UNIT_058-1,MWH,MAW,A01,A11,2026-02-26T01:45Z,2026-02-26T01:30Z
balancing_energy_bids,53,2026-02-26T01:30:00,PT15M,2026-02-26T01:45Z,2026-02-26T01:30Z,-29,1,15,10Y1001C--00090V,AUCTION-aFRR,B74,10YSK-SEPS-----K,EUR,A01,A02,20260226011-AFRR_N-UNIT_062-1,MWH,MAW,A01,A06,2026-02-26T01:45Z,2026-02-26T01:30Z
balancing_energy_bids,54,2026-02-26T01:30:00,PT15M,2026-02-26T01:45Z,2026-02-26T01:30Z,-5,1,1,10Y1001C--00090V,AUCTION-aFRR,B74,10YSK-SEPS-----K,EUR,A01,A02,20260226011-AFRR_N-UNIT_068-1,MWH,MAW,A01,A11,2026-02-26T01:45Z,2026-02-26T01:30Z
balancing_energy_bids,55,2026-02-26T01:30:00,PT15M,2026-02-26T01:45Z,2026-02-26T01:30Z,-150,1,15,10Y1001C--00090V,AUCTION-aFRR,B74,10YSK-SEPS-----K,EUR,A01,A02,20260226011-AFRR_N-UNIT_069-1,MWH,MAW,A01,A06,2026-02-26T01:45Z,2026-02-26T01:30Z
balancing_energy_bids,56,2026-02-26T01:30:00,PT15M,2026-02-26T01:45Z,2026-02-26T01:30Z,-187.28,1,3,10Y1001C--00090V,AUCTION-aFRR,B74,10YSK-SEPS-----K,EUR,A01,A02,20260226011-AFRR_N-UNIT_089-1,MWH,MAW,A01,A06,2026-02-26T01:45Z,2026-02-26T01:30Z
balancing_energy_bids,57,2026-02-26T01:30:00,PT15M,2026-02-26T01:45Z,2026-02-26T01:30Z,20,1,4,10Y1001C--00090V,AUCTION-aFRR,B74,10YSK-SEPS-----K,EUR,A01,A02,20260226011-AFRR_N-UNIT_104-1,MWH,MAW,A01,A06,2026-02-26T01:45Z,2026-02-26T01:30Z
balancing_energy_bids,58,2026-02-26T01:30:00,PT15M,2026-02-26T01:45Z,2026-02-26T01:30Z,-19,1,1,10Y1001C--00090V,AUCTION-aFRR,B74,10YSK-SEPS-----K,EUR,A01,A02,20260226011-AFRR_N-UNIT_106-1,MWH,MAW,A01,A06,2026-02-26T01:45Z,2026-02-26T01:30Z
balancing_energy_bids,59,2026-02-26T01:30:00,PT15M,2026-02-26T01:45Z,2026-02-26T01:30Z,189,1,6,10Y1001C--00090V,AUCTION-aFRR,B74,10YSK-SEPS-----K,EUR,A01,A01,20260226011-AFRR_P-UNIT_003-1,MWH,MAW,A01,A06,2026-02-26T01:45Z,2026-02-26T01:30Z
balancing_energy_bids,60,2026-02-26T01:30:00,PT15M,2026-02-26T01:45Z,2026-02-26T01:30Z,165,1,3,10Y1001C--00090V,AUCTION-aFRR,B74,10YSK-SEPS-----K,EUR,A01,A01,20260226011-AFRR_P-UNIT_009-1,MWH,MAW,A01,A06,2026-02-26T01:45Z,2026-02-26T01:30Z
balancing_energy_bids,61,2026-02-26T01:30:00,PT15M,2026-02-26T01:45Z,2026-02-26T01:30Z,251,1,1,10Y1001C--00090V,AUCTION-aFRR,B74,10YSK-SEPS-----K,EUR,A01,A01,20260226011-AFRR_P-UNIT_019-1,MWH,MAW,A01,A06,2026-02-26T01:45Z,2026-02-26T01:30Z
balancing_energy_bids,62,2026-02-26T01:30:00,PT15M,2026-02-26T01:45Z,2026-02-26T01:30Z,50,1,11,10Y1001C--00090V,AUCTION-aFRR,B74,10YSK-SEPS-----K,EUR,A01,A01,20260226011-AFRR_P-UNIT_028-1,MWH,MAW,A01,A06,2026-02-26T01:45Z,2026-02-26T01:30Z
balancing_energy_bids,63,2026-02-26T01:30:00,PT15M,2026-02-26T01:45Z,2026-02-26T01:30Z,90,1,2,10Y1001C--00090V,AUCTION-aFRR,B74,10YSK-SEPS-----K,EUR,A01,A01,20260226011-AFRR_P-UNIT_043-1,MWH,MAW,A01,A06,2026-02-26T01:45Z,2026-02-26T01:30Z
balancing_energy_bids,64,2026-02-26T01:30:00,PT15M,2026-02-26T01:45Z,2026-02-26T01:30Z,0,1,1,10Y1001C--00090V,AUCTION-aFRR,B74,10YSK-SEPS-----K,EUR,A01,A01,20260226011-AFRR_P-UNIT_047-1,MWH,MAW,A01,A11,2026-02-26T01:45Z,2026-02-26T01:30Z
balancing_energy_bids,65,2026-02-26T01:30:00,PT15M,2026-02-26T01:45Z,2026-02-26T01:30Z,130,1,23,10Y1001C--00090V,AUCTION-aFRR,B74,10YSK-SEPS-----K,EUR,A01,A01,20260226011-AFRR_P-UNIT_052-1,MWH,MAW,A01,A06,2026-02-26T01:45Z,2026-02-26T01:30Z
balancing_energy_bids,66,2026-02-26T01:30:00,PT15M,2026-02-26T01:45Z,2026-02-26T01:30Z,132,1,1,10Y1001C--00090V,AUCTION-aFRR,B74,10YSK-SEPS-----K,EUR,A01,A01,20260226011-AFRR_P-UNIT_058-1,MWH,MAW,A01,A11,2026-02-26T01:45Z,2026-02-26T01:30Z
balancing_energy_bids,67,2026-02-26T01:30:00,PT15M,2026-02-26T01:45Z,2026-02-26T01:30Z,90,1,9,10Y1001C--00090V,AUCTION-aFRR,B74,10YSK-SEPS-----K,EUR,A01,A01,20260226011-AFRR_P-UNIT_062-1,MWH,MAW,A01,A06,2026-02-26T01:45Z,2026-02-26T01:30Z
balancing_energy_bids,68,2026-02-26T01:30:00,PT15M,2026-02-26T01:45Z,2026-02-26T01:30Z,140,1,10,10Y1001C--00090V,AUCTION-aFRR,B74,10YSK-SEPS-----K,EUR,A01,A01,20260226011-AFRR_P-UNIT_063-1,MWH,MAW,A01,A06,2026-02-26T01:45Z,2026-02-26T01:30Z
balancing_energy_bids,69,2026-02-26T01:30:00,PT15M,2026-02-26T01:45Z,2026-02-26T01:30Z,165,1,16,10Y1001C--00090V,AUCTION-aFRR,B74,10YSK-SEPS-----K,EUR,A01,A01,20260226011-AFRR_P-UNIT_065-1,MWH,MAW,A01,A06,2026-02-26T01:45Z,2026-02-26T01:30Z
balancing_energy_bids,70,2026-02-26T01:30:00,PT15M,2026-02-26T01:45Z,2026-02-26T01:30Z,132,1,1,10Y1001C--00090V,AUCTION-aFRR,B74,10YSK-SEPS-----K,EUR,A01,A01,20260226011-AFRR_P-UNIT_068-1,MWH,MAW,A01,A11,2026-02-26T01:45Z,2026-02-26T01:30Z
balancing_energy_bids,71,2026-02-26T01:30:00,PT15M,2026-02-26T01:45Z,2026-02-26T01:30Z,100,1,15,10Y1001C--00090V,AUCTION-aFRR,B74,10YSK-SEPS-----K,EUR,A01,A01,20260226011-AFRR_P-UNIT_069-1,MWH,MAW,A01,A06,2026-02-26T01:45Z,2026-02-26T01:30Z
balancing_energy_bids,72,2026-02-26T01:30:00,PT15M,2026-02-26T01:45Z,2026-02-26T01:30Z,85,1,7,10Y1001C--00090V,AUCTION-aFRR,B74,10YSK-SEPS-----K,EUR,A01,A01,20260226011-AFRR_P-UNIT_097-1,MWH,MAW,A01,A06,2026-02-26T01:45Z,2026-02-26T01:30Z
balancing_energy_bids,73,2026-02-26T01:30:00,PT15M,2026-02-26T01:45Z,2026-02-26T01:30Z,750,1,11,10Y1001C--00090V,AUCTION-aFRR,B74,10YSK-SEPS-----K,EUR,A01,A01,20260226011-AFRR_P-UNIT_104-1,MWH,MAW,A01,A06,2026-02-26T01:45Z,2026-02-26T01:30Z
balancing_energy_bids,74,2026-02-26T01:30:00,PT15M,2026-02-26T01:45Z,2026-02-26T01:30Z,300,1,1,10Y1001C--00090V,AUCTION-aFRR,B74,10YSK-SEPS-----K,EUR,A01,A01,20260226011-AFRR_P-UNIT_106-1,MWH,MAW,A01,A11,2026-02-26T01:45Z,2026-02-26T01:30Z
balancing_energy_bids,75,2026-02-26T01:45:00,PT15M,2026-02-26T02:00Z,2026-02-26T01:45Z,-5,1,4,10Y1001C--00090V,AUCTION-aFRR,B74,10YSK-SEPS-----K,EUR,A01,A02,20260226012-AFRR_N-UNIT_003-1,MWH,MAW,A01,A06,2026-02-26T02:00Z,2026-02-26T01:45Z
balancing_energy_bids,76,2026-02-26T01:45:00,PT15M,2026-02-26T02:00Z,2026-02-26T01:45Z,-20,1,30,10Y1001C--00090V,AUCTION-aFRR,B74,10YSK-SEPS-----K,EUR,A01,A02,20260226012-AFRR_N-UNIT_013-1,MWH,MAW,A01,A06,2026-02-26T02:00Z,2026-02-26T01:45Z
balancing_energy_bids,77,2026-02-26T01:45:00,PT15M,2026-02-26T02:00Z,2026-02-26T01:45Z,-199,1,1,10Y1001C--00090V,AUCTION-aFRR,B74,10YSK-SEPS-----K,EUR,A01,A02,20260226012-AFRR_N-UNIT_019-1,MWH,MAW,A01,A11,2026-02-26T02:00Z,2026-02-26T01:45Z
balancing_energy_bids,78,2026-02-26T01:45:00,PT15M,2026-02-26T02:00Z,2026-02-26T01:45Z,-200,1,14,10Y1001C--00090V,AUCTION-aFRR,B74,10YSK-SEPS-----K,EUR,A01,A02,20260226012-AFRR_N-UNIT_028-1,MWH,MAW,A01,A06,2026-02-26T02:00Z,2026-02-26T01:45Z
balancing_energy_bids,79,2026-02-26T01:45:00,PT15M,2026-02-26T02:00Z,2026-02-26T01:45Z,10,1,7,10Y1001C--00090V,AUCTION-aFRR,B74,10YSK-SEPS-----K,EUR,A01,A02,20260226012-AFRR_N-UNIT_043-1,MWH,MAW,A01,A06,2026-02-26T02:00Z,2026-02-26T01:45Z
balancing_energy_bids,80,2026-02-26T01:45:00,PT15M,2026-02-26T02:00Z,2026-02-26T01:45Z,-30,1,10,10Y1001C--00090V,AUCTION-aFRR,B74,10YSK-SEPS-----K,EUR,A01,A02,20260226012-AFRR_N-UNIT_052-1,MWH,MAW,A01,A06,2026-02-26T02:00Z,2026-02-26T01:45Z
balancing_energy_bids,81,2026-02-26T01:45:00,PT15M,2026-02-26T02:00Z,2026-02-26T01:45Z,-5,1,1,10Y1001C--00090V,AUCTION-aFRR,B74,10YSK-SEPS-----K,EUR,A01,A02,20260226012-AFRR_N-UNIT_058-1,MWH,MAW,A01,A11,2026-02-26T02:00Z,2026-02-26T01:45Z
balancing_energy_bids,82,2026-02-26T01:45:00,PT15M,2026-02-26T02:00Z,2026-02-26T01:45Z,-29,1,15,10Y1001C--00090V,AUCTION-aFRR,B74,10YSK-SEPS-----K,EUR,A01,A02,20260226012-AFRR_N-UNIT_062-1,MWH,MAW,A01,A06,2026-02-26T02:00Z,2026-02-26T01:45Z
balancing_energy_bids,83,2026-02-26T01:45:00,PT15M,2026-02-26T02:00Z,2026-02-26T01:45Z,-5,1,1,10Y1001C--00090V,AUCTION-aFRR,B74,10YSK-SEPS-----K,EUR,A01,A02,20260226012-AFRR_N-UNIT_068-1,MWH,MAW,A01,A11,2026-02-26T02:00Z,2026-02-26T01:45Z
balancing_energy_bids,84,2026-02-26T01:45:00,PT15M,2026-02-26T02:00Z,2026-02-26T01:45Z,-150,1,15,10Y1001C--00090V,AUCTION-aFRR,B74,10YSK-SEPS-----K,EUR,A01,A02,20260226012-AFRR_N-UNIT_069-1,MWH,MAW,A01,A06,2026-02-26T02:00Z,2026-02-26T01:45Z
balancing_energy_bids,85,2026-02-26T01:45:00,PT15M,2026-02-26T02:00Z,2026-02-26T01:45Z,-186.22,1,3,10Y1001C--00090V,AUCTION-aFRR,B74,10YSK-SEPS-----K,EUR,A01,A02,20260226012-AFRR_N-UNIT_089-1,MWH,MAW,A01,A06,2026-02-26T02:00Z,2026-02-26T01:45Z
balancing_energy_bids,86,2026-02-26T01:45:00,PT15M,2026-02-26T02:00Z,2026-02-26T01:45Z,20,1,4,10Y1001C--00090V,AUCTION-aFRR,B74,10YSK-SEPS-----K,EUR,A01,A02,20260226012-AFRR_N-UNIT_104-1,MWH,MAW,A01,A06,2026-02-26T02:00Z,2026-02-26T01:45Z
balancing_energy_bids,87,2026-02-26T01:45:00,PT15M,2026-02-26T02:00Z,2026-02-26T01:45Z,-19,1,1,10Y1001C--00090V,AUCTION-aFRR,B74,10YSK-SEPS-----K,EUR,A01,A02,20260226012-AFRR_N-UNIT_106-1,MWH,MAW,A01,A06,2026-02-26T02:00Z,2026-02-26T01:45Z
balancing_energy_bids,88,2026-02-26T01:45:00,PT15M,2026-02-26T02:00Z,2026-02-26T01:45Z,189,1,6,10Y1001C--00090V,AUCTION-aFRR,B74,10YSK-SEPS-----K,EUR,A01,A01,20260226012-AFRR_P-UNIT_003-1,MWH,MAW,A01,A06,2026-02-26T02:00Z,2026-02-26T01:45Z
balancing_energy_bids,89,2026-02-26T01:45:00,PT15M,2026-02-26T02:00Z,2026-02-26T01:45Z,165,1,3,10Y1001C--00090V,AUCTION-aFRR,B74,10YSK-SEPS-----K,EUR,A01,A01,20260226012-AFRR_P-UNIT_009-1,MWH,MAW,A01,A06,2026-02-26T02:00Z,2026-02-26T01:45Z
balancing_energy_bids,90,2026-02-26T01:45:00,PT15M,2026-02-26T02:00Z,2026-02-26T01:45Z,251,1,1,10Y1001C--00090V,AUCTION-aFRR,B74,10YSK-SEPS-----K,EUR,A01,A01,20260226012-AFRR_P-UNIT_019-1,MWH,MAW,A01,A06,2026-02-26T02:00Z,2026-02-26T01:45Z
balancing_energy_bids,91,2026-02-26T01:45:00,PT15M,2026-02-26T02:00Z,2026-02-26T01:45Z,50,1,11,10Y1001C--00090V,AUCTION-aFRR,B74,10YSK-SEPS-----K,EUR,A01,A01,20260226012-AFRR_P-UNIT_028-1,MWH,MAW,A01,A06,2026-02-26T02:00Z,2026-02-26T01:45Z
balancing_energy_bids,92,2026-02-26T01:45:00,PT15M,2026-02-26T02:00Z,2026-02-26T01:45Z,90,1,2,10Y1001C--00090V,AUCTION-aFRR,B74,10YSK-SEPS-----K,EUR,A01,A01,20260226012-AFRR_P-UNIT_043-1,MWH,MAW,A01,A06,2026-02-26T02:00Z,2026-02-26T01:45Z
balancing_energy_bids,93,2026-02-26T01:45:00,PT15M,2026-02-26T02:00Z,2026-02-26T01:45Z,0,1,1,10Y1001C--00090V,AUCTION-aFRR,B74,10YSK-SEPS-----K,EUR,A01,A01,20260226012-AFRR_P-UNIT_047-1,MWH,MAW,A01,A11,2026-02-26T02:00Z,2026-02-26T01:45Z
balancing_energy_bids,94,2026-02-26T01:45:00,PT15M,2026-02-26T02:00Z,2026-02-26T01:45Z,130,1,23,10Y1001C--00090V,AUCTION-aFRR,B74,10YSK-SEPS-----K,EUR,A01,A01,20260226012-AFRR_P-UNIT_052-1,MWH,MAW,A01,A06,2026-02-26T02:00Z,2026-02-26T01:45Z
balancing_energy_bids,95,2026-02-26T01:45:00,PT15M,2026-02-26T02:00Z,2026-02-26T01:45Z,132,1,1,10Y1001C--00090V,AUCTION-aFRR,B74,10YSK-SEPS-----K,EUR,A01,A01,20260226012-AFRR_P-UNIT_058-1,MWH,MAW,A01,A11,2026-02-26T02:00Z,2026-02-26T01:45Z
balancing_energy_bids,96,2026-02-26T01:45:00,PT15M,2026-02-26T02:00Z,2026-02-26T01:45Z,90,1,9,10Y1001C--00090V,AUCTION-aFRR,B74,10YSK-SEPS-----K,EUR,A01,A01,20260226012-AFRR_P-UNIT_062-1,MWH,MAW,A01,A06,2026-02-26T02:00Z,2026-02-26T01:45Z
balancing_energy_bids,97,2026-02-26T01:45:00,PT15M,2026-02-26T02:00Z,2026-02-26T01:45Z,140,1,10,10Y1001C--00090V,AUCTION-aFRR,B74,10YSK-SEPS-----K,EUR,A01,A01,20260226012-AFRR_P-UNIT_063-1,MWH,MAW,A01,A06,2026-02-26T02:00Z,2026-02-26T01:45Z
balancing_energy_bids,98,2026-02-26T01:45:00,PT15M,2026-02-26T02:00Z,2026-02-26T01:45Z,165,1,16,10Y1001C--00090V,AUCTION-aFRR,B74,10YSK-SEPS-----K,EUR,A01,A01,20260226012-AFRR_P-UNIT_065-1,MWH,MAW,A01,A06,2026-02-26T02:00Z,2026-02-26T01:45Z
balancing_energy_bids,99,2026-02-26T01:45:00,PT15M,2026-02-26T02:00Z,2026-02-26T01:45Z,132,1,1,10Y1001C--00090V,AUCTION-aFRR,B74,10YSK-SEPS-----K,EUR,A01,A01,20260226012-AFRR_P-UNIT_068-1,MWH,MAW,A01,A11,2026-02-26T02:00Z,2026-02-26T01:45Z
balancing_energy_bids,100,2026-02-26T01:45:00,PT15M,2026-02-26T02:00Z,2026-02-26T01:45Z,100,1,15,10Y1001C--00090V,AUCTION-aFRR,B74,10YSK-SEPS-----K,EUR,A01,A01,20260226012-AFRR_P-UNIT_069-1,MWH,MAW,A01,A06,2026-02-26T02:00Z,2026-02-26T01:45Z
balancing_energy_bids,1,2026-02-26T01:45:00,PT15M,2026-02-26T02:00Z,2026-02-26T01:45Z,85,1,7,10Y1001C--00090V,AUCTION-aFRR,B74,10YSK-SEPS-----K,EUR,A01,A01,20260226012-AFRR_P-UNIT_097-1,MWH,MAW,A01,A06,2026-02-26T02:00Z,2026-02-26T01:45Z
balancing_energy_bids,2,2026-02-26T01:45:00,PT15M,2026-02-26T02:00Z,2026-02-26T01:45Z,750,1,11,10Y1001C--00090V,AUCTION-aFRR,B74,10YSK-SEPS-----K,EUR,A01,A01,20260226012-AFRR_P-UNIT_104-1,MWH,MAW,A01,A06,2026-02-26T02:00Z,2026-02-26T01:45Z
balancing_energy_bids,3,2026-02-26T01:45:00,PT15M,2026-02-26T02:00Z,2026-02-26T01:45Z,300,1,1,10Y1001C--00090V,AUCTION-aFRR,B74,10YSK-SEPS-----K,EUR,A01,A01,20260226012-AFRR_P-UNIT_106-1,MWH,MAW,A01,A11,2026-02-26T02:00Z,2026-02-26T01:45Z
balancing_energy_bids,4,2026-02-26T02:00:00,PT15M,2026-02-26T02:15Z,2026-02-26T02:00Z,-5,1,5,10Y1001C--00090V,AUCTION-aFRR,B74,10YSK-SEPS-----K,EUR,A01,A02,20260226013-AFRR_N-UNIT_003-1,MWH,MAW,A01,A06,2026-02-26T02:15Z,2026-02-26T02:00Z
balancing_energy_bids,5,2026-02-26T02:00:00,PT15M,2026-02-26T02:15Z,2026-02-26T02:00Z,-20,1,30,10Y1001C--00090V,AUCTION-aFRR,B74,10YSK-SEPS-----K,EUR,A01,A02,20260226013-AFRR_N-UNIT_013-1,MWH,MAW,A01,A06,2026-02-26T02:15Z,2026-02-26T02:00Z
balancing_energy_bids,6,2026-02-26T02:00:00,PT15M,2026-02-26T02:15Z,2026-02-26T02:00Z,-199,1,1,10Y1001C--00090V,AUCTION-aFRR,B74,10YSK-SEPS-----K,EUR,A01,A02,20260226013-AFRR_N-UNIT_019-1,MWH,MAW,A01,A11,2026-02-26T02:15Z,2026-02-26T02:00Z
balancing_energy_bids,7,2026-02-26T02:00:00,PT15M,2026-02-26T02:15Z,2026-02-26T02:00Z,-200,1,14,10Y1001C--00090V,AUCTION-aFRR,B74,10YSK-SEPS-----K,EUR,A01,A02,20260226013-AFRR_N-UNIT_028-1,MWH,MAW,A01,A06,2026-02-26T02:15Z,2026-02-26T02:00Z
balancing_energy_bids,8,2026-02-26T02:00:00,PT15M,2026-02-26T02:15Z,2026-02-26T02:00Z,10,1,7,10Y1001C--00090V,AUCTION-aFRR,B74,10YSK-SEPS-----K,EUR,A01,A02,20260226013-AFRR_N-UNIT_043-1,MWH,MAW,A01,A06,2026-02-26T02:15Z,2026-02-26T02:00Z
balancing_energy_bids,9,2026-02-26T02:00:00,PT15M,2026-02-26T02:15Z,2026-02-26T02:00Z,-30,1,10,10Y1001C--00090V,AUCTION-aFRR,B74,10YSK-SEPS-----K,EUR,A01,A02,20260226013-AFRR_N-UNIT_052-1,MWH,MAW,A01,A06,2026-02-26T02:15Z,2026-02-26T02:00Z
balancing_energy_bids,10,2026-02-26T02:00:00,PT15M,2026-02-26T02:15Z,2026-02-26T02:00Z,-5,1,1,10Y1001C--00090V,AUCTION-aFRR,B74,10YSK-SEPS-----K,EUR,A01,A02,20260226013-AFRR_N-UNIT_058-1,MWH,MAW,A01,A11,2026-02-26T02:15Z,2026-02-26T02:00Z
balancing_energy_bids,11,2026-02-26T02:00:00,PT15M,2026-02-26T02:15Z,2026-02-26T02:00Z,-29,1,15,10Y1001C--00090V,AUCTION-aFRR,B74,10YSK-SEPS-----K,EUR,A01,A02,20260226013-AFRR_N-UNIT_062-1,MWH,MAW,A01,A06,2026-02-26T02:15Z,2026-02-26T02:00Z
balancing_energy_bids,12,2026-02-26T02:00:00,PT15M,2026-02-26T02:15Z,2026-02-26T02:00Z,-5,1,1,10Y1001C--00090V,AUCTION-aFRR,B74,10YSK-SEPS-----K,EUR,A01,A02,20260226013-AFRR_N-UNIT_068-1,MWH,MAW,A01,A11,2026-02-26T02:15Z,2026-02-26T02:00Z
balancing_energy_bids,13,2026-02-26T02:00:00,PT15M,2026-02-26T02:15Z,2026-02-26T02:00Z,-150,1,15,10Y1001C--00090V,AUCTION-aFRR,B74,10YSK-SEPS-----K,EUR,A01,A02,20260226013-AFRR_N-UNIT_069-1,MWH,MAW,A01,A06,2026-02-26T02:15Z,2026-02-26T02:00Z
balancing_energy_bids,14,2026-02-26T02:00:00,PT15M,2026-02-26T02:15Z,2026-02-26T02:00Z,-185.56,1,3,10Y1001C--00090V,AUCTION-aFRR,B74,10YSK-SEPS-----K,EUR,A01,A02,20260226013-AFRR_N-UNIT_089-1,MWH,MAW,A01,A06,2026-02-26T02:15Z,2026-02-26T02:00Z
balancing_energy_bids,15,2026-02-26T02:00:00,PT15M,2026-02-26T02:15Z,2026-02-26T02:00Z,20,1,4,10Y1001C--00090V,AUCTION-aFRR,B74,10YSK-SEPS-----K,EUR,A01,A02,20260226013-AFRR_N-UNIT_104-1,MWH,MAW,A01,A06,2026-02-26T02:15Z,2026-02-26T02:00Z
balancing_energy_bids,16,2026-02-26T02:00:00,PT15M,2026-02-26T02:15Z,2026-02-26T02:00Z,-19,1,1,10Y1001C--00090V,AUCTION-aFRR,B74,10YSK-SEPS-----K,EUR,A01,A02,20260226013-AFRR_N-UNIT_106-1,MWH,MAW,A01,A06,2026-02-26T02:15Z,2026-02-26T02:00Z
balancing_energy_bids,17,2026-02-26T02:00:00,PT15M,2026-02-26T02:15Z,2026-02-26T02:00Z,189,1,5,10Y1001C--00090V,AUCTION-aFRR,B74,10YSK-SEPS-----K,EUR,A01,A01,20260226013-AFRR_P-UNIT_003-1,MWH,MAW,A01,A06,2026-02-26T02:15Z,2026-02-26T02:00Z
balancing_energy_bids,18,2026-02-26T02:00:00,PT15M,2026-02-26T02:15Z,2026-02-26T02:00Z,165,1,3,10Y1001C--00090V,AUCTION-aFRR,B74,10YSK-SEPS-----K,EUR,A01,A01,20260226013-AFRR_P-UNIT_009-1,MWH,MAW,A01,A06,2026-02-26T02:15Z,2026-02-26T02:00Z
balancing_energy_bids,19,2026-02-26T02:00:00,PT15M,2026-02-26T02:15Z,2026-02-26T02:00Z,251,1,1,10Y1001C--00090V,AUCTION-aFRR,B74,10YSK-SEPS-----K,EUR,A01,A01,20260226013-AFRR_P-UNIT_019-1,MWH,MAW,A01,A06,2026-02-26T02:15Z,2026-02-26T02:00Z
balancing_energy_bids,20,2026-02-26T02:00:00,PT15M,2026-02-26T02:15Z,2026-02-26T02:00Z,50,1,11,10Y1001C--00090V,AUCTION-aFRR,B74,10YSK-SEPS-----K,EUR,A01,A01,20260226013-AFRR_P-UNIT_028-1,MWH,MAW,A01,A06,2026-02-26T02:15Z,2026-02-26T02:00Z
balancing_energy_bids,21,2026-02-26T02:00:00,PT15M,2026-02-26T02:15Z,2026-02-26T02:00Z,90,1,2,10Y1001C--00090V,AUCTION-aFRR,B74,10YSK-SEPS-----K,EUR,A01,A01,20260226013-AFRR_P-UNIT_043-1,MWH,MAW,A01,A06,2026-02-26T02:15Z,2026-02-26T02:00Z
balancing_energy_bids,22,2026-02-26T02:00:00,PT15M,2026-02-26T02:15Z,2026-02-26T02:00Z,0,1,1,10Y1001C--00090V,AUCTION-aFRR,B74,10YSK-SEPS-----K,EUR,A01,A01,20260226013-AFRR_P-UNIT_047-1,MWH,MAW,A01,A11,2026-02-26T02:15Z,2026-02-26T02:00Z
balancing_energy_bids,23,2026-02-26T02:00:00,PT15M,2026-02-26T02:15Z,2026-02-26T02:00Z,130,1,23,10Y1001C--00090V,AUCTION-aFRR,B74,10YSK-SEPS-----K,EUR,A01,A01,20260226013-AFRR_P-UNIT_052-1,MWH,MAW,A01,A06,2026-02-26T02:15Z,2026-02-26T02:00Z
balancing_energy_bids,24,2026-02-26T02:00:00,PT15M,2026-02-26T02:15Z,2026-02-26T02:00Z,132,1,1,10Y1001C--00090V,AUCTION-aFRR,B74,10YSK-SEPS-----K,EUR,A01,A01,20260226013-AFRR_P-UNIT_058-1,MWH,MAW,A01,A11,2026-02-26T02:15Z,2026-02-26T02:00Z
balancing_energy_bids,25,2026-02-26T02:00:00,PT15M,2026-02-26T02:15Z,2026-02-26T02:00Z,90,1,9,10Y1001C--00090V,AUCTION-aFRR,B74,10YSK-SEPS-----K,EUR,A01,A01,20260226013-AFRR_P-UNIT_062-1,MWH,MAW,A01,A06,2026-02-26T02:15Z,2026-02-26T02:00Z
balancing_energy_bids,26,2026-02-26T02:00:00,PT15M,2026-02-26T02:15Z,2026-02-26T02:00Z,140,1,10,10Y1001C--00090V,AUCTION-aFRR,B74,10YSK-SEPS-----K,EUR,A01,A01,20260226013-AFRR_P-UNIT_063-1,MWH,MAW,A01,A06,2026-02-26T02:15Z,2026-02-26T02:00Z
balancing_energy_bids,27,2026-02-26T02:00:00,PT15M,2026-02-26T02:15Z,2026-02-26T02:00Z,165,1,16,10Y1001C--00090V,AUCTION-aFRR,B74,10YSK-SEPS-----K,EUR,A01,A01,20260226013-AFRR_P-UNIT_065-1,MWH,MAW,A01,A06,2026-02-26T02:15Z,2026-02-26T02:00Z
balancing_energy_bids,28,2026-02-26T02:00:00,PT15M,2026-02-26T02:15Z,2026-02-26T02:00Z,132,1,1,10Y1001C--00090V,AUCTION-aFRR,B74,10YSK-SEPS-----K,EUR,A01,A01,20260226013-AFRR_P-UNIT_068-1,MWH,MAW,A01,A11,2026-02-26T02:15Z,2026-02-26T02:00Z
balancing_energy_bids,29,2026-02-26T02:00:00,PT15M,2026-02-26T02:15Z,2026-02-26T02:00Z,100,1,15,10Y1001C--00090V,AUCTION-aFRR,B74,10YSK-SEPS-----K,EUR,A01,A01,20260226013-AFRR_P-UNIT_069-1,MWH,MAW,A01,A06,2026-02-26T02:15Z,2026-02-26T02:00Z
balancing_energy_bids,30,2026-02-26T02:00:00,PT15M,2026-02-26T02:15Z,2026-02-26T02:00Z,85,1,7,10Y1001C--00090V,AUCTION-aFRR,B74,10YSK-SEPS-----K,EUR,A01,A01,20260226013-AFRR_P-UNIT_097-1,MWH,MAW,A01,A06,2026-02-26T02:15Z,2026-02-26T02:00Z
balancing_energy_bids,31,2026-02-26T02:00:00,PT15M,2026-02-26T02:15Z,2026-02-26T02:00Z,750,1,11,10Y1001C--00090V,AUCTION-aFRR,B74,10YSK-SEPS-----K,EUR,A01,A01,20260226013-AFRR_P-UNIT_104-1,MWH,MAW,A01,A06,2026-02-26T02:15Z,2026-02-26T02:00Z
balancing_energy_bids,32,2026-02-26T02:00:00,PT15M,2026-02-26T02:15Z,2026-02-26T02:00Z,300,1,1,10Y1001C--00090V,AUCTION-aFRR,B74,10YSK-SEPS-----K,EUR,A01,A01,20260226013-AFRR_P-UNIT_106-1,MWH,MAW,A01,A11,2026-02-26T02:15Z,2026-02-26T02:00Z
balancing_energy_bids,33,2026-02-26T02:15:00,PT15M,2026-02-26T02:30Z,2026-02-26T02:15Z,-5,1,5,10Y1001C--00090V,AUCTION-aFRR,B74,10YSK-SEPS-----K,EUR,A01,A02,20260226014-AFRR_N-UNIT_003-1,MWH,MAW,A01,A06,2026-02-26T02:30Z,2026-02-26T02:15Z
balancing_energy_bids,34,2026-02-26T02:15:00,PT15M,2026-02-26T02:30Z,2026-02-26T02:15Z,-20,1,30,10Y1001C--00090V,AUCTION-aFRR,B74,10YSK-SEPS-----K,EUR,A01,A02,20260226014-AFRR_N-UNIT_013-1,MWH,MAW,A01,A06,2026-02-26T02:30Z,2026-02-26T02:15Z
balancing_energy_bids,35,2026-02-26T02:15:00,PT15M,2026-02-26T02:30Z,2026-02-26T02:15Z,-199,1,1,10Y1001C--00090V,AUCTION-aFRR,B74,10YSK-SEPS-----K,EUR,A01,A02,20260226014-AFRR_N-UNIT_019-1,MWH,MAW,A01,A11,2026-02-26T02:30Z,2026-02-26T02:15Z
balancing_energy_bids,36,2026-02-26T02:15:00,PT15M,2026-02-26T02:30Z,2026-02-26T02:15Z,-200,1,14,10Y1001C--00090V,AUCTION-aFRR,B74,10YSK-SEPS-----K,EUR,A01,A02,20260226014-AFRR_N-UNIT_028-1,MWH,MAW,A01,A06,2026-02-26T02:30Z,2026-02-26T02:15Z
balancing_energy_bids,37,2026-02-26T02:15:00,PT15M,2026-02-26T02:30Z,2026-02-26T02:15Z,10,1,7,10Y1001C--00090V,AUCTION-aFRR,B74,10YSK-SEPS-----K,EUR,A01,A02,20260226014-AFRR_N-UNIT_043-1,MWH,MAW,A01,A06,2026-02-26T02:30Z,2026-02-26T02:15Z
balancing_energy_bids,38,2026-02-26T02:15:00,PT15M,2026-02-26T02:30Z,2026-02-26T02:15Z,-30,1,10,10Y1001C--00090V,AUCTION-aFRR,B74,10YSK-SEPS-----K,EUR,A01,A02,20260226014-AFRR_N-UNIT_052-1,MWH,MAW,A01,A06,2026-02-26T02:30Z,2026-02-26T02:15Z
balancing_energy_bids,39,2026-02-26T02:15:00,PT15M,2026-02-26T02:30Z,2026-02-26T02:15Z,-5,1,1,10Y1001C--00090V,AUCTION-aFRR,B74,10YSK-SEPS-----K,EUR,A01,A02,20260226014-AFRR_N-UNIT_058-1,MWH,MAW,A01,A11,2026-02-26T02:30Z,2026-02-26T02:15Z
balancing_energy_bids,40,2026-02-26T02:15:00,PT15M,2026-02-26T02:30Z,2026-02-26T02:15Z,-29,1,15,10Y1001C--00090V,AUCTION-aFRR,B74,10YSK-SEPS-----K,EUR,A01,A02,20260226014-AFRR_N-UNIT_062-1,MWH,MAW,A01,A06,2026-02-26T02:30Z,2026-02-26T02:15Z
balancing_energy_bids,41,2026-02-26T02:15:00,PT15M,2026-02-26T02:30Z,2026-02-26T02:15Z,-5,1,1,10Y1001C--00090V,AUCTION-aFRR,B74,10YSK-SEPS-----K,EUR,A01,A02,20260226014-AFRR_N-UNIT_068-1,MWH,MAW,A01,A11,2026-02-26T02:30Z,2026-02-26T02:15Z
balancing_energy_bids,42,2026-02-26T02:15:00,PT15M,2026-02-26T02:30Z,2026-02-26T02:15Z,-150,1,15,10Y1001C--00090V,AUCTION-aFRR,B74,10YSK-SEPS-----K,EUR,A01,A02,20260226014-AFRR_N-UNIT_069-1,MWH,MAW,A01,A06,2026-02-26T02:30Z,2026-02-26T02:15Z
balancing_energy_bids,43,2026-02-26T02:15:00,PT15M,2026-02-26T02:30Z,2026-02-26T02:15Z,-185.61,1,3,10Y1001C--00090V,AUCTION-aFRR,B74,10YSK-SEPS-----K,EUR,A01,A02,20260226014-AFRR_N-UNIT_089-1,MWH,MAW,A01,A06,2026-02-26T02:30Z,2026-02-26T02:15Z
balancing_energy_bids,44,2026-02-26T02:15:00,PT15M,2026-02-26T02:30Z,2026-02-26T02:15Z,20,1,4,10Y1001C--00090V,AUCTION-aFRR,B74,10YSK-SEPS-----K,EUR,A01,A02,20260226014-AFRR_N-UNIT_104-1,MWH,MAW,A01,A06,2026-02-26T02:30Z,2026-02-26T02:15Z
balancing_energy_bids,45,2026-02-26T02:15:00,PT15M,2026-02-26T02:30Z,2026-02-26T02:15Z,-19,1,1,10Y1001C--00090V,AUCTION-aFRR,B74,10YSK-SEPS-----K,EUR,A01,A02,20260226014-AFRR_N-UNIT_106-1,MWH,MAW,A01,A06,2026-02-26T02:30Z,2026-02-26T02:15Z
balancing_energy_bids,46,2026-02-26T02:15:00,PT15M,2026-02-26T02:30Z,2026-02-26T02:15Z,189,1,5,10Y1001C--00090V,AUCTION-aFRR,B74,10YSK-SEPS-----K,EUR,A01,A01,20260226014-AFRR_P-UNIT_003-1,MWH,MAW,A01,A06,2026-02-26T02:30Z,2026-02-26T02:15Z
balancing_energy_bids,47,2026-02-26T02:15:00,PT15M,2026-02-26T02:30Z,2026-02-26T02:15Z,165,1,3,10Y1001C--00090V,AUCTION-aFRR,B74,10YSK-SEPS-----K,EUR,A01,A01,20260226014-AFRR_P-UNIT_009-1,MWH,MAW,A01,A06,2026-02-26T02:30Z,2026-02-26T02:15Z
balancing_energy_bids,48,2026-02-26T02:15:00,PT15M,2026-02-26T02:30Z,2026-02-26T02:15Z,251,1,1,10Y1001C--00090V,AUCTION-aFRR,B74,10YSK-SEPS-----K,EUR,A01,A01,20260226014-AFRR_P-UNIT_019-1,MWH,MAW,A01,A06,2026-02-26T02:30Z,2026-02-26T02:15Z
balancing_energy_bids,49,2026-02-26T02:15:00,PT15M,2026-02-26T02:30Z,2026-02-26T02:15Z,50,1,11,10Y1001C--00090V,AUCTION-aFRR,B74,10YSK-SEPS-----K,EUR,A01,A01,20260226014-AFRR_P-UNIT_028-1,MWH,MAW,A01,A06,2026-02-26T02:30Z,2026-02-26T02:15Z
balancing_energy_bids,50,2026-02-26T02:15:00,PT15M,2026-02-26T02:30Z,2026-02-26T02:15Z,90,1,2,10Y1001C--00090V,AUCTION-aFRR,B74,10YSK-SEPS-----K,EUR,A01,A01,20260226014-AFRR_P-UNIT_043-1,MWH,MAW,A01,A06,2026-02-26T02:30Z,2026-02-26T02:15Z
balancing_energy_bids,51,2026-02-26T02:15:00,PT15M,2026-02-26T02:30Z,2026-02-26T02:15Z,0,1,1,10Y1001C--00090V,AUCTION-aFRR,B74,10YSK-SEPS-----K,EUR,A01,A01,20260226014-AFRR_P-UNIT_047-1,MWH,MAW,A01,A11,2026-02-26T02:30Z,2026-02-26T02:15Z
balancing_energy_bids,52,2026-02-26T02:15:00,PT15M,2026-02-26T02:30Z,2026-02-26T02:15Z,130,1,23,10Y1001C--00090V,AUCTION-aFRR,B74,10YSK-SEPS-----K,EUR,A01,A01,20260226014-AFRR_P-UNIT_052-1,MWH,MAW,A01,A06,2026-02-26T02:30Z,2026-02-26T02:15Z
balancing_energy_bids,53,2026-02-26T02:15:00,PT15M,2026-02-26T02:30Z,2026-02-26T02:15Z,132,1,1,10Y1001C--00090V,AUCTION-aFRR,B74,10YSK-SEPS-----K,EUR,A01,A01,20260226014-AFRR_P-UNIT_058-1,MWH,MAW,A01,A11,2026-02-26T02:30Z,2026-02-26T02:15Z
balancing_energy_bids,54,2026-02-26T02:15:00,PT15M,2026-02-26T02:30Z,2026-02-26T02:15Z,90,1,9,10Y1001C--00090V,AUCTION-aFRR,B74,10YSK-SEPS-----K,EUR,A01,A01,20260226014-AFRR_P-UNIT_062-1,MWH,MAW,A01,A06,2026-02-26T02:30Z,2026-02-26T02:15Z
balancing_energy_bids,55,2026-02-26T02:15:00,PT15M,2026-02-26T02:30Z,2026-02-26T02:15Z,140,1,10,10Y1001C--00090V,AUCTION-aFRR,B74,10YSK-SEPS-----K,EUR,A01,A01,20260226014-AFRR_P-UNIT_063-1,MWH,MAW,A01,A06,2026-02-26T02:30Z,2026-02-26T02:15Z
balancing_energy_bids,56,2026-02-26T02:15:00,PT15M,2026-02-26T02:30Z,2026-02-26T02:15Z,165,1,16,10Y1001C--00090V,AUCTION-aFRR,B74,10YSK-SEPS-----K,EUR,A01,A01,20260226014-AFRR_P-UNIT_065-1,MWH,MAW,A01,A06,2026-02-26T02:30Z,2026-02-26T02:15Z
balancing_energy_bids,57,2026-02-26T02:15:00,PT15M,2026-02-26T02:30Z,2026-02-26T02:15Z,132,1,1,10Y1001C--00090V,AUCTION-aFRR,B74,10YSK-SEPS-----K,EUR,A01,A01,20260226014-AFRR_P-UNIT_068-1,MWH,MAW,A01,A11,2026-02-26T02:30Z,2026-02-26T02:15Z
balancing_energy_bids,58,2026-02-26T02:15:00,PT15M,2026-02-26T02:30Z,2026-02-26T02:15Z,100,1,15,10Y1001C--00090V,AUCTION-aFRR,B74,10YSK-SEPS-----K,EUR,A01,A01,20260226014-AFRR_P-UNIT_069-1,MWH,MAW,A01,A06,2026-02-26T02:30Z,2026-02-26T02:15Z
balancing_energy_bids,59,2026-02-26T02:15:00,PT15M,2026-02-26T02:30Z,2026-02-26T02:15Z,85,1,7,10Y1001C--00090V,AUCTION-aFRR,B74,10YSK-SEPS-----K,EUR,A01,A01,20260226014-AFRR_P-UNIT_097-1,MWH,MAW,A01,A06,2026-02-26T02:30Z,2026-02-26T02:15Z
balancing_energy_bids,60,2026-02-26T02:15:00,PT15M,2026-02-26T02:30Z,2026-02-26T02:15Z,750,1,11,10Y1001C--00090V,AUCTION-aFRR,B74,10YSK-SEPS-----K,EUR,A01,A01,20260226014-AFRR_P-UNIT_104-1,MWH,MAW,A01,A06,2026-02-26T02:30Z,2026-02-26T02:15Z
balancing_energy_bids,61,2026-02-26T02:15:00,PT15M,2026-02-26T02:30Z,2026-02-26T02:15Z,300,1,1,10Y1001C--00090V,AUCTION-aFRR,B74,10YSK-SEPS-----K,EUR,A01,A01,20260226014-AFRR_P-UNIT_106-1,MWH,MAW,A01,A11,2026-02-26T02:30Z,2026-02-26T02:15Z
balancing_energy_bids,62,2026-02-26T02:30:00,PT15M,2026-02-26T02:45Z,2026-02-26T02:30Z,-200,1,14,10Y1001C--00090V,AUCTION-aFRR,B74,10YSK-SEPS-----K,EUR,A01,A02,20260226015-AFRR_N-UNIT_028-1,MWH,MAW,A01,A06,2026-02-26T02:45Z,2026-02-26T02:30Z
balancing_energy_bids,63,2026-02-26T02:30:00,PT15M,2026-02-26T02:45Z,2026-02-26T02:30Z,165,1,3,10Y1001C--00090V,AUCTION-aFRR,B74,10YSK-SEPS-----K,EUR,A01,A01,20260226015-AFRR_P-UNIT_009-1,MWH,MAW,A01,A06,2026-02-26T02:45Z,2026-02-26T02:30Z
balancing_energy_bids,64,2026-02-26T02:30:00,PT15M,2026-02-26T02:45Z,2026-02-26T02:30Z,50,1,11,10Y1001C--00090V,AUCTION-aFRR,B74,10YSK-SEPS-----K,EUR,A01,A01,20260226015-AFRR_P-UNIT_028-1,MWH,MAW,A01,A06,2026-02-26T02:45Z,2026-02-26T02:30Z
balancing_energy_bids,65,2026-02-26T02:30:00,PT15M,2026-02-26T02:45Z,2026-02-26T02:30Z,0,1,1,10Y1001C--00090V,AUCTION-aFRR,B74,10YSK-SEPS-----K,EUR,A01,A01,20260226015-AFRR_P-UNIT_047-1,MWH,MAW,A01,A11,2026-02-26T02:45Z,2026-02-26T02:30Z
balancing_energy_bids,66,2026-02-26T02:30:00,PT15M,2026-02-26T02:45Z,2026-02-26T02:30Z,-199,1,1,10Y1001C--00090V,AUCTION-aFRR,B74,10YSK-SEPS-----K,EUR,A01,A02,20260226015-AFRR_N-UNIT_019-1,MWH,MAW,A01,A11,2026-02-26T02:45Z,2026-02-26T02:30Z
balancing_energy_bids,67,2026-02-26T02:30:00,PT15M,2026-02-26T02:45Z,2026-02-26T02:30Z,-19,1,1,10Y1001C--00090V,AUCTION-aFRR,B74,10YSK-SEPS-----K,EUR,A01,A02,20260226015-AFRR_N-UNIT_106-1,MWH,MAW,A01,A06,2026-02-26T02:45Z,2026-02-26T02:30Z
balancing_energy_bids,68,2026-02-26T02:30:00,PT15M,2026-02-26T02:45Z,2026-02-26T02:30Z,251,1,1,10Y1001C--00090V,AUCTION-aFRR,B74,10YSK-SEPS-----K,EUR,A01,A01,20260226015-AFRR_P-UNIT_019-1,MWH,MAW,A01,A06,2026-02-26T02:45Z,2026-02-26T02:30Z
balancing_energy_bids,69,2026-02-26T02:30:00,PT15M,2026-02-26T02:45Z,2026-02-26T02:30Z,300,1,1,10Y1001C--00090V,AUCTION-aFRR,B74,10YSK-SEPS-----K,EUR,A01,A01,20260226015-AFRR_P-UNIT_106-1,MWH,MAW,A01,A11,2026-02-26T02:45Z,2026-02-26T02:30Z
balancing_energy_bids,70,2026-02-26T02:30:00,PT15M,2026-02-26T02:45Z,2026-02-26T02:30Z,-20,1,30,10Y1001C--00090V,AUCTION-aFRR,B74,10YSK-SEPS-----K,EUR,A01,A02,20260226015-AFRR_N-UNIT_013-1,MWH,MAW,A01,A06,2026-02-26T02:45Z,2026-02-26T02:30Z
balancing_energy_bids,71,2026-02-26T02:30:00,PT15M,2026-02-26T02:45Z,2026-02-26T02:30Z,10,1,7,10Y1001C--00090V,AUCTION-aFRR,B74,10YSK-SEPS-----K,EUR,A01,A02,20260226015-AFRR_N-UNIT_043-1,MWH,MAW,A01,A06,2026-02-26T02:45Z,2026-02-26T02:30Z
balancing_energy_bids,72,2026-02-26T02:30:00,PT15M,2026-02-26T02:45Z,2026-02-26T02:30Z,-29,1,15,10Y1001C--00090V,AUCTION-aFRR,B74,10YSK-SEPS-----K,EUR,A01,A02,20260226015-AFRR_N-UNIT_062-1,MWH,MAW,A01,A06,2026-02-26T02:45Z,2026-02-26T02:30Z
balancing_energy_bids,73,2026-02-26T02:30:00,PT15M,2026-02-26T02:45Z,2026-02-26T02:30Z,-184.29,1,3,10Y1001C--00090V,AUCTION-aFRR,B74,10YSK-SEPS-----K,EUR,A01,A02,20260226015-AFRR_N-UNIT_089-1,MWH,MAW,A01,A06,2026-02-26T02:45Z,2026-02-26T02:30Z
balancing_energy_bids,74,2026-02-26T02:30:00,PT15M,2026-02-26T02:45Z,2026-02-26T02:30Z,96,1,2,10Y1001C--00090V,AUCTION-aFRR,B74,10YSK-SEPS-----K,EUR,A01,A01,20260226015-AFRR_P-UNIT_043-1,MWH,MAW,A01,A06,2026-02-26T02:45Z,2026-02-26T02:30Z
balancing_energy_bids,75,2026-02-26T02:30:00,PT15M,2026-02-26T02:45Z,2026-02-26T02:30Z,96,1,9,10Y1001C--00090V,AUCTION-aFRR,B74,10YSK-SEPS-----K,EUR,A01,A01,20260226015-AFRR_P-UNIT_062-1,MWH,MAW,A01,A06,2026-02-26T02:45Z,2026-02-26T02:30Z
balancing_energy_bids,76,2026-02-26T02:30:00,PT15M,2026-02-26T02:45Z,2026-02-26T02:30Z,-5,1,1,10Y1001C--00090V,AUCTION-aFRR,B74,10YSK-SEPS-----K,EUR,A01,A02,20260226015-AFRR_N-UNIT_058-1,MWH,MAW,A01,A11,2026-02-26T02:45Z,2026-02-26T02:30Z
balancing_energy_bids,77,2026-02-26T02:30:00,PT15M,2026-02-26T02:45Z,2026-02-26T02:30Z,132,1,1,10Y1001C--00090V,AUCTION-aFRR,B74,10YSK-SEPS-----K,EUR,A01,A01,20260226015-AFRR_P-UNIT_058-1,MWH,MAW,A01,A11,2026-02-26T02:45Z,2026-02-26T02:30Z
balancing_energy_bids,78,2026-02-26T02:30:00,PT15M,2026-02-26T02:45Z,2026-02-26T02:30Z,85,1,7,10Y1001C--00090V,AUCTION-aFRR,B74,10YSK-SEPS-----K,EUR,A01,A01,20260226015-AFRR_P-UNIT_097-1,MWH,MAW,A01,A06,2026-02-26T02:45Z,2026-02-26T02:30Z
balancing_energy_bids,79,2026-02-26T02:30:00,PT15M,2026-02-26T02:45Z,2026-02-26T02:30Z,20,1,4,10Y1001C--00090V,AUCTION-aFRR,B74,10YSK-SEPS-----K,EUR,A01,A02,20260226015-AFRR_N-UNIT_104-1,MWH,MAW,A01,A06,2026-02-26T02:45Z,2026-02-26T02:30Z
balancing_energy_bids,80,2026-02-26T02:30:00,PT15M,2026-02-26T02:45Z,2026-02-26T02:30Z,750,1,11,10Y1001C--00090V,AUCTION-aFRR,B74,10YSK-SEPS-----K,EUR,A01,A01,20260226015-AFRR_P-UNIT_104-1,MWH,MAW,A01,A06,2026-02-26T02:45Z,2026-02-26T02:30Z
balancing_energy_bids,81,2026-02-26T02:30:00,PT15M,2026-02-26T02:45Z,2026-02-26T02:30Z,-30,1,10,10Y1001C--00090V,AUCTION-aFRR,B74,10YSK-SEPS-----K,EUR,A01,A02,20260226015-AFRR_N-UNIT_052-1,MWH,MAW,A01,A06,2026-02-26T02:45Z,2026-02-26T02:30Z
balancing_energy_bids,82,2026-02-26T02:30:00,PT15M,2026-02-26T02:45Z,2026-02-26T02:30Z,130,1,23,10Y1001C--00090V,AUCTION-aFRR,B74,10YSK-SEPS-----K,EUR,A01,A01,20260226015-AFRR_P-UNIT_052-1,MWH,MAW,A01,A06,2026-02-26T02:45Z,2026-02-26T02:30Z
balancing_energy_bids,83,2026-02-26T02:30:00,PT15M,2026-02-26T02:45Z,2026-02-26T02:30Z,165,1,16,10Y1001C--00090V,AUCTION-aFRR,B74,10YSK-SEPS-----K,EUR,A01,A01,20260226015-AFRR_P-UNIT_065-1,MWH,MAW,A01,A06,2026-02-26T02:45Z,2026-02-26T02:30Z
balancing_energy_bids,84,2026-02-26T02:30:00,PT15M,2026-02-26T02:45Z,2026-02-26T02:30Z,-5,1,5,10Y1001C--00090V,AUCTION-aFRR,B74,10YSK-SEPS-----K,EUR,A01,A02,20260226015-AFRR_N-UNIT_003-1,MWH,MAW,A01,A06,2026-02-26T02:45Z,2026-02-26T02:30Z
balancing_energy_bids,85,2026-02-26T02:30:00,PT15M,2026-02-26T02:45Z,2026-02-26T02:30Z,-150,1,15,10Y1001C--00090V,AUCTION-aFRR,B74,10YSK-SEPS-----K,EUR,A01,A02,20260226015-AFRR_N-UNIT_069-1,MWH,MAW,A01,A06,2026-02-26T02:45Z,2026-02-26T02:30Z
balancing_energy_bids,86,2026-02-26T02:30:00,PT15M,2026-02-26T02:45Z,2026-02-26T02:30Z,189,1,5,10Y1001C--00090V,AUCTION-aFRR,B74,10YSK-SEPS-----K,EUR,A01,A01,20260226015-AFRR_P-UNIT_003-1,MWH,MAW,A01,A06,2026-02-26T02:45Z,2026-02-26T02:30Z
balancing_energy_bids,87,2026-02-26T02:30:00,PT15M,2026-02-26T02:45Z,2026-02-26T02:30Z,140,1,10,10Y1001C--00090V,AUCTION-aFRR,B74,10YSK-SEPS-----K,EUR,A01,A01,20260226015-AFRR_P-UNIT_063-1,MWH,MAW,A01,A06,2026-02-26T02:45Z,2026-02-26T02:30Z
balancing_energy_bids,88,2026-02-26T02:30:00,PT15M,2026-02-26T02:45Z,2026-02-26T02:30Z,100,1,15,10Y1001C--00090V,AUCTION-aFRR,B74,10YSK-SEPS-----K,EUR,A01,A01,20260226015-AFRR_P-UNIT_069-1,MWH,MAW,A01,A06,2026-02-26T02:45Z,2026-02-26T02:30Z
balancing_energy_bids,89,2026-02-26T02:30:00,PT15M,2026-02-26T02:45Z,2026-02-26T02:30Z,-5,1,1,10Y1001C--00090V,AUCTION-aFRR,B74,10YSK-SEPS-----K,EUR,A01,A02,20260226015-AFRR_N-UNIT_068-1,MWH,MAW,A01,A11,2026-02-26T02:45Z,2026-02-26T02:30Z
balancing_energy_bids,90,2026-02-26T02:30:00,PT15M,2026-02-26T02:45Z,2026-02-26T02:30Z,132,1,1,10Y1001C--00090V,AUCTION-aFRR,B74,10YSK-SEPS-----K,EUR,A01,A01,20260226015-AFRR_P-UNIT_068-1,MWH,MAW,A01,A11,2026-02-26T02:45Z,2026-02-26T02:30Z
balancing_energy_bids,91,2026-02-26T02:45:00,PT15M,2026-02-26T03:00Z,2026-02-26T02:45Z,-5,1,5,10Y1001C--00090V,AUCTION-aFRR,B74,10YSK-SEPS-----K,EUR,A01,A02,20260226016-AFRR_N-UNIT_003-1,MWH,MAW,A01,A06,2026-02-26T03:00Z,2026-02-26T02:45Z
balancing_energy_bids,92,2026-02-26T02:45:00,PT15M,2026-02-26T03:00Z,2026-02-26T02:45Z,-20,1,30,10Y1001C--00090V,AUCTION-aFRR,B74,10YSK-SEPS-----K,EUR,A01,A02,20260226016-AFRR_N-UNIT_013-1,MWH,MAW,A01,A06,2026-02-26T03:00Z,2026-02-26T02:45Z
balancing_energy_bids,93,2026-02-26T02:45:00,PT15M,2026-02-26T03:00Z,2026-02-26T02:45Z,-199,1,1,10Y1001C--00090V,AUCTION-aFRR,B74,10YSK-SEPS-----K,EUR,A01,A02,20260226016-AFRR_N-UNIT_019-1,MWH,MAW,A01,A11,2026-02-26T03:00Z,2026-02-26T02:45Z
balancing_energy_bids,94,2026-02-26T02:45:00,PT15M,2026-02-26T03:00Z,2026-02-26T02:45Z,-200,1,14,10Y1001C--00090V,AUCTION-aFRR,B74,10YSK-SEPS-----K,EUR,A01,A02,20260226016-AFRR_N-UNIT_028-1,MWH,MAW,A01,A06,2026-02-26T03:00Z,2026-02-26T02:45Z
balancing_energy_bids,95,2026-02-26T02:45:00,PT15M,2026-02-26T03:00Z,2026-02-26T02:45Z,10,1,7,10Y1001C--00090V,AUCTION-aFRR,B74,10YSK-SEPS-----K,EUR,A01,A02,20260226016-AFRR_N-UNIT_043-1,MWH,MAW,A01,A06,2026-02-26T03:00Z,2026-02-26T02:45Z
balancing_energy_bids,96,2026-02-26T02:45:00,PT15M,2026-02-26T03:00Z,2026-02-26T02:45Z,-30,1,10,10Y1001C--00090V,AUCTION-aFRR,B74,10YSK-SEPS-----K,EUR,A01,A02,20260226016-AFRR_N-UNIT_052-1,MWH,MAW,A01,A06,2026-02-26T03:00Z,2026-02-26T02:45Z
balancing_energy_bids,97,2026-02-26T02:45:00,PT15M,2026-02-26T03:00Z,2026-02-26T02:45Z,-5,1,1,10Y1001C--00090V,AUCTION-aFRR,B74,10YSK-SEPS-----K,EUR,A01,A02,20260226016-AFRR_N-UNIT_058-1,MWH,MAW,A01,A11,2026-02-26T03:00Z,2026-02-26T02:45Z
balancing_energy_bids,98,2026-02-26T02:45:00,PT15M,2026-02-26T03:00Z,2026-02-26T02:45Z,-29,1,15,10Y1001C--00090V,AUCTION-aFRR,B74,10YSK-SEPS-----K,EUR,A01,A02,20260226016-AFRR_N-UNIT_062-1,MWH,MAW,A01,A06,2026-02-26T03:00Z,2026-02-26T02:45Z
balancing_energy_bids,99,2026-02-26T02:45:00,PT15M,2026-02-26T03:00Z,2026-02-26T02:45Z,-5,1,1,10Y1001C--00090V,AUCTION-aFRR,B74,10YSK-SEPS-----K,EUR,A01,A02,20260226016-AFRR_N-UNIT_068-1,MWH,MAW,A01,A11,2026-02-26T03:00Z,2026-02-26T02:45Z
balancing_energy_bids,100,2026-02-26T02:45:00,PT15M,2026-02-26T03:00Z,2026-02-26T02:45Z,-150,1,15,10Y1001C--00090V,AUCTION-aFRR,B74,10YSK-SEPS-----K,EUR,A01,A02,20260226016-AFRR_N-UNIT_069-1,MWH,MAW,A01,A06,2026-02-26T03:00Z,2026-02-26T02:45Z
balancing_energy_bids,1,2026-02-26T02:45:00,PT15M,2026-02-26T03:00Z,2026-02-26T02:45Z,-192.87,1,3,10Y1001C--00090V,AUCTION-aFRR,B74,10YSK-SEPS-----K,EUR,A01,A02,20260226016-AFRR_N-UNIT_089-1,MWH,MAW,A01,A06,2026-02-26T03:00Z,2026-02-26T02:45Z
balancing_energy_bids,2,2026-02-26T02:45:00,PT15M,2026-02-26T03:00Z,2026-02-26T02:45Z,20,1,4,10Y1001C--00090V,AUCTION-aFRR,B74,10YSK-SEPS-----K,EUR,A01,A02,20260226016-AFRR_N-UNIT_104-1,MWH,MAW,A01,A06,2026-02-26T03:00Z,2026-02-26T02:45Z
balancing_energy_bids,3,2026-02-26T02:45:00,PT15M,2026-02-26T03:00Z,2026-02-26T02:45Z,-19,1,1,10Y1001C--00090V,AUCTION-aFRR,B74,10YSK-SEPS-----K,EUR,A01,A02,20260226016-AFRR_N-UNIT_106-1,MWH,MAW,A01,A06,2026-02-26T03:00Z,2026-02-26T02:45Z
balancing_energy_bids,4,2026-02-26T02:45:00,PT15M,2026-02-26T03:00Z,2026-02-26T02:45Z,189,1,5,10Y1001C--00090V,AUCTION-aFRR,B74,10YSK-SEPS-----K,EUR,A01,A01,20260226016-AFRR_P-UNIT_003-1,MWH,MAW,A01,A06,2026-02-26T03:00Z,2026-02-26T02:45Z
balancing_energy_bids,5,2026-02-26T02:45:00,PT15M,2026-02-26T03:00Z,2026-02-26T02:45Z,165,1,3,10Y1001C--00090V,AUCTION-aFRR,B74,10YSK-SEPS-----K,EUR,A01,A01,20260226016-AFRR_P-UNIT_009-1,MWH,MAW,A01,A06,2026-02-26T03:00Z,2026-02-26T02:45Z
balancing_energy_bids,6,2026-02-26T02:45:00,PT15M,2026-02-26T03:00Z,2026-02-26T02:45Z,251,1,1,10Y1001C--00090V,AUCTION-aFRR,B74,10YSK-SEPS-----K,EUR,A01,A01,20260226016-AFRR_P-UNIT_019-1,MWH,MAW,A01,A06,2026-02-26T03:00Z,2026-02-26T02:45Z
balancing_energy_bids,7,2026-02-26T02:45:00,PT15M,2026-02-26T03:00Z,2026-02-26T02:45Z,50,1,11,10Y1001C--00090V,AUCTION-aFRR,B74,10YSK-SEPS-----K,EUR,A01,A01,20260226016-AFRR_P-UNIT_028-1,MWH,MAW,A01,A06,2026-02-26T03:00Z,2026-02-26T02:45Z
balancing_energy_bids,8,2026-02-26T02:45:00,PT15M,2026-02-26T03:00Z,2026-02-26T02:45Z,90,1,2,10Y1001C--00090V,AUCTION-aFRR,B74,10YSK-SEPS-----K,EUR,A01,A01,20260226016-AFRR_P-UNIT_043-1,MWH,MAW,A01,A06,2026-02-26T03:00Z,2026-02-26T02:45Z
balancing_energy_bids,9,2026-02-26T02:45:00,PT15M,2026-02-26T03:00Z,2026-02-26T02:45Z,0,1,1,10Y1001C--00090V,AUCTION-aFRR,B74,10YSK-SEPS-----K,EUR,A01,A01,20260226016-AFRR_P-UNIT_047-1,MWH,MAW,A01,A11,2026-02-26T03:00Z,2026-02-26T02:45Z
balancing_energy_bids,10,2026-02-26T02:45:00,PT15M,2026-02-26T03:00Z,2026-02-26T02:45Z,130,1,23,10Y1001C--00090V,AUCTION-aFRR,B74,10YSK-SEPS-----K,EUR,A01,A01,20260226016-AFRR_P-UNIT_052-1,MWH,MAW,A01,A06,2026-02-26T03:00Z,2026-02-26T02:45Z
balancing_energy_bids,11,2026-02-26T02:45:00,PT15M,2026-02-26T03:00Z,2026-02-26T02:45Z,132,1,1,10Y1001C--00090V,AUCTION-aFRR,B74,10YSK-SEPS-----K,EUR,A01,A01,20260226016-AFRR_P-UNIT_058-1,MWH,MAW,A01,A11,2026-02-26T03:00Z,2026-02-26T02:45Z
balancing_energy_bids,12,2026-02-26T02:45:00,PT15M,2026-02-26T03:00Z,2026-02-26T02:45Z,90,1,9,10Y1001C--00090V,AUCTION-aFRR,B74,10YSK-SEPS-----K,EUR,A01,A01,20260226016-AFRR_P-UNIT_062-1,MWH,MAW,A01,A06,2026-02-26T03:00Z,2026-02-26T02:45Z
balancing_energy_bids,13,2026-02-26T02:45:00,PT15M,2026-02-26T03:00Z,2026-02-26T02:45Z,140,1,10,10Y1001C--00090V,AUCTION-aFRR,B74,10YSK-SEPS-----K,EUR,A01,A01,20260226016-AFRR_P-UNIT_063-1,MWH,MAW,A01,A06,2026-02-26T03:00Z,2026-02-26T02:45Z
balancing_energy_bids,14,2026-02-26T02:45:00,PT15M,2026-02-26T03:00Z,2026-02-26T02:45Z,165,1,16,10Y1001C--00090V,AUCTION-aFRR,B74,10YSK-SEPS-----K,EUR,A01,A01,20260226016-AFRR_P-UNIT_065-1,MWH,MAW,A01,A06,2026-02-26T03:00Z,2026-02-26T02:45Z
balancing_energy_bids,15,2026-02-26T02:45:00,PT15M,2026-02-26T03:00Z,2026-02-26T02:45Z,132,1,1,10Y1001C--00090V,AUCTION-aFRR,B74,10YSK-SEPS-----K,EUR,A01,A01,20260226016-AFRR_P-UNIT_068-1,MWH,MAW,A01,A11,2026-02-26T03:00Z,2026-02-26T02:45Z
balancing_energy_bids,16,2026-02-26T02:45:00,PT15M,2026-02-26T03:00Z,2026-02-26T02:45Z,100,1,15,10Y1001C--00090V,AUCTION-aFRR,B74,10YSK-SEPS-----K,EUR,A01,A01,20260226016-AFRR_P-UNIT_069-1,MWH,MAW,A01,A06,2026-02-26T03:00Z,2026-02-26T02:45Z
balancing_energy_bids,17,2026-02-26T02:45:00,PT15M,2026-02-26T03:00Z,2026-02-26T02:45Z,85,1,7,10Y1001C--00090V,AUCTION-aFRR,B74,10YSK-SEPS-----K,EUR,A01,A01,20260226016-AFRR_P-UNIT_097-1,MWH,MAW,A01,A06,2026-02-26T03:00Z,2026-02-26T02:45Z
balancing_energy_bids,18,2026-02-26T02:45:00,PT15M,2026-02-26T03:00Z,2026-02-26T02:45Z,750,1,11,10Y1001C--00090V,AUCTION-aFRR,B74,10YSK-SEPS-----K,EUR,A01,A01,20260226016-AFRR_P-UNIT_104-1,MWH,MAW,A01,A06,2026-02-26T03:00Z,2026-02-26T02:45Z
balancing_energy_bids,19,2026-02-26T02:45:00,PT15M,2026-02-26T03:00Z,2026-02-26T02:45Z,300,1,1,10Y1001C--00090V,AUCTION-aFRR,B74,10YSK-SEPS-----K,EUR,A01,A01,20260226016-AFRR_P-UNIT_106-1,MWH,MAW,A01,A11,2026-02-26T03:00Z,2026-02-26T02:45Z
balancing_energy_bids,20,2026-02-26T03:00:00,PT15M,2026-02-26T03:15Z,2026-02-26T03:00Z,-5,1,7,10Y1001C--00090V,AUCTION-aFRR,B74,10YSK-SEPS-----K,EUR,A01,A02,20260226017-AFRR_N-UNIT_003-1,MWH,MAW,A01,A06,2026-02-26T03:15Z,2026-02-26T03:00Z
balancing_energy_bids,21,2026-02-26T03:00:00,PT15M,2026-02-26T03:15Z,2026-02-26T03:00Z,-20,1,30,10Y1001C--00090V,AUCTION-aFRR,B74,10YSK-SEPS-----K,EUR,A01,A02,20260226017-AFRR_N-UNIT_013-1,MWH,MAW,A01,A06,2026-02-26T03:15Z,2026-02-26T03:00Z
balancing_energy_bids,22,2026-02-26T03:00:00,PT15M,2026-02-26T03:15Z,2026-02-26T03:00Z,-199,1,1,10Y1001C--00090V,AUCTION-aFRR,B74,10YSK-SEPS-----K,EUR,A01,A02,20260226017-AFRR_N-UNIT_019-1,MWH,MAW,A01,A11,2026-02-26T03:15Z,2026-02-26T03:00Z
balancing_energy_bids,23,2026-02-26T03:00:00,PT15M,2026-02-26T03:15Z,2026-02-26T03:00Z,-200,1,14,10Y1001C--00090V,AUCTION-aFRR,B74,10YSK-SEPS-----K,EUR,A01,A02,20260226017-AFRR_N-UNIT_028-1,MWH,MAW,A01,A06,2026-02-26T03:15Z,2026-02-26T03:00Z
balancing_energy_bids,24,2026-02-26T03:00:00,PT15M,2026-02-26T03:15Z,2026-02-26T03:00Z,10,1,7,10Y1001C--00090V,AUCTION-aFRR,B74,10YSK-SEPS-----K,EUR,A01,A02,20260226017-AFRR_N-UNIT_043-1,MWH,MAW,A01,A06,2026-02-26T03:15Z,2026-02-26T03:00Z
balancing_energy_bids,25,2026-02-26T03:00:00,PT15M,2026-02-26T03:15Z,2026-02-26T03:00Z,-30,1,10,10Y1001C--00090V,AUCTION-aFRR,B74,10YSK-SEPS-----K,EUR,A01,A02,20260226017-AFRR_N-UNIT_052-1,MWH,MAW,A01,A06,2026-02-26T03:15Z,2026-02-26T03:00Z
balancing_energy_bids,26,2026-02-26T03:00:00,PT15M,2026-02-26T03:15Z,2026-02-26T03:00Z,-5,1,1,10Y1001C--00090V,AUCTION-aFRR,B74,10YSK-SEPS-----K,EUR,A01,A02,20260226017-AFRR_N-UNIT_058-1,MWH,MAW,A01,A11,2026-02-26T03:15Z,2026-02-26T03:00Z
balancing_energy_bids,27,2026-02-26T03:00:00,PT15M,2026-02-26T03:15Z,2026-02-26T03:00Z,-29,1,15,10Y1001C--00090V,AUCTION-aFRR,B74,10YSK-SEPS-----K,EUR,A01,A02,20260226017-AFRR_N-UNIT_062-1,MWH,MAW,A01,A06,2026-02-26T03:15Z,2026-02-26T03:00Z
balancing_energy_bids,28,2026-02-26T03:00:00,PT15M,2026-02-26T03:15Z,2026-02-26T03:00Z,-5,1,1,10Y1001C--00090V,AUCTION-aFRR,B74,10YSK-SEPS-----K,EUR,A01,A02,20260226017-AFRR_N-UNIT_068-1,MWH,MAW,A01,A11,2026-02-26T03:15Z,2026-02-26T03:00Z
balancing_energy_bids,29,2026-02-26T03:00:00,PT15M,2026-02-26T03:15Z,2026-02-26T03:00Z,-150,1,15,10Y1001C--00090V,AUCTION-aFRR,B74,10YSK-SEPS-----K,EUR,A01,A02,20260226017-AFRR_N-UNIT_069-1,MWH,MAW,A01,A06,2026-02-26T03:15Z,2026-02-26T03:00Z
balancing_energy_bids,30,2026-02-26T03:00:00,PT15M,2026-02-26T03:15Z,2026-02-26T03:00Z,-190.75,1,3,10Y1001C--00090V,AUCTION-aFRR,B74,10YSK-SEPS-----K,EUR,A01,A02,20260226017-AFRR_N-UNIT_089-1,MWH,MAW,A01,A06,2026-02-26T03:15Z,2026-02-26T03:00Z
balancing_energy_bids,31,2026-02-26T03:00:00,PT15M,2026-02-26T03:15Z,2026-02-26T03:00Z,20,1,4,10Y1001C--00090V,AUCTION-aFRR,B74,10YSK-SEPS-----K,EUR,A01,A02,20260226017-AFRR_N-UNIT_104-1,MWH,MAW,A01,A06,2026-02-26T03:15Z,2026-02-26T03:00Z
balancing_energy_bids,32,2026-02-26T03:00:00,PT15M,2026-02-26T03:15Z,2026-02-26T03:00Z,-19,1,1,10Y1001C--00090V,AUCTION-aFRR,B74,10YSK-SEPS-----K,EUR,A01,A02,20260226017-AFRR_N-UNIT_106-1,MWH,MAW,A01,A06,2026-02-26T03:15Z,2026-02-26T03:00Z
balancing_energy_bids,33,2026-02-26T03:00:00,PT15M,2026-02-26T03:15Z,2026-02-26T03:00Z,189,1,3,10Y1001C--00090V,AUCTION-aFRR,B74,10YSK-SEPS-----K,EUR,A01,A01,20260226017-AFRR_P-UNIT_003-1,MWH,MAW,A01,A06,2026-02-26T03:15Z,2026-02-26T03:00Z
balancing_energy_bids,34,2026-02-26T03:00:00,PT15M,2026-02-26T03:15Z,2026-02-26T03:00Z,165,1,3,10Y1001C--00090V,AUCTION-aFRR,B74,10YSK-SEPS-----K,EUR,A01,A01,20260226017-AFRR_P-UNIT_009-1,MWH,MAW,A01,A06,2026-02-26T03:15Z,2026-02-26T03:00Z
balancing_energy_bids,35,2026-02-26T03:00:00,PT15M,2026-02-26T03:15Z,2026-02-26T03:00Z,251,1,1,10Y1001C--00090V,AUCTION-aFRR,B74,10YSK-SEPS-----K,EUR,A01,A01,20260226017-AFRR_P-UNIT_019-1,MWH,MAW,A01,A06,2026-02-26T03:15Z,2026-02-26T03:00Z
balancing_energy_bids,36,2026-02-26T03:00:00,PT15M,2026-02-26T03:15Z,2026-02-26T03:00Z,50,1,11,10Y1001C--00090V,AUCTION-aFRR,B74,10YSK-SEPS-----K,EUR,A01,A01,20260226017-AFRR_P-UNIT_028-1,MWH,MAW,A01,A06,2026-02-26T03:15Z,2026-02-26T03:00Z
balancing_energy_bids,37,2026-02-26T03:00:00,PT15M,2026-02-26T03:15Z,2026-02-26T03:00Z,90,1,1,10Y1001C--00090V,AUCTION-aFRR,B74,10YSK-SEPS-----K,EUR,A01,A01,20260226017-AFRR_P-UNIT_043-1,MWH,MAW,A01,A06,2026-02-26T03:15Z,2026-02-26T03:00Z
balancing_energy_bids,38,2026-02-26T03:00:00,PT15M,2026-02-26T03:15Z,2026-02-26T03:00Z,0,1,1,10Y1001C--00090V,AUCTION-aFRR,B74,10YSK-SEPS-----K,EUR,A01,A01,20260226017-AFRR_P-UNIT_047-1,MWH,MAW,A01,A11,2026-02-26T03:15Z,2026-02-26T03:00Z
balancing_energy_bids,39,2026-02-26T03:00:00,PT15M,2026-02-26T03:15Z,2026-02-26T03:00Z,130,1,23,10Y1001C--00090V,AUCTION-aFRR,B74,10YSK-SEPS-----K,EUR,A01,A01,20260226017-AFRR_P-UNIT_052-1,MWH,MAW,A01,A06,2026-02-26T03:15Z,2026-02-26T03:00Z
balancing_energy_bids,40,2026-02-26T03:00:00,PT15M,2026-02-26T03:15Z,2026-02-26T03:00Z,132,1,1,10Y1001C--00090V,AUCTION-aFRR,B74,10YSK-SEPS-----K,EUR,A01,A01,20260226017-AFRR_P-UNIT_058-1,MWH,MAW,A01,A11,2026-02-26T03:15Z,2026-02-26T03:00Z
balancing_energy_bids,41,2026-02-26T03:00:00,PT15M,2026-02-26T03:15Z,2026-02-26T03:00Z,90,1,9,10Y1001C--00090V,AUCTION-aFRR,B74,10YSK-SEPS-----K,EUR,A01,A01,20260226017-AFRR_P-UNIT_062-1,MWH,MAW,A01,A06,2026-02-26T03:15Z,2026-02-26T03:00Z
balancing_energy_bids,42,2026-02-26T03:00:00,PT15M,2026-02-26T03:15Z,2026-02-26T03:00Z,140,1,10,10Y1001C--00090V,AUCTION-aFRR,B74,10YSK-SEPS-----K,EUR,A01,A01,20260226017-AFRR_P-UNIT_063-1,MWH,MAW,A01,A06,2026-02-26T03:15Z,2026-02-26T03:00Z
balancing_energy_bids,43,2026-02-26T03:00:00,PT15M,2026-02-26T03:15Z,2026-02-26T03:00Z,165,1,16,10Y1001C--00090V,AUCTION-aFRR,B74,10YSK-SEPS-----K,EUR,A01,A01,20260226017-AFRR_P-UNIT_065-1,MWH,MAW,A01,A06,2026-02-26T03:15Z,2026-02-26T03:00Z
balancing_energy_bids,44,2026-02-26T03:00:00,PT15M,2026-02-26T03:15Z,2026-02-26T03:00Z,132,1,1,10Y1001C--00090V,AUCTION-aFRR,B74,10YSK-SEPS-----K,EUR,A01,A01,20260226017-AFRR_P-UNIT_068-1,MWH,MAW,A01,A11,2026-02-26T03:15Z,2026-02-26T03:00Z
balancing_energy_bids,45,2026-02-26T03:00:00,PT15M,2026-02-26T03:15Z,2026-02-26T03:00Z,100,1,15,10Y1001C--00090V,AUCTION-aFRR,B74,10YSK-SEPS-----K,EUR,A01,A01,20260226017-AFRR_P-UNIT_069-1,MWH,MAW,A01,A06,2026-02-26T03:15Z,2026-02-26T03:00Z
balancing_energy_bids,46,2026-02-26T03:00:00,PT15M,2026-02-26T03:15Z,2026-02-26T03:00Z,85,1,7,10Y1001C--00090V,AUCTION-aFRR,B74,10YSK-SEPS-----K,EUR,A01,A01,20260226017-AFRR_P-UNIT_097-1,MWH,MAW,A01,A06,2026-02-26T03:15Z,2026-02-26T03:00Z
balancing_energy_bids,47,2026-02-26T03:00:00,PT15M,2026-02-26T03:15Z,2026-02-26T03:00Z,750,1,11,10Y1001C--00090V,AUCTION-aFRR,B74,10YSK-SEPS-----K,EUR,A01,A01,20260226017-AFRR_P-UNIT_104-1,MWH,MAW,A01,A06,2026-02-26T03:15Z,2026-02-26T03:00Z
balancing_energy_bids,48,2026-02-26T03:00:00,PT15M,2026-02-26T03:15Z,2026-02-26T03:00Z,300,1,1,10Y1001C--00090V,AUCTION-aFRR,B74,10YSK-SEPS-----K,EUR,A01,A01,20260226017-AFRR_P-UNIT_106-1,MWH,MAW,A01,A11,2026-02-26T03:15Z,2026-02-26T03:00Z
balancing_energy_bids,49,2026-02-26T03:15:00,PT15M,2026-02-26T03:30Z,2026-02-26T03:15Z,-5,1,7,10Y1001C--00090V,AUCTION-aFRR,B74,10YSK-SEPS-----K,EUR,A01,A02,20260226018-AFRR_N-UNIT_003-1,MWH,MAW,A01,A06,2026-02-26T03:30Z,2026-02-26T03:15Z
balancing_energy_bids,50,2026-02-26T03:15:00,PT15M,2026-02-26T03:30Z,2026-02-26T03:15Z,-20,1,30,10Y1001C--00090V,AUCTION-aFRR,B74,10YSK-SEPS-----K,EUR,A01,A02,20260226018-AFRR_N-UNIT_013-1,MWH,MAW,A01,A06,2026-02-26T03:30Z,2026-02-26T03:15Z
balancing_energy_bids,51,2026-02-26T03:15:00,PT15M,2026-02-26T03:30Z,2026-02-26T03:15Z,-199,1,1,10Y1001C--00090V,AUCTION-aFRR,B74,10YSK-SEPS-----K,EUR,A01,A02,20260226018-AFRR_N-UNIT_019-1,MWH,MAW,A01,A11,2026-02-26T03:30Z,2026-02-26T03:15Z
balancing_energy_bids,52,2026-02-26T03:15:00,PT15M,2026-02-26T03:30Z,2026-02-26T03:15Z,-200,1,14,10Y1001C--00090V,AUCTION-aFRR,B74,10YSK-SEPS-----K,EUR,A01,A02,20260226018-AFRR_N-UNIT_028-1,MWH,MAW,A01,A06,2026-02-26T03:30Z,2026-02-26T03:15Z
balancing_energy_bids,53,2026-02-26T03:15:00,PT15M,2026-02-26T03:30Z,2026-02-26T03:15Z,10,1,7,10Y1001C--00090V,AUCTION-aFRR,B74,10YSK-SEPS-----K,EUR,A01,A02,20260226018-AFRR_N-UNIT_043-1,MWH,MAW,A01,A06,2026-02-26T03:30Z,2026-02-26T03:15Z
balancing_energy_bids,54,2026-02-26T03:15:00,PT15M,2026-02-26T03:30Z,2026-02-26T03:15Z,-30,1,10,10Y1001C--00090V,AUCTION-aFRR,B74,10YSK-SEPS-----K,EUR,A01,A02,20260226018-AFRR_N-UNIT_052-1,MWH,MAW,A01,A06,2026-02-26T03:30Z,2026-02-26T03:15Z
balancing_energy_bids,55,2026-02-26T03:15:00,PT15M,2026-02-26T03:30Z,2026-02-26T03:15Z,-5,1,1,10Y1001C--00090V,AUCTION-aFRR,B74,10YSK-SEPS-----K,EUR,A01,A02,20260226018-AFRR_N-UNIT_058-1,MWH,MAW,A01,A11,2026-02-26T03:30Z,2026-02-26T03:15Z
balancing_energy_bids,56,2026-02-26T03:15:00,PT15M,2026-02-26T03:30Z,2026-02-26T03:15Z,-29,1,15,10Y1001C--00090V,AUCTION-aFRR,B74,10YSK-SEPS-----K,EUR,A01,A02,20260226018-AFRR_N-UNIT_062-1,MWH,MAW,A01,A06,2026-02-26T03:30Z,2026-02-26T03:15Z
balancing_energy_bids,57,2026-02-26T03:15:00,PT15M,2026-02-26T03:30Z,2026-02-26T03:15Z,-5,1,1,10Y1001C--00090V,AUCTION-aFRR,B74,10YSK-SEPS-----K,EUR,A01,A02,20260226018-AFRR_N-UNIT_068-1,MWH,MAW,A01,A11,2026-02-26T03:30Z,2026-02-26T03:15Z
balancing_energy_bids,58,2026-02-26T03:15:00,PT15M,2026-02-26T03:30Z,2026-02-26T03:15Z,-150,1,15,10Y1001C--00090V,AUCTION-aFRR,B74,10YSK-SEPS-----K,EUR,A01,A02,20260226018-AFRR_N-UNIT_069-1,MWH,MAW,A01,A06,2026-02-26T03:30Z,2026-02-26T03:15Z
balancing_energy_bids,59,2026-02-26T03:15:00,PT15M,2026-02-26T03:30Z,2026-02-26T03:15Z,-189.24,1,3,10Y1001C--00090V,AUCTION-aFRR,B74,10YSK-SEPS-----K,EUR,A01,A02,20260226018-AFRR_N-UNIT_089-1,MWH,MAW,A01,A06,2026-02-26T03:30Z,2026-02-26T03:15Z
balancing_energy_bids,60,2026-02-26T03:15:00,PT15M,2026-02-26T03:30Z,2026-02-26T03:15Z,20,1,4,10Y1001C--00090V,AUCTION-aFRR,B74,10YSK-SEPS-----K,EUR,A01,A02,20260226018-AFRR_N-UNIT_104-1,MWH,MAW,A01,A06,2026-02-26T03:30Z,2026-02-26T03:15Z
balancing_energy_bids,61,2026-02-26T03:15:00,PT15M,2026-02-26T03:30Z,2026-02-26T03:15Z,-19,1,1,10Y1001C--00090V,AUCTION-aFRR,B74,10YSK-SEPS-----K,EUR,A01,A02,20260226018-AFRR_N-UNIT_106-1,MWH,MAW,A01,A06,2026-02-26T03:30Z,2026-02-26T03:15Z
balancing_energy_bids,62,2026-02-26T03:15:00,PT15M,2026-02-26T03:30Z,2026-02-26T03:15Z,189,1,3,10Y1001C--00090V,AUCTION-aFRR,B74,10YSK-SEPS-----K,EUR,A01,A01,20260226018-AFRR_P-UNIT_003-1,MWH,MAW,A01,A06,2026-02-26T03:30Z,2026-02-26T03:15Z
balancing_energy_bids,63,2026-02-26T03:15:00,PT15M,2026-02-26T03:30Z,2026-02-26T03:15Z,165,1,3,10Y1001C--00090V,AUCTION-aFRR,B74,10YSK-SEPS-----K,EUR,A01,A01,20260226018-AFRR_P-UNIT_009-1,MWH,MAW,A01,A06,2026-02-26T03:30Z,2026-02-26T03:15Z
balancing_energy_bids,64,2026-02-26T03:15:00,PT15M,2026-02-26T03:30Z,2026-02-26T03:15Z,251,1,1,10Y1001C--00090V,AUCTION-aFRR,B74,10YSK-SEPS-----K,EUR,A01,A01,20260226018-AFRR_P-UNIT_019-1,MWH,MAW,A01,A06,2026-02-26T03:30Z,2026-02-26T03:15Z
balancing_energy_bids,65,2026-02-26T03:15:00,PT15M,2026-02-26T03:30Z,2026-02-26T03:15Z,50,1,11,10Y1001C--00090V,AUCTION-aFRR,B74,10YSK-SEPS-----K,EUR,A01,A01,20260226018-AFRR_P-UNIT_028-1,MWH,MAW,A01,A06,2026-02-26T03:30Z,2026-02-26T03:15Z
balancing_energy_bids,66,2026-02-26T03:15:00,PT15M,2026-02-26T03:30Z,2026-02-26T03:15Z,90,1,1,10Y1001C--00090V,AUCTION-aFRR,B74,10YSK-SEPS-----K,EUR,A01,A01,20260226018-AFRR_P-UNIT_043-1,MWH,MAW,A01,A06,2026-02-26T03:30Z,2026-02-26T03:15Z
balancing_energy_bids,67,2026-02-26T03:15:00,PT15M,2026-02-26T03:30Z,2026-02-26T03:15Z,0,1,1,10Y1001C--00090V,AUCTION-aFRR,B74,10YSK-SEPS-----K,EUR,A01,A01,20260226018-AFRR_P-UNIT_047-1,MWH,MAW,A01,A11,2026-02-26T03:30Z,2026-02-26T03:15Z
balancing_energy_bids,68,2026-02-26T03:15:00,PT15M,2026-02-26T03:30Z,2026-02-26T03:15Z,130,1,23,10Y1001C--00090V,AUCTION-aFRR,B74,10YSK-SEPS-----K,EUR,A01,A01,20260226018-AFRR_P-UNIT_052-1,MWH,MAW,A01,A06,2026-02-26T03:30Z,2026-02-26T03:15Z
balancing_energy_bids,69,2026-02-26T03:15:00,PT15M,2026-02-26T03:30Z,2026-02-26T03:15Z,132,1,1,10Y1001C--00090V,AUCTION-aFRR,B74,10YSK-SEPS-----K,EUR,A01,A01,20260226018-AFRR_P-UNIT_058-1,MWH,MAW,A01,A11,2026-02-26T03:30Z,2026-02-26T03:15Z
balancing_energy_bids,70,2026-02-26T03:15:00,PT15M,2026-02-26T03:30Z,2026-02-26T03:15Z,90,1,9,10Y1001C--00090V,AUCTION-aFRR,B74,10YSK-SEPS-----K,EUR,A01,A01,20260226018-AFRR_P-UNIT_062-1,MWH,MAW,A01,A06,2026-02-26T03:30Z,2026-02-26T03:15Z
balancing_energy_bids,71,2026-02-26T03:15:00,PT15M,2026-02-26T03:30Z,2026-02-26T03:15Z,140,1,10,10Y1001C--00090V,AUCTION-aFRR,B74,10YSK-SEPS-----K,EUR,A01,A01,20260226018-AFRR_P-UNIT_063-1,MWH,MAW,A01,A06,2026-02-26T03:30Z,2026-02-26T03:15Z
balancing_energy_bids,72,2026-02-26T03:15:00,PT15M,2026-02-26T03:30Z,2026-02-26T03:15Z,165,1,16,10Y1001C--00090V,AUCTION-aFRR,B74,10YSK-SEPS-----K,EUR,A01,A01,20260226018-AFRR_P-UNIT_065-1,MWH,MAW,A01,A06,2026-02-26T03:30Z,2026-02-26T03:15Z
balancing_energy_bids,73,2026-02-26T03:15:00,PT15M,2026-02-26T03:30Z,2026-02-26T03:15Z,132,1,1,10Y1001C--00090V,AUCTION-aFRR,B74,10YSK-SEPS-----K,EUR,A01,A01,20260226018-AFRR_P-UNIT_068-1,MWH,MAW,A01,A11,2026-02-26T03:30Z,2026-02-26T03:15Z
balancing_energy_bids,74,2026-02-26T03:15:00,PT15M,2026-02-26T03:30Z,2026-02-26T03:15Z,100,1,15,10Y1001C--00090V,AUCTION-aFRR,B74,10YSK-SEPS-----K,EUR,A01,A01,20260226018-AFRR_P-UNIT_069-1,MWH,MAW,A01,A06,2026-02-26T03:30Z,2026-02-26T03:15Z
balancing_energy_bids,75,2026-02-26T03:15:00,PT15M,2026-02-26T03:30Z,2026-02-26T03:15Z,85,1,7,10Y1001C--00090V,AUCTION-aFRR,B74,10YSK-SEPS-----K,EUR,A01,A01,20260226018-AFRR_P-UNIT_097-1,MWH,MAW,A01,A06,2026-02-26T03:30Z,2026-02-26T03:15Z
balancing_energy_bids,76,2026-02-26T03:15:00,PT15M,2026-02-26T03:30Z,2026-02-26T03:15Z,750,1,11,10Y1001C--00090V,AUCTION-aFRR,B74,10YSK-SEPS-----K,EUR,A01,A01,20260226018-AFRR_P-UNIT_104-1,MWH,MAW,A01,A06,2026-02-26T03:30Z,2026-02-26T03:15Z
balancing_energy_bids,77,2026-02-26T03:15:00,PT15M,2026-02-26T03:30Z,2026-02-26T03:15Z,300,1,1,10Y1001C--00090V,AUCTION-aFRR,B74,10YSK-SEPS-----K,EUR,A01,A01,20260226018-AFRR_P-UNIT_106-1,MWH,MAW,A01,A11,2026-02-26T03:30Z,2026-02-26T03:15Z
balancing_energy_bids,78,2026-02-26T03:30:00,PT15M,2026-02-26T03:45Z,2026-02-26T03:30Z,-5,1,7,10Y1001C--00090V,AUCTION-aFRR,B74,10YSK-SEPS-----K,EUR,A01,A02,20260226019-AFRR_N-UNIT_003-1,MWH,MAW,A01,A06,2026-02-26T03:45Z,2026-02-26T03:30Z
balancing_energy_bids,79,2026-02-26T03:30:00,PT15M,2026-02-26T03:45Z,2026-02-26T03:30Z,-20,1,30,10Y1001C--00090V,AUCTION-aFRR,B74,10YSK-SEPS-----K,EUR,A01,A02,20260226019-AFRR_N-UNIT_013-1,MWH,MAW,A01,A06,2026-02-26T03:45Z,2026-02-26T03:30Z
balancing_energy_bids,80,2026-02-26T03:30:00,PT15M,2026-02-26T03:45Z,2026-02-26T03:30Z,-199,1,1,10Y1001C--00090V,AUCTION-aFRR,B74,10YSK-SEPS-----K,EUR,A01,A02,20260226019-AFRR_N-UNIT_019-1,MWH,MAW,A01,A11,2026-02-26T03:45Z,2026-02-26T03:30Z
balancing_energy_bids,81,2026-02-26T03:30:00,PT15M,2026-02-26T03:45Z,2026-02-26T03:30Z,-200,1,14,10Y1001C--00090V,AUCTION-aFRR,B74,10YSK-SEPS-----K,EUR,A01,A02,20260226019-AFRR_N-UNIT_028-1,MWH,MAW,A01,A06,2026-02-26T03:45Z,2026-02-26T03:30Z
balancing_energy_bids,82,2026-02-26T03:30:00,PT15M,2026-02-26T03:45Z,2026-02-26T03:30Z,10,1,7,10Y1001C--00090V,AUCTION-aFRR,B74,10YSK-SEPS-----K,EUR,A01,A02,20260226019-AFRR_N-UNIT_043-1,MWH,MAW,A01,A06,2026-02-26T03:45Z,2026-02-26T03:30Z
balancing_energy_bids,83,2026-02-26T03:30:00,PT15M,2026-02-26T03:45Z,2026-02-26T03:30Z,-30,1,10,10Y1001C--00090V,AUCTION-aFRR,B74,10YSK-SEPS-----K,EUR,A01,A02,20260226019-AFRR_N-UNIT_052-1,MWH,MAW,A01,A06,2026-02-26T03:45Z,2026-02-26T03:30Z
balancing_energy_bids,84,2026-02-26T03:30:00,PT15M,2026-02-26T03:45Z,2026-02-26T03:30Z,-5,1,1,10Y1001C--00090V,AUCTION-aFRR,B74,10YSK-SEPS-----K,EUR,A01,A02,20260226019-AFRR_N-UNIT_058-1,MWH,MAW,A01,A11,2026-02-26T03:45Z,2026-02-26T03:30Z
balancing_energy_bids,85,2026-02-26T03:30:00,PT15M,2026-02-26T03:45Z,2026-02-26T03:30Z,-29,1,15,10Y1001C--00090V,AUCTION-aFRR,B74,10YSK-SEPS-----K,EUR,A01,A02,20260226019-AFRR_N-UNIT_062-1,MWH,MAW,A01,A06,2026-02-26T03:45Z,2026-02-26T03:30Z
balancing_energy_bids,86,2026-02-26T03:30:00,PT15M,2026-02-26T03:45Z,2026-02-26T03:30Z,-5,1,1,10Y1001C--00090V,AUCTION-aFRR,B74,10YSK-SEPS-----K,EUR,A01,A02,20260226019-AFRR_N-UNIT_068-1,MWH,MAW,A01,A11,2026-02-26T03:45Z,2026-02-26T03:30Z
balancing_energy_bids,87,2026-02-26T03:30:00,PT15M,2026-02-26T03:45Z,2026-02-26T03:30Z,-150,1,15,10Y1001C--00090V,AUCTION-aFRR,B74,10YSK-SEPS-----K,EUR,A01,A02,20260226019-AFRR_N-UNIT_069-1,MWH,MAW,A01,A06,2026-02-26T03:45Z,2026-02-26T03:30Z
balancing_energy_bids,88,2026-02-26T03:30:00,PT15M,2026-02-26T03:45Z,2026-02-26T03:30Z,-186.67,1,3,10Y1001C--00090V,AUCTION-aFRR,B74,10YSK-SEPS-----K,EUR,A01,A02,20260226019-AFRR_N-UNIT_089-1,MWH,MAW,A01,A06,2026-02-26T03:45Z,2026-02-26T03:30Z
balancing_energy_bids,89,2026-02-26T03:30:00,PT15M,2026-02-26T03:45Z,2026-02-26T03:30Z,20,1,4,10Y1001C--00090V,AUCTION-aFRR,B74,10YSK-SEPS-----K,EUR,A01,A02,20260226019-AFRR_N-UNIT_104-1,MWH,MAW,A01,A06,2026-02-26T03:45Z,2026-02-26T03:30Z
balancing_energy_bids,90,2026-02-26T03:30:00,PT15M,2026-02-26T03:45Z,2026-02-26T03:30Z,-19,1,1,10Y1001C--00090V,AUCTION-aFRR,B74,10YSK-SEPS-----K,EUR,A01,A02,20260226019-AFRR_N-UNIT_106-1,MWH,MAW,A01,A06,2026-02-26T03:45Z,2026-02-26T03:30Z
balancing_energy_bids,91,2026-02-26T03:30:00,PT15M,2026-02-26T03:45Z,2026-02-26T03:30Z,189,1,3,10Y1001C--00090V,AUCTION-aFRR,B74,10YSK-SEPS-----K,EUR,A01,A01,20260226019-AFRR_P-UNIT_003-1,MWH,MAW,A01,A06,2026-02-26T03:45Z,2026-02-26T03:30Z
balancing_energy_bids,92,2026-02-26T03:30:00,PT15M,2026-02-26T03:45Z,2026-02-26T03:30Z,165,1,3,10Y1001C--00090V,AUCTION-aFRR,B74,10YSK-SEPS-----K,EUR,A01,A01,20260226019-AFRR_P-UNIT_009-1,MWH,MAW,A01,A06,2026-02-26T03:45Z,2026-02-26T03:30Z
balancing_energy_bids,93,2026-02-26T03:30:00,PT15M,2026-02-26T03:45Z,2026-02-26T03:30Z,251,1,1,10Y1001C--00090V,AUCTION-aFRR,B74,10YSK-SEPS-----K,EUR,A01,A01,20260226019-AFRR_P-UNIT_019-1,MWH,MAW,A01,A06,2026-02-26T03:45Z,2026-02-26T03:30Z
balancing_energy_bids,94,2026-02-26T03:30:00,PT15M,2026-02-26T03:45Z,2026-02-26T03:30Z,50,1,11,10Y1001C--00090V,AUCTION-aFRR,B74,10YSK-SEPS-----K,EUR,A01,A01,20260226019-AFRR_P-UNIT_028-1,MWH,MAW,A01,A06,2026-02-26T03:45Z,2026-02-26T03:30Z
balancing_energy_bids,95,2026-02-26T03:30:00,PT15M,2026-02-26T03:45Z,2026-02-26T03:30Z,90,1,1,10Y1001C--00090V,AUCTION-aFRR,B74,10YSK-SEPS-----K,EUR,A01,A01,20260226019-AFRR_P-UNIT_043-1,MWH,MAW,A01,A06,2026-02-26T03:45Z,2026-02-26T03:30Z
balancing_energy_bids,96,2026-02-26T03:30:00,PT15M,2026-02-26T03:45Z,2026-02-26T03:30Z,0,1,1,10Y1001C--00090V,AUCTION-aFRR,B74,10YSK-SEPS-----K,EUR,A01,A01,20260226019-AFRR_P-UNIT_047-1,MWH,MAW,A01,A11,2026-02-26T03:45Z,2026-02-26T03:30Z
balancing_energy_bids,97,2026-02-26T03:30:00,PT15M,2026-02-26T03:45Z,2026-02-26T03:30Z,130,1,23,10Y1001C--00090V,AUCTION-aFRR,B74,10YSK-SEPS-----K,EUR,A01,A01,20260226019-AFRR_P-UNIT_052-1,MWH,MAW,A01,A06,2026-02-26T03:45Z,2026-02-26T03:30Z
balancing_energy_bids,98,2026-02-26T03:30:00,PT15M,2026-02-26T03:45Z,2026-02-26T03:30Z,132,1,1,10Y1001C--00090V,AUCTION-aFRR,B74,10YSK-SEPS-----K,EUR,A01,A01,20260226019-AFRR_P-UNIT_058-1,MWH,MAW,A01,A11,2026-02-26T03:45Z,2026-02-26T03:30Z
balancing_energy_bids,99,2026-02-26T03:30:00,PT15M,2026-02-26T03:45Z,2026-02-26T03:30Z,90,1,9,10Y1001C--00090V,AUCTION-aFRR,B74,10YSK-SEPS-----K,EUR,A01,A01,20260226019-AFRR_P-UNIT_062-1,MWH,MAW,A01,A06,2026-02-26T03:45Z,2026-02-26T03:30Z
balancing_energy_bids,100,2026-02-26T03:30:00,PT15M,2026-02-26T03:45Z,2026-02-26T03:30Z,140,1,10,10Y1001C--00090V,AUCTION-aFRR,B74,10YSK-SEPS-----K,EUR,A01,A01,20260226019-AFRR_P-UNIT_063-1,MWH,MAW,A01,A06,2026-02-26T03:45Z,2026-02-26T03:30Z
balancing_energy_bids,1,2026-02-26T03:30:00,PT15M,2026-02-26T03:45Z,2026-02-26T03:30Z,165,1,16,10Y1001C--00090V,AUCTION-aFRR,B74,10YSK-SEPS-----K,EUR,A01,A01,20260226019-AFRR_P-UNIT_065-1,MWH,MAW,A01,A06,2026-02-26T03:45Z,2026-02-26T03:30Z
balancing_energy_bids,2,2026-02-26T03:30:00,PT15M,2026-02-26T03:45Z,2026-02-26T03:30Z,132,1,1,10Y1001C--00090V,AUCTION-aFRR,B74,10YSK-SEPS-----K,EUR,A01,A01,20260226019-AFRR_P-UNIT_068-1,MWH,MAW,A01,A11,2026-02-26T03:45Z,2026-02-26T03:30Z
balancing_energy_bids,3,2026-02-26T03:30:00,PT15M,2026-02-26T03:45Z,2026-02-26T03:30Z,100,1,15,10Y1001C--00090V,AUCTION-aFRR,B74,10YSK-SEPS-----K,EUR,A01,A01,20260226019-AFRR_P-UNIT_069-1,MWH,MAW,A01,A06,2026-02-26T03:45Z,2026-02-26T03:30Z
balancing_energy_bids,4,2026-02-26T03:30:00,PT15M,2026-02-26T03:45Z,2026-02-26T03:30Z,85,1,7,10Y1001C--00090V,AUCTION-aFRR,B74,10YSK-SEPS-----K,EUR,A01,A01,20260226019-AFRR_P-UNIT_097-1,MWH,MAW,A01,A06,2026-02-26T03:45Z,2026-02-26T03:30Z
balancing_energy_bids,5,2026-02-26T03:30:00,PT15M,2026-02-26T03:45Z,2026-02-26T03:30Z,750,1,11,10Y1001C--00090V,AUCTION-aFRR,B74,10YSK-SEPS-----K,EUR,A01,A01,20260226019-AFRR_P-UNIT_104-1,MWH,MAW,A01,A06,2026-02-26T03:45Z,2026-02-26T03:30Z
balancing_energy_bids,6,2026-02-26T03:30:00,PT15M,2026-02-26T03:45Z,2026-02-26T03:30Z,300,1,1,10Y1001C--00090V,AUCTION-aFRR,B74,10YSK-SEPS-----K,EUR,A01,A01,20260226019-AFRR_P-UNIT_106-1,MWH,MAW,A01,A11,2026-02-26T03:45Z,2026-02-26T03:30Z
balancing_energy_bids,7,2026-02-26T03:45:00,PT15M,2026-02-26T04:00Z,2026-02-26T03:45Z,-5,1,7,10Y1001C--00090V,AUCTION-aFRR,B74,10YSK-SEPS-----K,EUR,A01,A02,20260226020-AFRR_N-UNIT_003-1,MWH,MAW,A01,A06,2026-02-26T04:00Z,2026-02-26T03:45Z
balancing_energy_bids,8,2026-02-26T03:45:00,PT15M,2026-02-26T04:00Z,2026-02-26T03:45Z,-20,1,30,10Y1001C--00090V,AUCTION-aFRR,B74,10YSK-SEPS-----K,EUR,A01,A02,20260226020-AFRR_N-UNIT_013-1,MWH,MAW,A01,A06,2026-02-26T04:00Z,2026-02-26T03:45Z
balancing_energy_bids,9,2026-02-26T03:45:00,PT15M,2026-02-26T04:00Z,2026-02-26T03:45Z,-199,1,1,10Y1001C--00090V,AUCTION-aFRR,B74,10YSK-SEPS-----K,EUR,A01,A02,20260226020-AFRR_N-UNIT_019-1,MWH,MAW,A01,A11,2026-02-26T04:00Z,2026-02-26T03:45Z
balancing_energy_bids,10,2026-02-26T03:45:00,PT15M,2026-02-26T04:00Z,2026-02-26T03:45Z,-200,1,14,10Y1001C--00090V,AUCTION-aFRR,B74,10YSK-SEPS-----K,EUR,A01,A02,20260226020-AFRR_N-UNIT_028-1,MWH,MAW,A01,A06,2026-02-26T04:00Z,2026-02-26T03:45Z
balancing_energy_bids,11,2026-02-26T03:45:00,PT15M,2026-02-26T04:00Z,2026-02-26T03:45Z,10,1,7,10Y1001C--00090V,AUCTION-aFRR,B74,10YSK-SEPS-----K,EUR,A01,A02,20260226020-AFRR_N-UNIT_043-1,MWH,MAW,A01,A06,2026-02-26T04:00Z,2026-02-26T03:45Z
balancing_energy_bids,12,2026-02-26T03:45:00,PT15M,2026-02-26T04:00Z,2026-02-26T03:45Z,-30,1,10,10Y1001C--00090V,AUCTION-aFRR,B74,10YSK-SEPS-----K,EUR,A01,A02,20260226020-AFRR_N-UNIT_052-1,MWH,MAW,A01,A06,2026-02-26T04:00Z,2026-02-26T03:45Z
balancing_energy_bids,13,2026-02-26T03:45:00,PT15M,2026-02-26T04:00Z,2026-02-26T03:45Z,-5,1,1,10Y1001C--00090V,AUCTION-aFRR,B74,10YSK-SEPS-----K,EUR,A01,A02,20260226020-AFRR_N-UNIT_058-1,MWH,MAW,A01,A11,2026-02-26T04:00Z,2026-02-26T03:45Z
balancing_energy_bids,14,2026-02-26T03:45:00,PT15M,2026-02-26T04:00Z,2026-02-26T03:45Z,-29,1,15,10Y1001C--00090V,AUCTION-aFRR,B74,10YSK-SEPS-----K,EUR,A01,A02,20260226020-AFRR_N-UNIT_062-1,MWH,MAW,A01,A06,2026-02-26T04:00Z,2026-02-26T03:45Z
balancing_energy_bids,15,2026-02-26T03:45:00,PT15M,2026-02-26T04:00Z,2026-02-26T03:45Z,-5,1,1,10Y1001C--00090V,AUCTION-aFRR,B74,10YSK-SEPS-----K,EUR,A01,A02,20260226020-AFRR_N-UNIT_068-1,MWH,MAW,A01,A11,2026-02-26T04:00Z,2026-02-26T03:45Z
balancing_energy_bids,16,2026-02-26T03:45:00,PT15M,2026-02-26T04:00Z,2026-02-26T03:45Z,-150,1,15,10Y1001C--00090V,AUCTION-aFRR,B74,10YSK-SEPS-----K,EUR,A01,A02,20260226020-AFRR_N-UNIT_069-1,MWH,MAW,A01,A06,2026-02-26T04:00Z,2026-02-26T03:45Z
balancing_energy_bids,17,2026-02-26T03:45:00,PT15M,2026-02-26T04:00Z,2026-02-26T03:45Z,-184.26,1,3,10Y1001C--00090V,AUCTION-aFRR,B74,10YSK-SEPS-----K,EUR,A01,A02,20260226020-AFRR_N-UNIT_089-1,MWH,MAW,A01,A06,2026-02-26T04:00Z,2026-02-26T03:45Z
balancing_energy_bids,18,2026-02-26T03:45:00,PT15M,2026-02-26T04:00Z,2026-02-26T03:45Z,20,1,4,10Y1001C--00090V,AUCTION-aFRR,B74,10YSK-SEPS-----K,EUR,A01,A02,20260226020-AFRR_N-UNIT_104-1,MWH,MAW,A01,A06,2026-02-26T04:00Z,2026-02-26T03:45Z
balancing_energy_bids,19,2026-02-26T03:45:00,PT15M,2026-02-26T04:00Z,2026-02-26T03:45Z,-19,1,1,10Y1001C--00090V,AUCTION-aFRR,B74,10YSK-SEPS-----K,EUR,A01,A02,20260226020-AFRR_N-UNIT_106-1,MWH,MAW,A01,A06,2026-02-26T04:00Z,2026-02-26T03:45Z
balancing_energy_bids,20,2026-02-26T03:45:00,PT15M,2026-02-26T04:00Z,2026-02-26T03:45Z,189,1,3,10Y1001C--00090V,AUCTION-aFRR,B74,10YSK-SEPS-----K,EUR,A01,A01,20260226020-AFRR_P-UNIT_003-1,MWH,MAW,A01,A06,2026-02-26T04:00Z,2026-02-26T03:45Z
balancing_energy_bids,21,2026-02-26T03:45:00,PT15M,2026-02-26T04:00Z,2026-02-26T03:45Z,165,1,3,10Y1001C--00090V,AUCTION-aFRR,B74,10YSK-SEPS-----K,EUR,A01,A01,20260226020-AFRR_P-UNIT_009-1,MWH,MAW,A01,A06,2026-02-26T04:00Z,2026-02-26T03:45Z
balancing_energy_bids,22,2026-02-26T03:45:00,PT15M,2026-02-26T04:00Z,2026-02-26T03:45Z,251,1,1,10Y1001C--00090V,AUCTION-aFRR,B74,10YSK-SEPS-----K,EUR,A01,A01,20260226020-AFRR_P-UNIT_019-1,MWH,MAW,A01,A06,2026-02-26T04:00Z,2026-02-26T03:45Z
balancing_energy_bids,23,2026-02-26T03:45:00,PT15M,2026-02-26T04:00Z,2026-02-26T03:45Z,50,1,11,10Y1001C--00090V,AUCTION-aFRR,B74,10YSK-SEPS-----K,EUR,A01,A01,20260226020-AFRR_P-UNIT_028-1,MWH,MAW,A01,A06,2026-02-26T04:00Z,2026-02-26T03:45Z
balancing_energy_bids,24,2026-02-26T03:45:00,PT15M,2026-02-26T04:00Z,2026-02-26T03:45Z,96,1,1,10Y1001C--00090V,AUCTION-aFRR,B74,10YSK-SEPS-----K,EUR,A01,A01,20260226020-AFRR_P-UNIT_043-1,MWH,MAW,A01,A06,2026-02-26T04:00Z,2026-02-26T03:45Z
balancing_energy_bids,25,2026-02-26T03:45:00,PT15M,2026-02-26T04:00Z,2026-02-26T03:45Z,0,1,1,10Y1001C--00090V,AUCTION-aFRR,B74,10YSK-SEPS-----K,EUR,A01,A01,20260226020-AFRR_P-UNIT_047-1,MWH,MAW,A01,A11,2026-02-26T04:00Z,2026-02-26T03:45Z
balancing_energy_bids,26,2026-02-26T03:45:00,PT15M,2026-02-26T04:00Z,2026-02-26T03:45Z,130,1,23,10Y1001C--00090V,AUCTION-aFRR,B74,10YSK-SEPS-----K,EUR,A01,A01,20260226020-AFRR_P-UNIT_052-1,MWH,MAW,A01,A06,2026-02-26T04:00Z,2026-02-26T03:45Z
balancing_energy_bids,27,2026-02-26T03:45:00,PT15M,2026-02-26T04:00Z,2026-02-26T03:45Z,132,1,1,10Y1001C--00090V,AUCTION-aFRR,B74,10YSK-SEPS-----K,EUR,A01,A01,20260226020-AFRR_P-UNIT_058-1,MWH,MAW,A01,A11,2026-02-26T04:00Z,2026-02-26T03:45Z
balancing_energy_bids,28,2026-02-26T03:45:00,PT15M,2026-02-26T04:00Z,2026-02-26T03:45Z,96,1,9,10Y1001C--00090V,AUCTION-aFRR,B74,10YSK-SEPS-----K,EUR,A01,A01,20260226020-AFRR_P-UNIT_062-1,MWH,MAW,A01,A06,2026-02-26T04:00Z,2026-02-26T03:45Z
balancing_energy_bids,29,2026-02-26T03:45:00,PT15M,2026-02-26T04:00Z,2026-02-26T03:45Z,140,1,10,10Y1001C--00090V,AUCTION-aFRR,B74,10YSK-SEPS-----K,EUR,A01,A01,20260226020-AFRR_P-UNIT_063-1,MWH,MAW,A01,A06,2026-02-26T04:00Z,2026-02-26T03:45Z
balancing_energy_bids,30,2026-02-26T03:45:00,PT15M,2026-02-26T04:00Z,2026-02-26T03:45Z,165,1,16,10Y1001C--00090V,AUCTION-aFRR,B74,10YSK-SEPS-----K,EUR,A01,A01,20260226020-AFRR_P-UNIT_065-1,MWH,MAW,A01,A06,2026-02-26T04:00Z,2026-02-26T03:45Z
balancing_energy_bids,31,2026-02-26T03:45:00,PT15M,2026-02-26T04:00Z,2026-02-26T03:45Z,132,1,1,10Y1001C--00090V,AUCTION-aFRR,B74,10YSK-SEPS-----K,EUR,A01,A01,20260226020-AFRR_P-UNIT_068-1,MWH,MAW,A01,A11,2026-02-26T04:00Z,2026-02-26T03:45Z
balancing_energy_bids,32,2026-02-26T03:45:00,PT15M,2026-02-26T04:00Z,2026-02-26T03:45Z,100,1,15,10Y1001C--00090V,AUCTION-aFRR,B74,10YSK-SEPS-----K,EUR,A01,A01,20260226020-AFRR_P-UNIT_069-1,MWH,MAW,A01,A06,2026-02-26T04:00Z,2026-02-26T03:45Z
balancing_energy_bids,33,2026-02-26T03:45:00,PT15M,2026-02-26T04:00Z,2026-02-26T03:45Z,85,1,7,10Y1001C--00090V,AUCTION-aFRR,B74,10YSK-SEPS-----K,EUR,A01,A01,20260226020-AFRR_P-UNIT_097-1,MWH,MAW,A01,A06,2026-02-26T04:00Z,2026-02-26T03:45Z
balancing_energy_bids,34,2026-02-26T03:45:00,PT15M,2026-02-26T04:00Z,2026-02-26T03:45Z,750,1,11,10Y1001C--00090V,AUCTION-aFRR,B74,10YSK-SEPS-----K,EUR,A01,A01,20260226020-AFRR_P-UNIT_104-1,MWH,MAW,A01,A06,2026-02-26T04:00Z,2026-02-26T03:45Z
balancing_energy_bids,35,2026-02-26T03:45:00,PT15M,2026-02-26T04:00Z,2026-02-26T03:45Z,300,1,1,10Y1001C--00090V,AUCTION-aFRR,B74,10YSK-SEPS-----K,EUR,A01,A01,20260226020-AFRR_P-UNIT_106-1,MWH,MAW,A01,A11,2026-02-26T04:00Z,2026-02-26T03:45Z
balancing_energy_bids,36,2026-02-26T04:00:00,PT15M,2026-02-26T04:15Z,2026-02-26T04:00Z,-5,1,7,10Y1001C--00090V,AUCTION-aFRR,B74,10YSK-SEPS-----K,EUR,A01,A02,20260226021-AFRR_N-UNIT_003-1,MWH,MAW,A01,A06,2026-02-26T04:15Z,2026-02-26T04:00Z
balancing_energy_bids,37,2026-02-26T04:00:00,PT15M,2026-02-26T04:15Z,2026-02-26T04:00Z,-20,1,30,10Y1001C--00090V,AUCTION-aFRR,B74,10YSK-SEPS-----K,EUR,A01,A02,20260226021-AFRR_N-UNIT_013-1,MWH,MAW,A01,A06,2026-02-26T04:15Z,2026-02-26T04:00Z
balancing_energy_bids,38,2026-02-26T04:00:00,PT15M,2026-02-26T04:15Z,2026-02-26T04:00Z,-199,1,1,10Y1001C--00090V,AUCTION-aFRR,B74,10YSK-SEPS-----K,EUR,A01,A02,20260226021-AFRR_N-UNIT_019-1,MWH,MAW,A01,A11,2026-02-26T04:15Z,2026-02-26T04:00Z
balancing_energy_bids,39,2026-02-26T04:00:00,PT15M,2026-02-26T04:15Z,2026-02-26T04:00Z,-200,1,14,10Y1001C--00090V,AUCTION-aFRR,B74,10YSK-SEPS-----K,EUR,A01,A02,20260226021-AFRR_N-UNIT_028-1,MWH,MAW,A01,A06,2026-02-26T04:15Z,2026-02-26T04:00Z
balancing_energy_bids,40,2026-02-26T04:00:00,PT15M,2026-02-26T04:15Z,2026-02-26T04:00Z,10,1,7,10Y1001C--00090V,AUCTION-aFRR,B74,10YSK-SEPS-----K,EUR,A01,A02,20260226021-AFRR_N-UNIT_043-1,MWH,MAW,A01,A06,2026-02-26T04:15Z,2026-02-26T04:00Z
balancing_energy_bids,41,2026-02-26T04:00:00,PT15M,2026-02-26T04:15Z,2026-02-26T04:00Z,-30,1,10,10Y1001C--00090V,AUCTION-aFRR,B74,10YSK-SEPS-----K,EUR,A01,A02,20260226021-AFRR_N-UNIT_052-1,MWH,MAW,A01,A06,2026-02-26T04:15Z,2026-02-26T04:00Z
balancing_energy_bids,42,2026-02-26T04:00:00,PT15M,2026-02-26T04:15Z,2026-02-26T04:00Z,-5,1,1,10Y1001C--00090V,AUCTION-aFRR,B74,10YSK-SEPS-----K,EUR,A01,A02,20260226021-AFRR_N-UNIT_058-1,MWH,MAW,A01,A11,2026-02-26T04:15Z,2026-02-26T04:00Z
balancing_energy_bids,43,2026-02-26T04:00:00,PT15M,2026-02-26T04:15Z,2026-02-26T04:00Z,-29,1,15,10Y1001C--00090V,AUCTION-aFRR,B74,10YSK-SEPS-----K,EUR,A01,A02,20260226021-AFRR_N-UNIT_062-1,MWH,MAW,A01,A06,2026-02-26T04:15Z,2026-02-26T04:00Z
balancing_energy_bids,44,2026-02-26T04:00:00,PT15M,2026-02-26T04:15Z,2026-02-26T04:00Z,-5,1,1,10Y1001C--00090V,AUCTION-aFRR,B74,10YSK-SEPS-----K,EUR,A01,A02,20260226021-AFRR_N-UNIT_068-1,MWH,MAW,A01,A11,2026-02-26T04:15Z,2026-02-26T04:00Z
balancing_energy_bids,45,2026-02-26T04:00:00,PT15M,2026-02-26T04:15Z,2026-02-26T04:00Z,-150,1,15,10Y1001C--00090V,AUCTION-aFRR,B74,10YSK-SEPS-----K,EUR,A01,A02,20260226021-AFRR_N-UNIT_069-1,MWH,MAW,A01,A06,2026-02-26T04:15Z,2026-02-26T04:00Z
balancing_energy_bids,46,2026-02-26T04:00:00,PT15M,2026-02-26T04:15Z,2026-02-26T04:00Z,-191.82,1,3,10Y1001C--00090V,AUCTION-aFRR,B74,10YSK-SEPS-----K,EUR,A01,A02,20260226021-AFRR_N-UNIT_089-1,MWH,MAW,A01,A06,2026-02-26T04:15Z,2026-02-26T04:00Z
balancing_energy_bids,47,2026-02-26T04:00:00,PT15M,2026-02-26T04:15Z,2026-02-26T04:00Z,20,1,4,10Y1001C--00090V,AUCTION-aFRR,B74,10YSK-SEPS-----K,EUR,A01,A02,20260226021-AFRR_N-UNIT_104-1,MWH,MAW,A01,A06,2026-02-26T04:15Z,2026-02-26T04:00Z
balancing_energy_bids,48,2026-02-26T04:00:00,PT15M,2026-02-26T04:15Z,2026-02-26T04:00Z,-19,1,1,10Y1001C--00090V,AUCTION-aFRR,B74,10YSK-SEPS-----K,EUR,A01,A02,20260226021-AFRR_N-UNIT_106-1,MWH,MAW,A01,A06,2026-02-26T04:15Z,2026-02-26T04:00Z
balancing_energy_bids,49,2026-02-26T04:00:00,PT15M,2026-02-26T04:15Z,2026-02-26T04:00Z,189,1,3,10Y1001C--00090V,AUCTION-aFRR,B74,10YSK-SEPS-----K,EUR,A01,A01,20260226021-AFRR_P-UNIT_003-1,MWH,MAW,A01,A06,2026-02-26T04:15Z,2026-02-26T04:00Z
balancing_energy_bids,50,2026-02-26T04:00:00,PT15M,2026-02-26T04:15Z,2026-02-26T04:00Z,165,1,3,10Y1001C--00090V,AUCTION-aFRR,B74,10YSK-SEPS-----K,EUR,A01,A01,20260226021-AFRR_P-UNIT_009-1,MWH,MAW,A01,A06,2026-02-26T04:15Z,2026-02-26T04:00Z
balancing_energy_bids,51,2026-02-26T04:00:00,PT15M,2026-02-26T04:15Z,2026-02-26T04:00Z,251,1,1,10Y1001C--00090V,AUCTION-aFRR,B74,10YSK-SEPS-----K,EUR,A01,A01,20260226021-AFRR_P-UNIT_019-1,MWH,MAW,A01,A06,2026-02-26T04:15Z,2026-02-26T04:00Z
balancing_energy_bids,52,2026-02-26T04:00:00,PT15M,2026-02-26T04:15Z,2026-02-26T04:00Z,50,1,11,10Y1001C--00090V,AUCTION-aFRR,B74,10YSK-SEPS-----K,EUR,A01,A01,20260226021-AFRR_P-UNIT_028-1,MWH,MAW,A01,A06,2026-02-26T04:15Z,2026-02-26T04:00Z
balancing_energy_bids,53,2026-02-26T04:00:00,PT15M,2026-02-26T04:15Z,2026-02-26T04:00Z,0,1,1,10Y1001C--00090V,AUCTION-aFRR,B74,10YSK-SEPS-----K,EUR,A01,A01,20260226021-AFRR_P-UNIT_047-1,MWH,MAW,A01,A11,2026-02-26T04:15Z,2026-02-26T04:00Z
balancing_energy_bids,54,2026-02-26T04:00:00,PT15M,2026-02-26T04:15Z,2026-02-26T04:00Z,130,1,23,10Y1001C--00090V,AUCTION-aFRR,B74,10YSK-SEPS-----K,EUR,A01,A01,20260226021-AFRR_P-UNIT_052-1,MWH,MAW,A01,A06,2026-02-26T04:15Z,2026-02-26T04:00Z
balancing_energy_bids,55,2026-02-26T04:00:00,PT15M,2026-02-26T04:15Z,2026-02-26T04:00Z,132,1,1,10Y1001C--00090V,AUCTION-aFRR,B74,10YSK-SEPS-----K,EUR,A01,A01,20260226021-AFRR_P-UNIT_058-1,MWH,MAW,A01,A11,2026-02-26T04:15Z,2026-02-26T04:00Z
balancing_energy_bids,56,2026-02-26T04:00:00,PT15M,2026-02-26T04:15Z,2026-02-26T04:00Z,90,1,9,10Y1001C--00090V,AUCTION-aFRR,B74,10YSK-SEPS-----K,EUR,A01,A01,20260226021-AFRR_P-UNIT_062-1,MWH,MAW,A01,A06,2026-02-26T04:15Z,2026-02-26T04:00Z
balancing_energy_bids,57,2026-02-26T04:00:00,PT15M,2026-02-26T04:15Z,2026-02-26T04:00Z,140,1,10,10Y1001C--00090V,AUCTION-aFRR,B74,10YSK-SEPS-----K,EUR,A01,A01,20260226021-AFRR_P-UNIT_063-1,MWH,MAW,A01,A06,2026-02-26T04:15Z,2026-02-26T04:00Z
balancing_energy_bids,58,2026-02-26T04:00:00,PT15M,2026-02-26T04:15Z,2026-02-26T04:00Z,165,1,16,10Y1001C--00090V,AUCTION-aFRR,B74,10YSK-SEPS-----K,EUR,A01,A01,20260226021-AFRR_P-UNIT_065-1,MWH,MAW,A01,A06,2026-02-26T04:15Z,2026-02-26T04:00Z
balancing_energy_bids,59,2026-02-26T04:00:00,PT15M,2026-02-26T04:15Z,2026-02-26T04:00Z,132,1,1,10Y1001C--00090V,AUCTION-aFRR,B74,10YSK-SEPS-----K,EUR,A01,A01,20260226021-AFRR_P-UNIT_068-1,MWH,MAW,A01,A11,2026-02-26T04:15Z,2026-02-26T04:00Z
balancing_energy_bids,60,2026-02-26T04:00:00,PT15M,2026-02-26T04:15Z,2026-02-26T04:00Z,100,1,15,10Y1001C--00090V,AUCTION-aFRR,B74,10YSK-SEPS-----K,EUR,A01,A01,20260226021-AFRR_P-UNIT_069-1,MWH,MAW,A01,A06,2026-02-26T04:15Z,2026-02-26T04:00Z
balancing_energy_bids,61,2026-02-26T04:00:00,PT15M,2026-02-26T04:15Z,2026-02-26T04:00Z,85,1,7,10Y1001C--00090V,AUCTION-aFRR,B74,10YSK-SEPS-----K,EUR,A01,A01,20260226021-AFRR_P-UNIT_097-1,MWH,MAW,A01,A06,2026-02-26T04:15Z,2026-02-26T04:00Z
balancing_energy_bids,62,2026-02-26T04:00:00,PT15M,2026-02-26T04:15Z,2026-02-26T04:00Z,750,1,11,10Y1001C--00090V,AUCTION-aFRR,B74,10YSK-SEPS-----K,EUR,A01,A01,20260226021-AFRR_P-UNIT_104-1,MWH,MAW,A01,A06,2026-02-26T04:15Z,2026-02-26T04:00Z
balancing_energy_bids,63,2026-02-26T04:00:00,PT15M,2026-02-26T04:15Z,2026-02-26T04:00Z,300,1,1,10Y1001C--00090V,AUCTION-aFRR,B74,10YSK-SEPS-----K,EUR,A01,A01,20260226021-AFRR_P-UNIT_106-1,MWH,MAW,A01,A11,2026-02-26T04:15Z,2026-02-26T04:00Z
balancing_energy_bids,64,2026-02-26T04:15:00,PT15M,2026-02-26T04:30Z,2026-02-26T04:15Z,-5,1,7,10Y1001C--00090V,AUCTION-aFRR,B74,10YSK-SEPS-----K,EUR,A01,A02,20260226022-AFRR_N-UNIT_003-1,MWH,MAW,A01,A06,2026-02-26T04:30Z,2026-02-26T04:15Z
balancing_energy_bids,65,2026-02-26T04:15:00,PT15M,2026-02-26T04:30Z,2026-02-26T04:15Z,-20,1,30,10Y1001C--00090V,AUCTION-aFRR,B74,10YSK-SEPS-----K,EUR,A01,A02,20260226022-AFRR_N-UNIT_013-1,MWH,MAW,A01,A06,2026-02-26T04:30Z,2026-02-26T04:15Z
balancing_energy_bids,66,2026-02-26T04:15:00,PT15M,2026-02-26T04:30Z,2026-02-26T04:15Z,-199,1,1,10Y1001C--00090V,AUCTION-aFRR,B74,10YSK-SEPS-----K,EUR,A01,A02,20260226022-AFRR_N-UNIT_019-1,MWH,MAW,A01,A11,2026-02-26T04:30Z,2026-02-26T04:15Z
balancing_energy_bids,67,2026-02-26T04:15:00,PT15M,2026-02-26T04:30Z,2026-02-26T04:15Z,-200,1,14,10Y1001C--00090V,AUCTION-aFRR,B74,10YSK-SEPS-----K,EUR,A01,A02,20260226022-AFRR_N-UNIT_028-1,MWH,MAW,A01,A06,2026-02-26T04:30Z,2026-02-26T04:15Z
balancing_energy_bids,68,2026-02-26T04:15:00,PT15M,2026-02-26T04:30Z,2026-02-26T04:15Z,10,1,7,10Y1001C--00090V,AUCTION-aFRR,B74,10YSK-SEPS-----K,EUR,A01,A02,20260226022-AFRR_N-UNIT_043-1,MWH,MAW,A01,A06,2026-02-26T04:30Z,2026-02-26T04:15Z
balancing_energy_bids,69,2026-02-26T04:15:00,PT15M,2026-02-26T04:30Z,2026-02-26T04:15Z,-30,1,10,10Y1001C--00090V,AUCTION-aFRR,B74,10YSK-SEPS-----K,EUR,A01,A02,20260226022-AFRR_N-UNIT_052-1,MWH,MAW,A01,A06,2026-02-26T04:30Z,2026-02-26T04:15Z
balancing_energy_bids,70,2026-02-26T04:15:00,PT15M,2026-02-26T04:30Z,2026-02-26T04:15Z,-5,1,1,10Y1001C--00090V,AUCTION-aFRR,B74,10YSK-SEPS-----K,EUR,A01,A02,20260226022-AFRR_N-UNIT_058-1,MWH,MAW,A01,A11,2026-02-26T04:30Z,2026-02-26T04:15Z
balancing_energy_bids,71,2026-02-26T04:15:00,PT15M,2026-02-26T04:30Z,2026-02-26T04:15Z,-29,1,15,10Y1001C--00090V,AUCTION-aFRR,B74,10YSK-SEPS-----K,EUR,A01,A02,20260226022-AFRR_N-UNIT_062-1,MWH,MAW,A01,A06,2026-02-26T04:30Z,2026-02-26T04:15Z
balancing_energy_bids,72,2026-02-26T04:15:00,PT15M,2026-02-26T04:30Z,2026-02-26T04:15Z,-5,1,1,10Y1001C--00090V,AUCTION-aFRR,B74,10YSK-SEPS-----K,EUR,A01,A02,20260226022-AFRR_N-UNIT_068-1,MWH,MAW,A01,A11,2026-02-26T04:30Z,2026-02-26T04:15Z
balancing_energy_bids,73,2026-02-26T04:15:00,PT15M,2026-02-26T04:30Z,2026-02-26T04:15Z,-150,1,15,10Y1001C--00090V,AUCTION-aFRR,B74,10YSK-SEPS-----K,EUR,A01,A02,20260226022-AFRR_N-UNIT_069-1,MWH,MAW,A01,A06,2026-02-26T04:30Z,2026-02-26T04:15Z
balancing_energy_bids,74,2026-02-26T04:15:00,PT15M,2026-02-26T04:30Z,2026-02-26T04:15Z,-186.69,1,3,10Y1001C--00090V,AUCTION-aFRR,B74,10YSK-SEPS-----K,EUR,A01,A02,20260226022-AFRR_N-UNIT_089-1,MWH,MAW,A01,A06,2026-02-26T04:30Z,2026-02-26T04:15Z
balancing_energy_bids,75,2026-02-26T04:15:00,PT15M,2026-02-26T04:30Z,2026-02-26T04:15Z,20,1,4,10Y1001C--00090V,AUCTION-aFRR,B74,10YSK-SEPS-----K,EUR,A01,A02,20260226022-AFRR_N-UNIT_104-1,MWH,MAW,A01,A06,2026-02-26T04:30Z,2026-02-26T04:15Z
balancing_energy_bids,76,2026-02-26T04:15:00,PT15M,2026-02-26T04:30Z,2026-02-26T04:15Z,-19,1,1,10Y1001C--00090V,AUCTION-aFRR,B74,10YSK-SEPS-----K,EUR,A01,A02,20260226022-AFRR_N-UNIT_106-1,MWH,MAW,A01,A06,2026-02-26T04:30Z,2026-02-26T04:15Z
balancing_energy_bids,77,2026-02-26T04:15:00,PT15M,2026-02-26T04:30Z,2026-02-26T04:15Z,189,1,3,10Y1001C--00090V,AUCTION-aFRR,B74,10YSK-SEPS-----K,EUR,A01,A01,20260226022-AFRR_P-UNIT_003-1,MWH,MAW,A01,A06,2026-02-26T04:30Z,2026-02-26T04:15Z
balancing_energy_bids,78,2026-02-26T04:15:00,PT15M,2026-02-26T04:30Z,2026-02-26T04:15Z,165,1,3,10Y1001C--00090V,AUCTION-aFRR,B74,10YSK-SEPS-----K,EUR,A01,A01,20260226022-AFRR_P-UNIT_009-1,MWH,MAW,A01,A06,2026-02-26T04:30Z,2026-02-26T04:15Z
balancing_energy_bids,79,2026-02-26T04:15:00,PT15M,2026-02-26T04:30Z,2026-02-26T04:15Z,251,1,1,10Y1001C--00090V,AUCTION-aFRR,B74,10YSK-SEPS-----K,EUR,A01,A01,20260226022-AFRR_P-UNIT_019-1,MWH,MAW,A01,A06,2026-02-26T04:30Z,2026-02-26T04:15Z
balancing_energy_bids,80,2026-02-26T04:15:00,PT15M,2026-02-26T04:30Z,2026-02-26T04:15Z,50,1,11,10Y1001C--00090V,AUCTION-aFRR,B74,10YSK-SEPS-----K,EUR,A01,A01,20260226022-AFRR_P-UNIT_028-1,MWH,MAW,A01,A06,2026-02-26T04:30Z,2026-02-26T04:15Z
balancing_energy_bids,81,2026-02-26T04:15:00,PT15M,2026-02-26T04:30Z,2026-02-26T04:15Z,0,1,1,10Y1001C--00090V,AUCTION-aFRR,B74,10YSK-SEPS-----K,EUR,A01,A01,20260226022-AFRR_P-UNIT_047-1,MWH,MAW,A01,A11,2026-02-26T04:30Z,2026-02-26T04:15Z
balancing_energy_bids,82,2026-02-26T04:15:00,PT15M,2026-02-26T04:30Z,2026-02-26T04:15Z,130,1,23,10Y1001C--00090V,AUCTION-aFRR,B74,10YSK-SEPS-----K,EUR,A01,A01,20260226022-AFRR_P-UNIT_052-1,MWH,MAW,A01,A06,2026-02-26T04:30Z,2026-02-26T04:15Z
balancing_energy_bids,83,2026-02-26T04:15:00,PT15M,2026-02-26T04:30Z,2026-02-26T04:15Z,132,1,1,10Y1001C--00090V,AUCTION-aFRR,B74,10YSK-SEPS-----K,EUR,A01,A01,20260226022-AFRR_P-UNIT_058-1,MWH,MAW,A01,A11,2026-02-26T04:30Z,2026-02-26T04:15Z
balancing_energy_bids,84,2026-02-26T04:15:00,PT15M,2026-02-26T04:30Z,2026-02-26T04:15Z,90,1,9,10Y1001C--00090V,AUCTION-aFRR,B74,10YSK-SEPS-----K,EUR,A01,A01,20260226022-AFRR_P-UNIT_062-1,MWH,MAW,A01,A06,2026-02-26T04:30Z,2026-02-26T04:15Z
balancing_energy_bids,85,2026-02-26T04:15:00,PT15M,2026-02-26T04:30Z,2026-02-26T04:15Z,140,1,10,10Y1001C--00090V,AUCTION-aFRR,B74,10YSK-SEPS-----K,EUR,A01,A01,20260226022-AFRR_P-UNIT_063-1,MWH,MAW,A01,A06,2026-02-26T04:30Z,2026-02-26T04:15Z
balancing_energy_bids,86,2026-02-26T04:15:00,PT15M,2026-02-26T04:30Z,2026-02-26T04:15Z,165,1,16,10Y1001C--00090V,AUCTION-aFRR,B74,10YSK-SEPS-----K,EUR,A01,A01,20260226022-AFRR_P-UNIT_065-1,MWH,MAW,A01,A06,2026-02-26T04:30Z,2026-02-26T04:15Z
balancing_energy_bids,87,2026-02-26T04:15:00,PT15M,2026-02-26T04:30Z,2026-02-26T04:15Z,132,1,1,10Y1001C--00090V,AUCTION-aFRR,B74,10YSK-SEPS-----K,EUR,A01,A01,20260226022-AFRR_P-UNIT_068-1,MWH,MAW,A01,A11,2026-02-26T04:30Z,2026-02-26T04:15Z
balancing_energy_bids,88,2026-02-26T04:15:00,PT15M,2026-02-26T04:30Z,2026-02-26T04:15Z,100,1,15,10Y1001C--00090V,AUCTION-aFRR,B74,10YSK-SEPS-----K,EUR,A01,A01,20260226022-AFRR_P-UNIT_069-1,MWH,MAW,A01,A06,2026-02-26T04:30Z,2026-02-26T04:15Z
balancing_energy_bids,89,2026-02-26T04:15:00,PT15M,2026-02-26T04:30Z,2026-02-26T04:15Z,85,1,7,10Y1001C--00090V,AUCTION-aFRR,B74,10YSK-SEPS-----K,EUR,A01,A01,20260226022-AFRR_P-UNIT_097-1,MWH,MAW,A01,A06,2026-02-26T04:30Z,2026-02-26T04:15Z
balancing_energy_bids,90,2026-02-26T04:15:00,PT15M,2026-02-26T04:30Z,2026-02-26T04:15Z,750,1,11,10Y1001C--00090V,AUCTION-aFRR,B74,10YSK-SEPS-----K,EUR,A01,A01,20260226022-AFRR_P-UNIT_104-1,MWH,MAW,A01,A06,2026-02-26T04:30Z,2026-02-26T04:15Z
balancing_energy_bids,91,2026-02-26T04:15:00,PT15M,2026-02-26T04:30Z,2026-02-26T04:15Z,300,1,1,10Y1001C--00090V,AUCTION-aFRR,B74,10YSK-SEPS-----K,EUR,A01,A01,20260226022-AFRR_P-UNIT_106-1,MWH,MAW,A01,A11,2026-02-26T04:30Z,2026-02-26T04:15Z
balancing_energy_bids,92,2026-02-26T04:30:00,PT15M,2026-02-26T04:45Z,2026-02-26T04:30Z,-5,1,7,10Y1001C--00090V,AUCTION-aFRR,B74,10YSK-SEPS-----K,EUR,A01,A02,20260226023-AFRR_N-UNIT_003-1,MWH,MAW,A01,A06,2026-02-26T04:45Z,2026-02-26T04:30Z
balancing_energy_bids,93,2026-02-26T04:30:00,PT15M,2026-02-26T04:45Z,2026-02-26T04:30Z,-20,1,30,10Y1001C--00090V,AUCTION-aFRR,B74,10YSK-SEPS-----K,EUR,A01,A02,20260226023-AFRR_N-UNIT_013-1,MWH,MAW,A01,A06,2026-02-26T04:45Z,2026-02-26T04:30Z
balancing_energy_bids,94,2026-02-26T04:30:00,PT15M,2026-02-26T04:45Z,2026-02-26T04:30Z,-199,1,1,10Y1001C--00090V,AUCTION-aFRR,B74,10YSK-SEPS-----K,EUR,A01,A02,20260226023-AFRR_N-UNIT_019-1,MWH,MAW,A01,A11,2026-02-26T04:45Z,2026-02-26T04:30Z
balancing_energy_bids,95,2026-02-26T04:30:00,PT15M,2026-02-26T04:45Z,2026-02-26T04:30Z,-200,1,14,10Y1001C--00090V,AUCTION-aFRR,B74,10YSK-SEPS-----K,EUR,A01,A02,20260226023-AFRR_N-UNIT_028-1,MWH,MAW,A01,A06,2026-02-26T04:45Z,2026-02-26T04:30Z
balancing_energy_bids,96,2026-02-26T04:30:00,PT15M,2026-02-26T04:45Z,2026-02-26T04:30Z,10,1,7,10Y1001C--00090V,AUCTION-aFRR,B74,10YSK-SEPS-----K,EUR,A01,A02,20260226023-AFRR_N-UNIT_043-1,MWH,MAW,A01,A06,2026-02-26T04:45Z,2026-02-26T04:30Z
balancing_energy_bids,97,2026-02-26T04:30:00,PT15M,2026-02-26T04:45Z,2026-02-26T04:30Z,-30,1,10,10Y1001C--00090V,AUCTION-aFRR,B74,10YSK-SEPS-----K,EUR,A01,A02,20260226023-AFRR_N-UNIT_052-1,MWH,MAW,A01,A06,2026-02-26T04:45Z,2026-02-26T04:30Z
balancing_energy_bids,98,2026-02-26T04:30:00,PT15M,2026-02-26T04:45Z,2026-02-26T04:30Z,-5,1,1,10Y1001C--00090V,AUCTION-aFRR,B74,10YSK-SEPS-----K,EUR,A01,A02,20260226023-AFRR_N-UNIT_058-1,MWH,MAW,A01,A11,2026-02-26T04:45Z,2026-02-26T04:30Z
balancing_energy_bids,99,2026-02-26T04:30:00,PT15M,2026-02-26T04:45Z,2026-02-26T04:30Z,-29,1,15,10Y1001C--00090V,AUCTION-aFRR,B74,10YSK-SEPS-----K,EUR,A01,A02,20260226023-AFRR_N-UNIT_062-1,MWH,MAW,A01,A06,2026-02-26T04:45Z,2026-02-26T04:30Z
balancing_energy_bids,100,2026-02-26T04:30:00,PT15M,2026-02-26T04:45Z,2026-02-26T04:30Z,-5,1,1,10Y1001C--00090V,AUCTION-aFRR,B74,10YSK-SEPS-----K,EUR,A01,A02,20260226023-AFRR_N-UNIT_068-1,MWH,MAW,A01,A11,2026-02-26T04:45Z,2026-02-26T04:30Z
balancing_energy_bids,1,2026-02-26T04:30:00,PT15M,2026-02-26T04:45Z,2026-02-26T04:30Z,-150,1,15,10Y1001C--00090V,AUCTION-aFRR,B74,10YSK-SEPS-----K,EUR,A01,A02,20260226023-AFRR_N-UNIT_069-1,MWH,MAW,A01,A06,2026-02-26T04:45Z,2026-02-26T04:30Z
balancing_energy_bids,2,2026-02-26T04:30:00,PT15M,2026-02-26T04:45Z,2026-02-26T04:30Z,-173.7,1,3,10Y1001C--00090V,AUCTION-aFRR,B74,10YSK-SEPS-----K,EUR,A01,A02,20260226023-AFRR_N-UNIT_089-1,MWH,MAW,A01,A06,2026-02-26T04:45Z,2026-02-26T04:30Z
balancing_energy_bids,3,2026-02-26T04:30:00,PT15M,2026-02-26T04:45Z,2026-02-26T04:30Z,20,1,4,10Y1001C--00090V,AUCTION-aFRR,B74,10YSK-SEPS-----K,EUR,A01,A02,20260226023-AFRR_N-UNIT_104-1,MWH,MAW,A01,A06,2026-02-26T04:45Z,2026-02-26T04:30Z
balancing_energy_bids,4,2026-02-26T04:30:00,PT15M,2026-02-26T04:45Z,2026-02-26T04:30Z,-19,1,1,10Y1001C--00090V,AUCTION-aFRR,B74,10YSK-SEPS-----K,EUR,A01,A02,20260226023-AFRR_N-UNIT_106-1,MWH,MAW,A01,A06,2026-02-26T04:45Z,2026-02-26T04:30Z
balancing_energy_bids,5,2026-02-26T04:30:00,PT15M,2026-02-26T04:45Z,2026-02-26T04:30Z,189,1,3,10Y1001C--00090V,AUCTION-aFRR,B74,10YSK-SEPS-----K,EUR,A01,A01,20260226023-AFRR_P-UNIT_003-1,MWH,MAW,A01,A06,2026-02-26T04:45Z,2026-02-26T04:30Z
balancing_energy_bids,6,2026-02-26T04:30:00,PT15M,2026-02-26T04:45Z,2026-02-26T04:30Z,165,1,3,10Y1001C--00090V,AUCTION-aFRR,B74,10YSK-SEPS-----K,EUR,A01,A01,20260226023-AFRR_P-UNIT_009-1,MWH,MAW,A01,A06,2026-02-26T04:45Z,2026-02-26T04:30Z
balancing_energy_bids,7,2026-02-26T04:30:00,PT15M,2026-02-26T04:45Z,2026-02-26T04:30Z,251,1,1,10Y1001C--00090V,AUCTION-aFRR,B74,10YSK-SEPS-----K,EUR,A01,A01,20260226023-AFRR_P-UNIT_019-1,MWH,MAW,A01,A06,2026-02-26T04:45Z,2026-02-26T04:30Z
balancing_energy_bids,8,2026-02-26T04:30:00,PT15M,2026-02-26T04:45Z,2026-02-26T04:30Z,50,1,11,10Y1001C--00090V,AUCTION-aFRR,B74,10YSK-SEPS-----K,EUR,A01,A01,20260226023-AFRR_P-UNIT_028-1,MWH,MAW,A01,A06,2026-02-26T04:45Z,2026-02-26T04:30Z
balancing_energy_bids,9,2026-02-26T04:30:00,PT15M,2026-02-26T04:45Z,2026-02-26T04:30Z,0,1,1,10Y1001C--00090V,AUCTION-aFRR,B74,10YSK-SEPS-----K,EUR,A01,A01,20260226023-AFRR_P-UNIT_047-1,MWH,MAW,A01,A11,2026-02-26T04:45Z,2026-02-26T04:30Z
balancing_energy_bids,10,2026-02-26T04:30:00,PT15M,2026-02-26T04:45Z,2026-02-26T04:30Z,130,1,23,10Y1001C--00090V,AUCTION-aFRR,B74,10YSK-SEPS-----K,EUR,A01,A01,20260226023-AFRR_P-UNIT_052-1,MWH,MAW,A01,A06,2026-02-26T04:45Z,2026-02-26T04:30Z
balancing_energy_bids,11,2026-02-26T04:30:00,PT15M,2026-02-26T04:45Z,2026-02-26T04:30Z,132,1,1,10Y1001C--00090V,AUCTION-aFRR,B74,10YSK-SEPS-----K,EUR,A01,A01,20260226023-AFRR_P-UNIT_058-1,MWH,MAW,A01,A11,2026-02-26T04:45Z,2026-02-26T04:30Z
balancing_energy_bids,12,2026-02-26T04:30:00,PT15M,2026-02-26T04:45Z,2026-02-26T04:30Z,106,1,9,10Y1001C--00090V,AUCTION-aFRR,B74,10YSK-SEPS-----K,EUR,A01,A01,20260226023-AFRR_P-UNIT_062-1,MWH,MAW,A01,A06,2026-02-26T04:45Z,2026-02-26T04:30Z
balancing_energy_bids,13,2026-02-26T04:30:00,PT15M,2026-02-26T04:45Z,2026-02-26T04:30Z,140,1,10,10Y1001C--00090V,AUCTION-aFRR,B74,10YSK-SEPS-----K,EUR,A01,A01,20260226023-AFRR_P-UNIT_063-1,MWH,MAW,A01,A06,2026-02-26T04:45Z,2026-02-26T04:30Z
balancing_energy_bids,14,2026-02-26T04:30:00,PT15M,2026-02-26T04:45Z,2026-02-26T04:30Z,165,1,16,10Y1001C--00090V,AUCTION-aFRR,B74,10YSK-SEPS-----K,EUR,A01,A01,20260226023-AFRR_P-UNIT_065-1,MWH,MAW,A01,A06,2026-02-26T04:45Z,2026-02-26T04:30Z
balancing_energy_bids,15,2026-02-26T04:30:00,PT15M,2026-02-26T04:45Z,2026-02-26T04:30Z,132,1,1,10Y1001C--00090V,AUCTION-aFRR,B74,10YSK-SEPS-----K,EUR,A01,A01,20260226023-AFRR_P-UNIT_068-1,MWH,MAW,A01,A11,2026-02-26T04:45Z,2026-02-26T04:30Z
balancing_energy_bids,16,2026-02-26T04:30:00,PT15M,2026-02-26T04:45Z,2026-02-26T04:30Z,100,1,15,10Y1001C--00090V,AUCTION-aFRR,B74,10YSK-SEPS-----K,EUR,A01,A01,20260226023-AFRR_P-UNIT_069-1,MWH,MAW,A01,A06,2026-02-26T04:45Z,2026-02-26T04:30Z
balancing_energy_bids,17,2026-02-26T04:30:00,PT15M,2026-02-26T04:45Z,2026-02-26T04:30Z,85,1,7,10Y1001C--00090V,AUCTION-aFRR,B74,10YSK-SEPS-----K,EUR,A01,A01,20260226023-AFRR_P-UNIT_097-1,MWH,MAW,A01,A06,2026-02-26T04:45Z,2026-02-26T04:30Z
balancing_energy_bids,18,2026-02-26T04:30:00,PT15M,2026-02-26T04:45Z,2026-02-26T04:30Z,750,1,11,10Y1001C--00090V,AUCTION-aFRR,B74,10YSK-SEPS-----K,EUR,A01,A01,20260226023-AFRR_P-UNIT_104-1,MWH,MAW,A01,A06,2026-02-26T04:45Z,2026-02-26T04:30Z
balancing_energy_bids,19,2026-02-26T04:30:00,PT15M,2026-02-26T04:45Z,2026-02-26T04:30Z,300,1,1,10Y1001C--00090V,AUCTION-aFRR,B74,10YSK-SEPS-----K,EUR,A01,A01,20260226023-AFRR_P-UNIT_106-1,MWH,MAW,A01,A11,2026-02-26T04:45Z,2026-02-26T04:30Z
balancing_energy_bids,20,2026-02-26T04:45:00,PT15M,2026-02-26T05:00Z,2026-02-26T04:45Z,-5,1,7,10Y1001C--00090V,AUCTION-aFRR,B74,10YSK-SEPS-----K,EUR,A01,A02,20260226024-AFRR_N-UNIT_003-1,MWH,MAW,A01,A06,2026-02-26T05:00Z,2026-02-26T04:45Z
balancing_energy_bids,21,2026-02-26T04:45:00,PT15M,2026-02-26T05:00Z,2026-02-26T04:45Z,-20,1,30,10Y1001C--00090V,AUCTION-aFRR,B74,10YSK-SEPS-----K,EUR,A01,A02,20260226024-AFRR_N-UNIT_013-1,MWH,MAW,A01,A06,2026-02-26T05:00Z,2026-02-26T04:45Z
balancing_energy_bids,22,2026-02-26T04:45:00,PT15M,2026-02-26T05:00Z,2026-02-26T04:45Z,-199,1,1,10Y1001C--00090V,AUCTION-aFRR,B74,10YSK-SEPS-----K,EUR,A01,A02,20260226024-AFRR_N-UNIT_019-1,MWH,MAW,A01,A11,2026-02-26T05:00Z,2026-02-26T04:45Z
balancing_energy_bids,23,2026-02-26T04:45:00,PT15M,2026-02-26T05:00Z,2026-02-26T04:45Z,-200,1,14,10Y1001C--00090V,AUCTION-aFRR,B74,10YSK-SEPS-----K,EUR,A01,A02,20260226024-AFRR_N-UNIT_028-1,MWH,MAW,A01,A06,2026-02-26T05:00Z,2026-02-26T04:45Z
balancing_energy_bids,24,2026-02-26T04:45:00,PT15M,2026-02-26T05:00Z,2026-02-26T04:45Z,10,1,7,10Y1001C--00090V,AUCTION-aFRR,B74,10YSK-SEPS-----K,EUR,A01,A02,20260226024-AFRR_N-UNIT_043-1,MWH,MAW,A01,A06,2026-02-26T05:00Z,2026-02-26T04:45Z
balancing_energy_bids,25,2026-02-26T04:45:00,PT15M,2026-02-26T05:00Z,2026-02-26T04:45Z,-30,1,10,10Y1001C--00090V,AUCTION-aFRR,B74,10YSK-SEPS-----K,EUR,A01,A02,20260226024-AFRR_N-UNIT_052-1,MWH,MAW,A01,A06,2026-02-26T05:00Z,2026-02-26T04:45Z
balancing_energy_bids,26,2026-02-26T04:45:00,PT15M,2026-02-26T05:00Z,2026-02-26T04:45Z,-5,1,1,10Y1001C--00090V,AUCTION-aFRR,B74,10YSK-SEPS-----K,EUR,A01,A02,20260226024-AFRR_N-UNIT_058-1,MWH,MAW,A01,A11,2026-02-26T05:00Z,2026-02-26T04:45Z
balancing_energy_bids,27,2026-02-26T04:45:00,PT15M,2026-02-26T05:00Z,2026-02-26T04:45Z,-29,1,15,10Y1001C--00090V,AUCTION-aFRR,B74,10YSK-SEPS-----K,EUR,A01,A02,20260226024-AFRR_N-UNIT_062-1,MWH,MAW,A01,A06,2026-02-26T05:00Z,2026-02-26T04:45Z
balancing_energy_bids,28,2026-02-26T04:45:00,PT15M,2026-02-26T05:00Z,2026-02-26T04:45Z,-5,1,1,10Y1001C--00090V,AUCTION-aFRR,B74,10YSK-SEPS-----K,EUR,A01,A02,20260226024-AFRR_N-UNIT_068-1,MWH,MAW,A01,A11,2026-02-26T05:00Z,2026-02-26T04:45Z
balancing_energy_bids,29,2026-02-26T04:45:00,PT15M,2026-02-26T05:00Z,2026-02-26T04:45Z,-150,1,15,10Y1001C--00090V,AUCTION-aFRR,B74,10YSK-SEPS-----K,EUR,A01,A02,20260226024-AFRR_N-UNIT_069-1,MWH,MAW,A01,A06,2026-02-26T05:00Z,2026-02-26T04:45Z
balancing_energy_bids,30,2026-02-26T04:45:00,PT15M,2026-02-26T05:00Z,2026-02-26T04:45Z,-159.18,1,3,10Y1001C--00090V,AUCTION-aFRR,B74,10YSK-SEPS-----K,EUR,A01,A02,20260226024-AFRR_N-UNIT_089-1,MWH,MAW,A01,A06,2026-02-26T05:00Z,2026-02-26T04:45Z
balancing_energy_bids,31,2026-02-26T04:45:00,PT15M,2026-02-26T05:00Z,2026-02-26T04:45Z,20,1,4,10Y1001C--00090V,AUCTION-aFRR,B74,10YSK-SEPS-----K,EUR,A01,A02,20260226024-AFRR_N-UNIT_104-1,MWH,MAW,A01,A06,2026-02-26T05:00Z,2026-02-26T04:45Z
balancing_energy_bids,32,2026-02-26T04:45:00,PT15M,2026-02-26T05:00Z,2026-02-26T04:45Z,-19,1,1,10Y1001C--00090V,AUCTION-aFRR,B74,10YSK-SEPS-----K,EUR,A01,A02,20260226024-AFRR_N-UNIT_106-1,MWH,MAW,A01,A06,2026-02-26T05:00Z,2026-02-26T04:45Z
balancing_energy_bids,33,2026-02-26T04:45:00,PT15M,2026-02-26T05:00Z,2026-02-26T04:45Z,189,1,3,10Y1001C--00090V,AUCTION-aFRR,B74,10YSK-SEPS-----K,EUR,A01,A01,20260226024-AFRR_P-UNIT_003-1,MWH,MAW,A01,A06,2026-02-26T05:00Z,2026-02-26T04:45Z
balancing_energy_bids,34,2026-02-26T04:45:00,PT15M,2026-02-26T05:00Z,2026-02-26T04:45Z,165,1,3,10Y1001C--00090V,AUCTION-aFRR,B74,10YSK-SEPS-----K,EUR,A01,A01,20260226024-AFRR_P-UNIT_009-1,MWH,MAW,A01,A06,2026-02-26T05:00Z,2026-02-26T04:45Z
balancing_energy_bids,35,2026-02-26T04:45:00,PT15M,2026-02-26T05:00Z,2026-02-26T04:45Z,251,1,1,10Y1001C--00090V,AUCTION-aFRR,B74,10YSK-SEPS-----K,EUR,A01,A01,20260226024-AFRR_P-UNIT_019-1,MWH,MAW,A01,A06,2026-02-26T05:00Z,2026-02-26T04:45Z
balancing_energy_bids,36,2026-02-26T04:45:00,PT15M,2026-02-26T05:00Z,2026-02-26T04:45Z,50,1,11,10Y1001C--00090V,AUCTION-aFRR,B74,10YSK-SEPS-----K,EUR,A01,A01,20260226024-AFRR_P-UNIT_028-1,MWH,MAW,A01,A06,2026-02-26T05:00Z,2026-02-26T04:45Z
balancing_energy_bids,37,2026-02-26T04:45:00,PT15M,2026-02-26T05:00Z,2026-02-26T04:45Z,0,1,1,10Y1001C--00090V,AUCTION-aFRR,B74,10YSK-SEPS-----K,EUR,A01,A01,20260226024-AFRR_P-UNIT_047-1,MWH,MAW,A01,A11,2026-02-26T05:00Z,2026-02-26T04:45Z
balancing_energy_bids,38,2026-02-26T04:45:00,PT15M,2026-02-26T05:00Z,2026-02-26T04:45Z,130,1,23,10Y1001C--00090V,AUCTION-aFRR,B74,10YSK-SEPS-----K,EUR,A01,A01,20260226024-AFRR_P-UNIT_052-1,MWH,MAW,A01,A06,2026-02-26T05:00Z,2026-02-26T04:45Z
balancing_energy_bids,39,2026-02-26T04:45:00,PT15M,2026-02-26T05:00Z,2026-02-26T04:45Z,141.14,1,1,10Y1001C--00090V,AUCTION-aFRR,B74,10YSK-SEPS-----K,EUR,A01,A01,20260226024-AFRR_P-UNIT_058-1,MWH,MAW,A01,A11,2026-02-26T05:00Z,2026-02-26T04:45Z
balancing_energy_bids,40,2026-02-26T04:45:00,PT15M,2026-02-26T05:00Z,2026-02-26T04:45Z,121,1,9,10Y1001C--00090V,AUCTION-aFRR,B74,10YSK-SEPS-----K,EUR,A01,A01,20260226024-AFRR_P-UNIT_062-1,MWH,MAW,A01,A06,2026-02-26T05:00Z,2026-02-26T04:45Z
balancing_energy_bids,41,2026-02-26T04:45:00,PT15M,2026-02-26T05:00Z,2026-02-26T04:45Z,140,1,10,10Y1001C--00090V,AUCTION-aFRR,B74,10YSK-SEPS-----K,EUR,A01,A01,20260226024-AFRR_P-UNIT_063-1,MWH,MAW,A01,A06,2026-02-26T05:00Z,2026-02-26T04:45Z
balancing_energy_bids,42,2026-02-26T04:45:00,PT15M,2026-02-26T05:00Z,2026-02-26T04:45Z,165,1,16,10Y1001C--00090V,AUCTION-aFRR,B74,10YSK-SEPS-----K,EUR,A01,A01,20260226024-AFRR_P-UNIT_065-1,MWH,MAW,A01,A06,2026-02-26T05:00Z,2026-02-26T04:45Z
balancing_energy_bids,43,2026-02-26T04:45:00,PT15M,2026-02-26T05:00Z,2026-02-26T04:45Z,141.14,1,1,10Y1001C--00090V,AUCTION-aFRR,B74,10YSK-SEPS-----K,EUR,A01,A01,20260226024-AFRR_P-UNIT_068-1,MWH,MAW,A01,A11,2026-02-26T05:00Z,2026-02-26T04:45Z
balancing_energy_bids,44,2026-02-26T04:45:00,PT15M,2026-02-26T05:00Z,2026-02-26T04:45Z,100,1,15,10Y1001C--00090V,AUCTION-aFRR,B74,10YSK-SEPS-----K,EUR,A01,A01,20260226024-AFRR_P-UNIT_069-1,MWH,MAW,A01,A06,2026-02-26T05:00Z,2026-02-26T04:45Z
balancing_energy_bids,45,2026-02-26T04:45:00,PT15M,2026-02-26T05:00Z,2026-02-26T04:45Z,165,1,7,10Y1001C--00090V,AUCTION-aFRR,B74,10YSK-SEPS-----K,EUR,A01,A01,20260226024-AFRR_P-UNIT_097-1,MWH,MAW,A01,A06,2026-02-26T05:00Z,2026-02-26T04:45Z
balancing_energy_bids,46,2026-02-26T04:45:00,PT15M,2026-02-26T05:00Z,2026-02-26T04:45Z,750,1,11,10Y1001C--00090V,AUCTION-aFRR,B74,10YSK-SEPS-----K,EUR,A01,A01,20260226024-AFRR_P-UNIT_104-1,MWH,MAW,A01,A06,2026-02-26T05:00Z,2026-02-26T04:45Z
balancing_energy_bids,47,2026-02-26T04:45:00,PT15M,2026-02-26T05:00Z,2026-02-26T04:45Z,300,1,1,10Y1001C--00090V,AUCTION-aFRR,B74,10YSK-SEPS-----K,EUR,A01,A01,20260226024-AFRR_P-UNIT_106-1,MWH,MAW,A01,A11,2026-02-26T05:00Z,2026-02-26T04:45Z
balancing_energy_bids,48,2026-02-26T05:30:00,PT15M,2026-02-26T05:45Z,2026-02-26T05:30Z,-5,1,7,10Y1001C--00090V,AUCTION-aFRR,B74,10YSK-SEPS-----K,EUR,A01,A02,20260226027-AFRR_N-UNIT_003-1,MWH,MAW,A01,A06,2026-02-26T05:45Z,2026-02-26T05:30Z
balancing_energy_bids,49,2026-02-26T05:30:00,PT15M,2026-02-26T05:45Z,2026-02-26T05:30Z,-20,1,30,10Y1001C--00090V,AUCTION-aFRR,B74,10YSK-SEPS-----K,EUR,A01,A02,20260226027-AFRR_N-UNIT_013-1,MWH,MAW,A01,A06,2026-02-26T05:45Z,2026-02-26T05:30Z
balancing_energy_bids,50,2026-02-26T05:30:00,PT15M,2026-02-26T05:45Z,2026-02-26T05:30Z,-199,1,1,10Y1001C--00090V,AUCTION-aFRR,B74,10YSK-SEPS-----K,EUR,A01,A02,20260226027-AFRR_N-UNIT_019-1,MWH,MAW,A01,A11,2026-02-26T05:45Z,2026-02-26T05:30Z
balancing_energy_bids,51,2026-02-26T05:30:00,PT15M,2026-02-26T05:45Z,2026-02-26T05:30Z,-5,1,10,10Y1001C--00090V,AUCTION-aFRR,B74,10YSK-SEPS-----K,EUR,A01,A02,20260226027-AFRR_N-UNIT_028-1,MWH,MAW,A01,A06,2026-02-26T05:45Z,2026-02-26T05:30Z
balancing_energy_bids,52,2026-02-26T05:30:00,PT15M,2026-02-26T05:45Z,2026-02-26T05:30Z,10,1,7,10Y1001C--00090V,AUCTION-aFRR,B74,10YSK-SEPS-----K,EUR,A01,A02,20260226027-AFRR_N-UNIT_043-1,MWH,MAW,A01,A06,2026-02-26T05:45Z,2026-02-26T05:30Z
balancing_energy_bids,53,2026-02-26T05:30:00,PT15M,2026-02-26T05:45Z,2026-02-26T05:30Z,-30,1,10,10Y1001C--00090V,AUCTION-aFRR,B74,10YSK-SEPS-----K,EUR,A01,A02,20260226027-AFRR_N-UNIT_052-1,MWH,MAW,A01,A06,2026-02-26T05:45Z,2026-02-26T05:30Z
balancing_energy_bids,54,2026-02-26T05:30:00,PT15M,2026-02-26T05:45Z,2026-02-26T05:30Z,-5,1,1,10Y1001C--00090V,AUCTION-aFRR,B74,10YSK-SEPS-----K,EUR,A01,A02,20260226027-AFRR_N-UNIT_058-1,MWH,MAW,A01,A11,2026-02-26T05:45Z,2026-02-26T05:30Z
balancing_energy_bids,55,2026-02-26T05:30:00,PT15M,2026-02-26T05:45Z,2026-02-26T05:30Z,-29,1,15,10Y1001C--00090V,AUCTION-aFRR,B74,10YSK-SEPS-----K,EUR,A01,A02,20260226027-AFRR_N-UNIT_062-1,MWH,MAW,A01,A06,2026-02-26T05:45Z,2026-02-26T05:30Z
balancing_energy_bids,56,2026-02-26T05:30:00,PT15M,2026-02-26T05:45Z,2026-02-26T05:30Z,-5,1,4,10Y1001C--00090V,AUCTION-aFRR,B74,10YSK-SEPS-----K,EUR,A01,A02,20260226027-AFRR_N-UNIT_068-1,MWH,MAW,A01,A06,2026-02-26T05:45Z,2026-02-26T05:30Z
balancing_energy_bids,57,2026-02-26T05:30:00,PT15M,2026-02-26T05:45Z,2026-02-26T05:30Z,-150,1,15,10Y1001C--00090V,AUCTION-aFRR,B74,10YSK-SEPS-----K,EUR,A01,A02,20260226027-AFRR_N-UNIT_069-1,MWH,MAW,A01,A06,2026-02-26T05:45Z,2026-02-26T05:30Z
balancing_energy_bids,58,2026-02-26T05:30:00,PT15M,2026-02-26T05:45Z,2026-02-26T05:30Z,-137.87,1,3,10Y1001C--00090V,AUCTION-aFRR,B74,10YSK-SEPS-----K,EUR,A01,A02,20260226027-AFRR_N-UNIT_089-1,MWH,MAW,A01,A06,2026-02-26T05:45Z,2026-02-26T05:30Z
balancing_energy_bids,59,2026-02-26T05:30:00,PT15M,2026-02-26T05:45Z,2026-02-26T05:30Z,0,1,7,10Y1001C--00090V,AUCTION-aFRR,B74,10YSK-SEPS-----K,EUR,A01,A02,20260226027-AFRR_N-UNIT_097-1,MWH,MAW,A01,A06,2026-02-26T05:45Z,2026-02-26T05:30Z
balancing_energy_bids,60,2026-02-26T05:30:00,PT15M,2026-02-26T05:45Z,2026-02-26T05:30Z,20,1,4,10Y1001C--00090V,AUCTION-aFRR,B74,10YSK-SEPS-----K,EUR,A01,A02,20260226027-AFRR_N-UNIT_104-1,MWH,MAW,A01,A06,2026-02-26T05:45Z,2026-02-26T05:30Z
balancing_energy_bids,61,2026-02-26T05:30:00,PT15M,2026-02-26T05:45Z,2026-02-26T05:30Z,-19,1,1,10Y1001C--00090V,AUCTION-aFRR,B74,10YSK-SEPS-----K,EUR,A01,A02,20260226027-AFRR_N-UNIT_106-1,MWH,MAW,A01,A06,2026-02-26T05:45Z,2026-02-26T05:30Z
balancing_energy_bids,62,2026-02-26T05:30:00,PT15M,2026-02-26T05:45Z,2026-02-26T05:30Z,189,1,3,10Y1001C--00090V,AUCTION-aFRR,B74,10YSK-SEPS-----K,EUR,A01,A01,20260226027-AFRR_P-UNIT_003-1,MWH,MAW,A01,A06,2026-02-26T05:45Z,2026-02-26T05:30Z
balancing_energy_bids,63,2026-02-26T05:30:00,PT15M,2026-02-26T05:45Z,2026-02-26T05:30Z,171.55,1,3,10Y1001C--00090V,AUCTION-aFRR,B74,10YSK-SEPS-----K,EUR,A01,A01,20260226027-AFRR_P-UNIT_009-1,MWH,MAW,A01,A06,2026-02-26T05:45Z,2026-02-26T05:30Z
balancing_energy_bids,64,2026-02-26T05:30:00,PT15M,2026-02-26T05:45Z,2026-02-26T05:30Z,251,1,1,10Y1001C--00090V,AUCTION-aFRR,B74,10YSK-SEPS-----K,EUR,A01,A01,20260226027-AFRR_P-UNIT_019-1,MWH,MAW,A01,A06,2026-02-26T05:45Z,2026-02-26T05:30Z
balancing_energy_bids,65,2026-02-26T05:30:00,PT15M,2026-02-26T05:45Z,2026-02-26T05:30Z,400,1,11,10Y1001C--00090V,AUCTION-aFRR,B74,10YSK-SEPS-----K,EUR,A01,A01,20260226027-AFRR_P-UNIT_028-1,MWH,MAW,A01,A06,2026-02-26T05:45Z,2026-02-26T05:30Z
balancing_energy_bids,66,2026-02-26T05:30:00,PT15M,2026-02-26T05:45Z,2026-02-26T05:30Z,0,1,1,10Y1001C--00090V,AUCTION-aFRR,B74,10YSK-SEPS-----K,EUR,A01,A01,20260226027-AFRR_P-UNIT_047-1,MWH,MAW,A01,A11,2026-02-26T05:45Z,2026-02-26T05:30Z
balancing_energy_bids,67,2026-02-26T05:30:00,PT15M,2026-02-26T05:45Z,2026-02-26T05:30Z,135,1,23,10Y1001C--00090V,AUCTION-aFRR,B74,10YSK-SEPS-----K,EUR,A01,A01,20260226027-AFRR_P-UNIT_052-1,MWH,MAW,A01,A06,2026-02-26T05:45Z,2026-02-26T05:30Z
balancing_energy_bids,68,2026-02-26T05:30:00,PT15M,2026-02-26T05:45Z,2026-02-26T05:30Z,170.98,1,1,10Y1001C--00090V,AUCTION-aFRR,B74,10YSK-SEPS-----K,EUR,A01,A01,20260226027-AFRR_P-UNIT_058-1,MWH,MAW,A01,A11,2026-02-26T05:45Z,2026-02-26T05:30Z
balancing_energy_bids,69,2026-02-26T05:30:00,PT15M,2026-02-26T05:45Z,2026-02-26T05:30Z,128,1,9,10Y1001C--00090V,AUCTION-aFRR,B74,10YSK-SEPS-----K,EUR,A01,A01,20260226027-AFRR_P-UNIT_062-1,MWH,MAW,A01,A06,2026-02-26T05:45Z,2026-02-26T05:30Z
balancing_energy_bids,70,2026-02-26T05:30:00,PT15M,2026-02-26T05:45Z,2026-02-26T05:30Z,140,1,10,10Y1001C--00090V,AUCTION-aFRR,B74,10YSK-SEPS-----K,EUR,A01,A01,20260226027-AFRR_P-UNIT_063-1,MWH,MAW,A01,A06,2026-02-26T05:45Z,2026-02-26T05:30Z
balancing_energy_bids,71,2026-02-26T05:30:00,PT15M,2026-02-26T05:45Z,2026-02-26T05:30Z,171.55,1,16,10Y1001C--00090V,AUCTION-aFRR,B74,10YSK-SEPS-----K,EUR,A01,A01,20260226027-AFRR_P-UNIT_065-1,MWH,MAW,A01,A06,2026-02-26T05:45Z,2026-02-26T05:30Z
balancing_energy_bids,72,2026-02-26T05:30:00,PT15M,2026-02-26T05:45Z,2026-02-26T05:30Z,170.98,1,5,10Y1001C--00090V,AUCTION-aFRR,B74,10YSK-SEPS-----K,EUR,A01,A01,20260226027-AFRR_P-UNIT_068-1,MWH,MAW,A01,A06,2026-02-26T05:45Z,2026-02-26T05:30Z
balancing_energy_bids,73,2026-02-26T05:30:00,PT15M,2026-02-26T05:45Z,2026-02-26T05:30Z,100,1,15,10Y1001C--00090V,AUCTION-aFRR,B74,10YSK-SEPS-----K,EUR,A01,A01,20260226027-AFRR_P-UNIT_069-1,MWH,MAW,A01,A06,2026-02-26T05:45Z,2026-02-26T05:30Z
balancing_energy_bids,74,2026-02-26T05:30:00,PT15M,2026-02-26T05:45Z,2026-02-26T05:30Z,750,1,11,10Y1001C--00090V,AUCTION-aFRR,B74,10YSK-SEPS-----K,EUR,A01,A01,20260226027-AFRR_P-UNIT_104-1,MWH,MAW,A01,A06,2026-02-26T05:45Z,2026-02-26T05:30Z
balancing_energy_bids,75,2026-02-26T05:30:00,PT15M,2026-02-26T05:45Z,2026-02-26T05:30Z,300,1,1,10Y1001C--00090V,AUCTION-aFRR,B74,10YSK-SEPS-----K,EUR,A01,A01,20260226027-AFRR_P-UNIT_106-1,MWH,MAW,A01,A11,2026-02-26T05:45Z,2026-02-26T05:30Z
balancing_energy_bids,76,2026-02-26T05:45:00,PT15M,2026-02-26T06:00Z,2026-02-26T05:45Z,-5,1,7,10Y1001C--00090V,AUCTION-aFRR,B74,10YSK-SEPS-----K,EUR,A01,A02,20260226028-AFRR_N-UNIT_003-1,MWH,MAW,A01,A06,2026-02-26T06:00Z,2026-02-26T05:45Z
balancing_energy_bids,77,2026-02-26T05:45:00,PT15M,2026-02-26T06:00Z,2026-02-26T05:45Z,-20,1,30,10Y1001C--00090V,AUCTION-aFRR,B74,10YSK-SEPS-----K,EUR,A01,A02,20260226028-AFRR_N-UNIT_013-1,MWH,MAW,A01,A06,2026-02-26T06:00Z,2026-02-26T05:45Z
balancing_energy_bids,78,2026-02-26T05:45:00,PT15M,2026-02-26T06:00Z,2026-02-26T05:45Z,-199,1,1,10Y1001C--00090V,AUCTION-aFRR,B74,10YSK-SEPS-----K,EUR,A01,A02,20260226028-AFRR_N-UNIT_019-1,MWH,MAW,A01,A11,2026-02-26T06:00Z,2026-02-26T05:45Z
balancing_energy_bids,79,2026-02-26T05:45:00,PT15M,2026-02-26T06:00Z,2026-02-26T05:45Z,-0.01,1,10,10Y1001C--00090V,AUCTION-aFRR,B74,10YSK-SEPS-----K,EUR,A01,A02,20260226028-AFRR_N-UNIT_028-1,MWH,MAW,A01,A06,2026-02-26T06:00Z,2026-02-26T05:45Z
balancing_energy_bids,80,2026-02-26T05:45:00,PT15M,2026-02-26T06:00Z,2026-02-26T05:45Z,10,1,7,10Y1001C--00090V,AUCTION-aFRR,B74,10YSK-SEPS-----K,EUR,A01,A02,20260226028-AFRR_N-UNIT_043-1,MWH,MAW,A01,A06,2026-02-26T06:00Z,2026-02-26T05:45Z
balancing_energy_bids,81,2026-02-26T05:45:00,PT15M,2026-02-26T06:00Z,2026-02-26T05:45Z,-30,1,10,10Y1001C--00090V,AUCTION-aFRR,B74,10YSK-SEPS-----K,EUR,A01,A02,20260226028-AFRR_N-UNIT_052-1,MWH,MAW,A01,A06,2026-02-26T06:00Z,2026-02-26T05:45Z
balancing_energy_bids,82,2026-02-26T05:45:00,PT15M,2026-02-26T06:00Z,2026-02-26T05:45Z,-5,1,1,10Y1001C--00090V,AUCTION-aFRR,B74,10YSK-SEPS-----K,EUR,A01,A02,20260226028-AFRR_N-UNIT_058-1,MWH,MAW,A01,A11,2026-02-26T06:00Z,2026-02-26T05:45Z
balancing_energy_bids,83,2026-02-26T05:45:00,PT15M,2026-02-26T06:00Z,2026-02-26T05:45Z,-29,1,15,10Y1001C--00090V,AUCTION-aFRR,B74,10YSK-SEPS-----K,EUR,A01,A02,20260226028-AFRR_N-UNIT_062-1,MWH,MAW,A01,A06,2026-02-26T06:00Z,2026-02-26T05:45Z
balancing_energy_bids,84,2026-02-26T05:45:00,PT15M,2026-02-26T06:00Z,2026-02-26T05:45Z,-5,1,4,10Y1001C--00090V,AUCTION-aFRR,B74,10YSK-SEPS-----K,EUR,A01,A02,20260226028-AFRR_N-UNIT_068-1,MWH,MAW,A01,A06,2026-02-26T06:00Z,2026-02-26T05:45Z
balancing_energy_bids,85,2026-02-26T05:45:00,PT15M,2026-02-26T06:00Z,2026-02-26T05:45Z,-150,1,15,10Y1001C--00090V,AUCTION-aFRR,B74,10YSK-SEPS-----K,EUR,A01,A02,20260226028-AFRR_N-UNIT_069-1,MWH,MAW,A01,A06,2026-02-26T06:00Z,2026-02-26T05:45Z
balancing_energy_bids,86,2026-02-26T05:45:00,PT15M,2026-02-26T06:00Z,2026-02-26T05:45Z,-129.68,1,3,10Y1001C--00090V,AUCTION-aFRR,B74,10YSK-SEPS-----K,EUR,A01,A02,20260226028-AFRR_N-UNIT_089-1,MWH,MAW,A01,A06,2026-02-26T06:00Z,2026-02-26T05:45Z
balancing_energy_bids,87,2026-02-26T05:45:00,PT15M,2026-02-26T06:00Z,2026-02-26T05:45Z,0,1,7,10Y1001C--00090V,AUCTION-aFRR,B74,10YSK-SEPS-----K,EUR,A01,A02,20260226028-AFRR_N-UNIT_097-1,MWH,MAW,A01,A06,2026-02-26T06:00Z,2026-02-26T05:45Z
balancing_energy_bids,88,2026-02-26T05:45:00,PT15M,2026-02-26T06:00Z,2026-02-26T05:45Z,20,1,4,10Y1001C--00090V,AUCTION-aFRR,B74,10YSK-SEPS-----K,EUR,A01,A02,20260226028-AFRR_N-UNIT_104-1,MWH,MAW,A01,A06,2026-02-26T06:00Z,2026-02-26T05:45Z
balancing_energy_bids,89,2026-02-26T05:45:00,PT15M,2026-02-26T06:00Z,2026-02-26T05:45Z,-19,1,1,10Y1001C--00090V,AUCTION-aFRR,B74,10YSK-SEPS-----K,EUR,A01,A02,20260226028-AFRR_N-UNIT_106-1,MWH,MAW,A01,A06,2026-02-26T06:00Z,2026-02-26T05:45Z
balancing_energy_bids,90,2026-02-26T05:45:00,PT15M,2026-02-26T06:00Z,2026-02-26T05:45Z,189,1,3,10Y1001C--00090V,AUCTION-aFRR,B74,10YSK-SEPS-----K,EUR,A01,A01,20260226028-AFRR_P-UNIT_003-1,MWH,MAW,A01,A06,2026-02-26T06:00Z,2026-02-26T05:45Z
balancing_energy_bids,91,2026-02-26T05:45:00,PT15M,2026-02-26T06:00Z,2026-02-26T05:45Z,181.38,1,3,10Y1001C--00090V,AUCTION-aFRR,B74,10YSK-SEPS-----K,EUR,A01,A01,20260226028-AFRR_P-UNIT_009-1,MWH,MAW,A01,A06,2026-02-26T06:00Z,2026-02-26T05:45Z
balancing_energy_bids,92,2026-02-26T05:45:00,PT15M,2026-02-26T06:00Z,2026-02-26T05:45Z,251,1,1,10Y1001C--00090V,AUCTION-aFRR,B74,10YSK-SEPS-----K,EUR,A01,A01,20260226028-AFRR_P-UNIT_019-1,MWH,MAW,A01,A06,2026-02-26T06:00Z,2026-02-26T05:45Z
balancing_energy_bids,93,2026-02-26T05:45:00,PT15M,2026-02-26T06:00Z,2026-02-26T05:45Z,450,1,11,10Y1001C--00090V,AUCTION-aFRR,B74,10YSK-SEPS-----K,EUR,A01,A01,20260226028-AFRR_P-UNIT_028-1,MWH,MAW,A01,A06,2026-02-26T06:00Z,2026-02-26T05:45Z
balancing_energy_bids,94,2026-02-26T05:45:00,PT15M,2026-02-26T06:00Z,2026-02-26T05:45Z,0,1,1,10Y1001C--00090V,AUCTION-aFRR,B74,10YSK-SEPS-----K,EUR,A01,A01,20260226028-AFRR_P-UNIT_047-1,MWH,MAW,A01,A11,2026-02-26T06:00Z,2026-02-26T05:45Z
balancing_energy_bids,95,2026-02-26T05:45:00,PT15M,2026-02-26T06:00Z,2026-02-26T05:45Z,135,1,23,10Y1001C--00090V,AUCTION-aFRR,B74,10YSK-SEPS-----K,EUR,A01,A01,20260226028-AFRR_P-UNIT_052-1,MWH,MAW,A01,A06,2026-02-26T06:00Z,2026-02-26T05:45Z
balancing_energy_bids,96,2026-02-26T05:45:00,PT15M,2026-02-26T06:00Z,2026-02-26T05:45Z,182.44,1,1,10Y1001C--00090V,AUCTION-aFRR,B74,10YSK-SEPS-----K,EUR,A01,A01,20260226028-AFRR_P-UNIT_058-1,MWH,MAW,A01,A11,2026-02-26T06:00Z,2026-02-26T05:45Z
balancing_energy_bids,97,2026-02-26T05:45:00,PT15M,2026-02-26T06:00Z,2026-02-26T05:45Z,137,1,9,10Y1001C--00090V,AUCTION-aFRR,B74,10YSK-SEPS-----K,EUR,A01,A01,20260226028-AFRR_P-UNIT_062-1,MWH,MAW,A01,A06,2026-02-26T06:00Z,2026-02-26T05:45Z
balancing_energy_bids,98,2026-02-26T05:45:00,PT15M,2026-02-26T06:00Z,2026-02-26T05:45Z,140,1,10,10Y1001C--00090V,AUCTION-aFRR,B74,10YSK-SEPS-----K,EUR,A01,A01,20260226028-AFRR_P-UNIT_063-1,MWH,MAW,A01,A06,2026-02-26T06:00Z,2026-02-26T05:45Z
balancing_energy_bids,99,2026-02-26T05:45:00,PT15M,2026-02-26T06:00Z,2026-02-26T05:45Z,181.38,1,16,10Y1001C--00090V,AUCTION-aFRR,B74,10YSK-SEPS-----K,EUR,A01,A01,20260226028-AFRR_P-UNIT_065-1,MWH,MAW,A01,A06,2026-02-26T06:00Z,2026-02-26T05:45Z
balancing_energy_bids,100,2026-02-26T05:45:00,PT15M,2026-02-26T06:00Z,2026-02-26T05:45Z,182.44,1,5,10Y1001C--00090V,AUCTION-aFRR,B74,10YSK-SEPS-----K,EUR,A01,A01,20260226028-AFRR_P-UNIT_068-1,MWH,MAW,A01,A06,2026-02-26T06:00Z,2026-02-26T05:45Z
balancing_energy_bids,1,2026-02-26T05:45:00,PT15M,2026-02-26T06:00Z,2026-02-26T05:45Z,100,1,15,10Y1001C--00090V,AUCTION-aFRR,B74,10YSK-SEPS-----K,EUR,A01,A01,20260226028-AFRR_P-UNIT_069-1,MWH,MAW,A01,A06,2026-02-26T06:00Z,2026-02-26T05:45Z
balancing_energy_bids,2,2026-02-26T05:45:00,PT15M,2026-02-26T06:00Z,2026-02-26T05:45Z,750,1,11,10Y1001C--00090V,AUCTION-aFRR,B74,10YSK-SEPS-----K,EUR,A01,A01,20260226028-AFRR_P-UNIT_104-1,MWH,MAW,A01,A06,2026-02-26T06:00Z,2026-02-26T05:45Z
balancing_energy_bids,3,2026-02-26T05:45:00,PT15M,2026-02-26T06:00Z,2026-02-26T05:45Z,300,1,1,10Y1001C--00090V,AUCTION-aFRR,B74,10YSK-SEPS-----K,EUR,A01,A01,20260226028-AFRR_P-UNIT_106-1,MWH,MAW,A01,A11,2026-02-26T06:00Z,2026-02-26T05:45Z
balancing_energy_bids,4,2026-02-26T06:00:00,PT15M,2026-02-26T06:15Z,2026-02-26T06:00Z,-5,1,7,10Y1001C--00090V,AUCTION-aFRR,B74,10YSK-SEPS-----K,EUR,A01,A02,20260226029-AFRR_N-UNIT_003-1,MWH,MAW,A01,A06,2026-02-26T06:15Z,2026-02-26T06:00Z
balancing_energy_bids,5,2026-02-26T06:00:00,PT15M,2026-02-26T06:15Z,2026-02-26T06:00Z,-20,1,30,10Y1001C--00090V,AUCTION-aFRR,B74,10YSK-SEPS-----K,EUR,A01,A02,20260226029-AFRR_N-UNIT_013-1,MWH,MAW,A01,A06,2026-02-26T06:15Z,2026-02-26T06:00Z
balancing_energy_bids,6,2026-02-26T06:00:00,PT15M,2026-02-26T06:15Z,2026-02-26T06:00Z,-199,1,1,10Y1001C--00090V,AUCTION-aFRR,B74,10YSK-SEPS-----K,EUR,A01,A02,20260226029-AFRR_N-UNIT_019-1,MWH,MAW,A01,A11,2026-02-26T06:15Z,2026-02-26T06:00Z
balancing_energy_bids,7,2026-02-26T06:00:00,PT15M,2026-02-26T06:15Z,2026-02-26T06:00Z,-0.01,1,10,10Y1001C--00090V,AUCTION-aFRR,B74,10YSK-SEPS-----K,EUR,A01,A02,20260226029-AFRR_N-UNIT_028-1,MWH,MAW,A01,A06,2026-02-26T06:15Z,2026-02-26T06:00Z
balancing_energy_bids,8,2026-02-26T06:00:00,PT15M,2026-02-26T06:15Z,2026-02-26T06:00Z,10,1,7,10Y1001C--00090V,AUCTION-aFRR,B74,10YSK-SEPS-----K,EUR,A01,A02,20260226029-AFRR_N-UNIT_043-1,MWH,MAW,A01,A06,2026-02-26T06:15Z,2026-02-26T06:00Z
balancing_energy_bids,9,2026-02-26T06:00:00,PT15M,2026-02-26T06:15Z,2026-02-26T06:00Z,-30,1,10,10Y1001C--00090V,AUCTION-aFRR,B74,10YSK-SEPS-----K,EUR,A01,A02,20260226029-AFRR_N-UNIT_052-1,MWH,MAW,A01,A06,2026-02-26T06:15Z,2026-02-26T06:00Z
balancing_energy_bids,10,2026-02-26T06:00:00,PT15M,2026-02-26T06:15Z,2026-02-26T06:00Z,-5,1,1,10Y1001C--00090V,AUCTION-aFRR,B74,10YSK-SEPS-----K,EUR,A01,A02,20260226029-AFRR_N-UNIT_058-1,MWH,MAW,A01,A11,2026-02-26T06:15Z,2026-02-26T06:00Z
balancing_energy_bids,11,2026-02-26T06:00:00,PT15M,2026-02-26T06:15Z,2026-02-26T06:00Z,-29,1,15,10Y1001C--00090V,AUCTION-aFRR,B74,10YSK-SEPS-----K,EUR,A01,A02,20260226029-AFRR_N-UNIT_062-1,MWH,MAW,A01,A06,2026-02-26T06:15Z,2026-02-26T06:00Z
balancing_energy_bids,12,2026-02-26T06:00:00,PT15M,2026-02-26T06:15Z,2026-02-26T06:00Z,-5,1,4,10Y1001C--00090V,AUCTION-aFRR,B74,10YSK-SEPS-----K,EUR,A01,A02,20260226029-AFRR_N-UNIT_068-1,MWH,MAW,A01,A06,2026-02-26T06:15Z,2026-02-26T06:00Z
balancing_energy_bids,13,2026-02-26T06:00:00,PT15M,2026-02-26T06:15Z,2026-02-26T06:00Z,-150,1,15,10Y1001C--00090V,AUCTION-aFRR,B74,10YSK-SEPS-----K,EUR,A01,A02,20260226029-AFRR_N-UNIT_069-1,MWH,MAW,A01,A06,2026-02-26T06:15Z,2026-02-26T06:00Z
balancing_energy_bids,14,2026-02-26T06:00:00,PT15M,2026-02-26T06:15Z,2026-02-26T06:00Z,-142.71,1,3,10Y1001C--00090V,AUCTION-aFRR,B74,10YSK-SEPS-----K,EUR,A01,A02,20260226029-AFRR_N-UNIT_089-1,MWH,MAW,A01,A06,2026-02-26T06:15Z,2026-02-26T06:00Z
balancing_energy_bids,15,2026-02-26T06:00:00,PT15M,2026-02-26T06:15Z,2026-02-26T06:00Z,0,1,7,10Y1001C--00090V,AUCTION-aFRR,B74,10YSK-SEPS-----K,EUR,A01,A02,20260226029-AFRR_N-UNIT_097-1,MWH,MAW,A01,A06,2026-02-26T06:15Z,2026-02-26T06:00Z
balancing_energy_bids,16,2026-02-26T06:00:00,PT15M,2026-02-26T06:15Z,2026-02-26T06:00Z,20,1,4,10Y1001C--00090V,AUCTION-aFRR,B74,10YSK-SEPS-----K,EUR,A01,A02,20260226029-AFRR_N-UNIT_104-1,MWH,MAW,A01,A06,2026-02-26T06:15Z,2026-02-26T06:00Z
balancing_energy_bids,17,2026-02-26T06:00:00,PT15M,2026-02-26T06:15Z,2026-02-26T06:00Z,-19,1,1,10Y1001C--00090V,AUCTION-aFRR,B74,10YSK-SEPS-----K,EUR,A01,A02,20260226029-AFRR_N-UNIT_106-1,MWH,MAW,A01,A06,2026-02-26T06:15Z,2026-02-26T06:00Z
balancing_energy_bids,18,2026-02-26T06:00:00,PT15M,2026-02-26T06:15Z,2026-02-26T06:00Z,189,1,3,10Y1001C--00090V,AUCTION-aFRR,B74,10YSK-SEPS-----K,EUR,A01,A01,20260226029-AFRR_P-UNIT_003-1,MWH,MAW,A01,A06,2026-02-26T06:15Z,2026-02-26T06:00Z
balancing_energy_bids,19,2026-02-26T06:00:00,PT15M,2026-02-26T06:15Z,2026-02-26T06:00Z,165.74,1,3,10Y1001C--00090V,AUCTION-aFRR,B74,10YSK-SEPS-----K,EUR,A01,A01,20260226029-AFRR_P-UNIT_009-1,MWH,MAW,A01,A06,2026-02-26T06:15Z,2026-02-26T06:00Z
balancing_energy_bids,20,2026-02-26T06:00:00,PT15M,2026-02-26T06:15Z,2026-02-26T06:00Z,251,1,1,10Y1001C--00090V,AUCTION-aFRR,B74,10YSK-SEPS-----K,EUR,A01,A01,20260226029-AFRR_P-UNIT_019-1,MWH,MAW,A01,A06,2026-02-26T06:15Z,2026-02-26T06:00Z
balancing_energy_bids,21,2026-02-26T06:00:00,PT15M,2026-02-26T06:15Z,2026-02-26T06:00Z,450,1,11,10Y1001C--00090V,AUCTION-aFRR,B74,10YSK-SEPS-----K,EUR,A01,A01,20260226029-AFRR_P-UNIT_028-1,MWH,MAW,A01,A06,2026-02-26T06:15Z,2026-02-26T06:00Z
balancing_energy_bids,22,2026-02-26T06:00:00,PT15M,2026-02-26T06:15Z,2026-02-26T06:00Z,0,1,1,10Y1001C--00090V,AUCTION-aFRR,B74,10YSK-SEPS-----K,EUR,A01,A01,20260226029-AFRR_P-UNIT_047-1,MWH,MAW,A01,A11,2026-02-26T06:15Z,2026-02-26T06:00Z
balancing_energy_bids,23,2026-02-26T06:00:00,PT15M,2026-02-26T06:15Z,2026-02-26T06:00Z,140,1,23,10Y1001C--00090V,AUCTION-aFRR,B74,10YSK-SEPS-----K,EUR,A01,A01,20260226029-AFRR_P-UNIT_052-1,MWH,MAW,A01,A06,2026-02-26T06:15Z,2026-02-26T06:00Z
balancing_energy_bids,24,2026-02-26T06:00:00,PT15M,2026-02-26T06:15Z,2026-02-26T06:00Z,164.2,1,1,10Y1001C--00090V,AUCTION-aFRR,B74,10YSK-SEPS-----K,EUR,A01,A01,20260226029-AFRR_P-UNIT_058-1,MWH,MAW,A01,A11,2026-02-26T06:15Z,2026-02-26T06:00Z
balancing_energy_bids,25,2026-02-26T06:00:00,PT15M,2026-02-26T06:15Z,2026-02-26T06:00Z,123,1,9,10Y1001C--00090V,AUCTION-aFRR,B74,10YSK-SEPS-----K,EUR,A01,A01,20260226029-AFRR_P-UNIT_062-1,MWH,MAW,A01,A06,2026-02-26T06:15Z,2026-02-26T06:00Z
balancing_energy_bids,26,2026-02-26T06:00:00,PT15M,2026-02-26T06:15Z,2026-02-26T06:00Z,140,1,10,10Y1001C--00090V,AUCTION-aFRR,B74,10YSK-SEPS-----K,EUR,A01,A01,20260226029-AFRR_P-UNIT_063-1,MWH,MAW,A01,A06,2026-02-26T06:15Z,2026-02-26T06:00Z
balancing_energy_bids,27,2026-02-26T06:00:00,PT15M,2026-02-26T06:15Z,2026-02-26T06:00Z,165.74,1,16,10Y1001C--00090V,AUCTION-aFRR,B74,10YSK-SEPS-----K,EUR,A01,A01,20260226029-AFRR_P-UNIT_065-1,MWH,MAW,A01,A06,2026-02-26T06:15Z,2026-02-26T06:00Z
balancing_energy_bids,28,2026-02-26T06:00:00,PT15M,2026-02-26T06:15Z,2026-02-26T06:00Z,164.2,1,5,10Y1001C--00090V,AUCTION-aFRR,B74,10YSK-SEPS-----K,EUR,A01,A01,20260226029-AFRR_P-UNIT_068-1,MWH,MAW,A01,A06,2026-02-26T06:15Z,2026-02-26T06:00Z
balancing_energy_bids,29,2026-02-26T06:00:00,PT15M,2026-02-26T06:15Z,2026-02-26T06:00Z,100,1,15,10Y1001C--00090V,AUCTION-aFRR,B74,10YSK-SEPS-----K,EUR,A01,A01,20260226029-AFRR_P-UNIT_069-1,MWH,MAW,A01,A06,2026-02-26T06:15Z,2026-02-26T06:00Z
balancing_energy_bids,30,2026-02-26T06:00:00,PT15M,2026-02-26T06:15Z,2026-02-26T06:00Z,750,1,11,10Y1001C--00090V,AUCTION-aFRR,B74,10YSK-SEPS-----K,EUR,A01,A01,20260226029-AFRR_P-UNIT_104-1,MWH,MAW,A01,A06,2026-02-26T06:15Z,2026-02-26T06:00Z
balancing_energy_bids,31,2026-02-26T06:00:00,PT15M,2026-02-26T06:15Z,2026-02-26T06:00Z,300,1,1,10Y1001C--00090V,AUCTION-aFRR,B74,10YSK-SEPS-----K,EUR,A01,A01,20260226029-AFRR_P-UNIT_106-1,MWH,MAW,A01,A11,2026-02-26T06:15Z,2026-02-26T06:00Z
balancing_energy_bids,32,2026-02-26T06:30:00,PT15M,2026-02-26T06:45Z,2026-02-26T06:30Z,-5,1,7,10Y1001C--00090V,AUCTION-aFRR,B74,10YSK-SEPS-----K,EUR,A01,A02,20260226031-AFRR_N-UNIT_003-1,MWH,MAW,A01,A06,2026-02-26T06:45Z,2026-02-26T06:30Z
balancing_energy_bids,33,2026-02-26T06:30:00,PT15M,2026-02-26T06:45Z,2026-02-26T06:30Z,-20,1,30,10Y1001C--00090V,AUCTION-aFRR,B74,10YSK-SEPS-----K,EUR,A01,A02,20260226031-AFRR_N-UNIT_013-1,MWH,MAW,A01,A06,2026-02-26T06:45Z,2026-02-26T06:30Z
balancing_energy_bids,34,2026-02-26T06:30:00,PT15M,2026-02-26T06:45Z,2026-02-26T06:30Z,-199,1,1,10Y1001C--00090V,AUCTION-aFRR,B74,10YSK-SEPS-----K,EUR,A01,A02,20260226031-AFRR_N-UNIT_019-1,MWH,MAW,A01,A11,2026-02-26T06:45Z,2026-02-26T06:30Z
balancing_energy_bids,35,2026-02-26T06:30:00,PT15M,2026-02-26T06:45Z,2026-02-26T06:30Z,-0.01,1,10,10Y1001C--00090V,AUCTION-aFRR,B74,10YSK-SEPS-----K,EUR,A01,A02,20260226031-AFRR_N-UNIT_028-1,MWH,MAW,A01,A06,2026-02-26T06:45Z,2026-02-26T06:30Z
balancing_energy_bids,36,2026-02-26T06:30:00,PT15M,2026-02-26T06:45Z,2026-02-26T06:30Z,10,1,7,10Y1001C--00090V,AUCTION-aFRR,B74,10YSK-SEPS-----K,EUR,A01,A02,20260226031-AFRR_N-UNIT_043-1,MWH,MAW,A01,A06,2026-02-26T06:45Z,2026-02-26T06:30Z
balancing_energy_bids,37,2026-02-26T06:30:00,PT15M,2026-02-26T06:45Z,2026-02-26T06:30Z,-30,1,10,10Y1001C--00090V,AUCTION-aFRR,B74,10YSK-SEPS-----K,EUR,A01,A02,20260226031-AFRR_N-UNIT_052-1,MWH,MAW,A01,A06,2026-02-26T06:45Z,2026-02-26T06:30Z
balancing_energy_bids,38,2026-02-26T06:30:00,PT15M,2026-02-26T06:45Z,2026-02-26T06:30Z,-5,1,1,10Y1001C--00090V,AUCTION-aFRR,B74,10YSK-SEPS-----K,EUR,A01,A02,20260226031-AFRR_N-UNIT_058-1,MWH,MAW,A01,A11,2026-02-26T06:45Z,2026-02-26T06:30Z
balancing_energy_bids,39,2026-02-26T06:30:00,PT15M,2026-02-26T06:45Z,2026-02-26T06:30Z,-29,1,15,10Y1001C--00090V,AUCTION-aFRR,B74,10YSK-SEPS-----K,EUR,A01,A02,20260226031-AFRR_N-UNIT_062-1,MWH,MAW,A01,A06,2026-02-26T06:45Z,2026-02-26T06:30Z
balancing_energy_bids,40,2026-02-26T06:30:00,PT15M,2026-02-26T06:45Z,2026-02-26T06:30Z,-5,1,4,10Y1001C--00090V,AUCTION-aFRR,B74,10YSK-SEPS-----K,EUR,A01,A02,20260226031-AFRR_N-UNIT_068-1,MWH,MAW,A01,A06,2026-02-26T06:45Z,2026-02-26T06:30Z
balancing_energy_bids,41,2026-02-26T06:30:00,PT15M,2026-02-26T06:45Z,2026-02-26T06:30Z,-150,1,15,10Y1001C--00090V,AUCTION-aFRR,B74,10YSK-SEPS-----K,EUR,A01,A02,20260226031-AFRR_N-UNIT_069-1,MWH,MAW,A01,A06,2026-02-26T06:45Z,2026-02-26T06:30Z
balancing_energy_bids,42,2026-02-26T06:30:00,PT15M,2026-02-26T06:45Z,2026-02-26T06:30Z,-143.79,1,3,10Y1001C--00090V,AUCTION-aFRR,B74,10YSK-SEPS-----K,EUR,A01,A02,20260226031-AFRR_N-UNIT_089-1,MWH,MAW,A01,A06,2026-02-26T06:45Z,2026-02-26T06:30Z
balancing_energy_bids,43,2026-02-26T06:30:00,PT15M,2026-02-26T06:45Z,2026-02-26T06:30Z,0,1,7,10Y1001C--00090V,AUCTION-aFRR,B74,10YSK-SEPS-----K,EUR,A01,A02,20260226031-AFRR_N-UNIT_097-1,MWH,MAW,A01,A06,2026-02-26T06:45Z,2026-02-26T06:30Z
balancing_energy_bids,44,2026-02-26T06:30:00,PT15M,2026-02-26T06:45Z,2026-02-26T06:30Z,20,1,4,10Y1001C--00090V,AUCTION-aFRR,B74,10YSK-SEPS-----K,EUR,A01,A02,20260226031-AFRR_N-UNIT_104-1,MWH,MAW,A01,A06,2026-02-26T06:45Z,2026-02-26T06:30Z
balancing_energy_bids,45,2026-02-26T06:30:00,PT15M,2026-02-26T06:45Z,2026-02-26T06:30Z,-19,1,1,10Y1001C--00090V,AUCTION-aFRR,B74,10YSK-SEPS-----K,EUR,A01,A02,20260226031-AFRR_N-UNIT_106-1,MWH,MAW,A01,A06,2026-02-26T06:45Z,2026-02-26T06:30Z
balancing_energy_bids,46,2026-02-26T06:30:00,PT15M,2026-02-26T06:45Z,2026-02-26T06:30Z,189,1,3,10Y1001C--00090V,AUCTION-aFRR,B74,10YSK-SEPS-----K,EUR,A01,A01,20260226031-AFRR_P-UNIT_003-1,MWH,MAW,A01,A06,2026-02-26T06:45Z,2026-02-26T06:30Z
balancing_energy_bids,47,2026-02-26T06:30:00,PT15M,2026-02-26T06:45Z,2026-02-26T06:30Z,165,1,3,10Y1001C--00090V,AUCTION-aFRR,B74,10YSK-SEPS-----K,EUR,A01,A01,20260226031-AFRR_P-UNIT_009-1,MWH,MAW,A01,A06,2026-02-26T06:45Z,2026-02-26T06:30Z
balancing_energy_bids,48,2026-02-26T06:30:00,PT15M,2026-02-26T06:45Z,2026-02-26T06:30Z,251,1,1,10Y1001C--00090V,AUCTION-aFRR,B74,10YSK-SEPS-----K,EUR,A01,A01,20260226031-AFRR_P-UNIT_019-1,MWH,MAW,A01,A06,2026-02-26T06:45Z,2026-02-26T06:30Z
balancing_energy_bids,49,2026-02-26T06:30:00,PT15M,2026-02-26T06:45Z,2026-02-26T06:30Z,450,1,11,10Y1001C--00090V,AUCTION-aFRR,B74,10YSK-SEPS-----K,EUR,A01,A01,20260226031-AFRR_P-UNIT_028-1,MWH,MAW,A01,A06,2026-02-26T06:45Z,2026-02-26T06:30Z
balancing_energy_bids,50,2026-02-26T06:30:00,PT15M,2026-02-26T06:45Z,2026-02-26T06:30Z,0,1,1,10Y1001C--00090V,AUCTION-aFRR,B74,10YSK-SEPS-----K,EUR,A01,A01,20260226031-AFRR_P-UNIT_047-1,MWH,MAW,A01,A11,2026-02-26T06:45Z,2026-02-26T06:30Z
balancing_energy_bids,51,2026-02-26T06:30:00,PT15M,2026-02-26T06:45Z,2026-02-26T06:30Z,140,1,23,10Y1001C--00090V,AUCTION-aFRR,B74,10YSK-SEPS-----K,EUR,A01,A01,20260226031-AFRR_P-UNIT_052-1,MWH,MAW,A01,A06,2026-02-26T06:45Z,2026-02-26T06:30Z
balancing_energy_bids,52,2026-02-26T06:30:00,PT15M,2026-02-26T06:45Z,2026-02-26T06:30Z,162.69,1,1,10Y1001C--00090V,AUCTION-aFRR,B74,10YSK-SEPS-----K,EUR,A01,A01,20260226031-AFRR_P-UNIT_058-1,MWH,MAW,A01,A11,2026-02-26T06:45Z,2026-02-26T06:30Z
balancing_energy_bids,53,2026-02-26T06:30:00,PT15M,2026-02-26T06:45Z,2026-02-26T06:30Z,122,1,9,10Y1001C--00090V,AUCTION-aFRR,B74,10YSK-SEPS-----K,EUR,A01,A01,20260226031-AFRR_P-UNIT_062-1,MWH,MAW,A01,A06,2026-02-26T06:45Z,2026-02-26T06:30Z
balancing_energy_bids,54,2026-02-26T06:30:00,PT15M,2026-02-26T06:45Z,2026-02-26T06:30Z,130,1,10,10Y1001C--00090V,AUCTION-aFRR,B74,10YSK-SEPS-----K,EUR,A01,A01,20260226031-AFRR_P-UNIT_063-1,MWH,MAW,A01,A06,2026-02-26T06:45Z,2026-02-26T06:30Z
balancing_energy_bids,55,2026-02-26T06:30:00,PT15M,2026-02-26T06:45Z,2026-02-26T06:30Z,165,1,16,10Y1001C--00090V,AUCTION-aFRR,B74,10YSK-SEPS-----K,EUR,A01,A01,20260226031-AFRR_P-UNIT_065-1,MWH,MAW,A01,A06,2026-02-26T06:45Z,2026-02-26T06:30Z
balancing_energy_bids,56,2026-02-26T06:30:00,PT15M,2026-02-26T06:45Z,2026-02-26T06:30Z,162.69,1,5,10Y1001C--00090V,AUCTION-aFRR,B74,10YSK-SEPS-----K,EUR,A01,A01,20260226031-AFRR_P-UNIT_068-1,MWH,MAW,A01,A06,2026-02-26T06:45Z,2026-02-26T06:30Z
balancing_energy_bids,57,2026-02-26T06:30:00,PT15M,2026-02-26T06:45Z,2026-02-26T06:30Z,100,1,15,10Y1001C--00090V,AUCTION-aFRR,B74,10YSK-SEPS-----K,EUR,A01,A01,20260226031-AFRR_P-UNIT_069-1,MWH,MAW,A01,A06,2026-02-26T06:45Z,2026-02-26T06:30Z
balancing_energy_bids,58,2026-02-26T06:30:00,PT15M,2026-02-26T06:45Z,2026-02-26T06:30Z,750,1,11,10Y1001C--00090V,AUCTION-aFRR,B74,10YSK-SEPS-----K,EUR,A01,A01,20260226031-AFRR_P-UNIT_104-1,MWH,MAW,A01,A06,2026-02-26T06:45Z,2026-02-26T06:30Z
balancing_energy_bids,59,2026-02-26T06:30:00,PT15M,2026-02-26T06:45Z,2026-02-26T06:30Z,300,1,1,10Y1001C--00090V,AUCTION-aFRR,B74,10YSK-SEPS-----K,EUR,A01,A01,20260226031-AFRR_P-UNIT_106-1,MWH,MAW,A01,A11,2026-02-26T06:45Z,2026-02-26T06:30Z
balancing_energy_bids,60,2026-02-26T06:45:00,PT15M,2026-02-26T07:00Z,2026-02-26T06:45Z,-5,1,7,10Y1001C--00090V,AUCTION-aFRR,B74,10YSK-SEPS-----K,EUR,A01,A02,20260226032-AFRR_N-UNIT_003-1,MWH,MAW,A01,A06,2026-02-26T07:00Z,2026-02-26T06:45Z
balancing_energy_bids,61,2026-02-26T06:45:00,PT15M,2026-02-26T07:00Z,2026-02-26T06:45Z,-20,1,30,10Y1001C--00090V,AUCTION-aFRR,B74,10YSK-SEPS-----K,EUR,A01,A02,20260226032-AFRR_N-UNIT_013-1,MWH,MAW,A01,A06,2026-02-26T07:00Z,2026-02-26T06:45Z
balancing_energy_bids,62,2026-02-26T06:45:00,PT15M,2026-02-26T07:00Z,2026-02-26T06:45Z,-199,1,1,10Y1001C--00090V,AUCTION-aFRR,B74,10YSK-SEPS-----K,EUR,A01,A02,20260226032-AFRR_N-UNIT_019-1,MWH,MAW,A01,A11,2026-02-26T07:00Z,2026-02-26T06:45Z
balancing_energy_bids,63,2026-02-26T06:45:00,PT15M,2026-02-26T07:00Z,2026-02-26T06:45Z,-0.01,1,10,10Y1001C--00090V,AUCTION-aFRR,B74,10YSK-SEPS-----K,EUR,A01,A02,20260226032-AFRR_N-UNIT_028-1,MWH,MAW,A01,A06,2026-02-26T07:00Z,2026-02-26T06:45Z
balancing_energy_bids,64,2026-02-26T06:45:00,PT15M,2026-02-26T07:00Z,2026-02-26T06:45Z,10,1,7,10Y1001C--00090V,AUCTION-aFRR,B74,10YSK-SEPS-----K,EUR,A01,A02,20260226032-AFRR_N-UNIT_043-1,MWH,MAW,A01,A06,2026-02-26T07:00Z,2026-02-26T06:45Z
balancing_energy_bids,65,2026-02-26T06:45:00,PT15M,2026-02-26T07:00Z,2026-02-26T06:45Z,-30,1,10,10Y1001C--00090V,AUCTION-aFRR,B74,10YSK-SEPS-----K,EUR,A01,A02,20260226032-AFRR_N-UNIT_052-1,MWH,MAW,A01,A06,2026-02-26T07:00Z,2026-02-26T06:45Z
balancing_energy_bids,66,2026-02-26T06:45:00,PT15M,2026-02-26T07:00Z,2026-02-26T06:45Z,-5,1,1,10Y1001C--00090V,AUCTION-aFRR,B74,10YSK-SEPS-----K,EUR,A01,A02,20260226032-AFRR_N-UNIT_058-1,MWH,MAW,A01,A11,2026-02-26T07:00Z,2026-02-26T06:45Z
balancing_energy_bids,67,2026-02-26T06:45:00,PT15M,2026-02-26T07:00Z,2026-02-26T06:45Z,-29,1,15,10Y1001C--00090V,AUCTION-aFRR,B74,10YSK-SEPS-----K,EUR,A01,A02,20260226032-AFRR_N-UNIT_062-1,MWH,MAW,A01,A06,2026-02-26T07:00Z,2026-02-26T06:45Z
balancing_energy_bids,68,2026-02-26T06:45:00,PT15M,2026-02-26T07:00Z,2026-02-26T06:45Z,-5,1,4,10Y1001C--00090V,AUCTION-aFRR,B74,10YSK-SEPS-----K,EUR,A01,A02,20260226032-AFRR_N-UNIT_068-1,MWH,MAW,A01,A06,2026-02-26T07:00Z,2026-02-26T06:45Z
balancing_energy_bids,69,2026-02-26T06:45:00,PT15M,2026-02-26T07:00Z,2026-02-26T06:45Z,-150,1,15,10Y1001C--00090V,AUCTION-aFRR,B74,10YSK-SEPS-----K,EUR,A01,A02,20260226032-AFRR_N-UNIT_069-1,MWH,MAW,A01,A06,2026-02-26T07:00Z,2026-02-26T06:45Z
balancing_energy_bids,70,2026-02-26T06:45:00,PT15M,2026-02-26T07:00Z,2026-02-26T06:45Z,-152.18,1,3,10Y1001C--00090V,AUCTION-aFRR,B74,10YSK-SEPS-----K,EUR,A01,A02,20260226032-AFRR_N-UNIT_089-1,MWH,MAW,A01,A06,2026-02-26T07:00Z,2026-02-26T06:45Z
balancing_energy_bids,71,2026-02-26T06:45:00,PT15M,2026-02-26T07:00Z,2026-02-26T06:45Z,0,1,7,10Y1001C--00090V,AUCTION-aFRR,B74,10YSK-SEPS-----K,EUR,A01,A02,20260226032-AFRR_N-UNIT_097-1,MWH,MAW,A01,A06,2026-02-26T07:00Z,2026-02-26T06:45Z
balancing_energy_bids,72,2026-02-26T06:45:00,PT15M,2026-02-26T07:00Z,2026-02-26T06:45Z,20,1,4,10Y1001C--00090V,AUCTION-aFRR,B74,10YSK-SEPS-----K,EUR,A01,A02,20260226032-AFRR_N-UNIT_104-1,MWH,MAW,A01,A06,2026-02-26T07:00Z,2026-02-26T06:45Z
balancing_energy_bids,73,2026-02-26T06:45:00,PT15M,2026-02-26T07:00Z,2026-02-26T06:45Z,-19,1,1,10Y1001C--00090V,AUCTION-aFRR,B74,10YSK-SEPS-----K,EUR,A01,A02,20260226032-AFRR_N-UNIT_106-1,MWH,MAW,A01,A06,2026-02-26T07:00Z,2026-02-26T06:45Z
balancing_energy_bids,74,2026-02-26T06:45:00,PT15M,2026-02-26T07:00Z,2026-02-26T06:45Z,189,1,3,10Y1001C--00090V,AUCTION-aFRR,B74,10YSK-SEPS-----K,EUR,A01,A01,20260226032-AFRR_P-UNIT_003-1,MWH,MAW,A01,A06,2026-02-26T07:00Z,2026-02-26T06:45Z
balancing_energy_bids,75,2026-02-26T06:45:00,PT15M,2026-02-26T07:00Z,2026-02-26T06:45Z,165,1,3,10Y1001C--00090V,AUCTION-aFRR,B74,10YSK-SEPS-----K,EUR,A01,A01,20260226032-AFRR_P-UNIT_009-1,MWH,MAW,A01,A06,2026-02-26T07:00Z,2026-02-26T06:45Z
balancing_energy_bids,76,2026-02-26T06:45:00,PT15M,2026-02-26T07:00Z,2026-02-26T06:45Z,251,1,1,10Y1001C--00090V,AUCTION-aFRR,B74,10YSK-SEPS-----K,EUR,A01,A01,20260226032-AFRR_P-UNIT_019-1,MWH,MAW,A01,A06,2026-02-26T07:00Z,2026-02-26T06:45Z
balancing_energy_bids,77,2026-02-26T06:45:00,PT15M,2026-02-26T07:00Z,2026-02-26T06:45Z,450,1,11,10Y1001C--00090V,AUCTION-aFRR,B74,10YSK-SEPS-----K,EUR,A01,A01,20260226032-AFRR_P-UNIT_028-1,MWH,MAW,A01,A06,2026-02-26T07:00Z,2026-02-26T06:45Z
balancing_energy_bids,78,2026-02-26T06:45:00,PT15M,2026-02-26T07:00Z,2026-02-26T06:45Z,0,1,1,10Y1001C--00090V,AUCTION-aFRR,B74,10YSK-SEPS-----K,EUR,A01,A01,20260226032-AFRR_P-UNIT_047-1,MWH,MAW,A01,A11,2026-02-26T07:00Z,2026-02-26T06:45Z
balancing_energy_bids,79,2026-02-26T06:45:00,PT15M,2026-02-26T07:00Z,2026-02-26T06:45Z,140,1,23,10Y1001C--00090V,AUCTION-aFRR,B74,10YSK-SEPS-----K,EUR,A01,A01,20260226032-AFRR_P-UNIT_052-1,MWH,MAW,A01,A06,2026-02-26T07:00Z,2026-02-26T06:45Z
balancing_energy_bids,80,2026-02-26T06:45:00,PT15M,2026-02-26T07:00Z,2026-02-26T06:45Z,150.94,1,1,10Y1001C--00090V,AUCTION-aFRR,B74,10YSK-SEPS-----K,EUR,A01,A01,20260226032-AFRR_P-UNIT_058-1,MWH,MAW,A01,A11,2026-02-26T07:00Z,2026-02-26T06:45Z
balancing_energy_bids,81,2026-02-26T06:45:00,PT15M,2026-02-26T07:00Z,2026-02-26T06:45Z,113,1,9,10Y1001C--00090V,AUCTION-aFRR,B74,10YSK-SEPS-----K,EUR,A01,A01,20260226032-AFRR_P-UNIT_062-1,MWH,MAW,A01,A06,2026-02-26T07:00Z,2026-02-26T06:45Z
balancing_energy_bids,82,2026-02-26T06:45:00,PT15M,2026-02-26T07:00Z,2026-02-26T06:45Z,130,1,10,10Y1001C--00090V,AUCTION-aFRR,B74,10YSK-SEPS-----K,EUR,A01,A01,20260226032-AFRR_P-UNIT_063-1,MWH,MAW,A01,A06,2026-02-26T07:00Z,2026-02-26T06:45Z
balancing_energy_bids,83,2026-02-26T06:45:00,PT15M,2026-02-26T07:00Z,2026-02-26T06:45Z,165,1,16,10Y1001C--00090V,AUCTION-aFRR,B74,10YSK-SEPS-----K,EUR,A01,A01,20260226032-AFRR_P-UNIT_065-1,MWH,MAW,A01,A06,2026-02-26T07:00Z,2026-02-26T06:45Z
balancing_energy_bids,84,2026-02-26T06:45:00,PT15M,2026-02-26T07:00Z,2026-02-26T06:45Z,150.94,1,5,10Y1001C--00090V,AUCTION-aFRR,B74,10YSK-SEPS-----K,EUR,A01,A01,20260226032-AFRR_P-UNIT_068-1,MWH,MAW,A01,A06,2026-02-26T07:00Z,2026-02-26T06:45Z
balancing_energy_bids,85,2026-02-26T06:45:00,PT15M,2026-02-26T07:00Z,2026-02-26T06:45Z,100,1,15,10Y1001C--00090V,AUCTION-aFRR,B74,10YSK-SEPS-----K,EUR,A01,A01,20260226032-AFRR_P-UNIT_069-1,MWH,MAW,A01,A06,2026-02-26T07:00Z,2026-02-26T06:45Z
balancing_energy_bids,86,2026-02-26T06:45:00,PT15M,2026-02-26T07:00Z,2026-02-26T06:45Z,750,1,11,10Y1001C--00090V,AUCTION-aFRR,B74,10YSK-SEPS-----K,EUR,A01,A01,20260226032-AFRR_P-UNIT_104-1,MWH,MAW,A01,A06,2026-02-26T07:00Z,2026-02-26T06:45Z
balancing_energy_bids,87,2026-02-26T06:45:00,PT15M,2026-02-26T07:00Z,2026-02-26T06:45Z,300,1,1,10Y1001C--00090V,AUCTION-aFRR,B74,10YSK-SEPS-----K,EUR,A01,A01,20260226032-AFRR_P-UNIT_106-1,MWH,MAW,A01,A11,2026-02-26T07:00Z,2026-02-26T06:45Z
balancing_energy_bids,88,2026-02-26T07:00:00,PT15M,2026-02-26T07:15Z,2026-02-26T07:00Z,-5,1,6,10Y1001C--00090V,AUCTION-aFRR,B74,10YSK-SEPS-----K,EUR,A01,A02,20260226033-AFRR_N-UNIT_003-1,MWH,MAW,A01,A06,2026-02-26T07:15Z,2026-02-26T07:00Z
balancing_energy_bids,89,2026-02-26T07:00:00,PT15M,2026-02-26T07:15Z,2026-02-26T07:00Z,-20,1,30,10Y1001C--00090V,AUCTION-aFRR,B74,10YSK-SEPS-----K,EUR,A01,A02,20260226033-AFRR_N-UNIT_013-1,MWH,MAW,A01,A06,2026-02-26T07:15Z,2026-02-26T07:00Z
balancing_energy_bids,90,2026-02-26T07:00:00,PT15M,2026-02-26T07:15Z,2026-02-26T07:00Z,-199,1,1,10Y1001C--00090V,AUCTION-aFRR,B74,10YSK-SEPS-----K,EUR,A01,A02,20260226033-AFRR_N-UNIT_019-1,MWH,MAW,A01,A11,2026-02-26T07:15Z,2026-02-26T07:00Z
balancing_energy_bids,91,2026-02-26T07:00:00,PT15M,2026-02-26T07:15Z,2026-02-26T07:00Z,-0.01,1,10,10Y1001C--00090V,AUCTION-aFRR,B74,10YSK-SEPS-----K,EUR,A01,A02,20260226033-AFRR_N-UNIT_028-1,MWH,MAW,A01,A06,2026-02-26T07:15Z,2026-02-26T07:00Z
balancing_energy_bids,92,2026-02-26T07:00:00,PT15M,2026-02-26T07:15Z,2026-02-26T07:00Z,10,1,7,10Y1001C--00090V,AUCTION-aFRR,B74,10YSK-SEPS-----K,EUR,A01,A02,20260226033-AFRR_N-UNIT_043-1,MWH,MAW,A01,A06,2026-02-26T07:15Z,2026-02-26T07:00Z
balancing_energy_bids,93,2026-02-26T07:00:00,PT15M,2026-02-26T07:15Z,2026-02-26T07:00Z,-30,1,10,10Y1001C--00090V,AUCTION-aFRR,B74,10YSK-SEPS-----K,EUR,A01,A02,20260226033-AFRR_N-UNIT_052-1,MWH,MAW,A01,A06,2026-02-26T07:15Z,2026-02-26T07:00Z
balancing_energy_bids,94,2026-02-26T07:00:00,PT15M,2026-02-26T07:15Z,2026-02-26T07:00Z,-5,1,1,10Y1001C--00090V,AUCTION-aFRR,B74,10YSK-SEPS-----K,EUR,A01,A02,20260226033-AFRR_N-UNIT_058-1,MWH,MAW,A01,A11,2026-02-26T07:15Z,2026-02-26T07:00Z
balancing_energy_bids,95,2026-02-26T07:00:00,PT15M,2026-02-26T07:15Z,2026-02-26T07:00Z,-29,1,15,10Y1001C--00090V,AUCTION-aFRR,B74,10YSK-SEPS-----K,EUR,A01,A02,20260226033-AFRR_N-UNIT_062-1,MWH,MAW,A01,A06,2026-02-26T07:15Z,2026-02-26T07:00Z
balancing_energy_bids,96,2026-02-26T07:00:00,PT15M,2026-02-26T07:15Z,2026-02-26T07:00Z,-5,1,4,10Y1001C--00090V,AUCTION-aFRR,B74,10YSK-SEPS-----K,EUR,A01,A02,20260226033-AFRR_N-UNIT_068-1,MWH,MAW,A01,A06,2026-02-26T07:15Z,2026-02-26T07:00Z
balancing_energy_bids,97,2026-02-26T07:00:00,PT15M,2026-02-26T07:15Z,2026-02-26T07:00Z,-150,1,15,10Y1001C--00090V,AUCTION-aFRR,B74,10YSK-SEPS-----K,EUR,A01,A02,20260226033-AFRR_N-UNIT_069-1,MWH,MAW,A01,A06,2026-02-26T07:15Z,2026-02-26T07:00Z
balancing_energy_bids,98,2026-02-26T07:00:00,PT15M,2026-02-26T07:15Z,2026-02-26T07:00Z,-148.34,1,3,10Y1001C--00090V,AUCTION-aFRR,B74,10YSK-SEPS-----K,EUR,A01,A02,20260226033-AFRR_N-UNIT_089-1,MWH,MAW,A01,A06,2026-02-26T07:15Z,2026-02-26T07:00Z
balancing_energy_bids,99,2026-02-26T07:00:00,PT15M,2026-02-26T07:15Z,2026-02-26T07:00Z,0,1,7,10Y1001C--00090V,AUCTION-aFRR,B74,10YSK-SEPS-----K,EUR,A01,A02,20260226033-AFRR_N-UNIT_097-1,MWH,MAW,A01,A06,2026-02-26T07:15Z,2026-02-26T07:00Z
balancing_energy_bids,100,2026-02-26T07:00:00,PT15M,2026-02-26T07:15Z,2026-02-26T07:00Z,20,1,4,10Y1001C--00090V,AUCTION-aFRR,B74,10YSK-SEPS-----K,EUR,A01,A02,20260226033-AFRR_N-UNIT_104-1,MWH,MAW,A01,A06,2026-02-26T07:15Z,2026-02-26T07:00Z
balancing_energy_bids,1,2026-02-26T07:00:00,PT15M,2026-02-26T07:15Z,2026-02-26T07:00Z,-19,1,1,10Y1001C--00090V,AUCTION-aFRR,B74,10YSK-SEPS-----K,EUR,A01,A02,20260226033-AFRR_N-UNIT_106-1,MWH,MAW,A01,A06,2026-02-26T07:15Z,2026-02-26T07:00Z
balancing_energy_bids,2,2026-02-26T07:00:00,PT15M,2026-02-26T07:15Z,2026-02-26T07:00Z,189,1,4,10Y1001C--00090V,AUCTION-aFRR,B74,10YSK-SEPS-----K,EUR,A01,A01,20260226033-AFRR_P-UNIT_003-1,MWH,MAW,A01,A06,2026-02-26T07:15Z,2026-02-26T07:00Z
balancing_energy_bids,3,2026-02-26T07:00:00,PT15M,2026-02-26T07:15Z,2026-02-26T07:00Z,165,1,3,10Y1001C--00090V,AUCTION-aFRR,B74,10YSK-SEPS-----K,EUR,A01,A01,20260226033-AFRR_P-UNIT_009-1,MWH,MAW,A01,A06,2026-02-26T07:15Z,2026-02-26T07:00Z
balancing_energy_bids,4,2026-02-26T07:00:00,PT15M,2026-02-26T07:15Z,2026-02-26T07:00Z,251,1,1,10Y1001C--00090V,AUCTION-aFRR,B74,10YSK-SEPS-----K,EUR,A01,A01,20260226033-AFRR_P-UNIT_019-1,MWH,MAW,A01,A06,2026-02-26T07:15Z,2026-02-26T07:00Z
balancing_energy_bids,5,2026-02-26T07:00:00,PT15M,2026-02-26T07:15Z,2026-02-26T07:00Z,450,1,11,10Y1001C--00090V,AUCTION-aFRR,B74,10YSK-SEPS-----K,EUR,A01,A01,20260226033-AFRR_P-UNIT_028-1,MWH,MAW,A01,A06,2026-02-26T07:15Z,2026-02-26T07:00Z
balancing_energy_bids,6,2026-02-26T07:00:00,PT15M,2026-02-26T07:15Z,2026-02-26T07:00Z,0,1,1,10Y1001C--00090V,AUCTION-aFRR,B74,10YSK-SEPS-----K,EUR,A01,A01,20260226033-AFRR_P-UNIT_047-1,MWH,MAW,A01,A11,2026-02-26T07:15Z,2026-02-26T07:00Z
balancing_energy_bids,7,2026-02-26T07:00:00,PT15M,2026-02-26T07:15Z,2026-02-26T07:00Z,135,1,23,10Y1001C--00090V,AUCTION-aFRR,B74,10YSK-SEPS-----K,EUR,A01,A01,20260226033-AFRR_P-UNIT_052-1,MWH,MAW,A01,A06,2026-02-26T07:15Z,2026-02-26T07:00Z
balancing_energy_bids,8,2026-02-26T07:00:00,PT15M,2026-02-26T07:15Z,2026-02-26T07:00Z,156.32,1,1,10Y1001C--00090V,AUCTION-aFRR,B74,10YSK-SEPS-----K,EUR,A01,A01,20260226033-AFRR_P-UNIT_058-1,MWH,MAW,A01,A11,2026-02-26T07:15Z,2026-02-26T07:00Z
balancing_energy_bids,9,2026-02-26T07:00:00,PT15M,2026-02-26T07:15Z,2026-02-26T07:00Z,117,1,9,10Y1001C--00090V,AUCTION-aFRR,B74,10YSK-SEPS-----K,EUR,A01,A01,20260226033-AFRR_P-UNIT_062-1,MWH,MAW,A01,A06,2026-02-26T07:15Z,2026-02-26T07:00Z
balancing_energy_bids,10,2026-02-26T07:00:00,PT15M,2026-02-26T07:15Z,2026-02-26T07:00Z,130,1,10,10Y1001C--00090V,AUCTION-aFRR,B74,10YSK-SEPS-----K,EUR,A01,A01,20260226033-AFRR_P-UNIT_063-1,MWH,MAW,A01,A06,2026-02-26T07:15Z,2026-02-26T07:00Z
balancing_energy_bids,11,2026-02-26T07:00:00,PT15M,2026-02-26T07:15Z,2026-02-26T07:00Z,165,1,16,10Y1001C--00090V,AUCTION-aFRR,B74,10YSK-SEPS-----K,EUR,A01,A01,20260226033-AFRR_P-UNIT_065-1,MWH,MAW,A01,A06,2026-02-26T07:15Z,2026-02-26T07:00Z
balancing_energy_bids,12,2026-02-26T07:00:00,PT15M,2026-02-26T07:15Z,2026-02-26T07:00Z,156.32,1,5,10Y1001C--00090V,AUCTION-aFRR,B74,10YSK-SEPS-----K,EUR,A01,A01,20260226033-AFRR_P-UNIT_068-1,MWH,MAW,A01,A06,2026-02-26T07:15Z,2026-02-26T07:00Z
balancing_energy_bids,13,2026-02-26T07:00:00,PT15M,2026-02-26T07:15Z,2026-02-26T07:00Z,100,1,15,10Y1001C--00090V,AUCTION-aFRR,B74,10YSK-SEPS-----K,EUR,A01,A01,20260226033-AFRR_P-UNIT_069-1,MWH,MAW,A01,A06,2026-02-26T07:15Z,2026-02-26T07:00Z
balancing_energy_bids,14,2026-02-26T07:00:00,PT15M,2026-02-26T07:15Z,2026-02-26T07:00Z,750,1,11,10Y1001C--00090V,AUCTION-aFRR,B74,10YSK-SEPS-----K,EUR,A01,A01,20260226033-AFRR_P-UNIT_104-1,MWH,MAW,A01,A06,2026-02-26T07:15Z,2026-02-26T07:00Z
balancing_energy_bids,15,2026-02-26T07:00:00,PT15M,2026-02-26T07:15Z,2026-02-26T07:00Z,300,1,1,10Y1001C--00090V,AUCTION-aFRR,B74,10YSK-SEPS-----K,EUR,A01,A01,20260226033-AFRR_P-UNIT_106-1,MWH,MAW,A01,A11,2026-02-26T07:15Z,2026-02-26T07:00Z
balancing_energy_bids,16,2026-02-26T07:15:00,PT15M,2026-02-26T07:30Z,2026-02-26T07:15Z,-5,1,6,10Y1001C--00090V,AUCTION-aFRR,B74,10YSK-SEPS-----K,EUR,A01,A02,20260226034-AFRR_N-UNIT_003-1,MWH,MAW,A01,A06,2026-02-26T07:30Z,2026-02-26T07:15Z
balancing_energy_bids,17,2026-02-26T07:15:00,PT15M,2026-02-26T07:30Z,2026-02-26T07:15Z,-20,1,30,10Y1001C--00090V,AUCTION-aFRR,B74,10YSK-SEPS-----K,EUR,A01,A02,20260226034-AFRR_N-UNIT_013-1,MWH,MAW,A01,A06,2026-02-26T07:30Z,2026-02-26T07:15Z
balancing_energy_bids,18,2026-02-26T07:15:00,PT15M,2026-02-26T07:30Z,2026-02-26T07:15Z,-199,1,1,10Y1001C--00090V,AUCTION-aFRR,B74,10YSK-SEPS-----K,EUR,A01,A02,20260226034-AFRR_N-UNIT_019-1,MWH,MAW,A01,A11,2026-02-26T07:30Z,2026-02-26T07:15Z
balancing_energy_bids,19,2026-02-26T07:15:00,PT15M,2026-02-26T07:30Z,2026-02-26T07:15Z,-0.01,1,10,10Y1001C--00090V,AUCTION-aFRR,B74,10YSK-SEPS-----K,EUR,A01,A02,20260226034-AFRR_N-UNIT_028-1,MWH,MAW,A01,A06,2026-02-26T07:30Z,2026-02-26T07:15Z
balancing_energy_bids,20,2026-02-26T07:15:00,PT15M,2026-02-26T07:30Z,2026-02-26T07:15Z,10,1,7,10Y1001C--00090V,AUCTION-aFRR,B74,10YSK-SEPS-----K,EUR,A01,A02,20260226034-AFRR_N-UNIT_043-1,MWH,MAW,A01,A06,2026-02-26T07:30Z,2026-02-26T07:15Z
balancing_energy_bids,21,2026-02-26T07:15:00,PT15M,2026-02-26T07:30Z,2026-02-26T07:15Z,-30,1,10,10Y1001C--00090V,AUCTION-aFRR,B74,10YSK-SEPS-----K,EUR,A01,A02,20260226034-AFRR_N-UNIT_052-1,MWH,MAW,A01,A06,2026-02-26T07:30Z,2026-02-26T07:15Z
balancing_energy_bids,22,2026-02-26T07:15:00,PT15M,2026-02-26T07:30Z,2026-02-26T07:15Z,-5,1,1,10Y1001C--00090V,AUCTION-aFRR,B74,10YSK-SEPS-----K,EUR,A01,A02,20260226034-AFRR_N-UNIT_058-1,MWH,MAW,A01,A11,2026-02-26T07:30Z,2026-02-26T07:15Z
balancing_energy_bids,23,2026-02-26T07:15:00,PT15M,2026-02-26T07:30Z,2026-02-26T07:15Z,-29,1,15,10Y1001C--00090V,AUCTION-aFRR,B74,10YSK-SEPS-----K,EUR,A01,A02,20260226034-AFRR_N-UNIT_062-1,MWH,MAW,A01,A06,2026-02-26T07:30Z,2026-02-26T07:15Z
balancing_energy_bids,24,2026-02-26T07:15:00,PT15M,2026-02-26T07:30Z,2026-02-26T07:15Z,-5,1,4,10Y1001C--00090V,AUCTION-aFRR,B74,10YSK-SEPS-----K,EUR,A01,A02,20260226034-AFRR_N-UNIT_068-1,MWH,MAW,A01,A06,2026-02-26T07:30Z,2026-02-26T07:15Z
balancing_energy_bids,25,2026-02-26T07:15:00,PT15M,2026-02-26T07:30Z,2026-02-26T07:15Z,-150,1,15,10Y1001C--00090V,AUCTION-aFRR,B74,10YSK-SEPS-----K,EUR,A01,A02,20260226034-AFRR_N-UNIT_069-1,MWH,MAW,A01,A06,2026-02-26T07:30Z,2026-02-26T07:15Z
balancing_energy_bids,26,2026-02-26T07:15:00,PT15M,2026-02-26T07:30Z,2026-02-26T07:15Z,-153.61,1,3,10Y1001C--00090V,AUCTION-aFRR,B74,10YSK-SEPS-----K,EUR,A01,A02,20260226034-AFRR_N-UNIT_089-1,MWH,MAW,A01,A06,2026-02-26T07:30Z,2026-02-26T07:15Z
balancing_energy_bids,27,2026-02-26T07:15:00,PT15M,2026-02-26T07:30Z,2026-02-26T07:15Z,0,1,7,10Y1001C--00090V,AUCTION-aFRR,B74,10YSK-SEPS-----K,EUR,A01,A02,20260226034-AFRR_N-UNIT_097-1,MWH,MAW,A01,A06,2026-02-26T07:30Z,2026-02-26T07:15Z
balancing_energy_bids,28,2026-02-26T07:15:00,PT15M,2026-02-26T07:30Z,2026-02-26T07:15Z,20,1,4,10Y1001C--00090V,AUCTION-aFRR,B74,10YSK-SEPS-----K,EUR,A01,A02,20260226034-AFRR_N-UNIT_104-1,MWH,MAW,A01,A06,2026-02-26T07:30Z,2026-02-26T07:15Z
balancing_energy_bids,29,2026-02-26T07:15:00,PT15M,2026-02-26T07:30Z,2026-02-26T07:15Z,-19,1,1,10Y1001C--00090V,AUCTION-aFRR,B74,10YSK-SEPS-----K,EUR,A01,A02,20260226034-AFRR_N-UNIT_106-1,MWH,MAW,A01,A06,2026-02-26T07:30Z,2026-02-26T07:15Z
balancing_energy_bids,30,2026-02-26T07:15:00,PT15M,2026-02-26T07:30Z,2026-02-26T07:15Z,189,1,4,10Y1001C--00090V,AUCTION-aFRR,B74,10YSK-SEPS-----K,EUR,A01,A01,20260226034-AFRR_P-UNIT_003-1,MWH,MAW,A01,A06,2026-02-26T07:30Z,2026-02-26T07:15Z
balancing_energy_bids,31,2026-02-26T07:15:00,PT15M,2026-02-26T07:30Z,2026-02-26T07:15Z,165,1,3,10Y1001C--00090V,AUCTION-aFRR,B74,10YSK-SEPS-----K,EUR,A01,A01,20260226034-AFRR_P-UNIT_009-1,MWH,MAW,A01,A06,2026-02-26T07:30Z,2026-02-26T07:15Z
balancing_energy_bids,32,2026-02-26T07:15:00,PT15M,2026-02-26T07:30Z,2026-02-26T07:15Z,251,1,1,10Y1001C--00090V,AUCTION-aFRR,B74,10YSK-SEPS-----K,EUR,A01,A01,20260226034-AFRR_P-UNIT_019-1,MWH,MAW,A01,A06,2026-02-26T07:30Z,2026-02-26T07:15Z
balancing_energy_bids,33,2026-02-26T07:15:00,PT15M,2026-02-26T07:30Z,2026-02-26T07:15Z,450,1,11,10Y1001C--00090V,AUCTION-aFRR,B74,10YSK-SEPS-----K,EUR,A01,A01,20260226034-AFRR_P-UNIT_028-1,MWH,MAW,A01,A06,2026-02-26T07:30Z,2026-02-26T07:15Z
balancing_energy_bids,34,2026-02-26T07:15:00,PT15M,2026-02-26T07:30Z,2026-02-26T07:15Z,0,1,1,10Y1001C--00090V,AUCTION-aFRR,B74,10YSK-SEPS-----K,EUR,A01,A01,20260226034-AFRR_P-UNIT_047-1,MWH,MAW,A01,A11,2026-02-26T07:30Z,2026-02-26T07:15Z
balancing_energy_bids,35,2026-02-26T07:15:00,PT15M,2026-02-26T07:30Z,2026-02-26T07:15Z,135,1,23,10Y1001C--00090V,AUCTION-aFRR,B74,10YSK-SEPS-----K,EUR,A01,A01,20260226034-AFRR_P-UNIT_052-1,MWH,MAW,A01,A06,2026-02-26T07:30Z,2026-02-26T07:15Z
balancing_energy_bids,36,2026-02-26T07:15:00,PT15M,2026-02-26T07:30Z,2026-02-26T07:15Z,148.94,1,1,10Y1001C--00090V,AUCTION-aFRR,B74,10YSK-SEPS-----K,EUR,A01,A01,20260226034-AFRR_P-UNIT_058-1,MWH,MAW,A01,A11,2026-02-26T07:30Z,2026-02-26T07:15Z
balancing_energy_bids,37,2026-02-26T07:15:00,PT15M,2026-02-26T07:30Z,2026-02-26T07:15Z,112,1,9,10Y1001C--00090V,AUCTION-aFRR,B74,10YSK-SEPS-----K,EUR,A01,A01,20260226034-AFRR_P-UNIT_062-1,MWH,MAW,A01,A06,2026-02-26T07:30Z,2026-02-26T07:15Z
balancing_energy_bids,38,2026-02-26T07:15:00,PT15M,2026-02-26T07:30Z,2026-02-26T07:15Z,130,1,10,10Y1001C--00090V,AUCTION-aFRR,B74,10YSK-SEPS-----K,EUR,A01,A01,20260226034-AFRR_P-UNIT_063-1,MWH,MAW,A01,A06,2026-02-26T07:30Z,2026-02-26T07:15Z
balancing_energy_bids,39,2026-02-26T07:15:00,PT15M,2026-02-26T07:30Z,2026-02-26T07:15Z,165,1,16,10Y1001C--00090V,AUCTION-aFRR,B74,10YSK-SEPS-----K,EUR,A01,A01,20260226034-AFRR_P-UNIT_065-1,MWH,MAW,A01,A06,2026-02-26T07:30Z,2026-02-26T07:15Z
balancing_energy_bids,40,2026-02-26T07:15:00,PT15M,2026-02-26T07:30Z,2026-02-26T07:15Z,148.94,1,5,10Y1001C--00090V,AUCTION-aFRR,B74,10YSK-SEPS-----K,EUR,A01,A01,20260226034-AFRR_P-UNIT_068-1,MWH,MAW,A01,A06,2026-02-26T07:30Z,2026-02-26T07:15Z
balancing_energy_bids,41,2026-02-26T07:15:00,PT15M,2026-02-26T07:30Z,2026-02-26T07:15Z,100,1,15,10Y1001C--00090V,AUCTION-aFRR,B74,10YSK-SEPS-----K,EUR,A01,A01,20260226034-AFRR_P-UNIT_069-1,MWH,MAW,A01,A06,2026-02-26T07:30Z,2026-02-26T07:15Z
balancing_energy_bids,42,2026-02-26T07:15:00,PT15M,2026-02-26T07:30Z,2026-02-26T07:15Z,750,1,11,10Y1001C--00090V,AUCTION-aFRR,B74,10YSK-SEPS-----K,EUR,A01,A01,20260226034-AFRR_P-UNIT_104-1,MWH,MAW,A01,A06,2026-02-26T07:30Z,2026-02-26T07:15Z
balancing_energy_bids,43,2026-02-26T07:15:00,PT15M,2026-02-26T07:30Z,2026-02-26T07:15Z,300,1,1,10Y1001C--00090V,AUCTION-aFRR,B74,10YSK-SEPS-----K,EUR,A01,A01,20260226034-AFRR_P-UNIT_106-1,MWH,MAW,A01,A11,2026-02-26T07:30Z,2026-02-26T07:15Z
balancing_energy_bids,44,2026-02-26T08:00:00,PT15M,2026-02-26T08:15Z,2026-02-26T08:00Z,-5,1,5,10Y1001C--00090V,AUCTION-aFRR,B74,10YSK-SEPS-----K,EUR,A01,A02,20260226037-AFRR_N-UNIT_003-1,MWH,MAW,A01,A06,2026-02-26T08:15Z,2026-02-26T08:00Z
balancing_energy_bids,45,2026-02-26T08:00:00,PT15M,2026-02-26T08:15Z,2026-02-26T08:00Z,-20,1,30,10Y1001C--00090V,AUCTION-aFRR,B74,10YSK-SEPS-----K,EUR,A01,A02,20260226037-AFRR_N-UNIT_013-1,MWH,MAW,A01,A06,2026-02-26T08:15Z,2026-02-26T08:00Z
balancing_energy_bids,46,2026-02-26T08:00:00,PT15M,2026-02-26T08:15Z,2026-02-26T08:00Z,-199,1,1,10Y1001C--00090V,AUCTION-aFRR,B74,10YSK-SEPS-----K,EUR,A01,A02,20260226037-AFRR_N-UNIT_019-1,MWH,MAW,A01,A11,2026-02-26T08:15Z,2026-02-26T08:00Z
balancing_energy_bids,47,2026-02-26T08:00:00,PT15M,2026-02-26T08:15Z,2026-02-26T08:00Z,-0.01,1,10,10Y1001C--00090V,AUCTION-aFRR,B74,10YSK-SEPS-----K,EUR,A01,A02,20260226037-AFRR_N-UNIT_028-1,MWH,MAW,A01,A06,2026-02-26T08:15Z,2026-02-26T08:00Z
balancing_energy_bids,48,2026-02-26T08:00:00,PT15M,2026-02-26T08:15Z,2026-02-26T08:00Z,10,1,7,10Y1001C--00090V,AUCTION-aFRR,B74,10YSK-SEPS-----K,EUR,A01,A02,20260226037-AFRR_N-UNIT_043-1,MWH,MAW,A01,A06,2026-02-26T08:15Z,2026-02-26T08:00Z
balancing_energy_bids,49,2026-02-26T08:00:00,PT15M,2026-02-26T08:15Z,2026-02-26T08:00Z,-30,1,10,10Y1001C--00090V,AUCTION-aFRR,B74,10YSK-SEPS-----K,EUR,A01,A02,20260226037-AFRR_N-UNIT_052-1,MWH,MAW,A01,A06,2026-02-26T08:15Z,2026-02-26T08:00Z
balancing_energy_bids,50,2026-02-26T08:00:00,PT15M,2026-02-26T08:15Z,2026-02-26T08:00Z,-5,1,1,10Y1001C--00090V,AUCTION-aFRR,B74,10YSK-SEPS-----K,EUR,A01,A02,20260226037-AFRR_N-UNIT_058-1,MWH,MAW,A01,A11,2026-02-26T08:15Z,2026-02-26T08:00Z
balancing_energy_bids,51,2026-02-26T08:00:00,PT15M,2026-02-26T08:15Z,2026-02-26T08:00Z,-29,1,15,10Y1001C--00090V,AUCTION-aFRR,B74,10YSK-SEPS-----K,EUR,A01,A02,20260226037-AFRR_N-UNIT_062-1,MWH,MAW,A01,A06,2026-02-26T08:15Z,2026-02-26T08:00Z
balancing_energy_bids,52,2026-02-26T08:00:00,PT15M,2026-02-26T08:15Z,2026-02-26T08:00Z,-50,1,4,10Y1001C--00090V,AUCTION-aFRR,B74,10YSK-SEPS-----K,EUR,A01,A02,20260226037-AFRR_N-UNIT_068-1,MWH,MAW,A01,A06,2026-02-26T08:15Z,2026-02-26T08:00Z
balancing_energy_bids,53,2026-02-26T08:00:00,PT15M,2026-02-26T08:15Z,2026-02-26T08:00Z,-250,1,15,10Y1001C--00090V,AUCTION-aFRR,B74,10YSK-SEPS-----K,EUR,A01,A02,20260226037-AFRR_N-UNIT_069-1,MWH,MAW,A01,A06,2026-02-26T08:15Z,2026-02-26T08:00Z
balancing_energy_bids,54,2026-02-26T08:00:00,PT15M,2026-02-26T08:15Z,2026-02-26T08:00Z,-152.47,1,3,10Y1001C--00090V,AUCTION-aFRR,B74,10YSK-SEPS-----K,EUR,A01,A02,20260226037-AFRR_N-UNIT_089-1,MWH,MAW,A01,A06,2026-02-26T08:15Z,2026-02-26T08:00Z
balancing_energy_bids,55,2026-02-26T08:00:00,PT15M,2026-02-26T08:15Z,2026-02-26T08:00Z,0,1,7,10Y1001C--00090V,AUCTION-aFRR,B74,10YSK-SEPS-----K,EUR,A01,A02,20260226037-AFRR_N-UNIT_097-1,MWH,MAW,A01,A06,2026-02-26T08:15Z,2026-02-26T08:00Z
balancing_energy_bids,56,2026-02-26T08:00:00,PT15M,2026-02-26T08:15Z,2026-02-26T08:00Z,20,1,4,10Y1001C--00090V,AUCTION-aFRR,B74,10YSK-SEPS-----K,EUR,A01,A02,20260226037-AFRR_N-UNIT_104-1,MWH,MAW,A01,A06,2026-02-26T08:15Z,2026-02-26T08:00Z
balancing_energy_bids,57,2026-02-26T08:00:00,PT15M,2026-02-26T08:15Z,2026-02-26T08:00Z,-19,1,1,10Y1001C--00090V,AUCTION-aFRR,B74,10YSK-SEPS-----K,EUR,A01,A02,20260226037-AFRR_N-UNIT_106-1,MWH,MAW,A01,A06,2026-02-26T08:15Z,2026-02-26T08:00Z
balancing_energy_bids,58,2026-02-26T08:00:00,PT15M,2026-02-26T08:15Z,2026-02-26T08:00Z,189,1,5,10Y1001C--00090V,AUCTION-aFRR,B74,10YSK-SEPS-----K,EUR,A01,A01,20260226037-AFRR_P-UNIT_003-1,MWH,MAW,A01,A06,2026-02-26T08:15Z,2026-02-26T08:00Z
balancing_energy_bids,59,2026-02-26T08:00:00,PT15M,2026-02-26T08:15Z,2026-02-26T08:00Z,165,1,3,10Y1001C--00090V,AUCTION-aFRR,B74,10YSK-SEPS-----K,EUR,A01,A01,20260226037-AFRR_P-UNIT_009-1,MWH,MAW,A01,A06,2026-02-26T08:15Z,2026-02-26T08:00Z
balancing_energy_bids,60,2026-02-26T08:00:00,PT15M,2026-02-26T08:15Z,2026-02-26T08:00Z,251,1,1,10Y1001C--00090V,AUCTION-aFRR,B74,10YSK-SEPS-----K,EUR,A01,A01,20260226037-AFRR_P-UNIT_019-1,MWH,MAW,A01,A06,2026-02-26T08:15Z,2026-02-26T08:00Z
balancing_energy_bids,61,2026-02-26T08:00:00,PT15M,2026-02-26T08:15Z,2026-02-26T08:00Z,500,1,14,10Y1001C--00090V,AUCTION-aFRR,B74,10YSK-SEPS-----K,EUR,A01,A01,20260226037-AFRR_P-UNIT_028-1,MWH,MAW,A01,A06,2026-02-26T08:15Z,2026-02-26T08:00Z
balancing_energy_bids,62,2026-02-26T08:00:00,PT15M,2026-02-26T08:15Z,2026-02-26T08:00Z,0,1,1,10Y1001C--00090V,AUCTION-aFRR,B74,10YSK-SEPS-----K,EUR,A01,A01,20260226037-AFRR_P-UNIT_047-1,MWH,MAW,A01,A11,2026-02-26T08:15Z,2026-02-26T08:00Z
balancing_energy_bids,63,2026-02-26T08:00:00,PT15M,2026-02-26T08:15Z,2026-02-26T08:00Z,140,1,23,10Y1001C--00090V,AUCTION-aFRR,B74,10YSK-SEPS-----K,EUR,A01,A01,20260226037-AFRR_P-UNIT_052-1,MWH,MAW,A01,A06,2026-02-26T08:15Z,2026-02-26T08:00Z
balancing_energy_bids,64,2026-02-26T08:00:00,PT15M,2026-02-26T08:15Z,2026-02-26T08:00Z,150.54,1,1,10Y1001C--00090V,AUCTION-aFRR,B74,10YSK-SEPS-----K,EUR,A01,A01,20260226037-AFRR_P-UNIT_058-1,MWH,MAW,A01,A11,2026-02-26T08:15Z,2026-02-26T08:00Z
balancing_energy_bids,65,2026-02-26T08:00:00,PT15M,2026-02-26T08:15Z,2026-02-26T08:00Z,113,1,9,10Y1001C--00090V,AUCTION-aFRR,B74,10YSK-SEPS-----K,EUR,A01,A01,20260226037-AFRR_P-UNIT_062-1,MWH,MAW,A01,A06,2026-02-26T08:15Z,2026-02-26T08:00Z
balancing_energy_bids,66,2026-02-26T08:00:00,PT15M,2026-02-26T08:15Z,2026-02-26T08:00Z,130,1,10,10Y1001C--00090V,AUCTION-aFRR,B74,10YSK-SEPS-----K,EUR,A01,A01,20260226037-AFRR_P-UNIT_063-1,MWH,MAW,A01,A06,2026-02-26T08:15Z,2026-02-26T08:00Z
balancing_energy_bids,67,2026-02-26T08:00:00,PT15M,2026-02-26T08:15Z,2026-02-26T08:00Z,300,1,6,10Y1001C--00090V,AUCTION-aFRR,B74,10YSK-SEPS-----K,EUR,A01,A01,20260226037-AFRR_P-UNIT_068-1,MWH,MAW,A01,A06,2026-02-26T08:15Z,2026-02-26T08:00Z
balancing_energy_bids,68,2026-02-26T08:00:00,PT15M,2026-02-26T08:15Z,2026-02-26T08:00Z,100,1,15,10Y1001C--00090V,AUCTION-aFRR,B74,10YSK-SEPS-----K,EUR,A01,A01,20260226037-AFRR_P-UNIT_069-1,MWH,MAW,A01,A06,2026-02-26T08:15Z,2026-02-26T08:00Z
balancing_energy_bids,69,2026-02-26T08:00:00,PT15M,2026-02-26T08:15Z,2026-02-26T08:00Z,750,1,11,10Y1001C--00090V,AUCTION-aFRR,B74,10YSK-SEPS-----K,EUR,A01,A01,20260226037-AFRR_P-UNIT_104-1,MWH,MAW,A01,A06,2026-02-26T08:15Z,2026-02-26T08:00Z
balancing_energy_bids,70,2026-02-26T08:00:00,PT15M,2026-02-26T08:15Z,2026-02-26T08:00Z,300,1,1,10Y1001C--00090V,AUCTION-aFRR,B74,10YSK-SEPS-----K,EUR,A01,A01,20260226037-AFRR_P-UNIT_106-1,MWH,MAW,A01,A11,2026-02-26T08:15Z,2026-02-26T08:00Z
balancing_energy_bids,71,2026-02-26T08:15:00,PT15M,2026-02-26T08:30Z,2026-02-26T08:15Z,-5,1,5,10Y1001C--00090V,AUCTION-aFRR,B74,10YSK-SEPS-----K,EUR,A01,A02,20260226038-AFRR_N-UNIT_003-1,MWH,MAW,A01,A06,2026-02-26T08:30Z,2026-02-26T08:15Z
balancing_energy_bids,72,2026-02-26T08:15:00,PT15M,2026-02-26T08:30Z,2026-02-26T08:15Z,-20,1,30,10Y1001C--00090V,AUCTION-aFRR,B74,10YSK-SEPS-----K,EUR,A01,A02,20260226038-AFRR_N-UNIT_013-1,MWH,MAW,A01,A06,2026-02-26T08:30Z,2026-02-26T08:15Z
balancing_energy_bids,73,2026-02-26T08:15:00,PT15M,2026-02-26T08:30Z,2026-02-26T08:15Z,-199,1,1,10Y1001C--00090V,AUCTION-aFRR,B74,10YSK-SEPS-----K,EUR,A01,A02,20260226038-AFRR_N-UNIT_019-1,MWH,MAW,A01,A11,2026-02-26T08:30Z,2026-02-26T08:15Z
balancing_energy_bids,74,2026-02-26T08:15:00,PT15M,2026-02-26T08:30Z,2026-02-26T08:15Z,-0.01,1,10,10Y1001C--00090V,AUCTION-aFRR,B74,10YSK-SEPS-----K,EUR,A01,A02,20260226038-AFRR_N-UNIT_028-1,MWH,MAW,A01,A06,2026-02-26T08:30Z,2026-02-26T08:15Z
balancing_energy_bids,75,2026-02-26T08:15:00,PT15M,2026-02-26T08:30Z,2026-02-26T08:15Z,10,1,7,10Y1001C--00090V,AUCTION-aFRR,B74,10YSK-SEPS-----K,EUR,A01,A02,20260226038-AFRR_N-UNIT_043-1,MWH,MAW,A01,A06,2026-02-26T08:30Z,2026-02-26T08:15Z
balancing_energy_bids,76,2026-02-26T08:15:00,PT15M,2026-02-26T08:30Z,2026-02-26T08:15Z,-30,1,10,10Y1001C--00090V,AUCTION-aFRR,B74,10YSK-SEPS-----K,EUR,A01,A02,20260226038-AFRR_N-UNIT_052-1,MWH,MAW,A01,A06,2026-02-26T08:30Z,2026-02-26T08:15Z
balancing_energy_bids,77,2026-02-26T08:15:00,PT15M,2026-02-26T08:30Z,2026-02-26T08:15Z,-5,1,1,10Y1001C--00090V,AUCTION-aFRR,B74,10YSK-SEPS-----K,EUR,A01,A02,20260226038-AFRR_N-UNIT_058-1,MWH,MAW,A01,A11,2026-02-26T08:30Z,2026-02-26T08:15Z
balancing_energy_bids,78,2026-02-26T08:15:00,PT15M,2026-02-26T08:30Z,2026-02-26T08:15Z,-29,1,15,10Y1001C--00090V,AUCTION-aFRR,B74,10YSK-SEPS-----K,EUR,A01,A02,20260226038-AFRR_N-UNIT_062-1,MWH,MAW,A01,A06,2026-02-26T08:30Z,2026-02-26T08:15Z
balancing_energy_bids,79,2026-02-26T08:15:00,PT15M,2026-02-26T08:30Z,2026-02-26T08:15Z,-50,1,4,10Y1001C--00090V,AUCTION-aFRR,B74,10YSK-SEPS-----K,EUR,A01,A02,20260226038-AFRR_N-UNIT_068-1,MWH,MAW,A01,A06,2026-02-26T08:30Z,2026-02-26T08:15Z
balancing_energy_bids,80,2026-02-26T08:15:00,PT15M,2026-02-26T08:30Z,2026-02-26T08:15Z,-250,1,15,10Y1001C--00090V,AUCTION-aFRR,B74,10YSK-SEPS-----K,EUR,A01,A02,20260226038-AFRR_N-UNIT_069-1,MWH,MAW,A01,A06,2026-02-26T08:30Z,2026-02-26T08:15Z
balancing_energy_bids,81,2026-02-26T08:15:00,PT15M,2026-02-26T08:30Z,2026-02-26T08:15Z,-163.23,1,3,10Y1001C--00090V,AUCTION-aFRR,B74,10YSK-SEPS-----K,EUR,A01,A02,20260226038-AFRR_N-UNIT_089-1,MWH,MAW,A01,A06,2026-02-26T08:30Z,2026-02-26T08:15Z
balancing_energy_bids,82,2026-02-26T08:15:00,PT15M,2026-02-26T08:30Z,2026-02-26T08:15Z,0,1,7,10Y1001C--00090V,AUCTION-aFRR,B74,10YSK-SEPS-----K,EUR,A01,A02,20260226038-AFRR_N-UNIT_097-1,MWH,MAW,A01,A06,2026-02-26T08:30Z,2026-02-26T08:15Z
balancing_energy_bids,83,2026-02-26T08:15:00,PT15M,2026-02-26T08:30Z,2026-02-26T08:15Z,20,1,4,10Y1001C--00090V,AUCTION-aFRR,B74,10YSK-SEPS-----K,EUR,A01,A02,20260226038-AFRR_N-UNIT_104-1,MWH,MAW,A01,A06,2026-02-26T08:30Z,2026-02-26T08:15Z
balancing_energy_bids,84,2026-02-26T08:15:00,PT15M,2026-02-26T08:30Z,2026-02-26T08:15Z,-19,1,1,10Y1001C--00090V,AUCTION-aFRR,B74,10YSK-SEPS-----K,EUR,A01,A02,20260226038-AFRR_N-UNIT_106-1,MWH,MAW,A01,A06,2026-02-26T08:30Z,2026-02-26T08:15Z
balancing_energy_bids,85,2026-02-26T08:15:00,PT15M,2026-02-26T08:30Z,2026-02-26T08:15Z,189,1,5,10Y1001C--00090V,AUCTION-aFRR,B74,10YSK-SEPS-----K,EUR,A01,A01,20260226038-AFRR_P-UNIT_003-1,MWH,MAW,A01,A06,2026-02-26T08:30Z,2026-02-26T08:15Z
balancing_energy_bids,86,2026-02-26T08:15:00,PT15M,2026-02-26T08:30Z,2026-02-26T08:15Z,165,1,3,10Y1001C--00090V,AUCTION-aFRR,B74,10YSK-SEPS-----K,EUR,A01,A01,20260226038-AFRR_P-UNIT_009-1,MWH,MAW,A01,A06,2026-02-26T08:30Z,2026-02-26T08:15Z
balancing_energy_bids,87,2026-02-26T08:15:00,PT15M,2026-02-26T08:30Z,2026-02-26T08:15Z,251,1,1,10Y1001C--00090V,AUCTION-aFRR,B74,10YSK-SEPS-----K,EUR,A01,A01,20260226038-AFRR_P-UNIT_019-1,MWH,MAW,A01,A06,2026-02-26T08:30Z,2026-02-26T08:15Z
balancing_energy_bids,88,2026-02-26T08:15:00,PT15M,2026-02-26T08:30Z,2026-02-26T08:15Z,500,1,14,10Y1001C--00090V,AUCTION-aFRR,B74,10YSK-SEPS-----K,EUR,A01,A01,20260226038-AFRR_P-UNIT_028-1,MWH,MAW,A01,A06,2026-02-26T08:30Z,2026-02-26T08:15Z
balancing_energy_bids,89,2026-02-26T08:15:00,PT15M,2026-02-26T08:30Z,2026-02-26T08:15Z,0,1,1,10Y1001C--00090V,AUCTION-aFRR,B74,10YSK-SEPS-----K,EUR,A01,A01,20260226038-AFRR_P-UNIT_047-1,MWH,MAW,A01,A11,2026-02-26T08:30Z,2026-02-26T08:15Z
balancing_energy_bids,90,2026-02-26T08:15:00,PT15M,2026-02-26T08:30Z,2026-02-26T08:15Z,140,1,23,10Y1001C--00090V,AUCTION-aFRR,B74,10YSK-SEPS-----K,EUR,A01,A01,20260226038-AFRR_P-UNIT_052-1,MWH,MAW,A01,A06,2026-02-26T08:30Z,2026-02-26T08:15Z
balancing_energy_bids,91,2026-02-26T08:15:00,PT15M,2026-02-26T08:30Z,2026-02-26T08:15Z,135.47,1,1,10Y1001C--00090V,AUCTION-aFRR,B74,10YSK-SEPS-----K,EUR,A01,A01,20260226038-AFRR_P-UNIT_058-1,MWH,MAW,A01,A11,2026-02-26T08:30Z,2026-02-26T08:15Z
balancing_energy_bids,92,2026-02-26T08:15:00,PT15M,2026-02-26T08:30Z,2026-02-26T08:15Z,117,1,9,10Y1001C--00090V,AUCTION-aFRR,B74,10YSK-SEPS-----K,EUR,A01,A01,20260226038-AFRR_P-UNIT_062-1,MWH,MAW,A01,A06,2026-02-26T08:30Z,2026-02-26T08:15Z
balancing_energy_bids,93,2026-02-26T08:15:00,PT15M,2026-02-26T08:30Z,2026-02-26T08:15Z,130,1,10,10Y1001C--00090V,AUCTION-aFRR,B74,10YSK-SEPS-----K,EUR,A01,A01,20260226038-AFRR_P-UNIT_063-1,MWH,MAW,A01,A06,2026-02-26T08:30Z,2026-02-26T08:15Z
balancing_energy_bids,94,2026-02-26T08:15:00,PT15M,2026-02-26T08:30Z,2026-02-26T08:15Z,300,1,6,10Y1001C--00090V,AUCTION-aFRR,B74,10YSK-SEPS-----K,EUR,A01,A01,20260226038-AFRR_P-UNIT_068-1,MWH,MAW,A01,A06,2026-02-26T08:30Z,2026-02-26T08:15Z
balancing_energy_bids,95,2026-02-26T08:15:00,PT15M,2026-02-26T08:30Z,2026-02-26T08:15Z,100,1,15,10Y1001C--00090V,AUCTION-aFRR,B74,10YSK-SEPS-----K,EUR,A01,A01,20260226038-AFRR_P-UNIT_069-1,MWH,MAW,A01,A06,2026-02-26T08:30Z,2026-02-26T08:15Z
balancing_energy_bids,96,2026-02-26T08:15:00,PT15M,2026-02-26T08:30Z,2026-02-26T08:15Z,750,1,11,10Y1001C--00090V,AUCTION-aFRR,B74,10YSK-SEPS-----K,EUR,A01,A01,20260226038-AFRR_P-UNIT_104-1,MWH,MAW,A01,A06,2026-02-26T08:30Z,2026-02-26T08:15Z
balancing_energy_bids,97,2026-02-26T08:15:00,PT15M,2026-02-26T08:30Z,2026-02-26T08:15Z,300,1,1,10Y1001C--00090V,AUCTION-aFRR,B74,10YSK-SEPS-----K,EUR,A01,A01,20260226038-AFRR_P-UNIT_106-1,MWH,MAW,A01,A11,2026-02-26T08:30Z,2026-02-26T08:15Z
balancing_energy_bids,98,2026-02-26T08:30:00,PT15M,2026-02-26T08:45Z,2026-02-26T08:30Z,-5,1,5,10Y1001C--00090V,AUCTION-aFRR,B74,10YSK-SEPS-----K,EUR,A01,A02,20260226039-AFRR_N-UNIT_003-1,MWH,MAW,A01,A06,2026-02-26T08:45Z,2026-02-26T08:30Z
balancing_energy_bids,99,2026-02-26T08:30:00,PT15M,2026-02-26T08:45Z,2026-02-26T08:30Z,-20,1,30,10Y1001C--00090V,AUCTION-aFRR,B74,10YSK-SEPS-----K,EUR,A01,A02,20260226039-AFRR_N-UNIT_013-1,MWH,MAW,A01,A06,2026-02-26T08:45Z,2026-02-26T08:30Z
balancing_energy_bids,100,2026-02-26T08:30:00,PT15M,2026-02-26T08:45Z,2026-02-26T08:30Z,-199,1,1,10Y1001C--00090V,AUCTION-aFRR,B74,10YSK-SEPS-----K,EUR,A01,A02,20260226039-AFRR_N-UNIT_019-1,MWH,MAW,A01,A11,2026-02-26T08:45Z,2026-02-26T08:30Z
balancing_energy_bids,1,2026-02-26T08:30:00,PT15M,2026-02-26T08:45Z,2026-02-26T08:30Z,-0.01,1,10,10Y1001C--00090V,AUCTION-aFRR,B74,10YSK-SEPS-----K,EUR,A01,A02,20260226039-AFRR_N-UNIT_028-1,MWH,MAW,A01,A06,2026-02-26T08:45Z,2026-02-26T08:30Z
balancing_energy_bids,2,2026-02-26T08:30:00,PT15M,2026-02-26T08:45Z,2026-02-26T08:30Z,10,1,7,10Y1001C--00090V,AUCTION-aFRR,B74,10YSK-SEPS-----K,EUR,A01,A02,20260226039-AFRR_N-UNIT_043-1,MWH,MAW,A01,A06,2026-02-26T08:45Z,2026-02-26T08:30Z
balancing_energy_bids,3,2026-02-26T08:30:00,PT15M,2026-02-26T08:45Z,2026-02-26T08:30Z,-30,1,10,10Y1001C--00090V,AUCTION-aFRR,B74,10YSK-SEPS-----K,EUR,A01,A02,20260226039-AFRR_N-UNIT_052-1,MWH,MAW,A01,A06,2026-02-26T08:45Z,2026-02-26T08:30Z
balancing_energy_bids,4,2026-02-26T08:30:00,PT15M,2026-02-26T08:45Z,2026-02-26T08:30Z,-5,1,1,10Y1001C--00090V,AUCTION-aFRR,B74,10YSK-SEPS-----K,EUR,A01,A02,20260226039-AFRR_N-UNIT_058-1,MWH,MAW,A01,A11,2026-02-26T08:45Z,2026-02-26T08:30Z
balancing_energy_bids,5,2026-02-26T08:30:00,PT15M,2026-02-26T08:45Z,2026-02-26T08:30Z,-29,1,15,10Y1001C--00090V,AUCTION-aFRR,B74,10YSK-SEPS-----K,EUR,A01,A02,20260226039-AFRR_N-UNIT_062-1,MWH,MAW,A01,A06,2026-02-26T08:45Z,2026-02-26T08:30Z
balancing_energy_bids,6,2026-02-26T08:30:00,PT15M,2026-02-26T08:45Z,2026-02-26T08:30Z,-50,1,4,10Y1001C--00090V,AUCTION-aFRR,B74,10YSK-SEPS-----K,EUR,A01,A02,20260226039-AFRR_N-UNIT_068-1,MWH,MAW,A01,A06,2026-02-26T08:45Z,2026-02-26T08:30Z
balancing_energy_bids,7,2026-02-26T08:30:00,PT15M,2026-02-26T08:45Z,2026-02-26T08:30Z,-250,1,15,10Y1001C--00090V,AUCTION-aFRR,B74,10YSK-SEPS-----K,EUR,A01,A02,20260226039-AFRR_N-UNIT_069-1,MWH,MAW,A01,A06,2026-02-26T08:45Z,2026-02-26T08:30Z
balancing_energy_bids,8,2026-02-26T08:30:00,PT15M,2026-02-26T08:45Z,2026-02-26T08:30Z,-180.3,1,3,10Y1001C--00090V,AUCTION-aFRR,B74,10YSK-SEPS-----K,EUR,A01,A02,20260226039-AFRR_N-UNIT_089-1,MWH,MAW,A01,A06,2026-02-26T08:45Z,2026-02-26T08:30Z
balancing_energy_bids,9,2026-02-26T08:30:00,PT15M,2026-02-26T08:45Z,2026-02-26T08:30Z,0,1,7,10Y1001C--00090V,AUCTION-aFRR,B74,10YSK-SEPS-----K,EUR,A01,A02,20260226039-AFRR_N-UNIT_097-1,MWH,MAW,A01,A06,2026-02-26T08:45Z,2026-02-26T08:30Z
balancing_energy_bids,10,2026-02-26T08:30:00,PT15M,2026-02-26T08:45Z,2026-02-26T08:30Z,-20,1,4,10Y1001C--00090V,AUCTION-aFRR,B74,10YSK-SEPS-----K,EUR,A01,A02,20260226039-AFRR_N-UNIT_104-1,MWH,MAW,A01,A06,2026-02-26T08:45Z,2026-02-26T08:30Z
balancing_energy_bids,11,2026-02-26T08:30:00,PT15M,2026-02-26T08:45Z,2026-02-26T08:30Z,-19,1,1,10Y1001C--00090V,AUCTION-aFRR,B74,10YSK-SEPS-----K,EUR,A01,A02,20260226039-AFRR_N-UNIT_106-1,MWH,MAW,A01,A06,2026-02-26T08:45Z,2026-02-26T08:30Z
balancing_energy_bids,12,2026-02-26T08:30:00,PT15M,2026-02-26T08:45Z,2026-02-26T08:30Z,189,1,5,10Y1001C--00090V,AUCTION-aFRR,B74,10YSK-SEPS-----K,EUR,A01,A01,20260226039-AFRR_P-UNIT_003-1,MWH,MAW,A01,A06,2026-02-26T08:45Z,2026-02-26T08:30Z
balancing_energy_bids,13,2026-02-26T08:30:00,PT15M,2026-02-26T08:45Z,2026-02-26T08:30Z,165,1,3,10Y1001C--00090V,AUCTION-aFRR,B74,10YSK-SEPS-----K,EUR,A01,A01,20260226039-AFRR_P-UNIT_009-1,MWH,MAW,A01,A06,2026-02-26T08:45Z,2026-02-26T08:30Z
balancing_energy_bids,14,2026-02-26T08:30:00,PT15M,2026-02-26T08:45Z,2026-02-26T08:30Z,251,1,1,10Y1001C--00090V,AUCTION-aFRR,B74,10YSK-SEPS-----K,EUR,A01,A01,20260226039-AFRR_P-UNIT_019-1,MWH,MAW,A01,A06,2026-02-26T08:45Z,2026-02-26T08:30Z
balancing_energy_bids,15,2026-02-26T08:30:00,PT15M,2026-02-26T08:45Z,2026-02-26T08:30Z,500,1,14,10Y1001C--00090V,AUCTION-aFRR,B74,10YSK-SEPS-----K,EUR,A01,A01,20260226039-AFRR_P-UNIT_028-1,MWH,MAW,A01,A06,2026-02-26T08:45Z,2026-02-26T08:30Z
balancing_energy_bids,16,2026-02-26T08:30:00,PT15M,2026-02-26T08:45Z,2026-02-26T08:30Z,0,1,1,10Y1001C--00090V,AUCTION-aFRR,B74,10YSK-SEPS-----K,EUR,A01,A01,20260226039-AFRR_P-UNIT_047-1,MWH,MAW,A01,A11,2026-02-26T08:45Z,2026-02-26T08:30Z
balancing_energy_bids,17,2026-02-26T08:30:00,PT15M,2026-02-26T08:45Z,2026-02-26T08:30Z,140,1,23,10Y1001C--00090V,AUCTION-aFRR,B74,10YSK-SEPS-----K,EUR,A01,A01,20260226039-AFRR_P-UNIT_052-1,MWH,MAW,A01,A06,2026-02-26T08:45Z,2026-02-26T08:30Z
balancing_energy_bids,18,2026-02-26T08:30:00,PT15M,2026-02-26T08:45Z,2026-02-26T08:30Z,132,1,1,10Y1001C--00090V,AUCTION-aFRR,B74,10YSK-SEPS-----K,EUR,A01,A01,20260226039-AFRR_P-UNIT_058-1,MWH,MAW,A01,A11,2026-02-26T08:45Z,2026-02-26T08:30Z
balancing_energy_bids,19,2026-02-26T08:30:00,PT15M,2026-02-26T08:45Z,2026-02-26T08:30Z,100,1,9,10Y1001C--00090V,AUCTION-aFRR,B74,10YSK-SEPS-----K,EUR,A01,A01,20260226039-AFRR_P-UNIT_062-1,MWH,MAW,A01,A06,2026-02-26T08:45Z,2026-02-26T08:30Z
balancing_energy_bids,20,2026-02-26T08:30:00,PT15M,2026-02-26T08:45Z,2026-02-26T08:30Z,130,1,10,10Y1001C--00090V,AUCTION-aFRR,B74,10YSK-SEPS-----K,EUR,A01,A01,20260226039-AFRR_P-UNIT_063-1,MWH,MAW,A01,A06,2026-02-26T08:45Z,2026-02-26T08:30Z
balancing_energy_bids,21,2026-02-26T08:30:00,PT15M,2026-02-26T08:45Z,2026-02-26T08:30Z,300,1,6,10Y1001C--00090V,AUCTION-aFRR,B74,10YSK-SEPS-----K,EUR,A01,A01,20260226039-AFRR_P-UNIT_068-1,MWH,MAW,A01,A06,2026-02-26T08:45Z,2026-02-26T08:30Z
balancing_energy_bids,22,2026-02-26T08:30:00,PT15M,2026-02-26T08:45Z,2026-02-26T08:30Z,100,1,15,10Y1001C--00090V,AUCTION-aFRR,B74,10YSK-SEPS-----K,EUR,A01,A01,20260226039-AFRR_P-UNIT_069-1,MWH,MAW,A01,A06,2026-02-26T08:45Z,2026-02-26T08:30Z
balancing_energy_bids,23,2026-02-26T08:30:00,PT15M,2026-02-26T08:45Z,2026-02-26T08:30Z,750,1,11,10Y1001C--00090V,AUCTION-aFRR,B74,10YSK-SEPS-----K,EUR,A01,A01,20260226039-AFRR_P-UNIT_104-1,MWH,MAW,A01,A06,2026-02-26T08:45Z,2026-02-26T08:30Z
balancing_energy_bids,24,2026-02-26T08:30:00,PT15M,2026-02-26T08:45Z,2026-02-26T08:30Z,300,1,1,10Y1001C--00090V,AUCTION-aFRR,B74,10YSK-SEPS-----K,EUR,A01,A01,20260226039-AFRR_P-UNIT_106-1,MWH,MAW,A01,A11,2026-02-26T08:45Z,2026-02-26T08:30Z
balancing_energy_bids,25,2026-02-26T09:00:00,PT15M,2026-02-26T09:15Z,2026-02-26T09:00Z,-5,1,5,10Y1001C--00090V,AUCTION-aFRR,B74,10YSK-SEPS-----K,EUR,A01,A02,20260226041-AFRR_N-UNIT_003-1,MWH,MAW,A01,A06,2026-02-26T09:15Z,2026-02-26T09:00Z
balancing_energy_bids,26,2026-02-26T09:00:00,PT15M,2026-02-26T09:15Z,2026-02-26T09:00Z,-20,1,30,10Y1001C--00090V,AUCTION-aFRR,B74,10YSK-SEPS-----K,EUR,A01,A02,20260226041-AFRR_N-UNIT_013-1,MWH,MAW,A01,A06,2026-02-26T09:15Z,2026-02-26T09:00Z
balancing_energy_bids,27,2026-02-26T09:00:00,PT15M,2026-02-26T09:15Z,2026-02-26T09:00Z,-199,1,1,10Y1001C--00090V,AUCTION-aFRR,B74,10YSK-SEPS-----K,EUR,A01,A02,20260226041-AFRR_N-UNIT_019-1,MWH,MAW,A01,A11,2026-02-26T09:15Z,2026-02-26T09:00Z
balancing_energy_bids,28,2026-02-26T09:00:00,PT15M,2026-02-26T09:15Z,2026-02-26T09:00Z,-50,1,10,10Y1001C--00090V,AUCTION-aFRR,B74,10YSK-SEPS-----K,EUR,A01,A02,20260226041-AFRR_N-UNIT_028-1,MWH,MAW,A01,A06,2026-02-26T09:15Z,2026-02-26T09:00Z
balancing_energy_bids,29,2026-02-26T09:00:00,PT15M,2026-02-26T09:15Z,2026-02-26T09:00Z,10,1,7,10Y1001C--00090V,AUCTION-aFRR,B74,10YSK-SEPS-----K,EUR,A01,A02,20260226041-AFRR_N-UNIT_043-1,MWH,MAW,A01,A06,2026-02-26T09:15Z,2026-02-26T09:00Z
balancing_energy_bids,30,2026-02-26T09:00:00,PT15M,2026-02-26T09:15Z,2026-02-26T09:00Z,-30,1,10,10Y1001C--00090V,AUCTION-aFRR,B74,10YSK-SEPS-----K,EUR,A01,A02,20260226041-AFRR_N-UNIT_052-1,MWH,MAW,A01,A06,2026-02-26T09:15Z,2026-02-26T09:00Z
balancing_energy_bids,31,2026-02-26T09:00:00,PT15M,2026-02-26T09:15Z,2026-02-26T09:00Z,-5,1,1,10Y1001C--00090V,AUCTION-aFRR,B74,10YSK-SEPS-----K,EUR,A01,A02,20260226041-AFRR_N-UNIT_058-1,MWH,MAW,A01,A11,2026-02-26T09:15Z,2026-02-26T09:00Z
balancing_energy_bids,32,2026-02-26T09:00:00,PT15M,2026-02-26T09:15Z,2026-02-26T09:00Z,-29,1,13,10Y1001C--00090V,AUCTION-aFRR,B74,10YSK-SEPS-----K,EUR,A01,A02,20260226041-AFRR_N-UNIT_062-1,MWH,MAW,A01,A06,2026-02-26T09:15Z,2026-02-26T09:00Z
balancing_energy_bids,33,2026-02-26T09:00:00,PT15M,2026-02-26T09:15Z,2026-02-26T09:00Z,-50,1,4,10Y1001C--00090V,AUCTION-aFRR,B74,10YSK-SEPS-----K,EUR,A01,A02,20260226041-AFRR_N-UNIT_068-1,MWH,MAW,A01,A06,2026-02-26T09:15Z,2026-02-26T09:00Z
balancing_energy_bids,34,2026-02-26T09:00:00,PT15M,2026-02-26T09:15Z,2026-02-26T09:00Z,-250,1,15,10Y1001C--00090V,AUCTION-aFRR,B74,10YSK-SEPS-----K,EUR,A01,A02,20260226041-AFRR_N-UNIT_069-1,MWH,MAW,A01,A06,2026-02-26T09:15Z,2026-02-26T09:00Z
balancing_energy_bids,35,2026-02-26T09:00:00,PT15M,2026-02-26T09:15Z,2026-02-26T09:00Z,-177.68,1,3,10Y1001C--00090V,AUCTION-aFRR,B74,10YSK-SEPS-----K,EUR,A01,A02,20260226041-AFRR_N-UNIT_089-1,MWH,MAW,A01,A06,2026-02-26T09:15Z,2026-02-26T09:00Z
balancing_energy_bids,36,2026-02-26T09:00:00,PT15M,2026-02-26T09:15Z,2026-02-26T09:00Z,-20,1,4,10Y1001C--00090V,AUCTION-aFRR,B74,10YSK-SEPS-----K,EUR,A01,A02,20260226041-AFRR_N-UNIT_104-1,MWH,MAW,A01,A06,2026-02-26T09:15Z,2026-02-26T09:00Z
balancing_energy_bids,37,2026-02-26T09:00:00,PT15M,2026-02-26T09:15Z,2026-02-26T09:00Z,-19,1,1,10Y1001C--00090V,AUCTION-aFRR,B74,10YSK-SEPS-----K,EUR,A01,A02,20260226041-AFRR_N-UNIT_106-1,MWH,MAW,A01,A06,2026-02-26T09:15Z,2026-02-26T09:00Z
balancing_energy_bids,38,2026-02-26T09:00:00,PT15M,2026-02-26T09:15Z,2026-02-26T09:00Z,189,1,5,10Y1001C--00090V,AUCTION-aFRR,B74,10YSK-SEPS-----K,EUR,A01,A01,20260226041-AFRR_P-UNIT_003-1,MWH,MAW,A01,A06,2026-02-26T09:15Z,2026-02-26T09:00Z
balancing_energy_bids,39,2026-02-26T09:00:00,PT15M,2026-02-26T09:15Z,2026-02-26T09:00Z,165,1,3,10Y1001C--00090V,AUCTION-aFRR,B74,10YSK-SEPS-----K,EUR,A01,A01,20260226041-AFRR_P-UNIT_009-1,MWH,MAW,A01,A06,2026-02-26T09:15Z,2026-02-26T09:00Z
balancing_energy_bids,40,2026-02-26T09:00:00,PT15M,2026-02-26T09:15Z,2026-02-26T09:00Z,251,1,1,10Y1001C--00090V,AUCTION-aFRR,B74,10YSK-SEPS-----K,EUR,A01,A01,20260226041-AFRR_P-UNIT_019-1,MWH,MAW,A01,A06,2026-02-26T09:15Z,2026-02-26T09:00Z
balancing_energy_bids,41,2026-02-26T09:00:00,PT15M,2026-02-26T09:15Z,2026-02-26T09:00Z,400,1,11,10Y1001C--00090V,AUCTION-aFRR,B74,10YSK-SEPS-----K,EUR,A01,A01,20260226041-AFRR_P-UNIT_028-1,MWH,MAW,A01,A06,2026-02-26T09:15Z,2026-02-26T09:00Z
balancing_energy_bids,42,2026-02-26T09:00:00,PT15M,2026-02-26T09:15Z,2026-02-26T09:00Z,102,1,1,10Y1001C--00090V,AUCTION-aFRR,B74,10YSK-SEPS-----K,EUR,A01,A01,20260226041-AFRR_P-UNIT_043-1,MWH,MAW,A01,A06,2026-02-26T09:15Z,2026-02-26T09:00Z
balancing_energy_bids,43,2026-02-26T09:00:00,PT15M,2026-02-26T09:15Z,2026-02-26T09:00Z,0,1,1,10Y1001C--00090V,AUCTION-aFRR,B74,10YSK-SEPS-----K,EUR,A01,A01,20260226041-AFRR_P-UNIT_047-1,MWH,MAW,A01,A11,2026-02-26T09:15Z,2026-02-26T09:00Z
balancing_energy_bids,44,2026-02-26T09:00:00,PT15M,2026-02-26T09:15Z,2026-02-26T09:00Z,135,1,23,10Y1001C--00090V,AUCTION-aFRR,B74,10YSK-SEPS-----K,EUR,A01,A01,20260226041-AFRR_P-UNIT_052-1,MWH,MAW,A01,A06,2026-02-26T09:15Z,2026-02-26T09:00Z
balancing_energy_bids,45,2026-02-26T09:00:00,PT15M,2026-02-26T09:15Z,2026-02-26T09:00Z,132,1,1,10Y1001C--00090V,AUCTION-aFRR,B74,10YSK-SEPS-----K,EUR,A01,A01,20260226041-AFRR_P-UNIT_058-1,MWH,MAW,A01,A11,2026-02-26T09:15Z,2026-02-26T09:00Z
balancing_energy_bids,46,2026-02-26T09:00:00,PT15M,2026-02-26T09:15Z,2026-02-26T09:00Z,102,1,9,10Y1001C--00090V,AUCTION-aFRR,B74,10YSK-SEPS-----K,EUR,A01,A01,20260226041-AFRR_P-UNIT_062-1,MWH,MAW,A01,A06,2026-02-26T09:15Z,2026-02-26T09:00Z
balancing_energy_bids,47,2026-02-26T09:00:00,PT15M,2026-02-26T09:15Z,2026-02-26T09:00Z,130,1,10,10Y1001C--00090V,AUCTION-aFRR,B74,10YSK-SEPS-----K,EUR,A01,A01,20260226041-AFRR_P-UNIT_063-1,MWH,MAW,A01,A06,2026-02-26T09:15Z,2026-02-26T09:00Z
balancing_energy_bids,48,2026-02-26T09:00:00,PT15M,2026-02-26T09:15Z,2026-02-26T09:00Z,300,1,10,10Y1001C--00090V,AUCTION-aFRR,B74,10YSK-SEPS-----K,EUR,A01,A01,20260226041-AFRR_P-UNIT_068-1,MWH,MAW,A01,A06,2026-02-26T09:15Z,2026-02-26T09:00Z
balancing_energy_bids,49,2026-02-26T09:00:00,PT15M,2026-02-26T09:15Z,2026-02-26T09:00Z,100,1,15,10Y1001C--00090V,AUCTION-aFRR,B74,10YSK-SEPS-----K,EUR,A01,A01,20260226041-AFRR_P-UNIT_069-1,MWH,MAW,A01,A06,2026-02-26T09:15Z,2026-02-26T09:00Z
balancing_energy_bids,50,2026-02-26T09:00:00,PT15M,2026-02-26T09:15Z,2026-02-26T09:00Z,165,1,7,10Y1001C--00090V,AUCTION-aFRR,B74,10YSK-SEPS-----K,EUR,A01,A01,20260226041-AFRR_P-UNIT_097-1,MWH,MAW,A01,A11,2026-02-26T09:15Z,2026-02-26T09:00Z
balancing_energy_bids,51,2026-02-26T09:00:00,PT15M,2026-02-26T09:15Z,2026-02-26T09:00Z,750,1,11,10Y1001C--00090V,AUCTION-aFRR,B74,10YSK-SEPS-----K,EUR,A01,A01,20260226041-AFRR_P-UNIT_104-1,MWH,MAW,A01,A06,2026-02-26T09:15Z,2026-02-26T09:00Z
balancing_energy_bids,52,2026-02-26T09:00:00,PT15M,2026-02-26T09:15Z,2026-02-26T09:00Z,300,1,1,10Y1001C--00090V,AUCTION-aFRR,B74,10YSK-SEPS-----K,EUR,A01,A01,20260226041-AFRR_P-UNIT_106-1,MWH,MAW,A01,A11,2026-02-26T09:15Z,2026-02-26T09:00Z
balancing_energy_bids,53,2026-02-26T09:15:00,PT15M,2026-02-26T09:30Z,2026-02-26T09:15Z,-5,1,5,10Y1001C--00090V,AUCTION-aFRR,B74,10YSK-SEPS-----K,EUR,A01,A02,20260226042-AFRR_N-UNIT_003-1,MWH,MAW,A01,A06,2026-02-26T09:30Z,2026-02-26T09:15Z
balancing_energy_bids,54,2026-02-26T09:15:00,PT15M,2026-02-26T09:30Z,2026-02-26T09:15Z,-20,1,30,10Y1001C--00090V,AUCTION-aFRR,B74,10YSK-SEPS-----K,EUR,A01,A02,20260226042-AFRR_N-UNIT_013-1,MWH,MAW,A01,A06,2026-02-26T09:30Z,2026-02-26T09:15Z
balancing_energy_bids,55,2026-02-26T09:15:00,PT15M,2026-02-26T09:30Z,2026-02-26T09:15Z,-199,1,1,10Y1001C--00090V,AUCTION-aFRR,B74,10YSK-SEPS-----K,EUR,A01,A02,20260226042-AFRR_N-UNIT_019-1,MWH,MAW,A01,A11,2026-02-26T09:30Z,2026-02-26T09:15Z
balancing_energy_bids,56,2026-02-26T09:15:00,PT15M,2026-02-26T09:30Z,2026-02-26T09:15Z,-150,1,10,10Y1001C--00090V,AUCTION-aFRR,B74,10YSK-SEPS-----K,EUR,A01,A02,20260226042-AFRR_N-UNIT_028-1,MWH,MAW,A01,A06,2026-02-26T09:30Z,2026-02-26T09:15Z
balancing_energy_bids,57,2026-02-26T09:15:00,PT15M,2026-02-26T09:30Z,2026-02-26T09:15Z,10,1,7,10Y1001C--00090V,AUCTION-aFRR,B74,10YSK-SEPS-----K,EUR,A01,A02,20260226042-AFRR_N-UNIT_043-1,MWH,MAW,A01,A06,2026-02-26T09:30Z,2026-02-26T09:15Z
balancing_energy_bids,58,2026-02-26T09:15:00,PT15M,2026-02-26T09:30Z,2026-02-26T09:15Z,-30,1,10,10Y1001C--00090V,AUCTION-aFRR,B74,10YSK-SEPS-----K,EUR,A01,A02,20260226042-AFRR_N-UNIT_052-1,MWH,MAW,A01,A06,2026-02-26T09:30Z,2026-02-26T09:15Z
balancing_energy_bids,59,2026-02-26T09:15:00,PT15M,2026-02-26T09:30Z,2026-02-26T09:15Z,-5,1,1,10Y1001C--00090V,AUCTION-aFRR,B74,10YSK-SEPS-----K,EUR,A01,A02,20260226042-AFRR_N-UNIT_058-1,MWH,MAW,A01,A11,2026-02-26T09:30Z,2026-02-26T09:15Z
balancing_energy_bids,60,2026-02-26T09:15:00,PT15M,2026-02-26T09:30Z,2026-02-26T09:15Z,-29,1,13,10Y1001C--00090V,AUCTION-aFRR,B74,10YSK-SEPS-----K,EUR,A01,A02,20260226042-AFRR_N-UNIT_062-1,MWH,MAW,A01,A06,2026-02-26T09:30Z,2026-02-26T09:15Z
balancing_energy_bids,61,2026-02-26T09:15:00,PT15M,2026-02-26T09:30Z,2026-02-26T09:15Z,-150,1,4,10Y1001C--00090V,AUCTION-aFRR,B74,10YSK-SEPS-----K,EUR,A01,A02,20260226042-AFRR_N-UNIT_068-1,MWH,MAW,A01,A06,2026-02-26T09:30Z,2026-02-26T09:15Z
balancing_energy_bids,62,2026-02-26T09:15:00,PT15M,2026-02-26T09:30Z,2026-02-26T09:15Z,-250,1,15,10Y1001C--00090V,AUCTION-aFRR,B74,10YSK-SEPS-----K,EUR,A01,A02,20260226042-AFRR_N-UNIT_069-1,MWH,MAW,A01,A06,2026-02-26T09:30Z,2026-02-26T09:15Z
balancing_energy_bids,63,2026-02-26T09:15:00,PT15M,2026-02-26T09:30Z,2026-02-26T09:15Z,-182.65,1,3,10Y1001C--00090V,AUCTION-aFRR,B74,10YSK-SEPS-----K,EUR,A01,A02,20260226042-AFRR_N-UNIT_089-1,MWH,MAW,A01,A06,2026-02-26T09:30Z,2026-02-26T09:15Z
balancing_energy_bids,64,2026-02-26T09:15:00,PT15M,2026-02-26T09:30Z,2026-02-26T09:15Z,-20,1,4,10Y1001C--00090V,AUCTION-aFRR,B74,10YSK-SEPS-----K,EUR,A01,A02,20260226042-AFRR_N-UNIT_104-1,MWH,MAW,A01,A06,2026-02-26T09:30Z,2026-02-26T09:15Z
balancing_energy_bids,65,2026-02-26T09:15:00,PT15M,2026-02-26T09:30Z,2026-02-26T09:15Z,-19,1,1,10Y1001C--00090V,AUCTION-aFRR,B74,10YSK-SEPS-----K,EUR,A01,A02,20260226042-AFRR_N-UNIT_106-1,MWH,MAW,A01,A06,2026-02-26T09:30Z,2026-02-26T09:15Z
balancing_energy_bids,66,2026-02-26T09:15:00,PT15M,2026-02-26T09:30Z,2026-02-26T09:15Z,189,1,5,10Y1001C--00090V,AUCTION-aFRR,B74,10YSK-SEPS-----K,EUR,A01,A01,20260226042-AFRR_P-UNIT_003-1,MWH,MAW,A01,A06,2026-02-26T09:30Z,2026-02-26T09:15Z
balancing_energy_bids,67,2026-02-26T09:15:00,PT15M,2026-02-26T09:30Z,2026-02-26T09:15Z,165,1,3,10Y1001C--00090V,AUCTION-aFRR,B74,10YSK-SEPS-----K,EUR,A01,A01,20260226042-AFRR_P-UNIT_009-1,MWH,MAW,A01,A06,2026-02-26T09:30Z,2026-02-26T09:15Z
balancing_energy_bids,68,2026-02-26T09:15:00,PT15M,2026-02-26T09:30Z,2026-02-26T09:15Z,251,1,1,10Y1001C--00090V,AUCTION-aFRR,B74,10YSK-SEPS-----K,EUR,A01,A01,20260226042-AFRR_P-UNIT_019-1,MWH,MAW,A01,A06,2026-02-26T09:30Z,2026-02-26T09:15Z
balancing_energy_bids,69,2026-02-26T09:15:00,PT15M,2026-02-26T09:30Z,2026-02-26T09:15Z,400,1,11,10Y1001C--00090V,AUCTION-aFRR,B74,10YSK-SEPS-----K,EUR,A01,A01,20260226042-AFRR_P-UNIT_028-1,MWH,MAW,A01,A06,2026-02-26T09:30Z,2026-02-26T09:15Z
balancing_energy_bids,70,2026-02-26T09:15:00,PT15M,2026-02-26T09:30Z,2026-02-26T09:15Z,97,1,1,10Y1001C--00090V,AUCTION-aFRR,B74,10YSK-SEPS-----K,EUR,A01,A01,20260226042-AFRR_P-UNIT_043-1,MWH,MAW,A01,A06,2026-02-26T09:30Z,2026-02-26T09:15Z
balancing_energy_bids,71,2026-02-26T09:15:00,PT15M,2026-02-26T09:30Z,2026-02-26T09:15Z,0,1,1,10Y1001C--00090V,AUCTION-aFRR,B74,10YSK-SEPS-----K,EUR,A01,A01,20260226042-AFRR_P-UNIT_047-1,MWH,MAW,A01,A11,2026-02-26T09:30Z,2026-02-26T09:15Z
balancing_energy_bids,72,2026-02-26T09:15:00,PT15M,2026-02-26T09:30Z,2026-02-26T09:15Z,135,1,23,10Y1001C--00090V,AUCTION-aFRR,B74,10YSK-SEPS-----K,EUR,A01,A01,20260226042-AFRR_P-UNIT_052-1,MWH,MAW,A01,A06,2026-02-26T09:30Z,2026-02-26T09:15Z
balancing_energy_bids,73,2026-02-26T09:15:00,PT15M,2026-02-26T09:30Z,2026-02-26T09:15Z,132,1,1,10Y1001C--00090V,AUCTION-aFRR,B74,10YSK-SEPS-----K,EUR,A01,A01,20260226042-AFRR_P-UNIT_058-1,MWH,MAW,A01,A11,2026-02-26T09:30Z,2026-02-26T09:15Z
balancing_energy_bids,74,2026-02-26T09:15:00,PT15M,2026-02-26T09:30Z,2026-02-26T09:15Z,599,1,9,10Y1001C--00090V,AUCTION-aFRR,B74,10YSK-SEPS-----K,EUR,A01,A01,20260226042-AFRR_P-UNIT_062-1,MWH,MAW,A01,A06,2026-02-26T09:30Z,2026-02-26T09:15Z
balancing_energy_bids,75,2026-02-26T09:15:00,PT15M,2026-02-26T09:30Z,2026-02-26T09:15Z,130,1,10,10Y1001C--00090V,AUCTION-aFRR,B74,10YSK-SEPS-----K,EUR,A01,A01,20260226042-AFRR_P-UNIT_063-1,MWH,MAW,A01,A06,2026-02-26T09:30Z,2026-02-26T09:15Z
balancing_energy_bids,76,2026-02-26T09:15:00,PT15M,2026-02-26T09:30Z,2026-02-26T09:15Z,300,1,10,10Y1001C--00090V,AUCTION-aFRR,B74,10YSK-SEPS-----K,EUR,A01,A01,20260226042-AFRR_P-UNIT_068-1,MWH,MAW,A01,A06,2026-02-26T09:30Z,2026-02-26T09:15Z
balancing_energy_bids,77,2026-02-26T09:15:00,PT15M,2026-02-26T09:30Z,2026-02-26T09:15Z,100,1,15,10Y1001C--00090V,AUCTION-aFRR,B74,10YSK-SEPS-----K,EUR,A01,A01,20260226042-AFRR_P-UNIT_069-1,MWH,MAW,A01,A06,2026-02-26T09:30Z,2026-02-26T09:15Z
balancing_energy_bids,78,2026-02-26T09:15:00,PT15M,2026-02-26T09:30Z,2026-02-26T09:15Z,85,1,7,10Y1001C--00090V,AUCTION-aFRR,B74,10YSK-SEPS-----K,EUR,A01,A01,20260226042-AFRR_P-UNIT_097-1,MWH,MAW,A01,A11,2026-02-26T09:30Z,2026-02-26T09:15Z
balancing_energy_bids,79,2026-02-26T09:15:00,PT15M,2026-02-26T09:30Z,2026-02-26T09:15Z,750,1,11,10Y1001C--00090V,AUCTION-aFRR,B74,10YSK-SEPS-----K,EUR,A01,A01,20260226042-AFRR_P-UNIT_104-1,MWH,MAW,A01,A06,2026-02-26T09:30Z,2026-02-26T09:15Z
balancing_energy_bids,80,2026-02-26T09:15:00,PT15M,2026-02-26T09:30Z,2026-02-26T09:15Z,300,1,1,10Y1001C--00090V,AUCTION-aFRR,B74,10YSK-SEPS-----K,EUR,A01,A01,20260226042-AFRR_P-UNIT_106-1,MWH,MAW,A01,A11,2026-02-26T09:30Z,2026-02-26T09:15Z
balancing_energy_bids,81,2026-02-26T09:30:00,PT15M,2026-02-26T09:45Z,2026-02-26T09:30Z,-5,1,5,10Y1001C--00090V,AUCTION-aFRR,B74,10YSK-SEPS-----K,EUR,A01,A02,20260226043-AFRR_N-UNIT_003-1,MWH,MAW,A01,A06,2026-02-26T09:45Z,2026-02-26T09:30Z
balancing_energy_bids,82,2026-02-26T09:30:00,PT15M,2026-02-26T09:45Z,2026-02-26T09:30Z,-20,1,30,10Y1001C--00090V,AUCTION-aFRR,B74,10YSK-SEPS-----K,EUR,A01,A02,20260226043-AFRR_N-UNIT_013-1,MWH,MAW,A01,A06,2026-02-26T09:45Z,2026-02-26T09:30Z
balancing_energy_bids,83,2026-02-26T09:30:00,PT15M,2026-02-26T09:45Z,2026-02-26T09:30Z,-199,1,1,10Y1001C--00090V,AUCTION-aFRR,B74,10YSK-SEPS-----K,EUR,A01,A02,20260226043-AFRR_N-UNIT_019-1,MWH,MAW,A01,A11,2026-02-26T09:45Z,2026-02-26T09:30Z
balancing_energy_bids,84,2026-02-26T09:30:00,PT15M,2026-02-26T09:45Z,2026-02-26T09:30Z,-150,1,10,10Y1001C--00090V,AUCTION-aFRR,B74,10YSK-SEPS-----K,EUR,A01,A02,20260226043-AFRR_N-UNIT_028-1,MWH,MAW,A01,A06,2026-02-26T09:45Z,2026-02-26T09:30Z
balancing_energy_bids,85,2026-02-26T09:30:00,PT15M,2026-02-26T09:45Z,2026-02-26T09:30Z,10,1,7,10Y1001C--00090V,AUCTION-aFRR,B74,10YSK-SEPS-----K,EUR,A01,A02,20260226043-AFRR_N-UNIT_043-1,MWH,MAW,A01,A06,2026-02-26T09:45Z,2026-02-26T09:30Z
balancing_energy_bids,86,2026-02-26T09:30:00,PT15M,2026-02-26T09:45Z,2026-02-26T09:30Z,-30,1,10,10Y1001C--00090V,AUCTION-aFRR,B74,10YSK-SEPS-----K,EUR,A01,A02,20260226043-AFRR_N-UNIT_052-1,MWH,MAW,A01,A06,2026-02-26T09:45Z,2026-02-26T09:30Z
balancing_energy_bids,87,2026-02-26T09:30:00,PT15M,2026-02-26T09:45Z,2026-02-26T09:30Z,-5,1,1,10Y1001C--00090V,AUCTION-aFRR,B74,10YSK-SEPS-----K,EUR,A01,A02,20260226043-AFRR_N-UNIT_058-1,MWH,MAW,A01,A11,2026-02-26T09:45Z,2026-02-26T09:30Z
balancing_energy_bids,88,2026-02-26T09:30:00,PT15M,2026-02-26T09:45Z,2026-02-26T09:30Z,-29,1,13,10Y1001C--00090V,AUCTION-aFRR,B74,10YSK-SEPS-----K,EUR,A01,A02,20260226043-AFRR_N-UNIT_062-1,MWH,MAW,A01,A06,2026-02-26T09:45Z,2026-02-26T09:30Z
balancing_energy_bids,89,2026-02-26T09:30:00,PT15M,2026-02-26T09:45Z,2026-02-26T09:30Z,-150,1,4,10Y1001C--00090V,AUCTION-aFRR,B74,10YSK-SEPS-----K,EUR,A01,A02,20260226043-AFRR_N-UNIT_068-1,MWH,MAW,A01,A06,2026-02-26T09:45Z,2026-02-26T09:30Z
balancing_energy_bids,90,2026-02-26T09:30:00,PT15M,2026-02-26T09:45Z,2026-02-26T09:30Z,-250,1,15,10Y1001C--00090V,AUCTION-aFRR,B74,10YSK-SEPS-----K,EUR,A01,A02,20260226043-AFRR_N-UNIT_069-1,MWH,MAW,A01,A06,2026-02-26T09:45Z,2026-02-26T09:30Z
balancing_energy_bids,91,2026-02-26T09:30:00,PT15M,2026-02-26T09:45Z,2026-02-26T09:30Z,-185.65,1,3,10Y1001C--00090V,AUCTION-aFRR,B74,10YSK-SEPS-----K,EUR,A01,A02,20260226043-AFRR_N-UNIT_089-1,MWH,MAW,A01,A06,2026-02-26T09:45Z,2026-02-26T09:30Z
balancing_energy_bids,92,2026-02-26T09:30:00,PT15M,2026-02-26T09:45Z,2026-02-26T09:30Z,-20,1,4,10Y1001C--00090V,AUCTION-aFRR,B74,10YSK-SEPS-----K,EUR,A01,A02,20260226043-AFRR_N-UNIT_104-1,MWH,MAW,A01,A06,2026-02-26T09:45Z,2026-02-26T09:30Z
balancing_energy_bids,93,2026-02-26T09:30:00,PT15M,2026-02-26T09:45Z,2026-02-26T09:30Z,-19,1,1,10Y1001C--00090V,AUCTION-aFRR,B74,10YSK-SEPS-----K,EUR,A01,A02,20260226043-AFRR_N-UNIT_106-1,MWH,MAW,A01,A06,2026-02-26T09:45Z,2026-02-26T09:30Z
balancing_energy_bids,94,2026-02-26T09:30:00,PT15M,2026-02-26T09:45Z,2026-02-26T09:30Z,189,1,5,10Y1001C--00090V,AUCTION-aFRR,B74,10YSK-SEPS-----K,EUR,A01,A01,20260226043-AFRR_P-UNIT_003-1,MWH,MAW,A01,A06,2026-02-26T09:45Z,2026-02-26T09:30Z
balancing_energy_bids,95,2026-02-26T09:30:00,PT15M,2026-02-26T09:45Z,2026-02-26T09:30Z,165,1,3,10Y1001C--00090V,AUCTION-aFRR,B74,10YSK-SEPS-----K,EUR,A01,A01,20260226043-AFRR_P-UNIT_009-1,MWH,MAW,A01,A06,2026-02-26T09:45Z,2026-02-26T09:30Z
balancing_energy_bids,96,2026-02-26T09:30:00,PT15M,2026-02-26T09:45Z,2026-02-26T09:30Z,251,1,1,10Y1001C--00090V,AUCTION-aFRR,B74,10YSK-SEPS-----K,EUR,A01,A01,20260226043-AFRR_P-UNIT_019-1,MWH,MAW,A01,A06,2026-02-26T09:45Z,2026-02-26T09:30Z
balancing_energy_bids,97,2026-02-26T09:30:00,PT15M,2026-02-26T09:45Z,2026-02-26T09:30Z,400,1,11,10Y1001C--00090V,AUCTION-aFRR,B74,10YSK-SEPS-----K,EUR,A01,A01,20260226043-AFRR_P-UNIT_028-1,MWH,MAW,A01,A06,2026-02-26T09:45Z,2026-02-26T09:30Z
balancing_energy_bids,98,2026-02-26T09:30:00,PT15M,2026-02-26T09:45Z,2026-02-26T09:30Z,90,1,1,10Y1001C--00090V,AUCTION-aFRR,B74,10YSK-SEPS-----K,EUR,A01,A01,20260226043-AFRR_P-UNIT_043-1,MWH,MAW,A01,A06,2026-02-26T09:45Z,2026-02-26T09:30Z
balancing_energy_bids,99,2026-02-26T09:30:00,PT15M,2026-02-26T09:45Z,2026-02-26T09:30Z,0,1,1,10Y1001C--00090V,AUCTION-aFRR,B74,10YSK-SEPS-----K,EUR,A01,A01,20260226043-AFRR_P-UNIT_047-1,MWH,MAW,A01,A11,2026-02-26T09:45Z,2026-02-26T09:30Z
balancing_energy_bids,100,2026-02-26T09:30:00,PT15M,2026-02-26T09:45Z,2026-02-26T09:30Z,135,1,23,10Y1001C--00090V,AUCTION-aFRR,B74,10YSK-SEPS-----K,EUR,A01,A01,20260226043-AFRR_P-UNIT_052-1,MWH,MAW,A01,A06,2026-02-26T09:45Z,2026-02-26T09:30Z
balancing_energy_bids,1,2026-02-26T09:30:00,PT15M,2026-02-26T09:45Z,2026-02-26T09:30Z,132,1,1,10Y1001C--00090V,AUCTION-aFRR,B74,10YSK-SEPS-----K,EUR,A01,A01,20260226043-AFRR_P-UNIT_058-1,MWH,MAW,A01,A11,2026-02-26T09:45Z,2026-02-26T09:30Z
balancing_energy_bids,2,2026-02-26T09:30:00,PT15M,2026-02-26T09:45Z,2026-02-26T09:30Z,599,1,9,10Y1001C--00090V,AUCTION-aFRR,B74,10YSK-SEPS-----K,EUR,A01,A01,20260226043-AFRR_P-UNIT_062-1,MWH,MAW,A01,A06,2026-02-26T09:45Z,2026-02-26T09:30Z
balancing_energy_bids,3,2026-02-26T09:30:00,PT15M,2026-02-26T09:45Z,2026-02-26T09:30Z,130,1,10,10Y1001C--00090V,AUCTION-aFRR,B74,10YSK-SEPS-----K,EUR,A01,A01,20260226043-AFRR_P-UNIT_063-1,MWH,MAW,A01,A06,2026-02-26T09:45Z,2026-02-26T09:30Z
balancing_energy_bids,4,2026-02-26T09:30:00,PT15M,2026-02-26T09:45Z,2026-02-26T09:30Z,300,1,10,10Y1001C--00090V,AUCTION-aFRR,B74,10YSK-SEPS-----K,EUR,A01,A01,20260226043-AFRR_P-UNIT_068-1,MWH,MAW,A01,A06,2026-02-26T09:45Z,2026-02-26T09:30Z
balancing_energy_bids,5,2026-02-26T09:30:00,PT15M,2026-02-26T09:45Z,2026-02-26T09:30Z,100,1,15,10Y1001C--00090V,AUCTION-aFRR,B74,10YSK-SEPS-----K,EUR,A01,A01,20260226043-AFRR_P-UNIT_069-1,MWH,MAW,A01,A06,2026-02-26T09:45Z,2026-02-26T09:30Z
balancing_energy_bids,6,2026-02-26T09:30:00,PT15M,2026-02-26T09:45Z,2026-02-26T09:30Z,85,1,7,10Y1001C--00090V,AUCTION-aFRR,B74,10YSK-SEPS-----K,EUR,A01,A01,20260226043-AFRR_P-UNIT_097-1,MWH,MAW,A01,A11,2026-02-26T09:45Z,2026-02-26T09:30Z
balancing_energy_bids,7,2026-02-26T09:30:00,PT15M,2026-02-26T09:45Z,2026-02-26T09:30Z,750,1,11,10Y1001C--00090V,AUCTION-aFRR,B74,10YSK-SEPS-----K,EUR,A01,A01,20260226043-AFRR_P-UNIT_104-1,MWH,MAW,A01,A06,2026-02-26T09:45Z,2026-02-26T09:30Z
balancing_energy_bids,8,2026-02-26T09:30:00,PT15M,2026-02-26T09:45Z,2026-02-26T09:30Z,300,1,1,10Y1001C--00090V,AUCTION-aFRR,B74,10YSK-SEPS-----K,EUR,A01,A01,20260226043-AFRR_P-UNIT_106-1,MWH,MAW,A01,A11,2026-02-26T09:45Z,2026-02-26T09:30Z
balancing_energy_bids,9,2026-02-26T09:45:00,PT15M,2026-02-26T10:00Z,2026-02-26T09:45Z,-5,1,5,10Y1001C--00090V,AUCTION-aFRR,B74,10YSK-SEPS-----K,EUR,A01,A02,20260226044-AFRR_N-UNIT_003-1,MWH,MAW,A01,A06,2026-02-26T10:00Z,2026-02-26T09:45Z
balancing_energy_bids,10,2026-02-26T09:45:00,PT15M,2026-02-26T10:00Z,2026-02-26T09:45Z,-20,1,30,10Y1001C--00090V,AUCTION-aFRR,B74,10YSK-SEPS-----K,EUR,A01,A02,20260226044-AFRR_N-UNIT_013-1,MWH,MAW,A01,A06,2026-02-26T10:00Z,2026-02-26T09:45Z
balancing_energy_bids,11,2026-02-26T09:45:00,PT15M,2026-02-26T10:00Z,2026-02-26T09:45Z,-199,1,1,10Y1001C--00090V,AUCTION-aFRR,B74,10YSK-SEPS-----K,EUR,A01,A02,20260226044-AFRR_N-UNIT_019-1,MWH,MAW,A01,A11,2026-02-26T10:00Z,2026-02-26T09:45Z
balancing_energy_bids,12,2026-02-26T09:45:00,PT15M,2026-02-26T10:00Z,2026-02-26T09:45Z,-350,1,10,10Y1001C--00090V,AUCTION-aFRR,B74,10YSK-SEPS-----K,EUR,A01,A02,20260226044-AFRR_N-UNIT_028-1,MWH,MAW,A01,A06,2026-02-26T10:00Z,2026-02-26T09:45Z
balancing_energy_bids,13,2026-02-26T09:45:00,PT15M,2026-02-26T10:00Z,2026-02-26T09:45Z,10,1,7,10Y1001C--00090V,AUCTION-aFRR,B74,10YSK-SEPS-----K,EUR,A01,A02,20260226044-AFRR_N-UNIT_043-1,MWH,MAW,A01,A06,2026-02-26T10:00Z,2026-02-26T09:45Z
balancing_energy_bids,14,2026-02-26T09:45:00,PT15M,2026-02-26T10:00Z,2026-02-26T09:45Z,-30,1,10,10Y1001C--00090V,AUCTION-aFRR,B74,10YSK-SEPS-----K,EUR,A01,A02,20260226044-AFRR_N-UNIT_052-1,MWH,MAW,A01,A06,2026-02-26T10:00Z,2026-02-26T09:45Z
balancing_energy_bids,15,2026-02-26T09:45:00,PT15M,2026-02-26T10:00Z,2026-02-26T09:45Z,-5,1,1,10Y1001C--00090V,AUCTION-aFRR,B74,10YSK-SEPS-----K,EUR,A01,A02,20260226044-AFRR_N-UNIT_058-1,MWH,MAW,A01,A11,2026-02-26T10:00Z,2026-02-26T09:45Z
balancing_energy_bids,16,2026-02-26T09:45:00,PT15M,2026-02-26T10:00Z,2026-02-26T09:45Z,-29,1,13,10Y1001C--00090V,AUCTION-aFRR,B74,10YSK-SEPS-----K,EUR,A01,A02,20260226044-AFRR_N-UNIT_062-1,MWH,MAW,A01,A06,2026-02-26T10:00Z,2026-02-26T09:45Z
balancing_energy_bids,17,2026-02-26T09:45:00,PT15M,2026-02-26T10:00Z,2026-02-26T09:45Z,-350,1,4,10Y1001C--00090V,AUCTION-aFRR,B74,10YSK-SEPS-----K,EUR,A01,A02,20260226044-AFRR_N-UNIT_068-1,MWH,MAW,A01,A06,2026-02-26T10:00Z,2026-02-26T09:45Z
balancing_energy_bids,18,2026-02-26T09:45:00,PT15M,2026-02-26T10:00Z,2026-02-26T09:45Z,-250,1,15,10Y1001C--00090V,AUCTION-aFRR,B74,10YSK-SEPS-----K,EUR,A01,A02,20260226044-AFRR_N-UNIT_069-1,MWH,MAW,A01,A06,2026-02-26T10:00Z,2026-02-26T09:45Z
balancing_energy_bids,19,2026-02-26T09:45:00,PT15M,2026-02-26T10:00Z,2026-02-26T09:45Z,-189.23,1,3,10Y1001C--00090V,AUCTION-aFRR,B74,10YSK-SEPS-----K,EUR,A01,A02,20260226044-AFRR_N-UNIT_089-1,MWH,MAW,A01,A06,2026-02-26T10:00Z,2026-02-26T09:45Z
balancing_energy_bids,20,2026-02-26T09:45:00,PT15M,2026-02-26T10:00Z,2026-02-26T09:45Z,-20,1,4,10Y1001C--00090V,AUCTION-aFRR,B74,10YSK-SEPS-----K,EUR,A01,A02,20260226044-AFRR_N-UNIT_104-1,MWH,MAW,A01,A06,2026-02-26T10:00Z,2026-02-26T09:45Z
balancing_energy_bids,21,2026-02-26T09:45:00,PT15M,2026-02-26T10:00Z,2026-02-26T09:45Z,-19,1,1,10Y1001C--00090V,AUCTION-aFRR,B74,10YSK-SEPS-----K,EUR,A01,A02,20260226044-AFRR_N-UNIT_106-1,MWH,MAW,A01,A06,2026-02-26T10:00Z,2026-02-26T09:45Z
balancing_energy_bids,22,2026-02-26T09:45:00,PT15M,2026-02-26T10:00Z,2026-02-26T09:45Z,189,1,5,10Y1001C--00090V,AUCTION-aFRR,B74,10YSK-SEPS-----K,EUR,A01,A01,20260226044-AFRR_P-UNIT_003-1,MWH,MAW,A01,A06,2026-02-26T10:00Z,2026-02-26T09:45Z
balancing_energy_bids,23,2026-02-26T09:45:00,PT15M,2026-02-26T10:00Z,2026-02-26T09:45Z,165,1,3,10Y1001C--00090V,AUCTION-aFRR,B74,10YSK-SEPS-----K,EUR,A01,A01,20260226044-AFRR_P-UNIT_009-1,MWH,MAW,A01,A06,2026-02-26T10:00Z,2026-02-26T09:45Z
balancing_energy_bids,24,2026-02-26T09:45:00,PT15M,2026-02-26T10:00Z,2026-02-26T09:45Z,251,1,1,10Y1001C--00090V,AUCTION-aFRR,B74,10YSK-SEPS-----K,EUR,A01,A01,20260226044-AFRR_P-UNIT_019-1,MWH,MAW,A01,A06,2026-02-26T10:00Z,2026-02-26T09:45Z
balancing_energy_bids,25,2026-02-26T09:45:00,PT15M,2026-02-26T10:00Z,2026-02-26T09:45Z,400,1,11,10Y1001C--00090V,AUCTION-aFRR,B74,10YSK-SEPS-----K,EUR,A01,A01,20260226044-AFRR_P-UNIT_028-1,MWH,MAW,A01,A06,2026-02-26T10:00Z,2026-02-26T09:45Z
balancing_energy_bids,26,2026-02-26T09:45:00,PT15M,2026-02-26T10:00Z,2026-02-26T09:45Z,90,1,1,10Y1001C--00090V,AUCTION-aFRR,B74,10YSK-SEPS-----K,EUR,A01,A01,20260226044-AFRR_P-UNIT_043-1,MWH,MAW,A01,A06,2026-02-26T10:00Z,2026-02-26T09:45Z
balancing_energy_bids,27,2026-02-26T09:45:00,PT15M,2026-02-26T10:00Z,2026-02-26T09:45Z,0,1,1,10Y1001C--00090V,AUCTION-aFRR,B74,10YSK-SEPS-----K,EUR,A01,A01,20260226044-AFRR_P-UNIT_047-1,MWH,MAW,A01,A11,2026-02-26T10:00Z,2026-02-26T09:45Z
balancing_energy_bids,28,2026-02-26T09:45:00,PT15M,2026-02-26T10:00Z,2026-02-26T09:45Z,135,1,23,10Y1001C--00090V,AUCTION-aFRR,B74,10YSK-SEPS-----K,EUR,A01,A01,20260226044-AFRR_P-UNIT_052-1,MWH,MAW,A01,A06,2026-02-26T10:00Z,2026-02-26T09:45Z
balancing_energy_bids,29,2026-02-26T09:45:00,PT15M,2026-02-26T10:00Z,2026-02-26T09:45Z,132,1,1,10Y1001C--00090V,AUCTION-aFRR,B74,10YSK-SEPS-----K,EUR,A01,A01,20260226044-AFRR_P-UNIT_058-1,MWH,MAW,A01,A11,2026-02-26T10:00Z,2026-02-26T09:45Z
balancing_energy_bids,30,2026-02-26T09:45:00,PT15M,2026-02-26T10:00Z,2026-02-26T09:45Z,599,1,9,10Y1001C--00090V,AUCTION-aFRR,B74,10YSK-SEPS-----K,EUR,A01,A01,20260226044-AFRR_P-UNIT_062-1,MWH,MAW,A01,A06,2026-02-26T10:00Z,2026-02-26T09:45Z
balancing_energy_bids,31,2026-02-26T09:45:00,PT15M,2026-02-26T10:00Z,2026-02-26T09:45Z,130,1,10,10Y1001C--00090V,AUCTION-aFRR,B74,10YSK-SEPS-----K,EUR,A01,A01,20260226044-AFRR_P-UNIT_063-1,MWH,MAW,A01,A06,2026-02-26T10:00Z,2026-02-26T09:45Z
balancing_energy_bids,32,2026-02-26T09:45:00,PT15M,2026-02-26T10:00Z,2026-02-26T09:45Z,300,1,10,10Y1001C--00090V,AUCTION-aFRR,B74,10YSK-SEPS-----K,EUR,A01,A01,20260226044-AFRR_P-UNIT_068-1,MWH,MAW,A01,A06,2026-02-26T10:00Z,2026-02-26T09:45Z
balancing_energy_bids,33,2026-02-26T09:45:00,PT15M,2026-02-26T10:00Z,2026-02-26T09:45Z,100,1,15,10Y1001C--00090V,AUCTION-aFRR,B74,10YSK-SEPS-----K,EUR,A01,A01,20260226044-AFRR_P-UNIT_069-1,MWH,MAW,A01,A06,2026-02-26T10:00Z,2026-02-26T09:45Z
balancing_energy_bids,34,2026-02-26T09:45:00,PT15M,2026-02-26T10:00Z,2026-02-26T09:45Z,85,1,7,10Y1001C--00090V,AUCTION-aFRR,B74,10YSK-SEPS-----K,EUR,A01,A01,20260226044-AFRR_P-UNIT_097-1,MWH,MAW,A01,A11,2026-02-26T10:00Z,2026-02-26T09:45Z
balancing_energy_bids,35,2026-02-26T09:45:00,PT15M,2026-02-26T10:00Z,2026-02-26T09:45Z,750,1,11,10Y1001C--00090V,AUCTION-aFRR,B74,10YSK-SEPS-----K,EUR,A01,A01,20260226044-AFRR_P-UNIT_104-1,MWH,MAW,A01,A06,2026-02-26T10:00Z,2026-02-26T09:45Z
balancing_energy_bids,36,2026-02-26T09:45:00,PT15M,2026-02-26T10:00Z,2026-02-26T09:45Z,300,1,1,10Y1001C--00090V,AUCTION-aFRR,B74,10YSK-SEPS-----K,EUR,A01,A01,20260226044-AFRR_P-UNIT_106-1,MWH,MAW,A01,A11,2026-02-26T10:00Z,2026-02-26T09:45Z
balancing_energy_bids,37,2026-02-26T10:15:00,PT15M,2026-02-26T10:30Z,2026-02-26T10:15Z,-5,1,5,10Y1001C--00090V,AUCTION-aFRR,B74,10YSK-SEPS-----K,EUR,A01,A02,20260226046-AFRR_N-UNIT_003-1,MWH,MAW,A01,A06,2026-02-26T10:30Z,2026-02-26T10:15Z
balancing_energy_bids,38,2026-02-26T10:15:00,PT15M,2026-02-26T10:30Z,2026-02-26T10:15Z,-20,1,30,10Y1001C--00090V,AUCTION-aFRR,B74,10YSK-SEPS-----K,EUR,A01,A02,20260226046-AFRR_N-UNIT_013-1,MWH,MAW,A01,A06,2026-02-26T10:30Z,2026-02-26T10:15Z
balancing_energy_bids,39,2026-02-26T10:15:00,PT15M,2026-02-26T10:30Z,2026-02-26T10:15Z,-199,1,1,10Y1001C--00090V,AUCTION-aFRR,B74,10YSK-SEPS-----K,EUR,A01,A02,20260226046-AFRR_N-UNIT_019-1,MWH,MAW,A01,A11,2026-02-26T10:30Z,2026-02-26T10:15Z
balancing_energy_bids,40,2026-02-26T10:15:00,PT15M,2026-02-26T10:30Z,2026-02-26T10:15Z,-350,1,11,10Y1001C--00090V,AUCTION-aFRR,B74,10YSK-SEPS-----K,EUR,A01,A02,20260226046-AFRR_N-UNIT_028-1,MWH,MAW,A01,A06,2026-02-26T10:30Z,2026-02-26T10:15Z
balancing_energy_bids,41,2026-02-26T10:15:00,PT15M,2026-02-26T10:30Z,2026-02-26T10:15Z,10,1,5,10Y1001C--00090V,AUCTION-aFRR,B74,10YSK-SEPS-----K,EUR,A01,A02,20260226046-AFRR_N-UNIT_043-1,MWH,MAW,A01,A06,2026-02-26T10:30Z,2026-02-26T10:15Z
balancing_energy_bids,42,2026-02-26T10:15:00,PT15M,2026-02-26T10:30Z,2026-02-26T10:15Z,-30,1,10,10Y1001C--00090V,AUCTION-aFRR,B74,10YSK-SEPS-----K,EUR,A01,A02,20260226046-AFRR_N-UNIT_052-1,MWH,MAW,A01,A06,2026-02-26T10:30Z,2026-02-26T10:15Z
balancing_energy_bids,43,2026-02-26T10:15:00,PT15M,2026-02-26T10:30Z,2026-02-26T10:15Z,-5,1,1,10Y1001C--00090V,AUCTION-aFRR,B74,10YSK-SEPS-----K,EUR,A01,A02,20260226046-AFRR_N-UNIT_058-1,MWH,MAW,A01,A11,2026-02-26T10:30Z,2026-02-26T10:15Z
balancing_energy_bids,44,2026-02-26T10:15:00,PT15M,2026-02-26T10:30Z,2026-02-26T10:15Z,-29,1,10,10Y1001C--00090V,AUCTION-aFRR,B74,10YSK-SEPS-----K,EUR,A01,A02,20260226046-AFRR_N-UNIT_062-1,MWH,MAW,A01,A06,2026-02-26T10:30Z,2026-02-26T10:15Z
balancing_energy_bids,45,2026-02-26T10:15:00,PT15M,2026-02-26T10:30Z,2026-02-26T10:15Z,-350,1,4,10Y1001C--00090V,AUCTION-aFRR,B74,10YSK-SEPS-----K,EUR,A01,A02,20260226046-AFRR_N-UNIT_068-1,MWH,MAW,A01,A06,2026-02-26T10:30Z,2026-02-26T10:15Z
balancing_energy_bids,46,2026-02-26T10:15:00,PT15M,2026-02-26T10:30Z,2026-02-26T10:15Z,-300,1,15,10Y1001C--00090V,AUCTION-aFRR,B74,10YSK-SEPS-----K,EUR,A01,A02,20260226046-AFRR_N-UNIT_069-1,MWH,MAW,A01,A06,2026-02-26T10:30Z,2026-02-26T10:15Z
balancing_energy_bids,47,2026-02-26T10:15:00,PT15M,2026-02-26T10:30Z,2026-02-26T10:15Z,-188.61,1,3,10Y1001C--00090V,AUCTION-aFRR,B74,10YSK-SEPS-----K,EUR,A01,A02,20260226046-AFRR_N-UNIT_089-1,MWH,MAW,A01,A06,2026-02-26T10:30Z,2026-02-26T10:15Z
balancing_energy_bids,48,2026-02-26T10:15:00,PT15M,2026-02-26T10:30Z,2026-02-26T10:15Z,-40,1,4,10Y1001C--00090V,AUCTION-aFRR,B74,10YSK-SEPS-----K,EUR,A01,A02,20260226046-AFRR_N-UNIT_104-1,MWH,MAW,A01,A06,2026-02-26T10:30Z,2026-02-26T10:15Z
balancing_energy_bids,49,2026-02-26T10:15:00,PT15M,2026-02-26T10:30Z,2026-02-26T10:15Z,-19,1,1,10Y1001C--00090V,AUCTION-aFRR,B74,10YSK-SEPS-----K,EUR,A01,A02,20260226046-AFRR_N-UNIT_106-1,MWH,MAW,A01,A06,2026-02-26T10:30Z,2026-02-26T10:15Z
balancing_energy_bids,50,2026-02-26T10:15:00,PT15M,2026-02-26T10:30Z,2026-02-26T10:15Z,189,1,5,10Y1001C--00090V,AUCTION-aFRR,B74,10YSK-SEPS-----K,EUR,A01,A01,20260226046-AFRR_P-UNIT_003-1,MWH,MAW,A01,A06,2026-02-26T10:30Z,2026-02-26T10:15Z
balancing_energy_bids,51,2026-02-26T10:15:00,PT15M,2026-02-26T10:30Z,2026-02-26T10:15Z,165,1,3,10Y1001C--00090V,AUCTION-aFRR,B74,10YSK-SEPS-----K,EUR,A01,A01,20260226046-AFRR_P-UNIT_009-1,MWH,MAW,A01,A06,2026-02-26T10:30Z,2026-02-26T10:15Z
balancing_energy_bids,52,2026-02-26T10:15:00,PT15M,2026-02-26T10:30Z,2026-02-26T10:15Z,251,1,1,10Y1001C--00090V,AUCTION-aFRR,B74,10YSK-SEPS-----K,EUR,A01,A01,20260226046-AFRR_P-UNIT_019-1,MWH,MAW,A01,A06,2026-02-26T10:30Z,2026-02-26T10:15Z
balancing_energy_bids,53,2026-02-26T10:15:00,PT15M,2026-02-26T10:30Z,2026-02-26T10:15Z,400,1,11,10Y1001C--00090V,AUCTION-aFRR,B74,10YSK-SEPS-----K,EUR,A01,A01,20260226046-AFRR_P-UNIT_028-1,MWH,MAW,A01,A06,2026-02-26T10:30Z,2026-02-26T10:15Z
balancing_energy_bids,54,2026-02-26T10:15:00,PT15M,2026-02-26T10:30Z,2026-02-26T10:15Z,90,1,1,10Y1001C--00090V,AUCTION-aFRR,B74,10YSK-SEPS-----K,EUR,A01,A01,20260226046-AFRR_P-UNIT_043-1,MWH,MAW,A01,A06,2026-02-26T10:30Z,2026-02-26T10:15Z
balancing_energy_bids,55,2026-02-26T10:15:00,PT15M,2026-02-26T10:30Z,2026-02-26T10:15Z,0,1,1,10Y1001C--00090V,AUCTION-aFRR,B74,10YSK-SEPS-----K,EUR,A01,A01,20260226046-AFRR_P-UNIT_047-1,MWH,MAW,A01,A11,2026-02-26T10:30Z,2026-02-26T10:15Z
balancing_energy_bids,56,2026-02-26T10:15:00,PT15M,2026-02-26T10:30Z,2026-02-26T10:15Z,130,1,23,10Y1001C--00090V,AUCTION-aFRR,B74,10YSK-SEPS-----K,EUR,A01,A01,20260226046-AFRR_P-UNIT_052-1,MWH,MAW,A01,A06,2026-02-26T10:30Z,2026-02-26T10:15Z
balancing_energy_bids,57,2026-02-26T10:15:00,PT15M,2026-02-26T10:30Z,2026-02-26T10:15Z,132,1,1,10Y1001C--00090V,AUCTION-aFRR,B74,10YSK-SEPS-----K,EUR,A01,A01,20260226046-AFRR_P-UNIT_058-1,MWH,MAW,A01,A11,2026-02-26T10:30Z,2026-02-26T10:15Z
balancing_energy_bids,58,2026-02-26T10:15:00,PT15M,2026-02-26T10:30Z,2026-02-26T10:15Z,599,1,9,10Y1001C--00090V,AUCTION-aFRR,B74,10YSK-SEPS-----K,EUR,A01,A01,20260226046-AFRR_P-UNIT_062-1,MWH,MAW,A01,A06,2026-02-26T10:30Z,2026-02-26T10:15Z
balancing_energy_bids,59,2026-02-26T10:15:00,PT15M,2026-02-26T10:30Z,2026-02-26T10:15Z,130,1,10,10Y1001C--00090V,AUCTION-aFRR,B74,10YSK-SEPS-----K,EUR,A01,A01,20260226046-AFRR_P-UNIT_063-1,MWH,MAW,A01,A06,2026-02-26T10:30Z,2026-02-26T10:15Z
balancing_energy_bids,60,2026-02-26T10:15:00,PT15M,2026-02-26T10:30Z,2026-02-26T10:15Z,300,1,10,10Y1001C--00090V,AUCTION-aFRR,B74,10YSK-SEPS-----K,EUR,A01,A01,20260226046-AFRR_P-UNIT_068-1,MWH,MAW,A01,A06,2026-02-26T10:30Z,2026-02-26T10:15Z
balancing_energy_bids,61,2026-02-26T10:15:00,PT15M,2026-02-26T10:30Z,2026-02-26T10:15Z,100,1,15,10Y1001C--00090V,AUCTION-aFRR,B74,10YSK-SEPS-----K,EUR,A01,A01,20260226046-AFRR_P-UNIT_069-1,MWH,MAW,A01,A06,2026-02-26T10:30Z,2026-02-26T10:15Z
balancing_energy_bids,62,2026-02-26T10:15:00,PT15M,2026-02-26T10:30Z,2026-02-26T10:15Z,85,1,7,10Y1001C--00090V,AUCTION-aFRR,B74,10YSK-SEPS-----K,EUR,A01,A01,20260226046-AFRR_P-UNIT_097-1,MWH,MAW,A01,A11,2026-02-26T10:30Z,2026-02-26T10:15Z
balancing_energy_bids,63,2026-02-26T10:15:00,PT15M,2026-02-26T10:30Z,2026-02-26T10:15Z,750,1,11,10Y1001C--00090V,AUCTION-aFRR,B74,10YSK-SEPS-----K,EUR,A01,A01,20260226046-AFRR_P-UNIT_104-1,MWH,MAW,A01,A06,2026-02-26T10:30Z,2026-02-26T10:15Z
balancing_energy_bids,64,2026-02-26T10:15:00,PT15M,2026-02-26T10:30Z,2026-02-26T10:15Z,300,1,1,10Y1001C--00090V,AUCTION-aFRR,B74,10YSK-SEPS-----K,EUR,A01,A01,20260226046-AFRR_P-UNIT_106-1,MWH,MAW,A01,A11,2026-02-26T10:30Z,2026-02-26T10:15Z
balancing_energy_bids,65,2026-02-26T10:30:00,PT15M,2026-02-26T10:45Z,2026-02-26T10:30Z,-5,1,5,10Y1001C--00090V,AUCTION-aFRR,B74,10YSK-SEPS-----K,EUR,A01,A02,20260226047-AFRR_N-UNIT_003-1,MWH,MAW,A01,A06,2026-02-26T10:45Z,2026-02-26T10:30Z
balancing_energy_bids,66,2026-02-26T10:30:00,PT15M,2026-02-26T10:45Z,2026-02-26T10:30Z,-20,1,30,10Y1001C--00090V,AUCTION-aFRR,B74,10YSK-SEPS-----K,EUR,A01,A02,20260226047-AFRR_N-UNIT_013-1,MWH,MAW,A01,A06,2026-02-26T10:45Z,2026-02-26T10:30Z
balancing_energy_bids,67,2026-02-26T10:30:00,PT15M,2026-02-26T10:45Z,2026-02-26T10:30Z,-199,1,1,10Y1001C--00090V,AUCTION-aFRR,B74,10YSK-SEPS-----K,EUR,A01,A02,20260226047-AFRR_N-UNIT_019-1,MWH,MAW,A01,A11,2026-02-26T10:45Z,2026-02-26T10:30Z
balancing_energy_bids,68,2026-02-26T10:30:00,PT15M,2026-02-26T10:45Z,2026-02-26T10:30Z,-500,1,11,10Y1001C--00090V,AUCTION-aFRR,B74,10YSK-SEPS-----K,EUR,A01,A02,20260226047-AFRR_N-UNIT_028-1,MWH,MAW,A01,A06,2026-02-26T10:45Z,2026-02-26T10:30Z
balancing_energy_bids,69,2026-02-26T10:30:00,PT15M,2026-02-26T10:45Z,2026-02-26T10:30Z,10,1,5,10Y1001C--00090V,AUCTION-aFRR,B74,10YSK-SEPS-----K,EUR,A01,A02,20260226047-AFRR_N-UNIT_043-1,MWH,MAW,A01,A06,2026-02-26T10:45Z,2026-02-26T10:30Z
balancing_energy_bids,70,2026-02-26T10:30:00,PT15M,2026-02-26T10:45Z,2026-02-26T10:30Z,-30,1,10,10Y1001C--00090V,AUCTION-aFRR,B74,10YSK-SEPS-----K,EUR,A01,A02,20260226047-AFRR_N-UNIT_052-1,MWH,MAW,A01,A06,2026-02-26T10:45Z,2026-02-26T10:30Z
balancing_energy_bids,71,2026-02-26T10:30:00,PT15M,2026-02-26T10:45Z,2026-02-26T10:30Z,-5,1,1,10Y1001C--00090V,AUCTION-aFRR,B74,10YSK-SEPS-----K,EUR,A01,A02,20260226047-AFRR_N-UNIT_058-1,MWH,MAW,A01,A11,2026-02-26T10:45Z,2026-02-26T10:30Z
balancing_energy_bids,72,2026-02-26T10:30:00,PT15M,2026-02-26T10:45Z,2026-02-26T10:30Z,-29,1,10,10Y1001C--00090V,AUCTION-aFRR,B74,10YSK-SEPS-----K,EUR,A01,A02,20260226047-AFRR_N-UNIT_062-1,MWH,MAW,A01,A06,2026-02-26T10:45Z,2026-02-26T10:30Z
balancing_energy_bids,73,2026-02-26T10:30:00,PT15M,2026-02-26T10:45Z,2026-02-26T10:30Z,-500,1,4,10Y1001C--00090V,AUCTION-aFRR,B74,10YSK-SEPS-----K,EUR,A01,A02,20260226047-AFRR_N-UNIT_068-1,MWH,MAW,A01,A06,2026-02-26T10:45Z,2026-02-26T10:30Z
balancing_energy_bids,74,2026-02-26T10:30:00,PT15M,2026-02-26T10:45Z,2026-02-26T10:30Z,-300,1,15,10Y1001C--00090V,AUCTION-aFRR,B74,10YSK-SEPS-----K,EUR,A01,A02,20260226047-AFRR_N-UNIT_069-1,MWH,MAW,A01,A06,2026-02-26T10:45Z,2026-02-26T10:30Z
balancing_energy_bids,75,2026-02-26T10:30:00,PT15M,2026-02-26T10:45Z,2026-02-26T10:30Z,-203.2,1,3,10Y1001C--00090V,AUCTION-aFRR,B74,10YSK-SEPS-----K,EUR,A01,A02,20260226047-AFRR_N-UNIT_089-1,MWH,MAW,A01,A06,2026-02-26T10:45Z,2026-02-26T10:30Z
balancing_energy_bids,76,2026-02-26T10:30:00,PT15M,2026-02-26T10:45Z,2026-02-26T10:30Z,-40,1,4,10Y1001C--00090V,AUCTION-aFRR,B74,10YSK-SEPS-----K,EUR,A01,A02,20260226047-AFRR_N-UNIT_104-1,MWH,MAW,A01,A06,2026-02-26T10:45Z,2026-02-26T10:30Z
balancing_energy_bids,77,2026-02-26T10:30:00,PT15M,2026-02-26T10:45Z,2026-02-26T10:30Z,-19,1,1,10Y1001C--00090V,AUCTION-aFRR,B74,10YSK-SEPS-----K,EUR,A01,A02,20260226047-AFRR_N-UNIT_106-1,MWH,MAW,A01,A06,2026-02-26T10:45Z,2026-02-26T10:30Z
balancing_energy_bids,78,2026-02-26T10:30:00,PT15M,2026-02-26T10:45Z,2026-02-26T10:30Z,189,1,5,10Y1001C--00090V,AUCTION-aFRR,B74,10YSK-SEPS-----K,EUR,A01,A01,20260226047-AFRR_P-UNIT_003-1,MWH,MAW,A01,A06,2026-02-26T10:45Z,2026-02-26T10:30Z
balancing_energy_bids,79,2026-02-26T10:30:00,PT15M,2026-02-26T10:45Z,2026-02-26T10:30Z,165,1,3,10Y1001C--00090V,AUCTION-aFRR,B74,10YSK-SEPS-----K,EUR,A01,A01,20260226047-AFRR_P-UNIT_009-1,MWH,MAW,A01,A06,2026-02-26T10:45Z,2026-02-26T10:30Z
balancing_energy_bids,80,2026-02-26T10:30:00,PT15M,2026-02-26T10:45Z,2026-02-26T10:30Z,251,1,1,10Y1001C--00090V,AUCTION-aFRR,B74,10YSK-SEPS-----K,EUR,A01,A01,20260226047-AFRR_P-UNIT_019-1,MWH,MAW,A01,A06,2026-02-26T10:45Z,2026-02-26T10:30Z
balancing_energy_bids,81,2026-02-26T10:30:00,PT15M,2026-02-26T10:45Z,2026-02-26T10:30Z,400,1,11,10Y1001C--00090V,AUCTION-aFRR,B74,10YSK-SEPS-----K,EUR,A01,A01,20260226047-AFRR_P-UNIT_028-1,MWH,MAW,A01,A06,2026-02-26T10:45Z,2026-02-26T10:30Z
balancing_energy_bids,82,2026-02-26T10:30:00,PT15M,2026-02-26T10:45Z,2026-02-26T10:30Z,90,1,1,10Y1001C--00090V,AUCTION-aFRR,B74,10YSK-SEPS-----K,EUR,A01,A01,20260226047-AFRR_P-UNIT_043-1,MWH,MAW,A01,A06,2026-02-26T10:45Z,2026-02-26T10:30Z
balancing_energy_bids,83,2026-02-26T10:30:00,PT15M,2026-02-26T10:45Z,2026-02-26T10:30Z,0,1,1,10Y1001C--00090V,AUCTION-aFRR,B74,10YSK-SEPS-----K,EUR,A01,A01,20260226047-AFRR_P-UNIT_047-1,MWH,MAW,A01,A11,2026-02-26T10:45Z,2026-02-26T10:30Z
balancing_energy_bids,84,2026-02-26T10:30:00,PT15M,2026-02-26T10:45Z,2026-02-26T10:30Z,130,1,23,10Y1001C--00090V,AUCTION-aFRR,B74,10YSK-SEPS-----K,EUR,A01,A01,20260226047-AFRR_P-UNIT_052-1,MWH,MAW,A01,A06,2026-02-26T10:45Z,2026-02-26T10:30Z
balancing_energy_bids,85,2026-02-26T10:30:00,PT15M,2026-02-26T10:45Z,2026-02-26T10:30Z,132,1,1,10Y1001C--00090V,AUCTION-aFRR,B74,10YSK-SEPS-----K,EUR,A01,A01,20260226047-AFRR_P-UNIT_058-1,MWH,MAW,A01,A11,2026-02-26T10:45Z,2026-02-26T10:30Z
balancing_energy_bids,86,2026-02-26T10:30:00,PT15M,2026-02-26T10:45Z,2026-02-26T10:30Z,599,1,9,10Y1001C--00090V,AUCTION-aFRR,B74,10YSK-SEPS-----K,EUR,A01,A01,20260226047-AFRR_P-UNIT_062-1,MWH,MAW,A01,A06,2026-02-26T10:45Z,2026-02-26T10:30Z
balancing_energy_bids,87,2026-02-26T10:30:00,PT15M,2026-02-26T10:45Z,2026-02-26T10:30Z,130,1,10,10Y1001C--00090V,AUCTION-aFRR,B74,10YSK-SEPS-----K,EUR,A01,A01,20260226047-AFRR_P-UNIT_063-1,MWH,MAW,A01,A06,2026-02-26T10:45Z,2026-02-26T10:30Z
balancing_energy_bids,88,2026-02-26T10:30:00,PT15M,2026-02-26T10:45Z,2026-02-26T10:30Z,300,1,10,10Y1001C--00090V,AUCTION-aFRR,B74,10YSK-SEPS-----K,EUR,A01,A01,20260226047-AFRR_P-UNIT_068-1,MWH,MAW,A01,A06,2026-02-26T10:45Z,2026-02-26T10:30Z
balancing_energy_bids,89,2026-02-26T10:30:00,PT15M,2026-02-26T10:45Z,2026-02-26T10:30Z,100,1,15,10Y1001C--00090V,AUCTION-aFRR,B74,10YSK-SEPS-----K,EUR,A01,A01,20260226047-AFRR_P-UNIT_069-1,MWH,MAW,A01,A06,2026-02-26T10:45Z,2026-02-26T10:30Z
balancing_energy_bids,90,2026-02-26T10:30:00,PT15M,2026-02-26T10:45Z,2026-02-26T10:30Z,85,1,7,10Y1001C--00090V,AUCTION-aFRR,B74,10YSK-SEPS-----K,EUR,A01,A01,20260226047-AFRR_P-UNIT_097-1,MWH,MAW,A01,A11,2026-02-26T10:45Z,2026-02-26T10:30Z
balancing_energy_bids,91,2026-02-26T10:30:00,PT15M,2026-02-26T10:45Z,2026-02-26T10:30Z,750,1,11,10Y1001C--00090V,AUCTION-aFRR,B74,10YSK-SEPS-----K,EUR,A01,A01,20260226047-AFRR_P-UNIT_104-1,MWH,MAW,A01,A06,2026-02-26T10:45Z,2026-02-26T10:30Z
balancing_energy_bids,92,2026-02-26T10:30:00,PT15M,2026-02-26T10:45Z,2026-02-26T10:30Z,300,1,1,10Y1001C--00090V,AUCTION-aFRR,B74,10YSK-SEPS-----K,EUR,A01,A01,20260226047-AFRR_P-UNIT_106-1,MWH,MAW,A01,A11,2026-02-26T10:45Z,2026-02-26T10:30Z
balancing_energy_bids,93,2026-02-26T10:45:00,PT15M,2026-02-26T11:00Z,2026-02-26T10:45Z,-199,1,1,10Y1001C--00090V,AUCTION-aFRR,B74,10YSK-SEPS-----K,EUR,A01,A02,20260226048-AFRR_N-UNIT_019-1,MWH,MAW,A01,A11,2026-02-26T11:00Z,2026-02-26T10:45Z
balancing_energy_bids,94,2026-02-26T10:45:00,PT15M,2026-02-26T11:00Z,2026-02-26T10:45Z,-19,1,1,10Y1001C--00090V,AUCTION-aFRR,B74,10YSK-SEPS-----K,EUR,A01,A02,20260226048-AFRR_N-UNIT_106-1,MWH,MAW,A01,A06,2026-02-26T11:00Z,2026-02-26T10:45Z
balancing_energy_bids,95,2026-02-26T10:45:00,PT15M,2026-02-26T11:00Z,2026-02-26T10:45Z,251,1,1,10Y1001C--00090V,AUCTION-aFRR,B74,10YSK-SEPS-----K,EUR,A01,A01,20260226048-AFRR_P-UNIT_019-1,MWH,MAW,A01,A06,2026-02-26T11:00Z,2026-02-26T10:45Z
balancing_energy_bids,96,2026-02-26T10:45:00,PT15M,2026-02-26T11:00Z,2026-02-26T10:45Z,300,1,1,10Y1001C--00090V,AUCTION-aFRR,B74,10YSK-SEPS-----K,EUR,A01,A01,20260226048-AFRR_P-UNIT_106-1,MWH,MAW,A01,A11,2026-02-26T11:00Z,2026-02-26T10:45Z
balancing_energy_bids,97,2026-02-26T10:45:00,PT15M,2026-02-26T11:00Z,2026-02-26T10:45Z,-500,1,11,10Y1001C--00090V,AUCTION-aFRR,B74,10YSK-SEPS-----K,EUR,A01,A02,20260226048-AFRR_N-UNIT_028-1,MWH,MAW,A01,A06,2026-02-26T11:00Z,2026-02-26T10:45Z
balancing_energy_bids,98,2026-02-26T10:45:00,PT15M,2026-02-26T11:00Z,2026-02-26T10:45Z,165,1,3,10Y1001C--00090V,AUCTION-aFRR,B74,10YSK-SEPS-----K,EUR,A01,A01,20260226048-AFRR_P-UNIT_009-1,MWH,MAW,A01,A06,2026-02-26T11:00Z,2026-02-26T10:45Z
balancing_energy_bids,99,2026-02-26T10:45:00,PT15M,2026-02-26T11:00Z,2026-02-26T10:45Z,400,1,11,10Y1001C--00090V,AUCTION-aFRR,B74,10YSK-SEPS-----K,EUR,A01,A01,20260226048-AFRR_P-UNIT_028-1,MWH,MAW,A01,A06,2026-02-26T11:00Z,2026-02-26T10:45Z
balancing_energy_bids,100,2026-02-26T10:45:00,PT15M,2026-02-26T11:00Z,2026-02-26T10:45Z,0,1,1,10Y1001C--00090V,AUCTION-aFRR,B74,10YSK-SEPS-----K,EUR,A01,A01,20260226048-AFRR_P-UNIT_047-1,MWH,MAW,A01,A11,2026-02-26T11:00Z,2026-02-26T10:45Z
balancing_energy_bids,1,2026-02-26T10:45:00,PT15M,2026-02-26T11:00Z,2026-02-26T10:45Z,-20,1,30,10Y1001C--00090V,AUCTION-aFRR,B74,10YSK-SEPS-----K,EUR,A01,A02,20260226048-AFRR_N-UNIT_013-1,MWH,MAW,A01,A06,2026-02-26T11:00Z,2026-02-26T10:45Z
balancing_energy_bids,2,2026-02-26T10:45:00,PT15M,2026-02-26T11:00Z,2026-02-26T10:45Z,-29,1,5,10Y1001C--00090V,AUCTION-aFRR,B74,10YSK-SEPS-----K,EUR,A01,A02,20260226048-AFRR_N-UNIT_043-1,MWH,MAW,A01,A06,2026-02-26T11:00Z,2026-02-26T10:45Z
balancing_energy_bids,3,2026-02-26T10:45:00,PT15M,2026-02-26T11:00Z,2026-02-26T10:45Z,-29,1,10,10Y1001C--00090V,AUCTION-aFRR,B74,10YSK-SEPS-----K,EUR,A01,A02,20260226048-AFRR_N-UNIT_062-1,MWH,MAW,A01,A06,2026-02-26T11:00Z,2026-02-26T10:45Z
balancing_energy_bids,4,2026-02-26T10:45:00,PT15M,2026-02-26T11:00Z,2026-02-26T10:45Z,-231.21,1,3,10Y1001C--00090V,AUCTION-aFRR,B74,10YSK-SEPS-----K,EUR,A01,A02,20260226048-AFRR_N-UNIT_089-1,MWH,MAW,A01,A06,2026-02-26T11:00Z,2026-02-26T10:45Z
balancing_energy_bids,5,2026-02-26T10:45:00,PT15M,2026-02-26T11:00Z,2026-02-26T10:45Z,90,1,1,10Y1001C--00090V,AUCTION-aFRR,B74,10YSK-SEPS-----K,EUR,A01,A01,20260226048-AFRR_P-UNIT_043-1,MWH,MAW,A01,A06,2026-02-26T11:00Z,2026-02-26T10:45Z
balancing_energy_bids,6,2026-02-26T10:45:00,PT15M,2026-02-26T11:00Z,2026-02-26T10:45Z,599,1,9,10Y1001C--00090V,AUCTION-aFRR,B74,10YSK-SEPS-----K,EUR,A01,A01,20260226048-AFRR_P-UNIT_062-1,MWH,MAW,A01,A06,2026-02-26T11:00Z,2026-02-26T10:45Z
balancing_energy_bids,7,2026-02-26T10:45:00,PT15M,2026-02-26T11:00Z,2026-02-26T10:45Z,-5,1,1,10Y1001C--00090V,AUCTION-aFRR,B74,10YSK-SEPS-----K,EUR,A01,A02,20260226048-AFRR_N-UNIT_058-1,MWH,MAW,A01,A11,2026-02-26T11:00Z,2026-02-26T10:45Z
balancing_energy_bids,8,2026-02-26T10:45:00,PT15M,2026-02-26T11:00Z,2026-02-26T10:45Z,132,1,1,10Y1001C--00090V,AUCTION-aFRR,B74,10YSK-SEPS-----K,EUR,A01,A01,20260226048-AFRR_P-UNIT_058-1,MWH,MAW,A01,A11,2026-02-26T11:00Z,2026-02-26T10:45Z
balancing_energy_bids,9,2026-02-26T10:45:00,PT15M,2026-02-26T11:00Z,2026-02-26T10:45Z,85,1,7,10Y1001C--00090V,AUCTION-aFRR,B74,10YSK-SEPS-----K,EUR,A01,A01,20260226048-AFRR_P-UNIT_097-1,MWH,MAW,A01,A11,2026-02-26T11:00Z,2026-02-26T10:45Z
balancing_energy_bids,10,2026-02-26T10:45:00,PT15M,2026-02-26T11:00Z,2026-02-26T10:45Z,-40,1,4,10Y1001C--00090V,AUCTION-aFRR,B74,10YSK-SEPS-----K,EUR,A01,A02,20260226048-AFRR_N-UNIT_104-1,MWH,MAW,A01,A06,2026-02-26T11:00Z,2026-02-26T10:45Z
balancing_energy_bids,11,2026-02-26T10:45:00,PT15M,2026-02-26T11:00Z,2026-02-26T10:45Z,750,1,11,10Y1001C--00090V,AUCTION-aFRR,B74,10YSK-SEPS-----K,EUR,A01,A01,20260226048-AFRR_P-UNIT_104-1,MWH,MAW,A01,A06,2026-02-26T11:00Z,2026-02-26T10:45Z
balancing_energy_bids,12,2026-02-26T10:45:00,PT15M,2026-02-26T11:00Z,2026-02-26T10:45Z,-30,1,10,10Y1001C--00090V,AUCTION-aFRR,B74,10YSK-SEPS-----K,EUR,A01,A02,20260226048-AFRR_N-UNIT_052-1,MWH,MAW,A01,A06,2026-02-26T11:00Z,2026-02-26T10:45Z
balancing_energy_bids,13,2026-02-26T10:45:00,PT15M,2026-02-26T11:00Z,2026-02-26T10:45Z,130,1,23,10Y1001C--00090V,AUCTION-aFRR,B74,10YSK-SEPS-----K,EUR,A01,A01,20260226048-AFRR_P-UNIT_052-1,MWH,MAW,A01,A06,2026-02-26T11:00Z,2026-02-26T10:45Z
balancing_energy_bids,14,2026-02-26T10:45:00,PT15M,2026-02-26T11:00Z,2026-02-26T10:45Z,-5,1,5,10Y1001C--00090V,AUCTION-aFRR,B74,10YSK-SEPS-----K,EUR,A01,A02,20260226048-AFRR_N-UNIT_003-1,MWH,MAW,A01,A06,2026-02-26T11:00Z,2026-02-26T10:45Z
balancing_energy_bids,15,2026-02-26T10:45:00,PT15M,2026-02-26T11:00Z,2026-02-26T10:45Z,-500,1,15,10Y1001C--00090V,AUCTION-aFRR,B74,10YSK-SEPS-----K,EUR,A01,A02,20260226048-AFRR_N-UNIT_069-1,MWH,MAW,A01,A06,2026-02-26T11:00Z,2026-02-26T10:45Z
balancing_energy_bids,16,2026-02-26T10:45:00,PT15M,2026-02-26T11:00Z,2026-02-26T10:45Z,189,1,5,10Y1001C--00090V,AUCTION-aFRR,B74,10YSK-SEPS-----K,EUR,A01,A01,20260226048-AFRR_P-UNIT_003-1,MWH,MAW,A01,A06,2026-02-26T11:00Z,2026-02-26T10:45Z
balancing_energy_bids,17,2026-02-26T10:45:00,PT15M,2026-02-26T11:00Z,2026-02-26T10:45Z,130,1,10,10Y1001C--00090V,AUCTION-aFRR,B74,10YSK-SEPS-----K,EUR,A01,A01,20260226048-AFRR_P-UNIT_063-1,MWH,MAW,A01,A06,2026-02-26T11:00Z,2026-02-26T10:45Z
balancing_energy_bids,18,2026-02-26T10:45:00,PT15M,2026-02-26T11:00Z,2026-02-26T10:45Z,100,1,15,10Y1001C--00090V,AUCTION-aFRR,B74,10YSK-SEPS-----K,EUR,A01,A01,20260226048-AFRR_P-UNIT_069-1,MWH,MAW,A01,A06,2026-02-26T11:00Z,2026-02-26T10:45Z
balancing_energy_bids,19,2026-02-26T10:45:00,PT15M,2026-02-26T11:00Z,2026-02-26T10:45Z,-500,1,4,10Y1001C--00090V,AUCTION-aFRR,B74,10YSK-SEPS-----K,EUR,A01,A02,20260226048-AFRR_N-UNIT_068-1,MWH,MAW,A01,A06,2026-02-26T11:00Z,2026-02-26T10:45Z
balancing_energy_bids,20,2026-02-26T10:45:00,PT15M,2026-02-26T11:00Z,2026-02-26T10:45Z,300,1,10,10Y1001C--00090V,AUCTION-aFRR,B74,10YSK-SEPS-----K,EUR,A01,A01,20260226048-AFRR_P-UNIT_068-1,MWH,MAW,A01,A06,2026-02-26T11:00Z,2026-02-26T10:45Z
balancing_energy_bids,21,2026-02-26T11:00:00,PT15M,2026-02-26T11:15Z,2026-02-26T11:00Z,-20,1,30,10Y1001C--00090V,AUCTION-aFRR,B74,10YSK-SEPS-----K,EUR,A01,A02,20260226049-AFRR_N-UNIT_013-1,MWH,MAW,A01,A06,2026-02-26T11:15Z,2026-02-26T11:00Z
balancing_energy_bids,22,2026-02-26T11:00:00,PT15M,2026-02-26T11:15Z,2026-02-26T11:00Z,-199,1,1,10Y1001C--00090V,AUCTION-aFRR,B74,10YSK-SEPS-----K,EUR,A01,A02,20260226049-AFRR_N-UNIT_019-1,MWH,MAW,A01,A11,2026-02-26T11:15Z,2026-02-26T11:00Z
balancing_energy_bids,23,2026-02-26T11:00:00,PT15M,2026-02-26T11:15Z,2026-02-26T11:00Z,10,1,5,10Y1001C--00090V,AUCTION-aFRR,B74,10YSK-SEPS-----K,EUR,A01,A02,20260226049-AFRR_N-UNIT_043-1,MWH,MAW,A01,A06,2026-02-26T11:15Z,2026-02-26T11:00Z
balancing_energy_bids,24,2026-02-26T11:00:00,PT15M,2026-02-26T11:15Z,2026-02-26T11:00Z,-5,1,1,10Y1001C--00090V,AUCTION-aFRR,B74,10YSK-SEPS-----K,EUR,A01,A02,20260226049-AFRR_N-UNIT_058-1,MWH,MAW,A01,A11,2026-02-26T11:15Z,2026-02-26T11:00Z
balancing_energy_bids,25,2026-02-26T11:00:00,PT15M,2026-02-26T11:15Z,2026-02-26T11:00Z,-29,1,8,10Y1001C--00090V,AUCTION-aFRR,B74,10YSK-SEPS-----K,EUR,A01,A02,20260226049-AFRR_N-UNIT_062-1,MWH,MAW,A01,A06,2026-02-26T11:15Z,2026-02-26T11:00Z
balancing_energy_bids,26,2026-02-26T11:00:00,PT15M,2026-02-26T11:15Z,2026-02-26T11:00Z,-210.55,1,3,10Y1001C--00090V,AUCTION-aFRR,B74,10YSK-SEPS-----K,EUR,A01,A02,20260226049-AFRR_N-UNIT_089-1,MWH,MAW,A01,A06,2026-02-26T11:15Z,2026-02-26T11:00Z
balancing_energy_bids,27,2026-02-26T11:00:00,PT15M,2026-02-26T11:15Z,2026-02-26T11:00Z,-19,1,1,10Y1001C--00090V,AUCTION-aFRR,B74,10YSK-SEPS-----K,EUR,A01,A02,20260226049-AFRR_N-UNIT_106-1,MWH,MAW,A01,A06,2026-02-26T11:15Z,2026-02-26T11:00Z
balancing_energy_bids,28,2026-02-26T11:00:00,PT15M,2026-02-26T11:15Z,2026-02-26T11:00Z,251,1,1,10Y1001C--00090V,AUCTION-aFRR,B74,10YSK-SEPS-----K,EUR,A01,A01,20260226049-AFRR_P-UNIT_019-1,MWH,MAW,A01,A06,2026-02-26T11:15Z,2026-02-26T11:00Z
balancing_energy_bids,29,2026-02-26T11:00:00,PT15M,2026-02-26T11:15Z,2026-02-26T11:00Z,90,1,1,10Y1001C--00090V,AUCTION-aFRR,B74,10YSK-SEPS-----K,EUR,A01,A01,20260226049-AFRR_P-UNIT_043-1,MWH,MAW,A01,A06,2026-02-26T11:15Z,2026-02-26T11:00Z
balancing_energy_bids,30,2026-02-26T11:00:00,PT15M,2026-02-26T11:15Z,2026-02-26T11:00Z,132,1,1,10Y1001C--00090V,AUCTION-aFRR,B74,10YSK-SEPS-----K,EUR,A01,A01,20260226049-AFRR_P-UNIT_058-1,MWH,MAW,A01,A11,2026-02-26T11:15Z,2026-02-26T11:00Z
balancing_energy_bids,31,2026-02-26T11:00:00,PT15M,2026-02-26T11:15Z,2026-02-26T11:00Z,599,1,9,10Y1001C--00090V,AUCTION-aFRR,B74,10YSK-SEPS-----K,EUR,A01,A01,20260226049-AFRR_P-UNIT_062-1,MWH,MAW,A01,A06,2026-02-26T11:15Z,2026-02-26T11:00Z
balancing_energy_bids,32,2026-02-26T11:00:00,PT15M,2026-02-26T11:15Z,2026-02-26T11:00Z,85,1,7,10Y1001C--00090V,AUCTION-aFRR,B74,10YSK-SEPS-----K,EUR,A01,A01,20260226049-AFRR_P-UNIT_097-1,MWH,MAW,A01,A11,2026-02-26T11:15Z,2026-02-26T11:00Z
balancing_energy_bids,33,2026-02-26T11:00:00,PT15M,2026-02-26T11:15Z,2026-02-26T11:00Z,300,1,1,10Y1001C--00090V,AUCTION-aFRR,B74,10YSK-SEPS-----K,EUR,A01,A01,20260226049-AFRR_P-UNIT_106-1,MWH,MAW,A01,A11,2026-02-26T11:15Z,2026-02-26T11:00Z
balancing_energy_bids,34,2026-02-26T11:00:00,PT15M,2026-02-26T11:15Z,2026-02-26T11:00Z,-500,1,13,10Y1001C--00090V,AUCTION-aFRR,B74,10YSK-SEPS-----K,EUR,A01,A02,20260226049-AFRR_N-UNIT_028-1,MWH,MAW,A01,A06,2026-02-26T11:15Z,2026-02-26T11:00Z
balancing_energy_bids,35,2026-02-26T11:00:00,PT15M,2026-02-26T11:15Z,2026-02-26T11:00Z,165,1,3,10Y1001C--00090V,AUCTION-aFRR,B74,10YSK-SEPS-----K,EUR,A01,A01,20260226049-AFRR_P-UNIT_009-1,MWH,MAW,A01,A06,2026-02-26T11:15Z,2026-02-26T11:00Z
balancing_energy_bids,36,2026-02-26T11:00:00,PT15M,2026-02-26T11:15Z,2026-02-26T11:00Z,400,1,11,10Y1001C--00090V,AUCTION-aFRR,B74,10YSK-SEPS-----K,EUR,A01,A01,20260226049-AFRR_P-UNIT_028-1,MWH,MAW,A01,A06,2026-02-26T11:15Z,2026-02-26T11:00Z
balancing_energy_bids,37,2026-02-26T11:00:00,PT15M,2026-02-26T11:15Z,2026-02-26T11:00Z,0,1,1,10Y1001C--00090V,AUCTION-aFRR,B74,10YSK-SEPS-----K,EUR,A01,A01,20260226049-AFRR_P-UNIT_047-1,MWH,MAW,A01,A11,2026-02-26T11:15Z,2026-02-26T11:00Z
balancing_energy_bids,38,2026-02-26T11:00:00,PT15M,2026-02-26T11:15Z,2026-02-26T11:00Z,-100,1,4,10Y1001C--00090V,AUCTION-aFRR,B74,10YSK-SEPS-----K,EUR,A01,A02,20260226049-AFRR_N-UNIT_104-1,MWH,MAW,A01,A06,2026-02-26T11:15Z,2026-02-26T11:00Z
balancing_energy_bids,39,2026-02-26T11:00:00,PT15M,2026-02-26T11:15Z,2026-02-26T11:00Z,750,1,11,10Y1001C--00090V,AUCTION-aFRR,B74,10YSK-SEPS-----K,EUR,A01,A01,20260226049-AFRR_P-UNIT_104-1,MWH,MAW,A01,A06,2026-02-26T11:15Z,2026-02-26T11:00Z
balancing_energy_bids,40,2026-02-26T11:00:00,PT15M,2026-02-26T11:15Z,2026-02-26T11:00Z,-30,1,10,10Y1001C--00090V,AUCTION-aFRR,B74,10YSK-SEPS-----K,EUR,A01,A02,20260226049-AFRR_N-UNIT_052-1,MWH,MAW,A01,A06,2026-02-26T11:15Z,2026-02-26T11:00Z
balancing_energy_bids,41,2026-02-26T11:00:00,PT15M,2026-02-26T11:15Z,2026-02-26T11:00Z,130,1,23,10Y1001C--00090V,AUCTION-aFRR,B74,10YSK-SEPS-----K,EUR,A01,A01,20260226049-AFRR_P-UNIT_052-1,MWH,MAW,A01,A06,2026-02-26T11:15Z,2026-02-26T11:00Z
balancing_energy_bids,42,2026-02-26T11:00:00,PT15M,2026-02-26T11:15Z,2026-02-26T11:00Z,-5,1,5,10Y1001C--00090V,AUCTION-aFRR,B74,10YSK-SEPS-----K,EUR,A01,A02,20260226049-AFRR_N-UNIT_003-1,MWH,MAW,A01,A06,2026-02-26T11:15Z,2026-02-26T11:00Z
balancing_energy_bids,43,2026-02-26T11:00:00,PT15M,2026-02-26T11:15Z,2026-02-26T11:00Z,-500,1,15,10Y1001C--00090V,AUCTION-aFRR,B74,10YSK-SEPS-----K,EUR,A01,A02,20260226049-AFRR_N-UNIT_069-1,MWH,MAW,A01,A06,2026-02-26T11:15Z,2026-02-26T11:00Z
balancing_energy_bids,44,2026-02-26T11:00:00,PT15M,2026-02-26T11:15Z,2026-02-26T11:00Z,189,1,5,10Y1001C--00090V,AUCTION-aFRR,B74,10YSK-SEPS-----K,EUR,A01,A01,20260226049-AFRR_P-UNIT_003-1,MWH,MAW,A01,A06,2026-02-26T11:15Z,2026-02-26T11:00Z
balancing_energy_bids,45,2026-02-26T11:00:00,PT15M,2026-02-26T11:15Z,2026-02-26T11:00Z,140,1,10,10Y1001C--00090V,AUCTION-aFRR,B74,10YSK-SEPS-----K,EUR,A01,A01,20260226049-AFRR_P-UNIT_063-1,MWH,MAW,A01,A06,2026-02-26T11:15Z,2026-02-26T11:00Z
balancing_energy_bids,46,2026-02-26T11:00:00,PT15M,2026-02-26T11:15Z,2026-02-26T11:00Z,100,1,15,10Y1001C--00090V,AUCTION-aFRR,B74,10YSK-SEPS-----K,EUR,A01,A01,20260226049-AFRR_P-UNIT_069-1,MWH,MAW,A01,A06,2026-02-26T11:15Z,2026-02-26T11:00Z
balancing_energy_bids,47,2026-02-26T11:00:00,PT15M,2026-02-26T11:15Z,2026-02-26T11:00Z,-500,1,4,10Y1001C--00090V,AUCTION-aFRR,B74,10YSK-SEPS-----K,EUR,A01,A02,20260226049-AFRR_N-UNIT_068-1,MWH,MAW,A01,A06,2026-02-26T11:15Z,2026-02-26T11:00Z
balancing_energy_bids,48,2026-02-26T11:00:00,PT15M,2026-02-26T11:15Z,2026-02-26T11:00Z,300,1,10,10Y1001C--00090V,AUCTION-aFRR,B74,10YSK-SEPS-----K,EUR,A01,A01,20260226049-AFRR_P-UNIT_068-1,MWH,MAW,A01,A06,2026-02-26T11:15Z,2026-02-26T11:00Z
balancing_energy_bids,49,2026-02-26T11:30:00,PT15M,2026-02-26T11:45Z,2026-02-26T11:30Z,-5,1,5,10Y1001C--00090V,AUCTION-aFRR,B74,10YSK-SEPS-----K,EUR,A01,A02,20260226051-AFRR_N-UNIT_003-1,MWH,MAW,A01,A06,2026-02-26T11:45Z,2026-02-26T11:30Z
balancing_energy_bids,50,2026-02-26T11:30:00,PT15M,2026-02-26T11:45Z,2026-02-26T11:30Z,-20,1,30,10Y1001C--00090V,AUCTION-aFRR,B74,10YSK-SEPS-----K,EUR,A01,A02,20260226051-AFRR_N-UNIT_013-1,MWH,MAW,A01,A06,2026-02-26T11:45Z,2026-02-26T11:30Z
balancing_energy_bids,51,2026-02-26T11:30:00,PT15M,2026-02-26T11:45Z,2026-02-26T11:30Z,-199,1,1,10Y1001C--00090V,AUCTION-aFRR,B74,10YSK-SEPS-----K,EUR,A01,A02,20260226051-AFRR_N-UNIT_019-1,MWH,MAW,A01,A11,2026-02-26T11:45Z,2026-02-26T11:30Z
balancing_energy_bids,52,2026-02-26T11:30:00,PT15M,2026-02-26T11:45Z,2026-02-26T11:30Z,-1500,1,13,10Y1001C--00090V,AUCTION-aFRR,B74,10YSK-SEPS-----K,EUR,A01,A02,20260226051-AFRR_N-UNIT_028-1,MWH,MAW,A01,A06,2026-02-26T11:45Z,2026-02-26T11:30Z
balancing_energy_bids,53,2026-02-26T11:30:00,PT15M,2026-02-26T11:45Z,2026-02-26T11:30Z,-29,1,5,10Y1001C--00090V,AUCTION-aFRR,B74,10YSK-SEPS-----K,EUR,A01,A02,20260226051-AFRR_N-UNIT_043-1,MWH,MAW,A01,A06,2026-02-26T11:45Z,2026-02-26T11:30Z
balancing_energy_bids,54,2026-02-26T11:30:00,PT15M,2026-02-26T11:45Z,2026-02-26T11:30Z,-30,1,10,10Y1001C--00090V,AUCTION-aFRR,B74,10YSK-SEPS-----K,EUR,A01,A02,20260226051-AFRR_N-UNIT_052-1,MWH,MAW,A01,A06,2026-02-26T11:45Z,2026-02-26T11:30Z
balancing_energy_bids,55,2026-02-26T11:30:00,PT15M,2026-02-26T11:45Z,2026-02-26T11:30Z,-5,1,1,10Y1001C--00090V,AUCTION-aFRR,B74,10YSK-SEPS-----K,EUR,A01,A02,20260226051-AFRR_N-UNIT_058-1,MWH,MAW,A01,A11,2026-02-26T11:45Z,2026-02-26T11:30Z
balancing_energy_bids,56,2026-02-26T11:30:00,PT15M,2026-02-26T11:45Z,2026-02-26T11:30Z,-29,1,8,10Y1001C--00090V,AUCTION-aFRR,B74,10YSK-SEPS-----K,EUR,A01,A02,20260226051-AFRR_N-UNIT_062-1,MWH,MAW,A01,A06,2026-02-26T11:45Z,2026-02-26T11:30Z
balancing_energy_bids,57,2026-02-26T11:30:00,PT15M,2026-02-26T11:45Z,2026-02-26T11:30Z,-1500,1,4,10Y1001C--00090V,AUCTION-aFRR,B74,10YSK-SEPS-----K,EUR,A01,A02,20260226051-AFRR_N-UNIT_068-1,MWH,MAW,A01,A06,2026-02-26T11:45Z,2026-02-26T11:30Z
balancing_energy_bids,58,2026-02-26T11:30:00,PT15M,2026-02-26T11:45Z,2026-02-26T11:30Z,-500,1,15,10Y1001C--00090V,AUCTION-aFRR,B74,10YSK-SEPS-----K,EUR,A01,A02,20260226051-AFRR_N-UNIT_069-1,MWH,MAW,A01,A06,2026-02-26T11:45Z,2026-02-26T11:30Z
balancing_energy_bids,59,2026-02-26T11:30:00,PT15M,2026-02-26T11:45Z,2026-02-26T11:30Z,-250.25,1,3,10Y1001C--00090V,AUCTION-aFRR,B74,10YSK-SEPS-----K,EUR,A01,A02,20260226051-AFRR_N-UNIT_089-1,MWH,MAW,A01,A06,2026-02-26T11:45Z,2026-02-26T11:30Z
balancing_energy_bids,60,2026-02-26T11:30:00,PT15M,2026-02-26T11:45Z,2026-02-26T11:30Z,-100,1,4,10Y1001C--00090V,AUCTION-aFRR,B74,10YSK-SEPS-----K,EUR,A01,A02,20260226051-AFRR_N-UNIT_104-1,MWH,MAW,A01,A06,2026-02-26T11:45Z,2026-02-26T11:30Z
balancing_energy_bids,61,2026-02-26T11:30:00,PT15M,2026-02-26T11:45Z,2026-02-26T11:30Z,-19,1,1,10Y1001C--00090V,AUCTION-aFRR,B74,10YSK-SEPS-----K,EUR,A01,A02,20260226051-AFRR_N-UNIT_106-1,MWH,MAW,A01,A06,2026-02-26T11:45Z,2026-02-26T11:30Z
balancing_energy_bids,62,2026-02-26T11:30:00,PT15M,2026-02-26T11:45Z,2026-02-26T11:30Z,189,1,5,10Y1001C--00090V,AUCTION-aFRR,B74,10YSK-SEPS-----K,EUR,A01,A01,20260226051-AFRR_P-UNIT_003-1,MWH,MAW,A01,A06,2026-02-26T11:45Z,2026-02-26T11:30Z
balancing_energy_bids,63,2026-02-26T11:30:00,PT15M,2026-02-26T11:45Z,2026-02-26T11:30Z,165,1,3,10Y1001C--00090V,AUCTION-aFRR,B74,10YSK-SEPS-----K,EUR,A01,A01,20260226051-AFRR_P-UNIT_009-1,MWH,MAW,A01,A06,2026-02-26T11:45Z,2026-02-26T11:30Z
balancing_energy_bids,64,2026-02-26T11:30:00,PT15M,2026-02-26T11:45Z,2026-02-26T11:30Z,251,1,1,10Y1001C--00090V,AUCTION-aFRR,B74,10YSK-SEPS-----K,EUR,A01,A01,20260226051-AFRR_P-UNIT_019-1,MWH,MAW,A01,A06,2026-02-26T11:45Z,2026-02-26T11:30Z
balancing_energy_bids,65,2026-02-26T11:30:00,PT15M,2026-02-26T11:45Z,2026-02-26T11:30Z,400,1,11,10Y1001C--00090V,AUCTION-aFRR,B74,10YSK-SEPS-----K,EUR,A01,A01,20260226051-AFRR_P-UNIT_028-1,MWH,MAW,A01,A06,2026-02-26T11:45Z,2026-02-26T11:30Z
balancing_energy_bids,66,2026-02-26T11:30:00,PT15M,2026-02-26T11:45Z,2026-02-26T11:30Z,90,1,1,10Y1001C--00090V,AUCTION-aFRR,B74,10YSK-SEPS-----K,EUR,A01,A01,20260226051-AFRR_P-UNIT_043-1,MWH,MAW,A01,A06,2026-02-26T11:45Z,2026-02-26T11:30Z
balancing_energy_bids,67,2026-02-26T11:30:00,PT15M,2026-02-26T11:45Z,2026-02-26T11:30Z,0,1,1,10Y1001C--00090V,AUCTION-aFRR,B74,10YSK-SEPS-----K,EUR,A01,A01,20260226051-AFRR_P-UNIT_047-1,MWH,MAW,A01,A11,2026-02-26T11:45Z,2026-02-26T11:30Z
balancing_energy_bids,68,2026-02-26T11:30:00,PT15M,2026-02-26T11:45Z,2026-02-26T11:30Z,130,1,23,10Y1001C--00090V,AUCTION-aFRR,B74,10YSK-SEPS-----K,EUR,A01,A01,20260226051-AFRR_P-UNIT_052-1,MWH,MAW,A01,A06,2026-02-26T11:45Z,2026-02-26T11:30Z
balancing_energy_bids,69,2026-02-26T11:30:00,PT15M,2026-02-26T11:45Z,2026-02-26T11:30Z,132,1,1,10Y1001C--00090V,AUCTION-aFRR,B74,10YSK-SEPS-----K,EUR,A01,A01,20260226051-AFRR_P-UNIT_058-1,MWH,MAW,A01,A11,2026-02-26T11:45Z,2026-02-26T11:30Z
balancing_energy_bids,70,2026-02-26T11:30:00,PT15M,2026-02-26T11:45Z,2026-02-26T11:30Z,599,1,9,10Y1001C--00090V,AUCTION-aFRR,B74,10YSK-SEPS-----K,EUR,A01,A01,20260226051-AFRR_P-UNIT_062-1,MWH,MAW,A01,A06,2026-02-26T11:45Z,2026-02-26T11:30Z
balancing_energy_bids,71,2026-02-26T11:30:00,PT15M,2026-02-26T11:45Z,2026-02-26T11:30Z,140,1,10,10Y1001C--00090V,AUCTION-aFRR,B74,10YSK-SEPS-----K,EUR,A01,A01,20260226051-AFRR_P-UNIT_063-1,MWH,MAW,A01,A06,2026-02-26T11:45Z,2026-02-26T11:30Z
balancing_energy_bids,72,2026-02-26T11:30:00,PT15M,2026-02-26T11:45Z,2026-02-26T11:30Z,300,1,10,10Y1001C--00090V,AUCTION-aFRR,B74,10YSK-SEPS-----K,EUR,A01,A01,20260226051-AFRR_P-UNIT_068-1,MWH,MAW,A01,A06,2026-02-26T11:45Z,2026-02-26T11:30Z
balancing_energy_bids,73,2026-02-26T11:30:00,PT15M,2026-02-26T11:45Z,2026-02-26T11:30Z,100,1,15,10Y1001C--00090V,AUCTION-aFRR,B74,10YSK-SEPS-----K,EUR,A01,A01,20260226051-AFRR_P-UNIT_069-1,MWH,MAW,A01,A06,2026-02-26T11:45Z,2026-02-26T11:30Z
balancing_energy_bids,74,2026-02-26T11:30:00,PT15M,2026-02-26T11:45Z,2026-02-26T11:30Z,85,1,7,10Y1001C--00090V,AUCTION-aFRR,B74,10YSK-SEPS-----K,EUR,A01,A01,20260226051-AFRR_P-UNIT_097-1,MWH,MAW,A01,A11,2026-02-26T11:45Z,2026-02-26T11:30Z
balancing_energy_bids,75,2026-02-26T11:30:00,PT15M,2026-02-26T11:45Z,2026-02-26T11:30Z,750,1,11,10Y1001C--00090V,AUCTION-aFRR,B74,10YSK-SEPS-----K,EUR,A01,A01,20260226051-AFRR_P-UNIT_104-1,MWH,MAW,A01,A06,2026-02-26T11:45Z,2026-02-26T11:30Z
balancing_energy_bids,76,2026-02-26T11:30:00,PT15M,2026-02-26T11:45Z,2026-02-26T11:30Z,300,1,1,10Y1001C--00090V,AUCTION-aFRR,B74,10YSK-SEPS-----K,EUR,A01,A01,20260226051-AFRR_P-UNIT_106-1,MWH,MAW,A01,A11,2026-02-26T11:45Z,2026-02-26T11:30Z
balancing_energy_bids,77,2026-02-26T11:45:00,PT15M,2026-02-26T12:00Z,2026-02-26T11:45Z,-5,1,5,10Y1001C--00090V,AUCTION-aFRR,B74,10YSK-SEPS-----K,EUR,A01,A02,20260226052-AFRR_N-UNIT_003-1,MWH,MAW,A01,A06,2026-02-26T12:00Z,2026-02-26T11:45Z
balancing_energy_bids,78,2026-02-26T11:45:00,PT15M,2026-02-26T12:00Z,2026-02-26T11:45Z,-20,1,30,10Y1001C--00090V,AUCTION-aFRR,B74,10YSK-SEPS-----K,EUR,A01,A02,20260226052-AFRR_N-UNIT_013-1,MWH,MAW,A01,A06,2026-02-26T12:00Z,2026-02-26T11:45Z
balancing_energy_bids,79,2026-02-26T11:45:00,PT15M,2026-02-26T12:00Z,2026-02-26T11:45Z,-199,1,1,10Y1001C--00090V,AUCTION-aFRR,B74,10YSK-SEPS-----K,EUR,A01,A02,20260226052-AFRR_N-UNIT_019-1,MWH,MAW,A01,A11,2026-02-26T12:00Z,2026-02-26T11:45Z
balancing_energy_bids,80,2026-02-26T11:45:00,PT15M,2026-02-26T12:00Z,2026-02-26T11:45Z,-1500,1,13,10Y1001C--00090V,AUCTION-aFRR,B74,10YSK-SEPS-----K,EUR,A01,A02,20260226052-AFRR_N-UNIT_028-1,MWH,MAW,A01,A06,2026-02-26T12:00Z,2026-02-26T11:45Z
balancing_energy_bids,81,2026-02-26T11:45:00,PT15M,2026-02-26T12:00Z,2026-02-26T11:45Z,-29,1,5,10Y1001C--00090V,AUCTION-aFRR,B74,10YSK-SEPS-----K,EUR,A01,A02,20260226052-AFRR_N-UNIT_043-1,MWH,MAW,A01,A06,2026-02-26T12:00Z,2026-02-26T11:45Z
balancing_energy_bids,82,2026-02-26T11:45:00,PT15M,2026-02-26T12:00Z,2026-02-26T11:45Z,-30,1,10,10Y1001C--00090V,AUCTION-aFRR,B74,10YSK-SEPS-----K,EUR,A01,A02,20260226052-AFRR_N-UNIT_052-1,MWH,MAW,A01,A06,2026-02-26T12:00Z,2026-02-26T11:45Z
balancing_energy_bids,83,2026-02-26T11:45:00,PT15M,2026-02-26T12:00Z,2026-02-26T11:45Z,-5,1,1,10Y1001C--00090V,AUCTION-aFRR,B74,10YSK-SEPS-----K,EUR,A01,A02,20260226052-AFRR_N-UNIT_058-1,MWH,MAW,A01,A11,2026-02-26T12:00Z,2026-02-26T11:45Z
balancing_energy_bids,84,2026-02-26T11:45:00,PT15M,2026-02-26T12:00Z,2026-02-26T11:45Z,-29,1,8,10Y1001C--00090V,AUCTION-aFRR,B74,10YSK-SEPS-----K,EUR,A01,A02,20260226052-AFRR_N-UNIT_062-1,MWH,MAW,A01,A06,2026-02-26T12:00Z,2026-02-26T11:45Z
balancing_energy_bids,85,2026-02-26T11:45:00,PT15M,2026-02-26T12:00Z,2026-02-26T11:45Z,-1500,1,4,10Y1001C--00090V,AUCTION-aFRR,B74,10YSK-SEPS-----K,EUR,A01,A02,20260226052-AFRR_N-UNIT_068-1,MWH,MAW,A01,A06,2026-02-26T12:00Z,2026-02-26T11:45Z
balancing_energy_bids,86,2026-02-26T11:45:00,PT15M,2026-02-26T12:00Z,2026-02-26T11:45Z,-500,1,15,10Y1001C--00090V,AUCTION-aFRR,B74,10YSK-SEPS-----K,EUR,A01,A02,20260226052-AFRR_N-UNIT_069-1,MWH,MAW,A01,A06,2026-02-26T12:00Z,2026-02-26T11:45Z
balancing_energy_bids,87,2026-02-26T11:45:00,PT15M,2026-02-26T12:00Z,2026-02-26T11:45Z,-252.04,1,3,10Y1001C--00090V,AUCTION-aFRR,B74,10YSK-SEPS-----K,EUR,A01,A02,20260226052-AFRR_N-UNIT_089-1,MWH,MAW,A01,A06,2026-02-26T12:00Z,2026-02-26T11:45Z
balancing_energy_bids,88,2026-02-26T11:45:00,PT15M,2026-02-26T12:00Z,2026-02-26T11:45Z,-100,1,4,10Y1001C--00090V,AUCTION-aFRR,B74,10YSK-SEPS-----K,EUR,A01,A02,20260226052-AFRR_N-UNIT_104-1,MWH,MAW,A01,A06,2026-02-26T12:00Z,2026-02-26T11:45Z
balancing_energy_bids,89,2026-02-26T11:45:00,PT15M,2026-02-26T12:00Z,2026-02-26T11:45Z,-19,1,1,10Y1001C--00090V,AUCTION-aFRR,B74,10YSK-SEPS-----K,EUR,A01,A02,20260226052-AFRR_N-UNIT_106-1,MWH,MAW,A01,A06,2026-02-26T12:00Z,2026-02-26T11:45Z
balancing_energy_bids,90,2026-02-26T11:45:00,PT15M,2026-02-26T12:00Z,2026-02-26T11:45Z,189,1,5,10Y1001C--00090V,AUCTION-aFRR,B74,10YSK-SEPS-----K,EUR,A01,A01,20260226052-AFRR_P-UNIT_003-1,MWH,MAW,A01,A06,2026-02-26T12:00Z,2026-02-26T11:45Z
balancing_energy_bids,91,2026-02-26T11:45:00,PT15M,2026-02-26T12:00Z,2026-02-26T11:45Z,165,1,3,10Y1001C--00090V,AUCTION-aFRR,B74,10YSK-SEPS-----K,EUR,A01,A01,20260226052-AFRR_P-UNIT_009-1,MWH,MAW,A01,A06,2026-02-26T12:00Z,2026-02-26T11:45Z
balancing_energy_bids,92,2026-02-26T11:45:00,PT15M,2026-02-26T12:00Z,2026-02-26T11:45Z,251,1,1,10Y1001C--00090V,AUCTION-aFRR,B74,10YSK-SEPS-----K,EUR,A01,A01,20260226052-AFRR_P-UNIT_019-1,MWH,MAW,A01,A06,2026-02-26T12:00Z,2026-02-26T11:45Z
balancing_energy_bids,93,2026-02-26T11:45:00,PT15M,2026-02-26T12:00Z,2026-02-26T11:45Z,400,1,11,10Y1001C--00090V,AUCTION-aFRR,B74,10YSK-SEPS-----K,EUR,A01,A01,20260226052-AFRR_P-UNIT_028-1,MWH,MAW,A01,A06,2026-02-26T12:00Z,2026-02-26T11:45Z
balancing_energy_bids,94,2026-02-26T11:45:00,PT15M,2026-02-26T12:00Z,2026-02-26T11:45Z,90,1,1,10Y1001C--00090V,AUCTION-aFRR,B74,10YSK-SEPS-----K,EUR,A01,A01,20260226052-AFRR_P-UNIT_043-1,MWH,MAW,A01,A06,2026-02-26T12:00Z,2026-02-26T11:45Z
balancing_energy_bids,95,2026-02-26T11:45:00,PT15M,2026-02-26T12:00Z,2026-02-26T11:45Z,0,1,1,10Y1001C--00090V,AUCTION-aFRR,B74,10YSK-SEPS-----K,EUR,A01,A01,20260226052-AFRR_P-UNIT_047-1,MWH,MAW,A01,A11,2026-02-26T12:00Z,2026-02-26T11:45Z
balancing_energy_bids,96,2026-02-26T11:45:00,PT15M,2026-02-26T12:00Z,2026-02-26T11:45Z,130,1,23,10Y1001C--00090V,AUCTION-aFRR,B74,10YSK-SEPS-----K,EUR,A01,A01,20260226052-AFRR_P-UNIT_052-1,MWH,MAW,A01,A06,2026-02-26T12:00Z,2026-02-26T11:45Z
balancing_energy_bids,97,2026-02-26T11:45:00,PT15M,2026-02-26T12:00Z,2026-02-26T11:45Z,132,1,1,10Y1001C--00090V,AUCTION-aFRR,B74,10YSK-SEPS-----K,EUR,A01,A01,20260226052-AFRR_P-UNIT_058-1,MWH,MAW,A01,A11,2026-02-26T12:00Z,2026-02-26T11:45Z
balancing_energy_bids,98,2026-02-26T11:45:00,PT15M,2026-02-26T12:00Z,2026-02-26T11:45Z,599,1,9,10Y1001C--00090V,AUCTION-aFRR,B74,10YSK-SEPS-----K,EUR,A01,A01,20260226052-AFRR_P-UNIT_062-1,MWH,MAW,A01,A06,2026-02-26T12:00Z,2026-02-26T11:45Z
balancing_energy_bids,99,2026-02-26T11:45:00,PT15M,2026-02-26T12:00Z,2026-02-26T11:45Z,140,1,10,10Y1001C--00090V,AUCTION-aFRR,B74,10YSK-SEPS-----K,EUR,A01,A01,20260226052-AFRR_P-UNIT_063-1,MWH,MAW,A01,A06,2026-02-26T12:00Z,2026-02-26T11:45Z
balancing_energy_bids,100,2026-02-26T11:45:00,PT15M,2026-02-26T12:00Z,2026-02-26T11:45Z,300,1,10,10Y1001C--00090V,AUCTION-aFRR,B74,10YSK-SEPS-----K,EUR,A01,A01,20260226052-AFRR_P-UNIT_068-1,MWH,MAW,A01,A06,2026-02-26T12:00Z,2026-02-26T11:45Z
balancing_energy_bids,1,2026-02-26T11:45:00,PT15M,2026-02-26T12:00Z,2026-02-26T11:45Z,100,1,15,10Y1001C--00090V,AUCTION-aFRR,B74,10YSK-SEPS-----K,EUR,A01,A01,20260226052-AFRR_P-UNIT_069-1,MWH,MAW,A01,A06,2026-02-26T12:00Z,2026-02-26T11:45Z
balancing_energy_bids,2,2026-02-26T11:45:00,PT15M,2026-02-26T12:00Z,2026-02-26T11:45Z,85,1,7,10Y1001C--00090V,AUCTION-aFRR,B74,10YSK-SEPS-----K,EUR,A01,A01,20260226052-AFRR_P-UNIT_097-1,MWH,MAW,A01,A11,2026-02-26T12:00Z,2026-02-26T11:45Z
balancing_energy_bids,3,2026-02-26T11:45:00,PT15M,2026-02-26T12:00Z,2026-02-26T11:45Z,750,1,11,10Y1001C--00090V,AUCTION-aFRR,B74,10YSK-SEPS-----K,EUR,A01,A01,20260226052-AFRR_P-UNIT_104-1,MWH,MAW,A01,A06,2026-02-26T12:00Z,2026-02-26T11:45Z
balancing_energy_bids,4,2026-02-26T11:45:00,PT15M,2026-02-26T12:00Z,2026-02-26T11:45Z,300,1,1,10Y1001C--00090V,AUCTION-aFRR,B74,10YSK-SEPS-----K,EUR,A01,A01,20260226052-AFRR_P-UNIT_106-1,MWH,MAW,A01,A11,2026-02-26T12:00Z,2026-02-26T11:45Z
balancing_energy_bids,5,2026-02-26T12:00:00,PT15M,2026-02-26T12:15Z,2026-02-26T12:00Z,-5,1,5,10Y1001C--00090V,AUCTION-aFRR,B74,10YSK-SEPS-----K,EUR,A01,A02,20260226053-AFRR_N-UNIT_003-1,MWH,MAW,A01,A06,2026-02-26T12:15Z,2026-02-26T12:00Z
balancing_energy_bids,6,2026-02-26T12:00:00,PT15M,2026-02-26T12:15Z,2026-02-26T12:00Z,-20,1,30,10Y1001C--00090V,AUCTION-aFRR,B74,10YSK-SEPS-----K,EUR,A01,A02,20260226053-AFRR_N-UNIT_013-1,MWH,MAW,A01,A06,2026-02-26T12:15Z,2026-02-26T12:00Z
balancing_energy_bids,7,2026-02-26T12:00:00,PT15M,2026-02-26T12:15Z,2026-02-26T12:00Z,-199,1,1,10Y1001C--00090V,AUCTION-aFRR,B74,10YSK-SEPS-----K,EUR,A01,A02,20260226053-AFRR_N-UNIT_019-1,MWH,MAW,A01,A11,2026-02-26T12:15Z,2026-02-26T12:00Z
balancing_energy_bids,8,2026-02-26T12:00:00,PT15M,2026-02-26T12:15Z,2026-02-26T12:00Z,-5000,1,13,10Y1001C--00090V,AUCTION-aFRR,B74,10YSK-SEPS-----K,EUR,A01,A02,20260226053-AFRR_N-UNIT_028-1,MWH,MAW,A01,A06,2026-02-26T12:15Z,2026-02-26T12:00Z
balancing_energy_bids,9,2026-02-26T12:00:00,PT15M,2026-02-26T12:15Z,2026-02-26T12:00Z,-29,1,5,10Y1001C--00090V,AUCTION-aFRR,B74,10YSK-SEPS-----K,EUR,A01,A02,20260226053-AFRR_N-UNIT_043-1,MWH,MAW,A01,A06,2026-02-26T12:15Z,2026-02-26T12:00Z
balancing_energy_bids,10,2026-02-26T12:00:00,PT15M,2026-02-26T12:15Z,2026-02-26T12:00Z,-30,1,10,10Y1001C--00090V,AUCTION-aFRR,B74,10YSK-SEPS-----K,EUR,A01,A02,20260226053-AFRR_N-UNIT_052-1,MWH,MAW,A01,A06,2026-02-26T12:15Z,2026-02-26T12:00Z
balancing_energy_bids,11,2026-02-26T12:00:00,PT15M,2026-02-26T12:15Z,2026-02-26T12:00Z,-5,1,1,10Y1001C--00090V,AUCTION-aFRR,B74,10YSK-SEPS-----K,EUR,A01,A02,20260226053-AFRR_N-UNIT_058-1,MWH,MAW,A01,A11,2026-02-26T12:15Z,2026-02-26T12:00Z
balancing_energy_bids,12,2026-02-26T12:00:00,PT15M,2026-02-26T12:15Z,2026-02-26T12:00Z,-29,1,8,10Y1001C--00090V,AUCTION-aFRR,B74,10YSK-SEPS-----K,EUR,A01,A02,20260226053-AFRR_N-UNIT_062-1,MWH,MAW,A01,A06,2026-02-26T12:15Z,2026-02-26T12:00Z
balancing_energy_bids,13,2026-02-26T12:00:00,PT15M,2026-02-26T12:15Z,2026-02-26T12:00Z,-9000,1,4,10Y1001C--00090V,AUCTION-aFRR,B74,10YSK-SEPS-----K,EUR,A01,A02,20260226053-AFRR_N-UNIT_068-1,MWH,MAW,A01,A06,2026-02-26T12:15Z,2026-02-26T12:00Z
balancing_energy_bids,14,2026-02-26T12:00:00,PT15M,2026-02-26T12:15Z,2026-02-26T12:00Z,-500,1,15,10Y1001C--00090V,AUCTION-aFRR,B74,10YSK-SEPS-----K,EUR,A01,A02,20260226053-AFRR_N-UNIT_069-1,MWH,MAW,A01,A06,2026-02-26T12:15Z,2026-02-26T12:00Z
balancing_energy_bids,15,2026-02-26T12:00:00,PT15M,2026-02-26T12:15Z,2026-02-26T12:00Z,-247.75,1,3,10Y1001C--00090V,AUCTION-aFRR,B74,10YSK-SEPS-----K,EUR,A01,A02,20260226053-AFRR_N-UNIT_089-1,MWH,MAW,A01,A06,2026-02-26T12:15Z,2026-02-26T12:00Z
balancing_energy_bids,16,2026-02-26T12:00:00,PT15M,2026-02-26T12:15Z,2026-02-26T12:00Z,-100,1,4,10Y1001C--00090V,AUCTION-aFRR,B74,10YSK-SEPS-----K,EUR,A01,A02,20260226053-AFRR_N-UNIT_104-1,MWH,MAW,A01,A06,2026-02-26T12:15Z,2026-02-26T12:00Z
balancing_energy_bids,17,2026-02-26T12:00:00,PT15M,2026-02-26T12:15Z,2026-02-26T12:00Z,-19,1,1,10Y1001C--00090V,AUCTION-aFRR,B74,10YSK-SEPS-----K,EUR,A01,A02,20260226053-AFRR_N-UNIT_106-1,MWH,MAW,A01,A06,2026-02-26T12:15Z,2026-02-26T12:00Z
balancing_energy_bids,18,2026-02-26T12:00:00,PT15M,2026-02-26T12:15Z,2026-02-26T12:00Z,189,1,5,10Y1001C--00090V,AUCTION-aFRR,B74,10YSK-SEPS-----K,EUR,A01,A01,20260226053-AFRR_P-UNIT_003-1,MWH,MAW,A01,A06,2026-02-26T12:15Z,2026-02-26T12:00Z
balancing_energy_bids,19,2026-02-26T12:00:00,PT15M,2026-02-26T12:15Z,2026-02-26T12:00Z,165,1,3,10Y1001C--00090V,AUCTION-aFRR,B74,10YSK-SEPS-----K,EUR,A01,A01,20260226053-AFRR_P-UNIT_009-1,MWH,MAW,A01,A06,2026-02-26T12:15Z,2026-02-26T12:00Z
balancing_energy_bids,20,2026-02-26T12:00:00,PT15M,2026-02-26T12:15Z,2026-02-26T12:00Z,251,1,1,10Y1001C--00090V,AUCTION-aFRR,B74,10YSK-SEPS-----K,EUR,A01,A01,20260226053-AFRR_P-UNIT_019-1,MWH,MAW,A01,A06,2026-02-26T12:15Z,2026-02-26T12:00Z
balancing_energy_bids,21,2026-02-26T12:00:00,PT15M,2026-02-26T12:15Z,2026-02-26T12:00Z,400,1,11,10Y1001C--00090V,AUCTION-aFRR,B74,10YSK-SEPS-----K,EUR,A01,A01,20260226053-AFRR_P-UNIT_028-1,MWH,MAW,A01,A06,2026-02-26T12:15Z,2026-02-26T12:00Z
balancing_energy_bids,22,2026-02-26T12:00:00,PT15M,2026-02-26T12:15Z,2026-02-26T12:00Z,90,1,1,10Y1001C--00090V,AUCTION-aFRR,B74,10YSK-SEPS-----K,EUR,A01,A01,20260226053-AFRR_P-UNIT_043-1,MWH,MAW,A01,A06,2026-02-26T12:15Z,2026-02-26T12:00Z
balancing_energy_bids,23,2026-02-26T12:00:00,PT15M,2026-02-26T12:15Z,2026-02-26T12:00Z,0,1,1,10Y1001C--00090V,AUCTION-aFRR,B74,10YSK-SEPS-----K,EUR,A01,A01,20260226053-AFRR_P-UNIT_047-1,MWH,MAW,A01,A11,2026-02-26T12:15Z,2026-02-26T12:00Z
balancing_energy_bids,24,2026-02-26T12:00:00,PT15M,2026-02-26T12:15Z,2026-02-26T12:00Z,135,1,23,10Y1001C--00090V,AUCTION-aFRR,B74,10YSK-SEPS-----K,EUR,A01,A01,20260226053-AFRR_P-UNIT_052-1,MWH,MAW,A01,A06,2026-02-26T12:15Z,2026-02-26T12:00Z
balancing_energy_bids,25,2026-02-26T12:00:00,PT15M,2026-02-26T12:15Z,2026-02-26T12:00Z,132,1,1,10Y1001C--00090V,AUCTION-aFRR,B74,10YSK-SEPS-----K,EUR,A01,A01,20260226053-AFRR_P-UNIT_058-1,MWH,MAW,A01,A11,2026-02-26T12:15Z,2026-02-26T12:00Z
balancing_energy_bids,26,2026-02-26T12:00:00,PT15M,2026-02-26T12:15Z,2026-02-26T12:00Z,599,1,10,10Y1001C--00090V,AUCTION-aFRR,B74,10YSK-SEPS-----K,EUR,A01,A01,20260226053-AFRR_P-UNIT_062-1,MWH,MAW,A01,A06,2026-02-26T12:15Z,2026-02-26T12:00Z
balancing_energy_bids,27,2026-02-26T12:00:00,PT15M,2026-02-26T12:15Z,2026-02-26T12:00Z,140,1,10,10Y1001C--00090V,AUCTION-aFRR,B74,10YSK-SEPS-----K,EUR,A01,A01,20260226053-AFRR_P-UNIT_063-1,MWH,MAW,A01,A06,2026-02-26T12:15Z,2026-02-26T12:00Z
balancing_energy_bids,28,2026-02-26T12:00:00,PT15M,2026-02-26T12:15Z,2026-02-26T12:00Z,300,1,10,10Y1001C--00090V,AUCTION-aFRR,B74,10YSK-SEPS-----K,EUR,A01,A01,20260226053-AFRR_P-UNIT_068-1,MWH,MAW,A01,A06,2026-02-26T12:15Z,2026-02-26T12:00Z
balancing_energy_bids,29,2026-02-26T12:00:00,PT15M,2026-02-26T12:15Z,2026-02-26T12:00Z,100,1,15,10Y1001C--00090V,AUCTION-aFRR,B74,10YSK-SEPS-----K,EUR,A01,A01,20260226053-AFRR_P-UNIT_069-1,MWH,MAW,A01,A06,2026-02-26T12:15Z,2026-02-26T12:00Z
balancing_energy_bids,30,2026-02-26T12:00:00,PT15M,2026-02-26T12:15Z,2026-02-26T12:00Z,85,1,7,10Y1001C--00090V,AUCTION-aFRR,B74,10YSK-SEPS-----K,EUR,A01,A01,20260226053-AFRR_P-UNIT_097-1,MWH,MAW,A01,A11,2026-02-26T12:15Z,2026-02-26T12:00Z
balancing_energy_bids,31,2026-02-26T12:00:00,PT15M,2026-02-26T12:15Z,2026-02-26T12:00Z,750,1,11,10Y1001C--00090V,AUCTION-aFRR,B74,10YSK-SEPS-----K,EUR,A01,A01,20260226053-AFRR_P-UNIT_104-1,MWH,MAW,A01,A06,2026-02-26T12:15Z,2026-02-26T12:00Z
balancing_energy_bids,32,2026-02-26T12:00:00,PT15M,2026-02-26T12:15Z,2026-02-26T12:00Z,300,1,1,10Y1001C--00090V,AUCTION-aFRR,B74,10YSK-SEPS-----K,EUR,A01,A01,20260226053-AFRR_P-UNIT_106-1,MWH,MAW,A01,A11,2026-02-26T12:15Z,2026-02-26T12:00Z
balancing_energy_bids,33,2026-02-26T12:15:00,PT15M,2026-02-26T12:30Z,2026-02-26T12:15Z,-5,1,5,10Y1001C--00090V,AUCTION-aFRR,B74,10YSK-SEPS-----K,EUR,A01,A02,20260226054-AFRR_N-UNIT_003-1,MWH,MAW,A01,A06,2026-02-26T12:30Z,2026-02-26T12:15Z
balancing_energy_bids,34,2026-02-26T12:15:00,PT15M,2026-02-26T12:30Z,2026-02-26T12:15Z,-20,1,30,10Y1001C--00090V,AUCTION-aFRR,B74,10YSK-SEPS-----K,EUR,A01,A02,20260226054-AFRR_N-UNIT_013-1,MWH,MAW,A01,A06,2026-02-26T12:30Z,2026-02-26T12:15Z
balancing_energy_bids,35,2026-02-26T12:15:00,PT15M,2026-02-26T12:30Z,2026-02-26T12:15Z,-199,1,1,10Y1001C--00090V,AUCTION-aFRR,B74,10YSK-SEPS-----K,EUR,A01,A02,20260226054-AFRR_N-UNIT_019-1,MWH,MAW,A01,A11,2026-02-26T12:30Z,2026-02-26T12:15Z
balancing_energy_bids,36,2026-02-26T12:15:00,PT15M,2026-02-26T12:30Z,2026-02-26T12:15Z,-9000,1,13,10Y1001C--00090V,AUCTION-aFRR,B74,10YSK-SEPS-----K,EUR,A01,A02,20260226054-AFRR_N-UNIT_028-1,MWH,MAW,A01,A06,2026-02-26T12:30Z,2026-02-26T12:15Z
balancing_energy_bids,37,2026-02-26T12:15:00,PT15M,2026-02-26T12:30Z,2026-02-26T12:15Z,-29,1,5,10Y1001C--00090V,AUCTION-aFRR,B74,10YSK-SEPS-----K,EUR,A01,A02,20260226054-AFRR_N-UNIT_043-1,MWH,MAW,A01,A06,2026-02-26T12:30Z,2026-02-26T12:15Z
balancing_energy_bids,38,2026-02-26T12:15:00,PT15M,2026-02-26T12:30Z,2026-02-26T12:15Z,-30,1,10,10Y1001C--00090V,AUCTION-aFRR,B74,10YSK-SEPS-----K,EUR,A01,A02,20260226054-AFRR_N-UNIT_052-1,MWH,MAW,A01,A06,2026-02-26T12:30Z,2026-02-26T12:15Z
balancing_energy_bids,39,2026-02-26T12:15:00,PT15M,2026-02-26T12:30Z,2026-02-26T12:15Z,-5,1,1,10Y1001C--00090V,AUCTION-aFRR,B74,10YSK-SEPS-----K,EUR,A01,A02,20260226054-AFRR_N-UNIT_058-1,MWH,MAW,A01,A11,2026-02-26T12:30Z,2026-02-26T12:15Z
balancing_energy_bids,40,2026-02-26T12:15:00,PT15M,2026-02-26T12:30Z,2026-02-26T12:15Z,-29,1,8,10Y1001C--00090V,AUCTION-aFRR,B74,10YSK-SEPS-----K,EUR,A01,A02,20260226054-AFRR_N-UNIT_062-1,MWH,MAW,A01,A06,2026-02-26T12:30Z,2026-02-26T12:15Z
balancing_energy_bids,41,2026-02-26T12:15:00,PT15M,2026-02-26T12:30Z,2026-02-26T12:15Z,-9000,1,4,10Y1001C--00090V,AUCTION-aFRR,B74,10YSK-SEPS-----K,EUR,A01,A02,20260226054-AFRR_N-UNIT_068-1,MWH,MAW,A01,A06,2026-02-26T12:30Z,2026-02-26T12:15Z
balancing_energy_bids,42,2026-02-26T12:15:00,PT15M,2026-02-26T12:30Z,2026-02-26T12:15Z,-500,1,15,10Y1001C--00090V,AUCTION-aFRR,B74,10YSK-SEPS-----K,EUR,A01,A02,20260226054-AFRR_N-UNIT_069-1,MWH,MAW,A01,A06,2026-02-26T12:30Z,2026-02-26T12:15Z
balancing_energy_bids,43,2026-02-26T12:15:00,PT15M,2026-02-26T12:30Z,2026-02-26T12:15Z,-249.13,1,3,10Y1001C--00090V,AUCTION-aFRR,B74,10YSK-SEPS-----K,EUR,A01,A02,20260226054-AFRR_N-UNIT_089-1,MWH,MAW,A01,A06,2026-02-26T12:30Z,2026-02-26T12:15Z
balancing_energy_bids,44,2026-02-26T12:15:00,PT15M,2026-02-26T12:30Z,2026-02-26T12:15Z,-100,1,4,10Y1001C--00090V,AUCTION-aFRR,B74,10YSK-SEPS-----K,EUR,A01,A02,20260226054-AFRR_N-UNIT_104-1,MWH,MAW,A01,A06,2026-02-26T12:30Z,2026-02-26T12:15Z
balancing_energy_bids,45,2026-02-26T12:15:00,PT15M,2026-02-26T12:30Z,2026-02-26T12:15Z,-19,1,1,10Y1001C--00090V,AUCTION-aFRR,B74,10YSK-SEPS-----K,EUR,A01,A02,20260226054-AFRR_N-UNIT_106-1,MWH,MAW,A01,A06,2026-02-26T12:30Z,2026-02-26T12:15Z
balancing_energy_bids,46,2026-02-26T12:15:00,PT15M,2026-02-26T12:30Z,2026-02-26T12:15Z,189,1,5,10Y1001C--00090V,AUCTION-aFRR,B74,10YSK-SEPS-----K,EUR,A01,A01,20260226054-AFRR_P-UNIT_003-1,MWH,MAW,A01,A06,2026-02-26T12:30Z,2026-02-26T12:15Z
balancing_energy_bids,47,2026-02-26T12:15:00,PT15M,2026-02-26T12:30Z,2026-02-26T12:15Z,165,1,3,10Y1001C--00090V,AUCTION-aFRR,B74,10YSK-SEPS-----K,EUR,A01,A01,20260226054-AFRR_P-UNIT_009-1,MWH,MAW,A01,A06,2026-02-26T12:30Z,2026-02-26T12:15Z
balancing_energy_bids,48,2026-02-26T12:15:00,PT15M,2026-02-26T12:30Z,2026-02-26T12:15Z,251,1,1,10Y1001C--00090V,AUCTION-aFRR,B74,10YSK-SEPS-----K,EUR,A01,A01,20260226054-AFRR_P-UNIT_019-1,MWH,MAW,A01,A06,2026-02-26T12:30Z,2026-02-26T12:15Z
balancing_energy_bids,49,2026-02-26T12:15:00,PT15M,2026-02-26T12:30Z,2026-02-26T12:15Z,400,1,11,10Y1001C--00090V,AUCTION-aFRR,B74,10YSK-SEPS-----K,EUR,A01,A01,20260226054-AFRR_P-UNIT_028-1,MWH,MAW,A01,A06,2026-02-26T12:30Z,2026-02-26T12:15Z
balancing_energy_bids,50,2026-02-26T12:15:00,PT15M,2026-02-26T12:30Z,2026-02-26T12:15Z,90,1,1,10Y1001C--00090V,AUCTION-aFRR,B74,10YSK-SEPS-----K,EUR,A01,A01,20260226054-AFRR_P-UNIT_043-1,MWH,MAW,A01,A06,2026-02-26T12:30Z,2026-02-26T12:15Z
balancing_energy_bids,51,2026-02-26T12:15:00,PT15M,2026-02-26T12:30Z,2026-02-26T12:15Z,0,1,1,10Y1001C--00090V,AUCTION-aFRR,B74,10YSK-SEPS-----K,EUR,A01,A01,20260226054-AFRR_P-UNIT_047-1,MWH,MAW,A01,A11,2026-02-26T12:30Z,2026-02-26T12:15Z
balancing_energy_bids,52,2026-02-26T12:15:00,PT15M,2026-02-26T12:30Z,2026-02-26T12:15Z,135,1,23,10Y1001C--00090V,AUCTION-aFRR,B74,10YSK-SEPS-----K,EUR,A01,A01,20260226054-AFRR_P-UNIT_052-1,MWH,MAW,A01,A06,2026-02-26T12:30Z,2026-02-26T12:15Z
balancing_energy_bids,53,2026-02-26T12:15:00,PT15M,2026-02-26T12:30Z,2026-02-26T12:15Z,132,1,1,10Y1001C--00090V,AUCTION-aFRR,B74,10YSK-SEPS-----K,EUR,A01,A01,20260226054-AFRR_P-UNIT_058-1,MWH,MAW,A01,A11,2026-02-26T12:30Z,2026-02-26T12:15Z
balancing_energy_bids,54,2026-02-26T12:15:00,PT15M,2026-02-26T12:30Z,2026-02-26T12:15Z,599,1,10,10Y1001C--00090V,AUCTION-aFRR,B74,10YSK-SEPS-----K,EUR,A01,A01,20260226054-AFRR_P-UNIT_062-1,MWH,MAW,A01,A06,2026-02-26T12:30Z,2026-02-26T12:15Z
balancing_energy_bids,55,2026-02-26T12:15:00,PT15M,2026-02-26T12:30Z,2026-02-26T12:15Z,140,1,10,10Y1001C--00090V,AUCTION-aFRR,B74,10YSK-SEPS-----K,EUR,A01,A01,20260226054-AFRR_P-UNIT_063-1,MWH,MAW,A01,A06,2026-02-26T12:30Z,2026-02-26T12:15Z
balancing_energy_bids,56,2026-02-26T12:15:00,PT15M,2026-02-26T12:30Z,2026-02-26T12:15Z,300,1,10,10Y1001C--00090V,AUCTION-aFRR,B74,10YSK-SEPS-----K,EUR,A01,A01,20260226054-AFRR_P-UNIT_068-1,MWH,MAW,A01,A06,2026-02-26T12:30Z,2026-02-26T12:15Z
balancing_energy_bids,57,2026-02-26T12:15:00,PT15M,2026-02-26T12:30Z,2026-02-26T12:15Z,100,1,15,10Y1001C--00090V,AUCTION-aFRR,B74,10YSK-SEPS-----K,EUR,A01,A01,20260226054-AFRR_P-UNIT_069-1,MWH,MAW,A01,A06,2026-02-26T12:30Z,2026-02-26T12:15Z
balancing_energy_bids,58,2026-02-26T12:15:00,PT15M,2026-02-26T12:30Z,2026-02-26T12:15Z,85,1,7,10Y1001C--00090V,AUCTION-aFRR,B74,10YSK-SEPS-----K,EUR,A01,A01,20260226054-AFRR_P-UNIT_097-1,MWH,MAW,A01,A11,2026-02-26T12:30Z,2026-02-26T12:15Z
balancing_energy_bids,59,2026-02-26T12:15:00,PT15M,2026-02-26T12:30Z,2026-02-26T12:15Z,750,1,11,10Y1001C--00090V,AUCTION-aFRR,B74,10YSK-SEPS-----K,EUR,A01,A01,20260226054-AFRR_P-UNIT_104-1,MWH,MAW,A01,A06,2026-02-26T12:30Z,2026-02-26T12:15Z
balancing_energy_bids,60,2026-02-26T12:15:00,PT15M,2026-02-26T12:30Z,2026-02-26T12:15Z,300,1,1,10Y1001C--00090V,AUCTION-aFRR,B74,10YSK-SEPS-----K,EUR,A01,A01,20260226054-AFRR_P-UNIT_106-1,MWH,MAW,A01,A11,2026-02-26T12:30Z,2026-02-26T12:15Z
balancing_energy_bids,61,2026-02-26T12:30:00,PT15M,2026-02-26T12:45Z,2026-02-26T12:30Z,-5,1,5,10Y1001C--00090V,AUCTION-aFRR,B74,10YSK-SEPS-----K,EUR,A01,A02,20260226055-AFRR_N-UNIT_003-1,MWH,MAW,A01,A06,2026-02-26T12:45Z,2026-02-26T12:30Z
balancing_energy_bids,62,2026-02-26T12:30:00,PT15M,2026-02-26T12:45Z,2026-02-26T12:30Z,-20,1,30,10Y1001C--00090V,AUCTION-aFRR,B74,10YSK-SEPS-----K,EUR,A01,A02,20260226055-AFRR_N-UNIT_013-1,MWH,MAW,A01,A06,2026-02-26T12:45Z,2026-02-26T12:30Z
balancing_energy_bids,63,2026-02-26T12:30:00,PT15M,2026-02-26T12:45Z,2026-02-26T12:30Z,-199,1,1,10Y1001C--00090V,AUCTION-aFRR,B74,10YSK-SEPS-----K,EUR,A01,A02,20260226055-AFRR_N-UNIT_019-1,MWH,MAW,A01,A11,2026-02-26T12:45Z,2026-02-26T12:30Z
balancing_energy_bids,64,2026-02-26T12:30:00,PT15M,2026-02-26T12:45Z,2026-02-26T12:30Z,-9000,1,13,10Y1001C--00090V,AUCTION-aFRR,B74,10YSK-SEPS-----K,EUR,A01,A02,20260226055-AFRR_N-UNIT_028-1,MWH,MAW,A01,A06,2026-02-26T12:45Z,2026-02-26T12:30Z
balancing_energy_bids,65,2026-02-26T12:30:00,PT15M,2026-02-26T12:45Z,2026-02-26T12:30Z,-29,1,5,10Y1001C--00090V,AUCTION-aFRR,B74,10YSK-SEPS-----K,EUR,A01,A02,20260226055-AFRR_N-UNIT_043-1,MWH,MAW,A01,A06,2026-02-26T12:45Z,2026-02-26T12:30Z
balancing_energy_bids,66,2026-02-26T12:30:00,PT15M,2026-02-26T12:45Z,2026-02-26T12:30Z,-30,1,10,10Y1001C--00090V,AUCTION-aFRR,B74,10YSK-SEPS-----K,EUR,A01,A02,20260226055-AFRR_N-UNIT_052-1,MWH,MAW,A01,A06,2026-02-26T12:45Z,2026-02-26T12:30Z
balancing_energy_bids,67,2026-02-26T12:30:00,PT15M,2026-02-26T12:45Z,2026-02-26T12:30Z,-5,1,1,10Y1001C--00090V,AUCTION-aFRR,B74,10YSK-SEPS-----K,EUR,A01,A02,20260226055-AFRR_N-UNIT_058-1,MWH,MAW,A01,A11,2026-02-26T12:45Z,2026-02-26T12:30Z
balancing_energy_bids,68,2026-02-26T12:30:00,PT15M,2026-02-26T12:45Z,2026-02-26T12:30Z,-29,1,8,10Y1001C--00090V,AUCTION-aFRR,B74,10YSK-SEPS-----K,EUR,A01,A02,20260226055-AFRR_N-UNIT_062-1,MWH,MAW,A01,A06,2026-02-26T12:45Z,2026-02-26T12:30Z
balancing_energy_bids,69,2026-02-26T12:30:00,PT15M,2026-02-26T12:45Z,2026-02-26T12:30Z,-9000,1,4,10Y1001C--00090V,AUCTION-aFRR,B74,10YSK-SEPS-----K,EUR,A01,A02,20260226055-AFRR_N-UNIT_068-1,MWH,MAW,A01,A06,2026-02-26T12:45Z,2026-02-26T12:30Z
balancing_energy_bids,70,2026-02-26T12:30:00,PT15M,2026-02-26T12:45Z,2026-02-26T12:30Z,-500,1,15,10Y1001C--00090V,AUCTION-aFRR,B74,10YSK-SEPS-----K,EUR,A01,A02,20260226055-AFRR_N-UNIT_069-1,MWH,MAW,A01,A06,2026-02-26T12:45Z,2026-02-26T12:30Z
balancing_energy_bids,71,2026-02-26T12:30:00,PT15M,2026-02-26T12:45Z,2026-02-26T12:30Z,-245.53,1,3,10Y1001C--00090V,AUCTION-aFRR,B74,10YSK-SEPS-----K,EUR,A01,A02,20260226055-AFRR_N-UNIT_089-1,MWH,MAW,A01,A06,2026-02-26T12:45Z,2026-02-26T12:30Z
balancing_energy_bids,72,2026-02-26T12:30:00,PT15M,2026-02-26T12:45Z,2026-02-26T12:30Z,-100,1,4,10Y1001C--00090V,AUCTION-aFRR,B74,10YSK-SEPS-----K,EUR,A01,A02,20260226055-AFRR_N-UNIT_104-1,MWH,MAW,A01,A06,2026-02-26T12:45Z,2026-02-26T12:30Z
balancing_energy_bids,73,2026-02-26T12:30:00,PT15M,2026-02-26T12:45Z,2026-02-26T12:30Z,-19,1,1,10Y1001C--00090V,AUCTION-aFRR,B74,10YSK-SEPS-----K,EUR,A01,A02,20260226055-AFRR_N-UNIT_106-1,MWH,MAW,A01,A06,2026-02-26T12:45Z,2026-02-26T12:30Z
balancing_energy_bids,74,2026-02-26T12:30:00,PT15M,2026-02-26T12:45Z,2026-02-26T12:30Z,189,1,5,10Y1001C--00090V,AUCTION-aFRR,B74,10YSK-SEPS-----K,EUR,A01,A01,20260226055-AFRR_P-UNIT_003-1,MWH,MAW,A01,A06,2026-02-26T12:45Z,2026-02-26T12:30Z
balancing_energy_bids,75,2026-02-26T12:30:00,PT15M,2026-02-26T12:45Z,2026-02-26T12:30Z,165,1,3,10Y1001C--00090V,AUCTION-aFRR,B74,10YSK-SEPS-----K,EUR,A01,A01,20260226055-AFRR_P-UNIT_009-1,MWH,MAW,A01,A06,2026-02-26T12:45Z,2026-02-26T12:30Z
balancing_energy_bids,76,2026-02-26T12:30:00,PT15M,2026-02-26T12:45Z,2026-02-26T12:30Z,251,1,1,10Y1001C--00090V,AUCTION-aFRR,B74,10YSK-SEPS-----K,EUR,A01,A01,20260226055-AFRR_P-UNIT_019-1,MWH,MAW,A01,A06,2026-02-26T12:45Z,2026-02-26T12:30Z
balancing_energy_bids,77,2026-02-26T12:30:00,PT15M,2026-02-26T12:45Z,2026-02-26T12:30Z,400,1,11,10Y1001C--00090V,AUCTION-aFRR,B74,10YSK-SEPS-----K,EUR,A01,A01,20260226055-AFRR_P-UNIT_028-1,MWH,MAW,A01,A06,2026-02-26T12:45Z,2026-02-26T12:30Z
balancing_energy_bids,78,2026-02-26T12:30:00,PT15M,2026-02-26T12:45Z,2026-02-26T12:30Z,90,1,1,10Y1001C--00090V,AUCTION-aFRR,B74,10YSK-SEPS-----K,EUR,A01,A01,20260226055-AFRR_P-UNIT_043-1,MWH,MAW,A01,A06,2026-02-26T12:45Z,2026-02-26T12:30Z
balancing_energy_bids,79,2026-02-26T12:30:00,PT15M,2026-02-26T12:45Z,2026-02-26T12:30Z,0,1,1,10Y1001C--00090V,AUCTION-aFRR,B74,10YSK-SEPS-----K,EUR,A01,A01,20260226055-AFRR_P-UNIT_047-1,MWH,MAW,A01,A11,2026-02-26T12:45Z,2026-02-26T12:30Z
balancing_energy_bids,80,2026-02-26T12:30:00,PT15M,2026-02-26T12:45Z,2026-02-26T12:30Z,135,1,23,10Y1001C--00090V,AUCTION-aFRR,B74,10YSK-SEPS-----K,EUR,A01,A01,20260226055-AFRR_P-UNIT_052-1,MWH,MAW,A01,A06,2026-02-26T12:45Z,2026-02-26T12:30Z
balancing_energy_bids,81,2026-02-26T12:30:00,PT15M,2026-02-26T12:45Z,2026-02-26T12:30Z,132,1,1,10Y1001C--00090V,AUCTION-aFRR,B74,10YSK-SEPS-----K,EUR,A01,A01,20260226055-AFRR_P-UNIT_058-1,MWH,MAW,A01,A11,2026-02-26T12:45Z,2026-02-26T12:30Z
balancing_energy_bids,82,2026-02-26T12:30:00,PT15M,2026-02-26T12:45Z,2026-02-26T12:30Z,599,1,10,10Y1001C--00090V,AUCTION-aFRR,B74,10YSK-SEPS-----K,EUR,A01,A01,20260226055-AFRR_P-UNIT_062-1,MWH,MAW,A01,A06,2026-02-26T12:45Z,2026-02-26T12:30Z
balancing_energy_bids,83,2026-02-26T12:30:00,PT15M,2026-02-26T12:45Z,2026-02-26T12:30Z,140,1,10,10Y1001C--00090V,AUCTION-aFRR,B74,10YSK-SEPS-----K,EUR,A01,A01,20260226055-AFRR_P-UNIT_063-1,MWH,MAW,A01,A06,2026-02-26T12:45Z,2026-02-26T12:30Z
balancing_energy_bids,84,2026-02-26T12:30:00,PT15M,2026-02-26T12:45Z,2026-02-26T12:30Z,300,1,10,10Y1001C--00090V,AUCTION-aFRR,B74,10YSK-SEPS-----K,EUR,A01,A01,20260226055-AFRR_P-UNIT_068-1,MWH,MAW,A01,A06,2026-02-26T12:45Z,2026-02-26T12:30Z
balancing_energy_bids,85,2026-02-26T12:30:00,PT15M,2026-02-26T12:45Z,2026-02-26T12:30Z,100,1,15,10Y1001C--00090V,AUCTION-aFRR,B74,10YSK-SEPS-----K,EUR,A01,A01,20260226055-AFRR_P-UNIT_069-1,MWH,MAW,A01,A06,2026-02-26T12:45Z,2026-02-26T12:30Z
balancing_energy_bids,86,2026-02-26T12:30:00,PT15M,2026-02-26T12:45Z,2026-02-26T12:30Z,85,1,7,10Y1001C--00090V,AUCTION-aFRR,B74,10YSK-SEPS-----K,EUR,A01,A01,20260226055-AFRR_P-UNIT_097-1,MWH,MAW,A01,A11,2026-02-26T12:45Z,2026-02-26T12:30Z
balancing_energy_bids,87,2026-02-26T12:30:00,PT15M,2026-02-26T12:45Z,2026-02-26T12:30Z,750,1,11,10Y1001C--00090V,AUCTION-aFRR,B74,10YSK-SEPS-----K,EUR,A01,A01,20260226055-AFRR_P-UNIT_104-1,MWH,MAW,A01,A06,2026-02-26T12:45Z,2026-02-26T12:30Z
balancing_energy_bids,88,2026-02-26T12:30:00,PT15M,2026-02-26T12:45Z,2026-02-26T12:30Z,300,1,1,10Y1001C--00090V,AUCTION-aFRR,B74,10YSK-SEPS-----K,EUR,A01,A01,20260226055-AFRR_P-UNIT_106-1,MWH,MAW,A01,A11,2026-02-26T12:45Z,2026-02-26T12:30Z
balancing_energy_bids,89,2026-02-26T13:00:00,PT15M,2026-02-26T13:15Z,2026-02-26T13:00Z,-5,1,5,10Y1001C--00090V,AUCTION-aFRR,B74,10YSK-SEPS-----K,EUR,A01,A02,20260226057-AFRR_N-UNIT_003-1,MWH,MAW,A01,A06,2026-02-26T13:15Z,2026-02-26T13:00Z
balancing_energy_bids,90,2026-02-26T13:00:00,PT15M,2026-02-26T13:15Z,2026-02-26T13:00Z,-20,1,30,10Y1001C--00090V,AUCTION-aFRR,B74,10YSK-SEPS-----K,EUR,A01,A02,20260226057-AFRR_N-UNIT_013-1,MWH,MAW,A01,A06,2026-02-26T13:15Z,2026-02-26T13:00Z
balancing_energy_bids,91,2026-02-26T13:00:00,PT15M,2026-02-26T13:15Z,2026-02-26T13:00Z,-199,1,1,10Y1001C--00090V,AUCTION-aFRR,B74,10YSK-SEPS-----K,EUR,A01,A02,20260226057-AFRR_N-UNIT_019-1,MWH,MAW,A01,A11,2026-02-26T13:15Z,2026-02-26T13:00Z
balancing_energy_bids,92,2026-02-26T13:00:00,PT15M,2026-02-26T13:15Z,2026-02-26T13:00Z,-9000,1,14,10Y1001C--00090V,AUCTION-aFRR,B74,10YSK-SEPS-----K,EUR,A01,A02,20260226057-AFRR_N-UNIT_028-1,MWH,MAW,A01,A06,2026-02-26T13:15Z,2026-02-26T13:00Z
balancing_energy_bids,93,2026-02-26T13:00:00,PT15M,2026-02-26T13:15Z,2026-02-26T13:00Z,-29,1,5,10Y1001C--00090V,AUCTION-aFRR,B74,10YSK-SEPS-----K,EUR,A01,A02,20260226057-AFRR_N-UNIT_043-1,MWH,MAW,A01,A06,2026-02-26T13:15Z,2026-02-26T13:00Z
balancing_energy_bids,94,2026-02-26T13:00:00,PT15M,2026-02-26T13:15Z,2026-02-26T13:00Z,-30,1,10,10Y1001C--00090V,AUCTION-aFRR,B74,10YSK-SEPS-----K,EUR,A01,A02,20260226057-AFRR_N-UNIT_052-1,MWH,MAW,A01,A06,2026-02-26T13:15Z,2026-02-26T13:00Z
balancing_energy_bids,95,2026-02-26T13:00:00,PT15M,2026-02-26T13:15Z,2026-02-26T13:00Z,-5,1,1,10Y1001C--00090V,AUCTION-aFRR,B74,10YSK-SEPS-----K,EUR,A01,A02,20260226057-AFRR_N-UNIT_058-1,MWH,MAW,A01,A11,2026-02-26T13:15Z,2026-02-26T13:00Z
balancing_energy_bids,96,2026-02-26T13:00:00,PT15M,2026-02-26T13:15Z,2026-02-26T13:00Z,-29,1,7,10Y1001C--00090V,AUCTION-aFRR,B74,10YSK-SEPS-----K,EUR,A01,A02,20260226057-AFRR_N-UNIT_062-1,MWH,MAW,A01,A06,2026-02-26T13:15Z,2026-02-26T13:00Z
balancing_energy_bids,97,2026-02-26T13:00:00,PT15M,2026-02-26T13:15Z,2026-02-26T13:00Z,-9000,1,4,10Y1001C--00090V,AUCTION-aFRR,B74,10YSK-SEPS-----K,EUR,A01,A02,20260226057-AFRR_N-UNIT_068-1,MWH,MAW,A01,A06,2026-02-26T13:15Z,2026-02-26T13:00Z
balancing_energy_bids,98,2026-02-26T13:00:00,PT15M,2026-02-26T13:15Z,2026-02-26T13:00Z,-500,1,15,10Y1001C--00090V,AUCTION-aFRR,B74,10YSK-SEPS-----K,EUR,A01,A02,20260226057-AFRR_N-UNIT_069-1,MWH,MAW,A01,A06,2026-02-26T13:15Z,2026-02-26T13:00Z
balancing_energy_bids,99,2026-02-26T13:00:00,PT15M,2026-02-26T13:15Z,2026-02-26T13:00Z,-245.06,1,3,10Y1001C--00090V,AUCTION-aFRR,B74,10YSK-SEPS-----K,EUR,A01,A02,20260226057-AFRR_N-UNIT_089-1,MWH,MAW,A01,A06,2026-02-26T13:15Z,2026-02-26T13:00Z
balancing_energy_bids,100,2026-02-26T13:00:00,PT15M,2026-02-26T13:15Z,2026-02-26T13:00Z,-100,1,4,10Y1001C--00090V,AUCTION-aFRR,B74,10YSK-SEPS-----K,EUR,A01,A02,20260226057-AFRR_N-UNIT_104-1,MWH,MAW,A01,A06,2026-02-26T13:15Z,2026-02-26T13:00Z
balancing_energy_bids,1,2026-02-26T13:00:00,PT15M,2026-02-26T13:15Z,2026-02-26T13:00Z,-19,1,1,10Y1001C--00090V,AUCTION-aFRR,B74,10YSK-SEPS-----K,EUR,A01,A02,20260226057-AFRR_N-UNIT_106-1,MWH,MAW,A01,A06,2026-02-26T13:15Z,2026-02-26T13:00Z
balancing_energy_bids,2,2026-02-26T13:00:00,PT15M,2026-02-26T13:15Z,2026-02-26T13:00Z,189,1,5,10Y1001C--00090V,AUCTION-aFRR,B74,10YSK-SEPS-----K,EUR,A01,A01,20260226057-AFRR_P-UNIT_003-1,MWH,MAW,A01,A06,2026-02-26T13:15Z,2026-02-26T13:00Z
balancing_energy_bids,3,2026-02-26T13:00:00,PT15M,2026-02-26T13:15Z,2026-02-26T13:00Z,165,1,3,10Y1001C--00090V,AUCTION-aFRR,B74,10YSK-SEPS-----K,EUR,A01,A01,20260226057-AFRR_P-UNIT_009-1,MWH,MAW,A01,A06,2026-02-26T13:15Z,2026-02-26T13:00Z
balancing_energy_bids,4,2026-02-26T13:00:00,PT15M,2026-02-26T13:15Z,2026-02-26T13:00Z,251,1,1,10Y1001C--00090V,AUCTION-aFRR,B74,10YSK-SEPS-----K,EUR,A01,A01,20260226057-AFRR_P-UNIT_019-1,MWH,MAW,A01,A06,2026-02-26T13:15Z,2026-02-26T13:00Z
balancing_energy_bids,5,2026-02-26T13:00:00,PT15M,2026-02-26T13:15Z,2026-02-26T13:00Z,50,1,11,10Y1001C--00090V,AUCTION-aFRR,B74,10YSK-SEPS-----K,EUR,A01,A01,20260226057-AFRR_P-UNIT_028-1,MWH,MAW,A01,A06,2026-02-26T13:15Z,2026-02-26T13:00Z
balancing_energy_bids,6,2026-02-26T13:00:00,PT15M,2026-02-26T13:15Z,2026-02-26T13:00Z,90,1,1,10Y1001C--00090V,AUCTION-aFRR,B74,10YSK-SEPS-----K,EUR,A01,A01,20260226057-AFRR_P-UNIT_043-1,MWH,MAW,A01,A06,2026-02-26T13:15Z,2026-02-26T13:00Z
balancing_energy_bids,7,2026-02-26T13:00:00,PT15M,2026-02-26T13:15Z,2026-02-26T13:00Z,0,1,1,10Y1001C--00090V,AUCTION-aFRR,B74,10YSK-SEPS-----K,EUR,A01,A01,20260226057-AFRR_P-UNIT_047-1,MWH,MAW,A01,A11,2026-02-26T13:15Z,2026-02-26T13:00Z
balancing_energy_bids,8,2026-02-26T13:00:00,PT15M,2026-02-26T13:15Z,2026-02-26T13:00Z,135,1,23,10Y1001C--00090V,AUCTION-aFRR,B74,10YSK-SEPS-----K,EUR,A01,A01,20260226057-AFRR_P-UNIT_052-1,MWH,MAW,A01,A06,2026-02-26T13:15Z,2026-02-26T13:00Z
balancing_energy_bids,9,2026-02-26T13:00:00,PT15M,2026-02-26T13:15Z,2026-02-26T13:00Z,132,1,1,10Y1001C--00090V,AUCTION-aFRR,B74,10YSK-SEPS-----K,EUR,A01,A01,20260226057-AFRR_P-UNIT_058-1,MWH,MAW,A01,A11,2026-02-26T13:15Z,2026-02-26T13:00Z
balancing_energy_bids,10,2026-02-26T13:00:00,PT15M,2026-02-26T13:15Z,2026-02-26T13:00Z,599,1,10,10Y1001C--00090V,AUCTION-aFRR,B74,10YSK-SEPS-----K,EUR,A01,A01,20260226057-AFRR_P-UNIT_062-1,MWH,MAW,A01,A06,2026-02-26T13:15Z,2026-02-26T13:00Z
balancing_energy_bids,11,2026-02-26T13:00:00,PT15M,2026-02-26T13:15Z,2026-02-26T13:00Z,140,1,10,10Y1001C--00090V,AUCTION-aFRR,B74,10YSK-SEPS-----K,EUR,A01,A01,20260226057-AFRR_P-UNIT_063-1,MWH,MAW,A01,A06,2026-02-26T13:15Z,2026-02-26T13:00Z
balancing_energy_bids,12,2026-02-26T13:00:00,PT15M,2026-02-26T13:15Z,2026-02-26T13:00Z,300,1,10,10Y1001C--00090V,AUCTION-aFRR,B74,10YSK-SEPS-----K,EUR,A01,A01,20260226057-AFRR_P-UNIT_068-1,MWH,MAW,A01,A06,2026-02-26T13:15Z,2026-02-26T13:00Z
balancing_energy_bids,13,2026-02-26T13:00:00,PT15M,2026-02-26T13:15Z,2026-02-26T13:00Z,100,1,15,10Y1001C--00090V,AUCTION-aFRR,B74,10YSK-SEPS-----K,EUR,A01,A01,20260226057-AFRR_P-UNIT_069-1,MWH,MAW,A01,A06,2026-02-26T13:15Z,2026-02-26T13:00Z
balancing_energy_bids,14,2026-02-26T13:00:00,PT15M,2026-02-26T13:15Z,2026-02-26T13:00Z,85,1,7,10Y1001C--00090V,AUCTION-aFRR,B74,10YSK-SEPS-----K,EUR,A01,A01,20260226057-AFRR_P-UNIT_097-1,MWH,MAW,A01,A11,2026-02-26T13:15Z,2026-02-26T13:00Z
balancing_energy_bids,15,2026-02-26T13:00:00,PT15M,2026-02-26T13:15Z,2026-02-26T13:00Z,750,1,11,10Y1001C--00090V,AUCTION-aFRR,B74,10YSK-SEPS-----K,EUR,A01,A01,20260226057-AFRR_P-UNIT_104-1,MWH,MAW,A01,A06,2026-02-26T13:15Z,2026-02-26T13:00Z
balancing_energy_bids,16,2026-02-26T13:00:00,PT15M,2026-02-26T13:15Z,2026-02-26T13:00Z,300,1,1,10Y1001C--00090V,AUCTION-aFRR,B74,10YSK-SEPS-----K,EUR,A01,A01,20260226057-AFRR_P-UNIT_106-1,MWH,MAW,A01,A11,2026-02-26T13:15Z,2026-02-26T13:00Z
balancing_energy_bids,17,2026-02-26T13:15:00,PT15M,2026-02-26T13:30Z,2026-02-26T13:15Z,-5,1,5,10Y1001C--00090V,AUCTION-aFRR,B74,10YSK-SEPS-----K,EUR,A01,A02,20260226058-AFRR_N-UNIT_003-1,MWH,MAW,A01,A06,2026-02-26T13:30Z,2026-02-26T13:15Z
balancing_energy_bids,18,2026-02-26T13:15:00,PT15M,2026-02-26T13:30Z,2026-02-26T13:15Z,-20,1,30,10Y1001C--00090V,AUCTION-aFRR,B74,10YSK-SEPS-----K,EUR,A01,A02,20260226058-AFRR_N-UNIT_013-1,MWH,MAW,A01,A06,2026-02-26T13:30Z,2026-02-26T13:15Z
balancing_energy_bids,19,2026-02-26T13:15:00,PT15M,2026-02-26T13:30Z,2026-02-26T13:15Z,-199,1,1,10Y1001C--00090V,AUCTION-aFRR,B74,10YSK-SEPS-----K,EUR,A01,A02,20260226058-AFRR_N-UNIT_019-1,MWH,MAW,A01,A11,2026-02-26T13:30Z,2026-02-26T13:15Z
balancing_energy_bids,20,2026-02-26T13:15:00,PT15M,2026-02-26T13:30Z,2026-02-26T13:15Z,-9000,1,14,10Y1001C--00090V,AUCTION-aFRR,B74,10YSK-SEPS-----K,EUR,A01,A02,20260226058-AFRR_N-UNIT_028-1,MWH,MAW,A01,A06,2026-02-26T13:30Z,2026-02-26T13:15Z
balancing_energy_bids,21,2026-02-26T13:15:00,PT15M,2026-02-26T13:30Z,2026-02-26T13:15Z,-29,1,5,10Y1001C--00090V,AUCTION-aFRR,B74,10YSK-SEPS-----K,EUR,A01,A02,20260226058-AFRR_N-UNIT_043-1,MWH,MAW,A01,A06,2026-02-26T13:30Z,2026-02-26T13:15Z
balancing_energy_bids,22,2026-02-26T13:15:00,PT15M,2026-02-26T13:30Z,2026-02-26T13:15Z,-30,1,10,10Y1001C--00090V,AUCTION-aFRR,B74,10YSK-SEPS-----K,EUR,A01,A02,20260226058-AFRR_N-UNIT_052-1,MWH,MAW,A01,A06,2026-02-26T13:30Z,2026-02-26T13:15Z
balancing_energy_bids,23,2026-02-26T13:15:00,PT15M,2026-02-26T13:30Z,2026-02-26T13:15Z,-5,1,1,10Y1001C--00090V,AUCTION-aFRR,B74,10YSK-SEPS-----K,EUR,A01,A02,20260226058-AFRR_N-UNIT_058-1,MWH,MAW,A01,A11,2026-02-26T13:30Z,2026-02-26T13:15Z
balancing_energy_bids,24,2026-02-26T13:15:00,PT15M,2026-02-26T13:30Z,2026-02-26T13:15Z,-29,1,7,10Y1001C--00090V,AUCTION-aFRR,B74,10YSK-SEPS-----K,EUR,A01,A02,20260226058-AFRR_N-UNIT_062-1,MWH,MAW,A01,A06,2026-02-26T13:30Z,2026-02-26T13:15Z
balancing_energy_bids,25,2026-02-26T13:15:00,PT15M,2026-02-26T13:30Z,2026-02-26T13:15Z,-9000,1,4,10Y1001C--00090V,AUCTION-aFRR,B74,10YSK-SEPS-----K,EUR,A01,A02,20260226058-AFRR_N-UNIT_068-1,MWH,MAW,A01,A06,2026-02-26T13:30Z,2026-02-26T13:15Z
balancing_energy_bids,26,2026-02-26T13:15:00,PT15M,2026-02-26T13:30Z,2026-02-26T13:15Z,-500,1,15,10Y1001C--00090V,AUCTION-aFRR,B74,10YSK-SEPS-----K,EUR,A01,A02,20260226058-AFRR_N-UNIT_069-1,MWH,MAW,A01,A06,2026-02-26T13:30Z,2026-02-26T13:15Z
balancing_energy_bids,27,2026-02-26T13:15:00,PT15M,2026-02-26T13:30Z,2026-02-26T13:15Z,-215.64,1,3,10Y1001C--00090V,AUCTION-aFRR,B74,10YSK-SEPS-----K,EUR,A01,A02,20260226058-AFRR_N-UNIT_089-1,MWH,MAW,A01,A06,2026-02-26T13:30Z,2026-02-26T13:15Z
balancing_energy_bids,28,2026-02-26T13:15:00,PT15M,2026-02-26T13:30Z,2026-02-26T13:15Z,-100,1,4,10Y1001C--00090V,AUCTION-aFRR,B74,10YSK-SEPS-----K,EUR,A01,A02,20260226058-AFRR_N-UNIT_104-1,MWH,MAW,A01,A06,2026-02-26T13:30Z,2026-02-26T13:15Z
balancing_energy_bids,29,2026-02-26T13:15:00,PT15M,2026-02-26T13:30Z,2026-02-26T13:15Z,-19,1,1,10Y1001C--00090V,AUCTION-aFRR,B74,10YSK-SEPS-----K,EUR,A01,A02,20260226058-AFRR_N-UNIT_106-1,MWH,MAW,A01,A06,2026-02-26T13:30Z,2026-02-26T13:15Z
balancing_energy_bids,30,2026-02-26T13:15:00,PT15M,2026-02-26T13:30Z,2026-02-26T13:15Z,189,1,5,10Y1001C--00090V,AUCTION-aFRR,B74,10YSK-SEPS-----K,EUR,A01,A01,20260226058-AFRR_P-UNIT_003-1,MWH,MAW,A01,A06,2026-02-26T13:30Z,2026-02-26T13:15Z
balancing_energy_bids,31,2026-02-26T13:15:00,PT15M,2026-02-26T13:30Z,2026-02-26T13:15Z,165,1,3,10Y1001C--00090V,AUCTION-aFRR,B74,10YSK-SEPS-----K,EUR,A01,A01,20260226058-AFRR_P-UNIT_009-1,MWH,MAW,A01,A06,2026-02-26T13:30Z,2026-02-26T13:15Z
balancing_energy_bids,32,2026-02-26T13:15:00,PT15M,2026-02-26T13:30Z,2026-02-26T13:15Z,251,1,1,10Y1001C--00090V,AUCTION-aFRR,B74,10YSK-SEPS-----K,EUR,A01,A01,20260226058-AFRR_P-UNIT_019-1,MWH,MAW,A01,A06,2026-02-26T13:30Z,2026-02-26T13:15Z
balancing_energy_bids,33,2026-02-26T13:15:00,PT15M,2026-02-26T13:30Z,2026-02-26T13:15Z,50,1,11,10Y1001C--00090V,AUCTION-aFRR,B74,10YSK-SEPS-----K,EUR,A01,A01,20260226058-AFRR_P-UNIT_028-1,MWH,MAW,A01,A06,2026-02-26T13:30Z,2026-02-26T13:15Z
balancing_energy_bids,34,2026-02-26T13:15:00,PT15M,2026-02-26T13:30Z,2026-02-26T13:15Z,90,1,1,10Y1001C--00090V,AUCTION-aFRR,B74,10YSK-SEPS-----K,EUR,A01,A01,20260226058-AFRR_P-UNIT_043-1,MWH,MAW,A01,A06,2026-02-26T13:30Z,2026-02-26T13:15Z
balancing_energy_bids,35,2026-02-26T13:15:00,PT15M,2026-02-26T13:30Z,2026-02-26T13:15Z,0,1,1,10Y1001C--00090V,AUCTION-aFRR,B74,10YSK-SEPS-----K,EUR,A01,A01,20260226058-AFRR_P-UNIT_047-1,MWH,MAW,A01,A11,2026-02-26T13:30Z,2026-02-26T13:15Z
balancing_energy_bids,36,2026-02-26T13:15:00,PT15M,2026-02-26T13:30Z,2026-02-26T13:15Z,135,1,23,10Y1001C--00090V,AUCTION-aFRR,B74,10YSK-SEPS-----K,EUR,A01,A01,20260226058-AFRR_P-UNIT_052-1,MWH,MAW,A01,A06,2026-02-26T13:30Z,2026-02-26T13:15Z
balancing_energy_bids,37,2026-02-26T13:15:00,PT15M,2026-02-26T13:30Z,2026-02-26T13:15Z,132,1,1,10Y1001C--00090V,AUCTION-aFRR,B74,10YSK-SEPS-----K,EUR,A01,A01,20260226058-AFRR_P-UNIT_058-1,MWH,MAW,A01,A11,2026-02-26T13:30Z,2026-02-26T13:15Z
balancing_energy_bids,38,2026-02-26T13:15:00,PT15M,2026-02-26T13:30Z,2026-02-26T13:15Z,599,1,10,10Y1001C--00090V,AUCTION-aFRR,B74,10YSK-SEPS-----K,EUR,A01,A01,20260226058-AFRR_P-UNIT_062-1,MWH,MAW,A01,A06,2026-02-26T13:30Z,2026-02-26T13:15Z
balancing_energy_bids,39,2026-02-26T13:15:00,PT15M,2026-02-26T13:30Z,2026-02-26T13:15Z,140,1,10,10Y1001C--00090V,AUCTION-aFRR,B74,10YSK-SEPS-----K,EUR,A01,A01,20260226058-AFRR_P-UNIT_063-1,MWH,MAW,A01,A06,2026-02-26T13:30Z,2026-02-26T13:15Z
balancing_energy_bids,40,2026-02-26T13:15:00,PT15M,2026-02-26T13:30Z,2026-02-26T13:15Z,300,1,10,10Y1001C--00090V,AUCTION-aFRR,B74,10YSK-SEPS-----K,EUR,A01,A01,20260226058-AFRR_P-UNIT_068-1,MWH,MAW,A01,A06,2026-02-26T13:30Z,2026-02-26T13:15Z
balancing_energy_bids,41,2026-02-26T13:15:00,PT15M,2026-02-26T13:30Z,2026-02-26T13:15Z,100,1,15,10Y1001C--00090V,AUCTION-aFRR,B74,10YSK-SEPS-----K,EUR,A01,A01,20260226058-AFRR_P-UNIT_069-1,MWH,MAW,A01,A06,2026-02-26T13:30Z,2026-02-26T13:15Z
balancing_energy_bids,42,2026-02-26T13:15:00,PT15M,2026-02-26T13:30Z,2026-02-26T13:15Z,85,1,7,10Y1001C--00090V,AUCTION-aFRR,B74,10YSK-SEPS-----K,EUR,A01,A01,20260226058-AFRR_P-UNIT_097-1,MWH,MAW,A01,A11,2026-02-26T13:30Z,2026-02-26T13:15Z
balancing_energy_bids,43,2026-02-26T13:15:00,PT15M,2026-02-26T13:30Z,2026-02-26T13:15Z,750,1,11,10Y1001C--00090V,AUCTION-aFRR,B74,10YSK-SEPS-----K,EUR,A01,A01,20260226058-AFRR_P-UNIT_104-1,MWH,MAW,A01,A06,2026-02-26T13:30Z,2026-02-26T13:15Z
balancing_energy_bids,44,2026-02-26T13:15:00,PT15M,2026-02-26T13:30Z,2026-02-26T13:15Z,300,1,1,10Y1001C--00090V,AUCTION-aFRR,B74,10YSK-SEPS-----K,EUR,A01,A01,20260226058-AFRR_P-UNIT_106-1,MWH,MAW,A01,A11,2026-02-26T13:30Z,2026-02-26T13:15Z
balancing_energy_bids,45,2026-02-26T13:30:00,PT15M,2026-02-26T13:45Z,2026-02-26T13:30Z,-5,1,5,10Y1001C--00090V,AUCTION-aFRR,B74,10YSK-SEPS-----K,EUR,A01,A02,20260226059-AFRR_N-UNIT_003-1,MWH,MAW,A01,A06,2026-02-26T13:45Z,2026-02-26T13:30Z
balancing_energy_bids,46,2026-02-26T13:30:00,PT15M,2026-02-26T13:45Z,2026-02-26T13:30Z,-20,1,30,10Y1001C--00090V,AUCTION-aFRR,B74,10YSK-SEPS-----K,EUR,A01,A02,20260226059-AFRR_N-UNIT_013-1,MWH,MAW,A01,A06,2026-02-26T13:45Z,2026-02-26T13:30Z
balancing_energy_bids,47,2026-02-26T13:30:00,PT15M,2026-02-26T13:45Z,2026-02-26T13:30Z,-199,1,1,10Y1001C--00090V,AUCTION-aFRR,B74,10YSK-SEPS-----K,EUR,A01,A02,20260226059-AFRR_N-UNIT_019-1,MWH,MAW,A01,A11,2026-02-26T13:45Z,2026-02-26T13:30Z
balancing_energy_bids,48,2026-02-26T13:30:00,PT15M,2026-02-26T13:45Z,2026-02-26T13:30Z,-9000,1,14,10Y1001C--00090V,AUCTION-aFRR,B74,10YSK-SEPS-----K,EUR,A01,A02,20260226059-AFRR_N-UNIT_028-1,MWH,MAW,A01,A06,2026-02-26T13:45Z,2026-02-26T13:30Z
balancing_energy_bids,49,2026-02-26T13:30:00,PT15M,2026-02-26T13:45Z,2026-02-26T13:30Z,10,1,5,10Y1001C--00090V,AUCTION-aFRR,B74,10YSK-SEPS-----K,EUR,A01,A02,20260226059-AFRR_N-UNIT_043-1,MWH,MAW,A01,A06,2026-02-26T13:45Z,2026-02-26T13:30Z
balancing_energy_bids,50,2026-02-26T13:30:00,PT15M,2026-02-26T13:45Z,2026-02-26T13:30Z,-30,1,10,10Y1001C--00090V,AUCTION-aFRR,B74,10YSK-SEPS-----K,EUR,A01,A02,20260226059-AFRR_N-UNIT_052-1,MWH,MAW,A01,A06,2026-02-26T13:45Z,2026-02-26T13:30Z
balancing_energy_bids,51,2026-02-26T13:30:00,PT15M,2026-02-26T13:45Z,2026-02-26T13:30Z,-5,1,1,10Y1001C--00090V,AUCTION-aFRR,B74,10YSK-SEPS-----K,EUR,A01,A02,20260226059-AFRR_N-UNIT_058-1,MWH,MAW,A01,A11,2026-02-26T13:45Z,2026-02-26T13:30Z
balancing_energy_bids,52,2026-02-26T13:30:00,PT15M,2026-02-26T13:45Z,2026-02-26T13:30Z,-29,1,7,10Y1001C--00090V,AUCTION-aFRR,B74,10YSK-SEPS-----K,EUR,A01,A02,20260226059-AFRR_N-UNIT_062-1,MWH,MAW,A01,A06,2026-02-26T13:45Z,2026-02-26T13:30Z
balancing_energy_bids,53,2026-02-26T13:30:00,PT15M,2026-02-26T13:45Z,2026-02-26T13:30Z,-9000,1,4,10Y1001C--00090V,AUCTION-aFRR,B74,10YSK-SEPS-----K,EUR,A01,A02,20260226059-AFRR_N-UNIT_068-1,MWH,MAW,A01,A06,2026-02-26T13:45Z,2026-02-26T13:30Z
balancing_energy_bids,54,2026-02-26T13:30:00,PT15M,2026-02-26T13:45Z,2026-02-26T13:30Z,-500,1,15,10Y1001C--00090V,AUCTION-aFRR,B74,10YSK-SEPS-----K,EUR,A01,A02,20260226059-AFRR_N-UNIT_069-1,MWH,MAW,A01,A06,2026-02-26T13:45Z,2026-02-26T13:30Z
balancing_energy_bids,55,2026-02-26T13:30:00,PT15M,2026-02-26T13:45Z,2026-02-26T13:30Z,-197.69,1,3,10Y1001C--00090V,AUCTION-aFRR,B74,10YSK-SEPS-----K,EUR,A01,A02,20260226059-AFRR_N-UNIT_089-1,MWH,MAW,A01,A06,2026-02-26T13:45Z,2026-02-26T13:30Z
balancing_energy_bids,56,2026-02-26T13:30:00,PT15M,2026-02-26T13:45Z,2026-02-26T13:30Z,-100,1,4,10Y1001C--00090V,AUCTION-aFRR,B74,10YSK-SEPS-----K,EUR,A01,A02,20260226059-AFRR_N-UNIT_104-1,MWH,MAW,A01,A06,2026-02-26T13:45Z,2026-02-26T13:30Z
balancing_energy_bids,57,2026-02-26T13:30:00,PT15M,2026-02-26T13:45Z,2026-02-26T13:30Z,-19,1,1,10Y1001C--00090V,AUCTION-aFRR,B74,10YSK-SEPS-----K,EUR,A01,A02,20260226059-AFRR_N-UNIT_106-1,MWH,MAW,A01,A06,2026-02-26T13:45Z,2026-02-26T13:30Z
balancing_energy_bids,58,2026-02-26T13:30:00,PT15M,2026-02-26T13:45Z,2026-02-26T13:30Z,189,1,5,10Y1001C--00090V,AUCTION-aFRR,B74,10YSK-SEPS-----K,EUR,A01,A01,20260226059-AFRR_P-UNIT_003-1,MWH,MAW,A01,A06,2026-02-26T13:45Z,2026-02-26T13:30Z
balancing_energy_bids,59,2026-02-26T13:30:00,PT15M,2026-02-26T13:45Z,2026-02-26T13:30Z,165,1,3,10Y1001C--00090V,AUCTION-aFRR,B74,10YSK-SEPS-----K,EUR,A01,A01,20260226059-AFRR_P-UNIT_009-1,MWH,MAW,A01,A06,2026-02-26T13:45Z,2026-02-26T13:30Z
balancing_energy_bids,60,2026-02-26T13:30:00,PT15M,2026-02-26T13:45Z,2026-02-26T13:30Z,251,1,1,10Y1001C--00090V,AUCTION-aFRR,B74,10YSK-SEPS-----K,EUR,A01,A01,20260226059-AFRR_P-UNIT_019-1,MWH,MAW,A01,A06,2026-02-26T13:45Z,2026-02-26T13:30Z
balancing_energy_bids,61,2026-02-26T13:30:00,PT15M,2026-02-26T13:45Z,2026-02-26T13:30Z,50,1,11,10Y1001C--00090V,AUCTION-aFRR,B74,10YSK-SEPS-----K,EUR,A01,A01,20260226059-AFRR_P-UNIT_028-1,MWH,MAW,A01,A06,2026-02-26T13:45Z,2026-02-26T13:30Z
balancing_energy_bids,62,2026-02-26T13:30:00,PT15M,2026-02-26T13:45Z,2026-02-26T13:30Z,90,1,1,10Y1001C--00090V,AUCTION-aFRR,B74,10YSK-SEPS-----K,EUR,A01,A01,20260226059-AFRR_P-UNIT_043-1,MWH,MAW,A01,A06,2026-02-26T13:45Z,2026-02-26T13:30Z
balancing_energy_bids,63,2026-02-26T13:30:00,PT15M,2026-02-26T13:45Z,2026-02-26T13:30Z,0,1,1,10Y1001C--00090V,AUCTION-aFRR,B74,10YSK-SEPS-----K,EUR,A01,A01,20260226059-AFRR_P-UNIT_047-1,MWH,MAW,A01,A11,2026-02-26T13:45Z,2026-02-26T13:30Z
balancing_energy_bids,64,2026-02-26T13:30:00,PT15M,2026-02-26T13:45Z,2026-02-26T13:30Z,135,1,23,10Y1001C--00090V,AUCTION-aFRR,B74,10YSK-SEPS-----K,EUR,A01,A01,20260226059-AFRR_P-UNIT_052-1,MWH,MAW,A01,A06,2026-02-26T13:45Z,2026-02-26T13:30Z
balancing_energy_bids,65,2026-02-26T13:30:00,PT15M,2026-02-26T13:45Z,2026-02-26T13:30Z,132,1,1,10Y1001C--00090V,AUCTION-aFRR,B74,10YSK-SEPS-----K,EUR,A01,A01,20260226059-AFRR_P-UNIT_058-1,MWH,MAW,A01,A11,2026-02-26T13:45Z,2026-02-26T13:30Z
balancing_energy_bids,66,2026-02-26T13:30:00,PT15M,2026-02-26T13:45Z,2026-02-26T13:30Z,599,1,10,10Y1001C--00090V,AUCTION-aFRR,B74,10YSK-SEPS-----K,EUR,A01,A01,20260226059-AFRR_P-UNIT_062-1,MWH,MAW,A01,A06,2026-02-26T13:45Z,2026-02-26T13:30Z
balancing_energy_bids,67,2026-02-26T13:30:00,PT15M,2026-02-26T13:45Z,2026-02-26T13:30Z,140,1,10,10Y1001C--00090V,AUCTION-aFRR,B74,10YSK-SEPS-----K,EUR,A01,A01,20260226059-AFRR_P-UNIT_063-1,MWH,MAW,A01,A06,2026-02-26T13:45Z,2026-02-26T13:30Z
balancing_energy_bids,68,2026-02-26T13:30:00,PT15M,2026-02-26T13:45Z,2026-02-26T13:30Z,300,1,10,10Y1001C--00090V,AUCTION-aFRR,B74,10YSK-SEPS-----K,EUR,A01,A01,20260226059-AFRR_P-UNIT_068-1,MWH,MAW,A01,A06,2026-02-26T13:45Z,2026-02-26T13:30Z
balancing_energy_bids,69,2026-02-26T13:30:00,PT15M,2026-02-26T13:45Z,2026-02-26T13:30Z,100,1,15,10Y1001C--00090V,AUCTION-aFRR,B74,10YSK-SEPS-----K,EUR,A01,A01,20260226059-AFRR_P-UNIT_069-1,MWH,MAW,A01,A06,2026-02-26T13:45Z,2026-02-26T13:30Z
balancing_energy_bids,70,2026-02-26T13:30:00,PT15M,2026-02-26T13:45Z,2026-02-26T13:30Z,85,1,7,10Y1001C--00090V,AUCTION-aFRR,B74,10YSK-SEPS-----K,EUR,A01,A01,20260226059-AFRR_P-UNIT_097-1,MWH,MAW,A01,A11,2026-02-26T13:45Z,2026-02-26T13:30Z
balancing_energy_bids,71,2026-02-26T13:30:00,PT15M,2026-02-26T13:45Z,2026-02-26T13:30Z,750,1,11,10Y1001C--00090V,AUCTION-aFRR,B74,10YSK-SEPS-----K,EUR,A01,A01,20260226059-AFRR_P-UNIT_104-1,MWH,MAW,A01,A06,2026-02-26T13:45Z,2026-02-26T13:30Z
balancing_energy_bids,72,2026-02-26T13:30:00,PT15M,2026-02-26T13:45Z,2026-02-26T13:30Z,300,1,1,10Y1001C--00090V,AUCTION-aFRR,B74,10YSK-SEPS-----K,EUR,A01,A01,20260226059-AFRR_P-UNIT_106-1,MWH,MAW,A01,A11,2026-02-26T13:45Z,2026-02-26T13:30Z
balancing_energy_bids,73,2026-02-26T14:15:00,PT15M,2026-02-26T14:30Z,2026-02-26T14:15Z,-5,1,5,10Y1001C--00090V,AUCTION-aFRR,B74,10YSK-SEPS-----K,EUR,A01,A02,20260226062-AFRR_N-UNIT_003-1,MWH,MAW,A01,A06,2026-02-26T14:30Z,2026-02-26T14:15Z
balancing_energy_bids,74,2026-02-26T14:15:00,PT15M,2026-02-26T14:30Z,2026-02-26T14:15Z,-20,1,30,10Y1001C--00090V,AUCTION-aFRR,B74,10YSK-SEPS-----K,EUR,A01,A02,20260226062-AFRR_N-UNIT_013-1,MWH,MAW,A01,A06,2026-02-26T14:30Z,2026-02-26T14:15Z
balancing_energy_bids,75,2026-02-26T14:15:00,PT15M,2026-02-26T14:30Z,2026-02-26T14:15Z,-199,1,1,10Y1001C--00090V,AUCTION-aFRR,B74,10YSK-SEPS-----K,EUR,A01,A02,20260226062-AFRR_N-UNIT_019-1,MWH,MAW,A01,A11,2026-02-26T14:30Z,2026-02-26T14:15Z
balancing_energy_bids,76,2026-02-26T14:15:00,PT15M,2026-02-26T14:30Z,2026-02-26T14:15Z,-500,1,10,10Y1001C--00090V,AUCTION-aFRR,B74,10YSK-SEPS-----K,EUR,A01,A02,20260226062-AFRR_N-UNIT_028-1,MWH,MAW,A01,A06,2026-02-26T14:30Z,2026-02-26T14:15Z
balancing_energy_bids,77,2026-02-26T14:15:00,PT15M,2026-02-26T14:30Z,2026-02-26T14:15Z,10,1,5,10Y1001C--00090V,AUCTION-aFRR,B74,10YSK-SEPS-----K,EUR,A01,A02,20260226062-AFRR_N-UNIT_043-1,MWH,MAW,A01,A06,2026-02-26T14:30Z,2026-02-26T14:15Z
balancing_energy_bids,78,2026-02-26T14:15:00,PT15M,2026-02-26T14:30Z,2026-02-26T14:15Z,-30,1,10,10Y1001C--00090V,AUCTION-aFRR,B74,10YSK-SEPS-----K,EUR,A01,A02,20260226062-AFRR_N-UNIT_052-1,MWH,MAW,A01,A06,2026-02-26T14:30Z,2026-02-26T14:15Z
balancing_energy_bids,79,2026-02-26T14:15:00,PT15M,2026-02-26T14:30Z,2026-02-26T14:15Z,-5,1,1,10Y1001C--00090V,AUCTION-aFRR,B74,10YSK-SEPS-----K,EUR,A01,A02,20260226062-AFRR_N-UNIT_058-1,MWH,MAW,A01,A11,2026-02-26T14:30Z,2026-02-26T14:15Z
balancing_energy_bids,80,2026-02-26T14:15:00,PT15M,2026-02-26T14:30Z,2026-02-26T14:15Z,-29,1,15,10Y1001C--00090V,AUCTION-aFRR,B74,10YSK-SEPS-----K,EUR,A01,A02,20260226062-AFRR_N-UNIT_062-1,MWH,MAW,A01,A06,2026-02-26T14:30Z,2026-02-26T14:15Z
balancing_energy_bids,81,2026-02-26T14:15:00,PT15M,2026-02-26T14:30Z,2026-02-26T14:15Z,-500,1,4,10Y1001C--00090V,AUCTION-aFRR,B74,10YSK-SEPS-----K,EUR,A01,A02,20260226062-AFRR_N-UNIT_068-1,MWH,MAW,A01,A06,2026-02-26T14:30Z,2026-02-26T14:15Z
balancing_energy_bids,82,2026-02-26T14:15:00,PT15M,2026-02-26T14:30Z,2026-02-26T14:15Z,-500,1,15,10Y1001C--00090V,AUCTION-aFRR,B74,10YSK-SEPS-----K,EUR,A01,A02,20260226062-AFRR_N-UNIT_069-1,MWH,MAW,A01,A06,2026-02-26T14:30Z,2026-02-26T14:15Z
balancing_energy_bids,83,2026-02-26T14:15:00,PT15M,2026-02-26T14:30Z,2026-02-26T14:15Z,-187.06,1,3,10Y1001C--00090V,AUCTION-aFRR,B74,10YSK-SEPS-----K,EUR,A01,A02,20260226062-AFRR_N-UNIT_089-1,MWH,MAW,A01,A06,2026-02-26T14:30Z,2026-02-26T14:15Z
balancing_energy_bids,84,2026-02-26T14:15:00,PT15M,2026-02-26T14:30Z,2026-02-26T14:15Z,0,1,7,10Y1001C--00090V,AUCTION-aFRR,B74,10YSK-SEPS-----K,EUR,A01,A02,20260226062-AFRR_N-UNIT_097-1,MWH,MAW,A01,A06,2026-02-26T14:30Z,2026-02-26T14:15Z
balancing_energy_bids,85,2026-02-26T14:15:00,PT15M,2026-02-26T14:30Z,2026-02-26T14:15Z,-100,1,4,10Y1001C--00090V,AUCTION-aFRR,B74,10YSK-SEPS-----K,EUR,A01,A02,20260226062-AFRR_N-UNIT_104-1,MWH,MAW,A01,A06,2026-02-26T14:30Z,2026-02-26T14:15Z
balancing_energy_bids,86,2026-02-26T14:15:00,PT15M,2026-02-26T14:30Z,2026-02-26T14:15Z,-19,1,1,10Y1001C--00090V,AUCTION-aFRR,B74,10YSK-SEPS-----K,EUR,A01,A02,20260226062-AFRR_N-UNIT_106-1,MWH,MAW,A01,A06,2026-02-26T14:30Z,2026-02-26T14:15Z
balancing_energy_bids,87,2026-02-26T14:15:00,PT15M,2026-02-26T14:30Z,2026-02-26T14:15Z,189,1,5,10Y1001C--00090V,AUCTION-aFRR,B74,10YSK-SEPS-----K,EUR,A01,A01,20260226062-AFRR_P-UNIT_003-1,MWH,MAW,A01,A06,2026-02-26T14:30Z,2026-02-26T14:15Z
balancing_energy_bids,88,2026-02-26T14:15:00,PT15M,2026-02-26T14:30Z,2026-02-26T14:15Z,165,1,3,10Y1001C--00090V,AUCTION-aFRR,B74,10YSK-SEPS-----K,EUR,A01,A01,20260226062-AFRR_P-UNIT_009-1,MWH,MAW,A01,A06,2026-02-26T14:30Z,2026-02-26T14:15Z
balancing_energy_bids,89,2026-02-26T14:15:00,PT15M,2026-02-26T14:30Z,2026-02-26T14:15Z,251,1,1,10Y1001C--00090V,AUCTION-aFRR,B74,10YSK-SEPS-----K,EUR,A01,A01,20260226062-AFRR_P-UNIT_019-1,MWH,MAW,A01,A06,2026-02-26T14:30Z,2026-02-26T14:15Z
balancing_energy_bids,90,2026-02-26T14:15:00,PT15M,2026-02-26T14:30Z,2026-02-26T14:15Z,50,1,11,10Y1001C--00090V,AUCTION-aFRR,B74,10YSK-SEPS-----K,EUR,A01,A01,20260226062-AFRR_P-UNIT_028-1,MWH,MAW,A01,A06,2026-02-26T14:30Z,2026-02-26T14:15Z
balancing_energy_bids,91,2026-02-26T14:15:00,PT15M,2026-02-26T14:30Z,2026-02-26T14:15Z,90,1,1,10Y1001C--00090V,AUCTION-aFRR,B74,10YSK-SEPS-----K,EUR,A01,A01,20260226062-AFRR_P-UNIT_043-1,MWH,MAW,A01,A06,2026-02-26T14:30Z,2026-02-26T14:15Z
balancing_energy_bids,92,2026-02-26T14:15:00,PT15M,2026-02-26T14:30Z,2026-02-26T14:15Z,0,1,1,10Y1001C--00090V,AUCTION-aFRR,B74,10YSK-SEPS-----K,EUR,A01,A01,20260226062-AFRR_P-UNIT_047-1,MWH,MAW,A01,A11,2026-02-26T14:30Z,2026-02-26T14:15Z
balancing_energy_bids,93,2026-02-26T14:15:00,PT15M,2026-02-26T14:30Z,2026-02-26T14:15Z,140,1,23,10Y1001C--00090V,AUCTION-aFRR,B74,10YSK-SEPS-----K,EUR,A01,A01,20260226062-AFRR_P-UNIT_052-1,MWH,MAW,A01,A06,2026-02-26T14:30Z,2026-02-26T14:15Z
balancing_energy_bids,94,2026-02-26T14:15:00,PT15M,2026-02-26T14:30Z,2026-02-26T14:15Z,132,1,1,10Y1001C--00090V,AUCTION-aFRR,B74,10YSK-SEPS-----K,EUR,A01,A01,20260226062-AFRR_P-UNIT_058-1,MWH,MAW,A01,A11,2026-02-26T14:30Z,2026-02-26T14:15Z
balancing_energy_bids,95,2026-02-26T14:15:00,PT15M,2026-02-26T14:30Z,2026-02-26T14:15Z,599,1,10,10Y1001C--00090V,AUCTION-aFRR,B74,10YSK-SEPS-----K,EUR,A01,A01,20260226062-AFRR_P-UNIT_062-1,MWH,MAW,A01,A06,2026-02-26T14:30Z,2026-02-26T14:15Z
balancing_energy_bids,96,2026-02-26T14:15:00,PT15M,2026-02-26T14:30Z,2026-02-26T14:15Z,140,1,10,10Y1001C--00090V,AUCTION-aFRR,B74,10YSK-SEPS-----K,EUR,A01,A01,20260226062-AFRR_P-UNIT_063-1,MWH,MAW,A01,A06,2026-02-26T14:30Z,2026-02-26T14:15Z
balancing_energy_bids,97,2026-02-26T14:15:00,PT15M,2026-02-26T14:30Z,2026-02-26T14:15Z,300,1,10,10Y1001C--00090V,AUCTION-aFRR,B74,10YSK-SEPS-----K,EUR,A01,A01,20260226062-AFRR_P-UNIT_068-1,MWH,MAW,A01,A06,2026-02-26T14:30Z,2026-02-26T14:15Z
balancing_energy_bids,98,2026-02-26T14:15:00,PT15M,2026-02-26T14:30Z,2026-02-26T14:15Z,100,1,15,10Y1001C--00090V,AUCTION-aFRR,B74,10YSK-SEPS-----K,EUR,A01,A01,20260226062-AFRR_P-UNIT_069-1,MWH,MAW,A01,A06,2026-02-26T14:30Z,2026-02-26T14:15Z
balancing_energy_bids,99,2026-02-26T14:15:00,PT15M,2026-02-26T14:30Z,2026-02-26T14:15Z,750,1,11,10Y1001C--00090V,AUCTION-aFRR,B74,10YSK-SEPS-----K,EUR,A01,A01,20260226062-AFRR_P-UNIT_104-1,MWH,MAW,A01,A06,2026-02-26T14:30Z,2026-02-26T14:15Z
balancing_energy_bids,100,2026-02-26T14:15:00,PT15M,2026-02-26T14:30Z,2026-02-26T14:15Z,300,1,1,10Y1001C--00090V,AUCTION-aFRR,B74,10YSK-SEPS-----K,EUR,A01,A01,20260226062-AFRR_P-UNIT_106-1,MWH,MAW,A01,A11,2026-02-26T14:30Z,2026-02-26T14:15Z
balancing_energy_bids,1,2026-02-26T14:30:00,PT15M,2026-02-26T14:45Z,2026-02-26T14:30Z,-5,1,5,10Y1001C--00090V,AUCTION-aFRR,B74,10YSK-SEPS-----K,EUR,A01,A02,20260226063-AFRR_N-UNIT_003-1,MWH,MAW,A01,A06,2026-02-26T14:45Z,2026-02-26T14:30Z
balancing_energy_bids,2,2026-02-26T14:30:00,PT15M,2026-02-26T14:45Z,2026-02-26T14:30Z,-20,1,30,10Y1001C--00090V,AUCTION-aFRR,B74,10YSK-SEPS-----K,EUR,A01,A02,20260226063-AFRR_N-UNIT_013-1,MWH,MAW,A01,A06,2026-02-26T14:45Z,2026-02-26T14:30Z
balancing_energy_bids,3,2026-02-26T14:30:00,PT15M,2026-02-26T14:45Z,2026-02-26T14:30Z,-199,1,1,10Y1001C--00090V,AUCTION-aFRR,B74,10YSK-SEPS-----K,EUR,A01,A02,20260226063-AFRR_N-UNIT_019-1,MWH,MAW,A01,A11,2026-02-26T14:45Z,2026-02-26T14:30Z
balancing_energy_bids,4,2026-02-26T14:30:00,PT15M,2026-02-26T14:45Z,2026-02-26T14:30Z,-350,1,10,10Y1001C--00090V,AUCTION-aFRR,B74,10YSK-SEPS-----K,EUR,A01,A02,20260226063-AFRR_N-UNIT_028-1,MWH,MAW,A01,A06,2026-02-26T14:45Z,2026-02-26T14:30Z
balancing_energy_bids,5,2026-02-26T14:30:00,PT15M,2026-02-26T14:45Z,2026-02-26T14:30Z,10,1,5,10Y1001C--00090V,AUCTION-aFRR,B74,10YSK-SEPS-----K,EUR,A01,A02,20260226063-AFRR_N-UNIT_043-1,MWH,MAW,A01,A06,2026-02-26T14:45Z,2026-02-26T14:30Z
balancing_energy_bids,6,2026-02-26T14:30:00,PT15M,2026-02-26T14:45Z,2026-02-26T14:30Z,-30,1,10,10Y1001C--00090V,AUCTION-aFRR,B74,10YSK-SEPS-----K,EUR,A01,A02,20260226063-AFRR_N-UNIT_052-1,MWH,MAW,A01,A06,2026-02-26T14:45Z,2026-02-26T14:30Z
balancing_energy_bids,7,2026-02-26T14:30:00,PT15M,2026-02-26T14:45Z,2026-02-26T14:30Z,-5,1,1,10Y1001C--00090V,AUCTION-aFRR,B74,10YSK-SEPS-----K,EUR,A01,A02,20260226063-AFRR_N-UNIT_058-1,MWH,MAW,A01,A11,2026-02-26T14:45Z,2026-02-26T14:30Z
balancing_energy_bids,8,2026-02-26T14:30:00,PT15M,2026-02-26T14:45Z,2026-02-26T14:30Z,-29,1,15,10Y1001C--00090V,AUCTION-aFRR,B74,10YSK-SEPS-----K,EUR,A01,A02,20260226063-AFRR_N-UNIT_062-1,MWH,MAW,A01,A06,2026-02-26T14:45Z,2026-02-26T14:30Z
balancing_energy_bids,9,2026-02-26T14:30:00,PT15M,2026-02-26T14:45Z,2026-02-26T14:30Z,-350,1,4,10Y1001C--00090V,AUCTION-aFRR,B74,10YSK-SEPS-----K,EUR,A01,A02,20260226063-AFRR_N-UNIT_068-1,MWH,MAW,A01,A06,2026-02-26T14:45Z,2026-02-26T14:30Z
balancing_energy_bids,10,2026-02-26T14:30:00,PT15M,2026-02-26T14:45Z,2026-02-26T14:30Z,-500,1,15,10Y1001C--00090V,AUCTION-aFRR,B74,10YSK-SEPS-----K,EUR,A01,A02,20260226063-AFRR_N-UNIT_069-1,MWH,MAW,A01,A06,2026-02-26T14:45Z,2026-02-26T14:30Z
balancing_energy_bids,11,2026-02-26T14:30:00,PT15M,2026-02-26T14:45Z,2026-02-26T14:30Z,-178.75,1,3,10Y1001C--00090V,AUCTION-aFRR,B74,10YSK-SEPS-----K,EUR,A01,A02,20260226063-AFRR_N-UNIT_089-1,MWH,MAW,A01,A06,2026-02-26T14:45Z,2026-02-26T14:30Z
balancing_energy_bids,12,2026-02-26T14:30:00,PT15M,2026-02-26T14:45Z,2026-02-26T14:30Z,0,1,7,10Y1001C--00090V,AUCTION-aFRR,B74,10YSK-SEPS-----K,EUR,A01,A02,20260226063-AFRR_N-UNIT_097-1,MWH,MAW,A01,A06,2026-02-26T14:45Z,2026-02-26T14:30Z
balancing_energy_bids,13,2026-02-26T14:30:00,PT15M,2026-02-26T14:45Z,2026-02-26T14:30Z,-100,1,4,10Y1001C--00090V,AUCTION-aFRR,B74,10YSK-SEPS-----K,EUR,A01,A02,20260226063-AFRR_N-UNIT_104-1,MWH,MAW,A01,A06,2026-02-26T14:45Z,2026-02-26T14:30Z
balancing_energy_bids,14,2026-02-26T14:30:00,PT15M,2026-02-26T14:45Z,2026-02-26T14:30Z,-19,1,1,10Y1001C--00090V,AUCTION-aFRR,B74,10YSK-SEPS-----K,EUR,A01,A02,20260226063-AFRR_N-UNIT_106-1,MWH,MAW,A01,A06,2026-02-26T14:45Z,2026-02-26T14:30Z
balancing_energy_bids,15,2026-02-26T14:30:00,PT15M,2026-02-26T14:45Z,2026-02-26T14:30Z,189,1,5,10Y1001C--00090V,AUCTION-aFRR,B74,10YSK-SEPS-----K,EUR,A01,A01,20260226063-AFRR_P-UNIT_003-1,MWH,MAW,A01,A06,2026-02-26T14:45Z,2026-02-26T14:30Z
balancing_energy_bids,16,2026-02-26T14:30:00,PT15M,2026-02-26T14:45Z,2026-02-26T14:30Z,165,1,3,10Y1001C--00090V,AUCTION-aFRR,B74,10YSK-SEPS-----K,EUR,A01,A01,20260226063-AFRR_P-UNIT_009-1,MWH,MAW,A01,A06,2026-02-26T14:45Z,2026-02-26T14:30Z
balancing_energy_bids,17,2026-02-26T14:30:00,PT15M,2026-02-26T14:45Z,2026-02-26T14:30Z,251,1,1,10Y1001C--00090V,AUCTION-aFRR,B74,10YSK-SEPS-----K,EUR,A01,A01,20260226063-AFRR_P-UNIT_019-1,MWH,MAW,A01,A06,2026-02-26T14:45Z,2026-02-26T14:30Z
balancing_energy_bids,18,2026-02-26T14:30:00,PT15M,2026-02-26T14:45Z,2026-02-26T14:30Z,50,1,11,10Y1001C--00090V,AUCTION-aFRR,B74,10YSK-SEPS-----K,EUR,A01,A01,20260226063-AFRR_P-UNIT_028-1,MWH,MAW,A01,A06,2026-02-26T14:45Z,2026-02-26T14:30Z
balancing_energy_bids,19,2026-02-26T14:30:00,PT15M,2026-02-26T14:45Z,2026-02-26T14:30Z,101,1,1,10Y1001C--00090V,AUCTION-aFRR,B74,10YSK-SEPS-----K,EUR,A01,A01,20260226063-AFRR_P-UNIT_043-1,MWH,MAW,A01,A06,2026-02-26T14:45Z,2026-02-26T14:30Z
balancing_energy_bids,20,2026-02-26T14:30:00,PT15M,2026-02-26T14:45Z,2026-02-26T14:30Z,0,1,1,10Y1001C--00090V,AUCTION-aFRR,B74,10YSK-SEPS-----K,EUR,A01,A01,20260226063-AFRR_P-UNIT_047-1,MWH,MAW,A01,A11,2026-02-26T14:45Z,2026-02-26T14:30Z
balancing_energy_bids,21,2026-02-26T14:30:00,PT15M,2026-02-26T14:45Z,2026-02-26T14:30Z,140,1,23,10Y1001C--00090V,AUCTION-aFRR,B74,10YSK-SEPS-----K,EUR,A01,A01,20260226063-AFRR_P-UNIT_052-1,MWH,MAW,A01,A06,2026-02-26T14:45Z,2026-02-26T14:30Z
balancing_energy_bids,22,2026-02-26T14:30:00,PT15M,2026-02-26T14:45Z,2026-02-26T14:30Z,132,1,1,10Y1001C--00090V,AUCTION-aFRR,B74,10YSK-SEPS-----K,EUR,A01,A01,20260226063-AFRR_P-UNIT_058-1,MWH,MAW,A01,A11,2026-02-26T14:45Z,2026-02-26T14:30Z
balancing_energy_bids,23,2026-02-26T14:30:00,PT15M,2026-02-26T14:45Z,2026-02-26T14:30Z,599,1,10,10Y1001C--00090V,AUCTION-aFRR,B74,10YSK-SEPS-----K,EUR,A01,A01,20260226063-AFRR_P-UNIT_062-1,MWH,MAW,A01,A06,2026-02-26T14:45Z,2026-02-26T14:30Z
balancing_energy_bids,24,2026-02-26T14:30:00,PT15M,2026-02-26T14:45Z,2026-02-26T14:30Z,140,1,10,10Y1001C--00090V,AUCTION-aFRR,B74,10YSK-SEPS-----K,EUR,A01,A01,20260226063-AFRR_P-UNIT_063-1,MWH,MAW,A01,A06,2026-02-26T14:45Z,2026-02-26T14:30Z
balancing_energy_bids,25,2026-02-26T14:30:00,PT15M,2026-02-26T14:45Z,2026-02-26T14:30Z,200,1,10,10Y1001C--00090V,AUCTION-aFRR,B74,10YSK-SEPS-----K,EUR,A01,A01,20260226063-AFRR_P-UNIT_068-1,MWH,MAW,A01,A06,2026-02-26T14:45Z,2026-02-26T14:30Z
balancing_energy_bids,26,2026-02-26T14:30:00,PT15M,2026-02-26T14:45Z,2026-02-26T14:30Z,100,1,15,10Y1001C--00090V,AUCTION-aFRR,B74,10YSK-SEPS-----K,EUR,A01,A01,20260226063-AFRR_P-UNIT_069-1,MWH,MAW,A01,A06,2026-02-26T14:45Z,2026-02-26T14:30Z
balancing_energy_bids,27,2026-02-26T14:30:00,PT15M,2026-02-26T14:45Z,2026-02-26T14:30Z,750,1,11,10Y1001C--00090V,AUCTION-aFRR,B74,10YSK-SEPS-----K,EUR,A01,A01,20260226063-AFRR_P-UNIT_104-1,MWH,MAW,A01,A06,2026-02-26T14:45Z,2026-02-26T14:30Z
balancing_energy_bids,28,2026-02-26T14:30:00,PT15M,2026-02-26T14:45Z,2026-02-26T14:30Z,300,1,1,10Y1001C--00090V,AUCTION-aFRR,B74,10YSK-SEPS-----K,EUR,A01,A01,20260226063-AFRR_P-UNIT_106-1,MWH,MAW,A01,A11,2026-02-26T14:45Z,2026-02-26T14:30Z
balancing_energy_bids,29,2026-02-26T15:30:00,PT15M,2026-02-26T15:45Z,2026-02-26T15:30Z,-5,1,5,10Y1001C--00090V,AUCTION-aFRR,B74,10YSK-SEPS-----K,EUR,A01,A02,20260226067-AFRR_N-UNIT_003-1,MWH,MAW,A01,A06,2026-02-26T15:45Z,2026-02-26T15:30Z
balancing_energy_bids,30,2026-02-26T15:30:00,PT15M,2026-02-26T15:45Z,2026-02-26T15:30Z,-20,1,30,10Y1001C--00090V,AUCTION-aFRR,B74,10YSK-SEPS-----K,EUR,A01,A02,20260226067-AFRR_N-UNIT_013-1,MWH,MAW,A01,A06,2026-02-26T15:45Z,2026-02-26T15:30Z
balancing_energy_bids,31,2026-02-26T15:30:00,PT15M,2026-02-26T15:45Z,2026-02-26T15:30Z,-199,1,1,10Y1001C--00090V,AUCTION-aFRR,B74,10YSK-SEPS-----K,EUR,A01,A02,20260226067-AFRR_N-UNIT_019-1,MWH,MAW,A01,A11,2026-02-26T15:45Z,2026-02-26T15:30Z
balancing_energy_bids,32,2026-02-26T15:30:00,PT15M,2026-02-26T15:45Z,2026-02-26T15:30Z,-100,1,10,10Y1001C--00090V,AUCTION-aFRR,B74,10YSK-SEPS-----K,EUR,A01,A02,20260226067-AFRR_N-UNIT_028-1,MWH,MAW,A01,A06,2026-02-26T15:45Z,2026-02-26T15:30Z
balancing_energy_bids,33,2026-02-26T15:30:00,PT15M,2026-02-26T15:45Z,2026-02-26T15:30Z,10,1,7,10Y1001C--00090V,AUCTION-aFRR,B74,10YSK-SEPS-----K,EUR,A01,A02,20260226067-AFRR_N-UNIT_043-1,MWH,MAW,A01,A06,2026-02-26T15:45Z,2026-02-26T15:30Z
balancing_energy_bids,34,2026-02-26T15:30:00,PT15M,2026-02-26T15:45Z,2026-02-26T15:30Z,35,1,45,10Y1001C--00090V,AUCTION-aFRR,B74,10YSK-SEPS-----K,EUR,A01,A02,20260226067-AFRR_N-UNIT_049-1,MWH,MAW,A01,A06,2026-02-26T15:45Z,2026-02-26T15:30Z
balancing_energy_bids,35,2026-02-26T15:30:00,PT15M,2026-02-26T15:45Z,2026-02-26T15:30Z,-30,1,10,10Y1001C--00090V,AUCTION-aFRR,B74,10YSK-SEPS-----K,EUR,A01,A02,20260226067-AFRR_N-UNIT_052-1,MWH,MAW,A01,A06,2026-02-26T15:45Z,2026-02-26T15:30Z
balancing_energy_bids,36,2026-02-26T15:30:00,PT15M,2026-02-26T15:45Z,2026-02-26T15:30Z,-5,1,1,10Y1001C--00090V,AUCTION-aFRR,B74,10YSK-SEPS-----K,EUR,A01,A02,20260226067-AFRR_N-UNIT_058-1,MWH,MAW,A01,A11,2026-02-26T15:45Z,2026-02-26T15:30Z
balancing_energy_bids,37,2026-02-26T15:30:00,PT15M,2026-02-26T15:45Z,2026-02-26T15:30Z,-29,1,12,10Y1001C--00090V,AUCTION-aFRR,B74,10YSK-SEPS-----K,EUR,A01,A02,20260226067-AFRR_N-UNIT_062-1,MWH,MAW,A01,A06,2026-02-26T15:45Z,2026-02-26T15:30Z
balancing_energy_bids,38,2026-02-26T15:30:00,PT15M,2026-02-26T15:45Z,2026-02-26T15:30Z,-100,1,4,10Y1001C--00090V,AUCTION-aFRR,B74,10YSK-SEPS-----K,EUR,A01,A02,20260226067-AFRR_N-UNIT_068-1,MWH,MAW,A01,A06,2026-02-26T15:45Z,2026-02-26T15:30Z
balancing_energy_bids,39,2026-02-26T15:30:00,PT15M,2026-02-26T15:45Z,2026-02-26T15:30Z,-250,1,15,10Y1001C--00090V,AUCTION-aFRR,B74,10YSK-SEPS-----K,EUR,A01,A02,20260226067-AFRR_N-UNIT_069-1,MWH,MAW,A01,A06,2026-02-26T15:45Z,2026-02-26T15:30Z
balancing_energy_bids,40,2026-02-26T15:30:00,PT15M,2026-02-26T15:45Z,2026-02-26T15:30Z,-143.57,1,3,10Y1001C--00090V,AUCTION-aFRR,B74,10YSK-SEPS-----K,EUR,A01,A02,20260226067-AFRR_N-UNIT_089-1,MWH,MAW,A01,A06,2026-02-26T15:45Z,2026-02-26T15:30Z
balancing_energy_bids,41,2026-02-26T15:30:00,PT15M,2026-02-26T15:45Z,2026-02-26T15:30Z,0,1,7,10Y1001C--00090V,AUCTION-aFRR,B74,10YSK-SEPS-----K,EUR,A01,A02,20260226067-AFRR_N-UNIT_097-1,MWH,MAW,A01,A06,2026-02-26T15:45Z,2026-02-26T15:30Z
balancing_energy_bids,42,2026-02-26T15:30:00,PT15M,2026-02-26T15:45Z,2026-02-26T15:30Z,-100,1,4,10Y1001C--00090V,AUCTION-aFRR,B74,10YSK-SEPS-----K,EUR,A01,A02,20260226067-AFRR_N-UNIT_104-1,MWH,MAW,A01,A06,2026-02-26T15:45Z,2026-02-26T15:30Z
balancing_energy_bids,43,2026-02-26T15:30:00,PT15M,2026-02-26T15:45Z,2026-02-26T15:30Z,-19,1,1,10Y1001C--00090V,AUCTION-aFRR,B74,10YSK-SEPS-----K,EUR,A01,A02,20260226067-AFRR_N-UNIT_106-1,MWH,MAW,A01,A06,2026-02-26T15:45Z,2026-02-26T15:30Z
balancing_energy_bids,44,2026-02-26T15:30:00,PT15M,2026-02-26T15:45Z,2026-02-26T15:30Z,189,1,5,10Y1001C--00090V,AUCTION-aFRR,B74,10YSK-SEPS-----K,EUR,A01,A01,20260226067-AFRR_P-UNIT_003-1,MWH,MAW,A01,A06,2026-02-26T15:45Z,2026-02-26T15:30Z
balancing_energy_bids,45,2026-02-26T15:30:00,PT15M,2026-02-26T15:45Z,2026-02-26T15:30Z,251,1,1,10Y1001C--00090V,AUCTION-aFRR,B74,10YSK-SEPS-----K,EUR,A01,A01,20260226067-AFRR_P-UNIT_019-1,MWH,MAW,A01,A06,2026-02-26T15:45Z,2026-02-26T15:30Z
balancing_energy_bids,46,2026-02-26T15:30:00,PT15M,2026-02-26T15:45Z,2026-02-26T15:30Z,50,1,11,10Y1001C--00090V,AUCTION-aFRR,B74,10YSK-SEPS-----K,EUR,A01,A01,20260226067-AFRR_P-UNIT_028-1,MWH,MAW,A01,A06,2026-02-26T15:45Z,2026-02-26T15:30Z
balancing_energy_bids,47,2026-02-26T15:30:00,PT15M,2026-02-26T15:45Z,2026-02-26T15:30Z,165,1,19,10Y1001C--00090V,AUCTION-aFRR,B74,10YSK-SEPS-----K,EUR,A01,A01,20260226067-AFRR_P-UNIT_036-1,MWH,MAW,A01,A06,2026-02-26T15:45Z,2026-02-26T15:30Z
balancing_energy_bids,48,2026-02-26T15:30:00,PT15M,2026-02-26T15:45Z,2026-02-26T15:30Z,122,1,1,10Y1001C--00090V,AUCTION-aFRR,B74,10YSK-SEPS-----K,EUR,A01,A01,20260226067-AFRR_P-UNIT_043-1,MWH,MAW,A01,A06,2026-02-26T15:45Z,2026-02-26T15:30Z
balancing_energy_bids,49,2026-02-26T15:30:00,PT15M,2026-02-26T15:45Z,2026-02-26T15:30Z,0,1,1,10Y1001C--00090V,AUCTION-aFRR,B74,10YSK-SEPS-----K,EUR,A01,A01,20260226067-AFRR_P-UNIT_047-1,MWH,MAW,A01,A11,2026-02-26T15:45Z,2026-02-26T15:30Z
balancing_energy_bids,50,2026-02-26T15:30:00,PT15M,2026-02-26T15:45Z,2026-02-26T15:30Z,120,1,45,10Y1001C--00090V,AUCTION-aFRR,B74,10YSK-SEPS-----K,EUR,A01,A01,20260226067-AFRR_P-UNIT_049-1,MWH,MAW,A01,A06,2026-02-26T15:45Z,2026-02-26T15:30Z
balancing_energy_bids,51,2026-02-26T15:30:00,PT15M,2026-02-26T15:45Z,2026-02-26T15:30Z,140,1,23,10Y1001C--00090V,AUCTION-aFRR,B74,10YSK-SEPS-----K,EUR,A01,A01,20260226067-AFRR_P-UNIT_052-1,MWH,MAW,A01,A06,2026-02-26T15:45Z,2026-02-26T15:30Z
balancing_energy_bids,52,2026-02-26T15:30:00,PT15M,2026-02-26T15:45Z,2026-02-26T15:30Z,163,1,1,10Y1001C--00090V,AUCTION-aFRR,B74,10YSK-SEPS-----K,EUR,A01,A01,20260226067-AFRR_P-UNIT_058-1,MWH,MAW,A01,A11,2026-02-26T15:45Z,2026-02-26T15:30Z
balancing_energy_bids,53,2026-02-26T15:30:00,PT15M,2026-02-26T15:45Z,2026-02-26T15:30Z,599,1,9,10Y1001C--00090V,AUCTION-aFRR,B74,10YSK-SEPS-----K,EUR,A01,A01,20260226067-AFRR_P-UNIT_062-1,MWH,MAW,A01,A06,2026-02-26T15:45Z,2026-02-26T15:30Z
balancing_energy_bids,54,2026-02-26T15:30:00,PT15M,2026-02-26T15:45Z,2026-02-26T15:30Z,140,1,10,10Y1001C--00090V,AUCTION-aFRR,B74,10YSK-SEPS-----K,EUR,A01,A01,20260226067-AFRR_P-UNIT_063-1,MWH,MAW,A01,A06,2026-02-26T15:45Z,2026-02-26T15:30Z
balancing_energy_bids,55,2026-02-26T15:30:00,PT15M,2026-02-26T15:45Z,2026-02-26T15:30Z,200,1,5,10Y1001C--00090V,AUCTION-aFRR,B74,10YSK-SEPS-----K,EUR,A01,A01,20260226067-AFRR_P-UNIT_068-1,MWH,MAW,A01,A06,2026-02-26T15:45Z,2026-02-26T15:30Z
balancing_energy_bids,56,2026-02-26T15:30:00,PT15M,2026-02-26T15:45Z,2026-02-26T15:30Z,100,1,15,10Y1001C--00090V,AUCTION-aFRR,B74,10YSK-SEPS-----K,EUR,A01,A01,20260226067-AFRR_P-UNIT_069-1,MWH,MAW,A01,A06,2026-02-26T15:45Z,2026-02-26T15:30Z
balancing_energy_bids,57,2026-02-26T15:30:00,PT15M,2026-02-26T15:45Z,2026-02-26T15:30Z,750,1,11,10Y1001C--00090V,AUCTION-aFRR,B74,10YSK-SEPS-----K,EUR,A01,A01,20260226067-AFRR_P-UNIT_104-1,MWH,MAW,A01,A06,2026-02-26T15:45Z,2026-02-26T15:30Z
balancing_energy_bids,58,2026-02-26T15:30:00,PT15M,2026-02-26T15:45Z,2026-02-26T15:30Z,300,1,1,10Y1001C--00090V,AUCTION-aFRR,B74,10YSK-SEPS-----K,EUR,A01,A01,20260226067-AFRR_P-UNIT_106-1,MWH,MAW,A01,A11,2026-02-26T15:45Z,2026-02-26T15:30Z
balancing_energy_bids,59,2026-02-26T16:00:00,PT15M,2026-02-26T16:15Z,2026-02-26T16:00Z,-5,1,6,10Y1001C--00090V,AUCTION-aFRR,B74,10YSK-SEPS-----K,EUR,A01,A02,20260226069-AFRR_N-UNIT_003-1,MWH,MAW,A01,A06,2026-02-26T16:15Z,2026-02-26T16:00Z
balancing_energy_bids,60,2026-02-26T16:00:00,PT15M,2026-02-26T16:15Z,2026-02-26T16:00Z,-20,1,30,10Y1001C--00090V,AUCTION-aFRR,B74,10YSK-SEPS-----K,EUR,A01,A02,20260226069-AFRR_N-UNIT_013-1,MWH,MAW,A01,A06,2026-02-26T16:15Z,2026-02-26T16:00Z
balancing_energy_bids,61,2026-02-26T16:00:00,PT15M,2026-02-26T16:15Z,2026-02-26T16:00Z,-199,1,1,10Y1001C--00090V,AUCTION-aFRR,B74,10YSK-SEPS-----K,EUR,A01,A02,20260226069-AFRR_N-UNIT_019-1,MWH,MAW,A01,A11,2026-02-26T16:15Z,2026-02-26T16:00Z
balancing_energy_bids,62,2026-02-26T16:00:00,PT15M,2026-02-26T16:15Z,2026-02-26T16:00Z,-50,1,10,10Y1001C--00090V,AUCTION-aFRR,B74,10YSK-SEPS-----K,EUR,A01,A02,20260226069-AFRR_N-UNIT_028-1,MWH,MAW,A01,A06,2026-02-26T16:15Z,2026-02-26T16:00Z
balancing_energy_bids,63,2026-02-26T16:00:00,PT15M,2026-02-26T16:15Z,2026-02-26T16:00Z,10,1,7,10Y1001C--00090V,AUCTION-aFRR,B74,10YSK-SEPS-----K,EUR,A01,A02,20260226069-AFRR_N-UNIT_043-1,MWH,MAW,A01,A06,2026-02-26T16:15Z,2026-02-26T16:00Z
balancing_energy_bids,64,2026-02-26T16:00:00,PT15M,2026-02-26T16:15Z,2026-02-26T16:00Z,35,1,45,10Y1001C--00090V,AUCTION-aFRR,B74,10YSK-SEPS-----K,EUR,A01,A02,20260226069-AFRR_N-UNIT_049-1,MWH,MAW,A01,A06,2026-02-26T16:15Z,2026-02-26T16:00Z
balancing_energy_bids,65,2026-02-26T16:00:00,PT15M,2026-02-26T16:15Z,2026-02-26T16:00Z,-30,1,10,10Y1001C--00090V,AUCTION-aFRR,B74,10YSK-SEPS-----K,EUR,A01,A02,20260226069-AFRR_N-UNIT_052-1,MWH,MAW,A01,A06,2026-02-26T16:15Z,2026-02-26T16:00Z
balancing_energy_bids,66,2026-02-26T16:00:00,PT15M,2026-02-26T16:15Z,2026-02-26T16:00Z,-5,1,1,10Y1001C--00090V,AUCTION-aFRR,B74,10YSK-SEPS-----K,EUR,A01,A02,20260226069-AFRR_N-UNIT_058-1,MWH,MAW,A01,A11,2026-02-26T16:15Z,2026-02-26T16:00Z
balancing_energy_bids,67,2026-02-26T16:00:00,PT15M,2026-02-26T16:15Z,2026-02-26T16:00Z,-29,1,11,10Y1001C--00090V,AUCTION-aFRR,B74,10YSK-SEPS-----K,EUR,A01,A02,20260226069-AFRR_N-UNIT_062-1,MWH,MAW,A01,A06,2026-02-26T16:15Z,2026-02-26T16:00Z
balancing_energy_bids,68,2026-02-26T16:00:00,PT15M,2026-02-26T16:15Z,2026-02-26T16:00Z,-50,1,4,10Y1001C--00090V,AUCTION-aFRR,B74,10YSK-SEPS-----K,EUR,A01,A02,20260226069-AFRR_N-UNIT_068-1,MWH,MAW,A01,A06,2026-02-26T16:15Z,2026-02-26T16:00Z
balancing_energy_bids,69,2026-02-26T16:00:00,PT15M,2026-02-26T16:15Z,2026-02-26T16:00Z,-150,1,15,10Y1001C--00090V,AUCTION-aFRR,B74,10YSK-SEPS-----K,EUR,A01,A02,20260226069-AFRR_N-UNIT_069-1,MWH,MAW,A01,A06,2026-02-26T16:15Z,2026-02-26T16:00Z
balancing_energy_bids,70,2026-02-26T16:00:00,PT15M,2026-02-26T16:15Z,2026-02-26T16:00Z,-153.42,1,3,10Y1001C--00090V,AUCTION-aFRR,B74,10YSK-SEPS-----K,EUR,A01,A02,20260226069-AFRR_N-UNIT_089-1,MWH,MAW,A01,A06,2026-02-26T16:15Z,2026-02-26T16:00Z
balancing_energy_bids,71,2026-02-26T16:00:00,PT15M,2026-02-26T16:15Z,2026-02-26T16:00Z,0,1,7,10Y1001C--00090V,AUCTION-aFRR,B74,10YSK-SEPS-----K,EUR,A01,A02,20260226069-AFRR_N-UNIT_097-1,MWH,MAW,A01,A06,2026-02-26T16:15Z,2026-02-26T16:00Z
balancing_energy_bids,72,2026-02-26T16:00:00,PT15M,2026-02-26T16:15Z,2026-02-26T16:00Z,-100,1,4,10Y1001C--00090V,AUCTION-aFRR,B74,10YSK-SEPS-----K,EUR,A01,A02,20260226069-AFRR_N-UNIT_104-1,MWH,MAW,A01,A06,2026-02-26T16:15Z,2026-02-26T16:00Z
balancing_energy_bids,73,2026-02-26T16:00:00,PT15M,2026-02-26T16:15Z,2026-02-26T16:00Z,-19,1,1,10Y1001C--00090V,AUCTION-aFRR,B74,10YSK-SEPS-----K,EUR,A01,A02,20260226069-AFRR_N-UNIT_106-1,MWH,MAW,A01,A06,2026-02-26T16:15Z,2026-02-26T16:00Z
balancing_energy_bids,74,2026-02-26T16:00:00,PT15M,2026-02-26T16:15Z,2026-02-26T16:00Z,189,1,4,10Y1001C--00090V,AUCTION-aFRR,B74,10YSK-SEPS-----K,EUR,A01,A01,20260226069-AFRR_P-UNIT_003-1,MWH,MAW,A01,A06,2026-02-26T16:15Z,2026-02-26T16:00Z
balancing_energy_bids,75,2026-02-26T16:00:00,PT15M,2026-02-26T16:15Z,2026-02-26T16:00Z,251,1,1,10Y1001C--00090V,AUCTION-aFRR,B74,10YSK-SEPS-----K,EUR,A01,A01,20260226069-AFRR_P-UNIT_019-1,MWH,MAW,A01,A06,2026-02-26T16:15Z,2026-02-26T16:00Z
balancing_energy_bids,76,2026-02-26T16:00:00,PT15M,2026-02-26T16:15Z,2026-02-26T16:00Z,50,1,11,10Y1001C--00090V,AUCTION-aFRR,B74,10YSK-SEPS-----K,EUR,A01,A01,20260226069-AFRR_P-UNIT_028-1,MWH,MAW,A01,A06,2026-02-26T16:15Z,2026-02-26T16:00Z
balancing_energy_bids,77,2026-02-26T16:00:00,PT15M,2026-02-26T16:15Z,2026-02-26T16:00Z,165,1,5,10Y1001C--00090V,AUCTION-aFRR,B74,10YSK-SEPS-----K,EUR,A01,A01,20260226069-AFRR_P-UNIT_036-1,MWH,MAW,A01,A06,2026-02-26T16:15Z,2026-02-26T16:00Z
balancing_energy_bids,78,2026-02-26T16:00:00,PT15M,2026-02-26T16:15Z,2026-02-26T16:00Z,0,1,1,10Y1001C--00090V,AUCTION-aFRR,B74,10YSK-SEPS-----K,EUR,A01,A01,20260226069-AFRR_P-UNIT_047-1,MWH,MAW,A01,A11,2026-02-26T16:15Z,2026-02-26T16:00Z
balancing_energy_bids,79,2026-02-26T16:00:00,PT15M,2026-02-26T16:15Z,2026-02-26T16:00Z,120,1,45,10Y1001C--00090V,AUCTION-aFRR,B74,10YSK-SEPS-----K,EUR,A01,A01,20260226069-AFRR_P-UNIT_049-1,MWH,MAW,A01,A06,2026-02-26T16:15Z,2026-02-26T16:00Z
balancing_energy_bids,80,2026-02-26T16:00:00,PT15M,2026-02-26T16:15Z,2026-02-26T16:00Z,140,1,23,10Y1001C--00090V,AUCTION-aFRR,B74,10YSK-SEPS-----K,EUR,A01,A01,20260226069-AFRR_P-UNIT_052-1,MWH,MAW,A01,A06,2026-02-26T16:15Z,2026-02-26T16:00Z
balancing_energy_bids,81,2026-02-26T16:00:00,PT15M,2026-02-26T16:15Z,2026-02-26T16:00Z,149.21,1,1,10Y1001C--00090V,AUCTION-aFRR,B74,10YSK-SEPS-----K,EUR,A01,A01,20260226069-AFRR_P-UNIT_058-1,MWH,MAW,A01,A11,2026-02-26T16:15Z,2026-02-26T16:00Z
balancing_energy_bids,82,2026-02-26T16:00:00,PT15M,2026-02-26T16:15Z,2026-02-26T16:00Z,112,1,9,10Y1001C--00090V,AUCTION-aFRR,B74,10YSK-SEPS-----K,EUR,A01,A01,20260226069-AFRR_P-UNIT_062-1,MWH,MAW,A01,A06,2026-02-26T16:15Z,2026-02-26T16:00Z
balancing_energy_bids,83,2026-02-26T16:00:00,PT15M,2026-02-26T16:15Z,2026-02-26T16:00Z,140,1,10,10Y1001C--00090V,AUCTION-aFRR,B74,10YSK-SEPS-----K,EUR,A01,A01,20260226069-AFRR_P-UNIT_063-1,MWH,MAW,A01,A06,2026-02-26T16:15Z,2026-02-26T16:00Z
balancing_energy_bids,84,2026-02-26T16:00:00,PT15M,2026-02-26T16:15Z,2026-02-26T16:00Z,165,1,16,10Y1001C--00090V,AUCTION-aFRR,B74,10YSK-SEPS-----K,EUR,A01,A01,20260226069-AFRR_P-UNIT_065-1,MWH,MAW,A01,A06,2026-02-26T16:15Z,2026-02-26T16:00Z
balancing_energy_bids,85,2026-02-26T16:00:00,PT15M,2026-02-26T16:15Z,2026-02-26T16:00Z,200,1,5,10Y1001C--00090V,AUCTION-aFRR,B74,10YSK-SEPS-----K,EUR,A01,A01,20260226069-AFRR_P-UNIT_068-1,MWH,MAW,A01,A06,2026-02-26T16:15Z,2026-02-26T16:00Z
balancing_energy_bids,86,2026-02-26T16:00:00,PT15M,2026-02-26T16:15Z,2026-02-26T16:00Z,100,1,15,10Y1001C--00090V,AUCTION-aFRR,B74,10YSK-SEPS-----K,EUR,A01,A01,20260226069-AFRR_P-UNIT_069-1,MWH,MAW,A01,A06,2026-02-26T16:15Z,2026-02-26T16:00Z
balancing_energy_bids,87,2026-02-26T16:00:00,PT15M,2026-02-26T16:15Z,2026-02-26T16:00Z,750,1,11,10Y1001C--00090V,AUCTION-aFRR,B74,10YSK-SEPS-----K,EUR,A01,A01,20260226069-AFRR_P-UNIT_104-1,MWH,MAW,A01,A06,2026-02-26T16:15Z,2026-02-26T16:00Z
balancing_energy_bids,88,2026-02-26T16:00:00,PT15M,2026-02-26T16:15Z,2026-02-26T16:00Z,300,1,1,10Y1001C--00090V,AUCTION-aFRR,B74,10YSK-SEPS-----K,EUR,A01,A01,20260226069-AFRR_P-UNIT_106-1,MWH,MAW,A01,A11,2026-02-26T16:15Z,2026-02-26T16:00Z
balancing_energy_bids,89,2026-02-26T16:30:00,PT15M,2026-02-26T16:45Z,2026-02-26T16:30Z,-5,1,6,10Y1001C--00090V,AUCTION-aFRR,B74,10YSK-SEPS-----K,EUR,A01,A02,20260226071-AFRR_N-UNIT_003-1,MWH,MAW,A01,A06,2026-02-26T16:45Z,2026-02-26T16:30Z
balancing_energy_bids,90,2026-02-26T16:30:00,PT15M,2026-02-26T16:45Z,2026-02-26T16:30Z,-20,1,30,10Y1001C--00090V,AUCTION-aFRR,B74,10YSK-SEPS-----K,EUR,A01,A02,20260226071-AFRR_N-UNIT_013-1,MWH,MAW,A01,A06,2026-02-26T16:45Z,2026-02-26T16:30Z
balancing_energy_bids,91,2026-02-26T16:30:00,PT15M,2026-02-26T16:45Z,2026-02-26T16:30Z,-199,1,1,10Y1001C--00090V,AUCTION-aFRR,B74,10YSK-SEPS-----K,EUR,A01,A02,20260226071-AFRR_N-UNIT_019-1,MWH,MAW,A01,A11,2026-02-26T16:45Z,2026-02-26T16:30Z
balancing_energy_bids,92,2026-02-26T16:30:00,PT15M,2026-02-26T16:45Z,2026-02-26T16:30Z,-50,1,10,10Y1001C--00090V,AUCTION-aFRR,B74,10YSK-SEPS-----K,EUR,A01,A02,20260226071-AFRR_N-UNIT_028-1,MWH,MAW,A01,A06,2026-02-26T16:45Z,2026-02-26T16:30Z
balancing_energy_bids,93,2026-02-26T16:30:00,PT15M,2026-02-26T16:45Z,2026-02-26T16:30Z,10,1,7,10Y1001C--00090V,AUCTION-aFRR,B74,10YSK-SEPS-----K,EUR,A01,A02,20260226071-AFRR_N-UNIT_043-1,MWH,MAW,A01,A06,2026-02-26T16:45Z,2026-02-26T16:30Z
balancing_energy_bids,94,2026-02-26T16:30:00,PT15M,2026-02-26T16:45Z,2026-02-26T16:30Z,35,1,45,10Y1001C--00090V,AUCTION-aFRR,B74,10YSK-SEPS-----K,EUR,A01,A02,20260226071-AFRR_N-UNIT_049-1,MWH,MAW,A01,A06,2026-02-26T16:45Z,2026-02-26T16:30Z
balancing_energy_bids,95,2026-02-26T16:30:00,PT15M,2026-02-26T16:45Z,2026-02-26T16:30Z,-30,1,10,10Y1001C--00090V,AUCTION-aFRR,B74,10YSK-SEPS-----K,EUR,A01,A02,20260226071-AFRR_N-UNIT_052-1,MWH,MAW,A01,A06,2026-02-26T16:45Z,2026-02-26T16:30Z
balancing_energy_bids,96,2026-02-26T16:30:00,PT15M,2026-02-26T16:45Z,2026-02-26T16:30Z,-5,1,1,10Y1001C--00090V,AUCTION-aFRR,B74,10YSK-SEPS-----K,EUR,A01,A02,20260226071-AFRR_N-UNIT_058-1,MWH,MAW,A01,A11,2026-02-26T16:45Z,2026-02-26T16:30Z
balancing_energy_bids,97,2026-02-26T16:30:00,PT15M,2026-02-26T16:45Z,2026-02-26T16:30Z,-29,1,11,10Y1001C--00090V,AUCTION-aFRR,B74,10YSK-SEPS-----K,EUR,A01,A02,20260226071-AFRR_N-UNIT_062-1,MWH,MAW,A01,A06,2026-02-26T16:45Z,2026-02-26T16:30Z
balancing_energy_bids,98,2026-02-26T16:30:00,PT15M,2026-02-26T16:45Z,2026-02-26T16:30Z,-50,1,4,10Y1001C--00090V,AUCTION-aFRR,B74,10YSK-SEPS-----K,EUR,A01,A02,20260226071-AFRR_N-UNIT_068-1,MWH,MAW,A01,A06,2026-02-26T16:45Z,2026-02-26T16:30Z
balancing_energy_bids,99,2026-02-26T16:30:00,PT15M,2026-02-26T16:45Z,2026-02-26T16:30Z,-150,1,15,10Y1001C--00090V,AUCTION-aFRR,B74,10YSK-SEPS-----K,EUR,A01,A02,20260226071-AFRR_N-UNIT_069-1,MWH,MAW,A01,A06,2026-02-26T16:45Z,2026-02-26T16:30Z
balancing_energy_bids,100,2026-02-26T16:30:00,PT15M,2026-02-26T16:45Z,2026-02-26T16:30Z,-138.38,1,3,10Y1001C--00090V,AUCTION-aFRR,B74,10YSK-SEPS-----K,EUR,A01,A02,20260226071-AFRR_N-UNIT_089-1,MWH,MAW,A01,A06,2026-02-26T16:45Z,2026-02-26T16:30Z
balancing_energy_bids,1,2026-02-26T16:30:00,PT15M,2026-02-26T16:45Z,2026-02-26T16:30Z,0,1,7,10Y1001C--00090V,AUCTION-aFRR,B74,10YSK-SEPS-----K,EUR,A01,A02,20260226071-AFRR_N-UNIT_097-1,MWH,MAW,A01,A06,2026-02-26T16:45Z,2026-02-26T16:30Z
balancing_energy_bids,2,2026-02-26T16:30:00,PT15M,2026-02-26T16:45Z,2026-02-26T16:30Z,-100,1,4,10Y1001C--00090V,AUCTION-aFRR,B74,10YSK-SEPS-----K,EUR,A01,A02,20260226071-AFRR_N-UNIT_104-1,MWH,MAW,A01,A06,2026-02-26T16:45Z,2026-02-26T16:30Z
balancing_energy_bids,3,2026-02-26T16:30:00,PT15M,2026-02-26T16:45Z,2026-02-26T16:30Z,-19,1,1,10Y1001C--00090V,AUCTION-aFRR,B74,10YSK-SEPS-----K,EUR,A01,A02,20260226071-AFRR_N-UNIT_106-1,MWH,MAW,A01,A06,2026-02-26T16:45Z,2026-02-26T16:30Z
balancing_energy_bids,4,2026-02-26T16:30:00,PT15M,2026-02-26T16:45Z,2026-02-26T16:30Z,189,1,4,10Y1001C--00090V,AUCTION-aFRR,B74,10YSK-SEPS-----K,EUR,A01,A01,20260226071-AFRR_P-UNIT_003-1,MWH,MAW,A01,A06,2026-02-26T16:45Z,2026-02-26T16:30Z
balancing_energy_bids,5,2026-02-26T16:30:00,PT15M,2026-02-26T16:45Z,2026-02-26T16:30Z,251,1,1,10Y1001C--00090V,AUCTION-aFRR,B74,10YSK-SEPS-----K,EUR,A01,A01,20260226071-AFRR_P-UNIT_019-1,MWH,MAW,A01,A06,2026-02-26T16:45Z,2026-02-26T16:30Z
balancing_energy_bids,6,2026-02-26T16:30:00,PT15M,2026-02-26T16:45Z,2026-02-26T16:30Z,200,1,11,10Y1001C--00090V,AUCTION-aFRR,B74,10YSK-SEPS-----K,EUR,A01,A01,20260226071-AFRR_P-UNIT_028-1,MWH,MAW,A01,A06,2026-02-26T16:45Z,2026-02-26T16:30Z
balancing_energy_bids,7,2026-02-26T16:30:00,PT15M,2026-02-26T16:45Z,2026-02-26T16:30Z,170.94,1,5,10Y1001C--00090V,AUCTION-aFRR,B74,10YSK-SEPS-----K,EUR,A01,A01,20260226071-AFRR_P-UNIT_036-1,MWH,MAW,A01,A06,2026-02-26T16:45Z,2026-02-26T16:30Z
balancing_energy_bids,8,2026-02-26T16:30:00,PT15M,2026-02-26T16:45Z,2026-02-26T16:30Z,0,1,1,10Y1001C--00090V,AUCTION-aFRR,B74,10YSK-SEPS-----K,EUR,A01,A01,20260226071-AFRR_P-UNIT_047-1,MWH,MAW,A01,A11,2026-02-26T16:45Z,2026-02-26T16:30Z
balancing_energy_bids,9,2026-02-26T16:30:00,PT15M,2026-02-26T16:45Z,2026-02-26T16:30Z,150,1,45,10Y1001C--00090V,AUCTION-aFRR,B74,10YSK-SEPS-----K,EUR,A01,A01,20260226071-AFRR_P-UNIT_049-1,MWH,MAW,A01,A06,2026-02-26T16:45Z,2026-02-26T16:30Z
balancing_energy_bids,10,2026-02-26T16:30:00,PT15M,2026-02-26T16:45Z,2026-02-26T16:30Z,140,1,23,10Y1001C--00090V,AUCTION-aFRR,B74,10YSK-SEPS-----K,EUR,A01,A01,20260226071-AFRR_P-UNIT_052-1,MWH,MAW,A01,A06,2026-02-26T16:45Z,2026-02-26T16:30Z
balancing_energy_bids,11,2026-02-26T16:30:00,PT15M,2026-02-26T16:45Z,2026-02-26T16:30Z,170.26,1,1,10Y1001C--00090V,AUCTION-aFRR,B74,10YSK-SEPS-----K,EUR,A01,A01,20260226071-AFRR_P-UNIT_058-1,MWH,MAW,A01,A11,2026-02-26T16:45Z,2026-02-26T16:30Z
balancing_energy_bids,12,2026-02-26T16:30:00,PT15M,2026-02-26T16:45Z,2026-02-26T16:30Z,128,1,9,10Y1001C--00090V,AUCTION-aFRR,B74,10YSK-SEPS-----K,EUR,A01,A01,20260226071-AFRR_P-UNIT_062-1,MWH,MAW,A01,A06,2026-02-26T16:45Z,2026-02-26T16:30Z
balancing_energy_bids,13,2026-02-26T16:30:00,PT15M,2026-02-26T16:45Z,2026-02-26T16:30Z,140,1,10,10Y1001C--00090V,AUCTION-aFRR,B74,10YSK-SEPS-----K,EUR,A01,A01,20260226071-AFRR_P-UNIT_063-1,MWH,MAW,A01,A06,2026-02-26T16:45Z,2026-02-26T16:30Z
balancing_energy_bids,14,2026-02-26T16:30:00,PT15M,2026-02-26T16:45Z,2026-02-26T16:30Z,170.94,1,16,10Y1001C--00090V,AUCTION-aFRR,B74,10YSK-SEPS-----K,EUR,A01,A01,20260226071-AFRR_P-UNIT_065-1,MWH,MAW,A01,A06,2026-02-26T16:45Z,2026-02-26T16:30Z
balancing_energy_bids,15,2026-02-26T16:30:00,PT15M,2026-02-26T16:45Z,2026-02-26T16:30Z,200,1,5,10Y1001C--00090V,AUCTION-aFRR,B74,10YSK-SEPS-----K,EUR,A01,A01,20260226071-AFRR_P-UNIT_068-1,MWH,MAW,A01,A06,2026-02-26T16:45Z,2026-02-26T16:30Z
balancing_energy_bids,16,2026-02-26T16:30:00,PT15M,2026-02-26T16:45Z,2026-02-26T16:30Z,100,1,15,10Y1001C--00090V,AUCTION-aFRR,B74,10YSK-SEPS-----K,EUR,A01,A01,20260226071-AFRR_P-UNIT_069-1,MWH,MAW,A01,A06,2026-02-26T16:45Z,2026-02-26T16:30Z
balancing_energy_bids,17,2026-02-26T16:30:00,PT15M,2026-02-26T16:45Z,2026-02-26T16:30Z,750,1,11,10Y1001C--00090V,AUCTION-aFRR,B74,10YSK-SEPS-----K,EUR,A01,A01,20260226071-AFRR_P-UNIT_104-1,MWH,MAW,A01,A06,2026-02-26T16:45Z,2026-02-26T16:30Z
balancing_energy_bids,18,2026-02-26T16:30:00,PT15M,2026-02-26T16:45Z,2026-02-26T16:30Z,300,1,1,10Y1001C--00090V,AUCTION-aFRR,B74,10YSK-SEPS-----K,EUR,A01,A01,20260226071-AFRR_P-UNIT_106-1,MWH,MAW,A01,A11,2026-02-26T16:45Z,2026-02-26T16:30Z
balancing_energy_bids,19,2026-02-26T16:45:00,PT15M,2026-02-26T17:00Z,2026-02-26T16:45Z,-5,1,6,10Y1001C--00090V,AUCTION-aFRR,B74,10YSK-SEPS-----K,EUR,A01,A02,20260226072-AFRR_N-UNIT_003-1,MWH,MAW,A01,A06,2026-02-26T17:00Z,2026-02-26T16:45Z
balancing_energy_bids,20,2026-02-26T16:45:00,PT15M,2026-02-26T17:00Z,2026-02-26T16:45Z,-20,1,30,10Y1001C--00090V,AUCTION-aFRR,B74,10YSK-SEPS-----K,EUR,A01,A02,20260226072-AFRR_N-UNIT_013-1,MWH,MAW,A01,A06,2026-02-26T17:00Z,2026-02-26T16:45Z
balancing_energy_bids,21,2026-02-26T16:45:00,PT15M,2026-02-26T17:00Z,2026-02-26T16:45Z,-199,1,1,10Y1001C--00090V,AUCTION-aFRR,B74,10YSK-SEPS-----K,EUR,A01,A02,20260226072-AFRR_N-UNIT_019-1,MWH,MAW,A01,A11,2026-02-26T17:00Z,2026-02-26T16:45Z
balancing_energy_bids,22,2026-02-26T16:45:00,PT15M,2026-02-26T17:00Z,2026-02-26T16:45Z,-50,1,10,10Y1001C--00090V,AUCTION-aFRR,B74,10YSK-SEPS-----K,EUR,A01,A02,20260226072-AFRR_N-UNIT_028-1,MWH,MAW,A01,A06,2026-02-26T17:00Z,2026-02-26T16:45Z
balancing_energy_bids,23,2026-02-26T16:45:00,PT15M,2026-02-26T17:00Z,2026-02-26T16:45Z,10,1,7,10Y1001C--00090V,AUCTION-aFRR,B74,10YSK-SEPS-----K,EUR,A01,A02,20260226072-AFRR_N-UNIT_043-1,MWH,MAW,A01,A06,2026-02-26T17:00Z,2026-02-26T16:45Z
balancing_energy_bids,24,2026-02-26T16:45:00,PT15M,2026-02-26T17:00Z,2026-02-26T16:45Z,-30,1,10,10Y1001C--00090V,AUCTION-aFRR,B74,10YSK-SEPS-----K,EUR,A01,A02,20260226072-AFRR_N-UNIT_052-1,MWH,MAW,A01,A06,2026-02-26T17:00Z,2026-02-26T16:45Z
balancing_energy_bids,25,2026-02-26T16:45:00,PT15M,2026-02-26T17:00Z,2026-02-26T16:45Z,-5,1,1,10Y1001C--00090V,AUCTION-aFRR,B74,10YSK-SEPS-----K,EUR,A01,A02,20260226072-AFRR_N-UNIT_058-1,MWH,MAW,A01,A11,2026-02-26T17:00Z,2026-02-26T16:45Z
balancing_energy_bids,26,2026-02-26T16:45:00,PT15M,2026-02-26T17:00Z,2026-02-26T16:45Z,-29,1,15,10Y1001C--00090V,AUCTION-aFRR,B74,10YSK-SEPS-----K,EUR,A01,A02,20260226072-AFRR_N-UNIT_062-1,MWH,MAW,A01,A06,2026-02-26T17:00Z,2026-02-26T16:45Z
balancing_energy_bids,27,2026-02-26T16:45:00,PT15M,2026-02-26T17:00Z,2026-02-26T16:45Z,-50,1,4,10Y1001C--00090V,AUCTION-aFRR,B74,10YSK-SEPS-----K,EUR,A01,A02,20260226072-AFRR_N-UNIT_068-1,MWH,MAW,A01,A06,2026-02-26T17:00Z,2026-02-26T16:45Z
balancing_energy_bids,28,2026-02-26T16:45:00,PT15M,2026-02-26T17:00Z,2026-02-26T16:45Z,-150,1,15,10Y1001C--00090V,AUCTION-aFRR,B74,10YSK-SEPS-----K,EUR,A01,A02,20260226072-AFRR_N-UNIT_069-1,MWH,MAW,A01,A06,2026-02-26T17:00Z,2026-02-26T16:45Z
balancing_energy_bids,29,2026-02-26T16:45:00,PT15M,2026-02-26T17:00Z,2026-02-26T16:45Z,-132.02,1,3,10Y1001C--00090V,AUCTION-aFRR,B74,10YSK-SEPS-----K,EUR,A01,A02,20260226072-AFRR_N-UNIT_089-1,MWH,MAW,A01,A06,2026-02-26T17:00Z,2026-02-26T16:45Z
balancing_energy_bids,30,2026-02-26T16:45:00,PT15M,2026-02-26T17:00Z,2026-02-26T16:45Z,0,1,7,10Y1001C--00090V,AUCTION-aFRR,B74,10YSK-SEPS-----K,EUR,A01,A02,20260226072-AFRR_N-UNIT_097-1,MWH,MAW,A01,A06,2026-02-26T17:00Z,2026-02-26T16:45Z
balancing_energy_bids,31,2026-02-26T16:45:00,PT15M,2026-02-26T17:00Z,2026-02-26T16:45Z,-100,1,4,10Y1001C--00090V,AUCTION-aFRR,B74,10YSK-SEPS-----K,EUR,A01,A02,20260226072-AFRR_N-UNIT_104-1,MWH,MAW,A01,A06,2026-02-26T17:00Z,2026-02-26T16:45Z
balancing_energy_bids,32,2026-02-26T16:45:00,PT15M,2026-02-26T17:00Z,2026-02-26T16:45Z,-19,1,1,10Y1001C--00090V,AUCTION-aFRR,B74,10YSK-SEPS-----K,EUR,A01,A02,20260226072-AFRR_N-UNIT_106-1,MWH,MAW,A01,A06,2026-02-26T17:00Z,2026-02-26T16:45Z
balancing_energy_bids,33,2026-02-26T16:45:00,PT15M,2026-02-26T17:00Z,2026-02-26T16:45Z,189,1,4,10Y1001C--00090V,AUCTION-aFRR,B74,10YSK-SEPS-----K,EUR,A01,A01,20260226072-AFRR_P-UNIT_003-1,MWH,MAW,A01,A06,2026-02-26T17:00Z,2026-02-26T16:45Z
balancing_energy_bids,34,2026-02-26T16:45:00,PT15M,2026-02-26T17:00Z,2026-02-26T16:45Z,251,1,1,10Y1001C--00090V,AUCTION-aFRR,B74,10YSK-SEPS-----K,EUR,A01,A01,20260226072-AFRR_P-UNIT_019-1,MWH,MAW,A01,A06,2026-02-26T17:00Z,2026-02-26T16:45Z
balancing_energy_bids,35,2026-02-26T16:45:00,PT15M,2026-02-26T17:00Z,2026-02-26T16:45Z,200,1,11,10Y1001C--00090V,AUCTION-aFRR,B74,10YSK-SEPS-----K,EUR,A01,A01,20260226072-AFRR_P-UNIT_028-1,MWH,MAW,A01,A06,2026-02-26T17:00Z,2026-02-26T16:45Z
balancing_energy_bids,36,2026-02-26T16:45:00,PT15M,2026-02-26T17:00Z,2026-02-26T16:45Z,178.57,1,32,10Y1001C--00090V,AUCTION-aFRR,B74,10YSK-SEPS-----K,EUR,A01,A01,20260226072-AFRR_P-UNIT_036-1,MWH,MAW,A01,A06,2026-02-26T17:00Z,2026-02-26T16:45Z
balancing_energy_bids,37,2026-02-26T16:45:00,PT15M,2026-02-26T17:00Z,2026-02-26T16:45Z,0,1,1,10Y1001C--00090V,AUCTION-aFRR,B74,10YSK-SEPS-----K,EUR,A01,A01,20260226072-AFRR_P-UNIT_047-1,MWH,MAW,A01,A11,2026-02-26T17:00Z,2026-02-26T16:45Z
balancing_energy_bids,38,2026-02-26T16:45:00,PT15M,2026-02-26T17:00Z,2026-02-26T16:45Z,140,1,23,10Y1001C--00090V,AUCTION-aFRR,B74,10YSK-SEPS-----K,EUR,A01,A01,20260226072-AFRR_P-UNIT_052-1,MWH,MAW,A01,A06,2026-02-26T17:00Z,2026-02-26T16:45Z
balancing_energy_bids,39,2026-02-26T16:45:00,PT15M,2026-02-26T17:00Z,2026-02-26T16:45Z,179.17,1,1,10Y1001C--00090V,AUCTION-aFRR,B74,10YSK-SEPS-----K,EUR,A01,A01,20260226072-AFRR_P-UNIT_058-1,MWH,MAW,A01,A11,2026-02-26T17:00Z,2026-02-26T16:45Z
balancing_energy_bids,40,2026-02-26T16:45:00,PT15M,2026-02-26T17:00Z,2026-02-26T16:45Z,134,1,9,10Y1001C--00090V,AUCTION-aFRR,B74,10YSK-SEPS-----K,EUR,A01,A01,20260226072-AFRR_P-UNIT_062-1,MWH,MAW,A01,A06,2026-02-26T17:00Z,2026-02-26T16:45Z
balancing_energy_bids,41,2026-02-26T16:45:00,PT15M,2026-02-26T17:00Z,2026-02-26T16:45Z,140,1,10,10Y1001C--00090V,AUCTION-aFRR,B74,10YSK-SEPS-----K,EUR,A01,A01,20260226072-AFRR_P-UNIT_063-1,MWH,MAW,A01,A06,2026-02-26T17:00Z,2026-02-26T16:45Z
balancing_energy_bids,42,2026-02-26T16:45:00,PT15M,2026-02-26T17:00Z,2026-02-26T16:45Z,178.57,1,16,10Y1001C--00090V,AUCTION-aFRR,B74,10YSK-SEPS-----K,EUR,A01,A01,20260226072-AFRR_P-UNIT_065-1,MWH,MAW,A01,A06,2026-02-26T17:00Z,2026-02-26T16:45Z
balancing_energy_bids,43,2026-02-26T16:45:00,PT15M,2026-02-26T17:00Z,2026-02-26T16:45Z,200,1,5,10Y1001C--00090V,AUCTION-aFRR,B74,10YSK-SEPS-----K,EUR,A01,A01,20260226072-AFRR_P-UNIT_068-1,MWH,MAW,A01,A06,2026-02-26T17:00Z,2026-02-26T16:45Z
balancing_energy_bids,44,2026-02-26T16:45:00,PT15M,2026-02-26T17:00Z,2026-02-26T16:45Z,100,1,15,10Y1001C--00090V,AUCTION-aFRR,B74,10YSK-SEPS-----K,EUR,A01,A01,20260226072-AFRR_P-UNIT_069-1,MWH,MAW,A01,A06,2026-02-26T17:00Z,2026-02-26T16:45Z
balancing_energy_bids,45,2026-02-26T16:45:00,PT15M,2026-02-26T17:00Z,2026-02-26T16:45Z,750,1,11,10Y1001C--00090V,AUCTION-aFRR,B74,10YSK-SEPS-----K,EUR,A01,A01,20260226072-AFRR_P-UNIT_104-1,MWH,MAW,A01,A06,2026-02-26T17:00Z,2026-02-26T16:45Z
balancing_energy_bids,46,2026-02-26T16:45:00,PT15M,2026-02-26T17:00Z,2026-02-26T16:45Z,300,1,1,10Y1001C--00090V,AUCTION-aFRR,B74,10YSK-SEPS-----K,EUR,A01,A01,20260226072-AFRR_P-UNIT_106-1,MWH,MAW,A01,A11,2026-02-26T17:00Z,2026-02-26T16:45Z
balancing_energy_bids,47,2026-02-26T17:00:00,PT15M,2026-02-26T17:15Z,2026-02-26T17:00Z,-5,1,6,10Y1001C--00090V,AUCTION-aFRR,B74,10YSK-SEPS-----K,EUR,A01,A02,20260226073-AFRR_N-UNIT_003-1,MWH,MAW,A01,A06,2026-02-26T17:15Z,2026-02-26T17:00Z
balancing_energy_bids,48,2026-02-26T17:00:00,PT15M,2026-02-26T17:15Z,2026-02-26T17:00Z,-20,1,30,10Y1001C--00090V,AUCTION-aFRR,B74,10YSK-SEPS-----K,EUR,A01,A02,20260226073-AFRR_N-UNIT_013-1,MWH,MAW,A01,A06,2026-02-26T17:15Z,2026-02-26T17:00Z
balancing_energy_bids,49,2026-02-26T17:00:00,PT15M,2026-02-26T17:15Z,2026-02-26T17:00Z,-199,1,1,10Y1001C--00090V,AUCTION-aFRR,B74,10YSK-SEPS-----K,EUR,A01,A02,20260226073-AFRR_N-UNIT_019-1,MWH,MAW,A01,A11,2026-02-26T17:15Z,2026-02-26T17:00Z
balancing_energy_bids,50,2026-02-26T17:00:00,PT15M,2026-02-26T17:15Z,2026-02-26T17:00Z,-50,1,10,10Y1001C--00090V,AUCTION-aFRR,B74,10YSK-SEPS-----K,EUR,A01,A02,20260226073-AFRR_N-UNIT_028-1,MWH,MAW,A01,A06,2026-02-26T17:15Z,2026-02-26T17:00Z
balancing_energy_bids,51,2026-02-26T17:00:00,PT15M,2026-02-26T17:15Z,2026-02-26T17:00Z,10,1,7,10Y1001C--00090V,AUCTION-aFRR,B74,10YSK-SEPS-----K,EUR,A01,A02,20260226073-AFRR_N-UNIT_043-1,MWH,MAW,A01,A06,2026-02-26T17:15Z,2026-02-26T17:00Z
balancing_energy_bids,52,2026-02-26T17:00:00,PT15M,2026-02-26T17:15Z,2026-02-26T17:00Z,35,1,45,10Y1001C--00090V,AUCTION-aFRR,B74,10YSK-SEPS-----K,EUR,A01,A02,20260226073-AFRR_N-UNIT_049-1,MWH,MAW,A01,A06,2026-02-26T17:15Z,2026-02-26T17:00Z
balancing_energy_bids,53,2026-02-26T17:00:00,PT15M,2026-02-26T17:15Z,2026-02-26T17:00Z,-30,1,10,10Y1001C--00090V,AUCTION-aFRR,B74,10YSK-SEPS-----K,EUR,A01,A02,20260226073-AFRR_N-UNIT_052-1,MWH,MAW,A01,A06,2026-02-26T17:15Z,2026-02-26T17:00Z
balancing_energy_bids,54,2026-02-26T17:00:00,PT15M,2026-02-26T17:15Z,2026-02-26T17:00Z,-5,1,1,10Y1001C--00090V,AUCTION-aFRR,B74,10YSK-SEPS-----K,EUR,A01,A02,20260226073-AFRR_N-UNIT_058-1,MWH,MAW,A01,A11,2026-02-26T17:15Z,2026-02-26T17:00Z
balancing_energy_bids,55,2026-02-26T17:00:00,PT15M,2026-02-26T17:15Z,2026-02-26T17:00Z,-29,1,11,10Y1001C--00090V,AUCTION-aFRR,B74,10YSK-SEPS-----K,EUR,A01,A02,20260226073-AFRR_N-UNIT_062-1,MWH,MAW,A01,A06,2026-02-26T17:15Z,2026-02-26T17:00Z
balancing_energy_bids,56,2026-02-26T17:00:00,PT15M,2026-02-26T17:15Z,2026-02-26T17:00Z,-50,1,4,10Y1001C--00090V,AUCTION-aFRR,B74,10YSK-SEPS-----K,EUR,A01,A02,20260226073-AFRR_N-UNIT_068-1,MWH,MAW,A01,A06,2026-02-26T17:15Z,2026-02-26T17:00Z
balancing_energy_bids,57,2026-02-26T17:00:00,PT15M,2026-02-26T17:15Z,2026-02-26T17:00Z,-150,1,15,10Y1001C--00090V,AUCTION-aFRR,B74,10YSK-SEPS-----K,EUR,A01,A02,20260226073-AFRR_N-UNIT_069-1,MWH,MAW,A01,A06,2026-02-26T17:15Z,2026-02-26T17:00Z
balancing_energy_bids,58,2026-02-26T17:00:00,PT15M,2026-02-26T17:15Z,2026-02-26T17:00Z,-141.05,1,3,10Y1001C--00090V,AUCTION-aFRR,B74,10YSK-SEPS-----K,EUR,A01,A02,20260226073-AFRR_N-UNIT_089-1,MWH,MAW,A01,A06,2026-02-26T17:15Z,2026-02-26T17:00Z
balancing_energy_bids,59,2026-02-26T17:00:00,PT15M,2026-02-26T17:15Z,2026-02-26T17:00Z,0,1,7,10Y1001C--00090V,AUCTION-aFRR,B74,10YSK-SEPS-----K,EUR,A01,A02,20260226073-AFRR_N-UNIT_097-1,MWH,MAW,A01,A06,2026-02-26T17:15Z,2026-02-26T17:00Z
balancing_energy_bids,60,2026-02-26T17:00:00,PT15M,2026-02-26T17:15Z,2026-02-26T17:00Z,-100,1,4,10Y1001C--00090V,AUCTION-aFRR,B74,10YSK-SEPS-----K,EUR,A01,A02,20260226073-AFRR_N-UNIT_104-1,MWH,MAW,A01,A06,2026-02-26T17:15Z,2026-02-26T17:00Z
balancing_energy_bids,61,2026-02-26T17:00:00,PT15M,2026-02-26T17:15Z,2026-02-26T17:00Z,-19,1,1,10Y1001C--00090V,AUCTION-aFRR,B74,10YSK-SEPS-----K,EUR,A01,A02,20260226073-AFRR_N-UNIT_106-1,MWH,MAW,A01,A06,2026-02-26T17:15Z,2026-02-26T17:00Z
balancing_energy_bids,62,2026-02-26T17:00:00,PT15M,2026-02-26T17:15Z,2026-02-26T17:00Z,189,1,4,10Y1001C--00090V,AUCTION-aFRR,B74,10YSK-SEPS-----K,EUR,A01,A01,20260226073-AFRR_P-UNIT_003-1,MWH,MAW,A01,A06,2026-02-26T17:15Z,2026-02-26T17:00Z
balancing_energy_bids,63,2026-02-26T17:00:00,PT15M,2026-02-26T17:15Z,2026-02-26T17:00Z,251,1,1,10Y1001C--00090V,AUCTION-aFRR,B74,10YSK-SEPS-----K,EUR,A01,A01,20260226073-AFRR_P-UNIT_019-1,MWH,MAW,A01,A06,2026-02-26T17:15Z,2026-02-26T17:00Z
balancing_energy_bids,64,2026-02-26T17:00:00,PT15M,2026-02-26T17:15Z,2026-02-26T17:00Z,200,1,11,10Y1001C--00090V,AUCTION-aFRR,B74,10YSK-SEPS-----K,EUR,A01,A01,20260226073-AFRR_P-UNIT_028-1,MWH,MAW,A01,A06,2026-02-26T17:15Z,2026-02-26T17:00Z
balancing_energy_bids,65,2026-02-26T17:00:00,PT15M,2026-02-26T17:15Z,2026-02-26T17:00Z,167.74,1,32,10Y1001C--00090V,AUCTION-aFRR,B74,10YSK-SEPS-----K,EUR,A01,A01,20260226073-AFRR_P-UNIT_036-1,MWH,MAW,A01,A06,2026-02-26T17:15Z,2026-02-26T17:00Z
balancing_energy_bids,66,2026-02-26T17:00:00,PT15M,2026-02-26T17:15Z,2026-02-26T17:00Z,0,1,1,10Y1001C--00090V,AUCTION-aFRR,B74,10YSK-SEPS-----K,EUR,A01,A01,20260226073-AFRR_P-UNIT_047-1,MWH,MAW,A01,A11,2026-02-26T17:15Z,2026-02-26T17:00Z
balancing_energy_bids,67,2026-02-26T17:00:00,PT15M,2026-02-26T17:15Z,2026-02-26T17:00Z,140,1,23,10Y1001C--00090V,AUCTION-aFRR,B74,10YSK-SEPS-----K,EUR,A01,A01,20260226073-AFRR_P-UNIT_052-1,MWH,MAW,A01,A06,2026-02-26T17:15Z,2026-02-26T17:00Z
balancing_energy_bids,68,2026-02-26T17:00:00,PT15M,2026-02-26T17:15Z,2026-02-26T17:00Z,166.53,1,1,10Y1001C--00090V,AUCTION-aFRR,B74,10YSK-SEPS-----K,EUR,A01,A01,20260226073-AFRR_P-UNIT_058-1,MWH,MAW,A01,A11,2026-02-26T17:15Z,2026-02-26T17:00Z
balancing_energy_bids,69,2026-02-26T17:00:00,PT15M,2026-02-26T17:15Z,2026-02-26T17:00Z,125,1,9,10Y1001C--00090V,AUCTION-aFRR,B74,10YSK-SEPS-----K,EUR,A01,A01,20260226073-AFRR_P-UNIT_062-1,MWH,MAW,A01,A06,2026-02-26T17:15Z,2026-02-26T17:00Z
balancing_energy_bids,70,2026-02-26T17:00:00,PT15M,2026-02-26T17:15Z,2026-02-26T17:00Z,140,1,10,10Y1001C--00090V,AUCTION-aFRR,B74,10YSK-SEPS-----K,EUR,A01,A01,20260226073-AFRR_P-UNIT_063-1,MWH,MAW,A01,A06,2026-02-26T17:15Z,2026-02-26T17:00Z
balancing_energy_bids,71,2026-02-26T17:00:00,PT15M,2026-02-26T17:15Z,2026-02-26T17:00Z,167.74,1,16,10Y1001C--00090V,AUCTION-aFRR,B74,10YSK-SEPS-----K,EUR,A01,A01,20260226073-AFRR_P-UNIT_065-1,MWH,MAW,A01,A06,2026-02-26T17:15Z,2026-02-26T17:00Z
balancing_energy_bids,72,2026-02-26T17:00:00,PT15M,2026-02-26T17:15Z,2026-02-26T17:00Z,150,1,8,10Y1001C--00090V,AUCTION-aFRR,B74,10YSK-SEPS-----K,EUR,A01,A01,20260226073-AFRR_P-UNIT_068-1,MWH,MAW,A01,A06,2026-02-26T17:15Z,2026-02-26T17:00Z
balancing_energy_bids,73,2026-02-26T17:00:00,PT15M,2026-02-26T17:15Z,2026-02-26T17:00Z,100,1,15,10Y1001C--00090V,AUCTION-aFRR,B74,10YSK-SEPS-----K,EUR,A01,A01,20260226073-AFRR_P-UNIT_069-1,MWH,MAW,A01,A06,2026-02-26T17:15Z,2026-02-26T17:00Z
balancing_energy_bids,74,2026-02-26T17:00:00,PT15M,2026-02-26T17:15Z,2026-02-26T17:00Z,750,1,11,10Y1001C--00090V,AUCTION-aFRR,B74,10YSK-SEPS-----K,EUR,A01,A01,20260226073-AFRR_P-UNIT_104-1,MWH,MAW,A01,A06,2026-02-26T17:15Z,2026-02-26T17:00Z
balancing_energy_bids,75,2026-02-26T17:00:00,PT15M,2026-02-26T17:15Z,2026-02-26T17:00Z,300,1,1,10Y1001C--00090V,AUCTION-aFRR,B74,10YSK-SEPS-----K,EUR,A01,A01,20260226073-AFRR_P-UNIT_106-1,MWH,MAW,A01,A11,2026-02-26T17:15Z,2026-02-26T17:00Z
balancing_energy_bids,76,2026-02-26T17:15:00,PT15M,2026-02-26T17:30Z,2026-02-26T17:15Z,-5,1,6,10Y1001C--00090V,AUCTION-aFRR,B74,10YSK-SEPS-----K,EUR,A01,A02,20260226074-AFRR_N-UNIT_003-1,MWH,MAW,A01,A06,2026-02-26T17:30Z,2026-02-26T17:15Z
balancing_energy_bids,77,2026-02-26T17:15:00,PT15M,2026-02-26T17:30Z,2026-02-26T17:15Z,-20,1,30,10Y1001C--00090V,AUCTION-aFRR,B74,10YSK-SEPS-----K,EUR,A01,A02,20260226074-AFRR_N-UNIT_013-1,MWH,MAW,A01,A06,2026-02-26T17:30Z,2026-02-26T17:15Z
balancing_energy_bids,78,2026-02-26T17:15:00,PT15M,2026-02-26T17:30Z,2026-02-26T17:15Z,-199,1,1,10Y1001C--00090V,AUCTION-aFRR,B74,10YSK-SEPS-----K,EUR,A01,A02,20260226074-AFRR_N-UNIT_019-1,MWH,MAW,A01,A11,2026-02-26T17:30Z,2026-02-26T17:15Z
balancing_energy_bids,79,2026-02-26T17:15:00,PT15M,2026-02-26T17:30Z,2026-02-26T17:15Z,-50,1,10,10Y1001C--00090V,AUCTION-aFRR,B74,10YSK-SEPS-----K,EUR,A01,A02,20260226074-AFRR_N-UNIT_028-1,MWH,MAW,A01,A06,2026-02-26T17:30Z,2026-02-26T17:15Z
balancing_energy_bids,80,2026-02-26T17:15:00,PT15M,2026-02-26T17:30Z,2026-02-26T17:15Z,10,1,7,10Y1001C--00090V,AUCTION-aFRR,B74,10YSK-SEPS-----K,EUR,A01,A02,20260226074-AFRR_N-UNIT_043-1,MWH,MAW,A01,A06,2026-02-26T17:30Z,2026-02-26T17:15Z
balancing_energy_bids,81,2026-02-26T17:15:00,PT15M,2026-02-26T17:30Z,2026-02-26T17:15Z,35,1,45,10Y1001C--00090V,AUCTION-aFRR,B74,10YSK-SEPS-----K,EUR,A01,A02,20260226074-AFRR_N-UNIT_049-1,MWH,MAW,A01,A06,2026-02-26T17:30Z,2026-02-26T17:15Z
balancing_energy_bids,82,2026-02-26T17:15:00,PT15M,2026-02-26T17:30Z,2026-02-26T17:15Z,-30,1,10,10Y1001C--00090V,AUCTION-aFRR,B74,10YSK-SEPS-----K,EUR,A01,A02,20260226074-AFRR_N-UNIT_052-1,MWH,MAW,A01,A06,2026-02-26T17:30Z,2026-02-26T17:15Z
balancing_energy_bids,83,2026-02-26T17:15:00,PT15M,2026-02-26T17:30Z,2026-02-26T17:15Z,-5,1,1,10Y1001C--00090V,AUCTION-aFRR,B74,10YSK-SEPS-----K,EUR,A01,A02,20260226074-AFRR_N-UNIT_058-1,MWH,MAW,A01,A11,2026-02-26T17:30Z,2026-02-26T17:15Z
balancing_energy_bids,84,2026-02-26T17:15:00,PT15M,2026-02-26T17:30Z,2026-02-26T17:15Z,-29,1,11,10Y1001C--00090V,AUCTION-aFRR,B74,10YSK-SEPS-----K,EUR,A01,A02,20260226074-AFRR_N-UNIT_062-1,MWH,MAW,A01,A06,2026-02-26T17:30Z,2026-02-26T17:15Z
balancing_energy_bids,85,2026-02-26T17:15:00,PT15M,2026-02-26T17:30Z,2026-02-26T17:15Z,-50,1,4,10Y1001C--00090V,AUCTION-aFRR,B74,10YSK-SEPS-----K,EUR,A01,A02,20260226074-AFRR_N-UNIT_068-1,MWH,MAW,A01,A06,2026-02-26T17:30Z,2026-02-26T17:15Z
balancing_energy_bids,86,2026-02-26T17:15:00,PT15M,2026-02-26T17:30Z,2026-02-26T17:15Z,-150,1,15,10Y1001C--00090V,AUCTION-aFRR,B74,10YSK-SEPS-----K,EUR,A01,A02,20260226074-AFRR_N-UNIT_069-1,MWH,MAW,A01,A06,2026-02-26T17:30Z,2026-02-26T17:15Z
balancing_energy_bids,87,2026-02-26T17:15:00,PT15M,2026-02-26T17:30Z,2026-02-26T17:15Z,-140.9,1,3,10Y1001C--00090V,AUCTION-aFRR,B74,10YSK-SEPS-----K,EUR,A01,A02,20260226074-AFRR_N-UNIT_089-1,MWH,MAW,A01,A06,2026-02-26T17:30Z,2026-02-26T17:15Z
balancing_energy_bids,88,2026-02-26T17:15:00,PT15M,2026-02-26T17:30Z,2026-02-26T17:15Z,0,1,7,10Y1001C--00090V,AUCTION-aFRR,B74,10YSK-SEPS-----K,EUR,A01,A02,20260226074-AFRR_N-UNIT_097-1,MWH,MAW,A01,A06,2026-02-26T17:30Z,2026-02-26T17:15Z
balancing_energy_bids,89,2026-02-26T17:15:00,PT15M,2026-02-26T17:30Z,2026-02-26T17:15Z,-100,1,4,10Y1001C--00090V,AUCTION-aFRR,B74,10YSK-SEPS-----K,EUR,A01,A02,20260226074-AFRR_N-UNIT_104-1,MWH,MAW,A01,A06,2026-02-26T17:30Z,2026-02-26T17:15Z
balancing_energy_bids,90,2026-02-26T17:15:00,PT15M,2026-02-26T17:30Z,2026-02-26T17:15Z,-19,1,1,10Y1001C--00090V,AUCTION-aFRR,B74,10YSK-SEPS-----K,EUR,A01,A02,20260226074-AFRR_N-UNIT_106-1,MWH,MAW,A01,A06,2026-02-26T17:30Z,2026-02-26T17:15Z
balancing_energy_bids,91,2026-02-26T17:15:00,PT15M,2026-02-26T17:30Z,2026-02-26T17:15Z,189,1,4,10Y1001C--00090V,AUCTION-aFRR,B74,10YSK-SEPS-----K,EUR,A01,A01,20260226074-AFRR_P-UNIT_003-1,MWH,MAW,A01,A06,2026-02-26T17:30Z,2026-02-26T17:15Z
balancing_energy_bids,92,2026-02-26T17:15:00,PT15M,2026-02-26T17:30Z,2026-02-26T17:15Z,251,1,1,10Y1001C--00090V,AUCTION-aFRR,B74,10YSK-SEPS-----K,EUR,A01,A01,20260226074-AFRR_P-UNIT_019-1,MWH,MAW,A01,A06,2026-02-26T17:30Z,2026-02-26T17:15Z
balancing_energy_bids,93,2026-02-26T17:15:00,PT15M,2026-02-26T17:30Z,2026-02-26T17:15Z,200,1,11,10Y1001C--00090V,AUCTION-aFRR,B74,10YSK-SEPS-----K,EUR,A01,A01,20260226074-AFRR_P-UNIT_028-1,MWH,MAW,A01,A06,2026-02-26T17:30Z,2026-02-26T17:15Z
balancing_energy_bids,94,2026-02-26T17:15:00,PT15M,2026-02-26T17:30Z,2026-02-26T17:15Z,167.92,1,32,10Y1001C--00090V,AUCTION-aFRR,B74,10YSK-SEPS-----K,EUR,A01,A01,20260226074-AFRR_P-UNIT_036-1,MWH,MAW,A01,A06,2026-02-26T17:30Z,2026-02-26T17:15Z
balancing_energy_bids,95,2026-02-26T17:15:00,PT15M,2026-02-26T17:30Z,2026-02-26T17:15Z,0,1,1,10Y1001C--00090V,AUCTION-aFRR,B74,10YSK-SEPS-----K,EUR,A01,A01,20260226074-AFRR_P-UNIT_047-1,MWH,MAW,A01,A11,2026-02-26T17:30Z,2026-02-26T17:15Z
balancing_energy_bids,96,2026-02-26T17:15:00,PT15M,2026-02-26T17:30Z,2026-02-26T17:15Z,140,1,23,10Y1001C--00090V,AUCTION-aFRR,B74,10YSK-SEPS-----K,EUR,A01,A01,20260226074-AFRR_P-UNIT_052-1,MWH,MAW,A01,A06,2026-02-26T17:30Z,2026-02-26T17:15Z
balancing_energy_bids,97,2026-02-26T17:15:00,PT15M,2026-02-26T17:30Z,2026-02-26T17:15Z,166.74,1,1,10Y1001C--00090V,AUCTION-aFRR,B74,10YSK-SEPS-----K,EUR,A01,A01,20260226074-AFRR_P-UNIT_058-1,MWH,MAW,A01,A11,2026-02-26T17:30Z,2026-02-26T17:15Z
balancing_energy_bids,98,2026-02-26T17:15:00,PT15M,2026-02-26T17:30Z,2026-02-26T17:15Z,125,1,9,10Y1001C--00090V,AUCTION-aFRR,B74,10YSK-SEPS-----K,EUR,A01,A01,20260226074-AFRR_P-UNIT_062-1,MWH,MAW,A01,A06,2026-02-26T17:30Z,2026-02-26T17:15Z
balancing_energy_bids,99,2026-02-26T17:15:00,PT15M,2026-02-26T17:30Z,2026-02-26T17:15Z,140,1,10,10Y1001C--00090V,AUCTION-aFRR,B74,10YSK-SEPS-----K,EUR,A01,A01,20260226074-AFRR_P-UNIT_063-1,MWH,MAW,A01,A06,2026-02-26T17:30Z,2026-02-26T17:15Z
balancing_energy_bids,100,2026-02-26T17:15:00,PT15M,2026-02-26T17:30Z,2026-02-26T17:15Z,167.92,1,16,10Y1001C--00090V,AUCTION-aFRR,B74,10YSK-SEPS-----K,EUR,A01,A01,20260226074-AFRR_P-UNIT_065-1,MWH,MAW,A01,A06,2026-02-26T17:30Z,2026-02-26T17:15Z
balancing_energy_bids,1,2026-02-26T17:15:00,PT15M,2026-02-26T17:30Z,2026-02-26T17:15Z,150,1,8,10Y1001C--00090V,AUCTION-aFRR,B74,10YSK-SEPS-----K,EUR,A01,A01,20260226074-AFRR_P-UNIT_068-1,MWH,MAW,A01,A06,2026-02-26T17:30Z,2026-02-26T17:15Z
balancing_energy_bids,2,2026-02-26T17:15:00,PT15M,2026-02-26T17:30Z,2026-02-26T17:15Z,100,1,15,10Y1001C--00090V,AUCTION-aFRR,B74,10YSK-SEPS-----K,EUR,A01,A01,20260226074-AFRR_P-UNIT_069-1,MWH,MAW,A01,A06,2026-02-26T17:30Z,2026-02-26T17:15Z
balancing_energy_bids,3,2026-02-26T17:15:00,PT15M,2026-02-26T17:30Z,2026-02-26T17:15Z,750,1,11,10Y1001C--00090V,AUCTION-aFRR,B74,10YSK-SEPS-----K,EUR,A01,A01,20260226074-AFRR_P-UNIT_104-1,MWH,MAW,A01,A06,2026-02-26T17:30Z,2026-02-26T17:15Z
balancing_energy_bids,4,2026-02-26T17:15:00,PT15M,2026-02-26T17:30Z,2026-02-26T17:15Z,300,1,1,10Y1001C--00090V,AUCTION-aFRR,B74,10YSK-SEPS-----K,EUR,A01,A01,20260226074-AFRR_P-UNIT_106-1,MWH,MAW,A01,A11,2026-02-26T17:30Z,2026-02-26T17:15Z
balancing_energy_bids,5,2026-02-26T17:30:00,PT15M,2026-02-26T17:45Z,2026-02-26T17:30Z,-5,1,6,10Y1001C--00090V,AUCTION-aFRR,B74,10YSK-SEPS-----K,EUR,A01,A02,20260226075-AFRR_N-UNIT_003-1,MWH,MAW,A01,A06,2026-02-26T17:45Z,2026-02-26T17:30Z
balancing_energy_bids,6,2026-02-26T17:30:00,PT15M,2026-02-26T17:45Z,2026-02-26T17:30Z,-20,1,30,10Y1001C--00090V,AUCTION-aFRR,B74,10YSK-SEPS-----K,EUR,A01,A02,20260226075-AFRR_N-UNIT_013-1,MWH,MAW,A01,A06,2026-02-26T17:45Z,2026-02-26T17:30Z
balancing_energy_bids,7,2026-02-26T17:30:00,PT15M,2026-02-26T17:45Z,2026-02-26T17:30Z,-199,1,1,10Y1001C--00090V,AUCTION-aFRR,B74,10YSK-SEPS-----K,EUR,A01,A02,20260226075-AFRR_N-UNIT_019-1,MWH,MAW,A01,A11,2026-02-26T17:45Z,2026-02-26T17:30Z
balancing_energy_bids,8,2026-02-26T17:30:00,PT15M,2026-02-26T17:45Z,2026-02-26T17:30Z,-50,1,10,10Y1001C--00090V,AUCTION-aFRR,B74,10YSK-SEPS-----K,EUR,A01,A02,20260226075-AFRR_N-UNIT_028-1,MWH,MAW,A01,A06,2026-02-26T17:45Z,2026-02-26T17:30Z
balancing_energy_bids,9,2026-02-26T17:30:00,PT15M,2026-02-26T17:45Z,2026-02-26T17:30Z,10,1,7,10Y1001C--00090V,AUCTION-aFRR,B74,10YSK-SEPS-----K,EUR,A01,A02,20260226075-AFRR_N-UNIT_043-1,MWH,MAW,A01,A06,2026-02-26T17:45Z,2026-02-26T17:30Z
balancing_energy_bids,10,2026-02-26T17:30:00,PT15M,2026-02-26T17:45Z,2026-02-26T17:30Z,35,1,45,10Y1001C--00090V,AUCTION-aFRR,B74,10YSK-SEPS-----K,EUR,A01,A02,20260226075-AFRR_N-UNIT_049-1,MWH,MAW,A01,A06,2026-02-26T17:45Z,2026-02-26T17:30Z
balancing_energy_bids,11,2026-02-26T17:30:00,PT15M,2026-02-26T17:45Z,2026-02-26T17:30Z,-30,1,10,10Y1001C--00090V,AUCTION-aFRR,B74,10YSK-SEPS-----K,EUR,A01,A02,20260226075-AFRR_N-UNIT_052-1,MWH,MAW,A01,A06,2026-02-26T17:45Z,2026-02-26T17:30Z
balancing_energy_bids,12,2026-02-26T17:30:00,PT15M,2026-02-26T17:45Z,2026-02-26T17:30Z,-5,1,1,10Y1001C--00090V,AUCTION-aFRR,B74,10YSK-SEPS-----K,EUR,A01,A02,20260226075-AFRR_N-UNIT_058-1,MWH,MAW,A01,A11,2026-02-26T17:45Z,2026-02-26T17:30Z
balancing_energy_bids,13,2026-02-26T17:30:00,PT15M,2026-02-26T17:45Z,2026-02-26T17:30Z,-29,1,11,10Y1001C--00090V,AUCTION-aFRR,B74,10YSK-SEPS-----K,EUR,A01,A02,20260226075-AFRR_N-UNIT_062-1,MWH,MAW,A01,A06,2026-02-26T17:45Z,2026-02-26T17:30Z
balancing_energy_bids,14,2026-02-26T17:30:00,PT15M,2026-02-26T17:45Z,2026-02-26T17:30Z,-50,1,4,10Y1001C--00090V,AUCTION-aFRR,B74,10YSK-SEPS-----K,EUR,A01,A02,20260226075-AFRR_N-UNIT_068-1,MWH,MAW,A01,A06,2026-02-26T17:45Z,2026-02-26T17:30Z
balancing_energy_bids,15,2026-02-26T17:30:00,PT15M,2026-02-26T17:45Z,2026-02-26T17:30Z,-150,1,15,10Y1001C--00090V,AUCTION-aFRR,B74,10YSK-SEPS-----K,EUR,A01,A02,20260226075-AFRR_N-UNIT_069-1,MWH,MAW,A01,A06,2026-02-26T17:45Z,2026-02-26T17:30Z
balancing_energy_bids,16,2026-02-26T17:30:00,PT15M,2026-02-26T17:45Z,2026-02-26T17:30Z,-140.37,1,3,10Y1001C--00090V,AUCTION-aFRR,B74,10YSK-SEPS-----K,EUR,A01,A02,20260226075-AFRR_N-UNIT_089-1,MWH,MAW,A01,A06,2026-02-26T17:45Z,2026-02-26T17:30Z
balancing_energy_bids,17,2026-02-26T17:30:00,PT15M,2026-02-26T17:45Z,2026-02-26T17:30Z,0,1,7,10Y1001C--00090V,AUCTION-aFRR,B74,10YSK-SEPS-----K,EUR,A01,A02,20260226075-AFRR_N-UNIT_097-1,MWH,MAW,A01,A06,2026-02-26T17:45Z,2026-02-26T17:30Z
balancing_energy_bids,18,2026-02-26T17:30:00,PT15M,2026-02-26T17:45Z,2026-02-26T17:30Z,-100,1,4,10Y1001C--00090V,AUCTION-aFRR,B74,10YSK-SEPS-----K,EUR,A01,A02,20260226075-AFRR_N-UNIT_104-1,MWH,MAW,A01,A06,2026-02-26T17:45Z,2026-02-26T17:30Z
balancing_energy_bids,19,2026-02-26T17:30:00,PT15M,2026-02-26T17:45Z,2026-02-26T17:30Z,-19,1,1,10Y1001C--00090V,AUCTION-aFRR,B74,10YSK-SEPS-----K,EUR,A01,A02,20260226075-AFRR_N-UNIT_106-1,MWH,MAW,A01,A06,2026-02-26T17:45Z,2026-02-26T17:30Z
balancing_energy_bids,20,2026-02-26T17:30:00,PT15M,2026-02-26T17:45Z,2026-02-26T17:30Z,189,1,4,10Y1001C--00090V,AUCTION-aFRR,B74,10YSK-SEPS-----K,EUR,A01,A01,20260226075-AFRR_P-UNIT_003-1,MWH,MAW,A01,A06,2026-02-26T17:45Z,2026-02-26T17:30Z
balancing_energy_bids,21,2026-02-26T17:30:00,PT15M,2026-02-26T17:45Z,2026-02-26T17:30Z,251,1,1,10Y1001C--00090V,AUCTION-aFRR,B74,10YSK-SEPS-----K,EUR,A01,A01,20260226075-AFRR_P-UNIT_019-1,MWH,MAW,A01,A06,2026-02-26T17:45Z,2026-02-26T17:30Z
balancing_energy_bids,22,2026-02-26T17:30:00,PT15M,2026-02-26T17:45Z,2026-02-26T17:30Z,50,1,11,10Y1001C--00090V,AUCTION-aFRR,B74,10YSK-SEPS-----K,EUR,A01,A01,20260226075-AFRR_P-UNIT_028-1,MWH,MAW,A01,A06,2026-02-26T17:45Z,2026-02-26T17:30Z
balancing_energy_bids,23,2026-02-26T17:30:00,PT15M,2026-02-26T17:45Z,2026-02-26T17:30Z,168.55,1,32,10Y1001C--00090V,AUCTION-aFRR,B74,10YSK-SEPS-----K,EUR,A01,A01,20260226075-AFRR_P-UNIT_036-1,MWH,MAW,A01,A06,2026-02-26T17:45Z,2026-02-26T17:30Z
balancing_energy_bids,24,2026-02-26T17:30:00,PT15M,2026-02-26T17:45Z,2026-02-26T17:30Z,0,1,1,10Y1001C--00090V,AUCTION-aFRR,B74,10YSK-SEPS-----K,EUR,A01,A01,20260226075-AFRR_P-UNIT_047-1,MWH,MAW,A01,A11,2026-02-26T17:45Z,2026-02-26T17:30Z
balancing_energy_bids,25,2026-02-26T17:30:00,PT15M,2026-02-26T17:45Z,2026-02-26T17:30Z,140,1,23,10Y1001C--00090V,AUCTION-aFRR,B74,10YSK-SEPS-----K,EUR,A01,A01,20260226075-AFRR_P-UNIT_052-1,MWH,MAW,A01,A06,2026-02-26T17:45Z,2026-02-26T17:30Z
balancing_energy_bids,26,2026-02-26T17:30:00,PT15M,2026-02-26T17:45Z,2026-02-26T17:30Z,167.48,1,1,10Y1001C--00090V,AUCTION-aFRR,B74,10YSK-SEPS-----K,EUR,A01,A01,20260226075-AFRR_P-UNIT_058-1,MWH,MAW,A01,A11,2026-02-26T17:45Z,2026-02-26T17:30Z
balancing_energy_bids,27,2026-02-26T17:30:00,PT15M,2026-02-26T17:45Z,2026-02-26T17:30Z,126,1,9,10Y1001C--00090V,AUCTION-aFRR,B74,10YSK-SEPS-----K,EUR,A01,A01,20260226075-AFRR_P-UNIT_062-1,MWH,MAW,A01,A06,2026-02-26T17:45Z,2026-02-26T17:30Z
balancing_energy_bids,28,2026-02-26T17:30:00,PT15M,2026-02-26T17:45Z,2026-02-26T17:30Z,140,1,10,10Y1001C--00090V,AUCTION-aFRR,B74,10YSK-SEPS-----K,EUR,A01,A01,20260226075-AFRR_P-UNIT_063-1,MWH,MAW,A01,A06,2026-02-26T17:45Z,2026-02-26T17:30Z
balancing_energy_bids,29,2026-02-26T17:30:00,PT15M,2026-02-26T17:45Z,2026-02-26T17:30Z,168.55,1,16,10Y1001C--00090V,AUCTION-aFRR,B74,10YSK-SEPS-----K,EUR,A01,A01,20260226075-AFRR_P-UNIT_065-1,MWH,MAW,A01,A06,2026-02-26T17:45Z,2026-02-26T17:30Z
balancing_energy_bids,30,2026-02-26T17:30:00,PT15M,2026-02-26T17:45Z,2026-02-26T17:30Z,150,1,8,10Y1001C--00090V,AUCTION-aFRR,B74,10YSK-SEPS-----K,EUR,A01,A01,20260226075-AFRR_P-UNIT_068-1,MWH,MAW,A01,A06,2026-02-26T17:45Z,2026-02-26T17:30Z
balancing_energy_bids,31,2026-02-26T17:30:00,PT15M,2026-02-26T17:45Z,2026-02-26T17:30Z,100,1,15,10Y1001C--00090V,AUCTION-aFRR,B74,10YSK-SEPS-----K,EUR,A01,A01,20260226075-AFRR_P-UNIT_069-1,MWH,MAW,A01,A06,2026-02-26T17:45Z,2026-02-26T17:30Z
balancing_energy_bids,32,2026-02-26T17:30:00,PT15M,2026-02-26T17:45Z,2026-02-26T17:30Z,750,1,11,10Y1001C--00090V,AUCTION-aFRR,B74,10YSK-SEPS-----K,EUR,A01,A01,20260226075-AFRR_P-UNIT_104-1,MWH,MAW,A01,A06,2026-02-26T17:45Z,2026-02-26T17:30Z
balancing_energy_bids,33,2026-02-26T17:30:00,PT15M,2026-02-26T17:45Z,2026-02-26T17:30Z,300,1,1,10Y1001C--00090V,AUCTION-aFRR,B74,10YSK-SEPS-----K,EUR,A01,A01,20260226075-AFRR_P-UNIT_106-1,MWH,MAW,A01,A11,2026-02-26T17:45Z,2026-02-26T17:30Z
balancing_energy_bids,34,2026-02-26T18:00:00,PT15M,2026-02-26T18:15Z,2026-02-26T18:00Z,-5,1,6,10Y1001C--00090V,AUCTION-aFRR,B74,10YSK-SEPS-----K,EUR,A01,A02,20260226077-AFRR_N-UNIT_003-1,MWH,MAW,A01,A06,2026-02-26T18:15Z,2026-02-26T18:00Z
balancing_energy_bids,35,2026-02-26T18:00:00,PT15M,2026-02-26T18:15Z,2026-02-26T18:00Z,-20,1,30,10Y1001C--00090V,AUCTION-aFRR,B74,10YSK-SEPS-----K,EUR,A01,A02,20260226077-AFRR_N-UNIT_013-1,MWH,MAW,A01,A06,2026-02-26T18:15Z,2026-02-26T18:00Z
balancing_energy_bids,36,2026-02-26T18:00:00,PT15M,2026-02-26T18:15Z,2026-02-26T18:00Z,-199,1,1,10Y1001C--00090V,AUCTION-aFRR,B74,10YSK-SEPS-----K,EUR,A01,A02,20260226077-AFRR_N-UNIT_019-1,MWH,MAW,A01,A11,2026-02-26T18:15Z,2026-02-26T18:00Z
balancing_energy_bids,37,2026-02-26T18:00:00,PT15M,2026-02-26T18:15Z,2026-02-26T18:00Z,-50,1,10,10Y1001C--00090V,AUCTION-aFRR,B74,10YSK-SEPS-----K,EUR,A01,A02,20260226077-AFRR_N-UNIT_028-1,MWH,MAW,A01,A06,2026-02-26T18:15Z,2026-02-26T18:00Z
balancing_energy_bids,38,2026-02-26T18:00:00,PT15M,2026-02-26T18:15Z,2026-02-26T18:00Z,10,1,7,10Y1001C--00090V,AUCTION-aFRR,B74,10YSK-SEPS-----K,EUR,A01,A02,20260226077-AFRR_N-UNIT_043-1,MWH,MAW,A01,A06,2026-02-26T18:15Z,2026-02-26T18:00Z
balancing_energy_bids,39,2026-02-26T18:00:00,PT15M,2026-02-26T18:15Z,2026-02-26T18:00Z,35,1,45,10Y1001C--00090V,AUCTION-aFRR,B74,10YSK-SEPS-----K,EUR,A01,A02,20260226077-AFRR_N-UNIT_049-1,MWH,MAW,A01,A06,2026-02-26T18:15Z,2026-02-26T18:00Z
balancing_energy_bids,40,2026-02-26T18:00:00,PT15M,2026-02-26T18:15Z,2026-02-26T18:00Z,-30,1,10,10Y1001C--00090V,AUCTION-aFRR,B74,10YSK-SEPS-----K,EUR,A01,A02,20260226077-AFRR_N-UNIT_052-1,MWH,MAW,A01,A06,2026-02-26T18:15Z,2026-02-26T18:00Z
balancing_energy_bids,41,2026-02-26T18:00:00,PT15M,2026-02-26T18:15Z,2026-02-26T18:00Z,-5,1,1,10Y1001C--00090V,AUCTION-aFRR,B74,10YSK-SEPS-----K,EUR,A01,A02,20260226077-AFRR_N-UNIT_058-1,MWH,MAW,A01,A11,2026-02-26T18:15Z,2026-02-26T18:00Z
balancing_energy_bids,42,2026-02-26T18:00:00,PT15M,2026-02-26T18:15Z,2026-02-26T18:00Z,-29,1,11,10Y1001C--00090V,AUCTION-aFRR,B74,10YSK-SEPS-----K,EUR,A01,A02,20260226077-AFRR_N-UNIT_062-1,MWH,MAW,A01,A06,2026-02-26T18:15Z,2026-02-26T18:00Z
balancing_energy_bids,43,2026-02-26T18:00:00,PT15M,2026-02-26T18:15Z,2026-02-26T18:00Z,-50,1,4,10Y1001C--00090V,AUCTION-aFRR,B74,10YSK-SEPS-----K,EUR,A01,A02,20260226077-AFRR_N-UNIT_068-1,MWH,MAW,A01,A06,2026-02-26T18:15Z,2026-02-26T18:00Z
balancing_energy_bids,44,2026-02-26T18:00:00,PT15M,2026-02-26T18:15Z,2026-02-26T18:00Z,-150,1,15,10Y1001C--00090V,AUCTION-aFRR,B74,10YSK-SEPS-----K,EUR,A01,A02,20260226077-AFRR_N-UNIT_069-1,MWH,MAW,A01,A06,2026-02-26T18:15Z,2026-02-26T18:00Z
balancing_energy_bids,45,2026-02-26T18:00:00,PT15M,2026-02-26T18:15Z,2026-02-26T18:00Z,-139.04,1,3,10Y1001C--00090V,AUCTION-aFRR,B74,10YSK-SEPS-----K,EUR,A01,A02,20260226077-AFRR_N-UNIT_089-1,MWH,MAW,A01,A06,2026-02-26T18:15Z,2026-02-26T18:00Z
balancing_energy_bids,46,2026-02-26T18:00:00,PT15M,2026-02-26T18:15Z,2026-02-26T18:00Z,0,1,7,10Y1001C--00090V,AUCTION-aFRR,B74,10YSK-SEPS-----K,EUR,A01,A02,20260226077-AFRR_N-UNIT_097-1,MWH,MAW,A01,A06,2026-02-26T18:15Z,2026-02-26T18:00Z
balancing_energy_bids,47,2026-02-26T18:00:00,PT15M,2026-02-26T18:15Z,2026-02-26T18:00Z,-100,1,4,10Y1001C--00090V,AUCTION-aFRR,B74,10YSK-SEPS-----K,EUR,A01,A02,20260226077-AFRR_N-UNIT_104-1,MWH,MAW,A01,A06,2026-02-26T18:15Z,2026-02-26T18:00Z
balancing_energy_bids,48,2026-02-26T18:00:00,PT15M,2026-02-26T18:15Z,2026-02-26T18:00Z,-19,1,1,10Y1001C--00090V,AUCTION-aFRR,B74,10YSK-SEPS-----K,EUR,A01,A02,20260226077-AFRR_N-UNIT_106-1,MWH,MAW,A01,A06,2026-02-26T18:15Z,2026-02-26T18:00Z
balancing_energy_bids,49,2026-02-26T18:00:00,PT15M,2026-02-26T18:15Z,2026-02-26T18:00Z,189,1,4,10Y1001C--00090V,AUCTION-aFRR,B74,10YSK-SEPS-----K,EUR,A01,A01,20260226077-AFRR_P-UNIT_003-1,MWH,MAW,A01,A06,2026-02-26T18:15Z,2026-02-26T18:00Z
balancing_energy_bids,50,2026-02-26T18:00:00,PT15M,2026-02-26T18:15Z,2026-02-26T18:00Z,251,1,1,10Y1001C--00090V,AUCTION-aFRR,B74,10YSK-SEPS-----K,EUR,A01,A01,20260226077-AFRR_P-UNIT_019-1,MWH,MAW,A01,A06,2026-02-26T18:15Z,2026-02-26T18:00Z
balancing_energy_bids,51,2026-02-26T18:00:00,PT15M,2026-02-26T18:15Z,2026-02-26T18:00Z,50,1,11,10Y1001C--00090V,AUCTION-aFRR,B74,10YSK-SEPS-----K,EUR,A01,A01,20260226077-AFRR_P-UNIT_028-1,MWH,MAW,A01,A06,2026-02-26T18:15Z,2026-02-26T18:00Z
balancing_energy_bids,52,2026-02-26T18:00:00,PT15M,2026-02-26T18:15Z,2026-02-26T18:00Z,170.15,1,32,10Y1001C--00090V,AUCTION-aFRR,B74,10YSK-SEPS-----K,EUR,A01,A01,20260226077-AFRR_P-UNIT_036-1,MWH,MAW,A01,A06,2026-02-26T18:15Z,2026-02-26T18:00Z
balancing_energy_bids,53,2026-02-26T18:00:00,PT15M,2026-02-26T18:15Z,2026-02-26T18:00Z,0,1,1,10Y1001C--00090V,AUCTION-aFRR,B74,10YSK-SEPS-----K,EUR,A01,A01,20260226077-AFRR_P-UNIT_047-1,MWH,MAW,A01,A11,2026-02-26T18:15Z,2026-02-26T18:00Z
balancing_energy_bids,54,2026-02-26T18:00:00,PT15M,2026-02-26T18:15Z,2026-02-26T18:00Z,140,1,23,10Y1001C--00090V,AUCTION-aFRR,B74,10YSK-SEPS-----K,EUR,A01,A01,20260226077-AFRR_P-UNIT_052-1,MWH,MAW,A01,A06,2026-02-26T18:15Z,2026-02-26T18:00Z
balancing_energy_bids,55,2026-02-26T18:00:00,PT15M,2026-02-26T18:15Z,2026-02-26T18:00Z,169.34,1,1,10Y1001C--00090V,AUCTION-aFRR,B74,10YSK-SEPS-----K,EUR,A01,A01,20260226077-AFRR_P-UNIT_058-1,MWH,MAW,A01,A11,2026-02-26T18:15Z,2026-02-26T18:00Z
balancing_energy_bids,56,2026-02-26T18:00:00,PT15M,2026-02-26T18:15Z,2026-02-26T18:00Z,127,1,9,10Y1001C--00090V,AUCTION-aFRR,B74,10YSK-SEPS-----K,EUR,A01,A01,20260226077-AFRR_P-UNIT_062-1,MWH,MAW,A01,A06,2026-02-26T18:15Z,2026-02-26T18:00Z
balancing_energy_bids,57,2026-02-26T18:00:00,PT15M,2026-02-26T18:15Z,2026-02-26T18:00Z,140,1,10,10Y1001C--00090V,AUCTION-aFRR,B74,10YSK-SEPS-----K,EUR,A01,A01,20260226077-AFRR_P-UNIT_063-1,MWH,MAW,A01,A06,2026-02-26T18:15Z,2026-02-26T18:00Z
balancing_energy_bids,58,2026-02-26T18:00:00,PT15M,2026-02-26T18:15Z,2026-02-26T18:00Z,170.15,1,16,10Y1001C--00090V,AUCTION-aFRR,B74,10YSK-SEPS-----K,EUR,A01,A01,20260226077-AFRR_P-UNIT_065-1,MWH,MAW,A01,A06,2026-02-26T18:15Z,2026-02-26T18:00Z
balancing_energy_bids,59,2026-02-26T18:00:00,PT15M,2026-02-26T18:15Z,2026-02-26T18:00Z,150,1,8,10Y1001C--00090V,AUCTION-aFRR,B74,10YSK-SEPS-----K,EUR,A01,A01,20260226077-AFRR_P-UNIT_068-1,MWH,MAW,A01,A06,2026-02-26T18:15Z,2026-02-26T18:00Z
balancing_energy_bids,60,2026-02-26T18:00:00,PT15M,2026-02-26T18:15Z,2026-02-26T18:00Z,100,1,15,10Y1001C--00090V,AUCTION-aFRR,B74,10YSK-SEPS-----K,EUR,A01,A01,20260226077-AFRR_P-UNIT_069-1,MWH,MAW,A01,A06,2026-02-26T18:15Z,2026-02-26T18:00Z
balancing_energy_bids,61,2026-02-26T18:00:00,PT15M,2026-02-26T18:15Z,2026-02-26T18:00Z,750,1,11,10Y1001C--00090V,AUCTION-aFRR,B74,10YSK-SEPS-----K,EUR,A01,A01,20260226077-AFRR_P-UNIT_104-1,MWH,MAW,A01,A06,2026-02-26T18:15Z,2026-02-26T18:00Z
balancing_energy_bids,62,2026-02-26T18:00:00,PT15M,2026-02-26T18:15Z,2026-02-26T18:00Z,300,1,1,10Y1001C--00090V,AUCTION-aFRR,B74,10YSK-SEPS-----K,EUR,A01,A01,20260226077-AFRR_P-UNIT_106-1,MWH,MAW,A01,A11,2026-02-26T18:15Z,2026-02-26T18:00Z
balancing_energy_bids,63,2026-02-26T18:30:00,PT15M,2026-02-26T18:45Z,2026-02-26T18:30Z,-5,1,6,10Y1001C--00090V,AUCTION-aFRR,B74,10YSK-SEPS-----K,EUR,A01,A02,20260226079-AFRR_N-UNIT_003-1,MWH,MAW,A01,A06,2026-02-26T18:45Z,2026-02-26T18:30Z
balancing_energy_bids,64,2026-02-26T18:30:00,PT15M,2026-02-26T18:45Z,2026-02-26T18:30Z,-20,1,30,10Y1001C--00090V,AUCTION-aFRR,B74,10YSK-SEPS-----K,EUR,A01,A02,20260226079-AFRR_N-UNIT_013-1,MWH,MAW,A01,A06,2026-02-26T18:45Z,2026-02-26T18:30Z
balancing_energy_bids,65,2026-02-26T18:30:00,PT15M,2026-02-26T18:45Z,2026-02-26T18:30Z,-199,1,1,10Y1001C--00090V,AUCTION-aFRR,B74,10YSK-SEPS-----K,EUR,A01,A02,20260226079-AFRR_N-UNIT_019-1,MWH,MAW,A01,A11,2026-02-26T18:45Z,2026-02-26T18:30Z
balancing_energy_bids,66,2026-02-26T18:30:00,PT15M,2026-02-26T18:45Z,2026-02-26T18:30Z,-50,1,10,10Y1001C--00090V,AUCTION-aFRR,B74,10YSK-SEPS-----K,EUR,A01,A02,20260226079-AFRR_N-UNIT_028-1,MWH,MAW,A01,A06,2026-02-26T18:45Z,2026-02-26T18:30Z
balancing_energy_bids,67,2026-02-26T18:30:00,PT15M,2026-02-26T18:45Z,2026-02-26T18:30Z,10,1,7,10Y1001C--00090V,AUCTION-aFRR,B74,10YSK-SEPS-----K,EUR,A01,A02,20260226079-AFRR_N-UNIT_043-1,MWH,MAW,A01,A06,2026-02-26T18:45Z,2026-02-26T18:30Z
balancing_energy_bids,68,2026-02-26T18:30:00,PT15M,2026-02-26T18:45Z,2026-02-26T18:30Z,35,1,45,10Y1001C--00090V,AUCTION-aFRR,B74,10YSK-SEPS-----K,EUR,A01,A02,20260226079-AFRR_N-UNIT_049-1,MWH,MAW,A01,A06,2026-02-26T18:45Z,2026-02-26T18:30Z
balancing_energy_bids,69,2026-02-26T18:30:00,PT15M,2026-02-26T18:45Z,2026-02-26T18:30Z,-30,1,10,10Y1001C--00090V,AUCTION-aFRR,B74,10YSK-SEPS-----K,EUR,A01,A02,20260226079-AFRR_N-UNIT_052-1,MWH,MAW,A01,A06,2026-02-26T18:45Z,2026-02-26T18:30Z
balancing_energy_bids,70,2026-02-26T18:30:00,PT15M,2026-02-26T18:45Z,2026-02-26T18:30Z,-5,1,1,10Y1001C--00090V,AUCTION-aFRR,B74,10YSK-SEPS-----K,EUR,A01,A02,20260226079-AFRR_N-UNIT_058-1,MWH,MAW,A01,A11,2026-02-26T18:45Z,2026-02-26T18:30Z
balancing_energy_bids,71,2026-02-26T18:30:00,PT15M,2026-02-26T18:45Z,2026-02-26T18:30Z,-29,1,11,10Y1001C--00090V,AUCTION-aFRR,B74,10YSK-SEPS-----K,EUR,A01,A02,20260226079-AFRR_N-UNIT_062-1,MWH,MAW,A01,A06,2026-02-26T18:45Z,2026-02-26T18:30Z
balancing_energy_bids,72,2026-02-26T18:30:00,PT15M,2026-02-26T18:45Z,2026-02-26T18:30Z,-50,1,4,10Y1001C--00090V,AUCTION-aFRR,B74,10YSK-SEPS-----K,EUR,A01,A02,20260226079-AFRR_N-UNIT_068-1,MWH,MAW,A01,A06,2026-02-26T18:45Z,2026-02-26T18:30Z
balancing_energy_bids,73,2026-02-26T18:30:00,PT15M,2026-02-26T18:45Z,2026-02-26T18:30Z,-150,1,15,10Y1001C--00090V,AUCTION-aFRR,B74,10YSK-SEPS-----K,EUR,A01,A02,20260226079-AFRR_N-UNIT_069-1,MWH,MAW,A01,A06,2026-02-26T18:45Z,2026-02-26T18:30Z
balancing_energy_bids,74,2026-02-26T18:30:00,PT15M,2026-02-26T18:45Z,2026-02-26T18:30Z,-159.22,1,3,10Y1001C--00090V,AUCTION-aFRR,B74,10YSK-SEPS-----K,EUR,A01,A02,20260226079-AFRR_N-UNIT_089-1,MWH,MAW,A01,A06,2026-02-26T18:45Z,2026-02-26T18:30Z
balancing_energy_bids,75,2026-02-26T18:30:00,PT15M,2026-02-26T18:45Z,2026-02-26T18:30Z,0,1,7,10Y1001C--00090V,AUCTION-aFRR,B74,10YSK-SEPS-----K,EUR,A01,A02,20260226079-AFRR_N-UNIT_097-1,MWH,MAW,A01,A06,2026-02-26T18:45Z,2026-02-26T18:30Z
balancing_energy_bids,76,2026-02-26T18:30:00,PT15M,2026-02-26T18:45Z,2026-02-26T18:30Z,-100,1,4,10Y1001C--00090V,AUCTION-aFRR,B74,10YSK-SEPS-----K,EUR,A01,A02,20260226079-AFRR_N-UNIT_104-1,MWH,MAW,A01,A06,2026-02-26T18:45Z,2026-02-26T18:30Z
balancing_energy_bids,77,2026-02-26T18:30:00,PT15M,2026-02-26T18:45Z,2026-02-26T18:30Z,-19,1,1,10Y1001C--00090V,AUCTION-aFRR,B74,10YSK-SEPS-----K,EUR,A01,A02,20260226079-AFRR_N-UNIT_106-1,MWH,MAW,A01,A06,2026-02-26T18:45Z,2026-02-26T18:30Z
balancing_energy_bids,78,2026-02-26T18:30:00,PT15M,2026-02-26T18:45Z,2026-02-26T18:30Z,189,1,4,10Y1001C--00090V,AUCTION-aFRR,B74,10YSK-SEPS-----K,EUR,A01,A01,20260226079-AFRR_P-UNIT_003-1,MWH,MAW,A01,A06,2026-02-26T18:45Z,2026-02-26T18:30Z
balancing_energy_bids,79,2026-02-26T18:30:00,PT15M,2026-02-26T18:45Z,2026-02-26T18:30Z,251,1,1,10Y1001C--00090V,AUCTION-aFRR,B74,10YSK-SEPS-----K,EUR,A01,A01,20260226079-AFRR_P-UNIT_019-1,MWH,MAW,A01,A06,2026-02-26T18:45Z,2026-02-26T18:30Z
balancing_energy_bids,80,2026-02-26T18:30:00,PT15M,2026-02-26T18:45Z,2026-02-26T18:30Z,50,1,11,10Y1001C--00090V,AUCTION-aFRR,B74,10YSK-SEPS-----K,EUR,A01,A01,20260226079-AFRR_P-UNIT_028-1,MWH,MAW,A01,A06,2026-02-26T18:45Z,2026-02-26T18:30Z
balancing_energy_bids,81,2026-02-26T18:30:00,PT15M,2026-02-26T18:45Z,2026-02-26T18:30Z,165,1,32,10Y1001C--00090V,AUCTION-aFRR,B74,10YSK-SEPS-----K,EUR,A01,A01,20260226079-AFRR_P-UNIT_036-1,MWH,MAW,A01,A06,2026-02-26T18:45Z,2026-02-26T18:30Z
balancing_energy_bids,82,2026-02-26T18:30:00,PT15M,2026-02-26T18:45Z,2026-02-26T18:30Z,0,1,1,10Y1001C--00090V,AUCTION-aFRR,B74,10YSK-SEPS-----K,EUR,A01,A01,20260226079-AFRR_P-UNIT_047-1,MWH,MAW,A01,A11,2026-02-26T18:45Z,2026-02-26T18:30Z
balancing_energy_bids,83,2026-02-26T18:30:00,PT15M,2026-02-26T18:45Z,2026-02-26T18:30Z,140,1,23,10Y1001C--00090V,AUCTION-aFRR,B74,10YSK-SEPS-----K,EUR,A01,A01,20260226079-AFRR_P-UNIT_052-1,MWH,MAW,A01,A06,2026-02-26T18:45Z,2026-02-26T18:30Z
balancing_energy_bids,84,2026-02-26T18:30:00,PT15M,2026-02-26T18:45Z,2026-02-26T18:30Z,141.09,1,1,10Y1001C--00090V,AUCTION-aFRR,B74,10YSK-SEPS-----K,EUR,A01,A01,20260226079-AFRR_P-UNIT_058-1,MWH,MAW,A01,A11,2026-02-26T18:45Z,2026-02-26T18:30Z
balancing_energy_bids,85,2026-02-26T18:30:00,PT15M,2026-02-26T18:45Z,2026-02-26T18:30Z,121,1,9,10Y1001C--00090V,AUCTION-aFRR,B74,10YSK-SEPS-----K,EUR,A01,A01,20260226079-AFRR_P-UNIT_062-1,MWH,MAW,A01,A06,2026-02-26T18:45Z,2026-02-26T18:30Z
balancing_energy_bids,86,2026-02-26T18:30:00,PT15M,2026-02-26T18:45Z,2026-02-26T18:30Z,140,1,10,10Y1001C--00090V,AUCTION-aFRR,B74,10YSK-SEPS-----K,EUR,A01,A01,20260226079-AFRR_P-UNIT_063-1,MWH,MAW,A01,A06,2026-02-26T18:45Z,2026-02-26T18:30Z
balancing_energy_bids,87,2026-02-26T18:30:00,PT15M,2026-02-26T18:45Z,2026-02-26T18:30Z,165,1,16,10Y1001C--00090V,AUCTION-aFRR,B74,10YSK-SEPS-----K,EUR,A01,A01,20260226079-AFRR_P-UNIT_065-1,MWH,MAW,A01,A06,2026-02-26T18:45Z,2026-02-26T18:30Z
balancing_energy_bids,88,2026-02-26T18:30:00,PT15M,2026-02-26T18:45Z,2026-02-26T18:30Z,150,1,8,10Y1001C--00090V,AUCTION-aFRR,B74,10YSK-SEPS-----K,EUR,A01,A01,20260226079-AFRR_P-UNIT_068-1,MWH,MAW,A01,A06,2026-02-26T18:45Z,2026-02-26T18:30Z
balancing_energy_bids,89,2026-02-26T18:30:00,PT15M,2026-02-26T18:45Z,2026-02-26T18:30Z,100,1,15,10Y1001C--00090V,AUCTION-aFRR,B74,10YSK-SEPS-----K,EUR,A01,A01,20260226079-AFRR_P-UNIT_069-1,MWH,MAW,A01,A06,2026-02-26T18:45Z,2026-02-26T18:30Z
balancing_energy_bids,90,2026-02-26T18:30:00,PT15M,2026-02-26T18:45Z,2026-02-26T18:30Z,750,1,11,10Y1001C--00090V,AUCTION-aFRR,B74,10YSK-SEPS-----K,EUR,A01,A01,20260226079-AFRR_P-UNIT_104-1,MWH,MAW,A01,A06,2026-02-26T18:45Z,2026-02-26T18:30Z
balancing_energy_bids,91,2026-02-26T18:30:00,PT15M,2026-02-26T18:45Z,2026-02-26T18:30Z,300,1,1,10Y1001C--00090V,AUCTION-aFRR,B74,10YSK-SEPS-----K,EUR,A01,A01,20260226079-AFRR_P-UNIT_106-1,MWH,MAW,A01,A11,2026-02-26T18:45Z,2026-02-26T18:30Z
balancing_energy_bids,92,2026-02-26T18:45:00,PT15M,2026-02-26T19:00Z,2026-02-26T18:45Z,-5,1,6,10Y1001C--00090V,AUCTION-aFRR,B74,10YSK-SEPS-----K,EUR,A01,A02,20260226080-AFRR_N-UNIT_003-1,MWH,MAW,A01,A06,2026-02-26T19:00Z,2026-02-26T18:45Z
balancing_energy_bids,93,2026-02-26T18:45:00,PT15M,2026-02-26T19:00Z,2026-02-26T18:45Z,-20,1,30,10Y1001C--00090V,AUCTION-aFRR,B74,10YSK-SEPS-----K,EUR,A01,A02,20260226080-AFRR_N-UNIT_013-1,MWH,MAW,A01,A06,2026-02-26T19:00Z,2026-02-26T18:45Z
balancing_energy_bids,94,2026-02-26T18:45:00,PT15M,2026-02-26T19:00Z,2026-02-26T18:45Z,-199,1,1,10Y1001C--00090V,AUCTION-aFRR,B74,10YSK-SEPS-----K,EUR,A01,A02,20260226080-AFRR_N-UNIT_019-1,MWH,MAW,A01,A11,2026-02-26T19:00Z,2026-02-26T18:45Z
balancing_energy_bids,95,2026-02-26T18:45:00,PT15M,2026-02-26T19:00Z,2026-02-26T18:45Z,-50,1,10,10Y1001C--00090V,AUCTION-aFRR,B74,10YSK-SEPS-----K,EUR,A01,A02,20260226080-AFRR_N-UNIT_028-1,MWH,MAW,A01,A06,2026-02-26T19:00Z,2026-02-26T18:45Z
balancing_energy_bids,96,2026-02-26T18:45:00,PT15M,2026-02-26T19:00Z,2026-02-26T18:45Z,10,1,7,10Y1001C--00090V,AUCTION-aFRR,B74,10YSK-SEPS-----K,EUR,A01,A02,20260226080-AFRR_N-UNIT_043-1,MWH,MAW,A01,A06,2026-02-26T19:00Z,2026-02-26T18:45Z
balancing_energy_bids,97,2026-02-26T18:45:00,PT15M,2026-02-26T19:00Z,2026-02-26T18:45Z,35,1,45,10Y1001C--00090V,AUCTION-aFRR,B74,10YSK-SEPS-----K,EUR,A01,A02,20260226080-AFRR_N-UNIT_049-1,MWH,MAW,A01,A06,2026-02-26T19:00Z,2026-02-26T18:45Z
balancing_energy_bids,98,2026-02-26T18:45:00,PT15M,2026-02-26T19:00Z,2026-02-26T18:45Z,-30,1,10,10Y1001C--00090V,AUCTION-aFRR,B74,10YSK-SEPS-----K,EUR,A01,A02,20260226080-AFRR_N-UNIT_052-1,MWH,MAW,A01,A06,2026-02-26T19:00Z,2026-02-26T18:45Z
balancing_energy_bids,99,2026-02-26T18:45:00,PT15M,2026-02-26T19:00Z,2026-02-26T18:45Z,-5,1,1,10Y1001C--00090V,AUCTION-aFRR,B74,10YSK-SEPS-----K,EUR,A01,A02,20260226080-AFRR_N-UNIT_058-1,MWH,MAW,A01,A11,2026-02-26T19:00Z,2026-02-26T18:45Z
balancing_energy_bids,100,2026-02-26T18:45:00,PT15M,2026-02-26T19:00Z,2026-02-26T18:45Z,-29,1,11,10Y1001C--00090V,AUCTION-aFRR,B74,10YSK-SEPS-----K,EUR,A01,A02,20260226080-AFRR_N-UNIT_062-1,MWH,MAW,A01,A06,2026-02-26T19:00Z,2026-02-26T18:45Z
balancing_energy_bids,1,2026-02-26T18:45:00,PT15M,2026-02-26T19:00Z,2026-02-26T18:45Z,-50,1,4,10Y1001C--00090V,AUCTION-aFRR,B74,10YSK-SEPS-----K,EUR,A01,A02,20260226080-AFRR_N-UNIT_068-1,MWH,MAW,A01,A06,2026-02-26T19:00Z,2026-02-26T18:45Z
balancing_energy_bids,2,2026-02-26T18:45:00,PT15M,2026-02-26T19:00Z,2026-02-26T18:45Z,-150,1,15,10Y1001C--00090V,AUCTION-aFRR,B74,10YSK-SEPS-----K,EUR,A01,A02,20260226080-AFRR_N-UNIT_069-1,MWH,MAW,A01,A06,2026-02-26T19:00Z,2026-02-26T18:45Z
balancing_energy_bids,3,2026-02-26T18:45:00,PT15M,2026-02-26T19:00Z,2026-02-26T18:45Z,-161.27,1,3,10Y1001C--00090V,AUCTION-aFRR,B74,10YSK-SEPS-----K,EUR,A01,A02,20260226080-AFRR_N-UNIT_089-1,MWH,MAW,A01,A06,2026-02-26T19:00Z,2026-02-26T18:45Z
balancing_energy_bids,4,2026-02-26T18:45:00,PT15M,2026-02-26T19:00Z,2026-02-26T18:45Z,0,1,7,10Y1001C--00090V,AUCTION-aFRR,B74,10YSK-SEPS-----K,EUR,A01,A02,20260226080-AFRR_N-UNIT_097-1,MWH,MAW,A01,A06,2026-02-26T19:00Z,2026-02-26T18:45Z
balancing_energy_bids,5,2026-02-26T18:45:00,PT15M,2026-02-26T19:00Z,2026-02-26T18:45Z,-100,1,4,10Y1001C--00090V,AUCTION-aFRR,B74,10YSK-SEPS-----K,EUR,A01,A02,20260226080-AFRR_N-UNIT_104-1,MWH,MAW,A01,A06,2026-02-26T19:00Z,2026-02-26T18:45Z
balancing_energy_bids,6,2026-02-26T18:45:00,PT15M,2026-02-26T19:00Z,2026-02-26T18:45Z,-19,1,1,10Y1001C--00090V,AUCTION-aFRR,B74,10YSK-SEPS-----K,EUR,A01,A02,20260226080-AFRR_N-UNIT_106-1,MWH,MAW,A01,A06,2026-02-26T19:00Z,2026-02-26T18:45Z
balancing_energy_bids,7,2026-02-26T18:45:00,PT15M,2026-02-26T19:00Z,2026-02-26T18:45Z,189,1,4,10Y1001C--00090V,AUCTION-aFRR,B74,10YSK-SEPS-----K,EUR,A01,A01,20260226080-AFRR_P-UNIT_003-1,MWH,MAW,A01,A06,2026-02-26T19:00Z,2026-02-26T18:45Z
balancing_energy_bids,8,2026-02-26T18:45:00,PT15M,2026-02-26T19:00Z,2026-02-26T18:45Z,251,1,1,10Y1001C--00090V,AUCTION-aFRR,B74,10YSK-SEPS-----K,EUR,A01,A01,20260226080-AFRR_P-UNIT_019-1,MWH,MAW,A01,A06,2026-02-26T19:00Z,2026-02-26T18:45Z
balancing_energy_bids,9,2026-02-26T18:45:00,PT15M,2026-02-26T19:00Z,2026-02-26T18:45Z,50,1,11,10Y1001C--00090V,AUCTION-aFRR,B74,10YSK-SEPS-----K,EUR,A01,A01,20260226080-AFRR_P-UNIT_028-1,MWH,MAW,A01,A06,2026-02-26T19:00Z,2026-02-26T18:45Z
balancing_energy_bids,10,2026-02-26T18:45:00,PT15M,2026-02-26T19:00Z,2026-02-26T18:45Z,165,1,32,10Y1001C--00090V,AUCTION-aFRR,B74,10YSK-SEPS-----K,EUR,A01,A01,20260226080-AFRR_P-UNIT_036-1,MWH,MAW,A01,A06,2026-02-26T19:00Z,2026-02-26T18:45Z
balancing_energy_bids,11,2026-02-26T18:45:00,PT15M,2026-02-26T19:00Z,2026-02-26T18:45Z,0,1,1,10Y1001C--00090V,AUCTION-aFRR,B74,10YSK-SEPS-----K,EUR,A01,A01,20260226080-AFRR_P-UNIT_047-1,MWH,MAW,A01,A11,2026-02-26T19:00Z,2026-02-26T18:45Z
balancing_energy_bids,12,2026-02-26T18:45:00,PT15M,2026-02-26T19:00Z,2026-02-26T18:45Z,140,1,23,10Y1001C--00090V,AUCTION-aFRR,B74,10YSK-SEPS-----K,EUR,A01,A01,20260226080-AFRR_P-UNIT_052-1,MWH,MAW,A01,A06,2026-02-26T19:00Z,2026-02-26T18:45Z
balancing_energy_bids,13,2026-02-26T18:45:00,PT15M,2026-02-26T19:00Z,2026-02-26T18:45Z,138.22,1,1,10Y1001C--00090V,AUCTION-aFRR,B74,10YSK-SEPS-----K,EUR,A01,A01,20260226080-AFRR_P-UNIT_058-1,MWH,MAW,A01,A11,2026-02-26T19:00Z,2026-02-26T18:45Z
balancing_energy_bids,14,2026-02-26T18:45:00,PT15M,2026-02-26T19:00Z,2026-02-26T18:45Z,119,1,9,10Y1001C--00090V,AUCTION-aFRR,B74,10YSK-SEPS-----K,EUR,A01,A01,20260226080-AFRR_P-UNIT_062-1,MWH,MAW,A01,A06,2026-02-26T19:00Z,2026-02-26T18:45Z
balancing_energy_bids,15,2026-02-26T18:45:00,PT15M,2026-02-26T19:00Z,2026-02-26T18:45Z,140,1,10,10Y1001C--00090V,AUCTION-aFRR,B74,10YSK-SEPS-----K,EUR,A01,A01,20260226080-AFRR_P-UNIT_063-1,MWH,MAW,A01,A06,2026-02-26T19:00Z,2026-02-26T18:45Z
balancing_energy_bids,16,2026-02-26T18:45:00,PT15M,2026-02-26T19:00Z,2026-02-26T18:45Z,165,1,16,10Y1001C--00090V,AUCTION-aFRR,B74,10YSK-SEPS-----K,EUR,A01,A01,20260226080-AFRR_P-UNIT_065-1,MWH,MAW,A01,A06,2026-02-26T19:00Z,2026-02-26T18:45Z
balancing_energy_bids,17,2026-02-26T18:45:00,PT15M,2026-02-26T19:00Z,2026-02-26T18:45Z,150,1,8,10Y1001C--00090V,AUCTION-aFRR,B74,10YSK-SEPS-----K,EUR,A01,A01,20260226080-AFRR_P-UNIT_068-1,MWH,MAW,A01,A06,2026-02-26T19:00Z,2026-02-26T18:45Z
balancing_energy_bids,18,2026-02-26T18:45:00,PT15M,2026-02-26T19:00Z,2026-02-26T18:45Z,100,1,15,10Y1001C--00090V,AUCTION-aFRR,B74,10YSK-SEPS-----K,EUR,A01,A01,20260226080-AFRR_P-UNIT_069-1,MWH,MAW,A01,A06,2026-02-26T19:00Z,2026-02-26T18:45Z
balancing_energy_bids,19,2026-02-26T18:45:00,PT15M,2026-02-26T19:00Z,2026-02-26T18:45Z,750,1,11,10Y1001C--00090V,AUCTION-aFRR,B74,10YSK-SEPS-----K,EUR,A01,A01,20260226080-AFRR_P-UNIT_104-1,MWH,MAW,A01,A06,2026-02-26T19:00Z,2026-02-26T18:45Z
balancing_energy_bids,20,2026-02-26T18:45:00,PT15M,2026-02-26T19:00Z,2026-02-26T18:45Z,300,1,1,10Y1001C--00090V,AUCTION-aFRR,B74,10YSK-SEPS-----K,EUR,A01,A01,20260226080-AFRR_P-UNIT_106-1,MWH,MAW,A01,A11,2026-02-26T19:00Z,2026-02-26T18:45Z
balancing_energy_bids,21,2026-02-26T19:00:00,PT15M,2026-02-26T19:15Z,2026-02-26T19:00Z,-5,1,6,10Y1001C--00090V,AUCTION-aFRR,B74,10YSK-SEPS-----K,EUR,A01,A02,20260226081-AFRR_N-UNIT_003-1,MWH,MAW,A01,A06,2026-02-26T19:15Z,2026-02-26T19:00Z
balancing_energy_bids,22,2026-02-26T19:00:00,PT15M,2026-02-26T19:15Z,2026-02-26T19:00Z,-20,1,30,10Y1001C--00090V,AUCTION-aFRR,B74,10YSK-SEPS-----K,EUR,A01,A02,20260226081-AFRR_N-UNIT_013-1,MWH,MAW,A01,A06,2026-02-26T19:15Z,2026-02-26T19:00Z
balancing_energy_bids,23,2026-02-26T19:00:00,PT15M,2026-02-26T19:15Z,2026-02-26T19:00Z,-199,1,1,10Y1001C--00090V,AUCTION-aFRR,B74,10YSK-SEPS-----K,EUR,A01,A02,20260226081-AFRR_N-UNIT_019-1,MWH,MAW,A01,A11,2026-02-26T19:15Z,2026-02-26T19:00Z
balancing_energy_bids,24,2026-02-26T19:00:00,PT15M,2026-02-26T19:15Z,2026-02-26T19:00Z,-50,1,10,10Y1001C--00090V,AUCTION-aFRR,B74,10YSK-SEPS-----K,EUR,A01,A02,20260226081-AFRR_N-UNIT_028-1,MWH,MAW,A01,A06,2026-02-26T19:15Z,2026-02-26T19:00Z
balancing_energy_bids,25,2026-02-26T19:00:00,PT15M,2026-02-26T19:15Z,2026-02-26T19:00Z,10,1,7,10Y1001C--00090V,AUCTION-aFRR,B74,10YSK-SEPS-----K,EUR,A01,A02,20260226081-AFRR_N-UNIT_043-1,MWH,MAW,A01,A06,2026-02-26T19:15Z,2026-02-26T19:00Z
balancing_energy_bids,26,2026-02-26T19:00:00,PT15M,2026-02-26T19:15Z,2026-02-26T19:00Z,35,1,45,10Y1001C--00090V,AUCTION-aFRR,B74,10YSK-SEPS-----K,EUR,A01,A02,20260226081-AFRR_N-UNIT_049-1,MWH,MAW,A01,A06,2026-02-26T19:15Z,2026-02-26T19:00Z
balancing_energy_bids,27,2026-02-26T19:00:00,PT15M,2026-02-26T19:15Z,2026-02-26T19:00Z,-30,1,10,10Y1001C--00090V,AUCTION-aFRR,B74,10YSK-SEPS-----K,EUR,A01,A02,20260226081-AFRR_N-UNIT_052-1,MWH,MAW,A01,A06,2026-02-26T19:15Z,2026-02-26T19:00Z
balancing_energy_bids,28,2026-02-26T19:00:00,PT15M,2026-02-26T19:15Z,2026-02-26T19:00Z,-5,1,1,10Y1001C--00090V,AUCTION-aFRR,B74,10YSK-SEPS-----K,EUR,A01,A02,20260226081-AFRR_N-UNIT_058-1,MWH,MAW,A01,A11,2026-02-26T19:15Z,2026-02-26T19:00Z
balancing_energy_bids,29,2026-02-26T19:00:00,PT15M,2026-02-26T19:15Z,2026-02-26T19:00Z,-29,1,11,10Y1001C--00090V,AUCTION-aFRR,B74,10YSK-SEPS-----K,EUR,A01,A02,20260226081-AFRR_N-UNIT_062-1,MWH,MAW,A01,A06,2026-02-26T19:15Z,2026-02-26T19:00Z
balancing_energy_bids,30,2026-02-26T19:00:00,PT15M,2026-02-26T19:15Z,2026-02-26T19:00Z,-50,1,4,10Y1001C--00090V,AUCTION-aFRR,B74,10YSK-SEPS-----K,EUR,A01,A02,20260226081-AFRR_N-UNIT_068-1,MWH,MAW,A01,A06,2026-02-26T19:15Z,2026-02-26T19:00Z
balancing_energy_bids,31,2026-02-26T19:00:00,PT15M,2026-02-26T19:15Z,2026-02-26T19:00Z,-150,1,15,10Y1001C--00090V,AUCTION-aFRR,B74,10YSK-SEPS-----K,EUR,A01,A02,20260226081-AFRR_N-UNIT_069-1,MWH,MAW,A01,A06,2026-02-26T19:15Z,2026-02-26T19:00Z
balancing_energy_bids,32,2026-02-26T19:00:00,PT15M,2026-02-26T19:15Z,2026-02-26T19:00Z,-145.87,1,3,10Y1001C--00090V,AUCTION-aFRR,B74,10YSK-SEPS-----K,EUR,A01,A02,20260226081-AFRR_N-UNIT_089-1,MWH,MAW,A01,A06,2026-02-26T19:15Z,2026-02-26T19:00Z
balancing_energy_bids,33,2026-02-26T19:00:00,PT15M,2026-02-26T19:15Z,2026-02-26T19:00Z,0,1,7,10Y1001C--00090V,AUCTION-aFRR,B74,10YSK-SEPS-----K,EUR,A01,A02,20260226081-AFRR_N-UNIT_097-1,MWH,MAW,A01,A06,2026-02-26T19:15Z,2026-02-26T19:00Z
balancing_energy_bids,34,2026-02-26T19:00:00,PT15M,2026-02-26T19:15Z,2026-02-26T19:00Z,-100,1,4,10Y1001C--00090V,AUCTION-aFRR,B74,10YSK-SEPS-----K,EUR,A01,A02,20260226081-AFRR_N-UNIT_104-1,MWH,MAW,A01,A06,2026-02-26T19:15Z,2026-02-26T19:00Z
balancing_energy_bids,35,2026-02-26T19:00:00,PT15M,2026-02-26T19:15Z,2026-02-26T19:00Z,-19,1,1,10Y1001C--00090V,AUCTION-aFRR,B74,10YSK-SEPS-----K,EUR,A01,A02,20260226081-AFRR_N-UNIT_106-1,MWH,MAW,A01,A06,2026-02-26T19:15Z,2026-02-26T19:00Z
balancing_energy_bids,36,2026-02-26T19:00:00,PT15M,2026-02-26T19:15Z,2026-02-26T19:00Z,189,1,3,10Y1001C--00090V,AUCTION-aFRR,B74,10YSK-SEPS-----K,EUR,A01,A01,20260226081-AFRR_P-UNIT_003-1,MWH,MAW,A01,A06,2026-02-26T19:15Z,2026-02-26T19:00Z
balancing_energy_bids,37,2026-02-26T19:00:00,PT15M,2026-02-26T19:15Z,2026-02-26T19:00Z,251,1,1,10Y1001C--00090V,AUCTION-aFRR,B74,10YSK-SEPS-----K,EUR,A01,A01,20260226081-AFRR_P-UNIT_019-1,MWH,MAW,A01,A06,2026-02-26T19:15Z,2026-02-26T19:00Z
balancing_energy_bids,38,2026-02-26T19:00:00,PT15M,2026-02-26T19:15Z,2026-02-26T19:00Z,50,1,11,10Y1001C--00090V,AUCTION-aFRR,B74,10YSK-SEPS-----K,EUR,A01,A01,20260226081-AFRR_P-UNIT_028-1,MWH,MAW,A01,A06,2026-02-26T19:15Z,2026-02-26T19:00Z
balancing_energy_bids,39,2026-02-26T19:00:00,PT15M,2026-02-26T19:15Z,2026-02-26T19:00Z,165,1,5,10Y1001C--00090V,AUCTION-aFRR,B74,10YSK-SEPS-----K,EUR,A01,A01,20260226081-AFRR_P-UNIT_036-1,MWH,MAW,A01,A06,2026-02-26T19:15Z,2026-02-26T19:00Z
balancing_energy_bids,40,2026-02-26T19:00:00,PT15M,2026-02-26T19:15Z,2026-02-26T19:00Z,0,1,1,10Y1001C--00090V,AUCTION-aFRR,B74,10YSK-SEPS-----K,EUR,A01,A01,20260226081-AFRR_P-UNIT_047-1,MWH,MAW,A01,A11,2026-02-26T19:15Z,2026-02-26T19:00Z
balancing_energy_bids,41,2026-02-26T19:00:00,PT15M,2026-02-26T19:15Z,2026-02-26T19:00Z,132,1,45,10Y1001C--00090V,AUCTION-aFRR,B74,10YSK-SEPS-----K,EUR,A01,A01,20260226081-AFRR_P-UNIT_049-1,MWH,MAW,A01,A06,2026-02-26T19:15Z,2026-02-26T19:00Z
balancing_energy_bids,42,2026-02-26T19:00:00,PT15M,2026-02-26T19:15Z,2026-02-26T19:00Z,140,1,23,10Y1001C--00090V,AUCTION-aFRR,B74,10YSK-SEPS-----K,EUR,A01,A01,20260226081-AFRR_P-UNIT_052-1,MWH,MAW,A01,A06,2026-02-26T19:15Z,2026-02-26T19:00Z
balancing_energy_bids,43,2026-02-26T19:00:00,PT15M,2026-02-26T19:15Z,2026-02-26T19:00Z,159.78,1,1,10Y1001C--00090V,AUCTION-aFRR,B74,10YSK-SEPS-----K,EUR,A01,A01,20260226081-AFRR_P-UNIT_058-1,MWH,MAW,A01,A11,2026-02-26T19:15Z,2026-02-26T19:00Z
balancing_energy_bids,44,2026-02-26T19:00:00,PT15M,2026-02-26T19:15Z,2026-02-26T19:00Z,120,1,9,10Y1001C--00090V,AUCTION-aFRR,B74,10YSK-SEPS-----K,EUR,A01,A01,20260226081-AFRR_P-UNIT_062-1,MWH,MAW,A01,A06,2026-02-26T19:15Z,2026-02-26T19:00Z
balancing_energy_bids,45,2026-02-26T19:00:00,PT15M,2026-02-26T19:15Z,2026-02-26T19:00Z,140,1,10,10Y1001C--00090V,AUCTION-aFRR,B74,10YSK-SEPS-----K,EUR,A01,A01,20260226081-AFRR_P-UNIT_063-1,MWH,MAW,A01,A06,2026-02-26T19:15Z,2026-02-26T19:00Z
balancing_energy_bids,46,2026-02-26T19:00:00,PT15M,2026-02-26T19:15Z,2026-02-26T19:00Z,165,1,16,10Y1001C--00090V,AUCTION-aFRR,B74,10YSK-SEPS-----K,EUR,A01,A01,20260226081-AFRR_P-UNIT_065-1,MWH,MAW,A01,A06,2026-02-26T19:15Z,2026-02-26T19:00Z
balancing_energy_bids,47,2026-02-26T19:00:00,PT15M,2026-02-26T19:15Z,2026-02-26T19:00Z,150,1,8,10Y1001C--00090V,AUCTION-aFRR,B74,10YSK-SEPS-----K,EUR,A01,A01,20260226081-AFRR_P-UNIT_068-1,MWH,MAW,A01,A06,2026-02-26T19:15Z,2026-02-26T19:00Z
balancing_energy_bids,48,2026-02-26T19:00:00,PT15M,2026-02-26T19:15Z,2026-02-26T19:00Z,100,1,15,10Y1001C--00090V,AUCTION-aFRR,B74,10YSK-SEPS-----K,EUR,A01,A01,20260226081-AFRR_P-UNIT_069-1,MWH,MAW,A01,A06,2026-02-26T19:15Z,2026-02-26T19:00Z
balancing_energy_bids,49,2026-02-26T19:00:00,PT15M,2026-02-26T19:15Z,2026-02-26T19:00Z,750,1,11,10Y1001C--00090V,AUCTION-aFRR,B74,10YSK-SEPS-----K,EUR,A01,A01,20260226081-AFRR_P-UNIT_104-1,MWH,MAW,A01,A06,2026-02-26T19:15Z,2026-02-26T19:00Z
balancing_energy_bids,50,2026-02-26T19:00:00,PT15M,2026-02-26T19:15Z,2026-02-26T19:00Z,300,1,1,10Y1001C--00090V,AUCTION-aFRR,B74,10YSK-SEPS-----K,EUR,A01,A01,20260226081-AFRR_P-UNIT_106-1,MWH,MAW,A01,A11,2026-02-26T19:15Z,2026-02-26T19:00Z
balancing_energy_bids,51,2026-02-26T19:15:00,PT15M,2026-02-26T19:30Z,2026-02-26T19:15Z,-5,1,6,10Y1001C--00090V,AUCTION-aFRR,B74,10YSK-SEPS-----K,EUR,A01,A02,20260226082-AFRR_N-UNIT_003-1,MWH,MAW,A01,A06,2026-02-26T19:30Z,2026-02-26T19:15Z
balancing_energy_bids,52,2026-02-26T19:15:00,PT15M,2026-02-26T19:30Z,2026-02-26T19:15Z,-20,1,30,10Y1001C--00090V,AUCTION-aFRR,B74,10YSK-SEPS-----K,EUR,A01,A02,20260226082-AFRR_N-UNIT_013-1,MWH,MAW,A01,A06,2026-02-26T19:30Z,2026-02-26T19:15Z
balancing_energy_bids,53,2026-02-26T19:15:00,PT15M,2026-02-26T19:30Z,2026-02-26T19:15Z,-199,1,1,10Y1001C--00090V,AUCTION-aFRR,B74,10YSK-SEPS-----K,EUR,A01,A02,20260226082-AFRR_N-UNIT_019-1,MWH,MAW,A01,A11,2026-02-26T19:30Z,2026-02-26T19:15Z
balancing_energy_bids,54,2026-02-26T19:15:00,PT15M,2026-02-26T19:30Z,2026-02-26T19:15Z,-50,1,10,10Y1001C--00090V,AUCTION-aFRR,B74,10YSK-SEPS-----K,EUR,A01,A02,20260226082-AFRR_N-UNIT_028-1,MWH,MAW,A01,A06,2026-02-26T19:30Z,2026-02-26T19:15Z
balancing_energy_bids,55,2026-02-26T19:15:00,PT15M,2026-02-26T19:30Z,2026-02-26T19:15Z,10,1,7,10Y1001C--00090V,AUCTION-aFRR,B74,10YSK-SEPS-----K,EUR,A01,A02,20260226082-AFRR_N-UNIT_043-1,MWH,MAW,A01,A06,2026-02-26T19:30Z,2026-02-26T19:15Z
balancing_energy_bids,56,2026-02-26T19:15:00,PT15M,2026-02-26T19:30Z,2026-02-26T19:15Z,35,1,45,10Y1001C--00090V,AUCTION-aFRR,B74,10YSK-SEPS-----K,EUR,A01,A02,20260226082-AFRR_N-UNIT_049-1,MWH,MAW,A01,A06,2026-02-26T19:30Z,2026-02-26T19:15Z
balancing_energy_bids,57,2026-02-26T19:15:00,PT15M,2026-02-26T19:30Z,2026-02-26T19:15Z,-30,1,10,10Y1001C--00090V,AUCTION-aFRR,B74,10YSK-SEPS-----K,EUR,A01,A02,20260226082-AFRR_N-UNIT_052-1,MWH,MAW,A01,A06,2026-02-26T19:30Z,2026-02-26T19:15Z
balancing_energy_bids,58,2026-02-26T19:15:00,PT15M,2026-02-26T19:30Z,2026-02-26T19:15Z,-5,1,1,10Y1001C--00090V,AUCTION-aFRR,B74,10YSK-SEPS-----K,EUR,A01,A02,20260226082-AFRR_N-UNIT_058-1,MWH,MAW,A01,A11,2026-02-26T19:30Z,2026-02-26T19:15Z
balancing_energy_bids,59,2026-02-26T19:15:00,PT15M,2026-02-26T19:30Z,2026-02-26T19:15Z,-29,1,11,10Y1001C--00090V,AUCTION-aFRR,B74,10YSK-SEPS-----K,EUR,A01,A02,20260226082-AFRR_N-UNIT_062-1,MWH,MAW,A01,A06,2026-02-26T19:30Z,2026-02-26T19:15Z
balancing_energy_bids,60,2026-02-26T19:15:00,PT15M,2026-02-26T19:30Z,2026-02-26T19:15Z,-50,1,4,10Y1001C--00090V,AUCTION-aFRR,B74,10YSK-SEPS-----K,EUR,A01,A02,20260226082-AFRR_N-UNIT_068-1,MWH,MAW,A01,A06,2026-02-26T19:30Z,2026-02-26T19:15Z
balancing_energy_bids,61,2026-02-26T19:15:00,PT15M,2026-02-26T19:30Z,2026-02-26T19:15Z,-150,1,15,10Y1001C--00090V,AUCTION-aFRR,B74,10YSK-SEPS-----K,EUR,A01,A02,20260226082-AFRR_N-UNIT_069-1,MWH,MAW,A01,A06,2026-02-26T19:30Z,2026-02-26T19:15Z
balancing_energy_bids,62,2026-02-26T19:15:00,PT15M,2026-02-26T19:30Z,2026-02-26T19:15Z,-156.2,1,3,10Y1001C--00090V,AUCTION-aFRR,B74,10YSK-SEPS-----K,EUR,A01,A02,20260226082-AFRR_N-UNIT_089-1,MWH,MAW,A01,A06,2026-02-26T19:30Z,2026-02-26T19:15Z
balancing_energy_bids,63,2026-02-26T19:15:00,PT15M,2026-02-26T19:30Z,2026-02-26T19:15Z,0,1,7,10Y1001C--00090V,AUCTION-aFRR,B74,10YSK-SEPS-----K,EUR,A01,A02,20260226082-AFRR_N-UNIT_097-1,MWH,MAW,A01,A06,2026-02-26T19:30Z,2026-02-26T19:15Z
balancing_energy_bids,64,2026-02-26T19:15:00,PT15M,2026-02-26T19:30Z,2026-02-26T19:15Z,-100,1,4,10Y1001C--00090V,AUCTION-aFRR,B74,10YSK-SEPS-----K,EUR,A01,A02,20260226082-AFRR_N-UNIT_104-1,MWH,MAW,A01,A06,2026-02-26T19:30Z,2026-02-26T19:15Z
balancing_energy_bids,65,2026-02-26T19:15:00,PT15M,2026-02-26T19:30Z,2026-02-26T19:15Z,-19,1,1,10Y1001C--00090V,AUCTION-aFRR,B74,10YSK-SEPS-----K,EUR,A01,A02,20260226082-AFRR_N-UNIT_106-1,MWH,MAW,A01,A06,2026-02-26T19:30Z,2026-02-26T19:15Z
balancing_energy_bids,66,2026-02-26T19:15:00,PT15M,2026-02-26T19:30Z,2026-02-26T19:15Z,189,1,3,10Y1001C--00090V,AUCTION-aFRR,B74,10YSK-SEPS-----K,EUR,A01,A01,20260226082-AFRR_P-UNIT_003-1,MWH,MAW,A01,A06,2026-02-26T19:30Z,2026-02-26T19:15Z
balancing_energy_bids,67,2026-02-26T19:15:00,PT15M,2026-02-26T19:30Z,2026-02-26T19:15Z,251,1,1,10Y1001C--00090V,AUCTION-aFRR,B74,10YSK-SEPS-----K,EUR,A01,A01,20260226082-AFRR_P-UNIT_019-1,MWH,MAW,A01,A06,2026-02-26T19:30Z,2026-02-26T19:15Z
balancing_energy_bids,68,2026-02-26T19:15:00,PT15M,2026-02-26T19:30Z,2026-02-26T19:15Z,50,1,11,10Y1001C--00090V,AUCTION-aFRR,B74,10YSK-SEPS-----K,EUR,A01,A01,20260226082-AFRR_P-UNIT_028-1,MWH,MAW,A01,A06,2026-02-26T19:30Z,2026-02-26T19:15Z
balancing_energy_bids,69,2026-02-26T19:15:00,PT15M,2026-02-26T19:30Z,2026-02-26T19:15Z,165,1,5,10Y1001C--00090V,AUCTION-aFRR,B74,10YSK-SEPS-----K,EUR,A01,A01,20260226082-AFRR_P-UNIT_036-1,MWH,MAW,A01,A06,2026-02-26T19:30Z,2026-02-26T19:15Z
balancing_energy_bids,70,2026-02-26T19:15:00,PT15M,2026-02-26T19:30Z,2026-02-26T19:15Z,0,1,1,10Y1001C--00090V,AUCTION-aFRR,B74,10YSK-SEPS-----K,EUR,A01,A01,20260226082-AFRR_P-UNIT_047-1,MWH,MAW,A01,A11,2026-02-26T19:30Z,2026-02-26T19:15Z
balancing_energy_bids,71,2026-02-26T19:15:00,PT15M,2026-02-26T19:30Z,2026-02-26T19:15Z,132,1,45,10Y1001C--00090V,AUCTION-aFRR,B74,10YSK-SEPS-----K,EUR,A01,A01,20260226082-AFRR_P-UNIT_049-1,MWH,MAW,A01,A06,2026-02-26T19:30Z,2026-02-26T19:15Z
balancing_energy_bids,72,2026-02-26T19:15:00,PT15M,2026-02-26T19:30Z,2026-02-26T19:15Z,140,1,23,10Y1001C--00090V,AUCTION-aFRR,B74,10YSK-SEPS-----K,EUR,A01,A01,20260226082-AFRR_P-UNIT_052-1,MWH,MAW,A01,A06,2026-02-26T19:30Z,2026-02-26T19:15Z
balancing_energy_bids,73,2026-02-26T19:15:00,PT15M,2026-02-26T19:30Z,2026-02-26T19:15Z,145.32,1,1,10Y1001C--00090V,AUCTION-aFRR,B74,10YSK-SEPS-----K,EUR,A01,A01,20260226082-AFRR_P-UNIT_058-1,MWH,MAW,A01,A11,2026-02-26T19:30Z,2026-02-26T19:15Z
balancing_energy_bids,74,2026-02-26T19:15:00,PT15M,2026-02-26T19:30Z,2026-02-26T19:15Z,124,1,9,10Y1001C--00090V,AUCTION-aFRR,B74,10YSK-SEPS-----K,EUR,A01,A01,20260226082-AFRR_P-UNIT_062-1,MWH,MAW,A01,A06,2026-02-26T19:30Z,2026-02-26T19:15Z
balancing_energy_bids,75,2026-02-26T19:15:00,PT15M,2026-02-26T19:30Z,2026-02-26T19:15Z,140,1,10,10Y1001C--00090V,AUCTION-aFRR,B74,10YSK-SEPS-----K,EUR,A01,A01,20260226082-AFRR_P-UNIT_063-1,MWH,MAW,A01,A06,2026-02-26T19:30Z,2026-02-26T19:15Z
balancing_energy_bids,76,2026-02-26T19:15:00,PT15M,2026-02-26T19:30Z,2026-02-26T19:15Z,165,1,16,10Y1001C--00090V,AUCTION-aFRR,B74,10YSK-SEPS-----K,EUR,A01,A01,20260226082-AFRR_P-UNIT_065-1,MWH,MAW,A01,A06,2026-02-26T19:30Z,2026-02-26T19:15Z
balancing_energy_bids,77,2026-02-26T19:15:00,PT15M,2026-02-26T19:30Z,2026-02-26T19:15Z,150,1,8,10Y1001C--00090V,AUCTION-aFRR,B74,10YSK-SEPS-----K,EUR,A01,A01,20260226082-AFRR_P-UNIT_068-1,MWH,MAW,A01,A06,2026-02-26T19:30Z,2026-02-26T19:15Z
balancing_energy_bids,78,2026-02-26T19:15:00,PT15M,2026-02-26T19:30Z,2026-02-26T19:15Z,100,1,15,10Y1001C--00090V,AUCTION-aFRR,B74,10YSK-SEPS-----K,EUR,A01,A01,20260226082-AFRR_P-UNIT_069-1,MWH,MAW,A01,A06,2026-02-26T19:30Z,2026-02-26T19:15Z
balancing_energy_bids,79,2026-02-26T19:15:00,PT15M,2026-02-26T19:30Z,2026-02-26T19:15Z,750,1,11,10Y1001C--00090V,AUCTION-aFRR,B74,10YSK-SEPS-----K,EUR,A01,A01,20260226082-AFRR_P-UNIT_104-1,MWH,MAW,A01,A06,2026-02-26T19:30Z,2026-02-26T19:15Z
balancing_energy_bids,80,2026-02-26T19:15:00,PT15M,2026-02-26T19:30Z,2026-02-26T19:15Z,300,1,1,10Y1001C--00090V,AUCTION-aFRR,B74,10YSK-SEPS-----K,EUR,A01,A01,20260226082-AFRR_P-UNIT_106-1,MWH,MAW,A01,A11,2026-02-26T19:30Z,2026-02-26T19:15Z
balancing_energy_bids,81,2026-02-26T19:30:00,PT15M,2026-02-26T19:45Z,2026-02-26T19:30Z,-5,1,6,10Y1001C--00090V,AUCTION-aFRR,B74,10YSK-SEPS-----K,EUR,A01,A02,20260226083-AFRR_N-UNIT_003-1,MWH,MAW,A01,A06,2026-02-26T19:45Z,2026-02-26T19:30Z
balancing_energy_bids,82,2026-02-26T19:30:00,PT15M,2026-02-26T19:45Z,2026-02-26T19:30Z,-20,1,30,10Y1001C--00090V,AUCTION-aFRR,B74,10YSK-SEPS-----K,EUR,A01,A02,20260226083-AFRR_N-UNIT_013-1,MWH,MAW,A01,A06,2026-02-26T19:45Z,2026-02-26T19:30Z
balancing_energy_bids,83,2026-02-26T19:30:00,PT15M,2026-02-26T19:45Z,2026-02-26T19:30Z,-199,1,1,10Y1001C--00090V,AUCTION-aFRR,B74,10YSK-SEPS-----K,EUR,A01,A02,20260226083-AFRR_N-UNIT_019-1,MWH,MAW,A01,A11,2026-02-26T19:45Z,2026-02-26T19:30Z
balancing_energy_bids,84,2026-02-26T19:30:00,PT15M,2026-02-26T19:45Z,2026-02-26T19:30Z,-50,1,10,10Y1001C--00090V,AUCTION-aFRR,B74,10YSK-SEPS-----K,EUR,A01,A02,20260226083-AFRR_N-UNIT_028-1,MWH,MAW,A01,A06,2026-02-26T19:45Z,2026-02-26T19:30Z
balancing_energy_bids,85,2026-02-26T19:30:00,PT15M,2026-02-26T19:45Z,2026-02-26T19:30Z,10,1,7,10Y1001C--00090V,AUCTION-aFRR,B74,10YSK-SEPS-----K,EUR,A01,A02,20260226083-AFRR_N-UNIT_043-1,MWH,MAW,A01,A06,2026-02-26T19:45Z,2026-02-26T19:30Z
balancing_energy_bids,86,2026-02-26T19:30:00,PT15M,2026-02-26T19:45Z,2026-02-26T19:30Z,35,1,45,10Y1001C--00090V,AUCTION-aFRR,B74,10YSK-SEPS-----K,EUR,A01,A02,20260226083-AFRR_N-UNIT_049-1,MWH,MAW,A01,A06,2026-02-26T19:45Z,2026-02-26T19:30Z
balancing_energy_bids,87,2026-02-26T19:30:00,PT15M,2026-02-26T19:45Z,2026-02-26T19:30Z,-30,1,10,10Y1001C--00090V,AUCTION-aFRR,B74,10YSK-SEPS-----K,EUR,A01,A02,20260226083-AFRR_N-UNIT_052-1,MWH,MAW,A01,A06,2026-02-26T19:45Z,2026-02-26T19:30Z
balancing_energy_bids,88,2026-02-26T19:30:00,PT15M,2026-02-26T19:45Z,2026-02-26T19:30Z,-5,1,1,10Y1001C--00090V,AUCTION-aFRR,B74,10YSK-SEPS-----K,EUR,A01,A02,20260226083-AFRR_N-UNIT_058-1,MWH,MAW,A01,A11,2026-02-26T19:45Z,2026-02-26T19:30Z
balancing_energy_bids,89,2026-02-26T19:30:00,PT15M,2026-02-26T19:45Z,2026-02-26T19:30Z,-29,1,11,10Y1001C--00090V,AUCTION-aFRR,B74,10YSK-SEPS-----K,EUR,A01,A02,20260226083-AFRR_N-UNIT_062-1,MWH,MAW,A01,A06,2026-02-26T19:45Z,2026-02-26T19:30Z
balancing_energy_bids,90,2026-02-26T19:30:00,PT15M,2026-02-26T19:45Z,2026-02-26T19:30Z,-50,1,4,10Y1001C--00090V,AUCTION-aFRR,B74,10YSK-SEPS-----K,EUR,A01,A02,20260226083-AFRR_N-UNIT_068-1,MWH,MAW,A01,A06,2026-02-26T19:45Z,2026-02-26T19:30Z
balancing_energy_bids,91,2026-02-26T19:30:00,PT15M,2026-02-26T19:45Z,2026-02-26T19:30Z,-150,1,15,10Y1001C--00090V,AUCTION-aFRR,B74,10YSK-SEPS-----K,EUR,A01,A02,20260226083-AFRR_N-UNIT_069-1,MWH,MAW,A01,A06,2026-02-26T19:45Z,2026-02-26T19:30Z
balancing_energy_bids,92,2026-02-26T19:30:00,PT15M,2026-02-26T19:45Z,2026-02-26T19:30Z,-174.08,1,3,10Y1001C--00090V,AUCTION-aFRR,B74,10YSK-SEPS-----K,EUR,A01,A02,20260226083-AFRR_N-UNIT_089-1,MWH,MAW,A01,A06,2026-02-26T19:45Z,2026-02-26T19:30Z
balancing_energy_bids,93,2026-02-26T19:30:00,PT15M,2026-02-26T19:45Z,2026-02-26T19:30Z,0,1,7,10Y1001C--00090V,AUCTION-aFRR,B74,10YSK-SEPS-----K,EUR,A01,A02,20260226083-AFRR_N-UNIT_097-1,MWH,MAW,A01,A06,2026-02-26T19:45Z,2026-02-26T19:30Z
balancing_energy_bids,94,2026-02-26T19:30:00,PT15M,2026-02-26T19:45Z,2026-02-26T19:30Z,-100,1,4,10Y1001C--00090V,AUCTION-aFRR,B74,10YSK-SEPS-----K,EUR,A01,A02,20260226083-AFRR_N-UNIT_104-1,MWH,MAW,A01,A06,2026-02-26T19:45Z,2026-02-26T19:30Z
balancing_energy_bids,95,2026-02-26T19:30:00,PT15M,2026-02-26T19:45Z,2026-02-26T19:30Z,-19,1,1,10Y1001C--00090V,AUCTION-aFRR,B74,10YSK-SEPS-----K,EUR,A01,A02,20260226083-AFRR_N-UNIT_106-1,MWH,MAW,A01,A06,2026-02-26T19:45Z,2026-02-26T19:30Z
balancing_energy_bids,96,2026-02-26T19:30:00,PT15M,2026-02-26T19:45Z,2026-02-26T19:30Z,189,1,3,10Y1001C--00090V,AUCTION-aFRR,B74,10YSK-SEPS-----K,EUR,A01,A01,20260226083-AFRR_P-UNIT_003-1,MWH,MAW,A01,A06,2026-02-26T19:45Z,2026-02-26T19:30Z
balancing_energy_bids,97,2026-02-26T19:30:00,PT15M,2026-02-26T19:45Z,2026-02-26T19:30Z,251,1,1,10Y1001C--00090V,AUCTION-aFRR,B74,10YSK-SEPS-----K,EUR,A01,A01,20260226083-AFRR_P-UNIT_019-1,MWH,MAW,A01,A06,2026-02-26T19:45Z,2026-02-26T19:30Z
balancing_energy_bids,98,2026-02-26T19:30:00,PT15M,2026-02-26T19:45Z,2026-02-26T19:30Z,50,1,11,10Y1001C--00090V,AUCTION-aFRR,B74,10YSK-SEPS-----K,EUR,A01,A01,20260226083-AFRR_P-UNIT_028-1,MWH,MAW,A01,A06,2026-02-26T19:45Z,2026-02-26T19:30Z
balancing_energy_bids,99,2026-02-26T19:30:00,PT15M,2026-02-26T19:45Z,2026-02-26T19:30Z,165,1,5,10Y1001C--00090V,AUCTION-aFRR,B74,10YSK-SEPS-----K,EUR,A01,A01,20260226083-AFRR_P-UNIT_036-1,MWH,MAW,A01,A06,2026-02-26T19:45Z,2026-02-26T19:30Z
balancing_energy_bids,100,2026-02-26T19:30:00,PT15M,2026-02-26T19:45Z,2026-02-26T19:30Z,0,1,1,10Y1001C--00090V,AUCTION-aFRR,B74,10YSK-SEPS-----K,EUR,A01,A01,20260226083-AFRR_P-UNIT_047-1,MWH,MAW,A01,A11,2026-02-26T19:45Z,2026-02-26T19:30Z
balancing_energy_bids,1,2026-02-26T19:30:00,PT15M,2026-02-26T19:45Z,2026-02-26T19:30Z,132,1,45,10Y1001C--00090V,AUCTION-aFRR,B74,10YSK-SEPS-----K,EUR,A01,A01,20260226083-AFRR_P-UNIT_049-1,MWH,MAW,A01,A06,2026-02-26T19:45Z,2026-02-26T19:30Z
balancing_energy_bids,2,2026-02-26T19:30:00,PT15M,2026-02-26T19:45Z,2026-02-26T19:30Z,140,1,23,10Y1001C--00090V,AUCTION-aFRR,B74,10YSK-SEPS-----K,EUR,A01,A01,20260226083-AFRR_P-UNIT_052-1,MWH,MAW,A01,A06,2026-02-26T19:45Z,2026-02-26T19:30Z
balancing_energy_bids,3,2026-02-26T19:30:00,PT15M,2026-02-26T19:45Z,2026-02-26T19:30Z,132,1,1,10Y1001C--00090V,AUCTION-aFRR,B74,10YSK-SEPS-----K,EUR,A01,A01,20260226083-AFRR_P-UNIT_058-1,MWH,MAW,A01,A11,2026-02-26T19:45Z,2026-02-26T19:30Z
balancing_energy_bids,4,2026-02-26T19:30:00,PT15M,2026-02-26T19:45Z,2026-02-26T19:30Z,106,1,9,10Y1001C--00090V,AUCTION-aFRR,B74,10YSK-SEPS-----K,EUR,A01,A01,20260226083-AFRR_P-UNIT_062-1,MWH,MAW,A01,A06,2026-02-26T19:45Z,2026-02-26T19:30Z
balancing_energy_bids,5,2026-02-26T19:30:00,PT15M,2026-02-26T19:45Z,2026-02-26T19:30Z,140,1,10,10Y1001C--00090V,AUCTION-aFRR,B74,10YSK-SEPS-----K,EUR,A01,A01,20260226083-AFRR_P-UNIT_063-1,MWH,MAW,A01,A06,2026-02-26T19:45Z,2026-02-26T19:30Z
balancing_energy_bids,6,2026-02-26T19:30:00,PT15M,2026-02-26T19:45Z,2026-02-26T19:30Z,165,1,16,10Y1001C--00090V,AUCTION-aFRR,B74,10YSK-SEPS-----K,EUR,A01,A01,20260226083-AFRR_P-UNIT_065-1,MWH,MAW,A01,A06,2026-02-26T19:45Z,2026-02-26T19:30Z
balancing_energy_bids,7,2026-02-26T19:30:00,PT15M,2026-02-26T19:45Z,2026-02-26T19:30Z,150,1,8,10Y1001C--00090V,AUCTION-aFRR,B74,10YSK-SEPS-----K,EUR,A01,A01,20260226083-AFRR_P-UNIT_068-1,MWH,MAW,A01,A06,2026-02-26T19:45Z,2026-02-26T19:30Z
balancing_energy_bids,8,2026-02-26T19:30:00,PT15M,2026-02-26T19:45Z,2026-02-26T19:30Z,100,1,15,10Y1001C--00090V,AUCTION-aFRR,B74,10YSK-SEPS-----K,EUR,A01,A01,20260226083-AFRR_P-UNIT_069-1,MWH,MAW,A01,A06,2026-02-26T19:45Z,2026-02-26T19:30Z
balancing_energy_bids,9,2026-02-26T19:30:00,PT15M,2026-02-26T19:45Z,2026-02-26T19:30Z,750,1,11,10Y1001C--00090V,AUCTION-aFRR,B74,10YSK-SEPS-----K,EUR,A01,A01,20260226083-AFRR_P-UNIT_104-1,MWH,MAW,A01,A06,2026-02-26T19:45Z,2026-02-26T19:30Z
balancing_energy_bids,10,2026-02-26T19:30:00,PT15M,2026-02-26T19:45Z,2026-02-26T19:30Z,300,1,1,10Y1001C--00090V,AUCTION-aFRR,B74,10YSK-SEPS-----K,EUR,A01,A01,20260226083-AFRR_P-UNIT_106-1,MWH,MAW,A01,A11,2026-02-26T19:45Z,2026-02-26T19:30Z
balancing_energy_bids,11,2026-02-26T20:00:00,PT15M,2026-02-26T20:15Z,2026-02-26T20:00Z,-5,1,5,10Y1001C--00090V,AUCTION-aFRR,B74,10YSK-SEPS-----K,EUR,A01,A02,20260226085-AFRR_N-UNIT_003-1,MWH,MAW,A01,A06,2026-02-26T20:15Z,2026-02-26T20:00Z
balancing_energy_bids,12,2026-02-26T20:00:00,PT15M,2026-02-26T20:15Z,2026-02-26T20:00Z,-20,1,30,10Y1001C--00090V,AUCTION-aFRR,B74,10YSK-SEPS-----K,EUR,A01,A02,20260226085-AFRR_N-UNIT_013-1,MWH,MAW,A01,A06,2026-02-26T20:15Z,2026-02-26T20:00Z
balancing_energy_bids,13,2026-02-26T20:00:00,PT15M,2026-02-26T20:15Z,2026-02-26T20:00Z,-199,1,1,10Y1001C--00090V,AUCTION-aFRR,B74,10YSK-SEPS-----K,EUR,A01,A02,20260226085-AFRR_N-UNIT_019-1,MWH,MAW,A01,A11,2026-02-26T20:15Z,2026-02-26T20:00Z
balancing_energy_bids,14,2026-02-26T20:00:00,PT15M,2026-02-26T20:15Z,2026-02-26T20:00Z,-50,1,10,10Y1001C--00090V,AUCTION-aFRR,B74,10YSK-SEPS-----K,EUR,A01,A02,20260226085-AFRR_N-UNIT_028-1,MWH,MAW,A01,A06,2026-02-26T20:15Z,2026-02-26T20:00Z
balancing_energy_bids,15,2026-02-26T20:00:00,PT15M,2026-02-26T20:15Z,2026-02-26T20:00Z,10,1,7,10Y1001C--00090V,AUCTION-aFRR,B74,10YSK-SEPS-----K,EUR,A01,A02,20260226085-AFRR_N-UNIT_043-1,MWH,MAW,A01,A06,2026-02-26T20:15Z,2026-02-26T20:00Z
balancing_energy_bids,16,2026-02-26T20:00:00,PT15M,2026-02-26T20:15Z,2026-02-26T20:00Z,35,1,45,10Y1001C--00090V,AUCTION-aFRR,B74,10YSK-SEPS-----K,EUR,A01,A02,20260226085-AFRR_N-UNIT_049-1,MWH,MAW,A01,A06,2026-02-26T20:15Z,2026-02-26T20:00Z
balancing_energy_bids,17,2026-02-26T20:00:00,PT15M,2026-02-26T20:15Z,2026-02-26T20:00Z,-30,1,10,10Y1001C--00090V,AUCTION-aFRR,B74,10YSK-SEPS-----K,EUR,A01,A02,20260226085-AFRR_N-UNIT_052-1,MWH,MAW,A01,A06,2026-02-26T20:15Z,2026-02-26T20:00Z
balancing_energy_bids,18,2026-02-26T20:00:00,PT15M,2026-02-26T20:15Z,2026-02-26T20:00Z,-5,1,1,10Y1001C--00090V,AUCTION-aFRR,B74,10YSK-SEPS-----K,EUR,A01,A02,20260226085-AFRR_N-UNIT_058-1,MWH,MAW,A01,A11,2026-02-26T20:15Z,2026-02-26T20:00Z
balancing_energy_bids,19,2026-02-26T20:00:00,PT15M,2026-02-26T20:15Z,2026-02-26T20:00Z,-29,1,12,10Y1001C--00090V,AUCTION-aFRR,B74,10YSK-SEPS-----K,EUR,A01,A02,20260226085-AFRR_N-UNIT_062-1,MWH,MAW,A01,A06,2026-02-26T20:15Z,2026-02-26T20:00Z
balancing_energy_bids,20,2026-02-26T20:00:00,PT15M,2026-02-26T20:15Z,2026-02-26T20:00Z,-50,1,4,10Y1001C--00090V,AUCTION-aFRR,B74,10YSK-SEPS-----K,EUR,A01,A02,20260226085-AFRR_N-UNIT_068-1,MWH,MAW,A01,A06,2026-02-26T20:15Z,2026-02-26T20:00Z
balancing_energy_bids,21,2026-02-26T20:00:00,PT15M,2026-02-26T20:15Z,2026-02-26T20:00Z,-150,1,15,10Y1001C--00090V,AUCTION-aFRR,B74,10YSK-SEPS-----K,EUR,A01,A02,20260226085-AFRR_N-UNIT_069-1,MWH,MAW,A01,A06,2026-02-26T20:15Z,2026-02-26T20:00Z
balancing_energy_bids,22,2026-02-26T20:00:00,PT15M,2026-02-26T20:15Z,2026-02-26T20:00Z,-162.65,1,3,10Y1001C--00090V,AUCTION-aFRR,B74,10YSK-SEPS-----K,EUR,A01,A02,20260226085-AFRR_N-UNIT_089-1,MWH,MAW,A01,A06,2026-02-26T20:15Z,2026-02-26T20:00Z
balancing_energy_bids,23,2026-02-26T20:00:00,PT15M,2026-02-26T20:15Z,2026-02-26T20:00Z,0,1,7,10Y1001C--00090V,AUCTION-aFRR,B74,10YSK-SEPS-----K,EUR,A01,A02,20260226085-AFRR_N-UNIT_097-1,MWH,MAW,A01,A06,2026-02-26T20:15Z,2026-02-26T20:00Z
balancing_energy_bids,24,2026-02-26T20:00:00,PT15M,2026-02-26T20:15Z,2026-02-26T20:00Z,-100,1,4,10Y1001C--00090V,AUCTION-aFRR,B74,10YSK-SEPS-----K,EUR,A01,A02,20260226085-AFRR_N-UNIT_104-1,MWH,MAW,A01,A06,2026-02-26T20:15Z,2026-02-26T20:00Z
balancing_energy_bids,25,2026-02-26T20:00:00,PT15M,2026-02-26T20:15Z,2026-02-26T20:00Z,-19,1,1,10Y1001C--00090V,AUCTION-aFRR,B74,10YSK-SEPS-----K,EUR,A01,A02,20260226085-AFRR_N-UNIT_106-1,MWH,MAW,A01,A06,2026-02-26T20:15Z,2026-02-26T20:00Z
balancing_energy_bids,26,2026-02-26T20:00:00,PT15M,2026-02-26T20:15Z,2026-02-26T20:00Z,189,1,5,10Y1001C--00090V,AUCTION-aFRR,B74,10YSK-SEPS-----K,EUR,A01,A01,20260226085-AFRR_P-UNIT_003-1,MWH,MAW,A01,A06,2026-02-26T20:15Z,2026-02-26T20:00Z
balancing_energy_bids,27,2026-02-26T20:00:00,PT15M,2026-02-26T20:15Z,2026-02-26T20:00Z,165,1,3,10Y1001C--00090V,AUCTION-aFRR,B74,10YSK-SEPS-----K,EUR,A01,A01,20260226085-AFRR_P-UNIT_009-1,MWH,MAW,A01,A06,2026-02-26T20:15Z,2026-02-26T20:00Z
balancing_energy_bids,28,2026-02-26T20:00:00,PT15M,2026-02-26T20:15Z,2026-02-26T20:00Z,251,1,1,10Y1001C--00090V,AUCTION-aFRR,B74,10YSK-SEPS-----K,EUR,A01,A01,20260226085-AFRR_P-UNIT_019-1,MWH,MAW,A01,A06,2026-02-26T20:15Z,2026-02-26T20:00Z
balancing_energy_bids,29,2026-02-26T20:00:00,PT15M,2026-02-26T20:15Z,2026-02-26T20:00Z,50,1,11,10Y1001C--00090V,AUCTION-aFRR,B74,10YSK-SEPS-----K,EUR,A01,A01,20260226085-AFRR_P-UNIT_028-1,MWH,MAW,A01,A06,2026-02-26T20:15Z,2026-02-26T20:00Z
balancing_energy_bids,30,2026-02-26T20:00:00,PT15M,2026-02-26T20:15Z,2026-02-26T20:00Z,117,1,1,10Y1001C--00090V,AUCTION-aFRR,B74,10YSK-SEPS-----K,EUR,A01,A01,20260226085-AFRR_P-UNIT_043-1,MWH,MAW,A01,A06,2026-02-26T20:15Z,2026-02-26T20:00Z
balancing_energy_bids,31,2026-02-26T20:00:00,PT15M,2026-02-26T20:15Z,2026-02-26T20:00Z,0,1,1,10Y1001C--00090V,AUCTION-aFRR,B74,10YSK-SEPS-----K,EUR,A01,A01,20260226085-AFRR_P-UNIT_047-1,MWH,MAW,A01,A11,2026-02-26T20:15Z,2026-02-26T20:00Z
balancing_energy_bids,32,2026-02-26T20:00:00,PT15M,2026-02-26T20:15Z,2026-02-26T20:00Z,132,1,45,10Y1001C--00090V,AUCTION-aFRR,B74,10YSK-SEPS-----K,EUR,A01,A01,20260226085-AFRR_P-UNIT_049-1,MWH,MAW,A01,A06,2026-02-26T20:15Z,2026-02-26T20:00Z
balancing_energy_bids,33,2026-02-26T20:00:00,PT15M,2026-02-26T20:15Z,2026-02-26T20:00Z,135,1,23,10Y1001C--00090V,AUCTION-aFRR,B74,10YSK-SEPS-----K,EUR,A01,A01,20260226085-AFRR_P-UNIT_052-1,MWH,MAW,A01,A06,2026-02-26T20:15Z,2026-02-26T20:00Z
balancing_energy_bids,34,2026-02-26T20:00:00,PT15M,2026-02-26T20:15Z,2026-02-26T20:00Z,136.29,1,1,10Y1001C--00090V,AUCTION-aFRR,B74,10YSK-SEPS-----K,EUR,A01,A01,20260226085-AFRR_P-UNIT_058-1,MWH,MAW,A01,A11,2026-02-26T20:15Z,2026-02-26T20:00Z
balancing_energy_bids,35,2026-02-26T20:00:00,PT15M,2026-02-26T20:15Z,2026-02-26T20:00Z,117,1,9,10Y1001C--00090V,AUCTION-aFRR,B74,10YSK-SEPS-----K,EUR,A01,A01,20260226085-AFRR_P-UNIT_062-1,MWH,MAW,A01,A06,2026-02-26T20:15Z,2026-02-26T20:00Z
balancing_energy_bids,36,2026-02-26T20:00:00,PT15M,2026-02-26T20:15Z,2026-02-26T20:00Z,140,1,10,10Y1001C--00090V,AUCTION-aFRR,B74,10YSK-SEPS-----K,EUR,A01,A01,20260226085-AFRR_P-UNIT_063-1,MWH,MAW,A01,A06,2026-02-26T20:15Z,2026-02-26T20:00Z
balancing_energy_bids,37,2026-02-26T20:00:00,PT15M,2026-02-26T20:15Z,2026-02-26T20:00Z,165,1,16,10Y1001C--00090V,AUCTION-aFRR,B74,10YSK-SEPS-----K,EUR,A01,A01,20260226085-AFRR_P-UNIT_065-1,MWH,MAW,A01,A06,2026-02-26T20:15Z,2026-02-26T20:00Z
balancing_energy_bids,38,2026-02-26T20:00:00,PT15M,2026-02-26T20:15Z,2026-02-26T20:00Z,150,1,5,10Y1001C--00090V,AUCTION-aFRR,B74,10YSK-SEPS-----K,EUR,A01,A01,20260226085-AFRR_P-UNIT_068-1,MWH,MAW,A01,A06,2026-02-26T20:15Z,2026-02-26T20:00Z
balancing_energy_bids,39,2026-02-26T20:00:00,PT15M,2026-02-26T20:15Z,2026-02-26T20:00Z,100,1,15,10Y1001C--00090V,AUCTION-aFRR,B74,10YSK-SEPS-----K,EUR,A01,A01,20260226085-AFRR_P-UNIT_069-1,MWH,MAW,A01,A06,2026-02-26T20:15Z,2026-02-26T20:00Z
balancing_energy_bids,40,2026-02-26T20:00:00,PT15M,2026-02-26T20:15Z,2026-02-26T20:00Z,750,1,11,10Y1001C--00090V,AUCTION-aFRR,B74,10YSK-SEPS-----K,EUR,A01,A01,20260226085-AFRR_P-UNIT_104-1,MWH,MAW,A01,A06,2026-02-26T20:15Z,2026-02-26T20:00Z
balancing_energy_bids,41,2026-02-26T20:00:00,PT15M,2026-02-26T20:15Z,2026-02-26T20:00Z,300,1,1,10Y1001C--00090V,AUCTION-aFRR,B74,10YSK-SEPS-----K,EUR,A01,A01,20260226085-AFRR_P-UNIT_106-1,MWH,MAW,A01,A11,2026-02-26T20:15Z,2026-02-26T20:00Z
balancing_energy_bids,42,2026-02-26T20:15:00,PT15M,2026-02-26T20:30Z,2026-02-26T20:15Z,-5,1,5,10Y1001C--00090V,AUCTION-aFRR,B74,10YSK-SEPS-----K,EUR,A01,A02,20260226086-AFRR_N-UNIT_003-1,MWH,MAW,A01,A06,2026-02-26T20:30Z,2026-02-26T20:15Z
balancing_energy_bids,43,2026-02-26T20:15:00,PT15M,2026-02-26T20:30Z,2026-02-26T20:15Z,-20,1,30,10Y1001C--00090V,AUCTION-aFRR,B74,10YSK-SEPS-----K,EUR,A01,A02,20260226086-AFRR_N-UNIT_013-1,MWH,MAW,A01,A06,2026-02-26T20:30Z,2026-02-26T20:15Z
balancing_energy_bids,44,2026-02-26T20:15:00,PT15M,2026-02-26T20:30Z,2026-02-26T20:15Z,-199,1,1,10Y1001C--00090V,AUCTION-aFRR,B74,10YSK-SEPS-----K,EUR,A01,A02,20260226086-AFRR_N-UNIT_019-1,MWH,MAW,A01,A11,2026-02-26T20:30Z,2026-02-26T20:15Z
balancing_energy_bids,45,2026-02-26T20:15:00,PT15M,2026-02-26T20:30Z,2026-02-26T20:15Z,-50,1,10,10Y1001C--00090V,AUCTION-aFRR,B74,10YSK-SEPS-----K,EUR,A01,A02,20260226086-AFRR_N-UNIT_028-1,MWH,MAW,A01,A06,2026-02-26T20:30Z,2026-02-26T20:15Z
balancing_energy_bids,46,2026-02-26T20:15:00,PT15M,2026-02-26T20:30Z,2026-02-26T20:15Z,10,1,7,10Y1001C--00090V,AUCTION-aFRR,B74,10YSK-SEPS-----K,EUR,A01,A02,20260226086-AFRR_N-UNIT_043-1,MWH,MAW,A01,A06,2026-02-26T20:30Z,2026-02-26T20:15Z
balancing_energy_bids,47,2026-02-26T20:15:00,PT15M,2026-02-26T20:30Z,2026-02-26T20:15Z,35,1,45,10Y1001C--00090V,AUCTION-aFRR,B74,10YSK-SEPS-----K,EUR,A01,A02,20260226086-AFRR_N-UNIT_049-1,MWH,MAW,A01,A06,2026-02-26T20:30Z,2026-02-26T20:15Z
balancing_energy_bids,48,2026-02-26T20:15:00,PT15M,2026-02-26T20:30Z,2026-02-26T20:15Z,-30,1,10,10Y1001C--00090V,AUCTION-aFRR,B74,10YSK-SEPS-----K,EUR,A01,A02,20260226086-AFRR_N-UNIT_052-1,MWH,MAW,A01,A06,2026-02-26T20:30Z,2026-02-26T20:15Z
balancing_energy_bids,49,2026-02-26T20:15:00,PT15M,2026-02-26T20:30Z,2026-02-26T20:15Z,-5,1,1,10Y1001C--00090V,AUCTION-aFRR,B74,10YSK-SEPS-----K,EUR,A01,A02,20260226086-AFRR_N-UNIT_058-1,MWH,MAW,A01,A11,2026-02-26T20:30Z,2026-02-26T20:15Z
balancing_energy_bids,50,2026-02-26T20:15:00,PT15M,2026-02-26T20:30Z,2026-02-26T20:15Z,-29,1,12,10Y1001C--00090V,AUCTION-aFRR,B74,10YSK-SEPS-----K,EUR,A01,A02,20260226086-AFRR_N-UNIT_062-1,MWH,MAW,A01,A06,2026-02-26T20:30Z,2026-02-26T20:15Z
balancing_energy_bids,51,2026-02-26T20:15:00,PT15M,2026-02-26T20:30Z,2026-02-26T20:15Z,-50,1,4,10Y1001C--00090V,AUCTION-aFRR,B74,10YSK-SEPS-----K,EUR,A01,A02,20260226086-AFRR_N-UNIT_068-1,MWH,MAW,A01,A06,2026-02-26T20:30Z,2026-02-26T20:15Z
balancing_energy_bids,52,2026-02-26T20:15:00,PT15M,2026-02-26T20:30Z,2026-02-26T20:15Z,-150,1,15,10Y1001C--00090V,AUCTION-aFRR,B74,10YSK-SEPS-----K,EUR,A01,A02,20260226086-AFRR_N-UNIT_069-1,MWH,MAW,A01,A06,2026-02-26T20:30Z,2026-02-26T20:15Z
balancing_energy_bids,53,2026-02-26T20:15:00,PT15M,2026-02-26T20:30Z,2026-02-26T20:15Z,-170.3,1,3,10Y1001C--00090V,AUCTION-aFRR,B74,10YSK-SEPS-----K,EUR,A01,A02,20260226086-AFRR_N-UNIT_089-1,MWH,MAW,A01,A06,2026-02-26T20:30Z,2026-02-26T20:15Z
balancing_energy_bids,54,2026-02-26T20:15:00,PT15M,2026-02-26T20:30Z,2026-02-26T20:15Z,0,1,7,10Y1001C--00090V,AUCTION-aFRR,B74,10YSK-SEPS-----K,EUR,A01,A02,20260226086-AFRR_N-UNIT_097-1,MWH,MAW,A01,A06,2026-02-26T20:30Z,2026-02-26T20:15Z
balancing_energy_bids,55,2026-02-26T20:15:00,PT15M,2026-02-26T20:30Z,2026-02-26T20:15Z,-100,1,4,10Y1001C--00090V,AUCTION-aFRR,B74,10YSK-SEPS-----K,EUR,A01,A02,20260226086-AFRR_N-UNIT_104-1,MWH,MAW,A01,A06,2026-02-26T20:30Z,2026-02-26T20:15Z
balancing_energy_bids,56,2026-02-26T20:15:00,PT15M,2026-02-26T20:30Z,2026-02-26T20:15Z,-19,1,1,10Y1001C--00090V,AUCTION-aFRR,B74,10YSK-SEPS-----K,EUR,A01,A02,20260226086-AFRR_N-UNIT_106-1,MWH,MAW,A01,A06,2026-02-26T20:30Z,2026-02-26T20:15Z
balancing_energy_bids,57,2026-02-26T20:15:00,PT15M,2026-02-26T20:30Z,2026-02-26T20:15Z,189,1,5,10Y1001C--00090V,AUCTION-aFRR,B74,10YSK-SEPS-----K,EUR,A01,A01,20260226086-AFRR_P-UNIT_003-1,MWH,MAW,A01,A06,2026-02-26T20:30Z,2026-02-26T20:15Z
balancing_energy_bids,58,2026-02-26T20:15:00,PT15M,2026-02-26T20:30Z,2026-02-26T20:15Z,165,1,3,10Y1001C--00090V,AUCTION-aFRR,B74,10YSK-SEPS-----K,EUR,A01,A01,20260226086-AFRR_P-UNIT_009-1,MWH,MAW,A01,A06,2026-02-26T20:30Z,2026-02-26T20:15Z
balancing_energy_bids,59,2026-02-26T20:15:00,PT15M,2026-02-26T20:30Z,2026-02-26T20:15Z,251,1,1,10Y1001C--00090V,AUCTION-aFRR,B74,10YSK-SEPS-----K,EUR,A01,A01,20260226086-AFRR_P-UNIT_019-1,MWH,MAW,A01,A06,2026-02-26T20:30Z,2026-02-26T20:15Z
balancing_energy_bids,60,2026-02-26T20:15:00,PT15M,2026-02-26T20:30Z,2026-02-26T20:15Z,50,1,11,10Y1001C--00090V,AUCTION-aFRR,B74,10YSK-SEPS-----K,EUR,A01,A01,20260226086-AFRR_P-UNIT_028-1,MWH,MAW,A01,A06,2026-02-26T20:30Z,2026-02-26T20:15Z
balancing_energy_bids,61,2026-02-26T20:15:00,PT15M,2026-02-26T20:30Z,2026-02-26T20:15Z,110,1,1,10Y1001C--00090V,AUCTION-aFRR,B74,10YSK-SEPS-----K,EUR,A01,A01,20260226086-AFRR_P-UNIT_043-1,MWH,MAW,A01,A06,2026-02-26T20:30Z,2026-02-26T20:15Z
balancing_energy_bids,62,2026-02-26T20:15:00,PT15M,2026-02-26T20:30Z,2026-02-26T20:15Z,0,1,1,10Y1001C--00090V,AUCTION-aFRR,B74,10YSK-SEPS-----K,EUR,A01,A01,20260226086-AFRR_P-UNIT_047-1,MWH,MAW,A01,A11,2026-02-26T20:30Z,2026-02-26T20:15Z
balancing_energy_bids,63,2026-02-26T20:15:00,PT15M,2026-02-26T20:30Z,2026-02-26T20:15Z,132,1,45,10Y1001C--00090V,AUCTION-aFRR,B74,10YSK-SEPS-----K,EUR,A01,A01,20260226086-AFRR_P-UNIT_049-1,MWH,MAW,A01,A06,2026-02-26T20:30Z,2026-02-26T20:15Z
balancing_energy_bids,64,2026-02-26T20:15:00,PT15M,2026-02-26T20:30Z,2026-02-26T20:15Z,135,1,23,10Y1001C--00090V,AUCTION-aFRR,B74,10YSK-SEPS-----K,EUR,A01,A01,20260226086-AFRR_P-UNIT_052-1,MWH,MAW,A01,A06,2026-02-26T20:30Z,2026-02-26T20:15Z
balancing_energy_bids,65,2026-02-26T20:15:00,PT15M,2026-02-26T20:30Z,2026-02-26T20:15Z,132,1,1,10Y1001C--00090V,AUCTION-aFRR,B74,10YSK-SEPS-----K,EUR,A01,A01,20260226086-AFRR_P-UNIT_058-1,MWH,MAW,A01,A11,2026-02-26T20:30Z,2026-02-26T20:15Z
balancing_energy_bids,66,2026-02-26T20:15:00,PT15M,2026-02-26T20:30Z,2026-02-26T20:15Z,110,1,9,10Y1001C--00090V,AUCTION-aFRR,B74,10YSK-SEPS-----K,EUR,A01,A01,20260226086-AFRR_P-UNIT_062-1,MWH,MAW,A01,A06,2026-02-26T20:30Z,2026-02-26T20:15Z
balancing_energy_bids,67,2026-02-26T20:15:00,PT15M,2026-02-26T20:30Z,2026-02-26T20:15Z,140,1,10,10Y1001C--00090V,AUCTION-aFRR,B74,10YSK-SEPS-----K,EUR,A01,A01,20260226086-AFRR_P-UNIT_063-1,MWH,MAW,A01,A06,2026-02-26T20:30Z,2026-02-26T20:15Z
balancing_energy_bids,68,2026-02-26T20:15:00,PT15M,2026-02-26T20:30Z,2026-02-26T20:15Z,165,1,16,10Y1001C--00090V,AUCTION-aFRR,B74,10YSK-SEPS-----K,EUR,A01,A01,20260226086-AFRR_P-UNIT_065-1,MWH,MAW,A01,A06,2026-02-26T20:30Z,2026-02-26T20:15Z
balancing_energy_bids,69,2026-02-26T20:15:00,PT15M,2026-02-26T20:30Z,2026-02-26T20:15Z,150,1,5,10Y1001C--00090V,AUCTION-aFRR,B74,10YSK-SEPS-----K,EUR,A01,A01,20260226086-AFRR_P-UNIT_068-1,MWH,MAW,A01,A06,2026-02-26T20:30Z,2026-02-26T20:15Z
balancing_energy_bids,70,2026-02-26T20:15:00,PT15M,2026-02-26T20:30Z,2026-02-26T20:15Z,100,1,15,10Y1001C--00090V,AUCTION-aFRR,B74,10YSK-SEPS-----K,EUR,A01,A01,20260226086-AFRR_P-UNIT_069-1,MWH,MAW,A01,A06,2026-02-26T20:30Z,2026-02-26T20:15Z
balancing_energy_bids,71,2026-02-26T20:15:00,PT15M,2026-02-26T20:30Z,2026-02-26T20:15Z,750,1,11,10Y1001C--00090V,AUCTION-aFRR,B74,10YSK-SEPS-----K,EUR,A01,A01,20260226086-AFRR_P-UNIT_104-1,MWH,MAW,A01,A06,2026-02-26T20:30Z,2026-02-26T20:15Z
balancing_energy_bids,72,2026-02-26T20:15:00,PT15M,2026-02-26T20:30Z,2026-02-26T20:15Z,300,1,1,10Y1001C--00090V,AUCTION-aFRR,B74,10YSK-SEPS-----K,EUR,A01,A01,20260226086-AFRR_P-UNIT_106-1,MWH,MAW,A01,A11,2026-02-26T20:30Z,2026-02-26T20:15Z
balancing_energy_bids,73,2026-02-26T20:30:00,PT15M,2026-02-26T20:45Z,2026-02-26T20:30Z,-5,1,5,10Y1001C--00090V,AUCTION-aFRR,B74,10YSK-SEPS-----K,EUR,A01,A02,20260226087-AFRR_N-UNIT_003-1,MWH,MAW,A01,A06,2026-02-26T20:45Z,2026-02-26T20:30Z
balancing_energy_bids,74,2026-02-26T20:30:00,PT15M,2026-02-26T20:45Z,2026-02-26T20:30Z,-20,1,30,10Y1001C--00090V,AUCTION-aFRR,B74,10YSK-SEPS-----K,EUR,A01,A02,20260226087-AFRR_N-UNIT_013-1,MWH,MAW,A01,A06,2026-02-26T20:45Z,2026-02-26T20:30Z
balancing_energy_bids,75,2026-02-26T20:30:00,PT15M,2026-02-26T20:45Z,2026-02-26T20:30Z,-199,1,1,10Y1001C--00090V,AUCTION-aFRR,B74,10YSK-SEPS-----K,EUR,A01,A02,20260226087-AFRR_N-UNIT_019-1,MWH,MAW,A01,A11,2026-02-26T20:45Z,2026-02-26T20:30Z
balancing_energy_bids,76,2026-02-26T20:30:00,PT15M,2026-02-26T20:45Z,2026-02-26T20:30Z,-0.01,1,10,10Y1001C--00090V,AUCTION-aFRR,B74,10YSK-SEPS-----K,EUR,A01,A02,20260226087-AFRR_N-UNIT_028-1,MWH,MAW,A01,A06,2026-02-26T20:45Z,2026-02-26T20:30Z
balancing_energy_bids,77,2026-02-26T20:30:00,PT15M,2026-02-26T20:45Z,2026-02-26T20:30Z,10,1,7,10Y1001C--00090V,AUCTION-aFRR,B74,10YSK-SEPS-----K,EUR,A01,A02,20260226087-AFRR_N-UNIT_043-1,MWH,MAW,A01,A06,2026-02-26T20:45Z,2026-02-26T20:30Z
balancing_energy_bids,78,2026-02-26T20:30:00,PT15M,2026-02-26T20:45Z,2026-02-26T20:30Z,35,1,45,10Y1001C--00090V,AUCTION-aFRR,B74,10YSK-SEPS-----K,EUR,A01,A02,20260226087-AFRR_N-UNIT_049-1,MWH,MAW,A01,A06,2026-02-26T20:45Z,2026-02-26T20:30Z
balancing_energy_bids,79,2026-02-26T20:30:00,PT15M,2026-02-26T20:45Z,2026-02-26T20:30Z,-30,1,10,10Y1001C--00090V,AUCTION-aFRR,B74,10YSK-SEPS-----K,EUR,A01,A02,20260226087-AFRR_N-UNIT_052-1,MWH,MAW,A01,A06,2026-02-26T20:45Z,2026-02-26T20:30Z
balancing_energy_bids,80,2026-02-26T20:30:00,PT15M,2026-02-26T20:45Z,2026-02-26T20:30Z,-5,1,1,10Y1001C--00090V,AUCTION-aFRR,B74,10YSK-SEPS-----K,EUR,A01,A02,20260226087-AFRR_N-UNIT_058-1,MWH,MAW,A01,A11,2026-02-26T20:45Z,2026-02-26T20:30Z
balancing_energy_bids,81,2026-02-26T20:30:00,PT15M,2026-02-26T20:45Z,2026-02-26T20:30Z,-29,1,12,10Y1001C--00090V,AUCTION-aFRR,B74,10YSK-SEPS-----K,EUR,A01,A02,20260226087-AFRR_N-UNIT_062-1,MWH,MAW,A01,A06,2026-02-26T20:45Z,2026-02-26T20:30Z
balancing_energy_bids,82,2026-02-26T20:30:00,PT15M,2026-02-26T20:45Z,2026-02-26T20:30Z,-50,1,4,10Y1001C--00090V,AUCTION-aFRR,B74,10YSK-SEPS-----K,EUR,A01,A02,20260226087-AFRR_N-UNIT_068-1,MWH,MAW,A01,A06,2026-02-26T20:45Z,2026-02-26T20:30Z
balancing_energy_bids,83,2026-02-26T20:30:00,PT15M,2026-02-26T20:45Z,2026-02-26T20:30Z,-150,1,15,10Y1001C--00090V,AUCTION-aFRR,B74,10YSK-SEPS-----K,EUR,A01,A02,20260226087-AFRR_N-UNIT_069-1,MWH,MAW,A01,A06,2026-02-26T20:45Z,2026-02-26T20:30Z
balancing_energy_bids,84,2026-02-26T20:30:00,PT15M,2026-02-26T20:45Z,2026-02-26T20:30Z,-170.22,1,3,10Y1001C--00090V,AUCTION-aFRR,B74,10YSK-SEPS-----K,EUR,A01,A02,20260226087-AFRR_N-UNIT_089-1,MWH,MAW,A01,A06,2026-02-26T20:45Z,2026-02-26T20:30Z
balancing_energy_bids,85,2026-02-26T20:30:00,PT15M,2026-02-26T20:45Z,2026-02-26T20:30Z,0,1,7,10Y1001C--00090V,AUCTION-aFRR,B74,10YSK-SEPS-----K,EUR,A01,A02,20260226087-AFRR_N-UNIT_097-1,MWH,MAW,A01,A06,2026-02-26T20:45Z,2026-02-26T20:30Z
balancing_energy_bids,86,2026-02-26T20:30:00,PT15M,2026-02-26T20:45Z,2026-02-26T20:30Z,-100,1,4,10Y1001C--00090V,AUCTION-aFRR,B74,10YSK-SEPS-----K,EUR,A01,A02,20260226087-AFRR_N-UNIT_104-1,MWH,MAW,A01,A06,2026-02-26T20:45Z,2026-02-26T20:30Z
balancing_energy_bids,87,2026-02-26T20:30:00,PT15M,2026-02-26T20:45Z,2026-02-26T20:30Z,-19,1,1,10Y1001C--00090V,AUCTION-aFRR,B74,10YSK-SEPS-----K,EUR,A01,A02,20260226087-AFRR_N-UNIT_106-1,MWH,MAW,A01,A06,2026-02-26T20:45Z,2026-02-26T20:30Z
balancing_energy_bids,88,2026-02-26T20:30:00,PT15M,2026-02-26T20:45Z,2026-02-26T20:30Z,189,1,5,10Y1001C--00090V,AUCTION-aFRR,B74,10YSK-SEPS-----K,EUR,A01,A01,20260226087-AFRR_P-UNIT_003-1,MWH,MAW,A01,A06,2026-02-26T20:45Z,2026-02-26T20:30Z
balancing_energy_bids,89,2026-02-26T20:30:00,PT15M,2026-02-26T20:45Z,2026-02-26T20:30Z,165,1,3,10Y1001C--00090V,AUCTION-aFRR,B74,10YSK-SEPS-----K,EUR,A01,A01,20260226087-AFRR_P-UNIT_009-1,MWH,MAW,A01,A06,2026-02-26T20:45Z,2026-02-26T20:30Z
balancing_energy_bids,90,2026-02-26T20:30:00,PT15M,2026-02-26T20:45Z,2026-02-26T20:30Z,251,1,1,10Y1001C--00090V,AUCTION-aFRR,B74,10YSK-SEPS-----K,EUR,A01,A01,20260226087-AFRR_P-UNIT_019-1,MWH,MAW,A01,A06,2026-02-26T20:45Z,2026-02-26T20:30Z
balancing_energy_bids,91,2026-02-26T20:30:00,PT15M,2026-02-26T20:45Z,2026-02-26T20:30Z,500,1,11,10Y1001C--00090V,AUCTION-aFRR,B74,10YSK-SEPS-----K,EUR,A01,A01,20260226087-AFRR_P-UNIT_028-1,MWH,MAW,A01,A06,2026-02-26T20:45Z,2026-02-26T20:30Z
balancing_energy_bids,92,2026-02-26T20:30:00,PT15M,2026-02-26T20:45Z,2026-02-26T20:30Z,110,1,1,10Y1001C--00090V,AUCTION-aFRR,B74,10YSK-SEPS-----K,EUR,A01,A01,20260226087-AFRR_P-UNIT_043-1,MWH,MAW,A01,A06,2026-02-26T20:45Z,2026-02-26T20:30Z
balancing_energy_bids,93,2026-02-26T20:30:00,PT15M,2026-02-26T20:45Z,2026-02-26T20:30Z,0,1,1,10Y1001C--00090V,AUCTION-aFRR,B74,10YSK-SEPS-----K,EUR,A01,A01,20260226087-AFRR_P-UNIT_047-1,MWH,MAW,A01,A11,2026-02-26T20:45Z,2026-02-26T20:30Z
balancing_energy_bids,94,2026-02-26T20:30:00,PT15M,2026-02-26T20:45Z,2026-02-26T20:30Z,132,1,45,10Y1001C--00090V,AUCTION-aFRR,B74,10YSK-SEPS-----K,EUR,A01,A01,20260226087-AFRR_P-UNIT_049-1,MWH,MAW,A01,A06,2026-02-26T20:45Z,2026-02-26T20:30Z
balancing_energy_bids,95,2026-02-26T20:30:00,PT15M,2026-02-26T20:45Z,2026-02-26T20:30Z,135,1,23,10Y1001C--00090V,AUCTION-aFRR,B74,10YSK-SEPS-----K,EUR,A01,A01,20260226087-AFRR_P-UNIT_052-1,MWH,MAW,A01,A06,2026-02-26T20:45Z,2026-02-26T20:30Z
balancing_energy_bids,96,2026-02-26T20:30:00,PT15M,2026-02-26T20:45Z,2026-02-26T20:30Z,132,1,1,10Y1001C--00090V,AUCTION-aFRR,B74,10YSK-SEPS-----K,EUR,A01,A01,20260226087-AFRR_P-UNIT_058-1,MWH,MAW,A01,A11,2026-02-26T20:45Z,2026-02-26T20:30Z
balancing_energy_bids,97,2026-02-26T20:30:00,PT15M,2026-02-26T20:45Z,2026-02-26T20:30Z,110,1,9,10Y1001C--00090V,AUCTION-aFRR,B74,10YSK-SEPS-----K,EUR,A01,A01,20260226087-AFRR_P-UNIT_062-1,MWH,MAW,A01,A06,2026-02-26T20:45Z,2026-02-26T20:30Z
balancing_energy_bids,98,2026-02-26T20:30:00,PT15M,2026-02-26T20:45Z,2026-02-26T20:30Z,140,1,10,10Y1001C--00090V,AUCTION-aFRR,B74,10YSK-SEPS-----K,EUR,A01,A01,20260226087-AFRR_P-UNIT_063-1,MWH,MAW,A01,A06,2026-02-26T20:45Z,2026-02-26T20:30Z
balancing_energy_bids,99,2026-02-26T20:30:00,PT15M,2026-02-26T20:45Z,2026-02-26T20:30Z,165,1,16,10Y1001C--00090V,AUCTION-aFRR,B74,10YSK-SEPS-----K,EUR,A01,A01,20260226087-AFRR_P-UNIT_065-1,MWH,MAW,A01,A06,2026-02-26T20:45Z,2026-02-26T20:30Z
balancing_energy_bids,100,2026-02-26T20:30:00,PT15M,2026-02-26T20:45Z,2026-02-26T20:30Z,150,1,5,10Y1001C--00090V,AUCTION-aFRR,B74,10YSK-SEPS-----K,EUR,A01,A01,20260226087-AFRR_P-UNIT_068-1,MWH,MAW,A01,A06,2026-02-26T20:45Z,2026-02-26T20:30Z
balancing_energy_bids,1,2026-02-26T20:30:00,PT15M,2026-02-26T20:45Z,2026-02-26T20:30Z,100,1,15,10Y1001C--00090V,AUCTION-aFRR,B74,10YSK-SEPS-----K,EUR,A01,A01,20260226087-AFRR_P-UNIT_069-1,MWH,MAW,A01,A06,2026-02-26T20:45Z,2026-02-26T20:30Z
balancing_energy_bids,2,2026-02-26T20:30:00,PT15M,2026-02-26T20:45Z,2026-02-26T20:30Z,750,1,11,10Y1001C--00090V,AUCTION-aFRR,B74,10YSK-SEPS-----K,EUR,A01,A01,20260226087-AFRR_P-UNIT_104-1,MWH,MAW,A01,A06,2026-02-26T20:45Z,2026-02-26T20:30Z
balancing_energy_bids,3,2026-02-26T20:30:00,PT15M,2026-02-26T20:45Z,2026-02-26T20:30Z,300,1,1,10Y1001C--00090V,AUCTION-aFRR,B74,10YSK-SEPS-----K,EUR,A01,A01,20260226087-AFRR_P-UNIT_106-1,MWH,MAW,A01,A11,2026-02-26T20:45Z,2026-02-26T20:30Z
balancing_energy_bids,4,2026-02-26T21:00:00,PT15M,2026-02-26T21:15Z,2026-02-26T21:00Z,-5,1,2,10Y1001C--00090V,AUCTION-aFRR,B74,10YSK-SEPS-----K,EUR,A01,A02,20260226089-AFRR_N-UNIT_003-1,MWH,MAW,A01,A06,2026-02-26T21:15Z,2026-02-26T21:00Z
balancing_energy_bids,5,2026-02-26T21:00:00,PT15M,2026-02-26T21:15Z,2026-02-26T21:00Z,-20,1,30,10Y1001C--00090V,AUCTION-aFRR,B74,10YSK-SEPS-----K,EUR,A01,A02,20260226089-AFRR_N-UNIT_013-1,MWH,MAW,A01,A06,2026-02-26T21:15Z,2026-02-26T21:00Z
balancing_energy_bids,6,2026-02-26T21:00:00,PT15M,2026-02-26T21:15Z,2026-02-26T21:00Z,-199,1,1,10Y1001C--00090V,AUCTION-aFRR,B74,10YSK-SEPS-----K,EUR,A01,A02,20260226089-AFRR_N-UNIT_019-1,MWH,MAW,A01,A11,2026-02-26T21:15Z,2026-02-26T21:00Z
balancing_energy_bids,7,2026-02-26T21:00:00,PT15M,2026-02-26T21:15Z,2026-02-26T21:00Z,-0.01,1,5,10Y1001C--00090V,AUCTION-aFRR,B74,10YSK-SEPS-----K,EUR,A01,A02,20260226089-AFRR_N-UNIT_028-1,MWH,MAW,A01,A06,2026-02-26T21:15Z,2026-02-26T21:00Z
balancing_energy_bids,8,2026-02-26T21:00:00,PT15M,2026-02-26T21:15Z,2026-02-26T21:00Z,10,1,7,10Y1001C--00090V,AUCTION-aFRR,B74,10YSK-SEPS-----K,EUR,A01,A02,20260226089-AFRR_N-UNIT_043-1,MWH,MAW,A01,A06,2026-02-26T21:15Z,2026-02-26T21:00Z
balancing_energy_bids,9,2026-02-26T21:00:00,PT15M,2026-02-26T21:15Z,2026-02-26T21:00Z,35,1,30,10Y1001C--00090V,AUCTION-aFRR,B74,10YSK-SEPS-----K,EUR,A01,A02,20260226089-AFRR_N-UNIT_049-1,MWH,MAW,A01,A06,2026-02-26T21:15Z,2026-02-26T21:00Z
balancing_energy_bids,10,2026-02-26T21:00:00,PT15M,2026-02-26T21:15Z,2026-02-26T21:00Z,-30,1,10,10Y1001C--00090V,AUCTION-aFRR,B74,10YSK-SEPS-----K,EUR,A01,A02,20260226089-AFRR_N-UNIT_052-1,MWH,MAW,A01,A06,2026-02-26T21:15Z,2026-02-26T21:00Z
balancing_energy_bids,11,2026-02-26T21:00:00,PT15M,2026-02-26T21:15Z,2026-02-26T21:00Z,-5,1,1,10Y1001C--00090V,AUCTION-aFRR,B74,10YSK-SEPS-----K,EUR,A01,A02,20260226089-AFRR_N-UNIT_058-1,MWH,MAW,A01,A11,2026-02-26T21:15Z,2026-02-26T21:00Z
balancing_energy_bids,12,2026-02-26T21:00:00,PT15M,2026-02-26T21:15Z,2026-02-26T21:00Z,-29,1,9,10Y1001C--00090V,AUCTION-aFRR,B74,10YSK-SEPS-----K,EUR,A01,A02,20260226089-AFRR_N-UNIT_062-1,MWH,MAW,A01,A06,2026-02-26T21:15Z,2026-02-26T21:00Z
balancing_energy_bids,13,2026-02-26T21:00:00,PT15M,2026-02-26T21:15Z,2026-02-26T21:00Z,-50,1,1,10Y1001C--00090V,AUCTION-aFRR,B74,10YSK-SEPS-----K,EUR,A01,A02,20260226089-AFRR_N-UNIT_068-1,MWH,MAW,A01,A11,2026-02-26T21:15Z,2026-02-26T21:00Z
balancing_energy_bids,14,2026-02-26T21:00:00,PT15M,2026-02-26T21:15Z,2026-02-26T21:00Z,-150,1,15,10Y1001C--00090V,AUCTION-aFRR,B74,10YSK-SEPS-----K,EUR,A01,A02,20260226089-AFRR_N-UNIT_069-1,MWH,MAW,A01,A06,2026-02-26T21:15Z,2026-02-26T21:00Z
balancing_energy_bids,15,2026-02-26T21:00:00,PT15M,2026-02-26T21:15Z,2026-02-26T21:00Z,-164.54,1,3,10Y1001C--00090V,AUCTION-aFRR,B74,10YSK-SEPS-----K,EUR,A01,A02,20260226089-AFRR_N-UNIT_089-1,MWH,MAW,A01,A06,2026-02-26T21:15Z,2026-02-26T21:00Z
balancing_energy_bids,16,2026-02-26T21:00:00,PT15M,2026-02-26T21:15Z,2026-02-26T21:00Z,-100,1,4,10Y1001C--00090V,AUCTION-aFRR,B74,10YSK-SEPS-----K,EUR,A01,A02,20260226089-AFRR_N-UNIT_104-1,MWH,MAW,A01,A06,2026-02-26T21:15Z,2026-02-26T21:00Z
balancing_energy_bids,17,2026-02-26T21:00:00,PT15M,2026-02-26T21:15Z,2026-02-26T21:00Z,-19,1,1,10Y1001C--00090V,AUCTION-aFRR,B74,10YSK-SEPS-----K,EUR,A01,A02,20260226089-AFRR_N-UNIT_106-1,MWH,MAW,A01,A06,2026-02-26T21:15Z,2026-02-26T21:00Z
balancing_energy_bids,18,2026-02-26T21:00:00,PT15M,2026-02-26T21:15Z,2026-02-26T21:00Z,189,1,6,10Y1001C--00090V,AUCTION-aFRR,B74,10YSK-SEPS-----K,EUR,A01,A01,20260226089-AFRR_P-UNIT_003-1,MWH,MAW,A01,A06,2026-02-26T21:15Z,2026-02-26T21:00Z
balancing_energy_bids,19,2026-02-26T21:00:00,PT15M,2026-02-26T21:15Z,2026-02-26T21:00Z,165,1,3,10Y1001C--00090V,AUCTION-aFRR,B74,10YSK-SEPS-----K,EUR,A01,A01,20260226089-AFRR_P-UNIT_009-1,MWH,MAW,A01,A06,2026-02-26T21:15Z,2026-02-26T21:00Z
balancing_energy_bids,20,2026-02-26T21:00:00,PT15M,2026-02-26T21:15Z,2026-02-26T21:00Z,251,1,1,10Y1001C--00090V,AUCTION-aFRR,B74,10YSK-SEPS-----K,EUR,A01,A01,20260226089-AFRR_P-UNIT_019-1,MWH,MAW,A01,A06,2026-02-26T21:15Z,2026-02-26T21:00Z
balancing_energy_bids,21,2026-02-26T21:00:00,PT15M,2026-02-26T21:15Z,2026-02-26T21:00Z,500,1,11,10Y1001C--00090V,AUCTION-aFRR,B74,10YSK-SEPS-----K,EUR,A01,A01,20260226089-AFRR_P-UNIT_028-1,MWH,MAW,A01,A06,2026-02-26T21:15Z,2026-02-26T21:00Z
balancing_energy_bids,22,2026-02-26T21:00:00,PT15M,2026-02-26T21:15Z,2026-02-26T21:00Z,115,1,2,10Y1001C--00090V,AUCTION-aFRR,B74,10YSK-SEPS-----K,EUR,A01,A01,20260226089-AFRR_P-UNIT_043-1,MWH,MAW,A01,A06,2026-02-26T21:15Z,2026-02-26T21:00Z
balancing_energy_bids,23,2026-02-26T21:00:00,PT15M,2026-02-26T21:15Z,2026-02-26T21:00Z,0,1,1,10Y1001C--00090V,AUCTION-aFRR,B74,10YSK-SEPS-----K,EUR,A01,A01,20260226089-AFRR_P-UNIT_047-1,MWH,MAW,A01,A11,2026-02-26T21:15Z,2026-02-26T21:00Z
balancing_energy_bids,24,2026-02-26T21:00:00,PT15M,2026-02-26T21:15Z,2026-02-26T21:00Z,132,1,6,10Y1001C--00090V,AUCTION-aFRR,B74,10YSK-SEPS-----K,EUR,A01,A01,20260226089-AFRR_P-UNIT_049-1,MWH,MAW,A01,A06,2026-02-26T21:15Z,2026-02-26T21:00Z
balancing_energy_bids,25,2026-02-26T21:00:00,PT15M,2026-02-26T21:15Z,2026-02-26T21:00Z,135,1,23,10Y1001C--00090V,AUCTION-aFRR,B74,10YSK-SEPS-----K,EUR,A01,A01,20260226089-AFRR_P-UNIT_052-1,MWH,MAW,A01,A06,2026-02-26T21:15Z,2026-02-26T21:00Z
balancing_energy_bids,26,2026-02-26T21:00:00,PT15M,2026-02-26T21:15Z,2026-02-26T21:00Z,133.64,1,1,10Y1001C--00090V,AUCTION-aFRR,B74,10YSK-SEPS-----K,EUR,A01,A01,20260226089-AFRR_P-UNIT_058-1,MWH,MAW,A01,A11,2026-02-26T21:15Z,2026-02-26T21:00Z
balancing_energy_bids,27,2026-02-26T21:00:00,PT15M,2026-02-26T21:15Z,2026-02-26T21:00Z,115,1,9,10Y1001C--00090V,AUCTION-aFRR,B74,10YSK-SEPS-----K,EUR,A01,A01,20260226089-AFRR_P-UNIT_062-1,MWH,MAW,A01,A06,2026-02-26T21:15Z,2026-02-26T21:00Z
balancing_energy_bids,28,2026-02-26T21:00:00,PT15M,2026-02-26T21:15Z,2026-02-26T21:00Z,140,1,10,10Y1001C--00090V,AUCTION-aFRR,B74,10YSK-SEPS-----K,EUR,A01,A01,20260226089-AFRR_P-UNIT_063-1,MWH,MAW,A01,A06,2026-02-26T21:15Z,2026-02-26T21:00Z
balancing_energy_bids,29,2026-02-26T21:00:00,PT15M,2026-02-26T21:15Z,2026-02-26T21:00Z,165,1,16,10Y1001C--00090V,AUCTION-aFRR,B74,10YSK-SEPS-----K,EUR,A01,A01,20260226089-AFRR_P-UNIT_065-1,MWH,MAW,A01,A06,2026-02-26T21:15Z,2026-02-26T21:00Z
balancing_energy_bids,30,2026-02-26T21:00:00,PT15M,2026-02-26T21:15Z,2026-02-26T21:00Z,150,1,1,10Y1001C--00090V,AUCTION-aFRR,B74,10YSK-SEPS-----K,EUR,A01,A01,20260226089-AFRR_P-UNIT_068-1,MWH,MAW,A01,A11,2026-02-26T21:15Z,2026-02-26T21:00Z
balancing_energy_bids,31,2026-02-26T21:00:00,PT15M,2026-02-26T21:15Z,2026-02-26T21:00Z,100,1,15,10Y1001C--00090V,AUCTION-aFRR,B74,10YSK-SEPS-----K,EUR,A01,A01,20260226089-AFRR_P-UNIT_069-1,MWH,MAW,A01,A06,2026-02-26T21:15Z,2026-02-26T21:00Z
balancing_energy_bids,32,2026-02-26T21:00:00,PT15M,2026-02-26T21:15Z,2026-02-26T21:00Z,165,1,7,10Y1001C--00090V,AUCTION-aFRR,B74,10YSK-SEPS-----K,EUR,A01,A01,20260226089-AFRR_P-UNIT_097-1,MWH,MAW,A01,A06,2026-02-26T21:15Z,2026-02-26T21:00Z
balancing_energy_bids,33,2026-02-26T21:00:00,PT15M,2026-02-26T21:15Z,2026-02-26T21:00Z,750,1,11,10Y1001C--00090V,AUCTION-aFRR,B74,10YSK-SEPS-----K,EUR,A01,A01,20260226089-AFRR_P-UNIT_104-1,MWH,MAW,A01,A06,2026-02-26T21:15Z,2026-02-26T21:00Z
balancing_energy_bids,34,2026-02-26T21:00:00,PT15M,2026-02-26T21:15Z,2026-02-26T21:00Z,300,1,1,10Y1001C--00090V,AUCTION-aFRR,B74,10YSK-SEPS-----K,EUR,A01,A01,20260226089-AFRR_P-UNIT_106-1,MWH,MAW,A01,A11,2026-02-26T21:15Z,2026-02-26T21:00Z
balancing_energy_bids,35,2026-02-26T21:15:00,PT15M,2026-02-26T21:30Z,2026-02-26T21:15Z,-5,1,4,10Y1001C--00090V,AUCTION-aFRR,B74,10YSK-SEPS-----K,EUR,A01,A02,20260226090-AFRR_N-UNIT_003-1,MWH,MAW,A01,A06,2026-02-26T21:30Z,2026-02-26T21:15Z
balancing_energy_bids,36,2026-02-26T21:15:00,PT15M,2026-02-26T21:30Z,2026-02-26T21:15Z,-20,1,30,10Y1001C--00090V,AUCTION-aFRR,B74,10YSK-SEPS-----K,EUR,A01,A02,20260226090-AFRR_N-UNIT_013-1,MWH,MAW,A01,A06,2026-02-26T21:30Z,2026-02-26T21:15Z
balancing_energy_bids,37,2026-02-26T21:15:00,PT15M,2026-02-26T21:30Z,2026-02-26T21:15Z,-199,1,1,10Y1001C--00090V,AUCTION-aFRR,B74,10YSK-SEPS-----K,EUR,A01,A02,20260226090-AFRR_N-UNIT_019-1,MWH,MAW,A01,A11,2026-02-26T21:30Z,2026-02-26T21:15Z
balancing_energy_bids,38,2026-02-26T21:15:00,PT15M,2026-02-26T21:30Z,2026-02-26T21:15Z,-0.01,1,10,10Y1001C--00090V,AUCTION-aFRR,B74,10YSK-SEPS-----K,EUR,A01,A02,20260226090-AFRR_N-UNIT_028-1,MWH,MAW,A01,A06,2026-02-26T21:30Z,2026-02-26T21:15Z
balancing_energy_bids,39,2026-02-26T21:15:00,PT15M,2026-02-26T21:30Z,2026-02-26T21:15Z,10,1,7,10Y1001C--00090V,AUCTION-aFRR,B74,10YSK-SEPS-----K,EUR,A01,A02,20260226090-AFRR_N-UNIT_043-1,MWH,MAW,A01,A06,2026-02-26T21:30Z,2026-02-26T21:15Z
balancing_energy_bids,40,2026-02-26T21:15:00,PT15M,2026-02-26T21:30Z,2026-02-26T21:15Z,-30,1,10,10Y1001C--00090V,AUCTION-aFRR,B74,10YSK-SEPS-----K,EUR,A01,A02,20260226090-AFRR_N-UNIT_052-1,MWH,MAW,A01,A06,2026-02-26T21:30Z,2026-02-26T21:15Z
balancing_energy_bids,41,2026-02-26T21:15:00,PT15M,2026-02-26T21:30Z,2026-02-26T21:15Z,-5,1,1,10Y1001C--00090V,AUCTION-aFRR,B74,10YSK-SEPS-----K,EUR,A01,A02,20260226090-AFRR_N-UNIT_058-1,MWH,MAW,A01,A11,2026-02-26T21:30Z,2026-02-26T21:15Z
balancing_energy_bids,42,2026-02-26T21:15:00,PT15M,2026-02-26T21:30Z,2026-02-26T21:15Z,-29,1,15,10Y1001C--00090V,AUCTION-aFRR,B74,10YSK-SEPS-----K,EUR,A01,A02,20260226090-AFRR_N-UNIT_062-1,MWH,MAW,A01,A06,2026-02-26T21:30Z,2026-02-26T21:15Z
balancing_energy_bids,43,2026-02-26T21:15:00,PT15M,2026-02-26T21:30Z,2026-02-26T21:15Z,-50,1,1,10Y1001C--00090V,AUCTION-aFRR,B74,10YSK-SEPS-----K,EUR,A01,A02,20260226090-AFRR_N-UNIT_068-1,MWH,MAW,A01,A11,2026-02-26T21:30Z,2026-02-26T21:15Z
balancing_energy_bids,44,2026-02-26T21:15:00,PT15M,2026-02-26T21:30Z,2026-02-26T21:15Z,-150,1,15,10Y1001C--00090V,AUCTION-aFRR,B74,10YSK-SEPS-----K,EUR,A01,A02,20260226090-AFRR_N-UNIT_069-1,MWH,MAW,A01,A06,2026-02-26T21:30Z,2026-02-26T21:15Z
balancing_energy_bids,45,2026-02-26T21:15:00,PT15M,2026-02-26T21:30Z,2026-02-26T21:15Z,-176.54,1,3,10Y1001C--00090V,AUCTION-aFRR,B74,10YSK-SEPS-----K,EUR,A01,A02,20260226090-AFRR_N-UNIT_089-1,MWH,MAW,A01,A06,2026-02-26T21:30Z,2026-02-26T21:15Z
balancing_energy_bids,46,2026-02-26T21:15:00,PT15M,2026-02-26T21:30Z,2026-02-26T21:15Z,-100,1,4,10Y1001C--00090V,AUCTION-aFRR,B74,10YSK-SEPS-----K,EUR,A01,A02,20260226090-AFRR_N-UNIT_104-1,MWH,MAW,A01,A06,2026-02-26T21:30Z,2026-02-26T21:15Z
balancing_energy_bids,47,2026-02-26T21:15:00,PT15M,2026-02-26T21:30Z,2026-02-26T21:15Z,-19,1,1,10Y1001C--00090V,AUCTION-aFRR,B74,10YSK-SEPS-----K,EUR,A01,A02,20260226090-AFRR_N-UNIT_106-1,MWH,MAW,A01,A06,2026-02-26T21:30Z,2026-02-26T21:15Z
balancing_energy_bids,48,2026-02-26T21:15:00,PT15M,2026-02-26T21:30Z,2026-02-26T21:15Z,189,1,6,10Y1001C--00090V,AUCTION-aFRR,B74,10YSK-SEPS-----K,EUR,A01,A01,20260226090-AFRR_P-UNIT_003-1,MWH,MAW,A01,A06,2026-02-26T21:30Z,2026-02-26T21:15Z
balancing_energy_bids,49,2026-02-26T21:15:00,PT15M,2026-02-26T21:30Z,2026-02-26T21:15Z,165,1,3,10Y1001C--00090V,AUCTION-aFRR,B74,10YSK-SEPS-----K,EUR,A01,A01,20260226090-AFRR_P-UNIT_009-1,MWH,MAW,A01,A06,2026-02-26T21:30Z,2026-02-26T21:15Z
balancing_energy_bids,50,2026-02-26T21:15:00,PT15M,2026-02-26T21:30Z,2026-02-26T21:15Z,251,1,1,10Y1001C--00090V,AUCTION-aFRR,B74,10YSK-SEPS-----K,EUR,A01,A01,20260226090-AFRR_P-UNIT_019-1,MWH,MAW,A01,A06,2026-02-26T21:30Z,2026-02-26T21:15Z
balancing_energy_bids,51,2026-02-26T21:15:00,PT15M,2026-02-26T21:30Z,2026-02-26T21:15Z,500,1,11,10Y1001C--00090V,AUCTION-aFRR,B74,10YSK-SEPS-----K,EUR,A01,A01,20260226090-AFRR_P-UNIT_028-1,MWH,MAW,A01,A06,2026-02-26T21:30Z,2026-02-26T21:15Z
balancing_energy_bids,52,2026-02-26T21:15:00,PT15M,2026-02-26T21:30Z,2026-02-26T21:15Z,103,1,2,10Y1001C--00090V,AUCTION-aFRR,B74,10YSK-SEPS-----K,EUR,A01,A01,20260226090-AFRR_P-UNIT_043-1,MWH,MAW,A01,A06,2026-02-26T21:30Z,2026-02-26T21:15Z
balancing_energy_bids,53,2026-02-26T21:15:00,PT15M,2026-02-26T21:30Z,2026-02-26T21:15Z,0,1,1,10Y1001C--00090V,AUCTION-aFRR,B74,10YSK-SEPS-----K,EUR,A01,A01,20260226090-AFRR_P-UNIT_047-1,MWH,MAW,A01,A11,2026-02-26T21:30Z,2026-02-26T21:15Z
balancing_energy_bids,54,2026-02-26T21:15:00,PT15M,2026-02-26T21:30Z,2026-02-26T21:15Z,135,1,23,10Y1001C--00090V,AUCTION-aFRR,B74,10YSK-SEPS-----K,EUR,A01,A01,20260226090-AFRR_P-UNIT_052-1,MWH,MAW,A01,A06,2026-02-26T21:30Z,2026-02-26T21:15Z
balancing_energy_bids,55,2026-02-26T21:15:00,PT15M,2026-02-26T21:30Z,2026-02-26T21:15Z,132,1,1,10Y1001C--00090V,AUCTION-aFRR,B74,10YSK-SEPS-----K,EUR,A01,A01,20260226090-AFRR_P-UNIT_058-1,MWH,MAW,A01,A11,2026-02-26T21:30Z,2026-02-26T21:15Z
balancing_energy_bids,56,2026-02-26T21:15:00,PT15M,2026-02-26T21:30Z,2026-02-26T21:15Z,103,1,9,10Y1001C--00090V,AUCTION-aFRR,B74,10YSK-SEPS-----K,EUR,A01,A01,20260226090-AFRR_P-UNIT_062-1,MWH,MAW,A01,A06,2026-02-26T21:30Z,2026-02-26T21:15Z
balancing_energy_bids,57,2026-02-26T21:15:00,PT15M,2026-02-26T21:30Z,2026-02-26T21:15Z,140,1,10,10Y1001C--00090V,AUCTION-aFRR,B74,10YSK-SEPS-----K,EUR,A01,A01,20260226090-AFRR_P-UNIT_063-1,MWH,MAW,A01,A06,2026-02-26T21:30Z,2026-02-26T21:15Z
balancing_energy_bids,58,2026-02-26T21:15:00,PT15M,2026-02-26T21:30Z,2026-02-26T21:15Z,165,1,16,10Y1001C--00090V,AUCTION-aFRR,B74,10YSK-SEPS-----K,EUR,A01,A01,20260226090-AFRR_P-UNIT_065-1,MWH,MAW,A01,A06,2026-02-26T21:30Z,2026-02-26T21:15Z
balancing_energy_bids,59,2026-02-26T21:15:00,PT15M,2026-02-26T21:30Z,2026-02-26T21:15Z,150,1,1,10Y1001C--00090V,AUCTION-aFRR,B74,10YSK-SEPS-----K,EUR,A01,A01,20260226090-AFRR_P-UNIT_068-1,MWH,MAW,A01,A11,2026-02-26T21:30Z,2026-02-26T21:15Z
balancing_energy_bids,60,2026-02-26T21:15:00,PT15M,2026-02-26T21:30Z,2026-02-26T21:15Z,100,1,15,10Y1001C--00090V,AUCTION-aFRR,B74,10YSK-SEPS-----K,EUR,A01,A01,20260226090-AFRR_P-UNIT_069-1,MWH,MAW,A01,A06,2026-02-26T21:30Z,2026-02-26T21:15Z
balancing_energy_bids,61,2026-02-26T21:15:00,PT15M,2026-02-26T21:30Z,2026-02-26T21:15Z,85,1,7,10Y1001C--00090V,AUCTION-aFRR,B74,10YSK-SEPS-----K,EUR,A01,A01,20260226090-AFRR_P-UNIT_097-1,MWH,MAW,A01,A06,2026-02-26T21:30Z,2026-02-26T21:15Z
balancing_energy_bids,62,2026-02-26T21:15:00,PT15M,2026-02-26T21:30Z,2026-02-26T21:15Z,750,1,11,10Y1001C--00090V,AUCTION-aFRR,B74,10YSK-SEPS-----K,EUR,A01,A01,20260226090-AFRR_P-UNIT_104-1,MWH,MAW,A01,A06,2026-02-26T21:30Z,2026-02-26T21:15Z
balancing_energy_bids,63,2026-02-26T21:15:00,PT15M,2026-02-26T21:30Z,2026-02-26T21:15Z,300,1,1,10Y1001C--00090V,AUCTION-aFRR,B74,10YSK-SEPS-----K,EUR,A01,A01,20260226090-AFRR_P-UNIT_106-1,MWH,MAW,A01,A11,2026-02-26T21:30Z,2026-02-26T21:15Z
balancing_energy_bids,64,2026-02-26T22:00:00,PT15M,2026-02-26T22:15Z,2026-02-26T22:00Z,-5,1,4,10Y1001C--00090V,AUCTION-aFRR,B74,10YSK-SEPS-----K,EUR,A01,A02,20260226093-AFRR_N-UNIT_003-1,MWH,MAW,A01,A06,2026-02-26T22:15Z,2026-02-26T22:00Z
balancing_energy_bids,65,2026-02-26T22:00:00,PT15M,2026-02-26T22:15Z,2026-02-26T22:00Z,-20,1,30,10Y1001C--00090V,AUCTION-aFRR,B74,10YSK-SEPS-----K,EUR,A01,A02,20260226093-AFRR_N-UNIT_013-1,MWH,MAW,A01,A06,2026-02-26T22:15Z,2026-02-26T22:00Z
balancing_energy_bids,66,2026-02-26T22:00:00,PT15M,2026-02-26T22:15Z,2026-02-26T22:00Z,-199,1,1,10Y1001C--00090V,AUCTION-aFRR,B74,10YSK-SEPS-----K,EUR,A01,A02,20260226093-AFRR_N-UNIT_019-1,MWH,MAW,A01,A11,2026-02-26T22:15Z,2026-02-26T22:00Z
balancing_energy_bids,67,2026-02-26T22:00:00,PT15M,2026-02-26T22:15Z,2026-02-26T22:00Z,-0.01,1,14,10Y1001C--00090V,AUCTION-aFRR,B74,10YSK-SEPS-----K,EUR,A01,A02,20260226093-AFRR_N-UNIT_028-1,MWH,MAW,A01,A06,2026-02-26T22:15Z,2026-02-26T22:00Z
balancing_energy_bids,68,2026-02-26T22:00:00,PT15M,2026-02-26T22:15Z,2026-02-26T22:00Z,10,1,7,10Y1001C--00090V,AUCTION-aFRR,B74,10YSK-SEPS-----K,EUR,A01,A02,20260226093-AFRR_N-UNIT_043-1,MWH,MAW,A01,A06,2026-02-26T22:15Z,2026-02-26T22:00Z
balancing_energy_bids,69,2026-02-26T22:00:00,PT15M,2026-02-26T22:15Z,2026-02-26T22:00Z,-30,1,10,10Y1001C--00090V,AUCTION-aFRR,B74,10YSK-SEPS-----K,EUR,A01,A02,20260226093-AFRR_N-UNIT_052-1,MWH,MAW,A01,A06,2026-02-26T22:15Z,2026-02-26T22:00Z
balancing_energy_bids,70,2026-02-26T22:00:00,PT15M,2026-02-26T22:15Z,2026-02-26T22:00Z,-5,1,1,10Y1001C--00090V,AUCTION-aFRR,B74,10YSK-SEPS-----K,EUR,A01,A02,20260226093-AFRR_N-UNIT_058-1,MWH,MAW,A01,A11,2026-02-26T22:15Z,2026-02-26T22:00Z
balancing_energy_bids,71,2026-02-26T22:00:00,PT15M,2026-02-26T22:15Z,2026-02-26T22:00Z,-29,1,15,10Y1001C--00090V,AUCTION-aFRR,B74,10YSK-SEPS-----K,EUR,A01,A02,20260226093-AFRR_N-UNIT_062-1,MWH,MAW,A01,A06,2026-02-26T22:15Z,2026-02-26T22:00Z
balancing_energy_bids,72,2026-02-26T22:00:00,PT15M,2026-02-26T22:15Z,2026-02-26T22:00Z,-50,1,1,10Y1001C--00090V,AUCTION-aFRR,B74,10YSK-SEPS-----K,EUR,A01,A02,20260226093-AFRR_N-UNIT_068-1,MWH,MAW,A01,A11,2026-02-26T22:15Z,2026-02-26T22:00Z
balancing_energy_bids,73,2026-02-26T22:00:00,PT15M,2026-02-26T22:15Z,2026-02-26T22:00Z,-150,1,15,10Y1001C--00090V,AUCTION-aFRR,B74,10YSK-SEPS-----K,EUR,A01,A02,20260226093-AFRR_N-UNIT_069-1,MWH,MAW,A01,A06,2026-02-26T22:15Z,2026-02-26T22:00Z
balancing_energy_bids,74,2026-02-26T22:00:00,PT15M,2026-02-26T22:15Z,2026-02-26T22:00Z,-172.17,1,3,10Y1001C--00090V,AUCTION-aFRR,B74,10YSK-SEPS-----K,EUR,A01,A02,20260226093-AFRR_N-UNIT_089-1,MWH,MAW,A01,A06,2026-02-26T22:15Z,2026-02-26T22:00Z
balancing_energy_bids,75,2026-02-26T22:00:00,PT15M,2026-02-26T22:15Z,2026-02-26T22:00Z,-100,1,4,10Y1001C--00090V,AUCTION-aFRR,B74,10YSK-SEPS-----K,EUR,A01,A02,20260226093-AFRR_N-UNIT_104-1,MWH,MAW,A01,A06,2026-02-26T22:15Z,2026-02-26T22:00Z
balancing_energy_bids,76,2026-02-26T22:00:00,PT15M,2026-02-26T22:15Z,2026-02-26T22:00Z,-19,1,1,10Y1001C--00090V,AUCTION-aFRR,B74,10YSK-SEPS-----K,EUR,A01,A02,20260226093-AFRR_N-UNIT_106-1,MWH,MAW,A01,A06,2026-02-26T22:15Z,2026-02-26T22:00Z
balancing_energy_bids,77,2026-02-26T22:00:00,PT15M,2026-02-26T22:15Z,2026-02-26T22:00Z,189,1,6,10Y1001C--00090V,AUCTION-aFRR,B74,10YSK-SEPS-----K,EUR,A01,A01,20260226093-AFRR_P-UNIT_003-1,MWH,MAW,A01,A06,2026-02-26T22:15Z,2026-02-26T22:00Z
balancing_energy_bids,78,2026-02-26T22:00:00,PT15M,2026-02-26T22:15Z,2026-02-26T22:00Z,165,1,3,10Y1001C--00090V,AUCTION-aFRR,B74,10YSK-SEPS-----K,EUR,A01,A01,20260226093-AFRR_P-UNIT_009-1,MWH,MAW,A01,A06,2026-02-26T22:15Z,2026-02-26T22:00Z
balancing_energy_bids,79,2026-02-26T22:00:00,PT15M,2026-02-26T22:15Z,2026-02-26T22:00Z,251,1,1,10Y1001C--00090V,AUCTION-aFRR,B74,10YSK-SEPS-----K,EUR,A01,A01,20260226093-AFRR_P-UNIT_019-1,MWH,MAW,A01,A06,2026-02-26T22:15Z,2026-02-26T22:00Z
balancing_energy_bids,80,2026-02-26T22:00:00,PT15M,2026-02-26T22:15Z,2026-02-26T22:00Z,500,1,11,10Y1001C--00090V,AUCTION-aFRR,B74,10YSK-SEPS-----K,EUR,A01,A01,20260226093-AFRR_P-UNIT_028-1,MWH,MAW,A01,A06,2026-02-26T22:15Z,2026-02-26T22:00Z
balancing_energy_bids,81,2026-02-26T22:00:00,PT15M,2026-02-26T22:15Z,2026-02-26T22:00Z,108,1,2,10Y1001C--00090V,AUCTION-aFRR,B74,10YSK-SEPS-----K,EUR,A01,A01,20260226093-AFRR_P-UNIT_043-1,MWH,MAW,A01,A06,2026-02-26T22:15Z,2026-02-26T22:00Z
balancing_energy_bids,82,2026-02-26T22:00:00,PT15M,2026-02-26T22:15Z,2026-02-26T22:00Z,0,1,1,10Y1001C--00090V,AUCTION-aFRR,B74,10YSK-SEPS-----K,EUR,A01,A01,20260226093-AFRR_P-UNIT_047-1,MWH,MAW,A01,A11,2026-02-26T22:15Z,2026-02-26T22:00Z
balancing_energy_bids,83,2026-02-26T22:00:00,PT15M,2026-02-26T22:15Z,2026-02-26T22:00Z,130,1,23,10Y1001C--00090V,AUCTION-aFRR,B74,10YSK-SEPS-----K,EUR,A01,A01,20260226093-AFRR_P-UNIT_052-1,MWH,MAW,A01,A06,2026-02-26T22:15Z,2026-02-26T22:00Z
balancing_energy_bids,84,2026-02-26T22:00:00,PT15M,2026-02-26T22:15Z,2026-02-26T22:00Z,132,1,1,10Y1001C--00090V,AUCTION-aFRR,B74,10YSK-SEPS-----K,EUR,A01,A01,20260226093-AFRR_P-UNIT_058-1,MWH,MAW,A01,A11,2026-02-26T22:15Z,2026-02-26T22:00Z
balancing_energy_bids,85,2026-02-26T22:00:00,PT15M,2026-02-26T22:15Z,2026-02-26T22:00Z,108,1,9,10Y1001C--00090V,AUCTION-aFRR,B74,10YSK-SEPS-----K,EUR,A01,A01,20260226093-AFRR_P-UNIT_062-1,MWH,MAW,A01,A06,2026-02-26T22:15Z,2026-02-26T22:00Z
balancing_energy_bids,86,2026-02-26T22:00:00,PT15M,2026-02-26T22:15Z,2026-02-26T22:00Z,140,1,10,10Y1001C--00090V,AUCTION-aFRR,B74,10YSK-SEPS-----K,EUR,A01,A01,20260226093-AFRR_P-UNIT_063-1,MWH,MAW,A01,A06,2026-02-26T22:15Z,2026-02-26T22:00Z
balancing_energy_bids,87,2026-02-26T22:00:00,PT15M,2026-02-26T22:15Z,2026-02-26T22:00Z,165,1,16,10Y1001C--00090V,AUCTION-aFRR,B74,10YSK-SEPS-----K,EUR,A01,A01,20260226093-AFRR_P-UNIT_065-1,MWH,MAW,A01,A06,2026-02-26T22:15Z,2026-02-26T22:00Z
balancing_energy_bids,88,2026-02-26T22:00:00,PT15M,2026-02-26T22:15Z,2026-02-26T22:00Z,150,1,1,10Y1001C--00090V,AUCTION-aFRR,B74,10YSK-SEPS-----K,EUR,A01,A01,20260226093-AFRR_P-UNIT_068-1,MWH,MAW,A01,A11,2026-02-26T22:15Z,2026-02-26T22:00Z
balancing_energy_bids,89,2026-02-26T22:00:00,PT15M,2026-02-26T22:15Z,2026-02-26T22:00Z,100,1,15,10Y1001C--00090V,AUCTION-aFRR,B74,10YSK-SEPS-----K,EUR,A01,A01,20260226093-AFRR_P-UNIT_069-1,MWH,MAW,A01,A06,2026-02-26T22:15Z,2026-02-26T22:00Z
balancing_energy_bids,90,2026-02-26T22:00:00,PT15M,2026-02-26T22:15Z,2026-02-26T22:00Z,85,1,7,10Y1001C--00090V,AUCTION-aFRR,B74,10YSK-SEPS-----K,EUR,A01,A01,20260226093-AFRR_P-UNIT_097-1,MWH,MAW,A01,A06,2026-02-26T22:15Z,2026-02-26T22:00Z
balancing_energy_bids,91,2026-02-26T22:00:00,PT15M,2026-02-26T22:15Z,2026-02-26T22:00Z,750,1,11,10Y1001C--00090V,AUCTION-aFRR,B74,10YSK-SEPS-----K,EUR,A01,A01,20260226093-AFRR_P-UNIT_104-1,MWH,MAW,A01,A06,2026-02-26T22:15Z,2026-02-26T22:00Z
balancing_energy_bids,92,2026-02-26T22:00:00,PT15M,2026-02-26T22:15Z,2026-02-26T22:00Z,300,1,1,10Y1001C--00090V,AUCTION-aFRR,B74,10YSK-SEPS-----K,EUR,A01,A01,20260226093-AFRR_P-UNIT_106-1,MWH,MAW,A01,A11,2026-02-26T22:15Z,2026-02-26T22:00Z
balancing_energy_bids,93,2026-02-26T22:15:00,PT15M,2026-02-26T22:30Z,2026-02-26T22:15Z,-5,1,4,10Y1001C--00090V,AUCTION-aFRR,B74,10YSK-SEPS-----K,EUR,A01,A02,20260226094-AFRR_N-UNIT_003-1,MWH,MAW,A01,A06,2026-02-26T22:30Z,2026-02-26T22:15Z
balancing_energy_bids,94,2026-02-26T22:15:00,PT15M,2026-02-26T22:30Z,2026-02-26T22:15Z,-20,1,30,10Y1001C--00090V,AUCTION-aFRR,B74,10YSK-SEPS-----K,EUR,A01,A02,20260226094-AFRR_N-UNIT_013-1,MWH,MAW,A01,A06,2026-02-26T22:30Z,2026-02-26T22:15Z
balancing_energy_bids,95,2026-02-26T22:15:00,PT15M,2026-02-26T22:30Z,2026-02-26T22:15Z,-199,1,1,10Y1001C--00090V,AUCTION-aFRR,B74,10YSK-SEPS-----K,EUR,A01,A02,20260226094-AFRR_N-UNIT_019-1,MWH,MAW,A01,A11,2026-02-26T22:30Z,2026-02-26T22:15Z
balancing_energy_bids,96,2026-02-26T22:15:00,PT15M,2026-02-26T22:30Z,2026-02-26T22:15Z,-0.01,1,14,10Y1001C--00090V,AUCTION-aFRR,B74,10YSK-SEPS-----K,EUR,A01,A02,20260226094-AFRR_N-UNIT_028-1,MWH,MAW,A01,A06,2026-02-26T22:30Z,2026-02-26T22:15Z
balancing_energy_bids,97,2026-02-26T22:15:00,PT15M,2026-02-26T22:30Z,2026-02-26T22:15Z,10,1,7,10Y1001C--00090V,AUCTION-aFRR,B74,10YSK-SEPS-----K,EUR,A01,A02,20260226094-AFRR_N-UNIT_043-1,MWH,MAW,A01,A06,2026-02-26T22:30Z,2026-02-26T22:15Z
balancing_energy_bids,98,2026-02-26T22:15:00,PT15M,2026-02-26T22:30Z,2026-02-26T22:15Z,-30,1,10,10Y1001C--00090V,AUCTION-aFRR,B74,10YSK-SEPS-----K,EUR,A01,A02,20260226094-AFRR_N-UNIT_052-1,MWH,MAW,A01,A06,2026-02-26T22:30Z,2026-02-26T22:15Z
balancing_energy_bids,99,2026-02-26T22:15:00,PT15M,2026-02-26T22:30Z,2026-02-26T22:15Z,-5,1,1,10Y1001C--00090V,AUCTION-aFRR,B74,10YSK-SEPS-----K,EUR,A01,A02,20260226094-AFRR_N-UNIT_058-1,MWH,MAW,A01,A11,2026-02-26T22:30Z,2026-02-26T22:15Z
balancing_energy_bids,100,2026-02-26T22:15:00,PT15M,2026-02-26T22:30Z,2026-02-26T22:15Z,-29,1,15,10Y1001C--00090V,AUCTION-aFRR,B74,10YSK-SEPS-----K,EUR,A01,A02,20260226094-AFRR_N-UNIT_062-1,MWH,MAW,A01,A06,2026-02-26T22:30Z,2026-02-26T22:15Z
balancing_energy_bids,1,2026-02-26T22:15:00,PT15M,2026-02-26T22:30Z,2026-02-26T22:15Z,-50,1,1,10Y1001C--00090V,AUCTION-aFRR,B74,10YSK-SEPS-----K,EUR,A01,A02,20260226094-AFRR_N-UNIT_068-1,MWH,MAW,A01,A11,2026-02-26T22:30Z,2026-02-26T22:15Z
balancing_energy_bids,2,2026-02-26T22:15:00,PT15M,2026-02-26T22:30Z,2026-02-26T22:15Z,-150,1,15,10Y1001C--00090V,AUCTION-aFRR,B74,10YSK-SEPS-----K,EUR,A01,A02,20260226094-AFRR_N-UNIT_069-1,MWH,MAW,A01,A06,2026-02-26T22:30Z,2026-02-26T22:15Z
balancing_energy_bids,3,2026-02-26T22:15:00,PT15M,2026-02-26T22:30Z,2026-02-26T22:15Z,-181.31,1,3,10Y1001C--00090V,AUCTION-aFRR,B74,10YSK-SEPS-----K,EUR,A01,A02,20260226094-AFRR_N-UNIT_089-1,MWH,MAW,A01,A06,2026-02-26T22:30Z,2026-02-26T22:15Z
balancing_energy_bids,4,2026-02-26T22:15:00,PT15M,2026-02-26T22:30Z,2026-02-26T22:15Z,-100,1,4,10Y1001C--00090V,AUCTION-aFRR,B74,10YSK-SEPS-----K,EUR,A01,A02,20260226094-AFRR_N-UNIT_104-1,MWH,MAW,A01,A06,2026-02-26T22:30Z,2026-02-26T22:15Z
balancing_energy_bids,5,2026-02-26T22:15:00,PT15M,2026-02-26T22:30Z,2026-02-26T22:15Z,-19,1,1,10Y1001C--00090V,AUCTION-aFRR,B74,10YSK-SEPS-----K,EUR,A01,A02,20260226094-AFRR_N-UNIT_106-1,MWH,MAW,A01,A06,2026-02-26T22:30Z,2026-02-26T22:15Z
balancing_energy_bids,6,2026-02-26T22:15:00,PT15M,2026-02-26T22:30Z,2026-02-26T22:15Z,189,1,6,10Y1001C--00090V,AUCTION-aFRR,B74,10YSK-SEPS-----K,EUR,A01,A01,20260226094-AFRR_P-UNIT_003-1,MWH,MAW,A01,A06,2026-02-26T22:30Z,2026-02-26T22:15Z
balancing_energy_bids,7,2026-02-26T22:15:00,PT15M,2026-02-26T22:30Z,2026-02-26T22:15Z,165,1,3,10Y1001C--00090V,AUCTION-aFRR,B74,10YSK-SEPS-----K,EUR,A01,A01,20260226094-AFRR_P-UNIT_009-1,MWH,MAW,A01,A06,2026-02-26T22:30Z,2026-02-26T22:15Z
balancing_energy_bids,8,2026-02-26T22:15:00,PT15M,2026-02-26T22:30Z,2026-02-26T22:15Z,251,1,1,10Y1001C--00090V,AUCTION-aFRR,B74,10YSK-SEPS-----K,EUR,A01,A01,20260226094-AFRR_P-UNIT_019-1,MWH,MAW,A01,A06,2026-02-26T22:30Z,2026-02-26T22:15Z
balancing_energy_bids,9,2026-02-26T22:15:00,PT15M,2026-02-26T22:30Z,2026-02-26T22:15Z,500,1,11,10Y1001C--00090V,AUCTION-aFRR,B74,10YSK-SEPS-----K,EUR,A01,A01,20260226094-AFRR_P-UNIT_028-1,MWH,MAW,A01,A06,2026-02-26T22:30Z,2026-02-26T22:15Z
balancing_energy_bids,10,2026-02-26T22:15:00,PT15M,2026-02-26T22:30Z,2026-02-26T22:15Z,99,1,2,10Y1001C--00090V,AUCTION-aFRR,B74,10YSK-SEPS-----K,EUR,A01,A01,20260226094-AFRR_P-UNIT_043-1,MWH,MAW,A01,A06,2026-02-26T22:30Z,2026-02-26T22:15Z
balancing_energy_bids,11,2026-02-26T22:15:00,PT15M,2026-02-26T22:30Z,2026-02-26T22:15Z,0,1,1,10Y1001C--00090V,AUCTION-aFRR,B74,10YSK-SEPS-----K,EUR,A01,A01,20260226094-AFRR_P-UNIT_047-1,MWH,MAW,A01,A11,2026-02-26T22:30Z,2026-02-26T22:15Z
balancing_energy_bids,12,2026-02-26T22:15:00,PT15M,2026-02-26T22:30Z,2026-02-26T22:15Z,130,1,23,10Y1001C--00090V,AUCTION-aFRR,B74,10YSK-SEPS-----K,EUR,A01,A01,20260226094-AFRR_P-UNIT_052-1,MWH,MAW,A01,A06,2026-02-26T22:30Z,2026-02-26T22:15Z
balancing_energy_bids,13,2026-02-26T22:15:00,PT15M,2026-02-26T22:30Z,2026-02-26T22:15Z,132,1,1,10Y1001C--00090V,AUCTION-aFRR,B74,10YSK-SEPS-----K,EUR,A01,A01,20260226094-AFRR_P-UNIT_058-1,MWH,MAW,A01,A11,2026-02-26T22:30Z,2026-02-26T22:15Z
balancing_energy_bids,14,2026-02-26T22:15:00,PT15M,2026-02-26T22:30Z,2026-02-26T22:15Z,99,1,9,10Y1001C--00090V,AUCTION-aFRR,B74,10YSK-SEPS-----K,EUR,A01,A01,20260226094-AFRR_P-UNIT_062-1,MWH,MAW,A01,A06,2026-02-26T22:30Z,2026-02-26T22:15Z
balancing_energy_bids,15,2026-02-26T22:15:00,PT15M,2026-02-26T22:30Z,2026-02-26T22:15Z,140,1,10,10Y1001C--00090V,AUCTION-aFRR,B74,10YSK-SEPS-----K,EUR,A01,A01,20260226094-AFRR_P-UNIT_063-1,MWH,MAW,A01,A06,2026-02-26T22:30Z,2026-02-26T22:15Z
balancing_energy_bids,16,2026-02-26T22:15:00,PT15M,2026-02-26T22:30Z,2026-02-26T22:15Z,165,1,16,10Y1001C--00090V,AUCTION-aFRR,B74,10YSK-SEPS-----K,EUR,A01,A01,20260226094-AFRR_P-UNIT_065-1,MWH,MAW,A01,A06,2026-02-26T22:30Z,2026-02-26T22:15Z
balancing_energy_bids,17,2026-02-26T22:15:00,PT15M,2026-02-26T22:30Z,2026-02-26T22:15Z,150,1,1,10Y1001C--00090V,AUCTION-aFRR,B74,10YSK-SEPS-----K,EUR,A01,A01,20260226094-AFRR_P-UNIT_068-1,MWH,MAW,A01,A11,2026-02-26T22:30Z,2026-02-26T22:15Z
balancing_energy_bids,18,2026-02-26T22:15:00,PT15M,2026-02-26T22:30Z,2026-02-26T22:15Z,100,1,15,10Y1001C--00090V,AUCTION-aFRR,B74,10YSK-SEPS-----K,EUR,A01,A01,20260226094-AFRR_P-UNIT_069-1,MWH,MAW,A01,A06,2026-02-26T22:30Z,2026-02-26T22:15Z
balancing_energy_bids,19,2026-02-26T22:15:00,PT15M,2026-02-26T22:30Z,2026-02-26T22:15Z,85,1,7,10Y1001C--00090V,AUCTION-aFRR,B74,10YSK-SEPS-----K,EUR,A01,A01,20260226094-AFRR_P-UNIT_097-1,MWH,MAW,A01,A06,2026-02-26T22:30Z,2026-02-26T22:15Z
balancing_energy_bids,20,2026-02-26T22:15:00,PT15M,2026-02-26T22:30Z,2026-02-26T22:15Z,750,1,11,10Y1001C--00090V,AUCTION-aFRR,B74,10YSK-SEPS-----K,EUR,A01,A01,20260226094-AFRR_P-UNIT_104-1,MWH,MAW,A01,A06,2026-02-26T22:30Z,2026-02-26T22:15Z
balancing_energy_bids,21,2026-02-26T22:15:00,PT15M,2026-02-26T22:30Z,2026-02-26T22:15Z,300,1,1,10Y1001C--00090V,AUCTION-aFRR,B74,10YSK-SEPS-----K,EUR,A01,A01,20260226094-AFRR_P-UNIT_106-1,MWH,MAW,A01,A11,2026-02-26T22:30Z,2026-02-26T22:15Z
balancing_energy_bids,22,2026-02-26T22:30:00,PT15M,2026-02-26T22:45Z,2026-02-26T22:30Z,-5,1,4,10Y1001C--00090V,AUCTION-aFRR,B74,10YSK-SEPS-----K,EUR,A01,A02,20260226095-AFRR_N-UNIT_003-1,MWH,MAW,A01,A06,2026-02-26T22:45Z,2026-02-26T22:30Z
balancing_energy_bids,23,2026-02-26T22:30:00,PT15M,2026-02-26T22:45Z,2026-02-26T22:30Z,-20,1,30,10Y1001C--00090V,AUCTION-aFRR,B74,10YSK-SEPS-----K,EUR,A01,A02,20260226095-AFRR_N-UNIT_013-1,MWH,MAW,A01,A06,2026-02-26T22:45Z,2026-02-26T22:30Z
balancing_energy_bids,24,2026-02-26T22:30:00,PT15M,2026-02-26T22:45Z,2026-02-26T22:30Z,-199,1,1,10Y1001C--00090V,AUCTION-aFRR,B74,10YSK-SEPS-----K,EUR,A01,A02,20260226095-AFRR_N-UNIT_019-1,MWH,MAW,A01,A11,2026-02-26T22:45Z,2026-02-26T22:30Z
balancing_energy_bids,25,2026-02-26T22:30:00,PT15M,2026-02-26T22:45Z,2026-02-26T22:30Z,-0.01,1,14,10Y1001C--00090V,AUCTION-aFRR,B74,10YSK-SEPS-----K,EUR,A01,A02,20260226095-AFRR_N-UNIT_028-1,MWH,MAW,A01,A06,2026-02-26T22:45Z,2026-02-26T22:30Z
balancing_energy_bids,26,2026-02-26T22:30:00,PT15M,2026-02-26T22:45Z,2026-02-26T22:30Z,10,1,7,10Y1001C--00090V,AUCTION-aFRR,B74,10YSK-SEPS-----K,EUR,A01,A02,20260226095-AFRR_N-UNIT_043-1,MWH,MAW,A01,A06,2026-02-26T22:45Z,2026-02-26T22:30Z
balancing_energy_bids,27,2026-02-26T22:30:00,PT15M,2026-02-26T22:45Z,2026-02-26T22:30Z,-30,1,10,10Y1001C--00090V,AUCTION-aFRR,B74,10YSK-SEPS-----K,EUR,A01,A02,20260226095-AFRR_N-UNIT_052-1,MWH,MAW,A01,A06,2026-02-26T22:45Z,2026-02-26T22:30Z
balancing_energy_bids,28,2026-02-26T22:30:00,PT15M,2026-02-26T22:45Z,2026-02-26T22:30Z,-5,1,1,10Y1001C--00090V,AUCTION-aFRR,B74,10YSK-SEPS-----K,EUR,A01,A02,20260226095-AFRR_N-UNIT_058-1,MWH,MAW,A01,A11,2026-02-26T22:45Z,2026-02-26T22:30Z
balancing_energy_bids,29,2026-02-26T22:30:00,PT15M,2026-02-26T22:45Z,2026-02-26T22:30Z,-29,1,15,10Y1001C--00090V,AUCTION-aFRR,B74,10YSK-SEPS-----K,EUR,A01,A02,20260226095-AFRR_N-UNIT_062-1,MWH,MAW,A01,A06,2026-02-26T22:45Z,2026-02-26T22:30Z
balancing_energy_bids,30,2026-02-26T22:30:00,PT15M,2026-02-26T22:45Z,2026-02-26T22:30Z,-50,1,1,10Y1001C--00090V,AUCTION-aFRR,B74,10YSK-SEPS-----K,EUR,A01,A02,20260226095-AFRR_N-UNIT_068-1,MWH,MAW,A01,A11,2026-02-26T22:45Z,2026-02-26T22:30Z
balancing_energy_bids,31,2026-02-26T22:30:00,PT15M,2026-02-26T22:45Z,2026-02-26T22:30Z,-150,1,15,10Y1001C--00090V,AUCTION-aFRR,B74,10YSK-SEPS-----K,EUR,A01,A02,20260226095-AFRR_N-UNIT_069-1,MWH,MAW,A01,A06,2026-02-26T22:45Z,2026-02-26T22:30Z
balancing_energy_bids,32,2026-02-26T22:30:00,PT15M,2026-02-26T22:45Z,2026-02-26T22:30Z,-188.28,1,3,10Y1001C--00090V,AUCTION-aFRR,B74,10YSK-SEPS-----K,EUR,A01,A02,20260226095-AFRR_N-UNIT_089-1,MWH,MAW,A01,A06,2026-02-26T22:45Z,2026-02-26T22:30Z
balancing_energy_bids,33,2026-02-26T22:30:00,PT15M,2026-02-26T22:45Z,2026-02-26T22:30Z,-100,1,4,10Y1001C--00090V,AUCTION-aFRR,B74,10YSK-SEPS-----K,EUR,A01,A02,20260226095-AFRR_N-UNIT_104-1,MWH,MAW,A01,A06,2026-02-26T22:45Z,2026-02-26T22:30Z
balancing_energy_bids,34,2026-02-26T22:30:00,PT15M,2026-02-26T22:45Z,2026-02-26T22:30Z,-19,1,1,10Y1001C--00090V,AUCTION-aFRR,B74,10YSK-SEPS-----K,EUR,A01,A02,20260226095-AFRR_N-UNIT_106-1,MWH,MAW,A01,A06,2026-02-26T22:45Z,2026-02-26T22:30Z
balancing_energy_bids,35,2026-02-26T22:30:00,PT15M,2026-02-26T22:45Z,2026-02-26T22:30Z,189,1,6,10Y1001C--00090V,AUCTION-aFRR,B74,10YSK-SEPS-----K,EUR,A01,A01,20260226095-AFRR_P-UNIT_003-1,MWH,MAW,A01,A06,2026-02-26T22:45Z,2026-02-26T22:30Z
balancing_energy_bids,36,2026-02-26T22:30:00,PT15M,2026-02-26T22:45Z,2026-02-26T22:30Z,165,1,3,10Y1001C--00090V,AUCTION-aFRR,B74,10YSK-SEPS-----K,EUR,A01,A01,20260226095-AFRR_P-UNIT_009-1,MWH,MAW,A01,A06,2026-02-26T22:45Z,2026-02-26T22:30Z
balancing_energy_bids,37,2026-02-26T22:30:00,PT15M,2026-02-26T22:45Z,2026-02-26T22:30Z,251,1,1,10Y1001C--00090V,AUCTION-aFRR,B74,10YSK-SEPS-----K,EUR,A01,A01,20260226095-AFRR_P-UNIT_019-1,MWH,MAW,A01,A06,2026-02-26T22:45Z,2026-02-26T22:30Z
balancing_energy_bids,38,2026-02-26T22:30:00,PT15M,2026-02-26T22:45Z,2026-02-26T22:30Z,500,1,11,10Y1001C--00090V,AUCTION-aFRR,B74,10YSK-SEPS-----K,EUR,A01,A01,20260226095-AFRR_P-UNIT_028-1,MWH,MAW,A01,A06,2026-02-26T22:45Z,2026-02-26T22:30Z
balancing_energy_bids,39,2026-02-26T22:30:00,PT15M,2026-02-26T22:45Z,2026-02-26T22:30Z,90,1,2,10Y1001C--00090V,AUCTION-aFRR,B74,10YSK-SEPS-----K,EUR,A01,A01,20260226095-AFRR_P-UNIT_043-1,MWH,MAW,A01,A06,2026-02-26T22:45Z,2026-02-26T22:30Z
balancing_energy_bids,40,2026-02-26T22:30:00,PT15M,2026-02-26T22:45Z,2026-02-26T22:30Z,0,1,1,10Y1001C--00090V,AUCTION-aFRR,B74,10YSK-SEPS-----K,EUR,A01,A01,20260226095-AFRR_P-UNIT_047-1,MWH,MAW,A01,A11,2026-02-26T22:45Z,2026-02-26T22:30Z
balancing_energy_bids,41,2026-02-26T22:30:00,PT15M,2026-02-26T22:45Z,2026-02-26T22:30Z,130,1,23,10Y1001C--00090V,AUCTION-aFRR,B74,10YSK-SEPS-----K,EUR,A01,A01,20260226095-AFRR_P-UNIT_052-1,MWH,MAW,A01,A06,2026-02-26T22:45Z,2026-02-26T22:30Z
balancing_energy_bids,42,2026-02-26T22:30:00,PT15M,2026-02-26T22:45Z,2026-02-26T22:30Z,132,1,1,10Y1001C--00090V,AUCTION-aFRR,B74,10YSK-SEPS-----K,EUR,A01,A01,20260226095-AFRR_P-UNIT_058-1,MWH,MAW,A01,A11,2026-02-26T22:45Z,2026-02-26T22:30Z
balancing_energy_bids,43,2026-02-26T22:30:00,PT15M,2026-02-26T22:45Z,2026-02-26T22:30Z,90,1,9,10Y1001C--00090V,AUCTION-aFRR,B74,10YSK-SEPS-----K,EUR,A01,A01,20260226095-AFRR_P-UNIT_062-1,MWH,MAW,A01,A06,2026-02-26T22:45Z,2026-02-26T22:30Z
balancing_energy_bids,44,2026-02-26T22:30:00,PT15M,2026-02-26T22:45Z,2026-02-26T22:30Z,140,1,10,10Y1001C--00090V,AUCTION-aFRR,B74,10YSK-SEPS-----K,EUR,A01,A01,20260226095-AFRR_P-UNIT_063-1,MWH,MAW,A01,A06,2026-02-26T22:45Z,2026-02-26T22:30Z
balancing_energy_bids,45,2026-02-26T22:30:00,PT15M,2026-02-26T22:45Z,2026-02-26T22:30Z,165,1,16,10Y1001C--00090V,AUCTION-aFRR,B74,10YSK-SEPS-----K,EUR,A01,A01,20260226095-AFRR_P-UNIT_065-1,MWH,MAW,A01,A06,2026-02-26T22:45Z,2026-02-26T22:30Z
balancing_energy_bids,46,2026-02-26T22:30:00,PT15M,2026-02-26T22:45Z,2026-02-26T22:30Z,150,1,1,10Y1001C--00090V,AUCTION-aFRR,B74,10YSK-SEPS-----K,EUR,A01,A01,20260226095-AFRR_P-UNIT_068-1,MWH,MAW,A01,A11,2026-02-26T22:45Z,2026-02-26T22:30Z
balancing_energy_bids,47,2026-02-26T22:30:00,PT15M,2026-02-26T22:45Z,2026-02-26T22:30Z,100,1,15,10Y1001C--00090V,AUCTION-aFRR,B74,10YSK-SEPS-----K,EUR,A01,A01,20260226095-AFRR_P-UNIT_069-1,MWH,MAW,A01,A06,2026-02-26T22:45Z,2026-02-26T22:30Z
balancing_energy_bids,48,2026-02-26T22:30:00,PT15M,2026-02-26T22:45Z,2026-02-26T22:30Z,85,1,7,10Y1001C--00090V,AUCTION-aFRR,B74,10YSK-SEPS-----K,EUR,A01,A01,20260226095-AFRR_P-UNIT_097-1,MWH,MAW,A01,A06,2026-02-26T22:45Z,2026-02-26T22:30Z
balancing_energy_bids,49,2026-02-26T22:30:00,PT15M,2026-02-26T22:45Z,2026-02-26T22:30Z,750,1,11,10Y1001C--00090V,AUCTION-aFRR,B74,10YSK-SEPS-----K,EUR,A01,A01,20260226095-AFRR_P-UNIT_104-1,MWH,MAW,A01,A06,2026-02-26T22:45Z,2026-02-26T22:30Z
balancing_energy_bids,50,2026-02-26T22:30:00,PT15M,2026-02-26T22:45Z,2026-02-26T22:30Z,300,1,1,10Y1001C--00090V,AUCTION-aFRR,B74,10YSK-SEPS-----K,EUR,A01,A01,20260226095-AFRR_P-UNIT_106-1,MWH,MAW,A01,A11,2026-02-26T22:45Z,2026-02-26T22:30Z
balancing_energy_bids,51,2026-02-26T23:15:00,PT15M,2026-02-26T23:30Z,2026-02-26T23:15Z,-5,1,4,10Y1001C--00090V,AUCTION-aFRR,B74,10YSK-SEPS-----K,EUR,A01,A02,20260227002-AFRR_N-UNIT_003-1,MWH,MAW,A01,A06,2026-02-26T23:30Z,2026-02-26T23:15Z
balancing_energy_bids,52,2026-02-26T23:15:00,PT15M,2026-02-26T23:30Z,2026-02-26T23:15Z,-10,1,30,10Y1001C--00090V,AUCTION-aFRR,B74,10YSK-SEPS-----K,EUR,A01,A02,20260227002-AFRR_N-UNIT_013-1,MWH,MAW,A01,A06,2026-02-26T23:30Z,2026-02-26T23:15Z
balancing_energy_bids,53,2026-02-26T23:15:00,PT15M,2026-02-26T23:30Z,2026-02-26T23:15Z,-199,1,1,10Y1001C--00090V,AUCTION-aFRR,B74,10YSK-SEPS-----K,EUR,A01,A02,20260227002-AFRR_N-UNIT_019-1,MWH,MAW,A01,A11,2026-02-26T23:30Z,2026-02-26T23:15Z
balancing_energy_bids,54,2026-02-26T23:15:00,PT15M,2026-02-26T23:30Z,2026-02-26T23:15Z,-0.01,1,9,10Y1001C--00090V,AUCTION-aFRR,B74,10YSK-SEPS-----K,EUR,A01,A02,20260227002-AFRR_N-UNIT_028-1,MWH,MAW,A01,A06,2026-02-26T23:30Z,2026-02-26T23:15Z
balancing_energy_bids,55,2026-02-26T23:15:00,PT15M,2026-02-26T23:30Z,2026-02-26T23:15Z,10,1,5,10Y1001C--00090V,AUCTION-aFRR,B74,10YSK-SEPS-----K,EUR,A01,A02,20260227002-AFRR_N-UNIT_043-1,MWH,MAW,A01,A06,2026-02-26T23:30Z,2026-02-26T23:15Z
balancing_energy_bids,56,2026-02-26T23:15:00,PT15M,2026-02-26T23:30Z,2026-02-26T23:15Z,-30,1,10,10Y1001C--00090V,AUCTION-aFRR,B74,10YSK-SEPS-----K,EUR,A01,A02,20260227002-AFRR_N-UNIT_052-1,MWH,MAW,A01,A06,2026-02-26T23:30Z,2026-02-26T23:15Z
balancing_energy_bids,57,2026-02-26T23:15:00,PT15M,2026-02-26T23:30Z,2026-02-26T23:15Z,-5,1,1,10Y1001C--00090V,AUCTION-aFRR,B74,10YSK-SEPS-----K,EUR,A01,A02,20260227002-AFRR_N-UNIT_058-1,MWH,MAW,A01,A11,2026-02-26T23:30Z,2026-02-26T23:15Z
balancing_energy_bids,58,2026-02-26T23:15:00,PT15M,2026-02-26T23:30Z,2026-02-26T23:15Z,-29,1,7,10Y1001C--00090V,AUCTION-aFRR,B74,10YSK-SEPS-----K,EUR,A01,A02,20260227002-AFRR_N-UNIT_062-1,MWH,MAW,A01,A06,2026-02-26T23:30Z,2026-02-26T23:15Z
balancing_energy_bids,59,2026-02-26T23:15:00,PT15M,2026-02-26T23:30Z,2026-02-26T23:15Z,-5,1,1,10Y1001C--00090V,AUCTION-aFRR,B74,10YSK-SEPS-----K,EUR,A01,A02,20260227002-AFRR_N-UNIT_068-1,MWH,MAW,A01,A11,2026-02-26T23:30Z,2026-02-26T23:15Z
balancing_energy_bids,60,2026-02-26T23:15:00,PT15M,2026-02-26T23:30Z,2026-02-26T23:15Z,-150,1,15,10Y1001C--00090V,AUCTION-aFRR,B74,10YSK-SEPS-----K,EUR,A01,A02,20260227002-AFRR_N-UNIT_069-1,MWH,MAW,A01,A06,2026-02-26T23:30Z,2026-02-26T23:15Z
balancing_energy_bids,61,2026-02-26T23:15:00,PT15M,2026-02-26T23:30Z,2026-02-26T23:15Z,-199.14,1,3,10Y1001C--00090V,AUCTION-aFRR,B74,10YSK-SEPS-----K,EUR,A01,A02,20260227002-AFRR_N-UNIT_089-1,MWH,MAW,A01,A06,2026-02-26T23:30Z,2026-02-26T23:15Z
balancing_energy_bids,62,2026-02-26T23:15:00,PT15M,2026-02-26T23:30Z,2026-02-26T23:15Z,-100,1,4,10Y1001C--00090V,AUCTION-aFRR,B74,10YSK-SEPS-----K,EUR,A01,A02,20260227002-AFRR_N-UNIT_104-1,MWH,MAW,A01,A06,2026-02-26T23:30Z,2026-02-26T23:15Z
balancing_energy_bids,63,2026-02-26T23:15:00,PT15M,2026-02-26T23:30Z,2026-02-26T23:15Z,-19,1,1,10Y1001C--00090V,AUCTION-aFRR,B74,10YSK-SEPS-----K,EUR,A01,A02,20260227002-AFRR_N-UNIT_106-1,MWH,MAW,A01,A06,2026-02-26T23:30Z,2026-02-26T23:15Z
balancing_energy_bids,64,2026-02-26T23:15:00,PT15M,2026-02-26T23:30Z,2026-02-26T23:15Z,189,1,6,10Y1001C--00090V,AUCTION-aFRR,B74,10YSK-SEPS-----K,EUR,A01,A01,20260227002-AFRR_P-UNIT_003-1,MWH,MAW,A01,A06,2026-02-26T23:30Z,2026-02-26T23:15Z
balancing_energy_bids,65,2026-02-26T23:15:00,PT15M,2026-02-26T23:30Z,2026-02-26T23:15Z,165,1,3,10Y1001C--00090V,AUCTION-aFRR,B74,10YSK-SEPS-----K,EUR,A01,A01,20260227002-AFRR_P-UNIT_009-1,MWH,MAW,A01,A06,2026-02-26T23:30Z,2026-02-26T23:15Z
balancing_energy_bids,66,2026-02-26T23:15:00,PT15M,2026-02-26T23:30Z,2026-02-26T23:15Z,250,1,1,10Y1001C--00090V,AUCTION-aFRR,B74,10YSK-SEPS-----K,EUR,A01,A01,20260227002-AFRR_P-UNIT_019-1,MWH,MAW,A01,A06,2026-02-26T23:30Z,2026-02-26T23:15Z
balancing_energy_bids,67,2026-02-26T23:15:00,PT15M,2026-02-26T23:30Z,2026-02-26T23:15Z,500,1,10,10Y1001C--00090V,AUCTION-aFRR,B74,10YSK-SEPS-----K,EUR,A01,A01,20260227002-AFRR_P-UNIT_028-1,MWH,MAW,A01,A06,2026-02-26T23:30Z,2026-02-26T23:15Z
balancing_energy_bids,68,2026-02-26T23:15:00,PT15M,2026-02-26T23:30Z,2026-02-26T23:15Z,90,1,2,10Y1001C--00090V,AUCTION-aFRR,B74,10YSK-SEPS-----K,EUR,A01,A01,20260227002-AFRR_P-UNIT_043-1,MWH,MAW,A01,A06,2026-02-26T23:30Z,2026-02-26T23:15Z
balancing_energy_bids,69,2026-02-26T23:15:00,PT15M,2026-02-26T23:30Z,2026-02-26T23:15Z,0,1,1,10Y1001C--00090V,AUCTION-aFRR,B74,10YSK-SEPS-----K,EUR,A01,A01,20260227002-AFRR_P-UNIT_047-1,MWH,MAW,A01,A11,2026-02-26T23:30Z,2026-02-26T23:15Z
balancing_energy_bids,70,2026-02-26T23:15:00,PT15M,2026-02-26T23:30Z,2026-02-26T23:15Z,145,1,23,10Y1001C--00090V,AUCTION-aFRR,B74,10YSK-SEPS-----K,EUR,A01,A01,20260227002-AFRR_P-UNIT_052-1,MWH,MAW,A01,A06,2026-02-26T23:30Z,2026-02-26T23:15Z
balancing_energy_bids,71,2026-02-26T23:15:00,PT15M,2026-02-26T23:30Z,2026-02-26T23:15Z,132,1,1,10Y1001C--00090V,AUCTION-aFRR,B74,10YSK-SEPS-----K,EUR,A01,A01,20260227002-AFRR_P-UNIT_058-1,MWH,MAW,A01,A11,2026-02-26T23:30Z,2026-02-26T23:15Z
balancing_energy_bids,72,2026-02-26T23:15:00,PT15M,2026-02-26T23:30Z,2026-02-26T23:15Z,90,1,9,10Y1001C--00090V,AUCTION-aFRR,B74,10YSK-SEPS-----K,EUR,A01,A01,20260227002-AFRR_P-UNIT_062-1,MWH,MAW,A01,A06,2026-02-26T23:30Z,2026-02-26T23:15Z
balancing_energy_bids,73,2026-02-26T23:15:00,PT15M,2026-02-26T23:30Z,2026-02-26T23:15Z,140,1,10,10Y1001C--00090V,AUCTION-aFRR,B74,10YSK-SEPS-----K,EUR,A01,A01,20260227002-AFRR_P-UNIT_063-1,MWH,MAW,A01,A06,2026-02-26T23:30Z,2026-02-26T23:15Z
balancing_energy_bids,74,2026-02-26T23:15:00,PT15M,2026-02-26T23:30Z,2026-02-26T23:15Z,165,1,16,10Y1001C--00090V,AUCTION-aFRR,B74,10YSK-SEPS-----K,EUR,A01,A01,20260227002-AFRR_P-UNIT_065-1,MWH,MAW,A01,A06,2026-02-26T23:30Z,2026-02-26T23:15Z
balancing_energy_bids,75,2026-02-26T23:15:00,PT15M,2026-02-26T23:30Z,2026-02-26T23:15Z,132,1,1,10Y1001C--00090V,AUCTION-aFRR,B74,10YSK-SEPS-----K,EUR,A01,A01,20260227002-AFRR_P-UNIT_068-1,MWH,MAW,A01,A11,2026-02-26T23:30Z,2026-02-26T23:15Z
balancing_energy_bids,76,2026-02-26T23:15:00,PT15M,2026-02-26T23:30Z,2026-02-26T23:15Z,100,1,15,10Y1001C--00090V,AUCTION-aFRR,B74,10YSK-SEPS-----K,EUR,A01,A01,20260227002-AFRR_P-UNIT_069-1,MWH,MAW,A01,A06,2026-02-26T23:30Z,2026-02-26T23:15Z
balancing_energy_bids,77,2026-02-26T23:15:00,PT15M,2026-02-26T23:30Z,2026-02-26T23:15Z,85,1,7,10Y1001C--00090V,AUCTION-aFRR,B74,10YSK-SEPS-----K,EUR,A01,A01,20260227002-AFRR_P-UNIT_097-1,MWH,MAW,A01,A06,2026-02-26T23:30Z,2026-02-26T23:15Z
balancing_energy_bids,78,2026-02-26T23:15:00,PT15M,2026-02-26T23:30Z,2026-02-26T23:15Z,750,1,11,10Y1001C--00090V,AUCTION-aFRR,B74,10YSK-SEPS-----K,EUR,A01,A01,20260227002-AFRR_P-UNIT_104-1,MWH,MAW,A01,A06,2026-02-26T23:30Z,2026-02-26T23:15Z
balancing_energy_bids,79,2026-02-26T23:15:00,PT15M,2026-02-26T23:30Z,2026-02-26T23:15Z,300,1,1,10Y1001C--00090V,AUCTION-aFRR,B74,10YSK-SEPS-----K,EUR,A01,A01,20260227002-AFRR_P-UNIT_106-1,MWH,MAW,A01,A11,2026-02-26T23:30Z,2026-02-26T23:15Z
balancing_energy_bids,80,2026-02-26T23:30:00,PT15M,2026-02-26T23:45Z,2026-02-26T23:30Z,-5,1,4,10Y1001C--00090V,AUCTION-aFRR,B74,10YSK-SEPS-----K,EUR,A01,A02,20260227003-AFRR_N-UNIT_003-1,MWH,MAW,A01,A06,2026-02-26T23:45Z,2026-02-26T23:30Z
balancing_energy_bids,81,2026-02-26T23:30:00,PT15M,2026-02-26T23:45Z,2026-02-26T23:30Z,-10,1,30,10Y1001C--00090V,AUCTION-aFRR,B74,10YSK-SEPS-----K,EUR,A01,A02,20260227003-AFRR_N-UNIT_013-1,MWH,MAW,A01,A06,2026-02-26T23:45Z,2026-02-26T23:30Z
balancing_energy_bids,82,2026-02-26T23:30:00,PT15M,2026-02-26T23:45Z,2026-02-26T23:30Z,-199,1,1,10Y1001C--00090V,AUCTION-aFRR,B74,10YSK-SEPS-----K,EUR,A01,A02,20260227003-AFRR_N-UNIT_019-1,MWH,MAW,A01,A11,2026-02-26T23:45Z,2026-02-26T23:30Z
balancing_energy_bids,83,2026-02-26T23:30:00,PT15M,2026-02-26T23:45Z,2026-02-26T23:30Z,-0.01,1,9,10Y1001C--00090V,AUCTION-aFRR,B74,10YSK-SEPS-----K,EUR,A01,A02,20260227003-AFRR_N-UNIT_028-1,MWH,MAW,A01,A06,2026-02-26T23:45Z,2026-02-26T23:30Z
balancing_energy_bids,84,2026-02-26T23:30:00,PT15M,2026-02-26T23:45Z,2026-02-26T23:30Z,10,1,5,10Y1001C--00090V,AUCTION-aFRR,B74,10YSK-SEPS-----K,EUR,A01,A02,20260227003-AFRR_N-UNIT_043-1,MWH,MAW,A01,A06,2026-02-26T23:45Z,2026-02-26T23:30Z
balancing_energy_bids,85,2026-02-26T23:30:00,PT15M,2026-02-26T23:45Z,2026-02-26T23:30Z,-30,1,10,10Y1001C--00090V,AUCTION-aFRR,B74,10YSK-SEPS-----K,EUR,A01,A02,20260227003-AFRR_N-UNIT_052-1,MWH,MAW,A01,A06,2026-02-26T23:45Z,2026-02-26T23:30Z
balancing_energy_bids,86,2026-02-26T23:30:00,PT15M,2026-02-26T23:45Z,2026-02-26T23:30Z,-5,1,1,10Y1001C--00090V,AUCTION-aFRR,B74,10YSK-SEPS-----K,EUR,A01,A02,20260227003-AFRR_N-UNIT_058-1,MWH,MAW,A01,A11,2026-02-26T23:45Z,2026-02-26T23:30Z
balancing_energy_bids,87,2026-02-26T23:30:00,PT15M,2026-02-26T23:45Z,2026-02-26T23:30Z,-29,1,7,10Y1001C--00090V,AUCTION-aFRR,B74,10YSK-SEPS-----K,EUR,A01,A02,20260227003-AFRR_N-UNIT_062-1,MWH,MAW,A01,A06,2026-02-26T23:45Z,2026-02-26T23:30Z
balancing_energy_bids,88,2026-02-26T23:30:00,PT15M,2026-02-26T23:45Z,2026-02-26T23:30Z,-5,1,1,10Y1001C--00090V,AUCTION-aFRR,B74,10YSK-SEPS-----K,EUR,A01,A02,20260227003-AFRR_N-UNIT_068-1,MWH,MAW,A01,A11,2026-02-26T23:45Z,2026-02-26T23:30Z
balancing_energy_bids,89,2026-02-26T23:30:00,PT15M,2026-02-26T23:45Z,2026-02-26T23:30Z,-150,1,15,10Y1001C--00090V,AUCTION-aFRR,B74,10YSK-SEPS-----K,EUR,A01,A02,20260227003-AFRR_N-UNIT_069-1,MWH,MAW,A01,A06,2026-02-26T23:45Z,2026-02-26T23:30Z
balancing_energy_bids,90,2026-02-26T23:30:00,PT15M,2026-02-26T23:45Z,2026-02-26T23:30Z,-204.45,1,3,10Y1001C--00090V,AUCTION-aFRR,B74,10YSK-SEPS-----K,EUR,A01,A02,20260227003-AFRR_N-UNIT_089-1,MWH,MAW,A01,A06,2026-02-26T23:45Z,2026-02-26T23:30Z
balancing_energy_bids,91,2026-02-26T23:30:00,PT15M,2026-02-26T23:45Z,2026-02-26T23:30Z,-100,1,4,10Y1001C--00090V,AUCTION-aFRR,B74,10YSK-SEPS-----K,EUR,A01,A02,20260227003-AFRR_N-UNIT_104-1,MWH,MAW,A01,A06,2026-02-26T23:45Z,2026-02-26T23:30Z
balancing_energy_bids,92,2026-02-26T23:30:00,PT15M,2026-02-26T23:45Z,2026-02-26T23:30Z,-19,1,1,10Y1001C--00090V,AUCTION-aFRR,B74,10YSK-SEPS-----K,EUR,A01,A02,20260227003-AFRR_N-UNIT_106-1,MWH,MAW,A01,A06,2026-02-26T23:45Z,2026-02-26T23:30Z
balancing_energy_bids,93,2026-02-26T23:30:00,PT15M,2026-02-26T23:45Z,2026-02-26T23:30Z,189,1,6,10Y1001C--00090V,AUCTION-aFRR,B74,10YSK-SEPS-----K,EUR,A01,A01,20260227003-AFRR_P-UNIT_003-1,MWH,MAW,A01,A06,2026-02-26T23:45Z,2026-02-26T23:30Z
balancing_energy_bids,94,2026-02-26T23:30:00,PT15M,2026-02-26T23:45Z,2026-02-26T23:30Z,165,1,3,10Y1001C--00090V,AUCTION-aFRR,B74,10YSK-SEPS-----K,EUR,A01,A01,20260227003-AFRR_P-UNIT_009-1,MWH,MAW,A01,A06,2026-02-26T23:45Z,2026-02-26T23:30Z
balancing_energy_bids,95,2026-02-26T23:30:00,PT15M,2026-02-26T23:45Z,2026-02-26T23:30Z,250,1,1,10Y1001C--00090V,AUCTION-aFRR,B74,10YSK-SEPS-----K,EUR,A01,A01,20260227003-AFRR_P-UNIT_019-1,MWH,MAW,A01,A06,2026-02-26T23:45Z,2026-02-26T23:30Z
balancing_energy_bids,96,2026-02-26T23:30:00,PT15M,2026-02-26T23:45Z,2026-02-26T23:30Z,500,1,10,10Y1001C--00090V,AUCTION-aFRR,B74,10YSK-SEPS-----K,EUR,A01,A01,20260227003-AFRR_P-UNIT_028-1,MWH,MAW,A01,A06,2026-02-26T23:45Z,2026-02-26T23:30Z
balancing_energy_bids,97,2026-02-26T23:30:00,PT15M,2026-02-26T23:45Z,2026-02-26T23:30Z,90,1,2,10Y1001C--00090V,AUCTION-aFRR,B74,10YSK-SEPS-----K,EUR,A01,A01,20260227003-AFRR_P-UNIT_043-1,MWH,MAW,A01,A06,2026-02-26T23:45Z,2026-02-26T23:30Z
balancing_energy_bids,98,2026-02-26T23:30:00,PT15M,2026-02-26T23:45Z,2026-02-26T23:30Z,0,1,1,10Y1001C--00090V,AUCTION-aFRR,B74,10YSK-SEPS-----K,EUR,A01,A01,20260227003-AFRR_P-UNIT_047-1,MWH,MAW,A01,A11,2026-02-26T23:45Z,2026-02-26T23:30Z
balancing_energy_bids,99,2026-02-26T23:30:00,PT15M,2026-02-26T23:45Z,2026-02-26T23:30Z,145,1,23,10Y1001C--00090V,AUCTION-aFRR,B74,10YSK-SEPS-----K,EUR,A01,A01,20260227003-AFRR_P-UNIT_052-1,MWH,MAW,A01,A06,2026-02-26T23:45Z,2026-02-26T23:30Z
balancing_energy_bids,100,2026-02-26T23:30:00,PT15M,2026-02-26T23:45Z,2026-02-26T23:30Z,132,1,1,10Y1001C--00090V,AUCTION-aFRR,B74,10YSK-SEPS-----K,EUR,A01,A01,20260227003-AFRR_P-UNIT_058-1,MWH,MAW,A01,A11,2026-02-26T23:45Z,2026-02-26T23:30Z
balancing_energy_bids,1,2026-02-26T23:30:00,PT15M,2026-02-26T23:45Z,2026-02-26T23:30Z,90,1,9,10Y1001C--00090V,AUCTION-aFRR,B74,10YSK-SEPS-----K,EUR,A01,A01,20260227003-AFRR_P-UNIT_062-1,MWH,MAW,A01,A06,2026-02-26T23:45Z,2026-02-26T23:30Z
balancing_energy_bids,2,2026-02-26T23:30:00,PT15M,2026-02-26T23:45Z,2026-02-26T23:30Z,140,1,10,10Y1001C--00090V,AUCTION-aFRR,B74,10YSK-SEPS-----K,EUR,A01,A01,20260227003-AFRR_P-UNIT_063-1,MWH,MAW,A01,A06,2026-02-26T23:45Z,2026-02-26T23:30Z
balancing_energy_bids,3,2026-02-26T23:30:00,PT15M,2026-02-26T23:45Z,2026-02-26T23:30Z,165,1,16,10Y1001C--00090V,AUCTION-aFRR,B74,10YSK-SEPS-----K,EUR,A01,A01,20260227003-AFRR_P-UNIT_065-1,MWH,MAW,A01,A06,2026-02-26T23:45Z,2026-02-26T23:30Z
balancing_energy_bids,4,2026-02-26T23:30:00,PT15M,2026-02-26T23:45Z,2026-02-26T23:30Z,132,1,1,10Y1001C--00090V,AUCTION-aFRR,B74,10YSK-SEPS-----K,EUR,A01,A01,20260227003-AFRR_P-UNIT_068-1,MWH,MAW,A01,A11,2026-02-26T23:45Z,2026-02-26T23:30Z
balancing_energy_bids,5,2026-02-26T23:30:00,PT15M,2026-02-26T23:45Z,2026-02-26T23:30Z,100,1,15,10Y1001C--00090V,AUCTION-aFRR,B74,10YSK-SEPS-----K,EUR,A01,A01,20260227003-AFRR_P-UNIT_069-1,MWH,MAW,A01,A06,2026-02-26T23:45Z,2026-02-26T23:30Z
balancing_energy_bids,6,2026-02-26T23:30:00,PT15M,2026-02-26T23:45Z,2026-02-26T23:30Z,85,1,7,10Y1001C--00090V,AUCTION-aFRR,B74,10YSK-SEPS-----K,EUR,A01,A01,20260227003-AFRR_P-UNIT_097-1,MWH,MAW,A01,A06,2026-02-26T23:45Z,2026-02-26T23:30Z
balancing_energy_bids,7,2026-02-26T23:30:00,PT15M,2026-02-26T23:45Z,2026-02-26T23:30Z,750,1,11,10Y1001C--00090V,AUCTION-aFRR,B74,10YSK-SEPS-----K,EUR,A01,A01,20260227003-AFRR_P-UNIT_104-1,MWH,MAW,A01,A06,2026-02-26T23:45Z,2026-02-26T23:30Z
balancing_energy_bids,8,2026-02-26T23:30:00,PT15M,2026-02-26T23:45Z,2026-02-26T23:30Z,300,1,1,10Y1001C--00090V,AUCTION-aFRR,B74,10YSK-SEPS-----K,EUR,A01,A01,20260227003-AFRR_P-UNIT_106-1,MWH,MAW,A01,A11,2026-02-26T23:45Z,2026-02-26T23:30Z
balancing_energy_bids,9,2026-02-26T23:45:00,PT15M,2026-02-27T00:00Z,2026-02-26T23:45Z,-5,1,4,10Y1001C--00090V,AUCTION-aFRR,B74,10YSK-SEPS-----K,EUR,A01,A02,20260227004-AFRR_N-UNIT_003-1,MWH,MAW,A01,A06,2026-02-27T00:00Z,2026-02-26T23:45Z
balancing_energy_bids,10,2026-02-26T23:45:00,PT15M,2026-02-27T00:00Z,2026-02-26T23:45Z,-10,1,30,10Y1001C--00090V,AUCTION-aFRR,B74,10YSK-SEPS-----K,EUR,A01,A02,20260227004-AFRR_N-UNIT_013-1,MWH,MAW,A01,A06,2026-02-27T00:00Z,2026-02-26T23:45Z
balancing_energy_bids,11,2026-02-26T23:45:00,PT15M,2026-02-27T00:00Z,2026-02-26T23:45Z,-199,1,1,10Y1001C--00090V,AUCTION-aFRR,B74,10YSK-SEPS-----K,EUR,A01,A02,20260227004-AFRR_N-UNIT_019-1,MWH,MAW,A01,A11,2026-02-27T00:00Z,2026-02-26T23:45Z
balancing_energy_bids,12,2026-02-26T23:45:00,PT15M,2026-02-27T00:00Z,2026-02-26T23:45Z,-0.01,1,9,10Y1001C--00090V,AUCTION-aFRR,B74,10YSK-SEPS-----K,EUR,A01,A02,20260227004-AFRR_N-UNIT_028-1,MWH,MAW,A01,A06,2026-02-27T00:00Z,2026-02-26T23:45Z
balancing_energy_bids,13,2026-02-26T23:45:00,PT15M,2026-02-27T00:00Z,2026-02-26T23:45Z,10,1,5,10Y1001C--00090V,AUCTION-aFRR,B74,10YSK-SEPS-----K,EUR,A01,A02,20260227004-AFRR_N-UNIT_043-1,MWH,MAW,A01,A06,2026-02-27T00:00Z,2026-02-26T23:45Z
balancing_energy_bids,14,2026-02-26T23:45:00,PT15M,2026-02-27T00:00Z,2026-02-26T23:45Z,-30,1,10,10Y1001C--00090V,AUCTION-aFRR,B74,10YSK-SEPS-----K,EUR,A01,A02,20260227004-AFRR_N-UNIT_052-1,MWH,MAW,A01,A06,2026-02-27T00:00Z,2026-02-26T23:45Z
balancing_energy_bids,15,2026-02-26T23:45:00,PT15M,2026-02-27T00:00Z,2026-02-26T23:45Z,-5,1,1,10Y1001C--00090V,AUCTION-aFRR,B74,10YSK-SEPS-----K,EUR,A01,A02,20260227004-AFRR_N-UNIT_058-1,MWH,MAW,A01,A11,2026-02-27T00:00Z,2026-02-26T23:45Z
balancing_energy_bids,16,2026-02-26T23:45:00,PT15M,2026-02-27T00:00Z,2026-02-26T23:45Z,-29,1,7,10Y1001C--00090V,AUCTION-aFRR,B74,10YSK-SEPS-----K,EUR,A01,A02,20260227004-AFRR_N-UNIT_062-1,MWH,MAW,A01,A06,2026-02-27T00:00Z,2026-02-26T23:45Z
balancing_energy_bids,17,2026-02-26T23:45:00,PT15M,2026-02-27T00:00Z,2026-02-26T23:45Z,-5,1,1,10Y1001C--00090V,AUCTION-aFRR,B74,10YSK-SEPS-----K,EUR,A01,A02,20260227004-AFRR_N-UNIT_068-1,MWH,MAW,A01,A11,2026-02-27T00:00Z,2026-02-26T23:45Z
balancing_energy_bids,18,2026-02-26T23:45:00,PT15M,2026-02-27T00:00Z,2026-02-26T23:45Z,-150,1,15,10Y1001C--00090V,AUCTION-aFRR,B74,10YSK-SEPS-----K,EUR,A01,A02,20260227004-AFRR_N-UNIT_069-1,MWH,MAW,A01,A06,2026-02-27T00:00Z,2026-02-26T23:45Z
balancing_energy_bids,19,2026-02-26T23:45:00,PT15M,2026-02-27T00:00Z,2026-02-26T23:45Z,-201.58,1,3,10Y1001C--00090V,AUCTION-aFRR,B74,10YSK-SEPS-----K,EUR,A01,A02,20260227004-AFRR_N-UNIT_089-1,MWH,MAW,A01,A06,2026-02-27T00:00Z,2026-02-26T23:45Z
balancing_energy_bids,20,2026-02-26T23:45:00,PT15M,2026-02-27T00:00Z,2026-02-26T23:45Z,-100,1,4,10Y1001C--00090V,AUCTION-aFRR,B74,10YSK-SEPS-----K,EUR,A01,A02,20260227004-AFRR_N-UNIT_104-1,MWH,MAW,A01,A06,2026-02-27T00:00Z,2026-02-26T23:45Z
balancing_energy_bids,21,2026-02-26T23:45:00,PT15M,2026-02-27T00:00Z,2026-02-26T23:45Z,-19,1,1,10Y1001C--00090V,AUCTION-aFRR,B74,10YSK-SEPS-----K,EUR,A01,A02,20260227004-AFRR_N-UNIT_106-1,MWH,MAW,A01,A06,2026-02-27T00:00Z,2026-02-26T23:45Z
balancing_energy_bids,22,2026-02-26T23:45:00,PT15M,2026-02-27T00:00Z,2026-02-26T23:45Z,189,1,6,10Y1001C--00090V,AUCTION-aFRR,B74,10YSK-SEPS-----K,EUR,A01,A01,20260227004-AFRR_P-UNIT_003-1,MWH,MAW,A01,A06,2026-02-27T00:00Z,2026-02-26T23:45Z
balancing_energy_bids,23,2026-02-26T23:45:00,PT15M,2026-02-27T00:00Z,2026-02-26T23:45Z,165,1,3,10Y1001C--00090V,AUCTION-aFRR,B74,10YSK-SEPS-----K,EUR,A01,A01,20260227004-AFRR_P-UNIT_009-1,MWH,MAW,A01,A06,2026-02-27T00:00Z,2026-02-26T23:45Z
balancing_energy_bids,24,2026-02-26T23:45:00,PT15M,2026-02-27T00:00Z,2026-02-26T23:45Z,250,1,1,10Y1001C--00090V,AUCTION-aFRR,B74,10YSK-SEPS-----K,EUR,A01,A01,20260227004-AFRR_P-UNIT_019-1,MWH,MAW,A01,A06,2026-02-27T00:00Z,2026-02-26T23:45Z
balancing_energy_bids,25,2026-02-26T23:45:00,PT15M,2026-02-27T00:00Z,2026-02-26T23:45Z,500,1,10,10Y1001C--00090V,AUCTION-aFRR,B74,10YSK-SEPS-----K,EUR,A01,A01,20260227004-AFRR_P-UNIT_028-1,MWH,MAW,A01,A06,2026-02-27T00:00Z,2026-02-26T23:45Z
balancing_energy_bids,26,2026-02-26T23:45:00,PT15M,2026-02-27T00:00Z,2026-02-26T23:45Z,90,1,2,10Y1001C--00090V,AUCTION-aFRR,B74,10YSK-SEPS-----K,EUR,A01,A01,20260227004-AFRR_P-UNIT_043-1,MWH,MAW,A01,A06,2026-02-27T00:00Z,2026-02-26T23:45Z
balancing_energy_bids,27,2026-02-26T23:45:00,PT15M,2026-02-27T00:00Z,2026-02-26T23:45Z,0,1,1,10Y1001C--00090V,AUCTION-aFRR,B74,10YSK-SEPS-----K,EUR,A01,A01,20260227004-AFRR_P-UNIT_047-1,MWH,MAW,A01,A11,2026-02-27T00:00Z,2026-02-26T23:45Z
balancing_energy_bids,28,2026-02-26T23:45:00,PT15M,2026-02-27T00:00Z,2026-02-26T23:45Z,145,1,23,10Y1001C--00090V,AUCTION-aFRR,B74,10YSK-SEPS-----K,EUR,A01,A01,20260227004-AFRR_P-UNIT_052-1,MWH,MAW,A01,A06,2026-02-27T00:00Z,2026-02-26T23:45Z
balancing_energy_bids,29,2026-02-26T23:45:00,PT15M,2026-02-27T00:00Z,2026-02-26T23:45Z,132,1,1,10Y1001C--00090V,AUCTION-aFRR,B74,10YSK-SEPS-----K,EUR,A01,A01,20260227004-AFRR_P-UNIT_058-1,MWH,MAW,A01,A11,2026-02-27T00:00Z,2026-02-26T23:45Z
balancing_energy_bids,30,2026-02-26T23:45:00,PT15M,2026-02-27T00:00Z,2026-02-26T23:45Z,90,1,9,10Y1001C--00090V,AUCTION-aFRR,B74,10YSK-SEPS-----K,EUR,A01,A01,20260227004-AFRR_P-UNIT_062-1,MWH,MAW,A01,A06,2026-02-27T00:00Z,2026-02-26T23:45Z
balancing_energy_bids,31,2026-02-26T23:45:00,PT15M,2026-02-27T00:00Z,2026-02-26T23:45Z,140,1,10,10Y1001C--00090V,AUCTION-aFRR,B74,10YSK-SEPS-----K,EUR,A01,A01,20260227004-AFRR_P-UNIT_063-1,MWH,MAW,A01,A06,2026-02-27T00:00Z,2026-02-26T23:45Z
balancing_energy_bids,32,2026-02-26T23:45:00,PT15M,2026-02-27T00:00Z,2026-02-26T23:45Z,165,1,16,10Y1001C--00090V,AUCTION-aFRR,B74,10YSK-SEPS-----K,EUR,A01,A01,20260227004-AFRR_P-UNIT_065-1,MWH,MAW,A01,A06,2026-02-27T00:00Z,2026-02-26T23:45Z
balancing_energy_bids,33,2026-02-26T23:45:00,PT15M,2026-02-27T00:00Z,2026-02-26T23:45Z,132,1,1,10Y1001C--00090V,AUCTION-aFRR,B74,10YSK-SEPS-----K,EUR,A01,A01,20260227004-AFRR_P-UNIT_068-1,MWH,MAW,A01,A11,2026-02-27T00:00Z,2026-02-26T23:45Z
balancing_energy_bids,34,2026-02-26T23:45:00,PT15M,2026-02-27T00:00Z,2026-02-26T23:45Z,100,1,15,10Y1001C--00090V,AUCTION-aFRR,B74,10YSK-SEPS-----K,EUR,A01,A01,20260227004-AFRR_P-UNIT_069-1,MWH,MAW,A01,A06,2026-02-27T00:00Z,2026-02-26T23:45Z
balancing_energy_bids,35,2026-02-26T23:45:00,PT15M,2026-02-27T00:00Z,2026-02-26T23:45Z,85,1,7,10Y1001C--00090V,AUCTION-aFRR,B74,10YSK-SEPS-----K,EUR,A01,A01,20260227004-AFRR_P-UNIT_097-1,MWH,MAW,A01,A06,2026-02-27T00:00Z,2026-02-26T23:45Z
balancing_energy_bids,36,2026-02-26T23:45:00,PT15M,2026-02-27T00:00Z,2026-02-26T23:45Z,750,1,11,10Y1001C--00090V,AUCTION-aFRR,B74,10YSK-SEPS-----K,EUR,A01,A01,20260227004-AFRR_P-UNIT_104-1,MWH,MAW,A01,A06,2026-02-27T00:00Z,2026-02-26T23:45Z
balancing_energy_bids,37,2026-02-26T23:45:00,PT15M,2026-02-27T00:00Z,2026-02-26T23:45Z,300,1,1,10Y1001C--00090V,AUCTION-aFRR,B74,10YSK-SEPS-----K,EUR,A01,A01,20260227004-AFRR_P-UNIT_106-1,MWH,MAW,A01,A11,2026-02-27T00:00Z,2026-02-26T23:45Z
