dataset,timeseries_index,timestamp_utc,period.resolution,period.timeInterval.end,period.timeInterval.start,point.energy_Price.amount,point.position,point.quantity.quantity,ts.acquiring_Domain.mRID,ts.auction.mRID,ts.businessType,ts.connecting_Domain.mRID,ts.currency_Unit.name,ts.divisible,ts.flowDirection.direction,ts.mRID,ts.price_Measure_Unit.name,ts.quantity_Measure_Unit.name,ts.standard_MarketProduct.marketProductType,ts.status.value,ts.validity_Period.timeInterval.end,ts.validity_Period.timeInterval.start
balancing_energy_bids,1,2026-05-23T00:00:00,PT15M,2026-05-23T00:15Z,2026-05-23T00:00Z,190.49,1,1,10Y1001C--00090V,AUCTION-aFRR,B74,10YSK-SEPS-----K,EUR,A01,A01,20260523009-AFRR_P-UNIT_068-1,MWH,MAW,A01,A11,2026-05-23T00:15Z,2026-05-23T00:00Z
balancing_energy_bids,2,2026-05-23T00:00:00,PT15M,2026-05-23T00:15Z,2026-05-23T00:00Z,-144,1,5,10Y1001C--00090V,AUCTION-aFRR,B74,10YSK-SEPS-----K,EUR,A01,A02,20260523009-AFRR_N-UNIT_051-1,MWH,MAW,A01,A06,2026-05-23T00:15Z,2026-05-23T00:00Z
balancing_energy_bids,3,2026-05-23T00:00:00,PT15M,2026-05-23T00:15Z,2026-05-23T00:00Z,190.07,1,12,10Y1001C--00090V,AUCTION-aFRR,B74,10YSK-SEPS-----K,EUR,A01,A01,20260523009-AFRR_P-UNIT_065-1,MWH,MAW,A01,A06,2026-05-23T00:15Z,2026-05-23T00:00Z
balancing_energy_bids,4,2026-05-23T00:00:00,PT15M,2026-05-23T00:15Z,2026-05-23T00:00Z,140,1,31,10Y1001C--00090V,AUCTION-aFRR,B74,10YSK-SEPS-----K,EUR,A01,A01,20260523009-AFRR_P-UNIT_052-1,MWH,MAW,A01,A06,2026-05-23T00:15Z,2026-05-23T00:00Z
balancing_energy_bids,5,2026-05-23T00:00:00,PT15M,2026-05-23T00:15Z,2026-05-23T00:00Z,500,1,10,10Y1001C--00090V,AUCTION-aFRR,B74,10YSK-SEPS-----K,EUR,A01,A01,20260523009-AFRR_P-UNIT_047-1,MWH,MAW,A01,A06,2026-05-23T00:15Z,2026-05-23T00:00Z
balancing_energy_bids,6,2026-05-23T00:00:00,PT15M,2026-05-23T00:15Z,2026-05-23T00:00Z,350,1,5,10Y1001C--00090V,AUCTION-aFRR,B74,10YSK-SEPS-----K,EUR,A01,A01,20260523009-AFRR_P-UNIT_051-1,MWH,MAW,A01,A06,2026-05-23T00:15Z,2026-05-23T00:00Z
balancing_energy_bids,7,2026-05-23T00:00:00,PT15M,2026-05-23T00:15Z,2026-05-23T00:00Z,135,1,15,10Y1001C--00090V,AUCTION-aFRR,B74,10YSK-SEPS-----K,EUR,A01,A01,20260523009-AFRR_P-UNIT_069-1,MWH,MAW,A01,A06,2026-05-23T00:15Z,2026-05-23T00:00Z
balancing_energy_bids,8,2026-05-23T00:00:00,PT15M,2026-05-23T00:15Z,2026-05-23T00:00Z,190.49,1,5,10Y1001C--00090V,AUCTION-aFRR,B74,10YSK-SEPS-----K,EUR,A01,A01,20260523009-AFRR_P-UNIT_028-1,MWH,MAW,A01,A06,2026-05-23T00:15Z,2026-05-23T00:00Z
balancing_energy_bids,9,2026-05-23T00:00:00,PT15M,2026-05-23T00:15Z,2026-05-23T00:00Z,200,1,1,10Y1001C--00090V,AUCTION-aFRR,B74,10YSK-SEPS-----K,EUR,A01,A01,20260523009-AFRR_P-UNIT_058-1,MWH,MAW,A01,A11,2026-05-23T00:15Z,2026-05-23T00:00Z
balancing_energy_bids,10,2026-05-23T00:00:00,PT15M,2026-05-23T00:15Z,2026-05-23T00:00Z,190.07,1,10,10Y1001C--00090V,AUCTION-aFRR,B74,10YSK-SEPS-----K,EUR,A01,A01,20260523009-AFRR_P-UNIT_008-1,MWH,MAW,A01,A06,2026-05-23T00:15Z,2026-05-23T00:00Z
balancing_energy_bids,11,2026-05-23T00:00:00,PT15M,2026-05-23T00:15Z,2026-05-23T00:00Z,143,1,8,10Y1001C--00090V,AUCTION-aFRR,B74,10YSK-SEPS-----K,EUR,A01,A01,20260523009-AFRR_P-UNIT_062-1,MWH,MAW,A01,A06,2026-05-23T00:15Z,2026-05-23T00:00Z
balancing_energy_bids,12,2026-05-23T00:00:00,PT15M,2026-05-23T00:15Z,2026-05-23T00:00Z,143,1,2,10Y1001C--00090V,AUCTION-aFRR,B74,10YSK-SEPS-----K,EUR,A01,A01,20260523009-AFRR_P-UNIT_043-1,MWH,MAW,A01,A06,2026-05-23T00:15Z,2026-05-23T00:00Z
balancing_energy_bids,13,2026-05-23T00:00:00,PT15M,2026-05-23T00:15Z,2026-05-23T00:00Z,110,1,9,10Y1001C--00090V,AUCTION-aFRR,B74,10YSK-SEPS-----K,EUR,A01,A01,20260523009-AFRR_P-UNIT_063-1,MWH,MAW,A01,A06,2026-05-23T00:15Z,2026-05-23T00:00Z
balancing_energy_bids,14,2026-05-23T00:00:00,PT15M,2026-05-23T00:15Z,2026-05-23T00:00Z,750,1,11,10Y1001C--00090V,AUCTION-aFRR,B74,10YSK-SEPS-----K,EUR,A01,A01,20260523009-AFRR_P-UNIT_104-1,MWH,MAW,A01,A06,2026-05-23T00:15Z,2026-05-23T00:00Z
balancing_energy_bids,15,2026-05-23T00:00:00,PT15M,2026-05-23T00:15Z,2026-05-23T00:00Z,190.07,1,3,10Y1001C--00090V,AUCTION-aFRR,B74,10YSK-SEPS-----K,EUR,A01,A01,20260523009-AFRR_P-UNIT_009-1,MWH,MAW,A01,A06,2026-05-23T00:15Z,2026-05-23T00:00Z
balancing_energy_bids,16,2026-05-23T00:00:00,PT15M,2026-05-23T00:15Z,2026-05-23T00:00Z,300,1,1,10Y1001C--00090V,AUCTION-aFRR,B74,10YSK-SEPS-----K,EUR,A01,A01,20260523009-AFRR_P-UNIT_106-1,MWH,MAW,A01,A11,2026-05-23T00:15Z,2026-05-23T00:00Z
balancing_energy_bids,17,2026-05-23T00:00:00,PT15M,2026-05-23T00:15Z,2026-05-23T00:00Z,189,1,7,10Y1001C--00090V,AUCTION-aFRR,B74,10YSK-SEPS-----K,EUR,A01,A01,20260523009-AFRR_P-UNIT_123-1,MWH,MAW,A01,A06,2026-05-23T00:15Z,2026-05-23T00:00Z
balancing_energy_bids,18,2026-05-23T00:00:00,PT15M,2026-05-23T00:15Z,2026-05-23T00:00Z,-5,1,1,10Y1001C--00090V,AUCTION-aFRR,B74,10YSK-SEPS-----K,EUR,A01,A02,20260523009-AFRR_N-UNIT_068-1,MWH,MAW,A01,A11,2026-05-23T00:15Z,2026-05-23T00:00Z
balancing_energy_bids,19,2026-05-23T00:00:00,PT15M,2026-05-23T00:15Z,2026-05-23T00:00Z,-30,1,7,10Y1001C--00090V,AUCTION-aFRR,B74,10YSK-SEPS-----K,EUR,A01,A02,20260523009-AFRR_N-UNIT_052-1,MWH,MAW,A01,A06,2026-05-23T00:15Z,2026-05-23T00:00Z
balancing_energy_bids,20,2026-05-23T00:00:00,PT15M,2026-05-23T00:15Z,2026-05-23T00:00Z,-150,1,12,10Y1001C--00090V,AUCTION-aFRR,B74,10YSK-SEPS-----K,EUR,A01,A02,20260523009-AFRR_N-UNIT_069-1,MWH,MAW,A01,A06,2026-05-23T00:15Z,2026-05-23T00:00Z
balancing_energy_bids,21,2026-05-23T00:00:00,PT15M,2026-05-23T00:15Z,2026-05-23T00:00Z,-5,1,5,10Y1001C--00090V,AUCTION-aFRR,B74,10YSK-SEPS-----K,EUR,A01,A02,20260523009-AFRR_N-UNIT_028-1,MWH,MAW,A01,A06,2026-05-23T00:15Z,2026-05-23T00:00Z
balancing_energy_bids,22,2026-05-23T00:00:00,PT15M,2026-05-23T00:15Z,2026-05-23T00:00Z,-50,1,2,10Y1001C--00090V,AUCTION-aFRR,B74,10YSK-SEPS-----K,EUR,A01,A02,20260523009-AFRR_N-UNIT_058-1,MWH,MAW,A01,A06,2026-05-23T00:15Z,2026-05-23T00:00Z
balancing_energy_bids,23,2026-05-23T00:00:00,PT15M,2026-05-23T00:15Z,2026-05-23T00:00Z,-10,1,21,10Y1001C--00090V,AUCTION-aFRR,B74,10YSK-SEPS-----K,EUR,A01,A02,20260523009-AFRR_N-UNIT_013-1,MWH,MAW,A01,A06,2026-05-23T00:15Z,2026-05-23T00:00Z
balancing_energy_bids,24,2026-05-23T00:00:00,PT15M,2026-05-23T00:15Z,2026-05-23T00:00Z,-10,1,30,10Y1001C--00090V,AUCTION-aFRR,B74,10YSK-SEPS-----K,EUR,A01,A02,20260523009-AFRR_N-UNIT_010-1,MWH,MAW,A01,A06,2026-05-23T00:15Z,2026-05-23T00:00Z
balancing_energy_bids,25,2026-05-23T00:00:00,PT15M,2026-05-23T00:15Z,2026-05-23T00:00Z,-29,1,11,10Y1001C--00090V,AUCTION-aFRR,B74,10YSK-SEPS-----K,EUR,A01,A02,20260523009-AFRR_N-UNIT_062-1,MWH,MAW,A01,A06,2026-05-23T00:15Z,2026-05-23T00:00Z
balancing_energy_bids,26,2026-05-23T00:00:00,PT15M,2026-05-23T00:15Z,2026-05-23T00:00Z,10,1,3,10Y1001C--00090V,AUCTION-aFRR,B74,10YSK-SEPS-----K,EUR,A01,A02,20260523009-AFRR_N-UNIT_043-1,MWH,MAW,A01,A06,2026-05-23T00:15Z,2026-05-23T00:00Z
balancing_energy_bids,27,2026-05-23T00:00:00,PT15M,2026-05-23T00:15Z,2026-05-23T00:00Z,-5,1,4,10Y1001C--00090V,AUCTION-aFRR,B74,10YSK-SEPS-----K,EUR,A01,A02,20260523009-AFRR_N-UNIT_104-1,MWH,MAW,A01,A06,2026-05-23T00:15Z,2026-05-23T00:00Z
balancing_energy_bids,28,2026-05-23T00:00:00,PT15M,2026-05-23T00:15Z,2026-05-23T00:00Z,-123.93,1,3,10Y1001C--00090V,AUCTION-aFRR,B74,10YSK-SEPS-----K,EUR,A01,A02,20260523009-AFRR_N-UNIT_089-1,MWH,MAW,A01,A06,2026-05-23T00:15Z,2026-05-23T00:00Z
balancing_energy_bids,29,2026-05-23T00:00:00,PT15M,2026-05-23T00:15Z,2026-05-23T00:00Z,-199,1,1,10Y1001C--00090V,AUCTION-aFRR,B74,10YSK-SEPS-----K,EUR,A01,A02,20260523009-AFRR_N-UNIT_019-1,MWH,MAW,A01,A11,2026-05-23T00:15Z,2026-05-23T00:00Z
balancing_energy_bids,30,2026-05-23T00:00:00,PT15M,2026-05-23T00:15Z,2026-05-23T00:00Z,-19,1,1,10Y1001C--00090V,AUCTION-aFRR,B74,10YSK-SEPS-----K,EUR,A01,A02,20260523009-AFRR_N-UNIT_106-1,MWH,MAW,A01,A06,2026-05-23T00:15Z,2026-05-23T00:00Z
balancing_energy_bids,31,2026-05-23T00:00:00,PT15M,2026-05-23T00:15Z,2026-05-23T00:00Z,-5,1,6,10Y1001C--00090V,AUCTION-aFRR,B74,10YSK-SEPS-----K,EUR,A01,A02,20260523009-AFRR_N-UNIT_123-1,MWH,MAW,A01,A06,2026-05-23T00:15Z,2026-05-23T00:00Z
balancing_energy_bids,32,2026-05-23T00:00:00,PT15M,2026-05-23T00:15Z,2026-05-23T00:00Z,257,1,1,10Y1001C--00090V,AUCTION-aFRR,B74,10YSK-SEPS-----K,EUR,A01,A01,20260523009-AFRR_P-UNIT_019-1,MWH,MAW,A01,A06,2026-05-23T00:15Z,2026-05-23T00:00Z
balancing_energy_bids,33,2026-05-23T00:15:00,PT15M,2026-05-23T00:30Z,2026-05-23T00:15Z,-144,1,5,10Y1001C--00090V,AUCTION-aFRR,B74,10YSK-SEPS-----K,EUR,A01,A02,20260523010-AFRR_N-UNIT_051-1,MWH,MAW,A01,A06,2026-05-23T00:30Z,2026-05-23T00:15Z
balancing_energy_bids,34,2026-05-23T00:15:00,PT15M,2026-05-23T00:30Z,2026-05-23T00:15Z,-150,1,12,10Y1001C--00090V,AUCTION-aFRR,B74,10YSK-SEPS-----K,EUR,A01,A02,20260523010-AFRR_N-UNIT_069-1,MWH,MAW,A01,A06,2026-05-23T00:30Z,2026-05-23T00:15Z
balancing_energy_bids,35,2026-05-23T00:15:00,PT15M,2026-05-23T00:30Z,2026-05-23T00:15Z,-5,1,5,10Y1001C--00090V,AUCTION-aFRR,B74,10YSK-SEPS-----K,EUR,A01,A02,20260523010-AFRR_N-UNIT_028-1,MWH,MAW,A01,A06,2026-05-23T00:30Z,2026-05-23T00:15Z
balancing_energy_bids,36,2026-05-23T00:15:00,PT15M,2026-05-23T00:30Z,2026-05-23T00:15Z,-50,1,2,10Y1001C--00090V,AUCTION-aFRR,B74,10YSK-SEPS-----K,EUR,A01,A02,20260523010-AFRR_N-UNIT_058-1,MWH,MAW,A01,A06,2026-05-23T00:30Z,2026-05-23T00:15Z
balancing_energy_bids,37,2026-05-23T00:15:00,PT15M,2026-05-23T00:30Z,2026-05-23T00:15Z,-10,1,21,10Y1001C--00090V,AUCTION-aFRR,B74,10YSK-SEPS-----K,EUR,A01,A02,20260523010-AFRR_N-UNIT_013-1,MWH,MAW,A01,A06,2026-05-23T00:30Z,2026-05-23T00:15Z
balancing_energy_bids,38,2026-05-23T00:15:00,PT15M,2026-05-23T00:30Z,2026-05-23T00:15Z,-10,1,30,10Y1001C--00090V,AUCTION-aFRR,B74,10YSK-SEPS-----K,EUR,A01,A02,20260523010-AFRR_N-UNIT_010-1,MWH,MAW,A01,A06,2026-05-23T00:30Z,2026-05-23T00:15Z
balancing_energy_bids,39,2026-05-23T00:15:00,PT15M,2026-05-23T00:30Z,2026-05-23T00:15Z,-29,1,11,10Y1001C--00090V,AUCTION-aFRR,B74,10YSK-SEPS-----K,EUR,A01,A02,20260523010-AFRR_N-UNIT_062-1,MWH,MAW,A01,A06,2026-05-23T00:30Z,2026-05-23T00:15Z
balancing_energy_bids,40,2026-05-23T00:15:00,PT15M,2026-05-23T00:30Z,2026-05-23T00:15Z,10,1,3,10Y1001C--00090V,AUCTION-aFRR,B74,10YSK-SEPS-----K,EUR,A01,A02,20260523010-AFRR_N-UNIT_043-1,MWH,MAW,A01,A06,2026-05-23T00:30Z,2026-05-23T00:15Z
balancing_energy_bids,41,2026-05-23T00:15:00,PT15M,2026-05-23T00:30Z,2026-05-23T00:15Z,-5,1,4,10Y1001C--00090V,AUCTION-aFRR,B74,10YSK-SEPS-----K,EUR,A01,A02,20260523010-AFRR_N-UNIT_104-1,MWH,MAW,A01,A06,2026-05-23T00:30Z,2026-05-23T00:15Z
balancing_energy_bids,42,2026-05-23T00:15:00,PT15M,2026-05-23T00:30Z,2026-05-23T00:15Z,-127.41,1,3,10Y1001C--00090V,AUCTION-aFRR,B74,10YSK-SEPS-----K,EUR,A01,A02,20260523010-AFRR_N-UNIT_089-1,MWH,MAW,A01,A06,2026-05-23T00:30Z,2026-05-23T00:15Z
balancing_energy_bids,43,2026-05-23T00:15:00,PT15M,2026-05-23T00:30Z,2026-05-23T00:15Z,0,1,1,10Y1001C--00090V,AUCTION-aFRR,B74,10YSK-SEPS-----K,EUR,A01,A02,20260523010-AFRR_N-UNIT_097-1,MWH,MAW,A01,A06,2026-05-23T00:30Z,2026-05-23T00:15Z
balancing_energy_bids,44,2026-05-23T00:15:00,PT15M,2026-05-23T00:30Z,2026-05-23T00:15Z,-199,1,1,10Y1001C--00090V,AUCTION-aFRR,B74,10YSK-SEPS-----K,EUR,A01,A02,20260523010-AFRR_N-UNIT_019-1,MWH,MAW,A01,A11,2026-05-23T00:30Z,2026-05-23T00:15Z
balancing_energy_bids,45,2026-05-23T00:15:00,PT15M,2026-05-23T00:30Z,2026-05-23T00:15Z,-19,1,1,10Y1001C--00090V,AUCTION-aFRR,B74,10YSK-SEPS-----K,EUR,A01,A02,20260523010-AFRR_N-UNIT_106-1,MWH,MAW,A01,A06,2026-05-23T00:30Z,2026-05-23T00:15Z
balancing_energy_bids,46,2026-05-23T00:15:00,PT15M,2026-05-23T00:30Z,2026-05-23T00:15Z,-5,1,6,10Y1001C--00090V,AUCTION-aFRR,B74,10YSK-SEPS-----K,EUR,A01,A02,20260523010-AFRR_N-UNIT_123-1,MWH,MAW,A01,A06,2026-05-23T00:30Z,2026-05-23T00:15Z
balancing_energy_bids,47,2026-05-23T00:15:00,PT15M,2026-05-23T00:30Z,2026-05-23T00:15Z,185.62,1,1,10Y1001C--00090V,AUCTION-aFRR,B74,10YSK-SEPS-----K,EUR,A01,A01,20260523010-AFRR_P-UNIT_068-1,MWH,MAW,A01,A11,2026-05-23T00:30Z,2026-05-23T00:15Z
balancing_energy_bids,48,2026-05-23T00:15:00,PT15M,2026-05-23T00:30Z,2026-05-23T00:15Z,190.07,1,12,10Y1001C--00090V,AUCTION-aFRR,B74,10YSK-SEPS-----K,EUR,A01,A01,20260523010-AFRR_P-UNIT_065-1,MWH,MAW,A01,A06,2026-05-23T00:30Z,2026-05-23T00:15Z
balancing_energy_bids,49,2026-05-23T00:15:00,PT15M,2026-05-23T00:30Z,2026-05-23T00:15Z,140,1,31,10Y1001C--00090V,AUCTION-aFRR,B74,10YSK-SEPS-----K,EUR,A01,A01,20260523010-AFRR_P-UNIT_052-1,MWH,MAW,A01,A06,2026-05-23T00:30Z,2026-05-23T00:15Z
balancing_energy_bids,50,2026-05-23T00:15:00,PT15M,2026-05-23T00:30Z,2026-05-23T00:15Z,500,1,10,10Y1001C--00090V,AUCTION-aFRR,B74,10YSK-SEPS-----K,EUR,A01,A01,20260523010-AFRR_P-UNIT_047-1,MWH,MAW,A01,A06,2026-05-23T00:30Z,2026-05-23T00:15Z
balancing_energy_bids,51,2026-05-23T00:15:00,PT15M,2026-05-23T00:30Z,2026-05-23T00:15Z,350,1,5,10Y1001C--00090V,AUCTION-aFRR,B74,10YSK-SEPS-----K,EUR,A01,A01,20260523010-AFRR_P-UNIT_051-1,MWH,MAW,A01,A06,2026-05-23T00:30Z,2026-05-23T00:15Z
balancing_energy_bids,52,2026-05-23T00:15:00,PT15M,2026-05-23T00:30Z,2026-05-23T00:15Z,135,1,15,10Y1001C--00090V,AUCTION-aFRR,B74,10YSK-SEPS-----K,EUR,A01,A01,20260523010-AFRR_P-UNIT_069-1,MWH,MAW,A01,A06,2026-05-23T00:30Z,2026-05-23T00:15Z
balancing_energy_bids,53,2026-05-23T00:15:00,PT15M,2026-05-23T00:30Z,2026-05-23T00:15Z,185.62,1,5,10Y1001C--00090V,AUCTION-aFRR,B74,10YSK-SEPS-----K,EUR,A01,A01,20260523010-AFRR_P-UNIT_028-1,MWH,MAW,A01,A06,2026-05-23T00:30Z,2026-05-23T00:15Z
balancing_energy_bids,54,2026-05-23T00:15:00,PT15M,2026-05-23T00:30Z,2026-05-23T00:15Z,200,1,1,10Y1001C--00090V,AUCTION-aFRR,B74,10YSK-SEPS-----K,EUR,A01,A01,20260523010-AFRR_P-UNIT_058-1,MWH,MAW,A01,A11,2026-05-23T00:30Z,2026-05-23T00:15Z
balancing_energy_bids,55,2026-05-23T00:15:00,PT15M,2026-05-23T00:30Z,2026-05-23T00:15Z,190.07,1,10,10Y1001C--00090V,AUCTION-aFRR,B74,10YSK-SEPS-----K,EUR,A01,A01,20260523010-AFRR_P-UNIT_008-1,MWH,MAW,A01,A06,2026-05-23T00:30Z,2026-05-23T00:15Z
balancing_energy_bids,56,2026-05-23T00:15:00,PT15M,2026-05-23T00:30Z,2026-05-23T00:15Z,139,1,8,10Y1001C--00090V,AUCTION-aFRR,B74,10YSK-SEPS-----K,EUR,A01,A01,20260523010-AFRR_P-UNIT_062-1,MWH,MAW,A01,A06,2026-05-23T00:30Z,2026-05-23T00:15Z
balancing_energy_bids,57,2026-05-23T00:15:00,PT15M,2026-05-23T00:30Z,2026-05-23T00:15Z,139,1,2,10Y1001C--00090V,AUCTION-aFRR,B74,10YSK-SEPS-----K,EUR,A01,A01,20260523010-AFRR_P-UNIT_043-1,MWH,MAW,A01,A06,2026-05-23T00:30Z,2026-05-23T00:15Z
balancing_energy_bids,58,2026-05-23T00:15:00,PT15M,2026-05-23T00:30Z,2026-05-23T00:15Z,110,1,9,10Y1001C--00090V,AUCTION-aFRR,B74,10YSK-SEPS-----K,EUR,A01,A01,20260523010-AFRR_P-UNIT_063-1,MWH,MAW,A01,A06,2026-05-23T00:30Z,2026-05-23T00:15Z
balancing_energy_bids,59,2026-05-23T00:15:00,PT15M,2026-05-23T00:30Z,2026-05-23T00:15Z,750,1,11,10Y1001C--00090V,AUCTION-aFRR,B74,10YSK-SEPS-----K,EUR,A01,A01,20260523010-AFRR_P-UNIT_104-1,MWH,MAW,A01,A06,2026-05-23T00:30Z,2026-05-23T00:15Z
balancing_energy_bids,60,2026-05-23T00:15:00,PT15M,2026-05-23T00:30Z,2026-05-23T00:15Z,190.07,1,3,10Y1001C--00090V,AUCTION-aFRR,B74,10YSK-SEPS-----K,EUR,A01,A01,20260523010-AFRR_P-UNIT_009-1,MWH,MAW,A01,A06,2026-05-23T00:30Z,2026-05-23T00:15Z
balancing_energy_bids,61,2026-05-23T00:15:00,PT15M,2026-05-23T00:30Z,2026-05-23T00:15Z,300,1,1,10Y1001C--00090V,AUCTION-aFRR,B74,10YSK-SEPS-----K,EUR,A01,A01,20260523010-AFRR_P-UNIT_106-1,MWH,MAW,A01,A11,2026-05-23T00:30Z,2026-05-23T00:15Z
balancing_energy_bids,62,2026-05-23T00:15:00,PT15M,2026-05-23T00:30Z,2026-05-23T00:15Z,189,1,7,10Y1001C--00090V,AUCTION-aFRR,B74,10YSK-SEPS-----K,EUR,A01,A01,20260523010-AFRR_P-UNIT_123-1,MWH,MAW,A01,A06,2026-05-23T00:30Z,2026-05-23T00:15Z
balancing_energy_bids,63,2026-05-23T00:15:00,PT15M,2026-05-23T00:30Z,2026-05-23T00:15Z,-5,1,1,10Y1001C--00090V,AUCTION-aFRR,B74,10YSK-SEPS-----K,EUR,A01,A02,20260523010-AFRR_N-UNIT_068-1,MWH,MAW,A01,A11,2026-05-23T00:30Z,2026-05-23T00:15Z
balancing_energy_bids,64,2026-05-23T00:15:00,PT15M,2026-05-23T00:30Z,2026-05-23T00:15Z,-30,1,7,10Y1001C--00090V,AUCTION-aFRR,B74,10YSK-SEPS-----K,EUR,A01,A02,20260523010-AFRR_N-UNIT_052-1,MWH,MAW,A01,A06,2026-05-23T00:30Z,2026-05-23T00:15Z
balancing_energy_bids,65,2026-05-23T00:15:00,PT15M,2026-05-23T00:30Z,2026-05-23T00:15Z,249,1,1,10Y1001C--00090V,AUCTION-aFRR,B74,10YSK-SEPS-----K,EUR,A01,A01,20260523010-AFRR_P-UNIT_019-1,MWH,MAW,A01,A06,2026-05-23T00:30Z,2026-05-23T00:15Z
balancing_energy_bids,66,2026-05-23T00:30:00,PT15M,2026-05-23T00:45Z,2026-05-23T00:30Z,174.88,1,1,10Y1001C--00090V,AUCTION-aFRR,B74,10YSK-SEPS-----K,EUR,A01,A01,20260523011-AFRR_P-UNIT_068-1,MWH,MAW,A01,A11,2026-05-23T00:45Z,2026-05-23T00:30Z
balancing_energy_bids,67,2026-05-23T00:30:00,PT15M,2026-05-23T00:45Z,2026-05-23T00:30Z,190.07,1,12,10Y1001C--00090V,AUCTION-aFRR,B74,10YSK-SEPS-----K,EUR,A01,A01,20260523011-AFRR_P-UNIT_065-1,MWH,MAW,A01,A06,2026-05-23T00:45Z,2026-05-23T00:30Z
balancing_energy_bids,68,2026-05-23T00:30:00,PT15M,2026-05-23T00:45Z,2026-05-23T00:30Z,140,1,31,10Y1001C--00090V,AUCTION-aFRR,B74,10YSK-SEPS-----K,EUR,A01,A01,20260523011-AFRR_P-UNIT_052-1,MWH,MAW,A01,A06,2026-05-23T00:45Z,2026-05-23T00:30Z
balancing_energy_bids,69,2026-05-23T00:30:00,PT15M,2026-05-23T00:45Z,2026-05-23T00:30Z,500,1,10,10Y1001C--00090V,AUCTION-aFRR,B74,10YSK-SEPS-----K,EUR,A01,A01,20260523011-AFRR_P-UNIT_047-1,MWH,MAW,A01,A06,2026-05-23T00:45Z,2026-05-23T00:30Z
balancing_energy_bids,70,2026-05-23T00:30:00,PT15M,2026-05-23T00:45Z,2026-05-23T00:30Z,350,1,5,10Y1001C--00090V,AUCTION-aFRR,B74,10YSK-SEPS-----K,EUR,A01,A01,20260523011-AFRR_P-UNIT_051-1,MWH,MAW,A01,A06,2026-05-23T00:45Z,2026-05-23T00:30Z
balancing_energy_bids,71,2026-05-23T00:30:00,PT15M,2026-05-23T00:45Z,2026-05-23T00:30Z,135,1,15,10Y1001C--00090V,AUCTION-aFRR,B74,10YSK-SEPS-----K,EUR,A01,A01,20260523011-AFRR_P-UNIT_069-1,MWH,MAW,A01,A06,2026-05-23T00:45Z,2026-05-23T00:30Z
balancing_energy_bids,72,2026-05-23T00:30:00,PT15M,2026-05-23T00:45Z,2026-05-23T00:30Z,174.88,1,5,10Y1001C--00090V,AUCTION-aFRR,B74,10YSK-SEPS-----K,EUR,A01,A01,20260523011-AFRR_P-UNIT_028-1,MWH,MAW,A01,A06,2026-05-23T00:45Z,2026-05-23T00:30Z
balancing_energy_bids,73,2026-05-23T00:30:00,PT15M,2026-05-23T00:45Z,2026-05-23T00:30Z,200,1,1,10Y1001C--00090V,AUCTION-aFRR,B74,10YSK-SEPS-----K,EUR,A01,A01,20260523011-AFRR_P-UNIT_058-1,MWH,MAW,A01,A11,2026-05-23T00:45Z,2026-05-23T00:30Z
balancing_energy_bids,74,2026-05-23T00:30:00,PT15M,2026-05-23T00:45Z,2026-05-23T00:30Z,190.07,1,10,10Y1001C--00090V,AUCTION-aFRR,B74,10YSK-SEPS-----K,EUR,A01,A01,20260523011-AFRR_P-UNIT_008-1,MWH,MAW,A01,A06,2026-05-23T00:45Z,2026-05-23T00:30Z
balancing_energy_bids,75,2026-05-23T00:30:00,PT15M,2026-05-23T00:45Z,2026-05-23T00:30Z,131,1,8,10Y1001C--00090V,AUCTION-aFRR,B74,10YSK-SEPS-----K,EUR,A01,A01,20260523011-AFRR_P-UNIT_062-1,MWH,MAW,A01,A06,2026-05-23T00:45Z,2026-05-23T00:30Z
balancing_energy_bids,76,2026-05-23T00:30:00,PT15M,2026-05-23T00:45Z,2026-05-23T00:30Z,131,1,2,10Y1001C--00090V,AUCTION-aFRR,B74,10YSK-SEPS-----K,EUR,A01,A01,20260523011-AFRR_P-UNIT_043-1,MWH,MAW,A01,A06,2026-05-23T00:45Z,2026-05-23T00:30Z
balancing_energy_bids,77,2026-05-23T00:30:00,PT15M,2026-05-23T00:45Z,2026-05-23T00:30Z,110,1,9,10Y1001C--00090V,AUCTION-aFRR,B74,10YSK-SEPS-----K,EUR,A01,A01,20260523011-AFRR_P-UNIT_063-1,MWH,MAW,A01,A06,2026-05-23T00:45Z,2026-05-23T00:30Z
balancing_energy_bids,78,2026-05-23T00:30:00,PT15M,2026-05-23T00:45Z,2026-05-23T00:30Z,750,1,11,10Y1001C--00090V,AUCTION-aFRR,B74,10YSK-SEPS-----K,EUR,A01,A01,20260523011-AFRR_P-UNIT_104-1,MWH,MAW,A01,A06,2026-05-23T00:45Z,2026-05-23T00:30Z
balancing_energy_bids,79,2026-05-23T00:30:00,PT15M,2026-05-23T00:45Z,2026-05-23T00:30Z,190.07,1,3,10Y1001C--00090V,AUCTION-aFRR,B74,10YSK-SEPS-----K,EUR,A01,A01,20260523011-AFRR_P-UNIT_009-1,MWH,MAW,A01,A06,2026-05-23T00:45Z,2026-05-23T00:30Z
balancing_energy_bids,80,2026-05-23T00:30:00,PT15M,2026-05-23T00:45Z,2026-05-23T00:30Z,300,1,1,10Y1001C--00090V,AUCTION-aFRR,B74,10YSK-SEPS-----K,EUR,A01,A01,20260523011-AFRR_P-UNIT_106-1,MWH,MAW,A01,A11,2026-05-23T00:45Z,2026-05-23T00:30Z
balancing_energy_bids,81,2026-05-23T00:30:00,PT15M,2026-05-23T00:45Z,2026-05-23T00:30Z,189,1,7,10Y1001C--00090V,AUCTION-aFRR,B74,10YSK-SEPS-----K,EUR,A01,A01,20260523011-AFRR_P-UNIT_123-1,MWH,MAW,A01,A06,2026-05-23T00:45Z,2026-05-23T00:30Z
balancing_energy_bids,82,2026-05-23T00:30:00,PT15M,2026-05-23T00:45Z,2026-05-23T00:30Z,-5,1,1,10Y1001C--00090V,AUCTION-aFRR,B74,10YSK-SEPS-----K,EUR,A01,A02,20260523011-AFRR_N-UNIT_068-1,MWH,MAW,A01,A11,2026-05-23T00:45Z,2026-05-23T00:30Z
balancing_energy_bids,83,2026-05-23T00:30:00,PT15M,2026-05-23T00:45Z,2026-05-23T00:30Z,-30,1,7,10Y1001C--00090V,AUCTION-aFRR,B74,10YSK-SEPS-----K,EUR,A01,A02,20260523011-AFRR_N-UNIT_052-1,MWH,MAW,A01,A06,2026-05-23T00:45Z,2026-05-23T00:30Z
balancing_energy_bids,84,2026-05-23T00:30:00,PT15M,2026-05-23T00:45Z,2026-05-23T00:30Z,-144,1,5,10Y1001C--00090V,AUCTION-aFRR,B74,10YSK-SEPS-----K,EUR,A01,A02,20260523011-AFRR_N-UNIT_051-1,MWH,MAW,A01,A06,2026-05-23T00:45Z,2026-05-23T00:30Z
balancing_energy_bids,85,2026-05-23T00:30:00,PT15M,2026-05-23T00:45Z,2026-05-23T00:30Z,-150,1,12,10Y1001C--00090V,AUCTION-aFRR,B74,10YSK-SEPS-----K,EUR,A01,A02,20260523011-AFRR_N-UNIT_069-1,MWH,MAW,A01,A06,2026-05-23T00:45Z,2026-05-23T00:30Z
balancing_energy_bids,86,2026-05-23T00:30:00,PT15M,2026-05-23T00:45Z,2026-05-23T00:30Z,-5,1,5,10Y1001C--00090V,AUCTION-aFRR,B74,10YSK-SEPS-----K,EUR,A01,A02,20260523011-AFRR_N-UNIT_028-1,MWH,MAW,A01,A06,2026-05-23T00:45Z,2026-05-23T00:30Z
balancing_energy_bids,87,2026-05-23T00:30:00,PT15M,2026-05-23T00:45Z,2026-05-23T00:30Z,-50,1,2,10Y1001C--00090V,AUCTION-aFRR,B74,10YSK-SEPS-----K,EUR,A01,A02,20260523011-AFRR_N-UNIT_058-1,MWH,MAW,A01,A06,2026-05-23T00:45Z,2026-05-23T00:30Z
balancing_energy_bids,88,2026-05-23T00:30:00,PT15M,2026-05-23T00:45Z,2026-05-23T00:30Z,-10,1,21,10Y1001C--00090V,AUCTION-aFRR,B74,10YSK-SEPS-----K,EUR,A01,A02,20260523011-AFRR_N-UNIT_013-1,MWH,MAW,A01,A06,2026-05-23T00:45Z,2026-05-23T00:30Z
balancing_energy_bids,89,2026-05-23T00:30:00,PT15M,2026-05-23T00:45Z,2026-05-23T00:30Z,-10,1,30,10Y1001C--00090V,AUCTION-aFRR,B74,10YSK-SEPS-----K,EUR,A01,A02,20260523011-AFRR_N-UNIT_010-1,MWH,MAW,A01,A06,2026-05-23T00:45Z,2026-05-23T00:30Z
balancing_energy_bids,90,2026-05-23T00:30:00,PT15M,2026-05-23T00:45Z,2026-05-23T00:30Z,-29,1,11,10Y1001C--00090V,AUCTION-aFRR,B74,10YSK-SEPS-----K,EUR,A01,A02,20260523011-AFRR_N-UNIT_062-1,MWH,MAW,A01,A06,2026-05-23T00:45Z,2026-05-23T00:30Z
balancing_energy_bids,91,2026-05-23T00:30:00,PT15M,2026-05-23T00:45Z,2026-05-23T00:30Z,10,1,3,10Y1001C--00090V,AUCTION-aFRR,B74,10YSK-SEPS-----K,EUR,A01,A02,20260523011-AFRR_N-UNIT_043-1,MWH,MAW,A01,A06,2026-05-23T00:45Z,2026-05-23T00:30Z
balancing_energy_bids,92,2026-05-23T00:30:00,PT15M,2026-05-23T00:45Z,2026-05-23T00:30Z,-5,1,4,10Y1001C--00090V,AUCTION-aFRR,B74,10YSK-SEPS-----K,EUR,A01,A02,20260523011-AFRR_N-UNIT_104-1,MWH,MAW,A01,A06,2026-05-23T00:45Z,2026-05-23T00:30Z
balancing_energy_bids,93,2026-05-23T00:30:00,PT15M,2026-05-23T00:45Z,2026-05-23T00:30Z,-135.08,1,3,10Y1001C--00090V,AUCTION-aFRR,B74,10YSK-SEPS-----K,EUR,A01,A02,20260523011-AFRR_N-UNIT_089-1,MWH,MAW,A01,A06,2026-05-23T00:45Z,2026-05-23T00:30Z
balancing_energy_bids,94,2026-05-23T00:30:00,PT15M,2026-05-23T00:45Z,2026-05-23T00:30Z,0,1,1,10Y1001C--00090V,AUCTION-aFRR,B74,10YSK-SEPS-----K,EUR,A01,A02,20260523011-AFRR_N-UNIT_097-1,MWH,MAW,A01,A06,2026-05-23T00:45Z,2026-05-23T00:30Z
balancing_energy_bids,95,2026-05-23T00:30:00,PT15M,2026-05-23T00:45Z,2026-05-23T00:30Z,-199,1,1,10Y1001C--00090V,AUCTION-aFRR,B74,10YSK-SEPS-----K,EUR,A01,A02,20260523011-AFRR_N-UNIT_019-1,MWH,MAW,A01,A11,2026-05-23T00:45Z,2026-05-23T00:30Z
balancing_energy_bids,96,2026-05-23T00:30:00,PT15M,2026-05-23T00:45Z,2026-05-23T00:30Z,-19,1,1,10Y1001C--00090V,AUCTION-aFRR,B74,10YSK-SEPS-----K,EUR,A01,A02,20260523011-AFRR_N-UNIT_106-1,MWH,MAW,A01,A06,2026-05-23T00:45Z,2026-05-23T00:30Z
balancing_energy_bids,97,2026-05-23T00:30:00,PT15M,2026-05-23T00:45Z,2026-05-23T00:30Z,-5,1,6,10Y1001C--00090V,AUCTION-aFRR,B74,10YSK-SEPS-----K,EUR,A01,A02,20260523011-AFRR_N-UNIT_123-1,MWH,MAW,A01,A06,2026-05-23T00:45Z,2026-05-23T00:30Z
balancing_energy_bids,98,2026-05-23T00:30:00,PT15M,2026-05-23T00:45Z,2026-05-23T00:30Z,247,1,1,10Y1001C--00090V,AUCTION-aFRR,B74,10YSK-SEPS-----K,EUR,A01,A01,20260523011-AFRR_P-UNIT_019-1,MWH,MAW,A01,A06,2026-05-23T00:45Z,2026-05-23T00:30Z
balancing_energy_bids,99,2026-05-23T00:45:00,PT15M,2026-05-23T01:00Z,2026-05-23T00:45Z,177.87,1,1,10Y1001C--00090V,AUCTION-aFRR,B74,10YSK-SEPS-----K,EUR,A01,A01,20260523012-AFRR_P-UNIT_068-1,MWH,MAW,A01,A11,2026-05-23T01:00Z,2026-05-23T00:45Z
balancing_energy_bids,100,2026-05-23T00:45:00,PT15M,2026-05-23T01:00Z,2026-05-23T00:45Z,190.07,1,12,10Y1001C--00090V,AUCTION-aFRR,B74,10YSK-SEPS-----K,EUR,A01,A01,20260523012-AFRR_P-UNIT_065-1,MWH,MAW,A01,A06,2026-05-23T01:00Z,2026-05-23T00:45Z
balancing_energy_bids,1,2026-05-23T00:45:00,PT15M,2026-05-23T01:00Z,2026-05-23T00:45Z,140,1,31,10Y1001C--00090V,AUCTION-aFRR,B74,10YSK-SEPS-----K,EUR,A01,A01,20260523012-AFRR_P-UNIT_052-1,MWH,MAW,A01,A06,2026-05-23T01:00Z,2026-05-23T00:45Z
balancing_energy_bids,2,2026-05-23T00:45:00,PT15M,2026-05-23T01:00Z,2026-05-23T00:45Z,500,1,10,10Y1001C--00090V,AUCTION-aFRR,B74,10YSK-SEPS-----K,EUR,A01,A01,20260523012-AFRR_P-UNIT_047-1,MWH,MAW,A01,A06,2026-05-23T01:00Z,2026-05-23T00:45Z
balancing_energy_bids,3,2026-05-23T00:45:00,PT15M,2026-05-23T01:00Z,2026-05-23T00:45Z,350,1,5,10Y1001C--00090V,AUCTION-aFRR,B74,10YSK-SEPS-----K,EUR,A01,A01,20260523012-AFRR_P-UNIT_051-1,MWH,MAW,A01,A06,2026-05-23T01:00Z,2026-05-23T00:45Z
balancing_energy_bids,4,2026-05-23T00:45:00,PT15M,2026-05-23T01:00Z,2026-05-23T00:45Z,135,1,15,10Y1001C--00090V,AUCTION-aFRR,B74,10YSK-SEPS-----K,EUR,A01,A01,20260523012-AFRR_P-UNIT_069-1,MWH,MAW,A01,A06,2026-05-23T01:00Z,2026-05-23T00:45Z
balancing_energy_bids,5,2026-05-23T00:45:00,PT15M,2026-05-23T01:00Z,2026-05-23T00:45Z,177.87,1,5,10Y1001C--00090V,AUCTION-aFRR,B74,10YSK-SEPS-----K,EUR,A01,A01,20260523012-AFRR_P-UNIT_028-1,MWH,MAW,A01,A06,2026-05-23T01:00Z,2026-05-23T00:45Z
balancing_energy_bids,6,2026-05-23T00:45:00,PT15M,2026-05-23T01:00Z,2026-05-23T00:45Z,200,1,1,10Y1001C--00090V,AUCTION-aFRR,B74,10YSK-SEPS-----K,EUR,A01,A01,20260523012-AFRR_P-UNIT_058-1,MWH,MAW,A01,A11,2026-05-23T01:00Z,2026-05-23T00:45Z
balancing_energy_bids,7,2026-05-23T00:45:00,PT15M,2026-05-23T01:00Z,2026-05-23T00:45Z,190.07,1,10,10Y1001C--00090V,AUCTION-aFRR,B74,10YSK-SEPS-----K,EUR,A01,A01,20260523012-AFRR_P-UNIT_008-1,MWH,MAW,A01,A06,2026-05-23T01:00Z,2026-05-23T00:45Z
balancing_energy_bids,8,2026-05-23T00:45:00,PT15M,2026-05-23T01:00Z,2026-05-23T00:45Z,133,1,8,10Y1001C--00090V,AUCTION-aFRR,B74,10YSK-SEPS-----K,EUR,A01,A01,20260523012-AFRR_P-UNIT_062-1,MWH,MAW,A01,A06,2026-05-23T01:00Z,2026-05-23T00:45Z
balancing_energy_bids,9,2026-05-23T00:45:00,PT15M,2026-05-23T01:00Z,2026-05-23T00:45Z,133,1,2,10Y1001C--00090V,AUCTION-aFRR,B74,10YSK-SEPS-----K,EUR,A01,A01,20260523012-AFRR_P-UNIT_043-1,MWH,MAW,A01,A06,2026-05-23T01:00Z,2026-05-23T00:45Z
balancing_energy_bids,10,2026-05-23T00:45:00,PT15M,2026-05-23T01:00Z,2026-05-23T00:45Z,110,1,9,10Y1001C--00090V,AUCTION-aFRR,B74,10YSK-SEPS-----K,EUR,A01,A01,20260523012-AFRR_P-UNIT_063-1,MWH,MAW,A01,A06,2026-05-23T01:00Z,2026-05-23T00:45Z
balancing_energy_bids,11,2026-05-23T00:45:00,PT15M,2026-05-23T01:00Z,2026-05-23T00:45Z,750,1,11,10Y1001C--00090V,AUCTION-aFRR,B74,10YSK-SEPS-----K,EUR,A01,A01,20260523012-AFRR_P-UNIT_104-1,MWH,MAW,A01,A06,2026-05-23T01:00Z,2026-05-23T00:45Z
balancing_energy_bids,12,2026-05-23T00:45:00,PT15M,2026-05-23T01:00Z,2026-05-23T00:45Z,190.07,1,3,10Y1001C--00090V,AUCTION-aFRR,B74,10YSK-SEPS-----K,EUR,A01,A01,20260523012-AFRR_P-UNIT_009-1,MWH,MAW,A01,A06,2026-05-23T01:00Z,2026-05-23T00:45Z
balancing_energy_bids,13,2026-05-23T00:45:00,PT15M,2026-05-23T01:00Z,2026-05-23T00:45Z,300,1,1,10Y1001C--00090V,AUCTION-aFRR,B74,10YSK-SEPS-----K,EUR,A01,A01,20260523012-AFRR_P-UNIT_106-1,MWH,MAW,A01,A11,2026-05-23T01:00Z,2026-05-23T00:45Z
balancing_energy_bids,14,2026-05-23T00:45:00,PT15M,2026-05-23T01:00Z,2026-05-23T00:45Z,189,1,7,10Y1001C--00090V,AUCTION-aFRR,B74,10YSK-SEPS-----K,EUR,A01,A01,20260523012-AFRR_P-UNIT_123-1,MWH,MAW,A01,A06,2026-05-23T01:00Z,2026-05-23T00:45Z
balancing_energy_bids,15,2026-05-23T00:45:00,PT15M,2026-05-23T01:00Z,2026-05-23T00:45Z,-5,1,1,10Y1001C--00090V,AUCTION-aFRR,B74,10YSK-SEPS-----K,EUR,A01,A02,20260523012-AFRR_N-UNIT_068-1,MWH,MAW,A01,A11,2026-05-23T01:00Z,2026-05-23T00:45Z
balancing_energy_bids,16,2026-05-23T00:45:00,PT15M,2026-05-23T01:00Z,2026-05-23T00:45Z,-30,1,7,10Y1001C--00090V,AUCTION-aFRR,B74,10YSK-SEPS-----K,EUR,A01,A02,20260523012-AFRR_N-UNIT_052-1,MWH,MAW,A01,A06,2026-05-23T01:00Z,2026-05-23T00:45Z
balancing_energy_bids,17,2026-05-23T00:45:00,PT15M,2026-05-23T01:00Z,2026-05-23T00:45Z,-144,1,5,10Y1001C--00090V,AUCTION-aFRR,B74,10YSK-SEPS-----K,EUR,A01,A02,20260523012-AFRR_N-UNIT_051-1,MWH,MAW,A01,A06,2026-05-23T01:00Z,2026-05-23T00:45Z
balancing_energy_bids,18,2026-05-23T00:45:00,PT15M,2026-05-23T01:00Z,2026-05-23T00:45Z,-150,1,12,10Y1001C--00090V,AUCTION-aFRR,B74,10YSK-SEPS-----K,EUR,A01,A02,20260523012-AFRR_N-UNIT_069-1,MWH,MAW,A01,A06,2026-05-23T01:00Z,2026-05-23T00:45Z
balancing_energy_bids,19,2026-05-23T00:45:00,PT15M,2026-05-23T01:00Z,2026-05-23T00:45Z,-5,1,5,10Y1001C--00090V,AUCTION-aFRR,B74,10YSK-SEPS-----K,EUR,A01,A02,20260523012-AFRR_N-UNIT_028-1,MWH,MAW,A01,A06,2026-05-23T01:00Z,2026-05-23T00:45Z
balancing_energy_bids,20,2026-05-23T00:45:00,PT15M,2026-05-23T01:00Z,2026-05-23T00:45Z,-50,1,2,10Y1001C--00090V,AUCTION-aFRR,B74,10YSK-SEPS-----K,EUR,A01,A02,20260523012-AFRR_N-UNIT_058-1,MWH,MAW,A01,A06,2026-05-23T01:00Z,2026-05-23T00:45Z
balancing_energy_bids,21,2026-05-23T00:45:00,PT15M,2026-05-23T01:00Z,2026-05-23T00:45Z,-10,1,21,10Y1001C--00090V,AUCTION-aFRR,B74,10YSK-SEPS-----K,EUR,A01,A02,20260523012-AFRR_N-UNIT_013-1,MWH,MAW,A01,A06,2026-05-23T01:00Z,2026-05-23T00:45Z
balancing_energy_bids,22,2026-05-23T00:45:00,PT15M,2026-05-23T01:00Z,2026-05-23T00:45Z,-10,1,30,10Y1001C--00090V,AUCTION-aFRR,B74,10YSK-SEPS-----K,EUR,A01,A02,20260523012-AFRR_N-UNIT_010-1,MWH,MAW,A01,A06,2026-05-23T01:00Z,2026-05-23T00:45Z
balancing_energy_bids,23,2026-05-23T00:45:00,PT15M,2026-05-23T01:00Z,2026-05-23T00:45Z,-29,1,11,10Y1001C--00090V,AUCTION-aFRR,B74,10YSK-SEPS-----K,EUR,A01,A02,20260523012-AFRR_N-UNIT_062-1,MWH,MAW,A01,A06,2026-05-23T01:00Z,2026-05-23T00:45Z
balancing_energy_bids,24,2026-05-23T00:45:00,PT15M,2026-05-23T01:00Z,2026-05-23T00:45Z,10,1,3,10Y1001C--00090V,AUCTION-aFRR,B74,10YSK-SEPS-----K,EUR,A01,A02,20260523012-AFRR_N-UNIT_043-1,MWH,MAW,A01,A06,2026-05-23T01:00Z,2026-05-23T00:45Z
balancing_energy_bids,25,2026-05-23T00:45:00,PT15M,2026-05-23T01:00Z,2026-05-23T00:45Z,-5,1,4,10Y1001C--00090V,AUCTION-aFRR,B74,10YSK-SEPS-----K,EUR,A01,A02,20260523012-AFRR_N-UNIT_104-1,MWH,MAW,A01,A06,2026-05-23T01:00Z,2026-05-23T00:45Z
balancing_energy_bids,26,2026-05-23T00:45:00,PT15M,2026-05-23T01:00Z,2026-05-23T00:45Z,-132.95,1,3,10Y1001C--00090V,AUCTION-aFRR,B74,10YSK-SEPS-----K,EUR,A01,A02,20260523012-AFRR_N-UNIT_089-1,MWH,MAW,A01,A06,2026-05-23T01:00Z,2026-05-23T00:45Z
balancing_energy_bids,27,2026-05-23T00:45:00,PT15M,2026-05-23T01:00Z,2026-05-23T00:45Z,0,1,1,10Y1001C--00090V,AUCTION-aFRR,B74,10YSK-SEPS-----K,EUR,A01,A02,20260523012-AFRR_N-UNIT_097-1,MWH,MAW,A01,A06,2026-05-23T01:00Z,2026-05-23T00:45Z
balancing_energy_bids,28,2026-05-23T00:45:00,PT15M,2026-05-23T01:00Z,2026-05-23T00:45Z,-199,1,1,10Y1001C--00090V,AUCTION-aFRR,B74,10YSK-SEPS-----K,EUR,A01,A02,20260523012-AFRR_N-UNIT_019-1,MWH,MAW,A01,A11,2026-05-23T01:00Z,2026-05-23T00:45Z
balancing_energy_bids,29,2026-05-23T00:45:00,PT15M,2026-05-23T01:00Z,2026-05-23T00:45Z,-19,1,1,10Y1001C--00090V,AUCTION-aFRR,B74,10YSK-SEPS-----K,EUR,A01,A02,20260523012-AFRR_N-UNIT_106-1,MWH,MAW,A01,A06,2026-05-23T01:00Z,2026-05-23T00:45Z
balancing_energy_bids,30,2026-05-23T00:45:00,PT15M,2026-05-23T01:00Z,2026-05-23T00:45Z,-5,1,6,10Y1001C--00090V,AUCTION-aFRR,B74,10YSK-SEPS-----K,EUR,A01,A02,20260523012-AFRR_N-UNIT_123-1,MWH,MAW,A01,A06,2026-05-23T01:00Z,2026-05-23T00:45Z
balancing_energy_bids,31,2026-05-23T00:45:00,PT15M,2026-05-23T01:00Z,2026-05-23T00:45Z,249,1,1,10Y1001C--00090V,AUCTION-aFRR,B74,10YSK-SEPS-----K,EUR,A01,A01,20260523012-AFRR_P-UNIT_019-1,MWH,MAW,A01,A06,2026-05-23T01:00Z,2026-05-23T00:45Z
balancing_energy_bids,32,2026-05-23T01:00:00,PT15M,2026-05-23T01:15Z,2026-05-23T01:00Z,184.31,1,1,10Y1001C--00090V,AUCTION-aFRR,B74,10YSK-SEPS-----K,EUR,A01,A01,20260523013-AFRR_P-UNIT_068-1,MWH,MAW,A01,A11,2026-05-23T01:15Z,2026-05-23T01:00Z
balancing_energy_bids,33,2026-05-23T01:00:00,PT15M,2026-05-23T01:15Z,2026-05-23T01:00Z,140,1,31,10Y1001C--00090V,AUCTION-aFRR,B74,10YSK-SEPS-----K,EUR,A01,A01,20260523013-AFRR_P-UNIT_052-1,MWH,MAW,A01,A06,2026-05-23T01:15Z,2026-05-23T01:00Z
balancing_energy_bids,34,2026-05-23T01:00:00,PT15M,2026-05-23T01:15Z,2026-05-23T01:00Z,500,1,10,10Y1001C--00090V,AUCTION-aFRR,B74,10YSK-SEPS-----K,EUR,A01,A01,20260523013-AFRR_P-UNIT_047-1,MWH,MAW,A01,A06,2026-05-23T01:15Z,2026-05-23T01:00Z
balancing_energy_bids,35,2026-05-23T01:00:00,PT15M,2026-05-23T01:15Z,2026-05-23T01:00Z,350,1,5,10Y1001C--00090V,AUCTION-aFRR,B74,10YSK-SEPS-----K,EUR,A01,A01,20260523013-AFRR_P-UNIT_051-1,MWH,MAW,A01,A06,2026-05-23T01:15Z,2026-05-23T01:00Z
balancing_energy_bids,36,2026-05-23T01:00:00,PT15M,2026-05-23T01:15Z,2026-05-23T01:00Z,135,1,15,10Y1001C--00090V,AUCTION-aFRR,B74,10YSK-SEPS-----K,EUR,A01,A01,20260523013-AFRR_P-UNIT_069-1,MWH,MAW,A01,A06,2026-05-23T01:15Z,2026-05-23T01:00Z
balancing_energy_bids,37,2026-05-23T01:00:00,PT15M,2026-05-23T01:15Z,2026-05-23T01:00Z,184.31,1,5,10Y1001C--00090V,AUCTION-aFRR,B74,10YSK-SEPS-----K,EUR,A01,A01,20260523013-AFRR_P-UNIT_028-1,MWH,MAW,A01,A06,2026-05-23T01:15Z,2026-05-23T01:00Z
balancing_energy_bids,38,2026-05-23T01:00:00,PT15M,2026-05-23T01:15Z,2026-05-23T01:00Z,200,1,1,10Y1001C--00090V,AUCTION-aFRR,B74,10YSK-SEPS-----K,EUR,A01,A01,20260523013-AFRR_P-UNIT_058-1,MWH,MAW,A01,A11,2026-05-23T01:15Z,2026-05-23T01:00Z
balancing_energy_bids,39,2026-05-23T01:00:00,PT15M,2026-05-23T01:15Z,2026-05-23T01:00Z,190.07,1,14,10Y1001C--00090V,AUCTION-aFRR,B74,10YSK-SEPS-----K,EUR,A01,A01,20260523013-AFRR_P-UNIT_008-1,MWH,MAW,A01,A06,2026-05-23T01:15Z,2026-05-23T01:00Z
balancing_energy_bids,40,2026-05-23T01:00:00,PT15M,2026-05-23T01:15Z,2026-05-23T01:00Z,138,1,8,10Y1001C--00090V,AUCTION-aFRR,B74,10YSK-SEPS-----K,EUR,A01,A01,20260523013-AFRR_P-UNIT_062-1,MWH,MAW,A01,A06,2026-05-23T01:15Z,2026-05-23T01:00Z
balancing_energy_bids,41,2026-05-23T01:00:00,PT15M,2026-05-23T01:15Z,2026-05-23T01:00Z,138,1,2,10Y1001C--00090V,AUCTION-aFRR,B74,10YSK-SEPS-----K,EUR,A01,A01,20260523013-AFRR_P-UNIT_043-1,MWH,MAW,A01,A06,2026-05-23T01:15Z,2026-05-23T01:00Z
balancing_energy_bids,42,2026-05-23T01:00:00,PT15M,2026-05-23T01:15Z,2026-05-23T01:00Z,110,1,9,10Y1001C--00090V,AUCTION-aFRR,B74,10YSK-SEPS-----K,EUR,A01,A01,20260523013-AFRR_P-UNIT_063-1,MWH,MAW,A01,A06,2026-05-23T01:15Z,2026-05-23T01:00Z
balancing_energy_bids,43,2026-05-23T01:00:00,PT15M,2026-05-23T01:15Z,2026-05-23T01:00Z,750,1,11,10Y1001C--00090V,AUCTION-aFRR,B74,10YSK-SEPS-----K,EUR,A01,A01,20260523013-AFRR_P-UNIT_104-1,MWH,MAW,A01,A06,2026-05-23T01:15Z,2026-05-23T01:00Z
balancing_energy_bids,44,2026-05-23T01:00:00,PT15M,2026-05-23T01:15Z,2026-05-23T01:00Z,190.07,1,3,10Y1001C--00090V,AUCTION-aFRR,B74,10YSK-SEPS-----K,EUR,A01,A01,20260523013-AFRR_P-UNIT_009-1,MWH,MAW,A01,A06,2026-05-23T01:15Z,2026-05-23T01:00Z
balancing_energy_bids,45,2026-05-23T01:00:00,PT15M,2026-05-23T01:15Z,2026-05-23T01:00Z,300,1,1,10Y1001C--00090V,AUCTION-aFRR,B74,10YSK-SEPS-----K,EUR,A01,A01,20260523013-AFRR_P-UNIT_106-1,MWH,MAW,A01,A11,2026-05-23T01:15Z,2026-05-23T01:00Z
balancing_energy_bids,46,2026-05-23T01:00:00,PT15M,2026-05-23T01:15Z,2026-05-23T01:00Z,189,1,6,10Y1001C--00090V,AUCTION-aFRR,B74,10YSK-SEPS-----K,EUR,A01,A01,20260523013-AFRR_P-UNIT_123-1,MWH,MAW,A01,A06,2026-05-23T01:15Z,2026-05-23T01:00Z
balancing_energy_bids,47,2026-05-23T01:00:00,PT15M,2026-05-23T01:15Z,2026-05-23T01:00Z,-5,1,1,10Y1001C--00090V,AUCTION-aFRR,B74,10YSK-SEPS-----K,EUR,A01,A02,20260523013-AFRR_N-UNIT_068-1,MWH,MAW,A01,A11,2026-05-23T01:15Z,2026-05-23T01:00Z
balancing_energy_bids,48,2026-05-23T01:00:00,PT15M,2026-05-23T01:15Z,2026-05-23T01:00Z,-30,1,7,10Y1001C--00090V,AUCTION-aFRR,B74,10YSK-SEPS-----K,EUR,A01,A02,20260523013-AFRR_N-UNIT_052-1,MWH,MAW,A01,A06,2026-05-23T01:15Z,2026-05-23T01:00Z
balancing_energy_bids,49,2026-05-23T01:00:00,PT15M,2026-05-23T01:15Z,2026-05-23T01:00Z,-144,1,5,10Y1001C--00090V,AUCTION-aFRR,B74,10YSK-SEPS-----K,EUR,A01,A02,20260523013-AFRR_N-UNIT_051-1,MWH,MAW,A01,A06,2026-05-23T01:15Z,2026-05-23T01:00Z
balancing_energy_bids,50,2026-05-23T01:00:00,PT15M,2026-05-23T01:15Z,2026-05-23T01:00Z,-150,1,12,10Y1001C--00090V,AUCTION-aFRR,B74,10YSK-SEPS-----K,EUR,A01,A02,20260523013-AFRR_N-UNIT_069-1,MWH,MAW,A01,A06,2026-05-23T01:15Z,2026-05-23T01:00Z
balancing_energy_bids,51,2026-05-23T01:00:00,PT15M,2026-05-23T01:15Z,2026-05-23T01:00Z,-5,1,5,10Y1001C--00090V,AUCTION-aFRR,B74,10YSK-SEPS-----K,EUR,A01,A02,20260523013-AFRR_N-UNIT_028-1,MWH,MAW,A01,A06,2026-05-23T01:15Z,2026-05-23T01:00Z
balancing_energy_bids,52,2026-05-23T01:00:00,PT15M,2026-05-23T01:15Z,2026-05-23T01:00Z,-50,1,2,10Y1001C--00090V,AUCTION-aFRR,B74,10YSK-SEPS-----K,EUR,A01,A02,20260523013-AFRR_N-UNIT_058-1,MWH,MAW,A01,A06,2026-05-23T01:15Z,2026-05-23T01:00Z
balancing_energy_bids,53,2026-05-23T01:00:00,PT15M,2026-05-23T01:15Z,2026-05-23T01:00Z,-10,1,21,10Y1001C--00090V,AUCTION-aFRR,B74,10YSK-SEPS-----K,EUR,A01,A02,20260523013-AFRR_N-UNIT_013-1,MWH,MAW,A01,A06,2026-05-23T01:15Z,2026-05-23T01:00Z
balancing_energy_bids,54,2026-05-23T01:00:00,PT15M,2026-05-23T01:15Z,2026-05-23T01:00Z,-10,1,30,10Y1001C--00090V,AUCTION-aFRR,B74,10YSK-SEPS-----K,EUR,A01,A02,20260523013-AFRR_N-UNIT_010-1,MWH,MAW,A01,A06,2026-05-23T01:15Z,2026-05-23T01:00Z
balancing_energy_bids,55,2026-05-23T01:00:00,PT15M,2026-05-23T01:15Z,2026-05-23T01:00Z,-29,1,11,10Y1001C--00090V,AUCTION-aFRR,B74,10YSK-SEPS-----K,EUR,A01,A02,20260523013-AFRR_N-UNIT_062-1,MWH,MAW,A01,A06,2026-05-23T01:15Z,2026-05-23T01:00Z
balancing_energy_bids,56,2026-05-23T01:00:00,PT15M,2026-05-23T01:15Z,2026-05-23T01:00Z,10,1,4,10Y1001C--00090V,AUCTION-aFRR,B74,10YSK-SEPS-----K,EUR,A01,A02,20260523013-AFRR_N-UNIT_043-1,MWH,MAW,A01,A06,2026-05-23T01:15Z,2026-05-23T01:00Z
balancing_energy_bids,57,2026-05-23T01:00:00,PT15M,2026-05-23T01:15Z,2026-05-23T01:00Z,-5,1,4,10Y1001C--00090V,AUCTION-aFRR,B74,10YSK-SEPS-----K,EUR,A01,A02,20260523013-AFRR_N-UNIT_104-1,MWH,MAW,A01,A06,2026-05-23T01:15Z,2026-05-23T01:00Z
balancing_energy_bids,58,2026-05-23T01:00:00,PT15M,2026-05-23T01:15Z,2026-05-23T01:00Z,-128.35,1,3,10Y1001C--00090V,AUCTION-aFRR,B74,10YSK-SEPS-----K,EUR,A01,A02,20260523013-AFRR_N-UNIT_089-1,MWH,MAW,A01,A06,2026-05-23T01:15Z,2026-05-23T01:00Z
balancing_energy_bids,59,2026-05-23T01:00:00,PT15M,2026-05-23T01:15Z,2026-05-23T01:00Z,0,1,1,10Y1001C--00090V,AUCTION-aFRR,B74,10YSK-SEPS-----K,EUR,A01,A02,20260523013-AFRR_N-UNIT_097-1,MWH,MAW,A01,A06,2026-05-23T01:15Z,2026-05-23T01:00Z
balancing_energy_bids,60,2026-05-23T01:00:00,PT15M,2026-05-23T01:15Z,2026-05-23T01:00Z,-199,1,1,10Y1001C--00090V,AUCTION-aFRR,B74,10YSK-SEPS-----K,EUR,A01,A02,20260523013-AFRR_N-UNIT_019-1,MWH,MAW,A01,A11,2026-05-23T01:15Z,2026-05-23T01:00Z
balancing_energy_bids,61,2026-05-23T01:00:00,PT15M,2026-05-23T01:15Z,2026-05-23T01:00Z,-19,1,1,10Y1001C--00090V,AUCTION-aFRR,B74,10YSK-SEPS-----K,EUR,A01,A02,20260523013-AFRR_N-UNIT_106-1,MWH,MAW,A01,A06,2026-05-23T01:15Z,2026-05-23T01:00Z
balancing_energy_bids,62,2026-05-23T01:00:00,PT15M,2026-05-23T01:15Z,2026-05-23T01:00Z,-5,1,7,10Y1001C--00090V,AUCTION-aFRR,B74,10YSK-SEPS-----K,EUR,A01,A02,20260523013-AFRR_N-UNIT_123-1,MWH,MAW,A01,A06,2026-05-23T01:15Z,2026-05-23T01:00Z
balancing_energy_bids,63,2026-05-23T01:00:00,PT15M,2026-05-23T01:15Z,2026-05-23T01:00Z,247,1,1,10Y1001C--00090V,AUCTION-aFRR,B74,10YSK-SEPS-----K,EUR,A01,A01,20260523013-AFRR_P-UNIT_019-1,MWH,MAW,A01,A06,2026-05-23T01:15Z,2026-05-23T01:00Z
balancing_energy_bids,64,2026-05-23T01:15:00,PT15M,2026-05-23T01:30Z,2026-05-23T01:15Z,184.66,1,1,10Y1001C--00090V,AUCTION-aFRR,B74,10YSK-SEPS-----K,EUR,A01,A01,20260523014-AFRR_P-UNIT_068-1,MWH,MAW,A01,A11,2026-05-23T01:30Z,2026-05-23T01:15Z
balancing_energy_bids,65,2026-05-23T01:15:00,PT15M,2026-05-23T01:30Z,2026-05-23T01:15Z,140,1,31,10Y1001C--00090V,AUCTION-aFRR,B74,10YSK-SEPS-----K,EUR,A01,A01,20260523014-AFRR_P-UNIT_052-1,MWH,MAW,A01,A06,2026-05-23T01:30Z,2026-05-23T01:15Z
balancing_energy_bids,66,2026-05-23T01:15:00,PT15M,2026-05-23T01:30Z,2026-05-23T01:15Z,500,1,10,10Y1001C--00090V,AUCTION-aFRR,B74,10YSK-SEPS-----K,EUR,A01,A01,20260523014-AFRR_P-UNIT_047-1,MWH,MAW,A01,A06,2026-05-23T01:30Z,2026-05-23T01:15Z
balancing_energy_bids,67,2026-05-23T01:15:00,PT15M,2026-05-23T01:30Z,2026-05-23T01:15Z,350,1,5,10Y1001C--00090V,AUCTION-aFRR,B74,10YSK-SEPS-----K,EUR,A01,A01,20260523014-AFRR_P-UNIT_051-1,MWH,MAW,A01,A06,2026-05-23T01:30Z,2026-05-23T01:15Z
balancing_energy_bids,68,2026-05-23T01:15:00,PT15M,2026-05-23T01:30Z,2026-05-23T01:15Z,135,1,15,10Y1001C--00090V,AUCTION-aFRR,B74,10YSK-SEPS-----K,EUR,A01,A01,20260523014-AFRR_P-UNIT_069-1,MWH,MAW,A01,A06,2026-05-23T01:30Z,2026-05-23T01:15Z
balancing_energy_bids,69,2026-05-23T01:15:00,PT15M,2026-05-23T01:30Z,2026-05-23T01:15Z,184.66,1,5,10Y1001C--00090V,AUCTION-aFRR,B74,10YSK-SEPS-----K,EUR,A01,A01,20260523014-AFRR_P-UNIT_028-1,MWH,MAW,A01,A06,2026-05-23T01:30Z,2026-05-23T01:15Z
balancing_energy_bids,70,2026-05-23T01:15:00,PT15M,2026-05-23T01:30Z,2026-05-23T01:15Z,200,1,1,10Y1001C--00090V,AUCTION-aFRR,B74,10YSK-SEPS-----K,EUR,A01,A01,20260523014-AFRR_P-UNIT_058-1,MWH,MAW,A01,A11,2026-05-23T01:30Z,2026-05-23T01:15Z
balancing_energy_bids,71,2026-05-23T01:15:00,PT15M,2026-05-23T01:30Z,2026-05-23T01:15Z,190.07,1,14,10Y1001C--00090V,AUCTION-aFRR,B74,10YSK-SEPS-----K,EUR,A01,A01,20260523014-AFRR_P-UNIT_008-1,MWH,MAW,A01,A06,2026-05-23T01:30Z,2026-05-23T01:15Z
balancing_energy_bids,72,2026-05-23T01:15:00,PT15M,2026-05-23T01:30Z,2026-05-23T01:15Z,138,1,8,10Y1001C--00090V,AUCTION-aFRR,B74,10YSK-SEPS-----K,EUR,A01,A01,20260523014-AFRR_P-UNIT_062-1,MWH,MAW,A01,A06,2026-05-23T01:30Z,2026-05-23T01:15Z
balancing_energy_bids,73,2026-05-23T01:15:00,PT15M,2026-05-23T01:30Z,2026-05-23T01:15Z,138,1,2,10Y1001C--00090V,AUCTION-aFRR,B74,10YSK-SEPS-----K,EUR,A01,A01,20260523014-AFRR_P-UNIT_043-1,MWH,MAW,A01,A06,2026-05-23T01:30Z,2026-05-23T01:15Z
balancing_energy_bids,74,2026-05-23T01:15:00,PT15M,2026-05-23T01:30Z,2026-05-23T01:15Z,110,1,9,10Y1001C--00090V,AUCTION-aFRR,B74,10YSK-SEPS-----K,EUR,A01,A01,20260523014-AFRR_P-UNIT_063-1,MWH,MAW,A01,A06,2026-05-23T01:30Z,2026-05-23T01:15Z
balancing_energy_bids,75,2026-05-23T01:15:00,PT15M,2026-05-23T01:30Z,2026-05-23T01:15Z,750,1,11,10Y1001C--00090V,AUCTION-aFRR,B74,10YSK-SEPS-----K,EUR,A01,A01,20260523014-AFRR_P-UNIT_104-1,MWH,MAW,A01,A06,2026-05-23T01:30Z,2026-05-23T01:15Z
balancing_energy_bids,76,2026-05-23T01:15:00,PT15M,2026-05-23T01:30Z,2026-05-23T01:15Z,85,1,1,10Y1001C--00090V,AUCTION-aFRR,B74,10YSK-SEPS-----K,EUR,A01,A01,20260523014-AFRR_P-UNIT_097-1,MWH,MAW,A01,A06,2026-05-23T01:30Z,2026-05-23T01:15Z
balancing_energy_bids,77,2026-05-23T01:15:00,PT15M,2026-05-23T01:30Z,2026-05-23T01:15Z,190.07,1,3,10Y1001C--00090V,AUCTION-aFRR,B74,10YSK-SEPS-----K,EUR,A01,A01,20260523014-AFRR_P-UNIT_009-1,MWH,MAW,A01,A06,2026-05-23T01:30Z,2026-05-23T01:15Z
balancing_energy_bids,78,2026-05-23T01:15:00,PT15M,2026-05-23T01:30Z,2026-05-23T01:15Z,300,1,1,10Y1001C--00090V,AUCTION-aFRR,B74,10YSK-SEPS-----K,EUR,A01,A01,20260523014-AFRR_P-UNIT_106-1,MWH,MAW,A01,A11,2026-05-23T01:30Z,2026-05-23T01:15Z
balancing_energy_bids,79,2026-05-23T01:15:00,PT15M,2026-05-23T01:30Z,2026-05-23T01:15Z,189,1,6,10Y1001C--00090V,AUCTION-aFRR,B74,10YSK-SEPS-----K,EUR,A01,A01,20260523014-AFRR_P-UNIT_123-1,MWH,MAW,A01,A06,2026-05-23T01:30Z,2026-05-23T01:15Z
balancing_energy_bids,80,2026-05-23T01:15:00,PT15M,2026-05-23T01:30Z,2026-05-23T01:15Z,-5,1,1,10Y1001C--00090V,AUCTION-aFRR,B74,10YSK-SEPS-----K,EUR,A01,A02,20260523014-AFRR_N-UNIT_068-1,MWH,MAW,A01,A11,2026-05-23T01:30Z,2026-05-23T01:15Z
balancing_energy_bids,81,2026-05-23T01:15:00,PT15M,2026-05-23T01:30Z,2026-05-23T01:15Z,-30,1,7,10Y1001C--00090V,AUCTION-aFRR,B74,10YSK-SEPS-----K,EUR,A01,A02,20260523014-AFRR_N-UNIT_052-1,MWH,MAW,A01,A06,2026-05-23T01:30Z,2026-05-23T01:15Z
balancing_energy_bids,82,2026-05-23T01:15:00,PT15M,2026-05-23T01:30Z,2026-05-23T01:15Z,-144,1,5,10Y1001C--00090V,AUCTION-aFRR,B74,10YSK-SEPS-----K,EUR,A01,A02,20260523014-AFRR_N-UNIT_051-1,MWH,MAW,A01,A06,2026-05-23T01:30Z,2026-05-23T01:15Z
balancing_energy_bids,83,2026-05-23T01:15:00,PT15M,2026-05-23T01:30Z,2026-05-23T01:15Z,-150,1,12,10Y1001C--00090V,AUCTION-aFRR,B74,10YSK-SEPS-----K,EUR,A01,A02,20260523014-AFRR_N-UNIT_069-1,MWH,MAW,A01,A06,2026-05-23T01:30Z,2026-05-23T01:15Z
balancing_energy_bids,84,2026-05-23T01:15:00,PT15M,2026-05-23T01:30Z,2026-05-23T01:15Z,-5,1,5,10Y1001C--00090V,AUCTION-aFRR,B74,10YSK-SEPS-----K,EUR,A01,A02,20260523014-AFRR_N-UNIT_028-1,MWH,MAW,A01,A06,2026-05-23T01:30Z,2026-05-23T01:15Z
balancing_energy_bids,85,2026-05-23T01:15:00,PT15M,2026-05-23T01:30Z,2026-05-23T01:15Z,-50,1,2,10Y1001C--00090V,AUCTION-aFRR,B74,10YSK-SEPS-----K,EUR,A01,A02,20260523014-AFRR_N-UNIT_058-1,MWH,MAW,A01,A06,2026-05-23T01:30Z,2026-05-23T01:15Z
balancing_energy_bids,86,2026-05-23T01:15:00,PT15M,2026-05-23T01:30Z,2026-05-23T01:15Z,-10,1,21,10Y1001C--00090V,AUCTION-aFRR,B74,10YSK-SEPS-----K,EUR,A01,A02,20260523014-AFRR_N-UNIT_013-1,MWH,MAW,A01,A06,2026-05-23T01:30Z,2026-05-23T01:15Z
balancing_energy_bids,87,2026-05-23T01:15:00,PT15M,2026-05-23T01:30Z,2026-05-23T01:15Z,-10,1,30,10Y1001C--00090V,AUCTION-aFRR,B74,10YSK-SEPS-----K,EUR,A01,A02,20260523014-AFRR_N-UNIT_010-1,MWH,MAW,A01,A06,2026-05-23T01:30Z,2026-05-23T01:15Z
balancing_energy_bids,88,2026-05-23T01:15:00,PT15M,2026-05-23T01:30Z,2026-05-23T01:15Z,-29,1,11,10Y1001C--00090V,AUCTION-aFRR,B74,10YSK-SEPS-----K,EUR,A01,A02,20260523014-AFRR_N-UNIT_062-1,MWH,MAW,A01,A06,2026-05-23T01:30Z,2026-05-23T01:15Z
balancing_energy_bids,89,2026-05-23T01:15:00,PT15M,2026-05-23T01:30Z,2026-05-23T01:15Z,10,1,4,10Y1001C--00090V,AUCTION-aFRR,B74,10YSK-SEPS-----K,EUR,A01,A02,20260523014-AFRR_N-UNIT_043-1,MWH,MAW,A01,A06,2026-05-23T01:30Z,2026-05-23T01:15Z
balancing_energy_bids,90,2026-05-23T01:15:00,PT15M,2026-05-23T01:30Z,2026-05-23T01:15Z,-5,1,4,10Y1001C--00090V,AUCTION-aFRR,B74,10YSK-SEPS-----K,EUR,A01,A02,20260523014-AFRR_N-UNIT_104-1,MWH,MAW,A01,A06,2026-05-23T01:30Z,2026-05-23T01:15Z
balancing_energy_bids,91,2026-05-23T01:15:00,PT15M,2026-05-23T01:30Z,2026-05-23T01:15Z,-128.1,1,3,10Y1001C--00090V,AUCTION-aFRR,B74,10YSK-SEPS-----K,EUR,A01,A02,20260523014-AFRR_N-UNIT_089-1,MWH,MAW,A01,A06,2026-05-23T01:30Z,2026-05-23T01:15Z
balancing_energy_bids,92,2026-05-23T01:15:00,PT15M,2026-05-23T01:30Z,2026-05-23T01:15Z,0,1,2,10Y1001C--00090V,AUCTION-aFRR,B74,10YSK-SEPS-----K,EUR,A01,A02,20260523014-AFRR_N-UNIT_097-1,MWH,MAW,A01,A06,2026-05-23T01:30Z,2026-05-23T01:15Z
balancing_energy_bids,93,2026-05-23T01:15:00,PT15M,2026-05-23T01:30Z,2026-05-23T01:15Z,-199,1,1,10Y1001C--00090V,AUCTION-aFRR,B74,10YSK-SEPS-----K,EUR,A01,A02,20260523014-AFRR_N-UNIT_019-1,MWH,MAW,A01,A11,2026-05-23T01:30Z,2026-05-23T01:15Z
balancing_energy_bids,94,2026-05-23T01:15:00,PT15M,2026-05-23T01:30Z,2026-05-23T01:15Z,-19,1,1,10Y1001C--00090V,AUCTION-aFRR,B74,10YSK-SEPS-----K,EUR,A01,A02,20260523014-AFRR_N-UNIT_106-1,MWH,MAW,A01,A06,2026-05-23T01:30Z,2026-05-23T01:15Z
balancing_energy_bids,95,2026-05-23T01:15:00,PT15M,2026-05-23T01:30Z,2026-05-23T01:15Z,-5,1,7,10Y1001C--00090V,AUCTION-aFRR,B74,10YSK-SEPS-----K,EUR,A01,A02,20260523014-AFRR_N-UNIT_123-1,MWH,MAW,A01,A06,2026-05-23T01:30Z,2026-05-23T01:15Z
balancing_energy_bids,96,2026-05-23T01:15:00,PT15M,2026-05-23T01:30Z,2026-05-23T01:15Z,247,1,1,10Y1001C--00090V,AUCTION-aFRR,B74,10YSK-SEPS-----K,EUR,A01,A01,20260523014-AFRR_P-UNIT_019-1,MWH,MAW,A01,A06,2026-05-23T01:30Z,2026-05-23T01:15Z
balancing_energy_bids,97,2026-05-23T01:30:00,PT15M,2026-05-23T01:45Z,2026-05-23T01:30Z,254,1,1,10Y1001C--00090V,AUCTION-aFRR,B74,10YSK-SEPS-----K,EUR,A01,A01,20260523015-AFRR_P-UNIT_019-1,MWH,MAW,A01,A06,2026-05-23T01:45Z,2026-05-23T01:30Z
balancing_energy_bids,98,2026-05-23T01:30:00,PT15M,2026-05-23T01:45Z,2026-05-23T01:30Z,184.61,1,1,10Y1001C--00090V,AUCTION-aFRR,B74,10YSK-SEPS-----K,EUR,A01,A01,20260523015-AFRR_P-UNIT_068-1,MWH,MAW,A01,A11,2026-05-23T01:45Z,2026-05-23T01:30Z
balancing_energy_bids,99,2026-05-23T01:30:00,PT15M,2026-05-23T01:45Z,2026-05-23T01:30Z,140,1,31,10Y1001C--00090V,AUCTION-aFRR,B74,10YSK-SEPS-----K,EUR,A01,A01,20260523015-AFRR_P-UNIT_052-1,MWH,MAW,A01,A06,2026-05-23T01:45Z,2026-05-23T01:30Z
balancing_energy_bids,100,2026-05-23T01:30:00,PT15M,2026-05-23T01:45Z,2026-05-23T01:30Z,500,1,10,10Y1001C--00090V,AUCTION-aFRR,B74,10YSK-SEPS-----K,EUR,A01,A01,20260523015-AFRR_P-UNIT_047-1,MWH,MAW,A01,A06,2026-05-23T01:45Z,2026-05-23T01:30Z
balancing_energy_bids,1,2026-05-23T01:30:00,PT15M,2026-05-23T01:45Z,2026-05-23T01:30Z,350,1,5,10Y1001C--00090V,AUCTION-aFRR,B74,10YSK-SEPS-----K,EUR,A01,A01,20260523015-AFRR_P-UNIT_051-1,MWH,MAW,A01,A06,2026-05-23T01:45Z,2026-05-23T01:30Z
balancing_energy_bids,2,2026-05-23T01:30:00,PT15M,2026-05-23T01:45Z,2026-05-23T01:30Z,135,1,15,10Y1001C--00090V,AUCTION-aFRR,B74,10YSK-SEPS-----K,EUR,A01,A01,20260523015-AFRR_P-UNIT_069-1,MWH,MAW,A01,A06,2026-05-23T01:45Z,2026-05-23T01:30Z
balancing_energy_bids,3,2026-05-23T01:30:00,PT15M,2026-05-23T01:45Z,2026-05-23T01:30Z,184.61,1,5,10Y1001C--00090V,AUCTION-aFRR,B74,10YSK-SEPS-----K,EUR,A01,A01,20260523015-AFRR_P-UNIT_028-1,MWH,MAW,A01,A06,2026-05-23T01:45Z,2026-05-23T01:30Z
balancing_energy_bids,4,2026-05-23T01:30:00,PT15M,2026-05-23T01:45Z,2026-05-23T01:30Z,200,1,1,10Y1001C--00090V,AUCTION-aFRR,B74,10YSK-SEPS-----K,EUR,A01,A01,20260523015-AFRR_P-UNIT_058-1,MWH,MAW,A01,A11,2026-05-23T01:45Z,2026-05-23T01:30Z
balancing_energy_bids,5,2026-05-23T01:30:00,PT15M,2026-05-23T01:45Z,2026-05-23T01:30Z,190.07,1,14,10Y1001C--00090V,AUCTION-aFRR,B74,10YSK-SEPS-----K,EUR,A01,A01,20260523015-AFRR_P-UNIT_008-1,MWH,MAW,A01,A06,2026-05-23T01:45Z,2026-05-23T01:30Z
balancing_energy_bids,6,2026-05-23T01:30:00,PT15M,2026-05-23T01:45Z,2026-05-23T01:30Z,138,1,8,10Y1001C--00090V,AUCTION-aFRR,B74,10YSK-SEPS-----K,EUR,A01,A01,20260523015-AFRR_P-UNIT_062-1,MWH,MAW,A01,A06,2026-05-23T01:45Z,2026-05-23T01:30Z
balancing_energy_bids,7,2026-05-23T01:30:00,PT15M,2026-05-23T01:45Z,2026-05-23T01:30Z,138,1,2,10Y1001C--00090V,AUCTION-aFRR,B74,10YSK-SEPS-----K,EUR,A01,A01,20260523015-AFRR_P-UNIT_043-1,MWH,MAW,A01,A06,2026-05-23T01:45Z,2026-05-23T01:30Z
balancing_energy_bids,8,2026-05-23T01:30:00,PT15M,2026-05-23T01:45Z,2026-05-23T01:30Z,110,1,9,10Y1001C--00090V,AUCTION-aFRR,B74,10YSK-SEPS-----K,EUR,A01,A01,20260523015-AFRR_P-UNIT_063-1,MWH,MAW,A01,A06,2026-05-23T01:45Z,2026-05-23T01:30Z
balancing_energy_bids,9,2026-05-23T01:30:00,PT15M,2026-05-23T01:45Z,2026-05-23T01:30Z,750,1,11,10Y1001C--00090V,AUCTION-aFRR,B74,10YSK-SEPS-----K,EUR,A01,A01,20260523015-AFRR_P-UNIT_104-1,MWH,MAW,A01,A06,2026-05-23T01:45Z,2026-05-23T01:30Z
balancing_energy_bids,10,2026-05-23T01:30:00,PT15M,2026-05-23T01:45Z,2026-05-23T01:30Z,85,1,1,10Y1001C--00090V,AUCTION-aFRR,B74,10YSK-SEPS-----K,EUR,A01,A01,20260523015-AFRR_P-UNIT_097-1,MWH,MAW,A01,A06,2026-05-23T01:45Z,2026-05-23T01:30Z
balancing_energy_bids,11,2026-05-23T01:30:00,PT15M,2026-05-23T01:45Z,2026-05-23T01:30Z,190.07,1,3,10Y1001C--00090V,AUCTION-aFRR,B74,10YSK-SEPS-----K,EUR,A01,A01,20260523015-AFRR_P-UNIT_009-1,MWH,MAW,A01,A06,2026-05-23T01:45Z,2026-05-23T01:30Z
balancing_energy_bids,12,2026-05-23T01:30:00,PT15M,2026-05-23T01:45Z,2026-05-23T01:30Z,300,1,1,10Y1001C--00090V,AUCTION-aFRR,B74,10YSK-SEPS-----K,EUR,A01,A01,20260523015-AFRR_P-UNIT_106-1,MWH,MAW,A01,A11,2026-05-23T01:45Z,2026-05-23T01:30Z
balancing_energy_bids,13,2026-05-23T01:30:00,PT15M,2026-05-23T01:45Z,2026-05-23T01:30Z,189,1,6,10Y1001C--00090V,AUCTION-aFRR,B74,10YSK-SEPS-----K,EUR,A01,A01,20260523015-AFRR_P-UNIT_123-1,MWH,MAW,A01,A06,2026-05-23T01:45Z,2026-05-23T01:30Z
balancing_energy_bids,14,2026-05-23T01:30:00,PT15M,2026-05-23T01:45Z,2026-05-23T01:30Z,-5,1,1,10Y1001C--00090V,AUCTION-aFRR,B74,10YSK-SEPS-----K,EUR,A01,A02,20260523015-AFRR_N-UNIT_068-1,MWH,MAW,A01,A11,2026-05-23T01:45Z,2026-05-23T01:30Z
balancing_energy_bids,15,2026-05-23T01:30:00,PT15M,2026-05-23T01:45Z,2026-05-23T01:30Z,-30,1,7,10Y1001C--00090V,AUCTION-aFRR,B74,10YSK-SEPS-----K,EUR,A01,A02,20260523015-AFRR_N-UNIT_052-1,MWH,MAW,A01,A06,2026-05-23T01:45Z,2026-05-23T01:30Z
balancing_energy_bids,16,2026-05-23T01:30:00,PT15M,2026-05-23T01:45Z,2026-05-23T01:30Z,-144,1,5,10Y1001C--00090V,AUCTION-aFRR,B74,10YSK-SEPS-----K,EUR,A01,A02,20260523015-AFRR_N-UNIT_051-1,MWH,MAW,A01,A06,2026-05-23T01:45Z,2026-05-23T01:30Z
balancing_energy_bids,17,2026-05-23T01:30:00,PT15M,2026-05-23T01:45Z,2026-05-23T01:30Z,-150,1,12,10Y1001C--00090V,AUCTION-aFRR,B74,10YSK-SEPS-----K,EUR,A01,A02,20260523015-AFRR_N-UNIT_069-1,MWH,MAW,A01,A06,2026-05-23T01:45Z,2026-05-23T01:30Z
balancing_energy_bids,18,2026-05-23T01:30:00,PT15M,2026-05-23T01:45Z,2026-05-23T01:30Z,-5,1,5,10Y1001C--00090V,AUCTION-aFRR,B74,10YSK-SEPS-----K,EUR,A01,A02,20260523015-AFRR_N-UNIT_028-1,MWH,MAW,A01,A06,2026-05-23T01:45Z,2026-05-23T01:30Z
balancing_energy_bids,19,2026-05-23T01:30:00,PT15M,2026-05-23T01:45Z,2026-05-23T01:30Z,-50,1,2,10Y1001C--00090V,AUCTION-aFRR,B74,10YSK-SEPS-----K,EUR,A01,A02,20260523015-AFRR_N-UNIT_058-1,MWH,MAW,A01,A06,2026-05-23T01:45Z,2026-05-23T01:30Z
balancing_energy_bids,20,2026-05-23T01:30:00,PT15M,2026-05-23T01:45Z,2026-05-23T01:30Z,-10,1,21,10Y1001C--00090V,AUCTION-aFRR,B74,10YSK-SEPS-----K,EUR,A01,A02,20260523015-AFRR_N-UNIT_013-1,MWH,MAW,A01,A06,2026-05-23T01:45Z,2026-05-23T01:30Z
balancing_energy_bids,21,2026-05-23T01:30:00,PT15M,2026-05-23T01:45Z,2026-05-23T01:30Z,-10,1,30,10Y1001C--00090V,AUCTION-aFRR,B74,10YSK-SEPS-----K,EUR,A01,A02,20260523015-AFRR_N-UNIT_010-1,MWH,MAW,A01,A06,2026-05-23T01:45Z,2026-05-23T01:30Z
balancing_energy_bids,22,2026-05-23T01:30:00,PT15M,2026-05-23T01:45Z,2026-05-23T01:30Z,-29,1,11,10Y1001C--00090V,AUCTION-aFRR,B74,10YSK-SEPS-----K,EUR,A01,A02,20260523015-AFRR_N-UNIT_062-1,MWH,MAW,A01,A06,2026-05-23T01:45Z,2026-05-23T01:30Z
balancing_energy_bids,23,2026-05-23T01:30:00,PT15M,2026-05-23T01:45Z,2026-05-23T01:30Z,10,1,4,10Y1001C--00090V,AUCTION-aFRR,B74,10YSK-SEPS-----K,EUR,A01,A02,20260523015-AFRR_N-UNIT_043-1,MWH,MAW,A01,A06,2026-05-23T01:45Z,2026-05-23T01:30Z
balancing_energy_bids,24,2026-05-23T01:30:00,PT15M,2026-05-23T01:45Z,2026-05-23T01:30Z,-5,1,4,10Y1001C--00090V,AUCTION-aFRR,B74,10YSK-SEPS-----K,EUR,A01,A02,20260523015-AFRR_N-UNIT_104-1,MWH,MAW,A01,A06,2026-05-23T01:45Z,2026-05-23T01:30Z
balancing_energy_bids,25,2026-05-23T01:30:00,PT15M,2026-05-23T01:45Z,2026-05-23T01:30Z,-128.13,1,3,10Y1001C--00090V,AUCTION-aFRR,B74,10YSK-SEPS-----K,EUR,A01,A02,20260523015-AFRR_N-UNIT_089-1,MWH,MAW,A01,A06,2026-05-23T01:45Z,2026-05-23T01:30Z
balancing_energy_bids,26,2026-05-23T01:30:00,PT15M,2026-05-23T01:45Z,2026-05-23T01:30Z,0,1,2,10Y1001C--00090V,AUCTION-aFRR,B74,10YSK-SEPS-----K,EUR,A01,A02,20260523015-AFRR_N-UNIT_097-1,MWH,MAW,A01,A06,2026-05-23T01:45Z,2026-05-23T01:30Z
balancing_energy_bids,27,2026-05-23T01:30:00,PT15M,2026-05-23T01:45Z,2026-05-23T01:30Z,-199,1,1,10Y1001C--00090V,AUCTION-aFRR,B74,10YSK-SEPS-----K,EUR,A01,A02,20260523015-AFRR_N-UNIT_019-1,MWH,MAW,A01,A11,2026-05-23T01:45Z,2026-05-23T01:30Z
balancing_energy_bids,28,2026-05-23T01:30:00,PT15M,2026-05-23T01:45Z,2026-05-23T01:30Z,-19,1,1,10Y1001C--00090V,AUCTION-aFRR,B74,10YSK-SEPS-----K,EUR,A01,A02,20260523015-AFRR_N-UNIT_106-1,MWH,MAW,A01,A06,2026-05-23T01:45Z,2026-05-23T01:30Z
balancing_energy_bids,29,2026-05-23T01:30:00,PT15M,2026-05-23T01:45Z,2026-05-23T01:30Z,-5,1,7,10Y1001C--00090V,AUCTION-aFRR,B74,10YSK-SEPS-----K,EUR,A01,A02,20260523015-AFRR_N-UNIT_123-1,MWH,MAW,A01,A06,2026-05-23T01:45Z,2026-05-23T01:30Z
balancing_energy_bids,30,2026-05-23T01:45:00,PT15M,2026-05-23T02:00Z,2026-05-23T01:45Z,245,1,1,10Y1001C--00090V,AUCTION-aFRR,B74,10YSK-SEPS-----K,EUR,A01,A01,20260523016-AFRR_P-UNIT_019-1,MWH,MAW,A01,A06,2026-05-23T02:00Z,2026-05-23T01:45Z
balancing_energy_bids,31,2026-05-23T01:45:00,PT15M,2026-05-23T02:00Z,2026-05-23T01:45Z,178.09,1,1,10Y1001C--00090V,AUCTION-aFRR,B74,10YSK-SEPS-----K,EUR,A01,A01,20260523016-AFRR_P-UNIT_068-1,MWH,MAW,A01,A11,2026-05-23T02:00Z,2026-05-23T01:45Z
balancing_energy_bids,32,2026-05-23T01:45:00,PT15M,2026-05-23T02:00Z,2026-05-23T01:45Z,140,1,31,10Y1001C--00090V,AUCTION-aFRR,B74,10YSK-SEPS-----K,EUR,A01,A01,20260523016-AFRR_P-UNIT_052-1,MWH,MAW,A01,A06,2026-05-23T02:00Z,2026-05-23T01:45Z
balancing_energy_bids,33,2026-05-23T01:45:00,PT15M,2026-05-23T02:00Z,2026-05-23T01:45Z,500,1,10,10Y1001C--00090V,AUCTION-aFRR,B74,10YSK-SEPS-----K,EUR,A01,A01,20260523016-AFRR_P-UNIT_047-1,MWH,MAW,A01,A06,2026-05-23T02:00Z,2026-05-23T01:45Z
balancing_energy_bids,34,2026-05-23T01:45:00,PT15M,2026-05-23T02:00Z,2026-05-23T01:45Z,350,1,5,10Y1001C--00090V,AUCTION-aFRR,B74,10YSK-SEPS-----K,EUR,A01,A01,20260523016-AFRR_P-UNIT_051-1,MWH,MAW,A01,A06,2026-05-23T02:00Z,2026-05-23T01:45Z
balancing_energy_bids,35,2026-05-23T01:45:00,PT15M,2026-05-23T02:00Z,2026-05-23T01:45Z,135,1,15,10Y1001C--00090V,AUCTION-aFRR,B74,10YSK-SEPS-----K,EUR,A01,A01,20260523016-AFRR_P-UNIT_069-1,MWH,MAW,A01,A06,2026-05-23T02:00Z,2026-05-23T01:45Z
balancing_energy_bids,36,2026-05-23T01:45:00,PT15M,2026-05-23T02:00Z,2026-05-23T01:45Z,178.09,1,5,10Y1001C--00090V,AUCTION-aFRR,B74,10YSK-SEPS-----K,EUR,A01,A01,20260523016-AFRR_P-UNIT_028-1,MWH,MAW,A01,A06,2026-05-23T02:00Z,2026-05-23T01:45Z
balancing_energy_bids,37,2026-05-23T01:45:00,PT15M,2026-05-23T02:00Z,2026-05-23T01:45Z,200,1,1,10Y1001C--00090V,AUCTION-aFRR,B74,10YSK-SEPS-----K,EUR,A01,A01,20260523016-AFRR_P-UNIT_058-1,MWH,MAW,A01,A11,2026-05-23T02:00Z,2026-05-23T01:45Z
balancing_energy_bids,38,2026-05-23T01:45:00,PT15M,2026-05-23T02:00Z,2026-05-23T01:45Z,190.07,1,14,10Y1001C--00090V,AUCTION-aFRR,B74,10YSK-SEPS-----K,EUR,A01,A01,20260523016-AFRR_P-UNIT_008-1,MWH,MAW,A01,A06,2026-05-23T02:00Z,2026-05-23T01:45Z
balancing_energy_bids,39,2026-05-23T01:45:00,PT15M,2026-05-23T02:00Z,2026-05-23T01:45Z,134,1,8,10Y1001C--00090V,AUCTION-aFRR,B74,10YSK-SEPS-----K,EUR,A01,A01,20260523016-AFRR_P-UNIT_062-1,MWH,MAW,A01,A06,2026-05-23T02:00Z,2026-05-23T01:45Z
balancing_energy_bids,40,2026-05-23T01:45:00,PT15M,2026-05-23T02:00Z,2026-05-23T01:45Z,134,1,2,10Y1001C--00090V,AUCTION-aFRR,B74,10YSK-SEPS-----K,EUR,A01,A01,20260523016-AFRR_P-UNIT_043-1,MWH,MAW,A01,A06,2026-05-23T02:00Z,2026-05-23T01:45Z
balancing_energy_bids,41,2026-05-23T01:45:00,PT15M,2026-05-23T02:00Z,2026-05-23T01:45Z,110,1,9,10Y1001C--00090V,AUCTION-aFRR,B74,10YSK-SEPS-----K,EUR,A01,A01,20260523016-AFRR_P-UNIT_063-1,MWH,MAW,A01,A06,2026-05-23T02:00Z,2026-05-23T01:45Z
balancing_energy_bids,42,2026-05-23T01:45:00,PT15M,2026-05-23T02:00Z,2026-05-23T01:45Z,750,1,11,10Y1001C--00090V,AUCTION-aFRR,B74,10YSK-SEPS-----K,EUR,A01,A01,20260523016-AFRR_P-UNIT_104-1,MWH,MAW,A01,A06,2026-05-23T02:00Z,2026-05-23T01:45Z
balancing_energy_bids,43,2026-05-23T01:45:00,PT15M,2026-05-23T02:00Z,2026-05-23T01:45Z,85,1,1,10Y1001C--00090V,AUCTION-aFRR,B74,10YSK-SEPS-----K,EUR,A01,A01,20260523016-AFRR_P-UNIT_097-1,MWH,MAW,A01,A06,2026-05-23T02:00Z,2026-05-23T01:45Z
balancing_energy_bids,44,2026-05-23T01:45:00,PT15M,2026-05-23T02:00Z,2026-05-23T01:45Z,190.07,1,3,10Y1001C--00090V,AUCTION-aFRR,B74,10YSK-SEPS-----K,EUR,A01,A01,20260523016-AFRR_P-UNIT_009-1,MWH,MAW,A01,A06,2026-05-23T02:00Z,2026-05-23T01:45Z
balancing_energy_bids,45,2026-05-23T01:45:00,PT15M,2026-05-23T02:00Z,2026-05-23T01:45Z,300,1,1,10Y1001C--00090V,AUCTION-aFRR,B74,10YSK-SEPS-----K,EUR,A01,A01,20260523016-AFRR_P-UNIT_106-1,MWH,MAW,A01,A11,2026-05-23T02:00Z,2026-05-23T01:45Z
balancing_energy_bids,46,2026-05-23T01:45:00,PT15M,2026-05-23T02:00Z,2026-05-23T01:45Z,189,1,6,10Y1001C--00090V,AUCTION-aFRR,B74,10YSK-SEPS-----K,EUR,A01,A01,20260523016-AFRR_P-UNIT_123-1,MWH,MAW,A01,A06,2026-05-23T02:00Z,2026-05-23T01:45Z
balancing_energy_bids,47,2026-05-23T01:45:00,PT15M,2026-05-23T02:00Z,2026-05-23T01:45Z,-5,1,1,10Y1001C--00090V,AUCTION-aFRR,B74,10YSK-SEPS-----K,EUR,A01,A02,20260523016-AFRR_N-UNIT_068-1,MWH,MAW,A01,A11,2026-05-23T02:00Z,2026-05-23T01:45Z
balancing_energy_bids,48,2026-05-23T01:45:00,PT15M,2026-05-23T02:00Z,2026-05-23T01:45Z,-30,1,7,10Y1001C--00090V,AUCTION-aFRR,B74,10YSK-SEPS-----K,EUR,A01,A02,20260523016-AFRR_N-UNIT_052-1,MWH,MAW,A01,A06,2026-05-23T02:00Z,2026-05-23T01:45Z
balancing_energy_bids,49,2026-05-23T01:45:00,PT15M,2026-05-23T02:00Z,2026-05-23T01:45Z,-144,1,5,10Y1001C--00090V,AUCTION-aFRR,B74,10YSK-SEPS-----K,EUR,A01,A02,20260523016-AFRR_N-UNIT_051-1,MWH,MAW,A01,A06,2026-05-23T02:00Z,2026-05-23T01:45Z
balancing_energy_bids,50,2026-05-23T01:45:00,PT15M,2026-05-23T02:00Z,2026-05-23T01:45Z,-150,1,12,10Y1001C--00090V,AUCTION-aFRR,B74,10YSK-SEPS-----K,EUR,A01,A02,20260523016-AFRR_N-UNIT_069-1,MWH,MAW,A01,A06,2026-05-23T02:00Z,2026-05-23T01:45Z
balancing_energy_bids,51,2026-05-23T01:45:00,PT15M,2026-05-23T02:00Z,2026-05-23T01:45Z,-5,1,5,10Y1001C--00090V,AUCTION-aFRR,B74,10YSK-SEPS-----K,EUR,A01,A02,20260523016-AFRR_N-UNIT_028-1,MWH,MAW,A01,A06,2026-05-23T02:00Z,2026-05-23T01:45Z
balancing_energy_bids,52,2026-05-23T01:45:00,PT15M,2026-05-23T02:00Z,2026-05-23T01:45Z,-50,1,2,10Y1001C--00090V,AUCTION-aFRR,B74,10YSK-SEPS-----K,EUR,A01,A02,20260523016-AFRR_N-UNIT_058-1,MWH,MAW,A01,A06,2026-05-23T02:00Z,2026-05-23T01:45Z
balancing_energy_bids,53,2026-05-23T01:45:00,PT15M,2026-05-23T02:00Z,2026-05-23T01:45Z,-10,1,21,10Y1001C--00090V,AUCTION-aFRR,B74,10YSK-SEPS-----K,EUR,A01,A02,20260523016-AFRR_N-UNIT_013-1,MWH,MAW,A01,A06,2026-05-23T02:00Z,2026-05-23T01:45Z
balancing_energy_bids,54,2026-05-23T01:45:00,PT15M,2026-05-23T02:00Z,2026-05-23T01:45Z,-10,1,30,10Y1001C--00090V,AUCTION-aFRR,B74,10YSK-SEPS-----K,EUR,A01,A02,20260523016-AFRR_N-UNIT_010-1,MWH,MAW,A01,A06,2026-05-23T02:00Z,2026-05-23T01:45Z
balancing_energy_bids,55,2026-05-23T01:45:00,PT15M,2026-05-23T02:00Z,2026-05-23T01:45Z,-29,1,11,10Y1001C--00090V,AUCTION-aFRR,B74,10YSK-SEPS-----K,EUR,A01,A02,20260523016-AFRR_N-UNIT_062-1,MWH,MAW,A01,A06,2026-05-23T02:00Z,2026-05-23T01:45Z
balancing_energy_bids,56,2026-05-23T01:45:00,PT15M,2026-05-23T02:00Z,2026-05-23T01:45Z,10,1,4,10Y1001C--00090V,AUCTION-aFRR,B74,10YSK-SEPS-----K,EUR,A01,A02,20260523016-AFRR_N-UNIT_043-1,MWH,MAW,A01,A06,2026-05-23T02:00Z,2026-05-23T01:45Z
balancing_energy_bids,57,2026-05-23T01:45:00,PT15M,2026-05-23T02:00Z,2026-05-23T01:45Z,-5,1,4,10Y1001C--00090V,AUCTION-aFRR,B74,10YSK-SEPS-----K,EUR,A01,A02,20260523016-AFRR_N-UNIT_104-1,MWH,MAW,A01,A06,2026-05-23T02:00Z,2026-05-23T01:45Z
balancing_energy_bids,58,2026-05-23T01:45:00,PT15M,2026-05-23T02:00Z,2026-05-23T01:45Z,-132.79,1,3,10Y1001C--00090V,AUCTION-aFRR,B74,10YSK-SEPS-----K,EUR,A01,A02,20260523016-AFRR_N-UNIT_089-1,MWH,MAW,A01,A06,2026-05-23T02:00Z,2026-05-23T01:45Z
balancing_energy_bids,59,2026-05-23T01:45:00,PT15M,2026-05-23T02:00Z,2026-05-23T01:45Z,0,1,2,10Y1001C--00090V,AUCTION-aFRR,B74,10YSK-SEPS-----K,EUR,A01,A02,20260523016-AFRR_N-UNIT_097-1,MWH,MAW,A01,A06,2026-05-23T02:00Z,2026-05-23T01:45Z
balancing_energy_bids,60,2026-05-23T01:45:00,PT15M,2026-05-23T02:00Z,2026-05-23T01:45Z,-199,1,1,10Y1001C--00090V,AUCTION-aFRR,B74,10YSK-SEPS-----K,EUR,A01,A02,20260523016-AFRR_N-UNIT_019-1,MWH,MAW,A01,A11,2026-05-23T02:00Z,2026-05-23T01:45Z
balancing_energy_bids,61,2026-05-23T01:45:00,PT15M,2026-05-23T02:00Z,2026-05-23T01:45Z,-19,1,1,10Y1001C--00090V,AUCTION-aFRR,B74,10YSK-SEPS-----K,EUR,A01,A02,20260523016-AFRR_N-UNIT_106-1,MWH,MAW,A01,A06,2026-05-23T02:00Z,2026-05-23T01:45Z
balancing_energy_bids,62,2026-05-23T01:45:00,PT15M,2026-05-23T02:00Z,2026-05-23T01:45Z,-5,1,7,10Y1001C--00090V,AUCTION-aFRR,B74,10YSK-SEPS-----K,EUR,A01,A02,20260523016-AFRR_N-UNIT_123-1,MWH,MAW,A01,A06,2026-05-23T02:00Z,2026-05-23T01:45Z
balancing_energy_bids,63,2026-05-23T02:00:00,PT15M,2026-05-23T02:15Z,2026-05-23T02:00Z,242,1,1,10Y1001C--00090V,AUCTION-aFRR,B74,10YSK-SEPS-----K,EUR,A01,A01,20260523017-AFRR_P-UNIT_019-1,MWH,MAW,A01,A06,2026-05-23T02:15Z,2026-05-23T02:00Z
balancing_energy_bids,64,2026-05-23T02:00:00,PT15M,2026-05-23T02:15Z,2026-05-23T02:00Z,177.11,1,1,10Y1001C--00090V,AUCTION-aFRR,B74,10YSK-SEPS-----K,EUR,A01,A01,20260523017-AFRR_P-UNIT_068-1,MWH,MAW,A01,A11,2026-05-23T02:15Z,2026-05-23T02:00Z
balancing_energy_bids,65,2026-05-23T02:00:00,PT15M,2026-05-23T02:15Z,2026-05-23T02:00Z,140,1,31,10Y1001C--00090V,AUCTION-aFRR,B74,10YSK-SEPS-----K,EUR,A01,A01,20260523017-AFRR_P-UNIT_052-1,MWH,MAW,A01,A06,2026-05-23T02:15Z,2026-05-23T02:00Z
balancing_energy_bids,66,2026-05-23T02:00:00,PT15M,2026-05-23T02:15Z,2026-05-23T02:00Z,500,1,10,10Y1001C--00090V,AUCTION-aFRR,B74,10YSK-SEPS-----K,EUR,A01,A01,20260523017-AFRR_P-UNIT_047-1,MWH,MAW,A01,A06,2026-05-23T02:15Z,2026-05-23T02:00Z
balancing_energy_bids,67,2026-05-23T02:00:00,PT15M,2026-05-23T02:15Z,2026-05-23T02:00Z,350,1,5,10Y1001C--00090V,AUCTION-aFRR,B74,10YSK-SEPS-----K,EUR,A01,A01,20260523017-AFRR_P-UNIT_051-1,MWH,MAW,A01,A06,2026-05-23T02:15Z,2026-05-23T02:00Z
balancing_energy_bids,68,2026-05-23T02:00:00,PT15M,2026-05-23T02:15Z,2026-05-23T02:00Z,135,1,15,10Y1001C--00090V,AUCTION-aFRR,B74,10YSK-SEPS-----K,EUR,A01,A01,20260523017-AFRR_P-UNIT_069-1,MWH,MAW,A01,A06,2026-05-23T02:15Z,2026-05-23T02:00Z
balancing_energy_bids,69,2026-05-23T02:00:00,PT15M,2026-05-23T02:15Z,2026-05-23T02:00Z,200,1,1,10Y1001C--00090V,AUCTION-aFRR,B74,10YSK-SEPS-----K,EUR,A01,A01,20260523017-AFRR_P-UNIT_058-1,MWH,MAW,A01,A11,2026-05-23T02:15Z,2026-05-23T02:00Z
balancing_energy_bids,70,2026-05-23T02:00:00,PT15M,2026-05-23T02:15Z,2026-05-23T02:00Z,190.07,1,14,10Y1001C--00090V,AUCTION-aFRR,B74,10YSK-SEPS-----K,EUR,A01,A01,20260523017-AFRR_P-UNIT_008-1,MWH,MAW,A01,A06,2026-05-23T02:15Z,2026-05-23T02:00Z
balancing_energy_bids,71,2026-05-23T02:00:00,PT15M,2026-05-23T02:15Z,2026-05-23T02:00Z,133,1,8,10Y1001C--00090V,AUCTION-aFRR,B74,10YSK-SEPS-----K,EUR,A01,A01,20260523017-AFRR_P-UNIT_062-1,MWH,MAW,A01,A06,2026-05-23T02:15Z,2026-05-23T02:00Z
balancing_energy_bids,72,2026-05-23T02:00:00,PT15M,2026-05-23T02:15Z,2026-05-23T02:00Z,133,1,2,10Y1001C--00090V,AUCTION-aFRR,B74,10YSK-SEPS-----K,EUR,A01,A01,20260523017-AFRR_P-UNIT_043-1,MWH,MAW,A01,A06,2026-05-23T02:15Z,2026-05-23T02:00Z
balancing_energy_bids,73,2026-05-23T02:00:00,PT15M,2026-05-23T02:15Z,2026-05-23T02:00Z,110,1,9,10Y1001C--00090V,AUCTION-aFRR,B74,10YSK-SEPS-----K,EUR,A01,A01,20260523017-AFRR_P-UNIT_063-1,MWH,MAW,A01,A06,2026-05-23T02:15Z,2026-05-23T02:00Z
balancing_energy_bids,74,2026-05-23T02:00:00,PT15M,2026-05-23T02:15Z,2026-05-23T02:00Z,750,1,11,10Y1001C--00090V,AUCTION-aFRR,B74,10YSK-SEPS-----K,EUR,A01,A01,20260523017-AFRR_P-UNIT_104-1,MWH,MAW,A01,A06,2026-05-23T02:15Z,2026-05-23T02:00Z
balancing_energy_bids,75,2026-05-23T02:00:00,PT15M,2026-05-23T02:15Z,2026-05-23T02:00Z,190.07,1,3,10Y1001C--00090V,AUCTION-aFRR,B74,10YSK-SEPS-----K,EUR,A01,A01,20260523017-AFRR_P-UNIT_009-1,MWH,MAW,A01,A06,2026-05-23T02:15Z,2026-05-23T02:00Z
balancing_energy_bids,76,2026-05-23T02:00:00,PT15M,2026-05-23T02:15Z,2026-05-23T02:00Z,300,1,1,10Y1001C--00090V,AUCTION-aFRR,B74,10YSK-SEPS-----K,EUR,A01,A01,20260523017-AFRR_P-UNIT_106-1,MWH,MAW,A01,A11,2026-05-23T02:15Z,2026-05-23T02:00Z
balancing_energy_bids,77,2026-05-23T02:00:00,PT15M,2026-05-23T02:15Z,2026-05-23T02:00Z,189,1,6,10Y1001C--00090V,AUCTION-aFRR,B74,10YSK-SEPS-----K,EUR,A01,A01,20260523017-AFRR_P-UNIT_123-1,MWH,MAW,A01,A06,2026-05-23T02:15Z,2026-05-23T02:00Z
balancing_energy_bids,78,2026-05-23T02:00:00,PT15M,2026-05-23T02:15Z,2026-05-23T02:00Z,-5,1,1,10Y1001C--00090V,AUCTION-aFRR,B74,10YSK-SEPS-----K,EUR,A01,A02,20260523017-AFRR_N-UNIT_068-1,MWH,MAW,A01,A11,2026-05-23T02:15Z,2026-05-23T02:00Z
balancing_energy_bids,79,2026-05-23T02:00:00,PT15M,2026-05-23T02:15Z,2026-05-23T02:00Z,-30,1,7,10Y1001C--00090V,AUCTION-aFRR,B74,10YSK-SEPS-----K,EUR,A01,A02,20260523017-AFRR_N-UNIT_052-1,MWH,MAW,A01,A06,2026-05-23T02:15Z,2026-05-23T02:00Z
balancing_energy_bids,80,2026-05-23T02:00:00,PT15M,2026-05-23T02:15Z,2026-05-23T02:00Z,-144,1,5,10Y1001C--00090V,AUCTION-aFRR,B74,10YSK-SEPS-----K,EUR,A01,A02,20260523017-AFRR_N-UNIT_051-1,MWH,MAW,A01,A06,2026-05-23T02:15Z,2026-05-23T02:00Z
balancing_energy_bids,81,2026-05-23T02:00:00,PT15M,2026-05-23T02:15Z,2026-05-23T02:00Z,-150,1,12,10Y1001C--00090V,AUCTION-aFRR,B74,10YSK-SEPS-----K,EUR,A01,A02,20260523017-AFRR_N-UNIT_069-1,MWH,MAW,A01,A06,2026-05-23T02:15Z,2026-05-23T02:00Z
balancing_energy_bids,82,2026-05-23T02:00:00,PT15M,2026-05-23T02:15Z,2026-05-23T02:00Z,-5,1,5,10Y1001C--00090V,AUCTION-aFRR,B74,10YSK-SEPS-----K,EUR,A01,A02,20260523017-AFRR_N-UNIT_028-1,MWH,MAW,A01,A06,2026-05-23T02:15Z,2026-05-23T02:00Z
balancing_energy_bids,83,2026-05-23T02:00:00,PT15M,2026-05-23T02:15Z,2026-05-23T02:00Z,-50,1,2,10Y1001C--00090V,AUCTION-aFRR,B74,10YSK-SEPS-----K,EUR,A01,A02,20260523017-AFRR_N-UNIT_058-1,MWH,MAW,A01,A06,2026-05-23T02:15Z,2026-05-23T02:00Z
balancing_energy_bids,84,2026-05-23T02:00:00,PT15M,2026-05-23T02:15Z,2026-05-23T02:00Z,-10,1,21,10Y1001C--00090V,AUCTION-aFRR,B74,10YSK-SEPS-----K,EUR,A01,A02,20260523017-AFRR_N-UNIT_013-1,MWH,MAW,A01,A06,2026-05-23T02:15Z,2026-05-23T02:00Z
balancing_energy_bids,85,2026-05-23T02:00:00,PT15M,2026-05-23T02:15Z,2026-05-23T02:00Z,-10,1,30,10Y1001C--00090V,AUCTION-aFRR,B74,10YSK-SEPS-----K,EUR,A01,A02,20260523017-AFRR_N-UNIT_010-1,MWH,MAW,A01,A06,2026-05-23T02:15Z,2026-05-23T02:00Z
balancing_energy_bids,86,2026-05-23T02:00:00,PT15M,2026-05-23T02:15Z,2026-05-23T02:00Z,-29,1,11,10Y1001C--00090V,AUCTION-aFRR,B74,10YSK-SEPS-----K,EUR,A01,A02,20260523017-AFRR_N-UNIT_062-1,MWH,MAW,A01,A06,2026-05-23T02:15Z,2026-05-23T02:00Z
balancing_energy_bids,87,2026-05-23T02:00:00,PT15M,2026-05-23T02:15Z,2026-05-23T02:00Z,10,1,4,10Y1001C--00090V,AUCTION-aFRR,B74,10YSK-SEPS-----K,EUR,A01,A02,20260523017-AFRR_N-UNIT_043-1,MWH,MAW,A01,A06,2026-05-23T02:15Z,2026-05-23T02:00Z
balancing_energy_bids,88,2026-05-23T02:00:00,PT15M,2026-05-23T02:15Z,2026-05-23T02:00Z,-5,1,4,10Y1001C--00090V,AUCTION-aFRR,B74,10YSK-SEPS-----K,EUR,A01,A02,20260523017-AFRR_N-UNIT_104-1,MWH,MAW,A01,A06,2026-05-23T02:15Z,2026-05-23T02:00Z
balancing_energy_bids,89,2026-05-23T02:00:00,PT15M,2026-05-23T02:15Z,2026-05-23T02:00Z,-133.49,1,3,10Y1001C--00090V,AUCTION-aFRR,B74,10YSK-SEPS-----K,EUR,A01,A02,20260523017-AFRR_N-UNIT_089-1,MWH,MAW,A01,A06,2026-05-23T02:15Z,2026-05-23T02:00Z
balancing_energy_bids,90,2026-05-23T02:00:00,PT15M,2026-05-23T02:15Z,2026-05-23T02:00Z,-199,1,1,10Y1001C--00090V,AUCTION-aFRR,B74,10YSK-SEPS-----K,EUR,A01,A02,20260523017-AFRR_N-UNIT_019-1,MWH,MAW,A01,A11,2026-05-23T02:15Z,2026-05-23T02:00Z
balancing_energy_bids,91,2026-05-23T02:00:00,PT15M,2026-05-23T02:15Z,2026-05-23T02:00Z,-19,1,1,10Y1001C--00090V,AUCTION-aFRR,B74,10YSK-SEPS-----K,EUR,A01,A02,20260523017-AFRR_N-UNIT_106-1,MWH,MAW,A01,A06,2026-05-23T02:15Z,2026-05-23T02:00Z
balancing_energy_bids,92,2026-05-23T02:00:00,PT15M,2026-05-23T02:15Z,2026-05-23T02:00Z,-5,1,7,10Y1001C--00090V,AUCTION-aFRR,B74,10YSK-SEPS-----K,EUR,A01,A02,20260523017-AFRR_N-UNIT_123-1,MWH,MAW,A01,A06,2026-05-23T02:15Z,2026-05-23T02:00Z
balancing_energy_bids,93,2026-05-23T02:00:00,PT15M,2026-05-23T02:15Z,2026-05-23T02:00Z,142.12,1,5,10Y1001C--00090V,AUCTION-aFRR,B74,10YSK-SEPS-----K,EUR,A01,A01,20260523017-AFRR_P-UNIT_028-1,MWH,MAW,A01,A06,2026-05-23T02:15Z,2026-05-23T02:00Z
balancing_energy_bids,94,2026-05-23T02:15:00,PT15M,2026-05-23T02:30Z,2026-05-23T02:15Z,244,1,1,10Y1001C--00090V,AUCTION-aFRR,B74,10YSK-SEPS-----K,EUR,A01,A01,20260523018-AFRR_P-UNIT_019-1,MWH,MAW,A01,A06,2026-05-23T02:30Z,2026-05-23T02:15Z
balancing_energy_bids,95,2026-05-23T02:15:00,PT15M,2026-05-23T02:30Z,2026-05-23T02:15Z,174.35,1,1,10Y1001C--00090V,AUCTION-aFRR,B74,10YSK-SEPS-----K,EUR,A01,A01,20260523018-AFRR_P-UNIT_068-1,MWH,MAW,A01,A11,2026-05-23T02:30Z,2026-05-23T02:15Z
balancing_energy_bids,96,2026-05-23T02:15:00,PT15M,2026-05-23T02:30Z,2026-05-23T02:15Z,140,1,31,10Y1001C--00090V,AUCTION-aFRR,B74,10YSK-SEPS-----K,EUR,A01,A01,20260523018-AFRR_P-UNIT_052-1,MWH,MAW,A01,A06,2026-05-23T02:30Z,2026-05-23T02:15Z
balancing_energy_bids,97,2026-05-23T02:15:00,PT15M,2026-05-23T02:30Z,2026-05-23T02:15Z,500,1,10,10Y1001C--00090V,AUCTION-aFRR,B74,10YSK-SEPS-----K,EUR,A01,A01,20260523018-AFRR_P-UNIT_047-1,MWH,MAW,A01,A06,2026-05-23T02:30Z,2026-05-23T02:15Z
balancing_energy_bids,98,2026-05-23T02:15:00,PT15M,2026-05-23T02:30Z,2026-05-23T02:15Z,350,1,5,10Y1001C--00090V,AUCTION-aFRR,B74,10YSK-SEPS-----K,EUR,A01,A01,20260523018-AFRR_P-UNIT_051-1,MWH,MAW,A01,A06,2026-05-23T02:30Z,2026-05-23T02:15Z
balancing_energy_bids,99,2026-05-23T02:15:00,PT15M,2026-05-23T02:30Z,2026-05-23T02:15Z,135,1,15,10Y1001C--00090V,AUCTION-aFRR,B74,10YSK-SEPS-----K,EUR,A01,A01,20260523018-AFRR_P-UNIT_069-1,MWH,MAW,A01,A06,2026-05-23T02:30Z,2026-05-23T02:15Z
balancing_energy_bids,100,2026-05-23T02:15:00,PT15M,2026-05-23T02:30Z,2026-05-23T02:15Z,200,1,1,10Y1001C--00090V,AUCTION-aFRR,B74,10YSK-SEPS-----K,EUR,A01,A01,20260523018-AFRR_P-UNIT_058-1,MWH,MAW,A01,A11,2026-05-23T02:30Z,2026-05-23T02:15Z
balancing_energy_bids,1,2026-05-23T02:15:00,PT15M,2026-05-23T02:30Z,2026-05-23T02:15Z,190.07,1,14,10Y1001C--00090V,AUCTION-aFRR,B74,10YSK-SEPS-----K,EUR,A01,A01,20260523018-AFRR_P-UNIT_008-1,MWH,MAW,A01,A06,2026-05-23T02:30Z,2026-05-23T02:15Z
balancing_energy_bids,2,2026-05-23T02:15:00,PT15M,2026-05-23T02:30Z,2026-05-23T02:15Z,131,1,8,10Y1001C--00090V,AUCTION-aFRR,B74,10YSK-SEPS-----K,EUR,A01,A01,20260523018-AFRR_P-UNIT_062-1,MWH,MAW,A01,A06,2026-05-23T02:30Z,2026-05-23T02:15Z
balancing_energy_bids,3,2026-05-23T02:15:00,PT15M,2026-05-23T02:30Z,2026-05-23T02:15Z,131,1,2,10Y1001C--00090V,AUCTION-aFRR,B74,10YSK-SEPS-----K,EUR,A01,A01,20260523018-AFRR_P-UNIT_043-1,MWH,MAW,A01,A06,2026-05-23T02:30Z,2026-05-23T02:15Z
balancing_energy_bids,4,2026-05-23T02:15:00,PT15M,2026-05-23T02:30Z,2026-05-23T02:15Z,110,1,9,10Y1001C--00090V,AUCTION-aFRR,B74,10YSK-SEPS-----K,EUR,A01,A01,20260523018-AFRR_P-UNIT_063-1,MWH,MAW,A01,A06,2026-05-23T02:30Z,2026-05-23T02:15Z
balancing_energy_bids,5,2026-05-23T02:15:00,PT15M,2026-05-23T02:30Z,2026-05-23T02:15Z,750,1,11,10Y1001C--00090V,AUCTION-aFRR,B74,10YSK-SEPS-----K,EUR,A01,A01,20260523018-AFRR_P-UNIT_104-1,MWH,MAW,A01,A06,2026-05-23T02:30Z,2026-05-23T02:15Z
balancing_energy_bids,6,2026-05-23T02:15:00,PT15M,2026-05-23T02:30Z,2026-05-23T02:15Z,85,1,1,10Y1001C--00090V,AUCTION-aFRR,B74,10YSK-SEPS-----K,EUR,A01,A01,20260523018-AFRR_P-UNIT_097-1,MWH,MAW,A01,A06,2026-05-23T02:30Z,2026-05-23T02:15Z
balancing_energy_bids,7,2026-05-23T02:15:00,PT15M,2026-05-23T02:30Z,2026-05-23T02:15Z,190.07,1,3,10Y1001C--00090V,AUCTION-aFRR,B74,10YSK-SEPS-----K,EUR,A01,A01,20260523018-AFRR_P-UNIT_009-1,MWH,MAW,A01,A06,2026-05-23T02:30Z,2026-05-23T02:15Z
balancing_energy_bids,8,2026-05-23T02:15:00,PT15M,2026-05-23T02:30Z,2026-05-23T02:15Z,300,1,1,10Y1001C--00090V,AUCTION-aFRR,B74,10YSK-SEPS-----K,EUR,A01,A01,20260523018-AFRR_P-UNIT_106-1,MWH,MAW,A01,A11,2026-05-23T02:30Z,2026-05-23T02:15Z
balancing_energy_bids,9,2026-05-23T02:15:00,PT15M,2026-05-23T02:30Z,2026-05-23T02:15Z,189,1,6,10Y1001C--00090V,AUCTION-aFRR,B74,10YSK-SEPS-----K,EUR,A01,A01,20260523018-AFRR_P-UNIT_123-1,MWH,MAW,A01,A06,2026-05-23T02:30Z,2026-05-23T02:15Z
balancing_energy_bids,10,2026-05-23T02:15:00,PT15M,2026-05-23T02:30Z,2026-05-23T02:15Z,-5,1,1,10Y1001C--00090V,AUCTION-aFRR,B74,10YSK-SEPS-----K,EUR,A01,A02,20260523018-AFRR_N-UNIT_068-1,MWH,MAW,A01,A11,2026-05-23T02:30Z,2026-05-23T02:15Z
balancing_energy_bids,11,2026-05-23T02:15:00,PT15M,2026-05-23T02:30Z,2026-05-23T02:15Z,-30,1,7,10Y1001C--00090V,AUCTION-aFRR,B74,10YSK-SEPS-----K,EUR,A01,A02,20260523018-AFRR_N-UNIT_052-1,MWH,MAW,A01,A06,2026-05-23T02:30Z,2026-05-23T02:15Z
balancing_energy_bids,12,2026-05-23T02:15:00,PT15M,2026-05-23T02:30Z,2026-05-23T02:15Z,-144,1,5,10Y1001C--00090V,AUCTION-aFRR,B74,10YSK-SEPS-----K,EUR,A01,A02,20260523018-AFRR_N-UNIT_051-1,MWH,MAW,A01,A06,2026-05-23T02:30Z,2026-05-23T02:15Z
balancing_energy_bids,13,2026-05-23T02:15:00,PT15M,2026-05-23T02:30Z,2026-05-23T02:15Z,-150,1,12,10Y1001C--00090V,AUCTION-aFRR,B74,10YSK-SEPS-----K,EUR,A01,A02,20260523018-AFRR_N-UNIT_069-1,MWH,MAW,A01,A06,2026-05-23T02:30Z,2026-05-23T02:15Z
balancing_energy_bids,14,2026-05-23T02:15:00,PT15M,2026-05-23T02:30Z,2026-05-23T02:15Z,-5,1,5,10Y1001C--00090V,AUCTION-aFRR,B74,10YSK-SEPS-----K,EUR,A01,A02,20260523018-AFRR_N-UNIT_028-1,MWH,MAW,A01,A06,2026-05-23T02:30Z,2026-05-23T02:15Z
balancing_energy_bids,15,2026-05-23T02:15:00,PT15M,2026-05-23T02:30Z,2026-05-23T02:15Z,-50,1,2,10Y1001C--00090V,AUCTION-aFRR,B74,10YSK-SEPS-----K,EUR,A01,A02,20260523018-AFRR_N-UNIT_058-1,MWH,MAW,A01,A06,2026-05-23T02:30Z,2026-05-23T02:15Z
balancing_energy_bids,16,2026-05-23T02:15:00,PT15M,2026-05-23T02:30Z,2026-05-23T02:15Z,-10,1,20,10Y1001C--00090V,AUCTION-aFRR,B74,10YSK-SEPS-----K,EUR,A01,A02,20260523018-AFRR_N-UNIT_013-1,MWH,MAW,A01,A06,2026-05-23T02:30Z,2026-05-23T02:15Z
balancing_energy_bids,17,2026-05-23T02:15:00,PT15M,2026-05-23T02:30Z,2026-05-23T02:15Z,-10,1,30,10Y1001C--00090V,AUCTION-aFRR,B74,10YSK-SEPS-----K,EUR,A01,A02,20260523018-AFRR_N-UNIT_010-1,MWH,MAW,A01,A06,2026-05-23T02:30Z,2026-05-23T02:15Z
balancing_energy_bids,18,2026-05-23T02:15:00,PT15M,2026-05-23T02:30Z,2026-05-23T02:15Z,-29,1,11,10Y1001C--00090V,AUCTION-aFRR,B74,10YSK-SEPS-----K,EUR,A01,A02,20260523018-AFRR_N-UNIT_062-1,MWH,MAW,A01,A06,2026-05-23T02:30Z,2026-05-23T02:15Z
balancing_energy_bids,19,2026-05-23T02:15:00,PT15M,2026-05-23T02:30Z,2026-05-23T02:15Z,10,1,4,10Y1001C--00090V,AUCTION-aFRR,B74,10YSK-SEPS-----K,EUR,A01,A02,20260523018-AFRR_N-UNIT_043-1,MWH,MAW,A01,A06,2026-05-23T02:30Z,2026-05-23T02:15Z
balancing_energy_bids,20,2026-05-23T02:15:00,PT15M,2026-05-23T02:30Z,2026-05-23T02:15Z,-5,1,4,10Y1001C--00090V,AUCTION-aFRR,B74,10YSK-SEPS-----K,EUR,A01,A02,20260523018-AFRR_N-UNIT_104-1,MWH,MAW,A01,A06,2026-05-23T02:30Z,2026-05-23T02:15Z
balancing_energy_bids,21,2026-05-23T02:15:00,PT15M,2026-05-23T02:30Z,2026-05-23T02:15Z,-135.46,1,3,10Y1001C--00090V,AUCTION-aFRR,B74,10YSK-SEPS-----K,EUR,A01,A02,20260523018-AFRR_N-UNIT_089-1,MWH,MAW,A01,A06,2026-05-23T02:30Z,2026-05-23T02:15Z
balancing_energy_bids,22,2026-05-23T02:15:00,PT15M,2026-05-23T02:30Z,2026-05-23T02:15Z,0,1,6,10Y1001C--00090V,AUCTION-aFRR,B74,10YSK-SEPS-----K,EUR,A01,A02,20260523018-AFRR_N-UNIT_097-1,MWH,MAW,A01,A06,2026-05-23T02:30Z,2026-05-23T02:15Z
balancing_energy_bids,23,2026-05-23T02:15:00,PT15M,2026-05-23T02:30Z,2026-05-23T02:15Z,-199,1,1,10Y1001C--00090V,AUCTION-aFRR,B74,10YSK-SEPS-----K,EUR,A01,A02,20260523018-AFRR_N-UNIT_019-1,MWH,MAW,A01,A11,2026-05-23T02:30Z,2026-05-23T02:15Z
balancing_energy_bids,24,2026-05-23T02:15:00,PT15M,2026-05-23T02:30Z,2026-05-23T02:15Z,-19,1,1,10Y1001C--00090V,AUCTION-aFRR,B74,10YSK-SEPS-----K,EUR,A01,A02,20260523018-AFRR_N-UNIT_106-1,MWH,MAW,A01,A06,2026-05-23T02:30Z,2026-05-23T02:15Z
balancing_energy_bids,25,2026-05-23T02:15:00,PT15M,2026-05-23T02:30Z,2026-05-23T02:15Z,-5,1,7,10Y1001C--00090V,AUCTION-aFRR,B74,10YSK-SEPS-----K,EUR,A01,A02,20260523018-AFRR_N-UNIT_123-1,MWH,MAW,A01,A06,2026-05-23T02:30Z,2026-05-23T02:15Z
balancing_energy_bids,26,2026-05-23T02:15:00,PT15M,2026-05-23T02:30Z,2026-05-23T02:15Z,139.36,1,5,10Y1001C--00090V,AUCTION-aFRR,B74,10YSK-SEPS-----K,EUR,A01,A01,20260523018-AFRR_P-UNIT_028-1,MWH,MAW,A01,A06,2026-05-23T02:30Z,2026-05-23T02:15Z
balancing_energy_bids,27,2026-05-23T02:30:00,PT15M,2026-05-23T02:45Z,2026-05-23T02:30Z,247,1,1,10Y1001C--00090V,AUCTION-aFRR,B74,10YSK-SEPS-----K,EUR,A01,A01,20260523019-AFRR_P-UNIT_019-1,MWH,MAW,A01,A06,2026-05-23T02:45Z,2026-05-23T02:30Z
balancing_energy_bids,28,2026-05-23T02:30:00,PT15M,2026-05-23T02:45Z,2026-05-23T02:30Z,141.71,1,5,10Y1001C--00090V,AUCTION-aFRR,B74,10YSK-SEPS-----K,EUR,A01,A01,20260523019-AFRR_P-UNIT_028-1,MWH,MAW,A01,A06,2026-05-23T02:45Z,2026-05-23T02:30Z
balancing_energy_bids,29,2026-05-23T02:30:00,PT15M,2026-05-23T02:45Z,2026-05-23T02:30Z,-144,1,5,10Y1001C--00090V,AUCTION-aFRR,B74,10YSK-SEPS-----K,EUR,A01,A02,20260523019-AFRR_N-UNIT_051-1,MWH,MAW,A01,A06,2026-05-23T02:45Z,2026-05-23T02:30Z
balancing_energy_bids,30,2026-05-23T02:30:00,PT15M,2026-05-23T02:45Z,2026-05-23T02:30Z,-10,1,20,10Y1001C--00090V,AUCTION-aFRR,B74,10YSK-SEPS-----K,EUR,A01,A02,20260523019-AFRR_N-UNIT_013-1,MWH,MAW,A01,A06,2026-05-23T02:45Z,2026-05-23T02:30Z
balancing_energy_bids,31,2026-05-23T02:30:00,PT15M,2026-05-23T02:45Z,2026-05-23T02:30Z,-10,1,30,10Y1001C--00090V,AUCTION-aFRR,B74,10YSK-SEPS-----K,EUR,A01,A02,20260523019-AFRR_N-UNIT_010-1,MWH,MAW,A01,A06,2026-05-23T02:45Z,2026-05-23T02:30Z
balancing_energy_bids,32,2026-05-23T02:30:00,PT15M,2026-05-23T02:45Z,2026-05-23T02:30Z,-29,1,11,10Y1001C--00090V,AUCTION-aFRR,B74,10YSK-SEPS-----K,EUR,A01,A02,20260523019-AFRR_N-UNIT_062-1,MWH,MAW,A01,A06,2026-05-23T02:45Z,2026-05-23T02:30Z
balancing_energy_bids,33,2026-05-23T02:30:00,PT15M,2026-05-23T02:45Z,2026-05-23T02:30Z,10,1,4,10Y1001C--00090V,AUCTION-aFRR,B74,10YSK-SEPS-----K,EUR,A01,A02,20260523019-AFRR_N-UNIT_043-1,MWH,MAW,A01,A06,2026-05-23T02:45Z,2026-05-23T02:30Z
balancing_energy_bids,34,2026-05-23T02:30:00,PT15M,2026-05-23T02:45Z,2026-05-23T02:30Z,-5,1,4,10Y1001C--00090V,AUCTION-aFRR,B74,10YSK-SEPS-----K,EUR,A01,A02,20260523019-AFRR_N-UNIT_104-1,MWH,MAW,A01,A06,2026-05-23T02:45Z,2026-05-23T02:30Z
balancing_energy_bids,35,2026-05-23T02:30:00,PT15M,2026-05-23T02:45Z,2026-05-23T02:30Z,-133.78,1,3,10Y1001C--00090V,AUCTION-aFRR,B74,10YSK-SEPS-----K,EUR,A01,A02,20260523019-AFRR_N-UNIT_089-1,MWH,MAW,A01,A06,2026-05-23T02:45Z,2026-05-23T02:30Z
balancing_energy_bids,36,2026-05-23T02:30:00,PT15M,2026-05-23T02:45Z,2026-05-23T02:30Z,0,1,6,10Y1001C--00090V,AUCTION-aFRR,B74,10YSK-SEPS-----K,EUR,A01,A02,20260523019-AFRR_N-UNIT_097-1,MWH,MAW,A01,A06,2026-05-23T02:45Z,2026-05-23T02:30Z
balancing_energy_bids,37,2026-05-23T02:30:00,PT15M,2026-05-23T02:45Z,2026-05-23T02:30Z,-199,1,1,10Y1001C--00090V,AUCTION-aFRR,B74,10YSK-SEPS-----K,EUR,A01,A02,20260523019-AFRR_N-UNIT_019-1,MWH,MAW,A01,A11,2026-05-23T02:45Z,2026-05-23T02:30Z
balancing_energy_bids,38,2026-05-23T02:30:00,PT15M,2026-05-23T02:45Z,2026-05-23T02:30Z,-19,1,1,10Y1001C--00090V,AUCTION-aFRR,B74,10YSK-SEPS-----K,EUR,A01,A02,20260523019-AFRR_N-UNIT_106-1,MWH,MAW,A01,A06,2026-05-23T02:45Z,2026-05-23T02:30Z
balancing_energy_bids,39,2026-05-23T02:30:00,PT15M,2026-05-23T02:45Z,2026-05-23T02:30Z,-5,1,7,10Y1001C--00090V,AUCTION-aFRR,B74,10YSK-SEPS-----K,EUR,A01,A02,20260523019-AFRR_N-UNIT_123-1,MWH,MAW,A01,A06,2026-05-23T02:45Z,2026-05-23T02:30Z
balancing_energy_bids,40,2026-05-23T02:30:00,PT15M,2026-05-23T02:45Z,2026-05-23T02:30Z,176.7,1,1,10Y1001C--00090V,AUCTION-aFRR,B74,10YSK-SEPS-----K,EUR,A01,A01,20260523019-AFRR_P-UNIT_068-1,MWH,MAW,A01,A11,2026-05-23T02:45Z,2026-05-23T02:30Z
balancing_energy_bids,41,2026-05-23T02:30:00,PT15M,2026-05-23T02:45Z,2026-05-23T02:30Z,140,1,31,10Y1001C--00090V,AUCTION-aFRR,B74,10YSK-SEPS-----K,EUR,A01,A01,20260523019-AFRR_P-UNIT_052-1,MWH,MAW,A01,A06,2026-05-23T02:45Z,2026-05-23T02:30Z
balancing_energy_bids,42,2026-05-23T02:30:00,PT15M,2026-05-23T02:45Z,2026-05-23T02:30Z,500,1,10,10Y1001C--00090V,AUCTION-aFRR,B74,10YSK-SEPS-----K,EUR,A01,A01,20260523019-AFRR_P-UNIT_047-1,MWH,MAW,A01,A06,2026-05-23T02:45Z,2026-05-23T02:30Z
balancing_energy_bids,43,2026-05-23T02:30:00,PT15M,2026-05-23T02:45Z,2026-05-23T02:30Z,350,1,5,10Y1001C--00090V,AUCTION-aFRR,B74,10YSK-SEPS-----K,EUR,A01,A01,20260523019-AFRR_P-UNIT_051-1,MWH,MAW,A01,A06,2026-05-23T02:45Z,2026-05-23T02:30Z
balancing_energy_bids,44,2026-05-23T02:30:00,PT15M,2026-05-23T02:45Z,2026-05-23T02:30Z,135,1,15,10Y1001C--00090V,AUCTION-aFRR,B74,10YSK-SEPS-----K,EUR,A01,A01,20260523019-AFRR_P-UNIT_069-1,MWH,MAW,A01,A06,2026-05-23T02:45Z,2026-05-23T02:30Z
balancing_energy_bids,45,2026-05-23T02:30:00,PT15M,2026-05-23T02:45Z,2026-05-23T02:30Z,200,1,1,10Y1001C--00090V,AUCTION-aFRR,B74,10YSK-SEPS-----K,EUR,A01,A01,20260523019-AFRR_P-UNIT_058-1,MWH,MAW,A01,A11,2026-05-23T02:45Z,2026-05-23T02:30Z
balancing_energy_bids,46,2026-05-23T02:30:00,PT15M,2026-05-23T02:45Z,2026-05-23T02:30Z,190.07,1,14,10Y1001C--00090V,AUCTION-aFRR,B74,10YSK-SEPS-----K,EUR,A01,A01,20260523019-AFRR_P-UNIT_008-1,MWH,MAW,A01,A06,2026-05-23T02:45Z,2026-05-23T02:30Z
balancing_energy_bids,47,2026-05-23T02:30:00,PT15M,2026-05-23T02:45Z,2026-05-23T02:30Z,133,1,8,10Y1001C--00090V,AUCTION-aFRR,B74,10YSK-SEPS-----K,EUR,A01,A01,20260523019-AFRR_P-UNIT_062-1,MWH,MAW,A01,A06,2026-05-23T02:45Z,2026-05-23T02:30Z
balancing_energy_bids,48,2026-05-23T02:30:00,PT15M,2026-05-23T02:45Z,2026-05-23T02:30Z,133,1,2,10Y1001C--00090V,AUCTION-aFRR,B74,10YSK-SEPS-----K,EUR,A01,A01,20260523019-AFRR_P-UNIT_043-1,MWH,MAW,A01,A06,2026-05-23T02:45Z,2026-05-23T02:30Z
balancing_energy_bids,49,2026-05-23T02:30:00,PT15M,2026-05-23T02:45Z,2026-05-23T02:30Z,110,1,9,10Y1001C--00090V,AUCTION-aFRR,B74,10YSK-SEPS-----K,EUR,A01,A01,20260523019-AFRR_P-UNIT_063-1,MWH,MAW,A01,A06,2026-05-23T02:45Z,2026-05-23T02:30Z
balancing_energy_bids,50,2026-05-23T02:30:00,PT15M,2026-05-23T02:45Z,2026-05-23T02:30Z,750,1,11,10Y1001C--00090V,AUCTION-aFRR,B74,10YSK-SEPS-----K,EUR,A01,A01,20260523019-AFRR_P-UNIT_104-1,MWH,MAW,A01,A06,2026-05-23T02:45Z,2026-05-23T02:30Z
balancing_energy_bids,51,2026-05-23T02:30:00,PT15M,2026-05-23T02:45Z,2026-05-23T02:30Z,85,1,1,10Y1001C--00090V,AUCTION-aFRR,B74,10YSK-SEPS-----K,EUR,A01,A01,20260523019-AFRR_P-UNIT_097-1,MWH,MAW,A01,A06,2026-05-23T02:45Z,2026-05-23T02:30Z
balancing_energy_bids,52,2026-05-23T02:30:00,PT15M,2026-05-23T02:45Z,2026-05-23T02:30Z,190.07,1,3,10Y1001C--00090V,AUCTION-aFRR,B74,10YSK-SEPS-----K,EUR,A01,A01,20260523019-AFRR_P-UNIT_009-1,MWH,MAW,A01,A06,2026-05-23T02:45Z,2026-05-23T02:30Z
balancing_energy_bids,53,2026-05-23T02:30:00,PT15M,2026-05-23T02:45Z,2026-05-23T02:30Z,300,1,1,10Y1001C--00090V,AUCTION-aFRR,B74,10YSK-SEPS-----K,EUR,A01,A01,20260523019-AFRR_P-UNIT_106-1,MWH,MAW,A01,A11,2026-05-23T02:45Z,2026-05-23T02:30Z
balancing_energy_bids,54,2026-05-23T02:30:00,PT15M,2026-05-23T02:45Z,2026-05-23T02:30Z,189,1,6,10Y1001C--00090V,AUCTION-aFRR,B74,10YSK-SEPS-----K,EUR,A01,A01,20260523019-AFRR_P-UNIT_123-1,MWH,MAW,A01,A06,2026-05-23T02:45Z,2026-05-23T02:30Z
balancing_energy_bids,55,2026-05-23T02:30:00,PT15M,2026-05-23T02:45Z,2026-05-23T02:30Z,-5,1,1,10Y1001C--00090V,AUCTION-aFRR,B74,10YSK-SEPS-----K,EUR,A01,A02,20260523019-AFRR_N-UNIT_068-1,MWH,MAW,A01,A11,2026-05-23T02:45Z,2026-05-23T02:30Z
balancing_energy_bids,56,2026-05-23T02:30:00,PT15M,2026-05-23T02:45Z,2026-05-23T02:30Z,-30,1,7,10Y1001C--00090V,AUCTION-aFRR,B74,10YSK-SEPS-----K,EUR,A01,A02,20260523019-AFRR_N-UNIT_052-1,MWH,MAW,A01,A06,2026-05-23T02:45Z,2026-05-23T02:30Z
balancing_energy_bids,57,2026-05-23T02:30:00,PT15M,2026-05-23T02:45Z,2026-05-23T02:30Z,-150,1,12,10Y1001C--00090V,AUCTION-aFRR,B74,10YSK-SEPS-----K,EUR,A01,A02,20260523019-AFRR_N-UNIT_069-1,MWH,MAW,A01,A06,2026-05-23T02:45Z,2026-05-23T02:30Z
balancing_energy_bids,58,2026-05-23T02:30:00,PT15M,2026-05-23T02:45Z,2026-05-23T02:30Z,-5,1,5,10Y1001C--00090V,AUCTION-aFRR,B74,10YSK-SEPS-----K,EUR,A01,A02,20260523019-AFRR_N-UNIT_028-1,MWH,MAW,A01,A06,2026-05-23T02:45Z,2026-05-23T02:30Z
balancing_energy_bids,59,2026-05-23T02:30:00,PT15M,2026-05-23T02:45Z,2026-05-23T02:30Z,-50,1,2,10Y1001C--00090V,AUCTION-aFRR,B74,10YSK-SEPS-----K,EUR,A01,A02,20260523019-AFRR_N-UNIT_058-1,MWH,MAW,A01,A06,2026-05-23T02:45Z,2026-05-23T02:30Z
balancing_energy_bids,60,2026-05-23T02:45:00,PT15M,2026-05-23T03:00Z,2026-05-23T02:45Z,180.37,1,1,10Y1001C--00090V,AUCTION-aFRR,B74,10YSK-SEPS-----K,EUR,A01,A01,20260523020-AFRR_P-UNIT_068-1,MWH,MAW,A01,A11,2026-05-23T03:00Z,2026-05-23T02:45Z
balancing_energy_bids,61,2026-05-23T02:45:00,PT15M,2026-05-23T03:00Z,2026-05-23T02:45Z,140,1,31,10Y1001C--00090V,AUCTION-aFRR,B74,10YSK-SEPS-----K,EUR,A01,A01,20260523020-AFRR_P-UNIT_052-1,MWH,MAW,A01,A06,2026-05-23T03:00Z,2026-05-23T02:45Z
balancing_energy_bids,62,2026-05-23T02:45:00,PT15M,2026-05-23T03:00Z,2026-05-23T02:45Z,500,1,10,10Y1001C--00090V,AUCTION-aFRR,B74,10YSK-SEPS-----K,EUR,A01,A01,20260523020-AFRR_P-UNIT_047-1,MWH,MAW,A01,A06,2026-05-23T03:00Z,2026-05-23T02:45Z
balancing_energy_bids,63,2026-05-23T02:45:00,PT15M,2026-05-23T03:00Z,2026-05-23T02:45Z,350,1,5,10Y1001C--00090V,AUCTION-aFRR,B74,10YSK-SEPS-----K,EUR,A01,A01,20260523020-AFRR_P-UNIT_051-1,MWH,MAW,A01,A06,2026-05-23T03:00Z,2026-05-23T02:45Z
balancing_energy_bids,64,2026-05-23T02:45:00,PT15M,2026-05-23T03:00Z,2026-05-23T02:45Z,135,1,15,10Y1001C--00090V,AUCTION-aFRR,B74,10YSK-SEPS-----K,EUR,A01,A01,20260523020-AFRR_P-UNIT_069-1,MWH,MAW,A01,A06,2026-05-23T03:00Z,2026-05-23T02:45Z
balancing_energy_bids,65,2026-05-23T02:45:00,PT15M,2026-05-23T03:00Z,2026-05-23T02:45Z,200,1,1,10Y1001C--00090V,AUCTION-aFRR,B74,10YSK-SEPS-----K,EUR,A01,A01,20260523020-AFRR_P-UNIT_058-1,MWH,MAW,A01,A11,2026-05-23T03:00Z,2026-05-23T02:45Z
balancing_energy_bids,66,2026-05-23T02:45:00,PT15M,2026-05-23T03:00Z,2026-05-23T02:45Z,190.07,1,14,10Y1001C--00090V,AUCTION-aFRR,B74,10YSK-SEPS-----K,EUR,A01,A01,20260523020-AFRR_P-UNIT_008-1,MWH,MAW,A01,A06,2026-05-23T03:00Z,2026-05-23T02:45Z
balancing_energy_bids,67,2026-05-23T02:45:00,PT15M,2026-05-23T03:00Z,2026-05-23T02:45Z,135,1,8,10Y1001C--00090V,AUCTION-aFRR,B74,10YSK-SEPS-----K,EUR,A01,A01,20260523020-AFRR_P-UNIT_062-1,MWH,MAW,A01,A06,2026-05-23T03:00Z,2026-05-23T02:45Z
balancing_energy_bids,68,2026-05-23T02:45:00,PT15M,2026-05-23T03:00Z,2026-05-23T02:45Z,135,1,2,10Y1001C--00090V,AUCTION-aFRR,B74,10YSK-SEPS-----K,EUR,A01,A01,20260523020-AFRR_P-UNIT_043-1,MWH,MAW,A01,A06,2026-05-23T03:00Z,2026-05-23T02:45Z
balancing_energy_bids,69,2026-05-23T02:45:00,PT15M,2026-05-23T03:00Z,2026-05-23T02:45Z,110,1,9,10Y1001C--00090V,AUCTION-aFRR,B74,10YSK-SEPS-----K,EUR,A01,A01,20260523020-AFRR_P-UNIT_063-1,MWH,MAW,A01,A06,2026-05-23T03:00Z,2026-05-23T02:45Z
balancing_energy_bids,70,2026-05-23T02:45:00,PT15M,2026-05-23T03:00Z,2026-05-23T02:45Z,750,1,11,10Y1001C--00090V,AUCTION-aFRR,B74,10YSK-SEPS-----K,EUR,A01,A01,20260523020-AFRR_P-UNIT_104-1,MWH,MAW,A01,A06,2026-05-23T03:00Z,2026-05-23T02:45Z
balancing_energy_bids,71,2026-05-23T02:45:00,PT15M,2026-05-23T03:00Z,2026-05-23T02:45Z,85,1,1,10Y1001C--00090V,AUCTION-aFRR,B74,10YSK-SEPS-----K,EUR,A01,A01,20260523020-AFRR_P-UNIT_097-1,MWH,MAW,A01,A06,2026-05-23T03:00Z,2026-05-23T02:45Z
balancing_energy_bids,72,2026-05-23T02:45:00,PT15M,2026-05-23T03:00Z,2026-05-23T02:45Z,190.07,1,3,10Y1001C--00090V,AUCTION-aFRR,B74,10YSK-SEPS-----K,EUR,A01,A01,20260523020-AFRR_P-UNIT_009-1,MWH,MAW,A01,A06,2026-05-23T03:00Z,2026-05-23T02:45Z
balancing_energy_bids,73,2026-05-23T02:45:00,PT15M,2026-05-23T03:00Z,2026-05-23T02:45Z,300,1,1,10Y1001C--00090V,AUCTION-aFRR,B74,10YSK-SEPS-----K,EUR,A01,A01,20260523020-AFRR_P-UNIT_106-1,MWH,MAW,A01,A11,2026-05-23T03:00Z,2026-05-23T02:45Z
balancing_energy_bids,74,2026-05-23T02:45:00,PT15M,2026-05-23T03:00Z,2026-05-23T02:45Z,189,1,6,10Y1001C--00090V,AUCTION-aFRR,B74,10YSK-SEPS-----K,EUR,A01,A01,20260523020-AFRR_P-UNIT_123-1,MWH,MAW,A01,A06,2026-05-23T03:00Z,2026-05-23T02:45Z
balancing_energy_bids,75,2026-05-23T02:45:00,PT15M,2026-05-23T03:00Z,2026-05-23T02:45Z,-5,1,1,10Y1001C--00090V,AUCTION-aFRR,B74,10YSK-SEPS-----K,EUR,A01,A02,20260523020-AFRR_N-UNIT_068-1,MWH,MAW,A01,A11,2026-05-23T03:00Z,2026-05-23T02:45Z
balancing_energy_bids,76,2026-05-23T02:45:00,PT15M,2026-05-23T03:00Z,2026-05-23T02:45Z,-30,1,7,10Y1001C--00090V,AUCTION-aFRR,B74,10YSK-SEPS-----K,EUR,A01,A02,20260523020-AFRR_N-UNIT_052-1,MWH,MAW,A01,A06,2026-05-23T03:00Z,2026-05-23T02:45Z
balancing_energy_bids,77,2026-05-23T02:45:00,PT15M,2026-05-23T03:00Z,2026-05-23T02:45Z,-144,1,5,10Y1001C--00090V,AUCTION-aFRR,B74,10YSK-SEPS-----K,EUR,A01,A02,20260523020-AFRR_N-UNIT_051-1,MWH,MAW,A01,A06,2026-05-23T03:00Z,2026-05-23T02:45Z
balancing_energy_bids,78,2026-05-23T02:45:00,PT15M,2026-05-23T03:00Z,2026-05-23T02:45Z,-150,1,12,10Y1001C--00090V,AUCTION-aFRR,B74,10YSK-SEPS-----K,EUR,A01,A02,20260523020-AFRR_N-UNIT_069-1,MWH,MAW,A01,A06,2026-05-23T03:00Z,2026-05-23T02:45Z
balancing_energy_bids,79,2026-05-23T02:45:00,PT15M,2026-05-23T03:00Z,2026-05-23T02:45Z,-5,1,5,10Y1001C--00090V,AUCTION-aFRR,B74,10YSK-SEPS-----K,EUR,A01,A02,20260523020-AFRR_N-UNIT_028-1,MWH,MAW,A01,A06,2026-05-23T03:00Z,2026-05-23T02:45Z
balancing_energy_bids,80,2026-05-23T02:45:00,PT15M,2026-05-23T03:00Z,2026-05-23T02:45Z,-50,1,2,10Y1001C--00090V,AUCTION-aFRR,B74,10YSK-SEPS-----K,EUR,A01,A02,20260523020-AFRR_N-UNIT_058-1,MWH,MAW,A01,A06,2026-05-23T03:00Z,2026-05-23T02:45Z
balancing_energy_bids,81,2026-05-23T02:45:00,PT15M,2026-05-23T03:00Z,2026-05-23T02:45Z,-10,1,20,10Y1001C--00090V,AUCTION-aFRR,B74,10YSK-SEPS-----K,EUR,A01,A02,20260523020-AFRR_N-UNIT_013-1,MWH,MAW,A01,A06,2026-05-23T03:00Z,2026-05-23T02:45Z
balancing_energy_bids,82,2026-05-23T02:45:00,PT15M,2026-05-23T03:00Z,2026-05-23T02:45Z,-10,1,30,10Y1001C--00090V,AUCTION-aFRR,B74,10YSK-SEPS-----K,EUR,A01,A02,20260523020-AFRR_N-UNIT_010-1,MWH,MAW,A01,A06,2026-05-23T03:00Z,2026-05-23T02:45Z
balancing_energy_bids,83,2026-05-23T02:45:00,PT15M,2026-05-23T03:00Z,2026-05-23T02:45Z,-29,1,11,10Y1001C--00090V,AUCTION-aFRR,B74,10YSK-SEPS-----K,EUR,A01,A02,20260523020-AFRR_N-UNIT_062-1,MWH,MAW,A01,A06,2026-05-23T03:00Z,2026-05-23T02:45Z
balancing_energy_bids,84,2026-05-23T02:45:00,PT15M,2026-05-23T03:00Z,2026-05-23T02:45Z,10,1,4,10Y1001C--00090V,AUCTION-aFRR,B74,10YSK-SEPS-----K,EUR,A01,A02,20260523020-AFRR_N-UNIT_043-1,MWH,MAW,A01,A06,2026-05-23T03:00Z,2026-05-23T02:45Z
balancing_energy_bids,85,2026-05-23T02:45:00,PT15M,2026-05-23T03:00Z,2026-05-23T02:45Z,-5,1,4,10Y1001C--00090V,AUCTION-aFRR,B74,10YSK-SEPS-----K,EUR,A01,A02,20260523020-AFRR_N-UNIT_104-1,MWH,MAW,A01,A06,2026-05-23T03:00Z,2026-05-23T02:45Z
balancing_energy_bids,86,2026-05-23T02:45:00,PT15M,2026-05-23T03:00Z,2026-05-23T02:45Z,-131.16,1,3,10Y1001C--00090V,AUCTION-aFRR,B74,10YSK-SEPS-----K,EUR,A01,A02,20260523020-AFRR_N-UNIT_089-1,MWH,MAW,A01,A06,2026-05-23T03:00Z,2026-05-23T02:45Z
balancing_energy_bids,87,2026-05-23T02:45:00,PT15M,2026-05-23T03:00Z,2026-05-23T02:45Z,0,1,6,10Y1001C--00090V,AUCTION-aFRR,B74,10YSK-SEPS-----K,EUR,A01,A02,20260523020-AFRR_N-UNIT_097-1,MWH,MAW,A01,A06,2026-05-23T03:00Z,2026-05-23T02:45Z
balancing_energy_bids,88,2026-05-23T02:45:00,PT15M,2026-05-23T03:00Z,2026-05-23T02:45Z,-199,1,1,10Y1001C--00090V,AUCTION-aFRR,B74,10YSK-SEPS-----K,EUR,A01,A02,20260523020-AFRR_N-UNIT_019-1,MWH,MAW,A01,A11,2026-05-23T03:00Z,2026-05-23T02:45Z
balancing_energy_bids,89,2026-05-23T02:45:00,PT15M,2026-05-23T03:00Z,2026-05-23T02:45Z,-19,1,1,10Y1001C--00090V,AUCTION-aFRR,B74,10YSK-SEPS-----K,EUR,A01,A02,20260523020-AFRR_N-UNIT_106-1,MWH,MAW,A01,A06,2026-05-23T03:00Z,2026-05-23T02:45Z
balancing_energy_bids,90,2026-05-23T02:45:00,PT15M,2026-05-23T03:00Z,2026-05-23T02:45Z,-5,1,7,10Y1001C--00090V,AUCTION-aFRR,B74,10YSK-SEPS-----K,EUR,A01,A02,20260523020-AFRR_N-UNIT_123-1,MWH,MAW,A01,A06,2026-05-23T03:00Z,2026-05-23T02:45Z
balancing_energy_bids,91,2026-05-23T02:45:00,PT15M,2026-05-23T03:00Z,2026-05-23T02:45Z,244,1,1,10Y1001C--00090V,AUCTION-aFRR,B74,10YSK-SEPS-----K,EUR,A01,A01,20260523020-AFRR_P-UNIT_019-1,MWH,MAW,A01,A06,2026-05-23T03:00Z,2026-05-23T02:45Z
balancing_energy_bids,92,2026-05-23T02:45:00,PT15M,2026-05-23T03:00Z,2026-05-23T02:45Z,145.38,1,5,10Y1001C--00090V,AUCTION-aFRR,B74,10YSK-SEPS-----K,EUR,A01,A01,20260523020-AFRR_P-UNIT_028-1,MWH,MAW,A01,A06,2026-05-23T03:00Z,2026-05-23T02:45Z
balancing_energy_bids,93,2026-05-23T03:00:00,PT15M,2026-05-23T03:15Z,2026-05-23T03:00Z,139,1,3,10Y1001C--00090V,AUCTION-aFRR,B74,10YSK-SEPS-----K,EUR,A01,A01,20260523021-AFRR_P-UNIT_043-1,MWH,MAW,A01,A06,2026-05-23T03:15Z,2026-05-23T03:00Z
balancing_energy_bids,94,2026-05-23T03:00:00,PT15M,2026-05-23T03:15Z,2026-05-23T03:00Z,110,1,10,10Y1001C--00090V,AUCTION-aFRR,B74,10YSK-SEPS-----K,EUR,A01,A01,20260523021-AFRR_P-UNIT_063-1,MWH,MAW,A01,A06,2026-05-23T03:15Z,2026-05-23T03:00Z
balancing_energy_bids,95,2026-05-23T03:00:00,PT15M,2026-05-23T03:15Z,2026-05-23T03:00Z,750,1,11,10Y1001C--00090V,AUCTION-aFRR,B74,10YSK-SEPS-----K,EUR,A01,A01,20260523021-AFRR_P-UNIT_104-1,MWH,MAW,A01,A06,2026-05-23T03:15Z,2026-05-23T03:00Z
balancing_energy_bids,96,2026-05-23T03:00:00,PT15M,2026-05-23T03:15Z,2026-05-23T03:00Z,190.07,1,3,10Y1001C--00090V,AUCTION-aFRR,B74,10YSK-SEPS-----K,EUR,A01,A01,20260523021-AFRR_P-UNIT_009-1,MWH,MAW,A01,A06,2026-05-23T03:15Z,2026-05-23T03:00Z
balancing_energy_bids,97,2026-05-23T03:00:00,PT15M,2026-05-23T03:15Z,2026-05-23T03:00Z,300,1,1,10Y1001C--00090V,AUCTION-aFRR,B74,10YSK-SEPS-----K,EUR,A01,A01,20260523021-AFRR_P-UNIT_106-1,MWH,MAW,A01,A11,2026-05-23T03:15Z,2026-05-23T03:00Z
balancing_energy_bids,98,2026-05-23T03:00:00,PT15M,2026-05-23T03:15Z,2026-05-23T03:00Z,189,1,6,10Y1001C--00090V,AUCTION-aFRR,B74,10YSK-SEPS-----K,EUR,A01,A01,20260523021-AFRR_P-UNIT_123-1,MWH,MAW,A01,A06,2026-05-23T03:15Z,2026-05-23T03:00Z
balancing_energy_bids,99,2026-05-23T03:00:00,PT15M,2026-05-23T03:15Z,2026-05-23T03:00Z,-5,1,1,10Y1001C--00090V,AUCTION-aFRR,B74,10YSK-SEPS-----K,EUR,A01,A02,20260523021-AFRR_N-UNIT_068-1,MWH,MAW,A01,A11,2026-05-23T03:15Z,2026-05-23T03:00Z
balancing_energy_bids,100,2026-05-23T03:00:00,PT15M,2026-05-23T03:15Z,2026-05-23T03:00Z,-30,1,7,10Y1001C--00090V,AUCTION-aFRR,B74,10YSK-SEPS-----K,EUR,A01,A02,20260523021-AFRR_N-UNIT_052-1,MWH,MAW,A01,A06,2026-05-23T03:15Z,2026-05-23T03:00Z
balancing_energy_bids,1,2026-05-23T03:00:00,PT15M,2026-05-23T03:15Z,2026-05-23T03:00Z,-144,1,5,10Y1001C--00090V,AUCTION-aFRR,B74,10YSK-SEPS-----K,EUR,A01,A02,20260523021-AFRR_N-UNIT_051-1,MWH,MAW,A01,A06,2026-05-23T03:15Z,2026-05-23T03:00Z
balancing_energy_bids,2,2026-05-23T03:00:00,PT15M,2026-05-23T03:15Z,2026-05-23T03:00Z,-150,1,12,10Y1001C--00090V,AUCTION-aFRR,B74,10YSK-SEPS-----K,EUR,A01,A02,20260523021-AFRR_N-UNIT_069-1,MWH,MAW,A01,A06,2026-05-23T03:15Z,2026-05-23T03:00Z
balancing_energy_bids,3,2026-05-23T03:00:00,PT15M,2026-05-23T03:15Z,2026-05-23T03:00Z,-5,1,5,10Y1001C--00090V,AUCTION-aFRR,B74,10YSK-SEPS-----K,EUR,A01,A02,20260523021-AFRR_N-UNIT_028-1,MWH,MAW,A01,A06,2026-05-23T03:15Z,2026-05-23T03:00Z
balancing_energy_bids,4,2026-05-23T03:00:00,PT15M,2026-05-23T03:15Z,2026-05-23T03:00Z,-50,1,2,10Y1001C--00090V,AUCTION-aFRR,B74,10YSK-SEPS-----K,EUR,A01,A02,20260523021-AFRR_N-UNIT_058-1,MWH,MAW,A01,A06,2026-05-23T03:15Z,2026-05-23T03:00Z
balancing_energy_bids,5,2026-05-23T03:00:00,PT15M,2026-05-23T03:15Z,2026-05-23T03:00Z,-10,1,20,10Y1001C--00090V,AUCTION-aFRR,B74,10YSK-SEPS-----K,EUR,A01,A02,20260523021-AFRR_N-UNIT_013-1,MWH,MAW,A01,A06,2026-05-23T03:15Z,2026-05-23T03:00Z
balancing_energy_bids,6,2026-05-23T03:00:00,PT15M,2026-05-23T03:15Z,2026-05-23T03:00Z,-10,1,30,10Y1001C--00090V,AUCTION-aFRR,B74,10YSK-SEPS-----K,EUR,A01,A02,20260523021-AFRR_N-UNIT_010-1,MWH,MAW,A01,A06,2026-05-23T03:15Z,2026-05-23T03:00Z
balancing_energy_bids,7,2026-05-23T03:00:00,PT15M,2026-05-23T03:15Z,2026-05-23T03:00Z,-29,1,15,10Y1001C--00090V,AUCTION-aFRR,B74,10YSK-SEPS-----K,EUR,A01,A02,20260523021-AFRR_N-UNIT_062-1,MWH,MAW,A01,A06,2026-05-23T03:15Z,2026-05-23T03:00Z
balancing_energy_bids,8,2026-05-23T03:00:00,PT15M,2026-05-23T03:15Z,2026-05-23T03:00Z,10,1,4,10Y1001C--00090V,AUCTION-aFRR,B74,10YSK-SEPS-----K,EUR,A01,A02,20260523021-AFRR_N-UNIT_043-1,MWH,MAW,A01,A06,2026-05-23T03:15Z,2026-05-23T03:00Z
balancing_energy_bids,9,2026-05-23T03:00:00,PT15M,2026-05-23T03:15Z,2026-05-23T03:00Z,-5,1,4,10Y1001C--00090V,AUCTION-aFRR,B74,10YSK-SEPS-----K,EUR,A01,A02,20260523021-AFRR_N-UNIT_104-1,MWH,MAW,A01,A06,2026-05-23T03:15Z,2026-05-23T03:00Z
balancing_energy_bids,10,2026-05-23T03:00:00,PT15M,2026-05-23T03:15Z,2026-05-23T03:00Z,-128.05,1,3,10Y1001C--00090V,AUCTION-aFRR,B74,10YSK-SEPS-----K,EUR,A01,A02,20260523021-AFRR_N-UNIT_089-1,MWH,MAW,A01,A06,2026-05-23T03:15Z,2026-05-23T03:00Z
balancing_energy_bids,11,2026-05-23T03:00:00,PT15M,2026-05-23T03:15Z,2026-05-23T03:00Z,0,1,7,10Y1001C--00090V,AUCTION-aFRR,B74,10YSK-SEPS-----K,EUR,A01,A02,20260523021-AFRR_N-UNIT_097-1,MWH,MAW,A01,A06,2026-05-23T03:15Z,2026-05-23T03:00Z
balancing_energy_bids,12,2026-05-23T03:00:00,PT15M,2026-05-23T03:15Z,2026-05-23T03:00Z,-199,1,1,10Y1001C--00090V,AUCTION-aFRR,B74,10YSK-SEPS-----K,EUR,A01,A02,20260523021-AFRR_N-UNIT_019-1,MWH,MAW,A01,A11,2026-05-23T03:15Z,2026-05-23T03:00Z
balancing_energy_bids,13,2026-05-23T03:00:00,PT15M,2026-05-23T03:15Z,2026-05-23T03:00Z,-19,1,1,10Y1001C--00090V,AUCTION-aFRR,B74,10YSK-SEPS-----K,EUR,A01,A02,20260523021-AFRR_N-UNIT_106-1,MWH,MAW,A01,A06,2026-05-23T03:15Z,2026-05-23T03:00Z
balancing_energy_bids,14,2026-05-23T03:00:00,PT15M,2026-05-23T03:15Z,2026-05-23T03:00Z,-5,1,7,10Y1001C--00090V,AUCTION-aFRR,B74,10YSK-SEPS-----K,EUR,A01,A02,20260523021-AFRR_N-UNIT_123-1,MWH,MAW,A01,A06,2026-05-23T03:15Z,2026-05-23T03:00Z
balancing_energy_bids,15,2026-05-23T03:00:00,PT15M,2026-05-23T03:15Z,2026-05-23T03:00Z,200,1,1,10Y1001C--00090V,AUCTION-aFRR,B74,10YSK-SEPS-----K,EUR,A01,A01,20260523021-AFRR_P-UNIT_058-1,MWH,MAW,A01,A11,2026-05-23T03:15Z,2026-05-23T03:00Z
balancing_energy_bids,16,2026-05-23T03:00:00,PT15M,2026-05-23T03:15Z,2026-05-23T03:00Z,190.07,1,14,10Y1001C--00090V,AUCTION-aFRR,B74,10YSK-SEPS-----K,EUR,A01,A01,20260523021-AFRR_P-UNIT_008-1,MWH,MAW,A01,A06,2026-05-23T03:15Z,2026-05-23T03:00Z
balancing_energy_bids,17,2026-05-23T03:00:00,PT15M,2026-05-23T03:15Z,2026-05-23T03:00Z,139,1,3,10Y1001C--00090V,AUCTION-aFRR,B74,10YSK-SEPS-----K,EUR,A01,A01,20260523021-AFRR_P-UNIT_062-1,MWH,MAW,A01,A06,2026-05-23T03:15Z,2026-05-23T03:00Z
balancing_energy_bids,18,2026-05-23T03:00:00,PT15M,2026-05-23T03:15Z,2026-05-23T03:00Z,184.73,1,1,10Y1001C--00090V,AUCTION-aFRR,B74,10YSK-SEPS-----K,EUR,A01,A01,20260523021-AFRR_P-UNIT_068-1,MWH,MAW,A01,A11,2026-05-23T03:15Z,2026-05-23T03:00Z
balancing_energy_bids,19,2026-05-23T03:00:00,PT15M,2026-05-23T03:15Z,2026-05-23T03:00Z,140,1,31,10Y1001C--00090V,AUCTION-aFRR,B74,10YSK-SEPS-----K,EUR,A01,A01,20260523021-AFRR_P-UNIT_052-1,MWH,MAW,A01,A06,2026-05-23T03:15Z,2026-05-23T03:00Z
balancing_energy_bids,20,2026-05-23T03:00:00,PT15M,2026-05-23T03:15Z,2026-05-23T03:00Z,500,1,10,10Y1001C--00090V,AUCTION-aFRR,B74,10YSK-SEPS-----K,EUR,A01,A01,20260523021-AFRR_P-UNIT_047-1,MWH,MAW,A01,A06,2026-05-23T03:15Z,2026-05-23T03:00Z
balancing_energy_bids,21,2026-05-23T03:00:00,PT15M,2026-05-23T03:15Z,2026-05-23T03:00Z,350,1,8,10Y1001C--00090V,AUCTION-aFRR,B74,10YSK-SEPS-----K,EUR,A01,A01,20260523021-AFRR_P-UNIT_051-1,MWH,MAW,A01,A06,2026-05-23T03:15Z,2026-05-23T03:00Z
balancing_energy_bids,22,2026-05-23T03:00:00,PT15M,2026-05-23T03:15Z,2026-05-23T03:00Z,135,1,15,10Y1001C--00090V,AUCTION-aFRR,B74,10YSK-SEPS-----K,EUR,A01,A01,20260523021-AFRR_P-UNIT_069-1,MWH,MAW,A01,A06,2026-05-23T03:15Z,2026-05-23T03:00Z
balancing_energy_bids,23,2026-05-23T03:00:00,PT15M,2026-05-23T03:15Z,2026-05-23T03:00Z,257,1,1,10Y1001C--00090V,AUCTION-aFRR,B74,10YSK-SEPS-----K,EUR,A01,A01,20260523021-AFRR_P-UNIT_019-1,MWH,MAW,A01,A06,2026-05-23T03:15Z,2026-05-23T03:00Z
balancing_energy_bids,24,2026-05-23T03:00:00,PT15M,2026-05-23T03:15Z,2026-05-23T03:00Z,149.74,1,5,10Y1001C--00090V,AUCTION-aFRR,B74,10YSK-SEPS-----K,EUR,A01,A01,20260523021-AFRR_P-UNIT_028-1,MWH,MAW,A01,A06,2026-05-23T03:15Z,2026-05-23T03:00Z
balancing_energy_bids,25,2026-05-23T03:15:00,PT15M,2026-05-23T03:30Z,2026-05-23T03:15Z,-133.27,1,3,10Y1001C--00090V,AUCTION-aFRR,B74,10YSK-SEPS-----K,EUR,A01,A02,20260523022-AFRR_N-UNIT_089-1,MWH,MAW,A01,A06,2026-05-23T03:30Z,2026-05-23T03:15Z
balancing_energy_bids,26,2026-05-23T03:15:00,PT15M,2026-05-23T03:30Z,2026-05-23T03:15Z,0,1,7,10Y1001C--00090V,AUCTION-aFRR,B74,10YSK-SEPS-----K,EUR,A01,A02,20260523022-AFRR_N-UNIT_097-1,MWH,MAW,A01,A06,2026-05-23T03:30Z,2026-05-23T03:15Z
balancing_energy_bids,27,2026-05-23T03:15:00,PT15M,2026-05-23T03:30Z,2026-05-23T03:15Z,-199,1,1,10Y1001C--00090V,AUCTION-aFRR,B74,10YSK-SEPS-----K,EUR,A01,A02,20260523022-AFRR_N-UNIT_019-1,MWH,MAW,A01,A11,2026-05-23T03:30Z,2026-05-23T03:15Z
balancing_energy_bids,28,2026-05-23T03:15:00,PT15M,2026-05-23T03:30Z,2026-05-23T03:15Z,-19,1,1,10Y1001C--00090V,AUCTION-aFRR,B74,10YSK-SEPS-----K,EUR,A01,A02,20260523022-AFRR_N-UNIT_106-1,MWH,MAW,A01,A06,2026-05-23T03:30Z,2026-05-23T03:15Z
balancing_energy_bids,29,2026-05-23T03:15:00,PT15M,2026-05-23T03:30Z,2026-05-23T03:15Z,-5,1,7,10Y1001C--00090V,AUCTION-aFRR,B74,10YSK-SEPS-----K,EUR,A01,A02,20260523022-AFRR_N-UNIT_123-1,MWH,MAW,A01,A06,2026-05-23T03:30Z,2026-05-23T03:15Z
balancing_energy_bids,30,2026-05-23T03:15:00,PT15M,2026-05-23T03:30Z,2026-05-23T03:15Z,177.42,1,1,10Y1001C--00090V,AUCTION-aFRR,B74,10YSK-SEPS-----K,EUR,A01,A01,20260523022-AFRR_P-UNIT_068-1,MWH,MAW,A01,A11,2026-05-23T03:30Z,2026-05-23T03:15Z
balancing_energy_bids,31,2026-05-23T03:15:00,PT15M,2026-05-23T03:30Z,2026-05-23T03:15Z,140,1,31,10Y1001C--00090V,AUCTION-aFRR,B74,10YSK-SEPS-----K,EUR,A01,A01,20260523022-AFRR_P-UNIT_052-1,MWH,MAW,A01,A06,2026-05-23T03:30Z,2026-05-23T03:15Z
balancing_energy_bids,32,2026-05-23T03:15:00,PT15M,2026-05-23T03:30Z,2026-05-23T03:15Z,500,1,10,10Y1001C--00090V,AUCTION-aFRR,B74,10YSK-SEPS-----K,EUR,A01,A01,20260523022-AFRR_P-UNIT_047-1,MWH,MAW,A01,A06,2026-05-23T03:30Z,2026-05-23T03:15Z
balancing_energy_bids,33,2026-05-23T03:15:00,PT15M,2026-05-23T03:30Z,2026-05-23T03:15Z,350,1,8,10Y1001C--00090V,AUCTION-aFRR,B74,10YSK-SEPS-----K,EUR,A01,A01,20260523022-AFRR_P-UNIT_051-1,MWH,MAW,A01,A06,2026-05-23T03:30Z,2026-05-23T03:15Z
balancing_energy_bids,34,2026-05-23T03:15:00,PT15M,2026-05-23T03:30Z,2026-05-23T03:15Z,135,1,15,10Y1001C--00090V,AUCTION-aFRR,B74,10YSK-SEPS-----K,EUR,A01,A01,20260523022-AFRR_P-UNIT_069-1,MWH,MAW,A01,A06,2026-05-23T03:30Z,2026-05-23T03:15Z
balancing_energy_bids,35,2026-05-23T03:15:00,PT15M,2026-05-23T03:30Z,2026-05-23T03:15Z,200,1,1,10Y1001C--00090V,AUCTION-aFRR,B74,10YSK-SEPS-----K,EUR,A01,A01,20260523022-AFRR_P-UNIT_058-1,MWH,MAW,A01,A11,2026-05-23T03:30Z,2026-05-23T03:15Z
balancing_energy_bids,36,2026-05-23T03:15:00,PT15M,2026-05-23T03:30Z,2026-05-23T03:15Z,190.07,1,14,10Y1001C--00090V,AUCTION-aFRR,B74,10YSK-SEPS-----K,EUR,A01,A01,20260523022-AFRR_P-UNIT_008-1,MWH,MAW,A01,A06,2026-05-23T03:30Z,2026-05-23T03:15Z
balancing_energy_bids,37,2026-05-23T03:15:00,PT15M,2026-05-23T03:30Z,2026-05-23T03:15Z,133,1,3,10Y1001C--00090V,AUCTION-aFRR,B74,10YSK-SEPS-----K,EUR,A01,A01,20260523022-AFRR_P-UNIT_062-1,MWH,MAW,A01,A06,2026-05-23T03:30Z,2026-05-23T03:15Z
balancing_energy_bids,38,2026-05-23T03:15:00,PT15M,2026-05-23T03:30Z,2026-05-23T03:15Z,133,1,3,10Y1001C--00090V,AUCTION-aFRR,B74,10YSK-SEPS-----K,EUR,A01,A01,20260523022-AFRR_P-UNIT_043-1,MWH,MAW,A01,A06,2026-05-23T03:30Z,2026-05-23T03:15Z
balancing_energy_bids,39,2026-05-23T03:15:00,PT15M,2026-05-23T03:30Z,2026-05-23T03:15Z,110,1,10,10Y1001C--00090V,AUCTION-aFRR,B74,10YSK-SEPS-----K,EUR,A01,A01,20260523022-AFRR_P-UNIT_063-1,MWH,MAW,A01,A06,2026-05-23T03:30Z,2026-05-23T03:15Z
balancing_energy_bids,40,2026-05-23T03:15:00,PT15M,2026-05-23T03:30Z,2026-05-23T03:15Z,750,1,11,10Y1001C--00090V,AUCTION-aFRR,B74,10YSK-SEPS-----K,EUR,A01,A01,20260523022-AFRR_P-UNIT_104-1,MWH,MAW,A01,A06,2026-05-23T03:30Z,2026-05-23T03:15Z
balancing_energy_bids,41,2026-05-23T03:15:00,PT15M,2026-05-23T03:30Z,2026-05-23T03:15Z,190.07,1,3,10Y1001C--00090V,AUCTION-aFRR,B74,10YSK-SEPS-----K,EUR,A01,A01,20260523022-AFRR_P-UNIT_009-1,MWH,MAW,A01,A06,2026-05-23T03:30Z,2026-05-23T03:15Z
balancing_energy_bids,42,2026-05-23T03:15:00,PT15M,2026-05-23T03:30Z,2026-05-23T03:15Z,248,1,1,10Y1001C--00090V,AUCTION-aFRR,B74,10YSK-SEPS-----K,EUR,A01,A01,20260523022-AFRR_P-UNIT_019-1,MWH,MAW,A01,A06,2026-05-23T03:30Z,2026-05-23T03:15Z
balancing_energy_bids,43,2026-05-23T03:15:00,PT15M,2026-05-23T03:30Z,2026-05-23T03:15Z,300,1,1,10Y1001C--00090V,AUCTION-aFRR,B74,10YSK-SEPS-----K,EUR,A01,A01,20260523022-AFRR_P-UNIT_106-1,MWH,MAW,A01,A11,2026-05-23T03:30Z,2026-05-23T03:15Z
balancing_energy_bids,44,2026-05-23T03:15:00,PT15M,2026-05-23T03:30Z,2026-05-23T03:15Z,189,1,6,10Y1001C--00090V,AUCTION-aFRR,B74,10YSK-SEPS-----K,EUR,A01,A01,20260523022-AFRR_P-UNIT_123-1,MWH,MAW,A01,A06,2026-05-23T03:30Z,2026-05-23T03:15Z
balancing_energy_bids,45,2026-05-23T03:15:00,PT15M,2026-05-23T03:30Z,2026-05-23T03:15Z,-5,1,1,10Y1001C--00090V,AUCTION-aFRR,B74,10YSK-SEPS-----K,EUR,A01,A02,20260523022-AFRR_N-UNIT_068-1,MWH,MAW,A01,A11,2026-05-23T03:30Z,2026-05-23T03:15Z
balancing_energy_bids,46,2026-05-23T03:15:00,PT15M,2026-05-23T03:30Z,2026-05-23T03:15Z,-30,1,7,10Y1001C--00090V,AUCTION-aFRR,B74,10YSK-SEPS-----K,EUR,A01,A02,20260523022-AFRR_N-UNIT_052-1,MWH,MAW,A01,A06,2026-05-23T03:30Z,2026-05-23T03:15Z
balancing_energy_bids,47,2026-05-23T03:15:00,PT15M,2026-05-23T03:30Z,2026-05-23T03:15Z,-144,1,5,10Y1001C--00090V,AUCTION-aFRR,B74,10YSK-SEPS-----K,EUR,A01,A02,20260523022-AFRR_N-UNIT_051-1,MWH,MAW,A01,A06,2026-05-23T03:30Z,2026-05-23T03:15Z
balancing_energy_bids,48,2026-05-23T03:15:00,PT15M,2026-05-23T03:30Z,2026-05-23T03:15Z,-150,1,12,10Y1001C--00090V,AUCTION-aFRR,B74,10YSK-SEPS-----K,EUR,A01,A02,20260523022-AFRR_N-UNIT_069-1,MWH,MAW,A01,A06,2026-05-23T03:30Z,2026-05-23T03:15Z
balancing_energy_bids,49,2026-05-23T03:15:00,PT15M,2026-05-23T03:30Z,2026-05-23T03:15Z,-5,1,5,10Y1001C--00090V,AUCTION-aFRR,B74,10YSK-SEPS-----K,EUR,A01,A02,20260523022-AFRR_N-UNIT_028-1,MWH,MAW,A01,A06,2026-05-23T03:30Z,2026-05-23T03:15Z
balancing_energy_bids,50,2026-05-23T03:15:00,PT15M,2026-05-23T03:30Z,2026-05-23T03:15Z,-50,1,2,10Y1001C--00090V,AUCTION-aFRR,B74,10YSK-SEPS-----K,EUR,A01,A02,20260523022-AFRR_N-UNIT_058-1,MWH,MAW,A01,A06,2026-05-23T03:30Z,2026-05-23T03:15Z
balancing_energy_bids,51,2026-05-23T03:15:00,PT15M,2026-05-23T03:30Z,2026-05-23T03:15Z,-10,1,20,10Y1001C--00090V,AUCTION-aFRR,B74,10YSK-SEPS-----K,EUR,A01,A02,20260523022-AFRR_N-UNIT_013-1,MWH,MAW,A01,A06,2026-05-23T03:30Z,2026-05-23T03:15Z
balancing_energy_bids,52,2026-05-23T03:15:00,PT15M,2026-05-23T03:30Z,2026-05-23T03:15Z,-10,1,30,10Y1001C--00090V,AUCTION-aFRR,B74,10YSK-SEPS-----K,EUR,A01,A02,20260523022-AFRR_N-UNIT_010-1,MWH,MAW,A01,A06,2026-05-23T03:30Z,2026-05-23T03:15Z
balancing_energy_bids,53,2026-05-23T03:15:00,PT15M,2026-05-23T03:30Z,2026-05-23T03:15Z,-29,1,15,10Y1001C--00090V,AUCTION-aFRR,B74,10YSK-SEPS-----K,EUR,A01,A02,20260523022-AFRR_N-UNIT_062-1,MWH,MAW,A01,A06,2026-05-23T03:30Z,2026-05-23T03:15Z
balancing_energy_bids,54,2026-05-23T03:15:00,PT15M,2026-05-23T03:30Z,2026-05-23T03:15Z,10,1,4,10Y1001C--00090V,AUCTION-aFRR,B74,10YSK-SEPS-----K,EUR,A01,A02,20260523022-AFRR_N-UNIT_043-1,MWH,MAW,A01,A06,2026-05-23T03:30Z,2026-05-23T03:15Z
balancing_energy_bids,55,2026-05-23T03:15:00,PT15M,2026-05-23T03:30Z,2026-05-23T03:15Z,-5,1,4,10Y1001C--00090V,AUCTION-aFRR,B74,10YSK-SEPS-----K,EUR,A01,A02,20260523022-AFRR_N-UNIT_104-1,MWH,MAW,A01,A06,2026-05-23T03:30Z,2026-05-23T03:15Z
balancing_energy_bids,56,2026-05-23T03:15:00,PT15M,2026-05-23T03:30Z,2026-05-23T03:15Z,142.43,1,5,10Y1001C--00090V,AUCTION-aFRR,B74,10YSK-SEPS-----K,EUR,A01,A01,20260523022-AFRR_P-UNIT_028-1,MWH,MAW,A01,A06,2026-05-23T03:30Z,2026-05-23T03:15Z
balancing_energy_bids,57,2026-05-23T03:30:00,PT15M,2026-05-23T03:45Z,2026-05-23T03:30Z,172.08,1,1,10Y1001C--00090V,AUCTION-aFRR,B74,10YSK-SEPS-----K,EUR,A01,A01,20260523023-AFRR_P-UNIT_068-1,MWH,MAW,A01,A11,2026-05-23T03:45Z,2026-05-23T03:30Z
balancing_energy_bids,58,2026-05-23T03:30:00,PT15M,2026-05-23T03:45Z,2026-05-23T03:30Z,140,1,31,10Y1001C--00090V,AUCTION-aFRR,B74,10YSK-SEPS-----K,EUR,A01,A01,20260523023-AFRR_P-UNIT_052-1,MWH,MAW,A01,A06,2026-05-23T03:45Z,2026-05-23T03:30Z
balancing_energy_bids,59,2026-05-23T03:30:00,PT15M,2026-05-23T03:45Z,2026-05-23T03:30Z,500,1,10,10Y1001C--00090V,AUCTION-aFRR,B74,10YSK-SEPS-----K,EUR,A01,A01,20260523023-AFRR_P-UNIT_047-1,MWH,MAW,A01,A06,2026-05-23T03:45Z,2026-05-23T03:30Z
balancing_energy_bids,60,2026-05-23T03:30:00,PT15M,2026-05-23T03:45Z,2026-05-23T03:30Z,350,1,8,10Y1001C--00090V,AUCTION-aFRR,B74,10YSK-SEPS-----K,EUR,A01,A01,20260523023-AFRR_P-UNIT_051-1,MWH,MAW,A01,A06,2026-05-23T03:45Z,2026-05-23T03:30Z
balancing_energy_bids,61,2026-05-23T03:30:00,PT15M,2026-05-23T03:45Z,2026-05-23T03:30Z,135,1,15,10Y1001C--00090V,AUCTION-aFRR,B74,10YSK-SEPS-----K,EUR,A01,A01,20260523023-AFRR_P-UNIT_069-1,MWH,MAW,A01,A06,2026-05-23T03:45Z,2026-05-23T03:30Z
balancing_energy_bids,62,2026-05-23T03:30:00,PT15M,2026-05-23T03:45Z,2026-05-23T03:30Z,200,1,1,10Y1001C--00090V,AUCTION-aFRR,B74,10YSK-SEPS-----K,EUR,A01,A01,20260523023-AFRR_P-UNIT_058-1,MWH,MAW,A01,A11,2026-05-23T03:45Z,2026-05-23T03:30Z
balancing_energy_bids,63,2026-05-23T03:30:00,PT15M,2026-05-23T03:45Z,2026-05-23T03:30Z,190.07,1,14,10Y1001C--00090V,AUCTION-aFRR,B74,10YSK-SEPS-----K,EUR,A01,A01,20260523023-AFRR_P-UNIT_008-1,MWH,MAW,A01,A06,2026-05-23T03:45Z,2026-05-23T03:30Z
balancing_energy_bids,64,2026-05-23T03:30:00,PT15M,2026-05-23T03:45Z,2026-05-23T03:30Z,129,1,3,10Y1001C--00090V,AUCTION-aFRR,B74,10YSK-SEPS-----K,EUR,A01,A01,20260523023-AFRR_P-UNIT_062-1,MWH,MAW,A01,A06,2026-05-23T03:45Z,2026-05-23T03:30Z
balancing_energy_bids,65,2026-05-23T03:30:00,PT15M,2026-05-23T03:45Z,2026-05-23T03:30Z,129,1,3,10Y1001C--00090V,AUCTION-aFRR,B74,10YSK-SEPS-----K,EUR,A01,A01,20260523023-AFRR_P-UNIT_043-1,MWH,MAW,A01,A06,2026-05-23T03:45Z,2026-05-23T03:30Z
balancing_energy_bids,66,2026-05-23T03:30:00,PT15M,2026-05-23T03:45Z,2026-05-23T03:30Z,110,1,10,10Y1001C--00090V,AUCTION-aFRR,B74,10YSK-SEPS-----K,EUR,A01,A01,20260523023-AFRR_P-UNIT_063-1,MWH,MAW,A01,A06,2026-05-23T03:45Z,2026-05-23T03:30Z
balancing_energy_bids,67,2026-05-23T03:30:00,PT15M,2026-05-23T03:45Z,2026-05-23T03:30Z,750,1,11,10Y1001C--00090V,AUCTION-aFRR,B74,10YSK-SEPS-----K,EUR,A01,A01,20260523023-AFRR_P-UNIT_104-1,MWH,MAW,A01,A06,2026-05-23T03:45Z,2026-05-23T03:30Z
balancing_energy_bids,68,2026-05-23T03:30:00,PT15M,2026-05-23T03:45Z,2026-05-23T03:30Z,190.07,1,3,10Y1001C--00090V,AUCTION-aFRR,B74,10YSK-SEPS-----K,EUR,A01,A01,20260523023-AFRR_P-UNIT_009-1,MWH,MAW,A01,A06,2026-05-23T03:45Z,2026-05-23T03:30Z
balancing_energy_bids,69,2026-05-23T03:30:00,PT15M,2026-05-23T03:45Z,2026-05-23T03:30Z,240,1,1,10Y1001C--00090V,AUCTION-aFRR,B74,10YSK-SEPS-----K,EUR,A01,A01,20260523023-AFRR_P-UNIT_019-1,MWH,MAW,A01,A06,2026-05-23T03:45Z,2026-05-23T03:30Z
balancing_energy_bids,70,2026-05-23T03:30:00,PT15M,2026-05-23T03:45Z,2026-05-23T03:30Z,300,1,1,10Y1001C--00090V,AUCTION-aFRR,B74,10YSK-SEPS-----K,EUR,A01,A01,20260523023-AFRR_P-UNIT_106-1,MWH,MAW,A01,A11,2026-05-23T03:45Z,2026-05-23T03:30Z
balancing_energy_bids,71,2026-05-23T03:30:00,PT15M,2026-05-23T03:45Z,2026-05-23T03:30Z,189,1,6,10Y1001C--00090V,AUCTION-aFRR,B74,10YSK-SEPS-----K,EUR,A01,A01,20260523023-AFRR_P-UNIT_123-1,MWH,MAW,A01,A06,2026-05-23T03:45Z,2026-05-23T03:30Z
balancing_energy_bids,72,2026-05-23T03:30:00,PT15M,2026-05-23T03:45Z,2026-05-23T03:30Z,-5,1,1,10Y1001C--00090V,AUCTION-aFRR,B74,10YSK-SEPS-----K,EUR,A01,A02,20260523023-AFRR_N-UNIT_068-1,MWH,MAW,A01,A11,2026-05-23T03:45Z,2026-05-23T03:30Z
balancing_energy_bids,73,2026-05-23T03:30:00,PT15M,2026-05-23T03:45Z,2026-05-23T03:30Z,-30,1,7,10Y1001C--00090V,AUCTION-aFRR,B74,10YSK-SEPS-----K,EUR,A01,A02,20260523023-AFRR_N-UNIT_052-1,MWH,MAW,A01,A06,2026-05-23T03:45Z,2026-05-23T03:30Z
balancing_energy_bids,74,2026-05-23T03:30:00,PT15M,2026-05-23T03:45Z,2026-05-23T03:30Z,-144,1,5,10Y1001C--00090V,AUCTION-aFRR,B74,10YSK-SEPS-----K,EUR,A01,A02,20260523023-AFRR_N-UNIT_051-1,MWH,MAW,A01,A06,2026-05-23T03:45Z,2026-05-23T03:30Z
balancing_energy_bids,75,2026-05-23T03:30:00,PT15M,2026-05-23T03:45Z,2026-05-23T03:30Z,-150,1,12,10Y1001C--00090V,AUCTION-aFRR,B74,10YSK-SEPS-----K,EUR,A01,A02,20260523023-AFRR_N-UNIT_069-1,MWH,MAW,A01,A06,2026-05-23T03:45Z,2026-05-23T03:30Z
balancing_energy_bids,76,2026-05-23T03:30:00,PT15M,2026-05-23T03:45Z,2026-05-23T03:30Z,-5,1,5,10Y1001C--00090V,AUCTION-aFRR,B74,10YSK-SEPS-----K,EUR,A01,A02,20260523023-AFRR_N-UNIT_028-1,MWH,MAW,A01,A06,2026-05-23T03:45Z,2026-05-23T03:30Z
balancing_energy_bids,77,2026-05-23T03:30:00,PT15M,2026-05-23T03:45Z,2026-05-23T03:30Z,-50,1,2,10Y1001C--00090V,AUCTION-aFRR,B74,10YSK-SEPS-----K,EUR,A01,A02,20260523023-AFRR_N-UNIT_058-1,MWH,MAW,A01,A06,2026-05-23T03:45Z,2026-05-23T03:30Z
balancing_energy_bids,78,2026-05-23T03:30:00,PT15M,2026-05-23T03:45Z,2026-05-23T03:30Z,-10,1,20,10Y1001C--00090V,AUCTION-aFRR,B74,10YSK-SEPS-----K,EUR,A01,A02,20260523023-AFRR_N-UNIT_013-1,MWH,MAW,A01,A06,2026-05-23T03:45Z,2026-05-23T03:30Z
balancing_energy_bids,79,2026-05-23T03:30:00,PT15M,2026-05-23T03:45Z,2026-05-23T03:30Z,-10,1,30,10Y1001C--00090V,AUCTION-aFRR,B74,10YSK-SEPS-----K,EUR,A01,A02,20260523023-AFRR_N-UNIT_010-1,MWH,MAW,A01,A06,2026-05-23T03:45Z,2026-05-23T03:30Z
balancing_energy_bids,80,2026-05-23T03:30:00,PT15M,2026-05-23T03:45Z,2026-05-23T03:30Z,-29,1,15,10Y1001C--00090V,AUCTION-aFRR,B74,10YSK-SEPS-----K,EUR,A01,A02,20260523023-AFRR_N-UNIT_062-1,MWH,MAW,A01,A06,2026-05-23T03:45Z,2026-05-23T03:30Z
balancing_energy_bids,81,2026-05-23T03:30:00,PT15M,2026-05-23T03:45Z,2026-05-23T03:30Z,10,1,4,10Y1001C--00090V,AUCTION-aFRR,B74,10YSK-SEPS-----K,EUR,A01,A02,20260523023-AFRR_N-UNIT_043-1,MWH,MAW,A01,A06,2026-05-23T03:45Z,2026-05-23T03:30Z
balancing_energy_bids,82,2026-05-23T03:30:00,PT15M,2026-05-23T03:45Z,2026-05-23T03:30Z,-5,1,4,10Y1001C--00090V,AUCTION-aFRR,B74,10YSK-SEPS-----K,EUR,A01,A02,20260523023-AFRR_N-UNIT_104-1,MWH,MAW,A01,A06,2026-05-23T03:45Z,2026-05-23T03:30Z
balancing_energy_bids,83,2026-05-23T03:30:00,PT15M,2026-05-23T03:45Z,2026-05-23T03:30Z,-137.08,1,3,10Y1001C--00090V,AUCTION-aFRR,B74,10YSK-SEPS-----K,EUR,A01,A02,20260523023-AFRR_N-UNIT_089-1,MWH,MAW,A01,A06,2026-05-23T03:45Z,2026-05-23T03:30Z
balancing_energy_bids,84,2026-05-23T03:30:00,PT15M,2026-05-23T03:45Z,2026-05-23T03:30Z,0,1,7,10Y1001C--00090V,AUCTION-aFRR,B74,10YSK-SEPS-----K,EUR,A01,A02,20260523023-AFRR_N-UNIT_097-1,MWH,MAW,A01,A06,2026-05-23T03:45Z,2026-05-23T03:30Z
balancing_energy_bids,85,2026-05-23T03:30:00,PT15M,2026-05-23T03:45Z,2026-05-23T03:30Z,-199,1,1,10Y1001C--00090V,AUCTION-aFRR,B74,10YSK-SEPS-----K,EUR,A01,A02,20260523023-AFRR_N-UNIT_019-1,MWH,MAW,A01,A11,2026-05-23T03:45Z,2026-05-23T03:30Z
balancing_energy_bids,86,2026-05-23T03:30:00,PT15M,2026-05-23T03:45Z,2026-05-23T03:30Z,-19,1,1,10Y1001C--00090V,AUCTION-aFRR,B74,10YSK-SEPS-----K,EUR,A01,A02,20260523023-AFRR_N-UNIT_106-1,MWH,MAW,A01,A06,2026-05-23T03:45Z,2026-05-23T03:30Z
balancing_energy_bids,87,2026-05-23T03:30:00,PT15M,2026-05-23T03:45Z,2026-05-23T03:30Z,-5,1,7,10Y1001C--00090V,AUCTION-aFRR,B74,10YSK-SEPS-----K,EUR,A01,A02,20260523023-AFRR_N-UNIT_123-1,MWH,MAW,A01,A06,2026-05-23T03:45Z,2026-05-23T03:30Z
balancing_energy_bids,88,2026-05-23T03:30:00,PT15M,2026-05-23T03:45Z,2026-05-23T03:30Z,137.09,1,5,10Y1001C--00090V,AUCTION-aFRR,B74,10YSK-SEPS-----K,EUR,A01,A01,20260523023-AFRR_P-UNIT_028-1,MWH,MAW,A01,A06,2026-05-23T03:45Z,2026-05-23T03:30Z
balancing_energy_bids,89,2026-05-23T03:45:00,PT15M,2026-05-23T04:00Z,2026-05-23T03:45Z,161.68,1,1,10Y1001C--00090V,AUCTION-aFRR,B74,10YSK-SEPS-----K,EUR,A01,A01,20260523024-AFRR_P-UNIT_068-1,MWH,MAW,A01,A11,2026-05-23T04:00Z,2026-05-23T03:45Z
balancing_energy_bids,90,2026-05-23T03:45:00,PT15M,2026-05-23T04:00Z,2026-05-23T03:45Z,140,1,31,10Y1001C--00090V,AUCTION-aFRR,B74,10YSK-SEPS-----K,EUR,A01,A01,20260523024-AFRR_P-UNIT_052-1,MWH,MAW,A01,A06,2026-05-23T04:00Z,2026-05-23T03:45Z
balancing_energy_bids,91,2026-05-23T03:45:00,PT15M,2026-05-23T04:00Z,2026-05-23T03:45Z,500,1,10,10Y1001C--00090V,AUCTION-aFRR,B74,10YSK-SEPS-----K,EUR,A01,A01,20260523024-AFRR_P-UNIT_047-1,MWH,MAW,A01,A06,2026-05-23T04:00Z,2026-05-23T03:45Z
balancing_energy_bids,92,2026-05-23T03:45:00,PT15M,2026-05-23T04:00Z,2026-05-23T03:45Z,350,1,8,10Y1001C--00090V,AUCTION-aFRR,B74,10YSK-SEPS-----K,EUR,A01,A01,20260523024-AFRR_P-UNIT_051-1,MWH,MAW,A01,A06,2026-05-23T04:00Z,2026-05-23T03:45Z
balancing_energy_bids,93,2026-05-23T03:45:00,PT15M,2026-05-23T04:00Z,2026-05-23T03:45Z,135,1,15,10Y1001C--00090V,AUCTION-aFRR,B74,10YSK-SEPS-----K,EUR,A01,A01,20260523024-AFRR_P-UNIT_069-1,MWH,MAW,A01,A06,2026-05-23T04:00Z,2026-05-23T03:45Z
balancing_energy_bids,94,2026-05-23T03:45:00,PT15M,2026-05-23T04:00Z,2026-05-23T03:45Z,200,1,1,10Y1001C--00090V,AUCTION-aFRR,B74,10YSK-SEPS-----K,EUR,A01,A01,20260523024-AFRR_P-UNIT_058-1,MWH,MAW,A01,A11,2026-05-23T04:00Z,2026-05-23T03:45Z
balancing_energy_bids,95,2026-05-23T03:45:00,PT15M,2026-05-23T04:00Z,2026-05-23T03:45Z,190.07,1,14,10Y1001C--00090V,AUCTION-aFRR,B74,10YSK-SEPS-----K,EUR,A01,A01,20260523024-AFRR_P-UNIT_008-1,MWH,MAW,A01,A06,2026-05-23T04:00Z,2026-05-23T03:45Z
balancing_energy_bids,96,2026-05-23T03:45:00,PT15M,2026-05-23T04:00Z,2026-05-23T03:45Z,121,1,3,10Y1001C--00090V,AUCTION-aFRR,B74,10YSK-SEPS-----K,EUR,A01,A01,20260523024-AFRR_P-UNIT_062-1,MWH,MAW,A01,A06,2026-05-23T04:00Z,2026-05-23T03:45Z
balancing_energy_bids,97,2026-05-23T03:45:00,PT15M,2026-05-23T04:00Z,2026-05-23T03:45Z,121,1,3,10Y1001C--00090V,AUCTION-aFRR,B74,10YSK-SEPS-----K,EUR,A01,A01,20260523024-AFRR_P-UNIT_043-1,MWH,MAW,A01,A06,2026-05-23T04:00Z,2026-05-23T03:45Z
balancing_energy_bids,98,2026-05-23T03:45:00,PT15M,2026-05-23T04:00Z,2026-05-23T03:45Z,110,1,10,10Y1001C--00090V,AUCTION-aFRR,B74,10YSK-SEPS-----K,EUR,A01,A01,20260523024-AFRR_P-UNIT_063-1,MWH,MAW,A01,A06,2026-05-23T04:00Z,2026-05-23T03:45Z
balancing_energy_bids,99,2026-05-23T03:45:00,PT15M,2026-05-23T04:00Z,2026-05-23T03:45Z,750,1,11,10Y1001C--00090V,AUCTION-aFRR,B74,10YSK-SEPS-----K,EUR,A01,A01,20260523024-AFRR_P-UNIT_104-1,MWH,MAW,A01,A06,2026-05-23T04:00Z,2026-05-23T03:45Z
balancing_energy_bids,100,2026-05-23T03:45:00,PT15M,2026-05-23T04:00Z,2026-05-23T03:45Z,190.07,1,3,10Y1001C--00090V,AUCTION-aFRR,B74,10YSK-SEPS-----K,EUR,A01,A01,20260523024-AFRR_P-UNIT_009-1,MWH,MAW,A01,A06,2026-05-23T04:00Z,2026-05-23T03:45Z
balancing_energy_bids,1,2026-05-23T03:45:00,PT15M,2026-05-23T04:00Z,2026-05-23T03:45Z,240,1,1,10Y1001C--00090V,AUCTION-aFRR,B74,10YSK-SEPS-----K,EUR,A01,A01,20260523024-AFRR_P-UNIT_019-1,MWH,MAW,A01,A06,2026-05-23T04:00Z,2026-05-23T03:45Z
balancing_energy_bids,2,2026-05-23T03:45:00,PT15M,2026-05-23T04:00Z,2026-05-23T03:45Z,300,1,1,10Y1001C--00090V,AUCTION-aFRR,B74,10YSK-SEPS-----K,EUR,A01,A01,20260523024-AFRR_P-UNIT_106-1,MWH,MAW,A01,A11,2026-05-23T04:00Z,2026-05-23T03:45Z
balancing_energy_bids,3,2026-05-23T03:45:00,PT15M,2026-05-23T04:00Z,2026-05-23T03:45Z,189,1,6,10Y1001C--00090V,AUCTION-aFRR,B74,10YSK-SEPS-----K,EUR,A01,A01,20260523024-AFRR_P-UNIT_123-1,MWH,MAW,A01,A06,2026-05-23T04:00Z,2026-05-23T03:45Z
balancing_energy_bids,4,2026-05-23T03:45:00,PT15M,2026-05-23T04:00Z,2026-05-23T03:45Z,-5,1,1,10Y1001C--00090V,AUCTION-aFRR,B74,10YSK-SEPS-----K,EUR,A01,A02,20260523024-AFRR_N-UNIT_068-1,MWH,MAW,A01,A11,2026-05-23T04:00Z,2026-05-23T03:45Z
balancing_energy_bids,5,2026-05-23T03:45:00,PT15M,2026-05-23T04:00Z,2026-05-23T03:45Z,-30,1,7,10Y1001C--00090V,AUCTION-aFRR,B74,10YSK-SEPS-----K,EUR,A01,A02,20260523024-AFRR_N-UNIT_052-1,MWH,MAW,A01,A06,2026-05-23T04:00Z,2026-05-23T03:45Z
balancing_energy_bids,6,2026-05-23T03:45:00,PT15M,2026-05-23T04:00Z,2026-05-23T03:45Z,-144,1,5,10Y1001C--00090V,AUCTION-aFRR,B74,10YSK-SEPS-----K,EUR,A01,A02,20260523024-AFRR_N-UNIT_051-1,MWH,MAW,A01,A06,2026-05-23T04:00Z,2026-05-23T03:45Z
balancing_energy_bids,7,2026-05-23T03:45:00,PT15M,2026-05-23T04:00Z,2026-05-23T03:45Z,-150,1,12,10Y1001C--00090V,AUCTION-aFRR,B74,10YSK-SEPS-----K,EUR,A01,A02,20260523024-AFRR_N-UNIT_069-1,MWH,MAW,A01,A06,2026-05-23T04:00Z,2026-05-23T03:45Z
balancing_energy_bids,8,2026-05-23T03:45:00,PT15M,2026-05-23T04:00Z,2026-05-23T03:45Z,-5,1,5,10Y1001C--00090V,AUCTION-aFRR,B74,10YSK-SEPS-----K,EUR,A01,A02,20260523024-AFRR_N-UNIT_028-1,MWH,MAW,A01,A06,2026-05-23T04:00Z,2026-05-23T03:45Z
balancing_energy_bids,9,2026-05-23T03:45:00,PT15M,2026-05-23T04:00Z,2026-05-23T03:45Z,-50,1,2,10Y1001C--00090V,AUCTION-aFRR,B74,10YSK-SEPS-----K,EUR,A01,A02,20260523024-AFRR_N-UNIT_058-1,MWH,MAW,A01,A06,2026-05-23T04:00Z,2026-05-23T03:45Z
balancing_energy_bids,10,2026-05-23T03:45:00,PT15M,2026-05-23T04:00Z,2026-05-23T03:45Z,-10,1,20,10Y1001C--00090V,AUCTION-aFRR,B74,10YSK-SEPS-----K,EUR,A01,A02,20260523024-AFRR_N-UNIT_013-1,MWH,MAW,A01,A06,2026-05-23T04:00Z,2026-05-23T03:45Z
balancing_energy_bids,11,2026-05-23T03:45:00,PT15M,2026-05-23T04:00Z,2026-05-23T03:45Z,-10,1,30,10Y1001C--00090V,AUCTION-aFRR,B74,10YSK-SEPS-----K,EUR,A01,A02,20260523024-AFRR_N-UNIT_010-1,MWH,MAW,A01,A06,2026-05-23T04:00Z,2026-05-23T03:45Z
balancing_energy_bids,12,2026-05-23T03:45:00,PT15M,2026-05-23T04:00Z,2026-05-23T03:45Z,-29,1,15,10Y1001C--00090V,AUCTION-aFRR,B74,10YSK-SEPS-----K,EUR,A01,A02,20260523024-AFRR_N-UNIT_062-1,MWH,MAW,A01,A06,2026-05-23T04:00Z,2026-05-23T03:45Z
balancing_energy_bids,13,2026-05-23T03:45:00,PT15M,2026-05-23T04:00Z,2026-05-23T03:45Z,10,1,4,10Y1001C--00090V,AUCTION-aFRR,B74,10YSK-SEPS-----K,EUR,A01,A02,20260523024-AFRR_N-UNIT_043-1,MWH,MAW,A01,A06,2026-05-23T04:00Z,2026-05-23T03:45Z
balancing_energy_bids,14,2026-05-23T03:45:00,PT15M,2026-05-23T04:00Z,2026-05-23T03:45Z,-5,1,4,10Y1001C--00090V,AUCTION-aFRR,B74,10YSK-SEPS-----K,EUR,A01,A02,20260523024-AFRR_N-UNIT_104-1,MWH,MAW,A01,A06,2026-05-23T04:00Z,2026-05-23T03:45Z
balancing_energy_bids,15,2026-05-23T03:45:00,PT15M,2026-05-23T04:00Z,2026-05-23T03:45Z,-144.51,1,3,10Y1001C--00090V,AUCTION-aFRR,B74,10YSK-SEPS-----K,EUR,A01,A02,20260523024-AFRR_N-UNIT_089-1,MWH,MAW,A01,A06,2026-05-23T04:00Z,2026-05-23T03:45Z
balancing_energy_bids,16,2026-05-23T03:45:00,PT15M,2026-05-23T04:00Z,2026-05-23T03:45Z,0,1,7,10Y1001C--00090V,AUCTION-aFRR,B74,10YSK-SEPS-----K,EUR,A01,A02,20260523024-AFRR_N-UNIT_097-1,MWH,MAW,A01,A06,2026-05-23T04:00Z,2026-05-23T03:45Z
balancing_energy_bids,17,2026-05-23T03:45:00,PT15M,2026-05-23T04:00Z,2026-05-23T03:45Z,-199,1,1,10Y1001C--00090V,AUCTION-aFRR,B74,10YSK-SEPS-----K,EUR,A01,A02,20260523024-AFRR_N-UNIT_019-1,MWH,MAW,A01,A11,2026-05-23T04:00Z,2026-05-23T03:45Z
balancing_energy_bids,18,2026-05-23T03:45:00,PT15M,2026-05-23T04:00Z,2026-05-23T03:45Z,-19,1,1,10Y1001C--00090V,AUCTION-aFRR,B74,10YSK-SEPS-----K,EUR,A01,A02,20260523024-AFRR_N-UNIT_106-1,MWH,MAW,A01,A06,2026-05-23T04:00Z,2026-05-23T03:45Z
balancing_energy_bids,19,2026-05-23T03:45:00,PT15M,2026-05-23T04:00Z,2026-05-23T03:45Z,-5,1,7,10Y1001C--00090V,AUCTION-aFRR,B74,10YSK-SEPS-----K,EUR,A01,A02,20260523024-AFRR_N-UNIT_123-1,MWH,MAW,A01,A06,2026-05-23T04:00Z,2026-05-23T03:45Z
balancing_energy_bids,20,2026-05-23T03:45:00,PT15M,2026-05-23T04:00Z,2026-05-23T03:45Z,126.69,1,5,10Y1001C--00090V,AUCTION-aFRR,B74,10YSK-SEPS-----K,EUR,A01,A01,20260523024-AFRR_P-UNIT_028-1,MWH,MAW,A01,A06,2026-05-23T04:00Z,2026-05-23T03:45Z
balancing_energy_bids,21,2026-05-23T04:00:00,PT15M,2026-05-23T04:15Z,2026-05-23T04:00Z,155.49,1,5,10Y1001C--00090V,AUCTION-aFRR,B74,10YSK-SEPS-----K,EUR,A01,A01,20260523025-AFRR_P-UNIT_028-1,MWH,MAW,A01,A06,2026-05-23T04:15Z,2026-05-23T04:00Z
balancing_energy_bids,22,2026-05-23T04:00:00,PT15M,2026-05-23T04:15Z,2026-05-23T04:00Z,190.48,1,1,10Y1001C--00090V,AUCTION-aFRR,B74,10YSK-SEPS-----K,EUR,A01,A01,20260523025-AFRR_P-UNIT_068-1,MWH,MAW,A01,A11,2026-05-23T04:15Z,2026-05-23T04:00Z
balancing_energy_bids,23,2026-05-23T04:00:00,PT15M,2026-05-23T04:15Z,2026-05-23T04:00Z,150,1,27,10Y1001C--00090V,AUCTION-aFRR,B74,10YSK-SEPS-----K,EUR,A01,A01,20260523025-AFRR_P-UNIT_052-1,MWH,MAW,A01,A06,2026-05-23T04:15Z,2026-05-23T04:00Z
balancing_energy_bids,24,2026-05-23T04:00:00,PT15M,2026-05-23T04:15Z,2026-05-23T04:00Z,500,1,10,10Y1001C--00090V,AUCTION-aFRR,B74,10YSK-SEPS-----K,EUR,A01,A01,20260523025-AFRR_P-UNIT_047-1,MWH,MAW,A01,A06,2026-05-23T04:15Z,2026-05-23T04:00Z
balancing_energy_bids,25,2026-05-23T04:00:00,PT15M,2026-05-23T04:15Z,2026-05-23T04:00Z,350,1,17,10Y1001C--00090V,AUCTION-aFRR,B74,10YSK-SEPS-----K,EUR,A01,A01,20260523025-AFRR_P-UNIT_051-1,MWH,MAW,A01,A06,2026-05-23T04:15Z,2026-05-23T04:00Z
balancing_energy_bids,26,2026-05-23T04:00:00,PT15M,2026-05-23T04:15Z,2026-05-23T04:00Z,135,1,15,10Y1001C--00090V,AUCTION-aFRR,B74,10YSK-SEPS-----K,EUR,A01,A01,20260523025-AFRR_P-UNIT_069-1,MWH,MAW,A01,A06,2026-05-23T04:15Z,2026-05-23T04:00Z
balancing_energy_bids,27,2026-05-23T04:00:00,PT15M,2026-05-23T04:15Z,2026-05-23T04:00Z,200,1,1,10Y1001C--00090V,AUCTION-aFRR,B74,10YSK-SEPS-----K,EUR,A01,A01,20260523025-AFRR_P-UNIT_058-1,MWH,MAW,A01,A11,2026-05-23T04:15Z,2026-05-23T04:00Z
balancing_energy_bids,28,2026-05-23T04:00:00,PT15M,2026-05-23T04:15Z,2026-05-23T04:00Z,190.07,1,18,10Y1001C--00090V,AUCTION-aFRR,B74,10YSK-SEPS-----K,EUR,A01,A01,20260523025-AFRR_P-UNIT_008-1,MWH,MAW,A01,A06,2026-05-23T04:15Z,2026-05-23T04:00Z
balancing_energy_bids,29,2026-05-23T04:00:00,PT15M,2026-05-23T04:15Z,2026-05-23T04:00Z,143,1,3,10Y1001C--00090V,AUCTION-aFRR,B74,10YSK-SEPS-----K,EUR,A01,A01,20260523025-AFRR_P-UNIT_062-1,MWH,MAW,A01,A06,2026-05-23T04:15Z,2026-05-23T04:00Z
balancing_energy_bids,30,2026-05-23T04:00:00,PT15M,2026-05-23T04:15Z,2026-05-23T04:00Z,143,1,3,10Y1001C--00090V,AUCTION-aFRR,B74,10YSK-SEPS-----K,EUR,A01,A01,20260523025-AFRR_P-UNIT_043-1,MWH,MAW,A01,A06,2026-05-23T04:15Z,2026-05-23T04:00Z
balancing_energy_bids,31,2026-05-23T04:00:00,PT15M,2026-05-23T04:15Z,2026-05-23T04:00Z,110,1,10,10Y1001C--00090V,AUCTION-aFRR,B74,10YSK-SEPS-----K,EUR,A01,A01,20260523025-AFRR_P-UNIT_063-1,MWH,MAW,A01,A06,2026-05-23T04:15Z,2026-05-23T04:00Z
balancing_energy_bids,32,2026-05-23T04:00:00,PT15M,2026-05-23T04:15Z,2026-05-23T04:00Z,749,1,3,10Y1001C--00090V,AUCTION-aFRR,B74,10YSK-SEPS-----K,EUR,A01,A01,20260523025-AFRR_P-UNIT_078-1,MWH,MAW,A01,A06,2026-05-23T04:15Z,2026-05-23T04:00Z
balancing_energy_bids,33,2026-05-23T04:00:00,PT15M,2026-05-23T04:15Z,2026-05-23T04:00Z,750,1,11,10Y1001C--00090V,AUCTION-aFRR,B74,10YSK-SEPS-----K,EUR,A01,A01,20260523025-AFRR_P-UNIT_104-1,MWH,MAW,A01,A06,2026-05-23T04:15Z,2026-05-23T04:00Z
balancing_energy_bids,34,2026-05-23T04:00:00,PT15M,2026-05-23T04:15Z,2026-05-23T04:00Z,190.07,1,3,10Y1001C--00090V,AUCTION-aFRR,B74,10YSK-SEPS-----K,EUR,A01,A01,20260523025-AFRR_P-UNIT_009-1,MWH,MAW,A01,A06,2026-05-23T04:15Z,2026-05-23T04:00Z
balancing_energy_bids,35,2026-05-23T04:00:00,PT15M,2026-05-23T04:15Z,2026-05-23T04:00Z,256,1,1,10Y1001C--00090V,AUCTION-aFRR,B74,10YSK-SEPS-----K,EUR,A01,A01,20260523025-AFRR_P-UNIT_019-1,MWH,MAW,A01,A06,2026-05-23T04:15Z,2026-05-23T04:00Z
balancing_energy_bids,36,2026-05-23T04:00:00,PT15M,2026-05-23T04:15Z,2026-05-23T04:00Z,300,1,1,10Y1001C--00090V,AUCTION-aFRR,B74,10YSK-SEPS-----K,EUR,A01,A01,20260523025-AFRR_P-UNIT_106-1,MWH,MAW,A01,A11,2026-05-23T04:15Z,2026-05-23T04:00Z
balancing_energy_bids,37,2026-05-23T04:00:00,PT15M,2026-05-23T04:15Z,2026-05-23T04:00Z,189,1,6,10Y1001C--00090V,AUCTION-aFRR,B74,10YSK-SEPS-----K,EUR,A01,A01,20260523025-AFRR_P-UNIT_123-1,MWH,MAW,A01,A06,2026-05-23T04:15Z,2026-05-23T04:00Z
balancing_energy_bids,38,2026-05-23T04:00:00,PT15M,2026-05-23T04:15Z,2026-05-23T04:00Z,-5,1,1,10Y1001C--00090V,AUCTION-aFRR,B74,10YSK-SEPS-----K,EUR,A01,A02,20260523025-AFRR_N-UNIT_068-1,MWH,MAW,A01,A11,2026-05-23T04:15Z,2026-05-23T04:00Z
balancing_energy_bids,39,2026-05-23T04:00:00,PT15M,2026-05-23T04:15Z,2026-05-23T04:00Z,-30,1,11,10Y1001C--00090V,AUCTION-aFRR,B74,10YSK-SEPS-----K,EUR,A01,A02,20260523025-AFRR_N-UNIT_052-1,MWH,MAW,A01,A06,2026-05-23T04:15Z,2026-05-23T04:00Z
balancing_energy_bids,40,2026-05-23T04:00:00,PT15M,2026-05-23T04:15Z,2026-05-23T04:00Z,-144,1,5,10Y1001C--00090V,AUCTION-aFRR,B74,10YSK-SEPS-----K,EUR,A01,A02,20260523025-AFRR_N-UNIT_051-1,MWH,MAW,A01,A06,2026-05-23T04:15Z,2026-05-23T04:00Z
balancing_energy_bids,41,2026-05-23T04:00:00,PT15M,2026-05-23T04:15Z,2026-05-23T04:00Z,-150,1,12,10Y1001C--00090V,AUCTION-aFRR,B74,10YSK-SEPS-----K,EUR,A01,A02,20260523025-AFRR_N-UNIT_069-1,MWH,MAW,A01,A06,2026-05-23T04:15Z,2026-05-23T04:00Z
balancing_energy_bids,42,2026-05-23T04:00:00,PT15M,2026-05-23T04:15Z,2026-05-23T04:00Z,-5,1,5,10Y1001C--00090V,AUCTION-aFRR,B74,10YSK-SEPS-----K,EUR,A01,A02,20260523025-AFRR_N-UNIT_028-1,MWH,MAW,A01,A06,2026-05-23T04:15Z,2026-05-23T04:00Z
balancing_energy_bids,43,2026-05-23T04:00:00,PT15M,2026-05-23T04:15Z,2026-05-23T04:00Z,-50,1,2,10Y1001C--00090V,AUCTION-aFRR,B74,10YSK-SEPS-----K,EUR,A01,A02,20260523025-AFRR_N-UNIT_058-1,MWH,MAW,A01,A06,2026-05-23T04:15Z,2026-05-23T04:00Z
balancing_energy_bids,44,2026-05-23T04:00:00,PT15M,2026-05-23T04:15Z,2026-05-23T04:00Z,-10,1,21,10Y1001C--00090V,AUCTION-aFRR,B74,10YSK-SEPS-----K,EUR,A01,A02,20260523025-AFRR_N-UNIT_013-1,MWH,MAW,A01,A06,2026-05-23T04:15Z,2026-05-23T04:00Z
balancing_energy_bids,45,2026-05-23T04:00:00,PT15M,2026-05-23T04:15Z,2026-05-23T04:00Z,-10,1,30,10Y1001C--00090V,AUCTION-aFRR,B74,10YSK-SEPS-----K,EUR,A01,A02,20260523025-AFRR_N-UNIT_010-1,MWH,MAW,A01,A06,2026-05-23T04:15Z,2026-05-23T04:00Z
balancing_energy_bids,46,2026-05-23T04:00:00,PT15M,2026-05-23T04:15Z,2026-05-23T04:00Z,-29,1,15,10Y1001C--00090V,AUCTION-aFRR,B74,10YSK-SEPS-----K,EUR,A01,A02,20260523025-AFRR_N-UNIT_062-1,MWH,MAW,A01,A06,2026-05-23T04:15Z,2026-05-23T04:00Z
balancing_energy_bids,47,2026-05-23T04:00:00,PT15M,2026-05-23T04:15Z,2026-05-23T04:00Z,10,1,4,10Y1001C--00090V,AUCTION-aFRR,B74,10YSK-SEPS-----K,EUR,A01,A02,20260523025-AFRR_N-UNIT_043-1,MWH,MAW,A01,A06,2026-05-23T04:15Z,2026-05-23T04:00Z
balancing_energy_bids,48,2026-05-23T04:00:00,PT15M,2026-05-23T04:15Z,2026-05-23T04:00Z,-5,1,4,10Y1001C--00090V,AUCTION-aFRR,B74,10YSK-SEPS-----K,EUR,A01,A02,20260523025-AFRR_N-UNIT_104-1,MWH,MAW,A01,A06,2026-05-23T04:15Z,2026-05-23T04:00Z
balancing_energy_bids,49,2026-05-23T04:00:00,PT15M,2026-05-23T04:15Z,2026-05-23T04:00Z,-123.94,1,3,10Y1001C--00090V,AUCTION-aFRR,B74,10YSK-SEPS-----K,EUR,A01,A02,20260523025-AFRR_N-UNIT_089-1,MWH,MAW,A01,A06,2026-05-23T04:15Z,2026-05-23T04:00Z
balancing_energy_bids,50,2026-05-23T04:00:00,PT15M,2026-05-23T04:15Z,2026-05-23T04:00Z,0,1,7,10Y1001C--00090V,AUCTION-aFRR,B74,10YSK-SEPS-----K,EUR,A01,A02,20260523025-AFRR_N-UNIT_097-1,MWH,MAW,A01,A06,2026-05-23T04:15Z,2026-05-23T04:00Z
balancing_energy_bids,51,2026-05-23T04:00:00,PT15M,2026-05-23T04:15Z,2026-05-23T04:00Z,-199,1,1,10Y1001C--00090V,AUCTION-aFRR,B74,10YSK-SEPS-----K,EUR,A01,A02,20260523025-AFRR_N-UNIT_019-1,MWH,MAW,A01,A11,2026-05-23T04:15Z,2026-05-23T04:00Z
balancing_energy_bids,52,2026-05-23T04:00:00,PT15M,2026-05-23T04:15Z,2026-05-23T04:00Z,-19,1,1,10Y1001C--00090V,AUCTION-aFRR,B74,10YSK-SEPS-----K,EUR,A01,A02,20260523025-AFRR_N-UNIT_106-1,MWH,MAW,A01,A06,2026-05-23T04:15Z,2026-05-23T04:00Z
balancing_energy_bids,53,2026-05-23T04:00:00,PT15M,2026-05-23T04:15Z,2026-05-23T04:00Z,-5,1,7,10Y1001C--00090V,AUCTION-aFRR,B74,10YSK-SEPS-----K,EUR,A01,A02,20260523025-AFRR_N-UNIT_123-1,MWH,MAW,A01,A06,2026-05-23T04:15Z,2026-05-23T04:00Z
balancing_energy_bids,54,2026-05-23T04:15:00,PT15M,2026-05-23T04:30Z,2026-05-23T04:15Z,178.23,1,1,10Y1001C--00090V,AUCTION-aFRR,B74,10YSK-SEPS-----K,EUR,A01,A01,20260523026-AFRR_P-UNIT_068-1,MWH,MAW,A01,A11,2026-05-23T04:30Z,2026-05-23T04:15Z
balancing_energy_bids,55,2026-05-23T04:15:00,PT15M,2026-05-23T04:30Z,2026-05-23T04:15Z,150,1,27,10Y1001C--00090V,AUCTION-aFRR,B74,10YSK-SEPS-----K,EUR,A01,A01,20260523026-AFRR_P-UNIT_052-1,MWH,MAW,A01,A06,2026-05-23T04:30Z,2026-05-23T04:15Z
balancing_energy_bids,56,2026-05-23T04:15:00,PT15M,2026-05-23T04:30Z,2026-05-23T04:15Z,500,1,10,10Y1001C--00090V,AUCTION-aFRR,B74,10YSK-SEPS-----K,EUR,A01,A01,20260523026-AFRR_P-UNIT_047-1,MWH,MAW,A01,A06,2026-05-23T04:30Z,2026-05-23T04:15Z
balancing_energy_bids,57,2026-05-23T04:15:00,PT15M,2026-05-23T04:30Z,2026-05-23T04:15Z,350,1,17,10Y1001C--00090V,AUCTION-aFRR,B74,10YSK-SEPS-----K,EUR,A01,A01,20260523026-AFRR_P-UNIT_051-1,MWH,MAW,A01,A06,2026-05-23T04:30Z,2026-05-23T04:15Z
balancing_energy_bids,58,2026-05-23T04:15:00,PT15M,2026-05-23T04:30Z,2026-05-23T04:15Z,135,1,15,10Y1001C--00090V,AUCTION-aFRR,B74,10YSK-SEPS-----K,EUR,A01,A01,20260523026-AFRR_P-UNIT_069-1,MWH,MAW,A01,A06,2026-05-23T04:30Z,2026-05-23T04:15Z
balancing_energy_bids,59,2026-05-23T04:15:00,PT15M,2026-05-23T04:30Z,2026-05-23T04:15Z,200,1,1,10Y1001C--00090V,AUCTION-aFRR,B74,10YSK-SEPS-----K,EUR,A01,A01,20260523026-AFRR_P-UNIT_058-1,MWH,MAW,A01,A11,2026-05-23T04:30Z,2026-05-23T04:15Z
balancing_energy_bids,60,2026-05-23T04:15:00,PT15M,2026-05-23T04:30Z,2026-05-23T04:15Z,190.07,1,18,10Y1001C--00090V,AUCTION-aFRR,B74,10YSK-SEPS-----K,EUR,A01,A01,20260523026-AFRR_P-UNIT_008-1,MWH,MAW,A01,A06,2026-05-23T04:30Z,2026-05-23T04:15Z
balancing_energy_bids,61,2026-05-23T04:15:00,PT15M,2026-05-23T04:30Z,2026-05-23T04:15Z,134,1,3,10Y1001C--00090V,AUCTION-aFRR,B74,10YSK-SEPS-----K,EUR,A01,A01,20260523026-AFRR_P-UNIT_062-1,MWH,MAW,A01,A06,2026-05-23T04:30Z,2026-05-23T04:15Z
balancing_energy_bids,62,2026-05-23T04:15:00,PT15M,2026-05-23T04:30Z,2026-05-23T04:15Z,134,1,3,10Y1001C--00090V,AUCTION-aFRR,B74,10YSK-SEPS-----K,EUR,A01,A01,20260523026-AFRR_P-UNIT_043-1,MWH,MAW,A01,A06,2026-05-23T04:30Z,2026-05-23T04:15Z
balancing_energy_bids,63,2026-05-23T04:15:00,PT15M,2026-05-23T04:30Z,2026-05-23T04:15Z,110,1,10,10Y1001C--00090V,AUCTION-aFRR,B74,10YSK-SEPS-----K,EUR,A01,A01,20260523026-AFRR_P-UNIT_063-1,MWH,MAW,A01,A06,2026-05-23T04:30Z,2026-05-23T04:15Z
balancing_energy_bids,64,2026-05-23T04:15:00,PT15M,2026-05-23T04:30Z,2026-05-23T04:15Z,749,1,3,10Y1001C--00090V,AUCTION-aFRR,B74,10YSK-SEPS-----K,EUR,A01,A01,20260523026-AFRR_P-UNIT_078-1,MWH,MAW,A01,A06,2026-05-23T04:30Z,2026-05-23T04:15Z
balancing_energy_bids,65,2026-05-23T04:15:00,PT15M,2026-05-23T04:30Z,2026-05-23T04:15Z,750,1,11,10Y1001C--00090V,AUCTION-aFRR,B74,10YSK-SEPS-----K,EUR,A01,A01,20260523026-AFRR_P-UNIT_104-1,MWH,MAW,A01,A06,2026-05-23T04:30Z,2026-05-23T04:15Z
balancing_energy_bids,66,2026-05-23T04:15:00,PT15M,2026-05-23T04:30Z,2026-05-23T04:15Z,190.07,1,3,10Y1001C--00090V,AUCTION-aFRR,B74,10YSK-SEPS-----K,EUR,A01,A01,20260523026-AFRR_P-UNIT_009-1,MWH,MAW,A01,A06,2026-05-23T04:30Z,2026-05-23T04:15Z
balancing_energy_bids,67,2026-05-23T04:15:00,PT15M,2026-05-23T04:30Z,2026-05-23T04:15Z,243,1,1,10Y1001C--00090V,AUCTION-aFRR,B74,10YSK-SEPS-----K,EUR,A01,A01,20260523026-AFRR_P-UNIT_019-1,MWH,MAW,A01,A06,2026-05-23T04:30Z,2026-05-23T04:15Z
balancing_energy_bids,68,2026-05-23T04:15:00,PT15M,2026-05-23T04:30Z,2026-05-23T04:15Z,300,1,1,10Y1001C--00090V,AUCTION-aFRR,B74,10YSK-SEPS-----K,EUR,A01,A01,20260523026-AFRR_P-UNIT_106-1,MWH,MAW,A01,A11,2026-05-23T04:30Z,2026-05-23T04:15Z
balancing_energy_bids,69,2026-05-23T04:15:00,PT15M,2026-05-23T04:30Z,2026-05-23T04:15Z,189,1,6,10Y1001C--00090V,AUCTION-aFRR,B74,10YSK-SEPS-----K,EUR,A01,A01,20260523026-AFRR_P-UNIT_123-1,MWH,MAW,A01,A06,2026-05-23T04:30Z,2026-05-23T04:15Z
balancing_energy_bids,70,2026-05-23T04:15:00,PT15M,2026-05-23T04:30Z,2026-05-23T04:15Z,-5,1,1,10Y1001C--00090V,AUCTION-aFRR,B74,10YSK-SEPS-----K,EUR,A01,A02,20260523026-AFRR_N-UNIT_068-1,MWH,MAW,A01,A11,2026-05-23T04:30Z,2026-05-23T04:15Z
balancing_energy_bids,71,2026-05-23T04:15:00,PT15M,2026-05-23T04:30Z,2026-05-23T04:15Z,-30,1,11,10Y1001C--00090V,AUCTION-aFRR,B74,10YSK-SEPS-----K,EUR,A01,A02,20260523026-AFRR_N-UNIT_052-1,MWH,MAW,A01,A06,2026-05-23T04:30Z,2026-05-23T04:15Z
balancing_energy_bids,72,2026-05-23T04:15:00,PT15M,2026-05-23T04:30Z,2026-05-23T04:15Z,-144,1,5,10Y1001C--00090V,AUCTION-aFRR,B74,10YSK-SEPS-----K,EUR,A01,A02,20260523026-AFRR_N-UNIT_051-1,MWH,MAW,A01,A06,2026-05-23T04:30Z,2026-05-23T04:15Z
balancing_energy_bids,73,2026-05-23T04:15:00,PT15M,2026-05-23T04:30Z,2026-05-23T04:15Z,-150,1,12,10Y1001C--00090V,AUCTION-aFRR,B74,10YSK-SEPS-----K,EUR,A01,A02,20260523026-AFRR_N-UNIT_069-1,MWH,MAW,A01,A06,2026-05-23T04:30Z,2026-05-23T04:15Z
balancing_energy_bids,74,2026-05-23T04:15:00,PT15M,2026-05-23T04:30Z,2026-05-23T04:15Z,-5,1,5,10Y1001C--00090V,AUCTION-aFRR,B74,10YSK-SEPS-----K,EUR,A01,A02,20260523026-AFRR_N-UNIT_028-1,MWH,MAW,A01,A06,2026-05-23T04:30Z,2026-05-23T04:15Z
balancing_energy_bids,75,2026-05-23T04:15:00,PT15M,2026-05-23T04:30Z,2026-05-23T04:15Z,-50,1,2,10Y1001C--00090V,AUCTION-aFRR,B74,10YSK-SEPS-----K,EUR,A01,A02,20260523026-AFRR_N-UNIT_058-1,MWH,MAW,A01,A06,2026-05-23T04:30Z,2026-05-23T04:15Z
balancing_energy_bids,76,2026-05-23T04:15:00,PT15M,2026-05-23T04:30Z,2026-05-23T04:15Z,-10,1,21,10Y1001C--00090V,AUCTION-aFRR,B74,10YSK-SEPS-----K,EUR,A01,A02,20260523026-AFRR_N-UNIT_013-1,MWH,MAW,A01,A06,2026-05-23T04:30Z,2026-05-23T04:15Z
balancing_energy_bids,77,2026-05-23T04:15:00,PT15M,2026-05-23T04:30Z,2026-05-23T04:15Z,-10,1,30,10Y1001C--00090V,AUCTION-aFRR,B74,10YSK-SEPS-----K,EUR,A01,A02,20260523026-AFRR_N-UNIT_010-1,MWH,MAW,A01,A06,2026-05-23T04:30Z,2026-05-23T04:15Z
balancing_energy_bids,78,2026-05-23T04:15:00,PT15M,2026-05-23T04:30Z,2026-05-23T04:15Z,-29,1,15,10Y1001C--00090V,AUCTION-aFRR,B74,10YSK-SEPS-----K,EUR,A01,A02,20260523026-AFRR_N-UNIT_062-1,MWH,MAW,A01,A06,2026-05-23T04:30Z,2026-05-23T04:15Z
balancing_energy_bids,79,2026-05-23T04:15:00,PT15M,2026-05-23T04:30Z,2026-05-23T04:15Z,10,1,4,10Y1001C--00090V,AUCTION-aFRR,B74,10YSK-SEPS-----K,EUR,A01,A02,20260523026-AFRR_N-UNIT_043-1,MWH,MAW,A01,A06,2026-05-23T04:30Z,2026-05-23T04:15Z
balancing_energy_bids,80,2026-05-23T04:15:00,PT15M,2026-05-23T04:30Z,2026-05-23T04:15Z,-5,1,4,10Y1001C--00090V,AUCTION-aFRR,B74,10YSK-SEPS-----K,EUR,A01,A02,20260523026-AFRR_N-UNIT_104-1,MWH,MAW,A01,A06,2026-05-23T04:30Z,2026-05-23T04:15Z
balancing_energy_bids,81,2026-05-23T04:15:00,PT15M,2026-05-23T04:30Z,2026-05-23T04:15Z,-132.69,1,3,10Y1001C--00090V,AUCTION-aFRR,B74,10YSK-SEPS-----K,EUR,A01,A02,20260523026-AFRR_N-UNIT_089-1,MWH,MAW,A01,A06,2026-05-23T04:30Z,2026-05-23T04:15Z
balancing_energy_bids,82,2026-05-23T04:15:00,PT15M,2026-05-23T04:30Z,2026-05-23T04:15Z,0,1,7,10Y1001C--00090V,AUCTION-aFRR,B74,10YSK-SEPS-----K,EUR,A01,A02,20260523026-AFRR_N-UNIT_097-1,MWH,MAW,A01,A06,2026-05-23T04:30Z,2026-05-23T04:15Z
balancing_energy_bids,83,2026-05-23T04:15:00,PT15M,2026-05-23T04:30Z,2026-05-23T04:15Z,-199,1,1,10Y1001C--00090V,AUCTION-aFRR,B74,10YSK-SEPS-----K,EUR,A01,A02,20260523026-AFRR_N-UNIT_019-1,MWH,MAW,A01,A11,2026-05-23T04:30Z,2026-05-23T04:15Z
balancing_energy_bids,84,2026-05-23T04:15:00,PT15M,2026-05-23T04:30Z,2026-05-23T04:15Z,-19,1,1,10Y1001C--00090V,AUCTION-aFRR,B74,10YSK-SEPS-----K,EUR,A01,A02,20260523026-AFRR_N-UNIT_106-1,MWH,MAW,A01,A06,2026-05-23T04:30Z,2026-05-23T04:15Z
balancing_energy_bids,85,2026-05-23T04:15:00,PT15M,2026-05-23T04:30Z,2026-05-23T04:15Z,-5,1,7,10Y1001C--00090V,AUCTION-aFRR,B74,10YSK-SEPS-----K,EUR,A01,A02,20260523026-AFRR_N-UNIT_123-1,MWH,MAW,A01,A06,2026-05-23T04:30Z,2026-05-23T04:15Z
balancing_energy_bids,86,2026-05-23T04:15:00,PT15M,2026-05-23T04:30Z,2026-05-23T04:15Z,143.24,1,5,10Y1001C--00090V,AUCTION-aFRR,B74,10YSK-SEPS-----K,EUR,A01,A01,20260523026-AFRR_P-UNIT_028-1,MWH,MAW,A01,A06,2026-05-23T04:30Z,2026-05-23T04:15Z
balancing_energy_bids,87,2026-05-23T04:30:00,PT15M,2026-05-23T04:45Z,2026-05-23T04:30Z,157.13,1,1,10Y1001C--00090V,AUCTION-aFRR,B74,10YSK-SEPS-----K,EUR,A01,A01,20260523027-AFRR_P-UNIT_068-1,MWH,MAW,A01,A11,2026-05-23T04:45Z,2026-05-23T04:30Z
balancing_energy_bids,88,2026-05-23T04:30:00,PT15M,2026-05-23T04:45Z,2026-05-23T04:30Z,150,1,27,10Y1001C--00090V,AUCTION-aFRR,B74,10YSK-SEPS-----K,EUR,A01,A01,20260523027-AFRR_P-UNIT_052-1,MWH,MAW,A01,A06,2026-05-23T04:45Z,2026-05-23T04:30Z
balancing_energy_bids,89,2026-05-23T04:30:00,PT15M,2026-05-23T04:45Z,2026-05-23T04:30Z,500,1,10,10Y1001C--00090V,AUCTION-aFRR,B74,10YSK-SEPS-----K,EUR,A01,A01,20260523027-AFRR_P-UNIT_047-1,MWH,MAW,A01,A06,2026-05-23T04:45Z,2026-05-23T04:30Z
balancing_energy_bids,90,2026-05-23T04:30:00,PT15M,2026-05-23T04:45Z,2026-05-23T04:30Z,350,1,17,10Y1001C--00090V,AUCTION-aFRR,B74,10YSK-SEPS-----K,EUR,A01,A01,20260523027-AFRR_P-UNIT_051-1,MWH,MAW,A01,A06,2026-05-23T04:45Z,2026-05-23T04:30Z
balancing_energy_bids,91,2026-05-23T04:30:00,PT15M,2026-05-23T04:45Z,2026-05-23T04:30Z,135,1,15,10Y1001C--00090V,AUCTION-aFRR,B74,10YSK-SEPS-----K,EUR,A01,A01,20260523027-AFRR_P-UNIT_069-1,MWH,MAW,A01,A06,2026-05-23T04:45Z,2026-05-23T04:30Z
balancing_energy_bids,92,2026-05-23T04:30:00,PT15M,2026-05-23T04:45Z,2026-05-23T04:30Z,200,1,1,10Y1001C--00090V,AUCTION-aFRR,B74,10YSK-SEPS-----K,EUR,A01,A01,20260523027-AFRR_P-UNIT_058-1,MWH,MAW,A01,A11,2026-05-23T04:45Z,2026-05-23T04:30Z
balancing_energy_bids,93,2026-05-23T04:30:00,PT15M,2026-05-23T04:45Z,2026-05-23T04:30Z,190.07,1,18,10Y1001C--00090V,AUCTION-aFRR,B74,10YSK-SEPS-----K,EUR,A01,A01,20260523027-AFRR_P-UNIT_008-1,MWH,MAW,A01,A06,2026-05-23T04:45Z,2026-05-23T04:30Z
balancing_energy_bids,94,2026-05-23T04:30:00,PT15M,2026-05-23T04:45Z,2026-05-23T04:30Z,118,1,3,10Y1001C--00090V,AUCTION-aFRR,B74,10YSK-SEPS-----K,EUR,A01,A01,20260523027-AFRR_P-UNIT_062-1,MWH,MAW,A01,A06,2026-05-23T04:45Z,2026-05-23T04:30Z
balancing_energy_bids,95,2026-05-23T04:30:00,PT15M,2026-05-23T04:45Z,2026-05-23T04:30Z,118,1,3,10Y1001C--00090V,AUCTION-aFRR,B74,10YSK-SEPS-----K,EUR,A01,A01,20260523027-AFRR_P-UNIT_043-1,MWH,MAW,A01,A06,2026-05-23T04:45Z,2026-05-23T04:30Z
balancing_energy_bids,96,2026-05-23T04:30:00,PT15M,2026-05-23T04:45Z,2026-05-23T04:30Z,110,1,10,10Y1001C--00090V,AUCTION-aFRR,B74,10YSK-SEPS-----K,EUR,A01,A01,20260523027-AFRR_P-UNIT_063-1,MWH,MAW,A01,A06,2026-05-23T04:45Z,2026-05-23T04:30Z
balancing_energy_bids,97,2026-05-23T04:30:00,PT15M,2026-05-23T04:45Z,2026-05-23T04:30Z,749,1,3,10Y1001C--00090V,AUCTION-aFRR,B74,10YSK-SEPS-----K,EUR,A01,A01,20260523027-AFRR_P-UNIT_078-1,MWH,MAW,A01,A06,2026-05-23T04:45Z,2026-05-23T04:30Z
balancing_energy_bids,98,2026-05-23T04:30:00,PT15M,2026-05-23T04:45Z,2026-05-23T04:30Z,750,1,11,10Y1001C--00090V,AUCTION-aFRR,B74,10YSK-SEPS-----K,EUR,A01,A01,20260523027-AFRR_P-UNIT_104-1,MWH,MAW,A01,A06,2026-05-23T04:45Z,2026-05-23T04:30Z
balancing_energy_bids,99,2026-05-23T04:30:00,PT15M,2026-05-23T04:45Z,2026-05-23T04:30Z,190.07,1,3,10Y1001C--00090V,AUCTION-aFRR,B74,10YSK-SEPS-----K,EUR,A01,A01,20260523027-AFRR_P-UNIT_009-1,MWH,MAW,A01,A06,2026-05-23T04:45Z,2026-05-23T04:30Z
balancing_energy_bids,100,2026-05-23T04:30:00,PT15M,2026-05-23T04:45Z,2026-05-23T04:30Z,237,1,1,10Y1001C--00090V,AUCTION-aFRR,B74,10YSK-SEPS-----K,EUR,A01,A01,20260523027-AFRR_P-UNIT_019-1,MWH,MAW,A01,A06,2026-05-23T04:45Z,2026-05-23T04:30Z
balancing_energy_bids,1,2026-05-23T04:30:00,PT15M,2026-05-23T04:45Z,2026-05-23T04:30Z,300,1,1,10Y1001C--00090V,AUCTION-aFRR,B74,10YSK-SEPS-----K,EUR,A01,A01,20260523027-AFRR_P-UNIT_106-1,MWH,MAW,A01,A11,2026-05-23T04:45Z,2026-05-23T04:30Z
balancing_energy_bids,2,2026-05-23T04:30:00,PT15M,2026-05-23T04:45Z,2026-05-23T04:30Z,189,1,6,10Y1001C--00090V,AUCTION-aFRR,B74,10YSK-SEPS-----K,EUR,A01,A01,20260523027-AFRR_P-UNIT_123-1,MWH,MAW,A01,A06,2026-05-23T04:45Z,2026-05-23T04:30Z
balancing_energy_bids,3,2026-05-23T04:30:00,PT15M,2026-05-23T04:45Z,2026-05-23T04:30Z,-5,1,1,10Y1001C--00090V,AUCTION-aFRR,B74,10YSK-SEPS-----K,EUR,A01,A02,20260523027-AFRR_N-UNIT_068-1,MWH,MAW,A01,A11,2026-05-23T04:45Z,2026-05-23T04:30Z
balancing_energy_bids,4,2026-05-23T04:30:00,PT15M,2026-05-23T04:45Z,2026-05-23T04:30Z,-30,1,11,10Y1001C--00090V,AUCTION-aFRR,B74,10YSK-SEPS-----K,EUR,A01,A02,20260523027-AFRR_N-UNIT_052-1,MWH,MAW,A01,A06,2026-05-23T04:45Z,2026-05-23T04:30Z
balancing_energy_bids,5,2026-05-23T04:30:00,PT15M,2026-05-23T04:45Z,2026-05-23T04:30Z,-144,1,5,10Y1001C--00090V,AUCTION-aFRR,B74,10YSK-SEPS-----K,EUR,A01,A02,20260523027-AFRR_N-UNIT_051-1,MWH,MAW,A01,A06,2026-05-23T04:45Z,2026-05-23T04:30Z
balancing_energy_bids,6,2026-05-23T04:30:00,PT15M,2026-05-23T04:45Z,2026-05-23T04:30Z,-150,1,12,10Y1001C--00090V,AUCTION-aFRR,B74,10YSK-SEPS-----K,EUR,A01,A02,20260523027-AFRR_N-UNIT_069-1,MWH,MAW,A01,A06,2026-05-23T04:45Z,2026-05-23T04:30Z
balancing_energy_bids,7,2026-05-23T04:30:00,PT15M,2026-05-23T04:45Z,2026-05-23T04:30Z,-5,1,5,10Y1001C--00090V,AUCTION-aFRR,B74,10YSK-SEPS-----K,EUR,A01,A02,20260523027-AFRR_N-UNIT_028-1,MWH,MAW,A01,A06,2026-05-23T04:45Z,2026-05-23T04:30Z
balancing_energy_bids,8,2026-05-23T04:30:00,PT15M,2026-05-23T04:45Z,2026-05-23T04:30Z,-50,1,2,10Y1001C--00090V,AUCTION-aFRR,B74,10YSK-SEPS-----K,EUR,A01,A02,20260523027-AFRR_N-UNIT_058-1,MWH,MAW,A01,A06,2026-05-23T04:45Z,2026-05-23T04:30Z
balancing_energy_bids,9,2026-05-23T04:30:00,PT15M,2026-05-23T04:45Z,2026-05-23T04:30Z,-10,1,21,10Y1001C--00090V,AUCTION-aFRR,B74,10YSK-SEPS-----K,EUR,A01,A02,20260523027-AFRR_N-UNIT_013-1,MWH,MAW,A01,A06,2026-05-23T04:45Z,2026-05-23T04:30Z
balancing_energy_bids,10,2026-05-23T04:30:00,PT15M,2026-05-23T04:45Z,2026-05-23T04:30Z,-10,1,30,10Y1001C--00090V,AUCTION-aFRR,B74,10YSK-SEPS-----K,EUR,A01,A02,20260523027-AFRR_N-UNIT_010-1,MWH,MAW,A01,A06,2026-05-23T04:45Z,2026-05-23T04:30Z
balancing_energy_bids,11,2026-05-23T04:30:00,PT15M,2026-05-23T04:45Z,2026-05-23T04:30Z,-29,1,15,10Y1001C--00090V,AUCTION-aFRR,B74,10YSK-SEPS-----K,EUR,A01,A02,20260523027-AFRR_N-UNIT_062-1,MWH,MAW,A01,A06,2026-05-23T04:45Z,2026-05-23T04:30Z
balancing_energy_bids,12,2026-05-23T04:30:00,PT15M,2026-05-23T04:45Z,2026-05-23T04:30Z,10,1,4,10Y1001C--00090V,AUCTION-aFRR,B74,10YSK-SEPS-----K,EUR,A01,A02,20260523027-AFRR_N-UNIT_043-1,MWH,MAW,A01,A06,2026-05-23T04:45Z,2026-05-23T04:30Z
balancing_energy_bids,13,2026-05-23T04:30:00,PT15M,2026-05-23T04:45Z,2026-05-23T04:30Z,-5,1,4,10Y1001C--00090V,AUCTION-aFRR,B74,10YSK-SEPS-----K,EUR,A01,A02,20260523027-AFRR_N-UNIT_104-1,MWH,MAW,A01,A06,2026-05-23T04:45Z,2026-05-23T04:30Z
balancing_energy_bids,14,2026-05-23T04:30:00,PT15M,2026-05-23T04:45Z,2026-05-23T04:30Z,-147.76,1,3,10Y1001C--00090V,AUCTION-aFRR,B74,10YSK-SEPS-----K,EUR,A01,A02,20260523027-AFRR_N-UNIT_089-1,MWH,MAW,A01,A06,2026-05-23T04:45Z,2026-05-23T04:30Z
balancing_energy_bids,15,2026-05-23T04:30:00,PT15M,2026-05-23T04:45Z,2026-05-23T04:30Z,0,1,7,10Y1001C--00090V,AUCTION-aFRR,B74,10YSK-SEPS-----K,EUR,A01,A02,20260523027-AFRR_N-UNIT_097-1,MWH,MAW,A01,A06,2026-05-23T04:45Z,2026-05-23T04:30Z
balancing_energy_bids,16,2026-05-23T04:30:00,PT15M,2026-05-23T04:45Z,2026-05-23T04:30Z,-199,1,1,10Y1001C--00090V,AUCTION-aFRR,B74,10YSK-SEPS-----K,EUR,A01,A02,20260523027-AFRR_N-UNIT_019-1,MWH,MAW,A01,A11,2026-05-23T04:45Z,2026-05-23T04:30Z
balancing_energy_bids,17,2026-05-23T04:30:00,PT15M,2026-05-23T04:45Z,2026-05-23T04:30Z,-19,1,1,10Y1001C--00090V,AUCTION-aFRR,B74,10YSK-SEPS-----K,EUR,A01,A02,20260523027-AFRR_N-UNIT_106-1,MWH,MAW,A01,A06,2026-05-23T04:45Z,2026-05-23T04:30Z
balancing_energy_bids,18,2026-05-23T04:30:00,PT15M,2026-05-23T04:45Z,2026-05-23T04:30Z,-5,1,7,10Y1001C--00090V,AUCTION-aFRR,B74,10YSK-SEPS-----K,EUR,A01,A02,20260523027-AFRR_N-UNIT_123-1,MWH,MAW,A01,A06,2026-05-23T04:45Z,2026-05-23T04:30Z
balancing_energy_bids,19,2026-05-23T04:30:00,PT15M,2026-05-23T04:45Z,2026-05-23T04:30Z,122.14,1,5,10Y1001C--00090V,AUCTION-aFRR,B74,10YSK-SEPS-----K,EUR,A01,A01,20260523027-AFRR_P-UNIT_028-1,MWH,MAW,A01,A06,2026-05-23T04:45Z,2026-05-23T04:30Z
balancing_energy_bids,20,2026-05-23T04:45:00,PT15M,2026-05-23T05:00Z,2026-05-23T04:45Z,111.92,1,5,10Y1001C--00090V,AUCTION-aFRR,B74,10YSK-SEPS-----K,EUR,A01,A01,20260523028-AFRR_P-UNIT_028-1,MWH,MAW,A01,A06,2026-05-23T05:00Z,2026-05-23T04:45Z
balancing_energy_bids,21,2026-05-23T04:45:00,PT15M,2026-05-23T05:00Z,2026-05-23T04:45Z,146.91,1,1,10Y1001C--00090V,AUCTION-aFRR,B74,10YSK-SEPS-----K,EUR,A01,A01,20260523028-AFRR_P-UNIT_068-1,MWH,MAW,A01,A11,2026-05-23T05:00Z,2026-05-23T04:45Z
balancing_energy_bids,22,2026-05-23T04:45:00,PT15M,2026-05-23T05:00Z,2026-05-23T04:45Z,150,1,27,10Y1001C--00090V,AUCTION-aFRR,B74,10YSK-SEPS-----K,EUR,A01,A01,20260523028-AFRR_P-UNIT_052-1,MWH,MAW,A01,A06,2026-05-23T05:00Z,2026-05-23T04:45Z
balancing_energy_bids,23,2026-05-23T04:45:00,PT15M,2026-05-23T05:00Z,2026-05-23T04:45Z,500,1,10,10Y1001C--00090V,AUCTION-aFRR,B74,10YSK-SEPS-----K,EUR,A01,A01,20260523028-AFRR_P-UNIT_047-1,MWH,MAW,A01,A06,2026-05-23T05:00Z,2026-05-23T04:45Z
balancing_energy_bids,24,2026-05-23T04:45:00,PT15M,2026-05-23T05:00Z,2026-05-23T04:45Z,350,1,17,10Y1001C--00090V,AUCTION-aFRR,B74,10YSK-SEPS-----K,EUR,A01,A01,20260523028-AFRR_P-UNIT_051-1,MWH,MAW,A01,A06,2026-05-23T05:00Z,2026-05-23T04:45Z
balancing_energy_bids,25,2026-05-23T04:45:00,PT15M,2026-05-23T05:00Z,2026-05-23T04:45Z,135,1,15,10Y1001C--00090V,AUCTION-aFRR,B74,10YSK-SEPS-----K,EUR,A01,A01,20260523028-AFRR_P-UNIT_069-1,MWH,MAW,A01,A06,2026-05-23T05:00Z,2026-05-23T04:45Z
balancing_energy_bids,26,2026-05-23T04:45:00,PT15M,2026-05-23T05:00Z,2026-05-23T04:45Z,200,1,1,10Y1001C--00090V,AUCTION-aFRR,B74,10YSK-SEPS-----K,EUR,A01,A01,20260523028-AFRR_P-UNIT_058-1,MWH,MAW,A01,A11,2026-05-23T05:00Z,2026-05-23T04:45Z
balancing_energy_bids,27,2026-05-23T04:45:00,PT15M,2026-05-23T05:00Z,2026-05-23T04:45Z,190.07,1,18,10Y1001C--00090V,AUCTION-aFRR,B74,10YSK-SEPS-----K,EUR,A01,A01,20260523028-AFRR_P-UNIT_008-1,MWH,MAW,A01,A06,2026-05-23T05:00Z,2026-05-23T04:45Z
balancing_energy_bids,28,2026-05-23T04:45:00,PT15M,2026-05-23T05:00Z,2026-05-23T04:45Z,105,1,3,10Y1001C--00090V,AUCTION-aFRR,B74,10YSK-SEPS-----K,EUR,A01,A01,20260523028-AFRR_P-UNIT_062-1,MWH,MAW,A01,A06,2026-05-23T05:00Z,2026-05-23T04:45Z
balancing_energy_bids,29,2026-05-23T04:45:00,PT15M,2026-05-23T05:00Z,2026-05-23T04:45Z,105,1,3,10Y1001C--00090V,AUCTION-aFRR,B74,10YSK-SEPS-----K,EUR,A01,A01,20260523028-AFRR_P-UNIT_043-1,MWH,MAW,A01,A06,2026-05-23T05:00Z,2026-05-23T04:45Z
balancing_energy_bids,30,2026-05-23T04:45:00,PT15M,2026-05-23T05:00Z,2026-05-23T04:45Z,110,1,10,10Y1001C--00090V,AUCTION-aFRR,B74,10YSK-SEPS-----K,EUR,A01,A01,20260523028-AFRR_P-UNIT_063-1,MWH,MAW,A01,A06,2026-05-23T05:00Z,2026-05-23T04:45Z
balancing_energy_bids,31,2026-05-23T04:45:00,PT15M,2026-05-23T05:00Z,2026-05-23T04:45Z,749,1,3,10Y1001C--00090V,AUCTION-aFRR,B74,10YSK-SEPS-----K,EUR,A01,A01,20260523028-AFRR_P-UNIT_078-1,MWH,MAW,A01,A06,2026-05-23T05:00Z,2026-05-23T04:45Z
balancing_energy_bids,32,2026-05-23T04:45:00,PT15M,2026-05-23T05:00Z,2026-05-23T04:45Z,750,1,11,10Y1001C--00090V,AUCTION-aFRR,B74,10YSK-SEPS-----K,EUR,A01,A01,20260523028-AFRR_P-UNIT_104-1,MWH,MAW,A01,A06,2026-05-23T05:00Z,2026-05-23T04:45Z
balancing_energy_bids,33,2026-05-23T04:45:00,PT15M,2026-05-23T05:00Z,2026-05-23T04:45Z,190.07,1,3,10Y1001C--00090V,AUCTION-aFRR,B74,10YSK-SEPS-----K,EUR,A01,A01,20260523028-AFRR_P-UNIT_009-1,MWH,MAW,A01,A06,2026-05-23T05:00Z,2026-05-23T04:45Z
balancing_energy_bids,34,2026-05-23T04:45:00,PT15M,2026-05-23T05:00Z,2026-05-23T04:45Z,221,1,1,10Y1001C--00090V,AUCTION-aFRR,B74,10YSK-SEPS-----K,EUR,A01,A01,20260523028-AFRR_P-UNIT_019-1,MWH,MAW,A01,A06,2026-05-23T05:00Z,2026-05-23T04:45Z
balancing_energy_bids,35,2026-05-23T04:45:00,PT15M,2026-05-23T05:00Z,2026-05-23T04:45Z,300,1,1,10Y1001C--00090V,AUCTION-aFRR,B74,10YSK-SEPS-----K,EUR,A01,A01,20260523028-AFRR_P-UNIT_106-1,MWH,MAW,A01,A11,2026-05-23T05:00Z,2026-05-23T04:45Z
balancing_energy_bids,36,2026-05-23T04:45:00,PT15M,2026-05-23T05:00Z,2026-05-23T04:45Z,189,1,6,10Y1001C--00090V,AUCTION-aFRR,B74,10YSK-SEPS-----K,EUR,A01,A01,20260523028-AFRR_P-UNIT_123-1,MWH,MAW,A01,A06,2026-05-23T05:00Z,2026-05-23T04:45Z
balancing_energy_bids,37,2026-05-23T04:45:00,PT15M,2026-05-23T05:00Z,2026-05-23T04:45Z,-5,1,1,10Y1001C--00090V,AUCTION-aFRR,B74,10YSK-SEPS-----K,EUR,A01,A02,20260523028-AFRR_N-UNIT_068-1,MWH,MAW,A01,A11,2026-05-23T05:00Z,2026-05-23T04:45Z
balancing_energy_bids,38,2026-05-23T04:45:00,PT15M,2026-05-23T05:00Z,2026-05-23T04:45Z,-30,1,11,10Y1001C--00090V,AUCTION-aFRR,B74,10YSK-SEPS-----K,EUR,A01,A02,20260523028-AFRR_N-UNIT_052-1,MWH,MAW,A01,A06,2026-05-23T05:00Z,2026-05-23T04:45Z
balancing_energy_bids,39,2026-05-23T04:45:00,PT15M,2026-05-23T05:00Z,2026-05-23T04:45Z,-144,1,5,10Y1001C--00090V,AUCTION-aFRR,B74,10YSK-SEPS-----K,EUR,A01,A02,20260523028-AFRR_N-UNIT_051-1,MWH,MAW,A01,A06,2026-05-23T05:00Z,2026-05-23T04:45Z
balancing_energy_bids,40,2026-05-23T04:45:00,PT15M,2026-05-23T05:00Z,2026-05-23T04:45Z,-150,1,12,10Y1001C--00090V,AUCTION-aFRR,B74,10YSK-SEPS-----K,EUR,A01,A02,20260523028-AFRR_N-UNIT_069-1,MWH,MAW,A01,A06,2026-05-23T05:00Z,2026-05-23T04:45Z
balancing_energy_bids,41,2026-05-23T04:45:00,PT15M,2026-05-23T05:00Z,2026-05-23T04:45Z,-5,1,5,10Y1001C--00090V,AUCTION-aFRR,B74,10YSK-SEPS-----K,EUR,A01,A02,20260523028-AFRR_N-UNIT_028-1,MWH,MAW,A01,A06,2026-05-23T05:00Z,2026-05-23T04:45Z
balancing_energy_bids,42,2026-05-23T04:45:00,PT15M,2026-05-23T05:00Z,2026-05-23T04:45Z,-50,1,2,10Y1001C--00090V,AUCTION-aFRR,B74,10YSK-SEPS-----K,EUR,A01,A02,20260523028-AFRR_N-UNIT_058-1,MWH,MAW,A01,A06,2026-05-23T05:00Z,2026-05-23T04:45Z
balancing_energy_bids,43,2026-05-23T04:45:00,PT15M,2026-05-23T05:00Z,2026-05-23T04:45Z,-10,1,21,10Y1001C--00090V,AUCTION-aFRR,B74,10YSK-SEPS-----K,EUR,A01,A02,20260523028-AFRR_N-UNIT_013-1,MWH,MAW,A01,A06,2026-05-23T05:00Z,2026-05-23T04:45Z
balancing_energy_bids,44,2026-05-23T04:45:00,PT15M,2026-05-23T05:00Z,2026-05-23T04:45Z,-10,1,30,10Y1001C--00090V,AUCTION-aFRR,B74,10YSK-SEPS-----K,EUR,A01,A02,20260523028-AFRR_N-UNIT_010-1,MWH,MAW,A01,A06,2026-05-23T05:00Z,2026-05-23T04:45Z
balancing_energy_bids,45,2026-05-23T04:45:00,PT15M,2026-05-23T05:00Z,2026-05-23T04:45Z,-29,1,15,10Y1001C--00090V,AUCTION-aFRR,B74,10YSK-SEPS-----K,EUR,A01,A02,20260523028-AFRR_N-UNIT_062-1,MWH,MAW,A01,A06,2026-05-23T05:00Z,2026-05-23T04:45Z
balancing_energy_bids,46,2026-05-23T04:45:00,PT15M,2026-05-23T05:00Z,2026-05-23T04:45Z,10,1,4,10Y1001C--00090V,AUCTION-aFRR,B74,10YSK-SEPS-----K,EUR,A01,A02,20260523028-AFRR_N-UNIT_043-1,MWH,MAW,A01,A06,2026-05-23T05:00Z,2026-05-23T04:45Z
balancing_energy_bids,47,2026-05-23T04:45:00,PT15M,2026-05-23T05:00Z,2026-05-23T04:45Z,-5,1,4,10Y1001C--00090V,AUCTION-aFRR,B74,10YSK-SEPS-----K,EUR,A01,A02,20260523028-AFRR_N-UNIT_104-1,MWH,MAW,A01,A06,2026-05-23T05:00Z,2026-05-23T04:45Z
balancing_energy_bids,48,2026-05-23T04:45:00,PT15M,2026-05-23T05:00Z,2026-05-23T04:45Z,-155.06,1,3,10Y1001C--00090V,AUCTION-aFRR,B74,10YSK-SEPS-----K,EUR,A01,A02,20260523028-AFRR_N-UNIT_089-1,MWH,MAW,A01,A06,2026-05-23T05:00Z,2026-05-23T04:45Z
balancing_energy_bids,49,2026-05-23T04:45:00,PT15M,2026-05-23T05:00Z,2026-05-23T04:45Z,0,1,7,10Y1001C--00090V,AUCTION-aFRR,B74,10YSK-SEPS-----K,EUR,A01,A02,20260523028-AFRR_N-UNIT_097-1,MWH,MAW,A01,A06,2026-05-23T05:00Z,2026-05-23T04:45Z
balancing_energy_bids,50,2026-05-23T04:45:00,PT15M,2026-05-23T05:00Z,2026-05-23T04:45Z,-199,1,1,10Y1001C--00090V,AUCTION-aFRR,B74,10YSK-SEPS-----K,EUR,A01,A02,20260523028-AFRR_N-UNIT_019-1,MWH,MAW,A01,A11,2026-05-23T05:00Z,2026-05-23T04:45Z
balancing_energy_bids,51,2026-05-23T04:45:00,PT15M,2026-05-23T05:00Z,2026-05-23T04:45Z,-19,1,1,10Y1001C--00090V,AUCTION-aFRR,B74,10YSK-SEPS-----K,EUR,A01,A02,20260523028-AFRR_N-UNIT_106-1,MWH,MAW,A01,A06,2026-05-23T05:00Z,2026-05-23T04:45Z
balancing_energy_bids,52,2026-05-23T04:45:00,PT15M,2026-05-23T05:00Z,2026-05-23T04:45Z,-5,1,7,10Y1001C--00090V,AUCTION-aFRR,B74,10YSK-SEPS-----K,EUR,A01,A02,20260523028-AFRR_N-UNIT_123-1,MWH,MAW,A01,A06,2026-05-23T05:00Z,2026-05-23T04:45Z
balancing_energy_bids,53,2026-05-23T05:00:00,PT15M,2026-05-23T05:15Z,2026-05-23T05:00Z,154.31,1,5,10Y1001C--00090V,AUCTION-aFRR,B74,10YSK-SEPS-----K,EUR,A01,A01,20260523029-AFRR_P-UNIT_028-1,MWH,MAW,A01,A06,2026-05-23T05:15Z,2026-05-23T05:00Z
balancing_energy_bids,54,2026-05-23T05:00:00,PT15M,2026-05-23T05:15Z,2026-05-23T05:00Z,189.3,1,1,10Y1001C--00090V,AUCTION-aFRR,B74,10YSK-SEPS-----K,EUR,A01,A01,20260523029-AFRR_P-UNIT_068-1,MWH,MAW,A01,A11,2026-05-23T05:15Z,2026-05-23T05:00Z
balancing_energy_bids,55,2026-05-23T05:00:00,PT15M,2026-05-23T05:15Z,2026-05-23T05:00Z,190.07,1,12,10Y1001C--00090V,AUCTION-aFRR,B74,10YSK-SEPS-----K,EUR,A01,A01,20260523029-AFRR_P-UNIT_065-1,MWH,MAW,A01,A06,2026-05-23T05:15Z,2026-05-23T05:00Z
balancing_energy_bids,56,2026-05-23T05:00:00,PT15M,2026-05-23T05:15Z,2026-05-23T05:00Z,150,1,27,10Y1001C--00090V,AUCTION-aFRR,B74,10YSK-SEPS-----K,EUR,A01,A01,20260523029-AFRR_P-UNIT_052-1,MWH,MAW,A01,A06,2026-05-23T05:15Z,2026-05-23T05:00Z
balancing_energy_bids,57,2026-05-23T05:00:00,PT15M,2026-05-23T05:15Z,2026-05-23T05:00Z,500,1,10,10Y1001C--00090V,AUCTION-aFRR,B74,10YSK-SEPS-----K,EUR,A01,A01,20260523029-AFRR_P-UNIT_047-1,MWH,MAW,A01,A06,2026-05-23T05:15Z,2026-05-23T05:00Z
balancing_energy_bids,58,2026-05-23T05:00:00,PT15M,2026-05-23T05:15Z,2026-05-23T05:00Z,350,1,17,10Y1001C--00090V,AUCTION-aFRR,B74,10YSK-SEPS-----K,EUR,A01,A01,20260523029-AFRR_P-UNIT_051-1,MWH,MAW,A01,A06,2026-05-23T05:15Z,2026-05-23T05:00Z
balancing_energy_bids,59,2026-05-23T05:00:00,PT15M,2026-05-23T05:15Z,2026-05-23T05:00Z,135,1,15,10Y1001C--00090V,AUCTION-aFRR,B74,10YSK-SEPS-----K,EUR,A01,A01,20260523029-AFRR_P-UNIT_069-1,MWH,MAW,A01,A06,2026-05-23T05:15Z,2026-05-23T05:00Z
balancing_energy_bids,60,2026-05-23T05:00:00,PT15M,2026-05-23T05:15Z,2026-05-23T05:00Z,200,1,1,10Y1001C--00090V,AUCTION-aFRR,B74,10YSK-SEPS-----K,EUR,A01,A01,20260523029-AFRR_P-UNIT_058-1,MWH,MAW,A01,A11,2026-05-23T05:15Z,2026-05-23T05:00Z
balancing_energy_bids,61,2026-05-23T05:00:00,PT15M,2026-05-23T05:15Z,2026-05-23T05:00Z,190.07,1,18,10Y1001C--00090V,AUCTION-aFRR,B74,10YSK-SEPS-----K,EUR,A01,A01,20260523029-AFRR_P-UNIT_008-1,MWH,MAW,A01,A06,2026-05-23T05:15Z,2026-05-23T05:00Z
balancing_energy_bids,62,2026-05-23T05:00:00,PT15M,2026-05-23T05:15Z,2026-05-23T05:00Z,142,1,3,10Y1001C--00090V,AUCTION-aFRR,B74,10YSK-SEPS-----K,EUR,A01,A01,20260523029-AFRR_P-UNIT_062-1,MWH,MAW,A01,A06,2026-05-23T05:15Z,2026-05-23T05:00Z
balancing_energy_bids,63,2026-05-23T05:00:00,PT15M,2026-05-23T05:15Z,2026-05-23T05:00Z,142,1,3,10Y1001C--00090V,AUCTION-aFRR,B74,10YSK-SEPS-----K,EUR,A01,A01,20260523029-AFRR_P-UNIT_043-1,MWH,MAW,A01,A06,2026-05-23T05:15Z,2026-05-23T05:00Z
balancing_energy_bids,64,2026-05-23T05:00:00,PT15M,2026-05-23T05:15Z,2026-05-23T05:00Z,110,1,10,10Y1001C--00090V,AUCTION-aFRR,B74,10YSK-SEPS-----K,EUR,A01,A01,20260523029-AFRR_P-UNIT_063-1,MWH,MAW,A01,A06,2026-05-23T05:15Z,2026-05-23T05:00Z
balancing_energy_bids,65,2026-05-23T05:00:00,PT15M,2026-05-23T05:15Z,2026-05-23T05:00Z,749,1,3,10Y1001C--00090V,AUCTION-aFRR,B74,10YSK-SEPS-----K,EUR,A01,A01,20260523029-AFRR_P-UNIT_078-1,MWH,MAW,A01,A06,2026-05-23T05:15Z,2026-05-23T05:00Z
balancing_energy_bids,66,2026-05-23T05:00:00,PT15M,2026-05-23T05:15Z,2026-05-23T05:00Z,750,1,11,10Y1001C--00090V,AUCTION-aFRR,B74,10YSK-SEPS-----K,EUR,A01,A01,20260523029-AFRR_P-UNIT_104-1,MWH,MAW,A01,A06,2026-05-23T05:15Z,2026-05-23T05:00Z
balancing_energy_bids,67,2026-05-23T05:00:00,PT15M,2026-05-23T05:15Z,2026-05-23T05:00Z,85,1,1,10Y1001C--00090V,AUCTION-aFRR,B74,10YSK-SEPS-----K,EUR,A01,A01,20260523029-AFRR_P-UNIT_097-1,MWH,MAW,A01,A06,2026-05-23T05:15Z,2026-05-23T05:00Z
balancing_energy_bids,68,2026-05-23T05:00:00,PT15M,2026-05-23T05:15Z,2026-05-23T05:00Z,190.07,1,3,10Y1001C--00090V,AUCTION-aFRR,B74,10YSK-SEPS-----K,EUR,A01,A01,20260523029-AFRR_P-UNIT_009-1,MWH,MAW,A01,A06,2026-05-23T05:15Z,2026-05-23T05:00Z
balancing_energy_bids,69,2026-05-23T05:00:00,PT15M,2026-05-23T05:15Z,2026-05-23T05:00Z,254,1,1,10Y1001C--00090V,AUCTION-aFRR,B74,10YSK-SEPS-----K,EUR,A01,A01,20260523029-AFRR_P-UNIT_019-1,MWH,MAW,A01,A06,2026-05-23T05:15Z,2026-05-23T05:00Z
balancing_energy_bids,70,2026-05-23T05:00:00,PT15M,2026-05-23T05:15Z,2026-05-23T05:00Z,300,1,1,10Y1001C--00090V,AUCTION-aFRR,B74,10YSK-SEPS-----K,EUR,A01,A01,20260523029-AFRR_P-UNIT_106-1,MWH,MAW,A01,A11,2026-05-23T05:15Z,2026-05-23T05:00Z
balancing_energy_bids,71,2026-05-23T05:00:00,PT15M,2026-05-23T05:15Z,2026-05-23T05:00Z,189,1,8,10Y1001C--00090V,AUCTION-aFRR,B74,10YSK-SEPS-----K,EUR,A01,A01,20260523029-AFRR_P-UNIT_123-1,MWH,MAW,A01,A06,2026-05-23T05:15Z,2026-05-23T05:00Z
balancing_energy_bids,72,2026-05-23T05:00:00,PT15M,2026-05-23T05:15Z,2026-05-23T05:00Z,-5,1,1,10Y1001C--00090V,AUCTION-aFRR,B74,10YSK-SEPS-----K,EUR,A01,A02,20260523029-AFRR_N-UNIT_068-1,MWH,MAW,A01,A11,2026-05-23T05:15Z,2026-05-23T05:00Z
balancing_energy_bids,73,2026-05-23T05:00:00,PT15M,2026-05-23T05:15Z,2026-05-23T05:00Z,-30,1,11,10Y1001C--00090V,AUCTION-aFRR,B74,10YSK-SEPS-----K,EUR,A01,A02,20260523029-AFRR_N-UNIT_052-1,MWH,MAW,A01,A06,2026-05-23T05:15Z,2026-05-23T05:00Z
balancing_energy_bids,74,2026-05-23T05:00:00,PT15M,2026-05-23T05:15Z,2026-05-23T05:00Z,-144,1,5,10Y1001C--00090V,AUCTION-aFRR,B74,10YSK-SEPS-----K,EUR,A01,A02,20260523029-AFRR_N-UNIT_051-1,MWH,MAW,A01,A06,2026-05-23T05:15Z,2026-05-23T05:00Z
balancing_energy_bids,75,2026-05-23T05:00:00,PT15M,2026-05-23T05:15Z,2026-05-23T05:00Z,-150,1,12,10Y1001C--00090V,AUCTION-aFRR,B74,10YSK-SEPS-----K,EUR,A01,A02,20260523029-AFRR_N-UNIT_069-1,MWH,MAW,A01,A06,2026-05-23T05:15Z,2026-05-23T05:00Z
balancing_energy_bids,76,2026-05-23T05:00:00,PT15M,2026-05-23T05:15Z,2026-05-23T05:00Z,-5,1,5,10Y1001C--00090V,AUCTION-aFRR,B74,10YSK-SEPS-----K,EUR,A01,A02,20260523029-AFRR_N-UNIT_028-1,MWH,MAW,A01,A06,2026-05-23T05:15Z,2026-05-23T05:00Z
balancing_energy_bids,77,2026-05-23T05:00:00,PT15M,2026-05-23T05:15Z,2026-05-23T05:00Z,-50,1,2,10Y1001C--00090V,AUCTION-aFRR,B74,10YSK-SEPS-----K,EUR,A01,A02,20260523029-AFRR_N-UNIT_058-1,MWH,MAW,A01,A06,2026-05-23T05:15Z,2026-05-23T05:00Z
balancing_energy_bids,78,2026-05-23T05:00:00,PT15M,2026-05-23T05:15Z,2026-05-23T05:00Z,-10,1,21,10Y1001C--00090V,AUCTION-aFRR,B74,10YSK-SEPS-----K,EUR,A01,A02,20260523029-AFRR_N-UNIT_013-1,MWH,MAW,A01,A06,2026-05-23T05:15Z,2026-05-23T05:00Z
balancing_energy_bids,79,2026-05-23T05:00:00,PT15M,2026-05-23T05:15Z,2026-05-23T05:00Z,-10,1,30,10Y1001C--00090V,AUCTION-aFRR,B74,10YSK-SEPS-----K,EUR,A01,A02,20260523029-AFRR_N-UNIT_010-1,MWH,MAW,A01,A06,2026-05-23T05:15Z,2026-05-23T05:00Z
balancing_energy_bids,80,2026-05-23T05:00:00,PT15M,2026-05-23T05:15Z,2026-05-23T05:00Z,-29,1,15,10Y1001C--00090V,AUCTION-aFRR,B74,10YSK-SEPS-----K,EUR,A01,A02,20260523029-AFRR_N-UNIT_062-1,MWH,MAW,A01,A06,2026-05-23T05:15Z,2026-05-23T05:00Z
balancing_energy_bids,81,2026-05-23T05:00:00,PT15M,2026-05-23T05:15Z,2026-05-23T05:00Z,10,1,4,10Y1001C--00090V,AUCTION-aFRR,B74,10YSK-SEPS-----K,EUR,A01,A02,20260523029-AFRR_N-UNIT_043-1,MWH,MAW,A01,A06,2026-05-23T05:15Z,2026-05-23T05:00Z
balancing_energy_bids,82,2026-05-23T05:00:00,PT15M,2026-05-23T05:15Z,2026-05-23T05:00Z,-5,1,4,10Y1001C--00090V,AUCTION-aFRR,B74,10YSK-SEPS-----K,EUR,A01,A02,20260523029-AFRR_N-UNIT_104-1,MWH,MAW,A01,A06,2026-05-23T05:15Z,2026-05-23T05:00Z
balancing_energy_bids,83,2026-05-23T05:00:00,PT15M,2026-05-23T05:15Z,2026-05-23T05:00Z,-124.78,1,3,10Y1001C--00090V,AUCTION-aFRR,B74,10YSK-SEPS-----K,EUR,A01,A02,20260523029-AFRR_N-UNIT_089-1,MWH,MAW,A01,A06,2026-05-23T05:15Z,2026-05-23T05:00Z
balancing_energy_bids,84,2026-05-23T05:00:00,PT15M,2026-05-23T05:15Z,2026-05-23T05:00Z,0,1,6,10Y1001C--00090V,AUCTION-aFRR,B74,10YSK-SEPS-----K,EUR,A01,A02,20260523029-AFRR_N-UNIT_097-1,MWH,MAW,A01,A06,2026-05-23T05:15Z,2026-05-23T05:00Z
balancing_energy_bids,85,2026-05-23T05:00:00,PT15M,2026-05-23T05:15Z,2026-05-23T05:00Z,-199,1,1,10Y1001C--00090V,AUCTION-aFRR,B74,10YSK-SEPS-----K,EUR,A01,A02,20260523029-AFRR_N-UNIT_019-1,MWH,MAW,A01,A11,2026-05-23T05:15Z,2026-05-23T05:00Z
balancing_energy_bids,86,2026-05-23T05:00:00,PT15M,2026-05-23T05:15Z,2026-05-23T05:00Z,-19,1,1,10Y1001C--00090V,AUCTION-aFRR,B74,10YSK-SEPS-----K,EUR,A01,A02,20260523029-AFRR_N-UNIT_106-1,MWH,MAW,A01,A06,2026-05-23T05:15Z,2026-05-23T05:00Z
balancing_energy_bids,87,2026-05-23T05:00:00,PT15M,2026-05-23T05:15Z,2026-05-23T05:00Z,-5,1,7,10Y1001C--00090V,AUCTION-aFRR,B74,10YSK-SEPS-----K,EUR,A01,A02,20260523029-AFRR_N-UNIT_123-1,MWH,MAW,A01,A06,2026-05-23T05:15Z,2026-05-23T05:00Z
balancing_energy_bids,88,2026-05-23T05:15:00,PT15M,2026-05-23T05:30Z,2026-05-23T05:15Z,113.64,1,5,10Y1001C--00090V,AUCTION-aFRR,B74,10YSK-SEPS-----K,EUR,A01,A01,20260523030-AFRR_P-UNIT_028-1,MWH,MAW,A01,A06,2026-05-23T05:30Z,2026-05-23T05:15Z
balancing_energy_bids,89,2026-05-23T05:15:00,PT15M,2026-05-23T05:30Z,2026-05-23T05:15Z,148.63,1,1,10Y1001C--00090V,AUCTION-aFRR,B74,10YSK-SEPS-----K,EUR,A01,A01,20260523030-AFRR_P-UNIT_068-1,MWH,MAW,A01,A11,2026-05-23T05:30Z,2026-05-23T05:15Z
balancing_energy_bids,90,2026-05-23T05:15:00,PT15M,2026-05-23T05:30Z,2026-05-23T05:15Z,190.07,1,12,10Y1001C--00090V,AUCTION-aFRR,B74,10YSK-SEPS-----K,EUR,A01,A01,20260523030-AFRR_P-UNIT_065-1,MWH,MAW,A01,A06,2026-05-23T05:30Z,2026-05-23T05:15Z
balancing_energy_bids,91,2026-05-23T05:15:00,PT15M,2026-05-23T05:30Z,2026-05-23T05:15Z,150,1,27,10Y1001C--00090V,AUCTION-aFRR,B74,10YSK-SEPS-----K,EUR,A01,A01,20260523030-AFRR_P-UNIT_052-1,MWH,MAW,A01,A06,2026-05-23T05:30Z,2026-05-23T05:15Z
balancing_energy_bids,92,2026-05-23T05:15:00,PT15M,2026-05-23T05:30Z,2026-05-23T05:15Z,500,1,10,10Y1001C--00090V,AUCTION-aFRR,B74,10YSK-SEPS-----K,EUR,A01,A01,20260523030-AFRR_P-UNIT_047-1,MWH,MAW,A01,A06,2026-05-23T05:30Z,2026-05-23T05:15Z
balancing_energy_bids,93,2026-05-23T05:15:00,PT15M,2026-05-23T05:30Z,2026-05-23T05:15Z,350,1,17,10Y1001C--00090V,AUCTION-aFRR,B74,10YSK-SEPS-----K,EUR,A01,A01,20260523030-AFRR_P-UNIT_051-1,MWH,MAW,A01,A06,2026-05-23T05:30Z,2026-05-23T05:15Z
balancing_energy_bids,94,2026-05-23T05:15:00,PT15M,2026-05-23T05:30Z,2026-05-23T05:15Z,135,1,15,10Y1001C--00090V,AUCTION-aFRR,B74,10YSK-SEPS-----K,EUR,A01,A01,20260523030-AFRR_P-UNIT_069-1,MWH,MAW,A01,A06,2026-05-23T05:30Z,2026-05-23T05:15Z
balancing_energy_bids,95,2026-05-23T05:15:00,PT15M,2026-05-23T05:30Z,2026-05-23T05:15Z,200,1,1,10Y1001C--00090V,AUCTION-aFRR,B74,10YSK-SEPS-----K,EUR,A01,A01,20260523030-AFRR_P-UNIT_058-1,MWH,MAW,A01,A11,2026-05-23T05:30Z,2026-05-23T05:15Z
balancing_energy_bids,96,2026-05-23T05:15:00,PT15M,2026-05-23T05:30Z,2026-05-23T05:15Z,190.07,1,18,10Y1001C--00090V,AUCTION-aFRR,B74,10YSK-SEPS-----K,EUR,A01,A01,20260523030-AFRR_P-UNIT_008-1,MWH,MAW,A01,A06,2026-05-23T05:30Z,2026-05-23T05:15Z
balancing_energy_bids,97,2026-05-23T05:15:00,PT15M,2026-05-23T05:30Z,2026-05-23T05:15Z,111,1,3,10Y1001C--00090V,AUCTION-aFRR,B74,10YSK-SEPS-----K,EUR,A01,A01,20260523030-AFRR_P-UNIT_062-1,MWH,MAW,A01,A06,2026-05-23T05:30Z,2026-05-23T05:15Z
balancing_energy_bids,98,2026-05-23T05:15:00,PT15M,2026-05-23T05:30Z,2026-05-23T05:15Z,111,1,3,10Y1001C--00090V,AUCTION-aFRR,B74,10YSK-SEPS-----K,EUR,A01,A01,20260523030-AFRR_P-UNIT_043-1,MWH,MAW,A01,A06,2026-05-23T05:30Z,2026-05-23T05:15Z
balancing_energy_bids,99,2026-05-23T05:15:00,PT15M,2026-05-23T05:30Z,2026-05-23T05:15Z,110,1,10,10Y1001C--00090V,AUCTION-aFRR,B74,10YSK-SEPS-----K,EUR,A01,A01,20260523030-AFRR_P-UNIT_063-1,MWH,MAW,A01,A06,2026-05-23T05:30Z,2026-05-23T05:15Z
balancing_energy_bids,100,2026-05-23T05:15:00,PT15M,2026-05-23T05:30Z,2026-05-23T05:15Z,749,1,3,10Y1001C--00090V,AUCTION-aFRR,B74,10YSK-SEPS-----K,EUR,A01,A01,20260523030-AFRR_P-UNIT_078-1,MWH,MAW,A01,A06,2026-05-23T05:30Z,2026-05-23T05:15Z
balancing_energy_bids,1,2026-05-23T05:15:00,PT15M,2026-05-23T05:30Z,2026-05-23T05:15Z,750,1,11,10Y1001C--00090V,AUCTION-aFRR,B74,10YSK-SEPS-----K,EUR,A01,A01,20260523030-AFRR_P-UNIT_104-1,MWH,MAW,A01,A06,2026-05-23T05:30Z,2026-05-23T05:15Z
balancing_energy_bids,2,2026-05-23T05:15:00,PT15M,2026-05-23T05:30Z,2026-05-23T05:15Z,85,1,1,10Y1001C--00090V,AUCTION-aFRR,B74,10YSK-SEPS-----K,EUR,A01,A01,20260523030-AFRR_P-UNIT_097-1,MWH,MAW,A01,A06,2026-05-23T05:30Z,2026-05-23T05:15Z
balancing_energy_bids,3,2026-05-23T05:15:00,PT15M,2026-05-23T05:30Z,2026-05-23T05:15Z,190.07,1,3,10Y1001C--00090V,AUCTION-aFRR,B74,10YSK-SEPS-----K,EUR,A01,A01,20260523030-AFRR_P-UNIT_009-1,MWH,MAW,A01,A06,2026-05-23T05:30Z,2026-05-23T05:15Z
balancing_energy_bids,4,2026-05-23T05:15:00,PT15M,2026-05-23T05:30Z,2026-05-23T05:15Z,228,1,1,10Y1001C--00090V,AUCTION-aFRR,B74,10YSK-SEPS-----K,EUR,A01,A01,20260523030-AFRR_P-UNIT_019-1,MWH,MAW,A01,A06,2026-05-23T05:30Z,2026-05-23T05:15Z
balancing_energy_bids,5,2026-05-23T05:15:00,PT15M,2026-05-23T05:30Z,2026-05-23T05:15Z,300,1,1,10Y1001C--00090V,AUCTION-aFRR,B74,10YSK-SEPS-----K,EUR,A01,A01,20260523030-AFRR_P-UNIT_106-1,MWH,MAW,A01,A11,2026-05-23T05:30Z,2026-05-23T05:15Z
balancing_energy_bids,6,2026-05-23T05:15:00,PT15M,2026-05-23T05:30Z,2026-05-23T05:15Z,189,1,8,10Y1001C--00090V,AUCTION-aFRR,B74,10YSK-SEPS-----K,EUR,A01,A01,20260523030-AFRR_P-UNIT_123-1,MWH,MAW,A01,A06,2026-05-23T05:30Z,2026-05-23T05:15Z
balancing_energy_bids,7,2026-05-23T05:15:00,PT15M,2026-05-23T05:30Z,2026-05-23T05:15Z,-5,1,1,10Y1001C--00090V,AUCTION-aFRR,B74,10YSK-SEPS-----K,EUR,A01,A02,20260523030-AFRR_N-UNIT_068-1,MWH,MAW,A01,A11,2026-05-23T05:30Z,2026-05-23T05:15Z
balancing_energy_bids,8,2026-05-23T05:15:00,PT15M,2026-05-23T05:30Z,2026-05-23T05:15Z,-30,1,11,10Y1001C--00090V,AUCTION-aFRR,B74,10YSK-SEPS-----K,EUR,A01,A02,20260523030-AFRR_N-UNIT_052-1,MWH,MAW,A01,A06,2026-05-23T05:30Z,2026-05-23T05:15Z
balancing_energy_bids,9,2026-05-23T05:15:00,PT15M,2026-05-23T05:30Z,2026-05-23T05:15Z,-144,1,5,10Y1001C--00090V,AUCTION-aFRR,B74,10YSK-SEPS-----K,EUR,A01,A02,20260523030-AFRR_N-UNIT_051-1,MWH,MAW,A01,A06,2026-05-23T05:30Z,2026-05-23T05:15Z
balancing_energy_bids,10,2026-05-23T05:15:00,PT15M,2026-05-23T05:30Z,2026-05-23T05:15Z,-150,1,12,10Y1001C--00090V,AUCTION-aFRR,B74,10YSK-SEPS-----K,EUR,A01,A02,20260523030-AFRR_N-UNIT_069-1,MWH,MAW,A01,A06,2026-05-23T05:30Z,2026-05-23T05:15Z
balancing_energy_bids,11,2026-05-23T05:15:00,PT15M,2026-05-23T05:30Z,2026-05-23T05:15Z,-5,1,5,10Y1001C--00090V,AUCTION-aFRR,B74,10YSK-SEPS-----K,EUR,A01,A02,20260523030-AFRR_N-UNIT_028-1,MWH,MAW,A01,A06,2026-05-23T05:30Z,2026-05-23T05:15Z
balancing_energy_bids,12,2026-05-23T05:15:00,PT15M,2026-05-23T05:30Z,2026-05-23T05:15Z,-50,1,2,10Y1001C--00090V,AUCTION-aFRR,B74,10YSK-SEPS-----K,EUR,A01,A02,20260523030-AFRR_N-UNIT_058-1,MWH,MAW,A01,A06,2026-05-23T05:30Z,2026-05-23T05:15Z
balancing_energy_bids,13,2026-05-23T05:15:00,PT15M,2026-05-23T05:30Z,2026-05-23T05:15Z,-10,1,21,10Y1001C--00090V,AUCTION-aFRR,B74,10YSK-SEPS-----K,EUR,A01,A02,20260523030-AFRR_N-UNIT_013-1,MWH,MAW,A01,A06,2026-05-23T05:30Z,2026-05-23T05:15Z
balancing_energy_bids,14,2026-05-23T05:15:00,PT15M,2026-05-23T05:30Z,2026-05-23T05:15Z,-10,1,30,10Y1001C--00090V,AUCTION-aFRR,B74,10YSK-SEPS-----K,EUR,A01,A02,20260523030-AFRR_N-UNIT_010-1,MWH,MAW,A01,A06,2026-05-23T05:30Z,2026-05-23T05:15Z
balancing_energy_bids,15,2026-05-23T05:15:00,PT15M,2026-05-23T05:30Z,2026-05-23T05:15Z,-29,1,15,10Y1001C--00090V,AUCTION-aFRR,B74,10YSK-SEPS-----K,EUR,A01,A02,20260523030-AFRR_N-UNIT_062-1,MWH,MAW,A01,A06,2026-05-23T05:30Z,2026-05-23T05:15Z
balancing_energy_bids,16,2026-05-23T05:15:00,PT15M,2026-05-23T05:30Z,2026-05-23T05:15Z,10,1,4,10Y1001C--00090V,AUCTION-aFRR,B74,10YSK-SEPS-----K,EUR,A01,A02,20260523030-AFRR_N-UNIT_043-1,MWH,MAW,A01,A06,2026-05-23T05:30Z,2026-05-23T05:15Z
balancing_energy_bids,17,2026-05-23T05:15:00,PT15M,2026-05-23T05:30Z,2026-05-23T05:15Z,-5,1,4,10Y1001C--00090V,AUCTION-aFRR,B74,10YSK-SEPS-----K,EUR,A01,A02,20260523030-AFRR_N-UNIT_104-1,MWH,MAW,A01,A06,2026-05-23T05:30Z,2026-05-23T05:15Z
balancing_energy_bids,18,2026-05-23T05:15:00,PT15M,2026-05-23T05:30Z,2026-05-23T05:15Z,-153.83,1,3,10Y1001C--00090V,AUCTION-aFRR,B74,10YSK-SEPS-----K,EUR,A01,A02,20260523030-AFRR_N-UNIT_089-1,MWH,MAW,A01,A06,2026-05-23T05:30Z,2026-05-23T05:15Z
balancing_energy_bids,19,2026-05-23T05:15:00,PT15M,2026-05-23T05:30Z,2026-05-23T05:15Z,0,1,6,10Y1001C--00090V,AUCTION-aFRR,B74,10YSK-SEPS-----K,EUR,A01,A02,20260523030-AFRR_N-UNIT_097-1,MWH,MAW,A01,A06,2026-05-23T05:30Z,2026-05-23T05:15Z
balancing_energy_bids,20,2026-05-23T05:15:00,PT15M,2026-05-23T05:30Z,2026-05-23T05:15Z,-199,1,1,10Y1001C--00090V,AUCTION-aFRR,B74,10YSK-SEPS-----K,EUR,A01,A02,20260523030-AFRR_N-UNIT_019-1,MWH,MAW,A01,A11,2026-05-23T05:30Z,2026-05-23T05:15Z
balancing_energy_bids,21,2026-05-23T05:15:00,PT15M,2026-05-23T05:30Z,2026-05-23T05:15Z,-19,1,1,10Y1001C--00090V,AUCTION-aFRR,B74,10YSK-SEPS-----K,EUR,A01,A02,20260523030-AFRR_N-UNIT_106-1,MWH,MAW,A01,A06,2026-05-23T05:30Z,2026-05-23T05:15Z
balancing_energy_bids,22,2026-05-23T05:15:00,PT15M,2026-05-23T05:30Z,2026-05-23T05:15Z,-5,1,7,10Y1001C--00090V,AUCTION-aFRR,B74,10YSK-SEPS-----K,EUR,A01,A02,20260523030-AFRR_N-UNIT_123-1,MWH,MAW,A01,A06,2026-05-23T05:30Z,2026-05-23T05:15Z
balancing_energy_bids,23,2026-05-23T05:30:00,PT15M,2026-05-23T05:45Z,2026-05-23T05:30Z,72.01,1,5,10Y1001C--00090V,AUCTION-aFRR,B74,10YSK-SEPS-----K,EUR,A01,A01,20260523031-AFRR_P-UNIT_028-1,MWH,MAW,A01,A06,2026-05-23T05:45Z,2026-05-23T05:30Z
balancing_energy_bids,24,2026-05-23T05:30:00,PT15M,2026-05-23T05:45Z,2026-05-23T05:30Z,-10,1,21,10Y1001C--00090V,AUCTION-aFRR,B74,10YSK-SEPS-----K,EUR,A01,A02,20260523031-AFRR_N-UNIT_013-1,MWH,MAW,A01,A06,2026-05-23T05:45Z,2026-05-23T05:30Z
balancing_energy_bids,25,2026-05-23T05:30:00,PT15M,2026-05-23T05:45Z,2026-05-23T05:30Z,-10,1,30,10Y1001C--00090V,AUCTION-aFRR,B74,10YSK-SEPS-----K,EUR,A01,A02,20260523031-AFRR_N-UNIT_010-1,MWH,MAW,A01,A06,2026-05-23T05:45Z,2026-05-23T05:30Z
balancing_energy_bids,26,2026-05-23T05:30:00,PT15M,2026-05-23T05:45Z,2026-05-23T05:30Z,-29,1,15,10Y1001C--00090V,AUCTION-aFRR,B74,10YSK-SEPS-----K,EUR,A01,A02,20260523031-AFRR_N-UNIT_062-1,MWH,MAW,A01,A06,2026-05-23T05:45Z,2026-05-23T05:30Z
balancing_energy_bids,27,2026-05-23T05:30:00,PT15M,2026-05-23T05:45Z,2026-05-23T05:30Z,10,1,4,10Y1001C--00090V,AUCTION-aFRR,B74,10YSK-SEPS-----K,EUR,A01,A02,20260523031-AFRR_N-UNIT_043-1,MWH,MAW,A01,A06,2026-05-23T05:45Z,2026-05-23T05:30Z
balancing_energy_bids,28,2026-05-23T05:30:00,PT15M,2026-05-23T05:45Z,2026-05-23T05:30Z,-5,1,4,10Y1001C--00090V,AUCTION-aFRR,B74,10YSK-SEPS-----K,EUR,A01,A02,20260523031-AFRR_N-UNIT_104-1,MWH,MAW,A01,A06,2026-05-23T05:45Z,2026-05-23T05:30Z
balancing_energy_bids,29,2026-05-23T05:30:00,PT15M,2026-05-23T05:45Z,2026-05-23T05:30Z,-167.84,1,3,10Y1001C--00090V,AUCTION-aFRR,B74,10YSK-SEPS-----K,EUR,A01,A02,20260523031-AFRR_N-UNIT_089-1,MWH,MAW,A01,A06,2026-05-23T05:45Z,2026-05-23T05:30Z
balancing_energy_bids,30,2026-05-23T05:30:00,PT15M,2026-05-23T05:45Z,2026-05-23T05:30Z,0,1,6,10Y1001C--00090V,AUCTION-aFRR,B74,10YSK-SEPS-----K,EUR,A01,A02,20260523031-AFRR_N-UNIT_097-1,MWH,MAW,A01,A06,2026-05-23T05:45Z,2026-05-23T05:30Z
balancing_energy_bids,31,2026-05-23T05:30:00,PT15M,2026-05-23T05:45Z,2026-05-23T05:30Z,-199,1,1,10Y1001C--00090V,AUCTION-aFRR,B74,10YSK-SEPS-----K,EUR,A01,A02,20260523031-AFRR_N-UNIT_019-1,MWH,MAW,A01,A11,2026-05-23T05:45Z,2026-05-23T05:30Z
balancing_energy_bids,32,2026-05-23T05:30:00,PT15M,2026-05-23T05:45Z,2026-05-23T05:30Z,-19,1,1,10Y1001C--00090V,AUCTION-aFRR,B74,10YSK-SEPS-----K,EUR,A01,A02,20260523031-AFRR_N-UNIT_106-1,MWH,MAW,A01,A06,2026-05-23T05:45Z,2026-05-23T05:30Z
balancing_energy_bids,33,2026-05-23T05:30:00,PT15M,2026-05-23T05:45Z,2026-05-23T05:30Z,-5,1,7,10Y1001C--00090V,AUCTION-aFRR,B74,10YSK-SEPS-----K,EUR,A01,A02,20260523031-AFRR_N-UNIT_123-1,MWH,MAW,A01,A06,2026-05-23T05:45Z,2026-05-23T05:30Z
balancing_energy_bids,34,2026-05-23T05:30:00,PT15M,2026-05-23T05:45Z,2026-05-23T05:30Z,132,1,1,10Y1001C--00090V,AUCTION-aFRR,B74,10YSK-SEPS-----K,EUR,A01,A01,20260523031-AFRR_P-UNIT_068-1,MWH,MAW,A01,A11,2026-05-23T05:45Z,2026-05-23T05:30Z
balancing_energy_bids,35,2026-05-23T05:30:00,PT15M,2026-05-23T05:45Z,2026-05-23T05:30Z,190.07,1,12,10Y1001C--00090V,AUCTION-aFRR,B74,10YSK-SEPS-----K,EUR,A01,A01,20260523031-AFRR_P-UNIT_065-1,MWH,MAW,A01,A06,2026-05-23T05:45Z,2026-05-23T05:30Z
balancing_energy_bids,36,2026-05-23T05:30:00,PT15M,2026-05-23T05:45Z,2026-05-23T05:30Z,150,1,27,10Y1001C--00090V,AUCTION-aFRR,B74,10YSK-SEPS-----K,EUR,A01,A01,20260523031-AFRR_P-UNIT_052-1,MWH,MAW,A01,A06,2026-05-23T05:45Z,2026-05-23T05:30Z
balancing_energy_bids,37,2026-05-23T05:30:00,PT15M,2026-05-23T05:45Z,2026-05-23T05:30Z,500,1,10,10Y1001C--00090V,AUCTION-aFRR,B74,10YSK-SEPS-----K,EUR,A01,A01,20260523031-AFRR_P-UNIT_047-1,MWH,MAW,A01,A06,2026-05-23T05:45Z,2026-05-23T05:30Z
balancing_energy_bids,38,2026-05-23T05:30:00,PT15M,2026-05-23T05:45Z,2026-05-23T05:30Z,350,1,17,10Y1001C--00090V,AUCTION-aFRR,B74,10YSK-SEPS-----K,EUR,A01,A01,20260523031-AFRR_P-UNIT_051-1,MWH,MAW,A01,A06,2026-05-23T05:45Z,2026-05-23T05:30Z
balancing_energy_bids,39,2026-05-23T05:30:00,PT15M,2026-05-23T05:45Z,2026-05-23T05:30Z,135,1,15,10Y1001C--00090V,AUCTION-aFRR,B74,10YSK-SEPS-----K,EUR,A01,A01,20260523031-AFRR_P-UNIT_069-1,MWH,MAW,A01,A06,2026-05-23T05:45Z,2026-05-23T05:30Z
balancing_energy_bids,40,2026-05-23T05:30:00,PT15M,2026-05-23T05:45Z,2026-05-23T05:30Z,200,1,1,10Y1001C--00090V,AUCTION-aFRR,B74,10YSK-SEPS-----K,EUR,A01,A01,20260523031-AFRR_P-UNIT_058-1,MWH,MAW,A01,A11,2026-05-23T05:45Z,2026-05-23T05:30Z
balancing_energy_bids,41,2026-05-23T05:30:00,PT15M,2026-05-23T05:45Z,2026-05-23T05:30Z,190.07,1,18,10Y1001C--00090V,AUCTION-aFRR,B74,10YSK-SEPS-----K,EUR,A01,A01,20260523031-AFRR_P-UNIT_008-1,MWH,MAW,A01,A06,2026-05-23T05:45Z,2026-05-23T05:30Z
balancing_energy_bids,42,2026-05-23T05:30:00,PT15M,2026-05-23T05:45Z,2026-05-23T05:30Z,105,1,3,10Y1001C--00090V,AUCTION-aFRR,B74,10YSK-SEPS-----K,EUR,A01,A01,20260523031-AFRR_P-UNIT_062-1,MWH,MAW,A01,A06,2026-05-23T05:45Z,2026-05-23T05:30Z
balancing_energy_bids,43,2026-05-23T05:30:00,PT15M,2026-05-23T05:45Z,2026-05-23T05:30Z,105,1,3,10Y1001C--00090V,AUCTION-aFRR,B74,10YSK-SEPS-----K,EUR,A01,A01,20260523031-AFRR_P-UNIT_043-1,MWH,MAW,A01,A06,2026-05-23T05:45Z,2026-05-23T05:30Z
balancing_energy_bids,44,2026-05-23T05:30:00,PT15M,2026-05-23T05:45Z,2026-05-23T05:30Z,110,1,10,10Y1001C--00090V,AUCTION-aFRR,B74,10YSK-SEPS-----K,EUR,A01,A01,20260523031-AFRR_P-UNIT_063-1,MWH,MAW,A01,A06,2026-05-23T05:45Z,2026-05-23T05:30Z
balancing_energy_bids,45,2026-05-23T05:30:00,PT15M,2026-05-23T05:45Z,2026-05-23T05:30Z,749,1,3,10Y1001C--00090V,AUCTION-aFRR,B74,10YSK-SEPS-----K,EUR,A01,A01,20260523031-AFRR_P-UNIT_078-1,MWH,MAW,A01,A06,2026-05-23T05:45Z,2026-05-23T05:30Z
balancing_energy_bids,46,2026-05-23T05:30:00,PT15M,2026-05-23T05:45Z,2026-05-23T05:30Z,750,1,11,10Y1001C--00090V,AUCTION-aFRR,B74,10YSK-SEPS-----K,EUR,A01,A01,20260523031-AFRR_P-UNIT_104-1,MWH,MAW,A01,A06,2026-05-23T05:45Z,2026-05-23T05:30Z
balancing_energy_bids,47,2026-05-23T05:30:00,PT15M,2026-05-23T05:45Z,2026-05-23T05:30Z,85,1,1,10Y1001C--00090V,AUCTION-aFRR,B74,10YSK-SEPS-----K,EUR,A01,A01,20260523031-AFRR_P-UNIT_097-1,MWH,MAW,A01,A06,2026-05-23T05:45Z,2026-05-23T05:30Z
balancing_energy_bids,48,2026-05-23T05:30:00,PT15M,2026-05-23T05:45Z,2026-05-23T05:30Z,190.07,1,3,10Y1001C--00090V,AUCTION-aFRR,B74,10YSK-SEPS-----K,EUR,A01,A01,20260523031-AFRR_P-UNIT_009-1,MWH,MAW,A01,A06,2026-05-23T05:45Z,2026-05-23T05:30Z
balancing_energy_bids,49,2026-05-23T05:30:00,PT15M,2026-05-23T05:45Z,2026-05-23T05:30Z,216,1,1,10Y1001C--00090V,AUCTION-aFRR,B74,10YSK-SEPS-----K,EUR,A01,A01,20260523031-AFRR_P-UNIT_019-1,MWH,MAW,A01,A06,2026-05-23T05:45Z,2026-05-23T05:30Z
balancing_energy_bids,50,2026-05-23T05:30:00,PT15M,2026-05-23T05:45Z,2026-05-23T05:30Z,300,1,1,10Y1001C--00090V,AUCTION-aFRR,B74,10YSK-SEPS-----K,EUR,A01,A01,20260523031-AFRR_P-UNIT_106-1,MWH,MAW,A01,A11,2026-05-23T05:45Z,2026-05-23T05:30Z
balancing_energy_bids,51,2026-05-23T05:30:00,PT15M,2026-05-23T05:45Z,2026-05-23T05:30Z,189,1,8,10Y1001C--00090V,AUCTION-aFRR,B74,10YSK-SEPS-----K,EUR,A01,A01,20260523031-AFRR_P-UNIT_123-1,MWH,MAW,A01,A06,2026-05-23T05:45Z,2026-05-23T05:30Z
balancing_energy_bids,52,2026-05-23T05:30:00,PT15M,2026-05-23T05:45Z,2026-05-23T05:30Z,-5,1,1,10Y1001C--00090V,AUCTION-aFRR,B74,10YSK-SEPS-----K,EUR,A01,A02,20260523031-AFRR_N-UNIT_068-1,MWH,MAW,A01,A11,2026-05-23T05:45Z,2026-05-23T05:30Z
balancing_energy_bids,53,2026-05-23T05:30:00,PT15M,2026-05-23T05:45Z,2026-05-23T05:30Z,-30,1,11,10Y1001C--00090V,AUCTION-aFRR,B74,10YSK-SEPS-----K,EUR,A01,A02,20260523031-AFRR_N-UNIT_052-1,MWH,MAW,A01,A06,2026-05-23T05:45Z,2026-05-23T05:30Z
balancing_energy_bids,54,2026-05-23T05:30:00,PT15M,2026-05-23T05:45Z,2026-05-23T05:30Z,-144,1,5,10Y1001C--00090V,AUCTION-aFRR,B74,10YSK-SEPS-----K,EUR,A01,A02,20260523031-AFRR_N-UNIT_051-1,MWH,MAW,A01,A06,2026-05-23T05:45Z,2026-05-23T05:30Z
balancing_energy_bids,55,2026-05-23T05:30:00,PT15M,2026-05-23T05:45Z,2026-05-23T05:30Z,-150,1,12,10Y1001C--00090V,AUCTION-aFRR,B74,10YSK-SEPS-----K,EUR,A01,A02,20260523031-AFRR_N-UNIT_069-1,MWH,MAW,A01,A06,2026-05-23T05:45Z,2026-05-23T05:30Z
balancing_energy_bids,56,2026-05-23T05:30:00,PT15M,2026-05-23T05:45Z,2026-05-23T05:30Z,-5,1,5,10Y1001C--00090V,AUCTION-aFRR,B74,10YSK-SEPS-----K,EUR,A01,A02,20260523031-AFRR_N-UNIT_028-1,MWH,MAW,A01,A06,2026-05-23T05:45Z,2026-05-23T05:30Z
balancing_energy_bids,57,2026-05-23T05:30:00,PT15M,2026-05-23T05:45Z,2026-05-23T05:30Z,-50,1,2,10Y1001C--00090V,AUCTION-aFRR,B74,10YSK-SEPS-----K,EUR,A01,A02,20260523031-AFRR_N-UNIT_058-1,MWH,MAW,A01,A06,2026-05-23T05:45Z,2026-05-23T05:30Z
balancing_energy_bids,58,2026-05-23T05:45:00,PT15M,2026-05-23T06:00Z,2026-05-23T05:45Z,72.01,1,5,10Y1001C--00090V,AUCTION-aFRR,B74,10YSK-SEPS-----K,EUR,A01,A01,20260523032-AFRR_P-UNIT_028-1,MWH,MAW,A01,A06,2026-05-23T06:00Z,2026-05-23T05:45Z
balancing_energy_bids,59,2026-05-23T05:45:00,PT15M,2026-05-23T06:00Z,2026-05-23T05:45Z,132,1,1,10Y1001C--00090V,AUCTION-aFRR,B74,10YSK-SEPS-----K,EUR,A01,A01,20260523032-AFRR_P-UNIT_068-1,MWH,MAW,A01,A11,2026-05-23T06:00Z,2026-05-23T05:45Z
balancing_energy_bids,60,2026-05-23T05:45:00,PT15M,2026-05-23T06:00Z,2026-05-23T05:45Z,190.07,1,12,10Y1001C--00090V,AUCTION-aFRR,B74,10YSK-SEPS-----K,EUR,A01,A01,20260523032-AFRR_P-UNIT_065-1,MWH,MAW,A01,A06,2026-05-23T06:00Z,2026-05-23T05:45Z
balancing_energy_bids,61,2026-05-23T05:45:00,PT15M,2026-05-23T06:00Z,2026-05-23T05:45Z,150,1,27,10Y1001C--00090V,AUCTION-aFRR,B74,10YSK-SEPS-----K,EUR,A01,A01,20260523032-AFRR_P-UNIT_052-1,MWH,MAW,A01,A06,2026-05-23T06:00Z,2026-05-23T05:45Z
balancing_energy_bids,62,2026-05-23T05:45:00,PT15M,2026-05-23T06:00Z,2026-05-23T05:45Z,500,1,10,10Y1001C--00090V,AUCTION-aFRR,B74,10YSK-SEPS-----K,EUR,A01,A01,20260523032-AFRR_P-UNIT_047-1,MWH,MAW,A01,A06,2026-05-23T06:00Z,2026-05-23T05:45Z
balancing_energy_bids,63,2026-05-23T05:45:00,PT15M,2026-05-23T06:00Z,2026-05-23T05:45Z,350,1,17,10Y1001C--00090V,AUCTION-aFRR,B74,10YSK-SEPS-----K,EUR,A01,A01,20260523032-AFRR_P-UNIT_051-1,MWH,MAW,A01,A06,2026-05-23T06:00Z,2026-05-23T05:45Z
balancing_energy_bids,64,2026-05-23T05:45:00,PT15M,2026-05-23T06:00Z,2026-05-23T05:45Z,135,1,15,10Y1001C--00090V,AUCTION-aFRR,B74,10YSK-SEPS-----K,EUR,A01,A01,20260523032-AFRR_P-UNIT_069-1,MWH,MAW,A01,A06,2026-05-23T06:00Z,2026-05-23T05:45Z
balancing_energy_bids,65,2026-05-23T05:45:00,PT15M,2026-05-23T06:00Z,2026-05-23T05:45Z,200,1,1,10Y1001C--00090V,AUCTION-aFRR,B74,10YSK-SEPS-----K,EUR,A01,A01,20260523032-AFRR_P-UNIT_058-1,MWH,MAW,A01,A11,2026-05-23T06:00Z,2026-05-23T05:45Z
balancing_energy_bids,66,2026-05-23T05:45:00,PT15M,2026-05-23T06:00Z,2026-05-23T05:45Z,190.07,1,18,10Y1001C--00090V,AUCTION-aFRR,B74,10YSK-SEPS-----K,EUR,A01,A01,20260523032-AFRR_P-UNIT_008-1,MWH,MAW,A01,A06,2026-05-23T06:00Z,2026-05-23T05:45Z
balancing_energy_bids,67,2026-05-23T05:45:00,PT15M,2026-05-23T06:00Z,2026-05-23T05:45Z,105,1,3,10Y1001C--00090V,AUCTION-aFRR,B74,10YSK-SEPS-----K,EUR,A01,A01,20260523032-AFRR_P-UNIT_062-1,MWH,MAW,A01,A06,2026-05-23T06:00Z,2026-05-23T05:45Z
balancing_energy_bids,68,2026-05-23T05:45:00,PT15M,2026-05-23T06:00Z,2026-05-23T05:45Z,105,1,3,10Y1001C--00090V,AUCTION-aFRR,B74,10YSK-SEPS-----K,EUR,A01,A01,20260523032-AFRR_P-UNIT_043-1,MWH,MAW,A01,A06,2026-05-23T06:00Z,2026-05-23T05:45Z
balancing_energy_bids,69,2026-05-23T05:45:00,PT15M,2026-05-23T06:00Z,2026-05-23T05:45Z,110,1,10,10Y1001C--00090V,AUCTION-aFRR,B74,10YSK-SEPS-----K,EUR,A01,A01,20260523032-AFRR_P-UNIT_063-1,MWH,MAW,A01,A06,2026-05-23T06:00Z,2026-05-23T05:45Z
balancing_energy_bids,70,2026-05-23T05:45:00,PT15M,2026-05-23T06:00Z,2026-05-23T05:45Z,749,1,3,10Y1001C--00090V,AUCTION-aFRR,B74,10YSK-SEPS-----K,EUR,A01,A01,20260523032-AFRR_P-UNIT_078-1,MWH,MAW,A01,A06,2026-05-23T06:00Z,2026-05-23T05:45Z
balancing_energy_bids,71,2026-05-23T05:45:00,PT15M,2026-05-23T06:00Z,2026-05-23T05:45Z,750,1,11,10Y1001C--00090V,AUCTION-aFRR,B74,10YSK-SEPS-----K,EUR,A01,A01,20260523032-AFRR_P-UNIT_104-1,MWH,MAW,A01,A06,2026-05-23T06:00Z,2026-05-23T05:45Z
balancing_energy_bids,72,2026-05-23T05:45:00,PT15M,2026-05-23T06:00Z,2026-05-23T05:45Z,85,1,1,10Y1001C--00090V,AUCTION-aFRR,B74,10YSK-SEPS-----K,EUR,A01,A01,20260523032-AFRR_P-UNIT_097-1,MWH,MAW,A01,A06,2026-05-23T06:00Z,2026-05-23T05:45Z
balancing_energy_bids,73,2026-05-23T05:45:00,PT15M,2026-05-23T06:00Z,2026-05-23T05:45Z,190.07,1,3,10Y1001C--00090V,AUCTION-aFRR,B74,10YSK-SEPS-----K,EUR,A01,A01,20260523032-AFRR_P-UNIT_009-1,MWH,MAW,A01,A06,2026-05-23T06:00Z,2026-05-23T05:45Z
balancing_energy_bids,74,2026-05-23T05:45:00,PT15M,2026-05-23T06:00Z,2026-05-23T05:45Z,183,1,1,10Y1001C--00090V,AUCTION-aFRR,B74,10YSK-SEPS-----K,EUR,A01,A01,20260523032-AFRR_P-UNIT_019-1,MWH,MAW,A01,A06,2026-05-23T06:00Z,2026-05-23T05:45Z
balancing_energy_bids,75,2026-05-23T05:45:00,PT15M,2026-05-23T06:00Z,2026-05-23T05:45Z,300,1,1,10Y1001C--00090V,AUCTION-aFRR,B74,10YSK-SEPS-----K,EUR,A01,A01,20260523032-AFRR_P-UNIT_106-1,MWH,MAW,A01,A11,2026-05-23T06:00Z,2026-05-23T05:45Z
balancing_energy_bids,76,2026-05-23T05:45:00,PT15M,2026-05-23T06:00Z,2026-05-23T05:45Z,189,1,8,10Y1001C--00090V,AUCTION-aFRR,B74,10YSK-SEPS-----K,EUR,A01,A01,20260523032-AFRR_P-UNIT_123-1,MWH,MAW,A01,A06,2026-05-23T06:00Z,2026-05-23T05:45Z
balancing_energy_bids,77,2026-05-23T05:45:00,PT15M,2026-05-23T06:00Z,2026-05-23T05:45Z,-5,1,1,10Y1001C--00090V,AUCTION-aFRR,B74,10YSK-SEPS-----K,EUR,A01,A02,20260523032-AFRR_N-UNIT_068-1,MWH,MAW,A01,A11,2026-05-23T06:00Z,2026-05-23T05:45Z
balancing_energy_bids,78,2026-05-23T05:45:00,PT15M,2026-05-23T06:00Z,2026-05-23T05:45Z,-30,1,11,10Y1001C--00090V,AUCTION-aFRR,B74,10YSK-SEPS-----K,EUR,A01,A02,20260523032-AFRR_N-UNIT_052-1,MWH,MAW,A01,A06,2026-05-23T06:00Z,2026-05-23T05:45Z
balancing_energy_bids,79,2026-05-23T05:45:00,PT15M,2026-05-23T06:00Z,2026-05-23T05:45Z,-144,1,5,10Y1001C--00090V,AUCTION-aFRR,B74,10YSK-SEPS-----K,EUR,A01,A02,20260523032-AFRR_N-UNIT_051-1,MWH,MAW,A01,A06,2026-05-23T06:00Z,2026-05-23T05:45Z
balancing_energy_bids,80,2026-05-23T05:45:00,PT15M,2026-05-23T06:00Z,2026-05-23T05:45Z,-150,1,12,10Y1001C--00090V,AUCTION-aFRR,B74,10YSK-SEPS-----K,EUR,A01,A02,20260523032-AFRR_N-UNIT_069-1,MWH,MAW,A01,A06,2026-05-23T06:00Z,2026-05-23T05:45Z
balancing_energy_bids,81,2026-05-23T05:45:00,PT15M,2026-05-23T06:00Z,2026-05-23T05:45Z,-5,1,5,10Y1001C--00090V,AUCTION-aFRR,B74,10YSK-SEPS-----K,EUR,A01,A02,20260523032-AFRR_N-UNIT_028-1,MWH,MAW,A01,A06,2026-05-23T06:00Z,2026-05-23T05:45Z
balancing_energy_bids,82,2026-05-23T05:45:00,PT15M,2026-05-23T06:00Z,2026-05-23T05:45Z,-50,1,2,10Y1001C--00090V,AUCTION-aFRR,B74,10YSK-SEPS-----K,EUR,A01,A02,20260523032-AFRR_N-UNIT_058-1,MWH,MAW,A01,A06,2026-05-23T06:00Z,2026-05-23T05:45Z
balancing_energy_bids,83,2026-05-23T05:45:00,PT15M,2026-05-23T06:00Z,2026-05-23T05:45Z,-10,1,21,10Y1001C--00090V,AUCTION-aFRR,B74,10YSK-SEPS-----K,EUR,A01,A02,20260523032-AFRR_N-UNIT_013-1,MWH,MAW,A01,A06,2026-05-23T06:00Z,2026-05-23T05:45Z
balancing_energy_bids,84,2026-05-23T05:45:00,PT15M,2026-05-23T06:00Z,2026-05-23T05:45Z,-10,1,30,10Y1001C--00090V,AUCTION-aFRR,B74,10YSK-SEPS-----K,EUR,A01,A02,20260523032-AFRR_N-UNIT_010-1,MWH,MAW,A01,A06,2026-05-23T06:00Z,2026-05-23T05:45Z
balancing_energy_bids,85,2026-05-23T05:45:00,PT15M,2026-05-23T06:00Z,2026-05-23T05:45Z,-29,1,15,10Y1001C--00090V,AUCTION-aFRR,B74,10YSK-SEPS-----K,EUR,A01,A02,20260523032-AFRR_N-UNIT_062-1,MWH,MAW,A01,A06,2026-05-23T06:00Z,2026-05-23T05:45Z
balancing_energy_bids,86,2026-05-23T05:45:00,PT15M,2026-05-23T06:00Z,2026-05-23T05:45Z,10,1,4,10Y1001C--00090V,AUCTION-aFRR,B74,10YSK-SEPS-----K,EUR,A01,A02,20260523032-AFRR_N-UNIT_043-1,MWH,MAW,A01,A06,2026-05-23T06:00Z,2026-05-23T05:45Z
balancing_energy_bids,87,2026-05-23T05:45:00,PT15M,2026-05-23T06:00Z,2026-05-23T05:45Z,-5,1,4,10Y1001C--00090V,AUCTION-aFRR,B74,10YSK-SEPS-----K,EUR,A01,A02,20260523032-AFRR_N-UNIT_104-1,MWH,MAW,A01,A06,2026-05-23T06:00Z,2026-05-23T05:45Z
balancing_energy_bids,88,2026-05-23T05:45:00,PT15M,2026-05-23T06:00Z,2026-05-23T05:45Z,-196.76,1,3,10Y1001C--00090V,AUCTION-aFRR,B74,10YSK-SEPS-----K,EUR,A01,A02,20260523032-AFRR_N-UNIT_089-1,MWH,MAW,A01,A06,2026-05-23T06:00Z,2026-05-23T05:45Z
balancing_energy_bids,89,2026-05-23T05:45:00,PT15M,2026-05-23T06:00Z,2026-05-23T05:45Z,0,1,6,10Y1001C--00090V,AUCTION-aFRR,B74,10YSK-SEPS-----K,EUR,A01,A02,20260523032-AFRR_N-UNIT_097-1,MWH,MAW,A01,A06,2026-05-23T06:00Z,2026-05-23T05:45Z
balancing_energy_bids,90,2026-05-23T05:45:00,PT15M,2026-05-23T06:00Z,2026-05-23T05:45Z,-199,1,1,10Y1001C--00090V,AUCTION-aFRR,B74,10YSK-SEPS-----K,EUR,A01,A02,20260523032-AFRR_N-UNIT_019-1,MWH,MAW,A01,A11,2026-05-23T06:00Z,2026-05-23T05:45Z
balancing_energy_bids,91,2026-05-23T05:45:00,PT15M,2026-05-23T06:00Z,2026-05-23T05:45Z,-19,1,1,10Y1001C--00090V,AUCTION-aFRR,B74,10YSK-SEPS-----K,EUR,A01,A02,20260523032-AFRR_N-UNIT_106-1,MWH,MAW,A01,A06,2026-05-23T06:00Z,2026-05-23T05:45Z
balancing_energy_bids,92,2026-05-23T05:45:00,PT15M,2026-05-23T06:00Z,2026-05-23T05:45Z,-5,1,7,10Y1001C--00090V,AUCTION-aFRR,B74,10YSK-SEPS-----K,EUR,A01,A02,20260523032-AFRR_N-UNIT_123-1,MWH,MAW,A01,A06,2026-05-23T06:00Z,2026-05-23T05:45Z
balancing_energy_bids,93,2026-05-23T06:00:00,PT15M,2026-05-23T06:15Z,2026-05-23T06:00Z,-144,1,5,10Y1001C--00090V,AUCTION-aFRR,B74,10YSK-SEPS-----K,EUR,A01,A02,20260523033-AFRR_N-UNIT_051-1,MWH,MAW,A01,A06,2026-05-23T06:15Z,2026-05-23T06:00Z
balancing_energy_bids,94,2026-05-23T06:00:00,PT15M,2026-05-23T06:15Z,2026-05-23T06:00Z,-150,1,12,10Y1001C--00090V,AUCTION-aFRR,B74,10YSK-SEPS-----K,EUR,A01,A02,20260523033-AFRR_N-UNIT_069-1,MWH,MAW,A01,A06,2026-05-23T06:15Z,2026-05-23T06:00Z
balancing_energy_bids,95,2026-05-23T06:00:00,PT15M,2026-05-23T06:15Z,2026-05-23T06:00Z,-50,1,2,10Y1001C--00090V,AUCTION-aFRR,B74,10YSK-SEPS-----K,EUR,A01,A02,20260523033-AFRR_N-UNIT_058-1,MWH,MAW,A01,A06,2026-05-23T06:15Z,2026-05-23T06:00Z
balancing_energy_bids,96,2026-05-23T06:00:00,PT15M,2026-05-23T06:15Z,2026-05-23T06:00Z,-10,1,30,10Y1001C--00090V,AUCTION-aFRR,B74,10YSK-SEPS-----K,EUR,A01,A02,20260523033-AFRR_N-UNIT_010-1,MWH,MAW,A01,A06,2026-05-23T06:15Z,2026-05-23T06:00Z
balancing_energy_bids,97,2026-05-23T06:00:00,PT15M,2026-05-23T06:15Z,2026-05-23T06:00Z,10,1,5,10Y1001C--00090V,AUCTION-aFRR,B74,10YSK-SEPS-----K,EUR,A01,A02,20260523033-AFRR_N-UNIT_043-1,MWH,MAW,A01,A06,2026-05-23T06:15Z,2026-05-23T06:00Z
balancing_energy_bids,98,2026-05-23T06:00:00,PT15M,2026-05-23T06:15Z,2026-05-23T06:00Z,0,1,4,10Y1001C--00090V,AUCTION-aFRR,B74,10YSK-SEPS-----K,EUR,A01,A02,20260523033-AFRR_N-UNIT_104-1,MWH,MAW,A01,A06,2026-05-23T06:15Z,2026-05-23T06:00Z
balancing_energy_bids,99,2026-05-23T06:00:00,PT15M,2026-05-23T06:15Z,2026-05-23T06:00Z,-152.07,1,3,10Y1001C--00090V,AUCTION-aFRR,B74,10YSK-SEPS-----K,EUR,A01,A02,20260523033-AFRR_N-UNIT_089-1,MWH,MAW,A01,A06,2026-05-23T06:15Z,2026-05-23T06:00Z
balancing_energy_bids,100,2026-05-23T06:00:00,PT15M,2026-05-23T06:15Z,2026-05-23T06:00Z,0,1,5,10Y1001C--00090V,AUCTION-aFRR,B74,10YSK-SEPS-----K,EUR,A01,A02,20260523033-AFRR_N-UNIT_097-1,MWH,MAW,A01,A06,2026-05-23T06:15Z,2026-05-23T06:00Z
balancing_energy_bids,1,2026-05-23T06:00:00,PT15M,2026-05-23T06:15Z,2026-05-23T06:00Z,-199,1,1,10Y1001C--00090V,AUCTION-aFRR,B74,10YSK-SEPS-----K,EUR,A01,A02,20260523033-AFRR_N-UNIT_019-1,MWH,MAW,A01,A11,2026-05-23T06:15Z,2026-05-23T06:00Z
balancing_energy_bids,2,2026-05-23T06:00:00,PT15M,2026-05-23T06:15Z,2026-05-23T06:00Z,-19,1,1,10Y1001C--00090V,AUCTION-aFRR,B74,10YSK-SEPS-----K,EUR,A01,A02,20260523033-AFRR_N-UNIT_106-1,MWH,MAW,A01,A06,2026-05-23T06:15Z,2026-05-23T06:00Z
balancing_energy_bids,3,2026-05-23T06:00:00,PT15M,2026-05-23T06:15Z,2026-05-23T06:00Z,-5,1,6,10Y1001C--00090V,AUCTION-aFRR,B74,10YSK-SEPS-----K,EUR,A01,A02,20260523033-AFRR_N-UNIT_123-1,MWH,MAW,A01,A06,2026-05-23T06:15Z,2026-05-23T06:00Z
balancing_energy_bids,4,2026-05-23T06:00:00,PT15M,2026-05-23T06:15Z,2026-05-23T06:00Z,151.1,1,1,10Y1001C--00090V,AUCTION-aFRR,B74,10YSK-SEPS-----K,EUR,A01,A01,20260523033-AFRR_P-UNIT_068-1,MWH,MAW,A01,A11,2026-05-23T06:15Z,2026-05-23T06:00Z
balancing_energy_bids,5,2026-05-23T06:00:00,PT15M,2026-05-23T06:15Z,2026-05-23T06:00Z,190.07,1,12,10Y1001C--00090V,AUCTION-aFRR,B74,10YSK-SEPS-----K,EUR,A01,A01,20260523033-AFRR_P-UNIT_065-1,MWH,MAW,A01,A06,2026-05-23T06:15Z,2026-05-23T06:00Z
balancing_energy_bids,6,2026-05-23T06:00:00,PT15M,2026-05-23T06:15Z,2026-05-23T06:00Z,150,1,27,10Y1001C--00090V,AUCTION-aFRR,B74,10YSK-SEPS-----K,EUR,A01,A01,20260523033-AFRR_P-UNIT_052-1,MWH,MAW,A01,A06,2026-05-23T06:15Z,2026-05-23T06:00Z
balancing_energy_bids,7,2026-05-23T06:00:00,PT15M,2026-05-23T06:15Z,2026-05-23T06:00Z,500,1,10,10Y1001C--00090V,AUCTION-aFRR,B74,10YSK-SEPS-----K,EUR,A01,A01,20260523033-AFRR_P-UNIT_047-1,MWH,MAW,A01,A06,2026-05-23T06:15Z,2026-05-23T06:00Z
balancing_energy_bids,8,2026-05-23T06:00:00,PT15M,2026-05-23T06:15Z,2026-05-23T06:00Z,350,1,17,10Y1001C--00090V,AUCTION-aFRR,B74,10YSK-SEPS-----K,EUR,A01,A01,20260523033-AFRR_P-UNIT_051-1,MWH,MAW,A01,A06,2026-05-23T06:15Z,2026-05-23T06:00Z
balancing_energy_bids,9,2026-05-23T06:00:00,PT15M,2026-05-23T06:15Z,2026-05-23T06:00Z,135,1,15,10Y1001C--00090V,AUCTION-aFRR,B74,10YSK-SEPS-----K,EUR,A01,A01,20260523033-AFRR_P-UNIT_069-1,MWH,MAW,A01,A06,2026-05-23T06:15Z,2026-05-23T06:00Z
balancing_energy_bids,10,2026-05-23T06:00:00,PT15M,2026-05-23T06:15Z,2026-05-23T06:00Z,200,1,1,10Y1001C--00090V,AUCTION-aFRR,B74,10YSK-SEPS-----K,EUR,A01,A01,20260523033-AFRR_P-UNIT_058-1,MWH,MAW,A01,A11,2026-05-23T06:15Z,2026-05-23T06:00Z
balancing_energy_bids,11,2026-05-23T06:00:00,PT15M,2026-05-23T06:15Z,2026-05-23T06:00Z,113,1,5,10Y1001C--00090V,AUCTION-aFRR,B74,10YSK-SEPS-----K,EUR,A01,A01,20260523033-AFRR_P-UNIT_062-1,MWH,MAW,A01,A06,2026-05-23T06:15Z,2026-05-23T06:00Z
balancing_energy_bids,12,2026-05-23T06:00:00,PT15M,2026-05-23T06:15Z,2026-05-23T06:00Z,113,1,5,10Y1001C--00090V,AUCTION-aFRR,B74,10YSK-SEPS-----K,EUR,A01,A01,20260523033-AFRR_P-UNIT_043-1,MWH,MAW,A01,A06,2026-05-23T06:15Z,2026-05-23T06:00Z
balancing_energy_bids,13,2026-05-23T06:00:00,PT15M,2026-05-23T06:15Z,2026-05-23T06:00Z,110,1,10,10Y1001C--00090V,AUCTION-aFRR,B74,10YSK-SEPS-----K,EUR,A01,A01,20260523033-AFRR_P-UNIT_063-1,MWH,MAW,A01,A06,2026-05-23T06:15Z,2026-05-23T06:00Z
balancing_energy_bids,14,2026-05-23T06:00:00,PT15M,2026-05-23T06:15Z,2026-05-23T06:00Z,749,1,3,10Y1001C--00090V,AUCTION-aFRR,B74,10YSK-SEPS-----K,EUR,A01,A01,20260523033-AFRR_P-UNIT_078-1,MWH,MAW,A01,A06,2026-05-23T06:15Z,2026-05-23T06:00Z
balancing_energy_bids,15,2026-05-23T06:00:00,PT15M,2026-05-23T06:15Z,2026-05-23T06:00Z,750,1,11,10Y1001C--00090V,AUCTION-aFRR,B74,10YSK-SEPS-----K,EUR,A01,A01,20260523033-AFRR_P-UNIT_104-1,MWH,MAW,A01,A06,2026-05-23T06:15Z,2026-05-23T06:00Z
balancing_energy_bids,16,2026-05-23T06:00:00,PT15M,2026-05-23T06:15Z,2026-05-23T06:00Z,85,1,2,10Y1001C--00090V,AUCTION-aFRR,B74,10YSK-SEPS-----K,EUR,A01,A01,20260523033-AFRR_P-UNIT_097-1,MWH,MAW,A01,A06,2026-05-23T06:15Z,2026-05-23T06:00Z
balancing_energy_bids,17,2026-05-23T06:00:00,PT15M,2026-05-23T06:15Z,2026-05-23T06:00Z,190.07,1,3,10Y1001C--00090V,AUCTION-aFRR,B74,10YSK-SEPS-----K,EUR,A01,A01,20260523033-AFRR_P-UNIT_009-1,MWH,MAW,A01,A06,2026-05-23T06:15Z,2026-05-23T06:00Z
balancing_energy_bids,18,2026-05-23T06:00:00,PT15M,2026-05-23T06:15Z,2026-05-23T06:00Z,230,1,1,10Y1001C--00090V,AUCTION-aFRR,B74,10YSK-SEPS-----K,EUR,A01,A01,20260523033-AFRR_P-UNIT_019-1,MWH,MAW,A01,A06,2026-05-23T06:15Z,2026-05-23T06:00Z
balancing_energy_bids,19,2026-05-23T06:00:00,PT15M,2026-05-23T06:15Z,2026-05-23T06:00Z,300,1,1,10Y1001C--00090V,AUCTION-aFRR,B74,10YSK-SEPS-----K,EUR,A01,A01,20260523033-AFRR_P-UNIT_106-1,MWH,MAW,A01,A11,2026-05-23T06:15Z,2026-05-23T06:00Z
balancing_energy_bids,20,2026-05-23T06:00:00,PT15M,2026-05-23T06:15Z,2026-05-23T06:00Z,189,1,8,10Y1001C--00090V,AUCTION-aFRR,B74,10YSK-SEPS-----K,EUR,A01,A01,20260523033-AFRR_P-UNIT_123-1,MWH,MAW,A01,A06,2026-05-23T06:15Z,2026-05-23T06:00Z
balancing_energy_bids,21,2026-05-23T06:00:00,PT15M,2026-05-23T06:15Z,2026-05-23T06:00Z,-5,1,1,10Y1001C--00090V,AUCTION-aFRR,B74,10YSK-SEPS-----K,EUR,A01,A02,20260523033-AFRR_N-UNIT_068-1,MWH,MAW,A01,A11,2026-05-23T06:15Z,2026-05-23T06:00Z
balancing_energy_bids,22,2026-05-23T06:00:00,PT15M,2026-05-23T06:15Z,2026-05-23T06:00Z,-30,1,11,10Y1001C--00090V,AUCTION-aFRR,B74,10YSK-SEPS-----K,EUR,A01,A02,20260523033-AFRR_N-UNIT_052-1,MWH,MAW,A01,A06,2026-05-23T06:15Z,2026-05-23T06:00Z
balancing_energy_bids,23,2026-05-23T06:00:00,PT15M,2026-05-23T06:15Z,2026-05-23T06:00Z,5,1,5,10Y1001C--00090V,AUCTION-aFRR,B74,10YSK-SEPS-----K,EUR,A01,A01,20260523033-AFRR_P-UNIT_028-1,MWH,MAW,A01,A06,2026-05-23T06:15Z,2026-05-23T06:00Z
balancing_energy_bids,24,2026-05-23T06:00:00,PT15M,2026-05-23T06:15Z,2026-05-23T06:00Z,-15,1,5,10Y1001C--00090V,AUCTION-aFRR,B74,10YSK-SEPS-----K,EUR,A01,A02,20260523033-AFRR_N-UNIT_028-1,MWH,MAW,A01,A06,2026-05-23T06:15Z,2026-05-23T06:00Z
balancing_energy_bids,25,2026-05-23T06:15:00,PT15M,2026-05-23T06:30Z,2026-05-23T06:15Z,5,1,5,10Y1001C--00090V,AUCTION-aFRR,B74,10YSK-SEPS-----K,EUR,A01,A01,20260523034-AFRR_P-UNIT_028-1,MWH,MAW,A01,A06,2026-05-23T06:30Z,2026-05-23T06:15Z
balancing_energy_bids,26,2026-05-23T06:15:00,PT15M,2026-05-23T06:30Z,2026-05-23T06:15Z,-15,1,5,10Y1001C--00090V,AUCTION-aFRR,B74,10YSK-SEPS-----K,EUR,A01,A02,20260523034-AFRR_N-UNIT_028-1,MWH,MAW,A01,A06,2026-05-23T06:30Z,2026-05-23T06:15Z
balancing_energy_bids,27,2026-05-23T06:15:00,PT15M,2026-05-23T06:30Z,2026-05-23T06:15Z,132,1,1,10Y1001C--00090V,AUCTION-aFRR,B74,10YSK-SEPS-----K,EUR,A01,A01,20260523034-AFRR_P-UNIT_068-1,MWH,MAW,A01,A11,2026-05-23T06:30Z,2026-05-23T06:15Z
balancing_energy_bids,28,2026-05-23T06:15:00,PT15M,2026-05-23T06:30Z,2026-05-23T06:15Z,190.07,1,12,10Y1001C--00090V,AUCTION-aFRR,B74,10YSK-SEPS-----K,EUR,A01,A01,20260523034-AFRR_P-UNIT_065-1,MWH,MAW,A01,A06,2026-05-23T06:30Z,2026-05-23T06:15Z
balancing_energy_bids,29,2026-05-23T06:15:00,PT15M,2026-05-23T06:30Z,2026-05-23T06:15Z,150,1,27,10Y1001C--00090V,AUCTION-aFRR,B74,10YSK-SEPS-----K,EUR,A01,A01,20260523034-AFRR_P-UNIT_052-1,MWH,MAW,A01,A06,2026-05-23T06:30Z,2026-05-23T06:15Z
balancing_energy_bids,30,2026-05-23T06:15:00,PT15M,2026-05-23T06:30Z,2026-05-23T06:15Z,500,1,10,10Y1001C--00090V,AUCTION-aFRR,B74,10YSK-SEPS-----K,EUR,A01,A01,20260523034-AFRR_P-UNIT_047-1,MWH,MAW,A01,A06,2026-05-23T06:30Z,2026-05-23T06:15Z
balancing_energy_bids,31,2026-05-23T06:15:00,PT15M,2026-05-23T06:30Z,2026-05-23T06:15Z,350,1,17,10Y1001C--00090V,AUCTION-aFRR,B74,10YSK-SEPS-----K,EUR,A01,A01,20260523034-AFRR_P-UNIT_051-1,MWH,MAW,A01,A06,2026-05-23T06:30Z,2026-05-23T06:15Z
balancing_energy_bids,32,2026-05-23T06:15:00,PT15M,2026-05-23T06:30Z,2026-05-23T06:15Z,135,1,15,10Y1001C--00090V,AUCTION-aFRR,B74,10YSK-SEPS-----K,EUR,A01,A01,20260523034-AFRR_P-UNIT_069-1,MWH,MAW,A01,A06,2026-05-23T06:30Z,2026-05-23T06:15Z
balancing_energy_bids,33,2026-05-23T06:15:00,PT15M,2026-05-23T06:30Z,2026-05-23T06:15Z,200,1,1,10Y1001C--00090V,AUCTION-aFRR,B74,10YSK-SEPS-----K,EUR,A01,A01,20260523034-AFRR_P-UNIT_058-1,MWH,MAW,A01,A11,2026-05-23T06:30Z,2026-05-23T06:15Z
balancing_energy_bids,34,2026-05-23T06:15:00,PT15M,2026-05-23T06:30Z,2026-05-23T06:15Z,105,1,5,10Y1001C--00090V,AUCTION-aFRR,B74,10YSK-SEPS-----K,EUR,A01,A01,20260523034-AFRR_P-UNIT_062-1,MWH,MAW,A01,A06,2026-05-23T06:30Z,2026-05-23T06:15Z
balancing_energy_bids,35,2026-05-23T06:15:00,PT15M,2026-05-23T06:30Z,2026-05-23T06:15Z,105,1,5,10Y1001C--00090V,AUCTION-aFRR,B74,10YSK-SEPS-----K,EUR,A01,A01,20260523034-AFRR_P-UNIT_043-1,MWH,MAW,A01,A06,2026-05-23T06:30Z,2026-05-23T06:15Z
balancing_energy_bids,36,2026-05-23T06:15:00,PT15M,2026-05-23T06:30Z,2026-05-23T06:15Z,110,1,10,10Y1001C--00090V,AUCTION-aFRR,B74,10YSK-SEPS-----K,EUR,A01,A01,20260523034-AFRR_P-UNIT_063-1,MWH,MAW,A01,A06,2026-05-23T06:30Z,2026-05-23T06:15Z
balancing_energy_bids,37,2026-05-23T06:15:00,PT15M,2026-05-23T06:30Z,2026-05-23T06:15Z,749,1,3,10Y1001C--00090V,AUCTION-aFRR,B74,10YSK-SEPS-----K,EUR,A01,A01,20260523034-AFRR_P-UNIT_078-1,MWH,MAW,A01,A06,2026-05-23T06:30Z,2026-05-23T06:15Z
balancing_energy_bids,38,2026-05-23T06:15:00,PT15M,2026-05-23T06:30Z,2026-05-23T06:15Z,750,1,11,10Y1001C--00090V,AUCTION-aFRR,B74,10YSK-SEPS-----K,EUR,A01,A01,20260523034-AFRR_P-UNIT_104-1,MWH,MAW,A01,A06,2026-05-23T06:30Z,2026-05-23T06:15Z
balancing_energy_bids,39,2026-05-23T06:15:00,PT15M,2026-05-23T06:30Z,2026-05-23T06:15Z,85,1,2,10Y1001C--00090V,AUCTION-aFRR,B74,10YSK-SEPS-----K,EUR,A01,A01,20260523034-AFRR_P-UNIT_097-1,MWH,MAW,A01,A06,2026-05-23T06:30Z,2026-05-23T06:15Z
balancing_energy_bids,40,2026-05-23T06:15:00,PT15M,2026-05-23T06:30Z,2026-05-23T06:15Z,190.07,1,3,10Y1001C--00090V,AUCTION-aFRR,B74,10YSK-SEPS-----K,EUR,A01,A01,20260523034-AFRR_P-UNIT_009-1,MWH,MAW,A01,A06,2026-05-23T06:30Z,2026-05-23T06:15Z
balancing_energy_bids,41,2026-05-23T06:15:00,PT15M,2026-05-23T06:30Z,2026-05-23T06:15Z,181,1,1,10Y1001C--00090V,AUCTION-aFRR,B74,10YSK-SEPS-----K,EUR,A01,A01,20260523034-AFRR_P-UNIT_019-1,MWH,MAW,A01,A06,2026-05-23T06:30Z,2026-05-23T06:15Z
balancing_energy_bids,42,2026-05-23T06:15:00,PT15M,2026-05-23T06:30Z,2026-05-23T06:15Z,300,1,1,10Y1001C--00090V,AUCTION-aFRR,B74,10YSK-SEPS-----K,EUR,A01,A01,20260523034-AFRR_P-UNIT_106-1,MWH,MAW,A01,A11,2026-05-23T06:30Z,2026-05-23T06:15Z
balancing_energy_bids,43,2026-05-23T06:15:00,PT15M,2026-05-23T06:30Z,2026-05-23T06:15Z,189,1,8,10Y1001C--00090V,AUCTION-aFRR,B74,10YSK-SEPS-----K,EUR,A01,A01,20260523034-AFRR_P-UNIT_123-1,MWH,MAW,A01,A06,2026-05-23T06:30Z,2026-05-23T06:15Z
balancing_energy_bids,44,2026-05-23T06:15:00,PT15M,2026-05-23T06:30Z,2026-05-23T06:15Z,-5,1,1,10Y1001C--00090V,AUCTION-aFRR,B74,10YSK-SEPS-----K,EUR,A01,A02,20260523034-AFRR_N-UNIT_068-1,MWH,MAW,A01,A11,2026-05-23T06:30Z,2026-05-23T06:15Z
balancing_energy_bids,45,2026-05-23T06:15:00,PT15M,2026-05-23T06:30Z,2026-05-23T06:15Z,-30,1,11,10Y1001C--00090V,AUCTION-aFRR,B74,10YSK-SEPS-----K,EUR,A01,A02,20260523034-AFRR_N-UNIT_052-1,MWH,MAW,A01,A06,2026-05-23T06:30Z,2026-05-23T06:15Z
balancing_energy_bids,46,2026-05-23T06:15:00,PT15M,2026-05-23T06:30Z,2026-05-23T06:15Z,-144,1,5,10Y1001C--00090V,AUCTION-aFRR,B74,10YSK-SEPS-----K,EUR,A01,A02,20260523034-AFRR_N-UNIT_051-1,MWH,MAW,A01,A06,2026-05-23T06:30Z,2026-05-23T06:15Z
balancing_energy_bids,47,2026-05-23T06:15:00,PT15M,2026-05-23T06:30Z,2026-05-23T06:15Z,-150,1,12,10Y1001C--00090V,AUCTION-aFRR,B74,10YSK-SEPS-----K,EUR,A01,A02,20260523034-AFRR_N-UNIT_069-1,MWH,MAW,A01,A06,2026-05-23T06:30Z,2026-05-23T06:15Z
balancing_energy_bids,48,2026-05-23T06:15:00,PT15M,2026-05-23T06:30Z,2026-05-23T06:15Z,-50,1,2,10Y1001C--00090V,AUCTION-aFRR,B74,10YSK-SEPS-----K,EUR,A01,A02,20260523034-AFRR_N-UNIT_058-1,MWH,MAW,A01,A06,2026-05-23T06:30Z,2026-05-23T06:15Z
balancing_energy_bids,49,2026-05-23T06:15:00,PT15M,2026-05-23T06:30Z,2026-05-23T06:15Z,-10,1,30,10Y1001C--00090V,AUCTION-aFRR,B74,10YSK-SEPS-----K,EUR,A01,A02,20260523034-AFRR_N-UNIT_010-1,MWH,MAW,A01,A06,2026-05-23T06:30Z,2026-05-23T06:15Z
balancing_energy_bids,50,2026-05-23T06:15:00,PT15M,2026-05-23T06:30Z,2026-05-23T06:15Z,10,1,5,10Y1001C--00090V,AUCTION-aFRR,B74,10YSK-SEPS-----K,EUR,A01,A02,20260523034-AFRR_N-UNIT_043-1,MWH,MAW,A01,A06,2026-05-23T06:30Z,2026-05-23T06:15Z
balancing_energy_bids,51,2026-05-23T06:15:00,PT15M,2026-05-23T06:30Z,2026-05-23T06:15Z,0,1,4,10Y1001C--00090V,AUCTION-aFRR,B74,10YSK-SEPS-----K,EUR,A01,A02,20260523034-AFRR_N-UNIT_104-1,MWH,MAW,A01,A06,2026-05-23T06:30Z,2026-05-23T06:15Z
balancing_energy_bids,52,2026-05-23T06:15:00,PT15M,2026-05-23T06:30Z,2026-05-23T06:15Z,-194.68,1,3,10Y1001C--00090V,AUCTION-aFRR,B74,10YSK-SEPS-----K,EUR,A01,A02,20260523034-AFRR_N-UNIT_089-1,MWH,MAW,A01,A06,2026-05-23T06:30Z,2026-05-23T06:15Z
balancing_energy_bids,53,2026-05-23T06:15:00,PT15M,2026-05-23T06:30Z,2026-05-23T06:15Z,0,1,5,10Y1001C--00090V,AUCTION-aFRR,B74,10YSK-SEPS-----K,EUR,A01,A02,20260523034-AFRR_N-UNIT_097-1,MWH,MAW,A01,A06,2026-05-23T06:30Z,2026-05-23T06:15Z
balancing_energy_bids,54,2026-05-23T06:15:00,PT15M,2026-05-23T06:30Z,2026-05-23T06:15Z,-199,1,1,10Y1001C--00090V,AUCTION-aFRR,B74,10YSK-SEPS-----K,EUR,A01,A02,20260523034-AFRR_N-UNIT_019-1,MWH,MAW,A01,A11,2026-05-23T06:30Z,2026-05-23T06:15Z
balancing_energy_bids,55,2026-05-23T06:15:00,PT15M,2026-05-23T06:30Z,2026-05-23T06:15Z,-19,1,1,10Y1001C--00090V,AUCTION-aFRR,B74,10YSK-SEPS-----K,EUR,A01,A02,20260523034-AFRR_N-UNIT_106-1,MWH,MAW,A01,A06,2026-05-23T06:30Z,2026-05-23T06:15Z
balancing_energy_bids,56,2026-05-23T06:15:00,PT15M,2026-05-23T06:30Z,2026-05-23T06:15Z,-5,1,6,10Y1001C--00090V,AUCTION-aFRR,B74,10YSK-SEPS-----K,EUR,A01,A02,20260523034-AFRR_N-UNIT_123-1,MWH,MAW,A01,A06,2026-05-23T06:30Z,2026-05-23T06:15Z
balancing_energy_bids,57,2026-05-23T06:30:00,PT15M,2026-05-23T06:45Z,2026-05-23T06:30Z,5,1,5,10Y1001C--00090V,AUCTION-aFRR,B74,10YSK-SEPS-----K,EUR,A01,A01,20260523035-AFRR_P-UNIT_028-1,MWH,MAW,A01,A06,2026-05-23T06:45Z,2026-05-23T06:30Z
balancing_energy_bids,58,2026-05-23T06:30:00,PT15M,2026-05-23T06:45Z,2026-05-23T06:30Z,-15,1,5,10Y1001C--00090V,AUCTION-aFRR,B74,10YSK-SEPS-----K,EUR,A01,A02,20260523035-AFRR_N-UNIT_028-1,MWH,MAW,A01,A06,2026-05-23T06:45Z,2026-05-23T06:30Z
balancing_energy_bids,59,2026-05-23T06:30:00,PT15M,2026-05-23T06:45Z,2026-05-23T06:30Z,132,1,1,10Y1001C--00090V,AUCTION-aFRR,B74,10YSK-SEPS-----K,EUR,A01,A01,20260523035-AFRR_P-UNIT_068-1,MWH,MAW,A01,A11,2026-05-23T06:45Z,2026-05-23T06:30Z
balancing_energy_bids,60,2026-05-23T06:30:00,PT15M,2026-05-23T06:45Z,2026-05-23T06:30Z,190.07,1,12,10Y1001C--00090V,AUCTION-aFRR,B74,10YSK-SEPS-----K,EUR,A01,A01,20260523035-AFRR_P-UNIT_065-1,MWH,MAW,A01,A06,2026-05-23T06:45Z,2026-05-23T06:30Z
balancing_energy_bids,61,2026-05-23T06:30:00,PT15M,2026-05-23T06:45Z,2026-05-23T06:30Z,150,1,27,10Y1001C--00090V,AUCTION-aFRR,B74,10YSK-SEPS-----K,EUR,A01,A01,20260523035-AFRR_P-UNIT_052-1,MWH,MAW,A01,A06,2026-05-23T06:45Z,2026-05-23T06:30Z
balancing_energy_bids,62,2026-05-23T06:30:00,PT15M,2026-05-23T06:45Z,2026-05-23T06:30Z,500,1,10,10Y1001C--00090V,AUCTION-aFRR,B74,10YSK-SEPS-----K,EUR,A01,A01,20260523035-AFRR_P-UNIT_047-1,MWH,MAW,A01,A06,2026-05-23T06:45Z,2026-05-23T06:30Z
balancing_energy_bids,63,2026-05-23T06:30:00,PT15M,2026-05-23T06:45Z,2026-05-23T06:30Z,350,1,17,10Y1001C--00090V,AUCTION-aFRR,B74,10YSK-SEPS-----K,EUR,A01,A01,20260523035-AFRR_P-UNIT_051-1,MWH,MAW,A01,A06,2026-05-23T06:45Z,2026-05-23T06:30Z
balancing_energy_bids,64,2026-05-23T06:30:00,PT15M,2026-05-23T06:45Z,2026-05-23T06:30Z,135,1,15,10Y1001C--00090V,AUCTION-aFRR,B74,10YSK-SEPS-----K,EUR,A01,A01,20260523035-AFRR_P-UNIT_069-1,MWH,MAW,A01,A06,2026-05-23T06:45Z,2026-05-23T06:30Z
balancing_energy_bids,65,2026-05-23T06:30:00,PT15M,2026-05-23T06:45Z,2026-05-23T06:30Z,200,1,1,10Y1001C--00090V,AUCTION-aFRR,B74,10YSK-SEPS-----K,EUR,A01,A01,20260523035-AFRR_P-UNIT_058-1,MWH,MAW,A01,A11,2026-05-23T06:45Z,2026-05-23T06:30Z
balancing_energy_bids,66,2026-05-23T06:30:00,PT15M,2026-05-23T06:45Z,2026-05-23T06:30Z,105,1,5,10Y1001C--00090V,AUCTION-aFRR,B74,10YSK-SEPS-----K,EUR,A01,A01,20260523035-AFRR_P-UNIT_062-1,MWH,MAW,A01,A06,2026-05-23T06:45Z,2026-05-23T06:30Z
balancing_energy_bids,67,2026-05-23T06:30:00,PT15M,2026-05-23T06:45Z,2026-05-23T06:30Z,105,1,5,10Y1001C--00090V,AUCTION-aFRR,B74,10YSK-SEPS-----K,EUR,A01,A01,20260523035-AFRR_P-UNIT_043-1,MWH,MAW,A01,A06,2026-05-23T06:45Z,2026-05-23T06:30Z
balancing_energy_bids,68,2026-05-23T06:30:00,PT15M,2026-05-23T06:45Z,2026-05-23T06:30Z,110,1,10,10Y1001C--00090V,AUCTION-aFRR,B74,10YSK-SEPS-----K,EUR,A01,A01,20260523035-AFRR_P-UNIT_063-1,MWH,MAW,A01,A06,2026-05-23T06:45Z,2026-05-23T06:30Z
balancing_energy_bids,69,2026-05-23T06:30:00,PT15M,2026-05-23T06:45Z,2026-05-23T06:30Z,749,1,3,10Y1001C--00090V,AUCTION-aFRR,B74,10YSK-SEPS-----K,EUR,A01,A01,20260523035-AFRR_P-UNIT_078-1,MWH,MAW,A01,A06,2026-05-23T06:45Z,2026-05-23T06:30Z
balancing_energy_bids,70,2026-05-23T06:30:00,PT15M,2026-05-23T06:45Z,2026-05-23T06:30Z,750,1,11,10Y1001C--00090V,AUCTION-aFRR,B74,10YSK-SEPS-----K,EUR,A01,A01,20260523035-AFRR_P-UNIT_104-1,MWH,MAW,A01,A06,2026-05-23T06:45Z,2026-05-23T06:30Z
balancing_energy_bids,71,2026-05-23T06:30:00,PT15M,2026-05-23T06:45Z,2026-05-23T06:30Z,85,1,2,10Y1001C--00090V,AUCTION-aFRR,B74,10YSK-SEPS-----K,EUR,A01,A01,20260523035-AFRR_P-UNIT_097-1,MWH,MAW,A01,A06,2026-05-23T06:45Z,2026-05-23T06:30Z
balancing_energy_bids,72,2026-05-23T06:30:00,PT15M,2026-05-23T06:45Z,2026-05-23T06:30Z,190.07,1,3,10Y1001C--00090V,AUCTION-aFRR,B74,10YSK-SEPS-----K,EUR,A01,A01,20260523035-AFRR_P-UNIT_009-1,MWH,MAW,A01,A06,2026-05-23T06:45Z,2026-05-23T06:30Z
balancing_energy_bids,73,2026-05-23T06:30:00,PT15M,2026-05-23T06:45Z,2026-05-23T06:30Z,144,1,1,10Y1001C--00090V,AUCTION-aFRR,B74,10YSK-SEPS-----K,EUR,A01,A01,20260523035-AFRR_P-UNIT_019-1,MWH,MAW,A01,A06,2026-05-23T06:45Z,2026-05-23T06:30Z
balancing_energy_bids,74,2026-05-23T06:30:00,PT15M,2026-05-23T06:45Z,2026-05-23T06:30Z,300,1,1,10Y1001C--00090V,AUCTION-aFRR,B74,10YSK-SEPS-----K,EUR,A01,A01,20260523035-AFRR_P-UNIT_106-1,MWH,MAW,A01,A11,2026-05-23T06:45Z,2026-05-23T06:30Z
balancing_energy_bids,75,2026-05-23T06:30:00,PT15M,2026-05-23T06:45Z,2026-05-23T06:30Z,189,1,8,10Y1001C--00090V,AUCTION-aFRR,B74,10YSK-SEPS-----K,EUR,A01,A01,20260523035-AFRR_P-UNIT_123-1,MWH,MAW,A01,A06,2026-05-23T06:45Z,2026-05-23T06:30Z
balancing_energy_bids,76,2026-05-23T06:30:00,PT15M,2026-05-23T06:45Z,2026-05-23T06:30Z,-5,1,1,10Y1001C--00090V,AUCTION-aFRR,B74,10YSK-SEPS-----K,EUR,A01,A02,20260523035-AFRR_N-UNIT_068-1,MWH,MAW,A01,A11,2026-05-23T06:45Z,2026-05-23T06:30Z
balancing_energy_bids,77,2026-05-23T06:30:00,PT15M,2026-05-23T06:45Z,2026-05-23T06:30Z,-30,1,11,10Y1001C--00090V,AUCTION-aFRR,B74,10YSK-SEPS-----K,EUR,A01,A02,20260523035-AFRR_N-UNIT_052-1,MWH,MAW,A01,A06,2026-05-23T06:45Z,2026-05-23T06:30Z
balancing_energy_bids,78,2026-05-23T06:30:00,PT15M,2026-05-23T06:45Z,2026-05-23T06:30Z,-144,1,5,10Y1001C--00090V,AUCTION-aFRR,B74,10YSK-SEPS-----K,EUR,A01,A02,20260523035-AFRR_N-UNIT_051-1,MWH,MAW,A01,A06,2026-05-23T06:45Z,2026-05-23T06:30Z
balancing_energy_bids,79,2026-05-23T06:30:00,PT15M,2026-05-23T06:45Z,2026-05-23T06:30Z,-250,1,12,10Y1001C--00090V,AUCTION-aFRR,B74,10YSK-SEPS-----K,EUR,A01,A02,20260523035-AFRR_N-UNIT_069-1,MWH,MAW,A01,A06,2026-05-23T06:45Z,2026-05-23T06:30Z
balancing_energy_bids,80,2026-05-23T06:30:00,PT15M,2026-05-23T06:45Z,2026-05-23T06:30Z,-50,1,2,10Y1001C--00090V,AUCTION-aFRR,B74,10YSK-SEPS-----K,EUR,A01,A02,20260523035-AFRR_N-UNIT_058-1,MWH,MAW,A01,A06,2026-05-23T06:45Z,2026-05-23T06:30Z
balancing_energy_bids,81,2026-05-23T06:30:00,PT15M,2026-05-23T06:45Z,2026-05-23T06:30Z,-10,1,30,10Y1001C--00090V,AUCTION-aFRR,B74,10YSK-SEPS-----K,EUR,A01,A02,20260523035-AFRR_N-UNIT_010-1,MWH,MAW,A01,A06,2026-05-23T06:45Z,2026-05-23T06:30Z
balancing_energy_bids,82,2026-05-23T06:30:00,PT15M,2026-05-23T06:45Z,2026-05-23T06:30Z,-29,1,5,10Y1001C--00090V,AUCTION-aFRR,B74,10YSK-SEPS-----K,EUR,A01,A02,20260523035-AFRR_N-UNIT_043-1,MWH,MAW,A01,A06,2026-05-23T06:45Z,2026-05-23T06:30Z
balancing_energy_bids,83,2026-05-23T06:30:00,PT15M,2026-05-23T06:45Z,2026-05-23T06:30Z,0,1,4,10Y1001C--00090V,AUCTION-aFRR,B74,10YSK-SEPS-----K,EUR,A01,A02,20260523035-AFRR_N-UNIT_104-1,MWH,MAW,A01,A06,2026-05-23T06:45Z,2026-05-23T06:30Z
balancing_energy_bids,84,2026-05-23T06:30:00,PT15M,2026-05-23T06:45Z,2026-05-23T06:30Z,-234.36,1,3,10Y1001C--00090V,AUCTION-aFRR,B74,10YSK-SEPS-----K,EUR,A01,A02,20260523035-AFRR_N-UNIT_089-1,MWH,MAW,A01,A06,2026-05-23T06:45Z,2026-05-23T06:30Z
balancing_energy_bids,85,2026-05-23T06:30:00,PT15M,2026-05-23T06:45Z,2026-05-23T06:30Z,0,1,5,10Y1001C--00090V,AUCTION-aFRR,B74,10YSK-SEPS-----K,EUR,A01,A02,20260523035-AFRR_N-UNIT_097-1,MWH,MAW,A01,A06,2026-05-23T06:45Z,2026-05-23T06:30Z
balancing_energy_bids,86,2026-05-23T06:30:00,PT15M,2026-05-23T06:45Z,2026-05-23T06:30Z,-199,1,1,10Y1001C--00090V,AUCTION-aFRR,B74,10YSK-SEPS-----K,EUR,A01,A02,20260523035-AFRR_N-UNIT_019-1,MWH,MAW,A01,A11,2026-05-23T06:45Z,2026-05-23T06:30Z
balancing_energy_bids,87,2026-05-23T06:30:00,PT15M,2026-05-23T06:45Z,2026-05-23T06:30Z,-19,1,1,10Y1001C--00090V,AUCTION-aFRR,B74,10YSK-SEPS-----K,EUR,A01,A02,20260523035-AFRR_N-UNIT_106-1,MWH,MAW,A01,A06,2026-05-23T06:45Z,2026-05-23T06:30Z
balancing_energy_bids,88,2026-05-23T06:30:00,PT15M,2026-05-23T06:45Z,2026-05-23T06:30Z,-5,1,6,10Y1001C--00090V,AUCTION-aFRR,B74,10YSK-SEPS-----K,EUR,A01,A02,20260523035-AFRR_N-UNIT_123-1,MWH,MAW,A01,A06,2026-05-23T06:45Z,2026-05-23T06:30Z
balancing_energy_bids,89,2026-05-23T06:45:00,PT15M,2026-05-23T07:00Z,2026-05-23T06:45Z,5,1,5,10Y1001C--00090V,AUCTION-aFRR,B74,10YSK-SEPS-----K,EUR,A01,A01,20260523036-AFRR_P-UNIT_028-1,MWH,MAW,A01,A06,2026-05-23T07:00Z,2026-05-23T06:45Z
balancing_energy_bids,90,2026-05-23T06:45:00,PT15M,2026-05-23T07:00Z,2026-05-23T06:45Z,-15,1,5,10Y1001C--00090V,AUCTION-aFRR,B74,10YSK-SEPS-----K,EUR,A01,A02,20260523036-AFRR_N-UNIT_028-1,MWH,MAW,A01,A06,2026-05-23T07:00Z,2026-05-23T06:45Z
balancing_energy_bids,91,2026-05-23T06:45:00,PT15M,2026-05-23T07:00Z,2026-05-23T06:45Z,132,1,1,10Y1001C--00090V,AUCTION-aFRR,B74,10YSK-SEPS-----K,EUR,A01,A01,20260523036-AFRR_P-UNIT_068-1,MWH,MAW,A01,A11,2026-05-23T07:00Z,2026-05-23T06:45Z
balancing_energy_bids,92,2026-05-23T06:45:00,PT15M,2026-05-23T07:00Z,2026-05-23T06:45Z,190.07,1,12,10Y1001C--00090V,AUCTION-aFRR,B74,10YSK-SEPS-----K,EUR,A01,A01,20260523036-AFRR_P-UNIT_065-1,MWH,MAW,A01,A06,2026-05-23T07:00Z,2026-05-23T06:45Z
balancing_energy_bids,93,2026-05-23T06:45:00,PT15M,2026-05-23T07:00Z,2026-05-23T06:45Z,150,1,27,10Y1001C--00090V,AUCTION-aFRR,B74,10YSK-SEPS-----K,EUR,A01,A01,20260523036-AFRR_P-UNIT_052-1,MWH,MAW,A01,A06,2026-05-23T07:00Z,2026-05-23T06:45Z
balancing_energy_bids,94,2026-05-23T06:45:00,PT15M,2026-05-23T07:00Z,2026-05-23T06:45Z,500,1,10,10Y1001C--00090V,AUCTION-aFRR,B74,10YSK-SEPS-----K,EUR,A01,A01,20260523036-AFRR_P-UNIT_047-1,MWH,MAW,A01,A06,2026-05-23T07:00Z,2026-05-23T06:45Z
balancing_energy_bids,95,2026-05-23T06:45:00,PT15M,2026-05-23T07:00Z,2026-05-23T06:45Z,350,1,17,10Y1001C--00090V,AUCTION-aFRR,B74,10YSK-SEPS-----K,EUR,A01,A01,20260523036-AFRR_P-UNIT_051-1,MWH,MAW,A01,A06,2026-05-23T07:00Z,2026-05-23T06:45Z
balancing_energy_bids,96,2026-05-23T06:45:00,PT15M,2026-05-23T07:00Z,2026-05-23T06:45Z,135,1,15,10Y1001C--00090V,AUCTION-aFRR,B74,10YSK-SEPS-----K,EUR,A01,A01,20260523036-AFRR_P-UNIT_069-1,MWH,MAW,A01,A06,2026-05-23T07:00Z,2026-05-23T06:45Z
balancing_energy_bids,97,2026-05-23T06:45:00,PT15M,2026-05-23T07:00Z,2026-05-23T06:45Z,200,1,1,10Y1001C--00090V,AUCTION-aFRR,B74,10YSK-SEPS-----K,EUR,A01,A01,20260523036-AFRR_P-UNIT_058-1,MWH,MAW,A01,A11,2026-05-23T07:00Z,2026-05-23T06:45Z
balancing_energy_bids,98,2026-05-23T06:45:00,PT15M,2026-05-23T07:00Z,2026-05-23T06:45Z,105,1,5,10Y1001C--00090V,AUCTION-aFRR,B74,10YSK-SEPS-----K,EUR,A01,A01,20260523036-AFRR_P-UNIT_062-1,MWH,MAW,A01,A06,2026-05-23T07:00Z,2026-05-23T06:45Z
balancing_energy_bids,99,2026-05-23T06:45:00,PT15M,2026-05-23T07:00Z,2026-05-23T06:45Z,105,1,5,10Y1001C--00090V,AUCTION-aFRR,B74,10YSK-SEPS-----K,EUR,A01,A01,20260523036-AFRR_P-UNIT_043-1,MWH,MAW,A01,A06,2026-05-23T07:00Z,2026-05-23T06:45Z
balancing_energy_bids,100,2026-05-23T06:45:00,PT15M,2026-05-23T07:00Z,2026-05-23T06:45Z,110,1,10,10Y1001C--00090V,AUCTION-aFRR,B74,10YSK-SEPS-----K,EUR,A01,A01,20260523036-AFRR_P-UNIT_063-1,MWH,MAW,A01,A06,2026-05-23T07:00Z,2026-05-23T06:45Z
balancing_energy_bids,1,2026-05-23T06:45:00,PT15M,2026-05-23T07:00Z,2026-05-23T06:45Z,749,1,3,10Y1001C--00090V,AUCTION-aFRR,B74,10YSK-SEPS-----K,EUR,A01,A01,20260523036-AFRR_P-UNIT_078-1,MWH,MAW,A01,A06,2026-05-23T07:00Z,2026-05-23T06:45Z
balancing_energy_bids,2,2026-05-23T06:45:00,PT15M,2026-05-23T07:00Z,2026-05-23T06:45Z,750,1,11,10Y1001C--00090V,AUCTION-aFRR,B74,10YSK-SEPS-----K,EUR,A01,A01,20260523036-AFRR_P-UNIT_104-1,MWH,MAW,A01,A06,2026-05-23T07:00Z,2026-05-23T06:45Z
balancing_energy_bids,3,2026-05-23T06:45:00,PT15M,2026-05-23T07:00Z,2026-05-23T06:45Z,85,1,2,10Y1001C--00090V,AUCTION-aFRR,B74,10YSK-SEPS-----K,EUR,A01,A01,20260523036-AFRR_P-UNIT_097-1,MWH,MAW,A01,A06,2026-05-23T07:00Z,2026-05-23T06:45Z
balancing_energy_bids,4,2026-05-23T06:45:00,PT15M,2026-05-23T07:00Z,2026-05-23T06:45Z,190.07,1,3,10Y1001C--00090V,AUCTION-aFRR,B74,10YSK-SEPS-----K,EUR,A01,A01,20260523036-AFRR_P-UNIT_009-1,MWH,MAW,A01,A06,2026-05-23T07:00Z,2026-05-23T06:45Z
balancing_energy_bids,5,2026-05-23T06:45:00,PT15M,2026-05-23T07:00Z,2026-05-23T06:45Z,127,1,1,10Y1001C--00090V,AUCTION-aFRR,B74,10YSK-SEPS-----K,EUR,A01,A01,20260523036-AFRR_P-UNIT_019-1,MWH,MAW,A01,A06,2026-05-23T07:00Z,2026-05-23T06:45Z
balancing_energy_bids,6,2026-05-23T06:45:00,PT15M,2026-05-23T07:00Z,2026-05-23T06:45Z,300,1,1,10Y1001C--00090V,AUCTION-aFRR,B74,10YSK-SEPS-----K,EUR,A01,A01,20260523036-AFRR_P-UNIT_106-1,MWH,MAW,A01,A11,2026-05-23T07:00Z,2026-05-23T06:45Z
balancing_energy_bids,7,2026-05-23T06:45:00,PT15M,2026-05-23T07:00Z,2026-05-23T06:45Z,189,1,8,10Y1001C--00090V,AUCTION-aFRR,B74,10YSK-SEPS-----K,EUR,A01,A01,20260523036-AFRR_P-UNIT_123-1,MWH,MAW,A01,A06,2026-05-23T07:00Z,2026-05-23T06:45Z
balancing_energy_bids,8,2026-05-23T06:45:00,PT15M,2026-05-23T07:00Z,2026-05-23T06:45Z,-5,1,1,10Y1001C--00090V,AUCTION-aFRR,B74,10YSK-SEPS-----K,EUR,A01,A02,20260523036-AFRR_N-UNIT_068-1,MWH,MAW,A01,A11,2026-05-23T07:00Z,2026-05-23T06:45Z
balancing_energy_bids,9,2026-05-23T06:45:00,PT15M,2026-05-23T07:00Z,2026-05-23T06:45Z,-30,1,11,10Y1001C--00090V,AUCTION-aFRR,B74,10YSK-SEPS-----K,EUR,A01,A02,20260523036-AFRR_N-UNIT_052-1,MWH,MAW,A01,A06,2026-05-23T07:00Z,2026-05-23T06:45Z
balancing_energy_bids,10,2026-05-23T06:45:00,PT15M,2026-05-23T07:00Z,2026-05-23T06:45Z,-144,1,5,10Y1001C--00090V,AUCTION-aFRR,B74,10YSK-SEPS-----K,EUR,A01,A02,20260523036-AFRR_N-UNIT_051-1,MWH,MAW,A01,A06,2026-05-23T07:00Z,2026-05-23T06:45Z
balancing_energy_bids,11,2026-05-23T06:45:00,PT15M,2026-05-23T07:00Z,2026-05-23T06:45Z,-250,1,12,10Y1001C--00090V,AUCTION-aFRR,B74,10YSK-SEPS-----K,EUR,A01,A02,20260523036-AFRR_N-UNIT_069-1,MWH,MAW,A01,A06,2026-05-23T07:00Z,2026-05-23T06:45Z
balancing_energy_bids,12,2026-05-23T06:45:00,PT15M,2026-05-23T07:00Z,2026-05-23T06:45Z,-50,1,2,10Y1001C--00090V,AUCTION-aFRR,B74,10YSK-SEPS-----K,EUR,A01,A02,20260523036-AFRR_N-UNIT_058-1,MWH,MAW,A01,A06,2026-05-23T07:00Z,2026-05-23T06:45Z
balancing_energy_bids,13,2026-05-23T06:45:00,PT15M,2026-05-23T07:00Z,2026-05-23T06:45Z,-10,1,30,10Y1001C--00090V,AUCTION-aFRR,B74,10YSK-SEPS-----K,EUR,A01,A02,20260523036-AFRR_N-UNIT_010-1,MWH,MAW,A01,A06,2026-05-23T07:00Z,2026-05-23T06:45Z
balancing_energy_bids,14,2026-05-23T06:45:00,PT15M,2026-05-23T07:00Z,2026-05-23T06:45Z,-29,1,5,10Y1001C--00090V,AUCTION-aFRR,B74,10YSK-SEPS-----K,EUR,A01,A02,20260523036-AFRR_N-UNIT_043-1,MWH,MAW,A01,A06,2026-05-23T07:00Z,2026-05-23T06:45Z
balancing_energy_bids,15,2026-05-23T06:45:00,PT15M,2026-05-23T07:00Z,2026-05-23T06:45Z,0,1,4,10Y1001C--00090V,AUCTION-aFRR,B74,10YSK-SEPS-----K,EUR,A01,A02,20260523036-AFRR_N-UNIT_104-1,MWH,MAW,A01,A06,2026-05-23T07:00Z,2026-05-23T06:45Z
balancing_energy_bids,16,2026-05-23T06:45:00,PT15M,2026-05-23T07:00Z,2026-05-23T06:45Z,-252.08,1,3,10Y1001C--00090V,AUCTION-aFRR,B74,10YSK-SEPS-----K,EUR,A01,A02,20260523036-AFRR_N-UNIT_089-1,MWH,MAW,A01,A06,2026-05-23T07:00Z,2026-05-23T06:45Z
balancing_energy_bids,17,2026-05-23T06:45:00,PT15M,2026-05-23T07:00Z,2026-05-23T06:45Z,0,1,5,10Y1001C--00090V,AUCTION-aFRR,B74,10YSK-SEPS-----K,EUR,A01,A02,20260523036-AFRR_N-UNIT_097-1,MWH,MAW,A01,A06,2026-05-23T07:00Z,2026-05-23T06:45Z
balancing_energy_bids,18,2026-05-23T06:45:00,PT15M,2026-05-23T07:00Z,2026-05-23T06:45Z,-199,1,1,10Y1001C--00090V,AUCTION-aFRR,B74,10YSK-SEPS-----K,EUR,A01,A02,20260523036-AFRR_N-UNIT_019-1,MWH,MAW,A01,A11,2026-05-23T07:00Z,2026-05-23T06:45Z
balancing_energy_bids,19,2026-05-23T06:45:00,PT15M,2026-05-23T07:00Z,2026-05-23T06:45Z,-19,1,1,10Y1001C--00090V,AUCTION-aFRR,B74,10YSK-SEPS-----K,EUR,A01,A02,20260523036-AFRR_N-UNIT_106-1,MWH,MAW,A01,A06,2026-05-23T07:00Z,2026-05-23T06:45Z
balancing_energy_bids,20,2026-05-23T06:45:00,PT15M,2026-05-23T07:00Z,2026-05-23T06:45Z,-5,1,6,10Y1001C--00090V,AUCTION-aFRR,B74,10YSK-SEPS-----K,EUR,A01,A02,20260523036-AFRR_N-UNIT_123-1,MWH,MAW,A01,A06,2026-05-23T07:00Z,2026-05-23T06:45Z
balancing_energy_bids,21,2026-05-23T07:00:00,PT15M,2026-05-23T07:15Z,2026-05-23T07:00Z,5,1,5,10Y1001C--00090V,AUCTION-aFRR,B74,10YSK-SEPS-----K,EUR,A01,A01,20260523037-AFRR_P-UNIT_028-1,MWH,MAW,A01,A06,2026-05-23T07:15Z,2026-05-23T07:00Z
balancing_energy_bids,22,2026-05-23T07:00:00,PT15M,2026-05-23T07:15Z,2026-05-23T07:00Z,-25,1,5,10Y1001C--00090V,AUCTION-aFRR,B74,10YSK-SEPS-----K,EUR,A01,A02,20260523037-AFRR_N-UNIT_028-1,MWH,MAW,A01,A06,2026-05-23T07:15Z,2026-05-23T07:00Z
balancing_energy_bids,23,2026-05-23T07:00:00,PT15M,2026-05-23T07:15Z,2026-05-23T07:00Z,132,1,1,10Y1001C--00090V,AUCTION-aFRR,B74,10YSK-SEPS-----K,EUR,A01,A01,20260523037-AFRR_P-UNIT_068-1,MWH,MAW,A01,A11,2026-05-23T07:15Z,2026-05-23T07:00Z
balancing_energy_bids,24,2026-05-23T07:00:00,PT15M,2026-05-23T07:15Z,2026-05-23T07:00Z,190.07,1,12,10Y1001C--00090V,AUCTION-aFRR,B74,10YSK-SEPS-----K,EUR,A01,A01,20260523037-AFRR_P-UNIT_065-1,MWH,MAW,A01,A06,2026-05-23T07:15Z,2026-05-23T07:00Z
balancing_energy_bids,25,2026-05-23T07:00:00,PT15M,2026-05-23T07:15Z,2026-05-23T07:00Z,150,1,31,10Y1001C--00090V,AUCTION-aFRR,B74,10YSK-SEPS-----K,EUR,A01,A01,20260523037-AFRR_P-UNIT_052-1,MWH,MAW,A01,A06,2026-05-23T07:15Z,2026-05-23T07:00Z
balancing_energy_bids,26,2026-05-23T07:00:00,PT15M,2026-05-23T07:15Z,2026-05-23T07:00Z,500,1,10,10Y1001C--00090V,AUCTION-aFRR,B74,10YSK-SEPS-----K,EUR,A01,A01,20260523037-AFRR_P-UNIT_047-1,MWH,MAW,A01,A06,2026-05-23T07:15Z,2026-05-23T07:00Z
balancing_energy_bids,27,2026-05-23T07:00:00,PT15M,2026-05-23T07:15Z,2026-05-23T07:00Z,350,1,17,10Y1001C--00090V,AUCTION-aFRR,B74,10YSK-SEPS-----K,EUR,A01,A01,20260523037-AFRR_P-UNIT_051-1,MWH,MAW,A01,A06,2026-05-23T07:15Z,2026-05-23T07:00Z
balancing_energy_bids,28,2026-05-23T07:00:00,PT15M,2026-05-23T07:15Z,2026-05-23T07:00Z,135,1,15,10Y1001C--00090V,AUCTION-aFRR,B74,10YSK-SEPS-----K,EUR,A01,A01,20260523037-AFRR_P-UNIT_069-1,MWH,MAW,A01,A06,2026-05-23T07:15Z,2026-05-23T07:00Z
balancing_energy_bids,29,2026-05-23T07:00:00,PT15M,2026-05-23T07:15Z,2026-05-23T07:00Z,200,1,1,10Y1001C--00090V,AUCTION-aFRR,B74,10YSK-SEPS-----K,EUR,A01,A01,20260523037-AFRR_P-UNIT_058-1,MWH,MAW,A01,A11,2026-05-23T07:15Z,2026-05-23T07:00Z
balancing_energy_bids,30,2026-05-23T07:00:00,PT15M,2026-05-23T07:15Z,2026-05-23T07:00Z,190.07,1,20,10Y1001C--00090V,AUCTION-aFRR,B74,10YSK-SEPS-----K,EUR,A01,A01,20260523037-AFRR_P-UNIT_013-1,MWH,MAW,A01,A06,2026-05-23T07:15Z,2026-05-23T07:00Z
balancing_energy_bids,31,2026-05-23T07:00:00,PT15M,2026-05-23T07:15Z,2026-05-23T07:00Z,105,1,5,10Y1001C--00090V,AUCTION-aFRR,B74,10YSK-SEPS-----K,EUR,A01,A01,20260523037-AFRR_P-UNIT_062-1,MWH,MAW,A01,A06,2026-05-23T07:15Z,2026-05-23T07:00Z
balancing_energy_bids,32,2026-05-23T07:00:00,PT15M,2026-05-23T07:15Z,2026-05-23T07:00Z,105,1,3,10Y1001C--00090V,AUCTION-aFRR,B74,10YSK-SEPS-----K,EUR,A01,A01,20260523037-AFRR_P-UNIT_043-1,MWH,MAW,A01,A06,2026-05-23T07:15Z,2026-05-23T07:00Z
balancing_energy_bids,33,2026-05-23T07:00:00,PT15M,2026-05-23T07:15Z,2026-05-23T07:00Z,110,1,10,10Y1001C--00090V,AUCTION-aFRR,B74,10YSK-SEPS-----K,EUR,A01,A01,20260523037-AFRR_P-UNIT_063-1,MWH,MAW,A01,A06,2026-05-23T07:15Z,2026-05-23T07:00Z
balancing_energy_bids,34,2026-05-23T07:00:00,PT15M,2026-05-23T07:15Z,2026-05-23T07:00Z,749,1,3,10Y1001C--00090V,AUCTION-aFRR,B74,10YSK-SEPS-----K,EUR,A01,A01,20260523037-AFRR_P-UNIT_078-1,MWH,MAW,A01,A06,2026-05-23T07:15Z,2026-05-23T07:00Z
balancing_energy_bids,35,2026-05-23T07:00:00,PT15M,2026-05-23T07:15Z,2026-05-23T07:00Z,750,1,11,10Y1001C--00090V,AUCTION-aFRR,B74,10YSK-SEPS-----K,EUR,A01,A01,20260523037-AFRR_P-UNIT_104-1,MWH,MAW,A01,A06,2026-05-23T07:15Z,2026-05-23T07:00Z
balancing_energy_bids,36,2026-05-23T07:00:00,PT15M,2026-05-23T07:15Z,2026-05-23T07:00Z,85,1,2,10Y1001C--00090V,AUCTION-aFRR,B74,10YSK-SEPS-----K,EUR,A01,A01,20260523037-AFRR_P-UNIT_097-1,MWH,MAW,A01,A06,2026-05-23T07:15Z,2026-05-23T07:00Z
balancing_energy_bids,37,2026-05-23T07:00:00,PT15M,2026-05-23T07:15Z,2026-05-23T07:00Z,130,1,1,10Y1001C--00090V,AUCTION-aFRR,B74,10YSK-SEPS-----K,EUR,A01,A01,20260523037-AFRR_P-UNIT_019-1,MWH,MAW,A01,A06,2026-05-23T07:15Z,2026-05-23T07:00Z
balancing_energy_bids,38,2026-05-23T07:00:00,PT15M,2026-05-23T07:15Z,2026-05-23T07:00Z,300,1,1,10Y1001C--00090V,AUCTION-aFRR,B74,10YSK-SEPS-----K,EUR,A01,A01,20260523037-AFRR_P-UNIT_106-1,MWH,MAW,A01,A11,2026-05-23T07:15Z,2026-05-23T07:00Z
balancing_energy_bids,39,2026-05-23T07:00:00,PT15M,2026-05-23T07:15Z,2026-05-23T07:00Z,189,1,8,10Y1001C--00090V,AUCTION-aFRR,B74,10YSK-SEPS-----K,EUR,A01,A01,20260523037-AFRR_P-UNIT_123-1,MWH,MAW,A01,A06,2026-05-23T07:15Z,2026-05-23T07:00Z
balancing_energy_bids,40,2026-05-23T07:00:00,PT15M,2026-05-23T07:15Z,2026-05-23T07:00Z,-5,1,1,10Y1001C--00090V,AUCTION-aFRR,B74,10YSK-SEPS-----K,EUR,A01,A02,20260523037-AFRR_N-UNIT_068-1,MWH,MAW,A01,A11,2026-05-23T07:15Z,2026-05-23T07:00Z
balancing_energy_bids,41,2026-05-23T07:00:00,PT15M,2026-05-23T07:15Z,2026-05-23T07:00Z,-30,1,6,10Y1001C--00090V,AUCTION-aFRR,B74,10YSK-SEPS-----K,EUR,A01,A02,20260523037-AFRR_N-UNIT_052-1,MWH,MAW,A01,A06,2026-05-23T07:15Z,2026-05-23T07:00Z
balancing_energy_bids,42,2026-05-23T07:00:00,PT15M,2026-05-23T07:15Z,2026-05-23T07:00Z,-144,1,5,10Y1001C--00090V,AUCTION-aFRR,B74,10YSK-SEPS-----K,EUR,A01,A02,20260523037-AFRR_N-UNIT_051-1,MWH,MAW,A01,A06,2026-05-23T07:15Z,2026-05-23T07:00Z
balancing_energy_bids,43,2026-05-23T07:00:00,PT15M,2026-05-23T07:15Z,2026-05-23T07:00Z,-250,1,12,10Y1001C--00090V,AUCTION-aFRR,B74,10YSK-SEPS-----K,EUR,A01,A02,20260523037-AFRR_N-UNIT_069-1,MWH,MAW,A01,A06,2026-05-23T07:15Z,2026-05-23T07:00Z
balancing_energy_bids,44,2026-05-23T07:00:00,PT15M,2026-05-23T07:15Z,2026-05-23T07:00Z,-50,1,2,10Y1001C--00090V,AUCTION-aFRR,B74,10YSK-SEPS-----K,EUR,A01,A02,20260523037-AFRR_N-UNIT_058-1,MWH,MAW,A01,A06,2026-05-23T07:15Z,2026-05-23T07:00Z
balancing_energy_bids,45,2026-05-23T07:00:00,PT15M,2026-05-23T07:15Z,2026-05-23T07:00Z,-10,1,8,10Y1001C--00090V,AUCTION-aFRR,B74,10YSK-SEPS-----K,EUR,A01,A02,20260523037-AFRR_N-UNIT_013-1,MWH,MAW,A01,A06,2026-05-23T07:15Z,2026-05-23T07:00Z
balancing_energy_bids,46,2026-05-23T07:00:00,PT15M,2026-05-23T07:15Z,2026-05-23T07:00Z,-29,1,2,10Y1001C--00090V,AUCTION-aFRR,B74,10YSK-SEPS-----K,EUR,A01,A02,20260523037-AFRR_N-UNIT_043-1,MWH,MAW,A01,A06,2026-05-23T07:15Z,2026-05-23T07:00Z
balancing_energy_bids,47,2026-05-23T07:00:00,PT15M,2026-05-23T07:15Z,2026-05-23T07:00Z,0,1,4,10Y1001C--00090V,AUCTION-aFRR,B74,10YSK-SEPS-----K,EUR,A01,A02,20260523037-AFRR_N-UNIT_104-1,MWH,MAW,A01,A06,2026-05-23T07:15Z,2026-05-23T07:00Z
balancing_energy_bids,48,2026-05-23T07:00:00,PT15M,2026-05-23T07:15Z,2026-05-23T07:00Z,-254.6,1,3,10Y1001C--00090V,AUCTION-aFRR,B74,10YSK-SEPS-----K,EUR,A01,A02,20260523037-AFRR_N-UNIT_089-1,MWH,MAW,A01,A06,2026-05-23T07:15Z,2026-05-23T07:00Z
balancing_energy_bids,49,2026-05-23T07:00:00,PT15M,2026-05-23T07:15Z,2026-05-23T07:00Z,0,1,5,10Y1001C--00090V,AUCTION-aFRR,B74,10YSK-SEPS-----K,EUR,A01,A02,20260523037-AFRR_N-UNIT_097-1,MWH,MAW,A01,A06,2026-05-23T07:15Z,2026-05-23T07:00Z
balancing_energy_bids,50,2026-05-23T07:00:00,PT15M,2026-05-23T07:15Z,2026-05-23T07:00Z,-199,1,1,10Y1001C--00090V,AUCTION-aFRR,B74,10YSK-SEPS-----K,EUR,A01,A02,20260523037-AFRR_N-UNIT_019-1,MWH,MAW,A01,A11,2026-05-23T07:15Z,2026-05-23T07:00Z
balancing_energy_bids,51,2026-05-23T07:00:00,PT15M,2026-05-23T07:15Z,2026-05-23T07:00Z,-19,1,1,10Y1001C--00090V,AUCTION-aFRR,B74,10YSK-SEPS-----K,EUR,A01,A02,20260523037-AFRR_N-UNIT_106-1,MWH,MAW,A01,A06,2026-05-23T07:15Z,2026-05-23T07:00Z
balancing_energy_bids,52,2026-05-23T07:00:00,PT15M,2026-05-23T07:15Z,2026-05-23T07:00Z,-5,1,5,10Y1001C--00090V,AUCTION-aFRR,B74,10YSK-SEPS-----K,EUR,A01,A02,20260523037-AFRR_N-UNIT_123-1,MWH,MAW,A01,A06,2026-05-23T07:15Z,2026-05-23T07:00Z
balancing_energy_bids,53,2026-05-23T07:15:00,PT15M,2026-05-23T07:30Z,2026-05-23T07:15Z,5,1,5,10Y1001C--00090V,AUCTION-aFRR,B74,10YSK-SEPS-----K,EUR,A01,A01,20260523038-AFRR_P-UNIT_028-1,MWH,MAW,A01,A06,2026-05-23T07:30Z,2026-05-23T07:15Z
balancing_energy_bids,54,2026-05-23T07:15:00,PT15M,2026-05-23T07:30Z,2026-05-23T07:15Z,-25,1,5,10Y1001C--00090V,AUCTION-aFRR,B74,10YSK-SEPS-----K,EUR,A01,A02,20260523038-AFRR_N-UNIT_028-1,MWH,MAW,A01,A06,2026-05-23T07:30Z,2026-05-23T07:15Z
balancing_energy_bids,55,2026-05-23T07:15:00,PT15M,2026-05-23T07:30Z,2026-05-23T07:15Z,132,1,1,10Y1001C--00090V,AUCTION-aFRR,B74,10YSK-SEPS-----K,EUR,A01,A01,20260523038-AFRR_P-UNIT_068-1,MWH,MAW,A01,A11,2026-05-23T07:30Z,2026-05-23T07:15Z
balancing_energy_bids,56,2026-05-23T07:15:00,PT15M,2026-05-23T07:30Z,2026-05-23T07:15Z,190.07,1,12,10Y1001C--00090V,AUCTION-aFRR,B74,10YSK-SEPS-----K,EUR,A01,A01,20260523038-AFRR_P-UNIT_065-1,MWH,MAW,A01,A06,2026-05-23T07:30Z,2026-05-23T07:15Z
balancing_energy_bids,57,2026-05-23T07:15:00,PT15M,2026-05-23T07:30Z,2026-05-23T07:15Z,150,1,31,10Y1001C--00090V,AUCTION-aFRR,B74,10YSK-SEPS-----K,EUR,A01,A01,20260523038-AFRR_P-UNIT_052-1,MWH,MAW,A01,A06,2026-05-23T07:30Z,2026-05-23T07:15Z
balancing_energy_bids,58,2026-05-23T07:15:00,PT15M,2026-05-23T07:30Z,2026-05-23T07:15Z,500,1,10,10Y1001C--00090V,AUCTION-aFRR,B74,10YSK-SEPS-----K,EUR,A01,A01,20260523038-AFRR_P-UNIT_047-1,MWH,MAW,A01,A06,2026-05-23T07:30Z,2026-05-23T07:15Z
balancing_energy_bids,59,2026-05-23T07:15:00,PT15M,2026-05-23T07:30Z,2026-05-23T07:15Z,350,1,17,10Y1001C--00090V,AUCTION-aFRR,B74,10YSK-SEPS-----K,EUR,A01,A01,20260523038-AFRR_P-UNIT_051-1,MWH,MAW,A01,A06,2026-05-23T07:30Z,2026-05-23T07:15Z
balancing_energy_bids,60,2026-05-23T07:15:00,PT15M,2026-05-23T07:30Z,2026-05-23T07:15Z,135,1,15,10Y1001C--00090V,AUCTION-aFRR,B74,10YSK-SEPS-----K,EUR,A01,A01,20260523038-AFRR_P-UNIT_069-1,MWH,MAW,A01,A06,2026-05-23T07:30Z,2026-05-23T07:15Z
balancing_energy_bids,61,2026-05-23T07:15:00,PT15M,2026-05-23T07:30Z,2026-05-23T07:15Z,200,1,1,10Y1001C--00090V,AUCTION-aFRR,B74,10YSK-SEPS-----K,EUR,A01,A01,20260523038-AFRR_P-UNIT_058-1,MWH,MAW,A01,A11,2026-05-23T07:30Z,2026-05-23T07:15Z
balancing_energy_bids,62,2026-05-23T07:15:00,PT15M,2026-05-23T07:30Z,2026-05-23T07:15Z,190.07,1,20,10Y1001C--00090V,AUCTION-aFRR,B74,10YSK-SEPS-----K,EUR,A01,A01,20260523038-AFRR_P-UNIT_013-1,MWH,MAW,A01,A06,2026-05-23T07:30Z,2026-05-23T07:15Z
balancing_energy_bids,63,2026-05-23T07:15:00,PT15M,2026-05-23T07:30Z,2026-05-23T07:15Z,105,1,5,10Y1001C--00090V,AUCTION-aFRR,B74,10YSK-SEPS-----K,EUR,A01,A01,20260523038-AFRR_P-UNIT_062-1,MWH,MAW,A01,A06,2026-05-23T07:30Z,2026-05-23T07:15Z
balancing_energy_bids,64,2026-05-23T07:15:00,PT15M,2026-05-23T07:30Z,2026-05-23T07:15Z,105,1,3,10Y1001C--00090V,AUCTION-aFRR,B74,10YSK-SEPS-----K,EUR,A01,A01,20260523038-AFRR_P-UNIT_043-1,MWH,MAW,A01,A06,2026-05-23T07:30Z,2026-05-23T07:15Z
balancing_energy_bids,65,2026-05-23T07:15:00,PT15M,2026-05-23T07:30Z,2026-05-23T07:15Z,110,1,10,10Y1001C--00090V,AUCTION-aFRR,B74,10YSK-SEPS-----K,EUR,A01,A01,20260523038-AFRR_P-UNIT_063-1,MWH,MAW,A01,A06,2026-05-23T07:30Z,2026-05-23T07:15Z
balancing_energy_bids,66,2026-05-23T07:15:00,PT15M,2026-05-23T07:30Z,2026-05-23T07:15Z,749,1,3,10Y1001C--00090V,AUCTION-aFRR,B74,10YSK-SEPS-----K,EUR,A01,A01,20260523038-AFRR_P-UNIT_078-1,MWH,MAW,A01,A06,2026-05-23T07:30Z,2026-05-23T07:15Z
balancing_energy_bids,67,2026-05-23T07:15:00,PT15M,2026-05-23T07:30Z,2026-05-23T07:15Z,750,1,11,10Y1001C--00090V,AUCTION-aFRR,B74,10YSK-SEPS-----K,EUR,A01,A01,20260523038-AFRR_P-UNIT_104-1,MWH,MAW,A01,A06,2026-05-23T07:30Z,2026-05-23T07:15Z
balancing_energy_bids,68,2026-05-23T07:15:00,PT15M,2026-05-23T07:30Z,2026-05-23T07:15Z,85,1,2,10Y1001C--00090V,AUCTION-aFRR,B74,10YSK-SEPS-----K,EUR,A01,A01,20260523038-AFRR_P-UNIT_097-1,MWH,MAW,A01,A06,2026-05-23T07:30Z,2026-05-23T07:15Z
balancing_energy_bids,69,2026-05-23T07:15:00,PT15M,2026-05-23T07:30Z,2026-05-23T07:15Z,125,1,1,10Y1001C--00090V,AUCTION-aFRR,B74,10YSK-SEPS-----K,EUR,A01,A01,20260523038-AFRR_P-UNIT_019-1,MWH,MAW,A01,A06,2026-05-23T07:30Z,2026-05-23T07:15Z
balancing_energy_bids,70,2026-05-23T07:15:00,PT15M,2026-05-23T07:30Z,2026-05-23T07:15Z,300,1,1,10Y1001C--00090V,AUCTION-aFRR,B74,10YSK-SEPS-----K,EUR,A01,A01,20260523038-AFRR_P-UNIT_106-1,MWH,MAW,A01,A11,2026-05-23T07:30Z,2026-05-23T07:15Z
balancing_energy_bids,71,2026-05-23T07:15:00,PT15M,2026-05-23T07:30Z,2026-05-23T07:15Z,189,1,8,10Y1001C--00090V,AUCTION-aFRR,B74,10YSK-SEPS-----K,EUR,A01,A01,20260523038-AFRR_P-UNIT_123-1,MWH,MAW,A01,A06,2026-05-23T07:30Z,2026-05-23T07:15Z
balancing_energy_bids,72,2026-05-23T07:15:00,PT15M,2026-05-23T07:30Z,2026-05-23T07:15Z,-5,1,1,10Y1001C--00090V,AUCTION-aFRR,B74,10YSK-SEPS-----K,EUR,A01,A02,20260523038-AFRR_N-UNIT_068-1,MWH,MAW,A01,A11,2026-05-23T07:30Z,2026-05-23T07:15Z
balancing_energy_bids,73,2026-05-23T07:15:00,PT15M,2026-05-23T07:30Z,2026-05-23T07:15Z,-30,1,6,10Y1001C--00090V,AUCTION-aFRR,B74,10YSK-SEPS-----K,EUR,A01,A02,20260523038-AFRR_N-UNIT_052-1,MWH,MAW,A01,A06,2026-05-23T07:30Z,2026-05-23T07:15Z
balancing_energy_bids,74,2026-05-23T07:15:00,PT15M,2026-05-23T07:30Z,2026-05-23T07:15Z,-144,1,5,10Y1001C--00090V,AUCTION-aFRR,B74,10YSK-SEPS-----K,EUR,A01,A02,20260523038-AFRR_N-UNIT_051-1,MWH,MAW,A01,A06,2026-05-23T07:30Z,2026-05-23T07:15Z
balancing_energy_bids,75,2026-05-23T07:15:00,PT15M,2026-05-23T07:30Z,2026-05-23T07:15Z,-250,1,12,10Y1001C--00090V,AUCTION-aFRR,B74,10YSK-SEPS-----K,EUR,A01,A02,20260523038-AFRR_N-UNIT_069-1,MWH,MAW,A01,A06,2026-05-23T07:30Z,2026-05-23T07:15Z
balancing_energy_bids,76,2026-05-23T07:15:00,PT15M,2026-05-23T07:30Z,2026-05-23T07:15Z,-50,1,2,10Y1001C--00090V,AUCTION-aFRR,B74,10YSK-SEPS-----K,EUR,A01,A02,20260523038-AFRR_N-UNIT_058-1,MWH,MAW,A01,A06,2026-05-23T07:30Z,2026-05-23T07:15Z
balancing_energy_bids,77,2026-05-23T07:15:00,PT15M,2026-05-23T07:30Z,2026-05-23T07:15Z,-10,1,8,10Y1001C--00090V,AUCTION-aFRR,B74,10YSK-SEPS-----K,EUR,A01,A02,20260523038-AFRR_N-UNIT_013-1,MWH,MAW,A01,A06,2026-05-23T07:30Z,2026-05-23T07:15Z
balancing_energy_bids,78,2026-05-23T07:15:00,PT15M,2026-05-23T07:30Z,2026-05-23T07:15Z,-29,1,2,10Y1001C--00090V,AUCTION-aFRR,B74,10YSK-SEPS-----K,EUR,A01,A02,20260523038-AFRR_N-UNIT_043-1,MWH,MAW,A01,A06,2026-05-23T07:30Z,2026-05-23T07:15Z
balancing_energy_bids,79,2026-05-23T07:15:00,PT15M,2026-05-23T07:30Z,2026-05-23T07:15Z,0,1,4,10Y1001C--00090V,AUCTION-aFRR,B74,10YSK-SEPS-----K,EUR,A01,A02,20260523038-AFRR_N-UNIT_104-1,MWH,MAW,A01,A06,2026-05-23T07:30Z,2026-05-23T07:15Z
balancing_energy_bids,80,2026-05-23T07:15:00,PT15M,2026-05-23T07:30Z,2026-05-23T07:15Z,-259,1,3,10Y1001C--00090V,AUCTION-aFRR,B74,10YSK-SEPS-----K,EUR,A01,A02,20260523038-AFRR_N-UNIT_089-1,MWH,MAW,A01,A06,2026-05-23T07:30Z,2026-05-23T07:15Z
balancing_energy_bids,81,2026-05-23T07:15:00,PT15M,2026-05-23T07:30Z,2026-05-23T07:15Z,0,1,5,10Y1001C--00090V,AUCTION-aFRR,B74,10YSK-SEPS-----K,EUR,A01,A02,20260523038-AFRR_N-UNIT_097-1,MWH,MAW,A01,A06,2026-05-23T07:30Z,2026-05-23T07:15Z
balancing_energy_bids,82,2026-05-23T07:15:00,PT15M,2026-05-23T07:30Z,2026-05-23T07:15Z,-199,1,1,10Y1001C--00090V,AUCTION-aFRR,B74,10YSK-SEPS-----K,EUR,A01,A02,20260523038-AFRR_N-UNIT_019-1,MWH,MAW,A01,A11,2026-05-23T07:30Z,2026-05-23T07:15Z
balancing_energy_bids,83,2026-05-23T07:15:00,PT15M,2026-05-23T07:30Z,2026-05-23T07:15Z,-19,1,1,10Y1001C--00090V,AUCTION-aFRR,B74,10YSK-SEPS-----K,EUR,A01,A02,20260523038-AFRR_N-UNIT_106-1,MWH,MAW,A01,A06,2026-05-23T07:30Z,2026-05-23T07:15Z
balancing_energy_bids,84,2026-05-23T07:15:00,PT15M,2026-05-23T07:30Z,2026-05-23T07:15Z,-5,1,5,10Y1001C--00090V,AUCTION-aFRR,B74,10YSK-SEPS-----K,EUR,A01,A02,20260523038-AFRR_N-UNIT_123-1,MWH,MAW,A01,A06,2026-05-23T07:30Z,2026-05-23T07:15Z
balancing_energy_bids,85,2026-05-23T07:30:00,PT15M,2026-05-23T07:45Z,2026-05-23T07:30Z,5,1,5,10Y1001C--00090V,AUCTION-aFRR,B74,10YSK-SEPS-----K,EUR,A01,A01,20260523039-AFRR_P-UNIT_028-1,MWH,MAW,A01,A06,2026-05-23T07:45Z,2026-05-23T07:30Z
balancing_energy_bids,86,2026-05-23T07:30:00,PT15M,2026-05-23T07:45Z,2026-05-23T07:30Z,-25,1,5,10Y1001C--00090V,AUCTION-aFRR,B74,10YSK-SEPS-----K,EUR,A01,A02,20260523039-AFRR_N-UNIT_028-1,MWH,MAW,A01,A06,2026-05-23T07:45Z,2026-05-23T07:30Z
balancing_energy_bids,87,2026-05-23T07:30:00,PT15M,2026-05-23T07:45Z,2026-05-23T07:30Z,132,1,1,10Y1001C--00090V,AUCTION-aFRR,B74,10YSK-SEPS-----K,EUR,A01,A01,20260523039-AFRR_P-UNIT_068-1,MWH,MAW,A01,A11,2026-05-23T07:45Z,2026-05-23T07:30Z
balancing_energy_bids,88,2026-05-23T07:30:00,PT15M,2026-05-23T07:45Z,2026-05-23T07:30Z,190.07,1,12,10Y1001C--00090V,AUCTION-aFRR,B74,10YSK-SEPS-----K,EUR,A01,A01,20260523039-AFRR_P-UNIT_065-1,MWH,MAW,A01,A06,2026-05-23T07:45Z,2026-05-23T07:30Z
balancing_energy_bids,89,2026-05-23T07:30:00,PT15M,2026-05-23T07:45Z,2026-05-23T07:30Z,150,1,31,10Y1001C--00090V,AUCTION-aFRR,B74,10YSK-SEPS-----K,EUR,A01,A01,20260523039-AFRR_P-UNIT_052-1,MWH,MAW,A01,A06,2026-05-23T07:45Z,2026-05-23T07:30Z
balancing_energy_bids,90,2026-05-23T07:30:00,PT15M,2026-05-23T07:45Z,2026-05-23T07:30Z,500,1,10,10Y1001C--00090V,AUCTION-aFRR,B74,10YSK-SEPS-----K,EUR,A01,A01,20260523039-AFRR_P-UNIT_047-1,MWH,MAW,A01,A06,2026-05-23T07:45Z,2026-05-23T07:30Z
balancing_energy_bids,91,2026-05-23T07:30:00,PT15M,2026-05-23T07:45Z,2026-05-23T07:30Z,350,1,17,10Y1001C--00090V,AUCTION-aFRR,B74,10YSK-SEPS-----K,EUR,A01,A01,20260523039-AFRR_P-UNIT_051-1,MWH,MAW,A01,A06,2026-05-23T07:45Z,2026-05-23T07:30Z
balancing_energy_bids,92,2026-05-23T07:30:00,PT15M,2026-05-23T07:45Z,2026-05-23T07:30Z,135,1,15,10Y1001C--00090V,AUCTION-aFRR,B74,10YSK-SEPS-----K,EUR,A01,A01,20260523039-AFRR_P-UNIT_069-1,MWH,MAW,A01,A06,2026-05-23T07:45Z,2026-05-23T07:30Z
balancing_energy_bids,93,2026-05-23T07:30:00,PT15M,2026-05-23T07:45Z,2026-05-23T07:30Z,200,1,1,10Y1001C--00090V,AUCTION-aFRR,B74,10YSK-SEPS-----K,EUR,A01,A01,20260523039-AFRR_P-UNIT_058-1,MWH,MAW,A01,A11,2026-05-23T07:45Z,2026-05-23T07:30Z
balancing_energy_bids,94,2026-05-23T07:30:00,PT15M,2026-05-23T07:45Z,2026-05-23T07:30Z,190.07,1,20,10Y1001C--00090V,AUCTION-aFRR,B74,10YSK-SEPS-----K,EUR,A01,A01,20260523039-AFRR_P-UNIT_013-1,MWH,MAW,A01,A06,2026-05-23T07:45Z,2026-05-23T07:30Z
balancing_energy_bids,95,2026-05-23T07:30:00,PT15M,2026-05-23T07:45Z,2026-05-23T07:30Z,105,1,5,10Y1001C--00090V,AUCTION-aFRR,B74,10YSK-SEPS-----K,EUR,A01,A01,20260523039-AFRR_P-UNIT_062-1,MWH,MAW,A01,A06,2026-05-23T07:45Z,2026-05-23T07:30Z
balancing_energy_bids,96,2026-05-23T07:30:00,PT15M,2026-05-23T07:45Z,2026-05-23T07:30Z,105,1,3,10Y1001C--00090V,AUCTION-aFRR,B74,10YSK-SEPS-----K,EUR,A01,A01,20260523039-AFRR_P-UNIT_043-1,MWH,MAW,A01,A06,2026-05-23T07:45Z,2026-05-23T07:30Z
balancing_energy_bids,97,2026-05-23T07:30:00,PT15M,2026-05-23T07:45Z,2026-05-23T07:30Z,110,1,10,10Y1001C--00090V,AUCTION-aFRR,B74,10YSK-SEPS-----K,EUR,A01,A01,20260523039-AFRR_P-UNIT_063-1,MWH,MAW,A01,A06,2026-05-23T07:45Z,2026-05-23T07:30Z
balancing_energy_bids,98,2026-05-23T07:30:00,PT15M,2026-05-23T07:45Z,2026-05-23T07:30Z,749,1,3,10Y1001C--00090V,AUCTION-aFRR,B74,10YSK-SEPS-----K,EUR,A01,A01,20260523039-AFRR_P-UNIT_078-1,MWH,MAW,A01,A06,2026-05-23T07:45Z,2026-05-23T07:30Z
balancing_energy_bids,99,2026-05-23T07:30:00,PT15M,2026-05-23T07:45Z,2026-05-23T07:30Z,750,1,11,10Y1001C--00090V,AUCTION-aFRR,B74,10YSK-SEPS-----K,EUR,A01,A01,20260523039-AFRR_P-UNIT_104-1,MWH,MAW,A01,A06,2026-05-23T07:45Z,2026-05-23T07:30Z
balancing_energy_bids,100,2026-05-23T07:30:00,PT15M,2026-05-23T07:45Z,2026-05-23T07:30Z,85,1,2,10Y1001C--00090V,AUCTION-aFRR,B74,10YSK-SEPS-----K,EUR,A01,A01,20260523039-AFRR_P-UNIT_097-1,MWH,MAW,A01,A06,2026-05-23T07:45Z,2026-05-23T07:30Z
balancing_energy_bids,1,2026-05-23T07:30:00,PT15M,2026-05-23T07:45Z,2026-05-23T07:30Z,124,1,1,10Y1001C--00090V,AUCTION-aFRR,B74,10YSK-SEPS-----K,EUR,A01,A01,20260523039-AFRR_P-UNIT_019-1,MWH,MAW,A01,A06,2026-05-23T07:45Z,2026-05-23T07:30Z
balancing_energy_bids,2,2026-05-23T07:30:00,PT15M,2026-05-23T07:45Z,2026-05-23T07:30Z,300,1,1,10Y1001C--00090V,AUCTION-aFRR,B74,10YSK-SEPS-----K,EUR,A01,A01,20260523039-AFRR_P-UNIT_106-1,MWH,MAW,A01,A11,2026-05-23T07:45Z,2026-05-23T07:30Z
balancing_energy_bids,3,2026-05-23T07:30:00,PT15M,2026-05-23T07:45Z,2026-05-23T07:30Z,189,1,8,10Y1001C--00090V,AUCTION-aFRR,B74,10YSK-SEPS-----K,EUR,A01,A01,20260523039-AFRR_P-UNIT_123-1,MWH,MAW,A01,A06,2026-05-23T07:45Z,2026-05-23T07:30Z
balancing_energy_bids,4,2026-05-23T07:30:00,PT15M,2026-05-23T07:45Z,2026-05-23T07:30Z,-5,1,1,10Y1001C--00090V,AUCTION-aFRR,B74,10YSK-SEPS-----K,EUR,A01,A02,20260523039-AFRR_N-UNIT_068-1,MWH,MAW,A01,A11,2026-05-23T07:45Z,2026-05-23T07:30Z
balancing_energy_bids,5,2026-05-23T07:30:00,PT15M,2026-05-23T07:45Z,2026-05-23T07:30Z,-30,1,6,10Y1001C--00090V,AUCTION-aFRR,B74,10YSK-SEPS-----K,EUR,A01,A02,20260523039-AFRR_N-UNIT_052-1,MWH,MAW,A01,A06,2026-05-23T07:45Z,2026-05-23T07:30Z
balancing_energy_bids,6,2026-05-23T07:30:00,PT15M,2026-05-23T07:45Z,2026-05-23T07:30Z,-144,1,5,10Y1001C--00090V,AUCTION-aFRR,B74,10YSK-SEPS-----K,EUR,A01,A02,20260523039-AFRR_N-UNIT_051-1,MWH,MAW,A01,A06,2026-05-23T07:45Z,2026-05-23T07:30Z
balancing_energy_bids,7,2026-05-23T07:30:00,PT15M,2026-05-23T07:45Z,2026-05-23T07:30Z,-250,1,12,10Y1001C--00090V,AUCTION-aFRR,B74,10YSK-SEPS-----K,EUR,A01,A02,20260523039-AFRR_N-UNIT_069-1,MWH,MAW,A01,A06,2026-05-23T07:45Z,2026-05-23T07:30Z
balancing_energy_bids,8,2026-05-23T07:30:00,PT15M,2026-05-23T07:45Z,2026-05-23T07:30Z,-50,1,2,10Y1001C--00090V,AUCTION-aFRR,B74,10YSK-SEPS-----K,EUR,A01,A02,20260523039-AFRR_N-UNIT_058-1,MWH,MAW,A01,A06,2026-05-23T07:45Z,2026-05-23T07:30Z
balancing_energy_bids,9,2026-05-23T07:30:00,PT15M,2026-05-23T07:45Z,2026-05-23T07:30Z,-10,1,8,10Y1001C--00090V,AUCTION-aFRR,B74,10YSK-SEPS-----K,EUR,A01,A02,20260523039-AFRR_N-UNIT_013-1,MWH,MAW,A01,A06,2026-05-23T07:45Z,2026-05-23T07:30Z
balancing_energy_bids,10,2026-05-23T07:30:00,PT15M,2026-05-23T07:45Z,2026-05-23T07:30Z,-29,1,2,10Y1001C--00090V,AUCTION-aFRR,B74,10YSK-SEPS-----K,EUR,A01,A02,20260523039-AFRR_N-UNIT_043-1,MWH,MAW,A01,A06,2026-05-23T07:45Z,2026-05-23T07:30Z
balancing_energy_bids,11,2026-05-23T07:30:00,PT15M,2026-05-23T07:45Z,2026-05-23T07:30Z,0,1,4,10Y1001C--00090V,AUCTION-aFRR,B74,10YSK-SEPS-----K,EUR,A01,A02,20260523039-AFRR_N-UNIT_104-1,MWH,MAW,A01,A06,2026-05-23T07:45Z,2026-05-23T07:30Z
balancing_energy_bids,12,2026-05-23T07:30:00,PT15M,2026-05-23T07:45Z,2026-05-23T07:30Z,-260,1,3,10Y1001C--00090V,AUCTION-aFRR,B74,10YSK-SEPS-----K,EUR,A01,A02,20260523039-AFRR_N-UNIT_089-1,MWH,MAW,A01,A06,2026-05-23T07:45Z,2026-05-23T07:30Z
balancing_energy_bids,13,2026-05-23T07:30:00,PT15M,2026-05-23T07:45Z,2026-05-23T07:30Z,0,1,5,10Y1001C--00090V,AUCTION-aFRR,B74,10YSK-SEPS-----K,EUR,A01,A02,20260523039-AFRR_N-UNIT_097-1,MWH,MAW,A01,A06,2026-05-23T07:45Z,2026-05-23T07:30Z
balancing_energy_bids,14,2026-05-23T07:30:00,PT15M,2026-05-23T07:45Z,2026-05-23T07:30Z,-199,1,1,10Y1001C--00090V,AUCTION-aFRR,B74,10YSK-SEPS-----K,EUR,A01,A02,20260523039-AFRR_N-UNIT_019-1,MWH,MAW,A01,A11,2026-05-23T07:45Z,2026-05-23T07:30Z
balancing_energy_bids,15,2026-05-23T07:30:00,PT15M,2026-05-23T07:45Z,2026-05-23T07:30Z,-19,1,1,10Y1001C--00090V,AUCTION-aFRR,B74,10YSK-SEPS-----K,EUR,A01,A02,20260523039-AFRR_N-UNIT_106-1,MWH,MAW,A01,A06,2026-05-23T07:45Z,2026-05-23T07:30Z
balancing_energy_bids,16,2026-05-23T07:30:00,PT15M,2026-05-23T07:45Z,2026-05-23T07:30Z,-5,1,5,10Y1001C--00090V,AUCTION-aFRR,B74,10YSK-SEPS-----K,EUR,A01,A02,20260523039-AFRR_N-UNIT_123-1,MWH,MAW,A01,A06,2026-05-23T07:45Z,2026-05-23T07:30Z
balancing_energy_bids,17,2026-05-23T07:45:00,PT15M,2026-05-23T08:00Z,2026-05-23T07:45Z,132,1,1,10Y1001C--00090V,AUCTION-aFRR,B74,10YSK-SEPS-----K,EUR,A01,A01,20260523040-AFRR_P-UNIT_068-1,MWH,MAW,A01,A11,2026-05-23T08:00Z,2026-05-23T07:45Z
balancing_energy_bids,18,2026-05-23T07:45:00,PT15M,2026-05-23T08:00Z,2026-05-23T07:45Z,190.07,1,12,10Y1001C--00090V,AUCTION-aFRR,B74,10YSK-SEPS-----K,EUR,A01,A01,20260523040-AFRR_P-UNIT_065-1,MWH,MAW,A01,A06,2026-05-23T08:00Z,2026-05-23T07:45Z
balancing_energy_bids,19,2026-05-23T07:45:00,PT15M,2026-05-23T08:00Z,2026-05-23T07:45Z,150,1,31,10Y1001C--00090V,AUCTION-aFRR,B74,10YSK-SEPS-----K,EUR,A01,A01,20260523040-AFRR_P-UNIT_052-1,MWH,MAW,A01,A06,2026-05-23T08:00Z,2026-05-23T07:45Z
balancing_energy_bids,20,2026-05-23T07:45:00,PT15M,2026-05-23T08:00Z,2026-05-23T07:45Z,500,1,10,10Y1001C--00090V,AUCTION-aFRR,B74,10YSK-SEPS-----K,EUR,A01,A01,20260523040-AFRR_P-UNIT_047-1,MWH,MAW,A01,A06,2026-05-23T08:00Z,2026-05-23T07:45Z
balancing_energy_bids,21,2026-05-23T07:45:00,PT15M,2026-05-23T08:00Z,2026-05-23T07:45Z,350,1,17,10Y1001C--00090V,AUCTION-aFRR,B74,10YSK-SEPS-----K,EUR,A01,A01,20260523040-AFRR_P-UNIT_051-1,MWH,MAW,A01,A06,2026-05-23T08:00Z,2026-05-23T07:45Z
balancing_energy_bids,22,2026-05-23T07:45:00,PT15M,2026-05-23T08:00Z,2026-05-23T07:45Z,135,1,15,10Y1001C--00090V,AUCTION-aFRR,B74,10YSK-SEPS-----K,EUR,A01,A01,20260523040-AFRR_P-UNIT_069-1,MWH,MAW,A01,A06,2026-05-23T08:00Z,2026-05-23T07:45Z
balancing_energy_bids,23,2026-05-23T07:45:00,PT15M,2026-05-23T08:00Z,2026-05-23T07:45Z,200,1,1,10Y1001C--00090V,AUCTION-aFRR,B74,10YSK-SEPS-----K,EUR,A01,A01,20260523040-AFRR_P-UNIT_058-1,MWH,MAW,A01,A11,2026-05-23T08:00Z,2026-05-23T07:45Z
balancing_energy_bids,24,2026-05-23T07:45:00,PT15M,2026-05-23T08:00Z,2026-05-23T07:45Z,190.07,1,20,10Y1001C--00090V,AUCTION-aFRR,B74,10YSK-SEPS-----K,EUR,A01,A01,20260523040-AFRR_P-UNIT_013-1,MWH,MAW,A01,A06,2026-05-23T08:00Z,2026-05-23T07:45Z
balancing_energy_bids,25,2026-05-23T07:45:00,PT15M,2026-05-23T08:00Z,2026-05-23T07:45Z,105,1,5,10Y1001C--00090V,AUCTION-aFRR,B74,10YSK-SEPS-----K,EUR,A01,A01,20260523040-AFRR_P-UNIT_062-1,MWH,MAW,A01,A06,2026-05-23T08:00Z,2026-05-23T07:45Z
balancing_energy_bids,26,2026-05-23T07:45:00,PT15M,2026-05-23T08:00Z,2026-05-23T07:45Z,105,1,3,10Y1001C--00090V,AUCTION-aFRR,B74,10YSK-SEPS-----K,EUR,A01,A01,20260523040-AFRR_P-UNIT_043-1,MWH,MAW,A01,A06,2026-05-23T08:00Z,2026-05-23T07:45Z
balancing_energy_bids,27,2026-05-23T07:45:00,PT15M,2026-05-23T08:00Z,2026-05-23T07:45Z,110,1,10,10Y1001C--00090V,AUCTION-aFRR,B74,10YSK-SEPS-----K,EUR,A01,A01,20260523040-AFRR_P-UNIT_063-1,MWH,MAW,A01,A06,2026-05-23T08:00Z,2026-05-23T07:45Z
balancing_energy_bids,28,2026-05-23T07:45:00,PT15M,2026-05-23T08:00Z,2026-05-23T07:45Z,749,1,3,10Y1001C--00090V,AUCTION-aFRR,B74,10YSK-SEPS-----K,EUR,A01,A01,20260523040-AFRR_P-UNIT_078-1,MWH,MAW,A01,A06,2026-05-23T08:00Z,2026-05-23T07:45Z
balancing_energy_bids,29,2026-05-23T07:45:00,PT15M,2026-05-23T08:00Z,2026-05-23T07:45Z,750,1,11,10Y1001C--00090V,AUCTION-aFRR,B74,10YSK-SEPS-----K,EUR,A01,A01,20260523040-AFRR_P-UNIT_104-1,MWH,MAW,A01,A06,2026-05-23T08:00Z,2026-05-23T07:45Z
balancing_energy_bids,30,2026-05-23T07:45:00,PT15M,2026-05-23T08:00Z,2026-05-23T07:45Z,85,1,2,10Y1001C--00090V,AUCTION-aFRR,B74,10YSK-SEPS-----K,EUR,A01,A01,20260523040-AFRR_P-UNIT_097-1,MWH,MAW,A01,A06,2026-05-23T08:00Z,2026-05-23T07:45Z
balancing_energy_bids,31,2026-05-23T07:45:00,PT15M,2026-05-23T08:00Z,2026-05-23T07:45Z,122,1,1,10Y1001C--00090V,AUCTION-aFRR,B74,10YSK-SEPS-----K,EUR,A01,A01,20260523040-AFRR_P-UNIT_019-1,MWH,MAW,A01,A06,2026-05-23T08:00Z,2026-05-23T07:45Z
balancing_energy_bids,32,2026-05-23T07:45:00,PT15M,2026-05-23T08:00Z,2026-05-23T07:45Z,300,1,1,10Y1001C--00090V,AUCTION-aFRR,B74,10YSK-SEPS-----K,EUR,A01,A01,20260523040-AFRR_P-UNIT_106-1,MWH,MAW,A01,A11,2026-05-23T08:00Z,2026-05-23T07:45Z
balancing_energy_bids,33,2026-05-23T07:45:00,PT15M,2026-05-23T08:00Z,2026-05-23T07:45Z,189,1,8,10Y1001C--00090V,AUCTION-aFRR,B74,10YSK-SEPS-----K,EUR,A01,A01,20260523040-AFRR_P-UNIT_123-1,MWH,MAW,A01,A06,2026-05-23T08:00Z,2026-05-23T07:45Z
balancing_energy_bids,34,2026-05-23T07:45:00,PT15M,2026-05-23T08:00Z,2026-05-23T07:45Z,-5,1,1,10Y1001C--00090V,AUCTION-aFRR,B74,10YSK-SEPS-----K,EUR,A01,A02,20260523040-AFRR_N-UNIT_068-1,MWH,MAW,A01,A11,2026-05-23T08:00Z,2026-05-23T07:45Z
balancing_energy_bids,35,2026-05-23T07:45:00,PT15M,2026-05-23T08:00Z,2026-05-23T07:45Z,-30,1,6,10Y1001C--00090V,AUCTION-aFRR,B74,10YSK-SEPS-----K,EUR,A01,A02,20260523040-AFRR_N-UNIT_052-1,MWH,MAW,A01,A06,2026-05-23T08:00Z,2026-05-23T07:45Z
balancing_energy_bids,36,2026-05-23T07:45:00,PT15M,2026-05-23T08:00Z,2026-05-23T07:45Z,-144,1,5,10Y1001C--00090V,AUCTION-aFRR,B74,10YSK-SEPS-----K,EUR,A01,A02,20260523040-AFRR_N-UNIT_051-1,MWH,MAW,A01,A06,2026-05-23T08:00Z,2026-05-23T07:45Z
balancing_energy_bids,37,2026-05-23T07:45:00,PT15M,2026-05-23T08:00Z,2026-05-23T07:45Z,-250,1,12,10Y1001C--00090V,AUCTION-aFRR,B74,10YSK-SEPS-----K,EUR,A01,A02,20260523040-AFRR_N-UNIT_069-1,MWH,MAW,A01,A06,2026-05-23T08:00Z,2026-05-23T07:45Z
balancing_energy_bids,38,2026-05-23T07:45:00,PT15M,2026-05-23T08:00Z,2026-05-23T07:45Z,-50,1,2,10Y1001C--00090V,AUCTION-aFRR,B74,10YSK-SEPS-----K,EUR,A01,A02,20260523040-AFRR_N-UNIT_058-1,MWH,MAW,A01,A06,2026-05-23T08:00Z,2026-05-23T07:45Z
balancing_energy_bids,39,2026-05-23T07:45:00,PT15M,2026-05-23T08:00Z,2026-05-23T07:45Z,-10,1,8,10Y1001C--00090V,AUCTION-aFRR,B74,10YSK-SEPS-----K,EUR,A01,A02,20260523040-AFRR_N-UNIT_013-1,MWH,MAW,A01,A06,2026-05-23T08:00Z,2026-05-23T07:45Z
balancing_energy_bids,40,2026-05-23T07:45:00,PT15M,2026-05-23T08:00Z,2026-05-23T07:45Z,-29,1,2,10Y1001C--00090V,AUCTION-aFRR,B74,10YSK-SEPS-----K,EUR,A01,A02,20260523040-AFRR_N-UNIT_043-1,MWH,MAW,A01,A06,2026-05-23T08:00Z,2026-05-23T07:45Z
balancing_energy_bids,41,2026-05-23T07:45:00,PT15M,2026-05-23T08:00Z,2026-05-23T07:45Z,0,1,4,10Y1001C--00090V,AUCTION-aFRR,B74,10YSK-SEPS-----K,EUR,A01,A02,20260523040-AFRR_N-UNIT_104-1,MWH,MAW,A01,A06,2026-05-23T08:00Z,2026-05-23T07:45Z
balancing_energy_bids,42,2026-05-23T07:45:00,PT15M,2026-05-23T08:00Z,2026-05-23T07:45Z,-260,1,3,10Y1001C--00090V,AUCTION-aFRR,B74,10YSK-SEPS-----K,EUR,A01,A02,20260523040-AFRR_N-UNIT_089-1,MWH,MAW,A01,A06,2026-05-23T08:00Z,2026-05-23T07:45Z
balancing_energy_bids,43,2026-05-23T07:45:00,PT15M,2026-05-23T08:00Z,2026-05-23T07:45Z,0,1,5,10Y1001C--00090V,AUCTION-aFRR,B74,10YSK-SEPS-----K,EUR,A01,A02,20260523040-AFRR_N-UNIT_097-1,MWH,MAW,A01,A06,2026-05-23T08:00Z,2026-05-23T07:45Z
balancing_energy_bids,44,2026-05-23T07:45:00,PT15M,2026-05-23T08:00Z,2026-05-23T07:45Z,-199,1,1,10Y1001C--00090V,AUCTION-aFRR,B74,10YSK-SEPS-----K,EUR,A01,A02,20260523040-AFRR_N-UNIT_019-1,MWH,MAW,A01,A11,2026-05-23T08:00Z,2026-05-23T07:45Z
balancing_energy_bids,45,2026-05-23T07:45:00,PT15M,2026-05-23T08:00Z,2026-05-23T07:45Z,-19,1,1,10Y1001C--00090V,AUCTION-aFRR,B74,10YSK-SEPS-----K,EUR,A01,A02,20260523040-AFRR_N-UNIT_106-1,MWH,MAW,A01,A06,2026-05-23T08:00Z,2026-05-23T07:45Z
balancing_energy_bids,46,2026-05-23T07:45:00,PT15M,2026-05-23T08:00Z,2026-05-23T07:45Z,-5,1,5,10Y1001C--00090V,AUCTION-aFRR,B74,10YSK-SEPS-----K,EUR,A01,A02,20260523040-AFRR_N-UNIT_123-1,MWH,MAW,A01,A06,2026-05-23T08:00Z,2026-05-23T07:45Z
balancing_energy_bids,47,2026-05-23T07:45:00,PT15M,2026-05-23T08:00Z,2026-05-23T07:45Z,5,1,5,10Y1001C--00090V,AUCTION-aFRR,B74,10YSK-SEPS-----K,EUR,A01,A01,20260523040-AFRR_P-UNIT_028-1,MWH,MAW,A01,A06,2026-05-23T08:00Z,2026-05-23T07:45Z
balancing_energy_bids,48,2026-05-23T07:45:00,PT15M,2026-05-23T08:00Z,2026-05-23T07:45Z,-25,1,5,10Y1001C--00090V,AUCTION-aFRR,B74,10YSK-SEPS-----K,EUR,A01,A02,20260523040-AFRR_N-UNIT_028-1,MWH,MAW,A01,A06,2026-05-23T08:00Z,2026-05-23T07:45Z
balancing_energy_bids,49,2026-05-23T08:00:00,PT15M,2026-05-23T08:15Z,2026-05-23T08:00Z,132,1,1,10Y1001C--00090V,AUCTION-aFRR,B74,10YSK-SEPS-----K,EUR,A01,A01,20260523041-AFRR_P-UNIT_068-1,MWH,MAW,A01,A11,2026-05-23T08:15Z,2026-05-23T08:00Z
balancing_energy_bids,50,2026-05-23T08:00:00,PT15M,2026-05-23T08:15Z,2026-05-23T08:00Z,140,1,31,10Y1001C--00090V,AUCTION-aFRR,B74,10YSK-SEPS-----K,EUR,A01,A01,20260523041-AFRR_P-UNIT_052-1,MWH,MAW,A01,A06,2026-05-23T08:15Z,2026-05-23T08:00Z
balancing_energy_bids,51,2026-05-23T08:00:00,PT15M,2026-05-23T08:15Z,2026-05-23T08:00Z,500,1,10,10Y1001C--00090V,AUCTION-aFRR,B74,10YSK-SEPS-----K,EUR,A01,A01,20260523041-AFRR_P-UNIT_047-1,MWH,MAW,A01,A06,2026-05-23T08:15Z,2026-05-23T08:00Z
balancing_energy_bids,52,2026-05-23T08:00:00,PT15M,2026-05-23T08:15Z,2026-05-23T08:00Z,350,1,17,10Y1001C--00090V,AUCTION-aFRR,B74,10YSK-SEPS-----K,EUR,A01,A01,20260523041-AFRR_P-UNIT_051-1,MWH,MAW,A01,A06,2026-05-23T08:15Z,2026-05-23T08:00Z
balancing_energy_bids,53,2026-05-23T08:00:00,PT15M,2026-05-23T08:15Z,2026-05-23T08:00Z,135,1,15,10Y1001C--00090V,AUCTION-aFRR,B74,10YSK-SEPS-----K,EUR,A01,A01,20260523041-AFRR_P-UNIT_069-1,MWH,MAW,A01,A06,2026-05-23T08:15Z,2026-05-23T08:00Z
balancing_energy_bids,54,2026-05-23T08:00:00,PT15M,2026-05-23T08:15Z,2026-05-23T08:00Z,200,1,1,10Y1001C--00090V,AUCTION-aFRR,B74,10YSK-SEPS-----K,EUR,A01,A01,20260523041-AFRR_P-UNIT_058-1,MWH,MAW,A01,A11,2026-05-23T08:15Z,2026-05-23T08:00Z
balancing_energy_bids,55,2026-05-23T08:00:00,PT15M,2026-05-23T08:15Z,2026-05-23T08:00Z,190.07,1,20,10Y1001C--00090V,AUCTION-aFRR,B74,10YSK-SEPS-----K,EUR,A01,A01,20260523041-AFRR_P-UNIT_013-1,MWH,MAW,A01,A06,2026-05-23T08:15Z,2026-05-23T08:00Z
balancing_energy_bids,56,2026-05-23T08:00:00,PT15M,2026-05-23T08:15Z,2026-05-23T08:00Z,105,1,5,10Y1001C--00090V,AUCTION-aFRR,B74,10YSK-SEPS-----K,EUR,A01,A01,20260523041-AFRR_P-UNIT_062-1,MWH,MAW,A01,A06,2026-05-23T08:15Z,2026-05-23T08:00Z
balancing_energy_bids,57,2026-05-23T08:00:00,PT15M,2026-05-23T08:15Z,2026-05-23T08:00Z,105,1,3,10Y1001C--00090V,AUCTION-aFRR,B74,10YSK-SEPS-----K,EUR,A01,A01,20260523041-AFRR_P-UNIT_043-1,MWH,MAW,A01,A06,2026-05-23T08:15Z,2026-05-23T08:00Z
balancing_energy_bids,58,2026-05-23T08:00:00,PT15M,2026-05-23T08:15Z,2026-05-23T08:00Z,110,1,10,10Y1001C--00090V,AUCTION-aFRR,B74,10YSK-SEPS-----K,EUR,A01,A01,20260523041-AFRR_P-UNIT_063-1,MWH,MAW,A01,A06,2026-05-23T08:15Z,2026-05-23T08:00Z
balancing_energy_bids,59,2026-05-23T08:00:00,PT15M,2026-05-23T08:15Z,2026-05-23T08:00Z,749,1,3,10Y1001C--00090V,AUCTION-aFRR,B74,10YSK-SEPS-----K,EUR,A01,A01,20260523041-AFRR_P-UNIT_078-1,MWH,MAW,A01,A06,2026-05-23T08:15Z,2026-05-23T08:00Z
balancing_energy_bids,60,2026-05-23T08:00:00,PT15M,2026-05-23T08:15Z,2026-05-23T08:00Z,750,1,11,10Y1001C--00090V,AUCTION-aFRR,B74,10YSK-SEPS-----K,EUR,A01,A01,20260523041-AFRR_P-UNIT_104-1,MWH,MAW,A01,A06,2026-05-23T08:15Z,2026-05-23T08:00Z
balancing_energy_bids,61,2026-05-23T08:00:00,PT15M,2026-05-23T08:15Z,2026-05-23T08:00Z,85,1,2,10Y1001C--00090V,AUCTION-aFRR,B74,10YSK-SEPS-----K,EUR,A01,A01,20260523041-AFRR_P-UNIT_097-1,MWH,MAW,A01,A06,2026-05-23T08:15Z,2026-05-23T08:00Z
balancing_energy_bids,62,2026-05-23T08:00:00,PT15M,2026-05-23T08:15Z,2026-05-23T08:00Z,124,1,1,10Y1001C--00090V,AUCTION-aFRR,B74,10YSK-SEPS-----K,EUR,A01,A01,20260523041-AFRR_P-UNIT_019-1,MWH,MAW,A01,A06,2026-05-23T08:15Z,2026-05-23T08:00Z
balancing_energy_bids,63,2026-05-23T08:00:00,PT15M,2026-05-23T08:15Z,2026-05-23T08:00Z,300,1,1,10Y1001C--00090V,AUCTION-aFRR,B74,10YSK-SEPS-----K,EUR,A01,A01,20260523041-AFRR_P-UNIT_106-1,MWH,MAW,A01,A11,2026-05-23T08:15Z,2026-05-23T08:00Z
balancing_energy_bids,64,2026-05-23T08:00:00,PT15M,2026-05-23T08:15Z,2026-05-23T08:00Z,189,1,8,10Y1001C--00090V,AUCTION-aFRR,B74,10YSK-SEPS-----K,EUR,A01,A01,20260523041-AFRR_P-UNIT_123-1,MWH,MAW,A01,A06,2026-05-23T08:15Z,2026-05-23T08:00Z
balancing_energy_bids,65,2026-05-23T08:00:00,PT15M,2026-05-23T08:15Z,2026-05-23T08:00Z,-5,1,1,10Y1001C--00090V,AUCTION-aFRR,B74,10YSK-SEPS-----K,EUR,A01,A02,20260523041-AFRR_N-UNIT_068-1,MWH,MAW,A01,A11,2026-05-23T08:15Z,2026-05-23T08:00Z
balancing_energy_bids,66,2026-05-23T08:00:00,PT15M,2026-05-23T08:15Z,2026-05-23T08:00Z,-30,1,6,10Y1001C--00090V,AUCTION-aFRR,B74,10YSK-SEPS-----K,EUR,A01,A02,20260523041-AFRR_N-UNIT_052-1,MWH,MAW,A01,A06,2026-05-23T08:15Z,2026-05-23T08:00Z
balancing_energy_bids,67,2026-05-23T08:00:00,PT15M,2026-05-23T08:15Z,2026-05-23T08:00Z,-144,1,5,10Y1001C--00090V,AUCTION-aFRR,B74,10YSK-SEPS-----K,EUR,A01,A02,20260523041-AFRR_N-UNIT_051-1,MWH,MAW,A01,A06,2026-05-23T08:15Z,2026-05-23T08:00Z
balancing_energy_bids,68,2026-05-23T08:00:00,PT15M,2026-05-23T08:15Z,2026-05-23T08:00Z,-250,1,12,10Y1001C--00090V,AUCTION-aFRR,B74,10YSK-SEPS-----K,EUR,A01,A02,20260523041-AFRR_N-UNIT_069-1,MWH,MAW,A01,A06,2026-05-23T08:15Z,2026-05-23T08:00Z
balancing_energy_bids,69,2026-05-23T08:00:00,PT15M,2026-05-23T08:15Z,2026-05-23T08:00Z,-50,1,2,10Y1001C--00090V,AUCTION-aFRR,B74,10YSK-SEPS-----K,EUR,A01,A02,20260523041-AFRR_N-UNIT_058-1,MWH,MAW,A01,A06,2026-05-23T08:15Z,2026-05-23T08:00Z
balancing_energy_bids,70,2026-05-23T08:00:00,PT15M,2026-05-23T08:15Z,2026-05-23T08:00Z,-10,1,8,10Y1001C--00090V,AUCTION-aFRR,B74,10YSK-SEPS-----K,EUR,A01,A02,20260523041-AFRR_N-UNIT_013-1,MWH,MAW,A01,A06,2026-05-23T08:15Z,2026-05-23T08:00Z
balancing_energy_bids,71,2026-05-23T08:00:00,PT15M,2026-05-23T08:15Z,2026-05-23T08:00Z,-10,1,30,10Y1001C--00090V,AUCTION-aFRR,B74,10YSK-SEPS-----K,EUR,A01,A02,20260523041-AFRR_N-UNIT_010-1,MWH,MAW,A01,A06,2026-05-23T08:15Z,2026-05-23T08:00Z
balancing_energy_bids,72,2026-05-23T08:00:00,PT15M,2026-05-23T08:15Z,2026-05-23T08:00Z,10,1,2,10Y1001C--00090V,AUCTION-aFRR,B74,10YSK-SEPS-----K,EUR,A01,A02,20260523041-AFRR_N-UNIT_043-1,MWH,MAW,A01,A06,2026-05-23T08:15Z,2026-05-23T08:00Z
balancing_energy_bids,73,2026-05-23T08:00:00,PT15M,2026-05-23T08:15Z,2026-05-23T08:00Z,0,1,4,10Y1001C--00090V,AUCTION-aFRR,B74,10YSK-SEPS-----K,EUR,A01,A02,20260523041-AFRR_N-UNIT_104-1,MWH,MAW,A01,A06,2026-05-23T08:15Z,2026-05-23T08:00Z
balancing_energy_bids,74,2026-05-23T08:00:00,PT15M,2026-05-23T08:15Z,2026-05-23T08:00Z,-260.01,1,3,10Y1001C--00090V,AUCTION-aFRR,B74,10YSK-SEPS-----K,EUR,A01,A02,20260523041-AFRR_N-UNIT_089-1,MWH,MAW,A01,A06,2026-05-23T08:15Z,2026-05-23T08:00Z
balancing_energy_bids,75,2026-05-23T08:00:00,PT15M,2026-05-23T08:15Z,2026-05-23T08:00Z,-50,1,5,10Y1001C--00090V,AUCTION-aFRR,B74,10YSK-SEPS-----K,EUR,A01,A02,20260523041-AFRR_N-UNIT_097-1,MWH,MAW,A01,A06,2026-05-23T08:15Z,2026-05-23T08:00Z
balancing_energy_bids,76,2026-05-23T08:00:00,PT15M,2026-05-23T08:15Z,2026-05-23T08:00Z,-199,1,1,10Y1001C--00090V,AUCTION-aFRR,B74,10YSK-SEPS-----K,EUR,A01,A02,20260523041-AFRR_N-UNIT_019-1,MWH,MAW,A01,A11,2026-05-23T08:15Z,2026-05-23T08:00Z
balancing_energy_bids,77,2026-05-23T08:00:00,PT15M,2026-05-23T08:15Z,2026-05-23T08:00Z,-19,1,1,10Y1001C--00090V,AUCTION-aFRR,B74,10YSK-SEPS-----K,EUR,A01,A02,20260523041-AFRR_N-UNIT_106-1,MWH,MAW,A01,A06,2026-05-23T08:15Z,2026-05-23T08:00Z
balancing_energy_bids,78,2026-05-23T08:00:00,PT15M,2026-05-23T08:15Z,2026-05-23T08:00Z,-5,1,5,10Y1001C--00090V,AUCTION-aFRR,B74,10YSK-SEPS-----K,EUR,A01,A02,20260523041-AFRR_N-UNIT_123-1,MWH,MAW,A01,A06,2026-05-23T08:15Z,2026-05-23T08:00Z
balancing_energy_bids,79,2026-05-23T08:00:00,PT15M,2026-05-23T08:15Z,2026-05-23T08:00Z,5,1,5,10Y1001C--00090V,AUCTION-aFRR,B74,10YSK-SEPS-----K,EUR,A01,A01,20260523041-AFRR_P-UNIT_028-1,MWH,MAW,A01,A06,2026-05-23T08:15Z,2026-05-23T08:00Z
balancing_energy_bids,80,2026-05-23T08:00:00,PT15M,2026-05-23T08:15Z,2026-05-23T08:00Z,-55,1,5,10Y1001C--00090V,AUCTION-aFRR,B74,10YSK-SEPS-----K,EUR,A01,A02,20260523041-AFRR_N-UNIT_028-1,MWH,MAW,A01,A06,2026-05-23T08:15Z,2026-05-23T08:00Z
balancing_energy_bids,81,2026-05-23T08:15:00,PT15M,2026-05-23T08:30Z,2026-05-23T08:15Z,5,1,5,10Y1001C--00090V,AUCTION-aFRR,B74,10YSK-SEPS-----K,EUR,A01,A01,20260523042-AFRR_P-UNIT_028-1,MWH,MAW,A01,A06,2026-05-23T08:30Z,2026-05-23T08:15Z
balancing_energy_bids,82,2026-05-23T08:15:00,PT15M,2026-05-23T08:30Z,2026-05-23T08:15Z,-55,1,5,10Y1001C--00090V,AUCTION-aFRR,B74,10YSK-SEPS-----K,EUR,A01,A02,20260523042-AFRR_N-UNIT_028-1,MWH,MAW,A01,A06,2026-05-23T08:30Z,2026-05-23T08:15Z
balancing_energy_bids,83,2026-05-23T08:15:00,PT15M,2026-05-23T08:30Z,2026-05-23T08:15Z,132,1,1,10Y1001C--00090V,AUCTION-aFRR,B74,10YSK-SEPS-----K,EUR,A01,A01,20260523042-AFRR_P-UNIT_068-1,MWH,MAW,A01,A11,2026-05-23T08:30Z,2026-05-23T08:15Z
balancing_energy_bids,84,2026-05-23T08:15:00,PT15M,2026-05-23T08:30Z,2026-05-23T08:15Z,140,1,31,10Y1001C--00090V,AUCTION-aFRR,B74,10YSK-SEPS-----K,EUR,A01,A01,20260523042-AFRR_P-UNIT_052-1,MWH,MAW,A01,A06,2026-05-23T08:30Z,2026-05-23T08:15Z
balancing_energy_bids,85,2026-05-23T08:15:00,PT15M,2026-05-23T08:30Z,2026-05-23T08:15Z,500,1,10,10Y1001C--00090V,AUCTION-aFRR,B74,10YSK-SEPS-----K,EUR,A01,A01,20260523042-AFRR_P-UNIT_047-1,MWH,MAW,A01,A06,2026-05-23T08:30Z,2026-05-23T08:15Z
balancing_energy_bids,86,2026-05-23T08:15:00,PT15M,2026-05-23T08:30Z,2026-05-23T08:15Z,350,1,17,10Y1001C--00090V,AUCTION-aFRR,B74,10YSK-SEPS-----K,EUR,A01,A01,20260523042-AFRR_P-UNIT_051-1,MWH,MAW,A01,A06,2026-05-23T08:30Z,2026-05-23T08:15Z
balancing_energy_bids,87,2026-05-23T08:15:00,PT15M,2026-05-23T08:30Z,2026-05-23T08:15Z,135,1,15,10Y1001C--00090V,AUCTION-aFRR,B74,10YSK-SEPS-----K,EUR,A01,A01,20260523042-AFRR_P-UNIT_069-1,MWH,MAW,A01,A06,2026-05-23T08:30Z,2026-05-23T08:15Z
balancing_energy_bids,88,2026-05-23T08:15:00,PT15M,2026-05-23T08:30Z,2026-05-23T08:15Z,200,1,1,10Y1001C--00090V,AUCTION-aFRR,B74,10YSK-SEPS-----K,EUR,A01,A01,20260523042-AFRR_P-UNIT_058-1,MWH,MAW,A01,A11,2026-05-23T08:30Z,2026-05-23T08:15Z
balancing_energy_bids,89,2026-05-23T08:15:00,PT15M,2026-05-23T08:30Z,2026-05-23T08:15Z,190.07,1,20,10Y1001C--00090V,AUCTION-aFRR,B74,10YSK-SEPS-----K,EUR,A01,A01,20260523042-AFRR_P-UNIT_013-1,MWH,MAW,A01,A06,2026-05-23T08:30Z,2026-05-23T08:15Z
balancing_energy_bids,90,2026-05-23T08:15:00,PT15M,2026-05-23T08:30Z,2026-05-23T08:15Z,105,1,5,10Y1001C--00090V,AUCTION-aFRR,B74,10YSK-SEPS-----K,EUR,A01,A01,20260523042-AFRR_P-UNIT_062-1,MWH,MAW,A01,A06,2026-05-23T08:30Z,2026-05-23T08:15Z
balancing_energy_bids,91,2026-05-23T08:15:00,PT15M,2026-05-23T08:30Z,2026-05-23T08:15Z,105,1,3,10Y1001C--00090V,AUCTION-aFRR,B74,10YSK-SEPS-----K,EUR,A01,A01,20260523042-AFRR_P-UNIT_043-1,MWH,MAW,A01,A06,2026-05-23T08:30Z,2026-05-23T08:15Z
balancing_energy_bids,92,2026-05-23T08:15:00,PT15M,2026-05-23T08:30Z,2026-05-23T08:15Z,110,1,10,10Y1001C--00090V,AUCTION-aFRR,B74,10YSK-SEPS-----K,EUR,A01,A01,20260523042-AFRR_P-UNIT_063-1,MWH,MAW,A01,A06,2026-05-23T08:30Z,2026-05-23T08:15Z
balancing_energy_bids,93,2026-05-23T08:15:00,PT15M,2026-05-23T08:30Z,2026-05-23T08:15Z,749,1,3,10Y1001C--00090V,AUCTION-aFRR,B74,10YSK-SEPS-----K,EUR,A01,A01,20260523042-AFRR_P-UNIT_078-1,MWH,MAW,A01,A06,2026-05-23T08:30Z,2026-05-23T08:15Z
balancing_energy_bids,94,2026-05-23T08:15:00,PT15M,2026-05-23T08:30Z,2026-05-23T08:15Z,750,1,11,10Y1001C--00090V,AUCTION-aFRR,B74,10YSK-SEPS-----K,EUR,A01,A01,20260523042-AFRR_P-UNIT_104-1,MWH,MAW,A01,A06,2026-05-23T08:30Z,2026-05-23T08:15Z
balancing_energy_bids,95,2026-05-23T08:15:00,PT15M,2026-05-23T08:30Z,2026-05-23T08:15Z,85,1,2,10Y1001C--00090V,AUCTION-aFRR,B74,10YSK-SEPS-----K,EUR,A01,A01,20260523042-AFRR_P-UNIT_097-1,MWH,MAW,A01,A06,2026-05-23T08:30Z,2026-05-23T08:15Z
balancing_energy_bids,96,2026-05-23T08:15:00,PT15M,2026-05-23T08:30Z,2026-05-23T08:15Z,119,1,1,10Y1001C--00090V,AUCTION-aFRR,B74,10YSK-SEPS-----K,EUR,A01,A01,20260523042-AFRR_P-UNIT_019-1,MWH,MAW,A01,A06,2026-05-23T08:30Z,2026-05-23T08:15Z
balancing_energy_bids,97,2026-05-23T08:15:00,PT15M,2026-05-23T08:30Z,2026-05-23T08:15Z,300,1,1,10Y1001C--00090V,AUCTION-aFRR,B74,10YSK-SEPS-----K,EUR,A01,A01,20260523042-AFRR_P-UNIT_106-1,MWH,MAW,A01,A11,2026-05-23T08:30Z,2026-05-23T08:15Z
balancing_energy_bids,98,2026-05-23T08:15:00,PT15M,2026-05-23T08:30Z,2026-05-23T08:15Z,189,1,8,10Y1001C--00090V,AUCTION-aFRR,B74,10YSK-SEPS-----K,EUR,A01,A01,20260523042-AFRR_P-UNIT_123-1,MWH,MAW,A01,A06,2026-05-23T08:30Z,2026-05-23T08:15Z
balancing_energy_bids,99,2026-05-23T08:15:00,PT15M,2026-05-23T08:30Z,2026-05-23T08:15Z,-5,1,1,10Y1001C--00090V,AUCTION-aFRR,B74,10YSK-SEPS-----K,EUR,A01,A02,20260523042-AFRR_N-UNIT_068-1,MWH,MAW,A01,A11,2026-05-23T08:30Z,2026-05-23T08:15Z
balancing_energy_bids,100,2026-05-23T08:15:00,PT15M,2026-05-23T08:30Z,2026-05-23T08:15Z,-30,1,6,10Y1001C--00090V,AUCTION-aFRR,B74,10YSK-SEPS-----K,EUR,A01,A02,20260523042-AFRR_N-UNIT_052-1,MWH,MAW,A01,A06,2026-05-23T08:30Z,2026-05-23T08:15Z
balancing_energy_bids,1,2026-05-23T08:15:00,PT15M,2026-05-23T08:30Z,2026-05-23T08:15Z,-144,1,5,10Y1001C--00090V,AUCTION-aFRR,B74,10YSK-SEPS-----K,EUR,A01,A02,20260523042-AFRR_N-UNIT_051-1,MWH,MAW,A01,A06,2026-05-23T08:30Z,2026-05-23T08:15Z
balancing_energy_bids,2,2026-05-23T08:15:00,PT15M,2026-05-23T08:30Z,2026-05-23T08:15Z,-250,1,12,10Y1001C--00090V,AUCTION-aFRR,B74,10YSK-SEPS-----K,EUR,A01,A02,20260523042-AFRR_N-UNIT_069-1,MWH,MAW,A01,A06,2026-05-23T08:30Z,2026-05-23T08:15Z
balancing_energy_bids,3,2026-05-23T08:15:00,PT15M,2026-05-23T08:30Z,2026-05-23T08:15Z,-50,1,2,10Y1001C--00090V,AUCTION-aFRR,B74,10YSK-SEPS-----K,EUR,A01,A02,20260523042-AFRR_N-UNIT_058-1,MWH,MAW,A01,A06,2026-05-23T08:30Z,2026-05-23T08:15Z
balancing_energy_bids,4,2026-05-23T08:15:00,PT15M,2026-05-23T08:30Z,2026-05-23T08:15Z,-10,1,8,10Y1001C--00090V,AUCTION-aFRR,B74,10YSK-SEPS-----K,EUR,A01,A02,20260523042-AFRR_N-UNIT_013-1,MWH,MAW,A01,A06,2026-05-23T08:30Z,2026-05-23T08:15Z
balancing_energy_bids,5,2026-05-23T08:15:00,PT15M,2026-05-23T08:30Z,2026-05-23T08:15Z,-10,1,30,10Y1001C--00090V,AUCTION-aFRR,B74,10YSK-SEPS-----K,EUR,A01,A02,20260523042-AFRR_N-UNIT_010-1,MWH,MAW,A01,A06,2026-05-23T08:30Z,2026-05-23T08:15Z
balancing_energy_bids,6,2026-05-23T08:15:00,PT15M,2026-05-23T08:30Z,2026-05-23T08:15Z,10,1,2,10Y1001C--00090V,AUCTION-aFRR,B74,10YSK-SEPS-----K,EUR,A01,A02,20260523042-AFRR_N-UNIT_043-1,MWH,MAW,A01,A06,2026-05-23T08:30Z,2026-05-23T08:15Z
balancing_energy_bids,7,2026-05-23T08:15:00,PT15M,2026-05-23T08:30Z,2026-05-23T08:15Z,0,1,4,10Y1001C--00090V,AUCTION-aFRR,B74,10YSK-SEPS-----K,EUR,A01,A02,20260523042-AFRR_N-UNIT_104-1,MWH,MAW,A01,A06,2026-05-23T08:30Z,2026-05-23T08:15Z
balancing_energy_bids,8,2026-05-23T08:15:00,PT15M,2026-05-23T08:30Z,2026-05-23T08:15Z,-260.02,1,3,10Y1001C--00090V,AUCTION-aFRR,B74,10YSK-SEPS-----K,EUR,A01,A02,20260523042-AFRR_N-UNIT_089-1,MWH,MAW,A01,A06,2026-05-23T08:30Z,2026-05-23T08:15Z
balancing_energy_bids,9,2026-05-23T08:15:00,PT15M,2026-05-23T08:30Z,2026-05-23T08:15Z,-50,1,5,10Y1001C--00090V,AUCTION-aFRR,B74,10YSK-SEPS-----K,EUR,A01,A02,20260523042-AFRR_N-UNIT_097-1,MWH,MAW,A01,A06,2026-05-23T08:30Z,2026-05-23T08:15Z
balancing_energy_bids,10,2026-05-23T08:15:00,PT15M,2026-05-23T08:30Z,2026-05-23T08:15Z,-199,1,1,10Y1001C--00090V,AUCTION-aFRR,B74,10YSK-SEPS-----K,EUR,A01,A02,20260523042-AFRR_N-UNIT_019-1,MWH,MAW,A01,A11,2026-05-23T08:30Z,2026-05-23T08:15Z
balancing_energy_bids,11,2026-05-23T08:15:00,PT15M,2026-05-23T08:30Z,2026-05-23T08:15Z,-19,1,1,10Y1001C--00090V,AUCTION-aFRR,B74,10YSK-SEPS-----K,EUR,A01,A02,20260523042-AFRR_N-UNIT_106-1,MWH,MAW,A01,A06,2026-05-23T08:30Z,2026-05-23T08:15Z
balancing_energy_bids,12,2026-05-23T08:15:00,PT15M,2026-05-23T08:30Z,2026-05-23T08:15Z,-5,1,5,10Y1001C--00090V,AUCTION-aFRR,B74,10YSK-SEPS-----K,EUR,A01,A02,20260523042-AFRR_N-UNIT_123-1,MWH,MAW,A01,A06,2026-05-23T08:30Z,2026-05-23T08:15Z
balancing_energy_bids,13,2026-05-23T08:30:00,PT15M,2026-05-23T08:45Z,2026-05-23T08:30Z,5,1,5,10Y1001C--00090V,AUCTION-aFRR,B74,10YSK-SEPS-----K,EUR,A01,A01,20260523043-AFRR_P-UNIT_028-1,MWH,MAW,A01,A06,2026-05-23T08:45Z,2026-05-23T08:30Z
balancing_energy_bids,14,2026-05-23T08:30:00,PT15M,2026-05-23T08:45Z,2026-05-23T08:30Z,-55,1,5,10Y1001C--00090V,AUCTION-aFRR,B74,10YSK-SEPS-----K,EUR,A01,A02,20260523043-AFRR_N-UNIT_028-1,MWH,MAW,A01,A06,2026-05-23T08:45Z,2026-05-23T08:30Z
balancing_energy_bids,15,2026-05-23T08:30:00,PT15M,2026-05-23T08:45Z,2026-05-23T08:30Z,132,1,1,10Y1001C--00090V,AUCTION-aFRR,B74,10YSK-SEPS-----K,EUR,A01,A01,20260523043-AFRR_P-UNIT_068-1,MWH,MAW,A01,A11,2026-05-23T08:45Z,2026-05-23T08:30Z
balancing_energy_bids,16,2026-05-23T08:30:00,PT15M,2026-05-23T08:45Z,2026-05-23T08:30Z,140,1,31,10Y1001C--00090V,AUCTION-aFRR,B74,10YSK-SEPS-----K,EUR,A01,A01,20260523043-AFRR_P-UNIT_052-1,MWH,MAW,A01,A06,2026-05-23T08:45Z,2026-05-23T08:30Z
balancing_energy_bids,17,2026-05-23T08:30:00,PT15M,2026-05-23T08:45Z,2026-05-23T08:30Z,500,1,10,10Y1001C--00090V,AUCTION-aFRR,B74,10YSK-SEPS-----K,EUR,A01,A01,20260523043-AFRR_P-UNIT_047-1,MWH,MAW,A01,A06,2026-05-23T08:45Z,2026-05-23T08:30Z
balancing_energy_bids,18,2026-05-23T08:30:00,PT15M,2026-05-23T08:45Z,2026-05-23T08:30Z,350,1,17,10Y1001C--00090V,AUCTION-aFRR,B74,10YSK-SEPS-----K,EUR,A01,A01,20260523043-AFRR_P-UNIT_051-1,MWH,MAW,A01,A06,2026-05-23T08:45Z,2026-05-23T08:30Z
balancing_energy_bids,19,2026-05-23T08:30:00,PT15M,2026-05-23T08:45Z,2026-05-23T08:30Z,135,1,15,10Y1001C--00090V,AUCTION-aFRR,B74,10YSK-SEPS-----K,EUR,A01,A01,20260523043-AFRR_P-UNIT_069-1,MWH,MAW,A01,A06,2026-05-23T08:45Z,2026-05-23T08:30Z
balancing_energy_bids,20,2026-05-23T08:30:00,PT15M,2026-05-23T08:45Z,2026-05-23T08:30Z,200,1,1,10Y1001C--00090V,AUCTION-aFRR,B74,10YSK-SEPS-----K,EUR,A01,A01,20260523043-AFRR_P-UNIT_058-1,MWH,MAW,A01,A11,2026-05-23T08:45Z,2026-05-23T08:30Z
balancing_energy_bids,21,2026-05-23T08:30:00,PT15M,2026-05-23T08:45Z,2026-05-23T08:30Z,190.07,1,20,10Y1001C--00090V,AUCTION-aFRR,B74,10YSK-SEPS-----K,EUR,A01,A01,20260523043-AFRR_P-UNIT_013-1,MWH,MAW,A01,A06,2026-05-23T08:45Z,2026-05-23T08:30Z
balancing_energy_bids,22,2026-05-23T08:30:00,PT15M,2026-05-23T08:45Z,2026-05-23T08:30Z,105,1,5,10Y1001C--00090V,AUCTION-aFRR,B74,10YSK-SEPS-----K,EUR,A01,A01,20260523043-AFRR_P-UNIT_062-1,MWH,MAW,A01,A06,2026-05-23T08:45Z,2026-05-23T08:30Z
balancing_energy_bids,23,2026-05-23T08:30:00,PT15M,2026-05-23T08:45Z,2026-05-23T08:30Z,105,1,3,10Y1001C--00090V,AUCTION-aFRR,B74,10YSK-SEPS-----K,EUR,A01,A01,20260523043-AFRR_P-UNIT_043-1,MWH,MAW,A01,A06,2026-05-23T08:45Z,2026-05-23T08:30Z
balancing_energy_bids,24,2026-05-23T08:30:00,PT15M,2026-05-23T08:45Z,2026-05-23T08:30Z,110,1,10,10Y1001C--00090V,AUCTION-aFRR,B74,10YSK-SEPS-----K,EUR,A01,A01,20260523043-AFRR_P-UNIT_063-1,MWH,MAW,A01,A06,2026-05-23T08:45Z,2026-05-23T08:30Z
balancing_energy_bids,25,2026-05-23T08:30:00,PT15M,2026-05-23T08:45Z,2026-05-23T08:30Z,749,1,3,10Y1001C--00090V,AUCTION-aFRR,B74,10YSK-SEPS-----K,EUR,A01,A01,20260523043-AFRR_P-UNIT_078-1,MWH,MAW,A01,A06,2026-05-23T08:45Z,2026-05-23T08:30Z
balancing_energy_bids,26,2026-05-23T08:30:00,PT15M,2026-05-23T08:45Z,2026-05-23T08:30Z,750,1,11,10Y1001C--00090V,AUCTION-aFRR,B74,10YSK-SEPS-----K,EUR,A01,A01,20260523043-AFRR_P-UNIT_104-1,MWH,MAW,A01,A06,2026-05-23T08:45Z,2026-05-23T08:30Z
balancing_energy_bids,27,2026-05-23T08:30:00,PT15M,2026-05-23T08:45Z,2026-05-23T08:30Z,85,1,2,10Y1001C--00090V,AUCTION-aFRR,B74,10YSK-SEPS-----K,EUR,A01,A01,20260523043-AFRR_P-UNIT_097-1,MWH,MAW,A01,A06,2026-05-23T08:45Z,2026-05-23T08:30Z
balancing_energy_bids,28,2026-05-23T08:30:00,PT15M,2026-05-23T08:45Z,2026-05-23T08:30Z,117,1,1,10Y1001C--00090V,AUCTION-aFRR,B74,10YSK-SEPS-----K,EUR,A01,A01,20260523043-AFRR_P-UNIT_019-1,MWH,MAW,A01,A06,2026-05-23T08:45Z,2026-05-23T08:30Z
balancing_energy_bids,29,2026-05-23T08:30:00,PT15M,2026-05-23T08:45Z,2026-05-23T08:30Z,300,1,1,10Y1001C--00090V,AUCTION-aFRR,B74,10YSK-SEPS-----K,EUR,A01,A01,20260523043-AFRR_P-UNIT_106-1,MWH,MAW,A01,A11,2026-05-23T08:45Z,2026-05-23T08:30Z
balancing_energy_bids,30,2026-05-23T08:30:00,PT15M,2026-05-23T08:45Z,2026-05-23T08:30Z,189,1,8,10Y1001C--00090V,AUCTION-aFRR,B74,10YSK-SEPS-----K,EUR,A01,A01,20260523043-AFRR_P-UNIT_123-1,MWH,MAW,A01,A06,2026-05-23T08:45Z,2026-05-23T08:30Z
balancing_energy_bids,31,2026-05-23T08:30:00,PT15M,2026-05-23T08:45Z,2026-05-23T08:30Z,-5,1,1,10Y1001C--00090V,AUCTION-aFRR,B74,10YSK-SEPS-----K,EUR,A01,A02,20260523043-AFRR_N-UNIT_068-1,MWH,MAW,A01,A11,2026-05-23T08:45Z,2026-05-23T08:30Z
balancing_energy_bids,32,2026-05-23T08:30:00,PT15M,2026-05-23T08:45Z,2026-05-23T08:30Z,-30,1,6,10Y1001C--00090V,AUCTION-aFRR,B74,10YSK-SEPS-----K,EUR,A01,A02,20260523043-AFRR_N-UNIT_052-1,MWH,MAW,A01,A06,2026-05-23T08:45Z,2026-05-23T08:30Z
balancing_energy_bids,33,2026-05-23T08:30:00,PT15M,2026-05-23T08:45Z,2026-05-23T08:30Z,-144,1,5,10Y1001C--00090V,AUCTION-aFRR,B74,10YSK-SEPS-----K,EUR,A01,A02,20260523043-AFRR_N-UNIT_051-1,MWH,MAW,A01,A06,2026-05-23T08:45Z,2026-05-23T08:30Z
balancing_energy_bids,34,2026-05-23T08:30:00,PT15M,2026-05-23T08:45Z,2026-05-23T08:30Z,-250,1,12,10Y1001C--00090V,AUCTION-aFRR,B74,10YSK-SEPS-----K,EUR,A01,A02,20260523043-AFRR_N-UNIT_069-1,MWH,MAW,A01,A06,2026-05-23T08:45Z,2026-05-23T08:30Z
balancing_energy_bids,35,2026-05-23T08:30:00,PT15M,2026-05-23T08:45Z,2026-05-23T08:30Z,-50,1,2,10Y1001C--00090V,AUCTION-aFRR,B74,10YSK-SEPS-----K,EUR,A01,A02,20260523043-AFRR_N-UNIT_058-1,MWH,MAW,A01,A06,2026-05-23T08:45Z,2026-05-23T08:30Z
balancing_energy_bids,36,2026-05-23T08:30:00,PT15M,2026-05-23T08:45Z,2026-05-23T08:30Z,-10,1,8,10Y1001C--00090V,AUCTION-aFRR,B74,10YSK-SEPS-----K,EUR,A01,A02,20260523043-AFRR_N-UNIT_013-1,MWH,MAW,A01,A06,2026-05-23T08:45Z,2026-05-23T08:30Z
balancing_energy_bids,37,2026-05-23T08:30:00,PT15M,2026-05-23T08:45Z,2026-05-23T08:30Z,-10,1,30,10Y1001C--00090V,AUCTION-aFRR,B74,10YSK-SEPS-----K,EUR,A01,A02,20260523043-AFRR_N-UNIT_010-1,MWH,MAW,A01,A06,2026-05-23T08:45Z,2026-05-23T08:30Z
balancing_energy_bids,38,2026-05-23T08:30:00,PT15M,2026-05-23T08:45Z,2026-05-23T08:30Z,10,1,2,10Y1001C--00090V,AUCTION-aFRR,B74,10YSK-SEPS-----K,EUR,A01,A02,20260523043-AFRR_N-UNIT_043-1,MWH,MAW,A01,A06,2026-05-23T08:45Z,2026-05-23T08:30Z
balancing_energy_bids,39,2026-05-23T08:30:00,PT15M,2026-05-23T08:45Z,2026-05-23T08:30Z,0,1,4,10Y1001C--00090V,AUCTION-aFRR,B74,10YSK-SEPS-----K,EUR,A01,A02,20260523043-AFRR_N-UNIT_104-1,MWH,MAW,A01,A06,2026-05-23T08:45Z,2026-05-23T08:30Z
balancing_energy_bids,40,2026-05-23T08:30:00,PT15M,2026-05-23T08:45Z,2026-05-23T08:30Z,-260.3,1,3,10Y1001C--00090V,AUCTION-aFRR,B74,10YSK-SEPS-----K,EUR,A01,A02,20260523043-AFRR_N-UNIT_089-1,MWH,MAW,A01,A06,2026-05-23T08:45Z,2026-05-23T08:30Z
balancing_energy_bids,41,2026-05-23T08:30:00,PT15M,2026-05-23T08:45Z,2026-05-23T08:30Z,-50,1,5,10Y1001C--00090V,AUCTION-aFRR,B74,10YSK-SEPS-----K,EUR,A01,A02,20260523043-AFRR_N-UNIT_097-1,MWH,MAW,A01,A06,2026-05-23T08:45Z,2026-05-23T08:30Z
balancing_energy_bids,42,2026-05-23T08:30:00,PT15M,2026-05-23T08:45Z,2026-05-23T08:30Z,-199,1,1,10Y1001C--00090V,AUCTION-aFRR,B74,10YSK-SEPS-----K,EUR,A01,A02,20260523043-AFRR_N-UNIT_019-1,MWH,MAW,A01,A11,2026-05-23T08:45Z,2026-05-23T08:30Z
balancing_energy_bids,43,2026-05-23T08:30:00,PT15M,2026-05-23T08:45Z,2026-05-23T08:30Z,-19,1,1,10Y1001C--00090V,AUCTION-aFRR,B74,10YSK-SEPS-----K,EUR,A01,A02,20260523043-AFRR_N-UNIT_106-1,MWH,MAW,A01,A06,2026-05-23T08:45Z,2026-05-23T08:30Z
balancing_energy_bids,44,2026-05-23T08:30:00,PT15M,2026-05-23T08:45Z,2026-05-23T08:30Z,-5,1,5,10Y1001C--00090V,AUCTION-aFRR,B74,10YSK-SEPS-----K,EUR,A01,A02,20260523043-AFRR_N-UNIT_123-1,MWH,MAW,A01,A06,2026-05-23T08:45Z,2026-05-23T08:30Z
balancing_energy_bids,45,2026-05-23T08:45:00,PT15M,2026-05-23T09:00Z,2026-05-23T08:45Z,5,1,5,10Y1001C--00090V,AUCTION-aFRR,B74,10YSK-SEPS-----K,EUR,A01,A01,20260523044-AFRR_P-UNIT_028-1,MWH,MAW,A01,A06,2026-05-23T09:00Z,2026-05-23T08:45Z
balancing_energy_bids,46,2026-05-23T08:45:00,PT15M,2026-05-23T09:00Z,2026-05-23T08:45Z,-55,1,5,10Y1001C--00090V,AUCTION-aFRR,B74,10YSK-SEPS-----K,EUR,A01,A02,20260523044-AFRR_N-UNIT_028-1,MWH,MAW,A01,A06,2026-05-23T09:00Z,2026-05-23T08:45Z
balancing_energy_bids,47,2026-05-23T08:45:00,PT15M,2026-05-23T09:00Z,2026-05-23T08:45Z,132,1,1,10Y1001C--00090V,AUCTION-aFRR,B74,10YSK-SEPS-----K,EUR,A01,A01,20260523044-AFRR_P-UNIT_068-1,MWH,MAW,A01,A11,2026-05-23T09:00Z,2026-05-23T08:45Z
balancing_energy_bids,48,2026-05-23T08:45:00,PT15M,2026-05-23T09:00Z,2026-05-23T08:45Z,140,1,31,10Y1001C--00090V,AUCTION-aFRR,B74,10YSK-SEPS-----K,EUR,A01,A01,20260523044-AFRR_P-UNIT_052-1,MWH,MAW,A01,A06,2026-05-23T09:00Z,2026-05-23T08:45Z
balancing_energy_bids,49,2026-05-23T08:45:00,PT15M,2026-05-23T09:00Z,2026-05-23T08:45Z,500,1,10,10Y1001C--00090V,AUCTION-aFRR,B74,10YSK-SEPS-----K,EUR,A01,A01,20260523044-AFRR_P-UNIT_047-1,MWH,MAW,A01,A06,2026-05-23T09:00Z,2026-05-23T08:45Z
balancing_energy_bids,50,2026-05-23T08:45:00,PT15M,2026-05-23T09:00Z,2026-05-23T08:45Z,350,1,17,10Y1001C--00090V,AUCTION-aFRR,B74,10YSK-SEPS-----K,EUR,A01,A01,20260523044-AFRR_P-UNIT_051-1,MWH,MAW,A01,A06,2026-05-23T09:00Z,2026-05-23T08:45Z
balancing_energy_bids,51,2026-05-23T08:45:00,PT15M,2026-05-23T09:00Z,2026-05-23T08:45Z,135,1,15,10Y1001C--00090V,AUCTION-aFRR,B74,10YSK-SEPS-----K,EUR,A01,A01,20260523044-AFRR_P-UNIT_069-1,MWH,MAW,A01,A06,2026-05-23T09:00Z,2026-05-23T08:45Z
balancing_energy_bids,52,2026-05-23T08:45:00,PT15M,2026-05-23T09:00Z,2026-05-23T08:45Z,200,1,1,10Y1001C--00090V,AUCTION-aFRR,B74,10YSK-SEPS-----K,EUR,A01,A01,20260523044-AFRR_P-UNIT_058-1,MWH,MAW,A01,A11,2026-05-23T09:00Z,2026-05-23T08:45Z
balancing_energy_bids,53,2026-05-23T08:45:00,PT15M,2026-05-23T09:00Z,2026-05-23T08:45Z,190.07,1,20,10Y1001C--00090V,AUCTION-aFRR,B74,10YSK-SEPS-----K,EUR,A01,A01,20260523044-AFRR_P-UNIT_013-1,MWH,MAW,A01,A06,2026-05-23T09:00Z,2026-05-23T08:45Z
balancing_energy_bids,54,2026-05-23T08:45:00,PT15M,2026-05-23T09:00Z,2026-05-23T08:45Z,105,1,5,10Y1001C--00090V,AUCTION-aFRR,B74,10YSK-SEPS-----K,EUR,A01,A01,20260523044-AFRR_P-UNIT_062-1,MWH,MAW,A01,A06,2026-05-23T09:00Z,2026-05-23T08:45Z
balancing_energy_bids,55,2026-05-23T08:45:00,PT15M,2026-05-23T09:00Z,2026-05-23T08:45Z,105,1,3,10Y1001C--00090V,AUCTION-aFRR,B74,10YSK-SEPS-----K,EUR,A01,A01,20260523044-AFRR_P-UNIT_043-1,MWH,MAW,A01,A06,2026-05-23T09:00Z,2026-05-23T08:45Z
balancing_energy_bids,56,2026-05-23T08:45:00,PT15M,2026-05-23T09:00Z,2026-05-23T08:45Z,110,1,10,10Y1001C--00090V,AUCTION-aFRR,B74,10YSK-SEPS-----K,EUR,A01,A01,20260523044-AFRR_P-UNIT_063-1,MWH,MAW,A01,A06,2026-05-23T09:00Z,2026-05-23T08:45Z
balancing_energy_bids,57,2026-05-23T08:45:00,PT15M,2026-05-23T09:00Z,2026-05-23T08:45Z,749,1,3,10Y1001C--00090V,AUCTION-aFRR,B74,10YSK-SEPS-----K,EUR,A01,A01,20260523044-AFRR_P-UNIT_078-1,MWH,MAW,A01,A06,2026-05-23T09:00Z,2026-05-23T08:45Z
balancing_energy_bids,58,2026-05-23T08:45:00,PT15M,2026-05-23T09:00Z,2026-05-23T08:45Z,750,1,11,10Y1001C--00090V,AUCTION-aFRR,B74,10YSK-SEPS-----K,EUR,A01,A01,20260523044-AFRR_P-UNIT_104-1,MWH,MAW,A01,A06,2026-05-23T09:00Z,2026-05-23T08:45Z
balancing_energy_bids,59,2026-05-23T08:45:00,PT15M,2026-05-23T09:00Z,2026-05-23T08:45Z,85,1,2,10Y1001C--00090V,AUCTION-aFRR,B74,10YSK-SEPS-----K,EUR,A01,A01,20260523044-AFRR_P-UNIT_097-1,MWH,MAW,A01,A06,2026-05-23T09:00Z,2026-05-23T08:45Z
balancing_energy_bids,60,2026-05-23T08:45:00,PT15M,2026-05-23T09:00Z,2026-05-23T08:45Z,115,1,1,10Y1001C--00090V,AUCTION-aFRR,B74,10YSK-SEPS-----K,EUR,A01,A01,20260523044-AFRR_P-UNIT_019-1,MWH,MAW,A01,A06,2026-05-23T09:00Z,2026-05-23T08:45Z
balancing_energy_bids,61,2026-05-23T08:45:00,PT15M,2026-05-23T09:00Z,2026-05-23T08:45Z,300,1,1,10Y1001C--00090V,AUCTION-aFRR,B74,10YSK-SEPS-----K,EUR,A01,A01,20260523044-AFRR_P-UNIT_106-1,MWH,MAW,A01,A11,2026-05-23T09:00Z,2026-05-23T08:45Z
balancing_energy_bids,62,2026-05-23T08:45:00,PT15M,2026-05-23T09:00Z,2026-05-23T08:45Z,189,1,8,10Y1001C--00090V,AUCTION-aFRR,B74,10YSK-SEPS-----K,EUR,A01,A01,20260523044-AFRR_P-UNIT_123-1,MWH,MAW,A01,A06,2026-05-23T09:00Z,2026-05-23T08:45Z
balancing_energy_bids,63,2026-05-23T08:45:00,PT15M,2026-05-23T09:00Z,2026-05-23T08:45Z,-5,1,1,10Y1001C--00090V,AUCTION-aFRR,B74,10YSK-SEPS-----K,EUR,A01,A02,20260523044-AFRR_N-UNIT_068-1,MWH,MAW,A01,A11,2026-05-23T09:00Z,2026-05-23T08:45Z
balancing_energy_bids,64,2026-05-23T08:45:00,PT15M,2026-05-23T09:00Z,2026-05-23T08:45Z,-30,1,6,10Y1001C--00090V,AUCTION-aFRR,B74,10YSK-SEPS-----K,EUR,A01,A02,20260523044-AFRR_N-UNIT_052-1,MWH,MAW,A01,A06,2026-05-23T09:00Z,2026-05-23T08:45Z
balancing_energy_bids,65,2026-05-23T08:45:00,PT15M,2026-05-23T09:00Z,2026-05-23T08:45Z,-144,1,5,10Y1001C--00090V,AUCTION-aFRR,B74,10YSK-SEPS-----K,EUR,A01,A02,20260523044-AFRR_N-UNIT_051-1,MWH,MAW,A01,A06,2026-05-23T09:00Z,2026-05-23T08:45Z
balancing_energy_bids,66,2026-05-23T08:45:00,PT15M,2026-05-23T09:00Z,2026-05-23T08:45Z,-250,1,12,10Y1001C--00090V,AUCTION-aFRR,B74,10YSK-SEPS-----K,EUR,A01,A02,20260523044-AFRR_N-UNIT_069-1,MWH,MAW,A01,A06,2026-05-23T09:00Z,2026-05-23T08:45Z
balancing_energy_bids,67,2026-05-23T08:45:00,PT15M,2026-05-23T09:00Z,2026-05-23T08:45Z,-50,1,2,10Y1001C--00090V,AUCTION-aFRR,B74,10YSK-SEPS-----K,EUR,A01,A02,20260523044-AFRR_N-UNIT_058-1,MWH,MAW,A01,A06,2026-05-23T09:00Z,2026-05-23T08:45Z
balancing_energy_bids,68,2026-05-23T08:45:00,PT15M,2026-05-23T09:00Z,2026-05-23T08:45Z,-10,1,8,10Y1001C--00090V,AUCTION-aFRR,B74,10YSK-SEPS-----K,EUR,A01,A02,20260523044-AFRR_N-UNIT_013-1,MWH,MAW,A01,A06,2026-05-23T09:00Z,2026-05-23T08:45Z
balancing_energy_bids,69,2026-05-23T08:45:00,PT15M,2026-05-23T09:00Z,2026-05-23T08:45Z,-10,1,30,10Y1001C--00090V,AUCTION-aFRR,B74,10YSK-SEPS-----K,EUR,A01,A02,20260523044-AFRR_N-UNIT_010-1,MWH,MAW,A01,A06,2026-05-23T09:00Z,2026-05-23T08:45Z
balancing_energy_bids,70,2026-05-23T08:45:00,PT15M,2026-05-23T09:00Z,2026-05-23T08:45Z,10,1,2,10Y1001C--00090V,AUCTION-aFRR,B74,10YSK-SEPS-----K,EUR,A01,A02,20260523044-AFRR_N-UNIT_043-1,MWH,MAW,A01,A06,2026-05-23T09:00Z,2026-05-23T08:45Z
balancing_energy_bids,71,2026-05-23T08:45:00,PT15M,2026-05-23T09:00Z,2026-05-23T08:45Z,0,1,4,10Y1001C--00090V,AUCTION-aFRR,B74,10YSK-SEPS-----K,EUR,A01,A02,20260523044-AFRR_N-UNIT_104-1,MWH,MAW,A01,A06,2026-05-23T09:00Z,2026-05-23T08:45Z
balancing_energy_bids,72,2026-05-23T08:45:00,PT15M,2026-05-23T09:00Z,2026-05-23T08:45Z,-261,1,3,10Y1001C--00090V,AUCTION-aFRR,B74,10YSK-SEPS-----K,EUR,A01,A02,20260523044-AFRR_N-UNIT_089-1,MWH,MAW,A01,A06,2026-05-23T09:00Z,2026-05-23T08:45Z
balancing_energy_bids,73,2026-05-23T08:45:00,PT15M,2026-05-23T09:00Z,2026-05-23T08:45Z,-50,1,5,10Y1001C--00090V,AUCTION-aFRR,B74,10YSK-SEPS-----K,EUR,A01,A02,20260523044-AFRR_N-UNIT_097-1,MWH,MAW,A01,A06,2026-05-23T09:00Z,2026-05-23T08:45Z
balancing_energy_bids,74,2026-05-23T08:45:00,PT15M,2026-05-23T09:00Z,2026-05-23T08:45Z,-199,1,1,10Y1001C--00090V,AUCTION-aFRR,B74,10YSK-SEPS-----K,EUR,A01,A02,20260523044-AFRR_N-UNIT_019-1,MWH,MAW,A01,A11,2026-05-23T09:00Z,2026-05-23T08:45Z
balancing_energy_bids,75,2026-05-23T08:45:00,PT15M,2026-05-23T09:00Z,2026-05-23T08:45Z,-19,1,1,10Y1001C--00090V,AUCTION-aFRR,B74,10YSK-SEPS-----K,EUR,A01,A02,20260523044-AFRR_N-UNIT_106-1,MWH,MAW,A01,A06,2026-05-23T09:00Z,2026-05-23T08:45Z
balancing_energy_bids,76,2026-05-23T08:45:00,PT15M,2026-05-23T09:00Z,2026-05-23T08:45Z,-5,1,5,10Y1001C--00090V,AUCTION-aFRR,B74,10YSK-SEPS-----K,EUR,A01,A02,20260523044-AFRR_N-UNIT_123-1,MWH,MAW,A01,A06,2026-05-23T09:00Z,2026-05-23T08:45Z
balancing_energy_bids,77,2026-05-23T09:00:00,PT15M,2026-05-23T09:15Z,2026-05-23T09:00Z,5,1,5,10Y1001C--00090V,AUCTION-aFRR,B74,10YSK-SEPS-----K,EUR,A01,A01,20260523045-AFRR_P-UNIT_028-1,MWH,MAW,A01,A06,2026-05-23T09:15Z,2026-05-23T09:00Z
balancing_energy_bids,78,2026-05-23T09:00:00,PT15M,2026-05-23T09:15Z,2026-05-23T09:00Z,-55,1,5,10Y1001C--00090V,AUCTION-aFRR,B74,10YSK-SEPS-----K,EUR,A01,A02,20260523045-AFRR_N-UNIT_028-1,MWH,MAW,A01,A06,2026-05-23T09:15Z,2026-05-23T09:00Z
balancing_energy_bids,79,2026-05-23T09:00:00,PT15M,2026-05-23T09:15Z,2026-05-23T09:00Z,132,1,1,10Y1001C--00090V,AUCTION-aFRR,B74,10YSK-SEPS-----K,EUR,A01,A01,20260523045-AFRR_P-UNIT_068-1,MWH,MAW,A01,A11,2026-05-23T09:15Z,2026-05-23T09:00Z
balancing_energy_bids,80,2026-05-23T09:00:00,PT15M,2026-05-23T09:15Z,2026-05-23T09:00Z,140,1,31,10Y1001C--00090V,AUCTION-aFRR,B74,10YSK-SEPS-----K,EUR,A01,A01,20260523045-AFRR_P-UNIT_052-1,MWH,MAW,A01,A06,2026-05-23T09:15Z,2026-05-23T09:00Z
balancing_energy_bids,81,2026-05-23T09:00:00,PT15M,2026-05-23T09:15Z,2026-05-23T09:00Z,500,1,10,10Y1001C--00090V,AUCTION-aFRR,B74,10YSK-SEPS-----K,EUR,A01,A01,20260523045-AFRR_P-UNIT_047-1,MWH,MAW,A01,A06,2026-05-23T09:15Z,2026-05-23T09:00Z
balancing_energy_bids,82,2026-05-23T09:00:00,PT15M,2026-05-23T09:15Z,2026-05-23T09:00Z,350,1,17,10Y1001C--00090V,AUCTION-aFRR,B74,10YSK-SEPS-----K,EUR,A01,A01,20260523045-AFRR_P-UNIT_051-1,MWH,MAW,A01,A06,2026-05-23T09:15Z,2026-05-23T09:00Z
balancing_energy_bids,83,2026-05-23T09:00:00,PT15M,2026-05-23T09:15Z,2026-05-23T09:00Z,135,1,15,10Y1001C--00090V,AUCTION-aFRR,B74,10YSK-SEPS-----K,EUR,A01,A01,20260523045-AFRR_P-UNIT_069-1,MWH,MAW,A01,A06,2026-05-23T09:15Z,2026-05-23T09:00Z
balancing_energy_bids,84,2026-05-23T09:00:00,PT15M,2026-05-23T09:15Z,2026-05-23T09:00Z,200,1,1,10Y1001C--00090V,AUCTION-aFRR,B74,10YSK-SEPS-----K,EUR,A01,A01,20260523045-AFRR_P-UNIT_058-1,MWH,MAW,A01,A11,2026-05-23T09:15Z,2026-05-23T09:00Z
balancing_energy_bids,85,2026-05-23T09:00:00,PT15M,2026-05-23T09:15Z,2026-05-23T09:00Z,190.07,1,20,10Y1001C--00090V,AUCTION-aFRR,B74,10YSK-SEPS-----K,EUR,A01,A01,20260523045-AFRR_P-UNIT_013-1,MWH,MAW,A01,A06,2026-05-23T09:15Z,2026-05-23T09:00Z
balancing_energy_bids,86,2026-05-23T09:00:00,PT15M,2026-05-23T09:15Z,2026-05-23T09:00Z,105,1,5,10Y1001C--00090V,AUCTION-aFRR,B74,10YSK-SEPS-----K,EUR,A01,A01,20260523045-AFRR_P-UNIT_062-1,MWH,MAW,A01,A06,2026-05-23T09:15Z,2026-05-23T09:00Z
balancing_energy_bids,87,2026-05-23T09:00:00,PT15M,2026-05-23T09:15Z,2026-05-23T09:00Z,105,1,3,10Y1001C--00090V,AUCTION-aFRR,B74,10YSK-SEPS-----K,EUR,A01,A01,20260523045-AFRR_P-UNIT_043-1,MWH,MAW,A01,A06,2026-05-23T09:15Z,2026-05-23T09:00Z
balancing_energy_bids,88,2026-05-23T09:00:00,PT15M,2026-05-23T09:15Z,2026-05-23T09:00Z,110,1,10,10Y1001C--00090V,AUCTION-aFRR,B74,10YSK-SEPS-----K,EUR,A01,A01,20260523045-AFRR_P-UNIT_063-1,MWH,MAW,A01,A06,2026-05-23T09:15Z,2026-05-23T09:00Z
balancing_energy_bids,89,2026-05-23T09:00:00,PT15M,2026-05-23T09:15Z,2026-05-23T09:00Z,749,1,3,10Y1001C--00090V,AUCTION-aFRR,B74,10YSK-SEPS-----K,EUR,A01,A01,20260523045-AFRR_P-UNIT_078-1,MWH,MAW,A01,A06,2026-05-23T09:15Z,2026-05-23T09:00Z
balancing_energy_bids,90,2026-05-23T09:00:00,PT15M,2026-05-23T09:15Z,2026-05-23T09:00Z,750,1,11,10Y1001C--00090V,AUCTION-aFRR,B74,10YSK-SEPS-----K,EUR,A01,A01,20260523045-AFRR_P-UNIT_104-1,MWH,MAW,A01,A06,2026-05-23T09:15Z,2026-05-23T09:00Z
balancing_energy_bids,91,2026-05-23T09:00:00,PT15M,2026-05-23T09:15Z,2026-05-23T09:00Z,85,1,2,10Y1001C--00090V,AUCTION-aFRR,B74,10YSK-SEPS-----K,EUR,A01,A01,20260523045-AFRR_P-UNIT_097-1,MWH,MAW,A01,A06,2026-05-23T09:15Z,2026-05-23T09:00Z
balancing_energy_bids,92,2026-05-23T09:00:00,PT15M,2026-05-23T09:15Z,2026-05-23T09:00Z,123,1,1,10Y1001C--00090V,AUCTION-aFRR,B74,10YSK-SEPS-----K,EUR,A01,A01,20260523045-AFRR_P-UNIT_019-1,MWH,MAW,A01,A06,2026-05-23T09:15Z,2026-05-23T09:00Z
balancing_energy_bids,93,2026-05-23T09:00:00,PT15M,2026-05-23T09:15Z,2026-05-23T09:00Z,300,1,1,10Y1001C--00090V,AUCTION-aFRR,B74,10YSK-SEPS-----K,EUR,A01,A01,20260523045-AFRR_P-UNIT_106-1,MWH,MAW,A01,A11,2026-05-23T09:15Z,2026-05-23T09:00Z
balancing_energy_bids,94,2026-05-23T09:00:00,PT15M,2026-05-23T09:15Z,2026-05-23T09:00Z,189,1,8,10Y1001C--00090V,AUCTION-aFRR,B74,10YSK-SEPS-----K,EUR,A01,A01,20260523045-AFRR_P-UNIT_123-1,MWH,MAW,A01,A06,2026-05-23T09:15Z,2026-05-23T09:00Z
balancing_energy_bids,95,2026-05-23T09:00:00,PT15M,2026-05-23T09:15Z,2026-05-23T09:00Z,-5,1,1,10Y1001C--00090V,AUCTION-aFRR,B74,10YSK-SEPS-----K,EUR,A01,A02,20260523045-AFRR_N-UNIT_068-1,MWH,MAW,A01,A11,2026-05-23T09:15Z,2026-05-23T09:00Z
balancing_energy_bids,96,2026-05-23T09:00:00,PT15M,2026-05-23T09:15Z,2026-05-23T09:00Z,-30,1,6,10Y1001C--00090V,AUCTION-aFRR,B74,10YSK-SEPS-----K,EUR,A01,A02,20260523045-AFRR_N-UNIT_052-1,MWH,MAW,A01,A06,2026-05-23T09:15Z,2026-05-23T09:00Z
balancing_energy_bids,97,2026-05-23T09:00:00,PT15M,2026-05-23T09:15Z,2026-05-23T09:00Z,-144,1,5,10Y1001C--00090V,AUCTION-aFRR,B74,10YSK-SEPS-----K,EUR,A01,A02,20260523045-AFRR_N-UNIT_051-1,MWH,MAW,A01,A06,2026-05-23T09:15Z,2026-05-23T09:00Z
balancing_energy_bids,98,2026-05-23T09:00:00,PT15M,2026-05-23T09:15Z,2026-05-23T09:00Z,-250,1,12,10Y1001C--00090V,AUCTION-aFRR,B74,10YSK-SEPS-----K,EUR,A01,A02,20260523045-AFRR_N-UNIT_069-1,MWH,MAW,A01,A06,2026-05-23T09:15Z,2026-05-23T09:00Z
balancing_energy_bids,99,2026-05-23T09:00:00,PT15M,2026-05-23T09:15Z,2026-05-23T09:00Z,-50,1,2,10Y1001C--00090V,AUCTION-aFRR,B74,10YSK-SEPS-----K,EUR,A01,A02,20260523045-AFRR_N-UNIT_058-1,MWH,MAW,A01,A06,2026-05-23T09:15Z,2026-05-23T09:00Z
balancing_energy_bids,100,2026-05-23T09:00:00,PT15M,2026-05-23T09:15Z,2026-05-23T09:00Z,-10,1,8,10Y1001C--00090V,AUCTION-aFRR,B74,10YSK-SEPS-----K,EUR,A01,A02,20260523045-AFRR_N-UNIT_013-1,MWH,MAW,A01,A06,2026-05-23T09:15Z,2026-05-23T09:00Z
balancing_energy_bids,1,2026-05-23T09:00:00,PT15M,2026-05-23T09:15Z,2026-05-23T09:00Z,-10,1,30,10Y1001C--00090V,AUCTION-aFRR,B74,10YSK-SEPS-----K,EUR,A01,A02,20260523045-AFRR_N-UNIT_010-1,MWH,MAW,A01,A06,2026-05-23T09:15Z,2026-05-23T09:00Z
balancing_energy_bids,2,2026-05-23T09:00:00,PT15M,2026-05-23T09:15Z,2026-05-23T09:00Z,10,1,2,10Y1001C--00090V,AUCTION-aFRR,B74,10YSK-SEPS-----K,EUR,A01,A02,20260523045-AFRR_N-UNIT_043-1,MWH,MAW,A01,A06,2026-05-23T09:15Z,2026-05-23T09:00Z
balancing_energy_bids,3,2026-05-23T09:00:00,PT15M,2026-05-23T09:15Z,2026-05-23T09:00Z,0,1,4,10Y1001C--00090V,AUCTION-aFRR,B74,10YSK-SEPS-----K,EUR,A01,A02,20260523045-AFRR_N-UNIT_104-1,MWH,MAW,A01,A06,2026-05-23T09:15Z,2026-05-23T09:00Z
balancing_energy_bids,4,2026-05-23T09:00:00,PT15M,2026-05-23T09:15Z,2026-05-23T09:00Z,-262.25,1,3,10Y1001C--00090V,AUCTION-aFRR,B74,10YSK-SEPS-----K,EUR,A01,A02,20260523045-AFRR_N-UNIT_089-1,MWH,MAW,A01,A06,2026-05-23T09:15Z,2026-05-23T09:00Z
balancing_energy_bids,5,2026-05-23T09:00:00,PT15M,2026-05-23T09:15Z,2026-05-23T09:00Z,-50,1,5,10Y1001C--00090V,AUCTION-aFRR,B74,10YSK-SEPS-----K,EUR,A01,A02,20260523045-AFRR_N-UNIT_097-1,MWH,MAW,A01,A06,2026-05-23T09:15Z,2026-05-23T09:00Z
balancing_energy_bids,6,2026-05-23T09:00:00,PT15M,2026-05-23T09:15Z,2026-05-23T09:00Z,-199,1,1,10Y1001C--00090V,AUCTION-aFRR,B74,10YSK-SEPS-----K,EUR,A01,A02,20260523045-AFRR_N-UNIT_019-1,MWH,MAW,A01,A11,2026-05-23T09:15Z,2026-05-23T09:00Z
balancing_energy_bids,7,2026-05-23T09:00:00,PT15M,2026-05-23T09:15Z,2026-05-23T09:00Z,-19,1,1,10Y1001C--00090V,AUCTION-aFRR,B74,10YSK-SEPS-----K,EUR,A01,A02,20260523045-AFRR_N-UNIT_106-1,MWH,MAW,A01,A06,2026-05-23T09:15Z,2026-05-23T09:00Z
balancing_energy_bids,8,2026-05-23T09:00:00,PT15M,2026-05-23T09:15Z,2026-05-23T09:00Z,-5,1,5,10Y1001C--00090V,AUCTION-aFRR,B74,10YSK-SEPS-----K,EUR,A01,A02,20260523045-AFRR_N-UNIT_123-1,MWH,MAW,A01,A06,2026-05-23T09:15Z,2026-05-23T09:00Z
balancing_energy_bids,9,2026-05-23T09:15:00,PT15M,2026-05-23T09:30Z,2026-05-23T09:15Z,5,1,5,10Y1001C--00090V,AUCTION-aFRR,B74,10YSK-SEPS-----K,EUR,A01,A01,20260523046-AFRR_P-UNIT_028-1,MWH,MAW,A01,A06,2026-05-23T09:30Z,2026-05-23T09:15Z
balancing_energy_bids,10,2026-05-23T09:15:00,PT15M,2026-05-23T09:30Z,2026-05-23T09:15Z,-55,1,5,10Y1001C--00090V,AUCTION-aFRR,B74,10YSK-SEPS-----K,EUR,A01,A02,20260523046-AFRR_N-UNIT_028-1,MWH,MAW,A01,A06,2026-05-23T09:30Z,2026-05-23T09:15Z
balancing_energy_bids,11,2026-05-23T09:15:00,PT15M,2026-05-23T09:30Z,2026-05-23T09:15Z,132,1,1,10Y1001C--00090V,AUCTION-aFRR,B74,10YSK-SEPS-----K,EUR,A01,A01,20260523046-AFRR_P-UNIT_068-1,MWH,MAW,A01,A11,2026-05-23T09:30Z,2026-05-23T09:15Z
balancing_energy_bids,12,2026-05-23T09:15:00,PT15M,2026-05-23T09:30Z,2026-05-23T09:15Z,140,1,31,10Y1001C--00090V,AUCTION-aFRR,B74,10YSK-SEPS-----K,EUR,A01,A01,20260523046-AFRR_P-UNIT_052-1,MWH,MAW,A01,A06,2026-05-23T09:30Z,2026-05-23T09:15Z
balancing_energy_bids,13,2026-05-23T09:15:00,PT15M,2026-05-23T09:30Z,2026-05-23T09:15Z,500,1,10,10Y1001C--00090V,AUCTION-aFRR,B74,10YSK-SEPS-----K,EUR,A01,A01,20260523046-AFRR_P-UNIT_047-1,MWH,MAW,A01,A06,2026-05-23T09:30Z,2026-05-23T09:15Z
balancing_energy_bids,14,2026-05-23T09:15:00,PT15M,2026-05-23T09:30Z,2026-05-23T09:15Z,350,1,17,10Y1001C--00090V,AUCTION-aFRR,B74,10YSK-SEPS-----K,EUR,A01,A01,20260523046-AFRR_P-UNIT_051-1,MWH,MAW,A01,A06,2026-05-23T09:30Z,2026-05-23T09:15Z
balancing_energy_bids,15,2026-05-23T09:15:00,PT15M,2026-05-23T09:30Z,2026-05-23T09:15Z,135,1,15,10Y1001C--00090V,AUCTION-aFRR,B74,10YSK-SEPS-----K,EUR,A01,A01,20260523046-AFRR_P-UNIT_069-1,MWH,MAW,A01,A06,2026-05-23T09:30Z,2026-05-23T09:15Z
balancing_energy_bids,16,2026-05-23T09:15:00,PT15M,2026-05-23T09:30Z,2026-05-23T09:15Z,200,1,1,10Y1001C--00090V,AUCTION-aFRR,B74,10YSK-SEPS-----K,EUR,A01,A01,20260523046-AFRR_P-UNIT_058-1,MWH,MAW,A01,A11,2026-05-23T09:30Z,2026-05-23T09:15Z
balancing_energy_bids,17,2026-05-23T09:15:00,PT15M,2026-05-23T09:30Z,2026-05-23T09:15Z,190.07,1,20,10Y1001C--00090V,AUCTION-aFRR,B74,10YSK-SEPS-----K,EUR,A01,A01,20260523046-AFRR_P-UNIT_013-1,MWH,MAW,A01,A06,2026-05-23T09:30Z,2026-05-23T09:15Z
balancing_energy_bids,18,2026-05-23T09:15:00,PT15M,2026-05-23T09:30Z,2026-05-23T09:15Z,105,1,5,10Y1001C--00090V,AUCTION-aFRR,B74,10YSK-SEPS-----K,EUR,A01,A01,20260523046-AFRR_P-UNIT_062-1,MWH,MAW,A01,A06,2026-05-23T09:30Z,2026-05-23T09:15Z
balancing_energy_bids,19,2026-05-23T09:15:00,PT15M,2026-05-23T09:30Z,2026-05-23T09:15Z,105,1,3,10Y1001C--00090V,AUCTION-aFRR,B74,10YSK-SEPS-----K,EUR,A01,A01,20260523046-AFRR_P-UNIT_043-1,MWH,MAW,A01,A06,2026-05-23T09:30Z,2026-05-23T09:15Z
balancing_energy_bids,20,2026-05-23T09:15:00,PT15M,2026-05-23T09:30Z,2026-05-23T09:15Z,110,1,10,10Y1001C--00090V,AUCTION-aFRR,B74,10YSK-SEPS-----K,EUR,A01,A01,20260523046-AFRR_P-UNIT_063-1,MWH,MAW,A01,A06,2026-05-23T09:30Z,2026-05-23T09:15Z
balancing_energy_bids,21,2026-05-23T09:15:00,PT15M,2026-05-23T09:30Z,2026-05-23T09:15Z,749,1,3,10Y1001C--00090V,AUCTION-aFRR,B74,10YSK-SEPS-----K,EUR,A01,A01,20260523046-AFRR_P-UNIT_078-1,MWH,MAW,A01,A06,2026-05-23T09:30Z,2026-05-23T09:15Z
balancing_energy_bids,22,2026-05-23T09:15:00,PT15M,2026-05-23T09:30Z,2026-05-23T09:15Z,750,1,11,10Y1001C--00090V,AUCTION-aFRR,B74,10YSK-SEPS-----K,EUR,A01,A01,20260523046-AFRR_P-UNIT_104-1,MWH,MAW,A01,A06,2026-05-23T09:30Z,2026-05-23T09:15Z
balancing_energy_bids,23,2026-05-23T09:15:00,PT15M,2026-05-23T09:30Z,2026-05-23T09:15Z,85,1,2,10Y1001C--00090V,AUCTION-aFRR,B74,10YSK-SEPS-----K,EUR,A01,A01,20260523046-AFRR_P-UNIT_097-1,MWH,MAW,A01,A06,2026-05-23T09:30Z,2026-05-23T09:15Z
balancing_energy_bids,24,2026-05-23T09:15:00,PT15M,2026-05-23T09:30Z,2026-05-23T09:15Z,119,1,1,10Y1001C--00090V,AUCTION-aFRR,B74,10YSK-SEPS-----K,EUR,A01,A01,20260523046-AFRR_P-UNIT_019-1,MWH,MAW,A01,A06,2026-05-23T09:30Z,2026-05-23T09:15Z
balancing_energy_bids,25,2026-05-23T09:15:00,PT15M,2026-05-23T09:30Z,2026-05-23T09:15Z,300,1,1,10Y1001C--00090V,AUCTION-aFRR,B74,10YSK-SEPS-----K,EUR,A01,A01,20260523046-AFRR_P-UNIT_106-1,MWH,MAW,A01,A11,2026-05-23T09:30Z,2026-05-23T09:15Z
balancing_energy_bids,26,2026-05-23T09:15:00,PT15M,2026-05-23T09:30Z,2026-05-23T09:15Z,189,1,8,10Y1001C--00090V,AUCTION-aFRR,B74,10YSK-SEPS-----K,EUR,A01,A01,20260523046-AFRR_P-UNIT_123-1,MWH,MAW,A01,A06,2026-05-23T09:30Z,2026-05-23T09:15Z
balancing_energy_bids,27,2026-05-23T09:15:00,PT15M,2026-05-23T09:30Z,2026-05-23T09:15Z,-5,1,1,10Y1001C--00090V,AUCTION-aFRR,B74,10YSK-SEPS-----K,EUR,A01,A02,20260523046-AFRR_N-UNIT_068-1,MWH,MAW,A01,A11,2026-05-23T09:30Z,2026-05-23T09:15Z
balancing_energy_bids,28,2026-05-23T09:15:00,PT15M,2026-05-23T09:30Z,2026-05-23T09:15Z,-30,1,6,10Y1001C--00090V,AUCTION-aFRR,B74,10YSK-SEPS-----K,EUR,A01,A02,20260523046-AFRR_N-UNIT_052-1,MWH,MAW,A01,A06,2026-05-23T09:30Z,2026-05-23T09:15Z
balancing_energy_bids,29,2026-05-23T09:15:00,PT15M,2026-05-23T09:30Z,2026-05-23T09:15Z,-144,1,5,10Y1001C--00090V,AUCTION-aFRR,B74,10YSK-SEPS-----K,EUR,A01,A02,20260523046-AFRR_N-UNIT_051-1,MWH,MAW,A01,A06,2026-05-23T09:30Z,2026-05-23T09:15Z
balancing_energy_bids,30,2026-05-23T09:15:00,PT15M,2026-05-23T09:30Z,2026-05-23T09:15Z,-250,1,12,10Y1001C--00090V,AUCTION-aFRR,B74,10YSK-SEPS-----K,EUR,A01,A02,20260523046-AFRR_N-UNIT_069-1,MWH,MAW,A01,A06,2026-05-23T09:30Z,2026-05-23T09:15Z
balancing_energy_bids,31,2026-05-23T09:15:00,PT15M,2026-05-23T09:30Z,2026-05-23T09:15Z,-50,1,2,10Y1001C--00090V,AUCTION-aFRR,B74,10YSK-SEPS-----K,EUR,A01,A02,20260523046-AFRR_N-UNIT_058-1,MWH,MAW,A01,A06,2026-05-23T09:30Z,2026-05-23T09:15Z
balancing_energy_bids,32,2026-05-23T09:15:00,PT15M,2026-05-23T09:30Z,2026-05-23T09:15Z,-10,1,8,10Y1001C--00090V,AUCTION-aFRR,B74,10YSK-SEPS-----K,EUR,A01,A02,20260523046-AFRR_N-UNIT_013-1,MWH,MAW,A01,A06,2026-05-23T09:30Z,2026-05-23T09:15Z
balancing_energy_bids,33,2026-05-23T09:15:00,PT15M,2026-05-23T09:30Z,2026-05-23T09:15Z,-10,1,30,10Y1001C--00090V,AUCTION-aFRR,B74,10YSK-SEPS-----K,EUR,A01,A02,20260523046-AFRR_N-UNIT_010-1,MWH,MAW,A01,A06,2026-05-23T09:30Z,2026-05-23T09:15Z
balancing_energy_bids,34,2026-05-23T09:15:00,PT15M,2026-05-23T09:30Z,2026-05-23T09:15Z,10,1,2,10Y1001C--00090V,AUCTION-aFRR,B74,10YSK-SEPS-----K,EUR,A01,A02,20260523046-AFRR_N-UNIT_043-1,MWH,MAW,A01,A06,2026-05-23T09:30Z,2026-05-23T09:15Z
balancing_energy_bids,35,2026-05-23T09:15:00,PT15M,2026-05-23T09:30Z,2026-05-23T09:15Z,0,1,4,10Y1001C--00090V,AUCTION-aFRR,B74,10YSK-SEPS-----K,EUR,A01,A02,20260523046-AFRR_N-UNIT_104-1,MWH,MAW,A01,A06,2026-05-23T09:30Z,2026-05-23T09:15Z
balancing_energy_bids,36,2026-05-23T09:15:00,PT15M,2026-05-23T09:30Z,2026-05-23T09:15Z,-262.35,1,3,10Y1001C--00090V,AUCTION-aFRR,B74,10YSK-SEPS-----K,EUR,A01,A02,20260523046-AFRR_N-UNIT_089-1,MWH,MAW,A01,A06,2026-05-23T09:30Z,2026-05-23T09:15Z
balancing_energy_bids,37,2026-05-23T09:15:00,PT15M,2026-05-23T09:30Z,2026-05-23T09:15Z,-50,1,5,10Y1001C--00090V,AUCTION-aFRR,B74,10YSK-SEPS-----K,EUR,A01,A02,20260523046-AFRR_N-UNIT_097-1,MWH,MAW,A01,A06,2026-05-23T09:30Z,2026-05-23T09:15Z
balancing_energy_bids,38,2026-05-23T09:15:00,PT15M,2026-05-23T09:30Z,2026-05-23T09:15Z,-199,1,1,10Y1001C--00090V,AUCTION-aFRR,B74,10YSK-SEPS-----K,EUR,A01,A02,20260523046-AFRR_N-UNIT_019-1,MWH,MAW,A01,A11,2026-05-23T09:30Z,2026-05-23T09:15Z
balancing_energy_bids,39,2026-05-23T09:15:00,PT15M,2026-05-23T09:30Z,2026-05-23T09:15Z,-19,1,1,10Y1001C--00090V,AUCTION-aFRR,B74,10YSK-SEPS-----K,EUR,A01,A02,20260523046-AFRR_N-UNIT_106-1,MWH,MAW,A01,A06,2026-05-23T09:30Z,2026-05-23T09:15Z
balancing_energy_bids,40,2026-05-23T09:15:00,PT15M,2026-05-23T09:30Z,2026-05-23T09:15Z,-5,1,5,10Y1001C--00090V,AUCTION-aFRR,B74,10YSK-SEPS-----K,EUR,A01,A02,20260523046-AFRR_N-UNIT_123-1,MWH,MAW,A01,A06,2026-05-23T09:30Z,2026-05-23T09:15Z
balancing_energy_bids,41,2026-05-23T09:30:00,PT15M,2026-05-23T09:45Z,2026-05-23T09:30Z,300,1,1,10Y1001C--00090V,AUCTION-aFRR,B74,10YSK-SEPS-----K,EUR,A01,A01,20260523047-AFRR_P-UNIT_106-1,MWH,MAW,A01,A11,2026-05-23T09:45Z,2026-05-23T09:30Z
balancing_energy_bids,42,2026-05-23T09:30:00,PT15M,2026-05-23T09:45Z,2026-05-23T09:30Z,189,1,8,10Y1001C--00090V,AUCTION-aFRR,B74,10YSK-SEPS-----K,EUR,A01,A01,20260523047-AFRR_P-UNIT_123-1,MWH,MAW,A01,A06,2026-05-23T09:45Z,2026-05-23T09:30Z
balancing_energy_bids,43,2026-05-23T09:30:00,PT15M,2026-05-23T09:45Z,2026-05-23T09:30Z,-9.33,1,1,10Y1001C--00090V,AUCTION-aFRR,B74,10YSK-SEPS-----K,EUR,A01,A02,20260523047-AFRR_N-UNIT_068-1,MWH,MAW,A01,A11,2026-05-23T09:45Z,2026-05-23T09:30Z
balancing_energy_bids,44,2026-05-23T09:30:00,PT15M,2026-05-23T09:45Z,2026-05-23T09:30Z,-30,1,6,10Y1001C--00090V,AUCTION-aFRR,B74,10YSK-SEPS-----K,EUR,A01,A02,20260523047-AFRR_N-UNIT_052-1,MWH,MAW,A01,A06,2026-05-23T09:45Z,2026-05-23T09:30Z
balancing_energy_bids,45,2026-05-23T09:30:00,PT15M,2026-05-23T09:45Z,2026-05-23T09:30Z,-144,1,5,10Y1001C--00090V,AUCTION-aFRR,B74,10YSK-SEPS-----K,EUR,A01,A02,20260523047-AFRR_N-UNIT_051-1,MWH,MAW,A01,A06,2026-05-23T09:45Z,2026-05-23T09:30Z
balancing_energy_bids,46,2026-05-23T09:30:00,PT15M,2026-05-23T09:45Z,2026-05-23T09:30Z,-250,1,12,10Y1001C--00090V,AUCTION-aFRR,B74,10YSK-SEPS-----K,EUR,A01,A02,20260523047-AFRR_N-UNIT_069-1,MWH,MAW,A01,A06,2026-05-23T09:45Z,2026-05-23T09:30Z
balancing_energy_bids,47,2026-05-23T09:30:00,PT15M,2026-05-23T09:45Z,2026-05-23T09:30Z,-50,1,2,10Y1001C--00090V,AUCTION-aFRR,B74,10YSK-SEPS-----K,EUR,A01,A02,20260523047-AFRR_N-UNIT_058-1,MWH,MAW,A01,A06,2026-05-23T09:45Z,2026-05-23T09:30Z
balancing_energy_bids,48,2026-05-23T09:30:00,PT15M,2026-05-23T09:45Z,2026-05-23T09:30Z,-10.01,1,8,10Y1001C--00090V,AUCTION-aFRR,B74,10YSK-SEPS-----K,EUR,A01,A02,20260523047-AFRR_N-UNIT_013-1,MWH,MAW,A01,A06,2026-05-23T09:45Z,2026-05-23T09:30Z
balancing_energy_bids,49,2026-05-23T09:30:00,PT15M,2026-05-23T09:45Z,2026-05-23T09:30Z,-10.01,1,30,10Y1001C--00090V,AUCTION-aFRR,B74,10YSK-SEPS-----K,EUR,A01,A02,20260523047-AFRR_N-UNIT_010-1,MWH,MAW,A01,A06,2026-05-23T09:45Z,2026-05-23T09:30Z
balancing_energy_bids,50,2026-05-23T09:30:00,PT15M,2026-05-23T09:45Z,2026-05-23T09:30Z,10,1,2,10Y1001C--00090V,AUCTION-aFRR,B74,10YSK-SEPS-----K,EUR,A01,A02,20260523047-AFRR_N-UNIT_043-1,MWH,MAW,A01,A06,2026-05-23T09:45Z,2026-05-23T09:30Z
balancing_energy_bids,51,2026-05-23T09:30:00,PT15M,2026-05-23T09:45Z,2026-05-23T09:30Z,0,1,4,10Y1001C--00090V,AUCTION-aFRR,B74,10YSK-SEPS-----K,EUR,A01,A02,20260523047-AFRR_N-UNIT_104-1,MWH,MAW,A01,A06,2026-05-23T09:45Z,2026-05-23T09:30Z
balancing_energy_bids,52,2026-05-23T09:30:00,PT15M,2026-05-23T09:45Z,2026-05-23T09:30Z,-266.67,1,3,10Y1001C--00090V,AUCTION-aFRR,B74,10YSK-SEPS-----K,EUR,A01,A02,20260523047-AFRR_N-UNIT_089-1,MWH,MAW,A01,A06,2026-05-23T09:45Z,2026-05-23T09:30Z
balancing_energy_bids,53,2026-05-23T09:30:00,PT15M,2026-05-23T09:45Z,2026-05-23T09:30Z,-50,1,5,10Y1001C--00090V,AUCTION-aFRR,B74,10YSK-SEPS-----K,EUR,A01,A02,20260523047-AFRR_N-UNIT_097-1,MWH,MAW,A01,A06,2026-05-23T09:45Z,2026-05-23T09:30Z
balancing_energy_bids,54,2026-05-23T09:30:00,PT15M,2026-05-23T09:45Z,2026-05-23T09:30Z,-199,1,1,10Y1001C--00090V,AUCTION-aFRR,B74,10YSK-SEPS-----K,EUR,A01,A02,20260523047-AFRR_N-UNIT_019-1,MWH,MAW,A01,A11,2026-05-23T09:45Z,2026-05-23T09:30Z
balancing_energy_bids,55,2026-05-23T09:30:00,PT15M,2026-05-23T09:45Z,2026-05-23T09:30Z,-19,1,1,10Y1001C--00090V,AUCTION-aFRR,B74,10YSK-SEPS-----K,EUR,A01,A02,20260523047-AFRR_N-UNIT_106-1,MWH,MAW,A01,A06,2026-05-23T09:45Z,2026-05-23T09:30Z
balancing_energy_bids,56,2026-05-23T09:30:00,PT15M,2026-05-23T09:45Z,2026-05-23T09:30Z,-5,1,5,10Y1001C--00090V,AUCTION-aFRR,B74,10YSK-SEPS-----K,EUR,A01,A02,20260523047-AFRR_N-UNIT_123-1,MWH,MAW,A01,A06,2026-05-23T09:45Z,2026-05-23T09:30Z
balancing_energy_bids,57,2026-05-23T09:30:00,PT15M,2026-05-23T09:45Z,2026-05-23T09:30Z,132,1,1,10Y1001C--00090V,AUCTION-aFRR,B74,10YSK-SEPS-----K,EUR,A01,A01,20260523047-AFRR_P-UNIT_068-1,MWH,MAW,A01,A11,2026-05-23T09:45Z,2026-05-23T09:30Z
balancing_energy_bids,58,2026-05-23T09:30:00,PT15M,2026-05-23T09:45Z,2026-05-23T09:30Z,140,1,31,10Y1001C--00090V,AUCTION-aFRR,B74,10YSK-SEPS-----K,EUR,A01,A01,20260523047-AFRR_P-UNIT_052-1,MWH,MAW,A01,A06,2026-05-23T09:45Z,2026-05-23T09:30Z
balancing_energy_bids,59,2026-05-23T09:30:00,PT15M,2026-05-23T09:45Z,2026-05-23T09:30Z,500,1,10,10Y1001C--00090V,AUCTION-aFRR,B74,10YSK-SEPS-----K,EUR,A01,A01,20260523047-AFRR_P-UNIT_047-1,MWH,MAW,A01,A06,2026-05-23T09:45Z,2026-05-23T09:30Z
balancing_energy_bids,60,2026-05-23T09:30:00,PT15M,2026-05-23T09:45Z,2026-05-23T09:30Z,350,1,17,10Y1001C--00090V,AUCTION-aFRR,B74,10YSK-SEPS-----K,EUR,A01,A01,20260523047-AFRR_P-UNIT_051-1,MWH,MAW,A01,A06,2026-05-23T09:45Z,2026-05-23T09:30Z
balancing_energy_bids,61,2026-05-23T09:30:00,PT15M,2026-05-23T09:45Z,2026-05-23T09:30Z,135,1,15,10Y1001C--00090V,AUCTION-aFRR,B74,10YSK-SEPS-----K,EUR,A01,A01,20260523047-AFRR_P-UNIT_069-1,MWH,MAW,A01,A06,2026-05-23T09:45Z,2026-05-23T09:30Z
balancing_energy_bids,62,2026-05-23T09:30:00,PT15M,2026-05-23T09:45Z,2026-05-23T09:30Z,200,1,1,10Y1001C--00090V,AUCTION-aFRR,B74,10YSK-SEPS-----K,EUR,A01,A01,20260523047-AFRR_P-UNIT_058-1,MWH,MAW,A01,A11,2026-05-23T09:45Z,2026-05-23T09:30Z
balancing_energy_bids,63,2026-05-23T09:30:00,PT15M,2026-05-23T09:45Z,2026-05-23T09:30Z,190.07,1,20,10Y1001C--00090V,AUCTION-aFRR,B74,10YSK-SEPS-----K,EUR,A01,A01,20260523047-AFRR_P-UNIT_013-1,MWH,MAW,A01,A06,2026-05-23T09:45Z,2026-05-23T09:30Z
balancing_energy_bids,64,2026-05-23T09:30:00,PT15M,2026-05-23T09:45Z,2026-05-23T09:30Z,105,1,5,10Y1001C--00090V,AUCTION-aFRR,B74,10YSK-SEPS-----K,EUR,A01,A01,20260523047-AFRR_P-UNIT_062-1,MWH,MAW,A01,A06,2026-05-23T09:45Z,2026-05-23T09:30Z
balancing_energy_bids,65,2026-05-23T09:30:00,PT15M,2026-05-23T09:45Z,2026-05-23T09:30Z,105,1,3,10Y1001C--00090V,AUCTION-aFRR,B74,10YSK-SEPS-----K,EUR,A01,A01,20260523047-AFRR_P-UNIT_043-1,MWH,MAW,A01,A06,2026-05-23T09:45Z,2026-05-23T09:30Z
balancing_energy_bids,66,2026-05-23T09:30:00,PT15M,2026-05-23T09:45Z,2026-05-23T09:30Z,110,1,10,10Y1001C--00090V,AUCTION-aFRR,B74,10YSK-SEPS-----K,EUR,A01,A01,20260523047-AFRR_P-UNIT_063-1,MWH,MAW,A01,A06,2026-05-23T09:45Z,2026-05-23T09:30Z
balancing_energy_bids,67,2026-05-23T09:30:00,PT15M,2026-05-23T09:45Z,2026-05-23T09:30Z,749,1,3,10Y1001C--00090V,AUCTION-aFRR,B74,10YSK-SEPS-----K,EUR,A01,A01,20260523047-AFRR_P-UNIT_078-1,MWH,MAW,A01,A06,2026-05-23T09:45Z,2026-05-23T09:30Z
balancing_energy_bids,68,2026-05-23T09:30:00,PT15M,2026-05-23T09:45Z,2026-05-23T09:30Z,750,1,11,10Y1001C--00090V,AUCTION-aFRR,B74,10YSK-SEPS-----K,EUR,A01,A01,20260523047-AFRR_P-UNIT_104-1,MWH,MAW,A01,A06,2026-05-23T09:45Z,2026-05-23T09:30Z
balancing_energy_bids,69,2026-05-23T09:30:00,PT15M,2026-05-23T09:45Z,2026-05-23T09:30Z,85,1,2,10Y1001C--00090V,AUCTION-aFRR,B74,10YSK-SEPS-----K,EUR,A01,A01,20260523047-AFRR_P-UNIT_097-1,MWH,MAW,A01,A06,2026-05-23T09:45Z,2026-05-23T09:30Z
balancing_energy_bids,70,2026-05-23T09:30:00,PT15M,2026-05-23T09:45Z,2026-05-23T09:30Z,113,1,1,10Y1001C--00090V,AUCTION-aFRR,B74,10YSK-SEPS-----K,EUR,A01,A01,20260523047-AFRR_P-UNIT_019-1,MWH,MAW,A01,A06,2026-05-23T09:45Z,2026-05-23T09:30Z
balancing_energy_bids,71,2026-05-23T09:30:00,PT15M,2026-05-23T09:45Z,2026-05-23T09:30Z,5,1,5,10Y1001C--00090V,AUCTION-aFRR,B74,10YSK-SEPS-----K,EUR,A01,A01,20260523047-AFRR_P-UNIT_028-1,MWH,MAW,A01,A06,2026-05-23T09:45Z,2026-05-23T09:30Z
balancing_energy_bids,72,2026-05-23T09:30:00,PT15M,2026-05-23T09:45Z,2026-05-23T09:30Z,-55,1,5,10Y1001C--00090V,AUCTION-aFRR,B74,10YSK-SEPS-----K,EUR,A01,A02,20260523047-AFRR_N-UNIT_028-1,MWH,MAW,A01,A06,2026-05-23T09:45Z,2026-05-23T09:30Z
balancing_energy_bids,73,2026-05-23T09:45:00,PT15M,2026-05-23T10:00Z,2026-05-23T09:45Z,5,1,5,10Y1001C--00090V,AUCTION-aFRR,B74,10YSK-SEPS-----K,EUR,A01,A01,20260523048-AFRR_P-UNIT_028-1,MWH,MAW,A01,A06,2026-05-23T10:00Z,2026-05-23T09:45Z
balancing_energy_bids,74,2026-05-23T09:45:00,PT15M,2026-05-23T10:00Z,2026-05-23T09:45Z,-55,1,5,10Y1001C--00090V,AUCTION-aFRR,B74,10YSK-SEPS-----K,EUR,A01,A02,20260523048-AFRR_N-UNIT_028-1,MWH,MAW,A01,A06,2026-05-23T10:00Z,2026-05-23T09:45Z
balancing_energy_bids,75,2026-05-23T09:45:00,PT15M,2026-05-23T10:00Z,2026-05-23T09:45Z,-50,1,2,10Y1001C--00090V,AUCTION-aFRR,B74,10YSK-SEPS-----K,EUR,A01,A02,20260523048-AFRR_N-UNIT_058-1,MWH,MAW,A01,A06,2026-05-23T10:00Z,2026-05-23T09:45Z
balancing_energy_bids,76,2026-05-23T09:45:00,PT15M,2026-05-23T10:00Z,2026-05-23T09:45Z,-10,1,8,10Y1001C--00090V,AUCTION-aFRR,B74,10YSK-SEPS-----K,EUR,A01,A02,20260523048-AFRR_N-UNIT_013-1,MWH,MAW,A01,A06,2026-05-23T10:00Z,2026-05-23T09:45Z
balancing_energy_bids,77,2026-05-23T09:45:00,PT15M,2026-05-23T10:00Z,2026-05-23T09:45Z,-10,1,30,10Y1001C--00090V,AUCTION-aFRR,B74,10YSK-SEPS-----K,EUR,A01,A02,20260523048-AFRR_N-UNIT_010-1,MWH,MAW,A01,A06,2026-05-23T10:00Z,2026-05-23T09:45Z
balancing_energy_bids,78,2026-05-23T09:45:00,PT15M,2026-05-23T10:00Z,2026-05-23T09:45Z,10,1,2,10Y1001C--00090V,AUCTION-aFRR,B74,10YSK-SEPS-----K,EUR,A01,A02,20260523048-AFRR_N-UNIT_043-1,MWH,MAW,A01,A06,2026-05-23T10:00Z,2026-05-23T09:45Z
balancing_energy_bids,79,2026-05-23T09:45:00,PT15M,2026-05-23T10:00Z,2026-05-23T09:45Z,0,1,4,10Y1001C--00090V,AUCTION-aFRR,B74,10YSK-SEPS-----K,EUR,A01,A02,20260523048-AFRR_N-UNIT_104-1,MWH,MAW,A01,A06,2026-05-23T10:00Z,2026-05-23T09:45Z
balancing_energy_bids,80,2026-05-23T09:45:00,PT15M,2026-05-23T10:00Z,2026-05-23T09:45Z,-266.1,1,3,10Y1001C--00090V,AUCTION-aFRR,B74,10YSK-SEPS-----K,EUR,A01,A02,20260523048-AFRR_N-UNIT_089-1,MWH,MAW,A01,A06,2026-05-23T10:00Z,2026-05-23T09:45Z
balancing_energy_bids,81,2026-05-23T09:45:00,PT15M,2026-05-23T10:00Z,2026-05-23T09:45Z,-50,1,5,10Y1001C--00090V,AUCTION-aFRR,B74,10YSK-SEPS-----K,EUR,A01,A02,20260523048-AFRR_N-UNIT_097-1,MWH,MAW,A01,A06,2026-05-23T10:00Z,2026-05-23T09:45Z
balancing_energy_bids,82,2026-05-23T09:45:00,PT15M,2026-05-23T10:00Z,2026-05-23T09:45Z,-199,1,1,10Y1001C--00090V,AUCTION-aFRR,B74,10YSK-SEPS-----K,EUR,A01,A02,20260523048-AFRR_N-UNIT_019-1,MWH,MAW,A01,A11,2026-05-23T10:00Z,2026-05-23T09:45Z
balancing_energy_bids,83,2026-05-23T09:45:00,PT15M,2026-05-23T10:00Z,2026-05-23T09:45Z,-19,1,1,10Y1001C--00090V,AUCTION-aFRR,B74,10YSK-SEPS-----K,EUR,A01,A02,20260523048-AFRR_N-UNIT_106-1,MWH,MAW,A01,A06,2026-05-23T10:00Z,2026-05-23T09:45Z
balancing_energy_bids,84,2026-05-23T09:45:00,PT15M,2026-05-23T10:00Z,2026-05-23T09:45Z,-5,1,5,10Y1001C--00090V,AUCTION-aFRR,B74,10YSK-SEPS-----K,EUR,A01,A02,20260523048-AFRR_N-UNIT_123-1,MWH,MAW,A01,A06,2026-05-23T10:00Z,2026-05-23T09:45Z
balancing_energy_bids,85,2026-05-23T09:45:00,PT15M,2026-05-23T10:00Z,2026-05-23T09:45Z,132,1,1,10Y1001C--00090V,AUCTION-aFRR,B74,10YSK-SEPS-----K,EUR,A01,A01,20260523048-AFRR_P-UNIT_068-1,MWH,MAW,A01,A11,2026-05-23T10:00Z,2026-05-23T09:45Z
balancing_energy_bids,86,2026-05-23T09:45:00,PT15M,2026-05-23T10:00Z,2026-05-23T09:45Z,140,1,31,10Y1001C--00090V,AUCTION-aFRR,B74,10YSK-SEPS-----K,EUR,A01,A01,20260523048-AFRR_P-UNIT_052-1,MWH,MAW,A01,A06,2026-05-23T10:00Z,2026-05-23T09:45Z
balancing_energy_bids,87,2026-05-23T09:45:00,PT15M,2026-05-23T10:00Z,2026-05-23T09:45Z,500,1,10,10Y1001C--00090V,AUCTION-aFRR,B74,10YSK-SEPS-----K,EUR,A01,A01,20260523048-AFRR_P-UNIT_047-1,MWH,MAW,A01,A06,2026-05-23T10:00Z,2026-05-23T09:45Z
balancing_energy_bids,88,2026-05-23T09:45:00,PT15M,2026-05-23T10:00Z,2026-05-23T09:45Z,350,1,17,10Y1001C--00090V,AUCTION-aFRR,B74,10YSK-SEPS-----K,EUR,A01,A01,20260523048-AFRR_P-UNIT_051-1,MWH,MAW,A01,A06,2026-05-23T10:00Z,2026-05-23T09:45Z
balancing_energy_bids,89,2026-05-23T09:45:00,PT15M,2026-05-23T10:00Z,2026-05-23T09:45Z,135,1,15,10Y1001C--00090V,AUCTION-aFRR,B74,10YSK-SEPS-----K,EUR,A01,A01,20260523048-AFRR_P-UNIT_069-1,MWH,MAW,A01,A06,2026-05-23T10:00Z,2026-05-23T09:45Z
balancing_energy_bids,90,2026-05-23T09:45:00,PT15M,2026-05-23T10:00Z,2026-05-23T09:45Z,200,1,1,10Y1001C--00090V,AUCTION-aFRR,B74,10YSK-SEPS-----K,EUR,A01,A01,20260523048-AFRR_P-UNIT_058-1,MWH,MAW,A01,A11,2026-05-23T10:00Z,2026-05-23T09:45Z
balancing_energy_bids,91,2026-05-23T09:45:00,PT15M,2026-05-23T10:00Z,2026-05-23T09:45Z,190.07,1,20,10Y1001C--00090V,AUCTION-aFRR,B74,10YSK-SEPS-----K,EUR,A01,A01,20260523048-AFRR_P-UNIT_013-1,MWH,MAW,A01,A06,2026-05-23T10:00Z,2026-05-23T09:45Z
balancing_energy_bids,92,2026-05-23T09:45:00,PT15M,2026-05-23T10:00Z,2026-05-23T09:45Z,105,1,5,10Y1001C--00090V,AUCTION-aFRR,B74,10YSK-SEPS-----K,EUR,A01,A01,20260523048-AFRR_P-UNIT_062-1,MWH,MAW,A01,A06,2026-05-23T10:00Z,2026-05-23T09:45Z
balancing_energy_bids,93,2026-05-23T09:45:00,PT15M,2026-05-23T10:00Z,2026-05-23T09:45Z,105,1,3,10Y1001C--00090V,AUCTION-aFRR,B74,10YSK-SEPS-----K,EUR,A01,A01,20260523048-AFRR_P-UNIT_043-1,MWH,MAW,A01,A06,2026-05-23T10:00Z,2026-05-23T09:45Z
balancing_energy_bids,94,2026-05-23T09:45:00,PT15M,2026-05-23T10:00Z,2026-05-23T09:45Z,110,1,10,10Y1001C--00090V,AUCTION-aFRR,B74,10YSK-SEPS-----K,EUR,A01,A01,20260523048-AFRR_P-UNIT_063-1,MWH,MAW,A01,A06,2026-05-23T10:00Z,2026-05-23T09:45Z
balancing_energy_bids,95,2026-05-23T09:45:00,PT15M,2026-05-23T10:00Z,2026-05-23T09:45Z,749,1,3,10Y1001C--00090V,AUCTION-aFRR,B74,10YSK-SEPS-----K,EUR,A01,A01,20260523048-AFRR_P-UNIT_078-1,MWH,MAW,A01,A06,2026-05-23T10:00Z,2026-05-23T09:45Z
balancing_energy_bids,96,2026-05-23T09:45:00,PT15M,2026-05-23T10:00Z,2026-05-23T09:45Z,750,1,11,10Y1001C--00090V,AUCTION-aFRR,B74,10YSK-SEPS-----K,EUR,A01,A01,20260523048-AFRR_P-UNIT_104-1,MWH,MAW,A01,A06,2026-05-23T10:00Z,2026-05-23T09:45Z
balancing_energy_bids,97,2026-05-23T09:45:00,PT15M,2026-05-23T10:00Z,2026-05-23T09:45Z,85,1,2,10Y1001C--00090V,AUCTION-aFRR,B74,10YSK-SEPS-----K,EUR,A01,A01,20260523048-AFRR_P-UNIT_097-1,MWH,MAW,A01,A06,2026-05-23T10:00Z,2026-05-23T09:45Z
balancing_energy_bids,98,2026-05-23T09:45:00,PT15M,2026-05-23T10:00Z,2026-05-23T09:45Z,109,1,1,10Y1001C--00090V,AUCTION-aFRR,B74,10YSK-SEPS-----K,EUR,A01,A01,20260523048-AFRR_P-UNIT_019-1,MWH,MAW,A01,A06,2026-05-23T10:00Z,2026-05-23T09:45Z
balancing_energy_bids,99,2026-05-23T09:45:00,PT15M,2026-05-23T10:00Z,2026-05-23T09:45Z,300,1,1,10Y1001C--00090V,AUCTION-aFRR,B74,10YSK-SEPS-----K,EUR,A01,A01,20260523048-AFRR_P-UNIT_106-1,MWH,MAW,A01,A11,2026-05-23T10:00Z,2026-05-23T09:45Z
balancing_energy_bids,100,2026-05-23T09:45:00,PT15M,2026-05-23T10:00Z,2026-05-23T09:45Z,189,1,8,10Y1001C--00090V,AUCTION-aFRR,B74,10YSK-SEPS-----K,EUR,A01,A01,20260523048-AFRR_P-UNIT_123-1,MWH,MAW,A01,A06,2026-05-23T10:00Z,2026-05-23T09:45Z
balancing_energy_bids,1,2026-05-23T09:45:00,PT15M,2026-05-23T10:00Z,2026-05-23T09:45Z,-8.54,1,1,10Y1001C--00090V,AUCTION-aFRR,B74,10YSK-SEPS-----K,EUR,A01,A02,20260523048-AFRR_N-UNIT_068-1,MWH,MAW,A01,A11,2026-05-23T10:00Z,2026-05-23T09:45Z
balancing_energy_bids,2,2026-05-23T09:45:00,PT15M,2026-05-23T10:00Z,2026-05-23T09:45Z,-30,1,6,10Y1001C--00090V,AUCTION-aFRR,B74,10YSK-SEPS-----K,EUR,A01,A02,20260523048-AFRR_N-UNIT_052-1,MWH,MAW,A01,A06,2026-05-23T10:00Z,2026-05-23T09:45Z
balancing_energy_bids,3,2026-05-23T09:45:00,PT15M,2026-05-23T10:00Z,2026-05-23T09:45Z,-144,1,5,10Y1001C--00090V,AUCTION-aFRR,B74,10YSK-SEPS-----K,EUR,A01,A02,20260523048-AFRR_N-UNIT_051-1,MWH,MAW,A01,A06,2026-05-23T10:00Z,2026-05-23T09:45Z
balancing_energy_bids,4,2026-05-23T09:45:00,PT15M,2026-05-23T10:00Z,2026-05-23T09:45Z,-250,1,12,10Y1001C--00090V,AUCTION-aFRR,B74,10YSK-SEPS-----K,EUR,A01,A02,20260523048-AFRR_N-UNIT_069-1,MWH,MAW,A01,A06,2026-05-23T10:00Z,2026-05-23T09:45Z
balancing_energy_bids,5,2026-05-23T10:00:00,PT15M,2026-05-23T10:15Z,2026-05-23T10:00Z,5,1,5,10Y1001C--00090V,AUCTION-aFRR,B74,10YSK-SEPS-----K,EUR,A01,A01,20260523049-AFRR_P-UNIT_028-1,MWH,MAW,A01,A06,2026-05-23T10:15Z,2026-05-23T10:00Z
balancing_energy_bids,6,2026-05-23T10:00:00,PT15M,2026-05-23T10:15Z,2026-05-23T10:00Z,-55,1,5,10Y1001C--00090V,AUCTION-aFRR,B74,10YSK-SEPS-----K,EUR,A01,A02,20260523049-AFRR_N-UNIT_028-1,MWH,MAW,A01,A06,2026-05-23T10:15Z,2026-05-23T10:00Z
balancing_energy_bids,7,2026-05-23T10:00:00,PT15M,2026-05-23T10:15Z,2026-05-23T10:00Z,132,1,1,10Y1001C--00090V,AUCTION-aFRR,B74,10YSK-SEPS-----K,EUR,A01,A01,20260523049-AFRR_P-UNIT_068-1,MWH,MAW,A01,A11,2026-05-23T10:15Z,2026-05-23T10:00Z
balancing_energy_bids,8,2026-05-23T10:00:00,PT15M,2026-05-23T10:15Z,2026-05-23T10:00Z,140,1,31,10Y1001C--00090V,AUCTION-aFRR,B74,10YSK-SEPS-----K,EUR,A01,A01,20260523049-AFRR_P-UNIT_052-1,MWH,MAW,A01,A06,2026-05-23T10:15Z,2026-05-23T10:00Z
balancing_energy_bids,9,2026-05-23T10:00:00,PT15M,2026-05-23T10:15Z,2026-05-23T10:00Z,500,1,10,10Y1001C--00090V,AUCTION-aFRR,B74,10YSK-SEPS-----K,EUR,A01,A01,20260523049-AFRR_P-UNIT_047-1,MWH,MAW,A01,A06,2026-05-23T10:15Z,2026-05-23T10:00Z
balancing_energy_bids,10,2026-05-23T10:00:00,PT15M,2026-05-23T10:15Z,2026-05-23T10:00Z,350,1,17,10Y1001C--00090V,AUCTION-aFRR,B74,10YSK-SEPS-----K,EUR,A01,A01,20260523049-AFRR_P-UNIT_051-1,MWH,MAW,A01,A06,2026-05-23T10:15Z,2026-05-23T10:00Z
balancing_energy_bids,11,2026-05-23T10:00:00,PT15M,2026-05-23T10:15Z,2026-05-23T10:00Z,135,1,15,10Y1001C--00090V,AUCTION-aFRR,B74,10YSK-SEPS-----K,EUR,A01,A01,20260523049-AFRR_P-UNIT_069-1,MWH,MAW,A01,A06,2026-05-23T10:15Z,2026-05-23T10:00Z
balancing_energy_bids,12,2026-05-23T10:00:00,PT15M,2026-05-23T10:15Z,2026-05-23T10:00Z,200,1,1,10Y1001C--00090V,AUCTION-aFRR,B74,10YSK-SEPS-----K,EUR,A01,A01,20260523049-AFRR_P-UNIT_058-1,MWH,MAW,A01,A11,2026-05-23T10:15Z,2026-05-23T10:00Z
balancing_energy_bids,13,2026-05-23T10:00:00,PT15M,2026-05-23T10:15Z,2026-05-23T10:00Z,190.07,1,20,10Y1001C--00090V,AUCTION-aFRR,B74,10YSK-SEPS-----K,EUR,A01,A01,20260523049-AFRR_P-UNIT_013-1,MWH,MAW,A01,A06,2026-05-23T10:15Z,2026-05-23T10:00Z
balancing_energy_bids,14,2026-05-23T10:00:00,PT15M,2026-05-23T10:15Z,2026-05-23T10:00Z,105,1,5,10Y1001C--00090V,AUCTION-aFRR,B74,10YSK-SEPS-----K,EUR,A01,A01,20260523049-AFRR_P-UNIT_062-1,MWH,MAW,A01,A06,2026-05-23T10:15Z,2026-05-23T10:00Z
balancing_energy_bids,15,2026-05-23T10:00:00,PT15M,2026-05-23T10:15Z,2026-05-23T10:00Z,105,1,3,10Y1001C--00090V,AUCTION-aFRR,B74,10YSK-SEPS-----K,EUR,A01,A01,20260523049-AFRR_P-UNIT_043-1,MWH,MAW,A01,A06,2026-05-23T10:15Z,2026-05-23T10:00Z
balancing_energy_bids,16,2026-05-23T10:00:00,PT15M,2026-05-23T10:15Z,2026-05-23T10:00Z,110,1,10,10Y1001C--00090V,AUCTION-aFRR,B74,10YSK-SEPS-----K,EUR,A01,A01,20260523049-AFRR_P-UNIT_063-1,MWH,MAW,A01,A06,2026-05-23T10:15Z,2026-05-23T10:00Z
balancing_energy_bids,17,2026-05-23T10:00:00,PT15M,2026-05-23T10:15Z,2026-05-23T10:00Z,749,1,3,10Y1001C--00090V,AUCTION-aFRR,B74,10YSK-SEPS-----K,EUR,A01,A01,20260523049-AFRR_P-UNIT_078-1,MWH,MAW,A01,A06,2026-05-23T10:15Z,2026-05-23T10:00Z
balancing_energy_bids,18,2026-05-23T10:00:00,PT15M,2026-05-23T10:15Z,2026-05-23T10:00Z,750,1,11,10Y1001C--00090V,AUCTION-aFRR,B74,10YSK-SEPS-----K,EUR,A01,A01,20260523049-AFRR_P-UNIT_104-1,MWH,MAW,A01,A06,2026-05-23T10:15Z,2026-05-23T10:00Z
balancing_energy_bids,19,2026-05-23T10:00:00,PT15M,2026-05-23T10:15Z,2026-05-23T10:00Z,85,1,2,10Y1001C--00090V,AUCTION-aFRR,B74,10YSK-SEPS-----K,EUR,A01,A01,20260523049-AFRR_P-UNIT_097-1,MWH,MAW,A01,A06,2026-05-23T10:15Z,2026-05-23T10:00Z
balancing_energy_bids,20,2026-05-23T10:00:00,PT15M,2026-05-23T10:15Z,2026-05-23T10:00Z,115,1,1,10Y1001C--00090V,AUCTION-aFRR,B74,10YSK-SEPS-----K,EUR,A01,A01,20260523049-AFRR_P-UNIT_019-1,MWH,MAW,A01,A06,2026-05-23T10:15Z,2026-05-23T10:00Z
balancing_energy_bids,21,2026-05-23T10:00:00,PT15M,2026-05-23T10:15Z,2026-05-23T10:00Z,300,1,1,10Y1001C--00090V,AUCTION-aFRR,B74,10YSK-SEPS-----K,EUR,A01,A01,20260523049-AFRR_P-UNIT_106-1,MWH,MAW,A01,A11,2026-05-23T10:15Z,2026-05-23T10:00Z
balancing_energy_bids,22,2026-05-23T10:00:00,PT15M,2026-05-23T10:15Z,2026-05-23T10:00Z,189,1,8,10Y1001C--00090V,AUCTION-aFRR,B74,10YSK-SEPS-----K,EUR,A01,A01,20260523049-AFRR_P-UNIT_123-1,MWH,MAW,A01,A06,2026-05-23T10:15Z,2026-05-23T10:00Z
balancing_energy_bids,23,2026-05-23T10:00:00,PT15M,2026-05-23T10:15Z,2026-05-23T10:00Z,-9.38,1,1,10Y1001C--00090V,AUCTION-aFRR,B74,10YSK-SEPS-----K,EUR,A01,A02,20260523049-AFRR_N-UNIT_068-1,MWH,MAW,A01,A11,2026-05-23T10:15Z,2026-05-23T10:00Z
balancing_energy_bids,24,2026-05-23T10:00:00,PT15M,2026-05-23T10:15Z,2026-05-23T10:00Z,-30,1,6,10Y1001C--00090V,AUCTION-aFRR,B74,10YSK-SEPS-----K,EUR,A01,A02,20260523049-AFRR_N-UNIT_052-1,MWH,MAW,A01,A06,2026-05-23T10:15Z,2026-05-23T10:00Z
balancing_energy_bids,25,2026-05-23T10:00:00,PT15M,2026-05-23T10:15Z,2026-05-23T10:00Z,-144,1,5,10Y1001C--00090V,AUCTION-aFRR,B74,10YSK-SEPS-----K,EUR,A01,A02,20260523049-AFRR_N-UNIT_051-1,MWH,MAW,A01,A06,2026-05-23T10:15Z,2026-05-23T10:00Z
balancing_energy_bids,26,2026-05-23T10:00:00,PT15M,2026-05-23T10:15Z,2026-05-23T10:00Z,-250,1,12,10Y1001C--00090V,AUCTION-aFRR,B74,10YSK-SEPS-----K,EUR,A01,A02,20260523049-AFRR_N-UNIT_069-1,MWH,MAW,A01,A06,2026-05-23T10:15Z,2026-05-23T10:00Z
balancing_energy_bids,27,2026-05-23T10:00:00,PT15M,2026-05-23T10:15Z,2026-05-23T10:00Z,-50,1,1,10Y1001C--00090V,AUCTION-aFRR,B74,10YSK-SEPS-----K,EUR,A01,A02,20260523049-AFRR_N-UNIT_058-1,MWH,MAW,A01,A11,2026-05-23T10:15Z,2026-05-23T10:00Z
balancing_energy_bids,28,2026-05-23T10:00:00,PT15M,2026-05-23T10:15Z,2026-05-23T10:00Z,-10.05,1,8,10Y1001C--00090V,AUCTION-aFRR,B74,10YSK-SEPS-----K,EUR,A01,A02,20260523049-AFRR_N-UNIT_013-1,MWH,MAW,A01,A06,2026-05-23T10:15Z,2026-05-23T10:00Z
balancing_energy_bids,29,2026-05-23T10:00:00,PT15M,2026-05-23T10:15Z,2026-05-23T10:00Z,-10.05,1,30,10Y1001C--00090V,AUCTION-aFRR,B74,10YSK-SEPS-----K,EUR,A01,A02,20260523049-AFRR_N-UNIT_010-1,MWH,MAW,A01,A06,2026-05-23T10:15Z,2026-05-23T10:00Z
balancing_energy_bids,30,2026-05-23T10:00:00,PT15M,2026-05-23T10:15Z,2026-05-23T10:00Z,10,1,2,10Y1001C--00090V,AUCTION-aFRR,B74,10YSK-SEPS-----K,EUR,A01,A02,20260523049-AFRR_N-UNIT_043-1,MWH,MAW,A01,A06,2026-05-23T10:15Z,2026-05-23T10:00Z
balancing_energy_bids,31,2026-05-23T10:00:00,PT15M,2026-05-23T10:15Z,2026-05-23T10:00Z,0,1,4,10Y1001C--00090V,AUCTION-aFRR,B74,10YSK-SEPS-----K,EUR,A01,A02,20260523049-AFRR_N-UNIT_104-1,MWH,MAW,A01,A06,2026-05-23T10:15Z,2026-05-23T10:00Z
balancing_energy_bids,32,2026-05-23T10:00:00,PT15M,2026-05-23T10:15Z,2026-05-23T10:00Z,-266.7,1,3,10Y1001C--00090V,AUCTION-aFRR,B74,10YSK-SEPS-----K,EUR,A01,A02,20260523049-AFRR_N-UNIT_089-1,MWH,MAW,A01,A06,2026-05-23T10:15Z,2026-05-23T10:00Z
balancing_energy_bids,33,2026-05-23T10:00:00,PT15M,2026-05-23T10:15Z,2026-05-23T10:00Z,-50,1,5,10Y1001C--00090V,AUCTION-aFRR,B74,10YSK-SEPS-----K,EUR,A01,A02,20260523049-AFRR_N-UNIT_097-1,MWH,MAW,A01,A06,2026-05-23T10:15Z,2026-05-23T10:00Z
balancing_energy_bids,34,2026-05-23T10:00:00,PT15M,2026-05-23T10:15Z,2026-05-23T10:00Z,-199,1,1,10Y1001C--00090V,AUCTION-aFRR,B74,10YSK-SEPS-----K,EUR,A01,A02,20260523049-AFRR_N-UNIT_019-1,MWH,MAW,A01,A11,2026-05-23T10:15Z,2026-05-23T10:00Z
balancing_energy_bids,35,2026-05-23T10:00:00,PT15M,2026-05-23T10:15Z,2026-05-23T10:00Z,-19,1,1,10Y1001C--00090V,AUCTION-aFRR,B74,10YSK-SEPS-----K,EUR,A01,A02,20260523049-AFRR_N-UNIT_106-1,MWH,MAW,A01,A06,2026-05-23T10:15Z,2026-05-23T10:00Z
balancing_energy_bids,36,2026-05-23T10:00:00,PT15M,2026-05-23T10:15Z,2026-05-23T10:00Z,-5,1,5,10Y1001C--00090V,AUCTION-aFRR,B74,10YSK-SEPS-----K,EUR,A01,A02,20260523049-AFRR_N-UNIT_123-1,MWH,MAW,A01,A06,2026-05-23T10:15Z,2026-05-23T10:00Z
balancing_energy_bids,37,2026-05-23T10:15:00,PT15M,2026-05-23T10:30Z,2026-05-23T10:15Z,132,1,1,10Y1001C--00090V,AUCTION-aFRR,B74,10YSK-SEPS-----K,EUR,A01,A01,20260523050-AFRR_P-UNIT_068-1,MWH,MAW,A01,A11,2026-05-23T10:30Z,2026-05-23T10:15Z
balancing_energy_bids,38,2026-05-23T10:15:00,PT15M,2026-05-23T10:30Z,2026-05-23T10:15Z,140,1,31,10Y1001C--00090V,AUCTION-aFRR,B74,10YSK-SEPS-----K,EUR,A01,A01,20260523050-AFRR_P-UNIT_052-1,MWH,MAW,A01,A06,2026-05-23T10:30Z,2026-05-23T10:15Z
balancing_energy_bids,39,2026-05-23T10:15:00,PT15M,2026-05-23T10:30Z,2026-05-23T10:15Z,500,1,10,10Y1001C--00090V,AUCTION-aFRR,B74,10YSK-SEPS-----K,EUR,A01,A01,20260523050-AFRR_P-UNIT_047-1,MWH,MAW,A01,A06,2026-05-23T10:30Z,2026-05-23T10:15Z
balancing_energy_bids,40,2026-05-23T10:15:00,PT15M,2026-05-23T10:30Z,2026-05-23T10:15Z,350,1,17,10Y1001C--00090V,AUCTION-aFRR,B74,10YSK-SEPS-----K,EUR,A01,A01,20260523050-AFRR_P-UNIT_051-1,MWH,MAW,A01,A06,2026-05-23T10:30Z,2026-05-23T10:15Z
balancing_energy_bids,41,2026-05-23T10:15:00,PT15M,2026-05-23T10:30Z,2026-05-23T10:15Z,135,1,15,10Y1001C--00090V,AUCTION-aFRR,B74,10YSK-SEPS-----K,EUR,A01,A01,20260523050-AFRR_P-UNIT_069-1,MWH,MAW,A01,A06,2026-05-23T10:30Z,2026-05-23T10:15Z
balancing_energy_bids,42,2026-05-23T10:15:00,PT15M,2026-05-23T10:30Z,2026-05-23T10:15Z,200,1,1,10Y1001C--00090V,AUCTION-aFRR,B74,10YSK-SEPS-----K,EUR,A01,A01,20260523050-AFRR_P-UNIT_058-1,MWH,MAW,A01,A11,2026-05-23T10:30Z,2026-05-23T10:15Z
balancing_energy_bids,43,2026-05-23T10:15:00,PT15M,2026-05-23T10:30Z,2026-05-23T10:15Z,190.07,1,20,10Y1001C--00090V,AUCTION-aFRR,B74,10YSK-SEPS-----K,EUR,A01,A01,20260523050-AFRR_P-UNIT_013-1,MWH,MAW,A01,A06,2026-05-23T10:30Z,2026-05-23T10:15Z
balancing_energy_bids,44,2026-05-23T10:15:00,PT15M,2026-05-23T10:30Z,2026-05-23T10:15Z,105,1,5,10Y1001C--00090V,AUCTION-aFRR,B74,10YSK-SEPS-----K,EUR,A01,A01,20260523050-AFRR_P-UNIT_062-1,MWH,MAW,A01,A06,2026-05-23T10:30Z,2026-05-23T10:15Z
balancing_energy_bids,45,2026-05-23T10:15:00,PT15M,2026-05-23T10:30Z,2026-05-23T10:15Z,105,1,3,10Y1001C--00090V,AUCTION-aFRR,B74,10YSK-SEPS-----K,EUR,A01,A01,20260523050-AFRR_P-UNIT_043-1,MWH,MAW,A01,A06,2026-05-23T10:30Z,2026-05-23T10:15Z
balancing_energy_bids,46,2026-05-23T10:15:00,PT15M,2026-05-23T10:30Z,2026-05-23T10:15Z,110,1,10,10Y1001C--00090V,AUCTION-aFRR,B74,10YSK-SEPS-----K,EUR,A01,A01,20260523050-AFRR_P-UNIT_063-1,MWH,MAW,A01,A06,2026-05-23T10:30Z,2026-05-23T10:15Z
balancing_energy_bids,47,2026-05-23T10:15:00,PT15M,2026-05-23T10:30Z,2026-05-23T10:15Z,749,1,3,10Y1001C--00090V,AUCTION-aFRR,B74,10YSK-SEPS-----K,EUR,A01,A01,20260523050-AFRR_P-UNIT_078-1,MWH,MAW,A01,A06,2026-05-23T10:30Z,2026-05-23T10:15Z
balancing_energy_bids,48,2026-05-23T10:15:00,PT15M,2026-05-23T10:30Z,2026-05-23T10:15Z,750,1,11,10Y1001C--00090V,AUCTION-aFRR,B74,10YSK-SEPS-----K,EUR,A01,A01,20260523050-AFRR_P-UNIT_104-1,MWH,MAW,A01,A06,2026-05-23T10:30Z,2026-05-23T10:15Z
balancing_energy_bids,49,2026-05-23T10:15:00,PT15M,2026-05-23T10:30Z,2026-05-23T10:15Z,85,1,2,10Y1001C--00090V,AUCTION-aFRR,B74,10YSK-SEPS-----K,EUR,A01,A01,20260523050-AFRR_P-UNIT_097-1,MWH,MAW,A01,A06,2026-05-23T10:30Z,2026-05-23T10:15Z
balancing_energy_bids,50,2026-05-23T10:15:00,PT15M,2026-05-23T10:30Z,2026-05-23T10:15Z,113,1,1,10Y1001C--00090V,AUCTION-aFRR,B74,10YSK-SEPS-----K,EUR,A01,A01,20260523050-AFRR_P-UNIT_019-1,MWH,MAW,A01,A06,2026-05-23T10:30Z,2026-05-23T10:15Z
balancing_energy_bids,51,2026-05-23T10:15:00,PT15M,2026-05-23T10:30Z,2026-05-23T10:15Z,300,1,1,10Y1001C--00090V,AUCTION-aFRR,B74,10YSK-SEPS-----K,EUR,A01,A01,20260523050-AFRR_P-UNIT_106-1,MWH,MAW,A01,A11,2026-05-23T10:30Z,2026-05-23T10:15Z
balancing_energy_bids,52,2026-05-23T10:15:00,PT15M,2026-05-23T10:30Z,2026-05-23T10:15Z,189,1,8,10Y1001C--00090V,AUCTION-aFRR,B74,10YSK-SEPS-----K,EUR,A01,A01,20260523050-AFRR_P-UNIT_123-1,MWH,MAW,A01,A06,2026-05-23T10:30Z,2026-05-23T10:15Z
balancing_energy_bids,53,2026-05-23T10:15:00,PT15M,2026-05-23T10:30Z,2026-05-23T10:15Z,-15.66,1,1,10Y1001C--00090V,AUCTION-aFRR,B74,10YSK-SEPS-----K,EUR,A01,A02,20260523050-AFRR_N-UNIT_068-1,MWH,MAW,A01,A11,2026-05-23T10:30Z,2026-05-23T10:15Z
balancing_energy_bids,54,2026-05-23T10:15:00,PT15M,2026-05-23T10:30Z,2026-05-23T10:15Z,-30,1,6,10Y1001C--00090V,AUCTION-aFRR,B74,10YSK-SEPS-----K,EUR,A01,A02,20260523050-AFRR_N-UNIT_052-1,MWH,MAW,A01,A06,2026-05-23T10:30Z,2026-05-23T10:15Z
balancing_energy_bids,55,2026-05-23T10:15:00,PT15M,2026-05-23T10:30Z,2026-05-23T10:15Z,-144,1,5,10Y1001C--00090V,AUCTION-aFRR,B74,10YSK-SEPS-----K,EUR,A01,A02,20260523050-AFRR_N-UNIT_051-1,MWH,MAW,A01,A06,2026-05-23T10:30Z,2026-05-23T10:15Z
balancing_energy_bids,56,2026-05-23T10:15:00,PT15M,2026-05-23T10:30Z,2026-05-23T10:15Z,-250,1,12,10Y1001C--00090V,AUCTION-aFRR,B74,10YSK-SEPS-----K,EUR,A01,A02,20260523050-AFRR_N-UNIT_069-1,MWH,MAW,A01,A06,2026-05-23T10:30Z,2026-05-23T10:15Z
balancing_energy_bids,57,2026-05-23T10:15:00,PT15M,2026-05-23T10:30Z,2026-05-23T10:15Z,-50,1,1,10Y1001C--00090V,AUCTION-aFRR,B74,10YSK-SEPS-----K,EUR,A01,A02,20260523050-AFRR_N-UNIT_058-1,MWH,MAW,A01,A11,2026-05-23T10:30Z,2026-05-23T10:15Z
balancing_energy_bids,58,2026-05-23T10:15:00,PT15M,2026-05-23T10:30Z,2026-05-23T10:15Z,-16.79,1,8,10Y1001C--00090V,AUCTION-aFRR,B74,10YSK-SEPS-----K,EUR,A01,A02,20260523050-AFRR_N-UNIT_013-1,MWH,MAW,A01,A06,2026-05-23T10:30Z,2026-05-23T10:15Z
balancing_energy_bids,59,2026-05-23T10:15:00,PT15M,2026-05-23T10:30Z,2026-05-23T10:15Z,-16.79,1,30,10Y1001C--00090V,AUCTION-aFRR,B74,10YSK-SEPS-----K,EUR,A01,A02,20260523050-AFRR_N-UNIT_010-1,MWH,MAW,A01,A06,2026-05-23T10:30Z,2026-05-23T10:15Z
balancing_energy_bids,60,2026-05-23T10:15:00,PT15M,2026-05-23T10:30Z,2026-05-23T10:15Z,10,1,2,10Y1001C--00090V,AUCTION-aFRR,B74,10YSK-SEPS-----K,EUR,A01,A02,20260523050-AFRR_N-UNIT_043-1,MWH,MAW,A01,A06,2026-05-23T10:30Z,2026-05-23T10:15Z
balancing_energy_bids,61,2026-05-23T10:15:00,PT15M,2026-05-23T10:30Z,2026-05-23T10:15Z,0,1,4,10Y1001C--00090V,AUCTION-aFRR,B74,10YSK-SEPS-----K,EUR,A01,A02,20260523050-AFRR_N-UNIT_104-1,MWH,MAW,A01,A06,2026-05-23T10:30Z,2026-05-23T10:15Z
balancing_energy_bids,62,2026-05-23T10:15:00,PT15M,2026-05-23T10:30Z,2026-05-23T10:15Z,-271.19,1,3,10Y1001C--00090V,AUCTION-aFRR,B74,10YSK-SEPS-----K,EUR,A01,A02,20260523050-AFRR_N-UNIT_089-1,MWH,MAW,A01,A06,2026-05-23T10:30Z,2026-05-23T10:15Z
balancing_energy_bids,63,2026-05-23T10:15:00,PT15M,2026-05-23T10:30Z,2026-05-23T10:15Z,-50,1,5,10Y1001C--00090V,AUCTION-aFRR,B74,10YSK-SEPS-----K,EUR,A01,A02,20260523050-AFRR_N-UNIT_097-1,MWH,MAW,A01,A06,2026-05-23T10:30Z,2026-05-23T10:15Z
balancing_energy_bids,64,2026-05-23T10:15:00,PT15M,2026-05-23T10:30Z,2026-05-23T10:15Z,-199,1,1,10Y1001C--00090V,AUCTION-aFRR,B74,10YSK-SEPS-----K,EUR,A01,A02,20260523050-AFRR_N-UNIT_019-1,MWH,MAW,A01,A11,2026-05-23T10:30Z,2026-05-23T10:15Z
balancing_energy_bids,65,2026-05-23T10:15:00,PT15M,2026-05-23T10:30Z,2026-05-23T10:15Z,-19,1,1,10Y1001C--00090V,AUCTION-aFRR,B74,10YSK-SEPS-----K,EUR,A01,A02,20260523050-AFRR_N-UNIT_106-1,MWH,MAW,A01,A06,2026-05-23T10:30Z,2026-05-23T10:15Z
balancing_energy_bids,66,2026-05-23T10:15:00,PT15M,2026-05-23T10:30Z,2026-05-23T10:15Z,-5,1,5,10Y1001C--00090V,AUCTION-aFRR,B74,10YSK-SEPS-----K,EUR,A01,A02,20260523050-AFRR_N-UNIT_123-1,MWH,MAW,A01,A06,2026-05-23T10:30Z,2026-05-23T10:15Z
balancing_energy_bids,67,2026-05-23T10:15:00,PT15M,2026-05-23T10:30Z,2026-05-23T10:15Z,5,1,5,10Y1001C--00090V,AUCTION-aFRR,B74,10YSK-SEPS-----K,EUR,A01,A01,20260523050-AFRR_P-UNIT_028-1,MWH,MAW,A01,A06,2026-05-23T10:30Z,2026-05-23T10:15Z
balancing_energy_bids,68,2026-05-23T10:15:00,PT15M,2026-05-23T10:30Z,2026-05-23T10:15Z,-55,1,5,10Y1001C--00090V,AUCTION-aFRR,B74,10YSK-SEPS-----K,EUR,A01,A02,20260523050-AFRR_N-UNIT_028-1,MWH,MAW,A01,A06,2026-05-23T10:30Z,2026-05-23T10:15Z
balancing_energy_bids,69,2026-05-23T10:30:00,PT15M,2026-05-23T10:45Z,2026-05-23T10:30Z,5,1,5,10Y1001C--00090V,AUCTION-aFRR,B74,10YSK-SEPS-----K,EUR,A01,A01,20260523051-AFRR_P-UNIT_028-1,MWH,MAW,A01,A06,2026-05-23T10:45Z,2026-05-23T10:30Z
balancing_energy_bids,70,2026-05-23T10:30:00,PT15M,2026-05-23T10:45Z,2026-05-23T10:30Z,-55,1,5,10Y1001C--00090V,AUCTION-aFRR,B74,10YSK-SEPS-----K,EUR,A01,A02,20260523051-AFRR_N-UNIT_028-1,MWH,MAW,A01,A06,2026-05-23T10:45Z,2026-05-23T10:30Z
balancing_energy_bids,71,2026-05-23T10:30:00,PT15M,2026-05-23T10:45Z,2026-05-23T10:30Z,132,1,1,10Y1001C--00090V,AUCTION-aFRR,B74,10YSK-SEPS-----K,EUR,A01,A01,20260523051-AFRR_P-UNIT_068-1,MWH,MAW,A01,A11,2026-05-23T10:45Z,2026-05-23T10:30Z
balancing_energy_bids,72,2026-05-23T10:30:00,PT15M,2026-05-23T10:45Z,2026-05-23T10:30Z,140,1,31,10Y1001C--00090V,AUCTION-aFRR,B74,10YSK-SEPS-----K,EUR,A01,A01,20260523051-AFRR_P-UNIT_052-1,MWH,MAW,A01,A06,2026-05-23T10:45Z,2026-05-23T10:30Z
balancing_energy_bids,73,2026-05-23T10:30:00,PT15M,2026-05-23T10:45Z,2026-05-23T10:30Z,500,1,10,10Y1001C--00090V,AUCTION-aFRR,B74,10YSK-SEPS-----K,EUR,A01,A01,20260523051-AFRR_P-UNIT_047-1,MWH,MAW,A01,A06,2026-05-23T10:45Z,2026-05-23T10:30Z
balancing_energy_bids,74,2026-05-23T10:30:00,PT15M,2026-05-23T10:45Z,2026-05-23T10:30Z,350,1,17,10Y1001C--00090V,AUCTION-aFRR,B74,10YSK-SEPS-----K,EUR,A01,A01,20260523051-AFRR_P-UNIT_051-1,MWH,MAW,A01,A06,2026-05-23T10:45Z,2026-05-23T10:30Z
balancing_energy_bids,75,2026-05-23T10:30:00,PT15M,2026-05-23T10:45Z,2026-05-23T10:30Z,135,1,15,10Y1001C--00090V,AUCTION-aFRR,B74,10YSK-SEPS-----K,EUR,A01,A01,20260523051-AFRR_P-UNIT_069-1,MWH,MAW,A01,A06,2026-05-23T10:45Z,2026-05-23T10:30Z
balancing_energy_bids,76,2026-05-23T10:30:00,PT15M,2026-05-23T10:45Z,2026-05-23T10:30Z,200,1,1,10Y1001C--00090V,AUCTION-aFRR,B74,10YSK-SEPS-----K,EUR,A01,A01,20260523051-AFRR_P-UNIT_058-1,MWH,MAW,A01,A11,2026-05-23T10:45Z,2026-05-23T10:30Z
balancing_energy_bids,77,2026-05-23T10:30:00,PT15M,2026-05-23T10:45Z,2026-05-23T10:30Z,190.07,1,20,10Y1001C--00090V,AUCTION-aFRR,B74,10YSK-SEPS-----K,EUR,A01,A01,20260523051-AFRR_P-UNIT_013-1,MWH,MAW,A01,A06,2026-05-23T10:45Z,2026-05-23T10:30Z
balancing_energy_bids,78,2026-05-23T10:30:00,PT15M,2026-05-23T10:45Z,2026-05-23T10:30Z,105,1,5,10Y1001C--00090V,AUCTION-aFRR,B74,10YSK-SEPS-----K,EUR,A01,A01,20260523051-AFRR_P-UNIT_062-1,MWH,MAW,A01,A06,2026-05-23T10:45Z,2026-05-23T10:30Z
balancing_energy_bids,79,2026-05-23T10:30:00,PT15M,2026-05-23T10:45Z,2026-05-23T10:30Z,105,1,3,10Y1001C--00090V,AUCTION-aFRR,B74,10YSK-SEPS-----K,EUR,A01,A01,20260523051-AFRR_P-UNIT_043-1,MWH,MAW,A01,A06,2026-05-23T10:45Z,2026-05-23T10:30Z
balancing_energy_bids,80,2026-05-23T10:30:00,PT15M,2026-05-23T10:45Z,2026-05-23T10:30Z,110,1,10,10Y1001C--00090V,AUCTION-aFRR,B74,10YSK-SEPS-----K,EUR,A01,A01,20260523051-AFRR_P-UNIT_063-1,MWH,MAW,A01,A06,2026-05-23T10:45Z,2026-05-23T10:30Z
balancing_energy_bids,81,2026-05-23T10:30:00,PT15M,2026-05-23T10:45Z,2026-05-23T10:30Z,749,1,3,10Y1001C--00090V,AUCTION-aFRR,B74,10YSK-SEPS-----K,EUR,A01,A01,20260523051-AFRR_P-UNIT_078-1,MWH,MAW,A01,A06,2026-05-23T10:45Z,2026-05-23T10:30Z
balancing_energy_bids,82,2026-05-23T10:30:00,PT15M,2026-05-23T10:45Z,2026-05-23T10:30Z,750,1,11,10Y1001C--00090V,AUCTION-aFRR,B74,10YSK-SEPS-----K,EUR,A01,A01,20260523051-AFRR_P-UNIT_104-1,MWH,MAW,A01,A06,2026-05-23T10:45Z,2026-05-23T10:30Z
balancing_energy_bids,83,2026-05-23T10:30:00,PT15M,2026-05-23T10:45Z,2026-05-23T10:30Z,85,1,2,10Y1001C--00090V,AUCTION-aFRR,B74,10YSK-SEPS-----K,EUR,A01,A01,20260523051-AFRR_P-UNIT_097-1,MWH,MAW,A01,A06,2026-05-23T10:45Z,2026-05-23T10:30Z
balancing_energy_bids,84,2026-05-23T10:30:00,PT15M,2026-05-23T10:45Z,2026-05-23T10:30Z,102,1,1,10Y1001C--00090V,AUCTION-aFRR,B74,10YSK-SEPS-----K,EUR,A01,A01,20260523051-AFRR_P-UNIT_019-1,MWH,MAW,A01,A06,2026-05-23T10:45Z,2026-05-23T10:30Z
balancing_energy_bids,85,2026-05-23T10:30:00,PT15M,2026-05-23T10:45Z,2026-05-23T10:30Z,300,1,1,10Y1001C--00090V,AUCTION-aFRR,B74,10YSK-SEPS-----K,EUR,A01,A01,20260523051-AFRR_P-UNIT_106-1,MWH,MAW,A01,A11,2026-05-23T10:45Z,2026-05-23T10:30Z
balancing_energy_bids,86,2026-05-23T10:30:00,PT15M,2026-05-23T10:45Z,2026-05-23T10:30Z,189,1,8,10Y1001C--00090V,AUCTION-aFRR,B74,10YSK-SEPS-----K,EUR,A01,A01,20260523051-AFRR_P-UNIT_123-1,MWH,MAW,A01,A06,2026-05-23T10:45Z,2026-05-23T10:30Z
balancing_energy_bids,87,2026-05-23T10:30:00,PT15M,2026-05-23T10:45Z,2026-05-23T10:30Z,-21.14,1,1,10Y1001C--00090V,AUCTION-aFRR,B74,10YSK-SEPS-----K,EUR,A01,A02,20260523051-AFRR_N-UNIT_068-1,MWH,MAW,A01,A11,2026-05-23T10:45Z,2026-05-23T10:30Z
balancing_energy_bids,88,2026-05-23T10:30:00,PT15M,2026-05-23T10:45Z,2026-05-23T10:30Z,-30,1,6,10Y1001C--00090V,AUCTION-aFRR,B74,10YSK-SEPS-----K,EUR,A01,A02,20260523051-AFRR_N-UNIT_052-1,MWH,MAW,A01,A06,2026-05-23T10:45Z,2026-05-23T10:30Z
balancing_energy_bids,89,2026-05-23T10:30:00,PT15M,2026-05-23T10:45Z,2026-05-23T10:30Z,-144,1,5,10Y1001C--00090V,AUCTION-aFRR,B74,10YSK-SEPS-----K,EUR,A01,A02,20260523051-AFRR_N-UNIT_051-1,MWH,MAW,A01,A06,2026-05-23T10:45Z,2026-05-23T10:30Z
balancing_energy_bids,90,2026-05-23T10:30:00,PT15M,2026-05-23T10:45Z,2026-05-23T10:30Z,-250,1,12,10Y1001C--00090V,AUCTION-aFRR,B74,10YSK-SEPS-----K,EUR,A01,A02,20260523051-AFRR_N-UNIT_069-1,MWH,MAW,A01,A06,2026-05-23T10:45Z,2026-05-23T10:30Z
balancing_energy_bids,91,2026-05-23T10:30:00,PT15M,2026-05-23T10:45Z,2026-05-23T10:30Z,-50,1,1,10Y1001C--00090V,AUCTION-aFRR,B74,10YSK-SEPS-----K,EUR,A01,A02,20260523051-AFRR_N-UNIT_058-1,MWH,MAW,A01,A11,2026-05-23T10:45Z,2026-05-23T10:30Z
balancing_energy_bids,92,2026-05-23T10:30:00,PT15M,2026-05-23T10:45Z,2026-05-23T10:30Z,-22.65,1,8,10Y1001C--00090V,AUCTION-aFRR,B74,10YSK-SEPS-----K,EUR,A01,A02,20260523051-AFRR_N-UNIT_013-1,MWH,MAW,A01,A06,2026-05-23T10:45Z,2026-05-23T10:30Z
balancing_energy_bids,93,2026-05-23T10:30:00,PT15M,2026-05-23T10:45Z,2026-05-23T10:30Z,-22.65,1,30,10Y1001C--00090V,AUCTION-aFRR,B74,10YSK-SEPS-----K,EUR,A01,A02,20260523051-AFRR_N-UNIT_010-1,MWH,MAW,A01,A06,2026-05-23T10:45Z,2026-05-23T10:30Z
balancing_energy_bids,94,2026-05-23T10:30:00,PT15M,2026-05-23T10:45Z,2026-05-23T10:30Z,10,1,2,10Y1001C--00090V,AUCTION-aFRR,B74,10YSK-SEPS-----K,EUR,A01,A02,20260523051-AFRR_N-UNIT_043-1,MWH,MAW,A01,A06,2026-05-23T10:45Z,2026-05-23T10:30Z
balancing_energy_bids,95,2026-05-23T10:30:00,PT15M,2026-05-23T10:45Z,2026-05-23T10:30Z,0,1,4,10Y1001C--00090V,AUCTION-aFRR,B74,10YSK-SEPS-----K,EUR,A01,A02,20260523051-AFRR_N-UNIT_104-1,MWH,MAW,A01,A06,2026-05-23T10:45Z,2026-05-23T10:30Z
balancing_energy_bids,96,2026-05-23T10:30:00,PT15M,2026-05-23T10:45Z,2026-05-23T10:30Z,-275.1,1,3,10Y1001C--00090V,AUCTION-aFRR,B74,10YSK-SEPS-----K,EUR,A01,A02,20260523051-AFRR_N-UNIT_089-1,MWH,MAW,A01,A06,2026-05-23T10:45Z,2026-05-23T10:30Z
balancing_energy_bids,97,2026-05-23T10:30:00,PT15M,2026-05-23T10:45Z,2026-05-23T10:30Z,-50,1,5,10Y1001C--00090V,AUCTION-aFRR,B74,10YSK-SEPS-----K,EUR,A01,A02,20260523051-AFRR_N-UNIT_097-1,MWH,MAW,A01,A06,2026-05-23T10:45Z,2026-05-23T10:30Z
balancing_energy_bids,98,2026-05-23T10:30:00,PT15M,2026-05-23T10:45Z,2026-05-23T10:30Z,-199,1,1,10Y1001C--00090V,AUCTION-aFRR,B74,10YSK-SEPS-----K,EUR,A01,A02,20260523051-AFRR_N-UNIT_019-1,MWH,MAW,A01,A11,2026-05-23T10:45Z,2026-05-23T10:30Z
balancing_energy_bids,99,2026-05-23T10:30:00,PT15M,2026-05-23T10:45Z,2026-05-23T10:30Z,-19,1,1,10Y1001C--00090V,AUCTION-aFRR,B74,10YSK-SEPS-----K,EUR,A01,A02,20260523051-AFRR_N-UNIT_106-1,MWH,MAW,A01,A06,2026-05-23T10:45Z,2026-05-23T10:30Z
balancing_energy_bids,100,2026-05-23T10:30:00,PT15M,2026-05-23T10:45Z,2026-05-23T10:30Z,-5,1,5,10Y1001C--00090V,AUCTION-aFRR,B74,10YSK-SEPS-----K,EUR,A01,A02,20260523051-AFRR_N-UNIT_123-1,MWH,MAW,A01,A06,2026-05-23T10:45Z,2026-05-23T10:30Z
balancing_energy_bids,1,2026-05-23T10:45:00,PT15M,2026-05-23T11:00Z,2026-05-23T10:45Z,5,1,5,10Y1001C--00090V,AUCTION-aFRR,B74,10YSK-SEPS-----K,EUR,A01,A01,20260523052-AFRR_P-UNIT_028-1,MWH,MAW,A01,A06,2026-05-23T11:00Z,2026-05-23T10:45Z
balancing_energy_bids,2,2026-05-23T10:45:00,PT15M,2026-05-23T11:00Z,2026-05-23T10:45Z,-55,1,5,10Y1001C--00090V,AUCTION-aFRR,B74,10YSK-SEPS-----K,EUR,A01,A02,20260523052-AFRR_N-UNIT_028-1,MWH,MAW,A01,A06,2026-05-23T11:00Z,2026-05-23T10:45Z
balancing_energy_bids,3,2026-05-23T10:45:00,PT15M,2026-05-23T11:00Z,2026-05-23T10:45Z,132,1,1,10Y1001C--00090V,AUCTION-aFRR,B74,10YSK-SEPS-----K,EUR,A01,A01,20260523052-AFRR_P-UNIT_068-1,MWH,MAW,A01,A11,2026-05-23T11:00Z,2026-05-23T10:45Z
balancing_energy_bids,4,2026-05-23T10:45:00,PT15M,2026-05-23T11:00Z,2026-05-23T10:45Z,140,1,31,10Y1001C--00090V,AUCTION-aFRR,B74,10YSK-SEPS-----K,EUR,A01,A01,20260523052-AFRR_P-UNIT_052-1,MWH,MAW,A01,A06,2026-05-23T11:00Z,2026-05-23T10:45Z
balancing_energy_bids,5,2026-05-23T10:45:00,PT15M,2026-05-23T11:00Z,2026-05-23T10:45Z,500,1,10,10Y1001C--00090V,AUCTION-aFRR,B74,10YSK-SEPS-----K,EUR,A01,A01,20260523052-AFRR_P-UNIT_047-1,MWH,MAW,A01,A06,2026-05-23T11:00Z,2026-05-23T10:45Z
balancing_energy_bids,6,2026-05-23T10:45:00,PT15M,2026-05-23T11:00Z,2026-05-23T10:45Z,350,1,17,10Y1001C--00090V,AUCTION-aFRR,B74,10YSK-SEPS-----K,EUR,A01,A01,20260523052-AFRR_P-UNIT_051-1,MWH,MAW,A01,A06,2026-05-23T11:00Z,2026-05-23T10:45Z
balancing_energy_bids,7,2026-05-23T10:45:00,PT15M,2026-05-23T11:00Z,2026-05-23T10:45Z,135,1,15,10Y1001C--00090V,AUCTION-aFRR,B74,10YSK-SEPS-----K,EUR,A01,A01,20260523052-AFRR_P-UNIT_069-1,MWH,MAW,A01,A06,2026-05-23T11:00Z,2026-05-23T10:45Z
balancing_energy_bids,8,2026-05-23T10:45:00,PT15M,2026-05-23T11:00Z,2026-05-23T10:45Z,200,1,1,10Y1001C--00090V,AUCTION-aFRR,B74,10YSK-SEPS-----K,EUR,A01,A01,20260523052-AFRR_P-UNIT_058-1,MWH,MAW,A01,A11,2026-05-23T11:00Z,2026-05-23T10:45Z
balancing_energy_bids,9,2026-05-23T10:45:00,PT15M,2026-05-23T11:00Z,2026-05-23T10:45Z,190.07,1,20,10Y1001C--00090V,AUCTION-aFRR,B74,10YSK-SEPS-----K,EUR,A01,A01,20260523052-AFRR_P-UNIT_013-1,MWH,MAW,A01,A06,2026-05-23T11:00Z,2026-05-23T10:45Z
balancing_energy_bids,10,2026-05-23T10:45:00,PT15M,2026-05-23T11:00Z,2026-05-23T10:45Z,105,1,5,10Y1001C--00090V,AUCTION-aFRR,B74,10YSK-SEPS-----K,EUR,A01,A01,20260523052-AFRR_P-UNIT_062-1,MWH,MAW,A01,A06,2026-05-23T11:00Z,2026-05-23T10:45Z
balancing_energy_bids,11,2026-05-23T10:45:00,PT15M,2026-05-23T11:00Z,2026-05-23T10:45Z,105,1,3,10Y1001C--00090V,AUCTION-aFRR,B74,10YSK-SEPS-----K,EUR,A01,A01,20260523052-AFRR_P-UNIT_043-1,MWH,MAW,A01,A06,2026-05-23T11:00Z,2026-05-23T10:45Z
balancing_energy_bids,12,2026-05-23T10:45:00,PT15M,2026-05-23T11:00Z,2026-05-23T10:45Z,110,1,10,10Y1001C--00090V,AUCTION-aFRR,B74,10YSK-SEPS-----K,EUR,A01,A01,20260523052-AFRR_P-UNIT_063-1,MWH,MAW,A01,A06,2026-05-23T11:00Z,2026-05-23T10:45Z
balancing_energy_bids,13,2026-05-23T10:45:00,PT15M,2026-05-23T11:00Z,2026-05-23T10:45Z,749,1,3,10Y1001C--00090V,AUCTION-aFRR,B74,10YSK-SEPS-----K,EUR,A01,A01,20260523052-AFRR_P-UNIT_078-1,MWH,MAW,A01,A06,2026-05-23T11:00Z,2026-05-23T10:45Z
balancing_energy_bids,14,2026-05-23T10:45:00,PT15M,2026-05-23T11:00Z,2026-05-23T10:45Z,750,1,11,10Y1001C--00090V,AUCTION-aFRR,B74,10YSK-SEPS-----K,EUR,A01,A01,20260523052-AFRR_P-UNIT_104-1,MWH,MAW,A01,A06,2026-05-23T11:00Z,2026-05-23T10:45Z
balancing_energy_bids,15,2026-05-23T10:45:00,PT15M,2026-05-23T11:00Z,2026-05-23T10:45Z,85,1,2,10Y1001C--00090V,AUCTION-aFRR,B74,10YSK-SEPS-----K,EUR,A01,A01,20260523052-AFRR_P-UNIT_097-1,MWH,MAW,A01,A06,2026-05-23T11:00Z,2026-05-23T10:45Z
balancing_energy_bids,16,2026-05-23T10:45:00,PT15M,2026-05-23T11:00Z,2026-05-23T10:45Z,100,1,1,10Y1001C--00090V,AUCTION-aFRR,B74,10YSK-SEPS-----K,EUR,A01,A01,20260523052-AFRR_P-UNIT_019-1,MWH,MAW,A01,A06,2026-05-23T11:00Z,2026-05-23T10:45Z
balancing_energy_bids,17,2026-05-23T10:45:00,PT15M,2026-05-23T11:00Z,2026-05-23T10:45Z,300,1,1,10Y1001C--00090V,AUCTION-aFRR,B74,10YSK-SEPS-----K,EUR,A01,A01,20260523052-AFRR_P-UNIT_106-1,MWH,MAW,A01,A11,2026-05-23T11:00Z,2026-05-23T10:45Z
balancing_energy_bids,18,2026-05-23T10:45:00,PT15M,2026-05-23T11:00Z,2026-05-23T10:45Z,189,1,8,10Y1001C--00090V,AUCTION-aFRR,B74,10YSK-SEPS-----K,EUR,A01,A01,20260523052-AFRR_P-UNIT_123-1,MWH,MAW,A01,A06,2026-05-23T11:00Z,2026-05-23T10:45Z
balancing_energy_bids,19,2026-05-23T10:45:00,PT15M,2026-05-23T11:00Z,2026-05-23T10:45Z,-31.22,1,1,10Y1001C--00090V,AUCTION-aFRR,B74,10YSK-SEPS-----K,EUR,A01,A02,20260523052-AFRR_N-UNIT_068-1,MWH,MAW,A01,A11,2026-05-23T11:00Z,2026-05-23T10:45Z
balancing_energy_bids,20,2026-05-23T10:45:00,PT15M,2026-05-23T11:00Z,2026-05-23T10:45Z,-30,1,6,10Y1001C--00090V,AUCTION-aFRR,B74,10YSK-SEPS-----K,EUR,A01,A02,20260523052-AFRR_N-UNIT_052-1,MWH,MAW,A01,A06,2026-05-23T11:00Z,2026-05-23T10:45Z
balancing_energy_bids,21,2026-05-23T10:45:00,PT15M,2026-05-23T11:00Z,2026-05-23T10:45Z,-144,1,5,10Y1001C--00090V,AUCTION-aFRR,B74,10YSK-SEPS-----K,EUR,A01,A02,20260523052-AFRR_N-UNIT_051-1,MWH,MAW,A01,A06,2026-05-23T11:00Z,2026-05-23T10:45Z
balancing_energy_bids,22,2026-05-23T10:45:00,PT15M,2026-05-23T11:00Z,2026-05-23T10:45Z,-250,1,12,10Y1001C--00090V,AUCTION-aFRR,B74,10YSK-SEPS-----K,EUR,A01,A02,20260523052-AFRR_N-UNIT_069-1,MWH,MAW,A01,A06,2026-05-23T11:00Z,2026-05-23T10:45Z
balancing_energy_bids,23,2026-05-23T10:45:00,PT15M,2026-05-23T11:00Z,2026-05-23T10:45Z,-50,1,1,10Y1001C--00090V,AUCTION-aFRR,B74,10YSK-SEPS-----K,EUR,A01,A02,20260523052-AFRR_N-UNIT_058-1,MWH,MAW,A01,A11,2026-05-23T11:00Z,2026-05-23T10:45Z
balancing_energy_bids,24,2026-05-23T10:45:00,PT15M,2026-05-23T11:00Z,2026-05-23T10:45Z,-33.45,1,8,10Y1001C--00090V,AUCTION-aFRR,B74,10YSK-SEPS-----K,EUR,A01,A02,20260523052-AFRR_N-UNIT_013-1,MWH,MAW,A01,A06,2026-05-23T11:00Z,2026-05-23T10:45Z
balancing_energy_bids,25,2026-05-23T10:45:00,PT15M,2026-05-23T11:00Z,2026-05-23T10:45Z,-33.45,1,30,10Y1001C--00090V,AUCTION-aFRR,B74,10YSK-SEPS-----K,EUR,A01,A02,20260523052-AFRR_N-UNIT_010-1,MWH,MAW,A01,A06,2026-05-23T11:00Z,2026-05-23T10:45Z
balancing_energy_bids,26,2026-05-23T10:45:00,PT15M,2026-05-23T11:00Z,2026-05-23T10:45Z,10,1,2,10Y1001C--00090V,AUCTION-aFRR,B74,10YSK-SEPS-----K,EUR,A01,A02,20260523052-AFRR_N-UNIT_043-1,MWH,MAW,A01,A06,2026-05-23T11:00Z,2026-05-23T10:45Z
balancing_energy_bids,27,2026-05-23T10:45:00,PT15M,2026-05-23T11:00Z,2026-05-23T10:45Z,0,1,4,10Y1001C--00090V,AUCTION-aFRR,B74,10YSK-SEPS-----K,EUR,A01,A02,20260523052-AFRR_N-UNIT_104-1,MWH,MAW,A01,A06,2026-05-23T11:00Z,2026-05-23T10:45Z
balancing_energy_bids,28,2026-05-23T10:45:00,PT15M,2026-05-23T11:00Z,2026-05-23T10:45Z,-282.3,1,3,10Y1001C--00090V,AUCTION-aFRR,B74,10YSK-SEPS-----K,EUR,A01,A02,20260523052-AFRR_N-UNIT_089-1,MWH,MAW,A01,A06,2026-05-23T11:00Z,2026-05-23T10:45Z
balancing_energy_bids,29,2026-05-23T10:45:00,PT15M,2026-05-23T11:00Z,2026-05-23T10:45Z,-50,1,5,10Y1001C--00090V,AUCTION-aFRR,B74,10YSK-SEPS-----K,EUR,A01,A02,20260523052-AFRR_N-UNIT_097-1,MWH,MAW,A01,A06,2026-05-23T11:00Z,2026-05-23T10:45Z
balancing_energy_bids,30,2026-05-23T10:45:00,PT15M,2026-05-23T11:00Z,2026-05-23T10:45Z,-199,1,1,10Y1001C--00090V,AUCTION-aFRR,B74,10YSK-SEPS-----K,EUR,A01,A02,20260523052-AFRR_N-UNIT_019-1,MWH,MAW,A01,A11,2026-05-23T11:00Z,2026-05-23T10:45Z
balancing_energy_bids,31,2026-05-23T10:45:00,PT15M,2026-05-23T11:00Z,2026-05-23T10:45Z,-19,1,1,10Y1001C--00090V,AUCTION-aFRR,B74,10YSK-SEPS-----K,EUR,A01,A02,20260523052-AFRR_N-UNIT_106-1,MWH,MAW,A01,A06,2026-05-23T11:00Z,2026-05-23T10:45Z
balancing_energy_bids,32,2026-05-23T10:45:00,PT15M,2026-05-23T11:00Z,2026-05-23T10:45Z,-5,1,5,10Y1001C--00090V,AUCTION-aFRR,B74,10YSK-SEPS-----K,EUR,A01,A02,20260523052-AFRR_N-UNIT_123-1,MWH,MAW,A01,A06,2026-05-23T11:00Z,2026-05-23T10:45Z
balancing_energy_bids,33,2026-05-23T11:00:00,PT15M,2026-05-23T11:15Z,2026-05-23T11:00Z,5,1,5,10Y1001C--00090V,AUCTION-aFRR,B74,10YSK-SEPS-----K,EUR,A01,A01,20260523053-AFRR_P-UNIT_028-1,MWH,MAW,A01,A06,2026-05-23T11:15Z,2026-05-23T11:00Z
balancing_energy_bids,34,2026-05-23T11:00:00,PT15M,2026-05-23T11:15Z,2026-05-23T11:00Z,-55,1,5,10Y1001C--00090V,AUCTION-aFRR,B74,10YSK-SEPS-----K,EUR,A01,A02,20260523053-AFRR_N-UNIT_028-1,MWH,MAW,A01,A06,2026-05-23T11:15Z,2026-05-23T11:00Z
balancing_energy_bids,35,2026-05-23T11:00:00,PT15M,2026-05-23T11:15Z,2026-05-23T11:00Z,132,1,1,10Y1001C--00090V,AUCTION-aFRR,B74,10YSK-SEPS-----K,EUR,A01,A01,20260523053-AFRR_P-UNIT_068-1,MWH,MAW,A01,A11,2026-05-23T11:15Z,2026-05-23T11:00Z
balancing_energy_bids,36,2026-05-23T11:00:00,PT15M,2026-05-23T11:15Z,2026-05-23T11:00Z,140,1,31,10Y1001C--00090V,AUCTION-aFRR,B74,10YSK-SEPS-----K,EUR,A01,A01,20260523053-AFRR_P-UNIT_052-1,MWH,MAW,A01,A06,2026-05-23T11:15Z,2026-05-23T11:00Z
balancing_energy_bids,37,2026-05-23T11:00:00,PT15M,2026-05-23T11:15Z,2026-05-23T11:00Z,500,1,10,10Y1001C--00090V,AUCTION-aFRR,B74,10YSK-SEPS-----K,EUR,A01,A01,20260523053-AFRR_P-UNIT_047-1,MWH,MAW,A01,A06,2026-05-23T11:15Z,2026-05-23T11:00Z
balancing_energy_bids,38,2026-05-23T11:00:00,PT15M,2026-05-23T11:15Z,2026-05-23T11:00Z,350,1,17,10Y1001C--00090V,AUCTION-aFRR,B74,10YSK-SEPS-----K,EUR,A01,A01,20260523053-AFRR_P-UNIT_051-1,MWH,MAW,A01,A06,2026-05-23T11:15Z,2026-05-23T11:00Z
balancing_energy_bids,39,2026-05-23T11:00:00,PT15M,2026-05-23T11:15Z,2026-05-23T11:00Z,135,1,15,10Y1001C--00090V,AUCTION-aFRR,B74,10YSK-SEPS-----K,EUR,A01,A01,20260523053-AFRR_P-UNIT_069-1,MWH,MAW,A01,A06,2026-05-23T11:15Z,2026-05-23T11:00Z
balancing_energy_bids,40,2026-05-23T11:00:00,PT15M,2026-05-23T11:15Z,2026-05-23T11:00Z,200,1,1,10Y1001C--00090V,AUCTION-aFRR,B74,10YSK-SEPS-----K,EUR,A01,A01,20260523053-AFRR_P-UNIT_058-1,MWH,MAW,A01,A11,2026-05-23T11:15Z,2026-05-23T11:00Z
balancing_energy_bids,41,2026-05-23T11:00:00,PT15M,2026-05-23T11:15Z,2026-05-23T11:00Z,190.07,1,20,10Y1001C--00090V,AUCTION-aFRR,B74,10YSK-SEPS-----K,EUR,A01,A01,20260523053-AFRR_P-UNIT_013-1,MWH,MAW,A01,A06,2026-05-23T11:15Z,2026-05-23T11:00Z
balancing_energy_bids,42,2026-05-23T11:00:00,PT15M,2026-05-23T11:15Z,2026-05-23T11:00Z,105,1,5,10Y1001C--00090V,AUCTION-aFRR,B74,10YSK-SEPS-----K,EUR,A01,A01,20260523053-AFRR_P-UNIT_062-1,MWH,MAW,A01,A06,2026-05-23T11:15Z,2026-05-23T11:00Z
balancing_energy_bids,43,2026-05-23T11:00:00,PT15M,2026-05-23T11:15Z,2026-05-23T11:00Z,105,1,3,10Y1001C--00090V,AUCTION-aFRR,B74,10YSK-SEPS-----K,EUR,A01,A01,20260523053-AFRR_P-UNIT_043-1,MWH,MAW,A01,A06,2026-05-23T11:15Z,2026-05-23T11:00Z
balancing_energy_bids,44,2026-05-23T11:00:00,PT15M,2026-05-23T11:15Z,2026-05-23T11:00Z,110,1,10,10Y1001C--00090V,AUCTION-aFRR,B74,10YSK-SEPS-----K,EUR,A01,A01,20260523053-AFRR_P-UNIT_063-1,MWH,MAW,A01,A06,2026-05-23T11:15Z,2026-05-23T11:00Z
balancing_energy_bids,45,2026-05-23T11:00:00,PT15M,2026-05-23T11:15Z,2026-05-23T11:00Z,749,1,3,10Y1001C--00090V,AUCTION-aFRR,B74,10YSK-SEPS-----K,EUR,A01,A01,20260523053-AFRR_P-UNIT_078-1,MWH,MAW,A01,A06,2026-05-23T11:15Z,2026-05-23T11:00Z
balancing_energy_bids,46,2026-05-23T11:00:00,PT15M,2026-05-23T11:15Z,2026-05-23T11:00Z,750,1,11,10Y1001C--00090V,AUCTION-aFRR,B74,10YSK-SEPS-----K,EUR,A01,A01,20260523053-AFRR_P-UNIT_104-1,MWH,MAW,A01,A06,2026-05-23T11:15Z,2026-05-23T11:00Z
balancing_energy_bids,47,2026-05-23T11:00:00,PT15M,2026-05-23T11:15Z,2026-05-23T11:00Z,85,1,2,10Y1001C--00090V,AUCTION-aFRR,B74,10YSK-SEPS-----K,EUR,A01,A01,20260523053-AFRR_P-UNIT_097-1,MWH,MAW,A01,A06,2026-05-23T11:15Z,2026-05-23T11:00Z
balancing_energy_bids,48,2026-05-23T11:00:00,PT15M,2026-05-23T11:15Z,2026-05-23T11:00Z,102,1,1,10Y1001C--00090V,AUCTION-aFRR,B74,10YSK-SEPS-----K,EUR,A01,A01,20260523053-AFRR_P-UNIT_019-1,MWH,MAW,A01,A06,2026-05-23T11:15Z,2026-05-23T11:00Z
balancing_energy_bids,49,2026-05-23T11:00:00,PT15M,2026-05-23T11:15Z,2026-05-23T11:00Z,300,1,1,10Y1001C--00090V,AUCTION-aFRR,B74,10YSK-SEPS-----K,EUR,A01,A01,20260523053-AFRR_P-UNIT_106-1,MWH,MAW,A01,A11,2026-05-23T11:15Z,2026-05-23T11:00Z
balancing_energy_bids,50,2026-05-23T11:00:00,PT15M,2026-05-23T11:15Z,2026-05-23T11:00Z,189,1,8,10Y1001C--00090V,AUCTION-aFRR,B74,10YSK-SEPS-----K,EUR,A01,A01,20260523053-AFRR_P-UNIT_123-1,MWH,MAW,A01,A06,2026-05-23T11:15Z,2026-05-23T11:00Z
balancing_energy_bids,51,2026-05-23T11:00:00,PT15M,2026-05-23T11:15Z,2026-05-23T11:00Z,-38.71,1,1,10Y1001C--00090V,AUCTION-aFRR,B74,10YSK-SEPS-----K,EUR,A01,A02,20260523053-AFRR_N-UNIT_068-1,MWH,MAW,A01,A11,2026-05-23T11:15Z,2026-05-23T11:00Z
balancing_energy_bids,52,2026-05-23T11:00:00,PT15M,2026-05-23T11:15Z,2026-05-23T11:00Z,-30,1,6,10Y1001C--00090V,AUCTION-aFRR,B74,10YSK-SEPS-----K,EUR,A01,A02,20260523053-AFRR_N-UNIT_052-1,MWH,MAW,A01,A06,2026-05-23T11:15Z,2026-05-23T11:00Z
balancing_energy_bids,53,2026-05-23T11:00:00,PT15M,2026-05-23T11:15Z,2026-05-23T11:00Z,-144,1,5,10Y1001C--00090V,AUCTION-aFRR,B74,10YSK-SEPS-----K,EUR,A01,A02,20260523053-AFRR_N-UNIT_051-1,MWH,MAW,A01,A06,2026-05-23T11:15Z,2026-05-23T11:00Z
balancing_energy_bids,54,2026-05-23T11:00:00,PT15M,2026-05-23T11:15Z,2026-05-23T11:00Z,-250,1,12,10Y1001C--00090V,AUCTION-aFRR,B74,10YSK-SEPS-----K,EUR,A01,A02,20260523053-AFRR_N-UNIT_069-1,MWH,MAW,A01,A06,2026-05-23T11:15Z,2026-05-23T11:00Z
balancing_energy_bids,55,2026-05-23T11:00:00,PT15M,2026-05-23T11:15Z,2026-05-23T11:00Z,-50,1,1,10Y1001C--00090V,AUCTION-aFRR,B74,10YSK-SEPS-----K,EUR,A01,A02,20260523053-AFRR_N-UNIT_058-1,MWH,MAW,A01,A11,2026-05-23T11:15Z,2026-05-23T11:00Z
balancing_energy_bids,56,2026-05-23T11:00:00,PT15M,2026-05-23T11:15Z,2026-05-23T11:00Z,-41.48,1,8,10Y1001C--00090V,AUCTION-aFRR,B74,10YSK-SEPS-----K,EUR,A01,A02,20260523053-AFRR_N-UNIT_013-1,MWH,MAW,A01,A06,2026-05-23T11:15Z,2026-05-23T11:00Z
balancing_energy_bids,57,2026-05-23T11:00:00,PT15M,2026-05-23T11:15Z,2026-05-23T11:00Z,-41.48,1,30,10Y1001C--00090V,AUCTION-aFRR,B74,10YSK-SEPS-----K,EUR,A01,A02,20260523053-AFRR_N-UNIT_010-1,MWH,MAW,A01,A06,2026-05-23T11:15Z,2026-05-23T11:00Z
balancing_energy_bids,58,2026-05-23T11:00:00,PT15M,2026-05-23T11:15Z,2026-05-23T11:00Z,10,1,2,10Y1001C--00090V,AUCTION-aFRR,B74,10YSK-SEPS-----K,EUR,A01,A02,20260523053-AFRR_N-UNIT_043-1,MWH,MAW,A01,A06,2026-05-23T11:15Z,2026-05-23T11:00Z
balancing_energy_bids,59,2026-05-23T11:00:00,PT15M,2026-05-23T11:15Z,2026-05-23T11:00Z,0,1,4,10Y1001C--00090V,AUCTION-aFRR,B74,10YSK-SEPS-----K,EUR,A01,A02,20260523053-AFRR_N-UNIT_104-1,MWH,MAW,A01,A06,2026-05-23T11:15Z,2026-05-23T11:00Z
balancing_energy_bids,60,2026-05-23T11:00:00,PT15M,2026-05-23T11:15Z,2026-05-23T11:00Z,-287.65,1,3,10Y1001C--00090V,AUCTION-aFRR,B74,10YSK-SEPS-----K,EUR,A01,A02,20260523053-AFRR_N-UNIT_089-1,MWH,MAW,A01,A06,2026-05-23T11:15Z,2026-05-23T11:00Z
balancing_energy_bids,61,2026-05-23T11:00:00,PT15M,2026-05-23T11:15Z,2026-05-23T11:00Z,-50,1,5,10Y1001C--00090V,AUCTION-aFRR,B74,10YSK-SEPS-----K,EUR,A01,A02,20260523053-AFRR_N-UNIT_097-1,MWH,MAW,A01,A06,2026-05-23T11:15Z,2026-05-23T11:00Z
balancing_energy_bids,62,2026-05-23T11:00:00,PT15M,2026-05-23T11:15Z,2026-05-23T11:00Z,-199,1,1,10Y1001C--00090V,AUCTION-aFRR,B74,10YSK-SEPS-----K,EUR,A01,A02,20260523053-AFRR_N-UNIT_019-1,MWH,MAW,A01,A11,2026-05-23T11:15Z,2026-05-23T11:00Z
balancing_energy_bids,63,2026-05-23T11:00:00,PT15M,2026-05-23T11:15Z,2026-05-23T11:00Z,-19,1,1,10Y1001C--00090V,AUCTION-aFRR,B74,10YSK-SEPS-----K,EUR,A01,A02,20260523053-AFRR_N-UNIT_106-1,MWH,MAW,A01,A06,2026-05-23T11:15Z,2026-05-23T11:00Z
balancing_energy_bids,64,2026-05-23T11:00:00,PT15M,2026-05-23T11:15Z,2026-05-23T11:00Z,-5,1,5,10Y1001C--00090V,AUCTION-aFRR,B74,10YSK-SEPS-----K,EUR,A01,A02,20260523053-AFRR_N-UNIT_123-1,MWH,MAW,A01,A06,2026-05-23T11:15Z,2026-05-23T11:00Z
balancing_energy_bids,65,2026-05-23T11:15:00,PT15M,2026-05-23T11:30Z,2026-05-23T11:15Z,5,1,5,10Y1001C--00090V,AUCTION-aFRR,B74,10YSK-SEPS-----K,EUR,A01,A01,20260523054-AFRR_P-UNIT_028-1,MWH,MAW,A01,A06,2026-05-23T11:30Z,2026-05-23T11:15Z
balancing_energy_bids,66,2026-05-23T11:15:00,PT15M,2026-05-23T11:30Z,2026-05-23T11:15Z,-55,1,5,10Y1001C--00090V,AUCTION-aFRR,B74,10YSK-SEPS-----K,EUR,A01,A02,20260523054-AFRR_N-UNIT_028-1,MWH,MAW,A01,A06,2026-05-23T11:30Z,2026-05-23T11:15Z
balancing_energy_bids,67,2026-05-23T11:15:00,PT15M,2026-05-23T11:30Z,2026-05-23T11:15Z,200,1,1,10Y1001C--00090V,AUCTION-aFRR,B74,10YSK-SEPS-----K,EUR,A01,A01,20260523054-AFRR_P-UNIT_058-1,MWH,MAW,A01,A11,2026-05-23T11:30Z,2026-05-23T11:15Z
balancing_energy_bids,68,2026-05-23T11:15:00,PT15M,2026-05-23T11:30Z,2026-05-23T11:15Z,190.07,1,20,10Y1001C--00090V,AUCTION-aFRR,B74,10YSK-SEPS-----K,EUR,A01,A01,20260523054-AFRR_P-UNIT_013-1,MWH,MAW,A01,A06,2026-05-23T11:30Z,2026-05-23T11:15Z
balancing_energy_bids,69,2026-05-23T11:15:00,PT15M,2026-05-23T11:30Z,2026-05-23T11:15Z,105,1,5,10Y1001C--00090V,AUCTION-aFRR,B74,10YSK-SEPS-----K,EUR,A01,A01,20260523054-AFRR_P-UNIT_062-1,MWH,MAW,A01,A06,2026-05-23T11:30Z,2026-05-23T11:15Z
balancing_energy_bids,70,2026-05-23T11:15:00,PT15M,2026-05-23T11:30Z,2026-05-23T11:15Z,105,1,3,10Y1001C--00090V,AUCTION-aFRR,B74,10YSK-SEPS-----K,EUR,A01,A01,20260523054-AFRR_P-UNIT_043-1,MWH,MAW,A01,A06,2026-05-23T11:30Z,2026-05-23T11:15Z
balancing_energy_bids,71,2026-05-23T11:15:00,PT15M,2026-05-23T11:30Z,2026-05-23T11:15Z,110,1,10,10Y1001C--00090V,AUCTION-aFRR,B74,10YSK-SEPS-----K,EUR,A01,A01,20260523054-AFRR_P-UNIT_063-1,MWH,MAW,A01,A06,2026-05-23T11:30Z,2026-05-23T11:15Z
balancing_energy_bids,72,2026-05-23T11:15:00,PT15M,2026-05-23T11:30Z,2026-05-23T11:15Z,749,1,3,10Y1001C--00090V,AUCTION-aFRR,B74,10YSK-SEPS-----K,EUR,A01,A01,20260523054-AFRR_P-UNIT_078-1,MWH,MAW,A01,A06,2026-05-23T11:30Z,2026-05-23T11:15Z
balancing_energy_bids,73,2026-05-23T11:15:00,PT15M,2026-05-23T11:30Z,2026-05-23T11:15Z,750,1,11,10Y1001C--00090V,AUCTION-aFRR,B74,10YSK-SEPS-----K,EUR,A01,A01,20260523054-AFRR_P-UNIT_104-1,MWH,MAW,A01,A06,2026-05-23T11:30Z,2026-05-23T11:15Z
balancing_energy_bids,74,2026-05-23T11:15:00,PT15M,2026-05-23T11:30Z,2026-05-23T11:15Z,85,1,2,10Y1001C--00090V,AUCTION-aFRR,B74,10YSK-SEPS-----K,EUR,A01,A01,20260523054-AFRR_P-UNIT_097-1,MWH,MAW,A01,A06,2026-05-23T11:30Z,2026-05-23T11:15Z
balancing_energy_bids,75,2026-05-23T11:15:00,PT15M,2026-05-23T11:30Z,2026-05-23T11:15Z,102,1,1,10Y1001C--00090V,AUCTION-aFRR,B74,10YSK-SEPS-----K,EUR,A01,A01,20260523054-AFRR_P-UNIT_019-1,MWH,MAW,A01,A06,2026-05-23T11:30Z,2026-05-23T11:15Z
balancing_energy_bids,76,2026-05-23T11:15:00,PT15M,2026-05-23T11:30Z,2026-05-23T11:15Z,300,1,1,10Y1001C--00090V,AUCTION-aFRR,B74,10YSK-SEPS-----K,EUR,A01,A01,20260523054-AFRR_P-UNIT_106-1,MWH,MAW,A01,A11,2026-05-23T11:30Z,2026-05-23T11:15Z
balancing_energy_bids,77,2026-05-23T11:15:00,PT15M,2026-05-23T11:30Z,2026-05-23T11:15Z,189,1,8,10Y1001C--00090V,AUCTION-aFRR,B74,10YSK-SEPS-----K,EUR,A01,A01,20260523054-AFRR_P-UNIT_123-1,MWH,MAW,A01,A06,2026-05-23T11:30Z,2026-05-23T11:15Z
balancing_energy_bids,78,2026-05-23T11:15:00,PT15M,2026-05-23T11:30Z,2026-05-23T11:15Z,-46.43,1,1,10Y1001C--00090V,AUCTION-aFRR,B74,10YSK-SEPS-----K,EUR,A01,A02,20260523054-AFRR_N-UNIT_068-1,MWH,MAW,A01,A11,2026-05-23T11:30Z,2026-05-23T11:15Z
balancing_energy_bids,79,2026-05-23T11:15:00,PT15M,2026-05-23T11:30Z,2026-05-23T11:15Z,-30,1,6,10Y1001C--00090V,AUCTION-aFRR,B74,10YSK-SEPS-----K,EUR,A01,A02,20260523054-AFRR_N-UNIT_052-1,MWH,MAW,A01,A06,2026-05-23T11:30Z,2026-05-23T11:15Z
balancing_energy_bids,80,2026-05-23T11:15:00,PT15M,2026-05-23T11:30Z,2026-05-23T11:15Z,-144,1,5,10Y1001C--00090V,AUCTION-aFRR,B74,10YSK-SEPS-----K,EUR,A01,A02,20260523054-AFRR_N-UNIT_051-1,MWH,MAW,A01,A06,2026-05-23T11:30Z,2026-05-23T11:15Z
balancing_energy_bids,81,2026-05-23T11:15:00,PT15M,2026-05-23T11:30Z,2026-05-23T11:15Z,-250,1,12,10Y1001C--00090V,AUCTION-aFRR,B74,10YSK-SEPS-----K,EUR,A01,A02,20260523054-AFRR_N-UNIT_069-1,MWH,MAW,A01,A06,2026-05-23T11:30Z,2026-05-23T11:15Z
balancing_energy_bids,82,2026-05-23T11:15:00,PT15M,2026-05-23T11:30Z,2026-05-23T11:15Z,-50,1,1,10Y1001C--00090V,AUCTION-aFRR,B74,10YSK-SEPS-----K,EUR,A01,A02,20260523054-AFRR_N-UNIT_058-1,MWH,MAW,A01,A11,2026-05-23T11:30Z,2026-05-23T11:15Z
balancing_energy_bids,83,2026-05-23T11:15:00,PT15M,2026-05-23T11:30Z,2026-05-23T11:15Z,-49.76,1,8,10Y1001C--00090V,AUCTION-aFRR,B74,10YSK-SEPS-----K,EUR,A01,A02,20260523054-AFRR_N-UNIT_013-1,MWH,MAW,A01,A06,2026-05-23T11:30Z,2026-05-23T11:15Z
balancing_energy_bids,84,2026-05-23T11:15:00,PT15M,2026-05-23T11:30Z,2026-05-23T11:15Z,-49.76,1,30,10Y1001C--00090V,AUCTION-aFRR,B74,10YSK-SEPS-----K,EUR,A01,A02,20260523054-AFRR_N-UNIT_010-1,MWH,MAW,A01,A06,2026-05-23T11:30Z,2026-05-23T11:15Z
balancing_energy_bids,85,2026-05-23T11:15:00,PT15M,2026-05-23T11:30Z,2026-05-23T11:15Z,10,1,2,10Y1001C--00090V,AUCTION-aFRR,B74,10YSK-SEPS-----K,EUR,A01,A02,20260523054-AFRR_N-UNIT_043-1,MWH,MAW,A01,A06,2026-05-23T11:30Z,2026-05-23T11:15Z
balancing_energy_bids,86,2026-05-23T11:15:00,PT15M,2026-05-23T11:30Z,2026-05-23T11:15Z,0,1,4,10Y1001C--00090V,AUCTION-aFRR,B74,10YSK-SEPS-----K,EUR,A01,A02,20260523054-AFRR_N-UNIT_104-1,MWH,MAW,A01,A06,2026-05-23T11:30Z,2026-05-23T11:15Z
balancing_energy_bids,87,2026-05-23T11:15:00,PT15M,2026-05-23T11:30Z,2026-05-23T11:15Z,-293.17,1,3,10Y1001C--00090V,AUCTION-aFRR,B74,10YSK-SEPS-----K,EUR,A01,A02,20260523054-AFRR_N-UNIT_089-1,MWH,MAW,A01,A06,2026-05-23T11:30Z,2026-05-23T11:15Z
balancing_energy_bids,88,2026-05-23T11:15:00,PT15M,2026-05-23T11:30Z,2026-05-23T11:15Z,-50,1,5,10Y1001C--00090V,AUCTION-aFRR,B74,10YSK-SEPS-----K,EUR,A01,A02,20260523054-AFRR_N-UNIT_097-1,MWH,MAW,A01,A06,2026-05-23T11:30Z,2026-05-23T11:15Z
balancing_energy_bids,89,2026-05-23T11:15:00,PT15M,2026-05-23T11:30Z,2026-05-23T11:15Z,-199,1,1,10Y1001C--00090V,AUCTION-aFRR,B74,10YSK-SEPS-----K,EUR,A01,A02,20260523054-AFRR_N-UNIT_019-1,MWH,MAW,A01,A11,2026-05-23T11:30Z,2026-05-23T11:15Z
balancing_energy_bids,90,2026-05-23T11:15:00,PT15M,2026-05-23T11:30Z,2026-05-23T11:15Z,-19,1,1,10Y1001C--00090V,AUCTION-aFRR,B74,10YSK-SEPS-----K,EUR,A01,A02,20260523054-AFRR_N-UNIT_106-1,MWH,MAW,A01,A06,2026-05-23T11:30Z,2026-05-23T11:15Z
balancing_energy_bids,91,2026-05-23T11:15:00,PT15M,2026-05-23T11:30Z,2026-05-23T11:15Z,-5,1,5,10Y1001C--00090V,AUCTION-aFRR,B74,10YSK-SEPS-----K,EUR,A01,A02,20260523054-AFRR_N-UNIT_123-1,MWH,MAW,A01,A06,2026-05-23T11:30Z,2026-05-23T11:15Z
balancing_energy_bids,92,2026-05-23T11:15:00,PT15M,2026-05-23T11:30Z,2026-05-23T11:15Z,132,1,1,10Y1001C--00090V,AUCTION-aFRR,B74,10YSK-SEPS-----K,EUR,A01,A01,20260523054-AFRR_P-UNIT_068-1,MWH,MAW,A01,A11,2026-05-23T11:30Z,2026-05-23T11:15Z
balancing_energy_bids,93,2026-05-23T11:15:00,PT15M,2026-05-23T11:30Z,2026-05-23T11:15Z,140,1,31,10Y1001C--00090V,AUCTION-aFRR,B74,10YSK-SEPS-----K,EUR,A01,A01,20260523054-AFRR_P-UNIT_052-1,MWH,MAW,A01,A06,2026-05-23T11:30Z,2026-05-23T11:15Z
balancing_energy_bids,94,2026-05-23T11:15:00,PT15M,2026-05-23T11:30Z,2026-05-23T11:15Z,500,1,10,10Y1001C--00090V,AUCTION-aFRR,B74,10YSK-SEPS-----K,EUR,A01,A01,20260523054-AFRR_P-UNIT_047-1,MWH,MAW,A01,A06,2026-05-23T11:30Z,2026-05-23T11:15Z
balancing_energy_bids,95,2026-05-23T11:15:00,PT15M,2026-05-23T11:30Z,2026-05-23T11:15Z,350,1,17,10Y1001C--00090V,AUCTION-aFRR,B74,10YSK-SEPS-----K,EUR,A01,A01,20260523054-AFRR_P-UNIT_051-1,MWH,MAW,A01,A06,2026-05-23T11:30Z,2026-05-23T11:15Z
balancing_energy_bids,96,2026-05-23T11:15:00,PT15M,2026-05-23T11:30Z,2026-05-23T11:15Z,135,1,15,10Y1001C--00090V,AUCTION-aFRR,B74,10YSK-SEPS-----K,EUR,A01,A01,20260523054-AFRR_P-UNIT_069-1,MWH,MAW,A01,A06,2026-05-23T11:30Z,2026-05-23T11:15Z
balancing_energy_bids,97,2026-05-23T11:30:00,PT15M,2026-05-23T11:45Z,2026-05-23T11:30Z,132,1,1,10Y1001C--00090V,AUCTION-aFRR,B74,10YSK-SEPS-----K,EUR,A01,A01,20260523055-AFRR_P-UNIT_068-1,MWH,MAW,A01,A11,2026-05-23T11:45Z,2026-05-23T11:30Z
balancing_energy_bids,98,2026-05-23T11:30:00,PT15M,2026-05-23T11:45Z,2026-05-23T11:30Z,140,1,31,10Y1001C--00090V,AUCTION-aFRR,B74,10YSK-SEPS-----K,EUR,A01,A01,20260523055-AFRR_P-UNIT_052-1,MWH,MAW,A01,A06,2026-05-23T11:45Z,2026-05-23T11:30Z
balancing_energy_bids,99,2026-05-23T11:30:00,PT15M,2026-05-23T11:45Z,2026-05-23T11:30Z,500,1,10,10Y1001C--00090V,AUCTION-aFRR,B74,10YSK-SEPS-----K,EUR,A01,A01,20260523055-AFRR_P-UNIT_047-1,MWH,MAW,A01,A06,2026-05-23T11:45Z,2026-05-23T11:30Z
balancing_energy_bids,100,2026-05-23T11:30:00,PT15M,2026-05-23T11:45Z,2026-05-23T11:30Z,350,1,17,10Y1001C--00090V,AUCTION-aFRR,B74,10YSK-SEPS-----K,EUR,A01,A01,20260523055-AFRR_P-UNIT_051-1,MWH,MAW,A01,A06,2026-05-23T11:45Z,2026-05-23T11:30Z
balancing_energy_bids,1,2026-05-23T11:30:00,PT15M,2026-05-23T11:45Z,2026-05-23T11:30Z,135,1,15,10Y1001C--00090V,AUCTION-aFRR,B74,10YSK-SEPS-----K,EUR,A01,A01,20260523055-AFRR_P-UNIT_069-1,MWH,MAW,A01,A06,2026-05-23T11:45Z,2026-05-23T11:30Z
balancing_energy_bids,2,2026-05-23T11:30:00,PT15M,2026-05-23T11:45Z,2026-05-23T11:30Z,200,1,1,10Y1001C--00090V,AUCTION-aFRR,B74,10YSK-SEPS-----K,EUR,A01,A01,20260523055-AFRR_P-UNIT_058-1,MWH,MAW,A01,A11,2026-05-23T11:45Z,2026-05-23T11:30Z
balancing_energy_bids,3,2026-05-23T11:30:00,PT15M,2026-05-23T11:45Z,2026-05-23T11:30Z,190.07,1,20,10Y1001C--00090V,AUCTION-aFRR,B74,10YSK-SEPS-----K,EUR,A01,A01,20260523055-AFRR_P-UNIT_013-1,MWH,MAW,A01,A06,2026-05-23T11:45Z,2026-05-23T11:30Z
balancing_energy_bids,4,2026-05-23T11:30:00,PT15M,2026-05-23T11:45Z,2026-05-23T11:30Z,105,1,5,10Y1001C--00090V,AUCTION-aFRR,B74,10YSK-SEPS-----K,EUR,A01,A01,20260523055-AFRR_P-UNIT_062-1,MWH,MAW,A01,A06,2026-05-23T11:45Z,2026-05-23T11:30Z
balancing_energy_bids,5,2026-05-23T11:30:00,PT15M,2026-05-23T11:45Z,2026-05-23T11:30Z,105,1,3,10Y1001C--00090V,AUCTION-aFRR,B74,10YSK-SEPS-----K,EUR,A01,A01,20260523055-AFRR_P-UNIT_043-1,MWH,MAW,A01,A06,2026-05-23T11:45Z,2026-05-23T11:30Z
balancing_energy_bids,6,2026-05-23T11:30:00,PT15M,2026-05-23T11:45Z,2026-05-23T11:30Z,110,1,10,10Y1001C--00090V,AUCTION-aFRR,B74,10YSK-SEPS-----K,EUR,A01,A01,20260523055-AFRR_P-UNIT_063-1,MWH,MAW,A01,A06,2026-05-23T11:45Z,2026-05-23T11:30Z
balancing_energy_bids,7,2026-05-23T11:30:00,PT15M,2026-05-23T11:45Z,2026-05-23T11:30Z,749,1,3,10Y1001C--00090V,AUCTION-aFRR,B74,10YSK-SEPS-----K,EUR,A01,A01,20260523055-AFRR_P-UNIT_078-1,MWH,MAW,A01,A06,2026-05-23T11:45Z,2026-05-23T11:30Z
balancing_energy_bids,8,2026-05-23T11:30:00,PT15M,2026-05-23T11:45Z,2026-05-23T11:30Z,750,1,11,10Y1001C--00090V,AUCTION-aFRR,B74,10YSK-SEPS-----K,EUR,A01,A01,20260523055-AFRR_P-UNIT_104-1,MWH,MAW,A01,A06,2026-05-23T11:45Z,2026-05-23T11:30Z
balancing_energy_bids,9,2026-05-23T11:30:00,PT15M,2026-05-23T11:45Z,2026-05-23T11:30Z,85,1,2,10Y1001C--00090V,AUCTION-aFRR,B74,10YSK-SEPS-----K,EUR,A01,A01,20260523055-AFRR_P-UNIT_097-1,MWH,MAW,A01,A06,2026-05-23T11:45Z,2026-05-23T11:30Z
balancing_energy_bids,10,2026-05-23T11:30:00,PT15M,2026-05-23T11:45Z,2026-05-23T11:30Z,102,1,1,10Y1001C--00090V,AUCTION-aFRR,B74,10YSK-SEPS-----K,EUR,A01,A01,20260523055-AFRR_P-UNIT_019-1,MWH,MAW,A01,A06,2026-05-23T11:45Z,2026-05-23T11:30Z
balancing_energy_bids,11,2026-05-23T11:30:00,PT15M,2026-05-23T11:45Z,2026-05-23T11:30Z,300,1,1,10Y1001C--00090V,AUCTION-aFRR,B74,10YSK-SEPS-----K,EUR,A01,A01,20260523055-AFRR_P-UNIT_106-1,MWH,MAW,A01,A11,2026-05-23T11:45Z,2026-05-23T11:30Z
balancing_energy_bids,12,2026-05-23T11:30:00,PT15M,2026-05-23T11:45Z,2026-05-23T11:30Z,189,1,8,10Y1001C--00090V,AUCTION-aFRR,B74,10YSK-SEPS-----K,EUR,A01,A01,20260523055-AFRR_P-UNIT_123-1,MWH,MAW,A01,A06,2026-05-23T11:45Z,2026-05-23T11:30Z
balancing_energy_bids,13,2026-05-23T11:30:00,PT15M,2026-05-23T11:45Z,2026-05-23T11:30Z,-56.74,1,1,10Y1001C--00090V,AUCTION-aFRR,B74,10YSK-SEPS-----K,EUR,A01,A02,20260523055-AFRR_N-UNIT_068-1,MWH,MAW,A01,A11,2026-05-23T11:45Z,2026-05-23T11:30Z
balancing_energy_bids,14,2026-05-23T11:30:00,PT15M,2026-05-23T11:45Z,2026-05-23T11:30Z,-30,1,6,10Y1001C--00090V,AUCTION-aFRR,B74,10YSK-SEPS-----K,EUR,A01,A02,20260523055-AFRR_N-UNIT_052-1,MWH,MAW,A01,A06,2026-05-23T11:45Z,2026-05-23T11:30Z
balancing_energy_bids,15,2026-05-23T11:30:00,PT15M,2026-05-23T11:45Z,2026-05-23T11:30Z,-144,1,5,10Y1001C--00090V,AUCTION-aFRR,B74,10YSK-SEPS-----K,EUR,A01,A02,20260523055-AFRR_N-UNIT_051-1,MWH,MAW,A01,A06,2026-05-23T11:45Z,2026-05-23T11:30Z
balancing_energy_bids,16,2026-05-23T11:30:00,PT15M,2026-05-23T11:45Z,2026-05-23T11:30Z,-250,1,12,10Y1001C--00090V,AUCTION-aFRR,B74,10YSK-SEPS-----K,EUR,A01,A02,20260523055-AFRR_N-UNIT_069-1,MWH,MAW,A01,A06,2026-05-23T11:45Z,2026-05-23T11:30Z
balancing_energy_bids,17,2026-05-23T11:30:00,PT15M,2026-05-23T11:45Z,2026-05-23T11:30Z,-50,1,1,10Y1001C--00090V,AUCTION-aFRR,B74,10YSK-SEPS-----K,EUR,A01,A02,20260523055-AFRR_N-UNIT_058-1,MWH,MAW,A01,A11,2026-05-23T11:45Z,2026-05-23T11:30Z
balancing_energy_bids,18,2026-05-23T11:30:00,PT15M,2026-05-23T11:45Z,2026-05-23T11:30Z,-60.8,1,8,10Y1001C--00090V,AUCTION-aFRR,B74,10YSK-SEPS-----K,EUR,A01,A02,20260523055-AFRR_N-UNIT_013-1,MWH,MAW,A01,A06,2026-05-23T11:45Z,2026-05-23T11:30Z
balancing_energy_bids,19,2026-05-23T11:30:00,PT15M,2026-05-23T11:45Z,2026-05-23T11:30Z,-60.8,1,30,10Y1001C--00090V,AUCTION-aFRR,B74,10YSK-SEPS-----K,EUR,A01,A02,20260523055-AFRR_N-UNIT_010-1,MWH,MAW,A01,A06,2026-05-23T11:45Z,2026-05-23T11:30Z
balancing_energy_bids,20,2026-05-23T11:30:00,PT15M,2026-05-23T11:45Z,2026-05-23T11:30Z,10,1,2,10Y1001C--00090V,AUCTION-aFRR,B74,10YSK-SEPS-----K,EUR,A01,A02,20260523055-AFRR_N-UNIT_043-1,MWH,MAW,A01,A06,2026-05-23T11:45Z,2026-05-23T11:30Z
balancing_energy_bids,21,2026-05-23T11:30:00,PT15M,2026-05-23T11:45Z,2026-05-23T11:30Z,0,1,4,10Y1001C--00090V,AUCTION-aFRR,B74,10YSK-SEPS-----K,EUR,A01,A02,20260523055-AFRR_N-UNIT_104-1,MWH,MAW,A01,A06,2026-05-23T11:45Z,2026-05-23T11:30Z
balancing_energy_bids,22,2026-05-23T11:30:00,PT15M,2026-05-23T11:45Z,2026-05-23T11:30Z,-300.53,1,3,10Y1001C--00090V,AUCTION-aFRR,B74,10YSK-SEPS-----K,EUR,A01,A02,20260523055-AFRR_N-UNIT_089-1,MWH,MAW,A01,A06,2026-05-23T11:45Z,2026-05-23T11:30Z
balancing_energy_bids,23,2026-05-23T11:30:00,PT15M,2026-05-23T11:45Z,2026-05-23T11:30Z,-50,1,5,10Y1001C--00090V,AUCTION-aFRR,B74,10YSK-SEPS-----K,EUR,A01,A02,20260523055-AFRR_N-UNIT_097-1,MWH,MAW,A01,A06,2026-05-23T11:45Z,2026-05-23T11:30Z
balancing_energy_bids,24,2026-05-23T11:30:00,PT15M,2026-05-23T11:45Z,2026-05-23T11:30Z,-199,1,1,10Y1001C--00090V,AUCTION-aFRR,B74,10YSK-SEPS-----K,EUR,A01,A02,20260523055-AFRR_N-UNIT_019-1,MWH,MAW,A01,A11,2026-05-23T11:45Z,2026-05-23T11:30Z
balancing_energy_bids,25,2026-05-23T11:30:00,PT15M,2026-05-23T11:45Z,2026-05-23T11:30Z,-19,1,1,10Y1001C--00090V,AUCTION-aFRR,B74,10YSK-SEPS-----K,EUR,A01,A02,20260523055-AFRR_N-UNIT_106-1,MWH,MAW,A01,A06,2026-05-23T11:45Z,2026-05-23T11:30Z
balancing_energy_bids,26,2026-05-23T11:30:00,PT15M,2026-05-23T11:45Z,2026-05-23T11:30Z,-5,1,5,10Y1001C--00090V,AUCTION-aFRR,B74,10YSK-SEPS-----K,EUR,A01,A02,20260523055-AFRR_N-UNIT_123-1,MWH,MAW,A01,A06,2026-05-23T11:45Z,2026-05-23T11:30Z
balancing_energy_bids,27,2026-05-23T11:30:00,PT15M,2026-05-23T11:45Z,2026-05-23T11:30Z,5,1,5,10Y1001C--00090V,AUCTION-aFRR,B74,10YSK-SEPS-----K,EUR,A01,A01,20260523055-AFRR_P-UNIT_028-1,MWH,MAW,A01,A06,2026-05-23T11:45Z,2026-05-23T11:30Z
balancing_energy_bids,28,2026-05-23T11:30:00,PT15M,2026-05-23T11:45Z,2026-05-23T11:30Z,-55,1,5,10Y1001C--00090V,AUCTION-aFRR,B74,10YSK-SEPS-----K,EUR,A01,A02,20260523055-AFRR_N-UNIT_028-1,MWH,MAW,A01,A06,2026-05-23T11:45Z,2026-05-23T11:30Z
balancing_energy_bids,29,2026-05-23T11:45:00,PT15M,2026-05-23T12:00Z,2026-05-23T11:45Z,5,1,5,10Y1001C--00090V,AUCTION-aFRR,B74,10YSK-SEPS-----K,EUR,A01,A01,20260523056-AFRR_P-UNIT_028-1,MWH,MAW,A01,A06,2026-05-23T12:00Z,2026-05-23T11:45Z
balancing_energy_bids,30,2026-05-23T11:45:00,PT15M,2026-05-23T12:00Z,2026-05-23T11:45Z,-55,1,5,10Y1001C--00090V,AUCTION-aFRR,B74,10YSK-SEPS-----K,EUR,A01,A02,20260523056-AFRR_N-UNIT_028-1,MWH,MAW,A01,A06,2026-05-23T12:00Z,2026-05-23T11:45Z
balancing_energy_bids,31,2026-05-23T11:45:00,PT15M,2026-05-23T12:00Z,2026-05-23T11:45Z,132,1,1,10Y1001C--00090V,AUCTION-aFRR,B74,10YSK-SEPS-----K,EUR,A01,A01,20260523056-AFRR_P-UNIT_068-1,MWH,MAW,A01,A11,2026-05-23T12:00Z,2026-05-23T11:45Z
balancing_energy_bids,32,2026-05-23T11:45:00,PT15M,2026-05-23T12:00Z,2026-05-23T11:45Z,140,1,31,10Y1001C--00090V,AUCTION-aFRR,B74,10YSK-SEPS-----K,EUR,A01,A01,20260523056-AFRR_P-UNIT_052-1,MWH,MAW,A01,A06,2026-05-23T12:00Z,2026-05-23T11:45Z
balancing_energy_bids,33,2026-05-23T11:45:00,PT15M,2026-05-23T12:00Z,2026-05-23T11:45Z,500,1,10,10Y1001C--00090V,AUCTION-aFRR,B74,10YSK-SEPS-----K,EUR,A01,A01,20260523056-AFRR_P-UNIT_047-1,MWH,MAW,A01,A06,2026-05-23T12:00Z,2026-05-23T11:45Z
balancing_energy_bids,34,2026-05-23T11:45:00,PT15M,2026-05-23T12:00Z,2026-05-23T11:45Z,350,1,17,10Y1001C--00090V,AUCTION-aFRR,B74,10YSK-SEPS-----K,EUR,A01,A01,20260523056-AFRR_P-UNIT_051-1,MWH,MAW,A01,A06,2026-05-23T12:00Z,2026-05-23T11:45Z
balancing_energy_bids,35,2026-05-23T11:45:00,PT15M,2026-05-23T12:00Z,2026-05-23T11:45Z,135,1,15,10Y1001C--00090V,AUCTION-aFRR,B74,10YSK-SEPS-----K,EUR,A01,A01,20260523056-AFRR_P-UNIT_069-1,MWH,MAW,A01,A06,2026-05-23T12:00Z,2026-05-23T11:45Z
balancing_energy_bids,36,2026-05-23T11:45:00,PT15M,2026-05-23T12:00Z,2026-05-23T11:45Z,200,1,1,10Y1001C--00090V,AUCTION-aFRR,B74,10YSK-SEPS-----K,EUR,A01,A01,20260523056-AFRR_P-UNIT_058-1,MWH,MAW,A01,A11,2026-05-23T12:00Z,2026-05-23T11:45Z
balancing_energy_bids,37,2026-05-23T11:45:00,PT15M,2026-05-23T12:00Z,2026-05-23T11:45Z,190.07,1,20,10Y1001C--00090V,AUCTION-aFRR,B74,10YSK-SEPS-----K,EUR,A01,A01,20260523056-AFRR_P-UNIT_013-1,MWH,MAW,A01,A06,2026-05-23T12:00Z,2026-05-23T11:45Z
balancing_energy_bids,38,2026-05-23T11:45:00,PT15M,2026-05-23T12:00Z,2026-05-23T11:45Z,105,1,5,10Y1001C--00090V,AUCTION-aFRR,B74,10YSK-SEPS-----K,EUR,A01,A01,20260523056-AFRR_P-UNIT_062-1,MWH,MAW,A01,A06,2026-05-23T12:00Z,2026-05-23T11:45Z
balancing_energy_bids,39,2026-05-23T11:45:00,PT15M,2026-05-23T12:00Z,2026-05-23T11:45Z,105,1,3,10Y1001C--00090V,AUCTION-aFRR,B74,10YSK-SEPS-----K,EUR,A01,A01,20260523056-AFRR_P-UNIT_043-1,MWH,MAW,A01,A06,2026-05-23T12:00Z,2026-05-23T11:45Z
balancing_energy_bids,40,2026-05-23T11:45:00,PT15M,2026-05-23T12:00Z,2026-05-23T11:45Z,110,1,10,10Y1001C--00090V,AUCTION-aFRR,B74,10YSK-SEPS-----K,EUR,A01,A01,20260523056-AFRR_P-UNIT_063-1,MWH,MAW,A01,A06,2026-05-23T12:00Z,2026-05-23T11:45Z
balancing_energy_bids,41,2026-05-23T11:45:00,PT15M,2026-05-23T12:00Z,2026-05-23T11:45Z,749,1,3,10Y1001C--00090V,AUCTION-aFRR,B74,10YSK-SEPS-----K,EUR,A01,A01,20260523056-AFRR_P-UNIT_078-1,MWH,MAW,A01,A06,2026-05-23T12:00Z,2026-05-23T11:45Z
balancing_energy_bids,42,2026-05-23T11:45:00,PT15M,2026-05-23T12:00Z,2026-05-23T11:45Z,750,1,11,10Y1001C--00090V,AUCTION-aFRR,B74,10YSK-SEPS-----K,EUR,A01,A01,20260523056-AFRR_P-UNIT_104-1,MWH,MAW,A01,A06,2026-05-23T12:00Z,2026-05-23T11:45Z
balancing_energy_bids,43,2026-05-23T11:45:00,PT15M,2026-05-23T12:00Z,2026-05-23T11:45Z,85,1,2,10Y1001C--00090V,AUCTION-aFRR,B74,10YSK-SEPS-----K,EUR,A01,A01,20260523056-AFRR_P-UNIT_097-1,MWH,MAW,A01,A06,2026-05-23T12:00Z,2026-05-23T11:45Z
balancing_energy_bids,44,2026-05-23T11:45:00,PT15M,2026-05-23T12:00Z,2026-05-23T11:45Z,102,1,1,10Y1001C--00090V,AUCTION-aFRR,B74,10YSK-SEPS-----K,EUR,A01,A01,20260523056-AFRR_P-UNIT_019-1,MWH,MAW,A01,A06,2026-05-23T12:00Z,2026-05-23T11:45Z
balancing_energy_bids,45,2026-05-23T11:45:00,PT15M,2026-05-23T12:00Z,2026-05-23T11:45Z,300,1,1,10Y1001C--00090V,AUCTION-aFRR,B74,10YSK-SEPS-----K,EUR,A01,A01,20260523056-AFRR_P-UNIT_106-1,MWH,MAW,A01,A11,2026-05-23T12:00Z,2026-05-23T11:45Z
balancing_energy_bids,46,2026-05-23T11:45:00,PT15M,2026-05-23T12:00Z,2026-05-23T11:45Z,189,1,8,10Y1001C--00090V,AUCTION-aFRR,B74,10YSK-SEPS-----K,EUR,A01,A01,20260523056-AFRR_P-UNIT_123-1,MWH,MAW,A01,A06,2026-05-23T12:00Z,2026-05-23T11:45Z
balancing_energy_bids,47,2026-05-23T11:45:00,PT15M,2026-05-23T12:00Z,2026-05-23T11:45Z,-55.13,1,1,10Y1001C--00090V,AUCTION-aFRR,B74,10YSK-SEPS-----K,EUR,A01,A02,20260523056-AFRR_N-UNIT_068-1,MWH,MAW,A01,A11,2026-05-23T12:00Z,2026-05-23T11:45Z
balancing_energy_bids,48,2026-05-23T11:45:00,PT15M,2026-05-23T12:00Z,2026-05-23T11:45Z,-30,1,6,10Y1001C--00090V,AUCTION-aFRR,B74,10YSK-SEPS-----K,EUR,A01,A02,20260523056-AFRR_N-UNIT_052-1,MWH,MAW,A01,A06,2026-05-23T12:00Z,2026-05-23T11:45Z
balancing_energy_bids,49,2026-05-23T11:45:00,PT15M,2026-05-23T12:00Z,2026-05-23T11:45Z,-144,1,5,10Y1001C--00090V,AUCTION-aFRR,B74,10YSK-SEPS-----K,EUR,A01,A02,20260523056-AFRR_N-UNIT_051-1,MWH,MAW,A01,A06,2026-05-23T12:00Z,2026-05-23T11:45Z
balancing_energy_bids,50,2026-05-23T11:45:00,PT15M,2026-05-23T12:00Z,2026-05-23T11:45Z,-250,1,12,10Y1001C--00090V,AUCTION-aFRR,B74,10YSK-SEPS-----K,EUR,A01,A02,20260523056-AFRR_N-UNIT_069-1,MWH,MAW,A01,A06,2026-05-23T12:00Z,2026-05-23T11:45Z
balancing_energy_bids,51,2026-05-23T11:45:00,PT15M,2026-05-23T12:00Z,2026-05-23T11:45Z,-50,1,1,10Y1001C--00090V,AUCTION-aFRR,B74,10YSK-SEPS-----K,EUR,A01,A02,20260523056-AFRR_N-UNIT_058-1,MWH,MAW,A01,A11,2026-05-23T12:00Z,2026-05-23T11:45Z
balancing_energy_bids,52,2026-05-23T11:45:00,PT15M,2026-05-23T12:00Z,2026-05-23T11:45Z,-59.07,1,8,10Y1001C--00090V,AUCTION-aFRR,B74,10YSK-SEPS-----K,EUR,A01,A02,20260523056-AFRR_N-UNIT_013-1,MWH,MAW,A01,A06,2026-05-23T12:00Z,2026-05-23T11:45Z
balancing_energy_bids,53,2026-05-23T11:45:00,PT15M,2026-05-23T12:00Z,2026-05-23T11:45Z,-59.07,1,30,10Y1001C--00090V,AUCTION-aFRR,B74,10YSK-SEPS-----K,EUR,A01,A02,20260523056-AFRR_N-UNIT_010-1,MWH,MAW,A01,A06,2026-05-23T12:00Z,2026-05-23T11:45Z
balancing_energy_bids,54,2026-05-23T11:45:00,PT15M,2026-05-23T12:00Z,2026-05-23T11:45Z,10,1,2,10Y1001C--00090V,AUCTION-aFRR,B74,10YSK-SEPS-----K,EUR,A01,A02,20260523056-AFRR_N-UNIT_043-1,MWH,MAW,A01,A06,2026-05-23T12:00Z,2026-05-23T11:45Z
balancing_energy_bids,55,2026-05-23T11:45:00,PT15M,2026-05-23T12:00Z,2026-05-23T11:45Z,0,1,4,10Y1001C--00090V,AUCTION-aFRR,B74,10YSK-SEPS-----K,EUR,A01,A02,20260523056-AFRR_N-UNIT_104-1,MWH,MAW,A01,A06,2026-05-23T12:00Z,2026-05-23T11:45Z
balancing_energy_bids,56,2026-05-23T11:45:00,PT15M,2026-05-23T12:00Z,2026-05-23T11:45Z,-299.38,1,3,10Y1001C--00090V,AUCTION-aFRR,B74,10YSK-SEPS-----K,EUR,A01,A02,20260523056-AFRR_N-UNIT_089-1,MWH,MAW,A01,A06,2026-05-23T12:00Z,2026-05-23T11:45Z
balancing_energy_bids,57,2026-05-23T11:45:00,PT15M,2026-05-23T12:00Z,2026-05-23T11:45Z,-50,1,5,10Y1001C--00090V,AUCTION-aFRR,B74,10YSK-SEPS-----K,EUR,A01,A02,20260523056-AFRR_N-UNIT_097-1,MWH,MAW,A01,A06,2026-05-23T12:00Z,2026-05-23T11:45Z
balancing_energy_bids,58,2026-05-23T11:45:00,PT15M,2026-05-23T12:00Z,2026-05-23T11:45Z,-199,1,1,10Y1001C--00090V,AUCTION-aFRR,B74,10YSK-SEPS-----K,EUR,A01,A02,20260523056-AFRR_N-UNIT_019-1,MWH,MAW,A01,A11,2026-05-23T12:00Z,2026-05-23T11:45Z
balancing_energy_bids,59,2026-05-23T11:45:00,PT15M,2026-05-23T12:00Z,2026-05-23T11:45Z,-19,1,1,10Y1001C--00090V,AUCTION-aFRR,B74,10YSK-SEPS-----K,EUR,A01,A02,20260523056-AFRR_N-UNIT_106-1,MWH,MAW,A01,A06,2026-05-23T12:00Z,2026-05-23T11:45Z
balancing_energy_bids,60,2026-05-23T11:45:00,PT15M,2026-05-23T12:00Z,2026-05-23T11:45Z,-5,1,5,10Y1001C--00090V,AUCTION-aFRR,B74,10YSK-SEPS-----K,EUR,A01,A02,20260523056-AFRR_N-UNIT_123-1,MWH,MAW,A01,A06,2026-05-23T12:00Z,2026-05-23T11:45Z
balancing_energy_bids,61,2026-05-23T12:00:00,PT15M,2026-05-23T12:15Z,2026-05-23T12:00Z,132,1,1,10Y1001C--00090V,AUCTION-aFRR,B74,10YSK-SEPS-----K,EUR,A01,A01,20260523057-AFRR_P-UNIT_068-1,MWH,MAW,A01,A11,2026-05-23T12:15Z,2026-05-23T12:00Z
balancing_energy_bids,62,2026-05-23T12:00:00,PT15M,2026-05-23T12:15Z,2026-05-23T12:00Z,140,1,31,10Y1001C--00090V,AUCTION-aFRR,B74,10YSK-SEPS-----K,EUR,A01,A01,20260523057-AFRR_P-UNIT_052-1,MWH,MAW,A01,A06,2026-05-23T12:15Z,2026-05-23T12:00Z
balancing_energy_bids,63,2026-05-23T12:00:00,PT15M,2026-05-23T12:15Z,2026-05-23T12:00Z,500,1,10,10Y1001C--00090V,AUCTION-aFRR,B74,10YSK-SEPS-----K,EUR,A01,A01,20260523057-AFRR_P-UNIT_047-1,MWH,MAW,A01,A06,2026-05-23T12:15Z,2026-05-23T12:00Z
balancing_energy_bids,64,2026-05-23T12:00:00,PT15M,2026-05-23T12:15Z,2026-05-23T12:00Z,350,1,17,10Y1001C--00090V,AUCTION-aFRR,B74,10YSK-SEPS-----K,EUR,A01,A01,20260523057-AFRR_P-UNIT_051-1,MWH,MAW,A01,A06,2026-05-23T12:15Z,2026-05-23T12:00Z
balancing_energy_bids,65,2026-05-23T12:00:00,PT15M,2026-05-23T12:15Z,2026-05-23T12:00Z,135,1,15,10Y1001C--00090V,AUCTION-aFRR,B74,10YSK-SEPS-----K,EUR,A01,A01,20260523057-AFRR_P-UNIT_069-1,MWH,MAW,A01,A06,2026-05-23T12:15Z,2026-05-23T12:00Z
balancing_energy_bids,66,2026-05-23T12:00:00,PT15M,2026-05-23T12:15Z,2026-05-23T12:00Z,200,1,1,10Y1001C--00090V,AUCTION-aFRR,B74,10YSK-SEPS-----K,EUR,A01,A01,20260523057-AFRR_P-UNIT_058-1,MWH,MAW,A01,A11,2026-05-23T12:15Z,2026-05-23T12:00Z
balancing_energy_bids,67,2026-05-23T12:00:00,PT15M,2026-05-23T12:15Z,2026-05-23T12:00Z,190.07,1,20,10Y1001C--00090V,AUCTION-aFRR,B74,10YSK-SEPS-----K,EUR,A01,A01,20260523057-AFRR_P-UNIT_013-1,MWH,MAW,A01,A06,2026-05-23T12:15Z,2026-05-23T12:00Z
balancing_energy_bids,68,2026-05-23T12:00:00,PT15M,2026-05-23T12:15Z,2026-05-23T12:00Z,105,1,5,10Y1001C--00090V,AUCTION-aFRR,B74,10YSK-SEPS-----K,EUR,A01,A01,20260523057-AFRR_P-UNIT_062-1,MWH,MAW,A01,A06,2026-05-23T12:15Z,2026-05-23T12:00Z
balancing_energy_bids,69,2026-05-23T12:00:00,PT15M,2026-05-23T12:15Z,2026-05-23T12:00Z,105,1,3,10Y1001C--00090V,AUCTION-aFRR,B74,10YSK-SEPS-----K,EUR,A01,A01,20260523057-AFRR_P-UNIT_043-1,MWH,MAW,A01,A06,2026-05-23T12:15Z,2026-05-23T12:00Z
balancing_energy_bids,70,2026-05-23T12:00:00,PT15M,2026-05-23T12:15Z,2026-05-23T12:00Z,110,1,10,10Y1001C--00090V,AUCTION-aFRR,B74,10YSK-SEPS-----K,EUR,A01,A01,20260523057-AFRR_P-UNIT_063-1,MWH,MAW,A01,A06,2026-05-23T12:15Z,2026-05-23T12:00Z
balancing_energy_bids,71,2026-05-23T12:00:00,PT15M,2026-05-23T12:15Z,2026-05-23T12:00Z,749,1,3,10Y1001C--00090V,AUCTION-aFRR,B74,10YSK-SEPS-----K,EUR,A01,A01,20260523057-AFRR_P-UNIT_078-1,MWH,MAW,A01,A06,2026-05-23T12:15Z,2026-05-23T12:00Z
balancing_energy_bids,72,2026-05-23T12:00:00,PT15M,2026-05-23T12:15Z,2026-05-23T12:00Z,750,1,11,10Y1001C--00090V,AUCTION-aFRR,B74,10YSK-SEPS-----K,EUR,A01,A01,20260523057-AFRR_P-UNIT_104-1,MWH,MAW,A01,A06,2026-05-23T12:15Z,2026-05-23T12:00Z
balancing_energy_bids,73,2026-05-23T12:00:00,PT15M,2026-05-23T12:15Z,2026-05-23T12:00Z,85,1,3,10Y1001C--00090V,AUCTION-aFRR,B74,10YSK-SEPS-----K,EUR,A01,A01,20260523057-AFRR_P-UNIT_097-1,MWH,MAW,A01,A06,2026-05-23T12:15Z,2026-05-23T12:00Z
balancing_energy_bids,74,2026-05-23T12:00:00,PT15M,2026-05-23T12:15Z,2026-05-23T12:00Z,102,1,1,10Y1001C--00090V,AUCTION-aFRR,B74,10YSK-SEPS-----K,EUR,A01,A01,20260523057-AFRR_P-UNIT_019-1,MWH,MAW,A01,A06,2026-05-23T12:15Z,2026-05-23T12:00Z
balancing_energy_bids,75,2026-05-23T12:00:00,PT15M,2026-05-23T12:15Z,2026-05-23T12:00Z,300,1,1,10Y1001C--00090V,AUCTION-aFRR,B74,10YSK-SEPS-----K,EUR,A01,A01,20260523057-AFRR_P-UNIT_106-1,MWH,MAW,A01,A11,2026-05-23T12:15Z,2026-05-23T12:00Z
balancing_energy_bids,76,2026-05-23T12:00:00,PT15M,2026-05-23T12:15Z,2026-05-23T12:00Z,189,1,8,10Y1001C--00090V,AUCTION-aFRR,B74,10YSK-SEPS-----K,EUR,A01,A01,20260523057-AFRR_P-UNIT_123-1,MWH,MAW,A01,A06,2026-05-23T12:15Z,2026-05-23T12:00Z
balancing_energy_bids,77,2026-05-23T12:00:00,PT15M,2026-05-23T12:15Z,2026-05-23T12:00Z,-41.72,1,1,10Y1001C--00090V,AUCTION-aFRR,B74,10YSK-SEPS-----K,EUR,A01,A02,20260523057-AFRR_N-UNIT_068-1,MWH,MAW,A01,A11,2026-05-23T12:15Z,2026-05-23T12:00Z
balancing_energy_bids,78,2026-05-23T12:00:00,PT15M,2026-05-23T12:15Z,2026-05-23T12:00Z,-30,1,6,10Y1001C--00090V,AUCTION-aFRR,B74,10YSK-SEPS-----K,EUR,A01,A02,20260523057-AFRR_N-UNIT_052-1,MWH,MAW,A01,A06,2026-05-23T12:15Z,2026-05-23T12:00Z
balancing_energy_bids,79,2026-05-23T12:00:00,PT15M,2026-05-23T12:15Z,2026-05-23T12:00Z,-144,1,5,10Y1001C--00090V,AUCTION-aFRR,B74,10YSK-SEPS-----K,EUR,A01,A02,20260523057-AFRR_N-UNIT_051-1,MWH,MAW,A01,A06,2026-05-23T12:15Z,2026-05-23T12:00Z
balancing_energy_bids,80,2026-05-23T12:00:00,PT15M,2026-05-23T12:15Z,2026-05-23T12:00Z,-250,1,12,10Y1001C--00090V,AUCTION-aFRR,B74,10YSK-SEPS-----K,EUR,A01,A02,20260523057-AFRR_N-UNIT_069-1,MWH,MAW,A01,A06,2026-05-23T12:15Z,2026-05-23T12:00Z
balancing_energy_bids,81,2026-05-23T12:00:00,PT15M,2026-05-23T12:15Z,2026-05-23T12:00Z,-50,1,1,10Y1001C--00090V,AUCTION-aFRR,B74,10YSK-SEPS-----K,EUR,A01,A02,20260523057-AFRR_N-UNIT_058-1,MWH,MAW,A01,A11,2026-05-23T12:15Z,2026-05-23T12:00Z
balancing_energy_bids,82,2026-05-23T12:00:00,PT15M,2026-05-23T12:15Z,2026-05-23T12:00Z,-44.7,1,8,10Y1001C--00090V,AUCTION-aFRR,B74,10YSK-SEPS-----K,EUR,A01,A02,20260523057-AFRR_N-UNIT_013-1,MWH,MAW,A01,A06,2026-05-23T12:15Z,2026-05-23T12:00Z
balancing_energy_bids,83,2026-05-23T12:00:00,PT15M,2026-05-23T12:15Z,2026-05-23T12:00Z,-44.7,1,30,10Y1001C--00090V,AUCTION-aFRR,B74,10YSK-SEPS-----K,EUR,A01,A02,20260523057-AFRR_N-UNIT_010-1,MWH,MAW,A01,A06,2026-05-23T12:15Z,2026-05-23T12:00Z
balancing_energy_bids,84,2026-05-23T12:00:00,PT15M,2026-05-23T12:15Z,2026-05-23T12:00Z,10,1,2,10Y1001C--00090V,AUCTION-aFRR,B74,10YSK-SEPS-----K,EUR,A01,A02,20260523057-AFRR_N-UNIT_043-1,MWH,MAW,A01,A06,2026-05-23T12:15Z,2026-05-23T12:00Z
balancing_energy_bids,85,2026-05-23T12:00:00,PT15M,2026-05-23T12:15Z,2026-05-23T12:00Z,0,1,4,10Y1001C--00090V,AUCTION-aFRR,B74,10YSK-SEPS-----K,EUR,A01,A02,20260523057-AFRR_N-UNIT_104-1,MWH,MAW,A01,A06,2026-05-23T12:15Z,2026-05-23T12:00Z
balancing_energy_bids,86,2026-05-23T12:00:00,PT15M,2026-05-23T12:15Z,2026-05-23T12:00Z,-289.8,1,3,10Y1001C--00090V,AUCTION-aFRR,B74,10YSK-SEPS-----K,EUR,A01,A02,20260523057-AFRR_N-UNIT_089-1,MWH,MAW,A01,A06,2026-05-23T12:15Z,2026-05-23T12:00Z
balancing_energy_bids,87,2026-05-23T12:00:00,PT15M,2026-05-23T12:15Z,2026-05-23T12:00Z,-50,1,4,10Y1001C--00090V,AUCTION-aFRR,B74,10YSK-SEPS-----K,EUR,A01,A02,20260523057-AFRR_N-UNIT_097-1,MWH,MAW,A01,A06,2026-05-23T12:15Z,2026-05-23T12:00Z
balancing_energy_bids,88,2026-05-23T12:00:00,PT15M,2026-05-23T12:15Z,2026-05-23T12:00Z,-199,1,1,10Y1001C--00090V,AUCTION-aFRR,B74,10YSK-SEPS-----K,EUR,A01,A02,20260523057-AFRR_N-UNIT_019-1,MWH,MAW,A01,A11,2026-05-23T12:15Z,2026-05-23T12:00Z
balancing_energy_bids,89,2026-05-23T12:00:00,PT15M,2026-05-23T12:15Z,2026-05-23T12:00Z,-19,1,1,10Y1001C--00090V,AUCTION-aFRR,B74,10YSK-SEPS-----K,EUR,A01,A02,20260523057-AFRR_N-UNIT_106-1,MWH,MAW,A01,A06,2026-05-23T12:15Z,2026-05-23T12:00Z
balancing_energy_bids,90,2026-05-23T12:00:00,PT15M,2026-05-23T12:15Z,2026-05-23T12:00Z,-5,1,5,10Y1001C--00090V,AUCTION-aFRR,B74,10YSK-SEPS-----K,EUR,A01,A02,20260523057-AFRR_N-UNIT_123-1,MWH,MAW,A01,A06,2026-05-23T12:15Z,2026-05-23T12:00Z
balancing_energy_bids,91,2026-05-23T12:00:00,PT15M,2026-05-23T12:15Z,2026-05-23T12:00Z,5,1,5,10Y1001C--00090V,AUCTION-aFRR,B74,10YSK-SEPS-----K,EUR,A01,A01,20260523057-AFRR_P-UNIT_028-1,MWH,MAW,A01,A06,2026-05-23T12:15Z,2026-05-23T12:00Z
balancing_energy_bids,92,2026-05-23T12:00:00,PT15M,2026-05-23T12:15Z,2026-05-23T12:00Z,-55,1,5,10Y1001C--00090V,AUCTION-aFRR,B74,10YSK-SEPS-----K,EUR,A01,A02,20260523057-AFRR_N-UNIT_028-1,MWH,MAW,A01,A06,2026-05-23T12:15Z,2026-05-23T12:00Z
balancing_energy_bids,93,2026-05-23T12:15:00,PT15M,2026-05-23T12:30Z,2026-05-23T12:15Z,5,1,5,10Y1001C--00090V,AUCTION-aFRR,B74,10YSK-SEPS-----K,EUR,A01,A01,20260523058-AFRR_P-UNIT_028-1,MWH,MAW,A01,A06,2026-05-23T12:30Z,2026-05-23T12:15Z
balancing_energy_bids,94,2026-05-23T12:15:00,PT15M,2026-05-23T12:30Z,2026-05-23T12:15Z,-55,1,5,10Y1001C--00090V,AUCTION-aFRR,B74,10YSK-SEPS-----K,EUR,A01,A02,20260523058-AFRR_N-UNIT_028-1,MWH,MAW,A01,A06,2026-05-23T12:30Z,2026-05-23T12:15Z
balancing_energy_bids,95,2026-05-23T12:15:00,PT15M,2026-05-23T12:30Z,2026-05-23T12:15Z,132,1,1,10Y1001C--00090V,AUCTION-aFRR,B74,10YSK-SEPS-----K,EUR,A01,A01,20260523058-AFRR_P-UNIT_068-1,MWH,MAW,A01,A11,2026-05-23T12:30Z,2026-05-23T12:15Z
balancing_energy_bids,96,2026-05-23T12:15:00,PT15M,2026-05-23T12:30Z,2026-05-23T12:15Z,140,1,31,10Y1001C--00090V,AUCTION-aFRR,B74,10YSK-SEPS-----K,EUR,A01,A01,20260523058-AFRR_P-UNIT_052-1,MWH,MAW,A01,A06,2026-05-23T12:30Z,2026-05-23T12:15Z
balancing_energy_bids,97,2026-05-23T12:15:00,PT15M,2026-05-23T12:30Z,2026-05-23T12:15Z,500,1,10,10Y1001C--00090V,AUCTION-aFRR,B74,10YSK-SEPS-----K,EUR,A01,A01,20260523058-AFRR_P-UNIT_047-1,MWH,MAW,A01,A06,2026-05-23T12:30Z,2026-05-23T12:15Z
balancing_energy_bids,98,2026-05-23T12:15:00,PT15M,2026-05-23T12:30Z,2026-05-23T12:15Z,350,1,17,10Y1001C--00090V,AUCTION-aFRR,B74,10YSK-SEPS-----K,EUR,A01,A01,20260523058-AFRR_P-UNIT_051-1,MWH,MAW,A01,A06,2026-05-23T12:30Z,2026-05-23T12:15Z
balancing_energy_bids,99,2026-05-23T12:15:00,PT15M,2026-05-23T12:30Z,2026-05-23T12:15Z,135,1,15,10Y1001C--00090V,AUCTION-aFRR,B74,10YSK-SEPS-----K,EUR,A01,A01,20260523058-AFRR_P-UNIT_069-1,MWH,MAW,A01,A06,2026-05-23T12:30Z,2026-05-23T12:15Z
balancing_energy_bids,100,2026-05-23T12:15:00,PT15M,2026-05-23T12:30Z,2026-05-23T12:15Z,200,1,1,10Y1001C--00090V,AUCTION-aFRR,B74,10YSK-SEPS-----K,EUR,A01,A01,20260523058-AFRR_P-UNIT_058-1,MWH,MAW,A01,A11,2026-05-23T12:30Z,2026-05-23T12:15Z
balancing_energy_bids,1,2026-05-23T12:15:00,PT15M,2026-05-23T12:30Z,2026-05-23T12:15Z,190.07,1,20,10Y1001C--00090V,AUCTION-aFRR,B74,10YSK-SEPS-----K,EUR,A01,A01,20260523058-AFRR_P-UNIT_013-1,MWH,MAW,A01,A06,2026-05-23T12:30Z,2026-05-23T12:15Z
balancing_energy_bids,2,2026-05-23T12:15:00,PT15M,2026-05-23T12:30Z,2026-05-23T12:15Z,105,1,5,10Y1001C--00090V,AUCTION-aFRR,B74,10YSK-SEPS-----K,EUR,A01,A01,20260523058-AFRR_P-UNIT_062-1,MWH,MAW,A01,A06,2026-05-23T12:30Z,2026-05-23T12:15Z
balancing_energy_bids,3,2026-05-23T12:15:00,PT15M,2026-05-23T12:30Z,2026-05-23T12:15Z,105,1,3,10Y1001C--00090V,AUCTION-aFRR,B74,10YSK-SEPS-----K,EUR,A01,A01,20260523058-AFRR_P-UNIT_043-1,MWH,MAW,A01,A06,2026-05-23T12:30Z,2026-05-23T12:15Z
balancing_energy_bids,4,2026-05-23T12:15:00,PT15M,2026-05-23T12:30Z,2026-05-23T12:15Z,110,1,10,10Y1001C--00090V,AUCTION-aFRR,B74,10YSK-SEPS-----K,EUR,A01,A01,20260523058-AFRR_P-UNIT_063-1,MWH,MAW,A01,A06,2026-05-23T12:30Z,2026-05-23T12:15Z
balancing_energy_bids,5,2026-05-23T12:15:00,PT15M,2026-05-23T12:30Z,2026-05-23T12:15Z,749,1,3,10Y1001C--00090V,AUCTION-aFRR,B74,10YSK-SEPS-----K,EUR,A01,A01,20260523058-AFRR_P-UNIT_078-1,MWH,MAW,A01,A06,2026-05-23T12:30Z,2026-05-23T12:15Z
balancing_energy_bids,6,2026-05-23T12:15:00,PT15M,2026-05-23T12:30Z,2026-05-23T12:15Z,750,1,11,10Y1001C--00090V,AUCTION-aFRR,B74,10YSK-SEPS-----K,EUR,A01,A01,20260523058-AFRR_P-UNIT_104-1,MWH,MAW,A01,A06,2026-05-23T12:30Z,2026-05-23T12:15Z
balancing_energy_bids,7,2026-05-23T12:15:00,PT15M,2026-05-23T12:30Z,2026-05-23T12:15Z,85,1,3,10Y1001C--00090V,AUCTION-aFRR,B74,10YSK-SEPS-----K,EUR,A01,A01,20260523058-AFRR_P-UNIT_097-1,MWH,MAW,A01,A06,2026-05-23T12:30Z,2026-05-23T12:15Z
balancing_energy_bids,8,2026-05-23T12:15:00,PT15M,2026-05-23T12:30Z,2026-05-23T12:15Z,102,1,1,10Y1001C--00090V,AUCTION-aFRR,B74,10YSK-SEPS-----K,EUR,A01,A01,20260523058-AFRR_P-UNIT_019-1,MWH,MAW,A01,A06,2026-05-23T12:30Z,2026-05-23T12:15Z
balancing_energy_bids,9,2026-05-23T12:15:00,PT15M,2026-05-23T12:30Z,2026-05-23T12:15Z,300,1,1,10Y1001C--00090V,AUCTION-aFRR,B74,10YSK-SEPS-----K,EUR,A01,A01,20260523058-AFRR_P-UNIT_106-1,MWH,MAW,A01,A11,2026-05-23T12:30Z,2026-05-23T12:15Z
balancing_energy_bids,10,2026-05-23T12:15:00,PT15M,2026-05-23T12:30Z,2026-05-23T12:15Z,189,1,8,10Y1001C--00090V,AUCTION-aFRR,B74,10YSK-SEPS-----K,EUR,A01,A01,20260523058-AFRR_P-UNIT_123-1,MWH,MAW,A01,A06,2026-05-23T12:30Z,2026-05-23T12:15Z
balancing_energy_bids,11,2026-05-23T12:15:00,PT15M,2026-05-23T12:30Z,2026-05-23T12:15Z,-30.95,1,1,10Y1001C--00090V,AUCTION-aFRR,B74,10YSK-SEPS-----K,EUR,A01,A02,20260523058-AFRR_N-UNIT_068-1,MWH,MAW,A01,A11,2026-05-23T12:30Z,2026-05-23T12:15Z
balancing_energy_bids,12,2026-05-23T12:15:00,PT15M,2026-05-23T12:30Z,2026-05-23T12:15Z,-30,1,6,10Y1001C--00090V,AUCTION-aFRR,B74,10YSK-SEPS-----K,EUR,A01,A02,20260523058-AFRR_N-UNIT_052-1,MWH,MAW,A01,A06,2026-05-23T12:30Z,2026-05-23T12:15Z
balancing_energy_bids,13,2026-05-23T12:15:00,PT15M,2026-05-23T12:30Z,2026-05-23T12:15Z,-144,1,5,10Y1001C--00090V,AUCTION-aFRR,B74,10YSK-SEPS-----K,EUR,A01,A02,20260523058-AFRR_N-UNIT_051-1,MWH,MAW,A01,A06,2026-05-23T12:30Z,2026-05-23T12:15Z
balancing_energy_bids,14,2026-05-23T12:15:00,PT15M,2026-05-23T12:30Z,2026-05-23T12:15Z,-250,1,12,10Y1001C--00090V,AUCTION-aFRR,B74,10YSK-SEPS-----K,EUR,A01,A02,20260523058-AFRR_N-UNIT_069-1,MWH,MAW,A01,A06,2026-05-23T12:30Z,2026-05-23T12:15Z
balancing_energy_bids,15,2026-05-23T12:15:00,PT15M,2026-05-23T12:30Z,2026-05-23T12:15Z,-50,1,1,10Y1001C--00090V,AUCTION-aFRR,B74,10YSK-SEPS-----K,EUR,A01,A02,20260523058-AFRR_N-UNIT_058-1,MWH,MAW,A01,A11,2026-05-23T12:30Z,2026-05-23T12:15Z
balancing_energy_bids,16,2026-05-23T12:15:00,PT15M,2026-05-23T12:30Z,2026-05-23T12:15Z,-33.17,1,8,10Y1001C--00090V,AUCTION-aFRR,B74,10YSK-SEPS-----K,EUR,A01,A02,20260523058-AFRR_N-UNIT_013-1,MWH,MAW,A01,A06,2026-05-23T12:30Z,2026-05-23T12:15Z
balancing_energy_bids,17,2026-05-23T12:15:00,PT15M,2026-05-23T12:30Z,2026-05-23T12:15Z,-33.17,1,30,10Y1001C--00090V,AUCTION-aFRR,B74,10YSK-SEPS-----K,EUR,A01,A02,20260523058-AFRR_N-UNIT_010-1,MWH,MAW,A01,A06,2026-05-23T12:30Z,2026-05-23T12:15Z
balancing_energy_bids,18,2026-05-23T12:15:00,PT15M,2026-05-23T12:30Z,2026-05-23T12:15Z,10,1,2,10Y1001C--00090V,AUCTION-aFRR,B74,10YSK-SEPS-----K,EUR,A01,A02,20260523058-AFRR_N-UNIT_043-1,MWH,MAW,A01,A06,2026-05-23T12:30Z,2026-05-23T12:15Z
balancing_energy_bids,19,2026-05-23T12:15:00,PT15M,2026-05-23T12:30Z,2026-05-23T12:15Z,0,1,4,10Y1001C--00090V,AUCTION-aFRR,B74,10YSK-SEPS-----K,EUR,A01,A02,20260523058-AFRR_N-UNIT_104-1,MWH,MAW,A01,A06,2026-05-23T12:30Z,2026-05-23T12:15Z
balancing_energy_bids,20,2026-05-23T12:15:00,PT15M,2026-05-23T12:30Z,2026-05-23T12:15Z,-282.11,1,3,10Y1001C--00090V,AUCTION-aFRR,B74,10YSK-SEPS-----K,EUR,A01,A02,20260523058-AFRR_N-UNIT_089-1,MWH,MAW,A01,A06,2026-05-23T12:30Z,2026-05-23T12:15Z
balancing_energy_bids,21,2026-05-23T12:15:00,PT15M,2026-05-23T12:30Z,2026-05-23T12:15Z,-50,1,4,10Y1001C--00090V,AUCTION-aFRR,B74,10YSK-SEPS-----K,EUR,A01,A02,20260523058-AFRR_N-UNIT_097-1,MWH,MAW,A01,A06,2026-05-23T12:30Z,2026-05-23T12:15Z
balancing_energy_bids,22,2026-05-23T12:15:00,PT15M,2026-05-23T12:30Z,2026-05-23T12:15Z,-199,1,1,10Y1001C--00090V,AUCTION-aFRR,B74,10YSK-SEPS-----K,EUR,A01,A02,20260523058-AFRR_N-UNIT_019-1,MWH,MAW,A01,A11,2026-05-23T12:30Z,2026-05-23T12:15Z
balancing_energy_bids,23,2026-05-23T12:15:00,PT15M,2026-05-23T12:30Z,2026-05-23T12:15Z,-19,1,1,10Y1001C--00090V,AUCTION-aFRR,B74,10YSK-SEPS-----K,EUR,A01,A02,20260523058-AFRR_N-UNIT_106-1,MWH,MAW,A01,A06,2026-05-23T12:30Z,2026-05-23T12:15Z
balancing_energy_bids,24,2026-05-23T12:15:00,PT15M,2026-05-23T12:30Z,2026-05-23T12:15Z,-5,1,5,10Y1001C--00090V,AUCTION-aFRR,B74,10YSK-SEPS-----K,EUR,A01,A02,20260523058-AFRR_N-UNIT_123-1,MWH,MAW,A01,A06,2026-05-23T12:30Z,2026-05-23T12:15Z
balancing_energy_bids,25,2026-05-23T12:30:00,PT15M,2026-05-23T12:45Z,2026-05-23T12:30Z,189,1,8,10Y1001C--00090V,AUCTION-aFRR,B74,10YSK-SEPS-----K,EUR,A01,A01,20260523059-AFRR_P-UNIT_123-1,MWH,MAW,A01,A06,2026-05-23T12:45Z,2026-05-23T12:30Z
balancing_energy_bids,26,2026-05-23T12:30:00,PT15M,2026-05-23T12:45Z,2026-05-23T12:30Z,-20.88,1,1,10Y1001C--00090V,AUCTION-aFRR,B74,10YSK-SEPS-----K,EUR,A01,A02,20260523059-AFRR_N-UNIT_068-1,MWH,MAW,A01,A11,2026-05-23T12:45Z,2026-05-23T12:30Z
balancing_energy_bids,27,2026-05-23T12:30:00,PT15M,2026-05-23T12:45Z,2026-05-23T12:30Z,-30,1,6,10Y1001C--00090V,AUCTION-aFRR,B74,10YSK-SEPS-----K,EUR,A01,A02,20260523059-AFRR_N-UNIT_052-1,MWH,MAW,A01,A06,2026-05-23T12:45Z,2026-05-23T12:30Z
balancing_energy_bids,28,2026-05-23T12:30:00,PT15M,2026-05-23T12:45Z,2026-05-23T12:30Z,-144,1,5,10Y1001C--00090V,AUCTION-aFRR,B74,10YSK-SEPS-----K,EUR,A01,A02,20260523059-AFRR_N-UNIT_051-1,MWH,MAW,A01,A06,2026-05-23T12:45Z,2026-05-23T12:30Z
balancing_energy_bids,29,2026-05-23T12:30:00,PT15M,2026-05-23T12:45Z,2026-05-23T12:30Z,-250,1,12,10Y1001C--00090V,AUCTION-aFRR,B74,10YSK-SEPS-----K,EUR,A01,A02,20260523059-AFRR_N-UNIT_069-1,MWH,MAW,A01,A06,2026-05-23T12:45Z,2026-05-23T12:30Z
balancing_energy_bids,30,2026-05-23T12:30:00,PT15M,2026-05-23T12:45Z,2026-05-23T12:30Z,-50,1,1,10Y1001C--00090V,AUCTION-aFRR,B74,10YSK-SEPS-----K,EUR,A01,A02,20260523059-AFRR_N-UNIT_058-1,MWH,MAW,A01,A11,2026-05-23T12:45Z,2026-05-23T12:30Z
balancing_energy_bids,31,2026-05-23T12:30:00,PT15M,2026-05-23T12:45Z,2026-05-23T12:30Z,-22.38,1,8,10Y1001C--00090V,AUCTION-aFRR,B74,10YSK-SEPS-----K,EUR,A01,A02,20260523059-AFRR_N-UNIT_013-1,MWH,MAW,A01,A06,2026-05-23T12:45Z,2026-05-23T12:30Z
balancing_energy_bids,32,2026-05-23T12:30:00,PT15M,2026-05-23T12:45Z,2026-05-23T12:30Z,-22.38,1,30,10Y1001C--00090V,AUCTION-aFRR,B74,10YSK-SEPS-----K,EUR,A01,A02,20260523059-AFRR_N-UNIT_010-1,MWH,MAW,A01,A06,2026-05-23T12:45Z,2026-05-23T12:30Z
balancing_energy_bids,33,2026-05-23T12:30:00,PT15M,2026-05-23T12:45Z,2026-05-23T12:30Z,10,1,2,10Y1001C--00090V,AUCTION-aFRR,B74,10YSK-SEPS-----K,EUR,A01,A02,20260523059-AFRR_N-UNIT_043-1,MWH,MAW,A01,A06,2026-05-23T12:45Z,2026-05-23T12:30Z
balancing_energy_bids,34,2026-05-23T12:30:00,PT15M,2026-05-23T12:45Z,2026-05-23T12:30Z,0,1,4,10Y1001C--00090V,AUCTION-aFRR,B74,10YSK-SEPS-----K,EUR,A01,A02,20260523059-AFRR_N-UNIT_104-1,MWH,MAW,A01,A06,2026-05-23T12:45Z,2026-05-23T12:30Z
balancing_energy_bids,35,2026-05-23T12:30:00,PT15M,2026-05-23T12:45Z,2026-05-23T12:30Z,-274.92,1,3,10Y1001C--00090V,AUCTION-aFRR,B74,10YSK-SEPS-----K,EUR,A01,A02,20260523059-AFRR_N-UNIT_089-1,MWH,MAW,A01,A06,2026-05-23T12:45Z,2026-05-23T12:30Z
balancing_energy_bids,36,2026-05-23T12:30:00,PT15M,2026-05-23T12:45Z,2026-05-23T12:30Z,-50,1,4,10Y1001C--00090V,AUCTION-aFRR,B74,10YSK-SEPS-----K,EUR,A01,A02,20260523059-AFRR_N-UNIT_097-1,MWH,MAW,A01,A06,2026-05-23T12:45Z,2026-05-23T12:30Z
balancing_energy_bids,37,2026-05-23T12:30:00,PT15M,2026-05-23T12:45Z,2026-05-23T12:30Z,-199,1,1,10Y1001C--00090V,AUCTION-aFRR,B74,10YSK-SEPS-----K,EUR,A01,A02,20260523059-AFRR_N-UNIT_019-1,MWH,MAW,A01,A11,2026-05-23T12:45Z,2026-05-23T12:30Z
balancing_energy_bids,38,2026-05-23T12:30:00,PT15M,2026-05-23T12:45Z,2026-05-23T12:30Z,-19,1,1,10Y1001C--00090V,AUCTION-aFRR,B74,10YSK-SEPS-----K,EUR,A01,A02,20260523059-AFRR_N-UNIT_106-1,MWH,MAW,A01,A06,2026-05-23T12:45Z,2026-05-23T12:30Z
balancing_energy_bids,39,2026-05-23T12:30:00,PT15M,2026-05-23T12:45Z,2026-05-23T12:30Z,-5,1,5,10Y1001C--00090V,AUCTION-aFRR,B74,10YSK-SEPS-----K,EUR,A01,A02,20260523059-AFRR_N-UNIT_123-1,MWH,MAW,A01,A06,2026-05-23T12:45Z,2026-05-23T12:30Z
balancing_energy_bids,40,2026-05-23T12:30:00,PT15M,2026-05-23T12:45Z,2026-05-23T12:30Z,132,1,1,10Y1001C--00090V,AUCTION-aFRR,B74,10YSK-SEPS-----K,EUR,A01,A01,20260523059-AFRR_P-UNIT_068-1,MWH,MAW,A01,A11,2026-05-23T12:45Z,2026-05-23T12:30Z
balancing_energy_bids,41,2026-05-23T12:30:00,PT15M,2026-05-23T12:45Z,2026-05-23T12:30Z,140,1,31,10Y1001C--00090V,AUCTION-aFRR,B74,10YSK-SEPS-----K,EUR,A01,A01,20260523059-AFRR_P-UNIT_052-1,MWH,MAW,A01,A06,2026-05-23T12:45Z,2026-05-23T12:30Z
balancing_energy_bids,42,2026-05-23T12:30:00,PT15M,2026-05-23T12:45Z,2026-05-23T12:30Z,500,1,10,10Y1001C--00090V,AUCTION-aFRR,B74,10YSK-SEPS-----K,EUR,A01,A01,20260523059-AFRR_P-UNIT_047-1,MWH,MAW,A01,A06,2026-05-23T12:45Z,2026-05-23T12:30Z
balancing_energy_bids,43,2026-05-23T12:30:00,PT15M,2026-05-23T12:45Z,2026-05-23T12:30Z,350,1,17,10Y1001C--00090V,AUCTION-aFRR,B74,10YSK-SEPS-----K,EUR,A01,A01,20260523059-AFRR_P-UNIT_051-1,MWH,MAW,A01,A06,2026-05-23T12:45Z,2026-05-23T12:30Z
balancing_energy_bids,44,2026-05-23T12:30:00,PT15M,2026-05-23T12:45Z,2026-05-23T12:30Z,135,1,15,10Y1001C--00090V,AUCTION-aFRR,B74,10YSK-SEPS-----K,EUR,A01,A01,20260523059-AFRR_P-UNIT_069-1,MWH,MAW,A01,A06,2026-05-23T12:45Z,2026-05-23T12:30Z
balancing_energy_bids,45,2026-05-23T12:30:00,PT15M,2026-05-23T12:45Z,2026-05-23T12:30Z,200,1,1,10Y1001C--00090V,AUCTION-aFRR,B74,10YSK-SEPS-----K,EUR,A01,A01,20260523059-AFRR_P-UNIT_058-1,MWH,MAW,A01,A11,2026-05-23T12:45Z,2026-05-23T12:30Z
balancing_energy_bids,46,2026-05-23T12:30:00,PT15M,2026-05-23T12:45Z,2026-05-23T12:30Z,190.07,1,20,10Y1001C--00090V,AUCTION-aFRR,B74,10YSK-SEPS-----K,EUR,A01,A01,20260523059-AFRR_P-UNIT_013-1,MWH,MAW,A01,A06,2026-05-23T12:45Z,2026-05-23T12:30Z
balancing_energy_bids,47,2026-05-23T12:30:00,PT15M,2026-05-23T12:45Z,2026-05-23T12:30Z,105,1,5,10Y1001C--00090V,AUCTION-aFRR,B74,10YSK-SEPS-----K,EUR,A01,A01,20260523059-AFRR_P-UNIT_062-1,MWH,MAW,A01,A06,2026-05-23T12:45Z,2026-05-23T12:30Z
balancing_energy_bids,48,2026-05-23T12:30:00,PT15M,2026-05-23T12:45Z,2026-05-23T12:30Z,105,1,3,10Y1001C--00090V,AUCTION-aFRR,B74,10YSK-SEPS-----K,EUR,A01,A01,20260523059-AFRR_P-UNIT_043-1,MWH,MAW,A01,A06,2026-05-23T12:45Z,2026-05-23T12:30Z
balancing_energy_bids,49,2026-05-23T12:30:00,PT15M,2026-05-23T12:45Z,2026-05-23T12:30Z,110,1,10,10Y1001C--00090V,AUCTION-aFRR,B74,10YSK-SEPS-----K,EUR,A01,A01,20260523059-AFRR_P-UNIT_063-1,MWH,MAW,A01,A06,2026-05-23T12:45Z,2026-05-23T12:30Z
balancing_energy_bids,50,2026-05-23T12:30:00,PT15M,2026-05-23T12:45Z,2026-05-23T12:30Z,749,1,3,10Y1001C--00090V,AUCTION-aFRR,B74,10YSK-SEPS-----K,EUR,A01,A01,20260523059-AFRR_P-UNIT_078-1,MWH,MAW,A01,A06,2026-05-23T12:45Z,2026-05-23T12:30Z
balancing_energy_bids,51,2026-05-23T12:30:00,PT15M,2026-05-23T12:45Z,2026-05-23T12:30Z,750,1,11,10Y1001C--00090V,AUCTION-aFRR,B74,10YSK-SEPS-----K,EUR,A01,A01,20260523059-AFRR_P-UNIT_104-1,MWH,MAW,A01,A06,2026-05-23T12:45Z,2026-05-23T12:30Z
balancing_energy_bids,52,2026-05-23T12:30:00,PT15M,2026-05-23T12:45Z,2026-05-23T12:30Z,85,1,3,10Y1001C--00090V,AUCTION-aFRR,B74,10YSK-SEPS-----K,EUR,A01,A01,20260523059-AFRR_P-UNIT_097-1,MWH,MAW,A01,A06,2026-05-23T12:45Z,2026-05-23T12:30Z
balancing_energy_bids,53,2026-05-23T12:30:00,PT15M,2026-05-23T12:45Z,2026-05-23T12:30Z,104,1,1,10Y1001C--00090V,AUCTION-aFRR,B74,10YSK-SEPS-----K,EUR,A01,A01,20260523059-AFRR_P-UNIT_019-1,MWH,MAW,A01,A06,2026-05-23T12:45Z,2026-05-23T12:30Z
balancing_energy_bids,54,2026-05-23T12:30:00,PT15M,2026-05-23T12:45Z,2026-05-23T12:30Z,300,1,1,10Y1001C--00090V,AUCTION-aFRR,B74,10YSK-SEPS-----K,EUR,A01,A01,20260523059-AFRR_P-UNIT_106-1,MWH,MAW,A01,A11,2026-05-23T12:45Z,2026-05-23T12:30Z
balancing_energy_bids,55,2026-05-23T12:30:00,PT15M,2026-05-23T12:45Z,2026-05-23T12:30Z,5,1,5,10Y1001C--00090V,AUCTION-aFRR,B74,10YSK-SEPS-----K,EUR,A01,A01,20260523059-AFRR_P-UNIT_028-1,MWH,MAW,A01,A06,2026-05-23T12:45Z,2026-05-23T12:30Z
balancing_energy_bids,56,2026-05-23T12:30:00,PT15M,2026-05-23T12:45Z,2026-05-23T12:30Z,-55,1,5,10Y1001C--00090V,AUCTION-aFRR,B74,10YSK-SEPS-----K,EUR,A01,A02,20260523059-AFRR_N-UNIT_028-1,MWH,MAW,A01,A06,2026-05-23T12:45Z,2026-05-23T12:30Z
balancing_energy_bids,57,2026-05-23T12:45:00,PT15M,2026-05-23T13:00Z,2026-05-23T12:45Z,132,1,1,10Y1001C--00090V,AUCTION-aFRR,B74,10YSK-SEPS-----K,EUR,A01,A01,20260523060-AFRR_P-UNIT_068-1,MWH,MAW,A01,A11,2026-05-23T13:00Z,2026-05-23T12:45Z
balancing_energy_bids,58,2026-05-23T12:45:00,PT15M,2026-05-23T13:00Z,2026-05-23T12:45Z,140,1,31,10Y1001C--00090V,AUCTION-aFRR,B74,10YSK-SEPS-----K,EUR,A01,A01,20260523060-AFRR_P-UNIT_052-1,MWH,MAW,A01,A06,2026-05-23T13:00Z,2026-05-23T12:45Z
balancing_energy_bids,59,2026-05-23T12:45:00,PT15M,2026-05-23T13:00Z,2026-05-23T12:45Z,500,1,10,10Y1001C--00090V,AUCTION-aFRR,B74,10YSK-SEPS-----K,EUR,A01,A01,20260523060-AFRR_P-UNIT_047-1,MWH,MAW,A01,A06,2026-05-23T13:00Z,2026-05-23T12:45Z
balancing_energy_bids,60,2026-05-23T12:45:00,PT15M,2026-05-23T13:00Z,2026-05-23T12:45Z,350,1,17,10Y1001C--00090V,AUCTION-aFRR,B74,10YSK-SEPS-----K,EUR,A01,A01,20260523060-AFRR_P-UNIT_051-1,MWH,MAW,A01,A06,2026-05-23T13:00Z,2026-05-23T12:45Z
balancing_energy_bids,61,2026-05-23T12:45:00,PT15M,2026-05-23T13:00Z,2026-05-23T12:45Z,135,1,15,10Y1001C--00090V,AUCTION-aFRR,B74,10YSK-SEPS-----K,EUR,A01,A01,20260523060-AFRR_P-UNIT_069-1,MWH,MAW,A01,A06,2026-05-23T13:00Z,2026-05-23T12:45Z
balancing_energy_bids,62,2026-05-23T12:45:00,PT15M,2026-05-23T13:00Z,2026-05-23T12:45Z,200,1,1,10Y1001C--00090V,AUCTION-aFRR,B74,10YSK-SEPS-----K,EUR,A01,A01,20260523060-AFRR_P-UNIT_058-1,MWH,MAW,A01,A11,2026-05-23T13:00Z,2026-05-23T12:45Z
balancing_energy_bids,63,2026-05-23T12:45:00,PT15M,2026-05-23T13:00Z,2026-05-23T12:45Z,190.07,1,20,10Y1001C--00090V,AUCTION-aFRR,B74,10YSK-SEPS-----K,EUR,A01,A01,20260523060-AFRR_P-UNIT_013-1,MWH,MAW,A01,A06,2026-05-23T13:00Z,2026-05-23T12:45Z
balancing_energy_bids,64,2026-05-23T12:45:00,PT15M,2026-05-23T13:00Z,2026-05-23T12:45Z,105,1,5,10Y1001C--00090V,AUCTION-aFRR,B74,10YSK-SEPS-----K,EUR,A01,A01,20260523060-AFRR_P-UNIT_062-1,MWH,MAW,A01,A06,2026-05-23T13:00Z,2026-05-23T12:45Z
balancing_energy_bids,65,2026-05-23T12:45:00,PT15M,2026-05-23T13:00Z,2026-05-23T12:45Z,105,1,3,10Y1001C--00090V,AUCTION-aFRR,B74,10YSK-SEPS-----K,EUR,A01,A01,20260523060-AFRR_P-UNIT_043-1,MWH,MAW,A01,A06,2026-05-23T13:00Z,2026-05-23T12:45Z
balancing_energy_bids,66,2026-05-23T12:45:00,PT15M,2026-05-23T13:00Z,2026-05-23T12:45Z,110,1,10,10Y1001C--00090V,AUCTION-aFRR,B74,10YSK-SEPS-----K,EUR,A01,A01,20260523060-AFRR_P-UNIT_063-1,MWH,MAW,A01,A06,2026-05-23T13:00Z,2026-05-23T12:45Z
balancing_energy_bids,67,2026-05-23T12:45:00,PT15M,2026-05-23T13:00Z,2026-05-23T12:45Z,749,1,3,10Y1001C--00090V,AUCTION-aFRR,B74,10YSK-SEPS-----K,EUR,A01,A01,20260523060-AFRR_P-UNIT_078-1,MWH,MAW,A01,A06,2026-05-23T13:00Z,2026-05-23T12:45Z
balancing_energy_bids,68,2026-05-23T12:45:00,PT15M,2026-05-23T13:00Z,2026-05-23T12:45Z,750,1,11,10Y1001C--00090V,AUCTION-aFRR,B74,10YSK-SEPS-----K,EUR,A01,A01,20260523060-AFRR_P-UNIT_104-1,MWH,MAW,A01,A06,2026-05-23T13:00Z,2026-05-23T12:45Z
balancing_energy_bids,69,2026-05-23T12:45:00,PT15M,2026-05-23T13:00Z,2026-05-23T12:45Z,85,1,3,10Y1001C--00090V,AUCTION-aFRR,B74,10YSK-SEPS-----K,EUR,A01,A01,20260523060-AFRR_P-UNIT_097-1,MWH,MAW,A01,A06,2026-05-23T13:00Z,2026-05-23T12:45Z
balancing_energy_bids,70,2026-05-23T12:45:00,PT15M,2026-05-23T13:00Z,2026-05-23T12:45Z,108,1,1,10Y1001C--00090V,AUCTION-aFRR,B74,10YSK-SEPS-----K,EUR,A01,A01,20260523060-AFRR_P-UNIT_019-1,MWH,MAW,A01,A06,2026-05-23T13:00Z,2026-05-23T12:45Z
balancing_energy_bids,71,2026-05-23T12:45:00,PT15M,2026-05-23T13:00Z,2026-05-23T12:45Z,300,1,1,10Y1001C--00090V,AUCTION-aFRR,B74,10YSK-SEPS-----K,EUR,A01,A01,20260523060-AFRR_P-UNIT_106-1,MWH,MAW,A01,A11,2026-05-23T13:00Z,2026-05-23T12:45Z
balancing_energy_bids,72,2026-05-23T12:45:00,PT15M,2026-05-23T13:00Z,2026-05-23T12:45Z,189,1,8,10Y1001C--00090V,AUCTION-aFRR,B74,10YSK-SEPS-----K,EUR,A01,A01,20260523060-AFRR_P-UNIT_123-1,MWH,MAW,A01,A06,2026-05-23T13:00Z,2026-05-23T12:45Z
balancing_energy_bids,73,2026-05-23T12:45:00,PT15M,2026-05-23T13:00Z,2026-05-23T12:45Z,-20.14,1,1,10Y1001C--00090V,AUCTION-aFRR,B74,10YSK-SEPS-----K,EUR,A01,A02,20260523060-AFRR_N-UNIT_068-1,MWH,MAW,A01,A11,2026-05-23T13:00Z,2026-05-23T12:45Z
balancing_energy_bids,74,2026-05-23T12:45:00,PT15M,2026-05-23T13:00Z,2026-05-23T12:45Z,-30,1,6,10Y1001C--00090V,AUCTION-aFRR,B74,10YSK-SEPS-----K,EUR,A01,A02,20260523060-AFRR_N-UNIT_052-1,MWH,MAW,A01,A06,2026-05-23T13:00Z,2026-05-23T12:45Z
balancing_energy_bids,75,2026-05-23T12:45:00,PT15M,2026-05-23T13:00Z,2026-05-23T12:45Z,-144,1,5,10Y1001C--00090V,AUCTION-aFRR,B74,10YSK-SEPS-----K,EUR,A01,A02,20260523060-AFRR_N-UNIT_051-1,MWH,MAW,A01,A06,2026-05-23T13:00Z,2026-05-23T12:45Z
balancing_energy_bids,76,2026-05-23T12:45:00,PT15M,2026-05-23T13:00Z,2026-05-23T12:45Z,-250,1,12,10Y1001C--00090V,AUCTION-aFRR,B74,10YSK-SEPS-----K,EUR,A01,A02,20260523060-AFRR_N-UNIT_069-1,MWH,MAW,A01,A06,2026-05-23T13:00Z,2026-05-23T12:45Z
balancing_energy_bids,77,2026-05-23T12:45:00,PT15M,2026-05-23T13:00Z,2026-05-23T12:45Z,-50,1,1,10Y1001C--00090V,AUCTION-aFRR,B74,10YSK-SEPS-----K,EUR,A01,A02,20260523060-AFRR_N-UNIT_058-1,MWH,MAW,A01,A11,2026-05-23T13:00Z,2026-05-23T12:45Z
balancing_energy_bids,78,2026-05-23T12:45:00,PT15M,2026-05-23T13:00Z,2026-05-23T12:45Z,-21.59,1,8,10Y1001C--00090V,AUCTION-aFRR,B74,10YSK-SEPS-----K,EUR,A01,A02,20260523060-AFRR_N-UNIT_013-1,MWH,MAW,A01,A06,2026-05-23T13:00Z,2026-05-23T12:45Z
balancing_energy_bids,79,2026-05-23T12:45:00,PT15M,2026-05-23T13:00Z,2026-05-23T12:45Z,-21.59,1,30,10Y1001C--00090V,AUCTION-aFRR,B74,10YSK-SEPS-----K,EUR,A01,A02,20260523060-AFRR_N-UNIT_010-1,MWH,MAW,A01,A06,2026-05-23T13:00Z,2026-05-23T12:45Z
balancing_energy_bids,80,2026-05-23T12:45:00,PT15M,2026-05-23T13:00Z,2026-05-23T12:45Z,10,1,2,10Y1001C--00090V,AUCTION-aFRR,B74,10YSK-SEPS-----K,EUR,A01,A02,20260523060-AFRR_N-UNIT_043-1,MWH,MAW,A01,A06,2026-05-23T13:00Z,2026-05-23T12:45Z
balancing_energy_bids,81,2026-05-23T12:45:00,PT15M,2026-05-23T13:00Z,2026-05-23T12:45Z,0,1,4,10Y1001C--00090V,AUCTION-aFRR,B74,10YSK-SEPS-----K,EUR,A01,A02,20260523060-AFRR_N-UNIT_104-1,MWH,MAW,A01,A06,2026-05-23T13:00Z,2026-05-23T12:45Z
balancing_energy_bids,82,2026-05-23T12:45:00,PT15M,2026-05-23T13:00Z,2026-05-23T12:45Z,-274.39,1,3,10Y1001C--00090V,AUCTION-aFRR,B74,10YSK-SEPS-----K,EUR,A01,A02,20260523060-AFRR_N-UNIT_089-1,MWH,MAW,A01,A06,2026-05-23T13:00Z,2026-05-23T12:45Z
balancing_energy_bids,83,2026-05-23T12:45:00,PT15M,2026-05-23T13:00Z,2026-05-23T12:45Z,-50,1,4,10Y1001C--00090V,AUCTION-aFRR,B74,10YSK-SEPS-----K,EUR,A01,A02,20260523060-AFRR_N-UNIT_097-1,MWH,MAW,A01,A06,2026-05-23T13:00Z,2026-05-23T12:45Z
balancing_energy_bids,84,2026-05-23T12:45:00,PT15M,2026-05-23T13:00Z,2026-05-23T12:45Z,-199,1,1,10Y1001C--00090V,AUCTION-aFRR,B74,10YSK-SEPS-----K,EUR,A01,A02,20260523060-AFRR_N-UNIT_019-1,MWH,MAW,A01,A11,2026-05-23T13:00Z,2026-05-23T12:45Z
balancing_energy_bids,85,2026-05-23T12:45:00,PT15M,2026-05-23T13:00Z,2026-05-23T12:45Z,-19,1,1,10Y1001C--00090V,AUCTION-aFRR,B74,10YSK-SEPS-----K,EUR,A01,A02,20260523060-AFRR_N-UNIT_106-1,MWH,MAW,A01,A06,2026-05-23T13:00Z,2026-05-23T12:45Z
balancing_energy_bids,86,2026-05-23T12:45:00,PT15M,2026-05-23T13:00Z,2026-05-23T12:45Z,-5,1,5,10Y1001C--00090V,AUCTION-aFRR,B74,10YSK-SEPS-----K,EUR,A01,A02,20260523060-AFRR_N-UNIT_123-1,MWH,MAW,A01,A06,2026-05-23T13:00Z,2026-05-23T12:45Z
balancing_energy_bids,87,2026-05-23T12:45:00,PT15M,2026-05-23T13:00Z,2026-05-23T12:45Z,5,1,5,10Y1001C--00090V,AUCTION-aFRR,B74,10YSK-SEPS-----K,EUR,A01,A01,20260523060-AFRR_P-UNIT_028-1,MWH,MAW,A01,A06,2026-05-23T13:00Z,2026-05-23T12:45Z
balancing_energy_bids,88,2026-05-23T12:45:00,PT15M,2026-05-23T13:00Z,2026-05-23T12:45Z,-55,1,5,10Y1001C--00090V,AUCTION-aFRR,B74,10YSK-SEPS-----K,EUR,A01,A02,20260523060-AFRR_N-UNIT_028-1,MWH,MAW,A01,A06,2026-05-23T13:00Z,2026-05-23T12:45Z
balancing_energy_bids,89,2026-05-23T13:00:00,PT15M,2026-05-23T13:15Z,2026-05-23T13:00Z,132,1,1,10Y1001C--00090V,AUCTION-aFRR,B74,10YSK-SEPS-----K,EUR,A01,A01,20260523061-AFRR_P-UNIT_068-1,MWH,MAW,A01,A11,2026-05-23T13:15Z,2026-05-23T13:00Z
balancing_energy_bids,90,2026-05-23T13:00:00,PT15M,2026-05-23T13:15Z,2026-05-23T13:00Z,140,1,31,10Y1001C--00090V,AUCTION-aFRR,B74,10YSK-SEPS-----K,EUR,A01,A01,20260523061-AFRR_P-UNIT_052-1,MWH,MAW,A01,A06,2026-05-23T13:15Z,2026-05-23T13:00Z
balancing_energy_bids,91,2026-05-23T13:00:00,PT15M,2026-05-23T13:15Z,2026-05-23T13:00Z,500,1,10,10Y1001C--00090V,AUCTION-aFRR,B74,10YSK-SEPS-----K,EUR,A01,A01,20260523061-AFRR_P-UNIT_047-1,MWH,MAW,A01,A06,2026-05-23T13:15Z,2026-05-23T13:00Z
balancing_energy_bids,92,2026-05-23T13:00:00,PT15M,2026-05-23T13:15Z,2026-05-23T13:00Z,350,1,17,10Y1001C--00090V,AUCTION-aFRR,B74,10YSK-SEPS-----K,EUR,A01,A01,20260523061-AFRR_P-UNIT_051-1,MWH,MAW,A01,A06,2026-05-23T13:15Z,2026-05-23T13:00Z
balancing_energy_bids,93,2026-05-23T13:00:00,PT15M,2026-05-23T13:15Z,2026-05-23T13:00Z,135,1,15,10Y1001C--00090V,AUCTION-aFRR,B74,10YSK-SEPS-----K,EUR,A01,A01,20260523061-AFRR_P-UNIT_069-1,MWH,MAW,A01,A06,2026-05-23T13:15Z,2026-05-23T13:00Z
balancing_energy_bids,94,2026-05-23T13:00:00,PT15M,2026-05-23T13:15Z,2026-05-23T13:00Z,200,1,1,10Y1001C--00090V,AUCTION-aFRR,B74,10YSK-SEPS-----K,EUR,A01,A01,20260523061-AFRR_P-UNIT_058-1,MWH,MAW,A01,A11,2026-05-23T13:15Z,2026-05-23T13:00Z
balancing_energy_bids,95,2026-05-23T13:00:00,PT15M,2026-05-23T13:15Z,2026-05-23T13:00Z,190.07,1,20,10Y1001C--00090V,AUCTION-aFRR,B74,10YSK-SEPS-----K,EUR,A01,A01,20260523061-AFRR_P-UNIT_013-1,MWH,MAW,A01,A06,2026-05-23T13:15Z,2026-05-23T13:00Z
balancing_energy_bids,96,2026-05-23T13:00:00,PT15M,2026-05-23T13:15Z,2026-05-23T13:00Z,105,1,5,10Y1001C--00090V,AUCTION-aFRR,B74,10YSK-SEPS-----K,EUR,A01,A01,20260523061-AFRR_P-UNIT_062-1,MWH,MAW,A01,A06,2026-05-23T13:15Z,2026-05-23T13:00Z
balancing_energy_bids,97,2026-05-23T13:00:00,PT15M,2026-05-23T13:15Z,2026-05-23T13:00Z,105,1,3,10Y1001C--00090V,AUCTION-aFRR,B74,10YSK-SEPS-----K,EUR,A01,A01,20260523061-AFRR_P-UNIT_043-1,MWH,MAW,A01,A06,2026-05-23T13:15Z,2026-05-23T13:00Z
balancing_energy_bids,98,2026-05-23T13:00:00,PT15M,2026-05-23T13:15Z,2026-05-23T13:00Z,110,1,10,10Y1001C--00090V,AUCTION-aFRR,B74,10YSK-SEPS-----K,EUR,A01,A01,20260523061-AFRR_P-UNIT_063-1,MWH,MAW,A01,A06,2026-05-23T13:15Z,2026-05-23T13:00Z
balancing_energy_bids,99,2026-05-23T13:00:00,PT15M,2026-05-23T13:15Z,2026-05-23T13:00Z,749,1,3,10Y1001C--00090V,AUCTION-aFRR,B74,10YSK-SEPS-----K,EUR,A01,A01,20260523061-AFRR_P-UNIT_078-1,MWH,MAW,A01,A06,2026-05-23T13:15Z,2026-05-23T13:00Z
balancing_energy_bids,100,2026-05-23T13:00:00,PT15M,2026-05-23T13:15Z,2026-05-23T13:00Z,750,1,11,10Y1001C--00090V,AUCTION-aFRR,B74,10YSK-SEPS-----K,EUR,A01,A01,20260523061-AFRR_P-UNIT_104-1,MWH,MAW,A01,A06,2026-05-23T13:15Z,2026-05-23T13:00Z
balancing_energy_bids,1,2026-05-23T13:00:00,PT15M,2026-05-23T13:15Z,2026-05-23T13:00Z,85,1,3,10Y1001C--00090V,AUCTION-aFRR,B74,10YSK-SEPS-----K,EUR,A01,A01,20260523061-AFRR_P-UNIT_097-1,MWH,MAW,A01,A06,2026-05-23T13:15Z,2026-05-23T13:00Z
balancing_energy_bids,2,2026-05-23T13:00:00,PT15M,2026-05-23T13:15Z,2026-05-23T13:00Z,107,1,1,10Y1001C--00090V,AUCTION-aFRR,B74,10YSK-SEPS-----K,EUR,A01,A01,20260523061-AFRR_P-UNIT_019-1,MWH,MAW,A01,A06,2026-05-23T13:15Z,2026-05-23T13:00Z
balancing_energy_bids,3,2026-05-23T13:00:00,PT15M,2026-05-23T13:15Z,2026-05-23T13:00Z,300,1,1,10Y1001C--00090V,AUCTION-aFRR,B74,10YSK-SEPS-----K,EUR,A01,A01,20260523061-AFRR_P-UNIT_106-1,MWH,MAW,A01,A11,2026-05-23T13:15Z,2026-05-23T13:00Z
balancing_energy_bids,4,2026-05-23T13:00:00,PT15M,2026-05-23T13:15Z,2026-05-23T13:00Z,189,1,8,10Y1001C--00090V,AUCTION-aFRR,B74,10YSK-SEPS-----K,EUR,A01,A01,20260523061-AFRR_P-UNIT_123-1,MWH,MAW,A01,A06,2026-05-23T13:15Z,2026-05-23T13:00Z
balancing_energy_bids,5,2026-05-23T13:00:00,PT15M,2026-05-23T13:15Z,2026-05-23T13:00Z,-12.13,1,1,10Y1001C--00090V,AUCTION-aFRR,B74,10YSK-SEPS-----K,EUR,A01,A02,20260523061-AFRR_N-UNIT_068-1,MWH,MAW,A01,A11,2026-05-23T13:15Z,2026-05-23T13:00Z
balancing_energy_bids,6,2026-05-23T13:00:00,PT15M,2026-05-23T13:15Z,2026-05-23T13:00Z,-30,1,6,10Y1001C--00090V,AUCTION-aFRR,B74,10YSK-SEPS-----K,EUR,A01,A02,20260523061-AFRR_N-UNIT_052-1,MWH,MAW,A01,A06,2026-05-23T13:15Z,2026-05-23T13:00Z
balancing_energy_bids,7,2026-05-23T13:00:00,PT15M,2026-05-23T13:15Z,2026-05-23T13:00Z,-144,1,5,10Y1001C--00090V,AUCTION-aFRR,B74,10YSK-SEPS-----K,EUR,A01,A02,20260523061-AFRR_N-UNIT_051-1,MWH,MAW,A01,A06,2026-05-23T13:15Z,2026-05-23T13:00Z
balancing_energy_bids,8,2026-05-23T13:00:00,PT15M,2026-05-23T13:15Z,2026-05-23T13:00Z,-250,1,12,10Y1001C--00090V,AUCTION-aFRR,B74,10YSK-SEPS-----K,EUR,A01,A02,20260523061-AFRR_N-UNIT_069-1,MWH,MAW,A01,A06,2026-05-23T13:15Z,2026-05-23T13:00Z
balancing_energy_bids,9,2026-05-23T13:00:00,PT15M,2026-05-23T13:15Z,2026-05-23T13:00Z,-50,1,1,10Y1001C--00090V,AUCTION-aFRR,B74,10YSK-SEPS-----K,EUR,A01,A02,20260523061-AFRR_N-UNIT_058-1,MWH,MAW,A01,A11,2026-05-23T13:15Z,2026-05-23T13:00Z
balancing_energy_bids,10,2026-05-23T13:00:00,PT15M,2026-05-23T13:15Z,2026-05-23T13:00Z,-13.01,1,8,10Y1001C--00090V,AUCTION-aFRR,B74,10YSK-SEPS-----K,EUR,A01,A02,20260523061-AFRR_N-UNIT_013-1,MWH,MAW,A01,A06,2026-05-23T13:15Z,2026-05-23T13:00Z
balancing_energy_bids,11,2026-05-23T13:00:00,PT15M,2026-05-23T13:15Z,2026-05-23T13:00Z,-13.01,1,30,10Y1001C--00090V,AUCTION-aFRR,B74,10YSK-SEPS-----K,EUR,A01,A02,20260523061-AFRR_N-UNIT_010-1,MWH,MAW,A01,A06,2026-05-23T13:15Z,2026-05-23T13:00Z
balancing_energy_bids,12,2026-05-23T13:00:00,PT15M,2026-05-23T13:15Z,2026-05-23T13:00Z,10,1,2,10Y1001C--00090V,AUCTION-aFRR,B74,10YSK-SEPS-----K,EUR,A01,A02,20260523061-AFRR_N-UNIT_043-1,MWH,MAW,A01,A06,2026-05-23T13:15Z,2026-05-23T13:00Z
balancing_energy_bids,13,2026-05-23T13:00:00,PT15M,2026-05-23T13:15Z,2026-05-23T13:00Z,0,1,4,10Y1001C--00090V,AUCTION-aFRR,B74,10YSK-SEPS-----K,EUR,A01,A02,20260523061-AFRR_N-UNIT_104-1,MWH,MAW,A01,A06,2026-05-23T13:15Z,2026-05-23T13:00Z
balancing_energy_bids,14,2026-05-23T13:00:00,PT15M,2026-05-23T13:15Z,2026-05-23T13:00Z,-268.67,1,3,10Y1001C--00090V,AUCTION-aFRR,B74,10YSK-SEPS-----K,EUR,A01,A02,20260523061-AFRR_N-UNIT_089-1,MWH,MAW,A01,A06,2026-05-23T13:15Z,2026-05-23T13:00Z
balancing_energy_bids,15,2026-05-23T13:00:00,PT15M,2026-05-23T13:15Z,2026-05-23T13:00Z,-50,1,4,10Y1001C--00090V,AUCTION-aFRR,B74,10YSK-SEPS-----K,EUR,A01,A02,20260523061-AFRR_N-UNIT_097-1,MWH,MAW,A01,A06,2026-05-23T13:15Z,2026-05-23T13:00Z
balancing_energy_bids,16,2026-05-23T13:00:00,PT15M,2026-05-23T13:15Z,2026-05-23T13:00Z,-199,1,1,10Y1001C--00090V,AUCTION-aFRR,B74,10YSK-SEPS-----K,EUR,A01,A02,20260523061-AFRR_N-UNIT_019-1,MWH,MAW,A01,A11,2026-05-23T13:15Z,2026-05-23T13:00Z
balancing_energy_bids,17,2026-05-23T13:00:00,PT15M,2026-05-23T13:15Z,2026-05-23T13:00Z,-19,1,1,10Y1001C--00090V,AUCTION-aFRR,B74,10YSK-SEPS-----K,EUR,A01,A02,20260523061-AFRR_N-UNIT_106-1,MWH,MAW,A01,A06,2026-05-23T13:15Z,2026-05-23T13:00Z
balancing_energy_bids,18,2026-05-23T13:00:00,PT15M,2026-05-23T13:15Z,2026-05-23T13:00Z,-5,1,5,10Y1001C--00090V,AUCTION-aFRR,B74,10YSK-SEPS-----K,EUR,A01,A02,20260523061-AFRR_N-UNIT_123-1,MWH,MAW,A01,A06,2026-05-23T13:15Z,2026-05-23T13:00Z
balancing_energy_bids,19,2026-05-23T13:00:00,PT15M,2026-05-23T13:15Z,2026-05-23T13:00Z,5,1,5,10Y1001C--00090V,AUCTION-aFRR,B74,10YSK-SEPS-----K,EUR,A01,A01,20260523061-AFRR_P-UNIT_028-1,MWH,MAW,A01,A06,2026-05-23T13:15Z,2026-05-23T13:00Z
balancing_energy_bids,20,2026-05-23T13:00:00,PT15M,2026-05-23T13:15Z,2026-05-23T13:00Z,-55,1,5,10Y1001C--00090V,AUCTION-aFRR,B74,10YSK-SEPS-----K,EUR,A01,A02,20260523061-AFRR_N-UNIT_028-1,MWH,MAW,A01,A06,2026-05-23T13:15Z,2026-05-23T13:00Z
balancing_energy_bids,21,2026-05-23T13:15:00,PT15M,2026-05-23T13:30Z,2026-05-23T13:15Z,749,1,3,10Y1001C--00090V,AUCTION-aFRR,B74,10YSK-SEPS-----K,EUR,A01,A01,20260523062-AFRR_P-UNIT_078-1,MWH,MAW,A01,A06,2026-05-23T13:30Z,2026-05-23T13:15Z
balancing_energy_bids,22,2026-05-23T13:15:00,PT15M,2026-05-23T13:30Z,2026-05-23T13:15Z,750,1,11,10Y1001C--00090V,AUCTION-aFRR,B74,10YSK-SEPS-----K,EUR,A01,A01,20260523062-AFRR_P-UNIT_104-1,MWH,MAW,A01,A06,2026-05-23T13:30Z,2026-05-23T13:15Z
balancing_energy_bids,23,2026-05-23T13:15:00,PT15M,2026-05-23T13:30Z,2026-05-23T13:15Z,85,1,3,10Y1001C--00090V,AUCTION-aFRR,B74,10YSK-SEPS-----K,EUR,A01,A01,20260523062-AFRR_P-UNIT_097-1,MWH,MAW,A01,A06,2026-05-23T13:30Z,2026-05-23T13:15Z
balancing_energy_bids,24,2026-05-23T13:15:00,PT15M,2026-05-23T13:30Z,2026-05-23T13:15Z,116,1,1,10Y1001C--00090V,AUCTION-aFRR,B74,10YSK-SEPS-----K,EUR,A01,A01,20260523062-AFRR_P-UNIT_019-1,MWH,MAW,A01,A06,2026-05-23T13:30Z,2026-05-23T13:15Z
balancing_energy_bids,25,2026-05-23T13:15:00,PT15M,2026-05-23T13:30Z,2026-05-23T13:15Z,300,1,1,10Y1001C--00090V,AUCTION-aFRR,B74,10YSK-SEPS-----K,EUR,A01,A01,20260523062-AFRR_P-UNIT_106-1,MWH,MAW,A01,A11,2026-05-23T13:30Z,2026-05-23T13:15Z
balancing_energy_bids,26,2026-05-23T13:15:00,PT15M,2026-05-23T13:30Z,2026-05-23T13:15Z,189,1,8,10Y1001C--00090V,AUCTION-aFRR,B74,10YSK-SEPS-----K,EUR,A01,A01,20260523062-AFRR_P-UNIT_123-1,MWH,MAW,A01,A06,2026-05-23T13:30Z,2026-05-23T13:15Z
balancing_energy_bids,27,2026-05-23T13:15:00,PT15M,2026-05-23T13:30Z,2026-05-23T13:15Z,-5,1,1,10Y1001C--00090V,AUCTION-aFRR,B74,10YSK-SEPS-----K,EUR,A01,A02,20260523062-AFRR_N-UNIT_068-1,MWH,MAW,A01,A11,2026-05-23T13:30Z,2026-05-23T13:15Z
balancing_energy_bids,28,2026-05-23T13:15:00,PT15M,2026-05-23T13:30Z,2026-05-23T13:15Z,-30,1,6,10Y1001C--00090V,AUCTION-aFRR,B74,10YSK-SEPS-----K,EUR,A01,A02,20260523062-AFRR_N-UNIT_052-1,MWH,MAW,A01,A06,2026-05-23T13:30Z,2026-05-23T13:15Z
balancing_energy_bids,29,2026-05-23T13:15:00,PT15M,2026-05-23T13:30Z,2026-05-23T13:15Z,-144,1,5,10Y1001C--00090V,AUCTION-aFRR,B74,10YSK-SEPS-----K,EUR,A01,A02,20260523062-AFRR_N-UNIT_051-1,MWH,MAW,A01,A06,2026-05-23T13:30Z,2026-05-23T13:15Z
balancing_energy_bids,30,2026-05-23T13:15:00,PT15M,2026-05-23T13:30Z,2026-05-23T13:15Z,-250,1,12,10Y1001C--00090V,AUCTION-aFRR,B74,10YSK-SEPS-----K,EUR,A01,A02,20260523062-AFRR_N-UNIT_069-1,MWH,MAW,A01,A06,2026-05-23T13:30Z,2026-05-23T13:15Z
balancing_energy_bids,31,2026-05-23T13:15:00,PT15M,2026-05-23T13:30Z,2026-05-23T13:15Z,-50,1,1,10Y1001C--00090V,AUCTION-aFRR,B74,10YSK-SEPS-----K,EUR,A01,A02,20260523062-AFRR_N-UNIT_058-1,MWH,MAW,A01,A11,2026-05-23T13:30Z,2026-05-23T13:15Z
balancing_energy_bids,32,2026-05-23T13:15:00,PT15M,2026-05-23T13:30Z,2026-05-23T13:15Z,-10,1,8,10Y1001C--00090V,AUCTION-aFRR,B74,10YSK-SEPS-----K,EUR,A01,A02,20260523062-AFRR_N-UNIT_013-1,MWH,MAW,A01,A06,2026-05-23T13:30Z,2026-05-23T13:15Z
balancing_energy_bids,33,2026-05-23T13:15:00,PT15M,2026-05-23T13:30Z,2026-05-23T13:15Z,-10,1,30,10Y1001C--00090V,AUCTION-aFRR,B74,10YSK-SEPS-----K,EUR,A01,A02,20260523062-AFRR_N-UNIT_010-1,MWH,MAW,A01,A06,2026-05-23T13:30Z,2026-05-23T13:15Z
balancing_energy_bids,34,2026-05-23T13:15:00,PT15M,2026-05-23T13:30Z,2026-05-23T13:15Z,10,1,2,10Y1001C--00090V,AUCTION-aFRR,B74,10YSK-SEPS-----K,EUR,A01,A02,20260523062-AFRR_N-UNIT_043-1,MWH,MAW,A01,A06,2026-05-23T13:30Z,2026-05-23T13:15Z
balancing_energy_bids,35,2026-05-23T13:15:00,PT15M,2026-05-23T13:30Z,2026-05-23T13:15Z,0,1,4,10Y1001C--00090V,AUCTION-aFRR,B74,10YSK-SEPS-----K,EUR,A01,A02,20260523062-AFRR_N-UNIT_104-1,MWH,MAW,A01,A06,2026-05-23T13:30Z,2026-05-23T13:15Z
balancing_energy_bids,36,2026-05-23T13:15:00,PT15M,2026-05-23T13:30Z,2026-05-23T13:15Z,-263.23,1,3,10Y1001C--00090V,AUCTION-aFRR,B74,10YSK-SEPS-----K,EUR,A01,A02,20260523062-AFRR_N-UNIT_089-1,MWH,MAW,A01,A06,2026-05-23T13:30Z,2026-05-23T13:15Z
balancing_energy_bids,37,2026-05-23T13:15:00,PT15M,2026-05-23T13:30Z,2026-05-23T13:15Z,-50,1,4,10Y1001C--00090V,AUCTION-aFRR,B74,10YSK-SEPS-----K,EUR,A01,A02,20260523062-AFRR_N-UNIT_097-1,MWH,MAW,A01,A06,2026-05-23T13:30Z,2026-05-23T13:15Z
balancing_energy_bids,38,2026-05-23T13:15:00,PT15M,2026-05-23T13:30Z,2026-05-23T13:15Z,-199,1,1,10Y1001C--00090V,AUCTION-aFRR,B74,10YSK-SEPS-----K,EUR,A01,A02,20260523062-AFRR_N-UNIT_019-1,MWH,MAW,A01,A11,2026-05-23T13:30Z,2026-05-23T13:15Z
balancing_energy_bids,39,2026-05-23T13:15:00,PT15M,2026-05-23T13:30Z,2026-05-23T13:15Z,-19,1,1,10Y1001C--00090V,AUCTION-aFRR,B74,10YSK-SEPS-----K,EUR,A01,A02,20260523062-AFRR_N-UNIT_106-1,MWH,MAW,A01,A06,2026-05-23T13:30Z,2026-05-23T13:15Z
balancing_energy_bids,40,2026-05-23T13:15:00,PT15M,2026-05-23T13:30Z,2026-05-23T13:15Z,-5,1,5,10Y1001C--00090V,AUCTION-aFRR,B74,10YSK-SEPS-----K,EUR,A01,A02,20260523062-AFRR_N-UNIT_123-1,MWH,MAW,A01,A06,2026-05-23T13:30Z,2026-05-23T13:15Z
balancing_energy_bids,41,2026-05-23T13:15:00,PT15M,2026-05-23T13:30Z,2026-05-23T13:15Z,132,1,1,10Y1001C--00090V,AUCTION-aFRR,B74,10YSK-SEPS-----K,EUR,A01,A01,20260523062-AFRR_P-UNIT_068-1,MWH,MAW,A01,A11,2026-05-23T13:30Z,2026-05-23T13:15Z
balancing_energy_bids,42,2026-05-23T13:15:00,PT15M,2026-05-23T13:30Z,2026-05-23T13:15Z,140,1,31,10Y1001C--00090V,AUCTION-aFRR,B74,10YSK-SEPS-----K,EUR,A01,A01,20260523062-AFRR_P-UNIT_052-1,MWH,MAW,A01,A06,2026-05-23T13:30Z,2026-05-23T13:15Z
balancing_energy_bids,43,2026-05-23T13:15:00,PT15M,2026-05-23T13:30Z,2026-05-23T13:15Z,500,1,10,10Y1001C--00090V,AUCTION-aFRR,B74,10YSK-SEPS-----K,EUR,A01,A01,20260523062-AFRR_P-UNIT_047-1,MWH,MAW,A01,A06,2026-05-23T13:30Z,2026-05-23T13:15Z
balancing_energy_bids,44,2026-05-23T13:15:00,PT15M,2026-05-23T13:30Z,2026-05-23T13:15Z,350,1,17,10Y1001C--00090V,AUCTION-aFRR,B74,10YSK-SEPS-----K,EUR,A01,A01,20260523062-AFRR_P-UNIT_051-1,MWH,MAW,A01,A06,2026-05-23T13:30Z,2026-05-23T13:15Z
balancing_energy_bids,45,2026-05-23T13:15:00,PT15M,2026-05-23T13:30Z,2026-05-23T13:15Z,135,1,15,10Y1001C--00090V,AUCTION-aFRR,B74,10YSK-SEPS-----K,EUR,A01,A01,20260523062-AFRR_P-UNIT_069-1,MWH,MAW,A01,A06,2026-05-23T13:30Z,2026-05-23T13:15Z
balancing_energy_bids,46,2026-05-23T13:15:00,PT15M,2026-05-23T13:30Z,2026-05-23T13:15Z,200,1,1,10Y1001C--00090V,AUCTION-aFRR,B74,10YSK-SEPS-----K,EUR,A01,A01,20260523062-AFRR_P-UNIT_058-1,MWH,MAW,A01,A11,2026-05-23T13:30Z,2026-05-23T13:15Z
balancing_energy_bids,47,2026-05-23T13:15:00,PT15M,2026-05-23T13:30Z,2026-05-23T13:15Z,190.07,1,20,10Y1001C--00090V,AUCTION-aFRR,B74,10YSK-SEPS-----K,EUR,A01,A01,20260523062-AFRR_P-UNIT_013-1,MWH,MAW,A01,A06,2026-05-23T13:30Z,2026-05-23T13:15Z
balancing_energy_bids,48,2026-05-23T13:15:00,PT15M,2026-05-23T13:30Z,2026-05-23T13:15Z,105,1,5,10Y1001C--00090V,AUCTION-aFRR,B74,10YSK-SEPS-----K,EUR,A01,A01,20260523062-AFRR_P-UNIT_062-1,MWH,MAW,A01,A06,2026-05-23T13:30Z,2026-05-23T13:15Z
balancing_energy_bids,49,2026-05-23T13:15:00,PT15M,2026-05-23T13:30Z,2026-05-23T13:15Z,105,1,3,10Y1001C--00090V,AUCTION-aFRR,B74,10YSK-SEPS-----K,EUR,A01,A01,20260523062-AFRR_P-UNIT_043-1,MWH,MAW,A01,A06,2026-05-23T13:30Z,2026-05-23T13:15Z
balancing_energy_bids,50,2026-05-23T13:15:00,PT15M,2026-05-23T13:30Z,2026-05-23T13:15Z,110,1,10,10Y1001C--00090V,AUCTION-aFRR,B74,10YSK-SEPS-----K,EUR,A01,A01,20260523062-AFRR_P-UNIT_063-1,MWH,MAW,A01,A06,2026-05-23T13:30Z,2026-05-23T13:15Z
balancing_energy_bids,51,2026-05-23T13:15:00,PT15M,2026-05-23T13:30Z,2026-05-23T13:15Z,5,1,5,10Y1001C--00090V,AUCTION-aFRR,B74,10YSK-SEPS-----K,EUR,A01,A01,20260523062-AFRR_P-UNIT_028-1,MWH,MAW,A01,A06,2026-05-23T13:30Z,2026-05-23T13:15Z
balancing_energy_bids,52,2026-05-23T13:15:00,PT15M,2026-05-23T13:30Z,2026-05-23T13:15Z,-55,1,5,10Y1001C--00090V,AUCTION-aFRR,B74,10YSK-SEPS-----K,EUR,A01,A02,20260523062-AFRR_N-UNIT_028-1,MWH,MAW,A01,A06,2026-05-23T13:30Z,2026-05-23T13:15Z
balancing_energy_bids,53,2026-05-23T13:30:00,PT15M,2026-05-23T13:45Z,2026-05-23T13:30Z,5,1,5,10Y1001C--00090V,AUCTION-aFRR,B74,10YSK-SEPS-----K,EUR,A01,A01,20260523063-AFRR_P-UNIT_028-1,MWH,MAW,A01,A06,2026-05-23T13:45Z,2026-05-23T13:30Z
balancing_energy_bids,54,2026-05-23T13:30:00,PT15M,2026-05-23T13:45Z,2026-05-23T13:30Z,-55,1,5,10Y1001C--00090V,AUCTION-aFRR,B74,10YSK-SEPS-----K,EUR,A01,A02,20260523063-AFRR_N-UNIT_028-1,MWH,MAW,A01,A06,2026-05-23T13:45Z,2026-05-23T13:30Z
balancing_energy_bids,55,2026-05-23T13:30:00,PT15M,2026-05-23T13:45Z,2026-05-23T13:30Z,132,1,1,10Y1001C--00090V,AUCTION-aFRR,B74,10YSK-SEPS-----K,EUR,A01,A01,20260523063-AFRR_P-UNIT_068-1,MWH,MAW,A01,A11,2026-05-23T13:45Z,2026-05-23T13:30Z
balancing_energy_bids,56,2026-05-23T13:30:00,PT15M,2026-05-23T13:45Z,2026-05-23T13:30Z,140,1,31,10Y1001C--00090V,AUCTION-aFRR,B74,10YSK-SEPS-----K,EUR,A01,A01,20260523063-AFRR_P-UNIT_052-1,MWH,MAW,A01,A06,2026-05-23T13:45Z,2026-05-23T13:30Z
balancing_energy_bids,57,2026-05-23T13:30:00,PT15M,2026-05-23T13:45Z,2026-05-23T13:30Z,500,1,10,10Y1001C--00090V,AUCTION-aFRR,B74,10YSK-SEPS-----K,EUR,A01,A01,20260523063-AFRR_P-UNIT_047-1,MWH,MAW,A01,A06,2026-05-23T13:45Z,2026-05-23T13:30Z
balancing_energy_bids,58,2026-05-23T13:30:00,PT15M,2026-05-23T13:45Z,2026-05-23T13:30Z,350,1,17,10Y1001C--00090V,AUCTION-aFRR,B74,10YSK-SEPS-----K,EUR,A01,A01,20260523063-AFRR_P-UNIT_051-1,MWH,MAW,A01,A06,2026-05-23T13:45Z,2026-05-23T13:30Z
balancing_energy_bids,59,2026-05-23T13:30:00,PT15M,2026-05-23T13:45Z,2026-05-23T13:30Z,135,1,15,10Y1001C--00090V,AUCTION-aFRR,B74,10YSK-SEPS-----K,EUR,A01,A01,20260523063-AFRR_P-UNIT_069-1,MWH,MAW,A01,A06,2026-05-23T13:45Z,2026-05-23T13:30Z
balancing_energy_bids,60,2026-05-23T13:30:00,PT15M,2026-05-23T13:45Z,2026-05-23T13:30Z,200,1,1,10Y1001C--00090V,AUCTION-aFRR,B74,10YSK-SEPS-----K,EUR,A01,A01,20260523063-AFRR_P-UNIT_058-1,MWH,MAW,A01,A11,2026-05-23T13:45Z,2026-05-23T13:30Z
balancing_energy_bids,61,2026-05-23T13:30:00,PT15M,2026-05-23T13:45Z,2026-05-23T13:30Z,190.07,1,20,10Y1001C--00090V,AUCTION-aFRR,B74,10YSK-SEPS-----K,EUR,A01,A01,20260523063-AFRR_P-UNIT_013-1,MWH,MAW,A01,A06,2026-05-23T13:45Z,2026-05-23T13:30Z
balancing_energy_bids,62,2026-05-23T13:30:00,PT15M,2026-05-23T13:45Z,2026-05-23T13:30Z,105,1,5,10Y1001C--00090V,AUCTION-aFRR,B74,10YSK-SEPS-----K,EUR,A01,A01,20260523063-AFRR_P-UNIT_062-1,MWH,MAW,A01,A06,2026-05-23T13:45Z,2026-05-23T13:30Z
balancing_energy_bids,63,2026-05-23T13:30:00,PT15M,2026-05-23T13:45Z,2026-05-23T13:30Z,105,1,3,10Y1001C--00090V,AUCTION-aFRR,B74,10YSK-SEPS-----K,EUR,A01,A01,20260523063-AFRR_P-UNIT_043-1,MWH,MAW,A01,A06,2026-05-23T13:45Z,2026-05-23T13:30Z
balancing_energy_bids,64,2026-05-23T13:30:00,PT15M,2026-05-23T13:45Z,2026-05-23T13:30Z,110,1,10,10Y1001C--00090V,AUCTION-aFRR,B74,10YSK-SEPS-----K,EUR,A01,A01,20260523063-AFRR_P-UNIT_063-1,MWH,MAW,A01,A06,2026-05-23T13:45Z,2026-05-23T13:30Z
balancing_energy_bids,65,2026-05-23T13:30:00,PT15M,2026-05-23T13:45Z,2026-05-23T13:30Z,749,1,3,10Y1001C--00090V,AUCTION-aFRR,B74,10YSK-SEPS-----K,EUR,A01,A01,20260523063-AFRR_P-UNIT_078-1,MWH,MAW,A01,A06,2026-05-23T13:45Z,2026-05-23T13:30Z
balancing_energy_bids,66,2026-05-23T13:30:00,PT15M,2026-05-23T13:45Z,2026-05-23T13:30Z,750,1,11,10Y1001C--00090V,AUCTION-aFRR,B74,10YSK-SEPS-----K,EUR,A01,A01,20260523063-AFRR_P-UNIT_104-1,MWH,MAW,A01,A06,2026-05-23T13:45Z,2026-05-23T13:30Z
balancing_energy_bids,67,2026-05-23T13:30:00,PT15M,2026-05-23T13:45Z,2026-05-23T13:30Z,85,1,3,10Y1001C--00090V,AUCTION-aFRR,B74,10YSK-SEPS-----K,EUR,A01,A01,20260523063-AFRR_P-UNIT_097-1,MWH,MAW,A01,A06,2026-05-23T13:45Z,2026-05-23T13:30Z
balancing_energy_bids,68,2026-05-23T13:30:00,PT15M,2026-05-23T13:45Z,2026-05-23T13:30Z,114,1,1,10Y1001C--00090V,AUCTION-aFRR,B74,10YSK-SEPS-----K,EUR,A01,A01,20260523063-AFRR_P-UNIT_019-1,MWH,MAW,A01,A06,2026-05-23T13:45Z,2026-05-23T13:30Z
balancing_energy_bids,69,2026-05-23T13:30:00,PT15M,2026-05-23T13:45Z,2026-05-23T13:30Z,300,1,1,10Y1001C--00090V,AUCTION-aFRR,B74,10YSK-SEPS-----K,EUR,A01,A01,20260523063-AFRR_P-UNIT_106-1,MWH,MAW,A01,A11,2026-05-23T13:45Z,2026-05-23T13:30Z
balancing_energy_bids,70,2026-05-23T13:30:00,PT15M,2026-05-23T13:45Z,2026-05-23T13:30Z,189,1,8,10Y1001C--00090V,AUCTION-aFRR,B74,10YSK-SEPS-----K,EUR,A01,A01,20260523063-AFRR_P-UNIT_123-1,MWH,MAW,A01,A06,2026-05-23T13:45Z,2026-05-23T13:30Z
balancing_energy_bids,71,2026-05-23T13:30:00,PT15M,2026-05-23T13:45Z,2026-05-23T13:30Z,-5,1,1,10Y1001C--00090V,AUCTION-aFRR,B74,10YSK-SEPS-----K,EUR,A01,A02,20260523063-AFRR_N-UNIT_068-1,MWH,MAW,A01,A11,2026-05-23T13:45Z,2026-05-23T13:30Z
balancing_energy_bids,72,2026-05-23T13:30:00,PT15M,2026-05-23T13:45Z,2026-05-23T13:30Z,-30,1,6,10Y1001C--00090V,AUCTION-aFRR,B74,10YSK-SEPS-----K,EUR,A01,A02,20260523063-AFRR_N-UNIT_052-1,MWH,MAW,A01,A06,2026-05-23T13:45Z,2026-05-23T13:30Z
balancing_energy_bids,73,2026-05-23T13:30:00,PT15M,2026-05-23T13:45Z,2026-05-23T13:30Z,-144,1,5,10Y1001C--00090V,AUCTION-aFRR,B74,10YSK-SEPS-----K,EUR,A01,A02,20260523063-AFRR_N-UNIT_051-1,MWH,MAW,A01,A06,2026-05-23T13:45Z,2026-05-23T13:30Z
balancing_energy_bids,74,2026-05-23T13:30:00,PT15M,2026-05-23T13:45Z,2026-05-23T13:30Z,-250,1,12,10Y1001C--00090V,AUCTION-aFRR,B74,10YSK-SEPS-----K,EUR,A01,A02,20260523063-AFRR_N-UNIT_069-1,MWH,MAW,A01,A06,2026-05-23T13:45Z,2026-05-23T13:30Z
balancing_energy_bids,75,2026-05-23T13:30:00,PT15M,2026-05-23T13:45Z,2026-05-23T13:30Z,-50,1,1,10Y1001C--00090V,AUCTION-aFRR,B74,10YSK-SEPS-----K,EUR,A01,A02,20260523063-AFRR_N-UNIT_058-1,MWH,MAW,A01,A11,2026-05-23T13:45Z,2026-05-23T13:30Z
balancing_energy_bids,76,2026-05-23T13:30:00,PT15M,2026-05-23T13:45Z,2026-05-23T13:30Z,-10,1,8,10Y1001C--00090V,AUCTION-aFRR,B74,10YSK-SEPS-----K,EUR,A01,A02,20260523063-AFRR_N-UNIT_013-1,MWH,MAW,A01,A06,2026-05-23T13:45Z,2026-05-23T13:30Z
balancing_energy_bids,77,2026-05-23T13:30:00,PT15M,2026-05-23T13:45Z,2026-05-23T13:30Z,-10,1,30,10Y1001C--00090V,AUCTION-aFRR,B74,10YSK-SEPS-----K,EUR,A01,A02,20260523063-AFRR_N-UNIT_010-1,MWH,MAW,A01,A06,2026-05-23T13:45Z,2026-05-23T13:30Z
balancing_energy_bids,78,2026-05-23T13:30:00,PT15M,2026-05-23T13:45Z,2026-05-23T13:30Z,10,1,2,10Y1001C--00090V,AUCTION-aFRR,B74,10YSK-SEPS-----K,EUR,A01,A02,20260523063-AFRR_N-UNIT_043-1,MWH,MAW,A01,A06,2026-05-23T13:45Z,2026-05-23T13:30Z
balancing_energy_bids,79,2026-05-23T13:30:00,PT15M,2026-05-23T13:45Z,2026-05-23T13:30Z,0,1,4,10Y1001C--00090V,AUCTION-aFRR,B74,10YSK-SEPS-----K,EUR,A01,A02,20260523063-AFRR_N-UNIT_104-1,MWH,MAW,A01,A06,2026-05-23T13:45Z,2026-05-23T13:30Z
balancing_energy_bids,80,2026-05-23T13:30:00,PT15M,2026-05-23T13:45Z,2026-05-23T13:30Z,-262.1,1,3,10Y1001C--00090V,AUCTION-aFRR,B74,10YSK-SEPS-----K,EUR,A01,A02,20260523063-AFRR_N-UNIT_089-1,MWH,MAW,A01,A06,2026-05-23T13:45Z,2026-05-23T13:30Z
balancing_energy_bids,81,2026-05-23T13:30:00,PT15M,2026-05-23T13:45Z,2026-05-23T13:30Z,-50,1,4,10Y1001C--00090V,AUCTION-aFRR,B74,10YSK-SEPS-----K,EUR,A01,A02,20260523063-AFRR_N-UNIT_097-1,MWH,MAW,A01,A06,2026-05-23T13:45Z,2026-05-23T13:30Z
balancing_energy_bids,82,2026-05-23T13:30:00,PT15M,2026-05-23T13:45Z,2026-05-23T13:30Z,-199,1,1,10Y1001C--00090V,AUCTION-aFRR,B74,10YSK-SEPS-----K,EUR,A01,A02,20260523063-AFRR_N-UNIT_019-1,MWH,MAW,A01,A11,2026-05-23T13:45Z,2026-05-23T13:30Z
balancing_energy_bids,83,2026-05-23T13:30:00,PT15M,2026-05-23T13:45Z,2026-05-23T13:30Z,-19,1,1,10Y1001C--00090V,AUCTION-aFRR,B74,10YSK-SEPS-----K,EUR,A01,A02,20260523063-AFRR_N-UNIT_106-1,MWH,MAW,A01,A06,2026-05-23T13:45Z,2026-05-23T13:30Z
balancing_energy_bids,84,2026-05-23T13:30:00,PT15M,2026-05-23T13:45Z,2026-05-23T13:30Z,-5,1,5,10Y1001C--00090V,AUCTION-aFRR,B74,10YSK-SEPS-----K,EUR,A01,A02,20260523063-AFRR_N-UNIT_123-1,MWH,MAW,A01,A06,2026-05-23T13:45Z,2026-05-23T13:30Z
balancing_energy_bids,85,2026-05-23T13:45:00,PT15M,2026-05-23T14:00Z,2026-05-23T13:45Z,132,1,1,10Y1001C--00090V,AUCTION-aFRR,B74,10YSK-SEPS-----K,EUR,A01,A01,20260523064-AFRR_P-UNIT_068-1,MWH,MAW,A01,A11,2026-05-23T14:00Z,2026-05-23T13:45Z
balancing_energy_bids,86,2026-05-23T13:45:00,PT15M,2026-05-23T14:00Z,2026-05-23T13:45Z,140,1,31,10Y1001C--00090V,AUCTION-aFRR,B74,10YSK-SEPS-----K,EUR,A01,A01,20260523064-AFRR_P-UNIT_052-1,MWH,MAW,A01,A06,2026-05-23T14:00Z,2026-05-23T13:45Z
balancing_energy_bids,87,2026-05-23T13:45:00,PT15M,2026-05-23T14:00Z,2026-05-23T13:45Z,500,1,10,10Y1001C--00090V,AUCTION-aFRR,B74,10YSK-SEPS-----K,EUR,A01,A01,20260523064-AFRR_P-UNIT_047-1,MWH,MAW,A01,A06,2026-05-23T14:00Z,2026-05-23T13:45Z
balancing_energy_bids,88,2026-05-23T13:45:00,PT15M,2026-05-23T14:00Z,2026-05-23T13:45Z,350,1,17,10Y1001C--00090V,AUCTION-aFRR,B74,10YSK-SEPS-----K,EUR,A01,A01,20260523064-AFRR_P-UNIT_051-1,MWH,MAW,A01,A06,2026-05-23T14:00Z,2026-05-23T13:45Z
balancing_energy_bids,89,2026-05-23T13:45:00,PT15M,2026-05-23T14:00Z,2026-05-23T13:45Z,135,1,15,10Y1001C--00090V,AUCTION-aFRR,B74,10YSK-SEPS-----K,EUR,A01,A01,20260523064-AFRR_P-UNIT_069-1,MWH,MAW,A01,A06,2026-05-23T14:00Z,2026-05-23T13:45Z
balancing_energy_bids,90,2026-05-23T13:45:00,PT15M,2026-05-23T14:00Z,2026-05-23T13:45Z,200,1,1,10Y1001C--00090V,AUCTION-aFRR,B74,10YSK-SEPS-----K,EUR,A01,A01,20260523064-AFRR_P-UNIT_058-1,MWH,MAW,A01,A11,2026-05-23T14:00Z,2026-05-23T13:45Z
balancing_energy_bids,91,2026-05-23T13:45:00,PT15M,2026-05-23T14:00Z,2026-05-23T13:45Z,190.07,1,20,10Y1001C--00090V,AUCTION-aFRR,B74,10YSK-SEPS-----K,EUR,A01,A01,20260523064-AFRR_P-UNIT_013-1,MWH,MAW,A01,A06,2026-05-23T14:00Z,2026-05-23T13:45Z
balancing_energy_bids,92,2026-05-23T13:45:00,PT15M,2026-05-23T14:00Z,2026-05-23T13:45Z,105,1,5,10Y1001C--00090V,AUCTION-aFRR,B74,10YSK-SEPS-----K,EUR,A01,A01,20260523064-AFRR_P-UNIT_062-1,MWH,MAW,A01,A06,2026-05-23T14:00Z,2026-05-23T13:45Z
balancing_energy_bids,93,2026-05-23T13:45:00,PT15M,2026-05-23T14:00Z,2026-05-23T13:45Z,105,1,3,10Y1001C--00090V,AUCTION-aFRR,B74,10YSK-SEPS-----K,EUR,A01,A01,20260523064-AFRR_P-UNIT_043-1,MWH,MAW,A01,A06,2026-05-23T14:00Z,2026-05-23T13:45Z
balancing_energy_bids,94,2026-05-23T13:45:00,PT15M,2026-05-23T14:00Z,2026-05-23T13:45Z,110,1,10,10Y1001C--00090V,AUCTION-aFRR,B74,10YSK-SEPS-----K,EUR,A01,A01,20260523064-AFRR_P-UNIT_063-1,MWH,MAW,A01,A06,2026-05-23T14:00Z,2026-05-23T13:45Z
balancing_energy_bids,95,2026-05-23T13:45:00,PT15M,2026-05-23T14:00Z,2026-05-23T13:45Z,749,1,3,10Y1001C--00090V,AUCTION-aFRR,B74,10YSK-SEPS-----K,EUR,A01,A01,20260523064-AFRR_P-UNIT_078-1,MWH,MAW,A01,A06,2026-05-23T14:00Z,2026-05-23T13:45Z
balancing_energy_bids,96,2026-05-23T13:45:00,PT15M,2026-05-23T14:00Z,2026-05-23T13:45Z,750,1,11,10Y1001C--00090V,AUCTION-aFRR,B74,10YSK-SEPS-----K,EUR,A01,A01,20260523064-AFRR_P-UNIT_104-1,MWH,MAW,A01,A06,2026-05-23T14:00Z,2026-05-23T13:45Z
balancing_energy_bids,97,2026-05-23T13:45:00,PT15M,2026-05-23T14:00Z,2026-05-23T13:45Z,85,1,3,10Y1001C--00090V,AUCTION-aFRR,B74,10YSK-SEPS-----K,EUR,A01,A01,20260523064-AFRR_P-UNIT_097-1,MWH,MAW,A01,A06,2026-05-23T14:00Z,2026-05-23T13:45Z
balancing_energy_bids,98,2026-05-23T13:45:00,PT15M,2026-05-23T14:00Z,2026-05-23T13:45Z,117,1,1,10Y1001C--00090V,AUCTION-aFRR,B74,10YSK-SEPS-----K,EUR,A01,A01,20260523064-AFRR_P-UNIT_019-1,MWH,MAW,A01,A06,2026-05-23T14:00Z,2026-05-23T13:45Z
balancing_energy_bids,99,2026-05-23T13:45:00,PT15M,2026-05-23T14:00Z,2026-05-23T13:45Z,300,1,1,10Y1001C--00090V,AUCTION-aFRR,B74,10YSK-SEPS-----K,EUR,A01,A01,20260523064-AFRR_P-UNIT_106-1,MWH,MAW,A01,A11,2026-05-23T14:00Z,2026-05-23T13:45Z
balancing_energy_bids,100,2026-05-23T13:45:00,PT15M,2026-05-23T14:00Z,2026-05-23T13:45Z,189,1,8,10Y1001C--00090V,AUCTION-aFRR,B74,10YSK-SEPS-----K,EUR,A01,A01,20260523064-AFRR_P-UNIT_123-1,MWH,MAW,A01,A06,2026-05-23T14:00Z,2026-05-23T13:45Z
balancing_energy_bids,1,2026-05-23T13:45:00,PT15M,2026-05-23T14:00Z,2026-05-23T13:45Z,-5,1,1,10Y1001C--00090V,AUCTION-aFRR,B74,10YSK-SEPS-----K,EUR,A01,A02,20260523064-AFRR_N-UNIT_068-1,MWH,MAW,A01,A11,2026-05-23T14:00Z,2026-05-23T13:45Z
balancing_energy_bids,2,2026-05-23T13:45:00,PT15M,2026-05-23T14:00Z,2026-05-23T13:45Z,-30,1,6,10Y1001C--00090V,AUCTION-aFRR,B74,10YSK-SEPS-----K,EUR,A01,A02,20260523064-AFRR_N-UNIT_052-1,MWH,MAW,A01,A06,2026-05-23T14:00Z,2026-05-23T13:45Z
balancing_energy_bids,3,2026-05-23T13:45:00,PT15M,2026-05-23T14:00Z,2026-05-23T13:45Z,-144,1,5,10Y1001C--00090V,AUCTION-aFRR,B74,10YSK-SEPS-----K,EUR,A01,A02,20260523064-AFRR_N-UNIT_051-1,MWH,MAW,A01,A06,2026-05-23T14:00Z,2026-05-23T13:45Z
balancing_energy_bids,4,2026-05-23T13:45:00,PT15M,2026-05-23T14:00Z,2026-05-23T13:45Z,-250,1,12,10Y1001C--00090V,AUCTION-aFRR,B74,10YSK-SEPS-----K,EUR,A01,A02,20260523064-AFRR_N-UNIT_069-1,MWH,MAW,A01,A06,2026-05-23T14:00Z,2026-05-23T13:45Z
balancing_energy_bids,5,2026-05-23T13:45:00,PT15M,2026-05-23T14:00Z,2026-05-23T13:45Z,-50,1,1,10Y1001C--00090V,AUCTION-aFRR,B74,10YSK-SEPS-----K,EUR,A01,A02,20260523064-AFRR_N-UNIT_058-1,MWH,MAW,A01,A11,2026-05-23T14:00Z,2026-05-23T13:45Z
balancing_energy_bids,6,2026-05-23T13:45:00,PT15M,2026-05-23T14:00Z,2026-05-23T13:45Z,-10,1,8,10Y1001C--00090V,AUCTION-aFRR,B74,10YSK-SEPS-----K,EUR,A01,A02,20260523064-AFRR_N-UNIT_013-1,MWH,MAW,A01,A06,2026-05-23T14:00Z,2026-05-23T13:45Z
balancing_energy_bids,7,2026-05-23T13:45:00,PT15M,2026-05-23T14:00Z,2026-05-23T13:45Z,-10,1,30,10Y1001C--00090V,AUCTION-aFRR,B74,10YSK-SEPS-----K,EUR,A01,A02,20260523064-AFRR_N-UNIT_010-1,MWH,MAW,A01,A06,2026-05-23T14:00Z,2026-05-23T13:45Z
balancing_energy_bids,8,2026-05-23T13:45:00,PT15M,2026-05-23T14:00Z,2026-05-23T13:45Z,10,1,2,10Y1001C--00090V,AUCTION-aFRR,B74,10YSK-SEPS-----K,EUR,A01,A02,20260523064-AFRR_N-UNIT_043-1,MWH,MAW,A01,A06,2026-05-23T14:00Z,2026-05-23T13:45Z
balancing_energy_bids,9,2026-05-23T13:45:00,PT15M,2026-05-23T14:00Z,2026-05-23T13:45Z,0,1,4,10Y1001C--00090V,AUCTION-aFRR,B74,10YSK-SEPS-----K,EUR,A01,A02,20260523064-AFRR_N-UNIT_104-1,MWH,MAW,A01,A06,2026-05-23T14:00Z,2026-05-23T13:45Z
balancing_energy_bids,10,2026-05-23T13:45:00,PT15M,2026-05-23T14:00Z,2026-05-23T13:45Z,-262,1,3,10Y1001C--00090V,AUCTION-aFRR,B74,10YSK-SEPS-----K,EUR,A01,A02,20260523064-AFRR_N-UNIT_089-1,MWH,MAW,A01,A06,2026-05-23T14:00Z,2026-05-23T13:45Z
balancing_energy_bids,11,2026-05-23T13:45:00,PT15M,2026-05-23T14:00Z,2026-05-23T13:45Z,-50,1,4,10Y1001C--00090V,AUCTION-aFRR,B74,10YSK-SEPS-----K,EUR,A01,A02,20260523064-AFRR_N-UNIT_097-1,MWH,MAW,A01,A06,2026-05-23T14:00Z,2026-05-23T13:45Z
balancing_energy_bids,12,2026-05-23T13:45:00,PT15M,2026-05-23T14:00Z,2026-05-23T13:45Z,-199,1,1,10Y1001C--00090V,AUCTION-aFRR,B74,10YSK-SEPS-----K,EUR,A01,A02,20260523064-AFRR_N-UNIT_019-1,MWH,MAW,A01,A11,2026-05-23T14:00Z,2026-05-23T13:45Z
balancing_energy_bids,13,2026-05-23T13:45:00,PT15M,2026-05-23T14:00Z,2026-05-23T13:45Z,-19,1,1,10Y1001C--00090V,AUCTION-aFRR,B74,10YSK-SEPS-----K,EUR,A01,A02,20260523064-AFRR_N-UNIT_106-1,MWH,MAW,A01,A06,2026-05-23T14:00Z,2026-05-23T13:45Z
balancing_energy_bids,14,2026-05-23T13:45:00,PT15M,2026-05-23T14:00Z,2026-05-23T13:45Z,-5,1,5,10Y1001C--00090V,AUCTION-aFRR,B74,10YSK-SEPS-----K,EUR,A01,A02,20260523064-AFRR_N-UNIT_123-1,MWH,MAW,A01,A06,2026-05-23T14:00Z,2026-05-23T13:45Z
balancing_energy_bids,15,2026-05-23T13:45:00,PT15M,2026-05-23T14:00Z,2026-05-23T13:45Z,5,1,5,10Y1001C--00090V,AUCTION-aFRR,B74,10YSK-SEPS-----K,EUR,A01,A01,20260523064-AFRR_P-UNIT_028-1,MWH,MAW,A01,A06,2026-05-23T14:00Z,2026-05-23T13:45Z
balancing_energy_bids,16,2026-05-23T13:45:00,PT15M,2026-05-23T14:00Z,2026-05-23T13:45Z,-55,1,5,10Y1001C--00090V,AUCTION-aFRR,B74,10YSK-SEPS-----K,EUR,A01,A02,20260523064-AFRR_N-UNIT_028-1,MWH,MAW,A01,A06,2026-05-23T14:00Z,2026-05-23T13:45Z
balancing_energy_bids,17,2026-05-23T14:00:00,PT15M,2026-05-23T14:15Z,2026-05-23T14:00Z,132,1,1,10Y1001C--00090V,AUCTION-aFRR,B74,10YSK-SEPS-----K,EUR,A01,A01,20260523065-AFRR_P-UNIT_068-1,MWH,MAW,A01,A11,2026-05-23T14:15Z,2026-05-23T14:00Z
balancing_energy_bids,18,2026-05-23T14:00:00,PT15M,2026-05-23T14:15Z,2026-05-23T14:00Z,150,1,31,10Y1001C--00090V,AUCTION-aFRR,B74,10YSK-SEPS-----K,EUR,A01,A01,20260523065-AFRR_P-UNIT_052-1,MWH,MAW,A01,A06,2026-05-23T14:15Z,2026-05-23T14:00Z
balancing_energy_bids,19,2026-05-23T14:00:00,PT15M,2026-05-23T14:15Z,2026-05-23T14:00Z,500,1,10,10Y1001C--00090V,AUCTION-aFRR,B74,10YSK-SEPS-----K,EUR,A01,A01,20260523065-AFRR_P-UNIT_047-1,MWH,MAW,A01,A06,2026-05-23T14:15Z,2026-05-23T14:00Z
balancing_energy_bids,20,2026-05-23T14:00:00,PT15M,2026-05-23T14:15Z,2026-05-23T14:00Z,350,1,17,10Y1001C--00090V,AUCTION-aFRR,B74,10YSK-SEPS-----K,EUR,A01,A01,20260523065-AFRR_P-UNIT_051-1,MWH,MAW,A01,A06,2026-05-23T14:15Z,2026-05-23T14:00Z
balancing_energy_bids,21,2026-05-23T14:00:00,PT15M,2026-05-23T14:15Z,2026-05-23T14:00Z,135,1,15,10Y1001C--00090V,AUCTION-aFRR,B74,10YSK-SEPS-----K,EUR,A01,A01,20260523065-AFRR_P-UNIT_069-1,MWH,MAW,A01,A06,2026-05-23T14:15Z,2026-05-23T14:00Z
balancing_energy_bids,22,2026-05-23T14:00:00,PT15M,2026-05-23T14:15Z,2026-05-23T14:00Z,200,1,1,10Y1001C--00090V,AUCTION-aFRR,B74,10YSK-SEPS-----K,EUR,A01,A01,20260523065-AFRR_P-UNIT_058-1,MWH,MAW,A01,A11,2026-05-23T14:15Z,2026-05-23T14:00Z
balancing_energy_bids,23,2026-05-23T14:00:00,PT15M,2026-05-23T14:15Z,2026-05-23T14:00Z,190.07,1,20,10Y1001C--00090V,AUCTION-aFRR,B74,10YSK-SEPS-----K,EUR,A01,A01,20260523065-AFRR_P-UNIT_013-1,MWH,MAW,A01,A06,2026-05-23T14:15Z,2026-05-23T14:00Z
balancing_energy_bids,24,2026-05-23T14:00:00,PT15M,2026-05-23T14:15Z,2026-05-23T14:00Z,105,1,5,10Y1001C--00090V,AUCTION-aFRR,B74,10YSK-SEPS-----K,EUR,A01,A01,20260523065-AFRR_P-UNIT_062-1,MWH,MAW,A01,A06,2026-05-23T14:15Z,2026-05-23T14:00Z
balancing_energy_bids,25,2026-05-23T14:00:00,PT15M,2026-05-23T14:15Z,2026-05-23T14:00Z,105,1,3,10Y1001C--00090V,AUCTION-aFRR,B74,10YSK-SEPS-----K,EUR,A01,A01,20260523065-AFRR_P-UNIT_043-1,MWH,MAW,A01,A06,2026-05-23T14:15Z,2026-05-23T14:00Z
balancing_energy_bids,26,2026-05-23T14:00:00,PT15M,2026-05-23T14:15Z,2026-05-23T14:00Z,110,1,10,10Y1001C--00090V,AUCTION-aFRR,B74,10YSK-SEPS-----K,EUR,A01,A01,20260523065-AFRR_P-UNIT_063-1,MWH,MAW,A01,A06,2026-05-23T14:15Z,2026-05-23T14:00Z
balancing_energy_bids,27,2026-05-23T14:00:00,PT15M,2026-05-23T14:15Z,2026-05-23T14:00Z,749,1,3,10Y1001C--00090V,AUCTION-aFRR,B74,10YSK-SEPS-----K,EUR,A01,A01,20260523065-AFRR_P-UNIT_078-1,MWH,MAW,A01,A06,2026-05-23T14:15Z,2026-05-23T14:00Z
balancing_energy_bids,28,2026-05-23T14:00:00,PT15M,2026-05-23T14:15Z,2026-05-23T14:00Z,750,1,11,10Y1001C--00090V,AUCTION-aFRR,B74,10YSK-SEPS-----K,EUR,A01,A01,20260523065-AFRR_P-UNIT_104-1,MWH,MAW,A01,A06,2026-05-23T14:15Z,2026-05-23T14:00Z
balancing_energy_bids,29,2026-05-23T14:00:00,PT15M,2026-05-23T14:15Z,2026-05-23T14:00Z,85,1,2,10Y1001C--00090V,AUCTION-aFRR,B74,10YSK-SEPS-----K,EUR,A01,A01,20260523065-AFRR_P-UNIT_097-1,MWH,MAW,A01,A06,2026-05-23T14:15Z,2026-05-23T14:00Z
balancing_energy_bids,30,2026-05-23T14:00:00,PT15M,2026-05-23T14:15Z,2026-05-23T14:00Z,115,1,1,10Y1001C--00090V,AUCTION-aFRR,B74,10YSK-SEPS-----K,EUR,A01,A01,20260523065-AFRR_P-UNIT_019-1,MWH,MAW,A01,A06,2026-05-23T14:15Z,2026-05-23T14:00Z
balancing_energy_bids,31,2026-05-23T14:00:00,PT15M,2026-05-23T14:15Z,2026-05-23T14:00Z,300,1,1,10Y1001C--00090V,AUCTION-aFRR,B74,10YSK-SEPS-----K,EUR,A01,A01,20260523065-AFRR_P-UNIT_106-1,MWH,MAW,A01,A11,2026-05-23T14:15Z,2026-05-23T14:00Z
balancing_energy_bids,32,2026-05-23T14:00:00,PT15M,2026-05-23T14:15Z,2026-05-23T14:00Z,189,1,8,10Y1001C--00090V,AUCTION-aFRR,B74,10YSK-SEPS-----K,EUR,A01,A01,20260523065-AFRR_P-UNIT_123-1,MWH,MAW,A01,A06,2026-05-23T14:15Z,2026-05-23T14:00Z
balancing_energy_bids,33,2026-05-23T14:00:00,PT15M,2026-05-23T14:15Z,2026-05-23T14:00Z,-5,1,1,10Y1001C--00090V,AUCTION-aFRR,B74,10YSK-SEPS-----K,EUR,A01,A02,20260523065-AFRR_N-UNIT_068-1,MWH,MAW,A01,A11,2026-05-23T14:15Z,2026-05-23T14:00Z
balancing_energy_bids,34,2026-05-23T14:00:00,PT15M,2026-05-23T14:15Z,2026-05-23T14:00Z,-30,1,6,10Y1001C--00090V,AUCTION-aFRR,B74,10YSK-SEPS-----K,EUR,A01,A02,20260523065-AFRR_N-UNIT_052-1,MWH,MAW,A01,A06,2026-05-23T14:15Z,2026-05-23T14:00Z
balancing_energy_bids,35,2026-05-23T14:00:00,PT15M,2026-05-23T14:15Z,2026-05-23T14:00Z,-144,1,5,10Y1001C--00090V,AUCTION-aFRR,B74,10YSK-SEPS-----K,EUR,A01,A02,20260523065-AFRR_N-UNIT_051-1,MWH,MAW,A01,A06,2026-05-23T14:15Z,2026-05-23T14:00Z
balancing_energy_bids,36,2026-05-23T14:00:00,PT15M,2026-05-23T14:15Z,2026-05-23T14:00Z,-250,1,12,10Y1001C--00090V,AUCTION-aFRR,B74,10YSK-SEPS-----K,EUR,A01,A02,20260523065-AFRR_N-UNIT_069-1,MWH,MAW,A01,A06,2026-05-23T14:15Z,2026-05-23T14:00Z
balancing_energy_bids,37,2026-05-23T14:00:00,PT15M,2026-05-23T14:15Z,2026-05-23T14:00Z,-50,1,1,10Y1001C--00090V,AUCTION-aFRR,B74,10YSK-SEPS-----K,EUR,A01,A02,20260523065-AFRR_N-UNIT_058-1,MWH,MAW,A01,A11,2026-05-23T14:15Z,2026-05-23T14:00Z
balancing_energy_bids,38,2026-05-23T14:00:00,PT15M,2026-05-23T14:15Z,2026-05-23T14:00Z,-10,1,8,10Y1001C--00090V,AUCTION-aFRR,B74,10YSK-SEPS-----K,EUR,A01,A02,20260523065-AFRR_N-UNIT_013-1,MWH,MAW,A01,A06,2026-05-23T14:15Z,2026-05-23T14:00Z
balancing_energy_bids,39,2026-05-23T14:00:00,PT15M,2026-05-23T14:15Z,2026-05-23T14:00Z,10,1,2,10Y1001C--00090V,AUCTION-aFRR,B74,10YSK-SEPS-----K,EUR,A01,A02,20260523065-AFRR_N-UNIT_043-1,MWH,MAW,A01,A06,2026-05-23T14:15Z,2026-05-23T14:00Z
balancing_energy_bids,40,2026-05-23T14:00:00,PT15M,2026-05-23T14:15Z,2026-05-23T14:00Z,0,1,4,10Y1001C--00090V,AUCTION-aFRR,B74,10YSK-SEPS-----K,EUR,A01,A02,20260523065-AFRR_N-UNIT_104-1,MWH,MAW,A01,A06,2026-05-23T14:15Z,2026-05-23T14:00Z
balancing_energy_bids,41,2026-05-23T14:00:00,PT15M,2026-05-23T14:15Z,2026-05-23T14:00Z,-261.07,1,3,10Y1001C--00090V,AUCTION-aFRR,B74,10YSK-SEPS-----K,EUR,A01,A02,20260523065-AFRR_N-UNIT_089-1,MWH,MAW,A01,A06,2026-05-23T14:15Z,2026-05-23T14:00Z
balancing_energy_bids,42,2026-05-23T14:00:00,PT15M,2026-05-23T14:15Z,2026-05-23T14:00Z,-50,1,5,10Y1001C--00090V,AUCTION-aFRR,B74,10YSK-SEPS-----K,EUR,A01,A02,20260523065-AFRR_N-UNIT_097-1,MWH,MAW,A01,A06,2026-05-23T14:15Z,2026-05-23T14:00Z
balancing_energy_bids,43,2026-05-23T14:00:00,PT15M,2026-05-23T14:15Z,2026-05-23T14:00Z,-199,1,1,10Y1001C--00090V,AUCTION-aFRR,B74,10YSK-SEPS-----K,EUR,A01,A02,20260523065-AFRR_N-UNIT_019-1,MWH,MAW,A01,A11,2026-05-23T14:15Z,2026-05-23T14:00Z
balancing_energy_bids,44,2026-05-23T14:00:00,PT15M,2026-05-23T14:15Z,2026-05-23T14:00Z,-19,1,1,10Y1001C--00090V,AUCTION-aFRR,B74,10YSK-SEPS-----K,EUR,A01,A02,20260523065-AFRR_N-UNIT_106-1,MWH,MAW,A01,A06,2026-05-23T14:15Z,2026-05-23T14:00Z
balancing_energy_bids,45,2026-05-23T14:00:00,PT15M,2026-05-23T14:15Z,2026-05-23T14:00Z,-5,1,5,10Y1001C--00090V,AUCTION-aFRR,B74,10YSK-SEPS-----K,EUR,A01,A02,20260523065-AFRR_N-UNIT_123-1,MWH,MAW,A01,A06,2026-05-23T14:15Z,2026-05-23T14:00Z
balancing_energy_bids,46,2026-05-23T14:00:00,PT15M,2026-05-23T14:15Z,2026-05-23T14:00Z,-55,1,5,10Y1001C--00090V,AUCTION-aFRR,B74,10YSK-SEPS-----K,EUR,A01,A02,20260523065-AFRR_N-UNIT_028-1,MWH,MAW,A01,A06,2026-05-23T14:15Z,2026-05-23T14:00Z
balancing_energy_bids,47,2026-05-23T14:00:00,PT15M,2026-05-23T14:15Z,2026-05-23T14:00Z,5,1,5,10Y1001C--00090V,AUCTION-aFRR,B74,10YSK-SEPS-----K,EUR,A01,A01,20260523065-AFRR_P-UNIT_028-1,MWH,MAW,A01,A06,2026-05-23T14:15Z,2026-05-23T14:00Z
balancing_energy_bids,48,2026-05-23T14:15:00,PT15M,2026-05-23T14:30Z,2026-05-23T14:15Z,5,1,5,10Y1001C--00090V,AUCTION-aFRR,B74,10YSK-SEPS-----K,EUR,A01,A01,20260523066-AFRR_P-UNIT_028-1,MWH,MAW,A01,A06,2026-05-23T14:30Z,2026-05-23T14:15Z
balancing_energy_bids,49,2026-05-23T14:15:00,PT15M,2026-05-23T14:30Z,2026-05-23T14:15Z,132,1,1,10Y1001C--00090V,AUCTION-aFRR,B74,10YSK-SEPS-----K,EUR,A01,A01,20260523066-AFRR_P-UNIT_068-1,MWH,MAW,A01,A11,2026-05-23T14:30Z,2026-05-23T14:15Z
balancing_energy_bids,50,2026-05-23T14:15:00,PT15M,2026-05-23T14:30Z,2026-05-23T14:15Z,150,1,31,10Y1001C--00090V,AUCTION-aFRR,B74,10YSK-SEPS-----K,EUR,A01,A01,20260523066-AFRR_P-UNIT_052-1,MWH,MAW,A01,A06,2026-05-23T14:30Z,2026-05-23T14:15Z
balancing_energy_bids,51,2026-05-23T14:15:00,PT15M,2026-05-23T14:30Z,2026-05-23T14:15Z,500,1,10,10Y1001C--00090V,AUCTION-aFRR,B74,10YSK-SEPS-----K,EUR,A01,A01,20260523066-AFRR_P-UNIT_047-1,MWH,MAW,A01,A06,2026-05-23T14:30Z,2026-05-23T14:15Z
balancing_energy_bids,52,2026-05-23T14:15:00,PT15M,2026-05-23T14:30Z,2026-05-23T14:15Z,350,1,17,10Y1001C--00090V,AUCTION-aFRR,B74,10YSK-SEPS-----K,EUR,A01,A01,20260523066-AFRR_P-UNIT_051-1,MWH,MAW,A01,A06,2026-05-23T14:30Z,2026-05-23T14:15Z
balancing_energy_bids,53,2026-05-23T14:15:00,PT15M,2026-05-23T14:30Z,2026-05-23T14:15Z,135,1,15,10Y1001C--00090V,AUCTION-aFRR,B74,10YSK-SEPS-----K,EUR,A01,A01,20260523066-AFRR_P-UNIT_069-1,MWH,MAW,A01,A06,2026-05-23T14:30Z,2026-05-23T14:15Z
balancing_energy_bids,54,2026-05-23T14:15:00,PT15M,2026-05-23T14:30Z,2026-05-23T14:15Z,200,1,1,10Y1001C--00090V,AUCTION-aFRR,B74,10YSK-SEPS-----K,EUR,A01,A01,20260523066-AFRR_P-UNIT_058-1,MWH,MAW,A01,A11,2026-05-23T14:30Z,2026-05-23T14:15Z
balancing_energy_bids,55,2026-05-23T14:15:00,PT15M,2026-05-23T14:30Z,2026-05-23T14:15Z,190.07,1,20,10Y1001C--00090V,AUCTION-aFRR,B74,10YSK-SEPS-----K,EUR,A01,A01,20260523066-AFRR_P-UNIT_013-1,MWH,MAW,A01,A06,2026-05-23T14:30Z,2026-05-23T14:15Z
balancing_energy_bids,56,2026-05-23T14:15:00,PT15M,2026-05-23T14:30Z,2026-05-23T14:15Z,105,1,5,10Y1001C--00090V,AUCTION-aFRR,B74,10YSK-SEPS-----K,EUR,A01,A01,20260523066-AFRR_P-UNIT_062-1,MWH,MAW,A01,A06,2026-05-23T14:30Z,2026-05-23T14:15Z
balancing_energy_bids,57,2026-05-23T14:15:00,PT15M,2026-05-23T14:30Z,2026-05-23T14:15Z,105,1,3,10Y1001C--00090V,AUCTION-aFRR,B74,10YSK-SEPS-----K,EUR,A01,A01,20260523066-AFRR_P-UNIT_043-1,MWH,MAW,A01,A06,2026-05-23T14:30Z,2026-05-23T14:15Z
balancing_energy_bids,58,2026-05-23T14:15:00,PT15M,2026-05-23T14:30Z,2026-05-23T14:15Z,110,1,10,10Y1001C--00090V,AUCTION-aFRR,B74,10YSK-SEPS-----K,EUR,A01,A01,20260523066-AFRR_P-UNIT_063-1,MWH,MAW,A01,A06,2026-05-23T14:30Z,2026-05-23T14:15Z
balancing_energy_bids,59,2026-05-23T14:15:00,PT15M,2026-05-23T14:30Z,2026-05-23T14:15Z,749,1,3,10Y1001C--00090V,AUCTION-aFRR,B74,10YSK-SEPS-----K,EUR,A01,A01,20260523066-AFRR_P-UNIT_078-1,MWH,MAW,A01,A06,2026-05-23T14:30Z,2026-05-23T14:15Z
balancing_energy_bids,60,2026-05-23T14:15:00,PT15M,2026-05-23T14:30Z,2026-05-23T14:15Z,750,1,11,10Y1001C--00090V,AUCTION-aFRR,B74,10YSK-SEPS-----K,EUR,A01,A01,20260523066-AFRR_P-UNIT_104-1,MWH,MAW,A01,A06,2026-05-23T14:30Z,2026-05-23T14:15Z
balancing_energy_bids,61,2026-05-23T14:15:00,PT15M,2026-05-23T14:30Z,2026-05-23T14:15Z,85,1,2,10Y1001C--00090V,AUCTION-aFRR,B74,10YSK-SEPS-----K,EUR,A01,A01,20260523066-AFRR_P-UNIT_097-1,MWH,MAW,A01,A06,2026-05-23T14:30Z,2026-05-23T14:15Z
balancing_energy_bids,62,2026-05-23T14:15:00,PT15M,2026-05-23T14:30Z,2026-05-23T14:15Z,120,1,1,10Y1001C--00090V,AUCTION-aFRR,B74,10YSK-SEPS-----K,EUR,A01,A01,20260523066-AFRR_P-UNIT_019-1,MWH,MAW,A01,A06,2026-05-23T14:30Z,2026-05-23T14:15Z
balancing_energy_bids,63,2026-05-23T14:15:00,PT15M,2026-05-23T14:30Z,2026-05-23T14:15Z,300,1,1,10Y1001C--00090V,AUCTION-aFRR,B74,10YSK-SEPS-----K,EUR,A01,A01,20260523066-AFRR_P-UNIT_106-1,MWH,MAW,A01,A11,2026-05-23T14:30Z,2026-05-23T14:15Z
balancing_energy_bids,64,2026-05-23T14:15:00,PT15M,2026-05-23T14:30Z,2026-05-23T14:15Z,189,1,8,10Y1001C--00090V,AUCTION-aFRR,B74,10YSK-SEPS-----K,EUR,A01,A01,20260523066-AFRR_P-UNIT_123-1,MWH,MAW,A01,A06,2026-05-23T14:30Z,2026-05-23T14:15Z
balancing_energy_bids,65,2026-05-23T14:15:00,PT15M,2026-05-23T14:30Z,2026-05-23T14:15Z,-5,1,1,10Y1001C--00090V,AUCTION-aFRR,B74,10YSK-SEPS-----K,EUR,A01,A02,20260523066-AFRR_N-UNIT_068-1,MWH,MAW,A01,A11,2026-05-23T14:30Z,2026-05-23T14:15Z
balancing_energy_bids,66,2026-05-23T14:15:00,PT15M,2026-05-23T14:30Z,2026-05-23T14:15Z,-30,1,6,10Y1001C--00090V,AUCTION-aFRR,B74,10YSK-SEPS-----K,EUR,A01,A02,20260523066-AFRR_N-UNIT_052-1,MWH,MAW,A01,A06,2026-05-23T14:30Z,2026-05-23T14:15Z
balancing_energy_bids,67,2026-05-23T14:15:00,PT15M,2026-05-23T14:30Z,2026-05-23T14:15Z,-144,1,5,10Y1001C--00090V,AUCTION-aFRR,B74,10YSK-SEPS-----K,EUR,A01,A02,20260523066-AFRR_N-UNIT_051-1,MWH,MAW,A01,A06,2026-05-23T14:30Z,2026-05-23T14:15Z
balancing_energy_bids,68,2026-05-23T14:15:00,PT15M,2026-05-23T14:30Z,2026-05-23T14:15Z,-250,1,12,10Y1001C--00090V,AUCTION-aFRR,B74,10YSK-SEPS-----K,EUR,A01,A02,20260523066-AFRR_N-UNIT_069-1,MWH,MAW,A01,A06,2026-05-23T14:30Z,2026-05-23T14:15Z
balancing_energy_bids,69,2026-05-23T14:15:00,PT15M,2026-05-23T14:30Z,2026-05-23T14:15Z,-50,1,1,10Y1001C--00090V,AUCTION-aFRR,B74,10YSK-SEPS-----K,EUR,A01,A02,20260523066-AFRR_N-UNIT_058-1,MWH,MAW,A01,A11,2026-05-23T14:30Z,2026-05-23T14:15Z
balancing_energy_bids,70,2026-05-23T14:15:00,PT15M,2026-05-23T14:30Z,2026-05-23T14:15Z,-10,1,8,10Y1001C--00090V,AUCTION-aFRR,B74,10YSK-SEPS-----K,EUR,A01,A02,20260523066-AFRR_N-UNIT_013-1,MWH,MAW,A01,A06,2026-05-23T14:30Z,2026-05-23T14:15Z
balancing_energy_bids,71,2026-05-23T14:15:00,PT15M,2026-05-23T14:30Z,2026-05-23T14:15Z,10,1,2,10Y1001C--00090V,AUCTION-aFRR,B74,10YSK-SEPS-----K,EUR,A01,A02,20260523066-AFRR_N-UNIT_043-1,MWH,MAW,A01,A06,2026-05-23T14:30Z,2026-05-23T14:15Z
balancing_energy_bids,72,2026-05-23T14:15:00,PT15M,2026-05-23T14:30Z,2026-05-23T14:15Z,0,1,4,10Y1001C--00090V,AUCTION-aFRR,B74,10YSK-SEPS-----K,EUR,A01,A02,20260523066-AFRR_N-UNIT_104-1,MWH,MAW,A01,A06,2026-05-23T14:30Z,2026-05-23T14:15Z
balancing_energy_bids,73,2026-05-23T14:15:00,PT15M,2026-05-23T14:30Z,2026-05-23T14:15Z,-260.09,1,3,10Y1001C--00090V,AUCTION-aFRR,B74,10YSK-SEPS-----K,EUR,A01,A02,20260523066-AFRR_N-UNIT_089-1,MWH,MAW,A01,A06,2026-05-23T14:30Z,2026-05-23T14:15Z
balancing_energy_bids,74,2026-05-23T14:15:00,PT15M,2026-05-23T14:30Z,2026-05-23T14:15Z,-50,1,5,10Y1001C--00090V,AUCTION-aFRR,B74,10YSK-SEPS-----K,EUR,A01,A02,20260523066-AFRR_N-UNIT_097-1,MWH,MAW,A01,A06,2026-05-23T14:30Z,2026-05-23T14:15Z
balancing_energy_bids,75,2026-05-23T14:15:00,PT15M,2026-05-23T14:30Z,2026-05-23T14:15Z,-199,1,1,10Y1001C--00090V,AUCTION-aFRR,B74,10YSK-SEPS-----K,EUR,A01,A02,20260523066-AFRR_N-UNIT_019-1,MWH,MAW,A01,A11,2026-05-23T14:30Z,2026-05-23T14:15Z
balancing_energy_bids,76,2026-05-23T14:15:00,PT15M,2026-05-23T14:30Z,2026-05-23T14:15Z,-19,1,1,10Y1001C--00090V,AUCTION-aFRR,B74,10YSK-SEPS-----K,EUR,A01,A02,20260523066-AFRR_N-UNIT_106-1,MWH,MAW,A01,A06,2026-05-23T14:30Z,2026-05-23T14:15Z
balancing_energy_bids,77,2026-05-23T14:15:00,PT15M,2026-05-23T14:30Z,2026-05-23T14:15Z,-5,1,5,10Y1001C--00090V,AUCTION-aFRR,B74,10YSK-SEPS-----K,EUR,A01,A02,20260523066-AFRR_N-UNIT_123-1,MWH,MAW,A01,A06,2026-05-23T14:30Z,2026-05-23T14:15Z
balancing_energy_bids,78,2026-05-23T14:15:00,PT15M,2026-05-23T14:30Z,2026-05-23T14:15Z,-55,1,5,10Y1001C--00090V,AUCTION-aFRR,B74,10YSK-SEPS-----K,EUR,A01,A02,20260523066-AFRR_N-UNIT_028-1,MWH,MAW,A01,A06,2026-05-23T14:30Z,2026-05-23T14:15Z
balancing_energy_bids,79,2026-05-23T14:30:00,PT15M,2026-05-23T14:45Z,2026-05-23T14:30Z,5,1,5,10Y1001C--00090V,AUCTION-aFRR,B74,10YSK-SEPS-----K,EUR,A01,A01,20260523067-AFRR_P-UNIT_028-1,MWH,MAW,A01,A06,2026-05-23T14:45Z,2026-05-23T14:30Z
balancing_energy_bids,80,2026-05-23T14:30:00,PT15M,2026-05-23T14:45Z,2026-05-23T14:30Z,-29,1,2,10Y1001C--00090V,AUCTION-aFRR,B74,10YSK-SEPS-----K,EUR,A01,A02,20260523067-AFRR_N-UNIT_043-1,MWH,MAW,A01,A06,2026-05-23T14:45Z,2026-05-23T14:30Z
balancing_energy_bids,81,2026-05-23T14:30:00,PT15M,2026-05-23T14:45Z,2026-05-23T14:30Z,0,1,4,10Y1001C--00090V,AUCTION-aFRR,B74,10YSK-SEPS-----K,EUR,A01,A02,20260523067-AFRR_N-UNIT_104-1,MWH,MAW,A01,A06,2026-05-23T14:45Z,2026-05-23T14:30Z
balancing_energy_bids,82,2026-05-23T14:30:00,PT15M,2026-05-23T14:45Z,2026-05-23T14:30Z,-260,1,3,10Y1001C--00090V,AUCTION-aFRR,B74,10YSK-SEPS-----K,EUR,A01,A02,20260523067-AFRR_N-UNIT_089-1,MWH,MAW,A01,A06,2026-05-23T14:45Z,2026-05-23T14:30Z
balancing_energy_bids,83,2026-05-23T14:30:00,PT15M,2026-05-23T14:45Z,2026-05-23T14:30Z,-50,1,5,10Y1001C--00090V,AUCTION-aFRR,B74,10YSK-SEPS-----K,EUR,A01,A02,20260523067-AFRR_N-UNIT_097-1,MWH,MAW,A01,A06,2026-05-23T14:45Z,2026-05-23T14:30Z
balancing_energy_bids,84,2026-05-23T14:30:00,PT15M,2026-05-23T14:45Z,2026-05-23T14:30Z,-199,1,1,10Y1001C--00090V,AUCTION-aFRR,B74,10YSK-SEPS-----K,EUR,A01,A02,20260523067-AFRR_N-UNIT_019-1,MWH,MAW,A01,A11,2026-05-23T14:45Z,2026-05-23T14:30Z
balancing_energy_bids,85,2026-05-23T14:30:00,PT15M,2026-05-23T14:45Z,2026-05-23T14:30Z,-19,1,1,10Y1001C--00090V,AUCTION-aFRR,B74,10YSK-SEPS-----K,EUR,A01,A02,20260523067-AFRR_N-UNIT_106-1,MWH,MAW,A01,A06,2026-05-23T14:45Z,2026-05-23T14:30Z
balancing_energy_bids,86,2026-05-23T14:30:00,PT15M,2026-05-23T14:45Z,2026-05-23T14:30Z,-5,1,5,10Y1001C--00090V,AUCTION-aFRR,B74,10YSK-SEPS-----K,EUR,A01,A02,20260523067-AFRR_N-UNIT_123-1,MWH,MAW,A01,A06,2026-05-23T14:45Z,2026-05-23T14:30Z
balancing_energy_bids,87,2026-05-23T14:30:00,PT15M,2026-05-23T14:45Z,2026-05-23T14:30Z,132,1,1,10Y1001C--00090V,AUCTION-aFRR,B74,10YSK-SEPS-----K,EUR,A01,A01,20260523067-AFRR_P-UNIT_068-1,MWH,MAW,A01,A11,2026-05-23T14:45Z,2026-05-23T14:30Z
balancing_energy_bids,88,2026-05-23T14:30:00,PT15M,2026-05-23T14:45Z,2026-05-23T14:30Z,150,1,31,10Y1001C--00090V,AUCTION-aFRR,B74,10YSK-SEPS-----K,EUR,A01,A01,20260523067-AFRR_P-UNIT_052-1,MWH,MAW,A01,A06,2026-05-23T14:45Z,2026-05-23T14:30Z
balancing_energy_bids,89,2026-05-23T14:30:00,PT15M,2026-05-23T14:45Z,2026-05-23T14:30Z,500,1,10,10Y1001C--00090V,AUCTION-aFRR,B74,10YSK-SEPS-----K,EUR,A01,A01,20260523067-AFRR_P-UNIT_047-1,MWH,MAW,A01,A06,2026-05-23T14:45Z,2026-05-23T14:30Z
balancing_energy_bids,90,2026-05-23T14:30:00,PT15M,2026-05-23T14:45Z,2026-05-23T14:30Z,350,1,17,10Y1001C--00090V,AUCTION-aFRR,B74,10YSK-SEPS-----K,EUR,A01,A01,20260523067-AFRR_P-UNIT_051-1,MWH,MAW,A01,A06,2026-05-23T14:45Z,2026-05-23T14:30Z
balancing_energy_bids,91,2026-05-23T14:30:00,PT15M,2026-05-23T14:45Z,2026-05-23T14:30Z,135,1,15,10Y1001C--00090V,AUCTION-aFRR,B74,10YSK-SEPS-----K,EUR,A01,A01,20260523067-AFRR_P-UNIT_069-1,MWH,MAW,A01,A06,2026-05-23T14:45Z,2026-05-23T14:30Z
balancing_energy_bids,92,2026-05-23T14:30:00,PT15M,2026-05-23T14:45Z,2026-05-23T14:30Z,200,1,1,10Y1001C--00090V,AUCTION-aFRR,B74,10YSK-SEPS-----K,EUR,A01,A01,20260523067-AFRR_P-UNIT_058-1,MWH,MAW,A01,A11,2026-05-23T14:45Z,2026-05-23T14:30Z
balancing_energy_bids,93,2026-05-23T14:30:00,PT15M,2026-05-23T14:45Z,2026-05-23T14:30Z,190.07,1,20,10Y1001C--00090V,AUCTION-aFRR,B74,10YSK-SEPS-----K,EUR,A01,A01,20260523067-AFRR_P-UNIT_013-1,MWH,MAW,A01,A06,2026-05-23T14:45Z,2026-05-23T14:30Z
balancing_energy_bids,94,2026-05-23T14:30:00,PT15M,2026-05-23T14:45Z,2026-05-23T14:30Z,105,1,5,10Y1001C--00090V,AUCTION-aFRR,B74,10YSK-SEPS-----K,EUR,A01,A01,20260523067-AFRR_P-UNIT_062-1,MWH,MAW,A01,A06,2026-05-23T14:45Z,2026-05-23T14:30Z
balancing_energy_bids,95,2026-05-23T14:30:00,PT15M,2026-05-23T14:45Z,2026-05-23T14:30Z,105,1,3,10Y1001C--00090V,AUCTION-aFRR,B74,10YSK-SEPS-----K,EUR,A01,A01,20260523067-AFRR_P-UNIT_043-1,MWH,MAW,A01,A06,2026-05-23T14:45Z,2026-05-23T14:30Z
balancing_energy_bids,96,2026-05-23T14:30:00,PT15M,2026-05-23T14:45Z,2026-05-23T14:30Z,110,1,10,10Y1001C--00090V,AUCTION-aFRR,B74,10YSK-SEPS-----K,EUR,A01,A01,20260523067-AFRR_P-UNIT_063-1,MWH,MAW,A01,A06,2026-05-23T14:45Z,2026-05-23T14:30Z
balancing_energy_bids,97,2026-05-23T14:30:00,PT15M,2026-05-23T14:45Z,2026-05-23T14:30Z,749,1,3,10Y1001C--00090V,AUCTION-aFRR,B74,10YSK-SEPS-----K,EUR,A01,A01,20260523067-AFRR_P-UNIT_078-1,MWH,MAW,A01,A06,2026-05-23T14:45Z,2026-05-23T14:30Z
balancing_energy_bids,98,2026-05-23T14:30:00,PT15M,2026-05-23T14:45Z,2026-05-23T14:30Z,750,1,11,10Y1001C--00090V,AUCTION-aFRR,B74,10YSK-SEPS-----K,EUR,A01,A01,20260523067-AFRR_P-UNIT_104-1,MWH,MAW,A01,A06,2026-05-23T14:45Z,2026-05-23T14:30Z
balancing_energy_bids,99,2026-05-23T14:30:00,PT15M,2026-05-23T14:45Z,2026-05-23T14:30Z,85,1,2,10Y1001C--00090V,AUCTION-aFRR,B74,10YSK-SEPS-----K,EUR,A01,A01,20260523067-AFRR_P-UNIT_097-1,MWH,MAW,A01,A06,2026-05-23T14:45Z,2026-05-23T14:30Z
balancing_energy_bids,100,2026-05-23T14:30:00,PT15M,2026-05-23T14:45Z,2026-05-23T14:30Z,120,1,1,10Y1001C--00090V,AUCTION-aFRR,B74,10YSK-SEPS-----K,EUR,A01,A01,20260523067-AFRR_P-UNIT_019-1,MWH,MAW,A01,A06,2026-05-23T14:45Z,2026-05-23T14:30Z
balancing_energy_bids,1,2026-05-23T14:30:00,PT15M,2026-05-23T14:45Z,2026-05-23T14:30Z,300,1,1,10Y1001C--00090V,AUCTION-aFRR,B74,10YSK-SEPS-----K,EUR,A01,A01,20260523067-AFRR_P-UNIT_106-1,MWH,MAW,A01,A11,2026-05-23T14:45Z,2026-05-23T14:30Z
balancing_energy_bids,2,2026-05-23T14:30:00,PT15M,2026-05-23T14:45Z,2026-05-23T14:30Z,189,1,8,10Y1001C--00090V,AUCTION-aFRR,B74,10YSK-SEPS-----K,EUR,A01,A01,20260523067-AFRR_P-UNIT_123-1,MWH,MAW,A01,A06,2026-05-23T14:45Z,2026-05-23T14:30Z
balancing_energy_bids,3,2026-05-23T14:30:00,PT15M,2026-05-23T14:45Z,2026-05-23T14:30Z,-5,1,1,10Y1001C--00090V,AUCTION-aFRR,B74,10YSK-SEPS-----K,EUR,A01,A02,20260523067-AFRR_N-UNIT_068-1,MWH,MAW,A01,A11,2026-05-23T14:45Z,2026-05-23T14:30Z
balancing_energy_bids,4,2026-05-23T14:30:00,PT15M,2026-05-23T14:45Z,2026-05-23T14:30Z,-30,1,6,10Y1001C--00090V,AUCTION-aFRR,B74,10YSK-SEPS-----K,EUR,A01,A02,20260523067-AFRR_N-UNIT_052-1,MWH,MAW,A01,A06,2026-05-23T14:45Z,2026-05-23T14:30Z
balancing_energy_bids,5,2026-05-23T14:30:00,PT15M,2026-05-23T14:45Z,2026-05-23T14:30Z,-144,1,5,10Y1001C--00090V,AUCTION-aFRR,B74,10YSK-SEPS-----K,EUR,A01,A02,20260523067-AFRR_N-UNIT_051-1,MWH,MAW,A01,A06,2026-05-23T14:45Z,2026-05-23T14:30Z
balancing_energy_bids,6,2026-05-23T14:30:00,PT15M,2026-05-23T14:45Z,2026-05-23T14:30Z,-250,1,12,10Y1001C--00090V,AUCTION-aFRR,B74,10YSK-SEPS-----K,EUR,A01,A02,20260523067-AFRR_N-UNIT_069-1,MWH,MAW,A01,A06,2026-05-23T14:45Z,2026-05-23T14:30Z
balancing_energy_bids,7,2026-05-23T14:30:00,PT15M,2026-05-23T14:45Z,2026-05-23T14:30Z,-50,1,1,10Y1001C--00090V,AUCTION-aFRR,B74,10YSK-SEPS-----K,EUR,A01,A02,20260523067-AFRR_N-UNIT_058-1,MWH,MAW,A01,A11,2026-05-23T14:45Z,2026-05-23T14:30Z
balancing_energy_bids,8,2026-05-23T14:30:00,PT15M,2026-05-23T14:45Z,2026-05-23T14:30Z,-10,1,8,10Y1001C--00090V,AUCTION-aFRR,B74,10YSK-SEPS-----K,EUR,A01,A02,20260523067-AFRR_N-UNIT_013-1,MWH,MAW,A01,A06,2026-05-23T14:45Z,2026-05-23T14:30Z
balancing_energy_bids,9,2026-05-23T14:30:00,PT15M,2026-05-23T14:45Z,2026-05-23T14:30Z,-55,1,5,10Y1001C--00090V,AUCTION-aFRR,B74,10YSK-SEPS-----K,EUR,A01,A02,20260523067-AFRR_N-UNIT_028-1,MWH,MAW,A01,A06,2026-05-23T14:45Z,2026-05-23T14:30Z
balancing_energy_bids,10,2026-05-23T14:45:00,PT15M,2026-05-23T15:00Z,2026-05-23T14:45Z,132,1,1,10Y1001C--00090V,AUCTION-aFRR,B74,10YSK-SEPS-----K,EUR,A01,A01,20260523068-AFRR_P-UNIT_068-1,MWH,MAW,A01,A11,2026-05-23T15:00Z,2026-05-23T14:45Z
balancing_energy_bids,11,2026-05-23T14:45:00,PT15M,2026-05-23T15:00Z,2026-05-23T14:45Z,150,1,31,10Y1001C--00090V,AUCTION-aFRR,B74,10YSK-SEPS-----K,EUR,A01,A01,20260523068-AFRR_P-UNIT_052-1,MWH,MAW,A01,A06,2026-05-23T15:00Z,2026-05-23T14:45Z
balancing_energy_bids,12,2026-05-23T14:45:00,PT15M,2026-05-23T15:00Z,2026-05-23T14:45Z,500,1,10,10Y1001C--00090V,AUCTION-aFRR,B74,10YSK-SEPS-----K,EUR,A01,A01,20260523068-AFRR_P-UNIT_047-1,MWH,MAW,A01,A06,2026-05-23T15:00Z,2026-05-23T14:45Z
balancing_energy_bids,13,2026-05-23T14:45:00,PT15M,2026-05-23T15:00Z,2026-05-23T14:45Z,350,1,17,10Y1001C--00090V,AUCTION-aFRR,B74,10YSK-SEPS-----K,EUR,A01,A01,20260523068-AFRR_P-UNIT_051-1,MWH,MAW,A01,A06,2026-05-23T15:00Z,2026-05-23T14:45Z
balancing_energy_bids,14,2026-05-23T14:45:00,PT15M,2026-05-23T15:00Z,2026-05-23T14:45Z,135,1,15,10Y1001C--00090V,AUCTION-aFRR,B74,10YSK-SEPS-----K,EUR,A01,A01,20260523068-AFRR_P-UNIT_069-1,MWH,MAW,A01,A06,2026-05-23T15:00Z,2026-05-23T14:45Z
balancing_energy_bids,15,2026-05-23T14:45:00,PT15M,2026-05-23T15:00Z,2026-05-23T14:45Z,200,1,1,10Y1001C--00090V,AUCTION-aFRR,B74,10YSK-SEPS-----K,EUR,A01,A01,20260523068-AFRR_P-UNIT_058-1,MWH,MAW,A01,A11,2026-05-23T15:00Z,2026-05-23T14:45Z
balancing_energy_bids,16,2026-05-23T14:45:00,PT15M,2026-05-23T15:00Z,2026-05-23T14:45Z,190.07,1,20,10Y1001C--00090V,AUCTION-aFRR,B74,10YSK-SEPS-----K,EUR,A01,A01,20260523068-AFRR_P-UNIT_013-1,MWH,MAW,A01,A06,2026-05-23T15:00Z,2026-05-23T14:45Z
balancing_energy_bids,17,2026-05-23T14:45:00,PT15M,2026-05-23T15:00Z,2026-05-23T14:45Z,105,1,5,10Y1001C--00090V,AUCTION-aFRR,B74,10YSK-SEPS-----K,EUR,A01,A01,20260523068-AFRR_P-UNIT_062-1,MWH,MAW,A01,A06,2026-05-23T15:00Z,2026-05-23T14:45Z
balancing_energy_bids,18,2026-05-23T14:45:00,PT15M,2026-05-23T15:00Z,2026-05-23T14:45Z,105,1,3,10Y1001C--00090V,AUCTION-aFRR,B74,10YSK-SEPS-----K,EUR,A01,A01,20260523068-AFRR_P-UNIT_043-1,MWH,MAW,A01,A06,2026-05-23T15:00Z,2026-05-23T14:45Z
balancing_energy_bids,19,2026-05-23T14:45:00,PT15M,2026-05-23T15:00Z,2026-05-23T14:45Z,110,1,10,10Y1001C--00090V,AUCTION-aFRR,B74,10YSK-SEPS-----K,EUR,A01,A01,20260523068-AFRR_P-UNIT_063-1,MWH,MAW,A01,A06,2026-05-23T15:00Z,2026-05-23T14:45Z
balancing_energy_bids,20,2026-05-23T14:45:00,PT15M,2026-05-23T15:00Z,2026-05-23T14:45Z,749,1,3,10Y1001C--00090V,AUCTION-aFRR,B74,10YSK-SEPS-----K,EUR,A01,A01,20260523068-AFRR_P-UNIT_078-1,MWH,MAW,A01,A06,2026-05-23T15:00Z,2026-05-23T14:45Z
balancing_energy_bids,21,2026-05-23T14:45:00,PT15M,2026-05-23T15:00Z,2026-05-23T14:45Z,750,1,11,10Y1001C--00090V,AUCTION-aFRR,B74,10YSK-SEPS-----K,EUR,A01,A01,20260523068-AFRR_P-UNIT_104-1,MWH,MAW,A01,A06,2026-05-23T15:00Z,2026-05-23T14:45Z
balancing_energy_bids,22,2026-05-23T14:45:00,PT15M,2026-05-23T15:00Z,2026-05-23T14:45Z,85,1,2,10Y1001C--00090V,AUCTION-aFRR,B74,10YSK-SEPS-----K,EUR,A01,A01,20260523068-AFRR_P-UNIT_097-1,MWH,MAW,A01,A06,2026-05-23T15:00Z,2026-05-23T14:45Z
balancing_energy_bids,23,2026-05-23T14:45:00,PT15M,2026-05-23T15:00Z,2026-05-23T14:45Z,116,1,1,10Y1001C--00090V,AUCTION-aFRR,B74,10YSK-SEPS-----K,EUR,A01,A01,20260523068-AFRR_P-UNIT_019-1,MWH,MAW,A01,A06,2026-05-23T15:00Z,2026-05-23T14:45Z
balancing_energy_bids,24,2026-05-23T14:45:00,PT15M,2026-05-23T15:00Z,2026-05-23T14:45Z,300,1,1,10Y1001C--00090V,AUCTION-aFRR,B74,10YSK-SEPS-----K,EUR,A01,A01,20260523068-AFRR_P-UNIT_106-1,MWH,MAW,A01,A11,2026-05-23T15:00Z,2026-05-23T14:45Z
balancing_energy_bids,25,2026-05-23T14:45:00,PT15M,2026-05-23T15:00Z,2026-05-23T14:45Z,189,1,8,10Y1001C--00090V,AUCTION-aFRR,B74,10YSK-SEPS-----K,EUR,A01,A01,20260523068-AFRR_P-UNIT_123-1,MWH,MAW,A01,A06,2026-05-23T15:00Z,2026-05-23T14:45Z
balancing_energy_bids,26,2026-05-23T14:45:00,PT15M,2026-05-23T15:00Z,2026-05-23T14:45Z,-5,1,1,10Y1001C--00090V,AUCTION-aFRR,B74,10YSK-SEPS-----K,EUR,A01,A02,20260523068-AFRR_N-UNIT_068-1,MWH,MAW,A01,A11,2026-05-23T15:00Z,2026-05-23T14:45Z
balancing_energy_bids,27,2026-05-23T14:45:00,PT15M,2026-05-23T15:00Z,2026-05-23T14:45Z,-30,1,6,10Y1001C--00090V,AUCTION-aFRR,B74,10YSK-SEPS-----K,EUR,A01,A02,20260523068-AFRR_N-UNIT_052-1,MWH,MAW,A01,A06,2026-05-23T15:00Z,2026-05-23T14:45Z
balancing_energy_bids,28,2026-05-23T14:45:00,PT15M,2026-05-23T15:00Z,2026-05-23T14:45Z,-144,1,5,10Y1001C--00090V,AUCTION-aFRR,B74,10YSK-SEPS-----K,EUR,A01,A02,20260523068-AFRR_N-UNIT_051-1,MWH,MAW,A01,A06,2026-05-23T15:00Z,2026-05-23T14:45Z
balancing_energy_bids,29,2026-05-23T14:45:00,PT15M,2026-05-23T15:00Z,2026-05-23T14:45Z,-250,1,12,10Y1001C--00090V,AUCTION-aFRR,B74,10YSK-SEPS-----K,EUR,A01,A02,20260523068-AFRR_N-UNIT_069-1,MWH,MAW,A01,A06,2026-05-23T15:00Z,2026-05-23T14:45Z
balancing_energy_bids,30,2026-05-23T14:45:00,PT15M,2026-05-23T15:00Z,2026-05-23T14:45Z,-50,1,1,10Y1001C--00090V,AUCTION-aFRR,B74,10YSK-SEPS-----K,EUR,A01,A02,20260523068-AFRR_N-UNIT_058-1,MWH,MAW,A01,A11,2026-05-23T15:00Z,2026-05-23T14:45Z
balancing_energy_bids,31,2026-05-23T14:45:00,PT15M,2026-05-23T15:00Z,2026-05-23T14:45Z,-10,1,8,10Y1001C--00090V,AUCTION-aFRR,B74,10YSK-SEPS-----K,EUR,A01,A02,20260523068-AFRR_N-UNIT_013-1,MWH,MAW,A01,A06,2026-05-23T15:00Z,2026-05-23T14:45Z
balancing_energy_bids,32,2026-05-23T14:45:00,PT15M,2026-05-23T15:00Z,2026-05-23T14:45Z,-29,1,2,10Y1001C--00090V,AUCTION-aFRR,B74,10YSK-SEPS-----K,EUR,A01,A02,20260523068-AFRR_N-UNIT_043-1,MWH,MAW,A01,A06,2026-05-23T15:00Z,2026-05-23T14:45Z
balancing_energy_bids,33,2026-05-23T14:45:00,PT15M,2026-05-23T15:00Z,2026-05-23T14:45Z,0,1,4,10Y1001C--00090V,AUCTION-aFRR,B74,10YSK-SEPS-----K,EUR,A01,A02,20260523068-AFRR_N-UNIT_104-1,MWH,MAW,A01,A06,2026-05-23T15:00Z,2026-05-23T14:45Z
balancing_energy_bids,34,2026-05-23T14:45:00,PT15M,2026-05-23T15:00Z,2026-05-23T14:45Z,-259.99,1,3,10Y1001C--00090V,AUCTION-aFRR,B74,10YSK-SEPS-----K,EUR,A01,A02,20260523068-AFRR_N-UNIT_089-1,MWH,MAW,A01,A06,2026-05-23T15:00Z,2026-05-23T14:45Z
balancing_energy_bids,35,2026-05-23T14:45:00,PT15M,2026-05-23T15:00Z,2026-05-23T14:45Z,-50,1,5,10Y1001C--00090V,AUCTION-aFRR,B74,10YSK-SEPS-----K,EUR,A01,A02,20260523068-AFRR_N-UNIT_097-1,MWH,MAW,A01,A06,2026-05-23T15:00Z,2026-05-23T14:45Z
balancing_energy_bids,36,2026-05-23T14:45:00,PT15M,2026-05-23T15:00Z,2026-05-23T14:45Z,-199,1,1,10Y1001C--00090V,AUCTION-aFRR,B74,10YSK-SEPS-----K,EUR,A01,A02,20260523068-AFRR_N-UNIT_019-1,MWH,MAW,A01,A11,2026-05-23T15:00Z,2026-05-23T14:45Z
balancing_energy_bids,37,2026-05-23T14:45:00,PT15M,2026-05-23T15:00Z,2026-05-23T14:45Z,-19,1,1,10Y1001C--00090V,AUCTION-aFRR,B74,10YSK-SEPS-----K,EUR,A01,A02,20260523068-AFRR_N-UNIT_106-1,MWH,MAW,A01,A06,2026-05-23T15:00Z,2026-05-23T14:45Z
balancing_energy_bids,38,2026-05-23T14:45:00,PT15M,2026-05-23T15:00Z,2026-05-23T14:45Z,-5,1,5,10Y1001C--00090V,AUCTION-aFRR,B74,10YSK-SEPS-----K,EUR,A01,A02,20260523068-AFRR_N-UNIT_123-1,MWH,MAW,A01,A06,2026-05-23T15:00Z,2026-05-23T14:45Z
balancing_energy_bids,39,2026-05-23T14:45:00,PT15M,2026-05-23T15:00Z,2026-05-23T14:45Z,5,1,5,10Y1001C--00090V,AUCTION-aFRR,B74,10YSK-SEPS-----K,EUR,A01,A01,20260523068-AFRR_P-UNIT_028-1,MWH,MAW,A01,A06,2026-05-23T15:00Z,2026-05-23T14:45Z
balancing_energy_bids,40,2026-05-23T14:45:00,PT15M,2026-05-23T15:00Z,2026-05-23T14:45Z,-55,1,5,10Y1001C--00090V,AUCTION-aFRR,B74,10YSK-SEPS-----K,EUR,A01,A02,20260523068-AFRR_N-UNIT_028-1,MWH,MAW,A01,A06,2026-05-23T15:00Z,2026-05-23T14:45Z
balancing_energy_bids,41,2026-05-23T15:00:00,PT15M,2026-05-23T15:15Z,2026-05-23T15:00Z,5,1,5,10Y1001C--00090V,AUCTION-aFRR,B74,10YSK-SEPS-----K,EUR,A01,A01,20260523069-AFRR_P-UNIT_028-1,MWH,MAW,A01,A06,2026-05-23T15:15Z,2026-05-23T15:00Z
balancing_energy_bids,42,2026-05-23T15:00:00,PT15M,2026-05-23T15:15Z,2026-05-23T15:00Z,-55,1,1,10Y1001C--00090V,AUCTION-aFRR,B74,10YSK-SEPS-----K,EUR,A01,A02,20260523069-AFRR_N-UNIT_028-1,MWH,MAW,A01,A11,2026-05-23T15:15Z,2026-05-23T15:00Z
balancing_energy_bids,43,2026-05-23T15:00:00,PT15M,2026-05-23T15:15Z,2026-05-23T15:00Z,132,1,1,10Y1001C--00090V,AUCTION-aFRR,B74,10YSK-SEPS-----K,EUR,A01,A01,20260523069-AFRR_P-UNIT_068-1,MWH,MAW,A01,A11,2026-05-23T15:15Z,2026-05-23T15:00Z
balancing_energy_bids,44,2026-05-23T15:00:00,PT15M,2026-05-23T15:15Z,2026-05-23T15:00Z,190.07,1,12,10Y1001C--00090V,AUCTION-aFRR,B74,10YSK-SEPS-----K,EUR,A01,A01,20260523069-AFRR_P-UNIT_065-1,MWH,MAW,A01,A06,2026-05-23T15:15Z,2026-05-23T15:00Z
balancing_energy_bids,45,2026-05-23T15:00:00,PT15M,2026-05-23T15:15Z,2026-05-23T15:00Z,150,1,31,10Y1001C--00090V,AUCTION-aFRR,B74,10YSK-SEPS-----K,EUR,A01,A01,20260523069-AFRR_P-UNIT_052-1,MWH,MAW,A01,A06,2026-05-23T15:15Z,2026-05-23T15:00Z
balancing_energy_bids,46,2026-05-23T15:00:00,PT15M,2026-05-23T15:15Z,2026-05-23T15:00Z,500,1,10,10Y1001C--00090V,AUCTION-aFRR,B74,10YSK-SEPS-----K,EUR,A01,A01,20260523069-AFRR_P-UNIT_047-1,MWH,MAW,A01,A06,2026-05-23T15:15Z,2026-05-23T15:00Z
balancing_energy_bids,47,2026-05-23T15:00:00,PT15M,2026-05-23T15:15Z,2026-05-23T15:00Z,350,1,17,10Y1001C--00090V,AUCTION-aFRR,B74,10YSK-SEPS-----K,EUR,A01,A01,20260523069-AFRR_P-UNIT_051-1,MWH,MAW,A01,A06,2026-05-23T15:15Z,2026-05-23T15:00Z
balancing_energy_bids,48,2026-05-23T15:00:00,PT15M,2026-05-23T15:15Z,2026-05-23T15:00Z,135,1,15,10Y1001C--00090V,AUCTION-aFRR,B74,10YSK-SEPS-----K,EUR,A01,A01,20260523069-AFRR_P-UNIT_069-1,MWH,MAW,A01,A06,2026-05-23T15:15Z,2026-05-23T15:00Z
balancing_energy_bids,49,2026-05-23T15:00:00,PT15M,2026-05-23T15:15Z,2026-05-23T15:00Z,200,1,1,10Y1001C--00090V,AUCTION-aFRR,B74,10YSK-SEPS-----K,EUR,A01,A01,20260523069-AFRR_P-UNIT_058-1,MWH,MAW,A01,A11,2026-05-23T15:15Z,2026-05-23T15:00Z
balancing_energy_bids,50,2026-05-23T15:00:00,PT15M,2026-05-23T15:15Z,2026-05-23T15:00Z,190.07,1,10,10Y1001C--00090V,AUCTION-aFRR,B74,10YSK-SEPS-----K,EUR,A01,A01,20260523069-AFRR_P-UNIT_008-1,MWH,MAW,A01,A06,2026-05-23T15:15Z,2026-05-23T15:00Z
balancing_energy_bids,51,2026-05-23T15:00:00,PT15M,2026-05-23T15:15Z,2026-05-23T15:00Z,105,1,5,10Y1001C--00090V,AUCTION-aFRR,B74,10YSK-SEPS-----K,EUR,A01,A01,20260523069-AFRR_P-UNIT_062-1,MWH,MAW,A01,A06,2026-05-23T15:15Z,2026-05-23T15:00Z
balancing_energy_bids,52,2026-05-23T15:00:00,PT15M,2026-05-23T15:15Z,2026-05-23T15:00Z,105,1,5,10Y1001C--00090V,AUCTION-aFRR,B74,10YSK-SEPS-----K,EUR,A01,A01,20260523069-AFRR_P-UNIT_043-1,MWH,MAW,A01,A06,2026-05-23T15:15Z,2026-05-23T15:00Z
balancing_energy_bids,53,2026-05-23T15:00:00,PT15M,2026-05-23T15:15Z,2026-05-23T15:00Z,110,1,10,10Y1001C--00090V,AUCTION-aFRR,B74,10YSK-SEPS-----K,EUR,A01,A01,20260523069-AFRR_P-UNIT_063-1,MWH,MAW,A01,A06,2026-05-23T15:15Z,2026-05-23T15:00Z
balancing_energy_bids,54,2026-05-23T15:00:00,PT15M,2026-05-23T15:15Z,2026-05-23T15:00Z,749,1,3,10Y1001C--00090V,AUCTION-aFRR,B74,10YSK-SEPS-----K,EUR,A01,A01,20260523069-AFRR_P-UNIT_078-1,MWH,MAW,A01,A06,2026-05-23T15:15Z,2026-05-23T15:00Z
balancing_energy_bids,55,2026-05-23T15:00:00,PT15M,2026-05-23T15:15Z,2026-05-23T15:00Z,750,1,11,10Y1001C--00090V,AUCTION-aFRR,B74,10YSK-SEPS-----K,EUR,A01,A01,20260523069-AFRR_P-UNIT_104-1,MWH,MAW,A01,A06,2026-05-23T15:15Z,2026-05-23T15:00Z
balancing_energy_bids,56,2026-05-23T15:00:00,PT15M,2026-05-23T15:15Z,2026-05-23T15:00Z,85,1,2,10Y1001C--00090V,AUCTION-aFRR,B74,10YSK-SEPS-----K,EUR,A01,A01,20260523069-AFRR_P-UNIT_097-1,MWH,MAW,A01,A06,2026-05-23T15:15Z,2026-05-23T15:00Z
balancing_energy_bids,57,2026-05-23T15:00:00,PT15M,2026-05-23T15:15Z,2026-05-23T15:00Z,190.07,1,3,10Y1001C--00090V,AUCTION-aFRR,B74,10YSK-SEPS-----K,EUR,A01,A01,20260523069-AFRR_P-UNIT_009-1,MWH,MAW,A01,A06,2026-05-23T15:15Z,2026-05-23T15:00Z
balancing_energy_bids,58,2026-05-23T15:00:00,PT15M,2026-05-23T15:15Z,2026-05-23T15:00Z,124,1,1,10Y1001C--00090V,AUCTION-aFRR,B74,10YSK-SEPS-----K,EUR,A01,A01,20260523069-AFRR_P-UNIT_019-1,MWH,MAW,A01,A06,2026-05-23T15:15Z,2026-05-23T15:00Z
balancing_energy_bids,59,2026-05-23T15:00:00,PT15M,2026-05-23T15:15Z,2026-05-23T15:00Z,300,1,1,10Y1001C--00090V,AUCTION-aFRR,B74,10YSK-SEPS-----K,EUR,A01,A01,20260523069-AFRR_P-UNIT_106-1,MWH,MAW,A01,A11,2026-05-23T15:15Z,2026-05-23T15:00Z
balancing_energy_bids,60,2026-05-23T15:00:00,PT15M,2026-05-23T15:15Z,2026-05-23T15:00Z,189,1,8,10Y1001C--00090V,AUCTION-aFRR,B74,10YSK-SEPS-----K,EUR,A01,A01,20260523069-AFRR_P-UNIT_123-1,MWH,MAW,A01,A06,2026-05-23T15:15Z,2026-05-23T15:00Z
balancing_energy_bids,61,2026-05-23T15:00:00,PT15M,2026-05-23T15:15Z,2026-05-23T15:00Z,-5,1,1,10Y1001C--00090V,AUCTION-aFRR,B74,10YSK-SEPS-----K,EUR,A01,A02,20260523069-AFRR_N-UNIT_068-1,MWH,MAW,A01,A11,2026-05-23T15:15Z,2026-05-23T15:00Z
balancing_energy_bids,62,2026-05-23T15:00:00,PT15M,2026-05-23T15:15Z,2026-05-23T15:00Z,-30,1,7,10Y1001C--00090V,AUCTION-aFRR,B74,10YSK-SEPS-----K,EUR,A01,A02,20260523069-AFRR_N-UNIT_052-1,MWH,MAW,A01,A06,2026-05-23T15:15Z,2026-05-23T15:00Z
balancing_energy_bids,63,2026-05-23T15:00:00,PT15M,2026-05-23T15:15Z,2026-05-23T15:00Z,-144,1,5,10Y1001C--00090V,AUCTION-aFRR,B74,10YSK-SEPS-----K,EUR,A01,A02,20260523069-AFRR_N-UNIT_051-1,MWH,MAW,A01,A06,2026-05-23T15:15Z,2026-05-23T15:00Z
balancing_energy_bids,64,2026-05-23T15:00:00,PT15M,2026-05-23T15:15Z,2026-05-23T15:00Z,-250,1,12,10Y1001C--00090V,AUCTION-aFRR,B74,10YSK-SEPS-----K,EUR,A01,A02,20260523069-AFRR_N-UNIT_069-1,MWH,MAW,A01,A06,2026-05-23T15:15Z,2026-05-23T15:00Z
balancing_energy_bids,65,2026-05-23T15:00:00,PT15M,2026-05-23T15:15Z,2026-05-23T15:00Z,-50,1,1,10Y1001C--00090V,AUCTION-aFRR,B74,10YSK-SEPS-----K,EUR,A01,A02,20260523069-AFRR_N-UNIT_058-1,MWH,MAW,A01,A11,2026-05-23T15:15Z,2026-05-23T15:00Z
balancing_energy_bids,66,2026-05-23T15:00:00,PT15M,2026-05-23T15:15Z,2026-05-23T15:00Z,-10,1,30,10Y1001C--00090V,AUCTION-aFRR,B74,10YSK-SEPS-----K,EUR,A01,A02,20260523069-AFRR_N-UNIT_010-1,MWH,MAW,A01,A06,2026-05-23T15:15Z,2026-05-23T15:00Z
balancing_energy_bids,67,2026-05-23T15:00:00,PT15M,2026-05-23T15:15Z,2026-05-23T15:00Z,-29,1,3,10Y1001C--00090V,AUCTION-aFRR,B74,10YSK-SEPS-----K,EUR,A01,A02,20260523069-AFRR_N-UNIT_043-1,MWH,MAW,A01,A06,2026-05-23T15:15Z,2026-05-23T15:00Z
balancing_energy_bids,68,2026-05-23T15:00:00,PT15M,2026-05-23T15:15Z,2026-05-23T15:00Z,0,1,4,10Y1001C--00090V,AUCTION-aFRR,B74,10YSK-SEPS-----K,EUR,A01,A02,20260523069-AFRR_N-UNIT_104-1,MWH,MAW,A01,A06,2026-05-23T15:15Z,2026-05-23T15:00Z
balancing_energy_bids,69,2026-05-23T15:00:00,PT15M,2026-05-23T15:15Z,2026-05-23T15:00Z,-259.89,1,3,10Y1001C--00090V,AUCTION-aFRR,B74,10YSK-SEPS-----K,EUR,A01,A02,20260523069-AFRR_N-UNIT_089-1,MWH,MAW,A01,A06,2026-05-23T15:15Z,2026-05-23T15:00Z
balancing_energy_bids,70,2026-05-23T15:00:00,PT15M,2026-05-23T15:15Z,2026-05-23T15:00Z,0,1,5,10Y1001C--00090V,AUCTION-aFRR,B74,10YSK-SEPS-----K,EUR,A01,A02,20260523069-AFRR_N-UNIT_097-1,MWH,MAW,A01,A06,2026-05-23T15:15Z,2026-05-23T15:00Z
balancing_energy_bids,71,2026-05-23T15:00:00,PT15M,2026-05-23T15:15Z,2026-05-23T15:00Z,-199,1,1,10Y1001C--00090V,AUCTION-aFRR,B74,10YSK-SEPS-----K,EUR,A01,A02,20260523069-AFRR_N-UNIT_019-1,MWH,MAW,A01,A11,2026-05-23T15:15Z,2026-05-23T15:00Z
balancing_energy_bids,72,2026-05-23T15:00:00,PT15M,2026-05-23T15:15Z,2026-05-23T15:00Z,-19,1,1,10Y1001C--00090V,AUCTION-aFRR,B74,10YSK-SEPS-----K,EUR,A01,A02,20260523069-AFRR_N-UNIT_106-1,MWH,MAW,A01,A06,2026-05-23T15:15Z,2026-05-23T15:00Z
balancing_energy_bids,73,2026-05-23T15:00:00,PT15M,2026-05-23T15:15Z,2026-05-23T15:00Z,-5,1,6,10Y1001C--00090V,AUCTION-aFRR,B74,10YSK-SEPS-----K,EUR,A01,A02,20260523069-AFRR_N-UNIT_123-1,MWH,MAW,A01,A06,2026-05-23T15:15Z,2026-05-23T15:00Z
balancing_energy_bids,74,2026-05-23T15:15:00,PT15M,2026-05-23T15:30Z,2026-05-23T15:15Z,5,1,5,10Y1001C--00090V,AUCTION-aFRR,B74,10YSK-SEPS-----K,EUR,A01,A01,20260523070-AFRR_P-UNIT_028-1,MWH,MAW,A01,A06,2026-05-23T15:30Z,2026-05-23T15:15Z
balancing_energy_bids,75,2026-05-23T15:15:00,PT15M,2026-05-23T15:30Z,2026-05-23T15:15Z,-55,1,1,10Y1001C--00090V,AUCTION-aFRR,B74,10YSK-SEPS-----K,EUR,A01,A02,20260523070-AFRR_N-UNIT_028-1,MWH,MAW,A01,A11,2026-05-23T15:30Z,2026-05-23T15:15Z
balancing_energy_bids,76,2026-05-23T15:15:00,PT15M,2026-05-23T15:30Z,2026-05-23T15:15Z,132,1,1,10Y1001C--00090V,AUCTION-aFRR,B74,10YSK-SEPS-----K,EUR,A01,A01,20260523070-AFRR_P-UNIT_068-1,MWH,MAW,A01,A11,2026-05-23T15:30Z,2026-05-23T15:15Z
balancing_energy_bids,77,2026-05-23T15:15:00,PT15M,2026-05-23T15:30Z,2026-05-23T15:15Z,190.07,1,12,10Y1001C--00090V,AUCTION-aFRR,B74,10YSK-SEPS-----K,EUR,A01,A01,20260523070-AFRR_P-UNIT_065-1,MWH,MAW,A01,A06,2026-05-23T15:30Z,2026-05-23T15:15Z
balancing_energy_bids,78,2026-05-23T15:15:00,PT15M,2026-05-23T15:30Z,2026-05-23T15:15Z,150,1,31,10Y1001C--00090V,AUCTION-aFRR,B74,10YSK-SEPS-----K,EUR,A01,A01,20260523070-AFRR_P-UNIT_052-1,MWH,MAW,A01,A06,2026-05-23T15:30Z,2026-05-23T15:15Z
balancing_energy_bids,79,2026-05-23T15:15:00,PT15M,2026-05-23T15:30Z,2026-05-23T15:15Z,500,1,10,10Y1001C--00090V,AUCTION-aFRR,B74,10YSK-SEPS-----K,EUR,A01,A01,20260523070-AFRR_P-UNIT_047-1,MWH,MAW,A01,A06,2026-05-23T15:30Z,2026-05-23T15:15Z
balancing_energy_bids,80,2026-05-23T15:15:00,PT15M,2026-05-23T15:30Z,2026-05-23T15:15Z,350,1,17,10Y1001C--00090V,AUCTION-aFRR,B74,10YSK-SEPS-----K,EUR,A01,A01,20260523070-AFRR_P-UNIT_051-1,MWH,MAW,A01,A06,2026-05-23T15:30Z,2026-05-23T15:15Z
balancing_energy_bids,81,2026-05-23T15:15:00,PT15M,2026-05-23T15:30Z,2026-05-23T15:15Z,135,1,15,10Y1001C--00090V,AUCTION-aFRR,B74,10YSK-SEPS-----K,EUR,A01,A01,20260523070-AFRR_P-UNIT_069-1,MWH,MAW,A01,A06,2026-05-23T15:30Z,2026-05-23T15:15Z
balancing_energy_bids,82,2026-05-23T15:15:00,PT15M,2026-05-23T15:30Z,2026-05-23T15:15Z,200,1,1,10Y1001C--00090V,AUCTION-aFRR,B74,10YSK-SEPS-----K,EUR,A01,A01,20260523070-AFRR_P-UNIT_058-1,MWH,MAW,A01,A11,2026-05-23T15:30Z,2026-05-23T15:15Z
balancing_energy_bids,83,2026-05-23T15:15:00,PT15M,2026-05-23T15:30Z,2026-05-23T15:15Z,190.07,1,10,10Y1001C--00090V,AUCTION-aFRR,B74,10YSK-SEPS-----K,EUR,A01,A01,20260523070-AFRR_P-UNIT_008-1,MWH,MAW,A01,A06,2026-05-23T15:30Z,2026-05-23T15:15Z
balancing_energy_bids,84,2026-05-23T15:15:00,PT15M,2026-05-23T15:30Z,2026-05-23T15:15Z,105,1,5,10Y1001C--00090V,AUCTION-aFRR,B74,10YSK-SEPS-----K,EUR,A01,A01,20260523070-AFRR_P-UNIT_062-1,MWH,MAW,A01,A06,2026-05-23T15:30Z,2026-05-23T15:15Z
balancing_energy_bids,85,2026-05-23T15:15:00,PT15M,2026-05-23T15:30Z,2026-05-23T15:15Z,105,1,5,10Y1001C--00090V,AUCTION-aFRR,B74,10YSK-SEPS-----K,EUR,A01,A01,20260523070-AFRR_P-UNIT_043-1,MWH,MAW,A01,A06,2026-05-23T15:30Z,2026-05-23T15:15Z
balancing_energy_bids,86,2026-05-23T15:15:00,PT15M,2026-05-23T15:30Z,2026-05-23T15:15Z,110,1,10,10Y1001C--00090V,AUCTION-aFRR,B74,10YSK-SEPS-----K,EUR,A01,A01,20260523070-AFRR_P-UNIT_063-1,MWH,MAW,A01,A06,2026-05-23T15:30Z,2026-05-23T15:15Z
balancing_energy_bids,87,2026-05-23T15:15:00,PT15M,2026-05-23T15:30Z,2026-05-23T15:15Z,749,1,3,10Y1001C--00090V,AUCTION-aFRR,B74,10YSK-SEPS-----K,EUR,A01,A01,20260523070-AFRR_P-UNIT_078-1,MWH,MAW,A01,A06,2026-05-23T15:30Z,2026-05-23T15:15Z
balancing_energy_bids,88,2026-05-23T15:15:00,PT15M,2026-05-23T15:30Z,2026-05-23T15:15Z,750,1,11,10Y1001C--00090V,AUCTION-aFRR,B74,10YSK-SEPS-----K,EUR,A01,A01,20260523070-AFRR_P-UNIT_104-1,MWH,MAW,A01,A06,2026-05-23T15:30Z,2026-05-23T15:15Z
balancing_energy_bids,89,2026-05-23T15:15:00,PT15M,2026-05-23T15:30Z,2026-05-23T15:15Z,85,1,2,10Y1001C--00090V,AUCTION-aFRR,B74,10YSK-SEPS-----K,EUR,A01,A01,20260523070-AFRR_P-UNIT_097-1,MWH,MAW,A01,A06,2026-05-23T15:30Z,2026-05-23T15:15Z
balancing_energy_bids,90,2026-05-23T15:15:00,PT15M,2026-05-23T15:30Z,2026-05-23T15:15Z,190.07,1,3,10Y1001C--00090V,AUCTION-aFRR,B74,10YSK-SEPS-----K,EUR,A01,A01,20260523070-AFRR_P-UNIT_009-1,MWH,MAW,A01,A06,2026-05-23T15:30Z,2026-05-23T15:15Z
balancing_energy_bids,91,2026-05-23T15:15:00,PT15M,2026-05-23T15:30Z,2026-05-23T15:15Z,128,1,1,10Y1001C--00090V,AUCTION-aFRR,B74,10YSK-SEPS-----K,EUR,A01,A01,20260523070-AFRR_P-UNIT_019-1,MWH,MAW,A01,A06,2026-05-23T15:30Z,2026-05-23T15:15Z
balancing_energy_bids,92,2026-05-23T15:15:00,PT15M,2026-05-23T15:30Z,2026-05-23T15:15Z,300,1,1,10Y1001C--00090V,AUCTION-aFRR,B74,10YSK-SEPS-----K,EUR,A01,A01,20260523070-AFRR_P-UNIT_106-1,MWH,MAW,A01,A11,2026-05-23T15:30Z,2026-05-23T15:15Z
balancing_energy_bids,93,2026-05-23T15:15:00,PT15M,2026-05-23T15:30Z,2026-05-23T15:15Z,189,1,8,10Y1001C--00090V,AUCTION-aFRR,B74,10YSK-SEPS-----K,EUR,A01,A01,20260523070-AFRR_P-UNIT_123-1,MWH,MAW,A01,A06,2026-05-23T15:30Z,2026-05-23T15:15Z
balancing_energy_bids,94,2026-05-23T15:15:00,PT15M,2026-05-23T15:30Z,2026-05-23T15:15Z,-5,1,1,10Y1001C--00090V,AUCTION-aFRR,B74,10YSK-SEPS-----K,EUR,A01,A02,20260523070-AFRR_N-UNIT_068-1,MWH,MAW,A01,A11,2026-05-23T15:30Z,2026-05-23T15:15Z
balancing_energy_bids,95,2026-05-23T15:15:00,PT15M,2026-05-23T15:30Z,2026-05-23T15:15Z,-30,1,7,10Y1001C--00090V,AUCTION-aFRR,B74,10YSK-SEPS-----K,EUR,A01,A02,20260523070-AFRR_N-UNIT_052-1,MWH,MAW,A01,A06,2026-05-23T15:30Z,2026-05-23T15:15Z
balancing_energy_bids,96,2026-05-23T15:15:00,PT15M,2026-05-23T15:30Z,2026-05-23T15:15Z,-144,1,5,10Y1001C--00090V,AUCTION-aFRR,B74,10YSK-SEPS-----K,EUR,A01,A02,20260523070-AFRR_N-UNIT_051-1,MWH,MAW,A01,A06,2026-05-23T15:30Z,2026-05-23T15:15Z
balancing_energy_bids,97,2026-05-23T15:15:00,PT15M,2026-05-23T15:30Z,2026-05-23T15:15Z,-250,1,12,10Y1001C--00090V,AUCTION-aFRR,B74,10YSK-SEPS-----K,EUR,A01,A02,20260523070-AFRR_N-UNIT_069-1,MWH,MAW,A01,A06,2026-05-23T15:30Z,2026-05-23T15:15Z
balancing_energy_bids,98,2026-05-23T15:15:00,PT15M,2026-05-23T15:30Z,2026-05-23T15:15Z,-50,1,1,10Y1001C--00090V,AUCTION-aFRR,B74,10YSK-SEPS-----K,EUR,A01,A02,20260523070-AFRR_N-UNIT_058-1,MWH,MAW,A01,A11,2026-05-23T15:30Z,2026-05-23T15:15Z
balancing_energy_bids,99,2026-05-23T15:15:00,PT15M,2026-05-23T15:30Z,2026-05-23T15:15Z,-10,1,30,10Y1001C--00090V,AUCTION-aFRR,B74,10YSK-SEPS-----K,EUR,A01,A02,20260523070-AFRR_N-UNIT_010-1,MWH,MAW,A01,A06,2026-05-23T15:30Z,2026-05-23T15:15Z
balancing_energy_bids,100,2026-05-23T15:15:00,PT15M,2026-05-23T15:30Z,2026-05-23T15:15Z,-29,1,3,10Y1001C--00090V,AUCTION-aFRR,B74,10YSK-SEPS-----K,EUR,A01,A02,20260523070-AFRR_N-UNIT_043-1,MWH,MAW,A01,A06,2026-05-23T15:30Z,2026-05-23T15:15Z
balancing_energy_bids,1,2026-05-23T15:15:00,PT15M,2026-05-23T15:30Z,2026-05-23T15:15Z,0,1,4,10Y1001C--00090V,AUCTION-aFRR,B74,10YSK-SEPS-----K,EUR,A01,A02,20260523070-AFRR_N-UNIT_104-1,MWH,MAW,A01,A06,2026-05-23T15:30Z,2026-05-23T15:15Z
balancing_energy_bids,2,2026-05-23T15:15:00,PT15M,2026-05-23T15:30Z,2026-05-23T15:15Z,-255.98,1,3,10Y1001C--00090V,AUCTION-aFRR,B74,10YSK-SEPS-----K,EUR,A01,A02,20260523070-AFRR_N-UNIT_089-1,MWH,MAW,A01,A06,2026-05-23T15:30Z,2026-05-23T15:15Z
balancing_energy_bids,3,2026-05-23T15:15:00,PT15M,2026-05-23T15:30Z,2026-05-23T15:15Z,0,1,5,10Y1001C--00090V,AUCTION-aFRR,B74,10YSK-SEPS-----K,EUR,A01,A02,20260523070-AFRR_N-UNIT_097-1,MWH,MAW,A01,A06,2026-05-23T15:30Z,2026-05-23T15:15Z
balancing_energy_bids,4,2026-05-23T15:15:00,PT15M,2026-05-23T15:30Z,2026-05-23T15:15Z,-199,1,1,10Y1001C--00090V,AUCTION-aFRR,B74,10YSK-SEPS-----K,EUR,A01,A02,20260523070-AFRR_N-UNIT_019-1,MWH,MAW,A01,A11,2026-05-23T15:30Z,2026-05-23T15:15Z
balancing_energy_bids,5,2026-05-23T15:15:00,PT15M,2026-05-23T15:30Z,2026-05-23T15:15Z,-19,1,1,10Y1001C--00090V,AUCTION-aFRR,B74,10YSK-SEPS-----K,EUR,A01,A02,20260523070-AFRR_N-UNIT_106-1,MWH,MAW,A01,A06,2026-05-23T15:30Z,2026-05-23T15:15Z
balancing_energy_bids,6,2026-05-23T15:15:00,PT15M,2026-05-23T15:30Z,2026-05-23T15:15Z,-5,1,6,10Y1001C--00090V,AUCTION-aFRR,B74,10YSK-SEPS-----K,EUR,A01,A02,20260523070-AFRR_N-UNIT_123-1,MWH,MAW,A01,A06,2026-05-23T15:30Z,2026-05-23T15:15Z
balancing_energy_bids,7,2026-05-23T15:30:00,PT15M,2026-05-23T15:45Z,2026-05-23T15:30Z,5,1,5,10Y1001C--00090V,AUCTION-aFRR,B74,10YSK-SEPS-----K,EUR,A01,A01,20260523071-AFRR_P-UNIT_028-1,MWH,MAW,A01,A06,2026-05-23T15:45Z,2026-05-23T15:30Z
balancing_energy_bids,8,2026-05-23T15:30:00,PT15M,2026-05-23T15:45Z,2026-05-23T15:30Z,-55,1,1,10Y1001C--00090V,AUCTION-aFRR,B74,10YSK-SEPS-----K,EUR,A01,A02,20260523071-AFRR_N-UNIT_028-1,MWH,MAW,A01,A11,2026-05-23T15:45Z,2026-05-23T15:30Z
balancing_energy_bids,9,2026-05-23T15:30:00,PT15M,2026-05-23T15:45Z,2026-05-23T15:30Z,132,1,1,10Y1001C--00090V,AUCTION-aFRR,B74,10YSK-SEPS-----K,EUR,A01,A01,20260523071-AFRR_P-UNIT_068-1,MWH,MAW,A01,A11,2026-05-23T15:45Z,2026-05-23T15:30Z
balancing_energy_bids,10,2026-05-23T15:30:00,PT15M,2026-05-23T15:45Z,2026-05-23T15:30Z,190.07,1,12,10Y1001C--00090V,AUCTION-aFRR,B74,10YSK-SEPS-----K,EUR,A01,A01,20260523071-AFRR_P-UNIT_065-1,MWH,MAW,A01,A06,2026-05-23T15:45Z,2026-05-23T15:30Z
balancing_energy_bids,11,2026-05-23T15:30:00,PT15M,2026-05-23T15:45Z,2026-05-23T15:30Z,150,1,31,10Y1001C--00090V,AUCTION-aFRR,B74,10YSK-SEPS-----K,EUR,A01,A01,20260523071-AFRR_P-UNIT_052-1,MWH,MAW,A01,A06,2026-05-23T15:45Z,2026-05-23T15:30Z
balancing_energy_bids,12,2026-05-23T15:30:00,PT15M,2026-05-23T15:45Z,2026-05-23T15:30Z,500,1,10,10Y1001C--00090V,AUCTION-aFRR,B74,10YSK-SEPS-----K,EUR,A01,A01,20260523071-AFRR_P-UNIT_047-1,MWH,MAW,A01,A06,2026-05-23T15:45Z,2026-05-23T15:30Z
balancing_energy_bids,13,2026-05-23T15:30:00,PT15M,2026-05-23T15:45Z,2026-05-23T15:30Z,350,1,17,10Y1001C--00090V,AUCTION-aFRR,B74,10YSK-SEPS-----K,EUR,A01,A01,20260523071-AFRR_P-UNIT_051-1,MWH,MAW,A01,A06,2026-05-23T15:45Z,2026-05-23T15:30Z
balancing_energy_bids,14,2026-05-23T15:30:00,PT15M,2026-05-23T15:45Z,2026-05-23T15:30Z,135,1,15,10Y1001C--00090V,AUCTION-aFRR,B74,10YSK-SEPS-----K,EUR,A01,A01,20260523071-AFRR_P-UNIT_069-1,MWH,MAW,A01,A06,2026-05-23T15:45Z,2026-05-23T15:30Z
balancing_energy_bids,15,2026-05-23T15:30:00,PT15M,2026-05-23T15:45Z,2026-05-23T15:30Z,200,1,1,10Y1001C--00090V,AUCTION-aFRR,B74,10YSK-SEPS-----K,EUR,A01,A01,20260523071-AFRR_P-UNIT_058-1,MWH,MAW,A01,A11,2026-05-23T15:45Z,2026-05-23T15:30Z
balancing_energy_bids,16,2026-05-23T15:30:00,PT15M,2026-05-23T15:45Z,2026-05-23T15:30Z,190.07,1,10,10Y1001C--00090V,AUCTION-aFRR,B74,10YSK-SEPS-----K,EUR,A01,A01,20260523071-AFRR_P-UNIT_008-1,MWH,MAW,A01,A06,2026-05-23T15:45Z,2026-05-23T15:30Z
balancing_energy_bids,17,2026-05-23T15:30:00,PT15M,2026-05-23T15:45Z,2026-05-23T15:30Z,105,1,5,10Y1001C--00090V,AUCTION-aFRR,B74,10YSK-SEPS-----K,EUR,A01,A01,20260523071-AFRR_P-UNIT_062-1,MWH,MAW,A01,A06,2026-05-23T15:45Z,2026-05-23T15:30Z
balancing_energy_bids,18,2026-05-23T15:30:00,PT15M,2026-05-23T15:45Z,2026-05-23T15:30Z,105,1,5,10Y1001C--00090V,AUCTION-aFRR,B74,10YSK-SEPS-----K,EUR,A01,A01,20260523071-AFRR_P-UNIT_043-1,MWH,MAW,A01,A06,2026-05-23T15:45Z,2026-05-23T15:30Z
balancing_energy_bids,19,2026-05-23T15:30:00,PT15M,2026-05-23T15:45Z,2026-05-23T15:30Z,110,1,10,10Y1001C--00090V,AUCTION-aFRR,B74,10YSK-SEPS-----K,EUR,A01,A01,20260523071-AFRR_P-UNIT_063-1,MWH,MAW,A01,A06,2026-05-23T15:45Z,2026-05-23T15:30Z
balancing_energy_bids,20,2026-05-23T15:30:00,PT15M,2026-05-23T15:45Z,2026-05-23T15:30Z,749,1,3,10Y1001C--00090V,AUCTION-aFRR,B74,10YSK-SEPS-----K,EUR,A01,A01,20260523071-AFRR_P-UNIT_078-1,MWH,MAW,A01,A06,2026-05-23T15:45Z,2026-05-23T15:30Z
balancing_energy_bids,21,2026-05-23T15:30:00,PT15M,2026-05-23T15:45Z,2026-05-23T15:30Z,750,1,11,10Y1001C--00090V,AUCTION-aFRR,B74,10YSK-SEPS-----K,EUR,A01,A01,20260523071-AFRR_P-UNIT_104-1,MWH,MAW,A01,A06,2026-05-23T15:45Z,2026-05-23T15:30Z
balancing_energy_bids,22,2026-05-23T15:30:00,PT15M,2026-05-23T15:45Z,2026-05-23T15:30Z,85,1,2,10Y1001C--00090V,AUCTION-aFRR,B74,10YSK-SEPS-----K,EUR,A01,A01,20260523071-AFRR_P-UNIT_097-1,MWH,MAW,A01,A06,2026-05-23T15:45Z,2026-05-23T15:30Z
balancing_energy_bids,23,2026-05-23T15:30:00,PT15M,2026-05-23T15:45Z,2026-05-23T15:30Z,190.07,1,3,10Y1001C--00090V,AUCTION-aFRR,B74,10YSK-SEPS-----K,EUR,A01,A01,20260523071-AFRR_P-UNIT_009-1,MWH,MAW,A01,A06,2026-05-23T15:45Z,2026-05-23T15:30Z
balancing_energy_bids,24,2026-05-23T15:30:00,PT15M,2026-05-23T15:45Z,2026-05-23T15:30Z,178,1,1,10Y1001C--00090V,AUCTION-aFRR,B74,10YSK-SEPS-----K,EUR,A01,A01,20260523071-AFRR_P-UNIT_019-1,MWH,MAW,A01,A06,2026-05-23T15:45Z,2026-05-23T15:30Z
balancing_energy_bids,25,2026-05-23T15:30:00,PT15M,2026-05-23T15:45Z,2026-05-23T15:30Z,300,1,1,10Y1001C--00090V,AUCTION-aFRR,B74,10YSK-SEPS-----K,EUR,A01,A01,20260523071-AFRR_P-UNIT_106-1,MWH,MAW,A01,A11,2026-05-23T15:45Z,2026-05-23T15:30Z
balancing_energy_bids,26,2026-05-23T15:30:00,PT15M,2026-05-23T15:45Z,2026-05-23T15:30Z,189,1,8,10Y1001C--00090V,AUCTION-aFRR,B74,10YSK-SEPS-----K,EUR,A01,A01,20260523071-AFRR_P-UNIT_123-1,MWH,MAW,A01,A06,2026-05-23T15:45Z,2026-05-23T15:30Z
balancing_energy_bids,27,2026-05-23T15:30:00,PT15M,2026-05-23T15:45Z,2026-05-23T15:30Z,-5,1,1,10Y1001C--00090V,AUCTION-aFRR,B74,10YSK-SEPS-----K,EUR,A01,A02,20260523071-AFRR_N-UNIT_068-1,MWH,MAW,A01,A11,2026-05-23T15:45Z,2026-05-23T15:30Z
balancing_energy_bids,28,2026-05-23T15:30:00,PT15M,2026-05-23T15:45Z,2026-05-23T15:30Z,-30,1,7,10Y1001C--00090V,AUCTION-aFRR,B74,10YSK-SEPS-----K,EUR,A01,A02,20260523071-AFRR_N-UNIT_052-1,MWH,MAW,A01,A06,2026-05-23T15:45Z,2026-05-23T15:30Z
balancing_energy_bids,29,2026-05-23T15:30:00,PT15M,2026-05-23T15:45Z,2026-05-23T15:30Z,-144,1,5,10Y1001C--00090V,AUCTION-aFRR,B74,10YSK-SEPS-----K,EUR,A01,A02,20260523071-AFRR_N-UNIT_051-1,MWH,MAW,A01,A06,2026-05-23T15:45Z,2026-05-23T15:30Z
balancing_energy_bids,30,2026-05-23T15:30:00,PT15M,2026-05-23T15:45Z,2026-05-23T15:30Z,-150,1,12,10Y1001C--00090V,AUCTION-aFRR,B74,10YSK-SEPS-----K,EUR,A01,A02,20260523071-AFRR_N-UNIT_069-1,MWH,MAW,A01,A06,2026-05-23T15:45Z,2026-05-23T15:30Z
balancing_energy_bids,31,2026-05-23T15:30:00,PT15M,2026-05-23T15:45Z,2026-05-23T15:30Z,-50,1,1,10Y1001C--00090V,AUCTION-aFRR,B74,10YSK-SEPS-----K,EUR,A01,A02,20260523071-AFRR_N-UNIT_058-1,MWH,MAW,A01,A11,2026-05-23T15:45Z,2026-05-23T15:30Z
balancing_energy_bids,32,2026-05-23T15:30:00,PT15M,2026-05-23T15:45Z,2026-05-23T15:30Z,-10,1,30,10Y1001C--00090V,AUCTION-aFRR,B74,10YSK-SEPS-----K,EUR,A01,A02,20260523071-AFRR_N-UNIT_010-1,MWH,MAW,A01,A06,2026-05-23T15:45Z,2026-05-23T15:30Z
balancing_energy_bids,33,2026-05-23T15:30:00,PT15M,2026-05-23T15:45Z,2026-05-23T15:30Z,10,1,3,10Y1001C--00090V,AUCTION-aFRR,B74,10YSK-SEPS-----K,EUR,A01,A02,20260523071-AFRR_N-UNIT_043-1,MWH,MAW,A01,A06,2026-05-23T15:45Z,2026-05-23T15:30Z
balancing_energy_bids,34,2026-05-23T15:30:00,PT15M,2026-05-23T15:45Z,2026-05-23T15:30Z,0,1,4,10Y1001C--00090V,AUCTION-aFRR,B74,10YSK-SEPS-----K,EUR,A01,A02,20260523071-AFRR_N-UNIT_104-1,MWH,MAW,A01,A06,2026-05-23T15:45Z,2026-05-23T15:30Z
balancing_energy_bids,35,2026-05-23T15:30:00,PT15M,2026-05-23T15:45Z,2026-05-23T15:30Z,-201.21,1,3,10Y1001C--00090V,AUCTION-aFRR,B74,10YSK-SEPS-----K,EUR,A01,A02,20260523071-AFRR_N-UNIT_089-1,MWH,MAW,A01,A06,2026-05-23T15:45Z,2026-05-23T15:30Z
balancing_energy_bids,36,2026-05-23T15:30:00,PT15M,2026-05-23T15:45Z,2026-05-23T15:30Z,0,1,5,10Y1001C--00090V,AUCTION-aFRR,B74,10YSK-SEPS-----K,EUR,A01,A02,20260523071-AFRR_N-UNIT_097-1,MWH,MAW,A01,A06,2026-05-23T15:45Z,2026-05-23T15:30Z
balancing_energy_bids,37,2026-05-23T15:30:00,PT15M,2026-05-23T15:45Z,2026-05-23T15:30Z,-199,1,1,10Y1001C--00090V,AUCTION-aFRR,B74,10YSK-SEPS-----K,EUR,A01,A02,20260523071-AFRR_N-UNIT_019-1,MWH,MAW,A01,A11,2026-05-23T15:45Z,2026-05-23T15:30Z
balancing_energy_bids,38,2026-05-23T15:30:00,PT15M,2026-05-23T15:45Z,2026-05-23T15:30Z,-19,1,1,10Y1001C--00090V,AUCTION-aFRR,B74,10YSK-SEPS-----K,EUR,A01,A02,20260523071-AFRR_N-UNIT_106-1,MWH,MAW,A01,A06,2026-05-23T15:45Z,2026-05-23T15:30Z
balancing_energy_bids,39,2026-05-23T15:30:00,PT15M,2026-05-23T15:45Z,2026-05-23T15:30Z,-5,1,6,10Y1001C--00090V,AUCTION-aFRR,B74,10YSK-SEPS-----K,EUR,A01,A02,20260523071-AFRR_N-UNIT_123-1,MWH,MAW,A01,A06,2026-05-23T15:45Z,2026-05-23T15:30Z
balancing_energy_bids,40,2026-05-23T15:45:00,PT15M,2026-05-23T16:00Z,2026-05-23T15:45Z,175.53,1,1,10Y1001C--00090V,AUCTION-aFRR,B74,10YSK-SEPS-----K,EUR,A01,A01,20260523072-AFRR_P-UNIT_068-1,MWH,MAW,A01,A11,2026-05-23T16:00Z,2026-05-23T15:45Z
balancing_energy_bids,41,2026-05-23T15:45:00,PT15M,2026-05-23T16:00Z,2026-05-23T15:45Z,190.07,1,12,10Y1001C--00090V,AUCTION-aFRR,B74,10YSK-SEPS-----K,EUR,A01,A01,20260523072-AFRR_P-UNIT_065-1,MWH,MAW,A01,A06,2026-05-23T16:00Z,2026-05-23T15:45Z
balancing_energy_bids,42,2026-05-23T15:45:00,PT15M,2026-05-23T16:00Z,2026-05-23T15:45Z,150,1,31,10Y1001C--00090V,AUCTION-aFRR,B74,10YSK-SEPS-----K,EUR,A01,A01,20260523072-AFRR_P-UNIT_052-1,MWH,MAW,A01,A06,2026-05-23T16:00Z,2026-05-23T15:45Z
balancing_energy_bids,43,2026-05-23T15:45:00,PT15M,2026-05-23T16:00Z,2026-05-23T15:45Z,500,1,10,10Y1001C--00090V,AUCTION-aFRR,B74,10YSK-SEPS-----K,EUR,A01,A01,20260523072-AFRR_P-UNIT_047-1,MWH,MAW,A01,A06,2026-05-23T16:00Z,2026-05-23T15:45Z
balancing_energy_bids,44,2026-05-23T15:45:00,PT15M,2026-05-23T16:00Z,2026-05-23T15:45Z,350,1,17,10Y1001C--00090V,AUCTION-aFRR,B74,10YSK-SEPS-----K,EUR,A01,A01,20260523072-AFRR_P-UNIT_051-1,MWH,MAW,A01,A06,2026-05-23T16:00Z,2026-05-23T15:45Z
balancing_energy_bids,45,2026-05-23T15:45:00,PT15M,2026-05-23T16:00Z,2026-05-23T15:45Z,135,1,15,10Y1001C--00090V,AUCTION-aFRR,B74,10YSK-SEPS-----K,EUR,A01,A01,20260523072-AFRR_P-UNIT_069-1,MWH,MAW,A01,A06,2026-05-23T16:00Z,2026-05-23T15:45Z
balancing_energy_bids,46,2026-05-23T15:45:00,PT15M,2026-05-23T16:00Z,2026-05-23T15:45Z,200,1,1,10Y1001C--00090V,AUCTION-aFRR,B74,10YSK-SEPS-----K,EUR,A01,A01,20260523072-AFRR_P-UNIT_058-1,MWH,MAW,A01,A11,2026-05-23T16:00Z,2026-05-23T15:45Z
balancing_energy_bids,47,2026-05-23T15:45:00,PT15M,2026-05-23T16:00Z,2026-05-23T15:45Z,190.07,1,10,10Y1001C--00090V,AUCTION-aFRR,B74,10YSK-SEPS-----K,EUR,A01,A01,20260523072-AFRR_P-UNIT_008-1,MWH,MAW,A01,A06,2026-05-23T16:00Z,2026-05-23T15:45Z
balancing_energy_bids,48,2026-05-23T15:45:00,PT15M,2026-05-23T16:00Z,2026-05-23T15:45Z,132,1,5,10Y1001C--00090V,AUCTION-aFRR,B74,10YSK-SEPS-----K,EUR,A01,A01,20260523072-AFRR_P-UNIT_062-1,MWH,MAW,A01,A06,2026-05-23T16:00Z,2026-05-23T15:45Z
balancing_energy_bids,49,2026-05-23T15:45:00,PT15M,2026-05-23T16:00Z,2026-05-23T15:45Z,132,1,5,10Y1001C--00090V,AUCTION-aFRR,B74,10YSK-SEPS-----K,EUR,A01,A01,20260523072-AFRR_P-UNIT_043-1,MWH,MAW,A01,A06,2026-05-23T16:00Z,2026-05-23T15:45Z
balancing_energy_bids,50,2026-05-23T15:45:00,PT15M,2026-05-23T16:00Z,2026-05-23T15:45Z,110,1,10,10Y1001C--00090V,AUCTION-aFRR,B74,10YSK-SEPS-----K,EUR,A01,A01,20260523072-AFRR_P-UNIT_063-1,MWH,MAW,A01,A06,2026-05-23T16:00Z,2026-05-23T15:45Z
balancing_energy_bids,51,2026-05-23T15:45:00,PT15M,2026-05-23T16:00Z,2026-05-23T15:45Z,749,1,3,10Y1001C--00090V,AUCTION-aFRR,B74,10YSK-SEPS-----K,EUR,A01,A01,20260523072-AFRR_P-UNIT_078-1,MWH,MAW,A01,A06,2026-05-23T16:00Z,2026-05-23T15:45Z
balancing_energy_bids,52,2026-05-23T15:45:00,PT15M,2026-05-23T16:00Z,2026-05-23T15:45Z,750,1,11,10Y1001C--00090V,AUCTION-aFRR,B74,10YSK-SEPS-----K,EUR,A01,A01,20260523072-AFRR_P-UNIT_104-1,MWH,MAW,A01,A06,2026-05-23T16:00Z,2026-05-23T15:45Z
balancing_energy_bids,53,2026-05-23T15:45:00,PT15M,2026-05-23T16:00Z,2026-05-23T15:45Z,85,1,2,10Y1001C--00090V,AUCTION-aFRR,B74,10YSK-SEPS-----K,EUR,A01,A01,20260523072-AFRR_P-UNIT_097-1,MWH,MAW,A01,A06,2026-05-23T16:00Z,2026-05-23T15:45Z
balancing_energy_bids,54,2026-05-23T15:45:00,PT15M,2026-05-23T16:00Z,2026-05-23T15:45Z,190.07,1,3,10Y1001C--00090V,AUCTION-aFRR,B74,10YSK-SEPS-----K,EUR,A01,A01,20260523072-AFRR_P-UNIT_009-1,MWH,MAW,A01,A06,2026-05-23T16:00Z,2026-05-23T15:45Z
balancing_energy_bids,55,2026-05-23T15:45:00,PT15M,2026-05-23T16:00Z,2026-05-23T15:45Z,242,1,1,10Y1001C--00090V,AUCTION-aFRR,B74,10YSK-SEPS-----K,EUR,A01,A01,20260523072-AFRR_P-UNIT_019-1,MWH,MAW,A01,A06,2026-05-23T16:00Z,2026-05-23T15:45Z
balancing_energy_bids,56,2026-05-23T15:45:00,PT15M,2026-05-23T16:00Z,2026-05-23T15:45Z,300,1,1,10Y1001C--00090V,AUCTION-aFRR,B74,10YSK-SEPS-----K,EUR,A01,A01,20260523072-AFRR_P-UNIT_106-1,MWH,MAW,A01,A11,2026-05-23T16:00Z,2026-05-23T15:45Z
balancing_energy_bids,57,2026-05-23T15:45:00,PT15M,2026-05-23T16:00Z,2026-05-23T15:45Z,189,1,8,10Y1001C--00090V,AUCTION-aFRR,B74,10YSK-SEPS-----K,EUR,A01,A01,20260523072-AFRR_P-UNIT_123-1,MWH,MAW,A01,A06,2026-05-23T16:00Z,2026-05-23T15:45Z
balancing_energy_bids,58,2026-05-23T15:45:00,PT15M,2026-05-23T16:00Z,2026-05-23T15:45Z,-5,1,1,10Y1001C--00090V,AUCTION-aFRR,B74,10YSK-SEPS-----K,EUR,A01,A02,20260523072-AFRR_N-UNIT_068-1,MWH,MAW,A01,A11,2026-05-23T16:00Z,2026-05-23T15:45Z
balancing_energy_bids,59,2026-05-23T15:45:00,PT15M,2026-05-23T16:00Z,2026-05-23T15:45Z,-30,1,7,10Y1001C--00090V,AUCTION-aFRR,B74,10YSK-SEPS-----K,EUR,A01,A02,20260523072-AFRR_N-UNIT_052-1,MWH,MAW,A01,A06,2026-05-23T16:00Z,2026-05-23T15:45Z
balancing_energy_bids,60,2026-05-23T15:45:00,PT15M,2026-05-23T16:00Z,2026-05-23T15:45Z,-144,1,5,10Y1001C--00090V,AUCTION-aFRR,B74,10YSK-SEPS-----K,EUR,A01,A02,20260523072-AFRR_N-UNIT_051-1,MWH,MAW,A01,A06,2026-05-23T16:00Z,2026-05-23T15:45Z
balancing_energy_bids,61,2026-05-23T15:45:00,PT15M,2026-05-23T16:00Z,2026-05-23T15:45Z,-150,1,12,10Y1001C--00090V,AUCTION-aFRR,B74,10YSK-SEPS-----K,EUR,A01,A02,20260523072-AFRR_N-UNIT_069-1,MWH,MAW,A01,A06,2026-05-23T16:00Z,2026-05-23T15:45Z
balancing_energy_bids,62,2026-05-23T15:45:00,PT15M,2026-05-23T16:00Z,2026-05-23T15:45Z,-50,1,1,10Y1001C--00090V,AUCTION-aFRR,B74,10YSK-SEPS-----K,EUR,A01,A02,20260523072-AFRR_N-UNIT_058-1,MWH,MAW,A01,A11,2026-05-23T16:00Z,2026-05-23T15:45Z
balancing_energy_bids,63,2026-05-23T15:45:00,PT15M,2026-05-23T16:00Z,2026-05-23T15:45Z,-10,1,30,10Y1001C--00090V,AUCTION-aFRR,B74,10YSK-SEPS-----K,EUR,A01,A02,20260523072-AFRR_N-UNIT_010-1,MWH,MAW,A01,A06,2026-05-23T16:00Z,2026-05-23T15:45Z
balancing_energy_bids,64,2026-05-23T15:45:00,PT15M,2026-05-23T16:00Z,2026-05-23T15:45Z,10,1,3,10Y1001C--00090V,AUCTION-aFRR,B74,10YSK-SEPS-----K,EUR,A01,A02,20260523072-AFRR_N-UNIT_043-1,MWH,MAW,A01,A06,2026-05-23T16:00Z,2026-05-23T15:45Z
balancing_energy_bids,65,2026-05-23T15:45:00,PT15M,2026-05-23T16:00Z,2026-05-23T15:45Z,0,1,4,10Y1001C--00090V,AUCTION-aFRR,B74,10YSK-SEPS-----K,EUR,A01,A02,20260523072-AFRR_N-UNIT_104-1,MWH,MAW,A01,A06,2026-05-23T16:00Z,2026-05-23T15:45Z
balancing_energy_bids,66,2026-05-23T15:45:00,PT15M,2026-05-23T16:00Z,2026-05-23T15:45Z,-134.62,1,3,10Y1001C--00090V,AUCTION-aFRR,B74,10YSK-SEPS-----K,EUR,A01,A02,20260523072-AFRR_N-UNIT_089-1,MWH,MAW,A01,A06,2026-05-23T16:00Z,2026-05-23T15:45Z
balancing_energy_bids,67,2026-05-23T15:45:00,PT15M,2026-05-23T16:00Z,2026-05-23T15:45Z,0,1,5,10Y1001C--00090V,AUCTION-aFRR,B74,10YSK-SEPS-----K,EUR,A01,A02,20260523072-AFRR_N-UNIT_097-1,MWH,MAW,A01,A06,2026-05-23T16:00Z,2026-05-23T15:45Z
balancing_energy_bids,68,2026-05-23T15:45:00,PT15M,2026-05-23T16:00Z,2026-05-23T15:45Z,-199,1,1,10Y1001C--00090V,AUCTION-aFRR,B74,10YSK-SEPS-----K,EUR,A01,A02,20260523072-AFRR_N-UNIT_019-1,MWH,MAW,A01,A11,2026-05-23T16:00Z,2026-05-23T15:45Z
balancing_energy_bids,69,2026-05-23T15:45:00,PT15M,2026-05-23T16:00Z,2026-05-23T15:45Z,-19,1,1,10Y1001C--00090V,AUCTION-aFRR,B74,10YSK-SEPS-----K,EUR,A01,A02,20260523072-AFRR_N-UNIT_106-1,MWH,MAW,A01,A06,2026-05-23T16:00Z,2026-05-23T15:45Z
balancing_energy_bids,70,2026-05-23T15:45:00,PT15M,2026-05-23T16:00Z,2026-05-23T15:45Z,-5,1,6,10Y1001C--00090V,AUCTION-aFRR,B74,10YSK-SEPS-----K,EUR,A01,A02,20260523072-AFRR_N-UNIT_123-1,MWH,MAW,A01,A06,2026-05-23T16:00Z,2026-05-23T15:45Z
balancing_energy_bids,71,2026-05-23T15:45:00,PT15M,2026-05-23T16:00Z,2026-05-23T15:45Z,5,1,5,10Y1001C--00090V,AUCTION-aFRR,B74,10YSK-SEPS-----K,EUR,A01,A01,20260523072-AFRR_P-UNIT_028-1,MWH,MAW,A01,A06,2026-05-23T16:00Z,2026-05-23T15:45Z
balancing_energy_bids,72,2026-05-23T15:45:00,PT15M,2026-05-23T16:00Z,2026-05-23T15:45Z,-55,1,1,10Y1001C--00090V,AUCTION-aFRR,B74,10YSK-SEPS-----K,EUR,A01,A02,20260523072-AFRR_N-UNIT_028-1,MWH,MAW,A01,A11,2026-05-23T16:00Z,2026-05-23T15:45Z
balancing_energy_bids,73,2026-05-23T16:00:00,PT15M,2026-05-23T16:15Z,2026-05-23T16:00Z,132,1,5,10Y1001C--00090V,AUCTION-aFRR,B74,10YSK-SEPS-----K,EUR,A01,A01,20260523073-AFRR_P-UNIT_068-1,MWH,MAW,A01,A06,2026-05-23T16:15Z,2026-05-23T16:00Z
balancing_energy_bids,74,2026-05-23T16:00:00,PT15M,2026-05-23T16:15Z,2026-05-23T16:00Z,190.07,1,22,10Y1001C--00090V,AUCTION-aFRR,B74,10YSK-SEPS-----K,EUR,A01,A01,20260523073-AFRR_P-UNIT_065-1,MWH,MAW,A01,A06,2026-05-23T16:15Z,2026-05-23T16:00Z
balancing_energy_bids,75,2026-05-23T16:00:00,PT15M,2026-05-23T16:15Z,2026-05-23T16:00Z,150,1,31,10Y1001C--00090V,AUCTION-aFRR,B74,10YSK-SEPS-----K,EUR,A01,A01,20260523073-AFRR_P-UNIT_052-1,MWH,MAW,A01,A06,2026-05-23T16:15Z,2026-05-23T16:00Z
balancing_energy_bids,76,2026-05-23T16:00:00,PT15M,2026-05-23T16:15Z,2026-05-23T16:00Z,500,1,10,10Y1001C--00090V,AUCTION-aFRR,B74,10YSK-SEPS-----K,EUR,A01,A01,20260523073-AFRR_P-UNIT_047-1,MWH,MAW,A01,A06,2026-05-23T16:15Z,2026-05-23T16:00Z
balancing_energy_bids,77,2026-05-23T16:00:00,PT15M,2026-05-23T16:15Z,2026-05-23T16:00Z,350,1,17,10Y1001C--00090V,AUCTION-aFRR,B74,10YSK-SEPS-----K,EUR,A01,A01,20260523073-AFRR_P-UNIT_051-1,MWH,MAW,A01,A06,2026-05-23T16:15Z,2026-05-23T16:00Z
balancing_energy_bids,78,2026-05-23T16:00:00,PT15M,2026-05-23T16:15Z,2026-05-23T16:00Z,135,1,15,10Y1001C--00090V,AUCTION-aFRR,B74,10YSK-SEPS-----K,EUR,A01,A01,20260523073-AFRR_P-UNIT_069-1,MWH,MAW,A01,A06,2026-05-23T16:15Z,2026-05-23T16:00Z
balancing_energy_bids,79,2026-05-23T16:00:00,PT15M,2026-05-23T16:15Z,2026-05-23T16:00Z,200,1,1,10Y1001C--00090V,AUCTION-aFRR,B74,10YSK-SEPS-----K,EUR,A01,A01,20260523073-AFRR_P-UNIT_058-1,MWH,MAW,A01,A11,2026-05-23T16:15Z,2026-05-23T16:00Z
balancing_energy_bids,80,2026-05-23T16:00:00,PT15M,2026-05-23T16:15Z,2026-05-23T16:00Z,105,1,9,10Y1001C--00090V,AUCTION-aFRR,B74,10YSK-SEPS-----K,EUR,A01,A01,20260523073-AFRR_P-UNIT_062-1,MWH,MAW,A01,A06,2026-05-23T16:15Z,2026-05-23T16:00Z
balancing_energy_bids,81,2026-05-23T16:00:00,PT15M,2026-05-23T16:15Z,2026-05-23T16:00Z,105,1,3,10Y1001C--00090V,AUCTION-aFRR,B74,10YSK-SEPS-----K,EUR,A01,A01,20260523073-AFRR_P-UNIT_043-1,MWH,MAW,A01,A06,2026-05-23T16:15Z,2026-05-23T16:00Z
balancing_energy_bids,82,2026-05-23T16:00:00,PT15M,2026-05-23T16:15Z,2026-05-23T16:00Z,110,1,10,10Y1001C--00090V,AUCTION-aFRR,B74,10YSK-SEPS-----K,EUR,A01,A01,20260523073-AFRR_P-UNIT_063-1,MWH,MAW,A01,A06,2026-05-23T16:15Z,2026-05-23T16:00Z
balancing_energy_bids,83,2026-05-23T16:00:00,PT15M,2026-05-23T16:15Z,2026-05-23T16:00Z,749,1,3,10Y1001C--00090V,AUCTION-aFRR,B74,10YSK-SEPS-----K,EUR,A01,A01,20260523073-AFRR_P-UNIT_078-1,MWH,MAW,A01,A06,2026-05-23T16:15Z,2026-05-23T16:00Z
balancing_energy_bids,84,2026-05-23T16:00:00,PT15M,2026-05-23T16:15Z,2026-05-23T16:00Z,750,1,11,10Y1001C--00090V,AUCTION-aFRR,B74,10YSK-SEPS-----K,EUR,A01,A01,20260523073-AFRR_P-UNIT_104-1,MWH,MAW,A01,A06,2026-05-23T16:15Z,2026-05-23T16:00Z
balancing_energy_bids,85,2026-05-23T16:00:00,PT15M,2026-05-23T16:15Z,2026-05-23T16:00Z,85,1,2,10Y1001C--00090V,AUCTION-aFRR,B74,10YSK-SEPS-----K,EUR,A01,A01,20260523073-AFRR_P-UNIT_097-1,MWH,MAW,A01,A06,2026-05-23T16:15Z,2026-05-23T16:00Z
balancing_energy_bids,86,2026-05-23T16:00:00,PT15M,2026-05-23T16:15Z,2026-05-23T16:00Z,190.07,1,3,10Y1001C--00090V,AUCTION-aFRR,B74,10YSK-SEPS-----K,EUR,A01,A01,20260523073-AFRR_P-UNIT_009-1,MWH,MAW,A01,A06,2026-05-23T16:15Z,2026-05-23T16:00Z
balancing_energy_bids,87,2026-05-23T16:00:00,PT15M,2026-05-23T16:15Z,2026-05-23T16:00Z,207,1,1,10Y1001C--00090V,AUCTION-aFRR,B74,10YSK-SEPS-----K,EUR,A01,A01,20260523073-AFRR_P-UNIT_019-1,MWH,MAW,A01,A06,2026-05-23T16:15Z,2026-05-23T16:00Z
balancing_energy_bids,88,2026-05-23T16:00:00,PT15M,2026-05-23T16:15Z,2026-05-23T16:00Z,300,1,1,10Y1001C--00090V,AUCTION-aFRR,B74,10YSK-SEPS-----K,EUR,A01,A01,20260523073-AFRR_P-UNIT_106-1,MWH,MAW,A01,A11,2026-05-23T16:15Z,2026-05-23T16:00Z
balancing_energy_bids,89,2026-05-23T16:00:00,PT15M,2026-05-23T16:15Z,2026-05-23T16:00Z,189,1,8,10Y1001C--00090V,AUCTION-aFRR,B74,10YSK-SEPS-----K,EUR,A01,A01,20260523073-AFRR_P-UNIT_123-1,MWH,MAW,A01,A06,2026-05-23T16:15Z,2026-05-23T16:00Z
balancing_energy_bids,90,2026-05-23T16:00:00,PT15M,2026-05-23T16:15Z,2026-05-23T16:00Z,-5,1,5,10Y1001C--00090V,AUCTION-aFRR,B74,10YSK-SEPS-----K,EUR,A01,A02,20260523073-AFRR_N-UNIT_068-1,MWH,MAW,A01,A06,2026-05-23T16:15Z,2026-05-23T16:00Z
balancing_energy_bids,91,2026-05-23T16:00:00,PT15M,2026-05-23T16:15Z,2026-05-23T16:00Z,-10,1,10,10Y1001C--00090V,AUCTION-aFRR,B74,10YSK-SEPS-----K,EUR,A01,A02,20260523073-AFRR_N-UNIT_065-1,MWH,MAW,A01,A06,2026-05-23T16:15Z,2026-05-23T16:00Z
balancing_energy_bids,92,2026-05-23T16:00:00,PT15M,2026-05-23T16:15Z,2026-05-23T16:00Z,-30,1,7,10Y1001C--00090V,AUCTION-aFRR,B74,10YSK-SEPS-----K,EUR,A01,A02,20260523073-AFRR_N-UNIT_052-1,MWH,MAW,A01,A06,2026-05-23T16:15Z,2026-05-23T16:00Z
balancing_energy_bids,93,2026-05-23T16:00:00,PT15M,2026-05-23T16:15Z,2026-05-23T16:00Z,-144,1,5,10Y1001C--00090V,AUCTION-aFRR,B74,10YSK-SEPS-----K,EUR,A01,A02,20260523073-AFRR_N-UNIT_051-1,MWH,MAW,A01,A06,2026-05-23T16:15Z,2026-05-23T16:00Z
balancing_energy_bids,94,2026-05-23T16:00:00,PT15M,2026-05-23T16:15Z,2026-05-23T16:00Z,-150,1,12,10Y1001C--00090V,AUCTION-aFRR,B74,10YSK-SEPS-----K,EUR,A01,A02,20260523073-AFRR_N-UNIT_069-1,MWH,MAW,A01,A06,2026-05-23T16:15Z,2026-05-23T16:00Z
balancing_energy_bids,95,2026-05-23T16:00:00,PT15M,2026-05-23T16:15Z,2026-05-23T16:00Z,-50,1,1,10Y1001C--00090V,AUCTION-aFRR,B74,10YSK-SEPS-----K,EUR,A01,A02,20260523073-AFRR_N-UNIT_058-1,MWH,MAW,A01,A11,2026-05-23T16:15Z,2026-05-23T16:00Z
balancing_energy_bids,96,2026-05-23T16:00:00,PT15M,2026-05-23T16:15Z,2026-05-23T16:00Z,-10,1,21,10Y1001C--00090V,AUCTION-aFRR,B74,10YSK-SEPS-----K,EUR,A01,A02,20260523073-AFRR_N-UNIT_013-1,MWH,MAW,A01,A06,2026-05-23T16:15Z,2026-05-23T16:00Z
balancing_energy_bids,97,2026-05-23T16:00:00,PT15M,2026-05-23T16:15Z,2026-05-23T16:00Z,-10,1,30,10Y1001C--00090V,AUCTION-aFRR,B74,10YSK-SEPS-----K,EUR,A01,A02,20260523073-AFRR_N-UNIT_010-1,MWH,MAW,A01,A06,2026-05-23T16:15Z,2026-05-23T16:00Z
balancing_energy_bids,98,2026-05-23T16:00:00,PT15M,2026-05-23T16:15Z,2026-05-23T16:00Z,-29,1,11,10Y1001C--00090V,AUCTION-aFRR,B74,10YSK-SEPS-----K,EUR,A01,A02,20260523073-AFRR_N-UNIT_062-1,MWH,MAW,A01,A06,2026-05-23T16:15Z,2026-05-23T16:00Z
balancing_energy_bids,99,2026-05-23T16:00:00,PT15M,2026-05-23T16:15Z,2026-05-23T16:00Z,10,1,4,10Y1001C--00090V,AUCTION-aFRR,B74,10YSK-SEPS-----K,EUR,A01,A02,20260523073-AFRR_N-UNIT_043-1,MWH,MAW,A01,A06,2026-05-23T16:15Z,2026-05-23T16:00Z
balancing_energy_bids,100,2026-05-23T16:00:00,PT15M,2026-05-23T16:15Z,2026-05-23T16:00Z,-5,1,4,10Y1001C--00090V,AUCTION-aFRR,B74,10YSK-SEPS-----K,EUR,A01,A02,20260523073-AFRR_N-UNIT_104-1,MWH,MAW,A01,A06,2026-05-23T16:15Z,2026-05-23T16:00Z
balancing_energy_bids,1,2026-05-23T16:00:00,PT15M,2026-05-23T16:15Z,2026-05-23T16:00Z,-170.25,1,3,10Y1001C--00090V,AUCTION-aFRR,B74,10YSK-SEPS-----K,EUR,A01,A02,20260523073-AFRR_N-UNIT_089-1,MWH,MAW,A01,A06,2026-05-23T16:15Z,2026-05-23T16:00Z
balancing_energy_bids,2,2026-05-23T16:00:00,PT15M,2026-05-23T16:15Z,2026-05-23T16:00Z,0,1,5,10Y1001C--00090V,AUCTION-aFRR,B74,10YSK-SEPS-----K,EUR,A01,A02,20260523073-AFRR_N-UNIT_097-1,MWH,MAW,A01,A06,2026-05-23T16:15Z,2026-05-23T16:00Z
balancing_energy_bids,3,2026-05-23T16:00:00,PT15M,2026-05-23T16:15Z,2026-05-23T16:00Z,-199,1,1,10Y1001C--00090V,AUCTION-aFRR,B74,10YSK-SEPS-----K,EUR,A01,A02,20260523073-AFRR_N-UNIT_019-1,MWH,MAW,A01,A11,2026-05-23T16:15Z,2026-05-23T16:00Z
balancing_energy_bids,4,2026-05-23T16:00:00,PT15M,2026-05-23T16:15Z,2026-05-23T16:00Z,-19,1,1,10Y1001C--00090V,AUCTION-aFRR,B74,10YSK-SEPS-----K,EUR,A01,A02,20260523073-AFRR_N-UNIT_106-1,MWH,MAW,A01,A06,2026-05-23T16:15Z,2026-05-23T16:00Z
balancing_energy_bids,5,2026-05-23T16:00:00,PT15M,2026-05-23T16:15Z,2026-05-23T16:00Z,-5,1,7,10Y1001C--00090V,AUCTION-aFRR,B74,10YSK-SEPS-----K,EUR,A01,A02,20260523073-AFRR_N-UNIT_123-1,MWH,MAW,A01,A06,2026-05-23T16:15Z,2026-05-23T16:00Z
balancing_energy_bids,6,2026-05-23T16:00:00,PT15M,2026-05-23T16:15Z,2026-05-23T16:00Z,5,1,5,10Y1001C--00090V,AUCTION-aFRR,B74,10YSK-SEPS-----K,EUR,A01,A01,20260523073-AFRR_P-UNIT_028-1,MWH,MAW,A01,A06,2026-05-23T16:15Z,2026-05-23T16:00Z
balancing_energy_bids,7,2026-05-23T16:00:00,PT15M,2026-05-23T16:15Z,2026-05-23T16:00Z,-55,1,1,10Y1001C--00090V,AUCTION-aFRR,B74,10YSK-SEPS-----K,EUR,A01,A02,20260523073-AFRR_N-UNIT_028-1,MWH,MAW,A01,A11,2026-05-23T16:15Z,2026-05-23T16:00Z
balancing_energy_bids,8,2026-05-23T16:00:00,PT15M,2026-05-23T16:15Z,2026-05-23T16:00Z,70,1,35,10Y1001C--00090V,AUCTION-aFRR,B74,10YSK-SEPS-----K,EUR,A01,A02,20260523073-AFRR_N-UNIT_005-1,MWH,MAW,A01,A06,2026-05-23T16:15Z,2026-05-23T16:00Z
balancing_energy_bids,9,2026-05-23T16:15:00,PT15M,2026-05-23T16:30Z,2026-05-23T16:15Z,168.65,1,5,10Y1001C--00090V,AUCTION-aFRR,B74,10YSK-SEPS-----K,EUR,A01,A01,20260523074-AFRR_P-UNIT_068-1,MWH,MAW,A01,A06,2026-05-23T16:30Z,2026-05-23T16:15Z
balancing_energy_bids,10,2026-05-23T16:15:00,PT15M,2026-05-23T16:30Z,2026-05-23T16:15Z,190.07,1,22,10Y1001C--00090V,AUCTION-aFRR,B74,10YSK-SEPS-----K,EUR,A01,A01,20260523074-AFRR_P-UNIT_065-1,MWH,MAW,A01,A06,2026-05-23T16:30Z,2026-05-23T16:15Z
balancing_energy_bids,11,2026-05-23T16:15:00,PT15M,2026-05-23T16:30Z,2026-05-23T16:15Z,150,1,31,10Y1001C--00090V,AUCTION-aFRR,B74,10YSK-SEPS-----K,EUR,A01,A01,20260523074-AFRR_P-UNIT_052-1,MWH,MAW,A01,A06,2026-05-23T16:30Z,2026-05-23T16:15Z
balancing_energy_bids,12,2026-05-23T16:15:00,PT15M,2026-05-23T16:30Z,2026-05-23T16:15Z,500,1,10,10Y1001C--00090V,AUCTION-aFRR,B74,10YSK-SEPS-----K,EUR,A01,A01,20260523074-AFRR_P-UNIT_047-1,MWH,MAW,A01,A06,2026-05-23T16:30Z,2026-05-23T16:15Z
balancing_energy_bids,13,2026-05-23T16:15:00,PT15M,2026-05-23T16:30Z,2026-05-23T16:15Z,350,1,17,10Y1001C--00090V,AUCTION-aFRR,B74,10YSK-SEPS-----K,EUR,A01,A01,20260523074-AFRR_P-UNIT_051-1,MWH,MAW,A01,A06,2026-05-23T16:30Z,2026-05-23T16:15Z
balancing_energy_bids,14,2026-05-23T16:15:00,PT15M,2026-05-23T16:30Z,2026-05-23T16:15Z,135,1,15,10Y1001C--00090V,AUCTION-aFRR,B74,10YSK-SEPS-----K,EUR,A01,A01,20260523074-AFRR_P-UNIT_069-1,MWH,MAW,A01,A06,2026-05-23T16:30Z,2026-05-23T16:15Z
balancing_energy_bids,15,2026-05-23T16:15:00,PT15M,2026-05-23T16:30Z,2026-05-23T16:15Z,200,1,1,10Y1001C--00090V,AUCTION-aFRR,B74,10YSK-SEPS-----K,EUR,A01,A01,20260523074-AFRR_P-UNIT_058-1,MWH,MAW,A01,A11,2026-05-23T16:30Z,2026-05-23T16:15Z
balancing_energy_bids,16,2026-05-23T16:15:00,PT15M,2026-05-23T16:30Z,2026-05-23T16:15Z,126,1,9,10Y1001C--00090V,AUCTION-aFRR,B74,10YSK-SEPS-----K,EUR,A01,A01,20260523074-AFRR_P-UNIT_062-1,MWH,MAW,A01,A06,2026-05-23T16:30Z,2026-05-23T16:15Z
balancing_energy_bids,17,2026-05-23T16:15:00,PT15M,2026-05-23T16:30Z,2026-05-23T16:15Z,126,1,3,10Y1001C--00090V,AUCTION-aFRR,B74,10YSK-SEPS-----K,EUR,A01,A01,20260523074-AFRR_P-UNIT_043-1,MWH,MAW,A01,A06,2026-05-23T16:30Z,2026-05-23T16:15Z
balancing_energy_bids,18,2026-05-23T16:15:00,PT15M,2026-05-23T16:30Z,2026-05-23T16:15Z,110,1,10,10Y1001C--00090V,AUCTION-aFRR,B74,10YSK-SEPS-----K,EUR,A01,A01,20260523074-AFRR_P-UNIT_063-1,MWH,MAW,A01,A06,2026-05-23T16:30Z,2026-05-23T16:15Z
balancing_energy_bids,19,2026-05-23T16:15:00,PT15M,2026-05-23T16:30Z,2026-05-23T16:15Z,749,1,3,10Y1001C--00090V,AUCTION-aFRR,B74,10YSK-SEPS-----K,EUR,A01,A01,20260523074-AFRR_P-UNIT_078-1,MWH,MAW,A01,A06,2026-05-23T16:30Z,2026-05-23T16:15Z
balancing_energy_bids,20,2026-05-23T16:15:00,PT15M,2026-05-23T16:30Z,2026-05-23T16:15Z,750,1,11,10Y1001C--00090V,AUCTION-aFRR,B74,10YSK-SEPS-----K,EUR,A01,A01,20260523074-AFRR_P-UNIT_104-1,MWH,MAW,A01,A06,2026-05-23T16:30Z,2026-05-23T16:15Z
balancing_energy_bids,21,2026-05-23T16:15:00,PT15M,2026-05-23T16:30Z,2026-05-23T16:15Z,85,1,2,10Y1001C--00090V,AUCTION-aFRR,B74,10YSK-SEPS-----K,EUR,A01,A01,20260523074-AFRR_P-UNIT_097-1,MWH,MAW,A01,A06,2026-05-23T16:30Z,2026-05-23T16:15Z
balancing_energy_bids,22,2026-05-23T16:15:00,PT15M,2026-05-23T16:30Z,2026-05-23T16:15Z,190.07,1,3,10Y1001C--00090V,AUCTION-aFRR,B74,10YSK-SEPS-----K,EUR,A01,A01,20260523074-AFRR_P-UNIT_009-1,MWH,MAW,A01,A06,2026-05-23T16:30Z,2026-05-23T16:15Z
balancing_energy_bids,23,2026-05-23T16:15:00,PT15M,2026-05-23T16:30Z,2026-05-23T16:15Z,242,1,1,10Y1001C--00090V,AUCTION-aFRR,B74,10YSK-SEPS-----K,EUR,A01,A01,20260523074-AFRR_P-UNIT_019-1,MWH,MAW,A01,A06,2026-05-23T16:30Z,2026-05-23T16:15Z
balancing_energy_bids,24,2026-05-23T16:15:00,PT15M,2026-05-23T16:30Z,2026-05-23T16:15Z,300,1,1,10Y1001C--00090V,AUCTION-aFRR,B74,10YSK-SEPS-----K,EUR,A01,A01,20260523074-AFRR_P-UNIT_106-1,MWH,MAW,A01,A11,2026-05-23T16:30Z,2026-05-23T16:15Z
balancing_energy_bids,25,2026-05-23T16:15:00,PT15M,2026-05-23T16:30Z,2026-05-23T16:15Z,189,1,8,10Y1001C--00090V,AUCTION-aFRR,B74,10YSK-SEPS-----K,EUR,A01,A01,20260523074-AFRR_P-UNIT_123-1,MWH,MAW,A01,A06,2026-05-23T16:30Z,2026-05-23T16:15Z
balancing_energy_bids,26,2026-05-23T16:15:00,PT15M,2026-05-23T16:30Z,2026-05-23T16:15Z,-5,1,5,10Y1001C--00090V,AUCTION-aFRR,B74,10YSK-SEPS-----K,EUR,A01,A02,20260523074-AFRR_N-UNIT_068-1,MWH,MAW,A01,A06,2026-05-23T16:30Z,2026-05-23T16:15Z
balancing_energy_bids,27,2026-05-23T16:15:00,PT15M,2026-05-23T16:30Z,2026-05-23T16:15Z,-10,1,10,10Y1001C--00090V,AUCTION-aFRR,B74,10YSK-SEPS-----K,EUR,A01,A02,20260523074-AFRR_N-UNIT_065-1,MWH,MAW,A01,A06,2026-05-23T16:30Z,2026-05-23T16:15Z
balancing_energy_bids,28,2026-05-23T16:15:00,PT15M,2026-05-23T16:30Z,2026-05-23T16:15Z,-30,1,7,10Y1001C--00090V,AUCTION-aFRR,B74,10YSK-SEPS-----K,EUR,A01,A02,20260523074-AFRR_N-UNIT_052-1,MWH,MAW,A01,A06,2026-05-23T16:30Z,2026-05-23T16:15Z
balancing_energy_bids,29,2026-05-23T16:15:00,PT15M,2026-05-23T16:30Z,2026-05-23T16:15Z,-144,1,5,10Y1001C--00090V,AUCTION-aFRR,B74,10YSK-SEPS-----K,EUR,A01,A02,20260523074-AFRR_N-UNIT_051-1,MWH,MAW,A01,A06,2026-05-23T16:30Z,2026-05-23T16:15Z
balancing_energy_bids,30,2026-05-23T16:15:00,PT15M,2026-05-23T16:30Z,2026-05-23T16:15Z,-150,1,12,10Y1001C--00090V,AUCTION-aFRR,B74,10YSK-SEPS-----K,EUR,A01,A02,20260523074-AFRR_N-UNIT_069-1,MWH,MAW,A01,A06,2026-05-23T16:30Z,2026-05-23T16:15Z
balancing_energy_bids,31,2026-05-23T16:15:00,PT15M,2026-05-23T16:30Z,2026-05-23T16:15Z,-50,1,1,10Y1001C--00090V,AUCTION-aFRR,B74,10YSK-SEPS-----K,EUR,A01,A02,20260523074-AFRR_N-UNIT_058-1,MWH,MAW,A01,A11,2026-05-23T16:30Z,2026-05-23T16:15Z
balancing_energy_bids,32,2026-05-23T16:15:00,PT15M,2026-05-23T16:30Z,2026-05-23T16:15Z,-10,1,21,10Y1001C--00090V,AUCTION-aFRR,B74,10YSK-SEPS-----K,EUR,A01,A02,20260523074-AFRR_N-UNIT_013-1,MWH,MAW,A01,A06,2026-05-23T16:30Z,2026-05-23T16:15Z
balancing_energy_bids,33,2026-05-23T16:15:00,PT15M,2026-05-23T16:30Z,2026-05-23T16:15Z,-10,1,30,10Y1001C--00090V,AUCTION-aFRR,B74,10YSK-SEPS-----K,EUR,A01,A02,20260523074-AFRR_N-UNIT_010-1,MWH,MAW,A01,A06,2026-05-23T16:30Z,2026-05-23T16:15Z
balancing_energy_bids,34,2026-05-23T16:15:00,PT15M,2026-05-23T16:30Z,2026-05-23T16:15Z,-29,1,11,10Y1001C--00090V,AUCTION-aFRR,B74,10YSK-SEPS-----K,EUR,A01,A02,20260523074-AFRR_N-UNIT_062-1,MWH,MAW,A01,A06,2026-05-23T16:30Z,2026-05-23T16:15Z
balancing_energy_bids,35,2026-05-23T16:15:00,PT15M,2026-05-23T16:30Z,2026-05-23T16:15Z,10,1,4,10Y1001C--00090V,AUCTION-aFRR,B74,10YSK-SEPS-----K,EUR,A01,A02,20260523074-AFRR_N-UNIT_043-1,MWH,MAW,A01,A06,2026-05-23T16:30Z,2026-05-23T16:15Z
balancing_energy_bids,36,2026-05-23T16:15:00,PT15M,2026-05-23T16:30Z,2026-05-23T16:15Z,-5,1,4,10Y1001C--00090V,AUCTION-aFRR,B74,10YSK-SEPS-----K,EUR,A01,A02,20260523074-AFRR_N-UNIT_104-1,MWH,MAW,A01,A06,2026-05-23T16:30Z,2026-05-23T16:15Z
balancing_energy_bids,37,2026-05-23T16:15:00,PT15M,2026-05-23T16:30Z,2026-05-23T16:15Z,-139.53,1,3,10Y1001C--00090V,AUCTION-aFRR,B74,10YSK-SEPS-----K,EUR,A01,A02,20260523074-AFRR_N-UNIT_089-1,MWH,MAW,A01,A06,2026-05-23T16:30Z,2026-05-23T16:15Z
balancing_energy_bids,38,2026-05-23T16:15:00,PT15M,2026-05-23T16:30Z,2026-05-23T16:15Z,0,1,5,10Y1001C--00090V,AUCTION-aFRR,B74,10YSK-SEPS-----K,EUR,A01,A02,20260523074-AFRR_N-UNIT_097-1,MWH,MAW,A01,A06,2026-05-23T16:30Z,2026-05-23T16:15Z
balancing_energy_bids,39,2026-05-23T16:15:00,PT15M,2026-05-23T16:30Z,2026-05-23T16:15Z,-199,1,1,10Y1001C--00090V,AUCTION-aFRR,B74,10YSK-SEPS-----K,EUR,A01,A02,20260523074-AFRR_N-UNIT_019-1,MWH,MAW,A01,A11,2026-05-23T16:30Z,2026-05-23T16:15Z
balancing_energy_bids,40,2026-05-23T16:15:00,PT15M,2026-05-23T16:30Z,2026-05-23T16:15Z,-19,1,1,10Y1001C--00090V,AUCTION-aFRR,B74,10YSK-SEPS-----K,EUR,A01,A02,20260523074-AFRR_N-UNIT_106-1,MWH,MAW,A01,A06,2026-05-23T16:30Z,2026-05-23T16:15Z
balancing_energy_bids,41,2026-05-23T16:15:00,PT15M,2026-05-23T16:30Z,2026-05-23T16:15Z,-5,1,7,10Y1001C--00090V,AUCTION-aFRR,B74,10YSK-SEPS-----K,EUR,A01,A02,20260523074-AFRR_N-UNIT_123-1,MWH,MAW,A01,A06,2026-05-23T16:30Z,2026-05-23T16:15Z
balancing_energy_bids,42,2026-05-23T16:15:00,PT15M,2026-05-23T16:30Z,2026-05-23T16:15Z,70,1,35,10Y1001C--00090V,AUCTION-aFRR,B74,10YSK-SEPS-----K,EUR,A01,A02,20260523074-AFRR_N-UNIT_005-1,MWH,MAW,A01,A06,2026-05-23T16:30Z,2026-05-23T16:15Z
balancing_energy_bids,43,2026-05-23T16:15:00,PT15M,2026-05-23T16:30Z,2026-05-23T16:15Z,5,1,5,10Y1001C--00090V,AUCTION-aFRR,B74,10YSK-SEPS-----K,EUR,A01,A01,20260523074-AFRR_P-UNIT_028-1,MWH,MAW,A01,A06,2026-05-23T16:30Z,2026-05-23T16:15Z
balancing_energy_bids,44,2026-05-23T16:15:00,PT15M,2026-05-23T16:30Z,2026-05-23T16:15Z,-55,1,1,10Y1001C--00090V,AUCTION-aFRR,B74,10YSK-SEPS-----K,EUR,A01,A02,20260523074-AFRR_N-UNIT_028-1,MWH,MAW,A01,A11,2026-05-23T16:30Z,2026-05-23T16:15Z
balancing_energy_bids,45,2026-05-23T16:30:00,PT15M,2026-05-23T16:45Z,2026-05-23T16:30Z,197.56,1,5,10Y1001C--00090V,AUCTION-aFRR,B74,10YSK-SEPS-----K,EUR,A01,A01,20260523075-AFRR_P-UNIT_068-1,MWH,MAW,A01,A06,2026-05-23T16:45Z,2026-05-23T16:30Z
balancing_energy_bids,46,2026-05-23T16:30:00,PT15M,2026-05-23T16:45Z,2026-05-23T16:30Z,194.34,1,22,10Y1001C--00090V,AUCTION-aFRR,B74,10YSK-SEPS-----K,EUR,A01,A01,20260523075-AFRR_P-UNIT_065-1,MWH,MAW,A01,A06,2026-05-23T16:45Z,2026-05-23T16:30Z
balancing_energy_bids,47,2026-05-23T16:30:00,PT15M,2026-05-23T16:45Z,2026-05-23T16:30Z,150,1,31,10Y1001C--00090V,AUCTION-aFRR,B74,10YSK-SEPS-----K,EUR,A01,A01,20260523075-AFRR_P-UNIT_052-1,MWH,MAW,A01,A06,2026-05-23T16:45Z,2026-05-23T16:30Z
balancing_energy_bids,48,2026-05-23T16:30:00,PT15M,2026-05-23T16:45Z,2026-05-23T16:30Z,500,1,10,10Y1001C--00090V,AUCTION-aFRR,B74,10YSK-SEPS-----K,EUR,A01,A01,20260523075-AFRR_P-UNIT_047-1,MWH,MAW,A01,A06,2026-05-23T16:45Z,2026-05-23T16:30Z
balancing_energy_bids,49,2026-05-23T16:30:00,PT15M,2026-05-23T16:45Z,2026-05-23T16:30Z,350,1,17,10Y1001C--00090V,AUCTION-aFRR,B74,10YSK-SEPS-----K,EUR,A01,A01,20260523075-AFRR_P-UNIT_051-1,MWH,MAW,A01,A06,2026-05-23T16:45Z,2026-05-23T16:30Z
balancing_energy_bids,50,2026-05-23T16:30:00,PT15M,2026-05-23T16:45Z,2026-05-23T16:30Z,135,1,15,10Y1001C--00090V,AUCTION-aFRR,B74,10YSK-SEPS-----K,EUR,A01,A01,20260523075-AFRR_P-UNIT_069-1,MWH,MAW,A01,A06,2026-05-23T16:45Z,2026-05-23T16:30Z
balancing_energy_bids,51,2026-05-23T16:30:00,PT15M,2026-05-23T16:45Z,2026-05-23T16:30Z,200,1,1,10Y1001C--00090V,AUCTION-aFRR,B74,10YSK-SEPS-----K,EUR,A01,A01,20260523075-AFRR_P-UNIT_058-1,MWH,MAW,A01,A11,2026-05-23T16:45Z,2026-05-23T16:30Z
balancing_energy_bids,52,2026-05-23T16:30:00,PT15M,2026-05-23T16:45Z,2026-05-23T16:30Z,148,1,9,10Y1001C--00090V,AUCTION-aFRR,B74,10YSK-SEPS-----K,EUR,A01,A01,20260523075-AFRR_P-UNIT_062-1,MWH,MAW,A01,A06,2026-05-23T16:45Z,2026-05-23T16:30Z
balancing_energy_bids,53,2026-05-23T16:30:00,PT15M,2026-05-23T16:45Z,2026-05-23T16:30Z,148,1,3,10Y1001C--00090V,AUCTION-aFRR,B74,10YSK-SEPS-----K,EUR,A01,A01,20260523075-AFRR_P-UNIT_043-1,MWH,MAW,A01,A06,2026-05-23T16:45Z,2026-05-23T16:30Z
balancing_energy_bids,54,2026-05-23T16:30:00,PT15M,2026-05-23T16:45Z,2026-05-23T16:30Z,110,1,10,10Y1001C--00090V,AUCTION-aFRR,B74,10YSK-SEPS-----K,EUR,A01,A01,20260523075-AFRR_P-UNIT_063-1,MWH,MAW,A01,A06,2026-05-23T16:45Z,2026-05-23T16:30Z
balancing_energy_bids,55,2026-05-23T16:30:00,PT15M,2026-05-23T16:45Z,2026-05-23T16:30Z,749,1,3,10Y1001C--00090V,AUCTION-aFRR,B74,10YSK-SEPS-----K,EUR,A01,A01,20260523075-AFRR_P-UNIT_078-1,MWH,MAW,A01,A06,2026-05-23T16:45Z,2026-05-23T16:30Z
balancing_energy_bids,56,2026-05-23T16:30:00,PT15M,2026-05-23T16:45Z,2026-05-23T16:30Z,750,1,11,10Y1001C--00090V,AUCTION-aFRR,B74,10YSK-SEPS-----K,EUR,A01,A01,20260523075-AFRR_P-UNIT_104-1,MWH,MAW,A01,A06,2026-05-23T16:45Z,2026-05-23T16:30Z
balancing_energy_bids,57,2026-05-23T16:30:00,PT15M,2026-05-23T16:45Z,2026-05-23T16:30Z,85,1,2,10Y1001C--00090V,AUCTION-aFRR,B74,10YSK-SEPS-----K,EUR,A01,A01,20260523075-AFRR_P-UNIT_097-1,MWH,MAW,A01,A06,2026-05-23T16:45Z,2026-05-23T16:30Z
balancing_energy_bids,58,2026-05-23T16:30:00,PT15M,2026-05-23T16:45Z,2026-05-23T16:30Z,194.34,1,3,10Y1001C--00090V,AUCTION-aFRR,B74,10YSK-SEPS-----K,EUR,A01,A01,20260523075-AFRR_P-UNIT_009-1,MWH,MAW,A01,A06,2026-05-23T16:45Z,2026-05-23T16:30Z
balancing_energy_bids,59,2026-05-23T16:30:00,PT15M,2026-05-23T16:45Z,2026-05-23T16:30Z,266,1,1,10Y1001C--00090V,AUCTION-aFRR,B74,10YSK-SEPS-----K,EUR,A01,A01,20260523075-AFRR_P-UNIT_019-1,MWH,MAW,A01,A06,2026-05-23T16:45Z,2026-05-23T16:30Z
balancing_energy_bids,60,2026-05-23T16:30:00,PT15M,2026-05-23T16:45Z,2026-05-23T16:30Z,300,1,1,10Y1001C--00090V,AUCTION-aFRR,B74,10YSK-SEPS-----K,EUR,A01,A01,20260523075-AFRR_P-UNIT_106-1,MWH,MAW,A01,A11,2026-05-23T16:45Z,2026-05-23T16:30Z
balancing_energy_bids,61,2026-05-23T16:30:00,PT15M,2026-05-23T16:45Z,2026-05-23T16:30Z,189,1,8,10Y1001C--00090V,AUCTION-aFRR,B74,10YSK-SEPS-----K,EUR,A01,A01,20260523075-AFRR_P-UNIT_123-1,MWH,MAW,A01,A06,2026-05-23T16:45Z,2026-05-23T16:30Z
balancing_energy_bids,62,2026-05-23T16:30:00,PT15M,2026-05-23T16:45Z,2026-05-23T16:30Z,-5,1,5,10Y1001C--00090V,AUCTION-aFRR,B74,10YSK-SEPS-----K,EUR,A01,A02,20260523075-AFRR_N-UNIT_068-1,MWH,MAW,A01,A06,2026-05-23T16:45Z,2026-05-23T16:30Z
balancing_energy_bids,63,2026-05-23T16:30:00,PT15M,2026-05-23T16:45Z,2026-05-23T16:30Z,-10,1,10,10Y1001C--00090V,AUCTION-aFRR,B74,10YSK-SEPS-----K,EUR,A01,A02,20260523075-AFRR_N-UNIT_065-1,MWH,MAW,A01,A06,2026-05-23T16:45Z,2026-05-23T16:30Z
balancing_energy_bids,64,2026-05-23T16:30:00,PT15M,2026-05-23T16:45Z,2026-05-23T16:30Z,-30,1,7,10Y1001C--00090V,AUCTION-aFRR,B74,10YSK-SEPS-----K,EUR,A01,A02,20260523075-AFRR_N-UNIT_052-1,MWH,MAW,A01,A06,2026-05-23T16:45Z,2026-05-23T16:30Z
balancing_energy_bids,65,2026-05-23T16:30:00,PT15M,2026-05-23T16:45Z,2026-05-23T16:30Z,-144,1,5,10Y1001C--00090V,AUCTION-aFRR,B74,10YSK-SEPS-----K,EUR,A01,A02,20260523075-AFRR_N-UNIT_051-1,MWH,MAW,A01,A06,2026-05-23T16:45Z,2026-05-23T16:30Z
balancing_energy_bids,66,2026-05-23T16:30:00,PT15M,2026-05-23T16:45Z,2026-05-23T16:30Z,-150,1,12,10Y1001C--00090V,AUCTION-aFRR,B74,10YSK-SEPS-----K,EUR,A01,A02,20260523075-AFRR_N-UNIT_069-1,MWH,MAW,A01,A06,2026-05-23T16:45Z,2026-05-23T16:30Z
balancing_energy_bids,67,2026-05-23T16:30:00,PT15M,2026-05-23T16:45Z,2026-05-23T16:30Z,-50,1,1,10Y1001C--00090V,AUCTION-aFRR,B74,10YSK-SEPS-----K,EUR,A01,A02,20260523075-AFRR_N-UNIT_058-1,MWH,MAW,A01,A11,2026-05-23T16:45Z,2026-05-23T16:30Z
balancing_energy_bids,68,2026-05-23T16:30:00,PT15M,2026-05-23T16:45Z,2026-05-23T16:30Z,-10,1,21,10Y1001C--00090V,AUCTION-aFRR,B74,10YSK-SEPS-----K,EUR,A01,A02,20260523075-AFRR_N-UNIT_013-1,MWH,MAW,A01,A06,2026-05-23T16:45Z,2026-05-23T16:30Z
balancing_energy_bids,69,2026-05-23T16:30:00,PT15M,2026-05-23T16:45Z,2026-05-23T16:30Z,-10,1,30,10Y1001C--00090V,AUCTION-aFRR,B74,10YSK-SEPS-----K,EUR,A01,A02,20260523075-AFRR_N-UNIT_010-1,MWH,MAW,A01,A06,2026-05-23T16:45Z,2026-05-23T16:30Z
balancing_energy_bids,70,2026-05-23T16:30:00,PT15M,2026-05-23T16:45Z,2026-05-23T16:30Z,-29,1,11,10Y1001C--00090V,AUCTION-aFRR,B74,10YSK-SEPS-----K,EUR,A01,A02,20260523075-AFRR_N-UNIT_062-1,MWH,MAW,A01,A06,2026-05-23T16:45Z,2026-05-23T16:30Z
balancing_energy_bids,71,2026-05-23T16:30:00,PT15M,2026-05-23T16:45Z,2026-05-23T16:30Z,10,1,4,10Y1001C--00090V,AUCTION-aFRR,B74,10YSK-SEPS-----K,EUR,A01,A02,20260523075-AFRR_N-UNIT_043-1,MWH,MAW,A01,A06,2026-05-23T16:45Z,2026-05-23T16:30Z
balancing_energy_bids,72,2026-05-23T16:30:00,PT15M,2026-05-23T16:45Z,2026-05-23T16:30Z,-5,1,4,10Y1001C--00090V,AUCTION-aFRR,B74,10YSK-SEPS-----K,EUR,A01,A02,20260523075-AFRR_N-UNIT_104-1,MWH,MAW,A01,A06,2026-05-23T16:45Z,2026-05-23T16:30Z
balancing_energy_bids,73,2026-05-23T16:30:00,PT15M,2026-05-23T16:45Z,2026-05-23T16:30Z,-118.88,1,3,10Y1001C--00090V,AUCTION-aFRR,B74,10YSK-SEPS-----K,EUR,A01,A02,20260523075-AFRR_N-UNIT_089-1,MWH,MAW,A01,A06,2026-05-23T16:45Z,2026-05-23T16:30Z
balancing_energy_bids,74,2026-05-23T16:30:00,PT15M,2026-05-23T16:45Z,2026-05-23T16:30Z,0,1,5,10Y1001C--00090V,AUCTION-aFRR,B74,10YSK-SEPS-----K,EUR,A01,A02,20260523075-AFRR_N-UNIT_097-1,MWH,MAW,A01,A06,2026-05-23T16:45Z,2026-05-23T16:30Z
balancing_energy_bids,75,2026-05-23T16:30:00,PT15M,2026-05-23T16:45Z,2026-05-23T16:30Z,-199,1,1,10Y1001C--00090V,AUCTION-aFRR,B74,10YSK-SEPS-----K,EUR,A01,A02,20260523075-AFRR_N-UNIT_019-1,MWH,MAW,A01,A11,2026-05-23T16:45Z,2026-05-23T16:30Z
balancing_energy_bids,76,2026-05-23T16:30:00,PT15M,2026-05-23T16:45Z,2026-05-23T16:30Z,-19,1,1,10Y1001C--00090V,AUCTION-aFRR,B74,10YSK-SEPS-----K,EUR,A01,A02,20260523075-AFRR_N-UNIT_106-1,MWH,MAW,A01,A06,2026-05-23T16:45Z,2026-05-23T16:30Z
balancing_energy_bids,77,2026-05-23T16:30:00,PT15M,2026-05-23T16:45Z,2026-05-23T16:30Z,-5,1,7,10Y1001C--00090V,AUCTION-aFRR,B74,10YSK-SEPS-----K,EUR,A01,A02,20260523075-AFRR_N-UNIT_123-1,MWH,MAW,A01,A06,2026-05-23T16:45Z,2026-05-23T16:30Z
balancing_energy_bids,78,2026-05-23T16:30:00,PT15M,2026-05-23T16:45Z,2026-05-23T16:30Z,70,1,35,10Y1001C--00090V,AUCTION-aFRR,B74,10YSK-SEPS-----K,EUR,A01,A02,20260523075-AFRR_N-UNIT_005-1,MWH,MAW,A01,A06,2026-05-23T16:45Z,2026-05-23T16:30Z
balancing_energy_bids,79,2026-05-23T16:30:00,PT15M,2026-05-23T16:45Z,2026-05-23T16:30Z,5,1,5,10Y1001C--00090V,AUCTION-aFRR,B74,10YSK-SEPS-----K,EUR,A01,A01,20260523075-AFRR_P-UNIT_028-1,MWH,MAW,A01,A06,2026-05-23T16:45Z,2026-05-23T16:30Z
balancing_energy_bids,80,2026-05-23T16:30:00,PT15M,2026-05-23T16:45Z,2026-05-23T16:30Z,-55,1,1,10Y1001C--00090V,AUCTION-aFRR,B74,10YSK-SEPS-----K,EUR,A01,A02,20260523075-AFRR_N-UNIT_028-1,MWH,MAW,A01,A11,2026-05-23T16:45Z,2026-05-23T16:30Z
balancing_energy_bids,81,2026-05-23T16:45:00,PT15M,2026-05-23T17:00Z,2026-05-23T16:45Z,5,1,5,10Y1001C--00090V,AUCTION-aFRR,B74,10YSK-SEPS-----K,EUR,A01,A01,20260523076-AFRR_P-UNIT_028-1,MWH,MAW,A01,A06,2026-05-23T17:00Z,2026-05-23T16:45Z
balancing_energy_bids,82,2026-05-23T16:45:00,PT15M,2026-05-23T17:00Z,2026-05-23T16:45Z,-55,1,1,10Y1001C--00090V,AUCTION-aFRR,B74,10YSK-SEPS-----K,EUR,A01,A02,20260523076-AFRR_N-UNIT_028-1,MWH,MAW,A01,A11,2026-05-23T17:00Z,2026-05-23T16:45Z
balancing_energy_bids,83,2026-05-23T16:45:00,PT15M,2026-05-23T17:00Z,2026-05-23T16:45Z,70,1,35,10Y1001C--00090V,AUCTION-aFRR,B74,10YSK-SEPS-----K,EUR,A01,A02,20260523076-AFRR_N-UNIT_005-1,MWH,MAW,A01,A06,2026-05-23T17:00Z,2026-05-23T16:45Z
balancing_energy_bids,84,2026-05-23T16:45:00,PT15M,2026-05-23T17:00Z,2026-05-23T16:45Z,226.15,1,5,10Y1001C--00090V,AUCTION-aFRR,B74,10YSK-SEPS-----K,EUR,A01,A01,20260523076-AFRR_P-UNIT_068-1,MWH,MAW,A01,A06,2026-05-23T17:00Z,2026-05-23T16:45Z
balancing_energy_bids,85,2026-05-23T16:45:00,PT15M,2026-05-23T17:00Z,2026-05-23T16:45Z,218.84,1,22,10Y1001C--00090V,AUCTION-aFRR,B74,10YSK-SEPS-----K,EUR,A01,A01,20260523076-AFRR_P-UNIT_065-1,MWH,MAW,A01,A06,2026-05-23T17:00Z,2026-05-23T16:45Z
balancing_energy_bids,86,2026-05-23T16:45:00,PT15M,2026-05-23T17:00Z,2026-05-23T16:45Z,150,1,31,10Y1001C--00090V,AUCTION-aFRR,B74,10YSK-SEPS-----K,EUR,A01,A01,20260523076-AFRR_P-UNIT_052-1,MWH,MAW,A01,A06,2026-05-23T17:00Z,2026-05-23T16:45Z
balancing_energy_bids,87,2026-05-23T16:45:00,PT15M,2026-05-23T17:00Z,2026-05-23T16:45Z,500,1,10,10Y1001C--00090V,AUCTION-aFRR,B74,10YSK-SEPS-----K,EUR,A01,A01,20260523076-AFRR_P-UNIT_047-1,MWH,MAW,A01,A06,2026-05-23T17:00Z,2026-05-23T16:45Z
balancing_energy_bids,88,2026-05-23T16:45:00,PT15M,2026-05-23T17:00Z,2026-05-23T16:45Z,350,1,17,10Y1001C--00090V,AUCTION-aFRR,B74,10YSK-SEPS-----K,EUR,A01,A01,20260523076-AFRR_P-UNIT_051-1,MWH,MAW,A01,A06,2026-05-23T17:00Z,2026-05-23T16:45Z
balancing_energy_bids,89,2026-05-23T16:45:00,PT15M,2026-05-23T17:00Z,2026-05-23T16:45Z,135,1,15,10Y1001C--00090V,AUCTION-aFRR,B74,10YSK-SEPS-----K,EUR,A01,A01,20260523076-AFRR_P-UNIT_069-1,MWH,MAW,A01,A06,2026-05-23T17:00Z,2026-05-23T16:45Z
balancing_energy_bids,90,2026-05-23T16:45:00,PT15M,2026-05-23T17:00Z,2026-05-23T16:45Z,200,1,1,10Y1001C--00090V,AUCTION-aFRR,B74,10YSK-SEPS-----K,EUR,A01,A01,20260523076-AFRR_P-UNIT_058-1,MWH,MAW,A01,A11,2026-05-23T17:00Z,2026-05-23T16:45Z
balancing_energy_bids,91,2026-05-23T16:45:00,PT15M,2026-05-23T17:00Z,2026-05-23T16:45Z,170,1,9,10Y1001C--00090V,AUCTION-aFRR,B74,10YSK-SEPS-----K,EUR,A01,A01,20260523076-AFRR_P-UNIT_062-1,MWH,MAW,A01,A06,2026-05-23T17:00Z,2026-05-23T16:45Z
balancing_energy_bids,92,2026-05-23T16:45:00,PT15M,2026-05-23T17:00Z,2026-05-23T16:45Z,170,1,3,10Y1001C--00090V,AUCTION-aFRR,B74,10YSK-SEPS-----K,EUR,A01,A01,20260523076-AFRR_P-UNIT_043-1,MWH,MAW,A01,A06,2026-05-23T17:00Z,2026-05-23T16:45Z
balancing_energy_bids,93,2026-05-23T16:45:00,PT15M,2026-05-23T17:00Z,2026-05-23T16:45Z,110,1,10,10Y1001C--00090V,AUCTION-aFRR,B74,10YSK-SEPS-----K,EUR,A01,A01,20260523076-AFRR_P-UNIT_063-1,MWH,MAW,A01,A06,2026-05-23T17:00Z,2026-05-23T16:45Z
balancing_energy_bids,94,2026-05-23T16:45:00,PT15M,2026-05-23T17:00Z,2026-05-23T16:45Z,749,1,3,10Y1001C--00090V,AUCTION-aFRR,B74,10YSK-SEPS-----K,EUR,A01,A01,20260523076-AFRR_P-UNIT_078-1,MWH,MAW,A01,A06,2026-05-23T17:00Z,2026-05-23T16:45Z
balancing_energy_bids,95,2026-05-23T16:45:00,PT15M,2026-05-23T17:00Z,2026-05-23T16:45Z,750,1,11,10Y1001C--00090V,AUCTION-aFRR,B74,10YSK-SEPS-----K,EUR,A01,A01,20260523076-AFRR_P-UNIT_104-1,MWH,MAW,A01,A06,2026-05-23T17:00Z,2026-05-23T16:45Z
balancing_energy_bids,96,2026-05-23T16:45:00,PT15M,2026-05-23T17:00Z,2026-05-23T16:45Z,85,1,2,10Y1001C--00090V,AUCTION-aFRR,B74,10YSK-SEPS-----K,EUR,A01,A01,20260523076-AFRR_P-UNIT_097-1,MWH,MAW,A01,A06,2026-05-23T17:00Z,2026-05-23T16:45Z
balancing_energy_bids,97,2026-05-23T16:45:00,PT15M,2026-05-23T17:00Z,2026-05-23T16:45Z,218.84,1,3,10Y1001C--00090V,AUCTION-aFRR,B74,10YSK-SEPS-----K,EUR,A01,A01,20260523076-AFRR_P-UNIT_009-1,MWH,MAW,A01,A06,2026-05-23T17:00Z,2026-05-23T16:45Z
balancing_energy_bids,98,2026-05-23T16:45:00,PT15M,2026-05-23T17:00Z,2026-05-23T16:45Z,277,1,1,10Y1001C--00090V,AUCTION-aFRR,B74,10YSK-SEPS-----K,EUR,A01,A01,20260523076-AFRR_P-UNIT_019-1,MWH,MAW,A01,A06,2026-05-23T17:00Z,2026-05-23T16:45Z
balancing_energy_bids,99,2026-05-23T16:45:00,PT15M,2026-05-23T17:00Z,2026-05-23T16:45Z,300,1,1,10Y1001C--00090V,AUCTION-aFRR,B74,10YSK-SEPS-----K,EUR,A01,A01,20260523076-AFRR_P-UNIT_106-1,MWH,MAW,A01,A11,2026-05-23T17:00Z,2026-05-23T16:45Z
balancing_energy_bids,100,2026-05-23T16:45:00,PT15M,2026-05-23T17:00Z,2026-05-23T16:45Z,189,1,8,10Y1001C--00090V,AUCTION-aFRR,B74,10YSK-SEPS-----K,EUR,A01,A01,20260523076-AFRR_P-UNIT_123-1,MWH,MAW,A01,A06,2026-05-23T17:00Z,2026-05-23T16:45Z
balancing_energy_bids,1,2026-05-23T16:45:00,PT15M,2026-05-23T17:00Z,2026-05-23T16:45Z,-5,1,5,10Y1001C--00090V,AUCTION-aFRR,B74,10YSK-SEPS-----K,EUR,A01,A02,20260523076-AFRR_N-UNIT_068-1,MWH,MAW,A01,A06,2026-05-23T17:00Z,2026-05-23T16:45Z
balancing_energy_bids,2,2026-05-23T16:45:00,PT15M,2026-05-23T17:00Z,2026-05-23T16:45Z,-10,1,10,10Y1001C--00090V,AUCTION-aFRR,B74,10YSK-SEPS-----K,EUR,A01,A02,20260523076-AFRR_N-UNIT_065-1,MWH,MAW,A01,A06,2026-05-23T17:00Z,2026-05-23T16:45Z
balancing_energy_bids,3,2026-05-23T16:45:00,PT15M,2026-05-23T17:00Z,2026-05-23T16:45Z,-30,1,7,10Y1001C--00090V,AUCTION-aFRR,B74,10YSK-SEPS-----K,EUR,A01,A02,20260523076-AFRR_N-UNIT_052-1,MWH,MAW,A01,A06,2026-05-23T17:00Z,2026-05-23T16:45Z
balancing_energy_bids,4,2026-05-23T16:45:00,PT15M,2026-05-23T17:00Z,2026-05-23T16:45Z,-144,1,5,10Y1001C--00090V,AUCTION-aFRR,B74,10YSK-SEPS-----K,EUR,A01,A02,20260523076-AFRR_N-UNIT_051-1,MWH,MAW,A01,A06,2026-05-23T17:00Z,2026-05-23T16:45Z
balancing_energy_bids,5,2026-05-23T16:45:00,PT15M,2026-05-23T17:00Z,2026-05-23T16:45Z,-150,1,12,10Y1001C--00090V,AUCTION-aFRR,B74,10YSK-SEPS-----K,EUR,A01,A02,20260523076-AFRR_N-UNIT_069-1,MWH,MAW,A01,A06,2026-05-23T17:00Z,2026-05-23T16:45Z
balancing_energy_bids,6,2026-05-23T16:45:00,PT15M,2026-05-23T17:00Z,2026-05-23T16:45Z,-50,1,1,10Y1001C--00090V,AUCTION-aFRR,B74,10YSK-SEPS-----K,EUR,A01,A02,20260523076-AFRR_N-UNIT_058-1,MWH,MAW,A01,A11,2026-05-23T17:00Z,2026-05-23T16:45Z
balancing_energy_bids,7,2026-05-23T16:45:00,PT15M,2026-05-23T17:00Z,2026-05-23T16:45Z,-10,1,21,10Y1001C--00090V,AUCTION-aFRR,B74,10YSK-SEPS-----K,EUR,A01,A02,20260523076-AFRR_N-UNIT_013-1,MWH,MAW,A01,A06,2026-05-23T17:00Z,2026-05-23T16:45Z
balancing_energy_bids,8,2026-05-23T16:45:00,PT15M,2026-05-23T17:00Z,2026-05-23T16:45Z,-10,1,30,10Y1001C--00090V,AUCTION-aFRR,B74,10YSK-SEPS-----K,EUR,A01,A02,20260523076-AFRR_N-UNIT_010-1,MWH,MAW,A01,A06,2026-05-23T17:00Z,2026-05-23T16:45Z
balancing_energy_bids,9,2026-05-23T16:45:00,PT15M,2026-05-23T17:00Z,2026-05-23T16:45Z,-29,1,11,10Y1001C--00090V,AUCTION-aFRR,B74,10YSK-SEPS-----K,EUR,A01,A02,20260523076-AFRR_N-UNIT_062-1,MWH,MAW,A01,A06,2026-05-23T17:00Z,2026-05-23T16:45Z
balancing_energy_bids,10,2026-05-23T16:45:00,PT15M,2026-05-23T17:00Z,2026-05-23T16:45Z,10,1,4,10Y1001C--00090V,AUCTION-aFRR,B74,10YSK-SEPS-----K,EUR,A01,A02,20260523076-AFRR_N-UNIT_043-1,MWH,MAW,A01,A06,2026-05-23T17:00Z,2026-05-23T16:45Z
balancing_energy_bids,11,2026-05-23T16:45:00,PT15M,2026-05-23T17:00Z,2026-05-23T16:45Z,-5,1,4,10Y1001C--00090V,AUCTION-aFRR,B74,10YSK-SEPS-----K,EUR,A01,A02,20260523076-AFRR_N-UNIT_104-1,MWH,MAW,A01,A06,2026-05-23T17:00Z,2026-05-23T16:45Z
balancing_energy_bids,12,2026-05-23T16:45:00,PT15M,2026-05-23T17:00Z,2026-05-23T16:45Z,-98.46,1,3,10Y1001C--00090V,AUCTION-aFRR,B74,10YSK-SEPS-----K,EUR,A01,A02,20260523076-AFRR_N-UNIT_089-1,MWH,MAW,A01,A06,2026-05-23T17:00Z,2026-05-23T16:45Z
balancing_energy_bids,13,2026-05-23T16:45:00,PT15M,2026-05-23T17:00Z,2026-05-23T16:45Z,0,1,5,10Y1001C--00090V,AUCTION-aFRR,B74,10YSK-SEPS-----K,EUR,A01,A02,20260523076-AFRR_N-UNIT_097-1,MWH,MAW,A01,A06,2026-05-23T17:00Z,2026-05-23T16:45Z
balancing_energy_bids,14,2026-05-23T16:45:00,PT15M,2026-05-23T17:00Z,2026-05-23T16:45Z,-199,1,1,10Y1001C--00090V,AUCTION-aFRR,B74,10YSK-SEPS-----K,EUR,A01,A02,20260523076-AFRR_N-UNIT_019-1,MWH,MAW,A01,A11,2026-05-23T17:00Z,2026-05-23T16:45Z
balancing_energy_bids,15,2026-05-23T16:45:00,PT15M,2026-05-23T17:00Z,2026-05-23T16:45Z,-19,1,1,10Y1001C--00090V,AUCTION-aFRR,B74,10YSK-SEPS-----K,EUR,A01,A02,20260523076-AFRR_N-UNIT_106-1,MWH,MAW,A01,A06,2026-05-23T17:00Z,2026-05-23T16:45Z
balancing_energy_bids,16,2026-05-23T16:45:00,PT15M,2026-05-23T17:00Z,2026-05-23T16:45Z,-5,1,7,10Y1001C--00090V,AUCTION-aFRR,B74,10YSK-SEPS-----K,EUR,A01,A02,20260523076-AFRR_N-UNIT_123-1,MWH,MAW,A01,A06,2026-05-23T17:00Z,2026-05-23T16:45Z
balancing_energy_bids,17,2026-05-23T17:00:00,PT15M,2026-05-23T17:15Z,2026-05-23T17:00Z,190.07,1,28,10Y1001C--00090V,AUCTION-aFRR,B74,10YSK-SEPS-----K,EUR,A01,A01,20260523077-AFRR_P-UNIT_065-1,MWH,MAW,A01,A06,2026-05-23T17:15Z,2026-05-23T17:00Z
balancing_energy_bids,18,2026-05-23T17:00:00,PT15M,2026-05-23T17:15Z,2026-05-23T17:00Z,150,1,24,10Y1001C--00090V,AUCTION-aFRR,B74,10YSK-SEPS-----K,EUR,A01,A01,20260523077-AFRR_P-UNIT_052-1,MWH,MAW,A01,A06,2026-05-23T17:15Z,2026-05-23T17:00Z
balancing_energy_bids,19,2026-05-23T17:00:00,PT15M,2026-05-23T17:15Z,2026-05-23T17:00Z,500,1,10,10Y1001C--00090V,AUCTION-aFRR,B74,10YSK-SEPS-----K,EUR,A01,A01,20260523077-AFRR_P-UNIT_047-1,MWH,MAW,A01,A06,2026-05-23T17:15Z,2026-05-23T17:00Z
balancing_energy_bids,20,2026-05-23T17:00:00,PT15M,2026-05-23T17:15Z,2026-05-23T17:00Z,350,1,17,10Y1001C--00090V,AUCTION-aFRR,B74,10YSK-SEPS-----K,EUR,A01,A01,20260523077-AFRR_P-UNIT_051-1,MWH,MAW,A01,A06,2026-05-23T17:15Z,2026-05-23T17:00Z
balancing_energy_bids,21,2026-05-23T17:00:00,PT15M,2026-05-23T17:15Z,2026-05-23T17:00Z,135,1,15,10Y1001C--00090V,AUCTION-aFRR,B74,10YSK-SEPS-----K,EUR,A01,A01,20260523077-AFRR_P-UNIT_069-1,MWH,MAW,A01,A06,2026-05-23T17:15Z,2026-05-23T17:00Z
balancing_energy_bids,22,2026-05-23T17:00:00,PT15M,2026-05-23T17:15Z,2026-05-23T17:00Z,190.07,1,10,10Y1001C--00090V,AUCTION-aFRR,B74,10YSK-SEPS-----K,EUR,A01,A01,20260523077-AFRR_P-UNIT_036-1,MWH,MAW,A01,A06,2026-05-23T17:15Z,2026-05-23T17:00Z
balancing_energy_bids,23,2026-05-23T17:00:00,PT15M,2026-05-23T17:15Z,2026-05-23T17:00Z,200,1,1,10Y1001C--00090V,AUCTION-aFRR,B74,10YSK-SEPS-----K,EUR,A01,A01,20260523077-AFRR_P-UNIT_058-1,MWH,MAW,A01,A11,2026-05-23T17:15Z,2026-05-23T17:00Z
balancing_energy_bids,24,2026-05-23T17:00:00,PT15M,2026-05-23T17:15Z,2026-05-23T17:00Z,139,1,3,10Y1001C--00090V,AUCTION-aFRR,B74,10YSK-SEPS-----K,EUR,A01,A01,20260523077-AFRR_P-UNIT_043-1,MWH,MAW,A01,A06,2026-05-23T17:15Z,2026-05-23T17:00Z
balancing_energy_bids,25,2026-05-23T17:00:00,PT15M,2026-05-23T17:15Z,2026-05-23T17:00Z,110,1,10,10Y1001C--00090V,AUCTION-aFRR,B74,10YSK-SEPS-----K,EUR,A01,A01,20260523077-AFRR_P-UNIT_063-1,MWH,MAW,A01,A06,2026-05-23T17:15Z,2026-05-23T17:00Z
balancing_energy_bids,26,2026-05-23T17:00:00,PT15M,2026-05-23T17:15Z,2026-05-23T17:00Z,749,1,3,10Y1001C--00090V,AUCTION-aFRR,B74,10YSK-SEPS-----K,EUR,A01,A01,20260523077-AFRR_P-UNIT_078-1,MWH,MAW,A01,A06,2026-05-23T17:15Z,2026-05-23T17:00Z
balancing_energy_bids,27,2026-05-23T17:00:00,PT15M,2026-05-23T17:15Z,2026-05-23T17:00Z,750,1,11,10Y1001C--00090V,AUCTION-aFRR,B74,10YSK-SEPS-----K,EUR,A01,A01,20260523077-AFRR_P-UNIT_104-1,MWH,MAW,A01,A06,2026-05-23T17:15Z,2026-05-23T17:00Z
balancing_energy_bids,28,2026-05-23T17:00:00,PT15M,2026-05-23T17:15Z,2026-05-23T17:00Z,85,1,2,10Y1001C--00090V,AUCTION-aFRR,B74,10YSK-SEPS-----K,EUR,A01,A01,20260523077-AFRR_P-UNIT_097-1,MWH,MAW,A01,A06,2026-05-23T17:15Z,2026-05-23T17:00Z
balancing_energy_bids,29,2026-05-23T17:00:00,PT15M,2026-05-23T17:15Z,2026-05-23T17:00Z,253,1,1,10Y1001C--00090V,AUCTION-aFRR,B74,10YSK-SEPS-----K,EUR,A01,A01,20260523077-AFRR_P-UNIT_019-1,MWH,MAW,A01,A06,2026-05-23T17:15Z,2026-05-23T17:00Z
balancing_energy_bids,30,2026-05-23T17:00:00,PT15M,2026-05-23T17:15Z,2026-05-23T17:00Z,300,1,1,10Y1001C--00090V,AUCTION-aFRR,B74,10YSK-SEPS-----K,EUR,A01,A01,20260523077-AFRR_P-UNIT_106-1,MWH,MAW,A01,A11,2026-05-23T17:15Z,2026-05-23T17:00Z
balancing_energy_bids,31,2026-05-23T17:00:00,PT15M,2026-05-23T17:15Z,2026-05-23T17:00Z,189,1,8,10Y1001C--00090V,AUCTION-aFRR,B74,10YSK-SEPS-----K,EUR,A01,A01,20260523077-AFRR_P-UNIT_123-1,MWH,MAW,A01,A06,2026-05-23T17:15Z,2026-05-23T17:00Z
balancing_energy_bids,32,2026-05-23T17:00:00,PT15M,2026-05-23T17:15Z,2026-05-23T17:00Z,-5,1,10,10Y1001C--00090V,AUCTION-aFRR,B74,10YSK-SEPS-----K,EUR,A01,A02,20260523077-AFRR_N-UNIT_068-1,MWH,MAW,A01,A06,2026-05-23T17:15Z,2026-05-23T17:00Z
balancing_energy_bids,33,2026-05-23T17:00:00,PT15M,2026-05-23T17:15Z,2026-05-23T17:00Z,-10,1,10,10Y1001C--00090V,AUCTION-aFRR,B74,10YSK-SEPS-----K,EUR,A01,A02,20260523077-AFRR_N-UNIT_065-1,MWH,MAW,A01,A06,2026-05-23T17:15Z,2026-05-23T17:00Z
balancing_energy_bids,34,2026-05-23T17:00:00,PT15M,2026-05-23T17:15Z,2026-05-23T17:00Z,-30,1,14,10Y1001C--00090V,AUCTION-aFRR,B74,10YSK-SEPS-----K,EUR,A01,A02,20260523077-AFRR_N-UNIT_052-1,MWH,MAW,A01,A06,2026-05-23T17:15Z,2026-05-23T17:00Z
balancing_energy_bids,35,2026-05-23T17:00:00,PT15M,2026-05-23T17:15Z,2026-05-23T17:00Z,-144,1,5,10Y1001C--00090V,AUCTION-aFRR,B74,10YSK-SEPS-----K,EUR,A01,A02,20260523077-AFRR_N-UNIT_051-1,MWH,MAW,A01,A06,2026-05-23T17:15Z,2026-05-23T17:00Z
balancing_energy_bids,36,2026-05-23T17:00:00,PT15M,2026-05-23T17:15Z,2026-05-23T17:00Z,-150,1,12,10Y1001C--00090V,AUCTION-aFRR,B74,10YSK-SEPS-----K,EUR,A01,A02,20260523077-AFRR_N-UNIT_069-1,MWH,MAW,A01,A06,2026-05-23T17:15Z,2026-05-23T17:00Z
balancing_energy_bids,37,2026-05-23T17:00:00,PT15M,2026-05-23T17:15Z,2026-05-23T17:00Z,-5,1,1,10Y1001C--00090V,AUCTION-aFRR,B74,10YSK-SEPS-----K,EUR,A01,A02,20260523077-AFRR_N-UNIT_028-1,MWH,MAW,A01,A11,2026-05-23T17:15Z,2026-05-23T17:00Z
balancing_energy_bids,38,2026-05-23T17:00:00,PT15M,2026-05-23T17:15Z,2026-05-23T17:00Z,-50,1,1,10Y1001C--00090V,AUCTION-aFRR,B74,10YSK-SEPS-----K,EUR,A01,A02,20260523077-AFRR_N-UNIT_058-1,MWH,MAW,A01,A11,2026-05-23T17:15Z,2026-05-23T17:00Z
balancing_energy_bids,39,2026-05-23T17:00:00,PT15M,2026-05-23T17:15Z,2026-05-23T17:00Z,-10,1,21,10Y1001C--00090V,AUCTION-aFRR,B74,10YSK-SEPS-----K,EUR,A01,A02,20260523077-AFRR_N-UNIT_013-1,MWH,MAW,A01,A06,2026-05-23T17:15Z,2026-05-23T17:00Z
balancing_energy_bids,40,2026-05-23T17:00:00,PT15M,2026-05-23T17:15Z,2026-05-23T17:00Z,-10,1,30,10Y1001C--00090V,AUCTION-aFRR,B74,10YSK-SEPS-----K,EUR,A01,A02,20260523077-AFRR_N-UNIT_010-1,MWH,MAW,A01,A06,2026-05-23T17:15Z,2026-05-23T17:00Z
balancing_energy_bids,41,2026-05-23T17:00:00,PT15M,2026-05-23T17:15Z,2026-05-23T17:00Z,10,1,4,10Y1001C--00090V,AUCTION-aFRR,B74,10YSK-SEPS-----K,EUR,A01,A02,20260523077-AFRR_N-UNIT_043-1,MWH,MAW,A01,A06,2026-05-23T17:15Z,2026-05-23T17:00Z
balancing_energy_bids,42,2026-05-23T17:00:00,PT15M,2026-05-23T17:15Z,2026-05-23T17:00Z,-5,1,4,10Y1001C--00090V,AUCTION-aFRR,B74,10YSK-SEPS-----K,EUR,A01,A02,20260523077-AFRR_N-UNIT_104-1,MWH,MAW,A01,A06,2026-05-23T17:15Z,2026-05-23T17:00Z
balancing_energy_bids,43,2026-05-23T17:00:00,PT15M,2026-05-23T17:15Z,2026-05-23T17:00Z,-127.74,1,3,10Y1001C--00090V,AUCTION-aFRR,B74,10YSK-SEPS-----K,EUR,A01,A02,20260523077-AFRR_N-UNIT_089-1,MWH,MAW,A01,A06,2026-05-23T17:15Z,2026-05-23T17:00Z
balancing_energy_bids,44,2026-05-23T17:00:00,PT15M,2026-05-23T17:15Z,2026-05-23T17:00Z,0,1,5,10Y1001C--00090V,AUCTION-aFRR,B74,10YSK-SEPS-----K,EUR,A01,A02,20260523077-AFRR_N-UNIT_097-1,MWH,MAW,A01,A06,2026-05-23T17:15Z,2026-05-23T17:00Z
balancing_energy_bids,45,2026-05-23T17:00:00,PT15M,2026-05-23T17:15Z,2026-05-23T17:00Z,-199,1,1,10Y1001C--00090V,AUCTION-aFRR,B74,10YSK-SEPS-----K,EUR,A01,A02,20260523077-AFRR_N-UNIT_019-1,MWH,MAW,A01,A11,2026-05-23T17:15Z,2026-05-23T17:00Z
balancing_energy_bids,46,2026-05-23T17:00:00,PT15M,2026-05-23T17:15Z,2026-05-23T17:00Z,-19,1,1,10Y1001C--00090V,AUCTION-aFRR,B74,10YSK-SEPS-----K,EUR,A01,A02,20260523077-AFRR_N-UNIT_106-1,MWH,MAW,A01,A06,2026-05-23T17:15Z,2026-05-23T17:00Z
balancing_energy_bids,47,2026-05-23T17:00:00,PT15M,2026-05-23T17:15Z,2026-05-23T17:00Z,-5,1,7,10Y1001C--00090V,AUCTION-aFRR,B74,10YSK-SEPS-----K,EUR,A01,A02,20260523077-AFRR_N-UNIT_123-1,MWH,MAW,A01,A06,2026-05-23T17:15Z,2026-05-23T17:00Z
balancing_energy_bids,48,2026-05-23T17:00:00,PT15M,2026-05-23T17:15Z,2026-05-23T17:00Z,70,1,35,10Y1001C--00090V,AUCTION-aFRR,B74,10YSK-SEPS-----K,EUR,A01,A02,20260523077-AFRR_N-UNIT_005-1,MWH,MAW,A01,A06,2026-05-23T17:15Z,2026-05-23T17:00Z
balancing_energy_bids,49,2026-05-23T17:00:00,PT15M,2026-05-23T17:15Z,2026-05-23T17:00Z,139,1,3,10Y1001C--00090V,AUCTION-aFRR,B74,10YSK-SEPS-----K,EUR,A01,A01,20260523077-AFRR_P-UNIT_062-1,MWH,MAW,A01,A11,2026-05-23T17:15Z,2026-05-23T17:00Z
balancing_energy_bids,50,2026-05-23T17:00:00,PT15M,2026-05-23T17:15Z,2026-05-23T17:00Z,-29,1,9,10Y1001C--00090V,AUCTION-aFRR,B74,10YSK-SEPS-----K,EUR,A01,A02,20260523077-AFRR_N-UNIT_062-1,MWH,MAW,A01,A06,2026-05-23T17:15Z,2026-05-23T17:00Z
balancing_energy_bids,51,2026-05-23T17:00:00,PT15M,2026-05-23T17:15Z,2026-05-23T17:00Z,125.18,1,5,10Y1001C--00090V,AUCTION-aFRR,B74,10YSK-SEPS-----K,EUR,A01,A01,20260523077-AFRR_P-UNIT_068-1,MWH,MAW,A01,A06,2026-05-23T17:15Z,2026-05-23T17:00Z
balancing_energy_bids,52,2026-05-23T17:00:00,PT15M,2026-05-23T17:15Z,2026-05-23T17:00Z,125.17,1,5,10Y1001C--00090V,AUCTION-aFRR,B74,10YSK-SEPS-----K,EUR,A01,A01,20260523077-AFRR_P-UNIT_028-1,MWH,MAW,A01,A06,2026-05-23T17:15Z,2026-05-23T17:00Z
balancing_energy_bids,53,2026-05-23T17:15:00,PT15M,2026-05-23T17:30Z,2026-05-23T17:15Z,199.8,1,28,10Y1001C--00090V,AUCTION-aFRR,B74,10YSK-SEPS-----K,EUR,A01,A01,20260523078-AFRR_P-UNIT_065-1,MWH,MAW,A01,A06,2026-05-23T17:30Z,2026-05-23T17:15Z
balancing_energy_bids,54,2026-05-23T17:15:00,PT15M,2026-05-23T17:30Z,2026-05-23T17:15Z,150,1,24,10Y1001C--00090V,AUCTION-aFRR,B74,10YSK-SEPS-----K,EUR,A01,A01,20260523078-AFRR_P-UNIT_052-1,MWH,MAW,A01,A06,2026-05-23T17:30Z,2026-05-23T17:15Z
balancing_energy_bids,55,2026-05-23T17:15:00,PT15M,2026-05-23T17:30Z,2026-05-23T17:15Z,500,1,10,10Y1001C--00090V,AUCTION-aFRR,B74,10YSK-SEPS-----K,EUR,A01,A01,20260523078-AFRR_P-UNIT_047-1,MWH,MAW,A01,A06,2026-05-23T17:30Z,2026-05-23T17:15Z
balancing_energy_bids,56,2026-05-23T17:15:00,PT15M,2026-05-23T17:30Z,2026-05-23T17:15Z,350,1,17,10Y1001C--00090V,AUCTION-aFRR,B74,10YSK-SEPS-----K,EUR,A01,A01,20260523078-AFRR_P-UNIT_051-1,MWH,MAW,A01,A06,2026-05-23T17:30Z,2026-05-23T17:15Z
balancing_energy_bids,57,2026-05-23T17:15:00,PT15M,2026-05-23T17:30Z,2026-05-23T17:15Z,135,1,15,10Y1001C--00090V,AUCTION-aFRR,B74,10YSK-SEPS-----K,EUR,A01,A01,20260523078-AFRR_P-UNIT_069-1,MWH,MAW,A01,A06,2026-05-23T17:30Z,2026-05-23T17:15Z
balancing_energy_bids,58,2026-05-23T17:15:00,PT15M,2026-05-23T17:30Z,2026-05-23T17:15Z,199.8,1,10,10Y1001C--00090V,AUCTION-aFRR,B74,10YSK-SEPS-----K,EUR,A01,A01,20260523078-AFRR_P-UNIT_036-1,MWH,MAW,A01,A06,2026-05-23T17:30Z,2026-05-23T17:15Z
balancing_energy_bids,59,2026-05-23T17:15:00,PT15M,2026-05-23T17:30Z,2026-05-23T17:15Z,200,1,1,10Y1001C--00090V,AUCTION-aFRR,B74,10YSK-SEPS-----K,EUR,A01,A01,20260523078-AFRR_P-UNIT_058-1,MWH,MAW,A01,A11,2026-05-23T17:30Z,2026-05-23T17:15Z
balancing_energy_bids,60,2026-05-23T17:15:00,PT15M,2026-05-23T17:30Z,2026-05-23T17:15Z,153,1,3,10Y1001C--00090V,AUCTION-aFRR,B74,10YSK-SEPS-----K,EUR,A01,A01,20260523078-AFRR_P-UNIT_043-1,MWH,MAW,A01,A06,2026-05-23T17:30Z,2026-05-23T17:15Z
balancing_energy_bids,61,2026-05-23T17:15:00,PT15M,2026-05-23T17:30Z,2026-05-23T17:15Z,110,1,10,10Y1001C--00090V,AUCTION-aFRR,B74,10YSK-SEPS-----K,EUR,A01,A01,20260523078-AFRR_P-UNIT_063-1,MWH,MAW,A01,A06,2026-05-23T17:30Z,2026-05-23T17:15Z
balancing_energy_bids,62,2026-05-23T17:15:00,PT15M,2026-05-23T17:30Z,2026-05-23T17:15Z,749,1,3,10Y1001C--00090V,AUCTION-aFRR,B74,10YSK-SEPS-----K,EUR,A01,A01,20260523078-AFRR_P-UNIT_078-1,MWH,MAW,A01,A06,2026-05-23T17:30Z,2026-05-23T17:15Z
balancing_energy_bids,63,2026-05-23T17:15:00,PT15M,2026-05-23T17:30Z,2026-05-23T17:15Z,750,1,11,10Y1001C--00090V,AUCTION-aFRR,B74,10YSK-SEPS-----K,EUR,A01,A01,20260523078-AFRR_P-UNIT_104-1,MWH,MAW,A01,A06,2026-05-23T17:30Z,2026-05-23T17:15Z
balancing_energy_bids,64,2026-05-23T17:15:00,PT15M,2026-05-23T17:30Z,2026-05-23T17:15Z,85,1,2,10Y1001C--00090V,AUCTION-aFRR,B74,10YSK-SEPS-----K,EUR,A01,A01,20260523078-AFRR_P-UNIT_097-1,MWH,MAW,A01,A06,2026-05-23T17:30Z,2026-05-23T17:15Z
balancing_energy_bids,65,2026-05-23T17:15:00,PT15M,2026-05-23T17:30Z,2026-05-23T17:15Z,268,1,1,10Y1001C--00090V,AUCTION-aFRR,B74,10YSK-SEPS-----K,EUR,A01,A01,20260523078-AFRR_P-UNIT_019-1,MWH,MAW,A01,A06,2026-05-23T17:30Z,2026-05-23T17:15Z
balancing_energy_bids,66,2026-05-23T17:15:00,PT15M,2026-05-23T17:30Z,2026-05-23T17:15Z,300,1,1,10Y1001C--00090V,AUCTION-aFRR,B74,10YSK-SEPS-----K,EUR,A01,A01,20260523078-AFRR_P-UNIT_106-1,MWH,MAW,A01,A11,2026-05-23T17:30Z,2026-05-23T17:15Z
balancing_energy_bids,67,2026-05-23T17:15:00,PT15M,2026-05-23T17:30Z,2026-05-23T17:15Z,189,1,8,10Y1001C--00090V,AUCTION-aFRR,B74,10YSK-SEPS-----K,EUR,A01,A01,20260523078-AFRR_P-UNIT_123-1,MWH,MAW,A01,A06,2026-05-23T17:30Z,2026-05-23T17:15Z
balancing_energy_bids,68,2026-05-23T17:15:00,PT15M,2026-05-23T17:30Z,2026-05-23T17:15Z,-5,1,10,10Y1001C--00090V,AUCTION-aFRR,B74,10YSK-SEPS-----K,EUR,A01,A02,20260523078-AFRR_N-UNIT_068-1,MWH,MAW,A01,A06,2026-05-23T17:30Z,2026-05-23T17:15Z
balancing_energy_bids,69,2026-05-23T17:15:00,PT15M,2026-05-23T17:30Z,2026-05-23T17:15Z,-10,1,10,10Y1001C--00090V,AUCTION-aFRR,B74,10YSK-SEPS-----K,EUR,A01,A02,20260523078-AFRR_N-UNIT_065-1,MWH,MAW,A01,A06,2026-05-23T17:30Z,2026-05-23T17:15Z
balancing_energy_bids,70,2026-05-23T17:15:00,PT15M,2026-05-23T17:30Z,2026-05-23T17:15Z,-30,1,14,10Y1001C--00090V,AUCTION-aFRR,B74,10YSK-SEPS-----K,EUR,A01,A02,20260523078-AFRR_N-UNIT_052-1,MWH,MAW,A01,A06,2026-05-23T17:30Z,2026-05-23T17:15Z
balancing_energy_bids,71,2026-05-23T17:15:00,PT15M,2026-05-23T17:30Z,2026-05-23T17:15Z,-144,1,5,10Y1001C--00090V,AUCTION-aFRR,B74,10YSK-SEPS-----K,EUR,A01,A02,20260523078-AFRR_N-UNIT_051-1,MWH,MAW,A01,A06,2026-05-23T17:30Z,2026-05-23T17:15Z
balancing_energy_bids,72,2026-05-23T17:15:00,PT15M,2026-05-23T17:30Z,2026-05-23T17:15Z,-150,1,12,10Y1001C--00090V,AUCTION-aFRR,B74,10YSK-SEPS-----K,EUR,A01,A02,20260523078-AFRR_N-UNIT_069-1,MWH,MAW,A01,A06,2026-05-23T17:30Z,2026-05-23T17:15Z
balancing_energy_bids,73,2026-05-23T17:15:00,PT15M,2026-05-23T17:30Z,2026-05-23T17:15Z,65,1,45,10Y1001C--00090V,AUCTION-aFRR,B74,10YSK-SEPS-----K,EUR,A01,A02,20260523078-AFRR_N-UNIT_049-1,MWH,MAW,A01,A06,2026-05-23T17:30Z,2026-05-23T17:15Z
balancing_energy_bids,74,2026-05-23T17:15:00,PT15M,2026-05-23T17:30Z,2026-05-23T17:15Z,-5,1,1,10Y1001C--00090V,AUCTION-aFRR,B74,10YSK-SEPS-----K,EUR,A01,A02,20260523078-AFRR_N-UNIT_028-1,MWH,MAW,A01,A11,2026-05-23T17:30Z,2026-05-23T17:15Z
balancing_energy_bids,75,2026-05-23T17:15:00,PT15M,2026-05-23T17:30Z,2026-05-23T17:15Z,-50,1,1,10Y1001C--00090V,AUCTION-aFRR,B74,10YSK-SEPS-----K,EUR,A01,A02,20260523078-AFRR_N-UNIT_058-1,MWH,MAW,A01,A11,2026-05-23T17:30Z,2026-05-23T17:15Z
balancing_energy_bids,76,2026-05-23T17:15:00,PT15M,2026-05-23T17:30Z,2026-05-23T17:15Z,-10,1,21,10Y1001C--00090V,AUCTION-aFRR,B74,10YSK-SEPS-----K,EUR,A01,A02,20260523078-AFRR_N-UNIT_013-1,MWH,MAW,A01,A06,2026-05-23T17:30Z,2026-05-23T17:15Z
balancing_energy_bids,77,2026-05-23T17:15:00,PT15M,2026-05-23T17:30Z,2026-05-23T17:15Z,-10,1,30,10Y1001C--00090V,AUCTION-aFRR,B74,10YSK-SEPS-----K,EUR,A01,A02,20260523078-AFRR_N-UNIT_010-1,MWH,MAW,A01,A06,2026-05-23T17:30Z,2026-05-23T17:15Z
balancing_energy_bids,78,2026-05-23T17:15:00,PT15M,2026-05-23T17:30Z,2026-05-23T17:15Z,10,1,4,10Y1001C--00090V,AUCTION-aFRR,B74,10YSK-SEPS-----K,EUR,A01,A02,20260523078-AFRR_N-UNIT_043-1,MWH,MAW,A01,A06,2026-05-23T17:30Z,2026-05-23T17:15Z
balancing_energy_bids,79,2026-05-23T17:15:00,PT15M,2026-05-23T17:30Z,2026-05-23T17:15Z,-5,1,4,10Y1001C--00090V,AUCTION-aFRR,B74,10YSK-SEPS-----K,EUR,A01,A02,20260523078-AFRR_N-UNIT_104-1,MWH,MAW,A01,A06,2026-05-23T17:30Z,2026-05-23T17:15Z
balancing_energy_bids,80,2026-05-23T17:15:00,PT15M,2026-05-23T17:30Z,2026-05-23T17:15Z,-114.33,1,3,10Y1001C--00090V,AUCTION-aFRR,B74,10YSK-SEPS-----K,EUR,A01,A02,20260523078-AFRR_N-UNIT_089-1,MWH,MAW,A01,A06,2026-05-23T17:30Z,2026-05-23T17:15Z
balancing_energy_bids,81,2026-05-23T17:15:00,PT15M,2026-05-23T17:30Z,2026-05-23T17:15Z,0,1,5,10Y1001C--00090V,AUCTION-aFRR,B74,10YSK-SEPS-----K,EUR,A01,A02,20260523078-AFRR_N-UNIT_097-1,MWH,MAW,A01,A06,2026-05-23T17:30Z,2026-05-23T17:15Z
balancing_energy_bids,82,2026-05-23T17:15:00,PT15M,2026-05-23T17:30Z,2026-05-23T17:15Z,-199,1,1,10Y1001C--00090V,AUCTION-aFRR,B74,10YSK-SEPS-----K,EUR,A01,A02,20260523078-AFRR_N-UNIT_019-1,MWH,MAW,A01,A11,2026-05-23T17:30Z,2026-05-23T17:15Z
balancing_energy_bids,83,2026-05-23T17:15:00,PT15M,2026-05-23T17:30Z,2026-05-23T17:15Z,-19,1,1,10Y1001C--00090V,AUCTION-aFRR,B74,10YSK-SEPS-----K,EUR,A01,A02,20260523078-AFRR_N-UNIT_106-1,MWH,MAW,A01,A06,2026-05-23T17:30Z,2026-05-23T17:15Z
balancing_energy_bids,84,2026-05-23T17:15:00,PT15M,2026-05-23T17:30Z,2026-05-23T17:15Z,-5,1,7,10Y1001C--00090V,AUCTION-aFRR,B74,10YSK-SEPS-----K,EUR,A01,A02,20260523078-AFRR_N-UNIT_123-1,MWH,MAW,A01,A06,2026-05-23T17:30Z,2026-05-23T17:15Z
balancing_energy_bids,85,2026-05-23T17:15:00,PT15M,2026-05-23T17:30Z,2026-05-23T17:15Z,143.95,1,5,10Y1001C--00090V,AUCTION-aFRR,B74,10YSK-SEPS-----K,EUR,A01,A01,20260523078-AFRR_P-UNIT_068-1,MWH,MAW,A01,A06,2026-05-23T17:30Z,2026-05-23T17:15Z
balancing_energy_bids,86,2026-05-23T17:15:00,PT15M,2026-05-23T17:30Z,2026-05-23T17:15Z,143.94,1,5,10Y1001C--00090V,AUCTION-aFRR,B74,10YSK-SEPS-----K,EUR,A01,A01,20260523078-AFRR_P-UNIT_028-1,MWH,MAW,A01,A06,2026-05-23T17:30Z,2026-05-23T17:15Z
balancing_energy_bids,87,2026-05-23T17:15:00,PT15M,2026-05-23T17:30Z,2026-05-23T17:15Z,153,1,3,10Y1001C--00090V,AUCTION-aFRR,B74,10YSK-SEPS-----K,EUR,A01,A01,20260523078-AFRR_P-UNIT_062-1,MWH,MAW,A01,A11,2026-05-23T17:30Z,2026-05-23T17:15Z
balancing_energy_bids,88,2026-05-23T17:15:00,PT15M,2026-05-23T17:30Z,2026-05-23T17:15Z,-29,1,9,10Y1001C--00090V,AUCTION-aFRR,B74,10YSK-SEPS-----K,EUR,A01,A02,20260523078-AFRR_N-UNIT_062-1,MWH,MAW,A01,A06,2026-05-23T17:30Z,2026-05-23T17:15Z
balancing_energy_bids,89,2026-05-23T17:15:00,PT15M,2026-05-23T17:30Z,2026-05-23T17:15Z,70,1,35,10Y1001C--00090V,AUCTION-aFRR,B74,10YSK-SEPS-----K,EUR,A01,A02,20260523078-AFRR_N-UNIT_005-1,MWH,MAW,A01,A06,2026-05-23T17:30Z,2026-05-23T17:15Z
balancing_energy_bids,90,2026-05-23T17:30:00,PT15M,2026-05-23T17:45Z,2026-05-23T17:30Z,70,1,35,10Y1001C--00090V,AUCTION-aFRR,B74,10YSK-SEPS-----K,EUR,A01,A02,20260523079-AFRR_N-UNIT_005-1,MWH,MAW,A01,A06,2026-05-23T17:45Z,2026-05-23T17:30Z
balancing_energy_bids,91,2026-05-23T17:30:00,PT15M,2026-05-23T17:45Z,2026-05-23T17:30Z,164.86,1,5,10Y1001C--00090V,AUCTION-aFRR,B74,10YSK-SEPS-----K,EUR,A01,A01,20260523079-AFRR_P-UNIT_068-1,MWH,MAW,A01,A06,2026-05-23T17:45Z,2026-05-23T17:30Z
balancing_energy_bids,92,2026-05-23T17:30:00,PT15M,2026-05-23T17:45Z,2026-05-23T17:30Z,164.85,1,5,10Y1001C--00090V,AUCTION-aFRR,B74,10YSK-SEPS-----K,EUR,A01,A01,20260523079-AFRR_P-UNIT_028-1,MWH,MAW,A01,A06,2026-05-23T17:45Z,2026-05-23T17:30Z
balancing_energy_bids,93,2026-05-23T17:30:00,PT15M,2026-05-23T17:45Z,2026-05-23T17:30Z,169,1,3,10Y1001C--00090V,AUCTION-aFRR,B74,10YSK-SEPS-----K,EUR,A01,A01,20260523079-AFRR_P-UNIT_062-1,MWH,MAW,A01,A11,2026-05-23T17:45Z,2026-05-23T17:30Z
balancing_energy_bids,94,2026-05-23T17:30:00,PT15M,2026-05-23T17:45Z,2026-05-23T17:30Z,-29,1,9,10Y1001C--00090V,AUCTION-aFRR,B74,10YSK-SEPS-----K,EUR,A01,A02,20260523079-AFRR_N-UNIT_062-1,MWH,MAW,A01,A06,2026-05-23T17:45Z,2026-05-23T17:30Z
balancing_energy_bids,95,2026-05-23T17:30:00,PT15M,2026-05-23T17:45Z,2026-05-23T17:30Z,217.72,1,28,10Y1001C--00090V,AUCTION-aFRR,B74,10YSK-SEPS-----K,EUR,A01,A01,20260523079-AFRR_P-UNIT_065-1,MWH,MAW,A01,A06,2026-05-23T17:45Z,2026-05-23T17:30Z
balancing_energy_bids,96,2026-05-23T17:30:00,PT15M,2026-05-23T17:45Z,2026-05-23T17:30Z,150,1,24,10Y1001C--00090V,AUCTION-aFRR,B74,10YSK-SEPS-----K,EUR,A01,A01,20260523079-AFRR_P-UNIT_052-1,MWH,MAW,A01,A06,2026-05-23T17:45Z,2026-05-23T17:30Z
balancing_energy_bids,97,2026-05-23T17:30:00,PT15M,2026-05-23T17:45Z,2026-05-23T17:30Z,500,1,10,10Y1001C--00090V,AUCTION-aFRR,B74,10YSK-SEPS-----K,EUR,A01,A01,20260523079-AFRR_P-UNIT_047-1,MWH,MAW,A01,A06,2026-05-23T17:45Z,2026-05-23T17:30Z
balancing_energy_bids,98,2026-05-23T17:30:00,PT15M,2026-05-23T17:45Z,2026-05-23T17:30Z,350,1,17,10Y1001C--00090V,AUCTION-aFRR,B74,10YSK-SEPS-----K,EUR,A01,A01,20260523079-AFRR_P-UNIT_051-1,MWH,MAW,A01,A06,2026-05-23T17:45Z,2026-05-23T17:30Z
balancing_energy_bids,99,2026-05-23T17:30:00,PT15M,2026-05-23T17:45Z,2026-05-23T17:30Z,135,1,15,10Y1001C--00090V,AUCTION-aFRR,B74,10YSK-SEPS-----K,EUR,A01,A01,20260523079-AFRR_P-UNIT_069-1,MWH,MAW,A01,A06,2026-05-23T17:45Z,2026-05-23T17:30Z
balancing_energy_bids,100,2026-05-23T17:30:00,PT15M,2026-05-23T17:45Z,2026-05-23T17:30Z,217.72,1,10,10Y1001C--00090V,AUCTION-aFRR,B74,10YSK-SEPS-----K,EUR,A01,A01,20260523079-AFRR_P-UNIT_036-1,MWH,MAW,A01,A06,2026-05-23T17:45Z,2026-05-23T17:30Z
balancing_energy_bids,1,2026-05-23T17:30:00,PT15M,2026-05-23T17:45Z,2026-05-23T17:30Z,200,1,1,10Y1001C--00090V,AUCTION-aFRR,B74,10YSK-SEPS-----K,EUR,A01,A01,20260523079-AFRR_P-UNIT_058-1,MWH,MAW,A01,A11,2026-05-23T17:45Z,2026-05-23T17:30Z
balancing_energy_bids,2,2026-05-23T17:30:00,PT15M,2026-05-23T17:45Z,2026-05-23T17:30Z,169,1,3,10Y1001C--00090V,AUCTION-aFRR,B74,10YSK-SEPS-----K,EUR,A01,A01,20260523079-AFRR_P-UNIT_043-1,MWH,MAW,A01,A06,2026-05-23T17:45Z,2026-05-23T17:30Z
balancing_energy_bids,3,2026-05-23T17:30:00,PT15M,2026-05-23T17:45Z,2026-05-23T17:30Z,110,1,10,10Y1001C--00090V,AUCTION-aFRR,B74,10YSK-SEPS-----K,EUR,A01,A01,20260523079-AFRR_P-UNIT_063-1,MWH,MAW,A01,A06,2026-05-23T17:45Z,2026-05-23T17:30Z
balancing_energy_bids,4,2026-05-23T17:30:00,PT15M,2026-05-23T17:45Z,2026-05-23T17:30Z,749,1,3,10Y1001C--00090V,AUCTION-aFRR,B74,10YSK-SEPS-----K,EUR,A01,A01,20260523079-AFRR_P-UNIT_078-1,MWH,MAW,A01,A06,2026-05-23T17:45Z,2026-05-23T17:30Z
balancing_energy_bids,5,2026-05-23T17:30:00,PT15M,2026-05-23T17:45Z,2026-05-23T17:30Z,750,1,11,10Y1001C--00090V,AUCTION-aFRR,B74,10YSK-SEPS-----K,EUR,A01,A01,20260523079-AFRR_P-UNIT_104-1,MWH,MAW,A01,A06,2026-05-23T17:45Z,2026-05-23T17:30Z
balancing_energy_bids,6,2026-05-23T17:30:00,PT15M,2026-05-23T17:45Z,2026-05-23T17:30Z,85,1,2,10Y1001C--00090V,AUCTION-aFRR,B74,10YSK-SEPS-----K,EUR,A01,A01,20260523079-AFRR_P-UNIT_097-1,MWH,MAW,A01,A06,2026-05-23T17:45Z,2026-05-23T17:30Z
balancing_energy_bids,7,2026-05-23T17:30:00,PT15M,2026-05-23T17:45Z,2026-05-23T17:30Z,282,1,1,10Y1001C--00090V,AUCTION-aFRR,B74,10YSK-SEPS-----K,EUR,A01,A01,20260523079-AFRR_P-UNIT_019-1,MWH,MAW,A01,A06,2026-05-23T17:45Z,2026-05-23T17:30Z
balancing_energy_bids,8,2026-05-23T17:30:00,PT15M,2026-05-23T17:45Z,2026-05-23T17:30Z,300,1,1,10Y1001C--00090V,AUCTION-aFRR,B74,10YSK-SEPS-----K,EUR,A01,A01,20260523079-AFRR_P-UNIT_106-1,MWH,MAW,A01,A11,2026-05-23T17:45Z,2026-05-23T17:30Z
balancing_energy_bids,9,2026-05-23T17:30:00,PT15M,2026-05-23T17:45Z,2026-05-23T17:30Z,189,1,8,10Y1001C--00090V,AUCTION-aFRR,B74,10YSK-SEPS-----K,EUR,A01,A01,20260523079-AFRR_P-UNIT_123-1,MWH,MAW,A01,A06,2026-05-23T17:45Z,2026-05-23T17:30Z
balancing_energy_bids,10,2026-05-23T17:30:00,PT15M,2026-05-23T17:45Z,2026-05-23T17:30Z,-5,1,10,10Y1001C--00090V,AUCTION-aFRR,B74,10YSK-SEPS-----K,EUR,A01,A02,20260523079-AFRR_N-UNIT_068-1,MWH,MAW,A01,A06,2026-05-23T17:45Z,2026-05-23T17:30Z
balancing_energy_bids,11,2026-05-23T17:30:00,PT15M,2026-05-23T17:45Z,2026-05-23T17:30Z,-10,1,10,10Y1001C--00090V,AUCTION-aFRR,B74,10YSK-SEPS-----K,EUR,A01,A02,20260523079-AFRR_N-UNIT_065-1,MWH,MAW,A01,A06,2026-05-23T17:45Z,2026-05-23T17:30Z
balancing_energy_bids,12,2026-05-23T17:30:00,PT15M,2026-05-23T17:45Z,2026-05-23T17:30Z,-30,1,14,10Y1001C--00090V,AUCTION-aFRR,B74,10YSK-SEPS-----K,EUR,A01,A02,20260523079-AFRR_N-UNIT_052-1,MWH,MAW,A01,A06,2026-05-23T17:45Z,2026-05-23T17:30Z
balancing_energy_bids,13,2026-05-23T17:30:00,PT15M,2026-05-23T17:45Z,2026-05-23T17:30Z,-144,1,5,10Y1001C--00090V,AUCTION-aFRR,B74,10YSK-SEPS-----K,EUR,A01,A02,20260523079-AFRR_N-UNIT_051-1,MWH,MAW,A01,A06,2026-05-23T17:45Z,2026-05-23T17:30Z
balancing_energy_bids,14,2026-05-23T17:30:00,PT15M,2026-05-23T17:45Z,2026-05-23T17:30Z,-150,1,12,10Y1001C--00090V,AUCTION-aFRR,B74,10YSK-SEPS-----K,EUR,A01,A02,20260523079-AFRR_N-UNIT_069-1,MWH,MAW,A01,A06,2026-05-23T17:45Z,2026-05-23T17:30Z
balancing_energy_bids,15,2026-05-23T17:30:00,PT15M,2026-05-23T17:45Z,2026-05-23T17:30Z,65,1,45,10Y1001C--00090V,AUCTION-aFRR,B74,10YSK-SEPS-----K,EUR,A01,A02,20260523079-AFRR_N-UNIT_049-1,MWH,MAW,A01,A06,2026-05-23T17:45Z,2026-05-23T17:30Z
balancing_energy_bids,16,2026-05-23T17:30:00,PT15M,2026-05-23T17:45Z,2026-05-23T17:30Z,-5,1,1,10Y1001C--00090V,AUCTION-aFRR,B74,10YSK-SEPS-----K,EUR,A01,A02,20260523079-AFRR_N-UNIT_028-1,MWH,MAW,A01,A11,2026-05-23T17:45Z,2026-05-23T17:30Z
balancing_energy_bids,17,2026-05-23T17:30:00,PT15M,2026-05-23T17:45Z,2026-05-23T17:30Z,-50,1,1,10Y1001C--00090V,AUCTION-aFRR,B74,10YSK-SEPS-----K,EUR,A01,A02,20260523079-AFRR_N-UNIT_058-1,MWH,MAW,A01,A11,2026-05-23T17:45Z,2026-05-23T17:30Z
balancing_energy_bids,18,2026-05-23T17:30:00,PT15M,2026-05-23T17:45Z,2026-05-23T17:30Z,-10,1,21,10Y1001C--00090V,AUCTION-aFRR,B74,10YSK-SEPS-----K,EUR,A01,A02,20260523079-AFRR_N-UNIT_013-1,MWH,MAW,A01,A06,2026-05-23T17:45Z,2026-05-23T17:30Z
balancing_energy_bids,19,2026-05-23T17:30:00,PT15M,2026-05-23T17:45Z,2026-05-23T17:30Z,-10,1,30,10Y1001C--00090V,AUCTION-aFRR,B74,10YSK-SEPS-----K,EUR,A01,A02,20260523079-AFRR_N-UNIT_010-1,MWH,MAW,A01,A06,2026-05-23T17:45Z,2026-05-23T17:30Z
balancing_energy_bids,20,2026-05-23T17:30:00,PT15M,2026-05-23T17:45Z,2026-05-23T17:30Z,10,1,4,10Y1001C--00090V,AUCTION-aFRR,B74,10YSK-SEPS-----K,EUR,A01,A02,20260523079-AFRR_N-UNIT_043-1,MWH,MAW,A01,A06,2026-05-23T17:45Z,2026-05-23T17:30Z
balancing_energy_bids,21,2026-05-23T17:30:00,PT15M,2026-05-23T17:45Z,2026-05-23T17:30Z,-5,1,4,10Y1001C--00090V,AUCTION-aFRR,B74,10YSK-SEPS-----K,EUR,A01,A02,20260523079-AFRR_N-UNIT_104-1,MWH,MAW,A01,A06,2026-05-23T17:45Z,2026-05-23T17:30Z
balancing_energy_bids,22,2026-05-23T17:30:00,PT15M,2026-05-23T17:45Z,2026-05-23T17:30Z,-99.4,1,3,10Y1001C--00090V,AUCTION-aFRR,B74,10YSK-SEPS-----K,EUR,A01,A02,20260523079-AFRR_N-UNIT_089-1,MWH,MAW,A01,A06,2026-05-23T17:45Z,2026-05-23T17:30Z
balancing_energy_bids,23,2026-05-23T17:30:00,PT15M,2026-05-23T17:45Z,2026-05-23T17:30Z,0,1,5,10Y1001C--00090V,AUCTION-aFRR,B74,10YSK-SEPS-----K,EUR,A01,A02,20260523079-AFRR_N-UNIT_097-1,MWH,MAW,A01,A06,2026-05-23T17:45Z,2026-05-23T17:30Z
balancing_energy_bids,24,2026-05-23T17:30:00,PT15M,2026-05-23T17:45Z,2026-05-23T17:30Z,-199,1,1,10Y1001C--00090V,AUCTION-aFRR,B74,10YSK-SEPS-----K,EUR,A01,A02,20260523079-AFRR_N-UNIT_019-1,MWH,MAW,A01,A11,2026-05-23T17:45Z,2026-05-23T17:30Z
balancing_energy_bids,25,2026-05-23T17:30:00,PT15M,2026-05-23T17:45Z,2026-05-23T17:30Z,-19,1,1,10Y1001C--00090V,AUCTION-aFRR,B74,10YSK-SEPS-----K,EUR,A01,A02,20260523079-AFRR_N-UNIT_106-1,MWH,MAW,A01,A06,2026-05-23T17:45Z,2026-05-23T17:30Z
balancing_energy_bids,26,2026-05-23T17:30:00,PT15M,2026-05-23T17:45Z,2026-05-23T17:30Z,-5,1,7,10Y1001C--00090V,AUCTION-aFRR,B74,10YSK-SEPS-----K,EUR,A01,A02,20260523079-AFRR_N-UNIT_123-1,MWH,MAW,A01,A06,2026-05-23T17:45Z,2026-05-23T17:30Z
balancing_energy_bids,27,2026-05-23T17:45:00,PT15M,2026-05-23T18:00Z,2026-05-23T17:45Z,70,1,35,10Y1001C--00090V,AUCTION-aFRR,B74,10YSK-SEPS-----K,EUR,A01,A02,20260523080-AFRR_N-UNIT_005-1,MWH,MAW,A01,A06,2026-05-23T18:00Z,2026-05-23T17:45Z
balancing_energy_bids,28,2026-05-23T17:45:00,PT15M,2026-05-23T18:00Z,2026-05-23T17:45Z,193,1,3,10Y1001C--00090V,AUCTION-aFRR,B74,10YSK-SEPS-----K,EUR,A01,A01,20260523080-AFRR_P-UNIT_062-1,MWH,MAW,A01,A11,2026-05-23T18:00Z,2026-05-23T17:45Z
balancing_energy_bids,29,2026-05-23T17:45:00,PT15M,2026-05-23T18:00Z,2026-05-23T17:45Z,-29,1,9,10Y1001C--00090V,AUCTION-aFRR,B74,10YSK-SEPS-----K,EUR,A01,A02,20260523080-AFRR_N-UNIT_062-1,MWH,MAW,A01,A06,2026-05-23T18:00Z,2026-05-23T17:45Z
balancing_energy_bids,30,2026-05-23T17:45:00,PT15M,2026-05-23T18:00Z,2026-05-23T17:45Z,-144,1,5,10Y1001C--00090V,AUCTION-aFRR,B74,10YSK-SEPS-----K,EUR,A01,A02,20260523080-AFRR_N-UNIT_051-1,MWH,MAW,A01,A06,2026-05-23T18:00Z,2026-05-23T17:45Z
balancing_energy_bids,31,2026-05-23T17:45:00,PT15M,2026-05-23T18:00Z,2026-05-23T17:45Z,-150,1,12,10Y1001C--00090V,AUCTION-aFRR,B74,10YSK-SEPS-----K,EUR,A01,A02,20260523080-AFRR_N-UNIT_069-1,MWH,MAW,A01,A06,2026-05-23T18:00Z,2026-05-23T17:45Z
balancing_energy_bids,32,2026-05-23T17:45:00,PT15M,2026-05-23T18:00Z,2026-05-23T17:45Z,65,1,45,10Y1001C--00090V,AUCTION-aFRR,B74,10YSK-SEPS-----K,EUR,A01,A02,20260523080-AFRR_N-UNIT_049-1,MWH,MAW,A01,A06,2026-05-23T18:00Z,2026-05-23T17:45Z
balancing_energy_bids,33,2026-05-23T17:45:00,PT15M,2026-05-23T18:00Z,2026-05-23T17:45Z,-5,1,1,10Y1001C--00090V,AUCTION-aFRR,B74,10YSK-SEPS-----K,EUR,A01,A02,20260523080-AFRR_N-UNIT_028-1,MWH,MAW,A01,A11,2026-05-23T18:00Z,2026-05-23T17:45Z
balancing_energy_bids,34,2026-05-23T17:45:00,PT15M,2026-05-23T18:00Z,2026-05-23T17:45Z,-50,1,1,10Y1001C--00090V,AUCTION-aFRR,B74,10YSK-SEPS-----K,EUR,A01,A02,20260523080-AFRR_N-UNIT_058-1,MWH,MAW,A01,A11,2026-05-23T18:00Z,2026-05-23T17:45Z
balancing_energy_bids,35,2026-05-23T17:45:00,PT15M,2026-05-23T18:00Z,2026-05-23T17:45Z,-10,1,21,10Y1001C--00090V,AUCTION-aFRR,B74,10YSK-SEPS-----K,EUR,A01,A02,20260523080-AFRR_N-UNIT_013-1,MWH,MAW,A01,A06,2026-05-23T18:00Z,2026-05-23T17:45Z
balancing_energy_bids,36,2026-05-23T17:45:00,PT15M,2026-05-23T18:00Z,2026-05-23T17:45Z,-10,1,30,10Y1001C--00090V,AUCTION-aFRR,B74,10YSK-SEPS-----K,EUR,A01,A02,20260523080-AFRR_N-UNIT_010-1,MWH,MAW,A01,A06,2026-05-23T18:00Z,2026-05-23T17:45Z
balancing_energy_bids,37,2026-05-23T17:45:00,PT15M,2026-05-23T18:00Z,2026-05-23T17:45Z,10,1,4,10Y1001C--00090V,AUCTION-aFRR,B74,10YSK-SEPS-----K,EUR,A01,A02,20260523080-AFRR_N-UNIT_043-1,MWH,MAW,A01,A06,2026-05-23T18:00Z,2026-05-23T17:45Z
balancing_energy_bids,38,2026-05-23T17:45:00,PT15M,2026-05-23T18:00Z,2026-05-23T17:45Z,-5,1,4,10Y1001C--00090V,AUCTION-aFRR,B74,10YSK-SEPS-----K,EUR,A01,A02,20260523080-AFRR_N-UNIT_104-1,MWH,MAW,A01,A06,2026-05-23T18:00Z,2026-05-23T17:45Z
balancing_energy_bids,39,2026-05-23T17:45:00,PT15M,2026-05-23T18:00Z,2026-05-23T17:45Z,-76.38,1,3,10Y1001C--00090V,AUCTION-aFRR,B74,10YSK-SEPS-----K,EUR,A01,A02,20260523080-AFRR_N-UNIT_089-1,MWH,MAW,A01,A06,2026-05-23T18:00Z,2026-05-23T17:45Z
balancing_energy_bids,40,2026-05-23T17:45:00,PT15M,2026-05-23T18:00Z,2026-05-23T17:45Z,0,1,5,10Y1001C--00090V,AUCTION-aFRR,B74,10YSK-SEPS-----K,EUR,A01,A02,20260523080-AFRR_N-UNIT_097-1,MWH,MAW,A01,A06,2026-05-23T18:00Z,2026-05-23T17:45Z
balancing_energy_bids,41,2026-05-23T17:45:00,PT15M,2026-05-23T18:00Z,2026-05-23T17:45Z,-199,1,1,10Y1001C--00090V,AUCTION-aFRR,B74,10YSK-SEPS-----K,EUR,A01,A02,20260523080-AFRR_N-UNIT_019-1,MWH,MAW,A01,A11,2026-05-23T18:00Z,2026-05-23T17:45Z
balancing_energy_bids,42,2026-05-23T17:45:00,PT15M,2026-05-23T18:00Z,2026-05-23T17:45Z,-19,1,1,10Y1001C--00090V,AUCTION-aFRR,B74,10YSK-SEPS-----K,EUR,A01,A02,20260523080-AFRR_N-UNIT_106-1,MWH,MAW,A01,A06,2026-05-23T18:00Z,2026-05-23T17:45Z
balancing_energy_bids,43,2026-05-23T17:45:00,PT15M,2026-05-23T18:00Z,2026-05-23T17:45Z,-5,1,7,10Y1001C--00090V,AUCTION-aFRR,B74,10YSK-SEPS-----K,EUR,A01,A02,20260523080-AFRR_N-UNIT_123-1,MWH,MAW,A01,A06,2026-05-23T18:00Z,2026-05-23T17:45Z
balancing_energy_bids,44,2026-05-23T17:45:00,PT15M,2026-05-23T18:00Z,2026-05-23T17:45Z,245.34,1,28,10Y1001C--00090V,AUCTION-aFRR,B74,10YSK-SEPS-----K,EUR,A01,A01,20260523080-AFRR_P-UNIT_065-1,MWH,MAW,A01,A06,2026-05-23T18:00Z,2026-05-23T17:45Z
balancing_energy_bids,45,2026-05-23T17:45:00,PT15M,2026-05-23T18:00Z,2026-05-23T17:45Z,150,1,24,10Y1001C--00090V,AUCTION-aFRR,B74,10YSK-SEPS-----K,EUR,A01,A01,20260523080-AFRR_P-UNIT_052-1,MWH,MAW,A01,A06,2026-05-23T18:00Z,2026-05-23T17:45Z
balancing_energy_bids,46,2026-05-23T17:45:00,PT15M,2026-05-23T18:00Z,2026-05-23T17:45Z,500,1,10,10Y1001C--00090V,AUCTION-aFRR,B74,10YSK-SEPS-----K,EUR,A01,A01,20260523080-AFRR_P-UNIT_047-1,MWH,MAW,A01,A06,2026-05-23T18:00Z,2026-05-23T17:45Z
balancing_energy_bids,47,2026-05-23T17:45:00,PT15M,2026-05-23T18:00Z,2026-05-23T17:45Z,350,1,17,10Y1001C--00090V,AUCTION-aFRR,B74,10YSK-SEPS-----K,EUR,A01,A01,20260523080-AFRR_P-UNIT_051-1,MWH,MAW,A01,A06,2026-05-23T18:00Z,2026-05-23T17:45Z
balancing_energy_bids,48,2026-05-23T17:45:00,PT15M,2026-05-23T18:00Z,2026-05-23T17:45Z,135,1,15,10Y1001C--00090V,AUCTION-aFRR,B74,10YSK-SEPS-----K,EUR,A01,A01,20260523080-AFRR_P-UNIT_069-1,MWH,MAW,A01,A06,2026-05-23T18:00Z,2026-05-23T17:45Z
balancing_energy_bids,49,2026-05-23T17:45:00,PT15M,2026-05-23T18:00Z,2026-05-23T17:45Z,245.34,1,10,10Y1001C--00090V,AUCTION-aFRR,B74,10YSK-SEPS-----K,EUR,A01,A01,20260523080-AFRR_P-UNIT_036-1,MWH,MAW,A01,A06,2026-05-23T18:00Z,2026-05-23T17:45Z
balancing_energy_bids,50,2026-05-23T17:45:00,PT15M,2026-05-23T18:00Z,2026-05-23T17:45Z,200,1,1,10Y1001C--00090V,AUCTION-aFRR,B74,10YSK-SEPS-----K,EUR,A01,A01,20260523080-AFRR_P-UNIT_058-1,MWH,MAW,A01,A11,2026-05-23T18:00Z,2026-05-23T17:45Z
balancing_energy_bids,51,2026-05-23T17:45:00,PT15M,2026-05-23T18:00Z,2026-05-23T17:45Z,193,1,3,10Y1001C--00090V,AUCTION-aFRR,B74,10YSK-SEPS-----K,EUR,A01,A01,20260523080-AFRR_P-UNIT_043-1,MWH,MAW,A01,A06,2026-05-23T18:00Z,2026-05-23T17:45Z
balancing_energy_bids,52,2026-05-23T17:45:00,PT15M,2026-05-23T18:00Z,2026-05-23T17:45Z,110,1,10,10Y1001C--00090V,AUCTION-aFRR,B74,10YSK-SEPS-----K,EUR,A01,A01,20260523080-AFRR_P-UNIT_063-1,MWH,MAW,A01,A06,2026-05-23T18:00Z,2026-05-23T17:45Z
balancing_energy_bids,53,2026-05-23T17:45:00,PT15M,2026-05-23T18:00Z,2026-05-23T17:45Z,749,1,3,10Y1001C--00090V,AUCTION-aFRR,B74,10YSK-SEPS-----K,EUR,A01,A01,20260523080-AFRR_P-UNIT_078-1,MWH,MAW,A01,A06,2026-05-23T18:00Z,2026-05-23T17:45Z
balancing_energy_bids,54,2026-05-23T17:45:00,PT15M,2026-05-23T18:00Z,2026-05-23T17:45Z,750,1,11,10Y1001C--00090V,AUCTION-aFRR,B74,10YSK-SEPS-----K,EUR,A01,A01,20260523080-AFRR_P-UNIT_104-1,MWH,MAW,A01,A06,2026-05-23T18:00Z,2026-05-23T17:45Z
balancing_energy_bids,55,2026-05-23T17:45:00,PT15M,2026-05-23T18:00Z,2026-05-23T17:45Z,85,1,2,10Y1001C--00090V,AUCTION-aFRR,B74,10YSK-SEPS-----K,EUR,A01,A01,20260523080-AFRR_P-UNIT_097-1,MWH,MAW,A01,A06,2026-05-23T18:00Z,2026-05-23T17:45Z
balancing_energy_bids,56,2026-05-23T17:45:00,PT15M,2026-05-23T18:00Z,2026-05-23T17:45Z,301,1,1,10Y1001C--00090V,AUCTION-aFRR,B74,10YSK-SEPS-----K,EUR,A01,A01,20260523080-AFRR_P-UNIT_019-1,MWH,MAW,A01,A06,2026-05-23T18:00Z,2026-05-23T17:45Z
balancing_energy_bids,57,2026-05-23T17:45:00,PT15M,2026-05-23T18:00Z,2026-05-23T17:45Z,300,1,1,10Y1001C--00090V,AUCTION-aFRR,B74,10YSK-SEPS-----K,EUR,A01,A01,20260523080-AFRR_P-UNIT_106-1,MWH,MAW,A01,A11,2026-05-23T18:00Z,2026-05-23T17:45Z
balancing_energy_bids,58,2026-05-23T17:45:00,PT15M,2026-05-23T18:00Z,2026-05-23T17:45Z,189,1,8,10Y1001C--00090V,AUCTION-aFRR,B74,10YSK-SEPS-----K,EUR,A01,A01,20260523080-AFRR_P-UNIT_123-1,MWH,MAW,A01,A06,2026-05-23T18:00Z,2026-05-23T17:45Z
balancing_energy_bids,59,2026-05-23T17:45:00,PT15M,2026-05-23T18:00Z,2026-05-23T17:45Z,-5,1,10,10Y1001C--00090V,AUCTION-aFRR,B74,10YSK-SEPS-----K,EUR,A01,A02,20260523080-AFRR_N-UNIT_068-1,MWH,MAW,A01,A06,2026-05-23T18:00Z,2026-05-23T17:45Z
balancing_energy_bids,60,2026-05-23T17:45:00,PT15M,2026-05-23T18:00Z,2026-05-23T17:45Z,-10,1,10,10Y1001C--00090V,AUCTION-aFRR,B74,10YSK-SEPS-----K,EUR,A01,A02,20260523080-AFRR_N-UNIT_065-1,MWH,MAW,A01,A06,2026-05-23T18:00Z,2026-05-23T17:45Z
balancing_energy_bids,61,2026-05-23T17:45:00,PT15M,2026-05-23T18:00Z,2026-05-23T17:45Z,-30,1,14,10Y1001C--00090V,AUCTION-aFRR,B74,10YSK-SEPS-----K,EUR,A01,A02,20260523080-AFRR_N-UNIT_052-1,MWH,MAW,A01,A06,2026-05-23T18:00Z,2026-05-23T17:45Z
balancing_energy_bids,62,2026-05-23T17:45:00,PT15M,2026-05-23T18:00Z,2026-05-23T17:45Z,197.08,1,5,10Y1001C--00090V,AUCTION-aFRR,B74,10YSK-SEPS-----K,EUR,A01,A01,20260523080-AFRR_P-UNIT_068-1,MWH,MAW,A01,A06,2026-05-23T18:00Z,2026-05-23T17:45Z
balancing_energy_bids,63,2026-05-23T17:45:00,PT15M,2026-05-23T18:00Z,2026-05-23T17:45Z,197.07,1,5,10Y1001C--00090V,AUCTION-aFRR,B74,10YSK-SEPS-----K,EUR,A01,A01,20260523080-AFRR_P-UNIT_028-1,MWH,MAW,A01,A06,2026-05-23T18:00Z,2026-05-23T17:45Z
balancing_energy_bids,64,2026-05-23T18:00:00,PT15M,2026-05-23T18:15Z,2026-05-23T18:00Z,172.46,1,5,10Y1001C--00090V,AUCTION-aFRR,B74,10YSK-SEPS-----K,EUR,A01,A01,20260523081-AFRR_P-UNIT_068-1,MWH,MAW,A01,A06,2026-05-23T18:15Z,2026-05-23T18:00Z
balancing_energy_bids,65,2026-05-23T18:00:00,PT15M,2026-05-23T18:15Z,2026-05-23T18:00Z,172.45,1,5,10Y1001C--00090V,AUCTION-aFRR,B74,10YSK-SEPS-----K,EUR,A01,A01,20260523081-AFRR_P-UNIT_028-1,MWH,MAW,A01,A06,2026-05-23T18:15Z,2026-05-23T18:00Z
balancing_energy_bids,66,2026-05-23T18:00:00,PT15M,2026-05-23T18:15Z,2026-05-23T18:00Z,224.23,1,28,10Y1001C--00090V,AUCTION-aFRR,B74,10YSK-SEPS-----K,EUR,A01,A01,20260523081-AFRR_P-UNIT_065-1,MWH,MAW,A01,A06,2026-05-23T18:15Z,2026-05-23T18:00Z
balancing_energy_bids,67,2026-05-23T18:00:00,PT15M,2026-05-23T18:15Z,2026-05-23T18:00Z,150,1,24,10Y1001C--00090V,AUCTION-aFRR,B74,10YSK-SEPS-----K,EUR,A01,A01,20260523081-AFRR_P-UNIT_052-1,MWH,MAW,A01,A06,2026-05-23T18:15Z,2026-05-23T18:00Z
balancing_energy_bids,68,2026-05-23T18:00:00,PT15M,2026-05-23T18:15Z,2026-05-23T18:00Z,500,1,10,10Y1001C--00090V,AUCTION-aFRR,B74,10YSK-SEPS-----K,EUR,A01,A01,20260523081-AFRR_P-UNIT_047-1,MWH,MAW,A01,A06,2026-05-23T18:15Z,2026-05-23T18:00Z
balancing_energy_bids,69,2026-05-23T18:00:00,PT15M,2026-05-23T18:15Z,2026-05-23T18:00Z,350,1,17,10Y1001C--00090V,AUCTION-aFRR,B74,10YSK-SEPS-----K,EUR,A01,A01,20260523081-AFRR_P-UNIT_051-1,MWH,MAW,A01,A06,2026-05-23T18:15Z,2026-05-23T18:00Z
balancing_energy_bids,70,2026-05-23T18:00:00,PT15M,2026-05-23T18:15Z,2026-05-23T18:00Z,135,1,15,10Y1001C--00090V,AUCTION-aFRR,B74,10YSK-SEPS-----K,EUR,A01,A01,20260523081-AFRR_P-UNIT_069-1,MWH,MAW,A01,A06,2026-05-23T18:15Z,2026-05-23T18:00Z
balancing_energy_bids,71,2026-05-23T18:00:00,PT15M,2026-05-23T18:15Z,2026-05-23T18:00Z,224.23,1,11,10Y1001C--00090V,AUCTION-aFRR,B74,10YSK-SEPS-----K,EUR,A01,A01,20260523081-AFRR_P-UNIT_036-1,MWH,MAW,A01,A06,2026-05-23T18:15Z,2026-05-23T18:00Z
balancing_energy_bids,72,2026-05-23T18:00:00,PT15M,2026-05-23T18:15Z,2026-05-23T18:00Z,200,1,1,10Y1001C--00090V,AUCTION-aFRR,B74,10YSK-SEPS-----K,EUR,A01,A01,20260523081-AFRR_P-UNIT_058-1,MWH,MAW,A01,A11,2026-05-23T18:15Z,2026-05-23T18:00Z
balancing_energy_bids,73,2026-05-23T18:00:00,PT15M,2026-05-23T18:15Z,2026-05-23T18:00Z,174,1,3,10Y1001C--00090V,AUCTION-aFRR,B74,10YSK-SEPS-----K,EUR,A01,A01,20260523081-AFRR_P-UNIT_043-1,MWH,MAW,A01,A06,2026-05-23T18:15Z,2026-05-23T18:00Z
balancing_energy_bids,74,2026-05-23T18:00:00,PT15M,2026-05-23T18:15Z,2026-05-23T18:00Z,110,1,10,10Y1001C--00090V,AUCTION-aFRR,B74,10YSK-SEPS-----K,EUR,A01,A01,20260523081-AFRR_P-UNIT_063-1,MWH,MAW,A01,A06,2026-05-23T18:15Z,2026-05-23T18:00Z
balancing_energy_bids,75,2026-05-23T18:00:00,PT15M,2026-05-23T18:15Z,2026-05-23T18:00Z,749,1,3,10Y1001C--00090V,AUCTION-aFRR,B74,10YSK-SEPS-----K,EUR,A01,A01,20260523081-AFRR_P-UNIT_078-1,MWH,MAW,A01,A06,2026-05-23T18:15Z,2026-05-23T18:00Z
balancing_energy_bids,76,2026-05-23T18:00:00,PT15M,2026-05-23T18:15Z,2026-05-23T18:00Z,750,1,11,10Y1001C--00090V,AUCTION-aFRR,B74,10YSK-SEPS-----K,EUR,A01,A01,20260523081-AFRR_P-UNIT_104-1,MWH,MAW,A01,A06,2026-05-23T18:15Z,2026-05-23T18:00Z
balancing_energy_bids,77,2026-05-23T18:00:00,PT15M,2026-05-23T18:15Z,2026-05-23T18:00Z,85,1,2,10Y1001C--00090V,AUCTION-aFRR,B74,10YSK-SEPS-----K,EUR,A01,A01,20260523081-AFRR_P-UNIT_097-1,MWH,MAW,A01,A06,2026-05-23T18:15Z,2026-05-23T18:00Z
balancing_energy_bids,78,2026-05-23T18:00:00,PT15M,2026-05-23T18:15Z,2026-05-23T18:00Z,289,1,1,10Y1001C--00090V,AUCTION-aFRR,B74,10YSK-SEPS-----K,EUR,A01,A01,20260523081-AFRR_P-UNIT_019-1,MWH,MAW,A01,A06,2026-05-23T18:15Z,2026-05-23T18:00Z
balancing_energy_bids,79,2026-05-23T18:00:00,PT15M,2026-05-23T18:15Z,2026-05-23T18:00Z,300,1,1,10Y1001C--00090V,AUCTION-aFRR,B74,10YSK-SEPS-----K,EUR,A01,A01,20260523081-AFRR_P-UNIT_106-1,MWH,MAW,A01,A11,2026-05-23T18:15Z,2026-05-23T18:00Z
balancing_energy_bids,80,2026-05-23T18:00:00,PT15M,2026-05-23T18:15Z,2026-05-23T18:00Z,189,1,7,10Y1001C--00090V,AUCTION-aFRR,B74,10YSK-SEPS-----K,EUR,A01,A01,20260523081-AFRR_P-UNIT_123-1,MWH,MAW,A01,A06,2026-05-23T18:15Z,2026-05-23T18:00Z
balancing_energy_bids,81,2026-05-23T18:00:00,PT15M,2026-05-23T18:15Z,2026-05-23T18:00Z,-5,1,10,10Y1001C--00090V,AUCTION-aFRR,B74,10YSK-SEPS-----K,EUR,A01,A02,20260523081-AFRR_N-UNIT_068-1,MWH,MAW,A01,A06,2026-05-23T18:15Z,2026-05-23T18:00Z
balancing_energy_bids,82,2026-05-23T18:00:00,PT15M,2026-05-23T18:15Z,2026-05-23T18:00Z,-10,1,10,10Y1001C--00090V,AUCTION-aFRR,B74,10YSK-SEPS-----K,EUR,A01,A02,20260523081-AFRR_N-UNIT_065-1,MWH,MAW,A01,A06,2026-05-23T18:15Z,2026-05-23T18:00Z
balancing_energy_bids,83,2026-05-23T18:00:00,PT15M,2026-05-23T18:15Z,2026-05-23T18:00Z,-30,1,14,10Y1001C--00090V,AUCTION-aFRR,B74,10YSK-SEPS-----K,EUR,A01,A02,20260523081-AFRR_N-UNIT_052-1,MWH,MAW,A01,A06,2026-05-23T18:15Z,2026-05-23T18:00Z
balancing_energy_bids,84,2026-05-23T18:00:00,PT15M,2026-05-23T18:15Z,2026-05-23T18:00Z,-144,1,5,10Y1001C--00090V,AUCTION-aFRR,B74,10YSK-SEPS-----K,EUR,A01,A02,20260523081-AFRR_N-UNIT_051-1,MWH,MAW,A01,A06,2026-05-23T18:15Z,2026-05-23T18:00Z
balancing_energy_bids,85,2026-05-23T18:00:00,PT15M,2026-05-23T18:15Z,2026-05-23T18:00Z,-150,1,12,10Y1001C--00090V,AUCTION-aFRR,B74,10YSK-SEPS-----K,EUR,A01,A02,20260523081-AFRR_N-UNIT_069-1,MWH,MAW,A01,A06,2026-05-23T18:15Z,2026-05-23T18:00Z
balancing_energy_bids,86,2026-05-23T18:00:00,PT15M,2026-05-23T18:15Z,2026-05-23T18:00Z,65,1,45,10Y1001C--00090V,AUCTION-aFRR,B74,10YSK-SEPS-----K,EUR,A01,A02,20260523081-AFRR_N-UNIT_049-1,MWH,MAW,A01,A06,2026-05-23T18:15Z,2026-05-23T18:00Z
balancing_energy_bids,87,2026-05-23T18:00:00,PT15M,2026-05-23T18:15Z,2026-05-23T18:00Z,-5,1,1,10Y1001C--00090V,AUCTION-aFRR,B74,10YSK-SEPS-----K,EUR,A01,A02,20260523081-AFRR_N-UNIT_028-1,MWH,MAW,A01,A11,2026-05-23T18:15Z,2026-05-23T18:00Z
balancing_energy_bids,88,2026-05-23T18:00:00,PT15M,2026-05-23T18:15Z,2026-05-23T18:00Z,-50,1,1,10Y1001C--00090V,AUCTION-aFRR,B74,10YSK-SEPS-----K,EUR,A01,A02,20260523081-AFRR_N-UNIT_058-1,MWH,MAW,A01,A11,2026-05-23T18:15Z,2026-05-23T18:00Z
balancing_energy_bids,89,2026-05-23T18:00:00,PT15M,2026-05-23T18:15Z,2026-05-23T18:00Z,-10,1,21,10Y1001C--00090V,AUCTION-aFRR,B74,10YSK-SEPS-----K,EUR,A01,A02,20260523081-AFRR_N-UNIT_013-1,MWH,MAW,A01,A06,2026-05-23T18:15Z,2026-05-23T18:00Z
balancing_energy_bids,90,2026-05-23T18:00:00,PT15M,2026-05-23T18:15Z,2026-05-23T18:00Z,-10,1,30,10Y1001C--00090V,AUCTION-aFRR,B74,10YSK-SEPS-----K,EUR,A01,A02,20260523081-AFRR_N-UNIT_010-1,MWH,MAW,A01,A06,2026-05-23T18:15Z,2026-05-23T18:00Z
balancing_energy_bids,91,2026-05-23T18:00:00,PT15M,2026-05-23T18:15Z,2026-05-23T18:00Z,10,1,4,10Y1001C--00090V,AUCTION-aFRR,B74,10YSK-SEPS-----K,EUR,A01,A02,20260523081-AFRR_N-UNIT_043-1,MWH,MAW,A01,A06,2026-05-23T18:15Z,2026-05-23T18:00Z
balancing_energy_bids,92,2026-05-23T18:00:00,PT15M,2026-05-23T18:15Z,2026-05-23T18:00Z,-5,1,4,10Y1001C--00090V,AUCTION-aFRR,B74,10YSK-SEPS-----K,EUR,A01,A02,20260523081-AFRR_N-UNIT_104-1,MWH,MAW,A01,A06,2026-05-23T18:15Z,2026-05-23T18:00Z
balancing_energy_bids,93,2026-05-23T18:00:00,PT15M,2026-05-23T18:15Z,2026-05-23T18:00Z,-93.97,1,3,10Y1001C--00090V,AUCTION-aFRR,B74,10YSK-SEPS-----K,EUR,A01,A02,20260523081-AFRR_N-UNIT_089-1,MWH,MAW,A01,A06,2026-05-23T18:15Z,2026-05-23T18:00Z
balancing_energy_bids,94,2026-05-23T18:00:00,PT15M,2026-05-23T18:15Z,2026-05-23T18:00Z,0,1,5,10Y1001C--00090V,AUCTION-aFRR,B74,10YSK-SEPS-----K,EUR,A01,A02,20260523081-AFRR_N-UNIT_097-1,MWH,MAW,A01,A06,2026-05-23T18:15Z,2026-05-23T18:00Z
balancing_energy_bids,95,2026-05-23T18:00:00,PT15M,2026-05-23T18:15Z,2026-05-23T18:00Z,-199,1,1,10Y1001C--00090V,AUCTION-aFRR,B74,10YSK-SEPS-----K,EUR,A01,A02,20260523081-AFRR_N-UNIT_019-1,MWH,MAW,A01,A11,2026-05-23T18:15Z,2026-05-23T18:00Z
balancing_energy_bids,96,2026-05-23T18:00:00,PT15M,2026-05-23T18:15Z,2026-05-23T18:00Z,-19,1,1,10Y1001C--00090V,AUCTION-aFRR,B74,10YSK-SEPS-----K,EUR,A01,A02,20260523081-AFRR_N-UNIT_106-1,MWH,MAW,A01,A06,2026-05-23T18:15Z,2026-05-23T18:00Z
balancing_energy_bids,97,2026-05-23T18:00:00,PT15M,2026-05-23T18:15Z,2026-05-23T18:00Z,-5,1,8,10Y1001C--00090V,AUCTION-aFRR,B74,10YSK-SEPS-----K,EUR,A01,A02,20260523081-AFRR_N-UNIT_123-1,MWH,MAW,A01,A06,2026-05-23T18:15Z,2026-05-23T18:00Z
balancing_energy_bids,98,2026-05-23T18:00:00,PT15M,2026-05-23T18:15Z,2026-05-23T18:00Z,70,1,35,10Y1001C--00090V,AUCTION-aFRR,B74,10YSK-SEPS-----K,EUR,A01,A02,20260523081-AFRR_N-UNIT_005-1,MWH,MAW,A01,A06,2026-05-23T18:15Z,2026-05-23T18:00Z
balancing_energy_bids,99,2026-05-23T18:00:00,PT15M,2026-05-23T18:15Z,2026-05-23T18:00Z,174,1,3,10Y1001C--00090V,AUCTION-aFRR,B74,10YSK-SEPS-----K,EUR,A01,A01,20260523081-AFRR_P-UNIT_062-1,MWH,MAW,A01,A11,2026-05-23T18:15Z,2026-05-23T18:00Z
balancing_energy_bids,100,2026-05-23T18:00:00,PT15M,2026-05-23T18:15Z,2026-05-23T18:00Z,-29,1,9,10Y1001C--00090V,AUCTION-aFRR,B74,10YSK-SEPS-----K,EUR,A01,A02,20260523081-AFRR_N-UNIT_062-1,MWH,MAW,A01,A06,2026-05-23T18:15Z,2026-05-23T18:00Z
balancing_energy_bids,1,2026-05-23T18:15:00,PT15M,2026-05-23T18:30Z,2026-05-23T18:15Z,70,1,35,10Y1001C--00090V,AUCTION-aFRR,B74,10YSK-SEPS-----K,EUR,A01,A02,20260523082-AFRR_N-UNIT_005-1,MWH,MAW,A01,A06,2026-05-23T18:30Z,2026-05-23T18:15Z
balancing_energy_bids,2,2026-05-23T18:15:00,PT15M,2026-05-23T18:30Z,2026-05-23T18:15Z,186.29,1,5,10Y1001C--00090V,AUCTION-aFRR,B74,10YSK-SEPS-----K,EUR,A01,A01,20260523082-AFRR_P-UNIT_068-1,MWH,MAW,A01,A06,2026-05-23T18:30Z,2026-05-23T18:15Z
balancing_energy_bids,3,2026-05-23T18:15:00,PT15M,2026-05-23T18:30Z,2026-05-23T18:15Z,186.28,1,5,10Y1001C--00090V,AUCTION-aFRR,B74,10YSK-SEPS-----K,EUR,A01,A01,20260523082-AFRR_P-UNIT_028-1,MWH,MAW,A01,A06,2026-05-23T18:30Z,2026-05-23T18:15Z
balancing_energy_bids,4,2026-05-23T18:15:00,PT15M,2026-05-23T18:30Z,2026-05-23T18:15Z,236.09,1,28,10Y1001C--00090V,AUCTION-aFRR,B74,10YSK-SEPS-----K,EUR,A01,A01,20260523082-AFRR_P-UNIT_065-1,MWH,MAW,A01,A06,2026-05-23T18:30Z,2026-05-23T18:15Z
balancing_energy_bids,5,2026-05-23T18:15:00,PT15M,2026-05-23T18:30Z,2026-05-23T18:15Z,150,1,24,10Y1001C--00090V,AUCTION-aFRR,B74,10YSK-SEPS-----K,EUR,A01,A01,20260523082-AFRR_P-UNIT_052-1,MWH,MAW,A01,A06,2026-05-23T18:30Z,2026-05-23T18:15Z
balancing_energy_bids,6,2026-05-23T18:15:00,PT15M,2026-05-23T18:30Z,2026-05-23T18:15Z,500,1,10,10Y1001C--00090V,AUCTION-aFRR,B74,10YSK-SEPS-----K,EUR,A01,A01,20260523082-AFRR_P-UNIT_047-1,MWH,MAW,A01,A06,2026-05-23T18:30Z,2026-05-23T18:15Z
balancing_energy_bids,7,2026-05-23T18:15:00,PT15M,2026-05-23T18:30Z,2026-05-23T18:15Z,350,1,17,10Y1001C--00090V,AUCTION-aFRR,B74,10YSK-SEPS-----K,EUR,A01,A01,20260523082-AFRR_P-UNIT_051-1,MWH,MAW,A01,A06,2026-05-23T18:30Z,2026-05-23T18:15Z
balancing_energy_bids,8,2026-05-23T18:15:00,PT15M,2026-05-23T18:30Z,2026-05-23T18:15Z,135,1,15,10Y1001C--00090V,AUCTION-aFRR,B74,10YSK-SEPS-----K,EUR,A01,A01,20260523082-AFRR_P-UNIT_069-1,MWH,MAW,A01,A06,2026-05-23T18:30Z,2026-05-23T18:15Z
balancing_energy_bids,9,2026-05-23T18:15:00,PT15M,2026-05-23T18:30Z,2026-05-23T18:15Z,236.09,1,11,10Y1001C--00090V,AUCTION-aFRR,B74,10YSK-SEPS-----K,EUR,A01,A01,20260523082-AFRR_P-UNIT_036-1,MWH,MAW,A01,A06,2026-05-23T18:30Z,2026-05-23T18:15Z
balancing_energy_bids,10,2026-05-23T18:15:00,PT15M,2026-05-23T18:30Z,2026-05-23T18:15Z,200,1,1,10Y1001C--00090V,AUCTION-aFRR,B74,10YSK-SEPS-----K,EUR,A01,A01,20260523082-AFRR_P-UNIT_058-1,MWH,MAW,A01,A11,2026-05-23T18:30Z,2026-05-23T18:15Z
balancing_energy_bids,11,2026-05-23T18:15:00,PT15M,2026-05-23T18:30Z,2026-05-23T18:15Z,185,1,3,10Y1001C--00090V,AUCTION-aFRR,B74,10YSK-SEPS-----K,EUR,A01,A01,20260523082-AFRR_P-UNIT_043-1,MWH,MAW,A01,A06,2026-05-23T18:30Z,2026-05-23T18:15Z
balancing_energy_bids,12,2026-05-23T18:15:00,PT15M,2026-05-23T18:30Z,2026-05-23T18:15Z,110,1,10,10Y1001C--00090V,AUCTION-aFRR,B74,10YSK-SEPS-----K,EUR,A01,A01,20260523082-AFRR_P-UNIT_063-1,MWH,MAW,A01,A06,2026-05-23T18:30Z,2026-05-23T18:15Z
balancing_energy_bids,13,2026-05-23T18:15:00,PT15M,2026-05-23T18:30Z,2026-05-23T18:15Z,749,1,3,10Y1001C--00090V,AUCTION-aFRR,B74,10YSK-SEPS-----K,EUR,A01,A01,20260523082-AFRR_P-UNIT_078-1,MWH,MAW,A01,A06,2026-05-23T18:30Z,2026-05-23T18:15Z
balancing_energy_bids,14,2026-05-23T18:15:00,PT15M,2026-05-23T18:30Z,2026-05-23T18:15Z,750,1,11,10Y1001C--00090V,AUCTION-aFRR,B74,10YSK-SEPS-----K,EUR,A01,A01,20260523082-AFRR_P-UNIT_104-1,MWH,MAW,A01,A06,2026-05-23T18:30Z,2026-05-23T18:15Z
balancing_energy_bids,15,2026-05-23T18:15:00,PT15M,2026-05-23T18:30Z,2026-05-23T18:15Z,85,1,2,10Y1001C--00090V,AUCTION-aFRR,B74,10YSK-SEPS-----K,EUR,A01,A01,20260523082-AFRR_P-UNIT_097-1,MWH,MAW,A01,A06,2026-05-23T18:30Z,2026-05-23T18:15Z
balancing_energy_bids,16,2026-05-23T18:15:00,PT15M,2026-05-23T18:30Z,2026-05-23T18:15Z,296,1,1,10Y1001C--00090V,AUCTION-aFRR,B74,10YSK-SEPS-----K,EUR,A01,A01,20260523082-AFRR_P-UNIT_019-1,MWH,MAW,A01,A06,2026-05-23T18:30Z,2026-05-23T18:15Z
balancing_energy_bids,17,2026-05-23T18:15:00,PT15M,2026-05-23T18:30Z,2026-05-23T18:15Z,300,1,1,10Y1001C--00090V,AUCTION-aFRR,B74,10YSK-SEPS-----K,EUR,A01,A01,20260523082-AFRR_P-UNIT_106-1,MWH,MAW,A01,A11,2026-05-23T18:30Z,2026-05-23T18:15Z
balancing_energy_bids,18,2026-05-23T18:15:00,PT15M,2026-05-23T18:30Z,2026-05-23T18:15Z,189,1,7,10Y1001C--00090V,AUCTION-aFRR,B74,10YSK-SEPS-----K,EUR,A01,A01,20260523082-AFRR_P-UNIT_123-1,MWH,MAW,A01,A06,2026-05-23T18:30Z,2026-05-23T18:15Z
balancing_energy_bids,19,2026-05-23T18:15:00,PT15M,2026-05-23T18:30Z,2026-05-23T18:15Z,-5,1,10,10Y1001C--00090V,AUCTION-aFRR,B74,10YSK-SEPS-----K,EUR,A01,A02,20260523082-AFRR_N-UNIT_068-1,MWH,MAW,A01,A06,2026-05-23T18:30Z,2026-05-23T18:15Z
balancing_energy_bids,20,2026-05-23T18:15:00,PT15M,2026-05-23T18:30Z,2026-05-23T18:15Z,-10,1,10,10Y1001C--00090V,AUCTION-aFRR,B74,10YSK-SEPS-----K,EUR,A01,A02,20260523082-AFRR_N-UNIT_065-1,MWH,MAW,A01,A06,2026-05-23T18:30Z,2026-05-23T18:15Z
balancing_energy_bids,21,2026-05-23T18:15:00,PT15M,2026-05-23T18:30Z,2026-05-23T18:15Z,-30,1,14,10Y1001C--00090V,AUCTION-aFRR,B74,10YSK-SEPS-----K,EUR,A01,A02,20260523082-AFRR_N-UNIT_052-1,MWH,MAW,A01,A06,2026-05-23T18:30Z,2026-05-23T18:15Z
balancing_energy_bids,22,2026-05-23T18:15:00,PT15M,2026-05-23T18:30Z,2026-05-23T18:15Z,-144,1,5,10Y1001C--00090V,AUCTION-aFRR,B74,10YSK-SEPS-----K,EUR,A01,A02,20260523082-AFRR_N-UNIT_051-1,MWH,MAW,A01,A06,2026-05-23T18:30Z,2026-05-23T18:15Z
balancing_energy_bids,23,2026-05-23T18:15:00,PT15M,2026-05-23T18:30Z,2026-05-23T18:15Z,-150,1,12,10Y1001C--00090V,AUCTION-aFRR,B74,10YSK-SEPS-----K,EUR,A01,A02,20260523082-AFRR_N-UNIT_069-1,MWH,MAW,A01,A06,2026-05-23T18:30Z,2026-05-23T18:15Z
balancing_energy_bids,24,2026-05-23T18:15:00,PT15M,2026-05-23T18:30Z,2026-05-23T18:15Z,65,1,45,10Y1001C--00090V,AUCTION-aFRR,B74,10YSK-SEPS-----K,EUR,A01,A02,20260523082-AFRR_N-UNIT_049-1,MWH,MAW,A01,A06,2026-05-23T18:30Z,2026-05-23T18:15Z
balancing_energy_bids,25,2026-05-23T18:15:00,PT15M,2026-05-23T18:30Z,2026-05-23T18:15Z,-5,1,1,10Y1001C--00090V,AUCTION-aFRR,B74,10YSK-SEPS-----K,EUR,A01,A02,20260523082-AFRR_N-UNIT_028-1,MWH,MAW,A01,A11,2026-05-23T18:30Z,2026-05-23T18:15Z
balancing_energy_bids,26,2026-05-23T18:15:00,PT15M,2026-05-23T18:30Z,2026-05-23T18:15Z,-50,1,1,10Y1001C--00090V,AUCTION-aFRR,B74,10YSK-SEPS-----K,EUR,A01,A02,20260523082-AFRR_N-UNIT_058-1,MWH,MAW,A01,A11,2026-05-23T18:30Z,2026-05-23T18:15Z
balancing_energy_bids,27,2026-05-23T18:15:00,PT15M,2026-05-23T18:30Z,2026-05-23T18:15Z,-10,1,21,10Y1001C--00090V,AUCTION-aFRR,B74,10YSK-SEPS-----K,EUR,A01,A02,20260523082-AFRR_N-UNIT_013-1,MWH,MAW,A01,A06,2026-05-23T18:30Z,2026-05-23T18:15Z
balancing_energy_bids,28,2026-05-23T18:15:00,PT15M,2026-05-23T18:30Z,2026-05-23T18:15Z,-10,1,30,10Y1001C--00090V,AUCTION-aFRR,B74,10YSK-SEPS-----K,EUR,A01,A02,20260523082-AFRR_N-UNIT_010-1,MWH,MAW,A01,A06,2026-05-23T18:30Z,2026-05-23T18:15Z
balancing_energy_bids,29,2026-05-23T18:15:00,PT15M,2026-05-23T18:30Z,2026-05-23T18:15Z,10,1,4,10Y1001C--00090V,AUCTION-aFRR,B74,10YSK-SEPS-----K,EUR,A01,A02,20260523082-AFRR_N-UNIT_043-1,MWH,MAW,A01,A06,2026-05-23T18:30Z,2026-05-23T18:15Z
balancing_energy_bids,30,2026-05-23T18:15:00,PT15M,2026-05-23T18:30Z,2026-05-23T18:15Z,-5,1,4,10Y1001C--00090V,AUCTION-aFRR,B74,10YSK-SEPS-----K,EUR,A01,A02,20260523082-AFRR_N-UNIT_104-1,MWH,MAW,A01,A06,2026-05-23T18:30Z,2026-05-23T18:15Z
balancing_energy_bids,31,2026-05-23T18:15:00,PT15M,2026-05-23T18:30Z,2026-05-23T18:15Z,-84.09,1,3,10Y1001C--00090V,AUCTION-aFRR,B74,10YSK-SEPS-----K,EUR,A01,A02,20260523082-AFRR_N-UNIT_089-1,MWH,MAW,A01,A06,2026-05-23T18:30Z,2026-05-23T18:15Z
balancing_energy_bids,32,2026-05-23T18:15:00,PT15M,2026-05-23T18:30Z,2026-05-23T18:15Z,0,1,5,10Y1001C--00090V,AUCTION-aFRR,B74,10YSK-SEPS-----K,EUR,A01,A02,20260523082-AFRR_N-UNIT_097-1,MWH,MAW,A01,A06,2026-05-23T18:30Z,2026-05-23T18:15Z
balancing_energy_bids,33,2026-05-23T18:15:00,PT15M,2026-05-23T18:30Z,2026-05-23T18:15Z,-199,1,1,10Y1001C--00090V,AUCTION-aFRR,B74,10YSK-SEPS-----K,EUR,A01,A02,20260523082-AFRR_N-UNIT_019-1,MWH,MAW,A01,A11,2026-05-23T18:30Z,2026-05-23T18:15Z
balancing_energy_bids,34,2026-05-23T18:15:00,PT15M,2026-05-23T18:30Z,2026-05-23T18:15Z,-19,1,1,10Y1001C--00090V,AUCTION-aFRR,B74,10YSK-SEPS-----K,EUR,A01,A02,20260523082-AFRR_N-UNIT_106-1,MWH,MAW,A01,A06,2026-05-23T18:30Z,2026-05-23T18:15Z
balancing_energy_bids,35,2026-05-23T18:15:00,PT15M,2026-05-23T18:30Z,2026-05-23T18:15Z,-5,1,8,10Y1001C--00090V,AUCTION-aFRR,B74,10YSK-SEPS-----K,EUR,A01,A02,20260523082-AFRR_N-UNIT_123-1,MWH,MAW,A01,A06,2026-05-23T18:30Z,2026-05-23T18:15Z
balancing_energy_bids,36,2026-05-23T18:15:00,PT15M,2026-05-23T18:30Z,2026-05-23T18:15Z,185,1,3,10Y1001C--00090V,AUCTION-aFRR,B74,10YSK-SEPS-----K,EUR,A01,A01,20260523082-AFRR_P-UNIT_062-1,MWH,MAW,A01,A11,2026-05-23T18:30Z,2026-05-23T18:15Z
balancing_energy_bids,37,2026-05-23T18:15:00,PT15M,2026-05-23T18:30Z,2026-05-23T18:15Z,-29,1,9,10Y1001C--00090V,AUCTION-aFRR,B74,10YSK-SEPS-----K,EUR,A01,A02,20260523082-AFRR_N-UNIT_062-1,MWH,MAW,A01,A06,2026-05-23T18:30Z,2026-05-23T18:15Z
balancing_energy_bids,38,2026-05-23T18:30:00,PT15M,2026-05-23T18:45Z,2026-05-23T18:30Z,259.43,1,28,10Y1001C--00090V,AUCTION-aFRR,B74,10YSK-SEPS-----K,EUR,A01,A01,20260523083-AFRR_P-UNIT_065-1,MWH,MAW,A01,A06,2026-05-23T18:45Z,2026-05-23T18:30Z
balancing_energy_bids,39,2026-05-23T18:30:00,PT15M,2026-05-23T18:45Z,2026-05-23T18:30Z,150,1,24,10Y1001C--00090V,AUCTION-aFRR,B74,10YSK-SEPS-----K,EUR,A01,A01,20260523083-AFRR_P-UNIT_052-1,MWH,MAW,A01,A06,2026-05-23T18:45Z,2026-05-23T18:30Z
balancing_energy_bids,40,2026-05-23T18:30:00,PT15M,2026-05-23T18:45Z,2026-05-23T18:30Z,500,1,10,10Y1001C--00090V,AUCTION-aFRR,B74,10YSK-SEPS-----K,EUR,A01,A01,20260523083-AFRR_P-UNIT_047-1,MWH,MAW,A01,A06,2026-05-23T18:45Z,2026-05-23T18:30Z
balancing_energy_bids,41,2026-05-23T18:30:00,PT15M,2026-05-23T18:45Z,2026-05-23T18:30Z,350,1,17,10Y1001C--00090V,AUCTION-aFRR,B74,10YSK-SEPS-----K,EUR,A01,A01,20260523083-AFRR_P-UNIT_051-1,MWH,MAW,A01,A06,2026-05-23T18:45Z,2026-05-23T18:30Z
balancing_energy_bids,42,2026-05-23T18:30:00,PT15M,2026-05-23T18:45Z,2026-05-23T18:30Z,135,1,15,10Y1001C--00090V,AUCTION-aFRR,B74,10YSK-SEPS-----K,EUR,A01,A01,20260523083-AFRR_P-UNIT_069-1,MWH,MAW,A01,A06,2026-05-23T18:45Z,2026-05-23T18:30Z
balancing_energy_bids,43,2026-05-23T18:30:00,PT15M,2026-05-23T18:45Z,2026-05-23T18:30Z,259.43,1,11,10Y1001C--00090V,AUCTION-aFRR,B74,10YSK-SEPS-----K,EUR,A01,A01,20260523083-AFRR_P-UNIT_036-1,MWH,MAW,A01,A06,2026-05-23T18:45Z,2026-05-23T18:30Z
balancing_energy_bids,44,2026-05-23T18:30:00,PT15M,2026-05-23T18:45Z,2026-05-23T18:30Z,200,1,1,10Y1001C--00090V,AUCTION-aFRR,B74,10YSK-SEPS-----K,EUR,A01,A01,20260523083-AFRR_P-UNIT_058-1,MWH,MAW,A01,A11,2026-05-23T18:45Z,2026-05-23T18:30Z
balancing_energy_bids,45,2026-05-23T18:30:00,PT15M,2026-05-23T18:45Z,2026-05-23T18:30Z,205,1,3,10Y1001C--00090V,AUCTION-aFRR,B74,10YSK-SEPS-----K,EUR,A01,A01,20260523083-AFRR_P-UNIT_043-1,MWH,MAW,A01,A06,2026-05-23T18:45Z,2026-05-23T18:30Z
balancing_energy_bids,46,2026-05-23T18:30:00,PT15M,2026-05-23T18:45Z,2026-05-23T18:30Z,110,1,10,10Y1001C--00090V,AUCTION-aFRR,B74,10YSK-SEPS-----K,EUR,A01,A01,20260523083-AFRR_P-UNIT_063-1,MWH,MAW,A01,A06,2026-05-23T18:45Z,2026-05-23T18:30Z
balancing_energy_bids,47,2026-05-23T18:30:00,PT15M,2026-05-23T18:45Z,2026-05-23T18:30Z,749,1,3,10Y1001C--00090V,AUCTION-aFRR,B74,10YSK-SEPS-----K,EUR,A01,A01,20260523083-AFRR_P-UNIT_078-1,MWH,MAW,A01,A06,2026-05-23T18:45Z,2026-05-23T18:30Z
balancing_energy_bids,48,2026-05-23T18:30:00,PT15M,2026-05-23T18:45Z,2026-05-23T18:30Z,750,1,11,10Y1001C--00090V,AUCTION-aFRR,B74,10YSK-SEPS-----K,EUR,A01,A01,20260523083-AFRR_P-UNIT_104-1,MWH,MAW,A01,A06,2026-05-23T18:45Z,2026-05-23T18:30Z
balancing_energy_bids,49,2026-05-23T18:30:00,PT15M,2026-05-23T18:45Z,2026-05-23T18:30Z,85,1,2,10Y1001C--00090V,AUCTION-aFRR,B74,10YSK-SEPS-----K,EUR,A01,A01,20260523083-AFRR_P-UNIT_097-1,MWH,MAW,A01,A06,2026-05-23T18:45Z,2026-05-23T18:30Z
balancing_energy_bids,50,2026-05-23T18:30:00,PT15M,2026-05-23T18:45Z,2026-05-23T18:30Z,319,1,1,10Y1001C--00090V,AUCTION-aFRR,B74,10YSK-SEPS-----K,EUR,A01,A01,20260523083-AFRR_P-UNIT_019-1,MWH,MAW,A01,A06,2026-05-23T18:45Z,2026-05-23T18:30Z
balancing_energy_bids,51,2026-05-23T18:30:00,PT15M,2026-05-23T18:45Z,2026-05-23T18:30Z,300,1,1,10Y1001C--00090V,AUCTION-aFRR,B74,10YSK-SEPS-----K,EUR,A01,A01,20260523083-AFRR_P-UNIT_106-1,MWH,MAW,A01,A11,2026-05-23T18:45Z,2026-05-23T18:30Z
balancing_energy_bids,52,2026-05-23T18:30:00,PT15M,2026-05-23T18:45Z,2026-05-23T18:30Z,189,1,7,10Y1001C--00090V,AUCTION-aFRR,B74,10YSK-SEPS-----K,EUR,A01,A01,20260523083-AFRR_P-UNIT_123-1,MWH,MAW,A01,A06,2026-05-23T18:45Z,2026-05-23T18:30Z
balancing_energy_bids,53,2026-05-23T18:30:00,PT15M,2026-05-23T18:45Z,2026-05-23T18:30Z,-5,1,10,10Y1001C--00090V,AUCTION-aFRR,B74,10YSK-SEPS-----K,EUR,A01,A02,20260523083-AFRR_N-UNIT_068-1,MWH,MAW,A01,A06,2026-05-23T18:45Z,2026-05-23T18:30Z
balancing_energy_bids,54,2026-05-23T18:30:00,PT15M,2026-05-23T18:45Z,2026-05-23T18:30Z,-10,1,10,10Y1001C--00090V,AUCTION-aFRR,B74,10YSK-SEPS-----K,EUR,A01,A02,20260523083-AFRR_N-UNIT_065-1,MWH,MAW,A01,A06,2026-05-23T18:45Z,2026-05-23T18:30Z
balancing_energy_bids,55,2026-05-23T18:30:00,PT15M,2026-05-23T18:45Z,2026-05-23T18:30Z,-30,1,14,10Y1001C--00090V,AUCTION-aFRR,B74,10YSK-SEPS-----K,EUR,A01,A02,20260523083-AFRR_N-UNIT_052-1,MWH,MAW,A01,A06,2026-05-23T18:45Z,2026-05-23T18:30Z
balancing_energy_bids,56,2026-05-23T18:30:00,PT15M,2026-05-23T18:45Z,2026-05-23T18:30Z,-144,1,5,10Y1001C--00090V,AUCTION-aFRR,B74,10YSK-SEPS-----K,EUR,A01,A02,20260523083-AFRR_N-UNIT_051-1,MWH,MAW,A01,A06,2026-05-23T18:45Z,2026-05-23T18:30Z
balancing_energy_bids,57,2026-05-23T18:30:00,PT15M,2026-05-23T18:45Z,2026-05-23T18:30Z,-150,1,12,10Y1001C--00090V,AUCTION-aFRR,B74,10YSK-SEPS-----K,EUR,A01,A02,20260523083-AFRR_N-UNIT_069-1,MWH,MAW,A01,A06,2026-05-23T18:45Z,2026-05-23T18:30Z
balancing_energy_bids,58,2026-05-23T18:30:00,PT15M,2026-05-23T18:45Z,2026-05-23T18:30Z,65,1,45,10Y1001C--00090V,AUCTION-aFRR,B74,10YSK-SEPS-----K,EUR,A01,A02,20260523083-AFRR_N-UNIT_049-1,MWH,MAW,A01,A06,2026-05-23T18:45Z,2026-05-23T18:30Z
balancing_energy_bids,59,2026-05-23T18:30:00,PT15M,2026-05-23T18:45Z,2026-05-23T18:30Z,-5,1,1,10Y1001C--00090V,AUCTION-aFRR,B74,10YSK-SEPS-----K,EUR,A01,A02,20260523083-AFRR_N-UNIT_028-1,MWH,MAW,A01,A11,2026-05-23T18:45Z,2026-05-23T18:30Z
balancing_energy_bids,60,2026-05-23T18:30:00,PT15M,2026-05-23T18:45Z,2026-05-23T18:30Z,-50,1,1,10Y1001C--00090V,AUCTION-aFRR,B74,10YSK-SEPS-----K,EUR,A01,A02,20260523083-AFRR_N-UNIT_058-1,MWH,MAW,A01,A11,2026-05-23T18:45Z,2026-05-23T18:30Z
balancing_energy_bids,61,2026-05-23T18:30:00,PT15M,2026-05-23T18:45Z,2026-05-23T18:30Z,-10,1,21,10Y1001C--00090V,AUCTION-aFRR,B74,10YSK-SEPS-----K,EUR,A01,A02,20260523083-AFRR_N-UNIT_013-1,MWH,MAW,A01,A06,2026-05-23T18:45Z,2026-05-23T18:30Z
balancing_energy_bids,62,2026-05-23T18:30:00,PT15M,2026-05-23T18:45Z,2026-05-23T18:30Z,-10,1,30,10Y1001C--00090V,AUCTION-aFRR,B74,10YSK-SEPS-----K,EUR,A01,A02,20260523083-AFRR_N-UNIT_010-1,MWH,MAW,A01,A06,2026-05-23T18:45Z,2026-05-23T18:30Z
balancing_energy_bids,63,2026-05-23T18:30:00,PT15M,2026-05-23T18:45Z,2026-05-23T18:30Z,10,1,4,10Y1001C--00090V,AUCTION-aFRR,B74,10YSK-SEPS-----K,EUR,A01,A02,20260523083-AFRR_N-UNIT_043-1,MWH,MAW,A01,A06,2026-05-23T18:45Z,2026-05-23T18:30Z
balancing_energy_bids,64,2026-05-23T18:30:00,PT15M,2026-05-23T18:45Z,2026-05-23T18:30Z,-5,1,4,10Y1001C--00090V,AUCTION-aFRR,B74,10YSK-SEPS-----K,EUR,A01,A02,20260523083-AFRR_N-UNIT_104-1,MWH,MAW,A01,A06,2026-05-23T18:45Z,2026-05-23T18:30Z
balancing_energy_bids,65,2026-05-23T18:30:00,PT15M,2026-05-23T18:45Z,2026-05-23T18:30Z,-64.64,1,3,10Y1001C--00090V,AUCTION-aFRR,B74,10YSK-SEPS-----K,EUR,A01,A02,20260523083-AFRR_N-UNIT_089-1,MWH,MAW,A01,A06,2026-05-23T18:45Z,2026-05-23T18:30Z
balancing_energy_bids,66,2026-05-23T18:30:00,PT15M,2026-05-23T18:45Z,2026-05-23T18:30Z,0,1,5,10Y1001C--00090V,AUCTION-aFRR,B74,10YSK-SEPS-----K,EUR,A01,A02,20260523083-AFRR_N-UNIT_097-1,MWH,MAW,A01,A06,2026-05-23T18:45Z,2026-05-23T18:30Z
balancing_energy_bids,67,2026-05-23T18:30:00,PT15M,2026-05-23T18:45Z,2026-05-23T18:30Z,-199,1,1,10Y1001C--00090V,AUCTION-aFRR,B74,10YSK-SEPS-----K,EUR,A01,A02,20260523083-AFRR_N-UNIT_019-1,MWH,MAW,A01,A11,2026-05-23T18:45Z,2026-05-23T18:30Z
balancing_energy_bids,68,2026-05-23T18:30:00,PT15M,2026-05-23T18:45Z,2026-05-23T18:30Z,-19,1,1,10Y1001C--00090V,AUCTION-aFRR,B74,10YSK-SEPS-----K,EUR,A01,A02,20260523083-AFRR_N-UNIT_106-1,MWH,MAW,A01,A06,2026-05-23T18:45Z,2026-05-23T18:30Z
balancing_energy_bids,69,2026-05-23T18:30:00,PT15M,2026-05-23T18:45Z,2026-05-23T18:30Z,-5,1,8,10Y1001C--00090V,AUCTION-aFRR,B74,10YSK-SEPS-----K,EUR,A01,A02,20260523083-AFRR_N-UNIT_123-1,MWH,MAW,A01,A06,2026-05-23T18:45Z,2026-05-23T18:30Z
balancing_energy_bids,70,2026-05-23T18:30:00,PT15M,2026-05-23T18:45Z,2026-05-23T18:30Z,70,1,35,10Y1001C--00090V,AUCTION-aFRR,B74,10YSK-SEPS-----K,EUR,A01,A02,20260523083-AFRR_N-UNIT_005-1,MWH,MAW,A01,A06,2026-05-23T18:45Z,2026-05-23T18:30Z
balancing_energy_bids,71,2026-05-23T18:30:00,PT15M,2026-05-23T18:45Z,2026-05-23T18:30Z,213.52,1,5,10Y1001C--00090V,AUCTION-aFRR,B74,10YSK-SEPS-----K,EUR,A01,A01,20260523083-AFRR_P-UNIT_068-1,MWH,MAW,A01,A06,2026-05-23T18:45Z,2026-05-23T18:30Z
balancing_energy_bids,72,2026-05-23T18:30:00,PT15M,2026-05-23T18:45Z,2026-05-23T18:30Z,213.51,1,5,10Y1001C--00090V,AUCTION-aFRR,B74,10YSK-SEPS-----K,EUR,A01,A01,20260523083-AFRR_P-UNIT_028-1,MWH,MAW,A01,A06,2026-05-23T18:45Z,2026-05-23T18:30Z
balancing_energy_bids,73,2026-05-23T18:30:00,PT15M,2026-05-23T18:45Z,2026-05-23T18:30Z,205,1,3,10Y1001C--00090V,AUCTION-aFRR,B74,10YSK-SEPS-----K,EUR,A01,A01,20260523083-AFRR_P-UNIT_062-1,MWH,MAW,A01,A11,2026-05-23T18:45Z,2026-05-23T18:30Z
balancing_energy_bids,74,2026-05-23T18:30:00,PT15M,2026-05-23T18:45Z,2026-05-23T18:30Z,-29,1,9,10Y1001C--00090V,AUCTION-aFRR,B74,10YSK-SEPS-----K,EUR,A01,A02,20260523083-AFRR_N-UNIT_062-1,MWH,MAW,A01,A06,2026-05-23T18:45Z,2026-05-23T18:30Z
balancing_energy_bids,75,2026-05-23T18:45:00,PT15M,2026-05-23T19:00Z,2026-05-23T18:45Z,221.95,1,5,10Y1001C--00090V,AUCTION-aFRR,B74,10YSK-SEPS-----K,EUR,A01,A01,20260523084-AFRR_P-UNIT_068-1,MWH,MAW,A01,A06,2026-05-23T19:00Z,2026-05-23T18:45Z
balancing_energy_bids,76,2026-05-23T18:45:00,PT15M,2026-05-23T19:00Z,2026-05-23T18:45Z,221.94,1,5,10Y1001C--00090V,AUCTION-aFRR,B74,10YSK-SEPS-----K,EUR,A01,A01,20260523084-AFRR_P-UNIT_028-1,MWH,MAW,A01,A06,2026-05-23T19:00Z,2026-05-23T18:45Z
balancing_energy_bids,77,2026-05-23T18:45:00,PT15M,2026-05-23T19:00Z,2026-05-23T18:45Z,266.65,1,28,10Y1001C--00090V,AUCTION-aFRR,B74,10YSK-SEPS-----K,EUR,A01,A01,20260523084-AFRR_P-UNIT_065-1,MWH,MAW,A01,A06,2026-05-23T19:00Z,2026-05-23T18:45Z
balancing_energy_bids,78,2026-05-23T18:45:00,PT15M,2026-05-23T19:00Z,2026-05-23T18:45Z,150,1,24,10Y1001C--00090V,AUCTION-aFRR,B74,10YSK-SEPS-----K,EUR,A01,A01,20260523084-AFRR_P-UNIT_052-1,MWH,MAW,A01,A06,2026-05-23T19:00Z,2026-05-23T18:45Z
balancing_energy_bids,79,2026-05-23T18:45:00,PT15M,2026-05-23T19:00Z,2026-05-23T18:45Z,500,1,10,10Y1001C--00090V,AUCTION-aFRR,B74,10YSK-SEPS-----K,EUR,A01,A01,20260523084-AFRR_P-UNIT_047-1,MWH,MAW,A01,A06,2026-05-23T19:00Z,2026-05-23T18:45Z
balancing_energy_bids,80,2026-05-23T18:45:00,PT15M,2026-05-23T19:00Z,2026-05-23T18:45Z,350,1,17,10Y1001C--00090V,AUCTION-aFRR,B74,10YSK-SEPS-----K,EUR,A01,A01,20260523084-AFRR_P-UNIT_051-1,MWH,MAW,A01,A06,2026-05-23T19:00Z,2026-05-23T18:45Z
balancing_energy_bids,81,2026-05-23T18:45:00,PT15M,2026-05-23T19:00Z,2026-05-23T18:45Z,135,1,15,10Y1001C--00090V,AUCTION-aFRR,B74,10YSK-SEPS-----K,EUR,A01,A01,20260523084-AFRR_P-UNIT_069-1,MWH,MAW,A01,A06,2026-05-23T19:00Z,2026-05-23T18:45Z
balancing_energy_bids,82,2026-05-23T18:45:00,PT15M,2026-05-23T19:00Z,2026-05-23T18:45Z,266.65,1,11,10Y1001C--00090V,AUCTION-aFRR,B74,10YSK-SEPS-----K,EUR,A01,A01,20260523084-AFRR_P-UNIT_036-1,MWH,MAW,A01,A06,2026-05-23T19:00Z,2026-05-23T18:45Z
balancing_energy_bids,83,2026-05-23T18:45:00,PT15M,2026-05-23T19:00Z,2026-05-23T18:45Z,200,1,1,10Y1001C--00090V,AUCTION-aFRR,B74,10YSK-SEPS-----K,EUR,A01,A01,20260523084-AFRR_P-UNIT_058-1,MWH,MAW,A01,A11,2026-05-23T19:00Z,2026-05-23T18:45Z
balancing_energy_bids,84,2026-05-23T18:45:00,PT15M,2026-05-23T19:00Z,2026-05-23T18:45Z,211,1,3,10Y1001C--00090V,AUCTION-aFRR,B74,10YSK-SEPS-----K,EUR,A01,A01,20260523084-AFRR_P-UNIT_043-1,MWH,MAW,A01,A06,2026-05-23T19:00Z,2026-05-23T18:45Z
balancing_energy_bids,85,2026-05-23T18:45:00,PT15M,2026-05-23T19:00Z,2026-05-23T18:45Z,110,1,10,10Y1001C--00090V,AUCTION-aFRR,B74,10YSK-SEPS-----K,EUR,A01,A01,20260523084-AFRR_P-UNIT_063-1,MWH,MAW,A01,A06,2026-05-23T19:00Z,2026-05-23T18:45Z
balancing_energy_bids,86,2026-05-23T18:45:00,PT15M,2026-05-23T19:00Z,2026-05-23T18:45Z,749,1,3,10Y1001C--00090V,AUCTION-aFRR,B74,10YSK-SEPS-----K,EUR,A01,A01,20260523084-AFRR_P-UNIT_078-1,MWH,MAW,A01,A06,2026-05-23T19:00Z,2026-05-23T18:45Z
balancing_energy_bids,87,2026-05-23T18:45:00,PT15M,2026-05-23T19:00Z,2026-05-23T18:45Z,750,1,11,10Y1001C--00090V,AUCTION-aFRR,B74,10YSK-SEPS-----K,EUR,A01,A01,20260523084-AFRR_P-UNIT_104-1,MWH,MAW,A01,A06,2026-05-23T19:00Z,2026-05-23T18:45Z
balancing_energy_bids,88,2026-05-23T18:45:00,PT15M,2026-05-23T19:00Z,2026-05-23T18:45Z,85,1,2,10Y1001C--00090V,AUCTION-aFRR,B74,10YSK-SEPS-----K,EUR,A01,A01,20260523084-AFRR_P-UNIT_097-1,MWH,MAW,A01,A06,2026-05-23T19:00Z,2026-05-23T18:45Z
balancing_energy_bids,89,2026-05-23T18:45:00,PT15M,2026-05-23T19:00Z,2026-05-23T18:45Z,318,1,1,10Y1001C--00090V,AUCTION-aFRR,B74,10YSK-SEPS-----K,EUR,A01,A01,20260523084-AFRR_P-UNIT_019-1,MWH,MAW,A01,A06,2026-05-23T19:00Z,2026-05-23T18:45Z
balancing_energy_bids,90,2026-05-23T18:45:00,PT15M,2026-05-23T19:00Z,2026-05-23T18:45Z,300,1,1,10Y1001C--00090V,AUCTION-aFRR,B74,10YSK-SEPS-----K,EUR,A01,A01,20260523084-AFRR_P-UNIT_106-1,MWH,MAW,A01,A11,2026-05-23T19:00Z,2026-05-23T18:45Z
balancing_energy_bids,91,2026-05-23T18:45:00,PT15M,2026-05-23T19:00Z,2026-05-23T18:45Z,189,1,7,10Y1001C--00090V,AUCTION-aFRR,B74,10YSK-SEPS-----K,EUR,A01,A01,20260523084-AFRR_P-UNIT_123-1,MWH,MAW,A01,A06,2026-05-23T19:00Z,2026-05-23T18:45Z
balancing_energy_bids,92,2026-05-23T18:45:00,PT15M,2026-05-23T19:00Z,2026-05-23T18:45Z,-5,1,10,10Y1001C--00090V,AUCTION-aFRR,B74,10YSK-SEPS-----K,EUR,A01,A02,20260523084-AFRR_N-UNIT_068-1,MWH,MAW,A01,A06,2026-05-23T19:00Z,2026-05-23T18:45Z
balancing_energy_bids,93,2026-05-23T18:45:00,PT15M,2026-05-23T19:00Z,2026-05-23T18:45Z,-10,1,10,10Y1001C--00090V,AUCTION-aFRR,B74,10YSK-SEPS-----K,EUR,A01,A02,20260523084-AFRR_N-UNIT_065-1,MWH,MAW,A01,A06,2026-05-23T19:00Z,2026-05-23T18:45Z
balancing_energy_bids,94,2026-05-23T18:45:00,PT15M,2026-05-23T19:00Z,2026-05-23T18:45Z,-30,1,14,10Y1001C--00090V,AUCTION-aFRR,B74,10YSK-SEPS-----K,EUR,A01,A02,20260523084-AFRR_N-UNIT_052-1,MWH,MAW,A01,A06,2026-05-23T19:00Z,2026-05-23T18:45Z
balancing_energy_bids,95,2026-05-23T18:45:00,PT15M,2026-05-23T19:00Z,2026-05-23T18:45Z,-144,1,5,10Y1001C--00090V,AUCTION-aFRR,B74,10YSK-SEPS-----K,EUR,A01,A02,20260523084-AFRR_N-UNIT_051-1,MWH,MAW,A01,A06,2026-05-23T19:00Z,2026-05-23T18:45Z
balancing_energy_bids,96,2026-05-23T18:45:00,PT15M,2026-05-23T19:00Z,2026-05-23T18:45Z,-150,1,12,10Y1001C--00090V,AUCTION-aFRR,B74,10YSK-SEPS-----K,EUR,A01,A02,20260523084-AFRR_N-UNIT_069-1,MWH,MAW,A01,A06,2026-05-23T19:00Z,2026-05-23T18:45Z
balancing_energy_bids,97,2026-05-23T18:45:00,PT15M,2026-05-23T19:00Z,2026-05-23T18:45Z,65,1,45,10Y1001C--00090V,AUCTION-aFRR,B74,10YSK-SEPS-----K,EUR,A01,A02,20260523084-AFRR_N-UNIT_049-1,MWH,MAW,A01,A06,2026-05-23T19:00Z,2026-05-23T18:45Z
balancing_energy_bids,98,2026-05-23T18:45:00,PT15M,2026-05-23T19:00Z,2026-05-23T18:45Z,-5,1,1,10Y1001C--00090V,AUCTION-aFRR,B74,10YSK-SEPS-----K,EUR,A01,A02,20260523084-AFRR_N-UNIT_028-1,MWH,MAW,A01,A11,2026-05-23T19:00Z,2026-05-23T18:45Z
balancing_energy_bids,99,2026-05-23T18:45:00,PT15M,2026-05-23T19:00Z,2026-05-23T18:45Z,-50,1,1,10Y1001C--00090V,AUCTION-aFRR,B74,10YSK-SEPS-----K,EUR,A01,A02,20260523084-AFRR_N-UNIT_058-1,MWH,MAW,A01,A11,2026-05-23T19:00Z,2026-05-23T18:45Z
balancing_energy_bids,100,2026-05-23T18:45:00,PT15M,2026-05-23T19:00Z,2026-05-23T18:45Z,-10,1,21,10Y1001C--00090V,AUCTION-aFRR,B74,10YSK-SEPS-----K,EUR,A01,A02,20260523084-AFRR_N-UNIT_013-1,MWH,MAW,A01,A06,2026-05-23T19:00Z,2026-05-23T18:45Z
balancing_energy_bids,1,2026-05-23T18:45:00,PT15M,2026-05-23T19:00Z,2026-05-23T18:45Z,-10,1,30,10Y1001C--00090V,AUCTION-aFRR,B74,10YSK-SEPS-----K,EUR,A01,A02,20260523084-AFRR_N-UNIT_010-1,MWH,MAW,A01,A06,2026-05-23T19:00Z,2026-05-23T18:45Z
balancing_energy_bids,2,2026-05-23T18:45:00,PT15M,2026-05-23T19:00Z,2026-05-23T18:45Z,10,1,4,10Y1001C--00090V,AUCTION-aFRR,B74,10YSK-SEPS-----K,EUR,A01,A02,20260523084-AFRR_N-UNIT_043-1,MWH,MAW,A01,A06,2026-05-23T19:00Z,2026-05-23T18:45Z
balancing_energy_bids,3,2026-05-23T18:45:00,PT15M,2026-05-23T19:00Z,2026-05-23T18:45Z,-5,1,4,10Y1001C--00090V,AUCTION-aFRR,B74,10YSK-SEPS-----K,EUR,A01,A02,20260523084-AFRR_N-UNIT_104-1,MWH,MAW,A01,A06,2026-05-23T19:00Z,2026-05-23T18:45Z
balancing_energy_bids,4,2026-05-23T18:45:00,PT15M,2026-05-23T19:00Z,2026-05-23T18:45Z,-58.62,1,3,10Y1001C--00090V,AUCTION-aFRR,B74,10YSK-SEPS-----K,EUR,A01,A02,20260523084-AFRR_N-UNIT_089-1,MWH,MAW,A01,A06,2026-05-23T19:00Z,2026-05-23T18:45Z
balancing_energy_bids,5,2026-05-23T18:45:00,PT15M,2026-05-23T19:00Z,2026-05-23T18:45Z,0,1,5,10Y1001C--00090V,AUCTION-aFRR,B74,10YSK-SEPS-----K,EUR,A01,A02,20260523084-AFRR_N-UNIT_097-1,MWH,MAW,A01,A06,2026-05-23T19:00Z,2026-05-23T18:45Z
balancing_energy_bids,6,2026-05-23T18:45:00,PT15M,2026-05-23T19:00Z,2026-05-23T18:45Z,-199,1,1,10Y1001C--00090V,AUCTION-aFRR,B74,10YSK-SEPS-----K,EUR,A01,A02,20260523084-AFRR_N-UNIT_019-1,MWH,MAW,A01,A11,2026-05-23T19:00Z,2026-05-23T18:45Z
balancing_energy_bids,7,2026-05-23T18:45:00,PT15M,2026-05-23T19:00Z,2026-05-23T18:45Z,-19,1,1,10Y1001C--00090V,AUCTION-aFRR,B74,10YSK-SEPS-----K,EUR,A01,A02,20260523084-AFRR_N-UNIT_106-1,MWH,MAW,A01,A06,2026-05-23T19:00Z,2026-05-23T18:45Z
balancing_energy_bids,8,2026-05-23T18:45:00,PT15M,2026-05-23T19:00Z,2026-05-23T18:45Z,-5,1,8,10Y1001C--00090V,AUCTION-aFRR,B74,10YSK-SEPS-----K,EUR,A01,A02,20260523084-AFRR_N-UNIT_123-1,MWH,MAW,A01,A06,2026-05-23T19:00Z,2026-05-23T18:45Z
balancing_energy_bids,9,2026-05-23T18:45:00,PT15M,2026-05-23T19:00Z,2026-05-23T18:45Z,70,1,35,10Y1001C--00090V,AUCTION-aFRR,B74,10YSK-SEPS-----K,EUR,A01,A02,20260523084-AFRR_N-UNIT_005-1,MWH,MAW,A01,A06,2026-05-23T19:00Z,2026-05-23T18:45Z
balancing_energy_bids,10,2026-05-23T18:45:00,PT15M,2026-05-23T19:00Z,2026-05-23T18:45Z,211,1,3,10Y1001C--00090V,AUCTION-aFRR,B74,10YSK-SEPS-----K,EUR,A01,A01,20260523084-AFRR_P-UNIT_062-1,MWH,MAW,A01,A11,2026-05-23T19:00Z,2026-05-23T18:45Z
balancing_energy_bids,11,2026-05-23T18:45:00,PT15M,2026-05-23T19:00Z,2026-05-23T18:45Z,-29,1,9,10Y1001C--00090V,AUCTION-aFRR,B74,10YSK-SEPS-----K,EUR,A01,A02,20260523084-AFRR_N-UNIT_062-1,MWH,MAW,A01,A06,2026-05-23T19:00Z,2026-05-23T18:45Z
balancing_energy_bids,12,2026-05-23T19:00:00,PT15M,2026-05-23T19:15Z,2026-05-23T19:00Z,180,1,3,10Y1001C--00090V,AUCTION-aFRR,B74,10YSK-SEPS-----K,EUR,A01,A01,20260523085-AFRR_P-UNIT_062-1,MWH,MAW,A01,A11,2026-05-23T19:15Z,2026-05-23T19:00Z
balancing_energy_bids,13,2026-05-23T19:00:00,PT15M,2026-05-23T19:15Z,2026-05-23T19:00Z,-29,1,9,10Y1001C--00090V,AUCTION-aFRR,B74,10YSK-SEPS-----K,EUR,A01,A02,20260523085-AFRR_N-UNIT_062-1,MWH,MAW,A01,A06,2026-05-23T19:15Z,2026-05-23T19:00Z
balancing_energy_bids,14,2026-05-23T19:00:00,PT15M,2026-05-23T19:15Z,2026-05-23T19:00Z,240.21,1,5,10Y1001C--00090V,AUCTION-aFRR,B74,10YSK-SEPS-----K,EUR,A01,A01,20260523085-AFRR_P-UNIT_068-1,MWH,MAW,A01,A06,2026-05-23T19:15Z,2026-05-23T19:00Z
balancing_energy_bids,15,2026-05-23T19:00:00,PT15M,2026-05-23T19:15Z,2026-05-23T19:00Z,240.21,1,5,10Y1001C--00090V,AUCTION-aFRR,B74,10YSK-SEPS-----K,EUR,A01,A01,20260523085-AFRR_P-UNIT_028-1,MWH,MAW,A01,A06,2026-05-23T19:15Z,2026-05-23T19:00Z
balancing_energy_bids,16,2026-05-23T19:00:00,PT15M,2026-05-23T19:15Z,2026-05-23T19:00Z,230.89,1,28,10Y1001C--00090V,AUCTION-aFRR,B74,10YSK-SEPS-----K,EUR,A01,A01,20260523085-AFRR_P-UNIT_065-1,MWH,MAW,A01,A06,2026-05-23T19:15Z,2026-05-23T19:00Z
balancing_energy_bids,17,2026-05-23T19:00:00,PT15M,2026-05-23T19:15Z,2026-05-23T19:00Z,140,1,25,10Y1001C--00090V,AUCTION-aFRR,B74,10YSK-SEPS-----K,EUR,A01,A01,20260523085-AFRR_P-UNIT_052-1,MWH,MAW,A01,A06,2026-05-23T19:15Z,2026-05-23T19:00Z
balancing_energy_bids,18,2026-05-23T19:00:00,PT15M,2026-05-23T19:15Z,2026-05-23T19:00Z,500,1,10,10Y1001C--00090V,AUCTION-aFRR,B74,10YSK-SEPS-----K,EUR,A01,A01,20260523085-AFRR_P-UNIT_047-1,MWH,MAW,A01,A06,2026-05-23T19:15Z,2026-05-23T19:00Z
balancing_energy_bids,19,2026-05-23T19:00:00,PT15M,2026-05-23T19:15Z,2026-05-23T19:00Z,350,1,17,10Y1001C--00090V,AUCTION-aFRR,B74,10YSK-SEPS-----K,EUR,A01,A01,20260523085-AFRR_P-UNIT_051-1,MWH,MAW,A01,A06,2026-05-23T19:15Z,2026-05-23T19:00Z
balancing_energy_bids,20,2026-05-23T19:00:00,PT15M,2026-05-23T19:15Z,2026-05-23T19:00Z,135,1,15,10Y1001C--00090V,AUCTION-aFRR,B74,10YSK-SEPS-----K,EUR,A01,A01,20260523085-AFRR_P-UNIT_069-1,MWH,MAW,A01,A06,2026-05-23T19:15Z,2026-05-23T19:00Z
balancing_energy_bids,21,2026-05-23T19:00:00,PT15M,2026-05-23T19:15Z,2026-05-23T19:00Z,230.89,1,8,10Y1001C--00090V,AUCTION-aFRR,B74,10YSK-SEPS-----K,EUR,A01,A01,20260523085-AFRR_P-UNIT_036-1,MWH,MAW,A01,A06,2026-05-23T19:15Z,2026-05-23T19:00Z
balancing_energy_bids,22,2026-05-23T19:00:00,PT15M,2026-05-23T19:15Z,2026-05-23T19:00Z,200,1,1,10Y1001C--00090V,AUCTION-aFRR,B74,10YSK-SEPS-----K,EUR,A01,A01,20260523085-AFRR_P-UNIT_058-1,MWH,MAW,A01,A11,2026-05-23T19:15Z,2026-05-23T19:00Z
balancing_energy_bids,23,2026-05-23T19:00:00,PT15M,2026-05-23T19:15Z,2026-05-23T19:00Z,180,1,3,10Y1001C--00090V,AUCTION-aFRR,B74,10YSK-SEPS-----K,EUR,A01,A01,20260523085-AFRR_P-UNIT_043-1,MWH,MAW,A01,A06,2026-05-23T19:15Z,2026-05-23T19:00Z
balancing_energy_bids,24,2026-05-23T19:00:00,PT15M,2026-05-23T19:15Z,2026-05-23T19:00Z,110,1,10,10Y1001C--00090V,AUCTION-aFRR,B74,10YSK-SEPS-----K,EUR,A01,A01,20260523085-AFRR_P-UNIT_063-1,MWH,MAW,A01,A06,2026-05-23T19:15Z,2026-05-23T19:00Z
balancing_energy_bids,25,2026-05-23T19:00:00,PT15M,2026-05-23T19:15Z,2026-05-23T19:00Z,749,1,3,10Y1001C--00090V,AUCTION-aFRR,B74,10YSK-SEPS-----K,EUR,A01,A01,20260523085-AFRR_P-UNIT_078-1,MWH,MAW,A01,A06,2026-05-23T19:15Z,2026-05-23T19:00Z
balancing_energy_bids,26,2026-05-23T19:00:00,PT15M,2026-05-23T19:15Z,2026-05-23T19:00Z,750,1,11,10Y1001C--00090V,AUCTION-aFRR,B74,10YSK-SEPS-----K,EUR,A01,A01,20260523085-AFRR_P-UNIT_104-1,MWH,MAW,A01,A06,2026-05-23T19:15Z,2026-05-23T19:00Z
balancing_energy_bids,27,2026-05-23T19:00:00,PT15M,2026-05-23T19:15Z,2026-05-23T19:00Z,85,1,3,10Y1001C--00090V,AUCTION-aFRR,B74,10YSK-SEPS-----K,EUR,A01,A01,20260523085-AFRR_P-UNIT_097-1,MWH,MAW,A01,A06,2026-05-23T19:15Z,2026-05-23T19:00Z
balancing_energy_bids,28,2026-05-23T19:00:00,PT15M,2026-05-23T19:15Z,2026-05-23T19:00Z,295,1,1,10Y1001C--00090V,AUCTION-aFRR,B74,10YSK-SEPS-----K,EUR,A01,A01,20260523085-AFRR_P-UNIT_019-1,MWH,MAW,A01,A06,2026-05-23T19:15Z,2026-05-23T19:00Z
balancing_energy_bids,29,2026-05-23T19:00:00,PT15M,2026-05-23T19:15Z,2026-05-23T19:00Z,300,1,1,10Y1001C--00090V,AUCTION-aFRR,B74,10YSK-SEPS-----K,EUR,A01,A01,20260523085-AFRR_P-UNIT_106-1,MWH,MAW,A01,A11,2026-05-23T19:15Z,2026-05-23T19:00Z
balancing_energy_bids,30,2026-05-23T19:00:00,PT15M,2026-05-23T19:15Z,2026-05-23T19:00Z,189,1,8,10Y1001C--00090V,AUCTION-aFRR,B74,10YSK-SEPS-----K,EUR,A01,A01,20260523085-AFRR_P-UNIT_123-1,MWH,MAW,A01,A06,2026-05-23T19:15Z,2026-05-23T19:00Z
balancing_energy_bids,31,2026-05-23T19:00:00,PT15M,2026-05-23T19:15Z,2026-05-23T19:00Z,-5,1,10,10Y1001C--00090V,AUCTION-aFRR,B74,10YSK-SEPS-----K,EUR,A01,A02,20260523085-AFRR_N-UNIT_068-1,MWH,MAW,A01,A06,2026-05-23T19:15Z,2026-05-23T19:00Z
balancing_energy_bids,32,2026-05-23T19:00:00,PT15M,2026-05-23T19:15Z,2026-05-23T19:00Z,-10,1,10,10Y1001C--00090V,AUCTION-aFRR,B74,10YSK-SEPS-----K,EUR,A01,A02,20260523085-AFRR_N-UNIT_065-1,MWH,MAW,A01,A06,2026-05-23T19:15Z,2026-05-23T19:00Z
balancing_energy_bids,33,2026-05-23T19:00:00,PT15M,2026-05-23T19:15Z,2026-05-23T19:00Z,-30,1,13,10Y1001C--00090V,AUCTION-aFRR,B74,10YSK-SEPS-----K,EUR,A01,A02,20260523085-AFRR_N-UNIT_052-1,MWH,MAW,A01,A06,2026-05-23T19:15Z,2026-05-23T19:00Z
balancing_energy_bids,34,2026-05-23T19:00:00,PT15M,2026-05-23T19:15Z,2026-05-23T19:00Z,-144,1,5,10Y1001C--00090V,AUCTION-aFRR,B74,10YSK-SEPS-----K,EUR,A01,A02,20260523085-AFRR_N-UNIT_051-1,MWH,MAW,A01,A06,2026-05-23T19:15Z,2026-05-23T19:00Z
balancing_energy_bids,35,2026-05-23T19:00:00,PT15M,2026-05-23T19:15Z,2026-05-23T19:00Z,-150,1,12,10Y1001C--00090V,AUCTION-aFRR,B74,10YSK-SEPS-----K,EUR,A01,A02,20260523085-AFRR_N-UNIT_069-1,MWH,MAW,A01,A06,2026-05-23T19:15Z,2026-05-23T19:00Z
balancing_energy_bids,36,2026-05-23T19:00:00,PT15M,2026-05-23T19:15Z,2026-05-23T19:00Z,65,1,45,10Y1001C--00090V,AUCTION-aFRR,B74,10YSK-SEPS-----K,EUR,A01,A02,20260523085-AFRR_N-UNIT_049-1,MWH,MAW,A01,A06,2026-05-23T19:15Z,2026-05-23T19:00Z
balancing_energy_bids,37,2026-05-23T19:00:00,PT15M,2026-05-23T19:15Z,2026-05-23T19:00Z,-5,1,1,10Y1001C--00090V,AUCTION-aFRR,B74,10YSK-SEPS-----K,EUR,A01,A02,20260523085-AFRR_N-UNIT_028-1,MWH,MAW,A01,A11,2026-05-23T19:15Z,2026-05-23T19:00Z
balancing_energy_bids,38,2026-05-23T19:00:00,PT15M,2026-05-23T19:15Z,2026-05-23T19:00Z,-50,1,1,10Y1001C--00090V,AUCTION-aFRR,B74,10YSK-SEPS-----K,EUR,A01,A02,20260523085-AFRR_N-UNIT_058-1,MWH,MAW,A01,A11,2026-05-23T19:15Z,2026-05-23T19:00Z
balancing_energy_bids,39,2026-05-23T19:00:00,PT15M,2026-05-23T19:15Z,2026-05-23T19:00Z,-10,1,21,10Y1001C--00090V,AUCTION-aFRR,B74,10YSK-SEPS-----K,EUR,A01,A02,20260523085-AFRR_N-UNIT_013-1,MWH,MAW,A01,A06,2026-05-23T19:15Z,2026-05-23T19:00Z
balancing_energy_bids,40,2026-05-23T19:00:00,PT15M,2026-05-23T19:15Z,2026-05-23T19:00Z,-10,1,30,10Y1001C--00090V,AUCTION-aFRR,B74,10YSK-SEPS-----K,EUR,A01,A02,20260523085-AFRR_N-UNIT_010-1,MWH,MAW,A01,A06,2026-05-23T19:15Z,2026-05-23T19:00Z
balancing_energy_bids,41,2026-05-23T19:00:00,PT15M,2026-05-23T19:15Z,2026-05-23T19:00Z,10,1,4,10Y1001C--00090V,AUCTION-aFRR,B74,10YSK-SEPS-----K,EUR,A01,A02,20260523085-AFRR_N-UNIT_043-1,MWH,MAW,A01,A06,2026-05-23T19:15Z,2026-05-23T19:00Z
balancing_energy_bids,42,2026-05-23T19:00:00,PT15M,2026-05-23T19:15Z,2026-05-23T19:00Z,-5,1,4,10Y1001C--00090V,AUCTION-aFRR,B74,10YSK-SEPS-----K,EUR,A01,A02,20260523085-AFRR_N-UNIT_104-1,MWH,MAW,A01,A06,2026-05-23T19:15Z,2026-05-23T19:00Z
balancing_energy_bids,43,2026-05-23T19:00:00,PT15M,2026-05-23T19:15Z,2026-05-23T19:00Z,-88.42,1,3,10Y1001C--00090V,AUCTION-aFRR,B74,10YSK-SEPS-----K,EUR,A01,A02,20260523085-AFRR_N-UNIT_089-1,MWH,MAW,A01,A06,2026-05-23T19:15Z,2026-05-23T19:00Z
balancing_energy_bids,44,2026-05-23T19:00:00,PT15M,2026-05-23T19:15Z,2026-05-23T19:00Z,0,1,5,10Y1001C--00090V,AUCTION-aFRR,B74,10YSK-SEPS-----K,EUR,A01,A02,20260523085-AFRR_N-UNIT_097-1,MWH,MAW,A01,A06,2026-05-23T19:15Z,2026-05-23T19:00Z
balancing_energy_bids,45,2026-05-23T19:00:00,PT15M,2026-05-23T19:15Z,2026-05-23T19:00Z,-199,1,1,10Y1001C--00090V,AUCTION-aFRR,B74,10YSK-SEPS-----K,EUR,A01,A02,20260523085-AFRR_N-UNIT_019-1,MWH,MAW,A01,A11,2026-05-23T19:15Z,2026-05-23T19:00Z
balancing_energy_bids,46,2026-05-23T19:00:00,PT15M,2026-05-23T19:15Z,2026-05-23T19:00Z,-19,1,1,10Y1001C--00090V,AUCTION-aFRR,B74,10YSK-SEPS-----K,EUR,A01,A02,20260523085-AFRR_N-UNIT_106-1,MWH,MAW,A01,A06,2026-05-23T19:15Z,2026-05-23T19:00Z
balancing_energy_bids,47,2026-05-23T19:00:00,PT15M,2026-05-23T19:15Z,2026-05-23T19:00Z,-5,1,7,10Y1001C--00090V,AUCTION-aFRR,B74,10YSK-SEPS-----K,EUR,A01,A02,20260523085-AFRR_N-UNIT_123-1,MWH,MAW,A01,A06,2026-05-23T19:15Z,2026-05-23T19:00Z
balancing_energy_bids,48,2026-05-23T19:00:00,PT15M,2026-05-23T19:15Z,2026-05-23T19:00Z,70,1,35,10Y1001C--00090V,AUCTION-aFRR,B74,10YSK-SEPS-----K,EUR,A01,A02,20260523085-AFRR_N-UNIT_005-1,MWH,MAW,A01,A06,2026-05-23T19:15Z,2026-05-23T19:00Z
balancing_energy_bids,49,2026-05-23T19:15:00,PT15M,2026-05-23T19:30Z,2026-05-23T19:15Z,0,1,5,10Y1001C--00090V,AUCTION-aFRR,B74,10YSK-SEPS-----K,EUR,A01,A02,20260523086-AFRR_N-UNIT_097-1,MWH,MAW,A01,A06,2026-05-23T19:30Z,2026-05-23T19:15Z
balancing_energy_bids,50,2026-05-23T19:15:00,PT15M,2026-05-23T19:30Z,2026-05-23T19:15Z,-199,1,1,10Y1001C--00090V,AUCTION-aFRR,B74,10YSK-SEPS-----K,EUR,A01,A02,20260523086-AFRR_N-UNIT_019-1,MWH,MAW,A01,A11,2026-05-23T19:30Z,2026-05-23T19:15Z
balancing_energy_bids,51,2026-05-23T19:15:00,PT15M,2026-05-23T19:30Z,2026-05-23T19:15Z,-19,1,1,10Y1001C--00090V,AUCTION-aFRR,B74,10YSK-SEPS-----K,EUR,A01,A02,20260523086-AFRR_N-UNIT_106-1,MWH,MAW,A01,A06,2026-05-23T19:30Z,2026-05-23T19:15Z
balancing_energy_bids,52,2026-05-23T19:15:00,PT15M,2026-05-23T19:30Z,2026-05-23T19:15Z,-5,1,7,10Y1001C--00090V,AUCTION-aFRR,B74,10YSK-SEPS-----K,EUR,A01,A02,20260523086-AFRR_N-UNIT_123-1,MWH,MAW,A01,A06,2026-05-23T19:30Z,2026-05-23T19:15Z
balancing_energy_bids,53,2026-05-23T19:15:00,PT15M,2026-05-23T19:30Z,2026-05-23T19:15Z,225.62,1,28,10Y1001C--00090V,AUCTION-aFRR,B74,10YSK-SEPS-----K,EUR,A01,A01,20260523086-AFRR_P-UNIT_065-1,MWH,MAW,A01,A06,2026-05-23T19:30Z,2026-05-23T19:15Z
balancing_energy_bids,54,2026-05-23T19:15:00,PT15M,2026-05-23T19:30Z,2026-05-23T19:15Z,140,1,25,10Y1001C--00090V,AUCTION-aFRR,B74,10YSK-SEPS-----K,EUR,A01,A01,20260523086-AFRR_P-UNIT_052-1,MWH,MAW,A01,A06,2026-05-23T19:30Z,2026-05-23T19:15Z
balancing_energy_bids,55,2026-05-23T19:15:00,PT15M,2026-05-23T19:30Z,2026-05-23T19:15Z,500,1,10,10Y1001C--00090V,AUCTION-aFRR,B74,10YSK-SEPS-----K,EUR,A01,A01,20260523086-AFRR_P-UNIT_047-1,MWH,MAW,A01,A06,2026-05-23T19:30Z,2026-05-23T19:15Z
balancing_energy_bids,56,2026-05-23T19:15:00,PT15M,2026-05-23T19:30Z,2026-05-23T19:15Z,350,1,17,10Y1001C--00090V,AUCTION-aFRR,B74,10YSK-SEPS-----K,EUR,A01,A01,20260523086-AFRR_P-UNIT_051-1,MWH,MAW,A01,A06,2026-05-23T19:30Z,2026-05-23T19:15Z
balancing_energy_bids,57,2026-05-23T19:15:00,PT15M,2026-05-23T19:30Z,2026-05-23T19:15Z,135,1,15,10Y1001C--00090V,AUCTION-aFRR,B74,10YSK-SEPS-----K,EUR,A01,A01,20260523086-AFRR_P-UNIT_069-1,MWH,MAW,A01,A06,2026-05-23T19:30Z,2026-05-23T19:15Z
balancing_energy_bids,58,2026-05-23T19:15:00,PT15M,2026-05-23T19:30Z,2026-05-23T19:15Z,225.62,1,8,10Y1001C--00090V,AUCTION-aFRR,B74,10YSK-SEPS-----K,EUR,A01,A01,20260523086-AFRR_P-UNIT_036-1,MWH,MAW,A01,A06,2026-05-23T19:30Z,2026-05-23T19:15Z
balancing_energy_bids,59,2026-05-23T19:15:00,PT15M,2026-05-23T19:30Z,2026-05-23T19:15Z,200,1,1,10Y1001C--00090V,AUCTION-aFRR,B74,10YSK-SEPS-----K,EUR,A01,A01,20260523086-AFRR_P-UNIT_058-1,MWH,MAW,A01,A11,2026-05-23T19:30Z,2026-05-23T19:15Z
balancing_energy_bids,60,2026-05-23T19:15:00,PT15M,2026-05-23T19:30Z,2026-05-23T19:15Z,176,1,3,10Y1001C--00090V,AUCTION-aFRR,B74,10YSK-SEPS-----K,EUR,A01,A01,20260523086-AFRR_P-UNIT_043-1,MWH,MAW,A01,A06,2026-05-23T19:30Z,2026-05-23T19:15Z
balancing_energy_bids,61,2026-05-23T19:15:00,PT15M,2026-05-23T19:30Z,2026-05-23T19:15Z,110,1,10,10Y1001C--00090V,AUCTION-aFRR,B74,10YSK-SEPS-----K,EUR,A01,A01,20260523086-AFRR_P-UNIT_063-1,MWH,MAW,A01,A06,2026-05-23T19:30Z,2026-05-23T19:15Z
balancing_energy_bids,62,2026-05-23T19:15:00,PT15M,2026-05-23T19:30Z,2026-05-23T19:15Z,749,1,3,10Y1001C--00090V,AUCTION-aFRR,B74,10YSK-SEPS-----K,EUR,A01,A01,20260523086-AFRR_P-UNIT_078-1,MWH,MAW,A01,A06,2026-05-23T19:30Z,2026-05-23T19:15Z
balancing_energy_bids,63,2026-05-23T19:15:00,PT15M,2026-05-23T19:30Z,2026-05-23T19:15Z,750,1,11,10Y1001C--00090V,AUCTION-aFRR,B74,10YSK-SEPS-----K,EUR,A01,A01,20260523086-AFRR_P-UNIT_104-1,MWH,MAW,A01,A06,2026-05-23T19:30Z,2026-05-23T19:15Z
balancing_energy_bids,64,2026-05-23T19:15:00,PT15M,2026-05-23T19:30Z,2026-05-23T19:15Z,85,1,3,10Y1001C--00090V,AUCTION-aFRR,B74,10YSK-SEPS-----K,EUR,A01,A01,20260523086-AFRR_P-UNIT_097-1,MWH,MAW,A01,A06,2026-05-23T19:30Z,2026-05-23T19:15Z
balancing_energy_bids,65,2026-05-23T19:15:00,PT15M,2026-05-23T19:30Z,2026-05-23T19:15Z,285,1,1,10Y1001C--00090V,AUCTION-aFRR,B74,10YSK-SEPS-----K,EUR,A01,A01,20260523086-AFRR_P-UNIT_019-1,MWH,MAW,A01,A06,2026-05-23T19:30Z,2026-05-23T19:15Z
balancing_energy_bids,66,2026-05-23T19:15:00,PT15M,2026-05-23T19:30Z,2026-05-23T19:15Z,300,1,1,10Y1001C--00090V,AUCTION-aFRR,B74,10YSK-SEPS-----K,EUR,A01,A01,20260523086-AFRR_P-UNIT_106-1,MWH,MAW,A01,A11,2026-05-23T19:30Z,2026-05-23T19:15Z
balancing_energy_bids,67,2026-05-23T19:15:00,PT15M,2026-05-23T19:30Z,2026-05-23T19:15Z,189,1,8,10Y1001C--00090V,AUCTION-aFRR,B74,10YSK-SEPS-----K,EUR,A01,A01,20260523086-AFRR_P-UNIT_123-1,MWH,MAW,A01,A06,2026-05-23T19:30Z,2026-05-23T19:15Z
balancing_energy_bids,68,2026-05-23T19:15:00,PT15M,2026-05-23T19:30Z,2026-05-23T19:15Z,-5,1,10,10Y1001C--00090V,AUCTION-aFRR,B74,10YSK-SEPS-----K,EUR,A01,A02,20260523086-AFRR_N-UNIT_068-1,MWH,MAW,A01,A06,2026-05-23T19:30Z,2026-05-23T19:15Z
balancing_energy_bids,69,2026-05-23T19:15:00,PT15M,2026-05-23T19:30Z,2026-05-23T19:15Z,-10,1,10,10Y1001C--00090V,AUCTION-aFRR,B74,10YSK-SEPS-----K,EUR,A01,A02,20260523086-AFRR_N-UNIT_065-1,MWH,MAW,A01,A06,2026-05-23T19:30Z,2026-05-23T19:15Z
balancing_energy_bids,70,2026-05-23T19:15:00,PT15M,2026-05-23T19:30Z,2026-05-23T19:15Z,-30,1,13,10Y1001C--00090V,AUCTION-aFRR,B74,10YSK-SEPS-----K,EUR,A01,A02,20260523086-AFRR_N-UNIT_052-1,MWH,MAW,A01,A06,2026-05-23T19:30Z,2026-05-23T19:15Z
balancing_energy_bids,71,2026-05-23T19:15:00,PT15M,2026-05-23T19:30Z,2026-05-23T19:15Z,-144,1,5,10Y1001C--00090V,AUCTION-aFRR,B74,10YSK-SEPS-----K,EUR,A01,A02,20260523086-AFRR_N-UNIT_051-1,MWH,MAW,A01,A06,2026-05-23T19:30Z,2026-05-23T19:15Z
balancing_energy_bids,72,2026-05-23T19:15:00,PT15M,2026-05-23T19:30Z,2026-05-23T19:15Z,-150,1,12,10Y1001C--00090V,AUCTION-aFRR,B74,10YSK-SEPS-----K,EUR,A01,A02,20260523086-AFRR_N-UNIT_069-1,MWH,MAW,A01,A06,2026-05-23T19:30Z,2026-05-23T19:15Z
balancing_energy_bids,73,2026-05-23T19:15:00,PT15M,2026-05-23T19:30Z,2026-05-23T19:15Z,65,1,45,10Y1001C--00090V,AUCTION-aFRR,B74,10YSK-SEPS-----K,EUR,A01,A02,20260523086-AFRR_N-UNIT_049-1,MWH,MAW,A01,A06,2026-05-23T19:30Z,2026-05-23T19:15Z
balancing_energy_bids,74,2026-05-23T19:15:00,PT15M,2026-05-23T19:30Z,2026-05-23T19:15Z,-5,1,1,10Y1001C--00090V,AUCTION-aFRR,B74,10YSK-SEPS-----K,EUR,A01,A02,20260523086-AFRR_N-UNIT_028-1,MWH,MAW,A01,A11,2026-05-23T19:30Z,2026-05-23T19:15Z
balancing_energy_bids,75,2026-05-23T19:15:00,PT15M,2026-05-23T19:30Z,2026-05-23T19:15Z,-50,1,1,10Y1001C--00090V,AUCTION-aFRR,B74,10YSK-SEPS-----K,EUR,A01,A02,20260523086-AFRR_N-UNIT_058-1,MWH,MAW,A01,A11,2026-05-23T19:30Z,2026-05-23T19:15Z
balancing_energy_bids,76,2026-05-23T19:15:00,PT15M,2026-05-23T19:30Z,2026-05-23T19:15Z,-10,1,21,10Y1001C--00090V,AUCTION-aFRR,B74,10YSK-SEPS-----K,EUR,A01,A02,20260523086-AFRR_N-UNIT_013-1,MWH,MAW,A01,A06,2026-05-23T19:30Z,2026-05-23T19:15Z
balancing_energy_bids,77,2026-05-23T19:15:00,PT15M,2026-05-23T19:30Z,2026-05-23T19:15Z,-10,1,30,10Y1001C--00090V,AUCTION-aFRR,B74,10YSK-SEPS-----K,EUR,A01,A02,20260523086-AFRR_N-UNIT_010-1,MWH,MAW,A01,A06,2026-05-23T19:30Z,2026-05-23T19:15Z
balancing_energy_bids,78,2026-05-23T19:15:00,PT15M,2026-05-23T19:30Z,2026-05-23T19:15Z,10,1,4,10Y1001C--00090V,AUCTION-aFRR,B74,10YSK-SEPS-----K,EUR,A01,A02,20260523086-AFRR_N-UNIT_043-1,MWH,MAW,A01,A06,2026-05-23T19:30Z,2026-05-23T19:15Z
balancing_energy_bids,79,2026-05-23T19:15:00,PT15M,2026-05-23T19:30Z,2026-05-23T19:15Z,-5,1,4,10Y1001C--00090V,AUCTION-aFRR,B74,10YSK-SEPS-----K,EUR,A01,A02,20260523086-AFRR_N-UNIT_104-1,MWH,MAW,A01,A06,2026-05-23T19:30Z,2026-05-23T19:15Z
balancing_energy_bids,80,2026-05-23T19:15:00,PT15M,2026-05-23T19:30Z,2026-05-23T19:15Z,-92.81,1,3,10Y1001C--00090V,AUCTION-aFRR,B74,10YSK-SEPS-----K,EUR,A01,A02,20260523086-AFRR_N-UNIT_089-1,MWH,MAW,A01,A06,2026-05-23T19:30Z,2026-05-23T19:15Z
balancing_energy_bids,81,2026-05-23T19:15:00,PT15M,2026-05-23T19:30Z,2026-05-23T19:15Z,70,1,35,10Y1001C--00090V,AUCTION-aFRR,B74,10YSK-SEPS-----K,EUR,A01,A02,20260523086-AFRR_N-UNIT_005-1,MWH,MAW,A01,A06,2026-05-23T19:30Z,2026-05-23T19:15Z
balancing_energy_bids,82,2026-05-23T19:15:00,PT15M,2026-05-23T19:30Z,2026-05-23T19:15Z,176,1,3,10Y1001C--00090V,AUCTION-aFRR,B74,10YSK-SEPS-----K,EUR,A01,A01,20260523086-AFRR_P-UNIT_062-1,MWH,MAW,A01,A11,2026-05-23T19:30Z,2026-05-23T19:15Z
balancing_energy_bids,83,2026-05-23T19:15:00,PT15M,2026-05-23T19:30Z,2026-05-23T19:15Z,-29,1,9,10Y1001C--00090V,AUCTION-aFRR,B74,10YSK-SEPS-----K,EUR,A01,A02,20260523086-AFRR_N-UNIT_062-1,MWH,MAW,A01,A06,2026-05-23T19:30Z,2026-05-23T19:15Z
balancing_energy_bids,84,2026-05-23T19:15:00,PT15M,2026-05-23T19:30Z,2026-05-23T19:15Z,234.06,1,5,10Y1001C--00090V,AUCTION-aFRR,B74,10YSK-SEPS-----K,EUR,A01,A01,20260523086-AFRR_P-UNIT_028-1,MWH,MAW,A01,A06,2026-05-23T19:30Z,2026-05-23T19:15Z
balancing_energy_bids,85,2026-05-23T19:15:00,PT15M,2026-05-23T19:30Z,2026-05-23T19:15Z,234.06,1,5,10Y1001C--00090V,AUCTION-aFRR,B74,10YSK-SEPS-----K,EUR,A01,A01,20260523086-AFRR_P-UNIT_068-1,MWH,MAW,A01,A06,2026-05-23T19:30Z,2026-05-23T19:15Z
balancing_energy_bids,86,2026-05-23T19:30:00,PT15M,2026-05-23T19:45Z,2026-05-23T19:30Z,70,1,35,10Y1001C--00090V,AUCTION-aFRR,B74,10YSK-SEPS-----K,EUR,A01,A02,20260523087-AFRR_N-UNIT_005-1,MWH,MAW,A01,A06,2026-05-23T19:45Z,2026-05-23T19:30Z
balancing_energy_bids,87,2026-05-23T19:30:00,PT15M,2026-05-23T19:45Z,2026-05-23T19:30Z,225.27,1,5,10Y1001C--00090V,AUCTION-aFRR,B74,10YSK-SEPS-----K,EUR,A01,A01,20260523087-AFRR_P-UNIT_068-1,MWH,MAW,A01,A06,2026-05-23T19:45Z,2026-05-23T19:30Z
balancing_energy_bids,88,2026-05-23T19:30:00,PT15M,2026-05-23T19:45Z,2026-05-23T19:30Z,225.27,1,5,10Y1001C--00090V,AUCTION-aFRR,B74,10YSK-SEPS-----K,EUR,A01,A01,20260523087-AFRR_P-UNIT_028-1,MWH,MAW,A01,A06,2026-05-23T19:45Z,2026-05-23T19:30Z
balancing_energy_bids,89,2026-05-23T19:30:00,PT15M,2026-05-23T19:45Z,2026-05-23T19:30Z,218.09,1,28,10Y1001C--00090V,AUCTION-aFRR,B74,10YSK-SEPS-----K,EUR,A01,A01,20260523087-AFRR_P-UNIT_065-1,MWH,MAW,A01,A06,2026-05-23T19:45Z,2026-05-23T19:30Z
balancing_energy_bids,90,2026-05-23T19:30:00,PT15M,2026-05-23T19:45Z,2026-05-23T19:30Z,140,1,25,10Y1001C--00090V,AUCTION-aFRR,B74,10YSK-SEPS-----K,EUR,A01,A01,20260523087-AFRR_P-UNIT_052-1,MWH,MAW,A01,A06,2026-05-23T19:45Z,2026-05-23T19:30Z
balancing_energy_bids,91,2026-05-23T19:30:00,PT15M,2026-05-23T19:45Z,2026-05-23T19:30Z,500,1,10,10Y1001C--00090V,AUCTION-aFRR,B74,10YSK-SEPS-----K,EUR,A01,A01,20260523087-AFRR_P-UNIT_047-1,MWH,MAW,A01,A06,2026-05-23T19:45Z,2026-05-23T19:30Z
balancing_energy_bids,92,2026-05-23T19:30:00,PT15M,2026-05-23T19:45Z,2026-05-23T19:30Z,350,1,17,10Y1001C--00090V,AUCTION-aFRR,B74,10YSK-SEPS-----K,EUR,A01,A01,20260523087-AFRR_P-UNIT_051-1,MWH,MAW,A01,A06,2026-05-23T19:45Z,2026-05-23T19:30Z
balancing_energy_bids,93,2026-05-23T19:30:00,PT15M,2026-05-23T19:45Z,2026-05-23T19:30Z,135,1,15,10Y1001C--00090V,AUCTION-aFRR,B74,10YSK-SEPS-----K,EUR,A01,A01,20260523087-AFRR_P-UNIT_069-1,MWH,MAW,A01,A06,2026-05-23T19:45Z,2026-05-23T19:30Z
balancing_energy_bids,94,2026-05-23T19:30:00,PT15M,2026-05-23T19:45Z,2026-05-23T19:30Z,218.09,1,8,10Y1001C--00090V,AUCTION-aFRR,B74,10YSK-SEPS-----K,EUR,A01,A01,20260523087-AFRR_P-UNIT_036-1,MWH,MAW,A01,A06,2026-05-23T19:45Z,2026-05-23T19:30Z
balancing_energy_bids,95,2026-05-23T19:30:00,PT15M,2026-05-23T19:45Z,2026-05-23T19:30Z,200,1,1,10Y1001C--00090V,AUCTION-aFRR,B74,10YSK-SEPS-----K,EUR,A01,A01,20260523087-AFRR_P-UNIT_058-1,MWH,MAW,A01,A11,2026-05-23T19:45Z,2026-05-23T19:30Z
balancing_energy_bids,96,2026-05-23T19:30:00,PT15M,2026-05-23T19:45Z,2026-05-23T19:30Z,169,1,3,10Y1001C--00090V,AUCTION-aFRR,B74,10YSK-SEPS-----K,EUR,A01,A01,20260523087-AFRR_P-UNIT_043-1,MWH,MAW,A01,A06,2026-05-23T19:45Z,2026-05-23T19:30Z
balancing_energy_bids,97,2026-05-23T19:30:00,PT15M,2026-05-23T19:45Z,2026-05-23T19:30Z,110,1,10,10Y1001C--00090V,AUCTION-aFRR,B74,10YSK-SEPS-----K,EUR,A01,A01,20260523087-AFRR_P-UNIT_063-1,MWH,MAW,A01,A06,2026-05-23T19:45Z,2026-05-23T19:30Z
balancing_energy_bids,98,2026-05-23T19:30:00,PT15M,2026-05-23T19:45Z,2026-05-23T19:30Z,749,1,3,10Y1001C--00090V,AUCTION-aFRR,B74,10YSK-SEPS-----K,EUR,A01,A01,20260523087-AFRR_P-UNIT_078-1,MWH,MAW,A01,A06,2026-05-23T19:45Z,2026-05-23T19:30Z
balancing_energy_bids,99,2026-05-23T19:30:00,PT15M,2026-05-23T19:45Z,2026-05-23T19:30Z,750,1,11,10Y1001C--00090V,AUCTION-aFRR,B74,10YSK-SEPS-----K,EUR,A01,A01,20260523087-AFRR_P-UNIT_104-1,MWH,MAW,A01,A06,2026-05-23T19:45Z,2026-05-23T19:30Z
balancing_energy_bids,100,2026-05-23T19:30:00,PT15M,2026-05-23T19:45Z,2026-05-23T19:30Z,85,1,3,10Y1001C--00090V,AUCTION-aFRR,B74,10YSK-SEPS-----K,EUR,A01,A01,20260523087-AFRR_P-UNIT_097-1,MWH,MAW,A01,A06,2026-05-23T19:45Z,2026-05-23T19:30Z
balancing_energy_bids,1,2026-05-23T19:30:00,PT15M,2026-05-23T19:45Z,2026-05-23T19:30Z,278,1,1,10Y1001C--00090V,AUCTION-aFRR,B74,10YSK-SEPS-----K,EUR,A01,A01,20260523087-AFRR_P-UNIT_019-1,MWH,MAW,A01,A06,2026-05-23T19:45Z,2026-05-23T19:30Z
balancing_energy_bids,2,2026-05-23T19:30:00,PT15M,2026-05-23T19:45Z,2026-05-23T19:30Z,300,1,1,10Y1001C--00090V,AUCTION-aFRR,B74,10YSK-SEPS-----K,EUR,A01,A01,20260523087-AFRR_P-UNIT_106-1,MWH,MAW,A01,A11,2026-05-23T19:45Z,2026-05-23T19:30Z
balancing_energy_bids,3,2026-05-23T19:30:00,PT15M,2026-05-23T19:45Z,2026-05-23T19:30Z,189,1,8,10Y1001C--00090V,AUCTION-aFRR,B74,10YSK-SEPS-----K,EUR,A01,A01,20260523087-AFRR_P-UNIT_123-1,MWH,MAW,A01,A06,2026-05-23T19:45Z,2026-05-23T19:30Z
balancing_energy_bids,4,2026-05-23T19:30:00,PT15M,2026-05-23T19:45Z,2026-05-23T19:30Z,-5,1,10,10Y1001C--00090V,AUCTION-aFRR,B74,10YSK-SEPS-----K,EUR,A01,A02,20260523087-AFRR_N-UNIT_068-1,MWH,MAW,A01,A06,2026-05-23T19:45Z,2026-05-23T19:30Z
balancing_energy_bids,5,2026-05-23T19:30:00,PT15M,2026-05-23T19:45Z,2026-05-23T19:30Z,-10,1,10,10Y1001C--00090V,AUCTION-aFRR,B74,10YSK-SEPS-----K,EUR,A01,A02,20260523087-AFRR_N-UNIT_065-1,MWH,MAW,A01,A06,2026-05-23T19:45Z,2026-05-23T19:30Z
balancing_energy_bids,6,2026-05-23T19:30:00,PT15M,2026-05-23T19:45Z,2026-05-23T19:30Z,-30,1,13,10Y1001C--00090V,AUCTION-aFRR,B74,10YSK-SEPS-----K,EUR,A01,A02,20260523087-AFRR_N-UNIT_052-1,MWH,MAW,A01,A06,2026-05-23T19:45Z,2026-05-23T19:30Z
balancing_energy_bids,7,2026-05-23T19:30:00,PT15M,2026-05-23T19:45Z,2026-05-23T19:30Z,-144,1,5,10Y1001C--00090V,AUCTION-aFRR,B74,10YSK-SEPS-----K,EUR,A01,A02,20260523087-AFRR_N-UNIT_051-1,MWH,MAW,A01,A06,2026-05-23T19:45Z,2026-05-23T19:30Z
balancing_energy_bids,8,2026-05-23T19:30:00,PT15M,2026-05-23T19:45Z,2026-05-23T19:30Z,-150,1,12,10Y1001C--00090V,AUCTION-aFRR,B74,10YSK-SEPS-----K,EUR,A01,A02,20260523087-AFRR_N-UNIT_069-1,MWH,MAW,A01,A06,2026-05-23T19:45Z,2026-05-23T19:30Z
balancing_energy_bids,9,2026-05-23T19:30:00,PT15M,2026-05-23T19:45Z,2026-05-23T19:30Z,65,1,45,10Y1001C--00090V,AUCTION-aFRR,B74,10YSK-SEPS-----K,EUR,A01,A02,20260523087-AFRR_N-UNIT_049-1,MWH,MAW,A01,A06,2026-05-23T19:45Z,2026-05-23T19:30Z
balancing_energy_bids,10,2026-05-23T19:30:00,PT15M,2026-05-23T19:45Z,2026-05-23T19:30Z,-5,1,1,10Y1001C--00090V,AUCTION-aFRR,B74,10YSK-SEPS-----K,EUR,A01,A02,20260523087-AFRR_N-UNIT_028-1,MWH,MAW,A01,A11,2026-05-23T19:45Z,2026-05-23T19:30Z
balancing_energy_bids,11,2026-05-23T19:30:00,PT15M,2026-05-23T19:45Z,2026-05-23T19:30Z,-50,1,1,10Y1001C--00090V,AUCTION-aFRR,B74,10YSK-SEPS-----K,EUR,A01,A02,20260523087-AFRR_N-UNIT_058-1,MWH,MAW,A01,A11,2026-05-23T19:45Z,2026-05-23T19:30Z
balancing_energy_bids,12,2026-05-23T19:30:00,PT15M,2026-05-23T19:45Z,2026-05-23T19:30Z,-10,1,21,10Y1001C--00090V,AUCTION-aFRR,B74,10YSK-SEPS-----K,EUR,A01,A02,20260523087-AFRR_N-UNIT_013-1,MWH,MAW,A01,A06,2026-05-23T19:45Z,2026-05-23T19:30Z
balancing_energy_bids,13,2026-05-23T19:30:00,PT15M,2026-05-23T19:45Z,2026-05-23T19:30Z,-10,1,30,10Y1001C--00090V,AUCTION-aFRR,B74,10YSK-SEPS-----K,EUR,A01,A02,20260523087-AFRR_N-UNIT_010-1,MWH,MAW,A01,A06,2026-05-23T19:45Z,2026-05-23T19:30Z
balancing_energy_bids,14,2026-05-23T19:30:00,PT15M,2026-05-23T19:45Z,2026-05-23T19:30Z,10,1,4,10Y1001C--00090V,AUCTION-aFRR,B74,10YSK-SEPS-----K,EUR,A01,A02,20260523087-AFRR_N-UNIT_043-1,MWH,MAW,A01,A06,2026-05-23T19:45Z,2026-05-23T19:30Z
balancing_energy_bids,15,2026-05-23T19:30:00,PT15M,2026-05-23T19:45Z,2026-05-23T19:30Z,-5,1,4,10Y1001C--00090V,AUCTION-aFRR,B74,10YSK-SEPS-----K,EUR,A01,A02,20260523087-AFRR_N-UNIT_104-1,MWH,MAW,A01,A06,2026-05-23T19:45Z,2026-05-23T19:30Z
balancing_energy_bids,16,2026-05-23T19:30:00,PT15M,2026-05-23T19:45Z,2026-05-23T19:30Z,-99.09,1,3,10Y1001C--00090V,AUCTION-aFRR,B74,10YSK-SEPS-----K,EUR,A01,A02,20260523087-AFRR_N-UNIT_089-1,MWH,MAW,A01,A06,2026-05-23T19:45Z,2026-05-23T19:30Z
balancing_energy_bids,17,2026-05-23T19:30:00,PT15M,2026-05-23T19:45Z,2026-05-23T19:30Z,0,1,5,10Y1001C--00090V,AUCTION-aFRR,B74,10YSK-SEPS-----K,EUR,A01,A02,20260523087-AFRR_N-UNIT_097-1,MWH,MAW,A01,A06,2026-05-23T19:45Z,2026-05-23T19:30Z
balancing_energy_bids,18,2026-05-23T19:30:00,PT15M,2026-05-23T19:45Z,2026-05-23T19:30Z,-199,1,1,10Y1001C--00090V,AUCTION-aFRR,B74,10YSK-SEPS-----K,EUR,A01,A02,20260523087-AFRR_N-UNIT_019-1,MWH,MAW,A01,A11,2026-05-23T19:45Z,2026-05-23T19:30Z
balancing_energy_bids,19,2026-05-23T19:30:00,PT15M,2026-05-23T19:45Z,2026-05-23T19:30Z,-19,1,1,10Y1001C--00090V,AUCTION-aFRR,B74,10YSK-SEPS-----K,EUR,A01,A02,20260523087-AFRR_N-UNIT_106-1,MWH,MAW,A01,A06,2026-05-23T19:45Z,2026-05-23T19:30Z
balancing_energy_bids,20,2026-05-23T19:30:00,PT15M,2026-05-23T19:45Z,2026-05-23T19:30Z,-5,1,7,10Y1001C--00090V,AUCTION-aFRR,B74,10YSK-SEPS-----K,EUR,A01,A02,20260523087-AFRR_N-UNIT_123-1,MWH,MAW,A01,A06,2026-05-23T19:45Z,2026-05-23T19:30Z
balancing_energy_bids,21,2026-05-23T19:30:00,PT15M,2026-05-23T19:45Z,2026-05-23T19:30Z,169,1,3,10Y1001C--00090V,AUCTION-aFRR,B74,10YSK-SEPS-----K,EUR,A01,A01,20260523087-AFRR_P-UNIT_062-1,MWH,MAW,A01,A11,2026-05-23T19:45Z,2026-05-23T19:30Z
balancing_energy_bids,22,2026-05-23T19:30:00,PT15M,2026-05-23T19:45Z,2026-05-23T19:30Z,-29,1,9,10Y1001C--00090V,AUCTION-aFRR,B74,10YSK-SEPS-----K,EUR,A01,A02,20260523087-AFRR_N-UNIT_062-1,MWH,MAW,A01,A06,2026-05-23T19:45Z,2026-05-23T19:30Z
balancing_energy_bids,23,2026-05-23T19:45:00,PT15M,2026-05-23T20:00Z,2026-05-23T19:45Z,215.1,1,28,10Y1001C--00090V,AUCTION-aFRR,B74,10YSK-SEPS-----K,EUR,A01,A01,20260523088-AFRR_P-UNIT_065-1,MWH,MAW,A01,A06,2026-05-23T20:00Z,2026-05-23T19:45Z
balancing_energy_bids,24,2026-05-23T19:45:00,PT15M,2026-05-23T20:00Z,2026-05-23T19:45Z,140,1,25,10Y1001C--00090V,AUCTION-aFRR,B74,10YSK-SEPS-----K,EUR,A01,A01,20260523088-AFRR_P-UNIT_052-1,MWH,MAW,A01,A06,2026-05-23T20:00Z,2026-05-23T19:45Z
balancing_energy_bids,25,2026-05-23T19:45:00,PT15M,2026-05-23T20:00Z,2026-05-23T19:45Z,500,1,10,10Y1001C--00090V,AUCTION-aFRR,B74,10YSK-SEPS-----K,EUR,A01,A01,20260523088-AFRR_P-UNIT_047-1,MWH,MAW,A01,A06,2026-05-23T20:00Z,2026-05-23T19:45Z
balancing_energy_bids,26,2026-05-23T19:45:00,PT15M,2026-05-23T20:00Z,2026-05-23T19:45Z,350,1,17,10Y1001C--00090V,AUCTION-aFRR,B74,10YSK-SEPS-----K,EUR,A01,A01,20260523088-AFRR_P-UNIT_051-1,MWH,MAW,A01,A06,2026-05-23T20:00Z,2026-05-23T19:45Z
balancing_energy_bids,27,2026-05-23T19:45:00,PT15M,2026-05-23T20:00Z,2026-05-23T19:45Z,135,1,15,10Y1001C--00090V,AUCTION-aFRR,B74,10YSK-SEPS-----K,EUR,A01,A01,20260523088-AFRR_P-UNIT_069-1,MWH,MAW,A01,A06,2026-05-23T20:00Z,2026-05-23T19:45Z
balancing_energy_bids,28,2026-05-23T19:45:00,PT15M,2026-05-23T20:00Z,2026-05-23T19:45Z,215.1,1,8,10Y1001C--00090V,AUCTION-aFRR,B74,10YSK-SEPS-----K,EUR,A01,A01,20260523088-AFRR_P-UNIT_036-1,MWH,MAW,A01,A06,2026-05-23T20:00Z,2026-05-23T19:45Z
balancing_energy_bids,29,2026-05-23T19:45:00,PT15M,2026-05-23T20:00Z,2026-05-23T19:45Z,200,1,1,10Y1001C--00090V,AUCTION-aFRR,B74,10YSK-SEPS-----K,EUR,A01,A01,20260523088-AFRR_P-UNIT_058-1,MWH,MAW,A01,A11,2026-05-23T20:00Z,2026-05-23T19:45Z
balancing_energy_bids,30,2026-05-23T19:45:00,PT15M,2026-05-23T20:00Z,2026-05-23T19:45Z,166,1,3,10Y1001C--00090V,AUCTION-aFRR,B74,10YSK-SEPS-----K,EUR,A01,A01,20260523088-AFRR_P-UNIT_043-1,MWH,MAW,A01,A06,2026-05-23T20:00Z,2026-05-23T19:45Z
balancing_energy_bids,31,2026-05-23T19:45:00,PT15M,2026-05-23T20:00Z,2026-05-23T19:45Z,110,1,10,10Y1001C--00090V,AUCTION-aFRR,B74,10YSK-SEPS-----K,EUR,A01,A01,20260523088-AFRR_P-UNIT_063-1,MWH,MAW,A01,A06,2026-05-23T20:00Z,2026-05-23T19:45Z
balancing_energy_bids,32,2026-05-23T19:45:00,PT15M,2026-05-23T20:00Z,2026-05-23T19:45Z,749,1,3,10Y1001C--00090V,AUCTION-aFRR,B74,10YSK-SEPS-----K,EUR,A01,A01,20260523088-AFRR_P-UNIT_078-1,MWH,MAW,A01,A06,2026-05-23T20:00Z,2026-05-23T19:45Z
balancing_energy_bids,33,2026-05-23T19:45:00,PT15M,2026-05-23T20:00Z,2026-05-23T19:45Z,750,1,11,10Y1001C--00090V,AUCTION-aFRR,B74,10YSK-SEPS-----K,EUR,A01,A01,20260523088-AFRR_P-UNIT_104-1,MWH,MAW,A01,A06,2026-05-23T20:00Z,2026-05-23T19:45Z
balancing_energy_bids,34,2026-05-23T19:45:00,PT15M,2026-05-23T20:00Z,2026-05-23T19:45Z,85,1,3,10Y1001C--00090V,AUCTION-aFRR,B74,10YSK-SEPS-----K,EUR,A01,A01,20260523088-AFRR_P-UNIT_097-1,MWH,MAW,A01,A06,2026-05-23T20:00Z,2026-05-23T19:45Z
balancing_energy_bids,35,2026-05-23T19:45:00,PT15M,2026-05-23T20:00Z,2026-05-23T19:45Z,283,1,1,10Y1001C--00090V,AUCTION-aFRR,B74,10YSK-SEPS-----K,EUR,A01,A01,20260523088-AFRR_P-UNIT_019-1,MWH,MAW,A01,A06,2026-05-23T20:00Z,2026-05-23T19:45Z
balancing_energy_bids,36,2026-05-23T19:45:00,PT15M,2026-05-23T20:00Z,2026-05-23T19:45Z,300,1,1,10Y1001C--00090V,AUCTION-aFRR,B74,10YSK-SEPS-----K,EUR,A01,A01,20260523088-AFRR_P-UNIT_106-1,MWH,MAW,A01,A11,2026-05-23T20:00Z,2026-05-23T19:45Z
balancing_energy_bids,37,2026-05-23T19:45:00,PT15M,2026-05-23T20:00Z,2026-05-23T19:45Z,189,1,8,10Y1001C--00090V,AUCTION-aFRR,B74,10YSK-SEPS-----K,EUR,A01,A01,20260523088-AFRR_P-UNIT_123-1,MWH,MAW,A01,A06,2026-05-23T20:00Z,2026-05-23T19:45Z
balancing_energy_bids,38,2026-05-23T19:45:00,PT15M,2026-05-23T20:00Z,2026-05-23T19:45Z,-5,1,10,10Y1001C--00090V,AUCTION-aFRR,B74,10YSK-SEPS-----K,EUR,A01,A02,20260523088-AFRR_N-UNIT_068-1,MWH,MAW,A01,A06,2026-05-23T20:00Z,2026-05-23T19:45Z
balancing_energy_bids,39,2026-05-23T19:45:00,PT15M,2026-05-23T20:00Z,2026-05-23T19:45Z,-10,1,10,10Y1001C--00090V,AUCTION-aFRR,B74,10YSK-SEPS-----K,EUR,A01,A02,20260523088-AFRR_N-UNIT_065-1,MWH,MAW,A01,A06,2026-05-23T20:00Z,2026-05-23T19:45Z
balancing_energy_bids,40,2026-05-23T19:45:00,PT15M,2026-05-23T20:00Z,2026-05-23T19:45Z,-30,1,13,10Y1001C--00090V,AUCTION-aFRR,B74,10YSK-SEPS-----K,EUR,A01,A02,20260523088-AFRR_N-UNIT_052-1,MWH,MAW,A01,A06,2026-05-23T20:00Z,2026-05-23T19:45Z
balancing_energy_bids,41,2026-05-23T19:45:00,PT15M,2026-05-23T20:00Z,2026-05-23T19:45Z,-144,1,5,10Y1001C--00090V,AUCTION-aFRR,B74,10YSK-SEPS-----K,EUR,A01,A02,20260523088-AFRR_N-UNIT_051-1,MWH,MAW,A01,A06,2026-05-23T20:00Z,2026-05-23T19:45Z
balancing_energy_bids,42,2026-05-23T19:45:00,PT15M,2026-05-23T20:00Z,2026-05-23T19:45Z,-150,1,12,10Y1001C--00090V,AUCTION-aFRR,B74,10YSK-SEPS-----K,EUR,A01,A02,20260523088-AFRR_N-UNIT_069-1,MWH,MAW,A01,A06,2026-05-23T20:00Z,2026-05-23T19:45Z
balancing_energy_bids,43,2026-05-23T19:45:00,PT15M,2026-05-23T20:00Z,2026-05-23T19:45Z,65,1,45,10Y1001C--00090V,AUCTION-aFRR,B74,10YSK-SEPS-----K,EUR,A01,A02,20260523088-AFRR_N-UNIT_049-1,MWH,MAW,A01,A06,2026-05-23T20:00Z,2026-05-23T19:45Z
balancing_energy_bids,44,2026-05-23T19:45:00,PT15M,2026-05-23T20:00Z,2026-05-23T19:45Z,-5,1,1,10Y1001C--00090V,AUCTION-aFRR,B74,10YSK-SEPS-----K,EUR,A01,A02,20260523088-AFRR_N-UNIT_028-1,MWH,MAW,A01,A11,2026-05-23T20:00Z,2026-05-23T19:45Z
balancing_energy_bids,45,2026-05-23T19:45:00,PT15M,2026-05-23T20:00Z,2026-05-23T19:45Z,-50,1,1,10Y1001C--00090V,AUCTION-aFRR,B74,10YSK-SEPS-----K,EUR,A01,A02,20260523088-AFRR_N-UNIT_058-1,MWH,MAW,A01,A11,2026-05-23T20:00Z,2026-05-23T19:45Z
balancing_energy_bids,46,2026-05-23T19:45:00,PT15M,2026-05-23T20:00Z,2026-05-23T19:45Z,-10,1,21,10Y1001C--00090V,AUCTION-aFRR,B74,10YSK-SEPS-----K,EUR,A01,A02,20260523088-AFRR_N-UNIT_013-1,MWH,MAW,A01,A06,2026-05-23T20:00Z,2026-05-23T19:45Z
balancing_energy_bids,47,2026-05-23T19:45:00,PT15M,2026-05-23T20:00Z,2026-05-23T19:45Z,-10,1,30,10Y1001C--00090V,AUCTION-aFRR,B74,10YSK-SEPS-----K,EUR,A01,A02,20260523088-AFRR_N-UNIT_010-1,MWH,MAW,A01,A06,2026-05-23T20:00Z,2026-05-23T19:45Z
balancing_energy_bids,48,2026-05-23T19:45:00,PT15M,2026-05-23T20:00Z,2026-05-23T19:45Z,10,1,4,10Y1001C--00090V,AUCTION-aFRR,B74,10YSK-SEPS-----K,EUR,A01,A02,20260523088-AFRR_N-UNIT_043-1,MWH,MAW,A01,A06,2026-05-23T20:00Z,2026-05-23T19:45Z
balancing_energy_bids,49,2026-05-23T19:45:00,PT15M,2026-05-23T20:00Z,2026-05-23T19:45Z,-5,1,4,10Y1001C--00090V,AUCTION-aFRR,B74,10YSK-SEPS-----K,EUR,A01,A02,20260523088-AFRR_N-UNIT_104-1,MWH,MAW,A01,A06,2026-05-23T20:00Z,2026-05-23T19:45Z
balancing_energy_bids,50,2026-05-23T19:45:00,PT15M,2026-05-23T20:00Z,2026-05-23T19:45Z,-101.58,1,3,10Y1001C--00090V,AUCTION-aFRR,B74,10YSK-SEPS-----K,EUR,A01,A02,20260523088-AFRR_N-UNIT_089-1,MWH,MAW,A01,A06,2026-05-23T20:00Z,2026-05-23T19:45Z
balancing_energy_bids,51,2026-05-23T19:45:00,PT15M,2026-05-23T20:00Z,2026-05-23T19:45Z,0,1,5,10Y1001C--00090V,AUCTION-aFRR,B74,10YSK-SEPS-----K,EUR,A01,A02,20260523088-AFRR_N-UNIT_097-1,MWH,MAW,A01,A06,2026-05-23T20:00Z,2026-05-23T19:45Z
balancing_energy_bids,52,2026-05-23T19:45:00,PT15M,2026-05-23T20:00Z,2026-05-23T19:45Z,-199,1,1,10Y1001C--00090V,AUCTION-aFRR,B74,10YSK-SEPS-----K,EUR,A01,A02,20260523088-AFRR_N-UNIT_019-1,MWH,MAW,A01,A11,2026-05-23T20:00Z,2026-05-23T19:45Z
balancing_energy_bids,53,2026-05-23T19:45:00,PT15M,2026-05-23T20:00Z,2026-05-23T19:45Z,-19,1,1,10Y1001C--00090V,AUCTION-aFRR,B74,10YSK-SEPS-----K,EUR,A01,A02,20260523088-AFRR_N-UNIT_106-1,MWH,MAW,A01,A06,2026-05-23T20:00Z,2026-05-23T19:45Z
balancing_energy_bids,54,2026-05-23T19:45:00,PT15M,2026-05-23T20:00Z,2026-05-23T19:45Z,-5,1,7,10Y1001C--00090V,AUCTION-aFRR,B74,10YSK-SEPS-----K,EUR,A01,A02,20260523088-AFRR_N-UNIT_123-1,MWH,MAW,A01,A06,2026-05-23T20:00Z,2026-05-23T19:45Z
balancing_energy_bids,55,2026-05-23T19:45:00,PT15M,2026-05-23T20:00Z,2026-05-23T19:45Z,166,1,3,10Y1001C--00090V,AUCTION-aFRR,B74,10YSK-SEPS-----K,EUR,A01,A01,20260523088-AFRR_P-UNIT_062-1,MWH,MAW,A01,A11,2026-05-23T20:00Z,2026-05-23T19:45Z
balancing_energy_bids,56,2026-05-23T19:45:00,PT15M,2026-05-23T20:00Z,2026-05-23T19:45Z,-29,1,9,10Y1001C--00090V,AUCTION-aFRR,B74,10YSK-SEPS-----K,EUR,A01,A02,20260523088-AFRR_N-UNIT_062-1,MWH,MAW,A01,A06,2026-05-23T20:00Z,2026-05-23T19:45Z
balancing_energy_bids,57,2026-05-23T19:45:00,PT15M,2026-05-23T20:00Z,2026-05-23T19:45Z,70,1,35,10Y1001C--00090V,AUCTION-aFRR,B74,10YSK-SEPS-----K,EUR,A01,A02,20260523088-AFRR_N-UNIT_005-1,MWH,MAW,A01,A06,2026-05-23T20:00Z,2026-05-23T19:45Z
balancing_energy_bids,58,2026-05-23T19:45:00,PT15M,2026-05-23T20:00Z,2026-05-23T19:45Z,221.78,1,5,10Y1001C--00090V,AUCTION-aFRR,B74,10YSK-SEPS-----K,EUR,A01,A01,20260523088-AFRR_P-UNIT_068-1,MWH,MAW,A01,A06,2026-05-23T20:00Z,2026-05-23T19:45Z
balancing_energy_bids,59,2026-05-23T19:45:00,PT15M,2026-05-23T20:00Z,2026-05-23T19:45Z,221.78,1,5,10Y1001C--00090V,AUCTION-aFRR,B74,10YSK-SEPS-----K,EUR,A01,A01,20260523088-AFRR_P-UNIT_028-1,MWH,MAW,A01,A06,2026-05-23T20:00Z,2026-05-23T19:45Z
balancing_energy_bids,60,2026-05-23T20:00:00,PT15M,2026-05-23T20:15Z,2026-05-23T20:00Z,70,1,35,10Y1001C--00090V,AUCTION-aFRR,B74,10YSK-SEPS-----K,EUR,A01,A02,20260523089-AFRR_N-UNIT_005-1,MWH,MAW,A01,A06,2026-05-23T20:15Z,2026-05-23T20:00Z
balancing_energy_bids,61,2026-05-23T20:00:00,PT15M,2026-05-23T20:15Z,2026-05-23T20:00Z,257.83,1,5,10Y1001C--00090V,AUCTION-aFRR,B74,10YSK-SEPS-----K,EUR,A01,A01,20260523089-AFRR_P-UNIT_028-1,MWH,MAW,A01,A06,2026-05-23T20:15Z,2026-05-23T20:00Z
balancing_energy_bids,62,2026-05-23T20:00:00,PT15M,2026-05-23T20:15Z,2026-05-23T20:00Z,257.83,1,1,10Y1001C--00090V,AUCTION-aFRR,B74,10YSK-SEPS-----K,EUR,A01,A01,20260523089-AFRR_P-UNIT_068-1,MWH,MAW,A01,A11,2026-05-23T20:15Z,2026-05-23T20:00Z
balancing_energy_bids,63,2026-05-23T20:00:00,PT15M,2026-05-23T20:15Z,2026-05-23T20:00Z,246,1,25,10Y1001C--00090V,AUCTION-aFRR,B74,10YSK-SEPS-----K,EUR,A01,A01,20260523089-AFRR_P-UNIT_065-1,MWH,MAW,A01,A06,2026-05-23T20:15Z,2026-05-23T20:00Z
balancing_energy_bids,64,2026-05-23T20:00:00,PT15M,2026-05-23T20:15Z,2026-05-23T20:00Z,140,1,31,10Y1001C--00090V,AUCTION-aFRR,B74,10YSK-SEPS-----K,EUR,A01,A01,20260523089-AFRR_P-UNIT_052-1,MWH,MAW,A01,A06,2026-05-23T20:15Z,2026-05-23T20:00Z
balancing_energy_bids,65,2026-05-23T20:00:00,PT15M,2026-05-23T20:15Z,2026-05-23T20:00Z,500,1,10,10Y1001C--00090V,AUCTION-aFRR,B74,10YSK-SEPS-----K,EUR,A01,A01,20260523089-AFRR_P-UNIT_047-1,MWH,MAW,A01,A06,2026-05-23T20:15Z,2026-05-23T20:00Z
balancing_energy_bids,66,2026-05-23T20:00:00,PT15M,2026-05-23T20:15Z,2026-05-23T20:00Z,350,1,5,10Y1001C--00090V,AUCTION-aFRR,B74,10YSK-SEPS-----K,EUR,A01,A01,20260523089-AFRR_P-UNIT_051-1,MWH,MAW,A01,A06,2026-05-23T20:15Z,2026-05-23T20:00Z
balancing_energy_bids,67,2026-05-23T20:00:00,PT15M,2026-05-23T20:15Z,2026-05-23T20:00Z,135,1,15,10Y1001C--00090V,AUCTION-aFRR,B74,10YSK-SEPS-----K,EUR,A01,A01,20260523089-AFRR_P-UNIT_069-1,MWH,MAW,A01,A06,2026-05-23T20:15Z,2026-05-23T20:00Z
balancing_energy_bids,68,2026-05-23T20:00:00,PT15M,2026-05-23T20:15Z,2026-05-23T20:00Z,200,1,1,10Y1001C--00090V,AUCTION-aFRR,B74,10YSK-SEPS-----K,EUR,A01,A01,20260523089-AFRR_P-UNIT_058-1,MWH,MAW,A01,A11,2026-05-23T20:15Z,2026-05-23T20:00Z
balancing_energy_bids,69,2026-05-23T20:00:00,PT15M,2026-05-23T20:15Z,2026-05-23T20:00Z,193,1,8,10Y1001C--00090V,AUCTION-aFRR,B74,10YSK-SEPS-----K,EUR,A01,A01,20260523089-AFRR_P-UNIT_062-1,MWH,MAW,A01,A06,2026-05-23T20:15Z,2026-05-23T20:00Z
balancing_energy_bids,70,2026-05-23T20:00:00,PT15M,2026-05-23T20:15Z,2026-05-23T20:00Z,193,1,2,10Y1001C--00090V,AUCTION-aFRR,B74,10YSK-SEPS-----K,EUR,A01,A01,20260523089-AFRR_P-UNIT_043-1,MWH,MAW,A01,A06,2026-05-23T20:15Z,2026-05-23T20:00Z
balancing_energy_bids,71,2026-05-23T20:00:00,PT15M,2026-05-23T20:15Z,2026-05-23T20:00Z,110,1,9,10Y1001C--00090V,AUCTION-aFRR,B74,10YSK-SEPS-----K,EUR,A01,A01,20260523089-AFRR_P-UNIT_063-1,MWH,MAW,A01,A06,2026-05-23T20:15Z,2026-05-23T20:00Z
balancing_energy_bids,72,2026-05-23T20:00:00,PT15M,2026-05-23T20:15Z,2026-05-23T20:00Z,750,1,11,10Y1001C--00090V,AUCTION-aFRR,B74,10YSK-SEPS-----K,EUR,A01,A01,20260523089-AFRR_P-UNIT_104-1,MWH,MAW,A01,A06,2026-05-23T20:15Z,2026-05-23T20:00Z
balancing_energy_bids,73,2026-05-23T20:00:00,PT15M,2026-05-23T20:15Z,2026-05-23T20:00Z,85,1,2,10Y1001C--00090V,AUCTION-aFRR,B74,10YSK-SEPS-----K,EUR,A01,A01,20260523089-AFRR_P-UNIT_097-1,MWH,MAW,A01,A06,2026-05-23T20:15Z,2026-05-23T20:00Z
balancing_energy_bids,74,2026-05-23T20:00:00,PT15M,2026-05-23T20:15Z,2026-05-23T20:00Z,307,1,1,10Y1001C--00090V,AUCTION-aFRR,B74,10YSK-SEPS-----K,EUR,A01,A01,20260523089-AFRR_P-UNIT_019-1,MWH,MAW,A01,A06,2026-05-23T20:15Z,2026-05-23T20:00Z
balancing_energy_bids,75,2026-05-23T20:00:00,PT15M,2026-05-23T20:15Z,2026-05-23T20:00Z,300,1,1,10Y1001C--00090V,AUCTION-aFRR,B74,10YSK-SEPS-----K,EUR,A01,A01,20260523089-AFRR_P-UNIT_106-1,MWH,MAW,A01,A11,2026-05-23T20:15Z,2026-05-23T20:00Z
balancing_energy_bids,76,2026-05-23T20:00:00,PT15M,2026-05-23T20:15Z,2026-05-23T20:00Z,189,1,6,10Y1001C--00090V,AUCTION-aFRR,B74,10YSK-SEPS-----K,EUR,A01,A01,20260523089-AFRR_P-UNIT_123-1,MWH,MAW,A01,A06,2026-05-23T20:15Z,2026-05-23T20:00Z
balancing_energy_bids,77,2026-05-23T20:00:00,PT15M,2026-05-23T20:15Z,2026-05-23T20:00Z,-5,1,10,10Y1001C--00090V,AUCTION-aFRR,B74,10YSK-SEPS-----K,EUR,A01,A02,20260523089-AFRR_N-UNIT_068-1,MWH,MAW,A01,A06,2026-05-23T20:15Z,2026-05-23T20:00Z
balancing_energy_bids,78,2026-05-23T20:00:00,PT15M,2026-05-23T20:15Z,2026-05-23T20:00Z,-10,1,10,10Y1001C--00090V,AUCTION-aFRR,B74,10YSK-SEPS-----K,EUR,A01,A02,20260523089-AFRR_N-UNIT_065-1,MWH,MAW,A01,A06,2026-05-23T20:15Z,2026-05-23T20:00Z
balancing_energy_bids,79,2026-05-23T20:00:00,PT15M,2026-05-23T20:15Z,2026-05-23T20:00Z,-30,1,7,10Y1001C--00090V,AUCTION-aFRR,B74,10YSK-SEPS-----K,EUR,A01,A02,20260523089-AFRR_N-UNIT_052-1,MWH,MAW,A01,A06,2026-05-23T20:15Z,2026-05-23T20:00Z
balancing_energy_bids,80,2026-05-23T20:00:00,PT15M,2026-05-23T20:15Z,2026-05-23T20:00Z,-144,1,5,10Y1001C--00090V,AUCTION-aFRR,B74,10YSK-SEPS-----K,EUR,A01,A02,20260523089-AFRR_N-UNIT_051-1,MWH,MAW,A01,A06,2026-05-23T20:15Z,2026-05-23T20:00Z
balancing_energy_bids,81,2026-05-23T20:00:00,PT15M,2026-05-23T20:15Z,2026-05-23T20:00Z,-150,1,12,10Y1001C--00090V,AUCTION-aFRR,B74,10YSK-SEPS-----K,EUR,A01,A02,20260523089-AFRR_N-UNIT_069-1,MWH,MAW,A01,A06,2026-05-23T20:15Z,2026-05-23T20:00Z
balancing_energy_bids,82,2026-05-23T20:00:00,PT15M,2026-05-23T20:15Z,2026-05-23T20:00Z,65,1,45,10Y1001C--00090V,AUCTION-aFRR,B74,10YSK-SEPS-----K,EUR,A01,A02,20260523089-AFRR_N-UNIT_049-1,MWH,MAW,A01,A06,2026-05-23T20:15Z,2026-05-23T20:00Z
balancing_energy_bids,83,2026-05-23T20:00:00,PT15M,2026-05-23T20:15Z,2026-05-23T20:00Z,-5,1,1,10Y1001C--00090V,AUCTION-aFRR,B74,10YSK-SEPS-----K,EUR,A01,A02,20260523089-AFRR_N-UNIT_028-1,MWH,MAW,A01,A11,2026-05-23T20:15Z,2026-05-23T20:00Z
balancing_energy_bids,84,2026-05-23T20:00:00,PT15M,2026-05-23T20:15Z,2026-05-23T20:00Z,-50,1,1,10Y1001C--00090V,AUCTION-aFRR,B74,10YSK-SEPS-----K,EUR,A01,A02,20260523089-AFRR_N-UNIT_058-1,MWH,MAW,A01,A11,2026-05-23T20:15Z,2026-05-23T20:00Z
balancing_energy_bids,85,2026-05-23T20:00:00,PT15M,2026-05-23T20:15Z,2026-05-23T20:00Z,-10,1,17,10Y1001C--00090V,AUCTION-aFRR,B74,10YSK-SEPS-----K,EUR,A01,A02,20260523089-AFRR_N-UNIT_013-1,MWH,MAW,A01,A06,2026-05-23T20:15Z,2026-05-23T20:00Z
balancing_energy_bids,86,2026-05-23T20:00:00,PT15M,2026-05-23T20:15Z,2026-05-23T20:00Z,-10,1,25,10Y1001C--00090V,AUCTION-aFRR,B74,10YSK-SEPS-----K,EUR,A01,A02,20260523089-AFRR_N-UNIT_010-1,MWH,MAW,A01,A06,2026-05-23T20:15Z,2026-05-23T20:00Z
balancing_energy_bids,87,2026-05-23T20:00:00,PT15M,2026-05-23T20:15Z,2026-05-23T20:00Z,-29,1,11,10Y1001C--00090V,AUCTION-aFRR,B74,10YSK-SEPS-----K,EUR,A01,A02,20260523089-AFRR_N-UNIT_062-1,MWH,MAW,A01,A06,2026-05-23T20:15Z,2026-05-23T20:00Z
balancing_energy_bids,88,2026-05-23T20:00:00,PT15M,2026-05-23T20:15Z,2026-05-23T20:00Z,10,1,3,10Y1001C--00090V,AUCTION-aFRR,B74,10YSK-SEPS-----K,EUR,A01,A02,20260523089-AFRR_N-UNIT_043-1,MWH,MAW,A01,A06,2026-05-23T20:15Z,2026-05-23T20:00Z
balancing_energy_bids,89,2026-05-23T20:00:00,PT15M,2026-05-23T20:15Z,2026-05-23T20:00Z,-5,1,4,10Y1001C--00090V,AUCTION-aFRR,B74,10YSK-SEPS-----K,EUR,A01,A02,20260523089-AFRR_N-UNIT_104-1,MWH,MAW,A01,A06,2026-05-23T20:15Z,2026-05-23T20:00Z
balancing_energy_bids,90,2026-05-23T20:00:00,PT15M,2026-05-23T20:15Z,2026-05-23T20:00Z,-75.83,1,3,10Y1001C--00090V,AUCTION-aFRR,B74,10YSK-SEPS-----K,EUR,A01,A02,20260523089-AFRR_N-UNIT_089-1,MWH,MAW,A01,A06,2026-05-23T20:15Z,2026-05-23T20:00Z
balancing_energy_bids,91,2026-05-23T20:00:00,PT15M,2026-05-23T20:15Z,2026-05-23T20:00Z,0,1,3,10Y1001C--00090V,AUCTION-aFRR,B74,10YSK-SEPS-----K,EUR,A01,A02,20260523089-AFRR_N-UNIT_097-1,MWH,MAW,A01,A06,2026-05-23T20:15Z,2026-05-23T20:00Z
balancing_energy_bids,92,2026-05-23T20:00:00,PT15M,2026-05-23T20:15Z,2026-05-23T20:00Z,-199,1,1,10Y1001C--00090V,AUCTION-aFRR,B74,10YSK-SEPS-----K,EUR,A01,A02,20260523089-AFRR_N-UNIT_019-1,MWH,MAW,A01,A11,2026-05-23T20:15Z,2026-05-23T20:00Z
balancing_energy_bids,93,2026-05-23T20:00:00,PT15M,2026-05-23T20:15Z,2026-05-23T20:00Z,-19,1,1,10Y1001C--00090V,AUCTION-aFRR,B74,10YSK-SEPS-----K,EUR,A01,A02,20260523089-AFRR_N-UNIT_106-1,MWH,MAW,A01,A06,2026-05-23T20:15Z,2026-05-23T20:00Z
balancing_energy_bids,94,2026-05-23T20:00:00,PT15M,2026-05-23T20:15Z,2026-05-23T20:00Z,-5,1,6,10Y1001C--00090V,AUCTION-aFRR,B74,10YSK-SEPS-----K,EUR,A01,A02,20260523089-AFRR_N-UNIT_123-1,MWH,MAW,A01,A06,2026-05-23T20:15Z,2026-05-23T20:00Z
balancing_energy_bids,95,2026-05-23T20:15:00,PT15M,2026-05-23T20:30Z,2026-05-23T20:15Z,225.97,1,1,10Y1001C--00090V,AUCTION-aFRR,B74,10YSK-SEPS-----K,EUR,A01,A01,20260523090-AFRR_P-UNIT_068-1,MWH,MAW,A01,A11,2026-05-23T20:30Z,2026-05-23T20:15Z
balancing_energy_bids,96,2026-05-23T20:15:00,PT15M,2026-05-23T20:30Z,2026-05-23T20:15Z,218.69,1,25,10Y1001C--00090V,AUCTION-aFRR,B74,10YSK-SEPS-----K,EUR,A01,A01,20260523090-AFRR_P-UNIT_065-1,MWH,MAW,A01,A06,2026-05-23T20:30Z,2026-05-23T20:15Z
balancing_energy_bids,97,2026-05-23T20:15:00,PT15M,2026-05-23T20:30Z,2026-05-23T20:15Z,140,1,31,10Y1001C--00090V,AUCTION-aFRR,B74,10YSK-SEPS-----K,EUR,A01,A01,20260523090-AFRR_P-UNIT_052-1,MWH,MAW,A01,A06,2026-05-23T20:30Z,2026-05-23T20:15Z
balancing_energy_bids,98,2026-05-23T20:15:00,PT15M,2026-05-23T20:30Z,2026-05-23T20:15Z,500,1,10,10Y1001C--00090V,AUCTION-aFRR,B74,10YSK-SEPS-----K,EUR,A01,A01,20260523090-AFRR_P-UNIT_047-1,MWH,MAW,A01,A06,2026-05-23T20:30Z,2026-05-23T20:15Z
balancing_energy_bids,99,2026-05-23T20:15:00,PT15M,2026-05-23T20:30Z,2026-05-23T20:15Z,350,1,5,10Y1001C--00090V,AUCTION-aFRR,B74,10YSK-SEPS-----K,EUR,A01,A01,20260523090-AFRR_P-UNIT_051-1,MWH,MAW,A01,A06,2026-05-23T20:30Z,2026-05-23T20:15Z
balancing_energy_bids,100,2026-05-23T20:15:00,PT15M,2026-05-23T20:30Z,2026-05-23T20:15Z,135,1,15,10Y1001C--00090V,AUCTION-aFRR,B74,10YSK-SEPS-----K,EUR,A01,A01,20260523090-AFRR_P-UNIT_069-1,MWH,MAW,A01,A06,2026-05-23T20:30Z,2026-05-23T20:15Z
balancing_energy_bids,1,2026-05-23T20:15:00,PT15M,2026-05-23T20:30Z,2026-05-23T20:15Z,200,1,1,10Y1001C--00090V,AUCTION-aFRR,B74,10YSK-SEPS-----K,EUR,A01,A01,20260523090-AFRR_P-UNIT_058-1,MWH,MAW,A01,A11,2026-05-23T20:30Z,2026-05-23T20:15Z
balancing_energy_bids,2,2026-05-23T20:15:00,PT15M,2026-05-23T20:30Z,2026-05-23T20:15Z,169,1,8,10Y1001C--00090V,AUCTION-aFRR,B74,10YSK-SEPS-----K,EUR,A01,A01,20260523090-AFRR_P-UNIT_062-1,MWH,MAW,A01,A06,2026-05-23T20:30Z,2026-05-23T20:15Z
balancing_energy_bids,3,2026-05-23T20:15:00,PT15M,2026-05-23T20:30Z,2026-05-23T20:15Z,169,1,2,10Y1001C--00090V,AUCTION-aFRR,B74,10YSK-SEPS-----K,EUR,A01,A01,20260523090-AFRR_P-UNIT_043-1,MWH,MAW,A01,A06,2026-05-23T20:30Z,2026-05-23T20:15Z
balancing_energy_bids,4,2026-05-23T20:15:00,PT15M,2026-05-23T20:30Z,2026-05-23T20:15Z,110,1,9,10Y1001C--00090V,AUCTION-aFRR,B74,10YSK-SEPS-----K,EUR,A01,A01,20260523090-AFRR_P-UNIT_063-1,MWH,MAW,A01,A06,2026-05-23T20:30Z,2026-05-23T20:15Z
balancing_energy_bids,5,2026-05-23T20:15:00,PT15M,2026-05-23T20:30Z,2026-05-23T20:15Z,750,1,11,10Y1001C--00090V,AUCTION-aFRR,B74,10YSK-SEPS-----K,EUR,A01,A01,20260523090-AFRR_P-UNIT_104-1,MWH,MAW,A01,A06,2026-05-23T20:30Z,2026-05-23T20:15Z
balancing_energy_bids,6,2026-05-23T20:15:00,PT15M,2026-05-23T20:30Z,2026-05-23T20:15Z,85,1,2,10Y1001C--00090V,AUCTION-aFRR,B74,10YSK-SEPS-----K,EUR,A01,A01,20260523090-AFRR_P-UNIT_097-1,MWH,MAW,A01,A06,2026-05-23T20:30Z,2026-05-23T20:15Z
balancing_energy_bids,7,2026-05-23T20:15:00,PT15M,2026-05-23T20:30Z,2026-05-23T20:15Z,279,1,1,10Y1001C--00090V,AUCTION-aFRR,B74,10YSK-SEPS-----K,EUR,A01,A01,20260523090-AFRR_P-UNIT_019-1,MWH,MAW,A01,A06,2026-05-23T20:30Z,2026-05-23T20:15Z
balancing_energy_bids,8,2026-05-23T20:15:00,PT15M,2026-05-23T20:30Z,2026-05-23T20:15Z,300,1,1,10Y1001C--00090V,AUCTION-aFRR,B74,10YSK-SEPS-----K,EUR,A01,A01,20260523090-AFRR_P-UNIT_106-1,MWH,MAW,A01,A11,2026-05-23T20:30Z,2026-05-23T20:15Z
balancing_energy_bids,9,2026-05-23T20:15:00,PT15M,2026-05-23T20:30Z,2026-05-23T20:15Z,189,1,6,10Y1001C--00090V,AUCTION-aFRR,B74,10YSK-SEPS-----K,EUR,A01,A01,20260523090-AFRR_P-UNIT_123-1,MWH,MAW,A01,A06,2026-05-23T20:30Z,2026-05-23T20:15Z
balancing_energy_bids,10,2026-05-23T20:15:00,PT15M,2026-05-23T20:30Z,2026-05-23T20:15Z,-5,1,10,10Y1001C--00090V,AUCTION-aFRR,B74,10YSK-SEPS-----K,EUR,A01,A02,20260523090-AFRR_N-UNIT_068-1,MWH,MAW,A01,A06,2026-05-23T20:30Z,2026-05-23T20:15Z
balancing_energy_bids,11,2026-05-23T20:15:00,PT15M,2026-05-23T20:30Z,2026-05-23T20:15Z,-10,1,10,10Y1001C--00090V,AUCTION-aFRR,B74,10YSK-SEPS-----K,EUR,A01,A02,20260523090-AFRR_N-UNIT_065-1,MWH,MAW,A01,A06,2026-05-23T20:30Z,2026-05-23T20:15Z
balancing_energy_bids,12,2026-05-23T20:15:00,PT15M,2026-05-23T20:30Z,2026-05-23T20:15Z,-30,1,7,10Y1001C--00090V,AUCTION-aFRR,B74,10YSK-SEPS-----K,EUR,A01,A02,20260523090-AFRR_N-UNIT_052-1,MWH,MAW,A01,A06,2026-05-23T20:30Z,2026-05-23T20:15Z
balancing_energy_bids,13,2026-05-23T20:15:00,PT15M,2026-05-23T20:30Z,2026-05-23T20:15Z,-144,1,5,10Y1001C--00090V,AUCTION-aFRR,B74,10YSK-SEPS-----K,EUR,A01,A02,20260523090-AFRR_N-UNIT_051-1,MWH,MAW,A01,A06,2026-05-23T20:30Z,2026-05-23T20:15Z
balancing_energy_bids,14,2026-05-23T20:15:00,PT15M,2026-05-23T20:30Z,2026-05-23T20:15Z,-150,1,12,10Y1001C--00090V,AUCTION-aFRR,B74,10YSK-SEPS-----K,EUR,A01,A02,20260523090-AFRR_N-UNIT_069-1,MWH,MAW,A01,A06,2026-05-23T20:30Z,2026-05-23T20:15Z
balancing_energy_bids,15,2026-05-23T20:15:00,PT15M,2026-05-23T20:30Z,2026-05-23T20:15Z,65,1,45,10Y1001C--00090V,AUCTION-aFRR,B74,10YSK-SEPS-----K,EUR,A01,A02,20260523090-AFRR_N-UNIT_049-1,MWH,MAW,A01,A06,2026-05-23T20:30Z,2026-05-23T20:15Z
balancing_energy_bids,16,2026-05-23T20:15:00,PT15M,2026-05-23T20:30Z,2026-05-23T20:15Z,-5,1,1,10Y1001C--00090V,AUCTION-aFRR,B74,10YSK-SEPS-----K,EUR,A01,A02,20260523090-AFRR_N-UNIT_028-1,MWH,MAW,A01,A11,2026-05-23T20:30Z,2026-05-23T20:15Z
balancing_energy_bids,17,2026-05-23T20:15:00,PT15M,2026-05-23T20:30Z,2026-05-23T20:15Z,-50,1,1,10Y1001C--00090V,AUCTION-aFRR,B74,10YSK-SEPS-----K,EUR,A01,A02,20260523090-AFRR_N-UNIT_058-1,MWH,MAW,A01,A11,2026-05-23T20:30Z,2026-05-23T20:15Z
balancing_energy_bids,18,2026-05-23T20:15:00,PT15M,2026-05-23T20:30Z,2026-05-23T20:15Z,-10,1,17,10Y1001C--00090V,AUCTION-aFRR,B74,10YSK-SEPS-----K,EUR,A01,A02,20260523090-AFRR_N-UNIT_013-1,MWH,MAW,A01,A06,2026-05-23T20:30Z,2026-05-23T20:15Z
balancing_energy_bids,19,2026-05-23T20:15:00,PT15M,2026-05-23T20:30Z,2026-05-23T20:15Z,-10,1,25,10Y1001C--00090V,AUCTION-aFRR,B74,10YSK-SEPS-----K,EUR,A01,A02,20260523090-AFRR_N-UNIT_010-1,MWH,MAW,A01,A06,2026-05-23T20:30Z,2026-05-23T20:15Z
balancing_energy_bids,20,2026-05-23T20:15:00,PT15M,2026-05-23T20:30Z,2026-05-23T20:15Z,-29,1,11,10Y1001C--00090V,AUCTION-aFRR,B74,10YSK-SEPS-----K,EUR,A01,A02,20260523090-AFRR_N-UNIT_062-1,MWH,MAW,A01,A06,2026-05-23T20:30Z,2026-05-23T20:15Z
balancing_energy_bids,21,2026-05-23T20:15:00,PT15M,2026-05-23T20:30Z,2026-05-23T20:15Z,10,1,3,10Y1001C--00090V,AUCTION-aFRR,B74,10YSK-SEPS-----K,EUR,A01,A02,20260523090-AFRR_N-UNIT_043-1,MWH,MAW,A01,A06,2026-05-23T20:30Z,2026-05-23T20:15Z
balancing_energy_bids,22,2026-05-23T20:15:00,PT15M,2026-05-23T20:30Z,2026-05-23T20:15Z,-5,1,4,10Y1001C--00090V,AUCTION-aFRR,B74,10YSK-SEPS-----K,EUR,A01,A02,20260523090-AFRR_N-UNIT_104-1,MWH,MAW,A01,A06,2026-05-23T20:30Z,2026-05-23T20:15Z
balancing_energy_bids,23,2026-05-23T20:15:00,PT15M,2026-05-23T20:30Z,2026-05-23T20:15Z,-98.59,1,3,10Y1001C--00090V,AUCTION-aFRR,B74,10YSK-SEPS-----K,EUR,A01,A02,20260523090-AFRR_N-UNIT_089-1,MWH,MAW,A01,A06,2026-05-23T20:30Z,2026-05-23T20:15Z
balancing_energy_bids,24,2026-05-23T20:15:00,PT15M,2026-05-23T20:30Z,2026-05-23T20:15Z,0,1,3,10Y1001C--00090V,AUCTION-aFRR,B74,10YSK-SEPS-----K,EUR,A01,A02,20260523090-AFRR_N-UNIT_097-1,MWH,MAW,A01,A06,2026-05-23T20:30Z,2026-05-23T20:15Z
balancing_energy_bids,25,2026-05-23T20:15:00,PT15M,2026-05-23T20:30Z,2026-05-23T20:15Z,-199,1,1,10Y1001C--00090V,AUCTION-aFRR,B74,10YSK-SEPS-----K,EUR,A01,A02,20260523090-AFRR_N-UNIT_019-1,MWH,MAW,A01,A11,2026-05-23T20:30Z,2026-05-23T20:15Z
balancing_energy_bids,26,2026-05-23T20:15:00,PT15M,2026-05-23T20:30Z,2026-05-23T20:15Z,-19,1,1,10Y1001C--00090V,AUCTION-aFRR,B74,10YSK-SEPS-----K,EUR,A01,A02,20260523090-AFRR_N-UNIT_106-1,MWH,MAW,A01,A06,2026-05-23T20:30Z,2026-05-23T20:15Z
balancing_energy_bids,27,2026-05-23T20:15:00,PT15M,2026-05-23T20:30Z,2026-05-23T20:15Z,-5,1,6,10Y1001C--00090V,AUCTION-aFRR,B74,10YSK-SEPS-----K,EUR,A01,A02,20260523090-AFRR_N-UNIT_123-1,MWH,MAW,A01,A06,2026-05-23T20:30Z,2026-05-23T20:15Z
balancing_energy_bids,28,2026-05-23T20:15:00,PT15M,2026-05-23T20:30Z,2026-05-23T20:15Z,70,1,35,10Y1001C--00090V,AUCTION-aFRR,B74,10YSK-SEPS-----K,EUR,A01,A02,20260523090-AFRR_N-UNIT_005-1,MWH,MAW,A01,A06,2026-05-23T20:30Z,2026-05-23T20:15Z
balancing_energy_bids,29,2026-05-23T20:15:00,PT15M,2026-05-23T20:30Z,2026-05-23T20:15Z,225.97,1,5,10Y1001C--00090V,AUCTION-aFRR,B74,10YSK-SEPS-----K,EUR,A01,A01,20260523090-AFRR_P-UNIT_028-1,MWH,MAW,A01,A06,2026-05-23T20:30Z,2026-05-23T20:15Z
balancing_energy_bids,30,2026-05-23T20:30:00,PT15M,2026-05-23T20:45Z,2026-05-23T20:30Z,70,1,35,10Y1001C--00090V,AUCTION-aFRR,B74,10YSK-SEPS-----K,EUR,A01,A02,20260523091-AFRR_N-UNIT_005-1,MWH,MAW,A01,A06,2026-05-23T20:45Z,2026-05-23T20:30Z
balancing_energy_bids,31,2026-05-23T20:30:00,PT15M,2026-05-23T20:45Z,2026-05-23T20:30Z,210.88,1,1,10Y1001C--00090V,AUCTION-aFRR,B74,10YSK-SEPS-----K,EUR,A01,A01,20260523091-AFRR_P-UNIT_068-1,MWH,MAW,A01,A11,2026-05-23T20:45Z,2026-05-23T20:30Z
balancing_energy_bids,32,2026-05-23T20:30:00,PT15M,2026-05-23T20:45Z,2026-05-23T20:30Z,205.75,1,25,10Y1001C--00090V,AUCTION-aFRR,B74,10YSK-SEPS-----K,EUR,A01,A01,20260523091-AFRR_P-UNIT_065-1,MWH,MAW,A01,A06,2026-05-23T20:45Z,2026-05-23T20:30Z
balancing_energy_bids,33,2026-05-23T20:30:00,PT15M,2026-05-23T20:45Z,2026-05-23T20:30Z,140,1,31,10Y1001C--00090V,AUCTION-aFRR,B74,10YSK-SEPS-----K,EUR,A01,A01,20260523091-AFRR_P-UNIT_052-1,MWH,MAW,A01,A06,2026-05-23T20:45Z,2026-05-23T20:30Z
balancing_energy_bids,34,2026-05-23T20:30:00,PT15M,2026-05-23T20:45Z,2026-05-23T20:30Z,500,1,10,10Y1001C--00090V,AUCTION-aFRR,B74,10YSK-SEPS-----K,EUR,A01,A01,20260523091-AFRR_P-UNIT_047-1,MWH,MAW,A01,A06,2026-05-23T20:45Z,2026-05-23T20:30Z
balancing_energy_bids,35,2026-05-23T20:30:00,PT15M,2026-05-23T20:45Z,2026-05-23T20:30Z,350,1,5,10Y1001C--00090V,AUCTION-aFRR,B74,10YSK-SEPS-----K,EUR,A01,A01,20260523091-AFRR_P-UNIT_051-1,MWH,MAW,A01,A06,2026-05-23T20:45Z,2026-05-23T20:30Z
balancing_energy_bids,36,2026-05-23T20:30:00,PT15M,2026-05-23T20:45Z,2026-05-23T20:30Z,135,1,15,10Y1001C--00090V,AUCTION-aFRR,B74,10YSK-SEPS-----K,EUR,A01,A01,20260523091-AFRR_P-UNIT_069-1,MWH,MAW,A01,A06,2026-05-23T20:45Z,2026-05-23T20:30Z
balancing_energy_bids,37,2026-05-23T20:30:00,PT15M,2026-05-23T20:45Z,2026-05-23T20:30Z,200,1,1,10Y1001C--00090V,AUCTION-aFRR,B74,10YSK-SEPS-----K,EUR,A01,A01,20260523091-AFRR_P-UNIT_058-1,MWH,MAW,A01,A11,2026-05-23T20:45Z,2026-05-23T20:30Z
balancing_energy_bids,38,2026-05-23T20:30:00,PT15M,2026-05-23T20:45Z,2026-05-23T20:30Z,158,1,8,10Y1001C--00090V,AUCTION-aFRR,B74,10YSK-SEPS-----K,EUR,A01,A01,20260523091-AFRR_P-UNIT_062-1,MWH,MAW,A01,A06,2026-05-23T20:45Z,2026-05-23T20:30Z
balancing_energy_bids,39,2026-05-23T20:30:00,PT15M,2026-05-23T20:45Z,2026-05-23T20:30Z,158,1,2,10Y1001C--00090V,AUCTION-aFRR,B74,10YSK-SEPS-----K,EUR,A01,A01,20260523091-AFRR_P-UNIT_043-1,MWH,MAW,A01,A06,2026-05-23T20:45Z,2026-05-23T20:30Z
balancing_energy_bids,40,2026-05-23T20:30:00,PT15M,2026-05-23T20:45Z,2026-05-23T20:30Z,110,1,9,10Y1001C--00090V,AUCTION-aFRR,B74,10YSK-SEPS-----K,EUR,A01,A01,20260523091-AFRR_P-UNIT_063-1,MWH,MAW,A01,A06,2026-05-23T20:45Z,2026-05-23T20:30Z
balancing_energy_bids,41,2026-05-23T20:30:00,PT15M,2026-05-23T20:45Z,2026-05-23T20:30Z,750,1,11,10Y1001C--00090V,AUCTION-aFRR,B74,10YSK-SEPS-----K,EUR,A01,A01,20260523091-AFRR_P-UNIT_104-1,MWH,MAW,A01,A06,2026-05-23T20:45Z,2026-05-23T20:30Z
balancing_energy_bids,42,2026-05-23T20:30:00,PT15M,2026-05-23T20:45Z,2026-05-23T20:30Z,85,1,2,10Y1001C--00090V,AUCTION-aFRR,B74,10YSK-SEPS-----K,EUR,A01,A01,20260523091-AFRR_P-UNIT_097-1,MWH,MAW,A01,A06,2026-05-23T20:45Z,2026-05-23T20:30Z
balancing_energy_bids,43,2026-05-23T20:30:00,PT15M,2026-05-23T20:45Z,2026-05-23T20:30Z,275,1,1,10Y1001C--00090V,AUCTION-aFRR,B74,10YSK-SEPS-----K,EUR,A01,A01,20260523091-AFRR_P-UNIT_019-1,MWH,MAW,A01,A06,2026-05-23T20:45Z,2026-05-23T20:30Z
balancing_energy_bids,44,2026-05-23T20:30:00,PT15M,2026-05-23T20:45Z,2026-05-23T20:30Z,300,1,1,10Y1001C--00090V,AUCTION-aFRR,B74,10YSK-SEPS-----K,EUR,A01,A01,20260523091-AFRR_P-UNIT_106-1,MWH,MAW,A01,A11,2026-05-23T20:45Z,2026-05-23T20:30Z
balancing_energy_bids,45,2026-05-23T20:30:00,PT15M,2026-05-23T20:45Z,2026-05-23T20:30Z,189,1,6,10Y1001C--00090V,AUCTION-aFRR,B74,10YSK-SEPS-----K,EUR,A01,A01,20260523091-AFRR_P-UNIT_123-1,MWH,MAW,A01,A06,2026-05-23T20:45Z,2026-05-23T20:30Z
balancing_energy_bids,46,2026-05-23T20:30:00,PT15M,2026-05-23T20:45Z,2026-05-23T20:30Z,-5,1,10,10Y1001C--00090V,AUCTION-aFRR,B74,10YSK-SEPS-----K,EUR,A01,A02,20260523091-AFRR_N-UNIT_068-1,MWH,MAW,A01,A06,2026-05-23T20:45Z,2026-05-23T20:30Z
balancing_energy_bids,47,2026-05-23T20:30:00,PT15M,2026-05-23T20:45Z,2026-05-23T20:30Z,-10,1,10,10Y1001C--00090V,AUCTION-aFRR,B74,10YSK-SEPS-----K,EUR,A01,A02,20260523091-AFRR_N-UNIT_065-1,MWH,MAW,A01,A06,2026-05-23T20:45Z,2026-05-23T20:30Z
balancing_energy_bids,48,2026-05-23T20:30:00,PT15M,2026-05-23T20:45Z,2026-05-23T20:30Z,-30,1,7,10Y1001C--00090V,AUCTION-aFRR,B74,10YSK-SEPS-----K,EUR,A01,A02,20260523091-AFRR_N-UNIT_052-1,MWH,MAW,A01,A06,2026-05-23T20:45Z,2026-05-23T20:30Z
balancing_energy_bids,49,2026-05-23T20:30:00,PT15M,2026-05-23T20:45Z,2026-05-23T20:30Z,-144,1,5,10Y1001C--00090V,AUCTION-aFRR,B74,10YSK-SEPS-----K,EUR,A01,A02,20260523091-AFRR_N-UNIT_051-1,MWH,MAW,A01,A06,2026-05-23T20:45Z,2026-05-23T20:30Z
balancing_energy_bids,50,2026-05-23T20:30:00,PT15M,2026-05-23T20:45Z,2026-05-23T20:30Z,-150,1,12,10Y1001C--00090V,AUCTION-aFRR,B74,10YSK-SEPS-----K,EUR,A01,A02,20260523091-AFRR_N-UNIT_069-1,MWH,MAW,A01,A06,2026-05-23T20:45Z,2026-05-23T20:30Z
balancing_energy_bids,51,2026-05-23T20:30:00,PT15M,2026-05-23T20:45Z,2026-05-23T20:30Z,65,1,45,10Y1001C--00090V,AUCTION-aFRR,B74,10YSK-SEPS-----K,EUR,A01,A02,20260523091-AFRR_N-UNIT_049-1,MWH,MAW,A01,A06,2026-05-23T20:45Z,2026-05-23T20:30Z
balancing_energy_bids,52,2026-05-23T20:30:00,PT15M,2026-05-23T20:45Z,2026-05-23T20:30Z,-5,1,1,10Y1001C--00090V,AUCTION-aFRR,B74,10YSK-SEPS-----K,EUR,A01,A02,20260523091-AFRR_N-UNIT_028-1,MWH,MAW,A01,A11,2026-05-23T20:45Z,2026-05-23T20:30Z
balancing_energy_bids,53,2026-05-23T20:30:00,PT15M,2026-05-23T20:45Z,2026-05-23T20:30Z,-50,1,1,10Y1001C--00090V,AUCTION-aFRR,B74,10YSK-SEPS-----K,EUR,A01,A02,20260523091-AFRR_N-UNIT_058-1,MWH,MAW,A01,A11,2026-05-23T20:45Z,2026-05-23T20:30Z
balancing_energy_bids,54,2026-05-23T20:30:00,PT15M,2026-05-23T20:45Z,2026-05-23T20:30Z,-10,1,17,10Y1001C--00090V,AUCTION-aFRR,B74,10YSK-SEPS-----K,EUR,A01,A02,20260523091-AFRR_N-UNIT_013-1,MWH,MAW,A01,A06,2026-05-23T20:45Z,2026-05-23T20:30Z
balancing_energy_bids,55,2026-05-23T20:30:00,PT15M,2026-05-23T20:45Z,2026-05-23T20:30Z,-10,1,25,10Y1001C--00090V,AUCTION-aFRR,B74,10YSK-SEPS-----K,EUR,A01,A02,20260523091-AFRR_N-UNIT_010-1,MWH,MAW,A01,A06,2026-05-23T20:45Z,2026-05-23T20:30Z
balancing_energy_bids,56,2026-05-23T20:30:00,PT15M,2026-05-23T20:45Z,2026-05-23T20:30Z,-29,1,11,10Y1001C--00090V,AUCTION-aFRR,B74,10YSK-SEPS-----K,EUR,A01,A02,20260523091-AFRR_N-UNIT_062-1,MWH,MAW,A01,A06,2026-05-23T20:45Z,2026-05-23T20:30Z
balancing_energy_bids,57,2026-05-23T20:30:00,PT15M,2026-05-23T20:45Z,2026-05-23T20:30Z,10,1,3,10Y1001C--00090V,AUCTION-aFRR,B74,10YSK-SEPS-----K,EUR,A01,A02,20260523091-AFRR_N-UNIT_043-1,MWH,MAW,A01,A06,2026-05-23T20:45Z,2026-05-23T20:30Z
balancing_energy_bids,58,2026-05-23T20:30:00,PT15M,2026-05-23T20:45Z,2026-05-23T20:30Z,-5,1,4,10Y1001C--00090V,AUCTION-aFRR,B74,10YSK-SEPS-----K,EUR,A01,A02,20260523091-AFRR_N-UNIT_104-1,MWH,MAW,A01,A06,2026-05-23T20:45Z,2026-05-23T20:30Z
balancing_energy_bids,59,2026-05-23T20:30:00,PT15M,2026-05-23T20:45Z,2026-05-23T20:30Z,-109.37,1,3,10Y1001C--00090V,AUCTION-aFRR,B74,10YSK-SEPS-----K,EUR,A01,A02,20260523091-AFRR_N-UNIT_089-1,MWH,MAW,A01,A06,2026-05-23T20:45Z,2026-05-23T20:30Z
balancing_energy_bids,60,2026-05-23T20:30:00,PT15M,2026-05-23T20:45Z,2026-05-23T20:30Z,0,1,3,10Y1001C--00090V,AUCTION-aFRR,B74,10YSK-SEPS-----K,EUR,A01,A02,20260523091-AFRR_N-UNIT_097-1,MWH,MAW,A01,A06,2026-05-23T20:45Z,2026-05-23T20:30Z
balancing_energy_bids,61,2026-05-23T20:30:00,PT15M,2026-05-23T20:45Z,2026-05-23T20:30Z,-199,1,1,10Y1001C--00090V,AUCTION-aFRR,B74,10YSK-SEPS-----K,EUR,A01,A02,20260523091-AFRR_N-UNIT_019-1,MWH,MAW,A01,A11,2026-05-23T20:45Z,2026-05-23T20:30Z
balancing_energy_bids,62,2026-05-23T20:30:00,PT15M,2026-05-23T20:45Z,2026-05-23T20:30Z,-19,1,1,10Y1001C--00090V,AUCTION-aFRR,B74,10YSK-SEPS-----K,EUR,A01,A02,20260523091-AFRR_N-UNIT_106-1,MWH,MAW,A01,A06,2026-05-23T20:45Z,2026-05-23T20:30Z
balancing_energy_bids,63,2026-05-23T20:30:00,PT15M,2026-05-23T20:45Z,2026-05-23T20:30Z,-5,1,6,10Y1001C--00090V,AUCTION-aFRR,B74,10YSK-SEPS-----K,EUR,A01,A02,20260523091-AFRR_N-UNIT_123-1,MWH,MAW,A01,A06,2026-05-23T20:45Z,2026-05-23T20:30Z
balancing_energy_bids,64,2026-05-23T20:30:00,PT15M,2026-05-23T20:45Z,2026-05-23T20:30Z,210.88,1,5,10Y1001C--00090V,AUCTION-aFRR,B74,10YSK-SEPS-----K,EUR,A01,A01,20260523091-AFRR_P-UNIT_028-1,MWH,MAW,A01,A06,2026-05-23T20:45Z,2026-05-23T20:30Z
balancing_energy_bids,65,2026-05-23T20:45:00,PT15M,2026-05-23T21:00Z,2026-05-23T20:45Z,198.1,1,5,10Y1001C--00090V,AUCTION-aFRR,B74,10YSK-SEPS-----K,EUR,A01,A01,20260523092-AFRR_P-UNIT_028-1,MWH,MAW,A01,A06,2026-05-23T21:00Z,2026-05-23T20:45Z
balancing_energy_bids,66,2026-05-23T20:45:00,PT15M,2026-05-23T21:00Z,2026-05-23T20:45Z,198.1,1,1,10Y1001C--00090V,AUCTION-aFRR,B74,10YSK-SEPS-----K,EUR,A01,A01,20260523092-AFRR_P-UNIT_068-1,MWH,MAW,A01,A11,2026-05-23T21:00Z,2026-05-23T20:45Z
balancing_energy_bids,67,2026-05-23T20:45:00,PT15M,2026-05-23T21:00Z,2026-05-23T20:45Z,194.8,1,25,10Y1001C--00090V,AUCTION-aFRR,B74,10YSK-SEPS-----K,EUR,A01,A01,20260523092-AFRR_P-UNIT_065-1,MWH,MAW,A01,A06,2026-05-23T21:00Z,2026-05-23T20:45Z
balancing_energy_bids,68,2026-05-23T20:45:00,PT15M,2026-05-23T21:00Z,2026-05-23T20:45Z,140,1,31,10Y1001C--00090V,AUCTION-aFRR,B74,10YSK-SEPS-----K,EUR,A01,A01,20260523092-AFRR_P-UNIT_052-1,MWH,MAW,A01,A06,2026-05-23T21:00Z,2026-05-23T20:45Z
balancing_energy_bids,69,2026-05-23T20:45:00,PT15M,2026-05-23T21:00Z,2026-05-23T20:45Z,500,1,10,10Y1001C--00090V,AUCTION-aFRR,B74,10YSK-SEPS-----K,EUR,A01,A01,20260523092-AFRR_P-UNIT_047-1,MWH,MAW,A01,A06,2026-05-23T21:00Z,2026-05-23T20:45Z
balancing_energy_bids,70,2026-05-23T20:45:00,PT15M,2026-05-23T21:00Z,2026-05-23T20:45Z,350,1,5,10Y1001C--00090V,AUCTION-aFRR,B74,10YSK-SEPS-----K,EUR,A01,A01,20260523092-AFRR_P-UNIT_051-1,MWH,MAW,A01,A06,2026-05-23T21:00Z,2026-05-23T20:45Z
balancing_energy_bids,71,2026-05-23T20:45:00,PT15M,2026-05-23T21:00Z,2026-05-23T20:45Z,135,1,15,10Y1001C--00090V,AUCTION-aFRR,B74,10YSK-SEPS-----K,EUR,A01,A01,20260523092-AFRR_P-UNIT_069-1,MWH,MAW,A01,A06,2026-05-23T21:00Z,2026-05-23T20:45Z
balancing_energy_bids,72,2026-05-23T20:45:00,PT15M,2026-05-23T21:00Z,2026-05-23T20:45Z,200,1,1,10Y1001C--00090V,AUCTION-aFRR,B74,10YSK-SEPS-----K,EUR,A01,A01,20260523092-AFRR_P-UNIT_058-1,MWH,MAW,A01,A11,2026-05-23T21:00Z,2026-05-23T20:45Z
balancing_energy_bids,73,2026-05-23T20:45:00,PT15M,2026-05-23T21:00Z,2026-05-23T20:45Z,149,1,8,10Y1001C--00090V,AUCTION-aFRR,B74,10YSK-SEPS-----K,EUR,A01,A01,20260523092-AFRR_P-UNIT_062-1,MWH,MAW,A01,A06,2026-05-23T21:00Z,2026-05-23T20:45Z
balancing_energy_bids,74,2026-05-23T20:45:00,PT15M,2026-05-23T21:00Z,2026-05-23T20:45Z,149,1,2,10Y1001C--00090V,AUCTION-aFRR,B74,10YSK-SEPS-----K,EUR,A01,A01,20260523092-AFRR_P-UNIT_043-1,MWH,MAW,A01,A06,2026-05-23T21:00Z,2026-05-23T20:45Z
balancing_energy_bids,75,2026-05-23T20:45:00,PT15M,2026-05-23T21:00Z,2026-05-23T20:45Z,110,1,9,10Y1001C--00090V,AUCTION-aFRR,B74,10YSK-SEPS-----K,EUR,A01,A01,20260523092-AFRR_P-UNIT_063-1,MWH,MAW,A01,A06,2026-05-23T21:00Z,2026-05-23T20:45Z
balancing_energy_bids,76,2026-05-23T20:45:00,PT15M,2026-05-23T21:00Z,2026-05-23T20:45Z,750,1,11,10Y1001C--00090V,AUCTION-aFRR,B74,10YSK-SEPS-----K,EUR,A01,A01,20260523092-AFRR_P-UNIT_104-1,MWH,MAW,A01,A06,2026-05-23T21:00Z,2026-05-23T20:45Z
balancing_energy_bids,77,2026-05-23T20:45:00,PT15M,2026-05-23T21:00Z,2026-05-23T20:45Z,85,1,2,10Y1001C--00090V,AUCTION-aFRR,B74,10YSK-SEPS-----K,EUR,A01,A01,20260523092-AFRR_P-UNIT_097-1,MWH,MAW,A01,A06,2026-05-23T21:00Z,2026-05-23T20:45Z
balancing_energy_bids,78,2026-05-23T20:45:00,PT15M,2026-05-23T21:00Z,2026-05-23T20:45Z,260,1,1,10Y1001C--00090V,AUCTION-aFRR,B74,10YSK-SEPS-----K,EUR,A01,A01,20260523092-AFRR_P-UNIT_019-1,MWH,MAW,A01,A06,2026-05-23T21:00Z,2026-05-23T20:45Z
balancing_energy_bids,79,2026-05-23T20:45:00,PT15M,2026-05-23T21:00Z,2026-05-23T20:45Z,300,1,1,10Y1001C--00090V,AUCTION-aFRR,B74,10YSK-SEPS-----K,EUR,A01,A01,20260523092-AFRR_P-UNIT_106-1,MWH,MAW,A01,A11,2026-05-23T21:00Z,2026-05-23T20:45Z
balancing_energy_bids,80,2026-05-23T20:45:00,PT15M,2026-05-23T21:00Z,2026-05-23T20:45Z,189,1,6,10Y1001C--00090V,AUCTION-aFRR,B74,10YSK-SEPS-----K,EUR,A01,A01,20260523092-AFRR_P-UNIT_123-1,MWH,MAW,A01,A06,2026-05-23T21:00Z,2026-05-23T20:45Z
balancing_energy_bids,81,2026-05-23T20:45:00,PT15M,2026-05-23T21:00Z,2026-05-23T20:45Z,-5,1,10,10Y1001C--00090V,AUCTION-aFRR,B74,10YSK-SEPS-----K,EUR,A01,A02,20260523092-AFRR_N-UNIT_068-1,MWH,MAW,A01,A06,2026-05-23T21:00Z,2026-05-23T20:45Z
balancing_energy_bids,82,2026-05-23T20:45:00,PT15M,2026-05-23T21:00Z,2026-05-23T20:45Z,-10,1,10,10Y1001C--00090V,AUCTION-aFRR,B74,10YSK-SEPS-----K,EUR,A01,A02,20260523092-AFRR_N-UNIT_065-1,MWH,MAW,A01,A06,2026-05-23T21:00Z,2026-05-23T20:45Z
balancing_energy_bids,83,2026-05-23T20:45:00,PT15M,2026-05-23T21:00Z,2026-05-23T20:45Z,-30,1,7,10Y1001C--00090V,AUCTION-aFRR,B74,10YSK-SEPS-----K,EUR,A01,A02,20260523092-AFRR_N-UNIT_052-1,MWH,MAW,A01,A06,2026-05-23T21:00Z,2026-05-23T20:45Z
balancing_energy_bids,84,2026-05-23T20:45:00,PT15M,2026-05-23T21:00Z,2026-05-23T20:45Z,-144,1,5,10Y1001C--00090V,AUCTION-aFRR,B74,10YSK-SEPS-----K,EUR,A01,A02,20260523092-AFRR_N-UNIT_051-1,MWH,MAW,A01,A06,2026-05-23T21:00Z,2026-05-23T20:45Z
balancing_energy_bids,85,2026-05-23T20:45:00,PT15M,2026-05-23T21:00Z,2026-05-23T20:45Z,-150,1,12,10Y1001C--00090V,AUCTION-aFRR,B74,10YSK-SEPS-----K,EUR,A01,A02,20260523092-AFRR_N-UNIT_069-1,MWH,MAW,A01,A06,2026-05-23T21:00Z,2026-05-23T20:45Z
balancing_energy_bids,86,2026-05-23T20:45:00,PT15M,2026-05-23T21:00Z,2026-05-23T20:45Z,65,1,45,10Y1001C--00090V,AUCTION-aFRR,B74,10YSK-SEPS-----K,EUR,A01,A02,20260523092-AFRR_N-UNIT_049-1,MWH,MAW,A01,A06,2026-05-23T21:00Z,2026-05-23T20:45Z
balancing_energy_bids,87,2026-05-23T20:45:00,PT15M,2026-05-23T21:00Z,2026-05-23T20:45Z,-5,1,1,10Y1001C--00090V,AUCTION-aFRR,B74,10YSK-SEPS-----K,EUR,A01,A02,20260523092-AFRR_N-UNIT_028-1,MWH,MAW,A01,A11,2026-05-23T21:00Z,2026-05-23T20:45Z
balancing_energy_bids,88,2026-05-23T20:45:00,PT15M,2026-05-23T21:00Z,2026-05-23T20:45Z,-50,1,1,10Y1001C--00090V,AUCTION-aFRR,B74,10YSK-SEPS-----K,EUR,A01,A02,20260523092-AFRR_N-UNIT_058-1,MWH,MAW,A01,A11,2026-05-23T21:00Z,2026-05-23T20:45Z
balancing_energy_bids,89,2026-05-23T20:45:00,PT15M,2026-05-23T21:00Z,2026-05-23T20:45Z,-10,1,17,10Y1001C--00090V,AUCTION-aFRR,B74,10YSK-SEPS-----K,EUR,A01,A02,20260523092-AFRR_N-UNIT_013-1,MWH,MAW,A01,A06,2026-05-23T21:00Z,2026-05-23T20:45Z
balancing_energy_bids,90,2026-05-23T20:45:00,PT15M,2026-05-23T21:00Z,2026-05-23T20:45Z,-10,1,25,10Y1001C--00090V,AUCTION-aFRR,B74,10YSK-SEPS-----K,EUR,A01,A02,20260523092-AFRR_N-UNIT_010-1,MWH,MAW,A01,A06,2026-05-23T21:00Z,2026-05-23T20:45Z
balancing_energy_bids,91,2026-05-23T20:45:00,PT15M,2026-05-23T21:00Z,2026-05-23T20:45Z,-29,1,11,10Y1001C--00090V,AUCTION-aFRR,B74,10YSK-SEPS-----K,EUR,A01,A02,20260523092-AFRR_N-UNIT_062-1,MWH,MAW,A01,A06,2026-05-23T21:00Z,2026-05-23T20:45Z
balancing_energy_bids,92,2026-05-23T20:45:00,PT15M,2026-05-23T21:00Z,2026-05-23T20:45Z,10,1,3,10Y1001C--00090V,AUCTION-aFRR,B74,10YSK-SEPS-----K,EUR,A01,A02,20260523092-AFRR_N-UNIT_043-1,MWH,MAW,A01,A06,2026-05-23T21:00Z,2026-05-23T20:45Z
balancing_energy_bids,93,2026-05-23T20:45:00,PT15M,2026-05-23T21:00Z,2026-05-23T20:45Z,-5,1,4,10Y1001C--00090V,AUCTION-aFRR,B74,10YSK-SEPS-----K,EUR,A01,A02,20260523092-AFRR_N-UNIT_104-1,MWH,MAW,A01,A06,2026-05-23T21:00Z,2026-05-23T20:45Z
balancing_energy_bids,94,2026-05-23T20:45:00,PT15M,2026-05-23T21:00Z,2026-05-23T20:45Z,-118.5,1,3,10Y1001C--00090V,AUCTION-aFRR,B74,10YSK-SEPS-----K,EUR,A01,A02,20260523092-AFRR_N-UNIT_089-1,MWH,MAW,A01,A06,2026-05-23T21:00Z,2026-05-23T20:45Z
balancing_energy_bids,95,2026-05-23T20:45:00,PT15M,2026-05-23T21:00Z,2026-05-23T20:45Z,0,1,3,10Y1001C--00090V,AUCTION-aFRR,B74,10YSK-SEPS-----K,EUR,A01,A02,20260523092-AFRR_N-UNIT_097-1,MWH,MAW,A01,A06,2026-05-23T21:00Z,2026-05-23T20:45Z
balancing_energy_bids,96,2026-05-23T20:45:00,PT15M,2026-05-23T21:00Z,2026-05-23T20:45Z,-199,1,1,10Y1001C--00090V,AUCTION-aFRR,B74,10YSK-SEPS-----K,EUR,A01,A02,20260523092-AFRR_N-UNIT_019-1,MWH,MAW,A01,A11,2026-05-23T21:00Z,2026-05-23T20:45Z
balancing_energy_bids,97,2026-05-23T20:45:00,PT15M,2026-05-23T21:00Z,2026-05-23T20:45Z,-19,1,1,10Y1001C--00090V,AUCTION-aFRR,B74,10YSK-SEPS-----K,EUR,A01,A02,20260523092-AFRR_N-UNIT_106-1,MWH,MAW,A01,A06,2026-05-23T21:00Z,2026-05-23T20:45Z
balancing_energy_bids,98,2026-05-23T20:45:00,PT15M,2026-05-23T21:00Z,2026-05-23T20:45Z,-5,1,6,10Y1001C--00090V,AUCTION-aFRR,B74,10YSK-SEPS-----K,EUR,A01,A02,20260523092-AFRR_N-UNIT_123-1,MWH,MAW,A01,A06,2026-05-23T21:00Z,2026-05-23T20:45Z
balancing_energy_bids,99,2026-05-23T20:45:00,PT15M,2026-05-23T21:00Z,2026-05-23T20:45Z,70,1,35,10Y1001C--00090V,AUCTION-aFRR,B74,10YSK-SEPS-----K,EUR,A01,A02,20260523092-AFRR_N-UNIT_005-1,MWH,MAW,A01,A06,2026-05-23T21:00Z,2026-05-23T20:45Z
balancing_energy_bids,100,2026-05-23T21:00:00,PT15M,2026-05-23T21:15Z,2026-05-23T21:00Z,219.67,1,1,10Y1001C--00090V,AUCTION-aFRR,B74,10YSK-SEPS-----K,EUR,A01,A01,20260523093-AFRR_P-UNIT_068-1,MWH,MAW,A01,A11,2026-05-23T21:15Z,2026-05-23T21:00Z
balancing_energy_bids,1,2026-05-23T21:00:00,PT15M,2026-05-23T21:15Z,2026-05-23T21:00Z,213.29,1,28,10Y1001C--00090V,AUCTION-aFRR,B74,10YSK-SEPS-----K,EUR,A01,A01,20260523093-AFRR_P-UNIT_065-1,MWH,MAW,A01,A06,2026-05-23T21:15Z,2026-05-23T21:00Z
balancing_energy_bids,2,2026-05-23T21:00:00,PT15M,2026-05-23T21:15Z,2026-05-23T21:00Z,140,1,31,10Y1001C--00090V,AUCTION-aFRR,B74,10YSK-SEPS-----K,EUR,A01,A01,20260523093-AFRR_P-UNIT_052-1,MWH,MAW,A01,A06,2026-05-23T21:15Z,2026-05-23T21:00Z
balancing_energy_bids,3,2026-05-23T21:00:00,PT15M,2026-05-23T21:15Z,2026-05-23T21:00Z,500,1,10,10Y1001C--00090V,AUCTION-aFRR,B74,10YSK-SEPS-----K,EUR,A01,A01,20260523093-AFRR_P-UNIT_047-1,MWH,MAW,A01,A06,2026-05-23T21:15Z,2026-05-23T21:00Z
balancing_energy_bids,4,2026-05-23T21:00:00,PT15M,2026-05-23T21:15Z,2026-05-23T21:00Z,350,1,5,10Y1001C--00090V,AUCTION-aFRR,B74,10YSK-SEPS-----K,EUR,A01,A01,20260523093-AFRR_P-UNIT_051-1,MWH,MAW,A01,A06,2026-05-23T21:15Z,2026-05-23T21:00Z
balancing_energy_bids,5,2026-05-23T21:00:00,PT15M,2026-05-23T21:15Z,2026-05-23T21:00Z,135,1,15,10Y1001C--00090V,AUCTION-aFRR,B74,10YSK-SEPS-----K,EUR,A01,A01,20260523093-AFRR_P-UNIT_069-1,MWH,MAW,A01,A06,2026-05-23T21:15Z,2026-05-23T21:00Z
balancing_energy_bids,6,2026-05-23T21:00:00,PT15M,2026-05-23T21:15Z,2026-05-23T21:00Z,200,1,1,10Y1001C--00090V,AUCTION-aFRR,B74,10YSK-SEPS-----K,EUR,A01,A01,20260523093-AFRR_P-UNIT_058-1,MWH,MAW,A01,A11,2026-05-23T21:15Z,2026-05-23T21:00Z
balancing_energy_bids,7,2026-05-23T21:00:00,PT15M,2026-05-23T21:15Z,2026-05-23T21:00Z,165,1,8,10Y1001C--00090V,AUCTION-aFRR,B74,10YSK-SEPS-----K,EUR,A01,A01,20260523093-AFRR_P-UNIT_062-1,MWH,MAW,A01,A06,2026-05-23T21:15Z,2026-05-23T21:00Z
balancing_energy_bids,8,2026-05-23T21:00:00,PT15M,2026-05-23T21:15Z,2026-05-23T21:00Z,165,1,2,10Y1001C--00090V,AUCTION-aFRR,B74,10YSK-SEPS-----K,EUR,A01,A01,20260523093-AFRR_P-UNIT_043-1,MWH,MAW,A01,A06,2026-05-23T21:15Z,2026-05-23T21:00Z
balancing_energy_bids,9,2026-05-23T21:00:00,PT15M,2026-05-23T21:15Z,2026-05-23T21:00Z,110,1,9,10Y1001C--00090V,AUCTION-aFRR,B74,10YSK-SEPS-----K,EUR,A01,A01,20260523093-AFRR_P-UNIT_063-1,MWH,MAW,A01,A06,2026-05-23T21:15Z,2026-05-23T21:00Z
balancing_energy_bids,10,2026-05-23T21:00:00,PT15M,2026-05-23T21:15Z,2026-05-23T21:00Z,750,1,11,10Y1001C--00090V,AUCTION-aFRR,B74,10YSK-SEPS-----K,EUR,A01,A01,20260523093-AFRR_P-UNIT_104-1,MWH,MAW,A01,A06,2026-05-23T21:15Z,2026-05-23T21:00Z
balancing_energy_bids,11,2026-05-23T21:00:00,PT15M,2026-05-23T21:15Z,2026-05-23T21:00Z,213.29,1,3,10Y1001C--00090V,AUCTION-aFRR,B74,10YSK-SEPS-----K,EUR,A01,A01,20260523093-AFRR_P-UNIT_009-1,MWH,MAW,A01,A06,2026-05-23T21:15Z,2026-05-23T21:00Z
balancing_energy_bids,12,2026-05-23T21:00:00,PT15M,2026-05-23T21:15Z,2026-05-23T21:00Z,274,1,1,10Y1001C--00090V,AUCTION-aFRR,B74,10YSK-SEPS-----K,EUR,A01,A01,20260523093-AFRR_P-UNIT_019-1,MWH,MAW,A01,A06,2026-05-23T21:15Z,2026-05-23T21:00Z
balancing_energy_bids,13,2026-05-23T21:00:00,PT15M,2026-05-23T21:15Z,2026-05-23T21:00Z,300,1,1,10Y1001C--00090V,AUCTION-aFRR,B74,10YSK-SEPS-----K,EUR,A01,A01,20260523093-AFRR_P-UNIT_106-1,MWH,MAW,A01,A11,2026-05-23T21:15Z,2026-05-23T21:00Z
balancing_energy_bids,14,2026-05-23T21:00:00,PT15M,2026-05-23T21:15Z,2026-05-23T21:00Z,189,1,6,10Y1001C--00090V,AUCTION-aFRR,B74,10YSK-SEPS-----K,EUR,A01,A01,20260523093-AFRR_P-UNIT_123-1,MWH,MAW,A01,A06,2026-05-23T21:15Z,2026-05-23T21:00Z
balancing_energy_bids,15,2026-05-23T21:00:00,PT15M,2026-05-23T21:15Z,2026-05-23T21:00Z,-5,1,10,10Y1001C--00090V,AUCTION-aFRR,B74,10YSK-SEPS-----K,EUR,A01,A02,20260523093-AFRR_N-UNIT_068-1,MWH,MAW,A01,A06,2026-05-23T21:15Z,2026-05-23T21:00Z
balancing_energy_bids,16,2026-05-23T21:00:00,PT15M,2026-05-23T21:15Z,2026-05-23T21:00Z,-10,1,10,10Y1001C--00090V,AUCTION-aFRR,B74,10YSK-SEPS-----K,EUR,A01,A02,20260523093-AFRR_N-UNIT_065-1,MWH,MAW,A01,A06,2026-05-23T21:15Z,2026-05-23T21:00Z
balancing_energy_bids,17,2026-05-23T21:00:00,PT15M,2026-05-23T21:15Z,2026-05-23T21:00Z,-30,1,7,10Y1001C--00090V,AUCTION-aFRR,B74,10YSK-SEPS-----K,EUR,A01,A02,20260523093-AFRR_N-UNIT_052-1,MWH,MAW,A01,A06,2026-05-23T21:15Z,2026-05-23T21:00Z
balancing_energy_bids,18,2026-05-23T21:00:00,PT15M,2026-05-23T21:15Z,2026-05-23T21:00Z,-144,1,5,10Y1001C--00090V,AUCTION-aFRR,B74,10YSK-SEPS-----K,EUR,A01,A02,20260523093-AFRR_N-UNIT_051-1,MWH,MAW,A01,A06,2026-05-23T21:15Z,2026-05-23T21:00Z
balancing_energy_bids,19,2026-05-23T21:00:00,PT15M,2026-05-23T21:15Z,2026-05-23T21:00Z,-150,1,12,10Y1001C--00090V,AUCTION-aFRR,B74,10YSK-SEPS-----K,EUR,A01,A02,20260523093-AFRR_N-UNIT_069-1,MWH,MAW,A01,A06,2026-05-23T21:15Z,2026-05-23T21:00Z
balancing_energy_bids,20,2026-05-23T21:00:00,PT15M,2026-05-23T21:15Z,2026-05-23T21:00Z,65,1,45,10Y1001C--00090V,AUCTION-aFRR,B74,10YSK-SEPS-----K,EUR,A01,A02,20260523093-AFRR_N-UNIT_049-1,MWH,MAW,A01,A06,2026-05-23T21:15Z,2026-05-23T21:00Z
balancing_energy_bids,21,2026-05-23T21:00:00,PT15M,2026-05-23T21:15Z,2026-05-23T21:00Z,-5,1,1,10Y1001C--00090V,AUCTION-aFRR,B74,10YSK-SEPS-----K,EUR,A01,A02,20260523093-AFRR_N-UNIT_028-1,MWH,MAW,A01,A11,2026-05-23T21:15Z,2026-05-23T21:00Z
balancing_energy_bids,22,2026-05-23T21:00:00,PT15M,2026-05-23T21:15Z,2026-05-23T21:00Z,-50,1,1,10Y1001C--00090V,AUCTION-aFRR,B74,10YSK-SEPS-----K,EUR,A01,A02,20260523093-AFRR_N-UNIT_058-1,MWH,MAW,A01,A11,2026-05-23T21:15Z,2026-05-23T21:00Z
balancing_energy_bids,23,2026-05-23T21:00:00,PT15M,2026-05-23T21:15Z,2026-05-23T21:00Z,-10,1,18,10Y1001C--00090V,AUCTION-aFRR,B74,10YSK-SEPS-----K,EUR,A01,A02,20260523093-AFRR_N-UNIT_013-1,MWH,MAW,A01,A06,2026-05-23T21:15Z,2026-05-23T21:00Z
balancing_energy_bids,24,2026-05-23T21:00:00,PT15M,2026-05-23T21:15Z,2026-05-23T21:00Z,-10,1,25,10Y1001C--00090V,AUCTION-aFRR,B74,10YSK-SEPS-----K,EUR,A01,A02,20260523093-AFRR_N-UNIT_010-1,MWH,MAW,A01,A06,2026-05-23T21:15Z,2026-05-23T21:00Z
balancing_energy_bids,25,2026-05-23T21:00:00,PT15M,2026-05-23T21:15Z,2026-05-23T21:00Z,-29,1,11,10Y1001C--00090V,AUCTION-aFRR,B74,10YSK-SEPS-----K,EUR,A01,A02,20260523093-AFRR_N-UNIT_062-1,MWH,MAW,A01,A06,2026-05-23T21:15Z,2026-05-23T21:00Z
balancing_energy_bids,26,2026-05-23T21:00:00,PT15M,2026-05-23T21:15Z,2026-05-23T21:00Z,10,1,3,10Y1001C--00090V,AUCTION-aFRR,B74,10YSK-SEPS-----K,EUR,A01,A02,20260523093-AFRR_N-UNIT_043-1,MWH,MAW,A01,A06,2026-05-23T21:15Z,2026-05-23T21:00Z
balancing_energy_bids,27,2026-05-23T21:00:00,PT15M,2026-05-23T21:15Z,2026-05-23T21:00Z,-5,1,4,10Y1001C--00090V,AUCTION-aFRR,B74,10YSK-SEPS-----K,EUR,A01,A02,20260523093-AFRR_N-UNIT_104-1,MWH,MAW,A01,A06,2026-05-23T21:15Z,2026-05-23T21:00Z
balancing_energy_bids,28,2026-05-23T21:00:00,PT15M,2026-05-23T21:15Z,2026-05-23T21:00Z,-103.09,1,3,10Y1001C--00090V,AUCTION-aFRR,B74,10YSK-SEPS-----K,EUR,A01,A02,20260523093-AFRR_N-UNIT_089-1,MWH,MAW,A01,A06,2026-05-23T21:15Z,2026-05-23T21:00Z
balancing_energy_bids,29,2026-05-23T21:00:00,PT15M,2026-05-23T21:15Z,2026-05-23T21:00Z,-199,1,1,10Y1001C--00090V,AUCTION-aFRR,B74,10YSK-SEPS-----K,EUR,A01,A02,20260523093-AFRR_N-UNIT_019-1,MWH,MAW,A01,A11,2026-05-23T21:15Z,2026-05-23T21:00Z
balancing_energy_bids,30,2026-05-23T21:00:00,PT15M,2026-05-23T21:15Z,2026-05-23T21:00Z,-19,1,1,10Y1001C--00090V,AUCTION-aFRR,B74,10YSK-SEPS-----K,EUR,A01,A02,20260523093-AFRR_N-UNIT_106-1,MWH,MAW,A01,A06,2026-05-23T21:15Z,2026-05-23T21:00Z
balancing_energy_bids,31,2026-05-23T21:00:00,PT15M,2026-05-23T21:15Z,2026-05-23T21:00Z,-5,1,6,10Y1001C--00090V,AUCTION-aFRR,B74,10YSK-SEPS-----K,EUR,A01,A02,20260523093-AFRR_N-UNIT_123-1,MWH,MAW,A01,A06,2026-05-23T21:15Z,2026-05-23T21:00Z
balancing_energy_bids,32,2026-05-23T21:00:00,PT15M,2026-05-23T21:15Z,2026-05-23T21:00Z,70,1,35,10Y1001C--00090V,AUCTION-aFRR,B74,10YSK-SEPS-----K,EUR,A01,A02,20260523093-AFRR_N-UNIT_005-1,MWH,MAW,A01,A06,2026-05-23T21:15Z,2026-05-23T21:00Z
balancing_energy_bids,33,2026-05-23T21:00:00,PT15M,2026-05-23T21:15Z,2026-05-23T21:00Z,219.67,1,5,10Y1001C--00090V,AUCTION-aFRR,B74,10YSK-SEPS-----K,EUR,A01,A01,20260523093-AFRR_P-UNIT_028-1,MWH,MAW,A01,A06,2026-05-23T21:15Z,2026-05-23T21:00Z
balancing_energy_bids,34,2026-05-23T21:15:00,PT15M,2026-05-23T21:30Z,2026-05-23T21:15Z,-10,1,17,10Y1001C--00090V,AUCTION-aFRR,B74,10YSK-SEPS-----K,EUR,A01,A02,20260523094-AFRR_N-UNIT_013-1,MWH,MAW,A01,A06,2026-05-23T21:30Z,2026-05-23T21:15Z
balancing_energy_bids,35,2026-05-23T21:15:00,PT15M,2026-05-23T21:30Z,2026-05-23T21:15Z,-10,1,25,10Y1001C--00090V,AUCTION-aFRR,B74,10YSK-SEPS-----K,EUR,A01,A02,20260523094-AFRR_N-UNIT_010-1,MWH,MAW,A01,A06,2026-05-23T21:30Z,2026-05-23T21:15Z
balancing_energy_bids,36,2026-05-23T21:15:00,PT15M,2026-05-23T21:30Z,2026-05-23T21:15Z,-29,1,11,10Y1001C--00090V,AUCTION-aFRR,B74,10YSK-SEPS-----K,EUR,A01,A02,20260523094-AFRR_N-UNIT_062-1,MWH,MAW,A01,A06,2026-05-23T21:30Z,2026-05-23T21:15Z
balancing_energy_bids,37,2026-05-23T21:15:00,PT15M,2026-05-23T21:30Z,2026-05-23T21:15Z,10,1,3,10Y1001C--00090V,AUCTION-aFRR,B74,10YSK-SEPS-----K,EUR,A01,A02,20260523094-AFRR_N-UNIT_043-1,MWH,MAW,A01,A06,2026-05-23T21:30Z,2026-05-23T21:15Z
balancing_energy_bids,38,2026-05-23T21:15:00,PT15M,2026-05-23T21:30Z,2026-05-23T21:15Z,-5,1,4,10Y1001C--00090V,AUCTION-aFRR,B74,10YSK-SEPS-----K,EUR,A01,A02,20260523094-AFRR_N-UNIT_104-1,MWH,MAW,A01,A06,2026-05-23T21:30Z,2026-05-23T21:15Z
balancing_energy_bids,39,2026-05-23T21:15:00,PT15M,2026-05-23T21:30Z,2026-05-23T21:15Z,-107.66,1,3,10Y1001C--00090V,AUCTION-aFRR,B74,10YSK-SEPS-----K,EUR,A01,A02,20260523094-AFRR_N-UNIT_089-1,MWH,MAW,A01,A06,2026-05-23T21:30Z,2026-05-23T21:15Z
balancing_energy_bids,40,2026-05-23T21:15:00,PT15M,2026-05-23T21:30Z,2026-05-23T21:15Z,0,1,1,10Y1001C--00090V,AUCTION-aFRR,B74,10YSK-SEPS-----K,EUR,A01,A02,20260523094-AFRR_N-UNIT_097-1,MWH,MAW,A01,A06,2026-05-23T21:30Z,2026-05-23T21:15Z
balancing_energy_bids,41,2026-05-23T21:15:00,PT15M,2026-05-23T21:30Z,2026-05-23T21:15Z,-199,1,1,10Y1001C--00090V,AUCTION-aFRR,B74,10YSK-SEPS-----K,EUR,A01,A02,20260523094-AFRR_N-UNIT_019-1,MWH,MAW,A01,A11,2026-05-23T21:30Z,2026-05-23T21:15Z
balancing_energy_bids,42,2026-05-23T21:15:00,PT15M,2026-05-23T21:30Z,2026-05-23T21:15Z,-19,1,1,10Y1001C--00090V,AUCTION-aFRR,B74,10YSK-SEPS-----K,EUR,A01,A02,20260523094-AFRR_N-UNIT_106-1,MWH,MAW,A01,A06,2026-05-23T21:30Z,2026-05-23T21:15Z
balancing_energy_bids,43,2026-05-23T21:15:00,PT15M,2026-05-23T21:30Z,2026-05-23T21:15Z,-5,1,6,10Y1001C--00090V,AUCTION-aFRR,B74,10YSK-SEPS-----K,EUR,A01,A02,20260523094-AFRR_N-UNIT_123-1,MWH,MAW,A01,A06,2026-05-23T21:30Z,2026-05-23T21:15Z
balancing_energy_bids,44,2026-05-23T21:15:00,PT15M,2026-05-23T21:30Z,2026-05-23T21:15Z,213.27,1,1,10Y1001C--00090V,AUCTION-aFRR,B74,10YSK-SEPS-----K,EUR,A01,A01,20260523094-AFRR_P-UNIT_068-1,MWH,MAW,A01,A11,2026-05-23T21:30Z,2026-05-23T21:15Z
balancing_energy_bids,45,2026-05-23T21:15:00,PT15M,2026-05-23T21:30Z,2026-05-23T21:15Z,207.8,1,28,10Y1001C--00090V,AUCTION-aFRR,B74,10YSK-SEPS-----K,EUR,A01,A01,20260523094-AFRR_P-UNIT_065-1,MWH,MAW,A01,A06,2026-05-23T21:30Z,2026-05-23T21:15Z
balancing_energy_bids,46,2026-05-23T21:15:00,PT15M,2026-05-23T21:30Z,2026-05-23T21:15Z,140,1,31,10Y1001C--00090V,AUCTION-aFRR,B74,10YSK-SEPS-----K,EUR,A01,A01,20260523094-AFRR_P-UNIT_052-1,MWH,MAW,A01,A06,2026-05-23T21:30Z,2026-05-23T21:15Z
balancing_energy_bids,47,2026-05-23T21:15:00,PT15M,2026-05-23T21:30Z,2026-05-23T21:15Z,500,1,10,10Y1001C--00090V,AUCTION-aFRR,B74,10YSK-SEPS-----K,EUR,A01,A01,20260523094-AFRR_P-UNIT_047-1,MWH,MAW,A01,A06,2026-05-23T21:30Z,2026-05-23T21:15Z
balancing_energy_bids,48,2026-05-23T21:15:00,PT15M,2026-05-23T21:30Z,2026-05-23T21:15Z,350,1,5,10Y1001C--00090V,AUCTION-aFRR,B74,10YSK-SEPS-----K,EUR,A01,A01,20260523094-AFRR_P-UNIT_051-1,MWH,MAW,A01,A06,2026-05-23T21:30Z,2026-05-23T21:15Z
balancing_energy_bids,49,2026-05-23T21:15:00,PT15M,2026-05-23T21:30Z,2026-05-23T21:15Z,135,1,15,10Y1001C--00090V,AUCTION-aFRR,B74,10YSK-SEPS-----K,EUR,A01,A01,20260523094-AFRR_P-UNIT_069-1,MWH,MAW,A01,A06,2026-05-23T21:30Z,2026-05-23T21:15Z
balancing_energy_bids,50,2026-05-23T21:15:00,PT15M,2026-05-23T21:30Z,2026-05-23T21:15Z,200,1,1,10Y1001C--00090V,AUCTION-aFRR,B74,10YSK-SEPS-----K,EUR,A01,A01,20260523094-AFRR_P-UNIT_058-1,MWH,MAW,A01,A11,2026-05-23T21:30Z,2026-05-23T21:15Z
balancing_energy_bids,51,2026-05-23T21:15:00,PT15M,2026-05-23T21:30Z,2026-05-23T21:15Z,160,1,8,10Y1001C--00090V,AUCTION-aFRR,B74,10YSK-SEPS-----K,EUR,A01,A01,20260523094-AFRR_P-UNIT_062-1,MWH,MAW,A01,A06,2026-05-23T21:30Z,2026-05-23T21:15Z
balancing_energy_bids,52,2026-05-23T21:15:00,PT15M,2026-05-23T21:30Z,2026-05-23T21:15Z,160,1,2,10Y1001C--00090V,AUCTION-aFRR,B74,10YSK-SEPS-----K,EUR,A01,A01,20260523094-AFRR_P-UNIT_043-1,MWH,MAW,A01,A06,2026-05-23T21:30Z,2026-05-23T21:15Z
balancing_energy_bids,53,2026-05-23T21:15:00,PT15M,2026-05-23T21:30Z,2026-05-23T21:15Z,110,1,9,10Y1001C--00090V,AUCTION-aFRR,B74,10YSK-SEPS-----K,EUR,A01,A01,20260523094-AFRR_P-UNIT_063-1,MWH,MAW,A01,A06,2026-05-23T21:30Z,2026-05-23T21:15Z
balancing_energy_bids,54,2026-05-23T21:15:00,PT15M,2026-05-23T21:30Z,2026-05-23T21:15Z,750,1,11,10Y1001C--00090V,AUCTION-aFRR,B74,10YSK-SEPS-----K,EUR,A01,A01,20260523094-AFRR_P-UNIT_104-1,MWH,MAW,A01,A06,2026-05-23T21:30Z,2026-05-23T21:15Z
balancing_energy_bids,55,2026-05-23T21:15:00,PT15M,2026-05-23T21:30Z,2026-05-23T21:15Z,207.8,1,3,10Y1001C--00090V,AUCTION-aFRR,B74,10YSK-SEPS-----K,EUR,A01,A01,20260523094-AFRR_P-UNIT_009-1,MWH,MAW,A01,A06,2026-05-23T21:30Z,2026-05-23T21:15Z
balancing_energy_bids,56,2026-05-23T21:15:00,PT15M,2026-05-23T21:30Z,2026-05-23T21:15Z,269,1,1,10Y1001C--00090V,AUCTION-aFRR,B74,10YSK-SEPS-----K,EUR,A01,A01,20260523094-AFRR_P-UNIT_019-1,MWH,MAW,A01,A06,2026-05-23T21:30Z,2026-05-23T21:15Z
balancing_energy_bids,57,2026-05-23T21:15:00,PT15M,2026-05-23T21:30Z,2026-05-23T21:15Z,300,1,1,10Y1001C--00090V,AUCTION-aFRR,B74,10YSK-SEPS-----K,EUR,A01,A01,20260523094-AFRR_P-UNIT_106-1,MWH,MAW,A01,A11,2026-05-23T21:30Z,2026-05-23T21:15Z
balancing_energy_bids,58,2026-05-23T21:15:00,PT15M,2026-05-23T21:30Z,2026-05-23T21:15Z,189,1,6,10Y1001C--00090V,AUCTION-aFRR,B74,10YSK-SEPS-----K,EUR,A01,A01,20260523094-AFRR_P-UNIT_123-1,MWH,MAW,A01,A06,2026-05-23T21:30Z,2026-05-23T21:15Z
balancing_energy_bids,59,2026-05-23T21:15:00,PT15M,2026-05-23T21:30Z,2026-05-23T21:15Z,-5,1,10,10Y1001C--00090V,AUCTION-aFRR,B74,10YSK-SEPS-----K,EUR,A01,A02,20260523094-AFRR_N-UNIT_068-1,MWH,MAW,A01,A06,2026-05-23T21:30Z,2026-05-23T21:15Z
balancing_energy_bids,60,2026-05-23T21:15:00,PT15M,2026-05-23T21:30Z,2026-05-23T21:15Z,-10,1,10,10Y1001C--00090V,AUCTION-aFRR,B74,10YSK-SEPS-----K,EUR,A01,A02,20260523094-AFRR_N-UNIT_065-1,MWH,MAW,A01,A06,2026-05-23T21:30Z,2026-05-23T21:15Z
balancing_energy_bids,61,2026-05-23T21:15:00,PT15M,2026-05-23T21:30Z,2026-05-23T21:15Z,-30,1,7,10Y1001C--00090V,AUCTION-aFRR,B74,10YSK-SEPS-----K,EUR,A01,A02,20260523094-AFRR_N-UNIT_052-1,MWH,MAW,A01,A06,2026-05-23T21:30Z,2026-05-23T21:15Z
balancing_energy_bids,62,2026-05-23T21:15:00,PT15M,2026-05-23T21:30Z,2026-05-23T21:15Z,-144,1,5,10Y1001C--00090V,AUCTION-aFRR,B74,10YSK-SEPS-----K,EUR,A01,A02,20260523094-AFRR_N-UNIT_051-1,MWH,MAW,A01,A06,2026-05-23T21:30Z,2026-05-23T21:15Z
balancing_energy_bids,63,2026-05-23T21:15:00,PT15M,2026-05-23T21:30Z,2026-05-23T21:15Z,-150,1,12,10Y1001C--00090V,AUCTION-aFRR,B74,10YSK-SEPS-----K,EUR,A01,A02,20260523094-AFRR_N-UNIT_069-1,MWH,MAW,A01,A06,2026-05-23T21:30Z,2026-05-23T21:15Z
balancing_energy_bids,64,2026-05-23T21:15:00,PT15M,2026-05-23T21:30Z,2026-05-23T21:15Z,65,1,45,10Y1001C--00090V,AUCTION-aFRR,B74,10YSK-SEPS-----K,EUR,A01,A02,20260523094-AFRR_N-UNIT_049-1,MWH,MAW,A01,A06,2026-05-23T21:30Z,2026-05-23T21:15Z
balancing_energy_bids,65,2026-05-23T21:15:00,PT15M,2026-05-23T21:30Z,2026-05-23T21:15Z,-5,1,1,10Y1001C--00090V,AUCTION-aFRR,B74,10YSK-SEPS-----K,EUR,A01,A02,20260523094-AFRR_N-UNIT_028-1,MWH,MAW,A01,A11,2026-05-23T21:30Z,2026-05-23T21:15Z
balancing_energy_bids,66,2026-05-23T21:15:00,PT15M,2026-05-23T21:30Z,2026-05-23T21:15Z,-50,1,1,10Y1001C--00090V,AUCTION-aFRR,B74,10YSK-SEPS-----K,EUR,A01,A02,20260523094-AFRR_N-UNIT_058-1,MWH,MAW,A01,A11,2026-05-23T21:30Z,2026-05-23T21:15Z
balancing_energy_bids,67,2026-05-23T21:15:00,PT15M,2026-05-23T21:30Z,2026-05-23T21:15Z,70,1,35,10Y1001C--00090V,AUCTION-aFRR,B74,10YSK-SEPS-----K,EUR,A01,A02,20260523094-AFRR_N-UNIT_005-1,MWH,MAW,A01,A06,2026-05-23T21:30Z,2026-05-23T21:15Z
balancing_energy_bids,68,2026-05-23T21:15:00,PT15M,2026-05-23T21:30Z,2026-05-23T21:15Z,213.27,1,5,10Y1001C--00090V,AUCTION-aFRR,B74,10YSK-SEPS-----K,EUR,A01,A01,20260523094-AFRR_P-UNIT_028-1,MWH,MAW,A01,A06,2026-05-23T21:30Z,2026-05-23T21:15Z
balancing_energy_bids,69,2026-05-23T21:30:00,PT15M,2026-05-23T21:45Z,2026-05-23T21:30Z,70,1,35,10Y1001C--00090V,AUCTION-aFRR,B74,10YSK-SEPS-----K,EUR,A01,A02,20260523095-AFRR_N-UNIT_005-1,MWH,MAW,A01,A06,2026-05-23T21:45Z,2026-05-23T21:30Z
balancing_energy_bids,70,2026-05-23T21:30:00,PT15M,2026-05-23T21:45Z,2026-05-23T21:30Z,199.58,1,1,10Y1001C--00090V,AUCTION-aFRR,B74,10YSK-SEPS-----K,EUR,A01,A01,20260523095-AFRR_P-UNIT_068-1,MWH,MAW,A01,A11,2026-05-23T21:45Z,2026-05-23T21:30Z
balancing_energy_bids,71,2026-05-23T21:30:00,PT15M,2026-05-23T21:45Z,2026-05-23T21:30Z,196.07,1,28,10Y1001C--00090V,AUCTION-aFRR,B74,10YSK-SEPS-----K,EUR,A01,A01,20260523095-AFRR_P-UNIT_065-1,MWH,MAW,A01,A06,2026-05-23T21:45Z,2026-05-23T21:30Z
balancing_energy_bids,72,2026-05-23T21:30:00,PT15M,2026-05-23T21:45Z,2026-05-23T21:30Z,140,1,31,10Y1001C--00090V,AUCTION-aFRR,B74,10YSK-SEPS-----K,EUR,A01,A01,20260523095-AFRR_P-UNIT_052-1,MWH,MAW,A01,A06,2026-05-23T21:45Z,2026-05-23T21:30Z
balancing_energy_bids,73,2026-05-23T21:30:00,PT15M,2026-05-23T21:45Z,2026-05-23T21:30Z,500,1,10,10Y1001C--00090V,AUCTION-aFRR,B74,10YSK-SEPS-----K,EUR,A01,A01,20260523095-AFRR_P-UNIT_047-1,MWH,MAW,A01,A06,2026-05-23T21:45Z,2026-05-23T21:30Z
balancing_energy_bids,74,2026-05-23T21:30:00,PT15M,2026-05-23T21:45Z,2026-05-23T21:30Z,350,1,5,10Y1001C--00090V,AUCTION-aFRR,B74,10YSK-SEPS-----K,EUR,A01,A01,20260523095-AFRR_P-UNIT_051-1,MWH,MAW,A01,A06,2026-05-23T21:45Z,2026-05-23T21:30Z
balancing_energy_bids,75,2026-05-23T21:30:00,PT15M,2026-05-23T21:45Z,2026-05-23T21:30Z,135,1,15,10Y1001C--00090V,AUCTION-aFRR,B74,10YSK-SEPS-----K,EUR,A01,A01,20260523095-AFRR_P-UNIT_069-1,MWH,MAW,A01,A06,2026-05-23T21:45Z,2026-05-23T21:30Z
balancing_energy_bids,76,2026-05-23T21:30:00,PT15M,2026-05-23T21:45Z,2026-05-23T21:30Z,200,1,1,10Y1001C--00090V,AUCTION-aFRR,B74,10YSK-SEPS-----K,EUR,A01,A01,20260523095-AFRR_P-UNIT_058-1,MWH,MAW,A01,A11,2026-05-23T21:45Z,2026-05-23T21:30Z
balancing_energy_bids,77,2026-05-23T21:30:00,PT15M,2026-05-23T21:45Z,2026-05-23T21:30Z,150,1,8,10Y1001C--00090V,AUCTION-aFRR,B74,10YSK-SEPS-----K,EUR,A01,A01,20260523095-AFRR_P-UNIT_062-1,MWH,MAW,A01,A06,2026-05-23T21:45Z,2026-05-23T21:30Z
balancing_energy_bids,78,2026-05-23T21:30:00,PT15M,2026-05-23T21:45Z,2026-05-23T21:30Z,150,1,2,10Y1001C--00090V,AUCTION-aFRR,B74,10YSK-SEPS-----K,EUR,A01,A01,20260523095-AFRR_P-UNIT_043-1,MWH,MAW,A01,A06,2026-05-23T21:45Z,2026-05-23T21:30Z
balancing_energy_bids,79,2026-05-23T21:30:00,PT15M,2026-05-23T21:45Z,2026-05-23T21:30Z,110,1,9,10Y1001C--00090V,AUCTION-aFRR,B74,10YSK-SEPS-----K,EUR,A01,A01,20260523095-AFRR_P-UNIT_063-1,MWH,MAW,A01,A06,2026-05-23T21:45Z,2026-05-23T21:30Z
balancing_energy_bids,80,2026-05-23T21:30:00,PT15M,2026-05-23T21:45Z,2026-05-23T21:30Z,750,1,11,10Y1001C--00090V,AUCTION-aFRR,B74,10YSK-SEPS-----K,EUR,A01,A01,20260523095-AFRR_P-UNIT_104-1,MWH,MAW,A01,A06,2026-05-23T21:45Z,2026-05-23T21:30Z
balancing_energy_bids,81,2026-05-23T21:30:00,PT15M,2026-05-23T21:45Z,2026-05-23T21:30Z,196.07,1,3,10Y1001C--00090V,AUCTION-aFRR,B74,10YSK-SEPS-----K,EUR,A01,A01,20260523095-AFRR_P-UNIT_009-1,MWH,MAW,A01,A06,2026-05-23T21:45Z,2026-05-23T21:30Z
balancing_energy_bids,82,2026-05-23T21:30:00,PT15M,2026-05-23T21:45Z,2026-05-23T21:30Z,259,1,1,10Y1001C--00090V,AUCTION-aFRR,B74,10YSK-SEPS-----K,EUR,A01,A01,20260523095-AFRR_P-UNIT_019-1,MWH,MAW,A01,A06,2026-05-23T21:45Z,2026-05-23T21:30Z
balancing_energy_bids,83,2026-05-23T21:30:00,PT15M,2026-05-23T21:45Z,2026-05-23T21:30Z,300,1,1,10Y1001C--00090V,AUCTION-aFRR,B74,10YSK-SEPS-----K,EUR,A01,A01,20260523095-AFRR_P-UNIT_106-1,MWH,MAW,A01,A11,2026-05-23T21:45Z,2026-05-23T21:30Z
balancing_energy_bids,84,2026-05-23T21:30:00,PT15M,2026-05-23T21:45Z,2026-05-23T21:30Z,189,1,6,10Y1001C--00090V,AUCTION-aFRR,B74,10YSK-SEPS-----K,EUR,A01,A01,20260523095-AFRR_P-UNIT_123-1,MWH,MAW,A01,A06,2026-05-23T21:45Z,2026-05-23T21:30Z
balancing_energy_bids,85,2026-05-23T21:30:00,PT15M,2026-05-23T21:45Z,2026-05-23T21:30Z,-5,1,10,10Y1001C--00090V,AUCTION-aFRR,B74,10YSK-SEPS-----K,EUR,A01,A02,20260523095-AFRR_N-UNIT_068-1,MWH,MAW,A01,A06,2026-05-23T21:45Z,2026-05-23T21:30Z
balancing_energy_bids,86,2026-05-23T21:30:00,PT15M,2026-05-23T21:45Z,2026-05-23T21:30Z,-10,1,10,10Y1001C--00090V,AUCTION-aFRR,B74,10YSK-SEPS-----K,EUR,A01,A02,20260523095-AFRR_N-UNIT_065-1,MWH,MAW,A01,A06,2026-05-23T21:45Z,2026-05-23T21:30Z
balancing_energy_bids,87,2026-05-23T21:30:00,PT15M,2026-05-23T21:45Z,2026-05-23T21:30Z,-30,1,7,10Y1001C--00090V,AUCTION-aFRR,B74,10YSK-SEPS-----K,EUR,A01,A02,20260523095-AFRR_N-UNIT_052-1,MWH,MAW,A01,A06,2026-05-23T21:45Z,2026-05-23T21:30Z
balancing_energy_bids,88,2026-05-23T21:30:00,PT15M,2026-05-23T21:45Z,2026-05-23T21:30Z,-144,1,5,10Y1001C--00090V,AUCTION-aFRR,B74,10YSK-SEPS-----K,EUR,A01,A02,20260523095-AFRR_N-UNIT_051-1,MWH,MAW,A01,A06,2026-05-23T21:45Z,2026-05-23T21:30Z
balancing_energy_bids,89,2026-05-23T21:30:00,PT15M,2026-05-23T21:45Z,2026-05-23T21:30Z,-150,1,12,10Y1001C--00090V,AUCTION-aFRR,B74,10YSK-SEPS-----K,EUR,A01,A02,20260523095-AFRR_N-UNIT_069-1,MWH,MAW,A01,A06,2026-05-23T21:45Z,2026-05-23T21:30Z
balancing_energy_bids,90,2026-05-23T21:30:00,PT15M,2026-05-23T21:45Z,2026-05-23T21:30Z,65,1,45,10Y1001C--00090V,AUCTION-aFRR,B74,10YSK-SEPS-----K,EUR,A01,A02,20260523095-AFRR_N-UNIT_049-1,MWH,MAW,A01,A06,2026-05-23T21:45Z,2026-05-23T21:30Z
balancing_energy_bids,91,2026-05-23T21:30:00,PT15M,2026-05-23T21:45Z,2026-05-23T21:30Z,-5,1,1,10Y1001C--00090V,AUCTION-aFRR,B74,10YSK-SEPS-----K,EUR,A01,A02,20260523095-AFRR_N-UNIT_028-1,MWH,MAW,A01,A11,2026-05-23T21:45Z,2026-05-23T21:30Z
balancing_energy_bids,92,2026-05-23T21:30:00,PT15M,2026-05-23T21:45Z,2026-05-23T21:30Z,-50,1,1,10Y1001C--00090V,AUCTION-aFRR,B74,10YSK-SEPS-----K,EUR,A01,A02,20260523095-AFRR_N-UNIT_058-1,MWH,MAW,A01,A11,2026-05-23T21:45Z,2026-05-23T21:30Z
balancing_energy_bids,93,2026-05-23T21:30:00,PT15M,2026-05-23T21:45Z,2026-05-23T21:30Z,-10,1,17,10Y1001C--00090V,AUCTION-aFRR,B74,10YSK-SEPS-----K,EUR,A01,A02,20260523095-AFRR_N-UNIT_013-1,MWH,MAW,A01,A06,2026-05-23T21:45Z,2026-05-23T21:30Z
balancing_energy_bids,94,2026-05-23T21:30:00,PT15M,2026-05-23T21:45Z,2026-05-23T21:30Z,-10,1,25,10Y1001C--00090V,AUCTION-aFRR,B74,10YSK-SEPS-----K,EUR,A01,A02,20260523095-AFRR_N-UNIT_010-1,MWH,MAW,A01,A06,2026-05-23T21:45Z,2026-05-23T21:30Z
balancing_energy_bids,95,2026-05-23T21:30:00,PT15M,2026-05-23T21:45Z,2026-05-23T21:30Z,-29,1,11,10Y1001C--00090V,AUCTION-aFRR,B74,10YSK-SEPS-----K,EUR,A01,A02,20260523095-AFRR_N-UNIT_062-1,MWH,MAW,A01,A06,2026-05-23T21:45Z,2026-05-23T21:30Z
balancing_energy_bids,96,2026-05-23T21:30:00,PT15M,2026-05-23T21:45Z,2026-05-23T21:30Z,10,1,3,10Y1001C--00090V,AUCTION-aFRR,B74,10YSK-SEPS-----K,EUR,A01,A02,20260523095-AFRR_N-UNIT_043-1,MWH,MAW,A01,A06,2026-05-23T21:45Z,2026-05-23T21:30Z
balancing_energy_bids,97,2026-05-23T21:30:00,PT15M,2026-05-23T21:45Z,2026-05-23T21:30Z,-5,1,4,10Y1001C--00090V,AUCTION-aFRR,B74,10YSK-SEPS-----K,EUR,A01,A02,20260523095-AFRR_N-UNIT_104-1,MWH,MAW,A01,A06,2026-05-23T21:45Z,2026-05-23T21:30Z
balancing_energy_bids,98,2026-05-23T21:30:00,PT15M,2026-05-23T21:45Z,2026-05-23T21:30Z,-117.44,1,3,10Y1001C--00090V,AUCTION-aFRR,B74,10YSK-SEPS-----K,EUR,A01,A02,20260523095-AFRR_N-UNIT_089-1,MWH,MAW,A01,A06,2026-05-23T21:45Z,2026-05-23T21:30Z
balancing_energy_bids,99,2026-05-23T21:30:00,PT15M,2026-05-23T21:45Z,2026-05-23T21:30Z,0,1,1,10Y1001C--00090V,AUCTION-aFRR,B74,10YSK-SEPS-----K,EUR,A01,A02,20260523095-AFRR_N-UNIT_097-1,MWH,MAW,A01,A06,2026-05-23T21:45Z,2026-05-23T21:30Z
balancing_energy_bids,100,2026-05-23T21:30:00,PT15M,2026-05-23T21:45Z,2026-05-23T21:30Z,-199,1,1,10Y1001C--00090V,AUCTION-aFRR,B74,10YSK-SEPS-----K,EUR,A01,A02,20260523095-AFRR_N-UNIT_019-1,MWH,MAW,A01,A11,2026-05-23T21:45Z,2026-05-23T21:30Z
balancing_energy_bids,1,2026-05-23T21:30:00,PT15M,2026-05-23T21:45Z,2026-05-23T21:30Z,-19,1,1,10Y1001C--00090V,AUCTION-aFRR,B74,10YSK-SEPS-----K,EUR,A01,A02,20260523095-AFRR_N-UNIT_106-1,MWH,MAW,A01,A06,2026-05-23T21:45Z,2026-05-23T21:30Z
balancing_energy_bids,2,2026-05-23T21:30:00,PT15M,2026-05-23T21:45Z,2026-05-23T21:30Z,-5,1,6,10Y1001C--00090V,AUCTION-aFRR,B74,10YSK-SEPS-----K,EUR,A01,A02,20260523095-AFRR_N-UNIT_123-1,MWH,MAW,A01,A06,2026-05-23T21:45Z,2026-05-23T21:30Z
balancing_energy_bids,3,2026-05-23T21:30:00,PT15M,2026-05-23T21:45Z,2026-05-23T21:30Z,199.58,1,5,10Y1001C--00090V,AUCTION-aFRR,B74,10YSK-SEPS-----K,EUR,A01,A01,20260523095-AFRR_P-UNIT_028-1,MWH,MAW,A01,A06,2026-05-23T21:45Z,2026-05-23T21:30Z
balancing_energy_bids,4,2026-05-23T21:45:00,PT15M,2026-05-23T22:00Z,2026-05-23T21:45Z,70,1,35,10Y1001C--00090V,AUCTION-aFRR,B74,10YSK-SEPS-----K,EUR,A01,A02,20260523096-AFRR_N-UNIT_005-1,MWH,MAW,A01,A06,2026-05-23T22:00Z,2026-05-23T21:45Z
balancing_energy_bids,5,2026-05-23T21:45:00,PT15M,2026-05-23T22:00Z,2026-05-23T21:45Z,197,1,5,10Y1001C--00090V,AUCTION-aFRR,B74,10YSK-SEPS-----K,EUR,A01,A01,20260523096-AFRR_P-UNIT_028-1,MWH,MAW,A01,A06,2026-05-23T22:00Z,2026-05-23T21:45Z
balancing_energy_bids,6,2026-05-23T21:45:00,PT15M,2026-05-23T22:00Z,2026-05-23T21:45Z,197,1,1,10Y1001C--00090V,AUCTION-aFRR,B74,10YSK-SEPS-----K,EUR,A01,A01,20260523096-AFRR_P-UNIT_068-1,MWH,MAW,A01,A11,2026-05-23T22:00Z,2026-05-23T21:45Z
balancing_energy_bids,7,2026-05-23T21:45:00,PT15M,2026-05-23T22:00Z,2026-05-23T21:45Z,193.86,1,28,10Y1001C--00090V,AUCTION-aFRR,B74,10YSK-SEPS-----K,EUR,A01,A01,20260523096-AFRR_P-UNIT_065-1,MWH,MAW,A01,A06,2026-05-23T22:00Z,2026-05-23T21:45Z
balancing_energy_bids,8,2026-05-23T21:45:00,PT15M,2026-05-23T22:00Z,2026-05-23T21:45Z,140,1,31,10Y1001C--00090V,AUCTION-aFRR,B74,10YSK-SEPS-----K,EUR,A01,A01,20260523096-AFRR_P-UNIT_052-1,MWH,MAW,A01,A06,2026-05-23T22:00Z,2026-05-23T21:45Z
balancing_energy_bids,9,2026-05-23T21:45:00,PT15M,2026-05-23T22:00Z,2026-05-23T21:45Z,500,1,10,10Y1001C--00090V,AUCTION-aFRR,B74,10YSK-SEPS-----K,EUR,A01,A01,20260523096-AFRR_P-UNIT_047-1,MWH,MAW,A01,A06,2026-05-23T22:00Z,2026-05-23T21:45Z
balancing_energy_bids,10,2026-05-23T21:45:00,PT15M,2026-05-23T22:00Z,2026-05-23T21:45Z,350,1,5,10Y1001C--00090V,AUCTION-aFRR,B74,10YSK-SEPS-----K,EUR,A01,A01,20260523096-AFRR_P-UNIT_051-1,MWH,MAW,A01,A06,2026-05-23T22:00Z,2026-05-23T21:45Z
balancing_energy_bids,11,2026-05-23T21:45:00,PT15M,2026-05-23T22:00Z,2026-05-23T21:45Z,135,1,15,10Y1001C--00090V,AUCTION-aFRR,B74,10YSK-SEPS-----K,EUR,A01,A01,20260523096-AFRR_P-UNIT_069-1,MWH,MAW,A01,A06,2026-05-23T22:00Z,2026-05-23T21:45Z
balancing_energy_bids,12,2026-05-23T21:45:00,PT15M,2026-05-23T22:00Z,2026-05-23T21:45Z,200,1,1,10Y1001C--00090V,AUCTION-aFRR,B74,10YSK-SEPS-----K,EUR,A01,A01,20260523096-AFRR_P-UNIT_058-1,MWH,MAW,A01,A11,2026-05-23T22:00Z,2026-05-23T21:45Z
balancing_energy_bids,13,2026-05-23T21:45:00,PT15M,2026-05-23T22:00Z,2026-05-23T21:45Z,148,1,8,10Y1001C--00090V,AUCTION-aFRR,B74,10YSK-SEPS-----K,EUR,A01,A01,20260523096-AFRR_P-UNIT_062-1,MWH,MAW,A01,A06,2026-05-23T22:00Z,2026-05-23T21:45Z
balancing_energy_bids,14,2026-05-23T21:45:00,PT15M,2026-05-23T22:00Z,2026-05-23T21:45Z,148,1,2,10Y1001C--00090V,AUCTION-aFRR,B74,10YSK-SEPS-----K,EUR,A01,A01,20260523096-AFRR_P-UNIT_043-1,MWH,MAW,A01,A06,2026-05-23T22:00Z,2026-05-23T21:45Z
balancing_energy_bids,15,2026-05-23T21:45:00,PT15M,2026-05-23T22:00Z,2026-05-23T21:45Z,110,1,9,10Y1001C--00090V,AUCTION-aFRR,B74,10YSK-SEPS-----K,EUR,A01,A01,20260523096-AFRR_P-UNIT_063-1,MWH,MAW,A01,A06,2026-05-23T22:00Z,2026-05-23T21:45Z
balancing_energy_bids,16,2026-05-23T21:45:00,PT15M,2026-05-23T22:00Z,2026-05-23T21:45Z,750,1,11,10Y1001C--00090V,AUCTION-aFRR,B74,10YSK-SEPS-----K,EUR,A01,A01,20260523096-AFRR_P-UNIT_104-1,MWH,MAW,A01,A06,2026-05-23T22:00Z,2026-05-23T21:45Z
balancing_energy_bids,17,2026-05-23T21:45:00,PT15M,2026-05-23T22:00Z,2026-05-23T21:45Z,193.86,1,3,10Y1001C--00090V,AUCTION-aFRR,B74,10YSK-SEPS-----K,EUR,A01,A01,20260523096-AFRR_P-UNIT_009-1,MWH,MAW,A01,A06,2026-05-23T22:00Z,2026-05-23T21:45Z
balancing_energy_bids,18,2026-05-23T21:45:00,PT15M,2026-05-23T22:00Z,2026-05-23T21:45Z,257,1,1,10Y1001C--00090V,AUCTION-aFRR,B74,10YSK-SEPS-----K,EUR,A01,A01,20260523096-AFRR_P-UNIT_019-1,MWH,MAW,A01,A06,2026-05-23T22:00Z,2026-05-23T21:45Z
balancing_energy_bids,19,2026-05-23T21:45:00,PT15M,2026-05-23T22:00Z,2026-05-23T21:45Z,300,1,1,10Y1001C--00090V,AUCTION-aFRR,B74,10YSK-SEPS-----K,EUR,A01,A01,20260523096-AFRR_P-UNIT_106-1,MWH,MAW,A01,A11,2026-05-23T22:00Z,2026-05-23T21:45Z
balancing_energy_bids,20,2026-05-23T21:45:00,PT15M,2026-05-23T22:00Z,2026-05-23T21:45Z,189,1,6,10Y1001C--00090V,AUCTION-aFRR,B74,10YSK-SEPS-----K,EUR,A01,A01,20260523096-AFRR_P-UNIT_123-1,MWH,MAW,A01,A06,2026-05-23T22:00Z,2026-05-23T21:45Z
balancing_energy_bids,21,2026-05-23T21:45:00,PT15M,2026-05-23T22:00Z,2026-05-23T21:45Z,-5,1,10,10Y1001C--00090V,AUCTION-aFRR,B74,10YSK-SEPS-----K,EUR,A01,A02,20260523096-AFRR_N-UNIT_068-1,MWH,MAW,A01,A06,2026-05-23T22:00Z,2026-05-23T21:45Z
balancing_energy_bids,22,2026-05-23T21:45:00,PT15M,2026-05-23T22:00Z,2026-05-23T21:45Z,-10,1,10,10Y1001C--00090V,AUCTION-aFRR,B74,10YSK-SEPS-----K,EUR,A01,A02,20260523096-AFRR_N-UNIT_065-1,MWH,MAW,A01,A06,2026-05-23T22:00Z,2026-05-23T21:45Z
balancing_energy_bids,23,2026-05-23T21:45:00,PT15M,2026-05-23T22:00Z,2026-05-23T21:45Z,-30,1,7,10Y1001C--00090V,AUCTION-aFRR,B74,10YSK-SEPS-----K,EUR,A01,A02,20260523096-AFRR_N-UNIT_052-1,MWH,MAW,A01,A06,2026-05-23T22:00Z,2026-05-23T21:45Z
balancing_energy_bids,24,2026-05-23T21:45:00,PT15M,2026-05-23T22:00Z,2026-05-23T21:45Z,-144,1,5,10Y1001C--00090V,AUCTION-aFRR,B74,10YSK-SEPS-----K,EUR,A01,A02,20260523096-AFRR_N-UNIT_051-1,MWH,MAW,A01,A06,2026-05-23T22:00Z,2026-05-23T21:45Z
balancing_energy_bids,25,2026-05-23T21:45:00,PT15M,2026-05-23T22:00Z,2026-05-23T21:45Z,-150,1,12,10Y1001C--00090V,AUCTION-aFRR,B74,10YSK-SEPS-----K,EUR,A01,A02,20260523096-AFRR_N-UNIT_069-1,MWH,MAW,A01,A06,2026-05-23T22:00Z,2026-05-23T21:45Z
balancing_energy_bids,26,2026-05-23T21:45:00,PT15M,2026-05-23T22:00Z,2026-05-23T21:45Z,65,1,45,10Y1001C--00090V,AUCTION-aFRR,B74,10YSK-SEPS-----K,EUR,A01,A02,20260523096-AFRR_N-UNIT_049-1,MWH,MAW,A01,A06,2026-05-23T22:00Z,2026-05-23T21:45Z
balancing_energy_bids,27,2026-05-23T21:45:00,PT15M,2026-05-23T22:00Z,2026-05-23T21:45Z,-5,1,1,10Y1001C--00090V,AUCTION-aFRR,B74,10YSK-SEPS-----K,EUR,A01,A02,20260523096-AFRR_N-UNIT_028-1,MWH,MAW,A01,A11,2026-05-23T22:00Z,2026-05-23T21:45Z
balancing_energy_bids,28,2026-05-23T21:45:00,PT15M,2026-05-23T22:00Z,2026-05-23T21:45Z,-50,1,1,10Y1001C--00090V,AUCTION-aFRR,B74,10YSK-SEPS-----K,EUR,A01,A02,20260523096-AFRR_N-UNIT_058-1,MWH,MAW,A01,A11,2026-05-23T22:00Z,2026-05-23T21:45Z
balancing_energy_bids,29,2026-05-23T21:45:00,PT15M,2026-05-23T22:00Z,2026-05-23T21:45Z,-10,1,17,10Y1001C--00090V,AUCTION-aFRR,B74,10YSK-SEPS-----K,EUR,A01,A02,20260523096-AFRR_N-UNIT_013-1,MWH,MAW,A01,A06,2026-05-23T22:00Z,2026-05-23T21:45Z
balancing_energy_bids,30,2026-05-23T21:45:00,PT15M,2026-05-23T22:00Z,2026-05-23T21:45Z,-10,1,25,10Y1001C--00090V,AUCTION-aFRR,B74,10YSK-SEPS-----K,EUR,A01,A02,20260523096-AFRR_N-UNIT_010-1,MWH,MAW,A01,A06,2026-05-23T22:00Z,2026-05-23T21:45Z
balancing_energy_bids,31,2026-05-23T21:45:00,PT15M,2026-05-23T22:00Z,2026-05-23T21:45Z,-29,1,11,10Y1001C--00090V,AUCTION-aFRR,B74,10YSK-SEPS-----K,EUR,A01,A02,20260523096-AFRR_N-UNIT_062-1,MWH,MAW,A01,A06,2026-05-23T22:00Z,2026-05-23T21:45Z
balancing_energy_bids,32,2026-05-23T21:45:00,PT15M,2026-05-23T22:00Z,2026-05-23T21:45Z,10,1,3,10Y1001C--00090V,AUCTION-aFRR,B74,10YSK-SEPS-----K,EUR,A01,A02,20260523096-AFRR_N-UNIT_043-1,MWH,MAW,A01,A06,2026-05-23T22:00Z,2026-05-23T21:45Z
balancing_energy_bids,33,2026-05-23T21:45:00,PT15M,2026-05-23T22:00Z,2026-05-23T21:45Z,-5,1,4,10Y1001C--00090V,AUCTION-aFRR,B74,10YSK-SEPS-----K,EUR,A01,A02,20260523096-AFRR_N-UNIT_104-1,MWH,MAW,A01,A06,2026-05-23T22:00Z,2026-05-23T21:45Z
balancing_energy_bids,34,2026-05-23T21:45:00,PT15M,2026-05-23T22:00Z,2026-05-23T21:45Z,-119.28,1,3,10Y1001C--00090V,AUCTION-aFRR,B74,10YSK-SEPS-----K,EUR,A01,A02,20260523096-AFRR_N-UNIT_089-1,MWH,MAW,A01,A06,2026-05-23T22:00Z,2026-05-23T21:45Z
balancing_energy_bids,35,2026-05-23T21:45:00,PT15M,2026-05-23T22:00Z,2026-05-23T21:45Z,0,1,1,10Y1001C--00090V,AUCTION-aFRR,B74,10YSK-SEPS-----K,EUR,A01,A02,20260523096-AFRR_N-UNIT_097-1,MWH,MAW,A01,A06,2026-05-23T22:00Z,2026-05-23T21:45Z
balancing_energy_bids,36,2026-05-23T21:45:00,PT15M,2026-05-23T22:00Z,2026-05-23T21:45Z,-199,1,1,10Y1001C--00090V,AUCTION-aFRR,B74,10YSK-SEPS-----K,EUR,A01,A02,20260523096-AFRR_N-UNIT_019-1,MWH,MAW,A01,A11,2026-05-23T22:00Z,2026-05-23T21:45Z
balancing_energy_bids,37,2026-05-23T21:45:00,PT15M,2026-05-23T22:00Z,2026-05-23T21:45Z,-19,1,1,10Y1001C--00090V,AUCTION-aFRR,B74,10YSK-SEPS-----K,EUR,A01,A02,20260523096-AFRR_N-UNIT_106-1,MWH,MAW,A01,A06,2026-05-23T22:00Z,2026-05-23T21:45Z
balancing_energy_bids,38,2026-05-23T21:45:00,PT15M,2026-05-23T22:00Z,2026-05-23T21:45Z,-5,1,6,10Y1001C--00090V,AUCTION-aFRR,B74,10YSK-SEPS-----K,EUR,A01,A02,20260523096-AFRR_N-UNIT_123-1,MWH,MAW,A01,A06,2026-05-23T22:00Z,2026-05-23T21:45Z
balancing_energy_bids,39,2026-05-23T22:00:00,PT15M,2026-05-23T22:15Z,2026-05-23T22:00Z,219.77,1,1,10Y1001C--00090V,AUCTION-aFRR,B74,10YSK-SEPS-----K,EUR,A01,A01,20260524001-AFRR_P-UNIT_068-1,MWH,MAW,A01,A11,2026-05-23T22:15Z,2026-05-23T22:00Z
balancing_energy_bids,40,2026-05-23T22:00:00,PT15M,2026-05-23T22:15Z,2026-05-23T22:00Z,213.37,1,12,10Y1001C--00090V,AUCTION-aFRR,B74,10YSK-SEPS-----K,EUR,A01,A01,20260524001-AFRR_P-UNIT_065-1,MWH,MAW,A01,A06,2026-05-23T22:15Z,2026-05-23T22:00Z
balancing_energy_bids,41,2026-05-23T22:00:00,PT15M,2026-05-23T22:15Z,2026-05-23T22:00Z,140,1,31,10Y1001C--00090V,AUCTION-aFRR,B74,10YSK-SEPS-----K,EUR,A01,A01,20260524001-AFRR_P-UNIT_052-1,MWH,MAW,A01,A06,2026-05-23T22:15Z,2026-05-23T22:00Z
balancing_energy_bids,42,2026-05-23T22:00:00,PT15M,2026-05-23T22:15Z,2026-05-23T22:00Z,500,1,10,10Y1001C--00090V,AUCTION-aFRR,B74,10YSK-SEPS-----K,EUR,A01,A01,20260524001-AFRR_P-UNIT_047-1,MWH,MAW,A01,A06,2026-05-23T22:15Z,2026-05-23T22:00Z
balancing_energy_bids,43,2026-05-23T22:00:00,PT15M,2026-05-23T22:15Z,2026-05-23T22:00Z,350,1,5,10Y1001C--00090V,AUCTION-aFRR,B74,10YSK-SEPS-----K,EUR,A01,A01,20260524001-AFRR_P-UNIT_051-1,MWH,MAW,A01,A06,2026-05-23T22:15Z,2026-05-23T22:00Z
balancing_energy_bids,44,2026-05-23T22:00:00,PT15M,2026-05-23T22:15Z,2026-05-23T22:00Z,134,1,15,10Y1001C--00090V,AUCTION-aFRR,B74,10YSK-SEPS-----K,EUR,A01,A01,20260524001-AFRR_P-UNIT_069-1,MWH,MAW,A01,A06,2026-05-23T22:15Z,2026-05-23T22:00Z
balancing_energy_bids,45,2026-05-23T22:00:00,PT15M,2026-05-23T22:15Z,2026-05-23T22:00Z,219.77,1,5,10Y1001C--00090V,AUCTION-aFRR,B74,10YSK-SEPS-----K,EUR,A01,A01,20260524001-AFRR_P-UNIT_028-1,MWH,MAW,A01,A06,2026-05-23T22:15Z,2026-05-23T22:00Z
balancing_energy_bids,46,2026-05-23T22:00:00,PT15M,2026-05-23T22:15Z,2026-05-23T22:00Z,200,1,1,10Y1001C--00090V,AUCTION-aFRR,B74,10YSK-SEPS-----K,EUR,A01,A01,20260524001-AFRR_P-UNIT_058-1,MWH,MAW,A01,A11,2026-05-23T22:15Z,2026-05-23T22:00Z
balancing_energy_bids,47,2026-05-23T22:00:00,PT15M,2026-05-23T22:15Z,2026-05-23T22:00Z,213.37,1,10,10Y1001C--00090V,AUCTION-aFRR,B74,10YSK-SEPS-----K,EUR,A01,A01,20260524001-AFRR_P-UNIT_008-1,MWH,MAW,A01,A06,2026-05-23T22:15Z,2026-05-23T22:00Z
balancing_energy_bids,48,2026-05-23T22:00:00,PT15M,2026-05-23T22:15Z,2026-05-23T22:00Z,110,1,9,10Y1001C--00090V,AUCTION-aFRR,B74,10YSK-SEPS-----K,EUR,A01,A01,20260524001-AFRR_P-UNIT_063-1,MWH,MAW,A01,A06,2026-05-23T22:15Z,2026-05-23T22:00Z
balancing_energy_bids,49,2026-05-23T22:00:00,PT15M,2026-05-23T22:15Z,2026-05-23T22:00Z,750,1,11,10Y1001C--00090V,AUCTION-aFRR,B74,10YSK-SEPS-----K,EUR,A01,A01,20260524001-AFRR_P-UNIT_104-1,MWH,MAW,A01,A06,2026-05-23T22:15Z,2026-05-23T22:00Z
balancing_energy_bids,50,2026-05-23T22:00:00,PT15M,2026-05-23T22:15Z,2026-05-23T22:00Z,213.37,1,3,10Y1001C--00090V,AUCTION-aFRR,B74,10YSK-SEPS-----K,EUR,A01,A01,20260524001-AFRR_P-UNIT_009-1,MWH,MAW,A01,A06,2026-05-23T22:15Z,2026-05-23T22:00Z
balancing_energy_bids,51,2026-05-23T22:00:00,PT15M,2026-05-23T22:15Z,2026-05-23T22:00Z,282,1,1,10Y1001C--00090V,AUCTION-aFRR,B74,10YSK-SEPS-----K,EUR,A01,A01,20260524001-AFRR_P-UNIT_019-1,MWH,MAW,A01,A06,2026-05-23T22:15Z,2026-05-23T22:00Z
balancing_energy_bids,52,2026-05-23T22:00:00,PT15M,2026-05-23T22:15Z,2026-05-23T22:00Z,300,1,1,10Y1001C--00090V,AUCTION-aFRR,B74,10YSK-SEPS-----K,EUR,A01,A01,20260524001-AFRR_P-UNIT_106-1,MWH,MAW,A01,A11,2026-05-23T22:15Z,2026-05-23T22:00Z
balancing_energy_bids,53,2026-05-23T22:00:00,PT15M,2026-05-23T22:15Z,2026-05-23T22:00Z,189,1,8,10Y1001C--00090V,AUCTION-aFRR,B74,10YSK-SEPS-----K,EUR,A01,A01,20260524001-AFRR_P-UNIT_123-1,MWH,MAW,A01,A06,2026-05-23T22:15Z,2026-05-23T22:00Z
balancing_energy_bids,54,2026-05-23T22:00:00,PT15M,2026-05-23T22:15Z,2026-05-23T22:00Z,-5,1,5,10Y1001C--00090V,AUCTION-aFRR,B74,10YSK-SEPS-----K,EUR,A01,A02,20260524001-AFRR_N-UNIT_068-1,MWH,MAW,A01,A06,2026-05-23T22:15Z,2026-05-23T22:00Z
balancing_energy_bids,55,2026-05-23T22:00:00,PT15M,2026-05-23T22:15Z,2026-05-23T22:00Z,50,1,35,10Y1001C--00090V,AUCTION-aFRR,B74,10YSK-SEPS-----K,EUR,A01,A02,20260524001-AFRR_N-UNIT_005-1,MWH,MAW,A01,A06,2026-05-23T22:15Z,2026-05-23T22:00Z
balancing_energy_bids,56,2026-05-23T22:00:00,PT15M,2026-05-23T22:15Z,2026-05-23T22:00Z,-30,1,7,10Y1001C--00090V,AUCTION-aFRR,B74,10YSK-SEPS-----K,EUR,A01,A02,20260524001-AFRR_N-UNIT_052-1,MWH,MAW,A01,A06,2026-05-23T22:15Z,2026-05-23T22:00Z
balancing_energy_bids,57,2026-05-23T22:00:00,PT15M,2026-05-23T22:15Z,2026-05-23T22:00Z,-144,1,5,10Y1001C--00090V,AUCTION-aFRR,B74,10YSK-SEPS-----K,EUR,A01,A02,20260524001-AFRR_N-UNIT_051-1,MWH,MAW,A01,A06,2026-05-23T22:15Z,2026-05-23T22:00Z
balancing_energy_bids,58,2026-05-23T22:00:00,PT15M,2026-05-23T22:15Z,2026-05-23T22:00Z,-150,1,12,10Y1001C--00090V,AUCTION-aFRR,B74,10YSK-SEPS-----K,EUR,A01,A02,20260524001-AFRR_N-UNIT_069-1,MWH,MAW,A01,A06,2026-05-23T22:15Z,2026-05-23T22:00Z
balancing_energy_bids,59,2026-05-23T22:00:00,PT15M,2026-05-23T22:15Z,2026-05-23T22:00Z,-5,1,1,10Y1001C--00090V,AUCTION-aFRR,B74,10YSK-SEPS-----K,EUR,A01,A02,20260524001-AFRR_N-UNIT_028-1,MWH,MAW,A01,A11,2026-05-23T22:15Z,2026-05-23T22:00Z
balancing_energy_bids,60,2026-05-23T22:00:00,PT15M,2026-05-23T22:15Z,2026-05-23T22:00Z,-50,1,1,10Y1001C--00090V,AUCTION-aFRR,B74,10YSK-SEPS-----K,EUR,A01,A02,20260524001-AFRR_N-UNIT_058-1,MWH,MAW,A01,A11,2026-05-23T22:15Z,2026-05-23T22:00Z
balancing_energy_bids,61,2026-05-23T22:00:00,PT15M,2026-05-23T22:15Z,2026-05-23T22:00Z,-10,1,21,10Y1001C--00090V,AUCTION-aFRR,B74,10YSK-SEPS-----K,EUR,A01,A02,20260524001-AFRR_N-UNIT_013-1,MWH,MAW,A01,A06,2026-05-23T22:15Z,2026-05-23T22:00Z
balancing_energy_bids,62,2026-05-23T22:00:00,PT15M,2026-05-23T22:15Z,2026-05-23T22:00Z,-10,1,30,10Y1001C--00090V,AUCTION-aFRR,B74,10YSK-SEPS-----K,EUR,A01,A02,20260524001-AFRR_N-UNIT_010-1,MWH,MAW,A01,A06,2026-05-23T22:15Z,2026-05-23T22:00Z
balancing_energy_bids,63,2026-05-23T22:00:00,PT15M,2026-05-23T22:15Z,2026-05-23T22:00Z,-5,1,4,10Y1001C--00090V,AUCTION-aFRR,B74,10YSK-SEPS-----K,EUR,A01,A02,20260524001-AFRR_N-UNIT_104-1,MWH,MAW,A01,A06,2026-05-23T22:15Z,2026-05-23T22:00Z
balancing_energy_bids,64,2026-05-23T22:00:00,PT15M,2026-05-23T22:15Z,2026-05-23T22:00Z,-103.02,1,3,10Y1001C--00090V,AUCTION-aFRR,B74,10YSK-SEPS-----K,EUR,A01,A02,20260524001-AFRR_N-UNIT_089-1,MWH,MAW,A01,A06,2026-05-23T22:15Z,2026-05-23T22:00Z
balancing_energy_bids,65,2026-05-23T22:00:00,PT15M,2026-05-23T22:15Z,2026-05-23T22:00Z,-199,1,1,10Y1001C--00090V,AUCTION-aFRR,B74,10YSK-SEPS-----K,EUR,A01,A02,20260524001-AFRR_N-UNIT_019-1,MWH,MAW,A01,A11,2026-05-23T22:15Z,2026-05-23T22:00Z
balancing_energy_bids,66,2026-05-23T22:00:00,PT15M,2026-05-23T22:15Z,2026-05-23T22:00Z,-19,1,1,10Y1001C--00090V,AUCTION-aFRR,B74,10YSK-SEPS-----K,EUR,A01,A02,20260524001-AFRR_N-UNIT_106-1,MWH,MAW,A01,A06,2026-05-23T22:15Z,2026-05-23T22:00Z
balancing_energy_bids,67,2026-05-23T22:00:00,PT15M,2026-05-23T22:15Z,2026-05-23T22:00Z,-5,1,6,10Y1001C--00090V,AUCTION-aFRR,B74,10YSK-SEPS-----K,EUR,A01,A02,20260524001-AFRR_N-UNIT_123-1,MWH,MAW,A01,A06,2026-05-23T22:15Z,2026-05-23T22:00Z
balancing_energy_bids,68,2026-05-23T22:00:00,PT15M,2026-05-23T22:15Z,2026-05-23T22:00Z,165,1,9,10Y1001C--00090V,AUCTION-aFRR,B74,10YSK-SEPS-----K,EUR,A01,A01,20260524001-AFRR_P-UNIT_062-1,MWH,MAW,A01,A06,2026-05-23T22:15Z,2026-05-23T22:00Z
balancing_energy_bids,69,2026-05-23T22:00:00,PT15M,2026-05-23T22:15Z,2026-05-23T22:00Z,165,1,6,10Y1001C--00090V,AUCTION-aFRR,B74,10YSK-SEPS-----K,EUR,A01,A01,20260524001-AFRR_P-UNIT_043-1,MWH,MAW,A01,A06,2026-05-23T22:15Z,2026-05-23T22:00Z
balancing_energy_bids,70,2026-05-23T22:00:00,PT15M,2026-05-23T22:15Z,2026-05-23T22:00Z,-29,1,11,10Y1001C--00090V,AUCTION-aFRR,B74,10YSK-SEPS-----K,EUR,A01,A02,20260524001-AFRR_N-UNIT_062-1,MWH,MAW,A01,A06,2026-05-23T22:15Z,2026-05-23T22:00Z
balancing_energy_bids,71,2026-05-23T22:00:00,PT15M,2026-05-23T22:15Z,2026-05-23T22:00Z,10,1,3,10Y1001C--00090V,AUCTION-aFRR,B74,10YSK-SEPS-----K,EUR,A01,A02,20260524001-AFRR_N-UNIT_043-1,MWH,MAW,A01,A06,2026-05-23T22:15Z,2026-05-23T22:00Z
balancing_energy_bids,72,2026-05-23T22:15:00,PT15M,2026-05-23T22:30Z,2026-05-23T22:15Z,162,1,9,10Y1001C--00090V,AUCTION-aFRR,B74,10YSK-SEPS-----K,EUR,A01,A01,20260524002-AFRR_P-UNIT_062-1,MWH,MAW,A01,A06,2026-05-23T22:30Z,2026-05-23T22:15Z
balancing_energy_bids,73,2026-05-23T22:15:00,PT15M,2026-05-23T22:30Z,2026-05-23T22:15Z,162,1,6,10Y1001C--00090V,AUCTION-aFRR,B74,10YSK-SEPS-----K,EUR,A01,A01,20260524002-AFRR_P-UNIT_043-1,MWH,MAW,A01,A06,2026-05-23T22:30Z,2026-05-23T22:15Z
balancing_energy_bids,74,2026-05-23T22:15:00,PT15M,2026-05-23T22:30Z,2026-05-23T22:15Z,-29,1,11,10Y1001C--00090V,AUCTION-aFRR,B74,10YSK-SEPS-----K,EUR,A01,A02,20260524002-AFRR_N-UNIT_062-1,MWH,MAW,A01,A06,2026-05-23T22:30Z,2026-05-23T22:15Z
balancing_energy_bids,75,2026-05-23T22:15:00,PT15M,2026-05-23T22:30Z,2026-05-23T22:15Z,10,1,3,10Y1001C--00090V,AUCTION-aFRR,B74,10YSK-SEPS-----K,EUR,A01,A02,20260524002-AFRR_N-UNIT_043-1,MWH,MAW,A01,A06,2026-05-23T22:30Z,2026-05-23T22:15Z
balancing_energy_bids,76,2026-05-23T22:15:00,PT15M,2026-05-23T22:30Z,2026-05-23T22:15Z,-5,1,1,10Y1001C--00090V,AUCTION-aFRR,B74,10YSK-SEPS-----K,EUR,A01,A02,20260524002-AFRR_N-UNIT_028-1,MWH,MAW,A01,A11,2026-05-23T22:30Z,2026-05-23T22:15Z
balancing_energy_bids,77,2026-05-23T22:15:00,PT15M,2026-05-23T22:30Z,2026-05-23T22:15Z,-50,1,1,10Y1001C--00090V,AUCTION-aFRR,B74,10YSK-SEPS-----K,EUR,A01,A02,20260524002-AFRR_N-UNIT_058-1,MWH,MAW,A01,A11,2026-05-23T22:30Z,2026-05-23T22:15Z
balancing_energy_bids,78,2026-05-23T22:15:00,PT15M,2026-05-23T22:30Z,2026-05-23T22:15Z,-10,1,21,10Y1001C--00090V,AUCTION-aFRR,B74,10YSK-SEPS-----K,EUR,A01,A02,20260524002-AFRR_N-UNIT_013-1,MWH,MAW,A01,A06,2026-05-23T22:30Z,2026-05-23T22:15Z
balancing_energy_bids,79,2026-05-23T22:15:00,PT15M,2026-05-23T22:30Z,2026-05-23T22:15Z,-10,1,30,10Y1001C--00090V,AUCTION-aFRR,B74,10YSK-SEPS-----K,EUR,A01,A02,20260524002-AFRR_N-UNIT_010-1,MWH,MAW,A01,A06,2026-05-23T22:30Z,2026-05-23T22:15Z
balancing_energy_bids,80,2026-05-23T22:15:00,PT15M,2026-05-23T22:30Z,2026-05-23T22:15Z,-5,1,4,10Y1001C--00090V,AUCTION-aFRR,B74,10YSK-SEPS-----K,EUR,A01,A02,20260524002-AFRR_N-UNIT_104-1,MWH,MAW,A01,A06,2026-05-23T22:30Z,2026-05-23T22:15Z
balancing_energy_bids,81,2026-05-23T22:15:00,PT15M,2026-05-23T22:30Z,2026-05-23T22:15Z,-105.75,1,3,10Y1001C--00090V,AUCTION-aFRR,B74,10YSK-SEPS-----K,EUR,A01,A02,20260524002-AFRR_N-UNIT_089-1,MWH,MAW,A01,A06,2026-05-23T22:30Z,2026-05-23T22:15Z
balancing_energy_bids,82,2026-05-23T22:15:00,PT15M,2026-05-23T22:30Z,2026-05-23T22:15Z,-199,1,1,10Y1001C--00090V,AUCTION-aFRR,B74,10YSK-SEPS-----K,EUR,A01,A02,20260524002-AFRR_N-UNIT_019-1,MWH,MAW,A01,A11,2026-05-23T22:30Z,2026-05-23T22:15Z
balancing_energy_bids,83,2026-05-23T22:15:00,PT15M,2026-05-23T22:30Z,2026-05-23T22:15Z,-19,1,1,10Y1001C--00090V,AUCTION-aFRR,B74,10YSK-SEPS-----K,EUR,A01,A02,20260524002-AFRR_N-UNIT_106-1,MWH,MAW,A01,A06,2026-05-23T22:30Z,2026-05-23T22:15Z
balancing_energy_bids,84,2026-05-23T22:15:00,PT15M,2026-05-23T22:30Z,2026-05-23T22:15Z,-5,1,6,10Y1001C--00090V,AUCTION-aFRR,B74,10YSK-SEPS-----K,EUR,A01,A02,20260524002-AFRR_N-UNIT_123-1,MWH,MAW,A01,A06,2026-05-23T22:30Z,2026-05-23T22:15Z
balancing_energy_bids,85,2026-05-23T22:15:00,PT15M,2026-05-23T22:30Z,2026-05-23T22:15Z,215.95,1,1,10Y1001C--00090V,AUCTION-aFRR,B74,10YSK-SEPS-----K,EUR,A01,A01,20260524002-AFRR_P-UNIT_068-1,MWH,MAW,A01,A11,2026-05-23T22:30Z,2026-05-23T22:15Z
balancing_energy_bids,86,2026-05-23T22:15:00,PT15M,2026-05-23T22:30Z,2026-05-23T22:15Z,210.1,1,12,10Y1001C--00090V,AUCTION-aFRR,B74,10YSK-SEPS-----K,EUR,A01,A01,20260524002-AFRR_P-UNIT_065-1,MWH,MAW,A01,A06,2026-05-23T22:30Z,2026-05-23T22:15Z
balancing_energy_bids,87,2026-05-23T22:15:00,PT15M,2026-05-23T22:30Z,2026-05-23T22:15Z,140,1,31,10Y1001C--00090V,AUCTION-aFRR,B74,10YSK-SEPS-----K,EUR,A01,A01,20260524002-AFRR_P-UNIT_052-1,MWH,MAW,A01,A06,2026-05-23T22:30Z,2026-05-23T22:15Z
balancing_energy_bids,88,2026-05-23T22:15:00,PT15M,2026-05-23T22:30Z,2026-05-23T22:15Z,500,1,10,10Y1001C--00090V,AUCTION-aFRR,B74,10YSK-SEPS-----K,EUR,A01,A01,20260524002-AFRR_P-UNIT_047-1,MWH,MAW,A01,A06,2026-05-23T22:30Z,2026-05-23T22:15Z
balancing_energy_bids,89,2026-05-23T22:15:00,PT15M,2026-05-23T22:30Z,2026-05-23T22:15Z,350,1,5,10Y1001C--00090V,AUCTION-aFRR,B74,10YSK-SEPS-----K,EUR,A01,A01,20260524002-AFRR_P-UNIT_051-1,MWH,MAW,A01,A06,2026-05-23T22:30Z,2026-05-23T22:15Z
balancing_energy_bids,90,2026-05-23T22:15:00,PT15M,2026-05-23T22:30Z,2026-05-23T22:15Z,134,1,15,10Y1001C--00090V,AUCTION-aFRR,B74,10YSK-SEPS-----K,EUR,A01,A01,20260524002-AFRR_P-UNIT_069-1,MWH,MAW,A01,A06,2026-05-23T22:30Z,2026-05-23T22:15Z
balancing_energy_bids,91,2026-05-23T22:15:00,PT15M,2026-05-23T22:30Z,2026-05-23T22:15Z,215.95,1,5,10Y1001C--00090V,AUCTION-aFRR,B74,10YSK-SEPS-----K,EUR,A01,A01,20260524002-AFRR_P-UNIT_028-1,MWH,MAW,A01,A06,2026-05-23T22:30Z,2026-05-23T22:15Z
balancing_energy_bids,92,2026-05-23T22:15:00,PT15M,2026-05-23T22:30Z,2026-05-23T22:15Z,200,1,1,10Y1001C--00090V,AUCTION-aFRR,B74,10YSK-SEPS-----K,EUR,A01,A01,20260524002-AFRR_P-UNIT_058-1,MWH,MAW,A01,A11,2026-05-23T22:30Z,2026-05-23T22:15Z
balancing_energy_bids,93,2026-05-23T22:15:00,PT15M,2026-05-23T22:30Z,2026-05-23T22:15Z,210.1,1,10,10Y1001C--00090V,AUCTION-aFRR,B74,10YSK-SEPS-----K,EUR,A01,A01,20260524002-AFRR_P-UNIT_008-1,MWH,MAW,A01,A06,2026-05-23T22:30Z,2026-05-23T22:15Z
balancing_energy_bids,94,2026-05-23T22:15:00,PT15M,2026-05-23T22:30Z,2026-05-23T22:15Z,110,1,9,10Y1001C--00090V,AUCTION-aFRR,B74,10YSK-SEPS-----K,EUR,A01,A01,20260524002-AFRR_P-UNIT_063-1,MWH,MAW,A01,A06,2026-05-23T22:30Z,2026-05-23T22:15Z
balancing_energy_bids,95,2026-05-23T22:15:00,PT15M,2026-05-23T22:30Z,2026-05-23T22:15Z,750,1,11,10Y1001C--00090V,AUCTION-aFRR,B74,10YSK-SEPS-----K,EUR,A01,A01,20260524002-AFRR_P-UNIT_104-1,MWH,MAW,A01,A06,2026-05-23T22:30Z,2026-05-23T22:15Z
balancing_energy_bids,96,2026-05-23T22:15:00,PT15M,2026-05-23T22:30Z,2026-05-23T22:15Z,210.1,1,3,10Y1001C--00090V,AUCTION-aFRR,B74,10YSK-SEPS-----K,EUR,A01,A01,20260524002-AFRR_P-UNIT_009-1,MWH,MAW,A01,A06,2026-05-23T22:30Z,2026-05-23T22:15Z
balancing_energy_bids,97,2026-05-23T22:15:00,PT15M,2026-05-23T22:30Z,2026-05-23T22:15Z,275,1,1,10Y1001C--00090V,AUCTION-aFRR,B74,10YSK-SEPS-----K,EUR,A01,A01,20260524002-AFRR_P-UNIT_019-1,MWH,MAW,A01,A06,2026-05-23T22:30Z,2026-05-23T22:15Z
balancing_energy_bids,98,2026-05-23T22:15:00,PT15M,2026-05-23T22:30Z,2026-05-23T22:15Z,300,1,1,10Y1001C--00090V,AUCTION-aFRR,B74,10YSK-SEPS-----K,EUR,A01,A01,20260524002-AFRR_P-UNIT_106-1,MWH,MAW,A01,A11,2026-05-23T22:30Z,2026-05-23T22:15Z
balancing_energy_bids,99,2026-05-23T22:15:00,PT15M,2026-05-23T22:30Z,2026-05-23T22:15Z,189,1,8,10Y1001C--00090V,AUCTION-aFRR,B74,10YSK-SEPS-----K,EUR,A01,A01,20260524002-AFRR_P-UNIT_123-1,MWH,MAW,A01,A06,2026-05-23T22:30Z,2026-05-23T22:15Z
balancing_energy_bids,100,2026-05-23T22:15:00,PT15M,2026-05-23T22:30Z,2026-05-23T22:15Z,-5,1,5,10Y1001C--00090V,AUCTION-aFRR,B74,10YSK-SEPS-----K,EUR,A01,A02,20260524002-AFRR_N-UNIT_068-1,MWH,MAW,A01,A06,2026-05-23T22:30Z,2026-05-23T22:15Z
balancing_energy_bids,1,2026-05-23T22:15:00,PT15M,2026-05-23T22:30Z,2026-05-23T22:15Z,50,1,35,10Y1001C--00090V,AUCTION-aFRR,B74,10YSK-SEPS-----K,EUR,A01,A02,20260524002-AFRR_N-UNIT_005-1,MWH,MAW,A01,A06,2026-05-23T22:30Z,2026-05-23T22:15Z
balancing_energy_bids,2,2026-05-23T22:15:00,PT15M,2026-05-23T22:30Z,2026-05-23T22:15Z,-30,1,7,10Y1001C--00090V,AUCTION-aFRR,B74,10YSK-SEPS-----K,EUR,A01,A02,20260524002-AFRR_N-UNIT_052-1,MWH,MAW,A01,A06,2026-05-23T22:30Z,2026-05-23T22:15Z
balancing_energy_bids,3,2026-05-23T22:15:00,PT15M,2026-05-23T22:30Z,2026-05-23T22:15Z,-144,1,5,10Y1001C--00090V,AUCTION-aFRR,B74,10YSK-SEPS-----K,EUR,A01,A02,20260524002-AFRR_N-UNIT_051-1,MWH,MAW,A01,A06,2026-05-23T22:30Z,2026-05-23T22:15Z
balancing_energy_bids,4,2026-05-23T22:15:00,PT15M,2026-05-23T22:30Z,2026-05-23T22:15Z,-150,1,12,10Y1001C--00090V,AUCTION-aFRR,B74,10YSK-SEPS-----K,EUR,A01,A02,20260524002-AFRR_N-UNIT_069-1,MWH,MAW,A01,A06,2026-05-23T22:30Z,2026-05-23T22:15Z
balancing_energy_bids,5,2026-05-23T22:30:00,PT15M,2026-05-23T22:45Z,2026-05-23T22:30Z,196.25,1,1,10Y1001C--00090V,AUCTION-aFRR,B74,10YSK-SEPS-----K,EUR,A01,A01,20260524003-AFRR_P-UNIT_068-1,MWH,MAW,A01,A11,2026-05-23T22:45Z,2026-05-23T22:30Z
balancing_energy_bids,6,2026-05-23T22:30:00,PT15M,2026-05-23T22:45Z,2026-05-23T22:30Z,193.21,1,12,10Y1001C--00090V,AUCTION-aFRR,B74,10YSK-SEPS-----K,EUR,A01,A01,20260524003-AFRR_P-UNIT_065-1,MWH,MAW,A01,A06,2026-05-23T22:45Z,2026-05-23T22:30Z
balancing_energy_bids,7,2026-05-23T22:30:00,PT15M,2026-05-23T22:45Z,2026-05-23T22:30Z,140,1,31,10Y1001C--00090V,AUCTION-aFRR,B74,10YSK-SEPS-----K,EUR,A01,A01,20260524003-AFRR_P-UNIT_052-1,MWH,MAW,A01,A06,2026-05-23T22:45Z,2026-05-23T22:30Z
balancing_energy_bids,8,2026-05-23T22:30:00,PT15M,2026-05-23T22:45Z,2026-05-23T22:30Z,500,1,10,10Y1001C--00090V,AUCTION-aFRR,B74,10YSK-SEPS-----K,EUR,A01,A01,20260524003-AFRR_P-UNIT_047-1,MWH,MAW,A01,A06,2026-05-23T22:45Z,2026-05-23T22:30Z
balancing_energy_bids,9,2026-05-23T22:30:00,PT15M,2026-05-23T22:45Z,2026-05-23T22:30Z,350,1,5,10Y1001C--00090V,AUCTION-aFRR,B74,10YSK-SEPS-----K,EUR,A01,A01,20260524003-AFRR_P-UNIT_051-1,MWH,MAW,A01,A06,2026-05-23T22:45Z,2026-05-23T22:30Z
balancing_energy_bids,10,2026-05-23T22:30:00,PT15M,2026-05-23T22:45Z,2026-05-23T22:30Z,134,1,15,10Y1001C--00090V,AUCTION-aFRR,B74,10YSK-SEPS-----K,EUR,A01,A01,20260524003-AFRR_P-UNIT_069-1,MWH,MAW,A01,A06,2026-05-23T22:45Z,2026-05-23T22:30Z
balancing_energy_bids,11,2026-05-23T22:30:00,PT15M,2026-05-23T22:45Z,2026-05-23T22:30Z,196.25,1,5,10Y1001C--00090V,AUCTION-aFRR,B74,10YSK-SEPS-----K,EUR,A01,A01,20260524003-AFRR_P-UNIT_028-1,MWH,MAW,A01,A06,2026-05-23T22:45Z,2026-05-23T22:30Z
balancing_energy_bids,12,2026-05-23T22:30:00,PT15M,2026-05-23T22:45Z,2026-05-23T22:30Z,200,1,1,10Y1001C--00090V,AUCTION-aFRR,B74,10YSK-SEPS-----K,EUR,A01,A01,20260524003-AFRR_P-UNIT_058-1,MWH,MAW,A01,A11,2026-05-23T22:45Z,2026-05-23T22:30Z
balancing_energy_bids,13,2026-05-23T22:30:00,PT15M,2026-05-23T22:45Z,2026-05-23T22:30Z,193.21,1,10,10Y1001C--00090V,AUCTION-aFRR,B74,10YSK-SEPS-----K,EUR,A01,A01,20260524003-AFRR_P-UNIT_008-1,MWH,MAW,A01,A06,2026-05-23T22:45Z,2026-05-23T22:30Z
balancing_energy_bids,14,2026-05-23T22:30:00,PT15M,2026-05-23T22:45Z,2026-05-23T22:30Z,147,1,9,10Y1001C--00090V,AUCTION-aFRR,B74,10YSK-SEPS-----K,EUR,A01,A01,20260524003-AFRR_P-UNIT_062-1,MWH,MAW,A01,A06,2026-05-23T22:45Z,2026-05-23T22:30Z
balancing_energy_bids,15,2026-05-23T22:30:00,PT15M,2026-05-23T22:45Z,2026-05-23T22:30Z,147,1,6,10Y1001C--00090V,AUCTION-aFRR,B74,10YSK-SEPS-----K,EUR,A01,A01,20260524003-AFRR_P-UNIT_043-1,MWH,MAW,A01,A06,2026-05-23T22:45Z,2026-05-23T22:30Z
balancing_energy_bids,16,2026-05-23T22:30:00,PT15M,2026-05-23T22:45Z,2026-05-23T22:30Z,110,1,9,10Y1001C--00090V,AUCTION-aFRR,B74,10YSK-SEPS-----K,EUR,A01,A01,20260524003-AFRR_P-UNIT_063-1,MWH,MAW,A01,A06,2026-05-23T22:45Z,2026-05-23T22:30Z
balancing_energy_bids,17,2026-05-23T22:30:00,PT15M,2026-05-23T22:45Z,2026-05-23T22:30Z,750,1,11,10Y1001C--00090V,AUCTION-aFRR,B74,10YSK-SEPS-----K,EUR,A01,A01,20260524003-AFRR_P-UNIT_104-1,MWH,MAW,A01,A06,2026-05-23T22:45Z,2026-05-23T22:30Z
balancing_energy_bids,18,2026-05-23T22:30:00,PT15M,2026-05-23T22:45Z,2026-05-23T22:30Z,193.21,1,3,10Y1001C--00090V,AUCTION-aFRR,B74,10YSK-SEPS-----K,EUR,A01,A01,20260524003-AFRR_P-UNIT_009-1,MWH,MAW,A01,A06,2026-05-23T22:45Z,2026-05-23T22:30Z
balancing_energy_bids,19,2026-05-23T22:30:00,PT15M,2026-05-23T22:45Z,2026-05-23T22:30Z,253,1,1,10Y1001C--00090V,AUCTION-aFRR,B74,10YSK-SEPS-----K,EUR,A01,A01,20260524003-AFRR_P-UNIT_019-1,MWH,MAW,A01,A06,2026-05-23T22:45Z,2026-05-23T22:30Z
balancing_energy_bids,20,2026-05-23T22:30:00,PT15M,2026-05-23T22:45Z,2026-05-23T22:30Z,300,1,1,10Y1001C--00090V,AUCTION-aFRR,B74,10YSK-SEPS-----K,EUR,A01,A01,20260524003-AFRR_P-UNIT_106-1,MWH,MAW,A01,A11,2026-05-23T22:45Z,2026-05-23T22:30Z
balancing_energy_bids,21,2026-05-23T22:30:00,PT15M,2026-05-23T22:45Z,2026-05-23T22:30Z,189,1,8,10Y1001C--00090V,AUCTION-aFRR,B74,10YSK-SEPS-----K,EUR,A01,A01,20260524003-AFRR_P-UNIT_123-1,MWH,MAW,A01,A06,2026-05-23T22:45Z,2026-05-23T22:30Z
balancing_energy_bids,22,2026-05-23T22:30:00,PT15M,2026-05-23T22:45Z,2026-05-23T22:30Z,-5,1,5,10Y1001C--00090V,AUCTION-aFRR,B74,10YSK-SEPS-----K,EUR,A01,A02,20260524003-AFRR_N-UNIT_068-1,MWH,MAW,A01,A06,2026-05-23T22:45Z,2026-05-23T22:30Z
balancing_energy_bids,23,2026-05-23T22:30:00,PT15M,2026-05-23T22:45Z,2026-05-23T22:30Z,50,1,35,10Y1001C--00090V,AUCTION-aFRR,B74,10YSK-SEPS-----K,EUR,A01,A02,20260524003-AFRR_N-UNIT_005-1,MWH,MAW,A01,A06,2026-05-23T22:45Z,2026-05-23T22:30Z
balancing_energy_bids,24,2026-05-23T22:30:00,PT15M,2026-05-23T22:45Z,2026-05-23T22:30Z,-30,1,7,10Y1001C--00090V,AUCTION-aFRR,B74,10YSK-SEPS-----K,EUR,A01,A02,20260524003-AFRR_N-UNIT_052-1,MWH,MAW,A01,A06,2026-05-23T22:45Z,2026-05-23T22:30Z
balancing_energy_bids,25,2026-05-23T22:30:00,PT15M,2026-05-23T22:45Z,2026-05-23T22:30Z,-144,1,5,10Y1001C--00090V,AUCTION-aFRR,B74,10YSK-SEPS-----K,EUR,A01,A02,20260524003-AFRR_N-UNIT_051-1,MWH,MAW,A01,A06,2026-05-23T22:45Z,2026-05-23T22:30Z
balancing_energy_bids,26,2026-05-23T22:30:00,PT15M,2026-05-23T22:45Z,2026-05-23T22:30Z,-150,1,12,10Y1001C--00090V,AUCTION-aFRR,B74,10YSK-SEPS-----K,EUR,A01,A02,20260524003-AFRR_N-UNIT_069-1,MWH,MAW,A01,A06,2026-05-23T22:45Z,2026-05-23T22:30Z
balancing_energy_bids,27,2026-05-23T22:30:00,PT15M,2026-05-23T22:45Z,2026-05-23T22:30Z,-5,1,1,10Y1001C--00090V,AUCTION-aFRR,B74,10YSK-SEPS-----K,EUR,A01,A02,20260524003-AFRR_N-UNIT_028-1,MWH,MAW,A01,A11,2026-05-23T22:45Z,2026-05-23T22:30Z
balancing_energy_bids,28,2026-05-23T22:30:00,PT15M,2026-05-23T22:45Z,2026-05-23T22:30Z,-50,1,1,10Y1001C--00090V,AUCTION-aFRR,B74,10YSK-SEPS-----K,EUR,A01,A02,20260524003-AFRR_N-UNIT_058-1,MWH,MAW,A01,A11,2026-05-23T22:45Z,2026-05-23T22:30Z
balancing_energy_bids,29,2026-05-23T22:30:00,PT15M,2026-05-23T22:45Z,2026-05-23T22:30Z,-10,1,21,10Y1001C--00090V,AUCTION-aFRR,B74,10YSK-SEPS-----K,EUR,A01,A02,20260524003-AFRR_N-UNIT_013-1,MWH,MAW,A01,A06,2026-05-23T22:45Z,2026-05-23T22:30Z
balancing_energy_bids,30,2026-05-23T22:30:00,PT15M,2026-05-23T22:45Z,2026-05-23T22:30Z,-10,1,30,10Y1001C--00090V,AUCTION-aFRR,B74,10YSK-SEPS-----K,EUR,A01,A02,20260524003-AFRR_N-UNIT_010-1,MWH,MAW,A01,A06,2026-05-23T22:45Z,2026-05-23T22:30Z
balancing_energy_bids,31,2026-05-23T22:30:00,PT15M,2026-05-23T22:45Z,2026-05-23T22:30Z,-29,1,11,10Y1001C--00090V,AUCTION-aFRR,B74,10YSK-SEPS-----K,EUR,A01,A02,20260524003-AFRR_N-UNIT_062-1,MWH,MAW,A01,A06,2026-05-23T22:45Z,2026-05-23T22:30Z
balancing_energy_bids,32,2026-05-23T22:30:00,PT15M,2026-05-23T22:45Z,2026-05-23T22:30Z,10,1,3,10Y1001C--00090V,AUCTION-aFRR,B74,10YSK-SEPS-----K,EUR,A01,A02,20260524003-AFRR_N-UNIT_043-1,MWH,MAW,A01,A06,2026-05-23T22:45Z,2026-05-23T22:30Z
balancing_energy_bids,33,2026-05-23T22:30:00,PT15M,2026-05-23T22:45Z,2026-05-23T22:30Z,-5,1,4,10Y1001C--00090V,AUCTION-aFRR,B74,10YSK-SEPS-----K,EUR,A01,A02,20260524003-AFRR_N-UNIT_104-1,MWH,MAW,A01,A06,2026-05-23T22:45Z,2026-05-23T22:30Z
balancing_energy_bids,34,2026-05-23T22:30:00,PT15M,2026-05-23T22:45Z,2026-05-23T22:30Z,-119.82,1,3,10Y1001C--00090V,AUCTION-aFRR,B74,10YSK-SEPS-----K,EUR,A01,A02,20260524003-AFRR_N-UNIT_089-1,MWH,MAW,A01,A06,2026-05-23T22:45Z,2026-05-23T22:30Z
balancing_energy_bids,35,2026-05-23T22:30:00,PT15M,2026-05-23T22:45Z,2026-05-23T22:30Z,-199,1,1,10Y1001C--00090V,AUCTION-aFRR,B74,10YSK-SEPS-----K,EUR,A01,A02,20260524003-AFRR_N-UNIT_019-1,MWH,MAW,A01,A11,2026-05-23T22:45Z,2026-05-23T22:30Z
balancing_energy_bids,36,2026-05-23T22:30:00,PT15M,2026-05-23T22:45Z,2026-05-23T22:30Z,-19,1,1,10Y1001C--00090V,AUCTION-aFRR,B74,10YSK-SEPS-----K,EUR,A01,A02,20260524003-AFRR_N-UNIT_106-1,MWH,MAW,A01,A06,2026-05-23T22:45Z,2026-05-23T22:30Z
balancing_energy_bids,37,2026-05-23T22:30:00,PT15M,2026-05-23T22:45Z,2026-05-23T22:30Z,-5,1,6,10Y1001C--00090V,AUCTION-aFRR,B74,10YSK-SEPS-----K,EUR,A01,A02,20260524003-AFRR_N-UNIT_123-1,MWH,MAW,A01,A06,2026-05-23T22:45Z,2026-05-23T22:30Z
balancing_energy_bids,38,2026-05-23T22:45:00,PT15M,2026-05-23T23:00Z,2026-05-23T22:45Z,195.87,1,1,10Y1001C--00090V,AUCTION-aFRR,B74,10YSK-SEPS-----K,EUR,A01,A01,20260524004-AFRR_P-UNIT_068-1,MWH,MAW,A01,A11,2026-05-23T23:00Z,2026-05-23T22:45Z
balancing_energy_bids,39,2026-05-23T22:45:00,PT15M,2026-05-23T23:00Z,2026-05-23T22:45Z,192.89,1,12,10Y1001C--00090V,AUCTION-aFRR,B74,10YSK-SEPS-----K,EUR,A01,A01,20260524004-AFRR_P-UNIT_065-1,MWH,MAW,A01,A06,2026-05-23T23:00Z,2026-05-23T22:45Z
balancing_energy_bids,40,2026-05-23T22:45:00,PT15M,2026-05-23T23:00Z,2026-05-23T22:45Z,140,1,31,10Y1001C--00090V,AUCTION-aFRR,B74,10YSK-SEPS-----K,EUR,A01,A01,20260524004-AFRR_P-UNIT_052-1,MWH,MAW,A01,A06,2026-05-23T23:00Z,2026-05-23T22:45Z
balancing_energy_bids,41,2026-05-23T22:45:00,PT15M,2026-05-23T23:00Z,2026-05-23T22:45Z,500,1,10,10Y1001C--00090V,AUCTION-aFRR,B74,10YSK-SEPS-----K,EUR,A01,A01,20260524004-AFRR_P-UNIT_047-1,MWH,MAW,A01,A06,2026-05-23T23:00Z,2026-05-23T22:45Z
balancing_energy_bids,42,2026-05-23T22:45:00,PT15M,2026-05-23T23:00Z,2026-05-23T22:45Z,350,1,5,10Y1001C--00090V,AUCTION-aFRR,B74,10YSK-SEPS-----K,EUR,A01,A01,20260524004-AFRR_P-UNIT_051-1,MWH,MAW,A01,A06,2026-05-23T23:00Z,2026-05-23T22:45Z
balancing_energy_bids,43,2026-05-23T22:45:00,PT15M,2026-05-23T23:00Z,2026-05-23T22:45Z,134,1,15,10Y1001C--00090V,AUCTION-aFRR,B74,10YSK-SEPS-----K,EUR,A01,A01,20260524004-AFRR_P-UNIT_069-1,MWH,MAW,A01,A06,2026-05-23T23:00Z,2026-05-23T22:45Z
balancing_energy_bids,44,2026-05-23T22:45:00,PT15M,2026-05-23T23:00Z,2026-05-23T22:45Z,195.87,1,5,10Y1001C--00090V,AUCTION-aFRR,B74,10YSK-SEPS-----K,EUR,A01,A01,20260524004-AFRR_P-UNIT_028-1,MWH,MAW,A01,A06,2026-05-23T23:00Z,2026-05-23T22:45Z
balancing_energy_bids,45,2026-05-23T22:45:00,PT15M,2026-05-23T23:00Z,2026-05-23T22:45Z,200,1,1,10Y1001C--00090V,AUCTION-aFRR,B74,10YSK-SEPS-----K,EUR,A01,A01,20260524004-AFRR_P-UNIT_058-1,MWH,MAW,A01,A11,2026-05-23T23:00Z,2026-05-23T22:45Z
balancing_energy_bids,46,2026-05-23T22:45:00,PT15M,2026-05-23T23:00Z,2026-05-23T22:45Z,192.89,1,10,10Y1001C--00090V,AUCTION-aFRR,B74,10YSK-SEPS-----K,EUR,A01,A01,20260524004-AFRR_P-UNIT_008-1,MWH,MAW,A01,A06,2026-05-23T23:00Z,2026-05-23T22:45Z
balancing_energy_bids,47,2026-05-23T22:45:00,PT15M,2026-05-23T23:00Z,2026-05-23T22:45Z,147,1,9,10Y1001C--00090V,AUCTION-aFRR,B74,10YSK-SEPS-----K,EUR,A01,A01,20260524004-AFRR_P-UNIT_062-1,MWH,MAW,A01,A06,2026-05-23T23:00Z,2026-05-23T22:45Z
balancing_energy_bids,48,2026-05-23T22:45:00,PT15M,2026-05-23T23:00Z,2026-05-23T22:45Z,147,1,6,10Y1001C--00090V,AUCTION-aFRR,B74,10YSK-SEPS-----K,EUR,A01,A01,20260524004-AFRR_P-UNIT_043-1,MWH,MAW,A01,A06,2026-05-23T23:00Z,2026-05-23T22:45Z
balancing_energy_bids,49,2026-05-23T22:45:00,PT15M,2026-05-23T23:00Z,2026-05-23T22:45Z,110,1,9,10Y1001C--00090V,AUCTION-aFRR,B74,10YSK-SEPS-----K,EUR,A01,A01,20260524004-AFRR_P-UNIT_063-1,MWH,MAW,A01,A06,2026-05-23T23:00Z,2026-05-23T22:45Z
balancing_energy_bids,50,2026-05-23T22:45:00,PT15M,2026-05-23T23:00Z,2026-05-23T22:45Z,750,1,11,10Y1001C--00090V,AUCTION-aFRR,B74,10YSK-SEPS-----K,EUR,A01,A01,20260524004-AFRR_P-UNIT_104-1,MWH,MAW,A01,A06,2026-05-23T23:00Z,2026-05-23T22:45Z
balancing_energy_bids,51,2026-05-23T22:45:00,PT15M,2026-05-23T23:00Z,2026-05-23T22:45Z,192.89,1,3,10Y1001C--00090V,AUCTION-aFRR,B74,10YSK-SEPS-----K,EUR,A01,A01,20260524004-AFRR_P-UNIT_009-1,MWH,MAW,A01,A06,2026-05-23T23:00Z,2026-05-23T22:45Z
balancing_energy_bids,52,2026-05-23T22:45:00,PT15M,2026-05-23T23:00Z,2026-05-23T22:45Z,264,1,1,10Y1001C--00090V,AUCTION-aFRR,B74,10YSK-SEPS-----K,EUR,A01,A01,20260524004-AFRR_P-UNIT_019-1,MWH,MAW,A01,A06,2026-05-23T23:00Z,2026-05-23T22:45Z
balancing_energy_bids,53,2026-05-23T22:45:00,PT15M,2026-05-23T23:00Z,2026-05-23T22:45Z,300,1,1,10Y1001C--00090V,AUCTION-aFRR,B74,10YSK-SEPS-----K,EUR,A01,A01,20260524004-AFRR_P-UNIT_106-1,MWH,MAW,A01,A11,2026-05-23T23:00Z,2026-05-23T22:45Z
balancing_energy_bids,54,2026-05-23T22:45:00,PT15M,2026-05-23T23:00Z,2026-05-23T22:45Z,189,1,8,10Y1001C--00090V,AUCTION-aFRR,B74,10YSK-SEPS-----K,EUR,A01,A01,20260524004-AFRR_P-UNIT_123-1,MWH,MAW,A01,A06,2026-05-23T23:00Z,2026-05-23T22:45Z
balancing_energy_bids,55,2026-05-23T22:45:00,PT15M,2026-05-23T23:00Z,2026-05-23T22:45Z,-5,1,5,10Y1001C--00090V,AUCTION-aFRR,B74,10YSK-SEPS-----K,EUR,A01,A02,20260524004-AFRR_N-UNIT_068-1,MWH,MAW,A01,A06,2026-05-23T23:00Z,2026-05-23T22:45Z
balancing_energy_bids,56,2026-05-23T22:45:00,PT15M,2026-05-23T23:00Z,2026-05-23T22:45Z,50,1,35,10Y1001C--00090V,AUCTION-aFRR,B74,10YSK-SEPS-----K,EUR,A01,A02,20260524004-AFRR_N-UNIT_005-1,MWH,MAW,A01,A06,2026-05-23T23:00Z,2026-05-23T22:45Z
balancing_energy_bids,57,2026-05-23T22:45:00,PT15M,2026-05-23T23:00Z,2026-05-23T22:45Z,-30,1,7,10Y1001C--00090V,AUCTION-aFRR,B74,10YSK-SEPS-----K,EUR,A01,A02,20260524004-AFRR_N-UNIT_052-1,MWH,MAW,A01,A06,2026-05-23T23:00Z,2026-05-23T22:45Z
balancing_energy_bids,58,2026-05-23T22:45:00,PT15M,2026-05-23T23:00Z,2026-05-23T22:45Z,-144,1,5,10Y1001C--00090V,AUCTION-aFRR,B74,10YSK-SEPS-----K,EUR,A01,A02,20260524004-AFRR_N-UNIT_051-1,MWH,MAW,A01,A06,2026-05-23T23:00Z,2026-05-23T22:45Z
balancing_energy_bids,59,2026-05-23T22:45:00,PT15M,2026-05-23T23:00Z,2026-05-23T22:45Z,-150,1,12,10Y1001C--00090V,AUCTION-aFRR,B74,10YSK-SEPS-----K,EUR,A01,A02,20260524004-AFRR_N-UNIT_069-1,MWH,MAW,A01,A06,2026-05-23T23:00Z,2026-05-23T22:45Z
balancing_energy_bids,60,2026-05-23T22:45:00,PT15M,2026-05-23T23:00Z,2026-05-23T22:45Z,-5,1,1,10Y1001C--00090V,AUCTION-aFRR,B74,10YSK-SEPS-----K,EUR,A01,A02,20260524004-AFRR_N-UNIT_028-1,MWH,MAW,A01,A11,2026-05-23T23:00Z,2026-05-23T22:45Z
balancing_energy_bids,61,2026-05-23T22:45:00,PT15M,2026-05-23T23:00Z,2026-05-23T22:45Z,-50,1,1,10Y1001C--00090V,AUCTION-aFRR,B74,10YSK-SEPS-----K,EUR,A01,A02,20260524004-AFRR_N-UNIT_058-1,MWH,MAW,A01,A11,2026-05-23T23:00Z,2026-05-23T22:45Z
balancing_energy_bids,62,2026-05-23T22:45:00,PT15M,2026-05-23T23:00Z,2026-05-23T22:45Z,-10,1,21,10Y1001C--00090V,AUCTION-aFRR,B74,10YSK-SEPS-----K,EUR,A01,A02,20260524004-AFRR_N-UNIT_013-1,MWH,MAW,A01,A06,2026-05-23T23:00Z,2026-05-23T22:45Z
balancing_energy_bids,63,2026-05-23T22:45:00,PT15M,2026-05-23T23:00Z,2026-05-23T22:45Z,-10,1,30,10Y1001C--00090V,AUCTION-aFRR,B74,10YSK-SEPS-----K,EUR,A01,A02,20260524004-AFRR_N-UNIT_010-1,MWH,MAW,A01,A06,2026-05-23T23:00Z,2026-05-23T22:45Z
balancing_energy_bids,64,2026-05-23T22:45:00,PT15M,2026-05-23T23:00Z,2026-05-23T22:45Z,-29,1,11,10Y1001C--00090V,AUCTION-aFRR,B74,10YSK-SEPS-----K,EUR,A01,A02,20260524004-AFRR_N-UNIT_062-1,MWH,MAW,A01,A06,2026-05-23T23:00Z,2026-05-23T22:45Z
balancing_energy_bids,65,2026-05-23T22:45:00,PT15M,2026-05-23T23:00Z,2026-05-23T22:45Z,10,1,3,10Y1001C--00090V,AUCTION-aFRR,B74,10YSK-SEPS-----K,EUR,A01,A02,20260524004-AFRR_N-UNIT_043-1,MWH,MAW,A01,A06,2026-05-23T23:00Z,2026-05-23T22:45Z
balancing_energy_bids,66,2026-05-23T22:45:00,PT15M,2026-05-23T23:00Z,2026-05-23T22:45Z,-5,1,4,10Y1001C--00090V,AUCTION-aFRR,B74,10YSK-SEPS-----K,EUR,A01,A02,20260524004-AFRR_N-UNIT_104-1,MWH,MAW,A01,A06,2026-05-23T23:00Z,2026-05-23T22:45Z
balancing_energy_bids,67,2026-05-23T22:45:00,PT15M,2026-05-23T23:00Z,2026-05-23T22:45Z,-120.09,1,3,10Y1001C--00090V,AUCTION-aFRR,B74,10YSK-SEPS-----K,EUR,A01,A02,20260524004-AFRR_N-UNIT_089-1,MWH,MAW,A01,A06,2026-05-23T23:00Z,2026-05-23T22:45Z
balancing_energy_bids,68,2026-05-23T22:45:00,PT15M,2026-05-23T23:00Z,2026-05-23T22:45Z,-199,1,1,10Y1001C--00090V,AUCTION-aFRR,B74,10YSK-SEPS-----K,EUR,A01,A02,20260524004-AFRR_N-UNIT_019-1,MWH,MAW,A01,A11,2026-05-23T23:00Z,2026-05-23T22:45Z
balancing_energy_bids,69,2026-05-23T22:45:00,PT15M,2026-05-23T23:00Z,2026-05-23T22:45Z,-19,1,1,10Y1001C--00090V,AUCTION-aFRR,B74,10YSK-SEPS-----K,EUR,A01,A02,20260524004-AFRR_N-UNIT_106-1,MWH,MAW,A01,A06,2026-05-23T23:00Z,2026-05-23T22:45Z
balancing_energy_bids,70,2026-05-23T22:45:00,PT15M,2026-05-23T23:00Z,2026-05-23T22:45Z,-5,1,6,10Y1001C--00090V,AUCTION-aFRR,B74,10YSK-SEPS-----K,EUR,A01,A02,20260524004-AFRR_N-UNIT_123-1,MWH,MAW,A01,A06,2026-05-23T23:00Z,2026-05-23T22:45Z
balancing_energy_bids,71,2026-05-23T23:00:00,PT15M,2026-05-23T23:15Z,2026-05-23T23:00Z,195.7,1,1,10Y1001C--00090V,AUCTION-aFRR,B74,10YSK-SEPS-----K,EUR,A01,A01,20260524005-AFRR_P-UNIT_068-1,MWH,MAW,A01,A11,2026-05-23T23:15Z,2026-05-23T23:00Z
balancing_energy_bids,72,2026-05-23T23:00:00,PT15M,2026-05-23T23:15Z,2026-05-23T23:00Z,192.74,1,12,10Y1001C--00090V,AUCTION-aFRR,B74,10YSK-SEPS-----K,EUR,A01,A01,20260524005-AFRR_P-UNIT_065-1,MWH,MAW,A01,A06,2026-05-23T23:15Z,2026-05-23T23:00Z
balancing_energy_bids,73,2026-05-23T23:00:00,PT15M,2026-05-23T23:15Z,2026-05-23T23:00Z,140,1,31,10Y1001C--00090V,AUCTION-aFRR,B74,10YSK-SEPS-----K,EUR,A01,A01,20260524005-AFRR_P-UNIT_052-1,MWH,MAW,A01,A06,2026-05-23T23:15Z,2026-05-23T23:00Z
balancing_energy_bids,74,2026-05-23T23:00:00,PT15M,2026-05-23T23:15Z,2026-05-23T23:00Z,500,1,10,10Y1001C--00090V,AUCTION-aFRR,B74,10YSK-SEPS-----K,EUR,A01,A01,20260524005-AFRR_P-UNIT_047-1,MWH,MAW,A01,A06,2026-05-23T23:15Z,2026-05-23T23:00Z
balancing_energy_bids,75,2026-05-23T23:00:00,PT15M,2026-05-23T23:15Z,2026-05-23T23:00Z,350,1,5,10Y1001C--00090V,AUCTION-aFRR,B74,10YSK-SEPS-----K,EUR,A01,A01,20260524005-AFRR_P-UNIT_051-1,MWH,MAW,A01,A06,2026-05-23T23:15Z,2026-05-23T23:00Z
balancing_energy_bids,76,2026-05-23T23:00:00,PT15M,2026-05-23T23:15Z,2026-05-23T23:00Z,134,1,15,10Y1001C--00090V,AUCTION-aFRR,B74,10YSK-SEPS-----K,EUR,A01,A01,20260524005-AFRR_P-UNIT_069-1,MWH,MAW,A01,A06,2026-05-23T23:15Z,2026-05-23T23:00Z
balancing_energy_bids,77,2026-05-23T23:00:00,PT15M,2026-05-23T23:15Z,2026-05-23T23:00Z,195.7,1,5,10Y1001C--00090V,AUCTION-aFRR,B74,10YSK-SEPS-----K,EUR,A01,A01,20260524005-AFRR_P-UNIT_028-1,MWH,MAW,A01,A06,2026-05-23T23:15Z,2026-05-23T23:00Z
balancing_energy_bids,78,2026-05-23T23:00:00,PT15M,2026-05-23T23:15Z,2026-05-23T23:00Z,200,1,1,10Y1001C--00090V,AUCTION-aFRR,B74,10YSK-SEPS-----K,EUR,A01,A01,20260524005-AFRR_P-UNIT_058-1,MWH,MAW,A01,A11,2026-05-23T23:15Z,2026-05-23T23:00Z
balancing_energy_bids,79,2026-05-23T23:00:00,PT15M,2026-05-23T23:15Z,2026-05-23T23:00Z,192.74,1,10,10Y1001C--00090V,AUCTION-aFRR,B74,10YSK-SEPS-----K,EUR,A01,A01,20260524005-AFRR_P-UNIT_008-1,MWH,MAW,A01,A06,2026-05-23T23:15Z,2026-05-23T23:00Z
balancing_energy_bids,80,2026-05-23T23:00:00,PT15M,2026-05-23T23:15Z,2026-05-23T23:00Z,147,1,9,10Y1001C--00090V,AUCTION-aFRR,B74,10YSK-SEPS-----K,EUR,A01,A01,20260524005-AFRR_P-UNIT_062-1,MWH,MAW,A01,A06,2026-05-23T23:15Z,2026-05-23T23:00Z
balancing_energy_bids,81,2026-05-23T23:00:00,PT15M,2026-05-23T23:15Z,2026-05-23T23:00Z,147,1,6,10Y1001C--00090V,AUCTION-aFRR,B74,10YSK-SEPS-----K,EUR,A01,A01,20260524005-AFRR_P-UNIT_043-1,MWH,MAW,A01,A06,2026-05-23T23:15Z,2026-05-23T23:00Z
balancing_energy_bids,82,2026-05-23T23:00:00,PT15M,2026-05-23T23:15Z,2026-05-23T23:00Z,110,1,9,10Y1001C--00090V,AUCTION-aFRR,B74,10YSK-SEPS-----K,EUR,A01,A01,20260524005-AFRR_P-UNIT_063-1,MWH,MAW,A01,A06,2026-05-23T23:15Z,2026-05-23T23:00Z
balancing_energy_bids,83,2026-05-23T23:00:00,PT15M,2026-05-23T23:15Z,2026-05-23T23:00Z,750,1,11,10Y1001C--00090V,AUCTION-aFRR,B74,10YSK-SEPS-----K,EUR,A01,A01,20260524005-AFRR_P-UNIT_104-1,MWH,MAW,A01,A06,2026-05-23T23:15Z,2026-05-23T23:00Z
balancing_energy_bids,84,2026-05-23T23:00:00,PT15M,2026-05-23T23:15Z,2026-05-23T23:00Z,192.74,1,3,10Y1001C--00090V,AUCTION-aFRR,B74,10YSK-SEPS-----K,EUR,A01,A01,20260524005-AFRR_P-UNIT_009-1,MWH,MAW,A01,A06,2026-05-23T23:15Z,2026-05-23T23:00Z
balancing_energy_bids,85,2026-05-23T23:00:00,PT15M,2026-05-23T23:15Z,2026-05-23T23:00Z,265,1,1,10Y1001C--00090V,AUCTION-aFRR,B74,10YSK-SEPS-----K,EUR,A01,A01,20260524005-AFRR_P-UNIT_019-1,MWH,MAW,A01,A06,2026-05-23T23:15Z,2026-05-23T23:00Z
balancing_energy_bids,86,2026-05-23T23:00:00,PT15M,2026-05-23T23:15Z,2026-05-23T23:00Z,300,1,1,10Y1001C--00090V,AUCTION-aFRR,B74,10YSK-SEPS-----K,EUR,A01,A01,20260524005-AFRR_P-UNIT_106-1,MWH,MAW,A01,A11,2026-05-23T23:15Z,2026-05-23T23:00Z
balancing_energy_bids,87,2026-05-23T23:00:00,PT15M,2026-05-23T23:15Z,2026-05-23T23:00Z,189,1,8,10Y1001C--00090V,AUCTION-aFRR,B74,10YSK-SEPS-----K,EUR,A01,A01,20260524005-AFRR_P-UNIT_123-1,MWH,MAW,A01,A06,2026-05-23T23:15Z,2026-05-23T23:00Z
balancing_energy_bids,88,2026-05-23T23:00:00,PT15M,2026-05-23T23:15Z,2026-05-23T23:00Z,-5,1,5,10Y1001C--00090V,AUCTION-aFRR,B74,10YSK-SEPS-----K,EUR,A01,A02,20260524005-AFRR_N-UNIT_068-1,MWH,MAW,A01,A06,2026-05-23T23:15Z,2026-05-23T23:00Z
balancing_energy_bids,89,2026-05-23T23:00:00,PT15M,2026-05-23T23:15Z,2026-05-23T23:00Z,50,1,35,10Y1001C--00090V,AUCTION-aFRR,B74,10YSK-SEPS-----K,EUR,A01,A02,20260524005-AFRR_N-UNIT_005-1,MWH,MAW,A01,A06,2026-05-23T23:15Z,2026-05-23T23:00Z
balancing_energy_bids,90,2026-05-23T23:00:00,PT15M,2026-05-23T23:15Z,2026-05-23T23:00Z,-30,1,7,10Y1001C--00090V,AUCTION-aFRR,B74,10YSK-SEPS-----K,EUR,A01,A02,20260524005-AFRR_N-UNIT_052-1,MWH,MAW,A01,A06,2026-05-23T23:15Z,2026-05-23T23:00Z
balancing_energy_bids,91,2026-05-23T23:00:00,PT15M,2026-05-23T23:15Z,2026-05-23T23:00Z,-144,1,5,10Y1001C--00090V,AUCTION-aFRR,B74,10YSK-SEPS-----K,EUR,A01,A02,20260524005-AFRR_N-UNIT_051-1,MWH,MAW,A01,A06,2026-05-23T23:15Z,2026-05-23T23:00Z
balancing_energy_bids,92,2026-05-23T23:00:00,PT15M,2026-05-23T23:15Z,2026-05-23T23:00Z,-150,1,12,10Y1001C--00090V,AUCTION-aFRR,B74,10YSK-SEPS-----K,EUR,A01,A02,20260524005-AFRR_N-UNIT_069-1,MWH,MAW,A01,A06,2026-05-23T23:15Z,2026-05-23T23:00Z
balancing_energy_bids,93,2026-05-23T23:00:00,PT15M,2026-05-23T23:15Z,2026-05-23T23:00Z,-5,1,1,10Y1001C--00090V,AUCTION-aFRR,B74,10YSK-SEPS-----K,EUR,A01,A02,20260524005-AFRR_N-UNIT_028-1,MWH,MAW,A01,A11,2026-05-23T23:15Z,2026-05-23T23:00Z
balancing_energy_bids,94,2026-05-23T23:00:00,PT15M,2026-05-23T23:15Z,2026-05-23T23:00Z,-50,1,1,10Y1001C--00090V,AUCTION-aFRR,B74,10YSK-SEPS-----K,EUR,A01,A02,20260524005-AFRR_N-UNIT_058-1,MWH,MAW,A01,A11,2026-05-23T23:15Z,2026-05-23T23:00Z
balancing_energy_bids,95,2026-05-23T23:00:00,PT15M,2026-05-23T23:15Z,2026-05-23T23:00Z,-10,1,21,10Y1001C--00090V,AUCTION-aFRR,B74,10YSK-SEPS-----K,EUR,A01,A02,20260524005-AFRR_N-UNIT_013-1,MWH,MAW,A01,A06,2026-05-23T23:15Z,2026-05-23T23:00Z
balancing_energy_bids,96,2026-05-23T23:00:00,PT15M,2026-05-23T23:15Z,2026-05-23T23:00Z,-10,1,30,10Y1001C--00090V,AUCTION-aFRR,B74,10YSK-SEPS-----K,EUR,A01,A02,20260524005-AFRR_N-UNIT_010-1,MWH,MAW,A01,A06,2026-05-23T23:15Z,2026-05-23T23:00Z
balancing_energy_bids,97,2026-05-23T23:00:00,PT15M,2026-05-23T23:15Z,2026-05-23T23:00Z,-29,1,11,10Y1001C--00090V,AUCTION-aFRR,B74,10YSK-SEPS-----K,EUR,A01,A02,20260524005-AFRR_N-UNIT_062-1,MWH,MAW,A01,A06,2026-05-23T23:15Z,2026-05-23T23:00Z
balancing_energy_bids,98,2026-05-23T23:00:00,PT15M,2026-05-23T23:15Z,2026-05-23T23:00Z,10,1,3,10Y1001C--00090V,AUCTION-aFRR,B74,10YSK-SEPS-----K,EUR,A01,A02,20260524005-AFRR_N-UNIT_043-1,MWH,MAW,A01,A06,2026-05-23T23:15Z,2026-05-23T23:00Z
balancing_energy_bids,99,2026-05-23T23:00:00,PT15M,2026-05-23T23:15Z,2026-05-23T23:00Z,-5,1,4,10Y1001C--00090V,AUCTION-aFRR,B74,10YSK-SEPS-----K,EUR,A01,A02,20260524005-AFRR_N-UNIT_104-1,MWH,MAW,A01,A06,2026-05-23T23:15Z,2026-05-23T23:00Z
balancing_energy_bids,100,2026-05-23T23:00:00,PT15M,2026-05-23T23:15Z,2026-05-23T23:00Z,-120.21,1,3,10Y1001C--00090V,AUCTION-aFRR,B74,10YSK-SEPS-----K,EUR,A01,A02,20260524005-AFRR_N-UNIT_089-1,MWH,MAW,A01,A06,2026-05-23T23:15Z,2026-05-23T23:00Z
balancing_energy_bids,1,2026-05-23T23:00:00,PT15M,2026-05-23T23:15Z,2026-05-23T23:00Z,-199,1,1,10Y1001C--00090V,AUCTION-aFRR,B74,10YSK-SEPS-----K,EUR,A01,A02,20260524005-AFRR_N-UNIT_019-1,MWH,MAW,A01,A11,2026-05-23T23:15Z,2026-05-23T23:00Z
balancing_energy_bids,2,2026-05-23T23:00:00,PT15M,2026-05-23T23:15Z,2026-05-23T23:00Z,-19,1,1,10Y1001C--00090V,AUCTION-aFRR,B74,10YSK-SEPS-----K,EUR,A01,A02,20260524005-AFRR_N-UNIT_106-1,MWH,MAW,A01,A06,2026-05-23T23:15Z,2026-05-23T23:00Z
balancing_energy_bids,3,2026-05-23T23:00:00,PT15M,2026-05-23T23:15Z,2026-05-23T23:00Z,-5,1,6,10Y1001C--00090V,AUCTION-aFRR,B74,10YSK-SEPS-----K,EUR,A01,A02,20260524005-AFRR_N-UNIT_123-1,MWH,MAW,A01,A06,2026-05-23T23:15Z,2026-05-23T23:00Z
balancing_energy_bids,4,2026-05-23T23:15:00,PT15M,2026-05-23T23:30Z,2026-05-23T23:15Z,-5,1,1,10Y1001C--00090V,AUCTION-aFRR,B74,10YSK-SEPS-----K,EUR,A01,A02,20260524006-AFRR_N-UNIT_028-1,MWH,MAW,A01,A11,2026-05-23T23:30Z,2026-05-23T23:15Z
balancing_energy_bids,5,2026-05-23T23:15:00,PT15M,2026-05-23T23:30Z,2026-05-23T23:15Z,-50,1,1,10Y1001C--00090V,AUCTION-aFRR,B74,10YSK-SEPS-----K,EUR,A01,A02,20260524006-AFRR_N-UNIT_058-1,MWH,MAW,A01,A11,2026-05-23T23:30Z,2026-05-23T23:15Z
balancing_energy_bids,6,2026-05-23T23:15:00,PT15M,2026-05-23T23:30Z,2026-05-23T23:15Z,-10,1,21,10Y1001C--00090V,AUCTION-aFRR,B74,10YSK-SEPS-----K,EUR,A01,A02,20260524006-AFRR_N-UNIT_013-1,MWH,MAW,A01,A06,2026-05-23T23:30Z,2026-05-23T23:15Z
balancing_energy_bids,7,2026-05-23T23:15:00,PT15M,2026-05-23T23:30Z,2026-05-23T23:15Z,-10,1,30,10Y1001C--00090V,AUCTION-aFRR,B74,10YSK-SEPS-----K,EUR,A01,A02,20260524006-AFRR_N-UNIT_010-1,MWH,MAW,A01,A06,2026-05-23T23:30Z,2026-05-23T23:15Z
balancing_energy_bids,8,2026-05-23T23:15:00,PT15M,2026-05-23T23:30Z,2026-05-23T23:15Z,-29,1,11,10Y1001C--00090V,AUCTION-aFRR,B74,10YSK-SEPS-----K,EUR,A01,A02,20260524006-AFRR_N-UNIT_062-1,MWH,MAW,A01,A06,2026-05-23T23:30Z,2026-05-23T23:15Z
balancing_energy_bids,9,2026-05-23T23:15:00,PT15M,2026-05-23T23:30Z,2026-05-23T23:15Z,10,1,3,10Y1001C--00090V,AUCTION-aFRR,B74,10YSK-SEPS-----K,EUR,A01,A02,20260524006-AFRR_N-UNIT_043-1,MWH,MAW,A01,A06,2026-05-23T23:30Z,2026-05-23T23:15Z
balancing_energy_bids,10,2026-05-23T23:15:00,PT15M,2026-05-23T23:30Z,2026-05-23T23:15Z,-5,1,4,10Y1001C--00090V,AUCTION-aFRR,B74,10YSK-SEPS-----K,EUR,A01,A02,20260524006-AFRR_N-UNIT_104-1,MWH,MAW,A01,A06,2026-05-23T23:30Z,2026-05-23T23:15Z
balancing_energy_bids,11,2026-05-23T23:15:00,PT15M,2026-05-23T23:30Z,2026-05-23T23:15Z,-120.71,1,3,10Y1001C--00090V,AUCTION-aFRR,B74,10YSK-SEPS-----K,EUR,A01,A02,20260524006-AFRR_N-UNIT_089-1,MWH,MAW,A01,A06,2026-05-23T23:30Z,2026-05-23T23:15Z
balancing_energy_bids,12,2026-05-23T23:15:00,PT15M,2026-05-23T23:30Z,2026-05-23T23:15Z,-199,1,1,10Y1001C--00090V,AUCTION-aFRR,B74,10YSK-SEPS-----K,EUR,A01,A02,20260524006-AFRR_N-UNIT_019-1,MWH,MAW,A01,A11,2026-05-23T23:30Z,2026-05-23T23:15Z
balancing_energy_bids,13,2026-05-23T23:15:00,PT15M,2026-05-23T23:30Z,2026-05-23T23:15Z,-19,1,1,10Y1001C--00090V,AUCTION-aFRR,B74,10YSK-SEPS-----K,EUR,A01,A02,20260524006-AFRR_N-UNIT_106-1,MWH,MAW,A01,A06,2026-05-23T23:30Z,2026-05-23T23:15Z
balancing_energy_bids,14,2026-05-23T23:15:00,PT15M,2026-05-23T23:30Z,2026-05-23T23:15Z,-5,1,6,10Y1001C--00090V,AUCTION-aFRR,B74,10YSK-SEPS-----K,EUR,A01,A02,20260524006-AFRR_N-UNIT_123-1,MWH,MAW,A01,A06,2026-05-23T23:30Z,2026-05-23T23:15Z
balancing_energy_bids,15,2026-05-23T23:15:00,PT15M,2026-05-23T23:30Z,2026-05-23T23:15Z,195,1,1,10Y1001C--00090V,AUCTION-aFRR,B74,10YSK-SEPS-----K,EUR,A01,A01,20260524006-AFRR_P-UNIT_068-1,MWH,MAW,A01,A11,2026-05-23T23:30Z,2026-05-23T23:15Z
balancing_energy_bids,16,2026-05-23T23:15:00,PT15M,2026-05-23T23:30Z,2026-05-23T23:15Z,192.14,1,12,10Y1001C--00090V,AUCTION-aFRR,B74,10YSK-SEPS-----K,EUR,A01,A01,20260524006-AFRR_P-UNIT_065-1,MWH,MAW,A01,A06,2026-05-23T23:30Z,2026-05-23T23:15Z
balancing_energy_bids,17,2026-05-23T23:15:00,PT15M,2026-05-23T23:30Z,2026-05-23T23:15Z,140,1,31,10Y1001C--00090V,AUCTION-aFRR,B74,10YSK-SEPS-----K,EUR,A01,A01,20260524006-AFRR_P-UNIT_052-1,MWH,MAW,A01,A06,2026-05-23T23:30Z,2026-05-23T23:15Z
balancing_energy_bids,18,2026-05-23T23:15:00,PT15M,2026-05-23T23:30Z,2026-05-23T23:15Z,500,1,10,10Y1001C--00090V,AUCTION-aFRR,B74,10YSK-SEPS-----K,EUR,A01,A01,20260524006-AFRR_P-UNIT_047-1,MWH,MAW,A01,A06,2026-05-23T23:30Z,2026-05-23T23:15Z
balancing_energy_bids,19,2026-05-23T23:15:00,PT15M,2026-05-23T23:30Z,2026-05-23T23:15Z,350,1,5,10Y1001C--00090V,AUCTION-aFRR,B74,10YSK-SEPS-----K,EUR,A01,A01,20260524006-AFRR_P-UNIT_051-1,MWH,MAW,A01,A06,2026-05-23T23:30Z,2026-05-23T23:15Z
balancing_energy_bids,20,2026-05-23T23:15:00,PT15M,2026-05-23T23:30Z,2026-05-23T23:15Z,134,1,15,10Y1001C--00090V,AUCTION-aFRR,B74,10YSK-SEPS-----K,EUR,A01,A01,20260524006-AFRR_P-UNIT_069-1,MWH,MAW,A01,A06,2026-05-23T23:30Z,2026-05-23T23:15Z
balancing_energy_bids,21,2026-05-23T23:15:00,PT15M,2026-05-23T23:30Z,2026-05-23T23:15Z,195,1,5,10Y1001C--00090V,AUCTION-aFRR,B74,10YSK-SEPS-----K,EUR,A01,A01,20260524006-AFRR_P-UNIT_028-1,MWH,MAW,A01,A06,2026-05-23T23:30Z,2026-05-23T23:15Z
balancing_energy_bids,22,2026-05-23T23:15:00,PT15M,2026-05-23T23:30Z,2026-05-23T23:15Z,200,1,1,10Y1001C--00090V,AUCTION-aFRR,B74,10YSK-SEPS-----K,EUR,A01,A01,20260524006-AFRR_P-UNIT_058-1,MWH,MAW,A01,A11,2026-05-23T23:30Z,2026-05-23T23:15Z
balancing_energy_bids,23,2026-05-23T23:15:00,PT15M,2026-05-23T23:30Z,2026-05-23T23:15Z,192.14,1,10,10Y1001C--00090V,AUCTION-aFRR,B74,10YSK-SEPS-----K,EUR,A01,A01,20260524006-AFRR_P-UNIT_008-1,MWH,MAW,A01,A06,2026-05-23T23:30Z,2026-05-23T23:15Z
balancing_energy_bids,24,2026-05-23T23:15:00,PT15M,2026-05-23T23:30Z,2026-05-23T23:15Z,146,1,9,10Y1001C--00090V,AUCTION-aFRR,B74,10YSK-SEPS-----K,EUR,A01,A01,20260524006-AFRR_P-UNIT_062-1,MWH,MAW,A01,A06,2026-05-23T23:30Z,2026-05-23T23:15Z
balancing_energy_bids,25,2026-05-23T23:15:00,PT15M,2026-05-23T23:30Z,2026-05-23T23:15Z,146,1,6,10Y1001C--00090V,AUCTION-aFRR,B74,10YSK-SEPS-----K,EUR,A01,A01,20260524006-AFRR_P-UNIT_043-1,MWH,MAW,A01,A06,2026-05-23T23:30Z,2026-05-23T23:15Z
balancing_energy_bids,26,2026-05-23T23:15:00,PT15M,2026-05-23T23:30Z,2026-05-23T23:15Z,110,1,9,10Y1001C--00090V,AUCTION-aFRR,B74,10YSK-SEPS-----K,EUR,A01,A01,20260524006-AFRR_P-UNIT_063-1,MWH,MAW,A01,A06,2026-05-23T23:30Z,2026-05-23T23:15Z
balancing_energy_bids,27,2026-05-23T23:15:00,PT15M,2026-05-23T23:30Z,2026-05-23T23:15Z,750,1,11,10Y1001C--00090V,AUCTION-aFRR,B74,10YSK-SEPS-----K,EUR,A01,A01,20260524006-AFRR_P-UNIT_104-1,MWH,MAW,A01,A06,2026-05-23T23:30Z,2026-05-23T23:15Z
balancing_energy_bids,28,2026-05-23T23:15:00,PT15M,2026-05-23T23:30Z,2026-05-23T23:15Z,192.14,1,3,10Y1001C--00090V,AUCTION-aFRR,B74,10YSK-SEPS-----K,EUR,A01,A01,20260524006-AFRR_P-UNIT_009-1,MWH,MAW,A01,A06,2026-05-23T23:30Z,2026-05-23T23:15Z
balancing_energy_bids,29,2026-05-23T23:15:00,PT15M,2026-05-23T23:30Z,2026-05-23T23:15Z,264,1,1,10Y1001C--00090V,AUCTION-aFRR,B74,10YSK-SEPS-----K,EUR,A01,A01,20260524006-AFRR_P-UNIT_019-1,MWH,MAW,A01,A06,2026-05-23T23:30Z,2026-05-23T23:15Z
balancing_energy_bids,30,2026-05-23T23:15:00,PT15M,2026-05-23T23:30Z,2026-05-23T23:15Z,300,1,1,10Y1001C--00090V,AUCTION-aFRR,B74,10YSK-SEPS-----K,EUR,A01,A01,20260524006-AFRR_P-UNIT_106-1,MWH,MAW,A01,A11,2026-05-23T23:30Z,2026-05-23T23:15Z
balancing_energy_bids,31,2026-05-23T23:15:00,PT15M,2026-05-23T23:30Z,2026-05-23T23:15Z,189,1,8,10Y1001C--00090V,AUCTION-aFRR,B74,10YSK-SEPS-----K,EUR,A01,A01,20260524006-AFRR_P-UNIT_123-1,MWH,MAW,A01,A06,2026-05-23T23:30Z,2026-05-23T23:15Z
balancing_energy_bids,32,2026-05-23T23:15:00,PT15M,2026-05-23T23:30Z,2026-05-23T23:15Z,-5,1,5,10Y1001C--00090V,AUCTION-aFRR,B74,10YSK-SEPS-----K,EUR,A01,A02,20260524006-AFRR_N-UNIT_068-1,MWH,MAW,A01,A06,2026-05-23T23:30Z,2026-05-23T23:15Z
balancing_energy_bids,33,2026-05-23T23:15:00,PT15M,2026-05-23T23:30Z,2026-05-23T23:15Z,50,1,35,10Y1001C--00090V,AUCTION-aFRR,B74,10YSK-SEPS-----K,EUR,A01,A02,20260524006-AFRR_N-UNIT_005-1,MWH,MAW,A01,A06,2026-05-23T23:30Z,2026-05-23T23:15Z
balancing_energy_bids,34,2026-05-23T23:15:00,PT15M,2026-05-23T23:30Z,2026-05-23T23:15Z,-30,1,7,10Y1001C--00090V,AUCTION-aFRR,B74,10YSK-SEPS-----K,EUR,A01,A02,20260524006-AFRR_N-UNIT_052-1,MWH,MAW,A01,A06,2026-05-23T23:30Z,2026-05-23T23:15Z
balancing_energy_bids,35,2026-05-23T23:15:00,PT15M,2026-05-23T23:30Z,2026-05-23T23:15Z,-144,1,5,10Y1001C--00090V,AUCTION-aFRR,B74,10YSK-SEPS-----K,EUR,A01,A02,20260524006-AFRR_N-UNIT_051-1,MWH,MAW,A01,A06,2026-05-23T23:30Z,2026-05-23T23:15Z
balancing_energy_bids,36,2026-05-23T23:15:00,PT15M,2026-05-23T23:30Z,2026-05-23T23:15Z,-150,1,12,10Y1001C--00090V,AUCTION-aFRR,B74,10YSK-SEPS-----K,EUR,A01,A02,20260524006-AFRR_N-UNIT_069-1,MWH,MAW,A01,A06,2026-05-23T23:30Z,2026-05-23T23:15Z
balancing_energy_bids,37,2026-05-23T23:30:00,PT15M,2026-05-23T23:45Z,2026-05-23T23:30Z,-5,1,5,10Y1001C--00090V,AUCTION-aFRR,B74,10YSK-SEPS-----K,EUR,A01,A02,20260524007-AFRR_N-UNIT_068-1,MWH,MAW,A01,A06,2026-05-23T23:45Z,2026-05-23T23:30Z
balancing_energy_bids,38,2026-05-23T23:30:00,PT15M,2026-05-23T23:45Z,2026-05-23T23:30Z,50,1,35,10Y1001C--00090V,AUCTION-aFRR,B74,10YSK-SEPS-----K,EUR,A01,A02,20260524007-AFRR_N-UNIT_005-1,MWH,MAW,A01,A06,2026-05-23T23:45Z,2026-05-23T23:30Z
balancing_energy_bids,39,2026-05-23T23:30:00,PT15M,2026-05-23T23:45Z,2026-05-23T23:30Z,-30,1,7,10Y1001C--00090V,AUCTION-aFRR,B74,10YSK-SEPS-----K,EUR,A01,A02,20260524007-AFRR_N-UNIT_052-1,MWH,MAW,A01,A06,2026-05-23T23:45Z,2026-05-23T23:30Z
balancing_energy_bids,40,2026-05-23T23:30:00,PT15M,2026-05-23T23:45Z,2026-05-23T23:30Z,-144,1,5,10Y1001C--00090V,AUCTION-aFRR,B74,10YSK-SEPS-----K,EUR,A01,A02,20260524007-AFRR_N-UNIT_051-1,MWH,MAW,A01,A06,2026-05-23T23:45Z,2026-05-23T23:30Z
balancing_energy_bids,41,2026-05-23T23:30:00,PT15M,2026-05-23T23:45Z,2026-05-23T23:30Z,-150,1,12,10Y1001C--00090V,AUCTION-aFRR,B74,10YSK-SEPS-----K,EUR,A01,A02,20260524007-AFRR_N-UNIT_069-1,MWH,MAW,A01,A06,2026-05-23T23:45Z,2026-05-23T23:30Z
balancing_energy_bids,42,2026-05-23T23:30:00,PT15M,2026-05-23T23:45Z,2026-05-23T23:30Z,-5,1,1,10Y1001C--00090V,AUCTION-aFRR,B74,10YSK-SEPS-----K,EUR,A01,A02,20260524007-AFRR_N-UNIT_028-1,MWH,MAW,A01,A11,2026-05-23T23:45Z,2026-05-23T23:30Z
balancing_energy_bids,43,2026-05-23T23:30:00,PT15M,2026-05-23T23:45Z,2026-05-23T23:30Z,-50,1,1,10Y1001C--00090V,AUCTION-aFRR,B74,10YSK-SEPS-----K,EUR,A01,A02,20260524007-AFRR_N-UNIT_058-1,MWH,MAW,A01,A11,2026-05-23T23:45Z,2026-05-23T23:30Z
balancing_energy_bids,44,2026-05-23T23:30:00,PT15M,2026-05-23T23:45Z,2026-05-23T23:30Z,-10,1,21,10Y1001C--00090V,AUCTION-aFRR,B74,10YSK-SEPS-----K,EUR,A01,A02,20260524007-AFRR_N-UNIT_013-1,MWH,MAW,A01,A06,2026-05-23T23:45Z,2026-05-23T23:30Z
balancing_energy_bids,45,2026-05-23T23:30:00,PT15M,2026-05-23T23:45Z,2026-05-23T23:30Z,-10,1,30,10Y1001C--00090V,AUCTION-aFRR,B74,10YSK-SEPS-----K,EUR,A01,A02,20260524007-AFRR_N-UNIT_010-1,MWH,MAW,A01,A06,2026-05-23T23:45Z,2026-05-23T23:30Z
balancing_energy_bids,46,2026-05-23T23:30:00,PT15M,2026-05-23T23:45Z,2026-05-23T23:30Z,-29,1,11,10Y1001C--00090V,AUCTION-aFRR,B74,10YSK-SEPS-----K,EUR,A01,A02,20260524007-AFRR_N-UNIT_062-1,MWH,MAW,A01,A06,2026-05-23T23:45Z,2026-05-23T23:30Z
balancing_energy_bids,47,2026-05-23T23:30:00,PT15M,2026-05-23T23:45Z,2026-05-23T23:30Z,10,1,3,10Y1001C--00090V,AUCTION-aFRR,B74,10YSK-SEPS-----K,EUR,A01,A02,20260524007-AFRR_N-UNIT_043-1,MWH,MAW,A01,A06,2026-05-23T23:45Z,2026-05-23T23:30Z
balancing_energy_bids,48,2026-05-23T23:30:00,PT15M,2026-05-23T23:45Z,2026-05-23T23:30Z,-5,1,4,10Y1001C--00090V,AUCTION-aFRR,B74,10YSK-SEPS-----K,EUR,A01,A02,20260524007-AFRR_N-UNIT_104-1,MWH,MAW,A01,A06,2026-05-23T23:45Z,2026-05-23T23:30Z
balancing_energy_bids,49,2026-05-23T23:30:00,PT15M,2026-05-23T23:45Z,2026-05-23T23:30Z,-125.72,1,3,10Y1001C--00090V,AUCTION-aFRR,B74,10YSK-SEPS-----K,EUR,A01,A02,20260524007-AFRR_N-UNIT_089-1,MWH,MAW,A01,A06,2026-05-23T23:45Z,2026-05-23T23:30Z
balancing_energy_bids,50,2026-05-23T23:30:00,PT15M,2026-05-23T23:45Z,2026-05-23T23:30Z,-199,1,1,10Y1001C--00090V,AUCTION-aFRR,B74,10YSK-SEPS-----K,EUR,A01,A02,20260524007-AFRR_N-UNIT_019-1,MWH,MAW,A01,A11,2026-05-23T23:45Z,2026-05-23T23:30Z
balancing_energy_bids,51,2026-05-23T23:30:00,PT15M,2026-05-23T23:45Z,2026-05-23T23:30Z,-19,1,1,10Y1001C--00090V,AUCTION-aFRR,B74,10YSK-SEPS-----K,EUR,A01,A02,20260524007-AFRR_N-UNIT_106-1,MWH,MAW,A01,A06,2026-05-23T23:45Z,2026-05-23T23:30Z
balancing_energy_bids,52,2026-05-23T23:30:00,PT15M,2026-05-23T23:45Z,2026-05-23T23:30Z,-5,1,6,10Y1001C--00090V,AUCTION-aFRR,B74,10YSK-SEPS-----K,EUR,A01,A02,20260524007-AFRR_N-UNIT_123-1,MWH,MAW,A01,A06,2026-05-23T23:45Z,2026-05-23T23:30Z
balancing_energy_bids,53,2026-05-23T23:30:00,PT15M,2026-05-23T23:45Z,2026-05-23T23:30Z,187.99,1,1,10Y1001C--00090V,AUCTION-aFRR,B74,10YSK-SEPS-----K,EUR,A01,A01,20260524007-AFRR_P-UNIT_068-1,MWH,MAW,A01,A11,2026-05-23T23:45Z,2026-05-23T23:30Z
balancing_energy_bids,54,2026-05-23T23:30:00,PT15M,2026-05-23T23:45Z,2026-05-23T23:30Z,186.13,1,12,10Y1001C--00090V,AUCTION-aFRR,B74,10YSK-SEPS-----K,EUR,A01,A01,20260524007-AFRR_P-UNIT_065-1,MWH,MAW,A01,A06,2026-05-23T23:45Z,2026-05-23T23:30Z
balancing_energy_bids,55,2026-05-23T23:30:00,PT15M,2026-05-23T23:45Z,2026-05-23T23:30Z,140,1,31,10Y1001C--00090V,AUCTION-aFRR,B74,10YSK-SEPS-----K,EUR,A01,A01,20260524007-AFRR_P-UNIT_052-1,MWH,MAW,A01,A06,2026-05-23T23:45Z,2026-05-23T23:30Z
balancing_energy_bids,56,2026-05-23T23:30:00,PT15M,2026-05-23T23:45Z,2026-05-23T23:30Z,500,1,10,10Y1001C--00090V,AUCTION-aFRR,B74,10YSK-SEPS-----K,EUR,A01,A01,20260524007-AFRR_P-UNIT_047-1,MWH,MAW,A01,A06,2026-05-23T23:45Z,2026-05-23T23:30Z
balancing_energy_bids,57,2026-05-23T23:30:00,PT15M,2026-05-23T23:45Z,2026-05-23T23:30Z,350,1,5,10Y1001C--00090V,AUCTION-aFRR,B74,10YSK-SEPS-----K,EUR,A01,A01,20260524007-AFRR_P-UNIT_051-1,MWH,MAW,A01,A06,2026-05-23T23:45Z,2026-05-23T23:30Z
balancing_energy_bids,58,2026-05-23T23:30:00,PT15M,2026-05-23T23:45Z,2026-05-23T23:30Z,134,1,15,10Y1001C--00090V,AUCTION-aFRR,B74,10YSK-SEPS-----K,EUR,A01,A01,20260524007-AFRR_P-UNIT_069-1,MWH,MAW,A01,A06,2026-05-23T23:45Z,2026-05-23T23:30Z
balancing_energy_bids,59,2026-05-23T23:30:00,PT15M,2026-05-23T23:45Z,2026-05-23T23:30Z,187.99,1,5,10Y1001C--00090V,AUCTION-aFRR,B74,10YSK-SEPS-----K,EUR,A01,A01,20260524007-AFRR_P-UNIT_028-1,MWH,MAW,A01,A06,2026-05-23T23:45Z,2026-05-23T23:30Z
balancing_energy_bids,60,2026-05-23T23:30:00,PT15M,2026-05-23T23:45Z,2026-05-23T23:30Z,200,1,1,10Y1001C--00090V,AUCTION-aFRR,B74,10YSK-SEPS-----K,EUR,A01,A01,20260524007-AFRR_P-UNIT_058-1,MWH,MAW,A01,A11,2026-05-23T23:45Z,2026-05-23T23:30Z
balancing_energy_bids,61,2026-05-23T23:30:00,PT15M,2026-05-23T23:45Z,2026-05-23T23:30Z,186.13,1,10,10Y1001C--00090V,AUCTION-aFRR,B74,10YSK-SEPS-----K,EUR,A01,A01,20260524007-AFRR_P-UNIT_008-1,MWH,MAW,A01,A06,2026-05-23T23:45Z,2026-05-23T23:30Z
balancing_energy_bids,62,2026-05-23T23:30:00,PT15M,2026-05-23T23:45Z,2026-05-23T23:30Z,141,1,9,10Y1001C--00090V,AUCTION-aFRR,B74,10YSK-SEPS-----K,EUR,A01,A01,20260524007-AFRR_P-UNIT_062-1,MWH,MAW,A01,A06,2026-05-23T23:45Z,2026-05-23T23:30Z
balancing_energy_bids,63,2026-05-23T23:30:00,PT15M,2026-05-23T23:45Z,2026-05-23T23:30Z,141,1,6,10Y1001C--00090V,AUCTION-aFRR,B74,10YSK-SEPS-----K,EUR,A01,A01,20260524007-AFRR_P-UNIT_043-1,MWH,MAW,A01,A06,2026-05-23T23:45Z,2026-05-23T23:30Z
balancing_energy_bids,64,2026-05-23T23:30:00,PT15M,2026-05-23T23:45Z,2026-05-23T23:30Z,110,1,9,10Y1001C--00090V,AUCTION-aFRR,B74,10YSK-SEPS-----K,EUR,A01,A01,20260524007-AFRR_P-UNIT_063-1,MWH,MAW,A01,A06,2026-05-23T23:45Z,2026-05-23T23:30Z
balancing_energy_bids,65,2026-05-23T23:30:00,PT15M,2026-05-23T23:45Z,2026-05-23T23:30Z,750,1,11,10Y1001C--00090V,AUCTION-aFRR,B74,10YSK-SEPS-----K,EUR,A01,A01,20260524007-AFRR_P-UNIT_104-1,MWH,MAW,A01,A06,2026-05-23T23:45Z,2026-05-23T23:30Z
balancing_energy_bids,66,2026-05-23T23:30:00,PT15M,2026-05-23T23:45Z,2026-05-23T23:30Z,186.13,1,3,10Y1001C--00090V,AUCTION-aFRR,B74,10YSK-SEPS-----K,EUR,A01,A01,20260524007-AFRR_P-UNIT_009-1,MWH,MAW,A01,A06,2026-05-23T23:45Z,2026-05-23T23:30Z
balancing_energy_bids,67,2026-05-23T23:30:00,PT15M,2026-05-23T23:45Z,2026-05-23T23:30Z,246,1,1,10Y1001C--00090V,AUCTION-aFRR,B74,10YSK-SEPS-----K,EUR,A01,A01,20260524007-AFRR_P-UNIT_019-1,MWH,MAW,A01,A06,2026-05-23T23:45Z,2026-05-23T23:30Z
balancing_energy_bids,68,2026-05-23T23:30:00,PT15M,2026-05-23T23:45Z,2026-05-23T23:30Z,300,1,1,10Y1001C--00090V,AUCTION-aFRR,B74,10YSK-SEPS-----K,EUR,A01,A01,20260524007-AFRR_P-UNIT_106-1,MWH,MAW,A01,A11,2026-05-23T23:45Z,2026-05-23T23:30Z
balancing_energy_bids,69,2026-05-23T23:30:00,PT15M,2026-05-23T23:45Z,2026-05-23T23:30Z,189,1,8,10Y1001C--00090V,AUCTION-aFRR,B74,10YSK-SEPS-----K,EUR,A01,A01,20260524007-AFRR_P-UNIT_123-1,MWH,MAW,A01,A06,2026-05-23T23:45Z,2026-05-23T23:30Z
balancing_energy_bids,70,2026-05-23T23:45:00,PT15M,2026-05-24T00:00Z,2026-05-23T23:45Z,-10,1,30,10Y1001C--00090V,AUCTION-aFRR,B74,10YSK-SEPS-----K,EUR,A01,A02,20260524008-AFRR_N-UNIT_010-1,MWH,MAW,A01,A06,2026-05-24T00:00Z,2026-05-23T23:45Z
balancing_energy_bids,71,2026-05-23T23:45:00,PT15M,2026-05-24T00:00Z,2026-05-23T23:45Z,-29,1,11,10Y1001C--00090V,AUCTION-aFRR,B74,10YSK-SEPS-----K,EUR,A01,A02,20260524008-AFRR_N-UNIT_062-1,MWH,MAW,A01,A06,2026-05-24T00:00Z,2026-05-23T23:45Z
balancing_energy_bids,72,2026-05-23T23:45:00,PT15M,2026-05-24T00:00Z,2026-05-23T23:45Z,10,1,3,10Y1001C--00090V,AUCTION-aFRR,B74,10YSK-SEPS-----K,EUR,A01,A02,20260524008-AFRR_N-UNIT_043-1,MWH,MAW,A01,A06,2026-05-24T00:00Z,2026-05-23T23:45Z
balancing_energy_bids,73,2026-05-23T23:45:00,PT15M,2026-05-24T00:00Z,2026-05-23T23:45Z,-5,1,4,10Y1001C--00090V,AUCTION-aFRR,B74,10YSK-SEPS-----K,EUR,A01,A02,20260524008-AFRR_N-UNIT_104-1,MWH,MAW,A01,A06,2026-05-24T00:00Z,2026-05-23T23:45Z
balancing_energy_bids,74,2026-05-23T23:45:00,PT15M,2026-05-24T00:00Z,2026-05-23T23:45Z,-127.97,1,3,10Y1001C--00090V,AUCTION-aFRR,B74,10YSK-SEPS-----K,EUR,A01,A02,20260524008-AFRR_N-UNIT_089-1,MWH,MAW,A01,A06,2026-05-24T00:00Z,2026-05-23T23:45Z
balancing_energy_bids,75,2026-05-23T23:45:00,PT15M,2026-05-24T00:00Z,2026-05-23T23:45Z,-199,1,1,10Y1001C--00090V,AUCTION-aFRR,B74,10YSK-SEPS-----K,EUR,A01,A02,20260524008-AFRR_N-UNIT_019-1,MWH,MAW,A01,A11,2026-05-24T00:00Z,2026-05-23T23:45Z
balancing_energy_bids,76,2026-05-23T23:45:00,PT15M,2026-05-24T00:00Z,2026-05-23T23:45Z,-19,1,1,10Y1001C--00090V,AUCTION-aFRR,B74,10YSK-SEPS-----K,EUR,A01,A02,20260524008-AFRR_N-UNIT_106-1,MWH,MAW,A01,A06,2026-05-24T00:00Z,2026-05-23T23:45Z
balancing_energy_bids,77,2026-05-23T23:45:00,PT15M,2026-05-24T00:00Z,2026-05-23T23:45Z,-5,1,6,10Y1001C--00090V,AUCTION-aFRR,B74,10YSK-SEPS-----K,EUR,A01,A02,20260524008-AFRR_N-UNIT_123-1,MWH,MAW,A01,A06,2026-05-24T00:00Z,2026-05-23T23:45Z
balancing_energy_bids,78,2026-05-23T23:45:00,PT15M,2026-05-24T00:00Z,2026-05-23T23:45Z,184.84,1,1,10Y1001C--00090V,AUCTION-aFRR,B74,10YSK-SEPS-----K,EUR,A01,A01,20260524008-AFRR_P-UNIT_068-1,MWH,MAW,A01,A11,2026-05-24T00:00Z,2026-05-23T23:45Z
balancing_energy_bids,79,2026-05-23T23:45:00,PT15M,2026-05-24T00:00Z,2026-05-23T23:45Z,183.43,1,12,10Y1001C--00090V,AUCTION-aFRR,B74,10YSK-SEPS-----K,EUR,A01,A01,20260524008-AFRR_P-UNIT_065-1,MWH,MAW,A01,A06,2026-05-24T00:00Z,2026-05-23T23:45Z
balancing_energy_bids,80,2026-05-23T23:45:00,PT15M,2026-05-24T00:00Z,2026-05-23T23:45Z,140,1,31,10Y1001C--00090V,AUCTION-aFRR,B74,10YSK-SEPS-----K,EUR,A01,A01,20260524008-AFRR_P-UNIT_052-1,MWH,MAW,A01,A06,2026-05-24T00:00Z,2026-05-23T23:45Z
balancing_energy_bids,81,2026-05-23T23:45:00,PT15M,2026-05-24T00:00Z,2026-05-23T23:45Z,500,1,10,10Y1001C--00090V,AUCTION-aFRR,B74,10YSK-SEPS-----K,EUR,A01,A01,20260524008-AFRR_P-UNIT_047-1,MWH,MAW,A01,A06,2026-05-24T00:00Z,2026-05-23T23:45Z
balancing_energy_bids,82,2026-05-23T23:45:00,PT15M,2026-05-24T00:00Z,2026-05-23T23:45Z,350,1,5,10Y1001C--00090V,AUCTION-aFRR,B74,10YSK-SEPS-----K,EUR,A01,A01,20260524008-AFRR_P-UNIT_051-1,MWH,MAW,A01,A06,2026-05-24T00:00Z,2026-05-23T23:45Z
balancing_energy_bids,83,2026-05-23T23:45:00,PT15M,2026-05-24T00:00Z,2026-05-23T23:45Z,134,1,15,10Y1001C--00090V,AUCTION-aFRR,B74,10YSK-SEPS-----K,EUR,A01,A01,20260524008-AFRR_P-UNIT_069-1,MWH,MAW,A01,A06,2026-05-24T00:00Z,2026-05-23T23:45Z
balancing_energy_bids,84,2026-05-23T23:45:00,PT15M,2026-05-24T00:00Z,2026-05-23T23:45Z,184.84,1,5,10Y1001C--00090V,AUCTION-aFRR,B74,10YSK-SEPS-----K,EUR,A01,A01,20260524008-AFRR_P-UNIT_028-1,MWH,MAW,A01,A06,2026-05-24T00:00Z,2026-05-23T23:45Z
balancing_energy_bids,85,2026-05-23T23:45:00,PT15M,2026-05-24T00:00Z,2026-05-23T23:45Z,200,1,1,10Y1001C--00090V,AUCTION-aFRR,B74,10YSK-SEPS-----K,EUR,A01,A01,20260524008-AFRR_P-UNIT_058-1,MWH,MAW,A01,A11,2026-05-24T00:00Z,2026-05-23T23:45Z
balancing_energy_bids,86,2026-05-23T23:45:00,PT15M,2026-05-24T00:00Z,2026-05-23T23:45Z,183.43,1,10,10Y1001C--00090V,AUCTION-aFRR,B74,10YSK-SEPS-----K,EUR,A01,A01,20260524008-AFRR_P-UNIT_008-1,MWH,MAW,A01,A06,2026-05-24T00:00Z,2026-05-23T23:45Z
balancing_energy_bids,87,2026-05-23T23:45:00,PT15M,2026-05-24T00:00Z,2026-05-23T23:45Z,139,1,9,10Y1001C--00090V,AUCTION-aFRR,B74,10YSK-SEPS-----K,EUR,A01,A01,20260524008-AFRR_P-UNIT_062-1,MWH,MAW,A01,A06,2026-05-24T00:00Z,2026-05-23T23:45Z
balancing_energy_bids,88,2026-05-23T23:45:00,PT15M,2026-05-24T00:00Z,2026-05-23T23:45Z,139,1,6,10Y1001C--00090V,AUCTION-aFRR,B74,10YSK-SEPS-----K,EUR,A01,A01,20260524008-AFRR_P-UNIT_043-1,MWH,MAW,A01,A06,2026-05-24T00:00Z,2026-05-23T23:45Z
balancing_energy_bids,89,2026-05-23T23:45:00,PT15M,2026-05-24T00:00Z,2026-05-23T23:45Z,110,1,9,10Y1001C--00090V,AUCTION-aFRR,B74,10YSK-SEPS-----K,EUR,A01,A01,20260524008-AFRR_P-UNIT_063-1,MWH,MAW,A01,A06,2026-05-24T00:00Z,2026-05-23T23:45Z
balancing_energy_bids,90,2026-05-23T23:45:00,PT15M,2026-05-24T00:00Z,2026-05-23T23:45Z,750,1,11,10Y1001C--00090V,AUCTION-aFRR,B74,10YSK-SEPS-----K,EUR,A01,A01,20260524008-AFRR_P-UNIT_104-1,MWH,MAW,A01,A06,2026-05-24T00:00Z,2026-05-23T23:45Z
balancing_energy_bids,91,2026-05-23T23:45:00,PT15M,2026-05-24T00:00Z,2026-05-23T23:45Z,183.43,1,3,10Y1001C--00090V,AUCTION-aFRR,B74,10YSK-SEPS-----K,EUR,A01,A01,20260524008-AFRR_P-UNIT_009-1,MWH,MAW,A01,A06,2026-05-24T00:00Z,2026-05-23T23:45Z
balancing_energy_bids,92,2026-05-23T23:45:00,PT15M,2026-05-24T00:00Z,2026-05-23T23:45Z,259,1,1,10Y1001C--00090V,AUCTION-aFRR,B74,10YSK-SEPS-----K,EUR,A01,A01,20260524008-AFRR_P-UNIT_019-1,MWH,MAW,A01,A06,2026-05-24T00:00Z,2026-05-23T23:45Z
balancing_energy_bids,93,2026-05-23T23:45:00,PT15M,2026-05-24T00:00Z,2026-05-23T23:45Z,300,1,1,10Y1001C--00090V,AUCTION-aFRR,B74,10YSK-SEPS-----K,EUR,A01,A01,20260524008-AFRR_P-UNIT_106-1,MWH,MAW,A01,A11,2026-05-24T00:00Z,2026-05-23T23:45Z
balancing_energy_bids,94,2026-05-23T23:45:00,PT15M,2026-05-24T00:00Z,2026-05-23T23:45Z,189,1,8,10Y1001C--00090V,AUCTION-aFRR,B74,10YSK-SEPS-----K,EUR,A01,A01,20260524008-AFRR_P-UNIT_123-1,MWH,MAW,A01,A06,2026-05-24T00:00Z,2026-05-23T23:45Z
balancing_energy_bids,95,2026-05-23T23:45:00,PT15M,2026-05-24T00:00Z,2026-05-23T23:45Z,-5,1,5,10Y1001C--00090V,AUCTION-aFRR,B74,10YSK-SEPS-----K,EUR,A01,A02,20260524008-AFRR_N-UNIT_068-1,MWH,MAW,A01,A06,2026-05-24T00:00Z,2026-05-23T23:45Z
balancing_energy_bids,96,2026-05-23T23:45:00,PT15M,2026-05-24T00:00Z,2026-05-23T23:45Z,50,1,35,10Y1001C--00090V,AUCTION-aFRR,B74,10YSK-SEPS-----K,EUR,A01,A02,20260524008-AFRR_N-UNIT_005-1,MWH,MAW,A01,A06,2026-05-24T00:00Z,2026-05-23T23:45Z
balancing_energy_bids,97,2026-05-23T23:45:00,PT15M,2026-05-24T00:00Z,2026-05-23T23:45Z,-30,1,7,10Y1001C--00090V,AUCTION-aFRR,B74,10YSK-SEPS-----K,EUR,A01,A02,20260524008-AFRR_N-UNIT_052-1,MWH,MAW,A01,A06,2026-05-24T00:00Z,2026-05-23T23:45Z
balancing_energy_bids,98,2026-05-23T23:45:00,PT15M,2026-05-24T00:00Z,2026-05-23T23:45Z,-144,1,5,10Y1001C--00090V,AUCTION-aFRR,B74,10YSK-SEPS-----K,EUR,A01,A02,20260524008-AFRR_N-UNIT_051-1,MWH,MAW,A01,A06,2026-05-24T00:00Z,2026-05-23T23:45Z
balancing_energy_bids,99,2026-05-23T23:45:00,PT15M,2026-05-24T00:00Z,2026-05-23T23:45Z,-150,1,12,10Y1001C--00090V,AUCTION-aFRR,B74,10YSK-SEPS-----K,EUR,A01,A02,20260524008-AFRR_N-UNIT_069-1,MWH,MAW,A01,A06,2026-05-24T00:00Z,2026-05-23T23:45Z
balancing_energy_bids,100,2026-05-23T23:45:00,PT15M,2026-05-24T00:00Z,2026-05-23T23:45Z,-5,1,1,10Y1001C--00090V,AUCTION-aFRR,B74,10YSK-SEPS-----K,EUR,A01,A02,20260524008-AFRR_N-UNIT_028-1,MWH,MAW,A01,A11,2026-05-24T00:00Z,2026-05-23T23:45Z
balancing_energy_bids,1,2026-05-23T23:45:00,PT15M,2026-05-24T00:00Z,2026-05-23T23:45Z,-50,1,1,10Y1001C--00090V,AUCTION-aFRR,B74,10YSK-SEPS-----K,EUR,A01,A02,20260524008-AFRR_N-UNIT_058-1,MWH,MAW,A01,A11,2026-05-24T00:00Z,2026-05-23T23:45Z
balancing_energy_bids,2,2026-05-23T23:45:00,PT15M,2026-05-24T00:00Z,2026-05-23T23:45Z,-10,1,21,10Y1001C--00090V,AUCTION-aFRR,B74,10YSK-SEPS-----K,EUR,A01,A02,20260524008-AFRR_N-UNIT_013-1,MWH,MAW,A01,A06,2026-05-24T00:00Z,2026-05-23T23:45Z
