dataset,timeseries_index,timestamp_utc,period.resolution,period.timeInterval.end,period.timeInterval.start,point.position,point.procurement_Price.amount,point.quantity,ts.businessType,ts.currency_Unit.name,ts.curveType,ts.flowDirection.direction,ts.mRID,ts.price_Measure_Unit.name,ts.quantity_Measure_Unit.name,ts.standard_MarketProduct.marketProductType,ts.type_MarketAgreement.type
procured_balancing_capacity,1,2026-02-25T23:00:00,PT15M,2026-02-25T23:15Z,2026-02-25T23:00Z,1,0,0,B95,EUR,A03,A02,1,MAW,MAW,A01,A01
procured_balancing_capacity,1,2026-02-25T23:15:00,PT15M,2026-02-25T23:30Z,2026-02-25T23:15Z,1,0,0,B95,EUR,A03,A02,1,MAW,MAW,A01,A01
procured_balancing_capacity,1,2026-02-25T23:30:00,PT15M,2026-02-25T23:45Z,2026-02-25T23:30Z,1,0,0,B95,EUR,A03,A02,1,MAW,MAW,A01,A01
procured_balancing_capacity,1,2026-02-25T23:45:00,PT15M,2026-02-26T00:00Z,2026-02-25T23:45Z,1,0,0,B95,EUR,A03,A02,1,MAW,MAW,A01,A01
procured_balancing_capacity,1,2026-02-26T00:00:00,PT15M,2026-02-26T00:15Z,2026-02-26T00:00Z,1,0,0,B95,EUR,A03,A02,1,MAW,MAW,A01,A01
procured_balancing_capacity,1,2026-02-26T00:15:00,PT15M,2026-02-26T00:30Z,2026-02-26T00:15Z,1,0,0,B95,EUR,A03,A02,1,MAW,MAW,A01,A01
procured_balancing_capacity,1,2026-02-26T00:30:00,PT15M,2026-02-26T00:45Z,2026-02-26T00:30Z,1,0,0,B95,EUR,A03,A02,1,MAW,MAW,A01,A01
procured_balancing_capacity,1,2026-02-26T00:45:00,PT15M,2026-02-26T01:00Z,2026-02-26T00:45Z,1,0,0,B95,EUR,A03,A02,1,MAW,MAW,A01,A01
procured_balancing_capacity,1,2026-02-26T01:00:00,PT15M,2026-02-26T01:15Z,2026-02-26T01:00Z,1,0,0,B95,EUR,A03,A02,1,MAW,MAW,A01,A01
procured_balancing_capacity,1,2026-02-26T01:15:00,PT15M,2026-02-26T01:30Z,2026-02-26T01:15Z,1,0,0,B95,EUR,A03,A02,1,MAW,MAW,A01,A01
procured_balancing_capacity,1,2026-02-26T01:30:00,PT15M,2026-02-26T01:45Z,2026-02-26T01:30Z,1,0,0,B95,EUR,A03,A02,1,MAW,MAW,A01,A01
procured_balancing_capacity,1,2026-02-26T01:45:00,PT15M,2026-02-26T02:00Z,2026-02-26T01:45Z,1,0,0,B95,EUR,A03,A02,1,MAW,MAW,A01,A01
procured_balancing_capacity,1,2026-02-26T02:00:00,PT15M,2026-02-26T02:15Z,2026-02-26T02:00Z,1,0,0,B95,EUR,A03,A02,1,MAW,MAW,A01,A01
procured_balancing_capacity,1,2026-02-26T02:15:00,PT15M,2026-02-26T02:30Z,2026-02-26T02:15Z,1,0,0,B95,EUR,A03,A02,1,MAW,MAW,A01,A01
procured_balancing_capacity,1,2026-02-26T02:30:00,PT15M,2026-02-26T02:45Z,2026-02-26T02:30Z,1,0,0,B95,EUR,A03,A02,1,MAW,MAW,A01,A01
procured_balancing_capacity,1,2026-02-26T02:45:00,PT15M,2026-02-26T03:00Z,2026-02-26T02:45Z,1,0,0,B95,EUR,A03,A02,1,MAW,MAW,A01,A01
procured_balancing_capacity,1,2026-02-26T03:00:00,PT15M,2026-02-26T03:15Z,2026-02-26T03:00Z,1,0,0,B95,EUR,A03,A02,1,MAW,MAW,A01,A01
procured_balancing_capacity,1,2026-02-26T03:15:00,PT15M,2026-02-26T03:30Z,2026-02-26T03:15Z,1,0,0,B95,EUR,A03,A02,1,MAW,MAW,A01,A01
procured_balancing_capacity,1,2026-02-26T03:30:00,PT15M,2026-02-26T03:45Z,2026-02-26T03:30Z,1,0,0,B95,EUR,A03,A02,1,MAW,MAW,A01,A01
procured_balancing_capacity,1,2026-02-26T03:45:00,PT15M,2026-02-26T04:00Z,2026-02-26T03:45Z,1,0,0,B95,EUR,A03,A02,1,MAW,MAW,A01,A01
procured_balancing_capacity,1,2026-02-26T04:00:00,PT15M,2026-02-26T04:15Z,2026-02-26T04:00Z,1,0,0,B95,EUR,A03,A02,1,MAW,MAW,A01,A01
procured_balancing_capacity,1,2026-02-26T04:15:00,PT15M,2026-02-26T04:30Z,2026-02-26T04:15Z,1,0,0,B95,EUR,A03,A02,1,MAW,MAW,A01,A01
procured_balancing_capacity,1,2026-02-26T04:30:00,PT15M,2026-02-26T04:45Z,2026-02-26T04:30Z,1,0,0,B95,EUR,A03,A02,1,MAW,MAW,A01,A01
procured_balancing_capacity,1,2026-02-26T04:45:00,PT15M,2026-02-26T05:00Z,2026-02-26T04:45Z,1,0,0,B95,EUR,A03,A02,1,MAW,MAW,A01,A01
procured_balancing_capacity,1,2026-02-26T05:00:00,PT15M,2026-02-26T05:15Z,2026-02-26T05:00Z,1,10.7,1,B95,EUR,A03,A02,1,MAW,MAW,A01,A01
procured_balancing_capacity,1,2026-02-26T05:15:00,PT15M,2026-02-26T05:30Z,2026-02-26T05:15Z,1,10.7,1,B95,EUR,A03,A02,1,MAW,MAW,A01,A01
procured_balancing_capacity,1,2026-02-26T05:30:00,PT15M,2026-02-26T05:45Z,2026-02-26T05:30Z,1,10.7,1,B95,EUR,A03,A02,1,MAW,MAW,A01,A01
procured_balancing_capacity,1,2026-02-26T05:45:00,PT15M,2026-02-26T06:00Z,2026-02-26T05:45Z,1,10.7,1,B95,EUR,A03,A02,1,MAW,MAW,A01,A01
procured_balancing_capacity,1,2026-02-26T06:00:00,PT15M,2026-02-26T06:15Z,2026-02-26T06:00Z,1,10.7,1,B95,EUR,A03,A02,1,MAW,MAW,A01,A01
procured_balancing_capacity,1,2026-02-26T06:15:00,PT15M,2026-02-26T06:30Z,2026-02-26T06:15Z,1,10.7,1,B95,EUR,A03,A02,1,MAW,MAW,A01,A01
procured_balancing_capacity,1,2026-02-26T06:30:00,PT15M,2026-02-26T06:45Z,2026-02-26T06:30Z,1,10.7,1,B95,EUR,A03,A02,1,MAW,MAW,A01,A01
procured_balancing_capacity,1,2026-02-26T06:45:00,PT15M,2026-02-26T07:00Z,2026-02-26T06:45Z,1,10.7,1,B95,EUR,A03,A02,1,MAW,MAW,A01,A01
procured_balancing_capacity,1,2026-02-26T07:00:00,PT15M,2026-02-26T07:15Z,2026-02-26T07:00Z,1,10.7,1,B95,EUR,A03,A02,1,MAW,MAW,A01,A01
procured_balancing_capacity,1,2026-02-26T07:15:00,PT15M,2026-02-26T07:30Z,2026-02-26T07:15Z,1,10.7,1,B95,EUR,A03,A02,1,MAW,MAW,A01,A01
procured_balancing_capacity,1,2026-02-26T07:30:00,PT15M,2026-02-26T07:45Z,2026-02-26T07:30Z,1,10.7,1,B95,EUR,A03,A02,1,MAW,MAW,A01,A01
procured_balancing_capacity,1,2026-02-26T07:45:00,PT15M,2026-02-26T08:00Z,2026-02-26T07:45Z,1,10.7,1,B95,EUR,A03,A02,1,MAW,MAW,A01,A01
procured_balancing_capacity,1,2026-02-26T08:00:00,PT15M,2026-02-26T08:15Z,2026-02-26T08:00Z,1,10.7,1,B95,EUR,A03,A02,1,MAW,MAW,A01,A01
procured_balancing_capacity,1,2026-02-26T08:15:00,PT15M,2026-02-26T08:30Z,2026-02-26T08:15Z,1,10.7,1,B95,EUR,A03,A02,1,MAW,MAW,A01,A01
procured_balancing_capacity,1,2026-02-26T08:30:00,PT15M,2026-02-26T08:45Z,2026-02-26T08:30Z,1,10.7,1,B95,EUR,A03,A02,1,MAW,MAW,A01,A01
procured_balancing_capacity,1,2026-02-26T08:45:00,PT15M,2026-02-26T09:00Z,2026-02-26T08:45Z,1,10.7,1,B95,EUR,A03,A02,1,MAW,MAW,A01,A01
procured_balancing_capacity,1,2026-02-26T09:00:00,PT15M,2026-02-26T09:15Z,2026-02-26T09:00Z,1,0,0,B95,EUR,A03,A02,1,MAW,MAW,A01,A01
procured_balancing_capacity,1,2026-02-26T09:15:00,PT15M,2026-02-26T09:30Z,2026-02-26T09:15Z,1,0,0,B95,EUR,A03,A02,1,MAW,MAW,A01,A01
procured_balancing_capacity,1,2026-02-26T09:30:00,PT15M,2026-02-26T09:45Z,2026-02-26T09:30Z,1,0,0,B95,EUR,A03,A02,1,MAW,MAW,A01,A01
procured_balancing_capacity,1,2026-02-26T09:45:00,PT15M,2026-02-26T10:00Z,2026-02-26T09:45Z,1,0,0,B95,EUR,A03,A02,1,MAW,MAW,A01,A01
procured_balancing_capacity,1,2026-02-26T10:00:00,PT15M,2026-02-26T10:15Z,2026-02-26T10:00Z,1,0,0,B95,EUR,A03,A02,1,MAW,MAW,A01,A01
procured_balancing_capacity,1,2026-02-26T10:15:00,PT15M,2026-02-26T10:30Z,2026-02-26T10:15Z,1,0,0,B95,EUR,A03,A02,1,MAW,MAW,A01,A01
procured_balancing_capacity,1,2026-02-26T10:30:00,PT15M,2026-02-26T10:45Z,2026-02-26T10:30Z,1,0,0,B95,EUR,A03,A02,1,MAW,MAW,A01,A01
procured_balancing_capacity,1,2026-02-26T10:45:00,PT15M,2026-02-26T11:00Z,2026-02-26T10:45Z,1,0,0,B95,EUR,A03,A02,1,MAW,MAW,A01,A01
procured_balancing_capacity,1,2026-02-26T11:00:00,PT15M,2026-02-26T11:15Z,2026-02-26T11:00Z,1,0,0,B95,EUR,A03,A02,1,MAW,MAW,A01,A01
procured_balancing_capacity,1,2026-02-26T11:15:00,PT15M,2026-02-26T11:30Z,2026-02-26T11:15Z,1,0,0,B95,EUR,A03,A02,1,MAW,MAW,A01,A01
procured_balancing_capacity,1,2026-02-26T11:30:00,PT15M,2026-02-26T11:45Z,2026-02-26T11:30Z,1,0,0,B95,EUR,A03,A02,1,MAW,MAW,A01,A01
procured_balancing_capacity,1,2026-02-26T11:45:00,PT15M,2026-02-26T12:00Z,2026-02-26T11:45Z,1,0,0,B95,EUR,A03,A02,1,MAW,MAW,A01,A01
procured_balancing_capacity,1,2026-02-26T12:00:00,PT15M,2026-02-26T12:15Z,2026-02-26T12:00Z,1,0,0,B95,EUR,A03,A02,1,MAW,MAW,A01,A01
procured_balancing_capacity,1,2026-02-26T12:15:00,PT15M,2026-02-26T12:30Z,2026-02-26T12:15Z,1,0,0,B95,EUR,A03,A02,1,MAW,MAW,A01,A01
procured_balancing_capacity,1,2026-02-26T12:30:00,PT15M,2026-02-26T12:45Z,2026-02-26T12:30Z,1,0,0,B95,EUR,A03,A02,1,MAW,MAW,A01,A01
procured_balancing_capacity,1,2026-02-26T12:45:00,PT15M,2026-02-26T13:00Z,2026-02-26T12:45Z,1,0,0,B95,EUR,A03,A02,1,MAW,MAW,A01,A01
procured_balancing_capacity,1,2026-02-26T13:00:00,PT15M,2026-02-26T13:15Z,2026-02-26T13:00Z,1,0,0,B95,EUR,A03,A02,1,MAW,MAW,A01,A01
procured_balancing_capacity,1,2026-02-26T13:15:00,PT15M,2026-02-26T13:30Z,2026-02-26T13:15Z,1,0,0,B95,EUR,A03,A02,1,MAW,MAW,A01,A01
procured_balancing_capacity,1,2026-02-26T13:30:00,PT15M,2026-02-26T13:45Z,2026-02-26T13:30Z,1,0,0,B95,EUR,A03,A02,1,MAW,MAW,A01,A01
procured_balancing_capacity,1,2026-02-26T13:45:00,PT15M,2026-02-26T14:00Z,2026-02-26T13:45Z,1,0,0,B95,EUR,A03,A02,1,MAW,MAW,A01,A01
procured_balancing_capacity,1,2026-02-26T14:00:00,PT15M,2026-02-26T14:15Z,2026-02-26T14:00Z,1,10.7,1,B95,EUR,A03,A02,1,MAW,MAW,A01,A01
procured_balancing_capacity,1,2026-02-26T14:15:00,PT15M,2026-02-26T14:30Z,2026-02-26T14:15Z,1,10.7,1,B95,EUR,A03,A02,1,MAW,MAW,A01,A01
procured_balancing_capacity,1,2026-02-26T14:30:00,PT15M,2026-02-26T14:45Z,2026-02-26T14:30Z,1,10.7,1,B95,EUR,A03,A02,1,MAW,MAW,A01,A01
procured_balancing_capacity,1,2026-02-26T14:45:00,PT15M,2026-02-26T15:00Z,2026-02-26T14:45Z,1,10.7,1,B95,EUR,A03,A02,1,MAW,MAW,A01,A01
procured_balancing_capacity,1,2026-02-26T15:00:00,PT15M,2026-02-26T15:15Z,2026-02-26T15:00Z,1,10.7,1,B95,EUR,A03,A02,1,MAW,MAW,A01,A01
procured_balancing_capacity,1,2026-02-26T15:15:00,PT15M,2026-02-26T15:30Z,2026-02-26T15:15Z,1,10.7,1,B95,EUR,A03,A02,1,MAW,MAW,A01,A01
procured_balancing_capacity,1,2026-02-26T15:30:00,PT15M,2026-02-26T15:45Z,2026-02-26T15:30Z,1,10.7,1,B95,EUR,A03,A02,1,MAW,MAW,A01,A01
procured_balancing_capacity,1,2026-02-26T15:45:00,PT15M,2026-02-26T16:00Z,2026-02-26T15:45Z,1,10.7,1,B95,EUR,A03,A02,1,MAW,MAW,A01,A01
procured_balancing_capacity,1,2026-02-26T16:00:00,PT15M,2026-02-26T16:15Z,2026-02-26T16:00Z,1,10.7,1,B95,EUR,A03,A02,1,MAW,MAW,A01,A01
procured_balancing_capacity,1,2026-02-26T16:15:00,PT15M,2026-02-26T16:30Z,2026-02-26T16:15Z,1,10.7,1,B95,EUR,A03,A02,1,MAW,MAW,A01,A01
procured_balancing_capacity,1,2026-02-26T16:30:00,PT15M,2026-02-26T16:45Z,2026-02-26T16:30Z,1,10.7,1,B95,EUR,A03,A02,1,MAW,MAW,A01,A01
procured_balancing_capacity,1,2026-02-26T16:45:00,PT15M,2026-02-26T17:00Z,2026-02-26T16:45Z,1,10.7,1,B95,EUR,A03,A02,1,MAW,MAW,A01,A01
procured_balancing_capacity,1,2026-02-26T17:00:00,PT15M,2026-02-26T17:15Z,2026-02-26T17:00Z,1,10.7,1,B95,EUR,A03,A02,1,MAW,MAW,A01,A01
procured_balancing_capacity,1,2026-02-26T17:15:00,PT15M,2026-02-26T17:30Z,2026-02-26T17:15Z,1,10.7,1,B95,EUR,A03,A02,1,MAW,MAW,A01,A01
procured_balancing_capacity,1,2026-02-26T17:30:00,PT15M,2026-02-26T17:45Z,2026-02-26T17:30Z,1,10.7,1,B95,EUR,A03,A02,1,MAW,MAW,A01,A01
procured_balancing_capacity,1,2026-02-26T17:45:00,PT15M,2026-02-26T18:00Z,2026-02-26T17:45Z,1,10.7,1,B95,EUR,A03,A02,1,MAW,MAW,A01,A01
procured_balancing_capacity,1,2026-02-26T18:00:00,PT15M,2026-02-26T18:15Z,2026-02-26T18:00Z,1,10.7,1,B95,EUR,A03,A02,1,MAW,MAW,A01,A01
procured_balancing_capacity,1,2026-02-26T18:15:00,PT15M,2026-02-26T18:30Z,2026-02-26T18:15Z,1,10.7,1,B95,EUR,A03,A02,1,MAW,MAW,A01,A01
procured_balancing_capacity,1,2026-02-26T18:30:00,PT15M,2026-02-26T18:45Z,2026-02-26T18:30Z,1,10.7,1,B95,EUR,A03,A02,1,MAW,MAW,A01,A01
procured_balancing_capacity,1,2026-02-26T18:45:00,PT15M,2026-02-26T19:00Z,2026-02-26T18:45Z,1,10.7,1,B95,EUR,A03,A02,1,MAW,MAW,A01,A01
procured_balancing_capacity,1,2026-02-26T19:00:00,PT15M,2026-02-26T19:15Z,2026-02-26T19:00Z,1,10.7,1,B95,EUR,A03,A02,1,MAW,MAW,A01,A01
procured_balancing_capacity,1,2026-02-26T19:15:00,PT15M,2026-02-26T19:30Z,2026-02-26T19:15Z,1,10.7,1,B95,EUR,A03,A02,1,MAW,MAW,A01,A01
procured_balancing_capacity,1,2026-02-26T19:30:00,PT15M,2026-02-26T19:45Z,2026-02-26T19:30Z,1,10.7,1,B95,EUR,A03,A02,1,MAW,MAW,A01,A01
procured_balancing_capacity,1,2026-02-26T19:45:00,PT15M,2026-02-26T20:00Z,2026-02-26T19:45Z,1,10.7,1,B95,EUR,A03,A02,1,MAW,MAW,A01,A01
procured_balancing_capacity,1,2026-02-26T20:00:00,PT15M,2026-02-26T20:15Z,2026-02-26T20:00Z,1,10.7,1,B95,EUR,A03,A02,1,MAW,MAW,A01,A01
procured_balancing_capacity,1,2026-02-26T20:15:00,PT15M,2026-02-26T20:30Z,2026-02-26T20:15Z,1,10.7,1,B95,EUR,A03,A02,1,MAW,MAW,A01,A01
procured_balancing_capacity,1,2026-02-26T20:30:00,PT15M,2026-02-26T20:45Z,2026-02-26T20:30Z,1,10.7,1,B95,EUR,A03,A02,1,MAW,MAW,A01,A01
procured_balancing_capacity,1,2026-02-26T20:45:00,PT15M,2026-02-26T21:00Z,2026-02-26T20:45Z,1,10.7,1,B95,EUR,A03,A02,1,MAW,MAW,A01,A01
procured_balancing_capacity,1,2026-02-26T21:00:00,PT15M,2026-02-26T21:15Z,2026-02-26T21:00Z,1,0,0,B95,EUR,A03,A02,1,MAW,MAW,A01,A01
procured_balancing_capacity,1,2026-02-26T21:15:00,PT15M,2026-02-26T21:30Z,2026-02-26T21:15Z,1,0,0,B95,EUR,A03,A02,1,MAW,MAW,A01,A01
procured_balancing_capacity,1,2026-02-26T21:30:00,PT15M,2026-02-26T21:45Z,2026-02-26T21:30Z,1,0,0,B95,EUR,A03,A02,1,MAW,MAW,A01,A01
procured_balancing_capacity,1,2026-02-26T21:45:00,PT15M,2026-02-26T22:00Z,2026-02-26T21:45Z,1,0,0,B95,EUR,A03,A02,1,MAW,MAW,A01,A01
procured_balancing_capacity,1,2026-02-26T22:00:00,PT15M,2026-02-26T22:15Z,2026-02-26T22:00Z,1,0,0,B95,EUR,A03,A02,1,MAW,MAW,A01,A01
procured_balancing_capacity,1,2026-02-26T22:15:00,PT15M,2026-02-26T22:30Z,2026-02-26T22:15Z,1,0,0,B95,EUR,A03,A02,1,MAW,MAW,A01,A01
procured_balancing_capacity,1,2026-02-26T22:30:00,PT15M,2026-02-26T22:45Z,2026-02-26T22:30Z,1,0,0,B95,EUR,A03,A02,1,MAW,MAW,A01,A01
procured_balancing_capacity,1,2026-02-26T22:45:00,PT15M,2026-02-26T23:00Z,2026-02-26T22:45Z,1,0,0,B95,EUR,A03,A02,1,MAW,MAW,A01,A01
procured_balancing_capacity,2,2026-02-25T23:00:00,PT15M,2026-02-25T23:15Z,2026-02-25T23:00Z,1,30.4,4,B95,EUR,A03,A01,2,MAW,MAW,A01,A01
procured_balancing_capacity,2,2026-02-25T23:15:00,PT15M,2026-02-25T23:30Z,2026-02-25T23:15Z,1,30.4,4,B95,EUR,A03,A01,2,MAW,MAW,A01,A01
procured_balancing_capacity,2,2026-02-25T23:30:00,PT15M,2026-02-25T23:45Z,2026-02-25T23:30Z,1,30.4,4,B95,EUR,A03,A01,2,MAW,MAW,A01,A01
procured_balancing_capacity,2,2026-02-25T23:45:00,PT15M,2026-02-26T00:00Z,2026-02-25T23:45Z,1,30.4,4,B95,EUR,A03,A01,2,MAW,MAW,A01,A01
procured_balancing_capacity,2,2026-02-26T00:00:00,PT15M,2026-02-26T00:15Z,2026-02-26T00:00Z,1,30.4,4,B95,EUR,A03,A01,2,MAW,MAW,A01,A01
procured_balancing_capacity,2,2026-02-26T00:15:00,PT15M,2026-02-26T00:30Z,2026-02-26T00:15Z,1,30.4,4,B95,EUR,A03,A01,2,MAW,MAW,A01,A01
procured_balancing_capacity,2,2026-02-26T00:30:00,PT15M,2026-02-26T00:45Z,2026-02-26T00:30Z,1,30.4,4,B95,EUR,A03,A01,2,MAW,MAW,A01,A01
procured_balancing_capacity,2,2026-02-26T00:45:00,PT15M,2026-02-26T01:00Z,2026-02-26T00:45Z,1,30.4,4,B95,EUR,A03,A01,2,MAW,MAW,A01,A01
procured_balancing_capacity,2,2026-02-26T01:00:00,PT15M,2026-02-26T01:15Z,2026-02-26T01:00Z,1,30.4,4,B95,EUR,A03,A01,2,MAW,MAW,A01,A01
procured_balancing_capacity,2,2026-02-26T01:15:00,PT15M,2026-02-26T01:30Z,2026-02-26T01:15Z,1,30.4,4,B95,EUR,A03,A01,2,MAW,MAW,A01,A01
procured_balancing_capacity,2,2026-02-26T01:30:00,PT15M,2026-02-26T01:45Z,2026-02-26T01:30Z,1,30.4,4,B95,EUR,A03,A01,2,MAW,MAW,A01,A01
procured_balancing_capacity,2,2026-02-26T01:45:00,PT15M,2026-02-26T02:00Z,2026-02-26T01:45Z,1,30.4,4,B95,EUR,A03,A01,2,MAW,MAW,A01,A01
procured_balancing_capacity,2,2026-02-26T02:00:00,PT15M,2026-02-26T02:15Z,2026-02-26T02:00Z,1,30.4,4,B95,EUR,A03,A01,2,MAW,MAW,A01,A01
procured_balancing_capacity,2,2026-02-26T02:15:00,PT15M,2026-02-26T02:30Z,2026-02-26T02:15Z,1,30.4,4,B95,EUR,A03,A01,2,MAW,MAW,A01,A01
procured_balancing_capacity,2,2026-02-26T02:30:00,PT15M,2026-02-26T02:45Z,2026-02-26T02:30Z,1,30.4,4,B95,EUR,A03,A01,2,MAW,MAW,A01,A01
procured_balancing_capacity,2,2026-02-26T02:45:00,PT15M,2026-02-26T03:00Z,2026-02-26T02:45Z,1,30.4,4,B95,EUR,A03,A01,2,MAW,MAW,A01,A01
procured_balancing_capacity,2,2026-02-26T03:00:00,PT15M,2026-02-26T03:15Z,2026-02-26T03:00Z,1,30.4,3,B95,EUR,A03,A01,2,MAW,MAW,A01,A01
procured_balancing_capacity,2,2026-02-26T03:15:00,PT15M,2026-02-26T03:30Z,2026-02-26T03:15Z,1,30.4,3,B95,EUR,A03,A01,2,MAW,MAW,A01,A01
procured_balancing_capacity,2,2026-02-26T03:30:00,PT15M,2026-02-26T03:45Z,2026-02-26T03:30Z,1,30.4,3,B95,EUR,A03,A01,2,MAW,MAW,A01,A01
procured_balancing_capacity,2,2026-02-26T03:45:00,PT15M,2026-02-26T04:00Z,2026-02-26T03:45Z,1,30.4,3,B95,EUR,A03,A01,2,MAW,MAW,A01,A01
procured_balancing_capacity,2,2026-02-26T04:00:00,PT15M,2026-02-26T04:15Z,2026-02-26T04:00Z,1,30.4,2,B95,EUR,A03,A01,2,MAW,MAW,A01,A01
procured_balancing_capacity,2,2026-02-26T04:15:00,PT15M,2026-02-26T04:30Z,2026-02-26T04:15Z,1,30.4,2,B95,EUR,A03,A01,2,MAW,MAW,A01,A01
procured_balancing_capacity,2,2026-02-26T04:30:00,PT15M,2026-02-26T04:45Z,2026-02-26T04:30Z,1,30.4,2,B95,EUR,A03,A01,2,MAW,MAW,A01,A01
procured_balancing_capacity,2,2026-02-26T04:45:00,PT15M,2026-02-26T05:00Z,2026-02-26T04:45Z,1,30.4,2,B95,EUR,A03,A01,2,MAW,MAW,A01,A01
procured_balancing_capacity,2,2026-02-26T05:00:00,PT15M,2026-02-26T05:15Z,2026-02-26T05:00Z,1,33.4,2,B95,EUR,A03,A01,2,MAW,MAW,A01,A01
procured_balancing_capacity,2,2026-02-26T05:15:00,PT15M,2026-02-26T05:30Z,2026-02-26T05:15Z,1,33.4,2,B95,EUR,A03,A01,2,MAW,MAW,A01,A01
procured_balancing_capacity,2,2026-02-26T05:30:00,PT15M,2026-02-26T05:45Z,2026-02-26T05:30Z,1,33.4,2,B95,EUR,A03,A01,2,MAW,MAW,A01,A01
procured_balancing_capacity,2,2026-02-26T05:45:00,PT15M,2026-02-26T06:00Z,2026-02-26T05:45Z,1,33.4,2,B95,EUR,A03,A01,2,MAW,MAW,A01,A01
procured_balancing_capacity,2,2026-02-26T06:00:00,PT15M,2026-02-26T06:15Z,2026-02-26T06:00Z,1,33.4,2,B95,EUR,A03,A01,2,MAW,MAW,A01,A01
procured_balancing_capacity,2,2026-02-26T06:15:00,PT15M,2026-02-26T06:30Z,2026-02-26T06:15Z,1,33.4,2,B95,EUR,A03,A01,2,MAW,MAW,A01,A01
procured_balancing_capacity,2,2026-02-26T06:30:00,PT15M,2026-02-26T06:45Z,2026-02-26T06:30Z,1,33.4,2,B95,EUR,A03,A01,2,MAW,MAW,A01,A01
procured_balancing_capacity,2,2026-02-26T06:45:00,PT15M,2026-02-26T07:00Z,2026-02-26T06:45Z,1,33.4,2,B95,EUR,A03,A01,2,MAW,MAW,A01,A01
procured_balancing_capacity,2,2026-02-26T07:00:00,PT15M,2026-02-26T07:15Z,2026-02-26T07:00Z,1,33.4,2,B95,EUR,A03,A01,2,MAW,MAW,A01,A01
procured_balancing_capacity,2,2026-02-26T07:15:00,PT15M,2026-02-26T07:30Z,2026-02-26T07:15Z,1,33.4,2,B95,EUR,A03,A01,2,MAW,MAW,A01,A01
procured_balancing_capacity,2,2026-02-26T07:30:00,PT15M,2026-02-26T07:45Z,2026-02-26T07:30Z,1,33.4,2,B95,EUR,A03,A01,2,MAW,MAW,A01,A01
procured_balancing_capacity,2,2026-02-26T07:45:00,PT15M,2026-02-26T08:00Z,2026-02-26T07:45Z,1,33.4,2,B95,EUR,A03,A01,2,MAW,MAW,A01,A01
procured_balancing_capacity,2,2026-02-26T08:00:00,PT15M,2026-02-26T08:15Z,2026-02-26T08:00Z,1,33.4,0,B95,EUR,A03,A01,2,MAW,MAW,A01,A01
procured_balancing_capacity,2,2026-02-26T08:15:00,PT15M,2026-02-26T08:30Z,2026-02-26T08:15Z,1,33.4,0,B95,EUR,A03,A01,2,MAW,MAW,A01,A01
procured_balancing_capacity,2,2026-02-26T08:30:00,PT15M,2026-02-26T08:45Z,2026-02-26T08:30Z,1,33.4,0,B95,EUR,A03,A01,2,MAW,MAW,A01,A01
procured_balancing_capacity,2,2026-02-26T08:45:00,PT15M,2026-02-26T09:00Z,2026-02-26T08:45Z,1,33.4,0,B95,EUR,A03,A01,2,MAW,MAW,A01,A01
procured_balancing_capacity,2,2026-02-26T09:00:00,PT15M,2026-02-26T09:15Z,2026-02-26T09:00Z,1,33.4,0,B95,EUR,A03,A01,2,MAW,MAW,A01,A01
procured_balancing_capacity,2,2026-02-26T09:15:00,PT15M,2026-02-26T09:30Z,2026-02-26T09:15Z,1,33.4,0,B95,EUR,A03,A01,2,MAW,MAW,A01,A01
procured_balancing_capacity,2,2026-02-26T09:30:00,PT15M,2026-02-26T09:45Z,2026-02-26T09:30Z,1,33.4,0,B95,EUR,A03,A01,2,MAW,MAW,A01,A01
procured_balancing_capacity,2,2026-02-26T09:45:00,PT15M,2026-02-26T10:00Z,2026-02-26T09:45Z,1,33.4,0,B95,EUR,A03,A01,2,MAW,MAW,A01,A01
procured_balancing_capacity,2,2026-02-26T10:00:00,PT15M,2026-02-26T10:15Z,2026-02-26T10:00Z,1,33.4,0,B95,EUR,A03,A01,2,MAW,MAW,A01,A01
procured_balancing_capacity,2,2026-02-26T10:15:00,PT15M,2026-02-26T10:30Z,2026-02-26T10:15Z,1,33.4,0,B95,EUR,A03,A01,2,MAW,MAW,A01,A01
procured_balancing_capacity,2,2026-02-26T10:30:00,PT15M,2026-02-26T10:45Z,2026-02-26T10:30Z,1,33.4,0,B95,EUR,A03,A01,2,MAW,MAW,A01,A01
procured_balancing_capacity,2,2026-02-26T10:45:00,PT15M,2026-02-26T11:00Z,2026-02-26T10:45Z,1,33.4,0,B95,EUR,A03,A01,2,MAW,MAW,A01,A01
procured_balancing_capacity,2,2026-02-26T11:00:00,PT15M,2026-02-26T11:15Z,2026-02-26T11:00Z,1,33.4,0,B95,EUR,A03,A01,2,MAW,MAW,A01,A01
procured_balancing_capacity,2,2026-02-26T11:15:00,PT15M,2026-02-26T11:30Z,2026-02-26T11:15Z,1,33.4,0,B95,EUR,A03,A01,2,MAW,MAW,A01,A01
procured_balancing_capacity,2,2026-02-26T11:30:00,PT15M,2026-02-26T11:45Z,2026-02-26T11:30Z,1,33.4,0,B95,EUR,A03,A01,2,MAW,MAW,A01,A01
procured_balancing_capacity,2,2026-02-26T11:45:00,PT15M,2026-02-26T12:00Z,2026-02-26T11:45Z,1,33.4,0,B95,EUR,A03,A01,2,MAW,MAW,A01,A01
procured_balancing_capacity,2,2026-02-26T12:00:00,PT15M,2026-02-26T12:15Z,2026-02-26T12:00Z,1,33.4,0,B95,EUR,A03,A01,2,MAW,MAW,A01,A01
procured_balancing_capacity,2,2026-02-26T12:15:00,PT15M,2026-02-26T12:30Z,2026-02-26T12:15Z,1,33.4,0,B95,EUR,A03,A01,2,MAW,MAW,A01,A01
procured_balancing_capacity,2,2026-02-26T12:30:00,PT15M,2026-02-26T12:45Z,2026-02-26T12:30Z,1,33.4,0,B95,EUR,A03,A01,2,MAW,MAW,A01,A01
procured_balancing_capacity,2,2026-02-26T12:45:00,PT15M,2026-02-26T13:00Z,2026-02-26T12:45Z,1,33.4,0,B95,EUR,A03,A01,2,MAW,MAW,A01,A01
procured_balancing_capacity,2,2026-02-26T13:00:00,PT15M,2026-02-26T13:15Z,2026-02-26T13:00Z,1,33.4,0,B95,EUR,A03,A01,2,MAW,MAW,A01,A01
procured_balancing_capacity,2,2026-02-26T13:15:00,PT15M,2026-02-26T13:30Z,2026-02-26T13:15Z,1,33.4,0,B95,EUR,A03,A01,2,MAW,MAW,A01,A01
procured_balancing_capacity,2,2026-02-26T13:30:00,PT15M,2026-02-26T13:45Z,2026-02-26T13:30Z,1,33.4,0,B95,EUR,A03,A01,2,MAW,MAW,A01,A01
procured_balancing_capacity,2,2026-02-26T13:45:00,PT15M,2026-02-26T14:00Z,2026-02-26T13:45Z,1,33.4,0,B95,EUR,A03,A01,2,MAW,MAW,A01,A01
procured_balancing_capacity,2,2026-02-26T14:00:00,PT15M,2026-02-26T14:15Z,2026-02-26T14:00Z,1,33.4,0,B95,EUR,A03,A01,2,MAW,MAW,A01,A01
procured_balancing_capacity,2,2026-02-26T14:15:00,PT15M,2026-02-26T14:30Z,2026-02-26T14:15Z,1,33.4,0,B95,EUR,A03,A01,2,MAW,MAW,A01,A01
procured_balancing_capacity,2,2026-02-26T14:30:00,PT15M,2026-02-26T14:45Z,2026-02-26T14:30Z,1,33.4,0,B95,EUR,A03,A01,2,MAW,MAW,A01,A01
procured_balancing_capacity,2,2026-02-26T14:45:00,PT15M,2026-02-26T15:00Z,2026-02-26T14:45Z,1,33.4,0,B95,EUR,A03,A01,2,MAW,MAW,A01,A01
procured_balancing_capacity,2,2026-02-26T15:00:00,PT15M,2026-02-26T15:15Z,2026-02-26T15:00Z,1,33.4,3,B95,EUR,A03,A01,2,MAW,MAW,A01,A01
procured_balancing_capacity,2,2026-02-26T15:15:00,PT15M,2026-02-26T15:30Z,2026-02-26T15:15Z,1,33.4,3,B95,EUR,A03,A01,2,MAW,MAW,A01,A01
procured_balancing_capacity,2,2026-02-26T15:30:00,PT15M,2026-02-26T15:45Z,2026-02-26T15:30Z,1,33.4,3,B95,EUR,A03,A01,2,MAW,MAW,A01,A01
procured_balancing_capacity,2,2026-02-26T15:45:00,PT15M,2026-02-26T16:00Z,2026-02-26T15:45Z,1,33.4,3,B95,EUR,A03,A01,2,MAW,MAW,A01,A01
procured_balancing_capacity,2,2026-02-26T16:00:00,PT15M,2026-02-26T16:15Z,2026-02-26T16:00Z,1,33.4,2,B95,EUR,A03,A01,2,MAW,MAW,A01,A01
procured_balancing_capacity,2,2026-02-26T16:15:00,PT15M,2026-02-26T16:30Z,2026-02-26T16:15Z,1,33.4,2,B95,EUR,A03,A01,2,MAW,MAW,A01,A01
procured_balancing_capacity,2,2026-02-26T16:30:00,PT15M,2026-02-26T16:45Z,2026-02-26T16:30Z,1,33.4,2,B95,EUR,A03,A01,2,MAW,MAW,A01,A01
procured_balancing_capacity,2,2026-02-26T16:45:00,PT15M,2026-02-26T17:00Z,2026-02-26T16:45Z,1,33.4,2,B95,EUR,A03,A01,2,MAW,MAW,A01,A01
procured_balancing_capacity,2,2026-02-26T17:00:00,PT15M,2026-02-26T17:15Z,2026-02-26T17:00Z,1,33.4,2,B95,EUR,A03,A01,2,MAW,MAW,A01,A01
procured_balancing_capacity,2,2026-02-26T17:15:00,PT15M,2026-02-26T17:30Z,2026-02-26T17:15Z,1,33.4,2,B95,EUR,A03,A01,2,MAW,MAW,A01,A01
procured_balancing_capacity,2,2026-02-26T17:30:00,PT15M,2026-02-26T17:45Z,2026-02-26T17:30Z,1,33.4,2,B95,EUR,A03,A01,2,MAW,MAW,A01,A01
procured_balancing_capacity,2,2026-02-26T17:45:00,PT15M,2026-02-26T18:00Z,2026-02-26T17:45Z,1,33.4,2,B95,EUR,A03,A01,2,MAW,MAW,A01,A01
procured_balancing_capacity,2,2026-02-26T18:00:00,PT15M,2026-02-26T18:15Z,2026-02-26T18:00Z,1,33.4,2,B95,EUR,A03,A01,2,MAW,MAW,A01,A01
procured_balancing_capacity,2,2026-02-26T18:15:00,PT15M,2026-02-26T18:30Z,2026-02-26T18:15Z,1,33.4,2,B95,EUR,A03,A01,2,MAW,MAW,A01,A01
procured_balancing_capacity,2,2026-02-26T18:30:00,PT15M,2026-02-26T18:45Z,2026-02-26T18:30Z,1,33.4,2,B95,EUR,A03,A01,2,MAW,MAW,A01,A01
procured_balancing_capacity,2,2026-02-26T18:45:00,PT15M,2026-02-26T19:00Z,2026-02-26T18:45Z,1,33.4,2,B95,EUR,A03,A01,2,MAW,MAW,A01,A01
procured_balancing_capacity,2,2026-02-26T19:00:00,PT15M,2026-02-26T19:15Z,2026-02-26T19:00Z,1,33.4,2,B95,EUR,A03,A01,2,MAW,MAW,A01,A01
procured_balancing_capacity,2,2026-02-26T19:15:00,PT15M,2026-02-26T19:30Z,2026-02-26T19:15Z,1,33.4,2,B95,EUR,A03,A01,2,MAW,MAW,A01,A01
procured_balancing_capacity,2,2026-02-26T19:30:00,PT15M,2026-02-26T19:45Z,2026-02-26T19:30Z,1,33.4,2,B95,EUR,A03,A01,2,MAW,MAW,A01,A01
procured_balancing_capacity,2,2026-02-26T19:45:00,PT15M,2026-02-26T20:00Z,2026-02-26T19:45Z,1,33.4,2,B95,EUR,A03,A01,2,MAW,MAW,A01,A01
procured_balancing_capacity,2,2026-02-26T20:00:00,PT15M,2026-02-26T20:15Z,2026-02-26T20:00Z,1,33.4,3,B95,EUR,A03,A01,2,MAW,MAW,A01,A01
procured_balancing_capacity,2,2026-02-26T20:15:00,PT15M,2026-02-26T20:30Z,2026-02-26T20:15Z,1,33.4,3,B95,EUR,A03,A01,2,MAW,MAW,A01,A01
procured_balancing_capacity,2,2026-02-26T20:30:00,PT15M,2026-02-26T20:45Z,2026-02-26T20:30Z,1,33.4,3,B95,EUR,A03,A01,2,MAW,MAW,A01,A01
procured_balancing_capacity,2,2026-02-26T20:45:00,PT15M,2026-02-26T21:00Z,2026-02-26T20:45Z,1,33.4,3,B95,EUR,A03,A01,2,MAW,MAW,A01,A01
procured_balancing_capacity,2,2026-02-26T21:00:00,PT15M,2026-02-26T21:15Z,2026-02-26T21:00Z,1,30.4,4,B95,EUR,A03,A01,2,MAW,MAW,A01,A01
procured_balancing_capacity,2,2026-02-26T21:15:00,PT15M,2026-02-26T21:30Z,2026-02-26T21:15Z,1,30.4,4,B95,EUR,A03,A01,2,MAW,MAW,A01,A01
procured_balancing_capacity,2,2026-02-26T21:30:00,PT15M,2026-02-26T21:45Z,2026-02-26T21:30Z,1,30.4,4,B95,EUR,A03,A01,2,MAW,MAW,A01,A01
procured_balancing_capacity,2,2026-02-26T21:45:00,PT15M,2026-02-26T22:00Z,2026-02-26T21:45Z,1,30.4,4,B95,EUR,A03,A01,2,MAW,MAW,A01,A01
procured_balancing_capacity,2,2026-02-26T22:00:00,PT15M,2026-02-26T22:15Z,2026-02-26T22:00Z,1,30.4,4,B95,EUR,A03,A01,2,MAW,MAW,A01,A01
procured_balancing_capacity,2,2026-02-26T22:15:00,PT15M,2026-02-26T22:30Z,2026-02-26T22:15Z,1,30.4,4,B95,EUR,A03,A01,2,MAW,MAW,A01,A01
procured_balancing_capacity,2,2026-02-26T22:30:00,PT15M,2026-02-26T22:45Z,2026-02-26T22:30Z,1,30.4,4,B95,EUR,A03,A01,2,MAW,MAW,A01,A01
procured_balancing_capacity,2,2026-02-26T22:45:00,PT15M,2026-02-26T23:00Z,2026-02-26T22:45Z,1,30.4,4,B95,EUR,A03,A01,2,MAW,MAW,A01,A01
procured_balancing_capacity,3,2026-02-25T23:00:00,PT15M,2026-02-25T23:15Z,2026-02-25T23:00Z,1,10.4,10,B95,EUR,A03,A02,3,MAW,MAW,A01,A01
procured_balancing_capacity,3,2026-02-25T23:15:00,PT15M,2026-02-25T23:30Z,2026-02-25T23:15Z,1,10.4,10,B95,EUR,A03,A02,3,MAW,MAW,A01,A01
procured_balancing_capacity,3,2026-02-25T23:30:00,PT15M,2026-02-25T23:45Z,2026-02-25T23:30Z,1,10.4,10,B95,EUR,A03,A02,3,MAW,MAW,A01,A01
procured_balancing_capacity,3,2026-02-25T23:45:00,PT15M,2026-02-26T00:00Z,2026-02-25T23:45Z,1,10.4,10,B95,EUR,A03,A02,3,MAW,MAW,A01,A01
procured_balancing_capacity,3,2026-02-26T00:00:00,PT15M,2026-02-26T00:15Z,2026-02-26T00:00Z,1,10.4,10,B95,EUR,A03,A02,3,MAW,MAW,A01,A01
procured_balancing_capacity,3,2026-02-26T00:15:00,PT15M,2026-02-26T00:30Z,2026-02-26T00:15Z,1,10.4,10,B95,EUR,A03,A02,3,MAW,MAW,A01,A01
procured_balancing_capacity,3,2026-02-26T00:30:00,PT15M,2026-02-26T00:45Z,2026-02-26T00:30Z,1,10.4,10,B95,EUR,A03,A02,3,MAW,MAW,A01,A01
procured_balancing_capacity,3,2026-02-26T00:45:00,PT15M,2026-02-26T01:00Z,2026-02-26T00:45Z,1,10.4,10,B95,EUR,A03,A02,3,MAW,MAW,A01,A01
procured_balancing_capacity,3,2026-02-26T01:00:00,PT15M,2026-02-26T01:15Z,2026-02-26T01:00Z,1,10.4,10,B95,EUR,A03,A02,3,MAW,MAW,A01,A01
procured_balancing_capacity,3,2026-02-26T01:15:00,PT15M,2026-02-26T01:30Z,2026-02-26T01:15Z,1,10.4,10,B95,EUR,A03,A02,3,MAW,MAW,A01,A01
procured_balancing_capacity,3,2026-02-26T01:30:00,PT15M,2026-02-26T01:45Z,2026-02-26T01:30Z,1,10.4,10,B95,EUR,A03,A02,3,MAW,MAW,A01,A01
procured_balancing_capacity,3,2026-02-26T01:45:00,PT15M,2026-02-26T02:00Z,2026-02-26T01:45Z,1,10.4,10,B95,EUR,A03,A02,3,MAW,MAW,A01,A01
procured_balancing_capacity,3,2026-02-26T02:00:00,PT15M,2026-02-26T02:15Z,2026-02-26T02:00Z,1,10.4,10,B95,EUR,A03,A02,3,MAW,MAW,A01,A01
procured_balancing_capacity,3,2026-02-26T02:15:00,PT15M,2026-02-26T02:30Z,2026-02-26T02:15Z,1,10.4,10,B95,EUR,A03,A02,3,MAW,MAW,A01,A01
procured_balancing_capacity,3,2026-02-26T02:30:00,PT15M,2026-02-26T02:45Z,2026-02-26T02:30Z,1,10.4,10,B95,EUR,A03,A02,3,MAW,MAW,A01,A01
procured_balancing_capacity,3,2026-02-26T02:45:00,PT15M,2026-02-26T03:00Z,2026-02-26T02:45Z,1,10.4,10,B95,EUR,A03,A02,3,MAW,MAW,A01,A01
procured_balancing_capacity,3,2026-02-26T03:00:00,PT15M,2026-02-26T03:15Z,2026-02-26T03:00Z,1,10.4,10,B95,EUR,A03,A02,3,MAW,MAW,A01,A01
procured_balancing_capacity,3,2026-02-26T03:15:00,PT15M,2026-02-26T03:30Z,2026-02-26T03:15Z,1,10.4,10,B95,EUR,A03,A02,3,MAW,MAW,A01,A01
procured_balancing_capacity,3,2026-02-26T03:30:00,PT15M,2026-02-26T03:45Z,2026-02-26T03:30Z,1,10.4,10,B95,EUR,A03,A02,3,MAW,MAW,A01,A01
procured_balancing_capacity,3,2026-02-26T03:45:00,PT15M,2026-02-26T04:00Z,2026-02-26T03:45Z,1,10.4,10,B95,EUR,A03,A02,3,MAW,MAW,A01,A01
procured_balancing_capacity,3,2026-02-26T04:00:00,PT15M,2026-02-26T04:15Z,2026-02-26T04:00Z,1,10.4,10,B95,EUR,A03,A02,3,MAW,MAW,A01,A01
procured_balancing_capacity,3,2026-02-26T04:15:00,PT15M,2026-02-26T04:30Z,2026-02-26T04:15Z,1,10.4,10,B95,EUR,A03,A02,3,MAW,MAW,A01,A01
procured_balancing_capacity,3,2026-02-26T04:30:00,PT15M,2026-02-26T04:45Z,2026-02-26T04:30Z,1,10.4,10,B95,EUR,A03,A02,3,MAW,MAW,A01,A01
procured_balancing_capacity,3,2026-02-26T04:45:00,PT15M,2026-02-26T05:00Z,2026-02-26T04:45Z,1,10.4,10,B95,EUR,A03,A02,3,MAW,MAW,A01,A01
procured_balancing_capacity,3,2026-02-26T05:00:00,PT15M,2026-02-26T05:15Z,2026-02-26T05:00Z,1,10.4,10,B95,EUR,A03,A02,3,MAW,MAW,A01,A01
procured_balancing_capacity,3,2026-02-26T05:15:00,PT15M,2026-02-26T05:30Z,2026-02-26T05:15Z,1,10.4,10,B95,EUR,A03,A02,3,MAW,MAW,A01,A01
procured_balancing_capacity,3,2026-02-26T05:30:00,PT15M,2026-02-26T05:45Z,2026-02-26T05:30Z,1,10.4,10,B95,EUR,A03,A02,3,MAW,MAW,A01,A01
procured_balancing_capacity,3,2026-02-26T05:45:00,PT15M,2026-02-26T06:00Z,2026-02-26T05:45Z,1,10.4,10,B95,EUR,A03,A02,3,MAW,MAW,A01,A01
procured_balancing_capacity,3,2026-02-26T06:00:00,PT15M,2026-02-26T06:15Z,2026-02-26T06:00Z,1,10.4,10,B95,EUR,A03,A02,3,MAW,MAW,A01,A01
procured_balancing_capacity,3,2026-02-26T06:15:00,PT15M,2026-02-26T06:30Z,2026-02-26T06:15Z,1,10.4,10,B95,EUR,A03,A02,3,MAW,MAW,A01,A01
procured_balancing_capacity,3,2026-02-26T06:30:00,PT15M,2026-02-26T06:45Z,2026-02-26T06:30Z,1,10.4,10,B95,EUR,A03,A02,3,MAW,MAW,A01,A01
procured_balancing_capacity,3,2026-02-26T06:45:00,PT15M,2026-02-26T07:00Z,2026-02-26T06:45Z,1,10.4,10,B95,EUR,A03,A02,3,MAW,MAW,A01,A01
procured_balancing_capacity,3,2026-02-26T07:00:00,PT15M,2026-02-26T07:15Z,2026-02-26T07:00Z,1,10.4,10,B95,EUR,A03,A02,3,MAW,MAW,A01,A01
procured_balancing_capacity,3,2026-02-26T07:15:00,PT15M,2026-02-26T07:30Z,2026-02-26T07:15Z,1,10.4,10,B95,EUR,A03,A02,3,MAW,MAW,A01,A01
procured_balancing_capacity,3,2026-02-26T07:30:00,PT15M,2026-02-26T07:45Z,2026-02-26T07:30Z,1,10.4,10,B95,EUR,A03,A02,3,MAW,MAW,A01,A01
procured_balancing_capacity,3,2026-02-26T07:45:00,PT15M,2026-02-26T08:00Z,2026-02-26T07:45Z,1,10.4,10,B95,EUR,A03,A02,3,MAW,MAW,A01,A01
procured_balancing_capacity,3,2026-02-26T08:00:00,PT15M,2026-02-26T08:15Z,2026-02-26T08:00Z,1,10.4,10,B95,EUR,A03,A02,3,MAW,MAW,A01,A01
procured_balancing_capacity,3,2026-02-26T08:15:00,PT15M,2026-02-26T08:30Z,2026-02-26T08:15Z,1,10.4,10,B95,EUR,A03,A02,3,MAW,MAW,A01,A01
procured_balancing_capacity,3,2026-02-26T08:30:00,PT15M,2026-02-26T08:45Z,2026-02-26T08:30Z,1,10.4,10,B95,EUR,A03,A02,3,MAW,MAW,A01,A01
procured_balancing_capacity,3,2026-02-26T08:45:00,PT15M,2026-02-26T09:00Z,2026-02-26T08:45Z,1,10.4,10,B95,EUR,A03,A02,3,MAW,MAW,A01,A01
procured_balancing_capacity,3,2026-02-26T09:00:00,PT15M,2026-02-26T09:15Z,2026-02-26T09:00Z,1,10.4,4,B95,EUR,A03,A02,3,MAW,MAW,A01,A01
procured_balancing_capacity,3,2026-02-26T09:15:00,PT15M,2026-02-26T09:30Z,2026-02-26T09:15Z,1,10.4,4,B95,EUR,A03,A02,3,MAW,MAW,A01,A01
procured_balancing_capacity,3,2026-02-26T09:30:00,PT15M,2026-02-26T09:45Z,2026-02-26T09:30Z,1,10.4,4,B95,EUR,A03,A02,3,MAW,MAW,A01,A01
procured_balancing_capacity,3,2026-02-26T09:45:00,PT15M,2026-02-26T10:00Z,2026-02-26T09:45Z,1,10.4,4,B95,EUR,A03,A02,3,MAW,MAW,A01,A01
procured_balancing_capacity,3,2026-02-26T10:00:00,PT15M,2026-02-26T10:15Z,2026-02-26T10:00Z,1,10.4,0,B95,EUR,A03,A02,3,MAW,MAW,A01,A01
procured_balancing_capacity,3,2026-02-26T10:15:00,PT15M,2026-02-26T10:30Z,2026-02-26T10:15Z,1,10.4,0,B95,EUR,A03,A02,3,MAW,MAW,A01,A01
procured_balancing_capacity,3,2026-02-26T10:30:00,PT15M,2026-02-26T10:45Z,2026-02-26T10:30Z,1,10.4,0,B95,EUR,A03,A02,3,MAW,MAW,A01,A01
procured_balancing_capacity,3,2026-02-26T10:45:00,PT15M,2026-02-26T11:00Z,2026-02-26T10:45Z,1,10.4,0,B95,EUR,A03,A02,3,MAW,MAW,A01,A01
procured_balancing_capacity,3,2026-02-26T11:00:00,PT15M,2026-02-26T11:15Z,2026-02-26T11:00Z,1,10.4,0,B95,EUR,A03,A02,3,MAW,MAW,A01,A01
procured_balancing_capacity,3,2026-02-26T11:15:00,PT15M,2026-02-26T11:30Z,2026-02-26T11:15Z,1,10.4,0,B95,EUR,A03,A02,3,MAW,MAW,A01,A01
procured_balancing_capacity,3,2026-02-26T11:30:00,PT15M,2026-02-26T11:45Z,2026-02-26T11:30Z,1,10.4,0,B95,EUR,A03,A02,3,MAW,MAW,A01,A01
procured_balancing_capacity,3,2026-02-26T11:45:00,PT15M,2026-02-26T12:00Z,2026-02-26T11:45Z,1,10.4,0,B95,EUR,A03,A02,3,MAW,MAW,A01,A01
procured_balancing_capacity,3,2026-02-26T12:00:00,PT15M,2026-02-26T12:15Z,2026-02-26T12:00Z,1,10.4,0,B95,EUR,A03,A02,3,MAW,MAW,A01,A01
procured_balancing_capacity,3,2026-02-26T12:15:00,PT15M,2026-02-26T12:30Z,2026-02-26T12:15Z,1,10.4,0,B95,EUR,A03,A02,3,MAW,MAW,A01,A01
procured_balancing_capacity,3,2026-02-26T12:30:00,PT15M,2026-02-26T12:45Z,2026-02-26T12:30Z,1,10.4,0,B95,EUR,A03,A02,3,MAW,MAW,A01,A01
procured_balancing_capacity,3,2026-02-26T12:45:00,PT15M,2026-02-26T13:00Z,2026-02-26T12:45Z,1,10.4,0,B95,EUR,A03,A02,3,MAW,MAW,A01,A01
procured_balancing_capacity,3,2026-02-26T13:00:00,PT15M,2026-02-26T13:15Z,2026-02-26T13:00Z,1,10.4,0,B95,EUR,A03,A02,3,MAW,MAW,A01,A01
procured_balancing_capacity,3,2026-02-26T13:15:00,PT15M,2026-02-26T13:30Z,2026-02-26T13:15Z,1,10.4,0,B95,EUR,A03,A02,3,MAW,MAW,A01,A01
procured_balancing_capacity,3,2026-02-26T13:30:00,PT15M,2026-02-26T13:45Z,2026-02-26T13:30Z,1,10.4,0,B95,EUR,A03,A02,3,MAW,MAW,A01,A01
procured_balancing_capacity,3,2026-02-26T13:45:00,PT15M,2026-02-26T14:00Z,2026-02-26T13:45Z,1,10.4,0,B95,EUR,A03,A02,3,MAW,MAW,A01,A01
procured_balancing_capacity,3,2026-02-26T14:00:00,PT15M,2026-02-26T14:15Z,2026-02-26T14:00Z,1,10.4,8,B95,EUR,A03,A02,3,MAW,MAW,A01,A01
procured_balancing_capacity,3,2026-02-26T14:15:00,PT15M,2026-02-26T14:30Z,2026-02-26T14:15Z,1,10.4,8,B95,EUR,A03,A02,3,MAW,MAW,A01,A01
procured_balancing_capacity,3,2026-02-26T14:30:00,PT15M,2026-02-26T14:45Z,2026-02-26T14:30Z,1,10.4,8,B95,EUR,A03,A02,3,MAW,MAW,A01,A01
procured_balancing_capacity,3,2026-02-26T14:45:00,PT15M,2026-02-26T15:00Z,2026-02-26T14:45Z,1,10.4,8,B95,EUR,A03,A02,3,MAW,MAW,A01,A01
procured_balancing_capacity,3,2026-02-26T15:00:00,PT15M,2026-02-26T15:15Z,2026-02-26T15:00Z,1,10.4,10,B95,EUR,A03,A02,3,MAW,MAW,A01,A01
procured_balancing_capacity,3,2026-02-26T15:15:00,PT15M,2026-02-26T15:30Z,2026-02-26T15:15Z,1,10.4,10,B95,EUR,A03,A02,3,MAW,MAW,A01,A01
procured_balancing_capacity,3,2026-02-26T15:30:00,PT15M,2026-02-26T15:45Z,2026-02-26T15:30Z,1,10.4,10,B95,EUR,A03,A02,3,MAW,MAW,A01,A01
procured_balancing_capacity,3,2026-02-26T15:45:00,PT15M,2026-02-26T16:00Z,2026-02-26T15:45Z,1,10.4,10,B95,EUR,A03,A02,3,MAW,MAW,A01,A01
procured_balancing_capacity,3,2026-02-26T16:00:00,PT15M,2026-02-26T16:15Z,2026-02-26T16:00Z,1,10.4,10,B95,EUR,A03,A02,3,MAW,MAW,A01,A01
procured_balancing_capacity,3,2026-02-26T16:15:00,PT15M,2026-02-26T16:30Z,2026-02-26T16:15Z,1,10.4,10,B95,EUR,A03,A02,3,MAW,MAW,A01,A01
procured_balancing_capacity,3,2026-02-26T16:30:00,PT15M,2026-02-26T16:45Z,2026-02-26T16:30Z,1,10.4,10,B95,EUR,A03,A02,3,MAW,MAW,A01,A01
procured_balancing_capacity,3,2026-02-26T16:45:00,PT15M,2026-02-26T17:00Z,2026-02-26T16:45Z,1,10.4,10,B95,EUR,A03,A02,3,MAW,MAW,A01,A01
procured_balancing_capacity,3,2026-02-26T17:00:00,PT15M,2026-02-26T17:15Z,2026-02-26T17:00Z,1,10.4,10,B95,EUR,A03,A02,3,MAW,MAW,A01,A01
procured_balancing_capacity,3,2026-02-26T17:15:00,PT15M,2026-02-26T17:30Z,2026-02-26T17:15Z,1,10.4,10,B95,EUR,A03,A02,3,MAW,MAW,A01,A01
procured_balancing_capacity,3,2026-02-26T17:30:00,PT15M,2026-02-26T17:45Z,2026-02-26T17:30Z,1,10.4,10,B95,EUR,A03,A02,3,MAW,MAW,A01,A01
procured_balancing_capacity,3,2026-02-26T17:45:00,PT15M,2026-02-26T18:00Z,2026-02-26T17:45Z,1,10.4,10,B95,EUR,A03,A02,3,MAW,MAW,A01,A01
procured_balancing_capacity,3,2026-02-26T18:00:00,PT15M,2026-02-26T18:15Z,2026-02-26T18:00Z,1,10.4,10,B95,EUR,A03,A02,3,MAW,MAW,A01,A01
procured_balancing_capacity,3,2026-02-26T18:15:00,PT15M,2026-02-26T18:30Z,2026-02-26T18:15Z,1,10.4,10,B95,EUR,A03,A02,3,MAW,MAW,A01,A01
procured_balancing_capacity,3,2026-02-26T18:30:00,PT15M,2026-02-26T18:45Z,2026-02-26T18:30Z,1,10.4,10,B95,EUR,A03,A02,3,MAW,MAW,A01,A01
procured_balancing_capacity,3,2026-02-26T18:45:00,PT15M,2026-02-26T19:00Z,2026-02-26T18:45Z,1,10.4,10,B95,EUR,A03,A02,3,MAW,MAW,A01,A01
procured_balancing_capacity,3,2026-02-26T19:00:00,PT15M,2026-02-26T19:15Z,2026-02-26T19:00Z,1,10.4,10,B95,EUR,A03,A02,3,MAW,MAW,A01,A01
procured_balancing_capacity,3,2026-02-26T19:15:00,PT15M,2026-02-26T19:30Z,2026-02-26T19:15Z,1,10.4,10,B95,EUR,A03,A02,3,MAW,MAW,A01,A01
procured_balancing_capacity,3,2026-02-26T19:30:00,PT15M,2026-02-26T19:45Z,2026-02-26T19:30Z,1,10.4,10,B95,EUR,A03,A02,3,MAW,MAW,A01,A01
procured_balancing_capacity,3,2026-02-26T19:45:00,PT15M,2026-02-26T20:00Z,2026-02-26T19:45Z,1,10.4,10,B95,EUR,A03,A02,3,MAW,MAW,A01,A01
procured_balancing_capacity,3,2026-02-26T20:00:00,PT15M,2026-02-26T20:15Z,2026-02-26T20:00Z,1,10.4,10,B95,EUR,A03,A02,3,MAW,MAW,A01,A01
procured_balancing_capacity,3,2026-02-26T20:15:00,PT15M,2026-02-26T20:30Z,2026-02-26T20:15Z,1,10.4,10,B95,EUR,A03,A02,3,MAW,MAW,A01,A01
procured_balancing_capacity,3,2026-02-26T20:30:00,PT15M,2026-02-26T20:45Z,2026-02-26T20:30Z,1,10.4,10,B95,EUR,A03,A02,3,MAW,MAW,A01,A01
procured_balancing_capacity,3,2026-02-26T20:45:00,PT15M,2026-02-26T21:00Z,2026-02-26T20:45Z,1,10.4,10,B95,EUR,A03,A02,3,MAW,MAW,A01,A01
procured_balancing_capacity,3,2026-02-26T21:00:00,PT15M,2026-02-26T21:15Z,2026-02-26T21:00Z,1,10.4,10,B95,EUR,A03,A02,3,MAW,MAW,A01,A01
procured_balancing_capacity,3,2026-02-26T21:15:00,PT15M,2026-02-26T21:30Z,2026-02-26T21:15Z,1,10.4,10,B95,EUR,A03,A02,3,MAW,MAW,A01,A01
procured_balancing_capacity,3,2026-02-26T21:30:00,PT15M,2026-02-26T21:45Z,2026-02-26T21:30Z,1,10.4,10,B95,EUR,A03,A02,3,MAW,MAW,A01,A01
procured_balancing_capacity,3,2026-02-26T21:45:00,PT15M,2026-02-26T22:00Z,2026-02-26T21:45Z,1,10.4,10,B95,EUR,A03,A02,3,MAW,MAW,A01,A01
procured_balancing_capacity,3,2026-02-26T22:00:00,PT15M,2026-02-26T22:15Z,2026-02-26T22:00Z,1,10.4,10,B95,EUR,A03,A02,3,MAW,MAW,A01,A01
procured_balancing_capacity,3,2026-02-26T22:15:00,PT15M,2026-02-26T22:30Z,2026-02-26T22:15Z,1,10.4,10,B95,EUR,A03,A02,3,MAW,MAW,A01,A01
procured_balancing_capacity,3,2026-02-26T22:30:00,PT15M,2026-02-26T22:45Z,2026-02-26T22:30Z,1,10.4,10,B95,EUR,A03,A02,3,MAW,MAW,A01,A01
procured_balancing_capacity,3,2026-02-26T22:45:00,PT15M,2026-02-26T23:00Z,2026-02-26T22:45Z,1,10.4,10,B95,EUR,A03,A02,3,MAW,MAW,A01,A01
procured_balancing_capacity,4,2026-02-25T23:00:00,PT15M,2026-02-25T23:15Z,2026-02-25T23:00Z,1,0,0,B95,EUR,A03,A01,4,MAW,MAW,A01,A01
procured_balancing_capacity,4,2026-02-25T23:15:00,PT15M,2026-02-25T23:30Z,2026-02-25T23:15Z,1,0,0,B95,EUR,A03,A01,4,MAW,MAW,A01,A01
procured_balancing_capacity,4,2026-02-25T23:30:00,PT15M,2026-02-25T23:45Z,2026-02-25T23:30Z,1,0,0,B95,EUR,A03,A01,4,MAW,MAW,A01,A01
procured_balancing_capacity,4,2026-02-25T23:45:00,PT15M,2026-02-26T00:00Z,2026-02-25T23:45Z,1,0,0,B95,EUR,A03,A01,4,MAW,MAW,A01,A01
procured_balancing_capacity,4,2026-02-26T00:00:00,PT15M,2026-02-26T00:15Z,2026-02-26T00:00Z,1,0,0,B95,EUR,A03,A01,4,MAW,MAW,A01,A01
procured_balancing_capacity,4,2026-02-26T00:15:00,PT15M,2026-02-26T00:30Z,2026-02-26T00:15Z,1,0,0,B95,EUR,A03,A01,4,MAW,MAW,A01,A01
procured_balancing_capacity,4,2026-02-26T00:30:00,PT15M,2026-02-26T00:45Z,2026-02-26T00:30Z,1,0,0,B95,EUR,A03,A01,4,MAW,MAW,A01,A01
procured_balancing_capacity,4,2026-02-26T00:45:00,PT15M,2026-02-26T01:00Z,2026-02-26T00:45Z,1,0,0,B95,EUR,A03,A01,4,MAW,MAW,A01,A01
procured_balancing_capacity,4,2026-02-26T01:00:00,PT15M,2026-02-26T01:15Z,2026-02-26T01:00Z,1,0,0,B95,EUR,A03,A01,4,MAW,MAW,A01,A01
procured_balancing_capacity,4,2026-02-26T01:15:00,PT15M,2026-02-26T01:30Z,2026-02-26T01:15Z,1,0,0,B95,EUR,A03,A01,4,MAW,MAW,A01,A01
procured_balancing_capacity,4,2026-02-26T01:30:00,PT15M,2026-02-26T01:45Z,2026-02-26T01:30Z,1,0,0,B95,EUR,A03,A01,4,MAW,MAW,A01,A01
procured_balancing_capacity,4,2026-02-26T01:45:00,PT15M,2026-02-26T02:00Z,2026-02-26T01:45Z,1,0,0,B95,EUR,A03,A01,4,MAW,MAW,A01,A01
procured_balancing_capacity,4,2026-02-26T02:00:00,PT15M,2026-02-26T02:15Z,2026-02-26T02:00Z,1,0,0,B95,EUR,A03,A01,4,MAW,MAW,A01,A01
procured_balancing_capacity,4,2026-02-26T02:15:00,PT15M,2026-02-26T02:30Z,2026-02-26T02:15Z,1,0,0,B95,EUR,A03,A01,4,MAW,MAW,A01,A01
procured_balancing_capacity,4,2026-02-26T02:30:00,PT15M,2026-02-26T02:45Z,2026-02-26T02:30Z,1,0,0,B95,EUR,A03,A01,4,MAW,MAW,A01,A01
procured_balancing_capacity,4,2026-02-26T02:45:00,PT15M,2026-02-26T03:00Z,2026-02-26T02:45Z,1,0,0,B95,EUR,A03,A01,4,MAW,MAW,A01,A01
procured_balancing_capacity,4,2026-02-26T03:00:00,PT15M,2026-02-26T03:15Z,2026-02-26T03:00Z,1,0,0,B95,EUR,A03,A01,4,MAW,MAW,A01,A01
procured_balancing_capacity,4,2026-02-26T03:15:00,PT15M,2026-02-26T03:30Z,2026-02-26T03:15Z,1,0,0,B95,EUR,A03,A01,4,MAW,MAW,A01,A01
procured_balancing_capacity,4,2026-02-26T03:30:00,PT15M,2026-02-26T03:45Z,2026-02-26T03:30Z,1,0,0,B95,EUR,A03,A01,4,MAW,MAW,A01,A01
procured_balancing_capacity,4,2026-02-26T03:45:00,PT15M,2026-02-26T04:00Z,2026-02-26T03:45Z,1,0,0,B95,EUR,A03,A01,4,MAW,MAW,A01,A01
procured_balancing_capacity,4,2026-02-26T04:00:00,PT15M,2026-02-26T04:15Z,2026-02-26T04:00Z,1,0,0,B95,EUR,A03,A01,4,MAW,MAW,A01,A01
procured_balancing_capacity,4,2026-02-26T04:15:00,PT15M,2026-02-26T04:30Z,2026-02-26T04:15Z,1,0,0,B95,EUR,A03,A01,4,MAW,MAW,A01,A01
procured_balancing_capacity,4,2026-02-26T04:30:00,PT15M,2026-02-26T04:45Z,2026-02-26T04:30Z,1,0,0,B95,EUR,A03,A01,4,MAW,MAW,A01,A01
procured_balancing_capacity,4,2026-02-26T04:45:00,PT15M,2026-02-26T05:00Z,2026-02-26T04:45Z,1,0,0,B95,EUR,A03,A01,4,MAW,MAW,A01,A01
procured_balancing_capacity,4,2026-02-26T05:00:00,PT15M,2026-02-26T05:15Z,2026-02-26T05:00Z,1,0,0,B95,EUR,A03,A01,4,MAW,MAW,A01,A01
procured_balancing_capacity,4,2026-02-26T05:15:00,PT15M,2026-02-26T05:30Z,2026-02-26T05:15Z,1,0,0,B95,EUR,A03,A01,4,MAW,MAW,A01,A01
procured_balancing_capacity,4,2026-02-26T05:30:00,PT15M,2026-02-26T05:45Z,2026-02-26T05:30Z,1,0,0,B95,EUR,A03,A01,4,MAW,MAW,A01,A01
procured_balancing_capacity,4,2026-02-26T05:45:00,PT15M,2026-02-26T06:00Z,2026-02-26T05:45Z,1,0,0,B95,EUR,A03,A01,4,MAW,MAW,A01,A01
procured_balancing_capacity,4,2026-02-26T06:00:00,PT15M,2026-02-26T06:15Z,2026-02-26T06:00Z,1,0,0,B95,EUR,A03,A01,4,MAW,MAW,A01,A01
procured_balancing_capacity,4,2026-02-26T06:15:00,PT15M,2026-02-26T06:30Z,2026-02-26T06:15Z,1,0,0,B95,EUR,A03,A01,4,MAW,MAW,A01,A01
procured_balancing_capacity,4,2026-02-26T06:30:00,PT15M,2026-02-26T06:45Z,2026-02-26T06:30Z,1,0,0,B95,EUR,A03,A01,4,MAW,MAW,A01,A01
procured_balancing_capacity,4,2026-02-26T06:45:00,PT15M,2026-02-26T07:00Z,2026-02-26T06:45Z,1,0,0,B95,EUR,A03,A01,4,MAW,MAW,A01,A01
procured_balancing_capacity,4,2026-02-26T07:00:00,PT15M,2026-02-26T07:15Z,2026-02-26T07:00Z,1,0,0,B95,EUR,A03,A01,4,MAW,MAW,A01,A01
procured_balancing_capacity,4,2026-02-26T07:15:00,PT15M,2026-02-26T07:30Z,2026-02-26T07:15Z,1,0,0,B95,EUR,A03,A01,4,MAW,MAW,A01,A01
procured_balancing_capacity,4,2026-02-26T07:30:00,PT15M,2026-02-26T07:45Z,2026-02-26T07:30Z,1,0,0,B95,EUR,A03,A01,4,MAW,MAW,A01,A01
procured_balancing_capacity,4,2026-02-26T07:45:00,PT15M,2026-02-26T08:00Z,2026-02-26T07:45Z,1,0,0,B95,EUR,A03,A01,4,MAW,MAW,A01,A01
procured_balancing_capacity,4,2026-02-26T08:00:00,PT15M,2026-02-26T08:15Z,2026-02-26T08:00Z,1,0,0,B95,EUR,A03,A01,4,MAW,MAW,A01,A01
procured_balancing_capacity,4,2026-02-26T08:15:00,PT15M,2026-02-26T08:30Z,2026-02-26T08:15Z,1,0,0,B95,EUR,A03,A01,4,MAW,MAW,A01,A01
procured_balancing_capacity,4,2026-02-26T08:30:00,PT15M,2026-02-26T08:45Z,2026-02-26T08:30Z,1,0,0,B95,EUR,A03,A01,4,MAW,MAW,A01,A01
procured_balancing_capacity,4,2026-02-26T08:45:00,PT15M,2026-02-26T09:00Z,2026-02-26T08:45Z,1,0,0,B95,EUR,A03,A01,4,MAW,MAW,A01,A01
procured_balancing_capacity,4,2026-02-26T09:00:00,PT15M,2026-02-26T09:15Z,2026-02-26T09:00Z,1,0,0,B95,EUR,A03,A01,4,MAW,MAW,A01,A01
procured_balancing_capacity,4,2026-02-26T09:15:00,PT15M,2026-02-26T09:30Z,2026-02-26T09:15Z,1,0,0,B95,EUR,A03,A01,4,MAW,MAW,A01,A01
procured_balancing_capacity,4,2026-02-26T09:30:00,PT15M,2026-02-26T09:45Z,2026-02-26T09:30Z,1,0,0,B95,EUR,A03,A01,4,MAW,MAW,A01,A01
procured_balancing_capacity,4,2026-02-26T09:45:00,PT15M,2026-02-26T10:00Z,2026-02-26T09:45Z,1,0,0,B95,EUR,A03,A01,4,MAW,MAW,A01,A01
procured_balancing_capacity,4,2026-02-26T10:00:00,PT15M,2026-02-26T10:15Z,2026-02-26T10:00Z,1,0,0,B95,EUR,A03,A01,4,MAW,MAW,A01,A01
procured_balancing_capacity,4,2026-02-26T10:15:00,PT15M,2026-02-26T10:30Z,2026-02-26T10:15Z,1,0,0,B95,EUR,A03,A01,4,MAW,MAW,A01,A01
procured_balancing_capacity,4,2026-02-26T10:30:00,PT15M,2026-02-26T10:45Z,2026-02-26T10:30Z,1,0,0,B95,EUR,A03,A01,4,MAW,MAW,A01,A01
procured_balancing_capacity,4,2026-02-26T10:45:00,PT15M,2026-02-26T11:00Z,2026-02-26T10:45Z,1,0,0,B95,EUR,A03,A01,4,MAW,MAW,A01,A01
procured_balancing_capacity,4,2026-02-26T11:00:00,PT15M,2026-02-26T11:15Z,2026-02-26T11:00Z,1,0,0,B95,EUR,A03,A01,4,MAW,MAW,A01,A01
procured_balancing_capacity,4,2026-02-26T11:15:00,PT15M,2026-02-26T11:30Z,2026-02-26T11:15Z,1,0,0,B95,EUR,A03,A01,4,MAW,MAW,A01,A01
procured_balancing_capacity,4,2026-02-26T11:30:00,PT15M,2026-02-26T11:45Z,2026-02-26T11:30Z,1,0,0,B95,EUR,A03,A01,4,MAW,MAW,A01,A01
procured_balancing_capacity,4,2026-02-26T11:45:00,PT15M,2026-02-26T12:00Z,2026-02-26T11:45Z,1,0,0,B95,EUR,A03,A01,4,MAW,MAW,A01,A01
procured_balancing_capacity,4,2026-02-26T12:00:00,PT15M,2026-02-26T12:15Z,2026-02-26T12:00Z,1,0,0,B95,EUR,A03,A01,4,MAW,MAW,A01,A01
procured_balancing_capacity,4,2026-02-26T12:15:00,PT15M,2026-02-26T12:30Z,2026-02-26T12:15Z,1,0,0,B95,EUR,A03,A01,4,MAW,MAW,A01,A01
procured_balancing_capacity,4,2026-02-26T12:30:00,PT15M,2026-02-26T12:45Z,2026-02-26T12:30Z,1,0,0,B95,EUR,A03,A01,4,MAW,MAW,A01,A01
procured_balancing_capacity,4,2026-02-26T12:45:00,PT15M,2026-02-26T13:00Z,2026-02-26T12:45Z,1,0,0,B95,EUR,A03,A01,4,MAW,MAW,A01,A01
procured_balancing_capacity,4,2026-02-26T13:00:00,PT15M,2026-02-26T13:15Z,2026-02-26T13:00Z,1,0,0,B95,EUR,A03,A01,4,MAW,MAW,A01,A01
procured_balancing_capacity,4,2026-02-26T13:15:00,PT15M,2026-02-26T13:30Z,2026-02-26T13:15Z,1,0,0,B95,EUR,A03,A01,4,MAW,MAW,A01,A01
procured_balancing_capacity,4,2026-02-26T13:30:00,PT15M,2026-02-26T13:45Z,2026-02-26T13:30Z,1,0,0,B95,EUR,A03,A01,4,MAW,MAW,A01,A01
procured_balancing_capacity,4,2026-02-26T13:45:00,PT15M,2026-02-26T14:00Z,2026-02-26T13:45Z,1,0,0,B95,EUR,A03,A01,4,MAW,MAW,A01,A01
procured_balancing_capacity,4,2026-02-26T14:00:00,PT15M,2026-02-26T14:15Z,2026-02-26T14:00Z,1,0,0,B95,EUR,A03,A01,4,MAW,MAW,A01,A01
procured_balancing_capacity,4,2026-02-26T14:15:00,PT15M,2026-02-26T14:30Z,2026-02-26T14:15Z,1,0,0,B95,EUR,A03,A01,4,MAW,MAW,A01,A01
procured_balancing_capacity,4,2026-02-26T14:30:00,PT15M,2026-02-26T14:45Z,2026-02-26T14:30Z,1,0,0,B95,EUR,A03,A01,4,MAW,MAW,A01,A01
procured_balancing_capacity,4,2026-02-26T14:45:00,PT15M,2026-02-26T15:00Z,2026-02-26T14:45Z,1,0,0,B95,EUR,A03,A01,4,MAW,MAW,A01,A01
procured_balancing_capacity,4,2026-02-26T15:00:00,PT15M,2026-02-26T15:15Z,2026-02-26T15:00Z,1,35.3,13,B95,EUR,A03,A01,4,MAW,MAW,A01,A01
procured_balancing_capacity,4,2026-02-26T15:15:00,PT15M,2026-02-26T15:30Z,2026-02-26T15:15Z,1,35.3,13,B95,EUR,A03,A01,4,MAW,MAW,A01,A01
procured_balancing_capacity,4,2026-02-26T15:30:00,PT15M,2026-02-26T15:45Z,2026-02-26T15:30Z,1,35.3,13,B95,EUR,A03,A01,4,MAW,MAW,A01,A01
procured_balancing_capacity,4,2026-02-26T15:45:00,PT15M,2026-02-26T16:00Z,2026-02-26T15:45Z,1,35.3,13,B95,EUR,A03,A01,4,MAW,MAW,A01,A01
procured_balancing_capacity,4,2026-02-26T16:00:00,PT15M,2026-02-26T16:15Z,2026-02-26T16:00Z,1,35.3,29,B95,EUR,A03,A01,4,MAW,MAW,A01,A01
procured_balancing_capacity,4,2026-02-26T16:15:00,PT15M,2026-02-26T16:30Z,2026-02-26T16:15Z,1,35.3,29,B95,EUR,A03,A01,4,MAW,MAW,A01,A01
procured_balancing_capacity,4,2026-02-26T16:30:00,PT15M,2026-02-26T16:45Z,2026-02-26T16:30Z,1,35.3,29,B95,EUR,A03,A01,4,MAW,MAW,A01,A01
procured_balancing_capacity,4,2026-02-26T16:45:00,PT15M,2026-02-26T17:00Z,2026-02-26T16:45Z,1,35.3,29,B95,EUR,A03,A01,4,MAW,MAW,A01,A01
procured_balancing_capacity,4,2026-02-26T17:00:00,PT15M,2026-02-26T17:15Z,2026-02-26T17:00Z,1,35.3,29,B95,EUR,A03,A01,4,MAW,MAW,A01,A01
procured_balancing_capacity,4,2026-02-26T17:15:00,PT15M,2026-02-26T17:30Z,2026-02-26T17:15Z,1,35.3,29,B95,EUR,A03,A01,4,MAW,MAW,A01,A01
procured_balancing_capacity,4,2026-02-26T17:30:00,PT15M,2026-02-26T17:45Z,2026-02-26T17:30Z,1,35.3,29,B95,EUR,A03,A01,4,MAW,MAW,A01,A01
procured_balancing_capacity,4,2026-02-26T17:45:00,PT15M,2026-02-26T18:00Z,2026-02-26T17:45Z,1,35.3,29,B95,EUR,A03,A01,4,MAW,MAW,A01,A01
procured_balancing_capacity,4,2026-02-26T18:00:00,PT15M,2026-02-26T18:15Z,2026-02-26T18:00Z,1,35.3,29,B95,EUR,A03,A01,4,MAW,MAW,A01,A01
procured_balancing_capacity,4,2026-02-26T18:15:00,PT15M,2026-02-26T18:30Z,2026-02-26T18:15Z,1,35.3,29,B95,EUR,A03,A01,4,MAW,MAW,A01,A01
procured_balancing_capacity,4,2026-02-26T18:30:00,PT15M,2026-02-26T18:45Z,2026-02-26T18:30Z,1,35.3,29,B95,EUR,A03,A01,4,MAW,MAW,A01,A01
procured_balancing_capacity,4,2026-02-26T18:45:00,PT15M,2026-02-26T19:00Z,2026-02-26T18:45Z,1,35.3,29,B95,EUR,A03,A01,4,MAW,MAW,A01,A01
procured_balancing_capacity,4,2026-02-26T19:00:00,PT15M,2026-02-26T19:15Z,2026-02-26T19:00Z,1,35.3,29,B95,EUR,A03,A01,4,MAW,MAW,A01,A01
procured_balancing_capacity,4,2026-02-26T19:15:00,PT15M,2026-02-26T19:30Z,2026-02-26T19:15Z,1,35.3,29,B95,EUR,A03,A01,4,MAW,MAW,A01,A01
procured_balancing_capacity,4,2026-02-26T19:30:00,PT15M,2026-02-26T19:45Z,2026-02-26T19:30Z,1,35.3,29,B95,EUR,A03,A01,4,MAW,MAW,A01,A01
procured_balancing_capacity,4,2026-02-26T19:45:00,PT15M,2026-02-26T20:00Z,2026-02-26T19:45Z,1,35.3,29,B95,EUR,A03,A01,4,MAW,MAW,A01,A01
procured_balancing_capacity,4,2026-02-26T20:00:00,PT15M,2026-02-26T20:15Z,2026-02-26T20:00Z,1,0,0,B95,EUR,A03,A01,4,MAW,MAW,A01,A01
procured_balancing_capacity,4,2026-02-26T20:15:00,PT15M,2026-02-26T20:30Z,2026-02-26T20:15Z,1,0,0,B95,EUR,A03,A01,4,MAW,MAW,A01,A01
procured_balancing_capacity,4,2026-02-26T20:30:00,PT15M,2026-02-26T20:45Z,2026-02-26T20:30Z,1,0,0,B95,EUR,A03,A01,4,MAW,MAW,A01,A01
procured_balancing_capacity,4,2026-02-26T20:45:00,PT15M,2026-02-26T21:00Z,2026-02-26T20:45Z,1,0,0,B95,EUR,A03,A01,4,MAW,MAW,A01,A01
procured_balancing_capacity,4,2026-02-26T21:00:00,PT15M,2026-02-26T21:15Z,2026-02-26T21:00Z,1,0,0,B95,EUR,A03,A01,4,MAW,MAW,A01,A01
procured_balancing_capacity,4,2026-02-26T21:15:00,PT15M,2026-02-26T21:30Z,2026-02-26T21:15Z,1,0,0,B95,EUR,A03,A01,4,MAW,MAW,A01,A01
procured_balancing_capacity,4,2026-02-26T21:30:00,PT15M,2026-02-26T21:45Z,2026-02-26T21:30Z,1,0,0,B95,EUR,A03,A01,4,MAW,MAW,A01,A01
procured_balancing_capacity,4,2026-02-26T21:45:00,PT15M,2026-02-26T22:00Z,2026-02-26T21:45Z,1,0,0,B95,EUR,A03,A01,4,MAW,MAW,A01,A01
procured_balancing_capacity,4,2026-02-26T22:00:00,PT15M,2026-02-26T22:15Z,2026-02-26T22:00Z,1,0,0,B95,EUR,A03,A01,4,MAW,MAW,A01,A01
procured_balancing_capacity,4,2026-02-26T22:15:00,PT15M,2026-02-26T22:30Z,2026-02-26T22:15Z,1,0,0,B95,EUR,A03,A01,4,MAW,MAW,A01,A01
procured_balancing_capacity,4,2026-02-26T22:30:00,PT15M,2026-02-26T22:45Z,2026-02-26T22:30Z,1,0,0,B95,EUR,A03,A01,4,MAW,MAW,A01,A01
procured_balancing_capacity,4,2026-02-26T22:45:00,PT15M,2026-02-26T23:00Z,2026-02-26T22:45Z,1,0,0,B95,EUR,A03,A01,4,MAW,MAW,A01,A01
procured_balancing_capacity,5,2026-02-25T23:00:00,PT15M,2026-02-25T23:15Z,2026-02-25T23:00Z,1,27.9,1,B95,EUR,A03,A01,5,MAW,MAW,A01,A01
procured_balancing_capacity,5,2026-02-25T23:15:00,PT15M,2026-02-25T23:30Z,2026-02-25T23:15Z,1,27.9,1,B95,EUR,A03,A01,5,MAW,MAW,A01,A01
procured_balancing_capacity,5,2026-02-25T23:30:00,PT15M,2026-02-25T23:45Z,2026-02-25T23:30Z,1,27.9,1,B95,EUR,A03,A01,5,MAW,MAW,A01,A01
procured_balancing_capacity,5,2026-02-25T23:45:00,PT15M,2026-02-26T00:00Z,2026-02-25T23:45Z,1,27.9,1,B95,EUR,A03,A01,5,MAW,MAW,A01,A01
procured_balancing_capacity,5,2026-02-26T00:00:00,PT15M,2026-02-26T00:15Z,2026-02-26T00:00Z,1,27.9,1,B95,EUR,A03,A01,5,MAW,MAW,A01,A01
procured_balancing_capacity,5,2026-02-26T00:15:00,PT15M,2026-02-26T00:30Z,2026-02-26T00:15Z,1,27.9,1,B95,EUR,A03,A01,5,MAW,MAW,A01,A01
procured_balancing_capacity,5,2026-02-26T00:30:00,PT15M,2026-02-26T00:45Z,2026-02-26T00:30Z,1,27.9,1,B95,EUR,A03,A01,5,MAW,MAW,A01,A01
procured_balancing_capacity,5,2026-02-26T00:45:00,PT15M,2026-02-26T01:00Z,2026-02-26T00:45Z,1,27.9,1,B95,EUR,A03,A01,5,MAW,MAW,A01,A01
procured_balancing_capacity,5,2026-02-26T01:00:00,PT15M,2026-02-26T01:15Z,2026-02-26T01:00Z,1,27.9,1,B95,EUR,A03,A01,5,MAW,MAW,A01,A01
procured_balancing_capacity,5,2026-02-26T01:15:00,PT15M,2026-02-26T01:30Z,2026-02-26T01:15Z,1,27.9,1,B95,EUR,A03,A01,5,MAW,MAW,A01,A01
procured_balancing_capacity,5,2026-02-26T01:30:00,PT15M,2026-02-26T01:45Z,2026-02-26T01:30Z,1,27.9,1,B95,EUR,A03,A01,5,MAW,MAW,A01,A01
procured_balancing_capacity,5,2026-02-26T01:45:00,PT15M,2026-02-26T02:00Z,2026-02-26T01:45Z,1,27.9,1,B95,EUR,A03,A01,5,MAW,MAW,A01,A01
procured_balancing_capacity,5,2026-02-26T02:00:00,PT15M,2026-02-26T02:15Z,2026-02-26T02:00Z,1,27.9,1,B95,EUR,A03,A01,5,MAW,MAW,A01,A01
procured_balancing_capacity,5,2026-02-26T02:15:00,PT15M,2026-02-26T02:30Z,2026-02-26T02:15Z,1,27.9,1,B95,EUR,A03,A01,5,MAW,MAW,A01,A01
procured_balancing_capacity,5,2026-02-26T02:30:00,PT15M,2026-02-26T02:45Z,2026-02-26T02:30Z,1,27.9,1,B95,EUR,A03,A01,5,MAW,MAW,A01,A01
procured_balancing_capacity,5,2026-02-26T02:45:00,PT15M,2026-02-26T03:00Z,2026-02-26T02:45Z,1,27.9,1,B95,EUR,A03,A01,5,MAW,MAW,A01,A01
procured_balancing_capacity,5,2026-02-26T03:00:00,PT15M,2026-02-26T03:15Z,2026-02-26T03:00Z,1,27.9,1,B95,EUR,A03,A01,5,MAW,MAW,A01,A01
procured_balancing_capacity,5,2026-02-26T03:15:00,PT15M,2026-02-26T03:30Z,2026-02-26T03:15Z,1,27.9,1,B95,EUR,A03,A01,5,MAW,MAW,A01,A01
procured_balancing_capacity,5,2026-02-26T03:30:00,PT15M,2026-02-26T03:45Z,2026-02-26T03:30Z,1,27.9,1,B95,EUR,A03,A01,5,MAW,MAW,A01,A01
procured_balancing_capacity,5,2026-02-26T03:45:00,PT15M,2026-02-26T04:00Z,2026-02-26T03:45Z,1,27.9,1,B95,EUR,A03,A01,5,MAW,MAW,A01,A01
procured_balancing_capacity,5,2026-02-26T04:00:00,PT15M,2026-02-26T04:15Z,2026-02-26T04:00Z,1,27.9,1,B95,EUR,A03,A01,5,MAW,MAW,A01,A01
procured_balancing_capacity,5,2026-02-26T04:15:00,PT15M,2026-02-26T04:30Z,2026-02-26T04:15Z,1,27.9,1,B95,EUR,A03,A01,5,MAW,MAW,A01,A01
procured_balancing_capacity,5,2026-02-26T04:30:00,PT15M,2026-02-26T04:45Z,2026-02-26T04:30Z,1,27.9,1,B95,EUR,A03,A01,5,MAW,MAW,A01,A01
procured_balancing_capacity,5,2026-02-26T04:45:00,PT15M,2026-02-26T05:00Z,2026-02-26T04:45Z,1,27.9,1,B95,EUR,A03,A01,5,MAW,MAW,A01,A01
procured_balancing_capacity,5,2026-02-26T05:00:00,PT15M,2026-02-26T05:15Z,2026-02-26T05:00Z,1,28.4,1,B95,EUR,A03,A01,5,MAW,MAW,A01,A01
procured_balancing_capacity,5,2026-02-26T05:15:00,PT15M,2026-02-26T05:30Z,2026-02-26T05:15Z,1,28.6,1,B95,EUR,A03,A01,5,MAW,MAW,A01,A01
procured_balancing_capacity,5,2026-02-26T05:30:00,PT15M,2026-02-26T05:45Z,2026-02-26T05:30Z,1,28.6,1,B95,EUR,A03,A01,5,MAW,MAW,A01,A01
procured_balancing_capacity,5,2026-02-26T05:45:00,PT15M,2026-02-26T06:00Z,2026-02-26T05:45Z,1,28.4,1,B95,EUR,A03,A01,5,MAW,MAW,A01,A01
procured_balancing_capacity,5,2026-02-26T06:00:00,PT15M,2026-02-26T06:15Z,2026-02-26T06:00Z,1,30,1,B95,EUR,A03,A01,5,MAW,MAW,A01,A01
procured_balancing_capacity,5,2026-02-26T06:15:00,PT15M,2026-02-26T06:30Z,2026-02-26T06:15Z,1,30,1,B95,EUR,A03,A01,5,MAW,MAW,A01,A01
procured_balancing_capacity,5,2026-02-26T06:30:00,PT15M,2026-02-26T06:45Z,2026-02-26T06:30Z,1,30,1,B95,EUR,A03,A01,5,MAW,MAW,A01,A01
procured_balancing_capacity,5,2026-02-26T06:45:00,PT15M,2026-02-26T07:00Z,2026-02-26T06:45Z,1,30,1,B95,EUR,A03,A01,5,MAW,MAW,A01,A01
procured_balancing_capacity,5,2026-02-26T07:00:00,PT15M,2026-02-26T07:15Z,2026-02-26T07:00Z,1,30,1,B95,EUR,A03,A01,5,MAW,MAW,A01,A01
procured_balancing_capacity,5,2026-02-26T07:15:00,PT15M,2026-02-26T07:30Z,2026-02-26T07:15Z,1,30,1,B95,EUR,A03,A01,5,MAW,MAW,A01,A01
procured_balancing_capacity,5,2026-02-26T07:30:00,PT15M,2026-02-26T07:45Z,2026-02-26T07:30Z,1,33.5,1,B95,EUR,A03,A01,5,MAW,MAW,A01,A01
procured_balancing_capacity,5,2026-02-26T07:45:00,PT15M,2026-02-26T08:00Z,2026-02-26T07:45Z,1,33.5,1,B95,EUR,A03,A01,5,MAW,MAW,A01,A01
procured_balancing_capacity,5,2026-02-26T08:00:00,PT15M,2026-02-26T08:15Z,2026-02-26T08:00Z,1,33.5,1,B95,EUR,A03,A01,5,MAW,MAW,A01,A01
procured_balancing_capacity,5,2026-02-26T08:15:00,PT15M,2026-02-26T08:30Z,2026-02-26T08:15Z,1,33.5,1,B95,EUR,A03,A01,5,MAW,MAW,A01,A01
procured_balancing_capacity,5,2026-02-26T08:30:00,PT15M,2026-02-26T08:45Z,2026-02-26T08:30Z,1,33.5,1,B95,EUR,A03,A01,5,MAW,MAW,A01,A01
procured_balancing_capacity,5,2026-02-26T08:45:00,PT15M,2026-02-26T09:00Z,2026-02-26T08:45Z,1,33.5,1,B95,EUR,A03,A01,5,MAW,MAW,A01,A01
procured_balancing_capacity,5,2026-02-26T09:00:00,PT15M,2026-02-26T09:15Z,2026-02-26T09:00Z,1,31.9,1,B95,EUR,A03,A01,5,MAW,MAW,A01,A01
procured_balancing_capacity,5,2026-02-26T09:15:00,PT15M,2026-02-26T09:30Z,2026-02-26T09:15Z,1,31.9,1,B95,EUR,A03,A01,5,MAW,MAW,A01,A01
procured_balancing_capacity,5,2026-02-26T09:30:00,PT15M,2026-02-26T09:45Z,2026-02-26T09:30Z,1,31.9,1,B95,EUR,A03,A01,5,MAW,MAW,A01,A01
procured_balancing_capacity,5,2026-02-26T09:45:00,PT15M,2026-02-26T10:00Z,2026-02-26T09:45Z,1,31.9,1,B95,EUR,A03,A01,5,MAW,MAW,A01,A01
procured_balancing_capacity,5,2026-02-26T10:00:00,PT15M,2026-02-26T10:15Z,2026-02-26T10:00Z,1,33.3,1,B95,EUR,A03,A01,5,MAW,MAW,A01,A01
procured_balancing_capacity,5,2026-02-26T10:15:00,PT15M,2026-02-26T10:30Z,2026-02-26T10:15Z,1,33.3,1,B95,EUR,A03,A01,5,MAW,MAW,A01,A01
procured_balancing_capacity,5,2026-02-26T10:30:00,PT15M,2026-02-26T10:45Z,2026-02-26T10:30Z,1,33.3,1,B95,EUR,A03,A01,5,MAW,MAW,A01,A01
procured_balancing_capacity,5,2026-02-26T10:45:00,PT15M,2026-02-26T11:00Z,2026-02-26T10:45Z,1,33.3,1,B95,EUR,A03,A01,5,MAW,MAW,A01,A01
procured_balancing_capacity,5,2026-02-26T11:00:00,PT15M,2026-02-26T11:15Z,2026-02-26T11:00Z,1,33.3,1,B95,EUR,A03,A01,5,MAW,MAW,A01,A01
procured_balancing_capacity,5,2026-02-26T11:15:00,PT15M,2026-02-26T11:30Z,2026-02-26T11:15Z,1,33.3,1,B95,EUR,A03,A01,5,MAW,MAW,A01,A01
procured_balancing_capacity,5,2026-02-26T11:30:00,PT15M,2026-02-26T11:45Z,2026-02-26T11:30Z,1,33.3,1,B95,EUR,A03,A01,5,MAW,MAW,A01,A01
procured_balancing_capacity,5,2026-02-26T11:45:00,PT15M,2026-02-26T12:00Z,2026-02-26T11:45Z,1,33.3,1,B95,EUR,A03,A01,5,MAW,MAW,A01,A01
procured_balancing_capacity,5,2026-02-26T12:00:00,PT15M,2026-02-26T12:15Z,2026-02-26T12:00Z,1,33.3,1,B95,EUR,A03,A01,5,MAW,MAW,A01,A01
procured_balancing_capacity,5,2026-02-26T12:15:00,PT15M,2026-02-26T12:30Z,2026-02-26T12:15Z,1,33.3,1,B95,EUR,A03,A01,5,MAW,MAW,A01,A01
procured_balancing_capacity,5,2026-02-26T12:30:00,PT15M,2026-02-26T12:45Z,2026-02-26T12:30Z,1,33.3,1,B95,EUR,A03,A01,5,MAW,MAW,A01,A01
procured_balancing_capacity,5,2026-02-26T12:45:00,PT15M,2026-02-26T13:00Z,2026-02-26T12:45Z,1,33.3,1,B95,EUR,A03,A01,5,MAW,MAW,A01,A01
procured_balancing_capacity,5,2026-02-26T13:00:00,PT15M,2026-02-26T13:15Z,2026-02-26T13:00Z,1,33.3,1,B95,EUR,A03,A01,5,MAW,MAW,A01,A01
procured_balancing_capacity,5,2026-02-26T13:15:00,PT15M,2026-02-26T13:30Z,2026-02-26T13:15Z,1,33.3,1,B95,EUR,A03,A01,5,MAW,MAW,A01,A01
procured_balancing_capacity,5,2026-02-26T13:30:00,PT15M,2026-02-26T13:45Z,2026-02-26T13:30Z,1,33.3,1,B95,EUR,A03,A01,5,MAW,MAW,A01,A01
procured_balancing_capacity,5,2026-02-26T13:45:00,PT15M,2026-02-26T14:00Z,2026-02-26T13:45Z,1,33.3,1,B95,EUR,A03,A01,5,MAW,MAW,A01,A01
procured_balancing_capacity,5,2026-02-26T14:00:00,PT15M,2026-02-26T14:15Z,2026-02-26T14:00Z,1,31.9,1,B95,EUR,A03,A01,5,MAW,MAW,A01,A01
procured_balancing_capacity,5,2026-02-26T14:15:00,PT15M,2026-02-26T14:30Z,2026-02-26T14:15Z,1,31.9,1,B95,EUR,A03,A01,5,MAW,MAW,A01,A01
procured_balancing_capacity,5,2026-02-26T14:30:00,PT15M,2026-02-26T14:45Z,2026-02-26T14:30Z,1,31.9,1,B95,EUR,A03,A01,5,MAW,MAW,A01,A01
procured_balancing_capacity,5,2026-02-26T14:45:00,PT15M,2026-02-26T15:00Z,2026-02-26T14:45Z,1,31.9,1,B95,EUR,A03,A01,5,MAW,MAW,A01,A01
procured_balancing_capacity,5,2026-02-26T15:00:00,PT15M,2026-02-26T15:15Z,2026-02-26T15:00Z,1,33.5,1,B95,EUR,A03,A01,5,MAW,MAW,A01,A01
procured_balancing_capacity,5,2026-02-26T15:15:00,PT15M,2026-02-26T15:30Z,2026-02-26T15:15Z,1,33.5,1,B95,EUR,A03,A01,5,MAW,MAW,A01,A01
procured_balancing_capacity,5,2026-02-26T15:30:00,PT15M,2026-02-26T15:45Z,2026-02-26T15:30Z,1,33.5,1,B95,EUR,A03,A01,5,MAW,MAW,A01,A01
procured_balancing_capacity,5,2026-02-26T15:45:00,PT15M,2026-02-26T16:00Z,2026-02-26T15:45Z,1,33.5,1,B95,EUR,A03,A01,5,MAW,MAW,A01,A01
procured_balancing_capacity,5,2026-02-26T16:00:00,PT15M,2026-02-26T16:15Z,2026-02-26T16:00Z,1,33.5,1,B95,EUR,A03,A01,5,MAW,MAW,A01,A01
procured_balancing_capacity,5,2026-02-26T16:15:00,PT15M,2026-02-26T16:30Z,2026-02-26T16:15Z,1,33.5,1,B95,EUR,A03,A01,5,MAW,MAW,A01,A01
procured_balancing_capacity,5,2026-02-26T16:30:00,PT15M,2026-02-26T16:45Z,2026-02-26T16:30Z,1,33.5,1,B95,EUR,A03,A01,5,MAW,MAW,A01,A01
procured_balancing_capacity,5,2026-02-26T16:45:00,PT15M,2026-02-26T17:00Z,2026-02-26T16:45Z,1,33.5,1,B95,EUR,A03,A01,5,MAW,MAW,A01,A01
procured_balancing_capacity,5,2026-02-26T17:00:00,PT15M,2026-02-26T17:15Z,2026-02-26T17:00Z,1,33.5,1,B95,EUR,A03,A01,5,MAW,MAW,A01,A01
procured_balancing_capacity,5,2026-02-26T17:15:00,PT15M,2026-02-26T17:30Z,2026-02-26T17:15Z,1,33.5,1,B95,EUR,A03,A01,5,MAW,MAW,A01,A01
procured_balancing_capacity,5,2026-02-26T17:30:00,PT15M,2026-02-26T17:45Z,2026-02-26T17:30Z,1,33.5,1,B95,EUR,A03,A01,5,MAW,MAW,A01,A01
procured_balancing_capacity,5,2026-02-26T17:45:00,PT15M,2026-02-26T18:00Z,2026-02-26T17:45Z,1,33.5,1,B95,EUR,A03,A01,5,MAW,MAW,A01,A01
procured_balancing_capacity,5,2026-02-26T18:00:00,PT15M,2026-02-26T18:15Z,2026-02-26T18:00Z,1,33.5,1,B95,EUR,A03,A01,5,MAW,MAW,A01,A01
procured_balancing_capacity,5,2026-02-26T18:15:00,PT15M,2026-02-26T18:30Z,2026-02-26T18:15Z,1,33.5,1,B95,EUR,A03,A01,5,MAW,MAW,A01,A01
procured_balancing_capacity,5,2026-02-26T18:30:00,PT15M,2026-02-26T18:45Z,2026-02-26T18:30Z,1,33.5,1,B95,EUR,A03,A01,5,MAW,MAW,A01,A01
procured_balancing_capacity,5,2026-02-26T18:45:00,PT15M,2026-02-26T19:00Z,2026-02-26T18:45Z,1,33.5,1,B95,EUR,A03,A01,5,MAW,MAW,A01,A01
procured_balancing_capacity,5,2026-02-26T19:00:00,PT15M,2026-02-26T19:15Z,2026-02-26T19:00Z,1,31.9,1,B95,EUR,A03,A01,5,MAW,MAW,A01,A01
procured_balancing_capacity,5,2026-02-26T19:15:00,PT15M,2026-02-26T19:30Z,2026-02-26T19:15Z,1,31.9,1,B95,EUR,A03,A01,5,MAW,MAW,A01,A01
procured_balancing_capacity,5,2026-02-26T19:30:00,PT15M,2026-02-26T19:45Z,2026-02-26T19:30Z,1,31.9,1,B95,EUR,A03,A01,5,MAW,MAW,A01,A01
procured_balancing_capacity,5,2026-02-26T19:45:00,PT15M,2026-02-26T20:00Z,2026-02-26T19:45Z,1,31.9,1,B95,EUR,A03,A01,5,MAW,MAW,A01,A01
procured_balancing_capacity,5,2026-02-26T20:00:00,PT15M,2026-02-26T20:15Z,2026-02-26T20:00Z,1,28.6,1,B95,EUR,A03,A01,5,MAW,MAW,A01,A01
procured_balancing_capacity,5,2026-02-26T20:15:00,PT15M,2026-02-26T20:30Z,2026-02-26T20:15Z,1,28.6,1,B95,EUR,A03,A01,5,MAW,MAW,A01,A01
procured_balancing_capacity,5,2026-02-26T20:30:00,PT15M,2026-02-26T20:45Z,2026-02-26T20:30Z,1,28.6,1,B95,EUR,A03,A01,5,MAW,MAW,A01,A01
procured_balancing_capacity,5,2026-02-26T20:45:00,PT15M,2026-02-26T21:00Z,2026-02-26T20:45Z,1,28.6,1,B95,EUR,A03,A01,5,MAW,MAW,A01,A01
procured_balancing_capacity,5,2026-02-26T21:00:00,PT15M,2026-02-26T21:15Z,2026-02-26T21:00Z,1,27.2,1,B95,EUR,A03,A01,5,MAW,MAW,A01,A01
procured_balancing_capacity,5,2026-02-26T21:15:00,PT15M,2026-02-26T21:30Z,2026-02-26T21:15Z,1,27.2,1,B95,EUR,A03,A01,5,MAW,MAW,A01,A01
procured_balancing_capacity,5,2026-02-26T21:30:00,PT15M,2026-02-26T21:45Z,2026-02-26T21:30Z,1,27.2,1,B95,EUR,A03,A01,5,MAW,MAW,A01,A01
procured_balancing_capacity,5,2026-02-26T21:45:00,PT15M,2026-02-26T22:00Z,2026-02-26T21:45Z,1,27.2,1,B95,EUR,A03,A01,5,MAW,MAW,A01,A01
procured_balancing_capacity,5,2026-02-26T22:00:00,PT15M,2026-02-26T22:15Z,2026-02-26T22:00Z,1,27.2,1,B95,EUR,A03,A01,5,MAW,MAW,A01,A01
procured_balancing_capacity,5,2026-02-26T22:15:00,PT15M,2026-02-26T22:30Z,2026-02-26T22:15Z,1,27.2,1,B95,EUR,A03,A01,5,MAW,MAW,A01,A01
procured_balancing_capacity,5,2026-02-26T22:30:00,PT15M,2026-02-26T22:45Z,2026-02-26T22:30Z,1,27.2,1,B95,EUR,A03,A01,5,MAW,MAW,A01,A01
procured_balancing_capacity,5,2026-02-26T22:45:00,PT15M,2026-02-26T23:00Z,2026-02-26T22:45Z,1,27.2,1,B95,EUR,A03,A01,5,MAW,MAW,A01,A01
procured_balancing_capacity,6,2026-02-25T23:00:00,PT15M,2026-02-25T23:15Z,2026-02-25T23:00Z,1,30,5,B95,EUR,A03,A01,6,MAW,MAW,A01,A01
procured_balancing_capacity,6,2026-02-25T23:15:00,PT15M,2026-02-25T23:30Z,2026-02-25T23:15Z,1,30,5,B95,EUR,A03,A01,6,MAW,MAW,A01,A01
procured_balancing_capacity,6,2026-02-25T23:30:00,PT15M,2026-02-25T23:45Z,2026-02-25T23:30Z,1,30,5,B95,EUR,A03,A01,6,MAW,MAW,A01,A01
procured_balancing_capacity,6,2026-02-25T23:45:00,PT15M,2026-02-26T00:00Z,2026-02-25T23:45Z,1,30,5,B95,EUR,A03,A01,6,MAW,MAW,A01,A01
procured_balancing_capacity,6,2026-02-26T00:00:00,PT15M,2026-02-26T00:15Z,2026-02-26T00:00Z,1,30,5,B95,EUR,A03,A01,6,MAW,MAW,A01,A01
procured_balancing_capacity,6,2026-02-26T00:15:00,PT15M,2026-02-26T00:30Z,2026-02-26T00:15Z,1,30,5,B95,EUR,A03,A01,6,MAW,MAW,A01,A01
procured_balancing_capacity,6,2026-02-26T00:30:00,PT15M,2026-02-26T00:45Z,2026-02-26T00:30Z,1,30,5,B95,EUR,A03,A01,6,MAW,MAW,A01,A01
procured_balancing_capacity,6,2026-02-26T00:45:00,PT15M,2026-02-26T01:00Z,2026-02-26T00:45Z,1,30,5,B95,EUR,A03,A01,6,MAW,MAW,A01,A01
procured_balancing_capacity,6,2026-02-26T01:00:00,PT15M,2026-02-26T01:15Z,2026-02-26T01:00Z,1,30,5,B95,EUR,A03,A01,6,MAW,MAW,A01,A01
procured_balancing_capacity,6,2026-02-26T01:15:00,PT15M,2026-02-26T01:30Z,2026-02-26T01:15Z,1,30,5,B95,EUR,A03,A01,6,MAW,MAW,A01,A01
procured_balancing_capacity,6,2026-02-26T01:30:00,PT15M,2026-02-26T01:45Z,2026-02-26T01:30Z,1,30,5,B95,EUR,A03,A01,6,MAW,MAW,A01,A01
procured_balancing_capacity,6,2026-02-26T01:45:00,PT15M,2026-02-26T02:00Z,2026-02-26T01:45Z,1,30,5,B95,EUR,A03,A01,6,MAW,MAW,A01,A01
procured_balancing_capacity,6,2026-02-26T02:00:00,PT15M,2026-02-26T02:15Z,2026-02-26T02:00Z,1,30,5,B95,EUR,A03,A01,6,MAW,MAW,A01,A01
procured_balancing_capacity,6,2026-02-26T02:15:00,PT15M,2026-02-26T02:30Z,2026-02-26T02:15Z,1,30,5,B95,EUR,A03,A01,6,MAW,MAW,A01,A01
procured_balancing_capacity,6,2026-02-26T02:30:00,PT15M,2026-02-26T02:45Z,2026-02-26T02:30Z,1,30,5,B95,EUR,A03,A01,6,MAW,MAW,A01,A01
procured_balancing_capacity,6,2026-02-26T02:45:00,PT15M,2026-02-26T03:00Z,2026-02-26T02:45Z,1,30,5,B95,EUR,A03,A01,6,MAW,MAW,A01,A01
procured_balancing_capacity,6,2026-02-26T03:00:00,PT15M,2026-02-26T03:15Z,2026-02-26T03:00Z,1,30,5,B95,EUR,A03,A01,6,MAW,MAW,A01,A01
procured_balancing_capacity,6,2026-02-26T03:15:00,PT15M,2026-02-26T03:30Z,2026-02-26T03:15Z,1,30,5,B95,EUR,A03,A01,6,MAW,MAW,A01,A01
procured_balancing_capacity,6,2026-02-26T03:30:00,PT15M,2026-02-26T03:45Z,2026-02-26T03:30Z,1,30,5,B95,EUR,A03,A01,6,MAW,MAW,A01,A01
procured_balancing_capacity,6,2026-02-26T03:45:00,PT15M,2026-02-26T04:00Z,2026-02-26T03:45Z,1,30,5,B95,EUR,A03,A01,6,MAW,MAW,A01,A01
procured_balancing_capacity,6,2026-02-26T04:00:00,PT15M,2026-02-26T04:15Z,2026-02-26T04:00Z,1,30,5,B95,EUR,A03,A01,6,MAW,MAW,A01,A01
procured_balancing_capacity,6,2026-02-26T04:15:00,PT15M,2026-02-26T04:30Z,2026-02-26T04:15Z,1,30,5,B95,EUR,A03,A01,6,MAW,MAW,A01,A01
procured_balancing_capacity,6,2026-02-26T04:30:00,PT15M,2026-02-26T04:45Z,2026-02-26T04:30Z,1,30,5,B95,EUR,A03,A01,6,MAW,MAW,A01,A01
procured_balancing_capacity,6,2026-02-26T04:45:00,PT15M,2026-02-26T05:00Z,2026-02-26T04:45Z,1,30,5,B95,EUR,A03,A01,6,MAW,MAW,A01,A01
procured_balancing_capacity,6,2026-02-26T05:00:00,PT15M,2026-02-26T05:15Z,2026-02-26T05:00Z,1,33,10,B95,EUR,A03,A01,6,MAW,MAW,A01,A01
procured_balancing_capacity,6,2026-02-26T05:15:00,PT15M,2026-02-26T05:30Z,2026-02-26T05:15Z,1,33,10,B95,EUR,A03,A01,6,MAW,MAW,A01,A01
procured_balancing_capacity,6,2026-02-26T05:30:00,PT15M,2026-02-26T05:45Z,2026-02-26T05:30Z,1,33,10,B95,EUR,A03,A01,6,MAW,MAW,A01,A01
procured_balancing_capacity,6,2026-02-26T05:45:00,PT15M,2026-02-26T06:00Z,2026-02-26T05:45Z,1,33,10,B95,EUR,A03,A01,6,MAW,MAW,A01,A01
procured_balancing_capacity,6,2026-02-26T06:00:00,PT15M,2026-02-26T06:15Z,2026-02-26T06:00Z,1,33,10,B95,EUR,A03,A01,6,MAW,MAW,A01,A01
procured_balancing_capacity,6,2026-02-26T06:15:00,PT15M,2026-02-26T06:30Z,2026-02-26T06:15Z,1,33,10,B95,EUR,A03,A01,6,MAW,MAW,A01,A01
procured_balancing_capacity,6,2026-02-26T06:30:00,PT15M,2026-02-26T06:45Z,2026-02-26T06:30Z,1,33,10,B95,EUR,A03,A01,6,MAW,MAW,A01,A01
procured_balancing_capacity,6,2026-02-26T06:45:00,PT15M,2026-02-26T07:00Z,2026-02-26T06:45Z,1,33,10,B95,EUR,A03,A01,6,MAW,MAW,A01,A01
procured_balancing_capacity,6,2026-02-26T07:00:00,PT15M,2026-02-26T07:15Z,2026-02-26T07:00Z,1,33,10,B95,EUR,A03,A01,6,MAW,MAW,A01,A01
procured_balancing_capacity,6,2026-02-26T07:15:00,PT15M,2026-02-26T07:30Z,2026-02-26T07:15Z,1,33,10,B95,EUR,A03,A01,6,MAW,MAW,A01,A01
procured_balancing_capacity,6,2026-02-26T07:30:00,PT15M,2026-02-26T07:45Z,2026-02-26T07:30Z,1,33,10,B95,EUR,A03,A01,6,MAW,MAW,A01,A01
procured_balancing_capacity,6,2026-02-26T07:45:00,PT15M,2026-02-26T08:00Z,2026-02-26T07:45Z,1,33,10,B95,EUR,A03,A01,6,MAW,MAW,A01,A01
procured_balancing_capacity,6,2026-02-26T08:00:00,PT15M,2026-02-26T08:15Z,2026-02-26T08:00Z,1,33,0,B95,EUR,A03,A01,6,MAW,MAW,A01,A01
procured_balancing_capacity,6,2026-02-26T08:15:00,PT15M,2026-02-26T08:30Z,2026-02-26T08:15Z,1,33,0,B95,EUR,A03,A01,6,MAW,MAW,A01,A01
procured_balancing_capacity,6,2026-02-26T08:30:00,PT15M,2026-02-26T08:45Z,2026-02-26T08:30Z,1,33,0,B95,EUR,A03,A01,6,MAW,MAW,A01,A01
procured_balancing_capacity,6,2026-02-26T08:45:00,PT15M,2026-02-26T09:00Z,2026-02-26T08:45Z,1,33,0,B95,EUR,A03,A01,6,MAW,MAW,A01,A01
procured_balancing_capacity,6,2026-02-26T09:00:00,PT15M,2026-02-26T09:15Z,2026-02-26T09:00Z,1,33,2,B95,EUR,A03,A01,6,MAW,MAW,A01,A01
procured_balancing_capacity,6,2026-02-26T09:15:00,PT15M,2026-02-26T09:30Z,2026-02-26T09:15Z,1,33,2,B95,EUR,A03,A01,6,MAW,MAW,A01,A01
procured_balancing_capacity,6,2026-02-26T09:30:00,PT15M,2026-02-26T09:45Z,2026-02-26T09:30Z,1,33,2,B95,EUR,A03,A01,6,MAW,MAW,A01,A01
procured_balancing_capacity,6,2026-02-26T09:45:00,PT15M,2026-02-26T10:00Z,2026-02-26T09:45Z,1,33,2,B95,EUR,A03,A01,6,MAW,MAW,A01,A01
procured_balancing_capacity,6,2026-02-26T10:00:00,PT15M,2026-02-26T10:15Z,2026-02-26T10:00Z,1,33,2,B95,EUR,A03,A01,6,MAW,MAW,A01,A01
procured_balancing_capacity,6,2026-02-26T10:15:00,PT15M,2026-02-26T10:30Z,2026-02-26T10:15Z,1,33,2,B95,EUR,A03,A01,6,MAW,MAW,A01,A01
procured_balancing_capacity,6,2026-02-26T10:30:00,PT15M,2026-02-26T10:45Z,2026-02-26T10:30Z,1,33,2,B95,EUR,A03,A01,6,MAW,MAW,A01,A01
procured_balancing_capacity,6,2026-02-26T10:45:00,PT15M,2026-02-26T11:00Z,2026-02-26T10:45Z,1,33,2,B95,EUR,A03,A01,6,MAW,MAW,A01,A01
procured_balancing_capacity,6,2026-02-26T11:00:00,PT15M,2026-02-26T11:15Z,2026-02-26T11:00Z,1,33,2,B95,EUR,A03,A01,6,MAW,MAW,A01,A01
procured_balancing_capacity,6,2026-02-26T11:15:00,PT15M,2026-02-26T11:30Z,2026-02-26T11:15Z,1,33,2,B95,EUR,A03,A01,6,MAW,MAW,A01,A01
procured_balancing_capacity,6,2026-02-26T11:30:00,PT15M,2026-02-26T11:45Z,2026-02-26T11:30Z,1,33,2,B95,EUR,A03,A01,6,MAW,MAW,A01,A01
procured_balancing_capacity,6,2026-02-26T11:45:00,PT15M,2026-02-26T12:00Z,2026-02-26T11:45Z,1,33,2,B95,EUR,A03,A01,6,MAW,MAW,A01,A01
procured_balancing_capacity,6,2026-02-26T12:00:00,PT15M,2026-02-26T12:15Z,2026-02-26T12:00Z,1,33,3,B95,EUR,A03,A01,6,MAW,MAW,A01,A01
procured_balancing_capacity,6,2026-02-26T12:15:00,PT15M,2026-02-26T12:30Z,2026-02-26T12:15Z,1,33,3,B95,EUR,A03,A01,6,MAW,MAW,A01,A01
procured_balancing_capacity,6,2026-02-26T12:30:00,PT15M,2026-02-26T12:45Z,2026-02-26T12:30Z,1,33,3,B95,EUR,A03,A01,6,MAW,MAW,A01,A01
procured_balancing_capacity,6,2026-02-26T12:45:00,PT15M,2026-02-26T13:00Z,2026-02-26T12:45Z,1,33,3,B95,EUR,A03,A01,6,MAW,MAW,A01,A01
procured_balancing_capacity,6,2026-02-26T13:00:00,PT15M,2026-02-26T13:15Z,2026-02-26T13:00Z,1,33,3,B95,EUR,A03,A01,6,MAW,MAW,A01,A01
procured_balancing_capacity,6,2026-02-26T13:15:00,PT15M,2026-02-26T13:30Z,2026-02-26T13:15Z,1,33,3,B95,EUR,A03,A01,6,MAW,MAW,A01,A01
procured_balancing_capacity,6,2026-02-26T13:30:00,PT15M,2026-02-26T13:45Z,2026-02-26T13:30Z,1,33,3,B95,EUR,A03,A01,6,MAW,MAW,A01,A01
procured_balancing_capacity,6,2026-02-26T13:45:00,PT15M,2026-02-26T14:00Z,2026-02-26T13:45Z,1,33,3,B95,EUR,A03,A01,6,MAW,MAW,A01,A01
procured_balancing_capacity,6,2026-02-26T14:00:00,PT15M,2026-02-26T14:15Z,2026-02-26T14:00Z,1,33,3,B95,EUR,A03,A01,6,MAW,MAW,A01,A01
procured_balancing_capacity,6,2026-02-26T14:15:00,PT15M,2026-02-26T14:30Z,2026-02-26T14:15Z,1,33,3,B95,EUR,A03,A01,6,MAW,MAW,A01,A01
procured_balancing_capacity,6,2026-02-26T14:30:00,PT15M,2026-02-26T14:45Z,2026-02-26T14:30Z,1,33,3,B95,EUR,A03,A01,6,MAW,MAW,A01,A01
procured_balancing_capacity,6,2026-02-26T14:45:00,PT15M,2026-02-26T15:00Z,2026-02-26T14:45Z,1,33,3,B95,EUR,A03,A01,6,MAW,MAW,A01,A01
procured_balancing_capacity,6,2026-02-26T15:00:00,PT15M,2026-02-26T15:15Z,2026-02-26T15:00Z,1,33,10,B95,EUR,A03,A01,6,MAW,MAW,A01,A01
procured_balancing_capacity,6,2026-02-26T15:15:00,PT15M,2026-02-26T15:30Z,2026-02-26T15:15Z,1,33,10,B95,EUR,A03,A01,6,MAW,MAW,A01,A01
procured_balancing_capacity,6,2026-02-26T15:30:00,PT15M,2026-02-26T15:45Z,2026-02-26T15:30Z,1,33,10,B95,EUR,A03,A01,6,MAW,MAW,A01,A01
procured_balancing_capacity,6,2026-02-26T15:45:00,PT15M,2026-02-26T16:00Z,2026-02-26T15:45Z,1,33,10,B95,EUR,A03,A01,6,MAW,MAW,A01,A01
procured_balancing_capacity,6,2026-02-26T16:00:00,PT15M,2026-02-26T16:15Z,2026-02-26T16:00Z,1,33,10,B95,EUR,A03,A01,6,MAW,MAW,A01,A01
procured_balancing_capacity,6,2026-02-26T16:15:00,PT15M,2026-02-26T16:30Z,2026-02-26T16:15Z,1,33,10,B95,EUR,A03,A01,6,MAW,MAW,A01,A01
procured_balancing_capacity,6,2026-02-26T16:30:00,PT15M,2026-02-26T16:45Z,2026-02-26T16:30Z,1,33,10,B95,EUR,A03,A01,6,MAW,MAW,A01,A01
procured_balancing_capacity,6,2026-02-26T16:45:00,PT15M,2026-02-26T17:00Z,2026-02-26T16:45Z,1,33,10,B95,EUR,A03,A01,6,MAW,MAW,A01,A01
procured_balancing_capacity,6,2026-02-26T17:00:00,PT15M,2026-02-26T17:15Z,2026-02-26T17:00Z,1,33,13,B95,EUR,A03,A01,6,MAW,MAW,A01,A01
procured_balancing_capacity,6,2026-02-26T17:15:00,PT15M,2026-02-26T17:30Z,2026-02-26T17:15Z,1,33,13,B95,EUR,A03,A01,6,MAW,MAW,A01,A01
procured_balancing_capacity,6,2026-02-26T17:30:00,PT15M,2026-02-26T17:45Z,2026-02-26T17:30Z,1,33,13,B95,EUR,A03,A01,6,MAW,MAW,A01,A01
procured_balancing_capacity,6,2026-02-26T17:45:00,PT15M,2026-02-26T18:00Z,2026-02-26T17:45Z,1,33,13,B95,EUR,A03,A01,6,MAW,MAW,A01,A01
procured_balancing_capacity,6,2026-02-26T18:00:00,PT15M,2026-02-26T18:15Z,2026-02-26T18:00Z,1,33,13,B95,EUR,A03,A01,6,MAW,MAW,A01,A01
procured_balancing_capacity,6,2026-02-26T18:15:00,PT15M,2026-02-26T18:30Z,2026-02-26T18:15Z,1,33,13,B95,EUR,A03,A01,6,MAW,MAW,A01,A01
procured_balancing_capacity,6,2026-02-26T18:30:00,PT15M,2026-02-26T18:45Z,2026-02-26T18:30Z,1,33,13,B95,EUR,A03,A01,6,MAW,MAW,A01,A01
procured_balancing_capacity,6,2026-02-26T18:45:00,PT15M,2026-02-26T19:00Z,2026-02-26T18:45Z,1,33,13,B95,EUR,A03,A01,6,MAW,MAW,A01,A01
procured_balancing_capacity,6,2026-02-26T19:00:00,PT15M,2026-02-26T19:15Z,2026-02-26T19:00Z,1,33,13,B95,EUR,A03,A01,6,MAW,MAW,A01,A01
procured_balancing_capacity,6,2026-02-26T19:15:00,PT15M,2026-02-26T19:30Z,2026-02-26T19:15Z,1,33,13,B95,EUR,A03,A01,6,MAW,MAW,A01,A01
procured_balancing_capacity,6,2026-02-26T19:30:00,PT15M,2026-02-26T19:45Z,2026-02-26T19:30Z,1,33,13,B95,EUR,A03,A01,6,MAW,MAW,A01,A01
procured_balancing_capacity,6,2026-02-26T19:45:00,PT15M,2026-02-26T20:00Z,2026-02-26T19:45Z,1,33,13,B95,EUR,A03,A01,6,MAW,MAW,A01,A01
procured_balancing_capacity,6,2026-02-26T20:00:00,PT15M,2026-02-26T20:15Z,2026-02-26T20:00Z,1,33,10,B95,EUR,A03,A01,6,MAW,MAW,A01,A01
procured_balancing_capacity,6,2026-02-26T20:15:00,PT15M,2026-02-26T20:30Z,2026-02-26T20:15Z,1,33,10,B95,EUR,A03,A01,6,MAW,MAW,A01,A01
procured_balancing_capacity,6,2026-02-26T20:30:00,PT15M,2026-02-26T20:45Z,2026-02-26T20:30Z,1,33,10,B95,EUR,A03,A01,6,MAW,MAW,A01,A01
procured_balancing_capacity,6,2026-02-26T20:45:00,PT15M,2026-02-26T21:00Z,2026-02-26T20:45Z,1,33,10,B95,EUR,A03,A01,6,MAW,MAW,A01,A01
procured_balancing_capacity,6,2026-02-26T21:00:00,PT15M,2026-02-26T21:15Z,2026-02-26T21:00Z,1,30,5,B95,EUR,A03,A01,6,MAW,MAW,A01,A01
procured_balancing_capacity,6,2026-02-26T21:15:00,PT15M,2026-02-26T21:30Z,2026-02-26T21:15Z,1,30,5,B95,EUR,A03,A01,6,MAW,MAW,A01,A01
procured_balancing_capacity,6,2026-02-26T21:30:00,PT15M,2026-02-26T21:45Z,2026-02-26T21:30Z,1,30,5,B95,EUR,A03,A01,6,MAW,MAW,A01,A01
procured_balancing_capacity,6,2026-02-26T21:45:00,PT15M,2026-02-26T22:00Z,2026-02-26T21:45Z,1,30,5,B95,EUR,A03,A01,6,MAW,MAW,A01,A01
procured_balancing_capacity,6,2026-02-26T22:00:00,PT15M,2026-02-26T22:15Z,2026-02-26T22:00Z,1,30,5,B95,EUR,A03,A01,6,MAW,MAW,A01,A01
procured_balancing_capacity,6,2026-02-26T22:15:00,PT15M,2026-02-26T22:30Z,2026-02-26T22:15Z,1,30,5,B95,EUR,A03,A01,6,MAW,MAW,A01,A01
procured_balancing_capacity,6,2026-02-26T22:30:00,PT15M,2026-02-26T22:45Z,2026-02-26T22:30Z,1,30,5,B95,EUR,A03,A01,6,MAW,MAW,A01,A01
procured_balancing_capacity,6,2026-02-26T22:45:00,PT15M,2026-02-26T23:00Z,2026-02-26T22:45Z,1,30,5,B95,EUR,A03,A01,6,MAW,MAW,A01,A01
procured_balancing_capacity,7,2026-02-25T23:00:00,PT15M,2026-02-25T23:15Z,2026-02-25T23:00Z,1,10,5,B95,EUR,A03,A02,7,MAW,MAW,A01,A01
procured_balancing_capacity,7,2026-02-25T23:15:00,PT15M,2026-02-25T23:30Z,2026-02-25T23:15Z,1,10,5,B95,EUR,A03,A02,7,MAW,MAW,A01,A01
procured_balancing_capacity,7,2026-02-25T23:30:00,PT15M,2026-02-25T23:45Z,2026-02-25T23:30Z,1,10,5,B95,EUR,A03,A02,7,MAW,MAW,A01,A01
procured_balancing_capacity,7,2026-02-25T23:45:00,PT15M,2026-02-26T00:00Z,2026-02-25T23:45Z,1,10,5,B95,EUR,A03,A02,7,MAW,MAW,A01,A01
procured_balancing_capacity,7,2026-02-26T00:00:00,PT15M,2026-02-26T00:15Z,2026-02-26T00:00Z,1,10,5,B95,EUR,A03,A02,7,MAW,MAW,A01,A01
procured_balancing_capacity,7,2026-02-26T00:15:00,PT15M,2026-02-26T00:30Z,2026-02-26T00:15Z,1,10,5,B95,EUR,A03,A02,7,MAW,MAW,A01,A01
procured_balancing_capacity,7,2026-02-26T00:30:00,PT15M,2026-02-26T00:45Z,2026-02-26T00:30Z,1,10,5,B95,EUR,A03,A02,7,MAW,MAW,A01,A01
procured_balancing_capacity,7,2026-02-26T00:45:00,PT15M,2026-02-26T01:00Z,2026-02-26T00:45Z,1,10,5,B95,EUR,A03,A02,7,MAW,MAW,A01,A01
procured_balancing_capacity,7,2026-02-26T01:00:00,PT15M,2026-02-26T01:15Z,2026-02-26T01:00Z,1,10,5,B95,EUR,A03,A02,7,MAW,MAW,A01,A01
procured_balancing_capacity,7,2026-02-26T01:15:00,PT15M,2026-02-26T01:30Z,2026-02-26T01:15Z,1,10,5,B95,EUR,A03,A02,7,MAW,MAW,A01,A01
procured_balancing_capacity,7,2026-02-26T01:30:00,PT15M,2026-02-26T01:45Z,2026-02-26T01:30Z,1,10,5,B95,EUR,A03,A02,7,MAW,MAW,A01,A01
procured_balancing_capacity,7,2026-02-26T01:45:00,PT15M,2026-02-26T02:00Z,2026-02-26T01:45Z,1,10,5,B95,EUR,A03,A02,7,MAW,MAW,A01,A01
procured_balancing_capacity,7,2026-02-26T02:00:00,PT15M,2026-02-26T02:15Z,2026-02-26T02:00Z,1,10,5,B95,EUR,A03,A02,7,MAW,MAW,A01,A01
procured_balancing_capacity,7,2026-02-26T02:15:00,PT15M,2026-02-26T02:30Z,2026-02-26T02:15Z,1,10,5,B95,EUR,A03,A02,7,MAW,MAW,A01,A01
procured_balancing_capacity,7,2026-02-26T02:30:00,PT15M,2026-02-26T02:45Z,2026-02-26T02:30Z,1,10,5,B95,EUR,A03,A02,7,MAW,MAW,A01,A01
procured_balancing_capacity,7,2026-02-26T02:45:00,PT15M,2026-02-26T03:00Z,2026-02-26T02:45Z,1,10,5,B95,EUR,A03,A02,7,MAW,MAW,A01,A01
procured_balancing_capacity,7,2026-02-26T03:00:00,PT15M,2026-02-26T03:15Z,2026-02-26T03:00Z,1,10,5,B95,EUR,A03,A02,7,MAW,MAW,A01,A01
procured_balancing_capacity,7,2026-02-26T03:15:00,PT15M,2026-02-26T03:30Z,2026-02-26T03:15Z,1,10,5,B95,EUR,A03,A02,7,MAW,MAW,A01,A01
procured_balancing_capacity,7,2026-02-26T03:30:00,PT15M,2026-02-26T03:45Z,2026-02-26T03:30Z,1,10,5,B95,EUR,A03,A02,7,MAW,MAW,A01,A01
procured_balancing_capacity,7,2026-02-26T03:45:00,PT15M,2026-02-26T04:00Z,2026-02-26T03:45Z,1,10,5,B95,EUR,A03,A02,7,MAW,MAW,A01,A01
procured_balancing_capacity,7,2026-02-26T04:00:00,PT15M,2026-02-26T04:15Z,2026-02-26T04:00Z,1,10,5,B95,EUR,A03,A02,7,MAW,MAW,A01,A01
procured_balancing_capacity,7,2026-02-26T04:15:00,PT15M,2026-02-26T04:30Z,2026-02-26T04:15Z,1,10,5,B95,EUR,A03,A02,7,MAW,MAW,A01,A01
procured_balancing_capacity,7,2026-02-26T04:30:00,PT15M,2026-02-26T04:45Z,2026-02-26T04:30Z,1,10,5,B95,EUR,A03,A02,7,MAW,MAW,A01,A01
procured_balancing_capacity,7,2026-02-26T04:45:00,PT15M,2026-02-26T05:00Z,2026-02-26T04:45Z,1,10,5,B95,EUR,A03,A02,7,MAW,MAW,A01,A01
procured_balancing_capacity,7,2026-02-26T05:00:00,PT15M,2026-02-26T05:15Z,2026-02-26T05:00Z,1,10,9,B95,EUR,A03,A02,7,MAW,MAW,A01,A01
procured_balancing_capacity,7,2026-02-26T05:15:00,PT15M,2026-02-26T05:30Z,2026-02-26T05:15Z,1,10,9,B95,EUR,A03,A02,7,MAW,MAW,A01,A01
procured_balancing_capacity,7,2026-02-26T05:30:00,PT15M,2026-02-26T05:45Z,2026-02-26T05:30Z,1,10,9,B95,EUR,A03,A02,7,MAW,MAW,A01,A01
procured_balancing_capacity,7,2026-02-26T05:45:00,PT15M,2026-02-26T06:00Z,2026-02-26T05:45Z,1,10,9,B95,EUR,A03,A02,7,MAW,MAW,A01,A01
procured_balancing_capacity,7,2026-02-26T06:00:00,PT15M,2026-02-26T06:15Z,2026-02-26T06:00Z,1,10,9,B95,EUR,A03,A02,7,MAW,MAW,A01,A01
procured_balancing_capacity,7,2026-02-26T06:15:00,PT15M,2026-02-26T06:30Z,2026-02-26T06:15Z,1,10,9,B95,EUR,A03,A02,7,MAW,MAW,A01,A01
procured_balancing_capacity,7,2026-02-26T06:30:00,PT15M,2026-02-26T06:45Z,2026-02-26T06:30Z,1,10,9,B95,EUR,A03,A02,7,MAW,MAW,A01,A01
procured_balancing_capacity,7,2026-02-26T06:45:00,PT15M,2026-02-26T07:00Z,2026-02-26T06:45Z,1,10,9,B95,EUR,A03,A02,7,MAW,MAW,A01,A01
procured_balancing_capacity,7,2026-02-26T07:00:00,PT15M,2026-02-26T07:15Z,2026-02-26T07:00Z,1,10,9,B95,EUR,A03,A02,7,MAW,MAW,A01,A01
procured_balancing_capacity,7,2026-02-26T07:15:00,PT15M,2026-02-26T07:30Z,2026-02-26T07:15Z,1,10,9,B95,EUR,A03,A02,7,MAW,MAW,A01,A01
procured_balancing_capacity,7,2026-02-26T07:30:00,PT15M,2026-02-26T07:45Z,2026-02-26T07:30Z,1,10,9,B95,EUR,A03,A02,7,MAW,MAW,A01,A01
procured_balancing_capacity,7,2026-02-26T07:45:00,PT15M,2026-02-26T08:00Z,2026-02-26T07:45Z,1,10,9,B95,EUR,A03,A02,7,MAW,MAW,A01,A01
procured_balancing_capacity,7,2026-02-26T08:00:00,PT15M,2026-02-26T08:15Z,2026-02-26T08:00Z,1,10,9,B95,EUR,A03,A02,7,MAW,MAW,A01,A01
procured_balancing_capacity,7,2026-02-26T08:15:00,PT15M,2026-02-26T08:30Z,2026-02-26T08:15Z,1,10,9,B95,EUR,A03,A02,7,MAW,MAW,A01,A01
procured_balancing_capacity,7,2026-02-26T08:30:00,PT15M,2026-02-26T08:45Z,2026-02-26T08:30Z,1,10,9,B95,EUR,A03,A02,7,MAW,MAW,A01,A01
procured_balancing_capacity,7,2026-02-26T08:45:00,PT15M,2026-02-26T09:00Z,2026-02-26T08:45Z,1,10,9,B95,EUR,A03,A02,7,MAW,MAW,A01,A01
procured_balancing_capacity,7,2026-02-26T09:00:00,PT15M,2026-02-26T09:15Z,2026-02-26T09:00Z,1,10,9,B95,EUR,A03,A02,7,MAW,MAW,A01,A01
procured_balancing_capacity,7,2026-02-26T09:15:00,PT15M,2026-02-26T09:30Z,2026-02-26T09:15Z,1,10,9,B95,EUR,A03,A02,7,MAW,MAW,A01,A01
procured_balancing_capacity,7,2026-02-26T09:30:00,PT15M,2026-02-26T09:45Z,2026-02-26T09:30Z,1,10,9,B95,EUR,A03,A02,7,MAW,MAW,A01,A01
procured_balancing_capacity,7,2026-02-26T09:45:00,PT15M,2026-02-26T10:00Z,2026-02-26T09:45Z,1,10,9,B95,EUR,A03,A02,7,MAW,MAW,A01,A01
procured_balancing_capacity,7,2026-02-26T10:00:00,PT15M,2026-02-26T10:15Z,2026-02-26T10:00Z,1,10,9,B95,EUR,A03,A02,7,MAW,MAW,A01,A01
procured_balancing_capacity,7,2026-02-26T10:15:00,PT15M,2026-02-26T10:30Z,2026-02-26T10:15Z,1,10,9,B95,EUR,A03,A02,7,MAW,MAW,A01,A01
procured_balancing_capacity,7,2026-02-26T10:30:00,PT15M,2026-02-26T10:45Z,2026-02-26T10:30Z,1,10,9,B95,EUR,A03,A02,7,MAW,MAW,A01,A01
procured_balancing_capacity,7,2026-02-26T10:45:00,PT15M,2026-02-26T11:00Z,2026-02-26T10:45Z,1,10,9,B95,EUR,A03,A02,7,MAW,MAW,A01,A01
procured_balancing_capacity,7,2026-02-26T11:00:00,PT15M,2026-02-26T11:15Z,2026-02-26T11:00Z,1,10,9,B95,EUR,A03,A02,7,MAW,MAW,A01,A01
procured_balancing_capacity,7,2026-02-26T11:15:00,PT15M,2026-02-26T11:30Z,2026-02-26T11:15Z,1,10,9,B95,EUR,A03,A02,7,MAW,MAW,A01,A01
procured_balancing_capacity,7,2026-02-26T11:30:00,PT15M,2026-02-26T11:45Z,2026-02-26T11:30Z,1,10,9,B95,EUR,A03,A02,7,MAW,MAW,A01,A01
procured_balancing_capacity,7,2026-02-26T11:45:00,PT15M,2026-02-26T12:00Z,2026-02-26T11:45Z,1,10,9,B95,EUR,A03,A02,7,MAW,MAW,A01,A01
procured_balancing_capacity,7,2026-02-26T12:00:00,PT15M,2026-02-26T12:15Z,2026-02-26T12:00Z,1,10,9,B95,EUR,A03,A02,7,MAW,MAW,A01,A01
procured_balancing_capacity,7,2026-02-26T12:15:00,PT15M,2026-02-26T12:30Z,2026-02-26T12:15Z,1,10,9,B95,EUR,A03,A02,7,MAW,MAW,A01,A01
procured_balancing_capacity,7,2026-02-26T12:30:00,PT15M,2026-02-26T12:45Z,2026-02-26T12:30Z,1,10,9,B95,EUR,A03,A02,7,MAW,MAW,A01,A01
procured_balancing_capacity,7,2026-02-26T12:45:00,PT15M,2026-02-26T13:00Z,2026-02-26T12:45Z,1,10,9,B95,EUR,A03,A02,7,MAW,MAW,A01,A01
procured_balancing_capacity,7,2026-02-26T13:00:00,PT15M,2026-02-26T13:15Z,2026-02-26T13:00Z,1,10,9,B95,EUR,A03,A02,7,MAW,MAW,A01,A01
procured_balancing_capacity,7,2026-02-26T13:15:00,PT15M,2026-02-26T13:30Z,2026-02-26T13:15Z,1,10,9,B95,EUR,A03,A02,7,MAW,MAW,A01,A01
procured_balancing_capacity,7,2026-02-26T13:30:00,PT15M,2026-02-26T13:45Z,2026-02-26T13:30Z,1,10,9,B95,EUR,A03,A02,7,MAW,MAW,A01,A01
procured_balancing_capacity,7,2026-02-26T13:45:00,PT15M,2026-02-26T14:00Z,2026-02-26T13:45Z,1,10,9,B95,EUR,A03,A02,7,MAW,MAW,A01,A01
procured_balancing_capacity,7,2026-02-26T14:00:00,PT15M,2026-02-26T14:15Z,2026-02-26T14:00Z,1,10,9,B95,EUR,A03,A02,7,MAW,MAW,A01,A01
procured_balancing_capacity,7,2026-02-26T14:15:00,PT15M,2026-02-26T14:30Z,2026-02-26T14:15Z,1,10,9,B95,EUR,A03,A02,7,MAW,MAW,A01,A01
procured_balancing_capacity,7,2026-02-26T14:30:00,PT15M,2026-02-26T14:45Z,2026-02-26T14:30Z,1,10,9,B95,EUR,A03,A02,7,MAW,MAW,A01,A01
procured_balancing_capacity,7,2026-02-26T14:45:00,PT15M,2026-02-26T15:00Z,2026-02-26T14:45Z,1,10,9,B95,EUR,A03,A02,7,MAW,MAW,A01,A01
procured_balancing_capacity,7,2026-02-26T15:00:00,PT15M,2026-02-26T15:15Z,2026-02-26T15:00Z,1,10,9,B95,EUR,A03,A02,7,MAW,MAW,A01,A01
procured_balancing_capacity,7,2026-02-26T15:15:00,PT15M,2026-02-26T15:30Z,2026-02-26T15:15Z,1,10,9,B95,EUR,A03,A02,7,MAW,MAW,A01,A01
procured_balancing_capacity,7,2026-02-26T15:30:00,PT15M,2026-02-26T15:45Z,2026-02-26T15:30Z,1,10,9,B95,EUR,A03,A02,7,MAW,MAW,A01,A01
procured_balancing_capacity,7,2026-02-26T15:45:00,PT15M,2026-02-26T16:00Z,2026-02-26T15:45Z,1,10,9,B95,EUR,A03,A02,7,MAW,MAW,A01,A01
procured_balancing_capacity,7,2026-02-26T16:00:00,PT15M,2026-02-26T16:15Z,2026-02-26T16:00Z,1,10,9,B95,EUR,A03,A02,7,MAW,MAW,A01,A01
procured_balancing_capacity,7,2026-02-26T16:15:00,PT15M,2026-02-26T16:30Z,2026-02-26T16:15Z,1,10,9,B95,EUR,A03,A02,7,MAW,MAW,A01,A01
procured_balancing_capacity,7,2026-02-26T16:30:00,PT15M,2026-02-26T16:45Z,2026-02-26T16:30Z,1,10,9,B95,EUR,A03,A02,7,MAW,MAW,A01,A01
procured_balancing_capacity,7,2026-02-26T16:45:00,PT15M,2026-02-26T17:00Z,2026-02-26T16:45Z,1,10,9,B95,EUR,A03,A02,7,MAW,MAW,A01,A01
procured_balancing_capacity,7,2026-02-26T17:00:00,PT15M,2026-02-26T17:15Z,2026-02-26T17:00Z,1,10,9,B95,EUR,A03,A02,7,MAW,MAW,A01,A01
procured_balancing_capacity,7,2026-02-26T17:15:00,PT15M,2026-02-26T17:30Z,2026-02-26T17:15Z,1,10,9,B95,EUR,A03,A02,7,MAW,MAW,A01,A01
procured_balancing_capacity,7,2026-02-26T17:30:00,PT15M,2026-02-26T17:45Z,2026-02-26T17:30Z,1,10,9,B95,EUR,A03,A02,7,MAW,MAW,A01,A01
procured_balancing_capacity,7,2026-02-26T17:45:00,PT15M,2026-02-26T18:00Z,2026-02-26T17:45Z,1,10,9,B95,EUR,A03,A02,7,MAW,MAW,A01,A01
procured_balancing_capacity,7,2026-02-26T18:00:00,PT15M,2026-02-26T18:15Z,2026-02-26T18:00Z,1,10,9,B95,EUR,A03,A02,7,MAW,MAW,A01,A01
procured_balancing_capacity,7,2026-02-26T18:15:00,PT15M,2026-02-26T18:30Z,2026-02-26T18:15Z,1,10,9,B95,EUR,A03,A02,7,MAW,MAW,A01,A01
procured_balancing_capacity,7,2026-02-26T18:30:00,PT15M,2026-02-26T18:45Z,2026-02-26T18:30Z,1,10,9,B95,EUR,A03,A02,7,MAW,MAW,A01,A01
procured_balancing_capacity,7,2026-02-26T18:45:00,PT15M,2026-02-26T19:00Z,2026-02-26T18:45Z,1,10,9,B95,EUR,A03,A02,7,MAW,MAW,A01,A01
procured_balancing_capacity,7,2026-02-26T19:00:00,PT15M,2026-02-26T19:15Z,2026-02-26T19:00Z,1,10,9,B95,EUR,A03,A02,7,MAW,MAW,A01,A01
procured_balancing_capacity,7,2026-02-26T19:15:00,PT15M,2026-02-26T19:30Z,2026-02-26T19:15Z,1,10,9,B95,EUR,A03,A02,7,MAW,MAW,A01,A01
procured_balancing_capacity,7,2026-02-26T19:30:00,PT15M,2026-02-26T19:45Z,2026-02-26T19:30Z,1,10,9,B95,EUR,A03,A02,7,MAW,MAW,A01,A01
procured_balancing_capacity,7,2026-02-26T19:45:00,PT15M,2026-02-26T20:00Z,2026-02-26T19:45Z,1,10,9,B95,EUR,A03,A02,7,MAW,MAW,A01,A01
procured_balancing_capacity,7,2026-02-26T20:00:00,PT15M,2026-02-26T20:15Z,2026-02-26T20:00Z,1,10,9,B95,EUR,A03,A02,7,MAW,MAW,A01,A01
procured_balancing_capacity,7,2026-02-26T20:15:00,PT15M,2026-02-26T20:30Z,2026-02-26T20:15Z,1,10,9,B95,EUR,A03,A02,7,MAW,MAW,A01,A01
procured_balancing_capacity,7,2026-02-26T20:30:00,PT15M,2026-02-26T20:45Z,2026-02-26T20:30Z,1,10,9,B95,EUR,A03,A02,7,MAW,MAW,A01,A01
procured_balancing_capacity,7,2026-02-26T20:45:00,PT15M,2026-02-26T21:00Z,2026-02-26T20:45Z,1,10,9,B95,EUR,A03,A02,7,MAW,MAW,A01,A01
procured_balancing_capacity,7,2026-02-26T21:00:00,PT15M,2026-02-26T21:15Z,2026-02-26T21:00Z,1,10,5,B95,EUR,A03,A02,7,MAW,MAW,A01,A01
procured_balancing_capacity,7,2026-02-26T21:15:00,PT15M,2026-02-26T21:30Z,2026-02-26T21:15Z,1,10,5,B95,EUR,A03,A02,7,MAW,MAW,A01,A01
procured_balancing_capacity,7,2026-02-26T21:30:00,PT15M,2026-02-26T21:45Z,2026-02-26T21:30Z,1,10,5,B95,EUR,A03,A02,7,MAW,MAW,A01,A01
procured_balancing_capacity,7,2026-02-26T21:45:00,PT15M,2026-02-26T22:00Z,2026-02-26T21:45Z,1,10,5,B95,EUR,A03,A02,7,MAW,MAW,A01,A01
procured_balancing_capacity,7,2026-02-26T22:00:00,PT15M,2026-02-26T22:15Z,2026-02-26T22:00Z,1,10,5,B95,EUR,A03,A02,7,MAW,MAW,A01,A01
procured_balancing_capacity,7,2026-02-26T22:15:00,PT15M,2026-02-26T22:30Z,2026-02-26T22:15Z,1,10,5,B95,EUR,A03,A02,7,MAW,MAW,A01,A01
procured_balancing_capacity,7,2026-02-26T22:30:00,PT15M,2026-02-26T22:45Z,2026-02-26T22:30Z,1,10,5,B95,EUR,A03,A02,7,MAW,MAW,A01,A01
procured_balancing_capacity,7,2026-02-26T22:45:00,PT15M,2026-02-26T23:00Z,2026-02-26T22:45Z,1,10,5,B95,EUR,A03,A02,7,MAW,MAW,A01,A01
procured_balancing_capacity,8,2026-02-25T23:00:00,PT15M,2026-02-25T23:15Z,2026-02-25T23:00Z,1,29.8,3,B95,EUR,A03,A01,8,MAW,MAW,A01,A01
procured_balancing_capacity,8,2026-02-25T23:15:00,PT15M,2026-02-25T23:30Z,2026-02-25T23:15Z,1,29.8,3,B95,EUR,A03,A01,8,MAW,MAW,A01,A01
procured_balancing_capacity,8,2026-02-25T23:30:00,PT15M,2026-02-25T23:45Z,2026-02-25T23:30Z,1,29.8,3,B95,EUR,A03,A01,8,MAW,MAW,A01,A01
procured_balancing_capacity,8,2026-02-25T23:45:00,PT15M,2026-02-26T00:00Z,2026-02-25T23:45Z,1,29.8,3,B95,EUR,A03,A01,8,MAW,MAW,A01,A01
procured_balancing_capacity,8,2026-02-26T00:00:00,PT15M,2026-02-26T00:15Z,2026-02-26T00:00Z,1,29.8,3,B95,EUR,A03,A01,8,MAW,MAW,A01,A01
procured_balancing_capacity,8,2026-02-26T00:15:00,PT15M,2026-02-26T00:30Z,2026-02-26T00:15Z,1,29.8,3,B95,EUR,A03,A01,8,MAW,MAW,A01,A01
procured_balancing_capacity,8,2026-02-26T00:30:00,PT15M,2026-02-26T00:45Z,2026-02-26T00:30Z,1,29.8,3,B95,EUR,A03,A01,8,MAW,MAW,A01,A01
procured_balancing_capacity,8,2026-02-26T00:45:00,PT15M,2026-02-26T01:00Z,2026-02-26T00:45Z,1,29.8,3,B95,EUR,A03,A01,8,MAW,MAW,A01,A01
procured_balancing_capacity,8,2026-02-26T01:00:00,PT15M,2026-02-26T01:15Z,2026-02-26T01:00Z,1,29.8,3,B95,EUR,A03,A01,8,MAW,MAW,A01,A01
procured_balancing_capacity,8,2026-02-26T01:15:00,PT15M,2026-02-26T01:30Z,2026-02-26T01:15Z,1,29.8,3,B95,EUR,A03,A01,8,MAW,MAW,A01,A01
procured_balancing_capacity,8,2026-02-26T01:30:00,PT15M,2026-02-26T01:45Z,2026-02-26T01:30Z,1,29.8,3,B95,EUR,A03,A01,8,MAW,MAW,A01,A01
procured_balancing_capacity,8,2026-02-26T01:45:00,PT15M,2026-02-26T02:00Z,2026-02-26T01:45Z,1,29.8,3,B95,EUR,A03,A01,8,MAW,MAW,A01,A01
procured_balancing_capacity,8,2026-02-26T02:00:00,PT15M,2026-02-26T02:15Z,2026-02-26T02:00Z,1,29.8,2,B95,EUR,A03,A01,8,MAW,MAW,A01,A01
procured_balancing_capacity,8,2026-02-26T02:15:00,PT15M,2026-02-26T02:30Z,2026-02-26T02:15Z,1,29.8,2,B95,EUR,A03,A01,8,MAW,MAW,A01,A01
procured_balancing_capacity,8,2026-02-26T02:30:00,PT15M,2026-02-26T02:45Z,2026-02-26T02:30Z,1,29.8,2,B95,EUR,A03,A01,8,MAW,MAW,A01,A01
procured_balancing_capacity,8,2026-02-26T02:45:00,PT15M,2026-02-26T03:00Z,2026-02-26T02:45Z,1,29.8,2,B95,EUR,A03,A01,8,MAW,MAW,A01,A01
procured_balancing_capacity,8,2026-02-26T03:00:00,PT15M,2026-02-26T03:15Z,2026-02-26T03:00Z,1,0,0,B95,EUR,A03,A01,8,MAW,MAW,A01,A01
procured_balancing_capacity,8,2026-02-26T03:15:00,PT15M,2026-02-26T03:30Z,2026-02-26T03:15Z,1,0,0,B95,EUR,A03,A01,8,MAW,MAW,A01,A01
procured_balancing_capacity,8,2026-02-26T03:30:00,PT15M,2026-02-26T03:45Z,2026-02-26T03:30Z,1,0,0,B95,EUR,A03,A01,8,MAW,MAW,A01,A01
procured_balancing_capacity,8,2026-02-26T03:45:00,PT15M,2026-02-26T04:00Z,2026-02-26T03:45Z,1,0,0,B95,EUR,A03,A01,8,MAW,MAW,A01,A01
procured_balancing_capacity,8,2026-02-26T04:00:00,PT15M,2026-02-26T04:15Z,2026-02-26T04:00Z,1,0,0,B95,EUR,A03,A01,8,MAW,MAW,A01,A01
procured_balancing_capacity,8,2026-02-26T04:15:00,PT15M,2026-02-26T04:30Z,2026-02-26T04:15Z,1,0,0,B95,EUR,A03,A01,8,MAW,MAW,A01,A01
procured_balancing_capacity,8,2026-02-26T04:30:00,PT15M,2026-02-26T04:45Z,2026-02-26T04:30Z,1,0,0,B95,EUR,A03,A01,8,MAW,MAW,A01,A01
procured_balancing_capacity,8,2026-02-26T04:45:00,PT15M,2026-02-26T05:00Z,2026-02-26T04:45Z,1,0,0,B95,EUR,A03,A01,8,MAW,MAW,A01,A01
procured_balancing_capacity,8,2026-02-26T05:00:00,PT15M,2026-02-26T05:15Z,2026-02-26T05:00Z,1,0,0,B95,EUR,A03,A01,8,MAW,MAW,A01,A01
procured_balancing_capacity,8,2026-02-26T05:15:00,PT15M,2026-02-26T05:30Z,2026-02-26T05:15Z,1,0,0,B95,EUR,A03,A01,8,MAW,MAW,A01,A01
procured_balancing_capacity,8,2026-02-26T05:30:00,PT15M,2026-02-26T05:45Z,2026-02-26T05:30Z,1,0,0,B95,EUR,A03,A01,8,MAW,MAW,A01,A01
procured_balancing_capacity,8,2026-02-26T05:45:00,PT15M,2026-02-26T06:00Z,2026-02-26T05:45Z,1,0,0,B95,EUR,A03,A01,8,MAW,MAW,A01,A01
procured_balancing_capacity,8,2026-02-26T06:00:00,PT15M,2026-02-26T06:15Z,2026-02-26T06:00Z,1,0,0,B95,EUR,A03,A01,8,MAW,MAW,A01,A01
procured_balancing_capacity,8,2026-02-26T06:15:00,PT15M,2026-02-26T06:30Z,2026-02-26T06:15Z,1,0,0,B95,EUR,A03,A01,8,MAW,MAW,A01,A01
procured_balancing_capacity,8,2026-02-26T06:30:00,PT15M,2026-02-26T06:45Z,2026-02-26T06:30Z,1,0,0,B95,EUR,A03,A01,8,MAW,MAW,A01,A01
procured_balancing_capacity,8,2026-02-26T06:45:00,PT15M,2026-02-26T07:00Z,2026-02-26T06:45Z,1,0,0,B95,EUR,A03,A01,8,MAW,MAW,A01,A01
procured_balancing_capacity,8,2026-02-26T07:00:00,PT15M,2026-02-26T07:15Z,2026-02-26T07:00Z,1,34.3,1,B95,EUR,A03,A01,8,MAW,MAW,A01,A01
procured_balancing_capacity,8,2026-02-26T07:15:00,PT15M,2026-02-26T07:30Z,2026-02-26T07:15Z,1,34.3,1,B95,EUR,A03,A01,8,MAW,MAW,A01,A01
procured_balancing_capacity,8,2026-02-26T07:30:00,PT15M,2026-02-26T07:45Z,2026-02-26T07:30Z,1,34.3,1,B95,EUR,A03,A01,8,MAW,MAW,A01,A01
procured_balancing_capacity,8,2026-02-26T07:45:00,PT15M,2026-02-26T08:00Z,2026-02-26T07:45Z,1,34.3,1,B95,EUR,A03,A01,8,MAW,MAW,A01,A01
procured_balancing_capacity,8,2026-02-26T08:00:00,PT15M,2026-02-26T08:15Z,2026-02-26T08:00Z,1,29.9,2,B95,EUR,A03,A01,8,MAW,MAW,A01,A01
procured_balancing_capacity,8,2026-02-26T08:15:00,PT15M,2026-02-26T08:30Z,2026-02-26T08:15Z,1,29.9,2,B95,EUR,A03,A01,8,MAW,MAW,A01,A01
procured_balancing_capacity,8,2026-02-26T08:30:00,PT15M,2026-02-26T08:45Z,2026-02-26T08:30Z,1,29.9,2,B95,EUR,A03,A01,8,MAW,MAW,A01,A01
procured_balancing_capacity,8,2026-02-26T08:45:00,PT15M,2026-02-26T09:00Z,2026-02-26T08:45Z,1,29.9,2,B95,EUR,A03,A01,8,MAW,MAW,A01,A01
procured_balancing_capacity,8,2026-02-26T09:00:00,PT15M,2026-02-26T09:15Z,2026-02-26T09:00Z,1,34.3,2,B95,EUR,A03,A01,8,MAW,MAW,A01,A01
procured_balancing_capacity,8,2026-02-26T09:15:00,PT15M,2026-02-26T09:30Z,2026-02-26T09:15Z,1,34.3,2,B95,EUR,A03,A01,8,MAW,MAW,A01,A01
procured_balancing_capacity,8,2026-02-26T09:30:00,PT15M,2026-02-26T09:45Z,2026-02-26T09:30Z,1,34.3,2,B95,EUR,A03,A01,8,MAW,MAW,A01,A01
procured_balancing_capacity,8,2026-02-26T09:45:00,PT15M,2026-02-26T10:00Z,2026-02-26T09:45Z,1,34.3,2,B95,EUR,A03,A01,8,MAW,MAW,A01,A01
procured_balancing_capacity,8,2026-02-26T10:00:00,PT15M,2026-02-26T10:15Z,2026-02-26T10:00Z,1,34.3,2,B95,EUR,A03,A01,8,MAW,MAW,A01,A01
procured_balancing_capacity,8,2026-02-26T10:15:00,PT15M,2026-02-26T10:30Z,2026-02-26T10:15Z,1,34.3,2,B95,EUR,A03,A01,8,MAW,MAW,A01,A01
procured_balancing_capacity,8,2026-02-26T10:30:00,PT15M,2026-02-26T10:45Z,2026-02-26T10:30Z,1,34.3,2,B95,EUR,A03,A01,8,MAW,MAW,A01,A01
procured_balancing_capacity,8,2026-02-26T10:45:00,PT15M,2026-02-26T11:00Z,2026-02-26T10:45Z,1,34.3,2,B95,EUR,A03,A01,8,MAW,MAW,A01,A01
procured_balancing_capacity,8,2026-02-26T11:00:00,PT15M,2026-02-26T11:15Z,2026-02-26T11:00Z,1,34.3,2,B95,EUR,A03,A01,8,MAW,MAW,A01,A01
procured_balancing_capacity,8,2026-02-26T11:15:00,PT15M,2026-02-26T11:30Z,2026-02-26T11:15Z,1,34.3,2,B95,EUR,A03,A01,8,MAW,MAW,A01,A01
procured_balancing_capacity,8,2026-02-26T11:30:00,PT15M,2026-02-26T11:45Z,2026-02-26T11:30Z,1,34.3,2,B95,EUR,A03,A01,8,MAW,MAW,A01,A01
procured_balancing_capacity,8,2026-02-26T11:45:00,PT15M,2026-02-26T12:00Z,2026-02-26T11:45Z,1,34.3,2,B95,EUR,A03,A01,8,MAW,MAW,A01,A01
procured_balancing_capacity,8,2026-02-26T12:00:00,PT15M,2026-02-26T12:15Z,2026-02-26T12:00Z,1,34.3,2,B95,EUR,A03,A01,8,MAW,MAW,A01,A01
procured_balancing_capacity,8,2026-02-26T12:15:00,PT15M,2026-02-26T12:30Z,2026-02-26T12:15Z,1,34.3,2,B95,EUR,A03,A01,8,MAW,MAW,A01,A01
procured_balancing_capacity,8,2026-02-26T12:30:00,PT15M,2026-02-26T12:45Z,2026-02-26T12:30Z,1,34.3,2,B95,EUR,A03,A01,8,MAW,MAW,A01,A01
procured_balancing_capacity,8,2026-02-26T12:45:00,PT15M,2026-02-26T13:00Z,2026-02-26T12:45Z,1,34.3,2,B95,EUR,A03,A01,8,MAW,MAW,A01,A01
procured_balancing_capacity,8,2026-02-26T13:00:00,PT15M,2026-02-26T13:15Z,2026-02-26T13:00Z,1,34.3,2,B95,EUR,A03,A01,8,MAW,MAW,A01,A01
procured_balancing_capacity,8,2026-02-26T13:15:00,PT15M,2026-02-26T13:30Z,2026-02-26T13:15Z,1,34.3,2,B95,EUR,A03,A01,8,MAW,MAW,A01,A01
procured_balancing_capacity,8,2026-02-26T13:30:00,PT15M,2026-02-26T13:45Z,2026-02-26T13:30Z,1,34.3,2,B95,EUR,A03,A01,8,MAW,MAW,A01,A01
procured_balancing_capacity,8,2026-02-26T13:45:00,PT15M,2026-02-26T14:00Z,2026-02-26T13:45Z,1,34.3,2,B95,EUR,A03,A01,8,MAW,MAW,A01,A01
procured_balancing_capacity,8,2026-02-26T14:00:00,PT15M,2026-02-26T14:15Z,2026-02-26T14:00Z,1,34.3,2,B95,EUR,A03,A01,8,MAW,MAW,A01,A01
procured_balancing_capacity,8,2026-02-26T14:15:00,PT15M,2026-02-26T14:30Z,2026-02-26T14:15Z,1,34.3,2,B95,EUR,A03,A01,8,MAW,MAW,A01,A01
procured_balancing_capacity,8,2026-02-26T14:30:00,PT15M,2026-02-26T14:45Z,2026-02-26T14:30Z,1,34.3,2,B95,EUR,A03,A01,8,MAW,MAW,A01,A01
procured_balancing_capacity,8,2026-02-26T14:45:00,PT15M,2026-02-26T15:00Z,2026-02-26T14:45Z,1,34.3,2,B95,EUR,A03,A01,8,MAW,MAW,A01,A01
procured_balancing_capacity,8,2026-02-26T15:00:00,PT15M,2026-02-26T15:15Z,2026-02-26T15:00Z,1,29.9,2,B95,EUR,A03,A01,8,MAW,MAW,A01,A01
procured_balancing_capacity,8,2026-02-26T15:15:00,PT15M,2026-02-26T15:30Z,2026-02-26T15:15Z,1,29.9,2,B95,EUR,A03,A01,8,MAW,MAW,A01,A01
procured_balancing_capacity,8,2026-02-26T15:30:00,PT15M,2026-02-26T15:45Z,2026-02-26T15:30Z,1,29.9,2,B95,EUR,A03,A01,8,MAW,MAW,A01,A01
procured_balancing_capacity,8,2026-02-26T15:45:00,PT15M,2026-02-26T16:00Z,2026-02-26T15:45Z,1,29.9,2,B95,EUR,A03,A01,8,MAW,MAW,A01,A01
procured_balancing_capacity,8,2026-02-26T16:00:00,PT15M,2026-02-26T16:15Z,2026-02-26T16:00Z,1,29.9,1,B95,EUR,A03,A01,8,MAW,MAW,A01,A01
procured_balancing_capacity,8,2026-02-26T16:15:00,PT15M,2026-02-26T16:30Z,2026-02-26T16:15Z,1,29.9,1,B95,EUR,A03,A01,8,MAW,MAW,A01,A01
procured_balancing_capacity,8,2026-02-26T16:30:00,PT15M,2026-02-26T16:45Z,2026-02-26T16:30Z,1,29.9,1,B95,EUR,A03,A01,8,MAW,MAW,A01,A01
procured_balancing_capacity,8,2026-02-26T16:45:00,PT15M,2026-02-26T17:00Z,2026-02-26T16:45Z,1,34.3,1,B95,EUR,A03,A01,8,MAW,MAW,A01,A01
procured_balancing_capacity,8,2026-02-26T17:00:00,PT15M,2026-02-26T17:15Z,2026-02-26T17:00Z,1,34.3,1,B95,EUR,A03,A01,8,MAW,MAW,A01,A01
procured_balancing_capacity,8,2026-02-26T17:15:00,PT15M,2026-02-26T17:30Z,2026-02-26T17:15Z,1,34.3,1,B95,EUR,A03,A01,8,MAW,MAW,A01,A01
procured_balancing_capacity,8,2026-02-26T17:30:00,PT15M,2026-02-26T17:45Z,2026-02-26T17:30Z,1,34.3,1,B95,EUR,A03,A01,8,MAW,MAW,A01,A01
procured_balancing_capacity,8,2026-02-26T17:45:00,PT15M,2026-02-26T18:00Z,2026-02-26T17:45Z,1,34.3,1,B95,EUR,A03,A01,8,MAW,MAW,A01,A01
procured_balancing_capacity,8,2026-02-26T18:00:00,PT15M,2026-02-26T18:15Z,2026-02-26T18:00Z,1,34.3,1,B95,EUR,A03,A01,8,MAW,MAW,A01,A01
procured_balancing_capacity,8,2026-02-26T18:15:00,PT15M,2026-02-26T18:30Z,2026-02-26T18:15Z,1,34.3,1,B95,EUR,A03,A01,8,MAW,MAW,A01,A01
procured_balancing_capacity,8,2026-02-26T18:30:00,PT15M,2026-02-26T18:45Z,2026-02-26T18:30Z,1,34.3,1,B95,EUR,A03,A01,8,MAW,MAW,A01,A01
procured_balancing_capacity,8,2026-02-26T18:45:00,PT15M,2026-02-26T19:00Z,2026-02-26T18:45Z,1,34.3,1,B95,EUR,A03,A01,8,MAW,MAW,A01,A01
procured_balancing_capacity,8,2026-02-26T19:00:00,PT15M,2026-02-26T19:15Z,2026-02-26T19:00Z,1,34.3,1,B95,EUR,A03,A01,8,MAW,MAW,A01,A01
procured_balancing_capacity,8,2026-02-26T19:15:00,PT15M,2026-02-26T19:30Z,2026-02-26T19:15Z,1,34.3,1,B95,EUR,A03,A01,8,MAW,MAW,A01,A01
procured_balancing_capacity,8,2026-02-26T19:30:00,PT15M,2026-02-26T19:45Z,2026-02-26T19:30Z,1,34.3,1,B95,EUR,A03,A01,8,MAW,MAW,A01,A01
procured_balancing_capacity,8,2026-02-26T19:45:00,PT15M,2026-02-26T20:00Z,2026-02-26T19:45Z,1,34.3,1,B95,EUR,A03,A01,8,MAW,MAW,A01,A01
procured_balancing_capacity,8,2026-02-26T20:00:00,PT15M,2026-02-26T20:15Z,2026-02-26T20:00Z,1,34.3,2,B95,EUR,A03,A01,8,MAW,MAW,A01,A01
procured_balancing_capacity,8,2026-02-26T20:15:00,PT15M,2026-02-26T20:30Z,2026-02-26T20:15Z,1,34.3,2,B95,EUR,A03,A01,8,MAW,MAW,A01,A01
procured_balancing_capacity,8,2026-02-26T20:30:00,PT15M,2026-02-26T20:45Z,2026-02-26T20:30Z,1,34.3,2,B95,EUR,A03,A01,8,MAW,MAW,A01,A01
procured_balancing_capacity,8,2026-02-26T20:45:00,PT15M,2026-02-26T21:00Z,2026-02-26T20:45Z,1,34.3,2,B95,EUR,A03,A01,8,MAW,MAW,A01,A01
procured_balancing_capacity,8,2026-02-26T21:00:00,PT15M,2026-02-26T21:15Z,2026-02-26T21:00Z,1,25.9,3,B95,EUR,A03,A01,8,MAW,MAW,A01,A01
procured_balancing_capacity,8,2026-02-26T21:15:00,PT15M,2026-02-26T21:30Z,2026-02-26T21:15Z,1,25.9,3,B95,EUR,A03,A01,8,MAW,MAW,A01,A01
procured_balancing_capacity,8,2026-02-26T21:30:00,PT15M,2026-02-26T21:45Z,2026-02-26T21:30Z,1,25.9,3,B95,EUR,A03,A01,8,MAW,MAW,A01,A01
procured_balancing_capacity,8,2026-02-26T21:45:00,PT15M,2026-02-26T22:00Z,2026-02-26T21:45Z,1,25.9,3,B95,EUR,A03,A01,8,MAW,MAW,A01,A01
procured_balancing_capacity,8,2026-02-26T22:00:00,PT15M,2026-02-26T22:15Z,2026-02-26T22:00Z,1,25.9,3,B95,EUR,A03,A01,8,MAW,MAW,A01,A01
procured_balancing_capacity,8,2026-02-26T22:15:00,PT15M,2026-02-26T22:30Z,2026-02-26T22:15Z,1,25.9,3,B95,EUR,A03,A01,8,MAW,MAW,A01,A01
procured_balancing_capacity,8,2026-02-26T22:30:00,PT15M,2026-02-26T22:45Z,2026-02-26T22:30Z,1,25.9,3,B95,EUR,A03,A01,8,MAW,MAW,A01,A01
procured_balancing_capacity,8,2026-02-26T22:45:00,PT15M,2026-02-26T23:00Z,2026-02-26T22:45Z,1,25.9,3,B95,EUR,A03,A01,8,MAW,MAW,A01,A01
procured_balancing_capacity,9,2026-02-25T23:00:00,PT15M,2026-02-25T23:15Z,2026-02-25T23:00Z,1,9.9,2,B95,EUR,A03,A02,9,MAW,MAW,A01,A01
procured_balancing_capacity,9,2026-02-25T23:15:00,PT15M,2026-02-25T23:30Z,2026-02-25T23:15Z,1,9.9,2,B95,EUR,A03,A02,9,MAW,MAW,A01,A01
procured_balancing_capacity,9,2026-02-25T23:30:00,PT15M,2026-02-25T23:45Z,2026-02-25T23:30Z,1,9.9,2,B95,EUR,A03,A02,9,MAW,MAW,A01,A01
procured_balancing_capacity,9,2026-02-25T23:45:00,PT15M,2026-02-26T00:00Z,2026-02-25T23:45Z,1,9.9,2,B95,EUR,A03,A02,9,MAW,MAW,A01,A01
procured_balancing_capacity,9,2026-02-26T00:00:00,PT15M,2026-02-26T00:15Z,2026-02-26T00:00Z,1,9.9,2,B95,EUR,A03,A02,9,MAW,MAW,A01,A01
procured_balancing_capacity,9,2026-02-26T00:15:00,PT15M,2026-02-26T00:30Z,2026-02-26T00:15Z,1,9.9,2,B95,EUR,A03,A02,9,MAW,MAW,A01,A01
procured_balancing_capacity,9,2026-02-26T00:30:00,PT15M,2026-02-26T00:45Z,2026-02-26T00:30Z,1,9.9,2,B95,EUR,A03,A02,9,MAW,MAW,A01,A01
procured_balancing_capacity,9,2026-02-26T00:45:00,PT15M,2026-02-26T01:00Z,2026-02-26T00:45Z,1,9.9,2,B95,EUR,A03,A02,9,MAW,MAW,A01,A01
procured_balancing_capacity,9,2026-02-26T01:00:00,PT15M,2026-02-26T01:15Z,2026-02-26T01:00Z,1,9.9,2,B95,EUR,A03,A02,9,MAW,MAW,A01,A01
procured_balancing_capacity,9,2026-02-26T01:15:00,PT15M,2026-02-26T01:30Z,2026-02-26T01:15Z,1,9.9,2,B95,EUR,A03,A02,9,MAW,MAW,A01,A01
procured_balancing_capacity,9,2026-02-26T01:30:00,PT15M,2026-02-26T01:45Z,2026-02-26T01:30Z,1,9.9,2,B95,EUR,A03,A02,9,MAW,MAW,A01,A01
procured_balancing_capacity,9,2026-02-26T01:45:00,PT15M,2026-02-26T02:00Z,2026-02-26T01:45Z,1,9.9,2,B95,EUR,A03,A02,9,MAW,MAW,A01,A01
procured_balancing_capacity,9,2026-02-26T02:00:00,PT15M,2026-02-26T02:15Z,2026-02-26T02:00Z,1,9.9,3,B95,EUR,A03,A02,9,MAW,MAW,A01,A01
procured_balancing_capacity,9,2026-02-26T02:15:00,PT15M,2026-02-26T02:30Z,2026-02-26T02:15Z,1,9.9,3,B95,EUR,A03,A02,9,MAW,MAW,A01,A01
procured_balancing_capacity,9,2026-02-26T02:30:00,PT15M,2026-02-26T02:45Z,2026-02-26T02:30Z,1,9.9,3,B95,EUR,A03,A02,9,MAW,MAW,A01,A01
procured_balancing_capacity,9,2026-02-26T02:45:00,PT15M,2026-02-26T03:00Z,2026-02-26T02:45Z,1,9.9,3,B95,EUR,A03,A02,9,MAW,MAW,A01,A01
procured_balancing_capacity,9,2026-02-26T03:00:00,PT15M,2026-02-26T03:15Z,2026-02-26T03:00Z,1,9.9,5,B95,EUR,A03,A02,9,MAW,MAW,A01,A01
procured_balancing_capacity,9,2026-02-26T03:15:00,PT15M,2026-02-26T03:30Z,2026-02-26T03:15Z,1,9.9,5,B95,EUR,A03,A02,9,MAW,MAW,A01,A01
procured_balancing_capacity,9,2026-02-26T03:30:00,PT15M,2026-02-26T03:45Z,2026-02-26T03:30Z,1,9.9,5,B95,EUR,A03,A02,9,MAW,MAW,A01,A01
procured_balancing_capacity,9,2026-02-26T03:45:00,PT15M,2026-02-26T04:00Z,2026-02-26T03:45Z,1,9.9,5,B95,EUR,A03,A02,9,MAW,MAW,A01,A01
procured_balancing_capacity,9,2026-02-26T04:00:00,PT15M,2026-02-26T04:15Z,2026-02-26T04:00Z,1,9.9,5,B95,EUR,A03,A02,9,MAW,MAW,A01,A01
procured_balancing_capacity,9,2026-02-26T04:15:00,PT15M,2026-02-26T04:30Z,2026-02-26T04:15Z,1,9.9,5,B95,EUR,A03,A02,9,MAW,MAW,A01,A01
procured_balancing_capacity,9,2026-02-26T04:30:00,PT15M,2026-02-26T04:45Z,2026-02-26T04:30Z,1,9.9,5,B95,EUR,A03,A02,9,MAW,MAW,A01,A01
procured_balancing_capacity,9,2026-02-26T04:45:00,PT15M,2026-02-26T05:00Z,2026-02-26T04:45Z,1,9.9,5,B95,EUR,A03,A02,9,MAW,MAW,A01,A01
procured_balancing_capacity,9,2026-02-26T05:00:00,PT15M,2026-02-26T05:15Z,2026-02-26T05:00Z,1,10.3,5,B95,EUR,A03,A02,9,MAW,MAW,A01,A01
procured_balancing_capacity,9,2026-02-26T05:15:00,PT15M,2026-02-26T05:30Z,2026-02-26T05:15Z,1,10.3,5,B95,EUR,A03,A02,9,MAW,MAW,A01,A01
procured_balancing_capacity,9,2026-02-26T05:30:00,PT15M,2026-02-26T05:45Z,2026-02-26T05:30Z,1,10.3,5,B95,EUR,A03,A02,9,MAW,MAW,A01,A01
procured_balancing_capacity,9,2026-02-26T05:45:00,PT15M,2026-02-26T06:00Z,2026-02-26T05:45Z,1,10.3,5,B95,EUR,A03,A02,9,MAW,MAW,A01,A01
procured_balancing_capacity,9,2026-02-26T06:00:00,PT15M,2026-02-26T06:15Z,2026-02-26T06:00Z,1,10.3,5,B95,EUR,A03,A02,9,MAW,MAW,A01,A01
procured_balancing_capacity,9,2026-02-26T06:15:00,PT15M,2026-02-26T06:30Z,2026-02-26T06:15Z,1,10.3,5,B95,EUR,A03,A02,9,MAW,MAW,A01,A01
procured_balancing_capacity,9,2026-02-26T06:30:00,PT15M,2026-02-26T06:45Z,2026-02-26T06:30Z,1,10.3,5,B95,EUR,A03,A02,9,MAW,MAW,A01,A01
procured_balancing_capacity,9,2026-02-26T06:45:00,PT15M,2026-02-26T07:00Z,2026-02-26T06:45Z,1,10.3,5,B95,EUR,A03,A02,9,MAW,MAW,A01,A01
procured_balancing_capacity,9,2026-02-26T07:00:00,PT15M,2026-02-26T07:15Z,2026-02-26T07:00Z,1,10.3,4,B95,EUR,A03,A02,9,MAW,MAW,A01,A01
procured_balancing_capacity,9,2026-02-26T07:15:00,PT15M,2026-02-26T07:30Z,2026-02-26T07:15Z,1,10.3,4,B95,EUR,A03,A02,9,MAW,MAW,A01,A01
procured_balancing_capacity,9,2026-02-26T07:30:00,PT15M,2026-02-26T07:45Z,2026-02-26T07:30Z,1,10.3,4,B95,EUR,A03,A02,9,MAW,MAW,A01,A01
procured_balancing_capacity,9,2026-02-26T07:45:00,PT15M,2026-02-26T08:00Z,2026-02-26T07:45Z,1,10.3,4,B95,EUR,A03,A02,9,MAW,MAW,A01,A01
procured_balancing_capacity,9,2026-02-26T08:00:00,PT15M,2026-02-26T08:15Z,2026-02-26T08:00Z,1,10.3,3,B95,EUR,A03,A02,9,MAW,MAW,A01,A01
procured_balancing_capacity,9,2026-02-26T08:15:00,PT15M,2026-02-26T08:30Z,2026-02-26T08:15Z,1,10.3,3,B95,EUR,A03,A02,9,MAW,MAW,A01,A01
procured_balancing_capacity,9,2026-02-26T08:30:00,PT15M,2026-02-26T08:45Z,2026-02-26T08:30Z,1,10.3,3,B95,EUR,A03,A02,9,MAW,MAW,A01,A01
procured_balancing_capacity,9,2026-02-26T08:45:00,PT15M,2026-02-26T09:00Z,2026-02-26T08:45Z,1,10.3,3,B95,EUR,A03,A02,9,MAW,MAW,A01,A01
procured_balancing_capacity,9,2026-02-26T09:00:00,PT15M,2026-02-26T09:15Z,2026-02-26T09:00Z,1,10.3,3,B95,EUR,A03,A02,9,MAW,MAW,A01,A01
procured_balancing_capacity,9,2026-02-26T09:15:00,PT15M,2026-02-26T09:30Z,2026-02-26T09:15Z,1,10.3,3,B95,EUR,A03,A02,9,MAW,MAW,A01,A01
procured_balancing_capacity,9,2026-02-26T09:30:00,PT15M,2026-02-26T09:45Z,2026-02-26T09:30Z,1,10.3,3,B95,EUR,A03,A02,9,MAW,MAW,A01,A01
procured_balancing_capacity,9,2026-02-26T09:45:00,PT15M,2026-02-26T10:00Z,2026-02-26T09:45Z,1,10.3,3,B95,EUR,A03,A02,9,MAW,MAW,A01,A01
procured_balancing_capacity,9,2026-02-26T10:00:00,PT15M,2026-02-26T10:15Z,2026-02-26T10:00Z,1,10.3,3,B95,EUR,A03,A02,9,MAW,MAW,A01,A01
procured_balancing_capacity,9,2026-02-26T10:15:00,PT15M,2026-02-26T10:30Z,2026-02-26T10:15Z,1,10.3,3,B95,EUR,A03,A02,9,MAW,MAW,A01,A01
procured_balancing_capacity,9,2026-02-26T10:30:00,PT15M,2026-02-26T10:45Z,2026-02-26T10:30Z,1,10.3,3,B95,EUR,A03,A02,9,MAW,MAW,A01,A01
procured_balancing_capacity,9,2026-02-26T10:45:00,PT15M,2026-02-26T11:00Z,2026-02-26T10:45Z,1,10.3,3,B95,EUR,A03,A02,9,MAW,MAW,A01,A01
procured_balancing_capacity,9,2026-02-26T11:00:00,PT15M,2026-02-26T11:15Z,2026-02-26T11:00Z,1,10.3,3,B95,EUR,A03,A02,9,MAW,MAW,A01,A01
procured_balancing_capacity,9,2026-02-26T11:15:00,PT15M,2026-02-26T11:30Z,2026-02-26T11:15Z,1,10.3,3,B95,EUR,A03,A02,9,MAW,MAW,A01,A01
procured_balancing_capacity,9,2026-02-26T11:30:00,PT15M,2026-02-26T11:45Z,2026-02-26T11:30Z,1,10.3,3,B95,EUR,A03,A02,9,MAW,MAW,A01,A01
procured_balancing_capacity,9,2026-02-26T11:45:00,PT15M,2026-02-26T12:00Z,2026-02-26T11:45Z,1,10.3,3,B95,EUR,A03,A02,9,MAW,MAW,A01,A01
procured_balancing_capacity,9,2026-02-26T12:00:00,PT15M,2026-02-26T12:15Z,2026-02-26T12:00Z,1,10.3,3,B95,EUR,A03,A02,9,MAW,MAW,A01,A01
procured_balancing_capacity,9,2026-02-26T12:15:00,PT15M,2026-02-26T12:30Z,2026-02-26T12:15Z,1,10.3,3,B95,EUR,A03,A02,9,MAW,MAW,A01,A01
procured_balancing_capacity,9,2026-02-26T12:30:00,PT15M,2026-02-26T12:45Z,2026-02-26T12:30Z,1,10.3,3,B95,EUR,A03,A02,9,MAW,MAW,A01,A01
procured_balancing_capacity,9,2026-02-26T12:45:00,PT15M,2026-02-26T13:00Z,2026-02-26T12:45Z,1,10.3,3,B95,EUR,A03,A02,9,MAW,MAW,A01,A01
procured_balancing_capacity,9,2026-02-26T13:00:00,PT15M,2026-02-26T13:15Z,2026-02-26T13:00Z,1,10.3,3,B95,EUR,A03,A02,9,MAW,MAW,A01,A01
procured_balancing_capacity,9,2026-02-26T13:15:00,PT15M,2026-02-26T13:30Z,2026-02-26T13:15Z,1,10.3,3,B95,EUR,A03,A02,9,MAW,MAW,A01,A01
procured_balancing_capacity,9,2026-02-26T13:30:00,PT15M,2026-02-26T13:45Z,2026-02-26T13:30Z,1,10.3,3,B95,EUR,A03,A02,9,MAW,MAW,A01,A01
procured_balancing_capacity,9,2026-02-26T13:45:00,PT15M,2026-02-26T14:00Z,2026-02-26T13:45Z,1,10.3,3,B95,EUR,A03,A02,9,MAW,MAW,A01,A01
procured_balancing_capacity,9,2026-02-26T14:00:00,PT15M,2026-02-26T14:15Z,2026-02-26T14:00Z,1,10.3,3,B95,EUR,A03,A02,9,MAW,MAW,A01,A01
procured_balancing_capacity,9,2026-02-26T14:15:00,PT15M,2026-02-26T14:30Z,2026-02-26T14:15Z,1,10.3,3,B95,EUR,A03,A02,9,MAW,MAW,A01,A01
procured_balancing_capacity,9,2026-02-26T14:30:00,PT15M,2026-02-26T14:45Z,2026-02-26T14:30Z,1,10.3,3,B95,EUR,A03,A02,9,MAW,MAW,A01,A01
procured_balancing_capacity,9,2026-02-26T14:45:00,PT15M,2026-02-26T15:00Z,2026-02-26T14:45Z,1,10.3,3,B95,EUR,A03,A02,9,MAW,MAW,A01,A01
procured_balancing_capacity,9,2026-02-26T15:00:00,PT15M,2026-02-26T15:15Z,2026-02-26T15:00Z,1,10.3,3,B95,EUR,A03,A02,9,MAW,MAW,A01,A01
procured_balancing_capacity,9,2026-02-26T15:15:00,PT15M,2026-02-26T15:30Z,2026-02-26T15:15Z,1,10.3,3,B95,EUR,A03,A02,9,MAW,MAW,A01,A01
procured_balancing_capacity,9,2026-02-26T15:30:00,PT15M,2026-02-26T15:45Z,2026-02-26T15:30Z,1,10.3,3,B95,EUR,A03,A02,9,MAW,MAW,A01,A01
procured_balancing_capacity,9,2026-02-26T15:45:00,PT15M,2026-02-26T16:00Z,2026-02-26T15:45Z,1,10.3,3,B95,EUR,A03,A02,9,MAW,MAW,A01,A01
procured_balancing_capacity,9,2026-02-26T16:00:00,PT15M,2026-02-26T16:15Z,2026-02-26T16:00Z,1,10.3,4,B95,EUR,A03,A02,9,MAW,MAW,A01,A01
procured_balancing_capacity,9,2026-02-26T16:15:00,PT15M,2026-02-26T16:30Z,2026-02-26T16:15Z,1,10.3,4,B95,EUR,A03,A02,9,MAW,MAW,A01,A01
procured_balancing_capacity,9,2026-02-26T16:30:00,PT15M,2026-02-26T16:45Z,2026-02-26T16:30Z,1,10.3,4,B95,EUR,A03,A02,9,MAW,MAW,A01,A01
procured_balancing_capacity,9,2026-02-26T16:45:00,PT15M,2026-02-26T17:00Z,2026-02-26T16:45Z,1,10.3,4,B95,EUR,A03,A02,9,MAW,MAW,A01,A01
procured_balancing_capacity,9,2026-02-26T17:00:00,PT15M,2026-02-26T17:15Z,2026-02-26T17:00Z,1,10.3,4,B95,EUR,A03,A02,9,MAW,MAW,A01,A01
procured_balancing_capacity,9,2026-02-26T17:15:00,PT15M,2026-02-26T17:30Z,2026-02-26T17:15Z,1,10.3,4,B95,EUR,A03,A02,9,MAW,MAW,A01,A01
procured_balancing_capacity,9,2026-02-26T17:30:00,PT15M,2026-02-26T17:45Z,2026-02-26T17:30Z,1,10.3,4,B95,EUR,A03,A02,9,MAW,MAW,A01,A01
procured_balancing_capacity,9,2026-02-26T17:45:00,PT15M,2026-02-26T18:00Z,2026-02-26T17:45Z,1,10.3,4,B95,EUR,A03,A02,9,MAW,MAW,A01,A01
procured_balancing_capacity,9,2026-02-26T18:00:00,PT15M,2026-02-26T18:15Z,2026-02-26T18:00Z,1,10.3,4,B95,EUR,A03,A02,9,MAW,MAW,A01,A01
procured_balancing_capacity,9,2026-02-26T18:15:00,PT15M,2026-02-26T18:30Z,2026-02-26T18:15Z,1,10.3,4,B95,EUR,A03,A02,9,MAW,MAW,A01,A01
procured_balancing_capacity,9,2026-02-26T18:30:00,PT15M,2026-02-26T18:45Z,2026-02-26T18:30Z,1,10.3,4,B95,EUR,A03,A02,9,MAW,MAW,A01,A01
procured_balancing_capacity,9,2026-02-26T18:45:00,PT15M,2026-02-26T19:00Z,2026-02-26T18:45Z,1,10.3,4,B95,EUR,A03,A02,9,MAW,MAW,A01,A01
procured_balancing_capacity,9,2026-02-26T19:00:00,PT15M,2026-02-26T19:15Z,2026-02-26T19:00Z,1,10.3,4,B95,EUR,A03,A02,9,MAW,MAW,A01,A01
procured_balancing_capacity,9,2026-02-26T19:15:00,PT15M,2026-02-26T19:30Z,2026-02-26T19:15Z,1,10.3,4,B95,EUR,A03,A02,9,MAW,MAW,A01,A01
procured_balancing_capacity,9,2026-02-26T19:30:00,PT15M,2026-02-26T19:45Z,2026-02-26T19:30Z,1,10.3,4,B95,EUR,A03,A02,9,MAW,MAW,A01,A01
procured_balancing_capacity,9,2026-02-26T19:45:00,PT15M,2026-02-26T20:00Z,2026-02-26T19:45Z,1,10.3,4,B95,EUR,A03,A02,9,MAW,MAW,A01,A01
procured_balancing_capacity,9,2026-02-26T20:00:00,PT15M,2026-02-26T20:15Z,2026-02-26T20:00Z,1,10.3,3,B95,EUR,A03,A02,9,MAW,MAW,A01,A01
procured_balancing_capacity,9,2026-02-26T20:15:00,PT15M,2026-02-26T20:30Z,2026-02-26T20:15Z,1,10.3,3,B95,EUR,A03,A02,9,MAW,MAW,A01,A01
procured_balancing_capacity,9,2026-02-26T20:30:00,PT15M,2026-02-26T20:45Z,2026-02-26T20:30Z,1,10.3,3,B95,EUR,A03,A02,9,MAW,MAW,A01,A01
procured_balancing_capacity,9,2026-02-26T20:45:00,PT15M,2026-02-26T21:00Z,2026-02-26T20:45Z,1,10.3,3,B95,EUR,A03,A02,9,MAW,MAW,A01,A01
procured_balancing_capacity,9,2026-02-26T21:00:00,PT15M,2026-02-26T21:15Z,2026-02-26T21:00Z,1,9.9,2,B95,EUR,A03,A02,9,MAW,MAW,A01,A01
procured_balancing_capacity,9,2026-02-26T21:15:00,PT15M,2026-02-26T21:30Z,2026-02-26T21:15Z,1,9.9,2,B95,EUR,A03,A02,9,MAW,MAW,A01,A01
procured_balancing_capacity,9,2026-02-26T21:30:00,PT15M,2026-02-26T21:45Z,2026-02-26T21:30Z,1,9.9,2,B95,EUR,A03,A02,9,MAW,MAW,A01,A01
procured_balancing_capacity,9,2026-02-26T21:45:00,PT15M,2026-02-26T22:00Z,2026-02-26T21:45Z,1,9.9,2,B95,EUR,A03,A02,9,MAW,MAW,A01,A01
procured_balancing_capacity,9,2026-02-26T22:00:00,PT15M,2026-02-26T22:15Z,2026-02-26T22:00Z,1,9.9,2,B95,EUR,A03,A02,9,MAW,MAW,A01,A01
procured_balancing_capacity,9,2026-02-26T22:15:00,PT15M,2026-02-26T22:30Z,2026-02-26T22:15Z,1,9.9,2,B95,EUR,A03,A02,9,MAW,MAW,A01,A01
procured_balancing_capacity,9,2026-02-26T22:30:00,PT15M,2026-02-26T22:45Z,2026-02-26T22:30Z,1,9.9,2,B95,EUR,A03,A02,9,MAW,MAW,A01,A01
procured_balancing_capacity,9,2026-02-26T22:45:00,PT15M,2026-02-26T23:00Z,2026-02-26T22:45Z,1,9.9,2,B95,EUR,A03,A02,9,MAW,MAW,A01,A01
procured_balancing_capacity,10,2026-02-25T23:00:00,PT15M,2026-02-25T23:15Z,2026-02-25T23:00Z,1,0,0,B95,EUR,A03,A01,10,MAW,MAW,A01,A01
procured_balancing_capacity,10,2026-02-25T23:15:00,PT15M,2026-02-25T23:30Z,2026-02-25T23:15Z,1,0,0,B95,EUR,A03,A01,10,MAW,MAW,A01,A01
procured_balancing_capacity,10,2026-02-25T23:30:00,PT15M,2026-02-25T23:45Z,2026-02-25T23:30Z,1,0,0,B95,EUR,A03,A01,10,MAW,MAW,A01,A01
procured_balancing_capacity,10,2026-02-25T23:45:00,PT15M,2026-02-26T00:00Z,2026-02-25T23:45Z,1,0,0,B95,EUR,A03,A01,10,MAW,MAW,A01,A01
procured_balancing_capacity,10,2026-02-26T00:00:00,PT15M,2026-02-26T00:15Z,2026-02-26T00:00Z,1,0,0,B95,EUR,A03,A01,10,MAW,MAW,A01,A01
procured_balancing_capacity,10,2026-02-26T00:15:00,PT15M,2026-02-26T00:30Z,2026-02-26T00:15Z,1,0,0,B95,EUR,A03,A01,10,MAW,MAW,A01,A01
procured_balancing_capacity,10,2026-02-26T00:30:00,PT15M,2026-02-26T00:45Z,2026-02-26T00:30Z,1,0,0,B95,EUR,A03,A01,10,MAW,MAW,A01,A01
procured_balancing_capacity,10,2026-02-26T00:45:00,PT15M,2026-02-26T01:00Z,2026-02-26T00:45Z,1,0,0,B95,EUR,A03,A01,10,MAW,MAW,A01,A01
procured_balancing_capacity,10,2026-02-26T01:00:00,PT15M,2026-02-26T01:15Z,2026-02-26T01:00Z,1,0,0,B95,EUR,A03,A01,10,MAW,MAW,A01,A01
procured_balancing_capacity,10,2026-02-26T01:15:00,PT15M,2026-02-26T01:30Z,2026-02-26T01:15Z,1,0,0,B95,EUR,A03,A01,10,MAW,MAW,A01,A01
procured_balancing_capacity,10,2026-02-26T01:30:00,PT15M,2026-02-26T01:45Z,2026-02-26T01:30Z,1,0,0,B95,EUR,A03,A01,10,MAW,MAW,A01,A01
procured_balancing_capacity,10,2026-02-26T01:45:00,PT15M,2026-02-26T02:00Z,2026-02-26T01:45Z,1,0,0,B95,EUR,A03,A01,10,MAW,MAW,A01,A01
procured_balancing_capacity,10,2026-02-26T02:00:00,PT15M,2026-02-26T02:15Z,2026-02-26T02:00Z,1,0,0,B95,EUR,A03,A01,10,MAW,MAW,A01,A01
procured_balancing_capacity,10,2026-02-26T02:15:00,PT15M,2026-02-26T02:30Z,2026-02-26T02:15Z,1,0,0,B95,EUR,A03,A01,10,MAW,MAW,A01,A01
procured_balancing_capacity,10,2026-02-26T02:30:00,PT15M,2026-02-26T02:45Z,2026-02-26T02:30Z,1,0,0,B95,EUR,A03,A01,10,MAW,MAW,A01,A01
procured_balancing_capacity,10,2026-02-26T02:45:00,PT15M,2026-02-26T03:00Z,2026-02-26T02:45Z,1,0,0,B95,EUR,A03,A01,10,MAW,MAW,A01,A01
procured_balancing_capacity,10,2026-02-26T03:00:00,PT15M,2026-02-26T03:15Z,2026-02-26T03:00Z,1,0,0,B95,EUR,A03,A01,10,MAW,MAW,A01,A01
procured_balancing_capacity,10,2026-02-26T03:15:00,PT15M,2026-02-26T03:30Z,2026-02-26T03:15Z,1,0,0,B95,EUR,A03,A01,10,MAW,MAW,A01,A01
procured_balancing_capacity,10,2026-02-26T03:30:00,PT15M,2026-02-26T03:45Z,2026-02-26T03:30Z,1,0,0,B95,EUR,A03,A01,10,MAW,MAW,A01,A01
procured_balancing_capacity,10,2026-02-26T03:45:00,PT15M,2026-02-26T04:00Z,2026-02-26T03:45Z,1,0,0,B95,EUR,A03,A01,10,MAW,MAW,A01,A01
procured_balancing_capacity,10,2026-02-26T04:00:00,PT15M,2026-02-26T04:15Z,2026-02-26T04:00Z,1,0,0,B95,EUR,A03,A01,10,MAW,MAW,A01,A01
procured_balancing_capacity,10,2026-02-26T04:15:00,PT15M,2026-02-26T04:30Z,2026-02-26T04:15Z,1,0,0,B95,EUR,A03,A01,10,MAW,MAW,A01,A01
procured_balancing_capacity,10,2026-02-26T04:30:00,PT15M,2026-02-26T04:45Z,2026-02-26T04:30Z,1,0,0,B95,EUR,A03,A01,10,MAW,MAW,A01,A01
procured_balancing_capacity,10,2026-02-26T04:45:00,PT15M,2026-02-26T05:00Z,2026-02-26T04:45Z,1,0,0,B95,EUR,A03,A01,10,MAW,MAW,A01,A01
procured_balancing_capacity,10,2026-02-26T05:00:00,PT15M,2026-02-26T05:15Z,2026-02-26T05:00Z,1,0,0,B95,EUR,A03,A01,10,MAW,MAW,A01,A01
procured_balancing_capacity,10,2026-02-26T05:15:00,PT15M,2026-02-26T05:30Z,2026-02-26T05:15Z,1,0,0,B95,EUR,A03,A01,10,MAW,MAW,A01,A01
procured_balancing_capacity,10,2026-02-26T05:30:00,PT15M,2026-02-26T05:45Z,2026-02-26T05:30Z,1,0,0,B95,EUR,A03,A01,10,MAW,MAW,A01,A01
procured_balancing_capacity,10,2026-02-26T05:45:00,PT15M,2026-02-26T06:00Z,2026-02-26T05:45Z,1,0,0,B95,EUR,A03,A01,10,MAW,MAW,A01,A01
procured_balancing_capacity,10,2026-02-26T06:00:00,PT15M,2026-02-26T06:15Z,2026-02-26T06:00Z,1,0,0,B95,EUR,A03,A01,10,MAW,MAW,A01,A01
procured_balancing_capacity,10,2026-02-26T06:15:00,PT15M,2026-02-26T06:30Z,2026-02-26T06:15Z,1,0,0,B95,EUR,A03,A01,10,MAW,MAW,A01,A01
procured_balancing_capacity,10,2026-02-26T06:30:00,PT15M,2026-02-26T06:45Z,2026-02-26T06:30Z,1,0,0,B95,EUR,A03,A01,10,MAW,MAW,A01,A01
procured_balancing_capacity,10,2026-02-26T06:45:00,PT15M,2026-02-26T07:00Z,2026-02-26T06:45Z,1,0,0,B95,EUR,A03,A01,10,MAW,MAW,A01,A01
procured_balancing_capacity,10,2026-02-26T07:00:00,PT15M,2026-02-26T07:15Z,2026-02-26T07:00Z,1,0,0,B95,EUR,A03,A01,10,MAW,MAW,A01,A01
procured_balancing_capacity,10,2026-02-26T07:15:00,PT15M,2026-02-26T07:30Z,2026-02-26T07:15Z,1,0,0,B95,EUR,A03,A01,10,MAW,MAW,A01,A01
procured_balancing_capacity,10,2026-02-26T07:30:00,PT15M,2026-02-26T07:45Z,2026-02-26T07:30Z,1,0,0,B95,EUR,A03,A01,10,MAW,MAW,A01,A01
procured_balancing_capacity,10,2026-02-26T07:45:00,PT15M,2026-02-26T08:00Z,2026-02-26T07:45Z,1,0,0,B95,EUR,A03,A01,10,MAW,MAW,A01,A01
procured_balancing_capacity,10,2026-02-26T08:00:00,PT15M,2026-02-26T08:15Z,2026-02-26T08:00Z,1,0,0,B95,EUR,A03,A01,10,MAW,MAW,A01,A01
procured_balancing_capacity,10,2026-02-26T08:15:00,PT15M,2026-02-26T08:30Z,2026-02-26T08:15Z,1,0,0,B95,EUR,A03,A01,10,MAW,MAW,A01,A01
procured_balancing_capacity,10,2026-02-26T08:30:00,PT15M,2026-02-26T08:45Z,2026-02-26T08:30Z,1,0,0,B95,EUR,A03,A01,10,MAW,MAW,A01,A01
procured_balancing_capacity,10,2026-02-26T08:45:00,PT15M,2026-02-26T09:00Z,2026-02-26T08:45Z,1,0,0,B95,EUR,A03,A01,10,MAW,MAW,A01,A01
procured_balancing_capacity,10,2026-02-26T09:00:00,PT15M,2026-02-26T09:15Z,2026-02-26T09:00Z,1,0,0,B95,EUR,A03,A01,10,MAW,MAW,A01,A01
procured_balancing_capacity,10,2026-02-26T09:15:00,PT15M,2026-02-26T09:30Z,2026-02-26T09:15Z,1,0,0,B95,EUR,A03,A01,10,MAW,MAW,A01,A01
procured_balancing_capacity,10,2026-02-26T09:30:00,PT15M,2026-02-26T09:45Z,2026-02-26T09:30Z,1,0,0,B95,EUR,A03,A01,10,MAW,MAW,A01,A01
procured_balancing_capacity,10,2026-02-26T09:45:00,PT15M,2026-02-26T10:00Z,2026-02-26T09:45Z,1,0,0,B95,EUR,A03,A01,10,MAW,MAW,A01,A01
procured_balancing_capacity,10,2026-02-26T10:00:00,PT15M,2026-02-26T10:15Z,2026-02-26T10:00Z,1,0,0,B95,EUR,A03,A01,10,MAW,MAW,A01,A01
procured_balancing_capacity,10,2026-02-26T10:15:00,PT15M,2026-02-26T10:30Z,2026-02-26T10:15Z,1,0,0,B95,EUR,A03,A01,10,MAW,MAW,A01,A01
procured_balancing_capacity,10,2026-02-26T10:30:00,PT15M,2026-02-26T10:45Z,2026-02-26T10:30Z,1,0,0,B95,EUR,A03,A01,10,MAW,MAW,A01,A01
procured_balancing_capacity,10,2026-02-26T10:45:00,PT15M,2026-02-26T11:00Z,2026-02-26T10:45Z,1,0,0,B95,EUR,A03,A01,10,MAW,MAW,A01,A01
procured_balancing_capacity,10,2026-02-26T11:00:00,PT15M,2026-02-26T11:15Z,2026-02-26T11:00Z,1,0,0,B95,EUR,A03,A01,10,MAW,MAW,A01,A01
procured_balancing_capacity,10,2026-02-26T11:15:00,PT15M,2026-02-26T11:30Z,2026-02-26T11:15Z,1,0,0,B95,EUR,A03,A01,10,MAW,MAW,A01,A01
procured_balancing_capacity,10,2026-02-26T11:30:00,PT15M,2026-02-26T11:45Z,2026-02-26T11:30Z,1,0,0,B95,EUR,A03,A01,10,MAW,MAW,A01,A01
procured_balancing_capacity,10,2026-02-26T11:45:00,PT15M,2026-02-26T12:00Z,2026-02-26T11:45Z,1,0,0,B95,EUR,A03,A01,10,MAW,MAW,A01,A01
procured_balancing_capacity,10,2026-02-26T12:00:00,PT15M,2026-02-26T12:15Z,2026-02-26T12:00Z,1,0,0,B95,EUR,A03,A01,10,MAW,MAW,A01,A01
procured_balancing_capacity,10,2026-02-26T12:15:00,PT15M,2026-02-26T12:30Z,2026-02-26T12:15Z,1,0,0,B95,EUR,A03,A01,10,MAW,MAW,A01,A01
procured_balancing_capacity,10,2026-02-26T12:30:00,PT15M,2026-02-26T12:45Z,2026-02-26T12:30Z,1,0,0,B95,EUR,A03,A01,10,MAW,MAW,A01,A01
procured_balancing_capacity,10,2026-02-26T12:45:00,PT15M,2026-02-26T13:00Z,2026-02-26T12:45Z,1,0,0,B95,EUR,A03,A01,10,MAW,MAW,A01,A01
procured_balancing_capacity,10,2026-02-26T13:00:00,PT15M,2026-02-26T13:15Z,2026-02-26T13:00Z,1,0,0,B95,EUR,A03,A01,10,MAW,MAW,A01,A01
procured_balancing_capacity,10,2026-02-26T13:15:00,PT15M,2026-02-26T13:30Z,2026-02-26T13:15Z,1,0,0,B95,EUR,A03,A01,10,MAW,MAW,A01,A01
procured_balancing_capacity,10,2026-02-26T13:30:00,PT15M,2026-02-26T13:45Z,2026-02-26T13:30Z,1,0,0,B95,EUR,A03,A01,10,MAW,MAW,A01,A01
procured_balancing_capacity,10,2026-02-26T13:45:00,PT15M,2026-02-26T14:00Z,2026-02-26T13:45Z,1,0,0,B95,EUR,A03,A01,10,MAW,MAW,A01,A01
procured_balancing_capacity,10,2026-02-26T14:00:00,PT15M,2026-02-26T14:15Z,2026-02-26T14:00Z,1,0,0,B95,EUR,A03,A01,10,MAW,MAW,A01,A01
procured_balancing_capacity,10,2026-02-26T14:15:00,PT15M,2026-02-26T14:30Z,2026-02-26T14:15Z,1,0,0,B95,EUR,A03,A01,10,MAW,MAW,A01,A01
procured_balancing_capacity,10,2026-02-26T14:30:00,PT15M,2026-02-26T14:45Z,2026-02-26T14:30Z,1,0,0,B95,EUR,A03,A01,10,MAW,MAW,A01,A01
procured_balancing_capacity,10,2026-02-26T14:45:00,PT15M,2026-02-26T15:00Z,2026-02-26T14:45Z,1,0,0,B95,EUR,A03,A01,10,MAW,MAW,A01,A01
procured_balancing_capacity,10,2026-02-26T15:00:00,PT15M,2026-02-26T15:15Z,2026-02-26T15:00Z,1,34,45,B95,EUR,A03,A01,10,MAW,MAW,A01,A01
procured_balancing_capacity,10,2026-02-26T15:15:00,PT15M,2026-02-26T15:30Z,2026-02-26T15:15Z,1,34,45,B95,EUR,A03,A01,10,MAW,MAW,A01,A01
procured_balancing_capacity,10,2026-02-26T15:30:00,PT15M,2026-02-26T15:45Z,2026-02-26T15:30Z,1,34,45,B95,EUR,A03,A01,10,MAW,MAW,A01,A01
procured_balancing_capacity,10,2026-02-26T15:45:00,PT15M,2026-02-26T16:00Z,2026-02-26T15:45Z,1,34,45,B95,EUR,A03,A01,10,MAW,MAW,A01,A01
procured_balancing_capacity,10,2026-02-26T16:00:00,PT15M,2026-02-26T16:15Z,2026-02-26T16:00Z,1,34,45,B95,EUR,A03,A01,10,MAW,MAW,A01,A01
procured_balancing_capacity,10,2026-02-26T16:15:00,PT15M,2026-02-26T16:30Z,2026-02-26T16:15Z,1,34,45,B95,EUR,A03,A01,10,MAW,MAW,A01,A01
procured_balancing_capacity,10,2026-02-26T16:30:00,PT15M,2026-02-26T16:45Z,2026-02-26T16:30Z,1,34,45,B95,EUR,A03,A01,10,MAW,MAW,A01,A01
procured_balancing_capacity,10,2026-02-26T16:45:00,PT15M,2026-02-26T17:00Z,2026-02-26T16:45Z,1,0,0,B95,EUR,A03,A01,10,MAW,MAW,A01,A01
procured_balancing_capacity,10,2026-02-26T17:00:00,PT15M,2026-02-26T17:15Z,2026-02-26T17:00Z,1,0,0,B95,EUR,A03,A01,10,MAW,MAW,A01,A01
procured_balancing_capacity,10,2026-02-26T17:15:00,PT15M,2026-02-26T17:30Z,2026-02-26T17:15Z,1,0,0,B95,EUR,A03,A01,10,MAW,MAW,A01,A01
procured_balancing_capacity,10,2026-02-26T17:30:00,PT15M,2026-02-26T17:45Z,2026-02-26T17:30Z,1,0,0,B95,EUR,A03,A01,10,MAW,MAW,A01,A01
procured_balancing_capacity,10,2026-02-26T17:45:00,PT15M,2026-02-26T18:00Z,2026-02-26T17:45Z,1,0,0,B95,EUR,A03,A01,10,MAW,MAW,A01,A01
procured_balancing_capacity,10,2026-02-26T18:00:00,PT15M,2026-02-26T18:15Z,2026-02-26T18:00Z,1,0,0,B95,EUR,A03,A01,10,MAW,MAW,A01,A01
procured_balancing_capacity,10,2026-02-26T18:15:00,PT15M,2026-02-26T18:30Z,2026-02-26T18:15Z,1,0,0,B95,EUR,A03,A01,10,MAW,MAW,A01,A01
procured_balancing_capacity,10,2026-02-26T18:30:00,PT15M,2026-02-26T18:45Z,2026-02-26T18:30Z,1,0,0,B95,EUR,A03,A01,10,MAW,MAW,A01,A01
procured_balancing_capacity,10,2026-02-26T18:45:00,PT15M,2026-02-26T19:00Z,2026-02-26T18:45Z,1,0,0,B95,EUR,A03,A01,10,MAW,MAW,A01,A01
procured_balancing_capacity,10,2026-02-26T19:00:00,PT15M,2026-02-26T19:15Z,2026-02-26T19:00Z,1,34,45,B95,EUR,A03,A01,10,MAW,MAW,A01,A01
procured_balancing_capacity,10,2026-02-26T19:15:00,PT15M,2026-02-26T19:30Z,2026-02-26T19:15Z,1,34,45,B95,EUR,A03,A01,10,MAW,MAW,A01,A01
procured_balancing_capacity,10,2026-02-26T19:30:00,PT15M,2026-02-26T19:45Z,2026-02-26T19:30Z,1,34,45,B95,EUR,A03,A01,10,MAW,MAW,A01,A01
procured_balancing_capacity,10,2026-02-26T19:45:00,PT15M,2026-02-26T20:00Z,2026-02-26T19:45Z,1,34,45,B95,EUR,A03,A01,10,MAW,MAW,A01,A01
procured_balancing_capacity,10,2026-02-26T20:00:00,PT15M,2026-02-26T20:15Z,2026-02-26T20:00Z,1,34,45,B95,EUR,A03,A01,10,MAW,MAW,A01,A01
procured_balancing_capacity,10,2026-02-26T20:15:00,PT15M,2026-02-26T20:30Z,2026-02-26T20:15Z,1,34,45,B95,EUR,A03,A01,10,MAW,MAW,A01,A01
procured_balancing_capacity,10,2026-02-26T20:30:00,PT15M,2026-02-26T20:45Z,2026-02-26T20:30Z,1,34,45,B95,EUR,A03,A01,10,MAW,MAW,A01,A01
procured_balancing_capacity,10,2026-02-26T20:45:00,PT15M,2026-02-26T21:00Z,2026-02-26T20:45Z,1,34,45,B95,EUR,A03,A01,10,MAW,MAW,A01,A01
procured_balancing_capacity,10,2026-02-26T21:00:00,PT15M,2026-02-26T21:15Z,2026-02-26T21:00Z,1,32,26,B95,EUR,A03,A01,10,MAW,MAW,A01,A01
procured_balancing_capacity,10,2026-02-26T21:15:00,PT15M,2026-02-26T21:30Z,2026-02-26T21:15Z,1,0,0,B95,EUR,A03,A01,10,MAW,MAW,A01,A01
procured_balancing_capacity,10,2026-02-26T21:30:00,PT15M,2026-02-26T21:45Z,2026-02-26T21:30Z,1,0,0,B95,EUR,A03,A01,10,MAW,MAW,A01,A01
procured_balancing_capacity,10,2026-02-26T21:45:00,PT15M,2026-02-26T22:00Z,2026-02-26T21:45Z,1,0,0,B95,EUR,A03,A01,10,MAW,MAW,A01,A01
procured_balancing_capacity,10,2026-02-26T22:00:00,PT15M,2026-02-26T22:15Z,2026-02-26T22:00Z,1,0,0,B95,EUR,A03,A01,10,MAW,MAW,A01,A01
procured_balancing_capacity,10,2026-02-26T22:15:00,PT15M,2026-02-26T22:30Z,2026-02-26T22:15Z,1,0,0,B95,EUR,A03,A01,10,MAW,MAW,A01,A01
procured_balancing_capacity,10,2026-02-26T22:30:00,PT15M,2026-02-26T22:45Z,2026-02-26T22:30Z,1,0,0,B95,EUR,A03,A01,10,MAW,MAW,A01,A01
procured_balancing_capacity,10,2026-02-26T22:45:00,PT15M,2026-02-26T23:00Z,2026-02-26T22:45Z,1,0,0,B95,EUR,A03,A01,10,MAW,MAW,A01,A01
procured_balancing_capacity,11,2026-02-25T23:00:00,PT15M,2026-02-25T23:15Z,2026-02-25T23:00Z,1,0,0,B95,EUR,A03,A02,11,MAW,MAW,A01,A01
procured_balancing_capacity,11,2026-02-25T23:15:00,PT15M,2026-02-25T23:30Z,2026-02-25T23:15Z,1,0,0,B95,EUR,A03,A02,11,MAW,MAW,A01,A01
procured_balancing_capacity,11,2026-02-25T23:30:00,PT15M,2026-02-25T23:45Z,2026-02-25T23:30Z,1,0,0,B95,EUR,A03,A02,11,MAW,MAW,A01,A01
procured_balancing_capacity,11,2026-02-25T23:45:00,PT15M,2026-02-26T00:00Z,2026-02-25T23:45Z,1,0,0,B95,EUR,A03,A02,11,MAW,MAW,A01,A01
procured_balancing_capacity,11,2026-02-26T00:00:00,PT15M,2026-02-26T00:15Z,2026-02-26T00:00Z,1,0,0,B95,EUR,A03,A02,11,MAW,MAW,A01,A01
procured_balancing_capacity,11,2026-02-26T00:15:00,PT15M,2026-02-26T00:30Z,2026-02-26T00:15Z,1,0,0,B95,EUR,A03,A02,11,MAW,MAW,A01,A01
procured_balancing_capacity,11,2026-02-26T00:30:00,PT15M,2026-02-26T00:45Z,2026-02-26T00:30Z,1,0,0,B95,EUR,A03,A02,11,MAW,MAW,A01,A01
procured_balancing_capacity,11,2026-02-26T00:45:00,PT15M,2026-02-26T01:00Z,2026-02-26T00:45Z,1,0,0,B95,EUR,A03,A02,11,MAW,MAW,A01,A01
procured_balancing_capacity,11,2026-02-26T01:00:00,PT15M,2026-02-26T01:15Z,2026-02-26T01:00Z,1,0,0,B95,EUR,A03,A02,11,MAW,MAW,A01,A01
procured_balancing_capacity,11,2026-02-26T01:15:00,PT15M,2026-02-26T01:30Z,2026-02-26T01:15Z,1,0,0,B95,EUR,A03,A02,11,MAW,MAW,A01,A01
procured_balancing_capacity,11,2026-02-26T01:30:00,PT15M,2026-02-26T01:45Z,2026-02-26T01:30Z,1,0,0,B95,EUR,A03,A02,11,MAW,MAW,A01,A01
procured_balancing_capacity,11,2026-02-26T01:45:00,PT15M,2026-02-26T02:00Z,2026-02-26T01:45Z,1,0,0,B95,EUR,A03,A02,11,MAW,MAW,A01,A01
procured_balancing_capacity,11,2026-02-26T02:00:00,PT15M,2026-02-26T02:15Z,2026-02-26T02:00Z,1,0,0,B95,EUR,A03,A02,11,MAW,MAW,A01,A01
procured_balancing_capacity,11,2026-02-26T02:15:00,PT15M,2026-02-26T02:30Z,2026-02-26T02:15Z,1,0,0,B95,EUR,A03,A02,11,MAW,MAW,A01,A01
procured_balancing_capacity,11,2026-02-26T02:30:00,PT15M,2026-02-26T02:45Z,2026-02-26T02:30Z,1,0,0,B95,EUR,A03,A02,11,MAW,MAW,A01,A01
procured_balancing_capacity,11,2026-02-26T02:45:00,PT15M,2026-02-26T03:00Z,2026-02-26T02:45Z,1,0,0,B95,EUR,A03,A02,11,MAW,MAW,A01,A01
procured_balancing_capacity,11,2026-02-26T03:00:00,PT15M,2026-02-26T03:15Z,2026-02-26T03:00Z,1,0,0,B95,EUR,A03,A02,11,MAW,MAW,A01,A01
procured_balancing_capacity,11,2026-02-26T03:15:00,PT15M,2026-02-26T03:30Z,2026-02-26T03:15Z,1,0,0,B95,EUR,A03,A02,11,MAW,MAW,A01,A01
procured_balancing_capacity,11,2026-02-26T03:30:00,PT15M,2026-02-26T03:45Z,2026-02-26T03:30Z,1,0,0,B95,EUR,A03,A02,11,MAW,MAW,A01,A01
procured_balancing_capacity,11,2026-02-26T03:45:00,PT15M,2026-02-26T04:00Z,2026-02-26T03:45Z,1,0,0,B95,EUR,A03,A02,11,MAW,MAW,A01,A01
procured_balancing_capacity,11,2026-02-26T04:00:00,PT15M,2026-02-26T04:15Z,2026-02-26T04:00Z,1,0,0,B95,EUR,A03,A02,11,MAW,MAW,A01,A01
procured_balancing_capacity,11,2026-02-26T04:15:00,PT15M,2026-02-26T04:30Z,2026-02-26T04:15Z,1,0,0,B95,EUR,A03,A02,11,MAW,MAW,A01,A01
procured_balancing_capacity,11,2026-02-26T04:30:00,PT15M,2026-02-26T04:45Z,2026-02-26T04:30Z,1,0,0,B95,EUR,A03,A02,11,MAW,MAW,A01,A01
procured_balancing_capacity,11,2026-02-26T04:45:00,PT15M,2026-02-26T05:00Z,2026-02-26T04:45Z,1,0,0,B95,EUR,A03,A02,11,MAW,MAW,A01,A01
procured_balancing_capacity,11,2026-02-26T05:00:00,PT15M,2026-02-26T05:15Z,2026-02-26T05:00Z,1,0,0,B95,EUR,A03,A02,11,MAW,MAW,A01,A01
procured_balancing_capacity,11,2026-02-26T05:15:00,PT15M,2026-02-26T05:30Z,2026-02-26T05:15Z,1,0,0,B95,EUR,A03,A02,11,MAW,MAW,A01,A01
procured_balancing_capacity,11,2026-02-26T05:30:00,PT15M,2026-02-26T05:45Z,2026-02-26T05:30Z,1,0,0,B95,EUR,A03,A02,11,MAW,MAW,A01,A01
procured_balancing_capacity,11,2026-02-26T05:45:00,PT15M,2026-02-26T06:00Z,2026-02-26T05:45Z,1,0,0,B95,EUR,A03,A02,11,MAW,MAW,A01,A01
procured_balancing_capacity,11,2026-02-26T06:00:00,PT15M,2026-02-26T06:15Z,2026-02-26T06:00Z,1,0,0,B95,EUR,A03,A02,11,MAW,MAW,A01,A01
procured_balancing_capacity,11,2026-02-26T06:15:00,PT15M,2026-02-26T06:30Z,2026-02-26T06:15Z,1,0,0,B95,EUR,A03,A02,11,MAW,MAW,A01,A01
procured_balancing_capacity,11,2026-02-26T06:30:00,PT15M,2026-02-26T06:45Z,2026-02-26T06:30Z,1,0,0,B95,EUR,A03,A02,11,MAW,MAW,A01,A01
procured_balancing_capacity,11,2026-02-26T06:45:00,PT15M,2026-02-26T07:00Z,2026-02-26T06:45Z,1,0,0,B95,EUR,A03,A02,11,MAW,MAW,A01,A01
procured_balancing_capacity,11,2026-02-26T07:00:00,PT15M,2026-02-26T07:15Z,2026-02-26T07:00Z,1,0,0,B95,EUR,A03,A02,11,MAW,MAW,A01,A01
procured_balancing_capacity,11,2026-02-26T07:15:00,PT15M,2026-02-26T07:30Z,2026-02-26T07:15Z,1,0,0,B95,EUR,A03,A02,11,MAW,MAW,A01,A01
procured_balancing_capacity,11,2026-02-26T07:30:00,PT15M,2026-02-26T07:45Z,2026-02-26T07:30Z,1,0,0,B95,EUR,A03,A02,11,MAW,MAW,A01,A01
procured_balancing_capacity,11,2026-02-26T07:45:00,PT15M,2026-02-26T08:00Z,2026-02-26T07:45Z,1,0,0,B95,EUR,A03,A02,11,MAW,MAW,A01,A01
procured_balancing_capacity,11,2026-02-26T08:00:00,PT15M,2026-02-26T08:15Z,2026-02-26T08:00Z,1,0,0,B95,EUR,A03,A02,11,MAW,MAW,A01,A01
procured_balancing_capacity,11,2026-02-26T08:15:00,PT15M,2026-02-26T08:30Z,2026-02-26T08:15Z,1,0,0,B95,EUR,A03,A02,11,MAW,MAW,A01,A01
procured_balancing_capacity,11,2026-02-26T08:30:00,PT15M,2026-02-26T08:45Z,2026-02-26T08:30Z,1,0,0,B95,EUR,A03,A02,11,MAW,MAW,A01,A01
procured_balancing_capacity,11,2026-02-26T08:45:00,PT15M,2026-02-26T09:00Z,2026-02-26T08:45Z,1,0,0,B95,EUR,A03,A02,11,MAW,MAW,A01,A01
procured_balancing_capacity,11,2026-02-26T09:00:00,PT15M,2026-02-26T09:15Z,2026-02-26T09:00Z,1,0,0,B95,EUR,A03,A02,11,MAW,MAW,A01,A01
procured_balancing_capacity,11,2026-02-26T09:15:00,PT15M,2026-02-26T09:30Z,2026-02-26T09:15Z,1,0,0,B95,EUR,A03,A02,11,MAW,MAW,A01,A01
procured_balancing_capacity,11,2026-02-26T09:30:00,PT15M,2026-02-26T09:45Z,2026-02-26T09:30Z,1,0,0,B95,EUR,A03,A02,11,MAW,MAW,A01,A01
procured_balancing_capacity,11,2026-02-26T09:45:00,PT15M,2026-02-26T10:00Z,2026-02-26T09:45Z,1,0,0,B95,EUR,A03,A02,11,MAW,MAW,A01,A01
procured_balancing_capacity,11,2026-02-26T10:00:00,PT15M,2026-02-26T10:15Z,2026-02-26T10:00Z,1,0,0,B95,EUR,A03,A02,11,MAW,MAW,A01,A01
procured_balancing_capacity,11,2026-02-26T10:15:00,PT15M,2026-02-26T10:30Z,2026-02-26T10:15Z,1,0,0,B95,EUR,A03,A02,11,MAW,MAW,A01,A01
procured_balancing_capacity,11,2026-02-26T10:30:00,PT15M,2026-02-26T10:45Z,2026-02-26T10:30Z,1,0,0,B95,EUR,A03,A02,11,MAW,MAW,A01,A01
procured_balancing_capacity,11,2026-02-26T10:45:00,PT15M,2026-02-26T11:00Z,2026-02-26T10:45Z,1,0,0,B95,EUR,A03,A02,11,MAW,MAW,A01,A01
procured_balancing_capacity,11,2026-02-26T11:00:00,PT15M,2026-02-26T11:15Z,2026-02-26T11:00Z,1,0,0,B95,EUR,A03,A02,11,MAW,MAW,A01,A01
procured_balancing_capacity,11,2026-02-26T11:15:00,PT15M,2026-02-26T11:30Z,2026-02-26T11:15Z,1,0,0,B95,EUR,A03,A02,11,MAW,MAW,A01,A01
procured_balancing_capacity,11,2026-02-26T11:30:00,PT15M,2026-02-26T11:45Z,2026-02-26T11:30Z,1,0,0,B95,EUR,A03,A02,11,MAW,MAW,A01,A01
procured_balancing_capacity,11,2026-02-26T11:45:00,PT15M,2026-02-26T12:00Z,2026-02-26T11:45Z,1,0,0,B95,EUR,A03,A02,11,MAW,MAW,A01,A01
procured_balancing_capacity,11,2026-02-26T12:00:00,PT15M,2026-02-26T12:15Z,2026-02-26T12:00Z,1,0,0,B95,EUR,A03,A02,11,MAW,MAW,A01,A01
procured_balancing_capacity,11,2026-02-26T12:15:00,PT15M,2026-02-26T12:30Z,2026-02-26T12:15Z,1,0,0,B95,EUR,A03,A02,11,MAW,MAW,A01,A01
procured_balancing_capacity,11,2026-02-26T12:30:00,PT15M,2026-02-26T12:45Z,2026-02-26T12:30Z,1,0,0,B95,EUR,A03,A02,11,MAW,MAW,A01,A01
procured_balancing_capacity,11,2026-02-26T12:45:00,PT15M,2026-02-26T13:00Z,2026-02-26T12:45Z,1,0,0,B95,EUR,A03,A02,11,MAW,MAW,A01,A01
procured_balancing_capacity,11,2026-02-26T13:00:00,PT15M,2026-02-26T13:15Z,2026-02-26T13:00Z,1,0,0,B95,EUR,A03,A02,11,MAW,MAW,A01,A01
procured_balancing_capacity,11,2026-02-26T13:15:00,PT15M,2026-02-26T13:30Z,2026-02-26T13:15Z,1,0,0,B95,EUR,A03,A02,11,MAW,MAW,A01,A01
procured_balancing_capacity,11,2026-02-26T13:30:00,PT15M,2026-02-26T13:45Z,2026-02-26T13:30Z,1,0,0,B95,EUR,A03,A02,11,MAW,MAW,A01,A01
procured_balancing_capacity,11,2026-02-26T13:45:00,PT15M,2026-02-26T14:00Z,2026-02-26T13:45Z,1,0,0,B95,EUR,A03,A02,11,MAW,MAW,A01,A01
procured_balancing_capacity,11,2026-02-26T14:00:00,PT15M,2026-02-26T14:15Z,2026-02-26T14:00Z,1,0,0,B95,EUR,A03,A02,11,MAW,MAW,A01,A01
procured_balancing_capacity,11,2026-02-26T14:15:00,PT15M,2026-02-26T14:30Z,2026-02-26T14:15Z,1,0,0,B95,EUR,A03,A02,11,MAW,MAW,A01,A01
procured_balancing_capacity,11,2026-02-26T14:30:00,PT15M,2026-02-26T14:45Z,2026-02-26T14:30Z,1,0,0,B95,EUR,A03,A02,11,MAW,MAW,A01,A01
procured_balancing_capacity,11,2026-02-26T14:45:00,PT15M,2026-02-26T15:00Z,2026-02-26T14:45Z,1,0,0,B95,EUR,A03,A02,11,MAW,MAW,A01,A01
procured_balancing_capacity,11,2026-02-26T15:00:00,PT15M,2026-02-26T15:15Z,2026-02-26T15:00Z,1,8,45,B95,EUR,A03,A02,11,MAW,MAW,A01,A01
procured_balancing_capacity,11,2026-02-26T15:15:00,PT15M,2026-02-26T15:30Z,2026-02-26T15:15Z,1,8,45,B95,EUR,A03,A02,11,MAW,MAW,A01,A01
procured_balancing_capacity,11,2026-02-26T15:30:00,PT15M,2026-02-26T15:45Z,2026-02-26T15:30Z,1,8,45,B95,EUR,A03,A02,11,MAW,MAW,A01,A01
procured_balancing_capacity,11,2026-02-26T15:45:00,PT15M,2026-02-26T16:00Z,2026-02-26T15:45Z,1,8,45,B95,EUR,A03,A02,11,MAW,MAW,A01,A01
procured_balancing_capacity,11,2026-02-26T16:00:00,PT15M,2026-02-26T16:15Z,2026-02-26T16:00Z,1,8,45,B95,EUR,A03,A02,11,MAW,MAW,A01,A01
procured_balancing_capacity,11,2026-02-26T16:15:00,PT15M,2026-02-26T16:30Z,2026-02-26T16:15Z,1,8,45,B95,EUR,A03,A02,11,MAW,MAW,A01,A01
procured_balancing_capacity,11,2026-02-26T16:30:00,PT15M,2026-02-26T16:45Z,2026-02-26T16:30Z,1,8,45,B95,EUR,A03,A02,11,MAW,MAW,A01,A01
procured_balancing_capacity,11,2026-02-26T16:45:00,PT15M,2026-02-26T17:00Z,2026-02-26T16:45Z,1,0,0,B95,EUR,A03,A02,11,MAW,MAW,A01,A01
procured_balancing_capacity,11,2026-02-26T17:00:00,PT15M,2026-02-26T17:15Z,2026-02-26T17:00Z,1,8,45,B95,EUR,A03,A02,11,MAW,MAW,A01,A01
procured_balancing_capacity,11,2026-02-26T17:15:00,PT15M,2026-02-26T17:30Z,2026-02-26T17:15Z,1,8,45,B95,EUR,A03,A02,11,MAW,MAW,A01,A01
procured_balancing_capacity,11,2026-02-26T17:30:00,PT15M,2026-02-26T17:45Z,2026-02-26T17:30Z,1,8,45,B95,EUR,A03,A02,11,MAW,MAW,A01,A01
procured_balancing_capacity,11,2026-02-26T17:45:00,PT15M,2026-02-26T18:00Z,2026-02-26T17:45Z,1,8,45,B95,EUR,A03,A02,11,MAW,MAW,A01,A01
procured_balancing_capacity,11,2026-02-26T18:00:00,PT15M,2026-02-26T18:15Z,2026-02-26T18:00Z,1,8,45,B95,EUR,A03,A02,11,MAW,MAW,A01,A01
procured_balancing_capacity,11,2026-02-26T18:15:00,PT15M,2026-02-26T18:30Z,2026-02-26T18:15Z,1,8,45,B95,EUR,A03,A02,11,MAW,MAW,A01,A01
procured_balancing_capacity,11,2026-02-26T18:30:00,PT15M,2026-02-26T18:45Z,2026-02-26T18:30Z,1,8,45,B95,EUR,A03,A02,11,MAW,MAW,A01,A01
procured_balancing_capacity,11,2026-02-26T18:45:00,PT15M,2026-02-26T19:00Z,2026-02-26T18:45Z,1,8,45,B95,EUR,A03,A02,11,MAW,MAW,A01,A01
procured_balancing_capacity,11,2026-02-26T19:00:00,PT15M,2026-02-26T19:15Z,2026-02-26T19:00Z,1,8,45,B95,EUR,A03,A02,11,MAW,MAW,A01,A01
procured_balancing_capacity,11,2026-02-26T19:15:00,PT15M,2026-02-26T19:30Z,2026-02-26T19:15Z,1,8,45,B95,EUR,A03,A02,11,MAW,MAW,A01,A01
procured_balancing_capacity,11,2026-02-26T19:30:00,PT15M,2026-02-26T19:45Z,2026-02-26T19:30Z,1,8,45,B95,EUR,A03,A02,11,MAW,MAW,A01,A01
procured_balancing_capacity,11,2026-02-26T19:45:00,PT15M,2026-02-26T20:00Z,2026-02-26T19:45Z,1,8,45,B95,EUR,A03,A02,11,MAW,MAW,A01,A01
procured_balancing_capacity,11,2026-02-26T20:00:00,PT15M,2026-02-26T20:15Z,2026-02-26T20:00Z,1,8,45,B95,EUR,A03,A02,11,MAW,MAW,A01,A01
procured_balancing_capacity,11,2026-02-26T20:15:00,PT15M,2026-02-26T20:30Z,2026-02-26T20:15Z,1,8,45,B95,EUR,A03,A02,11,MAW,MAW,A01,A01
procured_balancing_capacity,11,2026-02-26T20:30:00,PT15M,2026-02-26T20:45Z,2026-02-26T20:30Z,1,8,45,B95,EUR,A03,A02,11,MAW,MAW,A01,A01
procured_balancing_capacity,11,2026-02-26T20:45:00,PT15M,2026-02-26T21:00Z,2026-02-26T20:45Z,1,8,45,B95,EUR,A03,A02,11,MAW,MAW,A01,A01
procured_balancing_capacity,11,2026-02-26T21:00:00,PT15M,2026-02-26T21:15Z,2026-02-26T21:00Z,1,7,30,B95,EUR,A03,A02,11,MAW,MAW,A01,A01
procured_balancing_capacity,11,2026-02-26T21:15:00,PT15M,2026-02-26T21:30Z,2026-02-26T21:15Z,1,0,0,B95,EUR,A03,A02,11,MAW,MAW,A01,A01
procured_balancing_capacity,11,2026-02-26T21:30:00,PT15M,2026-02-26T21:45Z,2026-02-26T21:30Z,1,0,0,B95,EUR,A03,A02,11,MAW,MAW,A01,A01
procured_balancing_capacity,11,2026-02-26T21:45:00,PT15M,2026-02-26T22:00Z,2026-02-26T21:45Z,1,0,0,B95,EUR,A03,A02,11,MAW,MAW,A01,A01
procured_balancing_capacity,11,2026-02-26T22:00:00,PT15M,2026-02-26T22:15Z,2026-02-26T22:00Z,1,0,0,B95,EUR,A03,A02,11,MAW,MAW,A01,A01
procured_balancing_capacity,11,2026-02-26T22:15:00,PT15M,2026-02-26T22:30Z,2026-02-26T22:15Z,1,0,0,B95,EUR,A03,A02,11,MAW,MAW,A01,A01
procured_balancing_capacity,11,2026-02-26T22:30:00,PT15M,2026-02-26T22:45Z,2026-02-26T22:30Z,1,0,0,B95,EUR,A03,A02,11,MAW,MAW,A01,A01
procured_balancing_capacity,11,2026-02-26T22:45:00,PT15M,2026-02-26T23:00Z,2026-02-26T22:45Z,1,0,0,B95,EUR,A03,A02,11,MAW,MAW,A01,A01
procured_balancing_capacity,12,2026-02-25T23:00:00,PT15M,2026-02-25T23:15Z,2026-02-25T23:00Z,1,10.5,1,B95,EUR,A03,A02,12,MAW,MAW,A01,A01
procured_balancing_capacity,12,2026-02-25T23:15:00,PT15M,2026-02-25T23:30Z,2026-02-25T23:15Z,1,10.5,1,B95,EUR,A03,A02,12,MAW,MAW,A01,A01
procured_balancing_capacity,12,2026-02-25T23:30:00,PT15M,2026-02-25T23:45Z,2026-02-25T23:30Z,1,10.5,1,B95,EUR,A03,A02,12,MAW,MAW,A01,A01
procured_balancing_capacity,12,2026-02-25T23:45:00,PT15M,2026-02-26T00:00Z,2026-02-25T23:45Z,1,10.5,1,B95,EUR,A03,A02,12,MAW,MAW,A01,A01
procured_balancing_capacity,12,2026-02-26T00:00:00,PT15M,2026-02-26T00:15Z,2026-02-26T00:00Z,1,10.5,1,B95,EUR,A03,A02,12,MAW,MAW,A01,A01
procured_balancing_capacity,12,2026-02-26T00:15:00,PT15M,2026-02-26T00:30Z,2026-02-26T00:15Z,1,10.5,1,B95,EUR,A03,A02,12,MAW,MAW,A01,A01
procured_balancing_capacity,12,2026-02-26T00:30:00,PT15M,2026-02-26T00:45Z,2026-02-26T00:30Z,1,10.5,1,B95,EUR,A03,A02,12,MAW,MAW,A01,A01
procured_balancing_capacity,12,2026-02-26T00:45:00,PT15M,2026-02-26T01:00Z,2026-02-26T00:45Z,1,10.5,1,B95,EUR,A03,A02,12,MAW,MAW,A01,A01
procured_balancing_capacity,12,2026-02-26T01:00:00,PT15M,2026-02-26T01:15Z,2026-02-26T01:00Z,1,10.5,1,B95,EUR,A03,A02,12,MAW,MAW,A01,A01
procured_balancing_capacity,12,2026-02-26T01:15:00,PT15M,2026-02-26T01:30Z,2026-02-26T01:15Z,1,10.5,1,B95,EUR,A03,A02,12,MAW,MAW,A01,A01
procured_balancing_capacity,12,2026-02-26T01:30:00,PT15M,2026-02-26T01:45Z,2026-02-26T01:30Z,1,10.5,1,B95,EUR,A03,A02,12,MAW,MAW,A01,A01
procured_balancing_capacity,12,2026-02-26T01:45:00,PT15M,2026-02-26T02:00Z,2026-02-26T01:45Z,1,10.5,1,B95,EUR,A03,A02,12,MAW,MAW,A01,A01
procured_balancing_capacity,12,2026-02-26T02:00:00,PT15M,2026-02-26T02:15Z,2026-02-26T02:00Z,1,10.5,1,B95,EUR,A03,A02,12,MAW,MAW,A01,A01
procured_balancing_capacity,12,2026-02-26T02:15:00,PT15M,2026-02-26T02:30Z,2026-02-26T02:15Z,1,10.5,1,B95,EUR,A03,A02,12,MAW,MAW,A01,A01
procured_balancing_capacity,12,2026-02-26T02:30:00,PT15M,2026-02-26T02:45Z,2026-02-26T02:30Z,1,10.5,1,B95,EUR,A03,A02,12,MAW,MAW,A01,A01
procured_balancing_capacity,12,2026-02-26T02:45:00,PT15M,2026-02-26T03:00Z,2026-02-26T02:45Z,1,10.5,1,B95,EUR,A03,A02,12,MAW,MAW,A01,A01
procured_balancing_capacity,12,2026-02-26T03:00:00,PT15M,2026-02-26T03:15Z,2026-02-26T03:00Z,1,10.5,1,B95,EUR,A03,A02,12,MAW,MAW,A01,A01
procured_balancing_capacity,12,2026-02-26T03:15:00,PT15M,2026-02-26T03:30Z,2026-02-26T03:15Z,1,10.5,1,B95,EUR,A03,A02,12,MAW,MAW,A01,A01
procured_balancing_capacity,12,2026-02-26T03:30:00,PT15M,2026-02-26T03:45Z,2026-02-26T03:30Z,1,10.5,1,B95,EUR,A03,A02,12,MAW,MAW,A01,A01
procured_balancing_capacity,12,2026-02-26T03:45:00,PT15M,2026-02-26T04:00Z,2026-02-26T03:45Z,1,10.5,1,B95,EUR,A03,A02,12,MAW,MAW,A01,A01
procured_balancing_capacity,12,2026-02-26T04:00:00,PT15M,2026-02-26T04:15Z,2026-02-26T04:00Z,1,10.5,1,B95,EUR,A03,A02,12,MAW,MAW,A01,A01
procured_balancing_capacity,12,2026-02-26T04:15:00,PT15M,2026-02-26T04:30Z,2026-02-26T04:15Z,1,10.5,1,B95,EUR,A03,A02,12,MAW,MAW,A01,A01
procured_balancing_capacity,12,2026-02-26T04:30:00,PT15M,2026-02-26T04:45Z,2026-02-26T04:30Z,1,10.5,1,B95,EUR,A03,A02,12,MAW,MAW,A01,A01
procured_balancing_capacity,12,2026-02-26T04:45:00,PT15M,2026-02-26T05:00Z,2026-02-26T04:45Z,1,10.5,1,B95,EUR,A03,A02,12,MAW,MAW,A01,A01
procured_balancing_capacity,12,2026-02-26T05:00:00,PT15M,2026-02-26T05:15Z,2026-02-26T05:00Z,1,10.5,1,B95,EUR,A03,A02,12,MAW,MAW,A01,A01
procured_balancing_capacity,12,2026-02-26T05:15:00,PT15M,2026-02-26T05:30Z,2026-02-26T05:15Z,1,10.5,1,B95,EUR,A03,A02,12,MAW,MAW,A01,A01
procured_balancing_capacity,12,2026-02-26T05:30:00,PT15M,2026-02-26T05:45Z,2026-02-26T05:30Z,1,10.5,1,B95,EUR,A03,A02,12,MAW,MAW,A01,A01
procured_balancing_capacity,12,2026-02-26T05:45:00,PT15M,2026-02-26T06:00Z,2026-02-26T05:45Z,1,10.5,1,B95,EUR,A03,A02,12,MAW,MAW,A01,A01
procured_balancing_capacity,12,2026-02-26T06:00:00,PT15M,2026-02-26T06:15Z,2026-02-26T06:00Z,1,10.5,1,B95,EUR,A03,A02,12,MAW,MAW,A01,A01
procured_balancing_capacity,12,2026-02-26T06:15:00,PT15M,2026-02-26T06:30Z,2026-02-26T06:15Z,1,10.5,1,B95,EUR,A03,A02,12,MAW,MAW,A01,A01
procured_balancing_capacity,12,2026-02-26T06:30:00,PT15M,2026-02-26T06:45Z,2026-02-26T06:30Z,1,10.5,1,B95,EUR,A03,A02,12,MAW,MAW,A01,A01
procured_balancing_capacity,12,2026-02-26T06:45:00,PT15M,2026-02-26T07:00Z,2026-02-26T06:45Z,1,10.5,1,B95,EUR,A03,A02,12,MAW,MAW,A01,A01
procured_balancing_capacity,12,2026-02-26T07:00:00,PT15M,2026-02-26T07:15Z,2026-02-26T07:00Z,1,10.5,1,B95,EUR,A03,A02,12,MAW,MAW,A01,A01
procured_balancing_capacity,12,2026-02-26T07:15:00,PT15M,2026-02-26T07:30Z,2026-02-26T07:15Z,1,10.5,1,B95,EUR,A03,A02,12,MAW,MAW,A01,A01
procured_balancing_capacity,12,2026-02-26T07:30:00,PT15M,2026-02-26T07:45Z,2026-02-26T07:30Z,1,10.5,1,B95,EUR,A03,A02,12,MAW,MAW,A01,A01
procured_balancing_capacity,12,2026-02-26T07:45:00,PT15M,2026-02-26T08:00Z,2026-02-26T07:45Z,1,10.5,1,B95,EUR,A03,A02,12,MAW,MAW,A01,A01
procured_balancing_capacity,12,2026-02-26T08:00:00,PT15M,2026-02-26T08:15Z,2026-02-26T08:00Z,1,10.5,1,B95,EUR,A03,A02,12,MAW,MAW,A01,A01
procured_balancing_capacity,12,2026-02-26T08:15:00,PT15M,2026-02-26T08:30Z,2026-02-26T08:15Z,1,10.5,1,B95,EUR,A03,A02,12,MAW,MAW,A01,A01
procured_balancing_capacity,12,2026-02-26T08:30:00,PT15M,2026-02-26T08:45Z,2026-02-26T08:30Z,1,10.5,1,B95,EUR,A03,A02,12,MAW,MAW,A01,A01
procured_balancing_capacity,12,2026-02-26T08:45:00,PT15M,2026-02-26T09:00Z,2026-02-26T08:45Z,1,10.5,1,B95,EUR,A03,A02,12,MAW,MAW,A01,A01
procured_balancing_capacity,12,2026-02-26T09:00:00,PT15M,2026-02-26T09:15Z,2026-02-26T09:00Z,1,10.5,1,B95,EUR,A03,A02,12,MAW,MAW,A01,A01
procured_balancing_capacity,12,2026-02-26T09:15:00,PT15M,2026-02-26T09:30Z,2026-02-26T09:15Z,1,10.5,1,B95,EUR,A03,A02,12,MAW,MAW,A01,A01
procured_balancing_capacity,12,2026-02-26T09:30:00,PT15M,2026-02-26T09:45Z,2026-02-26T09:30Z,1,10.5,1,B95,EUR,A03,A02,12,MAW,MAW,A01,A01
procured_balancing_capacity,12,2026-02-26T09:45:00,PT15M,2026-02-26T10:00Z,2026-02-26T09:45Z,1,10.5,1,B95,EUR,A03,A02,12,MAW,MAW,A01,A01
procured_balancing_capacity,12,2026-02-26T10:00:00,PT15M,2026-02-26T10:15Z,2026-02-26T10:00Z,1,10.5,1,B95,EUR,A03,A02,12,MAW,MAW,A01,A01
procured_balancing_capacity,12,2026-02-26T10:15:00,PT15M,2026-02-26T10:30Z,2026-02-26T10:15Z,1,10.5,1,B95,EUR,A03,A02,12,MAW,MAW,A01,A01
procured_balancing_capacity,12,2026-02-26T10:30:00,PT15M,2026-02-26T10:45Z,2026-02-26T10:30Z,1,10.5,1,B95,EUR,A03,A02,12,MAW,MAW,A01,A01
procured_balancing_capacity,12,2026-02-26T10:45:00,PT15M,2026-02-26T11:00Z,2026-02-26T10:45Z,1,10.5,1,B95,EUR,A03,A02,12,MAW,MAW,A01,A01
procured_balancing_capacity,12,2026-02-26T11:00:00,PT15M,2026-02-26T11:15Z,2026-02-26T11:00Z,1,10.5,1,B95,EUR,A03,A02,12,MAW,MAW,A01,A01
procured_balancing_capacity,12,2026-02-26T11:15:00,PT15M,2026-02-26T11:30Z,2026-02-26T11:15Z,1,10.5,1,B95,EUR,A03,A02,12,MAW,MAW,A01,A01
procured_balancing_capacity,12,2026-02-26T11:30:00,PT15M,2026-02-26T11:45Z,2026-02-26T11:30Z,1,10.5,1,B95,EUR,A03,A02,12,MAW,MAW,A01,A01
procured_balancing_capacity,12,2026-02-26T11:45:00,PT15M,2026-02-26T12:00Z,2026-02-26T11:45Z,1,10.5,1,B95,EUR,A03,A02,12,MAW,MAW,A01,A01
procured_balancing_capacity,12,2026-02-26T12:00:00,PT15M,2026-02-26T12:15Z,2026-02-26T12:00Z,1,10.5,1,B95,EUR,A03,A02,12,MAW,MAW,A01,A01
procured_balancing_capacity,12,2026-02-26T12:15:00,PT15M,2026-02-26T12:30Z,2026-02-26T12:15Z,1,10.5,1,B95,EUR,A03,A02,12,MAW,MAW,A01,A01
procured_balancing_capacity,12,2026-02-26T12:30:00,PT15M,2026-02-26T12:45Z,2026-02-26T12:30Z,1,10.5,1,B95,EUR,A03,A02,12,MAW,MAW,A01,A01
procured_balancing_capacity,12,2026-02-26T12:45:00,PT15M,2026-02-26T13:00Z,2026-02-26T12:45Z,1,10.5,1,B95,EUR,A03,A02,12,MAW,MAW,A01,A01
procured_balancing_capacity,12,2026-02-26T13:00:00,PT15M,2026-02-26T13:15Z,2026-02-26T13:00Z,1,10.5,1,B95,EUR,A03,A02,12,MAW,MAW,A01,A01
procured_balancing_capacity,12,2026-02-26T13:15:00,PT15M,2026-02-26T13:30Z,2026-02-26T13:15Z,1,10.5,1,B95,EUR,A03,A02,12,MAW,MAW,A01,A01
procured_balancing_capacity,12,2026-02-26T13:30:00,PT15M,2026-02-26T13:45Z,2026-02-26T13:30Z,1,10.5,1,B95,EUR,A03,A02,12,MAW,MAW,A01,A01
procured_balancing_capacity,12,2026-02-26T13:45:00,PT15M,2026-02-26T14:00Z,2026-02-26T13:45Z,1,10.5,1,B95,EUR,A03,A02,12,MAW,MAW,A01,A01
procured_balancing_capacity,12,2026-02-26T14:00:00,PT15M,2026-02-26T14:15Z,2026-02-26T14:00Z,1,10.5,1,B95,EUR,A03,A02,12,MAW,MAW,A01,A01
procured_balancing_capacity,12,2026-02-26T14:15:00,PT15M,2026-02-26T14:30Z,2026-02-26T14:15Z,1,10.5,1,B95,EUR,A03,A02,12,MAW,MAW,A01,A01
procured_balancing_capacity,12,2026-02-26T14:30:00,PT15M,2026-02-26T14:45Z,2026-02-26T14:30Z,1,10.5,1,B95,EUR,A03,A02,12,MAW,MAW,A01,A01
procured_balancing_capacity,12,2026-02-26T14:45:00,PT15M,2026-02-26T15:00Z,2026-02-26T14:45Z,1,10.5,1,B95,EUR,A03,A02,12,MAW,MAW,A01,A01
procured_balancing_capacity,12,2026-02-26T15:00:00,PT15M,2026-02-26T15:15Z,2026-02-26T15:00Z,1,10.5,1,B95,EUR,A03,A02,12,MAW,MAW,A01,A01
procured_balancing_capacity,12,2026-02-26T15:15:00,PT15M,2026-02-26T15:30Z,2026-02-26T15:15Z,1,10.5,1,B95,EUR,A03,A02,12,MAW,MAW,A01,A01
procured_balancing_capacity,12,2026-02-26T15:30:00,PT15M,2026-02-26T15:45Z,2026-02-26T15:30Z,1,10.5,1,B95,EUR,A03,A02,12,MAW,MAW,A01,A01
procured_balancing_capacity,12,2026-02-26T15:45:00,PT15M,2026-02-26T16:00Z,2026-02-26T15:45Z,1,10.5,1,B95,EUR,A03,A02,12,MAW,MAW,A01,A01
procured_balancing_capacity,12,2026-02-26T16:00:00,PT15M,2026-02-26T16:15Z,2026-02-26T16:00Z,1,10.5,1,B95,EUR,A03,A02,12,MAW,MAW,A01,A01
procured_balancing_capacity,12,2026-02-26T16:15:00,PT15M,2026-02-26T16:30Z,2026-02-26T16:15Z,1,10.5,1,B95,EUR,A03,A02,12,MAW,MAW,A01,A01
procured_balancing_capacity,12,2026-02-26T16:30:00,PT15M,2026-02-26T16:45Z,2026-02-26T16:30Z,1,10.5,1,B95,EUR,A03,A02,12,MAW,MAW,A01,A01
procured_balancing_capacity,12,2026-02-26T16:45:00,PT15M,2026-02-26T17:00Z,2026-02-26T16:45Z,1,10.5,1,B95,EUR,A03,A02,12,MAW,MAW,A01,A01
procured_balancing_capacity,12,2026-02-26T17:00:00,PT15M,2026-02-26T17:15Z,2026-02-26T17:00Z,1,10.5,1,B95,EUR,A03,A02,12,MAW,MAW,A01,A01
procured_balancing_capacity,12,2026-02-26T17:15:00,PT15M,2026-02-26T17:30Z,2026-02-26T17:15Z,1,10.5,1,B95,EUR,A03,A02,12,MAW,MAW,A01,A01
procured_balancing_capacity,12,2026-02-26T17:30:00,PT15M,2026-02-26T17:45Z,2026-02-26T17:30Z,1,10.5,1,B95,EUR,A03,A02,12,MAW,MAW,A01,A01
procured_balancing_capacity,12,2026-02-26T17:45:00,PT15M,2026-02-26T18:00Z,2026-02-26T17:45Z,1,10.5,1,B95,EUR,A03,A02,12,MAW,MAW,A01,A01
procured_balancing_capacity,12,2026-02-26T18:00:00,PT15M,2026-02-26T18:15Z,2026-02-26T18:00Z,1,10.5,1,B95,EUR,A03,A02,12,MAW,MAW,A01,A01
procured_balancing_capacity,12,2026-02-26T18:15:00,PT15M,2026-02-26T18:30Z,2026-02-26T18:15Z,1,10.5,1,B95,EUR,A03,A02,12,MAW,MAW,A01,A01
procured_balancing_capacity,12,2026-02-26T18:30:00,PT15M,2026-02-26T18:45Z,2026-02-26T18:30Z,1,10.5,1,B95,EUR,A03,A02,12,MAW,MAW,A01,A01
procured_balancing_capacity,12,2026-02-26T18:45:00,PT15M,2026-02-26T19:00Z,2026-02-26T18:45Z,1,10.5,1,B95,EUR,A03,A02,12,MAW,MAW,A01,A01
procured_balancing_capacity,12,2026-02-26T19:00:00,PT15M,2026-02-26T19:15Z,2026-02-26T19:00Z,1,10.5,1,B95,EUR,A03,A02,12,MAW,MAW,A01,A01
procured_balancing_capacity,12,2026-02-26T19:15:00,PT15M,2026-02-26T19:30Z,2026-02-26T19:15Z,1,10.5,1,B95,EUR,A03,A02,12,MAW,MAW,A01,A01
procured_balancing_capacity,12,2026-02-26T19:30:00,PT15M,2026-02-26T19:45Z,2026-02-26T19:30Z,1,10.5,1,B95,EUR,A03,A02,12,MAW,MAW,A01,A01
procured_balancing_capacity,12,2026-02-26T19:45:00,PT15M,2026-02-26T20:00Z,2026-02-26T19:45Z,1,10.5,1,B95,EUR,A03,A02,12,MAW,MAW,A01,A01
procured_balancing_capacity,12,2026-02-26T20:00:00,PT15M,2026-02-26T20:15Z,2026-02-26T20:00Z,1,10.5,1,B95,EUR,A03,A02,12,MAW,MAW,A01,A01
procured_balancing_capacity,12,2026-02-26T20:15:00,PT15M,2026-02-26T20:30Z,2026-02-26T20:15Z,1,10.5,1,B95,EUR,A03,A02,12,MAW,MAW,A01,A01
procured_balancing_capacity,12,2026-02-26T20:30:00,PT15M,2026-02-26T20:45Z,2026-02-26T20:30Z,1,10.5,1,B95,EUR,A03,A02,12,MAW,MAW,A01,A01
procured_balancing_capacity,12,2026-02-26T20:45:00,PT15M,2026-02-26T21:00Z,2026-02-26T20:45Z,1,10.5,1,B95,EUR,A03,A02,12,MAW,MAW,A01,A01
procured_balancing_capacity,12,2026-02-26T21:00:00,PT15M,2026-02-26T21:15Z,2026-02-26T21:00Z,1,10.5,1,B95,EUR,A03,A02,12,MAW,MAW,A01,A01
procured_balancing_capacity,12,2026-02-26T21:15:00,PT15M,2026-02-26T21:30Z,2026-02-26T21:15Z,1,10.5,1,B95,EUR,A03,A02,12,MAW,MAW,A01,A01
procured_balancing_capacity,12,2026-02-26T21:30:00,PT15M,2026-02-26T21:45Z,2026-02-26T21:30Z,1,10.5,1,B95,EUR,A03,A02,12,MAW,MAW,A01,A01
procured_balancing_capacity,12,2026-02-26T21:45:00,PT15M,2026-02-26T22:00Z,2026-02-26T21:45Z,1,10.5,1,B95,EUR,A03,A02,12,MAW,MAW,A01,A01
procured_balancing_capacity,12,2026-02-26T22:00:00,PT15M,2026-02-26T22:15Z,2026-02-26T22:00Z,1,10.5,1,B95,EUR,A03,A02,12,MAW,MAW,A01,A01
procured_balancing_capacity,12,2026-02-26T22:15:00,PT15M,2026-02-26T22:30Z,2026-02-26T22:15Z,1,10.5,1,B95,EUR,A03,A02,12,MAW,MAW,A01,A01
procured_balancing_capacity,12,2026-02-26T22:30:00,PT15M,2026-02-26T22:45Z,2026-02-26T22:30Z,1,10.5,1,B95,EUR,A03,A02,12,MAW,MAW,A01,A01
procured_balancing_capacity,12,2026-02-26T22:45:00,PT15M,2026-02-26T23:00Z,2026-02-26T22:45Z,1,10.5,1,B95,EUR,A03,A02,12,MAW,MAW,A01,A01
procured_balancing_capacity,13,2026-02-25T23:00:00,PT15M,2026-02-25T23:15Z,2026-02-25T23:00Z,1,28.8,4,B95,EUR,A03,A01,13,MAW,MAW,A01,A01
procured_balancing_capacity,13,2026-02-25T23:15:00,PT15M,2026-02-25T23:30Z,2026-02-25T23:15Z,1,28.8,4,B95,EUR,A03,A01,13,MAW,MAW,A01,A01
procured_balancing_capacity,13,2026-02-25T23:30:00,PT15M,2026-02-25T23:45Z,2026-02-25T23:30Z,1,28.8,4,B95,EUR,A03,A01,13,MAW,MAW,A01,A01
procured_balancing_capacity,13,2026-02-25T23:45:00,PT15M,2026-02-26T00:00Z,2026-02-25T23:45Z,1,28.8,4,B95,EUR,A03,A01,13,MAW,MAW,A01,A01
procured_balancing_capacity,13,2026-02-26T00:00:00,PT15M,2026-02-26T00:15Z,2026-02-26T00:00Z,1,28.8,4,B95,EUR,A03,A01,13,MAW,MAW,A01,A01
procured_balancing_capacity,13,2026-02-26T00:15:00,PT15M,2026-02-26T00:30Z,2026-02-26T00:15Z,1,28.8,4,B95,EUR,A03,A01,13,MAW,MAW,A01,A01
procured_balancing_capacity,13,2026-02-26T00:30:00,PT15M,2026-02-26T00:45Z,2026-02-26T00:30Z,1,28.8,4,B95,EUR,A03,A01,13,MAW,MAW,A01,A01
procured_balancing_capacity,13,2026-02-26T00:45:00,PT15M,2026-02-26T01:00Z,2026-02-26T00:45Z,1,28.8,4,B95,EUR,A03,A01,13,MAW,MAW,A01,A01
procured_balancing_capacity,13,2026-02-26T01:00:00,PT15M,2026-02-26T01:15Z,2026-02-26T01:00Z,1,28.8,4,B95,EUR,A03,A01,13,MAW,MAW,A01,A01
procured_balancing_capacity,13,2026-02-26T01:15:00,PT15M,2026-02-26T01:30Z,2026-02-26T01:15Z,1,28.8,4,B95,EUR,A03,A01,13,MAW,MAW,A01,A01
procured_balancing_capacity,13,2026-02-26T01:30:00,PT15M,2026-02-26T01:45Z,2026-02-26T01:30Z,1,28.8,4,B95,EUR,A03,A01,13,MAW,MAW,A01,A01
procured_balancing_capacity,13,2026-02-26T01:45:00,PT15M,2026-02-26T02:00Z,2026-02-26T01:45Z,1,28.8,4,B95,EUR,A03,A01,13,MAW,MAW,A01,A01
procured_balancing_capacity,13,2026-02-26T02:00:00,PT15M,2026-02-26T02:15Z,2026-02-26T02:00Z,1,28.8,4,B95,EUR,A03,A01,13,MAW,MAW,A01,A01
procured_balancing_capacity,13,2026-02-26T02:15:00,PT15M,2026-02-26T02:30Z,2026-02-26T02:15Z,1,28.8,4,B95,EUR,A03,A01,13,MAW,MAW,A01,A01
procured_balancing_capacity,13,2026-02-26T02:30:00,PT15M,2026-02-26T02:45Z,2026-02-26T02:30Z,1,28.8,4,B95,EUR,A03,A01,13,MAW,MAW,A01,A01
procured_balancing_capacity,13,2026-02-26T02:45:00,PT15M,2026-02-26T03:00Z,2026-02-26T02:45Z,1,28.8,4,B95,EUR,A03,A01,13,MAW,MAW,A01,A01
procured_balancing_capacity,13,2026-02-26T03:00:00,PT15M,2026-02-26T03:15Z,2026-02-26T03:00Z,1,28.8,4,B95,EUR,A03,A01,13,MAW,MAW,A01,A01
procured_balancing_capacity,13,2026-02-26T03:15:00,PT15M,2026-02-26T03:30Z,2026-02-26T03:15Z,1,28.8,4,B95,EUR,A03,A01,13,MAW,MAW,A01,A01
procured_balancing_capacity,13,2026-02-26T03:30:00,PT15M,2026-02-26T03:45Z,2026-02-26T03:30Z,1,28.8,4,B95,EUR,A03,A01,13,MAW,MAW,A01,A01
procured_balancing_capacity,13,2026-02-26T03:45:00,PT15M,2026-02-26T04:00Z,2026-02-26T03:45Z,1,28.8,4,B95,EUR,A03,A01,13,MAW,MAW,A01,A01
procured_balancing_capacity,13,2026-02-26T04:00:00,PT15M,2026-02-26T04:15Z,2026-02-26T04:00Z,1,28.8,4,B95,EUR,A03,A01,13,MAW,MAW,A01,A01
procured_balancing_capacity,13,2026-02-26T04:15:00,PT15M,2026-02-26T04:30Z,2026-02-26T04:15Z,1,28.8,4,B95,EUR,A03,A01,13,MAW,MAW,A01,A01
procured_balancing_capacity,13,2026-02-26T04:30:00,PT15M,2026-02-26T04:45Z,2026-02-26T04:30Z,1,28.8,4,B95,EUR,A03,A01,13,MAW,MAW,A01,A01
procured_balancing_capacity,13,2026-02-26T04:45:00,PT15M,2026-02-26T05:00Z,2026-02-26T04:45Z,1,28.8,4,B95,EUR,A03,A01,13,MAW,MAW,A01,A01
procured_balancing_capacity,13,2026-02-26T05:00:00,PT15M,2026-02-26T05:15Z,2026-02-26T05:00Z,1,0,0,B95,EUR,A03,A01,13,MAW,MAW,A01,A01
procured_balancing_capacity,13,2026-02-26T05:15:00,PT15M,2026-02-26T05:30Z,2026-02-26T05:15Z,1,0,0,B95,EUR,A03,A01,13,MAW,MAW,A01,A01
procured_balancing_capacity,13,2026-02-26T05:30:00,PT15M,2026-02-26T05:45Z,2026-02-26T05:30Z,1,0,0,B95,EUR,A03,A01,13,MAW,MAW,A01,A01
procured_balancing_capacity,13,2026-02-26T05:45:00,PT15M,2026-02-26T06:00Z,2026-02-26T05:45Z,1,0,0,B95,EUR,A03,A01,13,MAW,MAW,A01,A01
procured_balancing_capacity,13,2026-02-26T06:00:00,PT15M,2026-02-26T06:15Z,2026-02-26T06:00Z,1,0,0,B95,EUR,A03,A01,13,MAW,MAW,A01,A01
procured_balancing_capacity,13,2026-02-26T06:15:00,PT15M,2026-02-26T06:30Z,2026-02-26T06:15Z,1,0,0,B95,EUR,A03,A01,13,MAW,MAW,A01,A01
procured_balancing_capacity,13,2026-02-26T06:30:00,PT15M,2026-02-26T06:45Z,2026-02-26T06:30Z,1,0,0,B95,EUR,A03,A01,13,MAW,MAW,A01,A01
procured_balancing_capacity,13,2026-02-26T06:45:00,PT15M,2026-02-26T07:00Z,2026-02-26T06:45Z,1,0,0,B95,EUR,A03,A01,13,MAW,MAW,A01,A01
procured_balancing_capacity,13,2026-02-26T07:00:00,PT15M,2026-02-26T07:15Z,2026-02-26T07:00Z,1,0,0,B95,EUR,A03,A01,13,MAW,MAW,A01,A01
procured_balancing_capacity,13,2026-02-26T07:15:00,PT15M,2026-02-26T07:30Z,2026-02-26T07:15Z,1,0,0,B95,EUR,A03,A01,13,MAW,MAW,A01,A01
procured_balancing_capacity,13,2026-02-26T07:30:00,PT15M,2026-02-26T07:45Z,2026-02-26T07:30Z,1,0,0,B95,EUR,A03,A01,13,MAW,MAW,A01,A01
procured_balancing_capacity,13,2026-02-26T07:45:00,PT15M,2026-02-26T08:00Z,2026-02-26T07:45Z,1,0,0,B95,EUR,A03,A01,13,MAW,MAW,A01,A01
procured_balancing_capacity,13,2026-02-26T08:00:00,PT15M,2026-02-26T08:15Z,2026-02-26T08:00Z,1,0,0,B95,EUR,A03,A01,13,MAW,MAW,A01,A01
procured_balancing_capacity,13,2026-02-26T08:15:00,PT15M,2026-02-26T08:30Z,2026-02-26T08:15Z,1,0,0,B95,EUR,A03,A01,13,MAW,MAW,A01,A01
procured_balancing_capacity,13,2026-02-26T08:30:00,PT15M,2026-02-26T08:45Z,2026-02-26T08:30Z,1,0,0,B95,EUR,A03,A01,13,MAW,MAW,A01,A01
procured_balancing_capacity,13,2026-02-26T08:45:00,PT15M,2026-02-26T09:00Z,2026-02-26T08:45Z,1,0,0,B95,EUR,A03,A01,13,MAW,MAW,A01,A01
procured_balancing_capacity,13,2026-02-26T09:00:00,PT15M,2026-02-26T09:15Z,2026-02-26T09:00Z,1,32.85,4,B95,EUR,A03,A01,13,MAW,MAW,A01,A01
procured_balancing_capacity,13,2026-02-26T09:15:00,PT15M,2026-02-26T09:30Z,2026-02-26T09:15Z,1,32.85,4,B95,EUR,A03,A01,13,MAW,MAW,A01,A01
procured_balancing_capacity,13,2026-02-26T09:30:00,PT15M,2026-02-26T09:45Z,2026-02-26T09:30Z,1,32.85,4,B95,EUR,A03,A01,13,MAW,MAW,A01,A01
procured_balancing_capacity,13,2026-02-26T09:45:00,PT15M,2026-02-26T10:00Z,2026-02-26T09:45Z,1,32.85,4,B95,EUR,A03,A01,13,MAW,MAW,A01,A01
procured_balancing_capacity,13,2026-02-26T10:00:00,PT15M,2026-02-26T10:15Z,2026-02-26T10:00Z,1,32.85,4,B95,EUR,A03,A01,13,MAW,MAW,A01,A01
procured_balancing_capacity,13,2026-02-26T10:15:00,PT15M,2026-02-26T10:30Z,2026-02-26T10:15Z,1,32.85,4,B95,EUR,A03,A01,13,MAW,MAW,A01,A01
procured_balancing_capacity,13,2026-02-26T10:30:00,PT15M,2026-02-26T10:45Z,2026-02-26T10:30Z,1,32.85,4,B95,EUR,A03,A01,13,MAW,MAW,A01,A01
procured_balancing_capacity,13,2026-02-26T10:45:00,PT15M,2026-02-26T11:00Z,2026-02-26T10:45Z,1,32.85,4,B95,EUR,A03,A01,13,MAW,MAW,A01,A01
procured_balancing_capacity,13,2026-02-26T11:00:00,PT15M,2026-02-26T11:15Z,2026-02-26T11:00Z,1,32.85,4,B95,EUR,A03,A01,13,MAW,MAW,A01,A01
procured_balancing_capacity,13,2026-02-26T11:15:00,PT15M,2026-02-26T11:30Z,2026-02-26T11:15Z,1,32.85,4,B95,EUR,A03,A01,13,MAW,MAW,A01,A01
procured_balancing_capacity,13,2026-02-26T11:30:00,PT15M,2026-02-26T11:45Z,2026-02-26T11:30Z,1,32.85,4,B95,EUR,A03,A01,13,MAW,MAW,A01,A01
procured_balancing_capacity,13,2026-02-26T11:45:00,PT15M,2026-02-26T12:00Z,2026-02-26T11:45Z,1,32.85,4,B95,EUR,A03,A01,13,MAW,MAW,A01,A01
procured_balancing_capacity,13,2026-02-26T12:00:00,PT15M,2026-02-26T12:15Z,2026-02-26T12:00Z,1,32.85,4,B95,EUR,A03,A01,13,MAW,MAW,A01,A01
procured_balancing_capacity,13,2026-02-26T12:15:00,PT15M,2026-02-26T12:30Z,2026-02-26T12:15Z,1,32.85,4,B95,EUR,A03,A01,13,MAW,MAW,A01,A01
procured_balancing_capacity,13,2026-02-26T12:30:00,PT15M,2026-02-26T12:45Z,2026-02-26T12:30Z,1,32.85,4,B95,EUR,A03,A01,13,MAW,MAW,A01,A01
procured_balancing_capacity,13,2026-02-26T12:45:00,PT15M,2026-02-26T13:00Z,2026-02-26T12:45Z,1,32.85,4,B95,EUR,A03,A01,13,MAW,MAW,A01,A01
procured_balancing_capacity,13,2026-02-26T13:00:00,PT15M,2026-02-26T13:15Z,2026-02-26T13:00Z,1,32.85,4,B95,EUR,A03,A01,13,MAW,MAW,A01,A01
procured_balancing_capacity,13,2026-02-26T13:15:00,PT15M,2026-02-26T13:30Z,2026-02-26T13:15Z,1,32.85,4,B95,EUR,A03,A01,13,MAW,MAW,A01,A01
procured_balancing_capacity,13,2026-02-26T13:30:00,PT15M,2026-02-26T13:45Z,2026-02-26T13:30Z,1,32.85,4,B95,EUR,A03,A01,13,MAW,MAW,A01,A01
procured_balancing_capacity,13,2026-02-26T13:45:00,PT15M,2026-02-26T14:00Z,2026-02-26T13:45Z,1,32.85,4,B95,EUR,A03,A01,13,MAW,MAW,A01,A01
procured_balancing_capacity,13,2026-02-26T14:00:00,PT15M,2026-02-26T14:15Z,2026-02-26T14:00Z,1,0,0,B95,EUR,A03,A01,13,MAW,MAW,A01,A01
procured_balancing_capacity,13,2026-02-26T14:15:00,PT15M,2026-02-26T14:30Z,2026-02-26T14:15Z,1,0,0,B95,EUR,A03,A01,13,MAW,MAW,A01,A01
procured_balancing_capacity,13,2026-02-26T14:30:00,PT15M,2026-02-26T14:45Z,2026-02-26T14:30Z,1,0,0,B95,EUR,A03,A01,13,MAW,MAW,A01,A01
procured_balancing_capacity,13,2026-02-26T14:45:00,PT15M,2026-02-26T15:00Z,2026-02-26T14:45Z,1,0,0,B95,EUR,A03,A01,13,MAW,MAW,A01,A01
procured_balancing_capacity,13,2026-02-26T15:00:00,PT15M,2026-02-26T15:15Z,2026-02-26T15:00Z,1,0,0,B95,EUR,A03,A01,13,MAW,MAW,A01,A01
procured_balancing_capacity,13,2026-02-26T15:15:00,PT15M,2026-02-26T15:30Z,2026-02-26T15:15Z,1,0,0,B95,EUR,A03,A01,13,MAW,MAW,A01,A01
procured_balancing_capacity,13,2026-02-26T15:30:00,PT15M,2026-02-26T15:45Z,2026-02-26T15:30Z,1,0,0,B95,EUR,A03,A01,13,MAW,MAW,A01,A01
procured_balancing_capacity,13,2026-02-26T15:45:00,PT15M,2026-02-26T16:00Z,2026-02-26T15:45Z,1,0,0,B95,EUR,A03,A01,13,MAW,MAW,A01,A01
procured_balancing_capacity,13,2026-02-26T16:00:00,PT15M,2026-02-26T16:15Z,2026-02-26T16:00Z,1,0,0,B95,EUR,A03,A01,13,MAW,MAW,A01,A01
procured_balancing_capacity,13,2026-02-26T16:15:00,PT15M,2026-02-26T16:30Z,2026-02-26T16:15Z,1,0,0,B95,EUR,A03,A01,13,MAW,MAW,A01,A01
procured_balancing_capacity,13,2026-02-26T16:30:00,PT15M,2026-02-26T16:45Z,2026-02-26T16:30Z,1,0,0,B95,EUR,A03,A01,13,MAW,MAW,A01,A01
procured_balancing_capacity,13,2026-02-26T16:45:00,PT15M,2026-02-26T17:00Z,2026-02-26T16:45Z,1,0,0,B95,EUR,A03,A01,13,MAW,MAW,A01,A01
procured_balancing_capacity,13,2026-02-26T17:00:00,PT15M,2026-02-26T17:15Z,2026-02-26T17:00Z,1,0,0,B95,EUR,A03,A01,13,MAW,MAW,A01,A01
procured_balancing_capacity,13,2026-02-26T17:15:00,PT15M,2026-02-26T17:30Z,2026-02-26T17:15Z,1,0,0,B95,EUR,A03,A01,13,MAW,MAW,A01,A01
procured_balancing_capacity,13,2026-02-26T17:30:00,PT15M,2026-02-26T17:45Z,2026-02-26T17:30Z,1,0,0,B95,EUR,A03,A01,13,MAW,MAW,A01,A01
procured_balancing_capacity,13,2026-02-26T17:45:00,PT15M,2026-02-26T18:00Z,2026-02-26T17:45Z,1,0,0,B95,EUR,A03,A01,13,MAW,MAW,A01,A01
procured_balancing_capacity,13,2026-02-26T18:00:00,PT15M,2026-02-26T18:15Z,2026-02-26T18:00Z,1,0,0,B95,EUR,A03,A01,13,MAW,MAW,A01,A01
procured_balancing_capacity,13,2026-02-26T18:15:00,PT15M,2026-02-26T18:30Z,2026-02-26T18:15Z,1,0,0,B95,EUR,A03,A01,13,MAW,MAW,A01,A01
procured_balancing_capacity,13,2026-02-26T18:30:00,PT15M,2026-02-26T18:45Z,2026-02-26T18:30Z,1,0,0,B95,EUR,A03,A01,13,MAW,MAW,A01,A01
procured_balancing_capacity,13,2026-02-26T18:45:00,PT15M,2026-02-26T19:00Z,2026-02-26T18:45Z,1,0,0,B95,EUR,A03,A01,13,MAW,MAW,A01,A01
procured_balancing_capacity,13,2026-02-26T19:00:00,PT15M,2026-02-26T19:15Z,2026-02-26T19:00Z,1,0,0,B95,EUR,A03,A01,13,MAW,MAW,A01,A01
procured_balancing_capacity,13,2026-02-26T19:15:00,PT15M,2026-02-26T19:30Z,2026-02-26T19:15Z,1,0,0,B95,EUR,A03,A01,13,MAW,MAW,A01,A01
procured_balancing_capacity,13,2026-02-26T19:30:00,PT15M,2026-02-26T19:45Z,2026-02-26T19:30Z,1,0,0,B95,EUR,A03,A01,13,MAW,MAW,A01,A01
procured_balancing_capacity,13,2026-02-26T19:45:00,PT15M,2026-02-26T20:00Z,2026-02-26T19:45Z,1,0,0,B95,EUR,A03,A01,13,MAW,MAW,A01,A01
procured_balancing_capacity,13,2026-02-26T20:00:00,PT15M,2026-02-26T20:15Z,2026-02-26T20:00Z,1,0,0,B95,EUR,A03,A01,13,MAW,MAW,A01,A01
procured_balancing_capacity,13,2026-02-26T20:15:00,PT15M,2026-02-26T20:30Z,2026-02-26T20:15Z,1,0,0,B95,EUR,A03,A01,13,MAW,MAW,A01,A01
procured_balancing_capacity,13,2026-02-26T20:30:00,PT15M,2026-02-26T20:45Z,2026-02-26T20:30Z,1,0,0,B95,EUR,A03,A01,13,MAW,MAW,A01,A01
procured_balancing_capacity,13,2026-02-26T20:45:00,PT15M,2026-02-26T21:00Z,2026-02-26T20:45Z,1,0,0,B95,EUR,A03,A01,13,MAW,MAW,A01,A01
procured_balancing_capacity,13,2026-02-26T21:00:00,PT15M,2026-02-26T21:15Z,2026-02-26T21:00Z,1,27.9,4,B95,EUR,A03,A01,13,MAW,MAW,A01,A01
procured_balancing_capacity,13,2026-02-26T21:15:00,PT15M,2026-02-26T21:30Z,2026-02-26T21:15Z,1,27.9,4,B95,EUR,A03,A01,13,MAW,MAW,A01,A01
procured_balancing_capacity,13,2026-02-26T21:30:00,PT15M,2026-02-26T21:45Z,2026-02-26T21:30Z,1,27.9,4,B95,EUR,A03,A01,13,MAW,MAW,A01,A01
procured_balancing_capacity,13,2026-02-26T21:45:00,PT15M,2026-02-26T22:00Z,2026-02-26T21:45Z,1,27.9,4,B95,EUR,A03,A01,13,MAW,MAW,A01,A01
procured_balancing_capacity,13,2026-02-26T22:00:00,PT15M,2026-02-26T22:15Z,2026-02-26T22:00Z,1,27.9,4,B95,EUR,A03,A01,13,MAW,MAW,A01,A01
procured_balancing_capacity,13,2026-02-26T22:15:00,PT15M,2026-02-26T22:30Z,2026-02-26T22:15Z,1,27.9,4,B95,EUR,A03,A01,13,MAW,MAW,A01,A01
procured_balancing_capacity,13,2026-02-26T22:30:00,PT15M,2026-02-26T22:45Z,2026-02-26T22:30Z,1,27.9,4,B95,EUR,A03,A01,13,MAW,MAW,A01,A01
procured_balancing_capacity,13,2026-02-26T22:45:00,PT15M,2026-02-26T23:00Z,2026-02-26T22:45Z,1,27.9,4,B95,EUR,A03,A01,13,MAW,MAW,A01,A01
procured_balancing_capacity,14,2026-02-25T23:00:00,PT15M,2026-02-25T23:15Z,2026-02-25T23:00Z,1,29.4,3,B95,EUR,A03,A01,14,MAW,MAW,A01,A01
procured_balancing_capacity,14,2026-02-25T23:15:00,PT15M,2026-02-25T23:30Z,2026-02-25T23:15Z,1,29.4,3,B95,EUR,A03,A01,14,MAW,MAW,A01,A01
procured_balancing_capacity,14,2026-02-25T23:30:00,PT15M,2026-02-25T23:45Z,2026-02-25T23:30Z,1,29.4,3,B95,EUR,A03,A01,14,MAW,MAW,A01,A01
procured_balancing_capacity,14,2026-02-25T23:45:00,PT15M,2026-02-26T00:00Z,2026-02-25T23:45Z,1,29.4,3,B95,EUR,A03,A01,14,MAW,MAW,A01,A01
procured_balancing_capacity,14,2026-02-26T00:00:00,PT15M,2026-02-26T00:15Z,2026-02-26T00:00Z,1,29.4,3,B95,EUR,A03,A01,14,MAW,MAW,A01,A01
procured_balancing_capacity,14,2026-02-26T00:15:00,PT15M,2026-02-26T00:30Z,2026-02-26T00:15Z,1,29.4,3,B95,EUR,A03,A01,14,MAW,MAW,A01,A01
procured_balancing_capacity,14,2026-02-26T00:30:00,PT15M,2026-02-26T00:45Z,2026-02-26T00:30Z,1,29.4,3,B95,EUR,A03,A01,14,MAW,MAW,A01,A01
procured_balancing_capacity,14,2026-02-26T00:45:00,PT15M,2026-02-26T01:00Z,2026-02-26T00:45Z,1,29.4,3,B95,EUR,A03,A01,14,MAW,MAW,A01,A01
procured_balancing_capacity,14,2026-02-26T01:00:00,PT15M,2026-02-26T01:15Z,2026-02-26T01:00Z,1,29.4,3,B95,EUR,A03,A01,14,MAW,MAW,A01,A01
procured_balancing_capacity,14,2026-02-26T01:15:00,PT15M,2026-02-26T01:30Z,2026-02-26T01:15Z,1,29.4,3,B95,EUR,A03,A01,14,MAW,MAW,A01,A01
procured_balancing_capacity,14,2026-02-26T01:30:00,PT15M,2026-02-26T01:45Z,2026-02-26T01:30Z,1,29.4,3,B95,EUR,A03,A01,14,MAW,MAW,A01,A01
procured_balancing_capacity,14,2026-02-26T01:45:00,PT15M,2026-02-26T02:00Z,2026-02-26T01:45Z,1,29.4,3,B95,EUR,A03,A01,14,MAW,MAW,A01,A01
procured_balancing_capacity,14,2026-02-26T02:00:00,PT15M,2026-02-26T02:15Z,2026-02-26T02:00Z,1,29.4,3,B95,EUR,A03,A01,14,MAW,MAW,A01,A01
procured_balancing_capacity,14,2026-02-26T02:15:00,PT15M,2026-02-26T02:30Z,2026-02-26T02:15Z,1,29.4,3,B95,EUR,A03,A01,14,MAW,MAW,A01,A01
procured_balancing_capacity,14,2026-02-26T02:30:00,PT15M,2026-02-26T02:45Z,2026-02-26T02:30Z,1,29.4,3,B95,EUR,A03,A01,14,MAW,MAW,A01,A01
procured_balancing_capacity,14,2026-02-26T02:45:00,PT15M,2026-02-26T03:00Z,2026-02-26T02:45Z,1,29.4,3,B95,EUR,A03,A01,14,MAW,MAW,A01,A01
procured_balancing_capacity,14,2026-02-26T03:00:00,PT15M,2026-02-26T03:15Z,2026-02-26T03:00Z,1,29.4,3,B95,EUR,A03,A01,14,MAW,MAW,A01,A01
procured_balancing_capacity,14,2026-02-26T03:15:00,PT15M,2026-02-26T03:30Z,2026-02-26T03:15Z,1,29.4,3,B95,EUR,A03,A01,14,MAW,MAW,A01,A01
procured_balancing_capacity,14,2026-02-26T03:30:00,PT15M,2026-02-26T03:45Z,2026-02-26T03:30Z,1,29.4,3,B95,EUR,A03,A01,14,MAW,MAW,A01,A01
procured_balancing_capacity,14,2026-02-26T03:45:00,PT15M,2026-02-26T04:00Z,2026-02-26T03:45Z,1,29.4,3,B95,EUR,A03,A01,14,MAW,MAW,A01,A01
procured_balancing_capacity,14,2026-02-26T04:00:00,PT15M,2026-02-26T04:15Z,2026-02-26T04:00Z,1,29.4,3,B95,EUR,A03,A01,14,MAW,MAW,A01,A01
procured_balancing_capacity,14,2026-02-26T04:15:00,PT15M,2026-02-26T04:30Z,2026-02-26T04:15Z,1,29.4,3,B95,EUR,A03,A01,14,MAW,MAW,A01,A01
procured_balancing_capacity,14,2026-02-26T04:30:00,PT15M,2026-02-26T04:45Z,2026-02-26T04:30Z,1,29.4,3,B95,EUR,A03,A01,14,MAW,MAW,A01,A01
procured_balancing_capacity,14,2026-02-26T04:45:00,PT15M,2026-02-26T05:00Z,2026-02-26T04:45Z,1,29.4,3,B95,EUR,A03,A01,14,MAW,MAW,A01,A01
procured_balancing_capacity,14,2026-02-26T05:00:00,PT15M,2026-02-26T05:15Z,2026-02-26T05:00Z,1,0,0,B95,EUR,A03,A01,14,MAW,MAW,A01,A01
procured_balancing_capacity,14,2026-02-26T05:15:00,PT15M,2026-02-26T05:30Z,2026-02-26T05:15Z,1,0,0,B95,EUR,A03,A01,14,MAW,MAW,A01,A01
procured_balancing_capacity,14,2026-02-26T05:30:00,PT15M,2026-02-26T05:45Z,2026-02-26T05:30Z,1,0,0,B95,EUR,A03,A01,14,MAW,MAW,A01,A01
procured_balancing_capacity,14,2026-02-26T05:45:00,PT15M,2026-02-26T06:00Z,2026-02-26T05:45Z,1,0,0,B95,EUR,A03,A01,14,MAW,MAW,A01,A01
procured_balancing_capacity,14,2026-02-26T06:00:00,PT15M,2026-02-26T06:15Z,2026-02-26T06:00Z,1,0,0,B95,EUR,A03,A01,14,MAW,MAW,A01,A01
procured_balancing_capacity,14,2026-02-26T06:15:00,PT15M,2026-02-26T06:30Z,2026-02-26T06:15Z,1,0,0,B95,EUR,A03,A01,14,MAW,MAW,A01,A01
procured_balancing_capacity,14,2026-02-26T06:30:00,PT15M,2026-02-26T06:45Z,2026-02-26T06:30Z,1,0,0,B95,EUR,A03,A01,14,MAW,MAW,A01,A01
procured_balancing_capacity,14,2026-02-26T06:45:00,PT15M,2026-02-26T07:00Z,2026-02-26T06:45Z,1,0,0,B95,EUR,A03,A01,14,MAW,MAW,A01,A01
procured_balancing_capacity,14,2026-02-26T07:00:00,PT15M,2026-02-26T07:15Z,2026-02-26T07:00Z,1,0,0,B95,EUR,A03,A01,14,MAW,MAW,A01,A01
procured_balancing_capacity,14,2026-02-26T07:15:00,PT15M,2026-02-26T07:30Z,2026-02-26T07:15Z,1,0,0,B95,EUR,A03,A01,14,MAW,MAW,A01,A01
procured_balancing_capacity,14,2026-02-26T07:30:00,PT15M,2026-02-26T07:45Z,2026-02-26T07:30Z,1,0,0,B95,EUR,A03,A01,14,MAW,MAW,A01,A01
procured_balancing_capacity,14,2026-02-26T07:45:00,PT15M,2026-02-26T08:00Z,2026-02-26T07:45Z,1,0,0,B95,EUR,A03,A01,14,MAW,MAW,A01,A01
procured_balancing_capacity,14,2026-02-26T08:00:00,PT15M,2026-02-26T08:15Z,2026-02-26T08:00Z,1,0,0,B95,EUR,A03,A01,14,MAW,MAW,A01,A01
procured_balancing_capacity,14,2026-02-26T08:15:00,PT15M,2026-02-26T08:30Z,2026-02-26T08:15Z,1,0,0,B95,EUR,A03,A01,14,MAW,MAW,A01,A01
procured_balancing_capacity,14,2026-02-26T08:30:00,PT15M,2026-02-26T08:45Z,2026-02-26T08:30Z,1,0,0,B95,EUR,A03,A01,14,MAW,MAW,A01,A01
procured_balancing_capacity,14,2026-02-26T08:45:00,PT15M,2026-02-26T09:00Z,2026-02-26T08:45Z,1,0,0,B95,EUR,A03,A01,14,MAW,MAW,A01,A01
procured_balancing_capacity,14,2026-02-26T09:00:00,PT15M,2026-02-26T09:15Z,2026-02-26T09:00Z,1,33.15,3,B95,EUR,A03,A01,14,MAW,MAW,A01,A01
procured_balancing_capacity,14,2026-02-26T09:15:00,PT15M,2026-02-26T09:30Z,2026-02-26T09:15Z,1,33.15,3,B95,EUR,A03,A01,14,MAW,MAW,A01,A01
procured_balancing_capacity,14,2026-02-26T09:30:00,PT15M,2026-02-26T09:45Z,2026-02-26T09:30Z,1,33.15,3,B95,EUR,A03,A01,14,MAW,MAW,A01,A01
procured_balancing_capacity,14,2026-02-26T09:45:00,PT15M,2026-02-26T10:00Z,2026-02-26T09:45Z,1,33.15,3,B95,EUR,A03,A01,14,MAW,MAW,A01,A01
procured_balancing_capacity,14,2026-02-26T10:00:00,PT15M,2026-02-26T10:15Z,2026-02-26T10:00Z,1,33.15,3,B95,EUR,A03,A01,14,MAW,MAW,A01,A01
procured_balancing_capacity,14,2026-02-26T10:15:00,PT15M,2026-02-26T10:30Z,2026-02-26T10:15Z,1,33.15,3,B95,EUR,A03,A01,14,MAW,MAW,A01,A01
procured_balancing_capacity,14,2026-02-26T10:30:00,PT15M,2026-02-26T10:45Z,2026-02-26T10:30Z,1,33.15,3,B95,EUR,A03,A01,14,MAW,MAW,A01,A01
procured_balancing_capacity,14,2026-02-26T10:45:00,PT15M,2026-02-26T11:00Z,2026-02-26T10:45Z,1,33.15,3,B95,EUR,A03,A01,14,MAW,MAW,A01,A01
procured_balancing_capacity,14,2026-02-26T11:00:00,PT15M,2026-02-26T11:15Z,2026-02-26T11:00Z,1,33.15,3,B95,EUR,A03,A01,14,MAW,MAW,A01,A01
procured_balancing_capacity,14,2026-02-26T11:15:00,PT15M,2026-02-26T11:30Z,2026-02-26T11:15Z,1,33.15,3,B95,EUR,A03,A01,14,MAW,MAW,A01,A01
procured_balancing_capacity,14,2026-02-26T11:30:00,PT15M,2026-02-26T11:45Z,2026-02-26T11:30Z,1,33.15,3,B95,EUR,A03,A01,14,MAW,MAW,A01,A01
procured_balancing_capacity,14,2026-02-26T11:45:00,PT15M,2026-02-26T12:00Z,2026-02-26T11:45Z,1,33.15,3,B95,EUR,A03,A01,14,MAW,MAW,A01,A01
procured_balancing_capacity,14,2026-02-26T12:00:00,PT15M,2026-02-26T12:15Z,2026-02-26T12:00Z,1,33.15,3,B95,EUR,A03,A01,14,MAW,MAW,A01,A01
procured_balancing_capacity,14,2026-02-26T12:15:00,PT15M,2026-02-26T12:30Z,2026-02-26T12:15Z,1,33.15,3,B95,EUR,A03,A01,14,MAW,MAW,A01,A01
procured_balancing_capacity,14,2026-02-26T12:30:00,PT15M,2026-02-26T12:45Z,2026-02-26T12:30Z,1,33.15,3,B95,EUR,A03,A01,14,MAW,MAW,A01,A01
procured_balancing_capacity,14,2026-02-26T12:45:00,PT15M,2026-02-26T13:00Z,2026-02-26T12:45Z,1,33.15,3,B95,EUR,A03,A01,14,MAW,MAW,A01,A01
procured_balancing_capacity,14,2026-02-26T13:00:00,PT15M,2026-02-26T13:15Z,2026-02-26T13:00Z,1,33.15,3,B95,EUR,A03,A01,14,MAW,MAW,A01,A01
procured_balancing_capacity,14,2026-02-26T13:15:00,PT15M,2026-02-26T13:30Z,2026-02-26T13:15Z,1,33.15,3,B95,EUR,A03,A01,14,MAW,MAW,A01,A01
procured_balancing_capacity,14,2026-02-26T13:30:00,PT15M,2026-02-26T13:45Z,2026-02-26T13:30Z,1,33.15,3,B95,EUR,A03,A01,14,MAW,MAW,A01,A01
procured_balancing_capacity,14,2026-02-26T13:45:00,PT15M,2026-02-26T14:00Z,2026-02-26T13:45Z,1,33.15,3,B95,EUR,A03,A01,14,MAW,MAW,A01,A01
procured_balancing_capacity,14,2026-02-26T14:00:00,PT15M,2026-02-26T14:15Z,2026-02-26T14:00Z,1,0,0,B95,EUR,A03,A01,14,MAW,MAW,A01,A01
procured_balancing_capacity,14,2026-02-26T14:15:00,PT15M,2026-02-26T14:30Z,2026-02-26T14:15Z,1,0,0,B95,EUR,A03,A01,14,MAW,MAW,A01,A01
procured_balancing_capacity,14,2026-02-26T14:30:00,PT15M,2026-02-26T14:45Z,2026-02-26T14:30Z,1,0,0,B95,EUR,A03,A01,14,MAW,MAW,A01,A01
procured_balancing_capacity,14,2026-02-26T14:45:00,PT15M,2026-02-26T15:00Z,2026-02-26T14:45Z,1,0,0,B95,EUR,A03,A01,14,MAW,MAW,A01,A01
procured_balancing_capacity,14,2026-02-26T15:00:00,PT15M,2026-02-26T15:15Z,2026-02-26T15:00Z,1,0,0,B95,EUR,A03,A01,14,MAW,MAW,A01,A01
procured_balancing_capacity,14,2026-02-26T15:15:00,PT15M,2026-02-26T15:30Z,2026-02-26T15:15Z,1,0,0,B95,EUR,A03,A01,14,MAW,MAW,A01,A01
procured_balancing_capacity,14,2026-02-26T15:30:00,PT15M,2026-02-26T15:45Z,2026-02-26T15:30Z,1,0,0,B95,EUR,A03,A01,14,MAW,MAW,A01,A01
procured_balancing_capacity,14,2026-02-26T15:45:00,PT15M,2026-02-26T16:00Z,2026-02-26T15:45Z,1,0,0,B95,EUR,A03,A01,14,MAW,MAW,A01,A01
procured_balancing_capacity,14,2026-02-26T16:00:00,PT15M,2026-02-26T16:15Z,2026-02-26T16:00Z,1,0,0,B95,EUR,A03,A01,14,MAW,MAW,A01,A01
procured_balancing_capacity,14,2026-02-26T16:15:00,PT15M,2026-02-26T16:30Z,2026-02-26T16:15Z,1,0,0,B95,EUR,A03,A01,14,MAW,MAW,A01,A01
procured_balancing_capacity,14,2026-02-26T16:30:00,PT15M,2026-02-26T16:45Z,2026-02-26T16:30Z,1,0,0,B95,EUR,A03,A01,14,MAW,MAW,A01,A01
procured_balancing_capacity,14,2026-02-26T16:45:00,PT15M,2026-02-26T17:00Z,2026-02-26T16:45Z,1,0,0,B95,EUR,A03,A01,14,MAW,MAW,A01,A01
procured_balancing_capacity,14,2026-02-26T17:00:00,PT15M,2026-02-26T17:15Z,2026-02-26T17:00Z,1,0,0,B95,EUR,A03,A01,14,MAW,MAW,A01,A01
procured_balancing_capacity,14,2026-02-26T17:15:00,PT15M,2026-02-26T17:30Z,2026-02-26T17:15Z,1,0,0,B95,EUR,A03,A01,14,MAW,MAW,A01,A01
procured_balancing_capacity,14,2026-02-26T17:30:00,PT15M,2026-02-26T17:45Z,2026-02-26T17:30Z,1,0,0,B95,EUR,A03,A01,14,MAW,MAW,A01,A01
procured_balancing_capacity,14,2026-02-26T17:45:00,PT15M,2026-02-26T18:00Z,2026-02-26T17:45Z,1,0,0,B95,EUR,A03,A01,14,MAW,MAW,A01,A01
procured_balancing_capacity,14,2026-02-26T18:00:00,PT15M,2026-02-26T18:15Z,2026-02-26T18:00Z,1,0,0,B95,EUR,A03,A01,14,MAW,MAW,A01,A01
procured_balancing_capacity,14,2026-02-26T18:15:00,PT15M,2026-02-26T18:30Z,2026-02-26T18:15Z,1,0,0,B95,EUR,A03,A01,14,MAW,MAW,A01,A01
procured_balancing_capacity,14,2026-02-26T18:30:00,PT15M,2026-02-26T18:45Z,2026-02-26T18:30Z,1,0,0,B95,EUR,A03,A01,14,MAW,MAW,A01,A01
procured_balancing_capacity,14,2026-02-26T18:45:00,PT15M,2026-02-26T19:00Z,2026-02-26T18:45Z,1,0,0,B95,EUR,A03,A01,14,MAW,MAW,A01,A01
procured_balancing_capacity,14,2026-02-26T19:00:00,PT15M,2026-02-26T19:15Z,2026-02-26T19:00Z,1,0,0,B95,EUR,A03,A01,14,MAW,MAW,A01,A01
procured_balancing_capacity,14,2026-02-26T19:15:00,PT15M,2026-02-26T19:30Z,2026-02-26T19:15Z,1,0,0,B95,EUR,A03,A01,14,MAW,MAW,A01,A01
procured_balancing_capacity,14,2026-02-26T19:30:00,PT15M,2026-02-26T19:45Z,2026-02-26T19:30Z,1,0,0,B95,EUR,A03,A01,14,MAW,MAW,A01,A01
procured_balancing_capacity,14,2026-02-26T19:45:00,PT15M,2026-02-26T20:00Z,2026-02-26T19:45Z,1,0,0,B95,EUR,A03,A01,14,MAW,MAW,A01,A01
procured_balancing_capacity,14,2026-02-26T20:00:00,PT15M,2026-02-26T20:15Z,2026-02-26T20:00Z,1,0,0,B95,EUR,A03,A01,14,MAW,MAW,A01,A01
procured_balancing_capacity,14,2026-02-26T20:15:00,PT15M,2026-02-26T20:30Z,2026-02-26T20:15Z,1,0,0,B95,EUR,A03,A01,14,MAW,MAW,A01,A01
procured_balancing_capacity,14,2026-02-26T20:30:00,PT15M,2026-02-26T20:45Z,2026-02-26T20:30Z,1,0,0,B95,EUR,A03,A01,14,MAW,MAW,A01,A01
procured_balancing_capacity,14,2026-02-26T20:45:00,PT15M,2026-02-26T21:00Z,2026-02-26T20:45Z,1,0,0,B95,EUR,A03,A01,14,MAW,MAW,A01,A01
procured_balancing_capacity,14,2026-02-26T21:00:00,PT15M,2026-02-26T21:15Z,2026-02-26T21:00Z,1,28.8,3,B95,EUR,A03,A01,14,MAW,MAW,A01,A01
procured_balancing_capacity,14,2026-02-26T21:15:00,PT15M,2026-02-26T21:30Z,2026-02-26T21:15Z,1,28.8,3,B95,EUR,A03,A01,14,MAW,MAW,A01,A01
procured_balancing_capacity,14,2026-02-26T21:30:00,PT15M,2026-02-26T21:45Z,2026-02-26T21:30Z,1,28.8,3,B95,EUR,A03,A01,14,MAW,MAW,A01,A01
procured_balancing_capacity,14,2026-02-26T21:45:00,PT15M,2026-02-26T22:00Z,2026-02-26T21:45Z,1,28.8,3,B95,EUR,A03,A01,14,MAW,MAW,A01,A01
procured_balancing_capacity,14,2026-02-26T22:00:00,PT15M,2026-02-26T22:15Z,2026-02-26T22:00Z,1,28.8,3,B95,EUR,A03,A01,14,MAW,MAW,A01,A01
procured_balancing_capacity,14,2026-02-26T22:15:00,PT15M,2026-02-26T22:30Z,2026-02-26T22:15Z,1,28.8,3,B95,EUR,A03,A01,14,MAW,MAW,A01,A01
procured_balancing_capacity,14,2026-02-26T22:30:00,PT15M,2026-02-26T22:45Z,2026-02-26T22:30Z,1,28.8,3,B95,EUR,A03,A01,14,MAW,MAW,A01,A01
procured_balancing_capacity,14,2026-02-26T22:45:00,PT15M,2026-02-26T23:00Z,2026-02-26T22:45Z,1,28.8,3,B95,EUR,A03,A01,14,MAW,MAW,A01,A01
procured_balancing_capacity,15,2026-02-25T23:00:00,PT15M,2026-02-25T23:15Z,2026-02-25T23:00Z,1,0,0,B95,EUR,A03,A02,15,MAW,MAW,A01,A01
procured_balancing_capacity,15,2026-02-25T23:15:00,PT15M,2026-02-25T23:30Z,2026-02-25T23:15Z,1,0,0,B95,EUR,A03,A02,15,MAW,MAW,A01,A01
procured_balancing_capacity,15,2026-02-25T23:30:00,PT15M,2026-02-25T23:45Z,2026-02-25T23:30Z,1,0,0,B95,EUR,A03,A02,15,MAW,MAW,A01,A01
procured_balancing_capacity,15,2026-02-25T23:45:00,PT15M,2026-02-26T00:00Z,2026-02-25T23:45Z,1,0,0,B95,EUR,A03,A02,15,MAW,MAW,A01,A01
procured_balancing_capacity,15,2026-02-26T00:00:00,PT15M,2026-02-26T00:15Z,2026-02-26T00:00Z,1,0,0,B95,EUR,A03,A02,15,MAW,MAW,A01,A01
procured_balancing_capacity,15,2026-02-26T00:15:00,PT15M,2026-02-26T00:30Z,2026-02-26T00:15Z,1,0,0,B95,EUR,A03,A02,15,MAW,MAW,A01,A01
procured_balancing_capacity,15,2026-02-26T00:30:00,PT15M,2026-02-26T00:45Z,2026-02-26T00:30Z,1,0,0,B95,EUR,A03,A02,15,MAW,MAW,A01,A01
procured_balancing_capacity,15,2026-02-26T00:45:00,PT15M,2026-02-26T01:00Z,2026-02-26T00:45Z,1,0,0,B95,EUR,A03,A02,15,MAW,MAW,A01,A01
procured_balancing_capacity,15,2026-02-26T01:00:00,PT15M,2026-02-26T01:15Z,2026-02-26T01:00Z,1,0,0,B95,EUR,A03,A02,15,MAW,MAW,A01,A01
procured_balancing_capacity,15,2026-02-26T01:15:00,PT15M,2026-02-26T01:30Z,2026-02-26T01:15Z,1,0,0,B95,EUR,A03,A02,15,MAW,MAW,A01,A01
procured_balancing_capacity,15,2026-02-26T01:30:00,PT15M,2026-02-26T01:45Z,2026-02-26T01:30Z,1,0,0,B95,EUR,A03,A02,15,MAW,MAW,A01,A01
procured_balancing_capacity,15,2026-02-26T01:45:00,PT15M,2026-02-26T02:00Z,2026-02-26T01:45Z,1,0,0,B95,EUR,A03,A02,15,MAW,MAW,A01,A01
procured_balancing_capacity,15,2026-02-26T02:00:00,PT15M,2026-02-26T02:15Z,2026-02-26T02:00Z,1,0,0,B95,EUR,A03,A02,15,MAW,MAW,A01,A01
procured_balancing_capacity,15,2026-02-26T02:15:00,PT15M,2026-02-26T02:30Z,2026-02-26T02:15Z,1,0,0,B95,EUR,A03,A02,15,MAW,MAW,A01,A01
procured_balancing_capacity,15,2026-02-26T02:30:00,PT15M,2026-02-26T02:45Z,2026-02-26T02:30Z,1,0,0,B95,EUR,A03,A02,15,MAW,MAW,A01,A01
procured_balancing_capacity,15,2026-02-26T02:45:00,PT15M,2026-02-26T03:00Z,2026-02-26T02:45Z,1,0,0,B95,EUR,A03,A02,15,MAW,MAW,A01,A01
procured_balancing_capacity,15,2026-02-26T03:00:00,PT15M,2026-02-26T03:15Z,2026-02-26T03:00Z,1,0,0,B95,EUR,A03,A02,15,MAW,MAW,A01,A01
procured_balancing_capacity,15,2026-02-26T03:15:00,PT15M,2026-02-26T03:30Z,2026-02-26T03:15Z,1,0,0,B95,EUR,A03,A02,15,MAW,MAW,A01,A01
procured_balancing_capacity,15,2026-02-26T03:30:00,PT15M,2026-02-26T03:45Z,2026-02-26T03:30Z,1,0,0,B95,EUR,A03,A02,15,MAW,MAW,A01,A01
procured_balancing_capacity,15,2026-02-26T03:45:00,PT15M,2026-02-26T04:00Z,2026-02-26T03:45Z,1,0,0,B95,EUR,A03,A02,15,MAW,MAW,A01,A01
procured_balancing_capacity,15,2026-02-26T04:00:00,PT15M,2026-02-26T04:15Z,2026-02-26T04:00Z,1,0,0,B95,EUR,A03,A02,15,MAW,MAW,A01,A01
procured_balancing_capacity,15,2026-02-26T04:15:00,PT15M,2026-02-26T04:30Z,2026-02-26T04:15Z,1,0,0,B95,EUR,A03,A02,15,MAW,MAW,A01,A01
procured_balancing_capacity,15,2026-02-26T04:30:00,PT15M,2026-02-26T04:45Z,2026-02-26T04:30Z,1,0,0,B95,EUR,A03,A02,15,MAW,MAW,A01,A01
procured_balancing_capacity,15,2026-02-26T04:45:00,PT15M,2026-02-26T05:00Z,2026-02-26T04:45Z,1,0,0,B95,EUR,A03,A02,15,MAW,MAW,A01,A01
procured_balancing_capacity,15,2026-02-26T05:00:00,PT15M,2026-02-26T05:15Z,2026-02-26T05:00Z,1,10.68,1,B95,EUR,A03,A02,15,MAW,MAW,A01,A01
procured_balancing_capacity,15,2026-02-26T05:15:00,PT15M,2026-02-26T05:30Z,2026-02-26T05:15Z,1,10.68,1,B95,EUR,A03,A02,15,MAW,MAW,A01,A01
procured_balancing_capacity,15,2026-02-26T05:30:00,PT15M,2026-02-26T05:45Z,2026-02-26T05:30Z,1,10.68,1,B95,EUR,A03,A02,15,MAW,MAW,A01,A01
procured_balancing_capacity,15,2026-02-26T05:45:00,PT15M,2026-02-26T06:00Z,2026-02-26T05:45Z,1,10.68,1,B95,EUR,A03,A02,15,MAW,MAW,A01,A01
procured_balancing_capacity,15,2026-02-26T06:00:00,PT15M,2026-02-26T06:15Z,2026-02-26T06:00Z,1,10.68,1,B95,EUR,A03,A02,15,MAW,MAW,A01,A01
procured_balancing_capacity,15,2026-02-26T06:15:00,PT15M,2026-02-26T06:30Z,2026-02-26T06:15Z,1,10.68,1,B95,EUR,A03,A02,15,MAW,MAW,A01,A01
procured_balancing_capacity,15,2026-02-26T06:30:00,PT15M,2026-02-26T06:45Z,2026-02-26T06:30Z,1,10.68,1,B95,EUR,A03,A02,15,MAW,MAW,A01,A01
procured_balancing_capacity,15,2026-02-26T06:45:00,PT15M,2026-02-26T07:00Z,2026-02-26T06:45Z,1,10.68,1,B95,EUR,A03,A02,15,MAW,MAW,A01,A01
procured_balancing_capacity,15,2026-02-26T07:00:00,PT15M,2026-02-26T07:15Z,2026-02-26T07:00Z,1,10.68,1,B95,EUR,A03,A02,15,MAW,MAW,A01,A01
procured_balancing_capacity,15,2026-02-26T07:15:00,PT15M,2026-02-26T07:30Z,2026-02-26T07:15Z,1,10.68,1,B95,EUR,A03,A02,15,MAW,MAW,A01,A01
procured_balancing_capacity,15,2026-02-26T07:30:00,PT15M,2026-02-26T07:45Z,2026-02-26T07:30Z,1,10.68,1,B95,EUR,A03,A02,15,MAW,MAW,A01,A01
procured_balancing_capacity,15,2026-02-26T07:45:00,PT15M,2026-02-26T08:00Z,2026-02-26T07:45Z,1,10.68,1,B95,EUR,A03,A02,15,MAW,MAW,A01,A01
procured_balancing_capacity,15,2026-02-26T08:00:00,PT15M,2026-02-26T08:15Z,2026-02-26T08:00Z,1,10.68,1,B95,EUR,A03,A02,15,MAW,MAW,A01,A01
procured_balancing_capacity,15,2026-02-26T08:15:00,PT15M,2026-02-26T08:30Z,2026-02-26T08:15Z,1,10.68,1,B95,EUR,A03,A02,15,MAW,MAW,A01,A01
procured_balancing_capacity,15,2026-02-26T08:30:00,PT15M,2026-02-26T08:45Z,2026-02-26T08:30Z,1,10.68,1,B95,EUR,A03,A02,15,MAW,MAW,A01,A01
procured_balancing_capacity,15,2026-02-26T08:45:00,PT15M,2026-02-26T09:00Z,2026-02-26T08:45Z,1,10.68,1,B95,EUR,A03,A02,15,MAW,MAW,A01,A01
procured_balancing_capacity,15,2026-02-26T09:00:00,PT15M,2026-02-26T09:15Z,2026-02-26T09:00Z,1,0,0,B95,EUR,A03,A02,15,MAW,MAW,A01,A01
procured_balancing_capacity,15,2026-02-26T09:15:00,PT15M,2026-02-26T09:30Z,2026-02-26T09:15Z,1,0,0,B95,EUR,A03,A02,15,MAW,MAW,A01,A01
procured_balancing_capacity,15,2026-02-26T09:30:00,PT15M,2026-02-26T09:45Z,2026-02-26T09:30Z,1,0,0,B95,EUR,A03,A02,15,MAW,MAW,A01,A01
procured_balancing_capacity,15,2026-02-26T09:45:00,PT15M,2026-02-26T10:00Z,2026-02-26T09:45Z,1,0,0,B95,EUR,A03,A02,15,MAW,MAW,A01,A01
procured_balancing_capacity,15,2026-02-26T10:00:00,PT15M,2026-02-26T10:15Z,2026-02-26T10:00Z,1,0,0,B95,EUR,A03,A02,15,MAW,MAW,A01,A01
procured_balancing_capacity,15,2026-02-26T10:15:00,PT15M,2026-02-26T10:30Z,2026-02-26T10:15Z,1,0,0,B95,EUR,A03,A02,15,MAW,MAW,A01,A01
procured_balancing_capacity,15,2026-02-26T10:30:00,PT15M,2026-02-26T10:45Z,2026-02-26T10:30Z,1,0,0,B95,EUR,A03,A02,15,MAW,MAW,A01,A01
procured_balancing_capacity,15,2026-02-26T10:45:00,PT15M,2026-02-26T11:00Z,2026-02-26T10:45Z,1,0,0,B95,EUR,A03,A02,15,MAW,MAW,A01,A01
procured_balancing_capacity,15,2026-02-26T11:00:00,PT15M,2026-02-26T11:15Z,2026-02-26T11:00Z,1,0,0,B95,EUR,A03,A02,15,MAW,MAW,A01,A01
procured_balancing_capacity,15,2026-02-26T11:15:00,PT15M,2026-02-26T11:30Z,2026-02-26T11:15Z,1,0,0,B95,EUR,A03,A02,15,MAW,MAW,A01,A01
procured_balancing_capacity,15,2026-02-26T11:30:00,PT15M,2026-02-26T11:45Z,2026-02-26T11:30Z,1,0,0,B95,EUR,A03,A02,15,MAW,MAW,A01,A01
procured_balancing_capacity,15,2026-02-26T11:45:00,PT15M,2026-02-26T12:00Z,2026-02-26T11:45Z,1,0,0,B95,EUR,A03,A02,15,MAW,MAW,A01,A01
procured_balancing_capacity,15,2026-02-26T12:00:00,PT15M,2026-02-26T12:15Z,2026-02-26T12:00Z,1,0,0,B95,EUR,A03,A02,15,MAW,MAW,A01,A01
procured_balancing_capacity,15,2026-02-26T12:15:00,PT15M,2026-02-26T12:30Z,2026-02-26T12:15Z,1,0,0,B95,EUR,A03,A02,15,MAW,MAW,A01,A01
procured_balancing_capacity,15,2026-02-26T12:30:00,PT15M,2026-02-26T12:45Z,2026-02-26T12:30Z,1,0,0,B95,EUR,A03,A02,15,MAW,MAW,A01,A01
procured_balancing_capacity,15,2026-02-26T12:45:00,PT15M,2026-02-26T13:00Z,2026-02-26T12:45Z,1,0,0,B95,EUR,A03,A02,15,MAW,MAW,A01,A01
procured_balancing_capacity,15,2026-02-26T13:00:00,PT15M,2026-02-26T13:15Z,2026-02-26T13:00Z,1,0,0,B95,EUR,A03,A02,15,MAW,MAW,A01,A01
procured_balancing_capacity,15,2026-02-26T13:15:00,PT15M,2026-02-26T13:30Z,2026-02-26T13:15Z,1,0,0,B95,EUR,A03,A02,15,MAW,MAW,A01,A01
procured_balancing_capacity,15,2026-02-26T13:30:00,PT15M,2026-02-26T13:45Z,2026-02-26T13:30Z,1,0,0,B95,EUR,A03,A02,15,MAW,MAW,A01,A01
procured_balancing_capacity,15,2026-02-26T13:45:00,PT15M,2026-02-26T14:00Z,2026-02-26T13:45Z,1,0,0,B95,EUR,A03,A02,15,MAW,MAW,A01,A01
procured_balancing_capacity,15,2026-02-26T14:00:00,PT15M,2026-02-26T14:15Z,2026-02-26T14:00Z,1,10.68,1,B95,EUR,A03,A02,15,MAW,MAW,A01,A01
procured_balancing_capacity,15,2026-02-26T14:15:00,PT15M,2026-02-26T14:30Z,2026-02-26T14:15Z,1,10.68,1,B95,EUR,A03,A02,15,MAW,MAW,A01,A01
procured_balancing_capacity,15,2026-02-26T14:30:00,PT15M,2026-02-26T14:45Z,2026-02-26T14:30Z,1,10.68,1,B95,EUR,A03,A02,15,MAW,MAW,A01,A01
procured_balancing_capacity,15,2026-02-26T14:45:00,PT15M,2026-02-26T15:00Z,2026-02-26T14:45Z,1,10.68,1,B95,EUR,A03,A02,15,MAW,MAW,A01,A01
procured_balancing_capacity,15,2026-02-26T15:00:00,PT15M,2026-02-26T15:15Z,2026-02-26T15:00Z,1,10.68,1,B95,EUR,A03,A02,15,MAW,MAW,A01,A01
procured_balancing_capacity,15,2026-02-26T15:15:00,PT15M,2026-02-26T15:30Z,2026-02-26T15:15Z,1,10.68,1,B95,EUR,A03,A02,15,MAW,MAW,A01,A01
procured_balancing_capacity,15,2026-02-26T15:30:00,PT15M,2026-02-26T15:45Z,2026-02-26T15:30Z,1,10.68,1,B95,EUR,A03,A02,15,MAW,MAW,A01,A01
procured_balancing_capacity,15,2026-02-26T15:45:00,PT15M,2026-02-26T16:00Z,2026-02-26T15:45Z,1,10.68,1,B95,EUR,A03,A02,15,MAW,MAW,A01,A01
procured_balancing_capacity,15,2026-02-26T16:00:00,PT15M,2026-02-26T16:15Z,2026-02-26T16:00Z,1,10.68,1,B95,EUR,A03,A02,15,MAW,MAW,A01,A01
procured_balancing_capacity,15,2026-02-26T16:15:00,PT15M,2026-02-26T16:30Z,2026-02-26T16:15Z,1,10.68,1,B95,EUR,A03,A02,15,MAW,MAW,A01,A01
procured_balancing_capacity,15,2026-02-26T16:30:00,PT15M,2026-02-26T16:45Z,2026-02-26T16:30Z,1,10.68,1,B95,EUR,A03,A02,15,MAW,MAW,A01,A01
procured_balancing_capacity,15,2026-02-26T16:45:00,PT15M,2026-02-26T17:00Z,2026-02-26T16:45Z,1,10.68,1,B95,EUR,A03,A02,15,MAW,MAW,A01,A01
procured_balancing_capacity,15,2026-02-26T17:00:00,PT15M,2026-02-26T17:15Z,2026-02-26T17:00Z,1,10.68,1,B95,EUR,A03,A02,15,MAW,MAW,A01,A01
procured_balancing_capacity,15,2026-02-26T17:15:00,PT15M,2026-02-26T17:30Z,2026-02-26T17:15Z,1,10.68,1,B95,EUR,A03,A02,15,MAW,MAW,A01,A01
procured_balancing_capacity,15,2026-02-26T17:30:00,PT15M,2026-02-26T17:45Z,2026-02-26T17:30Z,1,10.68,1,B95,EUR,A03,A02,15,MAW,MAW,A01,A01
procured_balancing_capacity,15,2026-02-26T17:45:00,PT15M,2026-02-26T18:00Z,2026-02-26T17:45Z,1,10.68,1,B95,EUR,A03,A02,15,MAW,MAW,A01,A01
procured_balancing_capacity,15,2026-02-26T18:00:00,PT15M,2026-02-26T18:15Z,2026-02-26T18:00Z,1,10.68,1,B95,EUR,A03,A02,15,MAW,MAW,A01,A01
procured_balancing_capacity,15,2026-02-26T18:15:00,PT15M,2026-02-26T18:30Z,2026-02-26T18:15Z,1,10.68,1,B95,EUR,A03,A02,15,MAW,MAW,A01,A01
procured_balancing_capacity,15,2026-02-26T18:30:00,PT15M,2026-02-26T18:45Z,2026-02-26T18:30Z,1,10.68,1,B95,EUR,A03,A02,15,MAW,MAW,A01,A01
procured_balancing_capacity,15,2026-02-26T18:45:00,PT15M,2026-02-26T19:00Z,2026-02-26T18:45Z,1,10.68,1,B95,EUR,A03,A02,15,MAW,MAW,A01,A01
procured_balancing_capacity,15,2026-02-26T19:00:00,PT15M,2026-02-26T19:15Z,2026-02-26T19:00Z,1,10.68,1,B95,EUR,A03,A02,15,MAW,MAW,A01,A01
procured_balancing_capacity,15,2026-02-26T19:15:00,PT15M,2026-02-26T19:30Z,2026-02-26T19:15Z,1,10.68,1,B95,EUR,A03,A02,15,MAW,MAW,A01,A01
procured_balancing_capacity,15,2026-02-26T19:30:00,PT15M,2026-02-26T19:45Z,2026-02-26T19:30Z,1,10.68,1,B95,EUR,A03,A02,15,MAW,MAW,A01,A01
procured_balancing_capacity,15,2026-02-26T19:45:00,PT15M,2026-02-26T20:00Z,2026-02-26T19:45Z,1,10.68,1,B95,EUR,A03,A02,15,MAW,MAW,A01,A01
procured_balancing_capacity,15,2026-02-26T20:00:00,PT15M,2026-02-26T20:15Z,2026-02-26T20:00Z,1,10.68,1,B95,EUR,A03,A02,15,MAW,MAW,A01,A01
procured_balancing_capacity,15,2026-02-26T20:15:00,PT15M,2026-02-26T20:30Z,2026-02-26T20:15Z,1,10.68,1,B95,EUR,A03,A02,15,MAW,MAW,A01,A01
procured_balancing_capacity,15,2026-02-26T20:30:00,PT15M,2026-02-26T20:45Z,2026-02-26T20:30Z,1,10.68,1,B95,EUR,A03,A02,15,MAW,MAW,A01,A01
procured_balancing_capacity,15,2026-02-26T20:45:00,PT15M,2026-02-26T21:00Z,2026-02-26T20:45Z,1,10.68,1,B95,EUR,A03,A02,15,MAW,MAW,A01,A01
procured_balancing_capacity,15,2026-02-26T21:00:00,PT15M,2026-02-26T21:15Z,2026-02-26T21:00Z,1,0,0,B95,EUR,A03,A02,15,MAW,MAW,A01,A01
procured_balancing_capacity,15,2026-02-26T21:15:00,PT15M,2026-02-26T21:30Z,2026-02-26T21:15Z,1,0,0,B95,EUR,A03,A02,15,MAW,MAW,A01,A01
procured_balancing_capacity,15,2026-02-26T21:30:00,PT15M,2026-02-26T21:45Z,2026-02-26T21:30Z,1,0,0,B95,EUR,A03,A02,15,MAW,MAW,A01,A01
procured_balancing_capacity,15,2026-02-26T21:45:00,PT15M,2026-02-26T22:00Z,2026-02-26T21:45Z,1,0,0,B95,EUR,A03,A02,15,MAW,MAW,A01,A01
procured_balancing_capacity,15,2026-02-26T22:00:00,PT15M,2026-02-26T22:15Z,2026-02-26T22:00Z,1,0,0,B95,EUR,A03,A02,15,MAW,MAW,A01,A01
procured_balancing_capacity,15,2026-02-26T22:15:00,PT15M,2026-02-26T22:30Z,2026-02-26T22:15Z,1,0,0,B95,EUR,A03,A02,15,MAW,MAW,A01,A01
procured_balancing_capacity,15,2026-02-26T22:30:00,PT15M,2026-02-26T22:45Z,2026-02-26T22:30Z,1,0,0,B95,EUR,A03,A02,15,MAW,MAW,A01,A01
procured_balancing_capacity,15,2026-02-26T22:45:00,PT15M,2026-02-26T23:00Z,2026-02-26T22:45Z,1,0,0,B95,EUR,A03,A02,15,MAW,MAW,A01,A01
procured_balancing_capacity,16,2026-02-25T23:00:00,PT15M,2026-02-25T23:15Z,2026-02-25T23:00Z,1,0,0,B95,EUR,A03,A02,16,MAW,MAW,A01,A01
procured_balancing_capacity,16,2026-02-25T23:15:00,PT15M,2026-02-25T23:30Z,2026-02-25T23:15Z,1,0,0,B95,EUR,A03,A02,16,MAW,MAW,A01,A01
procured_balancing_capacity,16,2026-02-25T23:30:00,PT15M,2026-02-25T23:45Z,2026-02-25T23:30Z,1,0,0,B95,EUR,A03,A02,16,MAW,MAW,A01,A01
procured_balancing_capacity,16,2026-02-25T23:45:00,PT15M,2026-02-26T00:00Z,2026-02-25T23:45Z,1,0,0,B95,EUR,A03,A02,16,MAW,MAW,A01,A01
procured_balancing_capacity,16,2026-02-26T00:00:00,PT15M,2026-02-26T00:15Z,2026-02-26T00:00Z,1,0,0,B95,EUR,A03,A02,16,MAW,MAW,A01,A01
procured_balancing_capacity,16,2026-02-26T00:15:00,PT15M,2026-02-26T00:30Z,2026-02-26T00:15Z,1,0,0,B95,EUR,A03,A02,16,MAW,MAW,A01,A01
procured_balancing_capacity,16,2026-02-26T00:30:00,PT15M,2026-02-26T00:45Z,2026-02-26T00:30Z,1,0,0,B95,EUR,A03,A02,16,MAW,MAW,A01,A01
procured_balancing_capacity,16,2026-02-26T00:45:00,PT15M,2026-02-26T01:00Z,2026-02-26T00:45Z,1,0,0,B95,EUR,A03,A02,16,MAW,MAW,A01,A01
procured_balancing_capacity,16,2026-02-26T01:00:00,PT15M,2026-02-26T01:15Z,2026-02-26T01:00Z,1,0,0,B95,EUR,A03,A02,16,MAW,MAW,A01,A01
procured_balancing_capacity,16,2026-02-26T01:15:00,PT15M,2026-02-26T01:30Z,2026-02-26T01:15Z,1,0,0,B95,EUR,A03,A02,16,MAW,MAW,A01,A01
procured_balancing_capacity,16,2026-02-26T01:30:00,PT15M,2026-02-26T01:45Z,2026-02-26T01:30Z,1,0,0,B95,EUR,A03,A02,16,MAW,MAW,A01,A01
procured_balancing_capacity,16,2026-02-26T01:45:00,PT15M,2026-02-26T02:00Z,2026-02-26T01:45Z,1,0,0,B95,EUR,A03,A02,16,MAW,MAW,A01,A01
procured_balancing_capacity,16,2026-02-26T02:00:00,PT15M,2026-02-26T02:15Z,2026-02-26T02:00Z,1,0,0,B95,EUR,A03,A02,16,MAW,MAW,A01,A01
procured_balancing_capacity,16,2026-02-26T02:15:00,PT15M,2026-02-26T02:30Z,2026-02-26T02:15Z,1,0,0,B95,EUR,A03,A02,16,MAW,MAW,A01,A01
procured_balancing_capacity,16,2026-02-26T02:30:00,PT15M,2026-02-26T02:45Z,2026-02-26T02:30Z,1,0,0,B95,EUR,A03,A02,16,MAW,MAW,A01,A01
procured_balancing_capacity,16,2026-02-26T02:45:00,PT15M,2026-02-26T03:00Z,2026-02-26T02:45Z,1,0,0,B95,EUR,A03,A02,16,MAW,MAW,A01,A01
procured_balancing_capacity,16,2026-02-26T03:00:00,PT15M,2026-02-26T03:15Z,2026-02-26T03:00Z,1,0,0,B95,EUR,A03,A02,16,MAW,MAW,A01,A01
procured_balancing_capacity,16,2026-02-26T03:15:00,PT15M,2026-02-26T03:30Z,2026-02-26T03:15Z,1,0,0,B95,EUR,A03,A02,16,MAW,MAW,A01,A01
procured_balancing_capacity,16,2026-02-26T03:30:00,PT15M,2026-02-26T03:45Z,2026-02-26T03:30Z,1,0,0,B95,EUR,A03,A02,16,MAW,MAW,A01,A01
procured_balancing_capacity,16,2026-02-26T03:45:00,PT15M,2026-02-26T04:00Z,2026-02-26T03:45Z,1,0,0,B95,EUR,A03,A02,16,MAW,MAW,A01,A01
procured_balancing_capacity,16,2026-02-26T04:00:00,PT15M,2026-02-26T04:15Z,2026-02-26T04:00Z,1,0,0,B95,EUR,A03,A02,16,MAW,MAW,A01,A01
procured_balancing_capacity,16,2026-02-26T04:15:00,PT15M,2026-02-26T04:30Z,2026-02-26T04:15Z,1,0,0,B95,EUR,A03,A02,16,MAW,MAW,A01,A01
procured_balancing_capacity,16,2026-02-26T04:30:00,PT15M,2026-02-26T04:45Z,2026-02-26T04:30Z,1,0,0,B95,EUR,A03,A02,16,MAW,MAW,A01,A01
procured_balancing_capacity,16,2026-02-26T04:45:00,PT15M,2026-02-26T05:00Z,2026-02-26T04:45Z,1,0,0,B95,EUR,A03,A02,16,MAW,MAW,A01,A01
procured_balancing_capacity,16,2026-02-26T05:00:00,PT15M,2026-02-26T05:15Z,2026-02-26T05:00Z,1,10,1,B95,EUR,A03,A02,16,MAW,MAW,A01,A01
procured_balancing_capacity,16,2026-02-26T05:15:00,PT15M,2026-02-26T05:30Z,2026-02-26T05:15Z,1,10,1,B95,EUR,A03,A02,16,MAW,MAW,A01,A01
procured_balancing_capacity,16,2026-02-26T05:30:00,PT15M,2026-02-26T05:45Z,2026-02-26T05:30Z,1,10,1,B95,EUR,A03,A02,16,MAW,MAW,A01,A01
procured_balancing_capacity,16,2026-02-26T05:45:00,PT15M,2026-02-26T06:00Z,2026-02-26T05:45Z,1,10,1,B95,EUR,A03,A02,16,MAW,MAW,A01,A01
procured_balancing_capacity,16,2026-02-26T06:00:00,PT15M,2026-02-26T06:15Z,2026-02-26T06:00Z,1,10,1,B95,EUR,A03,A02,16,MAW,MAW,A01,A01
procured_balancing_capacity,16,2026-02-26T06:15:00,PT15M,2026-02-26T06:30Z,2026-02-26T06:15Z,1,10,1,B95,EUR,A03,A02,16,MAW,MAW,A01,A01
procured_balancing_capacity,16,2026-02-26T06:30:00,PT15M,2026-02-26T06:45Z,2026-02-26T06:30Z,1,10,1,B95,EUR,A03,A02,16,MAW,MAW,A01,A01
procured_balancing_capacity,16,2026-02-26T06:45:00,PT15M,2026-02-26T07:00Z,2026-02-26T06:45Z,1,10,1,B95,EUR,A03,A02,16,MAW,MAW,A01,A01
procured_balancing_capacity,16,2026-02-26T07:00:00,PT15M,2026-02-26T07:15Z,2026-02-26T07:00Z,1,10.15,1,B95,EUR,A03,A02,16,MAW,MAW,A01,A01
procured_balancing_capacity,16,2026-02-26T07:15:00,PT15M,2026-02-26T07:30Z,2026-02-26T07:15Z,1,10.15,1,B95,EUR,A03,A02,16,MAW,MAW,A01,A01
procured_balancing_capacity,16,2026-02-26T07:30:00,PT15M,2026-02-26T07:45Z,2026-02-26T07:30Z,1,10.15,1,B95,EUR,A03,A02,16,MAW,MAW,A01,A01
procured_balancing_capacity,16,2026-02-26T07:45:00,PT15M,2026-02-26T08:00Z,2026-02-26T07:45Z,1,10.15,1,B95,EUR,A03,A02,16,MAW,MAW,A01,A01
procured_balancing_capacity,16,2026-02-26T08:00:00,PT15M,2026-02-26T08:15Z,2026-02-26T08:00Z,1,10.15,1,B95,EUR,A03,A02,16,MAW,MAW,A01,A01
procured_balancing_capacity,16,2026-02-26T08:15:00,PT15M,2026-02-26T08:30Z,2026-02-26T08:15Z,1,10.15,1,B95,EUR,A03,A02,16,MAW,MAW,A01,A01
procured_balancing_capacity,16,2026-02-26T08:30:00,PT15M,2026-02-26T08:45Z,2026-02-26T08:30Z,1,10.15,1,B95,EUR,A03,A02,16,MAW,MAW,A01,A01
procured_balancing_capacity,16,2026-02-26T08:45:00,PT15M,2026-02-26T09:00Z,2026-02-26T08:45Z,1,10.15,1,B95,EUR,A03,A02,16,MAW,MAW,A01,A01
procured_balancing_capacity,16,2026-02-26T09:00:00,PT15M,2026-02-26T09:15Z,2026-02-26T09:00Z,1,0,0,B95,EUR,A03,A02,16,MAW,MAW,A01,A01
procured_balancing_capacity,16,2026-02-26T09:15:00,PT15M,2026-02-26T09:30Z,2026-02-26T09:15Z,1,0,0,B95,EUR,A03,A02,16,MAW,MAW,A01,A01
procured_balancing_capacity,16,2026-02-26T09:30:00,PT15M,2026-02-26T09:45Z,2026-02-26T09:30Z,1,0,0,B95,EUR,A03,A02,16,MAW,MAW,A01,A01
procured_balancing_capacity,16,2026-02-26T09:45:00,PT15M,2026-02-26T10:00Z,2026-02-26T09:45Z,1,0,0,B95,EUR,A03,A02,16,MAW,MAW,A01,A01
procured_balancing_capacity,16,2026-02-26T10:00:00,PT15M,2026-02-26T10:15Z,2026-02-26T10:00Z,1,0,0,B95,EUR,A03,A02,16,MAW,MAW,A01,A01
procured_balancing_capacity,16,2026-02-26T10:15:00,PT15M,2026-02-26T10:30Z,2026-02-26T10:15Z,1,0,0,B95,EUR,A03,A02,16,MAW,MAW,A01,A01
procured_balancing_capacity,16,2026-02-26T10:30:00,PT15M,2026-02-26T10:45Z,2026-02-26T10:30Z,1,0,0,B95,EUR,A03,A02,16,MAW,MAW,A01,A01
procured_balancing_capacity,16,2026-02-26T10:45:00,PT15M,2026-02-26T11:00Z,2026-02-26T10:45Z,1,0,0,B95,EUR,A03,A02,16,MAW,MAW,A01,A01
procured_balancing_capacity,16,2026-02-26T11:00:00,PT15M,2026-02-26T11:15Z,2026-02-26T11:00Z,1,0,0,B95,EUR,A03,A02,16,MAW,MAW,A01,A01
procured_balancing_capacity,16,2026-02-26T11:15:00,PT15M,2026-02-26T11:30Z,2026-02-26T11:15Z,1,0,0,B95,EUR,A03,A02,16,MAW,MAW,A01,A01
procured_balancing_capacity,16,2026-02-26T11:30:00,PT15M,2026-02-26T11:45Z,2026-02-26T11:30Z,1,0,0,B95,EUR,A03,A02,16,MAW,MAW,A01,A01
procured_balancing_capacity,16,2026-02-26T11:45:00,PT15M,2026-02-26T12:00Z,2026-02-26T11:45Z,1,0,0,B95,EUR,A03,A02,16,MAW,MAW,A01,A01
procured_balancing_capacity,16,2026-02-26T12:00:00,PT15M,2026-02-26T12:15Z,2026-02-26T12:00Z,1,0,0,B95,EUR,A03,A02,16,MAW,MAW,A01,A01
procured_balancing_capacity,16,2026-02-26T12:15:00,PT15M,2026-02-26T12:30Z,2026-02-26T12:15Z,1,0,0,B95,EUR,A03,A02,16,MAW,MAW,A01,A01
procured_balancing_capacity,16,2026-02-26T12:30:00,PT15M,2026-02-26T12:45Z,2026-02-26T12:30Z,1,0,0,B95,EUR,A03,A02,16,MAW,MAW,A01,A01
procured_balancing_capacity,16,2026-02-26T12:45:00,PT15M,2026-02-26T13:00Z,2026-02-26T12:45Z,1,0,0,B95,EUR,A03,A02,16,MAW,MAW,A01,A01
procured_balancing_capacity,16,2026-02-26T13:00:00,PT15M,2026-02-26T13:15Z,2026-02-26T13:00Z,1,0,0,B95,EUR,A03,A02,16,MAW,MAW,A01,A01
procured_balancing_capacity,16,2026-02-26T13:15:00,PT15M,2026-02-26T13:30Z,2026-02-26T13:15Z,1,0,0,B95,EUR,A03,A02,16,MAW,MAW,A01,A01
procured_balancing_capacity,16,2026-02-26T13:30:00,PT15M,2026-02-26T13:45Z,2026-02-26T13:30Z,1,0,0,B95,EUR,A03,A02,16,MAW,MAW,A01,A01
procured_balancing_capacity,16,2026-02-26T13:45:00,PT15M,2026-02-26T14:00Z,2026-02-26T13:45Z,1,0,0,B95,EUR,A03,A02,16,MAW,MAW,A01,A01
procured_balancing_capacity,16,2026-02-26T14:00:00,PT15M,2026-02-26T14:15Z,2026-02-26T14:00Z,1,10.15,1,B95,EUR,A03,A02,16,MAW,MAW,A01,A01
procured_balancing_capacity,16,2026-02-26T14:15:00,PT15M,2026-02-26T14:30Z,2026-02-26T14:15Z,1,10.15,1,B95,EUR,A03,A02,16,MAW,MAW,A01,A01
procured_balancing_capacity,16,2026-02-26T14:30:00,PT15M,2026-02-26T14:45Z,2026-02-26T14:30Z,1,10.15,1,B95,EUR,A03,A02,16,MAW,MAW,A01,A01
procured_balancing_capacity,16,2026-02-26T14:45:00,PT15M,2026-02-26T15:00Z,2026-02-26T14:45Z,1,10.15,1,B95,EUR,A03,A02,16,MAW,MAW,A01,A01
procured_balancing_capacity,16,2026-02-26T15:00:00,PT15M,2026-02-26T15:15Z,2026-02-26T15:00Z,1,10.15,1,B95,EUR,A03,A02,16,MAW,MAW,A01,A01
procured_balancing_capacity,16,2026-02-26T15:15:00,PT15M,2026-02-26T15:30Z,2026-02-26T15:15Z,1,10.15,1,B95,EUR,A03,A02,16,MAW,MAW,A01,A01
procured_balancing_capacity,16,2026-02-26T15:30:00,PT15M,2026-02-26T15:45Z,2026-02-26T15:30Z,1,10.15,1,B95,EUR,A03,A02,16,MAW,MAW,A01,A01
procured_balancing_capacity,16,2026-02-26T15:45:00,PT15M,2026-02-26T16:00Z,2026-02-26T15:45Z,1,10.15,1,B95,EUR,A03,A02,16,MAW,MAW,A01,A01
procured_balancing_capacity,16,2026-02-26T16:00:00,PT15M,2026-02-26T16:15Z,2026-02-26T16:00Z,1,10.15,1,B95,EUR,A03,A02,16,MAW,MAW,A01,A01
procured_balancing_capacity,16,2026-02-26T16:15:00,PT15M,2026-02-26T16:30Z,2026-02-26T16:15Z,1,10.15,1,B95,EUR,A03,A02,16,MAW,MAW,A01,A01
procured_balancing_capacity,16,2026-02-26T16:30:00,PT15M,2026-02-26T16:45Z,2026-02-26T16:30Z,1,10.15,1,B95,EUR,A03,A02,16,MAW,MAW,A01,A01
procured_balancing_capacity,16,2026-02-26T16:45:00,PT15M,2026-02-26T17:00Z,2026-02-26T16:45Z,1,10.15,1,B95,EUR,A03,A02,16,MAW,MAW,A01,A01
procured_balancing_capacity,16,2026-02-26T17:00:00,PT15M,2026-02-26T17:15Z,2026-02-26T17:00Z,1,10.15,1,B95,EUR,A03,A02,16,MAW,MAW,A01,A01
procured_balancing_capacity,16,2026-02-26T17:15:00,PT15M,2026-02-26T17:30Z,2026-02-26T17:15Z,1,10.15,1,B95,EUR,A03,A02,16,MAW,MAW,A01,A01
procured_balancing_capacity,16,2026-02-26T17:30:00,PT15M,2026-02-26T17:45Z,2026-02-26T17:30Z,1,10.15,1,B95,EUR,A03,A02,16,MAW,MAW,A01,A01
procured_balancing_capacity,16,2026-02-26T17:45:00,PT15M,2026-02-26T18:00Z,2026-02-26T17:45Z,1,10.15,1,B95,EUR,A03,A02,16,MAW,MAW,A01,A01
procured_balancing_capacity,16,2026-02-26T18:00:00,PT15M,2026-02-26T18:15Z,2026-02-26T18:00Z,1,10.15,1,B95,EUR,A03,A02,16,MAW,MAW,A01,A01
procured_balancing_capacity,16,2026-02-26T18:15:00,PT15M,2026-02-26T18:30Z,2026-02-26T18:15Z,1,10.15,1,B95,EUR,A03,A02,16,MAW,MAW,A01,A01
procured_balancing_capacity,16,2026-02-26T18:30:00,PT15M,2026-02-26T18:45Z,2026-02-26T18:30Z,1,10.15,1,B95,EUR,A03,A02,16,MAW,MAW,A01,A01
procured_balancing_capacity,16,2026-02-26T18:45:00,PT15M,2026-02-26T19:00Z,2026-02-26T18:45Z,1,10.15,1,B95,EUR,A03,A02,16,MAW,MAW,A01,A01
procured_balancing_capacity,16,2026-02-26T19:00:00,PT15M,2026-02-26T19:15Z,2026-02-26T19:00Z,1,10.15,1,B95,EUR,A03,A02,16,MAW,MAW,A01,A01
procured_balancing_capacity,16,2026-02-26T19:15:00,PT15M,2026-02-26T19:30Z,2026-02-26T19:15Z,1,10.15,1,B95,EUR,A03,A02,16,MAW,MAW,A01,A01
procured_balancing_capacity,16,2026-02-26T19:30:00,PT15M,2026-02-26T19:45Z,2026-02-26T19:30Z,1,10.15,1,B95,EUR,A03,A02,16,MAW,MAW,A01,A01
procured_balancing_capacity,16,2026-02-26T19:45:00,PT15M,2026-02-26T20:00Z,2026-02-26T19:45Z,1,10.15,1,B95,EUR,A03,A02,16,MAW,MAW,A01,A01
procured_balancing_capacity,16,2026-02-26T20:00:00,PT15M,2026-02-26T20:15Z,2026-02-26T20:00Z,1,10.15,1,B95,EUR,A03,A02,16,MAW,MAW,A01,A01
procured_balancing_capacity,16,2026-02-26T20:15:00,PT15M,2026-02-26T20:30Z,2026-02-26T20:15Z,1,10.15,1,B95,EUR,A03,A02,16,MAW,MAW,A01,A01
procured_balancing_capacity,16,2026-02-26T20:30:00,PT15M,2026-02-26T20:45Z,2026-02-26T20:30Z,1,10.15,1,B95,EUR,A03,A02,16,MAW,MAW,A01,A01
procured_balancing_capacity,16,2026-02-26T20:45:00,PT15M,2026-02-26T21:00Z,2026-02-26T20:45Z,1,10.15,1,B95,EUR,A03,A02,16,MAW,MAW,A01,A01
procured_balancing_capacity,16,2026-02-26T21:00:00,PT15M,2026-02-26T21:15Z,2026-02-26T21:00Z,1,0,0,B95,EUR,A03,A02,16,MAW,MAW,A01,A01
procured_balancing_capacity,16,2026-02-26T21:15:00,PT15M,2026-02-26T21:30Z,2026-02-26T21:15Z,1,0,0,B95,EUR,A03,A02,16,MAW,MAW,A01,A01
procured_balancing_capacity,16,2026-02-26T21:30:00,PT15M,2026-02-26T21:45Z,2026-02-26T21:30Z,1,0,0,B95,EUR,A03,A02,16,MAW,MAW,A01,A01
procured_balancing_capacity,16,2026-02-26T21:45:00,PT15M,2026-02-26T22:00Z,2026-02-26T21:45Z,1,0,0,B95,EUR,A03,A02,16,MAW,MAW,A01,A01
procured_balancing_capacity,16,2026-02-26T22:00:00,PT15M,2026-02-26T22:15Z,2026-02-26T22:00Z,1,0,0,B95,EUR,A03,A02,16,MAW,MAW,A01,A01
procured_balancing_capacity,16,2026-02-26T22:15:00,PT15M,2026-02-26T22:30Z,2026-02-26T22:15Z,1,0,0,B95,EUR,A03,A02,16,MAW,MAW,A01,A01
procured_balancing_capacity,16,2026-02-26T22:30:00,PT15M,2026-02-26T22:45Z,2026-02-26T22:30Z,1,0,0,B95,EUR,A03,A02,16,MAW,MAW,A01,A01
procured_balancing_capacity,16,2026-02-26T22:45:00,PT15M,2026-02-26T23:00Z,2026-02-26T22:45Z,1,0,0,B95,EUR,A03,A02,16,MAW,MAW,A01,A01
procured_balancing_capacity,17,2026-02-26T23:00:00,PT15M,2026-02-26T23:15Z,2026-02-26T23:00Z,1,0,0,B95,EUR,A03,A02,17,MAW,MAW,A01,A01
procured_balancing_capacity,17,2026-02-26T23:15:00,PT15M,2026-02-26T23:30Z,2026-02-26T23:15Z,1,0,0,B95,EUR,A03,A02,17,MAW,MAW,A01,A01
procured_balancing_capacity,17,2026-02-26T23:30:00,PT15M,2026-02-26T23:45Z,2026-02-26T23:30Z,1,0,0,B95,EUR,A03,A02,17,MAW,MAW,A01,A01
procured_balancing_capacity,17,2026-02-26T23:45:00,PT15M,2026-02-27T00:00Z,2026-02-26T23:45Z,1,0,0,B95,EUR,A03,A02,17,MAW,MAW,A01,A01
procured_balancing_capacity,17,2026-02-27T00:00:00,PT15M,2026-02-27T00:15Z,2026-02-27T00:00Z,1,0,0,B95,EUR,A03,A02,17,MAW,MAW,A01,A01
procured_balancing_capacity,17,2026-02-27T00:15:00,PT15M,2026-02-27T00:30Z,2026-02-27T00:15Z,1,0,0,B95,EUR,A03,A02,17,MAW,MAW,A01,A01
procured_balancing_capacity,17,2026-02-27T00:30:00,PT15M,2026-02-27T00:45Z,2026-02-27T00:30Z,1,0,0,B95,EUR,A03,A02,17,MAW,MAW,A01,A01
procured_balancing_capacity,17,2026-02-27T00:45:00,PT15M,2026-02-27T01:00Z,2026-02-27T00:45Z,1,0,0,B95,EUR,A03,A02,17,MAW,MAW,A01,A01
procured_balancing_capacity,17,2026-02-27T01:00:00,PT15M,2026-02-27T01:15Z,2026-02-27T01:00Z,1,0,0,B95,EUR,A03,A02,17,MAW,MAW,A01,A01
procured_balancing_capacity,17,2026-02-27T01:15:00,PT15M,2026-02-27T01:30Z,2026-02-27T01:15Z,1,0,0,B95,EUR,A03,A02,17,MAW,MAW,A01,A01
procured_balancing_capacity,17,2026-02-27T01:30:00,PT15M,2026-02-27T01:45Z,2026-02-27T01:30Z,1,0,0,B95,EUR,A03,A02,17,MAW,MAW,A01,A01
procured_balancing_capacity,17,2026-02-27T01:45:00,PT15M,2026-02-27T02:00Z,2026-02-27T01:45Z,1,0,0,B95,EUR,A03,A02,17,MAW,MAW,A01,A01
procured_balancing_capacity,17,2026-02-27T02:00:00,PT15M,2026-02-27T02:15Z,2026-02-27T02:00Z,1,0,0,B95,EUR,A03,A02,17,MAW,MAW,A01,A01
procured_balancing_capacity,17,2026-02-27T02:15:00,PT15M,2026-02-27T02:30Z,2026-02-27T02:15Z,1,0,0,B95,EUR,A03,A02,17,MAW,MAW,A01,A01
procured_balancing_capacity,17,2026-02-27T02:30:00,PT15M,2026-02-27T02:45Z,2026-02-27T02:30Z,1,0,0,B95,EUR,A03,A02,17,MAW,MAW,A01,A01
procured_balancing_capacity,17,2026-02-27T02:45:00,PT15M,2026-02-27T03:00Z,2026-02-27T02:45Z,1,0,0,B95,EUR,A03,A02,17,MAW,MAW,A01,A01
procured_balancing_capacity,17,2026-02-27T03:00:00,PT15M,2026-02-27T03:15Z,2026-02-27T03:00Z,1,0,0,B95,EUR,A03,A02,17,MAW,MAW,A01,A01
procured_balancing_capacity,17,2026-02-27T03:15:00,PT15M,2026-02-27T03:30Z,2026-02-27T03:15Z,1,0,0,B95,EUR,A03,A02,17,MAW,MAW,A01,A01
procured_balancing_capacity,17,2026-02-27T03:30:00,PT15M,2026-02-27T03:45Z,2026-02-27T03:30Z,1,0,0,B95,EUR,A03,A02,17,MAW,MAW,A01,A01
procured_balancing_capacity,17,2026-02-27T03:45:00,PT15M,2026-02-27T04:00Z,2026-02-27T03:45Z,1,0,0,B95,EUR,A03,A02,17,MAW,MAW,A01,A01
procured_balancing_capacity,17,2026-02-27T04:00:00,PT15M,2026-02-27T04:15Z,2026-02-27T04:00Z,1,0,0,B95,EUR,A03,A02,17,MAW,MAW,A01,A01
procured_balancing_capacity,17,2026-02-27T04:15:00,PT15M,2026-02-27T04:30Z,2026-02-27T04:15Z,1,0,0,B95,EUR,A03,A02,17,MAW,MAW,A01,A01
procured_balancing_capacity,17,2026-02-27T04:30:00,PT15M,2026-02-27T04:45Z,2026-02-27T04:30Z,1,0,0,B95,EUR,A03,A02,17,MAW,MAW,A01,A01
procured_balancing_capacity,17,2026-02-27T04:45:00,PT15M,2026-02-27T05:00Z,2026-02-27T04:45Z,1,0,0,B95,EUR,A03,A02,17,MAW,MAW,A01,A01
procured_balancing_capacity,17,2026-02-27T05:00:00,PT15M,2026-02-27T05:15Z,2026-02-27T05:00Z,1,10.3,1,B95,EUR,A03,A02,17,MAW,MAW,A01,A01
procured_balancing_capacity,17,2026-02-27T05:15:00,PT15M,2026-02-27T05:30Z,2026-02-27T05:15Z,1,10.3,1,B95,EUR,A03,A02,17,MAW,MAW,A01,A01
procured_balancing_capacity,17,2026-02-27T05:30:00,PT15M,2026-02-27T05:45Z,2026-02-27T05:30Z,1,10.3,1,B95,EUR,A03,A02,17,MAW,MAW,A01,A01
procured_balancing_capacity,17,2026-02-27T05:45:00,PT15M,2026-02-27T06:00Z,2026-02-27T05:45Z,1,10.3,1,B95,EUR,A03,A02,17,MAW,MAW,A01,A01
procured_balancing_capacity,17,2026-02-27T06:00:00,PT15M,2026-02-27T06:15Z,2026-02-27T06:00Z,1,10.3,1,B95,EUR,A03,A02,17,MAW,MAW,A01,A01
procured_balancing_capacity,17,2026-02-27T06:15:00,PT15M,2026-02-27T06:30Z,2026-02-27T06:15Z,1,10.3,1,B95,EUR,A03,A02,17,MAW,MAW,A01,A01
procured_balancing_capacity,17,2026-02-27T06:30:00,PT15M,2026-02-27T06:45Z,2026-02-27T06:30Z,1,10.3,1,B95,EUR,A03,A02,17,MAW,MAW,A01,A01
procured_balancing_capacity,17,2026-02-27T06:45:00,PT15M,2026-02-27T07:00Z,2026-02-27T06:45Z,1,10.3,1,B95,EUR,A03,A02,17,MAW,MAW,A01,A01
procured_balancing_capacity,17,2026-02-27T07:00:00,PT15M,2026-02-27T07:15Z,2026-02-27T07:00Z,1,0,0,B95,EUR,A03,A02,17,MAW,MAW,A01,A01
procured_balancing_capacity,17,2026-02-27T07:15:00,PT15M,2026-02-27T07:30Z,2026-02-27T07:15Z,1,0,0,B95,EUR,A03,A02,17,MAW,MAW,A01,A01
procured_balancing_capacity,17,2026-02-27T07:30:00,PT15M,2026-02-27T07:45Z,2026-02-27T07:30Z,1,0,0,B95,EUR,A03,A02,17,MAW,MAW,A01,A01
procured_balancing_capacity,17,2026-02-27T07:45:00,PT15M,2026-02-27T08:00Z,2026-02-27T07:45Z,1,0,0,B95,EUR,A03,A02,17,MAW,MAW,A01,A01
procured_balancing_capacity,17,2026-02-27T08:00:00,PT15M,2026-02-27T08:15Z,2026-02-27T08:00Z,1,0,0,B95,EUR,A03,A02,17,MAW,MAW,A01,A01
procured_balancing_capacity,17,2026-02-27T08:15:00,PT15M,2026-02-27T08:30Z,2026-02-27T08:15Z,1,0,0,B95,EUR,A03,A02,17,MAW,MAW,A01,A01
procured_balancing_capacity,17,2026-02-27T08:30:00,PT15M,2026-02-27T08:45Z,2026-02-27T08:30Z,1,0,0,B95,EUR,A03,A02,17,MAW,MAW,A01,A01
procured_balancing_capacity,17,2026-02-27T08:45:00,PT15M,2026-02-27T09:00Z,2026-02-27T08:45Z,1,0,0,B95,EUR,A03,A02,17,MAW,MAW,A01,A01
procured_balancing_capacity,17,2026-02-27T09:00:00,PT15M,2026-02-27T09:15Z,2026-02-27T09:00Z,1,0,0,B95,EUR,A03,A02,17,MAW,MAW,A01,A01
procured_balancing_capacity,17,2026-02-27T09:15:00,PT15M,2026-02-27T09:30Z,2026-02-27T09:15Z,1,0,0,B95,EUR,A03,A02,17,MAW,MAW,A01,A01
procured_balancing_capacity,17,2026-02-27T09:30:00,PT15M,2026-02-27T09:45Z,2026-02-27T09:30Z,1,0,0,B95,EUR,A03,A02,17,MAW,MAW,A01,A01
procured_balancing_capacity,17,2026-02-27T09:45:00,PT15M,2026-02-27T10:00Z,2026-02-27T09:45Z,1,0,0,B95,EUR,A03,A02,17,MAW,MAW,A01,A01
procured_balancing_capacity,17,2026-02-27T10:00:00,PT15M,2026-02-27T10:15Z,2026-02-27T10:00Z,1,0,0,B95,EUR,A03,A02,17,MAW,MAW,A01,A01
procured_balancing_capacity,17,2026-02-27T10:15:00,PT15M,2026-02-27T10:30Z,2026-02-27T10:15Z,1,0,0,B95,EUR,A03,A02,17,MAW,MAW,A01,A01
procured_balancing_capacity,17,2026-02-27T10:30:00,PT15M,2026-02-27T10:45Z,2026-02-27T10:30Z,1,0,0,B95,EUR,A03,A02,17,MAW,MAW,A01,A01
procured_balancing_capacity,17,2026-02-27T10:45:00,PT15M,2026-02-27T11:00Z,2026-02-27T10:45Z,1,0,0,B95,EUR,A03,A02,17,MAW,MAW,A01,A01
procured_balancing_capacity,17,2026-02-27T11:00:00,PT15M,2026-02-27T11:15Z,2026-02-27T11:00Z,1,0,0,B95,EUR,A03,A02,17,MAW,MAW,A01,A01
procured_balancing_capacity,17,2026-02-27T11:15:00,PT15M,2026-02-27T11:30Z,2026-02-27T11:15Z,1,0,0,B95,EUR,A03,A02,17,MAW,MAW,A01,A01
procured_balancing_capacity,17,2026-02-27T11:30:00,PT15M,2026-02-27T11:45Z,2026-02-27T11:30Z,1,0,0,B95,EUR,A03,A02,17,MAW,MAW,A01,A01
procured_balancing_capacity,17,2026-02-27T11:45:00,PT15M,2026-02-27T12:00Z,2026-02-27T11:45Z,1,0,0,B95,EUR,A03,A02,17,MAW,MAW,A01,A01
procured_balancing_capacity,17,2026-02-27T12:00:00,PT15M,2026-02-27T12:15Z,2026-02-27T12:00Z,1,0,0,B95,EUR,A03,A02,17,MAW,MAW,A01,A01
procured_balancing_capacity,17,2026-02-27T12:15:00,PT15M,2026-02-27T12:30Z,2026-02-27T12:15Z,1,0,0,B95,EUR,A03,A02,17,MAW,MAW,A01,A01
procured_balancing_capacity,17,2026-02-27T12:30:00,PT15M,2026-02-27T12:45Z,2026-02-27T12:30Z,1,0,0,B95,EUR,A03,A02,17,MAW,MAW,A01,A01
procured_balancing_capacity,17,2026-02-27T12:45:00,PT15M,2026-02-27T13:00Z,2026-02-27T12:45Z,1,0,0,B95,EUR,A03,A02,17,MAW,MAW,A01,A01
procured_balancing_capacity,17,2026-02-27T13:00:00,PT15M,2026-02-27T13:15Z,2026-02-27T13:00Z,1,0,0,B95,EUR,A03,A02,17,MAW,MAW,A01,A01
procured_balancing_capacity,17,2026-02-27T13:15:00,PT15M,2026-02-27T13:30Z,2026-02-27T13:15Z,1,0,0,B95,EUR,A03,A02,17,MAW,MAW,A01,A01
procured_balancing_capacity,17,2026-02-27T13:30:00,PT15M,2026-02-27T13:45Z,2026-02-27T13:30Z,1,0,0,B95,EUR,A03,A02,17,MAW,MAW,A01,A01
procured_balancing_capacity,17,2026-02-27T13:45:00,PT15M,2026-02-27T14:00Z,2026-02-27T13:45Z,1,0,0,B95,EUR,A03,A02,17,MAW,MAW,A01,A01
procured_balancing_capacity,17,2026-02-27T14:00:00,PT15M,2026-02-27T14:15Z,2026-02-27T14:00Z,1,0,0,B95,EUR,A03,A02,17,MAW,MAW,A01,A01
procured_balancing_capacity,17,2026-02-27T14:15:00,PT15M,2026-02-27T14:30Z,2026-02-27T14:15Z,1,0,0,B95,EUR,A03,A02,17,MAW,MAW,A01,A01
procured_balancing_capacity,17,2026-02-27T14:30:00,PT15M,2026-02-27T14:45Z,2026-02-27T14:30Z,1,0,0,B95,EUR,A03,A02,17,MAW,MAW,A01,A01
procured_balancing_capacity,17,2026-02-27T14:45:00,PT15M,2026-02-27T15:00Z,2026-02-27T14:45Z,1,0,0,B95,EUR,A03,A02,17,MAW,MAW,A01,A01
procured_balancing_capacity,17,2026-02-27T15:00:00,PT15M,2026-02-27T15:15Z,2026-02-27T15:00Z,1,10.3,1,B95,EUR,A03,A02,17,MAW,MAW,A01,A01
procured_balancing_capacity,17,2026-02-27T15:15:00,PT15M,2026-02-27T15:30Z,2026-02-27T15:15Z,1,10.3,1,B95,EUR,A03,A02,17,MAW,MAW,A01,A01
procured_balancing_capacity,17,2026-02-27T15:30:00,PT15M,2026-02-27T15:45Z,2026-02-27T15:30Z,1,10.3,1,B95,EUR,A03,A02,17,MAW,MAW,A01,A01
procured_balancing_capacity,17,2026-02-27T15:45:00,PT15M,2026-02-27T16:00Z,2026-02-27T15:45Z,1,10.3,1,B95,EUR,A03,A02,17,MAW,MAW,A01,A01
procured_balancing_capacity,17,2026-02-27T16:00:00,PT15M,2026-02-27T16:15Z,2026-02-27T16:00Z,1,10.3,1,B95,EUR,A03,A02,17,MAW,MAW,A01,A01
procured_balancing_capacity,17,2026-02-27T16:15:00,PT15M,2026-02-27T16:30Z,2026-02-27T16:15Z,1,10.3,1,B95,EUR,A03,A02,17,MAW,MAW,A01,A01
procured_balancing_capacity,17,2026-02-27T16:30:00,PT15M,2026-02-27T16:45Z,2026-02-27T16:30Z,1,10.3,1,B95,EUR,A03,A02,17,MAW,MAW,A01,A01
procured_balancing_capacity,17,2026-02-27T16:45:00,PT15M,2026-02-27T17:00Z,2026-02-27T16:45Z,1,10.3,1,B95,EUR,A03,A02,17,MAW,MAW,A01,A01
procured_balancing_capacity,17,2026-02-27T17:00:00,PT15M,2026-02-27T17:15Z,2026-02-27T17:00Z,1,10.3,1,B95,EUR,A03,A02,17,MAW,MAW,A01,A01
procured_balancing_capacity,17,2026-02-27T17:15:00,PT15M,2026-02-27T17:30Z,2026-02-27T17:15Z,1,10.3,1,B95,EUR,A03,A02,17,MAW,MAW,A01,A01
procured_balancing_capacity,17,2026-02-27T17:30:00,PT15M,2026-02-27T17:45Z,2026-02-27T17:30Z,1,10.3,1,B95,EUR,A03,A02,17,MAW,MAW,A01,A01
procured_balancing_capacity,17,2026-02-27T17:45:00,PT15M,2026-02-27T18:00Z,2026-02-27T17:45Z,1,10.3,1,B95,EUR,A03,A02,17,MAW,MAW,A01,A01
procured_balancing_capacity,17,2026-02-27T18:00:00,PT15M,2026-02-27T18:15Z,2026-02-27T18:00Z,1,10.3,1,B95,EUR,A03,A02,17,MAW,MAW,A01,A01
procured_balancing_capacity,17,2026-02-27T18:15:00,PT15M,2026-02-27T18:30Z,2026-02-27T18:15Z,1,10.3,1,B95,EUR,A03,A02,17,MAW,MAW,A01,A01
procured_balancing_capacity,17,2026-02-27T18:30:00,PT15M,2026-02-27T18:45Z,2026-02-27T18:30Z,1,10.3,1,B95,EUR,A03,A02,17,MAW,MAW,A01,A01
procured_balancing_capacity,17,2026-02-27T18:45:00,PT15M,2026-02-27T19:00Z,2026-02-27T18:45Z,1,10.3,1,B95,EUR,A03,A02,17,MAW,MAW,A01,A01
procured_balancing_capacity,17,2026-02-27T19:00:00,PT15M,2026-02-27T19:15Z,2026-02-27T19:00Z,1,10.3,1,B95,EUR,A03,A02,17,MAW,MAW,A01,A01
procured_balancing_capacity,17,2026-02-27T19:15:00,PT15M,2026-02-27T19:30Z,2026-02-27T19:15Z,1,10.3,1,B95,EUR,A03,A02,17,MAW,MAW,A01,A01
procured_balancing_capacity,17,2026-02-27T19:30:00,PT15M,2026-02-27T19:45Z,2026-02-27T19:30Z,1,10.3,1,B95,EUR,A03,A02,17,MAW,MAW,A01,A01
procured_balancing_capacity,17,2026-02-27T19:45:00,PT15M,2026-02-27T20:00Z,2026-02-27T19:45Z,1,10.3,1,B95,EUR,A03,A02,17,MAW,MAW,A01,A01
procured_balancing_capacity,17,2026-02-27T20:00:00,PT15M,2026-02-27T20:15Z,2026-02-27T20:00Z,1,0,0,B95,EUR,A03,A02,17,MAW,MAW,A01,A01
procured_balancing_capacity,17,2026-02-27T20:15:00,PT15M,2026-02-27T20:30Z,2026-02-27T20:15Z,1,0,0,B95,EUR,A03,A02,17,MAW,MAW,A01,A01
procured_balancing_capacity,17,2026-02-27T20:30:00,PT15M,2026-02-27T20:45Z,2026-02-27T20:30Z,1,0,0,B95,EUR,A03,A02,17,MAW,MAW,A01,A01
procured_balancing_capacity,17,2026-02-27T20:45:00,PT15M,2026-02-27T21:00Z,2026-02-27T20:45Z,1,0,0,B95,EUR,A03,A02,17,MAW,MAW,A01,A01
procured_balancing_capacity,17,2026-02-27T21:00:00,PT15M,2026-02-27T21:15Z,2026-02-27T21:00Z,1,0,0,B95,EUR,A03,A02,17,MAW,MAW,A01,A01
procured_balancing_capacity,17,2026-02-27T21:15:00,PT15M,2026-02-27T21:30Z,2026-02-27T21:15Z,1,0,0,B95,EUR,A03,A02,17,MAW,MAW,A01,A01
procured_balancing_capacity,17,2026-02-27T21:30:00,PT15M,2026-02-27T21:45Z,2026-02-27T21:30Z,1,0,0,B95,EUR,A03,A02,17,MAW,MAW,A01,A01
procured_balancing_capacity,17,2026-02-27T21:45:00,PT15M,2026-02-27T22:00Z,2026-02-27T21:45Z,1,0,0,B95,EUR,A03,A02,17,MAW,MAW,A01,A01
procured_balancing_capacity,17,2026-02-27T22:00:00,PT15M,2026-02-27T22:15Z,2026-02-27T22:00Z,1,0,0,B95,EUR,A03,A02,17,MAW,MAW,A01,A01
procured_balancing_capacity,17,2026-02-27T22:15:00,PT15M,2026-02-27T22:30Z,2026-02-27T22:15Z,1,0,0,B95,EUR,A03,A02,17,MAW,MAW,A01,A01
procured_balancing_capacity,17,2026-02-27T22:30:00,PT15M,2026-02-27T22:45Z,2026-02-27T22:30Z,1,0,0,B95,EUR,A03,A02,17,MAW,MAW,A01,A01
procured_balancing_capacity,17,2026-02-27T22:45:00,PT15M,2026-02-27T23:00Z,2026-02-27T22:45Z,1,0,0,B95,EUR,A03,A02,17,MAW,MAW,A01,A01
procured_balancing_capacity,18,2026-02-26T23:00:00,PT15M,2026-02-26T23:15Z,2026-02-26T23:00Z,1,30.4,4,B95,EUR,A03,A01,18,MAW,MAW,A01,A01
procured_balancing_capacity,18,2026-02-26T23:15:00,PT15M,2026-02-26T23:30Z,2026-02-26T23:15Z,1,30.4,4,B95,EUR,A03,A01,18,MAW,MAW,A01,A01
procured_balancing_capacity,18,2026-02-26T23:30:00,PT15M,2026-02-26T23:45Z,2026-02-26T23:30Z,1,30.4,4,B95,EUR,A03,A01,18,MAW,MAW,A01,A01
procured_balancing_capacity,18,2026-02-26T23:45:00,PT15M,2026-02-27T00:00Z,2026-02-26T23:45Z,1,30.4,4,B95,EUR,A03,A01,18,MAW,MAW,A01,A01
procured_balancing_capacity,18,2026-02-27T00:00:00,PT15M,2026-02-27T00:15Z,2026-02-27T00:00Z,1,30.4,4,B95,EUR,A03,A01,18,MAW,MAW,A01,A01
procured_balancing_capacity,18,2026-02-27T00:15:00,PT15M,2026-02-27T00:30Z,2026-02-27T00:15Z,1,30.4,4,B95,EUR,A03,A01,18,MAW,MAW,A01,A01
procured_balancing_capacity,18,2026-02-27T00:30:00,PT15M,2026-02-27T00:45Z,2026-02-27T00:30Z,1,30.4,4,B95,EUR,A03,A01,18,MAW,MAW,A01,A01
procured_balancing_capacity,18,2026-02-27T00:45:00,PT15M,2026-02-27T01:00Z,2026-02-27T00:45Z,1,30.4,4,B95,EUR,A03,A01,18,MAW,MAW,A01,A01
procured_balancing_capacity,18,2026-02-27T01:00:00,PT15M,2026-02-27T01:15Z,2026-02-27T01:00Z,1,30.4,4,B95,EUR,A03,A01,18,MAW,MAW,A01,A01
procured_balancing_capacity,18,2026-02-27T01:15:00,PT15M,2026-02-27T01:30Z,2026-02-27T01:15Z,1,30.4,4,B95,EUR,A03,A01,18,MAW,MAW,A01,A01
procured_balancing_capacity,18,2026-02-27T01:30:00,PT15M,2026-02-27T01:45Z,2026-02-27T01:30Z,1,30.4,4,B95,EUR,A03,A01,18,MAW,MAW,A01,A01
procured_balancing_capacity,18,2026-02-27T01:45:00,PT15M,2026-02-27T02:00Z,2026-02-27T01:45Z,1,30.4,4,B95,EUR,A03,A01,18,MAW,MAW,A01,A01
procured_balancing_capacity,18,2026-02-27T02:00:00,PT15M,2026-02-27T02:15Z,2026-02-27T02:00Z,1,30.4,4,B95,EUR,A03,A01,18,MAW,MAW,A01,A01
procured_balancing_capacity,18,2026-02-27T02:15:00,PT15M,2026-02-27T02:30Z,2026-02-27T02:15Z,1,30.4,4,B95,EUR,A03,A01,18,MAW,MAW,A01,A01
procured_balancing_capacity,18,2026-02-27T02:30:00,PT15M,2026-02-27T02:45Z,2026-02-27T02:30Z,1,30.4,4,B95,EUR,A03,A01,18,MAW,MAW,A01,A01
procured_balancing_capacity,18,2026-02-27T02:45:00,PT15M,2026-02-27T03:00Z,2026-02-27T02:45Z,1,30.4,4,B95,EUR,A03,A01,18,MAW,MAW,A01,A01
procured_balancing_capacity,18,2026-02-27T03:00:00,PT15M,2026-02-27T03:15Z,2026-02-27T03:00Z,1,30.4,4,B95,EUR,A03,A01,18,MAW,MAW,A01,A01
procured_balancing_capacity,18,2026-02-27T03:15:00,PT15M,2026-02-27T03:30Z,2026-02-27T03:15Z,1,30.4,4,B95,EUR,A03,A01,18,MAW,MAW,A01,A01
procured_balancing_capacity,18,2026-02-27T03:30:00,PT15M,2026-02-27T03:45Z,2026-02-27T03:30Z,1,30.4,4,B95,EUR,A03,A01,18,MAW,MAW,A01,A01
procured_balancing_capacity,18,2026-02-27T03:45:00,PT15M,2026-02-27T04:00Z,2026-02-27T03:45Z,1,30.4,4,B95,EUR,A03,A01,18,MAW,MAW,A01,A01
procured_balancing_capacity,18,2026-02-27T04:00:00,PT15M,2026-02-27T04:15Z,2026-02-27T04:00Z,1,30.4,4,B95,EUR,A03,A01,18,MAW,MAW,A01,A01
procured_balancing_capacity,18,2026-02-27T04:15:00,PT15M,2026-02-27T04:30Z,2026-02-27T04:15Z,1,30.4,4,B95,EUR,A03,A01,18,MAW,MAW,A01,A01
procured_balancing_capacity,18,2026-02-27T04:30:00,PT15M,2026-02-27T04:45Z,2026-02-27T04:30Z,1,30.4,4,B95,EUR,A03,A01,18,MAW,MAW,A01,A01
procured_balancing_capacity,18,2026-02-27T04:45:00,PT15M,2026-02-27T05:00Z,2026-02-27T04:45Z,1,30.4,4,B95,EUR,A03,A01,18,MAW,MAW,A01,A01
procured_balancing_capacity,18,2026-02-27T05:00:00,PT15M,2026-02-27T05:15Z,2026-02-27T05:00Z,1,33.4,0,B95,EUR,A03,A01,18,MAW,MAW,A01,A01
procured_balancing_capacity,18,2026-02-27T05:15:00,PT15M,2026-02-27T05:30Z,2026-02-27T05:15Z,1,33.4,0,B95,EUR,A03,A01,18,MAW,MAW,A01,A01
procured_balancing_capacity,18,2026-02-27T05:30:00,PT15M,2026-02-27T05:45Z,2026-02-27T05:30Z,1,33.4,0,B95,EUR,A03,A01,18,MAW,MAW,A01,A01
procured_balancing_capacity,18,2026-02-27T05:45:00,PT15M,2026-02-27T06:00Z,2026-02-27T05:45Z,1,33.4,0,B95,EUR,A03,A01,18,MAW,MAW,A01,A01
procured_balancing_capacity,18,2026-02-27T06:00:00,PT15M,2026-02-27T06:15Z,2026-02-27T06:00Z,1,33.4,0,B95,EUR,A03,A01,18,MAW,MAW,A01,A01
procured_balancing_capacity,18,2026-02-27T06:15:00,PT15M,2026-02-27T06:30Z,2026-02-27T06:15Z,1,33.4,0,B95,EUR,A03,A01,18,MAW,MAW,A01,A01
procured_balancing_capacity,18,2026-02-27T06:30:00,PT15M,2026-02-27T06:45Z,2026-02-27T06:30Z,1,33.4,0,B95,EUR,A03,A01,18,MAW,MAW,A01,A01
procured_balancing_capacity,18,2026-02-27T06:45:00,PT15M,2026-02-27T07:00Z,2026-02-27T06:45Z,1,33.4,0,B95,EUR,A03,A01,18,MAW,MAW,A01,A01
procured_balancing_capacity,18,2026-02-27T07:00:00,PT15M,2026-02-27T07:15Z,2026-02-27T07:00Z,1,33.4,0,B95,EUR,A03,A01,18,MAW,MAW,A01,A01
procured_balancing_capacity,18,2026-02-27T07:15:00,PT15M,2026-02-27T07:30Z,2026-02-27T07:15Z,1,33.4,0,B95,EUR,A03,A01,18,MAW,MAW,A01,A01
procured_balancing_capacity,18,2026-02-27T07:30:00,PT15M,2026-02-27T07:45Z,2026-02-27T07:30Z,1,33.4,0,B95,EUR,A03,A01,18,MAW,MAW,A01,A01
procured_balancing_capacity,18,2026-02-27T07:45:00,PT15M,2026-02-27T08:00Z,2026-02-27T07:45Z,1,33.4,0,B95,EUR,A03,A01,18,MAW,MAW,A01,A01
procured_balancing_capacity,18,2026-02-27T08:00:00,PT15M,2026-02-27T08:15Z,2026-02-27T08:00Z,1,33.4,4,B95,EUR,A03,A01,18,MAW,MAW,A01,A01
procured_balancing_capacity,18,2026-02-27T08:15:00,PT15M,2026-02-27T08:30Z,2026-02-27T08:15Z,1,33.4,4,B95,EUR,A03,A01,18,MAW,MAW,A01,A01
procured_balancing_capacity,18,2026-02-27T08:30:00,PT15M,2026-02-27T08:45Z,2026-02-27T08:30Z,1,33.4,4,B95,EUR,A03,A01,18,MAW,MAW,A01,A01
procured_balancing_capacity,18,2026-02-27T08:45:00,PT15M,2026-02-27T09:00Z,2026-02-27T08:45Z,1,33.4,4,B95,EUR,A03,A01,18,MAW,MAW,A01,A01
procured_balancing_capacity,18,2026-02-27T09:00:00,PT15M,2026-02-27T09:15Z,2026-02-27T09:00Z,1,33.4,4,B95,EUR,A03,A01,18,MAW,MAW,A01,A01
procured_balancing_capacity,18,2026-02-27T09:15:00,PT15M,2026-02-27T09:30Z,2026-02-27T09:15Z,1,33.4,4,B95,EUR,A03,A01,18,MAW,MAW,A01,A01
procured_balancing_capacity,18,2026-02-27T09:30:00,PT15M,2026-02-27T09:45Z,2026-02-27T09:30Z,1,33.4,4,B95,EUR,A03,A01,18,MAW,MAW,A01,A01
procured_balancing_capacity,18,2026-02-27T09:45:00,PT15M,2026-02-27T10:00Z,2026-02-27T09:45Z,1,33.4,4,B95,EUR,A03,A01,18,MAW,MAW,A01,A01
procured_balancing_capacity,18,2026-02-27T10:00:00,PT15M,2026-02-27T10:15Z,2026-02-27T10:00Z,1,33.4,4,B95,EUR,A03,A01,18,MAW,MAW,A01,A01
procured_balancing_capacity,18,2026-02-27T10:15:00,PT15M,2026-02-27T10:30Z,2026-02-27T10:15Z,1,33.4,4,B95,EUR,A03,A01,18,MAW,MAW,A01,A01
procured_balancing_capacity,18,2026-02-27T10:30:00,PT15M,2026-02-27T10:45Z,2026-02-27T10:30Z,1,33.4,4,B95,EUR,A03,A01,18,MAW,MAW,A01,A01
procured_balancing_capacity,18,2026-02-27T10:45:00,PT15M,2026-02-27T11:00Z,2026-02-27T10:45Z,1,33.4,4,B95,EUR,A03,A01,18,MAW,MAW,A01,A01
procured_balancing_capacity,18,2026-02-27T11:00:00,PT15M,2026-02-27T11:15Z,2026-02-27T11:00Z,1,33.4,4,B95,EUR,A03,A01,18,MAW,MAW,A01,A01
procured_balancing_capacity,18,2026-02-27T11:15:00,PT15M,2026-02-27T11:30Z,2026-02-27T11:15Z,1,33.4,4,B95,EUR,A03,A01,18,MAW,MAW,A01,A01
procured_balancing_capacity,18,2026-02-27T11:30:00,PT15M,2026-02-27T11:45Z,2026-02-27T11:30Z,1,33.4,4,B95,EUR,A03,A01,18,MAW,MAW,A01,A01
procured_balancing_capacity,18,2026-02-27T11:45:00,PT15M,2026-02-27T12:00Z,2026-02-27T11:45Z,1,33.4,4,B95,EUR,A03,A01,18,MAW,MAW,A01,A01
procured_balancing_capacity,18,2026-02-27T12:00:00,PT15M,2026-02-27T12:15Z,2026-02-27T12:00Z,1,33.4,4,B95,EUR,A03,A01,18,MAW,MAW,A01,A01
procured_balancing_capacity,18,2026-02-27T12:15:00,PT15M,2026-02-27T12:30Z,2026-02-27T12:15Z,1,33.4,4,B95,EUR,A03,A01,18,MAW,MAW,A01,A01
procured_balancing_capacity,18,2026-02-27T12:30:00,PT15M,2026-02-27T12:45Z,2026-02-27T12:30Z,1,33.4,4,B95,EUR,A03,A01,18,MAW,MAW,A01,A01
procured_balancing_capacity,18,2026-02-27T12:45:00,PT15M,2026-02-27T13:00Z,2026-02-27T12:45Z,1,33.4,4,B95,EUR,A03,A01,18,MAW,MAW,A01,A01
procured_balancing_capacity,18,2026-02-27T13:00:00,PT15M,2026-02-27T13:15Z,2026-02-27T13:00Z,1,33.4,4,B95,EUR,A03,A01,18,MAW,MAW,A01,A01
procured_balancing_capacity,18,2026-02-27T13:15:00,PT15M,2026-02-27T13:30Z,2026-02-27T13:15Z,1,33.4,4,B95,EUR,A03,A01,18,MAW,MAW,A01,A01
procured_balancing_capacity,18,2026-02-27T13:30:00,PT15M,2026-02-27T13:45Z,2026-02-27T13:30Z,1,33.4,4,B95,EUR,A03,A01,18,MAW,MAW,A01,A01
procured_balancing_capacity,18,2026-02-27T13:45:00,PT15M,2026-02-27T14:00Z,2026-02-27T13:45Z,1,33.4,4,B95,EUR,A03,A01,18,MAW,MAW,A01,A01
procured_balancing_capacity,18,2026-02-27T14:00:00,PT15M,2026-02-27T14:15Z,2026-02-27T14:00Z,1,33.4,4,B95,EUR,A03,A01,18,MAW,MAW,A01,A01
procured_balancing_capacity,18,2026-02-27T14:15:00,PT15M,2026-02-27T14:30Z,2026-02-27T14:15Z,1,33.4,4,B95,EUR,A03,A01,18,MAW,MAW,A01,A01
procured_balancing_capacity,18,2026-02-27T14:30:00,PT15M,2026-02-27T14:45Z,2026-02-27T14:30Z,1,33.4,4,B95,EUR,A03,A01,18,MAW,MAW,A01,A01
procured_balancing_capacity,18,2026-02-27T14:45:00,PT15M,2026-02-27T15:00Z,2026-02-27T14:45Z,1,33.4,4,B95,EUR,A03,A01,18,MAW,MAW,A01,A01
procured_balancing_capacity,18,2026-02-27T15:00:00,PT15M,2026-02-27T15:15Z,2026-02-27T15:00Z,1,33.4,4,B95,EUR,A03,A01,18,MAW,MAW,A01,A01
procured_balancing_capacity,18,2026-02-27T15:15:00,PT15M,2026-02-27T15:30Z,2026-02-27T15:15Z,1,33.4,4,B95,EUR,A03,A01,18,MAW,MAW,A01,A01
procured_balancing_capacity,18,2026-02-27T15:30:00,PT15M,2026-02-27T15:45Z,2026-02-27T15:30Z,1,33.4,4,B95,EUR,A03,A01,18,MAW,MAW,A01,A01
procured_balancing_capacity,18,2026-02-27T15:45:00,PT15M,2026-02-27T16:00Z,2026-02-27T15:45Z,1,33.4,4,B95,EUR,A03,A01,18,MAW,MAW,A01,A01
procured_balancing_capacity,18,2026-02-27T16:00:00,PT15M,2026-02-27T16:15Z,2026-02-27T16:00Z,1,33.4,4,B95,EUR,A03,A01,18,MAW,MAW,A01,A01
procured_balancing_capacity,18,2026-02-27T16:15:00,PT15M,2026-02-27T16:30Z,2026-02-27T16:15Z,1,33.4,4,B95,EUR,A03,A01,18,MAW,MAW,A01,A01
procured_balancing_capacity,18,2026-02-27T16:30:00,PT15M,2026-02-27T16:45Z,2026-02-27T16:30Z,1,33.4,4,B95,EUR,A03,A01,18,MAW,MAW,A01,A01
procured_balancing_capacity,18,2026-02-27T16:45:00,PT15M,2026-02-27T17:00Z,2026-02-27T16:45Z,1,33.4,4,B95,EUR,A03,A01,18,MAW,MAW,A01,A01
procured_balancing_capacity,18,2026-02-27T17:00:00,PT15M,2026-02-27T17:15Z,2026-02-27T17:00Z,1,33.4,4,B95,EUR,A03,A01,18,MAW,MAW,A01,A01
procured_balancing_capacity,18,2026-02-27T17:15:00,PT15M,2026-02-27T17:30Z,2026-02-27T17:15Z,1,33.4,4,B95,EUR,A03,A01,18,MAW,MAW,A01,A01
procured_balancing_capacity,18,2026-02-27T17:30:00,PT15M,2026-02-27T17:45Z,2026-02-27T17:30Z,1,33.4,4,B95,EUR,A03,A01,18,MAW,MAW,A01,A01
procured_balancing_capacity,18,2026-02-27T17:45:00,PT15M,2026-02-27T18:00Z,2026-02-27T17:45Z,1,33.4,4,B95,EUR,A03,A01,18,MAW,MAW,A01,A01
procured_balancing_capacity,18,2026-02-27T18:00:00,PT15M,2026-02-27T18:15Z,2026-02-27T18:00Z,1,33.4,4,B95,EUR,A03,A01,18,MAW,MAW,A01,A01
procured_balancing_capacity,18,2026-02-27T18:15:00,PT15M,2026-02-27T18:30Z,2026-02-27T18:15Z,1,33.4,4,B95,EUR,A03,A01,18,MAW,MAW,A01,A01
procured_balancing_capacity,18,2026-02-27T18:30:00,PT15M,2026-02-27T18:45Z,2026-02-27T18:30Z,1,33.4,4,B95,EUR,A03,A01,18,MAW,MAW,A01,A01
procured_balancing_capacity,18,2026-02-27T18:45:00,PT15M,2026-02-27T19:00Z,2026-02-27T18:45Z,1,33.4,4,B95,EUR,A03,A01,18,MAW,MAW,A01,A01
procured_balancing_capacity,18,2026-02-27T19:00:00,PT15M,2026-02-27T19:15Z,2026-02-27T19:00Z,1,33.4,4,B95,EUR,A03,A01,18,MAW,MAW,A01,A01
procured_balancing_capacity,18,2026-02-27T19:15:00,PT15M,2026-02-27T19:30Z,2026-02-27T19:15Z,1,33.4,4,B95,EUR,A03,A01,18,MAW,MAW,A01,A01
procured_balancing_capacity,18,2026-02-27T19:30:00,PT15M,2026-02-27T19:45Z,2026-02-27T19:30Z,1,33.4,4,B95,EUR,A03,A01,18,MAW,MAW,A01,A01
procured_balancing_capacity,18,2026-02-27T19:45:00,PT15M,2026-02-27T20:00Z,2026-02-27T19:45Z,1,33.4,4,B95,EUR,A03,A01,18,MAW,MAW,A01,A01
procured_balancing_capacity,18,2026-02-27T20:00:00,PT15M,2026-02-27T20:15Z,2026-02-27T20:00Z,1,33.4,4,B95,EUR,A03,A01,18,MAW,MAW,A01,A01
procured_balancing_capacity,18,2026-02-27T20:15:00,PT15M,2026-02-27T20:30Z,2026-02-27T20:15Z,1,33.4,4,B95,EUR,A03,A01,18,MAW,MAW,A01,A01
procured_balancing_capacity,18,2026-02-27T20:30:00,PT15M,2026-02-27T20:45Z,2026-02-27T20:30Z,1,33.4,4,B95,EUR,A03,A01,18,MAW,MAW,A01,A01
procured_balancing_capacity,18,2026-02-27T20:45:00,PT15M,2026-02-27T21:00Z,2026-02-27T20:45Z,1,33.4,4,B95,EUR,A03,A01,18,MAW,MAW,A01,A01
procured_balancing_capacity,18,2026-02-27T21:00:00,PT15M,2026-02-27T21:15Z,2026-02-27T21:00Z,1,30.4,4,B95,EUR,A03,A01,18,MAW,MAW,A01,A01
procured_balancing_capacity,18,2026-02-27T21:15:00,PT15M,2026-02-27T21:30Z,2026-02-27T21:15Z,1,30.4,4,B95,EUR,A03,A01,18,MAW,MAW,A01,A01
procured_balancing_capacity,18,2026-02-27T21:30:00,PT15M,2026-02-27T21:45Z,2026-02-27T21:30Z,1,30.4,4,B95,EUR,A03,A01,18,MAW,MAW,A01,A01
procured_balancing_capacity,18,2026-02-27T21:45:00,PT15M,2026-02-27T22:00Z,2026-02-27T21:45Z,1,30.4,4,B95,EUR,A03,A01,18,MAW,MAW,A01,A01
procured_balancing_capacity,18,2026-02-27T22:00:00,PT15M,2026-02-27T22:15Z,2026-02-27T22:00Z,1,30.4,4,B95,EUR,A03,A01,18,MAW,MAW,A01,A01
procured_balancing_capacity,18,2026-02-27T22:15:00,PT15M,2026-02-27T22:30Z,2026-02-27T22:15Z,1,30.4,4,B95,EUR,A03,A01,18,MAW,MAW,A01,A01
procured_balancing_capacity,18,2026-02-27T22:30:00,PT15M,2026-02-27T22:45Z,2026-02-27T22:30Z,1,30.4,4,B95,EUR,A03,A01,18,MAW,MAW,A01,A01
procured_balancing_capacity,18,2026-02-27T22:45:00,PT15M,2026-02-27T23:00Z,2026-02-27T22:45Z,1,30.4,4,B95,EUR,A03,A01,18,MAW,MAW,A01,A01
procured_balancing_capacity,19,2026-02-26T23:00:00,PT15M,2026-02-26T23:15Z,2026-02-26T23:00Z,1,10.4,0,B95,EUR,A03,A02,19,MAW,MAW,A01,A01
procured_balancing_capacity,19,2026-02-26T23:15:00,PT15M,2026-02-26T23:30Z,2026-02-26T23:15Z,1,10.4,0,B95,EUR,A03,A02,19,MAW,MAW,A01,A01
procured_balancing_capacity,19,2026-02-26T23:30:00,PT15M,2026-02-26T23:45Z,2026-02-26T23:30Z,1,10.4,0,B95,EUR,A03,A02,19,MAW,MAW,A01,A01
procured_balancing_capacity,19,2026-02-26T23:45:00,PT15M,2026-02-27T00:00Z,2026-02-26T23:45Z,1,10.4,0,B95,EUR,A03,A02,19,MAW,MAW,A01,A01
procured_balancing_capacity,19,2026-02-27T00:00:00,PT15M,2026-02-27T00:15Z,2026-02-27T00:00Z,1,10.4,0,B95,EUR,A03,A02,19,MAW,MAW,A01,A01
procured_balancing_capacity,19,2026-02-27T00:15:00,PT15M,2026-02-27T00:30Z,2026-02-27T00:15Z,1,10.4,0,B95,EUR,A03,A02,19,MAW,MAW,A01,A01
procured_balancing_capacity,19,2026-02-27T00:30:00,PT15M,2026-02-27T00:45Z,2026-02-27T00:30Z,1,10.4,0,B95,EUR,A03,A02,19,MAW,MAW,A01,A01
procured_balancing_capacity,19,2026-02-27T00:45:00,PT15M,2026-02-27T01:00Z,2026-02-27T00:45Z,1,10.4,0,B95,EUR,A03,A02,19,MAW,MAW,A01,A01
procured_balancing_capacity,19,2026-02-27T01:00:00,PT15M,2026-02-27T01:15Z,2026-02-27T01:00Z,1,10.4,0,B95,EUR,A03,A02,19,MAW,MAW,A01,A01
procured_balancing_capacity,19,2026-02-27T01:15:00,PT15M,2026-02-27T01:30Z,2026-02-27T01:15Z,1,10.4,0,B95,EUR,A03,A02,19,MAW,MAW,A01,A01
procured_balancing_capacity,19,2026-02-27T01:30:00,PT15M,2026-02-27T01:45Z,2026-02-27T01:30Z,1,10.4,0,B95,EUR,A03,A02,19,MAW,MAW,A01,A01
procured_balancing_capacity,19,2026-02-27T01:45:00,PT15M,2026-02-27T02:00Z,2026-02-27T01:45Z,1,10.4,0,B95,EUR,A03,A02,19,MAW,MAW,A01,A01
procured_balancing_capacity,19,2026-02-27T02:00:00,PT15M,2026-02-27T02:15Z,2026-02-27T02:00Z,1,10.4,0,B95,EUR,A03,A02,19,MAW,MAW,A01,A01
procured_balancing_capacity,19,2026-02-27T02:15:00,PT15M,2026-02-27T02:30Z,2026-02-27T02:15Z,1,10.4,0,B95,EUR,A03,A02,19,MAW,MAW,A01,A01
procured_balancing_capacity,19,2026-02-27T02:30:00,PT15M,2026-02-27T02:45Z,2026-02-27T02:30Z,1,10.4,0,B95,EUR,A03,A02,19,MAW,MAW,A01,A01
procured_balancing_capacity,19,2026-02-27T02:45:00,PT15M,2026-02-27T03:00Z,2026-02-27T02:45Z,1,10.4,0,B95,EUR,A03,A02,19,MAW,MAW,A01,A01
procured_balancing_capacity,19,2026-02-27T03:00:00,PT15M,2026-02-27T03:15Z,2026-02-27T03:00Z,1,10.4,0,B95,EUR,A03,A02,19,MAW,MAW,A01,A01
procured_balancing_capacity,19,2026-02-27T03:15:00,PT15M,2026-02-27T03:30Z,2026-02-27T03:15Z,1,10.4,0,B95,EUR,A03,A02,19,MAW,MAW,A01,A01
procured_balancing_capacity,19,2026-02-27T03:30:00,PT15M,2026-02-27T03:45Z,2026-02-27T03:30Z,1,10.4,0,B95,EUR,A03,A02,19,MAW,MAW,A01,A01
procured_balancing_capacity,19,2026-02-27T03:45:00,PT15M,2026-02-27T04:00Z,2026-02-27T03:45Z,1,10.4,0,B95,EUR,A03,A02,19,MAW,MAW,A01,A01
procured_balancing_capacity,19,2026-02-27T04:00:00,PT15M,2026-02-27T04:15Z,2026-02-27T04:00Z,1,10.4,0,B95,EUR,A03,A02,19,MAW,MAW,A01,A01
procured_balancing_capacity,19,2026-02-27T04:15:00,PT15M,2026-02-27T04:30Z,2026-02-27T04:15Z,1,10.4,0,B95,EUR,A03,A02,19,MAW,MAW,A01,A01
procured_balancing_capacity,19,2026-02-27T04:30:00,PT15M,2026-02-27T04:45Z,2026-02-27T04:30Z,1,10.4,0,B95,EUR,A03,A02,19,MAW,MAW,A01,A01
procured_balancing_capacity,19,2026-02-27T04:45:00,PT15M,2026-02-27T05:00Z,2026-02-27T04:45Z,1,10.4,0,B95,EUR,A03,A02,19,MAW,MAW,A01,A01
procured_balancing_capacity,19,2026-02-27T05:00:00,PT15M,2026-02-27T05:15Z,2026-02-27T05:00Z,1,10.4,0,B95,EUR,A03,A02,19,MAW,MAW,A01,A01
procured_balancing_capacity,19,2026-02-27T05:15:00,PT15M,2026-02-27T05:30Z,2026-02-27T05:15Z,1,10.4,0,B95,EUR,A03,A02,19,MAW,MAW,A01,A01
procured_balancing_capacity,19,2026-02-27T05:30:00,PT15M,2026-02-27T05:45Z,2026-02-27T05:30Z,1,10.4,0,B95,EUR,A03,A02,19,MAW,MAW,A01,A01
procured_balancing_capacity,19,2026-02-27T05:45:00,PT15M,2026-02-27T06:00Z,2026-02-27T05:45Z,1,10.4,0,B95,EUR,A03,A02,19,MAW,MAW,A01,A01
procured_balancing_capacity,19,2026-02-27T06:00:00,PT15M,2026-02-27T06:15Z,2026-02-27T06:00Z,1,10.4,0,B95,EUR,A03,A02,19,MAW,MAW,A01,A01
procured_balancing_capacity,19,2026-02-27T06:15:00,PT15M,2026-02-27T06:30Z,2026-02-27T06:15Z,1,10.4,0,B95,EUR,A03,A02,19,MAW,MAW,A01,A01
procured_balancing_capacity,19,2026-02-27T06:30:00,PT15M,2026-02-27T06:45Z,2026-02-27T06:30Z,1,10.4,0,B95,EUR,A03,A02,19,MAW,MAW,A01,A01
procured_balancing_capacity,19,2026-02-27T06:45:00,PT15M,2026-02-27T07:00Z,2026-02-27T06:45Z,1,10.4,0,B95,EUR,A03,A02,19,MAW,MAW,A01,A01
procured_balancing_capacity,19,2026-02-27T07:00:00,PT15M,2026-02-27T07:15Z,2026-02-27T07:00Z,1,10.4,0,B95,EUR,A03,A02,19,MAW,MAW,A01,A01
procured_balancing_capacity,19,2026-02-27T07:15:00,PT15M,2026-02-27T07:30Z,2026-02-27T07:15Z,1,10.4,0,B95,EUR,A03,A02,19,MAW,MAW,A01,A01
procured_balancing_capacity,19,2026-02-27T07:30:00,PT15M,2026-02-27T07:45Z,2026-02-27T07:30Z,1,10.4,0,B95,EUR,A03,A02,19,MAW,MAW,A01,A01
procured_balancing_capacity,19,2026-02-27T07:45:00,PT15M,2026-02-27T08:00Z,2026-02-27T07:45Z,1,10.4,0,B95,EUR,A03,A02,19,MAW,MAW,A01,A01
procured_balancing_capacity,19,2026-02-27T08:00:00,PT15M,2026-02-27T08:15Z,2026-02-27T08:00Z,1,10.4,0,B95,EUR,A03,A02,19,MAW,MAW,A01,A01
procured_balancing_capacity,19,2026-02-27T08:15:00,PT15M,2026-02-27T08:30Z,2026-02-27T08:15Z,1,10.4,0,B95,EUR,A03,A02,19,MAW,MAW,A01,A01
procured_balancing_capacity,19,2026-02-27T08:30:00,PT15M,2026-02-27T08:45Z,2026-02-27T08:30Z,1,10.4,0,B95,EUR,A03,A02,19,MAW,MAW,A01,A01
procured_balancing_capacity,19,2026-02-27T08:45:00,PT15M,2026-02-27T09:00Z,2026-02-27T08:45Z,1,10.4,0,B95,EUR,A03,A02,19,MAW,MAW,A01,A01
procured_balancing_capacity,19,2026-02-27T09:00:00,PT15M,2026-02-27T09:15Z,2026-02-27T09:00Z,1,10.4,0,B95,EUR,A03,A02,19,MAW,MAW,A01,A01
procured_balancing_capacity,19,2026-02-27T09:15:00,PT15M,2026-02-27T09:30Z,2026-02-27T09:15Z,1,10.4,0,B95,EUR,A03,A02,19,MAW,MAW,A01,A01
procured_balancing_capacity,19,2026-02-27T09:30:00,PT15M,2026-02-27T09:45Z,2026-02-27T09:30Z,1,10.4,0,B95,EUR,A03,A02,19,MAW,MAW,A01,A01
procured_balancing_capacity,19,2026-02-27T09:45:00,PT15M,2026-02-27T10:00Z,2026-02-27T09:45Z,1,10.4,0,B95,EUR,A03,A02,19,MAW,MAW,A01,A01
procured_balancing_capacity,19,2026-02-27T10:00:00,PT15M,2026-02-27T10:15Z,2026-02-27T10:00Z,1,10.4,0,B95,EUR,A03,A02,19,MAW,MAW,A01,A01
procured_balancing_capacity,19,2026-02-27T10:15:00,PT15M,2026-02-27T10:30Z,2026-02-27T10:15Z,1,10.4,0,B95,EUR,A03,A02,19,MAW,MAW,A01,A01
procured_balancing_capacity,19,2026-02-27T10:30:00,PT15M,2026-02-27T10:45Z,2026-02-27T10:30Z,1,10.4,0,B95,EUR,A03,A02,19,MAW,MAW,A01,A01
procured_balancing_capacity,19,2026-02-27T10:45:00,PT15M,2026-02-27T11:00Z,2026-02-27T10:45Z,1,10.4,0,B95,EUR,A03,A02,19,MAW,MAW,A01,A01
procured_balancing_capacity,19,2026-02-27T11:00:00,PT15M,2026-02-27T11:15Z,2026-02-27T11:00Z,1,10.4,0,B95,EUR,A03,A02,19,MAW,MAW,A01,A01
procured_balancing_capacity,19,2026-02-27T11:15:00,PT15M,2026-02-27T11:30Z,2026-02-27T11:15Z,1,10.4,0,B95,EUR,A03,A02,19,MAW,MAW,A01,A01
procured_balancing_capacity,19,2026-02-27T11:30:00,PT15M,2026-02-27T11:45Z,2026-02-27T11:30Z,1,10.4,0,B95,EUR,A03,A02,19,MAW,MAW,A01,A01
procured_balancing_capacity,19,2026-02-27T11:45:00,PT15M,2026-02-27T12:00Z,2026-02-27T11:45Z,1,10.4,0,B95,EUR,A03,A02,19,MAW,MAW,A01,A01
procured_balancing_capacity,19,2026-02-27T12:00:00,PT15M,2026-02-27T12:15Z,2026-02-27T12:00Z,1,10.4,0,B95,EUR,A03,A02,19,MAW,MAW,A01,A01
procured_balancing_capacity,19,2026-02-27T12:15:00,PT15M,2026-02-27T12:30Z,2026-02-27T12:15Z,1,10.4,0,B95,EUR,A03,A02,19,MAW,MAW,A01,A01
procured_balancing_capacity,19,2026-02-27T12:30:00,PT15M,2026-02-27T12:45Z,2026-02-27T12:30Z,1,10.4,0,B95,EUR,A03,A02,19,MAW,MAW,A01,A01
procured_balancing_capacity,19,2026-02-27T12:45:00,PT15M,2026-02-27T13:00Z,2026-02-27T12:45Z,1,10.4,0,B95,EUR,A03,A02,19,MAW,MAW,A01,A01
procured_balancing_capacity,19,2026-02-27T13:00:00,PT15M,2026-02-27T13:15Z,2026-02-27T13:00Z,1,10.4,0,B95,EUR,A03,A02,19,MAW,MAW,A01,A01
procured_balancing_capacity,19,2026-02-27T13:15:00,PT15M,2026-02-27T13:30Z,2026-02-27T13:15Z,1,10.4,0,B95,EUR,A03,A02,19,MAW,MAW,A01,A01
procured_balancing_capacity,19,2026-02-27T13:30:00,PT15M,2026-02-27T13:45Z,2026-02-27T13:30Z,1,10.4,0,B95,EUR,A03,A02,19,MAW,MAW,A01,A01
procured_balancing_capacity,19,2026-02-27T13:45:00,PT15M,2026-02-27T14:00Z,2026-02-27T13:45Z,1,10.4,0,B95,EUR,A03,A02,19,MAW,MAW,A01,A01
procured_balancing_capacity,19,2026-02-27T14:00:00,PT15M,2026-02-27T14:15Z,2026-02-27T14:00Z,1,10.4,5,B95,EUR,A03,A02,19,MAW,MAW,A01,A01
procured_balancing_capacity,19,2026-02-27T14:15:00,PT15M,2026-02-27T14:30Z,2026-02-27T14:15Z,1,10.4,5,B95,EUR,A03,A02,19,MAW,MAW,A01,A01
procured_balancing_capacity,19,2026-02-27T14:30:00,PT15M,2026-02-27T14:45Z,2026-02-27T14:30Z,1,10.4,5,B95,EUR,A03,A02,19,MAW,MAW,A01,A01
procured_balancing_capacity,19,2026-02-27T14:45:00,PT15M,2026-02-27T15:00Z,2026-02-27T14:45Z,1,10.4,5,B95,EUR,A03,A02,19,MAW,MAW,A01,A01
procured_balancing_capacity,19,2026-02-27T15:00:00,PT15M,2026-02-27T15:15Z,2026-02-27T15:00Z,1,10.4,5,B95,EUR,A03,A02,19,MAW,MAW,A01,A01
procured_balancing_capacity,19,2026-02-27T15:15:00,PT15M,2026-02-27T15:30Z,2026-02-27T15:15Z,1,10.4,5,B95,EUR,A03,A02,19,MAW,MAW,A01,A01
procured_balancing_capacity,19,2026-02-27T15:30:00,PT15M,2026-02-27T15:45Z,2026-02-27T15:30Z,1,10.4,5,B95,EUR,A03,A02,19,MAW,MAW,A01,A01
procured_balancing_capacity,19,2026-02-27T15:45:00,PT15M,2026-02-27T16:00Z,2026-02-27T15:45Z,1,10.4,5,B95,EUR,A03,A02,19,MAW,MAW,A01,A01
procured_balancing_capacity,19,2026-02-27T16:00:00,PT15M,2026-02-27T16:15Z,2026-02-27T16:00Z,1,10.4,5,B95,EUR,A03,A02,19,MAW,MAW,A01,A01
procured_balancing_capacity,19,2026-02-27T16:15:00,PT15M,2026-02-27T16:30Z,2026-02-27T16:15Z,1,10.4,5,B95,EUR,A03,A02,19,MAW,MAW,A01,A01
procured_balancing_capacity,19,2026-02-27T16:30:00,PT15M,2026-02-27T16:45Z,2026-02-27T16:30Z,1,10.4,5,B95,EUR,A03,A02,19,MAW,MAW,A01,A01
procured_balancing_capacity,19,2026-02-27T16:45:00,PT15M,2026-02-27T17:00Z,2026-02-27T16:45Z,1,10.4,5,B95,EUR,A03,A02,19,MAW,MAW,A01,A01
procured_balancing_capacity,19,2026-02-27T17:00:00,PT15M,2026-02-27T17:15Z,2026-02-27T17:00Z,1,10.4,5,B95,EUR,A03,A02,19,MAW,MAW,A01,A01
procured_balancing_capacity,19,2026-02-27T17:15:00,PT15M,2026-02-27T17:30Z,2026-02-27T17:15Z,1,10.4,5,B95,EUR,A03,A02,19,MAW,MAW,A01,A01
procured_balancing_capacity,19,2026-02-27T17:30:00,PT15M,2026-02-27T17:45Z,2026-02-27T17:30Z,1,10.4,5,B95,EUR,A03,A02,19,MAW,MAW,A01,A01
procured_balancing_capacity,19,2026-02-27T17:45:00,PT15M,2026-02-27T18:00Z,2026-02-27T17:45Z,1,10.4,5,B95,EUR,A03,A02,19,MAW,MAW,A01,A01
procured_balancing_capacity,19,2026-02-27T18:00:00,PT15M,2026-02-27T18:15Z,2026-02-27T18:00Z,1,10.4,5,B95,EUR,A03,A02,19,MAW,MAW,A01,A01
procured_balancing_capacity,19,2026-02-27T18:15:00,PT15M,2026-02-27T18:30Z,2026-02-27T18:15Z,1,10.4,5,B95,EUR,A03,A02,19,MAW,MAW,A01,A01
procured_balancing_capacity,19,2026-02-27T18:30:00,PT15M,2026-02-27T18:45Z,2026-02-27T18:30Z,1,10.4,5,B95,EUR,A03,A02,19,MAW,MAW,A01,A01
procured_balancing_capacity,19,2026-02-27T18:45:00,PT15M,2026-02-27T19:00Z,2026-02-27T18:45Z,1,10.4,5,B95,EUR,A03,A02,19,MAW,MAW,A01,A01
procured_balancing_capacity,19,2026-02-27T19:00:00,PT15M,2026-02-27T19:15Z,2026-02-27T19:00Z,1,10.4,5,B95,EUR,A03,A02,19,MAW,MAW,A01,A01
procured_balancing_capacity,19,2026-02-27T19:15:00,PT15M,2026-02-27T19:30Z,2026-02-27T19:15Z,1,10.4,5,B95,EUR,A03,A02,19,MAW,MAW,A01,A01
procured_balancing_capacity,19,2026-02-27T19:30:00,PT15M,2026-02-27T19:45Z,2026-02-27T19:30Z,1,10.4,5,B95,EUR,A03,A02,19,MAW,MAW,A01,A01
procured_balancing_capacity,19,2026-02-27T19:45:00,PT15M,2026-02-27T20:00Z,2026-02-27T19:45Z,1,10.4,5,B95,EUR,A03,A02,19,MAW,MAW,A01,A01
procured_balancing_capacity,19,2026-02-27T20:00:00,PT15M,2026-02-27T20:15Z,2026-02-27T20:00Z,1,10.4,5,B95,EUR,A03,A02,19,MAW,MAW,A01,A01
procured_balancing_capacity,19,2026-02-27T20:15:00,PT15M,2026-02-27T20:30Z,2026-02-27T20:15Z,1,10.4,5,B95,EUR,A03,A02,19,MAW,MAW,A01,A01
procured_balancing_capacity,19,2026-02-27T20:30:00,PT15M,2026-02-27T20:45Z,2026-02-27T20:30Z,1,10.4,5,B95,EUR,A03,A02,19,MAW,MAW,A01,A01
procured_balancing_capacity,19,2026-02-27T20:45:00,PT15M,2026-02-27T21:00Z,2026-02-27T20:45Z,1,10.4,5,B95,EUR,A03,A02,19,MAW,MAW,A01,A01
procured_balancing_capacity,19,2026-02-27T21:00:00,PT15M,2026-02-27T21:15Z,2026-02-27T21:00Z,1,10.4,0,B95,EUR,A03,A02,19,MAW,MAW,A01,A01
procured_balancing_capacity,19,2026-02-27T21:15:00,PT15M,2026-02-27T21:30Z,2026-02-27T21:15Z,1,10.4,0,B95,EUR,A03,A02,19,MAW,MAW,A01,A01
procured_balancing_capacity,19,2026-02-27T21:30:00,PT15M,2026-02-27T21:45Z,2026-02-27T21:30Z,1,10.4,0,B95,EUR,A03,A02,19,MAW,MAW,A01,A01
procured_balancing_capacity,19,2026-02-27T21:45:00,PT15M,2026-02-27T22:00Z,2026-02-27T21:45Z,1,10.4,0,B95,EUR,A03,A02,19,MAW,MAW,A01,A01
procured_balancing_capacity,19,2026-02-27T22:00:00,PT15M,2026-02-27T22:15Z,2026-02-27T22:00Z,1,10.4,0,B95,EUR,A03,A02,19,MAW,MAW,A01,A01
procured_balancing_capacity,19,2026-02-27T22:15:00,PT15M,2026-02-27T22:30Z,2026-02-27T22:15Z,1,10.4,0,B95,EUR,A03,A02,19,MAW,MAW,A01,A01
procured_balancing_capacity,19,2026-02-27T22:30:00,PT15M,2026-02-27T22:45Z,2026-02-27T22:30Z,1,10.4,0,B95,EUR,A03,A02,19,MAW,MAW,A01,A01
procured_balancing_capacity,19,2026-02-27T22:45:00,PT15M,2026-02-27T23:00Z,2026-02-27T22:45Z,1,10.4,0,B95,EUR,A03,A02,19,MAW,MAW,A01,A01
procured_balancing_capacity,20,2026-02-26T23:00:00,PT15M,2026-02-26T23:15Z,2026-02-26T23:00Z,1,25.8,1,B95,EUR,A03,A01,20,MAW,MAW,A01,A01
procured_balancing_capacity,20,2026-02-26T23:15:00,PT15M,2026-02-26T23:30Z,2026-02-26T23:15Z,1,25.8,1,B95,EUR,A03,A01,20,MAW,MAW,A01,A01
procured_balancing_capacity,20,2026-02-26T23:30:00,PT15M,2026-02-26T23:45Z,2026-02-26T23:30Z,1,25.8,1,B95,EUR,A03,A01,20,MAW,MAW,A01,A01
procured_balancing_capacity,20,2026-02-26T23:45:00,PT15M,2026-02-27T00:00Z,2026-02-26T23:45Z,1,25.8,1,B95,EUR,A03,A01,20,MAW,MAW,A01,A01
procured_balancing_capacity,20,2026-02-27T00:00:00,PT15M,2026-02-27T00:15Z,2026-02-27T00:00Z,1,25.8,1,B95,EUR,A03,A01,20,MAW,MAW,A01,A01
procured_balancing_capacity,20,2026-02-27T00:15:00,PT15M,2026-02-27T00:30Z,2026-02-27T00:15Z,1,25.8,1,B95,EUR,A03,A01,20,MAW,MAW,A01,A01
procured_balancing_capacity,20,2026-02-27T00:30:00,PT15M,2026-02-27T00:45Z,2026-02-27T00:30Z,1,25.8,1,B95,EUR,A03,A01,20,MAW,MAW,A01,A01
procured_balancing_capacity,20,2026-02-27T00:45:00,PT15M,2026-02-27T01:00Z,2026-02-27T00:45Z,1,25.8,1,B95,EUR,A03,A01,20,MAW,MAW,A01,A01
procured_balancing_capacity,20,2026-02-27T01:00:00,PT15M,2026-02-27T01:15Z,2026-02-27T01:00Z,1,25.8,1,B95,EUR,A03,A01,20,MAW,MAW,A01,A01
procured_balancing_capacity,20,2026-02-27T01:15:00,PT15M,2026-02-27T01:30Z,2026-02-27T01:15Z,1,25.8,1,B95,EUR,A03,A01,20,MAW,MAW,A01,A01
procured_balancing_capacity,20,2026-02-27T01:30:00,PT15M,2026-02-27T01:45Z,2026-02-27T01:30Z,1,25.8,1,B95,EUR,A03,A01,20,MAW,MAW,A01,A01
procured_balancing_capacity,20,2026-02-27T01:45:00,PT15M,2026-02-27T02:00Z,2026-02-27T01:45Z,1,25.8,1,B95,EUR,A03,A01,20,MAW,MAW,A01,A01
procured_balancing_capacity,20,2026-02-27T02:00:00,PT15M,2026-02-27T02:15Z,2026-02-27T02:00Z,1,25.8,1,B95,EUR,A03,A01,20,MAW,MAW,A01,A01
procured_balancing_capacity,20,2026-02-27T02:15:00,PT15M,2026-02-27T02:30Z,2026-02-27T02:15Z,1,25.8,1,B95,EUR,A03,A01,20,MAW,MAW,A01,A01
procured_balancing_capacity,20,2026-02-27T02:30:00,PT15M,2026-02-27T02:45Z,2026-02-27T02:30Z,1,25.8,1,B95,EUR,A03,A01,20,MAW,MAW,A01,A01
procured_balancing_capacity,20,2026-02-27T02:45:00,PT15M,2026-02-27T03:00Z,2026-02-27T02:45Z,1,25.8,1,B95,EUR,A03,A01,20,MAW,MAW,A01,A01
procured_balancing_capacity,20,2026-02-27T03:00:00,PT15M,2026-02-27T03:15Z,2026-02-27T03:00Z,1,25.8,1,B95,EUR,A03,A01,20,MAW,MAW,A01,A01
procured_balancing_capacity,20,2026-02-27T03:15:00,PT15M,2026-02-27T03:30Z,2026-02-27T03:15Z,1,25.8,1,B95,EUR,A03,A01,20,MAW,MAW,A01,A01
procured_balancing_capacity,20,2026-02-27T03:30:00,PT15M,2026-02-27T03:45Z,2026-02-27T03:30Z,1,25.8,1,B95,EUR,A03,A01,20,MAW,MAW,A01,A01
procured_balancing_capacity,20,2026-02-27T03:45:00,PT15M,2026-02-27T04:00Z,2026-02-27T03:45Z,1,25.8,1,B95,EUR,A03,A01,20,MAW,MAW,A01,A01
procured_balancing_capacity,20,2026-02-27T04:00:00,PT15M,2026-02-27T04:15Z,2026-02-27T04:00Z,1,25.8,1,B95,EUR,A03,A01,20,MAW,MAW,A01,A01
procured_balancing_capacity,20,2026-02-27T04:15:00,PT15M,2026-02-27T04:30Z,2026-02-27T04:15Z,1,25.8,1,B95,EUR,A03,A01,20,MAW,MAW,A01,A01
procured_balancing_capacity,20,2026-02-27T04:30:00,PT15M,2026-02-27T04:45Z,2026-02-27T04:30Z,1,25.8,1,B95,EUR,A03,A01,20,MAW,MAW,A01,A01
procured_balancing_capacity,20,2026-02-27T04:45:00,PT15M,2026-02-27T05:00Z,2026-02-27T04:45Z,1,25.8,1,B95,EUR,A03,A01,20,MAW,MAW,A01,A01
procured_balancing_capacity,20,2026-02-27T05:00:00,PT15M,2026-02-27T05:15Z,2026-02-27T05:00Z,1,28.4,1,B95,EUR,A03,A01,20,MAW,MAW,A01,A01
procured_balancing_capacity,20,2026-02-27T05:15:00,PT15M,2026-02-27T05:30Z,2026-02-27T05:15Z,1,28.4,1,B95,EUR,A03,A01,20,MAW,MAW,A01,A01
procured_balancing_capacity,20,2026-02-27T05:30:00,PT15M,2026-02-27T05:45Z,2026-02-27T05:30Z,1,28.4,1,B95,EUR,A03,A01,20,MAW,MAW,A01,A01
procured_balancing_capacity,20,2026-02-27T05:45:00,PT15M,2026-02-27T06:00Z,2026-02-27T05:45Z,1,28.4,1,B95,EUR,A03,A01,20,MAW,MAW,A01,A01
procured_balancing_capacity,20,2026-02-27T06:00:00,PT15M,2026-02-27T06:15Z,2026-02-27T06:00Z,1,28.4,1,B95,EUR,A03,A01,20,MAW,MAW,A01,A01
procured_balancing_capacity,20,2026-02-27T06:15:00,PT15M,2026-02-27T06:30Z,2026-02-27T06:15Z,1,28.4,1,B95,EUR,A03,A01,20,MAW,MAW,A01,A01
procured_balancing_capacity,20,2026-02-27T06:30:00,PT15M,2026-02-27T06:45Z,2026-02-27T06:30Z,1,28.4,1,B95,EUR,A03,A01,20,MAW,MAW,A01,A01
procured_balancing_capacity,20,2026-02-27T06:45:00,PT15M,2026-02-27T07:00Z,2026-02-27T06:45Z,1,28.4,1,B95,EUR,A03,A01,20,MAW,MAW,A01,A01
procured_balancing_capacity,20,2026-02-27T07:00:00,PT15M,2026-02-27T07:15Z,2026-02-27T07:00Z,1,29.2,1,B95,EUR,A03,A01,20,MAW,MAW,A01,A01
procured_balancing_capacity,20,2026-02-27T07:15:00,PT15M,2026-02-27T07:30Z,2026-02-27T07:15Z,1,29.2,1,B95,EUR,A03,A01,20,MAW,MAW,A01,A01
procured_balancing_capacity,20,2026-02-27T07:30:00,PT15M,2026-02-27T07:45Z,2026-02-27T07:30Z,1,32.6,1,B95,EUR,A03,A01,20,MAW,MAW,A01,A01
procured_balancing_capacity,20,2026-02-27T07:45:00,PT15M,2026-02-27T08:00Z,2026-02-27T07:45Z,1,32.6,1,B95,EUR,A03,A01,20,MAW,MAW,A01,A01
procured_balancing_capacity,20,2026-02-27T08:00:00,PT15M,2026-02-27T08:15Z,2026-02-27T08:00Z,1,31.8,1,B95,EUR,A03,A01,20,MAW,MAW,A01,A01
procured_balancing_capacity,20,2026-02-27T08:15:00,PT15M,2026-02-27T08:30Z,2026-02-27T08:15Z,1,31.8,1,B95,EUR,A03,A01,20,MAW,MAW,A01,A01
procured_balancing_capacity,20,2026-02-27T08:30:00,PT15M,2026-02-27T08:45Z,2026-02-27T08:30Z,1,31.8,1,B95,EUR,A03,A01,20,MAW,MAW,A01,A01
procured_balancing_capacity,20,2026-02-27T08:45:00,PT15M,2026-02-27T09:00Z,2026-02-27T08:45Z,1,31.8,1,B95,EUR,A03,A01,20,MAW,MAW,A01,A01
procured_balancing_capacity,20,2026-02-27T09:00:00,PT15M,2026-02-27T09:15Z,2026-02-27T09:00Z,1,32.6,1,B95,EUR,A03,A01,20,MAW,MAW,A01,A01
procured_balancing_capacity,20,2026-02-27T09:15:00,PT15M,2026-02-27T09:30Z,2026-02-27T09:15Z,1,32.6,1,B95,EUR,A03,A01,20,MAW,MAW,A01,A01
procured_balancing_capacity,20,2026-02-27T09:30:00,PT15M,2026-02-27T09:45Z,2026-02-27T09:30Z,1,32.6,1,B95,EUR,A03,A01,20,MAW,MAW,A01,A01
procured_balancing_capacity,20,2026-02-27T09:45:00,PT15M,2026-02-27T10:00Z,2026-02-27T09:45Z,1,32.6,1,B95,EUR,A03,A01,20,MAW,MAW,A01,A01
procured_balancing_capacity,20,2026-02-27T10:00:00,PT15M,2026-02-27T10:15Z,2026-02-27T10:00Z,1,32.6,1,B95,EUR,A03,A01,20,MAW,MAW,A01,A01
procured_balancing_capacity,20,2026-02-27T10:15:00,PT15M,2026-02-27T10:30Z,2026-02-27T10:15Z,1,32.6,1,B95,EUR,A03,A01,20,MAW,MAW,A01,A01
procured_balancing_capacity,20,2026-02-27T10:30:00,PT15M,2026-02-27T10:45Z,2026-02-27T10:30Z,1,32.6,1,B95,EUR,A03,A01,20,MAW,MAW,A01,A01
procured_balancing_capacity,20,2026-02-27T10:45:00,PT15M,2026-02-27T11:00Z,2026-02-27T10:45Z,1,32.6,1,B95,EUR,A03,A01,20,MAW,MAW,A01,A01
procured_balancing_capacity,20,2026-02-27T11:00:00,PT15M,2026-02-27T11:15Z,2026-02-27T11:00Z,1,32.6,1,B95,EUR,A03,A01,20,MAW,MAW,A01,A01
procured_balancing_capacity,20,2026-02-27T11:15:00,PT15M,2026-02-27T11:30Z,2026-02-27T11:15Z,1,32.6,1,B95,EUR,A03,A01,20,MAW,MAW,A01,A01
procured_balancing_capacity,20,2026-02-27T11:30:00,PT15M,2026-02-27T11:45Z,2026-02-27T11:30Z,1,32.6,1,B95,EUR,A03,A01,20,MAW,MAW,A01,A01
procured_balancing_capacity,20,2026-02-27T11:45:00,PT15M,2026-02-27T12:00Z,2026-02-27T11:45Z,1,32.6,1,B95,EUR,A03,A01,20,MAW,MAW,A01,A01
procured_balancing_capacity,20,2026-02-27T12:00:00,PT15M,2026-02-27T12:15Z,2026-02-27T12:00Z,1,32.6,1,B95,EUR,A03,A01,20,MAW,MAW,A01,A01
procured_balancing_capacity,20,2026-02-27T12:15:00,PT15M,2026-02-27T12:30Z,2026-02-27T12:15Z,1,32.6,1,B95,EUR,A03,A01,20,MAW,MAW,A01,A01
procured_balancing_capacity,20,2026-02-27T12:30:00,PT15M,2026-02-27T12:45Z,2026-02-27T12:30Z,1,32.6,1,B95,EUR,A03,A01,20,MAW,MAW,A01,A01
procured_balancing_capacity,20,2026-02-27T12:45:00,PT15M,2026-02-27T13:00Z,2026-02-27T12:45Z,1,32.6,1,B95,EUR,A03,A01,20,MAW,MAW,A01,A01
procured_balancing_capacity,20,2026-02-27T13:00:00,PT15M,2026-02-27T13:15Z,2026-02-27T13:00Z,1,32.6,1,B95,EUR,A03,A01,20,MAW,MAW,A01,A01
procured_balancing_capacity,20,2026-02-27T13:15:00,PT15M,2026-02-27T13:30Z,2026-02-27T13:15Z,1,32.6,1,B95,EUR,A03,A01,20,MAW,MAW,A01,A01
procured_balancing_capacity,20,2026-02-27T13:30:00,PT15M,2026-02-27T13:45Z,2026-02-27T13:30Z,1,32.6,1,B95,EUR,A03,A01,20,MAW,MAW,A01,A01
procured_balancing_capacity,20,2026-02-27T13:45:00,PT15M,2026-02-27T14:00Z,2026-02-27T13:45Z,1,32.6,1,B95,EUR,A03,A01,20,MAW,MAW,A01,A01
procured_balancing_capacity,20,2026-02-27T14:00:00,PT15M,2026-02-27T14:15Z,2026-02-27T14:00Z,1,32.6,1,B95,EUR,A03,A01,20,MAW,MAW,A01,A01
procured_balancing_capacity,20,2026-02-27T14:15:00,PT15M,2026-02-27T14:30Z,2026-02-27T14:15Z,1,32.6,1,B95,EUR,A03,A01,20,MAW,MAW,A01,A01
procured_balancing_capacity,20,2026-02-27T14:30:00,PT15M,2026-02-27T14:45Z,2026-02-27T14:30Z,1,32.6,1,B95,EUR,A03,A01,20,MAW,MAW,A01,A01
procured_balancing_capacity,20,2026-02-27T14:45:00,PT15M,2026-02-27T15:00Z,2026-02-27T14:45Z,1,32.6,1,B95,EUR,A03,A01,20,MAW,MAW,A01,A01
procured_balancing_capacity,20,2026-02-27T15:00:00,PT15M,2026-02-27T15:15Z,2026-02-27T15:00Z,1,32.3,1,B95,EUR,A03,A01,20,MAW,MAW,A01,A01
procured_balancing_capacity,20,2026-02-27T15:15:00,PT15M,2026-02-27T15:30Z,2026-02-27T15:15Z,1,32.3,1,B95,EUR,A03,A01,20,MAW,MAW,A01,A01
procured_balancing_capacity,20,2026-02-27T15:30:00,PT15M,2026-02-27T15:45Z,2026-02-27T15:30Z,1,32.3,1,B95,EUR,A03,A01,20,MAW,MAW,A01,A01
procured_balancing_capacity,20,2026-02-27T15:45:00,PT15M,2026-02-27T16:00Z,2026-02-27T15:45Z,1,32.3,1,B95,EUR,A03,A01,20,MAW,MAW,A01,A01
procured_balancing_capacity,20,2026-02-27T16:00:00,PT15M,2026-02-27T16:15Z,2026-02-27T16:00Z,1,33.5,1,B95,EUR,A03,A01,20,MAW,MAW,A01,A01
procured_balancing_capacity,20,2026-02-27T16:15:00,PT15M,2026-02-27T16:30Z,2026-02-27T16:15Z,1,33.5,1,B95,EUR,A03,A01,20,MAW,MAW,A01,A01
procured_balancing_capacity,20,2026-02-27T16:30:00,PT15M,2026-02-27T16:45Z,2026-02-27T16:30Z,1,33.5,1,B95,EUR,A03,A01,20,MAW,MAW,A01,A01
procured_balancing_capacity,20,2026-02-27T16:45:00,PT15M,2026-02-27T17:00Z,2026-02-27T16:45Z,1,33.5,1,B95,EUR,A03,A01,20,MAW,MAW,A01,A01
procured_balancing_capacity,20,2026-02-27T17:00:00,PT15M,2026-02-27T17:15Z,2026-02-27T17:00Z,1,33.5,1,B95,EUR,A03,A01,20,MAW,MAW,A01,A01
procured_balancing_capacity,20,2026-02-27T17:15:00,PT15M,2026-02-27T17:30Z,2026-02-27T17:15Z,1,33.5,1,B95,EUR,A03,A01,20,MAW,MAW,A01,A01
procured_balancing_capacity,20,2026-02-27T17:30:00,PT15M,2026-02-27T17:45Z,2026-02-27T17:30Z,1,33.5,1,B95,EUR,A03,A01,20,MAW,MAW,A01,A01
procured_balancing_capacity,20,2026-02-27T17:45:00,PT15M,2026-02-27T18:00Z,2026-02-27T17:45Z,1,33.5,1,B95,EUR,A03,A01,20,MAW,MAW,A01,A01
procured_balancing_capacity,20,2026-02-27T18:00:00,PT15M,2026-02-27T18:15Z,2026-02-27T18:00Z,1,33.5,1,B95,EUR,A03,A01,20,MAW,MAW,A01,A01
procured_balancing_capacity,20,2026-02-27T18:15:00,PT15M,2026-02-27T18:30Z,2026-02-27T18:15Z,1,33.5,1,B95,EUR,A03,A01,20,MAW,MAW,A01,A01
procured_balancing_capacity,20,2026-02-27T18:30:00,PT15M,2026-02-27T18:45Z,2026-02-27T18:30Z,1,33.5,1,B95,EUR,A03,A01,20,MAW,MAW,A01,A01
procured_balancing_capacity,20,2026-02-27T18:45:00,PT15M,2026-02-27T19:00Z,2026-02-27T18:45Z,1,33.5,1,B95,EUR,A03,A01,20,MAW,MAW,A01,A01
procured_balancing_capacity,20,2026-02-27T19:00:00,PT15M,2026-02-27T19:15Z,2026-02-27T19:00Z,1,32.3,1,B95,EUR,A03,A01,20,MAW,MAW,A01,A01
procured_balancing_capacity,20,2026-02-27T19:15:00,PT15M,2026-02-27T19:30Z,2026-02-27T19:15Z,1,32.3,1,B95,EUR,A03,A01,20,MAW,MAW,A01,A01
procured_balancing_capacity,20,2026-02-27T19:30:00,PT15M,2026-02-27T19:45Z,2026-02-27T19:30Z,1,32.3,1,B95,EUR,A03,A01,20,MAW,MAW,A01,A01
procured_balancing_capacity,20,2026-02-27T19:45:00,PT15M,2026-02-27T20:00Z,2026-02-27T19:45Z,1,32.3,1,B95,EUR,A03,A01,20,MAW,MAW,A01,A01
procured_balancing_capacity,20,2026-02-27T20:00:00,PT15M,2026-02-27T20:15Z,2026-02-27T20:00Z,1,29.2,1,B95,EUR,A03,A01,20,MAW,MAW,A01,A01
procured_balancing_capacity,20,2026-02-27T20:15:00,PT15M,2026-02-27T20:30Z,2026-02-27T20:15Z,1,29.2,1,B95,EUR,A03,A01,20,MAW,MAW,A01,A01
procured_balancing_capacity,20,2026-02-27T20:30:00,PT15M,2026-02-27T20:45Z,2026-02-27T20:30Z,1,29.2,1,B95,EUR,A03,A01,20,MAW,MAW,A01,A01
procured_balancing_capacity,20,2026-02-27T20:45:00,PT15M,2026-02-27T21:00Z,2026-02-27T20:45Z,1,29.2,1,B95,EUR,A03,A01,20,MAW,MAW,A01,A01
procured_balancing_capacity,20,2026-02-27T21:00:00,PT15M,2026-02-27T21:15Z,2026-02-27T21:00Z,1,27.2,1,B95,EUR,A03,A01,20,MAW,MAW,A01,A01
procured_balancing_capacity,20,2026-02-27T21:15:00,PT15M,2026-02-27T21:30Z,2026-02-27T21:15Z,1,25.8,1,B95,EUR,A03,A01,20,MAW,MAW,A01,A01
procured_balancing_capacity,20,2026-02-27T21:30:00,PT15M,2026-02-27T21:45Z,2026-02-27T21:30Z,1,25.8,1,B95,EUR,A03,A01,20,MAW,MAW,A01,A01
procured_balancing_capacity,20,2026-02-27T21:45:00,PT15M,2026-02-27T22:00Z,2026-02-27T21:45Z,1,25.8,1,B95,EUR,A03,A01,20,MAW,MAW,A01,A01
procured_balancing_capacity,20,2026-02-27T22:00:00,PT15M,2026-02-27T22:15Z,2026-02-27T22:00Z,1,25.8,1,B95,EUR,A03,A01,20,MAW,MAW,A01,A01
procured_balancing_capacity,20,2026-02-27T22:15:00,PT15M,2026-02-27T22:30Z,2026-02-27T22:15Z,1,25.8,1,B95,EUR,A03,A01,20,MAW,MAW,A01,A01
procured_balancing_capacity,20,2026-02-27T22:30:00,PT15M,2026-02-27T22:45Z,2026-02-27T22:30Z,1,25.8,1,B95,EUR,A03,A01,20,MAW,MAW,A01,A01
procured_balancing_capacity,20,2026-02-27T22:45:00,PT15M,2026-02-27T23:00Z,2026-02-27T22:45Z,1,25.8,1,B95,EUR,A03,A01,20,MAW,MAW,A01,A01
procured_balancing_capacity,21,2026-02-26T23:00:00,PT15M,2026-02-26T23:15Z,2026-02-26T23:00Z,1,30,4,B95,EUR,A03,A01,21,MAW,MAW,A01,A01
procured_balancing_capacity,21,2026-02-26T23:15:00,PT15M,2026-02-26T23:30Z,2026-02-26T23:15Z,1,30,4,B95,EUR,A03,A01,21,MAW,MAW,A01,A01
procured_balancing_capacity,21,2026-02-26T23:30:00,PT15M,2026-02-26T23:45Z,2026-02-26T23:30Z,1,30,4,B95,EUR,A03,A01,21,MAW,MAW,A01,A01
procured_balancing_capacity,21,2026-02-26T23:45:00,PT15M,2026-02-27T00:00Z,2026-02-26T23:45Z,1,30,4,B95,EUR,A03,A01,21,MAW,MAW,A01,A01
procured_balancing_capacity,21,2026-02-27T00:00:00,PT15M,2026-02-27T00:15Z,2026-02-27T00:00Z,1,30,4,B95,EUR,A03,A01,21,MAW,MAW,A01,A01
procured_balancing_capacity,21,2026-02-27T00:15:00,PT15M,2026-02-27T00:30Z,2026-02-27T00:15Z,1,30,4,B95,EUR,A03,A01,21,MAW,MAW,A01,A01
procured_balancing_capacity,21,2026-02-27T00:30:00,PT15M,2026-02-27T00:45Z,2026-02-27T00:30Z,1,30,4,B95,EUR,A03,A01,21,MAW,MAW,A01,A01
procured_balancing_capacity,21,2026-02-27T00:45:00,PT15M,2026-02-27T01:00Z,2026-02-27T00:45Z,1,30,4,B95,EUR,A03,A01,21,MAW,MAW,A01,A01
procured_balancing_capacity,21,2026-02-27T01:00:00,PT15M,2026-02-27T01:15Z,2026-02-27T01:00Z,1,30,4,B95,EUR,A03,A01,21,MAW,MAW,A01,A01
procured_balancing_capacity,21,2026-02-27T01:15:00,PT15M,2026-02-27T01:30Z,2026-02-27T01:15Z,1,30,4,B95,EUR,A03,A01,21,MAW,MAW,A01,A01
procured_balancing_capacity,21,2026-02-27T01:30:00,PT15M,2026-02-27T01:45Z,2026-02-27T01:30Z,1,30,4,B95,EUR,A03,A01,21,MAW,MAW,A01,A01
procured_balancing_capacity,21,2026-02-27T01:45:00,PT15M,2026-02-27T02:00Z,2026-02-27T01:45Z,1,30,4,B95,EUR,A03,A01,21,MAW,MAW,A01,A01
procured_balancing_capacity,21,2026-02-27T02:00:00,PT15M,2026-02-27T02:15Z,2026-02-27T02:00Z,1,30,4,B95,EUR,A03,A01,21,MAW,MAW,A01,A01
procured_balancing_capacity,21,2026-02-27T02:15:00,PT15M,2026-02-27T02:30Z,2026-02-27T02:15Z,1,30,4,B95,EUR,A03,A01,21,MAW,MAW,A01,A01
procured_balancing_capacity,21,2026-02-27T02:30:00,PT15M,2026-02-27T02:45Z,2026-02-27T02:30Z,1,30,4,B95,EUR,A03,A01,21,MAW,MAW,A01,A01
procured_balancing_capacity,21,2026-02-27T02:45:00,PT15M,2026-02-27T03:00Z,2026-02-27T02:45Z,1,30,4,B95,EUR,A03,A01,21,MAW,MAW,A01,A01
procured_balancing_capacity,21,2026-02-27T03:00:00,PT15M,2026-02-27T03:15Z,2026-02-27T03:00Z,1,30,4,B95,EUR,A03,A01,21,MAW,MAW,A01,A01
procured_balancing_capacity,21,2026-02-27T03:15:00,PT15M,2026-02-27T03:30Z,2026-02-27T03:15Z,1,30,4,B95,EUR,A03,A01,21,MAW,MAW,A01,A01
procured_balancing_capacity,21,2026-02-27T03:30:00,PT15M,2026-02-27T03:45Z,2026-02-27T03:30Z,1,30,4,B95,EUR,A03,A01,21,MAW,MAW,A01,A01
procured_balancing_capacity,21,2026-02-27T03:45:00,PT15M,2026-02-27T04:00Z,2026-02-27T03:45Z,1,30,4,B95,EUR,A03,A01,21,MAW,MAW,A01,A01
procured_balancing_capacity,21,2026-02-27T04:00:00,PT15M,2026-02-27T04:15Z,2026-02-27T04:00Z,1,30,4,B95,EUR,A03,A01,21,MAW,MAW,A01,A01
procured_balancing_capacity,21,2026-02-27T04:15:00,PT15M,2026-02-27T04:30Z,2026-02-27T04:15Z,1,30,4,B95,EUR,A03,A01,21,MAW,MAW,A01,A01
procured_balancing_capacity,21,2026-02-27T04:30:00,PT15M,2026-02-27T04:45Z,2026-02-27T04:30Z,1,30,4,B95,EUR,A03,A01,21,MAW,MAW,A01,A01
procured_balancing_capacity,21,2026-02-27T04:45:00,PT15M,2026-02-27T05:00Z,2026-02-27T04:45Z,1,30,4,B95,EUR,A03,A01,21,MAW,MAW,A01,A01
procured_balancing_capacity,21,2026-02-27T05:00:00,PT15M,2026-02-27T05:15Z,2026-02-27T05:00Z,1,32,10,B95,EUR,A03,A01,21,MAW,MAW,A01,A01
procured_balancing_capacity,21,2026-02-27T05:15:00,PT15M,2026-02-27T05:30Z,2026-02-27T05:15Z,1,32,10,B95,EUR,A03,A01,21,MAW,MAW,A01,A01
procured_balancing_capacity,21,2026-02-27T05:30:00,PT15M,2026-02-27T05:45Z,2026-02-27T05:30Z,1,32,10,B95,EUR,A03,A01,21,MAW,MAW,A01,A01
procured_balancing_capacity,21,2026-02-27T05:45:00,PT15M,2026-02-27T06:00Z,2026-02-27T05:45Z,1,32,10,B95,EUR,A03,A01,21,MAW,MAW,A01,A01
procured_balancing_capacity,21,2026-02-27T06:00:00,PT15M,2026-02-27T06:15Z,2026-02-27T06:00Z,1,32,10,B95,EUR,A03,A01,21,MAW,MAW,A01,A01
procured_balancing_capacity,21,2026-02-27T06:15:00,PT15M,2026-02-27T06:30Z,2026-02-27T06:15Z,1,32,10,B95,EUR,A03,A01,21,MAW,MAW,A01,A01
procured_balancing_capacity,21,2026-02-27T06:30:00,PT15M,2026-02-27T06:45Z,2026-02-27T06:30Z,1,32,10,B95,EUR,A03,A01,21,MAW,MAW,A01,A01
procured_balancing_capacity,21,2026-02-27T06:45:00,PT15M,2026-02-27T07:00Z,2026-02-27T06:45Z,1,32,10,B95,EUR,A03,A01,21,MAW,MAW,A01,A01
procured_balancing_capacity,21,2026-02-27T07:00:00,PT15M,2026-02-27T07:15Z,2026-02-27T07:00Z,1,32,10,B95,EUR,A03,A01,21,MAW,MAW,A01,A01
procured_balancing_capacity,21,2026-02-27T07:15:00,PT15M,2026-02-27T07:30Z,2026-02-27T07:15Z,1,32,10,B95,EUR,A03,A01,21,MAW,MAW,A01,A01
procured_balancing_capacity,21,2026-02-27T07:30:00,PT15M,2026-02-27T07:45Z,2026-02-27T07:30Z,1,32,10,B95,EUR,A03,A01,21,MAW,MAW,A01,A01
procured_balancing_capacity,21,2026-02-27T07:45:00,PT15M,2026-02-27T08:00Z,2026-02-27T07:45Z,1,32,10,B95,EUR,A03,A01,21,MAW,MAW,A01,A01
procured_balancing_capacity,21,2026-02-27T08:00:00,PT15M,2026-02-27T08:15Z,2026-02-27T08:00Z,1,32,10,B95,EUR,A03,A01,21,MAW,MAW,A01,A01
procured_balancing_capacity,21,2026-02-27T08:15:00,PT15M,2026-02-27T08:30Z,2026-02-27T08:15Z,1,32,10,B95,EUR,A03,A01,21,MAW,MAW,A01,A01
procured_balancing_capacity,21,2026-02-27T08:30:00,PT15M,2026-02-27T08:45Z,2026-02-27T08:30Z,1,32,10,B95,EUR,A03,A01,21,MAW,MAW,A01,A01
procured_balancing_capacity,21,2026-02-27T08:45:00,PT15M,2026-02-27T09:00Z,2026-02-27T08:45Z,1,32,10,B95,EUR,A03,A01,21,MAW,MAW,A01,A01
procured_balancing_capacity,21,2026-02-27T09:00:00,PT15M,2026-02-27T09:15Z,2026-02-27T09:00Z,1,32,10,B95,EUR,A03,A01,21,MAW,MAW,A01,A01
procured_balancing_capacity,21,2026-02-27T09:15:00,PT15M,2026-02-27T09:30Z,2026-02-27T09:15Z,1,32,10,B95,EUR,A03,A01,21,MAW,MAW,A01,A01
procured_balancing_capacity,21,2026-02-27T09:30:00,PT15M,2026-02-27T09:45Z,2026-02-27T09:30Z,1,32,10,B95,EUR,A03,A01,21,MAW,MAW,A01,A01
procured_balancing_capacity,21,2026-02-27T09:45:00,PT15M,2026-02-27T10:00Z,2026-02-27T09:45Z,1,32,10,B95,EUR,A03,A01,21,MAW,MAW,A01,A01
procured_balancing_capacity,21,2026-02-27T10:00:00,PT15M,2026-02-27T10:15Z,2026-02-27T10:00Z,1,32,10,B95,EUR,A03,A01,21,MAW,MAW,A01,A01
procured_balancing_capacity,21,2026-02-27T10:15:00,PT15M,2026-02-27T10:30Z,2026-02-27T10:15Z,1,32,10,B95,EUR,A03,A01,21,MAW,MAW,A01,A01
procured_balancing_capacity,21,2026-02-27T10:30:00,PT15M,2026-02-27T10:45Z,2026-02-27T10:30Z,1,32,10,B95,EUR,A03,A01,21,MAW,MAW,A01,A01
procured_balancing_capacity,21,2026-02-27T10:45:00,PT15M,2026-02-27T11:00Z,2026-02-27T10:45Z,1,32,10,B95,EUR,A03,A01,21,MAW,MAW,A01,A01
procured_balancing_capacity,21,2026-02-27T11:00:00,PT15M,2026-02-27T11:15Z,2026-02-27T11:00Z,1,32,10,B95,EUR,A03,A01,21,MAW,MAW,A01,A01
procured_balancing_capacity,21,2026-02-27T11:15:00,PT15M,2026-02-27T11:30Z,2026-02-27T11:15Z,1,32,10,B95,EUR,A03,A01,21,MAW,MAW,A01,A01
procured_balancing_capacity,21,2026-02-27T11:30:00,PT15M,2026-02-27T11:45Z,2026-02-27T11:30Z,1,32,10,B95,EUR,A03,A01,21,MAW,MAW,A01,A01
procured_balancing_capacity,21,2026-02-27T11:45:00,PT15M,2026-02-27T12:00Z,2026-02-27T11:45Z,1,32,10,B95,EUR,A03,A01,21,MAW,MAW,A01,A01
procured_balancing_capacity,21,2026-02-27T12:00:00,PT15M,2026-02-27T12:15Z,2026-02-27T12:00Z,1,32,10,B95,EUR,A03,A01,21,MAW,MAW,A01,A01
procured_balancing_capacity,21,2026-02-27T12:15:00,PT15M,2026-02-27T12:30Z,2026-02-27T12:15Z,1,32,10,B95,EUR,A03,A01,21,MAW,MAW,A01,A01
procured_balancing_capacity,21,2026-02-27T12:30:00,PT15M,2026-02-27T12:45Z,2026-02-27T12:30Z,1,32,10,B95,EUR,A03,A01,21,MAW,MAW,A01,A01
procured_balancing_capacity,21,2026-02-27T12:45:00,PT15M,2026-02-27T13:00Z,2026-02-27T12:45Z,1,32,10,B95,EUR,A03,A01,21,MAW,MAW,A01,A01
procured_balancing_capacity,21,2026-02-27T13:00:00,PT15M,2026-02-27T13:15Z,2026-02-27T13:00Z,1,32,10,B95,EUR,A03,A01,21,MAW,MAW,A01,A01
procured_balancing_capacity,21,2026-02-27T13:15:00,PT15M,2026-02-27T13:30Z,2026-02-27T13:15Z,1,32,10,B95,EUR,A03,A01,21,MAW,MAW,A01,A01
procured_balancing_capacity,21,2026-02-27T13:30:00,PT15M,2026-02-27T13:45Z,2026-02-27T13:30Z,1,32,10,B95,EUR,A03,A01,21,MAW,MAW,A01,A01
procured_balancing_capacity,21,2026-02-27T13:45:00,PT15M,2026-02-27T14:00Z,2026-02-27T13:45Z,1,32,10,B95,EUR,A03,A01,21,MAW,MAW,A01,A01
procured_balancing_capacity,21,2026-02-27T14:00:00,PT15M,2026-02-27T14:15Z,2026-02-27T14:00Z,1,32,10,B95,EUR,A03,A01,21,MAW,MAW,A01,A01
procured_balancing_capacity,21,2026-02-27T14:15:00,PT15M,2026-02-27T14:30Z,2026-02-27T14:15Z,1,32,10,B95,EUR,A03,A01,21,MAW,MAW,A01,A01
procured_balancing_capacity,21,2026-02-27T14:30:00,PT15M,2026-02-27T14:45Z,2026-02-27T14:30Z,1,32,10,B95,EUR,A03,A01,21,MAW,MAW,A01,A01
procured_balancing_capacity,21,2026-02-27T14:45:00,PT15M,2026-02-27T15:00Z,2026-02-27T14:45Z,1,32,10,B95,EUR,A03,A01,21,MAW,MAW,A01,A01
procured_balancing_capacity,21,2026-02-27T15:00:00,PT15M,2026-02-27T15:15Z,2026-02-27T15:00Z,1,32,10,B95,EUR,A03,A01,21,MAW,MAW,A01,A01
procured_balancing_capacity,21,2026-02-27T15:15:00,PT15M,2026-02-27T15:30Z,2026-02-27T15:15Z,1,32,10,B95,EUR,A03,A01,21,MAW,MAW,A01,A01
procured_balancing_capacity,21,2026-02-27T15:30:00,PT15M,2026-02-27T15:45Z,2026-02-27T15:30Z,1,32,10,B95,EUR,A03,A01,21,MAW,MAW,A01,A01
procured_balancing_capacity,21,2026-02-27T15:45:00,PT15M,2026-02-27T16:00Z,2026-02-27T15:45Z,1,32,10,B95,EUR,A03,A01,21,MAW,MAW,A01,A01
procured_balancing_capacity,21,2026-02-27T16:00:00,PT15M,2026-02-27T16:15Z,2026-02-27T16:00Z,1,32,10,B95,EUR,A03,A01,21,MAW,MAW,A01,A01
procured_balancing_capacity,21,2026-02-27T16:15:00,PT15M,2026-02-27T16:30Z,2026-02-27T16:15Z,1,32,10,B95,EUR,A03,A01,21,MAW,MAW,A01,A01
procured_balancing_capacity,21,2026-02-27T16:30:00,PT15M,2026-02-27T16:45Z,2026-02-27T16:30Z,1,32,10,B95,EUR,A03,A01,21,MAW,MAW,A01,A01
procured_balancing_capacity,21,2026-02-27T16:45:00,PT15M,2026-02-27T17:00Z,2026-02-27T16:45Z,1,32,10,B95,EUR,A03,A01,21,MAW,MAW,A01,A01
procured_balancing_capacity,21,2026-02-27T17:00:00,PT15M,2026-02-27T17:15Z,2026-02-27T17:00Z,1,32,10,B95,EUR,A03,A01,21,MAW,MAW,A01,A01
procured_balancing_capacity,21,2026-02-27T17:15:00,PT15M,2026-02-27T17:30Z,2026-02-27T17:15Z,1,32,10,B95,EUR,A03,A01,21,MAW,MAW,A01,A01
procured_balancing_capacity,21,2026-02-27T17:30:00,PT15M,2026-02-27T17:45Z,2026-02-27T17:30Z,1,32,10,B95,EUR,A03,A01,21,MAW,MAW,A01,A01
procured_balancing_capacity,21,2026-02-27T17:45:00,PT15M,2026-02-27T18:00Z,2026-02-27T17:45Z,1,32,10,B95,EUR,A03,A01,21,MAW,MAW,A01,A01
procured_balancing_capacity,21,2026-02-27T18:00:00,PT15M,2026-02-27T18:15Z,2026-02-27T18:00Z,1,32,10,B95,EUR,A03,A01,21,MAW,MAW,A01,A01
procured_balancing_capacity,21,2026-02-27T18:15:00,PT15M,2026-02-27T18:30Z,2026-02-27T18:15Z,1,32,10,B95,EUR,A03,A01,21,MAW,MAW,A01,A01
procured_balancing_capacity,21,2026-02-27T18:30:00,PT15M,2026-02-27T18:45Z,2026-02-27T18:30Z,1,32,10,B95,EUR,A03,A01,21,MAW,MAW,A01,A01
procured_balancing_capacity,21,2026-02-27T18:45:00,PT15M,2026-02-27T19:00Z,2026-02-27T18:45Z,1,32,10,B95,EUR,A03,A01,21,MAW,MAW,A01,A01
procured_balancing_capacity,21,2026-02-27T19:00:00,PT15M,2026-02-27T19:15Z,2026-02-27T19:00Z,1,32,10,B95,EUR,A03,A01,21,MAW,MAW,A01,A01
procured_balancing_capacity,21,2026-02-27T19:15:00,PT15M,2026-02-27T19:30Z,2026-02-27T19:15Z,1,32,10,B95,EUR,A03,A01,21,MAW,MAW,A01,A01
procured_balancing_capacity,21,2026-02-27T19:30:00,PT15M,2026-02-27T19:45Z,2026-02-27T19:30Z,1,32,10,B95,EUR,A03,A01,21,MAW,MAW,A01,A01
procured_balancing_capacity,21,2026-02-27T19:45:00,PT15M,2026-02-27T20:00Z,2026-02-27T19:45Z,1,32,10,B95,EUR,A03,A01,21,MAW,MAW,A01,A01
procured_balancing_capacity,21,2026-02-27T20:00:00,PT15M,2026-02-27T20:15Z,2026-02-27T20:00Z,1,32,10,B95,EUR,A03,A01,21,MAW,MAW,A01,A01
procured_balancing_capacity,21,2026-02-27T20:15:00,PT15M,2026-02-27T20:30Z,2026-02-27T20:15Z,1,32,10,B95,EUR,A03,A01,21,MAW,MAW,A01,A01
procured_balancing_capacity,21,2026-02-27T20:30:00,PT15M,2026-02-27T20:45Z,2026-02-27T20:30Z,1,32,10,B95,EUR,A03,A01,21,MAW,MAW,A01,A01
procured_balancing_capacity,21,2026-02-27T20:45:00,PT15M,2026-02-27T21:00Z,2026-02-27T20:45Z,1,32,10,B95,EUR,A03,A01,21,MAW,MAW,A01,A01
procured_balancing_capacity,21,2026-02-27T21:00:00,PT15M,2026-02-27T21:15Z,2026-02-27T21:00Z,1,30,4,B95,EUR,A03,A01,21,MAW,MAW,A01,A01
procured_balancing_capacity,21,2026-02-27T21:15:00,PT15M,2026-02-27T21:30Z,2026-02-27T21:15Z,1,30,4,B95,EUR,A03,A01,21,MAW,MAW,A01,A01
procured_balancing_capacity,21,2026-02-27T21:30:00,PT15M,2026-02-27T21:45Z,2026-02-27T21:30Z,1,30,4,B95,EUR,A03,A01,21,MAW,MAW,A01,A01
procured_balancing_capacity,21,2026-02-27T21:45:00,PT15M,2026-02-27T22:00Z,2026-02-27T21:45Z,1,30,4,B95,EUR,A03,A01,21,MAW,MAW,A01,A01
procured_balancing_capacity,21,2026-02-27T22:00:00,PT15M,2026-02-27T22:15Z,2026-02-27T22:00Z,1,30,4,B95,EUR,A03,A01,21,MAW,MAW,A01,A01
procured_balancing_capacity,21,2026-02-27T22:15:00,PT15M,2026-02-27T22:30Z,2026-02-27T22:15Z,1,30,4,B95,EUR,A03,A01,21,MAW,MAW,A01,A01
procured_balancing_capacity,21,2026-02-27T22:30:00,PT15M,2026-02-27T22:45Z,2026-02-27T22:30Z,1,30,4,B95,EUR,A03,A01,21,MAW,MAW,A01,A01
procured_balancing_capacity,21,2026-02-27T22:45:00,PT15M,2026-02-27T23:00Z,2026-02-27T22:45Z,1,30,4,B95,EUR,A03,A01,21,MAW,MAW,A01,A01
procured_balancing_capacity,22,2026-02-26T23:00:00,PT15M,2026-02-26T23:15Z,2026-02-26T23:00Z,1,10,0,B95,EUR,A03,A02,22,MAW,MAW,A01,A01
procured_balancing_capacity,22,2026-02-26T23:15:00,PT15M,2026-02-26T23:30Z,2026-02-26T23:15Z,1,10,0,B95,EUR,A03,A02,22,MAW,MAW,A01,A01
procured_balancing_capacity,22,2026-02-26T23:30:00,PT15M,2026-02-26T23:45Z,2026-02-26T23:30Z,1,10,0,B95,EUR,A03,A02,22,MAW,MAW,A01,A01
procured_balancing_capacity,22,2026-02-26T23:45:00,PT15M,2026-02-27T00:00Z,2026-02-26T23:45Z,1,10,0,B95,EUR,A03,A02,22,MAW,MAW,A01,A01
procured_balancing_capacity,22,2026-02-27T00:00:00,PT15M,2026-02-27T00:15Z,2026-02-27T00:00Z,1,10,0,B95,EUR,A03,A02,22,MAW,MAW,A01,A01
procured_balancing_capacity,22,2026-02-27T00:15:00,PT15M,2026-02-27T00:30Z,2026-02-27T00:15Z,1,10,0,B95,EUR,A03,A02,22,MAW,MAW,A01,A01
procured_balancing_capacity,22,2026-02-27T00:30:00,PT15M,2026-02-27T00:45Z,2026-02-27T00:30Z,1,10,0,B95,EUR,A03,A02,22,MAW,MAW,A01,A01
procured_balancing_capacity,22,2026-02-27T00:45:00,PT15M,2026-02-27T01:00Z,2026-02-27T00:45Z,1,10,0,B95,EUR,A03,A02,22,MAW,MAW,A01,A01
procured_balancing_capacity,22,2026-02-27T01:00:00,PT15M,2026-02-27T01:15Z,2026-02-27T01:00Z,1,10,0,B95,EUR,A03,A02,22,MAW,MAW,A01,A01
procured_balancing_capacity,22,2026-02-27T01:15:00,PT15M,2026-02-27T01:30Z,2026-02-27T01:15Z,1,10,0,B95,EUR,A03,A02,22,MAW,MAW,A01,A01
procured_balancing_capacity,22,2026-02-27T01:30:00,PT15M,2026-02-27T01:45Z,2026-02-27T01:30Z,1,10,0,B95,EUR,A03,A02,22,MAW,MAW,A01,A01
procured_balancing_capacity,22,2026-02-27T01:45:00,PT15M,2026-02-27T02:00Z,2026-02-27T01:45Z,1,10,0,B95,EUR,A03,A02,22,MAW,MAW,A01,A01
procured_balancing_capacity,22,2026-02-27T02:00:00,PT15M,2026-02-27T02:15Z,2026-02-27T02:00Z,1,10,0,B95,EUR,A03,A02,22,MAW,MAW,A01,A01
procured_balancing_capacity,22,2026-02-27T02:15:00,PT15M,2026-02-27T02:30Z,2026-02-27T02:15Z,1,10,0,B95,EUR,A03,A02,22,MAW,MAW,A01,A01
procured_balancing_capacity,22,2026-02-27T02:30:00,PT15M,2026-02-27T02:45Z,2026-02-27T02:30Z,1,10,0,B95,EUR,A03,A02,22,MAW,MAW,A01,A01
procured_balancing_capacity,22,2026-02-27T02:45:00,PT15M,2026-02-27T03:00Z,2026-02-27T02:45Z,1,10,0,B95,EUR,A03,A02,22,MAW,MAW,A01,A01
procured_balancing_capacity,22,2026-02-27T03:00:00,PT15M,2026-02-27T03:15Z,2026-02-27T03:00Z,1,10,0,B95,EUR,A03,A02,22,MAW,MAW,A01,A01
procured_balancing_capacity,22,2026-02-27T03:15:00,PT15M,2026-02-27T03:30Z,2026-02-27T03:15Z,1,10,0,B95,EUR,A03,A02,22,MAW,MAW,A01,A01
procured_balancing_capacity,22,2026-02-27T03:30:00,PT15M,2026-02-27T03:45Z,2026-02-27T03:30Z,1,10,0,B95,EUR,A03,A02,22,MAW,MAW,A01,A01
procured_balancing_capacity,22,2026-02-27T03:45:00,PT15M,2026-02-27T04:00Z,2026-02-27T03:45Z,1,10,0,B95,EUR,A03,A02,22,MAW,MAW,A01,A01
procured_balancing_capacity,22,2026-02-27T04:00:00,PT15M,2026-02-27T04:15Z,2026-02-27T04:00Z,1,10,0,B95,EUR,A03,A02,22,MAW,MAW,A01,A01
procured_balancing_capacity,22,2026-02-27T04:15:00,PT15M,2026-02-27T04:30Z,2026-02-27T04:15Z,1,10,0,B95,EUR,A03,A02,22,MAW,MAW,A01,A01
procured_balancing_capacity,22,2026-02-27T04:30:00,PT15M,2026-02-27T04:45Z,2026-02-27T04:30Z,1,10,0,B95,EUR,A03,A02,22,MAW,MAW,A01,A01
procured_balancing_capacity,22,2026-02-27T04:45:00,PT15M,2026-02-27T05:00Z,2026-02-27T04:45Z,1,10,0,B95,EUR,A03,A02,22,MAW,MAW,A01,A01
procured_balancing_capacity,22,2026-02-27T05:00:00,PT15M,2026-02-27T05:15Z,2026-02-27T05:00Z,1,10,9,B95,EUR,A03,A02,22,MAW,MAW,A01,A01
procured_balancing_capacity,22,2026-02-27T05:15:00,PT15M,2026-02-27T05:30Z,2026-02-27T05:15Z,1,10,9,B95,EUR,A03,A02,22,MAW,MAW,A01,A01
procured_balancing_capacity,22,2026-02-27T05:30:00,PT15M,2026-02-27T05:45Z,2026-02-27T05:30Z,1,10,9,B95,EUR,A03,A02,22,MAW,MAW,A01,A01
procured_balancing_capacity,22,2026-02-27T05:45:00,PT15M,2026-02-27T06:00Z,2026-02-27T05:45Z,1,10,9,B95,EUR,A03,A02,22,MAW,MAW,A01,A01
procured_balancing_capacity,22,2026-02-27T06:00:00,PT15M,2026-02-27T06:15Z,2026-02-27T06:00Z,1,10,9,B95,EUR,A03,A02,22,MAW,MAW,A01,A01
procured_balancing_capacity,22,2026-02-27T06:15:00,PT15M,2026-02-27T06:30Z,2026-02-27T06:15Z,1,10,9,B95,EUR,A03,A02,22,MAW,MAW,A01,A01
procured_balancing_capacity,22,2026-02-27T06:30:00,PT15M,2026-02-27T06:45Z,2026-02-27T06:30Z,1,10,9,B95,EUR,A03,A02,22,MAW,MAW,A01,A01
procured_balancing_capacity,22,2026-02-27T06:45:00,PT15M,2026-02-27T07:00Z,2026-02-27T06:45Z,1,10,9,B95,EUR,A03,A02,22,MAW,MAW,A01,A01
procured_balancing_capacity,22,2026-02-27T07:00:00,PT15M,2026-02-27T07:15Z,2026-02-27T07:00Z,1,10,9,B95,EUR,A03,A02,22,MAW,MAW,A01,A01
procured_balancing_capacity,22,2026-02-27T07:15:00,PT15M,2026-02-27T07:30Z,2026-02-27T07:15Z,1,10,9,B95,EUR,A03,A02,22,MAW,MAW,A01,A01
procured_balancing_capacity,22,2026-02-27T07:30:00,PT15M,2026-02-27T07:45Z,2026-02-27T07:30Z,1,10,9,B95,EUR,A03,A02,22,MAW,MAW,A01,A01
procured_balancing_capacity,22,2026-02-27T07:45:00,PT15M,2026-02-27T08:00Z,2026-02-27T07:45Z,1,10,9,B95,EUR,A03,A02,22,MAW,MAW,A01,A01
procured_balancing_capacity,22,2026-02-27T08:00:00,PT15M,2026-02-27T08:15Z,2026-02-27T08:00Z,1,10,9,B95,EUR,A03,A02,22,MAW,MAW,A01,A01
procured_balancing_capacity,22,2026-02-27T08:15:00,PT15M,2026-02-27T08:30Z,2026-02-27T08:15Z,1,10,9,B95,EUR,A03,A02,22,MAW,MAW,A01,A01
procured_balancing_capacity,22,2026-02-27T08:30:00,PT15M,2026-02-27T08:45Z,2026-02-27T08:30Z,1,10,9,B95,EUR,A03,A02,22,MAW,MAW,A01,A01
procured_balancing_capacity,22,2026-02-27T08:45:00,PT15M,2026-02-27T09:00Z,2026-02-27T08:45Z,1,10,9,B95,EUR,A03,A02,22,MAW,MAW,A01,A01
procured_balancing_capacity,22,2026-02-27T09:00:00,PT15M,2026-02-27T09:15Z,2026-02-27T09:00Z,1,10,9,B95,EUR,A03,A02,22,MAW,MAW,A01,A01
procured_balancing_capacity,22,2026-02-27T09:15:00,PT15M,2026-02-27T09:30Z,2026-02-27T09:15Z,1,10,9,B95,EUR,A03,A02,22,MAW,MAW,A01,A01
procured_balancing_capacity,22,2026-02-27T09:30:00,PT15M,2026-02-27T09:45Z,2026-02-27T09:30Z,1,10,9,B95,EUR,A03,A02,22,MAW,MAW,A01,A01
procured_balancing_capacity,22,2026-02-27T09:45:00,PT15M,2026-02-27T10:00Z,2026-02-27T09:45Z,1,10,9,B95,EUR,A03,A02,22,MAW,MAW,A01,A01
procured_balancing_capacity,22,2026-02-27T10:00:00,PT15M,2026-02-27T10:15Z,2026-02-27T10:00Z,1,10,3,B95,EUR,A03,A02,22,MAW,MAW,A01,A01
procured_balancing_capacity,22,2026-02-27T10:15:00,PT15M,2026-02-27T10:30Z,2026-02-27T10:15Z,1,10,3,B95,EUR,A03,A02,22,MAW,MAW,A01,A01
procured_balancing_capacity,22,2026-02-27T10:30:00,PT15M,2026-02-27T10:45Z,2026-02-27T10:30Z,1,10,3,B95,EUR,A03,A02,22,MAW,MAW,A01,A01
procured_balancing_capacity,22,2026-02-27T10:45:00,PT15M,2026-02-27T11:00Z,2026-02-27T10:45Z,1,10,3,B95,EUR,A03,A02,22,MAW,MAW,A01,A01
procured_balancing_capacity,22,2026-02-27T11:00:00,PT15M,2026-02-27T11:15Z,2026-02-27T11:00Z,1,10,3,B95,EUR,A03,A02,22,MAW,MAW,A01,A01
procured_balancing_capacity,22,2026-02-27T11:15:00,PT15M,2026-02-27T11:30Z,2026-02-27T11:15Z,1,10,3,B95,EUR,A03,A02,22,MAW,MAW,A01,A01
procured_balancing_capacity,22,2026-02-27T11:30:00,PT15M,2026-02-27T11:45Z,2026-02-27T11:30Z,1,10,3,B95,EUR,A03,A02,22,MAW,MAW,A01,A01
procured_balancing_capacity,22,2026-02-27T11:45:00,PT15M,2026-02-27T12:00Z,2026-02-27T11:45Z,1,10,3,B95,EUR,A03,A02,22,MAW,MAW,A01,A01
procured_balancing_capacity,22,2026-02-27T12:00:00,PT15M,2026-02-27T12:15Z,2026-02-27T12:00Z,1,10,3,B95,EUR,A03,A02,22,MAW,MAW,A01,A01
procured_balancing_capacity,22,2026-02-27T12:15:00,PT15M,2026-02-27T12:30Z,2026-02-27T12:15Z,1,10,3,B95,EUR,A03,A02,22,MAW,MAW,A01,A01
procured_balancing_capacity,22,2026-02-27T12:30:00,PT15M,2026-02-27T12:45Z,2026-02-27T12:30Z,1,10,3,B95,EUR,A03,A02,22,MAW,MAW,A01,A01
procured_balancing_capacity,22,2026-02-27T12:45:00,PT15M,2026-02-27T13:00Z,2026-02-27T12:45Z,1,10,3,B95,EUR,A03,A02,22,MAW,MAW,A01,A01
procured_balancing_capacity,22,2026-02-27T13:00:00,PT15M,2026-02-27T13:15Z,2026-02-27T13:00Z,1,10,3,B95,EUR,A03,A02,22,MAW,MAW,A01,A01
procured_balancing_capacity,22,2026-02-27T13:15:00,PT15M,2026-02-27T13:30Z,2026-02-27T13:15Z,1,10,3,B95,EUR,A03,A02,22,MAW,MAW,A01,A01
procured_balancing_capacity,22,2026-02-27T13:30:00,PT15M,2026-02-27T13:45Z,2026-02-27T13:30Z,1,10,3,B95,EUR,A03,A02,22,MAW,MAW,A01,A01
procured_balancing_capacity,22,2026-02-27T13:45:00,PT15M,2026-02-27T14:00Z,2026-02-27T13:45Z,1,10,3,B95,EUR,A03,A02,22,MAW,MAW,A01,A01
procured_balancing_capacity,22,2026-02-27T14:00:00,PT15M,2026-02-27T14:15Z,2026-02-27T14:00Z,1,10,5,B95,EUR,A03,A02,22,MAW,MAW,A01,A01
procured_balancing_capacity,22,2026-02-27T14:15:00,PT15M,2026-02-27T14:30Z,2026-02-27T14:15Z,1,10,5,B95,EUR,A03,A02,22,MAW,MAW,A01,A01
procured_balancing_capacity,22,2026-02-27T14:30:00,PT15M,2026-02-27T14:45Z,2026-02-27T14:30Z,1,10,5,B95,EUR,A03,A02,22,MAW,MAW,A01,A01
procured_balancing_capacity,22,2026-02-27T14:45:00,PT15M,2026-02-27T15:00Z,2026-02-27T14:45Z,1,10,5,B95,EUR,A03,A02,22,MAW,MAW,A01,A01
procured_balancing_capacity,22,2026-02-27T15:00:00,PT15M,2026-02-27T15:15Z,2026-02-27T15:00Z,1,10,9,B95,EUR,A03,A02,22,MAW,MAW,A01,A01
procured_balancing_capacity,22,2026-02-27T15:15:00,PT15M,2026-02-27T15:30Z,2026-02-27T15:15Z,1,10,9,B95,EUR,A03,A02,22,MAW,MAW,A01,A01
procured_balancing_capacity,22,2026-02-27T15:30:00,PT15M,2026-02-27T15:45Z,2026-02-27T15:30Z,1,10,9,B95,EUR,A03,A02,22,MAW,MAW,A01,A01
procured_balancing_capacity,22,2026-02-27T15:45:00,PT15M,2026-02-27T16:00Z,2026-02-27T15:45Z,1,10,9,B95,EUR,A03,A02,22,MAW,MAW,A01,A01
procured_balancing_capacity,22,2026-02-27T16:00:00,PT15M,2026-02-27T16:15Z,2026-02-27T16:00Z,1,10,9,B95,EUR,A03,A02,22,MAW,MAW,A01,A01
procured_balancing_capacity,22,2026-02-27T16:15:00,PT15M,2026-02-27T16:30Z,2026-02-27T16:15Z,1,10,9,B95,EUR,A03,A02,22,MAW,MAW,A01,A01
procured_balancing_capacity,22,2026-02-27T16:30:00,PT15M,2026-02-27T16:45Z,2026-02-27T16:30Z,1,10,9,B95,EUR,A03,A02,22,MAW,MAW,A01,A01
procured_balancing_capacity,22,2026-02-27T16:45:00,PT15M,2026-02-27T17:00Z,2026-02-27T16:45Z,1,10,9,B95,EUR,A03,A02,22,MAW,MAW,A01,A01
procured_balancing_capacity,22,2026-02-27T17:00:00,PT15M,2026-02-27T17:15Z,2026-02-27T17:00Z,1,10,9,B95,EUR,A03,A02,22,MAW,MAW,A01,A01
procured_balancing_capacity,22,2026-02-27T17:15:00,PT15M,2026-02-27T17:30Z,2026-02-27T17:15Z,1,10,9,B95,EUR,A03,A02,22,MAW,MAW,A01,A01
procured_balancing_capacity,22,2026-02-27T17:30:00,PT15M,2026-02-27T17:45Z,2026-02-27T17:30Z,1,10,9,B95,EUR,A03,A02,22,MAW,MAW,A01,A01
procured_balancing_capacity,22,2026-02-27T17:45:00,PT15M,2026-02-27T18:00Z,2026-02-27T17:45Z,1,10,9,B95,EUR,A03,A02,22,MAW,MAW,A01,A01
procured_balancing_capacity,22,2026-02-27T18:00:00,PT15M,2026-02-27T18:15Z,2026-02-27T18:00Z,1,10,9,B95,EUR,A03,A02,22,MAW,MAW,A01,A01
procured_balancing_capacity,22,2026-02-27T18:15:00,PT15M,2026-02-27T18:30Z,2026-02-27T18:15Z,1,10,9,B95,EUR,A03,A02,22,MAW,MAW,A01,A01
procured_balancing_capacity,22,2026-02-27T18:30:00,PT15M,2026-02-27T18:45Z,2026-02-27T18:30Z,1,10,9,B95,EUR,A03,A02,22,MAW,MAW,A01,A01
procured_balancing_capacity,22,2026-02-27T18:45:00,PT15M,2026-02-27T19:00Z,2026-02-27T18:45Z,1,10,9,B95,EUR,A03,A02,22,MAW,MAW,A01,A01
procured_balancing_capacity,22,2026-02-27T19:00:00,PT15M,2026-02-27T19:15Z,2026-02-27T19:00Z,1,10,9,B95,EUR,A03,A02,22,MAW,MAW,A01,A01
procured_balancing_capacity,22,2026-02-27T19:15:00,PT15M,2026-02-27T19:30Z,2026-02-27T19:15Z,1,10,9,B95,EUR,A03,A02,22,MAW,MAW,A01,A01
procured_balancing_capacity,22,2026-02-27T19:30:00,PT15M,2026-02-27T19:45Z,2026-02-27T19:30Z,1,10,9,B95,EUR,A03,A02,22,MAW,MAW,A01,A01
procured_balancing_capacity,22,2026-02-27T19:45:00,PT15M,2026-02-27T20:00Z,2026-02-27T19:45Z,1,10,9,B95,EUR,A03,A02,22,MAW,MAW,A01,A01
procured_balancing_capacity,22,2026-02-27T20:00:00,PT15M,2026-02-27T20:15Z,2026-02-27T20:00Z,1,10,5,B95,EUR,A03,A02,22,MAW,MAW,A01,A01
procured_balancing_capacity,22,2026-02-27T20:15:00,PT15M,2026-02-27T20:30Z,2026-02-27T20:15Z,1,10,5,B95,EUR,A03,A02,22,MAW,MAW,A01,A01
procured_balancing_capacity,22,2026-02-27T20:30:00,PT15M,2026-02-27T20:45Z,2026-02-27T20:30Z,1,10,5,B95,EUR,A03,A02,22,MAW,MAW,A01,A01
procured_balancing_capacity,22,2026-02-27T20:45:00,PT15M,2026-02-27T21:00Z,2026-02-27T20:45Z,1,10,5,B95,EUR,A03,A02,22,MAW,MAW,A01,A01
procured_balancing_capacity,22,2026-02-27T21:00:00,PT15M,2026-02-27T21:15Z,2026-02-27T21:00Z,1,9,0,B95,EUR,A03,A02,22,MAW,MAW,A01,A01
procured_balancing_capacity,22,2026-02-27T21:15:00,PT15M,2026-02-27T21:30Z,2026-02-27T21:15Z,1,9,0,B95,EUR,A03,A02,22,MAW,MAW,A01,A01
procured_balancing_capacity,22,2026-02-27T21:30:00,PT15M,2026-02-27T21:45Z,2026-02-27T21:30Z,1,9,0,B95,EUR,A03,A02,22,MAW,MAW,A01,A01
procured_balancing_capacity,22,2026-02-27T21:45:00,PT15M,2026-02-27T22:00Z,2026-02-27T21:45Z,1,9,0,B95,EUR,A03,A02,22,MAW,MAW,A01,A01
procured_balancing_capacity,22,2026-02-27T22:00:00,PT15M,2026-02-27T22:15Z,2026-02-27T22:00Z,1,10,0,B95,EUR,A03,A02,22,MAW,MAW,A01,A01
procured_balancing_capacity,22,2026-02-27T22:15:00,PT15M,2026-02-27T22:30Z,2026-02-27T22:15Z,1,10,0,B95,EUR,A03,A02,22,MAW,MAW,A01,A01
procured_balancing_capacity,22,2026-02-27T22:30:00,PT15M,2026-02-27T22:45Z,2026-02-27T22:30Z,1,10,0,B95,EUR,A03,A02,22,MAW,MAW,A01,A01
procured_balancing_capacity,22,2026-02-27T22:45:00,PT15M,2026-02-27T23:00Z,2026-02-27T22:45Z,1,10,0,B95,EUR,A03,A02,22,MAW,MAW,A01,A01
procured_balancing_capacity,23,2026-02-26T23:00:00,PT15M,2026-02-26T23:15Z,2026-02-26T23:00Z,1,29.2,3,B95,EUR,A03,A01,23,MAW,MAW,A01,A01
procured_balancing_capacity,23,2026-02-26T23:15:00,PT15M,2026-02-26T23:30Z,2026-02-26T23:15Z,1,29.2,3,B95,EUR,A03,A01,23,MAW,MAW,A01,A01
procured_balancing_capacity,23,2026-02-26T23:30:00,PT15M,2026-02-26T23:45Z,2026-02-26T23:30Z,1,29.2,3,B95,EUR,A03,A01,23,MAW,MAW,A01,A01
procured_balancing_capacity,23,2026-02-26T23:45:00,PT15M,2026-02-27T00:00Z,2026-02-26T23:45Z,1,29.2,3,B95,EUR,A03,A01,23,MAW,MAW,A01,A01
procured_balancing_capacity,23,2026-02-27T00:00:00,PT15M,2026-02-27T00:15Z,2026-02-27T00:00Z,1,29.2,3,B95,EUR,A03,A01,23,MAW,MAW,A01,A01
procured_balancing_capacity,23,2026-02-27T00:15:00,PT15M,2026-02-27T00:30Z,2026-02-27T00:15Z,1,29.2,3,B95,EUR,A03,A01,23,MAW,MAW,A01,A01
procured_balancing_capacity,23,2026-02-27T00:30:00,PT15M,2026-02-27T00:45Z,2026-02-27T00:30Z,1,29.2,3,B95,EUR,A03,A01,23,MAW,MAW,A01,A01
procured_balancing_capacity,23,2026-02-27T00:45:00,PT15M,2026-02-27T01:00Z,2026-02-27T00:45Z,1,29.2,3,B95,EUR,A03,A01,23,MAW,MAW,A01,A01
procured_balancing_capacity,23,2026-02-27T01:00:00,PT15M,2026-02-27T01:15Z,2026-02-27T01:00Z,1,29.2,3,B95,EUR,A03,A01,23,MAW,MAW,A01,A01
procured_balancing_capacity,23,2026-02-27T01:15:00,PT15M,2026-02-27T01:30Z,2026-02-27T01:15Z,1,29.2,3,B95,EUR,A03,A01,23,MAW,MAW,A01,A01
procured_balancing_capacity,23,2026-02-27T01:30:00,PT15M,2026-02-27T01:45Z,2026-02-27T01:30Z,1,29.2,3,B95,EUR,A03,A01,23,MAW,MAW,A01,A01
procured_balancing_capacity,23,2026-02-27T01:45:00,PT15M,2026-02-27T02:00Z,2026-02-27T01:45Z,1,29.2,3,B95,EUR,A03,A01,23,MAW,MAW,A01,A01
procured_balancing_capacity,23,2026-02-27T02:00:00,PT15M,2026-02-27T02:15Z,2026-02-27T02:00Z,1,29.2,2,B95,EUR,A03,A01,23,MAW,MAW,A01,A01
procured_balancing_capacity,23,2026-02-27T02:15:00,PT15M,2026-02-27T02:30Z,2026-02-27T02:15Z,1,29.2,2,B95,EUR,A03,A01,23,MAW,MAW,A01,A01
procured_balancing_capacity,23,2026-02-27T02:30:00,PT15M,2026-02-27T02:45Z,2026-02-27T02:30Z,1,29.2,2,B95,EUR,A03,A01,23,MAW,MAW,A01,A01
procured_balancing_capacity,23,2026-02-27T02:45:00,PT15M,2026-02-27T03:00Z,2026-02-27T02:45Z,1,29.2,2,B95,EUR,A03,A01,23,MAW,MAW,A01,A01
procured_balancing_capacity,23,2026-02-27T03:00:00,PT15M,2026-02-27T03:15Z,2026-02-27T03:00Z,1,0,0,B95,EUR,A03,A01,23,MAW,MAW,A01,A01
procured_balancing_capacity,23,2026-02-27T03:15:00,PT15M,2026-02-27T03:30Z,2026-02-27T03:15Z,1,0,0,B95,EUR,A03,A01,23,MAW,MAW,A01,A01
procured_balancing_capacity,23,2026-02-27T03:30:00,PT15M,2026-02-27T03:45Z,2026-02-27T03:30Z,1,0,0,B95,EUR,A03,A01,23,MAW,MAW,A01,A01
procured_balancing_capacity,23,2026-02-27T03:45:00,PT15M,2026-02-27T04:00Z,2026-02-27T03:45Z,1,0,0,B95,EUR,A03,A01,23,MAW,MAW,A01,A01
procured_balancing_capacity,23,2026-02-27T04:00:00,PT15M,2026-02-27T04:15Z,2026-02-27T04:00Z,1,0,0,B95,EUR,A03,A01,23,MAW,MAW,A01,A01
procured_balancing_capacity,23,2026-02-27T04:15:00,PT15M,2026-02-27T04:30Z,2026-02-27T04:15Z,1,0,0,B95,EUR,A03,A01,23,MAW,MAW,A01,A01
procured_balancing_capacity,23,2026-02-27T04:30:00,PT15M,2026-02-27T04:45Z,2026-02-27T04:30Z,1,0,0,B95,EUR,A03,A01,23,MAW,MAW,A01,A01
procured_balancing_capacity,23,2026-02-27T04:45:00,PT15M,2026-02-27T05:00Z,2026-02-27T04:45Z,1,0,0,B95,EUR,A03,A01,23,MAW,MAW,A01,A01
procured_balancing_capacity,23,2026-02-27T05:00:00,PT15M,2026-02-27T05:15Z,2026-02-27T05:00Z,1,0,0,B95,EUR,A03,A01,23,MAW,MAW,A01,A01
procured_balancing_capacity,23,2026-02-27T05:15:00,PT15M,2026-02-27T05:30Z,2026-02-27T05:15Z,1,0,0,B95,EUR,A03,A01,23,MAW,MAW,A01,A01
procured_balancing_capacity,23,2026-02-27T05:30:00,PT15M,2026-02-27T05:45Z,2026-02-27T05:30Z,1,0,0,B95,EUR,A03,A01,23,MAW,MAW,A01,A01
procured_balancing_capacity,23,2026-02-27T05:45:00,PT15M,2026-02-27T06:00Z,2026-02-27T05:45Z,1,0,0,B95,EUR,A03,A01,23,MAW,MAW,A01,A01
procured_balancing_capacity,23,2026-02-27T06:00:00,PT15M,2026-02-27T06:15Z,2026-02-27T06:00Z,1,0,0,B95,EUR,A03,A01,23,MAW,MAW,A01,A01
procured_balancing_capacity,23,2026-02-27T06:15:00,PT15M,2026-02-27T06:30Z,2026-02-27T06:15Z,1,0,0,B95,EUR,A03,A01,23,MAW,MAW,A01,A01
procured_balancing_capacity,23,2026-02-27T06:30:00,PT15M,2026-02-27T06:45Z,2026-02-27T06:30Z,1,0,0,B95,EUR,A03,A01,23,MAW,MAW,A01,A01
procured_balancing_capacity,23,2026-02-27T06:45:00,PT15M,2026-02-27T07:00Z,2026-02-27T06:45Z,1,0,0,B95,EUR,A03,A01,23,MAW,MAW,A01,A01
procured_balancing_capacity,23,2026-02-27T07:00:00,PT15M,2026-02-27T07:15Z,2026-02-27T07:00Z,1,33.9,1,B95,EUR,A03,A01,23,MAW,MAW,A01,A01
procured_balancing_capacity,23,2026-02-27T07:15:00,PT15M,2026-02-27T07:30Z,2026-02-27T07:15Z,1,33.9,1,B95,EUR,A03,A01,23,MAW,MAW,A01,A01
procured_balancing_capacity,23,2026-02-27T07:30:00,PT15M,2026-02-27T07:45Z,2026-02-27T07:30Z,1,33.9,1,B95,EUR,A03,A01,23,MAW,MAW,A01,A01
procured_balancing_capacity,23,2026-02-27T07:45:00,PT15M,2026-02-27T08:00Z,2026-02-27T07:45Z,1,33.9,1,B95,EUR,A03,A01,23,MAW,MAW,A01,A01
procured_balancing_capacity,23,2026-02-27T08:00:00,PT15M,2026-02-27T08:15Z,2026-02-27T08:00Z,1,33.9,2,B95,EUR,A03,A01,23,MAW,MAW,A01,A01
procured_balancing_capacity,23,2026-02-27T08:15:00,PT15M,2026-02-27T08:30Z,2026-02-27T08:15Z,1,33.9,2,B95,EUR,A03,A01,23,MAW,MAW,A01,A01
procured_balancing_capacity,23,2026-02-27T08:30:00,PT15M,2026-02-27T08:45Z,2026-02-27T08:30Z,1,33.9,2,B95,EUR,A03,A01,23,MAW,MAW,A01,A01
procured_balancing_capacity,23,2026-02-27T08:45:00,PT15M,2026-02-27T09:00Z,2026-02-27T08:45Z,1,33.9,2,B95,EUR,A03,A01,23,MAW,MAW,A01,A01
procured_balancing_capacity,23,2026-02-27T09:00:00,PT15M,2026-02-27T09:15Z,2026-02-27T09:00Z,1,33.9,2,B95,EUR,A03,A01,23,MAW,MAW,A01,A01
procured_balancing_capacity,23,2026-02-27T09:15:00,PT15M,2026-02-27T09:30Z,2026-02-27T09:15Z,1,33.9,2,B95,EUR,A03,A01,23,MAW,MAW,A01,A01
procured_balancing_capacity,23,2026-02-27T09:30:00,PT15M,2026-02-27T09:45Z,2026-02-27T09:30Z,1,33.9,2,B95,EUR,A03,A01,23,MAW,MAW,A01,A01
procured_balancing_capacity,23,2026-02-27T09:45:00,PT15M,2026-02-27T10:00Z,2026-02-27T09:45Z,1,33.9,2,B95,EUR,A03,A01,23,MAW,MAW,A01,A01
procured_balancing_capacity,23,2026-02-27T10:00:00,PT15M,2026-02-27T10:15Z,2026-02-27T10:00Z,1,33.9,2,B95,EUR,A03,A01,23,MAW,MAW,A01,A01
procured_balancing_capacity,23,2026-02-27T10:15:00,PT15M,2026-02-27T10:30Z,2026-02-27T10:15Z,1,33.9,2,B95,EUR,A03,A01,23,MAW,MAW,A01,A01
procured_balancing_capacity,23,2026-02-27T10:30:00,PT15M,2026-02-27T10:45Z,2026-02-27T10:30Z,1,33.9,2,B95,EUR,A03,A01,23,MAW,MAW,A01,A01
procured_balancing_capacity,23,2026-02-27T10:45:00,PT15M,2026-02-27T11:00Z,2026-02-27T10:45Z,1,33.9,2,B95,EUR,A03,A01,23,MAW,MAW,A01,A01
procured_balancing_capacity,23,2026-02-27T11:00:00,PT15M,2026-02-27T11:15Z,2026-02-27T11:00Z,1,33.9,2,B95,EUR,A03,A01,23,MAW,MAW,A01,A01
procured_balancing_capacity,23,2026-02-27T11:15:00,PT15M,2026-02-27T11:30Z,2026-02-27T11:15Z,1,33.9,2,B95,EUR,A03,A01,23,MAW,MAW,A01,A01
procured_balancing_capacity,23,2026-02-27T11:30:00,PT15M,2026-02-27T11:45Z,2026-02-27T11:30Z,1,33.9,2,B95,EUR,A03,A01,23,MAW,MAW,A01,A01
procured_balancing_capacity,23,2026-02-27T11:45:00,PT15M,2026-02-27T12:00Z,2026-02-27T11:45Z,1,33.9,2,B95,EUR,A03,A01,23,MAW,MAW,A01,A01
procured_balancing_capacity,23,2026-02-27T12:00:00,PT15M,2026-02-27T12:15Z,2026-02-27T12:00Z,1,33.9,2,B95,EUR,A03,A01,23,MAW,MAW,A01,A01
procured_balancing_capacity,23,2026-02-27T12:15:00,PT15M,2026-02-27T12:30Z,2026-02-27T12:15Z,1,33.9,2,B95,EUR,A03,A01,23,MAW,MAW,A01,A01
procured_balancing_capacity,23,2026-02-27T12:30:00,PT15M,2026-02-27T12:45Z,2026-02-27T12:30Z,1,33.9,2,B95,EUR,A03,A01,23,MAW,MAW,A01,A01
procured_balancing_capacity,23,2026-02-27T12:45:00,PT15M,2026-02-27T13:00Z,2026-02-27T12:45Z,1,33.9,2,B95,EUR,A03,A01,23,MAW,MAW,A01,A01
procured_balancing_capacity,23,2026-02-27T13:00:00,PT15M,2026-02-27T13:15Z,2026-02-27T13:00Z,1,33.9,2,B95,EUR,A03,A01,23,MAW,MAW,A01,A01
procured_balancing_capacity,23,2026-02-27T13:15:00,PT15M,2026-02-27T13:30Z,2026-02-27T13:15Z,1,33.9,2,B95,EUR,A03,A01,23,MAW,MAW,A01,A01
procured_balancing_capacity,23,2026-02-27T13:30:00,PT15M,2026-02-27T13:45Z,2026-02-27T13:30Z,1,33.9,2,B95,EUR,A03,A01,23,MAW,MAW,A01,A01
procured_balancing_capacity,23,2026-02-27T13:45:00,PT15M,2026-02-27T14:00Z,2026-02-27T13:45Z,1,33.9,2,B95,EUR,A03,A01,23,MAW,MAW,A01,A01
procured_balancing_capacity,23,2026-02-27T14:00:00,PT15M,2026-02-27T14:15Z,2026-02-27T14:00Z,1,33.9,2,B95,EUR,A03,A01,23,MAW,MAW,A01,A01
procured_balancing_capacity,23,2026-02-27T14:15:00,PT15M,2026-02-27T14:30Z,2026-02-27T14:15Z,1,33.9,2,B95,EUR,A03,A01,23,MAW,MAW,A01,A01
procured_balancing_capacity,23,2026-02-27T14:30:00,PT15M,2026-02-27T14:45Z,2026-02-27T14:30Z,1,33.9,2,B95,EUR,A03,A01,23,MAW,MAW,A01,A01
procured_balancing_capacity,23,2026-02-27T14:45:00,PT15M,2026-02-27T15:00Z,2026-02-27T14:45Z,1,33.9,2,B95,EUR,A03,A01,23,MAW,MAW,A01,A01
procured_balancing_capacity,23,2026-02-27T15:00:00,PT15M,2026-02-27T15:15Z,2026-02-27T15:00Z,1,28.4,2,B95,EUR,A03,A01,23,MAW,MAW,A01,A01
procured_balancing_capacity,23,2026-02-27T15:15:00,PT15M,2026-02-27T15:30Z,2026-02-27T15:15Z,1,28.4,2,B95,EUR,A03,A01,23,MAW,MAW,A01,A01
procured_balancing_capacity,23,2026-02-27T15:30:00,PT15M,2026-02-27T15:45Z,2026-02-27T15:30Z,1,28.4,2,B95,EUR,A03,A01,23,MAW,MAW,A01,A01
procured_balancing_capacity,23,2026-02-27T15:45:00,PT15M,2026-02-27T16:00Z,2026-02-27T15:45Z,1,28.4,2,B95,EUR,A03,A01,23,MAW,MAW,A01,A01
procured_balancing_capacity,23,2026-02-27T16:00:00,PT15M,2026-02-27T16:15Z,2026-02-27T16:00Z,1,28.4,1,B95,EUR,A03,A01,23,MAW,MAW,A01,A01
procured_balancing_capacity,23,2026-02-27T16:15:00,PT15M,2026-02-27T16:30Z,2026-02-27T16:15Z,1,28.4,1,B95,EUR,A03,A01,23,MAW,MAW,A01,A01
procured_balancing_capacity,23,2026-02-27T16:30:00,PT15M,2026-02-27T16:45Z,2026-02-27T16:30Z,1,28.4,1,B95,EUR,A03,A01,23,MAW,MAW,A01,A01
procured_balancing_capacity,23,2026-02-27T16:45:00,PT15M,2026-02-27T17:00Z,2026-02-27T16:45Z,1,33.9,1,B95,EUR,A03,A01,23,MAW,MAW,A01,A01
procured_balancing_capacity,23,2026-02-27T17:00:00,PT15M,2026-02-27T17:15Z,2026-02-27T17:00Z,1,33.9,1,B95,EUR,A03,A01,23,MAW,MAW,A01,A01
procured_balancing_capacity,23,2026-02-27T17:15:00,PT15M,2026-02-27T17:30Z,2026-02-27T17:15Z,1,33.9,1,B95,EUR,A03,A01,23,MAW,MAW,A01,A01
procured_balancing_capacity,23,2026-02-27T17:30:00,PT15M,2026-02-27T17:45Z,2026-02-27T17:30Z,1,33.9,1,B95,EUR,A03,A01,23,MAW,MAW,A01,A01
procured_balancing_capacity,23,2026-02-27T17:45:00,PT15M,2026-02-27T18:00Z,2026-02-27T17:45Z,1,33.9,1,B95,EUR,A03,A01,23,MAW,MAW,A01,A01
procured_balancing_capacity,23,2026-02-27T18:00:00,PT15M,2026-02-27T18:15Z,2026-02-27T18:00Z,1,33.9,1,B95,EUR,A03,A01,23,MAW,MAW,A01,A01
procured_balancing_capacity,23,2026-02-27T18:15:00,PT15M,2026-02-27T18:30Z,2026-02-27T18:15Z,1,33.9,1,B95,EUR,A03,A01,23,MAW,MAW,A01,A01
procured_balancing_capacity,23,2026-02-27T18:30:00,PT15M,2026-02-27T18:45Z,2026-02-27T18:30Z,1,33.9,1,B95,EUR,A03,A01,23,MAW,MAW,A01,A01
procured_balancing_capacity,23,2026-02-27T18:45:00,PT15M,2026-02-27T19:00Z,2026-02-27T18:45Z,1,33.9,1,B95,EUR,A03,A01,23,MAW,MAW,A01,A01
procured_balancing_capacity,23,2026-02-27T19:00:00,PT15M,2026-02-27T19:15Z,2026-02-27T19:00Z,1,28.4,1,B95,EUR,A03,A01,23,MAW,MAW,A01,A01
procured_balancing_capacity,23,2026-02-27T19:15:00,PT15M,2026-02-27T19:30Z,2026-02-27T19:15Z,1,28.4,1,B95,EUR,A03,A01,23,MAW,MAW,A01,A01
procured_balancing_capacity,23,2026-02-27T19:30:00,PT15M,2026-02-27T19:45Z,2026-02-27T19:30Z,1,28.4,1,B95,EUR,A03,A01,23,MAW,MAW,A01,A01
procured_balancing_capacity,23,2026-02-27T19:45:00,PT15M,2026-02-27T20:00Z,2026-02-27T19:45Z,1,28.4,1,B95,EUR,A03,A01,23,MAW,MAW,A01,A01
procured_balancing_capacity,23,2026-02-27T20:00:00,PT15M,2026-02-27T20:15Z,2026-02-27T20:00Z,1,28.4,2,B95,EUR,A03,A01,23,MAW,MAW,A01,A01
procured_balancing_capacity,23,2026-02-27T20:15:00,PT15M,2026-02-27T20:30Z,2026-02-27T20:15Z,1,28.4,2,B95,EUR,A03,A01,23,MAW,MAW,A01,A01
procured_balancing_capacity,23,2026-02-27T20:30:00,PT15M,2026-02-27T20:45Z,2026-02-27T20:30Z,1,28.4,2,B95,EUR,A03,A01,23,MAW,MAW,A01,A01
procured_balancing_capacity,23,2026-02-27T20:45:00,PT15M,2026-02-27T21:00Z,2026-02-27T20:45Z,1,28.4,2,B95,EUR,A03,A01,23,MAW,MAW,A01,A01
procured_balancing_capacity,23,2026-02-27T21:00:00,PT15M,2026-02-27T21:15Z,2026-02-27T21:00Z,1,28.4,3,B95,EUR,A03,A01,23,MAW,MAW,A01,A01
procured_balancing_capacity,23,2026-02-27T21:15:00,PT15M,2026-02-27T21:30Z,2026-02-27T21:15Z,1,28.4,3,B95,EUR,A03,A01,23,MAW,MAW,A01,A01
procured_balancing_capacity,23,2026-02-27T21:30:00,PT15M,2026-02-27T21:45Z,2026-02-27T21:30Z,1,28.4,3,B95,EUR,A03,A01,23,MAW,MAW,A01,A01
procured_balancing_capacity,23,2026-02-27T21:45:00,PT15M,2026-02-27T22:00Z,2026-02-27T21:45Z,1,28.4,3,B95,EUR,A03,A01,23,MAW,MAW,A01,A01
procured_balancing_capacity,23,2026-02-27T22:00:00,PT15M,2026-02-27T22:15Z,2026-02-27T22:00Z,1,28.4,4,B95,EUR,A03,A01,23,MAW,MAW,A01,A01
procured_balancing_capacity,23,2026-02-27T22:15:00,PT15M,2026-02-27T22:30Z,2026-02-27T22:15Z,1,28.4,4,B95,EUR,A03,A01,23,MAW,MAW,A01,A01
procured_balancing_capacity,23,2026-02-27T22:30:00,PT15M,2026-02-27T22:45Z,2026-02-27T22:30Z,1,28.4,4,B95,EUR,A03,A01,23,MAW,MAW,A01,A01
procured_balancing_capacity,23,2026-02-27T22:45:00,PT15M,2026-02-27T23:00Z,2026-02-27T22:45Z,1,28.4,4,B95,EUR,A03,A01,23,MAW,MAW,A01,A01
procured_balancing_capacity,24,2026-02-26T23:00:00,PT15M,2026-02-26T23:15Z,2026-02-26T23:00Z,1,9.8,2,B95,EUR,A03,A02,24,MAW,MAW,A01,A01
procured_balancing_capacity,24,2026-02-26T23:15:00,PT15M,2026-02-26T23:30Z,2026-02-26T23:15Z,1,9.8,2,B95,EUR,A03,A02,24,MAW,MAW,A01,A01
procured_balancing_capacity,24,2026-02-26T23:30:00,PT15M,2026-02-26T23:45Z,2026-02-26T23:30Z,1,9.8,2,B95,EUR,A03,A02,24,MAW,MAW,A01,A01
procured_balancing_capacity,24,2026-02-26T23:45:00,PT15M,2026-02-27T00:00Z,2026-02-26T23:45Z,1,9.8,2,B95,EUR,A03,A02,24,MAW,MAW,A01,A01
procured_balancing_capacity,24,2026-02-27T00:00:00,PT15M,2026-02-27T00:15Z,2026-02-27T00:00Z,1,9.8,2,B95,EUR,A03,A02,24,MAW,MAW,A01,A01
procured_balancing_capacity,24,2026-02-27T00:15:00,PT15M,2026-02-27T00:30Z,2026-02-27T00:15Z,1,9.8,2,B95,EUR,A03,A02,24,MAW,MAW,A01,A01
procured_balancing_capacity,24,2026-02-27T00:30:00,PT15M,2026-02-27T00:45Z,2026-02-27T00:30Z,1,9.8,2,B95,EUR,A03,A02,24,MAW,MAW,A01,A01
procured_balancing_capacity,24,2026-02-27T00:45:00,PT15M,2026-02-27T01:00Z,2026-02-27T00:45Z,1,9.8,2,B95,EUR,A03,A02,24,MAW,MAW,A01,A01
procured_balancing_capacity,24,2026-02-27T01:00:00,PT15M,2026-02-27T01:15Z,2026-02-27T01:00Z,1,9.8,2,B95,EUR,A03,A02,24,MAW,MAW,A01,A01
procured_balancing_capacity,24,2026-02-27T01:15:00,PT15M,2026-02-27T01:30Z,2026-02-27T01:15Z,1,9.8,2,B95,EUR,A03,A02,24,MAW,MAW,A01,A01
procured_balancing_capacity,24,2026-02-27T01:30:00,PT15M,2026-02-27T01:45Z,2026-02-27T01:30Z,1,9.8,2,B95,EUR,A03,A02,24,MAW,MAW,A01,A01
procured_balancing_capacity,24,2026-02-27T01:45:00,PT15M,2026-02-27T02:00Z,2026-02-27T01:45Z,1,9.8,2,B95,EUR,A03,A02,24,MAW,MAW,A01,A01
procured_balancing_capacity,24,2026-02-27T02:00:00,PT15M,2026-02-27T02:15Z,2026-02-27T02:00Z,1,9.8,3,B95,EUR,A03,A02,24,MAW,MAW,A01,A01
procured_balancing_capacity,24,2026-02-27T02:15:00,PT15M,2026-02-27T02:30Z,2026-02-27T02:15Z,1,9.8,3,B95,EUR,A03,A02,24,MAW,MAW,A01,A01
procured_balancing_capacity,24,2026-02-27T02:30:00,PT15M,2026-02-27T02:45Z,2026-02-27T02:30Z,1,9.8,3,B95,EUR,A03,A02,24,MAW,MAW,A01,A01
procured_balancing_capacity,24,2026-02-27T02:45:00,PT15M,2026-02-27T03:00Z,2026-02-27T02:45Z,1,9.8,3,B95,EUR,A03,A02,24,MAW,MAW,A01,A01
procured_balancing_capacity,24,2026-02-27T03:00:00,PT15M,2026-02-27T03:15Z,2026-02-27T03:00Z,1,9.8,5,B95,EUR,A03,A02,24,MAW,MAW,A01,A01
procured_balancing_capacity,24,2026-02-27T03:15:00,PT15M,2026-02-27T03:30Z,2026-02-27T03:15Z,1,9.8,5,B95,EUR,A03,A02,24,MAW,MAW,A01,A01
procured_balancing_capacity,24,2026-02-27T03:30:00,PT15M,2026-02-27T03:45Z,2026-02-27T03:30Z,1,9.8,5,B95,EUR,A03,A02,24,MAW,MAW,A01,A01
procured_balancing_capacity,24,2026-02-27T03:45:00,PT15M,2026-02-27T04:00Z,2026-02-27T03:45Z,1,9.8,5,B95,EUR,A03,A02,24,MAW,MAW,A01,A01
procured_balancing_capacity,24,2026-02-27T04:00:00,PT15M,2026-02-27T04:15Z,2026-02-27T04:00Z,1,9.8,5,B95,EUR,A03,A02,24,MAW,MAW,A01,A01
procured_balancing_capacity,24,2026-02-27T04:15:00,PT15M,2026-02-27T04:30Z,2026-02-27T04:15Z,1,9.8,5,B95,EUR,A03,A02,24,MAW,MAW,A01,A01
procured_balancing_capacity,24,2026-02-27T04:30:00,PT15M,2026-02-27T04:45Z,2026-02-27T04:30Z,1,9.8,5,B95,EUR,A03,A02,24,MAW,MAW,A01,A01
procured_balancing_capacity,24,2026-02-27T04:45:00,PT15M,2026-02-27T05:00Z,2026-02-27T04:45Z,1,9.8,5,B95,EUR,A03,A02,24,MAW,MAW,A01,A01
procured_balancing_capacity,24,2026-02-27T05:00:00,PT15M,2026-02-27T05:15Z,2026-02-27T05:00Z,1,10.3,5,B95,EUR,A03,A02,24,MAW,MAW,A01,A01
procured_balancing_capacity,24,2026-02-27T05:15:00,PT15M,2026-02-27T05:30Z,2026-02-27T05:15Z,1,10.3,5,B95,EUR,A03,A02,24,MAW,MAW,A01,A01
procured_balancing_capacity,24,2026-02-27T05:30:00,PT15M,2026-02-27T05:45Z,2026-02-27T05:30Z,1,10.3,5,B95,EUR,A03,A02,24,MAW,MAW,A01,A01
procured_balancing_capacity,24,2026-02-27T05:45:00,PT15M,2026-02-27T06:00Z,2026-02-27T05:45Z,1,10.3,5,B95,EUR,A03,A02,24,MAW,MAW,A01,A01
procured_balancing_capacity,24,2026-02-27T06:00:00,PT15M,2026-02-27T06:15Z,2026-02-27T06:00Z,1,10.3,5,B95,EUR,A03,A02,24,MAW,MAW,A01,A01
procured_balancing_capacity,24,2026-02-27T06:15:00,PT15M,2026-02-27T06:30Z,2026-02-27T06:15Z,1,10.3,5,B95,EUR,A03,A02,24,MAW,MAW,A01,A01
procured_balancing_capacity,24,2026-02-27T06:30:00,PT15M,2026-02-27T06:45Z,2026-02-27T06:30Z,1,10.3,5,B95,EUR,A03,A02,24,MAW,MAW,A01,A01
procured_balancing_capacity,24,2026-02-27T06:45:00,PT15M,2026-02-27T07:00Z,2026-02-27T06:45Z,1,10.3,5,B95,EUR,A03,A02,24,MAW,MAW,A01,A01
procured_balancing_capacity,24,2026-02-27T07:00:00,PT15M,2026-02-27T07:15Z,2026-02-27T07:00Z,1,10.3,4,B95,EUR,A03,A02,24,MAW,MAW,A01,A01
procured_balancing_capacity,24,2026-02-27T07:15:00,PT15M,2026-02-27T07:30Z,2026-02-27T07:15Z,1,10.3,4,B95,EUR,A03,A02,24,MAW,MAW,A01,A01
procured_balancing_capacity,24,2026-02-27T07:30:00,PT15M,2026-02-27T07:45Z,2026-02-27T07:30Z,1,10.3,4,B95,EUR,A03,A02,24,MAW,MAW,A01,A01
procured_balancing_capacity,24,2026-02-27T07:45:00,PT15M,2026-02-27T08:00Z,2026-02-27T07:45Z,1,10.3,4,B95,EUR,A03,A02,24,MAW,MAW,A01,A01
procured_balancing_capacity,24,2026-02-27T08:00:00,PT15M,2026-02-27T08:15Z,2026-02-27T08:00Z,1,10.3,3,B95,EUR,A03,A02,24,MAW,MAW,A01,A01
procured_balancing_capacity,24,2026-02-27T08:15:00,PT15M,2026-02-27T08:30Z,2026-02-27T08:15Z,1,10.3,3,B95,EUR,A03,A02,24,MAW,MAW,A01,A01
procured_balancing_capacity,24,2026-02-27T08:30:00,PT15M,2026-02-27T08:45Z,2026-02-27T08:30Z,1,10.3,3,B95,EUR,A03,A02,24,MAW,MAW,A01,A01
procured_balancing_capacity,24,2026-02-27T08:45:00,PT15M,2026-02-27T09:00Z,2026-02-27T08:45Z,1,10.3,3,B95,EUR,A03,A02,24,MAW,MAW,A01,A01
procured_balancing_capacity,24,2026-02-27T09:00:00,PT15M,2026-02-27T09:15Z,2026-02-27T09:00Z,1,10.3,3,B95,EUR,A03,A02,24,MAW,MAW,A01,A01
procured_balancing_capacity,24,2026-02-27T09:15:00,PT15M,2026-02-27T09:30Z,2026-02-27T09:15Z,1,10.3,3,B95,EUR,A03,A02,24,MAW,MAW,A01,A01
procured_balancing_capacity,24,2026-02-27T09:30:00,PT15M,2026-02-27T09:45Z,2026-02-27T09:30Z,1,10.3,3,B95,EUR,A03,A02,24,MAW,MAW,A01,A01
procured_balancing_capacity,24,2026-02-27T09:45:00,PT15M,2026-02-27T10:00Z,2026-02-27T09:45Z,1,10.3,3,B95,EUR,A03,A02,24,MAW,MAW,A01,A01
procured_balancing_capacity,24,2026-02-27T10:00:00,PT15M,2026-02-27T10:15Z,2026-02-27T10:00Z,1,10.3,3,B95,EUR,A03,A02,24,MAW,MAW,A01,A01
procured_balancing_capacity,24,2026-02-27T10:15:00,PT15M,2026-02-27T10:30Z,2026-02-27T10:15Z,1,10.3,3,B95,EUR,A03,A02,24,MAW,MAW,A01,A01
procured_balancing_capacity,24,2026-02-27T10:30:00,PT15M,2026-02-27T10:45Z,2026-02-27T10:30Z,1,10.3,3,B95,EUR,A03,A02,24,MAW,MAW,A01,A01
procured_balancing_capacity,24,2026-02-27T10:45:00,PT15M,2026-02-27T11:00Z,2026-02-27T10:45Z,1,10.3,3,B95,EUR,A03,A02,24,MAW,MAW,A01,A01
procured_balancing_capacity,24,2026-02-27T11:00:00,PT15M,2026-02-27T11:15Z,2026-02-27T11:00Z,1,10.3,3,B95,EUR,A03,A02,24,MAW,MAW,A01,A01
procured_balancing_capacity,24,2026-02-27T11:15:00,PT15M,2026-02-27T11:30Z,2026-02-27T11:15Z,1,10.3,3,B95,EUR,A03,A02,24,MAW,MAW,A01,A01
procured_balancing_capacity,24,2026-02-27T11:30:00,PT15M,2026-02-27T11:45Z,2026-02-27T11:30Z,1,10.3,3,B95,EUR,A03,A02,24,MAW,MAW,A01,A01
procured_balancing_capacity,24,2026-02-27T11:45:00,PT15M,2026-02-27T12:00Z,2026-02-27T11:45Z,1,10.3,3,B95,EUR,A03,A02,24,MAW,MAW,A01,A01
procured_balancing_capacity,24,2026-02-27T12:00:00,PT15M,2026-02-27T12:15Z,2026-02-27T12:00Z,1,10.3,3,B95,EUR,A03,A02,24,MAW,MAW,A01,A01
procured_balancing_capacity,24,2026-02-27T12:15:00,PT15M,2026-02-27T12:30Z,2026-02-27T12:15Z,1,10.3,3,B95,EUR,A03,A02,24,MAW,MAW,A01,A01
procured_balancing_capacity,24,2026-02-27T12:30:00,PT15M,2026-02-27T12:45Z,2026-02-27T12:30Z,1,10.3,3,B95,EUR,A03,A02,24,MAW,MAW,A01,A01
procured_balancing_capacity,24,2026-02-27T12:45:00,PT15M,2026-02-27T13:00Z,2026-02-27T12:45Z,1,10.3,3,B95,EUR,A03,A02,24,MAW,MAW,A01,A01
procured_balancing_capacity,24,2026-02-27T13:00:00,PT15M,2026-02-27T13:15Z,2026-02-27T13:00Z,1,10.3,3,B95,EUR,A03,A02,24,MAW,MAW,A01,A01
procured_balancing_capacity,24,2026-02-27T13:15:00,PT15M,2026-02-27T13:30Z,2026-02-27T13:15Z,1,10.3,3,B95,EUR,A03,A02,24,MAW,MAW,A01,A01
procured_balancing_capacity,24,2026-02-27T13:30:00,PT15M,2026-02-27T13:45Z,2026-02-27T13:30Z,1,10.3,3,B95,EUR,A03,A02,24,MAW,MAW,A01,A01
procured_balancing_capacity,24,2026-02-27T13:45:00,PT15M,2026-02-27T14:00Z,2026-02-27T13:45Z,1,10.3,3,B95,EUR,A03,A02,24,MAW,MAW,A01,A01
procured_balancing_capacity,24,2026-02-27T14:00:00,PT15M,2026-02-27T14:15Z,2026-02-27T14:00Z,1,10.3,3,B95,EUR,A03,A02,24,MAW,MAW,A01,A01
procured_balancing_capacity,24,2026-02-27T14:15:00,PT15M,2026-02-27T14:30Z,2026-02-27T14:15Z,1,10.3,3,B95,EUR,A03,A02,24,MAW,MAW,A01,A01
procured_balancing_capacity,24,2026-02-27T14:30:00,PT15M,2026-02-27T14:45Z,2026-02-27T14:30Z,1,10.3,3,B95,EUR,A03,A02,24,MAW,MAW,A01,A01
procured_balancing_capacity,24,2026-02-27T14:45:00,PT15M,2026-02-27T15:00Z,2026-02-27T14:45Z,1,10.3,3,B95,EUR,A03,A02,24,MAW,MAW,A01,A01
procured_balancing_capacity,24,2026-02-27T15:00:00,PT15M,2026-02-27T15:15Z,2026-02-27T15:00Z,1,9.5,3,B95,EUR,A03,A02,24,MAW,MAW,A01,A01
procured_balancing_capacity,24,2026-02-27T15:15:00,PT15M,2026-02-27T15:30Z,2026-02-27T15:15Z,1,9.5,3,B95,EUR,A03,A02,24,MAW,MAW,A01,A01
procured_balancing_capacity,24,2026-02-27T15:30:00,PT15M,2026-02-27T15:45Z,2026-02-27T15:30Z,1,9.5,3,B95,EUR,A03,A02,24,MAW,MAW,A01,A01
procured_balancing_capacity,24,2026-02-27T15:45:00,PT15M,2026-02-27T16:00Z,2026-02-27T15:45Z,1,9.5,3,B95,EUR,A03,A02,24,MAW,MAW,A01,A01
procured_balancing_capacity,24,2026-02-27T16:00:00,PT15M,2026-02-27T16:15Z,2026-02-27T16:00Z,1,9.5,4,B95,EUR,A03,A02,24,MAW,MAW,A01,A01
procured_balancing_capacity,24,2026-02-27T16:15:00,PT15M,2026-02-27T16:30Z,2026-02-27T16:15Z,1,9.5,4,B95,EUR,A03,A02,24,MAW,MAW,A01,A01
procured_balancing_capacity,24,2026-02-27T16:30:00,PT15M,2026-02-27T16:45Z,2026-02-27T16:30Z,1,9.5,4,B95,EUR,A03,A02,24,MAW,MAW,A01,A01
procured_balancing_capacity,24,2026-02-27T16:45:00,PT15M,2026-02-27T17:00Z,2026-02-27T16:45Z,1,9.5,4,B95,EUR,A03,A02,24,MAW,MAW,A01,A01
procured_balancing_capacity,24,2026-02-27T17:00:00,PT15M,2026-02-27T17:15Z,2026-02-27T17:00Z,1,9.5,4,B95,EUR,A03,A02,24,MAW,MAW,A01,A01
procured_balancing_capacity,24,2026-02-27T17:15:00,PT15M,2026-02-27T17:30Z,2026-02-27T17:15Z,1,9.5,4,B95,EUR,A03,A02,24,MAW,MAW,A01,A01
procured_balancing_capacity,24,2026-02-27T17:30:00,PT15M,2026-02-27T17:45Z,2026-02-27T17:30Z,1,9.5,4,B95,EUR,A03,A02,24,MAW,MAW,A01,A01
procured_balancing_capacity,24,2026-02-27T17:45:00,PT15M,2026-02-27T18:00Z,2026-02-27T17:45Z,1,9.5,4,B95,EUR,A03,A02,24,MAW,MAW,A01,A01
procured_balancing_capacity,24,2026-02-27T18:00:00,PT15M,2026-02-27T18:15Z,2026-02-27T18:00Z,1,9.5,4,B95,EUR,A03,A02,24,MAW,MAW,A01,A01
procured_balancing_capacity,24,2026-02-27T18:15:00,PT15M,2026-02-27T18:30Z,2026-02-27T18:15Z,1,9.5,4,B95,EUR,A03,A02,24,MAW,MAW,A01,A01
procured_balancing_capacity,24,2026-02-27T18:30:00,PT15M,2026-02-27T18:45Z,2026-02-27T18:30Z,1,9.5,4,B95,EUR,A03,A02,24,MAW,MAW,A01,A01
procured_balancing_capacity,24,2026-02-27T18:45:00,PT15M,2026-02-27T19:00Z,2026-02-27T18:45Z,1,9.5,4,B95,EUR,A03,A02,24,MAW,MAW,A01,A01
procured_balancing_capacity,24,2026-02-27T19:00:00,PT15M,2026-02-27T19:15Z,2026-02-27T19:00Z,1,9.5,4,B95,EUR,A03,A02,24,MAW,MAW,A01,A01
procured_balancing_capacity,24,2026-02-27T19:15:00,PT15M,2026-02-27T19:30Z,2026-02-27T19:15Z,1,9.5,4,B95,EUR,A03,A02,24,MAW,MAW,A01,A01
procured_balancing_capacity,24,2026-02-27T19:30:00,PT15M,2026-02-27T19:45Z,2026-02-27T19:30Z,1,9.5,4,B95,EUR,A03,A02,24,MAW,MAW,A01,A01
procured_balancing_capacity,24,2026-02-27T19:45:00,PT15M,2026-02-27T20:00Z,2026-02-27T19:45Z,1,9.5,4,B95,EUR,A03,A02,24,MAW,MAW,A01,A01
procured_balancing_capacity,24,2026-02-27T20:00:00,PT15M,2026-02-27T20:15Z,2026-02-27T20:00Z,1,9.5,3,B95,EUR,A03,A02,24,MAW,MAW,A01,A01
procured_balancing_capacity,24,2026-02-27T20:15:00,PT15M,2026-02-27T20:30Z,2026-02-27T20:15Z,1,9.5,3,B95,EUR,A03,A02,24,MAW,MAW,A01,A01
procured_balancing_capacity,24,2026-02-27T20:30:00,PT15M,2026-02-27T20:45Z,2026-02-27T20:30Z,1,9.5,3,B95,EUR,A03,A02,24,MAW,MAW,A01,A01
procured_balancing_capacity,24,2026-02-27T20:45:00,PT15M,2026-02-27T21:00Z,2026-02-27T20:45Z,1,9.5,3,B95,EUR,A03,A02,24,MAW,MAW,A01,A01
procured_balancing_capacity,24,2026-02-27T21:00:00,PT15M,2026-02-27T21:15Z,2026-02-27T21:00Z,1,9.5,2,B95,EUR,A03,A02,24,MAW,MAW,A01,A01
procured_balancing_capacity,24,2026-02-27T21:15:00,PT15M,2026-02-27T21:30Z,2026-02-27T21:15Z,1,9.8,2,B95,EUR,A03,A02,24,MAW,MAW,A01,A01
procured_balancing_capacity,24,2026-02-27T21:30:00,PT15M,2026-02-27T21:45Z,2026-02-27T21:30Z,1,9.8,2,B95,EUR,A03,A02,24,MAW,MAW,A01,A01
procured_balancing_capacity,24,2026-02-27T21:45:00,PT15M,2026-02-27T22:00Z,2026-02-27T21:45Z,1,9.8,2,B95,EUR,A03,A02,24,MAW,MAW,A01,A01
procured_balancing_capacity,24,2026-02-27T22:00:00,PT15M,2026-02-27T22:15Z,2026-02-27T22:00Z,1,9.8,1,B95,EUR,A03,A02,24,MAW,MAW,A01,A01
procured_balancing_capacity,24,2026-02-27T22:15:00,PT15M,2026-02-27T22:30Z,2026-02-27T22:15Z,1,9.8,1,B95,EUR,A03,A02,24,MAW,MAW,A01,A01
procured_balancing_capacity,24,2026-02-27T22:30:00,PT15M,2026-02-27T22:45Z,2026-02-27T22:30Z,1,9.8,1,B95,EUR,A03,A02,24,MAW,MAW,A01,A01
procured_balancing_capacity,24,2026-02-27T22:45:00,PT15M,2026-02-27T23:00Z,2026-02-27T22:45Z,1,9.8,1,B95,EUR,A03,A02,24,MAW,MAW,A01,A01
procured_balancing_capacity,25,2026-02-26T23:00:00,PT15M,2026-02-26T23:15Z,2026-02-26T23:00Z,1,0,0,B95,EUR,A03,A01,25,MAW,MAW,A01,A01
procured_balancing_capacity,25,2026-02-26T23:15:00,PT15M,2026-02-26T23:30Z,2026-02-26T23:15Z,1,0,0,B95,EUR,A03,A01,25,MAW,MAW,A01,A01
procured_balancing_capacity,25,2026-02-26T23:30:00,PT15M,2026-02-26T23:45Z,2026-02-26T23:30Z,1,0,0,B95,EUR,A03,A01,25,MAW,MAW,A01,A01
procured_balancing_capacity,25,2026-02-26T23:45:00,PT15M,2026-02-27T00:00Z,2026-02-26T23:45Z,1,0,0,B95,EUR,A03,A01,25,MAW,MAW,A01,A01
procured_balancing_capacity,25,2026-02-27T00:00:00,PT15M,2026-02-27T00:15Z,2026-02-27T00:00Z,1,0,0,B95,EUR,A03,A01,25,MAW,MAW,A01,A01
procured_balancing_capacity,25,2026-02-27T00:15:00,PT15M,2026-02-27T00:30Z,2026-02-27T00:15Z,1,0,0,B95,EUR,A03,A01,25,MAW,MAW,A01,A01
procured_balancing_capacity,25,2026-02-27T00:30:00,PT15M,2026-02-27T00:45Z,2026-02-27T00:30Z,1,0,0,B95,EUR,A03,A01,25,MAW,MAW,A01,A01
procured_balancing_capacity,25,2026-02-27T00:45:00,PT15M,2026-02-27T01:00Z,2026-02-27T00:45Z,1,0,0,B95,EUR,A03,A01,25,MAW,MAW,A01,A01
procured_balancing_capacity,25,2026-02-27T01:00:00,PT15M,2026-02-27T01:15Z,2026-02-27T01:00Z,1,0,0,B95,EUR,A03,A01,25,MAW,MAW,A01,A01
procured_balancing_capacity,25,2026-02-27T01:15:00,PT15M,2026-02-27T01:30Z,2026-02-27T01:15Z,1,0,0,B95,EUR,A03,A01,25,MAW,MAW,A01,A01
procured_balancing_capacity,25,2026-02-27T01:30:00,PT15M,2026-02-27T01:45Z,2026-02-27T01:30Z,1,0,0,B95,EUR,A03,A01,25,MAW,MAW,A01,A01
procured_balancing_capacity,25,2026-02-27T01:45:00,PT15M,2026-02-27T02:00Z,2026-02-27T01:45Z,1,0,0,B95,EUR,A03,A01,25,MAW,MAW,A01,A01
procured_balancing_capacity,25,2026-02-27T02:00:00,PT15M,2026-02-27T02:15Z,2026-02-27T02:00Z,1,0,0,B95,EUR,A03,A01,25,MAW,MAW,A01,A01
procured_balancing_capacity,25,2026-02-27T02:15:00,PT15M,2026-02-27T02:30Z,2026-02-27T02:15Z,1,0,0,B95,EUR,A03,A01,25,MAW,MAW,A01,A01
procured_balancing_capacity,25,2026-02-27T02:30:00,PT15M,2026-02-27T02:45Z,2026-02-27T02:30Z,1,0,0,B95,EUR,A03,A01,25,MAW,MAW,A01,A01
procured_balancing_capacity,25,2026-02-27T02:45:00,PT15M,2026-02-27T03:00Z,2026-02-27T02:45Z,1,0,0,B95,EUR,A03,A01,25,MAW,MAW,A01,A01
procured_balancing_capacity,25,2026-02-27T03:00:00,PT15M,2026-02-27T03:15Z,2026-02-27T03:00Z,1,0,0,B95,EUR,A03,A01,25,MAW,MAW,A01,A01
procured_balancing_capacity,25,2026-02-27T03:15:00,PT15M,2026-02-27T03:30Z,2026-02-27T03:15Z,1,0,0,B95,EUR,A03,A01,25,MAW,MAW,A01,A01
procured_balancing_capacity,25,2026-02-27T03:30:00,PT15M,2026-02-27T03:45Z,2026-02-27T03:30Z,1,0,0,B95,EUR,A03,A01,25,MAW,MAW,A01,A01
procured_balancing_capacity,25,2026-02-27T03:45:00,PT15M,2026-02-27T04:00Z,2026-02-27T03:45Z,1,0,0,B95,EUR,A03,A01,25,MAW,MAW,A01,A01
procured_balancing_capacity,25,2026-02-27T04:00:00,PT15M,2026-02-27T04:15Z,2026-02-27T04:00Z,1,0,0,B95,EUR,A03,A01,25,MAW,MAW,A01,A01
procured_balancing_capacity,25,2026-02-27T04:15:00,PT15M,2026-02-27T04:30Z,2026-02-27T04:15Z,1,0,0,B95,EUR,A03,A01,25,MAW,MAW,A01,A01
procured_balancing_capacity,25,2026-02-27T04:30:00,PT15M,2026-02-27T04:45Z,2026-02-27T04:30Z,1,0,0,B95,EUR,A03,A01,25,MAW,MAW,A01,A01
procured_balancing_capacity,25,2026-02-27T04:45:00,PT15M,2026-02-27T05:00Z,2026-02-27T04:45Z,1,0,0,B95,EUR,A03,A01,25,MAW,MAW,A01,A01
procured_balancing_capacity,25,2026-02-27T05:00:00,PT15M,2026-02-27T05:15Z,2026-02-27T05:00Z,1,0,0,B95,EUR,A03,A01,25,MAW,MAW,A01,A01
procured_balancing_capacity,25,2026-02-27T05:15:00,PT15M,2026-02-27T05:30Z,2026-02-27T05:15Z,1,0,0,B95,EUR,A03,A01,25,MAW,MAW,A01,A01
procured_balancing_capacity,25,2026-02-27T05:30:00,PT15M,2026-02-27T05:45Z,2026-02-27T05:30Z,1,0,0,B95,EUR,A03,A01,25,MAW,MAW,A01,A01
procured_balancing_capacity,25,2026-02-27T05:45:00,PT15M,2026-02-27T06:00Z,2026-02-27T05:45Z,1,0,0,B95,EUR,A03,A01,25,MAW,MAW,A01,A01
procured_balancing_capacity,25,2026-02-27T06:00:00,PT15M,2026-02-27T06:15Z,2026-02-27T06:00Z,1,0,0,B95,EUR,A03,A01,25,MAW,MAW,A01,A01
procured_balancing_capacity,25,2026-02-27T06:15:00,PT15M,2026-02-27T06:30Z,2026-02-27T06:15Z,1,0,0,B95,EUR,A03,A01,25,MAW,MAW,A01,A01
procured_balancing_capacity,25,2026-02-27T06:30:00,PT15M,2026-02-27T06:45Z,2026-02-27T06:30Z,1,0,0,B95,EUR,A03,A01,25,MAW,MAW,A01,A01
procured_balancing_capacity,25,2026-02-27T06:45:00,PT15M,2026-02-27T07:00Z,2026-02-27T06:45Z,1,0,0,B95,EUR,A03,A01,25,MAW,MAW,A01,A01
procured_balancing_capacity,25,2026-02-27T07:00:00,PT15M,2026-02-27T07:15Z,2026-02-27T07:00Z,1,0,0,B95,EUR,A03,A01,25,MAW,MAW,A01,A01
procured_balancing_capacity,25,2026-02-27T07:15:00,PT15M,2026-02-27T07:30Z,2026-02-27T07:15Z,1,0,0,B95,EUR,A03,A01,25,MAW,MAW,A01,A01
procured_balancing_capacity,25,2026-02-27T07:30:00,PT15M,2026-02-27T07:45Z,2026-02-27T07:30Z,1,0,0,B95,EUR,A03,A01,25,MAW,MAW,A01,A01
procured_balancing_capacity,25,2026-02-27T07:45:00,PT15M,2026-02-27T08:00Z,2026-02-27T07:45Z,1,0,0,B95,EUR,A03,A01,25,MAW,MAW,A01,A01
procured_balancing_capacity,25,2026-02-27T08:00:00,PT15M,2026-02-27T08:15Z,2026-02-27T08:00Z,1,0,0,B95,EUR,A03,A01,25,MAW,MAW,A01,A01
procured_balancing_capacity,25,2026-02-27T08:15:00,PT15M,2026-02-27T08:30Z,2026-02-27T08:15Z,1,0,0,B95,EUR,A03,A01,25,MAW,MAW,A01,A01
procured_balancing_capacity,25,2026-02-27T08:30:00,PT15M,2026-02-27T08:45Z,2026-02-27T08:30Z,1,0,0,B95,EUR,A03,A01,25,MAW,MAW,A01,A01
procured_balancing_capacity,25,2026-02-27T08:45:00,PT15M,2026-02-27T09:00Z,2026-02-27T08:45Z,1,0,0,B95,EUR,A03,A01,25,MAW,MAW,A01,A01
procured_balancing_capacity,25,2026-02-27T09:00:00,PT15M,2026-02-27T09:15Z,2026-02-27T09:00Z,1,0,0,B95,EUR,A03,A01,25,MAW,MAW,A01,A01
procured_balancing_capacity,25,2026-02-27T09:15:00,PT15M,2026-02-27T09:30Z,2026-02-27T09:15Z,1,0,0,B95,EUR,A03,A01,25,MAW,MAW,A01,A01
procured_balancing_capacity,25,2026-02-27T09:30:00,PT15M,2026-02-27T09:45Z,2026-02-27T09:30Z,1,0,0,B95,EUR,A03,A01,25,MAW,MAW,A01,A01
procured_balancing_capacity,25,2026-02-27T09:45:00,PT15M,2026-02-27T10:00Z,2026-02-27T09:45Z,1,0,0,B95,EUR,A03,A01,25,MAW,MAW,A01,A01
procured_balancing_capacity,25,2026-02-27T10:00:00,PT15M,2026-02-27T10:15Z,2026-02-27T10:00Z,1,0,0,B95,EUR,A03,A01,25,MAW,MAW,A01,A01
procured_balancing_capacity,25,2026-02-27T10:15:00,PT15M,2026-02-27T10:30Z,2026-02-27T10:15Z,1,0,0,B95,EUR,A03,A01,25,MAW,MAW,A01,A01
procured_balancing_capacity,25,2026-02-27T10:30:00,PT15M,2026-02-27T10:45Z,2026-02-27T10:30Z,1,0,0,B95,EUR,A03,A01,25,MAW,MAW,A01,A01
procured_balancing_capacity,25,2026-02-27T10:45:00,PT15M,2026-02-27T11:00Z,2026-02-27T10:45Z,1,0,0,B95,EUR,A03,A01,25,MAW,MAW,A01,A01
procured_balancing_capacity,25,2026-02-27T11:00:00,PT15M,2026-02-27T11:15Z,2026-02-27T11:00Z,1,0,0,B95,EUR,A03,A01,25,MAW,MAW,A01,A01
procured_balancing_capacity,25,2026-02-27T11:15:00,PT15M,2026-02-27T11:30Z,2026-02-27T11:15Z,1,0,0,B95,EUR,A03,A01,25,MAW,MAW,A01,A01
procured_balancing_capacity,25,2026-02-27T11:30:00,PT15M,2026-02-27T11:45Z,2026-02-27T11:30Z,1,0,0,B95,EUR,A03,A01,25,MAW,MAW,A01,A01
procured_balancing_capacity,25,2026-02-27T11:45:00,PT15M,2026-02-27T12:00Z,2026-02-27T11:45Z,1,0,0,B95,EUR,A03,A01,25,MAW,MAW,A01,A01
procured_balancing_capacity,25,2026-02-27T12:00:00,PT15M,2026-02-27T12:15Z,2026-02-27T12:00Z,1,0,0,B95,EUR,A03,A01,25,MAW,MAW,A01,A01
procured_balancing_capacity,25,2026-02-27T12:15:00,PT15M,2026-02-27T12:30Z,2026-02-27T12:15Z,1,0,0,B95,EUR,A03,A01,25,MAW,MAW,A01,A01
procured_balancing_capacity,25,2026-02-27T12:30:00,PT15M,2026-02-27T12:45Z,2026-02-27T12:30Z,1,0,0,B95,EUR,A03,A01,25,MAW,MAW,A01,A01
procured_balancing_capacity,25,2026-02-27T12:45:00,PT15M,2026-02-27T13:00Z,2026-02-27T12:45Z,1,0,0,B95,EUR,A03,A01,25,MAW,MAW,A01,A01
procured_balancing_capacity,25,2026-02-27T13:00:00,PT15M,2026-02-27T13:15Z,2026-02-27T13:00Z,1,0,0,B95,EUR,A03,A01,25,MAW,MAW,A01,A01
procured_balancing_capacity,25,2026-02-27T13:15:00,PT15M,2026-02-27T13:30Z,2026-02-27T13:15Z,1,0,0,B95,EUR,A03,A01,25,MAW,MAW,A01,A01
procured_balancing_capacity,25,2026-02-27T13:30:00,PT15M,2026-02-27T13:45Z,2026-02-27T13:30Z,1,0,0,B95,EUR,A03,A01,25,MAW,MAW,A01,A01
procured_balancing_capacity,25,2026-02-27T13:45:00,PT15M,2026-02-27T14:00Z,2026-02-27T13:45Z,1,0,0,B95,EUR,A03,A01,25,MAW,MAW,A01,A01
procured_balancing_capacity,25,2026-02-27T14:00:00,PT15M,2026-02-27T14:15Z,2026-02-27T14:00Z,1,0,0,B95,EUR,A03,A01,25,MAW,MAW,A01,A01
procured_balancing_capacity,25,2026-02-27T14:15:00,PT15M,2026-02-27T14:30Z,2026-02-27T14:15Z,1,0,0,B95,EUR,A03,A01,25,MAW,MAW,A01,A01
procured_balancing_capacity,25,2026-02-27T14:30:00,PT15M,2026-02-27T14:45Z,2026-02-27T14:30Z,1,0,0,B95,EUR,A03,A01,25,MAW,MAW,A01,A01
procured_balancing_capacity,25,2026-02-27T14:45:00,PT15M,2026-02-27T15:00Z,2026-02-27T14:45Z,1,0,0,B95,EUR,A03,A01,25,MAW,MAW,A01,A01
procured_balancing_capacity,25,2026-02-27T15:00:00,PT15M,2026-02-27T15:15Z,2026-02-27T15:00Z,1,0,0,B95,EUR,A03,A01,25,MAW,MAW,A01,A01
procured_balancing_capacity,25,2026-02-27T15:15:00,PT15M,2026-02-27T15:30Z,2026-02-27T15:15Z,1,33,45,B95,EUR,A03,A01,25,MAW,MAW,A01,A01
procured_balancing_capacity,25,2026-02-27T15:30:00,PT15M,2026-02-27T15:45Z,2026-02-27T15:30Z,1,33,45,B95,EUR,A03,A01,25,MAW,MAW,A01,A01
procured_balancing_capacity,25,2026-02-27T15:45:00,PT15M,2026-02-27T16:00Z,2026-02-27T15:45Z,1,33,45,B95,EUR,A03,A01,25,MAW,MAW,A01,A01
procured_balancing_capacity,25,2026-02-27T16:00:00,PT15M,2026-02-27T16:15Z,2026-02-27T16:00Z,1,33,45,B95,EUR,A03,A01,25,MAW,MAW,A01,A01
procured_balancing_capacity,25,2026-02-27T16:15:00,PT15M,2026-02-27T16:30Z,2026-02-27T16:15Z,1,33,45,B95,EUR,A03,A01,25,MAW,MAW,A01,A01
procured_balancing_capacity,25,2026-02-27T16:30:00,PT15M,2026-02-27T16:45Z,2026-02-27T16:30Z,1,33,45,B95,EUR,A03,A01,25,MAW,MAW,A01,A01
procured_balancing_capacity,25,2026-02-27T16:45:00,PT15M,2026-02-27T17:00Z,2026-02-27T16:45Z,1,33,45,B95,EUR,A03,A01,25,MAW,MAW,A01,A01
procured_balancing_capacity,25,2026-02-27T17:00:00,PT15M,2026-02-27T17:15Z,2026-02-27T17:00Z,1,33,45,B95,EUR,A03,A01,25,MAW,MAW,A01,A01
procured_balancing_capacity,25,2026-02-27T17:15:00,PT15M,2026-02-27T17:30Z,2026-02-27T17:15Z,1,33,45,B95,EUR,A03,A01,25,MAW,MAW,A01,A01
procured_balancing_capacity,25,2026-02-27T17:30:00,PT15M,2026-02-27T17:45Z,2026-02-27T17:30Z,1,33,45,B95,EUR,A03,A01,25,MAW,MAW,A01,A01
procured_balancing_capacity,25,2026-02-27T17:45:00,PT15M,2026-02-27T18:00Z,2026-02-27T17:45Z,1,33,45,B95,EUR,A03,A01,25,MAW,MAW,A01,A01
procured_balancing_capacity,25,2026-02-27T18:00:00,PT15M,2026-02-27T18:15Z,2026-02-27T18:00Z,1,33,45,B95,EUR,A03,A01,25,MAW,MAW,A01,A01
procured_balancing_capacity,25,2026-02-27T18:15:00,PT15M,2026-02-27T18:30Z,2026-02-27T18:15Z,1,33,45,B95,EUR,A03,A01,25,MAW,MAW,A01,A01
procured_balancing_capacity,25,2026-02-27T18:30:00,PT15M,2026-02-27T18:45Z,2026-02-27T18:30Z,1,33,45,B95,EUR,A03,A01,25,MAW,MAW,A01,A01
procured_balancing_capacity,25,2026-02-27T18:45:00,PT15M,2026-02-27T19:00Z,2026-02-27T18:45Z,1,33,45,B95,EUR,A03,A01,25,MAW,MAW,A01,A01
procured_balancing_capacity,25,2026-02-27T19:00:00,PT15M,2026-02-27T19:15Z,2026-02-27T19:00Z,1,33,45,B95,EUR,A03,A01,25,MAW,MAW,A01,A01
procured_balancing_capacity,25,2026-02-27T19:15:00,PT15M,2026-02-27T19:30Z,2026-02-27T19:15Z,1,33,45,B95,EUR,A03,A01,25,MAW,MAW,A01,A01
procured_balancing_capacity,25,2026-02-27T19:30:00,PT15M,2026-02-27T19:45Z,2026-02-27T19:30Z,1,33,45,B95,EUR,A03,A01,25,MAW,MAW,A01,A01
procured_balancing_capacity,25,2026-02-27T19:45:00,PT15M,2026-02-27T20:00Z,2026-02-27T19:45Z,1,33,45,B95,EUR,A03,A01,25,MAW,MAW,A01,A01
procured_balancing_capacity,25,2026-02-27T20:00:00,PT15M,2026-02-27T20:15Z,2026-02-27T20:00Z,1,33,45,B95,EUR,A03,A01,25,MAW,MAW,A01,A01
procured_balancing_capacity,25,2026-02-27T20:15:00,PT15M,2026-02-27T20:30Z,2026-02-27T20:15Z,1,33,45,B95,EUR,A03,A01,25,MAW,MAW,A01,A01
procured_balancing_capacity,25,2026-02-27T20:30:00,PT15M,2026-02-27T20:45Z,2026-02-27T20:30Z,1,33,45,B95,EUR,A03,A01,25,MAW,MAW,A01,A01
procured_balancing_capacity,25,2026-02-27T20:45:00,PT15M,2026-02-27T21:00Z,2026-02-27T20:45Z,1,33,45,B95,EUR,A03,A01,25,MAW,MAW,A01,A01
procured_balancing_capacity,25,2026-02-27T21:00:00,PT15M,2026-02-27T21:15Z,2026-02-27T21:00Z,1,33,26,B95,EUR,A03,A01,25,MAW,MAW,A01,A01
procured_balancing_capacity,25,2026-02-27T21:15:00,PT15M,2026-02-27T21:30Z,2026-02-27T21:15Z,1,33,26,B95,EUR,A03,A01,25,MAW,MAW,A01,A01
procured_balancing_capacity,25,2026-02-27T21:30:00,PT15M,2026-02-27T21:45Z,2026-02-27T21:30Z,1,0,0,B95,EUR,A03,A01,25,MAW,MAW,A01,A01
procured_balancing_capacity,25,2026-02-27T21:45:00,PT15M,2026-02-27T22:00Z,2026-02-27T21:45Z,1,0,0,B95,EUR,A03,A01,25,MAW,MAW,A01,A01
procured_balancing_capacity,25,2026-02-27T22:00:00,PT15M,2026-02-27T22:15Z,2026-02-27T22:00Z,1,0,0,B95,EUR,A03,A01,25,MAW,MAW,A01,A01
procured_balancing_capacity,25,2026-02-27T22:15:00,PT15M,2026-02-27T22:30Z,2026-02-27T22:15Z,1,0,0,B95,EUR,A03,A01,25,MAW,MAW,A01,A01
procured_balancing_capacity,25,2026-02-27T22:30:00,PT15M,2026-02-27T22:45Z,2026-02-27T22:30Z,1,0,0,B95,EUR,A03,A01,25,MAW,MAW,A01,A01
procured_balancing_capacity,25,2026-02-27T22:45:00,PT15M,2026-02-27T23:00Z,2026-02-27T22:45Z,1,0,0,B95,EUR,A03,A01,25,MAW,MAW,A01,A01
procured_balancing_capacity,26,2026-02-26T23:00:00,PT15M,2026-02-26T23:15Z,2026-02-26T23:00Z,1,0,0,B95,EUR,A03,A02,26,MAW,MAW,A01,A01
procured_balancing_capacity,26,2026-02-26T23:15:00,PT15M,2026-02-26T23:30Z,2026-02-26T23:15Z,1,0,0,B95,EUR,A03,A02,26,MAW,MAW,A01,A01
procured_balancing_capacity,26,2026-02-26T23:30:00,PT15M,2026-02-26T23:45Z,2026-02-26T23:30Z,1,0,0,B95,EUR,A03,A02,26,MAW,MAW,A01,A01
procured_balancing_capacity,26,2026-02-26T23:45:00,PT15M,2026-02-27T00:00Z,2026-02-26T23:45Z,1,0,0,B95,EUR,A03,A02,26,MAW,MAW,A01,A01
procured_balancing_capacity,26,2026-02-27T00:00:00,PT15M,2026-02-27T00:15Z,2026-02-27T00:00Z,1,0,0,B95,EUR,A03,A02,26,MAW,MAW,A01,A01
procured_balancing_capacity,26,2026-02-27T00:15:00,PT15M,2026-02-27T00:30Z,2026-02-27T00:15Z,1,0,0,B95,EUR,A03,A02,26,MAW,MAW,A01,A01
procured_balancing_capacity,26,2026-02-27T00:30:00,PT15M,2026-02-27T00:45Z,2026-02-27T00:30Z,1,0,0,B95,EUR,A03,A02,26,MAW,MAW,A01,A01
procured_balancing_capacity,26,2026-02-27T00:45:00,PT15M,2026-02-27T01:00Z,2026-02-27T00:45Z,1,0,0,B95,EUR,A03,A02,26,MAW,MAW,A01,A01
procured_balancing_capacity,26,2026-02-27T01:00:00,PT15M,2026-02-27T01:15Z,2026-02-27T01:00Z,1,0,0,B95,EUR,A03,A02,26,MAW,MAW,A01,A01
procured_balancing_capacity,26,2026-02-27T01:15:00,PT15M,2026-02-27T01:30Z,2026-02-27T01:15Z,1,0,0,B95,EUR,A03,A02,26,MAW,MAW,A01,A01
procured_balancing_capacity,26,2026-02-27T01:30:00,PT15M,2026-02-27T01:45Z,2026-02-27T01:30Z,1,0,0,B95,EUR,A03,A02,26,MAW,MAW,A01,A01
procured_balancing_capacity,26,2026-02-27T01:45:00,PT15M,2026-02-27T02:00Z,2026-02-27T01:45Z,1,0,0,B95,EUR,A03,A02,26,MAW,MAW,A01,A01
procured_balancing_capacity,26,2026-02-27T02:00:00,PT15M,2026-02-27T02:15Z,2026-02-27T02:00Z,1,0,0,B95,EUR,A03,A02,26,MAW,MAW,A01,A01
procured_balancing_capacity,26,2026-02-27T02:15:00,PT15M,2026-02-27T02:30Z,2026-02-27T02:15Z,1,0,0,B95,EUR,A03,A02,26,MAW,MAW,A01,A01
procured_balancing_capacity,26,2026-02-27T02:30:00,PT15M,2026-02-27T02:45Z,2026-02-27T02:30Z,1,0,0,B95,EUR,A03,A02,26,MAW,MAW,A01,A01
procured_balancing_capacity,26,2026-02-27T02:45:00,PT15M,2026-02-27T03:00Z,2026-02-27T02:45Z,1,0,0,B95,EUR,A03,A02,26,MAW,MAW,A01,A01
procured_balancing_capacity,26,2026-02-27T03:00:00,PT15M,2026-02-27T03:15Z,2026-02-27T03:00Z,1,0,0,B95,EUR,A03,A02,26,MAW,MAW,A01,A01
procured_balancing_capacity,26,2026-02-27T03:15:00,PT15M,2026-02-27T03:30Z,2026-02-27T03:15Z,1,0,0,B95,EUR,A03,A02,26,MAW,MAW,A01,A01
procured_balancing_capacity,26,2026-02-27T03:30:00,PT15M,2026-02-27T03:45Z,2026-02-27T03:30Z,1,0,0,B95,EUR,A03,A02,26,MAW,MAW,A01,A01
procured_balancing_capacity,26,2026-02-27T03:45:00,PT15M,2026-02-27T04:00Z,2026-02-27T03:45Z,1,0,0,B95,EUR,A03,A02,26,MAW,MAW,A01,A01
procured_balancing_capacity,26,2026-02-27T04:00:00,PT15M,2026-02-27T04:15Z,2026-02-27T04:00Z,1,0,0,B95,EUR,A03,A02,26,MAW,MAW,A01,A01
procured_balancing_capacity,26,2026-02-27T04:15:00,PT15M,2026-02-27T04:30Z,2026-02-27T04:15Z,1,0,0,B95,EUR,A03,A02,26,MAW,MAW,A01,A01
procured_balancing_capacity,26,2026-02-27T04:30:00,PT15M,2026-02-27T04:45Z,2026-02-27T04:30Z,1,0,0,B95,EUR,A03,A02,26,MAW,MAW,A01,A01
procured_balancing_capacity,26,2026-02-27T04:45:00,PT15M,2026-02-27T05:00Z,2026-02-27T04:45Z,1,0,0,B95,EUR,A03,A02,26,MAW,MAW,A01,A01
procured_balancing_capacity,26,2026-02-27T05:00:00,PT15M,2026-02-27T05:15Z,2026-02-27T05:00Z,1,0,0,B95,EUR,A03,A02,26,MAW,MAW,A01,A01
procured_balancing_capacity,26,2026-02-27T05:15:00,PT15M,2026-02-27T05:30Z,2026-02-27T05:15Z,1,0,0,B95,EUR,A03,A02,26,MAW,MAW,A01,A01
procured_balancing_capacity,26,2026-02-27T05:30:00,PT15M,2026-02-27T05:45Z,2026-02-27T05:30Z,1,0,0,B95,EUR,A03,A02,26,MAW,MAW,A01,A01
procured_balancing_capacity,26,2026-02-27T05:45:00,PT15M,2026-02-27T06:00Z,2026-02-27T05:45Z,1,0,0,B95,EUR,A03,A02,26,MAW,MAW,A01,A01
procured_balancing_capacity,26,2026-02-27T06:00:00,PT15M,2026-02-27T06:15Z,2026-02-27T06:00Z,1,0,0,B95,EUR,A03,A02,26,MAW,MAW,A01,A01
procured_balancing_capacity,26,2026-02-27T06:15:00,PT15M,2026-02-27T06:30Z,2026-02-27T06:15Z,1,0,0,B95,EUR,A03,A02,26,MAW,MAW,A01,A01
procured_balancing_capacity,26,2026-02-27T06:30:00,PT15M,2026-02-27T06:45Z,2026-02-27T06:30Z,1,0,0,B95,EUR,A03,A02,26,MAW,MAW,A01,A01
procured_balancing_capacity,26,2026-02-27T06:45:00,PT15M,2026-02-27T07:00Z,2026-02-27T06:45Z,1,0,0,B95,EUR,A03,A02,26,MAW,MAW,A01,A01
procured_balancing_capacity,26,2026-02-27T07:00:00,PT15M,2026-02-27T07:15Z,2026-02-27T07:00Z,1,0,0,B95,EUR,A03,A02,26,MAW,MAW,A01,A01
procured_balancing_capacity,26,2026-02-27T07:15:00,PT15M,2026-02-27T07:30Z,2026-02-27T07:15Z,1,0,0,B95,EUR,A03,A02,26,MAW,MAW,A01,A01
procured_balancing_capacity,26,2026-02-27T07:30:00,PT15M,2026-02-27T07:45Z,2026-02-27T07:30Z,1,0,0,B95,EUR,A03,A02,26,MAW,MAW,A01,A01
procured_balancing_capacity,26,2026-02-27T07:45:00,PT15M,2026-02-27T08:00Z,2026-02-27T07:45Z,1,0,0,B95,EUR,A03,A02,26,MAW,MAW,A01,A01
procured_balancing_capacity,26,2026-02-27T08:00:00,PT15M,2026-02-27T08:15Z,2026-02-27T08:00Z,1,0,0,B95,EUR,A03,A02,26,MAW,MAW,A01,A01
procured_balancing_capacity,26,2026-02-27T08:15:00,PT15M,2026-02-27T08:30Z,2026-02-27T08:15Z,1,0,0,B95,EUR,A03,A02,26,MAW,MAW,A01,A01
procured_balancing_capacity,26,2026-02-27T08:30:00,PT15M,2026-02-27T08:45Z,2026-02-27T08:30Z,1,0,0,B95,EUR,A03,A02,26,MAW,MAW,A01,A01
procured_balancing_capacity,26,2026-02-27T08:45:00,PT15M,2026-02-27T09:00Z,2026-02-27T08:45Z,1,0,0,B95,EUR,A03,A02,26,MAW,MAW,A01,A01
procured_balancing_capacity,26,2026-02-27T09:00:00,PT15M,2026-02-27T09:15Z,2026-02-27T09:00Z,1,0,0,B95,EUR,A03,A02,26,MAW,MAW,A01,A01
procured_balancing_capacity,26,2026-02-27T09:15:00,PT15M,2026-02-27T09:30Z,2026-02-27T09:15Z,1,0,0,B95,EUR,A03,A02,26,MAW,MAW,A01,A01
procured_balancing_capacity,26,2026-02-27T09:30:00,PT15M,2026-02-27T09:45Z,2026-02-27T09:30Z,1,0,0,B95,EUR,A03,A02,26,MAW,MAW,A01,A01
procured_balancing_capacity,26,2026-02-27T09:45:00,PT15M,2026-02-27T10:00Z,2026-02-27T09:45Z,1,0,0,B95,EUR,A03,A02,26,MAW,MAW,A01,A01
procured_balancing_capacity,26,2026-02-27T10:00:00,PT15M,2026-02-27T10:15Z,2026-02-27T10:00Z,1,0,0,B95,EUR,A03,A02,26,MAW,MAW,A01,A01
procured_balancing_capacity,26,2026-02-27T10:15:00,PT15M,2026-02-27T10:30Z,2026-02-27T10:15Z,1,0,0,B95,EUR,A03,A02,26,MAW,MAW,A01,A01
procured_balancing_capacity,26,2026-02-27T10:30:00,PT15M,2026-02-27T10:45Z,2026-02-27T10:30Z,1,0,0,B95,EUR,A03,A02,26,MAW,MAW,A01,A01
procured_balancing_capacity,26,2026-02-27T10:45:00,PT15M,2026-02-27T11:00Z,2026-02-27T10:45Z,1,0,0,B95,EUR,A03,A02,26,MAW,MAW,A01,A01
procured_balancing_capacity,26,2026-02-27T11:00:00,PT15M,2026-02-27T11:15Z,2026-02-27T11:00Z,1,0,0,B95,EUR,A03,A02,26,MAW,MAW,A01,A01
procured_balancing_capacity,26,2026-02-27T11:15:00,PT15M,2026-02-27T11:30Z,2026-02-27T11:15Z,1,0,0,B95,EUR,A03,A02,26,MAW,MAW,A01,A01
procured_balancing_capacity,26,2026-02-27T11:30:00,PT15M,2026-02-27T11:45Z,2026-02-27T11:30Z,1,0,0,B95,EUR,A03,A02,26,MAW,MAW,A01,A01
procured_balancing_capacity,26,2026-02-27T11:45:00,PT15M,2026-02-27T12:00Z,2026-02-27T11:45Z,1,0,0,B95,EUR,A03,A02,26,MAW,MAW,A01,A01
procured_balancing_capacity,26,2026-02-27T12:00:00,PT15M,2026-02-27T12:15Z,2026-02-27T12:00Z,1,0,0,B95,EUR,A03,A02,26,MAW,MAW,A01,A01
procured_balancing_capacity,26,2026-02-27T12:15:00,PT15M,2026-02-27T12:30Z,2026-02-27T12:15Z,1,0,0,B95,EUR,A03,A02,26,MAW,MAW,A01,A01
procured_balancing_capacity,26,2026-02-27T12:30:00,PT15M,2026-02-27T12:45Z,2026-02-27T12:30Z,1,0,0,B95,EUR,A03,A02,26,MAW,MAW,A01,A01
procured_balancing_capacity,26,2026-02-27T12:45:00,PT15M,2026-02-27T13:00Z,2026-02-27T12:45Z,1,0,0,B95,EUR,A03,A02,26,MAW,MAW,A01,A01
procured_balancing_capacity,26,2026-02-27T13:00:00,PT15M,2026-02-27T13:15Z,2026-02-27T13:00Z,1,0,0,B95,EUR,A03,A02,26,MAW,MAW,A01,A01
procured_balancing_capacity,26,2026-02-27T13:15:00,PT15M,2026-02-27T13:30Z,2026-02-27T13:15Z,1,0,0,B95,EUR,A03,A02,26,MAW,MAW,A01,A01
procured_balancing_capacity,26,2026-02-27T13:30:00,PT15M,2026-02-27T13:45Z,2026-02-27T13:30Z,1,0,0,B95,EUR,A03,A02,26,MAW,MAW,A01,A01
procured_balancing_capacity,26,2026-02-27T13:45:00,PT15M,2026-02-27T14:00Z,2026-02-27T13:45Z,1,0,0,B95,EUR,A03,A02,26,MAW,MAW,A01,A01
procured_balancing_capacity,26,2026-02-27T14:00:00,PT15M,2026-02-27T14:15Z,2026-02-27T14:00Z,1,0,0,B95,EUR,A03,A02,26,MAW,MAW,A01,A01
procured_balancing_capacity,26,2026-02-27T14:15:00,PT15M,2026-02-27T14:30Z,2026-02-27T14:15Z,1,0,0,B95,EUR,A03,A02,26,MAW,MAW,A01,A01
procured_balancing_capacity,26,2026-02-27T14:30:00,PT15M,2026-02-27T14:45Z,2026-02-27T14:30Z,1,0,0,B95,EUR,A03,A02,26,MAW,MAW,A01,A01
procured_balancing_capacity,26,2026-02-27T14:45:00,PT15M,2026-02-27T15:00Z,2026-02-27T14:45Z,1,0,0,B95,EUR,A03,A02,26,MAW,MAW,A01,A01
procured_balancing_capacity,26,2026-02-27T15:00:00,PT15M,2026-02-27T15:15Z,2026-02-27T15:00Z,1,0,0,B95,EUR,A03,A02,26,MAW,MAW,A01,A01
procured_balancing_capacity,26,2026-02-27T15:15:00,PT15M,2026-02-27T15:30Z,2026-02-27T15:15Z,1,9,45,B95,EUR,A03,A02,26,MAW,MAW,A01,A01
procured_balancing_capacity,26,2026-02-27T15:30:00,PT15M,2026-02-27T15:45Z,2026-02-27T15:30Z,1,9,45,B95,EUR,A03,A02,26,MAW,MAW,A01,A01
procured_balancing_capacity,26,2026-02-27T15:45:00,PT15M,2026-02-27T16:00Z,2026-02-27T15:45Z,1,9,45,B95,EUR,A03,A02,26,MAW,MAW,A01,A01
procured_balancing_capacity,26,2026-02-27T16:00:00,PT15M,2026-02-27T16:15Z,2026-02-27T16:00Z,1,9,45,B95,EUR,A03,A02,26,MAW,MAW,A01,A01
procured_balancing_capacity,26,2026-02-27T16:15:00,PT15M,2026-02-27T16:30Z,2026-02-27T16:15Z,1,9,45,B95,EUR,A03,A02,26,MAW,MAW,A01,A01
procured_balancing_capacity,26,2026-02-27T16:30:00,PT15M,2026-02-27T16:45Z,2026-02-27T16:30Z,1,9,45,B95,EUR,A03,A02,26,MAW,MAW,A01,A01
procured_balancing_capacity,26,2026-02-27T16:45:00,PT15M,2026-02-27T17:00Z,2026-02-27T16:45Z,1,9,45,B95,EUR,A03,A02,26,MAW,MAW,A01,A01
procured_balancing_capacity,26,2026-02-27T17:00:00,PT15M,2026-02-27T17:15Z,2026-02-27T17:00Z,1,9,45,B95,EUR,A03,A02,26,MAW,MAW,A01,A01
procured_balancing_capacity,26,2026-02-27T17:15:00,PT15M,2026-02-27T17:30Z,2026-02-27T17:15Z,1,9,45,B95,EUR,A03,A02,26,MAW,MAW,A01,A01
procured_balancing_capacity,26,2026-02-27T17:30:00,PT15M,2026-02-27T17:45Z,2026-02-27T17:30Z,1,9,45,B95,EUR,A03,A02,26,MAW,MAW,A01,A01
procured_balancing_capacity,26,2026-02-27T17:45:00,PT15M,2026-02-27T18:00Z,2026-02-27T17:45Z,1,9,45,B95,EUR,A03,A02,26,MAW,MAW,A01,A01
procured_balancing_capacity,26,2026-02-27T18:00:00,PT15M,2026-02-27T18:15Z,2026-02-27T18:00Z,1,9,45,B95,EUR,A03,A02,26,MAW,MAW,A01,A01
procured_balancing_capacity,26,2026-02-27T18:15:00,PT15M,2026-02-27T18:30Z,2026-02-27T18:15Z,1,9,45,B95,EUR,A03,A02,26,MAW,MAW,A01,A01
procured_balancing_capacity,26,2026-02-27T18:30:00,PT15M,2026-02-27T18:45Z,2026-02-27T18:30Z,1,9,45,B95,EUR,A03,A02,26,MAW,MAW,A01,A01
procured_balancing_capacity,26,2026-02-27T18:45:00,PT15M,2026-02-27T19:00Z,2026-02-27T18:45Z,1,9,45,B95,EUR,A03,A02,26,MAW,MAW,A01,A01
procured_balancing_capacity,26,2026-02-27T19:00:00,PT15M,2026-02-27T19:15Z,2026-02-27T19:00Z,1,9,45,B95,EUR,A03,A02,26,MAW,MAW,A01,A01
procured_balancing_capacity,26,2026-02-27T19:15:00,PT15M,2026-02-27T19:30Z,2026-02-27T19:15Z,1,9,45,B95,EUR,A03,A02,26,MAW,MAW,A01,A01
procured_balancing_capacity,26,2026-02-27T19:30:00,PT15M,2026-02-27T19:45Z,2026-02-27T19:30Z,1,9,45,B95,EUR,A03,A02,26,MAW,MAW,A01,A01
procured_balancing_capacity,26,2026-02-27T19:45:00,PT15M,2026-02-27T20:00Z,2026-02-27T19:45Z,1,9,45,B95,EUR,A03,A02,26,MAW,MAW,A01,A01
procured_balancing_capacity,26,2026-02-27T20:00:00,PT15M,2026-02-27T20:15Z,2026-02-27T20:00Z,1,9,45,B95,EUR,A03,A02,26,MAW,MAW,A01,A01
procured_balancing_capacity,26,2026-02-27T20:15:00,PT15M,2026-02-27T20:30Z,2026-02-27T20:15Z,1,9,45,B95,EUR,A03,A02,26,MAW,MAW,A01,A01
procured_balancing_capacity,26,2026-02-27T20:30:00,PT15M,2026-02-27T20:45Z,2026-02-27T20:30Z,1,9,45,B95,EUR,A03,A02,26,MAW,MAW,A01,A01
procured_balancing_capacity,26,2026-02-27T20:45:00,PT15M,2026-02-27T21:00Z,2026-02-27T20:45Z,1,9,45,B95,EUR,A03,A02,26,MAW,MAW,A01,A01
procured_balancing_capacity,26,2026-02-27T21:00:00,PT15M,2026-02-27T21:15Z,2026-02-27T21:00Z,1,9,30,B95,EUR,A03,A02,26,MAW,MAW,A01,A01
procured_balancing_capacity,26,2026-02-27T21:15:00,PT15M,2026-02-27T21:30Z,2026-02-27T21:15Z,1,9,30,B95,EUR,A03,A02,26,MAW,MAW,A01,A01
procured_balancing_capacity,26,2026-02-27T21:30:00,PT15M,2026-02-27T21:45Z,2026-02-27T21:30Z,1,0,0,B95,EUR,A03,A02,26,MAW,MAW,A01,A01
procured_balancing_capacity,26,2026-02-27T21:45:00,PT15M,2026-02-27T22:00Z,2026-02-27T21:45Z,1,0,0,B95,EUR,A03,A02,26,MAW,MAW,A01,A01
procured_balancing_capacity,26,2026-02-27T22:00:00,PT15M,2026-02-27T22:15Z,2026-02-27T22:00Z,1,0,0,B95,EUR,A03,A02,26,MAW,MAW,A01,A01
procured_balancing_capacity,26,2026-02-27T22:15:00,PT15M,2026-02-27T22:30Z,2026-02-27T22:15Z,1,0,0,B95,EUR,A03,A02,26,MAW,MAW,A01,A01
procured_balancing_capacity,26,2026-02-27T22:30:00,PT15M,2026-02-27T22:45Z,2026-02-27T22:30Z,1,0,0,B95,EUR,A03,A02,26,MAW,MAW,A01,A01
procured_balancing_capacity,26,2026-02-27T22:45:00,PT15M,2026-02-27T23:00Z,2026-02-27T22:45Z,1,0,0,B95,EUR,A03,A02,26,MAW,MAW,A01,A01
procured_balancing_capacity,27,2026-02-26T23:00:00,PT15M,2026-02-26T23:15Z,2026-02-26T23:00Z,1,10.5,1,B95,EUR,A03,A02,27,MAW,MAW,A01,A01
procured_balancing_capacity,27,2026-02-26T23:15:00,PT15M,2026-02-26T23:30Z,2026-02-26T23:15Z,1,10.5,1,B95,EUR,A03,A02,27,MAW,MAW,A01,A01
procured_balancing_capacity,27,2026-02-26T23:30:00,PT15M,2026-02-26T23:45Z,2026-02-26T23:30Z,1,10.5,1,B95,EUR,A03,A02,27,MAW,MAW,A01,A01
procured_balancing_capacity,27,2026-02-26T23:45:00,PT15M,2026-02-27T00:00Z,2026-02-26T23:45Z,1,10.5,1,B95,EUR,A03,A02,27,MAW,MAW,A01,A01
procured_balancing_capacity,27,2026-02-27T00:00:00,PT15M,2026-02-27T00:15Z,2026-02-27T00:00Z,1,10.5,1,B95,EUR,A03,A02,27,MAW,MAW,A01,A01
procured_balancing_capacity,27,2026-02-27T00:15:00,PT15M,2026-02-27T00:30Z,2026-02-27T00:15Z,1,10.5,1,B95,EUR,A03,A02,27,MAW,MAW,A01,A01
procured_balancing_capacity,27,2026-02-27T00:30:00,PT15M,2026-02-27T00:45Z,2026-02-27T00:30Z,1,10.5,1,B95,EUR,A03,A02,27,MAW,MAW,A01,A01
procured_balancing_capacity,27,2026-02-27T00:45:00,PT15M,2026-02-27T01:00Z,2026-02-27T00:45Z,1,10.5,1,B95,EUR,A03,A02,27,MAW,MAW,A01,A01
procured_balancing_capacity,27,2026-02-27T01:00:00,PT15M,2026-02-27T01:15Z,2026-02-27T01:00Z,1,10.5,1,B95,EUR,A03,A02,27,MAW,MAW,A01,A01
procured_balancing_capacity,27,2026-02-27T01:15:00,PT15M,2026-02-27T01:30Z,2026-02-27T01:15Z,1,10.5,1,B95,EUR,A03,A02,27,MAW,MAW,A01,A01
procured_balancing_capacity,27,2026-02-27T01:30:00,PT15M,2026-02-27T01:45Z,2026-02-27T01:30Z,1,10.5,1,B95,EUR,A03,A02,27,MAW,MAW,A01,A01
procured_balancing_capacity,27,2026-02-27T01:45:00,PT15M,2026-02-27T02:00Z,2026-02-27T01:45Z,1,10.5,1,B95,EUR,A03,A02,27,MAW,MAW,A01,A01
procured_balancing_capacity,27,2026-02-27T02:00:00,PT15M,2026-02-27T02:15Z,2026-02-27T02:00Z,1,10.5,1,B95,EUR,A03,A02,27,MAW,MAW,A01,A01
procured_balancing_capacity,27,2026-02-27T02:15:00,PT15M,2026-02-27T02:30Z,2026-02-27T02:15Z,1,10.5,1,B95,EUR,A03,A02,27,MAW,MAW,A01,A01
procured_balancing_capacity,27,2026-02-27T02:30:00,PT15M,2026-02-27T02:45Z,2026-02-27T02:30Z,1,10.5,1,B95,EUR,A03,A02,27,MAW,MAW,A01,A01
procured_balancing_capacity,27,2026-02-27T02:45:00,PT15M,2026-02-27T03:00Z,2026-02-27T02:45Z,1,10.5,1,B95,EUR,A03,A02,27,MAW,MAW,A01,A01
procured_balancing_capacity,27,2026-02-27T03:00:00,PT15M,2026-02-27T03:15Z,2026-02-27T03:00Z,1,10.5,1,B95,EUR,A03,A02,27,MAW,MAW,A01,A01
procured_balancing_capacity,27,2026-02-27T03:15:00,PT15M,2026-02-27T03:30Z,2026-02-27T03:15Z,1,10.5,1,B95,EUR,A03,A02,27,MAW,MAW,A01,A01
procured_balancing_capacity,27,2026-02-27T03:30:00,PT15M,2026-02-27T03:45Z,2026-02-27T03:30Z,1,10.5,1,B95,EUR,A03,A02,27,MAW,MAW,A01,A01
procured_balancing_capacity,27,2026-02-27T03:45:00,PT15M,2026-02-27T04:00Z,2026-02-27T03:45Z,1,10.5,1,B95,EUR,A03,A02,27,MAW,MAW,A01,A01
procured_balancing_capacity,27,2026-02-27T04:00:00,PT15M,2026-02-27T04:15Z,2026-02-27T04:00Z,1,10.5,1,B95,EUR,A03,A02,27,MAW,MAW,A01,A01
procured_balancing_capacity,27,2026-02-27T04:15:00,PT15M,2026-02-27T04:30Z,2026-02-27T04:15Z,1,10.5,1,B95,EUR,A03,A02,27,MAW,MAW,A01,A01
procured_balancing_capacity,27,2026-02-27T04:30:00,PT15M,2026-02-27T04:45Z,2026-02-27T04:30Z,1,10.5,1,B95,EUR,A03,A02,27,MAW,MAW,A01,A01
procured_balancing_capacity,27,2026-02-27T04:45:00,PT15M,2026-02-27T05:00Z,2026-02-27T04:45Z,1,10.5,1,B95,EUR,A03,A02,27,MAW,MAW,A01,A01
procured_balancing_capacity,27,2026-02-27T05:00:00,PT15M,2026-02-27T05:15Z,2026-02-27T05:00Z,1,10.5,1,B95,EUR,A03,A02,27,MAW,MAW,A01,A01
procured_balancing_capacity,27,2026-02-27T05:15:00,PT15M,2026-02-27T05:30Z,2026-02-27T05:15Z,1,10.5,1,B95,EUR,A03,A02,27,MAW,MAW,A01,A01
procured_balancing_capacity,27,2026-02-27T05:30:00,PT15M,2026-02-27T05:45Z,2026-02-27T05:30Z,1,10.5,1,B95,EUR,A03,A02,27,MAW,MAW,A01,A01
procured_balancing_capacity,27,2026-02-27T05:45:00,PT15M,2026-02-27T06:00Z,2026-02-27T05:45Z,1,10.5,1,B95,EUR,A03,A02,27,MAW,MAW,A01,A01
procured_balancing_capacity,27,2026-02-27T06:00:00,PT15M,2026-02-27T06:15Z,2026-02-27T06:00Z,1,10.5,1,B95,EUR,A03,A02,27,MAW,MAW,A01,A01
procured_balancing_capacity,27,2026-02-27T06:15:00,PT15M,2026-02-27T06:30Z,2026-02-27T06:15Z,1,10.5,1,B95,EUR,A03,A02,27,MAW,MAW,A01,A01
procured_balancing_capacity,27,2026-02-27T06:30:00,PT15M,2026-02-27T06:45Z,2026-02-27T06:30Z,1,10.5,1,B95,EUR,A03,A02,27,MAW,MAW,A01,A01
procured_balancing_capacity,27,2026-02-27T06:45:00,PT15M,2026-02-27T07:00Z,2026-02-27T06:45Z,1,10.5,1,B95,EUR,A03,A02,27,MAW,MAW,A01,A01
procured_balancing_capacity,27,2026-02-27T07:00:00,PT15M,2026-02-27T07:15Z,2026-02-27T07:00Z,1,10.5,1,B95,EUR,A03,A02,27,MAW,MAW,A01,A01
procured_balancing_capacity,27,2026-02-27T07:15:00,PT15M,2026-02-27T07:30Z,2026-02-27T07:15Z,1,10.5,1,B95,EUR,A03,A02,27,MAW,MAW,A01,A01
procured_balancing_capacity,27,2026-02-27T07:30:00,PT15M,2026-02-27T07:45Z,2026-02-27T07:30Z,1,10.5,1,B95,EUR,A03,A02,27,MAW,MAW,A01,A01
procured_balancing_capacity,27,2026-02-27T07:45:00,PT15M,2026-02-27T08:00Z,2026-02-27T07:45Z,1,10.5,1,B95,EUR,A03,A02,27,MAW,MAW,A01,A01
procured_balancing_capacity,27,2026-02-27T08:00:00,PT15M,2026-02-27T08:15Z,2026-02-27T08:00Z,1,10.5,1,B95,EUR,A03,A02,27,MAW,MAW,A01,A01
procured_balancing_capacity,27,2026-02-27T08:15:00,PT15M,2026-02-27T08:30Z,2026-02-27T08:15Z,1,10.5,1,B95,EUR,A03,A02,27,MAW,MAW,A01,A01
procured_balancing_capacity,27,2026-02-27T08:30:00,PT15M,2026-02-27T08:45Z,2026-02-27T08:30Z,1,10.5,1,B95,EUR,A03,A02,27,MAW,MAW,A01,A01
procured_balancing_capacity,27,2026-02-27T08:45:00,PT15M,2026-02-27T09:00Z,2026-02-27T08:45Z,1,10.5,1,B95,EUR,A03,A02,27,MAW,MAW,A01,A01
procured_balancing_capacity,27,2026-02-27T09:00:00,PT15M,2026-02-27T09:15Z,2026-02-27T09:00Z,1,10.5,1,B95,EUR,A03,A02,27,MAW,MAW,A01,A01
procured_balancing_capacity,27,2026-02-27T09:15:00,PT15M,2026-02-27T09:30Z,2026-02-27T09:15Z,1,10.5,1,B95,EUR,A03,A02,27,MAW,MAW,A01,A01
procured_balancing_capacity,27,2026-02-27T09:30:00,PT15M,2026-02-27T09:45Z,2026-02-27T09:30Z,1,10.5,1,B95,EUR,A03,A02,27,MAW,MAW,A01,A01
procured_balancing_capacity,27,2026-02-27T09:45:00,PT15M,2026-02-27T10:00Z,2026-02-27T09:45Z,1,10.5,1,B95,EUR,A03,A02,27,MAW,MAW,A01,A01
procured_balancing_capacity,27,2026-02-27T10:00:00,PT15M,2026-02-27T10:15Z,2026-02-27T10:00Z,1,10.5,1,B95,EUR,A03,A02,27,MAW,MAW,A01,A01
procured_balancing_capacity,27,2026-02-27T10:15:00,PT15M,2026-02-27T10:30Z,2026-02-27T10:15Z,1,10.5,1,B95,EUR,A03,A02,27,MAW,MAW,A01,A01
procured_balancing_capacity,27,2026-02-27T10:30:00,PT15M,2026-02-27T10:45Z,2026-02-27T10:30Z,1,10.5,1,B95,EUR,A03,A02,27,MAW,MAW,A01,A01
procured_balancing_capacity,27,2026-02-27T10:45:00,PT15M,2026-02-27T11:00Z,2026-02-27T10:45Z,1,10.5,1,B95,EUR,A03,A02,27,MAW,MAW,A01,A01
procured_balancing_capacity,27,2026-02-27T11:00:00,PT15M,2026-02-27T11:15Z,2026-02-27T11:00Z,1,10.5,1,B95,EUR,A03,A02,27,MAW,MAW,A01,A01
procured_balancing_capacity,27,2026-02-27T11:15:00,PT15M,2026-02-27T11:30Z,2026-02-27T11:15Z,1,10.5,1,B95,EUR,A03,A02,27,MAW,MAW,A01,A01
procured_balancing_capacity,27,2026-02-27T11:30:00,PT15M,2026-02-27T11:45Z,2026-02-27T11:30Z,1,10.5,1,B95,EUR,A03,A02,27,MAW,MAW,A01,A01
procured_balancing_capacity,27,2026-02-27T11:45:00,PT15M,2026-02-27T12:00Z,2026-02-27T11:45Z,1,10.5,1,B95,EUR,A03,A02,27,MAW,MAW,A01,A01
procured_balancing_capacity,27,2026-02-27T12:00:00,PT15M,2026-02-27T12:15Z,2026-02-27T12:00Z,1,10.5,1,B95,EUR,A03,A02,27,MAW,MAW,A01,A01
procured_balancing_capacity,27,2026-02-27T12:15:00,PT15M,2026-02-27T12:30Z,2026-02-27T12:15Z,1,10.5,1,B95,EUR,A03,A02,27,MAW,MAW,A01,A01
procured_balancing_capacity,27,2026-02-27T12:30:00,PT15M,2026-02-27T12:45Z,2026-02-27T12:30Z,1,10.5,1,B95,EUR,A03,A02,27,MAW,MAW,A01,A01
procured_balancing_capacity,27,2026-02-27T12:45:00,PT15M,2026-02-27T13:00Z,2026-02-27T12:45Z,1,10.5,1,B95,EUR,A03,A02,27,MAW,MAW,A01,A01
procured_balancing_capacity,27,2026-02-27T13:00:00,PT15M,2026-02-27T13:15Z,2026-02-27T13:00Z,1,10.5,1,B95,EUR,A03,A02,27,MAW,MAW,A01,A01
procured_balancing_capacity,27,2026-02-27T13:15:00,PT15M,2026-02-27T13:30Z,2026-02-27T13:15Z,1,10.5,1,B95,EUR,A03,A02,27,MAW,MAW,A01,A01
procured_balancing_capacity,27,2026-02-27T13:30:00,PT15M,2026-02-27T13:45Z,2026-02-27T13:30Z,1,10.5,1,B95,EUR,A03,A02,27,MAW,MAW,A01,A01
procured_balancing_capacity,27,2026-02-27T13:45:00,PT15M,2026-02-27T14:00Z,2026-02-27T13:45Z,1,10.5,1,B95,EUR,A03,A02,27,MAW,MAW,A01,A01
procured_balancing_capacity,27,2026-02-27T14:00:00,PT15M,2026-02-27T14:15Z,2026-02-27T14:00Z,1,10.5,1,B95,EUR,A03,A02,27,MAW,MAW,A01,A01
procured_balancing_capacity,27,2026-02-27T14:15:00,PT15M,2026-02-27T14:30Z,2026-02-27T14:15Z,1,10.5,1,B95,EUR,A03,A02,27,MAW,MAW,A01,A01
procured_balancing_capacity,27,2026-02-27T14:30:00,PT15M,2026-02-27T14:45Z,2026-02-27T14:30Z,1,10.5,1,B95,EUR,A03,A02,27,MAW,MAW,A01,A01
procured_balancing_capacity,27,2026-02-27T14:45:00,PT15M,2026-02-27T15:00Z,2026-02-27T14:45Z,1,10.5,1,B95,EUR,A03,A02,27,MAW,MAW,A01,A01
procured_balancing_capacity,27,2026-02-27T15:00:00,PT15M,2026-02-27T15:15Z,2026-02-27T15:00Z,1,7.77,1,B95,EUR,A03,A02,27,MAW,MAW,A01,A01
procured_balancing_capacity,27,2026-02-27T15:15:00,PT15M,2026-02-27T15:30Z,2026-02-27T15:15Z,1,7.77,1,B95,EUR,A03,A02,27,MAW,MAW,A01,A01
procured_balancing_capacity,27,2026-02-27T15:30:00,PT15M,2026-02-27T15:45Z,2026-02-27T15:30Z,1,7.77,1,B95,EUR,A03,A02,27,MAW,MAW,A01,A01
procured_balancing_capacity,27,2026-02-27T15:45:00,PT15M,2026-02-27T16:00Z,2026-02-27T15:45Z,1,7.77,1,B95,EUR,A03,A02,27,MAW,MAW,A01,A01
procured_balancing_capacity,27,2026-02-27T16:00:00,PT15M,2026-02-27T16:15Z,2026-02-27T16:00Z,1,7.77,1,B95,EUR,A03,A02,27,MAW,MAW,A01,A01
procured_balancing_capacity,27,2026-02-27T16:15:00,PT15M,2026-02-27T16:30Z,2026-02-27T16:15Z,1,7.77,1,B95,EUR,A03,A02,27,MAW,MAW,A01,A01
procured_balancing_capacity,27,2026-02-27T16:30:00,PT15M,2026-02-27T16:45Z,2026-02-27T16:30Z,1,7.77,1,B95,EUR,A03,A02,27,MAW,MAW,A01,A01
procured_balancing_capacity,27,2026-02-27T16:45:00,PT15M,2026-02-27T17:00Z,2026-02-27T16:45Z,1,7.77,1,B95,EUR,A03,A02,27,MAW,MAW,A01,A01
procured_balancing_capacity,27,2026-02-27T17:00:00,PT15M,2026-02-27T17:15Z,2026-02-27T17:00Z,1,7.77,1,B95,EUR,A03,A02,27,MAW,MAW,A01,A01
procured_balancing_capacity,27,2026-02-27T17:15:00,PT15M,2026-02-27T17:30Z,2026-02-27T17:15Z,1,7.77,1,B95,EUR,A03,A02,27,MAW,MAW,A01,A01
procured_balancing_capacity,27,2026-02-27T17:30:00,PT15M,2026-02-27T17:45Z,2026-02-27T17:30Z,1,7.77,1,B95,EUR,A03,A02,27,MAW,MAW,A01,A01
procured_balancing_capacity,27,2026-02-27T17:45:00,PT15M,2026-02-27T18:00Z,2026-02-27T17:45Z,1,7.77,1,B95,EUR,A03,A02,27,MAW,MAW,A01,A01
procured_balancing_capacity,27,2026-02-27T18:00:00,PT15M,2026-02-27T18:15Z,2026-02-27T18:00Z,1,7.77,1,B95,EUR,A03,A02,27,MAW,MAW,A01,A01
procured_balancing_capacity,27,2026-02-27T18:15:00,PT15M,2026-02-27T18:30Z,2026-02-27T18:15Z,1,7.77,1,B95,EUR,A03,A02,27,MAW,MAW,A01,A01
procured_balancing_capacity,27,2026-02-27T18:30:00,PT15M,2026-02-27T18:45Z,2026-02-27T18:30Z,1,7.77,1,B95,EUR,A03,A02,27,MAW,MAW,A01,A01
procured_balancing_capacity,27,2026-02-27T18:45:00,PT15M,2026-02-27T19:00Z,2026-02-27T18:45Z,1,7.77,1,B95,EUR,A03,A02,27,MAW,MAW,A01,A01
procured_balancing_capacity,27,2026-02-27T19:00:00,PT15M,2026-02-27T19:15Z,2026-02-27T19:00Z,1,7.77,1,B95,EUR,A03,A02,27,MAW,MAW,A01,A01
procured_balancing_capacity,27,2026-02-27T19:15:00,PT15M,2026-02-27T19:30Z,2026-02-27T19:15Z,1,7.77,1,B95,EUR,A03,A02,27,MAW,MAW,A01,A01
procured_balancing_capacity,27,2026-02-27T19:30:00,PT15M,2026-02-27T19:45Z,2026-02-27T19:30Z,1,7.77,1,B95,EUR,A03,A02,27,MAW,MAW,A01,A01
procured_balancing_capacity,27,2026-02-27T19:45:00,PT15M,2026-02-27T20:00Z,2026-02-27T19:45Z,1,7.77,1,B95,EUR,A03,A02,27,MAW,MAW,A01,A01
procured_balancing_capacity,27,2026-02-27T20:00:00,PT15M,2026-02-27T20:15Z,2026-02-27T20:00Z,1,7.77,1,B95,EUR,A03,A02,27,MAW,MAW,A01,A01
procured_balancing_capacity,27,2026-02-27T20:15:00,PT15M,2026-02-27T20:30Z,2026-02-27T20:15Z,1,7.77,1,B95,EUR,A03,A02,27,MAW,MAW,A01,A01
procured_balancing_capacity,27,2026-02-27T20:30:00,PT15M,2026-02-27T20:45Z,2026-02-27T20:30Z,1,7.77,1,B95,EUR,A03,A02,27,MAW,MAW,A01,A01
procured_balancing_capacity,27,2026-02-27T20:45:00,PT15M,2026-02-27T21:00Z,2026-02-27T20:45Z,1,7.77,1,B95,EUR,A03,A02,27,MAW,MAW,A01,A01
procured_balancing_capacity,27,2026-02-27T21:00:00,PT15M,2026-02-27T21:15Z,2026-02-27T21:00Z,1,6.1,1,B95,EUR,A03,A02,27,MAW,MAW,A01,A01
procured_balancing_capacity,27,2026-02-27T21:15:00,PT15M,2026-02-27T21:30Z,2026-02-27T21:15Z,1,6.1,1,B95,EUR,A03,A02,27,MAW,MAW,A01,A01
procured_balancing_capacity,27,2026-02-27T21:30:00,PT15M,2026-02-27T21:45Z,2026-02-27T21:30Z,1,6.1,1,B95,EUR,A03,A02,27,MAW,MAW,A01,A01
procured_balancing_capacity,27,2026-02-27T21:45:00,PT15M,2026-02-27T22:00Z,2026-02-27T21:45Z,1,6.1,1,B95,EUR,A03,A02,27,MAW,MAW,A01,A01
procured_balancing_capacity,27,2026-02-27T22:00:00,PT15M,2026-02-27T22:15Z,2026-02-27T22:00Z,1,6.1,1,B95,EUR,A03,A02,27,MAW,MAW,A01,A01
procured_balancing_capacity,27,2026-02-27T22:15:00,PT15M,2026-02-27T22:30Z,2026-02-27T22:15Z,1,6.1,1,B95,EUR,A03,A02,27,MAW,MAW,A01,A01
procured_balancing_capacity,27,2026-02-27T22:30:00,PT15M,2026-02-27T22:45Z,2026-02-27T22:30Z,1,6.1,1,B95,EUR,A03,A02,27,MAW,MAW,A01,A01
procured_balancing_capacity,27,2026-02-27T22:45:00,PT15M,2026-02-27T23:00Z,2026-02-27T22:45Z,1,6.1,1,B95,EUR,A03,A02,27,MAW,MAW,A01,A01
procured_balancing_capacity,28,2026-02-26T23:00:00,PT15M,2026-02-26T23:15Z,2026-02-26T23:00Z,1,24.35,4,B95,EUR,A03,A01,28,MAW,MAW,A01,A01
procured_balancing_capacity,28,2026-02-26T23:15:00,PT15M,2026-02-26T23:30Z,2026-02-26T23:15Z,1,24.35,4,B95,EUR,A03,A01,28,MAW,MAW,A01,A01
procured_balancing_capacity,28,2026-02-26T23:30:00,PT15M,2026-02-26T23:45Z,2026-02-26T23:30Z,1,24.35,4,B95,EUR,A03,A01,28,MAW,MAW,A01,A01
procured_balancing_capacity,28,2026-02-26T23:45:00,PT15M,2026-02-27T00:00Z,2026-02-26T23:45Z,1,24.35,4,B95,EUR,A03,A01,28,MAW,MAW,A01,A01
procured_balancing_capacity,28,2026-02-27T00:00:00,PT15M,2026-02-27T00:15Z,2026-02-27T00:00Z,1,24.35,4,B95,EUR,A03,A01,28,MAW,MAW,A01,A01
procured_balancing_capacity,28,2026-02-27T00:15:00,PT15M,2026-02-27T00:30Z,2026-02-27T00:15Z,1,24.35,4,B95,EUR,A03,A01,28,MAW,MAW,A01,A01
procured_balancing_capacity,28,2026-02-27T00:30:00,PT15M,2026-02-27T00:45Z,2026-02-27T00:30Z,1,24.35,4,B95,EUR,A03,A01,28,MAW,MAW,A01,A01
procured_balancing_capacity,28,2026-02-27T00:45:00,PT15M,2026-02-27T01:00Z,2026-02-27T00:45Z,1,24.35,4,B95,EUR,A03,A01,28,MAW,MAW,A01,A01
procured_balancing_capacity,28,2026-02-27T01:00:00,PT15M,2026-02-27T01:15Z,2026-02-27T01:00Z,1,24.35,4,B95,EUR,A03,A01,28,MAW,MAW,A01,A01
procured_balancing_capacity,28,2026-02-27T01:15:00,PT15M,2026-02-27T01:30Z,2026-02-27T01:15Z,1,24.35,4,B95,EUR,A03,A01,28,MAW,MAW,A01,A01
procured_balancing_capacity,28,2026-02-27T01:30:00,PT15M,2026-02-27T01:45Z,2026-02-27T01:30Z,1,24.35,4,B95,EUR,A03,A01,28,MAW,MAW,A01,A01
procured_balancing_capacity,28,2026-02-27T01:45:00,PT15M,2026-02-27T02:00Z,2026-02-27T01:45Z,1,24.35,4,B95,EUR,A03,A01,28,MAW,MAW,A01,A01
procured_balancing_capacity,28,2026-02-27T02:00:00,PT15M,2026-02-27T02:15Z,2026-02-27T02:00Z,1,24.35,4,B95,EUR,A03,A01,28,MAW,MAW,A01,A01
procured_balancing_capacity,28,2026-02-27T02:15:00,PT15M,2026-02-27T02:30Z,2026-02-27T02:15Z,1,24.35,4,B95,EUR,A03,A01,28,MAW,MAW,A01,A01
procured_balancing_capacity,28,2026-02-27T02:30:00,PT15M,2026-02-27T02:45Z,2026-02-27T02:30Z,1,24.35,4,B95,EUR,A03,A01,28,MAW,MAW,A01,A01
procured_balancing_capacity,28,2026-02-27T02:45:00,PT15M,2026-02-27T03:00Z,2026-02-27T02:45Z,1,24.35,4,B95,EUR,A03,A01,28,MAW,MAW,A01,A01
procured_balancing_capacity,28,2026-02-27T03:00:00,PT15M,2026-02-27T03:15Z,2026-02-27T03:00Z,1,24.35,4,B95,EUR,A03,A01,28,MAW,MAW,A01,A01
procured_balancing_capacity,28,2026-02-27T03:15:00,PT15M,2026-02-27T03:30Z,2026-02-27T03:15Z,1,24.35,4,B95,EUR,A03,A01,28,MAW,MAW,A01,A01
procured_balancing_capacity,28,2026-02-27T03:30:00,PT15M,2026-02-27T03:45Z,2026-02-27T03:30Z,1,24.35,4,B95,EUR,A03,A01,28,MAW,MAW,A01,A01
procured_balancing_capacity,28,2026-02-27T03:45:00,PT15M,2026-02-27T04:00Z,2026-02-27T03:45Z,1,24.35,4,B95,EUR,A03,A01,28,MAW,MAW,A01,A01
procured_balancing_capacity,28,2026-02-27T04:00:00,PT15M,2026-02-27T04:15Z,2026-02-27T04:00Z,1,24.35,4,B95,EUR,A03,A01,28,MAW,MAW,A01,A01
procured_balancing_capacity,28,2026-02-27T04:15:00,PT15M,2026-02-27T04:30Z,2026-02-27T04:15Z,1,24.35,4,B95,EUR,A03,A01,28,MAW,MAW,A01,A01
procured_balancing_capacity,28,2026-02-27T04:30:00,PT15M,2026-02-27T04:45Z,2026-02-27T04:30Z,1,24.35,4,B95,EUR,A03,A01,28,MAW,MAW,A01,A01
procured_balancing_capacity,28,2026-02-27T04:45:00,PT15M,2026-02-27T05:00Z,2026-02-27T04:45Z,1,25.85,4,B95,EUR,A03,A01,28,MAW,MAW,A01,A01
procured_balancing_capacity,28,2026-02-27T05:00:00,PT15M,2026-02-27T05:15Z,2026-02-27T05:00Z,1,0,0,B95,EUR,A03,A01,28,MAW,MAW,A01,A01
procured_balancing_capacity,28,2026-02-27T05:15:00,PT15M,2026-02-27T05:30Z,2026-02-27T05:15Z,1,0,0,B95,EUR,A03,A01,28,MAW,MAW,A01,A01
procured_balancing_capacity,28,2026-02-27T05:30:00,PT15M,2026-02-27T05:45Z,2026-02-27T05:30Z,1,0,0,B95,EUR,A03,A01,28,MAW,MAW,A01,A01
procured_balancing_capacity,28,2026-02-27T05:45:00,PT15M,2026-02-27T06:00Z,2026-02-27T05:45Z,1,0,0,B95,EUR,A03,A01,28,MAW,MAW,A01,A01
procured_balancing_capacity,28,2026-02-27T06:00:00,PT15M,2026-02-27T06:15Z,2026-02-27T06:00Z,1,0,0,B95,EUR,A03,A01,28,MAW,MAW,A01,A01
procured_balancing_capacity,28,2026-02-27T06:15:00,PT15M,2026-02-27T06:30Z,2026-02-27T06:15Z,1,0,0,B95,EUR,A03,A01,28,MAW,MAW,A01,A01
procured_balancing_capacity,28,2026-02-27T06:30:00,PT15M,2026-02-27T06:45Z,2026-02-27T06:30Z,1,0,0,B95,EUR,A03,A01,28,MAW,MAW,A01,A01
procured_balancing_capacity,28,2026-02-27T06:45:00,PT15M,2026-02-27T07:00Z,2026-02-27T06:45Z,1,0,0,B95,EUR,A03,A01,28,MAW,MAW,A01,A01
procured_balancing_capacity,28,2026-02-27T07:00:00,PT15M,2026-02-27T07:15Z,2026-02-27T07:00Z,1,33.3,4,B95,EUR,A03,A01,28,MAW,MAW,A01,A01
procured_balancing_capacity,28,2026-02-27T07:15:00,PT15M,2026-02-27T07:30Z,2026-02-27T07:15Z,1,33.3,4,B95,EUR,A03,A01,28,MAW,MAW,A01,A01
procured_balancing_capacity,28,2026-02-27T07:30:00,PT15M,2026-02-27T07:45Z,2026-02-27T07:30Z,1,33.3,4,B95,EUR,A03,A01,28,MAW,MAW,A01,A01
procured_balancing_capacity,28,2026-02-27T07:45:00,PT15M,2026-02-27T08:00Z,2026-02-27T07:45Z,1,33.3,4,B95,EUR,A03,A01,28,MAW,MAW,A01,A01
procured_balancing_capacity,28,2026-02-27T08:00:00,PT15M,2026-02-27T08:15Z,2026-02-27T08:00Z,1,32.08,4,B95,EUR,A03,A01,28,MAW,MAW,A01,A01
procured_balancing_capacity,28,2026-02-27T08:15:00,PT15M,2026-02-27T08:30Z,2026-02-27T08:15Z,1,32.08,4,B95,EUR,A03,A01,28,MAW,MAW,A01,A01
procured_balancing_capacity,28,2026-02-27T08:30:00,PT15M,2026-02-27T08:45Z,2026-02-27T08:30Z,1,32.08,4,B95,EUR,A03,A01,28,MAW,MAW,A01,A01
procured_balancing_capacity,28,2026-02-27T08:45:00,PT15M,2026-02-27T09:00Z,2026-02-27T08:45Z,1,32.08,4,B95,EUR,A03,A01,28,MAW,MAW,A01,A01
procured_balancing_capacity,28,2026-02-27T09:00:00,PT15M,2026-02-27T09:15Z,2026-02-27T09:00Z,1,0,0,B95,EUR,A03,A01,28,MAW,MAW,A01,A01
procured_balancing_capacity,28,2026-02-27T09:15:00,PT15M,2026-02-27T09:30Z,2026-02-27T09:15Z,1,0,0,B95,EUR,A03,A01,28,MAW,MAW,A01,A01
procured_balancing_capacity,28,2026-02-27T09:30:00,PT15M,2026-02-27T09:45Z,2026-02-27T09:30Z,1,0,0,B95,EUR,A03,A01,28,MAW,MAW,A01,A01
procured_balancing_capacity,28,2026-02-27T09:45:00,PT15M,2026-02-27T10:00Z,2026-02-27T09:45Z,1,0,0,B95,EUR,A03,A01,28,MAW,MAW,A01,A01
procured_balancing_capacity,28,2026-02-27T10:00:00,PT15M,2026-02-27T10:15Z,2026-02-27T10:00Z,1,0,0,B95,EUR,A03,A01,28,MAW,MAW,A01,A01
procured_balancing_capacity,28,2026-02-27T10:15:00,PT15M,2026-02-27T10:30Z,2026-02-27T10:15Z,1,0,0,B95,EUR,A03,A01,28,MAW,MAW,A01,A01
procured_balancing_capacity,28,2026-02-27T10:30:00,PT15M,2026-02-27T10:45Z,2026-02-27T10:30Z,1,0,0,B95,EUR,A03,A01,28,MAW,MAW,A01,A01
procured_balancing_capacity,28,2026-02-27T10:45:00,PT15M,2026-02-27T11:00Z,2026-02-27T10:45Z,1,0,0,B95,EUR,A03,A01,28,MAW,MAW,A01,A01
procured_balancing_capacity,28,2026-02-27T11:00:00,PT15M,2026-02-27T11:15Z,2026-02-27T11:00Z,1,0,0,B95,EUR,A03,A01,28,MAW,MAW,A01,A01
procured_balancing_capacity,28,2026-02-27T11:15:00,PT15M,2026-02-27T11:30Z,2026-02-27T11:15Z,1,0,0,B95,EUR,A03,A01,28,MAW,MAW,A01,A01
procured_balancing_capacity,28,2026-02-27T11:30:00,PT15M,2026-02-27T11:45Z,2026-02-27T11:30Z,1,0,0,B95,EUR,A03,A01,28,MAW,MAW,A01,A01
procured_balancing_capacity,28,2026-02-27T11:45:00,PT15M,2026-02-27T12:00Z,2026-02-27T11:45Z,1,0,0,B95,EUR,A03,A01,28,MAW,MAW,A01,A01
procured_balancing_capacity,28,2026-02-27T12:00:00,PT15M,2026-02-27T12:15Z,2026-02-27T12:00Z,1,0,0,B95,EUR,A03,A01,28,MAW,MAW,A01,A01
procured_balancing_capacity,28,2026-02-27T12:15:00,PT15M,2026-02-27T12:30Z,2026-02-27T12:15Z,1,0,0,B95,EUR,A03,A01,28,MAW,MAW,A01,A01
procured_balancing_capacity,28,2026-02-27T12:30:00,PT15M,2026-02-27T12:45Z,2026-02-27T12:30Z,1,0,0,B95,EUR,A03,A01,28,MAW,MAW,A01,A01
procured_balancing_capacity,28,2026-02-27T12:45:00,PT15M,2026-02-27T13:00Z,2026-02-27T12:45Z,1,0,0,B95,EUR,A03,A01,28,MAW,MAW,A01,A01
procured_balancing_capacity,28,2026-02-27T13:00:00,PT15M,2026-02-27T13:15Z,2026-02-27T13:00Z,1,0,0,B95,EUR,A03,A01,28,MAW,MAW,A01,A01
procured_balancing_capacity,28,2026-02-27T13:15:00,PT15M,2026-02-27T13:30Z,2026-02-27T13:15Z,1,0,0,B95,EUR,A03,A01,28,MAW,MAW,A01,A01
procured_balancing_capacity,28,2026-02-27T13:30:00,PT15M,2026-02-27T13:45Z,2026-02-27T13:30Z,1,0,0,B95,EUR,A03,A01,28,MAW,MAW,A01,A01
procured_balancing_capacity,28,2026-02-27T13:45:00,PT15M,2026-02-27T14:00Z,2026-02-27T13:45Z,1,0,0,B95,EUR,A03,A01,28,MAW,MAW,A01,A01
procured_balancing_capacity,28,2026-02-27T14:00:00,PT15M,2026-02-27T14:15Z,2026-02-27T14:00Z,1,0,0,B95,EUR,A03,A01,28,MAW,MAW,A01,A01
procured_balancing_capacity,28,2026-02-27T14:15:00,PT15M,2026-02-27T14:30Z,2026-02-27T14:15Z,1,32.6,4,B95,EUR,A03,A01,28,MAW,MAW,A01,A01
procured_balancing_capacity,28,2026-02-27T14:30:00,PT15M,2026-02-27T14:45Z,2026-02-27T14:30Z,1,32.6,4,B95,EUR,A03,A01,28,MAW,MAW,A01,A01
procured_balancing_capacity,28,2026-02-27T14:45:00,PT15M,2026-02-27T15:00Z,2026-02-27T14:45Z,1,32.95,4,B95,EUR,A03,A01,28,MAW,MAW,A01,A01
procured_balancing_capacity,28,2026-02-27T15:00:00,PT15M,2026-02-27T15:15Z,2026-02-27T15:00Z,1,33.25,4,B95,EUR,A03,A01,28,MAW,MAW,A01,A01
procured_balancing_capacity,28,2026-02-27T15:15:00,PT15M,2026-02-27T15:30Z,2026-02-27T15:15Z,1,33.25,4,B95,EUR,A03,A01,28,MAW,MAW,A01,A01
procured_balancing_capacity,28,2026-02-27T15:30:00,PT15M,2026-02-27T15:45Z,2026-02-27T15:30Z,1,33.25,4,B95,EUR,A03,A01,28,MAW,MAW,A01,A01
procured_balancing_capacity,28,2026-02-27T15:45:00,PT15M,2026-02-27T16:00Z,2026-02-27T15:45Z,1,33.25,4,B95,EUR,A03,A01,28,MAW,MAW,A01,A01
procured_balancing_capacity,28,2026-02-27T16:00:00,PT15M,2026-02-27T16:15Z,2026-02-27T16:00Z,1,0,0,B95,EUR,A03,A01,28,MAW,MAW,A01,A01
procured_balancing_capacity,28,2026-02-27T16:15:00,PT15M,2026-02-27T16:30Z,2026-02-27T16:15Z,1,0,0,B95,EUR,A03,A01,28,MAW,MAW,A01,A01
procured_balancing_capacity,28,2026-02-27T16:30:00,PT15M,2026-02-27T16:45Z,2026-02-27T16:30Z,1,0,0,B95,EUR,A03,A01,28,MAW,MAW,A01,A01
procured_balancing_capacity,28,2026-02-27T16:45:00,PT15M,2026-02-27T17:00Z,2026-02-27T16:45Z,1,0,0,B95,EUR,A03,A01,28,MAW,MAW,A01,A01
procured_balancing_capacity,28,2026-02-27T17:00:00,PT15M,2026-02-27T17:15Z,2026-02-27T17:00Z,1,0,0,B95,EUR,A03,A01,28,MAW,MAW,A01,A01
procured_balancing_capacity,28,2026-02-27T17:15:00,PT15M,2026-02-27T17:30Z,2026-02-27T17:15Z,1,0,0,B95,EUR,A03,A01,28,MAW,MAW,A01,A01
procured_balancing_capacity,28,2026-02-27T17:30:00,PT15M,2026-02-27T17:45Z,2026-02-27T17:30Z,1,0,0,B95,EUR,A03,A01,28,MAW,MAW,A01,A01
procured_balancing_capacity,28,2026-02-27T17:45:00,PT15M,2026-02-27T18:00Z,2026-02-27T17:45Z,1,0,0,B95,EUR,A03,A01,28,MAW,MAW,A01,A01
procured_balancing_capacity,28,2026-02-27T18:00:00,PT15M,2026-02-27T18:15Z,2026-02-27T18:00Z,1,0,0,B95,EUR,A03,A01,28,MAW,MAW,A01,A01
procured_balancing_capacity,28,2026-02-27T18:15:00,PT15M,2026-02-27T18:30Z,2026-02-27T18:15Z,1,0,0,B95,EUR,A03,A01,28,MAW,MAW,A01,A01
procured_balancing_capacity,28,2026-02-27T18:30:00,PT15M,2026-02-27T18:45Z,2026-02-27T18:30Z,1,0,0,B95,EUR,A03,A01,28,MAW,MAW,A01,A01
procured_balancing_capacity,28,2026-02-27T18:45:00,PT15M,2026-02-27T19:00Z,2026-02-27T18:45Z,1,0,0,B95,EUR,A03,A01,28,MAW,MAW,A01,A01
procured_balancing_capacity,28,2026-02-27T19:00:00,PT15M,2026-02-27T19:15Z,2026-02-27T19:00Z,1,0,0,B95,EUR,A03,A01,28,MAW,MAW,A01,A01
procured_balancing_capacity,28,2026-02-27T19:15:00,PT15M,2026-02-27T19:30Z,2026-02-27T19:15Z,1,0,0,B95,EUR,A03,A01,28,MAW,MAW,A01,A01
procured_balancing_capacity,28,2026-02-27T19:30:00,PT15M,2026-02-27T19:45Z,2026-02-27T19:30Z,1,0,0,B95,EUR,A03,A01,28,MAW,MAW,A01,A01
procured_balancing_capacity,28,2026-02-27T19:45:00,PT15M,2026-02-27T20:00Z,2026-02-27T19:45Z,1,0,0,B95,EUR,A03,A01,28,MAW,MAW,A01,A01
procured_balancing_capacity,28,2026-02-27T20:00:00,PT15M,2026-02-27T20:15Z,2026-02-27T20:00Z,1,32.95,4,B95,EUR,A03,A01,28,MAW,MAW,A01,A01
procured_balancing_capacity,28,2026-02-27T20:15:00,PT15M,2026-02-27T20:30Z,2026-02-27T20:15Z,1,32.95,4,B95,EUR,A03,A01,28,MAW,MAW,A01,A01
procured_balancing_capacity,28,2026-02-27T20:30:00,PT15M,2026-02-27T20:45Z,2026-02-27T20:30Z,1,32.95,4,B95,EUR,A03,A01,28,MAW,MAW,A01,A01
procured_balancing_capacity,28,2026-02-27T20:45:00,PT15M,2026-02-27T21:00Z,2026-02-27T20:45Z,1,32.95,4,B95,EUR,A03,A01,28,MAW,MAW,A01,A01
procured_balancing_capacity,28,2026-02-27T21:00:00,PT15M,2026-02-27T21:15Z,2026-02-27T21:00Z,1,27.65,4,B95,EUR,A03,A01,28,MAW,MAW,A01,A01
procured_balancing_capacity,28,2026-02-27T21:15:00,PT15M,2026-02-27T21:30Z,2026-02-27T21:15Z,1,27.65,4,B95,EUR,A03,A01,28,MAW,MAW,A01,A01
procured_balancing_capacity,28,2026-02-27T21:30:00,PT15M,2026-02-27T21:45Z,2026-02-27T21:30Z,1,27.65,4,B95,EUR,A03,A01,28,MAW,MAW,A01,A01
procured_balancing_capacity,28,2026-02-27T21:45:00,PT15M,2026-02-27T22:00Z,2026-02-27T21:45Z,1,27.65,4,B95,EUR,A03,A01,28,MAW,MAW,A01,A01
procured_balancing_capacity,28,2026-02-27T22:00:00,PT15M,2026-02-27T22:15Z,2026-02-27T22:00Z,1,27.65,4,B95,EUR,A03,A01,28,MAW,MAW,A01,A01
procured_balancing_capacity,28,2026-02-27T22:15:00,PT15M,2026-02-27T22:30Z,2026-02-27T22:15Z,1,27.65,4,B95,EUR,A03,A01,28,MAW,MAW,A01,A01
procured_balancing_capacity,28,2026-02-27T22:30:00,PT15M,2026-02-27T22:45Z,2026-02-27T22:30Z,1,27.65,4,B95,EUR,A03,A01,28,MAW,MAW,A01,A01
procured_balancing_capacity,28,2026-02-27T22:45:00,PT15M,2026-02-27T23:00Z,2026-02-27T22:45Z,1,27.65,4,B95,EUR,A03,A01,28,MAW,MAW,A01,A01
procured_balancing_capacity,29,2026-02-26T23:00:00,PT15M,2026-02-26T23:15Z,2026-02-26T23:00Z,1,27.95,3,B95,EUR,A03,A01,29,MAW,MAW,A01,A01
procured_balancing_capacity,29,2026-02-26T23:15:00,PT15M,2026-02-26T23:30Z,2026-02-26T23:15Z,1,27.95,3,B95,EUR,A03,A01,29,MAW,MAW,A01,A01
procured_balancing_capacity,29,2026-02-26T23:30:00,PT15M,2026-02-26T23:45Z,2026-02-26T23:30Z,1,27.95,3,B95,EUR,A03,A01,29,MAW,MAW,A01,A01
procured_balancing_capacity,29,2026-02-26T23:45:00,PT15M,2026-02-27T00:00Z,2026-02-26T23:45Z,1,27.95,3,B95,EUR,A03,A01,29,MAW,MAW,A01,A01
procured_balancing_capacity,29,2026-02-27T00:00:00,PT15M,2026-02-27T00:15Z,2026-02-27T00:00Z,1,27.95,3,B95,EUR,A03,A01,29,MAW,MAW,A01,A01
procured_balancing_capacity,29,2026-02-27T00:15:00,PT15M,2026-02-27T00:30Z,2026-02-27T00:15Z,1,27.95,3,B95,EUR,A03,A01,29,MAW,MAW,A01,A01
procured_balancing_capacity,29,2026-02-27T00:30:00,PT15M,2026-02-27T00:45Z,2026-02-27T00:30Z,1,27.95,3,B95,EUR,A03,A01,29,MAW,MAW,A01,A01
procured_balancing_capacity,29,2026-02-27T00:45:00,PT15M,2026-02-27T01:00Z,2026-02-27T00:45Z,1,27.95,3,B95,EUR,A03,A01,29,MAW,MAW,A01,A01
procured_balancing_capacity,29,2026-02-27T01:00:00,PT15M,2026-02-27T01:15Z,2026-02-27T01:00Z,1,27.95,3,B95,EUR,A03,A01,29,MAW,MAW,A01,A01
procured_balancing_capacity,29,2026-02-27T01:15:00,PT15M,2026-02-27T01:30Z,2026-02-27T01:15Z,1,27.95,3,B95,EUR,A03,A01,29,MAW,MAW,A01,A01
procured_balancing_capacity,29,2026-02-27T01:30:00,PT15M,2026-02-27T01:45Z,2026-02-27T01:30Z,1,27.95,3,B95,EUR,A03,A01,29,MAW,MAW,A01,A01
procured_balancing_capacity,29,2026-02-27T01:45:00,PT15M,2026-02-27T02:00Z,2026-02-27T01:45Z,1,27.95,3,B95,EUR,A03,A01,29,MAW,MAW,A01,A01
procured_balancing_capacity,29,2026-02-27T02:00:00,PT15M,2026-02-27T02:15Z,2026-02-27T02:00Z,1,27.95,3,B95,EUR,A03,A01,29,MAW,MAW,A01,A01
procured_balancing_capacity,29,2026-02-27T02:15:00,PT15M,2026-02-27T02:30Z,2026-02-27T02:15Z,1,27.95,3,B95,EUR,A03,A01,29,MAW,MAW,A01,A01
procured_balancing_capacity,29,2026-02-27T02:30:00,PT15M,2026-02-27T02:45Z,2026-02-27T02:30Z,1,27.95,3,B95,EUR,A03,A01,29,MAW,MAW,A01,A01
procured_balancing_capacity,29,2026-02-27T02:45:00,PT15M,2026-02-27T03:00Z,2026-02-27T02:45Z,1,27.95,3,B95,EUR,A03,A01,29,MAW,MAW,A01,A01
procured_balancing_capacity,29,2026-02-27T03:00:00,PT15M,2026-02-27T03:15Z,2026-02-27T03:00Z,1,27.95,3,B95,EUR,A03,A01,29,MAW,MAW,A01,A01
procured_balancing_capacity,29,2026-02-27T03:15:00,PT15M,2026-02-27T03:30Z,2026-02-27T03:15Z,1,27.95,3,B95,EUR,A03,A01,29,MAW,MAW,A01,A01
procured_balancing_capacity,29,2026-02-27T03:30:00,PT15M,2026-02-27T03:45Z,2026-02-27T03:30Z,1,27.95,3,B95,EUR,A03,A01,29,MAW,MAW,A01,A01
procured_balancing_capacity,29,2026-02-27T03:45:00,PT15M,2026-02-27T04:00Z,2026-02-27T03:45Z,1,27.95,3,B95,EUR,A03,A01,29,MAW,MAW,A01,A01
procured_balancing_capacity,29,2026-02-27T04:00:00,PT15M,2026-02-27T04:15Z,2026-02-27T04:00Z,1,27.95,2,B95,EUR,A03,A01,29,MAW,MAW,A01,A01
procured_balancing_capacity,29,2026-02-27T04:15:00,PT15M,2026-02-27T04:30Z,2026-02-27T04:15Z,1,27.95,2,B95,EUR,A03,A01,29,MAW,MAW,A01,A01
procured_balancing_capacity,29,2026-02-27T04:30:00,PT15M,2026-02-27T04:45Z,2026-02-27T04:30Z,1,27.95,2,B95,EUR,A03,A01,29,MAW,MAW,A01,A01
procured_balancing_capacity,29,2026-02-27T04:45:00,PT15M,2026-02-27T05:00Z,2026-02-27T04:45Z,1,27.95,2,B95,EUR,A03,A01,29,MAW,MAW,A01,A01
procured_balancing_capacity,29,2026-02-27T05:00:00,PT15M,2026-02-27T05:15Z,2026-02-27T05:00Z,1,0,0,B95,EUR,A03,A01,29,MAW,MAW,A01,A01
procured_balancing_capacity,29,2026-02-27T05:15:00,PT15M,2026-02-27T05:30Z,2026-02-27T05:15Z,1,0,0,B95,EUR,A03,A01,29,MAW,MAW,A01,A01
procured_balancing_capacity,29,2026-02-27T05:30:00,PT15M,2026-02-27T05:45Z,2026-02-27T05:30Z,1,0,0,B95,EUR,A03,A01,29,MAW,MAW,A01,A01
procured_balancing_capacity,29,2026-02-27T05:45:00,PT15M,2026-02-27T06:00Z,2026-02-27T05:45Z,1,0,0,B95,EUR,A03,A01,29,MAW,MAW,A01,A01
procured_balancing_capacity,29,2026-02-27T06:00:00,PT15M,2026-02-27T06:15Z,2026-02-27T06:00Z,1,0,0,B95,EUR,A03,A01,29,MAW,MAW,A01,A01
procured_balancing_capacity,29,2026-02-27T06:15:00,PT15M,2026-02-27T06:30Z,2026-02-27T06:15Z,1,0,0,B95,EUR,A03,A01,29,MAW,MAW,A01,A01
procured_balancing_capacity,29,2026-02-27T06:30:00,PT15M,2026-02-27T06:45Z,2026-02-27T06:30Z,1,0,0,B95,EUR,A03,A01,29,MAW,MAW,A01,A01
procured_balancing_capacity,29,2026-02-27T06:45:00,PT15M,2026-02-27T07:00Z,2026-02-27T06:45Z,1,0,0,B95,EUR,A03,A01,29,MAW,MAW,A01,A01
procured_balancing_capacity,29,2026-02-27T07:00:00,PT15M,2026-02-27T07:15Z,2026-02-27T07:00Z,1,34.2,2,B95,EUR,A03,A01,29,MAW,MAW,A01,A01
procured_balancing_capacity,29,2026-02-27T07:15:00,PT15M,2026-02-27T07:30Z,2026-02-27T07:15Z,1,34.2,2,B95,EUR,A03,A01,29,MAW,MAW,A01,A01
procured_balancing_capacity,29,2026-02-27T07:30:00,PT15M,2026-02-27T07:45Z,2026-02-27T07:30Z,1,34.2,2,B95,EUR,A03,A01,29,MAW,MAW,A01,A01
procured_balancing_capacity,29,2026-02-27T07:45:00,PT15M,2026-02-27T08:00Z,2026-02-27T07:45Z,1,34.2,2,B95,EUR,A03,A01,29,MAW,MAW,A01,A01
procured_balancing_capacity,29,2026-02-27T08:00:00,PT15M,2026-02-27T08:15Z,2026-02-27T08:00Z,1,34.2,2,B95,EUR,A03,A01,29,MAW,MAW,A01,A01
procured_balancing_capacity,29,2026-02-27T08:15:00,PT15M,2026-02-27T08:30Z,2026-02-27T08:15Z,1,34.2,2,B95,EUR,A03,A01,29,MAW,MAW,A01,A01
procured_balancing_capacity,29,2026-02-27T08:30:00,PT15M,2026-02-27T08:45Z,2026-02-27T08:30Z,1,34.2,2,B95,EUR,A03,A01,29,MAW,MAW,A01,A01
procured_balancing_capacity,29,2026-02-27T08:45:00,PT15M,2026-02-27T09:00Z,2026-02-27T08:45Z,1,34.2,2,B95,EUR,A03,A01,29,MAW,MAW,A01,A01
procured_balancing_capacity,29,2026-02-27T09:00:00,PT15M,2026-02-27T09:15Z,2026-02-27T09:00Z,1,0,0,B95,EUR,A03,A01,29,MAW,MAW,A01,A01
procured_balancing_capacity,29,2026-02-27T09:15:00,PT15M,2026-02-27T09:30Z,2026-02-27T09:15Z,1,0,0,B95,EUR,A03,A01,29,MAW,MAW,A01,A01
procured_balancing_capacity,29,2026-02-27T09:30:00,PT15M,2026-02-27T09:45Z,2026-02-27T09:30Z,1,0,0,B95,EUR,A03,A01,29,MAW,MAW,A01,A01
procured_balancing_capacity,29,2026-02-27T09:45:00,PT15M,2026-02-27T10:00Z,2026-02-27T09:45Z,1,0,0,B95,EUR,A03,A01,29,MAW,MAW,A01,A01
procured_balancing_capacity,29,2026-02-27T10:00:00,PT15M,2026-02-27T10:15Z,2026-02-27T10:00Z,1,0,0,B95,EUR,A03,A01,29,MAW,MAW,A01,A01
procured_balancing_capacity,29,2026-02-27T10:15:00,PT15M,2026-02-27T10:30Z,2026-02-27T10:15Z,1,0,0,B95,EUR,A03,A01,29,MAW,MAW,A01,A01
procured_balancing_capacity,29,2026-02-27T10:30:00,PT15M,2026-02-27T10:45Z,2026-02-27T10:30Z,1,0,0,B95,EUR,A03,A01,29,MAW,MAW,A01,A01
procured_balancing_capacity,29,2026-02-27T10:45:00,PT15M,2026-02-27T11:00Z,2026-02-27T10:45Z,1,0,0,B95,EUR,A03,A01,29,MAW,MAW,A01,A01
procured_balancing_capacity,29,2026-02-27T11:00:00,PT15M,2026-02-27T11:15Z,2026-02-27T11:00Z,1,0,0,B95,EUR,A03,A01,29,MAW,MAW,A01,A01
procured_balancing_capacity,29,2026-02-27T11:15:00,PT15M,2026-02-27T11:30Z,2026-02-27T11:15Z,1,0,0,B95,EUR,A03,A01,29,MAW,MAW,A01,A01
procured_balancing_capacity,29,2026-02-27T11:30:00,PT15M,2026-02-27T11:45Z,2026-02-27T11:30Z,1,0,0,B95,EUR,A03,A01,29,MAW,MAW,A01,A01
procured_balancing_capacity,29,2026-02-27T11:45:00,PT15M,2026-02-27T12:00Z,2026-02-27T11:45Z,1,0,0,B95,EUR,A03,A01,29,MAW,MAW,A01,A01
procured_balancing_capacity,29,2026-02-27T12:00:00,PT15M,2026-02-27T12:15Z,2026-02-27T12:00Z,1,0,0,B95,EUR,A03,A01,29,MAW,MAW,A01,A01
procured_balancing_capacity,29,2026-02-27T12:15:00,PT15M,2026-02-27T12:30Z,2026-02-27T12:15Z,1,0,0,B95,EUR,A03,A01,29,MAW,MAW,A01,A01
procured_balancing_capacity,29,2026-02-27T12:30:00,PT15M,2026-02-27T12:45Z,2026-02-27T12:30Z,1,0,0,B95,EUR,A03,A01,29,MAW,MAW,A01,A01
procured_balancing_capacity,29,2026-02-27T12:45:00,PT15M,2026-02-27T13:00Z,2026-02-27T12:45Z,1,0,0,B95,EUR,A03,A01,29,MAW,MAW,A01,A01
procured_balancing_capacity,29,2026-02-27T13:00:00,PT15M,2026-02-27T13:15Z,2026-02-27T13:00Z,1,0,0,B95,EUR,A03,A01,29,MAW,MAW,A01,A01
procured_balancing_capacity,29,2026-02-27T13:15:00,PT15M,2026-02-27T13:30Z,2026-02-27T13:15Z,1,0,0,B95,EUR,A03,A01,29,MAW,MAW,A01,A01
procured_balancing_capacity,29,2026-02-27T13:30:00,PT15M,2026-02-27T13:45Z,2026-02-27T13:30Z,1,0,0,B95,EUR,A03,A01,29,MAW,MAW,A01,A01
procured_balancing_capacity,29,2026-02-27T13:45:00,PT15M,2026-02-27T14:00Z,2026-02-27T13:45Z,1,0,0,B95,EUR,A03,A01,29,MAW,MAW,A01,A01
procured_balancing_capacity,29,2026-02-27T14:00:00,PT15M,2026-02-27T14:15Z,2026-02-27T14:00Z,1,0,0,B95,EUR,A03,A01,29,MAW,MAW,A01,A01
procured_balancing_capacity,29,2026-02-27T14:15:00,PT15M,2026-02-27T14:30Z,2026-02-27T14:15Z,1,32.95,3,B95,EUR,A03,A01,29,MAW,MAW,A01,A01
procured_balancing_capacity,29,2026-02-27T14:30:00,PT15M,2026-02-27T14:45Z,2026-02-27T14:30Z,1,32.95,3,B95,EUR,A03,A01,29,MAW,MAW,A01,A01
procured_balancing_capacity,29,2026-02-27T14:45:00,PT15M,2026-02-27T15:00Z,2026-02-27T14:45Z,1,32.95,3,B95,EUR,A03,A01,29,MAW,MAW,A01,A01
procured_balancing_capacity,29,2026-02-27T15:00:00,PT15M,2026-02-27T15:15Z,2026-02-27T15:00Z,1,33.35,3,B95,EUR,A03,A01,29,MAW,MAW,A01,A01
procured_balancing_capacity,29,2026-02-27T15:15:00,PT15M,2026-02-27T15:30Z,2026-02-27T15:15Z,1,33.35,3,B95,EUR,A03,A01,29,MAW,MAW,A01,A01
procured_balancing_capacity,29,2026-02-27T15:30:00,PT15M,2026-02-27T15:45Z,2026-02-27T15:30Z,1,33.35,3,B95,EUR,A03,A01,29,MAW,MAW,A01,A01
procured_balancing_capacity,29,2026-02-27T15:45:00,PT15M,2026-02-27T16:00Z,2026-02-27T15:45Z,1,33.35,3,B95,EUR,A03,A01,29,MAW,MAW,A01,A01
procured_balancing_capacity,29,2026-02-27T16:00:00,PT15M,2026-02-27T16:15Z,2026-02-27T16:00Z,1,0,0,B95,EUR,A03,A01,29,MAW,MAW,A01,A01
procured_balancing_capacity,29,2026-02-27T16:15:00,PT15M,2026-02-27T16:30Z,2026-02-27T16:15Z,1,0,0,B95,EUR,A03,A01,29,MAW,MAW,A01,A01
procured_balancing_capacity,29,2026-02-27T16:30:00,PT15M,2026-02-27T16:45Z,2026-02-27T16:30Z,1,0,0,B95,EUR,A03,A01,29,MAW,MAW,A01,A01
procured_balancing_capacity,29,2026-02-27T16:45:00,PT15M,2026-02-27T17:00Z,2026-02-27T16:45Z,1,0,0,B95,EUR,A03,A01,29,MAW,MAW,A01,A01
procured_balancing_capacity,29,2026-02-27T17:00:00,PT15M,2026-02-27T17:15Z,2026-02-27T17:00Z,1,0,0,B95,EUR,A03,A01,29,MAW,MAW,A01,A01
procured_balancing_capacity,29,2026-02-27T17:15:00,PT15M,2026-02-27T17:30Z,2026-02-27T17:15Z,1,0,0,B95,EUR,A03,A01,29,MAW,MAW,A01,A01
procured_balancing_capacity,29,2026-02-27T17:30:00,PT15M,2026-02-27T17:45Z,2026-02-27T17:30Z,1,0,0,B95,EUR,A03,A01,29,MAW,MAW,A01,A01
procured_balancing_capacity,29,2026-02-27T17:45:00,PT15M,2026-02-27T18:00Z,2026-02-27T17:45Z,1,0,0,B95,EUR,A03,A01,29,MAW,MAW,A01,A01
procured_balancing_capacity,29,2026-02-27T18:00:00,PT15M,2026-02-27T18:15Z,2026-02-27T18:00Z,1,0,0,B95,EUR,A03,A01,29,MAW,MAW,A01,A01
procured_balancing_capacity,29,2026-02-27T18:15:00,PT15M,2026-02-27T18:30Z,2026-02-27T18:15Z,1,0,0,B95,EUR,A03,A01,29,MAW,MAW,A01,A01
procured_balancing_capacity,29,2026-02-27T18:30:00,PT15M,2026-02-27T18:45Z,2026-02-27T18:30Z,1,0,0,B95,EUR,A03,A01,29,MAW,MAW,A01,A01
procured_balancing_capacity,29,2026-02-27T18:45:00,PT15M,2026-02-27T19:00Z,2026-02-27T18:45Z,1,0,0,B95,EUR,A03,A01,29,MAW,MAW,A01,A01
procured_balancing_capacity,29,2026-02-27T19:00:00,PT15M,2026-02-27T19:15Z,2026-02-27T19:00Z,1,0,0,B95,EUR,A03,A01,29,MAW,MAW,A01,A01
procured_balancing_capacity,29,2026-02-27T19:15:00,PT15M,2026-02-27T19:30Z,2026-02-27T19:15Z,1,0,0,B95,EUR,A03,A01,29,MAW,MAW,A01,A01
procured_balancing_capacity,29,2026-02-27T19:30:00,PT15M,2026-02-27T19:45Z,2026-02-27T19:30Z,1,0,0,B95,EUR,A03,A01,29,MAW,MAW,A01,A01
procured_balancing_capacity,29,2026-02-27T19:45:00,PT15M,2026-02-27T20:00Z,2026-02-27T19:45Z,1,0,0,B95,EUR,A03,A01,29,MAW,MAW,A01,A01
procured_balancing_capacity,29,2026-02-27T20:00:00,PT15M,2026-02-27T20:15Z,2026-02-27T20:00Z,1,32.95,3,B95,EUR,A03,A01,29,MAW,MAW,A01,A01
procured_balancing_capacity,29,2026-02-27T20:15:00,PT15M,2026-02-27T20:30Z,2026-02-27T20:15Z,1,32.95,3,B95,EUR,A03,A01,29,MAW,MAW,A01,A01
procured_balancing_capacity,29,2026-02-27T20:30:00,PT15M,2026-02-27T20:45Z,2026-02-27T20:30Z,1,32.95,3,B95,EUR,A03,A01,29,MAW,MAW,A01,A01
procured_balancing_capacity,29,2026-02-27T20:45:00,PT15M,2026-02-27T21:00Z,2026-02-27T20:45Z,1,32.95,3,B95,EUR,A03,A01,29,MAW,MAW,A01,A01
procured_balancing_capacity,29,2026-02-27T21:00:00,PT15M,2026-02-27T21:15Z,2026-02-27T21:00Z,1,27.9,3,B95,EUR,A03,A01,29,MAW,MAW,A01,A01
procured_balancing_capacity,29,2026-02-27T21:15:00,PT15M,2026-02-27T21:30Z,2026-02-27T21:15Z,1,27.9,3,B95,EUR,A03,A01,29,MAW,MAW,A01,A01
procured_balancing_capacity,29,2026-02-27T21:30:00,PT15M,2026-02-27T21:45Z,2026-02-27T21:30Z,1,27.9,3,B95,EUR,A03,A01,29,MAW,MAW,A01,A01
procured_balancing_capacity,29,2026-02-27T21:45:00,PT15M,2026-02-27T22:00Z,2026-02-27T21:45Z,1,27.9,3,B95,EUR,A03,A01,29,MAW,MAW,A01,A01
procured_balancing_capacity,29,2026-02-27T22:00:00,PT15M,2026-02-27T22:15Z,2026-02-27T22:00Z,1,27.9,3,B95,EUR,A03,A01,29,MAW,MAW,A01,A01
procured_balancing_capacity,29,2026-02-27T22:15:00,PT15M,2026-02-27T22:30Z,2026-02-27T22:15Z,1,27.9,3,B95,EUR,A03,A01,29,MAW,MAW,A01,A01
procured_balancing_capacity,29,2026-02-27T22:30:00,PT15M,2026-02-27T22:45Z,2026-02-27T22:30Z,1,27.9,3,B95,EUR,A03,A01,29,MAW,MAW,A01,A01
procured_balancing_capacity,29,2026-02-27T22:45:00,PT15M,2026-02-27T23:00Z,2026-02-27T22:45Z,1,27.9,3,B95,EUR,A03,A01,29,MAW,MAW,A01,A01
procured_balancing_capacity,30,2026-02-26T23:00:00,PT15M,2026-02-26T23:15Z,2026-02-26T23:00Z,1,0,0,B95,EUR,A03,A02,30,MAW,MAW,A01,A01
procured_balancing_capacity,30,2026-02-26T23:15:00,PT15M,2026-02-26T23:30Z,2026-02-26T23:15Z,1,0,0,B95,EUR,A03,A02,30,MAW,MAW,A01,A01
procured_balancing_capacity,30,2026-02-26T23:30:00,PT15M,2026-02-26T23:45Z,2026-02-26T23:30Z,1,0,0,B95,EUR,A03,A02,30,MAW,MAW,A01,A01
procured_balancing_capacity,30,2026-02-26T23:45:00,PT15M,2026-02-27T00:00Z,2026-02-26T23:45Z,1,0,0,B95,EUR,A03,A02,30,MAW,MAW,A01,A01
procured_balancing_capacity,30,2026-02-27T00:00:00,PT15M,2026-02-27T00:15Z,2026-02-27T00:00Z,1,0,0,B95,EUR,A03,A02,30,MAW,MAW,A01,A01
procured_balancing_capacity,30,2026-02-27T00:15:00,PT15M,2026-02-27T00:30Z,2026-02-27T00:15Z,1,0,0,B95,EUR,A03,A02,30,MAW,MAW,A01,A01
procured_balancing_capacity,30,2026-02-27T00:30:00,PT15M,2026-02-27T00:45Z,2026-02-27T00:30Z,1,0,0,B95,EUR,A03,A02,30,MAW,MAW,A01,A01
procured_balancing_capacity,30,2026-02-27T00:45:00,PT15M,2026-02-27T01:00Z,2026-02-27T00:45Z,1,0,0,B95,EUR,A03,A02,30,MAW,MAW,A01,A01
procured_balancing_capacity,30,2026-02-27T01:00:00,PT15M,2026-02-27T01:15Z,2026-02-27T01:00Z,1,0,0,B95,EUR,A03,A02,30,MAW,MAW,A01,A01
procured_balancing_capacity,30,2026-02-27T01:15:00,PT15M,2026-02-27T01:30Z,2026-02-27T01:15Z,1,0,0,B95,EUR,A03,A02,30,MAW,MAW,A01,A01
procured_balancing_capacity,30,2026-02-27T01:30:00,PT15M,2026-02-27T01:45Z,2026-02-27T01:30Z,1,0,0,B95,EUR,A03,A02,30,MAW,MAW,A01,A01
procured_balancing_capacity,30,2026-02-27T01:45:00,PT15M,2026-02-27T02:00Z,2026-02-27T01:45Z,1,0,0,B95,EUR,A03,A02,30,MAW,MAW,A01,A01
procured_balancing_capacity,30,2026-02-27T02:00:00,PT15M,2026-02-27T02:15Z,2026-02-27T02:00Z,1,0,0,B95,EUR,A03,A02,30,MAW,MAW,A01,A01
procured_balancing_capacity,30,2026-02-27T02:15:00,PT15M,2026-02-27T02:30Z,2026-02-27T02:15Z,1,0,0,B95,EUR,A03,A02,30,MAW,MAW,A01,A01
procured_balancing_capacity,30,2026-02-27T02:30:00,PT15M,2026-02-27T02:45Z,2026-02-27T02:30Z,1,0,0,B95,EUR,A03,A02,30,MAW,MAW,A01,A01
procured_balancing_capacity,30,2026-02-27T02:45:00,PT15M,2026-02-27T03:00Z,2026-02-27T02:45Z,1,0,0,B95,EUR,A03,A02,30,MAW,MAW,A01,A01
procured_balancing_capacity,30,2026-02-27T03:00:00,PT15M,2026-02-27T03:15Z,2026-02-27T03:00Z,1,0,0,B95,EUR,A03,A02,30,MAW,MAW,A01,A01
procured_balancing_capacity,30,2026-02-27T03:15:00,PT15M,2026-02-27T03:30Z,2026-02-27T03:15Z,1,0,0,B95,EUR,A03,A02,30,MAW,MAW,A01,A01
procured_balancing_capacity,30,2026-02-27T03:30:00,PT15M,2026-02-27T03:45Z,2026-02-27T03:30Z,1,0,0,B95,EUR,A03,A02,30,MAW,MAW,A01,A01
procured_balancing_capacity,30,2026-02-27T03:45:00,PT15M,2026-02-27T04:00Z,2026-02-27T03:45Z,1,0,0,B95,EUR,A03,A02,30,MAW,MAW,A01,A01
procured_balancing_capacity,30,2026-02-27T04:00:00,PT15M,2026-02-27T04:15Z,2026-02-27T04:00Z,1,0,0,B95,EUR,A03,A02,30,MAW,MAW,A01,A01
procured_balancing_capacity,30,2026-02-27T04:15:00,PT15M,2026-02-27T04:30Z,2026-02-27T04:15Z,1,0,0,B95,EUR,A03,A02,30,MAW,MAW,A01,A01
procured_balancing_capacity,30,2026-02-27T04:30:00,PT15M,2026-02-27T04:45Z,2026-02-27T04:30Z,1,0,0,B95,EUR,A03,A02,30,MAW,MAW,A01,A01
procured_balancing_capacity,30,2026-02-27T04:45:00,PT15M,2026-02-27T05:00Z,2026-02-27T04:45Z,1,0,0,B95,EUR,A03,A02,30,MAW,MAW,A01,A01
procured_balancing_capacity,30,2026-02-27T05:00:00,PT15M,2026-02-27T05:15Z,2026-02-27T05:00Z,1,10.18,1,B95,EUR,A03,A02,30,MAW,MAW,A01,A01
procured_balancing_capacity,30,2026-02-27T05:15:00,PT15M,2026-02-27T05:30Z,2026-02-27T05:15Z,1,10.18,1,B95,EUR,A03,A02,30,MAW,MAW,A01,A01
procured_balancing_capacity,30,2026-02-27T05:30:00,PT15M,2026-02-27T05:45Z,2026-02-27T05:30Z,1,10.18,1,B95,EUR,A03,A02,30,MAW,MAW,A01,A01
procured_balancing_capacity,30,2026-02-27T05:45:00,PT15M,2026-02-27T06:00Z,2026-02-27T05:45Z,1,10.18,1,B95,EUR,A03,A02,30,MAW,MAW,A01,A01
procured_balancing_capacity,30,2026-02-27T06:00:00,PT15M,2026-02-27T06:15Z,2026-02-27T06:00Z,1,10.18,1,B95,EUR,A03,A02,30,MAW,MAW,A01,A01
procured_balancing_capacity,30,2026-02-27T06:15:00,PT15M,2026-02-27T06:30Z,2026-02-27T06:15Z,1,10.18,1,B95,EUR,A03,A02,30,MAW,MAW,A01,A01
procured_balancing_capacity,30,2026-02-27T06:30:00,PT15M,2026-02-27T06:45Z,2026-02-27T06:30Z,1,10.18,1,B95,EUR,A03,A02,30,MAW,MAW,A01,A01
procured_balancing_capacity,30,2026-02-27T06:45:00,PT15M,2026-02-27T07:00Z,2026-02-27T06:45Z,1,10.18,1,B95,EUR,A03,A02,30,MAW,MAW,A01,A01
procured_balancing_capacity,30,2026-02-27T07:00:00,PT15M,2026-02-27T07:15Z,2026-02-27T07:00Z,1,0,0,B95,EUR,A03,A02,30,MAW,MAW,A01,A01
procured_balancing_capacity,30,2026-02-27T07:15:00,PT15M,2026-02-27T07:30Z,2026-02-27T07:15Z,1,0,0,B95,EUR,A03,A02,30,MAW,MAW,A01,A01
procured_balancing_capacity,30,2026-02-27T07:30:00,PT15M,2026-02-27T07:45Z,2026-02-27T07:30Z,1,0,0,B95,EUR,A03,A02,30,MAW,MAW,A01,A01
procured_balancing_capacity,30,2026-02-27T07:45:00,PT15M,2026-02-27T08:00Z,2026-02-27T07:45Z,1,0,0,B95,EUR,A03,A02,30,MAW,MAW,A01,A01
procured_balancing_capacity,30,2026-02-27T08:00:00,PT15M,2026-02-27T08:15Z,2026-02-27T08:00Z,1,0,0,B95,EUR,A03,A02,30,MAW,MAW,A01,A01
procured_balancing_capacity,30,2026-02-27T08:15:00,PT15M,2026-02-27T08:30Z,2026-02-27T08:15Z,1,0,0,B95,EUR,A03,A02,30,MAW,MAW,A01,A01
procured_balancing_capacity,30,2026-02-27T08:30:00,PT15M,2026-02-27T08:45Z,2026-02-27T08:30Z,1,0,0,B95,EUR,A03,A02,30,MAW,MAW,A01,A01
procured_balancing_capacity,30,2026-02-27T08:45:00,PT15M,2026-02-27T09:00Z,2026-02-27T08:45Z,1,0,0,B95,EUR,A03,A02,30,MAW,MAW,A01,A01
procured_balancing_capacity,30,2026-02-27T09:00:00,PT15M,2026-02-27T09:15Z,2026-02-27T09:00Z,1,0,0,B95,EUR,A03,A02,30,MAW,MAW,A01,A01
procured_balancing_capacity,30,2026-02-27T09:15:00,PT15M,2026-02-27T09:30Z,2026-02-27T09:15Z,1,0,0,B95,EUR,A03,A02,30,MAW,MAW,A01,A01
procured_balancing_capacity,30,2026-02-27T09:30:00,PT15M,2026-02-27T09:45Z,2026-02-27T09:30Z,1,0,0,B95,EUR,A03,A02,30,MAW,MAW,A01,A01
procured_balancing_capacity,30,2026-02-27T09:45:00,PT15M,2026-02-27T10:00Z,2026-02-27T09:45Z,1,0,0,B95,EUR,A03,A02,30,MAW,MAW,A01,A01
procured_balancing_capacity,30,2026-02-27T10:00:00,PT15M,2026-02-27T10:15Z,2026-02-27T10:00Z,1,0,0,B95,EUR,A03,A02,30,MAW,MAW,A01,A01
procured_balancing_capacity,30,2026-02-27T10:15:00,PT15M,2026-02-27T10:30Z,2026-02-27T10:15Z,1,0,0,B95,EUR,A03,A02,30,MAW,MAW,A01,A01
procured_balancing_capacity,30,2026-02-27T10:30:00,PT15M,2026-02-27T10:45Z,2026-02-27T10:30Z,1,0,0,B95,EUR,A03,A02,30,MAW,MAW,A01,A01
procured_balancing_capacity,30,2026-02-27T10:45:00,PT15M,2026-02-27T11:00Z,2026-02-27T10:45Z,1,0,0,B95,EUR,A03,A02,30,MAW,MAW,A01,A01
procured_balancing_capacity,30,2026-02-27T11:00:00,PT15M,2026-02-27T11:15Z,2026-02-27T11:00Z,1,0,0,B95,EUR,A03,A02,30,MAW,MAW,A01,A01
procured_balancing_capacity,30,2026-02-27T11:15:00,PT15M,2026-02-27T11:30Z,2026-02-27T11:15Z,1,0,0,B95,EUR,A03,A02,30,MAW,MAW,A01,A01
procured_balancing_capacity,30,2026-02-27T11:30:00,PT15M,2026-02-27T11:45Z,2026-02-27T11:30Z,1,0,0,B95,EUR,A03,A02,30,MAW,MAW,A01,A01
procured_balancing_capacity,30,2026-02-27T11:45:00,PT15M,2026-02-27T12:00Z,2026-02-27T11:45Z,1,0,0,B95,EUR,A03,A02,30,MAW,MAW,A01,A01
procured_balancing_capacity,30,2026-02-27T12:00:00,PT15M,2026-02-27T12:15Z,2026-02-27T12:00Z,1,0,0,B95,EUR,A03,A02,30,MAW,MAW,A01,A01
procured_balancing_capacity,30,2026-02-27T12:15:00,PT15M,2026-02-27T12:30Z,2026-02-27T12:15Z,1,0,0,B95,EUR,A03,A02,30,MAW,MAW,A01,A01
procured_balancing_capacity,30,2026-02-27T12:30:00,PT15M,2026-02-27T12:45Z,2026-02-27T12:30Z,1,0,0,B95,EUR,A03,A02,30,MAW,MAW,A01,A01
procured_balancing_capacity,30,2026-02-27T12:45:00,PT15M,2026-02-27T13:00Z,2026-02-27T12:45Z,1,0,0,B95,EUR,A03,A02,30,MAW,MAW,A01,A01
procured_balancing_capacity,30,2026-02-27T13:00:00,PT15M,2026-02-27T13:15Z,2026-02-27T13:00Z,1,0,0,B95,EUR,A03,A02,30,MAW,MAW,A01,A01
procured_balancing_capacity,30,2026-02-27T13:15:00,PT15M,2026-02-27T13:30Z,2026-02-27T13:15Z,1,0,0,B95,EUR,A03,A02,30,MAW,MAW,A01,A01
procured_balancing_capacity,30,2026-02-27T13:30:00,PT15M,2026-02-27T13:45Z,2026-02-27T13:30Z,1,0,0,B95,EUR,A03,A02,30,MAW,MAW,A01,A01
procured_balancing_capacity,30,2026-02-27T13:45:00,PT15M,2026-02-27T14:00Z,2026-02-27T13:45Z,1,0,0,B95,EUR,A03,A02,30,MAW,MAW,A01,A01
procured_balancing_capacity,30,2026-02-27T14:00:00,PT15M,2026-02-27T14:15Z,2026-02-27T14:00Z,1,0,0,B95,EUR,A03,A02,30,MAW,MAW,A01,A01
procured_balancing_capacity,30,2026-02-27T14:15:00,PT15M,2026-02-27T14:30Z,2026-02-27T14:15Z,1,0,0,B95,EUR,A03,A02,30,MAW,MAW,A01,A01
procured_balancing_capacity,30,2026-02-27T14:30:00,PT15M,2026-02-27T14:45Z,2026-02-27T14:30Z,1,0,0,B95,EUR,A03,A02,30,MAW,MAW,A01,A01
procured_balancing_capacity,30,2026-02-27T14:45:00,PT15M,2026-02-27T15:00Z,2026-02-27T14:45Z,1,0,0,B95,EUR,A03,A02,30,MAW,MAW,A01,A01
procured_balancing_capacity,30,2026-02-27T15:00:00,PT15M,2026-02-27T15:15Z,2026-02-27T15:00Z,1,0,0,B95,EUR,A03,A02,30,MAW,MAW,A01,A01
procured_balancing_capacity,30,2026-02-27T15:15:00,PT15M,2026-02-27T15:30Z,2026-02-27T15:15Z,1,0,0,B95,EUR,A03,A02,30,MAW,MAW,A01,A01
procured_balancing_capacity,30,2026-02-27T15:30:00,PT15M,2026-02-27T15:45Z,2026-02-27T15:30Z,1,0,0,B95,EUR,A03,A02,30,MAW,MAW,A01,A01
procured_balancing_capacity,30,2026-02-27T15:45:00,PT15M,2026-02-27T16:00Z,2026-02-27T15:45Z,1,0,0,B95,EUR,A03,A02,30,MAW,MAW,A01,A01
procured_balancing_capacity,30,2026-02-27T16:00:00,PT15M,2026-02-27T16:15Z,2026-02-27T16:00Z,1,9.9,1,B95,EUR,A03,A02,30,MAW,MAW,A01,A01
procured_balancing_capacity,30,2026-02-27T16:15:00,PT15M,2026-02-27T16:30Z,2026-02-27T16:15Z,1,9.9,1,B95,EUR,A03,A02,30,MAW,MAW,A01,A01
procured_balancing_capacity,30,2026-02-27T16:30:00,PT15M,2026-02-27T16:45Z,2026-02-27T16:30Z,1,9.9,1,B95,EUR,A03,A02,30,MAW,MAW,A01,A01
procured_balancing_capacity,30,2026-02-27T16:45:00,PT15M,2026-02-27T17:00Z,2026-02-27T16:45Z,1,10.15,1,B95,EUR,A03,A02,30,MAW,MAW,A01,A01
procured_balancing_capacity,30,2026-02-27T17:00:00,PT15M,2026-02-27T17:15Z,2026-02-27T17:00Z,1,9.9,1,B95,EUR,A03,A02,30,MAW,MAW,A01,A01
procured_balancing_capacity,30,2026-02-27T17:15:00,PT15M,2026-02-27T17:30Z,2026-02-27T17:15Z,1,9.9,1,B95,EUR,A03,A02,30,MAW,MAW,A01,A01
procured_balancing_capacity,30,2026-02-27T17:30:00,PT15M,2026-02-27T17:45Z,2026-02-27T17:30Z,1,9.9,1,B95,EUR,A03,A02,30,MAW,MAW,A01,A01
procured_balancing_capacity,30,2026-02-27T17:45:00,PT15M,2026-02-27T18:00Z,2026-02-27T17:45Z,1,9.9,1,B95,EUR,A03,A02,30,MAW,MAW,A01,A01
procured_balancing_capacity,30,2026-02-27T18:00:00,PT15M,2026-02-27T18:15Z,2026-02-27T18:00Z,1,9.9,1,B95,EUR,A03,A02,30,MAW,MAW,A01,A01
procured_balancing_capacity,30,2026-02-27T18:15:00,PT15M,2026-02-27T18:30Z,2026-02-27T18:15Z,1,9.9,1,B95,EUR,A03,A02,30,MAW,MAW,A01,A01
procured_balancing_capacity,30,2026-02-27T18:30:00,PT15M,2026-02-27T18:45Z,2026-02-27T18:30Z,1,9.9,1,B95,EUR,A03,A02,30,MAW,MAW,A01,A01
procured_balancing_capacity,30,2026-02-27T18:45:00,PT15M,2026-02-27T19:00Z,2026-02-27T18:45Z,1,9.9,1,B95,EUR,A03,A02,30,MAW,MAW,A01,A01
procured_balancing_capacity,30,2026-02-27T19:00:00,PT15M,2026-02-27T19:15Z,2026-02-27T19:00Z,1,9.9,1,B95,EUR,A03,A02,30,MAW,MAW,A01,A01
procured_balancing_capacity,30,2026-02-27T19:15:00,PT15M,2026-02-27T19:30Z,2026-02-27T19:15Z,1,9.9,1,B95,EUR,A03,A02,30,MAW,MAW,A01,A01
procured_balancing_capacity,30,2026-02-27T19:30:00,PT15M,2026-02-27T19:45Z,2026-02-27T19:30Z,1,9.9,1,B95,EUR,A03,A02,30,MAW,MAW,A01,A01
procured_balancing_capacity,30,2026-02-27T19:45:00,PT15M,2026-02-27T20:00Z,2026-02-27T19:45Z,1,9.9,1,B95,EUR,A03,A02,30,MAW,MAW,A01,A01
procured_balancing_capacity,30,2026-02-27T20:00:00,PT15M,2026-02-27T20:15Z,2026-02-27T20:00Z,1,0,0,B95,EUR,A03,A02,30,MAW,MAW,A01,A01
procured_balancing_capacity,30,2026-02-27T20:15:00,PT15M,2026-02-27T20:30Z,2026-02-27T20:15Z,1,0,0,B95,EUR,A03,A02,30,MAW,MAW,A01,A01
procured_balancing_capacity,30,2026-02-27T20:30:00,PT15M,2026-02-27T20:45Z,2026-02-27T20:30Z,1,0,0,B95,EUR,A03,A02,30,MAW,MAW,A01,A01
procured_balancing_capacity,30,2026-02-27T20:45:00,PT15M,2026-02-27T21:00Z,2026-02-27T20:45Z,1,0,0,B95,EUR,A03,A02,30,MAW,MAW,A01,A01
procured_balancing_capacity,30,2026-02-27T21:00:00,PT15M,2026-02-27T21:15Z,2026-02-27T21:00Z,1,0,0,B95,EUR,A03,A02,30,MAW,MAW,A01,A01
procured_balancing_capacity,30,2026-02-27T21:15:00,PT15M,2026-02-27T21:30Z,2026-02-27T21:15Z,1,0,0,B95,EUR,A03,A02,30,MAW,MAW,A01,A01
procured_balancing_capacity,30,2026-02-27T21:30:00,PT15M,2026-02-27T21:45Z,2026-02-27T21:30Z,1,0,0,B95,EUR,A03,A02,30,MAW,MAW,A01,A01
procured_balancing_capacity,30,2026-02-27T21:45:00,PT15M,2026-02-27T22:00Z,2026-02-27T21:45Z,1,0,0,B95,EUR,A03,A02,30,MAW,MAW,A01,A01
procured_balancing_capacity,30,2026-02-27T22:00:00,PT15M,2026-02-27T22:15Z,2026-02-27T22:00Z,1,0,0,B95,EUR,A03,A02,30,MAW,MAW,A01,A01
procured_balancing_capacity,30,2026-02-27T22:15:00,PT15M,2026-02-27T22:30Z,2026-02-27T22:15Z,1,0,0,B95,EUR,A03,A02,30,MAW,MAW,A01,A01
procured_balancing_capacity,30,2026-02-27T22:30:00,PT15M,2026-02-27T22:45Z,2026-02-27T22:30Z,1,0,0,B95,EUR,A03,A02,30,MAW,MAW,A01,A01
procured_balancing_capacity,30,2026-02-27T22:45:00,PT15M,2026-02-27T23:00Z,2026-02-27T22:45Z,1,0,0,B95,EUR,A03,A02,30,MAW,MAW,A01,A01
