dataset,timeseries_index,timestamp_utc,period.resolution,period.timeInterval.end,period.timeInterval.start,point.position,point.procurement_Price.amount,point.quantity,ts.businessType,ts.currency_Unit.name,ts.curveType,ts.flowDirection.direction,ts.mRID,ts.price_Measure_Unit.name,ts.quantity_Measure_Unit.name,ts.standard_MarketProduct.marketProductType,ts.type_MarketAgreement.type
procured_balancing_capacity,1,2026-02-28T23:00:00,PT15M,2026-02-28T23:15Z,2026-02-28T23:00Z,1,31.4,5,B95,EUR,A03,A01,1,MAW,MAW,A01,A01
procured_balancing_capacity,1,2026-02-28T23:15:00,PT15M,2026-02-28T23:30Z,2026-02-28T23:15Z,1,31.4,5,B95,EUR,A03,A01,1,MAW,MAW,A01,A01
procured_balancing_capacity,1,2026-02-28T23:30:00,PT15M,2026-02-28T23:45Z,2026-02-28T23:30Z,1,31.4,5,B95,EUR,A03,A01,1,MAW,MAW,A01,A01
procured_balancing_capacity,1,2026-02-28T23:45:00,PT15M,2026-03-01T00:00Z,2026-02-28T23:45Z,1,31.4,5,B95,EUR,A03,A01,1,MAW,MAW,A01,A01
procured_balancing_capacity,1,2026-03-01T00:00:00,PT15M,2026-03-01T00:15Z,2026-03-01T00:00Z,1,31.4,5,B95,EUR,A03,A01,1,MAW,MAW,A01,A01
procured_balancing_capacity,1,2026-03-01T00:15:00,PT15M,2026-03-01T00:30Z,2026-03-01T00:15Z,1,31.4,5,B95,EUR,A03,A01,1,MAW,MAW,A01,A01
procured_balancing_capacity,1,2026-03-01T00:30:00,PT15M,2026-03-01T00:45Z,2026-03-01T00:30Z,1,31.4,5,B95,EUR,A03,A01,1,MAW,MAW,A01,A01
procured_balancing_capacity,1,2026-03-01T00:45:00,PT15M,2026-03-01T01:00Z,2026-03-01T00:45Z,1,31.4,5,B95,EUR,A03,A01,1,MAW,MAW,A01,A01
procured_balancing_capacity,1,2026-03-01T01:00:00,PT15M,2026-03-01T01:15Z,2026-03-01T01:00Z,1,31.4,5,B95,EUR,A03,A01,1,MAW,MAW,A01,A01
procured_balancing_capacity,1,2026-03-01T01:15:00,PT15M,2026-03-01T01:30Z,2026-03-01T01:15Z,1,31.4,5,B95,EUR,A03,A01,1,MAW,MAW,A01,A01
procured_balancing_capacity,1,2026-03-01T01:30:00,PT15M,2026-03-01T01:45Z,2026-03-01T01:30Z,1,31.4,5,B95,EUR,A03,A01,1,MAW,MAW,A01,A01
procured_balancing_capacity,1,2026-03-01T01:45:00,PT15M,2026-03-01T02:00Z,2026-03-01T01:45Z,1,31.4,5,B95,EUR,A03,A01,1,MAW,MAW,A01,A01
procured_balancing_capacity,1,2026-03-01T02:00:00,PT15M,2026-03-01T02:15Z,2026-03-01T02:00Z,1,31.4,5,B95,EUR,A03,A01,1,MAW,MAW,A01,A01
procured_balancing_capacity,1,2026-03-01T02:15:00,PT15M,2026-03-01T02:30Z,2026-03-01T02:15Z,1,31.4,5,B95,EUR,A03,A01,1,MAW,MAW,A01,A01
procured_balancing_capacity,1,2026-03-01T02:30:00,PT15M,2026-03-01T02:45Z,2026-03-01T02:30Z,1,31.4,5,B95,EUR,A03,A01,1,MAW,MAW,A01,A01
procured_balancing_capacity,1,2026-03-01T02:45:00,PT15M,2026-03-01T03:00Z,2026-03-01T02:45Z,1,31.4,5,B95,EUR,A03,A01,1,MAW,MAW,A01,A01
procured_balancing_capacity,1,2026-03-01T03:00:00,PT15M,2026-03-01T03:15Z,2026-03-01T03:00Z,1,31.4,5,B95,EUR,A03,A01,1,MAW,MAW,A01,A01
procured_balancing_capacity,1,2026-03-01T03:15:00,PT15M,2026-03-01T03:30Z,2026-03-01T03:15Z,1,31.4,5,B95,EUR,A03,A01,1,MAW,MAW,A01,A01
procured_balancing_capacity,1,2026-03-01T03:30:00,PT15M,2026-03-01T03:45Z,2026-03-01T03:30Z,1,31.4,5,B95,EUR,A03,A01,1,MAW,MAW,A01,A01
procured_balancing_capacity,1,2026-03-01T03:45:00,PT15M,2026-03-01T04:00Z,2026-03-01T03:45Z,1,31.4,5,B95,EUR,A03,A01,1,MAW,MAW,A01,A01
procured_balancing_capacity,1,2026-03-01T04:00:00,PT15M,2026-03-01T04:15Z,2026-03-01T04:00Z,1,31.4,5,B95,EUR,A03,A01,1,MAW,MAW,A01,A01
procured_balancing_capacity,1,2026-03-01T04:15:00,PT15M,2026-03-01T04:30Z,2026-03-01T04:15Z,1,31.4,5,B95,EUR,A03,A01,1,MAW,MAW,A01,A01
procured_balancing_capacity,1,2026-03-01T04:30:00,PT15M,2026-03-01T04:45Z,2026-03-01T04:30Z,1,31.4,5,B95,EUR,A03,A01,1,MAW,MAW,A01,A01
procured_balancing_capacity,1,2026-03-01T04:45:00,PT15M,2026-03-01T05:00Z,2026-03-01T04:45Z,1,31.4,5,B95,EUR,A03,A01,1,MAW,MAW,A01,A01
procured_balancing_capacity,1,2026-03-01T05:00:00,PT15M,2026-03-01T05:15Z,2026-03-01T05:00Z,1,33.4,5,B95,EUR,A03,A01,1,MAW,MAW,A01,A01
procured_balancing_capacity,1,2026-03-01T05:15:00,PT15M,2026-03-01T05:30Z,2026-03-01T05:15Z,1,33.4,5,B95,EUR,A03,A01,1,MAW,MAW,A01,A01
procured_balancing_capacity,1,2026-03-01T05:30:00,PT15M,2026-03-01T05:45Z,2026-03-01T05:30Z,1,33.4,5,B95,EUR,A03,A01,1,MAW,MAW,A01,A01
procured_balancing_capacity,1,2026-03-01T05:45:00,PT15M,2026-03-01T06:00Z,2026-03-01T05:45Z,1,33.4,5,B95,EUR,A03,A01,1,MAW,MAW,A01,A01
procured_balancing_capacity,1,2026-03-01T06:00:00,PT15M,2026-03-01T06:15Z,2026-03-01T06:00Z,1,33.4,5,B95,EUR,A03,A01,1,MAW,MAW,A01,A01
procured_balancing_capacity,1,2026-03-01T06:15:00,PT15M,2026-03-01T06:30Z,2026-03-01T06:15Z,1,33.4,5,B95,EUR,A03,A01,1,MAW,MAW,A01,A01
procured_balancing_capacity,1,2026-03-01T06:30:00,PT15M,2026-03-01T06:45Z,2026-03-01T06:30Z,1,33.4,5,B95,EUR,A03,A01,1,MAW,MAW,A01,A01
procured_balancing_capacity,1,2026-03-01T06:45:00,PT15M,2026-03-01T07:00Z,2026-03-01T06:45Z,1,33.4,5,B95,EUR,A03,A01,1,MAW,MAW,A01,A01
procured_balancing_capacity,1,2026-03-01T07:00:00,PT15M,2026-03-01T07:15Z,2026-03-01T07:00Z,1,33.4,5,B95,EUR,A03,A01,1,MAW,MAW,A01,A01
procured_balancing_capacity,1,2026-03-01T07:15:00,PT15M,2026-03-01T07:30Z,2026-03-01T07:15Z,1,33.4,5,B95,EUR,A03,A01,1,MAW,MAW,A01,A01
procured_balancing_capacity,1,2026-03-01T07:30:00,PT15M,2026-03-01T07:45Z,2026-03-01T07:30Z,1,33.4,5,B95,EUR,A03,A01,1,MAW,MAW,A01,A01
procured_balancing_capacity,1,2026-03-01T07:45:00,PT15M,2026-03-01T08:00Z,2026-03-01T07:45Z,1,33.4,5,B95,EUR,A03,A01,1,MAW,MAW,A01,A01
procured_balancing_capacity,1,2026-03-01T08:00:00,PT15M,2026-03-01T08:15Z,2026-03-01T08:00Z,1,33.4,5,B95,EUR,A03,A01,1,MAW,MAW,A01,A01
procured_balancing_capacity,1,2026-03-01T08:15:00,PT15M,2026-03-01T08:30Z,2026-03-01T08:15Z,1,33.4,5,B95,EUR,A03,A01,1,MAW,MAW,A01,A01
procured_balancing_capacity,1,2026-03-01T08:30:00,PT15M,2026-03-01T08:45Z,2026-03-01T08:30Z,1,33.4,5,B95,EUR,A03,A01,1,MAW,MAW,A01,A01
procured_balancing_capacity,1,2026-03-01T08:45:00,PT15M,2026-03-01T09:00Z,2026-03-01T08:45Z,1,33.4,5,B95,EUR,A03,A01,1,MAW,MAW,A01,A01
procured_balancing_capacity,1,2026-03-01T09:00:00,PT15M,2026-03-01T09:15Z,2026-03-01T09:00Z,1,33.4,5,B95,EUR,A03,A01,1,MAW,MAW,A01,A01
procured_balancing_capacity,1,2026-03-01T09:15:00,PT15M,2026-03-01T09:30Z,2026-03-01T09:15Z,1,33.4,5,B95,EUR,A03,A01,1,MAW,MAW,A01,A01
procured_balancing_capacity,1,2026-03-01T09:30:00,PT15M,2026-03-01T09:45Z,2026-03-01T09:30Z,1,33.4,5,B95,EUR,A03,A01,1,MAW,MAW,A01,A01
procured_balancing_capacity,1,2026-03-01T09:45:00,PT15M,2026-03-01T10:00Z,2026-03-01T09:45Z,1,33.4,5,B95,EUR,A03,A01,1,MAW,MAW,A01,A01
procured_balancing_capacity,1,2026-03-01T10:00:00,PT15M,2026-03-01T10:15Z,2026-03-01T10:00Z,1,33.4,5,B95,EUR,A03,A01,1,MAW,MAW,A01,A01
procured_balancing_capacity,1,2026-03-01T10:15:00,PT15M,2026-03-01T10:30Z,2026-03-01T10:15Z,1,33.4,5,B95,EUR,A03,A01,1,MAW,MAW,A01,A01
procured_balancing_capacity,1,2026-03-01T10:30:00,PT15M,2026-03-01T10:45Z,2026-03-01T10:30Z,1,33.4,5,B95,EUR,A03,A01,1,MAW,MAW,A01,A01
procured_balancing_capacity,1,2026-03-01T10:45:00,PT15M,2026-03-01T11:00Z,2026-03-01T10:45Z,1,33.4,5,B95,EUR,A03,A01,1,MAW,MAW,A01,A01
procured_balancing_capacity,1,2026-03-01T11:00:00,PT15M,2026-03-01T11:15Z,2026-03-01T11:00Z,1,33.4,5,B95,EUR,A03,A01,1,MAW,MAW,A01,A01
procured_balancing_capacity,1,2026-03-01T11:15:00,PT15M,2026-03-01T11:30Z,2026-03-01T11:15Z,1,33.4,5,B95,EUR,A03,A01,1,MAW,MAW,A01,A01
procured_balancing_capacity,1,2026-03-01T11:30:00,PT15M,2026-03-01T11:45Z,2026-03-01T11:30Z,1,33.4,5,B95,EUR,A03,A01,1,MAW,MAW,A01,A01
procured_balancing_capacity,1,2026-03-01T11:45:00,PT15M,2026-03-01T12:00Z,2026-03-01T11:45Z,1,33.4,5,B95,EUR,A03,A01,1,MAW,MAW,A01,A01
procured_balancing_capacity,1,2026-03-01T12:00:00,PT15M,2026-03-01T12:15Z,2026-03-01T12:00Z,1,33.4,5,B95,EUR,A03,A01,1,MAW,MAW,A01,A01
procured_balancing_capacity,1,2026-03-01T12:15:00,PT15M,2026-03-01T12:30Z,2026-03-01T12:15Z,1,33.4,5,B95,EUR,A03,A01,1,MAW,MAW,A01,A01
procured_balancing_capacity,1,2026-03-01T12:30:00,PT15M,2026-03-01T12:45Z,2026-03-01T12:30Z,1,33.4,5,B95,EUR,A03,A01,1,MAW,MAW,A01,A01
procured_balancing_capacity,1,2026-03-01T12:45:00,PT15M,2026-03-01T13:00Z,2026-03-01T12:45Z,1,33.4,5,B95,EUR,A03,A01,1,MAW,MAW,A01,A01
procured_balancing_capacity,1,2026-03-01T13:00:00,PT15M,2026-03-01T13:15Z,2026-03-01T13:00Z,1,33.4,5,B95,EUR,A03,A01,1,MAW,MAW,A01,A01
procured_balancing_capacity,1,2026-03-01T13:15:00,PT15M,2026-03-01T13:30Z,2026-03-01T13:15Z,1,33.4,5,B95,EUR,A03,A01,1,MAW,MAW,A01,A01
procured_balancing_capacity,1,2026-03-01T13:30:00,PT15M,2026-03-01T13:45Z,2026-03-01T13:30Z,1,33.4,5,B95,EUR,A03,A01,1,MAW,MAW,A01,A01
procured_balancing_capacity,1,2026-03-01T13:45:00,PT15M,2026-03-01T14:00Z,2026-03-01T13:45Z,1,33.4,5,B95,EUR,A03,A01,1,MAW,MAW,A01,A01
procured_balancing_capacity,1,2026-03-01T14:00:00,PT15M,2026-03-01T14:15Z,2026-03-01T14:00Z,1,33.4,5,B95,EUR,A03,A01,1,MAW,MAW,A01,A01
procured_balancing_capacity,1,2026-03-01T14:15:00,PT15M,2026-03-01T14:30Z,2026-03-01T14:15Z,1,33.4,5,B95,EUR,A03,A01,1,MAW,MAW,A01,A01
procured_balancing_capacity,1,2026-03-01T14:30:00,PT15M,2026-03-01T14:45Z,2026-03-01T14:30Z,1,33.4,5,B95,EUR,A03,A01,1,MAW,MAW,A01,A01
procured_balancing_capacity,1,2026-03-01T14:45:00,PT15M,2026-03-01T15:00Z,2026-03-01T14:45Z,1,33.4,5,B95,EUR,A03,A01,1,MAW,MAW,A01,A01
procured_balancing_capacity,1,2026-03-01T15:00:00,PT15M,2026-03-01T15:15Z,2026-03-01T15:00Z,1,33.4,5,B95,EUR,A03,A01,1,MAW,MAW,A01,A01
procured_balancing_capacity,1,2026-03-01T15:15:00,PT15M,2026-03-01T15:30Z,2026-03-01T15:15Z,1,33.4,5,B95,EUR,A03,A01,1,MAW,MAW,A01,A01
procured_balancing_capacity,1,2026-03-01T15:30:00,PT15M,2026-03-01T15:45Z,2026-03-01T15:30Z,1,33.4,5,B95,EUR,A03,A01,1,MAW,MAW,A01,A01
procured_balancing_capacity,1,2026-03-01T15:45:00,PT15M,2026-03-01T16:00Z,2026-03-01T15:45Z,1,33.4,5,B95,EUR,A03,A01,1,MAW,MAW,A01,A01
procured_balancing_capacity,1,2026-03-01T16:00:00,PT15M,2026-03-01T16:15Z,2026-03-01T16:00Z,1,33.4,5,B95,EUR,A03,A01,1,MAW,MAW,A01,A01
procured_balancing_capacity,1,2026-03-01T16:15:00,PT15M,2026-03-01T16:30Z,2026-03-01T16:15Z,1,33.4,5,B95,EUR,A03,A01,1,MAW,MAW,A01,A01
procured_balancing_capacity,1,2026-03-01T16:30:00,PT15M,2026-03-01T16:45Z,2026-03-01T16:30Z,1,33.4,5,B95,EUR,A03,A01,1,MAW,MAW,A01,A01
procured_balancing_capacity,1,2026-03-01T16:45:00,PT15M,2026-03-01T17:00Z,2026-03-01T16:45Z,1,33.4,5,B95,EUR,A03,A01,1,MAW,MAW,A01,A01
procured_balancing_capacity,1,2026-03-01T17:00:00,PT15M,2026-03-01T17:15Z,2026-03-01T17:00Z,1,33.4,5,B95,EUR,A03,A01,1,MAW,MAW,A01,A01
procured_balancing_capacity,1,2026-03-01T17:15:00,PT15M,2026-03-01T17:30Z,2026-03-01T17:15Z,1,33.4,5,B95,EUR,A03,A01,1,MAW,MAW,A01,A01
procured_balancing_capacity,1,2026-03-01T17:30:00,PT15M,2026-03-01T17:45Z,2026-03-01T17:30Z,1,33.4,5,B95,EUR,A03,A01,1,MAW,MAW,A01,A01
procured_balancing_capacity,1,2026-03-01T17:45:00,PT15M,2026-03-01T18:00Z,2026-03-01T17:45Z,1,33.4,5,B95,EUR,A03,A01,1,MAW,MAW,A01,A01
procured_balancing_capacity,1,2026-03-01T18:00:00,PT15M,2026-03-01T18:15Z,2026-03-01T18:00Z,1,33.4,5,B95,EUR,A03,A01,1,MAW,MAW,A01,A01
procured_balancing_capacity,1,2026-03-01T18:15:00,PT15M,2026-03-01T18:30Z,2026-03-01T18:15Z,1,33.4,5,B95,EUR,A03,A01,1,MAW,MAW,A01,A01
procured_balancing_capacity,1,2026-03-01T18:30:00,PT15M,2026-03-01T18:45Z,2026-03-01T18:30Z,1,33.4,5,B95,EUR,A03,A01,1,MAW,MAW,A01,A01
procured_balancing_capacity,1,2026-03-01T18:45:00,PT15M,2026-03-01T19:00Z,2026-03-01T18:45Z,1,33.4,5,B95,EUR,A03,A01,1,MAW,MAW,A01,A01
procured_balancing_capacity,1,2026-03-01T19:00:00,PT15M,2026-03-01T19:15Z,2026-03-01T19:00Z,1,33.4,5,B95,EUR,A03,A01,1,MAW,MAW,A01,A01
procured_balancing_capacity,1,2026-03-01T19:15:00,PT15M,2026-03-01T19:30Z,2026-03-01T19:15Z,1,33.4,5,B95,EUR,A03,A01,1,MAW,MAW,A01,A01
procured_balancing_capacity,1,2026-03-01T19:30:00,PT15M,2026-03-01T19:45Z,2026-03-01T19:30Z,1,33.4,5,B95,EUR,A03,A01,1,MAW,MAW,A01,A01
procured_balancing_capacity,1,2026-03-01T19:45:00,PT15M,2026-03-01T20:00Z,2026-03-01T19:45Z,1,33.4,5,B95,EUR,A03,A01,1,MAW,MAW,A01,A01
procured_balancing_capacity,1,2026-03-01T20:00:00,PT15M,2026-03-01T20:15Z,2026-03-01T20:00Z,1,33.4,5,B95,EUR,A03,A01,1,MAW,MAW,A01,A01
procured_balancing_capacity,1,2026-03-01T20:15:00,PT15M,2026-03-01T20:30Z,2026-03-01T20:15Z,1,33.4,5,B95,EUR,A03,A01,1,MAW,MAW,A01,A01
procured_balancing_capacity,1,2026-03-01T20:30:00,PT15M,2026-03-01T20:45Z,2026-03-01T20:30Z,1,33.4,5,B95,EUR,A03,A01,1,MAW,MAW,A01,A01
procured_balancing_capacity,1,2026-03-01T20:45:00,PT15M,2026-03-01T21:00Z,2026-03-01T20:45Z,1,33.4,5,B95,EUR,A03,A01,1,MAW,MAW,A01,A01
procured_balancing_capacity,1,2026-03-01T21:00:00,PT15M,2026-03-01T21:15Z,2026-03-01T21:00Z,1,31.4,5,B95,EUR,A03,A01,1,MAW,MAW,A01,A01
procured_balancing_capacity,1,2026-03-01T21:15:00,PT15M,2026-03-01T21:30Z,2026-03-01T21:15Z,1,31.4,5,B95,EUR,A03,A01,1,MAW,MAW,A01,A01
procured_balancing_capacity,1,2026-03-01T21:30:00,PT15M,2026-03-01T21:45Z,2026-03-01T21:30Z,1,31.4,5,B95,EUR,A03,A01,1,MAW,MAW,A01,A01
procured_balancing_capacity,1,2026-03-01T21:45:00,PT15M,2026-03-01T22:00Z,2026-03-01T21:45Z,1,31.4,5,B95,EUR,A03,A01,1,MAW,MAW,A01,A01
procured_balancing_capacity,1,2026-03-01T22:00:00,PT15M,2026-03-01T22:15Z,2026-03-01T22:00Z,1,31.4,5,B95,EUR,A03,A01,1,MAW,MAW,A01,A01
procured_balancing_capacity,1,2026-03-01T22:15:00,PT15M,2026-03-01T22:30Z,2026-03-01T22:15Z,1,31.4,5,B95,EUR,A03,A01,1,MAW,MAW,A01,A01
procured_balancing_capacity,1,2026-03-01T22:30:00,PT15M,2026-03-01T22:45Z,2026-03-01T22:30Z,1,31.4,5,B95,EUR,A03,A01,1,MAW,MAW,A01,A01
procured_balancing_capacity,1,2026-03-01T22:45:00,PT15M,2026-03-01T23:00Z,2026-03-01T22:45Z,1,31.4,5,B95,EUR,A03,A01,1,MAW,MAW,A01,A01
procured_balancing_capacity,2,2026-02-28T23:00:00,PT15M,2026-02-28T23:15Z,2026-02-28T23:00Z,1,10.4,5,B95,EUR,A03,A02,2,MAW,MAW,A01,A01
procured_balancing_capacity,2,2026-02-28T23:15:00,PT15M,2026-02-28T23:30Z,2026-02-28T23:15Z,1,10.4,5,B95,EUR,A03,A02,2,MAW,MAW,A01,A01
procured_balancing_capacity,2,2026-02-28T23:30:00,PT15M,2026-02-28T23:45Z,2026-02-28T23:30Z,1,10.4,5,B95,EUR,A03,A02,2,MAW,MAW,A01,A01
procured_balancing_capacity,2,2026-02-28T23:45:00,PT15M,2026-03-01T00:00Z,2026-02-28T23:45Z,1,10.4,5,B95,EUR,A03,A02,2,MAW,MAW,A01,A01
procured_balancing_capacity,2,2026-03-01T00:00:00,PT15M,2026-03-01T00:15Z,2026-03-01T00:00Z,1,10.4,5,B95,EUR,A03,A02,2,MAW,MAW,A01,A01
procured_balancing_capacity,2,2026-03-01T00:15:00,PT15M,2026-03-01T00:30Z,2026-03-01T00:15Z,1,10.4,5,B95,EUR,A03,A02,2,MAW,MAW,A01,A01
procured_balancing_capacity,2,2026-03-01T00:30:00,PT15M,2026-03-01T00:45Z,2026-03-01T00:30Z,1,10.4,5,B95,EUR,A03,A02,2,MAW,MAW,A01,A01
procured_balancing_capacity,2,2026-03-01T00:45:00,PT15M,2026-03-01T01:00Z,2026-03-01T00:45Z,1,10.4,5,B95,EUR,A03,A02,2,MAW,MAW,A01,A01
procured_balancing_capacity,2,2026-03-01T01:00:00,PT15M,2026-03-01T01:15Z,2026-03-01T01:00Z,1,10.4,5,B95,EUR,A03,A02,2,MAW,MAW,A01,A01
procured_balancing_capacity,2,2026-03-01T01:15:00,PT15M,2026-03-01T01:30Z,2026-03-01T01:15Z,1,10.4,5,B95,EUR,A03,A02,2,MAW,MAW,A01,A01
procured_balancing_capacity,2,2026-03-01T01:30:00,PT15M,2026-03-01T01:45Z,2026-03-01T01:30Z,1,10.4,5,B95,EUR,A03,A02,2,MAW,MAW,A01,A01
procured_balancing_capacity,2,2026-03-01T01:45:00,PT15M,2026-03-01T02:00Z,2026-03-01T01:45Z,1,10.4,5,B95,EUR,A03,A02,2,MAW,MAW,A01,A01
procured_balancing_capacity,2,2026-03-01T02:00:00,PT15M,2026-03-01T02:15Z,2026-03-01T02:00Z,1,10.4,5,B95,EUR,A03,A02,2,MAW,MAW,A01,A01
procured_balancing_capacity,2,2026-03-01T02:15:00,PT15M,2026-03-01T02:30Z,2026-03-01T02:15Z,1,10.4,5,B95,EUR,A03,A02,2,MAW,MAW,A01,A01
procured_balancing_capacity,2,2026-03-01T02:30:00,PT15M,2026-03-01T02:45Z,2026-03-01T02:30Z,1,10.4,5,B95,EUR,A03,A02,2,MAW,MAW,A01,A01
procured_balancing_capacity,2,2026-03-01T02:45:00,PT15M,2026-03-01T03:00Z,2026-03-01T02:45Z,1,10.4,5,B95,EUR,A03,A02,2,MAW,MAW,A01,A01
procured_balancing_capacity,2,2026-03-01T03:00:00,PT15M,2026-03-01T03:15Z,2026-03-01T03:00Z,1,10.4,5,B95,EUR,A03,A02,2,MAW,MAW,A01,A01
procured_balancing_capacity,2,2026-03-01T03:15:00,PT15M,2026-03-01T03:30Z,2026-03-01T03:15Z,1,10.4,5,B95,EUR,A03,A02,2,MAW,MAW,A01,A01
procured_balancing_capacity,2,2026-03-01T03:30:00,PT15M,2026-03-01T03:45Z,2026-03-01T03:30Z,1,10.4,5,B95,EUR,A03,A02,2,MAW,MAW,A01,A01
procured_balancing_capacity,2,2026-03-01T03:45:00,PT15M,2026-03-01T04:00Z,2026-03-01T03:45Z,1,10.4,5,B95,EUR,A03,A02,2,MAW,MAW,A01,A01
procured_balancing_capacity,2,2026-03-01T04:00:00,PT15M,2026-03-01T04:15Z,2026-03-01T04:00Z,1,10.4,5,B95,EUR,A03,A02,2,MAW,MAW,A01,A01
procured_balancing_capacity,2,2026-03-01T04:15:00,PT15M,2026-03-01T04:30Z,2026-03-01T04:15Z,1,10.4,5,B95,EUR,A03,A02,2,MAW,MAW,A01,A01
procured_balancing_capacity,2,2026-03-01T04:30:00,PT15M,2026-03-01T04:45Z,2026-03-01T04:30Z,1,10.4,5,B95,EUR,A03,A02,2,MAW,MAW,A01,A01
procured_balancing_capacity,2,2026-03-01T04:45:00,PT15M,2026-03-01T05:00Z,2026-03-01T04:45Z,1,10.4,5,B95,EUR,A03,A02,2,MAW,MAW,A01,A01
procured_balancing_capacity,2,2026-03-01T05:00:00,PT15M,2026-03-01T05:15Z,2026-03-01T05:00Z,1,10.4,5,B95,EUR,A03,A02,2,MAW,MAW,A01,A01
procured_balancing_capacity,2,2026-03-01T05:15:00,PT15M,2026-03-01T05:30Z,2026-03-01T05:15Z,1,10.4,5,B95,EUR,A03,A02,2,MAW,MAW,A01,A01
procured_balancing_capacity,2,2026-03-01T05:30:00,PT15M,2026-03-01T05:45Z,2026-03-01T05:30Z,1,10.4,5,B95,EUR,A03,A02,2,MAW,MAW,A01,A01
procured_balancing_capacity,2,2026-03-01T05:45:00,PT15M,2026-03-01T06:00Z,2026-03-01T05:45Z,1,10.4,5,B95,EUR,A03,A02,2,MAW,MAW,A01,A01
procured_balancing_capacity,2,2026-03-01T06:00:00,PT15M,2026-03-01T06:15Z,2026-03-01T06:00Z,1,10.4,5,B95,EUR,A03,A02,2,MAW,MAW,A01,A01
procured_balancing_capacity,2,2026-03-01T06:15:00,PT15M,2026-03-01T06:30Z,2026-03-01T06:15Z,1,10.4,5,B95,EUR,A03,A02,2,MAW,MAW,A01,A01
procured_balancing_capacity,2,2026-03-01T06:30:00,PT15M,2026-03-01T06:45Z,2026-03-01T06:30Z,1,10.4,5,B95,EUR,A03,A02,2,MAW,MAW,A01,A01
procured_balancing_capacity,2,2026-03-01T06:45:00,PT15M,2026-03-01T07:00Z,2026-03-01T06:45Z,1,10.4,5,B95,EUR,A03,A02,2,MAW,MAW,A01,A01
procured_balancing_capacity,2,2026-03-01T07:00:00,PT15M,2026-03-01T07:15Z,2026-03-01T07:00Z,1,10.4,5,B95,EUR,A03,A02,2,MAW,MAW,A01,A01
procured_balancing_capacity,2,2026-03-01T07:15:00,PT15M,2026-03-01T07:30Z,2026-03-01T07:15Z,1,10.4,5,B95,EUR,A03,A02,2,MAW,MAW,A01,A01
procured_balancing_capacity,2,2026-03-01T07:30:00,PT15M,2026-03-01T07:45Z,2026-03-01T07:30Z,1,10.4,5,B95,EUR,A03,A02,2,MAW,MAW,A01,A01
procured_balancing_capacity,2,2026-03-01T07:45:00,PT15M,2026-03-01T08:00Z,2026-03-01T07:45Z,1,10.4,5,B95,EUR,A03,A02,2,MAW,MAW,A01,A01
procured_balancing_capacity,2,2026-03-01T08:00:00,PT15M,2026-03-01T08:15Z,2026-03-01T08:00Z,1,10.4,5,B95,EUR,A03,A02,2,MAW,MAW,A01,A01
procured_balancing_capacity,2,2026-03-01T08:15:00,PT15M,2026-03-01T08:30Z,2026-03-01T08:15Z,1,10.4,5,B95,EUR,A03,A02,2,MAW,MAW,A01,A01
procured_balancing_capacity,2,2026-03-01T08:30:00,PT15M,2026-03-01T08:45Z,2026-03-01T08:30Z,1,10.4,5,B95,EUR,A03,A02,2,MAW,MAW,A01,A01
procured_balancing_capacity,2,2026-03-01T08:45:00,PT15M,2026-03-01T09:00Z,2026-03-01T08:45Z,1,10.4,5,B95,EUR,A03,A02,2,MAW,MAW,A01,A01
procured_balancing_capacity,2,2026-03-01T09:00:00,PT15M,2026-03-01T09:15Z,2026-03-01T09:00Z,1,10.4,4,B95,EUR,A03,A02,2,MAW,MAW,A01,A01
procured_balancing_capacity,2,2026-03-01T09:15:00,PT15M,2026-03-01T09:30Z,2026-03-01T09:15Z,1,10.4,4,B95,EUR,A03,A02,2,MAW,MAW,A01,A01
procured_balancing_capacity,2,2026-03-01T09:30:00,PT15M,2026-03-01T09:45Z,2026-03-01T09:30Z,1,10.4,4,B95,EUR,A03,A02,2,MAW,MAW,A01,A01
procured_balancing_capacity,2,2026-03-01T09:45:00,PT15M,2026-03-01T10:00Z,2026-03-01T09:45Z,1,10.4,4,B95,EUR,A03,A02,2,MAW,MAW,A01,A01
procured_balancing_capacity,2,2026-03-01T10:00:00,PT15M,2026-03-01T10:15Z,2026-03-01T10:00Z,1,10.4,2,B95,EUR,A03,A02,2,MAW,MAW,A01,A01
procured_balancing_capacity,2,2026-03-01T10:15:00,PT15M,2026-03-01T10:30Z,2026-03-01T10:15Z,1,10.4,2,B95,EUR,A03,A02,2,MAW,MAW,A01,A01
procured_balancing_capacity,2,2026-03-01T10:30:00,PT15M,2026-03-01T10:45Z,2026-03-01T10:30Z,1,10.4,2,B95,EUR,A03,A02,2,MAW,MAW,A01,A01
procured_balancing_capacity,2,2026-03-01T10:45:00,PT15M,2026-03-01T11:00Z,2026-03-01T10:45Z,1,10.4,2,B95,EUR,A03,A02,2,MAW,MAW,A01,A01
procured_balancing_capacity,2,2026-03-01T11:00:00,PT15M,2026-03-01T11:15Z,2026-03-01T11:00Z,1,10.4,2,B95,EUR,A03,A02,2,MAW,MAW,A01,A01
procured_balancing_capacity,2,2026-03-01T11:15:00,PT15M,2026-03-01T11:30Z,2026-03-01T11:15Z,1,10.4,2,B95,EUR,A03,A02,2,MAW,MAW,A01,A01
procured_balancing_capacity,2,2026-03-01T11:30:00,PT15M,2026-03-01T11:45Z,2026-03-01T11:30Z,1,10.4,2,B95,EUR,A03,A02,2,MAW,MAW,A01,A01
procured_balancing_capacity,2,2026-03-01T11:45:00,PT15M,2026-03-01T12:00Z,2026-03-01T11:45Z,1,10.4,2,B95,EUR,A03,A02,2,MAW,MAW,A01,A01
procured_balancing_capacity,2,2026-03-01T12:00:00,PT15M,2026-03-01T12:15Z,2026-03-01T12:00Z,1,10.4,0,B95,EUR,A03,A02,2,MAW,MAW,A01,A01
procured_balancing_capacity,2,2026-03-01T12:15:00,PT15M,2026-03-01T12:30Z,2026-03-01T12:15Z,1,10.4,0,B95,EUR,A03,A02,2,MAW,MAW,A01,A01
procured_balancing_capacity,2,2026-03-01T12:30:00,PT15M,2026-03-01T12:45Z,2026-03-01T12:30Z,1,10.4,0,B95,EUR,A03,A02,2,MAW,MAW,A01,A01
procured_balancing_capacity,2,2026-03-01T12:45:00,PT15M,2026-03-01T13:00Z,2026-03-01T12:45Z,1,10.4,0,B95,EUR,A03,A02,2,MAW,MAW,A01,A01
procured_balancing_capacity,2,2026-03-01T13:00:00,PT15M,2026-03-01T13:15Z,2026-03-01T13:00Z,1,10.4,0,B95,EUR,A03,A02,2,MAW,MAW,A01,A01
procured_balancing_capacity,2,2026-03-01T13:15:00,PT15M,2026-03-01T13:30Z,2026-03-01T13:15Z,1,10.4,0,B95,EUR,A03,A02,2,MAW,MAW,A01,A01
procured_balancing_capacity,2,2026-03-01T13:30:00,PT15M,2026-03-01T13:45Z,2026-03-01T13:30Z,1,10.4,0,B95,EUR,A03,A02,2,MAW,MAW,A01,A01
procured_balancing_capacity,2,2026-03-01T13:45:00,PT15M,2026-03-01T14:00Z,2026-03-01T13:45Z,1,10.4,0,B95,EUR,A03,A02,2,MAW,MAW,A01,A01
procured_balancing_capacity,2,2026-03-01T14:00:00,PT15M,2026-03-01T14:15Z,2026-03-01T14:00Z,1,10.4,0,B95,EUR,A03,A02,2,MAW,MAW,A01,A01
procured_balancing_capacity,2,2026-03-01T14:15:00,PT15M,2026-03-01T14:30Z,2026-03-01T14:15Z,1,10.4,0,B95,EUR,A03,A02,2,MAW,MAW,A01,A01
procured_balancing_capacity,2,2026-03-01T14:30:00,PT15M,2026-03-01T14:45Z,2026-03-01T14:30Z,1,10.4,0,B95,EUR,A03,A02,2,MAW,MAW,A01,A01
procured_balancing_capacity,2,2026-03-01T14:45:00,PT15M,2026-03-01T15:00Z,2026-03-01T14:45Z,1,10.4,0,B95,EUR,A03,A02,2,MAW,MAW,A01,A01
procured_balancing_capacity,2,2026-03-01T15:00:00,PT15M,2026-03-01T15:15Z,2026-03-01T15:00Z,1,10.4,2,B95,EUR,A03,A02,2,MAW,MAW,A01,A01
procured_balancing_capacity,2,2026-03-01T15:15:00,PT15M,2026-03-01T15:30Z,2026-03-01T15:15Z,1,10.4,2,B95,EUR,A03,A02,2,MAW,MAW,A01,A01
procured_balancing_capacity,2,2026-03-01T15:30:00,PT15M,2026-03-01T15:45Z,2026-03-01T15:30Z,1,10.4,2,B95,EUR,A03,A02,2,MAW,MAW,A01,A01
procured_balancing_capacity,2,2026-03-01T15:45:00,PT15M,2026-03-01T16:00Z,2026-03-01T15:45Z,1,10.4,2,B95,EUR,A03,A02,2,MAW,MAW,A01,A01
procured_balancing_capacity,2,2026-03-01T16:00:00,PT15M,2026-03-01T16:15Z,2026-03-01T16:00Z,1,10.4,2,B95,EUR,A03,A02,2,MAW,MAW,A01,A01
procured_balancing_capacity,2,2026-03-01T16:15:00,PT15M,2026-03-01T16:30Z,2026-03-01T16:15Z,1,10.4,2,B95,EUR,A03,A02,2,MAW,MAW,A01,A01
procured_balancing_capacity,2,2026-03-01T16:30:00,PT15M,2026-03-01T16:45Z,2026-03-01T16:30Z,1,10.4,2,B95,EUR,A03,A02,2,MAW,MAW,A01,A01
procured_balancing_capacity,2,2026-03-01T16:45:00,PT15M,2026-03-01T17:00Z,2026-03-01T16:45Z,1,10.4,2,B95,EUR,A03,A02,2,MAW,MAW,A01,A01
procured_balancing_capacity,2,2026-03-01T17:00:00,PT15M,2026-03-01T17:15Z,2026-03-01T17:00Z,1,10.4,2,B95,EUR,A03,A02,2,MAW,MAW,A01,A01
procured_balancing_capacity,2,2026-03-01T17:15:00,PT15M,2026-03-01T17:30Z,2026-03-01T17:15Z,1,10.4,2,B95,EUR,A03,A02,2,MAW,MAW,A01,A01
procured_balancing_capacity,2,2026-03-01T17:30:00,PT15M,2026-03-01T17:45Z,2026-03-01T17:30Z,1,10.4,2,B95,EUR,A03,A02,2,MAW,MAW,A01,A01
procured_balancing_capacity,2,2026-03-01T17:45:00,PT15M,2026-03-01T18:00Z,2026-03-01T17:45Z,1,10.4,2,B95,EUR,A03,A02,2,MAW,MAW,A01,A01
procured_balancing_capacity,2,2026-03-01T18:00:00,PT15M,2026-03-01T18:15Z,2026-03-01T18:00Z,1,10.4,4,B95,EUR,A03,A02,2,MAW,MAW,A01,A01
procured_balancing_capacity,2,2026-03-01T18:15:00,PT15M,2026-03-01T18:30Z,2026-03-01T18:15Z,1,10.4,4,B95,EUR,A03,A02,2,MAW,MAW,A01,A01
procured_balancing_capacity,2,2026-03-01T18:30:00,PT15M,2026-03-01T18:45Z,2026-03-01T18:30Z,1,10.4,4,B95,EUR,A03,A02,2,MAW,MAW,A01,A01
procured_balancing_capacity,2,2026-03-01T18:45:00,PT15M,2026-03-01T19:00Z,2026-03-01T18:45Z,1,10.4,4,B95,EUR,A03,A02,2,MAW,MAW,A01,A01
procured_balancing_capacity,2,2026-03-01T19:00:00,PT15M,2026-03-01T19:15Z,2026-03-01T19:00Z,1,10.4,4,B95,EUR,A03,A02,2,MAW,MAW,A01,A01
procured_balancing_capacity,2,2026-03-01T19:15:00,PT15M,2026-03-01T19:30Z,2026-03-01T19:15Z,1,10.4,4,B95,EUR,A03,A02,2,MAW,MAW,A01,A01
procured_balancing_capacity,2,2026-03-01T19:30:00,PT15M,2026-03-01T19:45Z,2026-03-01T19:30Z,1,10.4,4,B95,EUR,A03,A02,2,MAW,MAW,A01,A01
procured_balancing_capacity,2,2026-03-01T19:45:00,PT15M,2026-03-01T20:00Z,2026-03-01T19:45Z,1,10.4,4,B95,EUR,A03,A02,2,MAW,MAW,A01,A01
procured_balancing_capacity,2,2026-03-01T20:00:00,PT15M,2026-03-01T20:15Z,2026-03-01T20:00Z,1,10.4,4,B95,EUR,A03,A02,2,MAW,MAW,A01,A01
procured_balancing_capacity,2,2026-03-01T20:15:00,PT15M,2026-03-01T20:30Z,2026-03-01T20:15Z,1,10.4,4,B95,EUR,A03,A02,2,MAW,MAW,A01,A01
procured_balancing_capacity,2,2026-03-01T20:30:00,PT15M,2026-03-01T20:45Z,2026-03-01T20:30Z,1,10.4,4,B95,EUR,A03,A02,2,MAW,MAW,A01,A01
procured_balancing_capacity,2,2026-03-01T20:45:00,PT15M,2026-03-01T21:00Z,2026-03-01T20:45Z,1,10.4,4,B95,EUR,A03,A02,2,MAW,MAW,A01,A01
procured_balancing_capacity,2,2026-03-01T21:00:00,PT15M,2026-03-01T21:15Z,2026-03-01T21:00Z,1,10.4,2,B95,EUR,A03,A02,2,MAW,MAW,A01,A01
procured_balancing_capacity,2,2026-03-01T21:15:00,PT15M,2026-03-01T21:30Z,2026-03-01T21:15Z,1,10.4,2,B95,EUR,A03,A02,2,MAW,MAW,A01,A01
procured_balancing_capacity,2,2026-03-01T21:30:00,PT15M,2026-03-01T21:45Z,2026-03-01T21:30Z,1,10.4,2,B95,EUR,A03,A02,2,MAW,MAW,A01,A01
procured_balancing_capacity,2,2026-03-01T21:45:00,PT15M,2026-03-01T22:00Z,2026-03-01T21:45Z,1,10.4,2,B95,EUR,A03,A02,2,MAW,MAW,A01,A01
procured_balancing_capacity,2,2026-03-01T22:00:00,PT15M,2026-03-01T22:15Z,2026-03-01T22:00Z,1,10.4,2,B95,EUR,A03,A02,2,MAW,MAW,A01,A01
procured_balancing_capacity,2,2026-03-01T22:15:00,PT15M,2026-03-01T22:30Z,2026-03-01T22:15Z,1,10.4,2,B95,EUR,A03,A02,2,MAW,MAW,A01,A01
procured_balancing_capacity,2,2026-03-01T22:30:00,PT15M,2026-03-01T22:45Z,2026-03-01T22:30Z,1,10.4,2,B95,EUR,A03,A02,2,MAW,MAW,A01,A01
procured_balancing_capacity,2,2026-03-01T22:45:00,PT15M,2026-03-01T23:00Z,2026-03-01T22:45Z,1,10.4,2,B95,EUR,A03,A02,2,MAW,MAW,A01,A01
procured_balancing_capacity,3,2026-02-28T23:00:00,PT15M,2026-02-28T23:15Z,2026-02-28T23:00Z,1,0,0,B95,EUR,A03,A01,3,MAW,MAW,A01,A01
procured_balancing_capacity,3,2026-02-28T23:15:00,PT15M,2026-02-28T23:30Z,2026-02-28T23:15Z,1,0,0,B95,EUR,A03,A01,3,MAW,MAW,A01,A01
procured_balancing_capacity,3,2026-02-28T23:30:00,PT15M,2026-02-28T23:45Z,2026-02-28T23:30Z,1,0,0,B95,EUR,A03,A01,3,MAW,MAW,A01,A01
procured_balancing_capacity,3,2026-02-28T23:45:00,PT15M,2026-03-01T00:00Z,2026-02-28T23:45Z,1,0,0,B95,EUR,A03,A01,3,MAW,MAW,A01,A01
procured_balancing_capacity,3,2026-03-01T00:00:00,PT15M,2026-03-01T00:15Z,2026-03-01T00:00Z,1,0,0,B95,EUR,A03,A01,3,MAW,MAW,A01,A01
procured_balancing_capacity,3,2026-03-01T00:15:00,PT15M,2026-03-01T00:30Z,2026-03-01T00:15Z,1,0,0,B95,EUR,A03,A01,3,MAW,MAW,A01,A01
procured_balancing_capacity,3,2026-03-01T00:30:00,PT15M,2026-03-01T00:45Z,2026-03-01T00:30Z,1,0,0,B95,EUR,A03,A01,3,MAW,MAW,A01,A01
procured_balancing_capacity,3,2026-03-01T00:45:00,PT15M,2026-03-01T01:00Z,2026-03-01T00:45Z,1,0,0,B95,EUR,A03,A01,3,MAW,MAW,A01,A01
procured_balancing_capacity,3,2026-03-01T01:00:00,PT15M,2026-03-01T01:15Z,2026-03-01T01:00Z,1,0,0,B95,EUR,A03,A01,3,MAW,MAW,A01,A01
procured_balancing_capacity,3,2026-03-01T01:15:00,PT15M,2026-03-01T01:30Z,2026-03-01T01:15Z,1,0,0,B95,EUR,A03,A01,3,MAW,MAW,A01,A01
procured_balancing_capacity,3,2026-03-01T01:30:00,PT15M,2026-03-01T01:45Z,2026-03-01T01:30Z,1,0,0,B95,EUR,A03,A01,3,MAW,MAW,A01,A01
procured_balancing_capacity,3,2026-03-01T01:45:00,PT15M,2026-03-01T02:00Z,2026-03-01T01:45Z,1,0,0,B95,EUR,A03,A01,3,MAW,MAW,A01,A01
procured_balancing_capacity,3,2026-03-01T02:00:00,PT15M,2026-03-01T02:15Z,2026-03-01T02:00Z,1,0,0,B95,EUR,A03,A01,3,MAW,MAW,A01,A01
procured_balancing_capacity,3,2026-03-01T02:15:00,PT15M,2026-03-01T02:30Z,2026-03-01T02:15Z,1,0,0,B95,EUR,A03,A01,3,MAW,MAW,A01,A01
procured_balancing_capacity,3,2026-03-01T02:30:00,PT15M,2026-03-01T02:45Z,2026-03-01T02:30Z,1,0,0,B95,EUR,A03,A01,3,MAW,MAW,A01,A01
procured_balancing_capacity,3,2026-03-01T02:45:00,PT15M,2026-03-01T03:00Z,2026-03-01T02:45Z,1,0,0,B95,EUR,A03,A01,3,MAW,MAW,A01,A01
procured_balancing_capacity,3,2026-03-01T03:00:00,PT15M,2026-03-01T03:15Z,2026-03-01T03:00Z,1,0,0,B95,EUR,A03,A01,3,MAW,MAW,A01,A01
procured_balancing_capacity,3,2026-03-01T03:15:00,PT15M,2026-03-01T03:30Z,2026-03-01T03:15Z,1,0,0,B95,EUR,A03,A01,3,MAW,MAW,A01,A01
procured_balancing_capacity,3,2026-03-01T03:30:00,PT15M,2026-03-01T03:45Z,2026-03-01T03:30Z,1,0,0,B95,EUR,A03,A01,3,MAW,MAW,A01,A01
procured_balancing_capacity,3,2026-03-01T03:45:00,PT15M,2026-03-01T04:00Z,2026-03-01T03:45Z,1,0,0,B95,EUR,A03,A01,3,MAW,MAW,A01,A01
procured_balancing_capacity,3,2026-03-01T04:00:00,PT15M,2026-03-01T04:15Z,2026-03-01T04:00Z,1,0,0,B95,EUR,A03,A01,3,MAW,MAW,A01,A01
procured_balancing_capacity,3,2026-03-01T04:15:00,PT15M,2026-03-01T04:30Z,2026-03-01T04:15Z,1,0,0,B95,EUR,A03,A01,3,MAW,MAW,A01,A01
procured_balancing_capacity,3,2026-03-01T04:30:00,PT15M,2026-03-01T04:45Z,2026-03-01T04:30Z,1,0,0,B95,EUR,A03,A01,3,MAW,MAW,A01,A01
procured_balancing_capacity,3,2026-03-01T04:45:00,PT15M,2026-03-01T05:00Z,2026-03-01T04:45Z,1,0,0,B95,EUR,A03,A01,3,MAW,MAW,A01,A01
procured_balancing_capacity,3,2026-03-01T05:00:00,PT15M,2026-03-01T05:15Z,2026-03-01T05:00Z,1,0,0,B95,EUR,A03,A01,3,MAW,MAW,A01,A01
procured_balancing_capacity,3,2026-03-01T05:15:00,PT15M,2026-03-01T05:30Z,2026-03-01T05:15Z,1,0,0,B95,EUR,A03,A01,3,MAW,MAW,A01,A01
procured_balancing_capacity,3,2026-03-01T05:30:00,PT15M,2026-03-01T05:45Z,2026-03-01T05:30Z,1,0,0,B95,EUR,A03,A01,3,MAW,MAW,A01,A01
procured_balancing_capacity,3,2026-03-01T05:45:00,PT15M,2026-03-01T06:00Z,2026-03-01T05:45Z,1,0,0,B95,EUR,A03,A01,3,MAW,MAW,A01,A01
procured_balancing_capacity,3,2026-03-01T06:00:00,PT15M,2026-03-01T06:15Z,2026-03-01T06:00Z,1,0,0,B95,EUR,A03,A01,3,MAW,MAW,A01,A01
procured_balancing_capacity,3,2026-03-01T06:15:00,PT15M,2026-03-01T06:30Z,2026-03-01T06:15Z,1,0,0,B95,EUR,A03,A01,3,MAW,MAW,A01,A01
procured_balancing_capacity,3,2026-03-01T06:30:00,PT15M,2026-03-01T06:45Z,2026-03-01T06:30Z,1,0,0,B95,EUR,A03,A01,3,MAW,MAW,A01,A01
procured_balancing_capacity,3,2026-03-01T06:45:00,PT15M,2026-03-01T07:00Z,2026-03-01T06:45Z,1,0,0,B95,EUR,A03,A01,3,MAW,MAW,A01,A01
procured_balancing_capacity,3,2026-03-01T07:00:00,PT15M,2026-03-01T07:15Z,2026-03-01T07:00Z,1,0,0,B95,EUR,A03,A01,3,MAW,MAW,A01,A01
procured_balancing_capacity,3,2026-03-01T07:15:00,PT15M,2026-03-01T07:30Z,2026-03-01T07:15Z,1,0,0,B95,EUR,A03,A01,3,MAW,MAW,A01,A01
procured_balancing_capacity,3,2026-03-01T07:30:00,PT15M,2026-03-01T07:45Z,2026-03-01T07:30Z,1,0,0,B95,EUR,A03,A01,3,MAW,MAW,A01,A01
procured_balancing_capacity,3,2026-03-01T07:45:00,PT15M,2026-03-01T08:00Z,2026-03-01T07:45Z,1,0,0,B95,EUR,A03,A01,3,MAW,MAW,A01,A01
procured_balancing_capacity,3,2026-03-01T08:00:00,PT15M,2026-03-01T08:15Z,2026-03-01T08:00Z,1,0,0,B95,EUR,A03,A01,3,MAW,MAW,A01,A01
procured_balancing_capacity,3,2026-03-01T08:15:00,PT15M,2026-03-01T08:30Z,2026-03-01T08:15Z,1,0,0,B95,EUR,A03,A01,3,MAW,MAW,A01,A01
procured_balancing_capacity,3,2026-03-01T08:30:00,PT15M,2026-03-01T08:45Z,2026-03-01T08:30Z,1,0,0,B95,EUR,A03,A01,3,MAW,MAW,A01,A01
procured_balancing_capacity,3,2026-03-01T08:45:00,PT15M,2026-03-01T09:00Z,2026-03-01T08:45Z,1,0,0,B95,EUR,A03,A01,3,MAW,MAW,A01,A01
procured_balancing_capacity,3,2026-03-01T09:00:00,PT15M,2026-03-01T09:15Z,2026-03-01T09:00Z,1,0,0,B95,EUR,A03,A01,3,MAW,MAW,A01,A01
procured_balancing_capacity,3,2026-03-01T09:15:00,PT15M,2026-03-01T09:30Z,2026-03-01T09:15Z,1,0,0,B95,EUR,A03,A01,3,MAW,MAW,A01,A01
procured_balancing_capacity,3,2026-03-01T09:30:00,PT15M,2026-03-01T09:45Z,2026-03-01T09:30Z,1,0,0,B95,EUR,A03,A01,3,MAW,MAW,A01,A01
procured_balancing_capacity,3,2026-03-01T09:45:00,PT15M,2026-03-01T10:00Z,2026-03-01T09:45Z,1,0,0,B95,EUR,A03,A01,3,MAW,MAW,A01,A01
procured_balancing_capacity,3,2026-03-01T10:00:00,PT15M,2026-03-01T10:15Z,2026-03-01T10:00Z,1,0,0,B95,EUR,A03,A01,3,MAW,MAW,A01,A01
procured_balancing_capacity,3,2026-03-01T10:15:00,PT15M,2026-03-01T10:30Z,2026-03-01T10:15Z,1,0,0,B95,EUR,A03,A01,3,MAW,MAW,A01,A01
procured_balancing_capacity,3,2026-03-01T10:30:00,PT15M,2026-03-01T10:45Z,2026-03-01T10:30Z,1,0,0,B95,EUR,A03,A01,3,MAW,MAW,A01,A01
procured_balancing_capacity,3,2026-03-01T10:45:00,PT15M,2026-03-01T11:00Z,2026-03-01T10:45Z,1,0,0,B95,EUR,A03,A01,3,MAW,MAW,A01,A01
procured_balancing_capacity,3,2026-03-01T11:00:00,PT15M,2026-03-01T11:15Z,2026-03-01T11:00Z,1,0,0,B95,EUR,A03,A01,3,MAW,MAW,A01,A01
procured_balancing_capacity,3,2026-03-01T11:15:00,PT15M,2026-03-01T11:30Z,2026-03-01T11:15Z,1,0,0,B95,EUR,A03,A01,3,MAW,MAW,A01,A01
procured_balancing_capacity,3,2026-03-01T11:30:00,PT15M,2026-03-01T11:45Z,2026-03-01T11:30Z,1,0,0,B95,EUR,A03,A01,3,MAW,MAW,A01,A01
procured_balancing_capacity,3,2026-03-01T11:45:00,PT15M,2026-03-01T12:00Z,2026-03-01T11:45Z,1,0,0,B95,EUR,A03,A01,3,MAW,MAW,A01,A01
procured_balancing_capacity,3,2026-03-01T12:00:00,PT15M,2026-03-01T12:15Z,2026-03-01T12:00Z,1,0,0,B95,EUR,A03,A01,3,MAW,MAW,A01,A01
procured_balancing_capacity,3,2026-03-01T12:15:00,PT15M,2026-03-01T12:30Z,2026-03-01T12:15Z,1,0,0,B95,EUR,A03,A01,3,MAW,MAW,A01,A01
procured_balancing_capacity,3,2026-03-01T12:30:00,PT15M,2026-03-01T12:45Z,2026-03-01T12:30Z,1,0,0,B95,EUR,A03,A01,3,MAW,MAW,A01,A01
procured_balancing_capacity,3,2026-03-01T12:45:00,PT15M,2026-03-01T13:00Z,2026-03-01T12:45Z,1,0,0,B95,EUR,A03,A01,3,MAW,MAW,A01,A01
procured_balancing_capacity,3,2026-03-01T13:00:00,PT15M,2026-03-01T13:15Z,2026-03-01T13:00Z,1,0,0,B95,EUR,A03,A01,3,MAW,MAW,A01,A01
procured_balancing_capacity,3,2026-03-01T13:15:00,PT15M,2026-03-01T13:30Z,2026-03-01T13:15Z,1,0,0,B95,EUR,A03,A01,3,MAW,MAW,A01,A01
procured_balancing_capacity,3,2026-03-01T13:30:00,PT15M,2026-03-01T13:45Z,2026-03-01T13:30Z,1,0,0,B95,EUR,A03,A01,3,MAW,MAW,A01,A01
procured_balancing_capacity,3,2026-03-01T13:45:00,PT15M,2026-03-01T14:00Z,2026-03-01T13:45Z,1,0,0,B95,EUR,A03,A01,3,MAW,MAW,A01,A01
procured_balancing_capacity,3,2026-03-01T14:00:00,PT15M,2026-03-01T14:15Z,2026-03-01T14:00Z,1,0,0,B95,EUR,A03,A01,3,MAW,MAW,A01,A01
procured_balancing_capacity,3,2026-03-01T14:15:00,PT15M,2026-03-01T14:30Z,2026-03-01T14:15Z,1,0,0,B95,EUR,A03,A01,3,MAW,MAW,A01,A01
procured_balancing_capacity,3,2026-03-01T14:30:00,PT15M,2026-03-01T14:45Z,2026-03-01T14:30Z,1,0,0,B95,EUR,A03,A01,3,MAW,MAW,A01,A01
procured_balancing_capacity,3,2026-03-01T14:45:00,PT15M,2026-03-01T15:00Z,2026-03-01T14:45Z,1,0,0,B95,EUR,A03,A01,3,MAW,MAW,A01,A01
procured_balancing_capacity,3,2026-03-01T15:00:00,PT15M,2026-03-01T15:15Z,2026-03-01T15:00Z,1,0,0,B95,EUR,A03,A01,3,MAW,MAW,A01,A01
procured_balancing_capacity,3,2026-03-01T15:15:00,PT15M,2026-03-01T15:30Z,2026-03-01T15:15Z,1,0,0,B95,EUR,A03,A01,3,MAW,MAW,A01,A01
procured_balancing_capacity,3,2026-03-01T15:30:00,PT15M,2026-03-01T15:45Z,2026-03-01T15:30Z,1,0,0,B95,EUR,A03,A01,3,MAW,MAW,A01,A01
procured_balancing_capacity,3,2026-03-01T15:45:00,PT15M,2026-03-01T16:00Z,2026-03-01T15:45Z,1,0,0,B95,EUR,A03,A01,3,MAW,MAW,A01,A01
procured_balancing_capacity,3,2026-03-01T16:00:00,PT15M,2026-03-01T16:15Z,2026-03-01T16:00Z,1,33.55,26,B95,EUR,A03,A01,3,MAW,MAW,A01,A01
procured_balancing_capacity,3,2026-03-01T16:15:00,PT15M,2026-03-01T16:30Z,2026-03-01T16:15Z,1,33.55,26,B95,EUR,A03,A01,3,MAW,MAW,A01,A01
procured_balancing_capacity,3,2026-03-01T16:30:00,PT15M,2026-03-01T16:45Z,2026-03-01T16:30Z,1,33.55,26,B95,EUR,A03,A01,3,MAW,MAW,A01,A01
procured_balancing_capacity,3,2026-03-01T16:45:00,PT15M,2026-03-01T17:00Z,2026-03-01T16:45Z,1,33.55,26,B95,EUR,A03,A01,3,MAW,MAW,A01,A01
procured_balancing_capacity,3,2026-03-01T17:00:00,PT15M,2026-03-01T17:15Z,2026-03-01T17:00Z,1,33.55,26,B95,EUR,A03,A01,3,MAW,MAW,A01,A01
procured_balancing_capacity,3,2026-03-01T17:15:00,PT15M,2026-03-01T17:30Z,2026-03-01T17:15Z,1,33.55,26,B95,EUR,A03,A01,3,MAW,MAW,A01,A01
procured_balancing_capacity,3,2026-03-01T17:30:00,PT15M,2026-03-01T17:45Z,2026-03-01T17:30Z,1,33.55,26,B95,EUR,A03,A01,3,MAW,MAW,A01,A01
procured_balancing_capacity,3,2026-03-01T17:45:00,PT15M,2026-03-01T18:00Z,2026-03-01T17:45Z,1,33.55,26,B95,EUR,A03,A01,3,MAW,MAW,A01,A01
procured_balancing_capacity,3,2026-03-01T18:00:00,PT15M,2026-03-01T18:15Z,2026-03-01T18:00Z,1,33.55,26,B95,EUR,A03,A01,3,MAW,MAW,A01,A01
procured_balancing_capacity,3,2026-03-01T18:15:00,PT15M,2026-03-01T18:30Z,2026-03-01T18:15Z,1,33.55,26,B95,EUR,A03,A01,3,MAW,MAW,A01,A01
procured_balancing_capacity,3,2026-03-01T18:30:00,PT15M,2026-03-01T18:45Z,2026-03-01T18:30Z,1,33.55,26,B95,EUR,A03,A01,3,MAW,MAW,A01,A01
procured_balancing_capacity,3,2026-03-01T18:45:00,PT15M,2026-03-01T19:00Z,2026-03-01T18:45Z,1,33.55,26,B95,EUR,A03,A01,3,MAW,MAW,A01,A01
procured_balancing_capacity,3,2026-03-01T19:00:00,PT15M,2026-03-01T19:15Z,2026-03-01T19:00Z,1,33.55,26,B95,EUR,A03,A01,3,MAW,MAW,A01,A01
procured_balancing_capacity,3,2026-03-01T19:15:00,PT15M,2026-03-01T19:30Z,2026-03-01T19:15Z,1,33.55,26,B95,EUR,A03,A01,3,MAW,MAW,A01,A01
procured_balancing_capacity,3,2026-03-01T19:30:00,PT15M,2026-03-01T19:45Z,2026-03-01T19:30Z,1,33.55,26,B95,EUR,A03,A01,3,MAW,MAW,A01,A01
procured_balancing_capacity,3,2026-03-01T19:45:00,PT15M,2026-03-01T20:00Z,2026-03-01T19:45Z,1,33.55,26,B95,EUR,A03,A01,3,MAW,MAW,A01,A01
procured_balancing_capacity,3,2026-03-01T20:00:00,PT15M,2026-03-01T20:15Z,2026-03-01T20:00Z,1,0,0,B95,EUR,A03,A01,3,MAW,MAW,A01,A01
procured_balancing_capacity,3,2026-03-01T20:15:00,PT15M,2026-03-01T20:30Z,2026-03-01T20:15Z,1,0,0,B95,EUR,A03,A01,3,MAW,MAW,A01,A01
procured_balancing_capacity,3,2026-03-01T20:30:00,PT15M,2026-03-01T20:45Z,2026-03-01T20:30Z,1,0,0,B95,EUR,A03,A01,3,MAW,MAW,A01,A01
procured_balancing_capacity,3,2026-03-01T20:45:00,PT15M,2026-03-01T21:00Z,2026-03-01T20:45Z,1,0,0,B95,EUR,A03,A01,3,MAW,MAW,A01,A01
procured_balancing_capacity,3,2026-03-01T21:00:00,PT15M,2026-03-01T21:15Z,2026-03-01T21:00Z,1,0,0,B95,EUR,A03,A01,3,MAW,MAW,A01,A01
procured_balancing_capacity,3,2026-03-01T21:15:00,PT15M,2026-03-01T21:30Z,2026-03-01T21:15Z,1,0,0,B95,EUR,A03,A01,3,MAW,MAW,A01,A01
procured_balancing_capacity,3,2026-03-01T21:30:00,PT15M,2026-03-01T21:45Z,2026-03-01T21:30Z,1,0,0,B95,EUR,A03,A01,3,MAW,MAW,A01,A01
procured_balancing_capacity,3,2026-03-01T21:45:00,PT15M,2026-03-01T22:00Z,2026-03-01T21:45Z,1,0,0,B95,EUR,A03,A01,3,MAW,MAW,A01,A01
procured_balancing_capacity,3,2026-03-01T22:00:00,PT15M,2026-03-01T22:15Z,2026-03-01T22:00Z,1,0,0,B95,EUR,A03,A01,3,MAW,MAW,A01,A01
procured_balancing_capacity,3,2026-03-01T22:15:00,PT15M,2026-03-01T22:30Z,2026-03-01T22:15Z,1,0,0,B95,EUR,A03,A01,3,MAW,MAW,A01,A01
procured_balancing_capacity,3,2026-03-01T22:30:00,PT15M,2026-03-01T22:45Z,2026-03-01T22:30Z,1,0,0,B95,EUR,A03,A01,3,MAW,MAW,A01,A01
procured_balancing_capacity,3,2026-03-01T22:45:00,PT15M,2026-03-01T23:00Z,2026-03-01T22:45Z,1,0,0,B95,EUR,A03,A01,3,MAW,MAW,A01,A01
procured_balancing_capacity,4,2026-02-28T23:00:00,PT15M,2026-02-28T23:15Z,2026-02-28T23:00Z,1,30.7,1,B95,EUR,A03,A01,4,MAW,MAW,A01,A01
procured_balancing_capacity,4,2026-02-28T23:15:00,PT15M,2026-02-28T23:30Z,2026-02-28T23:15Z,1,30.7,1,B95,EUR,A03,A01,4,MAW,MAW,A01,A01
procured_balancing_capacity,4,2026-02-28T23:30:00,PT15M,2026-02-28T23:45Z,2026-02-28T23:30Z,1,30.7,1,B95,EUR,A03,A01,4,MAW,MAW,A01,A01
procured_balancing_capacity,4,2026-02-28T23:45:00,PT15M,2026-03-01T00:00Z,2026-02-28T23:45Z,1,30.7,1,B95,EUR,A03,A01,4,MAW,MAW,A01,A01
procured_balancing_capacity,4,2026-03-01T00:00:00,PT15M,2026-03-01T00:15Z,2026-03-01T00:00Z,1,30.7,1,B95,EUR,A03,A01,4,MAW,MAW,A01,A01
procured_balancing_capacity,4,2026-03-01T00:15:00,PT15M,2026-03-01T00:30Z,2026-03-01T00:15Z,1,30.7,1,B95,EUR,A03,A01,4,MAW,MAW,A01,A01
procured_balancing_capacity,4,2026-03-01T00:30:00,PT15M,2026-03-01T00:45Z,2026-03-01T00:30Z,1,30.7,1,B95,EUR,A03,A01,4,MAW,MAW,A01,A01
procured_balancing_capacity,4,2026-03-01T00:45:00,PT15M,2026-03-01T01:00Z,2026-03-01T00:45Z,1,30.7,1,B95,EUR,A03,A01,4,MAW,MAW,A01,A01
procured_balancing_capacity,4,2026-03-01T01:00:00,PT15M,2026-03-01T01:15Z,2026-03-01T01:00Z,1,30.7,1,B95,EUR,A03,A01,4,MAW,MAW,A01,A01
procured_balancing_capacity,4,2026-03-01T01:15:00,PT15M,2026-03-01T01:30Z,2026-03-01T01:15Z,1,30.7,1,B95,EUR,A03,A01,4,MAW,MAW,A01,A01
procured_balancing_capacity,4,2026-03-01T01:30:00,PT15M,2026-03-01T01:45Z,2026-03-01T01:30Z,1,30.7,1,B95,EUR,A03,A01,4,MAW,MAW,A01,A01
procured_balancing_capacity,4,2026-03-01T01:45:00,PT15M,2026-03-01T02:00Z,2026-03-01T01:45Z,1,30.7,1,B95,EUR,A03,A01,4,MAW,MAW,A01,A01
procured_balancing_capacity,4,2026-03-01T02:00:00,PT15M,2026-03-01T02:15Z,2026-03-01T02:00Z,1,30.7,1,B95,EUR,A03,A01,4,MAW,MAW,A01,A01
procured_balancing_capacity,4,2026-03-01T02:15:00,PT15M,2026-03-01T02:30Z,2026-03-01T02:15Z,1,30.7,1,B95,EUR,A03,A01,4,MAW,MAW,A01,A01
procured_balancing_capacity,4,2026-03-01T02:30:00,PT15M,2026-03-01T02:45Z,2026-03-01T02:30Z,1,30.7,1,B95,EUR,A03,A01,4,MAW,MAW,A01,A01
procured_balancing_capacity,4,2026-03-01T02:45:00,PT15M,2026-03-01T03:00Z,2026-03-01T02:45Z,1,30.7,1,B95,EUR,A03,A01,4,MAW,MAW,A01,A01
procured_balancing_capacity,4,2026-03-01T03:00:00,PT15M,2026-03-01T03:15Z,2026-03-01T03:00Z,1,33.9,1,B95,EUR,A03,A01,4,MAW,MAW,A01,A01
procured_balancing_capacity,4,2026-03-01T03:15:00,PT15M,2026-03-01T03:30Z,2026-03-01T03:15Z,1,33.9,1,B95,EUR,A03,A01,4,MAW,MAW,A01,A01
procured_balancing_capacity,4,2026-03-01T03:30:00,PT15M,2026-03-01T03:45Z,2026-03-01T03:30Z,1,33.9,1,B95,EUR,A03,A01,4,MAW,MAW,A01,A01
procured_balancing_capacity,4,2026-03-01T03:45:00,PT15M,2026-03-01T04:00Z,2026-03-01T03:45Z,1,33.9,1,B95,EUR,A03,A01,4,MAW,MAW,A01,A01
procured_balancing_capacity,4,2026-03-01T04:00:00,PT15M,2026-03-01T04:15Z,2026-03-01T04:00Z,1,33.9,1,B95,EUR,A03,A01,4,MAW,MAW,A01,A01
procured_balancing_capacity,4,2026-03-01T04:15:00,PT15M,2026-03-01T04:30Z,2026-03-01T04:15Z,1,33.9,1,B95,EUR,A03,A01,4,MAW,MAW,A01,A01
procured_balancing_capacity,4,2026-03-01T04:30:00,PT15M,2026-03-01T04:45Z,2026-03-01T04:30Z,1,33.9,1,B95,EUR,A03,A01,4,MAW,MAW,A01,A01
procured_balancing_capacity,4,2026-03-01T04:45:00,PT15M,2026-03-01T05:00Z,2026-03-01T04:45Z,1,33.9,1,B95,EUR,A03,A01,4,MAW,MAW,A01,A01
procured_balancing_capacity,4,2026-03-01T05:00:00,PT15M,2026-03-01T05:15Z,2026-03-01T05:00Z,1,32.9,1,B95,EUR,A03,A01,4,MAW,MAW,A01,A01
procured_balancing_capacity,4,2026-03-01T05:15:00,PT15M,2026-03-01T05:30Z,2026-03-01T05:15Z,1,32.9,1,B95,EUR,A03,A01,4,MAW,MAW,A01,A01
procured_balancing_capacity,4,2026-03-01T05:30:00,PT15M,2026-03-01T05:45Z,2026-03-01T05:30Z,1,32.9,1,B95,EUR,A03,A01,4,MAW,MAW,A01,A01
procured_balancing_capacity,4,2026-03-01T05:45:00,PT15M,2026-03-01T06:00Z,2026-03-01T05:45Z,1,32.9,1,B95,EUR,A03,A01,4,MAW,MAW,A01,A01
procured_balancing_capacity,4,2026-03-01T06:00:00,PT15M,2026-03-01T06:15Z,2026-03-01T06:00Z,1,32.9,1,B95,EUR,A03,A01,4,MAW,MAW,A01,A01
procured_balancing_capacity,4,2026-03-01T06:15:00,PT15M,2026-03-01T06:30Z,2026-03-01T06:15Z,1,32.9,1,B95,EUR,A03,A01,4,MAW,MAW,A01,A01
procured_balancing_capacity,4,2026-03-01T06:30:00,PT15M,2026-03-01T06:45Z,2026-03-01T06:30Z,1,32.9,1,B95,EUR,A03,A01,4,MAW,MAW,A01,A01
procured_balancing_capacity,4,2026-03-01T06:45:00,PT15M,2026-03-01T07:00Z,2026-03-01T06:45Z,1,32.9,1,B95,EUR,A03,A01,4,MAW,MAW,A01,A01
procured_balancing_capacity,4,2026-03-01T07:00:00,PT15M,2026-03-01T07:15Z,2026-03-01T07:00Z,1,32.9,1,B95,EUR,A03,A01,4,MAW,MAW,A01,A01
procured_balancing_capacity,4,2026-03-01T07:15:00,PT15M,2026-03-01T07:30Z,2026-03-01T07:15Z,1,32.9,1,B95,EUR,A03,A01,4,MAW,MAW,A01,A01
procured_balancing_capacity,4,2026-03-01T07:30:00,PT15M,2026-03-01T07:45Z,2026-03-01T07:30Z,1,32.9,1,B95,EUR,A03,A01,4,MAW,MAW,A01,A01
procured_balancing_capacity,4,2026-03-01T07:45:00,PT15M,2026-03-01T08:00Z,2026-03-01T07:45Z,1,32.9,1,B95,EUR,A03,A01,4,MAW,MAW,A01,A01
procured_balancing_capacity,4,2026-03-01T08:00:00,PT15M,2026-03-01T08:15Z,2026-03-01T08:00Z,1,32.9,1,B95,EUR,A03,A01,4,MAW,MAW,A01,A01
procured_balancing_capacity,4,2026-03-01T08:15:00,PT15M,2026-03-01T08:30Z,2026-03-01T08:15Z,1,32.9,1,B95,EUR,A03,A01,4,MAW,MAW,A01,A01
procured_balancing_capacity,4,2026-03-01T08:30:00,PT15M,2026-03-01T08:45Z,2026-03-01T08:30Z,1,32.9,1,B95,EUR,A03,A01,4,MAW,MAW,A01,A01
procured_balancing_capacity,4,2026-03-01T08:45:00,PT15M,2026-03-01T09:00Z,2026-03-01T08:45Z,1,32.9,1,B95,EUR,A03,A01,4,MAW,MAW,A01,A01
procured_balancing_capacity,4,2026-03-01T09:00:00,PT15M,2026-03-01T09:15Z,2026-03-01T09:00Z,1,33.9,1,B95,EUR,A03,A01,4,MAW,MAW,A01,A01
procured_balancing_capacity,4,2026-03-01T09:15:00,PT15M,2026-03-01T09:30Z,2026-03-01T09:15Z,1,33.9,1,B95,EUR,A03,A01,4,MAW,MAW,A01,A01
procured_balancing_capacity,4,2026-03-01T09:30:00,PT15M,2026-03-01T09:45Z,2026-03-01T09:30Z,1,33.9,1,B95,EUR,A03,A01,4,MAW,MAW,A01,A01
procured_balancing_capacity,4,2026-03-01T09:45:00,PT15M,2026-03-01T10:00Z,2026-03-01T09:45Z,1,33.9,1,B95,EUR,A03,A01,4,MAW,MAW,A01,A01
procured_balancing_capacity,4,2026-03-01T10:00:00,PT15M,2026-03-01T10:15Z,2026-03-01T10:00Z,1,33.9,1,B95,EUR,A03,A01,4,MAW,MAW,A01,A01
procured_balancing_capacity,4,2026-03-01T10:15:00,PT15M,2026-03-01T10:30Z,2026-03-01T10:15Z,1,33.9,1,B95,EUR,A03,A01,4,MAW,MAW,A01,A01
procured_balancing_capacity,4,2026-03-01T10:30:00,PT15M,2026-03-01T10:45Z,2026-03-01T10:30Z,1,33.9,1,B95,EUR,A03,A01,4,MAW,MAW,A01,A01
procured_balancing_capacity,4,2026-03-01T10:45:00,PT15M,2026-03-01T11:00Z,2026-03-01T10:45Z,1,33.9,1,B95,EUR,A03,A01,4,MAW,MAW,A01,A01
procured_balancing_capacity,4,2026-03-01T11:00:00,PT15M,2026-03-01T11:15Z,2026-03-01T11:00Z,1,33.9,1,B95,EUR,A03,A01,4,MAW,MAW,A01,A01
procured_balancing_capacity,4,2026-03-01T11:15:00,PT15M,2026-03-01T11:30Z,2026-03-01T11:15Z,1,33.9,1,B95,EUR,A03,A01,4,MAW,MAW,A01,A01
procured_balancing_capacity,4,2026-03-01T11:30:00,PT15M,2026-03-01T11:45Z,2026-03-01T11:30Z,1,33.9,1,B95,EUR,A03,A01,4,MAW,MAW,A01,A01
procured_balancing_capacity,4,2026-03-01T11:45:00,PT15M,2026-03-01T12:00Z,2026-03-01T11:45Z,1,33.9,1,B95,EUR,A03,A01,4,MAW,MAW,A01,A01
procured_balancing_capacity,4,2026-03-01T12:00:00,PT15M,2026-03-01T12:15Z,2026-03-01T12:00Z,1,33.9,1,B95,EUR,A03,A01,4,MAW,MAW,A01,A01
procured_balancing_capacity,4,2026-03-01T12:15:00,PT15M,2026-03-01T12:30Z,2026-03-01T12:15Z,1,33.9,1,B95,EUR,A03,A01,4,MAW,MAW,A01,A01
procured_balancing_capacity,4,2026-03-01T12:30:00,PT15M,2026-03-01T12:45Z,2026-03-01T12:30Z,1,33.9,1,B95,EUR,A03,A01,4,MAW,MAW,A01,A01
procured_balancing_capacity,4,2026-03-01T12:45:00,PT15M,2026-03-01T13:00Z,2026-03-01T12:45Z,1,33.9,1,B95,EUR,A03,A01,4,MAW,MAW,A01,A01
procured_balancing_capacity,4,2026-03-01T13:00:00,PT15M,2026-03-01T13:15Z,2026-03-01T13:00Z,1,33.9,1,B95,EUR,A03,A01,4,MAW,MAW,A01,A01
procured_balancing_capacity,4,2026-03-01T13:15:00,PT15M,2026-03-01T13:30Z,2026-03-01T13:15Z,1,33.9,1,B95,EUR,A03,A01,4,MAW,MAW,A01,A01
procured_balancing_capacity,4,2026-03-01T13:30:00,PT15M,2026-03-01T13:45Z,2026-03-01T13:30Z,1,33.9,1,B95,EUR,A03,A01,4,MAW,MAW,A01,A01
procured_balancing_capacity,4,2026-03-01T13:45:00,PT15M,2026-03-01T14:00Z,2026-03-01T13:45Z,1,33.9,1,B95,EUR,A03,A01,4,MAW,MAW,A01,A01
procured_balancing_capacity,4,2026-03-01T14:00:00,PT15M,2026-03-01T14:15Z,2026-03-01T14:00Z,1,33.9,1,B95,EUR,A03,A01,4,MAW,MAW,A01,A01
procured_balancing_capacity,4,2026-03-01T14:15:00,PT15M,2026-03-01T14:30Z,2026-03-01T14:15Z,1,33.9,1,B95,EUR,A03,A01,4,MAW,MAW,A01,A01
procured_balancing_capacity,4,2026-03-01T14:30:00,PT15M,2026-03-01T14:45Z,2026-03-01T14:30Z,1,33.9,1,B95,EUR,A03,A01,4,MAW,MAW,A01,A01
procured_balancing_capacity,4,2026-03-01T14:45:00,PT15M,2026-03-01T15:00Z,2026-03-01T14:45Z,1,33.9,1,B95,EUR,A03,A01,4,MAW,MAW,A01,A01
procured_balancing_capacity,4,2026-03-01T15:00:00,PT15M,2026-03-01T15:15Z,2026-03-01T15:00Z,1,33.9,1,B95,EUR,A03,A01,4,MAW,MAW,A01,A01
procured_balancing_capacity,4,2026-03-01T15:15:00,PT15M,2026-03-01T15:30Z,2026-03-01T15:15Z,1,33.9,1,B95,EUR,A03,A01,4,MAW,MAW,A01,A01
procured_balancing_capacity,4,2026-03-01T15:30:00,PT15M,2026-03-01T15:45Z,2026-03-01T15:30Z,1,33.9,1,B95,EUR,A03,A01,4,MAW,MAW,A01,A01
procured_balancing_capacity,4,2026-03-01T15:45:00,PT15M,2026-03-01T16:00Z,2026-03-01T15:45Z,1,33.9,1,B95,EUR,A03,A01,4,MAW,MAW,A01,A01
procured_balancing_capacity,4,2026-03-01T16:00:00,PT15M,2026-03-01T16:15Z,2026-03-01T16:00Z,1,33.9,1,B95,EUR,A03,A01,4,MAW,MAW,A01,A01
procured_balancing_capacity,4,2026-03-01T16:15:00,PT15M,2026-03-01T16:30Z,2026-03-01T16:15Z,1,33.9,1,B95,EUR,A03,A01,4,MAW,MAW,A01,A01
procured_balancing_capacity,4,2026-03-01T16:30:00,PT15M,2026-03-01T16:45Z,2026-03-01T16:30Z,1,33.9,1,B95,EUR,A03,A01,4,MAW,MAW,A01,A01
procured_balancing_capacity,4,2026-03-01T16:45:00,PT15M,2026-03-01T17:00Z,2026-03-01T16:45Z,1,33.9,1,B95,EUR,A03,A01,4,MAW,MAW,A01,A01
procured_balancing_capacity,4,2026-03-01T17:00:00,PT15M,2026-03-01T17:15Z,2026-03-01T17:00Z,1,33.9,1,B95,EUR,A03,A01,4,MAW,MAW,A01,A01
procured_balancing_capacity,4,2026-03-01T17:15:00,PT15M,2026-03-01T17:30Z,2026-03-01T17:15Z,1,33.9,1,B95,EUR,A03,A01,4,MAW,MAW,A01,A01
procured_balancing_capacity,4,2026-03-01T17:30:00,PT15M,2026-03-01T17:45Z,2026-03-01T17:30Z,1,33.9,1,B95,EUR,A03,A01,4,MAW,MAW,A01,A01
procured_balancing_capacity,4,2026-03-01T17:45:00,PT15M,2026-03-01T18:00Z,2026-03-01T17:45Z,1,33.9,1,B95,EUR,A03,A01,4,MAW,MAW,A01,A01
procured_balancing_capacity,4,2026-03-01T18:00:00,PT15M,2026-03-01T18:15Z,2026-03-01T18:00Z,1,33.9,1,B95,EUR,A03,A01,4,MAW,MAW,A01,A01
procured_balancing_capacity,4,2026-03-01T18:15:00,PT15M,2026-03-01T18:30Z,2026-03-01T18:15Z,1,33.9,1,B95,EUR,A03,A01,4,MAW,MAW,A01,A01
procured_balancing_capacity,4,2026-03-01T18:30:00,PT15M,2026-03-01T18:45Z,2026-03-01T18:30Z,1,33.9,1,B95,EUR,A03,A01,4,MAW,MAW,A01,A01
procured_balancing_capacity,4,2026-03-01T18:45:00,PT15M,2026-03-01T19:00Z,2026-03-01T18:45Z,1,33.9,1,B95,EUR,A03,A01,4,MAW,MAW,A01,A01
procured_balancing_capacity,4,2026-03-01T19:00:00,PT15M,2026-03-01T19:15Z,2026-03-01T19:00Z,1,33.9,1,B95,EUR,A03,A01,4,MAW,MAW,A01,A01
procured_balancing_capacity,4,2026-03-01T19:15:00,PT15M,2026-03-01T19:30Z,2026-03-01T19:15Z,1,33.9,1,B95,EUR,A03,A01,4,MAW,MAW,A01,A01
procured_balancing_capacity,4,2026-03-01T19:30:00,PT15M,2026-03-01T19:45Z,2026-03-01T19:30Z,1,33.9,1,B95,EUR,A03,A01,4,MAW,MAW,A01,A01
procured_balancing_capacity,4,2026-03-01T19:45:00,PT15M,2026-03-01T20:00Z,2026-03-01T19:45Z,1,33.9,1,B95,EUR,A03,A01,4,MAW,MAW,A01,A01
procured_balancing_capacity,4,2026-03-01T20:00:00,PT15M,2026-03-01T20:15Z,2026-03-01T20:00Z,1,30.7,1,B95,EUR,A03,A01,4,MAW,MAW,A01,A01
procured_balancing_capacity,4,2026-03-01T20:15:00,PT15M,2026-03-01T20:30Z,2026-03-01T20:15Z,1,30.7,1,B95,EUR,A03,A01,4,MAW,MAW,A01,A01
procured_balancing_capacity,4,2026-03-01T20:30:00,PT15M,2026-03-01T20:45Z,2026-03-01T20:30Z,1,30.7,1,B95,EUR,A03,A01,4,MAW,MAW,A01,A01
procured_balancing_capacity,4,2026-03-01T20:45:00,PT15M,2026-03-01T21:00Z,2026-03-01T20:45Z,1,30.7,1,B95,EUR,A03,A01,4,MAW,MAW,A01,A01
procured_balancing_capacity,4,2026-03-01T21:00:00,PT15M,2026-03-01T21:15Z,2026-03-01T21:00Z,1,30.7,1,B95,EUR,A03,A01,4,MAW,MAW,A01,A01
procured_balancing_capacity,4,2026-03-01T21:15:00,PT15M,2026-03-01T21:30Z,2026-03-01T21:15Z,1,30.7,1,B95,EUR,A03,A01,4,MAW,MAW,A01,A01
procured_balancing_capacity,4,2026-03-01T21:30:00,PT15M,2026-03-01T21:45Z,2026-03-01T21:30Z,1,30.7,1,B95,EUR,A03,A01,4,MAW,MAW,A01,A01
procured_balancing_capacity,4,2026-03-01T21:45:00,PT15M,2026-03-01T22:00Z,2026-03-01T21:45Z,1,30.7,1,B95,EUR,A03,A01,4,MAW,MAW,A01,A01
procured_balancing_capacity,4,2026-03-01T22:00:00,PT15M,2026-03-01T22:15Z,2026-03-01T22:00Z,1,30.7,1,B95,EUR,A03,A01,4,MAW,MAW,A01,A01
procured_balancing_capacity,4,2026-03-01T22:15:00,PT15M,2026-03-01T22:30Z,2026-03-01T22:15Z,1,30.7,1,B95,EUR,A03,A01,4,MAW,MAW,A01,A01
procured_balancing_capacity,4,2026-03-01T22:30:00,PT15M,2026-03-01T22:45Z,2026-03-01T22:30Z,1,30.7,1,B95,EUR,A03,A01,4,MAW,MAW,A01,A01
procured_balancing_capacity,4,2026-03-01T22:45:00,PT15M,2026-03-01T23:00Z,2026-03-01T22:45Z,1,30.7,1,B95,EUR,A03,A01,4,MAW,MAW,A01,A01
procured_balancing_capacity,5,2026-02-28T23:00:00,PT15M,2026-02-28T23:15Z,2026-02-28T23:00Z,1,31.28,13,B95,EUR,A03,A01,5,MAW,MAW,A01,A01
procured_balancing_capacity,5,2026-02-28T23:15:00,PT15M,2026-02-28T23:30Z,2026-02-28T23:15Z,1,31.28,13,B95,EUR,A03,A01,5,MAW,MAW,A01,A01
procured_balancing_capacity,5,2026-02-28T23:30:00,PT15M,2026-02-28T23:45Z,2026-02-28T23:30Z,1,31.28,13,B95,EUR,A03,A01,5,MAW,MAW,A01,A01
procured_balancing_capacity,5,2026-02-28T23:45:00,PT15M,2026-03-01T00:00Z,2026-02-28T23:45Z,1,31.28,13,B95,EUR,A03,A01,5,MAW,MAW,A01,A01
procured_balancing_capacity,5,2026-03-01T00:00:00,PT15M,2026-03-01T00:15Z,2026-03-01T00:00Z,1,31.28,13,B95,EUR,A03,A01,5,MAW,MAW,A01,A01
procured_balancing_capacity,5,2026-03-01T00:15:00,PT15M,2026-03-01T00:30Z,2026-03-01T00:15Z,1,31.28,13,B95,EUR,A03,A01,5,MAW,MAW,A01,A01
procured_balancing_capacity,5,2026-03-01T00:30:00,PT15M,2026-03-01T00:45Z,2026-03-01T00:30Z,1,31.28,13,B95,EUR,A03,A01,5,MAW,MAW,A01,A01
procured_balancing_capacity,5,2026-03-01T00:45:00,PT15M,2026-03-01T01:00Z,2026-03-01T00:45Z,1,31.28,13,B95,EUR,A03,A01,5,MAW,MAW,A01,A01
procured_balancing_capacity,5,2026-03-01T01:00:00,PT15M,2026-03-01T01:15Z,2026-03-01T01:00Z,1,31.28,13,B95,EUR,A03,A01,5,MAW,MAW,A01,A01
procured_balancing_capacity,5,2026-03-01T01:15:00,PT15M,2026-03-01T01:30Z,2026-03-01T01:15Z,1,31.28,13,B95,EUR,A03,A01,5,MAW,MAW,A01,A01
procured_balancing_capacity,5,2026-03-01T01:30:00,PT15M,2026-03-01T01:45Z,2026-03-01T01:30Z,1,31.28,13,B95,EUR,A03,A01,5,MAW,MAW,A01,A01
procured_balancing_capacity,5,2026-03-01T01:45:00,PT15M,2026-03-01T02:00Z,2026-03-01T01:45Z,1,31.28,13,B95,EUR,A03,A01,5,MAW,MAW,A01,A01
procured_balancing_capacity,5,2026-03-01T02:00:00,PT15M,2026-03-01T02:15Z,2026-03-01T02:00Z,1,31.28,13,B95,EUR,A03,A01,5,MAW,MAW,A01,A01
procured_balancing_capacity,5,2026-03-01T02:15:00,PT15M,2026-03-01T02:30Z,2026-03-01T02:15Z,1,31.28,13,B95,EUR,A03,A01,5,MAW,MAW,A01,A01
procured_balancing_capacity,5,2026-03-01T02:30:00,PT15M,2026-03-01T02:45Z,2026-03-01T02:30Z,1,31.28,13,B95,EUR,A03,A01,5,MAW,MAW,A01,A01
procured_balancing_capacity,5,2026-03-01T02:45:00,PT15M,2026-03-01T03:00Z,2026-03-01T02:45Z,1,31.28,13,B95,EUR,A03,A01,5,MAW,MAW,A01,A01
procured_balancing_capacity,5,2026-03-01T03:00:00,PT15M,2026-03-01T03:15Z,2026-03-01T03:00Z,1,31.28,13,B95,EUR,A03,A01,5,MAW,MAW,A01,A01
procured_balancing_capacity,5,2026-03-01T03:15:00,PT15M,2026-03-01T03:30Z,2026-03-01T03:15Z,1,31.28,13,B95,EUR,A03,A01,5,MAW,MAW,A01,A01
procured_balancing_capacity,5,2026-03-01T03:30:00,PT15M,2026-03-01T03:45Z,2026-03-01T03:30Z,1,31.28,13,B95,EUR,A03,A01,5,MAW,MAW,A01,A01
procured_balancing_capacity,5,2026-03-01T03:45:00,PT15M,2026-03-01T04:00Z,2026-03-01T03:45Z,1,31.28,13,B95,EUR,A03,A01,5,MAW,MAW,A01,A01
procured_balancing_capacity,5,2026-03-01T04:00:00,PT15M,2026-03-01T04:15Z,2026-03-01T04:00Z,1,31.28,13,B95,EUR,A03,A01,5,MAW,MAW,A01,A01
procured_balancing_capacity,5,2026-03-01T04:15:00,PT15M,2026-03-01T04:30Z,2026-03-01T04:15Z,1,31.28,13,B95,EUR,A03,A01,5,MAW,MAW,A01,A01
procured_balancing_capacity,5,2026-03-01T04:30:00,PT15M,2026-03-01T04:45Z,2026-03-01T04:30Z,1,31.28,13,B95,EUR,A03,A01,5,MAW,MAW,A01,A01
procured_balancing_capacity,5,2026-03-01T04:45:00,PT15M,2026-03-01T05:00Z,2026-03-01T04:45Z,1,31.28,13,B95,EUR,A03,A01,5,MAW,MAW,A01,A01
procured_balancing_capacity,5,2026-03-01T05:00:00,PT15M,2026-03-01T05:15Z,2026-03-01T05:00Z,1,31.29,13,B95,EUR,A03,A01,5,MAW,MAW,A01,A01
procured_balancing_capacity,5,2026-03-01T05:15:00,PT15M,2026-03-01T05:30Z,2026-03-01T05:15Z,1,31.29,13,B95,EUR,A03,A01,5,MAW,MAW,A01,A01
procured_balancing_capacity,5,2026-03-01T05:30:00,PT15M,2026-03-01T05:45Z,2026-03-01T05:30Z,1,31.29,13,B95,EUR,A03,A01,5,MAW,MAW,A01,A01
procured_balancing_capacity,5,2026-03-01T05:45:00,PT15M,2026-03-01T06:00Z,2026-03-01T05:45Z,1,31.29,13,B95,EUR,A03,A01,5,MAW,MAW,A01,A01
procured_balancing_capacity,5,2026-03-01T06:00:00,PT15M,2026-03-01T06:15Z,2026-03-01T06:00Z,1,31.29,13,B95,EUR,A03,A01,5,MAW,MAW,A01,A01
procured_balancing_capacity,5,2026-03-01T06:15:00,PT15M,2026-03-01T06:30Z,2026-03-01T06:15Z,1,31.29,13,B95,EUR,A03,A01,5,MAW,MAW,A01,A01
procured_balancing_capacity,5,2026-03-01T06:30:00,PT15M,2026-03-01T06:45Z,2026-03-01T06:30Z,1,31.29,13,B95,EUR,A03,A01,5,MAW,MAW,A01,A01
procured_balancing_capacity,5,2026-03-01T06:45:00,PT15M,2026-03-01T07:00Z,2026-03-01T06:45Z,1,31.29,13,B95,EUR,A03,A01,5,MAW,MAW,A01,A01
procured_balancing_capacity,5,2026-03-01T07:00:00,PT15M,2026-03-01T07:15Z,2026-03-01T07:00Z,1,31.29,8,B95,EUR,A03,A01,5,MAW,MAW,A01,A01
procured_balancing_capacity,5,2026-03-01T07:15:00,PT15M,2026-03-01T07:30Z,2026-03-01T07:15Z,1,31.29,8,B95,EUR,A03,A01,5,MAW,MAW,A01,A01
procured_balancing_capacity,5,2026-03-01T07:30:00,PT15M,2026-03-01T07:45Z,2026-03-01T07:30Z,1,31.29,8,B95,EUR,A03,A01,5,MAW,MAW,A01,A01
procured_balancing_capacity,5,2026-03-01T07:45:00,PT15M,2026-03-01T08:00Z,2026-03-01T07:45Z,1,31.29,8,B95,EUR,A03,A01,5,MAW,MAW,A01,A01
procured_balancing_capacity,5,2026-03-01T08:00:00,PT15M,2026-03-01T08:15Z,2026-03-01T08:00Z,1,31.29,8,B95,EUR,A03,A01,5,MAW,MAW,A01,A01
procured_balancing_capacity,5,2026-03-01T08:15:00,PT15M,2026-03-01T08:30Z,2026-03-01T08:15Z,1,31.29,8,B95,EUR,A03,A01,5,MAW,MAW,A01,A01
procured_balancing_capacity,5,2026-03-01T08:30:00,PT15M,2026-03-01T08:45Z,2026-03-01T08:30Z,1,31.29,8,B95,EUR,A03,A01,5,MAW,MAW,A01,A01
procured_balancing_capacity,5,2026-03-01T08:45:00,PT15M,2026-03-01T09:00Z,2026-03-01T08:45Z,1,31.29,8,B95,EUR,A03,A01,5,MAW,MAW,A01,A01
procured_balancing_capacity,5,2026-03-01T09:00:00,PT15M,2026-03-01T09:15Z,2026-03-01T09:00Z,1,29.89,8,B95,EUR,A03,A01,5,MAW,MAW,A01,A01
procured_balancing_capacity,5,2026-03-01T09:15:00,PT15M,2026-03-01T09:30Z,2026-03-01T09:15Z,1,29.89,8,B95,EUR,A03,A01,5,MAW,MAW,A01,A01
procured_balancing_capacity,5,2026-03-01T09:30:00,PT15M,2026-03-01T09:45Z,2026-03-01T09:30Z,1,29.89,8,B95,EUR,A03,A01,5,MAW,MAW,A01,A01
procured_balancing_capacity,5,2026-03-01T09:45:00,PT15M,2026-03-01T10:00Z,2026-03-01T09:45Z,1,29.89,8,B95,EUR,A03,A01,5,MAW,MAW,A01,A01
procured_balancing_capacity,5,2026-03-01T10:00:00,PT15M,2026-03-01T10:15Z,2026-03-01T10:00Z,1,29.89,5,B95,EUR,A03,A01,5,MAW,MAW,A01,A01
procured_balancing_capacity,5,2026-03-01T10:15:00,PT15M,2026-03-01T10:30Z,2026-03-01T10:15Z,1,29.89,5,B95,EUR,A03,A01,5,MAW,MAW,A01,A01
procured_balancing_capacity,5,2026-03-01T10:30:00,PT15M,2026-03-01T10:45Z,2026-03-01T10:30Z,1,29.89,5,B95,EUR,A03,A01,5,MAW,MAW,A01,A01
procured_balancing_capacity,5,2026-03-01T10:45:00,PT15M,2026-03-01T11:00Z,2026-03-01T10:45Z,1,29.89,5,B95,EUR,A03,A01,5,MAW,MAW,A01,A01
procured_balancing_capacity,5,2026-03-01T11:00:00,PT15M,2026-03-01T11:15Z,2026-03-01T11:00Z,1,29.89,5,B95,EUR,A03,A01,5,MAW,MAW,A01,A01
procured_balancing_capacity,5,2026-03-01T11:15:00,PT15M,2026-03-01T11:30Z,2026-03-01T11:15Z,1,29.89,5,B95,EUR,A03,A01,5,MAW,MAW,A01,A01
procured_balancing_capacity,5,2026-03-01T11:30:00,PT15M,2026-03-01T11:45Z,2026-03-01T11:30Z,1,29.89,5,B95,EUR,A03,A01,5,MAW,MAW,A01,A01
procured_balancing_capacity,5,2026-03-01T11:45:00,PT15M,2026-03-01T12:00Z,2026-03-01T11:45Z,1,29.89,5,B95,EUR,A03,A01,5,MAW,MAW,A01,A01
procured_balancing_capacity,5,2026-03-01T12:00:00,PT15M,2026-03-01T12:15Z,2026-03-01T12:00Z,1,29.89,5,B95,EUR,A03,A01,5,MAW,MAW,A01,A01
procured_balancing_capacity,5,2026-03-01T12:15:00,PT15M,2026-03-01T12:30Z,2026-03-01T12:15Z,1,29.89,5,B95,EUR,A03,A01,5,MAW,MAW,A01,A01
procured_balancing_capacity,5,2026-03-01T12:30:00,PT15M,2026-03-01T12:45Z,2026-03-01T12:30Z,1,29.89,5,B95,EUR,A03,A01,5,MAW,MAW,A01,A01
procured_balancing_capacity,5,2026-03-01T12:45:00,PT15M,2026-03-01T13:00Z,2026-03-01T12:45Z,1,29.89,5,B95,EUR,A03,A01,5,MAW,MAW,A01,A01
procured_balancing_capacity,5,2026-03-01T13:00:00,PT15M,2026-03-01T13:15Z,2026-03-01T13:00Z,1,29.89,5,B95,EUR,A03,A01,5,MAW,MAW,A01,A01
procured_balancing_capacity,5,2026-03-01T13:15:00,PT15M,2026-03-01T13:30Z,2026-03-01T13:15Z,1,29.89,5,B95,EUR,A03,A01,5,MAW,MAW,A01,A01
procured_balancing_capacity,5,2026-03-01T13:30:00,PT15M,2026-03-01T13:45Z,2026-03-01T13:30Z,1,29.89,5,B95,EUR,A03,A01,5,MAW,MAW,A01,A01
procured_balancing_capacity,5,2026-03-01T13:45:00,PT15M,2026-03-01T14:00Z,2026-03-01T13:45Z,1,29.89,5,B95,EUR,A03,A01,5,MAW,MAW,A01,A01
procured_balancing_capacity,5,2026-03-01T14:00:00,PT15M,2026-03-01T14:15Z,2026-03-01T14:00Z,1,31.29,8,B95,EUR,A03,A01,5,MAW,MAW,A01,A01
procured_balancing_capacity,5,2026-03-01T14:15:00,PT15M,2026-03-01T14:30Z,2026-03-01T14:15Z,1,31.29,8,B95,EUR,A03,A01,5,MAW,MAW,A01,A01
procured_balancing_capacity,5,2026-03-01T14:30:00,PT15M,2026-03-01T14:45Z,2026-03-01T14:30Z,1,31.29,8,B95,EUR,A03,A01,5,MAW,MAW,A01,A01
procured_balancing_capacity,5,2026-03-01T14:45:00,PT15M,2026-03-01T15:00Z,2026-03-01T14:45Z,1,31.29,8,B95,EUR,A03,A01,5,MAW,MAW,A01,A01
procured_balancing_capacity,5,2026-03-01T15:00:00,PT15M,2026-03-01T15:15Z,2026-03-01T15:00Z,1,31.27,14,B95,EUR,A03,A01,5,MAW,MAW,A01,A01
procured_balancing_capacity,5,2026-03-01T15:15:00,PT15M,2026-03-01T15:30Z,2026-03-01T15:15Z,1,31.27,14,B95,EUR,A03,A01,5,MAW,MAW,A01,A01
procured_balancing_capacity,5,2026-03-01T15:30:00,PT15M,2026-03-01T15:45Z,2026-03-01T15:30Z,1,31.27,14,B95,EUR,A03,A01,5,MAW,MAW,A01,A01
procured_balancing_capacity,5,2026-03-01T15:45:00,PT15M,2026-03-01T16:00Z,2026-03-01T15:45Z,1,31.27,14,B95,EUR,A03,A01,5,MAW,MAW,A01,A01
procured_balancing_capacity,5,2026-03-01T16:00:00,PT15M,2026-03-01T16:15Z,2026-03-01T16:00Z,1,29.89,14,B95,EUR,A03,A01,5,MAW,MAW,A01,A01
procured_balancing_capacity,5,2026-03-01T16:15:00,PT15M,2026-03-01T16:30Z,2026-03-01T16:15Z,1,29.89,14,B95,EUR,A03,A01,5,MAW,MAW,A01,A01
procured_balancing_capacity,5,2026-03-01T16:30:00,PT15M,2026-03-01T16:45Z,2026-03-01T16:30Z,1,29.89,14,B95,EUR,A03,A01,5,MAW,MAW,A01,A01
procured_balancing_capacity,5,2026-03-01T16:45:00,PT15M,2026-03-01T17:00Z,2026-03-01T16:45Z,1,29.89,14,B95,EUR,A03,A01,5,MAW,MAW,A01,A01
procured_balancing_capacity,5,2026-03-01T17:00:00,PT15M,2026-03-01T17:15Z,2026-03-01T17:00Z,1,29.89,14,B95,EUR,A03,A01,5,MAW,MAW,A01,A01
procured_balancing_capacity,5,2026-03-01T17:15:00,PT15M,2026-03-01T17:30Z,2026-03-01T17:15Z,1,29.89,14,B95,EUR,A03,A01,5,MAW,MAW,A01,A01
procured_balancing_capacity,5,2026-03-01T17:30:00,PT15M,2026-03-01T17:45Z,2026-03-01T17:30Z,1,29.89,14,B95,EUR,A03,A01,5,MAW,MAW,A01,A01
procured_balancing_capacity,5,2026-03-01T17:45:00,PT15M,2026-03-01T18:00Z,2026-03-01T17:45Z,1,29.89,14,B95,EUR,A03,A01,5,MAW,MAW,A01,A01
procured_balancing_capacity,5,2026-03-01T18:00:00,PT15M,2026-03-01T18:15Z,2026-03-01T18:00Z,1,29.89,14,B95,EUR,A03,A01,5,MAW,MAW,A01,A01
procured_balancing_capacity,5,2026-03-01T18:15:00,PT15M,2026-03-01T18:30Z,2026-03-01T18:15Z,1,29.89,14,B95,EUR,A03,A01,5,MAW,MAW,A01,A01
procured_balancing_capacity,5,2026-03-01T18:30:00,PT15M,2026-03-01T18:45Z,2026-03-01T18:30Z,1,29.89,14,B95,EUR,A03,A01,5,MAW,MAW,A01,A01
procured_balancing_capacity,5,2026-03-01T18:45:00,PT15M,2026-03-01T19:00Z,2026-03-01T18:45Z,1,29.89,14,B95,EUR,A03,A01,5,MAW,MAW,A01,A01
procured_balancing_capacity,5,2026-03-01T19:00:00,PT15M,2026-03-01T19:15Z,2026-03-01T19:00Z,1,29.89,14,B95,EUR,A03,A01,5,MAW,MAW,A01,A01
procured_balancing_capacity,5,2026-03-01T19:15:00,PT15M,2026-03-01T19:30Z,2026-03-01T19:15Z,1,29.89,14,B95,EUR,A03,A01,5,MAW,MAW,A01,A01
procured_balancing_capacity,5,2026-03-01T19:30:00,PT15M,2026-03-01T19:45Z,2026-03-01T19:30Z,1,29.89,14,B95,EUR,A03,A01,5,MAW,MAW,A01,A01
procured_balancing_capacity,5,2026-03-01T19:45:00,PT15M,2026-03-01T20:00Z,2026-03-01T19:45Z,1,29.89,14,B95,EUR,A03,A01,5,MAW,MAW,A01,A01
procured_balancing_capacity,5,2026-03-01T20:00:00,PT15M,2026-03-01T20:15Z,2026-03-01T20:00Z,1,31.27,14,B95,EUR,A03,A01,5,MAW,MAW,A01,A01
procured_balancing_capacity,5,2026-03-01T20:15:00,PT15M,2026-03-01T20:30Z,2026-03-01T20:15Z,1,31.27,14,B95,EUR,A03,A01,5,MAW,MAW,A01,A01
procured_balancing_capacity,5,2026-03-01T20:30:00,PT15M,2026-03-01T20:45Z,2026-03-01T20:30Z,1,31.27,14,B95,EUR,A03,A01,5,MAW,MAW,A01,A01
procured_balancing_capacity,5,2026-03-01T20:45:00,PT15M,2026-03-01T21:00Z,2026-03-01T20:45Z,1,31.27,14,B95,EUR,A03,A01,5,MAW,MAW,A01,A01
procured_balancing_capacity,5,2026-03-01T21:00:00,PT15M,2026-03-01T21:15Z,2026-03-01T21:00Z,1,31.27,8,B95,EUR,A03,A01,5,MAW,MAW,A01,A01
procured_balancing_capacity,5,2026-03-01T21:15:00,PT15M,2026-03-01T21:30Z,2026-03-01T21:15Z,1,31.27,8,B95,EUR,A03,A01,5,MAW,MAW,A01,A01
procured_balancing_capacity,5,2026-03-01T21:30:00,PT15M,2026-03-01T21:45Z,2026-03-01T21:30Z,1,31.27,8,B95,EUR,A03,A01,5,MAW,MAW,A01,A01
procured_balancing_capacity,5,2026-03-01T21:45:00,PT15M,2026-03-01T22:00Z,2026-03-01T21:45Z,1,31.27,8,B95,EUR,A03,A01,5,MAW,MAW,A01,A01
procured_balancing_capacity,5,2026-03-01T22:00:00,PT15M,2026-03-01T22:15Z,2026-03-01T22:00Z,1,31.27,8,B95,EUR,A03,A01,5,MAW,MAW,A01,A01
procured_balancing_capacity,5,2026-03-01T22:15:00,PT15M,2026-03-01T22:30Z,2026-03-01T22:15Z,1,31.27,8,B95,EUR,A03,A01,5,MAW,MAW,A01,A01
procured_balancing_capacity,5,2026-03-01T22:30:00,PT15M,2026-03-01T22:45Z,2026-03-01T22:30Z,1,31.27,8,B95,EUR,A03,A01,5,MAW,MAW,A01,A01
procured_balancing_capacity,5,2026-03-01T22:45:00,PT15M,2026-03-01T23:00Z,2026-03-01T22:45Z,1,31.27,8,B95,EUR,A03,A01,5,MAW,MAW,A01,A01
procured_balancing_capacity,6,2026-02-28T23:00:00,PT15M,2026-02-28T23:15Z,2026-02-28T23:00Z,1,9.99,10,B95,EUR,A03,A02,6,MAW,MAW,A01,A01
procured_balancing_capacity,6,2026-02-28T23:15:00,PT15M,2026-02-28T23:30Z,2026-02-28T23:15Z,1,9.99,10,B95,EUR,A03,A02,6,MAW,MAW,A01,A01
procured_balancing_capacity,6,2026-02-28T23:30:00,PT15M,2026-02-28T23:45Z,2026-02-28T23:30Z,1,9.99,10,B95,EUR,A03,A02,6,MAW,MAW,A01,A01
procured_balancing_capacity,6,2026-02-28T23:45:00,PT15M,2026-03-01T00:00Z,2026-02-28T23:45Z,1,9.99,10,B95,EUR,A03,A02,6,MAW,MAW,A01,A01
procured_balancing_capacity,6,2026-03-01T00:00:00,PT15M,2026-03-01T00:15Z,2026-03-01T00:00Z,1,9.99,10,B95,EUR,A03,A02,6,MAW,MAW,A01,A01
procured_balancing_capacity,6,2026-03-01T00:15:00,PT15M,2026-03-01T00:30Z,2026-03-01T00:15Z,1,9.99,10,B95,EUR,A03,A02,6,MAW,MAW,A01,A01
procured_balancing_capacity,6,2026-03-01T00:30:00,PT15M,2026-03-01T00:45Z,2026-03-01T00:30Z,1,9.99,10,B95,EUR,A03,A02,6,MAW,MAW,A01,A01
procured_balancing_capacity,6,2026-03-01T00:45:00,PT15M,2026-03-01T01:00Z,2026-03-01T00:45Z,1,9.99,10,B95,EUR,A03,A02,6,MAW,MAW,A01,A01
procured_balancing_capacity,6,2026-03-01T01:00:00,PT15M,2026-03-01T01:15Z,2026-03-01T01:00Z,1,9.99,10,B95,EUR,A03,A02,6,MAW,MAW,A01,A01
procured_balancing_capacity,6,2026-03-01T01:15:00,PT15M,2026-03-01T01:30Z,2026-03-01T01:15Z,1,9.99,10,B95,EUR,A03,A02,6,MAW,MAW,A01,A01
procured_balancing_capacity,6,2026-03-01T01:30:00,PT15M,2026-03-01T01:45Z,2026-03-01T01:30Z,1,9.99,10,B95,EUR,A03,A02,6,MAW,MAW,A01,A01
procured_balancing_capacity,6,2026-03-01T01:45:00,PT15M,2026-03-01T02:00Z,2026-03-01T01:45Z,1,9.99,10,B95,EUR,A03,A02,6,MAW,MAW,A01,A01
procured_balancing_capacity,6,2026-03-01T02:00:00,PT15M,2026-03-01T02:15Z,2026-03-01T02:00Z,1,9.99,10,B95,EUR,A03,A02,6,MAW,MAW,A01,A01
procured_balancing_capacity,6,2026-03-01T02:15:00,PT15M,2026-03-01T02:30Z,2026-03-01T02:15Z,1,9.99,10,B95,EUR,A03,A02,6,MAW,MAW,A01,A01
procured_balancing_capacity,6,2026-03-01T02:30:00,PT15M,2026-03-01T02:45Z,2026-03-01T02:30Z,1,9.99,10,B95,EUR,A03,A02,6,MAW,MAW,A01,A01
procured_balancing_capacity,6,2026-03-01T02:45:00,PT15M,2026-03-01T03:00Z,2026-03-01T02:45Z,1,9.99,10,B95,EUR,A03,A02,6,MAW,MAW,A01,A01
procured_balancing_capacity,6,2026-03-01T03:00:00,PT15M,2026-03-01T03:15Z,2026-03-01T03:00Z,1,9.99,10,B95,EUR,A03,A02,6,MAW,MAW,A01,A01
procured_balancing_capacity,6,2026-03-01T03:15:00,PT15M,2026-03-01T03:30Z,2026-03-01T03:15Z,1,9.99,10,B95,EUR,A03,A02,6,MAW,MAW,A01,A01
procured_balancing_capacity,6,2026-03-01T03:30:00,PT15M,2026-03-01T03:45Z,2026-03-01T03:30Z,1,9.99,10,B95,EUR,A03,A02,6,MAW,MAW,A01,A01
procured_balancing_capacity,6,2026-03-01T03:45:00,PT15M,2026-03-01T04:00Z,2026-03-01T03:45Z,1,9.99,10,B95,EUR,A03,A02,6,MAW,MAW,A01,A01
procured_balancing_capacity,6,2026-03-01T04:00:00,PT15M,2026-03-01T04:15Z,2026-03-01T04:00Z,1,9.99,10,B95,EUR,A03,A02,6,MAW,MAW,A01,A01
procured_balancing_capacity,6,2026-03-01T04:15:00,PT15M,2026-03-01T04:30Z,2026-03-01T04:15Z,1,9.99,10,B95,EUR,A03,A02,6,MAW,MAW,A01,A01
procured_balancing_capacity,6,2026-03-01T04:30:00,PT15M,2026-03-01T04:45Z,2026-03-01T04:30Z,1,9.99,10,B95,EUR,A03,A02,6,MAW,MAW,A01,A01
procured_balancing_capacity,6,2026-03-01T04:45:00,PT15M,2026-03-01T05:00Z,2026-03-01T04:45Z,1,9.99,10,B95,EUR,A03,A02,6,MAW,MAW,A01,A01
procured_balancing_capacity,6,2026-03-01T05:00:00,PT15M,2026-03-01T05:15Z,2026-03-01T05:00Z,1,9.99,10,B95,EUR,A03,A02,6,MAW,MAW,A01,A01
procured_balancing_capacity,6,2026-03-01T05:15:00,PT15M,2026-03-01T05:30Z,2026-03-01T05:15Z,1,9.99,10,B95,EUR,A03,A02,6,MAW,MAW,A01,A01
procured_balancing_capacity,6,2026-03-01T05:30:00,PT15M,2026-03-01T05:45Z,2026-03-01T05:30Z,1,9.99,10,B95,EUR,A03,A02,6,MAW,MAW,A01,A01
procured_balancing_capacity,6,2026-03-01T05:45:00,PT15M,2026-03-01T06:00Z,2026-03-01T05:45Z,1,9.99,10,B95,EUR,A03,A02,6,MAW,MAW,A01,A01
procured_balancing_capacity,6,2026-03-01T06:00:00,PT15M,2026-03-01T06:15Z,2026-03-01T06:00Z,1,9.99,10,B95,EUR,A03,A02,6,MAW,MAW,A01,A01
procured_balancing_capacity,6,2026-03-01T06:15:00,PT15M,2026-03-01T06:30Z,2026-03-01T06:15Z,1,9.99,10,B95,EUR,A03,A02,6,MAW,MAW,A01,A01
procured_balancing_capacity,6,2026-03-01T06:30:00,PT15M,2026-03-01T06:45Z,2026-03-01T06:30Z,1,9.99,10,B95,EUR,A03,A02,6,MAW,MAW,A01,A01
procured_balancing_capacity,6,2026-03-01T06:45:00,PT15M,2026-03-01T07:00Z,2026-03-01T06:45Z,1,9.99,10,B95,EUR,A03,A02,6,MAW,MAW,A01,A01
procured_balancing_capacity,6,2026-03-01T07:00:00,PT15M,2026-03-01T07:15Z,2026-03-01T07:00Z,1,9.99,7,B95,EUR,A03,A02,6,MAW,MAW,A01,A01
procured_balancing_capacity,6,2026-03-01T07:15:00,PT15M,2026-03-01T07:30Z,2026-03-01T07:15Z,1,9.99,7,B95,EUR,A03,A02,6,MAW,MAW,A01,A01
procured_balancing_capacity,6,2026-03-01T07:30:00,PT15M,2026-03-01T07:45Z,2026-03-01T07:30Z,1,9.99,7,B95,EUR,A03,A02,6,MAW,MAW,A01,A01
procured_balancing_capacity,6,2026-03-01T07:45:00,PT15M,2026-03-01T08:00Z,2026-03-01T07:45Z,1,9.99,7,B95,EUR,A03,A02,6,MAW,MAW,A01,A01
procured_balancing_capacity,6,2026-03-01T08:00:00,PT15M,2026-03-01T08:15Z,2026-03-01T08:00Z,1,9.99,7,B95,EUR,A03,A02,6,MAW,MAW,A01,A01
procured_balancing_capacity,6,2026-03-01T08:15:00,PT15M,2026-03-01T08:30Z,2026-03-01T08:15Z,1,9.99,7,B95,EUR,A03,A02,6,MAW,MAW,A01,A01
procured_balancing_capacity,6,2026-03-01T08:30:00,PT15M,2026-03-01T08:45Z,2026-03-01T08:30Z,1,9.99,7,B95,EUR,A03,A02,6,MAW,MAW,A01,A01
procured_balancing_capacity,6,2026-03-01T08:45:00,PT15M,2026-03-01T09:00Z,2026-03-01T08:45Z,1,9.99,7,B95,EUR,A03,A02,6,MAW,MAW,A01,A01
procured_balancing_capacity,6,2026-03-01T09:00:00,PT15M,2026-03-01T09:15Z,2026-03-01T09:00Z,1,9.99,7,B95,EUR,A03,A02,6,MAW,MAW,A01,A01
procured_balancing_capacity,6,2026-03-01T09:15:00,PT15M,2026-03-01T09:30Z,2026-03-01T09:15Z,1,9.99,7,B95,EUR,A03,A02,6,MAW,MAW,A01,A01
procured_balancing_capacity,6,2026-03-01T09:30:00,PT15M,2026-03-01T09:45Z,2026-03-01T09:30Z,1,9.99,7,B95,EUR,A03,A02,6,MAW,MAW,A01,A01
procured_balancing_capacity,6,2026-03-01T09:45:00,PT15M,2026-03-01T10:00Z,2026-03-01T09:45Z,1,9.99,7,B95,EUR,A03,A02,6,MAW,MAW,A01,A01
procured_balancing_capacity,6,2026-03-01T10:00:00,PT15M,2026-03-01T10:15Z,2026-03-01T10:00Z,1,9.99,7,B95,EUR,A03,A02,6,MAW,MAW,A01,A01
procured_balancing_capacity,6,2026-03-01T10:15:00,PT15M,2026-03-01T10:30Z,2026-03-01T10:15Z,1,9.99,7,B95,EUR,A03,A02,6,MAW,MAW,A01,A01
procured_balancing_capacity,6,2026-03-01T10:30:00,PT15M,2026-03-01T10:45Z,2026-03-01T10:30Z,1,9.99,7,B95,EUR,A03,A02,6,MAW,MAW,A01,A01
procured_balancing_capacity,6,2026-03-01T10:45:00,PT15M,2026-03-01T11:00Z,2026-03-01T10:45Z,1,9.99,7,B95,EUR,A03,A02,6,MAW,MAW,A01,A01
procured_balancing_capacity,6,2026-03-01T11:00:00,PT15M,2026-03-01T11:15Z,2026-03-01T11:00Z,1,9.99,7,B95,EUR,A03,A02,6,MAW,MAW,A01,A01
procured_balancing_capacity,6,2026-03-01T11:15:00,PT15M,2026-03-01T11:30Z,2026-03-01T11:15Z,1,9.99,7,B95,EUR,A03,A02,6,MAW,MAW,A01,A01
procured_balancing_capacity,6,2026-03-01T11:30:00,PT15M,2026-03-01T11:45Z,2026-03-01T11:30Z,1,9.99,7,B95,EUR,A03,A02,6,MAW,MAW,A01,A01
procured_balancing_capacity,6,2026-03-01T11:45:00,PT15M,2026-03-01T12:00Z,2026-03-01T11:45Z,1,9.99,7,B95,EUR,A03,A02,6,MAW,MAW,A01,A01
procured_balancing_capacity,6,2026-03-01T12:00:00,PT15M,2026-03-01T12:15Z,2026-03-01T12:00Z,1,9.99,7,B95,EUR,A03,A02,6,MAW,MAW,A01,A01
procured_balancing_capacity,6,2026-03-01T12:15:00,PT15M,2026-03-01T12:30Z,2026-03-01T12:15Z,1,9.99,7,B95,EUR,A03,A02,6,MAW,MAW,A01,A01
procured_balancing_capacity,6,2026-03-01T12:30:00,PT15M,2026-03-01T12:45Z,2026-03-01T12:30Z,1,9.99,7,B95,EUR,A03,A02,6,MAW,MAW,A01,A01
procured_balancing_capacity,6,2026-03-01T12:45:00,PT15M,2026-03-01T13:00Z,2026-03-01T12:45Z,1,9.99,7,B95,EUR,A03,A02,6,MAW,MAW,A01,A01
procured_balancing_capacity,6,2026-03-01T13:00:00,PT15M,2026-03-01T13:15Z,2026-03-01T13:00Z,1,9.99,7,B95,EUR,A03,A02,6,MAW,MAW,A01,A01
procured_balancing_capacity,6,2026-03-01T13:15:00,PT15M,2026-03-01T13:30Z,2026-03-01T13:15Z,1,9.99,7,B95,EUR,A03,A02,6,MAW,MAW,A01,A01
procured_balancing_capacity,6,2026-03-01T13:30:00,PT15M,2026-03-01T13:45Z,2026-03-01T13:30Z,1,9.99,7,B95,EUR,A03,A02,6,MAW,MAW,A01,A01
procured_balancing_capacity,6,2026-03-01T13:45:00,PT15M,2026-03-01T14:00Z,2026-03-01T13:45Z,1,9.99,7,B95,EUR,A03,A02,6,MAW,MAW,A01,A01
procured_balancing_capacity,6,2026-03-01T14:00:00,PT15M,2026-03-01T14:15Z,2026-03-01T14:00Z,1,9.99,7,B95,EUR,A03,A02,6,MAW,MAW,A01,A01
procured_balancing_capacity,6,2026-03-01T14:15:00,PT15M,2026-03-01T14:30Z,2026-03-01T14:15Z,1,9.99,7,B95,EUR,A03,A02,6,MAW,MAW,A01,A01
procured_balancing_capacity,6,2026-03-01T14:30:00,PT15M,2026-03-01T14:45Z,2026-03-01T14:30Z,1,9.99,7,B95,EUR,A03,A02,6,MAW,MAW,A01,A01
procured_balancing_capacity,6,2026-03-01T14:45:00,PT15M,2026-03-01T15:00Z,2026-03-01T14:45Z,1,9.99,7,B95,EUR,A03,A02,6,MAW,MAW,A01,A01
procured_balancing_capacity,6,2026-03-01T15:00:00,PT15M,2026-03-01T15:15Z,2026-03-01T15:00Z,1,9.69,12,B95,EUR,A03,A02,6,MAW,MAW,A01,A01
procured_balancing_capacity,6,2026-03-01T15:15:00,PT15M,2026-03-01T15:30Z,2026-03-01T15:15Z,1,9.69,12,B95,EUR,A03,A02,6,MAW,MAW,A01,A01
procured_balancing_capacity,6,2026-03-01T15:30:00,PT15M,2026-03-01T15:45Z,2026-03-01T15:30Z,1,9.69,12,B95,EUR,A03,A02,6,MAW,MAW,A01,A01
procured_balancing_capacity,6,2026-03-01T15:45:00,PT15M,2026-03-01T16:00Z,2026-03-01T15:45Z,1,9.69,12,B95,EUR,A03,A02,6,MAW,MAW,A01,A01
procured_balancing_capacity,6,2026-03-01T16:00:00,PT15M,2026-03-01T16:15Z,2026-03-01T16:00Z,1,10.19,12,B95,EUR,A03,A02,6,MAW,MAW,A01,A01
procured_balancing_capacity,6,2026-03-01T16:15:00,PT15M,2026-03-01T16:30Z,2026-03-01T16:15Z,1,10.19,12,B95,EUR,A03,A02,6,MAW,MAW,A01,A01
procured_balancing_capacity,6,2026-03-01T16:30:00,PT15M,2026-03-01T16:45Z,2026-03-01T16:30Z,1,10.19,12,B95,EUR,A03,A02,6,MAW,MAW,A01,A01
procured_balancing_capacity,6,2026-03-01T16:45:00,PT15M,2026-03-01T17:00Z,2026-03-01T16:45Z,1,10.19,12,B95,EUR,A03,A02,6,MAW,MAW,A01,A01
procured_balancing_capacity,6,2026-03-01T17:00:00,PT15M,2026-03-01T17:15Z,2026-03-01T17:00Z,1,10.19,12,B95,EUR,A03,A02,6,MAW,MAW,A01,A01
procured_balancing_capacity,6,2026-03-01T17:15:00,PT15M,2026-03-01T17:30Z,2026-03-01T17:15Z,1,10.19,12,B95,EUR,A03,A02,6,MAW,MAW,A01,A01
procured_balancing_capacity,6,2026-03-01T17:30:00,PT15M,2026-03-01T17:45Z,2026-03-01T17:30Z,1,10.19,12,B95,EUR,A03,A02,6,MAW,MAW,A01,A01
procured_balancing_capacity,6,2026-03-01T17:45:00,PT15M,2026-03-01T18:00Z,2026-03-01T17:45Z,1,10.19,12,B95,EUR,A03,A02,6,MAW,MAW,A01,A01
procured_balancing_capacity,6,2026-03-01T18:00:00,PT15M,2026-03-01T18:15Z,2026-03-01T18:00Z,1,10.19,12,B95,EUR,A03,A02,6,MAW,MAW,A01,A01
procured_balancing_capacity,6,2026-03-01T18:15:00,PT15M,2026-03-01T18:30Z,2026-03-01T18:15Z,1,10.19,12,B95,EUR,A03,A02,6,MAW,MAW,A01,A01
procured_balancing_capacity,6,2026-03-01T18:30:00,PT15M,2026-03-01T18:45Z,2026-03-01T18:30Z,1,10.19,12,B95,EUR,A03,A02,6,MAW,MAW,A01,A01
procured_balancing_capacity,6,2026-03-01T18:45:00,PT15M,2026-03-01T19:00Z,2026-03-01T18:45Z,1,10.19,12,B95,EUR,A03,A02,6,MAW,MAW,A01,A01
procured_balancing_capacity,6,2026-03-01T19:00:00,PT15M,2026-03-01T19:15Z,2026-03-01T19:00Z,1,9.89,12,B95,EUR,A03,A02,6,MAW,MAW,A01,A01
procured_balancing_capacity,6,2026-03-01T19:15:00,PT15M,2026-03-01T19:30Z,2026-03-01T19:15Z,1,9.89,12,B95,EUR,A03,A02,6,MAW,MAW,A01,A01
procured_balancing_capacity,6,2026-03-01T19:30:00,PT15M,2026-03-01T19:45Z,2026-03-01T19:30Z,1,9.89,12,B95,EUR,A03,A02,6,MAW,MAW,A01,A01
procured_balancing_capacity,6,2026-03-01T19:45:00,PT15M,2026-03-01T20:00Z,2026-03-01T19:45Z,1,9.89,12,B95,EUR,A03,A02,6,MAW,MAW,A01,A01
procured_balancing_capacity,6,2026-03-01T20:00:00,PT15M,2026-03-01T20:15Z,2026-03-01T20:00Z,1,9.69,12,B95,EUR,A03,A02,6,MAW,MAW,A01,A01
procured_balancing_capacity,6,2026-03-01T20:15:00,PT15M,2026-03-01T20:30Z,2026-03-01T20:15Z,1,9.69,12,B95,EUR,A03,A02,6,MAW,MAW,A01,A01
procured_balancing_capacity,6,2026-03-01T20:30:00,PT15M,2026-03-01T20:45Z,2026-03-01T20:30Z,1,9.69,12,B95,EUR,A03,A02,6,MAW,MAW,A01,A01
procured_balancing_capacity,6,2026-03-01T20:45:00,PT15M,2026-03-01T21:00Z,2026-03-01T20:45Z,1,9.69,12,B95,EUR,A03,A02,6,MAW,MAW,A01,A01
procured_balancing_capacity,6,2026-03-01T21:00:00,PT15M,2026-03-01T21:15Z,2026-03-01T21:00Z,1,9.39,7,B95,EUR,A03,A02,6,MAW,MAW,A01,A01
procured_balancing_capacity,6,2026-03-01T21:15:00,PT15M,2026-03-01T21:30Z,2026-03-01T21:15Z,1,9.39,7,B95,EUR,A03,A02,6,MAW,MAW,A01,A01
procured_balancing_capacity,6,2026-03-01T21:30:00,PT15M,2026-03-01T21:45Z,2026-03-01T21:30Z,1,9.39,7,B95,EUR,A03,A02,6,MAW,MAW,A01,A01
procured_balancing_capacity,6,2026-03-01T21:45:00,PT15M,2026-03-01T22:00Z,2026-03-01T21:45Z,1,9.39,7,B95,EUR,A03,A02,6,MAW,MAW,A01,A01
procured_balancing_capacity,6,2026-03-01T22:00:00,PT15M,2026-03-01T22:15Z,2026-03-01T22:00Z,1,9.39,7,B95,EUR,A03,A02,6,MAW,MAW,A01,A01
procured_balancing_capacity,6,2026-03-01T22:15:00,PT15M,2026-03-01T22:30Z,2026-03-01T22:15Z,1,9.39,7,B95,EUR,A03,A02,6,MAW,MAW,A01,A01
procured_balancing_capacity,6,2026-03-01T22:30:00,PT15M,2026-03-01T22:45Z,2026-03-01T22:30Z,1,9.39,7,B95,EUR,A03,A02,6,MAW,MAW,A01,A01
procured_balancing_capacity,6,2026-03-01T22:45:00,PT15M,2026-03-01T23:00Z,2026-03-01T22:45Z,1,9.39,7,B95,EUR,A03,A02,6,MAW,MAW,A01,A01
procured_balancing_capacity,7,2026-02-28T23:00:00,PT15M,2026-02-28T23:15Z,2026-02-28T23:00Z,1,31.3,3,B95,EUR,A03,A01,7,MAW,MAW,A01,A01
procured_balancing_capacity,7,2026-02-28T23:15:00,PT15M,2026-02-28T23:30Z,2026-02-28T23:15Z,1,31.3,3,B95,EUR,A03,A01,7,MAW,MAW,A01,A01
procured_balancing_capacity,7,2026-02-28T23:30:00,PT15M,2026-02-28T23:45Z,2026-02-28T23:30Z,1,31.3,3,B95,EUR,A03,A01,7,MAW,MAW,A01,A01
procured_balancing_capacity,7,2026-02-28T23:45:00,PT15M,2026-03-01T00:00Z,2026-02-28T23:45Z,1,31.3,3,B95,EUR,A03,A01,7,MAW,MAW,A01,A01
procured_balancing_capacity,7,2026-03-01T00:00:00,PT15M,2026-03-01T00:15Z,2026-03-01T00:00Z,1,31.3,3,B95,EUR,A03,A01,7,MAW,MAW,A01,A01
procured_balancing_capacity,7,2026-03-01T00:15:00,PT15M,2026-03-01T00:30Z,2026-03-01T00:15Z,1,31.3,3,B95,EUR,A03,A01,7,MAW,MAW,A01,A01
procured_balancing_capacity,7,2026-03-01T00:30:00,PT15M,2026-03-01T00:45Z,2026-03-01T00:30Z,1,31.3,3,B95,EUR,A03,A01,7,MAW,MAW,A01,A01
procured_balancing_capacity,7,2026-03-01T00:45:00,PT15M,2026-03-01T01:00Z,2026-03-01T00:45Z,1,31.3,3,B95,EUR,A03,A01,7,MAW,MAW,A01,A01
procured_balancing_capacity,7,2026-03-01T01:00:00,PT15M,2026-03-01T01:15Z,2026-03-01T01:00Z,1,31.3,3,B95,EUR,A03,A01,7,MAW,MAW,A01,A01
procured_balancing_capacity,7,2026-03-01T01:15:00,PT15M,2026-03-01T01:30Z,2026-03-01T01:15Z,1,31.3,3,B95,EUR,A03,A01,7,MAW,MAW,A01,A01
procured_balancing_capacity,7,2026-03-01T01:30:00,PT15M,2026-03-01T01:45Z,2026-03-01T01:30Z,1,31.3,3,B95,EUR,A03,A01,7,MAW,MAW,A01,A01
procured_balancing_capacity,7,2026-03-01T01:45:00,PT15M,2026-03-01T02:00Z,2026-03-01T01:45Z,1,31.3,3,B95,EUR,A03,A01,7,MAW,MAW,A01,A01
procured_balancing_capacity,7,2026-03-01T02:00:00,PT15M,2026-03-01T02:15Z,2026-03-01T02:00Z,1,31.3,2,B95,EUR,A03,A01,7,MAW,MAW,A01,A01
procured_balancing_capacity,7,2026-03-01T02:15:00,PT15M,2026-03-01T02:30Z,2026-03-01T02:15Z,1,31.3,2,B95,EUR,A03,A01,7,MAW,MAW,A01,A01
procured_balancing_capacity,7,2026-03-01T02:30:00,PT15M,2026-03-01T02:45Z,2026-03-01T02:30Z,1,31.3,2,B95,EUR,A03,A01,7,MAW,MAW,A01,A01
procured_balancing_capacity,7,2026-03-01T02:45:00,PT15M,2026-03-01T03:00Z,2026-03-01T02:45Z,1,31.3,2,B95,EUR,A03,A01,7,MAW,MAW,A01,A01
procured_balancing_capacity,7,2026-03-01T03:00:00,PT15M,2026-03-01T03:15Z,2026-03-01T03:00Z,1,0,0,B95,EUR,A03,A01,7,MAW,MAW,A01,A01
procured_balancing_capacity,7,2026-03-01T03:15:00,PT15M,2026-03-01T03:30Z,2026-03-01T03:15Z,1,0,0,B95,EUR,A03,A01,7,MAW,MAW,A01,A01
procured_balancing_capacity,7,2026-03-01T03:30:00,PT15M,2026-03-01T03:45Z,2026-03-01T03:30Z,1,0,0,B95,EUR,A03,A01,7,MAW,MAW,A01,A01
procured_balancing_capacity,7,2026-03-01T03:45:00,PT15M,2026-03-01T04:00Z,2026-03-01T03:45Z,1,0,0,B95,EUR,A03,A01,7,MAW,MAW,A01,A01
procured_balancing_capacity,7,2026-03-01T04:00:00,PT15M,2026-03-01T04:15Z,2026-03-01T04:00Z,1,0,0,B95,EUR,A03,A01,7,MAW,MAW,A01,A01
procured_balancing_capacity,7,2026-03-01T04:15:00,PT15M,2026-03-01T04:30Z,2026-03-01T04:15Z,1,0,0,B95,EUR,A03,A01,7,MAW,MAW,A01,A01
procured_balancing_capacity,7,2026-03-01T04:30:00,PT15M,2026-03-01T04:45Z,2026-03-01T04:30Z,1,0,0,B95,EUR,A03,A01,7,MAW,MAW,A01,A01
procured_balancing_capacity,7,2026-03-01T04:45:00,PT15M,2026-03-01T05:00Z,2026-03-01T04:45Z,1,0,0,B95,EUR,A03,A01,7,MAW,MAW,A01,A01
procured_balancing_capacity,7,2026-03-01T05:00:00,PT15M,2026-03-01T05:15Z,2026-03-01T05:00Z,1,0,0,B95,EUR,A03,A01,7,MAW,MAW,A01,A01
procured_balancing_capacity,7,2026-03-01T05:15:00,PT15M,2026-03-01T05:30Z,2026-03-01T05:15Z,1,0,0,B95,EUR,A03,A01,7,MAW,MAW,A01,A01
procured_balancing_capacity,7,2026-03-01T05:30:00,PT15M,2026-03-01T05:45Z,2026-03-01T05:30Z,1,0,0,B95,EUR,A03,A01,7,MAW,MAW,A01,A01
procured_balancing_capacity,7,2026-03-01T05:45:00,PT15M,2026-03-01T06:00Z,2026-03-01T05:45Z,1,0,0,B95,EUR,A03,A01,7,MAW,MAW,A01,A01
procured_balancing_capacity,7,2026-03-01T06:00:00,PT15M,2026-03-01T06:15Z,2026-03-01T06:00Z,1,0,0,B95,EUR,A03,A01,7,MAW,MAW,A01,A01
procured_balancing_capacity,7,2026-03-01T06:15:00,PT15M,2026-03-01T06:30Z,2026-03-01T06:15Z,1,0,0,B95,EUR,A03,A01,7,MAW,MAW,A01,A01
procured_balancing_capacity,7,2026-03-01T06:30:00,PT15M,2026-03-01T06:45Z,2026-03-01T06:30Z,1,0,0,B95,EUR,A03,A01,7,MAW,MAW,A01,A01
procured_balancing_capacity,7,2026-03-01T06:45:00,PT15M,2026-03-01T07:00Z,2026-03-01T06:45Z,1,0,0,B95,EUR,A03,A01,7,MAW,MAW,A01,A01
procured_balancing_capacity,7,2026-03-01T07:00:00,PT15M,2026-03-01T07:15Z,2026-03-01T07:00Z,1,34.4,2,B95,EUR,A03,A01,7,MAW,MAW,A01,A01
procured_balancing_capacity,7,2026-03-01T07:15:00,PT15M,2026-03-01T07:30Z,2026-03-01T07:15Z,1,34.4,2,B95,EUR,A03,A01,7,MAW,MAW,A01,A01
procured_balancing_capacity,7,2026-03-01T07:30:00,PT15M,2026-03-01T07:45Z,2026-03-01T07:30Z,1,34.4,2,B95,EUR,A03,A01,7,MAW,MAW,A01,A01
procured_balancing_capacity,7,2026-03-01T07:45:00,PT15M,2026-03-01T08:00Z,2026-03-01T07:45Z,1,34.4,2,B95,EUR,A03,A01,7,MAW,MAW,A01,A01
procured_balancing_capacity,7,2026-03-01T08:00:00,PT15M,2026-03-01T08:15Z,2026-03-01T08:00Z,1,34.4,3,B95,EUR,A03,A01,7,MAW,MAW,A01,A01
procured_balancing_capacity,7,2026-03-01T08:15:00,PT15M,2026-03-01T08:30Z,2026-03-01T08:15Z,1,34.4,3,B95,EUR,A03,A01,7,MAW,MAW,A01,A01
procured_balancing_capacity,7,2026-03-01T08:30:00,PT15M,2026-03-01T08:45Z,2026-03-01T08:30Z,1,34.4,3,B95,EUR,A03,A01,7,MAW,MAW,A01,A01
procured_balancing_capacity,7,2026-03-01T08:45:00,PT15M,2026-03-01T09:00Z,2026-03-01T08:45Z,1,34.4,3,B95,EUR,A03,A01,7,MAW,MAW,A01,A01
procured_balancing_capacity,7,2026-03-01T09:00:00,PT15M,2026-03-01T09:15Z,2026-03-01T09:00Z,1,34.4,3,B95,EUR,A03,A01,7,MAW,MAW,A01,A01
procured_balancing_capacity,7,2026-03-01T09:15:00,PT15M,2026-03-01T09:30Z,2026-03-01T09:15Z,1,34.4,3,B95,EUR,A03,A01,7,MAW,MAW,A01,A01
procured_balancing_capacity,7,2026-03-01T09:30:00,PT15M,2026-03-01T09:45Z,2026-03-01T09:30Z,1,34.4,3,B95,EUR,A03,A01,7,MAW,MAW,A01,A01
procured_balancing_capacity,7,2026-03-01T09:45:00,PT15M,2026-03-01T10:00Z,2026-03-01T09:45Z,1,34.4,3,B95,EUR,A03,A01,7,MAW,MAW,A01,A01
procured_balancing_capacity,7,2026-03-01T10:00:00,PT15M,2026-03-01T10:15Z,2026-03-01T10:00Z,1,34.4,3,B95,EUR,A03,A01,7,MAW,MAW,A01,A01
procured_balancing_capacity,7,2026-03-01T10:15:00,PT15M,2026-03-01T10:30Z,2026-03-01T10:15Z,1,34.4,3,B95,EUR,A03,A01,7,MAW,MAW,A01,A01
procured_balancing_capacity,7,2026-03-01T10:30:00,PT15M,2026-03-01T10:45Z,2026-03-01T10:30Z,1,34.4,3,B95,EUR,A03,A01,7,MAW,MAW,A01,A01
procured_balancing_capacity,7,2026-03-01T10:45:00,PT15M,2026-03-01T11:00Z,2026-03-01T10:45Z,1,34.4,3,B95,EUR,A03,A01,7,MAW,MAW,A01,A01
procured_balancing_capacity,7,2026-03-01T11:00:00,PT15M,2026-03-01T11:15Z,2026-03-01T11:00Z,1,34.4,3,B95,EUR,A03,A01,7,MAW,MAW,A01,A01
procured_balancing_capacity,7,2026-03-01T11:15:00,PT15M,2026-03-01T11:30Z,2026-03-01T11:15Z,1,34.4,3,B95,EUR,A03,A01,7,MAW,MAW,A01,A01
procured_balancing_capacity,7,2026-03-01T11:30:00,PT15M,2026-03-01T11:45Z,2026-03-01T11:30Z,1,34.4,3,B95,EUR,A03,A01,7,MAW,MAW,A01,A01
procured_balancing_capacity,7,2026-03-01T11:45:00,PT15M,2026-03-01T12:00Z,2026-03-01T11:45Z,1,34.4,3,B95,EUR,A03,A01,7,MAW,MAW,A01,A01
procured_balancing_capacity,7,2026-03-01T12:00:00,PT15M,2026-03-01T12:15Z,2026-03-01T12:00Z,1,34.4,3,B95,EUR,A03,A01,7,MAW,MAW,A01,A01
procured_balancing_capacity,7,2026-03-01T12:15:00,PT15M,2026-03-01T12:30Z,2026-03-01T12:15Z,1,34.4,3,B95,EUR,A03,A01,7,MAW,MAW,A01,A01
procured_balancing_capacity,7,2026-03-01T12:30:00,PT15M,2026-03-01T12:45Z,2026-03-01T12:30Z,1,34.4,3,B95,EUR,A03,A01,7,MAW,MAW,A01,A01
procured_balancing_capacity,7,2026-03-01T12:45:00,PT15M,2026-03-01T13:00Z,2026-03-01T12:45Z,1,34.4,3,B95,EUR,A03,A01,7,MAW,MAW,A01,A01
procured_balancing_capacity,7,2026-03-01T13:00:00,PT15M,2026-03-01T13:15Z,2026-03-01T13:00Z,1,34.4,3,B95,EUR,A03,A01,7,MAW,MAW,A01,A01
procured_balancing_capacity,7,2026-03-01T13:15:00,PT15M,2026-03-01T13:30Z,2026-03-01T13:15Z,1,34.4,3,B95,EUR,A03,A01,7,MAW,MAW,A01,A01
procured_balancing_capacity,7,2026-03-01T13:30:00,PT15M,2026-03-01T13:45Z,2026-03-01T13:30Z,1,34.4,3,B95,EUR,A03,A01,7,MAW,MAW,A01,A01
procured_balancing_capacity,7,2026-03-01T13:45:00,PT15M,2026-03-01T14:00Z,2026-03-01T13:45Z,1,34.4,3,B95,EUR,A03,A01,7,MAW,MAW,A01,A01
procured_balancing_capacity,7,2026-03-01T14:00:00,PT15M,2026-03-01T14:15Z,2026-03-01T14:00Z,1,34.4,3,B95,EUR,A03,A01,7,MAW,MAW,A01,A01
procured_balancing_capacity,7,2026-03-01T14:15:00,PT15M,2026-03-01T14:30Z,2026-03-01T14:15Z,1,34.4,3,B95,EUR,A03,A01,7,MAW,MAW,A01,A01
procured_balancing_capacity,7,2026-03-01T14:30:00,PT15M,2026-03-01T14:45Z,2026-03-01T14:30Z,1,34.4,3,B95,EUR,A03,A01,7,MAW,MAW,A01,A01
procured_balancing_capacity,7,2026-03-01T14:45:00,PT15M,2026-03-01T15:00Z,2026-03-01T14:45Z,1,34.4,3,B95,EUR,A03,A01,7,MAW,MAW,A01,A01
procured_balancing_capacity,7,2026-03-01T15:00:00,PT15M,2026-03-01T15:15Z,2026-03-01T15:00Z,1,34.4,3,B95,EUR,A03,A01,7,MAW,MAW,A01,A01
procured_balancing_capacity,7,2026-03-01T15:15:00,PT15M,2026-03-01T15:30Z,2026-03-01T15:15Z,1,34.4,3,B95,EUR,A03,A01,7,MAW,MAW,A01,A01
procured_balancing_capacity,7,2026-03-01T15:30:00,PT15M,2026-03-01T15:45Z,2026-03-01T15:30Z,1,34.4,3,B95,EUR,A03,A01,7,MAW,MAW,A01,A01
procured_balancing_capacity,7,2026-03-01T15:45:00,PT15M,2026-03-01T16:00Z,2026-03-01T15:45Z,1,34.4,3,B95,EUR,A03,A01,7,MAW,MAW,A01,A01
procured_balancing_capacity,7,2026-03-01T16:00:00,PT15M,2026-03-01T16:15Z,2026-03-01T16:00Z,1,34.4,2,B95,EUR,A03,A01,7,MAW,MAW,A01,A01
procured_balancing_capacity,7,2026-03-01T16:15:00,PT15M,2026-03-01T16:30Z,2026-03-01T16:15Z,1,34.4,2,B95,EUR,A03,A01,7,MAW,MAW,A01,A01
procured_balancing_capacity,7,2026-03-01T16:30:00,PT15M,2026-03-01T16:45Z,2026-03-01T16:30Z,1,34.4,2,B95,EUR,A03,A01,7,MAW,MAW,A01,A01
procured_balancing_capacity,7,2026-03-01T16:45:00,PT15M,2026-03-01T17:00Z,2026-03-01T16:45Z,1,34.4,2,B95,EUR,A03,A01,7,MAW,MAW,A01,A01
procured_balancing_capacity,7,2026-03-01T17:00:00,PT15M,2026-03-01T17:15Z,2026-03-01T17:00Z,1,34.4,1,B95,EUR,A03,A01,7,MAW,MAW,A01,A01
procured_balancing_capacity,7,2026-03-01T17:15:00,PT15M,2026-03-01T17:30Z,2026-03-01T17:15Z,1,34.4,1,B95,EUR,A03,A01,7,MAW,MAW,A01,A01
procured_balancing_capacity,7,2026-03-01T17:30:00,PT15M,2026-03-01T17:45Z,2026-03-01T17:30Z,1,34.4,1,B95,EUR,A03,A01,7,MAW,MAW,A01,A01
procured_balancing_capacity,7,2026-03-01T17:45:00,PT15M,2026-03-01T18:00Z,2026-03-01T17:45Z,1,34.4,1,B95,EUR,A03,A01,7,MAW,MAW,A01,A01
procured_balancing_capacity,7,2026-03-01T18:00:00,PT15M,2026-03-01T18:15Z,2026-03-01T18:00Z,1,34.4,1,B95,EUR,A03,A01,7,MAW,MAW,A01,A01
procured_balancing_capacity,7,2026-03-01T18:15:00,PT15M,2026-03-01T18:30Z,2026-03-01T18:15Z,1,34.4,1,B95,EUR,A03,A01,7,MAW,MAW,A01,A01
procured_balancing_capacity,7,2026-03-01T18:30:00,PT15M,2026-03-01T18:45Z,2026-03-01T18:30Z,1,34.4,1,B95,EUR,A03,A01,7,MAW,MAW,A01,A01
procured_balancing_capacity,7,2026-03-01T18:45:00,PT15M,2026-03-01T19:00Z,2026-03-01T18:45Z,1,34.4,1,B95,EUR,A03,A01,7,MAW,MAW,A01,A01
procured_balancing_capacity,7,2026-03-01T19:00:00,PT15M,2026-03-01T19:15Z,2026-03-01T19:00Z,1,34.4,1,B95,EUR,A03,A01,7,MAW,MAW,A01,A01
procured_balancing_capacity,7,2026-03-01T19:15:00,PT15M,2026-03-01T19:30Z,2026-03-01T19:15Z,1,34.4,1,B95,EUR,A03,A01,7,MAW,MAW,A01,A01
procured_balancing_capacity,7,2026-03-01T19:30:00,PT15M,2026-03-01T19:45Z,2026-03-01T19:30Z,1,34.4,1,B95,EUR,A03,A01,7,MAW,MAW,A01,A01
procured_balancing_capacity,7,2026-03-01T19:45:00,PT15M,2026-03-01T20:00Z,2026-03-01T19:45Z,1,34.4,1,B95,EUR,A03,A01,7,MAW,MAW,A01,A01
procured_balancing_capacity,7,2026-03-01T20:00:00,PT15M,2026-03-01T20:15Z,2026-03-01T20:00Z,1,34.4,1,B95,EUR,A03,A01,7,MAW,MAW,A01,A01
procured_balancing_capacity,7,2026-03-01T20:15:00,PT15M,2026-03-01T20:30Z,2026-03-01T20:15Z,1,34.4,1,B95,EUR,A03,A01,7,MAW,MAW,A01,A01
procured_balancing_capacity,7,2026-03-01T20:30:00,PT15M,2026-03-01T20:45Z,2026-03-01T20:30Z,1,34.4,1,B95,EUR,A03,A01,7,MAW,MAW,A01,A01
procured_balancing_capacity,7,2026-03-01T20:45:00,PT15M,2026-03-01T21:00Z,2026-03-01T20:45Z,1,34.4,1,B95,EUR,A03,A01,7,MAW,MAW,A01,A01
procured_balancing_capacity,7,2026-03-01T21:00:00,PT15M,2026-03-01T21:15Z,2026-03-01T21:00Z,1,31.8,2,B95,EUR,A03,A01,7,MAW,MAW,A01,A01
procured_balancing_capacity,7,2026-03-01T21:15:00,PT15M,2026-03-01T21:30Z,2026-03-01T21:15Z,1,31.8,2,B95,EUR,A03,A01,7,MAW,MAW,A01,A01
procured_balancing_capacity,7,2026-03-01T21:30:00,PT15M,2026-03-01T21:45Z,2026-03-01T21:30Z,1,31.8,2,B95,EUR,A03,A01,7,MAW,MAW,A01,A01
procured_balancing_capacity,7,2026-03-01T21:45:00,PT15M,2026-03-01T22:00Z,2026-03-01T21:45Z,1,31.8,2,B95,EUR,A03,A01,7,MAW,MAW,A01,A01
procured_balancing_capacity,7,2026-03-01T22:00:00,PT15M,2026-03-01T22:15Z,2026-03-01T22:00Z,1,31.8,3,B95,EUR,A03,A01,7,MAW,MAW,A01,A01
procured_balancing_capacity,7,2026-03-01T22:15:00,PT15M,2026-03-01T22:30Z,2026-03-01T22:15Z,1,31.8,3,B95,EUR,A03,A01,7,MAW,MAW,A01,A01
procured_balancing_capacity,7,2026-03-01T22:30:00,PT15M,2026-03-01T22:45Z,2026-03-01T22:30Z,1,31.8,3,B95,EUR,A03,A01,7,MAW,MAW,A01,A01
procured_balancing_capacity,7,2026-03-01T22:45:00,PT15M,2026-03-01T23:00Z,2026-03-01T22:45Z,1,31.8,3,B95,EUR,A03,A01,7,MAW,MAW,A01,A01
procured_balancing_capacity,8,2026-02-28T23:00:00,PT15M,2026-02-28T23:15Z,2026-02-28T23:00Z,1,10.3,1,B95,EUR,A03,A02,8,MAW,MAW,A01,A01
procured_balancing_capacity,8,2026-02-28T23:15:00,PT15M,2026-02-28T23:30Z,2026-02-28T23:15Z,1,10.3,1,B95,EUR,A03,A02,8,MAW,MAW,A01,A01
procured_balancing_capacity,8,2026-02-28T23:30:00,PT15M,2026-02-28T23:45Z,2026-02-28T23:30Z,1,10.3,1,B95,EUR,A03,A02,8,MAW,MAW,A01,A01
procured_balancing_capacity,8,2026-02-28T23:45:00,PT15M,2026-03-01T00:00Z,2026-02-28T23:45Z,1,10.3,1,B95,EUR,A03,A02,8,MAW,MAW,A01,A01
procured_balancing_capacity,8,2026-03-01T00:00:00,PT15M,2026-03-01T00:15Z,2026-03-01T00:00Z,1,10.3,1,B95,EUR,A03,A02,8,MAW,MAW,A01,A01
procured_balancing_capacity,8,2026-03-01T00:15:00,PT15M,2026-03-01T00:30Z,2026-03-01T00:15Z,1,10.3,1,B95,EUR,A03,A02,8,MAW,MAW,A01,A01
procured_balancing_capacity,8,2026-03-01T00:30:00,PT15M,2026-03-01T00:45Z,2026-03-01T00:30Z,1,10.3,1,B95,EUR,A03,A02,8,MAW,MAW,A01,A01
procured_balancing_capacity,8,2026-03-01T00:45:00,PT15M,2026-03-01T01:00Z,2026-03-01T00:45Z,1,10.3,1,B95,EUR,A03,A02,8,MAW,MAW,A01,A01
procured_balancing_capacity,8,2026-03-01T01:00:00,PT15M,2026-03-01T01:15Z,2026-03-01T01:00Z,1,10.3,1,B95,EUR,A03,A02,8,MAW,MAW,A01,A01
procured_balancing_capacity,8,2026-03-01T01:15:00,PT15M,2026-03-01T01:30Z,2026-03-01T01:15Z,1,10.3,1,B95,EUR,A03,A02,8,MAW,MAW,A01,A01
procured_balancing_capacity,8,2026-03-01T01:30:00,PT15M,2026-03-01T01:45Z,2026-03-01T01:30Z,1,10.3,1,B95,EUR,A03,A02,8,MAW,MAW,A01,A01
procured_balancing_capacity,8,2026-03-01T01:45:00,PT15M,2026-03-01T02:00Z,2026-03-01T01:45Z,1,10.3,1,B95,EUR,A03,A02,8,MAW,MAW,A01,A01
procured_balancing_capacity,8,2026-03-01T02:00:00,PT15M,2026-03-01T02:15Z,2026-03-01T02:00Z,1,10.3,2,B95,EUR,A03,A02,8,MAW,MAW,A01,A01
procured_balancing_capacity,8,2026-03-01T02:15:00,PT15M,2026-03-01T02:30Z,2026-03-01T02:15Z,1,10.3,2,B95,EUR,A03,A02,8,MAW,MAW,A01,A01
procured_balancing_capacity,8,2026-03-01T02:30:00,PT15M,2026-03-01T02:45Z,2026-03-01T02:30Z,1,10.3,2,B95,EUR,A03,A02,8,MAW,MAW,A01,A01
procured_balancing_capacity,8,2026-03-01T02:45:00,PT15M,2026-03-01T03:00Z,2026-03-01T02:45Z,1,10.3,2,B95,EUR,A03,A02,8,MAW,MAW,A01,A01
procured_balancing_capacity,8,2026-03-01T03:00:00,PT15M,2026-03-01T03:15Z,2026-03-01T03:00Z,1,10.3,4,B95,EUR,A03,A02,8,MAW,MAW,A01,A01
procured_balancing_capacity,8,2026-03-01T03:15:00,PT15M,2026-03-01T03:30Z,2026-03-01T03:15Z,1,10.3,4,B95,EUR,A03,A02,8,MAW,MAW,A01,A01
procured_balancing_capacity,8,2026-03-01T03:30:00,PT15M,2026-03-01T03:45Z,2026-03-01T03:30Z,1,10.3,4,B95,EUR,A03,A02,8,MAW,MAW,A01,A01
procured_balancing_capacity,8,2026-03-01T03:45:00,PT15M,2026-03-01T04:00Z,2026-03-01T03:45Z,1,10.3,4,B95,EUR,A03,A02,8,MAW,MAW,A01,A01
procured_balancing_capacity,8,2026-03-01T04:00:00,PT15M,2026-03-01T04:15Z,2026-03-01T04:00Z,1,10.3,4,B95,EUR,A03,A02,8,MAW,MAW,A01,A01
procured_balancing_capacity,8,2026-03-01T04:15:00,PT15M,2026-03-01T04:30Z,2026-03-01T04:15Z,1,10.3,4,B95,EUR,A03,A02,8,MAW,MAW,A01,A01
procured_balancing_capacity,8,2026-03-01T04:30:00,PT15M,2026-03-01T04:45Z,2026-03-01T04:30Z,1,10.3,4,B95,EUR,A03,A02,8,MAW,MAW,A01,A01
procured_balancing_capacity,8,2026-03-01T04:45:00,PT15M,2026-03-01T05:00Z,2026-03-01T04:45Z,1,10.3,4,B95,EUR,A03,A02,8,MAW,MAW,A01,A01
procured_balancing_capacity,8,2026-03-01T05:00:00,PT15M,2026-03-01T05:15Z,2026-03-01T05:00Z,1,10.3,4,B95,EUR,A03,A02,8,MAW,MAW,A01,A01
procured_balancing_capacity,8,2026-03-01T05:15:00,PT15M,2026-03-01T05:30Z,2026-03-01T05:15Z,1,10.3,4,B95,EUR,A03,A02,8,MAW,MAW,A01,A01
procured_balancing_capacity,8,2026-03-01T05:30:00,PT15M,2026-03-01T05:45Z,2026-03-01T05:30Z,1,10.3,4,B95,EUR,A03,A02,8,MAW,MAW,A01,A01
procured_balancing_capacity,8,2026-03-01T05:45:00,PT15M,2026-03-01T06:00Z,2026-03-01T05:45Z,1,10.3,4,B95,EUR,A03,A02,8,MAW,MAW,A01,A01
procured_balancing_capacity,8,2026-03-01T06:00:00,PT15M,2026-03-01T06:15Z,2026-03-01T06:00Z,1,10.3,4,B95,EUR,A03,A02,8,MAW,MAW,A01,A01
procured_balancing_capacity,8,2026-03-01T06:15:00,PT15M,2026-03-01T06:30Z,2026-03-01T06:15Z,1,10.3,4,B95,EUR,A03,A02,8,MAW,MAW,A01,A01
procured_balancing_capacity,8,2026-03-01T06:30:00,PT15M,2026-03-01T06:45Z,2026-03-01T06:30Z,1,10.3,4,B95,EUR,A03,A02,8,MAW,MAW,A01,A01
procured_balancing_capacity,8,2026-03-01T06:45:00,PT15M,2026-03-01T07:00Z,2026-03-01T06:45Z,1,10.3,4,B95,EUR,A03,A02,8,MAW,MAW,A01,A01
procured_balancing_capacity,8,2026-03-01T07:00:00,PT15M,2026-03-01T07:15Z,2026-03-01T07:00Z,1,10.3,2,B95,EUR,A03,A02,8,MAW,MAW,A01,A01
procured_balancing_capacity,8,2026-03-01T07:15:00,PT15M,2026-03-01T07:30Z,2026-03-01T07:15Z,1,10.3,2,B95,EUR,A03,A02,8,MAW,MAW,A01,A01
procured_balancing_capacity,8,2026-03-01T07:30:00,PT15M,2026-03-01T07:45Z,2026-03-01T07:30Z,1,10.3,2,B95,EUR,A03,A02,8,MAW,MAW,A01,A01
procured_balancing_capacity,8,2026-03-01T07:45:00,PT15M,2026-03-01T08:00Z,2026-03-01T07:45Z,1,10.3,2,B95,EUR,A03,A02,8,MAW,MAW,A01,A01
procured_balancing_capacity,8,2026-03-01T08:00:00,PT15M,2026-03-01T08:15Z,2026-03-01T08:00Z,1,10.3,1,B95,EUR,A03,A02,8,MAW,MAW,A01,A01
procured_balancing_capacity,8,2026-03-01T08:15:00,PT15M,2026-03-01T08:30Z,2026-03-01T08:15Z,1,10.3,1,B95,EUR,A03,A02,8,MAW,MAW,A01,A01
procured_balancing_capacity,8,2026-03-01T08:30:00,PT15M,2026-03-01T08:45Z,2026-03-01T08:30Z,1,10.3,1,B95,EUR,A03,A02,8,MAW,MAW,A01,A01
procured_balancing_capacity,8,2026-03-01T08:45:00,PT15M,2026-03-01T09:00Z,2026-03-01T08:45Z,1,10.3,1,B95,EUR,A03,A02,8,MAW,MAW,A01,A01
procured_balancing_capacity,8,2026-03-01T09:00:00,PT15M,2026-03-01T09:15Z,2026-03-01T09:00Z,1,10.3,1,B95,EUR,A03,A02,8,MAW,MAW,A01,A01
procured_balancing_capacity,8,2026-03-01T09:15:00,PT15M,2026-03-01T09:30Z,2026-03-01T09:15Z,1,10.3,1,B95,EUR,A03,A02,8,MAW,MAW,A01,A01
procured_balancing_capacity,8,2026-03-01T09:30:00,PT15M,2026-03-01T09:45Z,2026-03-01T09:30Z,1,10.3,1,B95,EUR,A03,A02,8,MAW,MAW,A01,A01
procured_balancing_capacity,8,2026-03-01T09:45:00,PT15M,2026-03-01T10:00Z,2026-03-01T09:45Z,1,10.3,1,B95,EUR,A03,A02,8,MAW,MAW,A01,A01
procured_balancing_capacity,8,2026-03-01T10:00:00,PT15M,2026-03-01T10:15Z,2026-03-01T10:00Z,1,10.3,1,B95,EUR,A03,A02,8,MAW,MAW,A01,A01
procured_balancing_capacity,8,2026-03-01T10:15:00,PT15M,2026-03-01T10:30Z,2026-03-01T10:15Z,1,10.3,1,B95,EUR,A03,A02,8,MAW,MAW,A01,A01
procured_balancing_capacity,8,2026-03-01T10:30:00,PT15M,2026-03-01T10:45Z,2026-03-01T10:30Z,1,10.3,1,B95,EUR,A03,A02,8,MAW,MAW,A01,A01
procured_balancing_capacity,8,2026-03-01T10:45:00,PT15M,2026-03-01T11:00Z,2026-03-01T10:45Z,1,10.3,1,B95,EUR,A03,A02,8,MAW,MAW,A01,A01
procured_balancing_capacity,8,2026-03-01T11:00:00,PT15M,2026-03-01T11:15Z,2026-03-01T11:00Z,1,10.3,1,B95,EUR,A03,A02,8,MAW,MAW,A01,A01
procured_balancing_capacity,8,2026-03-01T11:15:00,PT15M,2026-03-01T11:30Z,2026-03-01T11:15Z,1,10.3,1,B95,EUR,A03,A02,8,MAW,MAW,A01,A01
procured_balancing_capacity,8,2026-03-01T11:30:00,PT15M,2026-03-01T11:45Z,2026-03-01T11:30Z,1,10.3,1,B95,EUR,A03,A02,8,MAW,MAW,A01,A01
procured_balancing_capacity,8,2026-03-01T11:45:00,PT15M,2026-03-01T12:00Z,2026-03-01T11:45Z,1,10.3,1,B95,EUR,A03,A02,8,MAW,MAW,A01,A01
procured_balancing_capacity,8,2026-03-01T12:00:00,PT15M,2026-03-01T12:15Z,2026-03-01T12:00Z,1,10.3,1,B95,EUR,A03,A02,8,MAW,MAW,A01,A01
procured_balancing_capacity,8,2026-03-01T12:15:00,PT15M,2026-03-01T12:30Z,2026-03-01T12:15Z,1,10.3,1,B95,EUR,A03,A02,8,MAW,MAW,A01,A01
procured_balancing_capacity,8,2026-03-01T12:30:00,PT15M,2026-03-01T12:45Z,2026-03-01T12:30Z,1,10.3,1,B95,EUR,A03,A02,8,MAW,MAW,A01,A01
procured_balancing_capacity,8,2026-03-01T12:45:00,PT15M,2026-03-01T13:00Z,2026-03-01T12:45Z,1,10.3,1,B95,EUR,A03,A02,8,MAW,MAW,A01,A01
procured_balancing_capacity,8,2026-03-01T13:00:00,PT15M,2026-03-01T13:15Z,2026-03-01T13:00Z,1,10.3,1,B95,EUR,A03,A02,8,MAW,MAW,A01,A01
procured_balancing_capacity,8,2026-03-01T13:15:00,PT15M,2026-03-01T13:30Z,2026-03-01T13:15Z,1,10.3,1,B95,EUR,A03,A02,8,MAW,MAW,A01,A01
procured_balancing_capacity,8,2026-03-01T13:30:00,PT15M,2026-03-01T13:45Z,2026-03-01T13:30Z,1,10.3,1,B95,EUR,A03,A02,8,MAW,MAW,A01,A01
procured_balancing_capacity,8,2026-03-01T13:45:00,PT15M,2026-03-01T14:00Z,2026-03-01T13:45Z,1,10.3,1,B95,EUR,A03,A02,8,MAW,MAW,A01,A01
procured_balancing_capacity,8,2026-03-01T14:00:00,PT15M,2026-03-01T14:15Z,2026-03-01T14:00Z,1,10.3,1,B95,EUR,A03,A02,8,MAW,MAW,A01,A01
procured_balancing_capacity,8,2026-03-01T14:15:00,PT15M,2026-03-01T14:30Z,2026-03-01T14:15Z,1,10.3,1,B95,EUR,A03,A02,8,MAW,MAW,A01,A01
procured_balancing_capacity,8,2026-03-01T14:30:00,PT15M,2026-03-01T14:45Z,2026-03-01T14:30Z,1,10.3,1,B95,EUR,A03,A02,8,MAW,MAW,A01,A01
procured_balancing_capacity,8,2026-03-01T14:45:00,PT15M,2026-03-01T15:00Z,2026-03-01T14:45Z,1,10.3,1,B95,EUR,A03,A02,8,MAW,MAW,A01,A01
procured_balancing_capacity,8,2026-03-01T15:00:00,PT15M,2026-03-01T15:15Z,2026-03-01T15:00Z,1,10.3,1,B95,EUR,A03,A02,8,MAW,MAW,A01,A01
procured_balancing_capacity,8,2026-03-01T15:15:00,PT15M,2026-03-01T15:30Z,2026-03-01T15:15Z,1,10.3,1,B95,EUR,A03,A02,8,MAW,MAW,A01,A01
procured_balancing_capacity,8,2026-03-01T15:30:00,PT15M,2026-03-01T15:45Z,2026-03-01T15:30Z,1,10.3,1,B95,EUR,A03,A02,8,MAW,MAW,A01,A01
procured_balancing_capacity,8,2026-03-01T15:45:00,PT15M,2026-03-01T16:00Z,2026-03-01T15:45Z,1,10.3,1,B95,EUR,A03,A02,8,MAW,MAW,A01,A01
procured_balancing_capacity,8,2026-03-01T16:00:00,PT15M,2026-03-01T16:15Z,2026-03-01T16:00Z,1,10.3,2,B95,EUR,A03,A02,8,MAW,MAW,A01,A01
procured_balancing_capacity,8,2026-03-01T16:15:00,PT15M,2026-03-01T16:30Z,2026-03-01T16:15Z,1,10.3,2,B95,EUR,A03,A02,8,MAW,MAW,A01,A01
procured_balancing_capacity,8,2026-03-01T16:30:00,PT15M,2026-03-01T16:45Z,2026-03-01T16:30Z,1,10.3,2,B95,EUR,A03,A02,8,MAW,MAW,A01,A01
procured_balancing_capacity,8,2026-03-01T16:45:00,PT15M,2026-03-01T17:00Z,2026-03-01T16:45Z,1,10.3,2,B95,EUR,A03,A02,8,MAW,MAW,A01,A01
procured_balancing_capacity,8,2026-03-01T17:00:00,PT15M,2026-03-01T17:15Z,2026-03-01T17:00Z,1,10.3,3,B95,EUR,A03,A02,8,MAW,MAW,A01,A01
procured_balancing_capacity,8,2026-03-01T17:15:00,PT15M,2026-03-01T17:30Z,2026-03-01T17:15Z,1,10.3,3,B95,EUR,A03,A02,8,MAW,MAW,A01,A01
procured_balancing_capacity,8,2026-03-01T17:30:00,PT15M,2026-03-01T17:45Z,2026-03-01T17:30Z,1,10.3,3,B95,EUR,A03,A02,8,MAW,MAW,A01,A01
procured_balancing_capacity,8,2026-03-01T17:45:00,PT15M,2026-03-01T18:00Z,2026-03-01T17:45Z,1,10.3,3,B95,EUR,A03,A02,8,MAW,MAW,A01,A01
procured_balancing_capacity,8,2026-03-01T18:00:00,PT15M,2026-03-01T18:15Z,2026-03-01T18:00Z,1,10.3,3,B95,EUR,A03,A02,8,MAW,MAW,A01,A01
procured_balancing_capacity,8,2026-03-01T18:15:00,PT15M,2026-03-01T18:30Z,2026-03-01T18:15Z,1,10.3,3,B95,EUR,A03,A02,8,MAW,MAW,A01,A01
procured_balancing_capacity,8,2026-03-01T18:30:00,PT15M,2026-03-01T18:45Z,2026-03-01T18:30Z,1,10.3,3,B95,EUR,A03,A02,8,MAW,MAW,A01,A01
procured_balancing_capacity,8,2026-03-01T18:45:00,PT15M,2026-03-01T19:00Z,2026-03-01T18:45Z,1,10.3,3,B95,EUR,A03,A02,8,MAW,MAW,A01,A01
procured_balancing_capacity,8,2026-03-01T19:00:00,PT15M,2026-03-01T19:15Z,2026-03-01T19:00Z,1,10.3,3,B95,EUR,A03,A02,8,MAW,MAW,A01,A01
procured_balancing_capacity,8,2026-03-01T19:15:00,PT15M,2026-03-01T19:30Z,2026-03-01T19:15Z,1,10.3,3,B95,EUR,A03,A02,8,MAW,MAW,A01,A01
procured_balancing_capacity,8,2026-03-01T19:30:00,PT15M,2026-03-01T19:45Z,2026-03-01T19:30Z,1,10.3,3,B95,EUR,A03,A02,8,MAW,MAW,A01,A01
procured_balancing_capacity,8,2026-03-01T19:45:00,PT15M,2026-03-01T20:00Z,2026-03-01T19:45Z,1,10.3,3,B95,EUR,A03,A02,8,MAW,MAW,A01,A01
procured_balancing_capacity,8,2026-03-01T20:00:00,PT15M,2026-03-01T20:15Z,2026-03-01T20:00Z,1,10.3,3,B95,EUR,A03,A02,8,MAW,MAW,A01,A01
procured_balancing_capacity,8,2026-03-01T20:15:00,PT15M,2026-03-01T20:30Z,2026-03-01T20:15Z,1,10.3,3,B95,EUR,A03,A02,8,MAW,MAW,A01,A01
procured_balancing_capacity,8,2026-03-01T20:30:00,PT15M,2026-03-01T20:45Z,2026-03-01T20:30Z,1,10.3,3,B95,EUR,A03,A02,8,MAW,MAW,A01,A01
procured_balancing_capacity,8,2026-03-01T20:45:00,PT15M,2026-03-01T21:00Z,2026-03-01T20:45Z,1,10.3,3,B95,EUR,A03,A02,8,MAW,MAW,A01,A01
procured_balancing_capacity,8,2026-03-01T21:00:00,PT15M,2026-03-01T21:15Z,2026-03-01T21:00Z,1,10.3,2,B95,EUR,A03,A02,8,MAW,MAW,A01,A01
procured_balancing_capacity,8,2026-03-01T21:15:00,PT15M,2026-03-01T21:30Z,2026-03-01T21:15Z,1,10.3,2,B95,EUR,A03,A02,8,MAW,MAW,A01,A01
procured_balancing_capacity,8,2026-03-01T21:30:00,PT15M,2026-03-01T21:45Z,2026-03-01T21:30Z,1,10.3,2,B95,EUR,A03,A02,8,MAW,MAW,A01,A01
procured_balancing_capacity,8,2026-03-01T21:45:00,PT15M,2026-03-01T22:00Z,2026-03-01T21:45Z,1,10.3,2,B95,EUR,A03,A02,8,MAW,MAW,A01,A01
procured_balancing_capacity,8,2026-03-01T22:00:00,PT15M,2026-03-01T22:15Z,2026-03-01T22:00Z,1,10.3,1,B95,EUR,A03,A02,8,MAW,MAW,A01,A01
procured_balancing_capacity,8,2026-03-01T22:15:00,PT15M,2026-03-01T22:30Z,2026-03-01T22:15Z,1,10.3,1,B95,EUR,A03,A02,8,MAW,MAW,A01,A01
procured_balancing_capacity,8,2026-03-01T22:30:00,PT15M,2026-03-01T22:45Z,2026-03-01T22:30Z,1,10.3,1,B95,EUR,A03,A02,8,MAW,MAW,A01,A01
procured_balancing_capacity,8,2026-03-01T22:45:00,PT15M,2026-03-01T23:00Z,2026-03-01T22:45Z,1,10.3,1,B95,EUR,A03,A02,8,MAW,MAW,A01,A01
procured_balancing_capacity,9,2026-02-28T23:00:00,PT15M,2026-02-28T23:15Z,2026-02-28T23:00Z,1,10.34,1,B95,EUR,A03,A02,9,MAW,MAW,A01,A01
procured_balancing_capacity,9,2026-02-28T23:15:00,PT15M,2026-02-28T23:30Z,2026-02-28T23:15Z,1,10.34,1,B95,EUR,A03,A02,9,MAW,MAW,A01,A01
procured_balancing_capacity,9,2026-02-28T23:30:00,PT15M,2026-02-28T23:45Z,2026-02-28T23:30Z,1,10.34,1,B95,EUR,A03,A02,9,MAW,MAW,A01,A01
procured_balancing_capacity,9,2026-02-28T23:45:00,PT15M,2026-03-01T00:00Z,2026-02-28T23:45Z,1,10.34,1,B95,EUR,A03,A02,9,MAW,MAW,A01,A01
procured_balancing_capacity,9,2026-03-01T00:00:00,PT15M,2026-03-01T00:15Z,2026-03-01T00:00Z,1,10.34,1,B95,EUR,A03,A02,9,MAW,MAW,A01,A01
procured_balancing_capacity,9,2026-03-01T00:15:00,PT15M,2026-03-01T00:30Z,2026-03-01T00:15Z,1,10.34,1,B95,EUR,A03,A02,9,MAW,MAW,A01,A01
procured_balancing_capacity,9,2026-03-01T00:30:00,PT15M,2026-03-01T00:45Z,2026-03-01T00:30Z,1,10.34,1,B95,EUR,A03,A02,9,MAW,MAW,A01,A01
procured_balancing_capacity,9,2026-03-01T00:45:00,PT15M,2026-03-01T01:00Z,2026-03-01T00:45Z,1,10.34,1,B95,EUR,A03,A02,9,MAW,MAW,A01,A01
procured_balancing_capacity,9,2026-03-01T01:00:00,PT15M,2026-03-01T01:15Z,2026-03-01T01:00Z,1,10.34,1,B95,EUR,A03,A02,9,MAW,MAW,A01,A01
procured_balancing_capacity,9,2026-03-01T01:15:00,PT15M,2026-03-01T01:30Z,2026-03-01T01:15Z,1,10.34,1,B95,EUR,A03,A02,9,MAW,MAW,A01,A01
procured_balancing_capacity,9,2026-03-01T01:30:00,PT15M,2026-03-01T01:45Z,2026-03-01T01:30Z,1,10.34,1,B95,EUR,A03,A02,9,MAW,MAW,A01,A01
procured_balancing_capacity,9,2026-03-01T01:45:00,PT15M,2026-03-01T02:00Z,2026-03-01T01:45Z,1,10.34,1,B95,EUR,A03,A02,9,MAW,MAW,A01,A01
procured_balancing_capacity,9,2026-03-01T02:00:00,PT15M,2026-03-01T02:15Z,2026-03-01T02:00Z,1,10.34,1,B95,EUR,A03,A02,9,MAW,MAW,A01,A01
procured_balancing_capacity,9,2026-03-01T02:15:00,PT15M,2026-03-01T02:30Z,2026-03-01T02:15Z,1,10.34,1,B95,EUR,A03,A02,9,MAW,MAW,A01,A01
procured_balancing_capacity,9,2026-03-01T02:30:00,PT15M,2026-03-01T02:45Z,2026-03-01T02:30Z,1,10.34,1,B95,EUR,A03,A02,9,MAW,MAW,A01,A01
procured_balancing_capacity,9,2026-03-01T02:45:00,PT15M,2026-03-01T03:00Z,2026-03-01T02:45Z,1,10.34,1,B95,EUR,A03,A02,9,MAW,MAW,A01,A01
procured_balancing_capacity,9,2026-03-01T03:00:00,PT15M,2026-03-01T03:15Z,2026-03-01T03:00Z,1,10.34,1,B95,EUR,A03,A02,9,MAW,MAW,A01,A01
procured_balancing_capacity,9,2026-03-01T03:15:00,PT15M,2026-03-01T03:30Z,2026-03-01T03:15Z,1,10.34,1,B95,EUR,A03,A02,9,MAW,MAW,A01,A01
procured_balancing_capacity,9,2026-03-01T03:30:00,PT15M,2026-03-01T03:45Z,2026-03-01T03:30Z,1,10.34,1,B95,EUR,A03,A02,9,MAW,MAW,A01,A01
procured_balancing_capacity,9,2026-03-01T03:45:00,PT15M,2026-03-01T04:00Z,2026-03-01T03:45Z,1,10.34,1,B95,EUR,A03,A02,9,MAW,MAW,A01,A01
procured_balancing_capacity,9,2026-03-01T04:00:00,PT15M,2026-03-01T04:15Z,2026-03-01T04:00Z,1,10.34,1,B95,EUR,A03,A02,9,MAW,MAW,A01,A01
procured_balancing_capacity,9,2026-03-01T04:15:00,PT15M,2026-03-01T04:30Z,2026-03-01T04:15Z,1,10.34,1,B95,EUR,A03,A02,9,MAW,MAW,A01,A01
procured_balancing_capacity,9,2026-03-01T04:30:00,PT15M,2026-03-01T04:45Z,2026-03-01T04:30Z,1,10.34,1,B95,EUR,A03,A02,9,MAW,MAW,A01,A01
procured_balancing_capacity,9,2026-03-01T04:45:00,PT15M,2026-03-01T05:00Z,2026-03-01T04:45Z,1,10.34,1,B95,EUR,A03,A02,9,MAW,MAW,A01,A01
procured_balancing_capacity,9,2026-03-01T05:00:00,PT15M,2026-03-01T05:15Z,2026-03-01T05:00Z,1,10.34,1,B95,EUR,A03,A02,9,MAW,MAW,A01,A01
procured_balancing_capacity,9,2026-03-01T05:15:00,PT15M,2026-03-01T05:30Z,2026-03-01T05:15Z,1,10.34,1,B95,EUR,A03,A02,9,MAW,MAW,A01,A01
procured_balancing_capacity,9,2026-03-01T05:30:00,PT15M,2026-03-01T05:45Z,2026-03-01T05:30Z,1,10.34,1,B95,EUR,A03,A02,9,MAW,MAW,A01,A01
procured_balancing_capacity,9,2026-03-01T05:45:00,PT15M,2026-03-01T06:00Z,2026-03-01T05:45Z,1,10.34,1,B95,EUR,A03,A02,9,MAW,MAW,A01,A01
procured_balancing_capacity,9,2026-03-01T06:00:00,PT15M,2026-03-01T06:15Z,2026-03-01T06:00Z,1,10.34,1,B95,EUR,A03,A02,9,MAW,MAW,A01,A01
procured_balancing_capacity,9,2026-03-01T06:15:00,PT15M,2026-03-01T06:30Z,2026-03-01T06:15Z,1,10.34,1,B95,EUR,A03,A02,9,MAW,MAW,A01,A01
procured_balancing_capacity,9,2026-03-01T06:30:00,PT15M,2026-03-01T06:45Z,2026-03-01T06:30Z,1,10.34,1,B95,EUR,A03,A02,9,MAW,MAW,A01,A01
procured_balancing_capacity,9,2026-03-01T06:45:00,PT15M,2026-03-01T07:00Z,2026-03-01T06:45Z,1,10.34,1,B95,EUR,A03,A02,9,MAW,MAW,A01,A01
procured_balancing_capacity,9,2026-03-01T07:00:00,PT15M,2026-03-01T07:15Z,2026-03-01T07:00Z,1,10.42,1,B95,EUR,A03,A02,9,MAW,MAW,A01,A01
procured_balancing_capacity,9,2026-03-01T07:15:00,PT15M,2026-03-01T07:30Z,2026-03-01T07:15Z,1,10.42,1,B95,EUR,A03,A02,9,MAW,MAW,A01,A01
procured_balancing_capacity,9,2026-03-01T07:30:00,PT15M,2026-03-01T07:45Z,2026-03-01T07:30Z,1,10.42,1,B95,EUR,A03,A02,9,MAW,MAW,A01,A01
procured_balancing_capacity,9,2026-03-01T07:45:00,PT15M,2026-03-01T08:00Z,2026-03-01T07:45Z,1,10.42,1,B95,EUR,A03,A02,9,MAW,MAW,A01,A01
procured_balancing_capacity,9,2026-03-01T08:00:00,PT15M,2026-03-01T08:15Z,2026-03-01T08:00Z,1,10.42,1,B95,EUR,A03,A02,9,MAW,MAW,A01,A01
procured_balancing_capacity,9,2026-03-01T08:15:00,PT15M,2026-03-01T08:30Z,2026-03-01T08:15Z,1,10.42,1,B95,EUR,A03,A02,9,MAW,MAW,A01,A01
procured_balancing_capacity,9,2026-03-01T08:30:00,PT15M,2026-03-01T08:45Z,2026-03-01T08:30Z,1,10.42,1,B95,EUR,A03,A02,9,MAW,MAW,A01,A01
procured_balancing_capacity,9,2026-03-01T08:45:00,PT15M,2026-03-01T09:00Z,2026-03-01T08:45Z,1,10.42,1,B95,EUR,A03,A02,9,MAW,MAW,A01,A01
procured_balancing_capacity,9,2026-03-01T09:00:00,PT15M,2026-03-01T09:15Z,2026-03-01T09:00Z,1,10.42,1,B95,EUR,A03,A02,9,MAW,MAW,A01,A01
procured_balancing_capacity,9,2026-03-01T09:15:00,PT15M,2026-03-01T09:30Z,2026-03-01T09:15Z,1,10.42,1,B95,EUR,A03,A02,9,MAW,MAW,A01,A01
procured_balancing_capacity,9,2026-03-01T09:30:00,PT15M,2026-03-01T09:45Z,2026-03-01T09:30Z,1,10.42,1,B95,EUR,A03,A02,9,MAW,MAW,A01,A01
procured_balancing_capacity,9,2026-03-01T09:45:00,PT15M,2026-03-01T10:00Z,2026-03-01T09:45Z,1,10.42,1,B95,EUR,A03,A02,9,MAW,MAW,A01,A01
procured_balancing_capacity,9,2026-03-01T10:00:00,PT15M,2026-03-01T10:15Z,2026-03-01T10:00Z,1,10.42,1,B95,EUR,A03,A02,9,MAW,MAW,A01,A01
procured_balancing_capacity,9,2026-03-01T10:15:00,PT15M,2026-03-01T10:30Z,2026-03-01T10:15Z,1,10.42,1,B95,EUR,A03,A02,9,MAW,MAW,A01,A01
procured_balancing_capacity,9,2026-03-01T10:30:00,PT15M,2026-03-01T10:45Z,2026-03-01T10:30Z,1,10.42,1,B95,EUR,A03,A02,9,MAW,MAW,A01,A01
procured_balancing_capacity,9,2026-03-01T10:45:00,PT15M,2026-03-01T11:00Z,2026-03-01T10:45Z,1,10.42,1,B95,EUR,A03,A02,9,MAW,MAW,A01,A01
procured_balancing_capacity,9,2026-03-01T11:00:00,PT15M,2026-03-01T11:15Z,2026-03-01T11:00Z,1,10.42,1,B95,EUR,A03,A02,9,MAW,MAW,A01,A01
procured_balancing_capacity,9,2026-03-01T11:15:00,PT15M,2026-03-01T11:30Z,2026-03-01T11:15Z,1,10.42,1,B95,EUR,A03,A02,9,MAW,MAW,A01,A01
procured_balancing_capacity,9,2026-03-01T11:30:00,PT15M,2026-03-01T11:45Z,2026-03-01T11:30Z,1,10.42,1,B95,EUR,A03,A02,9,MAW,MAW,A01,A01
procured_balancing_capacity,9,2026-03-01T11:45:00,PT15M,2026-03-01T12:00Z,2026-03-01T11:45Z,1,10.42,1,B95,EUR,A03,A02,9,MAW,MAW,A01,A01
procured_balancing_capacity,9,2026-03-01T12:00:00,PT15M,2026-03-01T12:15Z,2026-03-01T12:00Z,1,10.42,1,B95,EUR,A03,A02,9,MAW,MAW,A01,A01
procured_balancing_capacity,9,2026-03-01T12:15:00,PT15M,2026-03-01T12:30Z,2026-03-01T12:15Z,1,10.42,1,B95,EUR,A03,A02,9,MAW,MAW,A01,A01
procured_balancing_capacity,9,2026-03-01T12:30:00,PT15M,2026-03-01T12:45Z,2026-03-01T12:30Z,1,10.42,1,B95,EUR,A03,A02,9,MAW,MAW,A01,A01
procured_balancing_capacity,9,2026-03-01T12:45:00,PT15M,2026-03-01T13:00Z,2026-03-01T12:45Z,1,10.42,1,B95,EUR,A03,A02,9,MAW,MAW,A01,A01
procured_balancing_capacity,9,2026-03-01T13:00:00,PT15M,2026-03-01T13:15Z,2026-03-01T13:00Z,1,10.42,1,B95,EUR,A03,A02,9,MAW,MAW,A01,A01
procured_balancing_capacity,9,2026-03-01T13:15:00,PT15M,2026-03-01T13:30Z,2026-03-01T13:15Z,1,10.42,1,B95,EUR,A03,A02,9,MAW,MAW,A01,A01
procured_balancing_capacity,9,2026-03-01T13:30:00,PT15M,2026-03-01T13:45Z,2026-03-01T13:30Z,1,10.42,1,B95,EUR,A03,A02,9,MAW,MAW,A01,A01
procured_balancing_capacity,9,2026-03-01T13:45:00,PT15M,2026-03-01T14:00Z,2026-03-01T13:45Z,1,10.42,1,B95,EUR,A03,A02,9,MAW,MAW,A01,A01
procured_balancing_capacity,9,2026-03-01T14:00:00,PT15M,2026-03-01T14:15Z,2026-03-01T14:00Z,1,10.42,1,B95,EUR,A03,A02,9,MAW,MAW,A01,A01
procured_balancing_capacity,9,2026-03-01T14:15:00,PT15M,2026-03-01T14:30Z,2026-03-01T14:15Z,1,10.42,1,B95,EUR,A03,A02,9,MAW,MAW,A01,A01
procured_balancing_capacity,9,2026-03-01T14:30:00,PT15M,2026-03-01T14:45Z,2026-03-01T14:30Z,1,10.42,1,B95,EUR,A03,A02,9,MAW,MAW,A01,A01
procured_balancing_capacity,9,2026-03-01T14:45:00,PT15M,2026-03-01T15:00Z,2026-03-01T14:45Z,1,10.42,1,B95,EUR,A03,A02,9,MAW,MAW,A01,A01
procured_balancing_capacity,9,2026-03-01T15:00:00,PT15M,2026-03-01T15:15Z,2026-03-01T15:00Z,1,9.91,1,B95,EUR,A03,A02,9,MAW,MAW,A01,A01
procured_balancing_capacity,9,2026-03-01T15:15:00,PT15M,2026-03-01T15:30Z,2026-03-01T15:15Z,1,9.91,1,B95,EUR,A03,A02,9,MAW,MAW,A01,A01
procured_balancing_capacity,9,2026-03-01T15:30:00,PT15M,2026-03-01T15:45Z,2026-03-01T15:30Z,1,9.91,1,B95,EUR,A03,A02,9,MAW,MAW,A01,A01
procured_balancing_capacity,9,2026-03-01T15:45:00,PT15M,2026-03-01T16:00Z,2026-03-01T15:45Z,1,9.91,1,B95,EUR,A03,A02,9,MAW,MAW,A01,A01
procured_balancing_capacity,9,2026-03-01T16:00:00,PT15M,2026-03-01T16:15Z,2026-03-01T16:00Z,1,10.68,1,B95,EUR,A03,A02,9,MAW,MAW,A01,A01
procured_balancing_capacity,9,2026-03-01T16:15:00,PT15M,2026-03-01T16:30Z,2026-03-01T16:15Z,1,10.68,1,B95,EUR,A03,A02,9,MAW,MAW,A01,A01
procured_balancing_capacity,9,2026-03-01T16:30:00,PT15M,2026-03-01T16:45Z,2026-03-01T16:30Z,1,10.68,1,B95,EUR,A03,A02,9,MAW,MAW,A01,A01
procured_balancing_capacity,9,2026-03-01T16:45:00,PT15M,2026-03-01T17:00Z,2026-03-01T16:45Z,1,10.68,1,B95,EUR,A03,A02,9,MAW,MAW,A01,A01
procured_balancing_capacity,9,2026-03-01T17:00:00,PT15M,2026-03-01T17:15Z,2026-03-01T17:00Z,1,10.68,1,B95,EUR,A03,A02,9,MAW,MAW,A01,A01
procured_balancing_capacity,9,2026-03-01T17:15:00,PT15M,2026-03-01T17:30Z,2026-03-01T17:15Z,1,10.68,1,B95,EUR,A03,A02,9,MAW,MAW,A01,A01
procured_balancing_capacity,9,2026-03-01T17:30:00,PT15M,2026-03-01T17:45Z,2026-03-01T17:30Z,1,10.68,1,B95,EUR,A03,A02,9,MAW,MAW,A01,A01
procured_balancing_capacity,9,2026-03-01T17:45:00,PT15M,2026-03-01T18:00Z,2026-03-01T17:45Z,1,10.68,1,B95,EUR,A03,A02,9,MAW,MAW,A01,A01
procured_balancing_capacity,9,2026-03-01T18:00:00,PT15M,2026-03-01T18:15Z,2026-03-01T18:00Z,1,10.68,1,B95,EUR,A03,A02,9,MAW,MAW,A01,A01
procured_balancing_capacity,9,2026-03-01T18:15:00,PT15M,2026-03-01T18:30Z,2026-03-01T18:15Z,1,10.68,1,B95,EUR,A03,A02,9,MAW,MAW,A01,A01
procured_balancing_capacity,9,2026-03-01T18:30:00,PT15M,2026-03-01T18:45Z,2026-03-01T18:30Z,1,10.68,1,B95,EUR,A03,A02,9,MAW,MAW,A01,A01
procured_balancing_capacity,9,2026-03-01T18:45:00,PT15M,2026-03-01T19:00Z,2026-03-01T18:45Z,1,10.68,1,B95,EUR,A03,A02,9,MAW,MAW,A01,A01
procured_balancing_capacity,9,2026-03-01T19:00:00,PT15M,2026-03-01T19:15Z,2026-03-01T19:00Z,1,10.25,1,B95,EUR,A03,A02,9,MAW,MAW,A01,A01
procured_balancing_capacity,9,2026-03-01T19:15:00,PT15M,2026-03-01T19:30Z,2026-03-01T19:15Z,1,10.25,1,B95,EUR,A03,A02,9,MAW,MAW,A01,A01
procured_balancing_capacity,9,2026-03-01T19:30:00,PT15M,2026-03-01T19:45Z,2026-03-01T19:30Z,1,10.25,1,B95,EUR,A03,A02,9,MAW,MAW,A01,A01
procured_balancing_capacity,9,2026-03-01T19:45:00,PT15M,2026-03-01T20:00Z,2026-03-01T19:45Z,1,10.25,1,B95,EUR,A03,A02,9,MAW,MAW,A01,A01
procured_balancing_capacity,9,2026-03-01T20:00:00,PT15M,2026-03-01T20:15Z,2026-03-01T20:00Z,1,9.91,1,B95,EUR,A03,A02,9,MAW,MAW,A01,A01
procured_balancing_capacity,9,2026-03-01T20:15:00,PT15M,2026-03-01T20:30Z,2026-03-01T20:15Z,1,9.91,1,B95,EUR,A03,A02,9,MAW,MAW,A01,A01
procured_balancing_capacity,9,2026-03-01T20:30:00,PT15M,2026-03-01T20:45Z,2026-03-01T20:30Z,1,9.91,1,B95,EUR,A03,A02,9,MAW,MAW,A01,A01
procured_balancing_capacity,9,2026-03-01T20:45:00,PT15M,2026-03-01T21:00Z,2026-03-01T20:45Z,1,9.91,1,B95,EUR,A03,A02,9,MAW,MAW,A01,A01
procured_balancing_capacity,9,2026-03-01T21:00:00,PT15M,2026-03-01T21:15Z,2026-03-01T21:00Z,1,9.44,1,B95,EUR,A03,A02,9,MAW,MAW,A01,A01
procured_balancing_capacity,9,2026-03-01T21:15:00,PT15M,2026-03-01T21:30Z,2026-03-01T21:15Z,1,9.44,1,B95,EUR,A03,A02,9,MAW,MAW,A01,A01
procured_balancing_capacity,9,2026-03-01T21:30:00,PT15M,2026-03-01T21:45Z,2026-03-01T21:30Z,1,9.44,1,B95,EUR,A03,A02,9,MAW,MAW,A01,A01
procured_balancing_capacity,9,2026-03-01T21:45:00,PT15M,2026-03-01T22:00Z,2026-03-01T21:45Z,1,9.44,1,B95,EUR,A03,A02,9,MAW,MAW,A01,A01
procured_balancing_capacity,9,2026-03-01T22:00:00,PT15M,2026-03-01T22:15Z,2026-03-01T22:00Z,1,9.96,1,B95,EUR,A03,A02,9,MAW,MAW,A01,A01
procured_balancing_capacity,9,2026-03-01T22:15:00,PT15M,2026-03-01T22:30Z,2026-03-01T22:15Z,1,9.96,1,B95,EUR,A03,A02,9,MAW,MAW,A01,A01
procured_balancing_capacity,9,2026-03-01T22:30:00,PT15M,2026-03-01T22:45Z,2026-03-01T22:30Z,1,9.96,1,B95,EUR,A03,A02,9,MAW,MAW,A01,A01
procured_balancing_capacity,9,2026-03-01T22:45:00,PT15M,2026-03-01T23:00Z,2026-03-01T22:45Z,1,9.96,1,B95,EUR,A03,A02,9,MAW,MAW,A01,A01
procured_balancing_capacity,10,2026-02-28T23:00:00,PT15M,2026-02-28T23:15Z,2026-02-28T23:00Z,1,10.28,1,B95,EUR,A03,A02,10,MAW,MAW,A01,A01
procured_balancing_capacity,10,2026-02-28T23:15:00,PT15M,2026-02-28T23:30Z,2026-02-28T23:15Z,1,10.28,1,B95,EUR,A03,A02,10,MAW,MAW,A01,A01
procured_balancing_capacity,10,2026-02-28T23:30:00,PT15M,2026-02-28T23:45Z,2026-02-28T23:30Z,1,10.28,1,B95,EUR,A03,A02,10,MAW,MAW,A01,A01
procured_balancing_capacity,10,2026-02-28T23:45:00,PT15M,2026-03-01T00:00Z,2026-02-28T23:45Z,1,10.28,1,B95,EUR,A03,A02,10,MAW,MAW,A01,A01
procured_balancing_capacity,10,2026-03-01T00:00:00,PT15M,2026-03-01T00:15Z,2026-03-01T00:00Z,1,10.28,1,B95,EUR,A03,A02,10,MAW,MAW,A01,A01
procured_balancing_capacity,10,2026-03-01T00:15:00,PT15M,2026-03-01T00:30Z,2026-03-01T00:15Z,1,10.28,1,B95,EUR,A03,A02,10,MAW,MAW,A01,A01
procured_balancing_capacity,10,2026-03-01T00:30:00,PT15M,2026-03-01T00:45Z,2026-03-01T00:30Z,1,10.28,1,B95,EUR,A03,A02,10,MAW,MAW,A01,A01
procured_balancing_capacity,10,2026-03-01T00:45:00,PT15M,2026-03-01T01:00Z,2026-03-01T00:45Z,1,10.28,1,B95,EUR,A03,A02,10,MAW,MAW,A01,A01
procured_balancing_capacity,10,2026-03-01T01:00:00,PT15M,2026-03-01T01:15Z,2026-03-01T01:00Z,1,10.28,1,B95,EUR,A03,A02,10,MAW,MAW,A01,A01
procured_balancing_capacity,10,2026-03-01T01:15:00,PT15M,2026-03-01T01:30Z,2026-03-01T01:15Z,1,10.28,1,B95,EUR,A03,A02,10,MAW,MAW,A01,A01
procured_balancing_capacity,10,2026-03-01T01:30:00,PT15M,2026-03-01T01:45Z,2026-03-01T01:30Z,1,10.28,1,B95,EUR,A03,A02,10,MAW,MAW,A01,A01
procured_balancing_capacity,10,2026-03-01T01:45:00,PT15M,2026-03-01T02:00Z,2026-03-01T01:45Z,1,10.28,1,B95,EUR,A03,A02,10,MAW,MAW,A01,A01
procured_balancing_capacity,10,2026-03-01T02:00:00,PT15M,2026-03-01T02:15Z,2026-03-01T02:00Z,1,10.28,1,B95,EUR,A03,A02,10,MAW,MAW,A01,A01
procured_balancing_capacity,10,2026-03-01T02:15:00,PT15M,2026-03-01T02:30Z,2026-03-01T02:15Z,1,10.28,1,B95,EUR,A03,A02,10,MAW,MAW,A01,A01
procured_balancing_capacity,10,2026-03-01T02:30:00,PT15M,2026-03-01T02:45Z,2026-03-01T02:30Z,1,10.28,1,B95,EUR,A03,A02,10,MAW,MAW,A01,A01
procured_balancing_capacity,10,2026-03-01T02:45:00,PT15M,2026-03-01T03:00Z,2026-03-01T02:45Z,1,10.28,1,B95,EUR,A03,A02,10,MAW,MAW,A01,A01
procured_balancing_capacity,10,2026-03-01T03:00:00,PT15M,2026-03-01T03:15Z,2026-03-01T03:00Z,1,10.28,1,B95,EUR,A03,A02,10,MAW,MAW,A01,A01
procured_balancing_capacity,10,2026-03-01T03:15:00,PT15M,2026-03-01T03:30Z,2026-03-01T03:15Z,1,10.28,1,B95,EUR,A03,A02,10,MAW,MAW,A01,A01
procured_balancing_capacity,10,2026-03-01T03:30:00,PT15M,2026-03-01T03:45Z,2026-03-01T03:30Z,1,10.28,1,B95,EUR,A03,A02,10,MAW,MAW,A01,A01
procured_balancing_capacity,10,2026-03-01T03:45:00,PT15M,2026-03-01T04:00Z,2026-03-01T03:45Z,1,10.28,1,B95,EUR,A03,A02,10,MAW,MAW,A01,A01
procured_balancing_capacity,10,2026-03-01T04:00:00,PT15M,2026-03-01T04:15Z,2026-03-01T04:00Z,1,10.28,1,B95,EUR,A03,A02,10,MAW,MAW,A01,A01
procured_balancing_capacity,10,2026-03-01T04:15:00,PT15M,2026-03-01T04:30Z,2026-03-01T04:15Z,1,10.28,1,B95,EUR,A03,A02,10,MAW,MAW,A01,A01
procured_balancing_capacity,10,2026-03-01T04:30:00,PT15M,2026-03-01T04:45Z,2026-03-01T04:30Z,1,10.28,1,B95,EUR,A03,A02,10,MAW,MAW,A01,A01
procured_balancing_capacity,10,2026-03-01T04:45:00,PT15M,2026-03-01T05:00Z,2026-03-01T04:45Z,1,10.28,1,B95,EUR,A03,A02,10,MAW,MAW,A01,A01
procured_balancing_capacity,10,2026-03-01T05:00:00,PT15M,2026-03-01T05:15Z,2026-03-01T05:00Z,1,10.28,1,B95,EUR,A03,A02,10,MAW,MAW,A01,A01
procured_balancing_capacity,10,2026-03-01T05:15:00,PT15M,2026-03-01T05:30Z,2026-03-01T05:15Z,1,10.28,1,B95,EUR,A03,A02,10,MAW,MAW,A01,A01
procured_balancing_capacity,10,2026-03-01T05:30:00,PT15M,2026-03-01T05:45Z,2026-03-01T05:30Z,1,10.28,1,B95,EUR,A03,A02,10,MAW,MAW,A01,A01
procured_balancing_capacity,10,2026-03-01T05:45:00,PT15M,2026-03-01T06:00Z,2026-03-01T05:45Z,1,10.28,1,B95,EUR,A03,A02,10,MAW,MAW,A01,A01
procured_balancing_capacity,10,2026-03-01T06:00:00,PT15M,2026-03-01T06:15Z,2026-03-01T06:00Z,1,10.28,1,B95,EUR,A03,A02,10,MAW,MAW,A01,A01
procured_balancing_capacity,10,2026-03-01T06:15:00,PT15M,2026-03-01T06:30Z,2026-03-01T06:15Z,1,10.28,1,B95,EUR,A03,A02,10,MAW,MAW,A01,A01
procured_balancing_capacity,10,2026-03-01T06:30:00,PT15M,2026-03-01T06:45Z,2026-03-01T06:30Z,1,10.28,1,B95,EUR,A03,A02,10,MAW,MAW,A01,A01
procured_balancing_capacity,10,2026-03-01T06:45:00,PT15M,2026-03-01T07:00Z,2026-03-01T06:45Z,1,10.28,1,B95,EUR,A03,A02,10,MAW,MAW,A01,A01
procured_balancing_capacity,10,2026-03-01T07:00:00,PT15M,2026-03-01T07:15Z,2026-03-01T07:00Z,1,10.28,1,B95,EUR,A03,A02,10,MAW,MAW,A01,A01
procured_balancing_capacity,10,2026-03-01T07:15:00,PT15M,2026-03-01T07:30Z,2026-03-01T07:15Z,1,10.28,1,B95,EUR,A03,A02,10,MAW,MAW,A01,A01
procured_balancing_capacity,10,2026-03-01T07:30:00,PT15M,2026-03-01T07:45Z,2026-03-01T07:30Z,1,10.28,1,B95,EUR,A03,A02,10,MAW,MAW,A01,A01
procured_balancing_capacity,10,2026-03-01T07:45:00,PT15M,2026-03-01T08:00Z,2026-03-01T07:45Z,1,10.28,1,B95,EUR,A03,A02,10,MAW,MAW,A01,A01
procured_balancing_capacity,10,2026-03-01T08:00:00,PT15M,2026-03-01T08:15Z,2026-03-01T08:00Z,1,10.28,1,B95,EUR,A03,A02,10,MAW,MAW,A01,A01
procured_balancing_capacity,10,2026-03-01T08:15:00,PT15M,2026-03-01T08:30Z,2026-03-01T08:15Z,1,10.28,1,B95,EUR,A03,A02,10,MAW,MAW,A01,A01
procured_balancing_capacity,10,2026-03-01T08:30:00,PT15M,2026-03-01T08:45Z,2026-03-01T08:30Z,1,10.28,1,B95,EUR,A03,A02,10,MAW,MAW,A01,A01
procured_balancing_capacity,10,2026-03-01T08:45:00,PT15M,2026-03-01T09:00Z,2026-03-01T08:45Z,1,10.28,1,B95,EUR,A03,A02,10,MAW,MAW,A01,A01
procured_balancing_capacity,10,2026-03-01T09:00:00,PT15M,2026-03-01T09:15Z,2026-03-01T09:00Z,1,10.28,1,B95,EUR,A03,A02,10,MAW,MAW,A01,A01
procured_balancing_capacity,10,2026-03-01T09:15:00,PT15M,2026-03-01T09:30Z,2026-03-01T09:15Z,1,10.28,1,B95,EUR,A03,A02,10,MAW,MAW,A01,A01
procured_balancing_capacity,10,2026-03-01T09:30:00,PT15M,2026-03-01T09:45Z,2026-03-01T09:30Z,1,10.28,1,B95,EUR,A03,A02,10,MAW,MAW,A01,A01
procured_balancing_capacity,10,2026-03-01T09:45:00,PT15M,2026-03-01T10:00Z,2026-03-01T09:45Z,1,10.28,1,B95,EUR,A03,A02,10,MAW,MAW,A01,A01
procured_balancing_capacity,10,2026-03-01T10:00:00,PT15M,2026-03-01T10:15Z,2026-03-01T10:00Z,1,10.28,1,B95,EUR,A03,A02,10,MAW,MAW,A01,A01
procured_balancing_capacity,10,2026-03-01T10:15:00,PT15M,2026-03-01T10:30Z,2026-03-01T10:15Z,1,10.28,1,B95,EUR,A03,A02,10,MAW,MAW,A01,A01
procured_balancing_capacity,10,2026-03-01T10:30:00,PT15M,2026-03-01T10:45Z,2026-03-01T10:30Z,1,10.28,1,B95,EUR,A03,A02,10,MAW,MAW,A01,A01
procured_balancing_capacity,10,2026-03-01T10:45:00,PT15M,2026-03-01T11:00Z,2026-03-01T10:45Z,1,10.28,1,B95,EUR,A03,A02,10,MAW,MAW,A01,A01
procured_balancing_capacity,10,2026-03-01T11:00:00,PT15M,2026-03-01T11:15Z,2026-03-01T11:00Z,1,10.28,1,B95,EUR,A03,A02,10,MAW,MAW,A01,A01
procured_balancing_capacity,10,2026-03-01T11:15:00,PT15M,2026-03-01T11:30Z,2026-03-01T11:15Z,1,10.28,1,B95,EUR,A03,A02,10,MAW,MAW,A01,A01
procured_balancing_capacity,10,2026-03-01T11:30:00,PT15M,2026-03-01T11:45Z,2026-03-01T11:30Z,1,10.28,1,B95,EUR,A03,A02,10,MAW,MAW,A01,A01
procured_balancing_capacity,10,2026-03-01T11:45:00,PT15M,2026-03-01T12:00Z,2026-03-01T11:45Z,1,10.28,1,B95,EUR,A03,A02,10,MAW,MAW,A01,A01
procured_balancing_capacity,10,2026-03-01T12:00:00,PT15M,2026-03-01T12:15Z,2026-03-01T12:00Z,1,10.28,1,B95,EUR,A03,A02,10,MAW,MAW,A01,A01
procured_balancing_capacity,10,2026-03-01T12:15:00,PT15M,2026-03-01T12:30Z,2026-03-01T12:15Z,1,10.28,1,B95,EUR,A03,A02,10,MAW,MAW,A01,A01
procured_balancing_capacity,10,2026-03-01T12:30:00,PT15M,2026-03-01T12:45Z,2026-03-01T12:30Z,1,10.28,1,B95,EUR,A03,A02,10,MAW,MAW,A01,A01
procured_balancing_capacity,10,2026-03-01T12:45:00,PT15M,2026-03-01T13:00Z,2026-03-01T12:45Z,1,10.28,1,B95,EUR,A03,A02,10,MAW,MAW,A01,A01
procured_balancing_capacity,10,2026-03-01T13:00:00,PT15M,2026-03-01T13:15Z,2026-03-01T13:00Z,1,10.28,1,B95,EUR,A03,A02,10,MAW,MAW,A01,A01
procured_balancing_capacity,10,2026-03-01T13:15:00,PT15M,2026-03-01T13:30Z,2026-03-01T13:15Z,1,10.28,1,B95,EUR,A03,A02,10,MAW,MAW,A01,A01
procured_balancing_capacity,10,2026-03-01T13:30:00,PT15M,2026-03-01T13:45Z,2026-03-01T13:30Z,1,10.28,1,B95,EUR,A03,A02,10,MAW,MAW,A01,A01
procured_balancing_capacity,10,2026-03-01T13:45:00,PT15M,2026-03-01T14:00Z,2026-03-01T13:45Z,1,10.28,1,B95,EUR,A03,A02,10,MAW,MAW,A01,A01
procured_balancing_capacity,10,2026-03-01T14:00:00,PT15M,2026-03-01T14:15Z,2026-03-01T14:00Z,1,10.28,1,B95,EUR,A03,A02,10,MAW,MAW,A01,A01
procured_balancing_capacity,10,2026-03-01T14:15:00,PT15M,2026-03-01T14:30Z,2026-03-01T14:15Z,1,10.28,1,B95,EUR,A03,A02,10,MAW,MAW,A01,A01
procured_balancing_capacity,10,2026-03-01T14:30:00,PT15M,2026-03-01T14:45Z,2026-03-01T14:30Z,1,10.28,1,B95,EUR,A03,A02,10,MAW,MAW,A01,A01
procured_balancing_capacity,10,2026-03-01T14:45:00,PT15M,2026-03-01T15:00Z,2026-03-01T14:45Z,1,10.42,1,B95,EUR,A03,A02,10,MAW,MAW,A01,A01
procured_balancing_capacity,10,2026-03-01T15:00:00,PT15M,2026-03-01T15:15Z,2026-03-01T15:00Z,1,9.88,1,B95,EUR,A03,A02,10,MAW,MAW,A01,A01
procured_balancing_capacity,10,2026-03-01T15:15:00,PT15M,2026-03-01T15:30Z,2026-03-01T15:15Z,1,9.88,1,B95,EUR,A03,A02,10,MAW,MAW,A01,A01
procured_balancing_capacity,10,2026-03-01T15:30:00,PT15M,2026-03-01T15:45Z,2026-03-01T15:30Z,1,9.88,1,B95,EUR,A03,A02,10,MAW,MAW,A01,A01
procured_balancing_capacity,10,2026-03-01T15:45:00,PT15M,2026-03-01T16:00Z,2026-03-01T15:45Z,1,9.88,1,B95,EUR,A03,A02,10,MAW,MAW,A01,A01
procured_balancing_capacity,10,2026-03-01T16:00:00,PT15M,2026-03-01T16:15Z,2026-03-01T16:00Z,1,10.28,1,B95,EUR,A03,A02,10,MAW,MAW,A01,A01
procured_balancing_capacity,10,2026-03-01T16:15:00,PT15M,2026-03-01T16:30Z,2026-03-01T16:15Z,1,10.28,1,B95,EUR,A03,A02,10,MAW,MAW,A01,A01
procured_balancing_capacity,10,2026-03-01T16:30:00,PT15M,2026-03-01T16:45Z,2026-03-01T16:30Z,1,10.28,1,B95,EUR,A03,A02,10,MAW,MAW,A01,A01
procured_balancing_capacity,10,2026-03-01T16:45:00,PT15M,2026-03-01T17:00Z,2026-03-01T16:45Z,1,10.28,1,B95,EUR,A03,A02,10,MAW,MAW,A01,A01
procured_balancing_capacity,10,2026-03-01T17:00:00,PT15M,2026-03-01T17:15Z,2026-03-01T17:00Z,1,10.28,1,B95,EUR,A03,A02,10,MAW,MAW,A01,A01
procured_balancing_capacity,10,2026-03-01T17:15:00,PT15M,2026-03-01T17:30Z,2026-03-01T17:15Z,1,10.28,1,B95,EUR,A03,A02,10,MAW,MAW,A01,A01
procured_balancing_capacity,10,2026-03-01T17:30:00,PT15M,2026-03-01T17:45Z,2026-03-01T17:30Z,1,10.28,1,B95,EUR,A03,A02,10,MAW,MAW,A01,A01
procured_balancing_capacity,10,2026-03-01T17:45:00,PT15M,2026-03-01T18:00Z,2026-03-01T17:45Z,1,10.28,1,B95,EUR,A03,A02,10,MAW,MAW,A01,A01
procured_balancing_capacity,10,2026-03-01T18:00:00,PT15M,2026-03-01T18:15Z,2026-03-01T18:00Z,1,10.28,1,B95,EUR,A03,A02,10,MAW,MAW,A01,A01
procured_balancing_capacity,10,2026-03-01T18:15:00,PT15M,2026-03-01T18:30Z,2026-03-01T18:15Z,1,10.28,1,B95,EUR,A03,A02,10,MAW,MAW,A01,A01
procured_balancing_capacity,10,2026-03-01T18:30:00,PT15M,2026-03-01T18:45Z,2026-03-01T18:30Z,1,10.28,1,B95,EUR,A03,A02,10,MAW,MAW,A01,A01
procured_balancing_capacity,10,2026-03-01T18:45:00,PT15M,2026-03-01T19:00Z,2026-03-01T18:45Z,1,10.28,1,B95,EUR,A03,A02,10,MAW,MAW,A01,A01
procured_balancing_capacity,10,2026-03-01T19:00:00,PT15M,2026-03-01T19:15Z,2026-03-01T19:00Z,1,10.18,1,B95,EUR,A03,A02,10,MAW,MAW,A01,A01
procured_balancing_capacity,10,2026-03-01T19:15:00,PT15M,2026-03-01T19:30Z,2026-03-01T19:15Z,1,10.18,1,B95,EUR,A03,A02,10,MAW,MAW,A01,A01
procured_balancing_capacity,10,2026-03-01T19:30:00,PT15M,2026-03-01T19:45Z,2026-03-01T19:30Z,1,10.18,1,B95,EUR,A03,A02,10,MAW,MAW,A01,A01
procured_balancing_capacity,10,2026-03-01T19:45:00,PT15M,2026-03-01T20:00Z,2026-03-01T19:45Z,1,10.18,1,B95,EUR,A03,A02,10,MAW,MAW,A01,A01
procured_balancing_capacity,10,2026-03-01T20:00:00,PT15M,2026-03-01T20:15Z,2026-03-01T20:00Z,1,9.88,1,B95,EUR,A03,A02,10,MAW,MAW,A01,A01
procured_balancing_capacity,10,2026-03-01T20:15:00,PT15M,2026-03-01T20:30Z,2026-03-01T20:15Z,1,9.88,1,B95,EUR,A03,A02,10,MAW,MAW,A01,A01
procured_balancing_capacity,10,2026-03-01T20:30:00,PT15M,2026-03-01T20:45Z,2026-03-01T20:30Z,1,9.88,1,B95,EUR,A03,A02,10,MAW,MAW,A01,A01
procured_balancing_capacity,10,2026-03-01T20:45:00,PT15M,2026-03-01T21:00Z,2026-03-01T20:45Z,1,9.88,1,B95,EUR,A03,A02,10,MAW,MAW,A01,A01
procured_balancing_capacity,10,2026-03-01T21:00:00,PT15M,2026-03-01T21:15Z,2026-03-01T21:00Z,1,9.38,1,B95,EUR,A03,A02,10,MAW,MAW,A01,A01
procured_balancing_capacity,10,2026-03-01T21:15:00,PT15M,2026-03-01T21:30Z,2026-03-01T21:15Z,1,9.38,1,B95,EUR,A03,A02,10,MAW,MAW,A01,A01
procured_balancing_capacity,10,2026-03-01T21:30:00,PT15M,2026-03-01T21:45Z,2026-03-01T21:30Z,1,9.38,1,B95,EUR,A03,A02,10,MAW,MAW,A01,A01
procured_balancing_capacity,10,2026-03-01T21:45:00,PT15M,2026-03-01T22:00Z,2026-03-01T21:45Z,1,9.38,1,B95,EUR,A03,A02,10,MAW,MAW,A01,A01
procured_balancing_capacity,10,2026-03-01T22:00:00,PT15M,2026-03-01T22:15Z,2026-03-01T22:00Z,1,7.5,1,B95,EUR,A03,A02,10,MAW,MAW,A01,A01
procured_balancing_capacity,10,2026-03-01T22:15:00,PT15M,2026-03-01T22:30Z,2026-03-01T22:15Z,1,7.5,1,B95,EUR,A03,A02,10,MAW,MAW,A01,A01
procured_balancing_capacity,10,2026-03-01T22:30:00,PT15M,2026-03-01T22:45Z,2026-03-01T22:30Z,1,7.5,1,B95,EUR,A03,A02,10,MAW,MAW,A01,A01
procured_balancing_capacity,10,2026-03-01T22:45:00,PT15M,2026-03-01T23:00Z,2026-03-01T22:45Z,1,7.5,1,B95,EUR,A03,A02,10,MAW,MAW,A01,A01
procured_balancing_capacity,11,2026-02-28T23:00:00,PT15M,2026-02-28T23:15Z,2026-02-28T23:00Z,1,0,1,B95,EUR,A03,A01,11,MAW,MAW,A01,A01
procured_balancing_capacity,11,2026-02-28T23:15:00,PT15M,2026-02-28T23:30Z,2026-02-28T23:15Z,1,0,1,B95,EUR,A03,A01,11,MAW,MAW,A01,A01
procured_balancing_capacity,11,2026-02-28T23:30:00,PT15M,2026-02-28T23:45Z,2026-02-28T23:30Z,1,0,1,B95,EUR,A03,A01,11,MAW,MAW,A01,A01
procured_balancing_capacity,11,2026-02-28T23:45:00,PT15M,2026-03-01T00:00Z,2026-02-28T23:45Z,1,0,1,B95,EUR,A03,A01,11,MAW,MAW,A01,A01
procured_balancing_capacity,11,2026-03-01T00:00:00,PT15M,2026-03-01T00:15Z,2026-03-01T00:00Z,1,0,1,B95,EUR,A03,A01,11,MAW,MAW,A01,A01
procured_balancing_capacity,11,2026-03-01T00:15:00,PT15M,2026-03-01T00:30Z,2026-03-01T00:15Z,1,0,1,B95,EUR,A03,A01,11,MAW,MAW,A01,A01
procured_balancing_capacity,11,2026-03-01T00:30:00,PT15M,2026-03-01T00:45Z,2026-03-01T00:30Z,1,0,1,B95,EUR,A03,A01,11,MAW,MAW,A01,A01
procured_balancing_capacity,11,2026-03-01T00:45:00,PT15M,2026-03-01T01:00Z,2026-03-01T00:45Z,1,0,1,B95,EUR,A03,A01,11,MAW,MAW,A01,A01
procured_balancing_capacity,11,2026-03-01T01:00:00,PT15M,2026-03-01T01:15Z,2026-03-01T01:00Z,1,0,1,B95,EUR,A03,A01,11,MAW,MAW,A01,A01
procured_balancing_capacity,11,2026-03-01T01:15:00,PT15M,2026-03-01T01:30Z,2026-03-01T01:15Z,1,0,1,B95,EUR,A03,A01,11,MAW,MAW,A01,A01
procured_balancing_capacity,11,2026-03-01T01:30:00,PT15M,2026-03-01T01:45Z,2026-03-01T01:30Z,1,0,1,B95,EUR,A03,A01,11,MAW,MAW,A01,A01
procured_balancing_capacity,11,2026-03-01T01:45:00,PT15M,2026-03-01T02:00Z,2026-03-01T01:45Z,1,0,1,B95,EUR,A03,A01,11,MAW,MAW,A01,A01
procured_balancing_capacity,11,2026-03-01T02:00:00,PT15M,2026-03-01T02:15Z,2026-03-01T02:00Z,1,0,1,B95,EUR,A03,A01,11,MAW,MAW,A01,A01
procured_balancing_capacity,11,2026-03-01T02:15:00,PT15M,2026-03-01T02:30Z,2026-03-01T02:15Z,1,0,1,B95,EUR,A03,A01,11,MAW,MAW,A01,A01
procured_balancing_capacity,11,2026-03-01T02:30:00,PT15M,2026-03-01T02:45Z,2026-03-01T02:30Z,1,0,1,B95,EUR,A03,A01,11,MAW,MAW,A01,A01
procured_balancing_capacity,11,2026-03-01T02:45:00,PT15M,2026-03-01T03:00Z,2026-03-01T02:45Z,1,0,1,B95,EUR,A03,A01,11,MAW,MAW,A01,A01
procured_balancing_capacity,11,2026-03-01T03:00:00,PT15M,2026-03-01T03:15Z,2026-03-01T03:00Z,1,0,1,B95,EUR,A03,A01,11,MAW,MAW,A01,A01
procured_balancing_capacity,11,2026-03-01T03:15:00,PT15M,2026-03-01T03:30Z,2026-03-01T03:15Z,1,0,1,B95,EUR,A03,A01,11,MAW,MAW,A01,A01
procured_balancing_capacity,11,2026-03-01T03:30:00,PT15M,2026-03-01T03:45Z,2026-03-01T03:30Z,1,0,1,B95,EUR,A03,A01,11,MAW,MAW,A01,A01
procured_balancing_capacity,11,2026-03-01T03:45:00,PT15M,2026-03-01T04:00Z,2026-03-01T03:45Z,1,0,1,B95,EUR,A03,A01,11,MAW,MAW,A01,A01
procured_balancing_capacity,11,2026-03-01T04:00:00,PT15M,2026-03-01T04:15Z,2026-03-01T04:00Z,1,0,1,B95,EUR,A03,A01,11,MAW,MAW,A01,A01
procured_balancing_capacity,11,2026-03-01T04:15:00,PT15M,2026-03-01T04:30Z,2026-03-01T04:15Z,1,0,1,B95,EUR,A03,A01,11,MAW,MAW,A01,A01
procured_balancing_capacity,11,2026-03-01T04:30:00,PT15M,2026-03-01T04:45Z,2026-03-01T04:30Z,1,0,1,B95,EUR,A03,A01,11,MAW,MAW,A01,A01
procured_balancing_capacity,11,2026-03-01T04:45:00,PT15M,2026-03-01T05:00Z,2026-03-01T04:45Z,1,0,1,B95,EUR,A03,A01,11,MAW,MAW,A01,A01
procured_balancing_capacity,11,2026-03-01T05:00:00,PT15M,2026-03-01T05:15Z,2026-03-01T05:00Z,1,0,1,B95,EUR,A03,A01,11,MAW,MAW,A01,A01
procured_balancing_capacity,11,2026-03-01T05:15:00,PT15M,2026-03-01T05:30Z,2026-03-01T05:15Z,1,0,1,B95,EUR,A03,A01,11,MAW,MAW,A01,A01
procured_balancing_capacity,11,2026-03-01T05:30:00,PT15M,2026-03-01T05:45Z,2026-03-01T05:30Z,1,0,1,B95,EUR,A03,A01,11,MAW,MAW,A01,A01
procured_balancing_capacity,11,2026-03-01T05:45:00,PT15M,2026-03-01T06:00Z,2026-03-01T05:45Z,1,0,1,B95,EUR,A03,A01,11,MAW,MAW,A01,A01
procured_balancing_capacity,11,2026-03-01T06:00:00,PT15M,2026-03-01T06:15Z,2026-03-01T06:00Z,1,0,1,B95,EUR,A03,A01,11,MAW,MAW,A01,A01
procured_balancing_capacity,11,2026-03-01T06:15:00,PT15M,2026-03-01T06:30Z,2026-03-01T06:15Z,1,0,1,B95,EUR,A03,A01,11,MAW,MAW,A01,A01
procured_balancing_capacity,11,2026-03-01T06:30:00,PT15M,2026-03-01T06:45Z,2026-03-01T06:30Z,1,0,1,B95,EUR,A03,A01,11,MAW,MAW,A01,A01
procured_balancing_capacity,11,2026-03-01T06:45:00,PT15M,2026-03-01T07:00Z,2026-03-01T06:45Z,1,0,1,B95,EUR,A03,A01,11,MAW,MAW,A01,A01
procured_balancing_capacity,11,2026-03-01T07:00:00,PT15M,2026-03-01T07:15Z,2026-03-01T07:00Z,1,0,1,B95,EUR,A03,A01,11,MAW,MAW,A01,A01
procured_balancing_capacity,11,2026-03-01T07:15:00,PT15M,2026-03-01T07:30Z,2026-03-01T07:15Z,1,0,1,B95,EUR,A03,A01,11,MAW,MAW,A01,A01
procured_balancing_capacity,11,2026-03-01T07:30:00,PT15M,2026-03-01T07:45Z,2026-03-01T07:30Z,1,0,1,B95,EUR,A03,A01,11,MAW,MAW,A01,A01
procured_balancing_capacity,11,2026-03-01T07:45:00,PT15M,2026-03-01T08:00Z,2026-03-01T07:45Z,1,0,1,B95,EUR,A03,A01,11,MAW,MAW,A01,A01
procured_balancing_capacity,11,2026-03-01T08:00:00,PT15M,2026-03-01T08:15Z,2026-03-01T08:00Z,1,0,1,B95,EUR,A03,A01,11,MAW,MAW,A01,A01
procured_balancing_capacity,11,2026-03-01T08:15:00,PT15M,2026-03-01T08:30Z,2026-03-01T08:15Z,1,0,1,B95,EUR,A03,A01,11,MAW,MAW,A01,A01
procured_balancing_capacity,11,2026-03-01T08:30:00,PT15M,2026-03-01T08:45Z,2026-03-01T08:30Z,1,0,1,B95,EUR,A03,A01,11,MAW,MAW,A01,A01
procured_balancing_capacity,11,2026-03-01T08:45:00,PT15M,2026-03-01T09:00Z,2026-03-01T08:45Z,1,0,1,B95,EUR,A03,A01,11,MAW,MAW,A01,A01
procured_balancing_capacity,11,2026-03-01T09:00:00,PT15M,2026-03-01T09:15Z,2026-03-01T09:00Z,1,0,1,B95,EUR,A03,A01,11,MAW,MAW,A01,A01
procured_balancing_capacity,11,2026-03-01T09:15:00,PT15M,2026-03-01T09:30Z,2026-03-01T09:15Z,1,0,1,B95,EUR,A03,A01,11,MAW,MAW,A01,A01
procured_balancing_capacity,11,2026-03-01T09:30:00,PT15M,2026-03-01T09:45Z,2026-03-01T09:30Z,1,0,1,B95,EUR,A03,A01,11,MAW,MAW,A01,A01
procured_balancing_capacity,11,2026-03-01T09:45:00,PT15M,2026-03-01T10:00Z,2026-03-01T09:45Z,1,0,1,B95,EUR,A03,A01,11,MAW,MAW,A01,A01
procured_balancing_capacity,11,2026-03-01T10:00:00,PT15M,2026-03-01T10:15Z,2026-03-01T10:00Z,1,0,1,B95,EUR,A03,A01,11,MAW,MAW,A01,A01
procured_balancing_capacity,11,2026-03-01T10:15:00,PT15M,2026-03-01T10:30Z,2026-03-01T10:15Z,1,0,1,B95,EUR,A03,A01,11,MAW,MAW,A01,A01
procured_balancing_capacity,11,2026-03-01T10:30:00,PT15M,2026-03-01T10:45Z,2026-03-01T10:30Z,1,0,1,B95,EUR,A03,A01,11,MAW,MAW,A01,A01
procured_balancing_capacity,11,2026-03-01T10:45:00,PT15M,2026-03-01T11:00Z,2026-03-01T10:45Z,1,0,1,B95,EUR,A03,A01,11,MAW,MAW,A01,A01
procured_balancing_capacity,11,2026-03-01T11:00:00,PT15M,2026-03-01T11:15Z,2026-03-01T11:00Z,1,0,1,B95,EUR,A03,A01,11,MAW,MAW,A01,A01
procured_balancing_capacity,11,2026-03-01T11:15:00,PT15M,2026-03-01T11:30Z,2026-03-01T11:15Z,1,0,1,B95,EUR,A03,A01,11,MAW,MAW,A01,A01
procured_balancing_capacity,11,2026-03-01T11:30:00,PT15M,2026-03-01T11:45Z,2026-03-01T11:30Z,1,0,1,B95,EUR,A03,A01,11,MAW,MAW,A01,A01
procured_balancing_capacity,11,2026-03-01T11:45:00,PT15M,2026-03-01T12:00Z,2026-03-01T11:45Z,1,0,1,B95,EUR,A03,A01,11,MAW,MAW,A01,A01
procured_balancing_capacity,11,2026-03-01T12:00:00,PT15M,2026-03-01T12:15Z,2026-03-01T12:00Z,1,0,1,B95,EUR,A03,A01,11,MAW,MAW,A01,A01
procured_balancing_capacity,11,2026-03-01T12:15:00,PT15M,2026-03-01T12:30Z,2026-03-01T12:15Z,1,0,1,B95,EUR,A03,A01,11,MAW,MAW,A01,A01
procured_balancing_capacity,11,2026-03-01T12:30:00,PT15M,2026-03-01T12:45Z,2026-03-01T12:30Z,1,0,1,B95,EUR,A03,A01,11,MAW,MAW,A01,A01
procured_balancing_capacity,11,2026-03-01T12:45:00,PT15M,2026-03-01T13:00Z,2026-03-01T12:45Z,1,0,1,B95,EUR,A03,A01,11,MAW,MAW,A01,A01
procured_balancing_capacity,11,2026-03-01T13:00:00,PT15M,2026-03-01T13:15Z,2026-03-01T13:00Z,1,0,1,B95,EUR,A03,A01,11,MAW,MAW,A01,A01
procured_balancing_capacity,11,2026-03-01T13:15:00,PT15M,2026-03-01T13:30Z,2026-03-01T13:15Z,1,0,1,B95,EUR,A03,A01,11,MAW,MAW,A01,A01
procured_balancing_capacity,11,2026-03-01T13:30:00,PT15M,2026-03-01T13:45Z,2026-03-01T13:30Z,1,0,1,B95,EUR,A03,A01,11,MAW,MAW,A01,A01
procured_balancing_capacity,11,2026-03-01T13:45:00,PT15M,2026-03-01T14:00Z,2026-03-01T13:45Z,1,0,1,B95,EUR,A03,A01,11,MAW,MAW,A01,A01
procured_balancing_capacity,11,2026-03-01T14:00:00,PT15M,2026-03-01T14:15Z,2026-03-01T14:00Z,1,0,1,B95,EUR,A03,A01,11,MAW,MAW,A01,A01
procured_balancing_capacity,11,2026-03-01T14:15:00,PT15M,2026-03-01T14:30Z,2026-03-01T14:15Z,1,0,1,B95,EUR,A03,A01,11,MAW,MAW,A01,A01
procured_balancing_capacity,11,2026-03-01T14:30:00,PT15M,2026-03-01T14:45Z,2026-03-01T14:30Z,1,0,1,B95,EUR,A03,A01,11,MAW,MAW,A01,A01
procured_balancing_capacity,11,2026-03-01T14:45:00,PT15M,2026-03-01T15:00Z,2026-03-01T14:45Z,1,0,1,B95,EUR,A03,A01,11,MAW,MAW,A01,A01
procured_balancing_capacity,11,2026-03-01T15:00:00,PT15M,2026-03-01T15:15Z,2026-03-01T15:00Z,1,0,1,B95,EUR,A03,A01,11,MAW,MAW,A01,A01
procured_balancing_capacity,11,2026-03-01T15:15:00,PT15M,2026-03-01T15:30Z,2026-03-01T15:15Z,1,0,1,B95,EUR,A03,A01,11,MAW,MAW,A01,A01
procured_balancing_capacity,11,2026-03-01T15:30:00,PT15M,2026-03-01T15:45Z,2026-03-01T15:30Z,1,0,1,B95,EUR,A03,A01,11,MAW,MAW,A01,A01
procured_balancing_capacity,11,2026-03-01T15:45:00,PT15M,2026-03-01T16:00Z,2026-03-01T15:45Z,1,0,1,B95,EUR,A03,A01,11,MAW,MAW,A01,A01
procured_balancing_capacity,11,2026-03-01T16:00:00,PT15M,2026-03-01T16:15Z,2026-03-01T16:00Z,1,0,1,B95,EUR,A03,A01,11,MAW,MAW,A01,A01
procured_balancing_capacity,11,2026-03-01T16:15:00,PT15M,2026-03-01T16:30Z,2026-03-01T16:15Z,1,0,1,B95,EUR,A03,A01,11,MAW,MAW,A01,A01
procured_balancing_capacity,11,2026-03-01T16:30:00,PT15M,2026-03-01T16:45Z,2026-03-01T16:30Z,1,0,1,B95,EUR,A03,A01,11,MAW,MAW,A01,A01
procured_balancing_capacity,11,2026-03-01T16:45:00,PT15M,2026-03-01T17:00Z,2026-03-01T16:45Z,1,0,1,B95,EUR,A03,A01,11,MAW,MAW,A01,A01
procured_balancing_capacity,11,2026-03-01T17:00:00,PT15M,2026-03-01T17:15Z,2026-03-01T17:00Z,1,0,1,B95,EUR,A03,A01,11,MAW,MAW,A01,A01
procured_balancing_capacity,11,2026-03-01T17:15:00,PT15M,2026-03-01T17:30Z,2026-03-01T17:15Z,1,0,1,B95,EUR,A03,A01,11,MAW,MAW,A01,A01
procured_balancing_capacity,11,2026-03-01T17:30:00,PT15M,2026-03-01T17:45Z,2026-03-01T17:30Z,1,0,1,B95,EUR,A03,A01,11,MAW,MAW,A01,A01
procured_balancing_capacity,11,2026-03-01T17:45:00,PT15M,2026-03-01T18:00Z,2026-03-01T17:45Z,1,0,1,B95,EUR,A03,A01,11,MAW,MAW,A01,A01
procured_balancing_capacity,11,2026-03-01T18:00:00,PT15M,2026-03-01T18:15Z,2026-03-01T18:00Z,1,0,1,B95,EUR,A03,A01,11,MAW,MAW,A01,A01
procured_balancing_capacity,11,2026-03-01T18:15:00,PT15M,2026-03-01T18:30Z,2026-03-01T18:15Z,1,0,1,B95,EUR,A03,A01,11,MAW,MAW,A01,A01
procured_balancing_capacity,11,2026-03-01T18:30:00,PT15M,2026-03-01T18:45Z,2026-03-01T18:30Z,1,0,1,B95,EUR,A03,A01,11,MAW,MAW,A01,A01
procured_balancing_capacity,11,2026-03-01T18:45:00,PT15M,2026-03-01T19:00Z,2026-03-01T18:45Z,1,0,1,B95,EUR,A03,A01,11,MAW,MAW,A01,A01
procured_balancing_capacity,11,2026-03-01T19:00:00,PT15M,2026-03-01T19:15Z,2026-03-01T19:00Z,1,0,1,B95,EUR,A03,A01,11,MAW,MAW,A01,A01
procured_balancing_capacity,11,2026-03-01T19:15:00,PT15M,2026-03-01T19:30Z,2026-03-01T19:15Z,1,0,1,B95,EUR,A03,A01,11,MAW,MAW,A01,A01
procured_balancing_capacity,11,2026-03-01T19:30:00,PT15M,2026-03-01T19:45Z,2026-03-01T19:30Z,1,0,1,B95,EUR,A03,A01,11,MAW,MAW,A01,A01
procured_balancing_capacity,11,2026-03-01T19:45:00,PT15M,2026-03-01T20:00Z,2026-03-01T19:45Z,1,0,1,B95,EUR,A03,A01,11,MAW,MAW,A01,A01
procured_balancing_capacity,11,2026-03-01T20:00:00,PT15M,2026-03-01T20:15Z,2026-03-01T20:00Z,1,0,1,B95,EUR,A03,A01,11,MAW,MAW,A01,A01
procured_balancing_capacity,11,2026-03-01T20:15:00,PT15M,2026-03-01T20:30Z,2026-03-01T20:15Z,1,0,1,B95,EUR,A03,A01,11,MAW,MAW,A01,A01
procured_balancing_capacity,11,2026-03-01T20:30:00,PT15M,2026-03-01T20:45Z,2026-03-01T20:30Z,1,0,1,B95,EUR,A03,A01,11,MAW,MAW,A01,A01
procured_balancing_capacity,11,2026-03-01T20:45:00,PT15M,2026-03-01T21:00Z,2026-03-01T20:45Z,1,0,1,B95,EUR,A03,A01,11,MAW,MAW,A01,A01
procured_balancing_capacity,11,2026-03-01T21:00:00,PT15M,2026-03-01T21:15Z,2026-03-01T21:00Z,1,0,1,B95,EUR,A03,A01,11,MAW,MAW,A01,A01
procured_balancing_capacity,11,2026-03-01T21:15:00,PT15M,2026-03-01T21:30Z,2026-03-01T21:15Z,1,0,1,B95,EUR,A03,A01,11,MAW,MAW,A01,A01
procured_balancing_capacity,11,2026-03-01T21:30:00,PT15M,2026-03-01T21:45Z,2026-03-01T21:30Z,1,0,1,B95,EUR,A03,A01,11,MAW,MAW,A01,A01
procured_balancing_capacity,11,2026-03-01T21:45:00,PT15M,2026-03-01T22:00Z,2026-03-01T21:45Z,1,0,1,B95,EUR,A03,A01,11,MAW,MAW,A01,A01
procured_balancing_capacity,11,2026-03-01T22:00:00,PT15M,2026-03-01T22:15Z,2026-03-01T22:00Z,1,0,1,B95,EUR,A03,A01,11,MAW,MAW,A01,A01
procured_balancing_capacity,11,2026-03-01T22:15:00,PT15M,2026-03-01T22:30Z,2026-03-01T22:15Z,1,0,1,B95,EUR,A03,A01,11,MAW,MAW,A01,A01
procured_balancing_capacity,11,2026-03-01T22:30:00,PT15M,2026-03-01T22:45Z,2026-03-01T22:30Z,1,0,1,B95,EUR,A03,A01,11,MAW,MAW,A01,A01
procured_balancing_capacity,11,2026-03-01T22:45:00,PT15M,2026-03-01T23:00Z,2026-03-01T22:45Z,1,0,1,B95,EUR,A03,A01,11,MAW,MAW,A01,A01
procured_balancing_capacity,12,2026-03-01T23:00:00,PT15M,2026-03-01T23:15Z,2026-03-01T23:00Z,1,29.4,6,B95,EUR,A03,A01,12,MAW,MAW,A01,A01
procured_balancing_capacity,12,2026-03-01T23:15:00,PT15M,2026-03-01T23:30Z,2026-03-01T23:15Z,1,29.4,6,B95,EUR,A03,A01,12,MAW,MAW,A01,A01
procured_balancing_capacity,12,2026-03-01T23:30:00,PT15M,2026-03-01T23:45Z,2026-03-01T23:30Z,1,29.4,6,B95,EUR,A03,A01,12,MAW,MAW,A01,A01
procured_balancing_capacity,12,2026-03-01T23:45:00,PT15M,2026-03-02T00:00Z,2026-03-01T23:45Z,1,29.4,6,B95,EUR,A03,A01,12,MAW,MAW,A01,A01
procured_balancing_capacity,12,2026-03-02T00:00:00,PT15M,2026-03-02T00:15Z,2026-03-02T00:00Z,1,29.4,6,B95,EUR,A03,A01,12,MAW,MAW,A01,A01
procured_balancing_capacity,12,2026-03-02T00:15:00,PT15M,2026-03-02T00:30Z,2026-03-02T00:15Z,1,29.4,6,B95,EUR,A03,A01,12,MAW,MAW,A01,A01
procured_balancing_capacity,12,2026-03-02T00:30:00,PT15M,2026-03-02T00:45Z,2026-03-02T00:30Z,1,29.4,6,B95,EUR,A03,A01,12,MAW,MAW,A01,A01
procured_balancing_capacity,12,2026-03-02T00:45:00,PT15M,2026-03-02T01:00Z,2026-03-02T00:45Z,1,29.4,6,B95,EUR,A03,A01,12,MAW,MAW,A01,A01
procured_balancing_capacity,12,2026-03-02T01:00:00,PT15M,2026-03-02T01:15Z,2026-03-02T01:00Z,1,29.4,6,B95,EUR,A03,A01,12,MAW,MAW,A01,A01
procured_balancing_capacity,12,2026-03-02T01:15:00,PT15M,2026-03-02T01:30Z,2026-03-02T01:15Z,1,29.4,6,B95,EUR,A03,A01,12,MAW,MAW,A01,A01
procured_balancing_capacity,12,2026-03-02T01:30:00,PT15M,2026-03-02T01:45Z,2026-03-02T01:30Z,1,29.4,6,B95,EUR,A03,A01,12,MAW,MAW,A01,A01
procured_balancing_capacity,12,2026-03-02T01:45:00,PT15M,2026-03-02T02:00Z,2026-03-02T01:45Z,1,29.4,6,B95,EUR,A03,A01,12,MAW,MAW,A01,A01
procured_balancing_capacity,12,2026-03-02T02:00:00,PT15M,2026-03-02T02:15Z,2026-03-02T02:00Z,1,29.4,6,B95,EUR,A03,A01,12,MAW,MAW,A01,A01
procured_balancing_capacity,12,2026-03-02T02:15:00,PT15M,2026-03-02T02:30Z,2026-03-02T02:15Z,1,29.4,6,B95,EUR,A03,A01,12,MAW,MAW,A01,A01
procured_balancing_capacity,12,2026-03-02T02:30:00,PT15M,2026-03-02T02:45Z,2026-03-02T02:30Z,1,29.4,6,B95,EUR,A03,A01,12,MAW,MAW,A01,A01
procured_balancing_capacity,12,2026-03-02T02:45:00,PT15M,2026-03-02T03:00Z,2026-03-02T02:45Z,1,29.4,6,B95,EUR,A03,A01,12,MAW,MAW,A01,A01
procured_balancing_capacity,12,2026-03-02T03:00:00,PT15M,2026-03-02T03:15Z,2026-03-02T03:00Z,1,29.4,6,B95,EUR,A03,A01,12,MAW,MAW,A01,A01
procured_balancing_capacity,12,2026-03-02T03:15:00,PT15M,2026-03-02T03:30Z,2026-03-02T03:15Z,1,29.4,6,B95,EUR,A03,A01,12,MAW,MAW,A01,A01
procured_balancing_capacity,12,2026-03-02T03:30:00,PT15M,2026-03-02T03:45Z,2026-03-02T03:30Z,1,29.4,6,B95,EUR,A03,A01,12,MAW,MAW,A01,A01
procured_balancing_capacity,12,2026-03-02T03:45:00,PT15M,2026-03-02T04:00Z,2026-03-02T03:45Z,1,29.4,6,B95,EUR,A03,A01,12,MAW,MAW,A01,A01
procured_balancing_capacity,12,2026-03-02T04:00:00,PT15M,2026-03-02T04:15Z,2026-03-02T04:00Z,1,29.4,6,B95,EUR,A03,A01,12,MAW,MAW,A01,A01
procured_balancing_capacity,12,2026-03-02T04:15:00,PT15M,2026-03-02T04:30Z,2026-03-02T04:15Z,1,29.4,6,B95,EUR,A03,A01,12,MAW,MAW,A01,A01
procured_balancing_capacity,12,2026-03-02T04:30:00,PT15M,2026-03-02T04:45Z,2026-03-02T04:30Z,1,29.4,6,B95,EUR,A03,A01,12,MAW,MAW,A01,A01
procured_balancing_capacity,12,2026-03-02T04:45:00,PT15M,2026-03-02T05:00Z,2026-03-02T04:45Z,1,29.4,6,B95,EUR,A03,A01,12,MAW,MAW,A01,A01
procured_balancing_capacity,12,2026-03-02T05:00:00,PT15M,2026-03-02T05:15Z,2026-03-02T05:00Z,1,32.4,6,B95,EUR,A03,A01,12,MAW,MAW,A01,A01
procured_balancing_capacity,12,2026-03-02T05:15:00,PT15M,2026-03-02T05:30Z,2026-03-02T05:15Z,1,32.4,6,B95,EUR,A03,A01,12,MAW,MAW,A01,A01
procured_balancing_capacity,12,2026-03-02T05:30:00,PT15M,2026-03-02T05:45Z,2026-03-02T05:30Z,1,32.4,6,B95,EUR,A03,A01,12,MAW,MAW,A01,A01
procured_balancing_capacity,12,2026-03-02T05:45:00,PT15M,2026-03-02T06:00Z,2026-03-02T05:45Z,1,32.4,6,B95,EUR,A03,A01,12,MAW,MAW,A01,A01
procured_balancing_capacity,12,2026-03-02T06:00:00,PT15M,2026-03-02T06:15Z,2026-03-02T06:00Z,1,32.4,6,B95,EUR,A03,A01,12,MAW,MAW,A01,A01
procured_balancing_capacity,12,2026-03-02T06:15:00,PT15M,2026-03-02T06:30Z,2026-03-02T06:15Z,1,32.4,6,B95,EUR,A03,A01,12,MAW,MAW,A01,A01
procured_balancing_capacity,12,2026-03-02T06:30:00,PT15M,2026-03-02T06:45Z,2026-03-02T06:30Z,1,32.4,6,B95,EUR,A03,A01,12,MAW,MAW,A01,A01
procured_balancing_capacity,12,2026-03-02T06:45:00,PT15M,2026-03-02T07:00Z,2026-03-02T06:45Z,1,32.4,6,B95,EUR,A03,A01,12,MAW,MAW,A01,A01
procured_balancing_capacity,12,2026-03-02T07:00:00,PT15M,2026-03-02T07:15Z,2026-03-02T07:00Z,1,32.4,6,B95,EUR,A03,A01,12,MAW,MAW,A01,A01
procured_balancing_capacity,12,2026-03-02T07:15:00,PT15M,2026-03-02T07:30Z,2026-03-02T07:15Z,1,32.4,6,B95,EUR,A03,A01,12,MAW,MAW,A01,A01
procured_balancing_capacity,12,2026-03-02T07:30:00,PT15M,2026-03-02T07:45Z,2026-03-02T07:30Z,1,32.4,6,B95,EUR,A03,A01,12,MAW,MAW,A01,A01
procured_balancing_capacity,12,2026-03-02T07:45:00,PT15M,2026-03-02T08:00Z,2026-03-02T07:45Z,1,32.4,6,B95,EUR,A03,A01,12,MAW,MAW,A01,A01
procured_balancing_capacity,12,2026-03-02T08:00:00,PT15M,2026-03-02T08:15Z,2026-03-02T08:00Z,1,32.4,6,B95,EUR,A03,A01,12,MAW,MAW,A01,A01
procured_balancing_capacity,12,2026-03-02T08:15:00,PT15M,2026-03-02T08:30Z,2026-03-02T08:15Z,1,32.4,6,B95,EUR,A03,A01,12,MAW,MAW,A01,A01
procured_balancing_capacity,12,2026-03-02T08:30:00,PT15M,2026-03-02T08:45Z,2026-03-02T08:30Z,1,32.4,6,B95,EUR,A03,A01,12,MAW,MAW,A01,A01
procured_balancing_capacity,12,2026-03-02T08:45:00,PT15M,2026-03-02T09:00Z,2026-03-02T08:45Z,1,32.4,6,B95,EUR,A03,A01,12,MAW,MAW,A01,A01
procured_balancing_capacity,12,2026-03-02T09:00:00,PT15M,2026-03-02T09:15Z,2026-03-02T09:00Z,1,32.4,6,B95,EUR,A03,A01,12,MAW,MAW,A01,A01
procured_balancing_capacity,12,2026-03-02T09:15:00,PT15M,2026-03-02T09:30Z,2026-03-02T09:15Z,1,32.4,6,B95,EUR,A03,A01,12,MAW,MAW,A01,A01
procured_balancing_capacity,12,2026-03-02T09:30:00,PT15M,2026-03-02T09:45Z,2026-03-02T09:30Z,1,32.4,6,B95,EUR,A03,A01,12,MAW,MAW,A01,A01
procured_balancing_capacity,12,2026-03-02T09:45:00,PT15M,2026-03-02T10:00Z,2026-03-02T09:45Z,1,32.4,6,B95,EUR,A03,A01,12,MAW,MAW,A01,A01
procured_balancing_capacity,12,2026-03-02T10:00:00,PT15M,2026-03-02T10:15Z,2026-03-02T10:00Z,1,32.4,6,B95,EUR,A03,A01,12,MAW,MAW,A01,A01
procured_balancing_capacity,12,2026-03-02T10:15:00,PT15M,2026-03-02T10:30Z,2026-03-02T10:15Z,1,32.4,6,B95,EUR,A03,A01,12,MAW,MAW,A01,A01
procured_balancing_capacity,12,2026-03-02T10:30:00,PT15M,2026-03-02T10:45Z,2026-03-02T10:30Z,1,32.4,6,B95,EUR,A03,A01,12,MAW,MAW,A01,A01
procured_balancing_capacity,12,2026-03-02T10:45:00,PT15M,2026-03-02T11:00Z,2026-03-02T10:45Z,1,32.4,6,B95,EUR,A03,A01,12,MAW,MAW,A01,A01
procured_balancing_capacity,12,2026-03-02T11:00:00,PT15M,2026-03-02T11:15Z,2026-03-02T11:00Z,1,32.4,6,B95,EUR,A03,A01,12,MAW,MAW,A01,A01
procured_balancing_capacity,12,2026-03-02T11:15:00,PT15M,2026-03-02T11:30Z,2026-03-02T11:15Z,1,32.4,6,B95,EUR,A03,A01,12,MAW,MAW,A01,A01
procured_balancing_capacity,12,2026-03-02T11:30:00,PT15M,2026-03-02T11:45Z,2026-03-02T11:30Z,1,32.4,6,B95,EUR,A03,A01,12,MAW,MAW,A01,A01
procured_balancing_capacity,12,2026-03-02T11:45:00,PT15M,2026-03-02T12:00Z,2026-03-02T11:45Z,1,32.4,6,B95,EUR,A03,A01,12,MAW,MAW,A01,A01
procured_balancing_capacity,12,2026-03-02T12:00:00,PT15M,2026-03-02T12:15Z,2026-03-02T12:00Z,1,32.4,6,B95,EUR,A03,A01,12,MAW,MAW,A01,A01
procured_balancing_capacity,12,2026-03-02T12:15:00,PT15M,2026-03-02T12:30Z,2026-03-02T12:15Z,1,32.4,6,B95,EUR,A03,A01,12,MAW,MAW,A01,A01
procured_balancing_capacity,12,2026-03-02T12:30:00,PT15M,2026-03-02T12:45Z,2026-03-02T12:30Z,1,32.4,6,B95,EUR,A03,A01,12,MAW,MAW,A01,A01
procured_balancing_capacity,12,2026-03-02T12:45:00,PT15M,2026-03-02T13:00Z,2026-03-02T12:45Z,1,32.4,6,B95,EUR,A03,A01,12,MAW,MAW,A01,A01
procured_balancing_capacity,12,2026-03-02T13:00:00,PT15M,2026-03-02T13:15Z,2026-03-02T13:00Z,1,32.4,6,B95,EUR,A03,A01,12,MAW,MAW,A01,A01
procured_balancing_capacity,12,2026-03-02T13:15:00,PT15M,2026-03-02T13:30Z,2026-03-02T13:15Z,1,32.4,6,B95,EUR,A03,A01,12,MAW,MAW,A01,A01
procured_balancing_capacity,12,2026-03-02T13:30:00,PT15M,2026-03-02T13:45Z,2026-03-02T13:30Z,1,32.4,6,B95,EUR,A03,A01,12,MAW,MAW,A01,A01
procured_balancing_capacity,12,2026-03-02T13:45:00,PT15M,2026-03-02T14:00Z,2026-03-02T13:45Z,1,32.4,6,B95,EUR,A03,A01,12,MAW,MAW,A01,A01
procured_balancing_capacity,12,2026-03-02T14:00:00,PT15M,2026-03-02T14:15Z,2026-03-02T14:00Z,1,32.4,6,B95,EUR,A03,A01,12,MAW,MAW,A01,A01
procured_balancing_capacity,12,2026-03-02T14:15:00,PT15M,2026-03-02T14:30Z,2026-03-02T14:15Z,1,32.4,6,B95,EUR,A03,A01,12,MAW,MAW,A01,A01
procured_balancing_capacity,12,2026-03-02T14:30:00,PT15M,2026-03-02T14:45Z,2026-03-02T14:30Z,1,32.4,6,B95,EUR,A03,A01,12,MAW,MAW,A01,A01
procured_balancing_capacity,12,2026-03-02T14:45:00,PT15M,2026-03-02T15:00Z,2026-03-02T14:45Z,1,32.4,6,B95,EUR,A03,A01,12,MAW,MAW,A01,A01
procured_balancing_capacity,12,2026-03-02T15:00:00,PT15M,2026-03-02T15:15Z,2026-03-02T15:00Z,1,32.4,6,B95,EUR,A03,A01,12,MAW,MAW,A01,A01
procured_balancing_capacity,12,2026-03-02T15:15:00,PT15M,2026-03-02T15:30Z,2026-03-02T15:15Z,1,32.4,6,B95,EUR,A03,A01,12,MAW,MAW,A01,A01
procured_balancing_capacity,12,2026-03-02T15:30:00,PT15M,2026-03-02T15:45Z,2026-03-02T15:30Z,1,32.4,6,B95,EUR,A03,A01,12,MAW,MAW,A01,A01
procured_balancing_capacity,12,2026-03-02T15:45:00,PT15M,2026-03-02T16:00Z,2026-03-02T15:45Z,1,32.4,6,B95,EUR,A03,A01,12,MAW,MAW,A01,A01
procured_balancing_capacity,12,2026-03-02T16:00:00,PT15M,2026-03-02T16:15Z,2026-03-02T16:00Z,1,32.4,6,B95,EUR,A03,A01,12,MAW,MAW,A01,A01
procured_balancing_capacity,12,2026-03-02T16:15:00,PT15M,2026-03-02T16:30Z,2026-03-02T16:15Z,1,32.4,6,B95,EUR,A03,A01,12,MAW,MAW,A01,A01
procured_balancing_capacity,12,2026-03-02T16:30:00,PT15M,2026-03-02T16:45Z,2026-03-02T16:30Z,1,32.4,6,B95,EUR,A03,A01,12,MAW,MAW,A01,A01
procured_balancing_capacity,12,2026-03-02T16:45:00,PT15M,2026-03-02T17:00Z,2026-03-02T16:45Z,1,32.4,6,B95,EUR,A03,A01,12,MAW,MAW,A01,A01
procured_balancing_capacity,12,2026-03-02T17:00:00,PT15M,2026-03-02T17:15Z,2026-03-02T17:00Z,1,32.4,6,B95,EUR,A03,A01,12,MAW,MAW,A01,A01
procured_balancing_capacity,12,2026-03-02T17:15:00,PT15M,2026-03-02T17:30Z,2026-03-02T17:15Z,1,32.4,6,B95,EUR,A03,A01,12,MAW,MAW,A01,A01
procured_balancing_capacity,12,2026-03-02T17:30:00,PT15M,2026-03-02T17:45Z,2026-03-02T17:30Z,1,32.4,6,B95,EUR,A03,A01,12,MAW,MAW,A01,A01
procured_balancing_capacity,12,2026-03-02T17:45:00,PT15M,2026-03-02T18:00Z,2026-03-02T17:45Z,1,32.4,6,B95,EUR,A03,A01,12,MAW,MAW,A01,A01
procured_balancing_capacity,12,2026-03-02T18:00:00,PT15M,2026-03-02T18:15Z,2026-03-02T18:00Z,1,32.4,6,B95,EUR,A03,A01,12,MAW,MAW,A01,A01
procured_balancing_capacity,12,2026-03-02T18:15:00,PT15M,2026-03-02T18:30Z,2026-03-02T18:15Z,1,32.4,6,B95,EUR,A03,A01,12,MAW,MAW,A01,A01
procured_balancing_capacity,12,2026-03-02T18:30:00,PT15M,2026-03-02T18:45Z,2026-03-02T18:30Z,1,32.4,6,B95,EUR,A03,A01,12,MAW,MAW,A01,A01
procured_balancing_capacity,12,2026-03-02T18:45:00,PT15M,2026-03-02T19:00Z,2026-03-02T18:45Z,1,32.4,6,B95,EUR,A03,A01,12,MAW,MAW,A01,A01
procured_balancing_capacity,12,2026-03-02T19:00:00,PT15M,2026-03-02T19:15Z,2026-03-02T19:00Z,1,32.4,6,B95,EUR,A03,A01,12,MAW,MAW,A01,A01
procured_balancing_capacity,12,2026-03-02T19:15:00,PT15M,2026-03-02T19:30Z,2026-03-02T19:15Z,1,32.4,6,B95,EUR,A03,A01,12,MAW,MAW,A01,A01
procured_balancing_capacity,12,2026-03-02T19:30:00,PT15M,2026-03-02T19:45Z,2026-03-02T19:30Z,1,32.4,6,B95,EUR,A03,A01,12,MAW,MAW,A01,A01
procured_balancing_capacity,12,2026-03-02T19:45:00,PT15M,2026-03-02T20:00Z,2026-03-02T19:45Z,1,32.4,6,B95,EUR,A03,A01,12,MAW,MAW,A01,A01
procured_balancing_capacity,12,2026-03-02T20:00:00,PT15M,2026-03-02T20:15Z,2026-03-02T20:00Z,1,32.4,6,B95,EUR,A03,A01,12,MAW,MAW,A01,A01
procured_balancing_capacity,12,2026-03-02T20:15:00,PT15M,2026-03-02T20:30Z,2026-03-02T20:15Z,1,32.4,6,B95,EUR,A03,A01,12,MAW,MAW,A01,A01
procured_balancing_capacity,12,2026-03-02T20:30:00,PT15M,2026-03-02T20:45Z,2026-03-02T20:30Z,1,32.4,6,B95,EUR,A03,A01,12,MAW,MAW,A01,A01
procured_balancing_capacity,12,2026-03-02T20:45:00,PT15M,2026-03-02T21:00Z,2026-03-02T20:45Z,1,32.4,6,B95,EUR,A03,A01,12,MAW,MAW,A01,A01
procured_balancing_capacity,12,2026-03-02T21:00:00,PT15M,2026-03-02T21:15Z,2026-03-02T21:00Z,1,29.4,6,B95,EUR,A03,A01,12,MAW,MAW,A01,A01
procured_balancing_capacity,12,2026-03-02T21:15:00,PT15M,2026-03-02T21:30Z,2026-03-02T21:15Z,1,29.4,6,B95,EUR,A03,A01,12,MAW,MAW,A01,A01
procured_balancing_capacity,12,2026-03-02T21:30:00,PT15M,2026-03-02T21:45Z,2026-03-02T21:30Z,1,29.4,6,B95,EUR,A03,A01,12,MAW,MAW,A01,A01
procured_balancing_capacity,12,2026-03-02T21:45:00,PT15M,2026-03-02T22:00Z,2026-03-02T21:45Z,1,29.4,6,B95,EUR,A03,A01,12,MAW,MAW,A01,A01
procured_balancing_capacity,12,2026-03-02T22:00:00,PT15M,2026-03-02T22:15Z,2026-03-02T22:00Z,1,29.4,6,B95,EUR,A03,A01,12,MAW,MAW,A01,A01
procured_balancing_capacity,12,2026-03-02T22:15:00,PT15M,2026-03-02T22:30Z,2026-03-02T22:15Z,1,29.4,6,B95,EUR,A03,A01,12,MAW,MAW,A01,A01
procured_balancing_capacity,12,2026-03-02T22:30:00,PT15M,2026-03-02T22:45Z,2026-03-02T22:30Z,1,29.4,6,B95,EUR,A03,A01,12,MAW,MAW,A01,A01
procured_balancing_capacity,12,2026-03-02T22:45:00,PT15M,2026-03-02T23:00Z,2026-03-02T22:45Z,1,29.4,6,B95,EUR,A03,A01,12,MAW,MAW,A01,A01
procured_balancing_capacity,13,2026-03-01T23:00:00,PT15M,2026-03-01T23:15Z,2026-03-01T23:00Z,1,9.8,2,B95,EUR,A03,A02,13,MAW,MAW,A01,A01
procured_balancing_capacity,13,2026-03-01T23:15:00,PT15M,2026-03-01T23:30Z,2026-03-01T23:15Z,1,9.8,2,B95,EUR,A03,A02,13,MAW,MAW,A01,A01
procured_balancing_capacity,13,2026-03-01T23:30:00,PT15M,2026-03-01T23:45Z,2026-03-01T23:30Z,1,9.8,2,B95,EUR,A03,A02,13,MAW,MAW,A01,A01
procured_balancing_capacity,13,2026-03-01T23:45:00,PT15M,2026-03-02T00:00Z,2026-03-01T23:45Z,1,9.8,2,B95,EUR,A03,A02,13,MAW,MAW,A01,A01
procured_balancing_capacity,13,2026-03-02T00:00:00,PT15M,2026-03-02T00:15Z,2026-03-02T00:00Z,1,9.8,2,B95,EUR,A03,A02,13,MAW,MAW,A01,A01
procured_balancing_capacity,13,2026-03-02T00:15:00,PT15M,2026-03-02T00:30Z,2026-03-02T00:15Z,1,9.8,2,B95,EUR,A03,A02,13,MAW,MAW,A01,A01
procured_balancing_capacity,13,2026-03-02T00:30:00,PT15M,2026-03-02T00:45Z,2026-03-02T00:30Z,1,9.8,2,B95,EUR,A03,A02,13,MAW,MAW,A01,A01
procured_balancing_capacity,13,2026-03-02T00:45:00,PT15M,2026-03-02T01:00Z,2026-03-02T00:45Z,1,9.8,2,B95,EUR,A03,A02,13,MAW,MAW,A01,A01
procured_balancing_capacity,13,2026-03-02T01:00:00,PT15M,2026-03-02T01:15Z,2026-03-02T01:00Z,1,9.8,2,B95,EUR,A03,A02,13,MAW,MAW,A01,A01
procured_balancing_capacity,13,2026-03-02T01:15:00,PT15M,2026-03-02T01:30Z,2026-03-02T01:15Z,1,9.8,2,B95,EUR,A03,A02,13,MAW,MAW,A01,A01
procured_balancing_capacity,13,2026-03-02T01:30:00,PT15M,2026-03-02T01:45Z,2026-03-02T01:30Z,1,9.8,2,B95,EUR,A03,A02,13,MAW,MAW,A01,A01
procured_balancing_capacity,13,2026-03-02T01:45:00,PT15M,2026-03-02T02:00Z,2026-03-02T01:45Z,1,9.8,2,B95,EUR,A03,A02,13,MAW,MAW,A01,A01
procured_balancing_capacity,13,2026-03-02T02:00:00,PT15M,2026-03-02T02:15Z,2026-03-02T02:00Z,1,9.8,2,B95,EUR,A03,A02,13,MAW,MAW,A01,A01
procured_balancing_capacity,13,2026-03-02T02:15:00,PT15M,2026-03-02T02:30Z,2026-03-02T02:15Z,1,9.8,2,B95,EUR,A03,A02,13,MAW,MAW,A01,A01
procured_balancing_capacity,13,2026-03-02T02:30:00,PT15M,2026-03-02T02:45Z,2026-03-02T02:30Z,1,9.8,2,B95,EUR,A03,A02,13,MAW,MAW,A01,A01
procured_balancing_capacity,13,2026-03-02T02:45:00,PT15M,2026-03-02T03:00Z,2026-03-02T02:45Z,1,9.8,2,B95,EUR,A03,A02,13,MAW,MAW,A01,A01
procured_balancing_capacity,13,2026-03-02T03:00:00,PT15M,2026-03-02T03:15Z,2026-03-02T03:00Z,1,9.8,2,B95,EUR,A03,A02,13,MAW,MAW,A01,A01
procured_balancing_capacity,13,2026-03-02T03:15:00,PT15M,2026-03-02T03:30Z,2026-03-02T03:15Z,1,9.8,2,B95,EUR,A03,A02,13,MAW,MAW,A01,A01
procured_balancing_capacity,13,2026-03-02T03:30:00,PT15M,2026-03-02T03:45Z,2026-03-02T03:30Z,1,9.8,2,B95,EUR,A03,A02,13,MAW,MAW,A01,A01
procured_balancing_capacity,13,2026-03-02T03:45:00,PT15M,2026-03-02T04:00Z,2026-03-02T03:45Z,1,9.8,2,B95,EUR,A03,A02,13,MAW,MAW,A01,A01
procured_balancing_capacity,13,2026-03-02T04:00:00,PT15M,2026-03-02T04:15Z,2026-03-02T04:00Z,1,9.8,9,B95,EUR,A03,A02,13,MAW,MAW,A01,A01
procured_balancing_capacity,13,2026-03-02T04:15:00,PT15M,2026-03-02T04:30Z,2026-03-02T04:15Z,1,9.8,9,B95,EUR,A03,A02,13,MAW,MAW,A01,A01
procured_balancing_capacity,13,2026-03-02T04:30:00,PT15M,2026-03-02T04:45Z,2026-03-02T04:30Z,1,9.8,9,B95,EUR,A03,A02,13,MAW,MAW,A01,A01
procured_balancing_capacity,13,2026-03-02T04:45:00,PT15M,2026-03-02T05:00Z,2026-03-02T04:45Z,1,9.8,9,B95,EUR,A03,A02,13,MAW,MAW,A01,A01
procured_balancing_capacity,13,2026-03-02T05:00:00,PT15M,2026-03-02T05:15Z,2026-03-02T05:00Z,1,9.8,10,B95,EUR,A03,A02,13,MAW,MAW,A01,A01
procured_balancing_capacity,13,2026-03-02T05:15:00,PT15M,2026-03-02T05:30Z,2026-03-02T05:15Z,1,9.8,10,B95,EUR,A03,A02,13,MAW,MAW,A01,A01
procured_balancing_capacity,13,2026-03-02T05:30:00,PT15M,2026-03-02T05:45Z,2026-03-02T05:30Z,1,9.8,10,B95,EUR,A03,A02,13,MAW,MAW,A01,A01
procured_balancing_capacity,13,2026-03-02T05:45:00,PT15M,2026-03-02T06:00Z,2026-03-02T05:45Z,1,9.8,10,B95,EUR,A03,A02,13,MAW,MAW,A01,A01
procured_balancing_capacity,13,2026-03-02T06:00:00,PT15M,2026-03-02T06:15Z,2026-03-02T06:00Z,1,10.2,10,B95,EUR,A03,A02,13,MAW,MAW,A01,A01
procured_balancing_capacity,13,2026-03-02T06:15:00,PT15M,2026-03-02T06:30Z,2026-03-02T06:15Z,1,10.2,10,B95,EUR,A03,A02,13,MAW,MAW,A01,A01
procured_balancing_capacity,13,2026-03-02T06:30:00,PT15M,2026-03-02T06:45Z,2026-03-02T06:30Z,1,10.2,10,B95,EUR,A03,A02,13,MAW,MAW,A01,A01
procured_balancing_capacity,13,2026-03-02T06:45:00,PT15M,2026-03-02T07:00Z,2026-03-02T06:45Z,1,10.2,10,B95,EUR,A03,A02,13,MAW,MAW,A01,A01
procured_balancing_capacity,13,2026-03-02T07:00:00,PT15M,2026-03-02T07:15Z,2026-03-02T07:00Z,1,10.2,9,B95,EUR,A03,A02,13,MAW,MAW,A01,A01
procured_balancing_capacity,13,2026-03-02T07:15:00,PT15M,2026-03-02T07:30Z,2026-03-02T07:15Z,1,10.2,9,B95,EUR,A03,A02,13,MAW,MAW,A01,A01
procured_balancing_capacity,13,2026-03-02T07:30:00,PT15M,2026-03-02T07:45Z,2026-03-02T07:30Z,1,10.2,9,B95,EUR,A03,A02,13,MAW,MAW,A01,A01
procured_balancing_capacity,13,2026-03-02T07:45:00,PT15M,2026-03-02T08:00Z,2026-03-02T07:45Z,1,10.2,9,B95,EUR,A03,A02,13,MAW,MAW,A01,A01
procured_balancing_capacity,13,2026-03-02T08:00:00,PT15M,2026-03-02T08:15Z,2026-03-02T08:00Z,1,10.2,4,B95,EUR,A03,A02,13,MAW,MAW,A01,A01
procured_balancing_capacity,13,2026-03-02T08:15:00,PT15M,2026-03-02T08:30Z,2026-03-02T08:15Z,1,10.2,4,B95,EUR,A03,A02,13,MAW,MAW,A01,A01
procured_balancing_capacity,13,2026-03-02T08:30:00,PT15M,2026-03-02T08:45Z,2026-03-02T08:30Z,1,10.2,4,B95,EUR,A03,A02,13,MAW,MAW,A01,A01
procured_balancing_capacity,13,2026-03-02T08:45:00,PT15M,2026-03-02T09:00Z,2026-03-02T08:45Z,1,10.2,4,B95,EUR,A03,A02,13,MAW,MAW,A01,A01
procured_balancing_capacity,13,2026-03-02T09:00:00,PT15M,2026-03-02T09:15Z,2026-03-02T09:00Z,1,10.2,4,B95,EUR,A03,A02,13,MAW,MAW,A01,A01
procured_balancing_capacity,13,2026-03-02T09:15:00,PT15M,2026-03-02T09:30Z,2026-03-02T09:15Z,1,10.2,4,B95,EUR,A03,A02,13,MAW,MAW,A01,A01
procured_balancing_capacity,13,2026-03-02T09:30:00,PT15M,2026-03-02T09:45Z,2026-03-02T09:30Z,1,10.2,4,B95,EUR,A03,A02,13,MAW,MAW,A01,A01
procured_balancing_capacity,13,2026-03-02T09:45:00,PT15M,2026-03-02T10:00Z,2026-03-02T09:45Z,1,10.2,4,B95,EUR,A03,A02,13,MAW,MAW,A01,A01
procured_balancing_capacity,13,2026-03-02T10:00:00,PT15M,2026-03-02T10:15Z,2026-03-02T10:00Z,1,10.2,2,B95,EUR,A03,A02,13,MAW,MAW,A01,A01
procured_balancing_capacity,13,2026-03-02T10:15:00,PT15M,2026-03-02T10:30Z,2026-03-02T10:15Z,1,10.2,2,B95,EUR,A03,A02,13,MAW,MAW,A01,A01
procured_balancing_capacity,13,2026-03-02T10:30:00,PT15M,2026-03-02T10:45Z,2026-03-02T10:30Z,1,10.2,2,B95,EUR,A03,A02,13,MAW,MAW,A01,A01
procured_balancing_capacity,13,2026-03-02T10:45:00,PT15M,2026-03-02T11:00Z,2026-03-02T10:45Z,1,10.2,2,B95,EUR,A03,A02,13,MAW,MAW,A01,A01
procured_balancing_capacity,13,2026-03-02T11:00:00,PT15M,2026-03-02T11:15Z,2026-03-02T11:00Z,1,10.2,0,B95,EUR,A03,A02,13,MAW,MAW,A01,A01
procured_balancing_capacity,13,2026-03-02T11:15:00,PT15M,2026-03-02T11:30Z,2026-03-02T11:15Z,1,10.2,0,B95,EUR,A03,A02,13,MAW,MAW,A01,A01
procured_balancing_capacity,13,2026-03-02T11:30:00,PT15M,2026-03-02T11:45Z,2026-03-02T11:30Z,1,10.2,0,B95,EUR,A03,A02,13,MAW,MAW,A01,A01
procured_balancing_capacity,13,2026-03-02T11:45:00,PT15M,2026-03-02T12:00Z,2026-03-02T11:45Z,1,10.2,0,B95,EUR,A03,A02,13,MAW,MAW,A01,A01
procured_balancing_capacity,13,2026-03-02T12:00:00,PT15M,2026-03-02T12:15Z,2026-03-02T12:00Z,1,10.2,0,B95,EUR,A03,A02,13,MAW,MAW,A01,A01
procured_balancing_capacity,13,2026-03-02T12:15:00,PT15M,2026-03-02T12:30Z,2026-03-02T12:15Z,1,10.2,0,B95,EUR,A03,A02,13,MAW,MAW,A01,A01
procured_balancing_capacity,13,2026-03-02T12:30:00,PT15M,2026-03-02T12:45Z,2026-03-02T12:30Z,1,10.2,0,B95,EUR,A03,A02,13,MAW,MAW,A01,A01
procured_balancing_capacity,13,2026-03-02T12:45:00,PT15M,2026-03-02T13:00Z,2026-03-02T12:45Z,1,10.2,0,B95,EUR,A03,A02,13,MAW,MAW,A01,A01
procured_balancing_capacity,13,2026-03-02T13:00:00,PT15M,2026-03-02T13:15Z,2026-03-02T13:00Z,1,10.2,0,B95,EUR,A03,A02,13,MAW,MAW,A01,A01
procured_balancing_capacity,13,2026-03-02T13:15:00,PT15M,2026-03-02T13:30Z,2026-03-02T13:15Z,1,10.2,0,B95,EUR,A03,A02,13,MAW,MAW,A01,A01
procured_balancing_capacity,13,2026-03-02T13:30:00,PT15M,2026-03-02T13:45Z,2026-03-02T13:30Z,1,10.2,0,B95,EUR,A03,A02,13,MAW,MAW,A01,A01
procured_balancing_capacity,13,2026-03-02T13:45:00,PT15M,2026-03-02T14:00Z,2026-03-02T13:45Z,1,10.2,0,B95,EUR,A03,A02,13,MAW,MAW,A01,A01
procured_balancing_capacity,13,2026-03-02T14:00:00,PT15M,2026-03-02T14:15Z,2026-03-02T14:00Z,1,10.2,0,B95,EUR,A03,A02,13,MAW,MAW,A01,A01
procured_balancing_capacity,13,2026-03-02T14:15:00,PT15M,2026-03-02T14:30Z,2026-03-02T14:15Z,1,10.2,0,B95,EUR,A03,A02,13,MAW,MAW,A01,A01
procured_balancing_capacity,13,2026-03-02T14:30:00,PT15M,2026-03-02T14:45Z,2026-03-02T14:30Z,1,10.2,0,B95,EUR,A03,A02,13,MAW,MAW,A01,A01
procured_balancing_capacity,13,2026-03-02T14:45:00,PT15M,2026-03-02T15:00Z,2026-03-02T14:45Z,1,10.2,0,B95,EUR,A03,A02,13,MAW,MAW,A01,A01
procured_balancing_capacity,13,2026-03-02T15:00:00,PT15M,2026-03-02T15:15Z,2026-03-02T15:00Z,1,10.2,2,B95,EUR,A03,A02,13,MAW,MAW,A01,A01
procured_balancing_capacity,13,2026-03-02T15:15:00,PT15M,2026-03-02T15:30Z,2026-03-02T15:15Z,1,10.2,2,B95,EUR,A03,A02,13,MAW,MAW,A01,A01
procured_balancing_capacity,13,2026-03-02T15:30:00,PT15M,2026-03-02T15:45Z,2026-03-02T15:30Z,1,10.2,2,B95,EUR,A03,A02,13,MAW,MAW,A01,A01
procured_balancing_capacity,13,2026-03-02T15:45:00,PT15M,2026-03-02T16:00Z,2026-03-02T15:45Z,1,10.2,2,B95,EUR,A03,A02,13,MAW,MAW,A01,A01
procured_balancing_capacity,13,2026-03-02T16:00:00,PT15M,2026-03-02T16:15Z,2026-03-02T16:00Z,1,10.2,2,B95,EUR,A03,A02,13,MAW,MAW,A01,A01
procured_balancing_capacity,13,2026-03-02T16:15:00,PT15M,2026-03-02T16:30Z,2026-03-02T16:15Z,1,10.2,2,B95,EUR,A03,A02,13,MAW,MAW,A01,A01
procured_balancing_capacity,13,2026-03-02T16:30:00,PT15M,2026-03-02T16:45Z,2026-03-02T16:30Z,1,10.2,2,B95,EUR,A03,A02,13,MAW,MAW,A01,A01
procured_balancing_capacity,13,2026-03-02T16:45:00,PT15M,2026-03-02T17:00Z,2026-03-02T16:45Z,1,10.2,2,B95,EUR,A03,A02,13,MAW,MAW,A01,A01
procured_balancing_capacity,13,2026-03-02T17:00:00,PT15M,2026-03-02T17:15Z,2026-03-02T17:00Z,1,10.2,2,B95,EUR,A03,A02,13,MAW,MAW,A01,A01
procured_balancing_capacity,13,2026-03-02T17:15:00,PT15M,2026-03-02T17:30Z,2026-03-02T17:15Z,1,10.2,2,B95,EUR,A03,A02,13,MAW,MAW,A01,A01
procured_balancing_capacity,13,2026-03-02T17:30:00,PT15M,2026-03-02T17:45Z,2026-03-02T17:30Z,1,10.2,2,B95,EUR,A03,A02,13,MAW,MAW,A01,A01
procured_balancing_capacity,13,2026-03-02T17:45:00,PT15M,2026-03-02T18:00Z,2026-03-02T17:45Z,1,10.2,2,B95,EUR,A03,A02,13,MAW,MAW,A01,A01
procured_balancing_capacity,13,2026-03-02T18:00:00,PT15M,2026-03-02T18:15Z,2026-03-02T18:00Z,1,10.2,2,B95,EUR,A03,A02,13,MAW,MAW,A01,A01
procured_balancing_capacity,13,2026-03-02T18:15:00,PT15M,2026-03-02T18:30Z,2026-03-02T18:15Z,1,10.2,2,B95,EUR,A03,A02,13,MAW,MAW,A01,A01
procured_balancing_capacity,13,2026-03-02T18:30:00,PT15M,2026-03-02T18:45Z,2026-03-02T18:30Z,1,10.2,2,B95,EUR,A03,A02,13,MAW,MAW,A01,A01
procured_balancing_capacity,13,2026-03-02T18:45:00,PT15M,2026-03-02T19:00Z,2026-03-02T18:45Z,1,10.2,2,B95,EUR,A03,A02,13,MAW,MAW,A01,A01
procured_balancing_capacity,13,2026-03-02T19:00:00,PT15M,2026-03-02T19:15Z,2026-03-02T19:00Z,1,10.2,2,B95,EUR,A03,A02,13,MAW,MAW,A01,A01
procured_balancing_capacity,13,2026-03-02T19:15:00,PT15M,2026-03-02T19:30Z,2026-03-02T19:15Z,1,10.2,2,B95,EUR,A03,A02,13,MAW,MAW,A01,A01
procured_balancing_capacity,13,2026-03-02T19:30:00,PT15M,2026-03-02T19:45Z,2026-03-02T19:30Z,1,10.2,2,B95,EUR,A03,A02,13,MAW,MAW,A01,A01
procured_balancing_capacity,13,2026-03-02T19:45:00,PT15M,2026-03-02T20:00Z,2026-03-02T19:45Z,1,10.2,2,B95,EUR,A03,A02,13,MAW,MAW,A01,A01
procured_balancing_capacity,13,2026-03-02T20:00:00,PT15M,2026-03-02T20:15Z,2026-03-02T20:00Z,1,10.2,2,B95,EUR,A03,A02,13,MAW,MAW,A01,A01
procured_balancing_capacity,13,2026-03-02T20:15:00,PT15M,2026-03-02T20:30Z,2026-03-02T20:15Z,1,10.2,2,B95,EUR,A03,A02,13,MAW,MAW,A01,A01
procured_balancing_capacity,13,2026-03-02T20:30:00,PT15M,2026-03-02T20:45Z,2026-03-02T20:30Z,1,10.2,2,B95,EUR,A03,A02,13,MAW,MAW,A01,A01
procured_balancing_capacity,13,2026-03-02T20:45:00,PT15M,2026-03-02T21:00Z,2026-03-02T20:45Z,1,10.2,2,B95,EUR,A03,A02,13,MAW,MAW,A01,A01
procured_balancing_capacity,13,2026-03-02T21:00:00,PT15M,2026-03-02T21:15Z,2026-03-02T21:00Z,1,9.8,0,B95,EUR,A03,A02,13,MAW,MAW,A01,A01
procured_balancing_capacity,13,2026-03-02T21:15:00,PT15M,2026-03-02T21:30Z,2026-03-02T21:15Z,1,9.8,0,B95,EUR,A03,A02,13,MAW,MAW,A01,A01
procured_balancing_capacity,13,2026-03-02T21:30:00,PT15M,2026-03-02T21:45Z,2026-03-02T21:30Z,1,9.8,0,B95,EUR,A03,A02,13,MAW,MAW,A01,A01
procured_balancing_capacity,13,2026-03-02T21:45:00,PT15M,2026-03-02T22:00Z,2026-03-02T21:45Z,1,9.8,0,B95,EUR,A03,A02,13,MAW,MAW,A01,A01
procured_balancing_capacity,13,2026-03-02T22:00:00,PT15M,2026-03-02T22:15Z,2026-03-02T22:00Z,1,9.8,0,B95,EUR,A03,A02,13,MAW,MAW,A01,A01
procured_balancing_capacity,13,2026-03-02T22:15:00,PT15M,2026-03-02T22:30Z,2026-03-02T22:15Z,1,9.8,0,B95,EUR,A03,A02,13,MAW,MAW,A01,A01
procured_balancing_capacity,13,2026-03-02T22:30:00,PT15M,2026-03-02T22:45Z,2026-03-02T22:30Z,1,9.8,0,B95,EUR,A03,A02,13,MAW,MAW,A01,A01
procured_balancing_capacity,13,2026-03-02T22:45:00,PT15M,2026-03-02T23:00Z,2026-03-02T22:45Z,1,9.8,0,B95,EUR,A03,A02,13,MAW,MAW,A01,A01
procured_balancing_capacity,14,2026-03-01T23:00:00,PT15M,2026-03-01T23:15Z,2026-03-01T23:00Z,1,0,0,B95,EUR,A03,A01,14,MAW,MAW,A01,A01
procured_balancing_capacity,14,2026-03-01T23:15:00,PT15M,2026-03-01T23:30Z,2026-03-01T23:15Z,1,0,0,B95,EUR,A03,A01,14,MAW,MAW,A01,A01
procured_balancing_capacity,14,2026-03-01T23:30:00,PT15M,2026-03-01T23:45Z,2026-03-01T23:30Z,1,0,0,B95,EUR,A03,A01,14,MAW,MAW,A01,A01
procured_balancing_capacity,14,2026-03-01T23:45:00,PT15M,2026-03-02T00:00Z,2026-03-01T23:45Z,1,0,0,B95,EUR,A03,A01,14,MAW,MAW,A01,A01
procured_balancing_capacity,14,2026-03-02T00:00:00,PT15M,2026-03-02T00:15Z,2026-03-02T00:00Z,1,0,0,B95,EUR,A03,A01,14,MAW,MAW,A01,A01
procured_balancing_capacity,14,2026-03-02T00:15:00,PT15M,2026-03-02T00:30Z,2026-03-02T00:15Z,1,0,0,B95,EUR,A03,A01,14,MAW,MAW,A01,A01
procured_balancing_capacity,14,2026-03-02T00:30:00,PT15M,2026-03-02T00:45Z,2026-03-02T00:30Z,1,0,0,B95,EUR,A03,A01,14,MAW,MAW,A01,A01
procured_balancing_capacity,14,2026-03-02T00:45:00,PT15M,2026-03-02T01:00Z,2026-03-02T00:45Z,1,0,0,B95,EUR,A03,A01,14,MAW,MAW,A01,A01
procured_balancing_capacity,14,2026-03-02T01:00:00,PT15M,2026-03-02T01:15Z,2026-03-02T01:00Z,1,0,0,B95,EUR,A03,A01,14,MAW,MAW,A01,A01
procured_balancing_capacity,14,2026-03-02T01:15:00,PT15M,2026-03-02T01:30Z,2026-03-02T01:15Z,1,0,0,B95,EUR,A03,A01,14,MAW,MAW,A01,A01
procured_balancing_capacity,14,2026-03-02T01:30:00,PT15M,2026-03-02T01:45Z,2026-03-02T01:30Z,1,0,0,B95,EUR,A03,A01,14,MAW,MAW,A01,A01
procured_balancing_capacity,14,2026-03-02T01:45:00,PT15M,2026-03-02T02:00Z,2026-03-02T01:45Z,1,0,0,B95,EUR,A03,A01,14,MAW,MAW,A01,A01
procured_balancing_capacity,14,2026-03-02T02:00:00,PT15M,2026-03-02T02:15Z,2026-03-02T02:00Z,1,0,0,B95,EUR,A03,A01,14,MAW,MAW,A01,A01
procured_balancing_capacity,14,2026-03-02T02:15:00,PT15M,2026-03-02T02:30Z,2026-03-02T02:15Z,1,0,0,B95,EUR,A03,A01,14,MAW,MAW,A01,A01
procured_balancing_capacity,14,2026-03-02T02:30:00,PT15M,2026-03-02T02:45Z,2026-03-02T02:30Z,1,0,0,B95,EUR,A03,A01,14,MAW,MAW,A01,A01
procured_balancing_capacity,14,2026-03-02T02:45:00,PT15M,2026-03-02T03:00Z,2026-03-02T02:45Z,1,0,0,B95,EUR,A03,A01,14,MAW,MAW,A01,A01
procured_balancing_capacity,14,2026-03-02T03:00:00,PT15M,2026-03-02T03:15Z,2026-03-02T03:00Z,1,0,0,B95,EUR,A03,A01,14,MAW,MAW,A01,A01
procured_balancing_capacity,14,2026-03-02T03:15:00,PT15M,2026-03-02T03:30Z,2026-03-02T03:15Z,1,0,0,B95,EUR,A03,A01,14,MAW,MAW,A01,A01
procured_balancing_capacity,14,2026-03-02T03:30:00,PT15M,2026-03-02T03:45Z,2026-03-02T03:30Z,1,0,0,B95,EUR,A03,A01,14,MAW,MAW,A01,A01
procured_balancing_capacity,14,2026-03-02T03:45:00,PT15M,2026-03-02T04:00Z,2026-03-02T03:45Z,1,0,0,B95,EUR,A03,A01,14,MAW,MAW,A01,A01
procured_balancing_capacity,14,2026-03-02T04:00:00,PT15M,2026-03-02T04:15Z,2026-03-02T04:00Z,1,0,0,B95,EUR,A03,A01,14,MAW,MAW,A01,A01
procured_balancing_capacity,14,2026-03-02T04:15:00,PT15M,2026-03-02T04:30Z,2026-03-02T04:15Z,1,0,0,B95,EUR,A03,A01,14,MAW,MAW,A01,A01
procured_balancing_capacity,14,2026-03-02T04:30:00,PT15M,2026-03-02T04:45Z,2026-03-02T04:30Z,1,0,0,B95,EUR,A03,A01,14,MAW,MAW,A01,A01
procured_balancing_capacity,14,2026-03-02T04:45:00,PT15M,2026-03-02T05:00Z,2026-03-02T04:45Z,1,0,0,B95,EUR,A03,A01,14,MAW,MAW,A01,A01
procured_balancing_capacity,14,2026-03-02T05:00:00,PT15M,2026-03-02T05:15Z,2026-03-02T05:00Z,1,0,0,B95,EUR,A03,A01,14,MAW,MAW,A01,A01
procured_balancing_capacity,14,2026-03-02T05:15:00,PT15M,2026-03-02T05:30Z,2026-03-02T05:15Z,1,0,0,B95,EUR,A03,A01,14,MAW,MAW,A01,A01
procured_balancing_capacity,14,2026-03-02T05:30:00,PT15M,2026-03-02T05:45Z,2026-03-02T05:30Z,1,0,0,B95,EUR,A03,A01,14,MAW,MAW,A01,A01
procured_balancing_capacity,14,2026-03-02T05:45:00,PT15M,2026-03-02T06:00Z,2026-03-02T05:45Z,1,0,0,B95,EUR,A03,A01,14,MAW,MAW,A01,A01
procured_balancing_capacity,14,2026-03-02T06:00:00,PT15M,2026-03-02T06:15Z,2026-03-02T06:00Z,1,0,0,B95,EUR,A03,A01,14,MAW,MAW,A01,A01
procured_balancing_capacity,14,2026-03-02T06:15:00,PT15M,2026-03-02T06:30Z,2026-03-02T06:15Z,1,0,0,B95,EUR,A03,A01,14,MAW,MAW,A01,A01
procured_balancing_capacity,14,2026-03-02T06:30:00,PT15M,2026-03-02T06:45Z,2026-03-02T06:30Z,1,0,0,B95,EUR,A03,A01,14,MAW,MAW,A01,A01
procured_balancing_capacity,14,2026-03-02T06:45:00,PT15M,2026-03-02T07:00Z,2026-03-02T06:45Z,1,0,0,B95,EUR,A03,A01,14,MAW,MAW,A01,A01
procured_balancing_capacity,14,2026-03-02T07:00:00,PT15M,2026-03-02T07:15Z,2026-03-02T07:00Z,1,0,0,B95,EUR,A03,A01,14,MAW,MAW,A01,A01
procured_balancing_capacity,14,2026-03-02T07:15:00,PT15M,2026-03-02T07:30Z,2026-03-02T07:15Z,1,0,0,B95,EUR,A03,A01,14,MAW,MAW,A01,A01
procured_balancing_capacity,14,2026-03-02T07:30:00,PT15M,2026-03-02T07:45Z,2026-03-02T07:30Z,1,0,0,B95,EUR,A03,A01,14,MAW,MAW,A01,A01
procured_balancing_capacity,14,2026-03-02T07:45:00,PT15M,2026-03-02T08:00Z,2026-03-02T07:45Z,1,0,0,B95,EUR,A03,A01,14,MAW,MAW,A01,A01
procured_balancing_capacity,14,2026-03-02T08:00:00,PT15M,2026-03-02T08:15Z,2026-03-02T08:00Z,1,0,0,B95,EUR,A03,A01,14,MAW,MAW,A01,A01
procured_balancing_capacity,14,2026-03-02T08:15:00,PT15M,2026-03-02T08:30Z,2026-03-02T08:15Z,1,0,0,B95,EUR,A03,A01,14,MAW,MAW,A01,A01
procured_balancing_capacity,14,2026-03-02T08:30:00,PT15M,2026-03-02T08:45Z,2026-03-02T08:30Z,1,0,0,B95,EUR,A03,A01,14,MAW,MAW,A01,A01
procured_balancing_capacity,14,2026-03-02T08:45:00,PT15M,2026-03-02T09:00Z,2026-03-02T08:45Z,1,0,0,B95,EUR,A03,A01,14,MAW,MAW,A01,A01
procured_balancing_capacity,14,2026-03-02T09:00:00,PT15M,2026-03-02T09:15Z,2026-03-02T09:00Z,1,0,0,B95,EUR,A03,A01,14,MAW,MAW,A01,A01
procured_balancing_capacity,14,2026-03-02T09:15:00,PT15M,2026-03-02T09:30Z,2026-03-02T09:15Z,1,0,0,B95,EUR,A03,A01,14,MAW,MAW,A01,A01
procured_balancing_capacity,14,2026-03-02T09:30:00,PT15M,2026-03-02T09:45Z,2026-03-02T09:30Z,1,0,0,B95,EUR,A03,A01,14,MAW,MAW,A01,A01
procured_balancing_capacity,14,2026-03-02T09:45:00,PT15M,2026-03-02T10:00Z,2026-03-02T09:45Z,1,0,0,B95,EUR,A03,A01,14,MAW,MAW,A01,A01
procured_balancing_capacity,14,2026-03-02T10:00:00,PT15M,2026-03-02T10:15Z,2026-03-02T10:00Z,1,0,0,B95,EUR,A03,A01,14,MAW,MAW,A01,A01
procured_balancing_capacity,14,2026-03-02T10:15:00,PT15M,2026-03-02T10:30Z,2026-03-02T10:15Z,1,0,0,B95,EUR,A03,A01,14,MAW,MAW,A01,A01
procured_balancing_capacity,14,2026-03-02T10:30:00,PT15M,2026-03-02T10:45Z,2026-03-02T10:30Z,1,0,0,B95,EUR,A03,A01,14,MAW,MAW,A01,A01
procured_balancing_capacity,14,2026-03-02T10:45:00,PT15M,2026-03-02T11:00Z,2026-03-02T10:45Z,1,0,0,B95,EUR,A03,A01,14,MAW,MAW,A01,A01
procured_balancing_capacity,14,2026-03-02T11:00:00,PT15M,2026-03-02T11:15Z,2026-03-02T11:00Z,1,0,0,B95,EUR,A03,A01,14,MAW,MAW,A01,A01
procured_balancing_capacity,14,2026-03-02T11:15:00,PT15M,2026-03-02T11:30Z,2026-03-02T11:15Z,1,0,0,B95,EUR,A03,A01,14,MAW,MAW,A01,A01
procured_balancing_capacity,14,2026-03-02T11:30:00,PT15M,2026-03-02T11:45Z,2026-03-02T11:30Z,1,0,0,B95,EUR,A03,A01,14,MAW,MAW,A01,A01
procured_balancing_capacity,14,2026-03-02T11:45:00,PT15M,2026-03-02T12:00Z,2026-03-02T11:45Z,1,0,0,B95,EUR,A03,A01,14,MAW,MAW,A01,A01
procured_balancing_capacity,14,2026-03-02T12:00:00,PT15M,2026-03-02T12:15Z,2026-03-02T12:00Z,1,0,0,B95,EUR,A03,A01,14,MAW,MAW,A01,A01
procured_balancing_capacity,14,2026-03-02T12:15:00,PT15M,2026-03-02T12:30Z,2026-03-02T12:15Z,1,0,0,B95,EUR,A03,A01,14,MAW,MAW,A01,A01
procured_balancing_capacity,14,2026-03-02T12:30:00,PT15M,2026-03-02T12:45Z,2026-03-02T12:30Z,1,0,0,B95,EUR,A03,A01,14,MAW,MAW,A01,A01
procured_balancing_capacity,14,2026-03-02T12:45:00,PT15M,2026-03-02T13:00Z,2026-03-02T12:45Z,1,0,0,B95,EUR,A03,A01,14,MAW,MAW,A01,A01
procured_balancing_capacity,14,2026-03-02T13:00:00,PT15M,2026-03-02T13:15Z,2026-03-02T13:00Z,1,0,0,B95,EUR,A03,A01,14,MAW,MAW,A01,A01
procured_balancing_capacity,14,2026-03-02T13:15:00,PT15M,2026-03-02T13:30Z,2026-03-02T13:15Z,1,0,0,B95,EUR,A03,A01,14,MAW,MAW,A01,A01
procured_balancing_capacity,14,2026-03-02T13:30:00,PT15M,2026-03-02T13:45Z,2026-03-02T13:30Z,1,0,0,B95,EUR,A03,A01,14,MAW,MAW,A01,A01
procured_balancing_capacity,14,2026-03-02T13:45:00,PT15M,2026-03-02T14:00Z,2026-03-02T13:45Z,1,0,0,B95,EUR,A03,A01,14,MAW,MAW,A01,A01
procured_balancing_capacity,14,2026-03-02T14:00:00,PT15M,2026-03-02T14:15Z,2026-03-02T14:00Z,1,0,0,B95,EUR,A03,A01,14,MAW,MAW,A01,A01
procured_balancing_capacity,14,2026-03-02T14:15:00,PT15M,2026-03-02T14:30Z,2026-03-02T14:15Z,1,0,0,B95,EUR,A03,A01,14,MAW,MAW,A01,A01
procured_balancing_capacity,14,2026-03-02T14:30:00,PT15M,2026-03-02T14:45Z,2026-03-02T14:30Z,1,0,0,B95,EUR,A03,A01,14,MAW,MAW,A01,A01
procured_balancing_capacity,14,2026-03-02T14:45:00,PT15M,2026-03-02T15:00Z,2026-03-02T14:45Z,1,0,0,B95,EUR,A03,A01,14,MAW,MAW,A01,A01
procured_balancing_capacity,14,2026-03-02T15:00:00,PT15M,2026-03-02T15:15Z,2026-03-02T15:00Z,1,0,0,B95,EUR,A03,A01,14,MAW,MAW,A01,A01
procured_balancing_capacity,14,2026-03-02T15:15:00,PT15M,2026-03-02T15:30Z,2026-03-02T15:15Z,1,0,0,B95,EUR,A03,A01,14,MAW,MAW,A01,A01
procured_balancing_capacity,14,2026-03-02T15:30:00,PT15M,2026-03-02T15:45Z,2026-03-02T15:30Z,1,0,0,B95,EUR,A03,A01,14,MAW,MAW,A01,A01
procured_balancing_capacity,14,2026-03-02T15:45:00,PT15M,2026-03-02T16:00Z,2026-03-02T15:45Z,1,0,0,B95,EUR,A03,A01,14,MAW,MAW,A01,A01
procured_balancing_capacity,14,2026-03-02T16:00:00,PT15M,2026-03-02T16:15Z,2026-03-02T16:00Z,1,33.99,29,B95,EUR,A03,A01,14,MAW,MAW,A01,A01
procured_balancing_capacity,14,2026-03-02T16:15:00,PT15M,2026-03-02T16:30Z,2026-03-02T16:15Z,1,33.99,29,B95,EUR,A03,A01,14,MAW,MAW,A01,A01
procured_balancing_capacity,14,2026-03-02T16:30:00,PT15M,2026-03-02T16:45Z,2026-03-02T16:30Z,1,33.99,29,B95,EUR,A03,A01,14,MAW,MAW,A01,A01
procured_balancing_capacity,14,2026-03-02T16:45:00,PT15M,2026-03-02T17:00Z,2026-03-02T16:45Z,1,33.99,29,B95,EUR,A03,A01,14,MAW,MAW,A01,A01
procured_balancing_capacity,14,2026-03-02T17:00:00,PT15M,2026-03-02T17:15Z,2026-03-02T17:00Z,1,33.99,26,B95,EUR,A03,A01,14,MAW,MAW,A01,A01
procured_balancing_capacity,14,2026-03-02T17:15:00,PT15M,2026-03-02T17:30Z,2026-03-02T17:15Z,1,33.99,26,B95,EUR,A03,A01,14,MAW,MAW,A01,A01
procured_balancing_capacity,14,2026-03-02T17:30:00,PT15M,2026-03-02T17:45Z,2026-03-02T17:30Z,1,33.99,26,B95,EUR,A03,A01,14,MAW,MAW,A01,A01
procured_balancing_capacity,14,2026-03-02T17:45:00,PT15M,2026-03-02T18:00Z,2026-03-02T17:45Z,1,33.99,26,B95,EUR,A03,A01,14,MAW,MAW,A01,A01
procured_balancing_capacity,14,2026-03-02T18:00:00,PT15M,2026-03-02T18:15Z,2026-03-02T18:00Z,1,33.99,26,B95,EUR,A03,A01,14,MAW,MAW,A01,A01
procured_balancing_capacity,14,2026-03-02T18:15:00,PT15M,2026-03-02T18:30Z,2026-03-02T18:15Z,1,33.99,26,B95,EUR,A03,A01,14,MAW,MAW,A01,A01
procured_balancing_capacity,14,2026-03-02T18:30:00,PT15M,2026-03-02T18:45Z,2026-03-02T18:30Z,1,33.99,26,B95,EUR,A03,A01,14,MAW,MAW,A01,A01
procured_balancing_capacity,14,2026-03-02T18:45:00,PT15M,2026-03-02T19:00Z,2026-03-02T18:45Z,1,33.99,26,B95,EUR,A03,A01,14,MAW,MAW,A01,A01
procured_balancing_capacity,14,2026-03-02T19:00:00,PT15M,2026-03-02T19:15Z,2026-03-02T19:00Z,1,33.99,26,B95,EUR,A03,A01,14,MAW,MAW,A01,A01
procured_balancing_capacity,14,2026-03-02T19:15:00,PT15M,2026-03-02T19:30Z,2026-03-02T19:15Z,1,33.99,26,B95,EUR,A03,A01,14,MAW,MAW,A01,A01
procured_balancing_capacity,14,2026-03-02T19:30:00,PT15M,2026-03-02T19:45Z,2026-03-02T19:30Z,1,33.99,26,B95,EUR,A03,A01,14,MAW,MAW,A01,A01
procured_balancing_capacity,14,2026-03-02T19:45:00,PT15M,2026-03-02T20:00Z,2026-03-02T19:45Z,1,33.99,26,B95,EUR,A03,A01,14,MAW,MAW,A01,A01
procured_balancing_capacity,14,2026-03-02T20:00:00,PT15M,2026-03-02T20:15Z,2026-03-02T20:00Z,1,33.99,26,B95,EUR,A03,A01,14,MAW,MAW,A01,A01
procured_balancing_capacity,14,2026-03-02T20:15:00,PT15M,2026-03-02T20:30Z,2026-03-02T20:15Z,1,33.99,26,B95,EUR,A03,A01,14,MAW,MAW,A01,A01
procured_balancing_capacity,14,2026-03-02T20:30:00,PT15M,2026-03-02T20:45Z,2026-03-02T20:30Z,1,33.99,26,B95,EUR,A03,A01,14,MAW,MAW,A01,A01
procured_balancing_capacity,14,2026-03-02T20:45:00,PT15M,2026-03-02T21:00Z,2026-03-02T20:45Z,1,33.99,26,B95,EUR,A03,A01,14,MAW,MAW,A01,A01
procured_balancing_capacity,14,2026-03-02T21:00:00,PT15M,2026-03-02T21:15Z,2026-03-02T21:00Z,1,0,0,B95,EUR,A03,A01,14,MAW,MAW,A01,A01
procured_balancing_capacity,14,2026-03-02T21:15:00,PT15M,2026-03-02T21:30Z,2026-03-02T21:15Z,1,0,0,B95,EUR,A03,A01,14,MAW,MAW,A01,A01
procured_balancing_capacity,14,2026-03-02T21:30:00,PT15M,2026-03-02T21:45Z,2026-03-02T21:30Z,1,0,0,B95,EUR,A03,A01,14,MAW,MAW,A01,A01
procured_balancing_capacity,14,2026-03-02T21:45:00,PT15M,2026-03-02T22:00Z,2026-03-02T21:45Z,1,0,0,B95,EUR,A03,A01,14,MAW,MAW,A01,A01
procured_balancing_capacity,14,2026-03-02T22:00:00,PT15M,2026-03-02T22:15Z,2026-03-02T22:00Z,1,0,0,B95,EUR,A03,A01,14,MAW,MAW,A01,A01
procured_balancing_capacity,14,2026-03-02T22:15:00,PT15M,2026-03-02T22:30Z,2026-03-02T22:15Z,1,0,0,B95,EUR,A03,A01,14,MAW,MAW,A01,A01
procured_balancing_capacity,14,2026-03-02T22:30:00,PT15M,2026-03-02T22:45Z,2026-03-02T22:30Z,1,0,0,B95,EUR,A03,A01,14,MAW,MAW,A01,A01
procured_balancing_capacity,14,2026-03-02T22:45:00,PT15M,2026-03-02T23:00Z,2026-03-02T22:45Z,1,0,0,B95,EUR,A03,A01,14,MAW,MAW,A01,A01
procured_balancing_capacity,15,2026-03-01T23:00:00,PT15M,2026-03-01T23:15Z,2026-03-01T23:00Z,1,30,1,B95,EUR,A03,A01,15,MAW,MAW,A01,A01
procured_balancing_capacity,15,2026-03-01T23:15:00,PT15M,2026-03-01T23:30Z,2026-03-01T23:15Z,1,30,1,B95,EUR,A03,A01,15,MAW,MAW,A01,A01
procured_balancing_capacity,15,2026-03-01T23:30:00,PT15M,2026-03-01T23:45Z,2026-03-01T23:30Z,1,30,1,B95,EUR,A03,A01,15,MAW,MAW,A01,A01
procured_balancing_capacity,15,2026-03-01T23:45:00,PT15M,2026-03-02T00:00Z,2026-03-01T23:45Z,1,30,1,B95,EUR,A03,A01,15,MAW,MAW,A01,A01
procured_balancing_capacity,15,2026-03-02T00:00:00,PT15M,2026-03-02T00:15Z,2026-03-02T00:00Z,1,30,1,B95,EUR,A03,A01,15,MAW,MAW,A01,A01
procured_balancing_capacity,15,2026-03-02T00:15:00,PT15M,2026-03-02T00:30Z,2026-03-02T00:15Z,1,30,1,B95,EUR,A03,A01,15,MAW,MAW,A01,A01
procured_balancing_capacity,15,2026-03-02T00:30:00,PT15M,2026-03-02T00:45Z,2026-03-02T00:30Z,1,30,1,B95,EUR,A03,A01,15,MAW,MAW,A01,A01
procured_balancing_capacity,15,2026-03-02T00:45:00,PT15M,2026-03-02T01:00Z,2026-03-02T00:45Z,1,30,1,B95,EUR,A03,A01,15,MAW,MAW,A01,A01
procured_balancing_capacity,15,2026-03-02T01:00:00,PT15M,2026-03-02T01:15Z,2026-03-02T01:00Z,1,30,1,B95,EUR,A03,A01,15,MAW,MAW,A01,A01
procured_balancing_capacity,15,2026-03-02T01:15:00,PT15M,2026-03-02T01:30Z,2026-03-02T01:15Z,1,30,1,B95,EUR,A03,A01,15,MAW,MAW,A01,A01
procured_balancing_capacity,15,2026-03-02T01:30:00,PT15M,2026-03-02T01:45Z,2026-03-02T01:30Z,1,30,1,B95,EUR,A03,A01,15,MAW,MAW,A01,A01
procured_balancing_capacity,15,2026-03-02T01:45:00,PT15M,2026-03-02T02:00Z,2026-03-02T01:45Z,1,30,1,B95,EUR,A03,A01,15,MAW,MAW,A01,A01
procured_balancing_capacity,15,2026-03-02T02:00:00,PT15M,2026-03-02T02:15Z,2026-03-02T02:00Z,1,30,1,B95,EUR,A03,A01,15,MAW,MAW,A01,A01
procured_balancing_capacity,15,2026-03-02T02:15:00,PT15M,2026-03-02T02:30Z,2026-03-02T02:15Z,1,30,1,B95,EUR,A03,A01,15,MAW,MAW,A01,A01
procured_balancing_capacity,15,2026-03-02T02:30:00,PT15M,2026-03-02T02:45Z,2026-03-02T02:30Z,1,30,1,B95,EUR,A03,A01,15,MAW,MAW,A01,A01
procured_balancing_capacity,15,2026-03-02T02:45:00,PT15M,2026-03-02T03:00Z,2026-03-02T02:45Z,1,30,1,B95,EUR,A03,A01,15,MAW,MAW,A01,A01
procured_balancing_capacity,15,2026-03-02T03:00:00,PT15M,2026-03-02T03:15Z,2026-03-02T03:00Z,1,30,1,B95,EUR,A03,A01,15,MAW,MAW,A01,A01
procured_balancing_capacity,15,2026-03-02T03:15:00,PT15M,2026-03-02T03:30Z,2026-03-02T03:15Z,1,30,1,B95,EUR,A03,A01,15,MAW,MAW,A01,A01
procured_balancing_capacity,15,2026-03-02T03:30:00,PT15M,2026-03-02T03:45Z,2026-03-02T03:30Z,1,30,1,B95,EUR,A03,A01,15,MAW,MAW,A01,A01
procured_balancing_capacity,15,2026-03-02T03:45:00,PT15M,2026-03-02T04:00Z,2026-03-02T03:45Z,1,30,1,B95,EUR,A03,A01,15,MAW,MAW,A01,A01
procured_balancing_capacity,15,2026-03-02T04:00:00,PT15M,2026-03-02T04:15Z,2026-03-02T04:00Z,1,30,1,B95,EUR,A03,A01,15,MAW,MAW,A01,A01
procured_balancing_capacity,15,2026-03-02T04:15:00,PT15M,2026-03-02T04:30Z,2026-03-02T04:15Z,1,30,1,B95,EUR,A03,A01,15,MAW,MAW,A01,A01
procured_balancing_capacity,15,2026-03-02T04:30:00,PT15M,2026-03-02T04:45Z,2026-03-02T04:30Z,1,30,1,B95,EUR,A03,A01,15,MAW,MAW,A01,A01
procured_balancing_capacity,15,2026-03-02T04:45:00,PT15M,2026-03-02T05:00Z,2026-03-02T04:45Z,1,30,1,B95,EUR,A03,A01,15,MAW,MAW,A01,A01
procured_balancing_capacity,15,2026-03-02T05:00:00,PT15M,2026-03-02T05:15Z,2026-03-02T05:00Z,1,30,1,B95,EUR,A03,A01,15,MAW,MAW,A01,A01
procured_balancing_capacity,15,2026-03-02T05:15:00,PT15M,2026-03-02T05:30Z,2026-03-02T05:15Z,1,30,1,B95,EUR,A03,A01,15,MAW,MAW,A01,A01
procured_balancing_capacity,15,2026-03-02T05:30:00,PT15M,2026-03-02T05:45Z,2026-03-02T05:30Z,1,30,1,B95,EUR,A03,A01,15,MAW,MAW,A01,A01
procured_balancing_capacity,15,2026-03-02T05:45:00,PT15M,2026-03-02T06:00Z,2026-03-02T05:45Z,1,30,1,B95,EUR,A03,A01,15,MAW,MAW,A01,A01
procured_balancing_capacity,15,2026-03-02T06:00:00,PT15M,2026-03-02T06:15Z,2026-03-02T06:00Z,1,30,1,B95,EUR,A03,A01,15,MAW,MAW,A01,A01
procured_balancing_capacity,15,2026-03-02T06:15:00,PT15M,2026-03-02T06:30Z,2026-03-02T06:15Z,1,30,1,B95,EUR,A03,A01,15,MAW,MAW,A01,A01
procured_balancing_capacity,15,2026-03-02T06:30:00,PT15M,2026-03-02T06:45Z,2026-03-02T06:30Z,1,30,1,B95,EUR,A03,A01,15,MAW,MAW,A01,A01
procured_balancing_capacity,15,2026-03-02T06:45:00,PT15M,2026-03-02T07:00Z,2026-03-02T06:45Z,1,30,1,B95,EUR,A03,A01,15,MAW,MAW,A01,A01
procured_balancing_capacity,15,2026-03-02T07:00:00,PT15M,2026-03-02T07:15Z,2026-03-02T07:00Z,1,30,1,B95,EUR,A03,A01,15,MAW,MAW,A01,A01
procured_balancing_capacity,15,2026-03-02T07:15:00,PT15M,2026-03-02T07:30Z,2026-03-02T07:15Z,1,30,1,B95,EUR,A03,A01,15,MAW,MAW,A01,A01
procured_balancing_capacity,15,2026-03-02T07:30:00,PT15M,2026-03-02T07:45Z,2026-03-02T07:30Z,1,33.5,1,B95,EUR,A03,A01,15,MAW,MAW,A01,A01
procured_balancing_capacity,15,2026-03-02T07:45:00,PT15M,2026-03-02T08:00Z,2026-03-02T07:45Z,1,33.5,1,B95,EUR,A03,A01,15,MAW,MAW,A01,A01
procured_balancing_capacity,15,2026-03-02T08:00:00,PT15M,2026-03-02T08:15Z,2026-03-02T08:00Z,1,33.5,1,B95,EUR,A03,A01,15,MAW,MAW,A01,A01
procured_balancing_capacity,15,2026-03-02T08:15:00,PT15M,2026-03-02T08:30Z,2026-03-02T08:15Z,1,33.5,1,B95,EUR,A03,A01,15,MAW,MAW,A01,A01
procured_balancing_capacity,15,2026-03-02T08:30:00,PT15M,2026-03-02T08:45Z,2026-03-02T08:30Z,1,33.5,1,B95,EUR,A03,A01,15,MAW,MAW,A01,A01
procured_balancing_capacity,15,2026-03-02T08:45:00,PT15M,2026-03-02T09:00Z,2026-03-02T08:45Z,1,33.5,1,B95,EUR,A03,A01,15,MAW,MAW,A01,A01
procured_balancing_capacity,15,2026-03-02T09:00:00,PT15M,2026-03-02T09:15Z,2026-03-02T09:00Z,1,33.5,1,B95,EUR,A03,A01,15,MAW,MAW,A01,A01
procured_balancing_capacity,15,2026-03-02T09:15:00,PT15M,2026-03-02T09:30Z,2026-03-02T09:15Z,1,33.5,1,B95,EUR,A03,A01,15,MAW,MAW,A01,A01
procured_balancing_capacity,15,2026-03-02T09:30:00,PT15M,2026-03-02T09:45Z,2026-03-02T09:30Z,1,33.5,1,B95,EUR,A03,A01,15,MAW,MAW,A01,A01
procured_balancing_capacity,15,2026-03-02T09:45:00,PT15M,2026-03-02T10:00Z,2026-03-02T09:45Z,1,33.5,1,B95,EUR,A03,A01,15,MAW,MAW,A01,A01
procured_balancing_capacity,15,2026-03-02T10:00:00,PT15M,2026-03-02T10:15Z,2026-03-02T10:00Z,1,33.5,1,B95,EUR,A03,A01,15,MAW,MAW,A01,A01
procured_balancing_capacity,15,2026-03-02T10:15:00,PT15M,2026-03-02T10:30Z,2026-03-02T10:15Z,1,33.5,1,B95,EUR,A03,A01,15,MAW,MAW,A01,A01
procured_balancing_capacity,15,2026-03-02T10:30:00,PT15M,2026-03-02T10:45Z,2026-03-02T10:30Z,1,33.5,1,B95,EUR,A03,A01,15,MAW,MAW,A01,A01
procured_balancing_capacity,15,2026-03-02T10:45:00,PT15M,2026-03-02T11:00Z,2026-03-02T10:45Z,1,33.5,1,B95,EUR,A03,A01,15,MAW,MAW,A01,A01
procured_balancing_capacity,15,2026-03-02T11:00:00,PT15M,2026-03-02T11:15Z,2026-03-02T11:00Z,1,33.5,1,B95,EUR,A03,A01,15,MAW,MAW,A01,A01
procured_balancing_capacity,15,2026-03-02T11:15:00,PT15M,2026-03-02T11:30Z,2026-03-02T11:15Z,1,33.5,1,B95,EUR,A03,A01,15,MAW,MAW,A01,A01
procured_balancing_capacity,15,2026-03-02T11:30:00,PT15M,2026-03-02T11:45Z,2026-03-02T11:30Z,1,33.5,1,B95,EUR,A03,A01,15,MAW,MAW,A01,A01
procured_balancing_capacity,15,2026-03-02T11:45:00,PT15M,2026-03-02T12:00Z,2026-03-02T11:45Z,1,33.5,1,B95,EUR,A03,A01,15,MAW,MAW,A01,A01
procured_balancing_capacity,15,2026-03-02T12:00:00,PT15M,2026-03-02T12:15Z,2026-03-02T12:00Z,1,33.5,1,B95,EUR,A03,A01,15,MAW,MAW,A01,A01
procured_balancing_capacity,15,2026-03-02T12:15:00,PT15M,2026-03-02T12:30Z,2026-03-02T12:15Z,1,33.5,1,B95,EUR,A03,A01,15,MAW,MAW,A01,A01
procured_balancing_capacity,15,2026-03-02T12:30:00,PT15M,2026-03-02T12:45Z,2026-03-02T12:30Z,1,33.5,1,B95,EUR,A03,A01,15,MAW,MAW,A01,A01
procured_balancing_capacity,15,2026-03-02T12:45:00,PT15M,2026-03-02T13:00Z,2026-03-02T12:45Z,1,33.5,1,B95,EUR,A03,A01,15,MAW,MAW,A01,A01
procured_balancing_capacity,15,2026-03-02T13:00:00,PT15M,2026-03-02T13:15Z,2026-03-02T13:00Z,1,33.5,1,B95,EUR,A03,A01,15,MAW,MAW,A01,A01
procured_balancing_capacity,15,2026-03-02T13:15:00,PT15M,2026-03-02T13:30Z,2026-03-02T13:15Z,1,33.5,1,B95,EUR,A03,A01,15,MAW,MAW,A01,A01
procured_balancing_capacity,15,2026-03-02T13:30:00,PT15M,2026-03-02T13:45Z,2026-03-02T13:30Z,1,33.5,1,B95,EUR,A03,A01,15,MAW,MAW,A01,A01
procured_balancing_capacity,15,2026-03-02T13:45:00,PT15M,2026-03-02T14:00Z,2026-03-02T13:45Z,1,33.5,1,B95,EUR,A03,A01,15,MAW,MAW,A01,A01
procured_balancing_capacity,15,2026-03-02T14:00:00,PT15M,2026-03-02T14:15Z,2026-03-02T14:00Z,1,33.5,1,B95,EUR,A03,A01,15,MAW,MAW,A01,A01
procured_balancing_capacity,15,2026-03-02T14:15:00,PT15M,2026-03-02T14:30Z,2026-03-02T14:15Z,1,33.5,1,B95,EUR,A03,A01,15,MAW,MAW,A01,A01
procured_balancing_capacity,15,2026-03-02T14:30:00,PT15M,2026-03-02T14:45Z,2026-03-02T14:30Z,1,33.5,1,B95,EUR,A03,A01,15,MAW,MAW,A01,A01
procured_balancing_capacity,15,2026-03-02T14:45:00,PT15M,2026-03-02T15:00Z,2026-03-02T14:45Z,1,33.5,1,B95,EUR,A03,A01,15,MAW,MAW,A01,A01
procured_balancing_capacity,15,2026-03-02T15:00:00,PT15M,2026-03-02T15:15Z,2026-03-02T15:00Z,1,33.5,1,B95,EUR,A03,A01,15,MAW,MAW,A01,A01
procured_balancing_capacity,15,2026-03-02T15:15:00,PT15M,2026-03-02T15:30Z,2026-03-02T15:15Z,1,33.5,1,B95,EUR,A03,A01,15,MAW,MAW,A01,A01
procured_balancing_capacity,15,2026-03-02T15:30:00,PT15M,2026-03-02T15:45Z,2026-03-02T15:30Z,1,33.5,1,B95,EUR,A03,A01,15,MAW,MAW,A01,A01
procured_balancing_capacity,15,2026-03-02T15:45:00,PT15M,2026-03-02T16:00Z,2026-03-02T15:45Z,1,33.5,1,B95,EUR,A03,A01,15,MAW,MAW,A01,A01
procured_balancing_capacity,15,2026-03-02T16:00:00,PT15M,2026-03-02T16:15Z,2026-03-02T16:00Z,1,33.5,1,B95,EUR,A03,A01,15,MAW,MAW,A01,A01
procured_balancing_capacity,15,2026-03-02T16:15:00,PT15M,2026-03-02T16:30Z,2026-03-02T16:15Z,1,33.5,1,B95,EUR,A03,A01,15,MAW,MAW,A01,A01
procured_balancing_capacity,15,2026-03-02T16:30:00,PT15M,2026-03-02T16:45Z,2026-03-02T16:30Z,1,33.5,1,B95,EUR,A03,A01,15,MAW,MAW,A01,A01
procured_balancing_capacity,15,2026-03-02T16:45:00,PT15M,2026-03-02T17:00Z,2026-03-02T16:45Z,1,33.5,1,B95,EUR,A03,A01,15,MAW,MAW,A01,A01
procured_balancing_capacity,15,2026-03-02T17:00:00,PT15M,2026-03-02T17:15Z,2026-03-02T17:00Z,1,33.5,1,B95,EUR,A03,A01,15,MAW,MAW,A01,A01
procured_balancing_capacity,15,2026-03-02T17:15:00,PT15M,2026-03-02T17:30Z,2026-03-02T17:15Z,1,33.5,1,B95,EUR,A03,A01,15,MAW,MAW,A01,A01
procured_balancing_capacity,15,2026-03-02T17:30:00,PT15M,2026-03-02T17:45Z,2026-03-02T17:30Z,1,33.5,1,B95,EUR,A03,A01,15,MAW,MAW,A01,A01
procured_balancing_capacity,15,2026-03-02T17:45:00,PT15M,2026-03-02T18:00Z,2026-03-02T17:45Z,1,33.5,1,B95,EUR,A03,A01,15,MAW,MAW,A01,A01
procured_balancing_capacity,15,2026-03-02T18:00:00,PT15M,2026-03-02T18:15Z,2026-03-02T18:00Z,1,33.5,1,B95,EUR,A03,A01,15,MAW,MAW,A01,A01
procured_balancing_capacity,15,2026-03-02T18:15:00,PT15M,2026-03-02T18:30Z,2026-03-02T18:15Z,1,33.5,1,B95,EUR,A03,A01,15,MAW,MAW,A01,A01
procured_balancing_capacity,15,2026-03-02T18:30:00,PT15M,2026-03-02T18:45Z,2026-03-02T18:30Z,1,33.5,1,B95,EUR,A03,A01,15,MAW,MAW,A01,A01
procured_balancing_capacity,15,2026-03-02T18:45:00,PT15M,2026-03-02T19:00Z,2026-03-02T18:45Z,1,33.5,1,B95,EUR,A03,A01,15,MAW,MAW,A01,A01
procured_balancing_capacity,15,2026-03-02T19:00:00,PT15M,2026-03-02T19:15Z,2026-03-02T19:00Z,1,33.5,1,B95,EUR,A03,A01,15,MAW,MAW,A01,A01
procured_balancing_capacity,15,2026-03-02T19:15:00,PT15M,2026-03-02T19:30Z,2026-03-02T19:15Z,1,33.5,1,B95,EUR,A03,A01,15,MAW,MAW,A01,A01
procured_balancing_capacity,15,2026-03-02T19:30:00,PT15M,2026-03-02T19:45Z,2026-03-02T19:30Z,1,33.5,1,B95,EUR,A03,A01,15,MAW,MAW,A01,A01
procured_balancing_capacity,15,2026-03-02T19:45:00,PT15M,2026-03-02T20:00Z,2026-03-02T19:45Z,1,33.5,1,B95,EUR,A03,A01,15,MAW,MAW,A01,A01
procured_balancing_capacity,15,2026-03-02T20:00:00,PT15M,2026-03-02T20:15Z,2026-03-02T20:00Z,1,30,1,B95,EUR,A03,A01,15,MAW,MAW,A01,A01
procured_balancing_capacity,15,2026-03-02T20:15:00,PT15M,2026-03-02T20:30Z,2026-03-02T20:15Z,1,30,1,B95,EUR,A03,A01,15,MAW,MAW,A01,A01
procured_balancing_capacity,15,2026-03-02T20:30:00,PT15M,2026-03-02T20:45Z,2026-03-02T20:30Z,1,30,1,B95,EUR,A03,A01,15,MAW,MAW,A01,A01
procured_balancing_capacity,15,2026-03-02T20:45:00,PT15M,2026-03-02T21:00Z,2026-03-02T20:45Z,1,30,1,B95,EUR,A03,A01,15,MAW,MAW,A01,A01
procured_balancing_capacity,15,2026-03-02T21:00:00,PT15M,2026-03-02T21:15Z,2026-03-02T21:00Z,1,28.6,1,B95,EUR,A03,A01,15,MAW,MAW,A01,A01
procured_balancing_capacity,15,2026-03-02T21:15:00,PT15M,2026-03-02T21:30Z,2026-03-02T21:15Z,1,28.6,1,B95,EUR,A03,A01,15,MAW,MAW,A01,A01
procured_balancing_capacity,15,2026-03-02T21:30:00,PT15M,2026-03-02T21:45Z,2026-03-02T21:30Z,1,28.6,1,B95,EUR,A03,A01,15,MAW,MAW,A01,A01
procured_balancing_capacity,15,2026-03-02T21:45:00,PT15M,2026-03-02T22:00Z,2026-03-02T21:45Z,1,28.6,1,B95,EUR,A03,A01,15,MAW,MAW,A01,A01
procured_balancing_capacity,15,2026-03-02T22:00:00,PT15M,2026-03-02T22:15Z,2026-03-02T22:00Z,1,28.6,1,B95,EUR,A03,A01,15,MAW,MAW,A01,A01
procured_balancing_capacity,15,2026-03-02T22:15:00,PT15M,2026-03-02T22:30Z,2026-03-02T22:15Z,1,28.6,1,B95,EUR,A03,A01,15,MAW,MAW,A01,A01
procured_balancing_capacity,15,2026-03-02T22:30:00,PT15M,2026-03-02T22:45Z,2026-03-02T22:30Z,1,28.6,1,B95,EUR,A03,A01,15,MAW,MAW,A01,A01
procured_balancing_capacity,15,2026-03-02T22:45:00,PT15M,2026-03-02T23:00Z,2026-03-02T22:45Z,1,28.6,1,B95,EUR,A03,A01,15,MAW,MAW,A01,A01
procured_balancing_capacity,16,2026-03-01T23:00:00,PT15M,2026-03-01T23:15Z,2026-03-01T23:00Z,1,27.39,3,B95,EUR,A03,A01,16,MAW,MAW,A01,A01
procured_balancing_capacity,16,2026-03-01T23:15:00,PT15M,2026-03-01T23:30Z,2026-03-01T23:15Z,1,27.39,3,B95,EUR,A03,A01,16,MAW,MAW,A01,A01
procured_balancing_capacity,16,2026-03-01T23:30:00,PT15M,2026-03-01T23:45Z,2026-03-01T23:30Z,1,27.39,3,B95,EUR,A03,A01,16,MAW,MAW,A01,A01
procured_balancing_capacity,16,2026-03-01T23:45:00,PT15M,2026-03-02T00:00Z,2026-03-01T23:45Z,1,27.39,3,B95,EUR,A03,A01,16,MAW,MAW,A01,A01
procured_balancing_capacity,16,2026-03-02T00:00:00,PT15M,2026-03-02T00:15Z,2026-03-02T00:00Z,1,27.39,3,B95,EUR,A03,A01,16,MAW,MAW,A01,A01
procured_balancing_capacity,16,2026-03-02T00:15:00,PT15M,2026-03-02T00:30Z,2026-03-02T00:15Z,1,27.39,3,B95,EUR,A03,A01,16,MAW,MAW,A01,A01
procured_balancing_capacity,16,2026-03-02T00:30:00,PT15M,2026-03-02T00:45Z,2026-03-02T00:30Z,1,27.39,3,B95,EUR,A03,A01,16,MAW,MAW,A01,A01
procured_balancing_capacity,16,2026-03-02T00:45:00,PT15M,2026-03-02T01:00Z,2026-03-02T00:45Z,1,27.39,3,B95,EUR,A03,A01,16,MAW,MAW,A01,A01
procured_balancing_capacity,16,2026-03-02T01:00:00,PT15M,2026-03-02T01:15Z,2026-03-02T01:00Z,1,27.39,3,B95,EUR,A03,A01,16,MAW,MAW,A01,A01
procured_balancing_capacity,16,2026-03-02T01:15:00,PT15M,2026-03-02T01:30Z,2026-03-02T01:15Z,1,27.39,3,B95,EUR,A03,A01,16,MAW,MAW,A01,A01
procured_balancing_capacity,16,2026-03-02T01:30:00,PT15M,2026-03-02T01:45Z,2026-03-02T01:30Z,1,27.39,3,B95,EUR,A03,A01,16,MAW,MAW,A01,A01
procured_balancing_capacity,16,2026-03-02T01:45:00,PT15M,2026-03-02T02:00Z,2026-03-02T01:45Z,1,27.39,3,B95,EUR,A03,A01,16,MAW,MAW,A01,A01
procured_balancing_capacity,16,2026-03-02T02:00:00,PT15M,2026-03-02T02:15Z,2026-03-02T02:00Z,1,27.39,3,B95,EUR,A03,A01,16,MAW,MAW,A01,A01
procured_balancing_capacity,16,2026-03-02T02:15:00,PT15M,2026-03-02T02:30Z,2026-03-02T02:15Z,1,27.39,3,B95,EUR,A03,A01,16,MAW,MAW,A01,A01
procured_balancing_capacity,16,2026-03-02T02:30:00,PT15M,2026-03-02T02:45Z,2026-03-02T02:30Z,1,27.39,3,B95,EUR,A03,A01,16,MAW,MAW,A01,A01
procured_balancing_capacity,16,2026-03-02T02:45:00,PT15M,2026-03-02T03:00Z,2026-03-02T02:45Z,1,27.39,3,B95,EUR,A03,A01,16,MAW,MAW,A01,A01
procured_balancing_capacity,16,2026-03-02T03:00:00,PT15M,2026-03-02T03:15Z,2026-03-02T03:00Z,1,29.89,3,B95,EUR,A03,A01,16,MAW,MAW,A01,A01
procured_balancing_capacity,16,2026-03-02T03:15:00,PT15M,2026-03-02T03:30Z,2026-03-02T03:15Z,1,29.89,3,B95,EUR,A03,A01,16,MAW,MAW,A01,A01
procured_balancing_capacity,16,2026-03-02T03:30:00,PT15M,2026-03-02T03:45Z,2026-03-02T03:30Z,1,29.89,3,B95,EUR,A03,A01,16,MAW,MAW,A01,A01
procured_balancing_capacity,16,2026-03-02T03:45:00,PT15M,2026-03-02T04:00Z,2026-03-02T03:45Z,1,29.89,3,B95,EUR,A03,A01,16,MAW,MAW,A01,A01
procured_balancing_capacity,16,2026-03-02T04:00:00,PT15M,2026-03-02T04:15Z,2026-03-02T04:00Z,1,29.89,9,B95,EUR,A03,A01,16,MAW,MAW,A01,A01
procured_balancing_capacity,16,2026-03-02T04:15:00,PT15M,2026-03-02T04:30Z,2026-03-02T04:15Z,1,29.89,9,B95,EUR,A03,A01,16,MAW,MAW,A01,A01
procured_balancing_capacity,16,2026-03-02T04:30:00,PT15M,2026-03-02T04:45Z,2026-03-02T04:30Z,1,29.89,9,B95,EUR,A03,A01,16,MAW,MAW,A01,A01
procured_balancing_capacity,16,2026-03-02T04:45:00,PT15M,2026-03-02T05:00Z,2026-03-02T04:45Z,1,29.89,9,B95,EUR,A03,A01,16,MAW,MAW,A01,A01
procured_balancing_capacity,16,2026-03-02T05:00:00,PT15M,2026-03-02T05:15Z,2026-03-02T05:00Z,1,29.39,6,B95,EUR,A03,A01,16,MAW,MAW,A01,A01
procured_balancing_capacity,16,2026-03-02T05:15:00,PT15M,2026-03-02T05:30Z,2026-03-02T05:15Z,1,29.39,6,B95,EUR,A03,A01,16,MAW,MAW,A01,A01
procured_balancing_capacity,16,2026-03-02T05:30:00,PT15M,2026-03-02T05:45Z,2026-03-02T05:30Z,1,29.39,6,B95,EUR,A03,A01,16,MAW,MAW,A01,A01
procured_balancing_capacity,16,2026-03-02T05:45:00,PT15M,2026-03-02T06:00Z,2026-03-02T05:45Z,1,29.39,6,B95,EUR,A03,A01,16,MAW,MAW,A01,A01
procured_balancing_capacity,16,2026-03-02T06:00:00,PT15M,2026-03-02T06:15Z,2026-03-02T06:00Z,1,29.39,9,B95,EUR,A03,A01,16,MAW,MAW,A01,A01
procured_balancing_capacity,16,2026-03-02T06:15:00,PT15M,2026-03-02T06:30Z,2026-03-02T06:15Z,1,29.39,9,B95,EUR,A03,A01,16,MAW,MAW,A01,A01
procured_balancing_capacity,16,2026-03-02T06:30:00,PT15M,2026-03-02T06:45Z,2026-03-02T06:30Z,1,29.39,9,B95,EUR,A03,A01,16,MAW,MAW,A01,A01
procured_balancing_capacity,16,2026-03-02T06:45:00,PT15M,2026-03-02T07:00Z,2026-03-02T06:45Z,1,29.39,9,B95,EUR,A03,A01,16,MAW,MAW,A01,A01
procured_balancing_capacity,16,2026-03-02T07:00:00,PT15M,2026-03-02T07:15Z,2026-03-02T07:00Z,1,30.39,9,B95,EUR,A03,A01,16,MAW,MAW,A01,A01
procured_balancing_capacity,16,2026-03-02T07:15:00,PT15M,2026-03-02T07:30Z,2026-03-02T07:15Z,1,30.39,9,B95,EUR,A03,A01,16,MAW,MAW,A01,A01
procured_balancing_capacity,16,2026-03-02T07:30:00,PT15M,2026-03-02T07:45Z,2026-03-02T07:30Z,1,30.39,9,B95,EUR,A03,A01,16,MAW,MAW,A01,A01
procured_balancing_capacity,16,2026-03-02T07:45:00,PT15M,2026-03-02T08:00Z,2026-03-02T07:45Z,1,30.39,9,B95,EUR,A03,A01,16,MAW,MAW,A01,A01
procured_balancing_capacity,16,2026-03-02T08:00:00,PT15M,2026-03-02T08:15Z,2026-03-02T08:00Z,1,30.39,6,B95,EUR,A03,A01,16,MAW,MAW,A01,A01
procured_balancing_capacity,16,2026-03-02T08:15:00,PT15M,2026-03-02T08:30Z,2026-03-02T08:15Z,1,30.39,6,B95,EUR,A03,A01,16,MAW,MAW,A01,A01
procured_balancing_capacity,16,2026-03-02T08:30:00,PT15M,2026-03-02T08:45Z,2026-03-02T08:30Z,1,30.39,6,B95,EUR,A03,A01,16,MAW,MAW,A01,A01
procured_balancing_capacity,16,2026-03-02T08:45:00,PT15M,2026-03-02T09:00Z,2026-03-02T08:45Z,1,30.39,6,B95,EUR,A03,A01,16,MAW,MAW,A01,A01
procured_balancing_capacity,16,2026-03-02T09:00:00,PT15M,2026-03-02T09:15Z,2026-03-02T09:00Z,1,30.39,3,B95,EUR,A03,A01,16,MAW,MAW,A01,A01
procured_balancing_capacity,16,2026-03-02T09:15:00,PT15M,2026-03-02T09:30Z,2026-03-02T09:15Z,1,30.39,3,B95,EUR,A03,A01,16,MAW,MAW,A01,A01
procured_balancing_capacity,16,2026-03-02T09:30:00,PT15M,2026-03-02T09:45Z,2026-03-02T09:30Z,1,30.39,3,B95,EUR,A03,A01,16,MAW,MAW,A01,A01
procured_balancing_capacity,16,2026-03-02T09:45:00,PT15M,2026-03-02T10:00Z,2026-03-02T09:45Z,1,30.39,3,B95,EUR,A03,A01,16,MAW,MAW,A01,A01
procured_balancing_capacity,16,2026-03-02T10:00:00,PT15M,2026-03-02T10:15Z,2026-03-02T10:00Z,1,30.39,3,B95,EUR,A03,A01,16,MAW,MAW,A01,A01
procured_balancing_capacity,16,2026-03-02T10:15:00,PT15M,2026-03-02T10:30Z,2026-03-02T10:15Z,1,30.39,3,B95,EUR,A03,A01,16,MAW,MAW,A01,A01
procured_balancing_capacity,16,2026-03-02T10:30:00,PT15M,2026-03-02T10:45Z,2026-03-02T10:30Z,1,30.39,3,B95,EUR,A03,A01,16,MAW,MAW,A01,A01
procured_balancing_capacity,16,2026-03-02T10:45:00,PT15M,2026-03-02T11:00Z,2026-03-02T10:45Z,1,30.39,3,B95,EUR,A03,A01,16,MAW,MAW,A01,A01
procured_balancing_capacity,16,2026-03-02T11:00:00,PT15M,2026-03-02T11:15Z,2026-03-02T11:00Z,1,30.39,3,B95,EUR,A03,A01,16,MAW,MAW,A01,A01
procured_balancing_capacity,16,2026-03-02T11:15:00,PT15M,2026-03-02T11:30Z,2026-03-02T11:15Z,1,30.39,3,B95,EUR,A03,A01,16,MAW,MAW,A01,A01
procured_balancing_capacity,16,2026-03-02T11:30:00,PT15M,2026-03-02T11:45Z,2026-03-02T11:30Z,1,30.39,3,B95,EUR,A03,A01,16,MAW,MAW,A01,A01
procured_balancing_capacity,16,2026-03-02T11:45:00,PT15M,2026-03-02T12:00Z,2026-03-02T11:45Z,1,30.39,3,B95,EUR,A03,A01,16,MAW,MAW,A01,A01
procured_balancing_capacity,16,2026-03-02T12:00:00,PT15M,2026-03-02T12:15Z,2026-03-02T12:00Z,1,30.39,3,B95,EUR,A03,A01,16,MAW,MAW,A01,A01
procured_balancing_capacity,16,2026-03-02T12:15:00,PT15M,2026-03-02T12:30Z,2026-03-02T12:15Z,1,30.39,3,B95,EUR,A03,A01,16,MAW,MAW,A01,A01
procured_balancing_capacity,16,2026-03-02T12:30:00,PT15M,2026-03-02T12:45Z,2026-03-02T12:30Z,1,30.39,3,B95,EUR,A03,A01,16,MAW,MAW,A01,A01
procured_balancing_capacity,16,2026-03-02T12:45:00,PT15M,2026-03-02T13:00Z,2026-03-02T12:45Z,1,30.39,3,B95,EUR,A03,A01,16,MAW,MAW,A01,A01
procured_balancing_capacity,16,2026-03-02T13:00:00,PT15M,2026-03-02T13:15Z,2026-03-02T13:00Z,1,30.39,3,B95,EUR,A03,A01,16,MAW,MAW,A01,A01
procured_balancing_capacity,16,2026-03-02T13:15:00,PT15M,2026-03-02T13:30Z,2026-03-02T13:15Z,1,30.39,3,B95,EUR,A03,A01,16,MAW,MAW,A01,A01
procured_balancing_capacity,16,2026-03-02T13:30:00,PT15M,2026-03-02T13:45Z,2026-03-02T13:30Z,1,30.39,3,B95,EUR,A03,A01,16,MAW,MAW,A01,A01
procured_balancing_capacity,16,2026-03-02T13:45:00,PT15M,2026-03-02T14:00Z,2026-03-02T13:45Z,1,30.39,3,B95,EUR,A03,A01,16,MAW,MAW,A01,A01
procured_balancing_capacity,16,2026-03-02T14:00:00,PT15M,2026-03-02T14:15Z,2026-03-02T14:00Z,1,30.39,3,B95,EUR,A03,A01,16,MAW,MAW,A01,A01
procured_balancing_capacity,16,2026-03-02T14:15:00,PT15M,2026-03-02T14:30Z,2026-03-02T14:15Z,1,30.39,3,B95,EUR,A03,A01,16,MAW,MAW,A01,A01
procured_balancing_capacity,16,2026-03-02T14:30:00,PT15M,2026-03-02T14:45Z,2026-03-02T14:30Z,1,30.39,3,B95,EUR,A03,A01,16,MAW,MAW,A01,A01
procured_balancing_capacity,16,2026-03-02T14:45:00,PT15M,2026-03-02T15:00Z,2026-03-02T14:45Z,1,30.39,3,B95,EUR,A03,A01,16,MAW,MAW,A01,A01
procured_balancing_capacity,16,2026-03-02T15:00:00,PT15M,2026-03-02T15:15Z,2026-03-02T15:00Z,1,30.39,6,B95,EUR,A03,A01,16,MAW,MAW,A01,A01
procured_balancing_capacity,16,2026-03-02T15:15:00,PT15M,2026-03-02T15:30Z,2026-03-02T15:15Z,1,30.39,6,B95,EUR,A03,A01,16,MAW,MAW,A01,A01
procured_balancing_capacity,16,2026-03-02T15:30:00,PT15M,2026-03-02T15:45Z,2026-03-02T15:30Z,1,30.39,6,B95,EUR,A03,A01,16,MAW,MAW,A01,A01
procured_balancing_capacity,16,2026-03-02T15:45:00,PT15M,2026-03-02T16:00Z,2026-03-02T15:45Z,1,30.39,6,B95,EUR,A03,A01,16,MAW,MAW,A01,A01
procured_balancing_capacity,16,2026-03-02T16:00:00,PT15M,2026-03-02T16:15Z,2026-03-02T16:00Z,1,30.39,9,B95,EUR,A03,A01,16,MAW,MAW,A01,A01
procured_balancing_capacity,16,2026-03-02T16:15:00,PT15M,2026-03-02T16:30Z,2026-03-02T16:15Z,1,30.39,9,B95,EUR,A03,A01,16,MAW,MAW,A01,A01
procured_balancing_capacity,16,2026-03-02T16:30:00,PT15M,2026-03-02T16:45Z,2026-03-02T16:30Z,1,30.39,9,B95,EUR,A03,A01,16,MAW,MAW,A01,A01
procured_balancing_capacity,16,2026-03-02T16:45:00,PT15M,2026-03-02T17:00Z,2026-03-02T16:45Z,1,30.39,9,B95,EUR,A03,A01,16,MAW,MAW,A01,A01
procured_balancing_capacity,16,2026-03-02T17:00:00,PT15M,2026-03-02T17:15Z,2026-03-02T17:00Z,1,30.39,9,B95,EUR,A03,A01,16,MAW,MAW,A01,A01
procured_balancing_capacity,16,2026-03-02T17:15:00,PT15M,2026-03-02T17:30Z,2026-03-02T17:15Z,1,30.39,9,B95,EUR,A03,A01,16,MAW,MAW,A01,A01
procured_balancing_capacity,16,2026-03-02T17:30:00,PT15M,2026-03-02T17:45Z,2026-03-02T17:30Z,1,30.39,9,B95,EUR,A03,A01,16,MAW,MAW,A01,A01
procured_balancing_capacity,16,2026-03-02T17:45:00,PT15M,2026-03-02T18:00Z,2026-03-02T17:45Z,1,30.39,9,B95,EUR,A03,A01,16,MAW,MAW,A01,A01
procured_balancing_capacity,16,2026-03-02T18:00:00,PT15M,2026-03-02T18:15Z,2026-03-02T18:00Z,1,30.39,9,B95,EUR,A03,A01,16,MAW,MAW,A01,A01
procured_balancing_capacity,16,2026-03-02T18:15:00,PT15M,2026-03-02T18:30Z,2026-03-02T18:15Z,1,30.39,9,B95,EUR,A03,A01,16,MAW,MAW,A01,A01
procured_balancing_capacity,16,2026-03-02T18:30:00,PT15M,2026-03-02T18:45Z,2026-03-02T18:30Z,1,30.39,9,B95,EUR,A03,A01,16,MAW,MAW,A01,A01
procured_balancing_capacity,16,2026-03-02T18:45:00,PT15M,2026-03-02T19:00Z,2026-03-02T18:45Z,1,30.39,9,B95,EUR,A03,A01,16,MAW,MAW,A01,A01
procured_balancing_capacity,16,2026-03-02T19:00:00,PT15M,2026-03-02T19:15Z,2026-03-02T19:00Z,1,30.39,9,B95,EUR,A03,A01,16,MAW,MAW,A01,A01
procured_balancing_capacity,16,2026-03-02T19:15:00,PT15M,2026-03-02T19:30Z,2026-03-02T19:15Z,1,30.39,9,B95,EUR,A03,A01,16,MAW,MAW,A01,A01
procured_balancing_capacity,16,2026-03-02T19:30:00,PT15M,2026-03-02T19:45Z,2026-03-02T19:30Z,1,30.39,9,B95,EUR,A03,A01,16,MAW,MAW,A01,A01
procured_balancing_capacity,16,2026-03-02T19:45:00,PT15M,2026-03-02T20:00Z,2026-03-02T19:45Z,1,30.39,9,B95,EUR,A03,A01,16,MAW,MAW,A01,A01
procured_balancing_capacity,16,2026-03-02T20:00:00,PT15M,2026-03-02T20:15Z,2026-03-02T20:00Z,1,30.39,6,B95,EUR,A03,A01,16,MAW,MAW,A01,A01
procured_balancing_capacity,16,2026-03-02T20:15:00,PT15M,2026-03-02T20:30Z,2026-03-02T20:15Z,1,30.39,6,B95,EUR,A03,A01,16,MAW,MAW,A01,A01
procured_balancing_capacity,16,2026-03-02T20:30:00,PT15M,2026-03-02T20:45Z,2026-03-02T20:30Z,1,30.39,6,B95,EUR,A03,A01,16,MAW,MAW,A01,A01
procured_balancing_capacity,16,2026-03-02T20:45:00,PT15M,2026-03-02T21:00Z,2026-03-02T20:45Z,1,30.39,6,B95,EUR,A03,A01,16,MAW,MAW,A01,A01
procured_balancing_capacity,16,2026-03-02T21:00:00,PT15M,2026-03-02T21:15Z,2026-03-02T21:00Z,1,27.79,3,B95,EUR,A03,A01,16,MAW,MAW,A01,A01
procured_balancing_capacity,16,2026-03-02T21:15:00,PT15M,2026-03-02T21:30Z,2026-03-02T21:15Z,1,27.79,3,B95,EUR,A03,A01,16,MAW,MAW,A01,A01
procured_balancing_capacity,16,2026-03-02T21:30:00,PT15M,2026-03-02T21:45Z,2026-03-02T21:30Z,1,27.79,3,B95,EUR,A03,A01,16,MAW,MAW,A01,A01
procured_balancing_capacity,16,2026-03-02T21:45:00,PT15M,2026-03-02T22:00Z,2026-03-02T21:45Z,1,27.79,3,B95,EUR,A03,A01,16,MAW,MAW,A01,A01
procured_balancing_capacity,16,2026-03-02T22:00:00,PT15M,2026-03-02T22:15Z,2026-03-02T22:00Z,1,27.79,3,B95,EUR,A03,A01,16,MAW,MAW,A01,A01
procured_balancing_capacity,16,2026-03-02T22:15:00,PT15M,2026-03-02T22:30Z,2026-03-02T22:15Z,1,27.79,3,B95,EUR,A03,A01,16,MAW,MAW,A01,A01
procured_balancing_capacity,16,2026-03-02T22:30:00,PT15M,2026-03-02T22:45Z,2026-03-02T22:30Z,1,27.79,3,B95,EUR,A03,A01,16,MAW,MAW,A01,A01
procured_balancing_capacity,16,2026-03-02T22:45:00,PT15M,2026-03-02T23:00Z,2026-03-02T22:45Z,1,27.79,3,B95,EUR,A03,A01,16,MAW,MAW,A01,A01
procured_balancing_capacity,17,2026-03-01T23:00:00,PT15M,2026-03-01T23:15Z,2026-03-01T23:00Z,1,9.89,6,B95,EUR,A03,A02,17,MAW,MAW,A01,A01
procured_balancing_capacity,17,2026-03-01T23:15:00,PT15M,2026-03-01T23:30Z,2026-03-01T23:15Z,1,9.89,6,B95,EUR,A03,A02,17,MAW,MAW,A01,A01
procured_balancing_capacity,17,2026-03-01T23:30:00,PT15M,2026-03-01T23:45Z,2026-03-01T23:30Z,1,9.89,6,B95,EUR,A03,A02,17,MAW,MAW,A01,A01
procured_balancing_capacity,17,2026-03-01T23:45:00,PT15M,2026-03-02T00:00Z,2026-03-01T23:45Z,1,9.89,6,B95,EUR,A03,A02,17,MAW,MAW,A01,A01
procured_balancing_capacity,17,2026-03-02T00:00:00,PT15M,2026-03-02T00:15Z,2026-03-02T00:00Z,1,9.89,6,B95,EUR,A03,A02,17,MAW,MAW,A01,A01
procured_balancing_capacity,17,2026-03-02T00:15:00,PT15M,2026-03-02T00:30Z,2026-03-02T00:15Z,1,9.89,6,B95,EUR,A03,A02,17,MAW,MAW,A01,A01
procured_balancing_capacity,17,2026-03-02T00:30:00,PT15M,2026-03-02T00:45Z,2026-03-02T00:30Z,1,9.89,6,B95,EUR,A03,A02,17,MAW,MAW,A01,A01
procured_balancing_capacity,17,2026-03-02T00:45:00,PT15M,2026-03-02T01:00Z,2026-03-02T00:45Z,1,9.89,6,B95,EUR,A03,A02,17,MAW,MAW,A01,A01
procured_balancing_capacity,17,2026-03-02T01:00:00,PT15M,2026-03-02T01:15Z,2026-03-02T01:00Z,1,9.89,6,B95,EUR,A03,A02,17,MAW,MAW,A01,A01
procured_balancing_capacity,17,2026-03-02T01:15:00,PT15M,2026-03-02T01:30Z,2026-03-02T01:15Z,1,9.89,6,B95,EUR,A03,A02,17,MAW,MAW,A01,A01
procured_balancing_capacity,17,2026-03-02T01:30:00,PT15M,2026-03-02T01:45Z,2026-03-02T01:30Z,1,9.89,6,B95,EUR,A03,A02,17,MAW,MAW,A01,A01
procured_balancing_capacity,17,2026-03-02T01:45:00,PT15M,2026-03-02T02:00Z,2026-03-02T01:45Z,1,9.89,6,B95,EUR,A03,A02,17,MAW,MAW,A01,A01
procured_balancing_capacity,17,2026-03-02T02:00:00,PT15M,2026-03-02T02:15Z,2026-03-02T02:00Z,1,9.89,6,B95,EUR,A03,A02,17,MAW,MAW,A01,A01
procured_balancing_capacity,17,2026-03-02T02:15:00,PT15M,2026-03-02T02:30Z,2026-03-02T02:15Z,1,9.89,6,B95,EUR,A03,A02,17,MAW,MAW,A01,A01
procured_balancing_capacity,17,2026-03-02T02:30:00,PT15M,2026-03-02T02:45Z,2026-03-02T02:30Z,1,9.89,6,B95,EUR,A03,A02,17,MAW,MAW,A01,A01
procured_balancing_capacity,17,2026-03-02T02:45:00,PT15M,2026-03-02T03:00Z,2026-03-02T02:45Z,1,9.89,6,B95,EUR,A03,A02,17,MAW,MAW,A01,A01
procured_balancing_capacity,17,2026-03-02T03:00:00,PT15M,2026-03-02T03:15Z,2026-03-02T03:00Z,1,9.89,6,B95,EUR,A03,A02,17,MAW,MAW,A01,A01
procured_balancing_capacity,17,2026-03-02T03:15:00,PT15M,2026-03-02T03:30Z,2026-03-02T03:15Z,1,9.89,6,B95,EUR,A03,A02,17,MAW,MAW,A01,A01
procured_balancing_capacity,17,2026-03-02T03:30:00,PT15M,2026-03-02T03:45Z,2026-03-02T03:30Z,1,9.89,6,B95,EUR,A03,A02,17,MAW,MAW,A01,A01
procured_balancing_capacity,17,2026-03-02T03:45:00,PT15M,2026-03-02T04:00Z,2026-03-02T03:45Z,1,9.89,6,B95,EUR,A03,A02,17,MAW,MAW,A01,A01
procured_balancing_capacity,17,2026-03-02T04:00:00,PT15M,2026-03-02T04:15Z,2026-03-02T04:00Z,1,9.89,11,B95,EUR,A03,A02,17,MAW,MAW,A01,A01
procured_balancing_capacity,17,2026-03-02T04:15:00,PT15M,2026-03-02T04:30Z,2026-03-02T04:15Z,1,9.89,11,B95,EUR,A03,A02,17,MAW,MAW,A01,A01
procured_balancing_capacity,17,2026-03-02T04:30:00,PT15M,2026-03-02T04:45Z,2026-03-02T04:30Z,1,9.89,11,B95,EUR,A03,A02,17,MAW,MAW,A01,A01
procured_balancing_capacity,17,2026-03-02T04:45:00,PT15M,2026-03-02T05:00Z,2026-03-02T04:45Z,1,9.89,11,B95,EUR,A03,A02,17,MAW,MAW,A01,A01
procured_balancing_capacity,17,2026-03-02T05:00:00,PT15M,2026-03-02T05:15Z,2026-03-02T05:00Z,1,9.89,11,B95,EUR,A03,A02,17,MAW,MAW,A01,A01
procured_balancing_capacity,17,2026-03-02T05:15:00,PT15M,2026-03-02T05:30Z,2026-03-02T05:15Z,1,9.89,11,B95,EUR,A03,A02,17,MAW,MAW,A01,A01
procured_balancing_capacity,17,2026-03-02T05:30:00,PT15M,2026-03-02T05:45Z,2026-03-02T05:30Z,1,9.89,11,B95,EUR,A03,A02,17,MAW,MAW,A01,A01
procured_balancing_capacity,17,2026-03-02T05:45:00,PT15M,2026-03-02T06:00Z,2026-03-02T05:45Z,1,9.89,11,B95,EUR,A03,A02,17,MAW,MAW,A01,A01
procured_balancing_capacity,17,2026-03-02T06:00:00,PT15M,2026-03-02T06:15Z,2026-03-02T06:00Z,1,9.89,11,B95,EUR,A03,A02,17,MAW,MAW,A01,A01
procured_balancing_capacity,17,2026-03-02T06:15:00,PT15M,2026-03-02T06:30Z,2026-03-02T06:15Z,1,9.89,11,B95,EUR,A03,A02,17,MAW,MAW,A01,A01
procured_balancing_capacity,17,2026-03-02T06:30:00,PT15M,2026-03-02T06:45Z,2026-03-02T06:30Z,1,9.89,11,B95,EUR,A03,A02,17,MAW,MAW,A01,A01
procured_balancing_capacity,17,2026-03-02T06:45:00,PT15M,2026-03-02T07:00Z,2026-03-02T06:45Z,1,9.89,11,B95,EUR,A03,A02,17,MAW,MAW,A01,A01
procured_balancing_capacity,17,2026-03-02T07:00:00,PT15M,2026-03-02T07:15Z,2026-03-02T07:00Z,1,9.91,11,B95,EUR,A03,A02,17,MAW,MAW,A01,A01
procured_balancing_capacity,17,2026-03-02T07:15:00,PT15M,2026-03-02T07:30Z,2026-03-02T07:15Z,1,9.91,11,B95,EUR,A03,A02,17,MAW,MAW,A01,A01
procured_balancing_capacity,17,2026-03-02T07:30:00,PT15M,2026-03-02T07:45Z,2026-03-02T07:30Z,1,9.91,11,B95,EUR,A03,A02,17,MAW,MAW,A01,A01
procured_balancing_capacity,17,2026-03-02T07:45:00,PT15M,2026-03-02T08:00Z,2026-03-02T07:45Z,1,9.91,11,B95,EUR,A03,A02,17,MAW,MAW,A01,A01
procured_balancing_capacity,17,2026-03-02T08:00:00,PT15M,2026-03-02T08:15Z,2026-03-02T08:00Z,1,9.91,11,B95,EUR,A03,A02,17,MAW,MAW,A01,A01
procured_balancing_capacity,17,2026-03-02T08:15:00,PT15M,2026-03-02T08:30Z,2026-03-02T08:15Z,1,9.91,11,B95,EUR,A03,A02,17,MAW,MAW,A01,A01
procured_balancing_capacity,17,2026-03-02T08:30:00,PT15M,2026-03-02T08:45Z,2026-03-02T08:30Z,1,9.91,11,B95,EUR,A03,A02,17,MAW,MAW,A01,A01
procured_balancing_capacity,17,2026-03-02T08:45:00,PT15M,2026-03-02T09:00Z,2026-03-02T08:45Z,1,9.91,11,B95,EUR,A03,A02,17,MAW,MAW,A01,A01
procured_balancing_capacity,17,2026-03-02T09:00:00,PT15M,2026-03-02T09:15Z,2026-03-02T09:00Z,1,9.91,6,B95,EUR,A03,A02,17,MAW,MAW,A01,A01
procured_balancing_capacity,17,2026-03-02T09:15:00,PT15M,2026-03-02T09:30Z,2026-03-02T09:15Z,1,9.91,6,B95,EUR,A03,A02,17,MAW,MAW,A01,A01
procured_balancing_capacity,17,2026-03-02T09:30:00,PT15M,2026-03-02T09:45Z,2026-03-02T09:30Z,1,9.91,6,B95,EUR,A03,A02,17,MAW,MAW,A01,A01
procured_balancing_capacity,17,2026-03-02T09:45:00,PT15M,2026-03-02T10:00Z,2026-03-02T09:45Z,1,9.91,6,B95,EUR,A03,A02,17,MAW,MAW,A01,A01
procured_balancing_capacity,17,2026-03-02T10:00:00,PT15M,2026-03-02T10:15Z,2026-03-02T10:00Z,1,9.91,6,B95,EUR,A03,A02,17,MAW,MAW,A01,A01
procured_balancing_capacity,17,2026-03-02T10:15:00,PT15M,2026-03-02T10:30Z,2026-03-02T10:15Z,1,9.91,6,B95,EUR,A03,A02,17,MAW,MAW,A01,A01
procured_balancing_capacity,17,2026-03-02T10:30:00,PT15M,2026-03-02T10:45Z,2026-03-02T10:30Z,1,9.91,6,B95,EUR,A03,A02,17,MAW,MAW,A01,A01
procured_balancing_capacity,17,2026-03-02T10:45:00,PT15M,2026-03-02T11:00Z,2026-03-02T10:45Z,1,9.91,6,B95,EUR,A03,A02,17,MAW,MAW,A01,A01
procured_balancing_capacity,17,2026-03-02T11:00:00,PT15M,2026-03-02T11:15Z,2026-03-02T11:00Z,1,9.91,6,B95,EUR,A03,A02,17,MAW,MAW,A01,A01
procured_balancing_capacity,17,2026-03-02T11:15:00,PT15M,2026-03-02T11:30Z,2026-03-02T11:15Z,1,9.91,6,B95,EUR,A03,A02,17,MAW,MAW,A01,A01
procured_balancing_capacity,17,2026-03-02T11:30:00,PT15M,2026-03-02T11:45Z,2026-03-02T11:30Z,1,9.91,6,B95,EUR,A03,A02,17,MAW,MAW,A01,A01
procured_balancing_capacity,17,2026-03-02T11:45:00,PT15M,2026-03-02T12:00Z,2026-03-02T11:45Z,1,9.91,6,B95,EUR,A03,A02,17,MAW,MAW,A01,A01
procured_balancing_capacity,17,2026-03-02T12:00:00,PT15M,2026-03-02T12:15Z,2026-03-02T12:00Z,1,9.91,6,B95,EUR,A03,A02,17,MAW,MAW,A01,A01
procured_balancing_capacity,17,2026-03-02T12:15:00,PT15M,2026-03-02T12:30Z,2026-03-02T12:15Z,1,9.91,6,B95,EUR,A03,A02,17,MAW,MAW,A01,A01
procured_balancing_capacity,17,2026-03-02T12:30:00,PT15M,2026-03-02T12:45Z,2026-03-02T12:30Z,1,9.91,6,B95,EUR,A03,A02,17,MAW,MAW,A01,A01
procured_balancing_capacity,17,2026-03-02T12:45:00,PT15M,2026-03-02T13:00Z,2026-03-02T12:45Z,1,9.91,6,B95,EUR,A03,A02,17,MAW,MAW,A01,A01
procured_balancing_capacity,17,2026-03-02T13:00:00,PT15M,2026-03-02T13:15Z,2026-03-02T13:00Z,1,9.91,6,B95,EUR,A03,A02,17,MAW,MAW,A01,A01
procured_balancing_capacity,17,2026-03-02T13:15:00,PT15M,2026-03-02T13:30Z,2026-03-02T13:15Z,1,9.91,6,B95,EUR,A03,A02,17,MAW,MAW,A01,A01
procured_balancing_capacity,17,2026-03-02T13:30:00,PT15M,2026-03-02T13:45Z,2026-03-02T13:30Z,1,9.91,6,B95,EUR,A03,A02,17,MAW,MAW,A01,A01
procured_balancing_capacity,17,2026-03-02T13:45:00,PT15M,2026-03-02T14:00Z,2026-03-02T13:45Z,1,9.91,6,B95,EUR,A03,A02,17,MAW,MAW,A01,A01
procured_balancing_capacity,17,2026-03-02T14:00:00,PT15M,2026-03-02T14:15Z,2026-03-02T14:00Z,1,9.91,6,B95,EUR,A03,A02,17,MAW,MAW,A01,A01
procured_balancing_capacity,17,2026-03-02T14:15:00,PT15M,2026-03-02T14:30Z,2026-03-02T14:15Z,1,9.91,6,B95,EUR,A03,A02,17,MAW,MAW,A01,A01
procured_balancing_capacity,17,2026-03-02T14:30:00,PT15M,2026-03-02T14:45Z,2026-03-02T14:30Z,1,9.91,6,B95,EUR,A03,A02,17,MAW,MAW,A01,A01
procured_balancing_capacity,17,2026-03-02T14:45:00,PT15M,2026-03-02T15:00Z,2026-03-02T14:45Z,1,9.91,6,B95,EUR,A03,A02,17,MAW,MAW,A01,A01
procured_balancing_capacity,17,2026-03-02T15:00:00,PT15M,2026-03-02T15:15Z,2026-03-02T15:00Z,1,9.89,11,B95,EUR,A03,A02,17,MAW,MAW,A01,A01
procured_balancing_capacity,17,2026-03-02T15:15:00,PT15M,2026-03-02T15:30Z,2026-03-02T15:15Z,1,9.89,11,B95,EUR,A03,A02,17,MAW,MAW,A01,A01
procured_balancing_capacity,17,2026-03-02T15:30:00,PT15M,2026-03-02T15:45Z,2026-03-02T15:30Z,1,9.89,11,B95,EUR,A03,A02,17,MAW,MAW,A01,A01
procured_balancing_capacity,17,2026-03-02T15:45:00,PT15M,2026-03-02T16:00Z,2026-03-02T15:45Z,1,9.89,11,B95,EUR,A03,A02,17,MAW,MAW,A01,A01
procured_balancing_capacity,17,2026-03-02T16:00:00,PT15M,2026-03-02T16:15Z,2026-03-02T16:00Z,1,10.17,11,B95,EUR,A03,A02,17,MAW,MAW,A01,A01
procured_balancing_capacity,17,2026-03-02T16:15:00,PT15M,2026-03-02T16:30Z,2026-03-02T16:15Z,1,10.17,11,B95,EUR,A03,A02,17,MAW,MAW,A01,A01
procured_balancing_capacity,17,2026-03-02T16:30:00,PT15M,2026-03-02T16:45Z,2026-03-02T16:30Z,1,10.17,11,B95,EUR,A03,A02,17,MAW,MAW,A01,A01
procured_balancing_capacity,17,2026-03-02T16:45:00,PT15M,2026-03-02T17:00Z,2026-03-02T16:45Z,1,10.17,11,B95,EUR,A03,A02,17,MAW,MAW,A01,A01
procured_balancing_capacity,17,2026-03-02T17:00:00,PT15M,2026-03-02T17:15Z,2026-03-02T17:00Z,1,10.17,11,B95,EUR,A03,A02,17,MAW,MAW,A01,A01
procured_balancing_capacity,17,2026-03-02T17:15:00,PT15M,2026-03-02T17:30Z,2026-03-02T17:15Z,1,10.17,11,B95,EUR,A03,A02,17,MAW,MAW,A01,A01
procured_balancing_capacity,17,2026-03-02T17:30:00,PT15M,2026-03-02T17:45Z,2026-03-02T17:30Z,1,10.17,11,B95,EUR,A03,A02,17,MAW,MAW,A01,A01
procured_balancing_capacity,17,2026-03-02T17:45:00,PT15M,2026-03-02T18:00Z,2026-03-02T17:45Z,1,10.17,11,B95,EUR,A03,A02,17,MAW,MAW,A01,A01
procured_balancing_capacity,17,2026-03-02T18:00:00,PT15M,2026-03-02T18:15Z,2026-03-02T18:00Z,1,10.17,11,B95,EUR,A03,A02,17,MAW,MAW,A01,A01
procured_balancing_capacity,17,2026-03-02T18:15:00,PT15M,2026-03-02T18:30Z,2026-03-02T18:15Z,1,10.17,11,B95,EUR,A03,A02,17,MAW,MAW,A01,A01
procured_balancing_capacity,17,2026-03-02T18:30:00,PT15M,2026-03-02T18:45Z,2026-03-02T18:30Z,1,10.17,11,B95,EUR,A03,A02,17,MAW,MAW,A01,A01
procured_balancing_capacity,17,2026-03-02T18:45:00,PT15M,2026-03-02T19:00Z,2026-03-02T18:45Z,1,10.17,11,B95,EUR,A03,A02,17,MAW,MAW,A01,A01
procured_balancing_capacity,17,2026-03-02T19:00:00,PT15M,2026-03-02T19:15Z,2026-03-02T19:00Z,1,9.89,11,B95,EUR,A03,A02,17,MAW,MAW,A01,A01
procured_balancing_capacity,17,2026-03-02T19:15:00,PT15M,2026-03-02T19:30Z,2026-03-02T19:15Z,1,9.89,11,B95,EUR,A03,A02,17,MAW,MAW,A01,A01
procured_balancing_capacity,17,2026-03-02T19:30:00,PT15M,2026-03-02T19:45Z,2026-03-02T19:30Z,1,9.89,11,B95,EUR,A03,A02,17,MAW,MAW,A01,A01
procured_balancing_capacity,17,2026-03-02T19:45:00,PT15M,2026-03-02T20:00Z,2026-03-02T19:45Z,1,9.89,11,B95,EUR,A03,A02,17,MAW,MAW,A01,A01
procured_balancing_capacity,17,2026-03-02T20:00:00,PT15M,2026-03-02T20:15Z,2026-03-02T20:00Z,1,9.89,11,B95,EUR,A03,A02,17,MAW,MAW,A01,A01
procured_balancing_capacity,17,2026-03-02T20:15:00,PT15M,2026-03-02T20:30Z,2026-03-02T20:15Z,1,9.89,11,B95,EUR,A03,A02,17,MAW,MAW,A01,A01
procured_balancing_capacity,17,2026-03-02T20:30:00,PT15M,2026-03-02T20:45Z,2026-03-02T20:30Z,1,9.89,11,B95,EUR,A03,A02,17,MAW,MAW,A01,A01
procured_balancing_capacity,17,2026-03-02T20:45:00,PT15M,2026-03-02T21:00Z,2026-03-02T20:45Z,1,9.89,11,B95,EUR,A03,A02,17,MAW,MAW,A01,A01
procured_balancing_capacity,17,2026-03-02T21:00:00,PT15M,2026-03-02T21:15Z,2026-03-02T21:00Z,1,9.89,6,B95,EUR,A03,A02,17,MAW,MAW,A01,A01
procured_balancing_capacity,17,2026-03-02T21:15:00,PT15M,2026-03-02T21:30Z,2026-03-02T21:15Z,1,9.89,6,B95,EUR,A03,A02,17,MAW,MAW,A01,A01
procured_balancing_capacity,17,2026-03-02T21:30:00,PT15M,2026-03-02T21:45Z,2026-03-02T21:30Z,1,9.89,6,B95,EUR,A03,A02,17,MAW,MAW,A01,A01
procured_balancing_capacity,17,2026-03-02T21:45:00,PT15M,2026-03-02T22:00Z,2026-03-02T21:45Z,1,9.89,6,B95,EUR,A03,A02,17,MAW,MAW,A01,A01
procured_balancing_capacity,17,2026-03-02T22:00:00,PT15M,2026-03-02T22:15Z,2026-03-02T22:00Z,1,9.89,6,B95,EUR,A03,A02,17,MAW,MAW,A01,A01
procured_balancing_capacity,17,2026-03-02T22:15:00,PT15M,2026-03-02T22:30Z,2026-03-02T22:15Z,1,9.89,6,B95,EUR,A03,A02,17,MAW,MAW,A01,A01
procured_balancing_capacity,17,2026-03-02T22:30:00,PT15M,2026-03-02T22:45Z,2026-03-02T22:30Z,1,9.89,6,B95,EUR,A03,A02,17,MAW,MAW,A01,A01
procured_balancing_capacity,17,2026-03-02T22:45:00,PT15M,2026-03-02T23:00Z,2026-03-02T22:45Z,1,9.89,6,B95,EUR,A03,A02,17,MAW,MAW,A01,A01
procured_balancing_capacity,18,2026-03-01T23:00:00,PT15M,2026-03-01T23:15Z,2026-03-01T23:00Z,1,28.7,3,B95,EUR,A03,A01,18,MAW,MAW,A01,A01
procured_balancing_capacity,18,2026-03-01T23:15:00,PT15M,2026-03-01T23:30Z,2026-03-01T23:15Z,1,28.7,3,B95,EUR,A03,A01,18,MAW,MAW,A01,A01
procured_balancing_capacity,18,2026-03-01T23:30:00,PT15M,2026-03-01T23:45Z,2026-03-01T23:30Z,1,28.7,3,B95,EUR,A03,A01,18,MAW,MAW,A01,A01
procured_balancing_capacity,18,2026-03-01T23:45:00,PT15M,2026-03-02T00:00Z,2026-03-01T23:45Z,1,28.7,3,B95,EUR,A03,A01,18,MAW,MAW,A01,A01
procured_balancing_capacity,18,2026-03-02T00:00:00,PT15M,2026-03-02T00:15Z,2026-03-02T00:00Z,1,28.7,3,B95,EUR,A03,A01,18,MAW,MAW,A01,A01
procured_balancing_capacity,18,2026-03-02T00:15:00,PT15M,2026-03-02T00:30Z,2026-03-02T00:15Z,1,28.7,3,B95,EUR,A03,A01,18,MAW,MAW,A01,A01
procured_balancing_capacity,18,2026-03-02T00:30:00,PT15M,2026-03-02T00:45Z,2026-03-02T00:30Z,1,28.7,3,B95,EUR,A03,A01,18,MAW,MAW,A01,A01
procured_balancing_capacity,18,2026-03-02T00:45:00,PT15M,2026-03-02T01:00Z,2026-03-02T00:45Z,1,28.7,3,B95,EUR,A03,A01,18,MAW,MAW,A01,A01
procured_balancing_capacity,18,2026-03-02T01:00:00,PT15M,2026-03-02T01:15Z,2026-03-02T01:00Z,1,28.7,3,B95,EUR,A03,A01,18,MAW,MAW,A01,A01
procured_balancing_capacity,18,2026-03-02T01:15:00,PT15M,2026-03-02T01:30Z,2026-03-02T01:15Z,1,28.7,3,B95,EUR,A03,A01,18,MAW,MAW,A01,A01
procured_balancing_capacity,18,2026-03-02T01:30:00,PT15M,2026-03-02T01:45Z,2026-03-02T01:30Z,1,28.7,3,B95,EUR,A03,A01,18,MAW,MAW,A01,A01
procured_balancing_capacity,18,2026-03-02T01:45:00,PT15M,2026-03-02T02:00Z,2026-03-02T01:45Z,1,28.7,3,B95,EUR,A03,A01,18,MAW,MAW,A01,A01
procured_balancing_capacity,18,2026-03-02T02:00:00,PT15M,2026-03-02T02:15Z,2026-03-02T02:00Z,1,28.7,2,B95,EUR,A03,A01,18,MAW,MAW,A01,A01
procured_balancing_capacity,18,2026-03-02T02:15:00,PT15M,2026-03-02T02:30Z,2026-03-02T02:15Z,1,28.7,2,B95,EUR,A03,A01,18,MAW,MAW,A01,A01
procured_balancing_capacity,18,2026-03-02T02:30:00,PT15M,2026-03-02T02:45Z,2026-03-02T02:30Z,1,28.7,2,B95,EUR,A03,A01,18,MAW,MAW,A01,A01
procured_balancing_capacity,18,2026-03-02T02:45:00,PT15M,2026-03-02T03:00Z,2026-03-02T02:45Z,1,28.7,2,B95,EUR,A03,A01,18,MAW,MAW,A01,A01
procured_balancing_capacity,18,2026-03-02T03:00:00,PT15M,2026-03-02T03:15Z,2026-03-02T03:00Z,1,0,0,B95,EUR,A03,A01,18,MAW,MAW,A01,A01
procured_balancing_capacity,18,2026-03-02T03:15:00,PT15M,2026-03-02T03:30Z,2026-03-02T03:15Z,1,0,0,B95,EUR,A03,A01,18,MAW,MAW,A01,A01
procured_balancing_capacity,18,2026-03-02T03:30:00,PT15M,2026-03-02T03:45Z,2026-03-02T03:30Z,1,0,0,B95,EUR,A03,A01,18,MAW,MAW,A01,A01
procured_balancing_capacity,18,2026-03-02T03:45:00,PT15M,2026-03-02T04:00Z,2026-03-02T03:45Z,1,0,0,B95,EUR,A03,A01,18,MAW,MAW,A01,A01
procured_balancing_capacity,18,2026-03-02T04:00:00,PT15M,2026-03-02T04:15Z,2026-03-02T04:00Z,1,0,0,B95,EUR,A03,A01,18,MAW,MAW,A01,A01
procured_balancing_capacity,18,2026-03-02T04:15:00,PT15M,2026-03-02T04:30Z,2026-03-02T04:15Z,1,0,0,B95,EUR,A03,A01,18,MAW,MAW,A01,A01
procured_balancing_capacity,18,2026-03-02T04:30:00,PT15M,2026-03-02T04:45Z,2026-03-02T04:30Z,1,0,0,B95,EUR,A03,A01,18,MAW,MAW,A01,A01
procured_balancing_capacity,18,2026-03-02T04:45:00,PT15M,2026-03-02T05:00Z,2026-03-02T04:45Z,1,0,0,B95,EUR,A03,A01,18,MAW,MAW,A01,A01
procured_balancing_capacity,18,2026-03-02T05:00:00,PT15M,2026-03-02T05:15Z,2026-03-02T05:00Z,1,0,0,B95,EUR,A03,A01,18,MAW,MAW,A01,A01
procured_balancing_capacity,18,2026-03-02T05:15:00,PT15M,2026-03-02T05:30Z,2026-03-02T05:15Z,1,0,0,B95,EUR,A03,A01,18,MAW,MAW,A01,A01
procured_balancing_capacity,18,2026-03-02T05:30:00,PT15M,2026-03-02T05:45Z,2026-03-02T05:30Z,1,0,0,B95,EUR,A03,A01,18,MAW,MAW,A01,A01
procured_balancing_capacity,18,2026-03-02T05:45:00,PT15M,2026-03-02T06:00Z,2026-03-02T05:45Z,1,0,0,B95,EUR,A03,A01,18,MAW,MAW,A01,A01
procured_balancing_capacity,18,2026-03-02T06:00:00,PT15M,2026-03-02T06:15Z,2026-03-02T06:00Z,1,0,0,B95,EUR,A03,A01,18,MAW,MAW,A01,A01
procured_balancing_capacity,18,2026-03-02T06:15:00,PT15M,2026-03-02T06:30Z,2026-03-02T06:15Z,1,0,0,B95,EUR,A03,A01,18,MAW,MAW,A01,A01
procured_balancing_capacity,18,2026-03-02T06:30:00,PT15M,2026-03-02T06:45Z,2026-03-02T06:30Z,1,0,0,B95,EUR,A03,A01,18,MAW,MAW,A01,A01
procured_balancing_capacity,18,2026-03-02T06:45:00,PT15M,2026-03-02T07:00Z,2026-03-02T06:45Z,1,0,0,B95,EUR,A03,A01,18,MAW,MAW,A01,A01
procured_balancing_capacity,18,2026-03-02T07:00:00,PT15M,2026-03-02T07:15Z,2026-03-02T07:00Z,1,32.9,1,B95,EUR,A03,A01,18,MAW,MAW,A01,A01
procured_balancing_capacity,18,2026-03-02T07:15:00,PT15M,2026-03-02T07:30Z,2026-03-02T07:15Z,1,32.9,1,B95,EUR,A03,A01,18,MAW,MAW,A01,A01
procured_balancing_capacity,18,2026-03-02T07:30:00,PT15M,2026-03-02T07:45Z,2026-03-02T07:30Z,1,32.9,1,B95,EUR,A03,A01,18,MAW,MAW,A01,A01
procured_balancing_capacity,18,2026-03-02T07:45:00,PT15M,2026-03-02T08:00Z,2026-03-02T07:45Z,1,32.9,1,B95,EUR,A03,A01,18,MAW,MAW,A01,A01
procured_balancing_capacity,18,2026-03-02T08:00:00,PT15M,2026-03-02T08:15Z,2026-03-02T08:00Z,1,32.9,2,B95,EUR,A03,A01,18,MAW,MAW,A01,A01
procured_balancing_capacity,18,2026-03-02T08:15:00,PT15M,2026-03-02T08:30Z,2026-03-02T08:15Z,1,32.9,2,B95,EUR,A03,A01,18,MAW,MAW,A01,A01
procured_balancing_capacity,18,2026-03-02T08:30:00,PT15M,2026-03-02T08:45Z,2026-03-02T08:30Z,1,32.9,2,B95,EUR,A03,A01,18,MAW,MAW,A01,A01
procured_balancing_capacity,18,2026-03-02T08:45:00,PT15M,2026-03-02T09:00Z,2026-03-02T08:45Z,1,32.9,2,B95,EUR,A03,A01,18,MAW,MAW,A01,A01
procured_balancing_capacity,18,2026-03-02T09:00:00,PT15M,2026-03-02T09:15Z,2026-03-02T09:00Z,1,32.9,2,B95,EUR,A03,A01,18,MAW,MAW,A01,A01
procured_balancing_capacity,18,2026-03-02T09:15:00,PT15M,2026-03-02T09:30Z,2026-03-02T09:15Z,1,32.9,2,B95,EUR,A03,A01,18,MAW,MAW,A01,A01
procured_balancing_capacity,18,2026-03-02T09:30:00,PT15M,2026-03-02T09:45Z,2026-03-02T09:30Z,1,32.9,2,B95,EUR,A03,A01,18,MAW,MAW,A01,A01
procured_balancing_capacity,18,2026-03-02T09:45:00,PT15M,2026-03-02T10:00Z,2026-03-02T09:45Z,1,32.9,2,B95,EUR,A03,A01,18,MAW,MAW,A01,A01
procured_balancing_capacity,18,2026-03-02T10:00:00,PT15M,2026-03-02T10:15Z,2026-03-02T10:00Z,1,32.9,2,B95,EUR,A03,A01,18,MAW,MAW,A01,A01
procured_balancing_capacity,18,2026-03-02T10:15:00,PT15M,2026-03-02T10:30Z,2026-03-02T10:15Z,1,32.9,2,B95,EUR,A03,A01,18,MAW,MAW,A01,A01
procured_balancing_capacity,18,2026-03-02T10:30:00,PT15M,2026-03-02T10:45Z,2026-03-02T10:30Z,1,32.9,2,B95,EUR,A03,A01,18,MAW,MAW,A01,A01
procured_balancing_capacity,18,2026-03-02T10:45:00,PT15M,2026-03-02T11:00Z,2026-03-02T10:45Z,1,32.9,2,B95,EUR,A03,A01,18,MAW,MAW,A01,A01
procured_balancing_capacity,18,2026-03-02T11:00:00,PT15M,2026-03-02T11:15Z,2026-03-02T11:00Z,1,32.9,2,B95,EUR,A03,A01,18,MAW,MAW,A01,A01
procured_balancing_capacity,18,2026-03-02T11:15:00,PT15M,2026-03-02T11:30Z,2026-03-02T11:15Z,1,32.9,2,B95,EUR,A03,A01,18,MAW,MAW,A01,A01
procured_balancing_capacity,18,2026-03-02T11:30:00,PT15M,2026-03-02T11:45Z,2026-03-02T11:30Z,1,32.9,2,B95,EUR,A03,A01,18,MAW,MAW,A01,A01
procured_balancing_capacity,18,2026-03-02T11:45:00,PT15M,2026-03-02T12:00Z,2026-03-02T11:45Z,1,32.9,2,B95,EUR,A03,A01,18,MAW,MAW,A01,A01
procured_balancing_capacity,18,2026-03-02T12:00:00,PT15M,2026-03-02T12:15Z,2026-03-02T12:00Z,1,32.9,2,B95,EUR,A03,A01,18,MAW,MAW,A01,A01
procured_balancing_capacity,18,2026-03-02T12:15:00,PT15M,2026-03-02T12:30Z,2026-03-02T12:15Z,1,32.9,2,B95,EUR,A03,A01,18,MAW,MAW,A01,A01
procured_balancing_capacity,18,2026-03-02T12:30:00,PT15M,2026-03-02T12:45Z,2026-03-02T12:30Z,1,32.9,2,B95,EUR,A03,A01,18,MAW,MAW,A01,A01
procured_balancing_capacity,18,2026-03-02T12:45:00,PT15M,2026-03-02T13:00Z,2026-03-02T12:45Z,1,32.9,2,B95,EUR,A03,A01,18,MAW,MAW,A01,A01
procured_balancing_capacity,18,2026-03-02T13:00:00,PT15M,2026-03-02T13:15Z,2026-03-02T13:00Z,1,32.9,2,B95,EUR,A03,A01,18,MAW,MAW,A01,A01
procured_balancing_capacity,18,2026-03-02T13:15:00,PT15M,2026-03-02T13:30Z,2026-03-02T13:15Z,1,32.9,2,B95,EUR,A03,A01,18,MAW,MAW,A01,A01
procured_balancing_capacity,18,2026-03-02T13:30:00,PT15M,2026-03-02T13:45Z,2026-03-02T13:30Z,1,32.9,2,B95,EUR,A03,A01,18,MAW,MAW,A01,A01
procured_balancing_capacity,18,2026-03-02T13:45:00,PT15M,2026-03-02T14:00Z,2026-03-02T13:45Z,1,32.9,2,B95,EUR,A03,A01,18,MAW,MAW,A01,A01
procured_balancing_capacity,18,2026-03-02T14:00:00,PT15M,2026-03-02T14:15Z,2026-03-02T14:00Z,1,32.9,2,B95,EUR,A03,A01,18,MAW,MAW,A01,A01
procured_balancing_capacity,18,2026-03-02T14:15:00,PT15M,2026-03-02T14:30Z,2026-03-02T14:15Z,1,32.9,2,B95,EUR,A03,A01,18,MAW,MAW,A01,A01
procured_balancing_capacity,18,2026-03-02T14:30:00,PT15M,2026-03-02T14:45Z,2026-03-02T14:30Z,1,32.9,2,B95,EUR,A03,A01,18,MAW,MAW,A01,A01
procured_balancing_capacity,18,2026-03-02T14:45:00,PT15M,2026-03-02T15:00Z,2026-03-02T14:45Z,1,32.9,2,B95,EUR,A03,A01,18,MAW,MAW,A01,A01
procured_balancing_capacity,18,2026-03-02T15:00:00,PT15M,2026-03-02T15:15Z,2026-03-02T15:00Z,1,32.9,2,B95,EUR,A03,A01,18,MAW,MAW,A01,A01
procured_balancing_capacity,18,2026-03-02T15:15:00,PT15M,2026-03-02T15:30Z,2026-03-02T15:15Z,1,32.9,2,B95,EUR,A03,A01,18,MAW,MAW,A01,A01
procured_balancing_capacity,18,2026-03-02T15:30:00,PT15M,2026-03-02T15:45Z,2026-03-02T15:30Z,1,32.9,2,B95,EUR,A03,A01,18,MAW,MAW,A01,A01
procured_balancing_capacity,18,2026-03-02T15:45:00,PT15M,2026-03-02T16:00Z,2026-03-02T15:45Z,1,32.9,2,B95,EUR,A03,A01,18,MAW,MAW,A01,A01
procured_balancing_capacity,18,2026-03-02T16:00:00,PT15M,2026-03-02T16:15Z,2026-03-02T16:00Z,1,32.9,1,B95,EUR,A03,A01,18,MAW,MAW,A01,A01
procured_balancing_capacity,18,2026-03-02T16:15:00,PT15M,2026-03-02T16:30Z,2026-03-02T16:15Z,1,32.9,1,B95,EUR,A03,A01,18,MAW,MAW,A01,A01
procured_balancing_capacity,18,2026-03-02T16:30:00,PT15M,2026-03-02T16:45Z,2026-03-02T16:30Z,1,32.9,1,B95,EUR,A03,A01,18,MAW,MAW,A01,A01
procured_balancing_capacity,18,2026-03-02T16:45:00,PT15M,2026-03-02T17:00Z,2026-03-02T16:45Z,1,32.9,1,B95,EUR,A03,A01,18,MAW,MAW,A01,A01
procured_balancing_capacity,18,2026-03-02T17:00:00,PT15M,2026-03-02T17:15Z,2026-03-02T17:00Z,1,32.9,1,B95,EUR,A03,A01,18,MAW,MAW,A01,A01
procured_balancing_capacity,18,2026-03-02T17:15:00,PT15M,2026-03-02T17:30Z,2026-03-02T17:15Z,1,32.9,1,B95,EUR,A03,A01,18,MAW,MAW,A01,A01
procured_balancing_capacity,18,2026-03-02T17:30:00,PT15M,2026-03-02T17:45Z,2026-03-02T17:30Z,1,32.9,1,B95,EUR,A03,A01,18,MAW,MAW,A01,A01
procured_balancing_capacity,18,2026-03-02T17:45:00,PT15M,2026-03-02T18:00Z,2026-03-02T17:45Z,1,32.9,1,B95,EUR,A03,A01,18,MAW,MAW,A01,A01
procured_balancing_capacity,18,2026-03-02T18:00:00,PT15M,2026-03-02T18:15Z,2026-03-02T18:00Z,1,32.9,1,B95,EUR,A03,A01,18,MAW,MAW,A01,A01
procured_balancing_capacity,18,2026-03-02T18:15:00,PT15M,2026-03-02T18:30Z,2026-03-02T18:15Z,1,32.9,1,B95,EUR,A03,A01,18,MAW,MAW,A01,A01
procured_balancing_capacity,18,2026-03-02T18:30:00,PT15M,2026-03-02T18:45Z,2026-03-02T18:30Z,1,32.9,1,B95,EUR,A03,A01,18,MAW,MAW,A01,A01
procured_balancing_capacity,18,2026-03-02T18:45:00,PT15M,2026-03-02T19:00Z,2026-03-02T18:45Z,1,32.9,1,B95,EUR,A03,A01,18,MAW,MAW,A01,A01
procured_balancing_capacity,18,2026-03-02T19:00:00,PT15M,2026-03-02T19:15Z,2026-03-02T19:00Z,1,32.9,1,B95,EUR,A03,A01,18,MAW,MAW,A01,A01
procured_balancing_capacity,18,2026-03-02T19:15:00,PT15M,2026-03-02T19:30Z,2026-03-02T19:15Z,1,32.9,1,B95,EUR,A03,A01,18,MAW,MAW,A01,A01
procured_balancing_capacity,18,2026-03-02T19:30:00,PT15M,2026-03-02T19:45Z,2026-03-02T19:30Z,1,32.9,1,B95,EUR,A03,A01,18,MAW,MAW,A01,A01
procured_balancing_capacity,18,2026-03-02T19:45:00,PT15M,2026-03-02T20:00Z,2026-03-02T19:45Z,1,32.9,1,B95,EUR,A03,A01,18,MAW,MAW,A01,A01
procured_balancing_capacity,18,2026-03-02T20:00:00,PT15M,2026-03-02T20:15Z,2026-03-02T20:00Z,1,32.9,2,B95,EUR,A03,A01,18,MAW,MAW,A01,A01
procured_balancing_capacity,18,2026-03-02T20:15:00,PT15M,2026-03-02T20:30Z,2026-03-02T20:15Z,1,32.9,2,B95,EUR,A03,A01,18,MAW,MAW,A01,A01
procured_balancing_capacity,18,2026-03-02T20:30:00,PT15M,2026-03-02T20:45Z,2026-03-02T20:30Z,1,32.9,2,B95,EUR,A03,A01,18,MAW,MAW,A01,A01
procured_balancing_capacity,18,2026-03-02T20:45:00,PT15M,2026-03-02T21:00Z,2026-03-02T20:45Z,1,32.9,2,B95,EUR,A03,A01,18,MAW,MAW,A01,A01
procured_balancing_capacity,18,2026-03-02T21:00:00,PT15M,2026-03-02T21:15Z,2026-03-02T21:00Z,1,29.7,3,B95,EUR,A03,A01,18,MAW,MAW,A01,A01
procured_balancing_capacity,18,2026-03-02T21:15:00,PT15M,2026-03-02T21:30Z,2026-03-02T21:15Z,1,29.7,3,B95,EUR,A03,A01,18,MAW,MAW,A01,A01
procured_balancing_capacity,18,2026-03-02T21:30:00,PT15M,2026-03-02T21:45Z,2026-03-02T21:30Z,1,29.7,3,B95,EUR,A03,A01,18,MAW,MAW,A01,A01
procured_balancing_capacity,18,2026-03-02T21:45:00,PT15M,2026-03-02T22:00Z,2026-03-02T21:45Z,1,29.7,3,B95,EUR,A03,A01,18,MAW,MAW,A01,A01
procured_balancing_capacity,18,2026-03-02T22:00:00,PT15M,2026-03-02T22:15Z,2026-03-02T22:00Z,1,29.7,3,B95,EUR,A03,A01,18,MAW,MAW,A01,A01
procured_balancing_capacity,18,2026-03-02T22:15:00,PT15M,2026-03-02T22:30Z,2026-03-02T22:15Z,1,29.7,3,B95,EUR,A03,A01,18,MAW,MAW,A01,A01
procured_balancing_capacity,18,2026-03-02T22:30:00,PT15M,2026-03-02T22:45Z,2026-03-02T22:30Z,1,29.7,3,B95,EUR,A03,A01,18,MAW,MAW,A01,A01
procured_balancing_capacity,18,2026-03-02T22:45:00,PT15M,2026-03-02T23:00Z,2026-03-02T22:45Z,1,29.7,3,B95,EUR,A03,A01,18,MAW,MAW,A01,A01
procured_balancing_capacity,19,2026-03-01T23:00:00,PT15M,2026-03-01T23:15Z,2026-03-01T23:00Z,1,9.9,1,B95,EUR,A03,A02,19,MAW,MAW,A01,A01
procured_balancing_capacity,19,2026-03-01T23:15:00,PT15M,2026-03-01T23:30Z,2026-03-01T23:15Z,1,9.9,1,B95,EUR,A03,A02,19,MAW,MAW,A01,A01
procured_balancing_capacity,19,2026-03-01T23:30:00,PT15M,2026-03-01T23:45Z,2026-03-01T23:30Z,1,9.9,1,B95,EUR,A03,A02,19,MAW,MAW,A01,A01
procured_balancing_capacity,19,2026-03-01T23:45:00,PT15M,2026-03-02T00:00Z,2026-03-01T23:45Z,1,9.9,1,B95,EUR,A03,A02,19,MAW,MAW,A01,A01
procured_balancing_capacity,19,2026-03-02T00:00:00,PT15M,2026-03-02T00:15Z,2026-03-02T00:00Z,1,9.9,1,B95,EUR,A03,A02,19,MAW,MAW,A01,A01
procured_balancing_capacity,19,2026-03-02T00:15:00,PT15M,2026-03-02T00:30Z,2026-03-02T00:15Z,1,9.9,1,B95,EUR,A03,A02,19,MAW,MAW,A01,A01
procured_balancing_capacity,19,2026-03-02T00:30:00,PT15M,2026-03-02T00:45Z,2026-03-02T00:30Z,1,9.9,1,B95,EUR,A03,A02,19,MAW,MAW,A01,A01
procured_balancing_capacity,19,2026-03-02T00:45:00,PT15M,2026-03-02T01:00Z,2026-03-02T00:45Z,1,9.9,1,B95,EUR,A03,A02,19,MAW,MAW,A01,A01
procured_balancing_capacity,19,2026-03-02T01:00:00,PT15M,2026-03-02T01:15Z,2026-03-02T01:00Z,1,9.9,1,B95,EUR,A03,A02,19,MAW,MAW,A01,A01
procured_balancing_capacity,19,2026-03-02T01:15:00,PT15M,2026-03-02T01:30Z,2026-03-02T01:15Z,1,9.9,1,B95,EUR,A03,A02,19,MAW,MAW,A01,A01
procured_balancing_capacity,19,2026-03-02T01:30:00,PT15M,2026-03-02T01:45Z,2026-03-02T01:30Z,1,9.9,1,B95,EUR,A03,A02,19,MAW,MAW,A01,A01
procured_balancing_capacity,19,2026-03-02T01:45:00,PT15M,2026-03-02T02:00Z,2026-03-02T01:45Z,1,9.9,1,B95,EUR,A03,A02,19,MAW,MAW,A01,A01
procured_balancing_capacity,19,2026-03-02T02:00:00,PT15M,2026-03-02T02:15Z,2026-03-02T02:00Z,1,9.9,2,B95,EUR,A03,A02,19,MAW,MAW,A01,A01
procured_balancing_capacity,19,2026-03-02T02:15:00,PT15M,2026-03-02T02:30Z,2026-03-02T02:15Z,1,9.9,2,B95,EUR,A03,A02,19,MAW,MAW,A01,A01
procured_balancing_capacity,19,2026-03-02T02:30:00,PT15M,2026-03-02T02:45Z,2026-03-02T02:30Z,1,9.9,2,B95,EUR,A03,A02,19,MAW,MAW,A01,A01
procured_balancing_capacity,19,2026-03-02T02:45:00,PT15M,2026-03-02T03:00Z,2026-03-02T02:45Z,1,9.9,2,B95,EUR,A03,A02,19,MAW,MAW,A01,A01
procured_balancing_capacity,19,2026-03-02T03:00:00,PT15M,2026-03-02T03:15Z,2026-03-02T03:00Z,1,9.9,4,B95,EUR,A03,A02,19,MAW,MAW,A01,A01
procured_balancing_capacity,19,2026-03-02T03:15:00,PT15M,2026-03-02T03:30Z,2026-03-02T03:15Z,1,9.9,4,B95,EUR,A03,A02,19,MAW,MAW,A01,A01
procured_balancing_capacity,19,2026-03-02T03:30:00,PT15M,2026-03-02T03:45Z,2026-03-02T03:30Z,1,9.9,4,B95,EUR,A03,A02,19,MAW,MAW,A01,A01
procured_balancing_capacity,19,2026-03-02T03:45:00,PT15M,2026-03-02T04:00Z,2026-03-02T03:45Z,1,9.9,4,B95,EUR,A03,A02,19,MAW,MAW,A01,A01
procured_balancing_capacity,19,2026-03-02T04:00:00,PT15M,2026-03-02T04:15Z,2026-03-02T04:00Z,1,9.9,4,B95,EUR,A03,A02,19,MAW,MAW,A01,A01
procured_balancing_capacity,19,2026-03-02T04:15:00,PT15M,2026-03-02T04:30Z,2026-03-02T04:15Z,1,9.9,4,B95,EUR,A03,A02,19,MAW,MAW,A01,A01
procured_balancing_capacity,19,2026-03-02T04:30:00,PT15M,2026-03-02T04:45Z,2026-03-02T04:30Z,1,9.9,4,B95,EUR,A03,A02,19,MAW,MAW,A01,A01
procured_balancing_capacity,19,2026-03-02T04:45:00,PT15M,2026-03-02T05:00Z,2026-03-02T04:45Z,1,9.9,4,B95,EUR,A03,A02,19,MAW,MAW,A01,A01
procured_balancing_capacity,19,2026-03-02T05:00:00,PT15M,2026-03-02T05:15Z,2026-03-02T05:00Z,1,10.3,4,B95,EUR,A03,A02,19,MAW,MAW,A01,A01
procured_balancing_capacity,19,2026-03-02T05:15:00,PT15M,2026-03-02T05:30Z,2026-03-02T05:15Z,1,10.3,4,B95,EUR,A03,A02,19,MAW,MAW,A01,A01
procured_balancing_capacity,19,2026-03-02T05:30:00,PT15M,2026-03-02T05:45Z,2026-03-02T05:30Z,1,10.3,4,B95,EUR,A03,A02,19,MAW,MAW,A01,A01
procured_balancing_capacity,19,2026-03-02T05:45:00,PT15M,2026-03-02T06:00Z,2026-03-02T05:45Z,1,10.3,4,B95,EUR,A03,A02,19,MAW,MAW,A01,A01
procured_balancing_capacity,19,2026-03-02T06:00:00,PT15M,2026-03-02T06:15Z,2026-03-02T06:00Z,1,10.3,4,B95,EUR,A03,A02,19,MAW,MAW,A01,A01
procured_balancing_capacity,19,2026-03-02T06:15:00,PT15M,2026-03-02T06:30Z,2026-03-02T06:15Z,1,10.3,4,B95,EUR,A03,A02,19,MAW,MAW,A01,A01
procured_balancing_capacity,19,2026-03-02T06:30:00,PT15M,2026-03-02T06:45Z,2026-03-02T06:30Z,1,10.3,4,B95,EUR,A03,A02,19,MAW,MAW,A01,A01
procured_balancing_capacity,19,2026-03-02T06:45:00,PT15M,2026-03-02T07:00Z,2026-03-02T06:45Z,1,10.3,4,B95,EUR,A03,A02,19,MAW,MAW,A01,A01
procured_balancing_capacity,19,2026-03-02T07:00:00,PT15M,2026-03-02T07:15Z,2026-03-02T07:00Z,1,10.3,3,B95,EUR,A03,A02,19,MAW,MAW,A01,A01
procured_balancing_capacity,19,2026-03-02T07:15:00,PT15M,2026-03-02T07:30Z,2026-03-02T07:15Z,1,10.3,3,B95,EUR,A03,A02,19,MAW,MAW,A01,A01
procured_balancing_capacity,19,2026-03-02T07:30:00,PT15M,2026-03-02T07:45Z,2026-03-02T07:30Z,1,10.3,3,B95,EUR,A03,A02,19,MAW,MAW,A01,A01
procured_balancing_capacity,19,2026-03-02T07:45:00,PT15M,2026-03-02T08:00Z,2026-03-02T07:45Z,1,10.3,3,B95,EUR,A03,A02,19,MAW,MAW,A01,A01
procured_balancing_capacity,19,2026-03-02T08:00:00,PT15M,2026-03-02T08:15Z,2026-03-02T08:00Z,1,10.3,2,B95,EUR,A03,A02,19,MAW,MAW,A01,A01
procured_balancing_capacity,19,2026-03-02T08:15:00,PT15M,2026-03-02T08:30Z,2026-03-02T08:15Z,1,10.3,2,B95,EUR,A03,A02,19,MAW,MAW,A01,A01
procured_balancing_capacity,19,2026-03-02T08:30:00,PT15M,2026-03-02T08:45Z,2026-03-02T08:30Z,1,10.3,2,B95,EUR,A03,A02,19,MAW,MAW,A01,A01
procured_balancing_capacity,19,2026-03-02T08:45:00,PT15M,2026-03-02T09:00Z,2026-03-02T08:45Z,1,10.3,2,B95,EUR,A03,A02,19,MAW,MAW,A01,A01
procured_balancing_capacity,19,2026-03-02T09:00:00,PT15M,2026-03-02T09:15Z,2026-03-02T09:00Z,1,10.3,2,B95,EUR,A03,A02,19,MAW,MAW,A01,A01
procured_balancing_capacity,19,2026-03-02T09:15:00,PT15M,2026-03-02T09:30Z,2026-03-02T09:15Z,1,10.3,2,B95,EUR,A03,A02,19,MAW,MAW,A01,A01
procured_balancing_capacity,19,2026-03-02T09:30:00,PT15M,2026-03-02T09:45Z,2026-03-02T09:30Z,1,10.3,2,B95,EUR,A03,A02,19,MAW,MAW,A01,A01
procured_balancing_capacity,19,2026-03-02T09:45:00,PT15M,2026-03-02T10:00Z,2026-03-02T09:45Z,1,10.3,2,B95,EUR,A03,A02,19,MAW,MAW,A01,A01
procured_balancing_capacity,19,2026-03-02T10:00:00,PT15M,2026-03-02T10:15Z,2026-03-02T10:00Z,1,10.3,2,B95,EUR,A03,A02,19,MAW,MAW,A01,A01
procured_balancing_capacity,19,2026-03-02T10:15:00,PT15M,2026-03-02T10:30Z,2026-03-02T10:15Z,1,10.3,2,B95,EUR,A03,A02,19,MAW,MAW,A01,A01
procured_balancing_capacity,19,2026-03-02T10:30:00,PT15M,2026-03-02T10:45Z,2026-03-02T10:30Z,1,10.3,2,B95,EUR,A03,A02,19,MAW,MAW,A01,A01
procured_balancing_capacity,19,2026-03-02T10:45:00,PT15M,2026-03-02T11:00Z,2026-03-02T10:45Z,1,10.3,2,B95,EUR,A03,A02,19,MAW,MAW,A01,A01
procured_balancing_capacity,19,2026-03-02T11:00:00,PT15M,2026-03-02T11:15Z,2026-03-02T11:00Z,1,10.3,2,B95,EUR,A03,A02,19,MAW,MAW,A01,A01
procured_balancing_capacity,19,2026-03-02T11:15:00,PT15M,2026-03-02T11:30Z,2026-03-02T11:15Z,1,10.3,2,B95,EUR,A03,A02,19,MAW,MAW,A01,A01
procured_balancing_capacity,19,2026-03-02T11:30:00,PT15M,2026-03-02T11:45Z,2026-03-02T11:30Z,1,10.3,2,B95,EUR,A03,A02,19,MAW,MAW,A01,A01
procured_balancing_capacity,19,2026-03-02T11:45:00,PT15M,2026-03-02T12:00Z,2026-03-02T11:45Z,1,10.3,2,B95,EUR,A03,A02,19,MAW,MAW,A01,A01
procured_balancing_capacity,19,2026-03-02T12:00:00,PT15M,2026-03-02T12:15Z,2026-03-02T12:00Z,1,10.3,2,B95,EUR,A03,A02,19,MAW,MAW,A01,A01
procured_balancing_capacity,19,2026-03-02T12:15:00,PT15M,2026-03-02T12:30Z,2026-03-02T12:15Z,1,10.3,2,B95,EUR,A03,A02,19,MAW,MAW,A01,A01
procured_balancing_capacity,19,2026-03-02T12:30:00,PT15M,2026-03-02T12:45Z,2026-03-02T12:30Z,1,10.3,2,B95,EUR,A03,A02,19,MAW,MAW,A01,A01
procured_balancing_capacity,19,2026-03-02T12:45:00,PT15M,2026-03-02T13:00Z,2026-03-02T12:45Z,1,10.3,2,B95,EUR,A03,A02,19,MAW,MAW,A01,A01
procured_balancing_capacity,19,2026-03-02T13:00:00,PT15M,2026-03-02T13:15Z,2026-03-02T13:00Z,1,10.3,2,B95,EUR,A03,A02,19,MAW,MAW,A01,A01
procured_balancing_capacity,19,2026-03-02T13:15:00,PT15M,2026-03-02T13:30Z,2026-03-02T13:15Z,1,10.3,2,B95,EUR,A03,A02,19,MAW,MAW,A01,A01
procured_balancing_capacity,19,2026-03-02T13:30:00,PT15M,2026-03-02T13:45Z,2026-03-02T13:30Z,1,10.3,2,B95,EUR,A03,A02,19,MAW,MAW,A01,A01
procured_balancing_capacity,19,2026-03-02T13:45:00,PT15M,2026-03-02T14:00Z,2026-03-02T13:45Z,1,10.3,2,B95,EUR,A03,A02,19,MAW,MAW,A01,A01
procured_balancing_capacity,19,2026-03-02T14:00:00,PT15M,2026-03-02T14:15Z,2026-03-02T14:00Z,1,10.3,2,B95,EUR,A03,A02,19,MAW,MAW,A01,A01
procured_balancing_capacity,19,2026-03-02T14:15:00,PT15M,2026-03-02T14:30Z,2026-03-02T14:15Z,1,10.3,2,B95,EUR,A03,A02,19,MAW,MAW,A01,A01
procured_balancing_capacity,19,2026-03-02T14:30:00,PT15M,2026-03-02T14:45Z,2026-03-02T14:30Z,1,10.3,2,B95,EUR,A03,A02,19,MAW,MAW,A01,A01
procured_balancing_capacity,19,2026-03-02T14:45:00,PT15M,2026-03-02T15:00Z,2026-03-02T14:45Z,1,10.3,2,B95,EUR,A03,A02,19,MAW,MAW,A01,A01
procured_balancing_capacity,19,2026-03-02T15:00:00,PT15M,2026-03-02T15:15Z,2026-03-02T15:00Z,1,10.3,2,B95,EUR,A03,A02,19,MAW,MAW,A01,A01
procured_balancing_capacity,19,2026-03-02T15:15:00,PT15M,2026-03-02T15:30Z,2026-03-02T15:15Z,1,10.3,2,B95,EUR,A03,A02,19,MAW,MAW,A01,A01
procured_balancing_capacity,19,2026-03-02T15:30:00,PT15M,2026-03-02T15:45Z,2026-03-02T15:30Z,1,10.3,2,B95,EUR,A03,A02,19,MAW,MAW,A01,A01
procured_balancing_capacity,19,2026-03-02T15:45:00,PT15M,2026-03-02T16:00Z,2026-03-02T15:45Z,1,10.3,2,B95,EUR,A03,A02,19,MAW,MAW,A01,A01
procured_balancing_capacity,19,2026-03-02T16:00:00,PT15M,2026-03-02T16:15Z,2026-03-02T16:00Z,1,10.3,3,B95,EUR,A03,A02,19,MAW,MAW,A01,A01
procured_balancing_capacity,19,2026-03-02T16:15:00,PT15M,2026-03-02T16:30Z,2026-03-02T16:15Z,1,10.3,3,B95,EUR,A03,A02,19,MAW,MAW,A01,A01
procured_balancing_capacity,19,2026-03-02T16:30:00,PT15M,2026-03-02T16:45Z,2026-03-02T16:30Z,1,10.3,3,B95,EUR,A03,A02,19,MAW,MAW,A01,A01
procured_balancing_capacity,19,2026-03-02T16:45:00,PT15M,2026-03-02T17:00Z,2026-03-02T16:45Z,1,10.3,3,B95,EUR,A03,A02,19,MAW,MAW,A01,A01
procured_balancing_capacity,19,2026-03-02T17:00:00,PT15M,2026-03-02T17:15Z,2026-03-02T17:00Z,1,10.3,3,B95,EUR,A03,A02,19,MAW,MAW,A01,A01
procured_balancing_capacity,19,2026-03-02T17:15:00,PT15M,2026-03-02T17:30Z,2026-03-02T17:15Z,1,10.3,3,B95,EUR,A03,A02,19,MAW,MAW,A01,A01
procured_balancing_capacity,19,2026-03-02T17:30:00,PT15M,2026-03-02T17:45Z,2026-03-02T17:30Z,1,10.3,3,B95,EUR,A03,A02,19,MAW,MAW,A01,A01
procured_balancing_capacity,19,2026-03-02T17:45:00,PT15M,2026-03-02T18:00Z,2026-03-02T17:45Z,1,10.3,3,B95,EUR,A03,A02,19,MAW,MAW,A01,A01
procured_balancing_capacity,19,2026-03-02T18:00:00,PT15M,2026-03-02T18:15Z,2026-03-02T18:00Z,1,10.3,3,B95,EUR,A03,A02,19,MAW,MAW,A01,A01
procured_balancing_capacity,19,2026-03-02T18:15:00,PT15M,2026-03-02T18:30Z,2026-03-02T18:15Z,1,10.3,3,B95,EUR,A03,A02,19,MAW,MAW,A01,A01
procured_balancing_capacity,19,2026-03-02T18:30:00,PT15M,2026-03-02T18:45Z,2026-03-02T18:30Z,1,10.3,3,B95,EUR,A03,A02,19,MAW,MAW,A01,A01
procured_balancing_capacity,19,2026-03-02T18:45:00,PT15M,2026-03-02T19:00Z,2026-03-02T18:45Z,1,10.3,3,B95,EUR,A03,A02,19,MAW,MAW,A01,A01
procured_balancing_capacity,19,2026-03-02T19:00:00,PT15M,2026-03-02T19:15Z,2026-03-02T19:00Z,1,10.3,3,B95,EUR,A03,A02,19,MAW,MAW,A01,A01
procured_balancing_capacity,19,2026-03-02T19:15:00,PT15M,2026-03-02T19:30Z,2026-03-02T19:15Z,1,10.3,3,B95,EUR,A03,A02,19,MAW,MAW,A01,A01
procured_balancing_capacity,19,2026-03-02T19:30:00,PT15M,2026-03-02T19:45Z,2026-03-02T19:30Z,1,10.3,3,B95,EUR,A03,A02,19,MAW,MAW,A01,A01
procured_balancing_capacity,19,2026-03-02T19:45:00,PT15M,2026-03-02T20:00Z,2026-03-02T19:45Z,1,10.3,3,B95,EUR,A03,A02,19,MAW,MAW,A01,A01
procured_balancing_capacity,19,2026-03-02T20:00:00,PT15M,2026-03-02T20:15Z,2026-03-02T20:00Z,1,10.3,2,B95,EUR,A03,A02,19,MAW,MAW,A01,A01
procured_balancing_capacity,19,2026-03-02T20:15:00,PT15M,2026-03-02T20:30Z,2026-03-02T20:15Z,1,10.3,2,B95,EUR,A03,A02,19,MAW,MAW,A01,A01
procured_balancing_capacity,19,2026-03-02T20:30:00,PT15M,2026-03-02T20:45Z,2026-03-02T20:30Z,1,10.3,2,B95,EUR,A03,A02,19,MAW,MAW,A01,A01
procured_balancing_capacity,19,2026-03-02T20:45:00,PT15M,2026-03-02T21:00Z,2026-03-02T20:45Z,1,10.3,2,B95,EUR,A03,A02,19,MAW,MAW,A01,A01
procured_balancing_capacity,19,2026-03-02T21:00:00,PT15M,2026-03-02T21:15Z,2026-03-02T21:00Z,1,9.9,1,B95,EUR,A03,A02,19,MAW,MAW,A01,A01
procured_balancing_capacity,19,2026-03-02T21:15:00,PT15M,2026-03-02T21:30Z,2026-03-02T21:15Z,1,9.9,1,B95,EUR,A03,A02,19,MAW,MAW,A01,A01
procured_balancing_capacity,19,2026-03-02T21:30:00,PT15M,2026-03-02T21:45Z,2026-03-02T21:30Z,1,9.9,1,B95,EUR,A03,A02,19,MAW,MAW,A01,A01
procured_balancing_capacity,19,2026-03-02T21:45:00,PT15M,2026-03-02T22:00Z,2026-03-02T21:45Z,1,9.9,1,B95,EUR,A03,A02,19,MAW,MAW,A01,A01
procured_balancing_capacity,19,2026-03-02T22:00:00,PT15M,2026-03-02T22:15Z,2026-03-02T22:00Z,1,9.9,1,B95,EUR,A03,A02,19,MAW,MAW,A01,A01
procured_balancing_capacity,19,2026-03-02T22:15:00,PT15M,2026-03-02T22:30Z,2026-03-02T22:15Z,1,9.9,1,B95,EUR,A03,A02,19,MAW,MAW,A01,A01
procured_balancing_capacity,19,2026-03-02T22:30:00,PT15M,2026-03-02T22:45Z,2026-03-02T22:30Z,1,9.9,1,B95,EUR,A03,A02,19,MAW,MAW,A01,A01
procured_balancing_capacity,19,2026-03-02T22:45:00,PT15M,2026-03-02T23:00Z,2026-03-02T22:45Z,1,9.9,1,B95,EUR,A03,A02,19,MAW,MAW,A01,A01
procured_balancing_capacity,20,2026-03-01T23:00:00,PT15M,2026-03-01T23:15Z,2026-03-01T23:00Z,1,0,0,B95,EUR,A03,A01,20,MAW,MAW,A01,A01
procured_balancing_capacity,20,2026-03-01T23:15:00,PT15M,2026-03-01T23:30Z,2026-03-01T23:15Z,1,0,0,B95,EUR,A03,A01,20,MAW,MAW,A01,A01
procured_balancing_capacity,20,2026-03-01T23:30:00,PT15M,2026-03-01T23:45Z,2026-03-01T23:30Z,1,0,0,B95,EUR,A03,A01,20,MAW,MAW,A01,A01
procured_balancing_capacity,20,2026-03-01T23:45:00,PT15M,2026-03-02T00:00Z,2026-03-01T23:45Z,1,0,0,B95,EUR,A03,A01,20,MAW,MAW,A01,A01
procured_balancing_capacity,20,2026-03-02T00:00:00,PT15M,2026-03-02T00:15Z,2026-03-02T00:00Z,1,0,0,B95,EUR,A03,A01,20,MAW,MAW,A01,A01
procured_balancing_capacity,20,2026-03-02T00:15:00,PT15M,2026-03-02T00:30Z,2026-03-02T00:15Z,1,0,0,B95,EUR,A03,A01,20,MAW,MAW,A01,A01
procured_balancing_capacity,20,2026-03-02T00:30:00,PT15M,2026-03-02T00:45Z,2026-03-02T00:30Z,1,0,0,B95,EUR,A03,A01,20,MAW,MAW,A01,A01
procured_balancing_capacity,20,2026-03-02T00:45:00,PT15M,2026-03-02T01:00Z,2026-03-02T00:45Z,1,0,0,B95,EUR,A03,A01,20,MAW,MAW,A01,A01
procured_balancing_capacity,20,2026-03-02T01:00:00,PT15M,2026-03-02T01:15Z,2026-03-02T01:00Z,1,0,0,B95,EUR,A03,A01,20,MAW,MAW,A01,A01
procured_balancing_capacity,20,2026-03-02T01:15:00,PT15M,2026-03-02T01:30Z,2026-03-02T01:15Z,1,0,0,B95,EUR,A03,A01,20,MAW,MAW,A01,A01
procured_balancing_capacity,20,2026-03-02T01:30:00,PT15M,2026-03-02T01:45Z,2026-03-02T01:30Z,1,0,0,B95,EUR,A03,A01,20,MAW,MAW,A01,A01
procured_balancing_capacity,20,2026-03-02T01:45:00,PT15M,2026-03-02T02:00Z,2026-03-02T01:45Z,1,0,0,B95,EUR,A03,A01,20,MAW,MAW,A01,A01
procured_balancing_capacity,20,2026-03-02T02:00:00,PT15M,2026-03-02T02:15Z,2026-03-02T02:00Z,1,0,0,B95,EUR,A03,A01,20,MAW,MAW,A01,A01
procured_balancing_capacity,20,2026-03-02T02:15:00,PT15M,2026-03-02T02:30Z,2026-03-02T02:15Z,1,0,0,B95,EUR,A03,A01,20,MAW,MAW,A01,A01
procured_balancing_capacity,20,2026-03-02T02:30:00,PT15M,2026-03-02T02:45Z,2026-03-02T02:30Z,1,0,0,B95,EUR,A03,A01,20,MAW,MAW,A01,A01
procured_balancing_capacity,20,2026-03-02T02:45:00,PT15M,2026-03-02T03:00Z,2026-03-02T02:45Z,1,0,0,B95,EUR,A03,A01,20,MAW,MAW,A01,A01
procured_balancing_capacity,20,2026-03-02T03:00:00,PT15M,2026-03-02T03:15Z,2026-03-02T03:00Z,1,0,0,B95,EUR,A03,A01,20,MAW,MAW,A01,A01
procured_balancing_capacity,20,2026-03-02T03:15:00,PT15M,2026-03-02T03:30Z,2026-03-02T03:15Z,1,0,0,B95,EUR,A03,A01,20,MAW,MAW,A01,A01
procured_balancing_capacity,20,2026-03-02T03:30:00,PT15M,2026-03-02T03:45Z,2026-03-02T03:30Z,1,0,0,B95,EUR,A03,A01,20,MAW,MAW,A01,A01
procured_balancing_capacity,20,2026-03-02T03:45:00,PT15M,2026-03-02T04:00Z,2026-03-02T03:45Z,1,0,0,B95,EUR,A03,A01,20,MAW,MAW,A01,A01
procured_balancing_capacity,20,2026-03-02T04:00:00,PT15M,2026-03-02T04:15Z,2026-03-02T04:00Z,1,0,0,B95,EUR,A03,A01,20,MAW,MAW,A01,A01
procured_balancing_capacity,20,2026-03-02T04:15:00,PT15M,2026-03-02T04:30Z,2026-03-02T04:15Z,1,0,0,B95,EUR,A03,A01,20,MAW,MAW,A01,A01
procured_balancing_capacity,20,2026-03-02T04:30:00,PT15M,2026-03-02T04:45Z,2026-03-02T04:30Z,1,0,0,B95,EUR,A03,A01,20,MAW,MAW,A01,A01
procured_balancing_capacity,20,2026-03-02T04:45:00,PT15M,2026-03-02T05:00Z,2026-03-02T04:45Z,1,0,0,B95,EUR,A03,A01,20,MAW,MAW,A01,A01
procured_balancing_capacity,20,2026-03-02T05:00:00,PT15M,2026-03-02T05:15Z,2026-03-02T05:00Z,1,0,0,B95,EUR,A03,A01,20,MAW,MAW,A01,A01
procured_balancing_capacity,20,2026-03-02T05:15:00,PT15M,2026-03-02T05:30Z,2026-03-02T05:15Z,1,0,0,B95,EUR,A03,A01,20,MAW,MAW,A01,A01
procured_balancing_capacity,20,2026-03-02T05:30:00,PT15M,2026-03-02T05:45Z,2026-03-02T05:30Z,1,0,0,B95,EUR,A03,A01,20,MAW,MAW,A01,A01
procured_balancing_capacity,20,2026-03-02T05:45:00,PT15M,2026-03-02T06:00Z,2026-03-02T05:45Z,1,0,0,B95,EUR,A03,A01,20,MAW,MAW,A01,A01
procured_balancing_capacity,20,2026-03-02T06:00:00,PT15M,2026-03-02T06:15Z,2026-03-02T06:00Z,1,0,0,B95,EUR,A03,A01,20,MAW,MAW,A01,A01
procured_balancing_capacity,20,2026-03-02T06:15:00,PT15M,2026-03-02T06:30Z,2026-03-02T06:15Z,1,0,0,B95,EUR,A03,A01,20,MAW,MAW,A01,A01
procured_balancing_capacity,20,2026-03-02T06:30:00,PT15M,2026-03-02T06:45Z,2026-03-02T06:30Z,1,0,0,B95,EUR,A03,A01,20,MAW,MAW,A01,A01
procured_balancing_capacity,20,2026-03-02T06:45:00,PT15M,2026-03-02T07:00Z,2026-03-02T06:45Z,1,0,0,B95,EUR,A03,A01,20,MAW,MAW,A01,A01
procured_balancing_capacity,20,2026-03-02T07:00:00,PT15M,2026-03-02T07:15Z,2026-03-02T07:00Z,1,0,0,B95,EUR,A03,A01,20,MAW,MAW,A01,A01
procured_balancing_capacity,20,2026-03-02T07:15:00,PT15M,2026-03-02T07:30Z,2026-03-02T07:15Z,1,0,0,B95,EUR,A03,A01,20,MAW,MAW,A01,A01
procured_balancing_capacity,20,2026-03-02T07:30:00,PT15M,2026-03-02T07:45Z,2026-03-02T07:30Z,1,0,0,B95,EUR,A03,A01,20,MAW,MAW,A01,A01
procured_balancing_capacity,20,2026-03-02T07:45:00,PT15M,2026-03-02T08:00Z,2026-03-02T07:45Z,1,0,0,B95,EUR,A03,A01,20,MAW,MAW,A01,A01
procured_balancing_capacity,20,2026-03-02T08:00:00,PT15M,2026-03-02T08:15Z,2026-03-02T08:00Z,1,0,0,B95,EUR,A03,A01,20,MAW,MAW,A01,A01
procured_balancing_capacity,20,2026-03-02T08:15:00,PT15M,2026-03-02T08:30Z,2026-03-02T08:15Z,1,0,0,B95,EUR,A03,A01,20,MAW,MAW,A01,A01
procured_balancing_capacity,20,2026-03-02T08:30:00,PT15M,2026-03-02T08:45Z,2026-03-02T08:30Z,1,0,0,B95,EUR,A03,A01,20,MAW,MAW,A01,A01
procured_balancing_capacity,20,2026-03-02T08:45:00,PT15M,2026-03-02T09:00Z,2026-03-02T08:45Z,1,0,0,B95,EUR,A03,A01,20,MAW,MAW,A01,A01
procured_balancing_capacity,20,2026-03-02T09:00:00,PT15M,2026-03-02T09:15Z,2026-03-02T09:00Z,1,0,0,B95,EUR,A03,A01,20,MAW,MAW,A01,A01
procured_balancing_capacity,20,2026-03-02T09:15:00,PT15M,2026-03-02T09:30Z,2026-03-02T09:15Z,1,0,0,B95,EUR,A03,A01,20,MAW,MAW,A01,A01
procured_balancing_capacity,20,2026-03-02T09:30:00,PT15M,2026-03-02T09:45Z,2026-03-02T09:30Z,1,0,0,B95,EUR,A03,A01,20,MAW,MAW,A01,A01
procured_balancing_capacity,20,2026-03-02T09:45:00,PT15M,2026-03-02T10:00Z,2026-03-02T09:45Z,1,0,0,B95,EUR,A03,A01,20,MAW,MAW,A01,A01
procured_balancing_capacity,20,2026-03-02T10:00:00,PT15M,2026-03-02T10:15Z,2026-03-02T10:00Z,1,0,0,B95,EUR,A03,A01,20,MAW,MAW,A01,A01
procured_balancing_capacity,20,2026-03-02T10:15:00,PT15M,2026-03-02T10:30Z,2026-03-02T10:15Z,1,0,0,B95,EUR,A03,A01,20,MAW,MAW,A01,A01
procured_balancing_capacity,20,2026-03-02T10:30:00,PT15M,2026-03-02T10:45Z,2026-03-02T10:30Z,1,0,0,B95,EUR,A03,A01,20,MAW,MAW,A01,A01
procured_balancing_capacity,20,2026-03-02T10:45:00,PT15M,2026-03-02T11:00Z,2026-03-02T10:45Z,1,0,0,B95,EUR,A03,A01,20,MAW,MAW,A01,A01
procured_balancing_capacity,20,2026-03-02T11:00:00,PT15M,2026-03-02T11:15Z,2026-03-02T11:00Z,1,0,0,B95,EUR,A03,A01,20,MAW,MAW,A01,A01
procured_balancing_capacity,20,2026-03-02T11:15:00,PT15M,2026-03-02T11:30Z,2026-03-02T11:15Z,1,0,0,B95,EUR,A03,A01,20,MAW,MAW,A01,A01
procured_balancing_capacity,20,2026-03-02T11:30:00,PT15M,2026-03-02T11:45Z,2026-03-02T11:30Z,1,0,0,B95,EUR,A03,A01,20,MAW,MAW,A01,A01
procured_balancing_capacity,20,2026-03-02T11:45:00,PT15M,2026-03-02T12:00Z,2026-03-02T11:45Z,1,0,0,B95,EUR,A03,A01,20,MAW,MAW,A01,A01
procured_balancing_capacity,20,2026-03-02T12:00:00,PT15M,2026-03-02T12:15Z,2026-03-02T12:00Z,1,0,0,B95,EUR,A03,A01,20,MAW,MAW,A01,A01
procured_balancing_capacity,20,2026-03-02T12:15:00,PT15M,2026-03-02T12:30Z,2026-03-02T12:15Z,1,0,0,B95,EUR,A03,A01,20,MAW,MAW,A01,A01
procured_balancing_capacity,20,2026-03-02T12:30:00,PT15M,2026-03-02T12:45Z,2026-03-02T12:30Z,1,0,0,B95,EUR,A03,A01,20,MAW,MAW,A01,A01
procured_balancing_capacity,20,2026-03-02T12:45:00,PT15M,2026-03-02T13:00Z,2026-03-02T12:45Z,1,0,0,B95,EUR,A03,A01,20,MAW,MAW,A01,A01
procured_balancing_capacity,20,2026-03-02T13:00:00,PT15M,2026-03-02T13:15Z,2026-03-02T13:00Z,1,0,0,B95,EUR,A03,A01,20,MAW,MAW,A01,A01
procured_balancing_capacity,20,2026-03-02T13:15:00,PT15M,2026-03-02T13:30Z,2026-03-02T13:15Z,1,0,0,B95,EUR,A03,A01,20,MAW,MAW,A01,A01
procured_balancing_capacity,20,2026-03-02T13:30:00,PT15M,2026-03-02T13:45Z,2026-03-02T13:30Z,1,0,0,B95,EUR,A03,A01,20,MAW,MAW,A01,A01
procured_balancing_capacity,20,2026-03-02T13:45:00,PT15M,2026-03-02T14:00Z,2026-03-02T13:45Z,1,0,0,B95,EUR,A03,A01,20,MAW,MAW,A01,A01
procured_balancing_capacity,20,2026-03-02T14:00:00,PT15M,2026-03-02T14:15Z,2026-03-02T14:00Z,1,0,0,B95,EUR,A03,A01,20,MAW,MAW,A01,A01
procured_balancing_capacity,20,2026-03-02T14:15:00,PT15M,2026-03-02T14:30Z,2026-03-02T14:15Z,1,0,0,B95,EUR,A03,A01,20,MAW,MAW,A01,A01
procured_balancing_capacity,20,2026-03-02T14:30:00,PT15M,2026-03-02T14:45Z,2026-03-02T14:30Z,1,0,0,B95,EUR,A03,A01,20,MAW,MAW,A01,A01
procured_balancing_capacity,20,2026-03-02T14:45:00,PT15M,2026-03-02T15:00Z,2026-03-02T14:45Z,1,0,0,B95,EUR,A03,A01,20,MAW,MAW,A01,A01
procured_balancing_capacity,20,2026-03-02T15:00:00,PT15M,2026-03-02T15:15Z,2026-03-02T15:00Z,1,0,0,B95,EUR,A03,A01,20,MAW,MAW,A01,A01
procured_balancing_capacity,20,2026-03-02T15:15:00,PT15M,2026-03-02T15:30Z,2026-03-02T15:15Z,1,0,0,B95,EUR,A03,A01,20,MAW,MAW,A01,A01
procured_balancing_capacity,20,2026-03-02T15:30:00,PT15M,2026-03-02T15:45Z,2026-03-02T15:30Z,1,33,45,B95,EUR,A03,A01,20,MAW,MAW,A01,A01
procured_balancing_capacity,20,2026-03-02T15:45:00,PT15M,2026-03-02T16:00Z,2026-03-02T15:45Z,1,33,45,B95,EUR,A03,A01,20,MAW,MAW,A01,A01
procured_balancing_capacity,20,2026-03-02T16:00:00,PT15M,2026-03-02T16:15Z,2026-03-02T16:00Z,1,33,45,B95,EUR,A03,A01,20,MAW,MAW,A01,A01
procured_balancing_capacity,20,2026-03-02T16:15:00,PT15M,2026-03-02T16:30Z,2026-03-02T16:15Z,1,33,45,B95,EUR,A03,A01,20,MAW,MAW,A01,A01
procured_balancing_capacity,20,2026-03-02T16:30:00,PT15M,2026-03-02T16:45Z,2026-03-02T16:30Z,1,33,45,B95,EUR,A03,A01,20,MAW,MAW,A01,A01
procured_balancing_capacity,20,2026-03-02T16:45:00,PT15M,2026-03-02T17:00Z,2026-03-02T16:45Z,1,0,0,B95,EUR,A03,A01,20,MAW,MAW,A01,A01
procured_balancing_capacity,20,2026-03-02T17:00:00,PT15M,2026-03-02T17:15Z,2026-03-02T17:00Z,1,0,0,B95,EUR,A03,A01,20,MAW,MAW,A01,A01
procured_balancing_capacity,20,2026-03-02T17:15:00,PT15M,2026-03-02T17:30Z,2026-03-02T17:15Z,1,0,0,B95,EUR,A03,A01,20,MAW,MAW,A01,A01
procured_balancing_capacity,20,2026-03-02T17:30:00,PT15M,2026-03-02T17:45Z,2026-03-02T17:30Z,1,0,0,B95,EUR,A03,A01,20,MAW,MAW,A01,A01
procured_balancing_capacity,20,2026-03-02T17:45:00,PT15M,2026-03-02T18:00Z,2026-03-02T17:45Z,1,0,0,B95,EUR,A03,A01,20,MAW,MAW,A01,A01
procured_balancing_capacity,20,2026-03-02T18:00:00,PT15M,2026-03-02T18:15Z,2026-03-02T18:00Z,1,35,45,B95,EUR,A03,A01,20,MAW,MAW,A01,A01
procured_balancing_capacity,20,2026-03-02T18:15:00,PT15M,2026-03-02T18:30Z,2026-03-02T18:15Z,1,35,45,B95,EUR,A03,A01,20,MAW,MAW,A01,A01
procured_balancing_capacity,20,2026-03-02T18:30:00,PT15M,2026-03-02T18:45Z,2026-03-02T18:30Z,1,35,45,B95,EUR,A03,A01,20,MAW,MAW,A01,A01
procured_balancing_capacity,20,2026-03-02T18:45:00,PT15M,2026-03-02T19:00Z,2026-03-02T18:45Z,1,35,45,B95,EUR,A03,A01,20,MAW,MAW,A01,A01
procured_balancing_capacity,20,2026-03-02T19:00:00,PT15M,2026-03-02T19:15Z,2026-03-02T19:00Z,1,33,45,B95,EUR,A03,A01,20,MAW,MAW,A01,A01
procured_balancing_capacity,20,2026-03-02T19:15:00,PT15M,2026-03-02T19:30Z,2026-03-02T19:15Z,1,33,45,B95,EUR,A03,A01,20,MAW,MAW,A01,A01
procured_balancing_capacity,20,2026-03-02T19:30:00,PT15M,2026-03-02T19:45Z,2026-03-02T19:30Z,1,33,45,B95,EUR,A03,A01,20,MAW,MAW,A01,A01
procured_balancing_capacity,20,2026-03-02T19:45:00,PT15M,2026-03-02T20:00Z,2026-03-02T19:45Z,1,33,45,B95,EUR,A03,A01,20,MAW,MAW,A01,A01
procured_balancing_capacity,20,2026-03-02T20:00:00,PT15M,2026-03-02T20:15Z,2026-03-02T20:00Z,1,33,45,B95,EUR,A03,A01,20,MAW,MAW,A01,A01
procured_balancing_capacity,20,2026-03-02T20:15:00,PT15M,2026-03-02T20:30Z,2026-03-02T20:15Z,1,33,45,B95,EUR,A03,A01,20,MAW,MAW,A01,A01
procured_balancing_capacity,20,2026-03-02T20:30:00,PT15M,2026-03-02T20:45Z,2026-03-02T20:30Z,1,33,45,B95,EUR,A03,A01,20,MAW,MAW,A01,A01
procured_balancing_capacity,20,2026-03-02T20:45:00,PT15M,2026-03-02T21:00Z,2026-03-02T20:45Z,1,33,45,B95,EUR,A03,A01,20,MAW,MAW,A01,A01
procured_balancing_capacity,20,2026-03-02T21:00:00,PT15M,2026-03-02T21:15Z,2026-03-02T21:00Z,1,29,20,B95,EUR,A03,A01,20,MAW,MAW,A01,A01
procured_balancing_capacity,20,2026-03-02T21:15:00,PT15M,2026-03-02T21:30Z,2026-03-02T21:15Z,1,29,20,B95,EUR,A03,A01,20,MAW,MAW,A01,A01
procured_balancing_capacity,20,2026-03-02T21:30:00,PT15M,2026-03-02T21:45Z,2026-03-02T21:30Z,1,29,20,B95,EUR,A03,A01,20,MAW,MAW,A01,A01
procured_balancing_capacity,20,2026-03-02T21:45:00,PT15M,2026-03-02T22:00Z,2026-03-02T21:45Z,1,29,20,B95,EUR,A03,A01,20,MAW,MAW,A01,A01
procured_balancing_capacity,20,2026-03-02T22:00:00,PT15M,2026-03-02T22:15Z,2026-03-02T22:00Z,1,29,20,B95,EUR,A03,A01,20,MAW,MAW,A01,A01
procured_balancing_capacity,20,2026-03-02T22:15:00,PT15M,2026-03-02T22:30Z,2026-03-02T22:15Z,1,29,20,B95,EUR,A03,A01,20,MAW,MAW,A01,A01
procured_balancing_capacity,20,2026-03-02T22:30:00,PT15M,2026-03-02T22:45Z,2026-03-02T22:30Z,1,29,20,B95,EUR,A03,A01,20,MAW,MAW,A01,A01
procured_balancing_capacity,20,2026-03-02T22:45:00,PT15M,2026-03-02T23:00Z,2026-03-02T22:45Z,1,0,0,B95,EUR,A03,A01,20,MAW,MAW,A01,A01
procured_balancing_capacity,21,2026-03-01T23:00:00,PT15M,2026-03-01T23:15Z,2026-03-01T23:00Z,1,0,0,B95,EUR,A03,A02,21,MAW,MAW,A01,A01
procured_balancing_capacity,21,2026-03-01T23:15:00,PT15M,2026-03-01T23:30Z,2026-03-01T23:15Z,1,0,0,B95,EUR,A03,A02,21,MAW,MAW,A01,A01
procured_balancing_capacity,21,2026-03-01T23:30:00,PT15M,2026-03-01T23:45Z,2026-03-01T23:30Z,1,0,0,B95,EUR,A03,A02,21,MAW,MAW,A01,A01
procured_balancing_capacity,21,2026-03-01T23:45:00,PT15M,2026-03-02T00:00Z,2026-03-01T23:45Z,1,0,0,B95,EUR,A03,A02,21,MAW,MAW,A01,A01
procured_balancing_capacity,21,2026-03-02T00:00:00,PT15M,2026-03-02T00:15Z,2026-03-02T00:00Z,1,0,0,B95,EUR,A03,A02,21,MAW,MAW,A01,A01
procured_balancing_capacity,21,2026-03-02T00:15:00,PT15M,2026-03-02T00:30Z,2026-03-02T00:15Z,1,0,0,B95,EUR,A03,A02,21,MAW,MAW,A01,A01
procured_balancing_capacity,21,2026-03-02T00:30:00,PT15M,2026-03-02T00:45Z,2026-03-02T00:30Z,1,0,0,B95,EUR,A03,A02,21,MAW,MAW,A01,A01
procured_balancing_capacity,21,2026-03-02T00:45:00,PT15M,2026-03-02T01:00Z,2026-03-02T00:45Z,1,0,0,B95,EUR,A03,A02,21,MAW,MAW,A01,A01
procured_balancing_capacity,21,2026-03-02T01:00:00,PT15M,2026-03-02T01:15Z,2026-03-02T01:00Z,1,0,0,B95,EUR,A03,A02,21,MAW,MAW,A01,A01
procured_balancing_capacity,21,2026-03-02T01:15:00,PT15M,2026-03-02T01:30Z,2026-03-02T01:15Z,1,0,0,B95,EUR,A03,A02,21,MAW,MAW,A01,A01
procured_balancing_capacity,21,2026-03-02T01:30:00,PT15M,2026-03-02T01:45Z,2026-03-02T01:30Z,1,0,0,B95,EUR,A03,A02,21,MAW,MAW,A01,A01
procured_balancing_capacity,21,2026-03-02T01:45:00,PT15M,2026-03-02T02:00Z,2026-03-02T01:45Z,1,0,0,B95,EUR,A03,A02,21,MAW,MAW,A01,A01
procured_balancing_capacity,21,2026-03-02T02:00:00,PT15M,2026-03-02T02:15Z,2026-03-02T02:00Z,1,0,0,B95,EUR,A03,A02,21,MAW,MAW,A01,A01
procured_balancing_capacity,21,2026-03-02T02:15:00,PT15M,2026-03-02T02:30Z,2026-03-02T02:15Z,1,0,0,B95,EUR,A03,A02,21,MAW,MAW,A01,A01
procured_balancing_capacity,21,2026-03-02T02:30:00,PT15M,2026-03-02T02:45Z,2026-03-02T02:30Z,1,0,0,B95,EUR,A03,A02,21,MAW,MAW,A01,A01
procured_balancing_capacity,21,2026-03-02T02:45:00,PT15M,2026-03-02T03:00Z,2026-03-02T02:45Z,1,0,0,B95,EUR,A03,A02,21,MAW,MAW,A01,A01
procured_balancing_capacity,21,2026-03-02T03:00:00,PT15M,2026-03-02T03:15Z,2026-03-02T03:00Z,1,0,0,B95,EUR,A03,A02,21,MAW,MAW,A01,A01
procured_balancing_capacity,21,2026-03-02T03:15:00,PT15M,2026-03-02T03:30Z,2026-03-02T03:15Z,1,0,0,B95,EUR,A03,A02,21,MAW,MAW,A01,A01
procured_balancing_capacity,21,2026-03-02T03:30:00,PT15M,2026-03-02T03:45Z,2026-03-02T03:30Z,1,0,0,B95,EUR,A03,A02,21,MAW,MAW,A01,A01
procured_balancing_capacity,21,2026-03-02T03:45:00,PT15M,2026-03-02T04:00Z,2026-03-02T03:45Z,1,0,0,B95,EUR,A03,A02,21,MAW,MAW,A01,A01
procured_balancing_capacity,21,2026-03-02T04:00:00,PT15M,2026-03-02T04:15Z,2026-03-02T04:00Z,1,0,0,B95,EUR,A03,A02,21,MAW,MAW,A01,A01
procured_balancing_capacity,21,2026-03-02T04:15:00,PT15M,2026-03-02T04:30Z,2026-03-02T04:15Z,1,0,0,B95,EUR,A03,A02,21,MAW,MAW,A01,A01
procured_balancing_capacity,21,2026-03-02T04:30:00,PT15M,2026-03-02T04:45Z,2026-03-02T04:30Z,1,0,0,B95,EUR,A03,A02,21,MAW,MAW,A01,A01
procured_balancing_capacity,21,2026-03-02T04:45:00,PT15M,2026-03-02T05:00Z,2026-03-02T04:45Z,1,0,0,B95,EUR,A03,A02,21,MAW,MAW,A01,A01
procured_balancing_capacity,21,2026-03-02T05:00:00,PT15M,2026-03-02T05:15Z,2026-03-02T05:00Z,1,0,0,B95,EUR,A03,A02,21,MAW,MAW,A01,A01
procured_balancing_capacity,21,2026-03-02T05:15:00,PT15M,2026-03-02T05:30Z,2026-03-02T05:15Z,1,0,0,B95,EUR,A03,A02,21,MAW,MAW,A01,A01
procured_balancing_capacity,21,2026-03-02T05:30:00,PT15M,2026-03-02T05:45Z,2026-03-02T05:30Z,1,0,0,B95,EUR,A03,A02,21,MAW,MAW,A01,A01
procured_balancing_capacity,21,2026-03-02T05:45:00,PT15M,2026-03-02T06:00Z,2026-03-02T05:45Z,1,0,0,B95,EUR,A03,A02,21,MAW,MAW,A01,A01
procured_balancing_capacity,21,2026-03-02T06:00:00,PT15M,2026-03-02T06:15Z,2026-03-02T06:00Z,1,0,0,B95,EUR,A03,A02,21,MAW,MAW,A01,A01
procured_balancing_capacity,21,2026-03-02T06:15:00,PT15M,2026-03-02T06:30Z,2026-03-02T06:15Z,1,0,0,B95,EUR,A03,A02,21,MAW,MAW,A01,A01
procured_balancing_capacity,21,2026-03-02T06:30:00,PT15M,2026-03-02T06:45Z,2026-03-02T06:30Z,1,0,0,B95,EUR,A03,A02,21,MAW,MAW,A01,A01
procured_balancing_capacity,21,2026-03-02T06:45:00,PT15M,2026-03-02T07:00Z,2026-03-02T06:45Z,1,0,0,B95,EUR,A03,A02,21,MAW,MAW,A01,A01
procured_balancing_capacity,21,2026-03-02T07:00:00,PT15M,2026-03-02T07:15Z,2026-03-02T07:00Z,1,0,0,B95,EUR,A03,A02,21,MAW,MAW,A01,A01
procured_balancing_capacity,21,2026-03-02T07:15:00,PT15M,2026-03-02T07:30Z,2026-03-02T07:15Z,1,0,0,B95,EUR,A03,A02,21,MAW,MAW,A01,A01
procured_balancing_capacity,21,2026-03-02T07:30:00,PT15M,2026-03-02T07:45Z,2026-03-02T07:30Z,1,0,0,B95,EUR,A03,A02,21,MAW,MAW,A01,A01
procured_balancing_capacity,21,2026-03-02T07:45:00,PT15M,2026-03-02T08:00Z,2026-03-02T07:45Z,1,0,0,B95,EUR,A03,A02,21,MAW,MAW,A01,A01
procured_balancing_capacity,21,2026-03-02T08:00:00,PT15M,2026-03-02T08:15Z,2026-03-02T08:00Z,1,0,0,B95,EUR,A03,A02,21,MAW,MAW,A01,A01
procured_balancing_capacity,21,2026-03-02T08:15:00,PT15M,2026-03-02T08:30Z,2026-03-02T08:15Z,1,0,0,B95,EUR,A03,A02,21,MAW,MAW,A01,A01
procured_balancing_capacity,21,2026-03-02T08:30:00,PT15M,2026-03-02T08:45Z,2026-03-02T08:30Z,1,0,0,B95,EUR,A03,A02,21,MAW,MAW,A01,A01
procured_balancing_capacity,21,2026-03-02T08:45:00,PT15M,2026-03-02T09:00Z,2026-03-02T08:45Z,1,0,0,B95,EUR,A03,A02,21,MAW,MAW,A01,A01
procured_balancing_capacity,21,2026-03-02T09:00:00,PT15M,2026-03-02T09:15Z,2026-03-02T09:00Z,1,0,0,B95,EUR,A03,A02,21,MAW,MAW,A01,A01
procured_balancing_capacity,21,2026-03-02T09:15:00,PT15M,2026-03-02T09:30Z,2026-03-02T09:15Z,1,0,0,B95,EUR,A03,A02,21,MAW,MAW,A01,A01
procured_balancing_capacity,21,2026-03-02T09:30:00,PT15M,2026-03-02T09:45Z,2026-03-02T09:30Z,1,0,0,B95,EUR,A03,A02,21,MAW,MAW,A01,A01
procured_balancing_capacity,21,2026-03-02T09:45:00,PT15M,2026-03-02T10:00Z,2026-03-02T09:45Z,1,0,0,B95,EUR,A03,A02,21,MAW,MAW,A01,A01
procured_balancing_capacity,21,2026-03-02T10:00:00,PT15M,2026-03-02T10:15Z,2026-03-02T10:00Z,1,0,0,B95,EUR,A03,A02,21,MAW,MAW,A01,A01
procured_balancing_capacity,21,2026-03-02T10:15:00,PT15M,2026-03-02T10:30Z,2026-03-02T10:15Z,1,0,0,B95,EUR,A03,A02,21,MAW,MAW,A01,A01
procured_balancing_capacity,21,2026-03-02T10:30:00,PT15M,2026-03-02T10:45Z,2026-03-02T10:30Z,1,0,0,B95,EUR,A03,A02,21,MAW,MAW,A01,A01
procured_balancing_capacity,21,2026-03-02T10:45:00,PT15M,2026-03-02T11:00Z,2026-03-02T10:45Z,1,0,0,B95,EUR,A03,A02,21,MAW,MAW,A01,A01
procured_balancing_capacity,21,2026-03-02T11:00:00,PT15M,2026-03-02T11:15Z,2026-03-02T11:00Z,1,0,0,B95,EUR,A03,A02,21,MAW,MAW,A01,A01
procured_balancing_capacity,21,2026-03-02T11:15:00,PT15M,2026-03-02T11:30Z,2026-03-02T11:15Z,1,0,0,B95,EUR,A03,A02,21,MAW,MAW,A01,A01
procured_balancing_capacity,21,2026-03-02T11:30:00,PT15M,2026-03-02T11:45Z,2026-03-02T11:30Z,1,0,0,B95,EUR,A03,A02,21,MAW,MAW,A01,A01
procured_balancing_capacity,21,2026-03-02T11:45:00,PT15M,2026-03-02T12:00Z,2026-03-02T11:45Z,1,0,0,B95,EUR,A03,A02,21,MAW,MAW,A01,A01
procured_balancing_capacity,21,2026-03-02T12:00:00,PT15M,2026-03-02T12:15Z,2026-03-02T12:00Z,1,0,0,B95,EUR,A03,A02,21,MAW,MAW,A01,A01
procured_balancing_capacity,21,2026-03-02T12:15:00,PT15M,2026-03-02T12:30Z,2026-03-02T12:15Z,1,0,0,B95,EUR,A03,A02,21,MAW,MAW,A01,A01
procured_balancing_capacity,21,2026-03-02T12:30:00,PT15M,2026-03-02T12:45Z,2026-03-02T12:30Z,1,0,0,B95,EUR,A03,A02,21,MAW,MAW,A01,A01
procured_balancing_capacity,21,2026-03-02T12:45:00,PT15M,2026-03-02T13:00Z,2026-03-02T12:45Z,1,0,0,B95,EUR,A03,A02,21,MAW,MAW,A01,A01
procured_balancing_capacity,21,2026-03-02T13:00:00,PT15M,2026-03-02T13:15Z,2026-03-02T13:00Z,1,0,0,B95,EUR,A03,A02,21,MAW,MAW,A01,A01
procured_balancing_capacity,21,2026-03-02T13:15:00,PT15M,2026-03-02T13:30Z,2026-03-02T13:15Z,1,0,0,B95,EUR,A03,A02,21,MAW,MAW,A01,A01
procured_balancing_capacity,21,2026-03-02T13:30:00,PT15M,2026-03-02T13:45Z,2026-03-02T13:30Z,1,0,0,B95,EUR,A03,A02,21,MAW,MAW,A01,A01
procured_balancing_capacity,21,2026-03-02T13:45:00,PT15M,2026-03-02T14:00Z,2026-03-02T13:45Z,1,0,0,B95,EUR,A03,A02,21,MAW,MAW,A01,A01
procured_balancing_capacity,21,2026-03-02T14:00:00,PT15M,2026-03-02T14:15Z,2026-03-02T14:00Z,1,0,0,B95,EUR,A03,A02,21,MAW,MAW,A01,A01
procured_balancing_capacity,21,2026-03-02T14:15:00,PT15M,2026-03-02T14:30Z,2026-03-02T14:15Z,1,0,0,B95,EUR,A03,A02,21,MAW,MAW,A01,A01
procured_balancing_capacity,21,2026-03-02T14:30:00,PT15M,2026-03-02T14:45Z,2026-03-02T14:30Z,1,0,0,B95,EUR,A03,A02,21,MAW,MAW,A01,A01
procured_balancing_capacity,21,2026-03-02T14:45:00,PT15M,2026-03-02T15:00Z,2026-03-02T14:45Z,1,0,0,B95,EUR,A03,A02,21,MAW,MAW,A01,A01
procured_balancing_capacity,21,2026-03-02T15:00:00,PT15M,2026-03-02T15:15Z,2026-03-02T15:00Z,1,0,0,B95,EUR,A03,A02,21,MAW,MAW,A01,A01
procured_balancing_capacity,21,2026-03-02T15:15:00,PT15M,2026-03-02T15:30Z,2026-03-02T15:15Z,1,0,0,B95,EUR,A03,A02,21,MAW,MAW,A01,A01
procured_balancing_capacity,21,2026-03-02T15:30:00,PT15M,2026-03-02T15:45Z,2026-03-02T15:30Z,1,9,45,B95,EUR,A03,A02,21,MAW,MAW,A01,A01
procured_balancing_capacity,21,2026-03-02T15:45:00,PT15M,2026-03-02T16:00Z,2026-03-02T15:45Z,1,9,45,B95,EUR,A03,A02,21,MAW,MAW,A01,A01
procured_balancing_capacity,21,2026-03-02T16:00:00,PT15M,2026-03-02T16:15Z,2026-03-02T16:00Z,1,9,45,B95,EUR,A03,A02,21,MAW,MAW,A01,A01
procured_balancing_capacity,21,2026-03-02T16:15:00,PT15M,2026-03-02T16:30Z,2026-03-02T16:15Z,1,9,45,B95,EUR,A03,A02,21,MAW,MAW,A01,A01
procured_balancing_capacity,21,2026-03-02T16:30:00,PT15M,2026-03-02T16:45Z,2026-03-02T16:30Z,1,9,45,B95,EUR,A03,A02,21,MAW,MAW,A01,A01
procured_balancing_capacity,21,2026-03-02T16:45:00,PT15M,2026-03-02T17:00Z,2026-03-02T16:45Z,1,9,45,B95,EUR,A03,A02,21,MAW,MAW,A01,A01
procured_balancing_capacity,21,2026-03-02T17:00:00,PT15M,2026-03-02T17:15Z,2026-03-02T17:00Z,1,9,45,B95,EUR,A03,A02,21,MAW,MAW,A01,A01
procured_balancing_capacity,21,2026-03-02T17:15:00,PT15M,2026-03-02T17:30Z,2026-03-02T17:15Z,1,9,45,B95,EUR,A03,A02,21,MAW,MAW,A01,A01
procured_balancing_capacity,21,2026-03-02T17:30:00,PT15M,2026-03-02T17:45Z,2026-03-02T17:30Z,1,9,45,B95,EUR,A03,A02,21,MAW,MAW,A01,A01
procured_balancing_capacity,21,2026-03-02T17:45:00,PT15M,2026-03-02T18:00Z,2026-03-02T17:45Z,1,9,45,B95,EUR,A03,A02,21,MAW,MAW,A01,A01
procured_balancing_capacity,21,2026-03-02T18:00:00,PT15M,2026-03-02T18:15Z,2026-03-02T18:00Z,1,9,45,B95,EUR,A03,A02,21,MAW,MAW,A01,A01
procured_balancing_capacity,21,2026-03-02T18:15:00,PT15M,2026-03-02T18:30Z,2026-03-02T18:15Z,1,9,45,B95,EUR,A03,A02,21,MAW,MAW,A01,A01
procured_balancing_capacity,21,2026-03-02T18:30:00,PT15M,2026-03-02T18:45Z,2026-03-02T18:30Z,1,9,45,B95,EUR,A03,A02,21,MAW,MAW,A01,A01
procured_balancing_capacity,21,2026-03-02T18:45:00,PT15M,2026-03-02T19:00Z,2026-03-02T18:45Z,1,9,45,B95,EUR,A03,A02,21,MAW,MAW,A01,A01
procured_balancing_capacity,21,2026-03-02T19:00:00,PT15M,2026-03-02T19:15Z,2026-03-02T19:00Z,1,9,45,B95,EUR,A03,A02,21,MAW,MAW,A01,A01
procured_balancing_capacity,21,2026-03-02T19:15:00,PT15M,2026-03-02T19:30Z,2026-03-02T19:15Z,1,9,45,B95,EUR,A03,A02,21,MAW,MAW,A01,A01
procured_balancing_capacity,21,2026-03-02T19:30:00,PT15M,2026-03-02T19:45Z,2026-03-02T19:30Z,1,9,45,B95,EUR,A03,A02,21,MAW,MAW,A01,A01
procured_balancing_capacity,21,2026-03-02T19:45:00,PT15M,2026-03-02T20:00Z,2026-03-02T19:45Z,1,9,45,B95,EUR,A03,A02,21,MAW,MAW,A01,A01
procured_balancing_capacity,21,2026-03-02T20:00:00,PT15M,2026-03-02T20:15Z,2026-03-02T20:00Z,1,9,45,B95,EUR,A03,A02,21,MAW,MAW,A01,A01
procured_balancing_capacity,21,2026-03-02T20:15:00,PT15M,2026-03-02T20:30Z,2026-03-02T20:15Z,1,9,45,B95,EUR,A03,A02,21,MAW,MAW,A01,A01
procured_balancing_capacity,21,2026-03-02T20:30:00,PT15M,2026-03-02T20:45Z,2026-03-02T20:30Z,1,9,45,B95,EUR,A03,A02,21,MAW,MAW,A01,A01
procured_balancing_capacity,21,2026-03-02T20:45:00,PT15M,2026-03-02T21:00Z,2026-03-02T20:45Z,1,9,45,B95,EUR,A03,A02,21,MAW,MAW,A01,A01
procured_balancing_capacity,21,2026-03-02T21:00:00,PT15M,2026-03-02T21:15Z,2026-03-02T21:00Z,1,9,30,B95,EUR,A03,A02,21,MAW,MAW,A01,A01
procured_balancing_capacity,21,2026-03-02T21:15:00,PT15M,2026-03-02T21:30Z,2026-03-02T21:15Z,1,9,30,B95,EUR,A03,A02,21,MAW,MAW,A01,A01
procured_balancing_capacity,21,2026-03-02T21:30:00,PT15M,2026-03-02T21:45Z,2026-03-02T21:30Z,1,9,30,B95,EUR,A03,A02,21,MAW,MAW,A01,A01
procured_balancing_capacity,21,2026-03-02T21:45:00,PT15M,2026-03-02T22:00Z,2026-03-02T21:45Z,1,9,30,B95,EUR,A03,A02,21,MAW,MAW,A01,A01
procured_balancing_capacity,21,2026-03-02T22:00:00,PT15M,2026-03-02T22:15Z,2026-03-02T22:00Z,1,9,30,B95,EUR,A03,A02,21,MAW,MAW,A01,A01
procured_balancing_capacity,21,2026-03-02T22:15:00,PT15M,2026-03-02T22:30Z,2026-03-02T22:15Z,1,9,30,B95,EUR,A03,A02,21,MAW,MAW,A01,A01
procured_balancing_capacity,21,2026-03-02T22:30:00,PT15M,2026-03-02T22:45Z,2026-03-02T22:30Z,1,9,30,B95,EUR,A03,A02,21,MAW,MAW,A01,A01
procured_balancing_capacity,21,2026-03-02T22:45:00,PT15M,2026-03-02T23:00Z,2026-03-02T22:45Z,1,0,0,B95,EUR,A03,A02,21,MAW,MAW,A01,A01
procured_balancing_capacity,22,2026-03-01T23:00:00,PT15M,2026-03-01T23:15Z,2026-03-01T23:00Z,1,10.05,1,B95,EUR,A03,A02,22,MAW,MAW,A01,A01
procured_balancing_capacity,22,2026-03-01T23:15:00,PT15M,2026-03-01T23:30Z,2026-03-01T23:15Z,1,10.05,1,B95,EUR,A03,A02,22,MAW,MAW,A01,A01
procured_balancing_capacity,22,2026-03-01T23:30:00,PT15M,2026-03-01T23:45Z,2026-03-01T23:30Z,1,10.05,1,B95,EUR,A03,A02,22,MAW,MAW,A01,A01
procured_balancing_capacity,22,2026-03-01T23:45:00,PT15M,2026-03-02T00:00Z,2026-03-01T23:45Z,1,10.05,1,B95,EUR,A03,A02,22,MAW,MAW,A01,A01
procured_balancing_capacity,22,2026-03-02T00:00:00,PT15M,2026-03-02T00:15Z,2026-03-02T00:00Z,1,10.05,1,B95,EUR,A03,A02,22,MAW,MAW,A01,A01
procured_balancing_capacity,22,2026-03-02T00:15:00,PT15M,2026-03-02T00:30Z,2026-03-02T00:15Z,1,10.05,1,B95,EUR,A03,A02,22,MAW,MAW,A01,A01
procured_balancing_capacity,22,2026-03-02T00:30:00,PT15M,2026-03-02T00:45Z,2026-03-02T00:30Z,1,10.05,1,B95,EUR,A03,A02,22,MAW,MAW,A01,A01
procured_balancing_capacity,22,2026-03-02T00:45:00,PT15M,2026-03-02T01:00Z,2026-03-02T00:45Z,1,10.05,1,B95,EUR,A03,A02,22,MAW,MAW,A01,A01
procured_balancing_capacity,22,2026-03-02T01:00:00,PT15M,2026-03-02T01:15Z,2026-03-02T01:00Z,1,10.05,1,B95,EUR,A03,A02,22,MAW,MAW,A01,A01
procured_balancing_capacity,22,2026-03-02T01:15:00,PT15M,2026-03-02T01:30Z,2026-03-02T01:15Z,1,10.05,1,B95,EUR,A03,A02,22,MAW,MAW,A01,A01
procured_balancing_capacity,22,2026-03-02T01:30:00,PT15M,2026-03-02T01:45Z,2026-03-02T01:30Z,1,10.05,1,B95,EUR,A03,A02,22,MAW,MAW,A01,A01
procured_balancing_capacity,22,2026-03-02T01:45:00,PT15M,2026-03-02T02:00Z,2026-03-02T01:45Z,1,10.05,1,B95,EUR,A03,A02,22,MAW,MAW,A01,A01
procured_balancing_capacity,22,2026-03-02T02:00:00,PT15M,2026-03-02T02:15Z,2026-03-02T02:00Z,1,10.05,1,B95,EUR,A03,A02,22,MAW,MAW,A01,A01
procured_balancing_capacity,22,2026-03-02T02:15:00,PT15M,2026-03-02T02:30Z,2026-03-02T02:15Z,1,10.05,1,B95,EUR,A03,A02,22,MAW,MAW,A01,A01
procured_balancing_capacity,22,2026-03-02T02:30:00,PT15M,2026-03-02T02:45Z,2026-03-02T02:30Z,1,10.05,1,B95,EUR,A03,A02,22,MAW,MAW,A01,A01
procured_balancing_capacity,22,2026-03-02T02:45:00,PT15M,2026-03-02T03:00Z,2026-03-02T02:45Z,1,10.05,1,B95,EUR,A03,A02,22,MAW,MAW,A01,A01
procured_balancing_capacity,22,2026-03-02T03:00:00,PT15M,2026-03-02T03:15Z,2026-03-02T03:00Z,1,10.05,1,B95,EUR,A03,A02,22,MAW,MAW,A01,A01
procured_balancing_capacity,22,2026-03-02T03:15:00,PT15M,2026-03-02T03:30Z,2026-03-02T03:15Z,1,10.05,1,B95,EUR,A03,A02,22,MAW,MAW,A01,A01
procured_balancing_capacity,22,2026-03-02T03:30:00,PT15M,2026-03-02T03:45Z,2026-03-02T03:30Z,1,10.05,1,B95,EUR,A03,A02,22,MAW,MAW,A01,A01
procured_balancing_capacity,22,2026-03-02T03:45:00,PT15M,2026-03-02T04:00Z,2026-03-02T03:45Z,1,10.05,1,B95,EUR,A03,A02,22,MAW,MAW,A01,A01
procured_balancing_capacity,22,2026-03-02T04:00:00,PT15M,2026-03-02T04:15Z,2026-03-02T04:00Z,1,10.05,1,B95,EUR,A03,A02,22,MAW,MAW,A01,A01
procured_balancing_capacity,22,2026-03-02T04:15:00,PT15M,2026-03-02T04:30Z,2026-03-02T04:15Z,1,10.05,1,B95,EUR,A03,A02,22,MAW,MAW,A01,A01
procured_balancing_capacity,22,2026-03-02T04:30:00,PT15M,2026-03-02T04:45Z,2026-03-02T04:30Z,1,10.05,1,B95,EUR,A03,A02,22,MAW,MAW,A01,A01
procured_balancing_capacity,22,2026-03-02T04:45:00,PT15M,2026-03-02T05:00Z,2026-03-02T04:45Z,1,10.05,1,B95,EUR,A03,A02,22,MAW,MAW,A01,A01
procured_balancing_capacity,22,2026-03-02T05:00:00,PT15M,2026-03-02T05:15Z,2026-03-02T05:00Z,1,10.35,1,B95,EUR,A03,A02,22,MAW,MAW,A01,A01
procured_balancing_capacity,22,2026-03-02T05:15:00,PT15M,2026-03-02T05:30Z,2026-03-02T05:15Z,1,10.35,1,B95,EUR,A03,A02,22,MAW,MAW,A01,A01
procured_balancing_capacity,22,2026-03-02T05:30:00,PT15M,2026-03-02T05:45Z,2026-03-02T05:30Z,1,10.35,1,B95,EUR,A03,A02,22,MAW,MAW,A01,A01
procured_balancing_capacity,22,2026-03-02T05:45:00,PT15M,2026-03-02T06:00Z,2026-03-02T05:45Z,1,10.35,1,B95,EUR,A03,A02,22,MAW,MAW,A01,A01
procured_balancing_capacity,22,2026-03-02T06:00:00,PT15M,2026-03-02T06:15Z,2026-03-02T06:00Z,1,10.05,1,B95,EUR,A03,A02,22,MAW,MAW,A01,A01
procured_balancing_capacity,22,2026-03-02T06:15:00,PT15M,2026-03-02T06:30Z,2026-03-02T06:15Z,1,10.05,1,B95,EUR,A03,A02,22,MAW,MAW,A01,A01
procured_balancing_capacity,22,2026-03-02T06:30:00,PT15M,2026-03-02T06:45Z,2026-03-02T06:30Z,1,10.05,1,B95,EUR,A03,A02,22,MAW,MAW,A01,A01
procured_balancing_capacity,22,2026-03-02T06:45:00,PT15M,2026-03-02T07:00Z,2026-03-02T06:45Z,1,10.05,1,B95,EUR,A03,A02,22,MAW,MAW,A01,A01
procured_balancing_capacity,22,2026-03-02T07:00:00,PT15M,2026-03-02T07:15Z,2026-03-02T07:00Z,1,10.07,1,B95,EUR,A03,A02,22,MAW,MAW,A01,A01
procured_balancing_capacity,22,2026-03-02T07:15:00,PT15M,2026-03-02T07:30Z,2026-03-02T07:15Z,1,10.07,1,B95,EUR,A03,A02,22,MAW,MAW,A01,A01
procured_balancing_capacity,22,2026-03-02T07:30:00,PT15M,2026-03-02T07:45Z,2026-03-02T07:30Z,1,10.07,1,B95,EUR,A03,A02,22,MAW,MAW,A01,A01
procured_balancing_capacity,22,2026-03-02T07:45:00,PT15M,2026-03-02T08:00Z,2026-03-02T07:45Z,1,10.07,1,B95,EUR,A03,A02,22,MAW,MAW,A01,A01
procured_balancing_capacity,22,2026-03-02T08:00:00,PT15M,2026-03-02T08:15Z,2026-03-02T08:00Z,1,10.07,1,B95,EUR,A03,A02,22,MAW,MAW,A01,A01
procured_balancing_capacity,22,2026-03-02T08:15:00,PT15M,2026-03-02T08:30Z,2026-03-02T08:15Z,1,10.07,1,B95,EUR,A03,A02,22,MAW,MAW,A01,A01
procured_balancing_capacity,22,2026-03-02T08:30:00,PT15M,2026-03-02T08:45Z,2026-03-02T08:30Z,1,10.07,1,B95,EUR,A03,A02,22,MAW,MAW,A01,A01
procured_balancing_capacity,22,2026-03-02T08:45:00,PT15M,2026-03-02T09:00Z,2026-03-02T08:45Z,1,10.07,1,B95,EUR,A03,A02,22,MAW,MAW,A01,A01
procured_balancing_capacity,22,2026-03-02T09:00:00,PT15M,2026-03-02T09:15Z,2026-03-02T09:00Z,1,10.07,1,B95,EUR,A03,A02,22,MAW,MAW,A01,A01
procured_balancing_capacity,22,2026-03-02T09:15:00,PT15M,2026-03-02T09:30Z,2026-03-02T09:15Z,1,10.07,1,B95,EUR,A03,A02,22,MAW,MAW,A01,A01
procured_balancing_capacity,22,2026-03-02T09:30:00,PT15M,2026-03-02T09:45Z,2026-03-02T09:30Z,1,10.07,1,B95,EUR,A03,A02,22,MAW,MAW,A01,A01
procured_balancing_capacity,22,2026-03-02T09:45:00,PT15M,2026-03-02T10:00Z,2026-03-02T09:45Z,1,10.07,1,B95,EUR,A03,A02,22,MAW,MAW,A01,A01
procured_balancing_capacity,22,2026-03-02T10:00:00,PT15M,2026-03-02T10:15Z,2026-03-02T10:00Z,1,10.07,1,B95,EUR,A03,A02,22,MAW,MAW,A01,A01
procured_balancing_capacity,22,2026-03-02T10:15:00,PT15M,2026-03-02T10:30Z,2026-03-02T10:15Z,1,10.07,1,B95,EUR,A03,A02,22,MAW,MAW,A01,A01
procured_balancing_capacity,22,2026-03-02T10:30:00,PT15M,2026-03-02T10:45Z,2026-03-02T10:30Z,1,10.07,1,B95,EUR,A03,A02,22,MAW,MAW,A01,A01
procured_balancing_capacity,22,2026-03-02T10:45:00,PT15M,2026-03-02T11:00Z,2026-03-02T10:45Z,1,10.07,1,B95,EUR,A03,A02,22,MAW,MAW,A01,A01
procured_balancing_capacity,22,2026-03-02T11:00:00,PT15M,2026-03-02T11:15Z,2026-03-02T11:00Z,1,10.37,1,B95,EUR,A03,A02,22,MAW,MAW,A01,A01
procured_balancing_capacity,22,2026-03-02T11:15:00,PT15M,2026-03-02T11:30Z,2026-03-02T11:15Z,1,10.37,1,B95,EUR,A03,A02,22,MAW,MAW,A01,A01
procured_balancing_capacity,22,2026-03-02T11:30:00,PT15M,2026-03-02T11:45Z,2026-03-02T11:30Z,1,10.37,1,B95,EUR,A03,A02,22,MAW,MAW,A01,A01
procured_balancing_capacity,22,2026-03-02T11:45:00,PT15M,2026-03-02T12:00Z,2026-03-02T11:45Z,1,10.37,1,B95,EUR,A03,A02,22,MAW,MAW,A01,A01
procured_balancing_capacity,22,2026-03-02T12:00:00,PT15M,2026-03-02T12:15Z,2026-03-02T12:00Z,1,10.37,1,B95,EUR,A03,A02,22,MAW,MAW,A01,A01
procured_balancing_capacity,22,2026-03-02T12:15:00,PT15M,2026-03-02T12:30Z,2026-03-02T12:15Z,1,10.37,1,B95,EUR,A03,A02,22,MAW,MAW,A01,A01
procured_balancing_capacity,22,2026-03-02T12:30:00,PT15M,2026-03-02T12:45Z,2026-03-02T12:30Z,1,10.37,1,B95,EUR,A03,A02,22,MAW,MAW,A01,A01
procured_balancing_capacity,22,2026-03-02T12:45:00,PT15M,2026-03-02T13:00Z,2026-03-02T12:45Z,1,10.37,1,B95,EUR,A03,A02,22,MAW,MAW,A01,A01
procured_balancing_capacity,22,2026-03-02T13:00:00,PT15M,2026-03-02T13:15Z,2026-03-02T13:00Z,1,10.07,1,B95,EUR,A03,A02,22,MAW,MAW,A01,A01
procured_balancing_capacity,22,2026-03-02T13:15:00,PT15M,2026-03-02T13:30Z,2026-03-02T13:15Z,1,10.07,1,B95,EUR,A03,A02,22,MAW,MAW,A01,A01
procured_balancing_capacity,22,2026-03-02T13:30:00,PT15M,2026-03-02T13:45Z,2026-03-02T13:30Z,1,10.07,1,B95,EUR,A03,A02,22,MAW,MAW,A01,A01
procured_balancing_capacity,22,2026-03-02T13:45:00,PT15M,2026-03-02T14:00Z,2026-03-02T13:45Z,1,10.07,1,B95,EUR,A03,A02,22,MAW,MAW,A01,A01
procured_balancing_capacity,22,2026-03-02T14:00:00,PT15M,2026-03-02T14:15Z,2026-03-02T14:00Z,1,10.07,1,B95,EUR,A03,A02,22,MAW,MAW,A01,A01
procured_balancing_capacity,22,2026-03-02T14:15:00,PT15M,2026-03-02T14:30Z,2026-03-02T14:15Z,1,10.07,1,B95,EUR,A03,A02,22,MAW,MAW,A01,A01
procured_balancing_capacity,22,2026-03-02T14:30:00,PT15M,2026-03-02T14:45Z,2026-03-02T14:30Z,1,10.07,1,B95,EUR,A03,A02,22,MAW,MAW,A01,A01
procured_balancing_capacity,22,2026-03-02T14:45:00,PT15M,2026-03-02T15:00Z,2026-03-02T14:45Z,1,10.13,1,B95,EUR,A03,A02,22,MAW,MAW,A01,A01
procured_balancing_capacity,22,2026-03-02T15:00:00,PT15M,2026-03-02T15:15Z,2026-03-02T15:00Z,1,9.9,1,B95,EUR,A03,A02,22,MAW,MAW,A01,A01
procured_balancing_capacity,22,2026-03-02T15:15:00,PT15M,2026-03-02T15:30Z,2026-03-02T15:15Z,1,9.9,1,B95,EUR,A03,A02,22,MAW,MAW,A01,A01
procured_balancing_capacity,22,2026-03-02T15:30:00,PT15M,2026-03-02T15:45Z,2026-03-02T15:30Z,1,9.9,1,B95,EUR,A03,A02,22,MAW,MAW,A01,A01
procured_balancing_capacity,22,2026-03-02T15:45:00,PT15M,2026-03-02T16:00Z,2026-03-02T15:45Z,1,9.9,1,B95,EUR,A03,A02,22,MAW,MAW,A01,A01
procured_balancing_capacity,22,2026-03-02T16:00:00,PT15M,2026-03-02T16:15Z,2026-03-02T16:00Z,1,9.9,1,B95,EUR,A03,A02,22,MAW,MAW,A01,A01
procured_balancing_capacity,22,2026-03-02T16:15:00,PT15M,2026-03-02T16:30Z,2026-03-02T16:15Z,1,9.9,1,B95,EUR,A03,A02,22,MAW,MAW,A01,A01
procured_balancing_capacity,22,2026-03-02T16:30:00,PT15M,2026-03-02T16:45Z,2026-03-02T16:30Z,1,9.9,1,B95,EUR,A03,A02,22,MAW,MAW,A01,A01
procured_balancing_capacity,22,2026-03-02T16:45:00,PT15M,2026-03-02T17:00Z,2026-03-02T16:45Z,1,10.35,1,B95,EUR,A03,A02,22,MAW,MAW,A01,A01
procured_balancing_capacity,22,2026-03-02T17:00:00,PT15M,2026-03-02T17:15Z,2026-03-02T17:00Z,1,9.9,1,B95,EUR,A03,A02,22,MAW,MAW,A01,A01
procured_balancing_capacity,22,2026-03-02T17:15:00,PT15M,2026-03-02T17:30Z,2026-03-02T17:15Z,1,9.9,1,B95,EUR,A03,A02,22,MAW,MAW,A01,A01
procured_balancing_capacity,22,2026-03-02T17:30:00,PT15M,2026-03-02T17:45Z,2026-03-02T17:30Z,1,9.9,1,B95,EUR,A03,A02,22,MAW,MAW,A01,A01
procured_balancing_capacity,22,2026-03-02T17:45:00,PT15M,2026-03-02T18:00Z,2026-03-02T17:45Z,1,9.9,1,B95,EUR,A03,A02,22,MAW,MAW,A01,A01
procured_balancing_capacity,22,2026-03-02T18:00:00,PT15M,2026-03-02T18:15Z,2026-03-02T18:00Z,1,9.9,1,B95,EUR,A03,A02,22,MAW,MAW,A01,A01
procured_balancing_capacity,22,2026-03-02T18:15:00,PT15M,2026-03-02T18:30Z,2026-03-02T18:15Z,1,9.9,1,B95,EUR,A03,A02,22,MAW,MAW,A01,A01
procured_balancing_capacity,22,2026-03-02T18:30:00,PT15M,2026-03-02T18:45Z,2026-03-02T18:30Z,1,9.9,1,B95,EUR,A03,A02,22,MAW,MAW,A01,A01
procured_balancing_capacity,22,2026-03-02T18:45:00,PT15M,2026-03-02T19:00Z,2026-03-02T18:45Z,1,9.9,1,B95,EUR,A03,A02,22,MAW,MAW,A01,A01
procured_balancing_capacity,22,2026-03-02T19:00:00,PT15M,2026-03-02T19:15Z,2026-03-02T19:00Z,1,9.9,1,B95,EUR,A03,A02,22,MAW,MAW,A01,A01
procured_balancing_capacity,22,2026-03-02T19:15:00,PT15M,2026-03-02T19:30Z,2026-03-02T19:15Z,1,9.9,1,B95,EUR,A03,A02,22,MAW,MAW,A01,A01
procured_balancing_capacity,22,2026-03-02T19:30:00,PT15M,2026-03-02T19:45Z,2026-03-02T19:30Z,1,9.9,1,B95,EUR,A03,A02,22,MAW,MAW,A01,A01
procured_balancing_capacity,22,2026-03-02T19:45:00,PT15M,2026-03-02T20:00Z,2026-03-02T19:45Z,1,9.9,1,B95,EUR,A03,A02,22,MAW,MAW,A01,A01
procured_balancing_capacity,22,2026-03-02T20:00:00,PT15M,2026-03-02T20:15Z,2026-03-02T20:00Z,1,9.9,1,B95,EUR,A03,A02,22,MAW,MAW,A01,A01
procured_balancing_capacity,22,2026-03-02T20:15:00,PT15M,2026-03-02T20:30Z,2026-03-02T20:15Z,1,9.9,1,B95,EUR,A03,A02,22,MAW,MAW,A01,A01
procured_balancing_capacity,22,2026-03-02T20:30:00,PT15M,2026-03-02T20:45Z,2026-03-02T20:30Z,1,9.9,1,B95,EUR,A03,A02,22,MAW,MAW,A01,A01
procured_balancing_capacity,22,2026-03-02T20:45:00,PT15M,2026-03-02T21:00Z,2026-03-02T20:45Z,1,9.9,1,B95,EUR,A03,A02,22,MAW,MAW,A01,A01
procured_balancing_capacity,22,2026-03-02T21:00:00,PT15M,2026-03-02T21:15Z,2026-03-02T21:00Z,1,5,1,B95,EUR,A03,A02,22,MAW,MAW,A01,A01
procured_balancing_capacity,22,2026-03-02T21:15:00,PT15M,2026-03-02T21:30Z,2026-03-02T21:15Z,1,7.5,1,B95,EUR,A03,A02,22,MAW,MAW,A01,A01
procured_balancing_capacity,22,2026-03-02T21:30:00,PT15M,2026-03-02T21:45Z,2026-03-02T21:30Z,1,9.1,1,B95,EUR,A03,A02,22,MAW,MAW,A01,A01
procured_balancing_capacity,22,2026-03-02T21:45:00,PT15M,2026-03-02T22:00Z,2026-03-02T21:45Z,1,9.1,1,B95,EUR,A03,A02,22,MAW,MAW,A01,A01
procured_balancing_capacity,22,2026-03-02T22:00:00,PT15M,2026-03-02T22:15Z,2026-03-02T22:00Z,1,9.1,1,B95,EUR,A03,A02,22,MAW,MAW,A01,A01
procured_balancing_capacity,22,2026-03-02T22:15:00,PT15M,2026-03-02T22:30Z,2026-03-02T22:15Z,1,9.1,1,B95,EUR,A03,A02,22,MAW,MAW,A01,A01
procured_balancing_capacity,22,2026-03-02T22:30:00,PT15M,2026-03-02T22:45Z,2026-03-02T22:30Z,1,9.1,1,B95,EUR,A03,A02,22,MAW,MAW,A01,A01
procured_balancing_capacity,22,2026-03-02T22:45:00,PT15M,2026-03-02T23:00Z,2026-03-02T22:45Z,1,9.1,1,B95,EUR,A03,A02,22,MAW,MAW,A01,A01
