id,DELIVERY_DATE,TYPE_OF_RESERVES,PRODUCT,ENERGY_PRICE_[EUR/MWh],ENERGY_PRICE_PAYMENT_DIRECTION,OFFERED_CAPACITY_[MW],ALLOCATED_CAPACITY_[MW],COUNTRY,NOTE
20260226005-AFRR_P-UNIT_068-1,2026-02-26,aFRR,POS_005,132.0,PROVIDER_TO_GRID,1.0,1.0,SK,ENTSO-E BalancingEnergyBids
20260226005-AFRR_P-UNIT_065-1,2026-02-26,aFRR,POS_005,165.0,PROVIDER_TO_GRID,16.0,16.0,SK,ENTSO-E BalancingEnergyBids
20260226005-AFRR_P-UNIT_052-1,2026-02-26,aFRR,POS_005,130.0,PROVIDER_TO_GRID,23.0,23.0,SK,ENTSO-E BalancingEnergyBids
20260226005-AFRR_P-UNIT_047-1,2026-02-26,aFRR,POS_005,0.0,PROVIDER_TO_GRID,1.0,1.0,SK,ENTSO-E BalancingEnergyBids
20260226005-AFRR_P-UNIT_069-1,2026-02-26,aFRR,POS_005,100.0,PROVIDER_TO_GRID,15.0,15.0,SK,ENTSO-E BalancingEnergyBids
20260226005-AFRR_P-UNIT_058-1,2026-02-26,aFRR,POS_005,132.0,PROVIDER_TO_GRID,1.0,1.0,SK,ENTSO-E BalancingEnergyBids
20260226005-AFRR_P-UNIT_062-1,2026-02-26,aFRR,POS_005,105.0,PROVIDER_TO_GRID,9.0,9.0,SK,ENTSO-E BalancingEnergyBids
20260226005-AFRR_P-UNIT_043-1,2026-02-26,aFRR,POS_005,105.0,PROVIDER_TO_GRID,2.0,2.0,SK,ENTSO-E BalancingEnergyBids
20260226005-AFRR_P-UNIT_063-1,2026-02-26,aFRR,POS_005,140.0,PROVIDER_TO_GRID,10.0,10.0,SK,ENTSO-E BalancingEnergyBids
20260226005-AFRR_P-UNIT_104-1,2026-02-26,aFRR,POS_005,750.0,PROVIDER_TO_GRID,11.0,11.0,SK,ENTSO-E BalancingEnergyBids
20260226005-AFRR_P-UNIT_003-1,2026-02-26,aFRR,POS_005,189.0,PROVIDER_TO_GRID,6.0,6.0,SK,ENTSO-E BalancingEnergyBids
20260226005-AFRR_P-UNIT_097-1,2026-02-26,aFRR,POS_005,85.0,PROVIDER_TO_GRID,7.0,7.0,SK,ENTSO-E BalancingEnergyBids
20260226005-AFRR_P-UNIT_009-1,2026-02-26,aFRR,POS_005,165.0,PROVIDER_TO_GRID,3.0,3.0,SK,ENTSO-E BalancingEnergyBids
20260226005-AFRR_P-UNIT_106-1,2026-02-26,aFRR,POS_005,300.0,PROVIDER_TO_GRID,1.0,1.0,SK,ENTSO-E BalancingEnergyBids
20260226005-AFRR_N-UNIT_068-1,2026-02-26,aFRR,NEG_005,-5.0,GRID_TO_PROVIDER,1.0,1.0,SK,ENTSO-E BalancingEnergyBids
20260226005-AFRR_N-UNIT_052-1,2026-02-26,aFRR,NEG_005,-30.0,GRID_TO_PROVIDER,10.0,10.0,SK,ENTSO-E BalancingEnergyBids
20260226005-AFRR_N-UNIT_069-1,2026-02-26,aFRR,NEG_005,-150.0,GRID_TO_PROVIDER,15.0,15.0,SK,ENTSO-E BalancingEnergyBids
20260226005-AFRR_N-UNIT_058-1,2026-02-26,aFRR,NEG_005,-5.0,GRID_TO_PROVIDER,1.0,1.0,SK,ENTSO-E BalancingEnergyBids
20260226005-AFRR_N-UNIT_013-1,2026-02-26,aFRR,NEG_005,-20.0,GRID_TO_PROVIDER,30.0,30.0,SK,ENTSO-E BalancingEnergyBids
20260226005-AFRR_N-UNIT_062-1,2026-02-26,aFRR,NEG_005,-29.0,GRID_TO_PROVIDER,15.0,15.0,SK,ENTSO-E BalancingEnergyBids
20260226005-AFRR_N-UNIT_043-1,2026-02-26,aFRR,NEG_005,10.0,GRID_TO_PROVIDER,7.0,7.0,SK,ENTSO-E BalancingEnergyBids
20260226005-AFRR_N-UNIT_104-1,2026-02-26,aFRR,NEG_005,20.0,GRID_TO_PROVIDER,4.0,4.0,SK,ENTSO-E BalancingEnergyBids
20260226005-AFRR_N-UNIT_089-1,2026-02-26,aFRR,NEG_005,-175.1,GRID_TO_PROVIDER,3.0,3.0,SK,ENTSO-E BalancingEnergyBids
20260226005-AFRR_N-UNIT_003-1,2026-02-26,aFRR,NEG_005,-5.0,GRID_TO_PROVIDER,4.0,4.0,SK,ENTSO-E BalancingEnergyBids
20260226005-AFRR_N-UNIT_019-1,2026-02-26,aFRR,NEG_005,-199.0,GRID_TO_PROVIDER,1.0,1.0,SK,ENTSO-E BalancingEnergyBids
20260226005-AFRR_N-UNIT_106-1,2026-02-26,aFRR,NEG_005,-19.0,GRID_TO_PROVIDER,1.0,1.0,SK,ENTSO-E BalancingEnergyBids
20260226005-AFRR_P-UNIT_019-1,2026-02-26,aFRR,POS_005,251.0,PROVIDER_TO_GRID,1.0,1.0,SK,ENTSO-E BalancingEnergyBids
20260226005-AFRR_P-UNIT_028-1,2026-02-26,aFRR,POS_005,80.0,PROVIDER_TO_GRID,11.0,11.0,SK,ENTSO-E BalancingEnergyBids
20260226005-AFRR_N-UNIT_028-1,2026-02-26,aFRR,NEG_005,-200.0,GRID_TO_PROVIDER,14.0,14.0,SK,ENTSO-E BalancingEnergyBids
20260226007-AFRR_N-UNIT_003-1,2026-02-26,aFRR,NEG_007,-5.0,GRID_TO_PROVIDER,4.0,4.0,SK,ENTSO-E BalancingEnergyBids
20260226007-AFRR_N-UNIT_013-1,2026-02-26,aFRR,NEG_007,-20.0,GRID_TO_PROVIDER,30.0,30.0,SK,ENTSO-E BalancingEnergyBids
20260226007-AFRR_N-UNIT_019-1,2026-02-26,aFRR,NEG_007,-199.0,GRID_TO_PROVIDER,1.0,1.0,SK,ENTSO-E BalancingEnergyBids
20260226007-AFRR_N-UNIT_028-1,2026-02-26,aFRR,NEG_007,-200.0,GRID_TO_PROVIDER,14.0,14.0,SK,ENTSO-E BalancingEnergyBids
20260226007-AFRR_N-UNIT_043-1,2026-02-26,aFRR,NEG_007,10.0,GRID_TO_PROVIDER,7.0,7.0,SK,ENTSO-E BalancingEnergyBids
20260226007-AFRR_N-UNIT_052-1,2026-02-26,aFRR,NEG_007,-30.0,GRID_TO_PROVIDER,10.0,10.0,SK,ENTSO-E BalancingEnergyBids
20260226007-AFRR_N-UNIT_058-1,2026-02-26,aFRR,NEG_007,-5.0,GRID_TO_PROVIDER,1.0,1.0,SK,ENTSO-E BalancingEnergyBids
20260226007-AFRR_N-UNIT_062-1,2026-02-26,aFRR,NEG_007,-29.0,GRID_TO_PROVIDER,15.0,15.0,SK,ENTSO-E BalancingEnergyBids
20260226007-AFRR_N-UNIT_068-1,2026-02-26,aFRR,NEG_007,-5.0,GRID_TO_PROVIDER,1.0,1.0,SK,ENTSO-E BalancingEnergyBids
20260226007-AFRR_N-UNIT_069-1,2026-02-26,aFRR,NEG_007,-150.0,GRID_TO_PROVIDER,15.0,15.0,SK,ENTSO-E BalancingEnergyBids
20260226007-AFRR_N-UNIT_089-1,2026-02-26,aFRR,NEG_007,-185.28,GRID_TO_PROVIDER,3.0,3.0,SK,ENTSO-E BalancingEnergyBids
20260226007-AFRR_N-UNIT_104-1,2026-02-26,aFRR,NEG_007,20.0,GRID_TO_PROVIDER,4.0,4.0,SK,ENTSO-E BalancingEnergyBids
20260226007-AFRR_N-UNIT_106-1,2026-02-26,aFRR,NEG_007,-19.0,GRID_TO_PROVIDER,1.0,1.0,SK,ENTSO-E BalancingEnergyBids
20260226007-AFRR_P-UNIT_003-1,2026-02-26,aFRR,POS_007,189.0,PROVIDER_TO_GRID,6.0,6.0,SK,ENTSO-E BalancingEnergyBids
20260226007-AFRR_P-UNIT_009-1,2026-02-26,aFRR,POS_007,165.0,PROVIDER_TO_GRID,3.0,3.0,SK,ENTSO-E BalancingEnergyBids
20260226007-AFRR_P-UNIT_019-1,2026-02-26,aFRR,POS_007,251.0,PROVIDER_TO_GRID,1.0,1.0,SK,ENTSO-E BalancingEnergyBids
20260226007-AFRR_P-UNIT_028-1,2026-02-26,aFRR,POS_007,80.0,PROVIDER_TO_GRID,11.0,11.0,SK,ENTSO-E BalancingEnergyBids
20260226007-AFRR_P-UNIT_043-1,2026-02-26,aFRR,POS_007,90.0,PROVIDER_TO_GRID,2.0,2.0,SK,ENTSO-E BalancingEnergyBids
20260226007-AFRR_P-UNIT_047-1,2026-02-26,aFRR,POS_007,0.0,PROVIDER_TO_GRID,1.0,1.0,SK,ENTSO-E BalancingEnergyBids
20260226007-AFRR_P-UNIT_052-1,2026-02-26,aFRR,POS_007,130.0,PROVIDER_TO_GRID,23.0,23.0,SK,ENTSO-E BalancingEnergyBids
20260226007-AFRR_P-UNIT_058-1,2026-02-26,aFRR,POS_007,132.0,PROVIDER_TO_GRID,1.0,1.0,SK,ENTSO-E BalancingEnergyBids
20260226007-AFRR_P-UNIT_062-1,2026-02-26,aFRR,POS_007,90.0,PROVIDER_TO_GRID,9.0,9.0,SK,ENTSO-E BalancingEnergyBids
20260226007-AFRR_P-UNIT_063-1,2026-02-26,aFRR,POS_007,140.0,PROVIDER_TO_GRID,10.0,10.0,SK,ENTSO-E BalancingEnergyBids
20260226007-AFRR_P-UNIT_065-1,2026-02-26,aFRR,POS_007,165.0,PROVIDER_TO_GRID,16.0,16.0,SK,ENTSO-E BalancingEnergyBids
20260226007-AFRR_P-UNIT_068-1,2026-02-26,aFRR,POS_007,132.0,PROVIDER_TO_GRID,1.0,1.0,SK,ENTSO-E BalancingEnergyBids
20260226007-AFRR_P-UNIT_069-1,2026-02-26,aFRR,POS_007,100.0,PROVIDER_TO_GRID,15.0,15.0,SK,ENTSO-E BalancingEnergyBids
20260226007-AFRR_P-UNIT_097-1,2026-02-26,aFRR,POS_007,85.0,PROVIDER_TO_GRID,7.0,7.0,SK,ENTSO-E BalancingEnergyBids
20260226007-AFRR_P-UNIT_104-1,2026-02-26,aFRR,POS_007,750.0,PROVIDER_TO_GRID,11.0,11.0,SK,ENTSO-E BalancingEnergyBids
20260226007-AFRR_P-UNIT_106-1,2026-02-26,aFRR,POS_007,300.0,PROVIDER_TO_GRID,1.0,1.0,SK,ENTSO-E BalancingEnergyBids
20260226008-AFRR_N-UNIT_003-1,2026-02-26,aFRR,NEG_008,-5.0,GRID_TO_PROVIDER,4.0,4.0,SK,ENTSO-E BalancingEnergyBids
20260226008-AFRR_N-UNIT_013-1,2026-02-26,aFRR,NEG_008,-20.0,GRID_TO_PROVIDER,30.0,30.0,SK,ENTSO-E BalancingEnergyBids
20260226008-AFRR_N-UNIT_019-1,2026-02-26,aFRR,NEG_008,-199.0,GRID_TO_PROVIDER,1.0,1.0,SK,ENTSO-E BalancingEnergyBids
20260226008-AFRR_N-UNIT_028-1,2026-02-26,aFRR,NEG_008,-200.0,GRID_TO_PROVIDER,14.0,14.0,SK,ENTSO-E BalancingEnergyBids
20260226008-AFRR_N-UNIT_043-1,2026-02-26,aFRR,NEG_008,10.0,GRID_TO_PROVIDER,7.0,7.0,SK,ENTSO-E BalancingEnergyBids
20260226008-AFRR_N-UNIT_052-1,2026-02-26,aFRR,NEG_008,-30.0,GRID_TO_PROVIDER,10.0,10.0,SK,ENTSO-E BalancingEnergyBids
20260226008-AFRR_N-UNIT_058-1,2026-02-26,aFRR,NEG_008,-5.0,GRID_TO_PROVIDER,1.0,1.0,SK,ENTSO-E BalancingEnergyBids
20260226008-AFRR_N-UNIT_062-1,2026-02-26,aFRR,NEG_008,-29.0,GRID_TO_PROVIDER,15.0,15.0,SK,ENTSO-E BalancingEnergyBids
20260226008-AFRR_N-UNIT_068-1,2026-02-26,aFRR,NEG_008,-5.0,GRID_TO_PROVIDER,1.0,1.0,SK,ENTSO-E BalancingEnergyBids
20260226008-AFRR_N-UNIT_069-1,2026-02-26,aFRR,NEG_008,-150.0,GRID_TO_PROVIDER,15.0,15.0,SK,ENTSO-E BalancingEnergyBids
20260226008-AFRR_N-UNIT_089-1,2026-02-26,aFRR,NEG_008,-189.56,GRID_TO_PROVIDER,3.0,3.0,SK,ENTSO-E BalancingEnergyBids
20260226008-AFRR_N-UNIT_104-1,2026-02-26,aFRR,NEG_008,20.0,GRID_TO_PROVIDER,4.0,4.0,SK,ENTSO-E BalancingEnergyBids
20260226008-AFRR_N-UNIT_106-1,2026-02-26,aFRR,NEG_008,-19.0,GRID_TO_PROVIDER,1.0,1.0,SK,ENTSO-E BalancingEnergyBids
20260226008-AFRR_P-UNIT_003-1,2026-02-26,aFRR,POS_008,189.0,PROVIDER_TO_GRID,6.0,6.0,SK,ENTSO-E BalancingEnergyBids
20260226008-AFRR_P-UNIT_009-1,2026-02-26,aFRR,POS_008,165.0,PROVIDER_TO_GRID,3.0,3.0,SK,ENTSO-E BalancingEnergyBids
20260226008-AFRR_P-UNIT_019-1,2026-02-26,aFRR,POS_008,251.0,PROVIDER_TO_GRID,1.0,1.0,SK,ENTSO-E BalancingEnergyBids
20260226008-AFRR_P-UNIT_028-1,2026-02-26,aFRR,POS_008,50.0,PROVIDER_TO_GRID,11.0,11.0,SK,ENTSO-E BalancingEnergyBids
20260226008-AFRR_P-UNIT_043-1,2026-02-26,aFRR,POS_008,90.0,PROVIDER_TO_GRID,2.0,2.0,SK,ENTSO-E BalancingEnergyBids
20260226008-AFRR_P-UNIT_047-1,2026-02-26,aFRR,POS_008,0.0,PROVIDER_TO_GRID,1.0,1.0,SK,ENTSO-E BalancingEnergyBids
20260226008-AFRR_P-UNIT_052-1,2026-02-26,aFRR,POS_008,130.0,PROVIDER_TO_GRID,23.0,23.0,SK,ENTSO-E BalancingEnergyBids
20260226008-AFRR_P-UNIT_058-1,2026-02-26,aFRR,POS_008,132.0,PROVIDER_TO_GRID,1.0,1.0,SK,ENTSO-E BalancingEnergyBids
20260226008-AFRR_P-UNIT_062-1,2026-02-26,aFRR,POS_008,90.0,PROVIDER_TO_GRID,9.0,9.0,SK,ENTSO-E BalancingEnergyBids
20260226008-AFRR_P-UNIT_063-1,2026-02-26,aFRR,POS_008,140.0,PROVIDER_TO_GRID,10.0,10.0,SK,ENTSO-E BalancingEnergyBids
20260226008-AFRR_P-UNIT_065-1,2026-02-26,aFRR,POS_008,165.0,PROVIDER_TO_GRID,16.0,16.0,SK,ENTSO-E BalancingEnergyBids
20260226008-AFRR_P-UNIT_068-1,2026-02-26,aFRR,POS_008,132.0,PROVIDER_TO_GRID,1.0,1.0,SK,ENTSO-E BalancingEnergyBids
20260226008-AFRR_P-UNIT_069-1,2026-02-26,aFRR,POS_008,100.0,PROVIDER_TO_GRID,15.0,15.0,SK,ENTSO-E BalancingEnergyBids
20260226008-AFRR_P-UNIT_097-1,2026-02-26,aFRR,POS_008,85.0,PROVIDER_TO_GRID,7.0,7.0,SK,ENTSO-E BalancingEnergyBids
20260226008-AFRR_P-UNIT_104-1,2026-02-26,aFRR,POS_008,750.0,PROVIDER_TO_GRID,11.0,11.0,SK,ENTSO-E BalancingEnergyBids
20260226008-AFRR_P-UNIT_106-1,2026-02-26,aFRR,POS_008,300.0,PROVIDER_TO_GRID,1.0,1.0,SK,ENTSO-E BalancingEnergyBids
20260226009-AFRR_N-UNIT_003-1,2026-02-26,aFRR,NEG_009,-5.0,GRID_TO_PROVIDER,4.0,4.0,SK,ENTSO-E BalancingEnergyBids
20260226009-AFRR_N-UNIT_013-1,2026-02-26,aFRR,NEG_009,-20.0,GRID_TO_PROVIDER,30.0,30.0,SK,ENTSO-E BalancingEnergyBids
20260226009-AFRR_N-UNIT_019-1,2026-02-26,aFRR,NEG_009,-199.0,GRID_TO_PROVIDER,1.0,1.0,SK,ENTSO-E BalancingEnergyBids
20260226009-AFRR_N-UNIT_028-1,2026-02-26,aFRR,NEG_009,-200.0,GRID_TO_PROVIDER,14.0,14.0,SK,ENTSO-E BalancingEnergyBids
20260226009-AFRR_N-UNIT_043-1,2026-02-26,aFRR,NEG_009,10.0,GRID_TO_PROVIDER,7.0,7.0,SK,ENTSO-E BalancingEnergyBids
20260226009-AFRR_N-UNIT_052-1,2026-02-26,aFRR,NEG_009,-30.0,GRID_TO_PROVIDER,10.0,10.0,SK,ENTSO-E BalancingEnergyBids
20260226009-AFRR_N-UNIT_058-1,2026-02-26,aFRR,NEG_009,-5.0,GRID_TO_PROVIDER,1.0,1.0,SK,ENTSO-E BalancingEnergyBids
20260226009-AFRR_N-UNIT_062-1,2026-02-26,aFRR,NEG_009,-29.0,GRID_TO_PROVIDER,15.0,15.0,SK,ENTSO-E BalancingEnergyBids
20260226009-AFRR_N-UNIT_068-1,2026-02-26,aFRR,NEG_009,-5.0,GRID_TO_PROVIDER,1.0,1.0,SK,ENTSO-E BalancingEnergyBids
20260226009-AFRR_N-UNIT_069-1,2026-02-26,aFRR,NEG_009,-150.0,GRID_TO_PROVIDER,15.0,15.0,SK,ENTSO-E BalancingEnergyBids
20260226009-AFRR_N-UNIT_089-1,2026-02-26,aFRR,NEG_009,-186.59,GRID_TO_PROVIDER,3.0,3.0,SK,ENTSO-E BalancingEnergyBids
20260226009-AFRR_N-UNIT_104-1,2026-02-26,aFRR,NEG_009,20.0,GRID_TO_PROVIDER,4.0,4.0,SK,ENTSO-E BalancingEnergyBids
20260226009-AFRR_N-UNIT_106-1,2026-02-26,aFRR,NEG_009,-19.0,GRID_TO_PROVIDER,1.0,1.0,SK,ENTSO-E BalancingEnergyBids
20260226009-AFRR_P-UNIT_003-1,2026-02-26,aFRR,POS_009,189.0,PROVIDER_TO_GRID,6.0,6.0,SK,ENTSO-E BalancingEnergyBids
20260226009-AFRR_P-UNIT_009-1,2026-02-26,aFRR,POS_009,165.0,PROVIDER_TO_GRID,3.0,3.0,SK,ENTSO-E BalancingEnergyBids
20260226009-AFRR_P-UNIT_019-1,2026-02-26,aFRR,POS_009,251.0,PROVIDER_TO_GRID,1.0,1.0,SK,ENTSO-E BalancingEnergyBids
20260226009-AFRR_P-UNIT_028-1,2026-02-26,aFRR,POS_009,50.0,PROVIDER_TO_GRID,11.0,11.0,SK,ENTSO-E BalancingEnergyBids
20260226009-AFRR_P-UNIT_043-1,2026-02-26,aFRR,POS_009,90.0,PROVIDER_TO_GRID,2.0,2.0,SK,ENTSO-E BalancingEnergyBids
20260226009-AFRR_P-UNIT_047-1,2026-02-26,aFRR,POS_009,0.0,PROVIDER_TO_GRID,1.0,1.0,SK,ENTSO-E BalancingEnergyBids
20260226009-AFRR_P-UNIT_052-1,2026-02-26,aFRR,POS_009,130.0,PROVIDER_TO_GRID,23.0,23.0,SK,ENTSO-E BalancingEnergyBids
20260226009-AFRR_P-UNIT_058-1,2026-02-26,aFRR,POS_009,132.0,PROVIDER_TO_GRID,1.0,1.0,SK,ENTSO-E BalancingEnergyBids
20260226009-AFRR_P-UNIT_062-1,2026-02-26,aFRR,POS_009,90.0,PROVIDER_TO_GRID,9.0,9.0,SK,ENTSO-E BalancingEnergyBids
20260226009-AFRR_P-UNIT_063-1,2026-02-26,aFRR,POS_009,140.0,PROVIDER_TO_GRID,10.0,10.0,SK,ENTSO-E BalancingEnergyBids
20260226009-AFRR_P-UNIT_065-1,2026-02-26,aFRR,POS_009,165.0,PROVIDER_TO_GRID,16.0,16.0,SK,ENTSO-E BalancingEnergyBids
20260226009-AFRR_P-UNIT_068-1,2026-02-26,aFRR,POS_009,132.0,PROVIDER_TO_GRID,1.0,1.0,SK,ENTSO-E BalancingEnergyBids
20260226009-AFRR_P-UNIT_069-1,2026-02-26,aFRR,POS_009,100.0,PROVIDER_TO_GRID,15.0,15.0,SK,ENTSO-E BalancingEnergyBids
20260226009-AFRR_P-UNIT_097-1,2026-02-26,aFRR,POS_009,85.0,PROVIDER_TO_GRID,7.0,7.0,SK,ENTSO-E BalancingEnergyBids
20260226009-AFRR_P-UNIT_104-1,2026-02-26,aFRR,POS_009,750.0,PROVIDER_TO_GRID,11.0,11.0,SK,ENTSO-E BalancingEnergyBids
20260226009-AFRR_P-UNIT_106-1,2026-02-26,aFRR,POS_009,300.0,PROVIDER_TO_GRID,1.0,1.0,SK,ENTSO-E BalancingEnergyBids
20260226010-AFRR_N-UNIT_003-1,2026-02-26,aFRR,NEG_010,-5.0,GRID_TO_PROVIDER,4.0,4.0,SK,ENTSO-E BalancingEnergyBids
20260226010-AFRR_N-UNIT_013-1,2026-02-26,aFRR,NEG_010,-20.0,GRID_TO_PROVIDER,30.0,30.0,SK,ENTSO-E BalancingEnergyBids
20260226010-AFRR_N-UNIT_019-1,2026-02-26,aFRR,NEG_010,-199.0,GRID_TO_PROVIDER,1.0,1.0,SK,ENTSO-E BalancingEnergyBids
20260226010-AFRR_N-UNIT_028-1,2026-02-26,aFRR,NEG_010,-200.0,GRID_TO_PROVIDER,14.0,14.0,SK,ENTSO-E BalancingEnergyBids
20260226010-AFRR_N-UNIT_043-1,2026-02-26,aFRR,NEG_010,10.0,GRID_TO_PROVIDER,7.0,7.0,SK,ENTSO-E BalancingEnergyBids
20260226010-AFRR_N-UNIT_052-1,2026-02-26,aFRR,NEG_010,-30.0,GRID_TO_PROVIDER,10.0,10.0,SK,ENTSO-E BalancingEnergyBids
20260226010-AFRR_N-UNIT_058-1,2026-02-26,aFRR,NEG_010,-5.0,GRID_TO_PROVIDER,1.0,1.0,SK,ENTSO-E BalancingEnergyBids
20260226010-AFRR_N-UNIT_062-1,2026-02-26,aFRR,NEG_010,-29.0,GRID_TO_PROVIDER,15.0,15.0,SK,ENTSO-E BalancingEnergyBids
20260226010-AFRR_N-UNIT_068-1,2026-02-26,aFRR,NEG_010,-5.0,GRID_TO_PROVIDER,1.0,1.0,SK,ENTSO-E BalancingEnergyBids
20260226010-AFRR_N-UNIT_069-1,2026-02-26,aFRR,NEG_010,-150.0,GRID_TO_PROVIDER,15.0,15.0,SK,ENTSO-E BalancingEnergyBids
20260226010-AFRR_N-UNIT_089-1,2026-02-26,aFRR,NEG_010,-187.42,GRID_TO_PROVIDER,3.0,3.0,SK,ENTSO-E BalancingEnergyBids
20260226010-AFRR_N-UNIT_104-1,2026-02-26,aFRR,NEG_010,20.0,GRID_TO_PROVIDER,4.0,4.0,SK,ENTSO-E BalancingEnergyBids
20260226010-AFRR_N-UNIT_106-1,2026-02-26,aFRR,NEG_010,-19.0,GRID_TO_PROVIDER,1.0,1.0,SK,ENTSO-E BalancingEnergyBids
20260226010-AFRR_P-UNIT_003-1,2026-02-26,aFRR,POS_010,189.0,PROVIDER_TO_GRID,6.0,6.0,SK,ENTSO-E BalancingEnergyBids
20260226010-AFRR_P-UNIT_009-1,2026-02-26,aFRR,POS_010,165.0,PROVIDER_TO_GRID,3.0,3.0,SK,ENTSO-E BalancingEnergyBids
20260226010-AFRR_P-UNIT_019-1,2026-02-26,aFRR,POS_010,251.0,PROVIDER_TO_GRID,1.0,1.0,SK,ENTSO-E BalancingEnergyBids
20260226010-AFRR_P-UNIT_028-1,2026-02-26,aFRR,POS_010,50.0,PROVIDER_TO_GRID,11.0,11.0,SK,ENTSO-E BalancingEnergyBids
20260226010-AFRR_P-UNIT_043-1,2026-02-26,aFRR,POS_010,90.0,PROVIDER_TO_GRID,2.0,2.0,SK,ENTSO-E BalancingEnergyBids
20260226010-AFRR_P-UNIT_047-1,2026-02-26,aFRR,POS_010,0.0,PROVIDER_TO_GRID,1.0,1.0,SK,ENTSO-E BalancingEnergyBids
20260226010-AFRR_P-UNIT_052-1,2026-02-26,aFRR,POS_010,130.0,PROVIDER_TO_GRID,23.0,23.0,SK,ENTSO-E BalancingEnergyBids
20260226010-AFRR_P-UNIT_058-1,2026-02-26,aFRR,POS_010,132.0,PROVIDER_TO_GRID,1.0,1.0,SK,ENTSO-E BalancingEnergyBids
20260226010-AFRR_P-UNIT_062-1,2026-02-26,aFRR,POS_010,90.0,PROVIDER_TO_GRID,9.0,9.0,SK,ENTSO-E BalancingEnergyBids
20260226010-AFRR_P-UNIT_063-1,2026-02-26,aFRR,POS_010,140.0,PROVIDER_TO_GRID,10.0,10.0,SK,ENTSO-E BalancingEnergyBids
20260226010-AFRR_P-UNIT_065-1,2026-02-26,aFRR,POS_010,165.0,PROVIDER_TO_GRID,16.0,16.0,SK,ENTSO-E BalancingEnergyBids
20260226010-AFRR_P-UNIT_068-1,2026-02-26,aFRR,POS_010,132.0,PROVIDER_TO_GRID,1.0,1.0,SK,ENTSO-E BalancingEnergyBids
20260226010-AFRR_P-UNIT_069-1,2026-02-26,aFRR,POS_010,100.0,PROVIDER_TO_GRID,15.0,15.0,SK,ENTSO-E BalancingEnergyBids
20260226010-AFRR_P-UNIT_097-1,2026-02-26,aFRR,POS_010,85.0,PROVIDER_TO_GRID,7.0,7.0,SK,ENTSO-E BalancingEnergyBids
20260226010-AFRR_P-UNIT_104-1,2026-02-26,aFRR,POS_010,750.0,PROVIDER_TO_GRID,11.0,11.0,SK,ENTSO-E BalancingEnergyBids
20260226010-AFRR_P-UNIT_106-1,2026-02-26,aFRR,POS_010,300.0,PROVIDER_TO_GRID,1.0,1.0,SK,ENTSO-E BalancingEnergyBids
20260226011-AFRR_N-UNIT_003-1,2026-02-26,aFRR,NEG_011,-5.0,GRID_TO_PROVIDER,4.0,4.0,SK,ENTSO-E BalancingEnergyBids
20260226011-AFRR_N-UNIT_013-1,2026-02-26,aFRR,NEG_011,-20.0,GRID_TO_PROVIDER,30.0,30.0,SK,ENTSO-E BalancingEnergyBids
20260226011-AFRR_N-UNIT_019-1,2026-02-26,aFRR,NEG_011,-199.0,GRID_TO_PROVIDER,1.0,1.0,SK,ENTSO-E BalancingEnergyBids
20260226011-AFRR_N-UNIT_028-1,2026-02-26,aFRR,NEG_011,-200.0,GRID_TO_PROVIDER,14.0,14.0,SK,ENTSO-E BalancingEnergyBids
20260226011-AFRR_N-UNIT_043-1,2026-02-26,aFRR,NEG_011,10.0,GRID_TO_PROVIDER,7.0,7.0,SK,ENTSO-E BalancingEnergyBids
20260226011-AFRR_N-UNIT_052-1,2026-02-26,aFRR,NEG_011,-30.0,GRID_TO_PROVIDER,10.0,10.0,SK,ENTSO-E BalancingEnergyBids
20260226011-AFRR_N-UNIT_058-1,2026-02-26,aFRR,NEG_011,-5.0,GRID_TO_PROVIDER,1.0,1.0,SK,ENTSO-E BalancingEnergyBids
20260226011-AFRR_N-UNIT_062-1,2026-02-26,aFRR,NEG_011,-29.0,GRID_TO_PROVIDER,15.0,15.0,SK,ENTSO-E BalancingEnergyBids
20260226011-AFRR_N-UNIT_068-1,2026-02-26,aFRR,NEG_011,-5.0,GRID_TO_PROVIDER,1.0,1.0,SK,ENTSO-E BalancingEnergyBids
20260226011-AFRR_N-UNIT_069-1,2026-02-26,aFRR,NEG_011,-150.0,GRID_TO_PROVIDER,15.0,15.0,SK,ENTSO-E BalancingEnergyBids
20260226011-AFRR_N-UNIT_089-1,2026-02-26,aFRR,NEG_011,-187.28,GRID_TO_PROVIDER,3.0,3.0,SK,ENTSO-E BalancingEnergyBids
20260226011-AFRR_N-UNIT_104-1,2026-02-26,aFRR,NEG_011,20.0,GRID_TO_PROVIDER,4.0,4.0,SK,ENTSO-E BalancingEnergyBids
20260226011-AFRR_N-UNIT_106-1,2026-02-26,aFRR,NEG_011,-19.0,GRID_TO_PROVIDER,1.0,1.0,SK,ENTSO-E BalancingEnergyBids
20260226011-AFRR_P-UNIT_003-1,2026-02-26,aFRR,POS_011,189.0,PROVIDER_TO_GRID,6.0,6.0,SK,ENTSO-E BalancingEnergyBids
20260226011-AFRR_P-UNIT_009-1,2026-02-26,aFRR,POS_011,165.0,PROVIDER_TO_GRID,3.0,3.0,SK,ENTSO-E BalancingEnergyBids
20260226011-AFRR_P-UNIT_019-1,2026-02-26,aFRR,POS_011,251.0,PROVIDER_TO_GRID,1.0,1.0,SK,ENTSO-E BalancingEnergyBids
20260226011-AFRR_P-UNIT_028-1,2026-02-26,aFRR,POS_011,50.0,PROVIDER_TO_GRID,11.0,11.0,SK,ENTSO-E BalancingEnergyBids
20260226011-AFRR_P-UNIT_043-1,2026-02-26,aFRR,POS_011,90.0,PROVIDER_TO_GRID,2.0,2.0,SK,ENTSO-E BalancingEnergyBids
20260226011-AFRR_P-UNIT_047-1,2026-02-26,aFRR,POS_011,0.0,PROVIDER_TO_GRID,1.0,1.0,SK,ENTSO-E BalancingEnergyBids
20260226011-AFRR_P-UNIT_052-1,2026-02-26,aFRR,POS_011,130.0,PROVIDER_TO_GRID,23.0,23.0,SK,ENTSO-E BalancingEnergyBids
20260226011-AFRR_P-UNIT_058-1,2026-02-26,aFRR,POS_011,132.0,PROVIDER_TO_GRID,1.0,1.0,SK,ENTSO-E BalancingEnergyBids
20260226011-AFRR_P-UNIT_062-1,2026-02-26,aFRR,POS_011,90.0,PROVIDER_TO_GRID,9.0,9.0,SK,ENTSO-E BalancingEnergyBids
20260226011-AFRR_P-UNIT_063-1,2026-02-26,aFRR,POS_011,140.0,PROVIDER_TO_GRID,10.0,10.0,SK,ENTSO-E BalancingEnergyBids
20260226011-AFRR_P-UNIT_065-1,2026-02-26,aFRR,POS_011,165.0,PROVIDER_TO_GRID,16.0,16.0,SK,ENTSO-E BalancingEnergyBids
20260226011-AFRR_P-UNIT_068-1,2026-02-26,aFRR,POS_011,132.0,PROVIDER_TO_GRID,1.0,1.0,SK,ENTSO-E BalancingEnergyBids
20260226011-AFRR_P-UNIT_069-1,2026-02-26,aFRR,POS_011,100.0,PROVIDER_TO_GRID,15.0,15.0,SK,ENTSO-E BalancingEnergyBids
20260226011-AFRR_P-UNIT_097-1,2026-02-26,aFRR,POS_011,85.0,PROVIDER_TO_GRID,7.0,7.0,SK,ENTSO-E BalancingEnergyBids
20260226011-AFRR_P-UNIT_104-1,2026-02-26,aFRR,POS_011,750.0,PROVIDER_TO_GRID,11.0,11.0,SK,ENTSO-E BalancingEnergyBids
20260226011-AFRR_P-UNIT_106-1,2026-02-26,aFRR,POS_011,300.0,PROVIDER_TO_GRID,1.0,1.0,SK,ENTSO-E BalancingEnergyBids
20260226012-AFRR_N-UNIT_003-1,2026-02-26,aFRR,NEG_012,-5.0,GRID_TO_PROVIDER,4.0,4.0,SK,ENTSO-E BalancingEnergyBids
20260226012-AFRR_N-UNIT_013-1,2026-02-26,aFRR,NEG_012,-20.0,GRID_TO_PROVIDER,30.0,30.0,SK,ENTSO-E BalancingEnergyBids
20260226012-AFRR_N-UNIT_019-1,2026-02-26,aFRR,NEG_012,-199.0,GRID_TO_PROVIDER,1.0,1.0,SK,ENTSO-E BalancingEnergyBids
20260226012-AFRR_N-UNIT_028-1,2026-02-26,aFRR,NEG_012,-200.0,GRID_TO_PROVIDER,14.0,14.0,SK,ENTSO-E BalancingEnergyBids
20260226012-AFRR_N-UNIT_043-1,2026-02-26,aFRR,NEG_012,10.0,GRID_TO_PROVIDER,7.0,7.0,SK,ENTSO-E BalancingEnergyBids
20260226012-AFRR_N-UNIT_052-1,2026-02-26,aFRR,NEG_012,-30.0,GRID_TO_PROVIDER,10.0,10.0,SK,ENTSO-E BalancingEnergyBids
20260226012-AFRR_N-UNIT_058-1,2026-02-26,aFRR,NEG_012,-5.0,GRID_TO_PROVIDER,1.0,1.0,SK,ENTSO-E BalancingEnergyBids
20260226012-AFRR_N-UNIT_062-1,2026-02-26,aFRR,NEG_012,-29.0,GRID_TO_PROVIDER,15.0,15.0,SK,ENTSO-E BalancingEnergyBids
20260226012-AFRR_N-UNIT_068-1,2026-02-26,aFRR,NEG_012,-5.0,GRID_TO_PROVIDER,1.0,1.0,SK,ENTSO-E BalancingEnergyBids
20260226012-AFRR_N-UNIT_069-1,2026-02-26,aFRR,NEG_012,-150.0,GRID_TO_PROVIDER,15.0,15.0,SK,ENTSO-E BalancingEnergyBids
20260226012-AFRR_N-UNIT_089-1,2026-02-26,aFRR,NEG_012,-186.22,GRID_TO_PROVIDER,3.0,3.0,SK,ENTSO-E BalancingEnergyBids
20260226012-AFRR_N-UNIT_104-1,2026-02-26,aFRR,NEG_012,20.0,GRID_TO_PROVIDER,4.0,4.0,SK,ENTSO-E BalancingEnergyBids
20260226012-AFRR_N-UNIT_106-1,2026-02-26,aFRR,NEG_012,-19.0,GRID_TO_PROVIDER,1.0,1.0,SK,ENTSO-E BalancingEnergyBids
20260226012-AFRR_P-UNIT_003-1,2026-02-26,aFRR,POS_012,189.0,PROVIDER_TO_GRID,6.0,6.0,SK,ENTSO-E BalancingEnergyBids
20260226012-AFRR_P-UNIT_009-1,2026-02-26,aFRR,POS_012,165.0,PROVIDER_TO_GRID,3.0,3.0,SK,ENTSO-E BalancingEnergyBids
20260226012-AFRR_P-UNIT_019-1,2026-02-26,aFRR,POS_012,251.0,PROVIDER_TO_GRID,1.0,1.0,SK,ENTSO-E BalancingEnergyBids
20260226012-AFRR_P-UNIT_028-1,2026-02-26,aFRR,POS_012,50.0,PROVIDER_TO_GRID,11.0,11.0,SK,ENTSO-E BalancingEnergyBids
20260226012-AFRR_P-UNIT_043-1,2026-02-26,aFRR,POS_012,90.0,PROVIDER_TO_GRID,2.0,2.0,SK,ENTSO-E BalancingEnergyBids
20260226012-AFRR_P-UNIT_047-1,2026-02-26,aFRR,POS_012,0.0,PROVIDER_TO_GRID,1.0,1.0,SK,ENTSO-E BalancingEnergyBids
20260226012-AFRR_P-UNIT_052-1,2026-02-26,aFRR,POS_012,130.0,PROVIDER_TO_GRID,23.0,23.0,SK,ENTSO-E BalancingEnergyBids
20260226012-AFRR_P-UNIT_058-1,2026-02-26,aFRR,POS_012,132.0,PROVIDER_TO_GRID,1.0,1.0,SK,ENTSO-E BalancingEnergyBids
20260226012-AFRR_P-UNIT_062-1,2026-02-26,aFRR,POS_012,90.0,PROVIDER_TO_GRID,9.0,9.0,SK,ENTSO-E BalancingEnergyBids
20260226012-AFRR_P-UNIT_063-1,2026-02-26,aFRR,POS_012,140.0,PROVIDER_TO_GRID,10.0,10.0,SK,ENTSO-E BalancingEnergyBids
20260226012-AFRR_P-UNIT_065-1,2026-02-26,aFRR,POS_012,165.0,PROVIDER_TO_GRID,16.0,16.0,SK,ENTSO-E BalancingEnergyBids
20260226012-AFRR_P-UNIT_068-1,2026-02-26,aFRR,POS_012,132.0,PROVIDER_TO_GRID,1.0,1.0,SK,ENTSO-E BalancingEnergyBids
20260226012-AFRR_P-UNIT_069-1,2026-02-26,aFRR,POS_012,100.0,PROVIDER_TO_GRID,15.0,15.0,SK,ENTSO-E BalancingEnergyBids
20260226012-AFRR_P-UNIT_097-1,2026-02-26,aFRR,POS_012,85.0,PROVIDER_TO_GRID,7.0,7.0,SK,ENTSO-E BalancingEnergyBids
20260226012-AFRR_P-UNIT_104-1,2026-02-26,aFRR,POS_012,750.0,PROVIDER_TO_GRID,11.0,11.0,SK,ENTSO-E BalancingEnergyBids
20260226012-AFRR_P-UNIT_106-1,2026-02-26,aFRR,POS_012,300.0,PROVIDER_TO_GRID,1.0,1.0,SK,ENTSO-E BalancingEnergyBids
20260226013-AFRR_N-UNIT_003-1,2026-02-26,aFRR,NEG_013,-5.0,GRID_TO_PROVIDER,5.0,5.0,SK,ENTSO-E BalancingEnergyBids
20260226013-AFRR_N-UNIT_013-1,2026-02-26,aFRR,NEG_013,-20.0,GRID_TO_PROVIDER,30.0,30.0,SK,ENTSO-E BalancingEnergyBids
20260226013-AFRR_N-UNIT_019-1,2026-02-26,aFRR,NEG_013,-199.0,GRID_TO_PROVIDER,1.0,1.0,SK,ENTSO-E BalancingEnergyBids
20260226013-AFRR_N-UNIT_028-1,2026-02-26,aFRR,NEG_013,-200.0,GRID_TO_PROVIDER,14.0,14.0,SK,ENTSO-E BalancingEnergyBids
20260226013-AFRR_N-UNIT_043-1,2026-02-26,aFRR,NEG_013,10.0,GRID_TO_PROVIDER,7.0,7.0,SK,ENTSO-E BalancingEnergyBids
20260226013-AFRR_N-UNIT_052-1,2026-02-26,aFRR,NEG_013,-30.0,GRID_TO_PROVIDER,10.0,10.0,SK,ENTSO-E BalancingEnergyBids
20260226013-AFRR_N-UNIT_058-1,2026-02-26,aFRR,NEG_013,-5.0,GRID_TO_PROVIDER,1.0,1.0,SK,ENTSO-E BalancingEnergyBids
20260226013-AFRR_N-UNIT_062-1,2026-02-26,aFRR,NEG_013,-29.0,GRID_TO_PROVIDER,15.0,15.0,SK,ENTSO-E BalancingEnergyBids
20260226013-AFRR_N-UNIT_068-1,2026-02-26,aFRR,NEG_013,-5.0,GRID_TO_PROVIDER,1.0,1.0,SK,ENTSO-E BalancingEnergyBids
20260226013-AFRR_N-UNIT_069-1,2026-02-26,aFRR,NEG_013,-150.0,GRID_TO_PROVIDER,15.0,15.0,SK,ENTSO-E BalancingEnergyBids
20260226013-AFRR_N-UNIT_089-1,2026-02-26,aFRR,NEG_013,-185.56,GRID_TO_PROVIDER,3.0,3.0,SK,ENTSO-E BalancingEnergyBids
20260226013-AFRR_N-UNIT_104-1,2026-02-26,aFRR,NEG_013,20.0,GRID_TO_PROVIDER,4.0,4.0,SK,ENTSO-E BalancingEnergyBids
20260226013-AFRR_N-UNIT_106-1,2026-02-26,aFRR,NEG_013,-19.0,GRID_TO_PROVIDER,1.0,1.0,SK,ENTSO-E BalancingEnergyBids
20260226013-AFRR_P-UNIT_003-1,2026-02-26,aFRR,POS_013,189.0,PROVIDER_TO_GRID,5.0,5.0,SK,ENTSO-E BalancingEnergyBids
20260226013-AFRR_P-UNIT_009-1,2026-02-26,aFRR,POS_013,165.0,PROVIDER_TO_GRID,3.0,3.0,SK,ENTSO-E BalancingEnergyBids
20260226013-AFRR_P-UNIT_019-1,2026-02-26,aFRR,POS_013,251.0,PROVIDER_TO_GRID,1.0,1.0,SK,ENTSO-E BalancingEnergyBids
20260226013-AFRR_P-UNIT_028-1,2026-02-26,aFRR,POS_013,50.0,PROVIDER_TO_GRID,11.0,11.0,SK,ENTSO-E BalancingEnergyBids
20260226013-AFRR_P-UNIT_043-1,2026-02-26,aFRR,POS_013,90.0,PROVIDER_TO_GRID,2.0,2.0,SK,ENTSO-E BalancingEnergyBids
20260226013-AFRR_P-UNIT_047-1,2026-02-26,aFRR,POS_013,0.0,PROVIDER_TO_GRID,1.0,1.0,SK,ENTSO-E BalancingEnergyBids
20260226013-AFRR_P-UNIT_052-1,2026-02-26,aFRR,POS_013,130.0,PROVIDER_TO_GRID,23.0,23.0,SK,ENTSO-E BalancingEnergyBids
20260226013-AFRR_P-UNIT_058-1,2026-02-26,aFRR,POS_013,132.0,PROVIDER_TO_GRID,1.0,1.0,SK,ENTSO-E BalancingEnergyBids
20260226013-AFRR_P-UNIT_062-1,2026-02-26,aFRR,POS_013,90.0,PROVIDER_TO_GRID,9.0,9.0,SK,ENTSO-E BalancingEnergyBids
20260226013-AFRR_P-UNIT_063-1,2026-02-26,aFRR,POS_013,140.0,PROVIDER_TO_GRID,10.0,10.0,SK,ENTSO-E BalancingEnergyBids
20260226013-AFRR_P-UNIT_065-1,2026-02-26,aFRR,POS_013,165.0,PROVIDER_TO_GRID,16.0,16.0,SK,ENTSO-E BalancingEnergyBids
20260226013-AFRR_P-UNIT_068-1,2026-02-26,aFRR,POS_013,132.0,PROVIDER_TO_GRID,1.0,1.0,SK,ENTSO-E BalancingEnergyBids
20260226013-AFRR_P-UNIT_069-1,2026-02-26,aFRR,POS_013,100.0,PROVIDER_TO_GRID,15.0,15.0,SK,ENTSO-E BalancingEnergyBids
20260226013-AFRR_P-UNIT_097-1,2026-02-26,aFRR,POS_013,85.0,PROVIDER_TO_GRID,7.0,7.0,SK,ENTSO-E BalancingEnergyBids
20260226013-AFRR_P-UNIT_104-1,2026-02-26,aFRR,POS_013,750.0,PROVIDER_TO_GRID,11.0,11.0,SK,ENTSO-E BalancingEnergyBids
20260226013-AFRR_P-UNIT_106-1,2026-02-26,aFRR,POS_013,300.0,PROVIDER_TO_GRID,1.0,1.0,SK,ENTSO-E BalancingEnergyBids
20260226014-AFRR_N-UNIT_003-1,2026-02-26,aFRR,NEG_014,-5.0,GRID_TO_PROVIDER,5.0,5.0,SK,ENTSO-E BalancingEnergyBids
20260226014-AFRR_N-UNIT_013-1,2026-02-26,aFRR,NEG_014,-20.0,GRID_TO_PROVIDER,30.0,30.0,SK,ENTSO-E BalancingEnergyBids
20260226014-AFRR_N-UNIT_019-1,2026-02-26,aFRR,NEG_014,-199.0,GRID_TO_PROVIDER,1.0,1.0,SK,ENTSO-E BalancingEnergyBids
20260226014-AFRR_N-UNIT_028-1,2026-02-26,aFRR,NEG_014,-200.0,GRID_TO_PROVIDER,14.0,14.0,SK,ENTSO-E BalancingEnergyBids
20260226014-AFRR_N-UNIT_043-1,2026-02-26,aFRR,NEG_014,10.0,GRID_TO_PROVIDER,7.0,7.0,SK,ENTSO-E BalancingEnergyBids
20260226014-AFRR_N-UNIT_052-1,2026-02-26,aFRR,NEG_014,-30.0,GRID_TO_PROVIDER,10.0,10.0,SK,ENTSO-E BalancingEnergyBids
20260226014-AFRR_N-UNIT_058-1,2026-02-26,aFRR,NEG_014,-5.0,GRID_TO_PROVIDER,1.0,1.0,SK,ENTSO-E BalancingEnergyBids
20260226014-AFRR_N-UNIT_062-1,2026-02-26,aFRR,NEG_014,-29.0,GRID_TO_PROVIDER,15.0,15.0,SK,ENTSO-E BalancingEnergyBids
20260226014-AFRR_N-UNIT_068-1,2026-02-26,aFRR,NEG_014,-5.0,GRID_TO_PROVIDER,1.0,1.0,SK,ENTSO-E BalancingEnergyBids
20260226014-AFRR_N-UNIT_069-1,2026-02-26,aFRR,NEG_014,-150.0,GRID_TO_PROVIDER,15.0,15.0,SK,ENTSO-E BalancingEnergyBids
20260226014-AFRR_N-UNIT_089-1,2026-02-26,aFRR,NEG_014,-185.61,GRID_TO_PROVIDER,3.0,3.0,SK,ENTSO-E BalancingEnergyBids
20260226014-AFRR_N-UNIT_104-1,2026-02-26,aFRR,NEG_014,20.0,GRID_TO_PROVIDER,4.0,4.0,SK,ENTSO-E BalancingEnergyBids
20260226014-AFRR_N-UNIT_106-1,2026-02-26,aFRR,NEG_014,-19.0,GRID_TO_PROVIDER,1.0,1.0,SK,ENTSO-E BalancingEnergyBids
20260226014-AFRR_P-UNIT_003-1,2026-02-26,aFRR,POS_014,189.0,PROVIDER_TO_GRID,5.0,5.0,SK,ENTSO-E BalancingEnergyBids
20260226014-AFRR_P-UNIT_009-1,2026-02-26,aFRR,POS_014,165.0,PROVIDER_TO_GRID,3.0,3.0,SK,ENTSO-E BalancingEnergyBids
20260226014-AFRR_P-UNIT_019-1,2026-02-26,aFRR,POS_014,251.0,PROVIDER_TO_GRID,1.0,1.0,SK,ENTSO-E BalancingEnergyBids
20260226014-AFRR_P-UNIT_028-1,2026-02-26,aFRR,POS_014,50.0,PROVIDER_TO_GRID,11.0,11.0,SK,ENTSO-E BalancingEnergyBids
20260226014-AFRR_P-UNIT_043-1,2026-02-26,aFRR,POS_014,90.0,PROVIDER_TO_GRID,2.0,2.0,SK,ENTSO-E BalancingEnergyBids
20260226014-AFRR_P-UNIT_047-1,2026-02-26,aFRR,POS_014,0.0,PROVIDER_TO_GRID,1.0,1.0,SK,ENTSO-E BalancingEnergyBids
20260226014-AFRR_P-UNIT_052-1,2026-02-26,aFRR,POS_014,130.0,PROVIDER_TO_GRID,23.0,23.0,SK,ENTSO-E BalancingEnergyBids
20260226014-AFRR_P-UNIT_058-1,2026-02-26,aFRR,POS_014,132.0,PROVIDER_TO_GRID,1.0,1.0,SK,ENTSO-E BalancingEnergyBids
20260226014-AFRR_P-UNIT_062-1,2026-02-26,aFRR,POS_014,90.0,PROVIDER_TO_GRID,9.0,9.0,SK,ENTSO-E BalancingEnergyBids
20260226014-AFRR_P-UNIT_063-1,2026-02-26,aFRR,POS_014,140.0,PROVIDER_TO_GRID,10.0,10.0,SK,ENTSO-E BalancingEnergyBids
20260226014-AFRR_P-UNIT_065-1,2026-02-26,aFRR,POS_014,165.0,PROVIDER_TO_GRID,16.0,16.0,SK,ENTSO-E BalancingEnergyBids
20260226014-AFRR_P-UNIT_068-1,2026-02-26,aFRR,POS_014,132.0,PROVIDER_TO_GRID,1.0,1.0,SK,ENTSO-E BalancingEnergyBids
20260226014-AFRR_P-UNIT_069-1,2026-02-26,aFRR,POS_014,100.0,PROVIDER_TO_GRID,15.0,15.0,SK,ENTSO-E BalancingEnergyBids
20260226014-AFRR_P-UNIT_097-1,2026-02-26,aFRR,POS_014,85.0,PROVIDER_TO_GRID,7.0,7.0,SK,ENTSO-E BalancingEnergyBids
20260226014-AFRR_P-UNIT_104-1,2026-02-26,aFRR,POS_014,750.0,PROVIDER_TO_GRID,11.0,11.0,SK,ENTSO-E BalancingEnergyBids
20260226014-AFRR_P-UNIT_106-1,2026-02-26,aFRR,POS_014,300.0,PROVIDER_TO_GRID,1.0,1.0,SK,ENTSO-E BalancingEnergyBids
20260226015-AFRR_N-UNIT_028-1,2026-02-26,aFRR,NEG_015,-200.0,GRID_TO_PROVIDER,14.0,14.0,SK,ENTSO-E BalancingEnergyBids
20260226015-AFRR_P-UNIT_009-1,2026-02-26,aFRR,POS_015,165.0,PROVIDER_TO_GRID,3.0,3.0,SK,ENTSO-E BalancingEnergyBids
20260226015-AFRR_P-UNIT_028-1,2026-02-26,aFRR,POS_015,50.0,PROVIDER_TO_GRID,11.0,11.0,SK,ENTSO-E BalancingEnergyBids
20260226015-AFRR_P-UNIT_047-1,2026-02-26,aFRR,POS_015,0.0,PROVIDER_TO_GRID,1.0,1.0,SK,ENTSO-E BalancingEnergyBids
20260226015-AFRR_N-UNIT_019-1,2026-02-26,aFRR,NEG_015,-199.0,GRID_TO_PROVIDER,1.0,1.0,SK,ENTSO-E BalancingEnergyBids
20260226015-AFRR_N-UNIT_106-1,2026-02-26,aFRR,NEG_015,-19.0,GRID_TO_PROVIDER,1.0,1.0,SK,ENTSO-E BalancingEnergyBids
20260226015-AFRR_P-UNIT_019-1,2026-02-26,aFRR,POS_015,251.0,PROVIDER_TO_GRID,1.0,1.0,SK,ENTSO-E BalancingEnergyBids
20260226015-AFRR_P-UNIT_106-1,2026-02-26,aFRR,POS_015,300.0,PROVIDER_TO_GRID,1.0,1.0,SK,ENTSO-E BalancingEnergyBids
20260226015-AFRR_N-UNIT_013-1,2026-02-26,aFRR,NEG_015,-20.0,GRID_TO_PROVIDER,30.0,30.0,SK,ENTSO-E BalancingEnergyBids
20260226015-AFRR_N-UNIT_043-1,2026-02-26,aFRR,NEG_015,10.0,GRID_TO_PROVIDER,7.0,7.0,SK,ENTSO-E BalancingEnergyBids
20260226015-AFRR_N-UNIT_062-1,2026-02-26,aFRR,NEG_015,-29.0,GRID_TO_PROVIDER,15.0,15.0,SK,ENTSO-E BalancingEnergyBids
20260226015-AFRR_N-UNIT_089-1,2026-02-26,aFRR,NEG_015,-184.29,GRID_TO_PROVIDER,3.0,3.0,SK,ENTSO-E BalancingEnergyBids
20260226015-AFRR_P-UNIT_043-1,2026-02-26,aFRR,POS_015,96.0,PROVIDER_TO_GRID,2.0,2.0,SK,ENTSO-E BalancingEnergyBids
20260226015-AFRR_P-UNIT_062-1,2026-02-26,aFRR,POS_015,96.0,PROVIDER_TO_GRID,9.0,9.0,SK,ENTSO-E BalancingEnergyBids
20260226015-AFRR_N-UNIT_058-1,2026-02-26,aFRR,NEG_015,-5.0,GRID_TO_PROVIDER,1.0,1.0,SK,ENTSO-E BalancingEnergyBids
20260226015-AFRR_P-UNIT_058-1,2026-02-26,aFRR,POS_015,132.0,PROVIDER_TO_GRID,1.0,1.0,SK,ENTSO-E BalancingEnergyBids
20260226015-AFRR_P-UNIT_097-1,2026-02-26,aFRR,POS_015,85.0,PROVIDER_TO_GRID,7.0,7.0,SK,ENTSO-E BalancingEnergyBids
20260226015-AFRR_N-UNIT_104-1,2026-02-26,aFRR,NEG_015,20.0,GRID_TO_PROVIDER,4.0,4.0,SK,ENTSO-E BalancingEnergyBids
20260226015-AFRR_P-UNIT_104-1,2026-02-26,aFRR,POS_015,750.0,PROVIDER_TO_GRID,11.0,11.0,SK,ENTSO-E BalancingEnergyBids
20260226015-AFRR_N-UNIT_052-1,2026-02-26,aFRR,NEG_015,-30.0,GRID_TO_PROVIDER,10.0,10.0,SK,ENTSO-E BalancingEnergyBids
20260226015-AFRR_P-UNIT_052-1,2026-02-26,aFRR,POS_015,130.0,PROVIDER_TO_GRID,23.0,23.0,SK,ENTSO-E BalancingEnergyBids
20260226015-AFRR_P-UNIT_065-1,2026-02-26,aFRR,POS_015,165.0,PROVIDER_TO_GRID,16.0,16.0,SK,ENTSO-E BalancingEnergyBids
20260226015-AFRR_N-UNIT_003-1,2026-02-26,aFRR,NEG_015,-5.0,GRID_TO_PROVIDER,5.0,5.0,SK,ENTSO-E BalancingEnergyBids
20260226015-AFRR_N-UNIT_069-1,2026-02-26,aFRR,NEG_015,-150.0,GRID_TO_PROVIDER,15.0,15.0,SK,ENTSO-E BalancingEnergyBids
20260226015-AFRR_P-UNIT_003-1,2026-02-26,aFRR,POS_015,189.0,PROVIDER_TO_GRID,5.0,5.0,SK,ENTSO-E BalancingEnergyBids
20260226015-AFRR_P-UNIT_063-1,2026-02-26,aFRR,POS_015,140.0,PROVIDER_TO_GRID,10.0,10.0,SK,ENTSO-E BalancingEnergyBids
20260226015-AFRR_P-UNIT_069-1,2026-02-26,aFRR,POS_015,100.0,PROVIDER_TO_GRID,15.0,15.0,SK,ENTSO-E BalancingEnergyBids
20260226015-AFRR_N-UNIT_068-1,2026-02-26,aFRR,NEG_015,-5.0,GRID_TO_PROVIDER,1.0,1.0,SK,ENTSO-E BalancingEnergyBids
20260226015-AFRR_P-UNIT_068-1,2026-02-26,aFRR,POS_015,132.0,PROVIDER_TO_GRID,1.0,1.0,SK,ENTSO-E BalancingEnergyBids
20260226016-AFRR_N-UNIT_003-1,2026-02-26,aFRR,NEG_016,-5.0,GRID_TO_PROVIDER,5.0,5.0,SK,ENTSO-E BalancingEnergyBids
20260226016-AFRR_N-UNIT_013-1,2026-02-26,aFRR,NEG_016,-20.0,GRID_TO_PROVIDER,30.0,30.0,SK,ENTSO-E BalancingEnergyBids
20260226016-AFRR_N-UNIT_019-1,2026-02-26,aFRR,NEG_016,-199.0,GRID_TO_PROVIDER,1.0,1.0,SK,ENTSO-E BalancingEnergyBids
20260226016-AFRR_N-UNIT_028-1,2026-02-26,aFRR,NEG_016,-200.0,GRID_TO_PROVIDER,14.0,14.0,SK,ENTSO-E BalancingEnergyBids
20260226016-AFRR_N-UNIT_043-1,2026-02-26,aFRR,NEG_016,10.0,GRID_TO_PROVIDER,7.0,7.0,SK,ENTSO-E BalancingEnergyBids
20260226016-AFRR_N-UNIT_052-1,2026-02-26,aFRR,NEG_016,-30.0,GRID_TO_PROVIDER,10.0,10.0,SK,ENTSO-E BalancingEnergyBids
20260226016-AFRR_N-UNIT_058-1,2026-02-26,aFRR,NEG_016,-5.0,GRID_TO_PROVIDER,1.0,1.0,SK,ENTSO-E BalancingEnergyBids
20260226016-AFRR_N-UNIT_062-1,2026-02-26,aFRR,NEG_016,-29.0,GRID_TO_PROVIDER,15.0,15.0,SK,ENTSO-E BalancingEnergyBids
20260226016-AFRR_N-UNIT_068-1,2026-02-26,aFRR,NEG_016,-5.0,GRID_TO_PROVIDER,1.0,1.0,SK,ENTSO-E BalancingEnergyBids
20260226016-AFRR_N-UNIT_069-1,2026-02-26,aFRR,NEG_016,-150.0,GRID_TO_PROVIDER,15.0,15.0,SK,ENTSO-E BalancingEnergyBids
20260226016-AFRR_N-UNIT_089-1,2026-02-26,aFRR,NEG_016,-192.87,GRID_TO_PROVIDER,3.0,3.0,SK,ENTSO-E BalancingEnergyBids
20260226016-AFRR_N-UNIT_104-1,2026-02-26,aFRR,NEG_016,20.0,GRID_TO_PROVIDER,4.0,4.0,SK,ENTSO-E BalancingEnergyBids
20260226016-AFRR_N-UNIT_106-1,2026-02-26,aFRR,NEG_016,-19.0,GRID_TO_PROVIDER,1.0,1.0,SK,ENTSO-E BalancingEnergyBids
20260226016-AFRR_P-UNIT_003-1,2026-02-26,aFRR,POS_016,189.0,PROVIDER_TO_GRID,5.0,5.0,SK,ENTSO-E BalancingEnergyBids
20260226016-AFRR_P-UNIT_009-1,2026-02-26,aFRR,POS_016,165.0,PROVIDER_TO_GRID,3.0,3.0,SK,ENTSO-E BalancingEnergyBids
20260226016-AFRR_P-UNIT_019-1,2026-02-26,aFRR,POS_016,251.0,PROVIDER_TO_GRID,1.0,1.0,SK,ENTSO-E BalancingEnergyBids
20260226016-AFRR_P-UNIT_028-1,2026-02-26,aFRR,POS_016,50.0,PROVIDER_TO_GRID,11.0,11.0,SK,ENTSO-E BalancingEnergyBids
20260226016-AFRR_P-UNIT_043-1,2026-02-26,aFRR,POS_016,90.0,PROVIDER_TO_GRID,2.0,2.0,SK,ENTSO-E BalancingEnergyBids
20260226016-AFRR_P-UNIT_047-1,2026-02-26,aFRR,POS_016,0.0,PROVIDER_TO_GRID,1.0,1.0,SK,ENTSO-E BalancingEnergyBids
20260226016-AFRR_P-UNIT_052-1,2026-02-26,aFRR,POS_016,130.0,PROVIDER_TO_GRID,23.0,23.0,SK,ENTSO-E BalancingEnergyBids
20260226016-AFRR_P-UNIT_058-1,2026-02-26,aFRR,POS_016,132.0,PROVIDER_TO_GRID,1.0,1.0,SK,ENTSO-E BalancingEnergyBids
20260226016-AFRR_P-UNIT_062-1,2026-02-26,aFRR,POS_016,90.0,PROVIDER_TO_GRID,9.0,9.0,SK,ENTSO-E BalancingEnergyBids
20260226016-AFRR_P-UNIT_063-1,2026-02-26,aFRR,POS_016,140.0,PROVIDER_TO_GRID,10.0,10.0,SK,ENTSO-E BalancingEnergyBids
20260226016-AFRR_P-UNIT_065-1,2026-02-26,aFRR,POS_016,165.0,PROVIDER_TO_GRID,16.0,16.0,SK,ENTSO-E BalancingEnergyBids
20260226016-AFRR_P-UNIT_068-1,2026-02-26,aFRR,POS_016,132.0,PROVIDER_TO_GRID,1.0,1.0,SK,ENTSO-E BalancingEnergyBids
20260226016-AFRR_P-UNIT_069-1,2026-02-26,aFRR,POS_016,100.0,PROVIDER_TO_GRID,15.0,15.0,SK,ENTSO-E BalancingEnergyBids
20260226016-AFRR_P-UNIT_097-1,2026-02-26,aFRR,POS_016,85.0,PROVIDER_TO_GRID,7.0,7.0,SK,ENTSO-E BalancingEnergyBids
20260226016-AFRR_P-UNIT_104-1,2026-02-26,aFRR,POS_016,750.0,PROVIDER_TO_GRID,11.0,11.0,SK,ENTSO-E BalancingEnergyBids
20260226016-AFRR_P-UNIT_106-1,2026-02-26,aFRR,POS_016,300.0,PROVIDER_TO_GRID,1.0,1.0,SK,ENTSO-E BalancingEnergyBids
20260226017-AFRR_N-UNIT_003-1,2026-02-26,aFRR,NEG_017,-5.0,GRID_TO_PROVIDER,7.0,7.0,SK,ENTSO-E BalancingEnergyBids
20260226017-AFRR_N-UNIT_013-1,2026-02-26,aFRR,NEG_017,-20.0,GRID_TO_PROVIDER,30.0,30.0,SK,ENTSO-E BalancingEnergyBids
20260226017-AFRR_N-UNIT_019-1,2026-02-26,aFRR,NEG_017,-199.0,GRID_TO_PROVIDER,1.0,1.0,SK,ENTSO-E BalancingEnergyBids
20260226017-AFRR_N-UNIT_028-1,2026-02-26,aFRR,NEG_017,-200.0,GRID_TO_PROVIDER,14.0,14.0,SK,ENTSO-E BalancingEnergyBids
20260226017-AFRR_N-UNIT_043-1,2026-02-26,aFRR,NEG_017,10.0,GRID_TO_PROVIDER,7.0,7.0,SK,ENTSO-E BalancingEnergyBids
20260226017-AFRR_N-UNIT_052-1,2026-02-26,aFRR,NEG_017,-30.0,GRID_TO_PROVIDER,10.0,10.0,SK,ENTSO-E BalancingEnergyBids
20260226017-AFRR_N-UNIT_058-1,2026-02-26,aFRR,NEG_017,-5.0,GRID_TO_PROVIDER,1.0,1.0,SK,ENTSO-E BalancingEnergyBids
20260226017-AFRR_N-UNIT_062-1,2026-02-26,aFRR,NEG_017,-29.0,GRID_TO_PROVIDER,15.0,15.0,SK,ENTSO-E BalancingEnergyBids
20260226017-AFRR_N-UNIT_068-1,2026-02-26,aFRR,NEG_017,-5.0,GRID_TO_PROVIDER,1.0,1.0,SK,ENTSO-E BalancingEnergyBids
20260226017-AFRR_N-UNIT_069-1,2026-02-26,aFRR,NEG_017,-150.0,GRID_TO_PROVIDER,15.0,15.0,SK,ENTSO-E BalancingEnergyBids
20260226017-AFRR_N-UNIT_089-1,2026-02-26,aFRR,NEG_017,-190.75,GRID_TO_PROVIDER,3.0,3.0,SK,ENTSO-E BalancingEnergyBids
20260226017-AFRR_N-UNIT_104-1,2026-02-26,aFRR,NEG_017,20.0,GRID_TO_PROVIDER,4.0,4.0,SK,ENTSO-E BalancingEnergyBids
20260226017-AFRR_N-UNIT_106-1,2026-02-26,aFRR,NEG_017,-19.0,GRID_TO_PROVIDER,1.0,1.0,SK,ENTSO-E BalancingEnergyBids
20260226017-AFRR_P-UNIT_003-1,2026-02-26,aFRR,POS_017,189.0,PROVIDER_TO_GRID,3.0,3.0,SK,ENTSO-E BalancingEnergyBids
20260226017-AFRR_P-UNIT_009-1,2026-02-26,aFRR,POS_017,165.0,PROVIDER_TO_GRID,3.0,3.0,SK,ENTSO-E BalancingEnergyBids
20260226017-AFRR_P-UNIT_019-1,2026-02-26,aFRR,POS_017,251.0,PROVIDER_TO_GRID,1.0,1.0,SK,ENTSO-E BalancingEnergyBids
20260226017-AFRR_P-UNIT_028-1,2026-02-26,aFRR,POS_017,50.0,PROVIDER_TO_GRID,11.0,11.0,SK,ENTSO-E BalancingEnergyBids
20260226017-AFRR_P-UNIT_043-1,2026-02-26,aFRR,POS_017,90.0,PROVIDER_TO_GRID,1.0,1.0,SK,ENTSO-E BalancingEnergyBids
20260226017-AFRR_P-UNIT_047-1,2026-02-26,aFRR,POS_017,0.0,PROVIDER_TO_GRID,1.0,1.0,SK,ENTSO-E BalancingEnergyBids
20260226017-AFRR_P-UNIT_052-1,2026-02-26,aFRR,POS_017,130.0,PROVIDER_TO_GRID,23.0,23.0,SK,ENTSO-E BalancingEnergyBids
20260226017-AFRR_P-UNIT_058-1,2026-02-26,aFRR,POS_017,132.0,PROVIDER_TO_GRID,1.0,1.0,SK,ENTSO-E BalancingEnergyBids
20260226017-AFRR_P-UNIT_062-1,2026-02-26,aFRR,POS_017,90.0,PROVIDER_TO_GRID,9.0,9.0,SK,ENTSO-E BalancingEnergyBids
20260226017-AFRR_P-UNIT_063-1,2026-02-26,aFRR,POS_017,140.0,PROVIDER_TO_GRID,10.0,10.0,SK,ENTSO-E BalancingEnergyBids
20260226017-AFRR_P-UNIT_065-1,2026-02-26,aFRR,POS_017,165.0,PROVIDER_TO_GRID,16.0,16.0,SK,ENTSO-E BalancingEnergyBids
20260226017-AFRR_P-UNIT_068-1,2026-02-26,aFRR,POS_017,132.0,PROVIDER_TO_GRID,1.0,1.0,SK,ENTSO-E BalancingEnergyBids
20260226017-AFRR_P-UNIT_069-1,2026-02-26,aFRR,POS_017,100.0,PROVIDER_TO_GRID,15.0,15.0,SK,ENTSO-E BalancingEnergyBids
20260226017-AFRR_P-UNIT_097-1,2026-02-26,aFRR,POS_017,85.0,PROVIDER_TO_GRID,7.0,7.0,SK,ENTSO-E BalancingEnergyBids
20260226017-AFRR_P-UNIT_104-1,2026-02-26,aFRR,POS_017,750.0,PROVIDER_TO_GRID,11.0,11.0,SK,ENTSO-E BalancingEnergyBids
20260226017-AFRR_P-UNIT_106-1,2026-02-26,aFRR,POS_017,300.0,PROVIDER_TO_GRID,1.0,1.0,SK,ENTSO-E BalancingEnergyBids
20260226018-AFRR_N-UNIT_003-1,2026-02-26,aFRR,NEG_018,-5.0,GRID_TO_PROVIDER,7.0,7.0,SK,ENTSO-E BalancingEnergyBids
20260226018-AFRR_N-UNIT_013-1,2026-02-26,aFRR,NEG_018,-20.0,GRID_TO_PROVIDER,30.0,30.0,SK,ENTSO-E BalancingEnergyBids
20260226018-AFRR_N-UNIT_019-1,2026-02-26,aFRR,NEG_018,-199.0,GRID_TO_PROVIDER,1.0,1.0,SK,ENTSO-E BalancingEnergyBids
20260226018-AFRR_N-UNIT_028-1,2026-02-26,aFRR,NEG_018,-200.0,GRID_TO_PROVIDER,14.0,14.0,SK,ENTSO-E BalancingEnergyBids
20260226018-AFRR_N-UNIT_043-1,2026-02-26,aFRR,NEG_018,10.0,GRID_TO_PROVIDER,7.0,7.0,SK,ENTSO-E BalancingEnergyBids
20260226018-AFRR_N-UNIT_052-1,2026-02-26,aFRR,NEG_018,-30.0,GRID_TO_PROVIDER,10.0,10.0,SK,ENTSO-E BalancingEnergyBids
20260226018-AFRR_N-UNIT_058-1,2026-02-26,aFRR,NEG_018,-5.0,GRID_TO_PROVIDER,1.0,1.0,SK,ENTSO-E BalancingEnergyBids
20260226018-AFRR_N-UNIT_062-1,2026-02-26,aFRR,NEG_018,-29.0,GRID_TO_PROVIDER,15.0,15.0,SK,ENTSO-E BalancingEnergyBids
20260226018-AFRR_N-UNIT_068-1,2026-02-26,aFRR,NEG_018,-5.0,GRID_TO_PROVIDER,1.0,1.0,SK,ENTSO-E BalancingEnergyBids
20260226018-AFRR_N-UNIT_069-1,2026-02-26,aFRR,NEG_018,-150.0,GRID_TO_PROVIDER,15.0,15.0,SK,ENTSO-E BalancingEnergyBids
20260226018-AFRR_N-UNIT_089-1,2026-02-26,aFRR,NEG_018,-189.24,GRID_TO_PROVIDER,3.0,3.0,SK,ENTSO-E BalancingEnergyBids
20260226018-AFRR_N-UNIT_104-1,2026-02-26,aFRR,NEG_018,20.0,GRID_TO_PROVIDER,4.0,4.0,SK,ENTSO-E BalancingEnergyBids
20260226018-AFRR_N-UNIT_106-1,2026-02-26,aFRR,NEG_018,-19.0,GRID_TO_PROVIDER,1.0,1.0,SK,ENTSO-E BalancingEnergyBids
20260226018-AFRR_P-UNIT_003-1,2026-02-26,aFRR,POS_018,189.0,PROVIDER_TO_GRID,3.0,3.0,SK,ENTSO-E BalancingEnergyBids
20260226018-AFRR_P-UNIT_009-1,2026-02-26,aFRR,POS_018,165.0,PROVIDER_TO_GRID,3.0,3.0,SK,ENTSO-E BalancingEnergyBids
20260226018-AFRR_P-UNIT_019-1,2026-02-26,aFRR,POS_018,251.0,PROVIDER_TO_GRID,1.0,1.0,SK,ENTSO-E BalancingEnergyBids
20260226018-AFRR_P-UNIT_028-1,2026-02-26,aFRR,POS_018,50.0,PROVIDER_TO_GRID,11.0,11.0,SK,ENTSO-E BalancingEnergyBids
20260226018-AFRR_P-UNIT_043-1,2026-02-26,aFRR,POS_018,90.0,PROVIDER_TO_GRID,1.0,1.0,SK,ENTSO-E BalancingEnergyBids
20260226018-AFRR_P-UNIT_047-1,2026-02-26,aFRR,POS_018,0.0,PROVIDER_TO_GRID,1.0,1.0,SK,ENTSO-E BalancingEnergyBids
20260226018-AFRR_P-UNIT_052-1,2026-02-26,aFRR,POS_018,130.0,PROVIDER_TO_GRID,23.0,23.0,SK,ENTSO-E BalancingEnergyBids
20260226018-AFRR_P-UNIT_058-1,2026-02-26,aFRR,POS_018,132.0,PROVIDER_TO_GRID,1.0,1.0,SK,ENTSO-E BalancingEnergyBids
20260226018-AFRR_P-UNIT_062-1,2026-02-26,aFRR,POS_018,90.0,PROVIDER_TO_GRID,9.0,9.0,SK,ENTSO-E BalancingEnergyBids
20260226018-AFRR_P-UNIT_063-1,2026-02-26,aFRR,POS_018,140.0,PROVIDER_TO_GRID,10.0,10.0,SK,ENTSO-E BalancingEnergyBids
20260226018-AFRR_P-UNIT_065-1,2026-02-26,aFRR,POS_018,165.0,PROVIDER_TO_GRID,16.0,16.0,SK,ENTSO-E BalancingEnergyBids
20260226018-AFRR_P-UNIT_068-1,2026-02-26,aFRR,POS_018,132.0,PROVIDER_TO_GRID,1.0,1.0,SK,ENTSO-E BalancingEnergyBids
20260226018-AFRR_P-UNIT_069-1,2026-02-26,aFRR,POS_018,100.0,PROVIDER_TO_GRID,15.0,15.0,SK,ENTSO-E BalancingEnergyBids
20260226018-AFRR_P-UNIT_097-1,2026-02-26,aFRR,POS_018,85.0,PROVIDER_TO_GRID,7.0,7.0,SK,ENTSO-E BalancingEnergyBids
20260226018-AFRR_P-UNIT_104-1,2026-02-26,aFRR,POS_018,750.0,PROVIDER_TO_GRID,11.0,11.0,SK,ENTSO-E BalancingEnergyBids
20260226018-AFRR_P-UNIT_106-1,2026-02-26,aFRR,POS_018,300.0,PROVIDER_TO_GRID,1.0,1.0,SK,ENTSO-E BalancingEnergyBids
20260226019-AFRR_N-UNIT_003-1,2026-02-26,aFRR,NEG_019,-5.0,GRID_TO_PROVIDER,7.0,7.0,SK,ENTSO-E BalancingEnergyBids
20260226019-AFRR_N-UNIT_013-1,2026-02-26,aFRR,NEG_019,-20.0,GRID_TO_PROVIDER,30.0,30.0,SK,ENTSO-E BalancingEnergyBids
20260226019-AFRR_N-UNIT_019-1,2026-02-26,aFRR,NEG_019,-199.0,GRID_TO_PROVIDER,1.0,1.0,SK,ENTSO-E BalancingEnergyBids
20260226019-AFRR_N-UNIT_028-1,2026-02-26,aFRR,NEG_019,-200.0,GRID_TO_PROVIDER,14.0,14.0,SK,ENTSO-E BalancingEnergyBids
20260226019-AFRR_N-UNIT_043-1,2026-02-26,aFRR,NEG_019,10.0,GRID_TO_PROVIDER,7.0,7.0,SK,ENTSO-E BalancingEnergyBids
20260226019-AFRR_N-UNIT_052-1,2026-02-26,aFRR,NEG_019,-30.0,GRID_TO_PROVIDER,10.0,10.0,SK,ENTSO-E BalancingEnergyBids
20260226019-AFRR_N-UNIT_058-1,2026-02-26,aFRR,NEG_019,-5.0,GRID_TO_PROVIDER,1.0,1.0,SK,ENTSO-E BalancingEnergyBids
20260226019-AFRR_N-UNIT_062-1,2026-02-26,aFRR,NEG_019,-29.0,GRID_TO_PROVIDER,15.0,15.0,SK,ENTSO-E BalancingEnergyBids
20260226019-AFRR_N-UNIT_068-1,2026-02-26,aFRR,NEG_019,-5.0,GRID_TO_PROVIDER,1.0,1.0,SK,ENTSO-E BalancingEnergyBids
20260226019-AFRR_N-UNIT_069-1,2026-02-26,aFRR,NEG_019,-150.0,GRID_TO_PROVIDER,15.0,15.0,SK,ENTSO-E BalancingEnergyBids
20260226019-AFRR_N-UNIT_089-1,2026-02-26,aFRR,NEG_019,-186.67,GRID_TO_PROVIDER,3.0,3.0,SK,ENTSO-E BalancingEnergyBids
20260226019-AFRR_N-UNIT_104-1,2026-02-26,aFRR,NEG_019,20.0,GRID_TO_PROVIDER,4.0,4.0,SK,ENTSO-E BalancingEnergyBids
20260226019-AFRR_N-UNIT_106-1,2026-02-26,aFRR,NEG_019,-19.0,GRID_TO_PROVIDER,1.0,1.0,SK,ENTSO-E BalancingEnergyBids
20260226019-AFRR_P-UNIT_003-1,2026-02-26,aFRR,POS_019,189.0,PROVIDER_TO_GRID,3.0,3.0,SK,ENTSO-E BalancingEnergyBids
20260226019-AFRR_P-UNIT_009-1,2026-02-26,aFRR,POS_019,165.0,PROVIDER_TO_GRID,3.0,3.0,SK,ENTSO-E BalancingEnergyBids
20260226019-AFRR_P-UNIT_019-1,2026-02-26,aFRR,POS_019,251.0,PROVIDER_TO_GRID,1.0,1.0,SK,ENTSO-E BalancingEnergyBids
20260226019-AFRR_P-UNIT_028-1,2026-02-26,aFRR,POS_019,50.0,PROVIDER_TO_GRID,11.0,11.0,SK,ENTSO-E BalancingEnergyBids
20260226019-AFRR_P-UNIT_043-1,2026-02-26,aFRR,POS_019,90.0,PROVIDER_TO_GRID,1.0,1.0,SK,ENTSO-E BalancingEnergyBids
20260226019-AFRR_P-UNIT_047-1,2026-02-26,aFRR,POS_019,0.0,PROVIDER_TO_GRID,1.0,1.0,SK,ENTSO-E BalancingEnergyBids
20260226019-AFRR_P-UNIT_052-1,2026-02-26,aFRR,POS_019,130.0,PROVIDER_TO_GRID,23.0,23.0,SK,ENTSO-E BalancingEnergyBids
20260226019-AFRR_P-UNIT_058-1,2026-02-26,aFRR,POS_019,132.0,PROVIDER_TO_GRID,1.0,1.0,SK,ENTSO-E BalancingEnergyBids
20260226019-AFRR_P-UNIT_062-1,2026-02-26,aFRR,POS_019,90.0,PROVIDER_TO_GRID,9.0,9.0,SK,ENTSO-E BalancingEnergyBids
20260226019-AFRR_P-UNIT_063-1,2026-02-26,aFRR,POS_019,140.0,PROVIDER_TO_GRID,10.0,10.0,SK,ENTSO-E BalancingEnergyBids
20260226019-AFRR_P-UNIT_065-1,2026-02-26,aFRR,POS_019,165.0,PROVIDER_TO_GRID,16.0,16.0,SK,ENTSO-E BalancingEnergyBids
20260226019-AFRR_P-UNIT_068-1,2026-02-26,aFRR,POS_019,132.0,PROVIDER_TO_GRID,1.0,1.0,SK,ENTSO-E BalancingEnergyBids
20260226019-AFRR_P-UNIT_069-1,2026-02-26,aFRR,POS_019,100.0,PROVIDER_TO_GRID,15.0,15.0,SK,ENTSO-E BalancingEnergyBids
20260226019-AFRR_P-UNIT_097-1,2026-02-26,aFRR,POS_019,85.0,PROVIDER_TO_GRID,7.0,7.0,SK,ENTSO-E BalancingEnergyBids
20260226019-AFRR_P-UNIT_104-1,2026-02-26,aFRR,POS_019,750.0,PROVIDER_TO_GRID,11.0,11.0,SK,ENTSO-E BalancingEnergyBids
20260226019-AFRR_P-UNIT_106-1,2026-02-26,aFRR,POS_019,300.0,PROVIDER_TO_GRID,1.0,1.0,SK,ENTSO-E BalancingEnergyBids
20260226020-AFRR_N-UNIT_003-1,2026-02-26,aFRR,NEG_020,-5.0,GRID_TO_PROVIDER,7.0,7.0,SK,ENTSO-E BalancingEnergyBids
20260226020-AFRR_N-UNIT_013-1,2026-02-26,aFRR,NEG_020,-20.0,GRID_TO_PROVIDER,30.0,30.0,SK,ENTSO-E BalancingEnergyBids
20260226020-AFRR_N-UNIT_019-1,2026-02-26,aFRR,NEG_020,-199.0,GRID_TO_PROVIDER,1.0,1.0,SK,ENTSO-E BalancingEnergyBids
20260226020-AFRR_N-UNIT_028-1,2026-02-26,aFRR,NEG_020,-200.0,GRID_TO_PROVIDER,14.0,14.0,SK,ENTSO-E BalancingEnergyBids
20260226020-AFRR_N-UNIT_043-1,2026-02-26,aFRR,NEG_020,10.0,GRID_TO_PROVIDER,7.0,7.0,SK,ENTSO-E BalancingEnergyBids
20260226020-AFRR_N-UNIT_052-1,2026-02-26,aFRR,NEG_020,-30.0,GRID_TO_PROVIDER,10.0,10.0,SK,ENTSO-E BalancingEnergyBids
20260226020-AFRR_N-UNIT_058-1,2026-02-26,aFRR,NEG_020,-5.0,GRID_TO_PROVIDER,1.0,1.0,SK,ENTSO-E BalancingEnergyBids
20260226020-AFRR_N-UNIT_062-1,2026-02-26,aFRR,NEG_020,-29.0,GRID_TO_PROVIDER,15.0,15.0,SK,ENTSO-E BalancingEnergyBids
20260226020-AFRR_N-UNIT_068-1,2026-02-26,aFRR,NEG_020,-5.0,GRID_TO_PROVIDER,1.0,1.0,SK,ENTSO-E BalancingEnergyBids
20260226020-AFRR_N-UNIT_069-1,2026-02-26,aFRR,NEG_020,-150.0,GRID_TO_PROVIDER,15.0,15.0,SK,ENTSO-E BalancingEnergyBids
20260226020-AFRR_N-UNIT_089-1,2026-02-26,aFRR,NEG_020,-184.26,GRID_TO_PROVIDER,3.0,3.0,SK,ENTSO-E BalancingEnergyBids
20260226020-AFRR_N-UNIT_104-1,2026-02-26,aFRR,NEG_020,20.0,GRID_TO_PROVIDER,4.0,4.0,SK,ENTSO-E BalancingEnergyBids
20260226020-AFRR_N-UNIT_106-1,2026-02-26,aFRR,NEG_020,-19.0,GRID_TO_PROVIDER,1.0,1.0,SK,ENTSO-E BalancingEnergyBids
20260226020-AFRR_P-UNIT_003-1,2026-02-26,aFRR,POS_020,189.0,PROVIDER_TO_GRID,3.0,3.0,SK,ENTSO-E BalancingEnergyBids
20260226020-AFRR_P-UNIT_009-1,2026-02-26,aFRR,POS_020,165.0,PROVIDER_TO_GRID,3.0,3.0,SK,ENTSO-E BalancingEnergyBids
20260226020-AFRR_P-UNIT_019-1,2026-02-26,aFRR,POS_020,251.0,PROVIDER_TO_GRID,1.0,1.0,SK,ENTSO-E BalancingEnergyBids
20260226020-AFRR_P-UNIT_028-1,2026-02-26,aFRR,POS_020,50.0,PROVIDER_TO_GRID,11.0,11.0,SK,ENTSO-E BalancingEnergyBids
20260226020-AFRR_P-UNIT_043-1,2026-02-26,aFRR,POS_020,96.0,PROVIDER_TO_GRID,1.0,1.0,SK,ENTSO-E BalancingEnergyBids
20260226020-AFRR_P-UNIT_047-1,2026-02-26,aFRR,POS_020,0.0,PROVIDER_TO_GRID,1.0,1.0,SK,ENTSO-E BalancingEnergyBids
20260226020-AFRR_P-UNIT_052-1,2026-02-26,aFRR,POS_020,130.0,PROVIDER_TO_GRID,23.0,23.0,SK,ENTSO-E BalancingEnergyBids
20260226020-AFRR_P-UNIT_058-1,2026-02-26,aFRR,POS_020,132.0,PROVIDER_TO_GRID,1.0,1.0,SK,ENTSO-E BalancingEnergyBids
20260226020-AFRR_P-UNIT_062-1,2026-02-26,aFRR,POS_020,96.0,PROVIDER_TO_GRID,9.0,9.0,SK,ENTSO-E BalancingEnergyBids
20260226020-AFRR_P-UNIT_063-1,2026-02-26,aFRR,POS_020,140.0,PROVIDER_TO_GRID,10.0,10.0,SK,ENTSO-E BalancingEnergyBids
20260226020-AFRR_P-UNIT_065-1,2026-02-26,aFRR,POS_020,165.0,PROVIDER_TO_GRID,16.0,16.0,SK,ENTSO-E BalancingEnergyBids
20260226020-AFRR_P-UNIT_068-1,2026-02-26,aFRR,POS_020,132.0,PROVIDER_TO_GRID,1.0,1.0,SK,ENTSO-E BalancingEnergyBids
20260226020-AFRR_P-UNIT_069-1,2026-02-26,aFRR,POS_020,100.0,PROVIDER_TO_GRID,15.0,15.0,SK,ENTSO-E BalancingEnergyBids
20260226020-AFRR_P-UNIT_097-1,2026-02-26,aFRR,POS_020,85.0,PROVIDER_TO_GRID,7.0,7.0,SK,ENTSO-E BalancingEnergyBids
20260226020-AFRR_P-UNIT_104-1,2026-02-26,aFRR,POS_020,750.0,PROVIDER_TO_GRID,11.0,11.0,SK,ENTSO-E BalancingEnergyBids
20260226020-AFRR_P-UNIT_106-1,2026-02-26,aFRR,POS_020,300.0,PROVIDER_TO_GRID,1.0,1.0,SK,ENTSO-E BalancingEnergyBids
20260226021-AFRR_N-UNIT_003-1,2026-02-26,aFRR,NEG_021,-5.0,GRID_TO_PROVIDER,7.0,7.0,SK,ENTSO-E BalancingEnergyBids
20260226021-AFRR_N-UNIT_013-1,2026-02-26,aFRR,NEG_021,-20.0,GRID_TO_PROVIDER,30.0,30.0,SK,ENTSO-E BalancingEnergyBids
20260226021-AFRR_N-UNIT_019-1,2026-02-26,aFRR,NEG_021,-199.0,GRID_TO_PROVIDER,1.0,1.0,SK,ENTSO-E BalancingEnergyBids
20260226021-AFRR_N-UNIT_028-1,2026-02-26,aFRR,NEG_021,-200.0,GRID_TO_PROVIDER,14.0,14.0,SK,ENTSO-E BalancingEnergyBids
20260226021-AFRR_N-UNIT_043-1,2026-02-26,aFRR,NEG_021,10.0,GRID_TO_PROVIDER,7.0,7.0,SK,ENTSO-E BalancingEnergyBids
20260226021-AFRR_N-UNIT_052-1,2026-02-26,aFRR,NEG_021,-30.0,GRID_TO_PROVIDER,10.0,10.0,SK,ENTSO-E BalancingEnergyBids
20260226021-AFRR_N-UNIT_058-1,2026-02-26,aFRR,NEG_021,-5.0,GRID_TO_PROVIDER,1.0,1.0,SK,ENTSO-E BalancingEnergyBids
20260226021-AFRR_N-UNIT_062-1,2026-02-26,aFRR,NEG_021,-29.0,GRID_TO_PROVIDER,15.0,15.0,SK,ENTSO-E BalancingEnergyBids
20260226021-AFRR_N-UNIT_068-1,2026-02-26,aFRR,NEG_021,-5.0,GRID_TO_PROVIDER,1.0,1.0,SK,ENTSO-E BalancingEnergyBids
20260226021-AFRR_N-UNIT_069-1,2026-02-26,aFRR,NEG_021,-150.0,GRID_TO_PROVIDER,15.0,15.0,SK,ENTSO-E BalancingEnergyBids
20260226021-AFRR_N-UNIT_089-1,2026-02-26,aFRR,NEG_021,-191.82,GRID_TO_PROVIDER,3.0,3.0,SK,ENTSO-E BalancingEnergyBids
20260226021-AFRR_N-UNIT_104-1,2026-02-26,aFRR,NEG_021,20.0,GRID_TO_PROVIDER,4.0,4.0,SK,ENTSO-E BalancingEnergyBids
20260226021-AFRR_N-UNIT_106-1,2026-02-26,aFRR,NEG_021,-19.0,GRID_TO_PROVIDER,1.0,1.0,SK,ENTSO-E BalancingEnergyBids
20260226021-AFRR_P-UNIT_003-1,2026-02-26,aFRR,POS_021,189.0,PROVIDER_TO_GRID,3.0,3.0,SK,ENTSO-E BalancingEnergyBids
20260226021-AFRR_P-UNIT_009-1,2026-02-26,aFRR,POS_021,165.0,PROVIDER_TO_GRID,3.0,3.0,SK,ENTSO-E BalancingEnergyBids
20260226021-AFRR_P-UNIT_019-1,2026-02-26,aFRR,POS_021,251.0,PROVIDER_TO_GRID,1.0,1.0,SK,ENTSO-E BalancingEnergyBids
20260226021-AFRR_P-UNIT_028-1,2026-02-26,aFRR,POS_021,50.0,PROVIDER_TO_GRID,11.0,11.0,SK,ENTSO-E BalancingEnergyBids
20260226021-AFRR_P-UNIT_047-1,2026-02-26,aFRR,POS_021,0.0,PROVIDER_TO_GRID,1.0,1.0,SK,ENTSO-E BalancingEnergyBids
20260226021-AFRR_P-UNIT_052-1,2026-02-26,aFRR,POS_021,130.0,PROVIDER_TO_GRID,23.0,23.0,SK,ENTSO-E BalancingEnergyBids
20260226021-AFRR_P-UNIT_058-1,2026-02-26,aFRR,POS_021,132.0,PROVIDER_TO_GRID,1.0,1.0,SK,ENTSO-E BalancingEnergyBids
20260226021-AFRR_P-UNIT_062-1,2026-02-26,aFRR,POS_021,90.0,PROVIDER_TO_GRID,9.0,9.0,SK,ENTSO-E BalancingEnergyBids
20260226021-AFRR_P-UNIT_063-1,2026-02-26,aFRR,POS_021,140.0,PROVIDER_TO_GRID,10.0,10.0,SK,ENTSO-E BalancingEnergyBids
20260226021-AFRR_P-UNIT_065-1,2026-02-26,aFRR,POS_021,165.0,PROVIDER_TO_GRID,16.0,16.0,SK,ENTSO-E BalancingEnergyBids
20260226021-AFRR_P-UNIT_068-1,2026-02-26,aFRR,POS_021,132.0,PROVIDER_TO_GRID,1.0,1.0,SK,ENTSO-E BalancingEnergyBids
20260226021-AFRR_P-UNIT_069-1,2026-02-26,aFRR,POS_021,100.0,PROVIDER_TO_GRID,15.0,15.0,SK,ENTSO-E BalancingEnergyBids
20260226021-AFRR_P-UNIT_097-1,2026-02-26,aFRR,POS_021,85.0,PROVIDER_TO_GRID,7.0,7.0,SK,ENTSO-E BalancingEnergyBids
20260226021-AFRR_P-UNIT_104-1,2026-02-26,aFRR,POS_021,750.0,PROVIDER_TO_GRID,11.0,11.0,SK,ENTSO-E BalancingEnergyBids
20260226021-AFRR_P-UNIT_106-1,2026-02-26,aFRR,POS_021,300.0,PROVIDER_TO_GRID,1.0,1.0,SK,ENTSO-E BalancingEnergyBids
20260226022-AFRR_N-UNIT_003-1,2026-02-26,aFRR,NEG_022,-5.0,GRID_TO_PROVIDER,7.0,7.0,SK,ENTSO-E BalancingEnergyBids
20260226022-AFRR_N-UNIT_013-1,2026-02-26,aFRR,NEG_022,-20.0,GRID_TO_PROVIDER,30.0,30.0,SK,ENTSO-E BalancingEnergyBids
20260226022-AFRR_N-UNIT_019-1,2026-02-26,aFRR,NEG_022,-199.0,GRID_TO_PROVIDER,1.0,1.0,SK,ENTSO-E BalancingEnergyBids
20260226022-AFRR_N-UNIT_028-1,2026-02-26,aFRR,NEG_022,-200.0,GRID_TO_PROVIDER,14.0,14.0,SK,ENTSO-E BalancingEnergyBids
20260226022-AFRR_N-UNIT_043-1,2026-02-26,aFRR,NEG_022,10.0,GRID_TO_PROVIDER,7.0,7.0,SK,ENTSO-E BalancingEnergyBids
20260226022-AFRR_N-UNIT_052-1,2026-02-26,aFRR,NEG_022,-30.0,GRID_TO_PROVIDER,10.0,10.0,SK,ENTSO-E BalancingEnergyBids
20260226022-AFRR_N-UNIT_058-1,2026-02-26,aFRR,NEG_022,-5.0,GRID_TO_PROVIDER,1.0,1.0,SK,ENTSO-E BalancingEnergyBids
20260226022-AFRR_N-UNIT_062-1,2026-02-26,aFRR,NEG_022,-29.0,GRID_TO_PROVIDER,15.0,15.0,SK,ENTSO-E BalancingEnergyBids
20260226022-AFRR_N-UNIT_068-1,2026-02-26,aFRR,NEG_022,-5.0,GRID_TO_PROVIDER,1.0,1.0,SK,ENTSO-E BalancingEnergyBids
20260226022-AFRR_N-UNIT_069-1,2026-02-26,aFRR,NEG_022,-150.0,GRID_TO_PROVIDER,15.0,15.0,SK,ENTSO-E BalancingEnergyBids
20260226022-AFRR_N-UNIT_089-1,2026-02-26,aFRR,NEG_022,-186.69,GRID_TO_PROVIDER,3.0,3.0,SK,ENTSO-E BalancingEnergyBids
20260226022-AFRR_N-UNIT_104-1,2026-02-26,aFRR,NEG_022,20.0,GRID_TO_PROVIDER,4.0,4.0,SK,ENTSO-E BalancingEnergyBids
20260226022-AFRR_N-UNIT_106-1,2026-02-26,aFRR,NEG_022,-19.0,GRID_TO_PROVIDER,1.0,1.0,SK,ENTSO-E BalancingEnergyBids
20260226022-AFRR_P-UNIT_003-1,2026-02-26,aFRR,POS_022,189.0,PROVIDER_TO_GRID,3.0,3.0,SK,ENTSO-E BalancingEnergyBids
20260226022-AFRR_P-UNIT_009-1,2026-02-26,aFRR,POS_022,165.0,PROVIDER_TO_GRID,3.0,3.0,SK,ENTSO-E BalancingEnergyBids
20260226022-AFRR_P-UNIT_019-1,2026-02-26,aFRR,POS_022,251.0,PROVIDER_TO_GRID,1.0,1.0,SK,ENTSO-E BalancingEnergyBids
20260226022-AFRR_P-UNIT_028-1,2026-02-26,aFRR,POS_022,50.0,PROVIDER_TO_GRID,11.0,11.0,SK,ENTSO-E BalancingEnergyBids
20260226022-AFRR_P-UNIT_047-1,2026-02-26,aFRR,POS_022,0.0,PROVIDER_TO_GRID,1.0,1.0,SK,ENTSO-E BalancingEnergyBids
20260226022-AFRR_P-UNIT_052-1,2026-02-26,aFRR,POS_022,130.0,PROVIDER_TO_GRID,23.0,23.0,SK,ENTSO-E BalancingEnergyBids
20260226022-AFRR_P-UNIT_058-1,2026-02-26,aFRR,POS_022,132.0,PROVIDER_TO_GRID,1.0,1.0,SK,ENTSO-E BalancingEnergyBids
20260226022-AFRR_P-UNIT_062-1,2026-02-26,aFRR,POS_022,90.0,PROVIDER_TO_GRID,9.0,9.0,SK,ENTSO-E BalancingEnergyBids
20260226022-AFRR_P-UNIT_063-1,2026-02-26,aFRR,POS_022,140.0,PROVIDER_TO_GRID,10.0,10.0,SK,ENTSO-E BalancingEnergyBids
20260226022-AFRR_P-UNIT_065-1,2026-02-26,aFRR,POS_022,165.0,PROVIDER_TO_GRID,16.0,16.0,SK,ENTSO-E BalancingEnergyBids
20260226022-AFRR_P-UNIT_068-1,2026-02-26,aFRR,POS_022,132.0,PROVIDER_TO_GRID,1.0,1.0,SK,ENTSO-E BalancingEnergyBids
20260226022-AFRR_P-UNIT_069-1,2026-02-26,aFRR,POS_022,100.0,PROVIDER_TO_GRID,15.0,15.0,SK,ENTSO-E BalancingEnergyBids
20260226022-AFRR_P-UNIT_097-1,2026-02-26,aFRR,POS_022,85.0,PROVIDER_TO_GRID,7.0,7.0,SK,ENTSO-E BalancingEnergyBids
20260226022-AFRR_P-UNIT_104-1,2026-02-26,aFRR,POS_022,750.0,PROVIDER_TO_GRID,11.0,11.0,SK,ENTSO-E BalancingEnergyBids
20260226022-AFRR_P-UNIT_106-1,2026-02-26,aFRR,POS_022,300.0,PROVIDER_TO_GRID,1.0,1.0,SK,ENTSO-E BalancingEnergyBids
20260226023-AFRR_N-UNIT_003-1,2026-02-26,aFRR,NEG_023,-5.0,GRID_TO_PROVIDER,7.0,7.0,SK,ENTSO-E BalancingEnergyBids
20260226023-AFRR_N-UNIT_013-1,2026-02-26,aFRR,NEG_023,-20.0,GRID_TO_PROVIDER,30.0,30.0,SK,ENTSO-E BalancingEnergyBids
20260226023-AFRR_N-UNIT_019-1,2026-02-26,aFRR,NEG_023,-199.0,GRID_TO_PROVIDER,1.0,1.0,SK,ENTSO-E BalancingEnergyBids
20260226023-AFRR_N-UNIT_028-1,2026-02-26,aFRR,NEG_023,-200.0,GRID_TO_PROVIDER,14.0,14.0,SK,ENTSO-E BalancingEnergyBids
20260226023-AFRR_N-UNIT_043-1,2026-02-26,aFRR,NEG_023,10.0,GRID_TO_PROVIDER,7.0,7.0,SK,ENTSO-E BalancingEnergyBids
20260226023-AFRR_N-UNIT_052-1,2026-02-26,aFRR,NEG_023,-30.0,GRID_TO_PROVIDER,10.0,10.0,SK,ENTSO-E BalancingEnergyBids
20260226023-AFRR_N-UNIT_058-1,2026-02-26,aFRR,NEG_023,-5.0,GRID_TO_PROVIDER,1.0,1.0,SK,ENTSO-E BalancingEnergyBids
20260226023-AFRR_N-UNIT_062-1,2026-02-26,aFRR,NEG_023,-29.0,GRID_TO_PROVIDER,15.0,15.0,SK,ENTSO-E BalancingEnergyBids
20260226023-AFRR_N-UNIT_068-1,2026-02-26,aFRR,NEG_023,-5.0,GRID_TO_PROVIDER,1.0,1.0,SK,ENTSO-E BalancingEnergyBids
20260226023-AFRR_N-UNIT_069-1,2026-02-26,aFRR,NEG_023,-150.0,GRID_TO_PROVIDER,15.0,15.0,SK,ENTSO-E BalancingEnergyBids
20260226023-AFRR_N-UNIT_089-1,2026-02-26,aFRR,NEG_023,-173.7,GRID_TO_PROVIDER,3.0,3.0,SK,ENTSO-E BalancingEnergyBids
20260226023-AFRR_N-UNIT_104-1,2026-02-26,aFRR,NEG_023,20.0,GRID_TO_PROVIDER,4.0,4.0,SK,ENTSO-E BalancingEnergyBids
20260226023-AFRR_N-UNIT_106-1,2026-02-26,aFRR,NEG_023,-19.0,GRID_TO_PROVIDER,1.0,1.0,SK,ENTSO-E BalancingEnergyBids
20260226023-AFRR_P-UNIT_003-1,2026-02-26,aFRR,POS_023,189.0,PROVIDER_TO_GRID,3.0,3.0,SK,ENTSO-E BalancingEnergyBids
20260226023-AFRR_P-UNIT_009-1,2026-02-26,aFRR,POS_023,165.0,PROVIDER_TO_GRID,3.0,3.0,SK,ENTSO-E BalancingEnergyBids
20260226023-AFRR_P-UNIT_019-1,2026-02-26,aFRR,POS_023,251.0,PROVIDER_TO_GRID,1.0,1.0,SK,ENTSO-E BalancingEnergyBids
20260226023-AFRR_P-UNIT_028-1,2026-02-26,aFRR,POS_023,50.0,PROVIDER_TO_GRID,11.0,11.0,SK,ENTSO-E BalancingEnergyBids
20260226023-AFRR_P-UNIT_047-1,2026-02-26,aFRR,POS_023,0.0,PROVIDER_TO_GRID,1.0,1.0,SK,ENTSO-E BalancingEnergyBids
20260226023-AFRR_P-UNIT_052-1,2026-02-26,aFRR,POS_023,130.0,PROVIDER_TO_GRID,23.0,23.0,SK,ENTSO-E BalancingEnergyBids
20260226023-AFRR_P-UNIT_058-1,2026-02-26,aFRR,POS_023,132.0,PROVIDER_TO_GRID,1.0,1.0,SK,ENTSO-E BalancingEnergyBids
20260226023-AFRR_P-UNIT_062-1,2026-02-26,aFRR,POS_023,106.0,PROVIDER_TO_GRID,9.0,9.0,SK,ENTSO-E BalancingEnergyBids
20260226023-AFRR_P-UNIT_063-1,2026-02-26,aFRR,POS_023,140.0,PROVIDER_TO_GRID,10.0,10.0,SK,ENTSO-E BalancingEnergyBids
20260226023-AFRR_P-UNIT_065-1,2026-02-26,aFRR,POS_023,165.0,PROVIDER_TO_GRID,16.0,16.0,SK,ENTSO-E BalancingEnergyBids
20260226023-AFRR_P-UNIT_068-1,2026-02-26,aFRR,POS_023,132.0,PROVIDER_TO_GRID,1.0,1.0,SK,ENTSO-E BalancingEnergyBids
20260226023-AFRR_P-UNIT_069-1,2026-02-26,aFRR,POS_023,100.0,PROVIDER_TO_GRID,15.0,15.0,SK,ENTSO-E BalancingEnergyBids
20260226023-AFRR_P-UNIT_097-1,2026-02-26,aFRR,POS_023,85.0,PROVIDER_TO_GRID,7.0,7.0,SK,ENTSO-E BalancingEnergyBids
20260226023-AFRR_P-UNIT_104-1,2026-02-26,aFRR,POS_023,750.0,PROVIDER_TO_GRID,11.0,11.0,SK,ENTSO-E BalancingEnergyBids
20260226023-AFRR_P-UNIT_106-1,2026-02-26,aFRR,POS_023,300.0,PROVIDER_TO_GRID,1.0,1.0,SK,ENTSO-E BalancingEnergyBids
20260226024-AFRR_N-UNIT_003-1,2026-02-26,aFRR,NEG_024,-5.0,GRID_TO_PROVIDER,7.0,7.0,SK,ENTSO-E BalancingEnergyBids
20260226024-AFRR_N-UNIT_013-1,2026-02-26,aFRR,NEG_024,-20.0,GRID_TO_PROVIDER,30.0,30.0,SK,ENTSO-E BalancingEnergyBids
20260226024-AFRR_N-UNIT_019-1,2026-02-26,aFRR,NEG_024,-199.0,GRID_TO_PROVIDER,1.0,1.0,SK,ENTSO-E BalancingEnergyBids
20260226024-AFRR_N-UNIT_028-1,2026-02-26,aFRR,NEG_024,-200.0,GRID_TO_PROVIDER,14.0,14.0,SK,ENTSO-E BalancingEnergyBids
20260226024-AFRR_N-UNIT_043-1,2026-02-26,aFRR,NEG_024,10.0,GRID_TO_PROVIDER,7.0,7.0,SK,ENTSO-E BalancingEnergyBids
20260226024-AFRR_N-UNIT_052-1,2026-02-26,aFRR,NEG_024,-30.0,GRID_TO_PROVIDER,10.0,10.0,SK,ENTSO-E BalancingEnergyBids
20260226024-AFRR_N-UNIT_058-1,2026-02-26,aFRR,NEG_024,-5.0,GRID_TO_PROVIDER,1.0,1.0,SK,ENTSO-E BalancingEnergyBids
20260226024-AFRR_N-UNIT_062-1,2026-02-26,aFRR,NEG_024,-29.0,GRID_TO_PROVIDER,15.0,15.0,SK,ENTSO-E BalancingEnergyBids
20260226024-AFRR_N-UNIT_068-1,2026-02-26,aFRR,NEG_024,-5.0,GRID_TO_PROVIDER,1.0,1.0,SK,ENTSO-E BalancingEnergyBids
20260226024-AFRR_N-UNIT_069-1,2026-02-26,aFRR,NEG_024,-150.0,GRID_TO_PROVIDER,15.0,15.0,SK,ENTSO-E BalancingEnergyBids
20260226024-AFRR_N-UNIT_089-1,2026-02-26,aFRR,NEG_024,-159.18,GRID_TO_PROVIDER,3.0,3.0,SK,ENTSO-E BalancingEnergyBids
20260226024-AFRR_N-UNIT_104-1,2026-02-26,aFRR,NEG_024,20.0,GRID_TO_PROVIDER,4.0,4.0,SK,ENTSO-E BalancingEnergyBids
20260226024-AFRR_N-UNIT_106-1,2026-02-26,aFRR,NEG_024,-19.0,GRID_TO_PROVIDER,1.0,1.0,SK,ENTSO-E BalancingEnergyBids
20260226024-AFRR_P-UNIT_003-1,2026-02-26,aFRR,POS_024,189.0,PROVIDER_TO_GRID,3.0,3.0,SK,ENTSO-E BalancingEnergyBids
20260226024-AFRR_P-UNIT_009-1,2026-02-26,aFRR,POS_024,165.0,PROVIDER_TO_GRID,3.0,3.0,SK,ENTSO-E BalancingEnergyBids
20260226024-AFRR_P-UNIT_019-1,2026-02-26,aFRR,POS_024,251.0,PROVIDER_TO_GRID,1.0,1.0,SK,ENTSO-E BalancingEnergyBids
20260226024-AFRR_P-UNIT_028-1,2026-02-26,aFRR,POS_024,50.0,PROVIDER_TO_GRID,11.0,11.0,SK,ENTSO-E BalancingEnergyBids
20260226024-AFRR_P-UNIT_047-1,2026-02-26,aFRR,POS_024,0.0,PROVIDER_TO_GRID,1.0,1.0,SK,ENTSO-E BalancingEnergyBids
20260226024-AFRR_P-UNIT_052-1,2026-02-26,aFRR,POS_024,130.0,PROVIDER_TO_GRID,23.0,23.0,SK,ENTSO-E BalancingEnergyBids
20260226024-AFRR_P-UNIT_058-1,2026-02-26,aFRR,POS_024,141.14,PROVIDER_TO_GRID,1.0,1.0,SK,ENTSO-E BalancingEnergyBids
20260226024-AFRR_P-UNIT_062-1,2026-02-26,aFRR,POS_024,121.0,PROVIDER_TO_GRID,9.0,9.0,SK,ENTSO-E BalancingEnergyBids
20260226024-AFRR_P-UNIT_063-1,2026-02-26,aFRR,POS_024,140.0,PROVIDER_TO_GRID,10.0,10.0,SK,ENTSO-E BalancingEnergyBids
20260226024-AFRR_P-UNIT_065-1,2026-02-26,aFRR,POS_024,165.0,PROVIDER_TO_GRID,16.0,16.0,SK,ENTSO-E BalancingEnergyBids
20260226024-AFRR_P-UNIT_068-1,2026-02-26,aFRR,POS_024,141.14,PROVIDER_TO_GRID,1.0,1.0,SK,ENTSO-E BalancingEnergyBids
20260226024-AFRR_P-UNIT_069-1,2026-02-26,aFRR,POS_024,100.0,PROVIDER_TO_GRID,15.0,15.0,SK,ENTSO-E BalancingEnergyBids
20260226024-AFRR_P-UNIT_097-1,2026-02-26,aFRR,POS_024,165.0,PROVIDER_TO_GRID,7.0,7.0,SK,ENTSO-E BalancingEnergyBids
20260226024-AFRR_P-UNIT_104-1,2026-02-26,aFRR,POS_024,750.0,PROVIDER_TO_GRID,11.0,11.0,SK,ENTSO-E BalancingEnergyBids
20260226024-AFRR_P-UNIT_106-1,2026-02-26,aFRR,POS_024,300.0,PROVIDER_TO_GRID,1.0,1.0,SK,ENTSO-E BalancingEnergyBids
20260226027-AFRR_N-UNIT_003-1,2026-02-26,aFRR,NEG_027,-5.0,GRID_TO_PROVIDER,7.0,7.0,SK,ENTSO-E BalancingEnergyBids
20260226027-AFRR_N-UNIT_013-1,2026-02-26,aFRR,NEG_027,-20.0,GRID_TO_PROVIDER,30.0,30.0,SK,ENTSO-E BalancingEnergyBids
20260226027-AFRR_N-UNIT_019-1,2026-02-26,aFRR,NEG_027,-199.0,GRID_TO_PROVIDER,1.0,1.0,SK,ENTSO-E BalancingEnergyBids
20260226027-AFRR_N-UNIT_028-1,2026-02-26,aFRR,NEG_027,-5.0,GRID_TO_PROVIDER,10.0,10.0,SK,ENTSO-E BalancingEnergyBids
20260226027-AFRR_N-UNIT_043-1,2026-02-26,aFRR,NEG_027,10.0,GRID_TO_PROVIDER,7.0,7.0,SK,ENTSO-E BalancingEnergyBids
20260226027-AFRR_N-UNIT_052-1,2026-02-26,aFRR,NEG_027,-30.0,GRID_TO_PROVIDER,10.0,10.0,SK,ENTSO-E BalancingEnergyBids
20260226027-AFRR_N-UNIT_058-1,2026-02-26,aFRR,NEG_027,-5.0,GRID_TO_PROVIDER,1.0,1.0,SK,ENTSO-E BalancingEnergyBids
20260226027-AFRR_N-UNIT_062-1,2026-02-26,aFRR,NEG_027,-29.0,GRID_TO_PROVIDER,15.0,15.0,SK,ENTSO-E BalancingEnergyBids
20260226027-AFRR_N-UNIT_068-1,2026-02-26,aFRR,NEG_027,-5.0,GRID_TO_PROVIDER,4.0,4.0,SK,ENTSO-E BalancingEnergyBids
20260226027-AFRR_N-UNIT_069-1,2026-02-26,aFRR,NEG_027,-150.0,GRID_TO_PROVIDER,15.0,15.0,SK,ENTSO-E BalancingEnergyBids
20260226027-AFRR_N-UNIT_089-1,2026-02-26,aFRR,NEG_027,-137.87,GRID_TO_PROVIDER,3.0,3.0,SK,ENTSO-E BalancingEnergyBids
20260226027-AFRR_N-UNIT_097-1,2026-02-26,aFRR,NEG_027,0.0,GRID_TO_PROVIDER,7.0,7.0,SK,ENTSO-E BalancingEnergyBids
20260226027-AFRR_N-UNIT_104-1,2026-02-26,aFRR,NEG_027,20.0,GRID_TO_PROVIDER,4.0,4.0,SK,ENTSO-E BalancingEnergyBids
20260226027-AFRR_N-UNIT_106-1,2026-02-26,aFRR,NEG_027,-19.0,GRID_TO_PROVIDER,1.0,1.0,SK,ENTSO-E BalancingEnergyBids
20260226027-AFRR_P-UNIT_003-1,2026-02-26,aFRR,POS_027,189.0,PROVIDER_TO_GRID,3.0,3.0,SK,ENTSO-E BalancingEnergyBids
20260226027-AFRR_P-UNIT_009-1,2026-02-26,aFRR,POS_027,171.55,PROVIDER_TO_GRID,3.0,3.0,SK,ENTSO-E BalancingEnergyBids
20260226027-AFRR_P-UNIT_019-1,2026-02-26,aFRR,POS_027,251.0,PROVIDER_TO_GRID,1.0,1.0,SK,ENTSO-E BalancingEnergyBids
20260226027-AFRR_P-UNIT_028-1,2026-02-26,aFRR,POS_027,400.0,PROVIDER_TO_GRID,11.0,11.0,SK,ENTSO-E BalancingEnergyBids
20260226027-AFRR_P-UNIT_047-1,2026-02-26,aFRR,POS_027,0.0,PROVIDER_TO_GRID,1.0,1.0,SK,ENTSO-E BalancingEnergyBids
20260226027-AFRR_P-UNIT_052-1,2026-02-26,aFRR,POS_027,135.0,PROVIDER_TO_GRID,23.0,23.0,SK,ENTSO-E BalancingEnergyBids
20260226027-AFRR_P-UNIT_058-1,2026-02-26,aFRR,POS_027,170.98,PROVIDER_TO_GRID,1.0,1.0,SK,ENTSO-E BalancingEnergyBids
20260226027-AFRR_P-UNIT_062-1,2026-02-26,aFRR,POS_027,128.0,PROVIDER_TO_GRID,9.0,9.0,SK,ENTSO-E BalancingEnergyBids
20260226027-AFRR_P-UNIT_063-1,2026-02-26,aFRR,POS_027,140.0,PROVIDER_TO_GRID,10.0,10.0,SK,ENTSO-E BalancingEnergyBids
20260226027-AFRR_P-UNIT_065-1,2026-02-26,aFRR,POS_027,171.55,PROVIDER_TO_GRID,16.0,16.0,SK,ENTSO-E BalancingEnergyBids
20260226027-AFRR_P-UNIT_068-1,2026-02-26,aFRR,POS_027,170.98,PROVIDER_TO_GRID,5.0,5.0,SK,ENTSO-E BalancingEnergyBids
20260226027-AFRR_P-UNIT_069-1,2026-02-26,aFRR,POS_027,100.0,PROVIDER_TO_GRID,15.0,15.0,SK,ENTSO-E BalancingEnergyBids
20260226027-AFRR_P-UNIT_104-1,2026-02-26,aFRR,POS_027,750.0,PROVIDER_TO_GRID,11.0,11.0,SK,ENTSO-E BalancingEnergyBids
20260226027-AFRR_P-UNIT_106-1,2026-02-26,aFRR,POS_027,300.0,PROVIDER_TO_GRID,1.0,1.0,SK,ENTSO-E BalancingEnergyBids
20260226028-AFRR_N-UNIT_003-1,2026-02-26,aFRR,NEG_028,-5.0,GRID_TO_PROVIDER,7.0,7.0,SK,ENTSO-E BalancingEnergyBids
20260226028-AFRR_N-UNIT_013-1,2026-02-26,aFRR,NEG_028,-20.0,GRID_TO_PROVIDER,30.0,30.0,SK,ENTSO-E BalancingEnergyBids
20260226028-AFRR_N-UNIT_019-1,2026-02-26,aFRR,NEG_028,-199.0,GRID_TO_PROVIDER,1.0,1.0,SK,ENTSO-E BalancingEnergyBids
20260226028-AFRR_N-UNIT_028-1,2026-02-26,aFRR,NEG_028,-0.01,GRID_TO_PROVIDER,10.0,10.0,SK,ENTSO-E BalancingEnergyBids
20260226028-AFRR_N-UNIT_043-1,2026-02-26,aFRR,NEG_028,10.0,GRID_TO_PROVIDER,7.0,7.0,SK,ENTSO-E BalancingEnergyBids
20260226028-AFRR_N-UNIT_052-1,2026-02-26,aFRR,NEG_028,-30.0,GRID_TO_PROVIDER,10.0,10.0,SK,ENTSO-E BalancingEnergyBids
20260226028-AFRR_N-UNIT_058-1,2026-02-26,aFRR,NEG_028,-5.0,GRID_TO_PROVIDER,1.0,1.0,SK,ENTSO-E BalancingEnergyBids
20260226028-AFRR_N-UNIT_062-1,2026-02-26,aFRR,NEG_028,-29.0,GRID_TO_PROVIDER,15.0,15.0,SK,ENTSO-E BalancingEnergyBids
20260226028-AFRR_N-UNIT_068-1,2026-02-26,aFRR,NEG_028,-5.0,GRID_TO_PROVIDER,4.0,4.0,SK,ENTSO-E BalancingEnergyBids
20260226028-AFRR_N-UNIT_069-1,2026-02-26,aFRR,NEG_028,-150.0,GRID_TO_PROVIDER,15.0,15.0,SK,ENTSO-E BalancingEnergyBids
20260226028-AFRR_N-UNIT_089-1,2026-02-26,aFRR,NEG_028,-129.68,GRID_TO_PROVIDER,3.0,3.0,SK,ENTSO-E BalancingEnergyBids
20260226028-AFRR_N-UNIT_097-1,2026-02-26,aFRR,NEG_028,0.0,GRID_TO_PROVIDER,7.0,7.0,SK,ENTSO-E BalancingEnergyBids
20260226028-AFRR_N-UNIT_104-1,2026-02-26,aFRR,NEG_028,20.0,GRID_TO_PROVIDER,4.0,4.0,SK,ENTSO-E BalancingEnergyBids
20260226028-AFRR_N-UNIT_106-1,2026-02-26,aFRR,NEG_028,-19.0,GRID_TO_PROVIDER,1.0,1.0,SK,ENTSO-E BalancingEnergyBids
20260226028-AFRR_P-UNIT_003-1,2026-02-26,aFRR,POS_028,189.0,PROVIDER_TO_GRID,3.0,3.0,SK,ENTSO-E BalancingEnergyBids
20260226028-AFRR_P-UNIT_009-1,2026-02-26,aFRR,POS_028,181.38,PROVIDER_TO_GRID,3.0,3.0,SK,ENTSO-E BalancingEnergyBids
20260226028-AFRR_P-UNIT_019-1,2026-02-26,aFRR,POS_028,251.0,PROVIDER_TO_GRID,1.0,1.0,SK,ENTSO-E BalancingEnergyBids
20260226028-AFRR_P-UNIT_028-1,2026-02-26,aFRR,POS_028,450.0,PROVIDER_TO_GRID,11.0,11.0,SK,ENTSO-E BalancingEnergyBids
20260226028-AFRR_P-UNIT_047-1,2026-02-26,aFRR,POS_028,0.0,PROVIDER_TO_GRID,1.0,1.0,SK,ENTSO-E BalancingEnergyBids
20260226028-AFRR_P-UNIT_052-1,2026-02-26,aFRR,POS_028,135.0,PROVIDER_TO_GRID,23.0,23.0,SK,ENTSO-E BalancingEnergyBids
20260226028-AFRR_P-UNIT_058-1,2026-02-26,aFRR,POS_028,182.44,PROVIDER_TO_GRID,1.0,1.0,SK,ENTSO-E BalancingEnergyBids
20260226028-AFRR_P-UNIT_062-1,2026-02-26,aFRR,POS_028,137.0,PROVIDER_TO_GRID,9.0,9.0,SK,ENTSO-E BalancingEnergyBids
20260226028-AFRR_P-UNIT_063-1,2026-02-26,aFRR,POS_028,140.0,PROVIDER_TO_GRID,10.0,10.0,SK,ENTSO-E BalancingEnergyBids
20260226028-AFRR_P-UNIT_065-1,2026-02-26,aFRR,POS_028,181.38,PROVIDER_TO_GRID,16.0,16.0,SK,ENTSO-E BalancingEnergyBids
20260226028-AFRR_P-UNIT_068-1,2026-02-26,aFRR,POS_028,182.44,PROVIDER_TO_GRID,5.0,5.0,SK,ENTSO-E BalancingEnergyBids
20260226028-AFRR_P-UNIT_069-1,2026-02-26,aFRR,POS_028,100.0,PROVIDER_TO_GRID,15.0,15.0,SK,ENTSO-E BalancingEnergyBids
20260226028-AFRR_P-UNIT_104-1,2026-02-26,aFRR,POS_028,750.0,PROVIDER_TO_GRID,11.0,11.0,SK,ENTSO-E BalancingEnergyBids
20260226028-AFRR_P-UNIT_106-1,2026-02-26,aFRR,POS_028,300.0,PROVIDER_TO_GRID,1.0,1.0,SK,ENTSO-E BalancingEnergyBids
20260226029-AFRR_N-UNIT_003-1,2026-02-26,aFRR,NEG_029,-5.0,GRID_TO_PROVIDER,7.0,7.0,SK,ENTSO-E BalancingEnergyBids
20260226029-AFRR_N-UNIT_013-1,2026-02-26,aFRR,NEG_029,-20.0,GRID_TO_PROVIDER,30.0,30.0,SK,ENTSO-E BalancingEnergyBids
20260226029-AFRR_N-UNIT_019-1,2026-02-26,aFRR,NEG_029,-199.0,GRID_TO_PROVIDER,1.0,1.0,SK,ENTSO-E BalancingEnergyBids
20260226029-AFRR_N-UNIT_028-1,2026-02-26,aFRR,NEG_029,-0.01,GRID_TO_PROVIDER,10.0,10.0,SK,ENTSO-E BalancingEnergyBids
20260226029-AFRR_N-UNIT_043-1,2026-02-26,aFRR,NEG_029,10.0,GRID_TO_PROVIDER,7.0,7.0,SK,ENTSO-E BalancingEnergyBids
20260226029-AFRR_N-UNIT_052-1,2026-02-26,aFRR,NEG_029,-30.0,GRID_TO_PROVIDER,10.0,10.0,SK,ENTSO-E BalancingEnergyBids
20260226029-AFRR_N-UNIT_058-1,2026-02-26,aFRR,NEG_029,-5.0,GRID_TO_PROVIDER,1.0,1.0,SK,ENTSO-E BalancingEnergyBids
20260226029-AFRR_N-UNIT_062-1,2026-02-26,aFRR,NEG_029,-29.0,GRID_TO_PROVIDER,15.0,15.0,SK,ENTSO-E BalancingEnergyBids
20260226029-AFRR_N-UNIT_068-1,2026-02-26,aFRR,NEG_029,-5.0,GRID_TO_PROVIDER,4.0,4.0,SK,ENTSO-E BalancingEnergyBids
20260226029-AFRR_N-UNIT_069-1,2026-02-26,aFRR,NEG_029,-150.0,GRID_TO_PROVIDER,15.0,15.0,SK,ENTSO-E BalancingEnergyBids
20260226029-AFRR_N-UNIT_089-1,2026-02-26,aFRR,NEG_029,-142.71,GRID_TO_PROVIDER,3.0,3.0,SK,ENTSO-E BalancingEnergyBids
20260226029-AFRR_N-UNIT_097-1,2026-02-26,aFRR,NEG_029,0.0,GRID_TO_PROVIDER,7.0,7.0,SK,ENTSO-E BalancingEnergyBids
20260226029-AFRR_N-UNIT_104-1,2026-02-26,aFRR,NEG_029,20.0,GRID_TO_PROVIDER,4.0,4.0,SK,ENTSO-E BalancingEnergyBids
20260226029-AFRR_N-UNIT_106-1,2026-02-26,aFRR,NEG_029,-19.0,GRID_TO_PROVIDER,1.0,1.0,SK,ENTSO-E BalancingEnergyBids
20260226029-AFRR_P-UNIT_003-1,2026-02-26,aFRR,POS_029,189.0,PROVIDER_TO_GRID,3.0,3.0,SK,ENTSO-E BalancingEnergyBids
20260226029-AFRR_P-UNIT_009-1,2026-02-26,aFRR,POS_029,165.74,PROVIDER_TO_GRID,3.0,3.0,SK,ENTSO-E BalancingEnergyBids
20260226029-AFRR_P-UNIT_019-1,2026-02-26,aFRR,POS_029,251.0,PROVIDER_TO_GRID,1.0,1.0,SK,ENTSO-E BalancingEnergyBids
20260226029-AFRR_P-UNIT_028-1,2026-02-26,aFRR,POS_029,450.0,PROVIDER_TO_GRID,11.0,11.0,SK,ENTSO-E BalancingEnergyBids
20260226029-AFRR_P-UNIT_047-1,2026-02-26,aFRR,POS_029,0.0,PROVIDER_TO_GRID,1.0,1.0,SK,ENTSO-E BalancingEnergyBids
20260226029-AFRR_P-UNIT_052-1,2026-02-26,aFRR,POS_029,140.0,PROVIDER_TO_GRID,23.0,23.0,SK,ENTSO-E BalancingEnergyBids
20260226029-AFRR_P-UNIT_058-1,2026-02-26,aFRR,POS_029,164.2,PROVIDER_TO_GRID,1.0,1.0,SK,ENTSO-E BalancingEnergyBids
20260226029-AFRR_P-UNIT_062-1,2026-02-26,aFRR,POS_029,123.0,PROVIDER_TO_GRID,9.0,9.0,SK,ENTSO-E BalancingEnergyBids
20260226029-AFRR_P-UNIT_063-1,2026-02-26,aFRR,POS_029,140.0,PROVIDER_TO_GRID,10.0,10.0,SK,ENTSO-E BalancingEnergyBids
20260226029-AFRR_P-UNIT_065-1,2026-02-26,aFRR,POS_029,165.74,PROVIDER_TO_GRID,16.0,16.0,SK,ENTSO-E BalancingEnergyBids
20260226029-AFRR_P-UNIT_068-1,2026-02-26,aFRR,POS_029,164.2,PROVIDER_TO_GRID,5.0,5.0,SK,ENTSO-E BalancingEnergyBids
20260226029-AFRR_P-UNIT_069-1,2026-02-26,aFRR,POS_029,100.0,PROVIDER_TO_GRID,15.0,15.0,SK,ENTSO-E BalancingEnergyBids
20260226029-AFRR_P-UNIT_104-1,2026-02-26,aFRR,POS_029,750.0,PROVIDER_TO_GRID,11.0,11.0,SK,ENTSO-E BalancingEnergyBids
20260226029-AFRR_P-UNIT_106-1,2026-02-26,aFRR,POS_029,300.0,PROVIDER_TO_GRID,1.0,1.0,SK,ENTSO-E BalancingEnergyBids
20260226031-AFRR_N-UNIT_003-1,2026-02-26,aFRR,NEG_031,-5.0,GRID_TO_PROVIDER,7.0,7.0,SK,ENTSO-E BalancingEnergyBids
20260226031-AFRR_N-UNIT_013-1,2026-02-26,aFRR,NEG_031,-20.0,GRID_TO_PROVIDER,30.0,30.0,SK,ENTSO-E BalancingEnergyBids
20260226031-AFRR_N-UNIT_019-1,2026-02-26,aFRR,NEG_031,-199.0,GRID_TO_PROVIDER,1.0,1.0,SK,ENTSO-E BalancingEnergyBids
20260226031-AFRR_N-UNIT_028-1,2026-02-26,aFRR,NEG_031,-0.01,GRID_TO_PROVIDER,10.0,10.0,SK,ENTSO-E BalancingEnergyBids
20260226031-AFRR_N-UNIT_043-1,2026-02-26,aFRR,NEG_031,10.0,GRID_TO_PROVIDER,7.0,7.0,SK,ENTSO-E BalancingEnergyBids
20260226031-AFRR_N-UNIT_052-1,2026-02-26,aFRR,NEG_031,-30.0,GRID_TO_PROVIDER,10.0,10.0,SK,ENTSO-E BalancingEnergyBids
20260226031-AFRR_N-UNIT_058-1,2026-02-26,aFRR,NEG_031,-5.0,GRID_TO_PROVIDER,1.0,1.0,SK,ENTSO-E BalancingEnergyBids
20260226031-AFRR_N-UNIT_062-1,2026-02-26,aFRR,NEG_031,-29.0,GRID_TO_PROVIDER,15.0,15.0,SK,ENTSO-E BalancingEnergyBids
20260226031-AFRR_N-UNIT_068-1,2026-02-26,aFRR,NEG_031,-5.0,GRID_TO_PROVIDER,4.0,4.0,SK,ENTSO-E BalancingEnergyBids
20260226031-AFRR_N-UNIT_069-1,2026-02-26,aFRR,NEG_031,-150.0,GRID_TO_PROVIDER,15.0,15.0,SK,ENTSO-E BalancingEnergyBids
20260226031-AFRR_N-UNIT_089-1,2026-02-26,aFRR,NEG_031,-143.79,GRID_TO_PROVIDER,3.0,3.0,SK,ENTSO-E BalancingEnergyBids
20260226031-AFRR_N-UNIT_097-1,2026-02-26,aFRR,NEG_031,0.0,GRID_TO_PROVIDER,7.0,7.0,SK,ENTSO-E BalancingEnergyBids
20260226031-AFRR_N-UNIT_104-1,2026-02-26,aFRR,NEG_031,20.0,GRID_TO_PROVIDER,4.0,4.0,SK,ENTSO-E BalancingEnergyBids
20260226031-AFRR_N-UNIT_106-1,2026-02-26,aFRR,NEG_031,-19.0,GRID_TO_PROVIDER,1.0,1.0,SK,ENTSO-E BalancingEnergyBids
20260226031-AFRR_P-UNIT_003-1,2026-02-26,aFRR,POS_031,189.0,PROVIDER_TO_GRID,3.0,3.0,SK,ENTSO-E BalancingEnergyBids
20260226031-AFRR_P-UNIT_009-1,2026-02-26,aFRR,POS_031,165.0,PROVIDER_TO_GRID,3.0,3.0,SK,ENTSO-E BalancingEnergyBids
20260226031-AFRR_P-UNIT_019-1,2026-02-26,aFRR,POS_031,251.0,PROVIDER_TO_GRID,1.0,1.0,SK,ENTSO-E BalancingEnergyBids
20260226031-AFRR_P-UNIT_028-1,2026-02-26,aFRR,POS_031,450.0,PROVIDER_TO_GRID,11.0,11.0,SK,ENTSO-E BalancingEnergyBids
20260226031-AFRR_P-UNIT_047-1,2026-02-26,aFRR,POS_031,0.0,PROVIDER_TO_GRID,1.0,1.0,SK,ENTSO-E BalancingEnergyBids
20260226031-AFRR_P-UNIT_052-1,2026-02-26,aFRR,POS_031,140.0,PROVIDER_TO_GRID,23.0,23.0,SK,ENTSO-E BalancingEnergyBids
20260226031-AFRR_P-UNIT_058-1,2026-02-26,aFRR,POS_031,162.69,PROVIDER_TO_GRID,1.0,1.0,SK,ENTSO-E BalancingEnergyBids
20260226031-AFRR_P-UNIT_062-1,2026-02-26,aFRR,POS_031,122.0,PROVIDER_TO_GRID,9.0,9.0,SK,ENTSO-E BalancingEnergyBids
20260226031-AFRR_P-UNIT_063-1,2026-02-26,aFRR,POS_031,130.0,PROVIDER_TO_GRID,10.0,10.0,SK,ENTSO-E BalancingEnergyBids
20260226031-AFRR_P-UNIT_065-1,2026-02-26,aFRR,POS_031,165.0,PROVIDER_TO_GRID,16.0,16.0,SK,ENTSO-E BalancingEnergyBids
20260226031-AFRR_P-UNIT_068-1,2026-02-26,aFRR,POS_031,162.69,PROVIDER_TO_GRID,5.0,5.0,SK,ENTSO-E BalancingEnergyBids
20260226031-AFRR_P-UNIT_069-1,2026-02-26,aFRR,POS_031,100.0,PROVIDER_TO_GRID,15.0,15.0,SK,ENTSO-E BalancingEnergyBids
20260226031-AFRR_P-UNIT_104-1,2026-02-26,aFRR,POS_031,750.0,PROVIDER_TO_GRID,11.0,11.0,SK,ENTSO-E BalancingEnergyBids
20260226031-AFRR_P-UNIT_106-1,2026-02-26,aFRR,POS_031,300.0,PROVIDER_TO_GRID,1.0,1.0,SK,ENTSO-E BalancingEnergyBids
20260226032-AFRR_N-UNIT_003-1,2026-02-26,aFRR,NEG_032,-5.0,GRID_TO_PROVIDER,7.0,7.0,SK,ENTSO-E BalancingEnergyBids
20260226032-AFRR_N-UNIT_013-1,2026-02-26,aFRR,NEG_032,-20.0,GRID_TO_PROVIDER,30.0,30.0,SK,ENTSO-E BalancingEnergyBids
20260226032-AFRR_N-UNIT_019-1,2026-02-26,aFRR,NEG_032,-199.0,GRID_TO_PROVIDER,1.0,1.0,SK,ENTSO-E BalancingEnergyBids
20260226032-AFRR_N-UNIT_028-1,2026-02-26,aFRR,NEG_032,-0.01,GRID_TO_PROVIDER,10.0,10.0,SK,ENTSO-E BalancingEnergyBids
20260226032-AFRR_N-UNIT_043-1,2026-02-26,aFRR,NEG_032,10.0,GRID_TO_PROVIDER,7.0,7.0,SK,ENTSO-E BalancingEnergyBids
20260226032-AFRR_N-UNIT_052-1,2026-02-26,aFRR,NEG_032,-30.0,GRID_TO_PROVIDER,10.0,10.0,SK,ENTSO-E BalancingEnergyBids
20260226032-AFRR_N-UNIT_058-1,2026-02-26,aFRR,NEG_032,-5.0,GRID_TO_PROVIDER,1.0,1.0,SK,ENTSO-E BalancingEnergyBids
20260226032-AFRR_N-UNIT_062-1,2026-02-26,aFRR,NEG_032,-29.0,GRID_TO_PROVIDER,15.0,15.0,SK,ENTSO-E BalancingEnergyBids
20260226032-AFRR_N-UNIT_068-1,2026-02-26,aFRR,NEG_032,-5.0,GRID_TO_PROVIDER,4.0,4.0,SK,ENTSO-E BalancingEnergyBids
20260226032-AFRR_N-UNIT_069-1,2026-02-26,aFRR,NEG_032,-150.0,GRID_TO_PROVIDER,15.0,15.0,SK,ENTSO-E BalancingEnergyBids
20260226032-AFRR_N-UNIT_089-1,2026-02-26,aFRR,NEG_032,-152.18,GRID_TO_PROVIDER,3.0,3.0,SK,ENTSO-E BalancingEnergyBids
20260226032-AFRR_N-UNIT_097-1,2026-02-26,aFRR,NEG_032,0.0,GRID_TO_PROVIDER,7.0,7.0,SK,ENTSO-E BalancingEnergyBids
20260226032-AFRR_N-UNIT_104-1,2026-02-26,aFRR,NEG_032,20.0,GRID_TO_PROVIDER,4.0,4.0,SK,ENTSO-E BalancingEnergyBids
20260226032-AFRR_N-UNIT_106-1,2026-02-26,aFRR,NEG_032,-19.0,GRID_TO_PROVIDER,1.0,1.0,SK,ENTSO-E BalancingEnergyBids
20260226032-AFRR_P-UNIT_003-1,2026-02-26,aFRR,POS_032,189.0,PROVIDER_TO_GRID,3.0,3.0,SK,ENTSO-E BalancingEnergyBids
20260226032-AFRR_P-UNIT_009-1,2026-02-26,aFRR,POS_032,165.0,PROVIDER_TO_GRID,3.0,3.0,SK,ENTSO-E BalancingEnergyBids
20260226032-AFRR_P-UNIT_019-1,2026-02-26,aFRR,POS_032,251.0,PROVIDER_TO_GRID,1.0,1.0,SK,ENTSO-E BalancingEnergyBids
20260226032-AFRR_P-UNIT_028-1,2026-02-26,aFRR,POS_032,450.0,PROVIDER_TO_GRID,11.0,11.0,SK,ENTSO-E BalancingEnergyBids
20260226032-AFRR_P-UNIT_047-1,2026-02-26,aFRR,POS_032,0.0,PROVIDER_TO_GRID,1.0,1.0,SK,ENTSO-E BalancingEnergyBids
20260226032-AFRR_P-UNIT_052-1,2026-02-26,aFRR,POS_032,140.0,PROVIDER_TO_GRID,23.0,23.0,SK,ENTSO-E BalancingEnergyBids
20260226032-AFRR_P-UNIT_058-1,2026-02-26,aFRR,POS_032,150.94,PROVIDER_TO_GRID,1.0,1.0,SK,ENTSO-E BalancingEnergyBids
20260226032-AFRR_P-UNIT_062-1,2026-02-26,aFRR,POS_032,113.0,PROVIDER_TO_GRID,9.0,9.0,SK,ENTSO-E BalancingEnergyBids
20260226032-AFRR_P-UNIT_063-1,2026-02-26,aFRR,POS_032,130.0,PROVIDER_TO_GRID,10.0,10.0,SK,ENTSO-E BalancingEnergyBids
20260226032-AFRR_P-UNIT_065-1,2026-02-26,aFRR,POS_032,165.0,PROVIDER_TO_GRID,16.0,16.0,SK,ENTSO-E BalancingEnergyBids
20260226032-AFRR_P-UNIT_068-1,2026-02-26,aFRR,POS_032,150.94,PROVIDER_TO_GRID,5.0,5.0,SK,ENTSO-E BalancingEnergyBids
20260226032-AFRR_P-UNIT_069-1,2026-02-26,aFRR,POS_032,100.0,PROVIDER_TO_GRID,15.0,15.0,SK,ENTSO-E BalancingEnergyBids
20260226032-AFRR_P-UNIT_104-1,2026-02-26,aFRR,POS_032,750.0,PROVIDER_TO_GRID,11.0,11.0,SK,ENTSO-E BalancingEnergyBids
20260226032-AFRR_P-UNIT_106-1,2026-02-26,aFRR,POS_032,300.0,PROVIDER_TO_GRID,1.0,1.0,SK,ENTSO-E BalancingEnergyBids
20260226033-AFRR_N-UNIT_003-1,2026-02-26,aFRR,NEG_033,-5.0,GRID_TO_PROVIDER,6.0,6.0,SK,ENTSO-E BalancingEnergyBids
20260226033-AFRR_N-UNIT_013-1,2026-02-26,aFRR,NEG_033,-20.0,GRID_TO_PROVIDER,30.0,30.0,SK,ENTSO-E BalancingEnergyBids
20260226033-AFRR_N-UNIT_019-1,2026-02-26,aFRR,NEG_033,-199.0,GRID_TO_PROVIDER,1.0,1.0,SK,ENTSO-E BalancingEnergyBids
20260226033-AFRR_N-UNIT_028-1,2026-02-26,aFRR,NEG_033,-0.01,GRID_TO_PROVIDER,10.0,10.0,SK,ENTSO-E BalancingEnergyBids
20260226033-AFRR_N-UNIT_043-1,2026-02-26,aFRR,NEG_033,10.0,GRID_TO_PROVIDER,7.0,7.0,SK,ENTSO-E BalancingEnergyBids
20260226033-AFRR_N-UNIT_052-1,2026-02-26,aFRR,NEG_033,-30.0,GRID_TO_PROVIDER,10.0,10.0,SK,ENTSO-E BalancingEnergyBids
20260226033-AFRR_N-UNIT_058-1,2026-02-26,aFRR,NEG_033,-5.0,GRID_TO_PROVIDER,1.0,1.0,SK,ENTSO-E BalancingEnergyBids
20260226033-AFRR_N-UNIT_062-1,2026-02-26,aFRR,NEG_033,-29.0,GRID_TO_PROVIDER,15.0,15.0,SK,ENTSO-E BalancingEnergyBids
20260226033-AFRR_N-UNIT_068-1,2026-02-26,aFRR,NEG_033,-5.0,GRID_TO_PROVIDER,4.0,4.0,SK,ENTSO-E BalancingEnergyBids
20260226033-AFRR_N-UNIT_069-1,2026-02-26,aFRR,NEG_033,-150.0,GRID_TO_PROVIDER,15.0,15.0,SK,ENTSO-E BalancingEnergyBids
20260226033-AFRR_N-UNIT_089-1,2026-02-26,aFRR,NEG_033,-148.34,GRID_TO_PROVIDER,3.0,3.0,SK,ENTSO-E BalancingEnergyBids
20260226033-AFRR_N-UNIT_097-1,2026-02-26,aFRR,NEG_033,0.0,GRID_TO_PROVIDER,7.0,7.0,SK,ENTSO-E BalancingEnergyBids
20260226033-AFRR_N-UNIT_104-1,2026-02-26,aFRR,NEG_033,20.0,GRID_TO_PROVIDER,4.0,4.0,SK,ENTSO-E BalancingEnergyBids
20260226033-AFRR_N-UNIT_106-1,2026-02-26,aFRR,NEG_033,-19.0,GRID_TO_PROVIDER,1.0,1.0,SK,ENTSO-E BalancingEnergyBids
20260226033-AFRR_P-UNIT_003-1,2026-02-26,aFRR,POS_033,189.0,PROVIDER_TO_GRID,4.0,4.0,SK,ENTSO-E BalancingEnergyBids
20260226033-AFRR_P-UNIT_009-1,2026-02-26,aFRR,POS_033,165.0,PROVIDER_TO_GRID,3.0,3.0,SK,ENTSO-E BalancingEnergyBids
20260226033-AFRR_P-UNIT_019-1,2026-02-26,aFRR,POS_033,251.0,PROVIDER_TO_GRID,1.0,1.0,SK,ENTSO-E BalancingEnergyBids
20260226033-AFRR_P-UNIT_028-1,2026-02-26,aFRR,POS_033,450.0,PROVIDER_TO_GRID,11.0,11.0,SK,ENTSO-E BalancingEnergyBids
20260226033-AFRR_P-UNIT_047-1,2026-02-26,aFRR,POS_033,0.0,PROVIDER_TO_GRID,1.0,1.0,SK,ENTSO-E BalancingEnergyBids
20260226033-AFRR_P-UNIT_052-1,2026-02-26,aFRR,POS_033,135.0,PROVIDER_TO_GRID,23.0,23.0,SK,ENTSO-E BalancingEnergyBids
20260226033-AFRR_P-UNIT_058-1,2026-02-26,aFRR,POS_033,156.32,PROVIDER_TO_GRID,1.0,1.0,SK,ENTSO-E BalancingEnergyBids
20260226033-AFRR_P-UNIT_062-1,2026-02-26,aFRR,POS_033,117.0,PROVIDER_TO_GRID,9.0,9.0,SK,ENTSO-E BalancingEnergyBids
20260226033-AFRR_P-UNIT_063-1,2026-02-26,aFRR,POS_033,130.0,PROVIDER_TO_GRID,10.0,10.0,SK,ENTSO-E BalancingEnergyBids
20260226033-AFRR_P-UNIT_065-1,2026-02-26,aFRR,POS_033,165.0,PROVIDER_TO_GRID,16.0,16.0,SK,ENTSO-E BalancingEnergyBids
20260226033-AFRR_P-UNIT_068-1,2026-02-26,aFRR,POS_033,156.32,PROVIDER_TO_GRID,5.0,5.0,SK,ENTSO-E BalancingEnergyBids
20260226033-AFRR_P-UNIT_069-1,2026-02-26,aFRR,POS_033,100.0,PROVIDER_TO_GRID,15.0,15.0,SK,ENTSO-E BalancingEnergyBids
20260226033-AFRR_P-UNIT_104-1,2026-02-26,aFRR,POS_033,750.0,PROVIDER_TO_GRID,11.0,11.0,SK,ENTSO-E BalancingEnergyBids
20260226033-AFRR_P-UNIT_106-1,2026-02-26,aFRR,POS_033,300.0,PROVIDER_TO_GRID,1.0,1.0,SK,ENTSO-E BalancingEnergyBids
20260226034-AFRR_N-UNIT_003-1,2026-02-26,aFRR,NEG_034,-5.0,GRID_TO_PROVIDER,6.0,6.0,SK,ENTSO-E BalancingEnergyBids
20260226034-AFRR_N-UNIT_013-1,2026-02-26,aFRR,NEG_034,-20.0,GRID_TO_PROVIDER,30.0,30.0,SK,ENTSO-E BalancingEnergyBids
20260226034-AFRR_N-UNIT_019-1,2026-02-26,aFRR,NEG_034,-199.0,GRID_TO_PROVIDER,1.0,1.0,SK,ENTSO-E BalancingEnergyBids
20260226034-AFRR_N-UNIT_028-1,2026-02-26,aFRR,NEG_034,-0.01,GRID_TO_PROVIDER,10.0,10.0,SK,ENTSO-E BalancingEnergyBids
20260226034-AFRR_N-UNIT_043-1,2026-02-26,aFRR,NEG_034,10.0,GRID_TO_PROVIDER,7.0,7.0,SK,ENTSO-E BalancingEnergyBids
20260226034-AFRR_N-UNIT_052-1,2026-02-26,aFRR,NEG_034,-30.0,GRID_TO_PROVIDER,10.0,10.0,SK,ENTSO-E BalancingEnergyBids
20260226034-AFRR_N-UNIT_058-1,2026-02-26,aFRR,NEG_034,-5.0,GRID_TO_PROVIDER,1.0,1.0,SK,ENTSO-E BalancingEnergyBids
20260226034-AFRR_N-UNIT_062-1,2026-02-26,aFRR,NEG_034,-29.0,GRID_TO_PROVIDER,15.0,15.0,SK,ENTSO-E BalancingEnergyBids
20260226034-AFRR_N-UNIT_068-1,2026-02-26,aFRR,NEG_034,-5.0,GRID_TO_PROVIDER,4.0,4.0,SK,ENTSO-E BalancingEnergyBids
20260226034-AFRR_N-UNIT_069-1,2026-02-26,aFRR,NEG_034,-150.0,GRID_TO_PROVIDER,15.0,15.0,SK,ENTSO-E BalancingEnergyBids
20260226034-AFRR_N-UNIT_089-1,2026-02-26,aFRR,NEG_034,-153.61,GRID_TO_PROVIDER,3.0,3.0,SK,ENTSO-E BalancingEnergyBids
20260226034-AFRR_N-UNIT_097-1,2026-02-26,aFRR,NEG_034,0.0,GRID_TO_PROVIDER,7.0,7.0,SK,ENTSO-E BalancingEnergyBids
20260226034-AFRR_N-UNIT_104-1,2026-02-26,aFRR,NEG_034,20.0,GRID_TO_PROVIDER,4.0,4.0,SK,ENTSO-E BalancingEnergyBids
20260226034-AFRR_N-UNIT_106-1,2026-02-26,aFRR,NEG_034,-19.0,GRID_TO_PROVIDER,1.0,1.0,SK,ENTSO-E BalancingEnergyBids
20260226034-AFRR_P-UNIT_003-1,2026-02-26,aFRR,POS_034,189.0,PROVIDER_TO_GRID,4.0,4.0,SK,ENTSO-E BalancingEnergyBids
20260226034-AFRR_P-UNIT_009-1,2026-02-26,aFRR,POS_034,165.0,PROVIDER_TO_GRID,3.0,3.0,SK,ENTSO-E BalancingEnergyBids
20260226034-AFRR_P-UNIT_019-1,2026-02-26,aFRR,POS_034,251.0,PROVIDER_TO_GRID,1.0,1.0,SK,ENTSO-E BalancingEnergyBids
20260226034-AFRR_P-UNIT_028-1,2026-02-26,aFRR,POS_034,450.0,PROVIDER_TO_GRID,11.0,11.0,SK,ENTSO-E BalancingEnergyBids
20260226034-AFRR_P-UNIT_047-1,2026-02-26,aFRR,POS_034,0.0,PROVIDER_TO_GRID,1.0,1.0,SK,ENTSO-E BalancingEnergyBids
20260226034-AFRR_P-UNIT_052-1,2026-02-26,aFRR,POS_034,135.0,PROVIDER_TO_GRID,23.0,23.0,SK,ENTSO-E BalancingEnergyBids
20260226034-AFRR_P-UNIT_058-1,2026-02-26,aFRR,POS_034,148.94,PROVIDER_TO_GRID,1.0,1.0,SK,ENTSO-E BalancingEnergyBids
20260226034-AFRR_P-UNIT_062-1,2026-02-26,aFRR,POS_034,112.0,PROVIDER_TO_GRID,9.0,9.0,SK,ENTSO-E BalancingEnergyBids
20260226034-AFRR_P-UNIT_063-1,2026-02-26,aFRR,POS_034,130.0,PROVIDER_TO_GRID,10.0,10.0,SK,ENTSO-E BalancingEnergyBids
20260226034-AFRR_P-UNIT_065-1,2026-02-26,aFRR,POS_034,165.0,PROVIDER_TO_GRID,16.0,16.0,SK,ENTSO-E BalancingEnergyBids
20260226034-AFRR_P-UNIT_068-1,2026-02-26,aFRR,POS_034,148.94,PROVIDER_TO_GRID,5.0,5.0,SK,ENTSO-E BalancingEnergyBids
20260226034-AFRR_P-UNIT_069-1,2026-02-26,aFRR,POS_034,100.0,PROVIDER_TO_GRID,15.0,15.0,SK,ENTSO-E BalancingEnergyBids
20260226034-AFRR_P-UNIT_104-1,2026-02-26,aFRR,POS_034,750.0,PROVIDER_TO_GRID,11.0,11.0,SK,ENTSO-E BalancingEnergyBids
20260226034-AFRR_P-UNIT_106-1,2026-02-26,aFRR,POS_034,300.0,PROVIDER_TO_GRID,1.0,1.0,SK,ENTSO-E BalancingEnergyBids
20260226037-AFRR_N-UNIT_003-1,2026-02-26,aFRR,NEG_037,-5.0,GRID_TO_PROVIDER,5.0,5.0,SK,ENTSO-E BalancingEnergyBids
20260226037-AFRR_N-UNIT_013-1,2026-02-26,aFRR,NEG_037,-20.0,GRID_TO_PROVIDER,30.0,30.0,SK,ENTSO-E BalancingEnergyBids
20260226037-AFRR_N-UNIT_019-1,2026-02-26,aFRR,NEG_037,-199.0,GRID_TO_PROVIDER,1.0,1.0,SK,ENTSO-E BalancingEnergyBids
20260226037-AFRR_N-UNIT_028-1,2026-02-26,aFRR,NEG_037,-0.01,GRID_TO_PROVIDER,10.0,10.0,SK,ENTSO-E BalancingEnergyBids
20260226037-AFRR_N-UNIT_043-1,2026-02-26,aFRR,NEG_037,10.0,GRID_TO_PROVIDER,7.0,7.0,SK,ENTSO-E BalancingEnergyBids
20260226037-AFRR_N-UNIT_052-1,2026-02-26,aFRR,NEG_037,-30.0,GRID_TO_PROVIDER,10.0,10.0,SK,ENTSO-E BalancingEnergyBids
20260226037-AFRR_N-UNIT_058-1,2026-02-26,aFRR,NEG_037,-5.0,GRID_TO_PROVIDER,1.0,1.0,SK,ENTSO-E BalancingEnergyBids
20260226037-AFRR_N-UNIT_062-1,2026-02-26,aFRR,NEG_037,-29.0,GRID_TO_PROVIDER,15.0,15.0,SK,ENTSO-E BalancingEnergyBids
20260226037-AFRR_N-UNIT_068-1,2026-02-26,aFRR,NEG_037,-50.0,GRID_TO_PROVIDER,4.0,4.0,SK,ENTSO-E BalancingEnergyBids
20260226037-AFRR_N-UNIT_069-1,2026-02-26,aFRR,NEG_037,-250.0,GRID_TO_PROVIDER,15.0,15.0,SK,ENTSO-E BalancingEnergyBids
20260226037-AFRR_N-UNIT_089-1,2026-02-26,aFRR,NEG_037,-152.47,GRID_TO_PROVIDER,3.0,3.0,SK,ENTSO-E BalancingEnergyBids
20260226037-AFRR_N-UNIT_097-1,2026-02-26,aFRR,NEG_037,0.0,GRID_TO_PROVIDER,7.0,7.0,SK,ENTSO-E BalancingEnergyBids
20260226037-AFRR_N-UNIT_104-1,2026-02-26,aFRR,NEG_037,20.0,GRID_TO_PROVIDER,4.0,4.0,SK,ENTSO-E BalancingEnergyBids
20260226037-AFRR_N-UNIT_106-1,2026-02-26,aFRR,NEG_037,-19.0,GRID_TO_PROVIDER,1.0,1.0,SK,ENTSO-E BalancingEnergyBids
20260226037-AFRR_P-UNIT_003-1,2026-02-26,aFRR,POS_037,189.0,PROVIDER_TO_GRID,5.0,5.0,SK,ENTSO-E BalancingEnergyBids
20260226037-AFRR_P-UNIT_009-1,2026-02-26,aFRR,POS_037,165.0,PROVIDER_TO_GRID,3.0,3.0,SK,ENTSO-E BalancingEnergyBids
20260226037-AFRR_P-UNIT_019-1,2026-02-26,aFRR,POS_037,251.0,PROVIDER_TO_GRID,1.0,1.0,SK,ENTSO-E BalancingEnergyBids
20260226037-AFRR_P-UNIT_028-1,2026-02-26,aFRR,POS_037,500.0,PROVIDER_TO_GRID,14.0,14.0,SK,ENTSO-E BalancingEnergyBids
20260226037-AFRR_P-UNIT_047-1,2026-02-26,aFRR,POS_037,0.0,PROVIDER_TO_GRID,1.0,1.0,SK,ENTSO-E BalancingEnergyBids
20260226037-AFRR_P-UNIT_052-1,2026-02-26,aFRR,POS_037,140.0,PROVIDER_TO_GRID,23.0,23.0,SK,ENTSO-E BalancingEnergyBids
20260226037-AFRR_P-UNIT_058-1,2026-02-26,aFRR,POS_037,150.54,PROVIDER_TO_GRID,1.0,1.0,SK,ENTSO-E BalancingEnergyBids
20260226037-AFRR_P-UNIT_062-1,2026-02-26,aFRR,POS_037,113.0,PROVIDER_TO_GRID,9.0,9.0,SK,ENTSO-E BalancingEnergyBids
20260226037-AFRR_P-UNIT_063-1,2026-02-26,aFRR,POS_037,130.0,PROVIDER_TO_GRID,10.0,10.0,SK,ENTSO-E BalancingEnergyBids
20260226037-AFRR_P-UNIT_068-1,2026-02-26,aFRR,POS_037,300.0,PROVIDER_TO_GRID,6.0,6.0,SK,ENTSO-E BalancingEnergyBids
20260226037-AFRR_P-UNIT_069-1,2026-02-26,aFRR,POS_037,100.0,PROVIDER_TO_GRID,15.0,15.0,SK,ENTSO-E BalancingEnergyBids
20260226037-AFRR_P-UNIT_104-1,2026-02-26,aFRR,POS_037,750.0,PROVIDER_TO_GRID,11.0,11.0,SK,ENTSO-E BalancingEnergyBids
20260226037-AFRR_P-UNIT_106-1,2026-02-26,aFRR,POS_037,300.0,PROVIDER_TO_GRID,1.0,1.0,SK,ENTSO-E BalancingEnergyBids
20260226038-AFRR_N-UNIT_003-1,2026-02-26,aFRR,NEG_038,-5.0,GRID_TO_PROVIDER,5.0,5.0,SK,ENTSO-E BalancingEnergyBids
20260226038-AFRR_N-UNIT_013-1,2026-02-26,aFRR,NEG_038,-20.0,GRID_TO_PROVIDER,30.0,30.0,SK,ENTSO-E BalancingEnergyBids
20260226038-AFRR_N-UNIT_019-1,2026-02-26,aFRR,NEG_038,-199.0,GRID_TO_PROVIDER,1.0,1.0,SK,ENTSO-E BalancingEnergyBids
20260226038-AFRR_N-UNIT_028-1,2026-02-26,aFRR,NEG_038,-0.01,GRID_TO_PROVIDER,10.0,10.0,SK,ENTSO-E BalancingEnergyBids
20260226038-AFRR_N-UNIT_043-1,2026-02-26,aFRR,NEG_038,10.0,GRID_TO_PROVIDER,7.0,7.0,SK,ENTSO-E BalancingEnergyBids
20260226038-AFRR_N-UNIT_052-1,2026-02-26,aFRR,NEG_038,-30.0,GRID_TO_PROVIDER,10.0,10.0,SK,ENTSO-E BalancingEnergyBids
20260226038-AFRR_N-UNIT_058-1,2026-02-26,aFRR,NEG_038,-5.0,GRID_TO_PROVIDER,1.0,1.0,SK,ENTSO-E BalancingEnergyBids
20260226038-AFRR_N-UNIT_062-1,2026-02-26,aFRR,NEG_038,-29.0,GRID_TO_PROVIDER,15.0,15.0,SK,ENTSO-E BalancingEnergyBids
20260226038-AFRR_N-UNIT_068-1,2026-02-26,aFRR,NEG_038,-50.0,GRID_TO_PROVIDER,4.0,4.0,SK,ENTSO-E BalancingEnergyBids
20260226038-AFRR_N-UNIT_069-1,2026-02-26,aFRR,NEG_038,-250.0,GRID_TO_PROVIDER,15.0,15.0,SK,ENTSO-E BalancingEnergyBids
20260226038-AFRR_N-UNIT_089-1,2026-02-26,aFRR,NEG_038,-163.23,GRID_TO_PROVIDER,3.0,3.0,SK,ENTSO-E BalancingEnergyBids
20260226038-AFRR_N-UNIT_097-1,2026-02-26,aFRR,NEG_038,0.0,GRID_TO_PROVIDER,7.0,7.0,SK,ENTSO-E BalancingEnergyBids
20260226038-AFRR_N-UNIT_104-1,2026-02-26,aFRR,NEG_038,20.0,GRID_TO_PROVIDER,4.0,4.0,SK,ENTSO-E BalancingEnergyBids
20260226038-AFRR_N-UNIT_106-1,2026-02-26,aFRR,NEG_038,-19.0,GRID_TO_PROVIDER,1.0,1.0,SK,ENTSO-E BalancingEnergyBids
20260226038-AFRR_P-UNIT_003-1,2026-02-26,aFRR,POS_038,189.0,PROVIDER_TO_GRID,5.0,5.0,SK,ENTSO-E BalancingEnergyBids
20260226038-AFRR_P-UNIT_009-1,2026-02-26,aFRR,POS_038,165.0,PROVIDER_TO_GRID,3.0,3.0,SK,ENTSO-E BalancingEnergyBids
20260226038-AFRR_P-UNIT_019-1,2026-02-26,aFRR,POS_038,251.0,PROVIDER_TO_GRID,1.0,1.0,SK,ENTSO-E BalancingEnergyBids
20260226038-AFRR_P-UNIT_028-1,2026-02-26,aFRR,POS_038,500.0,PROVIDER_TO_GRID,14.0,14.0,SK,ENTSO-E BalancingEnergyBids
20260226038-AFRR_P-UNIT_047-1,2026-02-26,aFRR,POS_038,0.0,PROVIDER_TO_GRID,1.0,1.0,SK,ENTSO-E BalancingEnergyBids
20260226038-AFRR_P-UNIT_052-1,2026-02-26,aFRR,POS_038,140.0,PROVIDER_TO_GRID,23.0,23.0,SK,ENTSO-E BalancingEnergyBids
20260226038-AFRR_P-UNIT_058-1,2026-02-26,aFRR,POS_038,135.47,PROVIDER_TO_GRID,1.0,1.0,SK,ENTSO-E BalancingEnergyBids
20260226038-AFRR_P-UNIT_062-1,2026-02-26,aFRR,POS_038,117.0,PROVIDER_TO_GRID,9.0,9.0,SK,ENTSO-E BalancingEnergyBids
20260226038-AFRR_P-UNIT_063-1,2026-02-26,aFRR,POS_038,130.0,PROVIDER_TO_GRID,10.0,10.0,SK,ENTSO-E BalancingEnergyBids
20260226038-AFRR_P-UNIT_068-1,2026-02-26,aFRR,POS_038,300.0,PROVIDER_TO_GRID,6.0,6.0,SK,ENTSO-E BalancingEnergyBids
20260226038-AFRR_P-UNIT_069-1,2026-02-26,aFRR,POS_038,100.0,PROVIDER_TO_GRID,15.0,15.0,SK,ENTSO-E BalancingEnergyBids
20260226038-AFRR_P-UNIT_104-1,2026-02-26,aFRR,POS_038,750.0,PROVIDER_TO_GRID,11.0,11.0,SK,ENTSO-E BalancingEnergyBids
20260226038-AFRR_P-UNIT_106-1,2026-02-26,aFRR,POS_038,300.0,PROVIDER_TO_GRID,1.0,1.0,SK,ENTSO-E BalancingEnergyBids
20260226039-AFRR_N-UNIT_003-1,2026-02-26,aFRR,NEG_039,-5.0,GRID_TO_PROVIDER,5.0,5.0,SK,ENTSO-E BalancingEnergyBids
20260226039-AFRR_N-UNIT_013-1,2026-02-26,aFRR,NEG_039,-20.0,GRID_TO_PROVIDER,30.0,30.0,SK,ENTSO-E BalancingEnergyBids
20260226039-AFRR_N-UNIT_019-1,2026-02-26,aFRR,NEG_039,-199.0,GRID_TO_PROVIDER,1.0,1.0,SK,ENTSO-E BalancingEnergyBids
20260226039-AFRR_N-UNIT_028-1,2026-02-26,aFRR,NEG_039,-0.01,GRID_TO_PROVIDER,10.0,10.0,SK,ENTSO-E BalancingEnergyBids
20260226039-AFRR_N-UNIT_043-1,2026-02-26,aFRR,NEG_039,10.0,GRID_TO_PROVIDER,7.0,7.0,SK,ENTSO-E BalancingEnergyBids
20260226039-AFRR_N-UNIT_052-1,2026-02-26,aFRR,NEG_039,-30.0,GRID_TO_PROVIDER,10.0,10.0,SK,ENTSO-E BalancingEnergyBids
20260226039-AFRR_N-UNIT_058-1,2026-02-26,aFRR,NEG_039,-5.0,GRID_TO_PROVIDER,1.0,1.0,SK,ENTSO-E BalancingEnergyBids
20260226039-AFRR_N-UNIT_062-1,2026-02-26,aFRR,NEG_039,-29.0,GRID_TO_PROVIDER,15.0,15.0,SK,ENTSO-E BalancingEnergyBids
20260226039-AFRR_N-UNIT_068-1,2026-02-26,aFRR,NEG_039,-50.0,GRID_TO_PROVIDER,4.0,4.0,SK,ENTSO-E BalancingEnergyBids
20260226039-AFRR_N-UNIT_069-1,2026-02-26,aFRR,NEG_039,-250.0,GRID_TO_PROVIDER,15.0,15.0,SK,ENTSO-E BalancingEnergyBids
20260226039-AFRR_N-UNIT_089-1,2026-02-26,aFRR,NEG_039,-180.3,GRID_TO_PROVIDER,3.0,3.0,SK,ENTSO-E BalancingEnergyBids
20260226039-AFRR_N-UNIT_097-1,2026-02-26,aFRR,NEG_039,0.0,GRID_TO_PROVIDER,7.0,7.0,SK,ENTSO-E BalancingEnergyBids
20260226039-AFRR_N-UNIT_104-1,2026-02-26,aFRR,NEG_039,-20.0,GRID_TO_PROVIDER,4.0,4.0,SK,ENTSO-E BalancingEnergyBids
20260226039-AFRR_N-UNIT_106-1,2026-02-26,aFRR,NEG_039,-19.0,GRID_TO_PROVIDER,1.0,1.0,SK,ENTSO-E BalancingEnergyBids
20260226039-AFRR_P-UNIT_003-1,2026-02-26,aFRR,POS_039,189.0,PROVIDER_TO_GRID,5.0,5.0,SK,ENTSO-E BalancingEnergyBids
20260226039-AFRR_P-UNIT_009-1,2026-02-26,aFRR,POS_039,165.0,PROVIDER_TO_GRID,3.0,3.0,SK,ENTSO-E BalancingEnergyBids
20260226039-AFRR_P-UNIT_019-1,2026-02-26,aFRR,POS_039,251.0,PROVIDER_TO_GRID,1.0,1.0,SK,ENTSO-E BalancingEnergyBids
20260226039-AFRR_P-UNIT_028-1,2026-02-26,aFRR,POS_039,500.0,PROVIDER_TO_GRID,14.0,14.0,SK,ENTSO-E BalancingEnergyBids
20260226039-AFRR_P-UNIT_047-1,2026-02-26,aFRR,POS_039,0.0,PROVIDER_TO_GRID,1.0,1.0,SK,ENTSO-E BalancingEnergyBids
20260226039-AFRR_P-UNIT_052-1,2026-02-26,aFRR,POS_039,140.0,PROVIDER_TO_GRID,23.0,23.0,SK,ENTSO-E BalancingEnergyBids
20260226039-AFRR_P-UNIT_058-1,2026-02-26,aFRR,POS_039,132.0,PROVIDER_TO_GRID,1.0,1.0,SK,ENTSO-E BalancingEnergyBids
20260226039-AFRR_P-UNIT_062-1,2026-02-26,aFRR,POS_039,100.0,PROVIDER_TO_GRID,9.0,9.0,SK,ENTSO-E BalancingEnergyBids
20260226039-AFRR_P-UNIT_063-1,2026-02-26,aFRR,POS_039,130.0,PROVIDER_TO_GRID,10.0,10.0,SK,ENTSO-E BalancingEnergyBids
20260226039-AFRR_P-UNIT_068-1,2026-02-26,aFRR,POS_039,300.0,PROVIDER_TO_GRID,6.0,6.0,SK,ENTSO-E BalancingEnergyBids
20260226039-AFRR_P-UNIT_069-1,2026-02-26,aFRR,POS_039,100.0,PROVIDER_TO_GRID,15.0,15.0,SK,ENTSO-E BalancingEnergyBids
20260226039-AFRR_P-UNIT_104-1,2026-02-26,aFRR,POS_039,750.0,PROVIDER_TO_GRID,11.0,11.0,SK,ENTSO-E BalancingEnergyBids
20260226039-AFRR_P-UNIT_106-1,2026-02-26,aFRR,POS_039,300.0,PROVIDER_TO_GRID,1.0,1.0,SK,ENTSO-E BalancingEnergyBids
20260226041-AFRR_N-UNIT_003-1,2026-02-26,aFRR,NEG_041,-5.0,GRID_TO_PROVIDER,5.0,5.0,SK,ENTSO-E BalancingEnergyBids
20260226041-AFRR_N-UNIT_013-1,2026-02-26,aFRR,NEG_041,-20.0,GRID_TO_PROVIDER,30.0,30.0,SK,ENTSO-E BalancingEnergyBids
20260226041-AFRR_N-UNIT_019-1,2026-02-26,aFRR,NEG_041,-199.0,GRID_TO_PROVIDER,1.0,1.0,SK,ENTSO-E BalancingEnergyBids
20260226041-AFRR_N-UNIT_028-1,2026-02-26,aFRR,NEG_041,-50.0,GRID_TO_PROVIDER,10.0,10.0,SK,ENTSO-E BalancingEnergyBids
20260226041-AFRR_N-UNIT_043-1,2026-02-26,aFRR,NEG_041,10.0,GRID_TO_PROVIDER,7.0,7.0,SK,ENTSO-E BalancingEnergyBids
20260226041-AFRR_N-UNIT_052-1,2026-02-26,aFRR,NEG_041,-30.0,GRID_TO_PROVIDER,10.0,10.0,SK,ENTSO-E BalancingEnergyBids
20260226041-AFRR_N-UNIT_058-1,2026-02-26,aFRR,NEG_041,-5.0,GRID_TO_PROVIDER,1.0,1.0,SK,ENTSO-E BalancingEnergyBids
20260226041-AFRR_N-UNIT_062-1,2026-02-26,aFRR,NEG_041,-29.0,GRID_TO_PROVIDER,13.0,13.0,SK,ENTSO-E BalancingEnergyBids
20260226041-AFRR_N-UNIT_068-1,2026-02-26,aFRR,NEG_041,-50.0,GRID_TO_PROVIDER,4.0,4.0,SK,ENTSO-E BalancingEnergyBids
20260226041-AFRR_N-UNIT_069-1,2026-02-26,aFRR,NEG_041,-250.0,GRID_TO_PROVIDER,15.0,15.0,SK,ENTSO-E BalancingEnergyBids
20260226041-AFRR_N-UNIT_089-1,2026-02-26,aFRR,NEG_041,-177.68,GRID_TO_PROVIDER,3.0,3.0,SK,ENTSO-E BalancingEnergyBids
20260226041-AFRR_N-UNIT_104-1,2026-02-26,aFRR,NEG_041,-20.0,GRID_TO_PROVIDER,4.0,4.0,SK,ENTSO-E BalancingEnergyBids
20260226041-AFRR_N-UNIT_106-1,2026-02-26,aFRR,NEG_041,-19.0,GRID_TO_PROVIDER,1.0,1.0,SK,ENTSO-E BalancingEnergyBids
20260226041-AFRR_P-UNIT_003-1,2026-02-26,aFRR,POS_041,189.0,PROVIDER_TO_GRID,5.0,5.0,SK,ENTSO-E BalancingEnergyBids
20260226041-AFRR_P-UNIT_009-1,2026-02-26,aFRR,POS_041,165.0,PROVIDER_TO_GRID,3.0,3.0,SK,ENTSO-E BalancingEnergyBids
20260226041-AFRR_P-UNIT_019-1,2026-02-26,aFRR,POS_041,251.0,PROVIDER_TO_GRID,1.0,1.0,SK,ENTSO-E BalancingEnergyBids
20260226041-AFRR_P-UNIT_028-1,2026-02-26,aFRR,POS_041,400.0,PROVIDER_TO_GRID,11.0,11.0,SK,ENTSO-E BalancingEnergyBids
20260226041-AFRR_P-UNIT_043-1,2026-02-26,aFRR,POS_041,102.0,PROVIDER_TO_GRID,1.0,1.0,SK,ENTSO-E BalancingEnergyBids
20260226041-AFRR_P-UNIT_047-1,2026-02-26,aFRR,POS_041,0.0,PROVIDER_TO_GRID,1.0,1.0,SK,ENTSO-E BalancingEnergyBids
20260226041-AFRR_P-UNIT_052-1,2026-02-26,aFRR,POS_041,135.0,PROVIDER_TO_GRID,23.0,23.0,SK,ENTSO-E BalancingEnergyBids
20260226041-AFRR_P-UNIT_058-1,2026-02-26,aFRR,POS_041,132.0,PROVIDER_TO_GRID,1.0,1.0,SK,ENTSO-E BalancingEnergyBids
20260226041-AFRR_P-UNIT_062-1,2026-02-26,aFRR,POS_041,102.0,PROVIDER_TO_GRID,9.0,9.0,SK,ENTSO-E BalancingEnergyBids
20260226041-AFRR_P-UNIT_063-1,2026-02-26,aFRR,POS_041,130.0,PROVIDER_TO_GRID,10.0,10.0,SK,ENTSO-E BalancingEnergyBids
20260226041-AFRR_P-UNIT_068-1,2026-02-26,aFRR,POS_041,300.0,PROVIDER_TO_GRID,10.0,10.0,SK,ENTSO-E BalancingEnergyBids
20260226041-AFRR_P-UNIT_069-1,2026-02-26,aFRR,POS_041,100.0,PROVIDER_TO_GRID,15.0,15.0,SK,ENTSO-E BalancingEnergyBids
20260226041-AFRR_P-UNIT_097-1,2026-02-26,aFRR,POS_041,165.0,PROVIDER_TO_GRID,7.0,7.0,SK,ENTSO-E BalancingEnergyBids
20260226041-AFRR_P-UNIT_104-1,2026-02-26,aFRR,POS_041,750.0,PROVIDER_TO_GRID,11.0,11.0,SK,ENTSO-E BalancingEnergyBids
20260226041-AFRR_P-UNIT_106-1,2026-02-26,aFRR,POS_041,300.0,PROVIDER_TO_GRID,1.0,1.0,SK,ENTSO-E BalancingEnergyBids
20260226042-AFRR_N-UNIT_003-1,2026-02-26,aFRR,NEG_042,-5.0,GRID_TO_PROVIDER,5.0,5.0,SK,ENTSO-E BalancingEnergyBids
20260226042-AFRR_N-UNIT_013-1,2026-02-26,aFRR,NEG_042,-20.0,GRID_TO_PROVIDER,30.0,30.0,SK,ENTSO-E BalancingEnergyBids
20260226042-AFRR_N-UNIT_019-1,2026-02-26,aFRR,NEG_042,-199.0,GRID_TO_PROVIDER,1.0,1.0,SK,ENTSO-E BalancingEnergyBids
20260226042-AFRR_N-UNIT_028-1,2026-02-26,aFRR,NEG_042,-150.0,GRID_TO_PROVIDER,10.0,10.0,SK,ENTSO-E BalancingEnergyBids
20260226042-AFRR_N-UNIT_043-1,2026-02-26,aFRR,NEG_042,10.0,GRID_TO_PROVIDER,7.0,7.0,SK,ENTSO-E BalancingEnergyBids
20260226042-AFRR_N-UNIT_052-1,2026-02-26,aFRR,NEG_042,-30.0,GRID_TO_PROVIDER,10.0,10.0,SK,ENTSO-E BalancingEnergyBids
20260226042-AFRR_N-UNIT_058-1,2026-02-26,aFRR,NEG_042,-5.0,GRID_TO_PROVIDER,1.0,1.0,SK,ENTSO-E BalancingEnergyBids
20260226042-AFRR_N-UNIT_062-1,2026-02-26,aFRR,NEG_042,-29.0,GRID_TO_PROVIDER,13.0,13.0,SK,ENTSO-E BalancingEnergyBids
20260226042-AFRR_N-UNIT_068-1,2026-02-26,aFRR,NEG_042,-150.0,GRID_TO_PROVIDER,4.0,4.0,SK,ENTSO-E BalancingEnergyBids
20260226042-AFRR_N-UNIT_069-1,2026-02-26,aFRR,NEG_042,-250.0,GRID_TO_PROVIDER,15.0,15.0,SK,ENTSO-E BalancingEnergyBids
20260226042-AFRR_N-UNIT_089-1,2026-02-26,aFRR,NEG_042,-182.65,GRID_TO_PROVIDER,3.0,3.0,SK,ENTSO-E BalancingEnergyBids
20260226042-AFRR_N-UNIT_104-1,2026-02-26,aFRR,NEG_042,-20.0,GRID_TO_PROVIDER,4.0,4.0,SK,ENTSO-E BalancingEnergyBids
20260226042-AFRR_N-UNIT_106-1,2026-02-26,aFRR,NEG_042,-19.0,GRID_TO_PROVIDER,1.0,1.0,SK,ENTSO-E BalancingEnergyBids
20260226042-AFRR_P-UNIT_003-1,2026-02-26,aFRR,POS_042,189.0,PROVIDER_TO_GRID,5.0,5.0,SK,ENTSO-E BalancingEnergyBids
20260226042-AFRR_P-UNIT_009-1,2026-02-26,aFRR,POS_042,165.0,PROVIDER_TO_GRID,3.0,3.0,SK,ENTSO-E BalancingEnergyBids
20260226042-AFRR_P-UNIT_019-1,2026-02-26,aFRR,POS_042,251.0,PROVIDER_TO_GRID,1.0,1.0,SK,ENTSO-E BalancingEnergyBids
20260226042-AFRR_P-UNIT_028-1,2026-02-26,aFRR,POS_042,400.0,PROVIDER_TO_GRID,11.0,11.0,SK,ENTSO-E BalancingEnergyBids
20260226042-AFRR_P-UNIT_043-1,2026-02-26,aFRR,POS_042,97.0,PROVIDER_TO_GRID,1.0,1.0,SK,ENTSO-E BalancingEnergyBids
20260226042-AFRR_P-UNIT_047-1,2026-02-26,aFRR,POS_042,0.0,PROVIDER_TO_GRID,1.0,1.0,SK,ENTSO-E BalancingEnergyBids
20260226042-AFRR_P-UNIT_052-1,2026-02-26,aFRR,POS_042,135.0,PROVIDER_TO_GRID,23.0,23.0,SK,ENTSO-E BalancingEnergyBids
20260226042-AFRR_P-UNIT_058-1,2026-02-26,aFRR,POS_042,132.0,PROVIDER_TO_GRID,1.0,1.0,SK,ENTSO-E BalancingEnergyBids
20260226042-AFRR_P-UNIT_062-1,2026-02-26,aFRR,POS_042,599.0,PROVIDER_TO_GRID,9.0,9.0,SK,ENTSO-E BalancingEnergyBids
20260226042-AFRR_P-UNIT_063-1,2026-02-26,aFRR,POS_042,130.0,PROVIDER_TO_GRID,10.0,10.0,SK,ENTSO-E BalancingEnergyBids
20260226042-AFRR_P-UNIT_068-1,2026-02-26,aFRR,POS_042,300.0,PROVIDER_TO_GRID,10.0,10.0,SK,ENTSO-E BalancingEnergyBids
20260226042-AFRR_P-UNIT_069-1,2026-02-26,aFRR,POS_042,100.0,PROVIDER_TO_GRID,15.0,15.0,SK,ENTSO-E BalancingEnergyBids
20260226042-AFRR_P-UNIT_097-1,2026-02-26,aFRR,POS_042,85.0,PROVIDER_TO_GRID,7.0,7.0,SK,ENTSO-E BalancingEnergyBids
20260226042-AFRR_P-UNIT_104-1,2026-02-26,aFRR,POS_042,750.0,PROVIDER_TO_GRID,11.0,11.0,SK,ENTSO-E BalancingEnergyBids
20260226042-AFRR_P-UNIT_106-1,2026-02-26,aFRR,POS_042,300.0,PROVIDER_TO_GRID,1.0,1.0,SK,ENTSO-E BalancingEnergyBids
20260226043-AFRR_N-UNIT_003-1,2026-02-26,aFRR,NEG_043,-5.0,GRID_TO_PROVIDER,5.0,5.0,SK,ENTSO-E BalancingEnergyBids
20260226043-AFRR_N-UNIT_013-1,2026-02-26,aFRR,NEG_043,-20.0,GRID_TO_PROVIDER,30.0,30.0,SK,ENTSO-E BalancingEnergyBids
20260226043-AFRR_N-UNIT_019-1,2026-02-26,aFRR,NEG_043,-199.0,GRID_TO_PROVIDER,1.0,1.0,SK,ENTSO-E BalancingEnergyBids
20260226043-AFRR_N-UNIT_028-1,2026-02-26,aFRR,NEG_043,-150.0,GRID_TO_PROVIDER,10.0,10.0,SK,ENTSO-E BalancingEnergyBids
20260226043-AFRR_N-UNIT_043-1,2026-02-26,aFRR,NEG_043,10.0,GRID_TO_PROVIDER,7.0,7.0,SK,ENTSO-E BalancingEnergyBids
20260226043-AFRR_N-UNIT_052-1,2026-02-26,aFRR,NEG_043,-30.0,GRID_TO_PROVIDER,10.0,10.0,SK,ENTSO-E BalancingEnergyBids
20260226043-AFRR_N-UNIT_058-1,2026-02-26,aFRR,NEG_043,-5.0,GRID_TO_PROVIDER,1.0,1.0,SK,ENTSO-E BalancingEnergyBids
20260226043-AFRR_N-UNIT_062-1,2026-02-26,aFRR,NEG_043,-29.0,GRID_TO_PROVIDER,13.0,13.0,SK,ENTSO-E BalancingEnergyBids
20260226043-AFRR_N-UNIT_068-1,2026-02-26,aFRR,NEG_043,-150.0,GRID_TO_PROVIDER,4.0,4.0,SK,ENTSO-E BalancingEnergyBids
20260226043-AFRR_N-UNIT_069-1,2026-02-26,aFRR,NEG_043,-250.0,GRID_TO_PROVIDER,15.0,15.0,SK,ENTSO-E BalancingEnergyBids
20260226043-AFRR_N-UNIT_089-1,2026-02-26,aFRR,NEG_043,-185.65,GRID_TO_PROVIDER,3.0,3.0,SK,ENTSO-E BalancingEnergyBids
20260226043-AFRR_N-UNIT_104-1,2026-02-26,aFRR,NEG_043,-20.0,GRID_TO_PROVIDER,4.0,4.0,SK,ENTSO-E BalancingEnergyBids
20260226043-AFRR_N-UNIT_106-1,2026-02-26,aFRR,NEG_043,-19.0,GRID_TO_PROVIDER,1.0,1.0,SK,ENTSO-E BalancingEnergyBids
20260226043-AFRR_P-UNIT_003-1,2026-02-26,aFRR,POS_043,189.0,PROVIDER_TO_GRID,5.0,5.0,SK,ENTSO-E BalancingEnergyBids
20260226043-AFRR_P-UNIT_009-1,2026-02-26,aFRR,POS_043,165.0,PROVIDER_TO_GRID,3.0,3.0,SK,ENTSO-E BalancingEnergyBids
20260226043-AFRR_P-UNIT_019-1,2026-02-26,aFRR,POS_043,251.0,PROVIDER_TO_GRID,1.0,1.0,SK,ENTSO-E BalancingEnergyBids
20260226043-AFRR_P-UNIT_028-1,2026-02-26,aFRR,POS_043,400.0,PROVIDER_TO_GRID,11.0,11.0,SK,ENTSO-E BalancingEnergyBids
20260226043-AFRR_P-UNIT_043-1,2026-02-26,aFRR,POS_043,90.0,PROVIDER_TO_GRID,1.0,1.0,SK,ENTSO-E BalancingEnergyBids
20260226043-AFRR_P-UNIT_047-1,2026-02-26,aFRR,POS_043,0.0,PROVIDER_TO_GRID,1.0,1.0,SK,ENTSO-E BalancingEnergyBids
20260226043-AFRR_P-UNIT_052-1,2026-02-26,aFRR,POS_043,135.0,PROVIDER_TO_GRID,23.0,23.0,SK,ENTSO-E BalancingEnergyBids
20260226043-AFRR_P-UNIT_058-1,2026-02-26,aFRR,POS_043,132.0,PROVIDER_TO_GRID,1.0,1.0,SK,ENTSO-E BalancingEnergyBids
20260226043-AFRR_P-UNIT_062-1,2026-02-26,aFRR,POS_043,599.0,PROVIDER_TO_GRID,9.0,9.0,SK,ENTSO-E BalancingEnergyBids
20260226043-AFRR_P-UNIT_063-1,2026-02-26,aFRR,POS_043,130.0,PROVIDER_TO_GRID,10.0,10.0,SK,ENTSO-E BalancingEnergyBids
20260226043-AFRR_P-UNIT_068-1,2026-02-26,aFRR,POS_043,300.0,PROVIDER_TO_GRID,10.0,10.0,SK,ENTSO-E BalancingEnergyBids
20260226043-AFRR_P-UNIT_069-1,2026-02-26,aFRR,POS_043,100.0,PROVIDER_TO_GRID,15.0,15.0,SK,ENTSO-E BalancingEnergyBids
20260226043-AFRR_P-UNIT_097-1,2026-02-26,aFRR,POS_043,85.0,PROVIDER_TO_GRID,7.0,7.0,SK,ENTSO-E BalancingEnergyBids
20260226043-AFRR_P-UNIT_104-1,2026-02-26,aFRR,POS_043,750.0,PROVIDER_TO_GRID,11.0,11.0,SK,ENTSO-E BalancingEnergyBids
20260226043-AFRR_P-UNIT_106-1,2026-02-26,aFRR,POS_043,300.0,PROVIDER_TO_GRID,1.0,1.0,SK,ENTSO-E BalancingEnergyBids
20260226044-AFRR_N-UNIT_003-1,2026-02-26,aFRR,NEG_044,-5.0,GRID_TO_PROVIDER,5.0,5.0,SK,ENTSO-E BalancingEnergyBids
20260226044-AFRR_N-UNIT_013-1,2026-02-26,aFRR,NEG_044,-20.0,GRID_TO_PROVIDER,30.0,30.0,SK,ENTSO-E BalancingEnergyBids
20260226044-AFRR_N-UNIT_019-1,2026-02-26,aFRR,NEG_044,-199.0,GRID_TO_PROVIDER,1.0,1.0,SK,ENTSO-E BalancingEnergyBids
20260226044-AFRR_N-UNIT_028-1,2026-02-26,aFRR,NEG_044,-350.0,GRID_TO_PROVIDER,10.0,10.0,SK,ENTSO-E BalancingEnergyBids
20260226044-AFRR_N-UNIT_043-1,2026-02-26,aFRR,NEG_044,10.0,GRID_TO_PROVIDER,7.0,7.0,SK,ENTSO-E BalancingEnergyBids
20260226044-AFRR_N-UNIT_052-1,2026-02-26,aFRR,NEG_044,-30.0,GRID_TO_PROVIDER,10.0,10.0,SK,ENTSO-E BalancingEnergyBids
20260226044-AFRR_N-UNIT_058-1,2026-02-26,aFRR,NEG_044,-5.0,GRID_TO_PROVIDER,1.0,1.0,SK,ENTSO-E BalancingEnergyBids
20260226044-AFRR_N-UNIT_062-1,2026-02-26,aFRR,NEG_044,-29.0,GRID_TO_PROVIDER,13.0,13.0,SK,ENTSO-E BalancingEnergyBids
20260226044-AFRR_N-UNIT_068-1,2026-02-26,aFRR,NEG_044,-350.0,GRID_TO_PROVIDER,4.0,4.0,SK,ENTSO-E BalancingEnergyBids
20260226044-AFRR_N-UNIT_069-1,2026-02-26,aFRR,NEG_044,-250.0,GRID_TO_PROVIDER,15.0,15.0,SK,ENTSO-E BalancingEnergyBids
20260226044-AFRR_N-UNIT_089-1,2026-02-26,aFRR,NEG_044,-189.23,GRID_TO_PROVIDER,3.0,3.0,SK,ENTSO-E BalancingEnergyBids
20260226044-AFRR_N-UNIT_104-1,2026-02-26,aFRR,NEG_044,-20.0,GRID_TO_PROVIDER,4.0,4.0,SK,ENTSO-E BalancingEnergyBids
20260226044-AFRR_N-UNIT_106-1,2026-02-26,aFRR,NEG_044,-19.0,GRID_TO_PROVIDER,1.0,1.0,SK,ENTSO-E BalancingEnergyBids
20260226044-AFRR_P-UNIT_003-1,2026-02-26,aFRR,POS_044,189.0,PROVIDER_TO_GRID,5.0,5.0,SK,ENTSO-E BalancingEnergyBids
20260226044-AFRR_P-UNIT_009-1,2026-02-26,aFRR,POS_044,165.0,PROVIDER_TO_GRID,3.0,3.0,SK,ENTSO-E BalancingEnergyBids
20260226044-AFRR_P-UNIT_019-1,2026-02-26,aFRR,POS_044,251.0,PROVIDER_TO_GRID,1.0,1.0,SK,ENTSO-E BalancingEnergyBids
20260226044-AFRR_P-UNIT_028-1,2026-02-26,aFRR,POS_044,400.0,PROVIDER_TO_GRID,11.0,11.0,SK,ENTSO-E BalancingEnergyBids
20260226044-AFRR_P-UNIT_043-1,2026-02-26,aFRR,POS_044,90.0,PROVIDER_TO_GRID,1.0,1.0,SK,ENTSO-E BalancingEnergyBids
20260226044-AFRR_P-UNIT_047-1,2026-02-26,aFRR,POS_044,0.0,PROVIDER_TO_GRID,1.0,1.0,SK,ENTSO-E BalancingEnergyBids
20260226044-AFRR_P-UNIT_052-1,2026-02-26,aFRR,POS_044,135.0,PROVIDER_TO_GRID,23.0,23.0,SK,ENTSO-E BalancingEnergyBids
20260226044-AFRR_P-UNIT_058-1,2026-02-26,aFRR,POS_044,132.0,PROVIDER_TO_GRID,1.0,1.0,SK,ENTSO-E BalancingEnergyBids
20260226044-AFRR_P-UNIT_062-1,2026-02-26,aFRR,POS_044,599.0,PROVIDER_TO_GRID,9.0,9.0,SK,ENTSO-E BalancingEnergyBids
20260226044-AFRR_P-UNIT_063-1,2026-02-26,aFRR,POS_044,130.0,PROVIDER_TO_GRID,10.0,10.0,SK,ENTSO-E BalancingEnergyBids
20260226044-AFRR_P-UNIT_068-1,2026-02-26,aFRR,POS_044,300.0,PROVIDER_TO_GRID,10.0,10.0,SK,ENTSO-E BalancingEnergyBids
20260226044-AFRR_P-UNIT_069-1,2026-02-26,aFRR,POS_044,100.0,PROVIDER_TO_GRID,15.0,15.0,SK,ENTSO-E BalancingEnergyBids
20260226044-AFRR_P-UNIT_097-1,2026-02-26,aFRR,POS_044,85.0,PROVIDER_TO_GRID,7.0,7.0,SK,ENTSO-E BalancingEnergyBids
20260226044-AFRR_P-UNIT_104-1,2026-02-26,aFRR,POS_044,750.0,PROVIDER_TO_GRID,11.0,11.0,SK,ENTSO-E BalancingEnergyBids
20260226044-AFRR_P-UNIT_106-1,2026-02-26,aFRR,POS_044,300.0,PROVIDER_TO_GRID,1.0,1.0,SK,ENTSO-E BalancingEnergyBids
20260226046-AFRR_N-UNIT_003-1,2026-02-26,aFRR,NEG_046,-5.0,GRID_TO_PROVIDER,5.0,5.0,SK,ENTSO-E BalancingEnergyBids
20260226046-AFRR_N-UNIT_013-1,2026-02-26,aFRR,NEG_046,-20.0,GRID_TO_PROVIDER,30.0,30.0,SK,ENTSO-E BalancingEnergyBids
20260226046-AFRR_N-UNIT_019-1,2026-02-26,aFRR,NEG_046,-199.0,GRID_TO_PROVIDER,1.0,1.0,SK,ENTSO-E BalancingEnergyBids
20260226046-AFRR_N-UNIT_028-1,2026-02-26,aFRR,NEG_046,-350.0,GRID_TO_PROVIDER,11.0,11.0,SK,ENTSO-E BalancingEnergyBids
20260226046-AFRR_N-UNIT_043-1,2026-02-26,aFRR,NEG_046,10.0,GRID_TO_PROVIDER,5.0,5.0,SK,ENTSO-E BalancingEnergyBids
20260226046-AFRR_N-UNIT_052-1,2026-02-26,aFRR,NEG_046,-30.0,GRID_TO_PROVIDER,10.0,10.0,SK,ENTSO-E BalancingEnergyBids
20260226046-AFRR_N-UNIT_058-1,2026-02-26,aFRR,NEG_046,-5.0,GRID_TO_PROVIDER,1.0,1.0,SK,ENTSO-E BalancingEnergyBids
20260226046-AFRR_N-UNIT_062-1,2026-02-26,aFRR,NEG_046,-29.0,GRID_TO_PROVIDER,10.0,10.0,SK,ENTSO-E BalancingEnergyBids
20260226046-AFRR_N-UNIT_068-1,2026-02-26,aFRR,NEG_046,-350.0,GRID_TO_PROVIDER,4.0,4.0,SK,ENTSO-E BalancingEnergyBids
20260226046-AFRR_N-UNIT_069-1,2026-02-26,aFRR,NEG_046,-300.0,GRID_TO_PROVIDER,15.0,15.0,SK,ENTSO-E BalancingEnergyBids
20260226046-AFRR_N-UNIT_089-1,2026-02-26,aFRR,NEG_046,-188.61,GRID_TO_PROVIDER,3.0,3.0,SK,ENTSO-E BalancingEnergyBids
20260226046-AFRR_N-UNIT_104-1,2026-02-26,aFRR,NEG_046,-40.0,GRID_TO_PROVIDER,4.0,4.0,SK,ENTSO-E BalancingEnergyBids
20260226046-AFRR_N-UNIT_106-1,2026-02-26,aFRR,NEG_046,-19.0,GRID_TO_PROVIDER,1.0,1.0,SK,ENTSO-E BalancingEnergyBids
20260226046-AFRR_P-UNIT_003-1,2026-02-26,aFRR,POS_046,189.0,PROVIDER_TO_GRID,5.0,5.0,SK,ENTSO-E BalancingEnergyBids
20260226046-AFRR_P-UNIT_009-1,2026-02-26,aFRR,POS_046,165.0,PROVIDER_TO_GRID,3.0,3.0,SK,ENTSO-E BalancingEnergyBids
20260226046-AFRR_P-UNIT_019-1,2026-02-26,aFRR,POS_046,251.0,PROVIDER_TO_GRID,1.0,1.0,SK,ENTSO-E BalancingEnergyBids
20260226046-AFRR_P-UNIT_028-1,2026-02-26,aFRR,POS_046,400.0,PROVIDER_TO_GRID,11.0,11.0,SK,ENTSO-E BalancingEnergyBids
20260226046-AFRR_P-UNIT_043-1,2026-02-26,aFRR,POS_046,90.0,PROVIDER_TO_GRID,1.0,1.0,SK,ENTSO-E BalancingEnergyBids
20260226046-AFRR_P-UNIT_047-1,2026-02-26,aFRR,POS_046,0.0,PROVIDER_TO_GRID,1.0,1.0,SK,ENTSO-E BalancingEnergyBids
20260226046-AFRR_P-UNIT_052-1,2026-02-26,aFRR,POS_046,130.0,PROVIDER_TO_GRID,23.0,23.0,SK,ENTSO-E BalancingEnergyBids
20260226046-AFRR_P-UNIT_058-1,2026-02-26,aFRR,POS_046,132.0,PROVIDER_TO_GRID,1.0,1.0,SK,ENTSO-E BalancingEnergyBids
20260226046-AFRR_P-UNIT_062-1,2026-02-26,aFRR,POS_046,599.0,PROVIDER_TO_GRID,9.0,9.0,SK,ENTSO-E BalancingEnergyBids
20260226046-AFRR_P-UNIT_063-1,2026-02-26,aFRR,POS_046,130.0,PROVIDER_TO_GRID,10.0,10.0,SK,ENTSO-E BalancingEnergyBids
20260226046-AFRR_P-UNIT_068-1,2026-02-26,aFRR,POS_046,300.0,PROVIDER_TO_GRID,10.0,10.0,SK,ENTSO-E BalancingEnergyBids
20260226046-AFRR_P-UNIT_069-1,2026-02-26,aFRR,POS_046,100.0,PROVIDER_TO_GRID,15.0,15.0,SK,ENTSO-E BalancingEnergyBids
20260226046-AFRR_P-UNIT_097-1,2026-02-26,aFRR,POS_046,85.0,PROVIDER_TO_GRID,7.0,7.0,SK,ENTSO-E BalancingEnergyBids
20260226046-AFRR_P-UNIT_104-1,2026-02-26,aFRR,POS_046,750.0,PROVIDER_TO_GRID,11.0,11.0,SK,ENTSO-E BalancingEnergyBids
20260226046-AFRR_P-UNIT_106-1,2026-02-26,aFRR,POS_046,300.0,PROVIDER_TO_GRID,1.0,1.0,SK,ENTSO-E BalancingEnergyBids
20260226047-AFRR_N-UNIT_003-1,2026-02-26,aFRR,NEG_047,-5.0,GRID_TO_PROVIDER,5.0,5.0,SK,ENTSO-E BalancingEnergyBids
20260226047-AFRR_N-UNIT_013-1,2026-02-26,aFRR,NEG_047,-20.0,GRID_TO_PROVIDER,30.0,30.0,SK,ENTSO-E BalancingEnergyBids
20260226047-AFRR_N-UNIT_019-1,2026-02-26,aFRR,NEG_047,-199.0,GRID_TO_PROVIDER,1.0,1.0,SK,ENTSO-E BalancingEnergyBids
20260226047-AFRR_N-UNIT_028-1,2026-02-26,aFRR,NEG_047,-500.0,GRID_TO_PROVIDER,11.0,11.0,SK,ENTSO-E BalancingEnergyBids
20260226047-AFRR_N-UNIT_043-1,2026-02-26,aFRR,NEG_047,10.0,GRID_TO_PROVIDER,5.0,5.0,SK,ENTSO-E BalancingEnergyBids
20260226047-AFRR_N-UNIT_052-1,2026-02-26,aFRR,NEG_047,-30.0,GRID_TO_PROVIDER,10.0,10.0,SK,ENTSO-E BalancingEnergyBids
20260226047-AFRR_N-UNIT_058-1,2026-02-26,aFRR,NEG_047,-5.0,GRID_TO_PROVIDER,1.0,1.0,SK,ENTSO-E BalancingEnergyBids
20260226047-AFRR_N-UNIT_062-1,2026-02-26,aFRR,NEG_047,-29.0,GRID_TO_PROVIDER,10.0,10.0,SK,ENTSO-E BalancingEnergyBids
20260226047-AFRR_N-UNIT_068-1,2026-02-26,aFRR,NEG_047,-500.0,GRID_TO_PROVIDER,4.0,4.0,SK,ENTSO-E BalancingEnergyBids
20260226047-AFRR_N-UNIT_069-1,2026-02-26,aFRR,NEG_047,-300.0,GRID_TO_PROVIDER,15.0,15.0,SK,ENTSO-E BalancingEnergyBids
20260226047-AFRR_N-UNIT_089-1,2026-02-26,aFRR,NEG_047,-203.2,GRID_TO_PROVIDER,3.0,3.0,SK,ENTSO-E BalancingEnergyBids
20260226047-AFRR_N-UNIT_104-1,2026-02-26,aFRR,NEG_047,-40.0,GRID_TO_PROVIDER,4.0,4.0,SK,ENTSO-E BalancingEnergyBids
20260226047-AFRR_N-UNIT_106-1,2026-02-26,aFRR,NEG_047,-19.0,GRID_TO_PROVIDER,1.0,1.0,SK,ENTSO-E BalancingEnergyBids
20260226047-AFRR_P-UNIT_003-1,2026-02-26,aFRR,POS_047,189.0,PROVIDER_TO_GRID,5.0,5.0,SK,ENTSO-E BalancingEnergyBids
20260226047-AFRR_P-UNIT_009-1,2026-02-26,aFRR,POS_047,165.0,PROVIDER_TO_GRID,3.0,3.0,SK,ENTSO-E BalancingEnergyBids
20260226047-AFRR_P-UNIT_019-1,2026-02-26,aFRR,POS_047,251.0,PROVIDER_TO_GRID,1.0,1.0,SK,ENTSO-E BalancingEnergyBids
20260226047-AFRR_P-UNIT_028-1,2026-02-26,aFRR,POS_047,400.0,PROVIDER_TO_GRID,11.0,11.0,SK,ENTSO-E BalancingEnergyBids
20260226047-AFRR_P-UNIT_043-1,2026-02-26,aFRR,POS_047,90.0,PROVIDER_TO_GRID,1.0,1.0,SK,ENTSO-E BalancingEnergyBids
20260226047-AFRR_P-UNIT_047-1,2026-02-26,aFRR,POS_047,0.0,PROVIDER_TO_GRID,1.0,1.0,SK,ENTSO-E BalancingEnergyBids
20260226047-AFRR_P-UNIT_052-1,2026-02-26,aFRR,POS_047,130.0,PROVIDER_TO_GRID,23.0,23.0,SK,ENTSO-E BalancingEnergyBids
20260226047-AFRR_P-UNIT_058-1,2026-02-26,aFRR,POS_047,132.0,PROVIDER_TO_GRID,1.0,1.0,SK,ENTSO-E BalancingEnergyBids
20260226047-AFRR_P-UNIT_062-1,2026-02-26,aFRR,POS_047,599.0,PROVIDER_TO_GRID,9.0,9.0,SK,ENTSO-E BalancingEnergyBids
20260226047-AFRR_P-UNIT_063-1,2026-02-26,aFRR,POS_047,130.0,PROVIDER_TO_GRID,10.0,10.0,SK,ENTSO-E BalancingEnergyBids
20260226047-AFRR_P-UNIT_068-1,2026-02-26,aFRR,POS_047,300.0,PROVIDER_TO_GRID,10.0,10.0,SK,ENTSO-E BalancingEnergyBids
20260226047-AFRR_P-UNIT_069-1,2026-02-26,aFRR,POS_047,100.0,PROVIDER_TO_GRID,15.0,15.0,SK,ENTSO-E BalancingEnergyBids
20260226047-AFRR_P-UNIT_097-1,2026-02-26,aFRR,POS_047,85.0,PROVIDER_TO_GRID,7.0,7.0,SK,ENTSO-E BalancingEnergyBids
20260226047-AFRR_P-UNIT_104-1,2026-02-26,aFRR,POS_047,750.0,PROVIDER_TO_GRID,11.0,11.0,SK,ENTSO-E BalancingEnergyBids
20260226047-AFRR_P-UNIT_106-1,2026-02-26,aFRR,POS_047,300.0,PROVIDER_TO_GRID,1.0,1.0,SK,ENTSO-E BalancingEnergyBids
20260226048-AFRR_N-UNIT_019-1,2026-02-26,aFRR,NEG_048,-199.0,GRID_TO_PROVIDER,1.0,1.0,SK,ENTSO-E BalancingEnergyBids
20260226048-AFRR_N-UNIT_106-1,2026-02-26,aFRR,NEG_048,-19.0,GRID_TO_PROVIDER,1.0,1.0,SK,ENTSO-E BalancingEnergyBids
20260226048-AFRR_P-UNIT_019-1,2026-02-26,aFRR,POS_048,251.0,PROVIDER_TO_GRID,1.0,1.0,SK,ENTSO-E BalancingEnergyBids
20260226048-AFRR_P-UNIT_106-1,2026-02-26,aFRR,POS_048,300.0,PROVIDER_TO_GRID,1.0,1.0,SK,ENTSO-E BalancingEnergyBids
20260226048-AFRR_N-UNIT_028-1,2026-02-26,aFRR,NEG_048,-500.0,GRID_TO_PROVIDER,11.0,11.0,SK,ENTSO-E BalancingEnergyBids
20260226048-AFRR_P-UNIT_009-1,2026-02-26,aFRR,POS_048,165.0,PROVIDER_TO_GRID,3.0,3.0,SK,ENTSO-E BalancingEnergyBids
20260226048-AFRR_P-UNIT_028-1,2026-02-26,aFRR,POS_048,400.0,PROVIDER_TO_GRID,11.0,11.0,SK,ENTSO-E BalancingEnergyBids
20260226048-AFRR_P-UNIT_047-1,2026-02-26,aFRR,POS_048,0.0,PROVIDER_TO_GRID,1.0,1.0,SK,ENTSO-E BalancingEnergyBids
20260226048-AFRR_N-UNIT_013-1,2026-02-26,aFRR,NEG_048,-20.0,GRID_TO_PROVIDER,30.0,30.0,SK,ENTSO-E BalancingEnergyBids
20260226048-AFRR_N-UNIT_043-1,2026-02-26,aFRR,NEG_048,-29.0,GRID_TO_PROVIDER,5.0,5.0,SK,ENTSO-E BalancingEnergyBids
20260226048-AFRR_N-UNIT_062-1,2026-02-26,aFRR,NEG_048,-29.0,GRID_TO_PROVIDER,10.0,10.0,SK,ENTSO-E BalancingEnergyBids
20260226048-AFRR_N-UNIT_089-1,2026-02-26,aFRR,NEG_048,-231.21,GRID_TO_PROVIDER,3.0,3.0,SK,ENTSO-E BalancingEnergyBids
20260226048-AFRR_P-UNIT_043-1,2026-02-26,aFRR,POS_048,90.0,PROVIDER_TO_GRID,1.0,1.0,SK,ENTSO-E BalancingEnergyBids
20260226048-AFRR_P-UNIT_062-1,2026-02-26,aFRR,POS_048,599.0,PROVIDER_TO_GRID,9.0,9.0,SK,ENTSO-E BalancingEnergyBids
20260226048-AFRR_N-UNIT_058-1,2026-02-26,aFRR,NEG_048,-5.0,GRID_TO_PROVIDER,1.0,1.0,SK,ENTSO-E BalancingEnergyBids
20260226048-AFRR_P-UNIT_058-1,2026-02-26,aFRR,POS_048,132.0,PROVIDER_TO_GRID,1.0,1.0,SK,ENTSO-E BalancingEnergyBids
20260226048-AFRR_P-UNIT_097-1,2026-02-26,aFRR,POS_048,85.0,PROVIDER_TO_GRID,7.0,7.0,SK,ENTSO-E BalancingEnergyBids
20260226048-AFRR_N-UNIT_104-1,2026-02-26,aFRR,NEG_048,-40.0,GRID_TO_PROVIDER,4.0,4.0,SK,ENTSO-E BalancingEnergyBids
20260226048-AFRR_P-UNIT_104-1,2026-02-26,aFRR,POS_048,750.0,PROVIDER_TO_GRID,11.0,11.0,SK,ENTSO-E BalancingEnergyBids
20260226048-AFRR_N-UNIT_052-1,2026-02-26,aFRR,NEG_048,-30.0,GRID_TO_PROVIDER,10.0,10.0,SK,ENTSO-E BalancingEnergyBids
20260226048-AFRR_P-UNIT_052-1,2026-02-26,aFRR,POS_048,130.0,PROVIDER_TO_GRID,23.0,23.0,SK,ENTSO-E BalancingEnergyBids
20260226048-AFRR_N-UNIT_003-1,2026-02-26,aFRR,NEG_048,-5.0,GRID_TO_PROVIDER,5.0,5.0,SK,ENTSO-E BalancingEnergyBids
20260226048-AFRR_N-UNIT_069-1,2026-02-26,aFRR,NEG_048,-500.0,GRID_TO_PROVIDER,15.0,15.0,SK,ENTSO-E BalancingEnergyBids
20260226048-AFRR_P-UNIT_003-1,2026-02-26,aFRR,POS_048,189.0,PROVIDER_TO_GRID,5.0,5.0,SK,ENTSO-E BalancingEnergyBids
20260226048-AFRR_P-UNIT_063-1,2026-02-26,aFRR,POS_048,130.0,PROVIDER_TO_GRID,10.0,10.0,SK,ENTSO-E BalancingEnergyBids
20260226048-AFRR_P-UNIT_069-1,2026-02-26,aFRR,POS_048,100.0,PROVIDER_TO_GRID,15.0,15.0,SK,ENTSO-E BalancingEnergyBids
20260226048-AFRR_N-UNIT_068-1,2026-02-26,aFRR,NEG_048,-500.0,GRID_TO_PROVIDER,4.0,4.0,SK,ENTSO-E BalancingEnergyBids
20260226048-AFRR_P-UNIT_068-1,2026-02-26,aFRR,POS_048,300.0,PROVIDER_TO_GRID,10.0,10.0,SK,ENTSO-E BalancingEnergyBids
20260226049-AFRR_N-UNIT_013-1,2026-02-26,aFRR,NEG_049,-20.0,GRID_TO_PROVIDER,30.0,30.0,SK,ENTSO-E BalancingEnergyBids
20260226049-AFRR_N-UNIT_019-1,2026-02-26,aFRR,NEG_049,-199.0,GRID_TO_PROVIDER,1.0,1.0,SK,ENTSO-E BalancingEnergyBids
20260226049-AFRR_N-UNIT_043-1,2026-02-26,aFRR,NEG_049,10.0,GRID_TO_PROVIDER,5.0,5.0,SK,ENTSO-E BalancingEnergyBids
20260226049-AFRR_N-UNIT_058-1,2026-02-26,aFRR,NEG_049,-5.0,GRID_TO_PROVIDER,1.0,1.0,SK,ENTSO-E BalancingEnergyBids
20260226049-AFRR_N-UNIT_062-1,2026-02-26,aFRR,NEG_049,-29.0,GRID_TO_PROVIDER,8.0,8.0,SK,ENTSO-E BalancingEnergyBids
20260226049-AFRR_N-UNIT_089-1,2026-02-26,aFRR,NEG_049,-210.55,GRID_TO_PROVIDER,3.0,3.0,SK,ENTSO-E BalancingEnergyBids
20260226049-AFRR_N-UNIT_106-1,2026-02-26,aFRR,NEG_049,-19.0,GRID_TO_PROVIDER,1.0,1.0,SK,ENTSO-E BalancingEnergyBids
20260226049-AFRR_P-UNIT_019-1,2026-02-26,aFRR,POS_049,251.0,PROVIDER_TO_GRID,1.0,1.0,SK,ENTSO-E BalancingEnergyBids
20260226049-AFRR_P-UNIT_043-1,2026-02-26,aFRR,POS_049,90.0,PROVIDER_TO_GRID,1.0,1.0,SK,ENTSO-E BalancingEnergyBids
20260226049-AFRR_P-UNIT_058-1,2026-02-26,aFRR,POS_049,132.0,PROVIDER_TO_GRID,1.0,1.0,SK,ENTSO-E BalancingEnergyBids
20260226049-AFRR_P-UNIT_062-1,2026-02-26,aFRR,POS_049,599.0,PROVIDER_TO_GRID,9.0,9.0,SK,ENTSO-E BalancingEnergyBids
20260226049-AFRR_P-UNIT_097-1,2026-02-26,aFRR,POS_049,85.0,PROVIDER_TO_GRID,7.0,7.0,SK,ENTSO-E BalancingEnergyBids
20260226049-AFRR_P-UNIT_106-1,2026-02-26,aFRR,POS_049,300.0,PROVIDER_TO_GRID,1.0,1.0,SK,ENTSO-E BalancingEnergyBids
20260226049-AFRR_N-UNIT_028-1,2026-02-26,aFRR,NEG_049,-500.0,GRID_TO_PROVIDER,13.0,13.0,SK,ENTSO-E BalancingEnergyBids
20260226049-AFRR_P-UNIT_009-1,2026-02-26,aFRR,POS_049,165.0,PROVIDER_TO_GRID,3.0,3.0,SK,ENTSO-E BalancingEnergyBids
20260226049-AFRR_P-UNIT_028-1,2026-02-26,aFRR,POS_049,400.0,PROVIDER_TO_GRID,11.0,11.0,SK,ENTSO-E BalancingEnergyBids
20260226049-AFRR_P-UNIT_047-1,2026-02-26,aFRR,POS_049,0.0,PROVIDER_TO_GRID,1.0,1.0,SK,ENTSO-E BalancingEnergyBids
20260226049-AFRR_N-UNIT_104-1,2026-02-26,aFRR,NEG_049,-100.0,GRID_TO_PROVIDER,4.0,4.0,SK,ENTSO-E BalancingEnergyBids
20260226049-AFRR_P-UNIT_104-1,2026-02-26,aFRR,POS_049,750.0,PROVIDER_TO_GRID,11.0,11.0,SK,ENTSO-E BalancingEnergyBids
20260226049-AFRR_N-UNIT_052-1,2026-02-26,aFRR,NEG_049,-30.0,GRID_TO_PROVIDER,10.0,10.0,SK,ENTSO-E BalancingEnergyBids
20260226049-AFRR_P-UNIT_052-1,2026-02-26,aFRR,POS_049,130.0,PROVIDER_TO_GRID,23.0,23.0,SK,ENTSO-E BalancingEnergyBids
20260226049-AFRR_N-UNIT_003-1,2026-02-26,aFRR,NEG_049,-5.0,GRID_TO_PROVIDER,5.0,5.0,SK,ENTSO-E BalancingEnergyBids
20260226049-AFRR_N-UNIT_069-1,2026-02-26,aFRR,NEG_049,-500.0,GRID_TO_PROVIDER,15.0,15.0,SK,ENTSO-E BalancingEnergyBids
20260226049-AFRR_P-UNIT_003-1,2026-02-26,aFRR,POS_049,189.0,PROVIDER_TO_GRID,5.0,5.0,SK,ENTSO-E BalancingEnergyBids
20260226049-AFRR_P-UNIT_063-1,2026-02-26,aFRR,POS_049,140.0,PROVIDER_TO_GRID,10.0,10.0,SK,ENTSO-E BalancingEnergyBids
20260226049-AFRR_P-UNIT_069-1,2026-02-26,aFRR,POS_049,100.0,PROVIDER_TO_GRID,15.0,15.0,SK,ENTSO-E BalancingEnergyBids
20260226049-AFRR_N-UNIT_068-1,2026-02-26,aFRR,NEG_049,-500.0,GRID_TO_PROVIDER,4.0,4.0,SK,ENTSO-E BalancingEnergyBids
20260226049-AFRR_P-UNIT_068-1,2026-02-26,aFRR,POS_049,300.0,PROVIDER_TO_GRID,10.0,10.0,SK,ENTSO-E BalancingEnergyBids
20260226051-AFRR_N-UNIT_003-1,2026-02-26,aFRR,NEG_051,-5.0,GRID_TO_PROVIDER,5.0,5.0,SK,ENTSO-E BalancingEnergyBids
20260226051-AFRR_N-UNIT_013-1,2026-02-26,aFRR,NEG_051,-20.0,GRID_TO_PROVIDER,30.0,30.0,SK,ENTSO-E BalancingEnergyBids
20260226051-AFRR_N-UNIT_019-1,2026-02-26,aFRR,NEG_051,-199.0,GRID_TO_PROVIDER,1.0,1.0,SK,ENTSO-E BalancingEnergyBids
20260226051-AFRR_N-UNIT_028-1,2026-02-26,aFRR,NEG_051,-1500.0,GRID_TO_PROVIDER,13.0,13.0,SK,ENTSO-E BalancingEnergyBids
20260226051-AFRR_N-UNIT_043-1,2026-02-26,aFRR,NEG_051,-29.0,GRID_TO_PROVIDER,5.0,5.0,SK,ENTSO-E BalancingEnergyBids
20260226051-AFRR_N-UNIT_052-1,2026-02-26,aFRR,NEG_051,-30.0,GRID_TO_PROVIDER,10.0,10.0,SK,ENTSO-E BalancingEnergyBids
20260226051-AFRR_N-UNIT_058-1,2026-02-26,aFRR,NEG_051,-5.0,GRID_TO_PROVIDER,1.0,1.0,SK,ENTSO-E BalancingEnergyBids
20260226051-AFRR_N-UNIT_062-1,2026-02-26,aFRR,NEG_051,-29.0,GRID_TO_PROVIDER,8.0,8.0,SK,ENTSO-E BalancingEnergyBids
20260226051-AFRR_N-UNIT_068-1,2026-02-26,aFRR,NEG_051,-1500.0,GRID_TO_PROVIDER,4.0,4.0,SK,ENTSO-E BalancingEnergyBids
20260226051-AFRR_N-UNIT_069-1,2026-02-26,aFRR,NEG_051,-500.0,GRID_TO_PROVIDER,15.0,15.0,SK,ENTSO-E BalancingEnergyBids
20260226051-AFRR_N-UNIT_089-1,2026-02-26,aFRR,NEG_051,-250.25,GRID_TO_PROVIDER,3.0,3.0,SK,ENTSO-E BalancingEnergyBids
20260226051-AFRR_N-UNIT_104-1,2026-02-26,aFRR,NEG_051,-100.0,GRID_TO_PROVIDER,4.0,4.0,SK,ENTSO-E BalancingEnergyBids
20260226051-AFRR_N-UNIT_106-1,2026-02-26,aFRR,NEG_051,-19.0,GRID_TO_PROVIDER,1.0,1.0,SK,ENTSO-E BalancingEnergyBids
20260226051-AFRR_P-UNIT_003-1,2026-02-26,aFRR,POS_051,189.0,PROVIDER_TO_GRID,5.0,5.0,SK,ENTSO-E BalancingEnergyBids
20260226051-AFRR_P-UNIT_009-1,2026-02-26,aFRR,POS_051,165.0,PROVIDER_TO_GRID,3.0,3.0,SK,ENTSO-E BalancingEnergyBids
20260226051-AFRR_P-UNIT_019-1,2026-02-26,aFRR,POS_051,251.0,PROVIDER_TO_GRID,1.0,1.0,SK,ENTSO-E BalancingEnergyBids
20260226051-AFRR_P-UNIT_028-1,2026-02-26,aFRR,POS_051,400.0,PROVIDER_TO_GRID,11.0,11.0,SK,ENTSO-E BalancingEnergyBids
20260226051-AFRR_P-UNIT_043-1,2026-02-26,aFRR,POS_051,90.0,PROVIDER_TO_GRID,1.0,1.0,SK,ENTSO-E BalancingEnergyBids
20260226051-AFRR_P-UNIT_047-1,2026-02-26,aFRR,POS_051,0.0,PROVIDER_TO_GRID,1.0,1.0,SK,ENTSO-E BalancingEnergyBids
20260226051-AFRR_P-UNIT_052-1,2026-02-26,aFRR,POS_051,130.0,PROVIDER_TO_GRID,23.0,23.0,SK,ENTSO-E BalancingEnergyBids
20260226051-AFRR_P-UNIT_058-1,2026-02-26,aFRR,POS_051,132.0,PROVIDER_TO_GRID,1.0,1.0,SK,ENTSO-E BalancingEnergyBids
20260226051-AFRR_P-UNIT_062-1,2026-02-26,aFRR,POS_051,599.0,PROVIDER_TO_GRID,9.0,9.0,SK,ENTSO-E BalancingEnergyBids
20260226051-AFRR_P-UNIT_063-1,2026-02-26,aFRR,POS_051,140.0,PROVIDER_TO_GRID,10.0,10.0,SK,ENTSO-E BalancingEnergyBids
20260226051-AFRR_P-UNIT_068-1,2026-02-26,aFRR,POS_051,300.0,PROVIDER_TO_GRID,10.0,10.0,SK,ENTSO-E BalancingEnergyBids
20260226051-AFRR_P-UNIT_069-1,2026-02-26,aFRR,POS_051,100.0,PROVIDER_TO_GRID,15.0,15.0,SK,ENTSO-E BalancingEnergyBids
20260226051-AFRR_P-UNIT_097-1,2026-02-26,aFRR,POS_051,85.0,PROVIDER_TO_GRID,7.0,7.0,SK,ENTSO-E BalancingEnergyBids
20260226051-AFRR_P-UNIT_104-1,2026-02-26,aFRR,POS_051,750.0,PROVIDER_TO_GRID,11.0,11.0,SK,ENTSO-E BalancingEnergyBids
20260226051-AFRR_P-UNIT_106-1,2026-02-26,aFRR,POS_051,300.0,PROVIDER_TO_GRID,1.0,1.0,SK,ENTSO-E BalancingEnergyBids
20260226052-AFRR_N-UNIT_003-1,2026-02-26,aFRR,NEG_052,-5.0,GRID_TO_PROVIDER,5.0,5.0,SK,ENTSO-E BalancingEnergyBids
20260226052-AFRR_N-UNIT_013-1,2026-02-26,aFRR,NEG_052,-20.0,GRID_TO_PROVIDER,30.0,30.0,SK,ENTSO-E BalancingEnergyBids
20260226052-AFRR_N-UNIT_019-1,2026-02-26,aFRR,NEG_052,-199.0,GRID_TO_PROVIDER,1.0,1.0,SK,ENTSO-E BalancingEnergyBids
20260226052-AFRR_N-UNIT_028-1,2026-02-26,aFRR,NEG_052,-1500.0,GRID_TO_PROVIDER,13.0,13.0,SK,ENTSO-E BalancingEnergyBids
20260226052-AFRR_N-UNIT_043-1,2026-02-26,aFRR,NEG_052,-29.0,GRID_TO_PROVIDER,5.0,5.0,SK,ENTSO-E BalancingEnergyBids
20260226052-AFRR_N-UNIT_052-1,2026-02-26,aFRR,NEG_052,-30.0,GRID_TO_PROVIDER,10.0,10.0,SK,ENTSO-E BalancingEnergyBids
20260226052-AFRR_N-UNIT_058-1,2026-02-26,aFRR,NEG_052,-5.0,GRID_TO_PROVIDER,1.0,1.0,SK,ENTSO-E BalancingEnergyBids
20260226052-AFRR_N-UNIT_062-1,2026-02-26,aFRR,NEG_052,-29.0,GRID_TO_PROVIDER,8.0,8.0,SK,ENTSO-E BalancingEnergyBids
20260226052-AFRR_N-UNIT_068-1,2026-02-26,aFRR,NEG_052,-1500.0,GRID_TO_PROVIDER,4.0,4.0,SK,ENTSO-E BalancingEnergyBids
20260226052-AFRR_N-UNIT_069-1,2026-02-26,aFRR,NEG_052,-500.0,GRID_TO_PROVIDER,15.0,15.0,SK,ENTSO-E BalancingEnergyBids
20260226052-AFRR_N-UNIT_089-1,2026-02-26,aFRR,NEG_052,-252.04,GRID_TO_PROVIDER,3.0,3.0,SK,ENTSO-E BalancingEnergyBids
20260226052-AFRR_N-UNIT_104-1,2026-02-26,aFRR,NEG_052,-100.0,GRID_TO_PROVIDER,4.0,4.0,SK,ENTSO-E BalancingEnergyBids
20260226052-AFRR_N-UNIT_106-1,2026-02-26,aFRR,NEG_052,-19.0,GRID_TO_PROVIDER,1.0,1.0,SK,ENTSO-E BalancingEnergyBids
20260226052-AFRR_P-UNIT_003-1,2026-02-26,aFRR,POS_052,189.0,PROVIDER_TO_GRID,5.0,5.0,SK,ENTSO-E BalancingEnergyBids
20260226052-AFRR_P-UNIT_009-1,2026-02-26,aFRR,POS_052,165.0,PROVIDER_TO_GRID,3.0,3.0,SK,ENTSO-E BalancingEnergyBids
20260226052-AFRR_P-UNIT_019-1,2026-02-26,aFRR,POS_052,251.0,PROVIDER_TO_GRID,1.0,1.0,SK,ENTSO-E BalancingEnergyBids
20260226052-AFRR_P-UNIT_028-1,2026-02-26,aFRR,POS_052,400.0,PROVIDER_TO_GRID,11.0,11.0,SK,ENTSO-E BalancingEnergyBids
20260226052-AFRR_P-UNIT_043-1,2026-02-26,aFRR,POS_052,90.0,PROVIDER_TO_GRID,1.0,1.0,SK,ENTSO-E BalancingEnergyBids
20260226052-AFRR_P-UNIT_047-1,2026-02-26,aFRR,POS_052,0.0,PROVIDER_TO_GRID,1.0,1.0,SK,ENTSO-E BalancingEnergyBids
20260226052-AFRR_P-UNIT_052-1,2026-02-26,aFRR,POS_052,130.0,PROVIDER_TO_GRID,23.0,23.0,SK,ENTSO-E BalancingEnergyBids
20260226052-AFRR_P-UNIT_058-1,2026-02-26,aFRR,POS_052,132.0,PROVIDER_TO_GRID,1.0,1.0,SK,ENTSO-E BalancingEnergyBids
20260226052-AFRR_P-UNIT_062-1,2026-02-26,aFRR,POS_052,599.0,PROVIDER_TO_GRID,9.0,9.0,SK,ENTSO-E BalancingEnergyBids
20260226052-AFRR_P-UNIT_063-1,2026-02-26,aFRR,POS_052,140.0,PROVIDER_TO_GRID,10.0,10.0,SK,ENTSO-E BalancingEnergyBids
20260226052-AFRR_P-UNIT_068-1,2026-02-26,aFRR,POS_052,300.0,PROVIDER_TO_GRID,10.0,10.0,SK,ENTSO-E BalancingEnergyBids
20260226052-AFRR_P-UNIT_069-1,2026-02-26,aFRR,POS_052,100.0,PROVIDER_TO_GRID,15.0,15.0,SK,ENTSO-E BalancingEnergyBids
20260226052-AFRR_P-UNIT_097-1,2026-02-26,aFRR,POS_052,85.0,PROVIDER_TO_GRID,7.0,7.0,SK,ENTSO-E BalancingEnergyBids
20260226052-AFRR_P-UNIT_104-1,2026-02-26,aFRR,POS_052,750.0,PROVIDER_TO_GRID,11.0,11.0,SK,ENTSO-E BalancingEnergyBids
20260226052-AFRR_P-UNIT_106-1,2026-02-26,aFRR,POS_052,300.0,PROVIDER_TO_GRID,1.0,1.0,SK,ENTSO-E BalancingEnergyBids
20260226053-AFRR_N-UNIT_003-1,2026-02-26,aFRR,NEG_053,-5.0,GRID_TO_PROVIDER,5.0,5.0,SK,ENTSO-E BalancingEnergyBids
20260226053-AFRR_N-UNIT_013-1,2026-02-26,aFRR,NEG_053,-20.0,GRID_TO_PROVIDER,30.0,30.0,SK,ENTSO-E BalancingEnergyBids
20260226053-AFRR_N-UNIT_019-1,2026-02-26,aFRR,NEG_053,-199.0,GRID_TO_PROVIDER,1.0,1.0,SK,ENTSO-E BalancingEnergyBids
20260226053-AFRR_N-UNIT_028-1,2026-02-26,aFRR,NEG_053,-5000.0,GRID_TO_PROVIDER,13.0,13.0,SK,ENTSO-E BalancingEnergyBids
20260226053-AFRR_N-UNIT_043-1,2026-02-26,aFRR,NEG_053,-29.0,GRID_TO_PROVIDER,5.0,5.0,SK,ENTSO-E BalancingEnergyBids
20260226053-AFRR_N-UNIT_052-1,2026-02-26,aFRR,NEG_053,-30.0,GRID_TO_PROVIDER,10.0,10.0,SK,ENTSO-E BalancingEnergyBids
20260226053-AFRR_N-UNIT_058-1,2026-02-26,aFRR,NEG_053,-5.0,GRID_TO_PROVIDER,1.0,1.0,SK,ENTSO-E BalancingEnergyBids
20260226053-AFRR_N-UNIT_062-1,2026-02-26,aFRR,NEG_053,-29.0,GRID_TO_PROVIDER,8.0,8.0,SK,ENTSO-E BalancingEnergyBids
20260226053-AFRR_N-UNIT_068-1,2026-02-26,aFRR,NEG_053,-9000.0,GRID_TO_PROVIDER,4.0,4.0,SK,ENTSO-E BalancingEnergyBids
20260226053-AFRR_N-UNIT_069-1,2026-02-26,aFRR,NEG_053,-500.0,GRID_TO_PROVIDER,15.0,15.0,SK,ENTSO-E BalancingEnergyBids
20260226053-AFRR_N-UNIT_089-1,2026-02-26,aFRR,NEG_053,-247.75,GRID_TO_PROVIDER,3.0,3.0,SK,ENTSO-E BalancingEnergyBids
20260226053-AFRR_N-UNIT_104-1,2026-02-26,aFRR,NEG_053,-100.0,GRID_TO_PROVIDER,4.0,4.0,SK,ENTSO-E BalancingEnergyBids
20260226053-AFRR_N-UNIT_106-1,2026-02-26,aFRR,NEG_053,-19.0,GRID_TO_PROVIDER,1.0,1.0,SK,ENTSO-E BalancingEnergyBids
20260226053-AFRR_P-UNIT_003-1,2026-02-26,aFRR,POS_053,189.0,PROVIDER_TO_GRID,5.0,5.0,SK,ENTSO-E BalancingEnergyBids
20260226053-AFRR_P-UNIT_009-1,2026-02-26,aFRR,POS_053,165.0,PROVIDER_TO_GRID,3.0,3.0,SK,ENTSO-E BalancingEnergyBids
20260226053-AFRR_P-UNIT_019-1,2026-02-26,aFRR,POS_053,251.0,PROVIDER_TO_GRID,1.0,1.0,SK,ENTSO-E BalancingEnergyBids
20260226053-AFRR_P-UNIT_028-1,2026-02-26,aFRR,POS_053,400.0,PROVIDER_TO_GRID,11.0,11.0,SK,ENTSO-E BalancingEnergyBids
20260226053-AFRR_P-UNIT_043-1,2026-02-26,aFRR,POS_053,90.0,PROVIDER_TO_GRID,1.0,1.0,SK,ENTSO-E BalancingEnergyBids
20260226053-AFRR_P-UNIT_047-1,2026-02-26,aFRR,POS_053,0.0,PROVIDER_TO_GRID,1.0,1.0,SK,ENTSO-E BalancingEnergyBids
20260226053-AFRR_P-UNIT_052-1,2026-02-26,aFRR,POS_053,135.0,PROVIDER_TO_GRID,23.0,23.0,SK,ENTSO-E BalancingEnergyBids
20260226053-AFRR_P-UNIT_058-1,2026-02-26,aFRR,POS_053,132.0,PROVIDER_TO_GRID,1.0,1.0,SK,ENTSO-E BalancingEnergyBids
20260226053-AFRR_P-UNIT_062-1,2026-02-26,aFRR,POS_053,599.0,PROVIDER_TO_GRID,10.0,10.0,SK,ENTSO-E BalancingEnergyBids
20260226053-AFRR_P-UNIT_063-1,2026-02-26,aFRR,POS_053,140.0,PROVIDER_TO_GRID,10.0,10.0,SK,ENTSO-E BalancingEnergyBids
20260226053-AFRR_P-UNIT_068-1,2026-02-26,aFRR,POS_053,300.0,PROVIDER_TO_GRID,10.0,10.0,SK,ENTSO-E BalancingEnergyBids
20260226053-AFRR_P-UNIT_069-1,2026-02-26,aFRR,POS_053,100.0,PROVIDER_TO_GRID,15.0,15.0,SK,ENTSO-E BalancingEnergyBids
20260226053-AFRR_P-UNIT_097-1,2026-02-26,aFRR,POS_053,85.0,PROVIDER_TO_GRID,7.0,7.0,SK,ENTSO-E BalancingEnergyBids
20260226053-AFRR_P-UNIT_104-1,2026-02-26,aFRR,POS_053,750.0,PROVIDER_TO_GRID,11.0,11.0,SK,ENTSO-E BalancingEnergyBids
20260226053-AFRR_P-UNIT_106-1,2026-02-26,aFRR,POS_053,300.0,PROVIDER_TO_GRID,1.0,1.0,SK,ENTSO-E BalancingEnergyBids
20260226054-AFRR_N-UNIT_003-1,2026-02-26,aFRR,NEG_054,-5.0,GRID_TO_PROVIDER,5.0,5.0,SK,ENTSO-E BalancingEnergyBids
20260226054-AFRR_N-UNIT_013-1,2026-02-26,aFRR,NEG_054,-20.0,GRID_TO_PROVIDER,30.0,30.0,SK,ENTSO-E BalancingEnergyBids
20260226054-AFRR_N-UNIT_019-1,2026-02-26,aFRR,NEG_054,-199.0,GRID_TO_PROVIDER,1.0,1.0,SK,ENTSO-E BalancingEnergyBids
20260226054-AFRR_N-UNIT_028-1,2026-02-26,aFRR,NEG_054,-9000.0,GRID_TO_PROVIDER,13.0,13.0,SK,ENTSO-E BalancingEnergyBids
20260226054-AFRR_N-UNIT_043-1,2026-02-26,aFRR,NEG_054,-29.0,GRID_TO_PROVIDER,5.0,5.0,SK,ENTSO-E BalancingEnergyBids
20260226054-AFRR_N-UNIT_052-1,2026-02-26,aFRR,NEG_054,-30.0,GRID_TO_PROVIDER,10.0,10.0,SK,ENTSO-E BalancingEnergyBids
20260226054-AFRR_N-UNIT_058-1,2026-02-26,aFRR,NEG_054,-5.0,GRID_TO_PROVIDER,1.0,1.0,SK,ENTSO-E BalancingEnergyBids
20260226054-AFRR_N-UNIT_062-1,2026-02-26,aFRR,NEG_054,-29.0,GRID_TO_PROVIDER,8.0,8.0,SK,ENTSO-E BalancingEnergyBids
20260226054-AFRR_N-UNIT_068-1,2026-02-26,aFRR,NEG_054,-9000.0,GRID_TO_PROVIDER,4.0,4.0,SK,ENTSO-E BalancingEnergyBids
20260226054-AFRR_N-UNIT_069-1,2026-02-26,aFRR,NEG_054,-500.0,GRID_TO_PROVIDER,15.0,15.0,SK,ENTSO-E BalancingEnergyBids
20260226054-AFRR_N-UNIT_089-1,2026-02-26,aFRR,NEG_054,-249.13,GRID_TO_PROVIDER,3.0,3.0,SK,ENTSO-E BalancingEnergyBids
20260226054-AFRR_N-UNIT_104-1,2026-02-26,aFRR,NEG_054,-100.0,GRID_TO_PROVIDER,4.0,4.0,SK,ENTSO-E BalancingEnergyBids
20260226054-AFRR_N-UNIT_106-1,2026-02-26,aFRR,NEG_054,-19.0,GRID_TO_PROVIDER,1.0,1.0,SK,ENTSO-E BalancingEnergyBids
20260226054-AFRR_P-UNIT_003-1,2026-02-26,aFRR,POS_054,189.0,PROVIDER_TO_GRID,5.0,5.0,SK,ENTSO-E BalancingEnergyBids
20260226054-AFRR_P-UNIT_009-1,2026-02-26,aFRR,POS_054,165.0,PROVIDER_TO_GRID,3.0,3.0,SK,ENTSO-E BalancingEnergyBids
20260226054-AFRR_P-UNIT_019-1,2026-02-26,aFRR,POS_054,251.0,PROVIDER_TO_GRID,1.0,1.0,SK,ENTSO-E BalancingEnergyBids
20260226054-AFRR_P-UNIT_028-1,2026-02-26,aFRR,POS_054,400.0,PROVIDER_TO_GRID,11.0,11.0,SK,ENTSO-E BalancingEnergyBids
20260226054-AFRR_P-UNIT_043-1,2026-02-26,aFRR,POS_054,90.0,PROVIDER_TO_GRID,1.0,1.0,SK,ENTSO-E BalancingEnergyBids
20260226054-AFRR_P-UNIT_047-1,2026-02-26,aFRR,POS_054,0.0,PROVIDER_TO_GRID,1.0,1.0,SK,ENTSO-E BalancingEnergyBids
20260226054-AFRR_P-UNIT_052-1,2026-02-26,aFRR,POS_054,135.0,PROVIDER_TO_GRID,23.0,23.0,SK,ENTSO-E BalancingEnergyBids
20260226054-AFRR_P-UNIT_058-1,2026-02-26,aFRR,POS_054,132.0,PROVIDER_TO_GRID,1.0,1.0,SK,ENTSO-E BalancingEnergyBids
20260226054-AFRR_P-UNIT_062-1,2026-02-26,aFRR,POS_054,599.0,PROVIDER_TO_GRID,10.0,10.0,SK,ENTSO-E BalancingEnergyBids
20260226054-AFRR_P-UNIT_063-1,2026-02-26,aFRR,POS_054,140.0,PROVIDER_TO_GRID,10.0,10.0,SK,ENTSO-E BalancingEnergyBids
20260226054-AFRR_P-UNIT_068-1,2026-02-26,aFRR,POS_054,300.0,PROVIDER_TO_GRID,10.0,10.0,SK,ENTSO-E BalancingEnergyBids
20260226054-AFRR_P-UNIT_069-1,2026-02-26,aFRR,POS_054,100.0,PROVIDER_TO_GRID,15.0,15.0,SK,ENTSO-E BalancingEnergyBids
20260226054-AFRR_P-UNIT_097-1,2026-02-26,aFRR,POS_054,85.0,PROVIDER_TO_GRID,7.0,7.0,SK,ENTSO-E BalancingEnergyBids
20260226054-AFRR_P-UNIT_104-1,2026-02-26,aFRR,POS_054,750.0,PROVIDER_TO_GRID,11.0,11.0,SK,ENTSO-E BalancingEnergyBids
20260226054-AFRR_P-UNIT_106-1,2026-02-26,aFRR,POS_054,300.0,PROVIDER_TO_GRID,1.0,1.0,SK,ENTSO-E BalancingEnergyBids
20260226055-AFRR_N-UNIT_003-1,2026-02-26,aFRR,NEG_055,-5.0,GRID_TO_PROVIDER,5.0,5.0,SK,ENTSO-E BalancingEnergyBids
20260226055-AFRR_N-UNIT_013-1,2026-02-26,aFRR,NEG_055,-20.0,GRID_TO_PROVIDER,30.0,30.0,SK,ENTSO-E BalancingEnergyBids
20260226055-AFRR_N-UNIT_019-1,2026-02-26,aFRR,NEG_055,-199.0,GRID_TO_PROVIDER,1.0,1.0,SK,ENTSO-E BalancingEnergyBids
20260226055-AFRR_N-UNIT_028-1,2026-02-26,aFRR,NEG_055,-9000.0,GRID_TO_PROVIDER,13.0,13.0,SK,ENTSO-E BalancingEnergyBids
20260226055-AFRR_N-UNIT_043-1,2026-02-26,aFRR,NEG_055,-29.0,GRID_TO_PROVIDER,5.0,5.0,SK,ENTSO-E BalancingEnergyBids
20260226055-AFRR_N-UNIT_052-1,2026-02-26,aFRR,NEG_055,-30.0,GRID_TO_PROVIDER,10.0,10.0,SK,ENTSO-E BalancingEnergyBids
20260226055-AFRR_N-UNIT_058-1,2026-02-26,aFRR,NEG_055,-5.0,GRID_TO_PROVIDER,1.0,1.0,SK,ENTSO-E BalancingEnergyBids
20260226055-AFRR_N-UNIT_062-1,2026-02-26,aFRR,NEG_055,-29.0,GRID_TO_PROVIDER,8.0,8.0,SK,ENTSO-E BalancingEnergyBids
20260226055-AFRR_N-UNIT_068-1,2026-02-26,aFRR,NEG_055,-9000.0,GRID_TO_PROVIDER,4.0,4.0,SK,ENTSO-E BalancingEnergyBids
20260226055-AFRR_N-UNIT_069-1,2026-02-26,aFRR,NEG_055,-500.0,GRID_TO_PROVIDER,15.0,15.0,SK,ENTSO-E BalancingEnergyBids
20260226055-AFRR_N-UNIT_089-1,2026-02-26,aFRR,NEG_055,-245.53,GRID_TO_PROVIDER,3.0,3.0,SK,ENTSO-E BalancingEnergyBids
20260226055-AFRR_N-UNIT_104-1,2026-02-26,aFRR,NEG_055,-100.0,GRID_TO_PROVIDER,4.0,4.0,SK,ENTSO-E BalancingEnergyBids
20260226055-AFRR_N-UNIT_106-1,2026-02-26,aFRR,NEG_055,-19.0,GRID_TO_PROVIDER,1.0,1.0,SK,ENTSO-E BalancingEnergyBids
20260226055-AFRR_P-UNIT_003-1,2026-02-26,aFRR,POS_055,189.0,PROVIDER_TO_GRID,5.0,5.0,SK,ENTSO-E BalancingEnergyBids
20260226055-AFRR_P-UNIT_009-1,2026-02-26,aFRR,POS_055,165.0,PROVIDER_TO_GRID,3.0,3.0,SK,ENTSO-E BalancingEnergyBids
20260226055-AFRR_P-UNIT_019-1,2026-02-26,aFRR,POS_055,251.0,PROVIDER_TO_GRID,1.0,1.0,SK,ENTSO-E BalancingEnergyBids
20260226055-AFRR_P-UNIT_028-1,2026-02-26,aFRR,POS_055,400.0,PROVIDER_TO_GRID,11.0,11.0,SK,ENTSO-E BalancingEnergyBids
20260226055-AFRR_P-UNIT_043-1,2026-02-26,aFRR,POS_055,90.0,PROVIDER_TO_GRID,1.0,1.0,SK,ENTSO-E BalancingEnergyBids
20260226055-AFRR_P-UNIT_047-1,2026-02-26,aFRR,POS_055,0.0,PROVIDER_TO_GRID,1.0,1.0,SK,ENTSO-E BalancingEnergyBids
20260226055-AFRR_P-UNIT_052-1,2026-02-26,aFRR,POS_055,135.0,PROVIDER_TO_GRID,23.0,23.0,SK,ENTSO-E BalancingEnergyBids
20260226055-AFRR_P-UNIT_058-1,2026-02-26,aFRR,POS_055,132.0,PROVIDER_TO_GRID,1.0,1.0,SK,ENTSO-E BalancingEnergyBids
20260226055-AFRR_P-UNIT_062-1,2026-02-26,aFRR,POS_055,599.0,PROVIDER_TO_GRID,10.0,10.0,SK,ENTSO-E BalancingEnergyBids
20260226055-AFRR_P-UNIT_063-1,2026-02-26,aFRR,POS_055,140.0,PROVIDER_TO_GRID,10.0,10.0,SK,ENTSO-E BalancingEnergyBids
20260226055-AFRR_P-UNIT_068-1,2026-02-26,aFRR,POS_055,300.0,PROVIDER_TO_GRID,10.0,10.0,SK,ENTSO-E BalancingEnergyBids
20260226055-AFRR_P-UNIT_069-1,2026-02-26,aFRR,POS_055,100.0,PROVIDER_TO_GRID,15.0,15.0,SK,ENTSO-E BalancingEnergyBids
20260226055-AFRR_P-UNIT_097-1,2026-02-26,aFRR,POS_055,85.0,PROVIDER_TO_GRID,7.0,7.0,SK,ENTSO-E BalancingEnergyBids
20260226055-AFRR_P-UNIT_104-1,2026-02-26,aFRR,POS_055,750.0,PROVIDER_TO_GRID,11.0,11.0,SK,ENTSO-E BalancingEnergyBids
20260226055-AFRR_P-UNIT_106-1,2026-02-26,aFRR,POS_055,300.0,PROVIDER_TO_GRID,1.0,1.0,SK,ENTSO-E BalancingEnergyBids
20260226057-AFRR_N-UNIT_003-1,2026-02-26,aFRR,NEG_057,-5.0,GRID_TO_PROVIDER,5.0,5.0,SK,ENTSO-E BalancingEnergyBids
20260226057-AFRR_N-UNIT_013-1,2026-02-26,aFRR,NEG_057,-20.0,GRID_TO_PROVIDER,30.0,30.0,SK,ENTSO-E BalancingEnergyBids
20260226057-AFRR_N-UNIT_019-1,2026-02-26,aFRR,NEG_057,-199.0,GRID_TO_PROVIDER,1.0,1.0,SK,ENTSO-E BalancingEnergyBids
20260226057-AFRR_N-UNIT_028-1,2026-02-26,aFRR,NEG_057,-9000.0,GRID_TO_PROVIDER,14.0,14.0,SK,ENTSO-E BalancingEnergyBids
20260226057-AFRR_N-UNIT_043-1,2026-02-26,aFRR,NEG_057,-29.0,GRID_TO_PROVIDER,5.0,5.0,SK,ENTSO-E BalancingEnergyBids
20260226057-AFRR_N-UNIT_052-1,2026-02-26,aFRR,NEG_057,-30.0,GRID_TO_PROVIDER,10.0,10.0,SK,ENTSO-E BalancingEnergyBids
20260226057-AFRR_N-UNIT_058-1,2026-02-26,aFRR,NEG_057,-5.0,GRID_TO_PROVIDER,1.0,1.0,SK,ENTSO-E BalancingEnergyBids
20260226057-AFRR_N-UNIT_062-1,2026-02-26,aFRR,NEG_057,-29.0,GRID_TO_PROVIDER,7.0,7.0,SK,ENTSO-E BalancingEnergyBids
20260226057-AFRR_N-UNIT_068-1,2026-02-26,aFRR,NEG_057,-9000.0,GRID_TO_PROVIDER,4.0,4.0,SK,ENTSO-E BalancingEnergyBids
20260226057-AFRR_N-UNIT_069-1,2026-02-26,aFRR,NEG_057,-500.0,GRID_TO_PROVIDER,15.0,15.0,SK,ENTSO-E BalancingEnergyBids
20260226057-AFRR_N-UNIT_089-1,2026-02-26,aFRR,NEG_057,-245.06,GRID_TO_PROVIDER,3.0,3.0,SK,ENTSO-E BalancingEnergyBids
20260226057-AFRR_N-UNIT_104-1,2026-02-26,aFRR,NEG_057,-100.0,GRID_TO_PROVIDER,4.0,4.0,SK,ENTSO-E BalancingEnergyBids
20260226057-AFRR_N-UNIT_106-1,2026-02-26,aFRR,NEG_057,-19.0,GRID_TO_PROVIDER,1.0,1.0,SK,ENTSO-E BalancingEnergyBids
20260226057-AFRR_P-UNIT_003-1,2026-02-26,aFRR,POS_057,189.0,PROVIDER_TO_GRID,5.0,5.0,SK,ENTSO-E BalancingEnergyBids
20260226057-AFRR_P-UNIT_009-1,2026-02-26,aFRR,POS_057,165.0,PROVIDER_TO_GRID,3.0,3.0,SK,ENTSO-E BalancingEnergyBids
20260226057-AFRR_P-UNIT_019-1,2026-02-26,aFRR,POS_057,251.0,PROVIDER_TO_GRID,1.0,1.0,SK,ENTSO-E BalancingEnergyBids
20260226057-AFRR_P-UNIT_028-1,2026-02-26,aFRR,POS_057,50.0,PROVIDER_TO_GRID,11.0,11.0,SK,ENTSO-E BalancingEnergyBids
20260226057-AFRR_P-UNIT_043-1,2026-02-26,aFRR,POS_057,90.0,PROVIDER_TO_GRID,1.0,1.0,SK,ENTSO-E BalancingEnergyBids
20260226057-AFRR_P-UNIT_047-1,2026-02-26,aFRR,POS_057,0.0,PROVIDER_TO_GRID,1.0,1.0,SK,ENTSO-E BalancingEnergyBids
20260226057-AFRR_P-UNIT_052-1,2026-02-26,aFRR,POS_057,135.0,PROVIDER_TO_GRID,23.0,23.0,SK,ENTSO-E BalancingEnergyBids
20260226057-AFRR_P-UNIT_058-1,2026-02-26,aFRR,POS_057,132.0,PROVIDER_TO_GRID,1.0,1.0,SK,ENTSO-E BalancingEnergyBids
20260226057-AFRR_P-UNIT_062-1,2026-02-26,aFRR,POS_057,599.0,PROVIDER_TO_GRID,10.0,10.0,SK,ENTSO-E BalancingEnergyBids
20260226057-AFRR_P-UNIT_063-1,2026-02-26,aFRR,POS_057,140.0,PROVIDER_TO_GRID,10.0,10.0,SK,ENTSO-E BalancingEnergyBids
20260226057-AFRR_P-UNIT_068-1,2026-02-26,aFRR,POS_057,300.0,PROVIDER_TO_GRID,10.0,10.0,SK,ENTSO-E BalancingEnergyBids
20260226057-AFRR_P-UNIT_069-1,2026-02-26,aFRR,POS_057,100.0,PROVIDER_TO_GRID,15.0,15.0,SK,ENTSO-E BalancingEnergyBids
20260226057-AFRR_P-UNIT_097-1,2026-02-26,aFRR,POS_057,85.0,PROVIDER_TO_GRID,7.0,7.0,SK,ENTSO-E BalancingEnergyBids
20260226057-AFRR_P-UNIT_104-1,2026-02-26,aFRR,POS_057,750.0,PROVIDER_TO_GRID,11.0,11.0,SK,ENTSO-E BalancingEnergyBids
20260226057-AFRR_P-UNIT_106-1,2026-02-26,aFRR,POS_057,300.0,PROVIDER_TO_GRID,1.0,1.0,SK,ENTSO-E BalancingEnergyBids
20260226058-AFRR_N-UNIT_003-1,2026-02-26,aFRR,NEG_058,-5.0,GRID_TO_PROVIDER,5.0,5.0,SK,ENTSO-E BalancingEnergyBids
20260226058-AFRR_N-UNIT_013-1,2026-02-26,aFRR,NEG_058,-20.0,GRID_TO_PROVIDER,30.0,30.0,SK,ENTSO-E BalancingEnergyBids
20260226058-AFRR_N-UNIT_019-1,2026-02-26,aFRR,NEG_058,-199.0,GRID_TO_PROVIDER,1.0,1.0,SK,ENTSO-E BalancingEnergyBids
20260226058-AFRR_N-UNIT_028-1,2026-02-26,aFRR,NEG_058,-9000.0,GRID_TO_PROVIDER,14.0,14.0,SK,ENTSO-E BalancingEnergyBids
20260226058-AFRR_N-UNIT_043-1,2026-02-26,aFRR,NEG_058,-29.0,GRID_TO_PROVIDER,5.0,5.0,SK,ENTSO-E BalancingEnergyBids
20260226058-AFRR_N-UNIT_052-1,2026-02-26,aFRR,NEG_058,-30.0,GRID_TO_PROVIDER,10.0,10.0,SK,ENTSO-E BalancingEnergyBids
20260226058-AFRR_N-UNIT_058-1,2026-02-26,aFRR,NEG_058,-5.0,GRID_TO_PROVIDER,1.0,1.0,SK,ENTSO-E BalancingEnergyBids
20260226058-AFRR_N-UNIT_062-1,2026-02-26,aFRR,NEG_058,-29.0,GRID_TO_PROVIDER,7.0,7.0,SK,ENTSO-E BalancingEnergyBids
20260226058-AFRR_N-UNIT_068-1,2026-02-26,aFRR,NEG_058,-9000.0,GRID_TO_PROVIDER,4.0,4.0,SK,ENTSO-E BalancingEnergyBids
20260226058-AFRR_N-UNIT_069-1,2026-02-26,aFRR,NEG_058,-500.0,GRID_TO_PROVIDER,15.0,15.0,SK,ENTSO-E BalancingEnergyBids
20260226058-AFRR_N-UNIT_089-1,2026-02-26,aFRR,NEG_058,-215.64,GRID_TO_PROVIDER,3.0,3.0,SK,ENTSO-E BalancingEnergyBids
20260226058-AFRR_N-UNIT_104-1,2026-02-26,aFRR,NEG_058,-100.0,GRID_TO_PROVIDER,4.0,4.0,SK,ENTSO-E BalancingEnergyBids
20260226058-AFRR_N-UNIT_106-1,2026-02-26,aFRR,NEG_058,-19.0,GRID_TO_PROVIDER,1.0,1.0,SK,ENTSO-E BalancingEnergyBids
20260226058-AFRR_P-UNIT_003-1,2026-02-26,aFRR,POS_058,189.0,PROVIDER_TO_GRID,5.0,5.0,SK,ENTSO-E BalancingEnergyBids
20260226058-AFRR_P-UNIT_009-1,2026-02-26,aFRR,POS_058,165.0,PROVIDER_TO_GRID,3.0,3.0,SK,ENTSO-E BalancingEnergyBids
20260226058-AFRR_P-UNIT_019-1,2026-02-26,aFRR,POS_058,251.0,PROVIDER_TO_GRID,1.0,1.0,SK,ENTSO-E BalancingEnergyBids
20260226058-AFRR_P-UNIT_028-1,2026-02-26,aFRR,POS_058,50.0,PROVIDER_TO_GRID,11.0,11.0,SK,ENTSO-E BalancingEnergyBids
20260226058-AFRR_P-UNIT_043-1,2026-02-26,aFRR,POS_058,90.0,PROVIDER_TO_GRID,1.0,1.0,SK,ENTSO-E BalancingEnergyBids
20260226058-AFRR_P-UNIT_047-1,2026-02-26,aFRR,POS_058,0.0,PROVIDER_TO_GRID,1.0,1.0,SK,ENTSO-E BalancingEnergyBids
20260226058-AFRR_P-UNIT_052-1,2026-02-26,aFRR,POS_058,135.0,PROVIDER_TO_GRID,23.0,23.0,SK,ENTSO-E BalancingEnergyBids
20260226058-AFRR_P-UNIT_058-1,2026-02-26,aFRR,POS_058,132.0,PROVIDER_TO_GRID,1.0,1.0,SK,ENTSO-E BalancingEnergyBids
20260226058-AFRR_P-UNIT_062-1,2026-02-26,aFRR,POS_058,599.0,PROVIDER_TO_GRID,10.0,10.0,SK,ENTSO-E BalancingEnergyBids
20260226058-AFRR_P-UNIT_063-1,2026-02-26,aFRR,POS_058,140.0,PROVIDER_TO_GRID,10.0,10.0,SK,ENTSO-E BalancingEnergyBids
20260226058-AFRR_P-UNIT_068-1,2026-02-26,aFRR,POS_058,300.0,PROVIDER_TO_GRID,10.0,10.0,SK,ENTSO-E BalancingEnergyBids
20260226058-AFRR_P-UNIT_069-1,2026-02-26,aFRR,POS_058,100.0,PROVIDER_TO_GRID,15.0,15.0,SK,ENTSO-E BalancingEnergyBids
20260226058-AFRR_P-UNIT_097-1,2026-02-26,aFRR,POS_058,85.0,PROVIDER_TO_GRID,7.0,7.0,SK,ENTSO-E BalancingEnergyBids
20260226058-AFRR_P-UNIT_104-1,2026-02-26,aFRR,POS_058,750.0,PROVIDER_TO_GRID,11.0,11.0,SK,ENTSO-E BalancingEnergyBids
20260226058-AFRR_P-UNIT_106-1,2026-02-26,aFRR,POS_058,300.0,PROVIDER_TO_GRID,1.0,1.0,SK,ENTSO-E BalancingEnergyBids
20260226059-AFRR_N-UNIT_003-1,2026-02-26,aFRR,NEG_059,-5.0,GRID_TO_PROVIDER,5.0,5.0,SK,ENTSO-E BalancingEnergyBids
20260226059-AFRR_N-UNIT_013-1,2026-02-26,aFRR,NEG_059,-20.0,GRID_TO_PROVIDER,30.0,30.0,SK,ENTSO-E BalancingEnergyBids
20260226059-AFRR_N-UNIT_019-1,2026-02-26,aFRR,NEG_059,-199.0,GRID_TO_PROVIDER,1.0,1.0,SK,ENTSO-E BalancingEnergyBids
20260226059-AFRR_N-UNIT_028-1,2026-02-26,aFRR,NEG_059,-9000.0,GRID_TO_PROVIDER,14.0,14.0,SK,ENTSO-E BalancingEnergyBids
20260226059-AFRR_N-UNIT_043-1,2026-02-26,aFRR,NEG_059,10.0,GRID_TO_PROVIDER,5.0,5.0,SK,ENTSO-E BalancingEnergyBids
20260226059-AFRR_N-UNIT_052-1,2026-02-26,aFRR,NEG_059,-30.0,GRID_TO_PROVIDER,10.0,10.0,SK,ENTSO-E BalancingEnergyBids
20260226059-AFRR_N-UNIT_058-1,2026-02-26,aFRR,NEG_059,-5.0,GRID_TO_PROVIDER,1.0,1.0,SK,ENTSO-E BalancingEnergyBids
20260226059-AFRR_N-UNIT_062-1,2026-02-26,aFRR,NEG_059,-29.0,GRID_TO_PROVIDER,7.0,7.0,SK,ENTSO-E BalancingEnergyBids
20260226059-AFRR_N-UNIT_068-1,2026-02-26,aFRR,NEG_059,-9000.0,GRID_TO_PROVIDER,4.0,4.0,SK,ENTSO-E BalancingEnergyBids
20260226059-AFRR_N-UNIT_069-1,2026-02-26,aFRR,NEG_059,-500.0,GRID_TO_PROVIDER,15.0,15.0,SK,ENTSO-E BalancingEnergyBids
20260226059-AFRR_N-UNIT_089-1,2026-02-26,aFRR,NEG_059,-197.69,GRID_TO_PROVIDER,3.0,3.0,SK,ENTSO-E BalancingEnergyBids
20260226059-AFRR_N-UNIT_104-1,2026-02-26,aFRR,NEG_059,-100.0,GRID_TO_PROVIDER,4.0,4.0,SK,ENTSO-E BalancingEnergyBids
20260226059-AFRR_N-UNIT_106-1,2026-02-26,aFRR,NEG_059,-19.0,GRID_TO_PROVIDER,1.0,1.0,SK,ENTSO-E BalancingEnergyBids
20260226059-AFRR_P-UNIT_003-1,2026-02-26,aFRR,POS_059,189.0,PROVIDER_TO_GRID,5.0,5.0,SK,ENTSO-E BalancingEnergyBids
20260226059-AFRR_P-UNIT_009-1,2026-02-26,aFRR,POS_059,165.0,PROVIDER_TO_GRID,3.0,3.0,SK,ENTSO-E BalancingEnergyBids
20260226059-AFRR_P-UNIT_019-1,2026-02-26,aFRR,POS_059,251.0,PROVIDER_TO_GRID,1.0,1.0,SK,ENTSO-E BalancingEnergyBids
20260226059-AFRR_P-UNIT_028-1,2026-02-26,aFRR,POS_059,50.0,PROVIDER_TO_GRID,11.0,11.0,SK,ENTSO-E BalancingEnergyBids
20260226059-AFRR_P-UNIT_043-1,2026-02-26,aFRR,POS_059,90.0,PROVIDER_TO_GRID,1.0,1.0,SK,ENTSO-E BalancingEnergyBids
20260226059-AFRR_P-UNIT_047-1,2026-02-26,aFRR,POS_059,0.0,PROVIDER_TO_GRID,1.0,1.0,SK,ENTSO-E BalancingEnergyBids
20260226059-AFRR_P-UNIT_052-1,2026-02-26,aFRR,POS_059,135.0,PROVIDER_TO_GRID,23.0,23.0,SK,ENTSO-E BalancingEnergyBids
20260226059-AFRR_P-UNIT_058-1,2026-02-26,aFRR,POS_059,132.0,PROVIDER_TO_GRID,1.0,1.0,SK,ENTSO-E BalancingEnergyBids
20260226059-AFRR_P-UNIT_062-1,2026-02-26,aFRR,POS_059,599.0,PROVIDER_TO_GRID,10.0,10.0,SK,ENTSO-E BalancingEnergyBids
20260226059-AFRR_P-UNIT_063-1,2026-02-26,aFRR,POS_059,140.0,PROVIDER_TO_GRID,10.0,10.0,SK,ENTSO-E BalancingEnergyBids
20260226059-AFRR_P-UNIT_068-1,2026-02-26,aFRR,POS_059,300.0,PROVIDER_TO_GRID,10.0,10.0,SK,ENTSO-E BalancingEnergyBids
20260226059-AFRR_P-UNIT_069-1,2026-02-26,aFRR,POS_059,100.0,PROVIDER_TO_GRID,15.0,15.0,SK,ENTSO-E BalancingEnergyBids
20260226059-AFRR_P-UNIT_097-1,2026-02-26,aFRR,POS_059,85.0,PROVIDER_TO_GRID,7.0,7.0,SK,ENTSO-E BalancingEnergyBids
20260226059-AFRR_P-UNIT_104-1,2026-02-26,aFRR,POS_059,750.0,PROVIDER_TO_GRID,11.0,11.0,SK,ENTSO-E BalancingEnergyBids
20260226059-AFRR_P-UNIT_106-1,2026-02-26,aFRR,POS_059,300.0,PROVIDER_TO_GRID,1.0,1.0,SK,ENTSO-E BalancingEnergyBids
20260226062-AFRR_N-UNIT_003-1,2026-02-26,aFRR,NEG_062,-5.0,GRID_TO_PROVIDER,5.0,5.0,SK,ENTSO-E BalancingEnergyBids
20260226062-AFRR_N-UNIT_013-1,2026-02-26,aFRR,NEG_062,-20.0,GRID_TO_PROVIDER,30.0,30.0,SK,ENTSO-E BalancingEnergyBids
20260226062-AFRR_N-UNIT_019-1,2026-02-26,aFRR,NEG_062,-199.0,GRID_TO_PROVIDER,1.0,1.0,SK,ENTSO-E BalancingEnergyBids
20260226062-AFRR_N-UNIT_028-1,2026-02-26,aFRR,NEG_062,-500.0,GRID_TO_PROVIDER,10.0,10.0,SK,ENTSO-E BalancingEnergyBids
20260226062-AFRR_N-UNIT_043-1,2026-02-26,aFRR,NEG_062,10.0,GRID_TO_PROVIDER,5.0,5.0,SK,ENTSO-E BalancingEnergyBids
20260226062-AFRR_N-UNIT_052-1,2026-02-26,aFRR,NEG_062,-30.0,GRID_TO_PROVIDER,10.0,10.0,SK,ENTSO-E BalancingEnergyBids
20260226062-AFRR_N-UNIT_058-1,2026-02-26,aFRR,NEG_062,-5.0,GRID_TO_PROVIDER,1.0,1.0,SK,ENTSO-E BalancingEnergyBids
20260226062-AFRR_N-UNIT_062-1,2026-02-26,aFRR,NEG_062,-29.0,GRID_TO_PROVIDER,15.0,15.0,SK,ENTSO-E BalancingEnergyBids
20260226062-AFRR_N-UNIT_068-1,2026-02-26,aFRR,NEG_062,-500.0,GRID_TO_PROVIDER,4.0,4.0,SK,ENTSO-E BalancingEnergyBids
20260226062-AFRR_N-UNIT_069-1,2026-02-26,aFRR,NEG_062,-500.0,GRID_TO_PROVIDER,15.0,15.0,SK,ENTSO-E BalancingEnergyBids
20260226062-AFRR_N-UNIT_089-1,2026-02-26,aFRR,NEG_062,-187.06,GRID_TO_PROVIDER,3.0,3.0,SK,ENTSO-E BalancingEnergyBids
20260226062-AFRR_N-UNIT_097-1,2026-02-26,aFRR,NEG_062,0.0,GRID_TO_PROVIDER,7.0,7.0,SK,ENTSO-E BalancingEnergyBids
20260226062-AFRR_N-UNIT_104-1,2026-02-26,aFRR,NEG_062,-100.0,GRID_TO_PROVIDER,4.0,4.0,SK,ENTSO-E BalancingEnergyBids
20260226062-AFRR_N-UNIT_106-1,2026-02-26,aFRR,NEG_062,-19.0,GRID_TO_PROVIDER,1.0,1.0,SK,ENTSO-E BalancingEnergyBids
20260226062-AFRR_P-UNIT_003-1,2026-02-26,aFRR,POS_062,189.0,PROVIDER_TO_GRID,5.0,5.0,SK,ENTSO-E BalancingEnergyBids
20260226062-AFRR_P-UNIT_009-1,2026-02-26,aFRR,POS_062,165.0,PROVIDER_TO_GRID,3.0,3.0,SK,ENTSO-E BalancingEnergyBids
20260226062-AFRR_P-UNIT_019-1,2026-02-26,aFRR,POS_062,251.0,PROVIDER_TO_GRID,1.0,1.0,SK,ENTSO-E BalancingEnergyBids
20260226062-AFRR_P-UNIT_028-1,2026-02-26,aFRR,POS_062,50.0,PROVIDER_TO_GRID,11.0,11.0,SK,ENTSO-E BalancingEnergyBids
20260226062-AFRR_P-UNIT_043-1,2026-02-26,aFRR,POS_062,90.0,PROVIDER_TO_GRID,1.0,1.0,SK,ENTSO-E BalancingEnergyBids
20260226062-AFRR_P-UNIT_047-1,2026-02-26,aFRR,POS_062,0.0,PROVIDER_TO_GRID,1.0,1.0,SK,ENTSO-E BalancingEnergyBids
20260226062-AFRR_P-UNIT_052-1,2026-02-26,aFRR,POS_062,140.0,PROVIDER_TO_GRID,23.0,23.0,SK,ENTSO-E BalancingEnergyBids
20260226062-AFRR_P-UNIT_058-1,2026-02-26,aFRR,POS_062,132.0,PROVIDER_TO_GRID,1.0,1.0,SK,ENTSO-E BalancingEnergyBids
20260226062-AFRR_P-UNIT_062-1,2026-02-26,aFRR,POS_062,599.0,PROVIDER_TO_GRID,10.0,10.0,SK,ENTSO-E BalancingEnergyBids
20260226062-AFRR_P-UNIT_063-1,2026-02-26,aFRR,POS_062,140.0,PROVIDER_TO_GRID,10.0,10.0,SK,ENTSO-E BalancingEnergyBids
20260226062-AFRR_P-UNIT_068-1,2026-02-26,aFRR,POS_062,300.0,PROVIDER_TO_GRID,10.0,10.0,SK,ENTSO-E BalancingEnergyBids
20260226062-AFRR_P-UNIT_069-1,2026-02-26,aFRR,POS_062,100.0,PROVIDER_TO_GRID,15.0,15.0,SK,ENTSO-E BalancingEnergyBids
20260226062-AFRR_P-UNIT_104-1,2026-02-26,aFRR,POS_062,750.0,PROVIDER_TO_GRID,11.0,11.0,SK,ENTSO-E BalancingEnergyBids
20260226062-AFRR_P-UNIT_106-1,2026-02-26,aFRR,POS_062,300.0,PROVIDER_TO_GRID,1.0,1.0,SK,ENTSO-E BalancingEnergyBids
20260226063-AFRR_N-UNIT_003-1,2026-02-26,aFRR,NEG_063,-5.0,GRID_TO_PROVIDER,5.0,5.0,SK,ENTSO-E BalancingEnergyBids
20260226063-AFRR_N-UNIT_013-1,2026-02-26,aFRR,NEG_063,-20.0,GRID_TO_PROVIDER,30.0,30.0,SK,ENTSO-E BalancingEnergyBids
20260226063-AFRR_N-UNIT_019-1,2026-02-26,aFRR,NEG_063,-199.0,GRID_TO_PROVIDER,1.0,1.0,SK,ENTSO-E BalancingEnergyBids
20260226063-AFRR_N-UNIT_028-1,2026-02-26,aFRR,NEG_063,-350.0,GRID_TO_PROVIDER,10.0,10.0,SK,ENTSO-E BalancingEnergyBids
20260226063-AFRR_N-UNIT_043-1,2026-02-26,aFRR,NEG_063,10.0,GRID_TO_PROVIDER,5.0,5.0,SK,ENTSO-E BalancingEnergyBids
20260226063-AFRR_N-UNIT_052-1,2026-02-26,aFRR,NEG_063,-30.0,GRID_TO_PROVIDER,10.0,10.0,SK,ENTSO-E BalancingEnergyBids
20260226063-AFRR_N-UNIT_058-1,2026-02-26,aFRR,NEG_063,-5.0,GRID_TO_PROVIDER,1.0,1.0,SK,ENTSO-E BalancingEnergyBids
20260226063-AFRR_N-UNIT_062-1,2026-02-26,aFRR,NEG_063,-29.0,GRID_TO_PROVIDER,15.0,15.0,SK,ENTSO-E BalancingEnergyBids
20260226063-AFRR_N-UNIT_068-1,2026-02-26,aFRR,NEG_063,-350.0,GRID_TO_PROVIDER,4.0,4.0,SK,ENTSO-E BalancingEnergyBids
20260226063-AFRR_N-UNIT_069-1,2026-02-26,aFRR,NEG_063,-500.0,GRID_TO_PROVIDER,15.0,15.0,SK,ENTSO-E BalancingEnergyBids
20260226063-AFRR_N-UNIT_089-1,2026-02-26,aFRR,NEG_063,-178.75,GRID_TO_PROVIDER,3.0,3.0,SK,ENTSO-E BalancingEnergyBids
20260226063-AFRR_N-UNIT_097-1,2026-02-26,aFRR,NEG_063,0.0,GRID_TO_PROVIDER,7.0,7.0,SK,ENTSO-E BalancingEnergyBids
20260226063-AFRR_N-UNIT_104-1,2026-02-26,aFRR,NEG_063,-100.0,GRID_TO_PROVIDER,4.0,4.0,SK,ENTSO-E BalancingEnergyBids
20260226063-AFRR_N-UNIT_106-1,2026-02-26,aFRR,NEG_063,-19.0,GRID_TO_PROVIDER,1.0,1.0,SK,ENTSO-E BalancingEnergyBids
20260226063-AFRR_P-UNIT_003-1,2026-02-26,aFRR,POS_063,189.0,PROVIDER_TO_GRID,5.0,5.0,SK,ENTSO-E BalancingEnergyBids
20260226063-AFRR_P-UNIT_009-1,2026-02-26,aFRR,POS_063,165.0,PROVIDER_TO_GRID,3.0,3.0,SK,ENTSO-E BalancingEnergyBids
20260226063-AFRR_P-UNIT_019-1,2026-02-26,aFRR,POS_063,251.0,PROVIDER_TO_GRID,1.0,1.0,SK,ENTSO-E BalancingEnergyBids
20260226063-AFRR_P-UNIT_028-1,2026-02-26,aFRR,POS_063,50.0,PROVIDER_TO_GRID,11.0,11.0,SK,ENTSO-E BalancingEnergyBids
20260226063-AFRR_P-UNIT_043-1,2026-02-26,aFRR,POS_063,101.0,PROVIDER_TO_GRID,1.0,1.0,SK,ENTSO-E BalancingEnergyBids
20260226063-AFRR_P-UNIT_047-1,2026-02-26,aFRR,POS_063,0.0,PROVIDER_TO_GRID,1.0,1.0,SK,ENTSO-E BalancingEnergyBids
20260226063-AFRR_P-UNIT_052-1,2026-02-26,aFRR,POS_063,140.0,PROVIDER_TO_GRID,23.0,23.0,SK,ENTSO-E BalancingEnergyBids
20260226063-AFRR_P-UNIT_058-1,2026-02-26,aFRR,POS_063,132.0,PROVIDER_TO_GRID,1.0,1.0,SK,ENTSO-E BalancingEnergyBids
20260226063-AFRR_P-UNIT_062-1,2026-02-26,aFRR,POS_063,599.0,PROVIDER_TO_GRID,10.0,10.0,SK,ENTSO-E BalancingEnergyBids
20260226063-AFRR_P-UNIT_063-1,2026-02-26,aFRR,POS_063,140.0,PROVIDER_TO_GRID,10.0,10.0,SK,ENTSO-E BalancingEnergyBids
20260226063-AFRR_P-UNIT_068-1,2026-02-26,aFRR,POS_063,200.0,PROVIDER_TO_GRID,10.0,10.0,SK,ENTSO-E BalancingEnergyBids
20260226063-AFRR_P-UNIT_069-1,2026-02-26,aFRR,POS_063,100.0,PROVIDER_TO_GRID,15.0,15.0,SK,ENTSO-E BalancingEnergyBids
20260226063-AFRR_P-UNIT_104-1,2026-02-26,aFRR,POS_063,750.0,PROVIDER_TO_GRID,11.0,11.0,SK,ENTSO-E BalancingEnergyBids
20260226063-AFRR_P-UNIT_106-1,2026-02-26,aFRR,POS_063,300.0,PROVIDER_TO_GRID,1.0,1.0,SK,ENTSO-E BalancingEnergyBids
20260226067-AFRR_N-UNIT_003-1,2026-02-26,aFRR,NEG_067,-5.0,GRID_TO_PROVIDER,5.0,5.0,SK,ENTSO-E BalancingEnergyBids
20260226067-AFRR_N-UNIT_013-1,2026-02-26,aFRR,NEG_067,-20.0,GRID_TO_PROVIDER,30.0,30.0,SK,ENTSO-E BalancingEnergyBids
20260226067-AFRR_N-UNIT_019-1,2026-02-26,aFRR,NEG_067,-199.0,GRID_TO_PROVIDER,1.0,1.0,SK,ENTSO-E BalancingEnergyBids
20260226067-AFRR_N-UNIT_028-1,2026-02-26,aFRR,NEG_067,-100.0,GRID_TO_PROVIDER,10.0,10.0,SK,ENTSO-E BalancingEnergyBids
20260226067-AFRR_N-UNIT_043-1,2026-02-26,aFRR,NEG_067,10.0,GRID_TO_PROVIDER,7.0,7.0,SK,ENTSO-E BalancingEnergyBids
20260226067-AFRR_N-UNIT_049-1,2026-02-26,aFRR,NEG_067,35.0,GRID_TO_PROVIDER,45.0,45.0,SK,ENTSO-E BalancingEnergyBids
20260226067-AFRR_N-UNIT_052-1,2026-02-26,aFRR,NEG_067,-30.0,GRID_TO_PROVIDER,10.0,10.0,SK,ENTSO-E BalancingEnergyBids
20260226067-AFRR_N-UNIT_058-1,2026-02-26,aFRR,NEG_067,-5.0,GRID_TO_PROVIDER,1.0,1.0,SK,ENTSO-E BalancingEnergyBids
20260226067-AFRR_N-UNIT_062-1,2026-02-26,aFRR,NEG_067,-29.0,GRID_TO_PROVIDER,12.0,12.0,SK,ENTSO-E BalancingEnergyBids
20260226067-AFRR_N-UNIT_068-1,2026-02-26,aFRR,NEG_067,-100.0,GRID_TO_PROVIDER,4.0,4.0,SK,ENTSO-E BalancingEnergyBids
20260226067-AFRR_N-UNIT_069-1,2026-02-26,aFRR,NEG_067,-250.0,GRID_TO_PROVIDER,15.0,15.0,SK,ENTSO-E BalancingEnergyBids
20260226067-AFRR_N-UNIT_089-1,2026-02-26,aFRR,NEG_067,-143.57,GRID_TO_PROVIDER,3.0,3.0,SK,ENTSO-E BalancingEnergyBids
20260226067-AFRR_N-UNIT_097-1,2026-02-26,aFRR,NEG_067,0.0,GRID_TO_PROVIDER,7.0,7.0,SK,ENTSO-E BalancingEnergyBids
20260226067-AFRR_N-UNIT_104-1,2026-02-26,aFRR,NEG_067,-100.0,GRID_TO_PROVIDER,4.0,4.0,SK,ENTSO-E BalancingEnergyBids
20260226067-AFRR_N-UNIT_106-1,2026-02-26,aFRR,NEG_067,-19.0,GRID_TO_PROVIDER,1.0,1.0,SK,ENTSO-E BalancingEnergyBids
20260226067-AFRR_P-UNIT_003-1,2026-02-26,aFRR,POS_067,189.0,PROVIDER_TO_GRID,5.0,5.0,SK,ENTSO-E BalancingEnergyBids
20260226067-AFRR_P-UNIT_019-1,2026-02-26,aFRR,POS_067,251.0,PROVIDER_TO_GRID,1.0,1.0,SK,ENTSO-E BalancingEnergyBids
20260226067-AFRR_P-UNIT_028-1,2026-02-26,aFRR,POS_067,50.0,PROVIDER_TO_GRID,11.0,11.0,SK,ENTSO-E BalancingEnergyBids
20260226067-AFRR_P-UNIT_036-1,2026-02-26,aFRR,POS_067,165.0,PROVIDER_TO_GRID,19.0,19.0,SK,ENTSO-E BalancingEnergyBids
20260226067-AFRR_P-UNIT_043-1,2026-02-26,aFRR,POS_067,122.0,PROVIDER_TO_GRID,1.0,1.0,SK,ENTSO-E BalancingEnergyBids
20260226067-AFRR_P-UNIT_047-1,2026-02-26,aFRR,POS_067,0.0,PROVIDER_TO_GRID,1.0,1.0,SK,ENTSO-E BalancingEnergyBids
20260226067-AFRR_P-UNIT_049-1,2026-02-26,aFRR,POS_067,120.0,PROVIDER_TO_GRID,45.0,45.0,SK,ENTSO-E BalancingEnergyBids
20260226067-AFRR_P-UNIT_052-1,2026-02-26,aFRR,POS_067,140.0,PROVIDER_TO_GRID,23.0,23.0,SK,ENTSO-E BalancingEnergyBids
20260226067-AFRR_P-UNIT_058-1,2026-02-26,aFRR,POS_067,163.0,PROVIDER_TO_GRID,1.0,1.0,SK,ENTSO-E BalancingEnergyBids
20260226067-AFRR_P-UNIT_062-1,2026-02-26,aFRR,POS_067,599.0,PROVIDER_TO_GRID,9.0,9.0,SK,ENTSO-E BalancingEnergyBids
20260226067-AFRR_P-UNIT_063-1,2026-02-26,aFRR,POS_067,140.0,PROVIDER_TO_GRID,10.0,10.0,SK,ENTSO-E BalancingEnergyBids
20260226067-AFRR_P-UNIT_068-1,2026-02-26,aFRR,POS_067,200.0,PROVIDER_TO_GRID,5.0,5.0,SK,ENTSO-E BalancingEnergyBids
20260226067-AFRR_P-UNIT_069-1,2026-02-26,aFRR,POS_067,100.0,PROVIDER_TO_GRID,15.0,15.0,SK,ENTSO-E BalancingEnergyBids
20260226067-AFRR_P-UNIT_104-1,2026-02-26,aFRR,POS_067,750.0,PROVIDER_TO_GRID,11.0,11.0,SK,ENTSO-E BalancingEnergyBids
20260226067-AFRR_P-UNIT_106-1,2026-02-26,aFRR,POS_067,300.0,PROVIDER_TO_GRID,1.0,1.0,SK,ENTSO-E BalancingEnergyBids
20260226069-AFRR_N-UNIT_003-1,2026-02-26,aFRR,NEG_069,-5.0,GRID_TO_PROVIDER,6.0,6.0,SK,ENTSO-E BalancingEnergyBids
20260226069-AFRR_N-UNIT_013-1,2026-02-26,aFRR,NEG_069,-20.0,GRID_TO_PROVIDER,30.0,30.0,SK,ENTSO-E BalancingEnergyBids
20260226069-AFRR_N-UNIT_019-1,2026-02-26,aFRR,NEG_069,-199.0,GRID_TO_PROVIDER,1.0,1.0,SK,ENTSO-E BalancingEnergyBids
20260226069-AFRR_N-UNIT_028-1,2026-02-26,aFRR,NEG_069,-50.0,GRID_TO_PROVIDER,10.0,10.0,SK,ENTSO-E BalancingEnergyBids
20260226069-AFRR_N-UNIT_043-1,2026-02-26,aFRR,NEG_069,10.0,GRID_TO_PROVIDER,7.0,7.0,SK,ENTSO-E BalancingEnergyBids
20260226069-AFRR_N-UNIT_049-1,2026-02-26,aFRR,NEG_069,35.0,GRID_TO_PROVIDER,45.0,45.0,SK,ENTSO-E BalancingEnergyBids
20260226069-AFRR_N-UNIT_052-1,2026-02-26,aFRR,NEG_069,-30.0,GRID_TO_PROVIDER,10.0,10.0,SK,ENTSO-E BalancingEnergyBids
20260226069-AFRR_N-UNIT_058-1,2026-02-26,aFRR,NEG_069,-5.0,GRID_TO_PROVIDER,1.0,1.0,SK,ENTSO-E BalancingEnergyBids
20260226069-AFRR_N-UNIT_062-1,2026-02-26,aFRR,NEG_069,-29.0,GRID_TO_PROVIDER,11.0,11.0,SK,ENTSO-E BalancingEnergyBids
20260226069-AFRR_N-UNIT_068-1,2026-02-26,aFRR,NEG_069,-50.0,GRID_TO_PROVIDER,4.0,4.0,SK,ENTSO-E BalancingEnergyBids
20260226069-AFRR_N-UNIT_069-1,2026-02-26,aFRR,NEG_069,-150.0,GRID_TO_PROVIDER,15.0,15.0,SK,ENTSO-E BalancingEnergyBids
20260226069-AFRR_N-UNIT_089-1,2026-02-26,aFRR,NEG_069,-153.42,GRID_TO_PROVIDER,3.0,3.0,SK,ENTSO-E BalancingEnergyBids
20260226069-AFRR_N-UNIT_097-1,2026-02-26,aFRR,NEG_069,0.0,GRID_TO_PROVIDER,7.0,7.0,SK,ENTSO-E BalancingEnergyBids
20260226069-AFRR_N-UNIT_104-1,2026-02-26,aFRR,NEG_069,-100.0,GRID_TO_PROVIDER,4.0,4.0,SK,ENTSO-E BalancingEnergyBids
20260226069-AFRR_N-UNIT_106-1,2026-02-26,aFRR,NEG_069,-19.0,GRID_TO_PROVIDER,1.0,1.0,SK,ENTSO-E BalancingEnergyBids
20260226069-AFRR_P-UNIT_003-1,2026-02-26,aFRR,POS_069,189.0,PROVIDER_TO_GRID,4.0,4.0,SK,ENTSO-E BalancingEnergyBids
20260226069-AFRR_P-UNIT_019-1,2026-02-26,aFRR,POS_069,251.0,PROVIDER_TO_GRID,1.0,1.0,SK,ENTSO-E BalancingEnergyBids
20260226069-AFRR_P-UNIT_028-1,2026-02-26,aFRR,POS_069,50.0,PROVIDER_TO_GRID,11.0,11.0,SK,ENTSO-E BalancingEnergyBids
20260226069-AFRR_P-UNIT_036-1,2026-02-26,aFRR,POS_069,165.0,PROVIDER_TO_GRID,5.0,5.0,SK,ENTSO-E BalancingEnergyBids
20260226069-AFRR_P-UNIT_047-1,2026-02-26,aFRR,POS_069,0.0,PROVIDER_TO_GRID,1.0,1.0,SK,ENTSO-E BalancingEnergyBids
20260226069-AFRR_P-UNIT_049-1,2026-02-26,aFRR,POS_069,120.0,PROVIDER_TO_GRID,45.0,45.0,SK,ENTSO-E BalancingEnergyBids
20260226069-AFRR_P-UNIT_052-1,2026-02-26,aFRR,POS_069,140.0,PROVIDER_TO_GRID,23.0,23.0,SK,ENTSO-E BalancingEnergyBids
20260226069-AFRR_P-UNIT_058-1,2026-02-26,aFRR,POS_069,149.21,PROVIDER_TO_GRID,1.0,1.0,SK,ENTSO-E BalancingEnergyBids
20260226069-AFRR_P-UNIT_062-1,2026-02-26,aFRR,POS_069,112.0,PROVIDER_TO_GRID,9.0,9.0,SK,ENTSO-E BalancingEnergyBids
20260226069-AFRR_P-UNIT_063-1,2026-02-26,aFRR,POS_069,140.0,PROVIDER_TO_GRID,10.0,10.0,SK,ENTSO-E BalancingEnergyBids
20260226069-AFRR_P-UNIT_065-1,2026-02-26,aFRR,POS_069,165.0,PROVIDER_TO_GRID,16.0,16.0,SK,ENTSO-E BalancingEnergyBids
20260226069-AFRR_P-UNIT_068-1,2026-02-26,aFRR,POS_069,200.0,PROVIDER_TO_GRID,5.0,5.0,SK,ENTSO-E BalancingEnergyBids
20260226069-AFRR_P-UNIT_069-1,2026-02-26,aFRR,POS_069,100.0,PROVIDER_TO_GRID,15.0,15.0,SK,ENTSO-E BalancingEnergyBids
20260226069-AFRR_P-UNIT_104-1,2026-02-26,aFRR,POS_069,750.0,PROVIDER_TO_GRID,11.0,11.0,SK,ENTSO-E BalancingEnergyBids
20260226069-AFRR_P-UNIT_106-1,2026-02-26,aFRR,POS_069,300.0,PROVIDER_TO_GRID,1.0,1.0,SK,ENTSO-E BalancingEnergyBids
20260226071-AFRR_N-UNIT_003-1,2026-02-26,aFRR,NEG_071,-5.0,GRID_TO_PROVIDER,6.0,6.0,SK,ENTSO-E BalancingEnergyBids
20260226071-AFRR_N-UNIT_013-1,2026-02-26,aFRR,NEG_071,-20.0,GRID_TO_PROVIDER,30.0,30.0,SK,ENTSO-E BalancingEnergyBids
20260226071-AFRR_N-UNIT_019-1,2026-02-26,aFRR,NEG_071,-199.0,GRID_TO_PROVIDER,1.0,1.0,SK,ENTSO-E BalancingEnergyBids
20260226071-AFRR_N-UNIT_028-1,2026-02-26,aFRR,NEG_071,-50.0,GRID_TO_PROVIDER,10.0,10.0,SK,ENTSO-E BalancingEnergyBids
20260226071-AFRR_N-UNIT_043-1,2026-02-26,aFRR,NEG_071,10.0,GRID_TO_PROVIDER,7.0,7.0,SK,ENTSO-E BalancingEnergyBids
20260226071-AFRR_N-UNIT_049-1,2026-02-26,aFRR,NEG_071,35.0,GRID_TO_PROVIDER,45.0,45.0,SK,ENTSO-E BalancingEnergyBids
20260226071-AFRR_N-UNIT_052-1,2026-02-26,aFRR,NEG_071,-30.0,GRID_TO_PROVIDER,10.0,10.0,SK,ENTSO-E BalancingEnergyBids
20260226071-AFRR_N-UNIT_058-1,2026-02-26,aFRR,NEG_071,-5.0,GRID_TO_PROVIDER,1.0,1.0,SK,ENTSO-E BalancingEnergyBids
20260226071-AFRR_N-UNIT_062-1,2026-02-26,aFRR,NEG_071,-29.0,GRID_TO_PROVIDER,11.0,11.0,SK,ENTSO-E BalancingEnergyBids
20260226071-AFRR_N-UNIT_068-1,2026-02-26,aFRR,NEG_071,-50.0,GRID_TO_PROVIDER,4.0,4.0,SK,ENTSO-E BalancingEnergyBids
20260226071-AFRR_N-UNIT_069-1,2026-02-26,aFRR,NEG_071,-150.0,GRID_TO_PROVIDER,15.0,15.0,SK,ENTSO-E BalancingEnergyBids
20260226071-AFRR_N-UNIT_089-1,2026-02-26,aFRR,NEG_071,-138.38,GRID_TO_PROVIDER,3.0,3.0,SK,ENTSO-E BalancingEnergyBids
20260226071-AFRR_N-UNIT_097-1,2026-02-26,aFRR,NEG_071,0.0,GRID_TO_PROVIDER,7.0,7.0,SK,ENTSO-E BalancingEnergyBids
20260226071-AFRR_N-UNIT_104-1,2026-02-26,aFRR,NEG_071,-100.0,GRID_TO_PROVIDER,4.0,4.0,SK,ENTSO-E BalancingEnergyBids
20260226071-AFRR_N-UNIT_106-1,2026-02-26,aFRR,NEG_071,-19.0,GRID_TO_PROVIDER,1.0,1.0,SK,ENTSO-E BalancingEnergyBids
20260226071-AFRR_P-UNIT_003-1,2026-02-26,aFRR,POS_071,189.0,PROVIDER_TO_GRID,4.0,4.0,SK,ENTSO-E BalancingEnergyBids
20260226071-AFRR_P-UNIT_019-1,2026-02-26,aFRR,POS_071,251.0,PROVIDER_TO_GRID,1.0,1.0,SK,ENTSO-E BalancingEnergyBids
20260226071-AFRR_P-UNIT_028-1,2026-02-26,aFRR,POS_071,200.0,PROVIDER_TO_GRID,11.0,11.0,SK,ENTSO-E BalancingEnergyBids
20260226071-AFRR_P-UNIT_036-1,2026-02-26,aFRR,POS_071,170.94,PROVIDER_TO_GRID,5.0,5.0,SK,ENTSO-E BalancingEnergyBids
20260226071-AFRR_P-UNIT_047-1,2026-02-26,aFRR,POS_071,0.0,PROVIDER_TO_GRID,1.0,1.0,SK,ENTSO-E BalancingEnergyBids
20260226071-AFRR_P-UNIT_049-1,2026-02-26,aFRR,POS_071,150.0,PROVIDER_TO_GRID,45.0,45.0,SK,ENTSO-E BalancingEnergyBids
20260226071-AFRR_P-UNIT_052-1,2026-02-26,aFRR,POS_071,140.0,PROVIDER_TO_GRID,23.0,23.0,SK,ENTSO-E BalancingEnergyBids
20260226071-AFRR_P-UNIT_058-1,2026-02-26,aFRR,POS_071,170.26,PROVIDER_TO_GRID,1.0,1.0,SK,ENTSO-E BalancingEnergyBids
20260226071-AFRR_P-UNIT_062-1,2026-02-26,aFRR,POS_071,128.0,PROVIDER_TO_GRID,9.0,9.0,SK,ENTSO-E BalancingEnergyBids
20260226071-AFRR_P-UNIT_063-1,2026-02-26,aFRR,POS_071,140.0,PROVIDER_TO_GRID,10.0,10.0,SK,ENTSO-E BalancingEnergyBids
20260226071-AFRR_P-UNIT_065-1,2026-02-26,aFRR,POS_071,170.94,PROVIDER_TO_GRID,16.0,16.0,SK,ENTSO-E BalancingEnergyBids
20260226071-AFRR_P-UNIT_068-1,2026-02-26,aFRR,POS_071,200.0,PROVIDER_TO_GRID,5.0,5.0,SK,ENTSO-E BalancingEnergyBids
20260226071-AFRR_P-UNIT_069-1,2026-02-26,aFRR,POS_071,100.0,PROVIDER_TO_GRID,15.0,15.0,SK,ENTSO-E BalancingEnergyBids
20260226071-AFRR_P-UNIT_104-1,2026-02-26,aFRR,POS_071,750.0,PROVIDER_TO_GRID,11.0,11.0,SK,ENTSO-E BalancingEnergyBids
20260226071-AFRR_P-UNIT_106-1,2026-02-26,aFRR,POS_071,300.0,PROVIDER_TO_GRID,1.0,1.0,SK,ENTSO-E BalancingEnergyBids
20260226072-AFRR_N-UNIT_003-1,2026-02-26,aFRR,NEG_072,-5.0,GRID_TO_PROVIDER,6.0,6.0,SK,ENTSO-E BalancingEnergyBids
20260226072-AFRR_N-UNIT_013-1,2026-02-26,aFRR,NEG_072,-20.0,GRID_TO_PROVIDER,30.0,30.0,SK,ENTSO-E BalancingEnergyBids
20260226072-AFRR_N-UNIT_019-1,2026-02-26,aFRR,NEG_072,-199.0,GRID_TO_PROVIDER,1.0,1.0,SK,ENTSO-E BalancingEnergyBids
20260226072-AFRR_N-UNIT_028-1,2026-02-26,aFRR,NEG_072,-50.0,GRID_TO_PROVIDER,10.0,10.0,SK,ENTSO-E BalancingEnergyBids
20260226072-AFRR_N-UNIT_043-1,2026-02-26,aFRR,NEG_072,10.0,GRID_TO_PROVIDER,7.0,7.0,SK,ENTSO-E BalancingEnergyBids
20260226072-AFRR_N-UNIT_052-1,2026-02-26,aFRR,NEG_072,-30.0,GRID_TO_PROVIDER,10.0,10.0,SK,ENTSO-E BalancingEnergyBids
20260226072-AFRR_N-UNIT_058-1,2026-02-26,aFRR,NEG_072,-5.0,GRID_TO_PROVIDER,1.0,1.0,SK,ENTSO-E BalancingEnergyBids
20260226072-AFRR_N-UNIT_062-1,2026-02-26,aFRR,NEG_072,-29.0,GRID_TO_PROVIDER,15.0,15.0,SK,ENTSO-E BalancingEnergyBids
20260226072-AFRR_N-UNIT_068-1,2026-02-26,aFRR,NEG_072,-50.0,GRID_TO_PROVIDER,4.0,4.0,SK,ENTSO-E BalancingEnergyBids
20260226072-AFRR_N-UNIT_069-1,2026-02-26,aFRR,NEG_072,-150.0,GRID_TO_PROVIDER,15.0,15.0,SK,ENTSO-E BalancingEnergyBids
20260226072-AFRR_N-UNIT_089-1,2026-02-26,aFRR,NEG_072,-132.02,GRID_TO_PROVIDER,3.0,3.0,SK,ENTSO-E BalancingEnergyBids
20260226072-AFRR_N-UNIT_097-1,2026-02-26,aFRR,NEG_072,0.0,GRID_TO_PROVIDER,7.0,7.0,SK,ENTSO-E BalancingEnergyBids
20260226072-AFRR_N-UNIT_104-1,2026-02-26,aFRR,NEG_072,-100.0,GRID_TO_PROVIDER,4.0,4.0,SK,ENTSO-E BalancingEnergyBids
20260226072-AFRR_N-UNIT_106-1,2026-02-26,aFRR,NEG_072,-19.0,GRID_TO_PROVIDER,1.0,1.0,SK,ENTSO-E BalancingEnergyBids
20260226072-AFRR_P-UNIT_003-1,2026-02-26,aFRR,POS_072,189.0,PROVIDER_TO_GRID,4.0,4.0,SK,ENTSO-E BalancingEnergyBids
20260226072-AFRR_P-UNIT_019-1,2026-02-26,aFRR,POS_072,251.0,PROVIDER_TO_GRID,1.0,1.0,SK,ENTSO-E BalancingEnergyBids
20260226072-AFRR_P-UNIT_028-1,2026-02-26,aFRR,POS_072,200.0,PROVIDER_TO_GRID,11.0,11.0,SK,ENTSO-E BalancingEnergyBids
20260226072-AFRR_P-UNIT_036-1,2026-02-26,aFRR,POS_072,178.57,PROVIDER_TO_GRID,32.0,32.0,SK,ENTSO-E BalancingEnergyBids
20260226072-AFRR_P-UNIT_047-1,2026-02-26,aFRR,POS_072,0.0,PROVIDER_TO_GRID,1.0,1.0,SK,ENTSO-E BalancingEnergyBids
20260226072-AFRR_P-UNIT_052-1,2026-02-26,aFRR,POS_072,140.0,PROVIDER_TO_GRID,23.0,23.0,SK,ENTSO-E BalancingEnergyBids
20260226072-AFRR_P-UNIT_058-1,2026-02-26,aFRR,POS_072,179.17,PROVIDER_TO_GRID,1.0,1.0,SK,ENTSO-E BalancingEnergyBids
20260226072-AFRR_P-UNIT_062-1,2026-02-26,aFRR,POS_072,134.0,PROVIDER_TO_GRID,9.0,9.0,SK,ENTSO-E BalancingEnergyBids
20260226072-AFRR_P-UNIT_063-1,2026-02-26,aFRR,POS_072,140.0,PROVIDER_TO_GRID,10.0,10.0,SK,ENTSO-E BalancingEnergyBids
20260226072-AFRR_P-UNIT_065-1,2026-02-26,aFRR,POS_072,178.57,PROVIDER_TO_GRID,16.0,16.0,SK,ENTSO-E BalancingEnergyBids
20260226072-AFRR_P-UNIT_068-1,2026-02-26,aFRR,POS_072,200.0,PROVIDER_TO_GRID,5.0,5.0,SK,ENTSO-E BalancingEnergyBids
20260226072-AFRR_P-UNIT_069-1,2026-02-26,aFRR,POS_072,100.0,PROVIDER_TO_GRID,15.0,15.0,SK,ENTSO-E BalancingEnergyBids
20260226072-AFRR_P-UNIT_104-1,2026-02-26,aFRR,POS_072,750.0,PROVIDER_TO_GRID,11.0,11.0,SK,ENTSO-E BalancingEnergyBids
20260226072-AFRR_P-UNIT_106-1,2026-02-26,aFRR,POS_072,300.0,PROVIDER_TO_GRID,1.0,1.0,SK,ENTSO-E BalancingEnergyBids
20260226073-AFRR_N-UNIT_003-1,2026-02-26,aFRR,NEG_073,-5.0,GRID_TO_PROVIDER,6.0,6.0,SK,ENTSO-E BalancingEnergyBids
20260226073-AFRR_N-UNIT_013-1,2026-02-26,aFRR,NEG_073,-20.0,GRID_TO_PROVIDER,30.0,30.0,SK,ENTSO-E BalancingEnergyBids
20260226073-AFRR_N-UNIT_019-1,2026-02-26,aFRR,NEG_073,-199.0,GRID_TO_PROVIDER,1.0,1.0,SK,ENTSO-E BalancingEnergyBids
20260226073-AFRR_N-UNIT_028-1,2026-02-26,aFRR,NEG_073,-50.0,GRID_TO_PROVIDER,10.0,10.0,SK,ENTSO-E BalancingEnergyBids
20260226073-AFRR_N-UNIT_043-1,2026-02-26,aFRR,NEG_073,10.0,GRID_TO_PROVIDER,7.0,7.0,SK,ENTSO-E BalancingEnergyBids
20260226073-AFRR_N-UNIT_049-1,2026-02-26,aFRR,NEG_073,35.0,GRID_TO_PROVIDER,45.0,45.0,SK,ENTSO-E BalancingEnergyBids
20260226073-AFRR_N-UNIT_052-1,2026-02-26,aFRR,NEG_073,-30.0,GRID_TO_PROVIDER,10.0,10.0,SK,ENTSO-E BalancingEnergyBids
20260226073-AFRR_N-UNIT_058-1,2026-02-26,aFRR,NEG_073,-5.0,GRID_TO_PROVIDER,1.0,1.0,SK,ENTSO-E BalancingEnergyBids
20260226073-AFRR_N-UNIT_062-1,2026-02-26,aFRR,NEG_073,-29.0,GRID_TO_PROVIDER,11.0,11.0,SK,ENTSO-E BalancingEnergyBids
20260226073-AFRR_N-UNIT_068-1,2026-02-26,aFRR,NEG_073,-50.0,GRID_TO_PROVIDER,4.0,4.0,SK,ENTSO-E BalancingEnergyBids
20260226073-AFRR_N-UNIT_069-1,2026-02-26,aFRR,NEG_073,-150.0,GRID_TO_PROVIDER,15.0,15.0,SK,ENTSO-E BalancingEnergyBids
20260226073-AFRR_N-UNIT_089-1,2026-02-26,aFRR,NEG_073,-141.05,GRID_TO_PROVIDER,3.0,3.0,SK,ENTSO-E BalancingEnergyBids
20260226073-AFRR_N-UNIT_097-1,2026-02-26,aFRR,NEG_073,0.0,GRID_TO_PROVIDER,7.0,7.0,SK,ENTSO-E BalancingEnergyBids
20260226073-AFRR_N-UNIT_104-1,2026-02-26,aFRR,NEG_073,-100.0,GRID_TO_PROVIDER,4.0,4.0,SK,ENTSO-E BalancingEnergyBids
20260226073-AFRR_N-UNIT_106-1,2026-02-26,aFRR,NEG_073,-19.0,GRID_TO_PROVIDER,1.0,1.0,SK,ENTSO-E BalancingEnergyBids
20260226073-AFRR_P-UNIT_003-1,2026-02-26,aFRR,POS_073,189.0,PROVIDER_TO_GRID,4.0,4.0,SK,ENTSO-E BalancingEnergyBids
20260226073-AFRR_P-UNIT_019-1,2026-02-26,aFRR,POS_073,251.0,PROVIDER_TO_GRID,1.0,1.0,SK,ENTSO-E BalancingEnergyBids
20260226073-AFRR_P-UNIT_028-1,2026-02-26,aFRR,POS_073,200.0,PROVIDER_TO_GRID,11.0,11.0,SK,ENTSO-E BalancingEnergyBids
20260226073-AFRR_P-UNIT_036-1,2026-02-26,aFRR,POS_073,167.74,PROVIDER_TO_GRID,32.0,32.0,SK,ENTSO-E BalancingEnergyBids
20260226073-AFRR_P-UNIT_047-1,2026-02-26,aFRR,POS_073,0.0,PROVIDER_TO_GRID,1.0,1.0,SK,ENTSO-E BalancingEnergyBids
20260226073-AFRR_P-UNIT_052-1,2026-02-26,aFRR,POS_073,140.0,PROVIDER_TO_GRID,23.0,23.0,SK,ENTSO-E BalancingEnergyBids
20260226073-AFRR_P-UNIT_058-1,2026-02-26,aFRR,POS_073,166.53,PROVIDER_TO_GRID,1.0,1.0,SK,ENTSO-E BalancingEnergyBids
20260226073-AFRR_P-UNIT_062-1,2026-02-26,aFRR,POS_073,125.0,PROVIDER_TO_GRID,9.0,9.0,SK,ENTSO-E BalancingEnergyBids
20260226073-AFRR_P-UNIT_063-1,2026-02-26,aFRR,POS_073,140.0,PROVIDER_TO_GRID,10.0,10.0,SK,ENTSO-E BalancingEnergyBids
20260226073-AFRR_P-UNIT_065-1,2026-02-26,aFRR,POS_073,167.74,PROVIDER_TO_GRID,16.0,16.0,SK,ENTSO-E BalancingEnergyBids
20260226073-AFRR_P-UNIT_068-1,2026-02-26,aFRR,POS_073,150.0,PROVIDER_TO_GRID,8.0,8.0,SK,ENTSO-E BalancingEnergyBids
20260226073-AFRR_P-UNIT_069-1,2026-02-26,aFRR,POS_073,100.0,PROVIDER_TO_GRID,15.0,15.0,SK,ENTSO-E BalancingEnergyBids
20260226073-AFRR_P-UNIT_104-1,2026-02-26,aFRR,POS_073,750.0,PROVIDER_TO_GRID,11.0,11.0,SK,ENTSO-E BalancingEnergyBids
20260226073-AFRR_P-UNIT_106-1,2026-02-26,aFRR,POS_073,300.0,PROVIDER_TO_GRID,1.0,1.0,SK,ENTSO-E BalancingEnergyBids
20260226074-AFRR_N-UNIT_003-1,2026-02-26,aFRR,NEG_074,-5.0,GRID_TO_PROVIDER,6.0,6.0,SK,ENTSO-E BalancingEnergyBids
20260226074-AFRR_N-UNIT_013-1,2026-02-26,aFRR,NEG_074,-20.0,GRID_TO_PROVIDER,30.0,30.0,SK,ENTSO-E BalancingEnergyBids
20260226074-AFRR_N-UNIT_019-1,2026-02-26,aFRR,NEG_074,-199.0,GRID_TO_PROVIDER,1.0,1.0,SK,ENTSO-E BalancingEnergyBids
20260226074-AFRR_N-UNIT_028-1,2026-02-26,aFRR,NEG_074,-50.0,GRID_TO_PROVIDER,10.0,10.0,SK,ENTSO-E BalancingEnergyBids
20260226074-AFRR_N-UNIT_043-1,2026-02-26,aFRR,NEG_074,10.0,GRID_TO_PROVIDER,7.0,7.0,SK,ENTSO-E BalancingEnergyBids
20260226074-AFRR_N-UNIT_049-1,2026-02-26,aFRR,NEG_074,35.0,GRID_TO_PROVIDER,45.0,45.0,SK,ENTSO-E BalancingEnergyBids
20260226074-AFRR_N-UNIT_052-1,2026-02-26,aFRR,NEG_074,-30.0,GRID_TO_PROVIDER,10.0,10.0,SK,ENTSO-E BalancingEnergyBids
20260226074-AFRR_N-UNIT_058-1,2026-02-26,aFRR,NEG_074,-5.0,GRID_TO_PROVIDER,1.0,1.0,SK,ENTSO-E BalancingEnergyBids
20260226074-AFRR_N-UNIT_062-1,2026-02-26,aFRR,NEG_074,-29.0,GRID_TO_PROVIDER,11.0,11.0,SK,ENTSO-E BalancingEnergyBids
20260226074-AFRR_N-UNIT_068-1,2026-02-26,aFRR,NEG_074,-50.0,GRID_TO_PROVIDER,4.0,4.0,SK,ENTSO-E BalancingEnergyBids
20260226074-AFRR_N-UNIT_069-1,2026-02-26,aFRR,NEG_074,-150.0,GRID_TO_PROVIDER,15.0,15.0,SK,ENTSO-E BalancingEnergyBids
20260226074-AFRR_N-UNIT_089-1,2026-02-26,aFRR,NEG_074,-140.9,GRID_TO_PROVIDER,3.0,3.0,SK,ENTSO-E BalancingEnergyBids
20260226074-AFRR_N-UNIT_097-1,2026-02-26,aFRR,NEG_074,0.0,GRID_TO_PROVIDER,7.0,7.0,SK,ENTSO-E BalancingEnergyBids
20260226074-AFRR_N-UNIT_104-1,2026-02-26,aFRR,NEG_074,-100.0,GRID_TO_PROVIDER,4.0,4.0,SK,ENTSO-E BalancingEnergyBids
20260226074-AFRR_N-UNIT_106-1,2026-02-26,aFRR,NEG_074,-19.0,GRID_TO_PROVIDER,1.0,1.0,SK,ENTSO-E BalancingEnergyBids
20260226074-AFRR_P-UNIT_003-1,2026-02-26,aFRR,POS_074,189.0,PROVIDER_TO_GRID,4.0,4.0,SK,ENTSO-E BalancingEnergyBids
20260226074-AFRR_P-UNIT_019-1,2026-02-26,aFRR,POS_074,251.0,PROVIDER_TO_GRID,1.0,1.0,SK,ENTSO-E BalancingEnergyBids
20260226074-AFRR_P-UNIT_028-1,2026-02-26,aFRR,POS_074,200.0,PROVIDER_TO_GRID,11.0,11.0,SK,ENTSO-E BalancingEnergyBids
20260226074-AFRR_P-UNIT_036-1,2026-02-26,aFRR,POS_074,167.92,PROVIDER_TO_GRID,32.0,32.0,SK,ENTSO-E BalancingEnergyBids
20260226074-AFRR_P-UNIT_047-1,2026-02-26,aFRR,POS_074,0.0,PROVIDER_TO_GRID,1.0,1.0,SK,ENTSO-E BalancingEnergyBids
20260226074-AFRR_P-UNIT_052-1,2026-02-26,aFRR,POS_074,140.0,PROVIDER_TO_GRID,23.0,23.0,SK,ENTSO-E BalancingEnergyBids
20260226074-AFRR_P-UNIT_058-1,2026-02-26,aFRR,POS_074,166.74,PROVIDER_TO_GRID,1.0,1.0,SK,ENTSO-E BalancingEnergyBids
20260226074-AFRR_P-UNIT_062-1,2026-02-26,aFRR,POS_074,125.0,PROVIDER_TO_GRID,9.0,9.0,SK,ENTSO-E BalancingEnergyBids
20260226074-AFRR_P-UNIT_063-1,2026-02-26,aFRR,POS_074,140.0,PROVIDER_TO_GRID,10.0,10.0,SK,ENTSO-E BalancingEnergyBids
20260226074-AFRR_P-UNIT_065-1,2026-02-26,aFRR,POS_074,167.92,PROVIDER_TO_GRID,16.0,16.0,SK,ENTSO-E BalancingEnergyBids
20260226074-AFRR_P-UNIT_068-1,2026-02-26,aFRR,POS_074,150.0,PROVIDER_TO_GRID,8.0,8.0,SK,ENTSO-E BalancingEnergyBids
20260226074-AFRR_P-UNIT_069-1,2026-02-26,aFRR,POS_074,100.0,PROVIDER_TO_GRID,15.0,15.0,SK,ENTSO-E BalancingEnergyBids
20260226074-AFRR_P-UNIT_104-1,2026-02-26,aFRR,POS_074,750.0,PROVIDER_TO_GRID,11.0,11.0,SK,ENTSO-E BalancingEnergyBids
20260226074-AFRR_P-UNIT_106-1,2026-02-26,aFRR,POS_074,300.0,PROVIDER_TO_GRID,1.0,1.0,SK,ENTSO-E BalancingEnergyBids
20260226075-AFRR_N-UNIT_003-1,2026-02-26,aFRR,NEG_075,-5.0,GRID_TO_PROVIDER,6.0,6.0,SK,ENTSO-E BalancingEnergyBids
20260226075-AFRR_N-UNIT_013-1,2026-02-26,aFRR,NEG_075,-20.0,GRID_TO_PROVIDER,30.0,30.0,SK,ENTSO-E BalancingEnergyBids
20260226075-AFRR_N-UNIT_019-1,2026-02-26,aFRR,NEG_075,-199.0,GRID_TO_PROVIDER,1.0,1.0,SK,ENTSO-E BalancingEnergyBids
20260226075-AFRR_N-UNIT_028-1,2026-02-26,aFRR,NEG_075,-50.0,GRID_TO_PROVIDER,10.0,10.0,SK,ENTSO-E BalancingEnergyBids
20260226075-AFRR_N-UNIT_043-1,2026-02-26,aFRR,NEG_075,10.0,GRID_TO_PROVIDER,7.0,7.0,SK,ENTSO-E BalancingEnergyBids
20260226075-AFRR_N-UNIT_049-1,2026-02-26,aFRR,NEG_075,35.0,GRID_TO_PROVIDER,45.0,45.0,SK,ENTSO-E BalancingEnergyBids
20260226075-AFRR_N-UNIT_052-1,2026-02-26,aFRR,NEG_075,-30.0,GRID_TO_PROVIDER,10.0,10.0,SK,ENTSO-E BalancingEnergyBids
20260226075-AFRR_N-UNIT_058-1,2026-02-26,aFRR,NEG_075,-5.0,GRID_TO_PROVIDER,1.0,1.0,SK,ENTSO-E BalancingEnergyBids
20260226075-AFRR_N-UNIT_062-1,2026-02-26,aFRR,NEG_075,-29.0,GRID_TO_PROVIDER,11.0,11.0,SK,ENTSO-E BalancingEnergyBids
20260226075-AFRR_N-UNIT_068-1,2026-02-26,aFRR,NEG_075,-50.0,GRID_TO_PROVIDER,4.0,4.0,SK,ENTSO-E BalancingEnergyBids
20260226075-AFRR_N-UNIT_069-1,2026-02-26,aFRR,NEG_075,-150.0,GRID_TO_PROVIDER,15.0,15.0,SK,ENTSO-E BalancingEnergyBids
20260226075-AFRR_N-UNIT_089-1,2026-02-26,aFRR,NEG_075,-140.37,GRID_TO_PROVIDER,3.0,3.0,SK,ENTSO-E BalancingEnergyBids
20260226075-AFRR_N-UNIT_097-1,2026-02-26,aFRR,NEG_075,0.0,GRID_TO_PROVIDER,7.0,7.0,SK,ENTSO-E BalancingEnergyBids
20260226075-AFRR_N-UNIT_104-1,2026-02-26,aFRR,NEG_075,-100.0,GRID_TO_PROVIDER,4.0,4.0,SK,ENTSO-E BalancingEnergyBids
20260226075-AFRR_N-UNIT_106-1,2026-02-26,aFRR,NEG_075,-19.0,GRID_TO_PROVIDER,1.0,1.0,SK,ENTSO-E BalancingEnergyBids
20260226075-AFRR_P-UNIT_003-1,2026-02-26,aFRR,POS_075,189.0,PROVIDER_TO_GRID,4.0,4.0,SK,ENTSO-E BalancingEnergyBids
20260226075-AFRR_P-UNIT_019-1,2026-02-26,aFRR,POS_075,251.0,PROVIDER_TO_GRID,1.0,1.0,SK,ENTSO-E BalancingEnergyBids
20260226075-AFRR_P-UNIT_028-1,2026-02-26,aFRR,POS_075,50.0,PROVIDER_TO_GRID,11.0,11.0,SK,ENTSO-E BalancingEnergyBids
20260226075-AFRR_P-UNIT_036-1,2026-02-26,aFRR,POS_075,168.55,PROVIDER_TO_GRID,32.0,32.0,SK,ENTSO-E BalancingEnergyBids
20260226075-AFRR_P-UNIT_047-1,2026-02-26,aFRR,POS_075,0.0,PROVIDER_TO_GRID,1.0,1.0,SK,ENTSO-E BalancingEnergyBids
20260226075-AFRR_P-UNIT_052-1,2026-02-26,aFRR,POS_075,140.0,PROVIDER_TO_GRID,23.0,23.0,SK,ENTSO-E BalancingEnergyBids
20260226075-AFRR_P-UNIT_058-1,2026-02-26,aFRR,POS_075,167.48,PROVIDER_TO_GRID,1.0,1.0,SK,ENTSO-E BalancingEnergyBids
20260226075-AFRR_P-UNIT_062-1,2026-02-26,aFRR,POS_075,126.0,PROVIDER_TO_GRID,9.0,9.0,SK,ENTSO-E BalancingEnergyBids
20260226075-AFRR_P-UNIT_063-1,2026-02-26,aFRR,POS_075,140.0,PROVIDER_TO_GRID,10.0,10.0,SK,ENTSO-E BalancingEnergyBids
20260226075-AFRR_P-UNIT_065-1,2026-02-26,aFRR,POS_075,168.55,PROVIDER_TO_GRID,16.0,16.0,SK,ENTSO-E BalancingEnergyBids
20260226075-AFRR_P-UNIT_068-1,2026-02-26,aFRR,POS_075,150.0,PROVIDER_TO_GRID,8.0,8.0,SK,ENTSO-E BalancingEnergyBids
20260226075-AFRR_P-UNIT_069-1,2026-02-26,aFRR,POS_075,100.0,PROVIDER_TO_GRID,15.0,15.0,SK,ENTSO-E BalancingEnergyBids
20260226075-AFRR_P-UNIT_104-1,2026-02-26,aFRR,POS_075,750.0,PROVIDER_TO_GRID,11.0,11.0,SK,ENTSO-E BalancingEnergyBids
20260226075-AFRR_P-UNIT_106-1,2026-02-26,aFRR,POS_075,300.0,PROVIDER_TO_GRID,1.0,1.0,SK,ENTSO-E BalancingEnergyBids
20260226077-AFRR_N-UNIT_003-1,2026-02-26,aFRR,NEG_077,-5.0,GRID_TO_PROVIDER,6.0,6.0,SK,ENTSO-E BalancingEnergyBids
20260226077-AFRR_N-UNIT_013-1,2026-02-26,aFRR,NEG_077,-20.0,GRID_TO_PROVIDER,30.0,30.0,SK,ENTSO-E BalancingEnergyBids
20260226077-AFRR_N-UNIT_019-1,2026-02-26,aFRR,NEG_077,-199.0,GRID_TO_PROVIDER,1.0,1.0,SK,ENTSO-E BalancingEnergyBids
20260226077-AFRR_N-UNIT_028-1,2026-02-26,aFRR,NEG_077,-50.0,GRID_TO_PROVIDER,10.0,10.0,SK,ENTSO-E BalancingEnergyBids
20260226077-AFRR_N-UNIT_043-1,2026-02-26,aFRR,NEG_077,10.0,GRID_TO_PROVIDER,7.0,7.0,SK,ENTSO-E BalancingEnergyBids
20260226077-AFRR_N-UNIT_049-1,2026-02-26,aFRR,NEG_077,35.0,GRID_TO_PROVIDER,45.0,45.0,SK,ENTSO-E BalancingEnergyBids
20260226077-AFRR_N-UNIT_052-1,2026-02-26,aFRR,NEG_077,-30.0,GRID_TO_PROVIDER,10.0,10.0,SK,ENTSO-E BalancingEnergyBids
20260226077-AFRR_N-UNIT_058-1,2026-02-26,aFRR,NEG_077,-5.0,GRID_TO_PROVIDER,1.0,1.0,SK,ENTSO-E BalancingEnergyBids
20260226077-AFRR_N-UNIT_062-1,2026-02-26,aFRR,NEG_077,-29.0,GRID_TO_PROVIDER,11.0,11.0,SK,ENTSO-E BalancingEnergyBids
20260226077-AFRR_N-UNIT_068-1,2026-02-26,aFRR,NEG_077,-50.0,GRID_TO_PROVIDER,4.0,4.0,SK,ENTSO-E BalancingEnergyBids
20260226077-AFRR_N-UNIT_069-1,2026-02-26,aFRR,NEG_077,-150.0,GRID_TO_PROVIDER,15.0,15.0,SK,ENTSO-E BalancingEnergyBids
20260226077-AFRR_N-UNIT_089-1,2026-02-26,aFRR,NEG_077,-139.04,GRID_TO_PROVIDER,3.0,3.0,SK,ENTSO-E BalancingEnergyBids
20260226077-AFRR_N-UNIT_097-1,2026-02-26,aFRR,NEG_077,0.0,GRID_TO_PROVIDER,7.0,7.0,SK,ENTSO-E BalancingEnergyBids
20260226077-AFRR_N-UNIT_104-1,2026-02-26,aFRR,NEG_077,-100.0,GRID_TO_PROVIDER,4.0,4.0,SK,ENTSO-E BalancingEnergyBids
20260226077-AFRR_N-UNIT_106-1,2026-02-26,aFRR,NEG_077,-19.0,GRID_TO_PROVIDER,1.0,1.0,SK,ENTSO-E BalancingEnergyBids
20260226077-AFRR_P-UNIT_003-1,2026-02-26,aFRR,POS_077,189.0,PROVIDER_TO_GRID,4.0,4.0,SK,ENTSO-E BalancingEnergyBids
20260226077-AFRR_P-UNIT_019-1,2026-02-26,aFRR,POS_077,251.0,PROVIDER_TO_GRID,1.0,1.0,SK,ENTSO-E BalancingEnergyBids
20260226077-AFRR_P-UNIT_028-1,2026-02-26,aFRR,POS_077,50.0,PROVIDER_TO_GRID,11.0,11.0,SK,ENTSO-E BalancingEnergyBids
20260226077-AFRR_P-UNIT_036-1,2026-02-26,aFRR,POS_077,170.15,PROVIDER_TO_GRID,32.0,32.0,SK,ENTSO-E BalancingEnergyBids
20260226077-AFRR_P-UNIT_047-1,2026-02-26,aFRR,POS_077,0.0,PROVIDER_TO_GRID,1.0,1.0,SK,ENTSO-E BalancingEnergyBids
20260226077-AFRR_P-UNIT_052-1,2026-02-26,aFRR,POS_077,140.0,PROVIDER_TO_GRID,23.0,23.0,SK,ENTSO-E BalancingEnergyBids
20260226077-AFRR_P-UNIT_058-1,2026-02-26,aFRR,POS_077,169.34,PROVIDER_TO_GRID,1.0,1.0,SK,ENTSO-E BalancingEnergyBids
20260226077-AFRR_P-UNIT_062-1,2026-02-26,aFRR,POS_077,127.0,PROVIDER_TO_GRID,9.0,9.0,SK,ENTSO-E BalancingEnergyBids
20260226077-AFRR_P-UNIT_063-1,2026-02-26,aFRR,POS_077,140.0,PROVIDER_TO_GRID,10.0,10.0,SK,ENTSO-E BalancingEnergyBids
20260226077-AFRR_P-UNIT_065-1,2026-02-26,aFRR,POS_077,170.15,PROVIDER_TO_GRID,16.0,16.0,SK,ENTSO-E BalancingEnergyBids
20260226077-AFRR_P-UNIT_068-1,2026-02-26,aFRR,POS_077,150.0,PROVIDER_TO_GRID,8.0,8.0,SK,ENTSO-E BalancingEnergyBids
20260226077-AFRR_P-UNIT_069-1,2026-02-26,aFRR,POS_077,100.0,PROVIDER_TO_GRID,15.0,15.0,SK,ENTSO-E BalancingEnergyBids
20260226077-AFRR_P-UNIT_104-1,2026-02-26,aFRR,POS_077,750.0,PROVIDER_TO_GRID,11.0,11.0,SK,ENTSO-E BalancingEnergyBids
20260226077-AFRR_P-UNIT_106-1,2026-02-26,aFRR,POS_077,300.0,PROVIDER_TO_GRID,1.0,1.0,SK,ENTSO-E BalancingEnergyBids
20260226079-AFRR_N-UNIT_003-1,2026-02-26,aFRR,NEG_079,-5.0,GRID_TO_PROVIDER,6.0,6.0,SK,ENTSO-E BalancingEnergyBids
20260226079-AFRR_N-UNIT_013-1,2026-02-26,aFRR,NEG_079,-20.0,GRID_TO_PROVIDER,30.0,30.0,SK,ENTSO-E BalancingEnergyBids
20260226079-AFRR_N-UNIT_019-1,2026-02-26,aFRR,NEG_079,-199.0,GRID_TO_PROVIDER,1.0,1.0,SK,ENTSO-E BalancingEnergyBids
20260226079-AFRR_N-UNIT_028-1,2026-02-26,aFRR,NEG_079,-50.0,GRID_TO_PROVIDER,10.0,10.0,SK,ENTSO-E BalancingEnergyBids
20260226079-AFRR_N-UNIT_043-1,2026-02-26,aFRR,NEG_079,10.0,GRID_TO_PROVIDER,7.0,7.0,SK,ENTSO-E BalancingEnergyBids
20260226079-AFRR_N-UNIT_049-1,2026-02-26,aFRR,NEG_079,35.0,GRID_TO_PROVIDER,45.0,45.0,SK,ENTSO-E BalancingEnergyBids
20260226079-AFRR_N-UNIT_052-1,2026-02-26,aFRR,NEG_079,-30.0,GRID_TO_PROVIDER,10.0,10.0,SK,ENTSO-E BalancingEnergyBids
20260226079-AFRR_N-UNIT_058-1,2026-02-26,aFRR,NEG_079,-5.0,GRID_TO_PROVIDER,1.0,1.0,SK,ENTSO-E BalancingEnergyBids
20260226079-AFRR_N-UNIT_062-1,2026-02-26,aFRR,NEG_079,-29.0,GRID_TO_PROVIDER,11.0,11.0,SK,ENTSO-E BalancingEnergyBids
20260226079-AFRR_N-UNIT_068-1,2026-02-26,aFRR,NEG_079,-50.0,GRID_TO_PROVIDER,4.0,4.0,SK,ENTSO-E BalancingEnergyBids
20260226079-AFRR_N-UNIT_069-1,2026-02-26,aFRR,NEG_079,-150.0,GRID_TO_PROVIDER,15.0,15.0,SK,ENTSO-E BalancingEnergyBids
20260226079-AFRR_N-UNIT_089-1,2026-02-26,aFRR,NEG_079,-159.22,GRID_TO_PROVIDER,3.0,3.0,SK,ENTSO-E BalancingEnergyBids
20260226079-AFRR_N-UNIT_097-1,2026-02-26,aFRR,NEG_079,0.0,GRID_TO_PROVIDER,7.0,7.0,SK,ENTSO-E BalancingEnergyBids
20260226079-AFRR_N-UNIT_104-1,2026-02-26,aFRR,NEG_079,-100.0,GRID_TO_PROVIDER,4.0,4.0,SK,ENTSO-E BalancingEnergyBids
20260226079-AFRR_N-UNIT_106-1,2026-02-26,aFRR,NEG_079,-19.0,GRID_TO_PROVIDER,1.0,1.0,SK,ENTSO-E BalancingEnergyBids
20260226079-AFRR_P-UNIT_003-1,2026-02-26,aFRR,POS_079,189.0,PROVIDER_TO_GRID,4.0,4.0,SK,ENTSO-E BalancingEnergyBids
20260226079-AFRR_P-UNIT_019-1,2026-02-26,aFRR,POS_079,251.0,PROVIDER_TO_GRID,1.0,1.0,SK,ENTSO-E BalancingEnergyBids
20260226079-AFRR_P-UNIT_028-1,2026-02-26,aFRR,POS_079,50.0,PROVIDER_TO_GRID,11.0,11.0,SK,ENTSO-E BalancingEnergyBids
20260226079-AFRR_P-UNIT_036-1,2026-02-26,aFRR,POS_079,165.0,PROVIDER_TO_GRID,32.0,32.0,SK,ENTSO-E BalancingEnergyBids
20260226079-AFRR_P-UNIT_047-1,2026-02-26,aFRR,POS_079,0.0,PROVIDER_TO_GRID,1.0,1.0,SK,ENTSO-E BalancingEnergyBids
20260226079-AFRR_P-UNIT_052-1,2026-02-26,aFRR,POS_079,140.0,PROVIDER_TO_GRID,23.0,23.0,SK,ENTSO-E BalancingEnergyBids
20260226079-AFRR_P-UNIT_058-1,2026-02-26,aFRR,POS_079,141.09,PROVIDER_TO_GRID,1.0,1.0,SK,ENTSO-E BalancingEnergyBids
20260226079-AFRR_P-UNIT_062-1,2026-02-26,aFRR,POS_079,121.0,PROVIDER_TO_GRID,9.0,9.0,SK,ENTSO-E BalancingEnergyBids
20260226079-AFRR_P-UNIT_063-1,2026-02-26,aFRR,POS_079,140.0,PROVIDER_TO_GRID,10.0,10.0,SK,ENTSO-E BalancingEnergyBids
20260226079-AFRR_P-UNIT_065-1,2026-02-26,aFRR,POS_079,165.0,PROVIDER_TO_GRID,16.0,16.0,SK,ENTSO-E BalancingEnergyBids
20260226079-AFRR_P-UNIT_068-1,2026-02-26,aFRR,POS_079,150.0,PROVIDER_TO_GRID,8.0,8.0,SK,ENTSO-E BalancingEnergyBids
20260226079-AFRR_P-UNIT_069-1,2026-02-26,aFRR,POS_079,100.0,PROVIDER_TO_GRID,15.0,15.0,SK,ENTSO-E BalancingEnergyBids
20260226079-AFRR_P-UNIT_104-1,2026-02-26,aFRR,POS_079,750.0,PROVIDER_TO_GRID,11.0,11.0,SK,ENTSO-E BalancingEnergyBids
20260226079-AFRR_P-UNIT_106-1,2026-02-26,aFRR,POS_079,300.0,PROVIDER_TO_GRID,1.0,1.0,SK,ENTSO-E BalancingEnergyBids
20260226080-AFRR_N-UNIT_003-1,2026-02-26,aFRR,NEG_080,-5.0,GRID_TO_PROVIDER,6.0,6.0,SK,ENTSO-E BalancingEnergyBids
20260226080-AFRR_N-UNIT_013-1,2026-02-26,aFRR,NEG_080,-20.0,GRID_TO_PROVIDER,30.0,30.0,SK,ENTSO-E BalancingEnergyBids
20260226080-AFRR_N-UNIT_019-1,2026-02-26,aFRR,NEG_080,-199.0,GRID_TO_PROVIDER,1.0,1.0,SK,ENTSO-E BalancingEnergyBids
20260226080-AFRR_N-UNIT_028-1,2026-02-26,aFRR,NEG_080,-50.0,GRID_TO_PROVIDER,10.0,10.0,SK,ENTSO-E BalancingEnergyBids
20260226080-AFRR_N-UNIT_043-1,2026-02-26,aFRR,NEG_080,10.0,GRID_TO_PROVIDER,7.0,7.0,SK,ENTSO-E BalancingEnergyBids
20260226080-AFRR_N-UNIT_049-1,2026-02-26,aFRR,NEG_080,35.0,GRID_TO_PROVIDER,45.0,45.0,SK,ENTSO-E BalancingEnergyBids
20260226080-AFRR_N-UNIT_052-1,2026-02-26,aFRR,NEG_080,-30.0,GRID_TO_PROVIDER,10.0,10.0,SK,ENTSO-E BalancingEnergyBids
20260226080-AFRR_N-UNIT_058-1,2026-02-26,aFRR,NEG_080,-5.0,GRID_TO_PROVIDER,1.0,1.0,SK,ENTSO-E BalancingEnergyBids
20260226080-AFRR_N-UNIT_062-1,2026-02-26,aFRR,NEG_080,-29.0,GRID_TO_PROVIDER,11.0,11.0,SK,ENTSO-E BalancingEnergyBids
20260226080-AFRR_N-UNIT_068-1,2026-02-26,aFRR,NEG_080,-50.0,GRID_TO_PROVIDER,4.0,4.0,SK,ENTSO-E BalancingEnergyBids
20260226080-AFRR_N-UNIT_069-1,2026-02-26,aFRR,NEG_080,-150.0,GRID_TO_PROVIDER,15.0,15.0,SK,ENTSO-E BalancingEnergyBids
20260226080-AFRR_N-UNIT_089-1,2026-02-26,aFRR,NEG_080,-161.27,GRID_TO_PROVIDER,3.0,3.0,SK,ENTSO-E BalancingEnergyBids
20260226080-AFRR_N-UNIT_097-1,2026-02-26,aFRR,NEG_080,0.0,GRID_TO_PROVIDER,7.0,7.0,SK,ENTSO-E BalancingEnergyBids
20260226080-AFRR_N-UNIT_104-1,2026-02-26,aFRR,NEG_080,-100.0,GRID_TO_PROVIDER,4.0,4.0,SK,ENTSO-E BalancingEnergyBids
20260226080-AFRR_N-UNIT_106-1,2026-02-26,aFRR,NEG_080,-19.0,GRID_TO_PROVIDER,1.0,1.0,SK,ENTSO-E BalancingEnergyBids
20260226080-AFRR_P-UNIT_003-1,2026-02-26,aFRR,POS_080,189.0,PROVIDER_TO_GRID,4.0,4.0,SK,ENTSO-E BalancingEnergyBids
20260226080-AFRR_P-UNIT_019-1,2026-02-26,aFRR,POS_080,251.0,PROVIDER_TO_GRID,1.0,1.0,SK,ENTSO-E BalancingEnergyBids
20260226080-AFRR_P-UNIT_028-1,2026-02-26,aFRR,POS_080,50.0,PROVIDER_TO_GRID,11.0,11.0,SK,ENTSO-E BalancingEnergyBids
20260226080-AFRR_P-UNIT_036-1,2026-02-26,aFRR,POS_080,165.0,PROVIDER_TO_GRID,32.0,32.0,SK,ENTSO-E BalancingEnergyBids
20260226080-AFRR_P-UNIT_047-1,2026-02-26,aFRR,POS_080,0.0,PROVIDER_TO_GRID,1.0,1.0,SK,ENTSO-E BalancingEnergyBids
20260226080-AFRR_P-UNIT_052-1,2026-02-26,aFRR,POS_080,140.0,PROVIDER_TO_GRID,23.0,23.0,SK,ENTSO-E BalancingEnergyBids
20260226080-AFRR_P-UNIT_058-1,2026-02-26,aFRR,POS_080,138.22,PROVIDER_TO_GRID,1.0,1.0,SK,ENTSO-E BalancingEnergyBids
20260226080-AFRR_P-UNIT_062-1,2026-02-26,aFRR,POS_080,119.0,PROVIDER_TO_GRID,9.0,9.0,SK,ENTSO-E BalancingEnergyBids
20260226080-AFRR_P-UNIT_063-1,2026-02-26,aFRR,POS_080,140.0,PROVIDER_TO_GRID,10.0,10.0,SK,ENTSO-E BalancingEnergyBids
20260226080-AFRR_P-UNIT_065-1,2026-02-26,aFRR,POS_080,165.0,PROVIDER_TO_GRID,16.0,16.0,SK,ENTSO-E BalancingEnergyBids
20260226080-AFRR_P-UNIT_068-1,2026-02-26,aFRR,POS_080,150.0,PROVIDER_TO_GRID,8.0,8.0,SK,ENTSO-E BalancingEnergyBids
20260226080-AFRR_P-UNIT_069-1,2026-02-26,aFRR,POS_080,100.0,PROVIDER_TO_GRID,15.0,15.0,SK,ENTSO-E BalancingEnergyBids
20260226080-AFRR_P-UNIT_104-1,2026-02-26,aFRR,POS_080,750.0,PROVIDER_TO_GRID,11.0,11.0,SK,ENTSO-E BalancingEnergyBids
20260226080-AFRR_P-UNIT_106-1,2026-02-26,aFRR,POS_080,300.0,PROVIDER_TO_GRID,1.0,1.0,SK,ENTSO-E BalancingEnergyBids
20260226081-AFRR_N-UNIT_003-1,2026-02-26,aFRR,NEG_081,-5.0,GRID_TO_PROVIDER,6.0,6.0,SK,ENTSO-E BalancingEnergyBids
20260226081-AFRR_N-UNIT_013-1,2026-02-26,aFRR,NEG_081,-20.0,GRID_TO_PROVIDER,30.0,30.0,SK,ENTSO-E BalancingEnergyBids
20260226081-AFRR_N-UNIT_019-1,2026-02-26,aFRR,NEG_081,-199.0,GRID_TO_PROVIDER,1.0,1.0,SK,ENTSO-E BalancingEnergyBids
20260226081-AFRR_N-UNIT_028-1,2026-02-26,aFRR,NEG_081,-50.0,GRID_TO_PROVIDER,10.0,10.0,SK,ENTSO-E BalancingEnergyBids
20260226081-AFRR_N-UNIT_043-1,2026-02-26,aFRR,NEG_081,10.0,GRID_TO_PROVIDER,7.0,7.0,SK,ENTSO-E BalancingEnergyBids
20260226081-AFRR_N-UNIT_049-1,2026-02-26,aFRR,NEG_081,35.0,GRID_TO_PROVIDER,45.0,45.0,SK,ENTSO-E BalancingEnergyBids
20260226081-AFRR_N-UNIT_052-1,2026-02-26,aFRR,NEG_081,-30.0,GRID_TO_PROVIDER,10.0,10.0,SK,ENTSO-E BalancingEnergyBids
20260226081-AFRR_N-UNIT_058-1,2026-02-26,aFRR,NEG_081,-5.0,GRID_TO_PROVIDER,1.0,1.0,SK,ENTSO-E BalancingEnergyBids
20260226081-AFRR_N-UNIT_062-1,2026-02-26,aFRR,NEG_081,-29.0,GRID_TO_PROVIDER,11.0,11.0,SK,ENTSO-E BalancingEnergyBids
20260226081-AFRR_N-UNIT_068-1,2026-02-26,aFRR,NEG_081,-50.0,GRID_TO_PROVIDER,4.0,4.0,SK,ENTSO-E BalancingEnergyBids
20260226081-AFRR_N-UNIT_069-1,2026-02-26,aFRR,NEG_081,-150.0,GRID_TO_PROVIDER,15.0,15.0,SK,ENTSO-E BalancingEnergyBids
20260226081-AFRR_N-UNIT_089-1,2026-02-26,aFRR,NEG_081,-145.87,GRID_TO_PROVIDER,3.0,3.0,SK,ENTSO-E BalancingEnergyBids
20260226081-AFRR_N-UNIT_097-1,2026-02-26,aFRR,NEG_081,0.0,GRID_TO_PROVIDER,7.0,7.0,SK,ENTSO-E BalancingEnergyBids
20260226081-AFRR_N-UNIT_104-1,2026-02-26,aFRR,NEG_081,-100.0,GRID_TO_PROVIDER,4.0,4.0,SK,ENTSO-E BalancingEnergyBids
20260226081-AFRR_N-UNIT_106-1,2026-02-26,aFRR,NEG_081,-19.0,GRID_TO_PROVIDER,1.0,1.0,SK,ENTSO-E BalancingEnergyBids
20260226081-AFRR_P-UNIT_003-1,2026-02-26,aFRR,POS_081,189.0,PROVIDER_TO_GRID,3.0,3.0,SK,ENTSO-E BalancingEnergyBids
20260226081-AFRR_P-UNIT_019-1,2026-02-26,aFRR,POS_081,251.0,PROVIDER_TO_GRID,1.0,1.0,SK,ENTSO-E BalancingEnergyBids
20260226081-AFRR_P-UNIT_028-1,2026-02-26,aFRR,POS_081,50.0,PROVIDER_TO_GRID,11.0,11.0,SK,ENTSO-E BalancingEnergyBids
20260226081-AFRR_P-UNIT_036-1,2026-02-26,aFRR,POS_081,165.0,PROVIDER_TO_GRID,5.0,5.0,SK,ENTSO-E BalancingEnergyBids
20260226081-AFRR_P-UNIT_047-1,2026-02-26,aFRR,POS_081,0.0,PROVIDER_TO_GRID,1.0,1.0,SK,ENTSO-E BalancingEnergyBids
20260226081-AFRR_P-UNIT_049-1,2026-02-26,aFRR,POS_081,132.0,PROVIDER_TO_GRID,45.0,45.0,SK,ENTSO-E BalancingEnergyBids
20260226081-AFRR_P-UNIT_052-1,2026-02-26,aFRR,POS_081,140.0,PROVIDER_TO_GRID,23.0,23.0,SK,ENTSO-E BalancingEnergyBids
20260226081-AFRR_P-UNIT_058-1,2026-02-26,aFRR,POS_081,159.78,PROVIDER_TO_GRID,1.0,1.0,SK,ENTSO-E BalancingEnergyBids
20260226081-AFRR_P-UNIT_062-1,2026-02-26,aFRR,POS_081,120.0,PROVIDER_TO_GRID,9.0,9.0,SK,ENTSO-E BalancingEnergyBids
20260226081-AFRR_P-UNIT_063-1,2026-02-26,aFRR,POS_081,140.0,PROVIDER_TO_GRID,10.0,10.0,SK,ENTSO-E BalancingEnergyBids
20260226081-AFRR_P-UNIT_065-1,2026-02-26,aFRR,POS_081,165.0,PROVIDER_TO_GRID,16.0,16.0,SK,ENTSO-E BalancingEnergyBids
20260226081-AFRR_P-UNIT_068-1,2026-02-26,aFRR,POS_081,150.0,PROVIDER_TO_GRID,8.0,8.0,SK,ENTSO-E BalancingEnergyBids
20260226081-AFRR_P-UNIT_069-1,2026-02-26,aFRR,POS_081,100.0,PROVIDER_TO_GRID,15.0,15.0,SK,ENTSO-E BalancingEnergyBids
20260226081-AFRR_P-UNIT_104-1,2026-02-26,aFRR,POS_081,750.0,PROVIDER_TO_GRID,11.0,11.0,SK,ENTSO-E BalancingEnergyBids
20260226081-AFRR_P-UNIT_106-1,2026-02-26,aFRR,POS_081,300.0,PROVIDER_TO_GRID,1.0,1.0,SK,ENTSO-E BalancingEnergyBids
20260226082-AFRR_N-UNIT_003-1,2026-02-26,aFRR,NEG_082,-5.0,GRID_TO_PROVIDER,6.0,6.0,SK,ENTSO-E BalancingEnergyBids
20260226082-AFRR_N-UNIT_013-1,2026-02-26,aFRR,NEG_082,-20.0,GRID_TO_PROVIDER,30.0,30.0,SK,ENTSO-E BalancingEnergyBids
20260226082-AFRR_N-UNIT_019-1,2026-02-26,aFRR,NEG_082,-199.0,GRID_TO_PROVIDER,1.0,1.0,SK,ENTSO-E BalancingEnergyBids
20260226082-AFRR_N-UNIT_028-1,2026-02-26,aFRR,NEG_082,-50.0,GRID_TO_PROVIDER,10.0,10.0,SK,ENTSO-E BalancingEnergyBids
20260226082-AFRR_N-UNIT_043-1,2026-02-26,aFRR,NEG_082,10.0,GRID_TO_PROVIDER,7.0,7.0,SK,ENTSO-E BalancingEnergyBids
20260226082-AFRR_N-UNIT_049-1,2026-02-26,aFRR,NEG_082,35.0,GRID_TO_PROVIDER,45.0,45.0,SK,ENTSO-E BalancingEnergyBids
20260226082-AFRR_N-UNIT_052-1,2026-02-26,aFRR,NEG_082,-30.0,GRID_TO_PROVIDER,10.0,10.0,SK,ENTSO-E BalancingEnergyBids
20260226082-AFRR_N-UNIT_058-1,2026-02-26,aFRR,NEG_082,-5.0,GRID_TO_PROVIDER,1.0,1.0,SK,ENTSO-E BalancingEnergyBids
20260226082-AFRR_N-UNIT_062-1,2026-02-26,aFRR,NEG_082,-29.0,GRID_TO_PROVIDER,11.0,11.0,SK,ENTSO-E BalancingEnergyBids
20260226082-AFRR_N-UNIT_068-1,2026-02-26,aFRR,NEG_082,-50.0,GRID_TO_PROVIDER,4.0,4.0,SK,ENTSO-E BalancingEnergyBids
20260226082-AFRR_N-UNIT_069-1,2026-02-26,aFRR,NEG_082,-150.0,GRID_TO_PROVIDER,15.0,15.0,SK,ENTSO-E BalancingEnergyBids
20260226082-AFRR_N-UNIT_089-1,2026-02-26,aFRR,NEG_082,-156.2,GRID_TO_PROVIDER,3.0,3.0,SK,ENTSO-E BalancingEnergyBids
20260226082-AFRR_N-UNIT_097-1,2026-02-26,aFRR,NEG_082,0.0,GRID_TO_PROVIDER,7.0,7.0,SK,ENTSO-E BalancingEnergyBids
20260226082-AFRR_N-UNIT_104-1,2026-02-26,aFRR,NEG_082,-100.0,GRID_TO_PROVIDER,4.0,4.0,SK,ENTSO-E BalancingEnergyBids
20260226082-AFRR_N-UNIT_106-1,2026-02-26,aFRR,NEG_082,-19.0,GRID_TO_PROVIDER,1.0,1.0,SK,ENTSO-E BalancingEnergyBids
20260226082-AFRR_P-UNIT_003-1,2026-02-26,aFRR,POS_082,189.0,PROVIDER_TO_GRID,3.0,3.0,SK,ENTSO-E BalancingEnergyBids
20260226082-AFRR_P-UNIT_019-1,2026-02-26,aFRR,POS_082,251.0,PROVIDER_TO_GRID,1.0,1.0,SK,ENTSO-E BalancingEnergyBids
20260226082-AFRR_P-UNIT_028-1,2026-02-26,aFRR,POS_082,50.0,PROVIDER_TO_GRID,11.0,11.0,SK,ENTSO-E BalancingEnergyBids
20260226082-AFRR_P-UNIT_036-1,2026-02-26,aFRR,POS_082,165.0,PROVIDER_TO_GRID,5.0,5.0,SK,ENTSO-E BalancingEnergyBids
20260226082-AFRR_P-UNIT_047-1,2026-02-26,aFRR,POS_082,0.0,PROVIDER_TO_GRID,1.0,1.0,SK,ENTSO-E BalancingEnergyBids
20260226082-AFRR_P-UNIT_049-1,2026-02-26,aFRR,POS_082,132.0,PROVIDER_TO_GRID,45.0,45.0,SK,ENTSO-E BalancingEnergyBids
20260226082-AFRR_P-UNIT_052-1,2026-02-26,aFRR,POS_082,140.0,PROVIDER_TO_GRID,23.0,23.0,SK,ENTSO-E BalancingEnergyBids
20260226082-AFRR_P-UNIT_058-1,2026-02-26,aFRR,POS_082,145.32,PROVIDER_TO_GRID,1.0,1.0,SK,ENTSO-E BalancingEnergyBids
20260226082-AFRR_P-UNIT_062-1,2026-02-26,aFRR,POS_082,124.0,PROVIDER_TO_GRID,9.0,9.0,SK,ENTSO-E BalancingEnergyBids
20260226082-AFRR_P-UNIT_063-1,2026-02-26,aFRR,POS_082,140.0,PROVIDER_TO_GRID,10.0,10.0,SK,ENTSO-E BalancingEnergyBids
20260226082-AFRR_P-UNIT_065-1,2026-02-26,aFRR,POS_082,165.0,PROVIDER_TO_GRID,16.0,16.0,SK,ENTSO-E BalancingEnergyBids
20260226082-AFRR_P-UNIT_068-1,2026-02-26,aFRR,POS_082,150.0,PROVIDER_TO_GRID,8.0,8.0,SK,ENTSO-E BalancingEnergyBids
20260226082-AFRR_P-UNIT_069-1,2026-02-26,aFRR,POS_082,100.0,PROVIDER_TO_GRID,15.0,15.0,SK,ENTSO-E BalancingEnergyBids
20260226082-AFRR_P-UNIT_104-1,2026-02-26,aFRR,POS_082,750.0,PROVIDER_TO_GRID,11.0,11.0,SK,ENTSO-E BalancingEnergyBids
20260226082-AFRR_P-UNIT_106-1,2026-02-26,aFRR,POS_082,300.0,PROVIDER_TO_GRID,1.0,1.0,SK,ENTSO-E BalancingEnergyBids
20260226083-AFRR_N-UNIT_003-1,2026-02-26,aFRR,NEG_083,-5.0,GRID_TO_PROVIDER,6.0,6.0,SK,ENTSO-E BalancingEnergyBids
20260226083-AFRR_N-UNIT_013-1,2026-02-26,aFRR,NEG_083,-20.0,GRID_TO_PROVIDER,30.0,30.0,SK,ENTSO-E BalancingEnergyBids
20260226083-AFRR_N-UNIT_019-1,2026-02-26,aFRR,NEG_083,-199.0,GRID_TO_PROVIDER,1.0,1.0,SK,ENTSO-E BalancingEnergyBids
20260226083-AFRR_N-UNIT_028-1,2026-02-26,aFRR,NEG_083,-50.0,GRID_TO_PROVIDER,10.0,10.0,SK,ENTSO-E BalancingEnergyBids
20260226083-AFRR_N-UNIT_043-1,2026-02-26,aFRR,NEG_083,10.0,GRID_TO_PROVIDER,7.0,7.0,SK,ENTSO-E BalancingEnergyBids
20260226083-AFRR_N-UNIT_049-1,2026-02-26,aFRR,NEG_083,35.0,GRID_TO_PROVIDER,45.0,45.0,SK,ENTSO-E BalancingEnergyBids
20260226083-AFRR_N-UNIT_052-1,2026-02-26,aFRR,NEG_083,-30.0,GRID_TO_PROVIDER,10.0,10.0,SK,ENTSO-E BalancingEnergyBids
20260226083-AFRR_N-UNIT_058-1,2026-02-26,aFRR,NEG_083,-5.0,GRID_TO_PROVIDER,1.0,1.0,SK,ENTSO-E BalancingEnergyBids
20260226083-AFRR_N-UNIT_062-1,2026-02-26,aFRR,NEG_083,-29.0,GRID_TO_PROVIDER,11.0,11.0,SK,ENTSO-E BalancingEnergyBids
20260226083-AFRR_N-UNIT_068-1,2026-02-26,aFRR,NEG_083,-50.0,GRID_TO_PROVIDER,4.0,4.0,SK,ENTSO-E BalancingEnergyBids
20260226083-AFRR_N-UNIT_069-1,2026-02-26,aFRR,NEG_083,-150.0,GRID_TO_PROVIDER,15.0,15.0,SK,ENTSO-E BalancingEnergyBids
20260226083-AFRR_N-UNIT_089-1,2026-02-26,aFRR,NEG_083,-174.08,GRID_TO_PROVIDER,3.0,3.0,SK,ENTSO-E BalancingEnergyBids
20260226083-AFRR_N-UNIT_097-1,2026-02-26,aFRR,NEG_083,0.0,GRID_TO_PROVIDER,7.0,7.0,SK,ENTSO-E BalancingEnergyBids
20260226083-AFRR_N-UNIT_104-1,2026-02-26,aFRR,NEG_083,-100.0,GRID_TO_PROVIDER,4.0,4.0,SK,ENTSO-E BalancingEnergyBids
20260226083-AFRR_N-UNIT_106-1,2026-02-26,aFRR,NEG_083,-19.0,GRID_TO_PROVIDER,1.0,1.0,SK,ENTSO-E BalancingEnergyBids
20260226083-AFRR_P-UNIT_003-1,2026-02-26,aFRR,POS_083,189.0,PROVIDER_TO_GRID,3.0,3.0,SK,ENTSO-E BalancingEnergyBids
20260226083-AFRR_P-UNIT_019-1,2026-02-26,aFRR,POS_083,251.0,PROVIDER_TO_GRID,1.0,1.0,SK,ENTSO-E BalancingEnergyBids
20260226083-AFRR_P-UNIT_028-1,2026-02-26,aFRR,POS_083,50.0,PROVIDER_TO_GRID,11.0,11.0,SK,ENTSO-E BalancingEnergyBids
20260226083-AFRR_P-UNIT_036-1,2026-02-26,aFRR,POS_083,165.0,PROVIDER_TO_GRID,5.0,5.0,SK,ENTSO-E BalancingEnergyBids
20260226083-AFRR_P-UNIT_047-1,2026-02-26,aFRR,POS_083,0.0,PROVIDER_TO_GRID,1.0,1.0,SK,ENTSO-E BalancingEnergyBids
20260226083-AFRR_P-UNIT_049-1,2026-02-26,aFRR,POS_083,132.0,PROVIDER_TO_GRID,45.0,45.0,SK,ENTSO-E BalancingEnergyBids
20260226083-AFRR_P-UNIT_052-1,2026-02-26,aFRR,POS_083,140.0,PROVIDER_TO_GRID,23.0,23.0,SK,ENTSO-E BalancingEnergyBids
20260226083-AFRR_P-UNIT_058-1,2026-02-26,aFRR,POS_083,132.0,PROVIDER_TO_GRID,1.0,1.0,SK,ENTSO-E BalancingEnergyBids
20260226083-AFRR_P-UNIT_062-1,2026-02-26,aFRR,POS_083,106.0,PROVIDER_TO_GRID,9.0,9.0,SK,ENTSO-E BalancingEnergyBids
20260226083-AFRR_P-UNIT_063-1,2026-02-26,aFRR,POS_083,140.0,PROVIDER_TO_GRID,10.0,10.0,SK,ENTSO-E BalancingEnergyBids
20260226083-AFRR_P-UNIT_065-1,2026-02-26,aFRR,POS_083,165.0,PROVIDER_TO_GRID,16.0,16.0,SK,ENTSO-E BalancingEnergyBids
20260226083-AFRR_P-UNIT_068-1,2026-02-26,aFRR,POS_083,150.0,PROVIDER_TO_GRID,8.0,8.0,SK,ENTSO-E BalancingEnergyBids
20260226083-AFRR_P-UNIT_069-1,2026-02-26,aFRR,POS_083,100.0,PROVIDER_TO_GRID,15.0,15.0,SK,ENTSO-E BalancingEnergyBids
20260226083-AFRR_P-UNIT_104-1,2026-02-26,aFRR,POS_083,750.0,PROVIDER_TO_GRID,11.0,11.0,SK,ENTSO-E BalancingEnergyBids
20260226083-AFRR_P-UNIT_106-1,2026-02-26,aFRR,POS_083,300.0,PROVIDER_TO_GRID,1.0,1.0,SK,ENTSO-E BalancingEnergyBids
20260226085-AFRR_N-UNIT_003-1,2026-02-26,aFRR,NEG_085,-5.0,GRID_TO_PROVIDER,5.0,5.0,SK,ENTSO-E BalancingEnergyBids
20260226085-AFRR_N-UNIT_013-1,2026-02-26,aFRR,NEG_085,-20.0,GRID_TO_PROVIDER,30.0,30.0,SK,ENTSO-E BalancingEnergyBids
20260226085-AFRR_N-UNIT_019-1,2026-02-26,aFRR,NEG_085,-199.0,GRID_TO_PROVIDER,1.0,1.0,SK,ENTSO-E BalancingEnergyBids
20260226085-AFRR_N-UNIT_028-1,2026-02-26,aFRR,NEG_085,-50.0,GRID_TO_PROVIDER,10.0,10.0,SK,ENTSO-E BalancingEnergyBids
20260226085-AFRR_N-UNIT_043-1,2026-02-26,aFRR,NEG_085,10.0,GRID_TO_PROVIDER,7.0,7.0,SK,ENTSO-E BalancingEnergyBids
20260226085-AFRR_N-UNIT_049-1,2026-02-26,aFRR,NEG_085,35.0,GRID_TO_PROVIDER,45.0,45.0,SK,ENTSO-E BalancingEnergyBids
20260226085-AFRR_N-UNIT_052-1,2026-02-26,aFRR,NEG_085,-30.0,GRID_TO_PROVIDER,10.0,10.0,SK,ENTSO-E BalancingEnergyBids
20260226085-AFRR_N-UNIT_058-1,2026-02-26,aFRR,NEG_085,-5.0,GRID_TO_PROVIDER,1.0,1.0,SK,ENTSO-E BalancingEnergyBids
20260226085-AFRR_N-UNIT_062-1,2026-02-26,aFRR,NEG_085,-29.0,GRID_TO_PROVIDER,12.0,12.0,SK,ENTSO-E BalancingEnergyBids
20260226085-AFRR_N-UNIT_068-1,2026-02-26,aFRR,NEG_085,-50.0,GRID_TO_PROVIDER,4.0,4.0,SK,ENTSO-E BalancingEnergyBids
20260226085-AFRR_N-UNIT_069-1,2026-02-26,aFRR,NEG_085,-150.0,GRID_TO_PROVIDER,15.0,15.0,SK,ENTSO-E BalancingEnergyBids
20260226085-AFRR_N-UNIT_089-1,2026-02-26,aFRR,NEG_085,-162.65,GRID_TO_PROVIDER,3.0,3.0,SK,ENTSO-E BalancingEnergyBids
20260226085-AFRR_N-UNIT_097-1,2026-02-26,aFRR,NEG_085,0.0,GRID_TO_PROVIDER,7.0,7.0,SK,ENTSO-E BalancingEnergyBids
20260226085-AFRR_N-UNIT_104-1,2026-02-26,aFRR,NEG_085,-100.0,GRID_TO_PROVIDER,4.0,4.0,SK,ENTSO-E BalancingEnergyBids
20260226085-AFRR_N-UNIT_106-1,2026-02-26,aFRR,NEG_085,-19.0,GRID_TO_PROVIDER,1.0,1.0,SK,ENTSO-E BalancingEnergyBids
20260226085-AFRR_P-UNIT_003-1,2026-02-26,aFRR,POS_085,189.0,PROVIDER_TO_GRID,5.0,5.0,SK,ENTSO-E BalancingEnergyBids
20260226085-AFRR_P-UNIT_009-1,2026-02-26,aFRR,POS_085,165.0,PROVIDER_TO_GRID,3.0,3.0,SK,ENTSO-E BalancingEnergyBids
20260226085-AFRR_P-UNIT_019-1,2026-02-26,aFRR,POS_085,251.0,PROVIDER_TO_GRID,1.0,1.0,SK,ENTSO-E BalancingEnergyBids
20260226085-AFRR_P-UNIT_028-1,2026-02-26,aFRR,POS_085,50.0,PROVIDER_TO_GRID,11.0,11.0,SK,ENTSO-E BalancingEnergyBids
20260226085-AFRR_P-UNIT_043-1,2026-02-26,aFRR,POS_085,117.0,PROVIDER_TO_GRID,1.0,1.0,SK,ENTSO-E BalancingEnergyBids
20260226085-AFRR_P-UNIT_047-1,2026-02-26,aFRR,POS_085,0.0,PROVIDER_TO_GRID,1.0,1.0,SK,ENTSO-E BalancingEnergyBids
20260226085-AFRR_P-UNIT_049-1,2026-02-26,aFRR,POS_085,132.0,PROVIDER_TO_GRID,45.0,45.0,SK,ENTSO-E BalancingEnergyBids
20260226085-AFRR_P-UNIT_052-1,2026-02-26,aFRR,POS_085,135.0,PROVIDER_TO_GRID,23.0,23.0,SK,ENTSO-E BalancingEnergyBids
20260226085-AFRR_P-UNIT_058-1,2026-02-26,aFRR,POS_085,136.29,PROVIDER_TO_GRID,1.0,1.0,SK,ENTSO-E BalancingEnergyBids
20260226085-AFRR_P-UNIT_062-1,2026-02-26,aFRR,POS_085,117.0,PROVIDER_TO_GRID,9.0,9.0,SK,ENTSO-E BalancingEnergyBids
20260226085-AFRR_P-UNIT_063-1,2026-02-26,aFRR,POS_085,140.0,PROVIDER_TO_GRID,10.0,10.0,SK,ENTSO-E BalancingEnergyBids
20260226085-AFRR_P-UNIT_065-1,2026-02-26,aFRR,POS_085,165.0,PROVIDER_TO_GRID,16.0,16.0,SK,ENTSO-E BalancingEnergyBids
20260226085-AFRR_P-UNIT_068-1,2026-02-26,aFRR,POS_085,150.0,PROVIDER_TO_GRID,5.0,5.0,SK,ENTSO-E BalancingEnergyBids
20260226085-AFRR_P-UNIT_069-1,2026-02-26,aFRR,POS_085,100.0,PROVIDER_TO_GRID,15.0,15.0,SK,ENTSO-E BalancingEnergyBids
20260226085-AFRR_P-UNIT_104-1,2026-02-26,aFRR,POS_085,750.0,PROVIDER_TO_GRID,11.0,11.0,SK,ENTSO-E BalancingEnergyBids
20260226085-AFRR_P-UNIT_106-1,2026-02-26,aFRR,POS_085,300.0,PROVIDER_TO_GRID,1.0,1.0,SK,ENTSO-E BalancingEnergyBids
20260226086-AFRR_N-UNIT_003-1,2026-02-26,aFRR,NEG_086,-5.0,GRID_TO_PROVIDER,5.0,5.0,SK,ENTSO-E BalancingEnergyBids
20260226086-AFRR_N-UNIT_013-1,2026-02-26,aFRR,NEG_086,-20.0,GRID_TO_PROVIDER,30.0,30.0,SK,ENTSO-E BalancingEnergyBids
20260226086-AFRR_N-UNIT_019-1,2026-02-26,aFRR,NEG_086,-199.0,GRID_TO_PROVIDER,1.0,1.0,SK,ENTSO-E BalancingEnergyBids
20260226086-AFRR_N-UNIT_028-1,2026-02-26,aFRR,NEG_086,-50.0,GRID_TO_PROVIDER,10.0,10.0,SK,ENTSO-E BalancingEnergyBids
20260226086-AFRR_N-UNIT_043-1,2026-02-26,aFRR,NEG_086,10.0,GRID_TO_PROVIDER,7.0,7.0,SK,ENTSO-E BalancingEnergyBids
20260226086-AFRR_N-UNIT_049-1,2026-02-26,aFRR,NEG_086,35.0,GRID_TO_PROVIDER,45.0,45.0,SK,ENTSO-E BalancingEnergyBids
20260226086-AFRR_N-UNIT_052-1,2026-02-26,aFRR,NEG_086,-30.0,GRID_TO_PROVIDER,10.0,10.0,SK,ENTSO-E BalancingEnergyBids
20260226086-AFRR_N-UNIT_058-1,2026-02-26,aFRR,NEG_086,-5.0,GRID_TO_PROVIDER,1.0,1.0,SK,ENTSO-E BalancingEnergyBids
20260226086-AFRR_N-UNIT_062-1,2026-02-26,aFRR,NEG_086,-29.0,GRID_TO_PROVIDER,12.0,12.0,SK,ENTSO-E BalancingEnergyBids
20260226086-AFRR_N-UNIT_068-1,2026-02-26,aFRR,NEG_086,-50.0,GRID_TO_PROVIDER,4.0,4.0,SK,ENTSO-E BalancingEnergyBids
20260226086-AFRR_N-UNIT_069-1,2026-02-26,aFRR,NEG_086,-150.0,GRID_TO_PROVIDER,15.0,15.0,SK,ENTSO-E BalancingEnergyBids
20260226086-AFRR_N-UNIT_089-1,2026-02-26,aFRR,NEG_086,-170.3,GRID_TO_PROVIDER,3.0,3.0,SK,ENTSO-E BalancingEnergyBids
20260226086-AFRR_N-UNIT_097-1,2026-02-26,aFRR,NEG_086,0.0,GRID_TO_PROVIDER,7.0,7.0,SK,ENTSO-E BalancingEnergyBids
20260226086-AFRR_N-UNIT_104-1,2026-02-26,aFRR,NEG_086,-100.0,GRID_TO_PROVIDER,4.0,4.0,SK,ENTSO-E BalancingEnergyBids
20260226086-AFRR_N-UNIT_106-1,2026-02-26,aFRR,NEG_086,-19.0,GRID_TO_PROVIDER,1.0,1.0,SK,ENTSO-E BalancingEnergyBids
20260226086-AFRR_P-UNIT_003-1,2026-02-26,aFRR,POS_086,189.0,PROVIDER_TO_GRID,5.0,5.0,SK,ENTSO-E BalancingEnergyBids
20260226086-AFRR_P-UNIT_009-1,2026-02-26,aFRR,POS_086,165.0,PROVIDER_TO_GRID,3.0,3.0,SK,ENTSO-E BalancingEnergyBids
20260226086-AFRR_P-UNIT_019-1,2026-02-26,aFRR,POS_086,251.0,PROVIDER_TO_GRID,1.0,1.0,SK,ENTSO-E BalancingEnergyBids
20260226086-AFRR_P-UNIT_028-1,2026-02-26,aFRR,POS_086,50.0,PROVIDER_TO_GRID,11.0,11.0,SK,ENTSO-E BalancingEnergyBids
20260226086-AFRR_P-UNIT_043-1,2026-02-26,aFRR,POS_086,110.0,PROVIDER_TO_GRID,1.0,1.0,SK,ENTSO-E BalancingEnergyBids
20260226086-AFRR_P-UNIT_047-1,2026-02-26,aFRR,POS_086,0.0,PROVIDER_TO_GRID,1.0,1.0,SK,ENTSO-E BalancingEnergyBids
20260226086-AFRR_P-UNIT_049-1,2026-02-26,aFRR,POS_086,132.0,PROVIDER_TO_GRID,45.0,45.0,SK,ENTSO-E BalancingEnergyBids
20260226086-AFRR_P-UNIT_052-1,2026-02-26,aFRR,POS_086,135.0,PROVIDER_TO_GRID,23.0,23.0,SK,ENTSO-E BalancingEnergyBids
20260226086-AFRR_P-UNIT_058-1,2026-02-26,aFRR,POS_086,132.0,PROVIDER_TO_GRID,1.0,1.0,SK,ENTSO-E BalancingEnergyBids
20260226086-AFRR_P-UNIT_062-1,2026-02-26,aFRR,POS_086,110.0,PROVIDER_TO_GRID,9.0,9.0,SK,ENTSO-E BalancingEnergyBids
20260226086-AFRR_P-UNIT_063-1,2026-02-26,aFRR,POS_086,140.0,PROVIDER_TO_GRID,10.0,10.0,SK,ENTSO-E BalancingEnergyBids
20260226086-AFRR_P-UNIT_065-1,2026-02-26,aFRR,POS_086,165.0,PROVIDER_TO_GRID,16.0,16.0,SK,ENTSO-E BalancingEnergyBids
20260226086-AFRR_P-UNIT_068-1,2026-02-26,aFRR,POS_086,150.0,PROVIDER_TO_GRID,5.0,5.0,SK,ENTSO-E BalancingEnergyBids
20260226086-AFRR_P-UNIT_069-1,2026-02-26,aFRR,POS_086,100.0,PROVIDER_TO_GRID,15.0,15.0,SK,ENTSO-E BalancingEnergyBids
20260226086-AFRR_P-UNIT_104-1,2026-02-26,aFRR,POS_086,750.0,PROVIDER_TO_GRID,11.0,11.0,SK,ENTSO-E BalancingEnergyBids
20260226086-AFRR_P-UNIT_106-1,2026-02-26,aFRR,POS_086,300.0,PROVIDER_TO_GRID,1.0,1.0,SK,ENTSO-E BalancingEnergyBids
20260226087-AFRR_N-UNIT_003-1,2026-02-26,aFRR,NEG_087,-5.0,GRID_TO_PROVIDER,5.0,5.0,SK,ENTSO-E BalancingEnergyBids
20260226087-AFRR_N-UNIT_013-1,2026-02-26,aFRR,NEG_087,-20.0,GRID_TO_PROVIDER,30.0,30.0,SK,ENTSO-E BalancingEnergyBids
20260226087-AFRR_N-UNIT_019-1,2026-02-26,aFRR,NEG_087,-199.0,GRID_TO_PROVIDER,1.0,1.0,SK,ENTSO-E BalancingEnergyBids
20260226087-AFRR_N-UNIT_028-1,2026-02-26,aFRR,NEG_087,-0.01,GRID_TO_PROVIDER,10.0,10.0,SK,ENTSO-E BalancingEnergyBids
20260226087-AFRR_N-UNIT_043-1,2026-02-26,aFRR,NEG_087,10.0,GRID_TO_PROVIDER,7.0,7.0,SK,ENTSO-E BalancingEnergyBids
20260226087-AFRR_N-UNIT_049-1,2026-02-26,aFRR,NEG_087,35.0,GRID_TO_PROVIDER,45.0,45.0,SK,ENTSO-E BalancingEnergyBids
20260226087-AFRR_N-UNIT_052-1,2026-02-26,aFRR,NEG_087,-30.0,GRID_TO_PROVIDER,10.0,10.0,SK,ENTSO-E BalancingEnergyBids
20260226087-AFRR_N-UNIT_058-1,2026-02-26,aFRR,NEG_087,-5.0,GRID_TO_PROVIDER,1.0,1.0,SK,ENTSO-E BalancingEnergyBids
20260226087-AFRR_N-UNIT_062-1,2026-02-26,aFRR,NEG_087,-29.0,GRID_TO_PROVIDER,12.0,12.0,SK,ENTSO-E BalancingEnergyBids
20260226087-AFRR_N-UNIT_068-1,2026-02-26,aFRR,NEG_087,-50.0,GRID_TO_PROVIDER,4.0,4.0,SK,ENTSO-E BalancingEnergyBids
20260226087-AFRR_N-UNIT_069-1,2026-02-26,aFRR,NEG_087,-150.0,GRID_TO_PROVIDER,15.0,15.0,SK,ENTSO-E BalancingEnergyBids
20260226087-AFRR_N-UNIT_089-1,2026-02-26,aFRR,NEG_087,-170.22,GRID_TO_PROVIDER,3.0,3.0,SK,ENTSO-E BalancingEnergyBids
20260226087-AFRR_N-UNIT_097-1,2026-02-26,aFRR,NEG_087,0.0,GRID_TO_PROVIDER,7.0,7.0,SK,ENTSO-E BalancingEnergyBids
20260226087-AFRR_N-UNIT_104-1,2026-02-26,aFRR,NEG_087,-100.0,GRID_TO_PROVIDER,4.0,4.0,SK,ENTSO-E BalancingEnergyBids
20260226087-AFRR_N-UNIT_106-1,2026-02-26,aFRR,NEG_087,-19.0,GRID_TO_PROVIDER,1.0,1.0,SK,ENTSO-E BalancingEnergyBids
20260226087-AFRR_P-UNIT_003-1,2026-02-26,aFRR,POS_087,189.0,PROVIDER_TO_GRID,5.0,5.0,SK,ENTSO-E BalancingEnergyBids
20260226087-AFRR_P-UNIT_009-1,2026-02-26,aFRR,POS_087,165.0,PROVIDER_TO_GRID,3.0,3.0,SK,ENTSO-E BalancingEnergyBids
20260226087-AFRR_P-UNIT_019-1,2026-02-26,aFRR,POS_087,251.0,PROVIDER_TO_GRID,1.0,1.0,SK,ENTSO-E BalancingEnergyBids
20260226087-AFRR_P-UNIT_028-1,2026-02-26,aFRR,POS_087,500.0,PROVIDER_TO_GRID,11.0,11.0,SK,ENTSO-E BalancingEnergyBids
20260226087-AFRR_P-UNIT_043-1,2026-02-26,aFRR,POS_087,110.0,PROVIDER_TO_GRID,1.0,1.0,SK,ENTSO-E BalancingEnergyBids
20260226087-AFRR_P-UNIT_047-1,2026-02-26,aFRR,POS_087,0.0,PROVIDER_TO_GRID,1.0,1.0,SK,ENTSO-E BalancingEnergyBids
20260226087-AFRR_P-UNIT_049-1,2026-02-26,aFRR,POS_087,132.0,PROVIDER_TO_GRID,45.0,45.0,SK,ENTSO-E BalancingEnergyBids
20260226087-AFRR_P-UNIT_052-1,2026-02-26,aFRR,POS_087,135.0,PROVIDER_TO_GRID,23.0,23.0,SK,ENTSO-E BalancingEnergyBids
20260226087-AFRR_P-UNIT_058-1,2026-02-26,aFRR,POS_087,132.0,PROVIDER_TO_GRID,1.0,1.0,SK,ENTSO-E BalancingEnergyBids
20260226087-AFRR_P-UNIT_062-1,2026-02-26,aFRR,POS_087,110.0,PROVIDER_TO_GRID,9.0,9.0,SK,ENTSO-E BalancingEnergyBids
20260226087-AFRR_P-UNIT_063-1,2026-02-26,aFRR,POS_087,140.0,PROVIDER_TO_GRID,10.0,10.0,SK,ENTSO-E BalancingEnergyBids
20260226087-AFRR_P-UNIT_065-1,2026-02-26,aFRR,POS_087,165.0,PROVIDER_TO_GRID,16.0,16.0,SK,ENTSO-E BalancingEnergyBids
20260226087-AFRR_P-UNIT_068-1,2026-02-26,aFRR,POS_087,150.0,PROVIDER_TO_GRID,5.0,5.0,SK,ENTSO-E BalancingEnergyBids
20260226087-AFRR_P-UNIT_069-1,2026-02-26,aFRR,POS_087,100.0,PROVIDER_TO_GRID,15.0,15.0,SK,ENTSO-E BalancingEnergyBids
20260226087-AFRR_P-UNIT_104-1,2026-02-26,aFRR,POS_087,750.0,PROVIDER_TO_GRID,11.0,11.0,SK,ENTSO-E BalancingEnergyBids
20260226087-AFRR_P-UNIT_106-1,2026-02-26,aFRR,POS_087,300.0,PROVIDER_TO_GRID,1.0,1.0,SK,ENTSO-E BalancingEnergyBids
20260226089-AFRR_N-UNIT_003-1,2026-02-26,aFRR,NEG_089,-5.0,GRID_TO_PROVIDER,2.0,2.0,SK,ENTSO-E BalancingEnergyBids
20260226089-AFRR_N-UNIT_013-1,2026-02-26,aFRR,NEG_089,-20.0,GRID_TO_PROVIDER,30.0,30.0,SK,ENTSO-E BalancingEnergyBids
20260226089-AFRR_N-UNIT_019-1,2026-02-26,aFRR,NEG_089,-199.0,GRID_TO_PROVIDER,1.0,1.0,SK,ENTSO-E BalancingEnergyBids
20260226089-AFRR_N-UNIT_028-1,2026-02-26,aFRR,NEG_089,-0.01,GRID_TO_PROVIDER,5.0,5.0,SK,ENTSO-E BalancingEnergyBids
20260226089-AFRR_N-UNIT_043-1,2026-02-26,aFRR,NEG_089,10.0,GRID_TO_PROVIDER,7.0,7.0,SK,ENTSO-E BalancingEnergyBids
20260226089-AFRR_N-UNIT_049-1,2026-02-26,aFRR,NEG_089,35.0,GRID_TO_PROVIDER,30.0,30.0,SK,ENTSO-E BalancingEnergyBids
20260226089-AFRR_N-UNIT_052-1,2026-02-26,aFRR,NEG_089,-30.0,GRID_TO_PROVIDER,10.0,10.0,SK,ENTSO-E BalancingEnergyBids
20260226089-AFRR_N-UNIT_058-1,2026-02-26,aFRR,NEG_089,-5.0,GRID_TO_PROVIDER,1.0,1.0,SK,ENTSO-E BalancingEnergyBids
20260226089-AFRR_N-UNIT_062-1,2026-02-26,aFRR,NEG_089,-29.0,GRID_TO_PROVIDER,9.0,9.0,SK,ENTSO-E BalancingEnergyBids
20260226089-AFRR_N-UNIT_068-1,2026-02-26,aFRR,NEG_089,-50.0,GRID_TO_PROVIDER,1.0,1.0,SK,ENTSO-E BalancingEnergyBids
20260226089-AFRR_N-UNIT_069-1,2026-02-26,aFRR,NEG_089,-150.0,GRID_TO_PROVIDER,15.0,15.0,SK,ENTSO-E BalancingEnergyBids
20260226089-AFRR_N-UNIT_089-1,2026-02-26,aFRR,NEG_089,-164.54,GRID_TO_PROVIDER,3.0,3.0,SK,ENTSO-E BalancingEnergyBids
20260226089-AFRR_N-UNIT_104-1,2026-02-26,aFRR,NEG_089,-100.0,GRID_TO_PROVIDER,4.0,4.0,SK,ENTSO-E BalancingEnergyBids
20260226089-AFRR_N-UNIT_106-1,2026-02-26,aFRR,NEG_089,-19.0,GRID_TO_PROVIDER,1.0,1.0,SK,ENTSO-E BalancingEnergyBids
20260226089-AFRR_P-UNIT_003-1,2026-02-26,aFRR,POS_089,189.0,PROVIDER_TO_GRID,6.0,6.0,SK,ENTSO-E BalancingEnergyBids
20260226089-AFRR_P-UNIT_009-1,2026-02-26,aFRR,POS_089,165.0,PROVIDER_TO_GRID,3.0,3.0,SK,ENTSO-E BalancingEnergyBids
20260226089-AFRR_P-UNIT_019-1,2026-02-26,aFRR,POS_089,251.0,PROVIDER_TO_GRID,1.0,1.0,SK,ENTSO-E BalancingEnergyBids
20260226089-AFRR_P-UNIT_028-1,2026-02-26,aFRR,POS_089,500.0,PROVIDER_TO_GRID,11.0,11.0,SK,ENTSO-E BalancingEnergyBids
20260226089-AFRR_P-UNIT_043-1,2026-02-26,aFRR,POS_089,115.0,PROVIDER_TO_GRID,2.0,2.0,SK,ENTSO-E BalancingEnergyBids
20260226089-AFRR_P-UNIT_047-1,2026-02-26,aFRR,POS_089,0.0,PROVIDER_TO_GRID,1.0,1.0,SK,ENTSO-E BalancingEnergyBids
20260226089-AFRR_P-UNIT_049-1,2026-02-26,aFRR,POS_089,132.0,PROVIDER_TO_GRID,6.0,6.0,SK,ENTSO-E BalancingEnergyBids
20260226089-AFRR_P-UNIT_052-1,2026-02-26,aFRR,POS_089,135.0,PROVIDER_TO_GRID,23.0,23.0,SK,ENTSO-E BalancingEnergyBids
20260226089-AFRR_P-UNIT_058-1,2026-02-26,aFRR,POS_089,133.64,PROVIDER_TO_GRID,1.0,1.0,SK,ENTSO-E BalancingEnergyBids
20260226089-AFRR_P-UNIT_062-1,2026-02-26,aFRR,POS_089,115.0,PROVIDER_TO_GRID,9.0,9.0,SK,ENTSO-E BalancingEnergyBids
20260226089-AFRR_P-UNIT_063-1,2026-02-26,aFRR,POS_089,140.0,PROVIDER_TO_GRID,10.0,10.0,SK,ENTSO-E BalancingEnergyBids
20260226089-AFRR_P-UNIT_065-1,2026-02-26,aFRR,POS_089,165.0,PROVIDER_TO_GRID,16.0,16.0,SK,ENTSO-E BalancingEnergyBids
20260226089-AFRR_P-UNIT_068-1,2026-02-26,aFRR,POS_089,150.0,PROVIDER_TO_GRID,1.0,1.0,SK,ENTSO-E BalancingEnergyBids
20260226089-AFRR_P-UNIT_069-1,2026-02-26,aFRR,POS_089,100.0,PROVIDER_TO_GRID,15.0,15.0,SK,ENTSO-E BalancingEnergyBids
20260226089-AFRR_P-UNIT_097-1,2026-02-26,aFRR,POS_089,165.0,PROVIDER_TO_GRID,7.0,7.0,SK,ENTSO-E BalancingEnergyBids
20260226089-AFRR_P-UNIT_104-1,2026-02-26,aFRR,POS_089,750.0,PROVIDER_TO_GRID,11.0,11.0,SK,ENTSO-E BalancingEnergyBids
20260226089-AFRR_P-UNIT_106-1,2026-02-26,aFRR,POS_089,300.0,PROVIDER_TO_GRID,1.0,1.0,SK,ENTSO-E BalancingEnergyBids
20260226090-AFRR_N-UNIT_003-1,2026-02-26,aFRR,NEG_090,-5.0,GRID_TO_PROVIDER,4.0,4.0,SK,ENTSO-E BalancingEnergyBids
20260226090-AFRR_N-UNIT_013-1,2026-02-26,aFRR,NEG_090,-20.0,GRID_TO_PROVIDER,30.0,30.0,SK,ENTSO-E BalancingEnergyBids
20260226090-AFRR_N-UNIT_019-1,2026-02-26,aFRR,NEG_090,-199.0,GRID_TO_PROVIDER,1.0,1.0,SK,ENTSO-E BalancingEnergyBids
20260226090-AFRR_N-UNIT_028-1,2026-02-26,aFRR,NEG_090,-0.01,GRID_TO_PROVIDER,10.0,10.0,SK,ENTSO-E BalancingEnergyBids
20260226090-AFRR_N-UNIT_043-1,2026-02-26,aFRR,NEG_090,10.0,GRID_TO_PROVIDER,7.0,7.0,SK,ENTSO-E BalancingEnergyBids
20260226090-AFRR_N-UNIT_052-1,2026-02-26,aFRR,NEG_090,-30.0,GRID_TO_PROVIDER,10.0,10.0,SK,ENTSO-E BalancingEnergyBids
20260226090-AFRR_N-UNIT_058-1,2026-02-26,aFRR,NEG_090,-5.0,GRID_TO_PROVIDER,1.0,1.0,SK,ENTSO-E BalancingEnergyBids
20260226090-AFRR_N-UNIT_062-1,2026-02-26,aFRR,NEG_090,-29.0,GRID_TO_PROVIDER,15.0,15.0,SK,ENTSO-E BalancingEnergyBids
20260226090-AFRR_N-UNIT_068-1,2026-02-26,aFRR,NEG_090,-50.0,GRID_TO_PROVIDER,1.0,1.0,SK,ENTSO-E BalancingEnergyBids
20260226090-AFRR_N-UNIT_069-1,2026-02-26,aFRR,NEG_090,-150.0,GRID_TO_PROVIDER,15.0,15.0,SK,ENTSO-E BalancingEnergyBids
20260226090-AFRR_N-UNIT_089-1,2026-02-26,aFRR,NEG_090,-176.54,GRID_TO_PROVIDER,3.0,3.0,SK,ENTSO-E BalancingEnergyBids
20260226090-AFRR_N-UNIT_104-1,2026-02-26,aFRR,NEG_090,-100.0,GRID_TO_PROVIDER,4.0,4.0,SK,ENTSO-E BalancingEnergyBids
20260226090-AFRR_N-UNIT_106-1,2026-02-26,aFRR,NEG_090,-19.0,GRID_TO_PROVIDER,1.0,1.0,SK,ENTSO-E BalancingEnergyBids
20260226090-AFRR_P-UNIT_003-1,2026-02-26,aFRR,POS_090,189.0,PROVIDER_TO_GRID,6.0,6.0,SK,ENTSO-E BalancingEnergyBids
20260226090-AFRR_P-UNIT_009-1,2026-02-26,aFRR,POS_090,165.0,PROVIDER_TO_GRID,3.0,3.0,SK,ENTSO-E BalancingEnergyBids
20260226090-AFRR_P-UNIT_019-1,2026-02-26,aFRR,POS_090,251.0,PROVIDER_TO_GRID,1.0,1.0,SK,ENTSO-E BalancingEnergyBids
20260226090-AFRR_P-UNIT_028-1,2026-02-26,aFRR,POS_090,500.0,PROVIDER_TO_GRID,11.0,11.0,SK,ENTSO-E BalancingEnergyBids
20260226090-AFRR_P-UNIT_043-1,2026-02-26,aFRR,POS_090,103.0,PROVIDER_TO_GRID,2.0,2.0,SK,ENTSO-E BalancingEnergyBids
20260226090-AFRR_P-UNIT_047-1,2026-02-26,aFRR,POS_090,0.0,PROVIDER_TO_GRID,1.0,1.0,SK,ENTSO-E BalancingEnergyBids
20260226090-AFRR_P-UNIT_052-1,2026-02-26,aFRR,POS_090,135.0,PROVIDER_TO_GRID,23.0,23.0,SK,ENTSO-E BalancingEnergyBids
20260226090-AFRR_P-UNIT_058-1,2026-02-26,aFRR,POS_090,132.0,PROVIDER_TO_GRID,1.0,1.0,SK,ENTSO-E BalancingEnergyBids
20260226090-AFRR_P-UNIT_062-1,2026-02-26,aFRR,POS_090,103.0,PROVIDER_TO_GRID,9.0,9.0,SK,ENTSO-E BalancingEnergyBids
20260226090-AFRR_P-UNIT_063-1,2026-02-26,aFRR,POS_090,140.0,PROVIDER_TO_GRID,10.0,10.0,SK,ENTSO-E BalancingEnergyBids
20260226090-AFRR_P-UNIT_065-1,2026-02-26,aFRR,POS_090,165.0,PROVIDER_TO_GRID,16.0,16.0,SK,ENTSO-E BalancingEnergyBids
20260226090-AFRR_P-UNIT_068-1,2026-02-26,aFRR,POS_090,150.0,PROVIDER_TO_GRID,1.0,1.0,SK,ENTSO-E BalancingEnergyBids
20260226090-AFRR_P-UNIT_069-1,2026-02-26,aFRR,POS_090,100.0,PROVIDER_TO_GRID,15.0,15.0,SK,ENTSO-E BalancingEnergyBids
20260226090-AFRR_P-UNIT_097-1,2026-02-26,aFRR,POS_090,85.0,PROVIDER_TO_GRID,7.0,7.0,SK,ENTSO-E BalancingEnergyBids
20260226090-AFRR_P-UNIT_104-1,2026-02-26,aFRR,POS_090,750.0,PROVIDER_TO_GRID,11.0,11.0,SK,ENTSO-E BalancingEnergyBids
20260226090-AFRR_P-UNIT_106-1,2026-02-26,aFRR,POS_090,300.0,PROVIDER_TO_GRID,1.0,1.0,SK,ENTSO-E BalancingEnergyBids
20260226093-AFRR_N-UNIT_003-1,2026-02-26,aFRR,NEG_093,-5.0,GRID_TO_PROVIDER,4.0,4.0,SK,ENTSO-E BalancingEnergyBids
20260226093-AFRR_N-UNIT_013-1,2026-02-26,aFRR,NEG_093,-20.0,GRID_TO_PROVIDER,30.0,30.0,SK,ENTSO-E BalancingEnergyBids
20260226093-AFRR_N-UNIT_019-1,2026-02-26,aFRR,NEG_093,-199.0,GRID_TO_PROVIDER,1.0,1.0,SK,ENTSO-E BalancingEnergyBids
20260226093-AFRR_N-UNIT_028-1,2026-02-26,aFRR,NEG_093,-0.01,GRID_TO_PROVIDER,14.0,14.0,SK,ENTSO-E BalancingEnergyBids
20260226093-AFRR_N-UNIT_043-1,2026-02-26,aFRR,NEG_093,10.0,GRID_TO_PROVIDER,7.0,7.0,SK,ENTSO-E BalancingEnergyBids
20260226093-AFRR_N-UNIT_052-1,2026-02-26,aFRR,NEG_093,-30.0,GRID_TO_PROVIDER,10.0,10.0,SK,ENTSO-E BalancingEnergyBids
20260226093-AFRR_N-UNIT_058-1,2026-02-26,aFRR,NEG_093,-5.0,GRID_TO_PROVIDER,1.0,1.0,SK,ENTSO-E BalancingEnergyBids
20260226093-AFRR_N-UNIT_062-1,2026-02-26,aFRR,NEG_093,-29.0,GRID_TO_PROVIDER,15.0,15.0,SK,ENTSO-E BalancingEnergyBids
20260226093-AFRR_N-UNIT_068-1,2026-02-26,aFRR,NEG_093,-50.0,GRID_TO_PROVIDER,1.0,1.0,SK,ENTSO-E BalancingEnergyBids
20260226093-AFRR_N-UNIT_069-1,2026-02-26,aFRR,NEG_093,-150.0,GRID_TO_PROVIDER,15.0,15.0,SK,ENTSO-E BalancingEnergyBids
20260226093-AFRR_N-UNIT_089-1,2026-02-26,aFRR,NEG_093,-172.17,GRID_TO_PROVIDER,3.0,3.0,SK,ENTSO-E BalancingEnergyBids
20260226093-AFRR_N-UNIT_104-1,2026-02-26,aFRR,NEG_093,-100.0,GRID_TO_PROVIDER,4.0,4.0,SK,ENTSO-E BalancingEnergyBids
20260226093-AFRR_N-UNIT_106-1,2026-02-26,aFRR,NEG_093,-19.0,GRID_TO_PROVIDER,1.0,1.0,SK,ENTSO-E BalancingEnergyBids
20260226093-AFRR_P-UNIT_003-1,2026-02-26,aFRR,POS_093,189.0,PROVIDER_TO_GRID,6.0,6.0,SK,ENTSO-E BalancingEnergyBids
20260226093-AFRR_P-UNIT_009-1,2026-02-26,aFRR,POS_093,165.0,PROVIDER_TO_GRID,3.0,3.0,SK,ENTSO-E BalancingEnergyBids
20260226093-AFRR_P-UNIT_019-1,2026-02-26,aFRR,POS_093,251.0,PROVIDER_TO_GRID,1.0,1.0,SK,ENTSO-E BalancingEnergyBids
20260226093-AFRR_P-UNIT_028-1,2026-02-26,aFRR,POS_093,500.0,PROVIDER_TO_GRID,11.0,11.0,SK,ENTSO-E BalancingEnergyBids
20260226093-AFRR_P-UNIT_043-1,2026-02-26,aFRR,POS_093,108.0,PROVIDER_TO_GRID,2.0,2.0,SK,ENTSO-E BalancingEnergyBids
20260226093-AFRR_P-UNIT_047-1,2026-02-26,aFRR,POS_093,0.0,PROVIDER_TO_GRID,1.0,1.0,SK,ENTSO-E BalancingEnergyBids
20260226093-AFRR_P-UNIT_052-1,2026-02-26,aFRR,POS_093,130.0,PROVIDER_TO_GRID,23.0,23.0,SK,ENTSO-E BalancingEnergyBids
20260226093-AFRR_P-UNIT_058-1,2026-02-26,aFRR,POS_093,132.0,PROVIDER_TO_GRID,1.0,1.0,SK,ENTSO-E BalancingEnergyBids
20260226093-AFRR_P-UNIT_062-1,2026-02-26,aFRR,POS_093,108.0,PROVIDER_TO_GRID,9.0,9.0,SK,ENTSO-E BalancingEnergyBids
20260226093-AFRR_P-UNIT_063-1,2026-02-26,aFRR,POS_093,140.0,PROVIDER_TO_GRID,10.0,10.0,SK,ENTSO-E BalancingEnergyBids
20260226093-AFRR_P-UNIT_065-1,2026-02-26,aFRR,POS_093,165.0,PROVIDER_TO_GRID,16.0,16.0,SK,ENTSO-E BalancingEnergyBids
20260226093-AFRR_P-UNIT_068-1,2026-02-26,aFRR,POS_093,150.0,PROVIDER_TO_GRID,1.0,1.0,SK,ENTSO-E BalancingEnergyBids
20260226093-AFRR_P-UNIT_069-1,2026-02-26,aFRR,POS_093,100.0,PROVIDER_TO_GRID,15.0,15.0,SK,ENTSO-E BalancingEnergyBids
20260226093-AFRR_P-UNIT_097-1,2026-02-26,aFRR,POS_093,85.0,PROVIDER_TO_GRID,7.0,7.0,SK,ENTSO-E BalancingEnergyBids
20260226093-AFRR_P-UNIT_104-1,2026-02-26,aFRR,POS_093,750.0,PROVIDER_TO_GRID,11.0,11.0,SK,ENTSO-E BalancingEnergyBids
20260226093-AFRR_P-UNIT_106-1,2026-02-26,aFRR,POS_093,300.0,PROVIDER_TO_GRID,1.0,1.0,SK,ENTSO-E BalancingEnergyBids
20260226094-AFRR_N-UNIT_003-1,2026-02-26,aFRR,NEG_094,-5.0,GRID_TO_PROVIDER,4.0,4.0,SK,ENTSO-E BalancingEnergyBids
20260226094-AFRR_N-UNIT_013-1,2026-02-26,aFRR,NEG_094,-20.0,GRID_TO_PROVIDER,30.0,30.0,SK,ENTSO-E BalancingEnergyBids
20260226094-AFRR_N-UNIT_019-1,2026-02-26,aFRR,NEG_094,-199.0,GRID_TO_PROVIDER,1.0,1.0,SK,ENTSO-E BalancingEnergyBids
20260226094-AFRR_N-UNIT_028-1,2026-02-26,aFRR,NEG_094,-0.01,GRID_TO_PROVIDER,14.0,14.0,SK,ENTSO-E BalancingEnergyBids
20260226094-AFRR_N-UNIT_043-1,2026-02-26,aFRR,NEG_094,10.0,GRID_TO_PROVIDER,7.0,7.0,SK,ENTSO-E BalancingEnergyBids
20260226094-AFRR_N-UNIT_052-1,2026-02-26,aFRR,NEG_094,-30.0,GRID_TO_PROVIDER,10.0,10.0,SK,ENTSO-E BalancingEnergyBids
20260226094-AFRR_N-UNIT_058-1,2026-02-26,aFRR,NEG_094,-5.0,GRID_TO_PROVIDER,1.0,1.0,SK,ENTSO-E BalancingEnergyBids
20260226094-AFRR_N-UNIT_062-1,2026-02-26,aFRR,NEG_094,-29.0,GRID_TO_PROVIDER,15.0,15.0,SK,ENTSO-E BalancingEnergyBids
20260226094-AFRR_N-UNIT_068-1,2026-02-26,aFRR,NEG_094,-50.0,GRID_TO_PROVIDER,1.0,1.0,SK,ENTSO-E BalancingEnergyBids
20260226094-AFRR_N-UNIT_069-1,2026-02-26,aFRR,NEG_094,-150.0,GRID_TO_PROVIDER,15.0,15.0,SK,ENTSO-E BalancingEnergyBids
20260226094-AFRR_N-UNIT_089-1,2026-02-26,aFRR,NEG_094,-181.31,GRID_TO_PROVIDER,3.0,3.0,SK,ENTSO-E BalancingEnergyBids
20260226094-AFRR_N-UNIT_104-1,2026-02-26,aFRR,NEG_094,-100.0,GRID_TO_PROVIDER,4.0,4.0,SK,ENTSO-E BalancingEnergyBids
20260226094-AFRR_N-UNIT_106-1,2026-02-26,aFRR,NEG_094,-19.0,GRID_TO_PROVIDER,1.0,1.0,SK,ENTSO-E BalancingEnergyBids
20260226094-AFRR_P-UNIT_003-1,2026-02-26,aFRR,POS_094,189.0,PROVIDER_TO_GRID,6.0,6.0,SK,ENTSO-E BalancingEnergyBids
20260226094-AFRR_P-UNIT_009-1,2026-02-26,aFRR,POS_094,165.0,PROVIDER_TO_GRID,3.0,3.0,SK,ENTSO-E BalancingEnergyBids
20260226094-AFRR_P-UNIT_019-1,2026-02-26,aFRR,POS_094,251.0,PROVIDER_TO_GRID,1.0,1.0,SK,ENTSO-E BalancingEnergyBids
20260226094-AFRR_P-UNIT_028-1,2026-02-26,aFRR,POS_094,500.0,PROVIDER_TO_GRID,11.0,11.0,SK,ENTSO-E BalancingEnergyBids
20260226094-AFRR_P-UNIT_043-1,2026-02-26,aFRR,POS_094,99.0,PROVIDER_TO_GRID,2.0,2.0,SK,ENTSO-E BalancingEnergyBids
20260226094-AFRR_P-UNIT_047-1,2026-02-26,aFRR,POS_094,0.0,PROVIDER_TO_GRID,1.0,1.0,SK,ENTSO-E BalancingEnergyBids
20260226094-AFRR_P-UNIT_052-1,2026-02-26,aFRR,POS_094,130.0,PROVIDER_TO_GRID,23.0,23.0,SK,ENTSO-E BalancingEnergyBids
20260226094-AFRR_P-UNIT_058-1,2026-02-26,aFRR,POS_094,132.0,PROVIDER_TO_GRID,1.0,1.0,SK,ENTSO-E BalancingEnergyBids
20260226094-AFRR_P-UNIT_062-1,2026-02-26,aFRR,POS_094,99.0,PROVIDER_TO_GRID,9.0,9.0,SK,ENTSO-E BalancingEnergyBids
20260226094-AFRR_P-UNIT_063-1,2026-02-26,aFRR,POS_094,140.0,PROVIDER_TO_GRID,10.0,10.0,SK,ENTSO-E BalancingEnergyBids
20260226094-AFRR_P-UNIT_065-1,2026-02-26,aFRR,POS_094,165.0,PROVIDER_TO_GRID,16.0,16.0,SK,ENTSO-E BalancingEnergyBids
20260226094-AFRR_P-UNIT_068-1,2026-02-26,aFRR,POS_094,150.0,PROVIDER_TO_GRID,1.0,1.0,SK,ENTSO-E BalancingEnergyBids
20260226094-AFRR_P-UNIT_069-1,2026-02-26,aFRR,POS_094,100.0,PROVIDER_TO_GRID,15.0,15.0,SK,ENTSO-E BalancingEnergyBids
20260226094-AFRR_P-UNIT_097-1,2026-02-26,aFRR,POS_094,85.0,PROVIDER_TO_GRID,7.0,7.0,SK,ENTSO-E BalancingEnergyBids
20260226094-AFRR_P-UNIT_104-1,2026-02-26,aFRR,POS_094,750.0,PROVIDER_TO_GRID,11.0,11.0,SK,ENTSO-E BalancingEnergyBids
20260226094-AFRR_P-UNIT_106-1,2026-02-26,aFRR,POS_094,300.0,PROVIDER_TO_GRID,1.0,1.0,SK,ENTSO-E BalancingEnergyBids
20260226095-AFRR_N-UNIT_003-1,2026-02-26,aFRR,NEG_095,-5.0,GRID_TO_PROVIDER,4.0,4.0,SK,ENTSO-E BalancingEnergyBids
20260226095-AFRR_N-UNIT_013-1,2026-02-26,aFRR,NEG_095,-20.0,GRID_TO_PROVIDER,30.0,30.0,SK,ENTSO-E BalancingEnergyBids
20260226095-AFRR_N-UNIT_019-1,2026-02-26,aFRR,NEG_095,-199.0,GRID_TO_PROVIDER,1.0,1.0,SK,ENTSO-E BalancingEnergyBids
20260226095-AFRR_N-UNIT_028-1,2026-02-26,aFRR,NEG_095,-0.01,GRID_TO_PROVIDER,14.0,14.0,SK,ENTSO-E BalancingEnergyBids
20260226095-AFRR_N-UNIT_043-1,2026-02-26,aFRR,NEG_095,10.0,GRID_TO_PROVIDER,7.0,7.0,SK,ENTSO-E BalancingEnergyBids
20260226095-AFRR_N-UNIT_052-1,2026-02-26,aFRR,NEG_095,-30.0,GRID_TO_PROVIDER,10.0,10.0,SK,ENTSO-E BalancingEnergyBids
20260226095-AFRR_N-UNIT_058-1,2026-02-26,aFRR,NEG_095,-5.0,GRID_TO_PROVIDER,1.0,1.0,SK,ENTSO-E BalancingEnergyBids
20260226095-AFRR_N-UNIT_062-1,2026-02-26,aFRR,NEG_095,-29.0,GRID_TO_PROVIDER,15.0,15.0,SK,ENTSO-E BalancingEnergyBids
20260226095-AFRR_N-UNIT_068-1,2026-02-26,aFRR,NEG_095,-50.0,GRID_TO_PROVIDER,1.0,1.0,SK,ENTSO-E BalancingEnergyBids
20260226095-AFRR_N-UNIT_069-1,2026-02-26,aFRR,NEG_095,-150.0,GRID_TO_PROVIDER,15.0,15.0,SK,ENTSO-E BalancingEnergyBids
20260226095-AFRR_N-UNIT_089-1,2026-02-26,aFRR,NEG_095,-188.28,GRID_TO_PROVIDER,3.0,3.0,SK,ENTSO-E BalancingEnergyBids
20260226095-AFRR_N-UNIT_104-1,2026-02-26,aFRR,NEG_095,-100.0,GRID_TO_PROVIDER,4.0,4.0,SK,ENTSO-E BalancingEnergyBids
20260226095-AFRR_N-UNIT_106-1,2026-02-26,aFRR,NEG_095,-19.0,GRID_TO_PROVIDER,1.0,1.0,SK,ENTSO-E BalancingEnergyBids
20260226095-AFRR_P-UNIT_003-1,2026-02-26,aFRR,POS_095,189.0,PROVIDER_TO_GRID,6.0,6.0,SK,ENTSO-E BalancingEnergyBids
20260226095-AFRR_P-UNIT_009-1,2026-02-26,aFRR,POS_095,165.0,PROVIDER_TO_GRID,3.0,3.0,SK,ENTSO-E BalancingEnergyBids
20260226095-AFRR_P-UNIT_019-1,2026-02-26,aFRR,POS_095,251.0,PROVIDER_TO_GRID,1.0,1.0,SK,ENTSO-E BalancingEnergyBids
20260226095-AFRR_P-UNIT_028-1,2026-02-26,aFRR,POS_095,500.0,PROVIDER_TO_GRID,11.0,11.0,SK,ENTSO-E BalancingEnergyBids
20260226095-AFRR_P-UNIT_043-1,2026-02-26,aFRR,POS_095,90.0,PROVIDER_TO_GRID,2.0,2.0,SK,ENTSO-E BalancingEnergyBids
20260226095-AFRR_P-UNIT_047-1,2026-02-26,aFRR,POS_095,0.0,PROVIDER_TO_GRID,1.0,1.0,SK,ENTSO-E BalancingEnergyBids
20260226095-AFRR_P-UNIT_052-1,2026-02-26,aFRR,POS_095,130.0,PROVIDER_TO_GRID,23.0,23.0,SK,ENTSO-E BalancingEnergyBids
20260226095-AFRR_P-UNIT_058-1,2026-02-26,aFRR,POS_095,132.0,PROVIDER_TO_GRID,1.0,1.0,SK,ENTSO-E BalancingEnergyBids
20260226095-AFRR_P-UNIT_062-1,2026-02-26,aFRR,POS_095,90.0,PROVIDER_TO_GRID,9.0,9.0,SK,ENTSO-E BalancingEnergyBids
20260226095-AFRR_P-UNIT_063-1,2026-02-26,aFRR,POS_095,140.0,PROVIDER_TO_GRID,10.0,10.0,SK,ENTSO-E BalancingEnergyBids
20260226095-AFRR_P-UNIT_065-1,2026-02-26,aFRR,POS_095,165.0,PROVIDER_TO_GRID,16.0,16.0,SK,ENTSO-E BalancingEnergyBids
20260226095-AFRR_P-UNIT_068-1,2026-02-26,aFRR,POS_095,150.0,PROVIDER_TO_GRID,1.0,1.0,SK,ENTSO-E BalancingEnergyBids
20260226095-AFRR_P-UNIT_069-1,2026-02-26,aFRR,POS_095,100.0,PROVIDER_TO_GRID,15.0,15.0,SK,ENTSO-E BalancingEnergyBids
20260226095-AFRR_P-UNIT_097-1,2026-02-26,aFRR,POS_095,85.0,PROVIDER_TO_GRID,7.0,7.0,SK,ENTSO-E BalancingEnergyBids
20260226095-AFRR_P-UNIT_104-1,2026-02-26,aFRR,POS_095,750.0,PROVIDER_TO_GRID,11.0,11.0,SK,ENTSO-E BalancingEnergyBids
20260226095-AFRR_P-UNIT_106-1,2026-02-26,aFRR,POS_095,300.0,PROVIDER_TO_GRID,1.0,1.0,SK,ENTSO-E BalancingEnergyBids
