id,DELIVERY_DATE,TYPE_OF_RESERVES,PRODUCT,ENERGY_PRICE_[EUR/MWh],ENERGY_PRICE_PAYMENT_DIRECTION,OFFERED_CAPACITY_[MW],ALLOCATED_CAPACITY_[MW],COUNTRY,NOTE
20260523009-AFRR_P-UNIT_068-1,2026-05-23,aFRR,POS_001,190.49,PROVIDER_TO_GRID,1.0,1.0,SK,ENTSO-E BalancingEnergyBids
20260523009-AFRR_N-UNIT_051-1,2026-05-23,aFRR,NEG_001,-144.0,GRID_TO_PROVIDER,5.0,5.0,SK,ENTSO-E BalancingEnergyBids
20260523009-AFRR_P-UNIT_065-1,2026-05-23,aFRR,POS_001,190.07,PROVIDER_TO_GRID,12.0,12.0,SK,ENTSO-E BalancingEnergyBids
20260523009-AFRR_P-UNIT_052-1,2026-05-23,aFRR,POS_001,140.0,PROVIDER_TO_GRID,31.0,31.0,SK,ENTSO-E BalancingEnergyBids
20260523009-AFRR_P-UNIT_047-1,2026-05-23,aFRR,POS_001,500.0,PROVIDER_TO_GRID,10.0,10.0,SK,ENTSO-E BalancingEnergyBids
20260523009-AFRR_P-UNIT_051-1,2026-05-23,aFRR,POS_001,350.0,PROVIDER_TO_GRID,5.0,5.0,SK,ENTSO-E BalancingEnergyBids
20260523009-AFRR_P-UNIT_069-1,2026-05-23,aFRR,POS_001,135.0,PROVIDER_TO_GRID,15.0,15.0,SK,ENTSO-E BalancingEnergyBids
20260523009-AFRR_P-UNIT_028-1,2026-05-23,aFRR,POS_001,190.49,PROVIDER_TO_GRID,5.0,5.0,SK,ENTSO-E BalancingEnergyBids
20260523009-AFRR_P-UNIT_058-1,2026-05-23,aFRR,POS_001,200.0,PROVIDER_TO_GRID,1.0,1.0,SK,ENTSO-E BalancingEnergyBids
20260523009-AFRR_P-UNIT_008-1,2026-05-23,aFRR,POS_001,190.07,PROVIDER_TO_GRID,10.0,10.0,SK,ENTSO-E BalancingEnergyBids
20260523009-AFRR_P-UNIT_062-1,2026-05-23,aFRR,POS_001,143.0,PROVIDER_TO_GRID,8.0,8.0,SK,ENTSO-E BalancingEnergyBids
20260523009-AFRR_P-UNIT_043-1,2026-05-23,aFRR,POS_001,143.0,PROVIDER_TO_GRID,2.0,2.0,SK,ENTSO-E BalancingEnergyBids
20260523009-AFRR_P-UNIT_063-1,2026-05-23,aFRR,POS_001,110.0,PROVIDER_TO_GRID,9.0,9.0,SK,ENTSO-E BalancingEnergyBids
20260523009-AFRR_P-UNIT_104-1,2026-05-23,aFRR,POS_001,750.0,PROVIDER_TO_GRID,11.0,11.0,SK,ENTSO-E BalancingEnergyBids
20260523009-AFRR_P-UNIT_009-1,2026-05-23,aFRR,POS_001,190.07,PROVIDER_TO_GRID,3.0,3.0,SK,ENTSO-E BalancingEnergyBids
20260523009-AFRR_P-UNIT_106-1,2026-05-23,aFRR,POS_001,300.0,PROVIDER_TO_GRID,1.0,1.0,SK,ENTSO-E BalancingEnergyBids
20260523009-AFRR_P-UNIT_123-1,2026-05-23,aFRR,POS_001,189.0,PROVIDER_TO_GRID,7.0,7.0,SK,ENTSO-E BalancingEnergyBids
20260523009-AFRR_N-UNIT_068-1,2026-05-23,aFRR,NEG_001,-5.0,GRID_TO_PROVIDER,1.0,1.0,SK,ENTSO-E BalancingEnergyBids
20260523009-AFRR_N-UNIT_052-1,2026-05-23,aFRR,NEG_001,-30.0,GRID_TO_PROVIDER,7.0,7.0,SK,ENTSO-E BalancingEnergyBids
20260523009-AFRR_N-UNIT_069-1,2026-05-23,aFRR,NEG_001,-150.0,GRID_TO_PROVIDER,12.0,12.0,SK,ENTSO-E BalancingEnergyBids
20260523009-AFRR_N-UNIT_028-1,2026-05-23,aFRR,NEG_001,-5.0,GRID_TO_PROVIDER,5.0,5.0,SK,ENTSO-E BalancingEnergyBids
20260523009-AFRR_N-UNIT_058-1,2026-05-23,aFRR,NEG_001,-50.0,GRID_TO_PROVIDER,2.0,2.0,SK,ENTSO-E BalancingEnergyBids
20260523009-AFRR_N-UNIT_013-1,2026-05-23,aFRR,NEG_001,-10.0,GRID_TO_PROVIDER,21.0,21.0,SK,ENTSO-E BalancingEnergyBids
20260523009-AFRR_N-UNIT_010-1,2026-05-23,aFRR,NEG_001,-10.0,GRID_TO_PROVIDER,30.0,30.0,SK,ENTSO-E BalancingEnergyBids
20260523009-AFRR_N-UNIT_062-1,2026-05-23,aFRR,NEG_001,-29.0,GRID_TO_PROVIDER,11.0,11.0,SK,ENTSO-E BalancingEnergyBids
20260523009-AFRR_N-UNIT_043-1,2026-05-23,aFRR,NEG_001,10.0,GRID_TO_PROVIDER,3.0,3.0,SK,ENTSO-E BalancingEnergyBids
20260523009-AFRR_N-UNIT_104-1,2026-05-23,aFRR,NEG_001,-5.0,GRID_TO_PROVIDER,4.0,4.0,SK,ENTSO-E BalancingEnergyBids
20260523009-AFRR_N-UNIT_089-1,2026-05-23,aFRR,NEG_001,-123.93,GRID_TO_PROVIDER,3.0,3.0,SK,ENTSO-E BalancingEnergyBids
20260523009-AFRR_N-UNIT_019-1,2026-05-23,aFRR,NEG_001,-199.0,GRID_TO_PROVIDER,1.0,1.0,SK,ENTSO-E BalancingEnergyBids
20260523009-AFRR_N-UNIT_106-1,2026-05-23,aFRR,NEG_001,-19.0,GRID_TO_PROVIDER,1.0,1.0,SK,ENTSO-E BalancingEnergyBids
20260523009-AFRR_N-UNIT_123-1,2026-05-23,aFRR,NEG_001,-5.0,GRID_TO_PROVIDER,6.0,6.0,SK,ENTSO-E BalancingEnergyBids
20260523009-AFRR_P-UNIT_019-1,2026-05-23,aFRR,POS_001,257.0,PROVIDER_TO_GRID,1.0,1.0,SK,ENTSO-E BalancingEnergyBids
20260523010-AFRR_N-UNIT_051-1,2026-05-23,aFRR,NEG_002,-144.0,GRID_TO_PROVIDER,5.0,5.0,SK,ENTSO-E BalancingEnergyBids
20260523010-AFRR_N-UNIT_069-1,2026-05-23,aFRR,NEG_002,-150.0,GRID_TO_PROVIDER,12.0,12.0,SK,ENTSO-E BalancingEnergyBids
20260523010-AFRR_N-UNIT_028-1,2026-05-23,aFRR,NEG_002,-5.0,GRID_TO_PROVIDER,5.0,5.0,SK,ENTSO-E BalancingEnergyBids
20260523010-AFRR_N-UNIT_058-1,2026-05-23,aFRR,NEG_002,-50.0,GRID_TO_PROVIDER,2.0,2.0,SK,ENTSO-E BalancingEnergyBids
20260523010-AFRR_N-UNIT_013-1,2026-05-23,aFRR,NEG_002,-10.0,GRID_TO_PROVIDER,21.0,21.0,SK,ENTSO-E BalancingEnergyBids
20260523010-AFRR_N-UNIT_010-1,2026-05-23,aFRR,NEG_002,-10.0,GRID_TO_PROVIDER,30.0,30.0,SK,ENTSO-E BalancingEnergyBids
20260523010-AFRR_N-UNIT_062-1,2026-05-23,aFRR,NEG_002,-29.0,GRID_TO_PROVIDER,11.0,11.0,SK,ENTSO-E BalancingEnergyBids
20260523010-AFRR_N-UNIT_043-1,2026-05-23,aFRR,NEG_002,10.0,GRID_TO_PROVIDER,3.0,3.0,SK,ENTSO-E BalancingEnergyBids
20260523010-AFRR_N-UNIT_104-1,2026-05-23,aFRR,NEG_002,-5.0,GRID_TO_PROVIDER,4.0,4.0,SK,ENTSO-E BalancingEnergyBids
20260523010-AFRR_N-UNIT_089-1,2026-05-23,aFRR,NEG_002,-127.41,GRID_TO_PROVIDER,3.0,3.0,SK,ENTSO-E BalancingEnergyBids
20260523010-AFRR_N-UNIT_097-1,2026-05-23,aFRR,NEG_002,0.0,GRID_TO_PROVIDER,1.0,1.0,SK,ENTSO-E BalancingEnergyBids
20260523010-AFRR_N-UNIT_019-1,2026-05-23,aFRR,NEG_002,-199.0,GRID_TO_PROVIDER,1.0,1.0,SK,ENTSO-E BalancingEnergyBids
20260523010-AFRR_N-UNIT_106-1,2026-05-23,aFRR,NEG_002,-19.0,GRID_TO_PROVIDER,1.0,1.0,SK,ENTSO-E BalancingEnergyBids
20260523010-AFRR_N-UNIT_123-1,2026-05-23,aFRR,NEG_002,-5.0,GRID_TO_PROVIDER,6.0,6.0,SK,ENTSO-E BalancingEnergyBids
20260523010-AFRR_P-UNIT_068-1,2026-05-23,aFRR,POS_002,185.62,PROVIDER_TO_GRID,1.0,1.0,SK,ENTSO-E BalancingEnergyBids
20260523010-AFRR_P-UNIT_065-1,2026-05-23,aFRR,POS_002,190.07,PROVIDER_TO_GRID,12.0,12.0,SK,ENTSO-E BalancingEnergyBids
20260523010-AFRR_P-UNIT_052-1,2026-05-23,aFRR,POS_002,140.0,PROVIDER_TO_GRID,31.0,31.0,SK,ENTSO-E BalancingEnergyBids
20260523010-AFRR_P-UNIT_047-1,2026-05-23,aFRR,POS_002,500.0,PROVIDER_TO_GRID,10.0,10.0,SK,ENTSO-E BalancingEnergyBids
20260523010-AFRR_P-UNIT_051-1,2026-05-23,aFRR,POS_002,350.0,PROVIDER_TO_GRID,5.0,5.0,SK,ENTSO-E BalancingEnergyBids
20260523010-AFRR_P-UNIT_069-1,2026-05-23,aFRR,POS_002,135.0,PROVIDER_TO_GRID,15.0,15.0,SK,ENTSO-E BalancingEnergyBids
20260523010-AFRR_P-UNIT_028-1,2026-05-23,aFRR,POS_002,185.62,PROVIDER_TO_GRID,5.0,5.0,SK,ENTSO-E BalancingEnergyBids
20260523010-AFRR_P-UNIT_058-1,2026-05-23,aFRR,POS_002,200.0,PROVIDER_TO_GRID,1.0,1.0,SK,ENTSO-E BalancingEnergyBids
20260523010-AFRR_P-UNIT_008-1,2026-05-23,aFRR,POS_002,190.07,PROVIDER_TO_GRID,10.0,10.0,SK,ENTSO-E BalancingEnergyBids
20260523010-AFRR_P-UNIT_062-1,2026-05-23,aFRR,POS_002,139.0,PROVIDER_TO_GRID,8.0,8.0,SK,ENTSO-E BalancingEnergyBids
20260523010-AFRR_P-UNIT_043-1,2026-05-23,aFRR,POS_002,139.0,PROVIDER_TO_GRID,2.0,2.0,SK,ENTSO-E BalancingEnergyBids
20260523010-AFRR_P-UNIT_063-1,2026-05-23,aFRR,POS_002,110.0,PROVIDER_TO_GRID,9.0,9.0,SK,ENTSO-E BalancingEnergyBids
20260523010-AFRR_P-UNIT_104-1,2026-05-23,aFRR,POS_002,750.0,PROVIDER_TO_GRID,11.0,11.0,SK,ENTSO-E BalancingEnergyBids
20260523010-AFRR_P-UNIT_009-1,2026-05-23,aFRR,POS_002,190.07,PROVIDER_TO_GRID,3.0,3.0,SK,ENTSO-E BalancingEnergyBids
20260523010-AFRR_P-UNIT_106-1,2026-05-23,aFRR,POS_002,300.0,PROVIDER_TO_GRID,1.0,1.0,SK,ENTSO-E BalancingEnergyBids
20260523010-AFRR_P-UNIT_123-1,2026-05-23,aFRR,POS_002,189.0,PROVIDER_TO_GRID,7.0,7.0,SK,ENTSO-E BalancingEnergyBids
20260523010-AFRR_N-UNIT_068-1,2026-05-23,aFRR,NEG_002,-5.0,GRID_TO_PROVIDER,1.0,1.0,SK,ENTSO-E BalancingEnergyBids
20260523010-AFRR_N-UNIT_052-1,2026-05-23,aFRR,NEG_002,-30.0,GRID_TO_PROVIDER,7.0,7.0,SK,ENTSO-E BalancingEnergyBids
20260523010-AFRR_P-UNIT_019-1,2026-05-23,aFRR,POS_002,249.0,PROVIDER_TO_GRID,1.0,1.0,SK,ENTSO-E BalancingEnergyBids
20260523011-AFRR_P-UNIT_068-1,2026-05-23,aFRR,POS_003,174.88,PROVIDER_TO_GRID,1.0,1.0,SK,ENTSO-E BalancingEnergyBids
20260523011-AFRR_P-UNIT_065-1,2026-05-23,aFRR,POS_003,190.07,PROVIDER_TO_GRID,12.0,12.0,SK,ENTSO-E BalancingEnergyBids
20260523011-AFRR_P-UNIT_052-1,2026-05-23,aFRR,POS_003,140.0,PROVIDER_TO_GRID,31.0,31.0,SK,ENTSO-E BalancingEnergyBids
20260523011-AFRR_P-UNIT_047-1,2026-05-23,aFRR,POS_003,500.0,PROVIDER_TO_GRID,10.0,10.0,SK,ENTSO-E BalancingEnergyBids
20260523011-AFRR_P-UNIT_051-1,2026-05-23,aFRR,POS_003,350.0,PROVIDER_TO_GRID,5.0,5.0,SK,ENTSO-E BalancingEnergyBids
20260523011-AFRR_P-UNIT_069-1,2026-05-23,aFRR,POS_003,135.0,PROVIDER_TO_GRID,15.0,15.0,SK,ENTSO-E BalancingEnergyBids
20260523011-AFRR_P-UNIT_028-1,2026-05-23,aFRR,POS_003,174.88,PROVIDER_TO_GRID,5.0,5.0,SK,ENTSO-E BalancingEnergyBids
20260523011-AFRR_P-UNIT_058-1,2026-05-23,aFRR,POS_003,200.0,PROVIDER_TO_GRID,1.0,1.0,SK,ENTSO-E BalancingEnergyBids
20260523011-AFRR_P-UNIT_008-1,2026-05-23,aFRR,POS_003,190.07,PROVIDER_TO_GRID,10.0,10.0,SK,ENTSO-E BalancingEnergyBids
20260523011-AFRR_P-UNIT_062-1,2026-05-23,aFRR,POS_003,131.0,PROVIDER_TO_GRID,8.0,8.0,SK,ENTSO-E BalancingEnergyBids
20260523011-AFRR_P-UNIT_043-1,2026-05-23,aFRR,POS_003,131.0,PROVIDER_TO_GRID,2.0,2.0,SK,ENTSO-E BalancingEnergyBids
20260523011-AFRR_P-UNIT_063-1,2026-05-23,aFRR,POS_003,110.0,PROVIDER_TO_GRID,9.0,9.0,SK,ENTSO-E BalancingEnergyBids
20260523011-AFRR_P-UNIT_104-1,2026-05-23,aFRR,POS_003,750.0,PROVIDER_TO_GRID,11.0,11.0,SK,ENTSO-E BalancingEnergyBids
20260523011-AFRR_P-UNIT_009-1,2026-05-23,aFRR,POS_003,190.07,PROVIDER_TO_GRID,3.0,3.0,SK,ENTSO-E BalancingEnergyBids
20260523011-AFRR_P-UNIT_106-1,2026-05-23,aFRR,POS_003,300.0,PROVIDER_TO_GRID,1.0,1.0,SK,ENTSO-E BalancingEnergyBids
20260523011-AFRR_P-UNIT_123-1,2026-05-23,aFRR,POS_003,189.0,PROVIDER_TO_GRID,7.0,7.0,SK,ENTSO-E BalancingEnergyBids
20260523011-AFRR_N-UNIT_068-1,2026-05-23,aFRR,NEG_003,-5.0,GRID_TO_PROVIDER,1.0,1.0,SK,ENTSO-E BalancingEnergyBids
20260523011-AFRR_N-UNIT_052-1,2026-05-23,aFRR,NEG_003,-30.0,GRID_TO_PROVIDER,7.0,7.0,SK,ENTSO-E BalancingEnergyBids
20260523011-AFRR_N-UNIT_051-1,2026-05-23,aFRR,NEG_003,-144.0,GRID_TO_PROVIDER,5.0,5.0,SK,ENTSO-E BalancingEnergyBids
20260523011-AFRR_N-UNIT_069-1,2026-05-23,aFRR,NEG_003,-150.0,GRID_TO_PROVIDER,12.0,12.0,SK,ENTSO-E BalancingEnergyBids
20260523011-AFRR_N-UNIT_028-1,2026-05-23,aFRR,NEG_003,-5.0,GRID_TO_PROVIDER,5.0,5.0,SK,ENTSO-E BalancingEnergyBids
20260523011-AFRR_N-UNIT_058-1,2026-05-23,aFRR,NEG_003,-50.0,GRID_TO_PROVIDER,2.0,2.0,SK,ENTSO-E BalancingEnergyBids
20260523011-AFRR_N-UNIT_013-1,2026-05-23,aFRR,NEG_003,-10.0,GRID_TO_PROVIDER,21.0,21.0,SK,ENTSO-E BalancingEnergyBids
20260523011-AFRR_N-UNIT_010-1,2026-05-23,aFRR,NEG_003,-10.0,GRID_TO_PROVIDER,30.0,30.0,SK,ENTSO-E BalancingEnergyBids
20260523011-AFRR_N-UNIT_062-1,2026-05-23,aFRR,NEG_003,-29.0,GRID_TO_PROVIDER,11.0,11.0,SK,ENTSO-E BalancingEnergyBids
20260523011-AFRR_N-UNIT_043-1,2026-05-23,aFRR,NEG_003,10.0,GRID_TO_PROVIDER,3.0,3.0,SK,ENTSO-E BalancingEnergyBids
20260523011-AFRR_N-UNIT_104-1,2026-05-23,aFRR,NEG_003,-5.0,GRID_TO_PROVIDER,4.0,4.0,SK,ENTSO-E BalancingEnergyBids
20260523011-AFRR_N-UNIT_089-1,2026-05-23,aFRR,NEG_003,-135.08,GRID_TO_PROVIDER,3.0,3.0,SK,ENTSO-E BalancingEnergyBids
20260523011-AFRR_N-UNIT_097-1,2026-05-23,aFRR,NEG_003,0.0,GRID_TO_PROVIDER,1.0,1.0,SK,ENTSO-E BalancingEnergyBids
20260523011-AFRR_N-UNIT_019-1,2026-05-23,aFRR,NEG_003,-199.0,GRID_TO_PROVIDER,1.0,1.0,SK,ENTSO-E BalancingEnergyBids
20260523011-AFRR_N-UNIT_106-1,2026-05-23,aFRR,NEG_003,-19.0,GRID_TO_PROVIDER,1.0,1.0,SK,ENTSO-E BalancingEnergyBids
20260523011-AFRR_N-UNIT_123-1,2026-05-23,aFRR,NEG_003,-5.0,GRID_TO_PROVIDER,6.0,6.0,SK,ENTSO-E BalancingEnergyBids
20260523011-AFRR_P-UNIT_019-1,2026-05-23,aFRR,POS_003,247.0,PROVIDER_TO_GRID,1.0,1.0,SK,ENTSO-E BalancingEnergyBids
20260523012-AFRR_P-UNIT_068-1,2026-05-23,aFRR,POS_004,177.87,PROVIDER_TO_GRID,1.0,1.0,SK,ENTSO-E BalancingEnergyBids
20260523012-AFRR_P-UNIT_065-1,2026-05-23,aFRR,POS_004,190.07,PROVIDER_TO_GRID,12.0,12.0,SK,ENTSO-E BalancingEnergyBids
20260523012-AFRR_P-UNIT_052-1,2026-05-23,aFRR,POS_004,140.0,PROVIDER_TO_GRID,31.0,31.0,SK,ENTSO-E BalancingEnergyBids
20260523012-AFRR_P-UNIT_047-1,2026-05-23,aFRR,POS_004,500.0,PROVIDER_TO_GRID,10.0,10.0,SK,ENTSO-E BalancingEnergyBids
20260523012-AFRR_P-UNIT_051-1,2026-05-23,aFRR,POS_004,350.0,PROVIDER_TO_GRID,5.0,5.0,SK,ENTSO-E BalancingEnergyBids
20260523012-AFRR_P-UNIT_069-1,2026-05-23,aFRR,POS_004,135.0,PROVIDER_TO_GRID,15.0,15.0,SK,ENTSO-E BalancingEnergyBids
20260523012-AFRR_P-UNIT_028-1,2026-05-23,aFRR,POS_004,177.87,PROVIDER_TO_GRID,5.0,5.0,SK,ENTSO-E BalancingEnergyBids
20260523012-AFRR_P-UNIT_058-1,2026-05-23,aFRR,POS_004,200.0,PROVIDER_TO_GRID,1.0,1.0,SK,ENTSO-E BalancingEnergyBids
20260523012-AFRR_P-UNIT_008-1,2026-05-23,aFRR,POS_004,190.07,PROVIDER_TO_GRID,10.0,10.0,SK,ENTSO-E BalancingEnergyBids
20260523012-AFRR_P-UNIT_062-1,2026-05-23,aFRR,POS_004,133.0,PROVIDER_TO_GRID,8.0,8.0,SK,ENTSO-E BalancingEnergyBids
20260523012-AFRR_P-UNIT_043-1,2026-05-23,aFRR,POS_004,133.0,PROVIDER_TO_GRID,2.0,2.0,SK,ENTSO-E BalancingEnergyBids
20260523012-AFRR_P-UNIT_063-1,2026-05-23,aFRR,POS_004,110.0,PROVIDER_TO_GRID,9.0,9.0,SK,ENTSO-E BalancingEnergyBids
20260523012-AFRR_P-UNIT_104-1,2026-05-23,aFRR,POS_004,750.0,PROVIDER_TO_GRID,11.0,11.0,SK,ENTSO-E BalancingEnergyBids
20260523012-AFRR_P-UNIT_009-1,2026-05-23,aFRR,POS_004,190.07,PROVIDER_TO_GRID,3.0,3.0,SK,ENTSO-E BalancingEnergyBids
20260523012-AFRR_P-UNIT_106-1,2026-05-23,aFRR,POS_004,300.0,PROVIDER_TO_GRID,1.0,1.0,SK,ENTSO-E BalancingEnergyBids
20260523012-AFRR_P-UNIT_123-1,2026-05-23,aFRR,POS_004,189.0,PROVIDER_TO_GRID,7.0,7.0,SK,ENTSO-E BalancingEnergyBids
20260523012-AFRR_N-UNIT_068-1,2026-05-23,aFRR,NEG_004,-5.0,GRID_TO_PROVIDER,1.0,1.0,SK,ENTSO-E BalancingEnergyBids
20260523012-AFRR_N-UNIT_052-1,2026-05-23,aFRR,NEG_004,-30.0,GRID_TO_PROVIDER,7.0,7.0,SK,ENTSO-E BalancingEnergyBids
20260523012-AFRR_N-UNIT_051-1,2026-05-23,aFRR,NEG_004,-144.0,GRID_TO_PROVIDER,5.0,5.0,SK,ENTSO-E BalancingEnergyBids
20260523012-AFRR_N-UNIT_069-1,2026-05-23,aFRR,NEG_004,-150.0,GRID_TO_PROVIDER,12.0,12.0,SK,ENTSO-E BalancingEnergyBids
20260523012-AFRR_N-UNIT_028-1,2026-05-23,aFRR,NEG_004,-5.0,GRID_TO_PROVIDER,5.0,5.0,SK,ENTSO-E BalancingEnergyBids
20260523012-AFRR_N-UNIT_058-1,2026-05-23,aFRR,NEG_004,-50.0,GRID_TO_PROVIDER,2.0,2.0,SK,ENTSO-E BalancingEnergyBids
20260523012-AFRR_N-UNIT_013-1,2026-05-23,aFRR,NEG_004,-10.0,GRID_TO_PROVIDER,21.0,21.0,SK,ENTSO-E BalancingEnergyBids
20260523012-AFRR_N-UNIT_010-1,2026-05-23,aFRR,NEG_004,-10.0,GRID_TO_PROVIDER,30.0,30.0,SK,ENTSO-E BalancingEnergyBids
20260523012-AFRR_N-UNIT_062-1,2026-05-23,aFRR,NEG_004,-29.0,GRID_TO_PROVIDER,11.0,11.0,SK,ENTSO-E BalancingEnergyBids
20260523012-AFRR_N-UNIT_043-1,2026-05-23,aFRR,NEG_004,10.0,GRID_TO_PROVIDER,3.0,3.0,SK,ENTSO-E BalancingEnergyBids
20260523012-AFRR_N-UNIT_104-1,2026-05-23,aFRR,NEG_004,-5.0,GRID_TO_PROVIDER,4.0,4.0,SK,ENTSO-E BalancingEnergyBids
20260523012-AFRR_N-UNIT_089-1,2026-05-23,aFRR,NEG_004,-132.95,GRID_TO_PROVIDER,3.0,3.0,SK,ENTSO-E BalancingEnergyBids
20260523012-AFRR_N-UNIT_097-1,2026-05-23,aFRR,NEG_004,0.0,GRID_TO_PROVIDER,1.0,1.0,SK,ENTSO-E BalancingEnergyBids
20260523012-AFRR_N-UNIT_019-1,2026-05-23,aFRR,NEG_004,-199.0,GRID_TO_PROVIDER,1.0,1.0,SK,ENTSO-E BalancingEnergyBids
20260523012-AFRR_N-UNIT_106-1,2026-05-23,aFRR,NEG_004,-19.0,GRID_TO_PROVIDER,1.0,1.0,SK,ENTSO-E BalancingEnergyBids
20260523012-AFRR_N-UNIT_123-1,2026-05-23,aFRR,NEG_004,-5.0,GRID_TO_PROVIDER,6.0,6.0,SK,ENTSO-E BalancingEnergyBids
20260523012-AFRR_P-UNIT_019-1,2026-05-23,aFRR,POS_004,249.0,PROVIDER_TO_GRID,1.0,1.0,SK,ENTSO-E BalancingEnergyBids
20260523013-AFRR_P-UNIT_068-1,2026-05-23,aFRR,POS_005,184.31,PROVIDER_TO_GRID,1.0,1.0,SK,ENTSO-E BalancingEnergyBids
20260523013-AFRR_P-UNIT_052-1,2026-05-23,aFRR,POS_005,140.0,PROVIDER_TO_GRID,31.0,31.0,SK,ENTSO-E BalancingEnergyBids
20260523013-AFRR_P-UNIT_047-1,2026-05-23,aFRR,POS_005,500.0,PROVIDER_TO_GRID,10.0,10.0,SK,ENTSO-E BalancingEnergyBids
20260523013-AFRR_P-UNIT_051-1,2026-05-23,aFRR,POS_005,350.0,PROVIDER_TO_GRID,5.0,5.0,SK,ENTSO-E BalancingEnergyBids
20260523013-AFRR_P-UNIT_069-1,2026-05-23,aFRR,POS_005,135.0,PROVIDER_TO_GRID,15.0,15.0,SK,ENTSO-E BalancingEnergyBids
20260523013-AFRR_P-UNIT_028-1,2026-05-23,aFRR,POS_005,184.31,PROVIDER_TO_GRID,5.0,5.0,SK,ENTSO-E BalancingEnergyBids
20260523013-AFRR_P-UNIT_058-1,2026-05-23,aFRR,POS_005,200.0,PROVIDER_TO_GRID,1.0,1.0,SK,ENTSO-E BalancingEnergyBids
20260523013-AFRR_P-UNIT_008-1,2026-05-23,aFRR,POS_005,190.07,PROVIDER_TO_GRID,14.0,14.0,SK,ENTSO-E BalancingEnergyBids
20260523013-AFRR_P-UNIT_062-1,2026-05-23,aFRR,POS_005,138.0,PROVIDER_TO_GRID,8.0,8.0,SK,ENTSO-E BalancingEnergyBids
20260523013-AFRR_P-UNIT_043-1,2026-05-23,aFRR,POS_005,138.0,PROVIDER_TO_GRID,2.0,2.0,SK,ENTSO-E BalancingEnergyBids
20260523013-AFRR_P-UNIT_063-1,2026-05-23,aFRR,POS_005,110.0,PROVIDER_TO_GRID,9.0,9.0,SK,ENTSO-E BalancingEnergyBids
20260523013-AFRR_P-UNIT_104-1,2026-05-23,aFRR,POS_005,750.0,PROVIDER_TO_GRID,11.0,11.0,SK,ENTSO-E BalancingEnergyBids
20260523013-AFRR_P-UNIT_009-1,2026-05-23,aFRR,POS_005,190.07,PROVIDER_TO_GRID,3.0,3.0,SK,ENTSO-E BalancingEnergyBids
20260523013-AFRR_P-UNIT_106-1,2026-05-23,aFRR,POS_005,300.0,PROVIDER_TO_GRID,1.0,1.0,SK,ENTSO-E BalancingEnergyBids
20260523013-AFRR_P-UNIT_123-1,2026-05-23,aFRR,POS_005,189.0,PROVIDER_TO_GRID,6.0,6.0,SK,ENTSO-E BalancingEnergyBids
20260523013-AFRR_N-UNIT_068-1,2026-05-23,aFRR,NEG_005,-5.0,GRID_TO_PROVIDER,1.0,1.0,SK,ENTSO-E BalancingEnergyBids
20260523013-AFRR_N-UNIT_052-1,2026-05-23,aFRR,NEG_005,-30.0,GRID_TO_PROVIDER,7.0,7.0,SK,ENTSO-E BalancingEnergyBids
20260523013-AFRR_N-UNIT_051-1,2026-05-23,aFRR,NEG_005,-144.0,GRID_TO_PROVIDER,5.0,5.0,SK,ENTSO-E BalancingEnergyBids
20260523013-AFRR_N-UNIT_069-1,2026-05-23,aFRR,NEG_005,-150.0,GRID_TO_PROVIDER,12.0,12.0,SK,ENTSO-E BalancingEnergyBids
20260523013-AFRR_N-UNIT_028-1,2026-05-23,aFRR,NEG_005,-5.0,GRID_TO_PROVIDER,5.0,5.0,SK,ENTSO-E BalancingEnergyBids
20260523013-AFRR_N-UNIT_058-1,2026-05-23,aFRR,NEG_005,-50.0,GRID_TO_PROVIDER,2.0,2.0,SK,ENTSO-E BalancingEnergyBids
20260523013-AFRR_N-UNIT_013-1,2026-05-23,aFRR,NEG_005,-10.0,GRID_TO_PROVIDER,21.0,21.0,SK,ENTSO-E BalancingEnergyBids
20260523013-AFRR_N-UNIT_010-1,2026-05-23,aFRR,NEG_005,-10.0,GRID_TO_PROVIDER,30.0,30.0,SK,ENTSO-E BalancingEnergyBids
20260523013-AFRR_N-UNIT_062-1,2026-05-23,aFRR,NEG_005,-29.0,GRID_TO_PROVIDER,11.0,11.0,SK,ENTSO-E BalancingEnergyBids
20260523013-AFRR_N-UNIT_043-1,2026-05-23,aFRR,NEG_005,10.0,GRID_TO_PROVIDER,4.0,4.0,SK,ENTSO-E BalancingEnergyBids
20260523013-AFRR_N-UNIT_104-1,2026-05-23,aFRR,NEG_005,-5.0,GRID_TO_PROVIDER,4.0,4.0,SK,ENTSO-E BalancingEnergyBids
20260523013-AFRR_N-UNIT_089-1,2026-05-23,aFRR,NEG_005,-128.35,GRID_TO_PROVIDER,3.0,3.0,SK,ENTSO-E BalancingEnergyBids
20260523013-AFRR_N-UNIT_097-1,2026-05-23,aFRR,NEG_005,0.0,GRID_TO_PROVIDER,1.0,1.0,SK,ENTSO-E BalancingEnergyBids
20260523013-AFRR_N-UNIT_019-1,2026-05-23,aFRR,NEG_005,-199.0,GRID_TO_PROVIDER,1.0,1.0,SK,ENTSO-E BalancingEnergyBids
20260523013-AFRR_N-UNIT_106-1,2026-05-23,aFRR,NEG_005,-19.0,GRID_TO_PROVIDER,1.0,1.0,SK,ENTSO-E BalancingEnergyBids
20260523013-AFRR_N-UNIT_123-1,2026-05-23,aFRR,NEG_005,-5.0,GRID_TO_PROVIDER,7.0,7.0,SK,ENTSO-E BalancingEnergyBids
20260523013-AFRR_P-UNIT_019-1,2026-05-23,aFRR,POS_005,247.0,PROVIDER_TO_GRID,1.0,1.0,SK,ENTSO-E BalancingEnergyBids
20260523014-AFRR_P-UNIT_068-1,2026-05-23,aFRR,POS_006,184.66,PROVIDER_TO_GRID,1.0,1.0,SK,ENTSO-E BalancingEnergyBids
20260523014-AFRR_P-UNIT_052-1,2026-05-23,aFRR,POS_006,140.0,PROVIDER_TO_GRID,31.0,31.0,SK,ENTSO-E BalancingEnergyBids
20260523014-AFRR_P-UNIT_047-1,2026-05-23,aFRR,POS_006,500.0,PROVIDER_TO_GRID,10.0,10.0,SK,ENTSO-E BalancingEnergyBids
20260523014-AFRR_P-UNIT_051-1,2026-05-23,aFRR,POS_006,350.0,PROVIDER_TO_GRID,5.0,5.0,SK,ENTSO-E BalancingEnergyBids
20260523014-AFRR_P-UNIT_069-1,2026-05-23,aFRR,POS_006,135.0,PROVIDER_TO_GRID,15.0,15.0,SK,ENTSO-E BalancingEnergyBids
20260523014-AFRR_P-UNIT_028-1,2026-05-23,aFRR,POS_006,184.66,PROVIDER_TO_GRID,5.0,5.0,SK,ENTSO-E BalancingEnergyBids
20260523014-AFRR_P-UNIT_058-1,2026-05-23,aFRR,POS_006,200.0,PROVIDER_TO_GRID,1.0,1.0,SK,ENTSO-E BalancingEnergyBids
20260523014-AFRR_P-UNIT_008-1,2026-05-23,aFRR,POS_006,190.07,PROVIDER_TO_GRID,14.0,14.0,SK,ENTSO-E BalancingEnergyBids
20260523014-AFRR_P-UNIT_062-1,2026-05-23,aFRR,POS_006,138.0,PROVIDER_TO_GRID,8.0,8.0,SK,ENTSO-E BalancingEnergyBids
20260523014-AFRR_P-UNIT_043-1,2026-05-23,aFRR,POS_006,138.0,PROVIDER_TO_GRID,2.0,2.0,SK,ENTSO-E BalancingEnergyBids
20260523014-AFRR_P-UNIT_063-1,2026-05-23,aFRR,POS_006,110.0,PROVIDER_TO_GRID,9.0,9.0,SK,ENTSO-E BalancingEnergyBids
20260523014-AFRR_P-UNIT_104-1,2026-05-23,aFRR,POS_006,750.0,PROVIDER_TO_GRID,11.0,11.0,SK,ENTSO-E BalancingEnergyBids
20260523014-AFRR_P-UNIT_097-1,2026-05-23,aFRR,POS_006,85.0,PROVIDER_TO_GRID,1.0,1.0,SK,ENTSO-E BalancingEnergyBids
20260523014-AFRR_P-UNIT_009-1,2026-05-23,aFRR,POS_006,190.07,PROVIDER_TO_GRID,3.0,3.0,SK,ENTSO-E BalancingEnergyBids
20260523014-AFRR_P-UNIT_106-1,2026-05-23,aFRR,POS_006,300.0,PROVIDER_TO_GRID,1.0,1.0,SK,ENTSO-E BalancingEnergyBids
20260523014-AFRR_P-UNIT_123-1,2026-05-23,aFRR,POS_006,189.0,PROVIDER_TO_GRID,6.0,6.0,SK,ENTSO-E BalancingEnergyBids
20260523014-AFRR_N-UNIT_068-1,2026-05-23,aFRR,NEG_006,-5.0,GRID_TO_PROVIDER,1.0,1.0,SK,ENTSO-E BalancingEnergyBids
20260523014-AFRR_N-UNIT_052-1,2026-05-23,aFRR,NEG_006,-30.0,GRID_TO_PROVIDER,7.0,7.0,SK,ENTSO-E BalancingEnergyBids
20260523014-AFRR_N-UNIT_051-1,2026-05-23,aFRR,NEG_006,-144.0,GRID_TO_PROVIDER,5.0,5.0,SK,ENTSO-E BalancingEnergyBids
20260523014-AFRR_N-UNIT_069-1,2026-05-23,aFRR,NEG_006,-150.0,GRID_TO_PROVIDER,12.0,12.0,SK,ENTSO-E BalancingEnergyBids
20260523014-AFRR_N-UNIT_028-1,2026-05-23,aFRR,NEG_006,-5.0,GRID_TO_PROVIDER,5.0,5.0,SK,ENTSO-E BalancingEnergyBids
20260523014-AFRR_N-UNIT_058-1,2026-05-23,aFRR,NEG_006,-50.0,GRID_TO_PROVIDER,2.0,2.0,SK,ENTSO-E BalancingEnergyBids
20260523014-AFRR_N-UNIT_013-1,2026-05-23,aFRR,NEG_006,-10.0,GRID_TO_PROVIDER,21.0,21.0,SK,ENTSO-E BalancingEnergyBids
20260523014-AFRR_N-UNIT_010-1,2026-05-23,aFRR,NEG_006,-10.0,GRID_TO_PROVIDER,30.0,30.0,SK,ENTSO-E BalancingEnergyBids
20260523014-AFRR_N-UNIT_062-1,2026-05-23,aFRR,NEG_006,-29.0,GRID_TO_PROVIDER,11.0,11.0,SK,ENTSO-E BalancingEnergyBids
20260523014-AFRR_N-UNIT_043-1,2026-05-23,aFRR,NEG_006,10.0,GRID_TO_PROVIDER,4.0,4.0,SK,ENTSO-E BalancingEnergyBids
20260523014-AFRR_N-UNIT_104-1,2026-05-23,aFRR,NEG_006,-5.0,GRID_TO_PROVIDER,4.0,4.0,SK,ENTSO-E BalancingEnergyBids
20260523014-AFRR_N-UNIT_089-1,2026-05-23,aFRR,NEG_006,-128.1,GRID_TO_PROVIDER,3.0,3.0,SK,ENTSO-E BalancingEnergyBids
20260523014-AFRR_N-UNIT_097-1,2026-05-23,aFRR,NEG_006,0.0,GRID_TO_PROVIDER,2.0,2.0,SK,ENTSO-E BalancingEnergyBids
20260523014-AFRR_N-UNIT_019-1,2026-05-23,aFRR,NEG_006,-199.0,GRID_TO_PROVIDER,1.0,1.0,SK,ENTSO-E BalancingEnergyBids
20260523014-AFRR_N-UNIT_106-1,2026-05-23,aFRR,NEG_006,-19.0,GRID_TO_PROVIDER,1.0,1.0,SK,ENTSO-E BalancingEnergyBids
20260523014-AFRR_N-UNIT_123-1,2026-05-23,aFRR,NEG_006,-5.0,GRID_TO_PROVIDER,7.0,7.0,SK,ENTSO-E BalancingEnergyBids
20260523014-AFRR_P-UNIT_019-1,2026-05-23,aFRR,POS_006,247.0,PROVIDER_TO_GRID,1.0,1.0,SK,ENTSO-E BalancingEnergyBids
20260523015-AFRR_P-UNIT_019-1,2026-05-23,aFRR,POS_007,254.0,PROVIDER_TO_GRID,1.0,1.0,SK,ENTSO-E BalancingEnergyBids
20260523015-AFRR_P-UNIT_068-1,2026-05-23,aFRR,POS_007,184.61,PROVIDER_TO_GRID,1.0,1.0,SK,ENTSO-E BalancingEnergyBids
20260523015-AFRR_P-UNIT_052-1,2026-05-23,aFRR,POS_007,140.0,PROVIDER_TO_GRID,31.0,31.0,SK,ENTSO-E BalancingEnergyBids
20260523015-AFRR_P-UNIT_047-1,2026-05-23,aFRR,POS_007,500.0,PROVIDER_TO_GRID,10.0,10.0,SK,ENTSO-E BalancingEnergyBids
20260523015-AFRR_P-UNIT_051-1,2026-05-23,aFRR,POS_007,350.0,PROVIDER_TO_GRID,5.0,5.0,SK,ENTSO-E BalancingEnergyBids
20260523015-AFRR_P-UNIT_069-1,2026-05-23,aFRR,POS_007,135.0,PROVIDER_TO_GRID,15.0,15.0,SK,ENTSO-E BalancingEnergyBids
20260523015-AFRR_P-UNIT_028-1,2026-05-23,aFRR,POS_007,184.61,PROVIDER_TO_GRID,5.0,5.0,SK,ENTSO-E BalancingEnergyBids
20260523015-AFRR_P-UNIT_058-1,2026-05-23,aFRR,POS_007,200.0,PROVIDER_TO_GRID,1.0,1.0,SK,ENTSO-E BalancingEnergyBids
20260523015-AFRR_P-UNIT_008-1,2026-05-23,aFRR,POS_007,190.07,PROVIDER_TO_GRID,14.0,14.0,SK,ENTSO-E BalancingEnergyBids
20260523015-AFRR_P-UNIT_062-1,2026-05-23,aFRR,POS_007,138.0,PROVIDER_TO_GRID,8.0,8.0,SK,ENTSO-E BalancingEnergyBids
20260523015-AFRR_P-UNIT_043-1,2026-05-23,aFRR,POS_007,138.0,PROVIDER_TO_GRID,2.0,2.0,SK,ENTSO-E BalancingEnergyBids
20260523015-AFRR_P-UNIT_063-1,2026-05-23,aFRR,POS_007,110.0,PROVIDER_TO_GRID,9.0,9.0,SK,ENTSO-E BalancingEnergyBids
20260523015-AFRR_P-UNIT_104-1,2026-05-23,aFRR,POS_007,750.0,PROVIDER_TO_GRID,11.0,11.0,SK,ENTSO-E BalancingEnergyBids
20260523015-AFRR_P-UNIT_097-1,2026-05-23,aFRR,POS_007,85.0,PROVIDER_TO_GRID,1.0,1.0,SK,ENTSO-E BalancingEnergyBids
20260523015-AFRR_P-UNIT_009-1,2026-05-23,aFRR,POS_007,190.07,PROVIDER_TO_GRID,3.0,3.0,SK,ENTSO-E BalancingEnergyBids
20260523015-AFRR_P-UNIT_106-1,2026-05-23,aFRR,POS_007,300.0,PROVIDER_TO_GRID,1.0,1.0,SK,ENTSO-E BalancingEnergyBids
20260523015-AFRR_P-UNIT_123-1,2026-05-23,aFRR,POS_007,189.0,PROVIDER_TO_GRID,6.0,6.0,SK,ENTSO-E BalancingEnergyBids
20260523015-AFRR_N-UNIT_068-1,2026-05-23,aFRR,NEG_007,-5.0,GRID_TO_PROVIDER,1.0,1.0,SK,ENTSO-E BalancingEnergyBids
20260523015-AFRR_N-UNIT_052-1,2026-05-23,aFRR,NEG_007,-30.0,GRID_TO_PROVIDER,7.0,7.0,SK,ENTSO-E BalancingEnergyBids
20260523015-AFRR_N-UNIT_051-1,2026-05-23,aFRR,NEG_007,-144.0,GRID_TO_PROVIDER,5.0,5.0,SK,ENTSO-E BalancingEnergyBids
20260523015-AFRR_N-UNIT_069-1,2026-05-23,aFRR,NEG_007,-150.0,GRID_TO_PROVIDER,12.0,12.0,SK,ENTSO-E BalancingEnergyBids
20260523015-AFRR_N-UNIT_028-1,2026-05-23,aFRR,NEG_007,-5.0,GRID_TO_PROVIDER,5.0,5.0,SK,ENTSO-E BalancingEnergyBids
20260523015-AFRR_N-UNIT_058-1,2026-05-23,aFRR,NEG_007,-50.0,GRID_TO_PROVIDER,2.0,2.0,SK,ENTSO-E BalancingEnergyBids
20260523015-AFRR_N-UNIT_013-1,2026-05-23,aFRR,NEG_007,-10.0,GRID_TO_PROVIDER,21.0,21.0,SK,ENTSO-E BalancingEnergyBids
20260523015-AFRR_N-UNIT_010-1,2026-05-23,aFRR,NEG_007,-10.0,GRID_TO_PROVIDER,30.0,30.0,SK,ENTSO-E BalancingEnergyBids
20260523015-AFRR_N-UNIT_062-1,2026-05-23,aFRR,NEG_007,-29.0,GRID_TO_PROVIDER,11.0,11.0,SK,ENTSO-E BalancingEnergyBids
20260523015-AFRR_N-UNIT_043-1,2026-05-23,aFRR,NEG_007,10.0,GRID_TO_PROVIDER,4.0,4.0,SK,ENTSO-E BalancingEnergyBids
20260523015-AFRR_N-UNIT_104-1,2026-05-23,aFRR,NEG_007,-5.0,GRID_TO_PROVIDER,4.0,4.0,SK,ENTSO-E BalancingEnergyBids
20260523015-AFRR_N-UNIT_089-1,2026-05-23,aFRR,NEG_007,-128.13,GRID_TO_PROVIDER,3.0,3.0,SK,ENTSO-E BalancingEnergyBids
20260523015-AFRR_N-UNIT_097-1,2026-05-23,aFRR,NEG_007,0.0,GRID_TO_PROVIDER,2.0,2.0,SK,ENTSO-E BalancingEnergyBids
20260523015-AFRR_N-UNIT_019-1,2026-05-23,aFRR,NEG_007,-199.0,GRID_TO_PROVIDER,1.0,1.0,SK,ENTSO-E BalancingEnergyBids
20260523015-AFRR_N-UNIT_106-1,2026-05-23,aFRR,NEG_007,-19.0,GRID_TO_PROVIDER,1.0,1.0,SK,ENTSO-E BalancingEnergyBids
20260523015-AFRR_N-UNIT_123-1,2026-05-23,aFRR,NEG_007,-5.0,GRID_TO_PROVIDER,7.0,7.0,SK,ENTSO-E BalancingEnergyBids
20260523016-AFRR_P-UNIT_019-1,2026-05-23,aFRR,POS_008,245.0,PROVIDER_TO_GRID,1.0,1.0,SK,ENTSO-E BalancingEnergyBids
20260523016-AFRR_P-UNIT_068-1,2026-05-23,aFRR,POS_008,178.09,PROVIDER_TO_GRID,1.0,1.0,SK,ENTSO-E BalancingEnergyBids
20260523016-AFRR_P-UNIT_052-1,2026-05-23,aFRR,POS_008,140.0,PROVIDER_TO_GRID,31.0,31.0,SK,ENTSO-E BalancingEnergyBids
20260523016-AFRR_P-UNIT_047-1,2026-05-23,aFRR,POS_008,500.0,PROVIDER_TO_GRID,10.0,10.0,SK,ENTSO-E BalancingEnergyBids
20260523016-AFRR_P-UNIT_051-1,2026-05-23,aFRR,POS_008,350.0,PROVIDER_TO_GRID,5.0,5.0,SK,ENTSO-E BalancingEnergyBids
20260523016-AFRR_P-UNIT_069-1,2026-05-23,aFRR,POS_008,135.0,PROVIDER_TO_GRID,15.0,15.0,SK,ENTSO-E BalancingEnergyBids
20260523016-AFRR_P-UNIT_028-1,2026-05-23,aFRR,POS_008,178.09,PROVIDER_TO_GRID,5.0,5.0,SK,ENTSO-E BalancingEnergyBids
20260523016-AFRR_P-UNIT_058-1,2026-05-23,aFRR,POS_008,200.0,PROVIDER_TO_GRID,1.0,1.0,SK,ENTSO-E BalancingEnergyBids
20260523016-AFRR_P-UNIT_008-1,2026-05-23,aFRR,POS_008,190.07,PROVIDER_TO_GRID,14.0,14.0,SK,ENTSO-E BalancingEnergyBids
20260523016-AFRR_P-UNIT_062-1,2026-05-23,aFRR,POS_008,134.0,PROVIDER_TO_GRID,8.0,8.0,SK,ENTSO-E BalancingEnergyBids
20260523016-AFRR_P-UNIT_043-1,2026-05-23,aFRR,POS_008,134.0,PROVIDER_TO_GRID,2.0,2.0,SK,ENTSO-E BalancingEnergyBids
20260523016-AFRR_P-UNIT_063-1,2026-05-23,aFRR,POS_008,110.0,PROVIDER_TO_GRID,9.0,9.0,SK,ENTSO-E BalancingEnergyBids
20260523016-AFRR_P-UNIT_104-1,2026-05-23,aFRR,POS_008,750.0,PROVIDER_TO_GRID,11.0,11.0,SK,ENTSO-E BalancingEnergyBids
20260523016-AFRR_P-UNIT_097-1,2026-05-23,aFRR,POS_008,85.0,PROVIDER_TO_GRID,1.0,1.0,SK,ENTSO-E BalancingEnergyBids
20260523016-AFRR_P-UNIT_009-1,2026-05-23,aFRR,POS_008,190.07,PROVIDER_TO_GRID,3.0,3.0,SK,ENTSO-E BalancingEnergyBids
20260523016-AFRR_P-UNIT_106-1,2026-05-23,aFRR,POS_008,300.0,PROVIDER_TO_GRID,1.0,1.0,SK,ENTSO-E BalancingEnergyBids
20260523016-AFRR_P-UNIT_123-1,2026-05-23,aFRR,POS_008,189.0,PROVIDER_TO_GRID,6.0,6.0,SK,ENTSO-E BalancingEnergyBids
20260523016-AFRR_N-UNIT_068-1,2026-05-23,aFRR,NEG_008,-5.0,GRID_TO_PROVIDER,1.0,1.0,SK,ENTSO-E BalancingEnergyBids
20260523016-AFRR_N-UNIT_052-1,2026-05-23,aFRR,NEG_008,-30.0,GRID_TO_PROVIDER,7.0,7.0,SK,ENTSO-E BalancingEnergyBids
20260523016-AFRR_N-UNIT_051-1,2026-05-23,aFRR,NEG_008,-144.0,GRID_TO_PROVIDER,5.0,5.0,SK,ENTSO-E BalancingEnergyBids
20260523016-AFRR_N-UNIT_069-1,2026-05-23,aFRR,NEG_008,-150.0,GRID_TO_PROVIDER,12.0,12.0,SK,ENTSO-E BalancingEnergyBids
20260523016-AFRR_N-UNIT_028-1,2026-05-23,aFRR,NEG_008,-5.0,GRID_TO_PROVIDER,5.0,5.0,SK,ENTSO-E BalancingEnergyBids
20260523016-AFRR_N-UNIT_058-1,2026-05-23,aFRR,NEG_008,-50.0,GRID_TO_PROVIDER,2.0,2.0,SK,ENTSO-E BalancingEnergyBids
20260523016-AFRR_N-UNIT_013-1,2026-05-23,aFRR,NEG_008,-10.0,GRID_TO_PROVIDER,21.0,21.0,SK,ENTSO-E BalancingEnergyBids
20260523016-AFRR_N-UNIT_010-1,2026-05-23,aFRR,NEG_008,-10.0,GRID_TO_PROVIDER,30.0,30.0,SK,ENTSO-E BalancingEnergyBids
20260523016-AFRR_N-UNIT_062-1,2026-05-23,aFRR,NEG_008,-29.0,GRID_TO_PROVIDER,11.0,11.0,SK,ENTSO-E BalancingEnergyBids
20260523016-AFRR_N-UNIT_043-1,2026-05-23,aFRR,NEG_008,10.0,GRID_TO_PROVIDER,4.0,4.0,SK,ENTSO-E BalancingEnergyBids
20260523016-AFRR_N-UNIT_104-1,2026-05-23,aFRR,NEG_008,-5.0,GRID_TO_PROVIDER,4.0,4.0,SK,ENTSO-E BalancingEnergyBids
20260523016-AFRR_N-UNIT_089-1,2026-05-23,aFRR,NEG_008,-132.79,GRID_TO_PROVIDER,3.0,3.0,SK,ENTSO-E BalancingEnergyBids
20260523016-AFRR_N-UNIT_097-1,2026-05-23,aFRR,NEG_008,0.0,GRID_TO_PROVIDER,2.0,2.0,SK,ENTSO-E BalancingEnergyBids
20260523016-AFRR_N-UNIT_019-1,2026-05-23,aFRR,NEG_008,-199.0,GRID_TO_PROVIDER,1.0,1.0,SK,ENTSO-E BalancingEnergyBids
20260523016-AFRR_N-UNIT_106-1,2026-05-23,aFRR,NEG_008,-19.0,GRID_TO_PROVIDER,1.0,1.0,SK,ENTSO-E BalancingEnergyBids
20260523016-AFRR_N-UNIT_123-1,2026-05-23,aFRR,NEG_008,-5.0,GRID_TO_PROVIDER,7.0,7.0,SK,ENTSO-E BalancingEnergyBids
20260523017-AFRR_P-UNIT_019-1,2026-05-23,aFRR,POS_009,242.0,PROVIDER_TO_GRID,1.0,1.0,SK,ENTSO-E BalancingEnergyBids
20260523017-AFRR_P-UNIT_068-1,2026-05-23,aFRR,POS_009,177.11,PROVIDER_TO_GRID,1.0,1.0,SK,ENTSO-E BalancingEnergyBids
20260523017-AFRR_P-UNIT_052-1,2026-05-23,aFRR,POS_009,140.0,PROVIDER_TO_GRID,31.0,31.0,SK,ENTSO-E BalancingEnergyBids
20260523017-AFRR_P-UNIT_047-1,2026-05-23,aFRR,POS_009,500.0,PROVIDER_TO_GRID,10.0,10.0,SK,ENTSO-E BalancingEnergyBids
20260523017-AFRR_P-UNIT_051-1,2026-05-23,aFRR,POS_009,350.0,PROVIDER_TO_GRID,5.0,5.0,SK,ENTSO-E BalancingEnergyBids
20260523017-AFRR_P-UNIT_069-1,2026-05-23,aFRR,POS_009,135.0,PROVIDER_TO_GRID,15.0,15.0,SK,ENTSO-E BalancingEnergyBids
20260523017-AFRR_P-UNIT_058-1,2026-05-23,aFRR,POS_009,200.0,PROVIDER_TO_GRID,1.0,1.0,SK,ENTSO-E BalancingEnergyBids
20260523017-AFRR_P-UNIT_008-1,2026-05-23,aFRR,POS_009,190.07,PROVIDER_TO_GRID,14.0,14.0,SK,ENTSO-E BalancingEnergyBids
20260523017-AFRR_P-UNIT_062-1,2026-05-23,aFRR,POS_009,133.0,PROVIDER_TO_GRID,8.0,8.0,SK,ENTSO-E BalancingEnergyBids
20260523017-AFRR_P-UNIT_043-1,2026-05-23,aFRR,POS_009,133.0,PROVIDER_TO_GRID,2.0,2.0,SK,ENTSO-E BalancingEnergyBids
20260523017-AFRR_P-UNIT_063-1,2026-05-23,aFRR,POS_009,110.0,PROVIDER_TO_GRID,9.0,9.0,SK,ENTSO-E BalancingEnergyBids
20260523017-AFRR_P-UNIT_104-1,2026-05-23,aFRR,POS_009,750.0,PROVIDER_TO_GRID,11.0,11.0,SK,ENTSO-E BalancingEnergyBids
20260523017-AFRR_P-UNIT_009-1,2026-05-23,aFRR,POS_009,190.07,PROVIDER_TO_GRID,3.0,3.0,SK,ENTSO-E BalancingEnergyBids
20260523017-AFRR_P-UNIT_106-1,2026-05-23,aFRR,POS_009,300.0,PROVIDER_TO_GRID,1.0,1.0,SK,ENTSO-E BalancingEnergyBids
20260523017-AFRR_P-UNIT_123-1,2026-05-23,aFRR,POS_009,189.0,PROVIDER_TO_GRID,6.0,6.0,SK,ENTSO-E BalancingEnergyBids
20260523017-AFRR_N-UNIT_068-1,2026-05-23,aFRR,NEG_009,-5.0,GRID_TO_PROVIDER,1.0,1.0,SK,ENTSO-E BalancingEnergyBids
20260523017-AFRR_N-UNIT_052-1,2026-05-23,aFRR,NEG_009,-30.0,GRID_TO_PROVIDER,7.0,7.0,SK,ENTSO-E BalancingEnergyBids
20260523017-AFRR_N-UNIT_051-1,2026-05-23,aFRR,NEG_009,-144.0,GRID_TO_PROVIDER,5.0,5.0,SK,ENTSO-E BalancingEnergyBids
20260523017-AFRR_N-UNIT_069-1,2026-05-23,aFRR,NEG_009,-150.0,GRID_TO_PROVIDER,12.0,12.0,SK,ENTSO-E BalancingEnergyBids
20260523017-AFRR_N-UNIT_028-1,2026-05-23,aFRR,NEG_009,-5.0,GRID_TO_PROVIDER,5.0,5.0,SK,ENTSO-E BalancingEnergyBids
20260523017-AFRR_N-UNIT_058-1,2026-05-23,aFRR,NEG_009,-50.0,GRID_TO_PROVIDER,2.0,2.0,SK,ENTSO-E BalancingEnergyBids
20260523017-AFRR_N-UNIT_013-1,2026-05-23,aFRR,NEG_009,-10.0,GRID_TO_PROVIDER,21.0,21.0,SK,ENTSO-E BalancingEnergyBids
20260523017-AFRR_N-UNIT_010-1,2026-05-23,aFRR,NEG_009,-10.0,GRID_TO_PROVIDER,30.0,30.0,SK,ENTSO-E BalancingEnergyBids
20260523017-AFRR_N-UNIT_062-1,2026-05-23,aFRR,NEG_009,-29.0,GRID_TO_PROVIDER,11.0,11.0,SK,ENTSO-E BalancingEnergyBids
20260523017-AFRR_N-UNIT_043-1,2026-05-23,aFRR,NEG_009,10.0,GRID_TO_PROVIDER,4.0,4.0,SK,ENTSO-E BalancingEnergyBids
20260523017-AFRR_N-UNIT_104-1,2026-05-23,aFRR,NEG_009,-5.0,GRID_TO_PROVIDER,4.0,4.0,SK,ENTSO-E BalancingEnergyBids
20260523017-AFRR_N-UNIT_089-1,2026-05-23,aFRR,NEG_009,-133.49,GRID_TO_PROVIDER,3.0,3.0,SK,ENTSO-E BalancingEnergyBids
20260523017-AFRR_N-UNIT_019-1,2026-05-23,aFRR,NEG_009,-199.0,GRID_TO_PROVIDER,1.0,1.0,SK,ENTSO-E BalancingEnergyBids
20260523017-AFRR_N-UNIT_106-1,2026-05-23,aFRR,NEG_009,-19.0,GRID_TO_PROVIDER,1.0,1.0,SK,ENTSO-E BalancingEnergyBids
20260523017-AFRR_N-UNIT_123-1,2026-05-23,aFRR,NEG_009,-5.0,GRID_TO_PROVIDER,7.0,7.0,SK,ENTSO-E BalancingEnergyBids
20260523017-AFRR_P-UNIT_028-1,2026-05-23,aFRR,POS_009,142.12,PROVIDER_TO_GRID,5.0,5.0,SK,ENTSO-E BalancingEnergyBids
20260523018-AFRR_P-UNIT_019-1,2026-05-23,aFRR,POS_010,244.0,PROVIDER_TO_GRID,1.0,1.0,SK,ENTSO-E BalancingEnergyBids
20260523018-AFRR_P-UNIT_068-1,2026-05-23,aFRR,POS_010,174.35,PROVIDER_TO_GRID,1.0,1.0,SK,ENTSO-E BalancingEnergyBids
20260523018-AFRR_P-UNIT_052-1,2026-05-23,aFRR,POS_010,140.0,PROVIDER_TO_GRID,31.0,31.0,SK,ENTSO-E BalancingEnergyBids
20260523018-AFRR_P-UNIT_047-1,2026-05-23,aFRR,POS_010,500.0,PROVIDER_TO_GRID,10.0,10.0,SK,ENTSO-E BalancingEnergyBids
20260523018-AFRR_P-UNIT_051-1,2026-05-23,aFRR,POS_010,350.0,PROVIDER_TO_GRID,5.0,5.0,SK,ENTSO-E BalancingEnergyBids
20260523018-AFRR_P-UNIT_069-1,2026-05-23,aFRR,POS_010,135.0,PROVIDER_TO_GRID,15.0,15.0,SK,ENTSO-E BalancingEnergyBids
20260523018-AFRR_P-UNIT_058-1,2026-05-23,aFRR,POS_010,200.0,PROVIDER_TO_GRID,1.0,1.0,SK,ENTSO-E BalancingEnergyBids
20260523018-AFRR_P-UNIT_008-1,2026-05-23,aFRR,POS_010,190.07,PROVIDER_TO_GRID,14.0,14.0,SK,ENTSO-E BalancingEnergyBids
20260523018-AFRR_P-UNIT_062-1,2026-05-23,aFRR,POS_010,131.0,PROVIDER_TO_GRID,8.0,8.0,SK,ENTSO-E BalancingEnergyBids
20260523018-AFRR_P-UNIT_043-1,2026-05-23,aFRR,POS_010,131.0,PROVIDER_TO_GRID,2.0,2.0,SK,ENTSO-E BalancingEnergyBids
20260523018-AFRR_P-UNIT_063-1,2026-05-23,aFRR,POS_010,110.0,PROVIDER_TO_GRID,9.0,9.0,SK,ENTSO-E BalancingEnergyBids
20260523018-AFRR_P-UNIT_104-1,2026-05-23,aFRR,POS_010,750.0,PROVIDER_TO_GRID,11.0,11.0,SK,ENTSO-E BalancingEnergyBids
20260523018-AFRR_P-UNIT_097-1,2026-05-23,aFRR,POS_010,85.0,PROVIDER_TO_GRID,1.0,1.0,SK,ENTSO-E BalancingEnergyBids
20260523018-AFRR_P-UNIT_009-1,2026-05-23,aFRR,POS_010,190.07,PROVIDER_TO_GRID,3.0,3.0,SK,ENTSO-E BalancingEnergyBids
20260523018-AFRR_P-UNIT_106-1,2026-05-23,aFRR,POS_010,300.0,PROVIDER_TO_GRID,1.0,1.0,SK,ENTSO-E BalancingEnergyBids
20260523018-AFRR_P-UNIT_123-1,2026-05-23,aFRR,POS_010,189.0,PROVIDER_TO_GRID,6.0,6.0,SK,ENTSO-E BalancingEnergyBids
20260523018-AFRR_N-UNIT_068-1,2026-05-23,aFRR,NEG_010,-5.0,GRID_TO_PROVIDER,1.0,1.0,SK,ENTSO-E BalancingEnergyBids
20260523018-AFRR_N-UNIT_052-1,2026-05-23,aFRR,NEG_010,-30.0,GRID_TO_PROVIDER,7.0,7.0,SK,ENTSO-E BalancingEnergyBids
20260523018-AFRR_N-UNIT_051-1,2026-05-23,aFRR,NEG_010,-144.0,GRID_TO_PROVIDER,5.0,5.0,SK,ENTSO-E BalancingEnergyBids
20260523018-AFRR_N-UNIT_069-1,2026-05-23,aFRR,NEG_010,-150.0,GRID_TO_PROVIDER,12.0,12.0,SK,ENTSO-E BalancingEnergyBids
20260523018-AFRR_N-UNIT_028-1,2026-05-23,aFRR,NEG_010,-5.0,GRID_TO_PROVIDER,5.0,5.0,SK,ENTSO-E BalancingEnergyBids
20260523018-AFRR_N-UNIT_058-1,2026-05-23,aFRR,NEG_010,-50.0,GRID_TO_PROVIDER,2.0,2.0,SK,ENTSO-E BalancingEnergyBids
20260523018-AFRR_N-UNIT_013-1,2026-05-23,aFRR,NEG_010,-10.0,GRID_TO_PROVIDER,20.0,20.0,SK,ENTSO-E BalancingEnergyBids
20260523018-AFRR_N-UNIT_010-1,2026-05-23,aFRR,NEG_010,-10.0,GRID_TO_PROVIDER,30.0,30.0,SK,ENTSO-E BalancingEnergyBids
20260523018-AFRR_N-UNIT_062-1,2026-05-23,aFRR,NEG_010,-29.0,GRID_TO_PROVIDER,11.0,11.0,SK,ENTSO-E BalancingEnergyBids
20260523018-AFRR_N-UNIT_043-1,2026-05-23,aFRR,NEG_010,10.0,GRID_TO_PROVIDER,4.0,4.0,SK,ENTSO-E BalancingEnergyBids
20260523018-AFRR_N-UNIT_104-1,2026-05-23,aFRR,NEG_010,-5.0,GRID_TO_PROVIDER,4.0,4.0,SK,ENTSO-E BalancingEnergyBids
20260523018-AFRR_N-UNIT_089-1,2026-05-23,aFRR,NEG_010,-135.46,GRID_TO_PROVIDER,3.0,3.0,SK,ENTSO-E BalancingEnergyBids
20260523018-AFRR_N-UNIT_097-1,2026-05-23,aFRR,NEG_010,0.0,GRID_TO_PROVIDER,6.0,6.0,SK,ENTSO-E BalancingEnergyBids
20260523018-AFRR_N-UNIT_019-1,2026-05-23,aFRR,NEG_010,-199.0,GRID_TO_PROVIDER,1.0,1.0,SK,ENTSO-E BalancingEnergyBids
20260523018-AFRR_N-UNIT_106-1,2026-05-23,aFRR,NEG_010,-19.0,GRID_TO_PROVIDER,1.0,1.0,SK,ENTSO-E BalancingEnergyBids
20260523018-AFRR_N-UNIT_123-1,2026-05-23,aFRR,NEG_010,-5.0,GRID_TO_PROVIDER,7.0,7.0,SK,ENTSO-E BalancingEnergyBids
20260523018-AFRR_P-UNIT_028-1,2026-05-23,aFRR,POS_010,139.36,PROVIDER_TO_GRID,5.0,5.0,SK,ENTSO-E BalancingEnergyBids
20260523019-AFRR_P-UNIT_019-1,2026-05-23,aFRR,POS_011,247.0,PROVIDER_TO_GRID,1.0,1.0,SK,ENTSO-E BalancingEnergyBids
20260523019-AFRR_P-UNIT_028-1,2026-05-23,aFRR,POS_011,141.71,PROVIDER_TO_GRID,5.0,5.0,SK,ENTSO-E BalancingEnergyBids
20260523019-AFRR_N-UNIT_051-1,2026-05-23,aFRR,NEG_011,-144.0,GRID_TO_PROVIDER,5.0,5.0,SK,ENTSO-E BalancingEnergyBids
20260523019-AFRR_N-UNIT_013-1,2026-05-23,aFRR,NEG_011,-10.0,GRID_TO_PROVIDER,20.0,20.0,SK,ENTSO-E BalancingEnergyBids
20260523019-AFRR_N-UNIT_010-1,2026-05-23,aFRR,NEG_011,-10.0,GRID_TO_PROVIDER,30.0,30.0,SK,ENTSO-E BalancingEnergyBids
20260523019-AFRR_N-UNIT_062-1,2026-05-23,aFRR,NEG_011,-29.0,GRID_TO_PROVIDER,11.0,11.0,SK,ENTSO-E BalancingEnergyBids
20260523019-AFRR_N-UNIT_043-1,2026-05-23,aFRR,NEG_011,10.0,GRID_TO_PROVIDER,4.0,4.0,SK,ENTSO-E BalancingEnergyBids
20260523019-AFRR_N-UNIT_104-1,2026-05-23,aFRR,NEG_011,-5.0,GRID_TO_PROVIDER,4.0,4.0,SK,ENTSO-E BalancingEnergyBids
20260523019-AFRR_N-UNIT_089-1,2026-05-23,aFRR,NEG_011,-133.78,GRID_TO_PROVIDER,3.0,3.0,SK,ENTSO-E BalancingEnergyBids
20260523019-AFRR_N-UNIT_097-1,2026-05-23,aFRR,NEG_011,0.0,GRID_TO_PROVIDER,6.0,6.0,SK,ENTSO-E BalancingEnergyBids
20260523019-AFRR_N-UNIT_019-1,2026-05-23,aFRR,NEG_011,-199.0,GRID_TO_PROVIDER,1.0,1.0,SK,ENTSO-E BalancingEnergyBids
20260523019-AFRR_N-UNIT_106-1,2026-05-23,aFRR,NEG_011,-19.0,GRID_TO_PROVIDER,1.0,1.0,SK,ENTSO-E BalancingEnergyBids
20260523019-AFRR_N-UNIT_123-1,2026-05-23,aFRR,NEG_011,-5.0,GRID_TO_PROVIDER,7.0,7.0,SK,ENTSO-E BalancingEnergyBids
20260523019-AFRR_P-UNIT_068-1,2026-05-23,aFRR,POS_011,176.7,PROVIDER_TO_GRID,1.0,1.0,SK,ENTSO-E BalancingEnergyBids
20260523019-AFRR_P-UNIT_052-1,2026-05-23,aFRR,POS_011,140.0,PROVIDER_TO_GRID,31.0,31.0,SK,ENTSO-E BalancingEnergyBids
20260523019-AFRR_P-UNIT_047-1,2026-05-23,aFRR,POS_011,500.0,PROVIDER_TO_GRID,10.0,10.0,SK,ENTSO-E BalancingEnergyBids
20260523019-AFRR_P-UNIT_051-1,2026-05-23,aFRR,POS_011,350.0,PROVIDER_TO_GRID,5.0,5.0,SK,ENTSO-E BalancingEnergyBids
20260523019-AFRR_P-UNIT_069-1,2026-05-23,aFRR,POS_011,135.0,PROVIDER_TO_GRID,15.0,15.0,SK,ENTSO-E BalancingEnergyBids
20260523019-AFRR_P-UNIT_058-1,2026-05-23,aFRR,POS_011,200.0,PROVIDER_TO_GRID,1.0,1.0,SK,ENTSO-E BalancingEnergyBids
20260523019-AFRR_P-UNIT_008-1,2026-05-23,aFRR,POS_011,190.07,PROVIDER_TO_GRID,14.0,14.0,SK,ENTSO-E BalancingEnergyBids
20260523019-AFRR_P-UNIT_062-1,2026-05-23,aFRR,POS_011,133.0,PROVIDER_TO_GRID,8.0,8.0,SK,ENTSO-E BalancingEnergyBids
20260523019-AFRR_P-UNIT_043-1,2026-05-23,aFRR,POS_011,133.0,PROVIDER_TO_GRID,2.0,2.0,SK,ENTSO-E BalancingEnergyBids
20260523019-AFRR_P-UNIT_063-1,2026-05-23,aFRR,POS_011,110.0,PROVIDER_TO_GRID,9.0,9.0,SK,ENTSO-E BalancingEnergyBids
20260523019-AFRR_P-UNIT_104-1,2026-05-23,aFRR,POS_011,750.0,PROVIDER_TO_GRID,11.0,11.0,SK,ENTSO-E BalancingEnergyBids
20260523019-AFRR_P-UNIT_097-1,2026-05-23,aFRR,POS_011,85.0,PROVIDER_TO_GRID,1.0,1.0,SK,ENTSO-E BalancingEnergyBids
20260523019-AFRR_P-UNIT_009-1,2026-05-23,aFRR,POS_011,190.07,PROVIDER_TO_GRID,3.0,3.0,SK,ENTSO-E BalancingEnergyBids
20260523019-AFRR_P-UNIT_106-1,2026-05-23,aFRR,POS_011,300.0,PROVIDER_TO_GRID,1.0,1.0,SK,ENTSO-E BalancingEnergyBids
20260523019-AFRR_P-UNIT_123-1,2026-05-23,aFRR,POS_011,189.0,PROVIDER_TO_GRID,6.0,6.0,SK,ENTSO-E BalancingEnergyBids
20260523019-AFRR_N-UNIT_068-1,2026-05-23,aFRR,NEG_011,-5.0,GRID_TO_PROVIDER,1.0,1.0,SK,ENTSO-E BalancingEnergyBids
20260523019-AFRR_N-UNIT_052-1,2026-05-23,aFRR,NEG_011,-30.0,GRID_TO_PROVIDER,7.0,7.0,SK,ENTSO-E BalancingEnergyBids
20260523019-AFRR_N-UNIT_069-1,2026-05-23,aFRR,NEG_011,-150.0,GRID_TO_PROVIDER,12.0,12.0,SK,ENTSO-E BalancingEnergyBids
20260523019-AFRR_N-UNIT_028-1,2026-05-23,aFRR,NEG_011,-5.0,GRID_TO_PROVIDER,5.0,5.0,SK,ENTSO-E BalancingEnergyBids
20260523019-AFRR_N-UNIT_058-1,2026-05-23,aFRR,NEG_011,-50.0,GRID_TO_PROVIDER,2.0,2.0,SK,ENTSO-E BalancingEnergyBids
20260523020-AFRR_P-UNIT_068-1,2026-05-23,aFRR,POS_012,180.37,PROVIDER_TO_GRID,1.0,1.0,SK,ENTSO-E BalancingEnergyBids
20260523020-AFRR_P-UNIT_052-1,2026-05-23,aFRR,POS_012,140.0,PROVIDER_TO_GRID,31.0,31.0,SK,ENTSO-E BalancingEnergyBids
20260523020-AFRR_P-UNIT_047-1,2026-05-23,aFRR,POS_012,500.0,PROVIDER_TO_GRID,10.0,10.0,SK,ENTSO-E BalancingEnergyBids
20260523020-AFRR_P-UNIT_051-1,2026-05-23,aFRR,POS_012,350.0,PROVIDER_TO_GRID,5.0,5.0,SK,ENTSO-E BalancingEnergyBids
20260523020-AFRR_P-UNIT_069-1,2026-05-23,aFRR,POS_012,135.0,PROVIDER_TO_GRID,15.0,15.0,SK,ENTSO-E BalancingEnergyBids
20260523020-AFRR_P-UNIT_058-1,2026-05-23,aFRR,POS_012,200.0,PROVIDER_TO_GRID,1.0,1.0,SK,ENTSO-E BalancingEnergyBids
20260523020-AFRR_P-UNIT_008-1,2026-05-23,aFRR,POS_012,190.07,PROVIDER_TO_GRID,14.0,14.0,SK,ENTSO-E BalancingEnergyBids
20260523020-AFRR_P-UNIT_062-1,2026-05-23,aFRR,POS_012,135.0,PROVIDER_TO_GRID,8.0,8.0,SK,ENTSO-E BalancingEnergyBids
20260523020-AFRR_P-UNIT_043-1,2026-05-23,aFRR,POS_012,135.0,PROVIDER_TO_GRID,2.0,2.0,SK,ENTSO-E BalancingEnergyBids
20260523020-AFRR_P-UNIT_063-1,2026-05-23,aFRR,POS_012,110.0,PROVIDER_TO_GRID,9.0,9.0,SK,ENTSO-E BalancingEnergyBids
20260523020-AFRR_P-UNIT_104-1,2026-05-23,aFRR,POS_012,750.0,PROVIDER_TO_GRID,11.0,11.0,SK,ENTSO-E BalancingEnergyBids
20260523020-AFRR_P-UNIT_097-1,2026-05-23,aFRR,POS_012,85.0,PROVIDER_TO_GRID,1.0,1.0,SK,ENTSO-E BalancingEnergyBids
20260523020-AFRR_P-UNIT_009-1,2026-05-23,aFRR,POS_012,190.07,PROVIDER_TO_GRID,3.0,3.0,SK,ENTSO-E BalancingEnergyBids
20260523020-AFRR_P-UNIT_106-1,2026-05-23,aFRR,POS_012,300.0,PROVIDER_TO_GRID,1.0,1.0,SK,ENTSO-E BalancingEnergyBids
20260523020-AFRR_P-UNIT_123-1,2026-05-23,aFRR,POS_012,189.0,PROVIDER_TO_GRID,6.0,6.0,SK,ENTSO-E BalancingEnergyBids
20260523020-AFRR_N-UNIT_068-1,2026-05-23,aFRR,NEG_012,-5.0,GRID_TO_PROVIDER,1.0,1.0,SK,ENTSO-E BalancingEnergyBids
20260523020-AFRR_N-UNIT_052-1,2026-05-23,aFRR,NEG_012,-30.0,GRID_TO_PROVIDER,7.0,7.0,SK,ENTSO-E BalancingEnergyBids
20260523020-AFRR_N-UNIT_051-1,2026-05-23,aFRR,NEG_012,-144.0,GRID_TO_PROVIDER,5.0,5.0,SK,ENTSO-E BalancingEnergyBids
20260523020-AFRR_N-UNIT_069-1,2026-05-23,aFRR,NEG_012,-150.0,GRID_TO_PROVIDER,12.0,12.0,SK,ENTSO-E BalancingEnergyBids
20260523020-AFRR_N-UNIT_028-1,2026-05-23,aFRR,NEG_012,-5.0,GRID_TO_PROVIDER,5.0,5.0,SK,ENTSO-E BalancingEnergyBids
20260523020-AFRR_N-UNIT_058-1,2026-05-23,aFRR,NEG_012,-50.0,GRID_TO_PROVIDER,2.0,2.0,SK,ENTSO-E BalancingEnergyBids
20260523020-AFRR_N-UNIT_013-1,2026-05-23,aFRR,NEG_012,-10.0,GRID_TO_PROVIDER,20.0,20.0,SK,ENTSO-E BalancingEnergyBids
20260523020-AFRR_N-UNIT_010-1,2026-05-23,aFRR,NEG_012,-10.0,GRID_TO_PROVIDER,30.0,30.0,SK,ENTSO-E BalancingEnergyBids
20260523020-AFRR_N-UNIT_062-1,2026-05-23,aFRR,NEG_012,-29.0,GRID_TO_PROVIDER,11.0,11.0,SK,ENTSO-E BalancingEnergyBids
20260523020-AFRR_N-UNIT_043-1,2026-05-23,aFRR,NEG_012,10.0,GRID_TO_PROVIDER,4.0,4.0,SK,ENTSO-E BalancingEnergyBids
20260523020-AFRR_N-UNIT_104-1,2026-05-23,aFRR,NEG_012,-5.0,GRID_TO_PROVIDER,4.0,4.0,SK,ENTSO-E BalancingEnergyBids
20260523020-AFRR_N-UNIT_089-1,2026-05-23,aFRR,NEG_012,-131.16,GRID_TO_PROVIDER,3.0,3.0,SK,ENTSO-E BalancingEnergyBids
20260523020-AFRR_N-UNIT_097-1,2026-05-23,aFRR,NEG_012,0.0,GRID_TO_PROVIDER,6.0,6.0,SK,ENTSO-E BalancingEnergyBids
20260523020-AFRR_N-UNIT_019-1,2026-05-23,aFRR,NEG_012,-199.0,GRID_TO_PROVIDER,1.0,1.0,SK,ENTSO-E BalancingEnergyBids
20260523020-AFRR_N-UNIT_106-1,2026-05-23,aFRR,NEG_012,-19.0,GRID_TO_PROVIDER,1.0,1.0,SK,ENTSO-E BalancingEnergyBids
20260523020-AFRR_N-UNIT_123-1,2026-05-23,aFRR,NEG_012,-5.0,GRID_TO_PROVIDER,7.0,7.0,SK,ENTSO-E BalancingEnergyBids
20260523020-AFRR_P-UNIT_019-1,2026-05-23,aFRR,POS_012,244.0,PROVIDER_TO_GRID,1.0,1.0,SK,ENTSO-E BalancingEnergyBids
20260523020-AFRR_P-UNIT_028-1,2026-05-23,aFRR,POS_012,145.38,PROVIDER_TO_GRID,5.0,5.0,SK,ENTSO-E BalancingEnergyBids
20260523021-AFRR_P-UNIT_043-1,2026-05-23,aFRR,POS_013,139.0,PROVIDER_TO_GRID,3.0,3.0,SK,ENTSO-E BalancingEnergyBids
20260523021-AFRR_P-UNIT_063-1,2026-05-23,aFRR,POS_013,110.0,PROVIDER_TO_GRID,10.0,10.0,SK,ENTSO-E BalancingEnergyBids
20260523021-AFRR_P-UNIT_104-1,2026-05-23,aFRR,POS_013,750.0,PROVIDER_TO_GRID,11.0,11.0,SK,ENTSO-E BalancingEnergyBids
20260523021-AFRR_P-UNIT_009-1,2026-05-23,aFRR,POS_013,190.07,PROVIDER_TO_GRID,3.0,3.0,SK,ENTSO-E BalancingEnergyBids
20260523021-AFRR_P-UNIT_106-1,2026-05-23,aFRR,POS_013,300.0,PROVIDER_TO_GRID,1.0,1.0,SK,ENTSO-E BalancingEnergyBids
20260523021-AFRR_P-UNIT_123-1,2026-05-23,aFRR,POS_013,189.0,PROVIDER_TO_GRID,6.0,6.0,SK,ENTSO-E BalancingEnergyBids
20260523021-AFRR_N-UNIT_068-1,2026-05-23,aFRR,NEG_013,-5.0,GRID_TO_PROVIDER,1.0,1.0,SK,ENTSO-E BalancingEnergyBids
20260523021-AFRR_N-UNIT_052-1,2026-05-23,aFRR,NEG_013,-30.0,GRID_TO_PROVIDER,7.0,7.0,SK,ENTSO-E BalancingEnergyBids
20260523021-AFRR_N-UNIT_051-1,2026-05-23,aFRR,NEG_013,-144.0,GRID_TO_PROVIDER,5.0,5.0,SK,ENTSO-E BalancingEnergyBids
20260523021-AFRR_N-UNIT_069-1,2026-05-23,aFRR,NEG_013,-150.0,GRID_TO_PROVIDER,12.0,12.0,SK,ENTSO-E BalancingEnergyBids
20260523021-AFRR_N-UNIT_028-1,2026-05-23,aFRR,NEG_013,-5.0,GRID_TO_PROVIDER,5.0,5.0,SK,ENTSO-E BalancingEnergyBids
20260523021-AFRR_N-UNIT_058-1,2026-05-23,aFRR,NEG_013,-50.0,GRID_TO_PROVIDER,2.0,2.0,SK,ENTSO-E BalancingEnergyBids
20260523021-AFRR_N-UNIT_013-1,2026-05-23,aFRR,NEG_013,-10.0,GRID_TO_PROVIDER,20.0,20.0,SK,ENTSO-E BalancingEnergyBids
20260523021-AFRR_N-UNIT_010-1,2026-05-23,aFRR,NEG_013,-10.0,GRID_TO_PROVIDER,30.0,30.0,SK,ENTSO-E BalancingEnergyBids
20260523021-AFRR_N-UNIT_062-1,2026-05-23,aFRR,NEG_013,-29.0,GRID_TO_PROVIDER,15.0,15.0,SK,ENTSO-E BalancingEnergyBids
20260523021-AFRR_N-UNIT_043-1,2026-05-23,aFRR,NEG_013,10.0,GRID_TO_PROVIDER,4.0,4.0,SK,ENTSO-E BalancingEnergyBids
20260523021-AFRR_N-UNIT_104-1,2026-05-23,aFRR,NEG_013,-5.0,GRID_TO_PROVIDER,4.0,4.0,SK,ENTSO-E BalancingEnergyBids
20260523021-AFRR_N-UNIT_089-1,2026-05-23,aFRR,NEG_013,-128.05,GRID_TO_PROVIDER,3.0,3.0,SK,ENTSO-E BalancingEnergyBids
20260523021-AFRR_N-UNIT_097-1,2026-05-23,aFRR,NEG_013,0.0,GRID_TO_PROVIDER,7.0,7.0,SK,ENTSO-E BalancingEnergyBids
20260523021-AFRR_N-UNIT_019-1,2026-05-23,aFRR,NEG_013,-199.0,GRID_TO_PROVIDER,1.0,1.0,SK,ENTSO-E BalancingEnergyBids
20260523021-AFRR_N-UNIT_106-1,2026-05-23,aFRR,NEG_013,-19.0,GRID_TO_PROVIDER,1.0,1.0,SK,ENTSO-E BalancingEnergyBids
20260523021-AFRR_N-UNIT_123-1,2026-05-23,aFRR,NEG_013,-5.0,GRID_TO_PROVIDER,7.0,7.0,SK,ENTSO-E BalancingEnergyBids
20260523021-AFRR_P-UNIT_058-1,2026-05-23,aFRR,POS_013,200.0,PROVIDER_TO_GRID,1.0,1.0,SK,ENTSO-E BalancingEnergyBids
20260523021-AFRR_P-UNIT_008-1,2026-05-23,aFRR,POS_013,190.07,PROVIDER_TO_GRID,14.0,14.0,SK,ENTSO-E BalancingEnergyBids
20260523021-AFRR_P-UNIT_062-1,2026-05-23,aFRR,POS_013,139.0,PROVIDER_TO_GRID,3.0,3.0,SK,ENTSO-E BalancingEnergyBids
20260523021-AFRR_P-UNIT_068-1,2026-05-23,aFRR,POS_013,184.73,PROVIDER_TO_GRID,1.0,1.0,SK,ENTSO-E BalancingEnergyBids
20260523021-AFRR_P-UNIT_052-1,2026-05-23,aFRR,POS_013,140.0,PROVIDER_TO_GRID,31.0,31.0,SK,ENTSO-E BalancingEnergyBids
20260523021-AFRR_P-UNIT_047-1,2026-05-23,aFRR,POS_013,500.0,PROVIDER_TO_GRID,10.0,10.0,SK,ENTSO-E BalancingEnergyBids
20260523021-AFRR_P-UNIT_051-1,2026-05-23,aFRR,POS_013,350.0,PROVIDER_TO_GRID,8.0,8.0,SK,ENTSO-E BalancingEnergyBids
20260523021-AFRR_P-UNIT_069-1,2026-05-23,aFRR,POS_013,135.0,PROVIDER_TO_GRID,15.0,15.0,SK,ENTSO-E BalancingEnergyBids
20260523021-AFRR_P-UNIT_019-1,2026-05-23,aFRR,POS_013,257.0,PROVIDER_TO_GRID,1.0,1.0,SK,ENTSO-E BalancingEnergyBids
20260523021-AFRR_P-UNIT_028-1,2026-05-23,aFRR,POS_013,149.74,PROVIDER_TO_GRID,5.0,5.0,SK,ENTSO-E BalancingEnergyBids
20260523022-AFRR_N-UNIT_089-1,2026-05-23,aFRR,NEG_014,-133.27,GRID_TO_PROVIDER,3.0,3.0,SK,ENTSO-E BalancingEnergyBids
20260523022-AFRR_N-UNIT_097-1,2026-05-23,aFRR,NEG_014,0.0,GRID_TO_PROVIDER,7.0,7.0,SK,ENTSO-E BalancingEnergyBids
20260523022-AFRR_N-UNIT_019-1,2026-05-23,aFRR,NEG_014,-199.0,GRID_TO_PROVIDER,1.0,1.0,SK,ENTSO-E BalancingEnergyBids
20260523022-AFRR_N-UNIT_106-1,2026-05-23,aFRR,NEG_014,-19.0,GRID_TO_PROVIDER,1.0,1.0,SK,ENTSO-E BalancingEnergyBids
20260523022-AFRR_N-UNIT_123-1,2026-05-23,aFRR,NEG_014,-5.0,GRID_TO_PROVIDER,7.0,7.0,SK,ENTSO-E BalancingEnergyBids
20260523022-AFRR_P-UNIT_068-1,2026-05-23,aFRR,POS_014,177.42,PROVIDER_TO_GRID,1.0,1.0,SK,ENTSO-E BalancingEnergyBids
20260523022-AFRR_P-UNIT_052-1,2026-05-23,aFRR,POS_014,140.0,PROVIDER_TO_GRID,31.0,31.0,SK,ENTSO-E BalancingEnergyBids
20260523022-AFRR_P-UNIT_047-1,2026-05-23,aFRR,POS_014,500.0,PROVIDER_TO_GRID,10.0,10.0,SK,ENTSO-E BalancingEnergyBids
20260523022-AFRR_P-UNIT_051-1,2026-05-23,aFRR,POS_014,350.0,PROVIDER_TO_GRID,8.0,8.0,SK,ENTSO-E BalancingEnergyBids
20260523022-AFRR_P-UNIT_069-1,2026-05-23,aFRR,POS_014,135.0,PROVIDER_TO_GRID,15.0,15.0,SK,ENTSO-E BalancingEnergyBids
20260523022-AFRR_P-UNIT_058-1,2026-05-23,aFRR,POS_014,200.0,PROVIDER_TO_GRID,1.0,1.0,SK,ENTSO-E BalancingEnergyBids
20260523022-AFRR_P-UNIT_008-1,2026-05-23,aFRR,POS_014,190.07,PROVIDER_TO_GRID,14.0,14.0,SK,ENTSO-E BalancingEnergyBids
20260523022-AFRR_P-UNIT_062-1,2026-05-23,aFRR,POS_014,133.0,PROVIDER_TO_GRID,3.0,3.0,SK,ENTSO-E BalancingEnergyBids
20260523022-AFRR_P-UNIT_043-1,2026-05-23,aFRR,POS_014,133.0,PROVIDER_TO_GRID,3.0,3.0,SK,ENTSO-E BalancingEnergyBids
20260523022-AFRR_P-UNIT_063-1,2026-05-23,aFRR,POS_014,110.0,PROVIDER_TO_GRID,10.0,10.0,SK,ENTSO-E BalancingEnergyBids
20260523022-AFRR_P-UNIT_104-1,2026-05-23,aFRR,POS_014,750.0,PROVIDER_TO_GRID,11.0,11.0,SK,ENTSO-E BalancingEnergyBids
20260523022-AFRR_P-UNIT_009-1,2026-05-23,aFRR,POS_014,190.07,PROVIDER_TO_GRID,3.0,3.0,SK,ENTSO-E BalancingEnergyBids
20260523022-AFRR_P-UNIT_019-1,2026-05-23,aFRR,POS_014,248.0,PROVIDER_TO_GRID,1.0,1.0,SK,ENTSO-E BalancingEnergyBids
20260523022-AFRR_P-UNIT_106-1,2026-05-23,aFRR,POS_014,300.0,PROVIDER_TO_GRID,1.0,1.0,SK,ENTSO-E BalancingEnergyBids
20260523022-AFRR_P-UNIT_123-1,2026-05-23,aFRR,POS_014,189.0,PROVIDER_TO_GRID,6.0,6.0,SK,ENTSO-E BalancingEnergyBids
20260523022-AFRR_N-UNIT_068-1,2026-05-23,aFRR,NEG_014,-5.0,GRID_TO_PROVIDER,1.0,1.0,SK,ENTSO-E BalancingEnergyBids
20260523022-AFRR_N-UNIT_052-1,2026-05-23,aFRR,NEG_014,-30.0,GRID_TO_PROVIDER,7.0,7.0,SK,ENTSO-E BalancingEnergyBids
20260523022-AFRR_N-UNIT_051-1,2026-05-23,aFRR,NEG_014,-144.0,GRID_TO_PROVIDER,5.0,5.0,SK,ENTSO-E BalancingEnergyBids
20260523022-AFRR_N-UNIT_069-1,2026-05-23,aFRR,NEG_014,-150.0,GRID_TO_PROVIDER,12.0,12.0,SK,ENTSO-E BalancingEnergyBids
20260523022-AFRR_N-UNIT_028-1,2026-05-23,aFRR,NEG_014,-5.0,GRID_TO_PROVIDER,5.0,5.0,SK,ENTSO-E BalancingEnergyBids
20260523022-AFRR_N-UNIT_058-1,2026-05-23,aFRR,NEG_014,-50.0,GRID_TO_PROVIDER,2.0,2.0,SK,ENTSO-E BalancingEnergyBids
20260523022-AFRR_N-UNIT_013-1,2026-05-23,aFRR,NEG_014,-10.0,GRID_TO_PROVIDER,20.0,20.0,SK,ENTSO-E BalancingEnergyBids
20260523022-AFRR_N-UNIT_010-1,2026-05-23,aFRR,NEG_014,-10.0,GRID_TO_PROVIDER,30.0,30.0,SK,ENTSO-E BalancingEnergyBids
20260523022-AFRR_N-UNIT_062-1,2026-05-23,aFRR,NEG_014,-29.0,GRID_TO_PROVIDER,15.0,15.0,SK,ENTSO-E BalancingEnergyBids
20260523022-AFRR_N-UNIT_043-1,2026-05-23,aFRR,NEG_014,10.0,GRID_TO_PROVIDER,4.0,4.0,SK,ENTSO-E BalancingEnergyBids
20260523022-AFRR_N-UNIT_104-1,2026-05-23,aFRR,NEG_014,-5.0,GRID_TO_PROVIDER,4.0,4.0,SK,ENTSO-E BalancingEnergyBids
20260523022-AFRR_P-UNIT_028-1,2026-05-23,aFRR,POS_014,142.43,PROVIDER_TO_GRID,5.0,5.0,SK,ENTSO-E BalancingEnergyBids
20260523023-AFRR_P-UNIT_068-1,2026-05-23,aFRR,POS_015,172.08,PROVIDER_TO_GRID,1.0,1.0,SK,ENTSO-E BalancingEnergyBids
20260523023-AFRR_P-UNIT_052-1,2026-05-23,aFRR,POS_015,140.0,PROVIDER_TO_GRID,31.0,31.0,SK,ENTSO-E BalancingEnergyBids
20260523023-AFRR_P-UNIT_047-1,2026-05-23,aFRR,POS_015,500.0,PROVIDER_TO_GRID,10.0,10.0,SK,ENTSO-E BalancingEnergyBids
20260523023-AFRR_P-UNIT_051-1,2026-05-23,aFRR,POS_015,350.0,PROVIDER_TO_GRID,8.0,8.0,SK,ENTSO-E BalancingEnergyBids
20260523023-AFRR_P-UNIT_069-1,2026-05-23,aFRR,POS_015,135.0,PROVIDER_TO_GRID,15.0,15.0,SK,ENTSO-E BalancingEnergyBids
20260523023-AFRR_P-UNIT_058-1,2026-05-23,aFRR,POS_015,200.0,PROVIDER_TO_GRID,1.0,1.0,SK,ENTSO-E BalancingEnergyBids
20260523023-AFRR_P-UNIT_008-1,2026-05-23,aFRR,POS_015,190.07,PROVIDER_TO_GRID,14.0,14.0,SK,ENTSO-E BalancingEnergyBids
20260523023-AFRR_P-UNIT_062-1,2026-05-23,aFRR,POS_015,129.0,PROVIDER_TO_GRID,3.0,3.0,SK,ENTSO-E BalancingEnergyBids
20260523023-AFRR_P-UNIT_043-1,2026-05-23,aFRR,POS_015,129.0,PROVIDER_TO_GRID,3.0,3.0,SK,ENTSO-E BalancingEnergyBids
20260523023-AFRR_P-UNIT_063-1,2026-05-23,aFRR,POS_015,110.0,PROVIDER_TO_GRID,10.0,10.0,SK,ENTSO-E BalancingEnergyBids
20260523023-AFRR_P-UNIT_104-1,2026-05-23,aFRR,POS_015,750.0,PROVIDER_TO_GRID,11.0,11.0,SK,ENTSO-E BalancingEnergyBids
20260523023-AFRR_P-UNIT_009-1,2026-05-23,aFRR,POS_015,190.07,PROVIDER_TO_GRID,3.0,3.0,SK,ENTSO-E BalancingEnergyBids
20260523023-AFRR_P-UNIT_019-1,2026-05-23,aFRR,POS_015,240.0,PROVIDER_TO_GRID,1.0,1.0,SK,ENTSO-E BalancingEnergyBids
20260523023-AFRR_P-UNIT_106-1,2026-05-23,aFRR,POS_015,300.0,PROVIDER_TO_GRID,1.0,1.0,SK,ENTSO-E BalancingEnergyBids
20260523023-AFRR_P-UNIT_123-1,2026-05-23,aFRR,POS_015,189.0,PROVIDER_TO_GRID,6.0,6.0,SK,ENTSO-E BalancingEnergyBids
20260523023-AFRR_N-UNIT_068-1,2026-05-23,aFRR,NEG_015,-5.0,GRID_TO_PROVIDER,1.0,1.0,SK,ENTSO-E BalancingEnergyBids
20260523023-AFRR_N-UNIT_052-1,2026-05-23,aFRR,NEG_015,-30.0,GRID_TO_PROVIDER,7.0,7.0,SK,ENTSO-E BalancingEnergyBids
20260523023-AFRR_N-UNIT_051-1,2026-05-23,aFRR,NEG_015,-144.0,GRID_TO_PROVIDER,5.0,5.0,SK,ENTSO-E BalancingEnergyBids
20260523023-AFRR_N-UNIT_069-1,2026-05-23,aFRR,NEG_015,-150.0,GRID_TO_PROVIDER,12.0,12.0,SK,ENTSO-E BalancingEnergyBids
20260523023-AFRR_N-UNIT_028-1,2026-05-23,aFRR,NEG_015,-5.0,GRID_TO_PROVIDER,5.0,5.0,SK,ENTSO-E BalancingEnergyBids
20260523023-AFRR_N-UNIT_058-1,2026-05-23,aFRR,NEG_015,-50.0,GRID_TO_PROVIDER,2.0,2.0,SK,ENTSO-E BalancingEnergyBids
20260523023-AFRR_N-UNIT_013-1,2026-05-23,aFRR,NEG_015,-10.0,GRID_TO_PROVIDER,20.0,20.0,SK,ENTSO-E BalancingEnergyBids
20260523023-AFRR_N-UNIT_010-1,2026-05-23,aFRR,NEG_015,-10.0,GRID_TO_PROVIDER,30.0,30.0,SK,ENTSO-E BalancingEnergyBids
20260523023-AFRR_N-UNIT_062-1,2026-05-23,aFRR,NEG_015,-29.0,GRID_TO_PROVIDER,15.0,15.0,SK,ENTSO-E BalancingEnergyBids
20260523023-AFRR_N-UNIT_043-1,2026-05-23,aFRR,NEG_015,10.0,GRID_TO_PROVIDER,4.0,4.0,SK,ENTSO-E BalancingEnergyBids
20260523023-AFRR_N-UNIT_104-1,2026-05-23,aFRR,NEG_015,-5.0,GRID_TO_PROVIDER,4.0,4.0,SK,ENTSO-E BalancingEnergyBids
20260523023-AFRR_N-UNIT_089-1,2026-05-23,aFRR,NEG_015,-137.08,GRID_TO_PROVIDER,3.0,3.0,SK,ENTSO-E BalancingEnergyBids
20260523023-AFRR_N-UNIT_097-1,2026-05-23,aFRR,NEG_015,0.0,GRID_TO_PROVIDER,7.0,7.0,SK,ENTSO-E BalancingEnergyBids
20260523023-AFRR_N-UNIT_019-1,2026-05-23,aFRR,NEG_015,-199.0,GRID_TO_PROVIDER,1.0,1.0,SK,ENTSO-E BalancingEnergyBids
20260523023-AFRR_N-UNIT_106-1,2026-05-23,aFRR,NEG_015,-19.0,GRID_TO_PROVIDER,1.0,1.0,SK,ENTSO-E BalancingEnergyBids
20260523023-AFRR_N-UNIT_123-1,2026-05-23,aFRR,NEG_015,-5.0,GRID_TO_PROVIDER,7.0,7.0,SK,ENTSO-E BalancingEnergyBids
20260523023-AFRR_P-UNIT_028-1,2026-05-23,aFRR,POS_015,137.09,PROVIDER_TO_GRID,5.0,5.0,SK,ENTSO-E BalancingEnergyBids
20260523024-AFRR_P-UNIT_068-1,2026-05-23,aFRR,POS_016,161.68,PROVIDER_TO_GRID,1.0,1.0,SK,ENTSO-E BalancingEnergyBids
20260523024-AFRR_P-UNIT_052-1,2026-05-23,aFRR,POS_016,140.0,PROVIDER_TO_GRID,31.0,31.0,SK,ENTSO-E BalancingEnergyBids
20260523024-AFRR_P-UNIT_047-1,2026-05-23,aFRR,POS_016,500.0,PROVIDER_TO_GRID,10.0,10.0,SK,ENTSO-E BalancingEnergyBids
20260523024-AFRR_P-UNIT_051-1,2026-05-23,aFRR,POS_016,350.0,PROVIDER_TO_GRID,8.0,8.0,SK,ENTSO-E BalancingEnergyBids
20260523024-AFRR_P-UNIT_069-1,2026-05-23,aFRR,POS_016,135.0,PROVIDER_TO_GRID,15.0,15.0,SK,ENTSO-E BalancingEnergyBids
20260523024-AFRR_P-UNIT_058-1,2026-05-23,aFRR,POS_016,200.0,PROVIDER_TO_GRID,1.0,1.0,SK,ENTSO-E BalancingEnergyBids
20260523024-AFRR_P-UNIT_008-1,2026-05-23,aFRR,POS_016,190.07,PROVIDER_TO_GRID,14.0,14.0,SK,ENTSO-E BalancingEnergyBids
20260523024-AFRR_P-UNIT_062-1,2026-05-23,aFRR,POS_016,121.0,PROVIDER_TO_GRID,3.0,3.0,SK,ENTSO-E BalancingEnergyBids
20260523024-AFRR_P-UNIT_043-1,2026-05-23,aFRR,POS_016,121.0,PROVIDER_TO_GRID,3.0,3.0,SK,ENTSO-E BalancingEnergyBids
20260523024-AFRR_P-UNIT_063-1,2026-05-23,aFRR,POS_016,110.0,PROVIDER_TO_GRID,10.0,10.0,SK,ENTSO-E BalancingEnergyBids
20260523024-AFRR_P-UNIT_104-1,2026-05-23,aFRR,POS_016,750.0,PROVIDER_TO_GRID,11.0,11.0,SK,ENTSO-E BalancingEnergyBids
20260523024-AFRR_P-UNIT_009-1,2026-05-23,aFRR,POS_016,190.07,PROVIDER_TO_GRID,3.0,3.0,SK,ENTSO-E BalancingEnergyBids
20260523024-AFRR_P-UNIT_019-1,2026-05-23,aFRR,POS_016,240.0,PROVIDER_TO_GRID,1.0,1.0,SK,ENTSO-E BalancingEnergyBids
20260523024-AFRR_P-UNIT_106-1,2026-05-23,aFRR,POS_016,300.0,PROVIDER_TO_GRID,1.0,1.0,SK,ENTSO-E BalancingEnergyBids
20260523024-AFRR_P-UNIT_123-1,2026-05-23,aFRR,POS_016,189.0,PROVIDER_TO_GRID,6.0,6.0,SK,ENTSO-E BalancingEnergyBids
20260523024-AFRR_N-UNIT_068-1,2026-05-23,aFRR,NEG_016,-5.0,GRID_TO_PROVIDER,1.0,1.0,SK,ENTSO-E BalancingEnergyBids
20260523024-AFRR_N-UNIT_052-1,2026-05-23,aFRR,NEG_016,-30.0,GRID_TO_PROVIDER,7.0,7.0,SK,ENTSO-E BalancingEnergyBids
20260523024-AFRR_N-UNIT_051-1,2026-05-23,aFRR,NEG_016,-144.0,GRID_TO_PROVIDER,5.0,5.0,SK,ENTSO-E BalancingEnergyBids
20260523024-AFRR_N-UNIT_069-1,2026-05-23,aFRR,NEG_016,-150.0,GRID_TO_PROVIDER,12.0,12.0,SK,ENTSO-E BalancingEnergyBids
20260523024-AFRR_N-UNIT_028-1,2026-05-23,aFRR,NEG_016,-5.0,GRID_TO_PROVIDER,5.0,5.0,SK,ENTSO-E BalancingEnergyBids
20260523024-AFRR_N-UNIT_058-1,2026-05-23,aFRR,NEG_016,-50.0,GRID_TO_PROVIDER,2.0,2.0,SK,ENTSO-E BalancingEnergyBids
20260523024-AFRR_N-UNIT_013-1,2026-05-23,aFRR,NEG_016,-10.0,GRID_TO_PROVIDER,20.0,20.0,SK,ENTSO-E BalancingEnergyBids
20260523024-AFRR_N-UNIT_010-1,2026-05-23,aFRR,NEG_016,-10.0,GRID_TO_PROVIDER,30.0,30.0,SK,ENTSO-E BalancingEnergyBids
20260523024-AFRR_N-UNIT_062-1,2026-05-23,aFRR,NEG_016,-29.0,GRID_TO_PROVIDER,15.0,15.0,SK,ENTSO-E BalancingEnergyBids
20260523024-AFRR_N-UNIT_043-1,2026-05-23,aFRR,NEG_016,10.0,GRID_TO_PROVIDER,4.0,4.0,SK,ENTSO-E BalancingEnergyBids
20260523024-AFRR_N-UNIT_104-1,2026-05-23,aFRR,NEG_016,-5.0,GRID_TO_PROVIDER,4.0,4.0,SK,ENTSO-E BalancingEnergyBids
20260523024-AFRR_N-UNIT_089-1,2026-05-23,aFRR,NEG_016,-144.51,GRID_TO_PROVIDER,3.0,3.0,SK,ENTSO-E BalancingEnergyBids
20260523024-AFRR_N-UNIT_097-1,2026-05-23,aFRR,NEG_016,0.0,GRID_TO_PROVIDER,7.0,7.0,SK,ENTSO-E BalancingEnergyBids
20260523024-AFRR_N-UNIT_019-1,2026-05-23,aFRR,NEG_016,-199.0,GRID_TO_PROVIDER,1.0,1.0,SK,ENTSO-E BalancingEnergyBids
20260523024-AFRR_N-UNIT_106-1,2026-05-23,aFRR,NEG_016,-19.0,GRID_TO_PROVIDER,1.0,1.0,SK,ENTSO-E BalancingEnergyBids
20260523024-AFRR_N-UNIT_123-1,2026-05-23,aFRR,NEG_016,-5.0,GRID_TO_PROVIDER,7.0,7.0,SK,ENTSO-E BalancingEnergyBids
20260523024-AFRR_P-UNIT_028-1,2026-05-23,aFRR,POS_016,126.69,PROVIDER_TO_GRID,5.0,5.0,SK,ENTSO-E BalancingEnergyBids
20260523025-AFRR_P-UNIT_028-1,2026-05-23,aFRR,POS_017,155.49,PROVIDER_TO_GRID,5.0,5.0,SK,ENTSO-E BalancingEnergyBids
20260523025-AFRR_P-UNIT_068-1,2026-05-23,aFRR,POS_017,190.48,PROVIDER_TO_GRID,1.0,1.0,SK,ENTSO-E BalancingEnergyBids
20260523025-AFRR_P-UNIT_052-1,2026-05-23,aFRR,POS_017,150.0,PROVIDER_TO_GRID,27.0,27.0,SK,ENTSO-E BalancingEnergyBids
20260523025-AFRR_P-UNIT_047-1,2026-05-23,aFRR,POS_017,500.0,PROVIDER_TO_GRID,10.0,10.0,SK,ENTSO-E BalancingEnergyBids
20260523025-AFRR_P-UNIT_051-1,2026-05-23,aFRR,POS_017,350.0,PROVIDER_TO_GRID,17.0,17.0,SK,ENTSO-E BalancingEnergyBids
20260523025-AFRR_P-UNIT_069-1,2026-05-23,aFRR,POS_017,135.0,PROVIDER_TO_GRID,15.0,15.0,SK,ENTSO-E BalancingEnergyBids
20260523025-AFRR_P-UNIT_058-1,2026-05-23,aFRR,POS_017,200.0,PROVIDER_TO_GRID,1.0,1.0,SK,ENTSO-E BalancingEnergyBids
20260523025-AFRR_P-UNIT_008-1,2026-05-23,aFRR,POS_017,190.07,PROVIDER_TO_GRID,18.0,18.0,SK,ENTSO-E BalancingEnergyBids
20260523025-AFRR_P-UNIT_062-1,2026-05-23,aFRR,POS_017,143.0,PROVIDER_TO_GRID,3.0,3.0,SK,ENTSO-E BalancingEnergyBids
20260523025-AFRR_P-UNIT_043-1,2026-05-23,aFRR,POS_017,143.0,PROVIDER_TO_GRID,3.0,3.0,SK,ENTSO-E BalancingEnergyBids
20260523025-AFRR_P-UNIT_063-1,2026-05-23,aFRR,POS_017,110.0,PROVIDER_TO_GRID,10.0,10.0,SK,ENTSO-E BalancingEnergyBids
20260523025-AFRR_P-UNIT_078-1,2026-05-23,aFRR,POS_017,749.0,PROVIDER_TO_GRID,3.0,3.0,SK,ENTSO-E BalancingEnergyBids
20260523025-AFRR_P-UNIT_104-1,2026-05-23,aFRR,POS_017,750.0,PROVIDER_TO_GRID,11.0,11.0,SK,ENTSO-E BalancingEnergyBids
20260523025-AFRR_P-UNIT_009-1,2026-05-23,aFRR,POS_017,190.07,PROVIDER_TO_GRID,3.0,3.0,SK,ENTSO-E BalancingEnergyBids
20260523025-AFRR_P-UNIT_019-1,2026-05-23,aFRR,POS_017,256.0,PROVIDER_TO_GRID,1.0,1.0,SK,ENTSO-E BalancingEnergyBids
20260523025-AFRR_P-UNIT_106-1,2026-05-23,aFRR,POS_017,300.0,PROVIDER_TO_GRID,1.0,1.0,SK,ENTSO-E BalancingEnergyBids
20260523025-AFRR_P-UNIT_123-1,2026-05-23,aFRR,POS_017,189.0,PROVIDER_TO_GRID,6.0,6.0,SK,ENTSO-E BalancingEnergyBids
20260523025-AFRR_N-UNIT_068-1,2026-05-23,aFRR,NEG_017,-5.0,GRID_TO_PROVIDER,1.0,1.0,SK,ENTSO-E BalancingEnergyBids
20260523025-AFRR_N-UNIT_052-1,2026-05-23,aFRR,NEG_017,-30.0,GRID_TO_PROVIDER,11.0,11.0,SK,ENTSO-E BalancingEnergyBids
20260523025-AFRR_N-UNIT_051-1,2026-05-23,aFRR,NEG_017,-144.0,GRID_TO_PROVIDER,5.0,5.0,SK,ENTSO-E BalancingEnergyBids
20260523025-AFRR_N-UNIT_069-1,2026-05-23,aFRR,NEG_017,-150.0,GRID_TO_PROVIDER,12.0,12.0,SK,ENTSO-E BalancingEnergyBids
20260523025-AFRR_N-UNIT_028-1,2026-05-23,aFRR,NEG_017,-5.0,GRID_TO_PROVIDER,5.0,5.0,SK,ENTSO-E BalancingEnergyBids
20260523025-AFRR_N-UNIT_058-1,2026-05-23,aFRR,NEG_017,-50.0,GRID_TO_PROVIDER,2.0,2.0,SK,ENTSO-E BalancingEnergyBids
20260523025-AFRR_N-UNIT_013-1,2026-05-23,aFRR,NEG_017,-10.0,GRID_TO_PROVIDER,21.0,21.0,SK,ENTSO-E BalancingEnergyBids
20260523025-AFRR_N-UNIT_010-1,2026-05-23,aFRR,NEG_017,-10.0,GRID_TO_PROVIDER,30.0,30.0,SK,ENTSO-E BalancingEnergyBids
20260523025-AFRR_N-UNIT_062-1,2026-05-23,aFRR,NEG_017,-29.0,GRID_TO_PROVIDER,15.0,15.0,SK,ENTSO-E BalancingEnergyBids
20260523025-AFRR_N-UNIT_043-1,2026-05-23,aFRR,NEG_017,10.0,GRID_TO_PROVIDER,4.0,4.0,SK,ENTSO-E BalancingEnergyBids
20260523025-AFRR_N-UNIT_104-1,2026-05-23,aFRR,NEG_017,-5.0,GRID_TO_PROVIDER,4.0,4.0,SK,ENTSO-E BalancingEnergyBids
20260523025-AFRR_N-UNIT_089-1,2026-05-23,aFRR,NEG_017,-123.94,GRID_TO_PROVIDER,3.0,3.0,SK,ENTSO-E BalancingEnergyBids
20260523025-AFRR_N-UNIT_097-1,2026-05-23,aFRR,NEG_017,0.0,GRID_TO_PROVIDER,7.0,7.0,SK,ENTSO-E BalancingEnergyBids
20260523025-AFRR_N-UNIT_019-1,2026-05-23,aFRR,NEG_017,-199.0,GRID_TO_PROVIDER,1.0,1.0,SK,ENTSO-E BalancingEnergyBids
20260523025-AFRR_N-UNIT_106-1,2026-05-23,aFRR,NEG_017,-19.0,GRID_TO_PROVIDER,1.0,1.0,SK,ENTSO-E BalancingEnergyBids
20260523025-AFRR_N-UNIT_123-1,2026-05-23,aFRR,NEG_017,-5.0,GRID_TO_PROVIDER,7.0,7.0,SK,ENTSO-E BalancingEnergyBids
20260523026-AFRR_P-UNIT_068-1,2026-05-23,aFRR,POS_018,178.23,PROVIDER_TO_GRID,1.0,1.0,SK,ENTSO-E BalancingEnergyBids
20260523026-AFRR_P-UNIT_052-1,2026-05-23,aFRR,POS_018,150.0,PROVIDER_TO_GRID,27.0,27.0,SK,ENTSO-E BalancingEnergyBids
20260523026-AFRR_P-UNIT_047-1,2026-05-23,aFRR,POS_018,500.0,PROVIDER_TO_GRID,10.0,10.0,SK,ENTSO-E BalancingEnergyBids
20260523026-AFRR_P-UNIT_051-1,2026-05-23,aFRR,POS_018,350.0,PROVIDER_TO_GRID,17.0,17.0,SK,ENTSO-E BalancingEnergyBids
20260523026-AFRR_P-UNIT_069-1,2026-05-23,aFRR,POS_018,135.0,PROVIDER_TO_GRID,15.0,15.0,SK,ENTSO-E BalancingEnergyBids
20260523026-AFRR_P-UNIT_058-1,2026-05-23,aFRR,POS_018,200.0,PROVIDER_TO_GRID,1.0,1.0,SK,ENTSO-E BalancingEnergyBids
20260523026-AFRR_P-UNIT_008-1,2026-05-23,aFRR,POS_018,190.07,PROVIDER_TO_GRID,18.0,18.0,SK,ENTSO-E BalancingEnergyBids
20260523026-AFRR_P-UNIT_062-1,2026-05-23,aFRR,POS_018,134.0,PROVIDER_TO_GRID,3.0,3.0,SK,ENTSO-E BalancingEnergyBids
20260523026-AFRR_P-UNIT_043-1,2026-05-23,aFRR,POS_018,134.0,PROVIDER_TO_GRID,3.0,3.0,SK,ENTSO-E BalancingEnergyBids
20260523026-AFRR_P-UNIT_063-1,2026-05-23,aFRR,POS_018,110.0,PROVIDER_TO_GRID,10.0,10.0,SK,ENTSO-E BalancingEnergyBids
20260523026-AFRR_P-UNIT_078-1,2026-05-23,aFRR,POS_018,749.0,PROVIDER_TO_GRID,3.0,3.0,SK,ENTSO-E BalancingEnergyBids
20260523026-AFRR_P-UNIT_104-1,2026-05-23,aFRR,POS_018,750.0,PROVIDER_TO_GRID,11.0,11.0,SK,ENTSO-E BalancingEnergyBids
20260523026-AFRR_P-UNIT_009-1,2026-05-23,aFRR,POS_018,190.07,PROVIDER_TO_GRID,3.0,3.0,SK,ENTSO-E BalancingEnergyBids
20260523026-AFRR_P-UNIT_019-1,2026-05-23,aFRR,POS_018,243.0,PROVIDER_TO_GRID,1.0,1.0,SK,ENTSO-E BalancingEnergyBids
20260523026-AFRR_P-UNIT_106-1,2026-05-23,aFRR,POS_018,300.0,PROVIDER_TO_GRID,1.0,1.0,SK,ENTSO-E BalancingEnergyBids
20260523026-AFRR_P-UNIT_123-1,2026-05-23,aFRR,POS_018,189.0,PROVIDER_TO_GRID,6.0,6.0,SK,ENTSO-E BalancingEnergyBids
20260523026-AFRR_N-UNIT_068-1,2026-05-23,aFRR,NEG_018,-5.0,GRID_TO_PROVIDER,1.0,1.0,SK,ENTSO-E BalancingEnergyBids
20260523026-AFRR_N-UNIT_052-1,2026-05-23,aFRR,NEG_018,-30.0,GRID_TO_PROVIDER,11.0,11.0,SK,ENTSO-E BalancingEnergyBids
20260523026-AFRR_N-UNIT_051-1,2026-05-23,aFRR,NEG_018,-144.0,GRID_TO_PROVIDER,5.0,5.0,SK,ENTSO-E BalancingEnergyBids
20260523026-AFRR_N-UNIT_069-1,2026-05-23,aFRR,NEG_018,-150.0,GRID_TO_PROVIDER,12.0,12.0,SK,ENTSO-E BalancingEnergyBids
20260523026-AFRR_N-UNIT_028-1,2026-05-23,aFRR,NEG_018,-5.0,GRID_TO_PROVIDER,5.0,5.0,SK,ENTSO-E BalancingEnergyBids
20260523026-AFRR_N-UNIT_058-1,2026-05-23,aFRR,NEG_018,-50.0,GRID_TO_PROVIDER,2.0,2.0,SK,ENTSO-E BalancingEnergyBids
20260523026-AFRR_N-UNIT_013-1,2026-05-23,aFRR,NEG_018,-10.0,GRID_TO_PROVIDER,21.0,21.0,SK,ENTSO-E BalancingEnergyBids
20260523026-AFRR_N-UNIT_010-1,2026-05-23,aFRR,NEG_018,-10.0,GRID_TO_PROVIDER,30.0,30.0,SK,ENTSO-E BalancingEnergyBids
20260523026-AFRR_N-UNIT_062-1,2026-05-23,aFRR,NEG_018,-29.0,GRID_TO_PROVIDER,15.0,15.0,SK,ENTSO-E BalancingEnergyBids
20260523026-AFRR_N-UNIT_043-1,2026-05-23,aFRR,NEG_018,10.0,GRID_TO_PROVIDER,4.0,4.0,SK,ENTSO-E BalancingEnergyBids
20260523026-AFRR_N-UNIT_104-1,2026-05-23,aFRR,NEG_018,-5.0,GRID_TO_PROVIDER,4.0,4.0,SK,ENTSO-E BalancingEnergyBids
20260523026-AFRR_N-UNIT_089-1,2026-05-23,aFRR,NEG_018,-132.69,GRID_TO_PROVIDER,3.0,3.0,SK,ENTSO-E BalancingEnergyBids
20260523026-AFRR_N-UNIT_097-1,2026-05-23,aFRR,NEG_018,0.0,GRID_TO_PROVIDER,7.0,7.0,SK,ENTSO-E BalancingEnergyBids
20260523026-AFRR_N-UNIT_019-1,2026-05-23,aFRR,NEG_018,-199.0,GRID_TO_PROVIDER,1.0,1.0,SK,ENTSO-E BalancingEnergyBids
20260523026-AFRR_N-UNIT_106-1,2026-05-23,aFRR,NEG_018,-19.0,GRID_TO_PROVIDER,1.0,1.0,SK,ENTSO-E BalancingEnergyBids
20260523026-AFRR_N-UNIT_123-1,2026-05-23,aFRR,NEG_018,-5.0,GRID_TO_PROVIDER,7.0,7.0,SK,ENTSO-E BalancingEnergyBids
20260523026-AFRR_P-UNIT_028-1,2026-05-23,aFRR,POS_018,143.24,PROVIDER_TO_GRID,5.0,5.0,SK,ENTSO-E BalancingEnergyBids
20260523027-AFRR_P-UNIT_068-1,2026-05-23,aFRR,POS_019,157.13,PROVIDER_TO_GRID,1.0,1.0,SK,ENTSO-E BalancingEnergyBids
20260523027-AFRR_P-UNIT_052-1,2026-05-23,aFRR,POS_019,150.0,PROVIDER_TO_GRID,27.0,27.0,SK,ENTSO-E BalancingEnergyBids
20260523027-AFRR_P-UNIT_047-1,2026-05-23,aFRR,POS_019,500.0,PROVIDER_TO_GRID,10.0,10.0,SK,ENTSO-E BalancingEnergyBids
20260523027-AFRR_P-UNIT_051-1,2026-05-23,aFRR,POS_019,350.0,PROVIDER_TO_GRID,17.0,17.0,SK,ENTSO-E BalancingEnergyBids
20260523027-AFRR_P-UNIT_069-1,2026-05-23,aFRR,POS_019,135.0,PROVIDER_TO_GRID,15.0,15.0,SK,ENTSO-E BalancingEnergyBids
20260523027-AFRR_P-UNIT_058-1,2026-05-23,aFRR,POS_019,200.0,PROVIDER_TO_GRID,1.0,1.0,SK,ENTSO-E BalancingEnergyBids
20260523027-AFRR_P-UNIT_008-1,2026-05-23,aFRR,POS_019,190.07,PROVIDER_TO_GRID,18.0,18.0,SK,ENTSO-E BalancingEnergyBids
20260523027-AFRR_P-UNIT_062-1,2026-05-23,aFRR,POS_019,118.0,PROVIDER_TO_GRID,3.0,3.0,SK,ENTSO-E BalancingEnergyBids
20260523027-AFRR_P-UNIT_043-1,2026-05-23,aFRR,POS_019,118.0,PROVIDER_TO_GRID,3.0,3.0,SK,ENTSO-E BalancingEnergyBids
20260523027-AFRR_P-UNIT_063-1,2026-05-23,aFRR,POS_019,110.0,PROVIDER_TO_GRID,10.0,10.0,SK,ENTSO-E BalancingEnergyBids
20260523027-AFRR_P-UNIT_078-1,2026-05-23,aFRR,POS_019,749.0,PROVIDER_TO_GRID,3.0,3.0,SK,ENTSO-E BalancingEnergyBids
20260523027-AFRR_P-UNIT_104-1,2026-05-23,aFRR,POS_019,750.0,PROVIDER_TO_GRID,11.0,11.0,SK,ENTSO-E BalancingEnergyBids
20260523027-AFRR_P-UNIT_009-1,2026-05-23,aFRR,POS_019,190.07,PROVIDER_TO_GRID,3.0,3.0,SK,ENTSO-E BalancingEnergyBids
20260523027-AFRR_P-UNIT_019-1,2026-05-23,aFRR,POS_019,237.0,PROVIDER_TO_GRID,1.0,1.0,SK,ENTSO-E BalancingEnergyBids
20260523027-AFRR_P-UNIT_106-1,2026-05-23,aFRR,POS_019,300.0,PROVIDER_TO_GRID,1.0,1.0,SK,ENTSO-E BalancingEnergyBids
20260523027-AFRR_P-UNIT_123-1,2026-05-23,aFRR,POS_019,189.0,PROVIDER_TO_GRID,6.0,6.0,SK,ENTSO-E BalancingEnergyBids
20260523027-AFRR_N-UNIT_068-1,2026-05-23,aFRR,NEG_019,-5.0,GRID_TO_PROVIDER,1.0,1.0,SK,ENTSO-E BalancingEnergyBids
20260523027-AFRR_N-UNIT_052-1,2026-05-23,aFRR,NEG_019,-30.0,GRID_TO_PROVIDER,11.0,11.0,SK,ENTSO-E BalancingEnergyBids
20260523027-AFRR_N-UNIT_051-1,2026-05-23,aFRR,NEG_019,-144.0,GRID_TO_PROVIDER,5.0,5.0,SK,ENTSO-E BalancingEnergyBids
20260523027-AFRR_N-UNIT_069-1,2026-05-23,aFRR,NEG_019,-150.0,GRID_TO_PROVIDER,12.0,12.0,SK,ENTSO-E BalancingEnergyBids
20260523027-AFRR_N-UNIT_028-1,2026-05-23,aFRR,NEG_019,-5.0,GRID_TO_PROVIDER,5.0,5.0,SK,ENTSO-E BalancingEnergyBids
20260523027-AFRR_N-UNIT_058-1,2026-05-23,aFRR,NEG_019,-50.0,GRID_TO_PROVIDER,2.0,2.0,SK,ENTSO-E BalancingEnergyBids
20260523027-AFRR_N-UNIT_013-1,2026-05-23,aFRR,NEG_019,-10.0,GRID_TO_PROVIDER,21.0,21.0,SK,ENTSO-E BalancingEnergyBids
20260523027-AFRR_N-UNIT_010-1,2026-05-23,aFRR,NEG_019,-10.0,GRID_TO_PROVIDER,30.0,30.0,SK,ENTSO-E BalancingEnergyBids
20260523027-AFRR_N-UNIT_062-1,2026-05-23,aFRR,NEG_019,-29.0,GRID_TO_PROVIDER,15.0,15.0,SK,ENTSO-E BalancingEnergyBids
20260523027-AFRR_N-UNIT_043-1,2026-05-23,aFRR,NEG_019,10.0,GRID_TO_PROVIDER,4.0,4.0,SK,ENTSO-E BalancingEnergyBids
20260523027-AFRR_N-UNIT_104-1,2026-05-23,aFRR,NEG_019,-5.0,GRID_TO_PROVIDER,4.0,4.0,SK,ENTSO-E BalancingEnergyBids
20260523027-AFRR_N-UNIT_089-1,2026-05-23,aFRR,NEG_019,-147.76,GRID_TO_PROVIDER,3.0,3.0,SK,ENTSO-E BalancingEnergyBids
20260523027-AFRR_N-UNIT_097-1,2026-05-23,aFRR,NEG_019,0.0,GRID_TO_PROVIDER,7.0,7.0,SK,ENTSO-E BalancingEnergyBids
20260523027-AFRR_N-UNIT_019-1,2026-05-23,aFRR,NEG_019,-199.0,GRID_TO_PROVIDER,1.0,1.0,SK,ENTSO-E BalancingEnergyBids
20260523027-AFRR_N-UNIT_106-1,2026-05-23,aFRR,NEG_019,-19.0,GRID_TO_PROVIDER,1.0,1.0,SK,ENTSO-E BalancingEnergyBids
20260523027-AFRR_N-UNIT_123-1,2026-05-23,aFRR,NEG_019,-5.0,GRID_TO_PROVIDER,7.0,7.0,SK,ENTSO-E BalancingEnergyBids
20260523027-AFRR_P-UNIT_028-1,2026-05-23,aFRR,POS_019,122.14,PROVIDER_TO_GRID,5.0,5.0,SK,ENTSO-E BalancingEnergyBids
20260523028-AFRR_P-UNIT_028-1,2026-05-23,aFRR,POS_020,111.92,PROVIDER_TO_GRID,5.0,5.0,SK,ENTSO-E BalancingEnergyBids
20260523028-AFRR_P-UNIT_068-1,2026-05-23,aFRR,POS_020,146.91,PROVIDER_TO_GRID,1.0,1.0,SK,ENTSO-E BalancingEnergyBids
20260523028-AFRR_P-UNIT_052-1,2026-05-23,aFRR,POS_020,150.0,PROVIDER_TO_GRID,27.0,27.0,SK,ENTSO-E BalancingEnergyBids
20260523028-AFRR_P-UNIT_047-1,2026-05-23,aFRR,POS_020,500.0,PROVIDER_TO_GRID,10.0,10.0,SK,ENTSO-E BalancingEnergyBids
20260523028-AFRR_P-UNIT_051-1,2026-05-23,aFRR,POS_020,350.0,PROVIDER_TO_GRID,17.0,17.0,SK,ENTSO-E BalancingEnergyBids
20260523028-AFRR_P-UNIT_069-1,2026-05-23,aFRR,POS_020,135.0,PROVIDER_TO_GRID,15.0,15.0,SK,ENTSO-E BalancingEnergyBids
20260523028-AFRR_P-UNIT_058-1,2026-05-23,aFRR,POS_020,200.0,PROVIDER_TO_GRID,1.0,1.0,SK,ENTSO-E BalancingEnergyBids
20260523028-AFRR_P-UNIT_008-1,2026-05-23,aFRR,POS_020,190.07,PROVIDER_TO_GRID,18.0,18.0,SK,ENTSO-E BalancingEnergyBids
20260523028-AFRR_P-UNIT_062-1,2026-05-23,aFRR,POS_020,105.0,PROVIDER_TO_GRID,3.0,3.0,SK,ENTSO-E BalancingEnergyBids
20260523028-AFRR_P-UNIT_043-1,2026-05-23,aFRR,POS_020,105.0,PROVIDER_TO_GRID,3.0,3.0,SK,ENTSO-E BalancingEnergyBids
20260523028-AFRR_P-UNIT_063-1,2026-05-23,aFRR,POS_020,110.0,PROVIDER_TO_GRID,10.0,10.0,SK,ENTSO-E BalancingEnergyBids
20260523028-AFRR_P-UNIT_078-1,2026-05-23,aFRR,POS_020,749.0,PROVIDER_TO_GRID,3.0,3.0,SK,ENTSO-E BalancingEnergyBids
20260523028-AFRR_P-UNIT_104-1,2026-05-23,aFRR,POS_020,750.0,PROVIDER_TO_GRID,11.0,11.0,SK,ENTSO-E BalancingEnergyBids
20260523028-AFRR_P-UNIT_009-1,2026-05-23,aFRR,POS_020,190.07,PROVIDER_TO_GRID,3.0,3.0,SK,ENTSO-E BalancingEnergyBids
20260523028-AFRR_P-UNIT_019-1,2026-05-23,aFRR,POS_020,221.0,PROVIDER_TO_GRID,1.0,1.0,SK,ENTSO-E BalancingEnergyBids
20260523028-AFRR_P-UNIT_106-1,2026-05-23,aFRR,POS_020,300.0,PROVIDER_TO_GRID,1.0,1.0,SK,ENTSO-E BalancingEnergyBids
20260523028-AFRR_P-UNIT_123-1,2026-05-23,aFRR,POS_020,189.0,PROVIDER_TO_GRID,6.0,6.0,SK,ENTSO-E BalancingEnergyBids
20260523028-AFRR_N-UNIT_068-1,2026-05-23,aFRR,NEG_020,-5.0,GRID_TO_PROVIDER,1.0,1.0,SK,ENTSO-E BalancingEnergyBids
20260523028-AFRR_N-UNIT_052-1,2026-05-23,aFRR,NEG_020,-30.0,GRID_TO_PROVIDER,11.0,11.0,SK,ENTSO-E BalancingEnergyBids
20260523028-AFRR_N-UNIT_051-1,2026-05-23,aFRR,NEG_020,-144.0,GRID_TO_PROVIDER,5.0,5.0,SK,ENTSO-E BalancingEnergyBids
20260523028-AFRR_N-UNIT_069-1,2026-05-23,aFRR,NEG_020,-150.0,GRID_TO_PROVIDER,12.0,12.0,SK,ENTSO-E BalancingEnergyBids
20260523028-AFRR_N-UNIT_028-1,2026-05-23,aFRR,NEG_020,-5.0,GRID_TO_PROVIDER,5.0,5.0,SK,ENTSO-E BalancingEnergyBids
20260523028-AFRR_N-UNIT_058-1,2026-05-23,aFRR,NEG_020,-50.0,GRID_TO_PROVIDER,2.0,2.0,SK,ENTSO-E BalancingEnergyBids
20260523028-AFRR_N-UNIT_013-1,2026-05-23,aFRR,NEG_020,-10.0,GRID_TO_PROVIDER,21.0,21.0,SK,ENTSO-E BalancingEnergyBids
20260523028-AFRR_N-UNIT_010-1,2026-05-23,aFRR,NEG_020,-10.0,GRID_TO_PROVIDER,30.0,30.0,SK,ENTSO-E BalancingEnergyBids
20260523028-AFRR_N-UNIT_062-1,2026-05-23,aFRR,NEG_020,-29.0,GRID_TO_PROVIDER,15.0,15.0,SK,ENTSO-E BalancingEnergyBids
20260523028-AFRR_N-UNIT_043-1,2026-05-23,aFRR,NEG_020,10.0,GRID_TO_PROVIDER,4.0,4.0,SK,ENTSO-E BalancingEnergyBids
20260523028-AFRR_N-UNIT_104-1,2026-05-23,aFRR,NEG_020,-5.0,GRID_TO_PROVIDER,4.0,4.0,SK,ENTSO-E BalancingEnergyBids
20260523028-AFRR_N-UNIT_089-1,2026-05-23,aFRR,NEG_020,-155.06,GRID_TO_PROVIDER,3.0,3.0,SK,ENTSO-E BalancingEnergyBids
20260523028-AFRR_N-UNIT_097-1,2026-05-23,aFRR,NEG_020,0.0,GRID_TO_PROVIDER,7.0,7.0,SK,ENTSO-E BalancingEnergyBids
20260523028-AFRR_N-UNIT_019-1,2026-05-23,aFRR,NEG_020,-199.0,GRID_TO_PROVIDER,1.0,1.0,SK,ENTSO-E BalancingEnergyBids
20260523028-AFRR_N-UNIT_106-1,2026-05-23,aFRR,NEG_020,-19.0,GRID_TO_PROVIDER,1.0,1.0,SK,ENTSO-E BalancingEnergyBids
20260523028-AFRR_N-UNIT_123-1,2026-05-23,aFRR,NEG_020,-5.0,GRID_TO_PROVIDER,7.0,7.0,SK,ENTSO-E BalancingEnergyBids
20260523029-AFRR_P-UNIT_028-1,2026-05-23,aFRR,POS_021,154.31,PROVIDER_TO_GRID,5.0,5.0,SK,ENTSO-E BalancingEnergyBids
20260523029-AFRR_P-UNIT_068-1,2026-05-23,aFRR,POS_021,189.3,PROVIDER_TO_GRID,1.0,1.0,SK,ENTSO-E BalancingEnergyBids
20260523029-AFRR_P-UNIT_065-1,2026-05-23,aFRR,POS_021,190.07,PROVIDER_TO_GRID,12.0,12.0,SK,ENTSO-E BalancingEnergyBids
20260523029-AFRR_P-UNIT_052-1,2026-05-23,aFRR,POS_021,150.0,PROVIDER_TO_GRID,27.0,27.0,SK,ENTSO-E BalancingEnergyBids
20260523029-AFRR_P-UNIT_047-1,2026-05-23,aFRR,POS_021,500.0,PROVIDER_TO_GRID,10.0,10.0,SK,ENTSO-E BalancingEnergyBids
20260523029-AFRR_P-UNIT_051-1,2026-05-23,aFRR,POS_021,350.0,PROVIDER_TO_GRID,17.0,17.0,SK,ENTSO-E BalancingEnergyBids
20260523029-AFRR_P-UNIT_069-1,2026-05-23,aFRR,POS_021,135.0,PROVIDER_TO_GRID,15.0,15.0,SK,ENTSO-E BalancingEnergyBids
20260523029-AFRR_P-UNIT_058-1,2026-05-23,aFRR,POS_021,200.0,PROVIDER_TO_GRID,1.0,1.0,SK,ENTSO-E BalancingEnergyBids
20260523029-AFRR_P-UNIT_008-1,2026-05-23,aFRR,POS_021,190.07,PROVIDER_TO_GRID,18.0,18.0,SK,ENTSO-E BalancingEnergyBids
20260523029-AFRR_P-UNIT_062-1,2026-05-23,aFRR,POS_021,142.0,PROVIDER_TO_GRID,3.0,3.0,SK,ENTSO-E BalancingEnergyBids
20260523029-AFRR_P-UNIT_043-1,2026-05-23,aFRR,POS_021,142.0,PROVIDER_TO_GRID,3.0,3.0,SK,ENTSO-E BalancingEnergyBids
20260523029-AFRR_P-UNIT_063-1,2026-05-23,aFRR,POS_021,110.0,PROVIDER_TO_GRID,10.0,10.0,SK,ENTSO-E BalancingEnergyBids
20260523029-AFRR_P-UNIT_078-1,2026-05-23,aFRR,POS_021,749.0,PROVIDER_TO_GRID,3.0,3.0,SK,ENTSO-E BalancingEnergyBids
20260523029-AFRR_P-UNIT_104-1,2026-05-23,aFRR,POS_021,750.0,PROVIDER_TO_GRID,11.0,11.0,SK,ENTSO-E BalancingEnergyBids
20260523029-AFRR_P-UNIT_097-1,2026-05-23,aFRR,POS_021,85.0,PROVIDER_TO_GRID,1.0,1.0,SK,ENTSO-E BalancingEnergyBids
20260523029-AFRR_P-UNIT_009-1,2026-05-23,aFRR,POS_021,190.07,PROVIDER_TO_GRID,3.0,3.0,SK,ENTSO-E BalancingEnergyBids
20260523029-AFRR_P-UNIT_019-1,2026-05-23,aFRR,POS_021,254.0,PROVIDER_TO_GRID,1.0,1.0,SK,ENTSO-E BalancingEnergyBids
20260523029-AFRR_P-UNIT_106-1,2026-05-23,aFRR,POS_021,300.0,PROVIDER_TO_GRID,1.0,1.0,SK,ENTSO-E BalancingEnergyBids
20260523029-AFRR_P-UNIT_123-1,2026-05-23,aFRR,POS_021,189.0,PROVIDER_TO_GRID,8.0,8.0,SK,ENTSO-E BalancingEnergyBids
20260523029-AFRR_N-UNIT_068-1,2026-05-23,aFRR,NEG_021,-5.0,GRID_TO_PROVIDER,1.0,1.0,SK,ENTSO-E BalancingEnergyBids
20260523029-AFRR_N-UNIT_052-1,2026-05-23,aFRR,NEG_021,-30.0,GRID_TO_PROVIDER,11.0,11.0,SK,ENTSO-E BalancingEnergyBids
20260523029-AFRR_N-UNIT_051-1,2026-05-23,aFRR,NEG_021,-144.0,GRID_TO_PROVIDER,5.0,5.0,SK,ENTSO-E BalancingEnergyBids
20260523029-AFRR_N-UNIT_069-1,2026-05-23,aFRR,NEG_021,-150.0,GRID_TO_PROVIDER,12.0,12.0,SK,ENTSO-E BalancingEnergyBids
20260523029-AFRR_N-UNIT_028-1,2026-05-23,aFRR,NEG_021,-5.0,GRID_TO_PROVIDER,5.0,5.0,SK,ENTSO-E BalancingEnergyBids
20260523029-AFRR_N-UNIT_058-1,2026-05-23,aFRR,NEG_021,-50.0,GRID_TO_PROVIDER,2.0,2.0,SK,ENTSO-E BalancingEnergyBids
20260523029-AFRR_N-UNIT_013-1,2026-05-23,aFRR,NEG_021,-10.0,GRID_TO_PROVIDER,21.0,21.0,SK,ENTSO-E BalancingEnergyBids
20260523029-AFRR_N-UNIT_010-1,2026-05-23,aFRR,NEG_021,-10.0,GRID_TO_PROVIDER,30.0,30.0,SK,ENTSO-E BalancingEnergyBids
20260523029-AFRR_N-UNIT_062-1,2026-05-23,aFRR,NEG_021,-29.0,GRID_TO_PROVIDER,15.0,15.0,SK,ENTSO-E BalancingEnergyBids
20260523029-AFRR_N-UNIT_043-1,2026-05-23,aFRR,NEG_021,10.0,GRID_TO_PROVIDER,4.0,4.0,SK,ENTSO-E BalancingEnergyBids
20260523029-AFRR_N-UNIT_104-1,2026-05-23,aFRR,NEG_021,-5.0,GRID_TO_PROVIDER,4.0,4.0,SK,ENTSO-E BalancingEnergyBids
20260523029-AFRR_N-UNIT_089-1,2026-05-23,aFRR,NEG_021,-124.78,GRID_TO_PROVIDER,3.0,3.0,SK,ENTSO-E BalancingEnergyBids
20260523029-AFRR_N-UNIT_097-1,2026-05-23,aFRR,NEG_021,0.0,GRID_TO_PROVIDER,6.0,6.0,SK,ENTSO-E BalancingEnergyBids
20260523029-AFRR_N-UNIT_019-1,2026-05-23,aFRR,NEG_021,-199.0,GRID_TO_PROVIDER,1.0,1.0,SK,ENTSO-E BalancingEnergyBids
20260523029-AFRR_N-UNIT_106-1,2026-05-23,aFRR,NEG_021,-19.0,GRID_TO_PROVIDER,1.0,1.0,SK,ENTSO-E BalancingEnergyBids
20260523029-AFRR_N-UNIT_123-1,2026-05-23,aFRR,NEG_021,-5.0,GRID_TO_PROVIDER,7.0,7.0,SK,ENTSO-E BalancingEnergyBids
20260523030-AFRR_P-UNIT_028-1,2026-05-23,aFRR,POS_022,113.64,PROVIDER_TO_GRID,5.0,5.0,SK,ENTSO-E BalancingEnergyBids
20260523030-AFRR_P-UNIT_068-1,2026-05-23,aFRR,POS_022,148.63,PROVIDER_TO_GRID,1.0,1.0,SK,ENTSO-E BalancingEnergyBids
20260523030-AFRR_P-UNIT_065-1,2026-05-23,aFRR,POS_022,190.07,PROVIDER_TO_GRID,12.0,12.0,SK,ENTSO-E BalancingEnergyBids
20260523030-AFRR_P-UNIT_052-1,2026-05-23,aFRR,POS_022,150.0,PROVIDER_TO_GRID,27.0,27.0,SK,ENTSO-E BalancingEnergyBids
20260523030-AFRR_P-UNIT_047-1,2026-05-23,aFRR,POS_022,500.0,PROVIDER_TO_GRID,10.0,10.0,SK,ENTSO-E BalancingEnergyBids
20260523030-AFRR_P-UNIT_051-1,2026-05-23,aFRR,POS_022,350.0,PROVIDER_TO_GRID,17.0,17.0,SK,ENTSO-E BalancingEnergyBids
20260523030-AFRR_P-UNIT_069-1,2026-05-23,aFRR,POS_022,135.0,PROVIDER_TO_GRID,15.0,15.0,SK,ENTSO-E BalancingEnergyBids
20260523030-AFRR_P-UNIT_058-1,2026-05-23,aFRR,POS_022,200.0,PROVIDER_TO_GRID,1.0,1.0,SK,ENTSO-E BalancingEnergyBids
20260523030-AFRR_P-UNIT_008-1,2026-05-23,aFRR,POS_022,190.07,PROVIDER_TO_GRID,18.0,18.0,SK,ENTSO-E BalancingEnergyBids
20260523030-AFRR_P-UNIT_062-1,2026-05-23,aFRR,POS_022,111.0,PROVIDER_TO_GRID,3.0,3.0,SK,ENTSO-E BalancingEnergyBids
20260523030-AFRR_P-UNIT_043-1,2026-05-23,aFRR,POS_022,111.0,PROVIDER_TO_GRID,3.0,3.0,SK,ENTSO-E BalancingEnergyBids
20260523030-AFRR_P-UNIT_063-1,2026-05-23,aFRR,POS_022,110.0,PROVIDER_TO_GRID,10.0,10.0,SK,ENTSO-E BalancingEnergyBids
20260523030-AFRR_P-UNIT_078-1,2026-05-23,aFRR,POS_022,749.0,PROVIDER_TO_GRID,3.0,3.0,SK,ENTSO-E BalancingEnergyBids
20260523030-AFRR_P-UNIT_104-1,2026-05-23,aFRR,POS_022,750.0,PROVIDER_TO_GRID,11.0,11.0,SK,ENTSO-E BalancingEnergyBids
20260523030-AFRR_P-UNIT_097-1,2026-05-23,aFRR,POS_022,85.0,PROVIDER_TO_GRID,1.0,1.0,SK,ENTSO-E BalancingEnergyBids
20260523030-AFRR_P-UNIT_009-1,2026-05-23,aFRR,POS_022,190.07,PROVIDER_TO_GRID,3.0,3.0,SK,ENTSO-E BalancingEnergyBids
20260523030-AFRR_P-UNIT_019-1,2026-05-23,aFRR,POS_022,228.0,PROVIDER_TO_GRID,1.0,1.0,SK,ENTSO-E BalancingEnergyBids
20260523030-AFRR_P-UNIT_106-1,2026-05-23,aFRR,POS_022,300.0,PROVIDER_TO_GRID,1.0,1.0,SK,ENTSO-E BalancingEnergyBids
20260523030-AFRR_P-UNIT_123-1,2026-05-23,aFRR,POS_022,189.0,PROVIDER_TO_GRID,8.0,8.0,SK,ENTSO-E BalancingEnergyBids
20260523030-AFRR_N-UNIT_068-1,2026-05-23,aFRR,NEG_022,-5.0,GRID_TO_PROVIDER,1.0,1.0,SK,ENTSO-E BalancingEnergyBids
20260523030-AFRR_N-UNIT_052-1,2026-05-23,aFRR,NEG_022,-30.0,GRID_TO_PROVIDER,11.0,11.0,SK,ENTSO-E BalancingEnergyBids
20260523030-AFRR_N-UNIT_051-1,2026-05-23,aFRR,NEG_022,-144.0,GRID_TO_PROVIDER,5.0,5.0,SK,ENTSO-E BalancingEnergyBids
20260523030-AFRR_N-UNIT_069-1,2026-05-23,aFRR,NEG_022,-150.0,GRID_TO_PROVIDER,12.0,12.0,SK,ENTSO-E BalancingEnergyBids
20260523030-AFRR_N-UNIT_028-1,2026-05-23,aFRR,NEG_022,-5.0,GRID_TO_PROVIDER,5.0,5.0,SK,ENTSO-E BalancingEnergyBids
20260523030-AFRR_N-UNIT_058-1,2026-05-23,aFRR,NEG_022,-50.0,GRID_TO_PROVIDER,2.0,2.0,SK,ENTSO-E BalancingEnergyBids
20260523030-AFRR_N-UNIT_013-1,2026-05-23,aFRR,NEG_022,-10.0,GRID_TO_PROVIDER,21.0,21.0,SK,ENTSO-E BalancingEnergyBids
20260523030-AFRR_N-UNIT_010-1,2026-05-23,aFRR,NEG_022,-10.0,GRID_TO_PROVIDER,30.0,30.0,SK,ENTSO-E BalancingEnergyBids
20260523030-AFRR_N-UNIT_062-1,2026-05-23,aFRR,NEG_022,-29.0,GRID_TO_PROVIDER,15.0,15.0,SK,ENTSO-E BalancingEnergyBids
20260523030-AFRR_N-UNIT_043-1,2026-05-23,aFRR,NEG_022,10.0,GRID_TO_PROVIDER,4.0,4.0,SK,ENTSO-E BalancingEnergyBids
20260523030-AFRR_N-UNIT_104-1,2026-05-23,aFRR,NEG_022,-5.0,GRID_TO_PROVIDER,4.0,4.0,SK,ENTSO-E BalancingEnergyBids
20260523030-AFRR_N-UNIT_089-1,2026-05-23,aFRR,NEG_022,-153.83,GRID_TO_PROVIDER,3.0,3.0,SK,ENTSO-E BalancingEnergyBids
20260523030-AFRR_N-UNIT_097-1,2026-05-23,aFRR,NEG_022,0.0,GRID_TO_PROVIDER,6.0,6.0,SK,ENTSO-E BalancingEnergyBids
20260523030-AFRR_N-UNIT_019-1,2026-05-23,aFRR,NEG_022,-199.0,GRID_TO_PROVIDER,1.0,1.0,SK,ENTSO-E BalancingEnergyBids
20260523030-AFRR_N-UNIT_106-1,2026-05-23,aFRR,NEG_022,-19.0,GRID_TO_PROVIDER,1.0,1.0,SK,ENTSO-E BalancingEnergyBids
20260523030-AFRR_N-UNIT_123-1,2026-05-23,aFRR,NEG_022,-5.0,GRID_TO_PROVIDER,7.0,7.0,SK,ENTSO-E BalancingEnergyBids
20260523031-AFRR_P-UNIT_028-1,2026-05-23,aFRR,POS_023,72.01,PROVIDER_TO_GRID,5.0,5.0,SK,ENTSO-E BalancingEnergyBids
20260523031-AFRR_N-UNIT_013-1,2026-05-23,aFRR,NEG_023,-10.0,GRID_TO_PROVIDER,21.0,21.0,SK,ENTSO-E BalancingEnergyBids
20260523031-AFRR_N-UNIT_010-1,2026-05-23,aFRR,NEG_023,-10.0,GRID_TO_PROVIDER,30.0,30.0,SK,ENTSO-E BalancingEnergyBids
20260523031-AFRR_N-UNIT_062-1,2026-05-23,aFRR,NEG_023,-29.0,GRID_TO_PROVIDER,15.0,15.0,SK,ENTSO-E BalancingEnergyBids
20260523031-AFRR_N-UNIT_043-1,2026-05-23,aFRR,NEG_023,10.0,GRID_TO_PROVIDER,4.0,4.0,SK,ENTSO-E BalancingEnergyBids
20260523031-AFRR_N-UNIT_104-1,2026-05-23,aFRR,NEG_023,-5.0,GRID_TO_PROVIDER,4.0,4.0,SK,ENTSO-E BalancingEnergyBids
20260523031-AFRR_N-UNIT_089-1,2026-05-23,aFRR,NEG_023,-167.84,GRID_TO_PROVIDER,3.0,3.0,SK,ENTSO-E BalancingEnergyBids
20260523031-AFRR_N-UNIT_097-1,2026-05-23,aFRR,NEG_023,0.0,GRID_TO_PROVIDER,6.0,6.0,SK,ENTSO-E BalancingEnergyBids
20260523031-AFRR_N-UNIT_019-1,2026-05-23,aFRR,NEG_023,-199.0,GRID_TO_PROVIDER,1.0,1.0,SK,ENTSO-E BalancingEnergyBids
20260523031-AFRR_N-UNIT_106-1,2026-05-23,aFRR,NEG_023,-19.0,GRID_TO_PROVIDER,1.0,1.0,SK,ENTSO-E BalancingEnergyBids
20260523031-AFRR_N-UNIT_123-1,2026-05-23,aFRR,NEG_023,-5.0,GRID_TO_PROVIDER,7.0,7.0,SK,ENTSO-E BalancingEnergyBids
20260523031-AFRR_P-UNIT_068-1,2026-05-23,aFRR,POS_023,132.0,PROVIDER_TO_GRID,1.0,1.0,SK,ENTSO-E BalancingEnergyBids
20260523031-AFRR_P-UNIT_065-1,2026-05-23,aFRR,POS_023,190.07,PROVIDER_TO_GRID,12.0,12.0,SK,ENTSO-E BalancingEnergyBids
20260523031-AFRR_P-UNIT_052-1,2026-05-23,aFRR,POS_023,150.0,PROVIDER_TO_GRID,27.0,27.0,SK,ENTSO-E BalancingEnergyBids
20260523031-AFRR_P-UNIT_047-1,2026-05-23,aFRR,POS_023,500.0,PROVIDER_TO_GRID,10.0,10.0,SK,ENTSO-E BalancingEnergyBids
20260523031-AFRR_P-UNIT_051-1,2026-05-23,aFRR,POS_023,350.0,PROVIDER_TO_GRID,17.0,17.0,SK,ENTSO-E BalancingEnergyBids
20260523031-AFRR_P-UNIT_069-1,2026-05-23,aFRR,POS_023,135.0,PROVIDER_TO_GRID,15.0,15.0,SK,ENTSO-E BalancingEnergyBids
20260523031-AFRR_P-UNIT_058-1,2026-05-23,aFRR,POS_023,200.0,PROVIDER_TO_GRID,1.0,1.0,SK,ENTSO-E BalancingEnergyBids
20260523031-AFRR_P-UNIT_008-1,2026-05-23,aFRR,POS_023,190.07,PROVIDER_TO_GRID,18.0,18.0,SK,ENTSO-E BalancingEnergyBids
20260523031-AFRR_P-UNIT_062-1,2026-05-23,aFRR,POS_023,105.0,PROVIDER_TO_GRID,3.0,3.0,SK,ENTSO-E BalancingEnergyBids
20260523031-AFRR_P-UNIT_043-1,2026-05-23,aFRR,POS_023,105.0,PROVIDER_TO_GRID,3.0,3.0,SK,ENTSO-E BalancingEnergyBids
20260523031-AFRR_P-UNIT_063-1,2026-05-23,aFRR,POS_023,110.0,PROVIDER_TO_GRID,10.0,10.0,SK,ENTSO-E BalancingEnergyBids
20260523031-AFRR_P-UNIT_078-1,2026-05-23,aFRR,POS_023,749.0,PROVIDER_TO_GRID,3.0,3.0,SK,ENTSO-E BalancingEnergyBids
20260523031-AFRR_P-UNIT_104-1,2026-05-23,aFRR,POS_023,750.0,PROVIDER_TO_GRID,11.0,11.0,SK,ENTSO-E BalancingEnergyBids
20260523031-AFRR_P-UNIT_097-1,2026-05-23,aFRR,POS_023,85.0,PROVIDER_TO_GRID,1.0,1.0,SK,ENTSO-E BalancingEnergyBids
20260523031-AFRR_P-UNIT_009-1,2026-05-23,aFRR,POS_023,190.07,PROVIDER_TO_GRID,3.0,3.0,SK,ENTSO-E BalancingEnergyBids
20260523031-AFRR_P-UNIT_019-1,2026-05-23,aFRR,POS_023,216.0,PROVIDER_TO_GRID,1.0,1.0,SK,ENTSO-E BalancingEnergyBids
20260523031-AFRR_P-UNIT_106-1,2026-05-23,aFRR,POS_023,300.0,PROVIDER_TO_GRID,1.0,1.0,SK,ENTSO-E BalancingEnergyBids
20260523031-AFRR_P-UNIT_123-1,2026-05-23,aFRR,POS_023,189.0,PROVIDER_TO_GRID,8.0,8.0,SK,ENTSO-E BalancingEnergyBids
20260523031-AFRR_N-UNIT_068-1,2026-05-23,aFRR,NEG_023,-5.0,GRID_TO_PROVIDER,1.0,1.0,SK,ENTSO-E BalancingEnergyBids
20260523031-AFRR_N-UNIT_052-1,2026-05-23,aFRR,NEG_023,-30.0,GRID_TO_PROVIDER,11.0,11.0,SK,ENTSO-E BalancingEnergyBids
20260523031-AFRR_N-UNIT_051-1,2026-05-23,aFRR,NEG_023,-144.0,GRID_TO_PROVIDER,5.0,5.0,SK,ENTSO-E BalancingEnergyBids
20260523031-AFRR_N-UNIT_069-1,2026-05-23,aFRR,NEG_023,-150.0,GRID_TO_PROVIDER,12.0,12.0,SK,ENTSO-E BalancingEnergyBids
20260523031-AFRR_N-UNIT_028-1,2026-05-23,aFRR,NEG_023,-5.0,GRID_TO_PROVIDER,5.0,5.0,SK,ENTSO-E BalancingEnergyBids
20260523031-AFRR_N-UNIT_058-1,2026-05-23,aFRR,NEG_023,-50.0,GRID_TO_PROVIDER,2.0,2.0,SK,ENTSO-E BalancingEnergyBids
20260523032-AFRR_P-UNIT_028-1,2026-05-23,aFRR,POS_024,72.01,PROVIDER_TO_GRID,5.0,5.0,SK,ENTSO-E BalancingEnergyBids
20260523032-AFRR_P-UNIT_068-1,2026-05-23,aFRR,POS_024,132.0,PROVIDER_TO_GRID,1.0,1.0,SK,ENTSO-E BalancingEnergyBids
20260523032-AFRR_P-UNIT_065-1,2026-05-23,aFRR,POS_024,190.07,PROVIDER_TO_GRID,12.0,12.0,SK,ENTSO-E BalancingEnergyBids
20260523032-AFRR_P-UNIT_052-1,2026-05-23,aFRR,POS_024,150.0,PROVIDER_TO_GRID,27.0,27.0,SK,ENTSO-E BalancingEnergyBids
20260523032-AFRR_P-UNIT_047-1,2026-05-23,aFRR,POS_024,500.0,PROVIDER_TO_GRID,10.0,10.0,SK,ENTSO-E BalancingEnergyBids
20260523032-AFRR_P-UNIT_051-1,2026-05-23,aFRR,POS_024,350.0,PROVIDER_TO_GRID,17.0,17.0,SK,ENTSO-E BalancingEnergyBids
20260523032-AFRR_P-UNIT_069-1,2026-05-23,aFRR,POS_024,135.0,PROVIDER_TO_GRID,15.0,15.0,SK,ENTSO-E BalancingEnergyBids
20260523032-AFRR_P-UNIT_058-1,2026-05-23,aFRR,POS_024,200.0,PROVIDER_TO_GRID,1.0,1.0,SK,ENTSO-E BalancingEnergyBids
20260523032-AFRR_P-UNIT_008-1,2026-05-23,aFRR,POS_024,190.07,PROVIDER_TO_GRID,18.0,18.0,SK,ENTSO-E BalancingEnergyBids
20260523032-AFRR_P-UNIT_062-1,2026-05-23,aFRR,POS_024,105.0,PROVIDER_TO_GRID,3.0,3.0,SK,ENTSO-E BalancingEnergyBids
20260523032-AFRR_P-UNIT_043-1,2026-05-23,aFRR,POS_024,105.0,PROVIDER_TO_GRID,3.0,3.0,SK,ENTSO-E BalancingEnergyBids
20260523032-AFRR_P-UNIT_063-1,2026-05-23,aFRR,POS_024,110.0,PROVIDER_TO_GRID,10.0,10.0,SK,ENTSO-E BalancingEnergyBids
20260523032-AFRR_P-UNIT_078-1,2026-05-23,aFRR,POS_024,749.0,PROVIDER_TO_GRID,3.0,3.0,SK,ENTSO-E BalancingEnergyBids
20260523032-AFRR_P-UNIT_104-1,2026-05-23,aFRR,POS_024,750.0,PROVIDER_TO_GRID,11.0,11.0,SK,ENTSO-E BalancingEnergyBids
20260523032-AFRR_P-UNIT_097-1,2026-05-23,aFRR,POS_024,85.0,PROVIDER_TO_GRID,1.0,1.0,SK,ENTSO-E BalancingEnergyBids
20260523032-AFRR_P-UNIT_009-1,2026-05-23,aFRR,POS_024,190.07,PROVIDER_TO_GRID,3.0,3.0,SK,ENTSO-E BalancingEnergyBids
20260523032-AFRR_P-UNIT_019-1,2026-05-23,aFRR,POS_024,183.0,PROVIDER_TO_GRID,1.0,1.0,SK,ENTSO-E BalancingEnergyBids
20260523032-AFRR_P-UNIT_106-1,2026-05-23,aFRR,POS_024,300.0,PROVIDER_TO_GRID,1.0,1.0,SK,ENTSO-E BalancingEnergyBids
20260523032-AFRR_P-UNIT_123-1,2026-05-23,aFRR,POS_024,189.0,PROVIDER_TO_GRID,8.0,8.0,SK,ENTSO-E BalancingEnergyBids
20260523032-AFRR_N-UNIT_068-1,2026-05-23,aFRR,NEG_024,-5.0,GRID_TO_PROVIDER,1.0,1.0,SK,ENTSO-E BalancingEnergyBids
20260523032-AFRR_N-UNIT_052-1,2026-05-23,aFRR,NEG_024,-30.0,GRID_TO_PROVIDER,11.0,11.0,SK,ENTSO-E BalancingEnergyBids
20260523032-AFRR_N-UNIT_051-1,2026-05-23,aFRR,NEG_024,-144.0,GRID_TO_PROVIDER,5.0,5.0,SK,ENTSO-E BalancingEnergyBids
20260523032-AFRR_N-UNIT_069-1,2026-05-23,aFRR,NEG_024,-150.0,GRID_TO_PROVIDER,12.0,12.0,SK,ENTSO-E BalancingEnergyBids
20260523032-AFRR_N-UNIT_028-1,2026-05-23,aFRR,NEG_024,-5.0,GRID_TO_PROVIDER,5.0,5.0,SK,ENTSO-E BalancingEnergyBids
20260523032-AFRR_N-UNIT_058-1,2026-05-23,aFRR,NEG_024,-50.0,GRID_TO_PROVIDER,2.0,2.0,SK,ENTSO-E BalancingEnergyBids
20260523032-AFRR_N-UNIT_013-1,2026-05-23,aFRR,NEG_024,-10.0,GRID_TO_PROVIDER,21.0,21.0,SK,ENTSO-E BalancingEnergyBids
20260523032-AFRR_N-UNIT_010-1,2026-05-23,aFRR,NEG_024,-10.0,GRID_TO_PROVIDER,30.0,30.0,SK,ENTSO-E BalancingEnergyBids
20260523032-AFRR_N-UNIT_062-1,2026-05-23,aFRR,NEG_024,-29.0,GRID_TO_PROVIDER,15.0,15.0,SK,ENTSO-E BalancingEnergyBids
20260523032-AFRR_N-UNIT_043-1,2026-05-23,aFRR,NEG_024,10.0,GRID_TO_PROVIDER,4.0,4.0,SK,ENTSO-E BalancingEnergyBids
20260523032-AFRR_N-UNIT_104-1,2026-05-23,aFRR,NEG_024,-5.0,GRID_TO_PROVIDER,4.0,4.0,SK,ENTSO-E BalancingEnergyBids
20260523032-AFRR_N-UNIT_089-1,2026-05-23,aFRR,NEG_024,-196.76,GRID_TO_PROVIDER,3.0,3.0,SK,ENTSO-E BalancingEnergyBids
20260523032-AFRR_N-UNIT_097-1,2026-05-23,aFRR,NEG_024,0.0,GRID_TO_PROVIDER,6.0,6.0,SK,ENTSO-E BalancingEnergyBids
20260523032-AFRR_N-UNIT_019-1,2026-05-23,aFRR,NEG_024,-199.0,GRID_TO_PROVIDER,1.0,1.0,SK,ENTSO-E BalancingEnergyBids
20260523032-AFRR_N-UNIT_106-1,2026-05-23,aFRR,NEG_024,-19.0,GRID_TO_PROVIDER,1.0,1.0,SK,ENTSO-E BalancingEnergyBids
20260523032-AFRR_N-UNIT_123-1,2026-05-23,aFRR,NEG_024,-5.0,GRID_TO_PROVIDER,7.0,7.0,SK,ENTSO-E BalancingEnergyBids
20260523033-AFRR_N-UNIT_051-1,2026-05-23,aFRR,NEG_025,-144.0,GRID_TO_PROVIDER,5.0,5.0,SK,ENTSO-E BalancingEnergyBids
20260523033-AFRR_N-UNIT_069-1,2026-05-23,aFRR,NEG_025,-150.0,GRID_TO_PROVIDER,12.0,12.0,SK,ENTSO-E BalancingEnergyBids
20260523033-AFRR_N-UNIT_058-1,2026-05-23,aFRR,NEG_025,-50.0,GRID_TO_PROVIDER,2.0,2.0,SK,ENTSO-E BalancingEnergyBids
20260523033-AFRR_N-UNIT_010-1,2026-05-23,aFRR,NEG_025,-10.0,GRID_TO_PROVIDER,30.0,30.0,SK,ENTSO-E BalancingEnergyBids
20260523033-AFRR_N-UNIT_043-1,2026-05-23,aFRR,NEG_025,10.0,GRID_TO_PROVIDER,5.0,5.0,SK,ENTSO-E BalancingEnergyBids
20260523033-AFRR_N-UNIT_104-1,2026-05-23,aFRR,NEG_025,0.0,GRID_TO_PROVIDER,4.0,4.0,SK,ENTSO-E BalancingEnergyBids
20260523033-AFRR_N-UNIT_089-1,2026-05-23,aFRR,NEG_025,-152.07,GRID_TO_PROVIDER,3.0,3.0,SK,ENTSO-E BalancingEnergyBids
20260523033-AFRR_N-UNIT_097-1,2026-05-23,aFRR,NEG_025,0.0,GRID_TO_PROVIDER,5.0,5.0,SK,ENTSO-E BalancingEnergyBids
20260523033-AFRR_N-UNIT_019-1,2026-05-23,aFRR,NEG_025,-199.0,GRID_TO_PROVIDER,1.0,1.0,SK,ENTSO-E BalancingEnergyBids
20260523033-AFRR_N-UNIT_106-1,2026-05-23,aFRR,NEG_025,-19.0,GRID_TO_PROVIDER,1.0,1.0,SK,ENTSO-E BalancingEnergyBids
20260523033-AFRR_N-UNIT_123-1,2026-05-23,aFRR,NEG_025,-5.0,GRID_TO_PROVIDER,6.0,6.0,SK,ENTSO-E BalancingEnergyBids
20260523033-AFRR_P-UNIT_068-1,2026-05-23,aFRR,POS_025,151.1,PROVIDER_TO_GRID,1.0,1.0,SK,ENTSO-E BalancingEnergyBids
20260523033-AFRR_P-UNIT_065-1,2026-05-23,aFRR,POS_025,190.07,PROVIDER_TO_GRID,12.0,12.0,SK,ENTSO-E BalancingEnergyBids
20260523033-AFRR_P-UNIT_052-1,2026-05-23,aFRR,POS_025,150.0,PROVIDER_TO_GRID,27.0,27.0,SK,ENTSO-E BalancingEnergyBids
20260523033-AFRR_P-UNIT_047-1,2026-05-23,aFRR,POS_025,500.0,PROVIDER_TO_GRID,10.0,10.0,SK,ENTSO-E BalancingEnergyBids
20260523033-AFRR_P-UNIT_051-1,2026-05-23,aFRR,POS_025,350.0,PROVIDER_TO_GRID,17.0,17.0,SK,ENTSO-E BalancingEnergyBids
20260523033-AFRR_P-UNIT_069-1,2026-05-23,aFRR,POS_025,135.0,PROVIDER_TO_GRID,15.0,15.0,SK,ENTSO-E BalancingEnergyBids
20260523033-AFRR_P-UNIT_058-1,2026-05-23,aFRR,POS_025,200.0,PROVIDER_TO_GRID,1.0,1.0,SK,ENTSO-E BalancingEnergyBids
20260523033-AFRR_P-UNIT_062-1,2026-05-23,aFRR,POS_025,113.0,PROVIDER_TO_GRID,5.0,5.0,SK,ENTSO-E BalancingEnergyBids
20260523033-AFRR_P-UNIT_043-1,2026-05-23,aFRR,POS_025,113.0,PROVIDER_TO_GRID,5.0,5.0,SK,ENTSO-E BalancingEnergyBids
20260523033-AFRR_P-UNIT_063-1,2026-05-23,aFRR,POS_025,110.0,PROVIDER_TO_GRID,10.0,10.0,SK,ENTSO-E BalancingEnergyBids
20260523033-AFRR_P-UNIT_078-1,2026-05-23,aFRR,POS_025,749.0,PROVIDER_TO_GRID,3.0,3.0,SK,ENTSO-E BalancingEnergyBids
20260523033-AFRR_P-UNIT_104-1,2026-05-23,aFRR,POS_025,750.0,PROVIDER_TO_GRID,11.0,11.0,SK,ENTSO-E BalancingEnergyBids
20260523033-AFRR_P-UNIT_097-1,2026-05-23,aFRR,POS_025,85.0,PROVIDER_TO_GRID,2.0,2.0,SK,ENTSO-E BalancingEnergyBids
20260523033-AFRR_P-UNIT_009-1,2026-05-23,aFRR,POS_025,190.07,PROVIDER_TO_GRID,3.0,3.0,SK,ENTSO-E BalancingEnergyBids
20260523033-AFRR_P-UNIT_019-1,2026-05-23,aFRR,POS_025,230.0,PROVIDER_TO_GRID,1.0,1.0,SK,ENTSO-E BalancingEnergyBids
20260523033-AFRR_P-UNIT_106-1,2026-05-23,aFRR,POS_025,300.0,PROVIDER_TO_GRID,1.0,1.0,SK,ENTSO-E BalancingEnergyBids
20260523033-AFRR_P-UNIT_123-1,2026-05-23,aFRR,POS_025,189.0,PROVIDER_TO_GRID,8.0,8.0,SK,ENTSO-E BalancingEnergyBids
20260523033-AFRR_N-UNIT_068-1,2026-05-23,aFRR,NEG_025,-5.0,GRID_TO_PROVIDER,1.0,1.0,SK,ENTSO-E BalancingEnergyBids
20260523033-AFRR_N-UNIT_052-1,2026-05-23,aFRR,NEG_025,-30.0,GRID_TO_PROVIDER,11.0,11.0,SK,ENTSO-E BalancingEnergyBids
20260523033-AFRR_P-UNIT_028-1,2026-05-23,aFRR,POS_025,5.0,PROVIDER_TO_GRID,5.0,5.0,SK,ENTSO-E BalancingEnergyBids
20260523033-AFRR_N-UNIT_028-1,2026-05-23,aFRR,NEG_025,-15.0,GRID_TO_PROVIDER,5.0,5.0,SK,ENTSO-E BalancingEnergyBids
20260523034-AFRR_P-UNIT_028-1,2026-05-23,aFRR,POS_026,5.0,PROVIDER_TO_GRID,5.0,5.0,SK,ENTSO-E BalancingEnergyBids
20260523034-AFRR_N-UNIT_028-1,2026-05-23,aFRR,NEG_026,-15.0,GRID_TO_PROVIDER,5.0,5.0,SK,ENTSO-E BalancingEnergyBids
20260523034-AFRR_P-UNIT_068-1,2026-05-23,aFRR,POS_026,132.0,PROVIDER_TO_GRID,1.0,1.0,SK,ENTSO-E BalancingEnergyBids
20260523034-AFRR_P-UNIT_065-1,2026-05-23,aFRR,POS_026,190.07,PROVIDER_TO_GRID,12.0,12.0,SK,ENTSO-E BalancingEnergyBids
20260523034-AFRR_P-UNIT_052-1,2026-05-23,aFRR,POS_026,150.0,PROVIDER_TO_GRID,27.0,27.0,SK,ENTSO-E BalancingEnergyBids
20260523034-AFRR_P-UNIT_047-1,2026-05-23,aFRR,POS_026,500.0,PROVIDER_TO_GRID,10.0,10.0,SK,ENTSO-E BalancingEnergyBids
20260523034-AFRR_P-UNIT_051-1,2026-05-23,aFRR,POS_026,350.0,PROVIDER_TO_GRID,17.0,17.0,SK,ENTSO-E BalancingEnergyBids
20260523034-AFRR_P-UNIT_069-1,2026-05-23,aFRR,POS_026,135.0,PROVIDER_TO_GRID,15.0,15.0,SK,ENTSO-E BalancingEnergyBids
20260523034-AFRR_P-UNIT_058-1,2026-05-23,aFRR,POS_026,200.0,PROVIDER_TO_GRID,1.0,1.0,SK,ENTSO-E BalancingEnergyBids
20260523034-AFRR_P-UNIT_062-1,2026-05-23,aFRR,POS_026,105.0,PROVIDER_TO_GRID,5.0,5.0,SK,ENTSO-E BalancingEnergyBids
20260523034-AFRR_P-UNIT_043-1,2026-05-23,aFRR,POS_026,105.0,PROVIDER_TO_GRID,5.0,5.0,SK,ENTSO-E BalancingEnergyBids
20260523034-AFRR_P-UNIT_063-1,2026-05-23,aFRR,POS_026,110.0,PROVIDER_TO_GRID,10.0,10.0,SK,ENTSO-E BalancingEnergyBids
20260523034-AFRR_P-UNIT_078-1,2026-05-23,aFRR,POS_026,749.0,PROVIDER_TO_GRID,3.0,3.0,SK,ENTSO-E BalancingEnergyBids
20260523034-AFRR_P-UNIT_104-1,2026-05-23,aFRR,POS_026,750.0,PROVIDER_TO_GRID,11.0,11.0,SK,ENTSO-E BalancingEnergyBids
20260523034-AFRR_P-UNIT_097-1,2026-05-23,aFRR,POS_026,85.0,PROVIDER_TO_GRID,2.0,2.0,SK,ENTSO-E BalancingEnergyBids
20260523034-AFRR_P-UNIT_009-1,2026-05-23,aFRR,POS_026,190.07,PROVIDER_TO_GRID,3.0,3.0,SK,ENTSO-E BalancingEnergyBids
20260523034-AFRR_P-UNIT_019-1,2026-05-23,aFRR,POS_026,181.0,PROVIDER_TO_GRID,1.0,1.0,SK,ENTSO-E BalancingEnergyBids
20260523034-AFRR_P-UNIT_106-1,2026-05-23,aFRR,POS_026,300.0,PROVIDER_TO_GRID,1.0,1.0,SK,ENTSO-E BalancingEnergyBids
20260523034-AFRR_P-UNIT_123-1,2026-05-23,aFRR,POS_026,189.0,PROVIDER_TO_GRID,8.0,8.0,SK,ENTSO-E BalancingEnergyBids
20260523034-AFRR_N-UNIT_068-1,2026-05-23,aFRR,NEG_026,-5.0,GRID_TO_PROVIDER,1.0,1.0,SK,ENTSO-E BalancingEnergyBids
20260523034-AFRR_N-UNIT_052-1,2026-05-23,aFRR,NEG_026,-30.0,GRID_TO_PROVIDER,11.0,11.0,SK,ENTSO-E BalancingEnergyBids
20260523034-AFRR_N-UNIT_051-1,2026-05-23,aFRR,NEG_026,-144.0,GRID_TO_PROVIDER,5.0,5.0,SK,ENTSO-E BalancingEnergyBids
20260523034-AFRR_N-UNIT_069-1,2026-05-23,aFRR,NEG_026,-150.0,GRID_TO_PROVIDER,12.0,12.0,SK,ENTSO-E BalancingEnergyBids
20260523034-AFRR_N-UNIT_058-1,2026-05-23,aFRR,NEG_026,-50.0,GRID_TO_PROVIDER,2.0,2.0,SK,ENTSO-E BalancingEnergyBids
20260523034-AFRR_N-UNIT_010-1,2026-05-23,aFRR,NEG_026,-10.0,GRID_TO_PROVIDER,30.0,30.0,SK,ENTSO-E BalancingEnergyBids
20260523034-AFRR_N-UNIT_043-1,2026-05-23,aFRR,NEG_026,10.0,GRID_TO_PROVIDER,5.0,5.0,SK,ENTSO-E BalancingEnergyBids
20260523034-AFRR_N-UNIT_104-1,2026-05-23,aFRR,NEG_026,0.0,GRID_TO_PROVIDER,4.0,4.0,SK,ENTSO-E BalancingEnergyBids
20260523034-AFRR_N-UNIT_089-1,2026-05-23,aFRR,NEG_026,-194.68,GRID_TO_PROVIDER,3.0,3.0,SK,ENTSO-E BalancingEnergyBids
20260523034-AFRR_N-UNIT_097-1,2026-05-23,aFRR,NEG_026,0.0,GRID_TO_PROVIDER,5.0,5.0,SK,ENTSO-E BalancingEnergyBids
20260523034-AFRR_N-UNIT_019-1,2026-05-23,aFRR,NEG_026,-199.0,GRID_TO_PROVIDER,1.0,1.0,SK,ENTSO-E BalancingEnergyBids
20260523034-AFRR_N-UNIT_106-1,2026-05-23,aFRR,NEG_026,-19.0,GRID_TO_PROVIDER,1.0,1.0,SK,ENTSO-E BalancingEnergyBids
20260523034-AFRR_N-UNIT_123-1,2026-05-23,aFRR,NEG_026,-5.0,GRID_TO_PROVIDER,6.0,6.0,SK,ENTSO-E BalancingEnergyBids
20260523035-AFRR_P-UNIT_028-1,2026-05-23,aFRR,POS_027,5.0,PROVIDER_TO_GRID,5.0,5.0,SK,ENTSO-E BalancingEnergyBids
20260523035-AFRR_N-UNIT_028-1,2026-05-23,aFRR,NEG_027,-15.0,GRID_TO_PROVIDER,5.0,5.0,SK,ENTSO-E BalancingEnergyBids
20260523035-AFRR_P-UNIT_068-1,2026-05-23,aFRR,POS_027,132.0,PROVIDER_TO_GRID,1.0,1.0,SK,ENTSO-E BalancingEnergyBids
20260523035-AFRR_P-UNIT_065-1,2026-05-23,aFRR,POS_027,190.07,PROVIDER_TO_GRID,12.0,12.0,SK,ENTSO-E BalancingEnergyBids
20260523035-AFRR_P-UNIT_052-1,2026-05-23,aFRR,POS_027,150.0,PROVIDER_TO_GRID,27.0,27.0,SK,ENTSO-E BalancingEnergyBids
20260523035-AFRR_P-UNIT_047-1,2026-05-23,aFRR,POS_027,500.0,PROVIDER_TO_GRID,10.0,10.0,SK,ENTSO-E BalancingEnergyBids
20260523035-AFRR_P-UNIT_051-1,2026-05-23,aFRR,POS_027,350.0,PROVIDER_TO_GRID,17.0,17.0,SK,ENTSO-E BalancingEnergyBids
20260523035-AFRR_P-UNIT_069-1,2026-05-23,aFRR,POS_027,135.0,PROVIDER_TO_GRID,15.0,15.0,SK,ENTSO-E BalancingEnergyBids
20260523035-AFRR_P-UNIT_058-1,2026-05-23,aFRR,POS_027,200.0,PROVIDER_TO_GRID,1.0,1.0,SK,ENTSO-E BalancingEnergyBids
20260523035-AFRR_P-UNIT_062-1,2026-05-23,aFRR,POS_027,105.0,PROVIDER_TO_GRID,5.0,5.0,SK,ENTSO-E BalancingEnergyBids
20260523035-AFRR_P-UNIT_043-1,2026-05-23,aFRR,POS_027,105.0,PROVIDER_TO_GRID,5.0,5.0,SK,ENTSO-E BalancingEnergyBids
20260523035-AFRR_P-UNIT_063-1,2026-05-23,aFRR,POS_027,110.0,PROVIDER_TO_GRID,10.0,10.0,SK,ENTSO-E BalancingEnergyBids
20260523035-AFRR_P-UNIT_078-1,2026-05-23,aFRR,POS_027,749.0,PROVIDER_TO_GRID,3.0,3.0,SK,ENTSO-E BalancingEnergyBids
20260523035-AFRR_P-UNIT_104-1,2026-05-23,aFRR,POS_027,750.0,PROVIDER_TO_GRID,11.0,11.0,SK,ENTSO-E BalancingEnergyBids
20260523035-AFRR_P-UNIT_097-1,2026-05-23,aFRR,POS_027,85.0,PROVIDER_TO_GRID,2.0,2.0,SK,ENTSO-E BalancingEnergyBids
20260523035-AFRR_P-UNIT_009-1,2026-05-23,aFRR,POS_027,190.07,PROVIDER_TO_GRID,3.0,3.0,SK,ENTSO-E BalancingEnergyBids
20260523035-AFRR_P-UNIT_019-1,2026-05-23,aFRR,POS_027,144.0,PROVIDER_TO_GRID,1.0,1.0,SK,ENTSO-E BalancingEnergyBids
20260523035-AFRR_P-UNIT_106-1,2026-05-23,aFRR,POS_027,300.0,PROVIDER_TO_GRID,1.0,1.0,SK,ENTSO-E BalancingEnergyBids
20260523035-AFRR_P-UNIT_123-1,2026-05-23,aFRR,POS_027,189.0,PROVIDER_TO_GRID,8.0,8.0,SK,ENTSO-E BalancingEnergyBids
20260523035-AFRR_N-UNIT_068-1,2026-05-23,aFRR,NEG_027,-5.0,GRID_TO_PROVIDER,1.0,1.0,SK,ENTSO-E BalancingEnergyBids
20260523035-AFRR_N-UNIT_052-1,2026-05-23,aFRR,NEG_027,-30.0,GRID_TO_PROVIDER,11.0,11.0,SK,ENTSO-E BalancingEnergyBids
20260523035-AFRR_N-UNIT_051-1,2026-05-23,aFRR,NEG_027,-144.0,GRID_TO_PROVIDER,5.0,5.0,SK,ENTSO-E BalancingEnergyBids
20260523035-AFRR_N-UNIT_069-1,2026-05-23,aFRR,NEG_027,-250.0,GRID_TO_PROVIDER,12.0,12.0,SK,ENTSO-E BalancingEnergyBids
20260523035-AFRR_N-UNIT_058-1,2026-05-23,aFRR,NEG_027,-50.0,GRID_TO_PROVIDER,2.0,2.0,SK,ENTSO-E BalancingEnergyBids
20260523035-AFRR_N-UNIT_010-1,2026-05-23,aFRR,NEG_027,-10.0,GRID_TO_PROVIDER,30.0,30.0,SK,ENTSO-E BalancingEnergyBids
20260523035-AFRR_N-UNIT_043-1,2026-05-23,aFRR,NEG_027,-29.0,GRID_TO_PROVIDER,5.0,5.0,SK,ENTSO-E BalancingEnergyBids
20260523035-AFRR_N-UNIT_104-1,2026-05-23,aFRR,NEG_027,0.0,GRID_TO_PROVIDER,4.0,4.0,SK,ENTSO-E BalancingEnergyBids
20260523035-AFRR_N-UNIT_089-1,2026-05-23,aFRR,NEG_027,-234.36,GRID_TO_PROVIDER,3.0,3.0,SK,ENTSO-E BalancingEnergyBids
20260523035-AFRR_N-UNIT_097-1,2026-05-23,aFRR,NEG_027,0.0,GRID_TO_PROVIDER,5.0,5.0,SK,ENTSO-E BalancingEnergyBids
20260523035-AFRR_N-UNIT_019-1,2026-05-23,aFRR,NEG_027,-199.0,GRID_TO_PROVIDER,1.0,1.0,SK,ENTSO-E BalancingEnergyBids
20260523035-AFRR_N-UNIT_106-1,2026-05-23,aFRR,NEG_027,-19.0,GRID_TO_PROVIDER,1.0,1.0,SK,ENTSO-E BalancingEnergyBids
20260523035-AFRR_N-UNIT_123-1,2026-05-23,aFRR,NEG_027,-5.0,GRID_TO_PROVIDER,6.0,6.0,SK,ENTSO-E BalancingEnergyBids
20260523036-AFRR_P-UNIT_028-1,2026-05-23,aFRR,POS_028,5.0,PROVIDER_TO_GRID,5.0,5.0,SK,ENTSO-E BalancingEnergyBids
20260523036-AFRR_N-UNIT_028-1,2026-05-23,aFRR,NEG_028,-15.0,GRID_TO_PROVIDER,5.0,5.0,SK,ENTSO-E BalancingEnergyBids
20260523036-AFRR_P-UNIT_068-1,2026-05-23,aFRR,POS_028,132.0,PROVIDER_TO_GRID,1.0,1.0,SK,ENTSO-E BalancingEnergyBids
20260523036-AFRR_P-UNIT_065-1,2026-05-23,aFRR,POS_028,190.07,PROVIDER_TO_GRID,12.0,12.0,SK,ENTSO-E BalancingEnergyBids
20260523036-AFRR_P-UNIT_052-1,2026-05-23,aFRR,POS_028,150.0,PROVIDER_TO_GRID,27.0,27.0,SK,ENTSO-E BalancingEnergyBids
20260523036-AFRR_P-UNIT_047-1,2026-05-23,aFRR,POS_028,500.0,PROVIDER_TO_GRID,10.0,10.0,SK,ENTSO-E BalancingEnergyBids
20260523036-AFRR_P-UNIT_051-1,2026-05-23,aFRR,POS_028,350.0,PROVIDER_TO_GRID,17.0,17.0,SK,ENTSO-E BalancingEnergyBids
20260523036-AFRR_P-UNIT_069-1,2026-05-23,aFRR,POS_028,135.0,PROVIDER_TO_GRID,15.0,15.0,SK,ENTSO-E BalancingEnergyBids
20260523036-AFRR_P-UNIT_058-1,2026-05-23,aFRR,POS_028,200.0,PROVIDER_TO_GRID,1.0,1.0,SK,ENTSO-E BalancingEnergyBids
20260523036-AFRR_P-UNIT_062-1,2026-05-23,aFRR,POS_028,105.0,PROVIDER_TO_GRID,5.0,5.0,SK,ENTSO-E BalancingEnergyBids
20260523036-AFRR_P-UNIT_043-1,2026-05-23,aFRR,POS_028,105.0,PROVIDER_TO_GRID,5.0,5.0,SK,ENTSO-E BalancingEnergyBids
20260523036-AFRR_P-UNIT_063-1,2026-05-23,aFRR,POS_028,110.0,PROVIDER_TO_GRID,10.0,10.0,SK,ENTSO-E BalancingEnergyBids
20260523036-AFRR_P-UNIT_078-1,2026-05-23,aFRR,POS_028,749.0,PROVIDER_TO_GRID,3.0,3.0,SK,ENTSO-E BalancingEnergyBids
20260523036-AFRR_P-UNIT_104-1,2026-05-23,aFRR,POS_028,750.0,PROVIDER_TO_GRID,11.0,11.0,SK,ENTSO-E BalancingEnergyBids
20260523036-AFRR_P-UNIT_097-1,2026-05-23,aFRR,POS_028,85.0,PROVIDER_TO_GRID,2.0,2.0,SK,ENTSO-E BalancingEnergyBids
20260523036-AFRR_P-UNIT_009-1,2026-05-23,aFRR,POS_028,190.07,PROVIDER_TO_GRID,3.0,3.0,SK,ENTSO-E BalancingEnergyBids
20260523036-AFRR_P-UNIT_019-1,2026-05-23,aFRR,POS_028,127.0,PROVIDER_TO_GRID,1.0,1.0,SK,ENTSO-E BalancingEnergyBids
20260523036-AFRR_P-UNIT_106-1,2026-05-23,aFRR,POS_028,300.0,PROVIDER_TO_GRID,1.0,1.0,SK,ENTSO-E BalancingEnergyBids
20260523036-AFRR_P-UNIT_123-1,2026-05-23,aFRR,POS_028,189.0,PROVIDER_TO_GRID,8.0,8.0,SK,ENTSO-E BalancingEnergyBids
20260523036-AFRR_N-UNIT_068-1,2026-05-23,aFRR,NEG_028,-5.0,GRID_TO_PROVIDER,1.0,1.0,SK,ENTSO-E BalancingEnergyBids
20260523036-AFRR_N-UNIT_052-1,2026-05-23,aFRR,NEG_028,-30.0,GRID_TO_PROVIDER,11.0,11.0,SK,ENTSO-E BalancingEnergyBids
20260523036-AFRR_N-UNIT_051-1,2026-05-23,aFRR,NEG_028,-144.0,GRID_TO_PROVIDER,5.0,5.0,SK,ENTSO-E BalancingEnergyBids
20260523036-AFRR_N-UNIT_069-1,2026-05-23,aFRR,NEG_028,-250.0,GRID_TO_PROVIDER,12.0,12.0,SK,ENTSO-E BalancingEnergyBids
20260523036-AFRR_N-UNIT_058-1,2026-05-23,aFRR,NEG_028,-50.0,GRID_TO_PROVIDER,2.0,2.0,SK,ENTSO-E BalancingEnergyBids
20260523036-AFRR_N-UNIT_010-1,2026-05-23,aFRR,NEG_028,-10.0,GRID_TO_PROVIDER,30.0,30.0,SK,ENTSO-E BalancingEnergyBids
20260523036-AFRR_N-UNIT_043-1,2026-05-23,aFRR,NEG_028,-29.0,GRID_TO_PROVIDER,5.0,5.0,SK,ENTSO-E BalancingEnergyBids
20260523036-AFRR_N-UNIT_104-1,2026-05-23,aFRR,NEG_028,0.0,GRID_TO_PROVIDER,4.0,4.0,SK,ENTSO-E BalancingEnergyBids
20260523036-AFRR_N-UNIT_089-1,2026-05-23,aFRR,NEG_028,-252.08,GRID_TO_PROVIDER,3.0,3.0,SK,ENTSO-E BalancingEnergyBids
20260523036-AFRR_N-UNIT_097-1,2026-05-23,aFRR,NEG_028,0.0,GRID_TO_PROVIDER,5.0,5.0,SK,ENTSO-E BalancingEnergyBids
20260523036-AFRR_N-UNIT_019-1,2026-05-23,aFRR,NEG_028,-199.0,GRID_TO_PROVIDER,1.0,1.0,SK,ENTSO-E BalancingEnergyBids
20260523036-AFRR_N-UNIT_106-1,2026-05-23,aFRR,NEG_028,-19.0,GRID_TO_PROVIDER,1.0,1.0,SK,ENTSO-E BalancingEnergyBids
20260523036-AFRR_N-UNIT_123-1,2026-05-23,aFRR,NEG_028,-5.0,GRID_TO_PROVIDER,6.0,6.0,SK,ENTSO-E BalancingEnergyBids
20260523037-AFRR_P-UNIT_028-1,2026-05-23,aFRR,POS_029,5.0,PROVIDER_TO_GRID,5.0,5.0,SK,ENTSO-E BalancingEnergyBids
20260523037-AFRR_N-UNIT_028-1,2026-05-23,aFRR,NEG_029,-25.0,GRID_TO_PROVIDER,5.0,5.0,SK,ENTSO-E BalancingEnergyBids
20260523037-AFRR_P-UNIT_068-1,2026-05-23,aFRR,POS_029,132.0,PROVIDER_TO_GRID,1.0,1.0,SK,ENTSO-E BalancingEnergyBids
20260523037-AFRR_P-UNIT_065-1,2026-05-23,aFRR,POS_029,190.07,PROVIDER_TO_GRID,12.0,12.0,SK,ENTSO-E BalancingEnergyBids
20260523037-AFRR_P-UNIT_052-1,2026-05-23,aFRR,POS_029,150.0,PROVIDER_TO_GRID,31.0,31.0,SK,ENTSO-E BalancingEnergyBids
20260523037-AFRR_P-UNIT_047-1,2026-05-23,aFRR,POS_029,500.0,PROVIDER_TO_GRID,10.0,10.0,SK,ENTSO-E BalancingEnergyBids
20260523037-AFRR_P-UNIT_051-1,2026-05-23,aFRR,POS_029,350.0,PROVIDER_TO_GRID,17.0,17.0,SK,ENTSO-E BalancingEnergyBids
20260523037-AFRR_P-UNIT_069-1,2026-05-23,aFRR,POS_029,135.0,PROVIDER_TO_GRID,15.0,15.0,SK,ENTSO-E BalancingEnergyBids
20260523037-AFRR_P-UNIT_058-1,2026-05-23,aFRR,POS_029,200.0,PROVIDER_TO_GRID,1.0,1.0,SK,ENTSO-E BalancingEnergyBids
20260523037-AFRR_P-UNIT_013-1,2026-05-23,aFRR,POS_029,190.07,PROVIDER_TO_GRID,20.0,20.0,SK,ENTSO-E BalancingEnergyBids
20260523037-AFRR_P-UNIT_062-1,2026-05-23,aFRR,POS_029,105.0,PROVIDER_TO_GRID,5.0,5.0,SK,ENTSO-E BalancingEnergyBids
20260523037-AFRR_P-UNIT_043-1,2026-05-23,aFRR,POS_029,105.0,PROVIDER_TO_GRID,3.0,3.0,SK,ENTSO-E BalancingEnergyBids
20260523037-AFRR_P-UNIT_063-1,2026-05-23,aFRR,POS_029,110.0,PROVIDER_TO_GRID,10.0,10.0,SK,ENTSO-E BalancingEnergyBids
20260523037-AFRR_P-UNIT_078-1,2026-05-23,aFRR,POS_029,749.0,PROVIDER_TO_GRID,3.0,3.0,SK,ENTSO-E BalancingEnergyBids
20260523037-AFRR_P-UNIT_104-1,2026-05-23,aFRR,POS_029,750.0,PROVIDER_TO_GRID,11.0,11.0,SK,ENTSO-E BalancingEnergyBids
20260523037-AFRR_P-UNIT_097-1,2026-05-23,aFRR,POS_029,85.0,PROVIDER_TO_GRID,2.0,2.0,SK,ENTSO-E BalancingEnergyBids
20260523037-AFRR_P-UNIT_019-1,2026-05-23,aFRR,POS_029,130.0,PROVIDER_TO_GRID,1.0,1.0,SK,ENTSO-E BalancingEnergyBids
20260523037-AFRR_P-UNIT_106-1,2026-05-23,aFRR,POS_029,300.0,PROVIDER_TO_GRID,1.0,1.0,SK,ENTSO-E BalancingEnergyBids
20260523037-AFRR_P-UNIT_123-1,2026-05-23,aFRR,POS_029,189.0,PROVIDER_TO_GRID,8.0,8.0,SK,ENTSO-E BalancingEnergyBids
20260523037-AFRR_N-UNIT_068-1,2026-05-23,aFRR,NEG_029,-5.0,GRID_TO_PROVIDER,1.0,1.0,SK,ENTSO-E BalancingEnergyBids
20260523037-AFRR_N-UNIT_052-1,2026-05-23,aFRR,NEG_029,-30.0,GRID_TO_PROVIDER,6.0,6.0,SK,ENTSO-E BalancingEnergyBids
20260523037-AFRR_N-UNIT_051-1,2026-05-23,aFRR,NEG_029,-144.0,GRID_TO_PROVIDER,5.0,5.0,SK,ENTSO-E BalancingEnergyBids
20260523037-AFRR_N-UNIT_069-1,2026-05-23,aFRR,NEG_029,-250.0,GRID_TO_PROVIDER,12.0,12.0,SK,ENTSO-E BalancingEnergyBids
20260523037-AFRR_N-UNIT_058-1,2026-05-23,aFRR,NEG_029,-50.0,GRID_TO_PROVIDER,2.0,2.0,SK,ENTSO-E BalancingEnergyBids
20260523037-AFRR_N-UNIT_013-1,2026-05-23,aFRR,NEG_029,-10.0,GRID_TO_PROVIDER,8.0,8.0,SK,ENTSO-E BalancingEnergyBids
20260523037-AFRR_N-UNIT_043-1,2026-05-23,aFRR,NEG_029,-29.0,GRID_TO_PROVIDER,2.0,2.0,SK,ENTSO-E BalancingEnergyBids
20260523037-AFRR_N-UNIT_104-1,2026-05-23,aFRR,NEG_029,0.0,GRID_TO_PROVIDER,4.0,4.0,SK,ENTSO-E BalancingEnergyBids
20260523037-AFRR_N-UNIT_089-1,2026-05-23,aFRR,NEG_029,-254.6,GRID_TO_PROVIDER,3.0,3.0,SK,ENTSO-E BalancingEnergyBids
20260523037-AFRR_N-UNIT_097-1,2026-05-23,aFRR,NEG_029,0.0,GRID_TO_PROVIDER,5.0,5.0,SK,ENTSO-E BalancingEnergyBids
20260523037-AFRR_N-UNIT_019-1,2026-05-23,aFRR,NEG_029,-199.0,GRID_TO_PROVIDER,1.0,1.0,SK,ENTSO-E BalancingEnergyBids
20260523037-AFRR_N-UNIT_106-1,2026-05-23,aFRR,NEG_029,-19.0,GRID_TO_PROVIDER,1.0,1.0,SK,ENTSO-E BalancingEnergyBids
20260523037-AFRR_N-UNIT_123-1,2026-05-23,aFRR,NEG_029,-5.0,GRID_TO_PROVIDER,5.0,5.0,SK,ENTSO-E BalancingEnergyBids
20260523038-AFRR_P-UNIT_028-1,2026-05-23,aFRR,POS_030,5.0,PROVIDER_TO_GRID,5.0,5.0,SK,ENTSO-E BalancingEnergyBids
20260523038-AFRR_N-UNIT_028-1,2026-05-23,aFRR,NEG_030,-25.0,GRID_TO_PROVIDER,5.0,5.0,SK,ENTSO-E BalancingEnergyBids
20260523038-AFRR_P-UNIT_068-1,2026-05-23,aFRR,POS_030,132.0,PROVIDER_TO_GRID,1.0,1.0,SK,ENTSO-E BalancingEnergyBids
20260523038-AFRR_P-UNIT_065-1,2026-05-23,aFRR,POS_030,190.07,PROVIDER_TO_GRID,12.0,12.0,SK,ENTSO-E BalancingEnergyBids
20260523038-AFRR_P-UNIT_052-1,2026-05-23,aFRR,POS_030,150.0,PROVIDER_TO_GRID,31.0,31.0,SK,ENTSO-E BalancingEnergyBids
20260523038-AFRR_P-UNIT_047-1,2026-05-23,aFRR,POS_030,500.0,PROVIDER_TO_GRID,10.0,10.0,SK,ENTSO-E BalancingEnergyBids
20260523038-AFRR_P-UNIT_051-1,2026-05-23,aFRR,POS_030,350.0,PROVIDER_TO_GRID,17.0,17.0,SK,ENTSO-E BalancingEnergyBids
20260523038-AFRR_P-UNIT_069-1,2026-05-23,aFRR,POS_030,135.0,PROVIDER_TO_GRID,15.0,15.0,SK,ENTSO-E BalancingEnergyBids
20260523038-AFRR_P-UNIT_058-1,2026-05-23,aFRR,POS_030,200.0,PROVIDER_TO_GRID,1.0,1.0,SK,ENTSO-E BalancingEnergyBids
20260523038-AFRR_P-UNIT_013-1,2026-05-23,aFRR,POS_030,190.07,PROVIDER_TO_GRID,20.0,20.0,SK,ENTSO-E BalancingEnergyBids
20260523038-AFRR_P-UNIT_062-1,2026-05-23,aFRR,POS_030,105.0,PROVIDER_TO_GRID,5.0,5.0,SK,ENTSO-E BalancingEnergyBids
20260523038-AFRR_P-UNIT_043-1,2026-05-23,aFRR,POS_030,105.0,PROVIDER_TO_GRID,3.0,3.0,SK,ENTSO-E BalancingEnergyBids
20260523038-AFRR_P-UNIT_063-1,2026-05-23,aFRR,POS_030,110.0,PROVIDER_TO_GRID,10.0,10.0,SK,ENTSO-E BalancingEnergyBids
20260523038-AFRR_P-UNIT_078-1,2026-05-23,aFRR,POS_030,749.0,PROVIDER_TO_GRID,3.0,3.0,SK,ENTSO-E BalancingEnergyBids
20260523038-AFRR_P-UNIT_104-1,2026-05-23,aFRR,POS_030,750.0,PROVIDER_TO_GRID,11.0,11.0,SK,ENTSO-E BalancingEnergyBids
20260523038-AFRR_P-UNIT_097-1,2026-05-23,aFRR,POS_030,85.0,PROVIDER_TO_GRID,2.0,2.0,SK,ENTSO-E BalancingEnergyBids
20260523038-AFRR_P-UNIT_019-1,2026-05-23,aFRR,POS_030,125.0,PROVIDER_TO_GRID,1.0,1.0,SK,ENTSO-E BalancingEnergyBids
20260523038-AFRR_P-UNIT_106-1,2026-05-23,aFRR,POS_030,300.0,PROVIDER_TO_GRID,1.0,1.0,SK,ENTSO-E BalancingEnergyBids
20260523038-AFRR_P-UNIT_123-1,2026-05-23,aFRR,POS_030,189.0,PROVIDER_TO_GRID,8.0,8.0,SK,ENTSO-E BalancingEnergyBids
20260523038-AFRR_N-UNIT_068-1,2026-05-23,aFRR,NEG_030,-5.0,GRID_TO_PROVIDER,1.0,1.0,SK,ENTSO-E BalancingEnergyBids
20260523038-AFRR_N-UNIT_052-1,2026-05-23,aFRR,NEG_030,-30.0,GRID_TO_PROVIDER,6.0,6.0,SK,ENTSO-E BalancingEnergyBids
20260523038-AFRR_N-UNIT_051-1,2026-05-23,aFRR,NEG_030,-144.0,GRID_TO_PROVIDER,5.0,5.0,SK,ENTSO-E BalancingEnergyBids
20260523038-AFRR_N-UNIT_069-1,2026-05-23,aFRR,NEG_030,-250.0,GRID_TO_PROVIDER,12.0,12.0,SK,ENTSO-E BalancingEnergyBids
20260523038-AFRR_N-UNIT_058-1,2026-05-23,aFRR,NEG_030,-50.0,GRID_TO_PROVIDER,2.0,2.0,SK,ENTSO-E BalancingEnergyBids
20260523038-AFRR_N-UNIT_013-1,2026-05-23,aFRR,NEG_030,-10.0,GRID_TO_PROVIDER,8.0,8.0,SK,ENTSO-E BalancingEnergyBids
20260523038-AFRR_N-UNIT_043-1,2026-05-23,aFRR,NEG_030,-29.0,GRID_TO_PROVIDER,2.0,2.0,SK,ENTSO-E BalancingEnergyBids
20260523038-AFRR_N-UNIT_104-1,2026-05-23,aFRR,NEG_030,0.0,GRID_TO_PROVIDER,4.0,4.0,SK,ENTSO-E BalancingEnergyBids
20260523038-AFRR_N-UNIT_089-1,2026-05-23,aFRR,NEG_030,-259.0,GRID_TO_PROVIDER,3.0,3.0,SK,ENTSO-E BalancingEnergyBids
20260523038-AFRR_N-UNIT_097-1,2026-05-23,aFRR,NEG_030,0.0,GRID_TO_PROVIDER,5.0,5.0,SK,ENTSO-E BalancingEnergyBids
20260523038-AFRR_N-UNIT_019-1,2026-05-23,aFRR,NEG_030,-199.0,GRID_TO_PROVIDER,1.0,1.0,SK,ENTSO-E BalancingEnergyBids
20260523038-AFRR_N-UNIT_106-1,2026-05-23,aFRR,NEG_030,-19.0,GRID_TO_PROVIDER,1.0,1.0,SK,ENTSO-E BalancingEnergyBids
20260523038-AFRR_N-UNIT_123-1,2026-05-23,aFRR,NEG_030,-5.0,GRID_TO_PROVIDER,5.0,5.0,SK,ENTSO-E BalancingEnergyBids
20260523039-AFRR_P-UNIT_028-1,2026-05-23,aFRR,POS_031,5.0,PROVIDER_TO_GRID,5.0,5.0,SK,ENTSO-E BalancingEnergyBids
20260523039-AFRR_N-UNIT_028-1,2026-05-23,aFRR,NEG_031,-25.0,GRID_TO_PROVIDER,5.0,5.0,SK,ENTSO-E BalancingEnergyBids
20260523039-AFRR_P-UNIT_068-1,2026-05-23,aFRR,POS_031,132.0,PROVIDER_TO_GRID,1.0,1.0,SK,ENTSO-E BalancingEnergyBids
20260523039-AFRR_P-UNIT_065-1,2026-05-23,aFRR,POS_031,190.07,PROVIDER_TO_GRID,12.0,12.0,SK,ENTSO-E BalancingEnergyBids
20260523039-AFRR_P-UNIT_052-1,2026-05-23,aFRR,POS_031,150.0,PROVIDER_TO_GRID,31.0,31.0,SK,ENTSO-E BalancingEnergyBids
20260523039-AFRR_P-UNIT_047-1,2026-05-23,aFRR,POS_031,500.0,PROVIDER_TO_GRID,10.0,10.0,SK,ENTSO-E BalancingEnergyBids
20260523039-AFRR_P-UNIT_051-1,2026-05-23,aFRR,POS_031,350.0,PROVIDER_TO_GRID,17.0,17.0,SK,ENTSO-E BalancingEnergyBids
20260523039-AFRR_P-UNIT_069-1,2026-05-23,aFRR,POS_031,135.0,PROVIDER_TO_GRID,15.0,15.0,SK,ENTSO-E BalancingEnergyBids
20260523039-AFRR_P-UNIT_058-1,2026-05-23,aFRR,POS_031,200.0,PROVIDER_TO_GRID,1.0,1.0,SK,ENTSO-E BalancingEnergyBids
20260523039-AFRR_P-UNIT_013-1,2026-05-23,aFRR,POS_031,190.07,PROVIDER_TO_GRID,20.0,20.0,SK,ENTSO-E BalancingEnergyBids
20260523039-AFRR_P-UNIT_062-1,2026-05-23,aFRR,POS_031,105.0,PROVIDER_TO_GRID,5.0,5.0,SK,ENTSO-E BalancingEnergyBids
20260523039-AFRR_P-UNIT_043-1,2026-05-23,aFRR,POS_031,105.0,PROVIDER_TO_GRID,3.0,3.0,SK,ENTSO-E BalancingEnergyBids
20260523039-AFRR_P-UNIT_063-1,2026-05-23,aFRR,POS_031,110.0,PROVIDER_TO_GRID,10.0,10.0,SK,ENTSO-E BalancingEnergyBids
20260523039-AFRR_P-UNIT_078-1,2026-05-23,aFRR,POS_031,749.0,PROVIDER_TO_GRID,3.0,3.0,SK,ENTSO-E BalancingEnergyBids
20260523039-AFRR_P-UNIT_104-1,2026-05-23,aFRR,POS_031,750.0,PROVIDER_TO_GRID,11.0,11.0,SK,ENTSO-E BalancingEnergyBids
20260523039-AFRR_P-UNIT_097-1,2026-05-23,aFRR,POS_031,85.0,PROVIDER_TO_GRID,2.0,2.0,SK,ENTSO-E BalancingEnergyBids
20260523039-AFRR_P-UNIT_019-1,2026-05-23,aFRR,POS_031,124.0,PROVIDER_TO_GRID,1.0,1.0,SK,ENTSO-E BalancingEnergyBids
20260523039-AFRR_P-UNIT_106-1,2026-05-23,aFRR,POS_031,300.0,PROVIDER_TO_GRID,1.0,1.0,SK,ENTSO-E BalancingEnergyBids
20260523039-AFRR_P-UNIT_123-1,2026-05-23,aFRR,POS_031,189.0,PROVIDER_TO_GRID,8.0,8.0,SK,ENTSO-E BalancingEnergyBids
20260523039-AFRR_N-UNIT_068-1,2026-05-23,aFRR,NEG_031,-5.0,GRID_TO_PROVIDER,1.0,1.0,SK,ENTSO-E BalancingEnergyBids
20260523039-AFRR_N-UNIT_052-1,2026-05-23,aFRR,NEG_031,-30.0,GRID_TO_PROVIDER,6.0,6.0,SK,ENTSO-E BalancingEnergyBids
20260523039-AFRR_N-UNIT_051-1,2026-05-23,aFRR,NEG_031,-144.0,GRID_TO_PROVIDER,5.0,5.0,SK,ENTSO-E BalancingEnergyBids
20260523039-AFRR_N-UNIT_069-1,2026-05-23,aFRR,NEG_031,-250.0,GRID_TO_PROVIDER,12.0,12.0,SK,ENTSO-E BalancingEnergyBids
20260523039-AFRR_N-UNIT_058-1,2026-05-23,aFRR,NEG_031,-50.0,GRID_TO_PROVIDER,2.0,2.0,SK,ENTSO-E BalancingEnergyBids
20260523039-AFRR_N-UNIT_013-1,2026-05-23,aFRR,NEG_031,-10.0,GRID_TO_PROVIDER,8.0,8.0,SK,ENTSO-E BalancingEnergyBids
20260523039-AFRR_N-UNIT_043-1,2026-05-23,aFRR,NEG_031,-29.0,GRID_TO_PROVIDER,2.0,2.0,SK,ENTSO-E BalancingEnergyBids
20260523039-AFRR_N-UNIT_104-1,2026-05-23,aFRR,NEG_031,0.0,GRID_TO_PROVIDER,4.0,4.0,SK,ENTSO-E BalancingEnergyBids
20260523039-AFRR_N-UNIT_089-1,2026-05-23,aFRR,NEG_031,-260.0,GRID_TO_PROVIDER,3.0,3.0,SK,ENTSO-E BalancingEnergyBids
20260523039-AFRR_N-UNIT_097-1,2026-05-23,aFRR,NEG_031,0.0,GRID_TO_PROVIDER,5.0,5.0,SK,ENTSO-E BalancingEnergyBids
20260523039-AFRR_N-UNIT_019-1,2026-05-23,aFRR,NEG_031,-199.0,GRID_TO_PROVIDER,1.0,1.0,SK,ENTSO-E BalancingEnergyBids
20260523039-AFRR_N-UNIT_106-1,2026-05-23,aFRR,NEG_031,-19.0,GRID_TO_PROVIDER,1.0,1.0,SK,ENTSO-E BalancingEnergyBids
20260523039-AFRR_N-UNIT_123-1,2026-05-23,aFRR,NEG_031,-5.0,GRID_TO_PROVIDER,5.0,5.0,SK,ENTSO-E BalancingEnergyBids
20260523040-AFRR_P-UNIT_068-1,2026-05-23,aFRR,POS_032,132.0,PROVIDER_TO_GRID,1.0,1.0,SK,ENTSO-E BalancingEnergyBids
20260523040-AFRR_P-UNIT_065-1,2026-05-23,aFRR,POS_032,190.07,PROVIDER_TO_GRID,12.0,12.0,SK,ENTSO-E BalancingEnergyBids
20260523040-AFRR_P-UNIT_052-1,2026-05-23,aFRR,POS_032,150.0,PROVIDER_TO_GRID,31.0,31.0,SK,ENTSO-E BalancingEnergyBids
20260523040-AFRR_P-UNIT_047-1,2026-05-23,aFRR,POS_032,500.0,PROVIDER_TO_GRID,10.0,10.0,SK,ENTSO-E BalancingEnergyBids
20260523040-AFRR_P-UNIT_051-1,2026-05-23,aFRR,POS_032,350.0,PROVIDER_TO_GRID,17.0,17.0,SK,ENTSO-E BalancingEnergyBids
20260523040-AFRR_P-UNIT_069-1,2026-05-23,aFRR,POS_032,135.0,PROVIDER_TO_GRID,15.0,15.0,SK,ENTSO-E BalancingEnergyBids
20260523040-AFRR_P-UNIT_058-1,2026-05-23,aFRR,POS_032,200.0,PROVIDER_TO_GRID,1.0,1.0,SK,ENTSO-E BalancingEnergyBids
20260523040-AFRR_P-UNIT_013-1,2026-05-23,aFRR,POS_032,190.07,PROVIDER_TO_GRID,20.0,20.0,SK,ENTSO-E BalancingEnergyBids
20260523040-AFRR_P-UNIT_062-1,2026-05-23,aFRR,POS_032,105.0,PROVIDER_TO_GRID,5.0,5.0,SK,ENTSO-E BalancingEnergyBids
20260523040-AFRR_P-UNIT_043-1,2026-05-23,aFRR,POS_032,105.0,PROVIDER_TO_GRID,3.0,3.0,SK,ENTSO-E BalancingEnergyBids
20260523040-AFRR_P-UNIT_063-1,2026-05-23,aFRR,POS_032,110.0,PROVIDER_TO_GRID,10.0,10.0,SK,ENTSO-E BalancingEnergyBids
20260523040-AFRR_P-UNIT_078-1,2026-05-23,aFRR,POS_032,749.0,PROVIDER_TO_GRID,3.0,3.0,SK,ENTSO-E BalancingEnergyBids
20260523040-AFRR_P-UNIT_104-1,2026-05-23,aFRR,POS_032,750.0,PROVIDER_TO_GRID,11.0,11.0,SK,ENTSO-E BalancingEnergyBids
20260523040-AFRR_P-UNIT_097-1,2026-05-23,aFRR,POS_032,85.0,PROVIDER_TO_GRID,2.0,2.0,SK,ENTSO-E BalancingEnergyBids
20260523040-AFRR_P-UNIT_019-1,2026-05-23,aFRR,POS_032,122.0,PROVIDER_TO_GRID,1.0,1.0,SK,ENTSO-E BalancingEnergyBids
20260523040-AFRR_P-UNIT_106-1,2026-05-23,aFRR,POS_032,300.0,PROVIDER_TO_GRID,1.0,1.0,SK,ENTSO-E BalancingEnergyBids
20260523040-AFRR_P-UNIT_123-1,2026-05-23,aFRR,POS_032,189.0,PROVIDER_TO_GRID,8.0,8.0,SK,ENTSO-E BalancingEnergyBids
20260523040-AFRR_N-UNIT_068-1,2026-05-23,aFRR,NEG_032,-5.0,GRID_TO_PROVIDER,1.0,1.0,SK,ENTSO-E BalancingEnergyBids
20260523040-AFRR_N-UNIT_052-1,2026-05-23,aFRR,NEG_032,-30.0,GRID_TO_PROVIDER,6.0,6.0,SK,ENTSO-E BalancingEnergyBids
20260523040-AFRR_N-UNIT_051-1,2026-05-23,aFRR,NEG_032,-144.0,GRID_TO_PROVIDER,5.0,5.0,SK,ENTSO-E BalancingEnergyBids
20260523040-AFRR_N-UNIT_069-1,2026-05-23,aFRR,NEG_032,-250.0,GRID_TO_PROVIDER,12.0,12.0,SK,ENTSO-E BalancingEnergyBids
20260523040-AFRR_N-UNIT_058-1,2026-05-23,aFRR,NEG_032,-50.0,GRID_TO_PROVIDER,2.0,2.0,SK,ENTSO-E BalancingEnergyBids
20260523040-AFRR_N-UNIT_013-1,2026-05-23,aFRR,NEG_032,-10.0,GRID_TO_PROVIDER,8.0,8.0,SK,ENTSO-E BalancingEnergyBids
20260523040-AFRR_N-UNIT_043-1,2026-05-23,aFRR,NEG_032,-29.0,GRID_TO_PROVIDER,2.0,2.0,SK,ENTSO-E BalancingEnergyBids
20260523040-AFRR_N-UNIT_104-1,2026-05-23,aFRR,NEG_032,0.0,GRID_TO_PROVIDER,4.0,4.0,SK,ENTSO-E BalancingEnergyBids
20260523040-AFRR_N-UNIT_089-1,2026-05-23,aFRR,NEG_032,-260.0,GRID_TO_PROVIDER,3.0,3.0,SK,ENTSO-E BalancingEnergyBids
20260523040-AFRR_N-UNIT_097-1,2026-05-23,aFRR,NEG_032,0.0,GRID_TO_PROVIDER,5.0,5.0,SK,ENTSO-E BalancingEnergyBids
20260523040-AFRR_N-UNIT_019-1,2026-05-23,aFRR,NEG_032,-199.0,GRID_TO_PROVIDER,1.0,1.0,SK,ENTSO-E BalancingEnergyBids
20260523040-AFRR_N-UNIT_106-1,2026-05-23,aFRR,NEG_032,-19.0,GRID_TO_PROVIDER,1.0,1.0,SK,ENTSO-E BalancingEnergyBids
20260523040-AFRR_N-UNIT_123-1,2026-05-23,aFRR,NEG_032,-5.0,GRID_TO_PROVIDER,5.0,5.0,SK,ENTSO-E BalancingEnergyBids
20260523040-AFRR_P-UNIT_028-1,2026-05-23,aFRR,POS_032,5.0,PROVIDER_TO_GRID,5.0,5.0,SK,ENTSO-E BalancingEnergyBids
20260523040-AFRR_N-UNIT_028-1,2026-05-23,aFRR,NEG_032,-25.0,GRID_TO_PROVIDER,5.0,5.0,SK,ENTSO-E BalancingEnergyBids
20260523041-AFRR_P-UNIT_068-1,2026-05-23,aFRR,POS_033,132.0,PROVIDER_TO_GRID,1.0,1.0,SK,ENTSO-E BalancingEnergyBids
20260523041-AFRR_P-UNIT_052-1,2026-05-23,aFRR,POS_033,140.0,PROVIDER_TO_GRID,31.0,31.0,SK,ENTSO-E BalancingEnergyBids
20260523041-AFRR_P-UNIT_047-1,2026-05-23,aFRR,POS_033,500.0,PROVIDER_TO_GRID,10.0,10.0,SK,ENTSO-E BalancingEnergyBids
20260523041-AFRR_P-UNIT_051-1,2026-05-23,aFRR,POS_033,350.0,PROVIDER_TO_GRID,17.0,17.0,SK,ENTSO-E BalancingEnergyBids
20260523041-AFRR_P-UNIT_069-1,2026-05-23,aFRR,POS_033,135.0,PROVIDER_TO_GRID,15.0,15.0,SK,ENTSO-E BalancingEnergyBids
20260523041-AFRR_P-UNIT_058-1,2026-05-23,aFRR,POS_033,200.0,PROVIDER_TO_GRID,1.0,1.0,SK,ENTSO-E BalancingEnergyBids
20260523041-AFRR_P-UNIT_013-1,2026-05-23,aFRR,POS_033,190.07,PROVIDER_TO_GRID,20.0,20.0,SK,ENTSO-E BalancingEnergyBids
20260523041-AFRR_P-UNIT_062-1,2026-05-23,aFRR,POS_033,105.0,PROVIDER_TO_GRID,5.0,5.0,SK,ENTSO-E BalancingEnergyBids
20260523041-AFRR_P-UNIT_043-1,2026-05-23,aFRR,POS_033,105.0,PROVIDER_TO_GRID,3.0,3.0,SK,ENTSO-E BalancingEnergyBids
20260523041-AFRR_P-UNIT_063-1,2026-05-23,aFRR,POS_033,110.0,PROVIDER_TO_GRID,10.0,10.0,SK,ENTSO-E BalancingEnergyBids
20260523041-AFRR_P-UNIT_078-1,2026-05-23,aFRR,POS_033,749.0,PROVIDER_TO_GRID,3.0,3.0,SK,ENTSO-E BalancingEnergyBids
20260523041-AFRR_P-UNIT_104-1,2026-05-23,aFRR,POS_033,750.0,PROVIDER_TO_GRID,11.0,11.0,SK,ENTSO-E BalancingEnergyBids
20260523041-AFRR_P-UNIT_097-1,2026-05-23,aFRR,POS_033,85.0,PROVIDER_TO_GRID,2.0,2.0,SK,ENTSO-E BalancingEnergyBids
20260523041-AFRR_P-UNIT_019-1,2026-05-23,aFRR,POS_033,124.0,PROVIDER_TO_GRID,1.0,1.0,SK,ENTSO-E BalancingEnergyBids
20260523041-AFRR_P-UNIT_106-1,2026-05-23,aFRR,POS_033,300.0,PROVIDER_TO_GRID,1.0,1.0,SK,ENTSO-E BalancingEnergyBids
20260523041-AFRR_P-UNIT_123-1,2026-05-23,aFRR,POS_033,189.0,PROVIDER_TO_GRID,8.0,8.0,SK,ENTSO-E BalancingEnergyBids
20260523041-AFRR_N-UNIT_068-1,2026-05-23,aFRR,NEG_033,-5.0,GRID_TO_PROVIDER,1.0,1.0,SK,ENTSO-E BalancingEnergyBids
20260523041-AFRR_N-UNIT_052-1,2026-05-23,aFRR,NEG_033,-30.0,GRID_TO_PROVIDER,6.0,6.0,SK,ENTSO-E BalancingEnergyBids
20260523041-AFRR_N-UNIT_051-1,2026-05-23,aFRR,NEG_033,-144.0,GRID_TO_PROVIDER,5.0,5.0,SK,ENTSO-E BalancingEnergyBids
20260523041-AFRR_N-UNIT_069-1,2026-05-23,aFRR,NEG_033,-250.0,GRID_TO_PROVIDER,12.0,12.0,SK,ENTSO-E BalancingEnergyBids
20260523041-AFRR_N-UNIT_058-1,2026-05-23,aFRR,NEG_033,-50.0,GRID_TO_PROVIDER,2.0,2.0,SK,ENTSO-E BalancingEnergyBids
20260523041-AFRR_N-UNIT_013-1,2026-05-23,aFRR,NEG_033,-10.0,GRID_TO_PROVIDER,8.0,8.0,SK,ENTSO-E BalancingEnergyBids
20260523041-AFRR_N-UNIT_010-1,2026-05-23,aFRR,NEG_033,-10.0,GRID_TO_PROVIDER,30.0,30.0,SK,ENTSO-E BalancingEnergyBids
20260523041-AFRR_N-UNIT_043-1,2026-05-23,aFRR,NEG_033,10.0,GRID_TO_PROVIDER,2.0,2.0,SK,ENTSO-E BalancingEnergyBids
20260523041-AFRR_N-UNIT_104-1,2026-05-23,aFRR,NEG_033,0.0,GRID_TO_PROVIDER,4.0,4.0,SK,ENTSO-E BalancingEnergyBids
20260523041-AFRR_N-UNIT_089-1,2026-05-23,aFRR,NEG_033,-260.01,GRID_TO_PROVIDER,3.0,3.0,SK,ENTSO-E BalancingEnergyBids
20260523041-AFRR_N-UNIT_097-1,2026-05-23,aFRR,NEG_033,-50.0,GRID_TO_PROVIDER,5.0,5.0,SK,ENTSO-E BalancingEnergyBids
20260523041-AFRR_N-UNIT_019-1,2026-05-23,aFRR,NEG_033,-199.0,GRID_TO_PROVIDER,1.0,1.0,SK,ENTSO-E BalancingEnergyBids
20260523041-AFRR_N-UNIT_106-1,2026-05-23,aFRR,NEG_033,-19.0,GRID_TO_PROVIDER,1.0,1.0,SK,ENTSO-E BalancingEnergyBids
20260523041-AFRR_N-UNIT_123-1,2026-05-23,aFRR,NEG_033,-5.0,GRID_TO_PROVIDER,5.0,5.0,SK,ENTSO-E BalancingEnergyBids
20260523041-AFRR_P-UNIT_028-1,2026-05-23,aFRR,POS_033,5.0,PROVIDER_TO_GRID,5.0,5.0,SK,ENTSO-E BalancingEnergyBids
20260523041-AFRR_N-UNIT_028-1,2026-05-23,aFRR,NEG_033,-55.0,GRID_TO_PROVIDER,5.0,5.0,SK,ENTSO-E BalancingEnergyBids
20260523042-AFRR_P-UNIT_028-1,2026-05-23,aFRR,POS_034,5.0,PROVIDER_TO_GRID,5.0,5.0,SK,ENTSO-E BalancingEnergyBids
20260523042-AFRR_N-UNIT_028-1,2026-05-23,aFRR,NEG_034,-55.0,GRID_TO_PROVIDER,5.0,5.0,SK,ENTSO-E BalancingEnergyBids
20260523042-AFRR_P-UNIT_068-1,2026-05-23,aFRR,POS_034,132.0,PROVIDER_TO_GRID,1.0,1.0,SK,ENTSO-E BalancingEnergyBids
20260523042-AFRR_P-UNIT_052-1,2026-05-23,aFRR,POS_034,140.0,PROVIDER_TO_GRID,31.0,31.0,SK,ENTSO-E BalancingEnergyBids
20260523042-AFRR_P-UNIT_047-1,2026-05-23,aFRR,POS_034,500.0,PROVIDER_TO_GRID,10.0,10.0,SK,ENTSO-E BalancingEnergyBids
20260523042-AFRR_P-UNIT_051-1,2026-05-23,aFRR,POS_034,350.0,PROVIDER_TO_GRID,17.0,17.0,SK,ENTSO-E BalancingEnergyBids
20260523042-AFRR_P-UNIT_069-1,2026-05-23,aFRR,POS_034,135.0,PROVIDER_TO_GRID,15.0,15.0,SK,ENTSO-E BalancingEnergyBids
20260523042-AFRR_P-UNIT_058-1,2026-05-23,aFRR,POS_034,200.0,PROVIDER_TO_GRID,1.0,1.0,SK,ENTSO-E BalancingEnergyBids
20260523042-AFRR_P-UNIT_013-1,2026-05-23,aFRR,POS_034,190.07,PROVIDER_TO_GRID,20.0,20.0,SK,ENTSO-E BalancingEnergyBids
20260523042-AFRR_P-UNIT_062-1,2026-05-23,aFRR,POS_034,105.0,PROVIDER_TO_GRID,5.0,5.0,SK,ENTSO-E BalancingEnergyBids
20260523042-AFRR_P-UNIT_043-1,2026-05-23,aFRR,POS_034,105.0,PROVIDER_TO_GRID,3.0,3.0,SK,ENTSO-E BalancingEnergyBids
20260523042-AFRR_P-UNIT_063-1,2026-05-23,aFRR,POS_034,110.0,PROVIDER_TO_GRID,10.0,10.0,SK,ENTSO-E BalancingEnergyBids
20260523042-AFRR_P-UNIT_078-1,2026-05-23,aFRR,POS_034,749.0,PROVIDER_TO_GRID,3.0,3.0,SK,ENTSO-E BalancingEnergyBids
20260523042-AFRR_P-UNIT_104-1,2026-05-23,aFRR,POS_034,750.0,PROVIDER_TO_GRID,11.0,11.0,SK,ENTSO-E BalancingEnergyBids
20260523042-AFRR_P-UNIT_097-1,2026-05-23,aFRR,POS_034,85.0,PROVIDER_TO_GRID,2.0,2.0,SK,ENTSO-E BalancingEnergyBids
20260523042-AFRR_P-UNIT_019-1,2026-05-23,aFRR,POS_034,119.0,PROVIDER_TO_GRID,1.0,1.0,SK,ENTSO-E BalancingEnergyBids
20260523042-AFRR_P-UNIT_106-1,2026-05-23,aFRR,POS_034,300.0,PROVIDER_TO_GRID,1.0,1.0,SK,ENTSO-E BalancingEnergyBids
20260523042-AFRR_P-UNIT_123-1,2026-05-23,aFRR,POS_034,189.0,PROVIDER_TO_GRID,8.0,8.0,SK,ENTSO-E BalancingEnergyBids
20260523042-AFRR_N-UNIT_068-1,2026-05-23,aFRR,NEG_034,-5.0,GRID_TO_PROVIDER,1.0,1.0,SK,ENTSO-E BalancingEnergyBids
20260523042-AFRR_N-UNIT_052-1,2026-05-23,aFRR,NEG_034,-30.0,GRID_TO_PROVIDER,6.0,6.0,SK,ENTSO-E BalancingEnergyBids
20260523042-AFRR_N-UNIT_051-1,2026-05-23,aFRR,NEG_034,-144.0,GRID_TO_PROVIDER,5.0,5.0,SK,ENTSO-E BalancingEnergyBids
20260523042-AFRR_N-UNIT_069-1,2026-05-23,aFRR,NEG_034,-250.0,GRID_TO_PROVIDER,12.0,12.0,SK,ENTSO-E BalancingEnergyBids
20260523042-AFRR_N-UNIT_058-1,2026-05-23,aFRR,NEG_034,-50.0,GRID_TO_PROVIDER,2.0,2.0,SK,ENTSO-E BalancingEnergyBids
20260523042-AFRR_N-UNIT_013-1,2026-05-23,aFRR,NEG_034,-10.0,GRID_TO_PROVIDER,8.0,8.0,SK,ENTSO-E BalancingEnergyBids
20260523042-AFRR_N-UNIT_010-1,2026-05-23,aFRR,NEG_034,-10.0,GRID_TO_PROVIDER,30.0,30.0,SK,ENTSO-E BalancingEnergyBids
20260523042-AFRR_N-UNIT_043-1,2026-05-23,aFRR,NEG_034,10.0,GRID_TO_PROVIDER,2.0,2.0,SK,ENTSO-E BalancingEnergyBids
20260523042-AFRR_N-UNIT_104-1,2026-05-23,aFRR,NEG_034,0.0,GRID_TO_PROVIDER,4.0,4.0,SK,ENTSO-E BalancingEnergyBids
20260523042-AFRR_N-UNIT_089-1,2026-05-23,aFRR,NEG_034,-260.02,GRID_TO_PROVIDER,3.0,3.0,SK,ENTSO-E BalancingEnergyBids
20260523042-AFRR_N-UNIT_097-1,2026-05-23,aFRR,NEG_034,-50.0,GRID_TO_PROVIDER,5.0,5.0,SK,ENTSO-E BalancingEnergyBids
20260523042-AFRR_N-UNIT_019-1,2026-05-23,aFRR,NEG_034,-199.0,GRID_TO_PROVIDER,1.0,1.0,SK,ENTSO-E BalancingEnergyBids
20260523042-AFRR_N-UNIT_106-1,2026-05-23,aFRR,NEG_034,-19.0,GRID_TO_PROVIDER,1.0,1.0,SK,ENTSO-E BalancingEnergyBids
20260523042-AFRR_N-UNIT_123-1,2026-05-23,aFRR,NEG_034,-5.0,GRID_TO_PROVIDER,5.0,5.0,SK,ENTSO-E BalancingEnergyBids
20260523043-AFRR_P-UNIT_028-1,2026-05-23,aFRR,POS_035,5.0,PROVIDER_TO_GRID,5.0,5.0,SK,ENTSO-E BalancingEnergyBids
20260523043-AFRR_N-UNIT_028-1,2026-05-23,aFRR,NEG_035,-55.0,GRID_TO_PROVIDER,5.0,5.0,SK,ENTSO-E BalancingEnergyBids
20260523043-AFRR_P-UNIT_068-1,2026-05-23,aFRR,POS_035,132.0,PROVIDER_TO_GRID,1.0,1.0,SK,ENTSO-E BalancingEnergyBids
20260523043-AFRR_P-UNIT_052-1,2026-05-23,aFRR,POS_035,140.0,PROVIDER_TO_GRID,31.0,31.0,SK,ENTSO-E BalancingEnergyBids
20260523043-AFRR_P-UNIT_047-1,2026-05-23,aFRR,POS_035,500.0,PROVIDER_TO_GRID,10.0,10.0,SK,ENTSO-E BalancingEnergyBids
20260523043-AFRR_P-UNIT_051-1,2026-05-23,aFRR,POS_035,350.0,PROVIDER_TO_GRID,17.0,17.0,SK,ENTSO-E BalancingEnergyBids
20260523043-AFRR_P-UNIT_069-1,2026-05-23,aFRR,POS_035,135.0,PROVIDER_TO_GRID,15.0,15.0,SK,ENTSO-E BalancingEnergyBids
20260523043-AFRR_P-UNIT_058-1,2026-05-23,aFRR,POS_035,200.0,PROVIDER_TO_GRID,1.0,1.0,SK,ENTSO-E BalancingEnergyBids
20260523043-AFRR_P-UNIT_013-1,2026-05-23,aFRR,POS_035,190.07,PROVIDER_TO_GRID,20.0,20.0,SK,ENTSO-E BalancingEnergyBids
20260523043-AFRR_P-UNIT_062-1,2026-05-23,aFRR,POS_035,105.0,PROVIDER_TO_GRID,5.0,5.0,SK,ENTSO-E BalancingEnergyBids
20260523043-AFRR_P-UNIT_043-1,2026-05-23,aFRR,POS_035,105.0,PROVIDER_TO_GRID,3.0,3.0,SK,ENTSO-E BalancingEnergyBids
20260523043-AFRR_P-UNIT_063-1,2026-05-23,aFRR,POS_035,110.0,PROVIDER_TO_GRID,10.0,10.0,SK,ENTSO-E BalancingEnergyBids
20260523043-AFRR_P-UNIT_078-1,2026-05-23,aFRR,POS_035,749.0,PROVIDER_TO_GRID,3.0,3.0,SK,ENTSO-E BalancingEnergyBids
20260523043-AFRR_P-UNIT_104-1,2026-05-23,aFRR,POS_035,750.0,PROVIDER_TO_GRID,11.0,11.0,SK,ENTSO-E BalancingEnergyBids
20260523043-AFRR_P-UNIT_097-1,2026-05-23,aFRR,POS_035,85.0,PROVIDER_TO_GRID,2.0,2.0,SK,ENTSO-E BalancingEnergyBids
20260523043-AFRR_P-UNIT_019-1,2026-05-23,aFRR,POS_035,117.0,PROVIDER_TO_GRID,1.0,1.0,SK,ENTSO-E BalancingEnergyBids
20260523043-AFRR_P-UNIT_106-1,2026-05-23,aFRR,POS_035,300.0,PROVIDER_TO_GRID,1.0,1.0,SK,ENTSO-E BalancingEnergyBids
20260523043-AFRR_P-UNIT_123-1,2026-05-23,aFRR,POS_035,189.0,PROVIDER_TO_GRID,8.0,8.0,SK,ENTSO-E BalancingEnergyBids
20260523043-AFRR_N-UNIT_068-1,2026-05-23,aFRR,NEG_035,-5.0,GRID_TO_PROVIDER,1.0,1.0,SK,ENTSO-E BalancingEnergyBids
20260523043-AFRR_N-UNIT_052-1,2026-05-23,aFRR,NEG_035,-30.0,GRID_TO_PROVIDER,6.0,6.0,SK,ENTSO-E BalancingEnergyBids
20260523043-AFRR_N-UNIT_051-1,2026-05-23,aFRR,NEG_035,-144.0,GRID_TO_PROVIDER,5.0,5.0,SK,ENTSO-E BalancingEnergyBids
20260523043-AFRR_N-UNIT_069-1,2026-05-23,aFRR,NEG_035,-250.0,GRID_TO_PROVIDER,12.0,12.0,SK,ENTSO-E BalancingEnergyBids
20260523043-AFRR_N-UNIT_058-1,2026-05-23,aFRR,NEG_035,-50.0,GRID_TO_PROVIDER,2.0,2.0,SK,ENTSO-E BalancingEnergyBids
20260523043-AFRR_N-UNIT_013-1,2026-05-23,aFRR,NEG_035,-10.0,GRID_TO_PROVIDER,8.0,8.0,SK,ENTSO-E BalancingEnergyBids
20260523043-AFRR_N-UNIT_010-1,2026-05-23,aFRR,NEG_035,-10.0,GRID_TO_PROVIDER,30.0,30.0,SK,ENTSO-E BalancingEnergyBids
20260523043-AFRR_N-UNIT_043-1,2026-05-23,aFRR,NEG_035,10.0,GRID_TO_PROVIDER,2.0,2.0,SK,ENTSO-E BalancingEnergyBids
20260523043-AFRR_N-UNIT_104-1,2026-05-23,aFRR,NEG_035,0.0,GRID_TO_PROVIDER,4.0,4.0,SK,ENTSO-E BalancingEnergyBids
20260523043-AFRR_N-UNIT_089-1,2026-05-23,aFRR,NEG_035,-260.3,GRID_TO_PROVIDER,3.0,3.0,SK,ENTSO-E BalancingEnergyBids
20260523043-AFRR_N-UNIT_097-1,2026-05-23,aFRR,NEG_035,-50.0,GRID_TO_PROVIDER,5.0,5.0,SK,ENTSO-E BalancingEnergyBids
20260523043-AFRR_N-UNIT_019-1,2026-05-23,aFRR,NEG_035,-199.0,GRID_TO_PROVIDER,1.0,1.0,SK,ENTSO-E BalancingEnergyBids
20260523043-AFRR_N-UNIT_106-1,2026-05-23,aFRR,NEG_035,-19.0,GRID_TO_PROVIDER,1.0,1.0,SK,ENTSO-E BalancingEnergyBids
20260523043-AFRR_N-UNIT_123-1,2026-05-23,aFRR,NEG_035,-5.0,GRID_TO_PROVIDER,5.0,5.0,SK,ENTSO-E BalancingEnergyBids
20260523044-AFRR_P-UNIT_028-1,2026-05-23,aFRR,POS_036,5.0,PROVIDER_TO_GRID,5.0,5.0,SK,ENTSO-E BalancingEnergyBids
20260523044-AFRR_N-UNIT_028-1,2026-05-23,aFRR,NEG_036,-55.0,GRID_TO_PROVIDER,5.0,5.0,SK,ENTSO-E BalancingEnergyBids
20260523044-AFRR_P-UNIT_068-1,2026-05-23,aFRR,POS_036,132.0,PROVIDER_TO_GRID,1.0,1.0,SK,ENTSO-E BalancingEnergyBids
20260523044-AFRR_P-UNIT_052-1,2026-05-23,aFRR,POS_036,140.0,PROVIDER_TO_GRID,31.0,31.0,SK,ENTSO-E BalancingEnergyBids
20260523044-AFRR_P-UNIT_047-1,2026-05-23,aFRR,POS_036,500.0,PROVIDER_TO_GRID,10.0,10.0,SK,ENTSO-E BalancingEnergyBids
20260523044-AFRR_P-UNIT_051-1,2026-05-23,aFRR,POS_036,350.0,PROVIDER_TO_GRID,17.0,17.0,SK,ENTSO-E BalancingEnergyBids
20260523044-AFRR_P-UNIT_069-1,2026-05-23,aFRR,POS_036,135.0,PROVIDER_TO_GRID,15.0,15.0,SK,ENTSO-E BalancingEnergyBids
20260523044-AFRR_P-UNIT_058-1,2026-05-23,aFRR,POS_036,200.0,PROVIDER_TO_GRID,1.0,1.0,SK,ENTSO-E BalancingEnergyBids
20260523044-AFRR_P-UNIT_013-1,2026-05-23,aFRR,POS_036,190.07,PROVIDER_TO_GRID,20.0,20.0,SK,ENTSO-E BalancingEnergyBids
20260523044-AFRR_P-UNIT_062-1,2026-05-23,aFRR,POS_036,105.0,PROVIDER_TO_GRID,5.0,5.0,SK,ENTSO-E BalancingEnergyBids
20260523044-AFRR_P-UNIT_043-1,2026-05-23,aFRR,POS_036,105.0,PROVIDER_TO_GRID,3.0,3.0,SK,ENTSO-E BalancingEnergyBids
20260523044-AFRR_P-UNIT_063-1,2026-05-23,aFRR,POS_036,110.0,PROVIDER_TO_GRID,10.0,10.0,SK,ENTSO-E BalancingEnergyBids
20260523044-AFRR_P-UNIT_078-1,2026-05-23,aFRR,POS_036,749.0,PROVIDER_TO_GRID,3.0,3.0,SK,ENTSO-E BalancingEnergyBids
20260523044-AFRR_P-UNIT_104-1,2026-05-23,aFRR,POS_036,750.0,PROVIDER_TO_GRID,11.0,11.0,SK,ENTSO-E BalancingEnergyBids
20260523044-AFRR_P-UNIT_097-1,2026-05-23,aFRR,POS_036,85.0,PROVIDER_TO_GRID,2.0,2.0,SK,ENTSO-E BalancingEnergyBids
20260523044-AFRR_P-UNIT_019-1,2026-05-23,aFRR,POS_036,115.0,PROVIDER_TO_GRID,1.0,1.0,SK,ENTSO-E BalancingEnergyBids
20260523044-AFRR_P-UNIT_106-1,2026-05-23,aFRR,POS_036,300.0,PROVIDER_TO_GRID,1.0,1.0,SK,ENTSO-E BalancingEnergyBids
20260523044-AFRR_P-UNIT_123-1,2026-05-23,aFRR,POS_036,189.0,PROVIDER_TO_GRID,8.0,8.0,SK,ENTSO-E BalancingEnergyBids
20260523044-AFRR_N-UNIT_068-1,2026-05-23,aFRR,NEG_036,-5.0,GRID_TO_PROVIDER,1.0,1.0,SK,ENTSO-E BalancingEnergyBids
20260523044-AFRR_N-UNIT_052-1,2026-05-23,aFRR,NEG_036,-30.0,GRID_TO_PROVIDER,6.0,6.0,SK,ENTSO-E BalancingEnergyBids
20260523044-AFRR_N-UNIT_051-1,2026-05-23,aFRR,NEG_036,-144.0,GRID_TO_PROVIDER,5.0,5.0,SK,ENTSO-E BalancingEnergyBids
20260523044-AFRR_N-UNIT_069-1,2026-05-23,aFRR,NEG_036,-250.0,GRID_TO_PROVIDER,12.0,12.0,SK,ENTSO-E BalancingEnergyBids
20260523044-AFRR_N-UNIT_058-1,2026-05-23,aFRR,NEG_036,-50.0,GRID_TO_PROVIDER,2.0,2.0,SK,ENTSO-E BalancingEnergyBids
20260523044-AFRR_N-UNIT_013-1,2026-05-23,aFRR,NEG_036,-10.0,GRID_TO_PROVIDER,8.0,8.0,SK,ENTSO-E BalancingEnergyBids
20260523044-AFRR_N-UNIT_010-1,2026-05-23,aFRR,NEG_036,-10.0,GRID_TO_PROVIDER,30.0,30.0,SK,ENTSO-E BalancingEnergyBids
20260523044-AFRR_N-UNIT_043-1,2026-05-23,aFRR,NEG_036,10.0,GRID_TO_PROVIDER,2.0,2.0,SK,ENTSO-E BalancingEnergyBids
20260523044-AFRR_N-UNIT_104-1,2026-05-23,aFRR,NEG_036,0.0,GRID_TO_PROVIDER,4.0,4.0,SK,ENTSO-E BalancingEnergyBids
20260523044-AFRR_N-UNIT_089-1,2026-05-23,aFRR,NEG_036,-261.0,GRID_TO_PROVIDER,3.0,3.0,SK,ENTSO-E BalancingEnergyBids
20260523044-AFRR_N-UNIT_097-1,2026-05-23,aFRR,NEG_036,-50.0,GRID_TO_PROVIDER,5.0,5.0,SK,ENTSO-E BalancingEnergyBids
20260523044-AFRR_N-UNIT_019-1,2026-05-23,aFRR,NEG_036,-199.0,GRID_TO_PROVIDER,1.0,1.0,SK,ENTSO-E BalancingEnergyBids
20260523044-AFRR_N-UNIT_106-1,2026-05-23,aFRR,NEG_036,-19.0,GRID_TO_PROVIDER,1.0,1.0,SK,ENTSO-E BalancingEnergyBids
20260523044-AFRR_N-UNIT_123-1,2026-05-23,aFRR,NEG_036,-5.0,GRID_TO_PROVIDER,5.0,5.0,SK,ENTSO-E BalancingEnergyBids
20260523045-AFRR_P-UNIT_028-1,2026-05-23,aFRR,POS_037,5.0,PROVIDER_TO_GRID,5.0,5.0,SK,ENTSO-E BalancingEnergyBids
20260523045-AFRR_N-UNIT_028-1,2026-05-23,aFRR,NEG_037,-55.0,GRID_TO_PROVIDER,5.0,5.0,SK,ENTSO-E BalancingEnergyBids
20260523045-AFRR_P-UNIT_068-1,2026-05-23,aFRR,POS_037,132.0,PROVIDER_TO_GRID,1.0,1.0,SK,ENTSO-E BalancingEnergyBids
20260523045-AFRR_P-UNIT_052-1,2026-05-23,aFRR,POS_037,140.0,PROVIDER_TO_GRID,31.0,31.0,SK,ENTSO-E BalancingEnergyBids
20260523045-AFRR_P-UNIT_047-1,2026-05-23,aFRR,POS_037,500.0,PROVIDER_TO_GRID,10.0,10.0,SK,ENTSO-E BalancingEnergyBids
20260523045-AFRR_P-UNIT_051-1,2026-05-23,aFRR,POS_037,350.0,PROVIDER_TO_GRID,17.0,17.0,SK,ENTSO-E BalancingEnergyBids
20260523045-AFRR_P-UNIT_069-1,2026-05-23,aFRR,POS_037,135.0,PROVIDER_TO_GRID,15.0,15.0,SK,ENTSO-E BalancingEnergyBids
20260523045-AFRR_P-UNIT_058-1,2026-05-23,aFRR,POS_037,200.0,PROVIDER_TO_GRID,1.0,1.0,SK,ENTSO-E BalancingEnergyBids
20260523045-AFRR_P-UNIT_013-1,2026-05-23,aFRR,POS_037,190.07,PROVIDER_TO_GRID,20.0,20.0,SK,ENTSO-E BalancingEnergyBids
20260523045-AFRR_P-UNIT_062-1,2026-05-23,aFRR,POS_037,105.0,PROVIDER_TO_GRID,5.0,5.0,SK,ENTSO-E BalancingEnergyBids
20260523045-AFRR_P-UNIT_043-1,2026-05-23,aFRR,POS_037,105.0,PROVIDER_TO_GRID,3.0,3.0,SK,ENTSO-E BalancingEnergyBids
20260523045-AFRR_P-UNIT_063-1,2026-05-23,aFRR,POS_037,110.0,PROVIDER_TO_GRID,10.0,10.0,SK,ENTSO-E BalancingEnergyBids
20260523045-AFRR_P-UNIT_078-1,2026-05-23,aFRR,POS_037,749.0,PROVIDER_TO_GRID,3.0,3.0,SK,ENTSO-E BalancingEnergyBids
20260523045-AFRR_P-UNIT_104-1,2026-05-23,aFRR,POS_037,750.0,PROVIDER_TO_GRID,11.0,11.0,SK,ENTSO-E BalancingEnergyBids
20260523045-AFRR_P-UNIT_097-1,2026-05-23,aFRR,POS_037,85.0,PROVIDER_TO_GRID,2.0,2.0,SK,ENTSO-E BalancingEnergyBids
20260523045-AFRR_P-UNIT_019-1,2026-05-23,aFRR,POS_037,123.0,PROVIDER_TO_GRID,1.0,1.0,SK,ENTSO-E BalancingEnergyBids
20260523045-AFRR_P-UNIT_106-1,2026-05-23,aFRR,POS_037,300.0,PROVIDER_TO_GRID,1.0,1.0,SK,ENTSO-E BalancingEnergyBids
20260523045-AFRR_P-UNIT_123-1,2026-05-23,aFRR,POS_037,189.0,PROVIDER_TO_GRID,8.0,8.0,SK,ENTSO-E BalancingEnergyBids
20260523045-AFRR_N-UNIT_068-1,2026-05-23,aFRR,NEG_037,-5.0,GRID_TO_PROVIDER,1.0,1.0,SK,ENTSO-E BalancingEnergyBids
20260523045-AFRR_N-UNIT_052-1,2026-05-23,aFRR,NEG_037,-30.0,GRID_TO_PROVIDER,6.0,6.0,SK,ENTSO-E BalancingEnergyBids
20260523045-AFRR_N-UNIT_051-1,2026-05-23,aFRR,NEG_037,-144.0,GRID_TO_PROVIDER,5.0,5.0,SK,ENTSO-E BalancingEnergyBids
20260523045-AFRR_N-UNIT_069-1,2026-05-23,aFRR,NEG_037,-250.0,GRID_TO_PROVIDER,12.0,12.0,SK,ENTSO-E BalancingEnergyBids
20260523045-AFRR_N-UNIT_058-1,2026-05-23,aFRR,NEG_037,-50.0,GRID_TO_PROVIDER,2.0,2.0,SK,ENTSO-E BalancingEnergyBids
20260523045-AFRR_N-UNIT_013-1,2026-05-23,aFRR,NEG_037,-10.0,GRID_TO_PROVIDER,8.0,8.0,SK,ENTSO-E BalancingEnergyBids
20260523045-AFRR_N-UNIT_010-1,2026-05-23,aFRR,NEG_037,-10.0,GRID_TO_PROVIDER,30.0,30.0,SK,ENTSO-E BalancingEnergyBids
20260523045-AFRR_N-UNIT_043-1,2026-05-23,aFRR,NEG_037,10.0,GRID_TO_PROVIDER,2.0,2.0,SK,ENTSO-E BalancingEnergyBids
20260523045-AFRR_N-UNIT_104-1,2026-05-23,aFRR,NEG_037,0.0,GRID_TO_PROVIDER,4.0,4.0,SK,ENTSO-E BalancingEnergyBids
20260523045-AFRR_N-UNIT_089-1,2026-05-23,aFRR,NEG_037,-262.25,GRID_TO_PROVIDER,3.0,3.0,SK,ENTSO-E BalancingEnergyBids
20260523045-AFRR_N-UNIT_097-1,2026-05-23,aFRR,NEG_037,-50.0,GRID_TO_PROVIDER,5.0,5.0,SK,ENTSO-E BalancingEnergyBids
20260523045-AFRR_N-UNIT_019-1,2026-05-23,aFRR,NEG_037,-199.0,GRID_TO_PROVIDER,1.0,1.0,SK,ENTSO-E BalancingEnergyBids
20260523045-AFRR_N-UNIT_106-1,2026-05-23,aFRR,NEG_037,-19.0,GRID_TO_PROVIDER,1.0,1.0,SK,ENTSO-E BalancingEnergyBids
20260523045-AFRR_N-UNIT_123-1,2026-05-23,aFRR,NEG_037,-5.0,GRID_TO_PROVIDER,5.0,5.0,SK,ENTSO-E BalancingEnergyBids
20260523046-AFRR_P-UNIT_028-1,2026-05-23,aFRR,POS_038,5.0,PROVIDER_TO_GRID,5.0,5.0,SK,ENTSO-E BalancingEnergyBids
20260523046-AFRR_N-UNIT_028-1,2026-05-23,aFRR,NEG_038,-55.0,GRID_TO_PROVIDER,5.0,5.0,SK,ENTSO-E BalancingEnergyBids
20260523046-AFRR_P-UNIT_068-1,2026-05-23,aFRR,POS_038,132.0,PROVIDER_TO_GRID,1.0,1.0,SK,ENTSO-E BalancingEnergyBids
20260523046-AFRR_P-UNIT_052-1,2026-05-23,aFRR,POS_038,140.0,PROVIDER_TO_GRID,31.0,31.0,SK,ENTSO-E BalancingEnergyBids
20260523046-AFRR_P-UNIT_047-1,2026-05-23,aFRR,POS_038,500.0,PROVIDER_TO_GRID,10.0,10.0,SK,ENTSO-E BalancingEnergyBids
20260523046-AFRR_P-UNIT_051-1,2026-05-23,aFRR,POS_038,350.0,PROVIDER_TO_GRID,17.0,17.0,SK,ENTSO-E BalancingEnergyBids
20260523046-AFRR_P-UNIT_069-1,2026-05-23,aFRR,POS_038,135.0,PROVIDER_TO_GRID,15.0,15.0,SK,ENTSO-E BalancingEnergyBids
20260523046-AFRR_P-UNIT_058-1,2026-05-23,aFRR,POS_038,200.0,PROVIDER_TO_GRID,1.0,1.0,SK,ENTSO-E BalancingEnergyBids
20260523046-AFRR_P-UNIT_013-1,2026-05-23,aFRR,POS_038,190.07,PROVIDER_TO_GRID,20.0,20.0,SK,ENTSO-E BalancingEnergyBids
20260523046-AFRR_P-UNIT_062-1,2026-05-23,aFRR,POS_038,105.0,PROVIDER_TO_GRID,5.0,5.0,SK,ENTSO-E BalancingEnergyBids
20260523046-AFRR_P-UNIT_043-1,2026-05-23,aFRR,POS_038,105.0,PROVIDER_TO_GRID,3.0,3.0,SK,ENTSO-E BalancingEnergyBids
20260523046-AFRR_P-UNIT_063-1,2026-05-23,aFRR,POS_038,110.0,PROVIDER_TO_GRID,10.0,10.0,SK,ENTSO-E BalancingEnergyBids
20260523046-AFRR_P-UNIT_078-1,2026-05-23,aFRR,POS_038,749.0,PROVIDER_TO_GRID,3.0,3.0,SK,ENTSO-E BalancingEnergyBids
20260523046-AFRR_P-UNIT_104-1,2026-05-23,aFRR,POS_038,750.0,PROVIDER_TO_GRID,11.0,11.0,SK,ENTSO-E BalancingEnergyBids
20260523046-AFRR_P-UNIT_097-1,2026-05-23,aFRR,POS_038,85.0,PROVIDER_TO_GRID,2.0,2.0,SK,ENTSO-E BalancingEnergyBids
20260523046-AFRR_P-UNIT_019-1,2026-05-23,aFRR,POS_038,119.0,PROVIDER_TO_GRID,1.0,1.0,SK,ENTSO-E BalancingEnergyBids
20260523046-AFRR_P-UNIT_106-1,2026-05-23,aFRR,POS_038,300.0,PROVIDER_TO_GRID,1.0,1.0,SK,ENTSO-E BalancingEnergyBids
20260523046-AFRR_P-UNIT_123-1,2026-05-23,aFRR,POS_038,189.0,PROVIDER_TO_GRID,8.0,8.0,SK,ENTSO-E BalancingEnergyBids
20260523046-AFRR_N-UNIT_068-1,2026-05-23,aFRR,NEG_038,-5.0,GRID_TO_PROVIDER,1.0,1.0,SK,ENTSO-E BalancingEnergyBids
20260523046-AFRR_N-UNIT_052-1,2026-05-23,aFRR,NEG_038,-30.0,GRID_TO_PROVIDER,6.0,6.0,SK,ENTSO-E BalancingEnergyBids
20260523046-AFRR_N-UNIT_051-1,2026-05-23,aFRR,NEG_038,-144.0,GRID_TO_PROVIDER,5.0,5.0,SK,ENTSO-E BalancingEnergyBids
20260523046-AFRR_N-UNIT_069-1,2026-05-23,aFRR,NEG_038,-250.0,GRID_TO_PROVIDER,12.0,12.0,SK,ENTSO-E BalancingEnergyBids
20260523046-AFRR_N-UNIT_058-1,2026-05-23,aFRR,NEG_038,-50.0,GRID_TO_PROVIDER,2.0,2.0,SK,ENTSO-E BalancingEnergyBids
20260523046-AFRR_N-UNIT_013-1,2026-05-23,aFRR,NEG_038,-10.0,GRID_TO_PROVIDER,8.0,8.0,SK,ENTSO-E BalancingEnergyBids
20260523046-AFRR_N-UNIT_010-1,2026-05-23,aFRR,NEG_038,-10.0,GRID_TO_PROVIDER,30.0,30.0,SK,ENTSO-E BalancingEnergyBids
20260523046-AFRR_N-UNIT_043-1,2026-05-23,aFRR,NEG_038,10.0,GRID_TO_PROVIDER,2.0,2.0,SK,ENTSO-E BalancingEnergyBids
20260523046-AFRR_N-UNIT_104-1,2026-05-23,aFRR,NEG_038,0.0,GRID_TO_PROVIDER,4.0,4.0,SK,ENTSO-E BalancingEnergyBids
20260523046-AFRR_N-UNIT_089-1,2026-05-23,aFRR,NEG_038,-262.35,GRID_TO_PROVIDER,3.0,3.0,SK,ENTSO-E BalancingEnergyBids
20260523046-AFRR_N-UNIT_097-1,2026-05-23,aFRR,NEG_038,-50.0,GRID_TO_PROVIDER,5.0,5.0,SK,ENTSO-E BalancingEnergyBids
20260523046-AFRR_N-UNIT_019-1,2026-05-23,aFRR,NEG_038,-199.0,GRID_TO_PROVIDER,1.0,1.0,SK,ENTSO-E BalancingEnergyBids
20260523046-AFRR_N-UNIT_106-1,2026-05-23,aFRR,NEG_038,-19.0,GRID_TO_PROVIDER,1.0,1.0,SK,ENTSO-E BalancingEnergyBids
20260523046-AFRR_N-UNIT_123-1,2026-05-23,aFRR,NEG_038,-5.0,GRID_TO_PROVIDER,5.0,5.0,SK,ENTSO-E BalancingEnergyBids
20260523047-AFRR_P-UNIT_106-1,2026-05-23,aFRR,POS_039,300.0,PROVIDER_TO_GRID,1.0,1.0,SK,ENTSO-E BalancingEnergyBids
20260523047-AFRR_P-UNIT_123-1,2026-05-23,aFRR,POS_039,189.0,PROVIDER_TO_GRID,8.0,8.0,SK,ENTSO-E BalancingEnergyBids
20260523047-AFRR_N-UNIT_068-1,2026-05-23,aFRR,NEG_039,-9.33,GRID_TO_PROVIDER,1.0,1.0,SK,ENTSO-E BalancingEnergyBids
20260523047-AFRR_N-UNIT_052-1,2026-05-23,aFRR,NEG_039,-30.0,GRID_TO_PROVIDER,6.0,6.0,SK,ENTSO-E BalancingEnergyBids
20260523047-AFRR_N-UNIT_051-1,2026-05-23,aFRR,NEG_039,-144.0,GRID_TO_PROVIDER,5.0,5.0,SK,ENTSO-E BalancingEnergyBids
20260523047-AFRR_N-UNIT_069-1,2026-05-23,aFRR,NEG_039,-250.0,GRID_TO_PROVIDER,12.0,12.0,SK,ENTSO-E BalancingEnergyBids
20260523047-AFRR_N-UNIT_058-1,2026-05-23,aFRR,NEG_039,-50.0,GRID_TO_PROVIDER,2.0,2.0,SK,ENTSO-E BalancingEnergyBids
20260523047-AFRR_N-UNIT_013-1,2026-05-23,aFRR,NEG_039,-10.01,GRID_TO_PROVIDER,8.0,8.0,SK,ENTSO-E BalancingEnergyBids
20260523047-AFRR_N-UNIT_010-1,2026-05-23,aFRR,NEG_039,-10.01,GRID_TO_PROVIDER,30.0,30.0,SK,ENTSO-E BalancingEnergyBids
20260523047-AFRR_N-UNIT_043-1,2026-05-23,aFRR,NEG_039,10.0,GRID_TO_PROVIDER,2.0,2.0,SK,ENTSO-E BalancingEnergyBids
20260523047-AFRR_N-UNIT_104-1,2026-05-23,aFRR,NEG_039,0.0,GRID_TO_PROVIDER,4.0,4.0,SK,ENTSO-E BalancingEnergyBids
20260523047-AFRR_N-UNIT_089-1,2026-05-23,aFRR,NEG_039,-266.67,GRID_TO_PROVIDER,3.0,3.0,SK,ENTSO-E BalancingEnergyBids
20260523047-AFRR_N-UNIT_097-1,2026-05-23,aFRR,NEG_039,-50.0,GRID_TO_PROVIDER,5.0,5.0,SK,ENTSO-E BalancingEnergyBids
20260523047-AFRR_N-UNIT_019-1,2026-05-23,aFRR,NEG_039,-199.0,GRID_TO_PROVIDER,1.0,1.0,SK,ENTSO-E BalancingEnergyBids
20260523047-AFRR_N-UNIT_106-1,2026-05-23,aFRR,NEG_039,-19.0,GRID_TO_PROVIDER,1.0,1.0,SK,ENTSO-E BalancingEnergyBids
20260523047-AFRR_N-UNIT_123-1,2026-05-23,aFRR,NEG_039,-5.0,GRID_TO_PROVIDER,5.0,5.0,SK,ENTSO-E BalancingEnergyBids
20260523047-AFRR_P-UNIT_068-1,2026-05-23,aFRR,POS_039,132.0,PROVIDER_TO_GRID,1.0,1.0,SK,ENTSO-E BalancingEnergyBids
20260523047-AFRR_P-UNIT_052-1,2026-05-23,aFRR,POS_039,140.0,PROVIDER_TO_GRID,31.0,31.0,SK,ENTSO-E BalancingEnergyBids
20260523047-AFRR_P-UNIT_047-1,2026-05-23,aFRR,POS_039,500.0,PROVIDER_TO_GRID,10.0,10.0,SK,ENTSO-E BalancingEnergyBids
20260523047-AFRR_P-UNIT_051-1,2026-05-23,aFRR,POS_039,350.0,PROVIDER_TO_GRID,17.0,17.0,SK,ENTSO-E BalancingEnergyBids
20260523047-AFRR_P-UNIT_069-1,2026-05-23,aFRR,POS_039,135.0,PROVIDER_TO_GRID,15.0,15.0,SK,ENTSO-E BalancingEnergyBids
20260523047-AFRR_P-UNIT_058-1,2026-05-23,aFRR,POS_039,200.0,PROVIDER_TO_GRID,1.0,1.0,SK,ENTSO-E BalancingEnergyBids
20260523047-AFRR_P-UNIT_013-1,2026-05-23,aFRR,POS_039,190.07,PROVIDER_TO_GRID,20.0,20.0,SK,ENTSO-E BalancingEnergyBids
20260523047-AFRR_P-UNIT_062-1,2026-05-23,aFRR,POS_039,105.0,PROVIDER_TO_GRID,5.0,5.0,SK,ENTSO-E BalancingEnergyBids
20260523047-AFRR_P-UNIT_043-1,2026-05-23,aFRR,POS_039,105.0,PROVIDER_TO_GRID,3.0,3.0,SK,ENTSO-E BalancingEnergyBids
20260523047-AFRR_P-UNIT_063-1,2026-05-23,aFRR,POS_039,110.0,PROVIDER_TO_GRID,10.0,10.0,SK,ENTSO-E BalancingEnergyBids
20260523047-AFRR_P-UNIT_078-1,2026-05-23,aFRR,POS_039,749.0,PROVIDER_TO_GRID,3.0,3.0,SK,ENTSO-E BalancingEnergyBids
20260523047-AFRR_P-UNIT_104-1,2026-05-23,aFRR,POS_039,750.0,PROVIDER_TO_GRID,11.0,11.0,SK,ENTSO-E BalancingEnergyBids
20260523047-AFRR_P-UNIT_097-1,2026-05-23,aFRR,POS_039,85.0,PROVIDER_TO_GRID,2.0,2.0,SK,ENTSO-E BalancingEnergyBids
20260523047-AFRR_P-UNIT_019-1,2026-05-23,aFRR,POS_039,113.0,PROVIDER_TO_GRID,1.0,1.0,SK,ENTSO-E BalancingEnergyBids
20260523047-AFRR_P-UNIT_028-1,2026-05-23,aFRR,POS_039,5.0,PROVIDER_TO_GRID,5.0,5.0,SK,ENTSO-E BalancingEnergyBids
20260523047-AFRR_N-UNIT_028-1,2026-05-23,aFRR,NEG_039,-55.0,GRID_TO_PROVIDER,5.0,5.0,SK,ENTSO-E BalancingEnergyBids
20260523048-AFRR_P-UNIT_028-1,2026-05-23,aFRR,POS_040,5.0,PROVIDER_TO_GRID,5.0,5.0,SK,ENTSO-E BalancingEnergyBids
20260523048-AFRR_N-UNIT_028-1,2026-05-23,aFRR,NEG_040,-55.0,GRID_TO_PROVIDER,5.0,5.0,SK,ENTSO-E BalancingEnergyBids
20260523048-AFRR_N-UNIT_058-1,2026-05-23,aFRR,NEG_040,-50.0,GRID_TO_PROVIDER,2.0,2.0,SK,ENTSO-E BalancingEnergyBids
20260523048-AFRR_N-UNIT_013-1,2026-05-23,aFRR,NEG_040,-10.0,GRID_TO_PROVIDER,8.0,8.0,SK,ENTSO-E BalancingEnergyBids
20260523048-AFRR_N-UNIT_010-1,2026-05-23,aFRR,NEG_040,-10.0,GRID_TO_PROVIDER,30.0,30.0,SK,ENTSO-E BalancingEnergyBids
20260523048-AFRR_N-UNIT_043-1,2026-05-23,aFRR,NEG_040,10.0,GRID_TO_PROVIDER,2.0,2.0,SK,ENTSO-E BalancingEnergyBids
20260523048-AFRR_N-UNIT_104-1,2026-05-23,aFRR,NEG_040,0.0,GRID_TO_PROVIDER,4.0,4.0,SK,ENTSO-E BalancingEnergyBids
20260523048-AFRR_N-UNIT_089-1,2026-05-23,aFRR,NEG_040,-266.1,GRID_TO_PROVIDER,3.0,3.0,SK,ENTSO-E BalancingEnergyBids
20260523048-AFRR_N-UNIT_097-1,2026-05-23,aFRR,NEG_040,-50.0,GRID_TO_PROVIDER,5.0,5.0,SK,ENTSO-E BalancingEnergyBids
20260523048-AFRR_N-UNIT_019-1,2026-05-23,aFRR,NEG_040,-199.0,GRID_TO_PROVIDER,1.0,1.0,SK,ENTSO-E BalancingEnergyBids
20260523048-AFRR_N-UNIT_106-1,2026-05-23,aFRR,NEG_040,-19.0,GRID_TO_PROVIDER,1.0,1.0,SK,ENTSO-E BalancingEnergyBids
20260523048-AFRR_N-UNIT_123-1,2026-05-23,aFRR,NEG_040,-5.0,GRID_TO_PROVIDER,5.0,5.0,SK,ENTSO-E BalancingEnergyBids
20260523048-AFRR_P-UNIT_068-1,2026-05-23,aFRR,POS_040,132.0,PROVIDER_TO_GRID,1.0,1.0,SK,ENTSO-E BalancingEnergyBids
20260523048-AFRR_P-UNIT_052-1,2026-05-23,aFRR,POS_040,140.0,PROVIDER_TO_GRID,31.0,31.0,SK,ENTSO-E BalancingEnergyBids
20260523048-AFRR_P-UNIT_047-1,2026-05-23,aFRR,POS_040,500.0,PROVIDER_TO_GRID,10.0,10.0,SK,ENTSO-E BalancingEnergyBids
20260523048-AFRR_P-UNIT_051-1,2026-05-23,aFRR,POS_040,350.0,PROVIDER_TO_GRID,17.0,17.0,SK,ENTSO-E BalancingEnergyBids
20260523048-AFRR_P-UNIT_069-1,2026-05-23,aFRR,POS_040,135.0,PROVIDER_TO_GRID,15.0,15.0,SK,ENTSO-E BalancingEnergyBids
20260523048-AFRR_P-UNIT_058-1,2026-05-23,aFRR,POS_040,200.0,PROVIDER_TO_GRID,1.0,1.0,SK,ENTSO-E BalancingEnergyBids
20260523048-AFRR_P-UNIT_013-1,2026-05-23,aFRR,POS_040,190.07,PROVIDER_TO_GRID,20.0,20.0,SK,ENTSO-E BalancingEnergyBids
20260523048-AFRR_P-UNIT_062-1,2026-05-23,aFRR,POS_040,105.0,PROVIDER_TO_GRID,5.0,5.0,SK,ENTSO-E BalancingEnergyBids
20260523048-AFRR_P-UNIT_043-1,2026-05-23,aFRR,POS_040,105.0,PROVIDER_TO_GRID,3.0,3.0,SK,ENTSO-E BalancingEnergyBids
20260523048-AFRR_P-UNIT_063-1,2026-05-23,aFRR,POS_040,110.0,PROVIDER_TO_GRID,10.0,10.0,SK,ENTSO-E BalancingEnergyBids
20260523048-AFRR_P-UNIT_078-1,2026-05-23,aFRR,POS_040,749.0,PROVIDER_TO_GRID,3.0,3.0,SK,ENTSO-E BalancingEnergyBids
20260523048-AFRR_P-UNIT_104-1,2026-05-23,aFRR,POS_040,750.0,PROVIDER_TO_GRID,11.0,11.0,SK,ENTSO-E BalancingEnergyBids
20260523048-AFRR_P-UNIT_097-1,2026-05-23,aFRR,POS_040,85.0,PROVIDER_TO_GRID,2.0,2.0,SK,ENTSO-E BalancingEnergyBids
20260523048-AFRR_P-UNIT_019-1,2026-05-23,aFRR,POS_040,109.0,PROVIDER_TO_GRID,1.0,1.0,SK,ENTSO-E BalancingEnergyBids
20260523048-AFRR_P-UNIT_106-1,2026-05-23,aFRR,POS_040,300.0,PROVIDER_TO_GRID,1.0,1.0,SK,ENTSO-E BalancingEnergyBids
20260523048-AFRR_P-UNIT_123-1,2026-05-23,aFRR,POS_040,189.0,PROVIDER_TO_GRID,8.0,8.0,SK,ENTSO-E BalancingEnergyBids
20260523048-AFRR_N-UNIT_068-1,2026-05-23,aFRR,NEG_040,-8.54,GRID_TO_PROVIDER,1.0,1.0,SK,ENTSO-E BalancingEnergyBids
20260523048-AFRR_N-UNIT_052-1,2026-05-23,aFRR,NEG_040,-30.0,GRID_TO_PROVIDER,6.0,6.0,SK,ENTSO-E BalancingEnergyBids
20260523048-AFRR_N-UNIT_051-1,2026-05-23,aFRR,NEG_040,-144.0,GRID_TO_PROVIDER,5.0,5.0,SK,ENTSO-E BalancingEnergyBids
20260523048-AFRR_N-UNIT_069-1,2026-05-23,aFRR,NEG_040,-250.0,GRID_TO_PROVIDER,12.0,12.0,SK,ENTSO-E BalancingEnergyBids
20260523049-AFRR_P-UNIT_028-1,2026-05-23,aFRR,POS_041,5.0,PROVIDER_TO_GRID,5.0,5.0,SK,ENTSO-E BalancingEnergyBids
20260523049-AFRR_N-UNIT_028-1,2026-05-23,aFRR,NEG_041,-55.0,GRID_TO_PROVIDER,5.0,5.0,SK,ENTSO-E BalancingEnergyBids
20260523049-AFRR_P-UNIT_068-1,2026-05-23,aFRR,POS_041,132.0,PROVIDER_TO_GRID,1.0,1.0,SK,ENTSO-E BalancingEnergyBids
20260523049-AFRR_P-UNIT_052-1,2026-05-23,aFRR,POS_041,140.0,PROVIDER_TO_GRID,31.0,31.0,SK,ENTSO-E BalancingEnergyBids
20260523049-AFRR_P-UNIT_047-1,2026-05-23,aFRR,POS_041,500.0,PROVIDER_TO_GRID,10.0,10.0,SK,ENTSO-E BalancingEnergyBids
20260523049-AFRR_P-UNIT_051-1,2026-05-23,aFRR,POS_041,350.0,PROVIDER_TO_GRID,17.0,17.0,SK,ENTSO-E BalancingEnergyBids
20260523049-AFRR_P-UNIT_069-1,2026-05-23,aFRR,POS_041,135.0,PROVIDER_TO_GRID,15.0,15.0,SK,ENTSO-E BalancingEnergyBids
20260523049-AFRR_P-UNIT_058-1,2026-05-23,aFRR,POS_041,200.0,PROVIDER_TO_GRID,1.0,1.0,SK,ENTSO-E BalancingEnergyBids
20260523049-AFRR_P-UNIT_013-1,2026-05-23,aFRR,POS_041,190.07,PROVIDER_TO_GRID,20.0,20.0,SK,ENTSO-E BalancingEnergyBids
20260523049-AFRR_P-UNIT_062-1,2026-05-23,aFRR,POS_041,105.0,PROVIDER_TO_GRID,5.0,5.0,SK,ENTSO-E BalancingEnergyBids
20260523049-AFRR_P-UNIT_043-1,2026-05-23,aFRR,POS_041,105.0,PROVIDER_TO_GRID,3.0,3.0,SK,ENTSO-E BalancingEnergyBids
20260523049-AFRR_P-UNIT_063-1,2026-05-23,aFRR,POS_041,110.0,PROVIDER_TO_GRID,10.0,10.0,SK,ENTSO-E BalancingEnergyBids
20260523049-AFRR_P-UNIT_078-1,2026-05-23,aFRR,POS_041,749.0,PROVIDER_TO_GRID,3.0,3.0,SK,ENTSO-E BalancingEnergyBids
20260523049-AFRR_P-UNIT_104-1,2026-05-23,aFRR,POS_041,750.0,PROVIDER_TO_GRID,11.0,11.0,SK,ENTSO-E BalancingEnergyBids
20260523049-AFRR_P-UNIT_097-1,2026-05-23,aFRR,POS_041,85.0,PROVIDER_TO_GRID,2.0,2.0,SK,ENTSO-E BalancingEnergyBids
20260523049-AFRR_P-UNIT_019-1,2026-05-23,aFRR,POS_041,115.0,PROVIDER_TO_GRID,1.0,1.0,SK,ENTSO-E BalancingEnergyBids
20260523049-AFRR_P-UNIT_106-1,2026-05-23,aFRR,POS_041,300.0,PROVIDER_TO_GRID,1.0,1.0,SK,ENTSO-E BalancingEnergyBids
20260523049-AFRR_P-UNIT_123-1,2026-05-23,aFRR,POS_041,189.0,PROVIDER_TO_GRID,8.0,8.0,SK,ENTSO-E BalancingEnergyBids
20260523049-AFRR_N-UNIT_068-1,2026-05-23,aFRR,NEG_041,-9.38,GRID_TO_PROVIDER,1.0,1.0,SK,ENTSO-E BalancingEnergyBids
20260523049-AFRR_N-UNIT_052-1,2026-05-23,aFRR,NEG_041,-30.0,GRID_TO_PROVIDER,6.0,6.0,SK,ENTSO-E BalancingEnergyBids
20260523049-AFRR_N-UNIT_051-1,2026-05-23,aFRR,NEG_041,-144.0,GRID_TO_PROVIDER,5.0,5.0,SK,ENTSO-E BalancingEnergyBids
20260523049-AFRR_N-UNIT_069-1,2026-05-23,aFRR,NEG_041,-250.0,GRID_TO_PROVIDER,12.0,12.0,SK,ENTSO-E BalancingEnergyBids
20260523049-AFRR_N-UNIT_058-1,2026-05-23,aFRR,NEG_041,-50.0,GRID_TO_PROVIDER,1.0,1.0,SK,ENTSO-E BalancingEnergyBids
20260523049-AFRR_N-UNIT_013-1,2026-05-23,aFRR,NEG_041,-10.05,GRID_TO_PROVIDER,8.0,8.0,SK,ENTSO-E BalancingEnergyBids
20260523049-AFRR_N-UNIT_010-1,2026-05-23,aFRR,NEG_041,-10.05,GRID_TO_PROVIDER,30.0,30.0,SK,ENTSO-E BalancingEnergyBids
20260523049-AFRR_N-UNIT_043-1,2026-05-23,aFRR,NEG_041,10.0,GRID_TO_PROVIDER,2.0,2.0,SK,ENTSO-E BalancingEnergyBids
20260523049-AFRR_N-UNIT_104-1,2026-05-23,aFRR,NEG_041,0.0,GRID_TO_PROVIDER,4.0,4.0,SK,ENTSO-E BalancingEnergyBids
20260523049-AFRR_N-UNIT_089-1,2026-05-23,aFRR,NEG_041,-266.7,GRID_TO_PROVIDER,3.0,3.0,SK,ENTSO-E BalancingEnergyBids
20260523049-AFRR_N-UNIT_097-1,2026-05-23,aFRR,NEG_041,-50.0,GRID_TO_PROVIDER,5.0,5.0,SK,ENTSO-E BalancingEnergyBids
20260523049-AFRR_N-UNIT_019-1,2026-05-23,aFRR,NEG_041,-199.0,GRID_TO_PROVIDER,1.0,1.0,SK,ENTSO-E BalancingEnergyBids
20260523049-AFRR_N-UNIT_106-1,2026-05-23,aFRR,NEG_041,-19.0,GRID_TO_PROVIDER,1.0,1.0,SK,ENTSO-E BalancingEnergyBids
20260523049-AFRR_N-UNIT_123-1,2026-05-23,aFRR,NEG_041,-5.0,GRID_TO_PROVIDER,5.0,5.0,SK,ENTSO-E BalancingEnergyBids
20260523050-AFRR_P-UNIT_068-1,2026-05-23,aFRR,POS_042,132.0,PROVIDER_TO_GRID,1.0,1.0,SK,ENTSO-E BalancingEnergyBids
20260523050-AFRR_P-UNIT_052-1,2026-05-23,aFRR,POS_042,140.0,PROVIDER_TO_GRID,31.0,31.0,SK,ENTSO-E BalancingEnergyBids
20260523050-AFRR_P-UNIT_047-1,2026-05-23,aFRR,POS_042,500.0,PROVIDER_TO_GRID,10.0,10.0,SK,ENTSO-E BalancingEnergyBids
20260523050-AFRR_P-UNIT_051-1,2026-05-23,aFRR,POS_042,350.0,PROVIDER_TO_GRID,17.0,17.0,SK,ENTSO-E BalancingEnergyBids
20260523050-AFRR_P-UNIT_069-1,2026-05-23,aFRR,POS_042,135.0,PROVIDER_TO_GRID,15.0,15.0,SK,ENTSO-E BalancingEnergyBids
20260523050-AFRR_P-UNIT_058-1,2026-05-23,aFRR,POS_042,200.0,PROVIDER_TO_GRID,1.0,1.0,SK,ENTSO-E BalancingEnergyBids
20260523050-AFRR_P-UNIT_013-1,2026-05-23,aFRR,POS_042,190.07,PROVIDER_TO_GRID,20.0,20.0,SK,ENTSO-E BalancingEnergyBids
20260523050-AFRR_P-UNIT_062-1,2026-05-23,aFRR,POS_042,105.0,PROVIDER_TO_GRID,5.0,5.0,SK,ENTSO-E BalancingEnergyBids
20260523050-AFRR_P-UNIT_043-1,2026-05-23,aFRR,POS_042,105.0,PROVIDER_TO_GRID,3.0,3.0,SK,ENTSO-E BalancingEnergyBids
20260523050-AFRR_P-UNIT_063-1,2026-05-23,aFRR,POS_042,110.0,PROVIDER_TO_GRID,10.0,10.0,SK,ENTSO-E BalancingEnergyBids
20260523050-AFRR_P-UNIT_078-1,2026-05-23,aFRR,POS_042,749.0,PROVIDER_TO_GRID,3.0,3.0,SK,ENTSO-E BalancingEnergyBids
20260523050-AFRR_P-UNIT_104-1,2026-05-23,aFRR,POS_042,750.0,PROVIDER_TO_GRID,11.0,11.0,SK,ENTSO-E BalancingEnergyBids
20260523050-AFRR_P-UNIT_097-1,2026-05-23,aFRR,POS_042,85.0,PROVIDER_TO_GRID,2.0,2.0,SK,ENTSO-E BalancingEnergyBids
20260523050-AFRR_P-UNIT_019-1,2026-05-23,aFRR,POS_042,113.0,PROVIDER_TO_GRID,1.0,1.0,SK,ENTSO-E BalancingEnergyBids
20260523050-AFRR_P-UNIT_106-1,2026-05-23,aFRR,POS_042,300.0,PROVIDER_TO_GRID,1.0,1.0,SK,ENTSO-E BalancingEnergyBids
20260523050-AFRR_P-UNIT_123-1,2026-05-23,aFRR,POS_042,189.0,PROVIDER_TO_GRID,8.0,8.0,SK,ENTSO-E BalancingEnergyBids
20260523050-AFRR_N-UNIT_068-1,2026-05-23,aFRR,NEG_042,-15.66,GRID_TO_PROVIDER,1.0,1.0,SK,ENTSO-E BalancingEnergyBids
20260523050-AFRR_N-UNIT_052-1,2026-05-23,aFRR,NEG_042,-30.0,GRID_TO_PROVIDER,6.0,6.0,SK,ENTSO-E BalancingEnergyBids
20260523050-AFRR_N-UNIT_051-1,2026-05-23,aFRR,NEG_042,-144.0,GRID_TO_PROVIDER,5.0,5.0,SK,ENTSO-E BalancingEnergyBids
20260523050-AFRR_N-UNIT_069-1,2026-05-23,aFRR,NEG_042,-250.0,GRID_TO_PROVIDER,12.0,12.0,SK,ENTSO-E BalancingEnergyBids
20260523050-AFRR_N-UNIT_058-1,2026-05-23,aFRR,NEG_042,-50.0,GRID_TO_PROVIDER,1.0,1.0,SK,ENTSO-E BalancingEnergyBids
20260523050-AFRR_N-UNIT_013-1,2026-05-23,aFRR,NEG_042,-16.79,GRID_TO_PROVIDER,8.0,8.0,SK,ENTSO-E BalancingEnergyBids
20260523050-AFRR_N-UNIT_010-1,2026-05-23,aFRR,NEG_042,-16.79,GRID_TO_PROVIDER,30.0,30.0,SK,ENTSO-E BalancingEnergyBids
20260523050-AFRR_N-UNIT_043-1,2026-05-23,aFRR,NEG_042,10.0,GRID_TO_PROVIDER,2.0,2.0,SK,ENTSO-E BalancingEnergyBids
20260523050-AFRR_N-UNIT_104-1,2026-05-23,aFRR,NEG_042,0.0,GRID_TO_PROVIDER,4.0,4.0,SK,ENTSO-E BalancingEnergyBids
20260523050-AFRR_N-UNIT_089-1,2026-05-23,aFRR,NEG_042,-271.19,GRID_TO_PROVIDER,3.0,3.0,SK,ENTSO-E BalancingEnergyBids
20260523050-AFRR_N-UNIT_097-1,2026-05-23,aFRR,NEG_042,-50.0,GRID_TO_PROVIDER,5.0,5.0,SK,ENTSO-E BalancingEnergyBids
20260523050-AFRR_N-UNIT_019-1,2026-05-23,aFRR,NEG_042,-199.0,GRID_TO_PROVIDER,1.0,1.0,SK,ENTSO-E BalancingEnergyBids
20260523050-AFRR_N-UNIT_106-1,2026-05-23,aFRR,NEG_042,-19.0,GRID_TO_PROVIDER,1.0,1.0,SK,ENTSO-E BalancingEnergyBids
20260523050-AFRR_N-UNIT_123-1,2026-05-23,aFRR,NEG_042,-5.0,GRID_TO_PROVIDER,5.0,5.0,SK,ENTSO-E BalancingEnergyBids
20260523050-AFRR_P-UNIT_028-1,2026-05-23,aFRR,POS_042,5.0,PROVIDER_TO_GRID,5.0,5.0,SK,ENTSO-E BalancingEnergyBids
20260523050-AFRR_N-UNIT_028-1,2026-05-23,aFRR,NEG_042,-55.0,GRID_TO_PROVIDER,5.0,5.0,SK,ENTSO-E BalancingEnergyBids
20260523051-AFRR_P-UNIT_028-1,2026-05-23,aFRR,POS_043,5.0,PROVIDER_TO_GRID,5.0,5.0,SK,ENTSO-E BalancingEnergyBids
20260523051-AFRR_N-UNIT_028-1,2026-05-23,aFRR,NEG_043,-55.0,GRID_TO_PROVIDER,5.0,5.0,SK,ENTSO-E BalancingEnergyBids
20260523051-AFRR_P-UNIT_068-1,2026-05-23,aFRR,POS_043,132.0,PROVIDER_TO_GRID,1.0,1.0,SK,ENTSO-E BalancingEnergyBids
20260523051-AFRR_P-UNIT_052-1,2026-05-23,aFRR,POS_043,140.0,PROVIDER_TO_GRID,31.0,31.0,SK,ENTSO-E BalancingEnergyBids
20260523051-AFRR_P-UNIT_047-1,2026-05-23,aFRR,POS_043,500.0,PROVIDER_TO_GRID,10.0,10.0,SK,ENTSO-E BalancingEnergyBids
20260523051-AFRR_P-UNIT_051-1,2026-05-23,aFRR,POS_043,350.0,PROVIDER_TO_GRID,17.0,17.0,SK,ENTSO-E BalancingEnergyBids
20260523051-AFRR_P-UNIT_069-1,2026-05-23,aFRR,POS_043,135.0,PROVIDER_TO_GRID,15.0,15.0,SK,ENTSO-E BalancingEnergyBids
20260523051-AFRR_P-UNIT_058-1,2026-05-23,aFRR,POS_043,200.0,PROVIDER_TO_GRID,1.0,1.0,SK,ENTSO-E BalancingEnergyBids
20260523051-AFRR_P-UNIT_013-1,2026-05-23,aFRR,POS_043,190.07,PROVIDER_TO_GRID,20.0,20.0,SK,ENTSO-E BalancingEnergyBids
20260523051-AFRR_P-UNIT_062-1,2026-05-23,aFRR,POS_043,105.0,PROVIDER_TO_GRID,5.0,5.0,SK,ENTSO-E BalancingEnergyBids
20260523051-AFRR_P-UNIT_043-1,2026-05-23,aFRR,POS_043,105.0,PROVIDER_TO_GRID,3.0,3.0,SK,ENTSO-E BalancingEnergyBids
20260523051-AFRR_P-UNIT_063-1,2026-05-23,aFRR,POS_043,110.0,PROVIDER_TO_GRID,10.0,10.0,SK,ENTSO-E BalancingEnergyBids
20260523051-AFRR_P-UNIT_078-1,2026-05-23,aFRR,POS_043,749.0,PROVIDER_TO_GRID,3.0,3.0,SK,ENTSO-E BalancingEnergyBids
20260523051-AFRR_P-UNIT_104-1,2026-05-23,aFRR,POS_043,750.0,PROVIDER_TO_GRID,11.0,11.0,SK,ENTSO-E BalancingEnergyBids
20260523051-AFRR_P-UNIT_097-1,2026-05-23,aFRR,POS_043,85.0,PROVIDER_TO_GRID,2.0,2.0,SK,ENTSO-E BalancingEnergyBids
20260523051-AFRR_P-UNIT_019-1,2026-05-23,aFRR,POS_043,102.0,PROVIDER_TO_GRID,1.0,1.0,SK,ENTSO-E BalancingEnergyBids
20260523051-AFRR_P-UNIT_106-1,2026-05-23,aFRR,POS_043,300.0,PROVIDER_TO_GRID,1.0,1.0,SK,ENTSO-E BalancingEnergyBids
20260523051-AFRR_P-UNIT_123-1,2026-05-23,aFRR,POS_043,189.0,PROVIDER_TO_GRID,8.0,8.0,SK,ENTSO-E BalancingEnergyBids
20260523051-AFRR_N-UNIT_068-1,2026-05-23,aFRR,NEG_043,-21.14,GRID_TO_PROVIDER,1.0,1.0,SK,ENTSO-E BalancingEnergyBids
20260523051-AFRR_N-UNIT_052-1,2026-05-23,aFRR,NEG_043,-30.0,GRID_TO_PROVIDER,6.0,6.0,SK,ENTSO-E BalancingEnergyBids
20260523051-AFRR_N-UNIT_051-1,2026-05-23,aFRR,NEG_043,-144.0,GRID_TO_PROVIDER,5.0,5.0,SK,ENTSO-E BalancingEnergyBids
20260523051-AFRR_N-UNIT_069-1,2026-05-23,aFRR,NEG_043,-250.0,GRID_TO_PROVIDER,12.0,12.0,SK,ENTSO-E BalancingEnergyBids
20260523051-AFRR_N-UNIT_058-1,2026-05-23,aFRR,NEG_043,-50.0,GRID_TO_PROVIDER,1.0,1.0,SK,ENTSO-E BalancingEnergyBids
20260523051-AFRR_N-UNIT_013-1,2026-05-23,aFRR,NEG_043,-22.65,GRID_TO_PROVIDER,8.0,8.0,SK,ENTSO-E BalancingEnergyBids
20260523051-AFRR_N-UNIT_010-1,2026-05-23,aFRR,NEG_043,-22.65,GRID_TO_PROVIDER,30.0,30.0,SK,ENTSO-E BalancingEnergyBids
20260523051-AFRR_N-UNIT_043-1,2026-05-23,aFRR,NEG_043,10.0,GRID_TO_PROVIDER,2.0,2.0,SK,ENTSO-E BalancingEnergyBids
20260523051-AFRR_N-UNIT_104-1,2026-05-23,aFRR,NEG_043,0.0,GRID_TO_PROVIDER,4.0,4.0,SK,ENTSO-E BalancingEnergyBids
20260523051-AFRR_N-UNIT_089-1,2026-05-23,aFRR,NEG_043,-275.1,GRID_TO_PROVIDER,3.0,3.0,SK,ENTSO-E BalancingEnergyBids
20260523051-AFRR_N-UNIT_097-1,2026-05-23,aFRR,NEG_043,-50.0,GRID_TO_PROVIDER,5.0,5.0,SK,ENTSO-E BalancingEnergyBids
20260523051-AFRR_N-UNIT_019-1,2026-05-23,aFRR,NEG_043,-199.0,GRID_TO_PROVIDER,1.0,1.0,SK,ENTSO-E BalancingEnergyBids
20260523051-AFRR_N-UNIT_106-1,2026-05-23,aFRR,NEG_043,-19.0,GRID_TO_PROVIDER,1.0,1.0,SK,ENTSO-E BalancingEnergyBids
20260523051-AFRR_N-UNIT_123-1,2026-05-23,aFRR,NEG_043,-5.0,GRID_TO_PROVIDER,5.0,5.0,SK,ENTSO-E BalancingEnergyBids
20260523052-AFRR_P-UNIT_028-1,2026-05-23,aFRR,POS_044,5.0,PROVIDER_TO_GRID,5.0,5.0,SK,ENTSO-E BalancingEnergyBids
20260523052-AFRR_N-UNIT_028-1,2026-05-23,aFRR,NEG_044,-55.0,GRID_TO_PROVIDER,5.0,5.0,SK,ENTSO-E BalancingEnergyBids
20260523052-AFRR_P-UNIT_068-1,2026-05-23,aFRR,POS_044,132.0,PROVIDER_TO_GRID,1.0,1.0,SK,ENTSO-E BalancingEnergyBids
20260523052-AFRR_P-UNIT_052-1,2026-05-23,aFRR,POS_044,140.0,PROVIDER_TO_GRID,31.0,31.0,SK,ENTSO-E BalancingEnergyBids
20260523052-AFRR_P-UNIT_047-1,2026-05-23,aFRR,POS_044,500.0,PROVIDER_TO_GRID,10.0,10.0,SK,ENTSO-E BalancingEnergyBids
20260523052-AFRR_P-UNIT_051-1,2026-05-23,aFRR,POS_044,350.0,PROVIDER_TO_GRID,17.0,17.0,SK,ENTSO-E BalancingEnergyBids
20260523052-AFRR_P-UNIT_069-1,2026-05-23,aFRR,POS_044,135.0,PROVIDER_TO_GRID,15.0,15.0,SK,ENTSO-E BalancingEnergyBids
20260523052-AFRR_P-UNIT_058-1,2026-05-23,aFRR,POS_044,200.0,PROVIDER_TO_GRID,1.0,1.0,SK,ENTSO-E BalancingEnergyBids
20260523052-AFRR_P-UNIT_013-1,2026-05-23,aFRR,POS_044,190.07,PROVIDER_TO_GRID,20.0,20.0,SK,ENTSO-E BalancingEnergyBids
20260523052-AFRR_P-UNIT_062-1,2026-05-23,aFRR,POS_044,105.0,PROVIDER_TO_GRID,5.0,5.0,SK,ENTSO-E BalancingEnergyBids
20260523052-AFRR_P-UNIT_043-1,2026-05-23,aFRR,POS_044,105.0,PROVIDER_TO_GRID,3.0,3.0,SK,ENTSO-E BalancingEnergyBids
20260523052-AFRR_P-UNIT_063-1,2026-05-23,aFRR,POS_044,110.0,PROVIDER_TO_GRID,10.0,10.0,SK,ENTSO-E BalancingEnergyBids
20260523052-AFRR_P-UNIT_078-1,2026-05-23,aFRR,POS_044,749.0,PROVIDER_TO_GRID,3.0,3.0,SK,ENTSO-E BalancingEnergyBids
20260523052-AFRR_P-UNIT_104-1,2026-05-23,aFRR,POS_044,750.0,PROVIDER_TO_GRID,11.0,11.0,SK,ENTSO-E BalancingEnergyBids
20260523052-AFRR_P-UNIT_097-1,2026-05-23,aFRR,POS_044,85.0,PROVIDER_TO_GRID,2.0,2.0,SK,ENTSO-E BalancingEnergyBids
20260523052-AFRR_P-UNIT_019-1,2026-05-23,aFRR,POS_044,100.0,PROVIDER_TO_GRID,1.0,1.0,SK,ENTSO-E BalancingEnergyBids
20260523052-AFRR_P-UNIT_106-1,2026-05-23,aFRR,POS_044,300.0,PROVIDER_TO_GRID,1.0,1.0,SK,ENTSO-E BalancingEnergyBids
20260523052-AFRR_P-UNIT_123-1,2026-05-23,aFRR,POS_044,189.0,PROVIDER_TO_GRID,8.0,8.0,SK,ENTSO-E BalancingEnergyBids
20260523052-AFRR_N-UNIT_068-1,2026-05-23,aFRR,NEG_044,-31.22,GRID_TO_PROVIDER,1.0,1.0,SK,ENTSO-E BalancingEnergyBids
20260523052-AFRR_N-UNIT_052-1,2026-05-23,aFRR,NEG_044,-30.0,GRID_TO_PROVIDER,6.0,6.0,SK,ENTSO-E BalancingEnergyBids
20260523052-AFRR_N-UNIT_051-1,2026-05-23,aFRR,NEG_044,-144.0,GRID_TO_PROVIDER,5.0,5.0,SK,ENTSO-E BalancingEnergyBids
20260523052-AFRR_N-UNIT_069-1,2026-05-23,aFRR,NEG_044,-250.0,GRID_TO_PROVIDER,12.0,12.0,SK,ENTSO-E BalancingEnergyBids
20260523052-AFRR_N-UNIT_058-1,2026-05-23,aFRR,NEG_044,-50.0,GRID_TO_PROVIDER,1.0,1.0,SK,ENTSO-E BalancingEnergyBids
20260523052-AFRR_N-UNIT_013-1,2026-05-23,aFRR,NEG_044,-33.45,GRID_TO_PROVIDER,8.0,8.0,SK,ENTSO-E BalancingEnergyBids
20260523052-AFRR_N-UNIT_010-1,2026-05-23,aFRR,NEG_044,-33.45,GRID_TO_PROVIDER,30.0,30.0,SK,ENTSO-E BalancingEnergyBids
20260523052-AFRR_N-UNIT_043-1,2026-05-23,aFRR,NEG_044,10.0,GRID_TO_PROVIDER,2.0,2.0,SK,ENTSO-E BalancingEnergyBids
20260523052-AFRR_N-UNIT_104-1,2026-05-23,aFRR,NEG_044,0.0,GRID_TO_PROVIDER,4.0,4.0,SK,ENTSO-E BalancingEnergyBids
20260523052-AFRR_N-UNIT_089-1,2026-05-23,aFRR,NEG_044,-282.3,GRID_TO_PROVIDER,3.0,3.0,SK,ENTSO-E BalancingEnergyBids
20260523052-AFRR_N-UNIT_097-1,2026-05-23,aFRR,NEG_044,-50.0,GRID_TO_PROVIDER,5.0,5.0,SK,ENTSO-E BalancingEnergyBids
20260523052-AFRR_N-UNIT_019-1,2026-05-23,aFRR,NEG_044,-199.0,GRID_TO_PROVIDER,1.0,1.0,SK,ENTSO-E BalancingEnergyBids
20260523052-AFRR_N-UNIT_106-1,2026-05-23,aFRR,NEG_044,-19.0,GRID_TO_PROVIDER,1.0,1.0,SK,ENTSO-E BalancingEnergyBids
20260523052-AFRR_N-UNIT_123-1,2026-05-23,aFRR,NEG_044,-5.0,GRID_TO_PROVIDER,5.0,5.0,SK,ENTSO-E BalancingEnergyBids
20260523053-AFRR_P-UNIT_028-1,2026-05-23,aFRR,POS_045,5.0,PROVIDER_TO_GRID,5.0,5.0,SK,ENTSO-E BalancingEnergyBids
20260523053-AFRR_N-UNIT_028-1,2026-05-23,aFRR,NEG_045,-55.0,GRID_TO_PROVIDER,5.0,5.0,SK,ENTSO-E BalancingEnergyBids
20260523053-AFRR_P-UNIT_068-1,2026-05-23,aFRR,POS_045,132.0,PROVIDER_TO_GRID,1.0,1.0,SK,ENTSO-E BalancingEnergyBids
20260523053-AFRR_P-UNIT_052-1,2026-05-23,aFRR,POS_045,140.0,PROVIDER_TO_GRID,31.0,31.0,SK,ENTSO-E BalancingEnergyBids
20260523053-AFRR_P-UNIT_047-1,2026-05-23,aFRR,POS_045,500.0,PROVIDER_TO_GRID,10.0,10.0,SK,ENTSO-E BalancingEnergyBids
20260523053-AFRR_P-UNIT_051-1,2026-05-23,aFRR,POS_045,350.0,PROVIDER_TO_GRID,17.0,17.0,SK,ENTSO-E BalancingEnergyBids
20260523053-AFRR_P-UNIT_069-1,2026-05-23,aFRR,POS_045,135.0,PROVIDER_TO_GRID,15.0,15.0,SK,ENTSO-E BalancingEnergyBids
20260523053-AFRR_P-UNIT_058-1,2026-05-23,aFRR,POS_045,200.0,PROVIDER_TO_GRID,1.0,1.0,SK,ENTSO-E BalancingEnergyBids
20260523053-AFRR_P-UNIT_013-1,2026-05-23,aFRR,POS_045,190.07,PROVIDER_TO_GRID,20.0,20.0,SK,ENTSO-E BalancingEnergyBids
20260523053-AFRR_P-UNIT_062-1,2026-05-23,aFRR,POS_045,105.0,PROVIDER_TO_GRID,5.0,5.0,SK,ENTSO-E BalancingEnergyBids
20260523053-AFRR_P-UNIT_043-1,2026-05-23,aFRR,POS_045,105.0,PROVIDER_TO_GRID,3.0,3.0,SK,ENTSO-E BalancingEnergyBids
20260523053-AFRR_P-UNIT_063-1,2026-05-23,aFRR,POS_045,110.0,PROVIDER_TO_GRID,10.0,10.0,SK,ENTSO-E BalancingEnergyBids
20260523053-AFRR_P-UNIT_078-1,2026-05-23,aFRR,POS_045,749.0,PROVIDER_TO_GRID,3.0,3.0,SK,ENTSO-E BalancingEnergyBids
20260523053-AFRR_P-UNIT_104-1,2026-05-23,aFRR,POS_045,750.0,PROVIDER_TO_GRID,11.0,11.0,SK,ENTSO-E BalancingEnergyBids
20260523053-AFRR_P-UNIT_097-1,2026-05-23,aFRR,POS_045,85.0,PROVIDER_TO_GRID,2.0,2.0,SK,ENTSO-E BalancingEnergyBids
20260523053-AFRR_P-UNIT_019-1,2026-05-23,aFRR,POS_045,102.0,PROVIDER_TO_GRID,1.0,1.0,SK,ENTSO-E BalancingEnergyBids
20260523053-AFRR_P-UNIT_106-1,2026-05-23,aFRR,POS_045,300.0,PROVIDER_TO_GRID,1.0,1.0,SK,ENTSO-E BalancingEnergyBids
20260523053-AFRR_P-UNIT_123-1,2026-05-23,aFRR,POS_045,189.0,PROVIDER_TO_GRID,8.0,8.0,SK,ENTSO-E BalancingEnergyBids
20260523053-AFRR_N-UNIT_068-1,2026-05-23,aFRR,NEG_045,-38.71,GRID_TO_PROVIDER,1.0,1.0,SK,ENTSO-E BalancingEnergyBids
20260523053-AFRR_N-UNIT_052-1,2026-05-23,aFRR,NEG_045,-30.0,GRID_TO_PROVIDER,6.0,6.0,SK,ENTSO-E BalancingEnergyBids
20260523053-AFRR_N-UNIT_051-1,2026-05-23,aFRR,NEG_045,-144.0,GRID_TO_PROVIDER,5.0,5.0,SK,ENTSO-E BalancingEnergyBids
20260523053-AFRR_N-UNIT_069-1,2026-05-23,aFRR,NEG_045,-250.0,GRID_TO_PROVIDER,12.0,12.0,SK,ENTSO-E BalancingEnergyBids
20260523053-AFRR_N-UNIT_058-1,2026-05-23,aFRR,NEG_045,-50.0,GRID_TO_PROVIDER,1.0,1.0,SK,ENTSO-E BalancingEnergyBids
20260523053-AFRR_N-UNIT_013-1,2026-05-23,aFRR,NEG_045,-41.48,GRID_TO_PROVIDER,8.0,8.0,SK,ENTSO-E BalancingEnergyBids
20260523053-AFRR_N-UNIT_010-1,2026-05-23,aFRR,NEG_045,-41.48,GRID_TO_PROVIDER,30.0,30.0,SK,ENTSO-E BalancingEnergyBids
20260523053-AFRR_N-UNIT_043-1,2026-05-23,aFRR,NEG_045,10.0,GRID_TO_PROVIDER,2.0,2.0,SK,ENTSO-E BalancingEnergyBids
20260523053-AFRR_N-UNIT_104-1,2026-05-23,aFRR,NEG_045,0.0,GRID_TO_PROVIDER,4.0,4.0,SK,ENTSO-E BalancingEnergyBids
20260523053-AFRR_N-UNIT_089-1,2026-05-23,aFRR,NEG_045,-287.65,GRID_TO_PROVIDER,3.0,3.0,SK,ENTSO-E BalancingEnergyBids
20260523053-AFRR_N-UNIT_097-1,2026-05-23,aFRR,NEG_045,-50.0,GRID_TO_PROVIDER,5.0,5.0,SK,ENTSO-E BalancingEnergyBids
20260523053-AFRR_N-UNIT_019-1,2026-05-23,aFRR,NEG_045,-199.0,GRID_TO_PROVIDER,1.0,1.0,SK,ENTSO-E BalancingEnergyBids
20260523053-AFRR_N-UNIT_106-1,2026-05-23,aFRR,NEG_045,-19.0,GRID_TO_PROVIDER,1.0,1.0,SK,ENTSO-E BalancingEnergyBids
20260523053-AFRR_N-UNIT_123-1,2026-05-23,aFRR,NEG_045,-5.0,GRID_TO_PROVIDER,5.0,5.0,SK,ENTSO-E BalancingEnergyBids
20260523054-AFRR_P-UNIT_028-1,2026-05-23,aFRR,POS_046,5.0,PROVIDER_TO_GRID,5.0,5.0,SK,ENTSO-E BalancingEnergyBids
20260523054-AFRR_N-UNIT_028-1,2026-05-23,aFRR,NEG_046,-55.0,GRID_TO_PROVIDER,5.0,5.0,SK,ENTSO-E BalancingEnergyBids
20260523054-AFRR_P-UNIT_058-1,2026-05-23,aFRR,POS_046,200.0,PROVIDER_TO_GRID,1.0,1.0,SK,ENTSO-E BalancingEnergyBids
20260523054-AFRR_P-UNIT_013-1,2026-05-23,aFRR,POS_046,190.07,PROVIDER_TO_GRID,20.0,20.0,SK,ENTSO-E BalancingEnergyBids
20260523054-AFRR_P-UNIT_062-1,2026-05-23,aFRR,POS_046,105.0,PROVIDER_TO_GRID,5.0,5.0,SK,ENTSO-E BalancingEnergyBids
20260523054-AFRR_P-UNIT_043-1,2026-05-23,aFRR,POS_046,105.0,PROVIDER_TO_GRID,3.0,3.0,SK,ENTSO-E BalancingEnergyBids
20260523054-AFRR_P-UNIT_063-1,2026-05-23,aFRR,POS_046,110.0,PROVIDER_TO_GRID,10.0,10.0,SK,ENTSO-E BalancingEnergyBids
20260523054-AFRR_P-UNIT_078-1,2026-05-23,aFRR,POS_046,749.0,PROVIDER_TO_GRID,3.0,3.0,SK,ENTSO-E BalancingEnergyBids
20260523054-AFRR_P-UNIT_104-1,2026-05-23,aFRR,POS_046,750.0,PROVIDER_TO_GRID,11.0,11.0,SK,ENTSO-E BalancingEnergyBids
20260523054-AFRR_P-UNIT_097-1,2026-05-23,aFRR,POS_046,85.0,PROVIDER_TO_GRID,2.0,2.0,SK,ENTSO-E BalancingEnergyBids
20260523054-AFRR_P-UNIT_019-1,2026-05-23,aFRR,POS_046,102.0,PROVIDER_TO_GRID,1.0,1.0,SK,ENTSO-E BalancingEnergyBids
20260523054-AFRR_P-UNIT_106-1,2026-05-23,aFRR,POS_046,300.0,PROVIDER_TO_GRID,1.0,1.0,SK,ENTSO-E BalancingEnergyBids
20260523054-AFRR_P-UNIT_123-1,2026-05-23,aFRR,POS_046,189.0,PROVIDER_TO_GRID,8.0,8.0,SK,ENTSO-E BalancingEnergyBids
20260523054-AFRR_N-UNIT_068-1,2026-05-23,aFRR,NEG_046,-46.43,GRID_TO_PROVIDER,1.0,1.0,SK,ENTSO-E BalancingEnergyBids
20260523054-AFRR_N-UNIT_052-1,2026-05-23,aFRR,NEG_046,-30.0,GRID_TO_PROVIDER,6.0,6.0,SK,ENTSO-E BalancingEnergyBids
20260523054-AFRR_N-UNIT_051-1,2026-05-23,aFRR,NEG_046,-144.0,GRID_TO_PROVIDER,5.0,5.0,SK,ENTSO-E BalancingEnergyBids
20260523054-AFRR_N-UNIT_069-1,2026-05-23,aFRR,NEG_046,-250.0,GRID_TO_PROVIDER,12.0,12.0,SK,ENTSO-E BalancingEnergyBids
20260523054-AFRR_N-UNIT_058-1,2026-05-23,aFRR,NEG_046,-50.0,GRID_TO_PROVIDER,1.0,1.0,SK,ENTSO-E BalancingEnergyBids
20260523054-AFRR_N-UNIT_013-1,2026-05-23,aFRR,NEG_046,-49.76,GRID_TO_PROVIDER,8.0,8.0,SK,ENTSO-E BalancingEnergyBids
20260523054-AFRR_N-UNIT_010-1,2026-05-23,aFRR,NEG_046,-49.76,GRID_TO_PROVIDER,30.0,30.0,SK,ENTSO-E BalancingEnergyBids
20260523054-AFRR_N-UNIT_043-1,2026-05-23,aFRR,NEG_046,10.0,GRID_TO_PROVIDER,2.0,2.0,SK,ENTSO-E BalancingEnergyBids
20260523054-AFRR_N-UNIT_104-1,2026-05-23,aFRR,NEG_046,0.0,GRID_TO_PROVIDER,4.0,4.0,SK,ENTSO-E BalancingEnergyBids
20260523054-AFRR_N-UNIT_089-1,2026-05-23,aFRR,NEG_046,-293.17,GRID_TO_PROVIDER,3.0,3.0,SK,ENTSO-E BalancingEnergyBids
20260523054-AFRR_N-UNIT_097-1,2026-05-23,aFRR,NEG_046,-50.0,GRID_TO_PROVIDER,5.0,5.0,SK,ENTSO-E BalancingEnergyBids
20260523054-AFRR_N-UNIT_019-1,2026-05-23,aFRR,NEG_046,-199.0,GRID_TO_PROVIDER,1.0,1.0,SK,ENTSO-E BalancingEnergyBids
20260523054-AFRR_N-UNIT_106-1,2026-05-23,aFRR,NEG_046,-19.0,GRID_TO_PROVIDER,1.0,1.0,SK,ENTSO-E BalancingEnergyBids
20260523054-AFRR_N-UNIT_123-1,2026-05-23,aFRR,NEG_046,-5.0,GRID_TO_PROVIDER,5.0,5.0,SK,ENTSO-E BalancingEnergyBids
20260523054-AFRR_P-UNIT_068-1,2026-05-23,aFRR,POS_046,132.0,PROVIDER_TO_GRID,1.0,1.0,SK,ENTSO-E BalancingEnergyBids
20260523054-AFRR_P-UNIT_052-1,2026-05-23,aFRR,POS_046,140.0,PROVIDER_TO_GRID,31.0,31.0,SK,ENTSO-E BalancingEnergyBids
20260523054-AFRR_P-UNIT_047-1,2026-05-23,aFRR,POS_046,500.0,PROVIDER_TO_GRID,10.0,10.0,SK,ENTSO-E BalancingEnergyBids
20260523054-AFRR_P-UNIT_051-1,2026-05-23,aFRR,POS_046,350.0,PROVIDER_TO_GRID,17.0,17.0,SK,ENTSO-E BalancingEnergyBids
20260523054-AFRR_P-UNIT_069-1,2026-05-23,aFRR,POS_046,135.0,PROVIDER_TO_GRID,15.0,15.0,SK,ENTSO-E BalancingEnergyBids
20260523055-AFRR_P-UNIT_068-1,2026-05-23,aFRR,POS_047,132.0,PROVIDER_TO_GRID,1.0,1.0,SK,ENTSO-E BalancingEnergyBids
20260523055-AFRR_P-UNIT_052-1,2026-05-23,aFRR,POS_047,140.0,PROVIDER_TO_GRID,31.0,31.0,SK,ENTSO-E BalancingEnergyBids
20260523055-AFRR_P-UNIT_047-1,2026-05-23,aFRR,POS_047,500.0,PROVIDER_TO_GRID,10.0,10.0,SK,ENTSO-E BalancingEnergyBids
20260523055-AFRR_P-UNIT_051-1,2026-05-23,aFRR,POS_047,350.0,PROVIDER_TO_GRID,17.0,17.0,SK,ENTSO-E BalancingEnergyBids
20260523055-AFRR_P-UNIT_069-1,2026-05-23,aFRR,POS_047,135.0,PROVIDER_TO_GRID,15.0,15.0,SK,ENTSO-E BalancingEnergyBids
20260523055-AFRR_P-UNIT_058-1,2026-05-23,aFRR,POS_047,200.0,PROVIDER_TO_GRID,1.0,1.0,SK,ENTSO-E BalancingEnergyBids
20260523055-AFRR_P-UNIT_013-1,2026-05-23,aFRR,POS_047,190.07,PROVIDER_TO_GRID,20.0,20.0,SK,ENTSO-E BalancingEnergyBids
20260523055-AFRR_P-UNIT_062-1,2026-05-23,aFRR,POS_047,105.0,PROVIDER_TO_GRID,5.0,5.0,SK,ENTSO-E BalancingEnergyBids
20260523055-AFRR_P-UNIT_043-1,2026-05-23,aFRR,POS_047,105.0,PROVIDER_TO_GRID,3.0,3.0,SK,ENTSO-E BalancingEnergyBids
20260523055-AFRR_P-UNIT_063-1,2026-05-23,aFRR,POS_047,110.0,PROVIDER_TO_GRID,10.0,10.0,SK,ENTSO-E BalancingEnergyBids
20260523055-AFRR_P-UNIT_078-1,2026-05-23,aFRR,POS_047,749.0,PROVIDER_TO_GRID,3.0,3.0,SK,ENTSO-E BalancingEnergyBids
20260523055-AFRR_P-UNIT_104-1,2026-05-23,aFRR,POS_047,750.0,PROVIDER_TO_GRID,11.0,11.0,SK,ENTSO-E BalancingEnergyBids
20260523055-AFRR_P-UNIT_097-1,2026-05-23,aFRR,POS_047,85.0,PROVIDER_TO_GRID,2.0,2.0,SK,ENTSO-E BalancingEnergyBids
20260523055-AFRR_P-UNIT_019-1,2026-05-23,aFRR,POS_047,102.0,PROVIDER_TO_GRID,1.0,1.0,SK,ENTSO-E BalancingEnergyBids
20260523055-AFRR_P-UNIT_106-1,2026-05-23,aFRR,POS_047,300.0,PROVIDER_TO_GRID,1.0,1.0,SK,ENTSO-E BalancingEnergyBids
20260523055-AFRR_P-UNIT_123-1,2026-05-23,aFRR,POS_047,189.0,PROVIDER_TO_GRID,8.0,8.0,SK,ENTSO-E BalancingEnergyBids
20260523055-AFRR_N-UNIT_068-1,2026-05-23,aFRR,NEG_047,-56.74,GRID_TO_PROVIDER,1.0,1.0,SK,ENTSO-E BalancingEnergyBids
20260523055-AFRR_N-UNIT_052-1,2026-05-23,aFRR,NEG_047,-30.0,GRID_TO_PROVIDER,6.0,6.0,SK,ENTSO-E BalancingEnergyBids
20260523055-AFRR_N-UNIT_051-1,2026-05-23,aFRR,NEG_047,-144.0,GRID_TO_PROVIDER,5.0,5.0,SK,ENTSO-E BalancingEnergyBids
20260523055-AFRR_N-UNIT_069-1,2026-05-23,aFRR,NEG_047,-250.0,GRID_TO_PROVIDER,12.0,12.0,SK,ENTSO-E BalancingEnergyBids
20260523055-AFRR_N-UNIT_058-1,2026-05-23,aFRR,NEG_047,-50.0,GRID_TO_PROVIDER,1.0,1.0,SK,ENTSO-E BalancingEnergyBids
20260523055-AFRR_N-UNIT_013-1,2026-05-23,aFRR,NEG_047,-60.8,GRID_TO_PROVIDER,8.0,8.0,SK,ENTSO-E BalancingEnergyBids
20260523055-AFRR_N-UNIT_010-1,2026-05-23,aFRR,NEG_047,-60.8,GRID_TO_PROVIDER,30.0,30.0,SK,ENTSO-E BalancingEnergyBids
20260523055-AFRR_N-UNIT_043-1,2026-05-23,aFRR,NEG_047,10.0,GRID_TO_PROVIDER,2.0,2.0,SK,ENTSO-E BalancingEnergyBids
20260523055-AFRR_N-UNIT_104-1,2026-05-23,aFRR,NEG_047,0.0,GRID_TO_PROVIDER,4.0,4.0,SK,ENTSO-E BalancingEnergyBids
20260523055-AFRR_N-UNIT_089-1,2026-05-23,aFRR,NEG_047,-300.53,GRID_TO_PROVIDER,3.0,3.0,SK,ENTSO-E BalancingEnergyBids
20260523055-AFRR_N-UNIT_097-1,2026-05-23,aFRR,NEG_047,-50.0,GRID_TO_PROVIDER,5.0,5.0,SK,ENTSO-E BalancingEnergyBids
20260523055-AFRR_N-UNIT_019-1,2026-05-23,aFRR,NEG_047,-199.0,GRID_TO_PROVIDER,1.0,1.0,SK,ENTSO-E BalancingEnergyBids
20260523055-AFRR_N-UNIT_106-1,2026-05-23,aFRR,NEG_047,-19.0,GRID_TO_PROVIDER,1.0,1.0,SK,ENTSO-E BalancingEnergyBids
20260523055-AFRR_N-UNIT_123-1,2026-05-23,aFRR,NEG_047,-5.0,GRID_TO_PROVIDER,5.0,5.0,SK,ENTSO-E BalancingEnergyBids
20260523055-AFRR_P-UNIT_028-1,2026-05-23,aFRR,POS_047,5.0,PROVIDER_TO_GRID,5.0,5.0,SK,ENTSO-E BalancingEnergyBids
20260523055-AFRR_N-UNIT_028-1,2026-05-23,aFRR,NEG_047,-55.0,GRID_TO_PROVIDER,5.0,5.0,SK,ENTSO-E BalancingEnergyBids
20260523056-AFRR_P-UNIT_028-1,2026-05-23,aFRR,POS_048,5.0,PROVIDER_TO_GRID,5.0,5.0,SK,ENTSO-E BalancingEnergyBids
20260523056-AFRR_N-UNIT_028-1,2026-05-23,aFRR,NEG_048,-55.0,GRID_TO_PROVIDER,5.0,5.0,SK,ENTSO-E BalancingEnergyBids
20260523056-AFRR_P-UNIT_068-1,2026-05-23,aFRR,POS_048,132.0,PROVIDER_TO_GRID,1.0,1.0,SK,ENTSO-E BalancingEnergyBids
20260523056-AFRR_P-UNIT_052-1,2026-05-23,aFRR,POS_048,140.0,PROVIDER_TO_GRID,31.0,31.0,SK,ENTSO-E BalancingEnergyBids
20260523056-AFRR_P-UNIT_047-1,2026-05-23,aFRR,POS_048,500.0,PROVIDER_TO_GRID,10.0,10.0,SK,ENTSO-E BalancingEnergyBids
20260523056-AFRR_P-UNIT_051-1,2026-05-23,aFRR,POS_048,350.0,PROVIDER_TO_GRID,17.0,17.0,SK,ENTSO-E BalancingEnergyBids
20260523056-AFRR_P-UNIT_069-1,2026-05-23,aFRR,POS_048,135.0,PROVIDER_TO_GRID,15.0,15.0,SK,ENTSO-E BalancingEnergyBids
20260523056-AFRR_P-UNIT_058-1,2026-05-23,aFRR,POS_048,200.0,PROVIDER_TO_GRID,1.0,1.0,SK,ENTSO-E BalancingEnergyBids
20260523056-AFRR_P-UNIT_013-1,2026-05-23,aFRR,POS_048,190.07,PROVIDER_TO_GRID,20.0,20.0,SK,ENTSO-E BalancingEnergyBids
20260523056-AFRR_P-UNIT_062-1,2026-05-23,aFRR,POS_048,105.0,PROVIDER_TO_GRID,5.0,5.0,SK,ENTSO-E BalancingEnergyBids
20260523056-AFRR_P-UNIT_043-1,2026-05-23,aFRR,POS_048,105.0,PROVIDER_TO_GRID,3.0,3.0,SK,ENTSO-E BalancingEnergyBids
20260523056-AFRR_P-UNIT_063-1,2026-05-23,aFRR,POS_048,110.0,PROVIDER_TO_GRID,10.0,10.0,SK,ENTSO-E BalancingEnergyBids
20260523056-AFRR_P-UNIT_078-1,2026-05-23,aFRR,POS_048,749.0,PROVIDER_TO_GRID,3.0,3.0,SK,ENTSO-E BalancingEnergyBids
20260523056-AFRR_P-UNIT_104-1,2026-05-23,aFRR,POS_048,750.0,PROVIDER_TO_GRID,11.0,11.0,SK,ENTSO-E BalancingEnergyBids
20260523056-AFRR_P-UNIT_097-1,2026-05-23,aFRR,POS_048,85.0,PROVIDER_TO_GRID,2.0,2.0,SK,ENTSO-E BalancingEnergyBids
20260523056-AFRR_P-UNIT_019-1,2026-05-23,aFRR,POS_048,102.0,PROVIDER_TO_GRID,1.0,1.0,SK,ENTSO-E BalancingEnergyBids
20260523056-AFRR_P-UNIT_106-1,2026-05-23,aFRR,POS_048,300.0,PROVIDER_TO_GRID,1.0,1.0,SK,ENTSO-E BalancingEnergyBids
20260523056-AFRR_P-UNIT_123-1,2026-05-23,aFRR,POS_048,189.0,PROVIDER_TO_GRID,8.0,8.0,SK,ENTSO-E BalancingEnergyBids
20260523056-AFRR_N-UNIT_068-1,2026-05-23,aFRR,NEG_048,-55.13,GRID_TO_PROVIDER,1.0,1.0,SK,ENTSO-E BalancingEnergyBids
20260523056-AFRR_N-UNIT_052-1,2026-05-23,aFRR,NEG_048,-30.0,GRID_TO_PROVIDER,6.0,6.0,SK,ENTSO-E BalancingEnergyBids
20260523056-AFRR_N-UNIT_051-1,2026-05-23,aFRR,NEG_048,-144.0,GRID_TO_PROVIDER,5.0,5.0,SK,ENTSO-E BalancingEnergyBids
20260523056-AFRR_N-UNIT_069-1,2026-05-23,aFRR,NEG_048,-250.0,GRID_TO_PROVIDER,12.0,12.0,SK,ENTSO-E BalancingEnergyBids
20260523056-AFRR_N-UNIT_058-1,2026-05-23,aFRR,NEG_048,-50.0,GRID_TO_PROVIDER,1.0,1.0,SK,ENTSO-E BalancingEnergyBids
20260523056-AFRR_N-UNIT_013-1,2026-05-23,aFRR,NEG_048,-59.07,GRID_TO_PROVIDER,8.0,8.0,SK,ENTSO-E BalancingEnergyBids
20260523056-AFRR_N-UNIT_010-1,2026-05-23,aFRR,NEG_048,-59.07,GRID_TO_PROVIDER,30.0,30.0,SK,ENTSO-E BalancingEnergyBids
20260523056-AFRR_N-UNIT_043-1,2026-05-23,aFRR,NEG_048,10.0,GRID_TO_PROVIDER,2.0,2.0,SK,ENTSO-E BalancingEnergyBids
20260523056-AFRR_N-UNIT_104-1,2026-05-23,aFRR,NEG_048,0.0,GRID_TO_PROVIDER,4.0,4.0,SK,ENTSO-E BalancingEnergyBids
20260523056-AFRR_N-UNIT_089-1,2026-05-23,aFRR,NEG_048,-299.38,GRID_TO_PROVIDER,3.0,3.0,SK,ENTSO-E BalancingEnergyBids
20260523056-AFRR_N-UNIT_097-1,2026-05-23,aFRR,NEG_048,-50.0,GRID_TO_PROVIDER,5.0,5.0,SK,ENTSO-E BalancingEnergyBids
20260523056-AFRR_N-UNIT_019-1,2026-05-23,aFRR,NEG_048,-199.0,GRID_TO_PROVIDER,1.0,1.0,SK,ENTSO-E BalancingEnergyBids
20260523056-AFRR_N-UNIT_106-1,2026-05-23,aFRR,NEG_048,-19.0,GRID_TO_PROVIDER,1.0,1.0,SK,ENTSO-E BalancingEnergyBids
20260523056-AFRR_N-UNIT_123-1,2026-05-23,aFRR,NEG_048,-5.0,GRID_TO_PROVIDER,5.0,5.0,SK,ENTSO-E BalancingEnergyBids
20260523057-AFRR_P-UNIT_068-1,2026-05-23,aFRR,POS_049,132.0,PROVIDER_TO_GRID,1.0,1.0,SK,ENTSO-E BalancingEnergyBids
20260523057-AFRR_P-UNIT_052-1,2026-05-23,aFRR,POS_049,140.0,PROVIDER_TO_GRID,31.0,31.0,SK,ENTSO-E BalancingEnergyBids
20260523057-AFRR_P-UNIT_047-1,2026-05-23,aFRR,POS_049,500.0,PROVIDER_TO_GRID,10.0,10.0,SK,ENTSO-E BalancingEnergyBids
20260523057-AFRR_P-UNIT_051-1,2026-05-23,aFRR,POS_049,350.0,PROVIDER_TO_GRID,17.0,17.0,SK,ENTSO-E BalancingEnergyBids
20260523057-AFRR_P-UNIT_069-1,2026-05-23,aFRR,POS_049,135.0,PROVIDER_TO_GRID,15.0,15.0,SK,ENTSO-E BalancingEnergyBids
20260523057-AFRR_P-UNIT_058-1,2026-05-23,aFRR,POS_049,200.0,PROVIDER_TO_GRID,1.0,1.0,SK,ENTSO-E BalancingEnergyBids
20260523057-AFRR_P-UNIT_013-1,2026-05-23,aFRR,POS_049,190.07,PROVIDER_TO_GRID,20.0,20.0,SK,ENTSO-E BalancingEnergyBids
20260523057-AFRR_P-UNIT_062-1,2026-05-23,aFRR,POS_049,105.0,PROVIDER_TO_GRID,5.0,5.0,SK,ENTSO-E BalancingEnergyBids
20260523057-AFRR_P-UNIT_043-1,2026-05-23,aFRR,POS_049,105.0,PROVIDER_TO_GRID,3.0,3.0,SK,ENTSO-E BalancingEnergyBids
20260523057-AFRR_P-UNIT_063-1,2026-05-23,aFRR,POS_049,110.0,PROVIDER_TO_GRID,10.0,10.0,SK,ENTSO-E BalancingEnergyBids
20260523057-AFRR_P-UNIT_078-1,2026-05-23,aFRR,POS_049,749.0,PROVIDER_TO_GRID,3.0,3.0,SK,ENTSO-E BalancingEnergyBids
20260523057-AFRR_P-UNIT_104-1,2026-05-23,aFRR,POS_049,750.0,PROVIDER_TO_GRID,11.0,11.0,SK,ENTSO-E BalancingEnergyBids
20260523057-AFRR_P-UNIT_097-1,2026-05-23,aFRR,POS_049,85.0,PROVIDER_TO_GRID,3.0,3.0,SK,ENTSO-E BalancingEnergyBids
20260523057-AFRR_P-UNIT_019-1,2026-05-23,aFRR,POS_049,102.0,PROVIDER_TO_GRID,1.0,1.0,SK,ENTSO-E BalancingEnergyBids
20260523057-AFRR_P-UNIT_106-1,2026-05-23,aFRR,POS_049,300.0,PROVIDER_TO_GRID,1.0,1.0,SK,ENTSO-E BalancingEnergyBids
20260523057-AFRR_P-UNIT_123-1,2026-05-23,aFRR,POS_049,189.0,PROVIDER_TO_GRID,8.0,8.0,SK,ENTSO-E BalancingEnergyBids
20260523057-AFRR_N-UNIT_068-1,2026-05-23,aFRR,NEG_049,-41.72,GRID_TO_PROVIDER,1.0,1.0,SK,ENTSO-E BalancingEnergyBids
20260523057-AFRR_N-UNIT_052-1,2026-05-23,aFRR,NEG_049,-30.0,GRID_TO_PROVIDER,6.0,6.0,SK,ENTSO-E BalancingEnergyBids
20260523057-AFRR_N-UNIT_051-1,2026-05-23,aFRR,NEG_049,-144.0,GRID_TO_PROVIDER,5.0,5.0,SK,ENTSO-E BalancingEnergyBids
20260523057-AFRR_N-UNIT_069-1,2026-05-23,aFRR,NEG_049,-250.0,GRID_TO_PROVIDER,12.0,12.0,SK,ENTSO-E BalancingEnergyBids
20260523057-AFRR_N-UNIT_058-1,2026-05-23,aFRR,NEG_049,-50.0,GRID_TO_PROVIDER,1.0,1.0,SK,ENTSO-E BalancingEnergyBids
20260523057-AFRR_N-UNIT_013-1,2026-05-23,aFRR,NEG_049,-44.7,GRID_TO_PROVIDER,8.0,8.0,SK,ENTSO-E BalancingEnergyBids
20260523057-AFRR_N-UNIT_010-1,2026-05-23,aFRR,NEG_049,-44.7,GRID_TO_PROVIDER,30.0,30.0,SK,ENTSO-E BalancingEnergyBids
20260523057-AFRR_N-UNIT_043-1,2026-05-23,aFRR,NEG_049,10.0,GRID_TO_PROVIDER,2.0,2.0,SK,ENTSO-E BalancingEnergyBids
20260523057-AFRR_N-UNIT_104-1,2026-05-23,aFRR,NEG_049,0.0,GRID_TO_PROVIDER,4.0,4.0,SK,ENTSO-E BalancingEnergyBids
20260523057-AFRR_N-UNIT_089-1,2026-05-23,aFRR,NEG_049,-289.8,GRID_TO_PROVIDER,3.0,3.0,SK,ENTSO-E BalancingEnergyBids
20260523057-AFRR_N-UNIT_097-1,2026-05-23,aFRR,NEG_049,-50.0,GRID_TO_PROVIDER,4.0,4.0,SK,ENTSO-E BalancingEnergyBids
20260523057-AFRR_N-UNIT_019-1,2026-05-23,aFRR,NEG_049,-199.0,GRID_TO_PROVIDER,1.0,1.0,SK,ENTSO-E BalancingEnergyBids
20260523057-AFRR_N-UNIT_106-1,2026-05-23,aFRR,NEG_049,-19.0,GRID_TO_PROVIDER,1.0,1.0,SK,ENTSO-E BalancingEnergyBids
20260523057-AFRR_N-UNIT_123-1,2026-05-23,aFRR,NEG_049,-5.0,GRID_TO_PROVIDER,5.0,5.0,SK,ENTSO-E BalancingEnergyBids
20260523057-AFRR_P-UNIT_028-1,2026-05-23,aFRR,POS_049,5.0,PROVIDER_TO_GRID,5.0,5.0,SK,ENTSO-E BalancingEnergyBids
20260523057-AFRR_N-UNIT_028-1,2026-05-23,aFRR,NEG_049,-55.0,GRID_TO_PROVIDER,5.0,5.0,SK,ENTSO-E BalancingEnergyBids
20260523058-AFRR_P-UNIT_028-1,2026-05-23,aFRR,POS_050,5.0,PROVIDER_TO_GRID,5.0,5.0,SK,ENTSO-E BalancingEnergyBids
20260523058-AFRR_N-UNIT_028-1,2026-05-23,aFRR,NEG_050,-55.0,GRID_TO_PROVIDER,5.0,5.0,SK,ENTSO-E BalancingEnergyBids
20260523058-AFRR_P-UNIT_068-1,2026-05-23,aFRR,POS_050,132.0,PROVIDER_TO_GRID,1.0,1.0,SK,ENTSO-E BalancingEnergyBids
20260523058-AFRR_P-UNIT_052-1,2026-05-23,aFRR,POS_050,140.0,PROVIDER_TO_GRID,31.0,31.0,SK,ENTSO-E BalancingEnergyBids
20260523058-AFRR_P-UNIT_047-1,2026-05-23,aFRR,POS_050,500.0,PROVIDER_TO_GRID,10.0,10.0,SK,ENTSO-E BalancingEnergyBids
20260523058-AFRR_P-UNIT_051-1,2026-05-23,aFRR,POS_050,350.0,PROVIDER_TO_GRID,17.0,17.0,SK,ENTSO-E BalancingEnergyBids
20260523058-AFRR_P-UNIT_069-1,2026-05-23,aFRR,POS_050,135.0,PROVIDER_TO_GRID,15.0,15.0,SK,ENTSO-E BalancingEnergyBids
20260523058-AFRR_P-UNIT_058-1,2026-05-23,aFRR,POS_050,200.0,PROVIDER_TO_GRID,1.0,1.0,SK,ENTSO-E BalancingEnergyBids
20260523058-AFRR_P-UNIT_013-1,2026-05-23,aFRR,POS_050,190.07,PROVIDER_TO_GRID,20.0,20.0,SK,ENTSO-E BalancingEnergyBids
20260523058-AFRR_P-UNIT_062-1,2026-05-23,aFRR,POS_050,105.0,PROVIDER_TO_GRID,5.0,5.0,SK,ENTSO-E BalancingEnergyBids
20260523058-AFRR_P-UNIT_043-1,2026-05-23,aFRR,POS_050,105.0,PROVIDER_TO_GRID,3.0,3.0,SK,ENTSO-E BalancingEnergyBids
20260523058-AFRR_P-UNIT_063-1,2026-05-23,aFRR,POS_050,110.0,PROVIDER_TO_GRID,10.0,10.0,SK,ENTSO-E BalancingEnergyBids
20260523058-AFRR_P-UNIT_078-1,2026-05-23,aFRR,POS_050,749.0,PROVIDER_TO_GRID,3.0,3.0,SK,ENTSO-E BalancingEnergyBids
20260523058-AFRR_P-UNIT_104-1,2026-05-23,aFRR,POS_050,750.0,PROVIDER_TO_GRID,11.0,11.0,SK,ENTSO-E BalancingEnergyBids
20260523058-AFRR_P-UNIT_097-1,2026-05-23,aFRR,POS_050,85.0,PROVIDER_TO_GRID,3.0,3.0,SK,ENTSO-E BalancingEnergyBids
20260523058-AFRR_P-UNIT_019-1,2026-05-23,aFRR,POS_050,102.0,PROVIDER_TO_GRID,1.0,1.0,SK,ENTSO-E BalancingEnergyBids
20260523058-AFRR_P-UNIT_106-1,2026-05-23,aFRR,POS_050,300.0,PROVIDER_TO_GRID,1.0,1.0,SK,ENTSO-E BalancingEnergyBids
20260523058-AFRR_P-UNIT_123-1,2026-05-23,aFRR,POS_050,189.0,PROVIDER_TO_GRID,8.0,8.0,SK,ENTSO-E BalancingEnergyBids
20260523058-AFRR_N-UNIT_068-1,2026-05-23,aFRR,NEG_050,-30.95,GRID_TO_PROVIDER,1.0,1.0,SK,ENTSO-E BalancingEnergyBids
20260523058-AFRR_N-UNIT_052-1,2026-05-23,aFRR,NEG_050,-30.0,GRID_TO_PROVIDER,6.0,6.0,SK,ENTSO-E BalancingEnergyBids
20260523058-AFRR_N-UNIT_051-1,2026-05-23,aFRR,NEG_050,-144.0,GRID_TO_PROVIDER,5.0,5.0,SK,ENTSO-E BalancingEnergyBids
20260523058-AFRR_N-UNIT_069-1,2026-05-23,aFRR,NEG_050,-250.0,GRID_TO_PROVIDER,12.0,12.0,SK,ENTSO-E BalancingEnergyBids
20260523058-AFRR_N-UNIT_058-1,2026-05-23,aFRR,NEG_050,-50.0,GRID_TO_PROVIDER,1.0,1.0,SK,ENTSO-E BalancingEnergyBids
20260523058-AFRR_N-UNIT_013-1,2026-05-23,aFRR,NEG_050,-33.17,GRID_TO_PROVIDER,8.0,8.0,SK,ENTSO-E BalancingEnergyBids
20260523058-AFRR_N-UNIT_010-1,2026-05-23,aFRR,NEG_050,-33.17,GRID_TO_PROVIDER,30.0,30.0,SK,ENTSO-E BalancingEnergyBids
20260523058-AFRR_N-UNIT_043-1,2026-05-23,aFRR,NEG_050,10.0,GRID_TO_PROVIDER,2.0,2.0,SK,ENTSO-E BalancingEnergyBids
20260523058-AFRR_N-UNIT_104-1,2026-05-23,aFRR,NEG_050,0.0,GRID_TO_PROVIDER,4.0,4.0,SK,ENTSO-E BalancingEnergyBids
20260523058-AFRR_N-UNIT_089-1,2026-05-23,aFRR,NEG_050,-282.11,GRID_TO_PROVIDER,3.0,3.0,SK,ENTSO-E BalancingEnergyBids
20260523058-AFRR_N-UNIT_097-1,2026-05-23,aFRR,NEG_050,-50.0,GRID_TO_PROVIDER,4.0,4.0,SK,ENTSO-E BalancingEnergyBids
20260523058-AFRR_N-UNIT_019-1,2026-05-23,aFRR,NEG_050,-199.0,GRID_TO_PROVIDER,1.0,1.0,SK,ENTSO-E BalancingEnergyBids
20260523058-AFRR_N-UNIT_106-1,2026-05-23,aFRR,NEG_050,-19.0,GRID_TO_PROVIDER,1.0,1.0,SK,ENTSO-E BalancingEnergyBids
20260523058-AFRR_N-UNIT_123-1,2026-05-23,aFRR,NEG_050,-5.0,GRID_TO_PROVIDER,5.0,5.0,SK,ENTSO-E BalancingEnergyBids
20260523059-AFRR_P-UNIT_123-1,2026-05-23,aFRR,POS_051,189.0,PROVIDER_TO_GRID,8.0,8.0,SK,ENTSO-E BalancingEnergyBids
20260523059-AFRR_N-UNIT_068-1,2026-05-23,aFRR,NEG_051,-20.88,GRID_TO_PROVIDER,1.0,1.0,SK,ENTSO-E BalancingEnergyBids
20260523059-AFRR_N-UNIT_052-1,2026-05-23,aFRR,NEG_051,-30.0,GRID_TO_PROVIDER,6.0,6.0,SK,ENTSO-E BalancingEnergyBids
20260523059-AFRR_N-UNIT_051-1,2026-05-23,aFRR,NEG_051,-144.0,GRID_TO_PROVIDER,5.0,5.0,SK,ENTSO-E BalancingEnergyBids
20260523059-AFRR_N-UNIT_069-1,2026-05-23,aFRR,NEG_051,-250.0,GRID_TO_PROVIDER,12.0,12.0,SK,ENTSO-E BalancingEnergyBids
20260523059-AFRR_N-UNIT_058-1,2026-05-23,aFRR,NEG_051,-50.0,GRID_TO_PROVIDER,1.0,1.0,SK,ENTSO-E BalancingEnergyBids
20260523059-AFRR_N-UNIT_013-1,2026-05-23,aFRR,NEG_051,-22.38,GRID_TO_PROVIDER,8.0,8.0,SK,ENTSO-E BalancingEnergyBids
20260523059-AFRR_N-UNIT_010-1,2026-05-23,aFRR,NEG_051,-22.38,GRID_TO_PROVIDER,30.0,30.0,SK,ENTSO-E BalancingEnergyBids
20260523059-AFRR_N-UNIT_043-1,2026-05-23,aFRR,NEG_051,10.0,GRID_TO_PROVIDER,2.0,2.0,SK,ENTSO-E BalancingEnergyBids
20260523059-AFRR_N-UNIT_104-1,2026-05-23,aFRR,NEG_051,0.0,GRID_TO_PROVIDER,4.0,4.0,SK,ENTSO-E BalancingEnergyBids
20260523059-AFRR_N-UNIT_089-1,2026-05-23,aFRR,NEG_051,-274.92,GRID_TO_PROVIDER,3.0,3.0,SK,ENTSO-E BalancingEnergyBids
20260523059-AFRR_N-UNIT_097-1,2026-05-23,aFRR,NEG_051,-50.0,GRID_TO_PROVIDER,4.0,4.0,SK,ENTSO-E BalancingEnergyBids
20260523059-AFRR_N-UNIT_019-1,2026-05-23,aFRR,NEG_051,-199.0,GRID_TO_PROVIDER,1.0,1.0,SK,ENTSO-E BalancingEnergyBids
20260523059-AFRR_N-UNIT_106-1,2026-05-23,aFRR,NEG_051,-19.0,GRID_TO_PROVIDER,1.0,1.0,SK,ENTSO-E BalancingEnergyBids
20260523059-AFRR_N-UNIT_123-1,2026-05-23,aFRR,NEG_051,-5.0,GRID_TO_PROVIDER,5.0,5.0,SK,ENTSO-E BalancingEnergyBids
20260523059-AFRR_P-UNIT_068-1,2026-05-23,aFRR,POS_051,132.0,PROVIDER_TO_GRID,1.0,1.0,SK,ENTSO-E BalancingEnergyBids
20260523059-AFRR_P-UNIT_052-1,2026-05-23,aFRR,POS_051,140.0,PROVIDER_TO_GRID,31.0,31.0,SK,ENTSO-E BalancingEnergyBids
20260523059-AFRR_P-UNIT_047-1,2026-05-23,aFRR,POS_051,500.0,PROVIDER_TO_GRID,10.0,10.0,SK,ENTSO-E BalancingEnergyBids
20260523059-AFRR_P-UNIT_051-1,2026-05-23,aFRR,POS_051,350.0,PROVIDER_TO_GRID,17.0,17.0,SK,ENTSO-E BalancingEnergyBids
20260523059-AFRR_P-UNIT_069-1,2026-05-23,aFRR,POS_051,135.0,PROVIDER_TO_GRID,15.0,15.0,SK,ENTSO-E BalancingEnergyBids
20260523059-AFRR_P-UNIT_058-1,2026-05-23,aFRR,POS_051,200.0,PROVIDER_TO_GRID,1.0,1.0,SK,ENTSO-E BalancingEnergyBids
20260523059-AFRR_P-UNIT_013-1,2026-05-23,aFRR,POS_051,190.07,PROVIDER_TO_GRID,20.0,20.0,SK,ENTSO-E BalancingEnergyBids
20260523059-AFRR_P-UNIT_062-1,2026-05-23,aFRR,POS_051,105.0,PROVIDER_TO_GRID,5.0,5.0,SK,ENTSO-E BalancingEnergyBids
20260523059-AFRR_P-UNIT_043-1,2026-05-23,aFRR,POS_051,105.0,PROVIDER_TO_GRID,3.0,3.0,SK,ENTSO-E BalancingEnergyBids
20260523059-AFRR_P-UNIT_063-1,2026-05-23,aFRR,POS_051,110.0,PROVIDER_TO_GRID,10.0,10.0,SK,ENTSO-E BalancingEnergyBids
20260523059-AFRR_P-UNIT_078-1,2026-05-23,aFRR,POS_051,749.0,PROVIDER_TO_GRID,3.0,3.0,SK,ENTSO-E BalancingEnergyBids
20260523059-AFRR_P-UNIT_104-1,2026-05-23,aFRR,POS_051,750.0,PROVIDER_TO_GRID,11.0,11.0,SK,ENTSO-E BalancingEnergyBids
20260523059-AFRR_P-UNIT_097-1,2026-05-23,aFRR,POS_051,85.0,PROVIDER_TO_GRID,3.0,3.0,SK,ENTSO-E BalancingEnergyBids
20260523059-AFRR_P-UNIT_019-1,2026-05-23,aFRR,POS_051,104.0,PROVIDER_TO_GRID,1.0,1.0,SK,ENTSO-E BalancingEnergyBids
20260523059-AFRR_P-UNIT_106-1,2026-05-23,aFRR,POS_051,300.0,PROVIDER_TO_GRID,1.0,1.0,SK,ENTSO-E BalancingEnergyBids
20260523059-AFRR_P-UNIT_028-1,2026-05-23,aFRR,POS_051,5.0,PROVIDER_TO_GRID,5.0,5.0,SK,ENTSO-E BalancingEnergyBids
20260523059-AFRR_N-UNIT_028-1,2026-05-23,aFRR,NEG_051,-55.0,GRID_TO_PROVIDER,5.0,5.0,SK,ENTSO-E BalancingEnergyBids
20260523060-AFRR_P-UNIT_068-1,2026-05-23,aFRR,POS_052,132.0,PROVIDER_TO_GRID,1.0,1.0,SK,ENTSO-E BalancingEnergyBids
20260523060-AFRR_P-UNIT_052-1,2026-05-23,aFRR,POS_052,140.0,PROVIDER_TO_GRID,31.0,31.0,SK,ENTSO-E BalancingEnergyBids
20260523060-AFRR_P-UNIT_047-1,2026-05-23,aFRR,POS_052,500.0,PROVIDER_TO_GRID,10.0,10.0,SK,ENTSO-E BalancingEnergyBids
20260523060-AFRR_P-UNIT_051-1,2026-05-23,aFRR,POS_052,350.0,PROVIDER_TO_GRID,17.0,17.0,SK,ENTSO-E BalancingEnergyBids
20260523060-AFRR_P-UNIT_069-1,2026-05-23,aFRR,POS_052,135.0,PROVIDER_TO_GRID,15.0,15.0,SK,ENTSO-E BalancingEnergyBids
20260523060-AFRR_P-UNIT_058-1,2026-05-23,aFRR,POS_052,200.0,PROVIDER_TO_GRID,1.0,1.0,SK,ENTSO-E BalancingEnergyBids
20260523060-AFRR_P-UNIT_013-1,2026-05-23,aFRR,POS_052,190.07,PROVIDER_TO_GRID,20.0,20.0,SK,ENTSO-E BalancingEnergyBids
20260523060-AFRR_P-UNIT_062-1,2026-05-23,aFRR,POS_052,105.0,PROVIDER_TO_GRID,5.0,5.0,SK,ENTSO-E BalancingEnergyBids
20260523060-AFRR_P-UNIT_043-1,2026-05-23,aFRR,POS_052,105.0,PROVIDER_TO_GRID,3.0,3.0,SK,ENTSO-E BalancingEnergyBids
20260523060-AFRR_P-UNIT_063-1,2026-05-23,aFRR,POS_052,110.0,PROVIDER_TO_GRID,10.0,10.0,SK,ENTSO-E BalancingEnergyBids
20260523060-AFRR_P-UNIT_078-1,2026-05-23,aFRR,POS_052,749.0,PROVIDER_TO_GRID,3.0,3.0,SK,ENTSO-E BalancingEnergyBids
20260523060-AFRR_P-UNIT_104-1,2026-05-23,aFRR,POS_052,750.0,PROVIDER_TO_GRID,11.0,11.0,SK,ENTSO-E BalancingEnergyBids
20260523060-AFRR_P-UNIT_097-1,2026-05-23,aFRR,POS_052,85.0,PROVIDER_TO_GRID,3.0,3.0,SK,ENTSO-E BalancingEnergyBids
20260523060-AFRR_P-UNIT_019-1,2026-05-23,aFRR,POS_052,108.0,PROVIDER_TO_GRID,1.0,1.0,SK,ENTSO-E BalancingEnergyBids
20260523060-AFRR_P-UNIT_106-1,2026-05-23,aFRR,POS_052,300.0,PROVIDER_TO_GRID,1.0,1.0,SK,ENTSO-E BalancingEnergyBids
20260523060-AFRR_P-UNIT_123-1,2026-05-23,aFRR,POS_052,189.0,PROVIDER_TO_GRID,8.0,8.0,SK,ENTSO-E BalancingEnergyBids
20260523060-AFRR_N-UNIT_068-1,2026-05-23,aFRR,NEG_052,-20.14,GRID_TO_PROVIDER,1.0,1.0,SK,ENTSO-E BalancingEnergyBids
20260523060-AFRR_N-UNIT_052-1,2026-05-23,aFRR,NEG_052,-30.0,GRID_TO_PROVIDER,6.0,6.0,SK,ENTSO-E BalancingEnergyBids
20260523060-AFRR_N-UNIT_051-1,2026-05-23,aFRR,NEG_052,-144.0,GRID_TO_PROVIDER,5.0,5.0,SK,ENTSO-E BalancingEnergyBids
20260523060-AFRR_N-UNIT_069-1,2026-05-23,aFRR,NEG_052,-250.0,GRID_TO_PROVIDER,12.0,12.0,SK,ENTSO-E BalancingEnergyBids
20260523060-AFRR_N-UNIT_058-1,2026-05-23,aFRR,NEG_052,-50.0,GRID_TO_PROVIDER,1.0,1.0,SK,ENTSO-E BalancingEnergyBids
20260523060-AFRR_N-UNIT_013-1,2026-05-23,aFRR,NEG_052,-21.59,GRID_TO_PROVIDER,8.0,8.0,SK,ENTSO-E BalancingEnergyBids
20260523060-AFRR_N-UNIT_010-1,2026-05-23,aFRR,NEG_052,-21.59,GRID_TO_PROVIDER,30.0,30.0,SK,ENTSO-E BalancingEnergyBids
20260523060-AFRR_N-UNIT_043-1,2026-05-23,aFRR,NEG_052,10.0,GRID_TO_PROVIDER,2.0,2.0,SK,ENTSO-E BalancingEnergyBids
20260523060-AFRR_N-UNIT_104-1,2026-05-23,aFRR,NEG_052,0.0,GRID_TO_PROVIDER,4.0,4.0,SK,ENTSO-E BalancingEnergyBids
20260523060-AFRR_N-UNIT_089-1,2026-05-23,aFRR,NEG_052,-274.39,GRID_TO_PROVIDER,3.0,3.0,SK,ENTSO-E BalancingEnergyBids
20260523060-AFRR_N-UNIT_097-1,2026-05-23,aFRR,NEG_052,-50.0,GRID_TO_PROVIDER,4.0,4.0,SK,ENTSO-E BalancingEnergyBids
20260523060-AFRR_N-UNIT_019-1,2026-05-23,aFRR,NEG_052,-199.0,GRID_TO_PROVIDER,1.0,1.0,SK,ENTSO-E BalancingEnergyBids
20260523060-AFRR_N-UNIT_106-1,2026-05-23,aFRR,NEG_052,-19.0,GRID_TO_PROVIDER,1.0,1.0,SK,ENTSO-E BalancingEnergyBids
20260523060-AFRR_N-UNIT_123-1,2026-05-23,aFRR,NEG_052,-5.0,GRID_TO_PROVIDER,5.0,5.0,SK,ENTSO-E BalancingEnergyBids
20260523060-AFRR_P-UNIT_028-1,2026-05-23,aFRR,POS_052,5.0,PROVIDER_TO_GRID,5.0,5.0,SK,ENTSO-E BalancingEnergyBids
20260523060-AFRR_N-UNIT_028-1,2026-05-23,aFRR,NEG_052,-55.0,GRID_TO_PROVIDER,5.0,5.0,SK,ENTSO-E BalancingEnergyBids
20260523061-AFRR_P-UNIT_068-1,2026-05-23,aFRR,POS_053,132.0,PROVIDER_TO_GRID,1.0,1.0,SK,ENTSO-E BalancingEnergyBids
20260523061-AFRR_P-UNIT_052-1,2026-05-23,aFRR,POS_053,140.0,PROVIDER_TO_GRID,31.0,31.0,SK,ENTSO-E BalancingEnergyBids
20260523061-AFRR_P-UNIT_047-1,2026-05-23,aFRR,POS_053,500.0,PROVIDER_TO_GRID,10.0,10.0,SK,ENTSO-E BalancingEnergyBids
20260523061-AFRR_P-UNIT_051-1,2026-05-23,aFRR,POS_053,350.0,PROVIDER_TO_GRID,17.0,17.0,SK,ENTSO-E BalancingEnergyBids
20260523061-AFRR_P-UNIT_069-1,2026-05-23,aFRR,POS_053,135.0,PROVIDER_TO_GRID,15.0,15.0,SK,ENTSO-E BalancingEnergyBids
20260523061-AFRR_P-UNIT_058-1,2026-05-23,aFRR,POS_053,200.0,PROVIDER_TO_GRID,1.0,1.0,SK,ENTSO-E BalancingEnergyBids
20260523061-AFRR_P-UNIT_013-1,2026-05-23,aFRR,POS_053,190.07,PROVIDER_TO_GRID,20.0,20.0,SK,ENTSO-E BalancingEnergyBids
20260523061-AFRR_P-UNIT_062-1,2026-05-23,aFRR,POS_053,105.0,PROVIDER_TO_GRID,5.0,5.0,SK,ENTSO-E BalancingEnergyBids
20260523061-AFRR_P-UNIT_043-1,2026-05-23,aFRR,POS_053,105.0,PROVIDER_TO_GRID,3.0,3.0,SK,ENTSO-E BalancingEnergyBids
20260523061-AFRR_P-UNIT_063-1,2026-05-23,aFRR,POS_053,110.0,PROVIDER_TO_GRID,10.0,10.0,SK,ENTSO-E BalancingEnergyBids
20260523061-AFRR_P-UNIT_078-1,2026-05-23,aFRR,POS_053,749.0,PROVIDER_TO_GRID,3.0,3.0,SK,ENTSO-E BalancingEnergyBids
20260523061-AFRR_P-UNIT_104-1,2026-05-23,aFRR,POS_053,750.0,PROVIDER_TO_GRID,11.0,11.0,SK,ENTSO-E BalancingEnergyBids
20260523061-AFRR_P-UNIT_097-1,2026-05-23,aFRR,POS_053,85.0,PROVIDER_TO_GRID,3.0,3.0,SK,ENTSO-E BalancingEnergyBids
20260523061-AFRR_P-UNIT_019-1,2026-05-23,aFRR,POS_053,107.0,PROVIDER_TO_GRID,1.0,1.0,SK,ENTSO-E BalancingEnergyBids
20260523061-AFRR_P-UNIT_106-1,2026-05-23,aFRR,POS_053,300.0,PROVIDER_TO_GRID,1.0,1.0,SK,ENTSO-E BalancingEnergyBids
20260523061-AFRR_P-UNIT_123-1,2026-05-23,aFRR,POS_053,189.0,PROVIDER_TO_GRID,8.0,8.0,SK,ENTSO-E BalancingEnergyBids
20260523061-AFRR_N-UNIT_068-1,2026-05-23,aFRR,NEG_053,-12.13,GRID_TO_PROVIDER,1.0,1.0,SK,ENTSO-E BalancingEnergyBids
20260523061-AFRR_N-UNIT_052-1,2026-05-23,aFRR,NEG_053,-30.0,GRID_TO_PROVIDER,6.0,6.0,SK,ENTSO-E BalancingEnergyBids
20260523061-AFRR_N-UNIT_051-1,2026-05-23,aFRR,NEG_053,-144.0,GRID_TO_PROVIDER,5.0,5.0,SK,ENTSO-E BalancingEnergyBids
20260523061-AFRR_N-UNIT_069-1,2026-05-23,aFRR,NEG_053,-250.0,GRID_TO_PROVIDER,12.0,12.0,SK,ENTSO-E BalancingEnergyBids
20260523061-AFRR_N-UNIT_058-1,2026-05-23,aFRR,NEG_053,-50.0,GRID_TO_PROVIDER,1.0,1.0,SK,ENTSO-E BalancingEnergyBids
20260523061-AFRR_N-UNIT_013-1,2026-05-23,aFRR,NEG_053,-13.01,GRID_TO_PROVIDER,8.0,8.0,SK,ENTSO-E BalancingEnergyBids
20260523061-AFRR_N-UNIT_010-1,2026-05-23,aFRR,NEG_053,-13.01,GRID_TO_PROVIDER,30.0,30.0,SK,ENTSO-E BalancingEnergyBids
20260523061-AFRR_N-UNIT_043-1,2026-05-23,aFRR,NEG_053,10.0,GRID_TO_PROVIDER,2.0,2.0,SK,ENTSO-E BalancingEnergyBids
20260523061-AFRR_N-UNIT_104-1,2026-05-23,aFRR,NEG_053,0.0,GRID_TO_PROVIDER,4.0,4.0,SK,ENTSO-E BalancingEnergyBids
20260523061-AFRR_N-UNIT_089-1,2026-05-23,aFRR,NEG_053,-268.67,GRID_TO_PROVIDER,3.0,3.0,SK,ENTSO-E BalancingEnergyBids
20260523061-AFRR_N-UNIT_097-1,2026-05-23,aFRR,NEG_053,-50.0,GRID_TO_PROVIDER,4.0,4.0,SK,ENTSO-E BalancingEnergyBids
20260523061-AFRR_N-UNIT_019-1,2026-05-23,aFRR,NEG_053,-199.0,GRID_TO_PROVIDER,1.0,1.0,SK,ENTSO-E BalancingEnergyBids
20260523061-AFRR_N-UNIT_106-1,2026-05-23,aFRR,NEG_053,-19.0,GRID_TO_PROVIDER,1.0,1.0,SK,ENTSO-E BalancingEnergyBids
20260523061-AFRR_N-UNIT_123-1,2026-05-23,aFRR,NEG_053,-5.0,GRID_TO_PROVIDER,5.0,5.0,SK,ENTSO-E BalancingEnergyBids
20260523061-AFRR_P-UNIT_028-1,2026-05-23,aFRR,POS_053,5.0,PROVIDER_TO_GRID,5.0,5.0,SK,ENTSO-E BalancingEnergyBids
20260523061-AFRR_N-UNIT_028-1,2026-05-23,aFRR,NEG_053,-55.0,GRID_TO_PROVIDER,5.0,5.0,SK,ENTSO-E BalancingEnergyBids
20260523062-AFRR_P-UNIT_078-1,2026-05-23,aFRR,POS_054,749.0,PROVIDER_TO_GRID,3.0,3.0,SK,ENTSO-E BalancingEnergyBids
20260523062-AFRR_P-UNIT_104-1,2026-05-23,aFRR,POS_054,750.0,PROVIDER_TO_GRID,11.0,11.0,SK,ENTSO-E BalancingEnergyBids
20260523062-AFRR_P-UNIT_097-1,2026-05-23,aFRR,POS_054,85.0,PROVIDER_TO_GRID,3.0,3.0,SK,ENTSO-E BalancingEnergyBids
20260523062-AFRR_P-UNIT_019-1,2026-05-23,aFRR,POS_054,116.0,PROVIDER_TO_GRID,1.0,1.0,SK,ENTSO-E BalancingEnergyBids
20260523062-AFRR_P-UNIT_106-1,2026-05-23,aFRR,POS_054,300.0,PROVIDER_TO_GRID,1.0,1.0,SK,ENTSO-E BalancingEnergyBids
20260523062-AFRR_P-UNIT_123-1,2026-05-23,aFRR,POS_054,189.0,PROVIDER_TO_GRID,8.0,8.0,SK,ENTSO-E BalancingEnergyBids
20260523062-AFRR_N-UNIT_068-1,2026-05-23,aFRR,NEG_054,-5.0,GRID_TO_PROVIDER,1.0,1.0,SK,ENTSO-E BalancingEnergyBids
20260523062-AFRR_N-UNIT_052-1,2026-05-23,aFRR,NEG_054,-30.0,GRID_TO_PROVIDER,6.0,6.0,SK,ENTSO-E BalancingEnergyBids
20260523062-AFRR_N-UNIT_051-1,2026-05-23,aFRR,NEG_054,-144.0,GRID_TO_PROVIDER,5.0,5.0,SK,ENTSO-E BalancingEnergyBids
20260523062-AFRR_N-UNIT_069-1,2026-05-23,aFRR,NEG_054,-250.0,GRID_TO_PROVIDER,12.0,12.0,SK,ENTSO-E BalancingEnergyBids
20260523062-AFRR_N-UNIT_058-1,2026-05-23,aFRR,NEG_054,-50.0,GRID_TO_PROVIDER,1.0,1.0,SK,ENTSO-E BalancingEnergyBids
20260523062-AFRR_N-UNIT_013-1,2026-05-23,aFRR,NEG_054,-10.0,GRID_TO_PROVIDER,8.0,8.0,SK,ENTSO-E BalancingEnergyBids
20260523062-AFRR_N-UNIT_010-1,2026-05-23,aFRR,NEG_054,-10.0,GRID_TO_PROVIDER,30.0,30.0,SK,ENTSO-E BalancingEnergyBids
20260523062-AFRR_N-UNIT_043-1,2026-05-23,aFRR,NEG_054,10.0,GRID_TO_PROVIDER,2.0,2.0,SK,ENTSO-E BalancingEnergyBids
20260523062-AFRR_N-UNIT_104-1,2026-05-23,aFRR,NEG_054,0.0,GRID_TO_PROVIDER,4.0,4.0,SK,ENTSO-E BalancingEnergyBids
20260523062-AFRR_N-UNIT_089-1,2026-05-23,aFRR,NEG_054,-263.23,GRID_TO_PROVIDER,3.0,3.0,SK,ENTSO-E BalancingEnergyBids
20260523062-AFRR_N-UNIT_097-1,2026-05-23,aFRR,NEG_054,-50.0,GRID_TO_PROVIDER,4.0,4.0,SK,ENTSO-E BalancingEnergyBids
20260523062-AFRR_N-UNIT_019-1,2026-05-23,aFRR,NEG_054,-199.0,GRID_TO_PROVIDER,1.0,1.0,SK,ENTSO-E BalancingEnergyBids
20260523062-AFRR_N-UNIT_106-1,2026-05-23,aFRR,NEG_054,-19.0,GRID_TO_PROVIDER,1.0,1.0,SK,ENTSO-E BalancingEnergyBids
20260523062-AFRR_N-UNIT_123-1,2026-05-23,aFRR,NEG_054,-5.0,GRID_TO_PROVIDER,5.0,5.0,SK,ENTSO-E BalancingEnergyBids
20260523062-AFRR_P-UNIT_068-1,2026-05-23,aFRR,POS_054,132.0,PROVIDER_TO_GRID,1.0,1.0,SK,ENTSO-E BalancingEnergyBids
20260523062-AFRR_P-UNIT_052-1,2026-05-23,aFRR,POS_054,140.0,PROVIDER_TO_GRID,31.0,31.0,SK,ENTSO-E BalancingEnergyBids
20260523062-AFRR_P-UNIT_047-1,2026-05-23,aFRR,POS_054,500.0,PROVIDER_TO_GRID,10.0,10.0,SK,ENTSO-E BalancingEnergyBids
20260523062-AFRR_P-UNIT_051-1,2026-05-23,aFRR,POS_054,350.0,PROVIDER_TO_GRID,17.0,17.0,SK,ENTSO-E BalancingEnergyBids
20260523062-AFRR_P-UNIT_069-1,2026-05-23,aFRR,POS_054,135.0,PROVIDER_TO_GRID,15.0,15.0,SK,ENTSO-E BalancingEnergyBids
20260523062-AFRR_P-UNIT_058-1,2026-05-23,aFRR,POS_054,200.0,PROVIDER_TO_GRID,1.0,1.0,SK,ENTSO-E BalancingEnergyBids
20260523062-AFRR_P-UNIT_013-1,2026-05-23,aFRR,POS_054,190.07,PROVIDER_TO_GRID,20.0,20.0,SK,ENTSO-E BalancingEnergyBids
20260523062-AFRR_P-UNIT_062-1,2026-05-23,aFRR,POS_054,105.0,PROVIDER_TO_GRID,5.0,5.0,SK,ENTSO-E BalancingEnergyBids
20260523062-AFRR_P-UNIT_043-1,2026-05-23,aFRR,POS_054,105.0,PROVIDER_TO_GRID,3.0,3.0,SK,ENTSO-E BalancingEnergyBids
20260523062-AFRR_P-UNIT_063-1,2026-05-23,aFRR,POS_054,110.0,PROVIDER_TO_GRID,10.0,10.0,SK,ENTSO-E BalancingEnergyBids
20260523062-AFRR_P-UNIT_028-1,2026-05-23,aFRR,POS_054,5.0,PROVIDER_TO_GRID,5.0,5.0,SK,ENTSO-E BalancingEnergyBids
20260523062-AFRR_N-UNIT_028-1,2026-05-23,aFRR,NEG_054,-55.0,GRID_TO_PROVIDER,5.0,5.0,SK,ENTSO-E BalancingEnergyBids
20260523063-AFRR_P-UNIT_028-1,2026-05-23,aFRR,POS_055,5.0,PROVIDER_TO_GRID,5.0,5.0,SK,ENTSO-E BalancingEnergyBids
20260523063-AFRR_N-UNIT_028-1,2026-05-23,aFRR,NEG_055,-55.0,GRID_TO_PROVIDER,5.0,5.0,SK,ENTSO-E BalancingEnergyBids
20260523063-AFRR_P-UNIT_068-1,2026-05-23,aFRR,POS_055,132.0,PROVIDER_TO_GRID,1.0,1.0,SK,ENTSO-E BalancingEnergyBids
20260523063-AFRR_P-UNIT_052-1,2026-05-23,aFRR,POS_055,140.0,PROVIDER_TO_GRID,31.0,31.0,SK,ENTSO-E BalancingEnergyBids
20260523063-AFRR_P-UNIT_047-1,2026-05-23,aFRR,POS_055,500.0,PROVIDER_TO_GRID,10.0,10.0,SK,ENTSO-E BalancingEnergyBids
20260523063-AFRR_P-UNIT_051-1,2026-05-23,aFRR,POS_055,350.0,PROVIDER_TO_GRID,17.0,17.0,SK,ENTSO-E BalancingEnergyBids
20260523063-AFRR_P-UNIT_069-1,2026-05-23,aFRR,POS_055,135.0,PROVIDER_TO_GRID,15.0,15.0,SK,ENTSO-E BalancingEnergyBids
20260523063-AFRR_P-UNIT_058-1,2026-05-23,aFRR,POS_055,200.0,PROVIDER_TO_GRID,1.0,1.0,SK,ENTSO-E BalancingEnergyBids
20260523063-AFRR_P-UNIT_013-1,2026-05-23,aFRR,POS_055,190.07,PROVIDER_TO_GRID,20.0,20.0,SK,ENTSO-E BalancingEnergyBids
20260523063-AFRR_P-UNIT_062-1,2026-05-23,aFRR,POS_055,105.0,PROVIDER_TO_GRID,5.0,5.0,SK,ENTSO-E BalancingEnergyBids
20260523063-AFRR_P-UNIT_043-1,2026-05-23,aFRR,POS_055,105.0,PROVIDER_TO_GRID,3.0,3.0,SK,ENTSO-E BalancingEnergyBids
20260523063-AFRR_P-UNIT_063-1,2026-05-23,aFRR,POS_055,110.0,PROVIDER_TO_GRID,10.0,10.0,SK,ENTSO-E BalancingEnergyBids
20260523063-AFRR_P-UNIT_078-1,2026-05-23,aFRR,POS_055,749.0,PROVIDER_TO_GRID,3.0,3.0,SK,ENTSO-E BalancingEnergyBids
20260523063-AFRR_P-UNIT_104-1,2026-05-23,aFRR,POS_055,750.0,PROVIDER_TO_GRID,11.0,11.0,SK,ENTSO-E BalancingEnergyBids
20260523063-AFRR_P-UNIT_097-1,2026-05-23,aFRR,POS_055,85.0,PROVIDER_TO_GRID,3.0,3.0,SK,ENTSO-E BalancingEnergyBids
20260523063-AFRR_P-UNIT_019-1,2026-05-23,aFRR,POS_055,114.0,PROVIDER_TO_GRID,1.0,1.0,SK,ENTSO-E BalancingEnergyBids
20260523063-AFRR_P-UNIT_106-1,2026-05-23,aFRR,POS_055,300.0,PROVIDER_TO_GRID,1.0,1.0,SK,ENTSO-E BalancingEnergyBids
20260523063-AFRR_P-UNIT_123-1,2026-05-23,aFRR,POS_055,189.0,PROVIDER_TO_GRID,8.0,8.0,SK,ENTSO-E BalancingEnergyBids
20260523063-AFRR_N-UNIT_068-1,2026-05-23,aFRR,NEG_055,-5.0,GRID_TO_PROVIDER,1.0,1.0,SK,ENTSO-E BalancingEnergyBids
20260523063-AFRR_N-UNIT_052-1,2026-05-23,aFRR,NEG_055,-30.0,GRID_TO_PROVIDER,6.0,6.0,SK,ENTSO-E BalancingEnergyBids
20260523063-AFRR_N-UNIT_051-1,2026-05-23,aFRR,NEG_055,-144.0,GRID_TO_PROVIDER,5.0,5.0,SK,ENTSO-E BalancingEnergyBids
20260523063-AFRR_N-UNIT_069-1,2026-05-23,aFRR,NEG_055,-250.0,GRID_TO_PROVIDER,12.0,12.0,SK,ENTSO-E BalancingEnergyBids
20260523063-AFRR_N-UNIT_058-1,2026-05-23,aFRR,NEG_055,-50.0,GRID_TO_PROVIDER,1.0,1.0,SK,ENTSO-E BalancingEnergyBids
20260523063-AFRR_N-UNIT_013-1,2026-05-23,aFRR,NEG_055,-10.0,GRID_TO_PROVIDER,8.0,8.0,SK,ENTSO-E BalancingEnergyBids
20260523063-AFRR_N-UNIT_010-1,2026-05-23,aFRR,NEG_055,-10.0,GRID_TO_PROVIDER,30.0,30.0,SK,ENTSO-E BalancingEnergyBids
20260523063-AFRR_N-UNIT_043-1,2026-05-23,aFRR,NEG_055,10.0,GRID_TO_PROVIDER,2.0,2.0,SK,ENTSO-E BalancingEnergyBids
20260523063-AFRR_N-UNIT_104-1,2026-05-23,aFRR,NEG_055,0.0,GRID_TO_PROVIDER,4.0,4.0,SK,ENTSO-E BalancingEnergyBids
20260523063-AFRR_N-UNIT_089-1,2026-05-23,aFRR,NEG_055,-262.1,GRID_TO_PROVIDER,3.0,3.0,SK,ENTSO-E BalancingEnergyBids
20260523063-AFRR_N-UNIT_097-1,2026-05-23,aFRR,NEG_055,-50.0,GRID_TO_PROVIDER,4.0,4.0,SK,ENTSO-E BalancingEnergyBids
20260523063-AFRR_N-UNIT_019-1,2026-05-23,aFRR,NEG_055,-199.0,GRID_TO_PROVIDER,1.0,1.0,SK,ENTSO-E BalancingEnergyBids
20260523063-AFRR_N-UNIT_106-1,2026-05-23,aFRR,NEG_055,-19.0,GRID_TO_PROVIDER,1.0,1.0,SK,ENTSO-E BalancingEnergyBids
20260523063-AFRR_N-UNIT_123-1,2026-05-23,aFRR,NEG_055,-5.0,GRID_TO_PROVIDER,5.0,5.0,SK,ENTSO-E BalancingEnergyBids
20260523064-AFRR_P-UNIT_068-1,2026-05-23,aFRR,POS_056,132.0,PROVIDER_TO_GRID,1.0,1.0,SK,ENTSO-E BalancingEnergyBids
20260523064-AFRR_P-UNIT_052-1,2026-05-23,aFRR,POS_056,140.0,PROVIDER_TO_GRID,31.0,31.0,SK,ENTSO-E BalancingEnergyBids
20260523064-AFRR_P-UNIT_047-1,2026-05-23,aFRR,POS_056,500.0,PROVIDER_TO_GRID,10.0,10.0,SK,ENTSO-E BalancingEnergyBids
20260523064-AFRR_P-UNIT_051-1,2026-05-23,aFRR,POS_056,350.0,PROVIDER_TO_GRID,17.0,17.0,SK,ENTSO-E BalancingEnergyBids
20260523064-AFRR_P-UNIT_069-1,2026-05-23,aFRR,POS_056,135.0,PROVIDER_TO_GRID,15.0,15.0,SK,ENTSO-E BalancingEnergyBids
20260523064-AFRR_P-UNIT_058-1,2026-05-23,aFRR,POS_056,200.0,PROVIDER_TO_GRID,1.0,1.0,SK,ENTSO-E BalancingEnergyBids
20260523064-AFRR_P-UNIT_013-1,2026-05-23,aFRR,POS_056,190.07,PROVIDER_TO_GRID,20.0,20.0,SK,ENTSO-E BalancingEnergyBids
20260523064-AFRR_P-UNIT_062-1,2026-05-23,aFRR,POS_056,105.0,PROVIDER_TO_GRID,5.0,5.0,SK,ENTSO-E BalancingEnergyBids
20260523064-AFRR_P-UNIT_043-1,2026-05-23,aFRR,POS_056,105.0,PROVIDER_TO_GRID,3.0,3.0,SK,ENTSO-E BalancingEnergyBids
20260523064-AFRR_P-UNIT_063-1,2026-05-23,aFRR,POS_056,110.0,PROVIDER_TO_GRID,10.0,10.0,SK,ENTSO-E BalancingEnergyBids
20260523064-AFRR_P-UNIT_078-1,2026-05-23,aFRR,POS_056,749.0,PROVIDER_TO_GRID,3.0,3.0,SK,ENTSO-E BalancingEnergyBids
20260523064-AFRR_P-UNIT_104-1,2026-05-23,aFRR,POS_056,750.0,PROVIDER_TO_GRID,11.0,11.0,SK,ENTSO-E BalancingEnergyBids
20260523064-AFRR_P-UNIT_097-1,2026-05-23,aFRR,POS_056,85.0,PROVIDER_TO_GRID,3.0,3.0,SK,ENTSO-E BalancingEnergyBids
20260523064-AFRR_P-UNIT_019-1,2026-05-23,aFRR,POS_056,117.0,PROVIDER_TO_GRID,1.0,1.0,SK,ENTSO-E BalancingEnergyBids
20260523064-AFRR_P-UNIT_106-1,2026-05-23,aFRR,POS_056,300.0,PROVIDER_TO_GRID,1.0,1.0,SK,ENTSO-E BalancingEnergyBids
20260523064-AFRR_P-UNIT_123-1,2026-05-23,aFRR,POS_056,189.0,PROVIDER_TO_GRID,8.0,8.0,SK,ENTSO-E BalancingEnergyBids
20260523064-AFRR_N-UNIT_068-1,2026-05-23,aFRR,NEG_056,-5.0,GRID_TO_PROVIDER,1.0,1.0,SK,ENTSO-E BalancingEnergyBids
20260523064-AFRR_N-UNIT_052-1,2026-05-23,aFRR,NEG_056,-30.0,GRID_TO_PROVIDER,6.0,6.0,SK,ENTSO-E BalancingEnergyBids
20260523064-AFRR_N-UNIT_051-1,2026-05-23,aFRR,NEG_056,-144.0,GRID_TO_PROVIDER,5.0,5.0,SK,ENTSO-E BalancingEnergyBids
20260523064-AFRR_N-UNIT_069-1,2026-05-23,aFRR,NEG_056,-250.0,GRID_TO_PROVIDER,12.0,12.0,SK,ENTSO-E BalancingEnergyBids
20260523064-AFRR_N-UNIT_058-1,2026-05-23,aFRR,NEG_056,-50.0,GRID_TO_PROVIDER,1.0,1.0,SK,ENTSO-E BalancingEnergyBids
20260523064-AFRR_N-UNIT_013-1,2026-05-23,aFRR,NEG_056,-10.0,GRID_TO_PROVIDER,8.0,8.0,SK,ENTSO-E BalancingEnergyBids
20260523064-AFRR_N-UNIT_010-1,2026-05-23,aFRR,NEG_056,-10.0,GRID_TO_PROVIDER,30.0,30.0,SK,ENTSO-E BalancingEnergyBids
20260523064-AFRR_N-UNIT_043-1,2026-05-23,aFRR,NEG_056,10.0,GRID_TO_PROVIDER,2.0,2.0,SK,ENTSO-E BalancingEnergyBids
20260523064-AFRR_N-UNIT_104-1,2026-05-23,aFRR,NEG_056,0.0,GRID_TO_PROVIDER,4.0,4.0,SK,ENTSO-E BalancingEnergyBids
20260523064-AFRR_N-UNIT_089-1,2026-05-23,aFRR,NEG_056,-262.0,GRID_TO_PROVIDER,3.0,3.0,SK,ENTSO-E BalancingEnergyBids
20260523064-AFRR_N-UNIT_097-1,2026-05-23,aFRR,NEG_056,-50.0,GRID_TO_PROVIDER,4.0,4.0,SK,ENTSO-E BalancingEnergyBids
20260523064-AFRR_N-UNIT_019-1,2026-05-23,aFRR,NEG_056,-199.0,GRID_TO_PROVIDER,1.0,1.0,SK,ENTSO-E BalancingEnergyBids
20260523064-AFRR_N-UNIT_106-1,2026-05-23,aFRR,NEG_056,-19.0,GRID_TO_PROVIDER,1.0,1.0,SK,ENTSO-E BalancingEnergyBids
20260523064-AFRR_N-UNIT_123-1,2026-05-23,aFRR,NEG_056,-5.0,GRID_TO_PROVIDER,5.0,5.0,SK,ENTSO-E BalancingEnergyBids
20260523064-AFRR_P-UNIT_028-1,2026-05-23,aFRR,POS_056,5.0,PROVIDER_TO_GRID,5.0,5.0,SK,ENTSO-E BalancingEnergyBids
20260523064-AFRR_N-UNIT_028-1,2026-05-23,aFRR,NEG_056,-55.0,GRID_TO_PROVIDER,5.0,5.0,SK,ENTSO-E BalancingEnergyBids
20260523065-AFRR_P-UNIT_068-1,2026-05-23,aFRR,POS_057,132.0,PROVIDER_TO_GRID,1.0,1.0,SK,ENTSO-E BalancingEnergyBids
20260523065-AFRR_P-UNIT_052-1,2026-05-23,aFRR,POS_057,150.0,PROVIDER_TO_GRID,31.0,31.0,SK,ENTSO-E BalancingEnergyBids
20260523065-AFRR_P-UNIT_047-1,2026-05-23,aFRR,POS_057,500.0,PROVIDER_TO_GRID,10.0,10.0,SK,ENTSO-E BalancingEnergyBids
20260523065-AFRR_P-UNIT_051-1,2026-05-23,aFRR,POS_057,350.0,PROVIDER_TO_GRID,17.0,17.0,SK,ENTSO-E BalancingEnergyBids
20260523065-AFRR_P-UNIT_069-1,2026-05-23,aFRR,POS_057,135.0,PROVIDER_TO_GRID,15.0,15.0,SK,ENTSO-E BalancingEnergyBids
20260523065-AFRR_P-UNIT_058-1,2026-05-23,aFRR,POS_057,200.0,PROVIDER_TO_GRID,1.0,1.0,SK,ENTSO-E BalancingEnergyBids
20260523065-AFRR_P-UNIT_013-1,2026-05-23,aFRR,POS_057,190.07,PROVIDER_TO_GRID,20.0,20.0,SK,ENTSO-E BalancingEnergyBids
20260523065-AFRR_P-UNIT_062-1,2026-05-23,aFRR,POS_057,105.0,PROVIDER_TO_GRID,5.0,5.0,SK,ENTSO-E BalancingEnergyBids
20260523065-AFRR_P-UNIT_043-1,2026-05-23,aFRR,POS_057,105.0,PROVIDER_TO_GRID,3.0,3.0,SK,ENTSO-E BalancingEnergyBids
20260523065-AFRR_P-UNIT_063-1,2026-05-23,aFRR,POS_057,110.0,PROVIDER_TO_GRID,10.0,10.0,SK,ENTSO-E BalancingEnergyBids
20260523065-AFRR_P-UNIT_078-1,2026-05-23,aFRR,POS_057,749.0,PROVIDER_TO_GRID,3.0,3.0,SK,ENTSO-E BalancingEnergyBids
20260523065-AFRR_P-UNIT_104-1,2026-05-23,aFRR,POS_057,750.0,PROVIDER_TO_GRID,11.0,11.0,SK,ENTSO-E BalancingEnergyBids
20260523065-AFRR_P-UNIT_097-1,2026-05-23,aFRR,POS_057,85.0,PROVIDER_TO_GRID,2.0,2.0,SK,ENTSO-E BalancingEnergyBids
20260523065-AFRR_P-UNIT_019-1,2026-05-23,aFRR,POS_057,115.0,PROVIDER_TO_GRID,1.0,1.0,SK,ENTSO-E BalancingEnergyBids
20260523065-AFRR_P-UNIT_106-1,2026-05-23,aFRR,POS_057,300.0,PROVIDER_TO_GRID,1.0,1.0,SK,ENTSO-E BalancingEnergyBids
20260523065-AFRR_P-UNIT_123-1,2026-05-23,aFRR,POS_057,189.0,PROVIDER_TO_GRID,8.0,8.0,SK,ENTSO-E BalancingEnergyBids
20260523065-AFRR_N-UNIT_068-1,2026-05-23,aFRR,NEG_057,-5.0,GRID_TO_PROVIDER,1.0,1.0,SK,ENTSO-E BalancingEnergyBids
20260523065-AFRR_N-UNIT_052-1,2026-05-23,aFRR,NEG_057,-30.0,GRID_TO_PROVIDER,6.0,6.0,SK,ENTSO-E BalancingEnergyBids
20260523065-AFRR_N-UNIT_051-1,2026-05-23,aFRR,NEG_057,-144.0,GRID_TO_PROVIDER,5.0,5.0,SK,ENTSO-E BalancingEnergyBids
20260523065-AFRR_N-UNIT_069-1,2026-05-23,aFRR,NEG_057,-250.0,GRID_TO_PROVIDER,12.0,12.0,SK,ENTSO-E BalancingEnergyBids
20260523065-AFRR_N-UNIT_058-1,2026-05-23,aFRR,NEG_057,-50.0,GRID_TO_PROVIDER,1.0,1.0,SK,ENTSO-E BalancingEnergyBids
20260523065-AFRR_N-UNIT_013-1,2026-05-23,aFRR,NEG_057,-10.0,GRID_TO_PROVIDER,8.0,8.0,SK,ENTSO-E BalancingEnergyBids
20260523065-AFRR_N-UNIT_043-1,2026-05-23,aFRR,NEG_057,10.0,GRID_TO_PROVIDER,2.0,2.0,SK,ENTSO-E BalancingEnergyBids
20260523065-AFRR_N-UNIT_104-1,2026-05-23,aFRR,NEG_057,0.0,GRID_TO_PROVIDER,4.0,4.0,SK,ENTSO-E BalancingEnergyBids
20260523065-AFRR_N-UNIT_089-1,2026-05-23,aFRR,NEG_057,-261.07,GRID_TO_PROVIDER,3.0,3.0,SK,ENTSO-E BalancingEnergyBids
20260523065-AFRR_N-UNIT_097-1,2026-05-23,aFRR,NEG_057,-50.0,GRID_TO_PROVIDER,5.0,5.0,SK,ENTSO-E BalancingEnergyBids
20260523065-AFRR_N-UNIT_019-1,2026-05-23,aFRR,NEG_057,-199.0,GRID_TO_PROVIDER,1.0,1.0,SK,ENTSO-E BalancingEnergyBids
20260523065-AFRR_N-UNIT_106-1,2026-05-23,aFRR,NEG_057,-19.0,GRID_TO_PROVIDER,1.0,1.0,SK,ENTSO-E BalancingEnergyBids
20260523065-AFRR_N-UNIT_123-1,2026-05-23,aFRR,NEG_057,-5.0,GRID_TO_PROVIDER,5.0,5.0,SK,ENTSO-E BalancingEnergyBids
20260523065-AFRR_N-UNIT_028-1,2026-05-23,aFRR,NEG_057,-55.0,GRID_TO_PROVIDER,5.0,5.0,SK,ENTSO-E BalancingEnergyBids
20260523065-AFRR_P-UNIT_028-1,2026-05-23,aFRR,POS_057,5.0,PROVIDER_TO_GRID,5.0,5.0,SK,ENTSO-E BalancingEnergyBids
20260523066-AFRR_P-UNIT_028-1,2026-05-23,aFRR,POS_058,5.0,PROVIDER_TO_GRID,5.0,5.0,SK,ENTSO-E BalancingEnergyBids
20260523066-AFRR_P-UNIT_068-1,2026-05-23,aFRR,POS_058,132.0,PROVIDER_TO_GRID,1.0,1.0,SK,ENTSO-E BalancingEnergyBids
20260523066-AFRR_P-UNIT_052-1,2026-05-23,aFRR,POS_058,150.0,PROVIDER_TO_GRID,31.0,31.0,SK,ENTSO-E BalancingEnergyBids
20260523066-AFRR_P-UNIT_047-1,2026-05-23,aFRR,POS_058,500.0,PROVIDER_TO_GRID,10.0,10.0,SK,ENTSO-E BalancingEnergyBids
20260523066-AFRR_P-UNIT_051-1,2026-05-23,aFRR,POS_058,350.0,PROVIDER_TO_GRID,17.0,17.0,SK,ENTSO-E BalancingEnergyBids
20260523066-AFRR_P-UNIT_069-1,2026-05-23,aFRR,POS_058,135.0,PROVIDER_TO_GRID,15.0,15.0,SK,ENTSO-E BalancingEnergyBids
20260523066-AFRR_P-UNIT_058-1,2026-05-23,aFRR,POS_058,200.0,PROVIDER_TO_GRID,1.0,1.0,SK,ENTSO-E BalancingEnergyBids
20260523066-AFRR_P-UNIT_013-1,2026-05-23,aFRR,POS_058,190.07,PROVIDER_TO_GRID,20.0,20.0,SK,ENTSO-E BalancingEnergyBids
20260523066-AFRR_P-UNIT_062-1,2026-05-23,aFRR,POS_058,105.0,PROVIDER_TO_GRID,5.0,5.0,SK,ENTSO-E BalancingEnergyBids
20260523066-AFRR_P-UNIT_043-1,2026-05-23,aFRR,POS_058,105.0,PROVIDER_TO_GRID,3.0,3.0,SK,ENTSO-E BalancingEnergyBids
20260523066-AFRR_P-UNIT_063-1,2026-05-23,aFRR,POS_058,110.0,PROVIDER_TO_GRID,10.0,10.0,SK,ENTSO-E BalancingEnergyBids
20260523066-AFRR_P-UNIT_078-1,2026-05-23,aFRR,POS_058,749.0,PROVIDER_TO_GRID,3.0,3.0,SK,ENTSO-E BalancingEnergyBids
20260523066-AFRR_P-UNIT_104-1,2026-05-23,aFRR,POS_058,750.0,PROVIDER_TO_GRID,11.0,11.0,SK,ENTSO-E BalancingEnergyBids
20260523066-AFRR_P-UNIT_097-1,2026-05-23,aFRR,POS_058,85.0,PROVIDER_TO_GRID,2.0,2.0,SK,ENTSO-E BalancingEnergyBids
20260523066-AFRR_P-UNIT_019-1,2026-05-23,aFRR,POS_058,120.0,PROVIDER_TO_GRID,1.0,1.0,SK,ENTSO-E BalancingEnergyBids
20260523066-AFRR_P-UNIT_106-1,2026-05-23,aFRR,POS_058,300.0,PROVIDER_TO_GRID,1.0,1.0,SK,ENTSO-E BalancingEnergyBids
20260523066-AFRR_P-UNIT_123-1,2026-05-23,aFRR,POS_058,189.0,PROVIDER_TO_GRID,8.0,8.0,SK,ENTSO-E BalancingEnergyBids
20260523066-AFRR_N-UNIT_068-1,2026-05-23,aFRR,NEG_058,-5.0,GRID_TO_PROVIDER,1.0,1.0,SK,ENTSO-E BalancingEnergyBids
20260523066-AFRR_N-UNIT_052-1,2026-05-23,aFRR,NEG_058,-30.0,GRID_TO_PROVIDER,6.0,6.0,SK,ENTSO-E BalancingEnergyBids
20260523066-AFRR_N-UNIT_051-1,2026-05-23,aFRR,NEG_058,-144.0,GRID_TO_PROVIDER,5.0,5.0,SK,ENTSO-E BalancingEnergyBids
20260523066-AFRR_N-UNIT_069-1,2026-05-23,aFRR,NEG_058,-250.0,GRID_TO_PROVIDER,12.0,12.0,SK,ENTSO-E BalancingEnergyBids
20260523066-AFRR_N-UNIT_058-1,2026-05-23,aFRR,NEG_058,-50.0,GRID_TO_PROVIDER,1.0,1.0,SK,ENTSO-E BalancingEnergyBids
20260523066-AFRR_N-UNIT_013-1,2026-05-23,aFRR,NEG_058,-10.0,GRID_TO_PROVIDER,8.0,8.0,SK,ENTSO-E BalancingEnergyBids
20260523066-AFRR_N-UNIT_043-1,2026-05-23,aFRR,NEG_058,10.0,GRID_TO_PROVIDER,2.0,2.0,SK,ENTSO-E BalancingEnergyBids
20260523066-AFRR_N-UNIT_104-1,2026-05-23,aFRR,NEG_058,0.0,GRID_TO_PROVIDER,4.0,4.0,SK,ENTSO-E BalancingEnergyBids
20260523066-AFRR_N-UNIT_089-1,2026-05-23,aFRR,NEG_058,-260.09,GRID_TO_PROVIDER,3.0,3.0,SK,ENTSO-E BalancingEnergyBids
20260523066-AFRR_N-UNIT_097-1,2026-05-23,aFRR,NEG_058,-50.0,GRID_TO_PROVIDER,5.0,5.0,SK,ENTSO-E BalancingEnergyBids
20260523066-AFRR_N-UNIT_019-1,2026-05-23,aFRR,NEG_058,-199.0,GRID_TO_PROVIDER,1.0,1.0,SK,ENTSO-E BalancingEnergyBids
20260523066-AFRR_N-UNIT_106-1,2026-05-23,aFRR,NEG_058,-19.0,GRID_TO_PROVIDER,1.0,1.0,SK,ENTSO-E BalancingEnergyBids
20260523066-AFRR_N-UNIT_123-1,2026-05-23,aFRR,NEG_058,-5.0,GRID_TO_PROVIDER,5.0,5.0,SK,ENTSO-E BalancingEnergyBids
20260523066-AFRR_N-UNIT_028-1,2026-05-23,aFRR,NEG_058,-55.0,GRID_TO_PROVIDER,5.0,5.0,SK,ENTSO-E BalancingEnergyBids
20260523067-AFRR_P-UNIT_028-1,2026-05-23,aFRR,POS_059,5.0,PROVIDER_TO_GRID,5.0,5.0,SK,ENTSO-E BalancingEnergyBids
20260523067-AFRR_N-UNIT_043-1,2026-05-23,aFRR,NEG_059,-29.0,GRID_TO_PROVIDER,2.0,2.0,SK,ENTSO-E BalancingEnergyBids
20260523067-AFRR_N-UNIT_104-1,2026-05-23,aFRR,NEG_059,0.0,GRID_TO_PROVIDER,4.0,4.0,SK,ENTSO-E BalancingEnergyBids
20260523067-AFRR_N-UNIT_089-1,2026-05-23,aFRR,NEG_059,-260.0,GRID_TO_PROVIDER,3.0,3.0,SK,ENTSO-E BalancingEnergyBids
20260523067-AFRR_N-UNIT_097-1,2026-05-23,aFRR,NEG_059,-50.0,GRID_TO_PROVIDER,5.0,5.0,SK,ENTSO-E BalancingEnergyBids
20260523067-AFRR_N-UNIT_019-1,2026-05-23,aFRR,NEG_059,-199.0,GRID_TO_PROVIDER,1.0,1.0,SK,ENTSO-E BalancingEnergyBids
20260523067-AFRR_N-UNIT_106-1,2026-05-23,aFRR,NEG_059,-19.0,GRID_TO_PROVIDER,1.0,1.0,SK,ENTSO-E BalancingEnergyBids
20260523067-AFRR_N-UNIT_123-1,2026-05-23,aFRR,NEG_059,-5.0,GRID_TO_PROVIDER,5.0,5.0,SK,ENTSO-E BalancingEnergyBids
20260523067-AFRR_P-UNIT_068-1,2026-05-23,aFRR,POS_059,132.0,PROVIDER_TO_GRID,1.0,1.0,SK,ENTSO-E BalancingEnergyBids
20260523067-AFRR_P-UNIT_052-1,2026-05-23,aFRR,POS_059,150.0,PROVIDER_TO_GRID,31.0,31.0,SK,ENTSO-E BalancingEnergyBids
20260523067-AFRR_P-UNIT_047-1,2026-05-23,aFRR,POS_059,500.0,PROVIDER_TO_GRID,10.0,10.0,SK,ENTSO-E BalancingEnergyBids
20260523067-AFRR_P-UNIT_051-1,2026-05-23,aFRR,POS_059,350.0,PROVIDER_TO_GRID,17.0,17.0,SK,ENTSO-E BalancingEnergyBids
20260523067-AFRR_P-UNIT_069-1,2026-05-23,aFRR,POS_059,135.0,PROVIDER_TO_GRID,15.0,15.0,SK,ENTSO-E BalancingEnergyBids
20260523067-AFRR_P-UNIT_058-1,2026-05-23,aFRR,POS_059,200.0,PROVIDER_TO_GRID,1.0,1.0,SK,ENTSO-E BalancingEnergyBids
20260523067-AFRR_P-UNIT_013-1,2026-05-23,aFRR,POS_059,190.07,PROVIDER_TO_GRID,20.0,20.0,SK,ENTSO-E BalancingEnergyBids
20260523067-AFRR_P-UNIT_062-1,2026-05-23,aFRR,POS_059,105.0,PROVIDER_TO_GRID,5.0,5.0,SK,ENTSO-E BalancingEnergyBids
20260523067-AFRR_P-UNIT_043-1,2026-05-23,aFRR,POS_059,105.0,PROVIDER_TO_GRID,3.0,3.0,SK,ENTSO-E BalancingEnergyBids
20260523067-AFRR_P-UNIT_063-1,2026-05-23,aFRR,POS_059,110.0,PROVIDER_TO_GRID,10.0,10.0,SK,ENTSO-E BalancingEnergyBids
20260523067-AFRR_P-UNIT_078-1,2026-05-23,aFRR,POS_059,749.0,PROVIDER_TO_GRID,3.0,3.0,SK,ENTSO-E BalancingEnergyBids
20260523067-AFRR_P-UNIT_104-1,2026-05-23,aFRR,POS_059,750.0,PROVIDER_TO_GRID,11.0,11.0,SK,ENTSO-E BalancingEnergyBids
20260523067-AFRR_P-UNIT_097-1,2026-05-23,aFRR,POS_059,85.0,PROVIDER_TO_GRID,2.0,2.0,SK,ENTSO-E BalancingEnergyBids
20260523067-AFRR_P-UNIT_019-1,2026-05-23,aFRR,POS_059,120.0,PROVIDER_TO_GRID,1.0,1.0,SK,ENTSO-E BalancingEnergyBids
20260523067-AFRR_P-UNIT_106-1,2026-05-23,aFRR,POS_059,300.0,PROVIDER_TO_GRID,1.0,1.0,SK,ENTSO-E BalancingEnergyBids
20260523067-AFRR_P-UNIT_123-1,2026-05-23,aFRR,POS_059,189.0,PROVIDER_TO_GRID,8.0,8.0,SK,ENTSO-E BalancingEnergyBids
20260523067-AFRR_N-UNIT_068-1,2026-05-23,aFRR,NEG_059,-5.0,GRID_TO_PROVIDER,1.0,1.0,SK,ENTSO-E BalancingEnergyBids
20260523067-AFRR_N-UNIT_052-1,2026-05-23,aFRR,NEG_059,-30.0,GRID_TO_PROVIDER,6.0,6.0,SK,ENTSO-E BalancingEnergyBids
20260523067-AFRR_N-UNIT_051-1,2026-05-23,aFRR,NEG_059,-144.0,GRID_TO_PROVIDER,5.0,5.0,SK,ENTSO-E BalancingEnergyBids
20260523067-AFRR_N-UNIT_069-1,2026-05-23,aFRR,NEG_059,-250.0,GRID_TO_PROVIDER,12.0,12.0,SK,ENTSO-E BalancingEnergyBids
20260523067-AFRR_N-UNIT_058-1,2026-05-23,aFRR,NEG_059,-50.0,GRID_TO_PROVIDER,1.0,1.0,SK,ENTSO-E BalancingEnergyBids
20260523067-AFRR_N-UNIT_013-1,2026-05-23,aFRR,NEG_059,-10.0,GRID_TO_PROVIDER,8.0,8.0,SK,ENTSO-E BalancingEnergyBids
20260523067-AFRR_N-UNIT_028-1,2026-05-23,aFRR,NEG_059,-55.0,GRID_TO_PROVIDER,5.0,5.0,SK,ENTSO-E BalancingEnergyBids
20260523068-AFRR_P-UNIT_068-1,2026-05-23,aFRR,POS_060,132.0,PROVIDER_TO_GRID,1.0,1.0,SK,ENTSO-E BalancingEnergyBids
20260523068-AFRR_P-UNIT_052-1,2026-05-23,aFRR,POS_060,150.0,PROVIDER_TO_GRID,31.0,31.0,SK,ENTSO-E BalancingEnergyBids
20260523068-AFRR_P-UNIT_047-1,2026-05-23,aFRR,POS_060,500.0,PROVIDER_TO_GRID,10.0,10.0,SK,ENTSO-E BalancingEnergyBids
20260523068-AFRR_P-UNIT_051-1,2026-05-23,aFRR,POS_060,350.0,PROVIDER_TO_GRID,17.0,17.0,SK,ENTSO-E BalancingEnergyBids
20260523068-AFRR_P-UNIT_069-1,2026-05-23,aFRR,POS_060,135.0,PROVIDER_TO_GRID,15.0,15.0,SK,ENTSO-E BalancingEnergyBids
20260523068-AFRR_P-UNIT_058-1,2026-05-23,aFRR,POS_060,200.0,PROVIDER_TO_GRID,1.0,1.0,SK,ENTSO-E BalancingEnergyBids
20260523068-AFRR_P-UNIT_013-1,2026-05-23,aFRR,POS_060,190.07,PROVIDER_TO_GRID,20.0,20.0,SK,ENTSO-E BalancingEnergyBids
20260523068-AFRR_P-UNIT_062-1,2026-05-23,aFRR,POS_060,105.0,PROVIDER_TO_GRID,5.0,5.0,SK,ENTSO-E BalancingEnergyBids
20260523068-AFRR_P-UNIT_043-1,2026-05-23,aFRR,POS_060,105.0,PROVIDER_TO_GRID,3.0,3.0,SK,ENTSO-E BalancingEnergyBids
20260523068-AFRR_P-UNIT_063-1,2026-05-23,aFRR,POS_060,110.0,PROVIDER_TO_GRID,10.0,10.0,SK,ENTSO-E BalancingEnergyBids
20260523068-AFRR_P-UNIT_078-1,2026-05-23,aFRR,POS_060,749.0,PROVIDER_TO_GRID,3.0,3.0,SK,ENTSO-E BalancingEnergyBids
20260523068-AFRR_P-UNIT_104-1,2026-05-23,aFRR,POS_060,750.0,PROVIDER_TO_GRID,11.0,11.0,SK,ENTSO-E BalancingEnergyBids
20260523068-AFRR_P-UNIT_097-1,2026-05-23,aFRR,POS_060,85.0,PROVIDER_TO_GRID,2.0,2.0,SK,ENTSO-E BalancingEnergyBids
20260523068-AFRR_P-UNIT_019-1,2026-05-23,aFRR,POS_060,116.0,PROVIDER_TO_GRID,1.0,1.0,SK,ENTSO-E BalancingEnergyBids
20260523068-AFRR_P-UNIT_106-1,2026-05-23,aFRR,POS_060,300.0,PROVIDER_TO_GRID,1.0,1.0,SK,ENTSO-E BalancingEnergyBids
20260523068-AFRR_P-UNIT_123-1,2026-05-23,aFRR,POS_060,189.0,PROVIDER_TO_GRID,8.0,8.0,SK,ENTSO-E BalancingEnergyBids
20260523068-AFRR_N-UNIT_068-1,2026-05-23,aFRR,NEG_060,-5.0,GRID_TO_PROVIDER,1.0,1.0,SK,ENTSO-E BalancingEnergyBids
20260523068-AFRR_N-UNIT_052-1,2026-05-23,aFRR,NEG_060,-30.0,GRID_TO_PROVIDER,6.0,6.0,SK,ENTSO-E BalancingEnergyBids
20260523068-AFRR_N-UNIT_051-1,2026-05-23,aFRR,NEG_060,-144.0,GRID_TO_PROVIDER,5.0,5.0,SK,ENTSO-E BalancingEnergyBids
20260523068-AFRR_N-UNIT_069-1,2026-05-23,aFRR,NEG_060,-250.0,GRID_TO_PROVIDER,12.0,12.0,SK,ENTSO-E BalancingEnergyBids
20260523068-AFRR_N-UNIT_058-1,2026-05-23,aFRR,NEG_060,-50.0,GRID_TO_PROVIDER,1.0,1.0,SK,ENTSO-E BalancingEnergyBids
20260523068-AFRR_N-UNIT_013-1,2026-05-23,aFRR,NEG_060,-10.0,GRID_TO_PROVIDER,8.0,8.0,SK,ENTSO-E BalancingEnergyBids
20260523068-AFRR_N-UNIT_043-1,2026-05-23,aFRR,NEG_060,-29.0,GRID_TO_PROVIDER,2.0,2.0,SK,ENTSO-E BalancingEnergyBids
20260523068-AFRR_N-UNIT_104-1,2026-05-23,aFRR,NEG_060,0.0,GRID_TO_PROVIDER,4.0,4.0,SK,ENTSO-E BalancingEnergyBids
20260523068-AFRR_N-UNIT_089-1,2026-05-23,aFRR,NEG_060,-259.99,GRID_TO_PROVIDER,3.0,3.0,SK,ENTSO-E BalancingEnergyBids
20260523068-AFRR_N-UNIT_097-1,2026-05-23,aFRR,NEG_060,-50.0,GRID_TO_PROVIDER,5.0,5.0,SK,ENTSO-E BalancingEnergyBids
20260523068-AFRR_N-UNIT_019-1,2026-05-23,aFRR,NEG_060,-199.0,GRID_TO_PROVIDER,1.0,1.0,SK,ENTSO-E BalancingEnergyBids
20260523068-AFRR_N-UNIT_106-1,2026-05-23,aFRR,NEG_060,-19.0,GRID_TO_PROVIDER,1.0,1.0,SK,ENTSO-E BalancingEnergyBids
20260523068-AFRR_N-UNIT_123-1,2026-05-23,aFRR,NEG_060,-5.0,GRID_TO_PROVIDER,5.0,5.0,SK,ENTSO-E BalancingEnergyBids
20260523068-AFRR_P-UNIT_028-1,2026-05-23,aFRR,POS_060,5.0,PROVIDER_TO_GRID,5.0,5.0,SK,ENTSO-E BalancingEnergyBids
20260523068-AFRR_N-UNIT_028-1,2026-05-23,aFRR,NEG_060,-55.0,GRID_TO_PROVIDER,5.0,5.0,SK,ENTSO-E BalancingEnergyBids
20260523069-AFRR_P-UNIT_028-1,2026-05-23,aFRR,POS_061,5.0,PROVIDER_TO_GRID,5.0,5.0,SK,ENTSO-E BalancingEnergyBids
20260523069-AFRR_N-UNIT_028-1,2026-05-23,aFRR,NEG_061,-55.0,GRID_TO_PROVIDER,1.0,1.0,SK,ENTSO-E BalancingEnergyBids
20260523069-AFRR_P-UNIT_068-1,2026-05-23,aFRR,POS_061,132.0,PROVIDER_TO_GRID,1.0,1.0,SK,ENTSO-E BalancingEnergyBids
20260523069-AFRR_P-UNIT_065-1,2026-05-23,aFRR,POS_061,190.07,PROVIDER_TO_GRID,12.0,12.0,SK,ENTSO-E BalancingEnergyBids
20260523069-AFRR_P-UNIT_052-1,2026-05-23,aFRR,POS_061,150.0,PROVIDER_TO_GRID,31.0,31.0,SK,ENTSO-E BalancingEnergyBids
20260523069-AFRR_P-UNIT_047-1,2026-05-23,aFRR,POS_061,500.0,PROVIDER_TO_GRID,10.0,10.0,SK,ENTSO-E BalancingEnergyBids
20260523069-AFRR_P-UNIT_051-1,2026-05-23,aFRR,POS_061,350.0,PROVIDER_TO_GRID,17.0,17.0,SK,ENTSO-E BalancingEnergyBids
20260523069-AFRR_P-UNIT_069-1,2026-05-23,aFRR,POS_061,135.0,PROVIDER_TO_GRID,15.0,15.0,SK,ENTSO-E BalancingEnergyBids
20260523069-AFRR_P-UNIT_058-1,2026-05-23,aFRR,POS_061,200.0,PROVIDER_TO_GRID,1.0,1.0,SK,ENTSO-E BalancingEnergyBids
20260523069-AFRR_P-UNIT_008-1,2026-05-23,aFRR,POS_061,190.07,PROVIDER_TO_GRID,10.0,10.0,SK,ENTSO-E BalancingEnergyBids
20260523069-AFRR_P-UNIT_062-1,2026-05-23,aFRR,POS_061,105.0,PROVIDER_TO_GRID,5.0,5.0,SK,ENTSO-E BalancingEnergyBids
20260523069-AFRR_P-UNIT_043-1,2026-05-23,aFRR,POS_061,105.0,PROVIDER_TO_GRID,5.0,5.0,SK,ENTSO-E BalancingEnergyBids
20260523069-AFRR_P-UNIT_063-1,2026-05-23,aFRR,POS_061,110.0,PROVIDER_TO_GRID,10.0,10.0,SK,ENTSO-E BalancingEnergyBids
20260523069-AFRR_P-UNIT_078-1,2026-05-23,aFRR,POS_061,749.0,PROVIDER_TO_GRID,3.0,3.0,SK,ENTSO-E BalancingEnergyBids
20260523069-AFRR_P-UNIT_104-1,2026-05-23,aFRR,POS_061,750.0,PROVIDER_TO_GRID,11.0,11.0,SK,ENTSO-E BalancingEnergyBids
20260523069-AFRR_P-UNIT_097-1,2026-05-23,aFRR,POS_061,85.0,PROVIDER_TO_GRID,2.0,2.0,SK,ENTSO-E BalancingEnergyBids
20260523069-AFRR_P-UNIT_009-1,2026-05-23,aFRR,POS_061,190.07,PROVIDER_TO_GRID,3.0,3.0,SK,ENTSO-E BalancingEnergyBids
20260523069-AFRR_P-UNIT_019-1,2026-05-23,aFRR,POS_061,124.0,PROVIDER_TO_GRID,1.0,1.0,SK,ENTSO-E BalancingEnergyBids
20260523069-AFRR_P-UNIT_106-1,2026-05-23,aFRR,POS_061,300.0,PROVIDER_TO_GRID,1.0,1.0,SK,ENTSO-E BalancingEnergyBids
20260523069-AFRR_P-UNIT_123-1,2026-05-23,aFRR,POS_061,189.0,PROVIDER_TO_GRID,8.0,8.0,SK,ENTSO-E BalancingEnergyBids
20260523069-AFRR_N-UNIT_068-1,2026-05-23,aFRR,NEG_061,-5.0,GRID_TO_PROVIDER,1.0,1.0,SK,ENTSO-E BalancingEnergyBids
20260523069-AFRR_N-UNIT_052-1,2026-05-23,aFRR,NEG_061,-30.0,GRID_TO_PROVIDER,7.0,7.0,SK,ENTSO-E BalancingEnergyBids
20260523069-AFRR_N-UNIT_051-1,2026-05-23,aFRR,NEG_061,-144.0,GRID_TO_PROVIDER,5.0,5.0,SK,ENTSO-E BalancingEnergyBids
20260523069-AFRR_N-UNIT_069-1,2026-05-23,aFRR,NEG_061,-250.0,GRID_TO_PROVIDER,12.0,12.0,SK,ENTSO-E BalancingEnergyBids
20260523069-AFRR_N-UNIT_058-1,2026-05-23,aFRR,NEG_061,-50.0,GRID_TO_PROVIDER,1.0,1.0,SK,ENTSO-E BalancingEnergyBids
20260523069-AFRR_N-UNIT_010-1,2026-05-23,aFRR,NEG_061,-10.0,GRID_TO_PROVIDER,30.0,30.0,SK,ENTSO-E BalancingEnergyBids
20260523069-AFRR_N-UNIT_043-1,2026-05-23,aFRR,NEG_061,-29.0,GRID_TO_PROVIDER,3.0,3.0,SK,ENTSO-E BalancingEnergyBids
20260523069-AFRR_N-UNIT_104-1,2026-05-23,aFRR,NEG_061,0.0,GRID_TO_PROVIDER,4.0,4.0,SK,ENTSO-E BalancingEnergyBids
20260523069-AFRR_N-UNIT_089-1,2026-05-23,aFRR,NEG_061,-259.89,GRID_TO_PROVIDER,3.0,3.0,SK,ENTSO-E BalancingEnergyBids
20260523069-AFRR_N-UNIT_097-1,2026-05-23,aFRR,NEG_061,0.0,GRID_TO_PROVIDER,5.0,5.0,SK,ENTSO-E BalancingEnergyBids
20260523069-AFRR_N-UNIT_019-1,2026-05-23,aFRR,NEG_061,-199.0,GRID_TO_PROVIDER,1.0,1.0,SK,ENTSO-E BalancingEnergyBids
20260523069-AFRR_N-UNIT_106-1,2026-05-23,aFRR,NEG_061,-19.0,GRID_TO_PROVIDER,1.0,1.0,SK,ENTSO-E BalancingEnergyBids
20260523069-AFRR_N-UNIT_123-1,2026-05-23,aFRR,NEG_061,-5.0,GRID_TO_PROVIDER,6.0,6.0,SK,ENTSO-E BalancingEnergyBids
20260523070-AFRR_P-UNIT_028-1,2026-05-23,aFRR,POS_062,5.0,PROVIDER_TO_GRID,5.0,5.0,SK,ENTSO-E BalancingEnergyBids
20260523070-AFRR_N-UNIT_028-1,2026-05-23,aFRR,NEG_062,-55.0,GRID_TO_PROVIDER,1.0,1.0,SK,ENTSO-E BalancingEnergyBids
20260523070-AFRR_P-UNIT_068-1,2026-05-23,aFRR,POS_062,132.0,PROVIDER_TO_GRID,1.0,1.0,SK,ENTSO-E BalancingEnergyBids
20260523070-AFRR_P-UNIT_065-1,2026-05-23,aFRR,POS_062,190.07,PROVIDER_TO_GRID,12.0,12.0,SK,ENTSO-E BalancingEnergyBids
20260523070-AFRR_P-UNIT_052-1,2026-05-23,aFRR,POS_062,150.0,PROVIDER_TO_GRID,31.0,31.0,SK,ENTSO-E BalancingEnergyBids
20260523070-AFRR_P-UNIT_047-1,2026-05-23,aFRR,POS_062,500.0,PROVIDER_TO_GRID,10.0,10.0,SK,ENTSO-E BalancingEnergyBids
20260523070-AFRR_P-UNIT_051-1,2026-05-23,aFRR,POS_062,350.0,PROVIDER_TO_GRID,17.0,17.0,SK,ENTSO-E BalancingEnergyBids
20260523070-AFRR_P-UNIT_069-1,2026-05-23,aFRR,POS_062,135.0,PROVIDER_TO_GRID,15.0,15.0,SK,ENTSO-E BalancingEnergyBids
20260523070-AFRR_P-UNIT_058-1,2026-05-23,aFRR,POS_062,200.0,PROVIDER_TO_GRID,1.0,1.0,SK,ENTSO-E BalancingEnergyBids
20260523070-AFRR_P-UNIT_008-1,2026-05-23,aFRR,POS_062,190.07,PROVIDER_TO_GRID,10.0,10.0,SK,ENTSO-E BalancingEnergyBids
20260523070-AFRR_P-UNIT_062-1,2026-05-23,aFRR,POS_062,105.0,PROVIDER_TO_GRID,5.0,5.0,SK,ENTSO-E BalancingEnergyBids
20260523070-AFRR_P-UNIT_043-1,2026-05-23,aFRR,POS_062,105.0,PROVIDER_TO_GRID,5.0,5.0,SK,ENTSO-E BalancingEnergyBids
20260523070-AFRR_P-UNIT_063-1,2026-05-23,aFRR,POS_062,110.0,PROVIDER_TO_GRID,10.0,10.0,SK,ENTSO-E BalancingEnergyBids
20260523070-AFRR_P-UNIT_078-1,2026-05-23,aFRR,POS_062,749.0,PROVIDER_TO_GRID,3.0,3.0,SK,ENTSO-E BalancingEnergyBids
20260523070-AFRR_P-UNIT_104-1,2026-05-23,aFRR,POS_062,750.0,PROVIDER_TO_GRID,11.0,11.0,SK,ENTSO-E BalancingEnergyBids
20260523070-AFRR_P-UNIT_097-1,2026-05-23,aFRR,POS_062,85.0,PROVIDER_TO_GRID,2.0,2.0,SK,ENTSO-E BalancingEnergyBids
20260523070-AFRR_P-UNIT_009-1,2026-05-23,aFRR,POS_062,190.07,PROVIDER_TO_GRID,3.0,3.0,SK,ENTSO-E BalancingEnergyBids
20260523070-AFRR_P-UNIT_019-1,2026-05-23,aFRR,POS_062,128.0,PROVIDER_TO_GRID,1.0,1.0,SK,ENTSO-E BalancingEnergyBids
20260523070-AFRR_P-UNIT_106-1,2026-05-23,aFRR,POS_062,300.0,PROVIDER_TO_GRID,1.0,1.0,SK,ENTSO-E BalancingEnergyBids
20260523070-AFRR_P-UNIT_123-1,2026-05-23,aFRR,POS_062,189.0,PROVIDER_TO_GRID,8.0,8.0,SK,ENTSO-E BalancingEnergyBids
20260523070-AFRR_N-UNIT_068-1,2026-05-23,aFRR,NEG_062,-5.0,GRID_TO_PROVIDER,1.0,1.0,SK,ENTSO-E BalancingEnergyBids
20260523070-AFRR_N-UNIT_052-1,2026-05-23,aFRR,NEG_062,-30.0,GRID_TO_PROVIDER,7.0,7.0,SK,ENTSO-E BalancingEnergyBids
20260523070-AFRR_N-UNIT_051-1,2026-05-23,aFRR,NEG_062,-144.0,GRID_TO_PROVIDER,5.0,5.0,SK,ENTSO-E BalancingEnergyBids
20260523070-AFRR_N-UNIT_069-1,2026-05-23,aFRR,NEG_062,-250.0,GRID_TO_PROVIDER,12.0,12.0,SK,ENTSO-E BalancingEnergyBids
20260523070-AFRR_N-UNIT_058-1,2026-05-23,aFRR,NEG_062,-50.0,GRID_TO_PROVIDER,1.0,1.0,SK,ENTSO-E BalancingEnergyBids
20260523070-AFRR_N-UNIT_010-1,2026-05-23,aFRR,NEG_062,-10.0,GRID_TO_PROVIDER,30.0,30.0,SK,ENTSO-E BalancingEnergyBids
20260523070-AFRR_N-UNIT_043-1,2026-05-23,aFRR,NEG_062,-29.0,GRID_TO_PROVIDER,3.0,3.0,SK,ENTSO-E BalancingEnergyBids
20260523070-AFRR_N-UNIT_104-1,2026-05-23,aFRR,NEG_062,0.0,GRID_TO_PROVIDER,4.0,4.0,SK,ENTSO-E BalancingEnergyBids
20260523070-AFRR_N-UNIT_089-1,2026-05-23,aFRR,NEG_062,-255.98,GRID_TO_PROVIDER,3.0,3.0,SK,ENTSO-E BalancingEnergyBids
20260523070-AFRR_N-UNIT_097-1,2026-05-23,aFRR,NEG_062,0.0,GRID_TO_PROVIDER,5.0,5.0,SK,ENTSO-E BalancingEnergyBids
20260523070-AFRR_N-UNIT_019-1,2026-05-23,aFRR,NEG_062,-199.0,GRID_TO_PROVIDER,1.0,1.0,SK,ENTSO-E BalancingEnergyBids
20260523070-AFRR_N-UNIT_106-1,2026-05-23,aFRR,NEG_062,-19.0,GRID_TO_PROVIDER,1.0,1.0,SK,ENTSO-E BalancingEnergyBids
20260523070-AFRR_N-UNIT_123-1,2026-05-23,aFRR,NEG_062,-5.0,GRID_TO_PROVIDER,6.0,6.0,SK,ENTSO-E BalancingEnergyBids
20260523071-AFRR_P-UNIT_028-1,2026-05-23,aFRR,POS_063,5.0,PROVIDER_TO_GRID,5.0,5.0,SK,ENTSO-E BalancingEnergyBids
20260523071-AFRR_N-UNIT_028-1,2026-05-23,aFRR,NEG_063,-55.0,GRID_TO_PROVIDER,1.0,1.0,SK,ENTSO-E BalancingEnergyBids
20260523071-AFRR_P-UNIT_068-1,2026-05-23,aFRR,POS_063,132.0,PROVIDER_TO_GRID,1.0,1.0,SK,ENTSO-E BalancingEnergyBids
20260523071-AFRR_P-UNIT_065-1,2026-05-23,aFRR,POS_063,190.07,PROVIDER_TO_GRID,12.0,12.0,SK,ENTSO-E BalancingEnergyBids
20260523071-AFRR_P-UNIT_052-1,2026-05-23,aFRR,POS_063,150.0,PROVIDER_TO_GRID,31.0,31.0,SK,ENTSO-E BalancingEnergyBids
20260523071-AFRR_P-UNIT_047-1,2026-05-23,aFRR,POS_063,500.0,PROVIDER_TO_GRID,10.0,10.0,SK,ENTSO-E BalancingEnergyBids
20260523071-AFRR_P-UNIT_051-1,2026-05-23,aFRR,POS_063,350.0,PROVIDER_TO_GRID,17.0,17.0,SK,ENTSO-E BalancingEnergyBids
20260523071-AFRR_P-UNIT_069-1,2026-05-23,aFRR,POS_063,135.0,PROVIDER_TO_GRID,15.0,15.0,SK,ENTSO-E BalancingEnergyBids
20260523071-AFRR_P-UNIT_058-1,2026-05-23,aFRR,POS_063,200.0,PROVIDER_TO_GRID,1.0,1.0,SK,ENTSO-E BalancingEnergyBids
20260523071-AFRR_P-UNIT_008-1,2026-05-23,aFRR,POS_063,190.07,PROVIDER_TO_GRID,10.0,10.0,SK,ENTSO-E BalancingEnergyBids
20260523071-AFRR_P-UNIT_062-1,2026-05-23,aFRR,POS_063,105.0,PROVIDER_TO_GRID,5.0,5.0,SK,ENTSO-E BalancingEnergyBids
20260523071-AFRR_P-UNIT_043-1,2026-05-23,aFRR,POS_063,105.0,PROVIDER_TO_GRID,5.0,5.0,SK,ENTSO-E BalancingEnergyBids
20260523071-AFRR_P-UNIT_063-1,2026-05-23,aFRR,POS_063,110.0,PROVIDER_TO_GRID,10.0,10.0,SK,ENTSO-E BalancingEnergyBids
20260523071-AFRR_P-UNIT_078-1,2026-05-23,aFRR,POS_063,749.0,PROVIDER_TO_GRID,3.0,3.0,SK,ENTSO-E BalancingEnergyBids
20260523071-AFRR_P-UNIT_104-1,2026-05-23,aFRR,POS_063,750.0,PROVIDER_TO_GRID,11.0,11.0,SK,ENTSO-E BalancingEnergyBids
20260523071-AFRR_P-UNIT_097-1,2026-05-23,aFRR,POS_063,85.0,PROVIDER_TO_GRID,2.0,2.0,SK,ENTSO-E BalancingEnergyBids
20260523071-AFRR_P-UNIT_009-1,2026-05-23,aFRR,POS_063,190.07,PROVIDER_TO_GRID,3.0,3.0,SK,ENTSO-E BalancingEnergyBids
20260523071-AFRR_P-UNIT_019-1,2026-05-23,aFRR,POS_063,178.0,PROVIDER_TO_GRID,1.0,1.0,SK,ENTSO-E BalancingEnergyBids
20260523071-AFRR_P-UNIT_106-1,2026-05-23,aFRR,POS_063,300.0,PROVIDER_TO_GRID,1.0,1.0,SK,ENTSO-E BalancingEnergyBids
20260523071-AFRR_P-UNIT_123-1,2026-05-23,aFRR,POS_063,189.0,PROVIDER_TO_GRID,8.0,8.0,SK,ENTSO-E BalancingEnergyBids
20260523071-AFRR_N-UNIT_068-1,2026-05-23,aFRR,NEG_063,-5.0,GRID_TO_PROVIDER,1.0,1.0,SK,ENTSO-E BalancingEnergyBids
20260523071-AFRR_N-UNIT_052-1,2026-05-23,aFRR,NEG_063,-30.0,GRID_TO_PROVIDER,7.0,7.0,SK,ENTSO-E BalancingEnergyBids
20260523071-AFRR_N-UNIT_051-1,2026-05-23,aFRR,NEG_063,-144.0,GRID_TO_PROVIDER,5.0,5.0,SK,ENTSO-E BalancingEnergyBids
20260523071-AFRR_N-UNIT_069-1,2026-05-23,aFRR,NEG_063,-150.0,GRID_TO_PROVIDER,12.0,12.0,SK,ENTSO-E BalancingEnergyBids
20260523071-AFRR_N-UNIT_058-1,2026-05-23,aFRR,NEG_063,-50.0,GRID_TO_PROVIDER,1.0,1.0,SK,ENTSO-E BalancingEnergyBids
20260523071-AFRR_N-UNIT_010-1,2026-05-23,aFRR,NEG_063,-10.0,GRID_TO_PROVIDER,30.0,30.0,SK,ENTSO-E BalancingEnergyBids
20260523071-AFRR_N-UNIT_043-1,2026-05-23,aFRR,NEG_063,10.0,GRID_TO_PROVIDER,3.0,3.0,SK,ENTSO-E BalancingEnergyBids
20260523071-AFRR_N-UNIT_104-1,2026-05-23,aFRR,NEG_063,0.0,GRID_TO_PROVIDER,4.0,4.0,SK,ENTSO-E BalancingEnergyBids
20260523071-AFRR_N-UNIT_089-1,2026-05-23,aFRR,NEG_063,-201.21,GRID_TO_PROVIDER,3.0,3.0,SK,ENTSO-E BalancingEnergyBids
20260523071-AFRR_N-UNIT_097-1,2026-05-23,aFRR,NEG_063,0.0,GRID_TO_PROVIDER,5.0,5.0,SK,ENTSO-E BalancingEnergyBids
20260523071-AFRR_N-UNIT_019-1,2026-05-23,aFRR,NEG_063,-199.0,GRID_TO_PROVIDER,1.0,1.0,SK,ENTSO-E BalancingEnergyBids
20260523071-AFRR_N-UNIT_106-1,2026-05-23,aFRR,NEG_063,-19.0,GRID_TO_PROVIDER,1.0,1.0,SK,ENTSO-E BalancingEnergyBids
20260523071-AFRR_N-UNIT_123-1,2026-05-23,aFRR,NEG_063,-5.0,GRID_TO_PROVIDER,6.0,6.0,SK,ENTSO-E BalancingEnergyBids
20260523072-AFRR_P-UNIT_068-1,2026-05-23,aFRR,POS_064,175.53,PROVIDER_TO_GRID,1.0,1.0,SK,ENTSO-E BalancingEnergyBids
20260523072-AFRR_P-UNIT_065-1,2026-05-23,aFRR,POS_064,190.07,PROVIDER_TO_GRID,12.0,12.0,SK,ENTSO-E BalancingEnergyBids
20260523072-AFRR_P-UNIT_052-1,2026-05-23,aFRR,POS_064,150.0,PROVIDER_TO_GRID,31.0,31.0,SK,ENTSO-E BalancingEnergyBids
20260523072-AFRR_P-UNIT_047-1,2026-05-23,aFRR,POS_064,500.0,PROVIDER_TO_GRID,10.0,10.0,SK,ENTSO-E BalancingEnergyBids
20260523072-AFRR_P-UNIT_051-1,2026-05-23,aFRR,POS_064,350.0,PROVIDER_TO_GRID,17.0,17.0,SK,ENTSO-E BalancingEnergyBids
20260523072-AFRR_P-UNIT_069-1,2026-05-23,aFRR,POS_064,135.0,PROVIDER_TO_GRID,15.0,15.0,SK,ENTSO-E BalancingEnergyBids
20260523072-AFRR_P-UNIT_058-1,2026-05-23,aFRR,POS_064,200.0,PROVIDER_TO_GRID,1.0,1.0,SK,ENTSO-E BalancingEnergyBids
20260523072-AFRR_P-UNIT_008-1,2026-05-23,aFRR,POS_064,190.07,PROVIDER_TO_GRID,10.0,10.0,SK,ENTSO-E BalancingEnergyBids
20260523072-AFRR_P-UNIT_062-1,2026-05-23,aFRR,POS_064,132.0,PROVIDER_TO_GRID,5.0,5.0,SK,ENTSO-E BalancingEnergyBids
20260523072-AFRR_P-UNIT_043-1,2026-05-23,aFRR,POS_064,132.0,PROVIDER_TO_GRID,5.0,5.0,SK,ENTSO-E BalancingEnergyBids
20260523072-AFRR_P-UNIT_063-1,2026-05-23,aFRR,POS_064,110.0,PROVIDER_TO_GRID,10.0,10.0,SK,ENTSO-E BalancingEnergyBids
20260523072-AFRR_P-UNIT_078-1,2026-05-23,aFRR,POS_064,749.0,PROVIDER_TO_GRID,3.0,3.0,SK,ENTSO-E BalancingEnergyBids
20260523072-AFRR_P-UNIT_104-1,2026-05-23,aFRR,POS_064,750.0,PROVIDER_TO_GRID,11.0,11.0,SK,ENTSO-E BalancingEnergyBids
20260523072-AFRR_P-UNIT_097-1,2026-05-23,aFRR,POS_064,85.0,PROVIDER_TO_GRID,2.0,2.0,SK,ENTSO-E BalancingEnergyBids
20260523072-AFRR_P-UNIT_009-1,2026-05-23,aFRR,POS_064,190.07,PROVIDER_TO_GRID,3.0,3.0,SK,ENTSO-E BalancingEnergyBids
20260523072-AFRR_P-UNIT_019-1,2026-05-23,aFRR,POS_064,242.0,PROVIDER_TO_GRID,1.0,1.0,SK,ENTSO-E BalancingEnergyBids
20260523072-AFRR_P-UNIT_106-1,2026-05-23,aFRR,POS_064,300.0,PROVIDER_TO_GRID,1.0,1.0,SK,ENTSO-E BalancingEnergyBids
20260523072-AFRR_P-UNIT_123-1,2026-05-23,aFRR,POS_064,189.0,PROVIDER_TO_GRID,8.0,8.0,SK,ENTSO-E BalancingEnergyBids
20260523072-AFRR_N-UNIT_068-1,2026-05-23,aFRR,NEG_064,-5.0,GRID_TO_PROVIDER,1.0,1.0,SK,ENTSO-E BalancingEnergyBids
20260523072-AFRR_N-UNIT_052-1,2026-05-23,aFRR,NEG_064,-30.0,GRID_TO_PROVIDER,7.0,7.0,SK,ENTSO-E BalancingEnergyBids
20260523072-AFRR_N-UNIT_051-1,2026-05-23,aFRR,NEG_064,-144.0,GRID_TO_PROVIDER,5.0,5.0,SK,ENTSO-E BalancingEnergyBids
20260523072-AFRR_N-UNIT_069-1,2026-05-23,aFRR,NEG_064,-150.0,GRID_TO_PROVIDER,12.0,12.0,SK,ENTSO-E BalancingEnergyBids
20260523072-AFRR_N-UNIT_058-1,2026-05-23,aFRR,NEG_064,-50.0,GRID_TO_PROVIDER,1.0,1.0,SK,ENTSO-E BalancingEnergyBids
20260523072-AFRR_N-UNIT_010-1,2026-05-23,aFRR,NEG_064,-10.0,GRID_TO_PROVIDER,30.0,30.0,SK,ENTSO-E BalancingEnergyBids
20260523072-AFRR_N-UNIT_043-1,2026-05-23,aFRR,NEG_064,10.0,GRID_TO_PROVIDER,3.0,3.0,SK,ENTSO-E BalancingEnergyBids
20260523072-AFRR_N-UNIT_104-1,2026-05-23,aFRR,NEG_064,0.0,GRID_TO_PROVIDER,4.0,4.0,SK,ENTSO-E BalancingEnergyBids
20260523072-AFRR_N-UNIT_089-1,2026-05-23,aFRR,NEG_064,-134.62,GRID_TO_PROVIDER,3.0,3.0,SK,ENTSO-E BalancingEnergyBids
20260523072-AFRR_N-UNIT_097-1,2026-05-23,aFRR,NEG_064,0.0,GRID_TO_PROVIDER,5.0,5.0,SK,ENTSO-E BalancingEnergyBids
20260523072-AFRR_N-UNIT_019-1,2026-05-23,aFRR,NEG_064,-199.0,GRID_TO_PROVIDER,1.0,1.0,SK,ENTSO-E BalancingEnergyBids
20260523072-AFRR_N-UNIT_106-1,2026-05-23,aFRR,NEG_064,-19.0,GRID_TO_PROVIDER,1.0,1.0,SK,ENTSO-E BalancingEnergyBids
20260523072-AFRR_N-UNIT_123-1,2026-05-23,aFRR,NEG_064,-5.0,GRID_TO_PROVIDER,6.0,6.0,SK,ENTSO-E BalancingEnergyBids
20260523072-AFRR_P-UNIT_028-1,2026-05-23,aFRR,POS_064,5.0,PROVIDER_TO_GRID,5.0,5.0,SK,ENTSO-E BalancingEnergyBids
20260523072-AFRR_N-UNIT_028-1,2026-05-23,aFRR,NEG_064,-55.0,GRID_TO_PROVIDER,1.0,1.0,SK,ENTSO-E BalancingEnergyBids
20260523073-AFRR_P-UNIT_068-1,2026-05-23,aFRR,POS_065,132.0,PROVIDER_TO_GRID,5.0,5.0,SK,ENTSO-E BalancingEnergyBids
20260523073-AFRR_P-UNIT_065-1,2026-05-23,aFRR,POS_065,190.07,PROVIDER_TO_GRID,22.0,22.0,SK,ENTSO-E BalancingEnergyBids
20260523073-AFRR_P-UNIT_052-1,2026-05-23,aFRR,POS_065,150.0,PROVIDER_TO_GRID,31.0,31.0,SK,ENTSO-E BalancingEnergyBids
20260523073-AFRR_P-UNIT_047-1,2026-05-23,aFRR,POS_065,500.0,PROVIDER_TO_GRID,10.0,10.0,SK,ENTSO-E BalancingEnergyBids
20260523073-AFRR_P-UNIT_051-1,2026-05-23,aFRR,POS_065,350.0,PROVIDER_TO_GRID,17.0,17.0,SK,ENTSO-E BalancingEnergyBids
20260523073-AFRR_P-UNIT_069-1,2026-05-23,aFRR,POS_065,135.0,PROVIDER_TO_GRID,15.0,15.0,SK,ENTSO-E BalancingEnergyBids
20260523073-AFRR_P-UNIT_058-1,2026-05-23,aFRR,POS_065,200.0,PROVIDER_TO_GRID,1.0,1.0,SK,ENTSO-E BalancingEnergyBids
20260523073-AFRR_P-UNIT_062-1,2026-05-23,aFRR,POS_065,105.0,PROVIDER_TO_GRID,9.0,9.0,SK,ENTSO-E BalancingEnergyBids
20260523073-AFRR_P-UNIT_043-1,2026-05-23,aFRR,POS_065,105.0,PROVIDER_TO_GRID,3.0,3.0,SK,ENTSO-E BalancingEnergyBids
20260523073-AFRR_P-UNIT_063-1,2026-05-23,aFRR,POS_065,110.0,PROVIDER_TO_GRID,10.0,10.0,SK,ENTSO-E BalancingEnergyBids
20260523073-AFRR_P-UNIT_078-1,2026-05-23,aFRR,POS_065,749.0,PROVIDER_TO_GRID,3.0,3.0,SK,ENTSO-E BalancingEnergyBids
20260523073-AFRR_P-UNIT_104-1,2026-05-23,aFRR,POS_065,750.0,PROVIDER_TO_GRID,11.0,11.0,SK,ENTSO-E BalancingEnergyBids
20260523073-AFRR_P-UNIT_097-1,2026-05-23,aFRR,POS_065,85.0,PROVIDER_TO_GRID,2.0,2.0,SK,ENTSO-E BalancingEnergyBids
20260523073-AFRR_P-UNIT_009-1,2026-05-23,aFRR,POS_065,190.07,PROVIDER_TO_GRID,3.0,3.0,SK,ENTSO-E BalancingEnergyBids
20260523073-AFRR_P-UNIT_019-1,2026-05-23,aFRR,POS_065,207.0,PROVIDER_TO_GRID,1.0,1.0,SK,ENTSO-E BalancingEnergyBids
20260523073-AFRR_P-UNIT_106-1,2026-05-23,aFRR,POS_065,300.0,PROVIDER_TO_GRID,1.0,1.0,SK,ENTSO-E BalancingEnergyBids
20260523073-AFRR_P-UNIT_123-1,2026-05-23,aFRR,POS_065,189.0,PROVIDER_TO_GRID,8.0,8.0,SK,ENTSO-E BalancingEnergyBids
20260523073-AFRR_N-UNIT_068-1,2026-05-23,aFRR,NEG_065,-5.0,GRID_TO_PROVIDER,5.0,5.0,SK,ENTSO-E BalancingEnergyBids
20260523073-AFRR_N-UNIT_065-1,2026-05-23,aFRR,NEG_065,-10.0,GRID_TO_PROVIDER,10.0,10.0,SK,ENTSO-E BalancingEnergyBids
20260523073-AFRR_N-UNIT_052-1,2026-05-23,aFRR,NEG_065,-30.0,GRID_TO_PROVIDER,7.0,7.0,SK,ENTSO-E BalancingEnergyBids
20260523073-AFRR_N-UNIT_051-1,2026-05-23,aFRR,NEG_065,-144.0,GRID_TO_PROVIDER,5.0,5.0,SK,ENTSO-E BalancingEnergyBids
20260523073-AFRR_N-UNIT_069-1,2026-05-23,aFRR,NEG_065,-150.0,GRID_TO_PROVIDER,12.0,12.0,SK,ENTSO-E BalancingEnergyBids
20260523073-AFRR_N-UNIT_058-1,2026-05-23,aFRR,NEG_065,-50.0,GRID_TO_PROVIDER,1.0,1.0,SK,ENTSO-E BalancingEnergyBids
20260523073-AFRR_N-UNIT_013-1,2026-05-23,aFRR,NEG_065,-10.0,GRID_TO_PROVIDER,21.0,21.0,SK,ENTSO-E BalancingEnergyBids
20260523073-AFRR_N-UNIT_010-1,2026-05-23,aFRR,NEG_065,-10.0,GRID_TO_PROVIDER,30.0,30.0,SK,ENTSO-E BalancingEnergyBids
20260523073-AFRR_N-UNIT_062-1,2026-05-23,aFRR,NEG_065,-29.0,GRID_TO_PROVIDER,11.0,11.0,SK,ENTSO-E BalancingEnergyBids
20260523073-AFRR_N-UNIT_043-1,2026-05-23,aFRR,NEG_065,10.0,GRID_TO_PROVIDER,4.0,4.0,SK,ENTSO-E BalancingEnergyBids
20260523073-AFRR_N-UNIT_104-1,2026-05-23,aFRR,NEG_065,-5.0,GRID_TO_PROVIDER,4.0,4.0,SK,ENTSO-E BalancingEnergyBids
20260523073-AFRR_N-UNIT_089-1,2026-05-23,aFRR,NEG_065,-170.25,GRID_TO_PROVIDER,3.0,3.0,SK,ENTSO-E BalancingEnergyBids
20260523073-AFRR_N-UNIT_097-1,2026-05-23,aFRR,NEG_065,0.0,GRID_TO_PROVIDER,5.0,5.0,SK,ENTSO-E BalancingEnergyBids
20260523073-AFRR_N-UNIT_019-1,2026-05-23,aFRR,NEG_065,-199.0,GRID_TO_PROVIDER,1.0,1.0,SK,ENTSO-E BalancingEnergyBids
20260523073-AFRR_N-UNIT_106-1,2026-05-23,aFRR,NEG_065,-19.0,GRID_TO_PROVIDER,1.0,1.0,SK,ENTSO-E BalancingEnergyBids
20260523073-AFRR_N-UNIT_123-1,2026-05-23,aFRR,NEG_065,-5.0,GRID_TO_PROVIDER,7.0,7.0,SK,ENTSO-E BalancingEnergyBids
20260523073-AFRR_P-UNIT_028-1,2026-05-23,aFRR,POS_065,5.0,PROVIDER_TO_GRID,5.0,5.0,SK,ENTSO-E BalancingEnergyBids
20260523073-AFRR_N-UNIT_028-1,2026-05-23,aFRR,NEG_065,-55.0,GRID_TO_PROVIDER,1.0,1.0,SK,ENTSO-E BalancingEnergyBids
20260523073-AFRR_N-UNIT_005-1,2026-05-23,aFRR,NEG_065,70.0,GRID_TO_PROVIDER,35.0,35.0,SK,ENTSO-E BalancingEnergyBids
20260523074-AFRR_P-UNIT_068-1,2026-05-23,aFRR,POS_066,168.65,PROVIDER_TO_GRID,5.0,5.0,SK,ENTSO-E BalancingEnergyBids
20260523074-AFRR_P-UNIT_065-1,2026-05-23,aFRR,POS_066,190.07,PROVIDER_TO_GRID,22.0,22.0,SK,ENTSO-E BalancingEnergyBids
20260523074-AFRR_P-UNIT_052-1,2026-05-23,aFRR,POS_066,150.0,PROVIDER_TO_GRID,31.0,31.0,SK,ENTSO-E BalancingEnergyBids
20260523074-AFRR_P-UNIT_047-1,2026-05-23,aFRR,POS_066,500.0,PROVIDER_TO_GRID,10.0,10.0,SK,ENTSO-E BalancingEnergyBids
20260523074-AFRR_P-UNIT_051-1,2026-05-23,aFRR,POS_066,350.0,PROVIDER_TO_GRID,17.0,17.0,SK,ENTSO-E BalancingEnergyBids
20260523074-AFRR_P-UNIT_069-1,2026-05-23,aFRR,POS_066,135.0,PROVIDER_TO_GRID,15.0,15.0,SK,ENTSO-E BalancingEnergyBids
20260523074-AFRR_P-UNIT_058-1,2026-05-23,aFRR,POS_066,200.0,PROVIDER_TO_GRID,1.0,1.0,SK,ENTSO-E BalancingEnergyBids
20260523074-AFRR_P-UNIT_062-1,2026-05-23,aFRR,POS_066,126.0,PROVIDER_TO_GRID,9.0,9.0,SK,ENTSO-E BalancingEnergyBids
20260523074-AFRR_P-UNIT_043-1,2026-05-23,aFRR,POS_066,126.0,PROVIDER_TO_GRID,3.0,3.0,SK,ENTSO-E BalancingEnergyBids
20260523074-AFRR_P-UNIT_063-1,2026-05-23,aFRR,POS_066,110.0,PROVIDER_TO_GRID,10.0,10.0,SK,ENTSO-E BalancingEnergyBids
20260523074-AFRR_P-UNIT_078-1,2026-05-23,aFRR,POS_066,749.0,PROVIDER_TO_GRID,3.0,3.0,SK,ENTSO-E BalancingEnergyBids
20260523074-AFRR_P-UNIT_104-1,2026-05-23,aFRR,POS_066,750.0,PROVIDER_TO_GRID,11.0,11.0,SK,ENTSO-E BalancingEnergyBids
20260523074-AFRR_P-UNIT_097-1,2026-05-23,aFRR,POS_066,85.0,PROVIDER_TO_GRID,2.0,2.0,SK,ENTSO-E BalancingEnergyBids
20260523074-AFRR_P-UNIT_009-1,2026-05-23,aFRR,POS_066,190.07,PROVIDER_TO_GRID,3.0,3.0,SK,ENTSO-E BalancingEnergyBids
20260523074-AFRR_P-UNIT_019-1,2026-05-23,aFRR,POS_066,242.0,PROVIDER_TO_GRID,1.0,1.0,SK,ENTSO-E BalancingEnergyBids
20260523074-AFRR_P-UNIT_106-1,2026-05-23,aFRR,POS_066,300.0,PROVIDER_TO_GRID,1.0,1.0,SK,ENTSO-E BalancingEnergyBids
20260523074-AFRR_P-UNIT_123-1,2026-05-23,aFRR,POS_066,189.0,PROVIDER_TO_GRID,8.0,8.0,SK,ENTSO-E BalancingEnergyBids
20260523074-AFRR_N-UNIT_068-1,2026-05-23,aFRR,NEG_066,-5.0,GRID_TO_PROVIDER,5.0,5.0,SK,ENTSO-E BalancingEnergyBids
20260523074-AFRR_N-UNIT_065-1,2026-05-23,aFRR,NEG_066,-10.0,GRID_TO_PROVIDER,10.0,10.0,SK,ENTSO-E BalancingEnergyBids
20260523074-AFRR_N-UNIT_052-1,2026-05-23,aFRR,NEG_066,-30.0,GRID_TO_PROVIDER,7.0,7.0,SK,ENTSO-E BalancingEnergyBids
20260523074-AFRR_N-UNIT_051-1,2026-05-23,aFRR,NEG_066,-144.0,GRID_TO_PROVIDER,5.0,5.0,SK,ENTSO-E BalancingEnergyBids
20260523074-AFRR_N-UNIT_069-1,2026-05-23,aFRR,NEG_066,-150.0,GRID_TO_PROVIDER,12.0,12.0,SK,ENTSO-E BalancingEnergyBids
20260523074-AFRR_N-UNIT_058-1,2026-05-23,aFRR,NEG_066,-50.0,GRID_TO_PROVIDER,1.0,1.0,SK,ENTSO-E BalancingEnergyBids
20260523074-AFRR_N-UNIT_013-1,2026-05-23,aFRR,NEG_066,-10.0,GRID_TO_PROVIDER,21.0,21.0,SK,ENTSO-E BalancingEnergyBids
20260523074-AFRR_N-UNIT_010-1,2026-05-23,aFRR,NEG_066,-10.0,GRID_TO_PROVIDER,30.0,30.0,SK,ENTSO-E BalancingEnergyBids
20260523074-AFRR_N-UNIT_062-1,2026-05-23,aFRR,NEG_066,-29.0,GRID_TO_PROVIDER,11.0,11.0,SK,ENTSO-E BalancingEnergyBids
20260523074-AFRR_N-UNIT_043-1,2026-05-23,aFRR,NEG_066,10.0,GRID_TO_PROVIDER,4.0,4.0,SK,ENTSO-E BalancingEnergyBids
20260523074-AFRR_N-UNIT_104-1,2026-05-23,aFRR,NEG_066,-5.0,GRID_TO_PROVIDER,4.0,4.0,SK,ENTSO-E BalancingEnergyBids
20260523074-AFRR_N-UNIT_089-1,2026-05-23,aFRR,NEG_066,-139.53,GRID_TO_PROVIDER,3.0,3.0,SK,ENTSO-E BalancingEnergyBids
20260523074-AFRR_N-UNIT_097-1,2026-05-23,aFRR,NEG_066,0.0,GRID_TO_PROVIDER,5.0,5.0,SK,ENTSO-E BalancingEnergyBids
20260523074-AFRR_N-UNIT_019-1,2026-05-23,aFRR,NEG_066,-199.0,GRID_TO_PROVIDER,1.0,1.0,SK,ENTSO-E BalancingEnergyBids
20260523074-AFRR_N-UNIT_106-1,2026-05-23,aFRR,NEG_066,-19.0,GRID_TO_PROVIDER,1.0,1.0,SK,ENTSO-E BalancingEnergyBids
20260523074-AFRR_N-UNIT_123-1,2026-05-23,aFRR,NEG_066,-5.0,GRID_TO_PROVIDER,7.0,7.0,SK,ENTSO-E BalancingEnergyBids
20260523074-AFRR_N-UNIT_005-1,2026-05-23,aFRR,NEG_066,70.0,GRID_TO_PROVIDER,35.0,35.0,SK,ENTSO-E BalancingEnergyBids
20260523074-AFRR_P-UNIT_028-1,2026-05-23,aFRR,POS_066,5.0,PROVIDER_TO_GRID,5.0,5.0,SK,ENTSO-E BalancingEnergyBids
20260523074-AFRR_N-UNIT_028-1,2026-05-23,aFRR,NEG_066,-55.0,GRID_TO_PROVIDER,1.0,1.0,SK,ENTSO-E BalancingEnergyBids
20260523075-AFRR_P-UNIT_068-1,2026-05-23,aFRR,POS_067,197.56,PROVIDER_TO_GRID,5.0,5.0,SK,ENTSO-E BalancingEnergyBids
20260523075-AFRR_P-UNIT_065-1,2026-05-23,aFRR,POS_067,194.34,PROVIDER_TO_GRID,22.0,22.0,SK,ENTSO-E BalancingEnergyBids
20260523075-AFRR_P-UNIT_052-1,2026-05-23,aFRR,POS_067,150.0,PROVIDER_TO_GRID,31.0,31.0,SK,ENTSO-E BalancingEnergyBids
20260523075-AFRR_P-UNIT_047-1,2026-05-23,aFRR,POS_067,500.0,PROVIDER_TO_GRID,10.0,10.0,SK,ENTSO-E BalancingEnergyBids
20260523075-AFRR_P-UNIT_051-1,2026-05-23,aFRR,POS_067,350.0,PROVIDER_TO_GRID,17.0,17.0,SK,ENTSO-E BalancingEnergyBids
20260523075-AFRR_P-UNIT_069-1,2026-05-23,aFRR,POS_067,135.0,PROVIDER_TO_GRID,15.0,15.0,SK,ENTSO-E BalancingEnergyBids
20260523075-AFRR_P-UNIT_058-1,2026-05-23,aFRR,POS_067,200.0,PROVIDER_TO_GRID,1.0,1.0,SK,ENTSO-E BalancingEnergyBids
20260523075-AFRR_P-UNIT_062-1,2026-05-23,aFRR,POS_067,148.0,PROVIDER_TO_GRID,9.0,9.0,SK,ENTSO-E BalancingEnergyBids
20260523075-AFRR_P-UNIT_043-1,2026-05-23,aFRR,POS_067,148.0,PROVIDER_TO_GRID,3.0,3.0,SK,ENTSO-E BalancingEnergyBids
20260523075-AFRR_P-UNIT_063-1,2026-05-23,aFRR,POS_067,110.0,PROVIDER_TO_GRID,10.0,10.0,SK,ENTSO-E BalancingEnergyBids
20260523075-AFRR_P-UNIT_078-1,2026-05-23,aFRR,POS_067,749.0,PROVIDER_TO_GRID,3.0,3.0,SK,ENTSO-E BalancingEnergyBids
20260523075-AFRR_P-UNIT_104-1,2026-05-23,aFRR,POS_067,750.0,PROVIDER_TO_GRID,11.0,11.0,SK,ENTSO-E BalancingEnergyBids
20260523075-AFRR_P-UNIT_097-1,2026-05-23,aFRR,POS_067,85.0,PROVIDER_TO_GRID,2.0,2.0,SK,ENTSO-E BalancingEnergyBids
20260523075-AFRR_P-UNIT_009-1,2026-05-23,aFRR,POS_067,194.34,PROVIDER_TO_GRID,3.0,3.0,SK,ENTSO-E BalancingEnergyBids
20260523075-AFRR_P-UNIT_019-1,2026-05-23,aFRR,POS_067,266.0,PROVIDER_TO_GRID,1.0,1.0,SK,ENTSO-E BalancingEnergyBids
20260523075-AFRR_P-UNIT_106-1,2026-05-23,aFRR,POS_067,300.0,PROVIDER_TO_GRID,1.0,1.0,SK,ENTSO-E BalancingEnergyBids
20260523075-AFRR_P-UNIT_123-1,2026-05-23,aFRR,POS_067,189.0,PROVIDER_TO_GRID,8.0,8.0,SK,ENTSO-E BalancingEnergyBids
20260523075-AFRR_N-UNIT_068-1,2026-05-23,aFRR,NEG_067,-5.0,GRID_TO_PROVIDER,5.0,5.0,SK,ENTSO-E BalancingEnergyBids
20260523075-AFRR_N-UNIT_065-1,2026-05-23,aFRR,NEG_067,-10.0,GRID_TO_PROVIDER,10.0,10.0,SK,ENTSO-E BalancingEnergyBids
20260523075-AFRR_N-UNIT_052-1,2026-05-23,aFRR,NEG_067,-30.0,GRID_TO_PROVIDER,7.0,7.0,SK,ENTSO-E BalancingEnergyBids
20260523075-AFRR_N-UNIT_051-1,2026-05-23,aFRR,NEG_067,-144.0,GRID_TO_PROVIDER,5.0,5.0,SK,ENTSO-E BalancingEnergyBids
20260523075-AFRR_N-UNIT_069-1,2026-05-23,aFRR,NEG_067,-150.0,GRID_TO_PROVIDER,12.0,12.0,SK,ENTSO-E BalancingEnergyBids
20260523075-AFRR_N-UNIT_058-1,2026-05-23,aFRR,NEG_067,-50.0,GRID_TO_PROVIDER,1.0,1.0,SK,ENTSO-E BalancingEnergyBids
20260523075-AFRR_N-UNIT_013-1,2026-05-23,aFRR,NEG_067,-10.0,GRID_TO_PROVIDER,21.0,21.0,SK,ENTSO-E BalancingEnergyBids
20260523075-AFRR_N-UNIT_010-1,2026-05-23,aFRR,NEG_067,-10.0,GRID_TO_PROVIDER,30.0,30.0,SK,ENTSO-E BalancingEnergyBids
20260523075-AFRR_N-UNIT_062-1,2026-05-23,aFRR,NEG_067,-29.0,GRID_TO_PROVIDER,11.0,11.0,SK,ENTSO-E BalancingEnergyBids
20260523075-AFRR_N-UNIT_043-1,2026-05-23,aFRR,NEG_067,10.0,GRID_TO_PROVIDER,4.0,4.0,SK,ENTSO-E BalancingEnergyBids
20260523075-AFRR_N-UNIT_104-1,2026-05-23,aFRR,NEG_067,-5.0,GRID_TO_PROVIDER,4.0,4.0,SK,ENTSO-E BalancingEnergyBids
20260523075-AFRR_N-UNIT_089-1,2026-05-23,aFRR,NEG_067,-118.88,GRID_TO_PROVIDER,3.0,3.0,SK,ENTSO-E BalancingEnergyBids
20260523075-AFRR_N-UNIT_097-1,2026-05-23,aFRR,NEG_067,0.0,GRID_TO_PROVIDER,5.0,5.0,SK,ENTSO-E BalancingEnergyBids
20260523075-AFRR_N-UNIT_019-1,2026-05-23,aFRR,NEG_067,-199.0,GRID_TO_PROVIDER,1.0,1.0,SK,ENTSO-E BalancingEnergyBids
20260523075-AFRR_N-UNIT_106-1,2026-05-23,aFRR,NEG_067,-19.0,GRID_TO_PROVIDER,1.0,1.0,SK,ENTSO-E BalancingEnergyBids
20260523075-AFRR_N-UNIT_123-1,2026-05-23,aFRR,NEG_067,-5.0,GRID_TO_PROVIDER,7.0,7.0,SK,ENTSO-E BalancingEnergyBids
20260523075-AFRR_N-UNIT_005-1,2026-05-23,aFRR,NEG_067,70.0,GRID_TO_PROVIDER,35.0,35.0,SK,ENTSO-E BalancingEnergyBids
20260523075-AFRR_P-UNIT_028-1,2026-05-23,aFRR,POS_067,5.0,PROVIDER_TO_GRID,5.0,5.0,SK,ENTSO-E BalancingEnergyBids
20260523075-AFRR_N-UNIT_028-1,2026-05-23,aFRR,NEG_067,-55.0,GRID_TO_PROVIDER,1.0,1.0,SK,ENTSO-E BalancingEnergyBids
20260523076-AFRR_P-UNIT_028-1,2026-05-23,aFRR,POS_068,5.0,PROVIDER_TO_GRID,5.0,5.0,SK,ENTSO-E BalancingEnergyBids
20260523076-AFRR_N-UNIT_028-1,2026-05-23,aFRR,NEG_068,-55.0,GRID_TO_PROVIDER,1.0,1.0,SK,ENTSO-E BalancingEnergyBids
20260523076-AFRR_N-UNIT_005-1,2026-05-23,aFRR,NEG_068,70.0,GRID_TO_PROVIDER,35.0,35.0,SK,ENTSO-E BalancingEnergyBids
20260523076-AFRR_P-UNIT_068-1,2026-05-23,aFRR,POS_068,226.15,PROVIDER_TO_GRID,5.0,5.0,SK,ENTSO-E BalancingEnergyBids
20260523076-AFRR_P-UNIT_065-1,2026-05-23,aFRR,POS_068,218.84,PROVIDER_TO_GRID,22.0,22.0,SK,ENTSO-E BalancingEnergyBids
20260523076-AFRR_P-UNIT_052-1,2026-05-23,aFRR,POS_068,150.0,PROVIDER_TO_GRID,31.0,31.0,SK,ENTSO-E BalancingEnergyBids
20260523076-AFRR_P-UNIT_047-1,2026-05-23,aFRR,POS_068,500.0,PROVIDER_TO_GRID,10.0,10.0,SK,ENTSO-E BalancingEnergyBids
20260523076-AFRR_P-UNIT_051-1,2026-05-23,aFRR,POS_068,350.0,PROVIDER_TO_GRID,17.0,17.0,SK,ENTSO-E BalancingEnergyBids
20260523076-AFRR_P-UNIT_069-1,2026-05-23,aFRR,POS_068,135.0,PROVIDER_TO_GRID,15.0,15.0,SK,ENTSO-E BalancingEnergyBids
20260523076-AFRR_P-UNIT_058-1,2026-05-23,aFRR,POS_068,200.0,PROVIDER_TO_GRID,1.0,1.0,SK,ENTSO-E BalancingEnergyBids
20260523076-AFRR_P-UNIT_062-1,2026-05-23,aFRR,POS_068,170.0,PROVIDER_TO_GRID,9.0,9.0,SK,ENTSO-E BalancingEnergyBids
20260523076-AFRR_P-UNIT_043-1,2026-05-23,aFRR,POS_068,170.0,PROVIDER_TO_GRID,3.0,3.0,SK,ENTSO-E BalancingEnergyBids
20260523076-AFRR_P-UNIT_063-1,2026-05-23,aFRR,POS_068,110.0,PROVIDER_TO_GRID,10.0,10.0,SK,ENTSO-E BalancingEnergyBids
20260523076-AFRR_P-UNIT_078-1,2026-05-23,aFRR,POS_068,749.0,PROVIDER_TO_GRID,3.0,3.0,SK,ENTSO-E BalancingEnergyBids
20260523076-AFRR_P-UNIT_104-1,2026-05-23,aFRR,POS_068,750.0,PROVIDER_TO_GRID,11.0,11.0,SK,ENTSO-E BalancingEnergyBids
20260523076-AFRR_P-UNIT_097-1,2026-05-23,aFRR,POS_068,85.0,PROVIDER_TO_GRID,2.0,2.0,SK,ENTSO-E BalancingEnergyBids
20260523076-AFRR_P-UNIT_009-1,2026-05-23,aFRR,POS_068,218.84,PROVIDER_TO_GRID,3.0,3.0,SK,ENTSO-E BalancingEnergyBids
20260523076-AFRR_P-UNIT_019-1,2026-05-23,aFRR,POS_068,277.0,PROVIDER_TO_GRID,1.0,1.0,SK,ENTSO-E BalancingEnergyBids
20260523076-AFRR_P-UNIT_106-1,2026-05-23,aFRR,POS_068,300.0,PROVIDER_TO_GRID,1.0,1.0,SK,ENTSO-E BalancingEnergyBids
20260523076-AFRR_P-UNIT_123-1,2026-05-23,aFRR,POS_068,189.0,PROVIDER_TO_GRID,8.0,8.0,SK,ENTSO-E BalancingEnergyBids
20260523076-AFRR_N-UNIT_068-1,2026-05-23,aFRR,NEG_068,-5.0,GRID_TO_PROVIDER,5.0,5.0,SK,ENTSO-E BalancingEnergyBids
20260523076-AFRR_N-UNIT_065-1,2026-05-23,aFRR,NEG_068,-10.0,GRID_TO_PROVIDER,10.0,10.0,SK,ENTSO-E BalancingEnergyBids
20260523076-AFRR_N-UNIT_052-1,2026-05-23,aFRR,NEG_068,-30.0,GRID_TO_PROVIDER,7.0,7.0,SK,ENTSO-E BalancingEnergyBids
20260523076-AFRR_N-UNIT_051-1,2026-05-23,aFRR,NEG_068,-144.0,GRID_TO_PROVIDER,5.0,5.0,SK,ENTSO-E BalancingEnergyBids
20260523076-AFRR_N-UNIT_069-1,2026-05-23,aFRR,NEG_068,-150.0,GRID_TO_PROVIDER,12.0,12.0,SK,ENTSO-E BalancingEnergyBids
20260523076-AFRR_N-UNIT_058-1,2026-05-23,aFRR,NEG_068,-50.0,GRID_TO_PROVIDER,1.0,1.0,SK,ENTSO-E BalancingEnergyBids
20260523076-AFRR_N-UNIT_013-1,2026-05-23,aFRR,NEG_068,-10.0,GRID_TO_PROVIDER,21.0,21.0,SK,ENTSO-E BalancingEnergyBids
20260523076-AFRR_N-UNIT_010-1,2026-05-23,aFRR,NEG_068,-10.0,GRID_TO_PROVIDER,30.0,30.0,SK,ENTSO-E BalancingEnergyBids
20260523076-AFRR_N-UNIT_062-1,2026-05-23,aFRR,NEG_068,-29.0,GRID_TO_PROVIDER,11.0,11.0,SK,ENTSO-E BalancingEnergyBids
20260523076-AFRR_N-UNIT_043-1,2026-05-23,aFRR,NEG_068,10.0,GRID_TO_PROVIDER,4.0,4.0,SK,ENTSO-E BalancingEnergyBids
20260523076-AFRR_N-UNIT_104-1,2026-05-23,aFRR,NEG_068,-5.0,GRID_TO_PROVIDER,4.0,4.0,SK,ENTSO-E BalancingEnergyBids
20260523076-AFRR_N-UNIT_089-1,2026-05-23,aFRR,NEG_068,-98.46,GRID_TO_PROVIDER,3.0,3.0,SK,ENTSO-E BalancingEnergyBids
20260523076-AFRR_N-UNIT_097-1,2026-05-23,aFRR,NEG_068,0.0,GRID_TO_PROVIDER,5.0,5.0,SK,ENTSO-E BalancingEnergyBids
20260523076-AFRR_N-UNIT_019-1,2026-05-23,aFRR,NEG_068,-199.0,GRID_TO_PROVIDER,1.0,1.0,SK,ENTSO-E BalancingEnergyBids
20260523076-AFRR_N-UNIT_106-1,2026-05-23,aFRR,NEG_068,-19.0,GRID_TO_PROVIDER,1.0,1.0,SK,ENTSO-E BalancingEnergyBids
20260523076-AFRR_N-UNIT_123-1,2026-05-23,aFRR,NEG_068,-5.0,GRID_TO_PROVIDER,7.0,7.0,SK,ENTSO-E BalancingEnergyBids
20260523077-AFRR_P-UNIT_065-1,2026-05-23,aFRR,POS_069,190.07,PROVIDER_TO_GRID,28.0,28.0,SK,ENTSO-E BalancingEnergyBids
20260523077-AFRR_P-UNIT_052-1,2026-05-23,aFRR,POS_069,150.0,PROVIDER_TO_GRID,24.0,24.0,SK,ENTSO-E BalancingEnergyBids
20260523077-AFRR_P-UNIT_047-1,2026-05-23,aFRR,POS_069,500.0,PROVIDER_TO_GRID,10.0,10.0,SK,ENTSO-E BalancingEnergyBids
20260523077-AFRR_P-UNIT_051-1,2026-05-23,aFRR,POS_069,350.0,PROVIDER_TO_GRID,17.0,17.0,SK,ENTSO-E BalancingEnergyBids
20260523077-AFRR_P-UNIT_069-1,2026-05-23,aFRR,POS_069,135.0,PROVIDER_TO_GRID,15.0,15.0,SK,ENTSO-E BalancingEnergyBids
20260523077-AFRR_P-UNIT_036-1,2026-05-23,aFRR,POS_069,190.07,PROVIDER_TO_GRID,10.0,10.0,SK,ENTSO-E BalancingEnergyBids
20260523077-AFRR_P-UNIT_058-1,2026-05-23,aFRR,POS_069,200.0,PROVIDER_TO_GRID,1.0,1.0,SK,ENTSO-E BalancingEnergyBids
20260523077-AFRR_P-UNIT_043-1,2026-05-23,aFRR,POS_069,139.0,PROVIDER_TO_GRID,3.0,3.0,SK,ENTSO-E BalancingEnergyBids
20260523077-AFRR_P-UNIT_063-1,2026-05-23,aFRR,POS_069,110.0,PROVIDER_TO_GRID,10.0,10.0,SK,ENTSO-E BalancingEnergyBids
20260523077-AFRR_P-UNIT_078-1,2026-05-23,aFRR,POS_069,749.0,PROVIDER_TO_GRID,3.0,3.0,SK,ENTSO-E BalancingEnergyBids
20260523077-AFRR_P-UNIT_104-1,2026-05-23,aFRR,POS_069,750.0,PROVIDER_TO_GRID,11.0,11.0,SK,ENTSO-E BalancingEnergyBids
20260523077-AFRR_P-UNIT_097-1,2026-05-23,aFRR,POS_069,85.0,PROVIDER_TO_GRID,2.0,2.0,SK,ENTSO-E BalancingEnergyBids
20260523077-AFRR_P-UNIT_019-1,2026-05-23,aFRR,POS_069,253.0,PROVIDER_TO_GRID,1.0,1.0,SK,ENTSO-E BalancingEnergyBids
20260523077-AFRR_P-UNIT_106-1,2026-05-23,aFRR,POS_069,300.0,PROVIDER_TO_GRID,1.0,1.0,SK,ENTSO-E BalancingEnergyBids
20260523077-AFRR_P-UNIT_123-1,2026-05-23,aFRR,POS_069,189.0,PROVIDER_TO_GRID,8.0,8.0,SK,ENTSO-E BalancingEnergyBids
20260523077-AFRR_N-UNIT_068-1,2026-05-23,aFRR,NEG_069,-5.0,GRID_TO_PROVIDER,10.0,10.0,SK,ENTSO-E BalancingEnergyBids
20260523077-AFRR_N-UNIT_065-1,2026-05-23,aFRR,NEG_069,-10.0,GRID_TO_PROVIDER,10.0,10.0,SK,ENTSO-E BalancingEnergyBids
20260523077-AFRR_N-UNIT_052-1,2026-05-23,aFRR,NEG_069,-30.0,GRID_TO_PROVIDER,14.0,14.0,SK,ENTSO-E BalancingEnergyBids
20260523077-AFRR_N-UNIT_051-1,2026-05-23,aFRR,NEG_069,-144.0,GRID_TO_PROVIDER,5.0,5.0,SK,ENTSO-E BalancingEnergyBids
20260523077-AFRR_N-UNIT_069-1,2026-05-23,aFRR,NEG_069,-150.0,GRID_TO_PROVIDER,12.0,12.0,SK,ENTSO-E BalancingEnergyBids
20260523077-AFRR_N-UNIT_028-1,2026-05-23,aFRR,NEG_069,-5.0,GRID_TO_PROVIDER,1.0,1.0,SK,ENTSO-E BalancingEnergyBids
20260523077-AFRR_N-UNIT_058-1,2026-05-23,aFRR,NEG_069,-50.0,GRID_TO_PROVIDER,1.0,1.0,SK,ENTSO-E BalancingEnergyBids
20260523077-AFRR_N-UNIT_013-1,2026-05-23,aFRR,NEG_069,-10.0,GRID_TO_PROVIDER,21.0,21.0,SK,ENTSO-E BalancingEnergyBids
20260523077-AFRR_N-UNIT_010-1,2026-05-23,aFRR,NEG_069,-10.0,GRID_TO_PROVIDER,30.0,30.0,SK,ENTSO-E BalancingEnergyBids
20260523077-AFRR_N-UNIT_043-1,2026-05-23,aFRR,NEG_069,10.0,GRID_TO_PROVIDER,4.0,4.0,SK,ENTSO-E BalancingEnergyBids
20260523077-AFRR_N-UNIT_104-1,2026-05-23,aFRR,NEG_069,-5.0,GRID_TO_PROVIDER,4.0,4.0,SK,ENTSO-E BalancingEnergyBids
20260523077-AFRR_N-UNIT_089-1,2026-05-23,aFRR,NEG_069,-127.74,GRID_TO_PROVIDER,3.0,3.0,SK,ENTSO-E BalancingEnergyBids
20260523077-AFRR_N-UNIT_097-1,2026-05-23,aFRR,NEG_069,0.0,GRID_TO_PROVIDER,5.0,5.0,SK,ENTSO-E BalancingEnergyBids
20260523077-AFRR_N-UNIT_019-1,2026-05-23,aFRR,NEG_069,-199.0,GRID_TO_PROVIDER,1.0,1.0,SK,ENTSO-E BalancingEnergyBids
20260523077-AFRR_N-UNIT_106-1,2026-05-23,aFRR,NEG_069,-19.0,GRID_TO_PROVIDER,1.0,1.0,SK,ENTSO-E BalancingEnergyBids
20260523077-AFRR_N-UNIT_123-1,2026-05-23,aFRR,NEG_069,-5.0,GRID_TO_PROVIDER,7.0,7.0,SK,ENTSO-E BalancingEnergyBids
20260523077-AFRR_N-UNIT_005-1,2026-05-23,aFRR,NEG_069,70.0,GRID_TO_PROVIDER,35.0,35.0,SK,ENTSO-E BalancingEnergyBids
20260523077-AFRR_P-UNIT_062-1,2026-05-23,aFRR,POS_069,139.0,PROVIDER_TO_GRID,3.0,3.0,SK,ENTSO-E BalancingEnergyBids
20260523077-AFRR_N-UNIT_062-1,2026-05-23,aFRR,NEG_069,-29.0,GRID_TO_PROVIDER,9.0,9.0,SK,ENTSO-E BalancingEnergyBids
20260523077-AFRR_P-UNIT_068-1,2026-05-23,aFRR,POS_069,125.18,PROVIDER_TO_GRID,5.0,5.0,SK,ENTSO-E BalancingEnergyBids
20260523077-AFRR_P-UNIT_028-1,2026-05-23,aFRR,POS_069,125.17,PROVIDER_TO_GRID,5.0,5.0,SK,ENTSO-E BalancingEnergyBids
20260523078-AFRR_P-UNIT_065-1,2026-05-23,aFRR,POS_070,199.8,PROVIDER_TO_GRID,28.0,28.0,SK,ENTSO-E BalancingEnergyBids
20260523078-AFRR_P-UNIT_052-1,2026-05-23,aFRR,POS_070,150.0,PROVIDER_TO_GRID,24.0,24.0,SK,ENTSO-E BalancingEnergyBids
20260523078-AFRR_P-UNIT_047-1,2026-05-23,aFRR,POS_070,500.0,PROVIDER_TO_GRID,10.0,10.0,SK,ENTSO-E BalancingEnergyBids
20260523078-AFRR_P-UNIT_051-1,2026-05-23,aFRR,POS_070,350.0,PROVIDER_TO_GRID,17.0,17.0,SK,ENTSO-E BalancingEnergyBids
20260523078-AFRR_P-UNIT_069-1,2026-05-23,aFRR,POS_070,135.0,PROVIDER_TO_GRID,15.0,15.0,SK,ENTSO-E BalancingEnergyBids
20260523078-AFRR_P-UNIT_036-1,2026-05-23,aFRR,POS_070,199.8,PROVIDER_TO_GRID,10.0,10.0,SK,ENTSO-E BalancingEnergyBids
20260523078-AFRR_P-UNIT_058-1,2026-05-23,aFRR,POS_070,200.0,PROVIDER_TO_GRID,1.0,1.0,SK,ENTSO-E BalancingEnergyBids
20260523078-AFRR_P-UNIT_043-1,2026-05-23,aFRR,POS_070,153.0,PROVIDER_TO_GRID,3.0,3.0,SK,ENTSO-E BalancingEnergyBids
20260523078-AFRR_P-UNIT_063-1,2026-05-23,aFRR,POS_070,110.0,PROVIDER_TO_GRID,10.0,10.0,SK,ENTSO-E BalancingEnergyBids
20260523078-AFRR_P-UNIT_078-1,2026-05-23,aFRR,POS_070,749.0,PROVIDER_TO_GRID,3.0,3.0,SK,ENTSO-E BalancingEnergyBids
20260523078-AFRR_P-UNIT_104-1,2026-05-23,aFRR,POS_070,750.0,PROVIDER_TO_GRID,11.0,11.0,SK,ENTSO-E BalancingEnergyBids
20260523078-AFRR_P-UNIT_097-1,2026-05-23,aFRR,POS_070,85.0,PROVIDER_TO_GRID,2.0,2.0,SK,ENTSO-E BalancingEnergyBids
20260523078-AFRR_P-UNIT_019-1,2026-05-23,aFRR,POS_070,268.0,PROVIDER_TO_GRID,1.0,1.0,SK,ENTSO-E BalancingEnergyBids
20260523078-AFRR_P-UNIT_106-1,2026-05-23,aFRR,POS_070,300.0,PROVIDER_TO_GRID,1.0,1.0,SK,ENTSO-E BalancingEnergyBids
20260523078-AFRR_P-UNIT_123-1,2026-05-23,aFRR,POS_070,189.0,PROVIDER_TO_GRID,8.0,8.0,SK,ENTSO-E BalancingEnergyBids
20260523078-AFRR_N-UNIT_068-1,2026-05-23,aFRR,NEG_070,-5.0,GRID_TO_PROVIDER,10.0,10.0,SK,ENTSO-E BalancingEnergyBids
20260523078-AFRR_N-UNIT_065-1,2026-05-23,aFRR,NEG_070,-10.0,GRID_TO_PROVIDER,10.0,10.0,SK,ENTSO-E BalancingEnergyBids
20260523078-AFRR_N-UNIT_052-1,2026-05-23,aFRR,NEG_070,-30.0,GRID_TO_PROVIDER,14.0,14.0,SK,ENTSO-E BalancingEnergyBids
20260523078-AFRR_N-UNIT_051-1,2026-05-23,aFRR,NEG_070,-144.0,GRID_TO_PROVIDER,5.0,5.0,SK,ENTSO-E BalancingEnergyBids
20260523078-AFRR_N-UNIT_069-1,2026-05-23,aFRR,NEG_070,-150.0,GRID_TO_PROVIDER,12.0,12.0,SK,ENTSO-E BalancingEnergyBids
20260523078-AFRR_N-UNIT_049-1,2026-05-23,aFRR,NEG_070,65.0,GRID_TO_PROVIDER,45.0,45.0,SK,ENTSO-E BalancingEnergyBids
20260523078-AFRR_N-UNIT_028-1,2026-05-23,aFRR,NEG_070,-5.0,GRID_TO_PROVIDER,1.0,1.0,SK,ENTSO-E BalancingEnergyBids
20260523078-AFRR_N-UNIT_058-1,2026-05-23,aFRR,NEG_070,-50.0,GRID_TO_PROVIDER,1.0,1.0,SK,ENTSO-E BalancingEnergyBids
20260523078-AFRR_N-UNIT_013-1,2026-05-23,aFRR,NEG_070,-10.0,GRID_TO_PROVIDER,21.0,21.0,SK,ENTSO-E BalancingEnergyBids
20260523078-AFRR_N-UNIT_010-1,2026-05-23,aFRR,NEG_070,-10.0,GRID_TO_PROVIDER,30.0,30.0,SK,ENTSO-E BalancingEnergyBids
20260523078-AFRR_N-UNIT_043-1,2026-05-23,aFRR,NEG_070,10.0,GRID_TO_PROVIDER,4.0,4.0,SK,ENTSO-E BalancingEnergyBids
20260523078-AFRR_N-UNIT_104-1,2026-05-23,aFRR,NEG_070,-5.0,GRID_TO_PROVIDER,4.0,4.0,SK,ENTSO-E BalancingEnergyBids
20260523078-AFRR_N-UNIT_089-1,2026-05-23,aFRR,NEG_070,-114.33,GRID_TO_PROVIDER,3.0,3.0,SK,ENTSO-E BalancingEnergyBids
20260523078-AFRR_N-UNIT_097-1,2026-05-23,aFRR,NEG_070,0.0,GRID_TO_PROVIDER,5.0,5.0,SK,ENTSO-E BalancingEnergyBids
20260523078-AFRR_N-UNIT_019-1,2026-05-23,aFRR,NEG_070,-199.0,GRID_TO_PROVIDER,1.0,1.0,SK,ENTSO-E BalancingEnergyBids
20260523078-AFRR_N-UNIT_106-1,2026-05-23,aFRR,NEG_070,-19.0,GRID_TO_PROVIDER,1.0,1.0,SK,ENTSO-E BalancingEnergyBids
20260523078-AFRR_N-UNIT_123-1,2026-05-23,aFRR,NEG_070,-5.0,GRID_TO_PROVIDER,7.0,7.0,SK,ENTSO-E BalancingEnergyBids
20260523078-AFRR_P-UNIT_068-1,2026-05-23,aFRR,POS_070,143.95,PROVIDER_TO_GRID,5.0,5.0,SK,ENTSO-E BalancingEnergyBids
20260523078-AFRR_P-UNIT_028-1,2026-05-23,aFRR,POS_070,143.94,PROVIDER_TO_GRID,5.0,5.0,SK,ENTSO-E BalancingEnergyBids
20260523078-AFRR_P-UNIT_062-1,2026-05-23,aFRR,POS_070,153.0,PROVIDER_TO_GRID,3.0,3.0,SK,ENTSO-E BalancingEnergyBids
20260523078-AFRR_N-UNIT_062-1,2026-05-23,aFRR,NEG_070,-29.0,GRID_TO_PROVIDER,9.0,9.0,SK,ENTSO-E BalancingEnergyBids
20260523078-AFRR_N-UNIT_005-1,2026-05-23,aFRR,NEG_070,70.0,GRID_TO_PROVIDER,35.0,35.0,SK,ENTSO-E BalancingEnergyBids
20260523079-AFRR_N-UNIT_005-1,2026-05-23,aFRR,NEG_071,70.0,GRID_TO_PROVIDER,35.0,35.0,SK,ENTSO-E BalancingEnergyBids
20260523079-AFRR_P-UNIT_068-1,2026-05-23,aFRR,POS_071,164.86,PROVIDER_TO_GRID,5.0,5.0,SK,ENTSO-E BalancingEnergyBids
20260523079-AFRR_P-UNIT_028-1,2026-05-23,aFRR,POS_071,164.85,PROVIDER_TO_GRID,5.0,5.0,SK,ENTSO-E BalancingEnergyBids
20260523079-AFRR_P-UNIT_062-1,2026-05-23,aFRR,POS_071,169.0,PROVIDER_TO_GRID,3.0,3.0,SK,ENTSO-E BalancingEnergyBids
20260523079-AFRR_N-UNIT_062-1,2026-05-23,aFRR,NEG_071,-29.0,GRID_TO_PROVIDER,9.0,9.0,SK,ENTSO-E BalancingEnergyBids
20260523079-AFRR_P-UNIT_065-1,2026-05-23,aFRR,POS_071,217.72,PROVIDER_TO_GRID,28.0,28.0,SK,ENTSO-E BalancingEnergyBids
20260523079-AFRR_P-UNIT_052-1,2026-05-23,aFRR,POS_071,150.0,PROVIDER_TO_GRID,24.0,24.0,SK,ENTSO-E BalancingEnergyBids
20260523079-AFRR_P-UNIT_047-1,2026-05-23,aFRR,POS_071,500.0,PROVIDER_TO_GRID,10.0,10.0,SK,ENTSO-E BalancingEnergyBids
20260523079-AFRR_P-UNIT_051-1,2026-05-23,aFRR,POS_071,350.0,PROVIDER_TO_GRID,17.0,17.0,SK,ENTSO-E BalancingEnergyBids
20260523079-AFRR_P-UNIT_069-1,2026-05-23,aFRR,POS_071,135.0,PROVIDER_TO_GRID,15.0,15.0,SK,ENTSO-E BalancingEnergyBids
20260523079-AFRR_P-UNIT_036-1,2026-05-23,aFRR,POS_071,217.72,PROVIDER_TO_GRID,10.0,10.0,SK,ENTSO-E BalancingEnergyBids
20260523079-AFRR_P-UNIT_058-1,2026-05-23,aFRR,POS_071,200.0,PROVIDER_TO_GRID,1.0,1.0,SK,ENTSO-E BalancingEnergyBids
20260523079-AFRR_P-UNIT_043-1,2026-05-23,aFRR,POS_071,169.0,PROVIDER_TO_GRID,3.0,3.0,SK,ENTSO-E BalancingEnergyBids
20260523079-AFRR_P-UNIT_063-1,2026-05-23,aFRR,POS_071,110.0,PROVIDER_TO_GRID,10.0,10.0,SK,ENTSO-E BalancingEnergyBids
20260523079-AFRR_P-UNIT_078-1,2026-05-23,aFRR,POS_071,749.0,PROVIDER_TO_GRID,3.0,3.0,SK,ENTSO-E BalancingEnergyBids
20260523079-AFRR_P-UNIT_104-1,2026-05-23,aFRR,POS_071,750.0,PROVIDER_TO_GRID,11.0,11.0,SK,ENTSO-E BalancingEnergyBids
20260523079-AFRR_P-UNIT_097-1,2026-05-23,aFRR,POS_071,85.0,PROVIDER_TO_GRID,2.0,2.0,SK,ENTSO-E BalancingEnergyBids
20260523079-AFRR_P-UNIT_019-1,2026-05-23,aFRR,POS_071,282.0,PROVIDER_TO_GRID,1.0,1.0,SK,ENTSO-E BalancingEnergyBids
20260523079-AFRR_P-UNIT_106-1,2026-05-23,aFRR,POS_071,300.0,PROVIDER_TO_GRID,1.0,1.0,SK,ENTSO-E BalancingEnergyBids
20260523079-AFRR_P-UNIT_123-1,2026-05-23,aFRR,POS_071,189.0,PROVIDER_TO_GRID,8.0,8.0,SK,ENTSO-E BalancingEnergyBids
20260523079-AFRR_N-UNIT_068-1,2026-05-23,aFRR,NEG_071,-5.0,GRID_TO_PROVIDER,10.0,10.0,SK,ENTSO-E BalancingEnergyBids
20260523079-AFRR_N-UNIT_065-1,2026-05-23,aFRR,NEG_071,-10.0,GRID_TO_PROVIDER,10.0,10.0,SK,ENTSO-E BalancingEnergyBids
20260523079-AFRR_N-UNIT_052-1,2026-05-23,aFRR,NEG_071,-30.0,GRID_TO_PROVIDER,14.0,14.0,SK,ENTSO-E BalancingEnergyBids
20260523079-AFRR_N-UNIT_051-1,2026-05-23,aFRR,NEG_071,-144.0,GRID_TO_PROVIDER,5.0,5.0,SK,ENTSO-E BalancingEnergyBids
20260523079-AFRR_N-UNIT_069-1,2026-05-23,aFRR,NEG_071,-150.0,GRID_TO_PROVIDER,12.0,12.0,SK,ENTSO-E BalancingEnergyBids
20260523079-AFRR_N-UNIT_049-1,2026-05-23,aFRR,NEG_071,65.0,GRID_TO_PROVIDER,45.0,45.0,SK,ENTSO-E BalancingEnergyBids
20260523079-AFRR_N-UNIT_028-1,2026-05-23,aFRR,NEG_071,-5.0,GRID_TO_PROVIDER,1.0,1.0,SK,ENTSO-E BalancingEnergyBids
20260523079-AFRR_N-UNIT_058-1,2026-05-23,aFRR,NEG_071,-50.0,GRID_TO_PROVIDER,1.0,1.0,SK,ENTSO-E BalancingEnergyBids
20260523079-AFRR_N-UNIT_013-1,2026-05-23,aFRR,NEG_071,-10.0,GRID_TO_PROVIDER,21.0,21.0,SK,ENTSO-E BalancingEnergyBids
20260523079-AFRR_N-UNIT_010-1,2026-05-23,aFRR,NEG_071,-10.0,GRID_TO_PROVIDER,30.0,30.0,SK,ENTSO-E BalancingEnergyBids
20260523079-AFRR_N-UNIT_043-1,2026-05-23,aFRR,NEG_071,10.0,GRID_TO_PROVIDER,4.0,4.0,SK,ENTSO-E BalancingEnergyBids
20260523079-AFRR_N-UNIT_104-1,2026-05-23,aFRR,NEG_071,-5.0,GRID_TO_PROVIDER,4.0,4.0,SK,ENTSO-E BalancingEnergyBids
20260523079-AFRR_N-UNIT_089-1,2026-05-23,aFRR,NEG_071,-99.4,GRID_TO_PROVIDER,3.0,3.0,SK,ENTSO-E BalancingEnergyBids
20260523079-AFRR_N-UNIT_097-1,2026-05-23,aFRR,NEG_071,0.0,GRID_TO_PROVIDER,5.0,5.0,SK,ENTSO-E BalancingEnergyBids
20260523079-AFRR_N-UNIT_019-1,2026-05-23,aFRR,NEG_071,-199.0,GRID_TO_PROVIDER,1.0,1.0,SK,ENTSO-E BalancingEnergyBids
20260523079-AFRR_N-UNIT_106-1,2026-05-23,aFRR,NEG_071,-19.0,GRID_TO_PROVIDER,1.0,1.0,SK,ENTSO-E BalancingEnergyBids
20260523079-AFRR_N-UNIT_123-1,2026-05-23,aFRR,NEG_071,-5.0,GRID_TO_PROVIDER,7.0,7.0,SK,ENTSO-E BalancingEnergyBids
20260523080-AFRR_N-UNIT_005-1,2026-05-23,aFRR,NEG_072,70.0,GRID_TO_PROVIDER,35.0,35.0,SK,ENTSO-E BalancingEnergyBids
20260523080-AFRR_P-UNIT_062-1,2026-05-23,aFRR,POS_072,193.0,PROVIDER_TO_GRID,3.0,3.0,SK,ENTSO-E BalancingEnergyBids
20260523080-AFRR_N-UNIT_062-1,2026-05-23,aFRR,NEG_072,-29.0,GRID_TO_PROVIDER,9.0,9.0,SK,ENTSO-E BalancingEnergyBids
20260523080-AFRR_N-UNIT_051-1,2026-05-23,aFRR,NEG_072,-144.0,GRID_TO_PROVIDER,5.0,5.0,SK,ENTSO-E BalancingEnergyBids
20260523080-AFRR_N-UNIT_069-1,2026-05-23,aFRR,NEG_072,-150.0,GRID_TO_PROVIDER,12.0,12.0,SK,ENTSO-E BalancingEnergyBids
20260523080-AFRR_N-UNIT_049-1,2026-05-23,aFRR,NEG_072,65.0,GRID_TO_PROVIDER,45.0,45.0,SK,ENTSO-E BalancingEnergyBids
20260523080-AFRR_N-UNIT_028-1,2026-05-23,aFRR,NEG_072,-5.0,GRID_TO_PROVIDER,1.0,1.0,SK,ENTSO-E BalancingEnergyBids
20260523080-AFRR_N-UNIT_058-1,2026-05-23,aFRR,NEG_072,-50.0,GRID_TO_PROVIDER,1.0,1.0,SK,ENTSO-E BalancingEnergyBids
20260523080-AFRR_N-UNIT_013-1,2026-05-23,aFRR,NEG_072,-10.0,GRID_TO_PROVIDER,21.0,21.0,SK,ENTSO-E BalancingEnergyBids
20260523080-AFRR_N-UNIT_010-1,2026-05-23,aFRR,NEG_072,-10.0,GRID_TO_PROVIDER,30.0,30.0,SK,ENTSO-E BalancingEnergyBids
20260523080-AFRR_N-UNIT_043-1,2026-05-23,aFRR,NEG_072,10.0,GRID_TO_PROVIDER,4.0,4.0,SK,ENTSO-E BalancingEnergyBids
20260523080-AFRR_N-UNIT_104-1,2026-05-23,aFRR,NEG_072,-5.0,GRID_TO_PROVIDER,4.0,4.0,SK,ENTSO-E BalancingEnergyBids
20260523080-AFRR_N-UNIT_089-1,2026-05-23,aFRR,NEG_072,-76.38,GRID_TO_PROVIDER,3.0,3.0,SK,ENTSO-E BalancingEnergyBids
20260523080-AFRR_N-UNIT_097-1,2026-05-23,aFRR,NEG_072,0.0,GRID_TO_PROVIDER,5.0,5.0,SK,ENTSO-E BalancingEnergyBids
20260523080-AFRR_N-UNIT_019-1,2026-05-23,aFRR,NEG_072,-199.0,GRID_TO_PROVIDER,1.0,1.0,SK,ENTSO-E BalancingEnergyBids
20260523080-AFRR_N-UNIT_106-1,2026-05-23,aFRR,NEG_072,-19.0,GRID_TO_PROVIDER,1.0,1.0,SK,ENTSO-E BalancingEnergyBids
20260523080-AFRR_N-UNIT_123-1,2026-05-23,aFRR,NEG_072,-5.0,GRID_TO_PROVIDER,7.0,7.0,SK,ENTSO-E BalancingEnergyBids
20260523080-AFRR_P-UNIT_065-1,2026-05-23,aFRR,POS_072,245.34,PROVIDER_TO_GRID,28.0,28.0,SK,ENTSO-E BalancingEnergyBids
20260523080-AFRR_P-UNIT_052-1,2026-05-23,aFRR,POS_072,150.0,PROVIDER_TO_GRID,24.0,24.0,SK,ENTSO-E BalancingEnergyBids
20260523080-AFRR_P-UNIT_047-1,2026-05-23,aFRR,POS_072,500.0,PROVIDER_TO_GRID,10.0,10.0,SK,ENTSO-E BalancingEnergyBids
20260523080-AFRR_P-UNIT_051-1,2026-05-23,aFRR,POS_072,350.0,PROVIDER_TO_GRID,17.0,17.0,SK,ENTSO-E BalancingEnergyBids
20260523080-AFRR_P-UNIT_069-1,2026-05-23,aFRR,POS_072,135.0,PROVIDER_TO_GRID,15.0,15.0,SK,ENTSO-E BalancingEnergyBids
20260523080-AFRR_P-UNIT_036-1,2026-05-23,aFRR,POS_072,245.34,PROVIDER_TO_GRID,10.0,10.0,SK,ENTSO-E BalancingEnergyBids
20260523080-AFRR_P-UNIT_058-1,2026-05-23,aFRR,POS_072,200.0,PROVIDER_TO_GRID,1.0,1.0,SK,ENTSO-E BalancingEnergyBids
20260523080-AFRR_P-UNIT_043-1,2026-05-23,aFRR,POS_072,193.0,PROVIDER_TO_GRID,3.0,3.0,SK,ENTSO-E BalancingEnergyBids
20260523080-AFRR_P-UNIT_063-1,2026-05-23,aFRR,POS_072,110.0,PROVIDER_TO_GRID,10.0,10.0,SK,ENTSO-E BalancingEnergyBids
20260523080-AFRR_P-UNIT_078-1,2026-05-23,aFRR,POS_072,749.0,PROVIDER_TO_GRID,3.0,3.0,SK,ENTSO-E BalancingEnergyBids
20260523080-AFRR_P-UNIT_104-1,2026-05-23,aFRR,POS_072,750.0,PROVIDER_TO_GRID,11.0,11.0,SK,ENTSO-E BalancingEnergyBids
20260523080-AFRR_P-UNIT_097-1,2026-05-23,aFRR,POS_072,85.0,PROVIDER_TO_GRID,2.0,2.0,SK,ENTSO-E BalancingEnergyBids
20260523080-AFRR_P-UNIT_019-1,2026-05-23,aFRR,POS_072,301.0,PROVIDER_TO_GRID,1.0,1.0,SK,ENTSO-E BalancingEnergyBids
20260523080-AFRR_P-UNIT_106-1,2026-05-23,aFRR,POS_072,300.0,PROVIDER_TO_GRID,1.0,1.0,SK,ENTSO-E BalancingEnergyBids
20260523080-AFRR_P-UNIT_123-1,2026-05-23,aFRR,POS_072,189.0,PROVIDER_TO_GRID,8.0,8.0,SK,ENTSO-E BalancingEnergyBids
20260523080-AFRR_N-UNIT_068-1,2026-05-23,aFRR,NEG_072,-5.0,GRID_TO_PROVIDER,10.0,10.0,SK,ENTSO-E BalancingEnergyBids
20260523080-AFRR_N-UNIT_065-1,2026-05-23,aFRR,NEG_072,-10.0,GRID_TO_PROVIDER,10.0,10.0,SK,ENTSO-E BalancingEnergyBids
20260523080-AFRR_N-UNIT_052-1,2026-05-23,aFRR,NEG_072,-30.0,GRID_TO_PROVIDER,14.0,14.0,SK,ENTSO-E BalancingEnergyBids
20260523080-AFRR_P-UNIT_068-1,2026-05-23,aFRR,POS_072,197.08,PROVIDER_TO_GRID,5.0,5.0,SK,ENTSO-E BalancingEnergyBids
20260523080-AFRR_P-UNIT_028-1,2026-05-23,aFRR,POS_072,197.07,PROVIDER_TO_GRID,5.0,5.0,SK,ENTSO-E BalancingEnergyBids
20260523081-AFRR_P-UNIT_068-1,2026-05-23,aFRR,POS_073,172.46,PROVIDER_TO_GRID,5.0,5.0,SK,ENTSO-E BalancingEnergyBids
20260523081-AFRR_P-UNIT_028-1,2026-05-23,aFRR,POS_073,172.45,PROVIDER_TO_GRID,5.0,5.0,SK,ENTSO-E BalancingEnergyBids
20260523081-AFRR_P-UNIT_065-1,2026-05-23,aFRR,POS_073,224.23,PROVIDER_TO_GRID,28.0,28.0,SK,ENTSO-E BalancingEnergyBids
20260523081-AFRR_P-UNIT_052-1,2026-05-23,aFRR,POS_073,150.0,PROVIDER_TO_GRID,24.0,24.0,SK,ENTSO-E BalancingEnergyBids
20260523081-AFRR_P-UNIT_047-1,2026-05-23,aFRR,POS_073,500.0,PROVIDER_TO_GRID,10.0,10.0,SK,ENTSO-E BalancingEnergyBids
20260523081-AFRR_P-UNIT_051-1,2026-05-23,aFRR,POS_073,350.0,PROVIDER_TO_GRID,17.0,17.0,SK,ENTSO-E BalancingEnergyBids
20260523081-AFRR_P-UNIT_069-1,2026-05-23,aFRR,POS_073,135.0,PROVIDER_TO_GRID,15.0,15.0,SK,ENTSO-E BalancingEnergyBids
20260523081-AFRR_P-UNIT_036-1,2026-05-23,aFRR,POS_073,224.23,PROVIDER_TO_GRID,11.0,11.0,SK,ENTSO-E BalancingEnergyBids
20260523081-AFRR_P-UNIT_058-1,2026-05-23,aFRR,POS_073,200.0,PROVIDER_TO_GRID,1.0,1.0,SK,ENTSO-E BalancingEnergyBids
20260523081-AFRR_P-UNIT_043-1,2026-05-23,aFRR,POS_073,174.0,PROVIDER_TO_GRID,3.0,3.0,SK,ENTSO-E BalancingEnergyBids
20260523081-AFRR_P-UNIT_063-1,2026-05-23,aFRR,POS_073,110.0,PROVIDER_TO_GRID,10.0,10.0,SK,ENTSO-E BalancingEnergyBids
20260523081-AFRR_P-UNIT_078-1,2026-05-23,aFRR,POS_073,749.0,PROVIDER_TO_GRID,3.0,3.0,SK,ENTSO-E BalancingEnergyBids
20260523081-AFRR_P-UNIT_104-1,2026-05-23,aFRR,POS_073,750.0,PROVIDER_TO_GRID,11.0,11.0,SK,ENTSO-E BalancingEnergyBids
20260523081-AFRR_P-UNIT_097-1,2026-05-23,aFRR,POS_073,85.0,PROVIDER_TO_GRID,2.0,2.0,SK,ENTSO-E BalancingEnergyBids
20260523081-AFRR_P-UNIT_019-1,2026-05-23,aFRR,POS_073,289.0,PROVIDER_TO_GRID,1.0,1.0,SK,ENTSO-E BalancingEnergyBids
20260523081-AFRR_P-UNIT_106-1,2026-05-23,aFRR,POS_073,300.0,PROVIDER_TO_GRID,1.0,1.0,SK,ENTSO-E BalancingEnergyBids
20260523081-AFRR_P-UNIT_123-1,2026-05-23,aFRR,POS_073,189.0,PROVIDER_TO_GRID,7.0,7.0,SK,ENTSO-E BalancingEnergyBids
20260523081-AFRR_N-UNIT_068-1,2026-05-23,aFRR,NEG_073,-5.0,GRID_TO_PROVIDER,10.0,10.0,SK,ENTSO-E BalancingEnergyBids
20260523081-AFRR_N-UNIT_065-1,2026-05-23,aFRR,NEG_073,-10.0,GRID_TO_PROVIDER,10.0,10.0,SK,ENTSO-E BalancingEnergyBids
20260523081-AFRR_N-UNIT_052-1,2026-05-23,aFRR,NEG_073,-30.0,GRID_TO_PROVIDER,14.0,14.0,SK,ENTSO-E BalancingEnergyBids
20260523081-AFRR_N-UNIT_051-1,2026-05-23,aFRR,NEG_073,-144.0,GRID_TO_PROVIDER,5.0,5.0,SK,ENTSO-E BalancingEnergyBids
20260523081-AFRR_N-UNIT_069-1,2026-05-23,aFRR,NEG_073,-150.0,GRID_TO_PROVIDER,12.0,12.0,SK,ENTSO-E BalancingEnergyBids
20260523081-AFRR_N-UNIT_049-1,2026-05-23,aFRR,NEG_073,65.0,GRID_TO_PROVIDER,45.0,45.0,SK,ENTSO-E BalancingEnergyBids
20260523081-AFRR_N-UNIT_028-1,2026-05-23,aFRR,NEG_073,-5.0,GRID_TO_PROVIDER,1.0,1.0,SK,ENTSO-E BalancingEnergyBids
20260523081-AFRR_N-UNIT_058-1,2026-05-23,aFRR,NEG_073,-50.0,GRID_TO_PROVIDER,1.0,1.0,SK,ENTSO-E BalancingEnergyBids
20260523081-AFRR_N-UNIT_013-1,2026-05-23,aFRR,NEG_073,-10.0,GRID_TO_PROVIDER,21.0,21.0,SK,ENTSO-E BalancingEnergyBids
20260523081-AFRR_N-UNIT_010-1,2026-05-23,aFRR,NEG_073,-10.0,GRID_TO_PROVIDER,30.0,30.0,SK,ENTSO-E BalancingEnergyBids
20260523081-AFRR_N-UNIT_043-1,2026-05-23,aFRR,NEG_073,10.0,GRID_TO_PROVIDER,4.0,4.0,SK,ENTSO-E BalancingEnergyBids
20260523081-AFRR_N-UNIT_104-1,2026-05-23,aFRR,NEG_073,-5.0,GRID_TO_PROVIDER,4.0,4.0,SK,ENTSO-E BalancingEnergyBids
20260523081-AFRR_N-UNIT_089-1,2026-05-23,aFRR,NEG_073,-93.97,GRID_TO_PROVIDER,3.0,3.0,SK,ENTSO-E BalancingEnergyBids
20260523081-AFRR_N-UNIT_097-1,2026-05-23,aFRR,NEG_073,0.0,GRID_TO_PROVIDER,5.0,5.0,SK,ENTSO-E BalancingEnergyBids
20260523081-AFRR_N-UNIT_019-1,2026-05-23,aFRR,NEG_073,-199.0,GRID_TO_PROVIDER,1.0,1.0,SK,ENTSO-E BalancingEnergyBids
20260523081-AFRR_N-UNIT_106-1,2026-05-23,aFRR,NEG_073,-19.0,GRID_TO_PROVIDER,1.0,1.0,SK,ENTSO-E BalancingEnergyBids
20260523081-AFRR_N-UNIT_123-1,2026-05-23,aFRR,NEG_073,-5.0,GRID_TO_PROVIDER,8.0,8.0,SK,ENTSO-E BalancingEnergyBids
20260523081-AFRR_N-UNIT_005-1,2026-05-23,aFRR,NEG_073,70.0,GRID_TO_PROVIDER,35.0,35.0,SK,ENTSO-E BalancingEnergyBids
20260523081-AFRR_P-UNIT_062-1,2026-05-23,aFRR,POS_073,174.0,PROVIDER_TO_GRID,3.0,3.0,SK,ENTSO-E BalancingEnergyBids
20260523081-AFRR_N-UNIT_062-1,2026-05-23,aFRR,NEG_073,-29.0,GRID_TO_PROVIDER,9.0,9.0,SK,ENTSO-E BalancingEnergyBids
20260523082-AFRR_N-UNIT_005-1,2026-05-23,aFRR,NEG_074,70.0,GRID_TO_PROVIDER,35.0,35.0,SK,ENTSO-E BalancingEnergyBids
20260523082-AFRR_P-UNIT_068-1,2026-05-23,aFRR,POS_074,186.29,PROVIDER_TO_GRID,5.0,5.0,SK,ENTSO-E BalancingEnergyBids
20260523082-AFRR_P-UNIT_028-1,2026-05-23,aFRR,POS_074,186.28,PROVIDER_TO_GRID,5.0,5.0,SK,ENTSO-E BalancingEnergyBids
20260523082-AFRR_P-UNIT_065-1,2026-05-23,aFRR,POS_074,236.09,PROVIDER_TO_GRID,28.0,28.0,SK,ENTSO-E BalancingEnergyBids
20260523082-AFRR_P-UNIT_052-1,2026-05-23,aFRR,POS_074,150.0,PROVIDER_TO_GRID,24.0,24.0,SK,ENTSO-E BalancingEnergyBids
20260523082-AFRR_P-UNIT_047-1,2026-05-23,aFRR,POS_074,500.0,PROVIDER_TO_GRID,10.0,10.0,SK,ENTSO-E BalancingEnergyBids
20260523082-AFRR_P-UNIT_051-1,2026-05-23,aFRR,POS_074,350.0,PROVIDER_TO_GRID,17.0,17.0,SK,ENTSO-E BalancingEnergyBids
20260523082-AFRR_P-UNIT_069-1,2026-05-23,aFRR,POS_074,135.0,PROVIDER_TO_GRID,15.0,15.0,SK,ENTSO-E BalancingEnergyBids
20260523082-AFRR_P-UNIT_036-1,2026-05-23,aFRR,POS_074,236.09,PROVIDER_TO_GRID,11.0,11.0,SK,ENTSO-E BalancingEnergyBids
20260523082-AFRR_P-UNIT_058-1,2026-05-23,aFRR,POS_074,200.0,PROVIDER_TO_GRID,1.0,1.0,SK,ENTSO-E BalancingEnergyBids
20260523082-AFRR_P-UNIT_043-1,2026-05-23,aFRR,POS_074,185.0,PROVIDER_TO_GRID,3.0,3.0,SK,ENTSO-E BalancingEnergyBids
20260523082-AFRR_P-UNIT_063-1,2026-05-23,aFRR,POS_074,110.0,PROVIDER_TO_GRID,10.0,10.0,SK,ENTSO-E BalancingEnergyBids
20260523082-AFRR_P-UNIT_078-1,2026-05-23,aFRR,POS_074,749.0,PROVIDER_TO_GRID,3.0,3.0,SK,ENTSO-E BalancingEnergyBids
20260523082-AFRR_P-UNIT_104-1,2026-05-23,aFRR,POS_074,750.0,PROVIDER_TO_GRID,11.0,11.0,SK,ENTSO-E BalancingEnergyBids
20260523082-AFRR_P-UNIT_097-1,2026-05-23,aFRR,POS_074,85.0,PROVIDER_TO_GRID,2.0,2.0,SK,ENTSO-E BalancingEnergyBids
20260523082-AFRR_P-UNIT_019-1,2026-05-23,aFRR,POS_074,296.0,PROVIDER_TO_GRID,1.0,1.0,SK,ENTSO-E BalancingEnergyBids
20260523082-AFRR_P-UNIT_106-1,2026-05-23,aFRR,POS_074,300.0,PROVIDER_TO_GRID,1.0,1.0,SK,ENTSO-E BalancingEnergyBids
20260523082-AFRR_P-UNIT_123-1,2026-05-23,aFRR,POS_074,189.0,PROVIDER_TO_GRID,7.0,7.0,SK,ENTSO-E BalancingEnergyBids
20260523082-AFRR_N-UNIT_068-1,2026-05-23,aFRR,NEG_074,-5.0,GRID_TO_PROVIDER,10.0,10.0,SK,ENTSO-E BalancingEnergyBids
20260523082-AFRR_N-UNIT_065-1,2026-05-23,aFRR,NEG_074,-10.0,GRID_TO_PROVIDER,10.0,10.0,SK,ENTSO-E BalancingEnergyBids
20260523082-AFRR_N-UNIT_052-1,2026-05-23,aFRR,NEG_074,-30.0,GRID_TO_PROVIDER,14.0,14.0,SK,ENTSO-E BalancingEnergyBids
20260523082-AFRR_N-UNIT_051-1,2026-05-23,aFRR,NEG_074,-144.0,GRID_TO_PROVIDER,5.0,5.0,SK,ENTSO-E BalancingEnergyBids
20260523082-AFRR_N-UNIT_069-1,2026-05-23,aFRR,NEG_074,-150.0,GRID_TO_PROVIDER,12.0,12.0,SK,ENTSO-E BalancingEnergyBids
20260523082-AFRR_N-UNIT_049-1,2026-05-23,aFRR,NEG_074,65.0,GRID_TO_PROVIDER,45.0,45.0,SK,ENTSO-E BalancingEnergyBids
20260523082-AFRR_N-UNIT_028-1,2026-05-23,aFRR,NEG_074,-5.0,GRID_TO_PROVIDER,1.0,1.0,SK,ENTSO-E BalancingEnergyBids
20260523082-AFRR_N-UNIT_058-1,2026-05-23,aFRR,NEG_074,-50.0,GRID_TO_PROVIDER,1.0,1.0,SK,ENTSO-E BalancingEnergyBids
20260523082-AFRR_N-UNIT_013-1,2026-05-23,aFRR,NEG_074,-10.0,GRID_TO_PROVIDER,21.0,21.0,SK,ENTSO-E BalancingEnergyBids
20260523082-AFRR_N-UNIT_010-1,2026-05-23,aFRR,NEG_074,-10.0,GRID_TO_PROVIDER,30.0,30.0,SK,ENTSO-E BalancingEnergyBids
20260523082-AFRR_N-UNIT_043-1,2026-05-23,aFRR,NEG_074,10.0,GRID_TO_PROVIDER,4.0,4.0,SK,ENTSO-E BalancingEnergyBids
20260523082-AFRR_N-UNIT_104-1,2026-05-23,aFRR,NEG_074,-5.0,GRID_TO_PROVIDER,4.0,4.0,SK,ENTSO-E BalancingEnergyBids
20260523082-AFRR_N-UNIT_089-1,2026-05-23,aFRR,NEG_074,-84.09,GRID_TO_PROVIDER,3.0,3.0,SK,ENTSO-E BalancingEnergyBids
20260523082-AFRR_N-UNIT_097-1,2026-05-23,aFRR,NEG_074,0.0,GRID_TO_PROVIDER,5.0,5.0,SK,ENTSO-E BalancingEnergyBids
20260523082-AFRR_N-UNIT_019-1,2026-05-23,aFRR,NEG_074,-199.0,GRID_TO_PROVIDER,1.0,1.0,SK,ENTSO-E BalancingEnergyBids
20260523082-AFRR_N-UNIT_106-1,2026-05-23,aFRR,NEG_074,-19.0,GRID_TO_PROVIDER,1.0,1.0,SK,ENTSO-E BalancingEnergyBids
20260523082-AFRR_N-UNIT_123-1,2026-05-23,aFRR,NEG_074,-5.0,GRID_TO_PROVIDER,8.0,8.0,SK,ENTSO-E BalancingEnergyBids
20260523082-AFRR_P-UNIT_062-1,2026-05-23,aFRR,POS_074,185.0,PROVIDER_TO_GRID,3.0,3.0,SK,ENTSO-E BalancingEnergyBids
20260523082-AFRR_N-UNIT_062-1,2026-05-23,aFRR,NEG_074,-29.0,GRID_TO_PROVIDER,9.0,9.0,SK,ENTSO-E BalancingEnergyBids
20260523083-AFRR_P-UNIT_065-1,2026-05-23,aFRR,POS_075,259.43,PROVIDER_TO_GRID,28.0,28.0,SK,ENTSO-E BalancingEnergyBids
20260523083-AFRR_P-UNIT_052-1,2026-05-23,aFRR,POS_075,150.0,PROVIDER_TO_GRID,24.0,24.0,SK,ENTSO-E BalancingEnergyBids
20260523083-AFRR_P-UNIT_047-1,2026-05-23,aFRR,POS_075,500.0,PROVIDER_TO_GRID,10.0,10.0,SK,ENTSO-E BalancingEnergyBids
20260523083-AFRR_P-UNIT_051-1,2026-05-23,aFRR,POS_075,350.0,PROVIDER_TO_GRID,17.0,17.0,SK,ENTSO-E BalancingEnergyBids
20260523083-AFRR_P-UNIT_069-1,2026-05-23,aFRR,POS_075,135.0,PROVIDER_TO_GRID,15.0,15.0,SK,ENTSO-E BalancingEnergyBids
20260523083-AFRR_P-UNIT_036-1,2026-05-23,aFRR,POS_075,259.43,PROVIDER_TO_GRID,11.0,11.0,SK,ENTSO-E BalancingEnergyBids
20260523083-AFRR_P-UNIT_058-1,2026-05-23,aFRR,POS_075,200.0,PROVIDER_TO_GRID,1.0,1.0,SK,ENTSO-E BalancingEnergyBids
20260523083-AFRR_P-UNIT_043-1,2026-05-23,aFRR,POS_075,205.0,PROVIDER_TO_GRID,3.0,3.0,SK,ENTSO-E BalancingEnergyBids
20260523083-AFRR_P-UNIT_063-1,2026-05-23,aFRR,POS_075,110.0,PROVIDER_TO_GRID,10.0,10.0,SK,ENTSO-E BalancingEnergyBids
20260523083-AFRR_P-UNIT_078-1,2026-05-23,aFRR,POS_075,749.0,PROVIDER_TO_GRID,3.0,3.0,SK,ENTSO-E BalancingEnergyBids
20260523083-AFRR_P-UNIT_104-1,2026-05-23,aFRR,POS_075,750.0,PROVIDER_TO_GRID,11.0,11.0,SK,ENTSO-E BalancingEnergyBids
20260523083-AFRR_P-UNIT_097-1,2026-05-23,aFRR,POS_075,85.0,PROVIDER_TO_GRID,2.0,2.0,SK,ENTSO-E BalancingEnergyBids
20260523083-AFRR_P-UNIT_019-1,2026-05-23,aFRR,POS_075,319.0,PROVIDER_TO_GRID,1.0,1.0,SK,ENTSO-E BalancingEnergyBids
20260523083-AFRR_P-UNIT_106-1,2026-05-23,aFRR,POS_075,300.0,PROVIDER_TO_GRID,1.0,1.0,SK,ENTSO-E BalancingEnergyBids
20260523083-AFRR_P-UNIT_123-1,2026-05-23,aFRR,POS_075,189.0,PROVIDER_TO_GRID,7.0,7.0,SK,ENTSO-E BalancingEnergyBids
20260523083-AFRR_N-UNIT_068-1,2026-05-23,aFRR,NEG_075,-5.0,GRID_TO_PROVIDER,10.0,10.0,SK,ENTSO-E BalancingEnergyBids
20260523083-AFRR_N-UNIT_065-1,2026-05-23,aFRR,NEG_075,-10.0,GRID_TO_PROVIDER,10.0,10.0,SK,ENTSO-E BalancingEnergyBids
20260523083-AFRR_N-UNIT_052-1,2026-05-23,aFRR,NEG_075,-30.0,GRID_TO_PROVIDER,14.0,14.0,SK,ENTSO-E BalancingEnergyBids
20260523083-AFRR_N-UNIT_051-1,2026-05-23,aFRR,NEG_075,-144.0,GRID_TO_PROVIDER,5.0,5.0,SK,ENTSO-E BalancingEnergyBids
20260523083-AFRR_N-UNIT_069-1,2026-05-23,aFRR,NEG_075,-150.0,GRID_TO_PROVIDER,12.0,12.0,SK,ENTSO-E BalancingEnergyBids
20260523083-AFRR_N-UNIT_049-1,2026-05-23,aFRR,NEG_075,65.0,GRID_TO_PROVIDER,45.0,45.0,SK,ENTSO-E BalancingEnergyBids
20260523083-AFRR_N-UNIT_028-1,2026-05-23,aFRR,NEG_075,-5.0,GRID_TO_PROVIDER,1.0,1.0,SK,ENTSO-E BalancingEnergyBids
20260523083-AFRR_N-UNIT_058-1,2026-05-23,aFRR,NEG_075,-50.0,GRID_TO_PROVIDER,1.0,1.0,SK,ENTSO-E BalancingEnergyBids
20260523083-AFRR_N-UNIT_013-1,2026-05-23,aFRR,NEG_075,-10.0,GRID_TO_PROVIDER,21.0,21.0,SK,ENTSO-E BalancingEnergyBids
20260523083-AFRR_N-UNIT_010-1,2026-05-23,aFRR,NEG_075,-10.0,GRID_TO_PROVIDER,30.0,30.0,SK,ENTSO-E BalancingEnergyBids
20260523083-AFRR_N-UNIT_043-1,2026-05-23,aFRR,NEG_075,10.0,GRID_TO_PROVIDER,4.0,4.0,SK,ENTSO-E BalancingEnergyBids
20260523083-AFRR_N-UNIT_104-1,2026-05-23,aFRR,NEG_075,-5.0,GRID_TO_PROVIDER,4.0,4.0,SK,ENTSO-E BalancingEnergyBids
20260523083-AFRR_N-UNIT_089-1,2026-05-23,aFRR,NEG_075,-64.64,GRID_TO_PROVIDER,3.0,3.0,SK,ENTSO-E BalancingEnergyBids
20260523083-AFRR_N-UNIT_097-1,2026-05-23,aFRR,NEG_075,0.0,GRID_TO_PROVIDER,5.0,5.0,SK,ENTSO-E BalancingEnergyBids
20260523083-AFRR_N-UNIT_019-1,2026-05-23,aFRR,NEG_075,-199.0,GRID_TO_PROVIDER,1.0,1.0,SK,ENTSO-E BalancingEnergyBids
20260523083-AFRR_N-UNIT_106-1,2026-05-23,aFRR,NEG_075,-19.0,GRID_TO_PROVIDER,1.0,1.0,SK,ENTSO-E BalancingEnergyBids
20260523083-AFRR_N-UNIT_123-1,2026-05-23,aFRR,NEG_075,-5.0,GRID_TO_PROVIDER,8.0,8.0,SK,ENTSO-E BalancingEnergyBids
20260523083-AFRR_N-UNIT_005-1,2026-05-23,aFRR,NEG_075,70.0,GRID_TO_PROVIDER,35.0,35.0,SK,ENTSO-E BalancingEnergyBids
20260523083-AFRR_P-UNIT_068-1,2026-05-23,aFRR,POS_075,213.52,PROVIDER_TO_GRID,5.0,5.0,SK,ENTSO-E BalancingEnergyBids
20260523083-AFRR_P-UNIT_028-1,2026-05-23,aFRR,POS_075,213.51,PROVIDER_TO_GRID,5.0,5.0,SK,ENTSO-E BalancingEnergyBids
20260523083-AFRR_P-UNIT_062-1,2026-05-23,aFRR,POS_075,205.0,PROVIDER_TO_GRID,3.0,3.0,SK,ENTSO-E BalancingEnergyBids
20260523083-AFRR_N-UNIT_062-1,2026-05-23,aFRR,NEG_075,-29.0,GRID_TO_PROVIDER,9.0,9.0,SK,ENTSO-E BalancingEnergyBids
20260523084-AFRR_P-UNIT_068-1,2026-05-23,aFRR,POS_076,221.95,PROVIDER_TO_GRID,5.0,5.0,SK,ENTSO-E BalancingEnergyBids
20260523084-AFRR_P-UNIT_028-1,2026-05-23,aFRR,POS_076,221.94,PROVIDER_TO_GRID,5.0,5.0,SK,ENTSO-E BalancingEnergyBids
20260523084-AFRR_P-UNIT_065-1,2026-05-23,aFRR,POS_076,266.65,PROVIDER_TO_GRID,28.0,28.0,SK,ENTSO-E BalancingEnergyBids
20260523084-AFRR_P-UNIT_052-1,2026-05-23,aFRR,POS_076,150.0,PROVIDER_TO_GRID,24.0,24.0,SK,ENTSO-E BalancingEnergyBids
20260523084-AFRR_P-UNIT_047-1,2026-05-23,aFRR,POS_076,500.0,PROVIDER_TO_GRID,10.0,10.0,SK,ENTSO-E BalancingEnergyBids
20260523084-AFRR_P-UNIT_051-1,2026-05-23,aFRR,POS_076,350.0,PROVIDER_TO_GRID,17.0,17.0,SK,ENTSO-E BalancingEnergyBids
20260523084-AFRR_P-UNIT_069-1,2026-05-23,aFRR,POS_076,135.0,PROVIDER_TO_GRID,15.0,15.0,SK,ENTSO-E BalancingEnergyBids
20260523084-AFRR_P-UNIT_036-1,2026-05-23,aFRR,POS_076,266.65,PROVIDER_TO_GRID,11.0,11.0,SK,ENTSO-E BalancingEnergyBids
20260523084-AFRR_P-UNIT_058-1,2026-05-23,aFRR,POS_076,200.0,PROVIDER_TO_GRID,1.0,1.0,SK,ENTSO-E BalancingEnergyBids
20260523084-AFRR_P-UNIT_043-1,2026-05-23,aFRR,POS_076,211.0,PROVIDER_TO_GRID,3.0,3.0,SK,ENTSO-E BalancingEnergyBids
20260523084-AFRR_P-UNIT_063-1,2026-05-23,aFRR,POS_076,110.0,PROVIDER_TO_GRID,10.0,10.0,SK,ENTSO-E BalancingEnergyBids
20260523084-AFRR_P-UNIT_078-1,2026-05-23,aFRR,POS_076,749.0,PROVIDER_TO_GRID,3.0,3.0,SK,ENTSO-E BalancingEnergyBids
20260523084-AFRR_P-UNIT_104-1,2026-05-23,aFRR,POS_076,750.0,PROVIDER_TO_GRID,11.0,11.0,SK,ENTSO-E BalancingEnergyBids
20260523084-AFRR_P-UNIT_097-1,2026-05-23,aFRR,POS_076,85.0,PROVIDER_TO_GRID,2.0,2.0,SK,ENTSO-E BalancingEnergyBids
20260523084-AFRR_P-UNIT_019-1,2026-05-23,aFRR,POS_076,318.0,PROVIDER_TO_GRID,1.0,1.0,SK,ENTSO-E BalancingEnergyBids
20260523084-AFRR_P-UNIT_106-1,2026-05-23,aFRR,POS_076,300.0,PROVIDER_TO_GRID,1.0,1.0,SK,ENTSO-E BalancingEnergyBids
20260523084-AFRR_P-UNIT_123-1,2026-05-23,aFRR,POS_076,189.0,PROVIDER_TO_GRID,7.0,7.0,SK,ENTSO-E BalancingEnergyBids
20260523084-AFRR_N-UNIT_068-1,2026-05-23,aFRR,NEG_076,-5.0,GRID_TO_PROVIDER,10.0,10.0,SK,ENTSO-E BalancingEnergyBids
20260523084-AFRR_N-UNIT_065-1,2026-05-23,aFRR,NEG_076,-10.0,GRID_TO_PROVIDER,10.0,10.0,SK,ENTSO-E BalancingEnergyBids
20260523084-AFRR_N-UNIT_052-1,2026-05-23,aFRR,NEG_076,-30.0,GRID_TO_PROVIDER,14.0,14.0,SK,ENTSO-E BalancingEnergyBids
20260523084-AFRR_N-UNIT_051-1,2026-05-23,aFRR,NEG_076,-144.0,GRID_TO_PROVIDER,5.0,5.0,SK,ENTSO-E BalancingEnergyBids
20260523084-AFRR_N-UNIT_069-1,2026-05-23,aFRR,NEG_076,-150.0,GRID_TO_PROVIDER,12.0,12.0,SK,ENTSO-E BalancingEnergyBids
20260523084-AFRR_N-UNIT_049-1,2026-05-23,aFRR,NEG_076,65.0,GRID_TO_PROVIDER,45.0,45.0,SK,ENTSO-E BalancingEnergyBids
20260523084-AFRR_N-UNIT_028-1,2026-05-23,aFRR,NEG_076,-5.0,GRID_TO_PROVIDER,1.0,1.0,SK,ENTSO-E BalancingEnergyBids
20260523084-AFRR_N-UNIT_058-1,2026-05-23,aFRR,NEG_076,-50.0,GRID_TO_PROVIDER,1.0,1.0,SK,ENTSO-E BalancingEnergyBids
20260523084-AFRR_N-UNIT_013-1,2026-05-23,aFRR,NEG_076,-10.0,GRID_TO_PROVIDER,21.0,21.0,SK,ENTSO-E BalancingEnergyBids
20260523084-AFRR_N-UNIT_010-1,2026-05-23,aFRR,NEG_076,-10.0,GRID_TO_PROVIDER,30.0,30.0,SK,ENTSO-E BalancingEnergyBids
20260523084-AFRR_N-UNIT_043-1,2026-05-23,aFRR,NEG_076,10.0,GRID_TO_PROVIDER,4.0,4.0,SK,ENTSO-E BalancingEnergyBids
20260523084-AFRR_N-UNIT_104-1,2026-05-23,aFRR,NEG_076,-5.0,GRID_TO_PROVIDER,4.0,4.0,SK,ENTSO-E BalancingEnergyBids
20260523084-AFRR_N-UNIT_089-1,2026-05-23,aFRR,NEG_076,-58.62,GRID_TO_PROVIDER,3.0,3.0,SK,ENTSO-E BalancingEnergyBids
20260523084-AFRR_N-UNIT_097-1,2026-05-23,aFRR,NEG_076,0.0,GRID_TO_PROVIDER,5.0,5.0,SK,ENTSO-E BalancingEnergyBids
20260523084-AFRR_N-UNIT_019-1,2026-05-23,aFRR,NEG_076,-199.0,GRID_TO_PROVIDER,1.0,1.0,SK,ENTSO-E BalancingEnergyBids
20260523084-AFRR_N-UNIT_106-1,2026-05-23,aFRR,NEG_076,-19.0,GRID_TO_PROVIDER,1.0,1.0,SK,ENTSO-E BalancingEnergyBids
20260523084-AFRR_N-UNIT_123-1,2026-05-23,aFRR,NEG_076,-5.0,GRID_TO_PROVIDER,8.0,8.0,SK,ENTSO-E BalancingEnergyBids
20260523084-AFRR_N-UNIT_005-1,2026-05-23,aFRR,NEG_076,70.0,GRID_TO_PROVIDER,35.0,35.0,SK,ENTSO-E BalancingEnergyBids
20260523084-AFRR_P-UNIT_062-1,2026-05-23,aFRR,POS_076,211.0,PROVIDER_TO_GRID,3.0,3.0,SK,ENTSO-E BalancingEnergyBids
20260523084-AFRR_N-UNIT_062-1,2026-05-23,aFRR,NEG_076,-29.0,GRID_TO_PROVIDER,9.0,9.0,SK,ENTSO-E BalancingEnergyBids
20260523085-AFRR_P-UNIT_062-1,2026-05-23,aFRR,POS_077,180.0,PROVIDER_TO_GRID,3.0,3.0,SK,ENTSO-E BalancingEnergyBids
20260523085-AFRR_N-UNIT_062-1,2026-05-23,aFRR,NEG_077,-29.0,GRID_TO_PROVIDER,9.0,9.0,SK,ENTSO-E BalancingEnergyBids
20260523085-AFRR_P-UNIT_068-1,2026-05-23,aFRR,POS_077,240.21,PROVIDER_TO_GRID,5.0,5.0,SK,ENTSO-E BalancingEnergyBids
20260523085-AFRR_P-UNIT_028-1,2026-05-23,aFRR,POS_077,240.21,PROVIDER_TO_GRID,5.0,5.0,SK,ENTSO-E BalancingEnergyBids
20260523085-AFRR_P-UNIT_065-1,2026-05-23,aFRR,POS_077,230.89,PROVIDER_TO_GRID,28.0,28.0,SK,ENTSO-E BalancingEnergyBids
20260523085-AFRR_P-UNIT_052-1,2026-05-23,aFRR,POS_077,140.0,PROVIDER_TO_GRID,25.0,25.0,SK,ENTSO-E BalancingEnergyBids
20260523085-AFRR_P-UNIT_047-1,2026-05-23,aFRR,POS_077,500.0,PROVIDER_TO_GRID,10.0,10.0,SK,ENTSO-E BalancingEnergyBids
20260523085-AFRR_P-UNIT_051-1,2026-05-23,aFRR,POS_077,350.0,PROVIDER_TO_GRID,17.0,17.0,SK,ENTSO-E BalancingEnergyBids
20260523085-AFRR_P-UNIT_069-1,2026-05-23,aFRR,POS_077,135.0,PROVIDER_TO_GRID,15.0,15.0,SK,ENTSO-E BalancingEnergyBids
20260523085-AFRR_P-UNIT_036-1,2026-05-23,aFRR,POS_077,230.89,PROVIDER_TO_GRID,8.0,8.0,SK,ENTSO-E BalancingEnergyBids
20260523085-AFRR_P-UNIT_058-1,2026-05-23,aFRR,POS_077,200.0,PROVIDER_TO_GRID,1.0,1.0,SK,ENTSO-E BalancingEnergyBids
20260523085-AFRR_P-UNIT_043-1,2026-05-23,aFRR,POS_077,180.0,PROVIDER_TO_GRID,3.0,3.0,SK,ENTSO-E BalancingEnergyBids
20260523085-AFRR_P-UNIT_063-1,2026-05-23,aFRR,POS_077,110.0,PROVIDER_TO_GRID,10.0,10.0,SK,ENTSO-E BalancingEnergyBids
20260523085-AFRR_P-UNIT_078-1,2026-05-23,aFRR,POS_077,749.0,PROVIDER_TO_GRID,3.0,3.0,SK,ENTSO-E BalancingEnergyBids
20260523085-AFRR_P-UNIT_104-1,2026-05-23,aFRR,POS_077,750.0,PROVIDER_TO_GRID,11.0,11.0,SK,ENTSO-E BalancingEnergyBids
20260523085-AFRR_P-UNIT_097-1,2026-05-23,aFRR,POS_077,85.0,PROVIDER_TO_GRID,3.0,3.0,SK,ENTSO-E BalancingEnergyBids
20260523085-AFRR_P-UNIT_019-1,2026-05-23,aFRR,POS_077,295.0,PROVIDER_TO_GRID,1.0,1.0,SK,ENTSO-E BalancingEnergyBids
20260523085-AFRR_P-UNIT_106-1,2026-05-23,aFRR,POS_077,300.0,PROVIDER_TO_GRID,1.0,1.0,SK,ENTSO-E BalancingEnergyBids
20260523085-AFRR_P-UNIT_123-1,2026-05-23,aFRR,POS_077,189.0,PROVIDER_TO_GRID,8.0,8.0,SK,ENTSO-E BalancingEnergyBids
20260523085-AFRR_N-UNIT_068-1,2026-05-23,aFRR,NEG_077,-5.0,GRID_TO_PROVIDER,10.0,10.0,SK,ENTSO-E BalancingEnergyBids
20260523085-AFRR_N-UNIT_065-1,2026-05-23,aFRR,NEG_077,-10.0,GRID_TO_PROVIDER,10.0,10.0,SK,ENTSO-E BalancingEnergyBids
20260523085-AFRR_N-UNIT_052-1,2026-05-23,aFRR,NEG_077,-30.0,GRID_TO_PROVIDER,13.0,13.0,SK,ENTSO-E BalancingEnergyBids
20260523085-AFRR_N-UNIT_051-1,2026-05-23,aFRR,NEG_077,-144.0,GRID_TO_PROVIDER,5.0,5.0,SK,ENTSO-E BalancingEnergyBids
20260523085-AFRR_N-UNIT_069-1,2026-05-23,aFRR,NEG_077,-150.0,GRID_TO_PROVIDER,12.0,12.0,SK,ENTSO-E BalancingEnergyBids
20260523085-AFRR_N-UNIT_049-1,2026-05-23,aFRR,NEG_077,65.0,GRID_TO_PROVIDER,45.0,45.0,SK,ENTSO-E BalancingEnergyBids
20260523085-AFRR_N-UNIT_028-1,2026-05-23,aFRR,NEG_077,-5.0,GRID_TO_PROVIDER,1.0,1.0,SK,ENTSO-E BalancingEnergyBids
20260523085-AFRR_N-UNIT_058-1,2026-05-23,aFRR,NEG_077,-50.0,GRID_TO_PROVIDER,1.0,1.0,SK,ENTSO-E BalancingEnergyBids
20260523085-AFRR_N-UNIT_013-1,2026-05-23,aFRR,NEG_077,-10.0,GRID_TO_PROVIDER,21.0,21.0,SK,ENTSO-E BalancingEnergyBids
20260523085-AFRR_N-UNIT_010-1,2026-05-23,aFRR,NEG_077,-10.0,GRID_TO_PROVIDER,30.0,30.0,SK,ENTSO-E BalancingEnergyBids
20260523085-AFRR_N-UNIT_043-1,2026-05-23,aFRR,NEG_077,10.0,GRID_TO_PROVIDER,4.0,4.0,SK,ENTSO-E BalancingEnergyBids
20260523085-AFRR_N-UNIT_104-1,2026-05-23,aFRR,NEG_077,-5.0,GRID_TO_PROVIDER,4.0,4.0,SK,ENTSO-E BalancingEnergyBids
20260523085-AFRR_N-UNIT_089-1,2026-05-23,aFRR,NEG_077,-88.42,GRID_TO_PROVIDER,3.0,3.0,SK,ENTSO-E BalancingEnergyBids
20260523085-AFRR_N-UNIT_097-1,2026-05-23,aFRR,NEG_077,0.0,GRID_TO_PROVIDER,5.0,5.0,SK,ENTSO-E BalancingEnergyBids
20260523085-AFRR_N-UNIT_019-1,2026-05-23,aFRR,NEG_077,-199.0,GRID_TO_PROVIDER,1.0,1.0,SK,ENTSO-E BalancingEnergyBids
20260523085-AFRR_N-UNIT_106-1,2026-05-23,aFRR,NEG_077,-19.0,GRID_TO_PROVIDER,1.0,1.0,SK,ENTSO-E BalancingEnergyBids
20260523085-AFRR_N-UNIT_123-1,2026-05-23,aFRR,NEG_077,-5.0,GRID_TO_PROVIDER,7.0,7.0,SK,ENTSO-E BalancingEnergyBids
20260523085-AFRR_N-UNIT_005-1,2026-05-23,aFRR,NEG_077,70.0,GRID_TO_PROVIDER,35.0,35.0,SK,ENTSO-E BalancingEnergyBids
20260523086-AFRR_N-UNIT_097-1,2026-05-23,aFRR,NEG_078,0.0,GRID_TO_PROVIDER,5.0,5.0,SK,ENTSO-E BalancingEnergyBids
20260523086-AFRR_N-UNIT_019-1,2026-05-23,aFRR,NEG_078,-199.0,GRID_TO_PROVIDER,1.0,1.0,SK,ENTSO-E BalancingEnergyBids
20260523086-AFRR_N-UNIT_106-1,2026-05-23,aFRR,NEG_078,-19.0,GRID_TO_PROVIDER,1.0,1.0,SK,ENTSO-E BalancingEnergyBids
20260523086-AFRR_N-UNIT_123-1,2026-05-23,aFRR,NEG_078,-5.0,GRID_TO_PROVIDER,7.0,7.0,SK,ENTSO-E BalancingEnergyBids
20260523086-AFRR_P-UNIT_065-1,2026-05-23,aFRR,POS_078,225.62,PROVIDER_TO_GRID,28.0,28.0,SK,ENTSO-E BalancingEnergyBids
20260523086-AFRR_P-UNIT_052-1,2026-05-23,aFRR,POS_078,140.0,PROVIDER_TO_GRID,25.0,25.0,SK,ENTSO-E BalancingEnergyBids
20260523086-AFRR_P-UNIT_047-1,2026-05-23,aFRR,POS_078,500.0,PROVIDER_TO_GRID,10.0,10.0,SK,ENTSO-E BalancingEnergyBids
20260523086-AFRR_P-UNIT_051-1,2026-05-23,aFRR,POS_078,350.0,PROVIDER_TO_GRID,17.0,17.0,SK,ENTSO-E BalancingEnergyBids
20260523086-AFRR_P-UNIT_069-1,2026-05-23,aFRR,POS_078,135.0,PROVIDER_TO_GRID,15.0,15.0,SK,ENTSO-E BalancingEnergyBids
20260523086-AFRR_P-UNIT_036-1,2026-05-23,aFRR,POS_078,225.62,PROVIDER_TO_GRID,8.0,8.0,SK,ENTSO-E BalancingEnergyBids
20260523086-AFRR_P-UNIT_058-1,2026-05-23,aFRR,POS_078,200.0,PROVIDER_TO_GRID,1.0,1.0,SK,ENTSO-E BalancingEnergyBids
20260523086-AFRR_P-UNIT_043-1,2026-05-23,aFRR,POS_078,176.0,PROVIDER_TO_GRID,3.0,3.0,SK,ENTSO-E BalancingEnergyBids
20260523086-AFRR_P-UNIT_063-1,2026-05-23,aFRR,POS_078,110.0,PROVIDER_TO_GRID,10.0,10.0,SK,ENTSO-E BalancingEnergyBids
20260523086-AFRR_P-UNIT_078-1,2026-05-23,aFRR,POS_078,749.0,PROVIDER_TO_GRID,3.0,3.0,SK,ENTSO-E BalancingEnergyBids
20260523086-AFRR_P-UNIT_104-1,2026-05-23,aFRR,POS_078,750.0,PROVIDER_TO_GRID,11.0,11.0,SK,ENTSO-E BalancingEnergyBids
20260523086-AFRR_P-UNIT_097-1,2026-05-23,aFRR,POS_078,85.0,PROVIDER_TO_GRID,3.0,3.0,SK,ENTSO-E BalancingEnergyBids
20260523086-AFRR_P-UNIT_019-1,2026-05-23,aFRR,POS_078,285.0,PROVIDER_TO_GRID,1.0,1.0,SK,ENTSO-E BalancingEnergyBids
20260523086-AFRR_P-UNIT_106-1,2026-05-23,aFRR,POS_078,300.0,PROVIDER_TO_GRID,1.0,1.0,SK,ENTSO-E BalancingEnergyBids
20260523086-AFRR_P-UNIT_123-1,2026-05-23,aFRR,POS_078,189.0,PROVIDER_TO_GRID,8.0,8.0,SK,ENTSO-E BalancingEnergyBids
20260523086-AFRR_N-UNIT_068-1,2026-05-23,aFRR,NEG_078,-5.0,GRID_TO_PROVIDER,10.0,10.0,SK,ENTSO-E BalancingEnergyBids
20260523086-AFRR_N-UNIT_065-1,2026-05-23,aFRR,NEG_078,-10.0,GRID_TO_PROVIDER,10.0,10.0,SK,ENTSO-E BalancingEnergyBids
20260523086-AFRR_N-UNIT_052-1,2026-05-23,aFRR,NEG_078,-30.0,GRID_TO_PROVIDER,13.0,13.0,SK,ENTSO-E BalancingEnergyBids
20260523086-AFRR_N-UNIT_051-1,2026-05-23,aFRR,NEG_078,-144.0,GRID_TO_PROVIDER,5.0,5.0,SK,ENTSO-E BalancingEnergyBids
20260523086-AFRR_N-UNIT_069-1,2026-05-23,aFRR,NEG_078,-150.0,GRID_TO_PROVIDER,12.0,12.0,SK,ENTSO-E BalancingEnergyBids
20260523086-AFRR_N-UNIT_049-1,2026-05-23,aFRR,NEG_078,65.0,GRID_TO_PROVIDER,45.0,45.0,SK,ENTSO-E BalancingEnergyBids
20260523086-AFRR_N-UNIT_028-1,2026-05-23,aFRR,NEG_078,-5.0,GRID_TO_PROVIDER,1.0,1.0,SK,ENTSO-E BalancingEnergyBids
20260523086-AFRR_N-UNIT_058-1,2026-05-23,aFRR,NEG_078,-50.0,GRID_TO_PROVIDER,1.0,1.0,SK,ENTSO-E BalancingEnergyBids
20260523086-AFRR_N-UNIT_013-1,2026-05-23,aFRR,NEG_078,-10.0,GRID_TO_PROVIDER,21.0,21.0,SK,ENTSO-E BalancingEnergyBids
20260523086-AFRR_N-UNIT_010-1,2026-05-23,aFRR,NEG_078,-10.0,GRID_TO_PROVIDER,30.0,30.0,SK,ENTSO-E BalancingEnergyBids
20260523086-AFRR_N-UNIT_043-1,2026-05-23,aFRR,NEG_078,10.0,GRID_TO_PROVIDER,4.0,4.0,SK,ENTSO-E BalancingEnergyBids
20260523086-AFRR_N-UNIT_104-1,2026-05-23,aFRR,NEG_078,-5.0,GRID_TO_PROVIDER,4.0,4.0,SK,ENTSO-E BalancingEnergyBids
20260523086-AFRR_N-UNIT_089-1,2026-05-23,aFRR,NEG_078,-92.81,GRID_TO_PROVIDER,3.0,3.0,SK,ENTSO-E BalancingEnergyBids
20260523086-AFRR_N-UNIT_005-1,2026-05-23,aFRR,NEG_078,70.0,GRID_TO_PROVIDER,35.0,35.0,SK,ENTSO-E BalancingEnergyBids
20260523086-AFRR_P-UNIT_062-1,2026-05-23,aFRR,POS_078,176.0,PROVIDER_TO_GRID,3.0,3.0,SK,ENTSO-E BalancingEnergyBids
20260523086-AFRR_N-UNIT_062-1,2026-05-23,aFRR,NEG_078,-29.0,GRID_TO_PROVIDER,9.0,9.0,SK,ENTSO-E BalancingEnergyBids
20260523086-AFRR_P-UNIT_028-1,2026-05-23,aFRR,POS_078,234.06,PROVIDER_TO_GRID,5.0,5.0,SK,ENTSO-E BalancingEnergyBids
20260523086-AFRR_P-UNIT_068-1,2026-05-23,aFRR,POS_078,234.06,PROVIDER_TO_GRID,5.0,5.0,SK,ENTSO-E BalancingEnergyBids
20260523087-AFRR_N-UNIT_005-1,2026-05-23,aFRR,NEG_079,70.0,GRID_TO_PROVIDER,35.0,35.0,SK,ENTSO-E BalancingEnergyBids
20260523087-AFRR_P-UNIT_068-1,2026-05-23,aFRR,POS_079,225.27,PROVIDER_TO_GRID,5.0,5.0,SK,ENTSO-E BalancingEnergyBids
20260523087-AFRR_P-UNIT_028-1,2026-05-23,aFRR,POS_079,225.27,PROVIDER_TO_GRID,5.0,5.0,SK,ENTSO-E BalancingEnergyBids
20260523087-AFRR_P-UNIT_065-1,2026-05-23,aFRR,POS_079,218.09,PROVIDER_TO_GRID,28.0,28.0,SK,ENTSO-E BalancingEnergyBids
20260523087-AFRR_P-UNIT_052-1,2026-05-23,aFRR,POS_079,140.0,PROVIDER_TO_GRID,25.0,25.0,SK,ENTSO-E BalancingEnergyBids
20260523087-AFRR_P-UNIT_047-1,2026-05-23,aFRR,POS_079,500.0,PROVIDER_TO_GRID,10.0,10.0,SK,ENTSO-E BalancingEnergyBids
20260523087-AFRR_P-UNIT_051-1,2026-05-23,aFRR,POS_079,350.0,PROVIDER_TO_GRID,17.0,17.0,SK,ENTSO-E BalancingEnergyBids
20260523087-AFRR_P-UNIT_069-1,2026-05-23,aFRR,POS_079,135.0,PROVIDER_TO_GRID,15.0,15.0,SK,ENTSO-E BalancingEnergyBids
20260523087-AFRR_P-UNIT_036-1,2026-05-23,aFRR,POS_079,218.09,PROVIDER_TO_GRID,8.0,8.0,SK,ENTSO-E BalancingEnergyBids
20260523087-AFRR_P-UNIT_058-1,2026-05-23,aFRR,POS_079,200.0,PROVIDER_TO_GRID,1.0,1.0,SK,ENTSO-E BalancingEnergyBids
20260523087-AFRR_P-UNIT_043-1,2026-05-23,aFRR,POS_079,169.0,PROVIDER_TO_GRID,3.0,3.0,SK,ENTSO-E BalancingEnergyBids
20260523087-AFRR_P-UNIT_063-1,2026-05-23,aFRR,POS_079,110.0,PROVIDER_TO_GRID,10.0,10.0,SK,ENTSO-E BalancingEnergyBids
20260523087-AFRR_P-UNIT_078-1,2026-05-23,aFRR,POS_079,749.0,PROVIDER_TO_GRID,3.0,3.0,SK,ENTSO-E BalancingEnergyBids
20260523087-AFRR_P-UNIT_104-1,2026-05-23,aFRR,POS_079,750.0,PROVIDER_TO_GRID,11.0,11.0,SK,ENTSO-E BalancingEnergyBids
20260523087-AFRR_P-UNIT_097-1,2026-05-23,aFRR,POS_079,85.0,PROVIDER_TO_GRID,3.0,3.0,SK,ENTSO-E BalancingEnergyBids
20260523087-AFRR_P-UNIT_019-1,2026-05-23,aFRR,POS_079,278.0,PROVIDER_TO_GRID,1.0,1.0,SK,ENTSO-E BalancingEnergyBids
20260523087-AFRR_P-UNIT_106-1,2026-05-23,aFRR,POS_079,300.0,PROVIDER_TO_GRID,1.0,1.0,SK,ENTSO-E BalancingEnergyBids
20260523087-AFRR_P-UNIT_123-1,2026-05-23,aFRR,POS_079,189.0,PROVIDER_TO_GRID,8.0,8.0,SK,ENTSO-E BalancingEnergyBids
20260523087-AFRR_N-UNIT_068-1,2026-05-23,aFRR,NEG_079,-5.0,GRID_TO_PROVIDER,10.0,10.0,SK,ENTSO-E BalancingEnergyBids
20260523087-AFRR_N-UNIT_065-1,2026-05-23,aFRR,NEG_079,-10.0,GRID_TO_PROVIDER,10.0,10.0,SK,ENTSO-E BalancingEnergyBids
20260523087-AFRR_N-UNIT_052-1,2026-05-23,aFRR,NEG_079,-30.0,GRID_TO_PROVIDER,13.0,13.0,SK,ENTSO-E BalancingEnergyBids
20260523087-AFRR_N-UNIT_051-1,2026-05-23,aFRR,NEG_079,-144.0,GRID_TO_PROVIDER,5.0,5.0,SK,ENTSO-E BalancingEnergyBids
20260523087-AFRR_N-UNIT_069-1,2026-05-23,aFRR,NEG_079,-150.0,GRID_TO_PROVIDER,12.0,12.0,SK,ENTSO-E BalancingEnergyBids
20260523087-AFRR_N-UNIT_049-1,2026-05-23,aFRR,NEG_079,65.0,GRID_TO_PROVIDER,45.0,45.0,SK,ENTSO-E BalancingEnergyBids
20260523087-AFRR_N-UNIT_028-1,2026-05-23,aFRR,NEG_079,-5.0,GRID_TO_PROVIDER,1.0,1.0,SK,ENTSO-E BalancingEnergyBids
20260523087-AFRR_N-UNIT_058-1,2026-05-23,aFRR,NEG_079,-50.0,GRID_TO_PROVIDER,1.0,1.0,SK,ENTSO-E BalancingEnergyBids
20260523087-AFRR_N-UNIT_013-1,2026-05-23,aFRR,NEG_079,-10.0,GRID_TO_PROVIDER,21.0,21.0,SK,ENTSO-E BalancingEnergyBids
20260523087-AFRR_N-UNIT_010-1,2026-05-23,aFRR,NEG_079,-10.0,GRID_TO_PROVIDER,30.0,30.0,SK,ENTSO-E BalancingEnergyBids
20260523087-AFRR_N-UNIT_043-1,2026-05-23,aFRR,NEG_079,10.0,GRID_TO_PROVIDER,4.0,4.0,SK,ENTSO-E BalancingEnergyBids
20260523087-AFRR_N-UNIT_104-1,2026-05-23,aFRR,NEG_079,-5.0,GRID_TO_PROVIDER,4.0,4.0,SK,ENTSO-E BalancingEnergyBids
20260523087-AFRR_N-UNIT_089-1,2026-05-23,aFRR,NEG_079,-99.09,GRID_TO_PROVIDER,3.0,3.0,SK,ENTSO-E BalancingEnergyBids
20260523087-AFRR_N-UNIT_097-1,2026-05-23,aFRR,NEG_079,0.0,GRID_TO_PROVIDER,5.0,5.0,SK,ENTSO-E BalancingEnergyBids
20260523087-AFRR_N-UNIT_019-1,2026-05-23,aFRR,NEG_079,-199.0,GRID_TO_PROVIDER,1.0,1.0,SK,ENTSO-E BalancingEnergyBids
20260523087-AFRR_N-UNIT_106-1,2026-05-23,aFRR,NEG_079,-19.0,GRID_TO_PROVIDER,1.0,1.0,SK,ENTSO-E BalancingEnergyBids
20260523087-AFRR_N-UNIT_123-1,2026-05-23,aFRR,NEG_079,-5.0,GRID_TO_PROVIDER,7.0,7.0,SK,ENTSO-E BalancingEnergyBids
20260523087-AFRR_P-UNIT_062-1,2026-05-23,aFRR,POS_079,169.0,PROVIDER_TO_GRID,3.0,3.0,SK,ENTSO-E BalancingEnergyBids
20260523087-AFRR_N-UNIT_062-1,2026-05-23,aFRR,NEG_079,-29.0,GRID_TO_PROVIDER,9.0,9.0,SK,ENTSO-E BalancingEnergyBids
20260523088-AFRR_P-UNIT_065-1,2026-05-23,aFRR,POS_080,215.1,PROVIDER_TO_GRID,28.0,28.0,SK,ENTSO-E BalancingEnergyBids
20260523088-AFRR_P-UNIT_052-1,2026-05-23,aFRR,POS_080,140.0,PROVIDER_TO_GRID,25.0,25.0,SK,ENTSO-E BalancingEnergyBids
20260523088-AFRR_P-UNIT_047-1,2026-05-23,aFRR,POS_080,500.0,PROVIDER_TO_GRID,10.0,10.0,SK,ENTSO-E BalancingEnergyBids
20260523088-AFRR_P-UNIT_051-1,2026-05-23,aFRR,POS_080,350.0,PROVIDER_TO_GRID,17.0,17.0,SK,ENTSO-E BalancingEnergyBids
20260523088-AFRR_P-UNIT_069-1,2026-05-23,aFRR,POS_080,135.0,PROVIDER_TO_GRID,15.0,15.0,SK,ENTSO-E BalancingEnergyBids
20260523088-AFRR_P-UNIT_036-1,2026-05-23,aFRR,POS_080,215.1,PROVIDER_TO_GRID,8.0,8.0,SK,ENTSO-E BalancingEnergyBids
20260523088-AFRR_P-UNIT_058-1,2026-05-23,aFRR,POS_080,200.0,PROVIDER_TO_GRID,1.0,1.0,SK,ENTSO-E BalancingEnergyBids
20260523088-AFRR_P-UNIT_043-1,2026-05-23,aFRR,POS_080,166.0,PROVIDER_TO_GRID,3.0,3.0,SK,ENTSO-E BalancingEnergyBids
20260523088-AFRR_P-UNIT_063-1,2026-05-23,aFRR,POS_080,110.0,PROVIDER_TO_GRID,10.0,10.0,SK,ENTSO-E BalancingEnergyBids
20260523088-AFRR_P-UNIT_078-1,2026-05-23,aFRR,POS_080,749.0,PROVIDER_TO_GRID,3.0,3.0,SK,ENTSO-E BalancingEnergyBids
20260523088-AFRR_P-UNIT_104-1,2026-05-23,aFRR,POS_080,750.0,PROVIDER_TO_GRID,11.0,11.0,SK,ENTSO-E BalancingEnergyBids
20260523088-AFRR_P-UNIT_097-1,2026-05-23,aFRR,POS_080,85.0,PROVIDER_TO_GRID,3.0,3.0,SK,ENTSO-E BalancingEnergyBids
20260523088-AFRR_P-UNIT_019-1,2026-05-23,aFRR,POS_080,283.0,PROVIDER_TO_GRID,1.0,1.0,SK,ENTSO-E BalancingEnergyBids
20260523088-AFRR_P-UNIT_106-1,2026-05-23,aFRR,POS_080,300.0,PROVIDER_TO_GRID,1.0,1.0,SK,ENTSO-E BalancingEnergyBids
20260523088-AFRR_P-UNIT_123-1,2026-05-23,aFRR,POS_080,189.0,PROVIDER_TO_GRID,8.0,8.0,SK,ENTSO-E BalancingEnergyBids
20260523088-AFRR_N-UNIT_068-1,2026-05-23,aFRR,NEG_080,-5.0,GRID_TO_PROVIDER,10.0,10.0,SK,ENTSO-E BalancingEnergyBids
20260523088-AFRR_N-UNIT_065-1,2026-05-23,aFRR,NEG_080,-10.0,GRID_TO_PROVIDER,10.0,10.0,SK,ENTSO-E BalancingEnergyBids
20260523088-AFRR_N-UNIT_052-1,2026-05-23,aFRR,NEG_080,-30.0,GRID_TO_PROVIDER,13.0,13.0,SK,ENTSO-E BalancingEnergyBids
20260523088-AFRR_N-UNIT_051-1,2026-05-23,aFRR,NEG_080,-144.0,GRID_TO_PROVIDER,5.0,5.0,SK,ENTSO-E BalancingEnergyBids
20260523088-AFRR_N-UNIT_069-1,2026-05-23,aFRR,NEG_080,-150.0,GRID_TO_PROVIDER,12.0,12.0,SK,ENTSO-E BalancingEnergyBids
20260523088-AFRR_N-UNIT_049-1,2026-05-23,aFRR,NEG_080,65.0,GRID_TO_PROVIDER,45.0,45.0,SK,ENTSO-E BalancingEnergyBids
20260523088-AFRR_N-UNIT_028-1,2026-05-23,aFRR,NEG_080,-5.0,GRID_TO_PROVIDER,1.0,1.0,SK,ENTSO-E BalancingEnergyBids
20260523088-AFRR_N-UNIT_058-1,2026-05-23,aFRR,NEG_080,-50.0,GRID_TO_PROVIDER,1.0,1.0,SK,ENTSO-E BalancingEnergyBids
20260523088-AFRR_N-UNIT_013-1,2026-05-23,aFRR,NEG_080,-10.0,GRID_TO_PROVIDER,21.0,21.0,SK,ENTSO-E BalancingEnergyBids
20260523088-AFRR_N-UNIT_010-1,2026-05-23,aFRR,NEG_080,-10.0,GRID_TO_PROVIDER,30.0,30.0,SK,ENTSO-E BalancingEnergyBids
20260523088-AFRR_N-UNIT_043-1,2026-05-23,aFRR,NEG_080,10.0,GRID_TO_PROVIDER,4.0,4.0,SK,ENTSO-E BalancingEnergyBids
20260523088-AFRR_N-UNIT_104-1,2026-05-23,aFRR,NEG_080,-5.0,GRID_TO_PROVIDER,4.0,4.0,SK,ENTSO-E BalancingEnergyBids
20260523088-AFRR_N-UNIT_089-1,2026-05-23,aFRR,NEG_080,-101.58,GRID_TO_PROVIDER,3.0,3.0,SK,ENTSO-E BalancingEnergyBids
20260523088-AFRR_N-UNIT_097-1,2026-05-23,aFRR,NEG_080,0.0,GRID_TO_PROVIDER,5.0,5.0,SK,ENTSO-E BalancingEnergyBids
20260523088-AFRR_N-UNIT_019-1,2026-05-23,aFRR,NEG_080,-199.0,GRID_TO_PROVIDER,1.0,1.0,SK,ENTSO-E BalancingEnergyBids
20260523088-AFRR_N-UNIT_106-1,2026-05-23,aFRR,NEG_080,-19.0,GRID_TO_PROVIDER,1.0,1.0,SK,ENTSO-E BalancingEnergyBids
20260523088-AFRR_N-UNIT_123-1,2026-05-23,aFRR,NEG_080,-5.0,GRID_TO_PROVIDER,7.0,7.0,SK,ENTSO-E BalancingEnergyBids
20260523088-AFRR_P-UNIT_062-1,2026-05-23,aFRR,POS_080,166.0,PROVIDER_TO_GRID,3.0,3.0,SK,ENTSO-E BalancingEnergyBids
20260523088-AFRR_N-UNIT_062-1,2026-05-23,aFRR,NEG_080,-29.0,GRID_TO_PROVIDER,9.0,9.0,SK,ENTSO-E BalancingEnergyBids
20260523088-AFRR_N-UNIT_005-1,2026-05-23,aFRR,NEG_080,70.0,GRID_TO_PROVIDER,35.0,35.0,SK,ENTSO-E BalancingEnergyBids
20260523088-AFRR_P-UNIT_068-1,2026-05-23,aFRR,POS_080,221.78,PROVIDER_TO_GRID,5.0,5.0,SK,ENTSO-E BalancingEnergyBids
20260523088-AFRR_P-UNIT_028-1,2026-05-23,aFRR,POS_080,221.78,PROVIDER_TO_GRID,5.0,5.0,SK,ENTSO-E BalancingEnergyBids
20260523089-AFRR_N-UNIT_005-1,2026-05-23,aFRR,NEG_081,70.0,GRID_TO_PROVIDER,35.0,35.0,SK,ENTSO-E BalancingEnergyBids
20260523089-AFRR_P-UNIT_028-1,2026-05-23,aFRR,POS_081,257.83,PROVIDER_TO_GRID,5.0,5.0,SK,ENTSO-E BalancingEnergyBids
20260523089-AFRR_P-UNIT_068-1,2026-05-23,aFRR,POS_081,257.83,PROVIDER_TO_GRID,1.0,1.0,SK,ENTSO-E BalancingEnergyBids
20260523089-AFRR_P-UNIT_065-1,2026-05-23,aFRR,POS_081,246.0,PROVIDER_TO_GRID,25.0,25.0,SK,ENTSO-E BalancingEnergyBids
20260523089-AFRR_P-UNIT_052-1,2026-05-23,aFRR,POS_081,140.0,PROVIDER_TO_GRID,31.0,31.0,SK,ENTSO-E BalancingEnergyBids
20260523089-AFRR_P-UNIT_047-1,2026-05-23,aFRR,POS_081,500.0,PROVIDER_TO_GRID,10.0,10.0,SK,ENTSO-E BalancingEnergyBids
20260523089-AFRR_P-UNIT_051-1,2026-05-23,aFRR,POS_081,350.0,PROVIDER_TO_GRID,5.0,5.0,SK,ENTSO-E BalancingEnergyBids
20260523089-AFRR_P-UNIT_069-1,2026-05-23,aFRR,POS_081,135.0,PROVIDER_TO_GRID,15.0,15.0,SK,ENTSO-E BalancingEnergyBids
20260523089-AFRR_P-UNIT_058-1,2026-05-23,aFRR,POS_081,200.0,PROVIDER_TO_GRID,1.0,1.0,SK,ENTSO-E BalancingEnergyBids
20260523089-AFRR_P-UNIT_062-1,2026-05-23,aFRR,POS_081,193.0,PROVIDER_TO_GRID,8.0,8.0,SK,ENTSO-E BalancingEnergyBids
20260523089-AFRR_P-UNIT_043-1,2026-05-23,aFRR,POS_081,193.0,PROVIDER_TO_GRID,2.0,2.0,SK,ENTSO-E BalancingEnergyBids
20260523089-AFRR_P-UNIT_063-1,2026-05-23,aFRR,POS_081,110.0,PROVIDER_TO_GRID,9.0,9.0,SK,ENTSO-E BalancingEnergyBids
20260523089-AFRR_P-UNIT_104-1,2026-05-23,aFRR,POS_081,750.0,PROVIDER_TO_GRID,11.0,11.0,SK,ENTSO-E BalancingEnergyBids
20260523089-AFRR_P-UNIT_097-1,2026-05-23,aFRR,POS_081,85.0,PROVIDER_TO_GRID,2.0,2.0,SK,ENTSO-E BalancingEnergyBids
20260523089-AFRR_P-UNIT_019-1,2026-05-23,aFRR,POS_081,307.0,PROVIDER_TO_GRID,1.0,1.0,SK,ENTSO-E BalancingEnergyBids
20260523089-AFRR_P-UNIT_106-1,2026-05-23,aFRR,POS_081,300.0,PROVIDER_TO_GRID,1.0,1.0,SK,ENTSO-E BalancingEnergyBids
20260523089-AFRR_P-UNIT_123-1,2026-05-23,aFRR,POS_081,189.0,PROVIDER_TO_GRID,6.0,6.0,SK,ENTSO-E BalancingEnergyBids
20260523089-AFRR_N-UNIT_068-1,2026-05-23,aFRR,NEG_081,-5.0,GRID_TO_PROVIDER,10.0,10.0,SK,ENTSO-E BalancingEnergyBids
20260523089-AFRR_N-UNIT_065-1,2026-05-23,aFRR,NEG_081,-10.0,GRID_TO_PROVIDER,10.0,10.0,SK,ENTSO-E BalancingEnergyBids
20260523089-AFRR_N-UNIT_052-1,2026-05-23,aFRR,NEG_081,-30.0,GRID_TO_PROVIDER,7.0,7.0,SK,ENTSO-E BalancingEnergyBids
20260523089-AFRR_N-UNIT_051-1,2026-05-23,aFRR,NEG_081,-144.0,GRID_TO_PROVIDER,5.0,5.0,SK,ENTSO-E BalancingEnergyBids
20260523089-AFRR_N-UNIT_069-1,2026-05-23,aFRR,NEG_081,-150.0,GRID_TO_PROVIDER,12.0,12.0,SK,ENTSO-E BalancingEnergyBids
20260523089-AFRR_N-UNIT_049-1,2026-05-23,aFRR,NEG_081,65.0,GRID_TO_PROVIDER,45.0,45.0,SK,ENTSO-E BalancingEnergyBids
20260523089-AFRR_N-UNIT_028-1,2026-05-23,aFRR,NEG_081,-5.0,GRID_TO_PROVIDER,1.0,1.0,SK,ENTSO-E BalancingEnergyBids
20260523089-AFRR_N-UNIT_058-1,2026-05-23,aFRR,NEG_081,-50.0,GRID_TO_PROVIDER,1.0,1.0,SK,ENTSO-E BalancingEnergyBids
20260523089-AFRR_N-UNIT_013-1,2026-05-23,aFRR,NEG_081,-10.0,GRID_TO_PROVIDER,17.0,17.0,SK,ENTSO-E BalancingEnergyBids
20260523089-AFRR_N-UNIT_010-1,2026-05-23,aFRR,NEG_081,-10.0,GRID_TO_PROVIDER,25.0,25.0,SK,ENTSO-E BalancingEnergyBids
20260523089-AFRR_N-UNIT_062-1,2026-05-23,aFRR,NEG_081,-29.0,GRID_TO_PROVIDER,11.0,11.0,SK,ENTSO-E BalancingEnergyBids
20260523089-AFRR_N-UNIT_043-1,2026-05-23,aFRR,NEG_081,10.0,GRID_TO_PROVIDER,3.0,3.0,SK,ENTSO-E BalancingEnergyBids
20260523089-AFRR_N-UNIT_104-1,2026-05-23,aFRR,NEG_081,-5.0,GRID_TO_PROVIDER,4.0,4.0,SK,ENTSO-E BalancingEnergyBids
20260523089-AFRR_N-UNIT_089-1,2026-05-23,aFRR,NEG_081,-75.83,GRID_TO_PROVIDER,3.0,3.0,SK,ENTSO-E BalancingEnergyBids
20260523089-AFRR_N-UNIT_097-1,2026-05-23,aFRR,NEG_081,0.0,GRID_TO_PROVIDER,3.0,3.0,SK,ENTSO-E BalancingEnergyBids
20260523089-AFRR_N-UNIT_019-1,2026-05-23,aFRR,NEG_081,-199.0,GRID_TO_PROVIDER,1.0,1.0,SK,ENTSO-E BalancingEnergyBids
20260523089-AFRR_N-UNIT_106-1,2026-05-23,aFRR,NEG_081,-19.0,GRID_TO_PROVIDER,1.0,1.0,SK,ENTSO-E BalancingEnergyBids
20260523089-AFRR_N-UNIT_123-1,2026-05-23,aFRR,NEG_081,-5.0,GRID_TO_PROVIDER,6.0,6.0,SK,ENTSO-E BalancingEnergyBids
20260523090-AFRR_P-UNIT_068-1,2026-05-23,aFRR,POS_082,225.97,PROVIDER_TO_GRID,1.0,1.0,SK,ENTSO-E BalancingEnergyBids
20260523090-AFRR_P-UNIT_065-1,2026-05-23,aFRR,POS_082,218.69,PROVIDER_TO_GRID,25.0,25.0,SK,ENTSO-E BalancingEnergyBids
20260523090-AFRR_P-UNIT_052-1,2026-05-23,aFRR,POS_082,140.0,PROVIDER_TO_GRID,31.0,31.0,SK,ENTSO-E BalancingEnergyBids
20260523090-AFRR_P-UNIT_047-1,2026-05-23,aFRR,POS_082,500.0,PROVIDER_TO_GRID,10.0,10.0,SK,ENTSO-E BalancingEnergyBids
20260523090-AFRR_P-UNIT_051-1,2026-05-23,aFRR,POS_082,350.0,PROVIDER_TO_GRID,5.0,5.0,SK,ENTSO-E BalancingEnergyBids
20260523090-AFRR_P-UNIT_069-1,2026-05-23,aFRR,POS_082,135.0,PROVIDER_TO_GRID,15.0,15.0,SK,ENTSO-E BalancingEnergyBids
20260523090-AFRR_P-UNIT_058-1,2026-05-23,aFRR,POS_082,200.0,PROVIDER_TO_GRID,1.0,1.0,SK,ENTSO-E BalancingEnergyBids
20260523090-AFRR_P-UNIT_062-1,2026-05-23,aFRR,POS_082,169.0,PROVIDER_TO_GRID,8.0,8.0,SK,ENTSO-E BalancingEnergyBids
20260523090-AFRR_P-UNIT_043-1,2026-05-23,aFRR,POS_082,169.0,PROVIDER_TO_GRID,2.0,2.0,SK,ENTSO-E BalancingEnergyBids
20260523090-AFRR_P-UNIT_063-1,2026-05-23,aFRR,POS_082,110.0,PROVIDER_TO_GRID,9.0,9.0,SK,ENTSO-E BalancingEnergyBids
20260523090-AFRR_P-UNIT_104-1,2026-05-23,aFRR,POS_082,750.0,PROVIDER_TO_GRID,11.0,11.0,SK,ENTSO-E BalancingEnergyBids
20260523090-AFRR_P-UNIT_097-1,2026-05-23,aFRR,POS_082,85.0,PROVIDER_TO_GRID,2.0,2.0,SK,ENTSO-E BalancingEnergyBids
20260523090-AFRR_P-UNIT_019-1,2026-05-23,aFRR,POS_082,279.0,PROVIDER_TO_GRID,1.0,1.0,SK,ENTSO-E BalancingEnergyBids
20260523090-AFRR_P-UNIT_106-1,2026-05-23,aFRR,POS_082,300.0,PROVIDER_TO_GRID,1.0,1.0,SK,ENTSO-E BalancingEnergyBids
20260523090-AFRR_P-UNIT_123-1,2026-05-23,aFRR,POS_082,189.0,PROVIDER_TO_GRID,6.0,6.0,SK,ENTSO-E BalancingEnergyBids
20260523090-AFRR_N-UNIT_068-1,2026-05-23,aFRR,NEG_082,-5.0,GRID_TO_PROVIDER,10.0,10.0,SK,ENTSO-E BalancingEnergyBids
20260523090-AFRR_N-UNIT_065-1,2026-05-23,aFRR,NEG_082,-10.0,GRID_TO_PROVIDER,10.0,10.0,SK,ENTSO-E BalancingEnergyBids
20260523090-AFRR_N-UNIT_052-1,2026-05-23,aFRR,NEG_082,-30.0,GRID_TO_PROVIDER,7.0,7.0,SK,ENTSO-E BalancingEnergyBids
20260523090-AFRR_N-UNIT_051-1,2026-05-23,aFRR,NEG_082,-144.0,GRID_TO_PROVIDER,5.0,5.0,SK,ENTSO-E BalancingEnergyBids
20260523090-AFRR_N-UNIT_069-1,2026-05-23,aFRR,NEG_082,-150.0,GRID_TO_PROVIDER,12.0,12.0,SK,ENTSO-E BalancingEnergyBids
20260523090-AFRR_N-UNIT_049-1,2026-05-23,aFRR,NEG_082,65.0,GRID_TO_PROVIDER,45.0,45.0,SK,ENTSO-E BalancingEnergyBids
20260523090-AFRR_N-UNIT_028-1,2026-05-23,aFRR,NEG_082,-5.0,GRID_TO_PROVIDER,1.0,1.0,SK,ENTSO-E BalancingEnergyBids
20260523090-AFRR_N-UNIT_058-1,2026-05-23,aFRR,NEG_082,-50.0,GRID_TO_PROVIDER,1.0,1.0,SK,ENTSO-E BalancingEnergyBids
20260523090-AFRR_N-UNIT_013-1,2026-05-23,aFRR,NEG_082,-10.0,GRID_TO_PROVIDER,17.0,17.0,SK,ENTSO-E BalancingEnergyBids
20260523090-AFRR_N-UNIT_010-1,2026-05-23,aFRR,NEG_082,-10.0,GRID_TO_PROVIDER,25.0,25.0,SK,ENTSO-E BalancingEnergyBids
20260523090-AFRR_N-UNIT_062-1,2026-05-23,aFRR,NEG_082,-29.0,GRID_TO_PROVIDER,11.0,11.0,SK,ENTSO-E BalancingEnergyBids
20260523090-AFRR_N-UNIT_043-1,2026-05-23,aFRR,NEG_082,10.0,GRID_TO_PROVIDER,3.0,3.0,SK,ENTSO-E BalancingEnergyBids
20260523090-AFRR_N-UNIT_104-1,2026-05-23,aFRR,NEG_082,-5.0,GRID_TO_PROVIDER,4.0,4.0,SK,ENTSO-E BalancingEnergyBids
20260523090-AFRR_N-UNIT_089-1,2026-05-23,aFRR,NEG_082,-98.59,GRID_TO_PROVIDER,3.0,3.0,SK,ENTSO-E BalancingEnergyBids
20260523090-AFRR_N-UNIT_097-1,2026-05-23,aFRR,NEG_082,0.0,GRID_TO_PROVIDER,3.0,3.0,SK,ENTSO-E BalancingEnergyBids
20260523090-AFRR_N-UNIT_019-1,2026-05-23,aFRR,NEG_082,-199.0,GRID_TO_PROVIDER,1.0,1.0,SK,ENTSO-E BalancingEnergyBids
20260523090-AFRR_N-UNIT_106-1,2026-05-23,aFRR,NEG_082,-19.0,GRID_TO_PROVIDER,1.0,1.0,SK,ENTSO-E BalancingEnergyBids
20260523090-AFRR_N-UNIT_123-1,2026-05-23,aFRR,NEG_082,-5.0,GRID_TO_PROVIDER,6.0,6.0,SK,ENTSO-E BalancingEnergyBids
20260523090-AFRR_N-UNIT_005-1,2026-05-23,aFRR,NEG_082,70.0,GRID_TO_PROVIDER,35.0,35.0,SK,ENTSO-E BalancingEnergyBids
20260523090-AFRR_P-UNIT_028-1,2026-05-23,aFRR,POS_082,225.97,PROVIDER_TO_GRID,5.0,5.0,SK,ENTSO-E BalancingEnergyBids
20260523091-AFRR_N-UNIT_005-1,2026-05-23,aFRR,NEG_083,70.0,GRID_TO_PROVIDER,35.0,35.0,SK,ENTSO-E BalancingEnergyBids
20260523091-AFRR_P-UNIT_068-1,2026-05-23,aFRR,POS_083,210.88,PROVIDER_TO_GRID,1.0,1.0,SK,ENTSO-E BalancingEnergyBids
20260523091-AFRR_P-UNIT_065-1,2026-05-23,aFRR,POS_083,205.75,PROVIDER_TO_GRID,25.0,25.0,SK,ENTSO-E BalancingEnergyBids
20260523091-AFRR_P-UNIT_052-1,2026-05-23,aFRR,POS_083,140.0,PROVIDER_TO_GRID,31.0,31.0,SK,ENTSO-E BalancingEnergyBids
20260523091-AFRR_P-UNIT_047-1,2026-05-23,aFRR,POS_083,500.0,PROVIDER_TO_GRID,10.0,10.0,SK,ENTSO-E BalancingEnergyBids
20260523091-AFRR_P-UNIT_051-1,2026-05-23,aFRR,POS_083,350.0,PROVIDER_TO_GRID,5.0,5.0,SK,ENTSO-E BalancingEnergyBids
20260523091-AFRR_P-UNIT_069-1,2026-05-23,aFRR,POS_083,135.0,PROVIDER_TO_GRID,15.0,15.0,SK,ENTSO-E BalancingEnergyBids
20260523091-AFRR_P-UNIT_058-1,2026-05-23,aFRR,POS_083,200.0,PROVIDER_TO_GRID,1.0,1.0,SK,ENTSO-E BalancingEnergyBids
20260523091-AFRR_P-UNIT_062-1,2026-05-23,aFRR,POS_083,158.0,PROVIDER_TO_GRID,8.0,8.0,SK,ENTSO-E BalancingEnergyBids
20260523091-AFRR_P-UNIT_043-1,2026-05-23,aFRR,POS_083,158.0,PROVIDER_TO_GRID,2.0,2.0,SK,ENTSO-E BalancingEnergyBids
20260523091-AFRR_P-UNIT_063-1,2026-05-23,aFRR,POS_083,110.0,PROVIDER_TO_GRID,9.0,9.0,SK,ENTSO-E BalancingEnergyBids
20260523091-AFRR_P-UNIT_104-1,2026-05-23,aFRR,POS_083,750.0,PROVIDER_TO_GRID,11.0,11.0,SK,ENTSO-E BalancingEnergyBids
20260523091-AFRR_P-UNIT_097-1,2026-05-23,aFRR,POS_083,85.0,PROVIDER_TO_GRID,2.0,2.0,SK,ENTSO-E BalancingEnergyBids
20260523091-AFRR_P-UNIT_019-1,2026-05-23,aFRR,POS_083,275.0,PROVIDER_TO_GRID,1.0,1.0,SK,ENTSO-E BalancingEnergyBids
20260523091-AFRR_P-UNIT_106-1,2026-05-23,aFRR,POS_083,300.0,PROVIDER_TO_GRID,1.0,1.0,SK,ENTSO-E BalancingEnergyBids
20260523091-AFRR_P-UNIT_123-1,2026-05-23,aFRR,POS_083,189.0,PROVIDER_TO_GRID,6.0,6.0,SK,ENTSO-E BalancingEnergyBids
20260523091-AFRR_N-UNIT_068-1,2026-05-23,aFRR,NEG_083,-5.0,GRID_TO_PROVIDER,10.0,10.0,SK,ENTSO-E BalancingEnergyBids
20260523091-AFRR_N-UNIT_065-1,2026-05-23,aFRR,NEG_083,-10.0,GRID_TO_PROVIDER,10.0,10.0,SK,ENTSO-E BalancingEnergyBids
20260523091-AFRR_N-UNIT_052-1,2026-05-23,aFRR,NEG_083,-30.0,GRID_TO_PROVIDER,7.0,7.0,SK,ENTSO-E BalancingEnergyBids
20260523091-AFRR_N-UNIT_051-1,2026-05-23,aFRR,NEG_083,-144.0,GRID_TO_PROVIDER,5.0,5.0,SK,ENTSO-E BalancingEnergyBids
20260523091-AFRR_N-UNIT_069-1,2026-05-23,aFRR,NEG_083,-150.0,GRID_TO_PROVIDER,12.0,12.0,SK,ENTSO-E BalancingEnergyBids
20260523091-AFRR_N-UNIT_049-1,2026-05-23,aFRR,NEG_083,65.0,GRID_TO_PROVIDER,45.0,45.0,SK,ENTSO-E BalancingEnergyBids
20260523091-AFRR_N-UNIT_028-1,2026-05-23,aFRR,NEG_083,-5.0,GRID_TO_PROVIDER,1.0,1.0,SK,ENTSO-E BalancingEnergyBids
20260523091-AFRR_N-UNIT_058-1,2026-05-23,aFRR,NEG_083,-50.0,GRID_TO_PROVIDER,1.0,1.0,SK,ENTSO-E BalancingEnergyBids
20260523091-AFRR_N-UNIT_013-1,2026-05-23,aFRR,NEG_083,-10.0,GRID_TO_PROVIDER,17.0,17.0,SK,ENTSO-E BalancingEnergyBids
20260523091-AFRR_N-UNIT_010-1,2026-05-23,aFRR,NEG_083,-10.0,GRID_TO_PROVIDER,25.0,25.0,SK,ENTSO-E BalancingEnergyBids
20260523091-AFRR_N-UNIT_062-1,2026-05-23,aFRR,NEG_083,-29.0,GRID_TO_PROVIDER,11.0,11.0,SK,ENTSO-E BalancingEnergyBids
20260523091-AFRR_N-UNIT_043-1,2026-05-23,aFRR,NEG_083,10.0,GRID_TO_PROVIDER,3.0,3.0,SK,ENTSO-E BalancingEnergyBids
20260523091-AFRR_N-UNIT_104-1,2026-05-23,aFRR,NEG_083,-5.0,GRID_TO_PROVIDER,4.0,4.0,SK,ENTSO-E BalancingEnergyBids
20260523091-AFRR_N-UNIT_089-1,2026-05-23,aFRR,NEG_083,-109.37,GRID_TO_PROVIDER,3.0,3.0,SK,ENTSO-E BalancingEnergyBids
20260523091-AFRR_N-UNIT_097-1,2026-05-23,aFRR,NEG_083,0.0,GRID_TO_PROVIDER,3.0,3.0,SK,ENTSO-E BalancingEnergyBids
20260523091-AFRR_N-UNIT_019-1,2026-05-23,aFRR,NEG_083,-199.0,GRID_TO_PROVIDER,1.0,1.0,SK,ENTSO-E BalancingEnergyBids
20260523091-AFRR_N-UNIT_106-1,2026-05-23,aFRR,NEG_083,-19.0,GRID_TO_PROVIDER,1.0,1.0,SK,ENTSO-E BalancingEnergyBids
20260523091-AFRR_N-UNIT_123-1,2026-05-23,aFRR,NEG_083,-5.0,GRID_TO_PROVIDER,6.0,6.0,SK,ENTSO-E BalancingEnergyBids
20260523091-AFRR_P-UNIT_028-1,2026-05-23,aFRR,POS_083,210.88,PROVIDER_TO_GRID,5.0,5.0,SK,ENTSO-E BalancingEnergyBids
20260523092-AFRR_P-UNIT_028-1,2026-05-23,aFRR,POS_084,198.1,PROVIDER_TO_GRID,5.0,5.0,SK,ENTSO-E BalancingEnergyBids
20260523092-AFRR_P-UNIT_068-1,2026-05-23,aFRR,POS_084,198.1,PROVIDER_TO_GRID,1.0,1.0,SK,ENTSO-E BalancingEnergyBids
20260523092-AFRR_P-UNIT_065-1,2026-05-23,aFRR,POS_084,194.8,PROVIDER_TO_GRID,25.0,25.0,SK,ENTSO-E BalancingEnergyBids
20260523092-AFRR_P-UNIT_052-1,2026-05-23,aFRR,POS_084,140.0,PROVIDER_TO_GRID,31.0,31.0,SK,ENTSO-E BalancingEnergyBids
20260523092-AFRR_P-UNIT_047-1,2026-05-23,aFRR,POS_084,500.0,PROVIDER_TO_GRID,10.0,10.0,SK,ENTSO-E BalancingEnergyBids
20260523092-AFRR_P-UNIT_051-1,2026-05-23,aFRR,POS_084,350.0,PROVIDER_TO_GRID,5.0,5.0,SK,ENTSO-E BalancingEnergyBids
20260523092-AFRR_P-UNIT_069-1,2026-05-23,aFRR,POS_084,135.0,PROVIDER_TO_GRID,15.0,15.0,SK,ENTSO-E BalancingEnergyBids
20260523092-AFRR_P-UNIT_058-1,2026-05-23,aFRR,POS_084,200.0,PROVIDER_TO_GRID,1.0,1.0,SK,ENTSO-E BalancingEnergyBids
20260523092-AFRR_P-UNIT_062-1,2026-05-23,aFRR,POS_084,149.0,PROVIDER_TO_GRID,8.0,8.0,SK,ENTSO-E BalancingEnergyBids
20260523092-AFRR_P-UNIT_043-1,2026-05-23,aFRR,POS_084,149.0,PROVIDER_TO_GRID,2.0,2.0,SK,ENTSO-E BalancingEnergyBids
20260523092-AFRR_P-UNIT_063-1,2026-05-23,aFRR,POS_084,110.0,PROVIDER_TO_GRID,9.0,9.0,SK,ENTSO-E BalancingEnergyBids
20260523092-AFRR_P-UNIT_104-1,2026-05-23,aFRR,POS_084,750.0,PROVIDER_TO_GRID,11.0,11.0,SK,ENTSO-E BalancingEnergyBids
20260523092-AFRR_P-UNIT_097-1,2026-05-23,aFRR,POS_084,85.0,PROVIDER_TO_GRID,2.0,2.0,SK,ENTSO-E BalancingEnergyBids
20260523092-AFRR_P-UNIT_019-1,2026-05-23,aFRR,POS_084,260.0,PROVIDER_TO_GRID,1.0,1.0,SK,ENTSO-E BalancingEnergyBids
20260523092-AFRR_P-UNIT_106-1,2026-05-23,aFRR,POS_084,300.0,PROVIDER_TO_GRID,1.0,1.0,SK,ENTSO-E BalancingEnergyBids
20260523092-AFRR_P-UNIT_123-1,2026-05-23,aFRR,POS_084,189.0,PROVIDER_TO_GRID,6.0,6.0,SK,ENTSO-E BalancingEnergyBids
20260523092-AFRR_N-UNIT_068-1,2026-05-23,aFRR,NEG_084,-5.0,GRID_TO_PROVIDER,10.0,10.0,SK,ENTSO-E BalancingEnergyBids
20260523092-AFRR_N-UNIT_065-1,2026-05-23,aFRR,NEG_084,-10.0,GRID_TO_PROVIDER,10.0,10.0,SK,ENTSO-E BalancingEnergyBids
20260523092-AFRR_N-UNIT_052-1,2026-05-23,aFRR,NEG_084,-30.0,GRID_TO_PROVIDER,7.0,7.0,SK,ENTSO-E BalancingEnergyBids
20260523092-AFRR_N-UNIT_051-1,2026-05-23,aFRR,NEG_084,-144.0,GRID_TO_PROVIDER,5.0,5.0,SK,ENTSO-E BalancingEnergyBids
20260523092-AFRR_N-UNIT_069-1,2026-05-23,aFRR,NEG_084,-150.0,GRID_TO_PROVIDER,12.0,12.0,SK,ENTSO-E BalancingEnergyBids
20260523092-AFRR_N-UNIT_049-1,2026-05-23,aFRR,NEG_084,65.0,GRID_TO_PROVIDER,45.0,45.0,SK,ENTSO-E BalancingEnergyBids
20260523092-AFRR_N-UNIT_028-1,2026-05-23,aFRR,NEG_084,-5.0,GRID_TO_PROVIDER,1.0,1.0,SK,ENTSO-E BalancingEnergyBids
20260523092-AFRR_N-UNIT_058-1,2026-05-23,aFRR,NEG_084,-50.0,GRID_TO_PROVIDER,1.0,1.0,SK,ENTSO-E BalancingEnergyBids
20260523092-AFRR_N-UNIT_013-1,2026-05-23,aFRR,NEG_084,-10.0,GRID_TO_PROVIDER,17.0,17.0,SK,ENTSO-E BalancingEnergyBids
20260523092-AFRR_N-UNIT_010-1,2026-05-23,aFRR,NEG_084,-10.0,GRID_TO_PROVIDER,25.0,25.0,SK,ENTSO-E BalancingEnergyBids
20260523092-AFRR_N-UNIT_062-1,2026-05-23,aFRR,NEG_084,-29.0,GRID_TO_PROVIDER,11.0,11.0,SK,ENTSO-E BalancingEnergyBids
20260523092-AFRR_N-UNIT_043-1,2026-05-23,aFRR,NEG_084,10.0,GRID_TO_PROVIDER,3.0,3.0,SK,ENTSO-E BalancingEnergyBids
20260523092-AFRR_N-UNIT_104-1,2026-05-23,aFRR,NEG_084,-5.0,GRID_TO_PROVIDER,4.0,4.0,SK,ENTSO-E BalancingEnergyBids
20260523092-AFRR_N-UNIT_089-1,2026-05-23,aFRR,NEG_084,-118.5,GRID_TO_PROVIDER,3.0,3.0,SK,ENTSO-E BalancingEnergyBids
20260523092-AFRR_N-UNIT_097-1,2026-05-23,aFRR,NEG_084,0.0,GRID_TO_PROVIDER,3.0,3.0,SK,ENTSO-E BalancingEnergyBids
20260523092-AFRR_N-UNIT_019-1,2026-05-23,aFRR,NEG_084,-199.0,GRID_TO_PROVIDER,1.0,1.0,SK,ENTSO-E BalancingEnergyBids
20260523092-AFRR_N-UNIT_106-1,2026-05-23,aFRR,NEG_084,-19.0,GRID_TO_PROVIDER,1.0,1.0,SK,ENTSO-E BalancingEnergyBids
20260523092-AFRR_N-UNIT_123-1,2026-05-23,aFRR,NEG_084,-5.0,GRID_TO_PROVIDER,6.0,6.0,SK,ENTSO-E BalancingEnergyBids
20260523092-AFRR_N-UNIT_005-1,2026-05-23,aFRR,NEG_084,70.0,GRID_TO_PROVIDER,35.0,35.0,SK,ENTSO-E BalancingEnergyBids
20260523093-AFRR_P-UNIT_068-1,2026-05-23,aFRR,POS_085,219.67,PROVIDER_TO_GRID,1.0,1.0,SK,ENTSO-E BalancingEnergyBids
20260523093-AFRR_P-UNIT_065-1,2026-05-23,aFRR,POS_085,213.29,PROVIDER_TO_GRID,28.0,28.0,SK,ENTSO-E BalancingEnergyBids
20260523093-AFRR_P-UNIT_052-1,2026-05-23,aFRR,POS_085,140.0,PROVIDER_TO_GRID,31.0,31.0,SK,ENTSO-E BalancingEnergyBids
20260523093-AFRR_P-UNIT_047-1,2026-05-23,aFRR,POS_085,500.0,PROVIDER_TO_GRID,10.0,10.0,SK,ENTSO-E BalancingEnergyBids
20260523093-AFRR_P-UNIT_051-1,2026-05-23,aFRR,POS_085,350.0,PROVIDER_TO_GRID,5.0,5.0,SK,ENTSO-E BalancingEnergyBids
20260523093-AFRR_P-UNIT_069-1,2026-05-23,aFRR,POS_085,135.0,PROVIDER_TO_GRID,15.0,15.0,SK,ENTSO-E BalancingEnergyBids
20260523093-AFRR_P-UNIT_058-1,2026-05-23,aFRR,POS_085,200.0,PROVIDER_TO_GRID,1.0,1.0,SK,ENTSO-E BalancingEnergyBids
20260523093-AFRR_P-UNIT_062-1,2026-05-23,aFRR,POS_085,165.0,PROVIDER_TO_GRID,8.0,8.0,SK,ENTSO-E BalancingEnergyBids
20260523093-AFRR_P-UNIT_043-1,2026-05-23,aFRR,POS_085,165.0,PROVIDER_TO_GRID,2.0,2.0,SK,ENTSO-E BalancingEnergyBids
20260523093-AFRR_P-UNIT_063-1,2026-05-23,aFRR,POS_085,110.0,PROVIDER_TO_GRID,9.0,9.0,SK,ENTSO-E BalancingEnergyBids
20260523093-AFRR_P-UNIT_104-1,2026-05-23,aFRR,POS_085,750.0,PROVIDER_TO_GRID,11.0,11.0,SK,ENTSO-E BalancingEnergyBids
20260523093-AFRR_P-UNIT_009-1,2026-05-23,aFRR,POS_085,213.29,PROVIDER_TO_GRID,3.0,3.0,SK,ENTSO-E BalancingEnergyBids
20260523093-AFRR_P-UNIT_019-1,2026-05-23,aFRR,POS_085,274.0,PROVIDER_TO_GRID,1.0,1.0,SK,ENTSO-E BalancingEnergyBids
20260523093-AFRR_P-UNIT_106-1,2026-05-23,aFRR,POS_085,300.0,PROVIDER_TO_GRID,1.0,1.0,SK,ENTSO-E BalancingEnergyBids
20260523093-AFRR_P-UNIT_123-1,2026-05-23,aFRR,POS_085,189.0,PROVIDER_TO_GRID,6.0,6.0,SK,ENTSO-E BalancingEnergyBids
20260523093-AFRR_N-UNIT_068-1,2026-05-23,aFRR,NEG_085,-5.0,GRID_TO_PROVIDER,10.0,10.0,SK,ENTSO-E BalancingEnergyBids
20260523093-AFRR_N-UNIT_065-1,2026-05-23,aFRR,NEG_085,-10.0,GRID_TO_PROVIDER,10.0,10.0,SK,ENTSO-E BalancingEnergyBids
20260523093-AFRR_N-UNIT_052-1,2026-05-23,aFRR,NEG_085,-30.0,GRID_TO_PROVIDER,7.0,7.0,SK,ENTSO-E BalancingEnergyBids
20260523093-AFRR_N-UNIT_051-1,2026-05-23,aFRR,NEG_085,-144.0,GRID_TO_PROVIDER,5.0,5.0,SK,ENTSO-E BalancingEnergyBids
20260523093-AFRR_N-UNIT_069-1,2026-05-23,aFRR,NEG_085,-150.0,GRID_TO_PROVIDER,12.0,12.0,SK,ENTSO-E BalancingEnergyBids
20260523093-AFRR_N-UNIT_049-1,2026-05-23,aFRR,NEG_085,65.0,GRID_TO_PROVIDER,45.0,45.0,SK,ENTSO-E BalancingEnergyBids
20260523093-AFRR_N-UNIT_028-1,2026-05-23,aFRR,NEG_085,-5.0,GRID_TO_PROVIDER,1.0,1.0,SK,ENTSO-E BalancingEnergyBids
20260523093-AFRR_N-UNIT_058-1,2026-05-23,aFRR,NEG_085,-50.0,GRID_TO_PROVIDER,1.0,1.0,SK,ENTSO-E BalancingEnergyBids
20260523093-AFRR_N-UNIT_013-1,2026-05-23,aFRR,NEG_085,-10.0,GRID_TO_PROVIDER,18.0,18.0,SK,ENTSO-E BalancingEnergyBids
20260523093-AFRR_N-UNIT_010-1,2026-05-23,aFRR,NEG_085,-10.0,GRID_TO_PROVIDER,25.0,25.0,SK,ENTSO-E BalancingEnergyBids
20260523093-AFRR_N-UNIT_062-1,2026-05-23,aFRR,NEG_085,-29.0,GRID_TO_PROVIDER,11.0,11.0,SK,ENTSO-E BalancingEnergyBids
20260523093-AFRR_N-UNIT_043-1,2026-05-23,aFRR,NEG_085,10.0,GRID_TO_PROVIDER,3.0,3.0,SK,ENTSO-E BalancingEnergyBids
20260523093-AFRR_N-UNIT_104-1,2026-05-23,aFRR,NEG_085,-5.0,GRID_TO_PROVIDER,4.0,4.0,SK,ENTSO-E BalancingEnergyBids
20260523093-AFRR_N-UNIT_089-1,2026-05-23,aFRR,NEG_085,-103.09,GRID_TO_PROVIDER,3.0,3.0,SK,ENTSO-E BalancingEnergyBids
20260523093-AFRR_N-UNIT_019-1,2026-05-23,aFRR,NEG_085,-199.0,GRID_TO_PROVIDER,1.0,1.0,SK,ENTSO-E BalancingEnergyBids
20260523093-AFRR_N-UNIT_106-1,2026-05-23,aFRR,NEG_085,-19.0,GRID_TO_PROVIDER,1.0,1.0,SK,ENTSO-E BalancingEnergyBids
20260523093-AFRR_N-UNIT_123-1,2026-05-23,aFRR,NEG_085,-5.0,GRID_TO_PROVIDER,6.0,6.0,SK,ENTSO-E BalancingEnergyBids
20260523093-AFRR_N-UNIT_005-1,2026-05-23,aFRR,NEG_085,70.0,GRID_TO_PROVIDER,35.0,35.0,SK,ENTSO-E BalancingEnergyBids
20260523093-AFRR_P-UNIT_028-1,2026-05-23,aFRR,POS_085,219.67,PROVIDER_TO_GRID,5.0,5.0,SK,ENTSO-E BalancingEnergyBids
20260523094-AFRR_N-UNIT_013-1,2026-05-23,aFRR,NEG_086,-10.0,GRID_TO_PROVIDER,17.0,17.0,SK,ENTSO-E BalancingEnergyBids
20260523094-AFRR_N-UNIT_010-1,2026-05-23,aFRR,NEG_086,-10.0,GRID_TO_PROVIDER,25.0,25.0,SK,ENTSO-E BalancingEnergyBids
20260523094-AFRR_N-UNIT_062-1,2026-05-23,aFRR,NEG_086,-29.0,GRID_TO_PROVIDER,11.0,11.0,SK,ENTSO-E BalancingEnergyBids
20260523094-AFRR_N-UNIT_043-1,2026-05-23,aFRR,NEG_086,10.0,GRID_TO_PROVIDER,3.0,3.0,SK,ENTSO-E BalancingEnergyBids
20260523094-AFRR_N-UNIT_104-1,2026-05-23,aFRR,NEG_086,-5.0,GRID_TO_PROVIDER,4.0,4.0,SK,ENTSO-E BalancingEnergyBids
20260523094-AFRR_N-UNIT_089-1,2026-05-23,aFRR,NEG_086,-107.66,GRID_TO_PROVIDER,3.0,3.0,SK,ENTSO-E BalancingEnergyBids
20260523094-AFRR_N-UNIT_097-1,2026-05-23,aFRR,NEG_086,0.0,GRID_TO_PROVIDER,1.0,1.0,SK,ENTSO-E BalancingEnergyBids
20260523094-AFRR_N-UNIT_019-1,2026-05-23,aFRR,NEG_086,-199.0,GRID_TO_PROVIDER,1.0,1.0,SK,ENTSO-E BalancingEnergyBids
20260523094-AFRR_N-UNIT_106-1,2026-05-23,aFRR,NEG_086,-19.0,GRID_TO_PROVIDER,1.0,1.0,SK,ENTSO-E BalancingEnergyBids
20260523094-AFRR_N-UNIT_123-1,2026-05-23,aFRR,NEG_086,-5.0,GRID_TO_PROVIDER,6.0,6.0,SK,ENTSO-E BalancingEnergyBids
20260523094-AFRR_P-UNIT_068-1,2026-05-23,aFRR,POS_086,213.27,PROVIDER_TO_GRID,1.0,1.0,SK,ENTSO-E BalancingEnergyBids
20260523094-AFRR_P-UNIT_065-1,2026-05-23,aFRR,POS_086,207.8,PROVIDER_TO_GRID,28.0,28.0,SK,ENTSO-E BalancingEnergyBids
20260523094-AFRR_P-UNIT_052-1,2026-05-23,aFRR,POS_086,140.0,PROVIDER_TO_GRID,31.0,31.0,SK,ENTSO-E BalancingEnergyBids
20260523094-AFRR_P-UNIT_047-1,2026-05-23,aFRR,POS_086,500.0,PROVIDER_TO_GRID,10.0,10.0,SK,ENTSO-E BalancingEnergyBids
20260523094-AFRR_P-UNIT_051-1,2026-05-23,aFRR,POS_086,350.0,PROVIDER_TO_GRID,5.0,5.0,SK,ENTSO-E BalancingEnergyBids
20260523094-AFRR_P-UNIT_069-1,2026-05-23,aFRR,POS_086,135.0,PROVIDER_TO_GRID,15.0,15.0,SK,ENTSO-E BalancingEnergyBids
20260523094-AFRR_P-UNIT_058-1,2026-05-23,aFRR,POS_086,200.0,PROVIDER_TO_GRID,1.0,1.0,SK,ENTSO-E BalancingEnergyBids
20260523094-AFRR_P-UNIT_062-1,2026-05-23,aFRR,POS_086,160.0,PROVIDER_TO_GRID,8.0,8.0,SK,ENTSO-E BalancingEnergyBids
20260523094-AFRR_P-UNIT_043-1,2026-05-23,aFRR,POS_086,160.0,PROVIDER_TO_GRID,2.0,2.0,SK,ENTSO-E BalancingEnergyBids
20260523094-AFRR_P-UNIT_063-1,2026-05-23,aFRR,POS_086,110.0,PROVIDER_TO_GRID,9.0,9.0,SK,ENTSO-E BalancingEnergyBids
20260523094-AFRR_P-UNIT_104-1,2026-05-23,aFRR,POS_086,750.0,PROVIDER_TO_GRID,11.0,11.0,SK,ENTSO-E BalancingEnergyBids
20260523094-AFRR_P-UNIT_009-1,2026-05-23,aFRR,POS_086,207.8,PROVIDER_TO_GRID,3.0,3.0,SK,ENTSO-E BalancingEnergyBids
20260523094-AFRR_P-UNIT_019-1,2026-05-23,aFRR,POS_086,269.0,PROVIDER_TO_GRID,1.0,1.0,SK,ENTSO-E BalancingEnergyBids
20260523094-AFRR_P-UNIT_106-1,2026-05-23,aFRR,POS_086,300.0,PROVIDER_TO_GRID,1.0,1.0,SK,ENTSO-E BalancingEnergyBids
20260523094-AFRR_P-UNIT_123-1,2026-05-23,aFRR,POS_086,189.0,PROVIDER_TO_GRID,6.0,6.0,SK,ENTSO-E BalancingEnergyBids
20260523094-AFRR_N-UNIT_068-1,2026-05-23,aFRR,NEG_086,-5.0,GRID_TO_PROVIDER,10.0,10.0,SK,ENTSO-E BalancingEnergyBids
20260523094-AFRR_N-UNIT_065-1,2026-05-23,aFRR,NEG_086,-10.0,GRID_TO_PROVIDER,10.0,10.0,SK,ENTSO-E BalancingEnergyBids
20260523094-AFRR_N-UNIT_052-1,2026-05-23,aFRR,NEG_086,-30.0,GRID_TO_PROVIDER,7.0,7.0,SK,ENTSO-E BalancingEnergyBids
20260523094-AFRR_N-UNIT_051-1,2026-05-23,aFRR,NEG_086,-144.0,GRID_TO_PROVIDER,5.0,5.0,SK,ENTSO-E BalancingEnergyBids
20260523094-AFRR_N-UNIT_069-1,2026-05-23,aFRR,NEG_086,-150.0,GRID_TO_PROVIDER,12.0,12.0,SK,ENTSO-E BalancingEnergyBids
20260523094-AFRR_N-UNIT_049-1,2026-05-23,aFRR,NEG_086,65.0,GRID_TO_PROVIDER,45.0,45.0,SK,ENTSO-E BalancingEnergyBids
20260523094-AFRR_N-UNIT_028-1,2026-05-23,aFRR,NEG_086,-5.0,GRID_TO_PROVIDER,1.0,1.0,SK,ENTSO-E BalancingEnergyBids
20260523094-AFRR_N-UNIT_058-1,2026-05-23,aFRR,NEG_086,-50.0,GRID_TO_PROVIDER,1.0,1.0,SK,ENTSO-E BalancingEnergyBids
20260523094-AFRR_N-UNIT_005-1,2026-05-23,aFRR,NEG_086,70.0,GRID_TO_PROVIDER,35.0,35.0,SK,ENTSO-E BalancingEnergyBids
20260523094-AFRR_P-UNIT_028-1,2026-05-23,aFRR,POS_086,213.27,PROVIDER_TO_GRID,5.0,5.0,SK,ENTSO-E BalancingEnergyBids
20260523095-AFRR_N-UNIT_005-1,2026-05-23,aFRR,NEG_087,70.0,GRID_TO_PROVIDER,35.0,35.0,SK,ENTSO-E BalancingEnergyBids
20260523095-AFRR_P-UNIT_068-1,2026-05-23,aFRR,POS_087,199.58,PROVIDER_TO_GRID,1.0,1.0,SK,ENTSO-E BalancingEnergyBids
20260523095-AFRR_P-UNIT_065-1,2026-05-23,aFRR,POS_087,196.07,PROVIDER_TO_GRID,28.0,28.0,SK,ENTSO-E BalancingEnergyBids
20260523095-AFRR_P-UNIT_052-1,2026-05-23,aFRR,POS_087,140.0,PROVIDER_TO_GRID,31.0,31.0,SK,ENTSO-E BalancingEnergyBids
20260523095-AFRR_P-UNIT_047-1,2026-05-23,aFRR,POS_087,500.0,PROVIDER_TO_GRID,10.0,10.0,SK,ENTSO-E BalancingEnergyBids
20260523095-AFRR_P-UNIT_051-1,2026-05-23,aFRR,POS_087,350.0,PROVIDER_TO_GRID,5.0,5.0,SK,ENTSO-E BalancingEnergyBids
20260523095-AFRR_P-UNIT_069-1,2026-05-23,aFRR,POS_087,135.0,PROVIDER_TO_GRID,15.0,15.0,SK,ENTSO-E BalancingEnergyBids
20260523095-AFRR_P-UNIT_058-1,2026-05-23,aFRR,POS_087,200.0,PROVIDER_TO_GRID,1.0,1.0,SK,ENTSO-E BalancingEnergyBids
20260523095-AFRR_P-UNIT_062-1,2026-05-23,aFRR,POS_087,150.0,PROVIDER_TO_GRID,8.0,8.0,SK,ENTSO-E BalancingEnergyBids
20260523095-AFRR_P-UNIT_043-1,2026-05-23,aFRR,POS_087,150.0,PROVIDER_TO_GRID,2.0,2.0,SK,ENTSO-E BalancingEnergyBids
20260523095-AFRR_P-UNIT_063-1,2026-05-23,aFRR,POS_087,110.0,PROVIDER_TO_GRID,9.0,9.0,SK,ENTSO-E BalancingEnergyBids
20260523095-AFRR_P-UNIT_104-1,2026-05-23,aFRR,POS_087,750.0,PROVIDER_TO_GRID,11.0,11.0,SK,ENTSO-E BalancingEnergyBids
20260523095-AFRR_P-UNIT_009-1,2026-05-23,aFRR,POS_087,196.07,PROVIDER_TO_GRID,3.0,3.0,SK,ENTSO-E BalancingEnergyBids
20260523095-AFRR_P-UNIT_019-1,2026-05-23,aFRR,POS_087,259.0,PROVIDER_TO_GRID,1.0,1.0,SK,ENTSO-E BalancingEnergyBids
20260523095-AFRR_P-UNIT_106-1,2026-05-23,aFRR,POS_087,300.0,PROVIDER_TO_GRID,1.0,1.0,SK,ENTSO-E BalancingEnergyBids
20260523095-AFRR_P-UNIT_123-1,2026-05-23,aFRR,POS_087,189.0,PROVIDER_TO_GRID,6.0,6.0,SK,ENTSO-E BalancingEnergyBids
20260523095-AFRR_N-UNIT_068-1,2026-05-23,aFRR,NEG_087,-5.0,GRID_TO_PROVIDER,10.0,10.0,SK,ENTSO-E BalancingEnergyBids
20260523095-AFRR_N-UNIT_065-1,2026-05-23,aFRR,NEG_087,-10.0,GRID_TO_PROVIDER,10.0,10.0,SK,ENTSO-E BalancingEnergyBids
20260523095-AFRR_N-UNIT_052-1,2026-05-23,aFRR,NEG_087,-30.0,GRID_TO_PROVIDER,7.0,7.0,SK,ENTSO-E BalancingEnergyBids
20260523095-AFRR_N-UNIT_051-1,2026-05-23,aFRR,NEG_087,-144.0,GRID_TO_PROVIDER,5.0,5.0,SK,ENTSO-E BalancingEnergyBids
20260523095-AFRR_N-UNIT_069-1,2026-05-23,aFRR,NEG_087,-150.0,GRID_TO_PROVIDER,12.0,12.0,SK,ENTSO-E BalancingEnergyBids
20260523095-AFRR_N-UNIT_049-1,2026-05-23,aFRR,NEG_087,65.0,GRID_TO_PROVIDER,45.0,45.0,SK,ENTSO-E BalancingEnergyBids
20260523095-AFRR_N-UNIT_028-1,2026-05-23,aFRR,NEG_087,-5.0,GRID_TO_PROVIDER,1.0,1.0,SK,ENTSO-E BalancingEnergyBids
20260523095-AFRR_N-UNIT_058-1,2026-05-23,aFRR,NEG_087,-50.0,GRID_TO_PROVIDER,1.0,1.0,SK,ENTSO-E BalancingEnergyBids
20260523095-AFRR_N-UNIT_013-1,2026-05-23,aFRR,NEG_087,-10.0,GRID_TO_PROVIDER,17.0,17.0,SK,ENTSO-E BalancingEnergyBids
20260523095-AFRR_N-UNIT_010-1,2026-05-23,aFRR,NEG_087,-10.0,GRID_TO_PROVIDER,25.0,25.0,SK,ENTSO-E BalancingEnergyBids
20260523095-AFRR_N-UNIT_062-1,2026-05-23,aFRR,NEG_087,-29.0,GRID_TO_PROVIDER,11.0,11.0,SK,ENTSO-E BalancingEnergyBids
20260523095-AFRR_N-UNIT_043-1,2026-05-23,aFRR,NEG_087,10.0,GRID_TO_PROVIDER,3.0,3.0,SK,ENTSO-E BalancingEnergyBids
20260523095-AFRR_N-UNIT_104-1,2026-05-23,aFRR,NEG_087,-5.0,GRID_TO_PROVIDER,4.0,4.0,SK,ENTSO-E BalancingEnergyBids
20260523095-AFRR_N-UNIT_089-1,2026-05-23,aFRR,NEG_087,-117.44,GRID_TO_PROVIDER,3.0,3.0,SK,ENTSO-E BalancingEnergyBids
20260523095-AFRR_N-UNIT_097-1,2026-05-23,aFRR,NEG_087,0.0,GRID_TO_PROVIDER,1.0,1.0,SK,ENTSO-E BalancingEnergyBids
20260523095-AFRR_N-UNIT_019-1,2026-05-23,aFRR,NEG_087,-199.0,GRID_TO_PROVIDER,1.0,1.0,SK,ENTSO-E BalancingEnergyBids
20260523095-AFRR_N-UNIT_106-1,2026-05-23,aFRR,NEG_087,-19.0,GRID_TO_PROVIDER,1.0,1.0,SK,ENTSO-E BalancingEnergyBids
20260523095-AFRR_N-UNIT_123-1,2026-05-23,aFRR,NEG_087,-5.0,GRID_TO_PROVIDER,6.0,6.0,SK,ENTSO-E BalancingEnergyBids
20260523095-AFRR_P-UNIT_028-1,2026-05-23,aFRR,POS_087,199.58,PROVIDER_TO_GRID,5.0,5.0,SK,ENTSO-E BalancingEnergyBids
20260523096-AFRR_N-UNIT_005-1,2026-05-23,aFRR,NEG_088,70.0,GRID_TO_PROVIDER,35.0,35.0,SK,ENTSO-E BalancingEnergyBids
20260523096-AFRR_P-UNIT_028-1,2026-05-23,aFRR,POS_088,197.0,PROVIDER_TO_GRID,5.0,5.0,SK,ENTSO-E BalancingEnergyBids
20260523096-AFRR_P-UNIT_068-1,2026-05-23,aFRR,POS_088,197.0,PROVIDER_TO_GRID,1.0,1.0,SK,ENTSO-E BalancingEnergyBids
20260523096-AFRR_P-UNIT_065-1,2026-05-23,aFRR,POS_088,193.86,PROVIDER_TO_GRID,28.0,28.0,SK,ENTSO-E BalancingEnergyBids
20260523096-AFRR_P-UNIT_052-1,2026-05-23,aFRR,POS_088,140.0,PROVIDER_TO_GRID,31.0,31.0,SK,ENTSO-E BalancingEnergyBids
20260523096-AFRR_P-UNIT_047-1,2026-05-23,aFRR,POS_088,500.0,PROVIDER_TO_GRID,10.0,10.0,SK,ENTSO-E BalancingEnergyBids
20260523096-AFRR_P-UNIT_051-1,2026-05-23,aFRR,POS_088,350.0,PROVIDER_TO_GRID,5.0,5.0,SK,ENTSO-E BalancingEnergyBids
20260523096-AFRR_P-UNIT_069-1,2026-05-23,aFRR,POS_088,135.0,PROVIDER_TO_GRID,15.0,15.0,SK,ENTSO-E BalancingEnergyBids
20260523096-AFRR_P-UNIT_058-1,2026-05-23,aFRR,POS_088,200.0,PROVIDER_TO_GRID,1.0,1.0,SK,ENTSO-E BalancingEnergyBids
20260523096-AFRR_P-UNIT_062-1,2026-05-23,aFRR,POS_088,148.0,PROVIDER_TO_GRID,8.0,8.0,SK,ENTSO-E BalancingEnergyBids
20260523096-AFRR_P-UNIT_043-1,2026-05-23,aFRR,POS_088,148.0,PROVIDER_TO_GRID,2.0,2.0,SK,ENTSO-E BalancingEnergyBids
20260523096-AFRR_P-UNIT_063-1,2026-05-23,aFRR,POS_088,110.0,PROVIDER_TO_GRID,9.0,9.0,SK,ENTSO-E BalancingEnergyBids
20260523096-AFRR_P-UNIT_104-1,2026-05-23,aFRR,POS_088,750.0,PROVIDER_TO_GRID,11.0,11.0,SK,ENTSO-E BalancingEnergyBids
20260523096-AFRR_P-UNIT_009-1,2026-05-23,aFRR,POS_088,193.86,PROVIDER_TO_GRID,3.0,3.0,SK,ENTSO-E BalancingEnergyBids
20260523096-AFRR_P-UNIT_019-1,2026-05-23,aFRR,POS_088,257.0,PROVIDER_TO_GRID,1.0,1.0,SK,ENTSO-E BalancingEnergyBids
20260523096-AFRR_P-UNIT_106-1,2026-05-23,aFRR,POS_088,300.0,PROVIDER_TO_GRID,1.0,1.0,SK,ENTSO-E BalancingEnergyBids
20260523096-AFRR_P-UNIT_123-1,2026-05-23,aFRR,POS_088,189.0,PROVIDER_TO_GRID,6.0,6.0,SK,ENTSO-E BalancingEnergyBids
20260523096-AFRR_N-UNIT_068-1,2026-05-23,aFRR,NEG_088,-5.0,GRID_TO_PROVIDER,10.0,10.0,SK,ENTSO-E BalancingEnergyBids
20260523096-AFRR_N-UNIT_065-1,2026-05-23,aFRR,NEG_088,-10.0,GRID_TO_PROVIDER,10.0,10.0,SK,ENTSO-E BalancingEnergyBids
20260523096-AFRR_N-UNIT_052-1,2026-05-23,aFRR,NEG_088,-30.0,GRID_TO_PROVIDER,7.0,7.0,SK,ENTSO-E BalancingEnergyBids
20260523096-AFRR_N-UNIT_051-1,2026-05-23,aFRR,NEG_088,-144.0,GRID_TO_PROVIDER,5.0,5.0,SK,ENTSO-E BalancingEnergyBids
20260523096-AFRR_N-UNIT_069-1,2026-05-23,aFRR,NEG_088,-150.0,GRID_TO_PROVIDER,12.0,12.0,SK,ENTSO-E BalancingEnergyBids
20260523096-AFRR_N-UNIT_049-1,2026-05-23,aFRR,NEG_088,65.0,GRID_TO_PROVIDER,45.0,45.0,SK,ENTSO-E BalancingEnergyBids
20260523096-AFRR_N-UNIT_028-1,2026-05-23,aFRR,NEG_088,-5.0,GRID_TO_PROVIDER,1.0,1.0,SK,ENTSO-E BalancingEnergyBids
20260523096-AFRR_N-UNIT_058-1,2026-05-23,aFRR,NEG_088,-50.0,GRID_TO_PROVIDER,1.0,1.0,SK,ENTSO-E BalancingEnergyBids
20260523096-AFRR_N-UNIT_013-1,2026-05-23,aFRR,NEG_088,-10.0,GRID_TO_PROVIDER,17.0,17.0,SK,ENTSO-E BalancingEnergyBids
20260523096-AFRR_N-UNIT_010-1,2026-05-23,aFRR,NEG_088,-10.0,GRID_TO_PROVIDER,25.0,25.0,SK,ENTSO-E BalancingEnergyBids
20260523096-AFRR_N-UNIT_062-1,2026-05-23,aFRR,NEG_088,-29.0,GRID_TO_PROVIDER,11.0,11.0,SK,ENTSO-E BalancingEnergyBids
20260523096-AFRR_N-UNIT_043-1,2026-05-23,aFRR,NEG_088,10.0,GRID_TO_PROVIDER,3.0,3.0,SK,ENTSO-E BalancingEnergyBids
20260523096-AFRR_N-UNIT_104-1,2026-05-23,aFRR,NEG_088,-5.0,GRID_TO_PROVIDER,4.0,4.0,SK,ENTSO-E BalancingEnergyBids
20260523096-AFRR_N-UNIT_089-1,2026-05-23,aFRR,NEG_088,-119.28,GRID_TO_PROVIDER,3.0,3.0,SK,ENTSO-E BalancingEnergyBids
20260523096-AFRR_N-UNIT_097-1,2026-05-23,aFRR,NEG_088,0.0,GRID_TO_PROVIDER,1.0,1.0,SK,ENTSO-E BalancingEnergyBids
20260523096-AFRR_N-UNIT_019-1,2026-05-23,aFRR,NEG_088,-199.0,GRID_TO_PROVIDER,1.0,1.0,SK,ENTSO-E BalancingEnergyBids
20260523096-AFRR_N-UNIT_106-1,2026-05-23,aFRR,NEG_088,-19.0,GRID_TO_PROVIDER,1.0,1.0,SK,ENTSO-E BalancingEnergyBids
20260523096-AFRR_N-UNIT_123-1,2026-05-23,aFRR,NEG_088,-5.0,GRID_TO_PROVIDER,6.0,6.0,SK,ENTSO-E BalancingEnergyBids
20260524001-AFRR_P-UNIT_068-1,2026-05-23,aFRR,POS_089,219.77,PROVIDER_TO_GRID,1.0,1.0,SK,ENTSO-E BalancingEnergyBids
20260524001-AFRR_P-UNIT_065-1,2026-05-23,aFRR,POS_089,213.37,PROVIDER_TO_GRID,12.0,12.0,SK,ENTSO-E BalancingEnergyBids
20260524001-AFRR_P-UNIT_052-1,2026-05-23,aFRR,POS_089,140.0,PROVIDER_TO_GRID,31.0,31.0,SK,ENTSO-E BalancingEnergyBids
20260524001-AFRR_P-UNIT_047-1,2026-05-23,aFRR,POS_089,500.0,PROVIDER_TO_GRID,10.0,10.0,SK,ENTSO-E BalancingEnergyBids
20260524001-AFRR_P-UNIT_051-1,2026-05-23,aFRR,POS_089,350.0,PROVIDER_TO_GRID,5.0,5.0,SK,ENTSO-E BalancingEnergyBids
20260524001-AFRR_P-UNIT_069-1,2026-05-23,aFRR,POS_089,134.0,PROVIDER_TO_GRID,15.0,15.0,SK,ENTSO-E BalancingEnergyBids
20260524001-AFRR_P-UNIT_028-1,2026-05-23,aFRR,POS_089,219.77,PROVIDER_TO_GRID,5.0,5.0,SK,ENTSO-E BalancingEnergyBids
20260524001-AFRR_P-UNIT_058-1,2026-05-23,aFRR,POS_089,200.0,PROVIDER_TO_GRID,1.0,1.0,SK,ENTSO-E BalancingEnergyBids
20260524001-AFRR_P-UNIT_008-1,2026-05-23,aFRR,POS_089,213.37,PROVIDER_TO_GRID,10.0,10.0,SK,ENTSO-E BalancingEnergyBids
20260524001-AFRR_P-UNIT_063-1,2026-05-23,aFRR,POS_089,110.0,PROVIDER_TO_GRID,9.0,9.0,SK,ENTSO-E BalancingEnergyBids
20260524001-AFRR_P-UNIT_104-1,2026-05-23,aFRR,POS_089,750.0,PROVIDER_TO_GRID,11.0,11.0,SK,ENTSO-E BalancingEnergyBids
20260524001-AFRR_P-UNIT_009-1,2026-05-23,aFRR,POS_089,213.37,PROVIDER_TO_GRID,3.0,3.0,SK,ENTSO-E BalancingEnergyBids
20260524001-AFRR_P-UNIT_019-1,2026-05-23,aFRR,POS_089,282.0,PROVIDER_TO_GRID,1.0,1.0,SK,ENTSO-E BalancingEnergyBids
20260524001-AFRR_P-UNIT_106-1,2026-05-23,aFRR,POS_089,300.0,PROVIDER_TO_GRID,1.0,1.0,SK,ENTSO-E BalancingEnergyBids
20260524001-AFRR_P-UNIT_123-1,2026-05-23,aFRR,POS_089,189.0,PROVIDER_TO_GRID,8.0,8.0,SK,ENTSO-E BalancingEnergyBids
20260524001-AFRR_N-UNIT_068-1,2026-05-23,aFRR,NEG_089,-5.0,GRID_TO_PROVIDER,5.0,5.0,SK,ENTSO-E BalancingEnergyBids
20260524001-AFRR_N-UNIT_005-1,2026-05-23,aFRR,NEG_089,50.0,GRID_TO_PROVIDER,35.0,35.0,SK,ENTSO-E BalancingEnergyBids
20260524001-AFRR_N-UNIT_052-1,2026-05-23,aFRR,NEG_089,-30.0,GRID_TO_PROVIDER,7.0,7.0,SK,ENTSO-E BalancingEnergyBids
20260524001-AFRR_N-UNIT_051-1,2026-05-23,aFRR,NEG_089,-144.0,GRID_TO_PROVIDER,5.0,5.0,SK,ENTSO-E BalancingEnergyBids
20260524001-AFRR_N-UNIT_069-1,2026-05-23,aFRR,NEG_089,-150.0,GRID_TO_PROVIDER,12.0,12.0,SK,ENTSO-E BalancingEnergyBids
20260524001-AFRR_N-UNIT_028-1,2026-05-23,aFRR,NEG_089,-5.0,GRID_TO_PROVIDER,1.0,1.0,SK,ENTSO-E BalancingEnergyBids
20260524001-AFRR_N-UNIT_058-1,2026-05-23,aFRR,NEG_089,-50.0,GRID_TO_PROVIDER,1.0,1.0,SK,ENTSO-E BalancingEnergyBids
20260524001-AFRR_N-UNIT_013-1,2026-05-23,aFRR,NEG_089,-10.0,GRID_TO_PROVIDER,21.0,21.0,SK,ENTSO-E BalancingEnergyBids
20260524001-AFRR_N-UNIT_010-1,2026-05-23,aFRR,NEG_089,-10.0,GRID_TO_PROVIDER,30.0,30.0,SK,ENTSO-E BalancingEnergyBids
20260524001-AFRR_N-UNIT_104-1,2026-05-23,aFRR,NEG_089,-5.0,GRID_TO_PROVIDER,4.0,4.0,SK,ENTSO-E BalancingEnergyBids
20260524001-AFRR_N-UNIT_089-1,2026-05-23,aFRR,NEG_089,-103.02,GRID_TO_PROVIDER,3.0,3.0,SK,ENTSO-E BalancingEnergyBids
20260524001-AFRR_N-UNIT_019-1,2026-05-23,aFRR,NEG_089,-199.0,GRID_TO_PROVIDER,1.0,1.0,SK,ENTSO-E BalancingEnergyBids
20260524001-AFRR_N-UNIT_106-1,2026-05-23,aFRR,NEG_089,-19.0,GRID_TO_PROVIDER,1.0,1.0,SK,ENTSO-E BalancingEnergyBids
20260524001-AFRR_N-UNIT_123-1,2026-05-23,aFRR,NEG_089,-5.0,GRID_TO_PROVIDER,6.0,6.0,SK,ENTSO-E BalancingEnergyBids
20260524001-AFRR_P-UNIT_062-1,2026-05-23,aFRR,POS_089,165.0,PROVIDER_TO_GRID,9.0,9.0,SK,ENTSO-E BalancingEnergyBids
20260524001-AFRR_P-UNIT_043-1,2026-05-23,aFRR,POS_089,165.0,PROVIDER_TO_GRID,6.0,6.0,SK,ENTSO-E BalancingEnergyBids
20260524001-AFRR_N-UNIT_062-1,2026-05-23,aFRR,NEG_089,-29.0,GRID_TO_PROVIDER,11.0,11.0,SK,ENTSO-E BalancingEnergyBids
20260524001-AFRR_N-UNIT_043-1,2026-05-23,aFRR,NEG_089,10.0,GRID_TO_PROVIDER,3.0,3.0,SK,ENTSO-E BalancingEnergyBids
20260524002-AFRR_P-UNIT_062-1,2026-05-23,aFRR,POS_090,162.0,PROVIDER_TO_GRID,9.0,9.0,SK,ENTSO-E BalancingEnergyBids
20260524002-AFRR_P-UNIT_043-1,2026-05-23,aFRR,POS_090,162.0,PROVIDER_TO_GRID,6.0,6.0,SK,ENTSO-E BalancingEnergyBids
20260524002-AFRR_N-UNIT_062-1,2026-05-23,aFRR,NEG_090,-29.0,GRID_TO_PROVIDER,11.0,11.0,SK,ENTSO-E BalancingEnergyBids
20260524002-AFRR_N-UNIT_043-1,2026-05-23,aFRR,NEG_090,10.0,GRID_TO_PROVIDER,3.0,3.0,SK,ENTSO-E BalancingEnergyBids
20260524002-AFRR_N-UNIT_028-1,2026-05-23,aFRR,NEG_090,-5.0,GRID_TO_PROVIDER,1.0,1.0,SK,ENTSO-E BalancingEnergyBids
20260524002-AFRR_N-UNIT_058-1,2026-05-23,aFRR,NEG_090,-50.0,GRID_TO_PROVIDER,1.0,1.0,SK,ENTSO-E BalancingEnergyBids
20260524002-AFRR_N-UNIT_013-1,2026-05-23,aFRR,NEG_090,-10.0,GRID_TO_PROVIDER,21.0,21.0,SK,ENTSO-E BalancingEnergyBids
20260524002-AFRR_N-UNIT_010-1,2026-05-23,aFRR,NEG_090,-10.0,GRID_TO_PROVIDER,30.0,30.0,SK,ENTSO-E BalancingEnergyBids
20260524002-AFRR_N-UNIT_104-1,2026-05-23,aFRR,NEG_090,-5.0,GRID_TO_PROVIDER,4.0,4.0,SK,ENTSO-E BalancingEnergyBids
20260524002-AFRR_N-UNIT_089-1,2026-05-23,aFRR,NEG_090,-105.75,GRID_TO_PROVIDER,3.0,3.0,SK,ENTSO-E BalancingEnergyBids
20260524002-AFRR_N-UNIT_019-1,2026-05-23,aFRR,NEG_090,-199.0,GRID_TO_PROVIDER,1.0,1.0,SK,ENTSO-E BalancingEnergyBids
20260524002-AFRR_N-UNIT_106-1,2026-05-23,aFRR,NEG_090,-19.0,GRID_TO_PROVIDER,1.0,1.0,SK,ENTSO-E BalancingEnergyBids
20260524002-AFRR_N-UNIT_123-1,2026-05-23,aFRR,NEG_090,-5.0,GRID_TO_PROVIDER,6.0,6.0,SK,ENTSO-E BalancingEnergyBids
20260524002-AFRR_P-UNIT_068-1,2026-05-23,aFRR,POS_090,215.95,PROVIDER_TO_GRID,1.0,1.0,SK,ENTSO-E BalancingEnergyBids
20260524002-AFRR_P-UNIT_065-1,2026-05-23,aFRR,POS_090,210.1,PROVIDER_TO_GRID,12.0,12.0,SK,ENTSO-E BalancingEnergyBids
20260524002-AFRR_P-UNIT_052-1,2026-05-23,aFRR,POS_090,140.0,PROVIDER_TO_GRID,31.0,31.0,SK,ENTSO-E BalancingEnergyBids
20260524002-AFRR_P-UNIT_047-1,2026-05-23,aFRR,POS_090,500.0,PROVIDER_TO_GRID,10.0,10.0,SK,ENTSO-E BalancingEnergyBids
20260524002-AFRR_P-UNIT_051-1,2026-05-23,aFRR,POS_090,350.0,PROVIDER_TO_GRID,5.0,5.0,SK,ENTSO-E BalancingEnergyBids
20260524002-AFRR_P-UNIT_069-1,2026-05-23,aFRR,POS_090,134.0,PROVIDER_TO_GRID,15.0,15.0,SK,ENTSO-E BalancingEnergyBids
20260524002-AFRR_P-UNIT_028-1,2026-05-23,aFRR,POS_090,215.95,PROVIDER_TO_GRID,5.0,5.0,SK,ENTSO-E BalancingEnergyBids
20260524002-AFRR_P-UNIT_058-1,2026-05-23,aFRR,POS_090,200.0,PROVIDER_TO_GRID,1.0,1.0,SK,ENTSO-E BalancingEnergyBids
20260524002-AFRR_P-UNIT_008-1,2026-05-23,aFRR,POS_090,210.1,PROVIDER_TO_GRID,10.0,10.0,SK,ENTSO-E BalancingEnergyBids
20260524002-AFRR_P-UNIT_063-1,2026-05-23,aFRR,POS_090,110.0,PROVIDER_TO_GRID,9.0,9.0,SK,ENTSO-E BalancingEnergyBids
20260524002-AFRR_P-UNIT_104-1,2026-05-23,aFRR,POS_090,750.0,PROVIDER_TO_GRID,11.0,11.0,SK,ENTSO-E BalancingEnergyBids
20260524002-AFRR_P-UNIT_009-1,2026-05-23,aFRR,POS_090,210.1,PROVIDER_TO_GRID,3.0,3.0,SK,ENTSO-E BalancingEnergyBids
20260524002-AFRR_P-UNIT_019-1,2026-05-23,aFRR,POS_090,275.0,PROVIDER_TO_GRID,1.0,1.0,SK,ENTSO-E BalancingEnergyBids
20260524002-AFRR_P-UNIT_106-1,2026-05-23,aFRR,POS_090,300.0,PROVIDER_TO_GRID,1.0,1.0,SK,ENTSO-E BalancingEnergyBids
20260524002-AFRR_P-UNIT_123-1,2026-05-23,aFRR,POS_090,189.0,PROVIDER_TO_GRID,8.0,8.0,SK,ENTSO-E BalancingEnergyBids
20260524002-AFRR_N-UNIT_068-1,2026-05-23,aFRR,NEG_090,-5.0,GRID_TO_PROVIDER,5.0,5.0,SK,ENTSO-E BalancingEnergyBids
20260524002-AFRR_N-UNIT_005-1,2026-05-23,aFRR,NEG_090,50.0,GRID_TO_PROVIDER,35.0,35.0,SK,ENTSO-E BalancingEnergyBids
20260524002-AFRR_N-UNIT_052-1,2026-05-23,aFRR,NEG_090,-30.0,GRID_TO_PROVIDER,7.0,7.0,SK,ENTSO-E BalancingEnergyBids
20260524002-AFRR_N-UNIT_051-1,2026-05-23,aFRR,NEG_090,-144.0,GRID_TO_PROVIDER,5.0,5.0,SK,ENTSO-E BalancingEnergyBids
20260524002-AFRR_N-UNIT_069-1,2026-05-23,aFRR,NEG_090,-150.0,GRID_TO_PROVIDER,12.0,12.0,SK,ENTSO-E BalancingEnergyBids
20260524003-AFRR_P-UNIT_068-1,2026-05-23,aFRR,POS_091,196.25,PROVIDER_TO_GRID,1.0,1.0,SK,ENTSO-E BalancingEnergyBids
20260524003-AFRR_P-UNIT_065-1,2026-05-23,aFRR,POS_091,193.21,PROVIDER_TO_GRID,12.0,12.0,SK,ENTSO-E BalancingEnergyBids
20260524003-AFRR_P-UNIT_052-1,2026-05-23,aFRR,POS_091,140.0,PROVIDER_TO_GRID,31.0,31.0,SK,ENTSO-E BalancingEnergyBids
20260524003-AFRR_P-UNIT_047-1,2026-05-23,aFRR,POS_091,500.0,PROVIDER_TO_GRID,10.0,10.0,SK,ENTSO-E BalancingEnergyBids
20260524003-AFRR_P-UNIT_051-1,2026-05-23,aFRR,POS_091,350.0,PROVIDER_TO_GRID,5.0,5.0,SK,ENTSO-E BalancingEnergyBids
20260524003-AFRR_P-UNIT_069-1,2026-05-23,aFRR,POS_091,134.0,PROVIDER_TO_GRID,15.0,15.0,SK,ENTSO-E BalancingEnergyBids
20260524003-AFRR_P-UNIT_028-1,2026-05-23,aFRR,POS_091,196.25,PROVIDER_TO_GRID,5.0,5.0,SK,ENTSO-E BalancingEnergyBids
20260524003-AFRR_P-UNIT_058-1,2026-05-23,aFRR,POS_091,200.0,PROVIDER_TO_GRID,1.0,1.0,SK,ENTSO-E BalancingEnergyBids
20260524003-AFRR_P-UNIT_008-1,2026-05-23,aFRR,POS_091,193.21,PROVIDER_TO_GRID,10.0,10.0,SK,ENTSO-E BalancingEnergyBids
20260524003-AFRR_P-UNIT_062-1,2026-05-23,aFRR,POS_091,147.0,PROVIDER_TO_GRID,9.0,9.0,SK,ENTSO-E BalancingEnergyBids
20260524003-AFRR_P-UNIT_043-1,2026-05-23,aFRR,POS_091,147.0,PROVIDER_TO_GRID,6.0,6.0,SK,ENTSO-E BalancingEnergyBids
20260524003-AFRR_P-UNIT_063-1,2026-05-23,aFRR,POS_091,110.0,PROVIDER_TO_GRID,9.0,9.0,SK,ENTSO-E BalancingEnergyBids
20260524003-AFRR_P-UNIT_104-1,2026-05-23,aFRR,POS_091,750.0,PROVIDER_TO_GRID,11.0,11.0,SK,ENTSO-E BalancingEnergyBids
20260524003-AFRR_P-UNIT_009-1,2026-05-23,aFRR,POS_091,193.21,PROVIDER_TO_GRID,3.0,3.0,SK,ENTSO-E BalancingEnergyBids
20260524003-AFRR_P-UNIT_019-1,2026-05-23,aFRR,POS_091,253.0,PROVIDER_TO_GRID,1.0,1.0,SK,ENTSO-E BalancingEnergyBids
20260524003-AFRR_P-UNIT_106-1,2026-05-23,aFRR,POS_091,300.0,PROVIDER_TO_GRID,1.0,1.0,SK,ENTSO-E BalancingEnergyBids
20260524003-AFRR_P-UNIT_123-1,2026-05-23,aFRR,POS_091,189.0,PROVIDER_TO_GRID,8.0,8.0,SK,ENTSO-E BalancingEnergyBids
20260524003-AFRR_N-UNIT_068-1,2026-05-23,aFRR,NEG_091,-5.0,GRID_TO_PROVIDER,5.0,5.0,SK,ENTSO-E BalancingEnergyBids
20260524003-AFRR_N-UNIT_005-1,2026-05-23,aFRR,NEG_091,50.0,GRID_TO_PROVIDER,35.0,35.0,SK,ENTSO-E BalancingEnergyBids
20260524003-AFRR_N-UNIT_052-1,2026-05-23,aFRR,NEG_091,-30.0,GRID_TO_PROVIDER,7.0,7.0,SK,ENTSO-E BalancingEnergyBids
20260524003-AFRR_N-UNIT_051-1,2026-05-23,aFRR,NEG_091,-144.0,GRID_TO_PROVIDER,5.0,5.0,SK,ENTSO-E BalancingEnergyBids
20260524003-AFRR_N-UNIT_069-1,2026-05-23,aFRR,NEG_091,-150.0,GRID_TO_PROVIDER,12.0,12.0,SK,ENTSO-E BalancingEnergyBids
20260524003-AFRR_N-UNIT_028-1,2026-05-23,aFRR,NEG_091,-5.0,GRID_TO_PROVIDER,1.0,1.0,SK,ENTSO-E BalancingEnergyBids
20260524003-AFRR_N-UNIT_058-1,2026-05-23,aFRR,NEG_091,-50.0,GRID_TO_PROVIDER,1.0,1.0,SK,ENTSO-E BalancingEnergyBids
20260524003-AFRR_N-UNIT_013-1,2026-05-23,aFRR,NEG_091,-10.0,GRID_TO_PROVIDER,21.0,21.0,SK,ENTSO-E BalancingEnergyBids
20260524003-AFRR_N-UNIT_010-1,2026-05-23,aFRR,NEG_091,-10.0,GRID_TO_PROVIDER,30.0,30.0,SK,ENTSO-E BalancingEnergyBids
20260524003-AFRR_N-UNIT_062-1,2026-05-23,aFRR,NEG_091,-29.0,GRID_TO_PROVIDER,11.0,11.0,SK,ENTSO-E BalancingEnergyBids
20260524003-AFRR_N-UNIT_043-1,2026-05-23,aFRR,NEG_091,10.0,GRID_TO_PROVIDER,3.0,3.0,SK,ENTSO-E BalancingEnergyBids
20260524003-AFRR_N-UNIT_104-1,2026-05-23,aFRR,NEG_091,-5.0,GRID_TO_PROVIDER,4.0,4.0,SK,ENTSO-E BalancingEnergyBids
20260524003-AFRR_N-UNIT_089-1,2026-05-23,aFRR,NEG_091,-119.82,GRID_TO_PROVIDER,3.0,3.0,SK,ENTSO-E BalancingEnergyBids
20260524003-AFRR_N-UNIT_019-1,2026-05-23,aFRR,NEG_091,-199.0,GRID_TO_PROVIDER,1.0,1.0,SK,ENTSO-E BalancingEnergyBids
20260524003-AFRR_N-UNIT_106-1,2026-05-23,aFRR,NEG_091,-19.0,GRID_TO_PROVIDER,1.0,1.0,SK,ENTSO-E BalancingEnergyBids
20260524003-AFRR_N-UNIT_123-1,2026-05-23,aFRR,NEG_091,-5.0,GRID_TO_PROVIDER,6.0,6.0,SK,ENTSO-E BalancingEnergyBids
20260524004-AFRR_P-UNIT_068-1,2026-05-23,aFRR,POS_092,195.87,PROVIDER_TO_GRID,1.0,1.0,SK,ENTSO-E BalancingEnergyBids
20260524004-AFRR_P-UNIT_065-1,2026-05-23,aFRR,POS_092,192.89,PROVIDER_TO_GRID,12.0,12.0,SK,ENTSO-E BalancingEnergyBids
20260524004-AFRR_P-UNIT_052-1,2026-05-23,aFRR,POS_092,140.0,PROVIDER_TO_GRID,31.0,31.0,SK,ENTSO-E BalancingEnergyBids
20260524004-AFRR_P-UNIT_047-1,2026-05-23,aFRR,POS_092,500.0,PROVIDER_TO_GRID,10.0,10.0,SK,ENTSO-E BalancingEnergyBids
20260524004-AFRR_P-UNIT_051-1,2026-05-23,aFRR,POS_092,350.0,PROVIDER_TO_GRID,5.0,5.0,SK,ENTSO-E BalancingEnergyBids
20260524004-AFRR_P-UNIT_069-1,2026-05-23,aFRR,POS_092,134.0,PROVIDER_TO_GRID,15.0,15.0,SK,ENTSO-E BalancingEnergyBids
20260524004-AFRR_P-UNIT_028-1,2026-05-23,aFRR,POS_092,195.87,PROVIDER_TO_GRID,5.0,5.0,SK,ENTSO-E BalancingEnergyBids
20260524004-AFRR_P-UNIT_058-1,2026-05-23,aFRR,POS_092,200.0,PROVIDER_TO_GRID,1.0,1.0,SK,ENTSO-E BalancingEnergyBids
20260524004-AFRR_P-UNIT_008-1,2026-05-23,aFRR,POS_092,192.89,PROVIDER_TO_GRID,10.0,10.0,SK,ENTSO-E BalancingEnergyBids
20260524004-AFRR_P-UNIT_062-1,2026-05-23,aFRR,POS_092,147.0,PROVIDER_TO_GRID,9.0,9.0,SK,ENTSO-E BalancingEnergyBids
20260524004-AFRR_P-UNIT_043-1,2026-05-23,aFRR,POS_092,147.0,PROVIDER_TO_GRID,6.0,6.0,SK,ENTSO-E BalancingEnergyBids
20260524004-AFRR_P-UNIT_063-1,2026-05-23,aFRR,POS_092,110.0,PROVIDER_TO_GRID,9.0,9.0,SK,ENTSO-E BalancingEnergyBids
20260524004-AFRR_P-UNIT_104-1,2026-05-23,aFRR,POS_092,750.0,PROVIDER_TO_GRID,11.0,11.0,SK,ENTSO-E BalancingEnergyBids
20260524004-AFRR_P-UNIT_009-1,2026-05-23,aFRR,POS_092,192.89,PROVIDER_TO_GRID,3.0,3.0,SK,ENTSO-E BalancingEnergyBids
20260524004-AFRR_P-UNIT_019-1,2026-05-23,aFRR,POS_092,264.0,PROVIDER_TO_GRID,1.0,1.0,SK,ENTSO-E BalancingEnergyBids
20260524004-AFRR_P-UNIT_106-1,2026-05-23,aFRR,POS_092,300.0,PROVIDER_TO_GRID,1.0,1.0,SK,ENTSO-E BalancingEnergyBids
20260524004-AFRR_P-UNIT_123-1,2026-05-23,aFRR,POS_092,189.0,PROVIDER_TO_GRID,8.0,8.0,SK,ENTSO-E BalancingEnergyBids
20260524004-AFRR_N-UNIT_068-1,2026-05-23,aFRR,NEG_092,-5.0,GRID_TO_PROVIDER,5.0,5.0,SK,ENTSO-E BalancingEnergyBids
20260524004-AFRR_N-UNIT_005-1,2026-05-23,aFRR,NEG_092,50.0,GRID_TO_PROVIDER,35.0,35.0,SK,ENTSO-E BalancingEnergyBids
20260524004-AFRR_N-UNIT_052-1,2026-05-23,aFRR,NEG_092,-30.0,GRID_TO_PROVIDER,7.0,7.0,SK,ENTSO-E BalancingEnergyBids
20260524004-AFRR_N-UNIT_051-1,2026-05-23,aFRR,NEG_092,-144.0,GRID_TO_PROVIDER,5.0,5.0,SK,ENTSO-E BalancingEnergyBids
20260524004-AFRR_N-UNIT_069-1,2026-05-23,aFRR,NEG_092,-150.0,GRID_TO_PROVIDER,12.0,12.0,SK,ENTSO-E BalancingEnergyBids
20260524004-AFRR_N-UNIT_028-1,2026-05-23,aFRR,NEG_092,-5.0,GRID_TO_PROVIDER,1.0,1.0,SK,ENTSO-E BalancingEnergyBids
20260524004-AFRR_N-UNIT_058-1,2026-05-23,aFRR,NEG_092,-50.0,GRID_TO_PROVIDER,1.0,1.0,SK,ENTSO-E BalancingEnergyBids
20260524004-AFRR_N-UNIT_013-1,2026-05-23,aFRR,NEG_092,-10.0,GRID_TO_PROVIDER,21.0,21.0,SK,ENTSO-E BalancingEnergyBids
20260524004-AFRR_N-UNIT_010-1,2026-05-23,aFRR,NEG_092,-10.0,GRID_TO_PROVIDER,30.0,30.0,SK,ENTSO-E BalancingEnergyBids
20260524004-AFRR_N-UNIT_062-1,2026-05-23,aFRR,NEG_092,-29.0,GRID_TO_PROVIDER,11.0,11.0,SK,ENTSO-E BalancingEnergyBids
20260524004-AFRR_N-UNIT_043-1,2026-05-23,aFRR,NEG_092,10.0,GRID_TO_PROVIDER,3.0,3.0,SK,ENTSO-E BalancingEnergyBids
20260524004-AFRR_N-UNIT_104-1,2026-05-23,aFRR,NEG_092,-5.0,GRID_TO_PROVIDER,4.0,4.0,SK,ENTSO-E BalancingEnergyBids
20260524004-AFRR_N-UNIT_089-1,2026-05-23,aFRR,NEG_092,-120.09,GRID_TO_PROVIDER,3.0,3.0,SK,ENTSO-E BalancingEnergyBids
20260524004-AFRR_N-UNIT_019-1,2026-05-23,aFRR,NEG_092,-199.0,GRID_TO_PROVIDER,1.0,1.0,SK,ENTSO-E BalancingEnergyBids
20260524004-AFRR_N-UNIT_106-1,2026-05-23,aFRR,NEG_092,-19.0,GRID_TO_PROVIDER,1.0,1.0,SK,ENTSO-E BalancingEnergyBids
20260524004-AFRR_N-UNIT_123-1,2026-05-23,aFRR,NEG_092,-5.0,GRID_TO_PROVIDER,6.0,6.0,SK,ENTSO-E BalancingEnergyBids
20260524005-AFRR_P-UNIT_068-1,2026-05-23,aFRR,POS_093,195.7,PROVIDER_TO_GRID,1.0,1.0,SK,ENTSO-E BalancingEnergyBids
20260524005-AFRR_P-UNIT_065-1,2026-05-23,aFRR,POS_093,192.74,PROVIDER_TO_GRID,12.0,12.0,SK,ENTSO-E BalancingEnergyBids
20260524005-AFRR_P-UNIT_052-1,2026-05-23,aFRR,POS_093,140.0,PROVIDER_TO_GRID,31.0,31.0,SK,ENTSO-E BalancingEnergyBids
20260524005-AFRR_P-UNIT_047-1,2026-05-23,aFRR,POS_093,500.0,PROVIDER_TO_GRID,10.0,10.0,SK,ENTSO-E BalancingEnergyBids
20260524005-AFRR_P-UNIT_051-1,2026-05-23,aFRR,POS_093,350.0,PROVIDER_TO_GRID,5.0,5.0,SK,ENTSO-E BalancingEnergyBids
20260524005-AFRR_P-UNIT_069-1,2026-05-23,aFRR,POS_093,134.0,PROVIDER_TO_GRID,15.0,15.0,SK,ENTSO-E BalancingEnergyBids
20260524005-AFRR_P-UNIT_028-1,2026-05-23,aFRR,POS_093,195.7,PROVIDER_TO_GRID,5.0,5.0,SK,ENTSO-E BalancingEnergyBids
20260524005-AFRR_P-UNIT_058-1,2026-05-23,aFRR,POS_093,200.0,PROVIDER_TO_GRID,1.0,1.0,SK,ENTSO-E BalancingEnergyBids
20260524005-AFRR_P-UNIT_008-1,2026-05-23,aFRR,POS_093,192.74,PROVIDER_TO_GRID,10.0,10.0,SK,ENTSO-E BalancingEnergyBids
20260524005-AFRR_P-UNIT_062-1,2026-05-23,aFRR,POS_093,147.0,PROVIDER_TO_GRID,9.0,9.0,SK,ENTSO-E BalancingEnergyBids
20260524005-AFRR_P-UNIT_043-1,2026-05-23,aFRR,POS_093,147.0,PROVIDER_TO_GRID,6.0,6.0,SK,ENTSO-E BalancingEnergyBids
20260524005-AFRR_P-UNIT_063-1,2026-05-23,aFRR,POS_093,110.0,PROVIDER_TO_GRID,9.0,9.0,SK,ENTSO-E BalancingEnergyBids
20260524005-AFRR_P-UNIT_104-1,2026-05-23,aFRR,POS_093,750.0,PROVIDER_TO_GRID,11.0,11.0,SK,ENTSO-E BalancingEnergyBids
20260524005-AFRR_P-UNIT_009-1,2026-05-23,aFRR,POS_093,192.74,PROVIDER_TO_GRID,3.0,3.0,SK,ENTSO-E BalancingEnergyBids
20260524005-AFRR_P-UNIT_019-1,2026-05-23,aFRR,POS_093,265.0,PROVIDER_TO_GRID,1.0,1.0,SK,ENTSO-E BalancingEnergyBids
20260524005-AFRR_P-UNIT_106-1,2026-05-23,aFRR,POS_093,300.0,PROVIDER_TO_GRID,1.0,1.0,SK,ENTSO-E BalancingEnergyBids
20260524005-AFRR_P-UNIT_123-1,2026-05-23,aFRR,POS_093,189.0,PROVIDER_TO_GRID,8.0,8.0,SK,ENTSO-E BalancingEnergyBids
20260524005-AFRR_N-UNIT_068-1,2026-05-23,aFRR,NEG_093,-5.0,GRID_TO_PROVIDER,5.0,5.0,SK,ENTSO-E BalancingEnergyBids
20260524005-AFRR_N-UNIT_005-1,2026-05-23,aFRR,NEG_093,50.0,GRID_TO_PROVIDER,35.0,35.0,SK,ENTSO-E BalancingEnergyBids
20260524005-AFRR_N-UNIT_052-1,2026-05-23,aFRR,NEG_093,-30.0,GRID_TO_PROVIDER,7.0,7.0,SK,ENTSO-E BalancingEnergyBids
20260524005-AFRR_N-UNIT_051-1,2026-05-23,aFRR,NEG_093,-144.0,GRID_TO_PROVIDER,5.0,5.0,SK,ENTSO-E BalancingEnergyBids
20260524005-AFRR_N-UNIT_069-1,2026-05-23,aFRR,NEG_093,-150.0,GRID_TO_PROVIDER,12.0,12.0,SK,ENTSO-E BalancingEnergyBids
20260524005-AFRR_N-UNIT_028-1,2026-05-23,aFRR,NEG_093,-5.0,GRID_TO_PROVIDER,1.0,1.0,SK,ENTSO-E BalancingEnergyBids
20260524005-AFRR_N-UNIT_058-1,2026-05-23,aFRR,NEG_093,-50.0,GRID_TO_PROVIDER,1.0,1.0,SK,ENTSO-E BalancingEnergyBids
20260524005-AFRR_N-UNIT_013-1,2026-05-23,aFRR,NEG_093,-10.0,GRID_TO_PROVIDER,21.0,21.0,SK,ENTSO-E BalancingEnergyBids
20260524005-AFRR_N-UNIT_010-1,2026-05-23,aFRR,NEG_093,-10.0,GRID_TO_PROVIDER,30.0,30.0,SK,ENTSO-E BalancingEnergyBids
20260524005-AFRR_N-UNIT_062-1,2026-05-23,aFRR,NEG_093,-29.0,GRID_TO_PROVIDER,11.0,11.0,SK,ENTSO-E BalancingEnergyBids
20260524005-AFRR_N-UNIT_043-1,2026-05-23,aFRR,NEG_093,10.0,GRID_TO_PROVIDER,3.0,3.0,SK,ENTSO-E BalancingEnergyBids
20260524005-AFRR_N-UNIT_104-1,2026-05-23,aFRR,NEG_093,-5.0,GRID_TO_PROVIDER,4.0,4.0,SK,ENTSO-E BalancingEnergyBids
20260524005-AFRR_N-UNIT_089-1,2026-05-23,aFRR,NEG_093,-120.21,GRID_TO_PROVIDER,3.0,3.0,SK,ENTSO-E BalancingEnergyBids
20260524005-AFRR_N-UNIT_019-1,2026-05-23,aFRR,NEG_093,-199.0,GRID_TO_PROVIDER,1.0,1.0,SK,ENTSO-E BalancingEnergyBids
20260524005-AFRR_N-UNIT_106-1,2026-05-23,aFRR,NEG_093,-19.0,GRID_TO_PROVIDER,1.0,1.0,SK,ENTSO-E BalancingEnergyBids
20260524005-AFRR_N-UNIT_123-1,2026-05-23,aFRR,NEG_093,-5.0,GRID_TO_PROVIDER,6.0,6.0,SK,ENTSO-E BalancingEnergyBids
20260524006-AFRR_N-UNIT_028-1,2026-05-23,aFRR,NEG_094,-5.0,GRID_TO_PROVIDER,1.0,1.0,SK,ENTSO-E BalancingEnergyBids
20260524006-AFRR_N-UNIT_058-1,2026-05-23,aFRR,NEG_094,-50.0,GRID_TO_PROVIDER,1.0,1.0,SK,ENTSO-E BalancingEnergyBids
20260524006-AFRR_N-UNIT_013-1,2026-05-23,aFRR,NEG_094,-10.0,GRID_TO_PROVIDER,21.0,21.0,SK,ENTSO-E BalancingEnergyBids
20260524006-AFRR_N-UNIT_010-1,2026-05-23,aFRR,NEG_094,-10.0,GRID_TO_PROVIDER,30.0,30.0,SK,ENTSO-E BalancingEnergyBids
20260524006-AFRR_N-UNIT_062-1,2026-05-23,aFRR,NEG_094,-29.0,GRID_TO_PROVIDER,11.0,11.0,SK,ENTSO-E BalancingEnergyBids
20260524006-AFRR_N-UNIT_043-1,2026-05-23,aFRR,NEG_094,10.0,GRID_TO_PROVIDER,3.0,3.0,SK,ENTSO-E BalancingEnergyBids
20260524006-AFRR_N-UNIT_104-1,2026-05-23,aFRR,NEG_094,-5.0,GRID_TO_PROVIDER,4.0,4.0,SK,ENTSO-E BalancingEnergyBids
20260524006-AFRR_N-UNIT_089-1,2026-05-23,aFRR,NEG_094,-120.71,GRID_TO_PROVIDER,3.0,3.0,SK,ENTSO-E BalancingEnergyBids
20260524006-AFRR_N-UNIT_019-1,2026-05-23,aFRR,NEG_094,-199.0,GRID_TO_PROVIDER,1.0,1.0,SK,ENTSO-E BalancingEnergyBids
20260524006-AFRR_N-UNIT_106-1,2026-05-23,aFRR,NEG_094,-19.0,GRID_TO_PROVIDER,1.0,1.0,SK,ENTSO-E BalancingEnergyBids
20260524006-AFRR_N-UNIT_123-1,2026-05-23,aFRR,NEG_094,-5.0,GRID_TO_PROVIDER,6.0,6.0,SK,ENTSO-E BalancingEnergyBids
20260524006-AFRR_P-UNIT_068-1,2026-05-23,aFRR,POS_094,195.0,PROVIDER_TO_GRID,1.0,1.0,SK,ENTSO-E BalancingEnergyBids
20260524006-AFRR_P-UNIT_065-1,2026-05-23,aFRR,POS_094,192.14,PROVIDER_TO_GRID,12.0,12.0,SK,ENTSO-E BalancingEnergyBids
20260524006-AFRR_P-UNIT_052-1,2026-05-23,aFRR,POS_094,140.0,PROVIDER_TO_GRID,31.0,31.0,SK,ENTSO-E BalancingEnergyBids
20260524006-AFRR_P-UNIT_047-1,2026-05-23,aFRR,POS_094,500.0,PROVIDER_TO_GRID,10.0,10.0,SK,ENTSO-E BalancingEnergyBids
20260524006-AFRR_P-UNIT_051-1,2026-05-23,aFRR,POS_094,350.0,PROVIDER_TO_GRID,5.0,5.0,SK,ENTSO-E BalancingEnergyBids
20260524006-AFRR_P-UNIT_069-1,2026-05-23,aFRR,POS_094,134.0,PROVIDER_TO_GRID,15.0,15.0,SK,ENTSO-E BalancingEnergyBids
20260524006-AFRR_P-UNIT_028-1,2026-05-23,aFRR,POS_094,195.0,PROVIDER_TO_GRID,5.0,5.0,SK,ENTSO-E BalancingEnergyBids
20260524006-AFRR_P-UNIT_058-1,2026-05-23,aFRR,POS_094,200.0,PROVIDER_TO_GRID,1.0,1.0,SK,ENTSO-E BalancingEnergyBids
20260524006-AFRR_P-UNIT_008-1,2026-05-23,aFRR,POS_094,192.14,PROVIDER_TO_GRID,10.0,10.0,SK,ENTSO-E BalancingEnergyBids
20260524006-AFRR_P-UNIT_062-1,2026-05-23,aFRR,POS_094,146.0,PROVIDER_TO_GRID,9.0,9.0,SK,ENTSO-E BalancingEnergyBids
20260524006-AFRR_P-UNIT_043-1,2026-05-23,aFRR,POS_094,146.0,PROVIDER_TO_GRID,6.0,6.0,SK,ENTSO-E BalancingEnergyBids
20260524006-AFRR_P-UNIT_063-1,2026-05-23,aFRR,POS_094,110.0,PROVIDER_TO_GRID,9.0,9.0,SK,ENTSO-E BalancingEnergyBids
20260524006-AFRR_P-UNIT_104-1,2026-05-23,aFRR,POS_094,750.0,PROVIDER_TO_GRID,11.0,11.0,SK,ENTSO-E BalancingEnergyBids
20260524006-AFRR_P-UNIT_009-1,2026-05-23,aFRR,POS_094,192.14,PROVIDER_TO_GRID,3.0,3.0,SK,ENTSO-E BalancingEnergyBids
20260524006-AFRR_P-UNIT_019-1,2026-05-23,aFRR,POS_094,264.0,PROVIDER_TO_GRID,1.0,1.0,SK,ENTSO-E BalancingEnergyBids
20260524006-AFRR_P-UNIT_106-1,2026-05-23,aFRR,POS_094,300.0,PROVIDER_TO_GRID,1.0,1.0,SK,ENTSO-E BalancingEnergyBids
20260524006-AFRR_P-UNIT_123-1,2026-05-23,aFRR,POS_094,189.0,PROVIDER_TO_GRID,8.0,8.0,SK,ENTSO-E BalancingEnergyBids
20260524006-AFRR_N-UNIT_068-1,2026-05-23,aFRR,NEG_094,-5.0,GRID_TO_PROVIDER,5.0,5.0,SK,ENTSO-E BalancingEnergyBids
20260524006-AFRR_N-UNIT_005-1,2026-05-23,aFRR,NEG_094,50.0,GRID_TO_PROVIDER,35.0,35.0,SK,ENTSO-E BalancingEnergyBids
20260524006-AFRR_N-UNIT_052-1,2026-05-23,aFRR,NEG_094,-30.0,GRID_TO_PROVIDER,7.0,7.0,SK,ENTSO-E BalancingEnergyBids
20260524006-AFRR_N-UNIT_051-1,2026-05-23,aFRR,NEG_094,-144.0,GRID_TO_PROVIDER,5.0,5.0,SK,ENTSO-E BalancingEnergyBids
20260524006-AFRR_N-UNIT_069-1,2026-05-23,aFRR,NEG_094,-150.0,GRID_TO_PROVIDER,12.0,12.0,SK,ENTSO-E BalancingEnergyBids
20260524007-AFRR_N-UNIT_068-1,2026-05-23,aFRR,NEG_095,-5.0,GRID_TO_PROVIDER,5.0,5.0,SK,ENTSO-E BalancingEnergyBids
20260524007-AFRR_N-UNIT_005-1,2026-05-23,aFRR,NEG_095,50.0,GRID_TO_PROVIDER,35.0,35.0,SK,ENTSO-E BalancingEnergyBids
20260524007-AFRR_N-UNIT_052-1,2026-05-23,aFRR,NEG_095,-30.0,GRID_TO_PROVIDER,7.0,7.0,SK,ENTSO-E BalancingEnergyBids
20260524007-AFRR_N-UNIT_051-1,2026-05-23,aFRR,NEG_095,-144.0,GRID_TO_PROVIDER,5.0,5.0,SK,ENTSO-E BalancingEnergyBids
20260524007-AFRR_N-UNIT_069-1,2026-05-23,aFRR,NEG_095,-150.0,GRID_TO_PROVIDER,12.0,12.0,SK,ENTSO-E BalancingEnergyBids
20260524007-AFRR_N-UNIT_028-1,2026-05-23,aFRR,NEG_095,-5.0,GRID_TO_PROVIDER,1.0,1.0,SK,ENTSO-E BalancingEnergyBids
20260524007-AFRR_N-UNIT_058-1,2026-05-23,aFRR,NEG_095,-50.0,GRID_TO_PROVIDER,1.0,1.0,SK,ENTSO-E BalancingEnergyBids
20260524007-AFRR_N-UNIT_013-1,2026-05-23,aFRR,NEG_095,-10.0,GRID_TO_PROVIDER,21.0,21.0,SK,ENTSO-E BalancingEnergyBids
20260524007-AFRR_N-UNIT_010-1,2026-05-23,aFRR,NEG_095,-10.0,GRID_TO_PROVIDER,30.0,30.0,SK,ENTSO-E BalancingEnergyBids
20260524007-AFRR_N-UNIT_062-1,2026-05-23,aFRR,NEG_095,-29.0,GRID_TO_PROVIDER,11.0,11.0,SK,ENTSO-E BalancingEnergyBids
20260524007-AFRR_N-UNIT_043-1,2026-05-23,aFRR,NEG_095,10.0,GRID_TO_PROVIDER,3.0,3.0,SK,ENTSO-E BalancingEnergyBids
20260524007-AFRR_N-UNIT_104-1,2026-05-23,aFRR,NEG_095,-5.0,GRID_TO_PROVIDER,4.0,4.0,SK,ENTSO-E BalancingEnergyBids
20260524007-AFRR_N-UNIT_089-1,2026-05-23,aFRR,NEG_095,-125.72,GRID_TO_PROVIDER,3.0,3.0,SK,ENTSO-E BalancingEnergyBids
20260524007-AFRR_N-UNIT_019-1,2026-05-23,aFRR,NEG_095,-199.0,GRID_TO_PROVIDER,1.0,1.0,SK,ENTSO-E BalancingEnergyBids
20260524007-AFRR_N-UNIT_106-1,2026-05-23,aFRR,NEG_095,-19.0,GRID_TO_PROVIDER,1.0,1.0,SK,ENTSO-E BalancingEnergyBids
20260524007-AFRR_N-UNIT_123-1,2026-05-23,aFRR,NEG_095,-5.0,GRID_TO_PROVIDER,6.0,6.0,SK,ENTSO-E BalancingEnergyBids
20260524007-AFRR_P-UNIT_068-1,2026-05-23,aFRR,POS_095,187.99,PROVIDER_TO_GRID,1.0,1.0,SK,ENTSO-E BalancingEnergyBids
20260524007-AFRR_P-UNIT_065-1,2026-05-23,aFRR,POS_095,186.13,PROVIDER_TO_GRID,12.0,12.0,SK,ENTSO-E BalancingEnergyBids
20260524007-AFRR_P-UNIT_052-1,2026-05-23,aFRR,POS_095,140.0,PROVIDER_TO_GRID,31.0,31.0,SK,ENTSO-E BalancingEnergyBids
20260524007-AFRR_P-UNIT_047-1,2026-05-23,aFRR,POS_095,500.0,PROVIDER_TO_GRID,10.0,10.0,SK,ENTSO-E BalancingEnergyBids
20260524007-AFRR_P-UNIT_051-1,2026-05-23,aFRR,POS_095,350.0,PROVIDER_TO_GRID,5.0,5.0,SK,ENTSO-E BalancingEnergyBids
20260524007-AFRR_P-UNIT_069-1,2026-05-23,aFRR,POS_095,134.0,PROVIDER_TO_GRID,15.0,15.0,SK,ENTSO-E BalancingEnergyBids
20260524007-AFRR_P-UNIT_028-1,2026-05-23,aFRR,POS_095,187.99,PROVIDER_TO_GRID,5.0,5.0,SK,ENTSO-E BalancingEnergyBids
20260524007-AFRR_P-UNIT_058-1,2026-05-23,aFRR,POS_095,200.0,PROVIDER_TO_GRID,1.0,1.0,SK,ENTSO-E BalancingEnergyBids
20260524007-AFRR_P-UNIT_008-1,2026-05-23,aFRR,POS_095,186.13,PROVIDER_TO_GRID,10.0,10.0,SK,ENTSO-E BalancingEnergyBids
20260524007-AFRR_P-UNIT_062-1,2026-05-23,aFRR,POS_095,141.0,PROVIDER_TO_GRID,9.0,9.0,SK,ENTSO-E BalancingEnergyBids
20260524007-AFRR_P-UNIT_043-1,2026-05-23,aFRR,POS_095,141.0,PROVIDER_TO_GRID,6.0,6.0,SK,ENTSO-E BalancingEnergyBids
20260524007-AFRR_P-UNIT_063-1,2026-05-23,aFRR,POS_095,110.0,PROVIDER_TO_GRID,9.0,9.0,SK,ENTSO-E BalancingEnergyBids
20260524007-AFRR_P-UNIT_104-1,2026-05-23,aFRR,POS_095,750.0,PROVIDER_TO_GRID,11.0,11.0,SK,ENTSO-E BalancingEnergyBids
20260524007-AFRR_P-UNIT_009-1,2026-05-23,aFRR,POS_095,186.13,PROVIDER_TO_GRID,3.0,3.0,SK,ENTSO-E BalancingEnergyBids
20260524007-AFRR_P-UNIT_019-1,2026-05-23,aFRR,POS_095,246.0,PROVIDER_TO_GRID,1.0,1.0,SK,ENTSO-E BalancingEnergyBids
20260524007-AFRR_P-UNIT_106-1,2026-05-23,aFRR,POS_095,300.0,PROVIDER_TO_GRID,1.0,1.0,SK,ENTSO-E BalancingEnergyBids
20260524007-AFRR_P-UNIT_123-1,2026-05-23,aFRR,POS_095,189.0,PROVIDER_TO_GRID,8.0,8.0,SK,ENTSO-E BalancingEnergyBids
20260524008-AFRR_N-UNIT_010-1,2026-05-23,aFRR,NEG_096,-10.0,GRID_TO_PROVIDER,30.0,30.0,SK,ENTSO-E BalancingEnergyBids
20260524008-AFRR_N-UNIT_062-1,2026-05-23,aFRR,NEG_096,-29.0,GRID_TO_PROVIDER,11.0,11.0,SK,ENTSO-E BalancingEnergyBids
20260524008-AFRR_N-UNIT_043-1,2026-05-23,aFRR,NEG_096,10.0,GRID_TO_PROVIDER,3.0,3.0,SK,ENTSO-E BalancingEnergyBids
20260524008-AFRR_N-UNIT_104-1,2026-05-23,aFRR,NEG_096,-5.0,GRID_TO_PROVIDER,4.0,4.0,SK,ENTSO-E BalancingEnergyBids
20260524008-AFRR_N-UNIT_089-1,2026-05-23,aFRR,NEG_096,-127.97,GRID_TO_PROVIDER,3.0,3.0,SK,ENTSO-E BalancingEnergyBids
20260524008-AFRR_N-UNIT_019-1,2026-05-23,aFRR,NEG_096,-199.0,GRID_TO_PROVIDER,1.0,1.0,SK,ENTSO-E BalancingEnergyBids
20260524008-AFRR_N-UNIT_106-1,2026-05-23,aFRR,NEG_096,-19.0,GRID_TO_PROVIDER,1.0,1.0,SK,ENTSO-E BalancingEnergyBids
20260524008-AFRR_N-UNIT_123-1,2026-05-23,aFRR,NEG_096,-5.0,GRID_TO_PROVIDER,6.0,6.0,SK,ENTSO-E BalancingEnergyBids
20260524008-AFRR_P-UNIT_068-1,2026-05-23,aFRR,POS_096,184.84,PROVIDER_TO_GRID,1.0,1.0,SK,ENTSO-E BalancingEnergyBids
20260524008-AFRR_P-UNIT_065-1,2026-05-23,aFRR,POS_096,183.43,PROVIDER_TO_GRID,12.0,12.0,SK,ENTSO-E BalancingEnergyBids
20260524008-AFRR_P-UNIT_052-1,2026-05-23,aFRR,POS_096,140.0,PROVIDER_TO_GRID,31.0,31.0,SK,ENTSO-E BalancingEnergyBids
20260524008-AFRR_P-UNIT_047-1,2026-05-23,aFRR,POS_096,500.0,PROVIDER_TO_GRID,10.0,10.0,SK,ENTSO-E BalancingEnergyBids
20260524008-AFRR_P-UNIT_051-1,2026-05-23,aFRR,POS_096,350.0,PROVIDER_TO_GRID,5.0,5.0,SK,ENTSO-E BalancingEnergyBids
20260524008-AFRR_P-UNIT_069-1,2026-05-23,aFRR,POS_096,134.0,PROVIDER_TO_GRID,15.0,15.0,SK,ENTSO-E BalancingEnergyBids
20260524008-AFRR_P-UNIT_028-1,2026-05-23,aFRR,POS_096,184.84,PROVIDER_TO_GRID,5.0,5.0,SK,ENTSO-E BalancingEnergyBids
20260524008-AFRR_P-UNIT_058-1,2026-05-23,aFRR,POS_096,200.0,PROVIDER_TO_GRID,1.0,1.0,SK,ENTSO-E BalancingEnergyBids
20260524008-AFRR_P-UNIT_008-1,2026-05-23,aFRR,POS_096,183.43,PROVIDER_TO_GRID,10.0,10.0,SK,ENTSO-E BalancingEnergyBids
20260524008-AFRR_P-UNIT_062-1,2026-05-23,aFRR,POS_096,139.0,PROVIDER_TO_GRID,9.0,9.0,SK,ENTSO-E BalancingEnergyBids
20260524008-AFRR_P-UNIT_043-1,2026-05-23,aFRR,POS_096,139.0,PROVIDER_TO_GRID,6.0,6.0,SK,ENTSO-E BalancingEnergyBids
20260524008-AFRR_P-UNIT_063-1,2026-05-23,aFRR,POS_096,110.0,PROVIDER_TO_GRID,9.0,9.0,SK,ENTSO-E BalancingEnergyBids
20260524008-AFRR_P-UNIT_104-1,2026-05-23,aFRR,POS_096,750.0,PROVIDER_TO_GRID,11.0,11.0,SK,ENTSO-E BalancingEnergyBids
20260524008-AFRR_P-UNIT_009-1,2026-05-23,aFRR,POS_096,183.43,PROVIDER_TO_GRID,3.0,3.0,SK,ENTSO-E BalancingEnergyBids
20260524008-AFRR_P-UNIT_019-1,2026-05-23,aFRR,POS_096,259.0,PROVIDER_TO_GRID,1.0,1.0,SK,ENTSO-E BalancingEnergyBids
20260524008-AFRR_P-UNIT_106-1,2026-05-23,aFRR,POS_096,300.0,PROVIDER_TO_GRID,1.0,1.0,SK,ENTSO-E BalancingEnergyBids
20260524008-AFRR_P-UNIT_123-1,2026-05-23,aFRR,POS_096,189.0,PROVIDER_TO_GRID,8.0,8.0,SK,ENTSO-E BalancingEnergyBids
20260524008-AFRR_N-UNIT_068-1,2026-05-23,aFRR,NEG_096,-5.0,GRID_TO_PROVIDER,5.0,5.0,SK,ENTSO-E BalancingEnergyBids
20260524008-AFRR_N-UNIT_005-1,2026-05-23,aFRR,NEG_096,50.0,GRID_TO_PROVIDER,35.0,35.0,SK,ENTSO-E BalancingEnergyBids
20260524008-AFRR_N-UNIT_052-1,2026-05-23,aFRR,NEG_096,-30.0,GRID_TO_PROVIDER,7.0,7.0,SK,ENTSO-E BalancingEnergyBids
20260524008-AFRR_N-UNIT_051-1,2026-05-23,aFRR,NEG_096,-144.0,GRID_TO_PROVIDER,5.0,5.0,SK,ENTSO-E BalancingEnergyBids
20260524008-AFRR_N-UNIT_069-1,2026-05-23,aFRR,NEG_096,-150.0,GRID_TO_PROVIDER,12.0,12.0,SK,ENTSO-E BalancingEnergyBids
20260524008-AFRR_N-UNIT_028-1,2026-05-23,aFRR,NEG_096,-5.0,GRID_TO_PROVIDER,1.0,1.0,SK,ENTSO-E BalancingEnergyBids
20260524008-AFRR_N-UNIT_058-1,2026-05-23,aFRR,NEG_096,-50.0,GRID_TO_PROVIDER,1.0,1.0,SK,ENTSO-E BalancingEnergyBids
20260524008-AFRR_N-UNIT_013-1,2026-05-23,aFRR,NEG_096,-10.0,GRID_TO_PROVIDER,21.0,21.0,SK,ENTSO-E BalancingEnergyBids
