deliveryDay,period,deliveryStart,deliveryEnd,price,priceWeightedAverage,priceAverage,lastPrice,minimalPrice,maximalPrice,successfulVolume,purchaseSuccessfulVolume,saleSuccessfulVolume
2025-03-01,1,2025-02-28T23:00:00Z,2025-03-01T00:00:00Z,122.9,122.9,120.94,118.41,115.69,138.37,23.0,9.1,13.9
2025-03-01,2,2025-03-01T00:00:00Z,2025-03-01T01:00:00Z,122.32,122.32,120.33,119.34,115.47,131.39,40.2,19.3,20.9
2025-03-01,3,2025-03-01T01:00:00Z,2025-03-01T02:00:00Z,116.82,116.82,117.01,125.99,112.76,125.99,29.6,18.5,11.1
2025-03-01,4,2025-03-01T02:00:00Z,2025-03-01T03:00:00Z,111.44,111.44,112.04,113.3,108.5,114.41,27.0,13.4,13.6
2025-03-01,5,2025-03-01T03:00:00Z,2025-03-01T04:00:00Z,112.72,112.72,111.34,115.61,106.77,122.49,33.6,18.4,15.2
2025-03-01,6,2025-03-01T04:00:00Z,2025-03-01T05:00:00Z,115.8,115.8,114.42,116.91,110.55,127.38,36.0,16.9,19.1
2025-03-01,7,2025-03-01T05:00:00Z,2025-03-01T06:00:00Z,121.58,121.58,120.18,118.12,116.02,132.11,56.5,22.1,34.4
2025-03-01,8,2025-03-01T06:00:00Z,2025-03-01T07:00:00Z,136.72,136.72,136.16,138.13,132.0,148.49,54.3,13.5,40.8
2025-03-01,9,2025-03-01T07:00:00Z,2025-03-01T08:00:00Z,138.87,138.87,138.42,137.01,133.1,145.15,100.2,24.8,75.4
2025-03-01,10,2025-03-01T08:00:00Z,2025-03-01T09:00:00Z,136.48,136.48,135.63,130.0,130.0,140.12,153.4,34.7,118.7
2025-03-01,11,2025-03-01T09:00:00Z,2025-03-01T10:00:00Z,120.83,120.83,120.47,125.0,101.0,139.28,175.4,45.9,129.5
2025-03-01,12,2025-03-01T10:00:00Z,2025-03-01T11:00:00Z,109.87,109.87,107.88,100.81,100.81,126.39,190.3,58.3,132.0
2025-03-01,13,2025-03-01T11:00:00Z,2025-03-01T12:00:00Z,99.11,99.11,100.06,75.03,75.03,115.49,122.6,34.0,88.6
2025-03-01,14,2025-03-01T12:00:00Z,2025-03-01T13:00:00Z,97.2,97.2,96.33,98.27,92.81,108.01,142.3,17.8,124.5
2025-03-01,15,2025-03-01T13:00:00Z,2025-03-01T14:00:00Z,98.13,98.13,97.59,95.9,91.7,114.38,102.3,15.0,87.3
2025-03-01,16,2025-03-01T14:00:00Z,2025-03-01T15:00:00Z,88.13,88.13,81.02,65.0,25.02,124.87,33.8,16.9,16.9
2025-03-01,17,2025-03-01T15:00:00Z,2025-03-01T16:00:00Z,117.03,117.03,117.27,119.16,83.49,126.51,124.5,33.2,91.3
2025-03-01,18,2025-03-01T16:00:00Z,2025-03-01T17:00:00Z,114.62,114.62,117.97,100.02,85.0,145.7,158.8,37.4,121.4
2025-03-01,19,2025-03-01T17:00:00Z,2025-03-01T18:00:00Z,133.92,133.92,127.23,127.01,100.01,148.99,124.4,25.5,98.9
2025-03-01,20,2025-03-01T18:00:00Z,2025-03-01T19:00:00Z,138.78,138.78,144.57,165.12,125.0,165.12,149.7,18.8,130.9
2025-03-01,21,2025-03-01T19:00:00Z,2025-03-01T20:00:00Z,129.69,129.69,131.47,145.47,126.0,146.7,102.0,19.8,82.2
2025-03-01,22,2025-03-01T20:00:00Z,2025-03-01T21:00:00Z,123.72,123.72,122.62,140.73,75.0,140.8,201.8,79.3,122.5
2025-03-01,23,2025-03-01T21:00:00Z,2025-03-01T22:00:00Z,124.91,124.91,123.97,118.1,118.1,135.22,14.5,8.7,5.8
2025-03-01,24,2025-03-01T22:00:00Z,2025-03-01T23:00:00Z,115.84,115.84,112.81,111.9,95.21,131.82,34.9,13.7,21.2
2025-03-02,1,2025-03-01T23:00:00Z,2025-03-02T00:00:00Z,127.3,127.3,127.36,131.69,123.2,134.65,71.9,32.3,39.6
2025-03-02,2,2025-03-02T00:00:00Z,2025-03-02T01:00:00Z,112.58,112.58,115.09,90.0,90.0,121.1,49.0,12.0,37.0
2025-03-02,3,2025-03-02T01:00:00Z,2025-03-02T02:00:00Z,105.62,105.62,106.38,102.71,102.3,111.1,79.0,18.0,61.0
2025-03-02,4,2025-03-02T02:00:00Z,2025-03-02T03:00:00Z,101.0,101.0,101.3,108.64,90.99,108.64,74.2,26.2,48.0
2025-03-02,5,2025-03-02T03:00:00Z,2025-03-02T04:00:00Z,95.19,95.19,99.43,97.6,79.5,103.58,84.4,33.2,51.2
2025-03-02,6,2025-03-02T04:00:00Z,2025-03-02T05:00:00Z,104.54,104.54,104.25,117.0,97.06,117.01,50.1,12.0,38.1
2025-03-02,7,2025-03-02T05:00:00Z,2025-03-02T06:00:00Z,108.76,108.76,109.37,112.48,104.7,120.21,60.7,2.0,58.7
2025-03-02,8,2025-03-02T06:00:00Z,2025-03-02T07:00:00Z,116.59,116.59,120.87,114.4,99.01,133.93,57.6,2.0,55.6
2025-03-02,9,2025-03-02T07:00:00Z,2025-03-02T08:00:00Z,107.32,107.32,103.97,100.0,70.0,123.92,83.3,40.2,43.1
2025-03-02,10,2025-03-02T08:00:00Z,2025-03-02T09:00:00Z,93.88,93.88,92.75,79.1,79.1,104.9,76.2,22.0,54.2
2025-03-02,11,2025-03-02T09:00:00Z,2025-03-02T10:00:00Z,62.73,62.73,55.72,25.0,25.0,77.62,205.8,21.1,184.7
2025-03-02,12,2025-03-02T10:00:00Z,2025-03-02T11:00:00Z,23.8,23.8,17.95,13.16,1.46,58.42,130.2,36.4,93.8
2025-03-02,13,2025-03-02T11:00:00Z,2025-03-02T12:00:00Z,6.24,6.24,1.23,0.0,-28.2,33.0,139.0,94.4,44.6
2025-03-02,14,2025-03-02T12:00:00Z,2025-03-02T13:00:00Z,-6.28,-6.28,-13.41,-22.89,-28.39,6.49,82.9,58.5,24.4
2025-03-02,15,2025-03-02T13:00:00Z,2025-03-02T14:00:00Z,0.84,0.84,-3.64,-18.69,-22.75,27.86,249.8,213.3,36.5
2025-03-02,16,2025-03-02T14:00:00Z,2025-03-02T15:00:00Z,-91.13,-91.13,-48.01,-60.01,-199.0,48.0,14.4,7.2,7.2
2025-03-02,17,2025-03-02T15:00:00Z,2025-03-02T16:00:00Z,-86.27,-86.27,-87.25,-100.0,-199.0,10.0,20.4,10.2,10.2
2025-03-02,18,2025-03-02T16:00:00Z,2025-03-02T17:00:00Z,-43.6,-43.6,-69.5,-199.0,-199.0,60.0,10.0,5.0,5.0
2025-03-02,19,2025-03-02T17:00:00Z,2025-03-02T18:00:00Z,-31.6,-31.6,-59.5,-199.0,-199.0,80.0,10.0,5.0,5.0
2025-03-02,20,2025-03-02T18:00:00Z,2025-03-02T19:00:00Z,-31.6,-31.6,-59.5,-199.0,-199.0,80.0,10.0,5.0,5.0
2025-03-02,21,2025-03-02T19:00:00Z,2025-03-02T20:00:00Z,103.15,103.15,84.68,74.5,59.0,122.01,74.0,36.7,37.3
2025-03-02,22,2025-03-02T20:00:00Z,2025-03-02T21:00:00Z,96.81,96.81,89.42,79.0,70.0,117.45,54.5,25.0,29.5
2025-03-02,23,2025-03-02T21:00:00Z,2025-03-02T22:00:00Z,116.1,116.1,111.02,124.67,80.0,124.67,48.3,32.3,16.0
2025-03-02,24,2025-03-02T22:00:00Z,2025-03-02T23:00:00Z,111.01,111.01,106.62,114.2,94.22,114.64,58.7,38.0,20.7
2025-03-03,1,2025-03-02T23:00:00Z,2025-03-03T00:00:00Z,120.94,120.94,120.83,128.88,115.1,128.88,53.4,33.0,20.4
2025-03-03,2,2025-03-03T00:00:00Z,2025-03-03T01:00:00Z,110.82,110.82,112.67,117.0,108.4,119.24,45.2,23.0,22.2
2025-03-03,3,2025-03-03T01:00:00Z,2025-03-03T02:00:00Z,109.34,109.34,107.88,100.0,100.0,116.0,57.1,28.0,29.1
2025-03-03,4,2025-03-03T02:00:00Z,2025-03-03T03:00:00Z,101.82,101.82,103.02,102.1,95.0,106.0,63.1,28.0,35.1
2025-03-03,5,2025-03-03T03:00:00Z,2025-03-03T04:00:00Z,107.62,107.62,107.62,110.02,104.2,119.34,62.5,33.7,28.8
2025-03-03,6,2025-03-03T04:00:00Z,2025-03-03T05:00:00Z,121.9,121.9,120.87,118.61,104.79,131.43,56.5,29.0,27.5
2025-03-03,7,2025-03-03T05:00:00Z,2025-03-03T06:00:00Z,141.32,141.32,140.06,78.31,78.31,151.11,454.7,126.6,328.1
2025-03-03,8,2025-03-03T06:00:00Z,2025-03-03T07:00:00Z,177.36,177.36,176.68,174.0,169.18,187.0,659.4,266.8,392.6
2025-03-03,9,2025-03-03T07:00:00Z,2025-03-03T08:00:00Z,154.04,154.04,149.79,130.0,120.0,194.99,241.4,90.9,150.5
2025-03-03,10,2025-03-03T08:00:00Z,2025-03-03T09:00:00Z,99.58,99.58,97.36,77.4,70.0,119.39,136.7,35.4,101.3
2025-03-03,11,2025-03-03T09:00:00Z,2025-03-03T10:00:00Z,43.76,43.76,42.15,20.0,20.0,65.0,157.3,39.7,117.6
2025-03-03,12,2025-03-03T10:00:00Z,2025-03-03T11:00:00Z,27.89,27.89,26.22,6.71,4.69,75.89,324.3,249.2,75.1
2025-03-03,13,2025-03-03T11:00:00Z,2025-03-03T12:00:00Z,14.09,14.09,12.3,0.0,0.0,72.39,317.9,241.3,76.6
2025-03-03,14,2025-03-03T12:00:00Z,2025-03-03T13:00:00Z,32.39,32.39,25.02,14.0,-0.97,62.88,451.6,286.4,165.2
2025-03-03,15,2025-03-03T13:00:00Z,2025-03-03T14:00:00Z,44.13,44.13,41.38,69.9,31.0,93.11,164.3,40.1,124.2
2025-03-03,16,2025-03-03T14:00:00Z,2025-03-03T15:00:00Z,80.5,80.5,77.88,76.0,61.6,131.29,187.4,65.5,121.9
2025-03-03,17,2025-03-03T15:00:00Z,2025-03-03T16:00:00Z,111.98,111.98,112.34,100.99,99.45,166.22,202.6,122.4,80.2
2025-03-03,18,2025-03-03T16:00:00Z,2025-03-03T17:00:00Z,118.91,118.91,120.74,45.0,45.0,154.32,134.8,67.4,67.4
2025-03-03,19,2025-03-03T17:00:00Z,2025-03-03T18:00:00Z,149.17,149.17,133.62,80.0,80.0,196.44,112.5,56.5,56.0
2025-03-03,20,2025-03-03T18:00:00Z,2025-03-03T19:00:00Z,127.28,127.28,124.85,115.07,90.0,178.23,199.0,99.5,99.5
2025-03-03,21,2025-03-03T19:00:00Z,2025-03-03T20:00:00Z,125.71,125.71,125.15,134.99,80.0,152.4,180.3,90.4,89.9
2025-03-03,22,2025-03-03T20:00:00Z,2025-03-03T21:00:00Z,118.44,118.44,117.96,130.09,85.6,202.55,148.2,85.0,63.2
2025-03-03,23,2025-03-03T21:00:00Z,2025-03-03T22:00:00Z,136.5,136.5,137.88,112.69,112.69,171.0,225.9,108.2,117.7
2025-03-03,24,2025-03-03T22:00:00Z,2025-03-03T23:00:00Z,127.7,127.7,123.92,132.96,110.0,150.0,168.9,78.4,90.5
2025-03-04,1,2025-03-03T23:00:00Z,2025-03-04T00:00:00Z,128.41,128.41,130.8,142.0,125.01,142.0,13.9,0.0,13.9
2025-03-04,2,2025-03-04T00:00:00Z,2025-03-04T01:00:00Z,125.73,125.73,132.72,137.0,117.5,140.0,17.6,4.6,13.0
2025-03-04,3,2025-03-04T01:00:00Z,2025-03-04T02:00:00Z,116.26,116.26,115.3,114.98,107.01,121.1,19.4,11.2,8.2
2025-03-04,4,2025-03-04T02:00:00Z,2025-03-04T03:00:00Z,117.89,117.89,120.75,120.0,109.39,125.06,18.0,11.0,7.0
2025-03-04,5,2025-03-04T03:00:00Z,2025-03-04T04:00:00Z,134.72,134.72,142.76,144.92,127.81,199.96,41.1,40.5,0.6
2025-03-04,6,2025-03-04T04:00:00Z,2025-03-04T05:00:00Z,151.01,151.01,155.61,134.61,134.61,221.32,43.9,43.2,0.7
2025-03-04,7,2025-03-04T05:00:00Z,2025-03-04T06:00:00Z,176.33,176.33,184.24,197.11,150.0,220.43,52.6,33.9,18.7
2025-03-04,8,2025-03-04T06:00:00Z,2025-03-04T07:00:00Z,200.96,200.96,197.01,230.0,175.06,250.01,83.9,24.8,59.1
2025-03-04,9,2025-03-04T07:00:00Z,2025-03-04T08:00:00Z,125.85,125.85,126.08,134.0,109.44,153.29,59.0,32.9,26.1
2025-03-04,10,2025-03-04T08:00:00Z,2025-03-04T09:00:00Z,91.57,91.57,88.78,69.8,69.8,129.32,219.8,104.0,115.8
2025-03-04,11,2025-03-04T09:00:00Z,2025-03-04T10:00:00Z,56.63,56.63,53.92,50.0,28.8,112.34,99.3,51.2,48.1
2025-03-04,12,2025-03-04T10:00:00Z,2025-03-04T11:00:00Z,20.75,20.75,19.98,10.0,10.0,83.23,191.3,130.0,61.3
2025-03-04,13,2025-03-04T11:00:00Z,2025-03-04T12:00:00Z,8.71,8.71,8.22,-12.0,-12.0,50.67,259.6,162.2,97.4
2025-03-04,14,2025-03-04T12:00:00Z,2025-03-04T13:00:00Z,11.73,11.73,12.1,5.48,2.97,44.23,192.1,106.1,86.0
2025-03-04,15,2025-03-04T13:00:00Z,2025-03-04T14:00:00Z,48.89,48.89,48.19,40.0,28.7,86.32,207.6,60.7,146.9
2025-03-04,16,2025-03-04T14:00:00Z,2025-03-04T15:00:00Z,88.19,88.19,89.01,95.8,70.0,132.23,195.6,55.9,139.7
2025-03-04,17,2025-03-04T15:00:00Z,2025-03-04T16:00:00Z,113.55,113.55,110.94,99.02,84.81,208.43,119.6,71.1,48.5
2025-03-04,18,2025-03-04T16:00:00Z,2025-03-04T17:00:00Z,135.39,135.39,135.44,136.98,119.7,144.01,194.6,46.1,148.5
2025-03-04,19,2025-03-04T17:00:00Z,2025-03-04T18:00:00Z,158.55,158.55,158.42,150.0,131.0,182.32,208.8,68.8,140.0
2025-03-04,20,2025-03-04T18:00:00Z,2025-03-04T19:00:00Z,133.75,133.75,135.49,132.0,125.01,155.15,94.7,20.1,74.6
2025-03-04,21,2025-03-04T19:00:00Z,2025-03-04T20:00:00Z,134.68,134.68,138.6,132.0,111.03,187.55,76.4,42.2,34.2
2025-03-04,22,2025-03-04T20:00:00Z,2025-03-04T21:00:00Z,159.07,159.07,164.48,160.2,147.77,199.88,78.9,57.2,21.7
2025-03-04,23,2025-03-04T21:00:00Z,2025-03-04T22:00:00Z,148.57,148.57,151.61,150.0,136.43,180.97,136.1,70.0,66.1
2025-03-04,24,2025-03-04T22:00:00Z,2025-03-04T23:00:00Z,139.87,139.87,141.08,148.34,130.0,153.37,65.7,39.7,26.0
2025-03-05,1,2025-03-04T23:00:00Z,2025-03-05T00:00:00Z,172.84,172.84,172.46,169.0,160.47,183.5,113.1,7.0,106.1
2025-03-05,2,2025-03-05T00:00:00Z,2025-03-05T01:00:00Z,153.91,153.91,154.43,135.6,135.6,162.57,45.0,22.9,22.1
2025-03-05,3,2025-03-05T01:00:00Z,2025-03-05T02:00:00Z,132.75,132.75,134.48,140.0,125.01,143.36,44.0,22.0,22.0
2025-03-05,4,2025-03-05T02:00:00Z,2025-03-05T03:00:00Z,142.09,142.09,139.57,146.0,125.01,146.51,40.7,18.7,22.0
2025-03-05,5,2025-03-05T03:00:00Z,2025-03-05T04:00:00Z,164.8,164.8,170.64,248.73,139.12,248.73,116.3,54.5,61.8
2025-03-05,6,2025-03-05T04:00:00Z,2025-03-05T05:00:00Z,206.01,206.01,210.23,300.0,155.0,304.43,169.3,33.4,135.9
2025-03-05,7,2025-03-05T05:00:00Z,2025-03-05T06:00:00Z,197.03,197.03,199.77,232.0,104.07,236.0,91.8,36.7,55.1
2025-03-05,8,2025-03-05T06:00:00Z,2025-03-05T07:00:00Z,229.4,229.4,242.6,222.2,152.25,370.0,208.2,12.1,196.1
2025-03-05,9,2025-03-05T07:00:00Z,2025-03-05T08:00:00Z,126.0,126.0,125.84,116.54,109.96,149.99,53.5,21.7,31.8
2025-03-05,10,2025-03-05T08:00:00Z,2025-03-05T09:00:00Z,69.72,69.72,69.9,52.01,52.01,96.05,56.0,34.1,21.9
2025-03-05,11,2025-03-05T09:00:00Z,2025-03-05T10:00:00Z,15.68,15.68,16.06,18.2,-2.0,31.77,111.7,45.0,66.7
2025-03-05,12,2025-03-05T10:00:00Z,2025-03-05T11:00:00Z,1.8,1.8,1.19,9.08,-5.0,23.45,132.6,77.9,54.7
2025-03-05,13,2025-03-05T11:00:00Z,2025-03-05T12:00:00Z,3.38,3.38,2.43,70.0,-4.86,70.0,160.9,104.1,56.8
2025-03-05,14,2025-03-05T12:00:00Z,2025-03-05T13:00:00Z,0.34,0.34,0.93,8.93,-5.0,8.93,163.7,113.0,50.7
2025-03-05,15,2025-03-05T13:00:00Z,2025-03-05T14:00:00Z,8.78,8.78,8.27,2.5,2.5,15.11,134.6,69.5,65.1
2025-03-05,16,2025-03-05T14:00:00Z,2025-03-05T15:00:00Z,79.98,79.98,80.97,111.96,50.01,111.96,191.5,107.9,83.6
2025-03-05,17,2025-03-05T15:00:00Z,2025-03-05T16:00:00Z,123.53,123.53,124.08,148.9,78.0,175.56,111.9,66.7,45.2
2025-03-05,18,2025-03-05T16:00:00Z,2025-03-05T17:00:00Z,149.95,149.95,149.27,143.0,122.94,177.7,114.4,55.7,58.7
2025-03-05,19,2025-03-05T17:00:00Z,2025-03-05T18:00:00Z,149.27,149.27,152.64,134.0,110.0,185.0,132.5,35.1,97.4
2025-03-05,20,2025-03-05T18:00:00Z,2025-03-05T19:00:00Z,143.68,143.68,142.88,133.38,125.0,198.44,215.4,24.6,190.8
2025-03-05,21,2025-03-05T19:00:00Z,2025-03-05T20:00:00Z,134.54,134.54,142.96,110.0,110.0,202.32,115.5,46.9,68.6
2025-03-05,22,2025-03-05T20:00:00Z,2025-03-05T21:00:00Z,138.06,138.06,147.27,130.0,62.05,202.18,113.7,66.3,47.4
2025-03-05,23,2025-03-05T21:00:00Z,2025-03-05T22:00:00Z,102.48,102.48,103.34,115.0,90.0,123.0,155.1,91.3,63.8
2025-03-05,24,2025-03-05T22:00:00Z,2025-03-05T23:00:00Z,129.19,129.19,127.38,104.35,104.35,140.01,99.5,66.5,33.0
2025-03-06,1,2025-03-05T23:00:00Z,2025-03-06T00:00:00Z,128.6,128.6,122.89,102.61,95.08,155.0,26.2,13.0,13.2
2025-03-06,2,2025-03-06T00:00:00Z,2025-03-06T01:00:00Z,110.5,110.5,110.42,104.01,101.43,120.0,52.2,18.0,34.2
2025-03-06,3,2025-03-06T01:00:00Z,2025-03-06T02:00:00Z,103.6,103.6,102.72,105.0,89.51,107.87,39.0,19.2,19.8
2025-03-06,4,2025-03-06T02:00:00Z,2025-03-06T03:00:00Z,105.72,105.72,104.38,109.44,97.01,111.0,55.9,18.0,37.9
2025-03-06,5,2025-03-06T03:00:00Z,2025-03-06T04:00:00Z,119.91,119.91,121.15,111.98,111.11,140.22,46.1,9.9,36.2
2025-03-06,6,2025-03-06T04:00:00Z,2025-03-06T05:00:00Z,85.95,85.95,101.23,80.0,80.0,188.29,30.4,16.7,13.7
2025-03-06,7,2025-03-06T05:00:00Z,2025-03-06T06:00:00Z,83.64,83.64,104.32,30.0,30.0,160.0,28.2,14.1,14.1
2025-03-06,8,2025-03-06T06:00:00Z,2025-03-06T07:00:00Z,146.58,146.58,147.85,157.72,141.0,164.21,215.5,19.6,195.9
2025-03-06,9,2025-03-06T07:00:00Z,2025-03-06T08:00:00Z,102.34,102.34,100.79,92.0,79.99,121.22,107.1,46.3,60.8
2025-03-06,10,2025-03-06T08:00:00Z,2025-03-06T09:00:00Z,70.18,70.18,71.07,62.0,60.02,89.23,154.4,66.8,87.6
2025-03-06,11,2025-03-06T09:00:00Z,2025-03-06T10:00:00Z,28.24,28.24,27.72,40.0,3.67,72.16,142.0,71.0,71.0
2025-03-06,12,2025-03-06T10:00:00Z,2025-03-06T11:00:00Z,3.24,3.24,4.65,10.49,-4.52,10.49,135.4,85.2,50.2
2025-03-06,13,2025-03-06T11:00:00Z,2025-03-06T12:00:00Z,1.66,1.66,2.39,6.91,-5.76,74.63,163.1,83.6,79.5
2025-03-06,14,2025-03-06T12:00:00Z,2025-03-06T13:00:00Z,0.72,0.72,0.78,-8.7,-8.99,70.05,107.2,57.9,49.3
2025-03-06,15,2025-03-06T13:00:00Z,2025-03-06T14:00:00Z,14.45,14.45,13.6,15.59,6.92,21.96,138.8,68.4,70.4
2025-03-06,16,2025-03-06T14:00:00Z,2025-03-06T15:00:00Z,69.41,69.41,68.03,35.02,35.02,81.23,67.1,19.2,47.9
2025-03-06,17,2025-03-06T15:00:00Z,2025-03-06T16:00:00Z,107.32,107.32,106.34,94.0,65.0,130.29,342.4,49.2,293.2
2025-03-06,18,2025-03-06T16:00:00Z,2025-03-06T17:00:00Z,131.37,131.37,129.7,100.0,97.99,148.92,261.4,42.2,219.2
2025-03-06,19,2025-03-06T17:00:00Z,2025-03-06T18:00:00Z,103.12,103.12,107.75,99.99,99.99,135.12,90.2,45.1,45.1
2025-03-06,20,2025-03-06T18:00:00Z,2025-03-06T19:00:00Z,98.24,98.24,101.15,85.0,85.0,130.0,26.3,13.1,13.2
2025-03-06,21,2025-03-06T19:00:00Z,2025-03-06T20:00:00Z,94.38,94.38,94.71,80.5,80.0,118.94,27.1,14.5,12.6
2025-03-06,22,2025-03-06T20:00:00Z,2025-03-06T21:00:00Z,91.89,91.89,100.14,61.38,61.38,155.29,39.7,20.7,19.0
2025-03-06,23,2025-03-06T21:00:00Z,2025-03-06T22:00:00Z,82.97,82.97,80.62,60.0,60.0,97.99,23.7,12.1,11.6
2025-03-06,24,2025-03-06T22:00:00Z,2025-03-06T23:00:00Z,104.07,104.07,103.83,119.81,86.09,130.0,92.1,50.8,41.3
2025-03-07,1,2025-03-06T23:00:00Z,2025-03-07T00:00:00Z,91.26,91.26,80.35,89.99,35.51,95.0,37.1,18.2,18.9
2025-03-07,2,2025-03-07T00:00:00Z,2025-03-07T01:00:00Z,93.38,93.38,87.09,98.0,64.97,98.57,35.1,17.0,18.1
2025-03-07,3,2025-03-07T01:00:00Z,2025-03-07T02:00:00Z,121.03,121.03,116.16,124.99,96.95,179.18,71.0,29.9,41.1
2025-03-07,4,2025-03-07T02:00:00Z,2025-03-07T03:00:00Z,101.31,101.31,104.02,81.77,81.77,132.84,40.5,17.2,23.3
2025-03-07,5,2025-03-07T03:00:00Z,2025-03-07T04:00:00Z,119.02,119.02,119.92,97.0,97.0,126.38,73.5,13.6,59.9
2025-03-07,6,2025-03-07T04:00:00Z,2025-03-07T05:00:00Z,138.36,138.36,138.52,130.0,121.34,150.0,70.0,14.6,55.4
2025-03-07,7,2025-03-07T05:00:00Z,2025-03-07T06:00:00Z,209.39,209.39,213.41,530.0,166.22,531.6,131.7,9.1,122.6
2025-03-07,8,2025-03-07T06:00:00Z,2025-03-07T07:00:00Z,186.9,186.9,205.35,204.42,163.01,390.65,121.6,23.2,98.4
2025-03-07,9,2025-03-07T07:00:00Z,2025-03-07T08:00:00Z,193.5,193.5,206.11,196.73,134.29,342.5,84.0,32.9,51.1
2025-03-07,10,2025-03-07T08:00:00Z,2025-03-07T09:00:00Z,83.14,83.14,84.08,89.99,48.41,102.75,209.7,81.0,128.7
2025-03-07,11,2025-03-07T09:00:00Z,2025-03-07T10:00:00Z,56.56,56.56,54.5,30.0,30.0,78.21,133.9,70.0,63.9
2025-03-07,12,2025-03-07T10:00:00Z,2025-03-07T11:00:00Z,29.35,29.35,27.27,7.72,7.16,43.29,196.2,116.3,79.9
2025-03-07,13,2025-03-07T11:00:00Z,2025-03-07T12:00:00Z,20.11,20.11,20.43,33.92,8.01,33.92,264.1,151.3,112.8
2025-03-07,14,2025-03-07T12:00:00Z,2025-03-07T13:00:00Z,14.88,14.88,13.95,11.74,7.58,19.0,122.6,89.1,33.5
2025-03-07,15,2025-03-07T13:00:00Z,2025-03-07T14:00:00Z,54.9,54.9,54.79,60.0,38.21,74.99,143.7,90.4,53.3
2025-03-07,16,2025-03-07T14:00:00Z,2025-03-07T15:00:00Z,93.54,93.54,91.81,99.0,79.51,104.27,72.9,28.7,44.2
2025-03-07,17,2025-03-07T15:00:00Z,2025-03-07T16:00:00Z,153.19,153.19,154.09,150.97,120.0,185.2,98.3,58.9,39.4
2025-03-07,18,2025-03-07T16:00:00Z,2025-03-07T17:00:00Z,143.4,143.4,149.05,115.0,110.02,180.0,117.5,53.8,63.7
2025-03-07,19,2025-03-07T17:00:00Z,2025-03-07T18:00:00Z,182.84,182.84,182.62,120.0,120.0,225.38,138.2,68.6,69.6
2025-03-07,20,2025-03-07T18:00:00Z,2025-03-07T19:00:00Z,148.7,148.7,150.85,100.0,100.0,200.07,127.2,63.6,63.6
2025-03-07,21,2025-03-07T19:00:00Z,2025-03-07T20:00:00Z,141.96,141.96,137.58,115.0,87.99,169.22,130.4,45.1,85.3
2025-03-07,22,2025-03-07T20:00:00Z,2025-03-07T21:00:00Z,135.61,135.61,124.59,100.0,80.0,160.1,138.3,39.8,98.5
2025-03-07,23,2025-03-07T21:00:00Z,2025-03-07T22:00:00Z,137.04,137.04,135.07,135.59,124.7,150.0,184.0,27.1,156.9
2025-03-07,24,2025-03-07T22:00:00Z,2025-03-07T23:00:00Z,121.75,121.75,120.39,118.34,100.06,135.11,123.5,4.6,118.9
2025-03-08,1,2025-03-07T23:00:00Z,2025-03-08T00:00:00Z,120.84,120.84,119.8,116.19,115.4,135.21,19.5,5.5,14.0
2025-03-08,2,2025-03-08T00:00:00Z,2025-03-08T01:00:00Z,115.5,115.5,113.49,109.32,109.32,125.37,14.6,5.5,9.1
2025-03-08,3,2025-03-08T01:00:00Z,2025-03-08T02:00:00Z,112.61,112.61,110.03,106.5,102.73,130.11,29.9,17.0,12.9
2025-03-08,4,2025-03-08T02:00:00Z,2025-03-08T03:00:00Z,111.57,111.57,110.27,109.0,98.51,130.28,29.5,15.5,14.0
2025-03-08,5,2025-03-08T03:00:00Z,2025-03-08T04:00:00Z,111.92,111.92,111.34,107.09,103.0,131.11,49.7,15.7,34.0
2025-03-08,6,2025-03-08T04:00:00Z,2025-03-08T05:00:00Z,114.84,114.84,113.69,114.9,110.0,134.12,63.6,17.8,45.8
2025-03-08,7,2025-03-08T05:00:00Z,2025-03-08T06:00:00Z,124.38,124.38,123.63,133.28,112.72,140.22,47.5,13.0,34.5
2025-03-08,8,2025-03-08T06:00:00Z,2025-03-08T07:00:00Z,118.63,118.63,120.01,119.48,108.6,132.11,59.5,22.9,36.6
2025-03-08,9,2025-03-08T07:00:00Z,2025-03-08T08:00:00Z,95.73,95.73,94.89,90.32,89.52,108.98,52.0,19.5,32.5
2025-03-08,10,2025-03-08T08:00:00Z,2025-03-08T09:00:00Z,60.82,60.82,56.53,53.72,49.0,83.29,69.0,40.5,28.5
2025-03-08,11,2025-03-08T09:00:00Z,2025-03-08T10:00:00Z,8.28,8.28,5.22,2.11,-2.8,22.38,76.0,47.5,28.5
2025-03-08,12,2025-03-08T10:00:00Z,2025-03-08T11:00:00Z,-3.39,-3.39,-2.81,1.6,-8.41,4.54,129.6,95.2,34.4
2025-03-08,13,2025-03-08T11:00:00Z,2025-03-08T12:00:00Z,-6.58,-6.58,-7.57,-0.02,-18.43,2.18,123.6,76.9,46.7
2025-03-08,14,2025-03-08T12:00:00Z,2025-03-08T13:00:00Z,-9.14,-9.14,-10.38,-3.02,-20.16,3.11,107.6,44.9,62.7
2025-03-08,15,2025-03-08T13:00:00Z,2025-03-08T14:00:00Z,-4.34,-4.34,-4.83,-7.64,-7.64,3.19,100.8,64.9,35.9
2025-03-08,16,2025-03-08T14:00:00Z,2025-03-08T15:00:00Z,44.5,44.5,43.88,50.0,29.37,69.21,89.9,45.2,44.7
2025-03-08,17,2025-03-08T15:00:00Z,2025-03-08T16:00:00Z,118.73,118.73,114.61,109.0,98.26,139.82,203.5,61.0,142.5
2025-03-08,18,2025-03-08T16:00:00Z,2025-03-08T17:00:00Z,133.56,133.56,129.72,149.0,104.8,160.14,158.8,60.0,98.8
2025-03-08,19,2025-03-08T17:00:00Z,2025-03-08T18:00:00Z,149.51,149.51,147.92,128.0,128.0,182.19,172.8,68.5,104.3
2025-03-08,20,2025-03-08T18:00:00Z,2025-03-08T19:00:00Z,106.81,106.81,99.58,79.96,78.23,133.28,124.4,38.4,86.0
2025-03-08,21,2025-03-08T19:00:00Z,2025-03-08T20:00:00Z,99.09,99.09,95.21,72.2,72.2,120.36,143.1,36.3,106.8
2025-03-08,22,2025-03-08T20:00:00Z,2025-03-08T21:00:00Z,81.9,81.9,79.39,52.5,52.5,103.28,73.1,25.1,48.0
2025-03-08,23,2025-03-08T21:00:00Z,2025-03-08T22:00:00Z,92.94,92.94,85.95,54.58,54.58,115.86,117.9,17.0,100.9
2025-03-08,24,2025-03-08T22:00:00Z,2025-03-08T23:00:00Z,79.46,79.46,79.28,58.7,56.0,112.18,41.4,16.7,24.7
2025-03-09,1,2025-03-08T23:00:00Z,2025-03-09T00:00:00Z,96.68,96.68,90.74,68.92,68.92,118.29,49.6,19.0,30.6
2025-03-09,2,2025-03-09T00:00:00Z,2025-03-09T01:00:00Z,78.69,78.69,78.66,72.22,67.92,99.87,73.9,19.0,54.9
2025-03-09,3,2025-03-09T01:00:00Z,2025-03-09T02:00:00Z,79.25,79.25,78.92,68.0,68.0,100.32,73.4,19.0,54.4
2025-03-09,4,2025-03-09T02:00:00Z,2025-03-09T03:00:00Z,83.65,83.65,84.41,79.19,77.0,101.12,74.5,21.0,53.5
2025-03-09,5,2025-03-09T03:00:00Z,2025-03-09T04:00:00Z,87.09,87.09,86.03,81.1,80.47,104.67,80.7,19.2,61.5
2025-03-09,6,2025-03-09T04:00:00Z,2025-03-09T05:00:00Z,89.77,89.77,90.43,91.18,82.1,110.0,146.8,24.3,122.5
2025-03-09,7,2025-03-09T05:00:00Z,2025-03-09T06:00:00Z,84.75,84.75,85.46,50.0,50.0,104.93,100.5,19.5,81.0
2025-03-09,8,2025-03-09T06:00:00Z,2025-03-09T07:00:00Z,82.34,82.34,83.04,76.08,72.01,106.19,109.6,24.5,85.1
2025-03-09,9,2025-03-09T07:00:00Z,2025-03-09T08:00:00Z,45.46,45.46,44.14,31.09,24.08,77.21,41.9,33.5,8.4
2025-03-09,10,2025-03-09T08:00:00Z,2025-03-09T09:00:00Z,19.54,19.54,16.73,16.75,5.81,38.11,43.8,27.8,16.0
2025-03-09,11,2025-03-09T09:00:00Z,2025-03-09T10:00:00Z,22.4,22.4,23.88,62.84,1.0,62.84,59.5,25.8,33.7
2025-03-09,12,2025-03-09T10:00:00Z,2025-03-09T11:00:00Z,14.44,14.44,18.52,10.0,-5.39,42.51,92.1,67.6,24.5
2025-03-09,13,2025-03-09T11:00:00Z,2025-03-09T12:00:00Z,3.47,3.47,3.25,5.0,-8.2,25.0,254.5,194.4,60.1
2025-03-09,14,2025-03-09T12:00:00Z,2025-03-09T13:00:00Z,-13.51,-13.51,-13.66,-17.78,-21.98,0.0,194.4,152.7,41.7
2025-03-09,15,2025-03-09T13:00:00Z,2025-03-09T14:00:00Z,-5.04,-5.04,-5.45,-0.01,-13.1,4.28,163.1,140.7,22.4
2025-03-09,16,2025-03-09T14:00:00Z,2025-03-09T15:00:00Z,21.23,21.23,24.26,40.4,14.66,41.78,203.5,172.8,30.7
2025-03-09,17,2025-03-09T15:00:00Z,2025-03-09T16:00:00Z,90.7,90.7,90.28,92.0,84.38,102.11,117.1,102.1,15.0
2025-03-09,18,2025-03-09T16:00:00Z,2025-03-09T17:00:00Z,120.81,120.81,121.09,122.86,109.99,138.21,193.1,132.9,60.2
2025-03-09,19,2025-03-09T17:00:00Z,2025-03-09T18:00:00Z,134.32,134.32,132.74,110.0,110.0,143.29,80.6,36.3,44.3
2025-03-09,20,2025-03-09T18:00:00Z,2025-03-09T19:00:00Z,134.27,134.27,132.39,140.91,113.0,143.5,87.8,38.2,49.6
2025-03-09,21,2025-03-09T19:00:00Z,2025-03-09T20:00:00Z,125.7,125.7,122.67,162.49,97.5,162.49,122.5,44.0,78.5
2025-03-09,22,2025-03-09T20:00:00Z,2025-03-09T21:00:00Z,123.34,123.34,123.12,130.0,115.4,130.0,46.6,32.2,14.4
2025-03-09,23,2025-03-09T21:00:00Z,2025-03-09T22:00:00Z,109.75,109.75,110.22,79.0,79.0,123.19,33.1,18.0,15.1
2025-03-09,24,2025-03-09T22:00:00Z,2025-03-09T23:00:00Z,97.75,97.75,91.33,72.5,62.09,117.28,33.8,21.7,12.1
2025-03-10,1,2025-03-09T23:00:00Z,2025-03-10T00:00:00Z,94.21,94.21,94.35,98.0,80.0,98.0,24.8,7.0,17.8
2025-03-10,2,2025-03-10T00:00:00Z,2025-03-10T01:00:00Z,93.5,93.5,93.43,96.05,86.0,96.05,23.3,7.0,16.3
2025-03-10,3,2025-03-10T01:00:00Z,2025-03-10T02:00:00Z,96.85,96.85,96.12,97.4,94.22,98.0,34.4,7.0,27.4
2025-03-10,4,2025-03-10T02:00:00Z,2025-03-10T03:00:00Z,95.85,95.85,95.64,95.2,92.0,98.0,50.2,7.0,43.2
2025-03-10,5,2025-03-10T03:00:00Z,2025-03-10T04:00:00Z,94.91,94.91,93.53,99.11,91.3,105.32,46.0,7.1,38.9
2025-03-10,6,2025-03-10T04:00:00Z,2025-03-10T05:00:00Z,106.28,106.28,106.41,114.45,102.0,118.92,56.8,7.6,49.2
2025-03-10,7,2025-03-10T05:00:00Z,2025-03-10T06:00:00Z,147.58,147.58,147.4,151.04,140.71,154.51,49.3,5.1,44.2
2025-03-10,8,2025-03-10T06:00:00Z,2025-03-10T07:00:00Z,156.84,156.84,158.12,161.3,151.91,171.9,105.0,16.0,89.0
2025-03-10,9,2025-03-10T07:00:00Z,2025-03-10T08:00:00Z,111.71,111.71,108.13,100.0,100.0,137.19,83.8,13.9,69.9
2025-03-10,10,2025-03-10T08:00:00Z,2025-03-10T09:00:00Z,72.44,72.44,69.24,83.96,55.01,108.22,125.2,39.7,85.5
2025-03-10,11,2025-03-10T09:00:00Z,2025-03-10T10:00:00Z,47.32,47.32,46.39,39.31,32.14,81.23,181.1,66.6,114.5
2025-03-10,12,2025-03-10T10:00:00Z,2025-03-10T11:00:00Z,41.02,41.02,34.74,23.0,4.18,80.22,181.8,77.7,104.1
2025-03-10,13,2025-03-10T11:00:00Z,2025-03-10T12:00:00Z,49.25,49.25,47.55,55.1,24.8,86.29,295.1,151.4,143.7
2025-03-10,14,2025-03-10T12:00:00Z,2025-03-10T13:00:00Z,58.0,58.0,64.32,80.0,40.79,100.0,296.0,137.9,158.1
2025-03-10,15,2025-03-10T13:00:00Z,2025-03-10T14:00:00Z,86.92,86.92,86.21,100.0,75.73,108.92,277.7,139.2,138.5
2025-03-10,16,2025-03-10T14:00:00Z,2025-03-10T15:00:00Z,100.0,100.0,99.98,104.0,93.7,108.28,234.7,120.8,113.9
2025-03-10,17,2025-03-10T15:00:00Z,2025-03-10T16:00:00Z,129.39,129.39,128.84,125.25,124.61,139.11,140.0,98.0,42.0
2025-03-10,18,2025-03-10T16:00:00Z,2025-03-10T17:00:00Z,150.44,150.44,149.36,150.0,140.01,158.12,161.5,60.8,100.7
2025-03-10,19,2025-03-10T17:00:00Z,2025-03-10T18:00:00Z,176.59,176.59,172.06,152.41,140.87,186.21,159.8,68.4,91.4
2025-03-10,20,2025-03-10T18:00:00Z,2025-03-10T19:00:00Z,155.97,155.97,154.45,143.07,141.51,171.11,162.5,68.7,93.8
2025-03-10,21,2025-03-10T19:00:00Z,2025-03-10T20:00:00Z,136.71,136.71,136.35,135.99,133.3,150.17,144.5,49.5,95.0
2025-03-10,22,2025-03-10T20:00:00Z,2025-03-10T21:00:00Z,120.65,120.65,120.13,103.37,103.37,139.28,98.6,34.4,64.2
2025-03-10,23,2025-03-10T21:00:00Z,2025-03-10T22:00:00Z,106.35,106.35,105.48,82.02,82.02,110.18,111.4,32.0,79.4
2025-03-10,24,2025-03-10T22:00:00Z,2025-03-10T23:00:00Z,101.38,101.38,101.7,97.0,96.31,106.67,89.1,18.5,70.6
2025-03-11,1,2025-03-10T23:00:00Z,2025-03-11T00:00:00Z,98.93,98.93,97.61,98.02,71.06,103.24,53.3,3.7,49.6
2025-03-11,2,2025-03-11T00:00:00Z,2025-03-11T01:00:00Z,101.94,101.94,101.72,100.8,96.8,132.85,57.5,5.4,52.1
2025-03-11,3,2025-03-11T01:00:00Z,2025-03-11T02:00:00Z,98.27,98.27,98.15,98.0,96.49,100.1,42.6,10.4,32.2
2025-03-11,4,2025-03-11T02:00:00Z,2025-03-11T03:00:00Z,98.07,98.07,96.88,92.71,92.71,100.95,47.6,10.4,37.2
2025-03-11,5,2025-03-11T03:00:00Z,2025-03-11T04:00:00Z,96.38,96.38,97.89,95.4,83.22,113.28,43.2,7.3,35.9
2025-03-11,6,2025-03-11T04:00:00Z,2025-03-11T05:00:00Z,105.72,105.72,109.17,105.0,87.12,122.89,39.4,7.9,31.5
2025-03-11,7,2025-03-11T05:00:00Z,2025-03-11T06:00:00Z,141.34,141.34,138.95,129.01,129.01,155.29,46.2,5.3,40.9
2025-03-11,8,2025-03-11T06:00:00Z,2025-03-11T07:00:00Z,146.59,146.59,142.5,140.28,133.82,159.14,72.0,21.3,50.7
2025-03-11,9,2025-03-11T07:00:00Z,2025-03-11T08:00:00Z,145.42,145.42,144.04,160.0,133.0,190.25,111.3,58.6,52.7
2025-03-11,10,2025-03-11T08:00:00Z,2025-03-11T09:00:00Z,122.19,122.19,119.84,110.0,100.0,138.14,132.0,72.7,59.3
2025-03-11,11,2025-03-11T09:00:00Z,2025-03-11T10:00:00Z,109.23,109.23,107.45,111.0,95.93,140.0,166.9,94.9,72.0
2025-03-11,12,2025-03-11T10:00:00Z,2025-03-11T11:00:00Z,100.8,100.8,99.74,140.0,91.56,140.0,212.7,138.1,74.6
2025-03-11,13,2025-03-11T11:00:00Z,2025-03-11T12:00:00Z,98.09,98.09,97.49,100.3,73.54,109.75,138.2,107.7,30.5
2025-03-11,14,2025-03-11T12:00:00Z,2025-03-11T13:00:00Z,98.42,98.42,98.37,101.1,88.39,109.0,120.5,88.6,31.9
2025-03-11,15,2025-03-11T13:00:00Z,2025-03-11T14:00:00Z,100.6,100.6,99.98,103.16,94.09,113.98,144.2,89.1,55.1
2025-03-11,16,2025-03-11T14:00:00Z,2025-03-11T15:00:00Z,113.02,113.02,112.62,109.6,104.5,124.29,109.3,72.3,37.0
2025-03-11,17,2025-03-11T15:00:00Z,2025-03-11T16:00:00Z,134.07,134.07,132.78,101.03,101.03,146.29,132.0,54.5,77.5
2025-03-11,18,2025-03-11T16:00:00Z,2025-03-11T17:00:00Z,195.76,195.76,182.9,237.0,156.0,300.0,327.7,87.8,239.9
2025-03-11,19,2025-03-11T17:00:00Z,2025-03-11T18:00:00Z,286.64,286.64,265.99,319.0,170.0,425.0,538.1,193.3,344.8
2025-03-11,20,2025-03-11T18:00:00Z,2025-03-11T19:00:00Z,228.73,228.73,223.25,195.0,160.0,371.47,494.8,184.8,310.0
2025-03-11,21,2025-03-11T19:00:00Z,2025-03-11T20:00:00Z,174.27,174.27,166.58,164.0,135.98,231.33,209.7,46.2,163.5
2025-03-11,22,2025-03-11T20:00:00Z,2025-03-11T21:00:00Z,130.48,130.48,131.5,124.49,120.0,156.08,139.7,35.6,104.1
2025-03-11,23,2025-03-11T21:00:00Z,2025-03-11T22:00:00Z,115.3,115.3,115.81,110.0,110.0,123.36,125.2,31.3,93.9
2025-03-11,24,2025-03-11T22:00:00Z,2025-03-11T23:00:00Z,105.36,105.36,105.89,109.0,101.17,113.99,107.6,17.1,90.5
2025-03-12,1,2025-03-11T23:00:00Z,2025-03-12T00:00:00Z,107.62,107.62,107.67,109.77,91.38,114.96,70.0,14.7,55.3
2025-03-12,2,2025-03-12T00:00:00Z,2025-03-12T01:00:00Z,99.91,99.91,99.6,102.55,90.29,107.0,54.0,20.0,34.0
2025-03-12,3,2025-03-12T01:00:00Z,2025-03-12T02:00:00Z,97.12,97.12,98.76,104.98,88.21,104.98,44.8,20.0,24.8
2025-03-12,4,2025-03-12T02:00:00Z,2025-03-12T03:00:00Z,96.29,96.29,98.1,101.8,87.39,101.86,47.2,20.0,27.2
2025-03-12,5,2025-03-12T03:00:00Z,2025-03-12T04:00:00Z,101.28,101.28,101.86,103.45,93.43,105.0,43.3,8.0,35.3
2025-03-12,6,2025-03-12T04:00:00Z,2025-03-12T05:00:00Z,107.47,107.47,107.3,111.0,102.12,111.05,59.1,20.5,38.6
2025-03-12,7,2025-03-12T05:00:00Z,2025-03-12T06:00:00Z,135.72,135.72,135.44,132.75,130.39,143.6,50.4,10.5,39.9
2025-03-12,8,2025-03-12T06:00:00Z,2025-03-12T07:00:00Z,149.78,149.78,149.77,150.0,144.94,157.7,67.9,21.1,46.8
2025-03-12,9,2025-03-12T07:00:00Z,2025-03-12T08:00:00Z,146.68,146.68,146.96,249.99,132.01,249.99,103.6,52.7,50.9
2025-03-12,10,2025-03-12T08:00:00Z,2025-03-12T09:00:00Z,117.98,117.98,117.48,122.01,80.0,127.32,161.9,91.5,70.4
2025-03-12,11,2025-03-12T09:00:00Z,2025-03-12T10:00:00Z,99.89,99.89,96.21,49.0,35.0,114.93,166.4,56.4,110.0
2025-03-12,12,2025-03-12T10:00:00Z,2025-03-12T11:00:00Z,77.44,77.44,75.07,56.7,51.0,108.01,218.0,119.1,98.9
2025-03-12,13,2025-03-12T11:00:00Z,2025-03-12T12:00:00Z,65.25,65.25,66.45,66.0,45.16,99.0,289.5,135.1,154.4
2025-03-12,14,2025-03-12T12:00:00Z,2025-03-12T13:00:00Z,70.36,70.36,72.15,106.0,54.0,107.19,280.2,105.9,174.3
2025-03-12,15,2025-03-12T13:00:00Z,2025-03-12T14:00:00Z,98.25,98.25,98.08,109.99,87.54,109.99,219.7,58.2,161.5
2025-03-12,16,2025-03-12T14:00:00Z,2025-03-12T15:00:00Z,118.3,118.3,118.8,112.0,108.42,134.0,160.4,38.0,122.4
2025-03-12,17,2025-03-12T15:00:00Z,2025-03-12T16:00:00Z,134.48,134.48,133.44,116.89,109.99,166.56,73.4,23.5,49.9
2025-03-12,18,2025-03-12T16:00:00Z,2025-03-12T17:00:00Z,157.21,157.21,157.06,167.62,143.29,167.62,250.6,53.2,197.4
2025-03-12,19,2025-03-12T17:00:00Z,2025-03-12T18:00:00Z,175.81,175.81,176.93,182.32,150.5,189.98,173.8,74.3,99.5
2025-03-12,20,2025-03-12T18:00:00Z,2025-03-12T19:00:00Z,180.48,180.48,180.21,186.0,169.11,187.06,263.7,63.4,200.3
2025-03-12,21,2025-03-12T19:00:00Z,2025-03-12T20:00:00Z,143.55,143.55,143.76,146.0,136.81,148.0,68.3,23.0,45.3
2025-03-12,22,2025-03-12T20:00:00Z,2025-03-12T21:00:00Z,129.64,129.64,131.16,132.73,122.39,134.83,102.0,37.1,64.9
2025-03-12,23,2025-03-12T21:00:00Z,2025-03-12T22:00:00Z,110.61,110.61,111.48,110.01,103.43,118.88,80.7,35.2,45.5
2025-03-12,24,2025-03-12T22:00:00Z,2025-03-12T23:00:00Z,106.47,106.47,109.24,127.84,100.38,127.84,110.4,35.7,74.7
2025-03-13,1,2025-03-12T23:00:00Z,2025-03-13T00:00:00Z,102.0,102.0,104.18,108.0,95.56,110.99,58.4,14.1,44.3
2025-03-13,2,2025-03-13T00:00:00Z,2025-03-13T01:00:00Z,98.73,98.73,100.11,103.0,86.12,103.25,46.2,6.0,40.2
2025-03-13,3,2025-03-13T01:00:00Z,2025-03-13T02:00:00Z,90.39,90.39,90.85,103.5,74.03,104.6,70.7,26.6,44.1
2025-03-13,4,2025-03-13T02:00:00Z,2025-03-13T03:00:00Z,95.84,95.84,96.7,98.29,78.19,99.7,65.1,5.0,60.1
2025-03-13,5,2025-03-13T03:00:00Z,2025-03-13T04:00:00Z,97.84,97.84,98.71,97.3,84.02,101.33,70.2,5.0,65.2
2025-03-13,6,2025-03-13T04:00:00Z,2025-03-13T05:00:00Z,108.81,108.81,107.95,154.0,95.11,154.0,80.6,11.8,68.8
2025-03-13,7,2025-03-13T05:00:00Z,2025-03-13T06:00:00Z,131.31,131.31,132.9,135.49,123.39,135.5,69.5,12.5,57.0
2025-03-13,8,2025-03-13T06:00:00Z,2025-03-13T07:00:00Z,152.55,152.55,152.84,150.69,150.69,157.71,62.2,21.8,40.4
2025-03-13,9,2025-03-13T07:00:00Z,2025-03-13T08:00:00Z,152.47,152.47,152.48,151.45,145.74,159.21,70.2,38.5,31.7
2025-03-13,10,2025-03-13T08:00:00Z,2025-03-13T09:00:00Z,132.99,132.99,133.27,135.0,120.1,145.28,135.6,80.9,54.7
2025-03-13,11,2025-03-13T09:00:00Z,2025-03-13T10:00:00Z,109.16,109.16,106.01,103.0,98.28,128.1,214.0,124.6,89.4
2025-03-13,12,2025-03-13T10:00:00Z,2025-03-13T11:00:00Z,97.48,97.48,97.01,118.0,80.0,118.02,237.4,128.4,109.0
2025-03-13,13,2025-03-13T11:00:00Z,2025-03-13T12:00:00Z,102.21,102.21,101.59,121.98,85.56,122.03,225.1,113.3,111.8
2025-03-13,14,2025-03-13T12:00:00Z,2025-03-13T13:00:00Z,108.93,108.93,110.13,109.23,95.0,119.8,164.9,91.4,73.5
2025-03-13,15,2025-03-13T13:00:00Z,2025-03-13T14:00:00Z,103.92,103.92,105.8,125.3,87.35,125.3,137.1,74.6,62.5
2025-03-13,16,2025-03-13T14:00:00Z,2025-03-13T15:00:00Z,110.08,110.08,110.09,110.6,98.17,123.0,161.3,49.9,111.4
2025-03-13,17,2025-03-13T15:00:00Z,2025-03-13T16:00:00Z,121.39,121.39,121.68,120.22,112.38,126.28,104.8,23.3,81.5
2025-03-13,18,2025-03-13T16:00:00Z,2025-03-13T17:00:00Z,146.43,146.43,147.12,141.0,132.46,169.65,82.2,15.8,66.4
2025-03-13,19,2025-03-13T17:00:00Z,2025-03-13T18:00:00Z,162.12,162.12,161.61,160.91,155.01,171.0,190.9,37.3,153.6
2025-03-13,20,2025-03-13T18:00:00Z,2025-03-13T19:00:00Z,168.78,168.78,168.59,172.6,158.76,179.26,227.2,59.9,167.3
2025-03-13,21,2025-03-13T19:00:00Z,2025-03-13T20:00:00Z,147.54,147.54,148.24,154.19,137.97,155.0,134.8,46.8,88.0
2025-03-13,22,2025-03-13T20:00:00Z,2025-03-13T21:00:00Z,128.58,128.58,128.93,132.9,125.03,135.0,85.9,13.8,72.1
2025-03-13,23,2025-03-13T21:00:00Z,2025-03-13T22:00:00Z,113.65,113.65,114.82,124.8,108.04,124.81,62.7,8.6,54.1
2025-03-13,24,2025-03-13T22:00:00Z,2025-03-13T23:00:00Z,106.92,106.92,106.12,118.0,99.34,118.0,60.5,8.6,51.9
2025-03-14,1,2025-03-13T23:00:00Z,2025-03-14T00:00:00Z,99.78,99.78,100.83,93.4,89.5,106.94,18.2,7.9,10.3
2025-03-14,2,2025-03-14T00:00:00Z,2025-03-14T01:00:00Z,90.75,90.75,91.31,94.98,81.03,104.47,35.4,6.6,28.8
2025-03-14,3,2025-03-14T01:00:00Z,2025-03-14T02:00:00Z,96.24,96.24,98.1,107.0,88.02,107.0,36.6,6.6,30.0
2025-03-14,4,2025-03-14T02:00:00Z,2025-03-14T03:00:00Z,95.15,95.15,97.41,105.33,92.0,105.33,33.8,10.6,23.2
2025-03-14,5,2025-03-14T03:00:00Z,2025-03-14T04:00:00Z,103.83,103.83,104.99,105.77,95.18,108.24,43.9,6.6,37.3
2025-03-14,6,2025-03-14T04:00:00Z,2025-03-14T05:00:00Z,112.71,112.71,113.2,110.0,105.28,117.28,88.3,16.6,71.7
2025-03-14,7,2025-03-14T05:00:00Z,2025-03-14T06:00:00Z,140.18,140.18,140.76,140.68,133.29,143.88,78.1,21.6,56.5
2025-03-14,8,2025-03-14T06:00:00Z,2025-03-14T07:00:00Z,151.38,151.38,151.11,151.4,144.32,155.67,99.7,26.6,73.1
2025-03-14,9,2025-03-14T07:00:00Z,2025-03-14T08:00:00Z,146.37,146.37,147.73,150.01,137.99,155.04,118.0,34.6,83.4
2025-03-14,10,2025-03-14T08:00:00Z,2025-03-14T09:00:00Z,135.36,135.36,136.84,130.0,128.11,148.57,177.8,56.6,121.2
2025-03-14,11,2025-03-14T09:00:00Z,2025-03-14T10:00:00Z,110.12,110.12,112.41,110.0,99.02,121.25,197.0,58.7,138.3
2025-03-14,12,2025-03-14T10:00:00Z,2025-03-14T11:00:00Z,116.83,116.83,114.43,174.89,101.83,175.0,236.7,98.0,138.7
2025-03-14,13,2025-03-14T11:00:00Z,2025-03-14T12:00:00Z,113.21,113.21,112.37,129.93,98.24,129.98,254.8,124.3,130.5
2025-03-14,14,2025-03-14T12:00:00Z,2025-03-14T13:00:00Z,113.33,113.33,112.97,104.0,99.12,127.96,222.6,100.6,122.0
2025-03-14,15,2025-03-14T13:00:00Z,2025-03-14T14:00:00Z,115.55,115.55,114.99,100.01,100.01,129.98,220.3,115.6,104.7
2025-03-14,16,2025-03-14T14:00:00Z,2025-03-14T15:00:00Z,116.02,116.02,116.67,133.0,100.28,135.0,227.7,97.8,129.9
2025-03-14,17,2025-03-14T15:00:00Z,2025-03-14T16:00:00Z,132.59,132.59,132.89,138.91,116.29,144.99,168.9,71.4,97.5
2025-03-14,18,2025-03-14T16:00:00Z,2025-03-14T17:00:00Z,147.73,147.73,148.09,155.0,134.24,159.98,138.6,40.5,98.1
2025-03-14,19,2025-03-14T17:00:00Z,2025-03-14T18:00:00Z,151.48,151.48,152.28,160.0,143.29,170.0,482.0,129.1,352.9
2025-03-14,20,2025-03-14T18:00:00Z,2025-03-14T19:00:00Z,140.62,140.62,142.85,130.0,130.0,146.99,142.6,61.7,80.9
2025-03-14,21,2025-03-14T19:00:00Z,2025-03-14T20:00:00Z,129.85,129.85,130.07,133.13,121.22,137.0,198.4,38.1,160.3
2025-03-14,22,2025-03-14T20:00:00Z,2025-03-14T21:00:00Z,115.68,115.68,115.93,112.0,101.29,123.9,247.6,30.2,217.4
2025-03-14,23,2025-03-14T21:00:00Z,2025-03-14T22:00:00Z,107.2,107.2,105.09,80.0,80.0,115.4,174.6,46.5,128.1
2025-03-14,24,2025-03-14T22:00:00Z,2025-03-14T23:00:00Z,106.96,106.96,106.58,109.95,94.21,110.12,189.3,54.9,134.4
2025-03-15,1,2025-03-14T23:00:00Z,2025-03-15T00:00:00Z,103.72,103.72,103.54,98.69,98.69,107.02,93.0,32.1,60.9
2025-03-15,2,2025-03-15T00:00:00Z,2025-03-15T01:00:00Z,98.28,98.28,98.45,88.21,88.14,103.07,79.7,24.8,54.9
2025-03-15,3,2025-03-15T01:00:00Z,2025-03-15T02:00:00Z,92.21,92.21,89.88,86.0,80.1,95.31,70.0,12.5,57.5
2025-03-15,4,2025-03-15T02:00:00Z,2025-03-15T03:00:00Z,89.54,89.54,88.19,110.7,76.35,110.7,88.8,11.2,77.6
2025-03-15,5,2025-03-15T03:00:00Z,2025-03-15T04:00:00Z,87.05,87.05,86.91,86.2,76.43,89.8,93.6,15.6,78.0
2025-03-15,6,2025-03-15T04:00:00Z,2025-03-15T05:00:00Z,94.11,94.11,94.33,95.77,80.11,98.1,96.7,17.4,79.3
2025-03-15,7,2025-03-15T05:00:00Z,2025-03-15T06:00:00Z,103.02,103.02,102.61,98.21,87.32,105.71,111.5,16.8,94.7
2025-03-15,8,2025-03-15T06:00:00Z,2025-03-15T07:00:00Z,105.64,105.64,105.02,96.63,90.21,112.49,105.5,20.1,85.4
2025-03-15,9,2025-03-15T07:00:00Z,2025-03-15T08:00:00Z,100.03,100.03,97.92,83.8,83.8,109.17,187.3,77.0,110.3
2025-03-15,10,2025-03-15T08:00:00Z,2025-03-15T09:00:00Z,85.92,85.92,86.7,72.0,72.0,99.26,239.5,108.5,131.0
2025-03-15,11,2025-03-15T09:00:00Z,2025-03-15T10:00:00Z,70.55,70.55,68.89,40.01,40.01,85.79,231.0,96.5,134.5
2025-03-15,12,2025-03-15T10:00:00Z,2025-03-15T11:00:00Z,37.87,37.87,40.55,86.49,17.07,86.49,264.4,117.2,147.2
2025-03-15,13,2025-03-15T11:00:00Z,2025-03-15T12:00:00Z,56.53,56.53,57.0,30.0,30.0,77.0,251.1,136.4,114.7
2025-03-15,14,2025-03-15T12:00:00Z,2025-03-15T13:00:00Z,50.92,50.92,53.15,80.0,33.78,80.0,263.3,133.5,129.8
2025-03-15,15,2025-03-15T13:00:00Z,2025-03-15T14:00:00Z,60.57,60.57,62.62,73.0,41.0,73.0,307.2,180.0,127.2
2025-03-15,16,2025-03-15T14:00:00Z,2025-03-15T15:00:00Z,86.89,86.89,86.58,145.0,70.0,148.01,217.8,129.4,88.4
2025-03-15,17,2025-03-15T15:00:00Z,2025-03-15T16:00:00Z,99.67,99.67,101.35,143.88,85.29,143.88,274.9,159.5,115.4
2025-03-15,18,2025-03-15T16:00:00Z,2025-03-15T17:00:00Z,139.1,139.1,140.97,135.0,123.45,159.9,182.3,82.2,100.1
2025-03-15,19,2025-03-15T17:00:00Z,2025-03-15T18:00:00Z,152.79,152.79,153.53,149.0,135.22,165.0,138.3,44.0,94.3
2025-03-15,20,2025-03-15T18:00:00Z,2025-03-15T19:00:00Z,133.64,133.64,132.47,123.0,122.28,141.0,131.8,12.0,119.8
2025-03-15,21,2025-03-15T19:00:00Z,2025-03-15T20:00:00Z,117.17,117.17,115.4,106.5,103.41,125.25,83.8,17.5,66.3
2025-03-15,22,2025-03-15T20:00:00Z,2025-03-15T21:00:00Z,112.1,112.1,110.99,108.27,99.02,118.78,54.7,7.5,47.2
2025-03-15,23,2025-03-15T21:00:00Z,2025-03-15T22:00:00Z,103.63,103.63,103.24,100.6,95.32,107.61,61.0,12.5,48.5
2025-03-15,24,2025-03-15T22:00:00Z,2025-03-15T23:00:00Z,94.39,94.39,94.05,75.0,75.0,101.53,67.5,18.4,49.1
2025-03-16,1,2025-03-15T23:00:00Z,2025-03-16T00:00:00Z,87.14,87.14,87.53,85.71,80.23,91.51,22.0,8.5,13.5
2025-03-16,2,2025-03-16T00:00:00Z,2025-03-16T01:00:00Z,81.72,81.72,81.4,79.4,75.49,87.3,30.2,16.5,13.7
2025-03-16,3,2025-03-16T01:00:00Z,2025-03-16T02:00:00Z,77.9,77.9,78.14,77.81,70.12,81.8,30.1,14.5,15.6
2025-03-16,4,2025-03-16T02:00:00Z,2025-03-16T03:00:00Z,77.69,77.69,79.04,79.92,68.12,80.7,38.5,10.5,28.0
2025-03-16,5,2025-03-16T03:00:00Z,2025-03-16T04:00:00Z,80.66,80.66,81.07,86.83,68.34,87.43,35.2,11.5,23.7
2025-03-16,6,2025-03-16T04:00:00Z,2025-03-16T05:00:00Z,89.51,89.51,95.45,102.4,70.21,104.63,35.8,12.5,23.3
2025-03-16,7,2025-03-16T05:00:00Z,2025-03-16T06:00:00Z,85.91,85.91,89.27,65.0,65.0,98.06,36.1,18.5,17.6
2025-03-16,8,2025-03-16T06:00:00Z,2025-03-16T07:00:00Z,89.96,89.96,92.7,87.28,72.11,98.1,42.1,16.5,25.6
2025-03-16,9,2025-03-16T07:00:00Z,2025-03-16T08:00:00Z,71.96,71.96,79.73,53.7,53.7,86.31,44.1,6.5,37.6
2025-03-16,10,2025-03-16T08:00:00Z,2025-03-16T09:00:00Z,58.99,58.99,61.84,48.91,48.91,74.52,60.6,21.5,39.1
2025-03-16,11,2025-03-16T09:00:00Z,2025-03-16T10:00:00Z,22.24,22.24,25.08,4.9,4.9,42.45,80.3,27.5,52.8
2025-03-16,12,2025-03-16T10:00:00Z,2025-03-16T11:00:00Z,11.55,11.55,12.05,2.14,2.14,26.26,205.0,101.8,103.2
2025-03-16,13,2025-03-16T11:00:00Z,2025-03-16T12:00:00Z,13.88,13.88,15.33,9.03,0.0,27.32,227.4,90.9,136.5
2025-03-16,14,2025-03-16T12:00:00Z,2025-03-16T13:00:00Z,8.77,8.77,8.47,1.16,0.0,18.93,286.9,163.6,123.3
2025-03-16,15,2025-03-16T13:00:00Z,2025-03-16T14:00:00Z,12.34,12.34,13.44,9.0,0.0,25.37,166.0,84.0,82.0
2025-03-16,16,2025-03-16T14:00:00Z,2025-03-16T15:00:00Z,34.01,34.01,33.72,19.0,19.0,48.22,175.5,84.5,91.0
2025-03-16,17,2025-03-16T15:00:00Z,2025-03-16T16:00:00Z,74.81,74.81,75.61,91.15,63.29,91.15,79.6,48.0,31.6
2025-03-16,18,2025-03-16T16:00:00Z,2025-03-16T17:00:00Z,132.37,132.37,132.0,141.2,109.32,146.14,93.8,23.5,70.3
2025-03-16,19,2025-03-16T17:00:00Z,2025-03-16T18:00:00Z,137.52,137.52,137.07,142.8,121.18,147.8,149.0,26.0,123.0
2025-03-16,20,2025-03-16T18:00:00Z,2025-03-16T19:00:00Z,142.96,142.96,142.96,135.09,130.16,147.88,152.4,19.0,133.4
2025-03-16,21,2025-03-16T19:00:00Z,2025-03-16T20:00:00Z,133.59,133.59,133.92,134.49,115.29,139.15,145.5,20.6,124.9
2025-03-16,22,2025-03-16T20:00:00Z,2025-03-16T21:00:00Z,115.15,115.15,116.66,122.46,99.29,122.46,55.6,24.5,31.1
2025-03-16,23,2025-03-16T21:00:00Z,2025-03-16T22:00:00Z,109.11,109.11,110.48,113.07,91.19,117.0,33.4,8.5,24.9
2025-03-16,24,2025-03-16T22:00:00Z,2025-03-16T23:00:00Z,90.69,90.69,91.96,94.29,71.28,96.3,96.9,59.1,37.8
2025-03-17,1,2025-03-16T23:00:00Z,2025-03-17T00:00:00Z,95.56,95.56,94.94,99.28,85.15,100.0,46.8,37.1,9.7
2025-03-17,2,2025-03-17T00:00:00Z,2025-03-17T01:00:00Z,90.8,90.8,91.23,84.1,83.82,95.0,50.8,36.1,14.7
2025-03-17,3,2025-03-17T01:00:00Z,2025-03-17T02:00:00Z,84.07,84.07,82.58,83.25,70.02,92.79,47.5,39.8,7.7
2025-03-17,4,2025-03-17T02:00:00Z,2025-03-17T03:00:00Z,80.05,80.05,80.29,81.34,77.04,90.79,58.0,46.8,11.2
2025-03-17,5,2025-03-17T03:00:00Z,2025-03-17T04:00:00Z,76.9,76.9,78.39,71.78,70.49,92.98,54.5,48.8,5.7
2025-03-17,6,2025-03-17T04:00:00Z,2025-03-17T05:00:00Z,95.68,95.68,93.12,79.4,79.4,109.3,67.9,63.9,4.0
2025-03-17,7,2025-03-17T05:00:00Z,2025-03-17T06:00:00Z,132.18,132.18,129.94,119.45,116.3,144.91,57.3,39.0,18.3
2025-03-17,8,2025-03-17T06:00:00Z,2025-03-17T07:00:00Z,151.43,151.43,147.22,141.79,135.01,159.0,72.6,55.8,16.8
2025-03-17,9,2025-03-17T07:00:00Z,2025-03-17T08:00:00Z,134.98,134.98,132.63,159.59,119.88,159.59,100.5,77.4,23.1
2025-03-17,10,2025-03-17T08:00:00Z,2025-03-17T09:00:00Z,78.26,78.26,75.29,80.03,53.11,115.0,168.0,132.8,35.2
2025-03-17,11,2025-03-17T09:00:00Z,2025-03-17T10:00:00Z,77.74,77.74,76.83,92.0,58.75,92.0,123.3,111.9,11.4
2025-03-17,12,2025-03-17T10:00:00Z,2025-03-17T11:00:00Z,78.83,78.83,79.48,140.0,63.75,140.0,170.9,149.8,21.1
2025-03-17,13,2025-03-17T11:00:00Z,2025-03-17T12:00:00Z,78.39,78.39,74.46,134.94,60.0,134.94,186.1,163.4,22.7
2025-03-17,14,2025-03-17T12:00:00Z,2025-03-17T13:00:00Z,99.9,99.9,105.9,155.0,42.28,220.0,229.7,145.2,84.5
2025-03-17,15,2025-03-17T13:00:00Z,2025-03-17T14:00:00Z,111.39,111.39,102.81,199.0,50.0,199.0,147.1,86.4,60.7
2025-03-17,16,2025-03-17T14:00:00Z,2025-03-17T15:00:00Z,95.11,95.11,102.79,109.99,71.1,149.0,122.3,82.0,40.3
2025-03-17,17,2025-03-17T15:00:00Z,2025-03-17T16:00:00Z,112.91,112.91,121.63,132.65,85.38,169.49,61.9,38.9,23.0
2025-03-17,18,2025-03-17T16:00:00Z,2025-03-17T17:00:00Z,151.18,151.18,153.21,154.99,140.0,164.36,221.6,105.7,115.9
2025-03-17,19,2025-03-17T17:00:00Z,2025-03-17T18:00:00Z,170.09,170.09,169.92,159.98,155.0,186.0,197.2,93.1,104.1
2025-03-17,20,2025-03-17T18:00:00Z,2025-03-17T19:00:00Z,158.87,158.87,157.24,170.0,140.36,175.0,271.0,133.1,137.9
2025-03-17,21,2025-03-17T19:00:00Z,2025-03-17T20:00:00Z,134.77,134.77,134.59,137.01,125.75,143.73,257.5,127.6,129.9
2025-03-17,22,2025-03-17T20:00:00Z,2025-03-17T21:00:00Z,114.16,114.16,115.06,119.87,98.38,120.0,138.4,104.9,33.5
2025-03-17,23,2025-03-17T21:00:00Z,2025-03-17T22:00:00Z,106.16,106.16,105.49,111.0,85.28,111.41,129.5,78.6,50.9
2025-03-17,24,2025-03-17T22:00:00Z,2025-03-17T23:00:00Z,94.7,94.7,94.83,108.5,68.29,108.5,107.0,78.1,28.9
2025-03-18,1,2025-03-17T23:00:00Z,2025-03-18T00:00:00Z,99.39,99.39,99.53,97.64,97.2,100.59,29.1,29.1,0.0
2025-03-18,2,2025-03-18T00:00:00Z,2025-03-18T01:00:00Z,96.67,96.67,96.23,99.98,93.5,99.98,37.7,27.5,10.2
2025-03-18,3,2025-03-18T01:00:00Z,2025-03-18T02:00:00Z,95.49,95.49,94.64,96.98,92.17,97.01,45.7,35.5,10.2
2025-03-18,4,2025-03-18T02:00:00Z,2025-03-18T03:00:00Z,96.21,96.21,95.4,98.3,92.01,98.3,38.4,28.2,10.2
2025-03-18,5,2025-03-18T03:00:00Z,2025-03-18T04:00:00Z,99.15,99.15,100.08,102.99,94.81,105.06,61.5,36.5,25.0
2025-03-18,6,2025-03-18T04:00:00Z,2025-03-18T05:00:00Z,113.39,113.39,113.54,115.57,110.9,116.49,54.2,29.2,25.0
2025-03-18,7,2025-03-18T05:00:00Z,2025-03-18T06:00:00Z,138.86,138.86,139.69,145.0,135.85,149.1,110.1,43.1,67.0
2025-03-18,8,2025-03-18T06:00:00Z,2025-03-18T07:00:00Z,140.37,140.37,138.51,152.21,134.46,153.6,68.3,20.5,47.8
2025-03-18,9,2025-03-18T07:00:00Z,2025-03-18T08:00:00Z,96.93,96.93,97.32,89.0,83.92,108.0,110.2,28.0,82.2
2025-03-18,10,2025-03-18T08:00:00Z,2025-03-18T09:00:00Z,70.05,70.05,69.83,21.22,20.82,85.0,195.6,69.9,125.7
2025-03-18,11,2025-03-18T09:00:00Z,2025-03-18T10:00:00Z,39.12,39.12,39.26,31.0,24.21,58.99,266.0,78.0,188.0
2025-03-18,12,2025-03-18T10:00:00Z,2025-03-18T11:00:00Z,18.15,18.15,18.5,-15.1,-15.1,26.9,455.8,276.9,178.9
2025-03-18,13,2025-03-18T11:00:00Z,2025-03-18T12:00:00Z,11.36,11.36,10.05,0.9,-4.94,20.0,166.1,55.3,110.8
2025-03-18,14,2025-03-18T12:00:00Z,2025-03-18T13:00:00Z,4.1,4.1,3.25,0.45,-12.98,19.4,174.1,47.5,126.6
2025-03-18,15,2025-03-18T13:00:00Z,2025-03-18T14:00:00Z,10.62,10.62,10.75,16.65,-11.53,59.99,235.6,98.8,136.8
2025-03-18,16,2025-03-18T14:00:00Z,2025-03-18T15:00:00Z,59.71,59.71,57.24,41.97,35.01,101.14,128.4,38.9,89.5
2025-03-18,17,2025-03-18T15:00:00Z,2025-03-18T16:00:00Z,96.3,96.3,94.6,111.39,80.0,111.39,143.9,62.0,81.9
2025-03-18,18,2025-03-18T16:00:00Z,2025-03-18T17:00:00Z,141.32,141.32,141.77,140.24,128.01,155.93,260.7,54.3,206.4
2025-03-18,19,2025-03-18T17:00:00Z,2025-03-18T18:00:00Z,172.86,172.86,171.11,155.6,155.33,193.0,231.6,25.2,206.4
2025-03-18,20,2025-03-18T18:00:00Z,2025-03-18T19:00:00Z,169.91,169.91,169.66,153.75,153.7,188.66,229.4,23.0,206.4
2025-03-18,21,2025-03-18T19:00:00Z,2025-03-18T20:00:00Z,146.76,146.76,145.45,139.0,137.3,154.91,167.7,26.1,141.6
2025-03-18,22,2025-03-18T20:00:00Z,2025-03-18T21:00:00Z,126.15,126.15,125.58,126.62,123.12,131.25,150.7,10.3,140.4
2025-03-18,23,2025-03-18T21:00:00Z,2025-03-18T22:00:00Z,117.22,117.22,117.25,117.66,116.09,118.57,47.7,8.3,39.4
2025-03-18,24,2025-03-18T22:00:00Z,2025-03-18T23:00:00Z,109.49,109.49,110.25,121.99,102.85,121.99,53.2,23.8,29.4
2025-03-19,1,2025-03-18T23:00:00Z,2025-03-19T00:00:00Z,99.77,99.77,100.77,93.56,92.43,110.0,93.8,84.7,9.1
2025-03-19,2,2025-03-19T00:00:00Z,2025-03-19T01:00:00Z,137.51,137.51,106.5,200.0,96.29,200.0,105.7,76.6,29.1
2025-03-19,3,2025-03-19T01:00:00Z,2025-03-19T02:00:00Z,96.9,96.9,97.01,97.3,95.89,102.14,77.3,68.2,9.1
2025-03-19,4,2025-03-19T02:00:00Z,2025-03-19T03:00:00Z,98.19,98.19,98.64,98.24,93.28,101.07,83.4,74.3,9.1
2025-03-19,5,2025-03-19T03:00:00Z,2025-03-19T04:00:00Z,107.63,107.63,106.09,113.0,98.12,113.38,80.5,71.3,9.2
2025-03-19,6,2025-03-19T04:00:00Z,2025-03-19T05:00:00Z,117.76,117.76,118.1,118.3,115.01,125.0,78.1,68.0,10.1
2025-03-19,7,2025-03-19T05:00:00Z,2025-03-19T06:00:00Z,144.63,144.63,148.09,139.88,136.9,164.35,75.8,57.6,18.2
2025-03-19,8,2025-03-19T06:00:00Z,2025-03-19T07:00:00Z,140.97,140.97,141.81,154.39,135.01,155.0,61.2,36.6,24.6
2025-03-19,9,2025-03-19T07:00:00Z,2025-03-19T08:00:00Z,70.16,70.16,70.4,65.76,51.0,102.0,108.3,78.0,30.3
2025-03-19,10,2025-03-19T08:00:00Z,2025-03-19T09:00:00Z,27.72,27.72,24.65,26.0,6.5,42.4,132.2,57.6,74.6
2025-03-19,11,2025-03-19T09:00:00Z,2025-03-19T10:00:00Z,4.75,4.75,4.44,-9.98,-9.98,21.18,106.0,53.2,52.8
2025-03-19,12,2025-03-19T10:00:00Z,2025-03-19T11:00:00Z,-6.75,-6.75,-5.72,-13.19,-15.0,6.01,181.0,107.8,73.2
2025-03-19,13,2025-03-19T11:00:00Z,2025-03-19T12:00:00Z,-12.06,-12.06,-12.95,-22.83,-27.32,0.34,181.6,117.3,64.3
2025-03-19,14,2025-03-19T12:00:00Z,2025-03-19T13:00:00Z,-7.32,-7.32,-8.32,0.0,-14.99,0.89,90.4,41.7,48.7
2025-03-19,15,2025-03-19T13:00:00Z,2025-03-19T14:00:00Z,-2.18,-2.18,-3.28,-5.0,-9.49,2.76,94.0,34.7,59.3
2025-03-19,16,2025-03-19T14:00:00Z,2025-03-19T15:00:00Z,58.23,58.23,58.39,62.87,20.1,68.22,87.9,35.8,52.1
2025-03-19,17,2025-03-19T15:00:00Z,2025-03-19T16:00:00Z,147.2,147.2,150.34,143.0,105.19,195.0,126.8,65.8,61.0
2025-03-19,18,2025-03-19T16:00:00Z,2025-03-19T17:00:00Z,165.45,165.45,162.03,177.14,146.99,194.29,258.7,93.1,165.6
2025-03-19,19,2025-03-19T17:00:00Z,2025-03-19T18:00:00Z,263.17,263.17,261.39,235.3,235.3,284.68,215.8,70.1,145.7
2025-03-19,20,2025-03-19T18:00:00Z,2025-03-19T19:00:00Z,229.0,229.0,223.36,230.1,210.28,249.19,219.2,82.6,136.6
2025-03-19,21,2025-03-19T19:00:00Z,2025-03-19T20:00:00Z,160.1,160.1,160.81,152.74,149.42,182.0,212.2,102.1,110.1
2025-03-19,22,2025-03-19T20:00:00Z,2025-03-19T21:00:00Z,145.56,145.56,141.15,155.0,135.08,155.01,88.4,63.7,24.7
2025-03-19,23,2025-03-19T21:00:00Z,2025-03-19T22:00:00Z,124.25,124.25,124.21,124.13,118.9,134.22,108.6,85.5,23.1
2025-03-19,24,2025-03-19T22:00:00Z,2025-03-19T23:00:00Z,110.67,110.67,112.15,117.25,103.29,120.12,87.0,62.4,24.6
2025-03-20,1,2025-03-19T23:00:00Z,2025-03-20T00:00:00Z,120.48,120.48,120.25,111.81,111.81,132.0,44.3,33.2,11.1
2025-03-20,2,2025-03-20T00:00:00Z,2025-03-20T01:00:00Z,106.77,106.77,106.6,104.63,96.49,115.0,24.9,8.6,16.3
2025-03-20,3,2025-03-20T01:00:00Z,2025-03-20T02:00:00Z,103.37,103.37,102.81,103.61,92.34,112.0,27.5,12.2,15.3
2025-03-20,4,2025-03-20T02:00:00Z,2025-03-20T03:00:00Z,100.51,100.51,102.56,101.7,93.88,106.8,26.2,12.2,14.0
2025-03-20,5,2025-03-20T03:00:00Z,2025-03-20T04:00:00Z,106.22,106.22,107.51,110.0,98.49,110.0,45.7,34.9,10.8
2025-03-20,6,2025-03-20T04:00:00Z,2025-03-20T05:00:00Z,125.64,125.64,125.52,128.98,116.21,129.87,54.3,41.7,12.6
2025-03-20,7,2025-03-20T05:00:00Z,2025-03-20T06:00:00Z,143.1,143.1,143.68,144.8,140.17,151.91,41.5,5.4,36.1
2025-03-20,8,2025-03-20T06:00:00Z,2025-03-20T07:00:00Z,136.34,136.34,138.39,132.4,132.4,145.12,67.8,8.4,59.4
2025-03-20,9,2025-03-20T07:00:00Z,2025-03-20T08:00:00Z,83.94,83.94,85.65,55.03,55.03,99.99,83.3,35.4,47.9
2025-03-20,10,2025-03-20T08:00:00Z,2025-03-20T09:00:00Z,33.95,33.95,32.67,16.0,-5.65,74.11,121.9,67.6,54.3
2025-03-20,11,2025-03-20T09:00:00Z,2025-03-20T10:00:00Z,31.64,31.64,32.99,47.0,16.5,52.99,134.7,45.1,89.6
2025-03-20,12,2025-03-20T10:00:00Z,2025-03-20T11:00:00Z,2.91,2.91,2.85,1.0,-5.0,11.47,231.2,115.1,116.1
2025-03-20,13,2025-03-20T11:00:00Z,2025-03-20T12:00:00Z,8.06,8.06,8.95,0.0,0.0,22.22,197.6,108.3,89.3
2025-03-20,14,2025-03-20T12:00:00Z,2025-03-20T13:00:00Z,19.12,19.12,18.05,6.0,0.01,36.07,307.7,144.3,163.4
2025-03-20,15,2025-03-20T13:00:00Z,2025-03-20T14:00:00Z,32.64,32.64,31.06,35.96,10.21,43.82,191.1,81.2,109.9
2025-03-20,16,2025-03-20T14:00:00Z,2025-03-20T15:00:00Z,77.82,77.82,78.55,77.37,68.14,89.87,74.7,17.0,57.7
2025-03-20,17,2025-03-20T15:00:00Z,2025-03-20T16:00:00Z,114.72,114.72,114.01,106.71,106.03,125.94,130.5,76.1,54.4
2025-03-20,18,2025-03-20T16:00:00Z,2025-03-20T17:00:00Z,161.63,161.63,158.85,130.0,130.0,177.52,281.1,85.5,195.6
2025-03-20,19,2025-03-20T17:00:00Z,2025-03-20T18:00:00Z,315.02,315.02,310.93,225.01,225.01,360.01,402.2,145.2,257.0
2025-03-20,20,2025-03-20T18:00:00Z,2025-03-20T19:00:00Z,282.67,282.67,277.81,200.0,200.0,327.8,375.2,111.4,263.8
2025-03-20,21,2025-03-20T19:00:00Z,2025-03-20T20:00:00Z,171.69,171.69,171.18,169.36,156.0,193.5,220.7,52.1,168.6
2025-03-20,22,2025-03-20T20:00:00Z,2025-03-20T21:00:00Z,138.81,138.81,138.58,125.0,125.0,149.4,95.6,29.6,66.0
2025-03-20,23,2025-03-20T21:00:00Z,2025-03-20T22:00:00Z,132.84,132.84,133.0,149.99,125.29,149.99,111.7,21.4,90.3
2025-03-20,24,2025-03-20T22:00:00Z,2025-03-20T23:00:00Z,123.44,123.44,124.17,115.7,114.29,126.82,91.1,32.4,58.7
2025-03-21,1,2025-03-20T23:00:00Z,2025-03-21T00:00:00Z,115.5,115.5,115.23,111.33,107.51,134.47,67.3,28.3,39.0
2025-03-21,2,2025-03-21T00:00:00Z,2025-03-21T01:00:00Z,106.97,106.97,106.81,103.91,100.0,120.0,76.6,26.9,49.7
2025-03-21,3,2025-03-21T01:00:00Z,2025-03-21T02:00:00Z,106.06,106.06,106.35,105.22,101.71,115.8,57.7,23.1,34.6
2025-03-21,4,2025-03-21T02:00:00Z,2025-03-21T03:00:00Z,105.51,105.51,107.08,111.91,102.14,116.5,70.4,20.1,50.3
2025-03-21,5,2025-03-21T03:00:00Z,2025-03-21T04:00:00Z,115.46,115.46,115.57,108.04,105.29,125.0,76.1,22.1,54.0
2025-03-21,6,2025-03-21T04:00:00Z,2025-03-21T05:00:00Z,127.68,127.68,127.69,130.0,118.01,141.49,84.2,32.1,52.1
2025-03-21,7,2025-03-21T05:00:00Z,2025-03-21T06:00:00Z,147.45,147.45,149.83,139.0,133.7,158.5,57.3,9.3,48.0
2025-03-21,8,2025-03-21T06:00:00Z,2025-03-21T07:00:00Z,135.44,135.44,134.88,120.0,120.0,156.27,56.7,7.0,49.7
2025-03-21,9,2025-03-21T07:00:00Z,2025-03-21T08:00:00Z,91.52,91.52,88.36,70.0,55.0,109.1,57.9,24.3,33.6
2025-03-21,10,2025-03-21T08:00:00Z,2025-03-21T09:00:00Z,63.47,63.47,60.16,57.91,49.51,82.91,70.3,28.0,42.3
2025-03-21,11,2025-03-21T09:00:00Z,2025-03-21T10:00:00Z,38.75,38.75,36.53,20.0,19.9,62.93,122.0,86.5,35.5
2025-03-21,12,2025-03-21T10:00:00Z,2025-03-21T11:00:00Z,7.9,7.9,7.03,5.3,1.01,26.66,107.6,71.0,36.6
2025-03-21,13,2025-03-21T11:00:00Z,2025-03-21T12:00:00Z,2.23,2.23,1.25,-19.31,-19.32,15.54,202.1,173.7,28.4
2025-03-21,14,2025-03-21T12:00:00Z,2025-03-21T13:00:00Z,1.18,1.18,-1.88,-20.0,-20.79,9.9,124.3,80.3,44.0
2025-03-21,15,2025-03-21T13:00:00Z,2025-03-21T14:00:00Z,10.39,10.39,12.54,34.17,1.0,34.17,140.2,69.8,70.4
2025-03-21,16,2025-03-21T14:00:00Z,2025-03-21T15:00:00Z,66.06,66.06,66.8,62.49,55.28,88.0,92.4,44.0,48.4
2025-03-21,17,2025-03-21T15:00:00Z,2025-03-21T16:00:00Z,121.66,121.66,120.63,122.35,96.48,132.92,138.2,66.9,71.3
2025-03-21,18,2025-03-21T16:00:00Z,2025-03-21T17:00:00Z,156.76,156.76,154.73,150.0,135.0,197.72,188.8,89.9,98.9
2025-03-21,19,2025-03-21T17:00:00Z,2025-03-21T18:00:00Z,216.26,216.26,218.34,216.0,185.1,239.18,249.5,107.4,142.1
2025-03-21,20,2025-03-21T18:00:00Z,2025-03-21T19:00:00Z,164.72,164.72,165.47,150.0,140.01,200.18,352.6,135.4,217.2
2025-03-21,21,2025-03-21T19:00:00Z,2025-03-21T20:00:00Z,148.21,148.21,148.07,173.46,131.01,174.34,319.8,99.2,220.6
2025-03-21,22,2025-03-21T20:00:00Z,2025-03-21T21:00:00Z,128.52,128.52,129.26,104.0,85.27,160.28,251.9,76.3,175.6
2025-03-21,23,2025-03-21T21:00:00Z,2025-03-21T22:00:00Z,133.82,133.82,131.4,139.79,110.52,170.0,135.1,43.9,91.2
2025-03-21,24,2025-03-21T22:00:00Z,2025-03-21T23:00:00Z,118.87,118.87,119.01,115.1,104.48,155.18,94.8,36.3,58.5
2025-03-22,1,2025-03-21T23:00:00Z,2025-03-22T00:00:00Z,86.99,86.99,88.63,85.0,84.5,96.38,35.0,17.5,17.5
2025-03-22,2,2025-03-22T00:00:00Z,2025-03-22T01:00:00Z,83.63,83.63,83.96,66.0,66.0,92.13,58.8,25.3,33.5
2025-03-22,3,2025-03-22T01:00:00Z,2025-03-22T02:00:00Z,84.6,84.6,84.37,94.9,69.21,99.0,66.6,32.5,34.1
2025-03-22,4,2025-03-22T02:00:00Z,2025-03-22T03:00:00Z,77.78,77.78,74.39,75.03,60.88,91.16,50.3,36.5,13.8
2025-03-22,5,2025-03-22T03:00:00Z,2025-03-22T04:00:00Z,94.39,94.39,96.09,122.3,75.01,122.3,89.4,55.4,34.0
2025-03-22,6,2025-03-22T04:00:00Z,2025-03-22T05:00:00Z,93.73,93.73,94.4,82.41,75.0,101.14,75.0,41.5,33.5
2025-03-22,7,2025-03-22T05:00:00Z,2025-03-22T06:00:00Z,76.72,76.72,76.5,65.0,64.04,87.61,29.4,15.5,13.9
2025-03-22,8,2025-03-22T06:00:00Z,2025-03-22T07:00:00Z,67.44,67.44,70.35,70.01,60.29,76.49,19.2,7.5,11.7
2025-03-22,9,2025-03-22T07:00:00Z,2025-03-22T08:00:00Z,59.42,59.42,59.5,50.01,48.29,68.69,31.7,10.5,21.2
2025-03-22,10,2025-03-22T08:00:00Z,2025-03-22T09:00:00Z,41.0,41.0,44.49,11.0,11.0,60.0,144.3,91.5,52.8
2025-03-22,11,2025-03-22T09:00:00Z,2025-03-22T10:00:00Z,18.98,18.98,18.82,18.01,11.29,22.02,214.9,152.5,62.4
2025-03-22,12,2025-03-22T10:00:00Z,2025-03-22T11:00:00Z,12.69,12.69,11.03,-12.48,-12.48,21.55,192.3,157.0,35.3
2025-03-22,13,2025-03-22T11:00:00Z,2025-03-22T12:00:00Z,33.52,33.52,28.32,0.0,-5.0,59.15,222.0,161.5,60.5
2025-03-22,14,2025-03-22T12:00:00Z,2025-03-22T13:00:00Z,27.43,27.43,23.42,32.01,1.01,64.58,209.6,85.7,123.9
2025-03-22,15,2025-03-22T13:00:00Z,2025-03-22T14:00:00Z,54.73,54.73,57.01,74.0,41.53,74.89,165.5,54.8,110.7
2025-03-22,16,2025-03-22T14:00:00Z,2025-03-22T15:00:00Z,83.84,83.84,83.56,98.99,75.39,98.99,181.9,86.8,95.1
2025-03-22,17,2025-03-22T15:00:00Z,2025-03-22T16:00:00Z,111.61,111.61,109.82,99.0,61.03,135.39,116.7,65.8,50.9
2025-03-22,18,2025-03-22T16:00:00Z,2025-03-22T17:00:00Z,109.09,109.09,118.14,130.0,78.0,161.0,82.4,56.5,25.9
2025-03-22,19,2025-03-22T17:00:00Z,2025-03-22T18:00:00Z,146.12,146.12,153.07,210.05,126.12,216.12,201.5,62.5,139.0
2025-03-22,20,2025-03-22T18:00:00Z,2025-03-22T19:00:00Z,137.44,137.44,136.17,163.47,108.13,163.47,263.2,114.0,149.2
2025-03-22,21,2025-03-22T19:00:00Z,2025-03-22T20:00:00Z,115.62,115.62,118.31,129.03,104.93,131.19,41.4,37.5,3.9
2025-03-22,22,2025-03-22T20:00:00Z,2025-03-22T21:00:00Z,77.65,77.65,78.19,83.68,60.5,98.69,107.4,78.0,29.4
2025-03-22,23,2025-03-22T21:00:00Z,2025-03-22T22:00:00Z,74.85,74.85,75.36,78.37,68.92,79.13,73.3,48.5,24.8
2025-03-22,24,2025-03-22T22:00:00Z,2025-03-22T23:00:00Z,56.55,56.55,54.05,47.0,46.99,60.02,60.2,37.0,23.2
2025-03-23,1,2025-03-22T23:00:00Z,2025-03-23T00:00:00Z,40.57,40.57,40.2,41.37,23.18,48.8,43.5,16.2,27.3
2025-03-23,2,2025-03-23T00:00:00Z,2025-03-23T01:00:00Z,28.72,28.72,30.54,30.0,25.0,35.25,34.2,11.5,22.7
2025-03-23,3,2025-03-23T01:00:00Z,2025-03-23T02:00:00Z,37.29,37.29,37.8,36.45,33.29,41.0,20.0,10.5,9.5
2025-03-23,4,2025-03-23T02:00:00Z,2025-03-23T03:00:00Z,30.51,30.51,31.1,15.0,14.99,40.65,50.2,14.0,36.2
2025-03-23,5,2025-03-23T03:00:00Z,2025-03-23T04:00:00Z,32.62,32.62,29.36,16.13,16.13,41.0,49.1,10.5,38.6
2025-03-23,6,2025-03-23T04:00:00Z,2025-03-23T05:00:00Z,32.38,32.38,30.09,9.99,9.99,41.0,67.8,15.4,52.4
2025-03-23,7,2025-03-23T05:00:00Z,2025-03-23T06:00:00Z,37.15,37.15,35.15,11.35,11.35,44.0,58.9,5.5,53.4
2025-03-23,8,2025-03-23T06:00:00Z,2025-03-23T07:00:00Z,33.56,33.56,27.27,55.0,2.0,55.0,96.8,25.5,71.3
2025-03-23,9,2025-03-23T07:00:00Z,2025-03-23T08:00:00Z,20.1,20.1,18.19,20.49,5.0,38.11,121.8,58.1,63.7
2025-03-23,10,2025-03-23T08:00:00Z,2025-03-23T09:00:00Z,33.2,33.2,33.94,54.29,14.18,54.29,134.7,72.2,62.5
2025-03-23,11,2025-03-23T09:00:00Z,2025-03-23T10:00:00Z,27.39,27.39,26.64,60.29,9.22,75.0,225.3,165.8,59.5
2025-03-23,12,2025-03-23T10:00:00Z,2025-03-23T11:00:00Z,32.67,32.67,33.53,38.0,5.16,87.95,274.1,186.3,87.8
2025-03-23,13,2025-03-23T11:00:00Z,2025-03-23T12:00:00Z,24.9,24.9,23.75,39.47,8.14,49.99,396.1,287.8,108.3
2025-03-23,14,2025-03-23T12:00:00Z,2025-03-23T13:00:00Z,23.29,23.29,21.67,28.0,3.22,35.8,329.1,195.0,134.1
2025-03-23,15,2025-03-23T13:00:00Z,2025-03-23T14:00:00Z,28.49,28.49,28.47,60.0,7.21,60.01,275.2,191.6,83.6
2025-03-23,16,2025-03-23T14:00:00Z,2025-03-23T15:00:00Z,53.45,53.45,56.32,72.0,33.89,72.0,122.5,78.4,44.1
2025-03-23,17,2025-03-23T15:00:00Z,2025-03-23T16:00:00Z,97.16,97.16,98.18,121.39,77.29,121.39,245.4,138.0,107.4
2025-03-23,18,2025-03-23T16:00:00Z,2025-03-23T17:00:00Z,128.29,128.29,128.9,121.59,118.99,135.2,121.9,72.6,49.3
2025-03-23,19,2025-03-23T17:00:00Z,2025-03-23T18:00:00Z,141.35,141.35,143.17,144.1,133.28,150.1,120.8,66.2,54.6
2025-03-23,20,2025-03-23T18:00:00Z,2025-03-23T19:00:00Z,143.35,143.35,143.44,144.61,133.28,148.3,133.5,72.5,61.0
2025-03-23,21,2025-03-23T19:00:00Z,2025-03-23T20:00:00Z,144.79,144.79,146.29,132.19,132.19,159.3,168.9,118.2,50.7
2025-03-23,22,2025-03-23T20:00:00Z,2025-03-23T21:00:00Z,134.82,134.82,135.37,124.86,123.98,151.99,172.6,116.1,56.5
2025-03-23,23,2025-03-23T21:00:00Z,2025-03-23T22:00:00Z,128.7,128.7,130.49,127.0,89.4,141.29,186.6,102.6,84.0
2025-03-23,24,2025-03-23T22:00:00Z,2025-03-23T23:00:00Z,115.08,115.08,116.23,118.7,104.39,122.03,171.0,94.5,76.5
2025-03-24,1,2025-03-23T23:00:00Z,2025-03-24T00:00:00Z,109.3,109.3,109.5,119.84,50.0,119.84,88.3,42.5,45.8
2025-03-24,2,2025-03-24T00:00:00Z,2025-03-24T01:00:00Z,110.47,110.47,111.74,117.0,97.99,117.06,103.3,35.7,67.6
2025-03-24,3,2025-03-24T01:00:00Z,2025-03-24T02:00:00Z,104.34,104.34,107.2,111.88,92.38,112.63,64.3,11.2,53.1
2025-03-24,4,2025-03-24T02:00:00Z,2025-03-24T03:00:00Z,102.17,102.17,103.71,111.39,89.16,111.83,106.5,30.9,75.6
2025-03-24,5,2025-03-24T03:00:00Z,2025-03-24T04:00:00Z,105.34,105.34,106.14,108.2,93.21,109.5,80.2,13.5,66.7
2025-03-24,6,2025-03-24T04:00:00Z,2025-03-24T05:00:00Z,118.68,118.68,118.8,119.99,110.28,121.37,88.0,16.9,71.1
2025-03-24,7,2025-03-24T05:00:00Z,2025-03-24T06:00:00Z,152.05,152.05,151.61,155.13,133.29,157.8,96.2,10.5,85.7
2025-03-24,8,2025-03-24T06:00:00Z,2025-03-24T07:00:00Z,165.24,165.24,165.61,151.0,149.89,178.0,103.2,35.7,67.5
2025-03-24,9,2025-03-24T07:00:00Z,2025-03-24T08:00:00Z,161.36,161.36,161.2,159.98,152.31,174.0,95.4,63.5,31.9
2025-03-24,10,2025-03-24T08:00:00Z,2025-03-24T09:00:00Z,144.66,144.66,144.45,120.0,120.0,153.99,100.1,56.7,43.4
2025-03-24,11,2025-03-24T09:00:00Z,2025-03-24T10:00:00Z,129.71,129.71,131.55,115.0,102.18,145.89,127.2,29.7,97.5
2025-03-24,12,2025-03-24T10:00:00Z,2025-03-24T11:00:00Z,118.27,118.27,119.0,104.0,99.39,126.99,224.1,58.4,165.7
2025-03-24,13,2025-03-24T11:00:00Z,2025-03-24T12:00:00Z,107.0,107.0,106.62,135.0,75.02,135.0,196.9,110.8,86.1
2025-03-24,14,2025-03-24T12:00:00Z,2025-03-24T13:00:00Z,109.57,109.57,109.62,140.0,80.0,140.0,206.1,142.4,63.7
2025-03-24,15,2025-03-24T13:00:00Z,2025-03-24T14:00:00Z,124.94,124.94,124.48,140.0,95.0,140.0,198.2,163.4,34.8
2025-03-24,16,2025-03-24T14:00:00Z,2025-03-24T15:00:00Z,116.38,116.38,115.2,105.0,98.71,127.65,204.1,145.0,59.1
2025-03-24,17,2025-03-24T15:00:00Z,2025-03-24T16:00:00Z,132.83,132.83,132.34,140.2,125.39,140.99,95.4,46.0,49.4
2025-03-24,18,2025-03-24T16:00:00Z,2025-03-24T17:00:00Z,161.62,161.62,161.22,155.01,146.89,173.25,145.9,35.6,110.3
2025-03-24,19,2025-03-24T17:00:00Z,2025-03-24T18:00:00Z,217.63,217.63,217.78,214.36,200.0,234.0,173.0,36.5,136.5
2025-03-24,20,2025-03-24T18:00:00Z,2025-03-24T19:00:00Z,216.0,216.0,218.51,205.12,184.32,246.0,195.1,58.2,136.9
2025-03-24,21,2025-03-24T19:00:00Z,2025-03-24T20:00:00Z,177.02,177.02,178.05,185.73,150.9,198.4,197.6,67.1,130.5
2025-03-24,22,2025-03-24T20:00:00Z,2025-03-24T21:00:00Z,134.8,134.8,134.65,140.81,110.0,150.8,155.0,20.7,134.3
2025-03-24,23,2025-03-24T21:00:00Z,2025-03-24T22:00:00Z,121.31,121.31,121.08,124.8,116.91,126.59,123.2,23.4,99.8
2025-03-24,24,2025-03-24T22:00:00Z,2025-03-24T23:00:00Z,106.78,106.78,106.81,94.8,90.0,112.0,123.7,28.1,95.6
2025-03-25,1,2025-03-24T23:00:00Z,2025-03-25T00:00:00Z,105.29,105.29,106.68,108.6,94.39,109.92,49.9,7.4,42.5
2025-03-25,2,2025-03-25T00:00:00Z,2025-03-25T01:00:00Z,101.98,101.98,102.4,104.09,93.45,104.16,67.3,6.3,61.0
2025-03-25,3,2025-03-25T01:00:00Z,2025-03-25T02:00:00Z,95.46,95.46,95.79,92.0,91.18,102.03,69.5,3.6,65.9
2025-03-25,4,2025-03-25T02:00:00Z,2025-03-25T03:00:00Z,96.03,96.03,95.85,95.01,92.3,99.21,80.8,3.5,77.3
2025-03-25,5,2025-03-25T03:00:00Z,2025-03-25T04:00:00Z,95.37,95.37,95.21,92.15,91.88,98.91,83.1,3.5,79.6
2025-03-25,6,2025-03-25T04:00:00Z,2025-03-25T05:00:00Z,101.91,101.91,102.04,97.01,96.68,108.91,78.0,9.0,69.0
2025-03-25,7,2025-03-25T05:00:00Z,2025-03-25T06:00:00Z,125.01,125.01,125.48,122.79,122.29,132.0,62.7,3.5,59.2
2025-03-25,8,2025-03-25T06:00:00Z,2025-03-25T07:00:00Z,125.86,125.86,125.45,120.47,120.31,138.0,80.7,5.0,75.7
2025-03-25,9,2025-03-25T07:00:00Z,2025-03-25T08:00:00Z,117.8,117.8,115.47,108.83,108.0,136.32,52.2,14.0,38.2
2025-03-25,10,2025-03-25T08:00:00Z,2025-03-25T09:00:00Z,97.74,97.74,97.47,94.14,93.03,119.34,129.1,23.2,105.9
2025-03-25,11,2025-03-25T09:00:00Z,2025-03-25T10:00:00Z,82.55,82.55,83.69,64.93,64.93,110.6,219.4,68.2,151.2
2025-03-25,12,2025-03-25T10:00:00Z,2025-03-25T11:00:00Z,76.78,76.78,75.55,79.0,58.0,99.8,360.4,183.3,177.1
2025-03-25,13,2025-03-25T11:00:00Z,2025-03-25T12:00:00Z,71.86,71.86,69.49,68.11,44.89,99.98,311.0,127.1,183.9
2025-03-25,14,2025-03-25T12:00:00Z,2025-03-25T13:00:00Z,60.3,60.3,63.99,100.0,40.0,100.0,283.2,115.0,168.2
2025-03-25,15,2025-03-25T13:00:00Z,2025-03-25T14:00:00Z,71.45,71.45,70.39,75.1,50.43,104.95,502.7,270.4,232.3
2025-03-25,16,2025-03-25T14:00:00Z,2025-03-25T15:00:00Z,92.63,92.63,91.44,80.0,66.13,121.29,249.7,94.2,155.5
2025-03-25,17,2025-03-25T15:00:00Z,2025-03-25T16:00:00Z,117.22,117.22,119.22,106.21,100.72,142.6,410.3,191.4,218.9
2025-03-25,18,2025-03-25T16:00:00Z,2025-03-25T17:00:00Z,146.14,146.14,145.71,146.0,135.03,169.1,152.2,61.0,91.2
2025-03-25,19,2025-03-25T17:00:00Z,2025-03-25T18:00:00Z,182.78,182.78,182.51,174.0,164.42,204.58,199.4,56.5,142.9
2025-03-25,20,2025-03-25T18:00:00Z,2025-03-25T19:00:00Z,170.12,170.12,169.92,159.35,157.01,180.0,173.6,53.5,120.1
2025-03-25,21,2025-03-25T19:00:00Z,2025-03-25T20:00:00Z,143.99,143.99,143.77,132.99,132.27,158.0,220.2,84.5,135.7
2025-03-25,22,2025-03-25T20:00:00Z,2025-03-25T21:00:00Z,133.39,133.39,130.73,138.99,110.98,144.82,156.5,65.6,90.9
2025-03-25,23,2025-03-25T21:00:00Z,2025-03-25T22:00:00Z,120.89,120.89,117.98,140.0,110.77,140.0,168.3,58.9,109.4
2025-03-25,24,2025-03-25T22:00:00Z,2025-03-25T23:00:00Z,101.51,101.51,101.67,100.0,93.18,104.97,106.2,31.0,75.2
2025-03-26,1,2025-03-25T23:00:00Z,2025-03-26T00:00:00Z,102.52,102.52,101.99,101.0,98.9,111.0,122.9,48.3,74.6
2025-03-26,2,2025-03-26T00:00:00Z,2025-03-26T01:00:00Z,98.61,98.61,98.83,98.71,95.11,101.0,80.2,23.0,57.2
2025-03-26,3,2025-03-26T01:00:00Z,2025-03-26T02:00:00Z,97.89,97.89,98.27,99.7,96.13,100.52,78.4,45.0,33.4
2025-03-26,4,2025-03-26T02:00:00Z,2025-03-26T03:00:00Z,100.08,100.08,100.0,98.45,98.45,102.5,169.4,41.0,128.4
2025-03-26,5,2025-03-26T03:00:00Z,2025-03-26T04:00:00Z,98.65,98.65,93.94,1.0,1.0,103.0,77.2,49.1,28.1
2025-03-26,6,2025-03-26T04:00:00Z,2025-03-26T05:00:00Z,109.43,109.43,106.56,103.0,100.48,113.5,89.9,56.2,33.7
2025-03-26,7,2025-03-26T05:00:00Z,2025-03-26T06:00:00Z,132.94,132.94,130.59,125.01,124.38,138.0,79.2,50.6,28.6
2025-03-26,8,2025-03-26T06:00:00Z,2025-03-26T07:00:00Z,134.75,134.75,131.79,125.21,125.21,152.64,96.3,57.8,38.5
2025-03-26,9,2025-03-26T07:00:00Z,2025-03-26T08:00:00Z,138.21,138.21,130.2,140.0,121.1,169.77,188.7,110.4,78.3
2025-03-26,10,2025-03-26T08:00:00Z,2025-03-26T09:00:00Z,109.86,109.86,109.35,111.0,89.4,118.0,193.3,125.5,67.8
2025-03-26,11,2025-03-26T09:00:00Z,2025-03-26T10:00:00Z,104.28,104.28,106.22,149.98,90.01,149.98,233.1,143.2,89.9
2025-03-26,12,2025-03-26T10:00:00Z,2025-03-26T11:00:00Z,101.89,101.89,101.12,101.4,96.03,110.0,180.9,103.4,77.5
2025-03-26,13,2025-03-26T11:00:00Z,2025-03-26T12:00:00Z,91.18,91.18,92.48,95.0,78.0,105.87,237.9,91.2,146.7
2025-03-26,14,2025-03-26T12:00:00Z,2025-03-26T13:00:00Z,86.2,86.2,85.19,59.0,59.0,123.99,199.1,72.2,126.9
2025-03-26,15,2025-03-26T13:00:00Z,2025-03-26T14:00:00Z,95.04,95.04,99.41,60.0,60.0,120.0,204.5,82.0,122.5
2025-03-26,16,2025-03-26T14:00:00Z,2025-03-26T15:00:00Z,103.57,103.57,105.81,105.0,70.0,130.0,78.9,33.4,45.5
2025-03-26,17,2025-03-26T15:00:00Z,2025-03-26T16:00:00Z,144.02,144.02,142.7,120.0,100.0,179.97,123.1,68.6,54.5
2025-03-26,18,2025-03-26T16:00:00Z,2025-03-26T17:00:00Z,150.31,150.31,150.99,153.88,138.93,166.1,64.0,47.4,16.6
2025-03-26,19,2025-03-26T17:00:00Z,2025-03-26T18:00:00Z,159.93,159.93,159.15,125.16,125.16,176.4,91.4,51.9,39.5
2025-03-26,20,2025-03-26T18:00:00Z,2025-03-26T19:00:00Z,167.54,167.54,167.7,162.25,158.28,180.91,87.0,44.8,42.2
2025-03-26,21,2025-03-26T19:00:00Z,2025-03-26T20:00:00Z,146.88,146.88,145.41,146.1,136.86,157.96,93.4,48.5,44.9
2025-03-26,22,2025-03-26T20:00:00Z,2025-03-26T21:00:00Z,124.04,124.04,123.03,119.2,119.2,132.62,71.8,51.0,20.8
2025-03-26,23,2025-03-26T21:00:00Z,2025-03-26T22:00:00Z,116.98,116.98,116.09,115.9,112.76,124.13,94.7,74.0,20.7
2025-03-26,24,2025-03-26T22:00:00Z,2025-03-26T23:00:00Z,108.81,108.81,108.95,109.7,106.3,111.06,90.0,47.0,43.0
2025-03-27,1,2025-03-26T23:00:00Z,2025-03-27T00:00:00Z,104.2,104.2,104.25,99.13,99.13,108.0,45.6,15.0,30.6
2025-03-27,2,2025-03-27T00:00:00Z,2025-03-27T01:00:00Z,96.87,96.87,96.77,91.95,91.95,100.48,50.2,15.0,35.2
2025-03-27,3,2025-03-27T01:00:00Z,2025-03-27T02:00:00Z,95.81,95.81,93.64,88.0,86.04,99.29,47.8,20.8,27.0
2025-03-27,4,2025-03-27T02:00:00Z,2025-03-27T03:00:00Z,96.1,96.1,95.68,97.32,92.7,98.44,41.2,15.0,26.2
2025-03-27,5,2025-03-27T03:00:00Z,2025-03-27T04:00:00Z,92.76,92.76,93.47,98.4,78.01,98.4,36.1,11.0,25.1
2025-03-27,6,2025-03-27T04:00:00Z,2025-03-27T05:00:00Z,101.65,101.65,101.51,105.0,99.5,105.0,51.0,22.0,29.0
2025-03-27,7,2025-03-27T05:00:00Z,2025-03-27T06:00:00Z,123.3,123.3,124.67,120.5,120.1,127.53,47.0,20.8,26.2
2025-03-27,8,2025-03-27T06:00:00Z,2025-03-27T07:00:00Z,133.21,133.21,131.68,127.79,126.4,134.91,27.2,2.1,25.1
2025-03-27,9,2025-03-27T07:00:00Z,2025-03-27T08:00:00Z,123.15,123.15,122.02,125.0,114.91,130.48,39.9,16.5,23.4
2025-03-27,10,2025-03-27T08:00:00Z,2025-03-27T09:00:00Z,96.13,96.13,95.31,92.95,92.28,105.46,72.0,28.4,43.6
2025-03-27,11,2025-03-27T09:00:00Z,2025-03-27T10:00:00Z,87.05,87.05,85.9,52.12,52.12,95.37,89.4,26.8,62.6
2025-03-27,12,2025-03-27T10:00:00Z,2025-03-27T11:00:00Z,58.78,58.78,58.85,31.0,20.04,77.88,173.1,53.2,119.9
2025-03-27,13,2025-03-27T11:00:00Z,2025-03-27T12:00:00Z,55.64,55.64,55.38,49.1,39.81,72.9,209.7,61.1,148.6
2025-03-27,14,2025-03-27T12:00:00Z,2025-03-27T13:00:00Z,53.99,53.99,54.35,63.8,40.0,76.25,277.5,149.2,128.3
2025-03-27,15,2025-03-27T13:00:00Z,2025-03-27T14:00:00Z,72.3,72.3,72.19,72.01,50.02,91.0,168.8,62.9,105.9
2025-03-27,16,2025-03-27T14:00:00Z,2025-03-27T15:00:00Z,87.92,87.92,88.61,78.0,78.0,99.0,131.7,37.9,93.8
2025-03-27,17,2025-03-27T15:00:00Z,2025-03-27T16:00:00Z,103.85,103.85,103.73,110.0,95.01,119.98,162.3,39.9,122.4
2025-03-27,18,2025-03-27T16:00:00Z,2025-03-27T17:00:00Z,126.85,126.85,126.95,130.0,118.88,133.08,137.9,26.0,111.9
2025-03-27,19,2025-03-27T17:00:00Z,2025-03-27T18:00:00Z,155.85,155.85,156.05,150.0,149.5,162.3,209.3,99.1,110.2
2025-03-27,20,2025-03-27T18:00:00Z,2025-03-27T19:00:00Z,162.55,162.55,162.71,160.1,159.22,172.97,334.4,157.8,176.6
2025-03-27,21,2025-03-27T19:00:00Z,2025-03-27T20:00:00Z,131.69,131.69,133.06,140.89,127.79,143.0,108.4,18.5,89.9
2025-03-27,22,2025-03-27T20:00:00Z,2025-03-27T21:00:00Z,116.11,116.11,116.33,124.97,103.9,124.97,72.8,45.7,27.1
2025-03-27,23,2025-03-27T21:00:00Z,2025-03-27T22:00:00Z,104.33,104.33,104.81,113.0,98.6,113.0,69.7,41.4,28.3
2025-03-27,24,2025-03-27T22:00:00Z,2025-03-27T23:00:00Z,95.8,95.8,95.71,101.0,93.36,101.0,73.4,33.8,39.6
2025-03-28,1,2025-03-27T23:00:00Z,2025-03-28T00:00:00Z,95.77,95.77,95.69,101.34,81.39,102.55,43.4,23.5,19.9
2025-03-28,2,2025-03-28T00:00:00Z,2025-03-28T01:00:00Z,81.93,81.93,83.06,82.68,70.16,94.11,52.0,25.3,26.7
2025-03-28,3,2025-03-28T01:00:00Z,2025-03-28T02:00:00Z,80.48,80.48,82.67,82.61,70.45,89.01,52.8,5.3,47.5
2025-03-28,4,2025-03-28T02:00:00Z,2025-03-28T03:00:00Z,80.07,80.07,81.61,82.7,69.99,85.72,56.6,5.3,51.3
2025-03-28,5,2025-03-28T03:00:00Z,2025-03-28T04:00:00Z,83.24,83.24,86.26,94.0,70.21,95.0,64.6,13.3,51.3
2025-03-28,6,2025-03-28T04:00:00Z,2025-03-28T05:00:00Z,105.28,105.28,104.66,112.0,99.34,112.0,47.1,15.0,32.1
2025-03-28,7,2025-03-28T05:00:00Z,2025-03-28T06:00:00Z,128.27,128.27,129.4,131.4,119.32,133.03,57.6,11.9,45.7
2025-03-28,8,2025-03-28T06:00:00Z,2025-03-28T07:00:00Z,123.11,123.11,124.81,128.0,112.83,136.98,36.4,4.8,31.6
2025-03-28,9,2025-03-28T07:00:00Z,2025-03-28T08:00:00Z,113.65,113.65,118.08,157.43,91.29,157.43,82.4,40.1,42.3
2025-03-28,10,2025-03-28T08:00:00Z,2025-03-28T09:00:00Z,73.16,73.16,87.69,140.88,61.0,140.88,73.0,36.5,36.5
2025-03-28,11,2025-03-28T09:00:00Z,2025-03-28T10:00:00Z,98.18,98.18,116.87,159.0,51.0,165.0,148.4,74.2,74.2
2025-03-28,12,2025-03-28T10:00:00Z,2025-03-28T11:00:00Z,101.47,101.47,118.11,89.16,31.0,245.96,197.1,123.3,73.8
2025-03-28,13,2025-03-28T11:00:00Z,2025-03-28T12:00:00Z,99.93,99.93,102.9,150.0,31.0,169.0,279.4,191.2,88.2
2025-03-28,14,2025-03-28T12:00:00Z,2025-03-28T13:00:00Z,98.55,98.55,105.45,155.0,50.0,155.0,385.7,267.1,118.6
2025-03-28,15,2025-03-28T13:00:00Z,2025-03-28T14:00:00Z,108.06,108.06,116.53,125.0,60.0,146.9,323.2,265.2,58.0
2025-03-28,16,2025-03-28T14:00:00Z,2025-03-28T15:00:00Z,139.06,139.06,133.84,121.55,95.38,153.51,219.5,166.6,52.9
2025-03-28,17,2025-03-28T15:00:00Z,2025-03-28T16:00:00Z,106.23,106.23,107.75,111.82,92.0,116.15,107.8,49.8,58.0
2025-03-28,18,2025-03-28T16:00:00Z,2025-03-28T17:00:00Z,144.09,144.09,144.97,145.0,124.39,154.37,107.3,44.6,62.7
2025-03-28,19,2025-03-28T17:00:00Z,2025-03-28T18:00:00Z,179.81,179.81,176.92,166.0,155.28,207.0,157.6,62.8,94.8
2025-03-28,20,2025-03-28T18:00:00Z,2025-03-28T19:00:00Z,164.63,164.63,157.71,126.0,118.92,220.0,163.5,78.7,84.8
2025-03-28,21,2025-03-28T19:00:00Z,2025-03-28T20:00:00Z,129.83,129.83,126.57,101.91,101.61,154.0,134.9,57.0,77.9
2025-03-28,22,2025-03-28T20:00:00Z,2025-03-28T21:00:00Z,105.2,105.2,102.72,115.78,96.01,129.9,138.8,55.3,83.5
2025-03-28,23,2025-03-28T21:00:00Z,2025-03-28T22:00:00Z,103.26,103.26,105.02,99.0,88.03,120.0,143.3,65.2,78.1
2025-03-28,24,2025-03-28T22:00:00Z,2025-03-28T23:00:00Z,106.78,106.78,107.76,111.94,95.01,112.0,106.2,46.0,60.2
2025-03-29,1,2025-03-28T23:00:00Z,2025-03-29T00:00:00Z,95.37,95.37,95.55,91.33,91.33,108.59,66.2,10.9,55.3
2025-03-29,2,2025-03-29T00:00:00Z,2025-03-29T01:00:00Z,90.25,90.25,90.21,89.09,87.07,102.05,76.9,14.0,62.9
2025-03-29,3,2025-03-29T01:00:00Z,2025-03-29T02:00:00Z,87.6,87.6,85.89,73.0,73.0,90.8,79.2,5.5,73.7
2025-03-29,4,2025-03-29T02:00:00Z,2025-03-29T03:00:00Z,82.97,82.97,83.08,86.55,78.4,86.55,84.0,9.5,74.5
2025-03-29,5,2025-03-29T03:00:00Z,2025-03-29T04:00:00Z,83.19,83.19,82.4,74.68,73.8,91.2,86.3,8.0,78.3
2025-03-29,6,2025-03-29T04:00:00Z,2025-03-29T05:00:00Z,84.45,84.45,83.52,76.01,76.01,87.11,87.2,4.0,83.2
2025-03-29,7,2025-03-29T05:00:00Z,2025-03-29T06:00:00Z,83.04,83.04,81.7,70.01,70.01,87.34,65.2,4.0,61.2
2025-03-29,8,2025-03-29T06:00:00Z,2025-03-29T07:00:00Z,81.79,81.79,74.01,73.21,66.77,100.0,76.0,17.4,58.6
2025-03-29,9,2025-03-29T07:00:00Z,2025-03-29T08:00:00Z,78.9,78.9,77.28,90.0,65.98,95.99,100.1,42.7,57.4
2025-03-29,10,2025-03-29T08:00:00Z,2025-03-29T09:00:00Z,78.36,78.36,77.92,75.0,75.0,84.85,105.4,52.6,52.8
2025-03-29,11,2025-03-29T09:00:00Z,2025-03-29T10:00:00Z,83.02,83.02,83.62,75.0,71.74,91.3,171.7,68.1,103.6
2025-03-29,12,2025-03-29T10:00:00Z,2025-03-29T11:00:00Z,71.93,71.93,74.88,76.0,45.64,99.97,228.5,99.0,129.5
2025-03-29,13,2025-03-29T11:00:00Z,2025-03-29T12:00:00Z,77.01,77.01,74.95,75.0,43.01,95.0,312.5,154.0,158.5
2025-03-29,14,2025-03-29T12:00:00Z,2025-03-29T13:00:00Z,67.92,67.92,69.26,75.47,35.2,83.43,242.6,121.4,121.2
2025-03-29,15,2025-03-29T13:00:00Z,2025-03-29T14:00:00Z,76.89,76.89,76.67,84.99,60.0,86.0,156.7,79.5,77.2
2025-03-29,16,2025-03-29T14:00:00Z,2025-03-29T15:00:00Z,70.23,70.23,66.39,54.99,50.95,87.48,103.7,60.1,43.6
2025-03-29,17,2025-03-29T15:00:00Z,2025-03-29T16:00:00Z,76.43,76.43,74.43,72.5,59.18,95.0,125.5,52.5,73.0
2025-03-29,18,2025-03-29T16:00:00Z,2025-03-29T17:00:00Z,101.86,101.86,102.83,90.04,90.04,128.08,208.1,19.5,188.6
2025-03-29,19,2025-03-29T17:00:00Z,2025-03-29T18:00:00Z,139.6,139.6,136.86,128.08,128.08,150.0,114.2,30.7,83.5
2025-03-29,20,2025-03-29T18:00:00Z,2025-03-29T19:00:00Z,140.41,140.41,137.72,149.0,129.07,153.0,117.5,33.0,84.5
2025-03-29,21,2025-03-29T19:00:00Z,2025-03-29T20:00:00Z,116.84,116.84,119.95,147.66,102.45,148.96,231.8,16.3,215.5
2025-03-29,22,2025-03-29T20:00:00Z,2025-03-29T21:00:00Z,94.66,94.66,94.96,95.1,85.39,111.98,356.4,32.8,323.6
2025-03-29,23,2025-03-29T21:00:00Z,2025-03-29T22:00:00Z,81.89,81.89,81.86,84.53,74.5,103.97,351.4,21.5,329.9
2025-03-29,24,2025-03-29T22:00:00Z,2025-03-29T23:00:00Z,74.0,74.0,73.74,59.0,59.0,79.71,147.2,23.3,123.9
2025-03-30,1,2025-03-29T23:00:00Z,2025-03-30T00:00:00Z,68.02,68.02,65.29,93.73,46.25,93.73,53.8,27.3,26.5
2025-03-30,2,2025-03-30T00:00:00Z,2025-03-30T01:00:00Z,45.66,45.66,42.71,50.28,15.88,56.71,83.8,22.0,61.8
2025-03-30,3,2025-03-30T01:00:00Z,2025-03-30T02:00:00Z,13.01,13.01,14.18,9.08,5.0,19.96,50.1,22.0,28.1
2025-03-30,4,2025-03-30T02:00:00Z,2025-03-30T03:00:00Z,16.57,16.57,15.76,25.0,1.0,26.23,62.3,21.0,41.3
2025-03-30,5,2025-03-30T03:00:00Z,2025-03-30T04:00:00Z,6.99,6.99,7.48,8.7,0.09,13.31,75.4,29.4,46.0
2025-03-30,6,2025-03-30T04:00:00Z,2025-03-30T05:00:00Z,9.37,9.37,8.07,14.37,0.15,14.73,70.2,25.2,45.0
2025-03-30,7,2025-03-30T05:00:00Z,2025-03-30T06:00:00Z,16.67,16.67,15.49,24.89,1.0,24.89,129.9,54.0,75.9
2025-03-30,8,2025-03-30T06:00:00Z,2025-03-30T07:00:00Z,12.52,12.52,12.98,12.32,2.16,20.63,74.4,21.4,53.0
2025-03-30,9,2025-03-30T07:00:00Z,2025-03-30T08:00:00Z,3.58,3.58,5.76,1.0,-3.58,12.38,73.2,29.5,43.7
2025-03-30,10,2025-03-30T08:00:00Z,2025-03-30T09:00:00Z,6.45,6.45,-1.28,1.49,-8.79,31.0,216.7,95.5,121.2
2025-03-30,11,2025-03-30T09:00:00Z,2025-03-30T10:00:00Z,3.08,3.08,-1.8,0.13,-10.0,26.0,309.6,143.4,166.2
2025-03-30,12,2025-03-30T10:00:00Z,2025-03-30T11:00:00Z,-6.43,-6.43,-7.05,2.5,-24.17,14.0,623.5,226.6,396.9
2025-03-30,13,2025-03-30T11:00:00Z,2025-03-30T12:00:00Z,-15.29,-15.29,-15.39,2.5,-26.59,9.0,592.1,175.0,417.1
2025-03-30,14,2025-03-30T12:00:00Z,2025-03-30T13:00:00Z,-16.04,-16.04,-16.13,2.5,-30.0,6.0,529.4,153.7,375.7
2025-03-30,15,2025-03-30T13:00:00Z,2025-03-30T14:00:00Z,2.31,2.31,-4.9,-6.44,-13.0,19.0,176.3,109.9,66.4
2025-03-30,16,2025-03-30T14:00:00Z,2025-03-30T15:00:00Z,3.03,3.03,-0.62,-4.47,-6.0,25.0,531.6,383.8,147.8
2025-03-30,17,2025-03-30T15:00:00Z,2025-03-30T16:00:00Z,38.82,38.82,36.82,-3.85,-3.85,58.1,430.6,256.3,174.3
2025-03-30,18,2025-03-30T16:00:00Z,2025-03-30T17:00:00Z,72.51,72.51,70.79,65.88,48.0,115.0,226.4,29.9,196.5
2025-03-30,19,2025-03-30T17:00:00Z,2025-03-30T18:00:00Z,115.99,115.99,125.19,54.0,20.0,182.31,196.3,53.2,143.1
2025-03-30,20,2025-03-30T18:00:00Z,2025-03-30T19:00:00Z,86.96,86.96,93.37,0.01,0.01,155.1,184.1,85.2,98.9
2025-03-30,21,2025-03-30T19:00:00Z,2025-03-30T20:00:00Z,117.02,117.02,119.54,110.01,95.0,139.99,243.1,65.0,178.1
2025-03-30,22,2025-03-30T20:00:00Z,2025-03-30T21:00:00Z,87.77,87.77,87.76,74.14,65.01,93.94,162.4,36.0,126.4
2025-03-30,23,2025-03-30T21:00:00Z,2025-03-30T22:00:00Z,75.97,75.97,76.4,67.58,59.51,86.33,165.2,31.8,133.4
2025-03-31,1,2025-03-30T22:00:00Z,2025-03-30T23:00:00Z,63.52,63.52,67.28,65.17,54.13,77.0,142.8,72.8,70.0
2025-03-31,2,2025-03-30T23:00:00Z,2025-03-31T00:00:00Z,59.06,59.06,59.67,53.71,53.71,66.5,101.5,46.5,55.0
2025-03-31,3,2025-03-31T00:00:00Z,2025-03-31T01:00:00Z,54.81,54.81,54.55,43.42,36.47,161.14,93.5,48.5,45.0
2025-03-31,4,2025-03-31T01:00:00Z,2025-03-31T02:00:00Z,58.31,58.31,61.24,46.47,41.48,173.72,84.9,52.5,32.4
2025-03-31,5,2025-03-31T02:00:00Z,2025-03-31T03:00:00Z,68.25,68.25,73.19,70.39,57.11,171.72,74.2,51.6,22.6
2025-03-31,6,2025-03-31T03:00:00Z,2025-03-31T04:00:00Z,87.55,87.55,91.12,85.26,70.86,199.41,93.2,70.7,22.5
2025-03-31,7,2025-03-31T04:00:00Z,2025-03-31T05:00:00Z,137.68,137.68,138.5,119.71,119.71,147.99,124.3,87.5,36.8
2025-03-31,8,2025-03-31T05:00:00Z,2025-03-31T06:00:00Z,210.36,210.36,211.08,211.0,181.0,249.99,87.2,14.5,72.7
2025-03-31,9,2025-03-31T06:00:00Z,2025-03-31T07:00:00Z,189.83,189.83,193.34,195.0,179.6,272.63,132.4,34.6,97.8
2025-03-31,10,2025-03-31T07:00:00Z,2025-03-31T08:00:00Z,138.14,138.14,141.97,140.0,125.0,240.46,126.1,65.5,60.6
2025-03-31,11,2025-03-31T08:00:00Z,2025-03-31T09:00:00Z,107.21,107.21,107.58,85.0,85.0,117.28,101.4,56.8,44.6
2025-03-31,12,2025-03-31T09:00:00Z,2025-03-31T10:00:00Z,104.91,104.91,104.16,80.27,80.27,118.16,157.7,56.4,101.3
2025-03-31,13,2025-03-31T10:00:00Z,2025-03-31T11:00:00Z,89.4,89.4,90.97,93.88,78.27,100.0,125.1,55.4,69.7
2025-03-31,14,2025-03-31T11:00:00Z,2025-03-31T12:00:00Z,71.68,71.68,73.42,55.01,55.01,87.86,187.2,68.9,118.3
2025-03-31,15,2025-03-31T12:00:00Z,2025-03-31T13:00:00Z,71.28,71.28,70.31,75.0,55.0,81.0,161.3,48.2,113.1
2025-03-31,16,2025-03-31T13:00:00Z,2025-03-31T14:00:00Z,75.57,75.57,75.18,64.11,64.11,88.76,205.5,131.0,74.5
2025-03-31,17,2025-03-31T14:00:00Z,2025-03-31T15:00:00Z,82.51,82.51,80.84,76.06,76.0,98.95,65.4,23.4,42.0
2025-03-31,18,2025-03-31T15:00:00Z,2025-03-31T16:00:00Z,95.4,95.4,95.64,98.24,90.14,100.1,74.1,18.4,55.7
2025-03-31,19,2025-03-31T16:00:00Z,2025-03-31T17:00:00Z,125.54,125.54,126.01,80.0,80.0,140.95,205.9,49.4,156.5
2025-03-31,20,2025-03-31T17:00:00Z,2025-03-31T18:00:00Z,197.68,197.68,200.45,170.2,170.2,235.28,158.6,74.1,84.5
2025-03-31,21,2025-03-31T18:00:00Z,2025-03-31T19:00:00Z,173.67,173.67,176.05,147.3,147.29,214.99,133.4,76.6,56.8
2025-03-31,22,2025-03-31T19:00:00Z,2025-03-31T20:00:00Z,122.68,122.68,123.05,124.84,114.0,148.0,110.7,53.6,57.1
2025-03-31,23,2025-03-31T20:00:00Z,2025-03-31T21:00:00Z,108.29,108.29,107.64,107.58,101.31,114.0,102.6,61.4,41.2
2025-03-31,24,2025-03-31T21:00:00Z,2025-03-31T22:00:00Z,97.04,97.04,97.69,98.11,93.11,100.99,99.3,61.9,37.4
2025-04-01,1,2025-03-31T22:00:00Z,2025-03-31T23:00:00Z,96.24,96.24,96.98,112.0,92.79,112.0,51.2,23.0,28.2
2025-04-01,2,2025-03-31T23:00:00Z,2025-04-01T00:00:00Z,98.48,98.48,98.22,100.5,93.4,100.51,37.9,20.0,17.9
2025-04-01,3,2025-04-01T00:00:00Z,2025-04-01T01:00:00Z,95.0,95.0,95.06,93.5,92.65,99.89,84.2,24.5,59.7
2025-04-01,4,2025-04-01T01:00:00Z,2025-04-01T02:00:00Z,94.45,94.45,94.33,94.0,91.2,95.88,84.9,21.5,63.4
2025-04-01,5,2025-04-01T02:00:00Z,2025-04-01T03:00:00Z,93.48,93.48,93.75,90.6,90.5,97.26,97.8,21.5,76.3
2025-04-01,6,2025-04-01T03:00:00Z,2025-04-01T04:00:00Z,99.09,99.09,98.67,93.17,93.16,103.91,83.5,26.0,57.5
2025-04-01,7,2025-04-01T04:00:00Z,2025-04-01T05:00:00Z,124.64,124.64,123.49,127.0,116.0,132.5,89.2,41.1,48.1
2025-04-01,8,2025-04-01T05:00:00Z,2025-04-01T06:00:00Z,159.42,159.42,159.84,154.29,148.01,168.15,120.4,40.0,80.4
2025-04-01,9,2025-04-01T06:00:00Z,2025-04-01T07:00:00Z,154.91,154.91,154.96,171.02,144.0,176.21,159.2,18.0,141.2
2025-04-01,10,2025-04-01T07:00:00Z,2025-04-01T08:00:00Z,106.24,106.24,107.05,107.0,96.58,120.0,130.0,20.5,109.5
2025-04-01,11,2025-04-01T08:00:00Z,2025-04-01T09:00:00Z,88.31,88.31,88.31,100.01,80.03,100.04,202.8,89.0,113.8
2025-04-01,12,2025-04-01T09:00:00Z,2025-04-01T10:00:00Z,81.0,81.0,82.56,41.0,41.0,105.18,344.3,162.7,181.6
2025-04-01,13,2025-04-01T10:00:00Z,2025-04-01T11:00:00Z,70.11,70.11,71.45,71.12,65.12,81.52,327.9,163.9,164.0
2025-04-01,14,2025-04-01T11:00:00Z,2025-04-01T12:00:00Z,53.78,53.78,53.85,75.12,42.0,91.9,368.2,227.6,140.6
2025-04-01,15,2025-04-01T12:00:00Z,2025-04-01T13:00:00Z,57.81,57.81,57.81,25.0,25.0,85.01,299.9,199.9,100.0
2025-04-01,16,2025-04-01T13:00:00Z,2025-04-01T14:00:00Z,65.7,65.7,68.81,65.0,56.33,99.0,233.6,92.6,141.0
2025-04-01,17,2025-04-01T14:00:00Z,2025-04-01T15:00:00Z,79.87,79.87,80.48,73.55,73.55,88.0,124.8,56.5,68.3
2025-04-01,18,2025-04-01T15:00:00Z,2025-04-01T16:00:00Z,96.65,96.65,95.45,85.67,85.67,106.99,156.2,70.7,85.5
2025-04-01,19,2025-04-01T16:00:00Z,2025-04-01T17:00:00Z,127.22,127.22,127.79,119.52,119.52,135.85,92.1,31.5,60.6
2025-04-01,20,2025-04-01T17:00:00Z,2025-04-01T18:00:00Z,167.61,167.61,169.64,169.0,157.01,192.74,147.9,59.6,88.3
2025-04-01,21,2025-04-01T18:00:00Z,2025-04-01T19:00:00Z,146.15,146.15,147.51,156.99,141.19,156.99,119.8,25.6,94.2
2025-04-01,22,2025-04-01T19:00:00Z,2025-04-01T20:00:00Z,109.16,109.16,109.4,113.0,105.02,116.99,55.8,26.6,29.2
2025-04-01,23,2025-04-01T20:00:00Z,2025-04-01T21:00:00Z,98.61,98.61,99.57,106.97,98.0,106.97,42.6,13.5,29.1
2025-04-01,24,2025-04-01T21:00:00Z,2025-04-01T22:00:00Z,79.09,79.09,81.11,70.0,68.29,88.2,71.6,38.5,33.1
2025-04-02,1,2025-04-01T22:00:00Z,2025-04-01T23:00:00Z,74.88,74.88,76.01,70.0,70.0,78.0,17.8,14.0,3.8
2025-04-02,2,2025-04-01T23:00:00Z,2025-04-02T00:00:00Z,63.9,63.9,65.2,64.58,60.29,70.71,21.8,18.0,3.8
2025-04-02,3,2025-04-02T00:00:00Z,2025-04-02T01:00:00Z,69.01,69.01,69.55,73.0,63.64,73.0,52.8,43.0,9.8
2025-04-02,4,2025-04-02T01:00:00Z,2025-04-02T02:00:00Z,67.59,67.59,68.05,67.31,64.0,72.89,64.8,51.0,13.8
2025-04-02,5,2025-04-02T02:00:00Z,2025-04-02T03:00:00Z,74.22,74.22,74.66,75.0,67.12,78.0,63.6,49.0,14.6
2025-04-02,6,2025-04-02T03:00:00Z,2025-04-02T04:00:00Z,85.88,85.88,86.46,85.0,79.42,89.88,63.6,41.0,22.6
2025-04-02,7,2025-04-02T04:00:00Z,2025-04-02T05:00:00Z,114.07,114.07,114.55,130.0,106.51,130.0,59.6,40.0,19.6
2025-04-02,8,2025-04-02T05:00:00Z,2025-04-02T06:00:00Z,149.8,149.8,148.21,166.0,136.27,166.0,49.6,25.0,24.6
2025-04-02,9,2025-04-02T06:00:00Z,2025-04-02T07:00:00Z,115.19,115.19,115.72,119.81,113.01,119.81,53.1,14.5,38.6
2025-04-02,10,2025-04-02T07:00:00Z,2025-04-02T08:00:00Z,72.87,72.87,73.83,75.0,67.0,80.04,53.3,29.7,23.6
2025-04-02,11,2025-04-02T08:00:00Z,2025-04-02T09:00:00Z,50.84,50.84,68.12,-32.92,-32.92,85.46,113.5,70.0,43.5
2025-04-02,12,2025-04-02T09:00:00Z,2025-04-02T10:00:00Z,63.86,63.86,63.89,69.31,47.0,77.9,146.5,92.5,54.0
2025-04-02,13,2025-04-02T10:00:00Z,2025-04-02T11:00:00Z,60.29,60.29,59.37,54.0,43.0,73.99,188.7,134.0,54.7
2025-04-02,14,2025-04-02T11:00:00Z,2025-04-02T12:00:00Z,62.55,62.55,64.63,45.0,45.0,78.45,194.4,133.8,60.6
2025-04-02,15,2025-04-02T12:00:00Z,2025-04-02T13:00:00Z,56.87,56.87,52.84,57.0,29.05,72.36,192.4,148.5,43.9
2025-04-02,16,2025-04-02T13:00:00Z,2025-04-02T14:00:00Z,72.8,72.8,71.68,37.67,37.67,84.22,185.7,156.6,29.1
2025-04-02,17,2025-04-02T14:00:00Z,2025-04-02T15:00:00Z,70.33,70.33,69.36,90.0,47.39,99.0,306.9,218.3,88.6
2025-04-02,18,2025-04-02T15:00:00Z,2025-04-02T16:00:00Z,97.03,97.03,96.58,100.0,77.7,104.93,140.7,133.1,7.6
2025-04-02,19,2025-04-02T16:00:00Z,2025-04-02T17:00:00Z,114.11,114.11,115.3,103.0,103.0,118.0,93.0,72.4,20.6
2025-04-02,20,2025-04-02T17:00:00Z,2025-04-02T18:00:00Z,154.97,154.97,152.96,165.0,136.15,170.0,92.0,71.4,20.6
2025-04-02,21,2025-04-02T18:00:00Z,2025-04-02T19:00:00Z,127.22,127.22,128.52,127.31,114.94,136.0,77.6,68.0,9.6
2025-04-02,22,2025-04-02T19:00:00Z,2025-04-02T20:00:00Z,104.93,104.93,106.87,108.28,101.0,111.4,82.7,68.1,14.6
2025-04-02,23,2025-04-02T20:00:00Z,2025-04-02T21:00:00Z,93.88,93.88,95.21,92.0,90.0,101.13,83.0,64.1,18.9
2025-04-02,24,2025-04-02T21:00:00Z,2025-04-02T22:00:00Z,88.06,88.06,88.08,111.3,80.17,111.3,18.1,14.1,4.0
2025-04-03,1,2025-04-02T22:00:00Z,2025-04-02T23:00:00Z,78.97,78.97,77.76,73.83,73.83,83.68,38.1,33.0,5.1
2025-04-03,2,2025-04-02T23:00:00Z,2025-04-03T00:00:00Z,80.08,80.08,80.44,76.65,75.0,88.99,38.2,33.5,4.7
2025-04-03,3,2025-04-03T00:00:00Z,2025-04-03T01:00:00Z,76.46,76.46,76.31,75.0,65.69,79.81,52.3,52.1,0.2
2025-04-03,4,2025-04-03T01:00:00Z,2025-04-03T02:00:00Z,76.0,76.0,75.33,71.07,70.54,82.83,59.8,59.6,0.2
2025-04-03,5,2025-04-03T02:00:00Z,2025-04-03T03:00:00Z,81.55,81.55,80.58,88.78,75.84,88.78,70.9,70.7,0.2
2025-04-03,6,2025-04-03T03:00:00Z,2025-04-03T04:00:00Z,105.09,105.09,103.9,108.24,99.09,108.24,61.3,60.2,1.1
2025-04-03,7,2025-04-03T04:00:00Z,2025-04-03T05:00:00Z,139.17,139.17,139.58,139.0,136.54,142.13,64.8,44.8,20.0
2025-04-03,8,2025-04-03T05:00:00Z,2025-04-03T06:00:00Z,174.62,174.62,174.86,190.0,162.37,195.0,131.3,61.3,70.0
2025-04-03,9,2025-04-03T06:00:00Z,2025-04-03T07:00:00Z,146.21,146.21,138.92,165.01,132.81,180.0,71.9,25.9,46.0
2025-04-03,10,2025-04-03T07:00:00Z,2025-04-03T08:00:00Z,87.49,87.49,87.58,90.96,79.12,92.5,93.2,43.2,50.0
2025-04-03,11,2025-04-03T08:00:00Z,2025-04-03T09:00:00Z,42.84,42.84,41.76,40.0,34.58,51.54,176.5,84.7,91.8
2025-04-03,12,2025-04-03T09:00:00Z,2025-04-03T10:00:00Z,2.21,2.21,2.34,4.45,-4.63,15.0,216.1,127.0,89.1
2025-04-03,13,2025-04-03T10:00:00Z,2025-04-03T11:00:00Z,0.37,0.37,-1.96,9.0,-9.0,9.0,371.2,181.7,189.5
2025-04-03,14,2025-04-03T11:00:00Z,2025-04-03T12:00:00Z,-5.24,-5.24,-6.77,-1.5,-15.49,2.89,330.6,158.2,172.4
2025-04-03,15,2025-04-03T12:00:00Z,2025-04-03T13:00:00Z,-3.7,-3.7,-5.18,-10.0,-17.8,15.13,261.8,122.1,139.7
2025-04-03,16,2025-04-03T13:00:00Z,2025-04-03T14:00:00Z,16.35,16.35,15.75,8.0,8.0,29.62,244.7,125.8,118.9
2025-04-03,17,2025-04-03T14:00:00Z,2025-04-03T15:00:00Z,46.75,46.75,47.31,42.0,33.32,59.99,195.7,95.5,100.2
2025-04-03,18,2025-04-03T15:00:00Z,2025-04-03T16:00:00Z,96.53,96.53,97.96,96.72,90.0,102.05,137.9,43.6,94.3
2025-04-03,19,2025-04-03T16:00:00Z,2025-04-03T17:00:00Z,141.24,141.24,140.28,133.0,132.99,154.0,106.1,46.3,59.8
2025-04-03,20,2025-04-03T17:00:00Z,2025-04-03T18:00:00Z,175.34,175.34,189.81,150.0,150.0,213.5,58.6,28.4,30.2
2025-04-03,21,2025-04-03T18:00:00Z,2025-04-03T19:00:00Z,181.97,181.97,181.6,175.36,170.5,196.13,67.0,25.0,42.0
2025-04-03,22,2025-04-03T19:00:00Z,2025-04-03T20:00:00Z,136.78,136.78,137.24,139.69,130.0,140.61,123.0,18.0,105.0
2025-04-03,23,2025-04-03T20:00:00Z,2025-04-03T21:00:00Z,115.27,115.27,115.37,115.8,112.0,122.81,133.7,28.4,105.3
2025-04-03,24,2025-04-03T21:00:00Z,2025-04-03T22:00:00Z,108.06,108.06,107.3,106.0,103.03,110.4,37.1,10.6,26.5
2025-04-04,1,2025-04-03T22:00:00Z,2025-04-03T23:00:00Z,103.72,103.72,104.27,106.11,101.0,111.05,30.6,8.4,22.2
2025-04-04,2,2025-04-03T23:00:00Z,2025-04-04T00:00:00Z,102.35,102.35,102.44,108.1,98.0,108.1,33.1,20.9,12.2
2025-04-04,3,2025-04-04T00:00:00Z,2025-04-04T01:00:00Z,99.61,99.61,99.84,96.59,96.11,106.11,36.9,14.5,22.4
2025-04-04,4,2025-04-04T01:00:00Z,2025-04-04T02:00:00Z,106.13,106.13,106.27,115.0,101.0,115.0,52.2,20.0,32.2
2025-04-04,5,2025-04-04T02:00:00Z,2025-04-04T03:00:00Z,110.78,110.78,111.77,118.98,103.0,119.0,64.2,22.0,42.2
2025-04-04,6,2025-04-04T03:00:00Z,2025-04-04T04:00:00Z,115.87,115.87,117.74,124.85,109.0,124.85,83.2,28.1,55.1
2025-04-04,7,2025-04-04T04:00:00Z,2025-04-04T05:00:00Z,157.22,157.22,156.81,168.1,147.0,169.0,127.2,33.2,94.0
2025-04-04,8,2025-04-04T05:00:00Z,2025-04-04T06:00:00Z,184.53,184.53,186.52,190.01,168.0,200.0,115.7,13.2,102.5
2025-04-04,9,2025-04-04T06:00:00Z,2025-04-04T07:00:00Z,131.07,131.07,131.86,119.28,119.28,138.9,69.2,3.5,65.7
2025-04-04,10,2025-04-04T07:00:00Z,2025-04-04T08:00:00Z,5.15,5.15,57.86,-167.66,-167.66,87.0,79.8,21.9,57.9
2025-04-04,11,2025-04-04T08:00:00Z,2025-04-04T09:00:00Z,51.47,51.47,51.15,27.01,27.01,65.07,116.3,55.3,61.0
2025-04-04,12,2025-04-04T09:00:00Z,2025-04-04T10:00:00Z,-7.56,-7.56,-10.8,-7.0,-21.68,12.0,103.4,47.2,56.2
2025-04-04,13,2025-04-04T10:00:00Z,2025-04-04T11:00:00Z,-15.95,-15.95,-15.01,-24.35,-24.35,-2.1,134.2,72.2,62.0
2025-04-04,14,2025-04-04T11:00:00Z,2025-04-04T12:00:00Z,-17.74,-17.74,-19.34,-10.0,-43.55,-4.52,158.0,91.5,66.5
2025-04-04,15,2025-04-04T12:00:00Z,2025-04-04T13:00:00Z,-3.74,-3.74,-4.18,-10.49,-18.93,5.28,161.2,37.5,123.7
2025-04-04,16,2025-04-04T13:00:00Z,2025-04-04T14:00:00Z,5.46,5.46,4.81,5.45,-1.0,13.93,124.7,5.0,119.7
2025-04-04,17,2025-04-04T14:00:00Z,2025-04-04T15:00:00Z,36.94,36.94,35.85,22.01,22.01,44.5,163.9,35.3,128.6
2025-04-04,18,2025-04-04T15:00:00Z,2025-04-04T16:00:00Z,95.9,95.9,91.53,68.0,67.21,110.0,116.0,39.3,76.7
2025-04-04,19,2025-04-04T16:00:00Z,2025-04-04T17:00:00Z,132.81,132.81,132.52,125.0,123.51,186.69,107.3,12.0,95.3
2025-04-04,20,2025-04-04T17:00:00Z,2025-04-04T18:00:00Z,165.56,165.56,164.02,139.56,135.1,178.0,204.5,9.0,195.5
2025-04-04,21,2025-04-04T18:00:00Z,2025-04-04T19:00:00Z,125.51,125.51,147.34,-95.0,-95.0,166.0,214.0,12.0,202.0
2025-04-04,22,2025-04-04T19:00:00Z,2025-04-04T20:00:00Z,127.21,127.21,127.01,126.01,120.0,134.89,155.6,38.2,117.4
2025-04-04,23,2025-04-04T20:00:00Z,2025-04-04T21:00:00Z,124.73,124.73,123.9,115.0,111.01,147.0,132.9,45.4,87.5
2025-04-04,24,2025-04-04T21:00:00Z,2025-04-04T22:00:00Z,102.71,102.71,103.46,97.37,97.37,114.03,130.7,47.0,83.7
2025-04-05,1,2025-04-04T22:00:00Z,2025-04-04T23:00:00Z,122.98,122.98,123.56,130.0,105.26,150.0,40.9,23.7,17.2
2025-04-05,2,2025-04-04T23:00:00Z,2025-04-05T00:00:00Z,101.95,101.95,100.7,86.91,86.91,108.0,52.1,34.3,17.8
2025-04-05,3,2025-04-05T00:00:00Z,2025-04-05T01:00:00Z,96.13,96.13,95.85,92.9,92.39,104.81,54.0,36.0,18.0
2025-04-05,4,2025-04-05T01:00:00Z,2025-04-05T02:00:00Z,92.87,92.87,92.62,90.7,88.28,103.59,55.3,35.5,19.8
2025-04-05,5,2025-04-05T02:00:00Z,2025-04-05T03:00:00Z,91.33,91.33,91.86,93.89,88.3,99.62,51.1,33.4,17.7
2025-04-05,6,2025-04-05T03:00:00Z,2025-04-05T04:00:00Z,92.63,92.63,92.86,89.32,89.03,103.14,56.3,26.7,29.6
2025-04-05,7,2025-04-05T04:00:00Z,2025-04-05T05:00:00Z,100.33,100.33,94.27,80.0,80.0,115.0,42.7,29.3,13.4
2025-04-05,8,2025-04-05T05:00:00Z,2025-04-05T06:00:00Z,94.58,94.58,93.02,81.76,81.75,115.0,175.6,23.2,152.4
2025-04-05,9,2025-04-05T06:00:00Z,2025-04-05T07:00:00Z,68.41,68.41,65.64,34.0,34.0,101.47,188.4,19.3,169.1
2025-04-05,10,2025-04-05T07:00:00Z,2025-04-05T08:00:00Z,37.37,37.37,37.03,39.0,34.31,61.77,76.4,10.2,66.2
2025-04-05,11,2025-04-05T08:00:00Z,2025-04-05T09:00:00Z,-2.7,-2.7,-2.49,-2.8,-5.02,-0.89,83.4,23.0,60.4
2025-04-05,12,2025-04-05T09:00:00Z,2025-04-05T10:00:00Z,-10.83,-10.83,-9.98,-5.5,-14.74,0.0,121.4,31.9,89.5
2025-04-05,13,2025-04-05T10:00:00Z,2025-04-05T11:00:00Z,-44.29,-44.29,-42.48,-35.0,-67.59,-20.01,151.0,58.4,92.6
2025-04-05,14,2025-04-05T11:00:00Z,2025-04-05T12:00:00Z,-74.91,-74.91,-74.12,-77.01,-110.89,-46.02,231.0,120.2,110.8
2025-04-05,15,2025-04-05T12:00:00Z,2025-04-05T13:00:00Z,-77.08,-77.08,-80.76,-61.0,-99.46,-41.05,470.5,210.2,260.3
2025-04-05,16,2025-04-05T13:00:00Z,2025-04-05T14:00:00Z,-50.92,-50.92,-36.92,-72.22,-72.22,-1.0,47.8,12.9,34.9
2025-04-05,17,2025-04-05T14:00:00Z,2025-04-05T15:00:00Z,10.36,10.36,9.67,29.0,0.61,29.01,131.2,19.0,112.2
2025-04-05,18,2025-04-05T15:00:00Z,2025-04-05T16:00:00Z,72.94,72.94,72.48,101.0,52.08,106.0,88.5,21.0,67.5
2025-04-05,19,2025-04-05T16:00:00Z,2025-04-05T17:00:00Z,83.14,83.14,82.88,106.5,70.0,106.5,89.6,35.0,54.6
2025-04-05,20,2025-04-05T17:00:00Z,2025-04-05T18:00:00Z,168.11,168.11,163.58,153.54,98.11,220.01,315.6,84.2,231.4
2025-04-05,21,2025-04-05T18:00:00Z,2025-04-05T19:00:00Z,128.42,128.42,131.68,81.78,79.65,155.0,291.1,84.0,207.1
2025-04-05,22,2025-04-05T19:00:00Z,2025-04-05T20:00:00Z,106.38,106.38,108.1,110.0,100.01,130.0,80.0,33.0,47.0
2025-04-05,23,2025-04-05T20:00:00Z,2025-04-05T21:00:00Z,108.52,108.52,98.21,120.2,61.51,135.0,25.0,9.0,16.0
2025-04-05,24,2025-04-05T21:00:00Z,2025-04-05T22:00:00Z,64.67,64.67,66.61,59.79,50.0,79.42,71.3,28.7,42.6
2025-04-06,1,2025-04-05T22:00:00Z,2025-04-05T23:00:00Z,51.54,51.54,53.07,45.96,45.96,67.9,20.9,20.3,0.6
2025-04-06,2,2025-04-05T23:00:00Z,2025-04-06T00:00:00Z,37.03,37.03,40.21,33.73,33.73,58.38,18.4,8.3,10.1
2025-04-06,3,2025-04-06T00:00:00Z,2025-04-06T01:00:00Z,11.56,11.56,33.13,4.0,4.0,61.88,12.5,7.3,5.2
2025-04-06,4,2025-04-06T01:00:00Z,2025-04-06T02:00:00Z,32.07,32.07,33.21,33.63,28.19,68.22,32.2,18.8,13.4
2025-04-06,5,2025-04-06T02:00:00Z,2025-04-06T03:00:00Z,48.03,48.03,47.53,50.69,36.29,70.95,15.3,15.1,0.2
2025-04-06,6,2025-04-06T03:00:00Z,2025-04-06T04:00:00Z,52.9,52.9,52.78,49.0,49.0,68.85,32.5,32.2,0.3
2025-04-06,7,2025-04-06T04:00:00Z,2025-04-06T05:00:00Z,51.92,51.92,50.3,48.0,46.0,59.14,23.4,19.3,4.1
2025-04-06,8,2025-04-06T05:00:00Z,2025-04-06T06:00:00Z,42.16,42.16,43.15,25.0,25.0,57.23,144.9,26.2,118.7
2025-04-06,9,2025-04-06T06:00:00Z,2025-04-06T07:00:00Z,23.87,23.87,22.59,11.0,11.0,30.0,106.4,11.0,95.4
2025-04-06,10,2025-04-06T07:00:00Z,2025-04-06T08:00:00Z,-5.66,-5.66,-7.76,0.1,-14.99,0.1,67.6,37.8,29.8
2025-04-06,11,2025-04-06T08:00:00Z,2025-04-06T09:00:00Z,-11.1,-11.1,-11.74,-15.0,-19.9,-5.7,151.3,74.1,77.2
2025-04-06,12,2025-04-06T09:00:00Z,2025-04-06T10:00:00Z,-28.31,-28.31,-26.05,-29.0,-38.8,-12.13,200.9,87.2,113.7
2025-04-06,13,2025-04-06T10:00:00Z,2025-04-06T11:00:00Z,-58.63,-58.63,-61.42,-53.61,-82.78,-35.48,184.7,56.4,128.3
2025-04-06,14,2025-04-06T11:00:00Z,2025-04-06T12:00:00Z,-77.05,-77.05,-71.48,-0.01,-114.97,-0.01,157.0,73.8,83.2
2025-04-06,15,2025-04-06T12:00:00Z,2025-04-06T13:00:00Z,-32.05,-32.05,-34.61,22.05,-112.1,22.05,181.2,90.6,90.6
2025-04-06,16,2025-04-06T13:00:00Z,2025-04-06T14:00:00Z,-1.73,-1.73,-3.04,-10.0,-19.91,25.0,188.6,75.9,112.7
2025-04-06,17,2025-04-06T14:00:00Z,2025-04-06T15:00:00Z,20.17,20.17,15.3,26.3,-12.19,63.62,153.1,65.2,87.9
2025-04-06,18,2025-04-06T15:00:00Z,2025-04-06T16:00:00Z,61.24,61.24,80.35,40.0,20.0,193.08,101.9,52.0,49.9
2025-04-06,19,2025-04-06T16:00:00Z,2025-04-06T17:00:00Z,97.11,97.11,98.04,100.0,88.0,102.47,57.6,24.6,33.0
2025-04-06,20,2025-04-06T17:00:00Z,2025-04-06T18:00:00Z,136.71,136.71,139.94,111.44,111.44,175.0,81.0,51.7,29.3
2025-04-06,21,2025-04-06T18:00:00Z,2025-04-06T19:00:00Z,131.25,131.25,121.51,82.44,80.0,149.0,62.7,26.6,36.1
2025-04-06,22,2025-04-06T19:00:00Z,2025-04-06T20:00:00Z,114.2,114.2,114.49,110.99,107.0,123.96,60.8,34.5,26.3
2025-04-06,23,2025-04-06T20:00:00Z,2025-04-06T21:00:00Z,99.6,99.6,98.44,85.54,85.54,111.33,176.7,105.7,71.0
2025-04-06,24,2025-04-06T21:00:00Z,2025-04-06T22:00:00Z,91.32,91.32,89.67,74.45,74.45,96.95,127.3,75.7,51.6
2025-04-07,1,2025-04-06T22:00:00Z,2025-04-06T23:00:00Z,86.21,86.21,84.79,83.0,80.5,92.01,48.1,5.3,42.8
2025-04-07,2,2025-04-06T23:00:00Z,2025-04-07T00:00:00Z,81.62,81.62,81.19,75.62,74.4,92.88,100.3,34.5,65.8
2025-04-07,3,2025-04-07T00:00:00Z,2025-04-07T01:00:00Z,80.65,80.65,79.87,55.96,55.94,89.4,67.6,10.5,57.1
2025-04-07,4,2025-04-07T01:00:00Z,2025-04-07T02:00:00Z,81.93,81.93,81.98,78.74,78.0,85.6,66.2,20.0,46.2
2025-04-07,5,2025-04-07T02:00:00Z,2025-04-07T03:00:00Z,85.02,85.02,84.56,80.1,80.0,87.11,52.2,7.0,45.2
2025-04-07,6,2025-04-07T03:00:00Z,2025-04-07T04:00:00Z,94.29,94.29,94.6,93.4,91.0,103.76,68.4,27.0,41.4
2025-04-07,7,2025-04-07T04:00:00Z,2025-04-07T05:00:00Z,131.59,131.59,131.89,115.0,115.0,135.91,68.0,16.0,52.0
2025-04-07,8,2025-04-07T05:00:00Z,2025-04-07T06:00:00Z,168.98,168.98,169.86,159.29,159.28,194.99,82.5,17.2,65.3
2025-04-07,9,2025-04-07T06:00:00Z,2025-04-07T07:00:00Z,142.03,142.03,138.11,131.02,128.67,152.0,73.8,1.0,72.8
2025-04-07,10,2025-04-07T07:00:00Z,2025-04-07T08:00:00Z,91.75,91.75,91.63,96.46,86.0,102.95,105.7,40.0,65.7
2025-04-07,11,2025-04-07T08:00:00Z,2025-04-07T09:00:00Z,86.85,86.85,80.19,80.0,66.06,140.0,258.2,118.5,139.7
2025-04-07,12,2025-04-07T09:00:00Z,2025-04-07T10:00:00Z,83.6,83.6,80.11,54.14,54.14,104.99,177.6,94.8,82.8
2025-04-07,13,2025-04-07T10:00:00Z,2025-04-07T11:00:00Z,98.48,98.48,99.87,83.93,44.0,170.0,216.1,141.2,74.9
2025-04-07,14,2025-04-07T11:00:00Z,2025-04-07T12:00:00Z,89.17,89.17,88.2,79.99,60.0,126.0,239.0,145.9,93.1
2025-04-07,15,2025-04-07T12:00:00Z,2025-04-07T13:00:00Z,85.98,85.98,85.04,30.0,30.0,122.0,133.5,79.1,54.4
2025-04-07,16,2025-04-07T13:00:00Z,2025-04-07T14:00:00Z,96.69,96.69,99.68,77.54,77.54,136.0,141.9,50.7,91.2
2025-04-07,17,2025-04-07T14:00:00Z,2025-04-07T15:00:00Z,89.58,89.58,89.16,72.99,65.0,127.01,89.2,41.5,47.7
2025-04-07,18,2025-04-07T15:00:00Z,2025-04-07T16:00:00Z,129.1,129.1,131.57,120.0,101.76,192.01,133.8,59.2,74.6
2025-04-07,19,2025-04-07T16:00:00Z,2025-04-07T17:00:00Z,155.41,155.41,158.53,127.1,127.1,166.01,110.3,52.6,57.7
2025-04-07,20,2025-04-07T17:00:00Z,2025-04-07T18:00:00Z,151.77,151.77,151.6,130.12,128.0,169.99,312.1,138.0,174.1
2025-04-07,21,2025-04-07T18:00:00Z,2025-04-07T19:00:00Z,181.25,181.25,182.65,145.17,145.17,200.0,224.4,92.3,132.1
2025-04-07,22,2025-04-07T19:00:00Z,2025-04-07T20:00:00Z,139.72,139.72,139.45,105.0,102.01,163.0,145.1,86.8,58.3
2025-04-07,23,2025-04-07T20:00:00Z,2025-04-07T21:00:00Z,118.69,118.69,116.14,106.02,104.78,128.01,191.0,106.0,85.0
2025-04-07,24,2025-04-07T21:00:00Z,2025-04-07T22:00:00Z,102.74,102.74,99.4,88.07,85.4,117.88,137.2,81.5,55.7
2025-04-08,1,2025-04-07T22:00:00Z,2025-04-07T23:00:00Z,87.39,87.39,90.48,88.42,85.0,95.0,260.0,171.9,88.1
2025-04-08,2,2025-04-07T23:00:00Z,2025-04-08T00:00:00Z,82.17,82.17,88.45,86.8,77.0,90.2,273.1,170.5,102.6
2025-04-08,3,2025-04-08T00:00:00Z,2025-04-08T01:00:00Z,82.01,82.01,89.3,86.18,77.0,93.61,252.6,164.9,87.7
2025-04-08,4,2025-04-08T01:00:00Z,2025-04-08T02:00:00Z,83.01,83.01,91.5,90.87,77.0,93.49,256.2,173.9,82.3
2025-04-08,5,2025-04-08T02:00:00Z,2025-04-08T03:00:00Z,83.07,83.07,91.63,90.33,77.0,93.4,260.0,174.8,85.2
2025-04-08,6,2025-04-08T03:00:00Z,2025-04-08T04:00:00Z,104.11,104.11,103.14,109.71,99.8,109.71,64.8,40.6,24.2
2025-04-08,7,2025-04-08T04:00:00Z,2025-04-08T05:00:00Z,139.69,139.69,139.98,142.0,134.7,150.25,131.5,35.5,96.0
2025-04-08,8,2025-04-08T05:00:00Z,2025-04-08T06:00:00Z,176.44,176.44,176.02,149.04,149.04,195.01,170.0,14.0,156.0
2025-04-08,9,2025-04-08T06:00:00Z,2025-04-08T07:00:00Z,138.14,138.14,139.02,171.54,127.0,171.54,96.4,29.6,66.8
2025-04-08,10,2025-04-08T07:00:00Z,2025-04-08T08:00:00Z,99.23,99.23,98.71,145.0,88.0,145.0,157.3,109.7,47.6
2025-04-08,11,2025-04-08T08:00:00Z,2025-04-08T09:00:00Z,75.58,75.58,76.11,91.25,60.0,91.25,484.5,411.7,72.8
2025-04-08,12,2025-04-08T09:00:00Z,2025-04-08T10:00:00Z,69.74,69.74,70.36,66.03,47.72,81.24,240.0,189.8,50.2
2025-04-08,13,2025-04-08T10:00:00Z,2025-04-08T11:00:00Z,61.32,61.32,56.72,61.0,48.0,95.0,301.0,214.4,86.6
2025-04-08,14,2025-04-08T11:00:00Z,2025-04-08T12:00:00Z,48.79,48.79,47.34,61.0,23.02,63.98,228.3,186.2,42.1
2025-04-08,15,2025-04-08T12:00:00Z,2025-04-08T13:00:00Z,62.44,62.44,61.71,59.9,49.01,80.99,275.6,198.8,76.8
2025-04-08,16,2025-04-08T13:00:00Z,2025-04-08T14:00:00Z,143.69,143.69,128.01,169.0,89.0,179.98,60.4,30.2,30.2
2025-04-08,17,2025-04-08T14:00:00Z,2025-04-08T15:00:00Z,136.37,136.37,118.42,102.83,79.0,179.9,65.4,32.7,32.7
2025-04-08,18,2025-04-08T15:00:00Z,2025-04-08T16:00:00Z,89.32,89.32,90.16,75.43,72.43,112.81,117.2,67.2,50.0
2025-04-08,19,2025-04-08T16:00:00Z,2025-04-08T17:00:00Z,137.23,137.23,130.31,100.0,100.0,172.68,108.0,42.4,65.6
2025-04-08,20,2025-04-08T17:00:00Z,2025-04-08T18:00:00Z,206.59,206.59,199.97,181.34,177.02,233.9,281.3,116.5,164.8
2025-04-08,21,2025-04-08T18:00:00Z,2025-04-08T19:00:00Z,208.0,208.0,208.52,217.73,200.0,230.89,228.0,57.5,170.5
2025-04-08,22,2025-04-08T19:00:00Z,2025-04-08T20:00:00Z,142.37,142.37,142.87,124.0,124.0,161.21,292.5,52.2,240.3
2025-04-08,23,2025-04-08T20:00:00Z,2025-04-08T21:00:00Z,135.01,135.01,133.67,137.01,124.49,156.84,107.5,45.6,61.9
2025-04-08,24,2025-04-08T21:00:00Z,2025-04-08T22:00:00Z,114.26,114.26,114.91,111.1,107.13,139.39,101.1,55.9,45.2
2025-04-09,1,2025-04-08T22:00:00Z,2025-04-08T23:00:00Z,109.37,109.37,109.57,111.01,100.36,114.99,31.4,18.3,13.1
2025-04-09,2,2025-04-08T23:00:00Z,2025-04-09T00:00:00Z,100.6,100.6,99.16,94.37,94.37,107.0,40.9,32.0,8.9
2025-04-09,3,2025-04-09T00:00:00Z,2025-04-09T01:00:00Z,101.75,101.75,99.72,95.49,93.21,103.9,25.3,25.1,0.2
2025-04-09,4,2025-04-09T01:00:00Z,2025-04-09T02:00:00Z,103.13,103.13,100.83,96.38,93.0,107.0,31.4,31.1,0.3
2025-04-09,5,2025-04-09T02:00:00Z,2025-04-09T03:00:00Z,108.58,108.58,107.3,110.0,93.33,112.0,35.1,26.6,8.5
2025-04-09,6,2025-04-09T03:00:00Z,2025-04-09T04:00:00Z,122.81,122.81,120.56,131.0,107.16,131.0,29.5,29.3,0.2
2025-04-09,7,2025-04-09T04:00:00Z,2025-04-09T05:00:00Z,159.63,159.63,160.05,151.0,146.7,166.39,112.1,22.1,90.0
2025-04-09,8,2025-04-09T05:00:00Z,2025-04-09T06:00:00Z,172.86,172.86,172.23,177.24,168.88,179.47,91.8,11.8,80.0
2025-04-09,9,2025-04-09T06:00:00Z,2025-04-09T07:00:00Z,133.35,133.35,133.16,131.88,123.7,136.01,210.3,3.2,207.1
2025-04-09,10,2025-04-09T07:00:00Z,2025-04-09T08:00:00Z,100.98,100.98,101.98,95.97,93.53,105.91,68.3,19.8,48.5
2025-04-09,11,2025-04-09T08:00:00Z,2025-04-09T09:00:00Z,86.53,86.53,86.21,90.0,77.0,99.39,166.9,42.7,124.2
2025-04-09,12,2025-04-09T09:00:00Z,2025-04-09T10:00:00Z,70.46,70.46,70.52,86.95,52.87,86.95,167.3,43.9,123.4
2025-04-09,13,2025-04-09T10:00:00Z,2025-04-09T11:00:00Z,37.41,37.41,39.93,15.01,14.0,50.24,231.7,75.1,156.6
2025-04-09,14,2025-04-09T11:00:00Z,2025-04-09T12:00:00Z,26.97,26.97,27.44,35.33,8.65,40.21,215.3,67.0,148.3
2025-04-09,15,2025-04-09T12:00:00Z,2025-04-09T13:00:00Z,52.6,52.6,49.27,35.09,32.02,66.0,195.1,45.2,149.9
2025-04-09,16,2025-04-09T13:00:00Z,2025-04-09T14:00:00Z,66.8,66.8,68.82,50.0,38.96,84.21,311.3,113.6,197.7
2025-04-09,17,2025-04-09T14:00:00Z,2025-04-09T15:00:00Z,68.61,68.61,69.47,56.0,52.77,104.23,178.9,45.0,133.9
2025-04-09,18,2025-04-09T15:00:00Z,2025-04-09T16:00:00Z,104.98,104.98,103.67,90.0,75.0,141.0,328.2,73.3,254.9
2025-04-09,19,2025-04-09T16:00:00Z,2025-04-09T17:00:00Z,121.7,121.7,121.54,135.0,50.29,171.0,157.9,65.8,92.1
2025-04-09,20,2025-04-09T17:00:00Z,2025-04-09T18:00:00Z,109.8,109.8,115.25,100.01,70.09,135.01,77.8,27.1,50.7
2025-04-09,21,2025-04-09T18:00:00Z,2025-04-09T19:00:00Z,113.43,113.43,119.76,115.89,81.38,200.0,42.9,12.3,30.6
2025-04-09,22,2025-04-09T19:00:00Z,2025-04-09T20:00:00Z,112.65,112.65,118.11,90.0,90.0,214.6,42.0,18.5,23.5
2025-04-09,23,2025-04-09T20:00:00Z,2025-04-09T21:00:00Z,134.59,134.59,131.58,130.0,119.99,167.2,52.6,26.3,26.3
2025-04-09,24,2025-04-09T21:00:00Z,2025-04-09T22:00:00Z,147.06,147.06,138.62,179.96,120.0,188.93,91.6,45.8,45.8
2025-04-10,1,2025-04-09T22:00:00Z,2025-04-09T23:00:00Z,102.63,102.63,100.55,92.0,86.0,121.01,27.4,9.8,17.6
2025-04-10,2,2025-04-09T23:00:00Z,2025-04-10T00:00:00Z,84.1,84.1,86.33,89.0,80.0,96.0,40.1,13.6,26.5
2025-04-10,3,2025-04-10T00:00:00Z,2025-04-10T01:00:00Z,83.64,83.64,84.3,81.04,80.0,94.1,30.1,10.2,19.9
2025-04-10,4,2025-04-10T01:00:00Z,2025-04-10T02:00:00Z,79.88,79.88,79.16,64.82,64.82,87.85,75.4,31.1,44.3
2025-04-10,5,2025-04-10T02:00:00Z,2025-04-10T03:00:00Z,89.08,89.08,89.23,88.3,83.81,92.0,128.0,48.6,79.4
2025-04-10,6,2025-04-10T03:00:00Z,2025-04-10T04:00:00Z,102.48,102.48,103.68,115.0,96.89,115.0,171.9,68.9,103.0
2025-04-10,7,2025-04-10T04:00:00Z,2025-04-10T05:00:00Z,132.05,132.05,132.84,155.5,120.0,161.0,226.5,44.3,182.2
2025-04-10,8,2025-04-10T05:00:00Z,2025-04-10T06:00:00Z,172.26,172.26,176.28,155.0,155.0,215.35,160.2,15.8,144.4
2025-04-10,9,2025-04-10T06:00:00Z,2025-04-10T07:00:00Z,135.17,135.17,134.25,111.0,104.44,164.72,338.9,20.8,318.1
2025-04-10,10,2025-04-10T07:00:00Z,2025-04-10T08:00:00Z,117.92,117.92,113.37,145.21,100.0,145.71,77.7,23.5,54.2
2025-04-10,11,2025-04-10T08:00:00Z,2025-04-10T09:00:00Z,79.55,79.55,79.89,75.18,65.41,94.03,306.1,112.9,193.2
2025-04-10,12,2025-04-10T09:00:00Z,2025-04-10T10:00:00Z,70.83,70.83,71.55,93.0,60.05,98.0,314.7,107.8,206.9
2025-04-10,13,2025-04-10T10:00:00Z,2025-04-10T11:00:00Z,41.66,41.66,41.68,42.0,25.0,50.92,530.0,118.8,411.2
2025-04-10,14,2025-04-10T11:00:00Z,2025-04-10T12:00:00Z,19.23,19.23,20.2,37.24,8.03,50.0,450.5,61.8,388.7
2025-04-10,15,2025-04-10T12:00:00Z,2025-04-10T13:00:00Z,22.95,22.95,23.87,0.52,0.01,45.16,188.1,42.4,145.7
2025-04-10,16,2025-04-10T13:00:00Z,2025-04-10T14:00:00Z,23.41,23.41,21.08,16.99,10.5,44.21,168.7,66.3,102.4
2025-04-10,17,2025-04-10T14:00:00Z,2025-04-10T15:00:00Z,38.62,38.62,46.77,31.0,22.39,85.0,58.6,17.7,40.9
2025-04-10,18,2025-04-10T15:00:00Z,2025-04-10T16:00:00Z,72.2,72.2,72.53,81.0,52.5,85.0,121.2,36.7,84.5
2025-04-10,19,2025-04-10T16:00:00Z,2025-04-10T17:00:00Z,104.37,104.37,101.65,113.56,95.0,117.0,98.7,25.7,73.0
2025-04-10,20,2025-04-10T17:00:00Z,2025-04-10T18:00:00Z,164.5,164.5,161.01,150.01,143.5,183.63,124.8,49.4,75.4
2025-04-10,21,2025-04-10T18:00:00Z,2025-04-10T19:00:00Z,162.57,162.57,164.86,150.0,147.0,209.0,130.8,61.4,69.4
2025-04-10,22,2025-04-10T19:00:00Z,2025-04-10T20:00:00Z,126.37,126.37,124.58,153.0,50.0,157.01,91.4,35.5,55.9
2025-04-10,23,2025-04-10T20:00:00Z,2025-04-10T21:00:00Z,124.54,124.54,123.15,132.05,100.0,142.78,87.2,41.5,45.7
2025-04-10,24,2025-04-10T21:00:00Z,2025-04-10T22:00:00Z,88.41,88.41,86.18,89.95,55.47,104.99,40.8,15.2,25.6
2025-04-11,1,2025-04-10T22:00:00Z,2025-04-10T23:00:00Z,91.95,91.95,88.01,95.61,51.83,97.99,18.4,3.0,15.4
2025-04-11,2,2025-04-10T23:00:00Z,2025-04-11T00:00:00Z,95.88,95.88,93.01,109.0,82.0,109.0,18.3,3.0,15.3
2025-04-11,3,2025-04-11T00:00:00Z,2025-04-11T01:00:00Z,116.44,116.44,107.44,111.14,80.79,125.65,22.2,2.2,20.0
2025-04-11,4,2025-04-11T01:00:00Z,2025-04-11T02:00:00Z,109.52,109.52,109.43,150.66,87.42,150.66,13.3,0.0,13.3
2025-04-11,5,2025-04-11T02:00:00Z,2025-04-11T03:00:00Z,105.93,105.93,108.74,120.0,84.11,158.08,18.4,7.0,11.4
2025-04-11,6,2025-04-11T03:00:00Z,2025-04-11T04:00:00Z,114.99,114.99,117.1,150.0,96.96,160.48,47.6,17.1,30.5
2025-04-11,7,2025-04-11T04:00:00Z,2025-04-11T05:00:00Z,149.97,149.97,163.81,181.01,120.97,200.0,48.1,9.4,38.7
2025-04-11,8,2025-04-11T05:00:00Z,2025-04-11T06:00:00Z,129.81,129.81,134.02,120.0,115.0,163.99,130.2,38.5,91.7
2025-04-11,9,2025-04-11T06:00:00Z,2025-04-11T07:00:00Z,118.23,118.23,120.38,131.0,98.0,131.0,154.4,20.5,133.9
2025-04-11,10,2025-04-11T07:00:00Z,2025-04-11T08:00:00Z,59.98,59.98,58.23,25.22,25.22,71.38,111.4,23.1,88.3
2025-04-11,11,2025-04-11T08:00:00Z,2025-04-11T09:00:00Z,6.87,6.87,8.9,41.34,-9.9,41.34,241.7,66.0,175.7
2025-04-11,12,2025-04-11T09:00:00Z,2025-04-11T10:00:00Z,-1.79,-1.79,-1.1,1.99,-30.0,55.68,275.3,149.9,125.4
2025-04-11,13,2025-04-11T10:00:00Z,2025-04-11T11:00:00Z,11.93,11.93,9.48,21.0,-28.39,120.02,317.1,135.9,181.2
2025-04-11,14,2025-04-11T11:00:00Z,2025-04-11T12:00:00Z,13.04,13.04,14.48,85.0,-15.0,113.51,344.0,149.4,194.6
2025-04-11,15,2025-04-11T12:00:00Z,2025-04-11T13:00:00Z,65.57,65.57,65.74,133.04,-2.42,156.88,463.1,215.3,247.8
2025-04-11,16,2025-04-11T13:00:00Z,2025-04-11T14:00:00Z,90.22,90.22,96.0,143.47,9.98,169.98,231.1,108.4,122.7
2025-04-11,17,2025-04-11T14:00:00Z,2025-04-11T15:00:00Z,129.91,129.91,130.71,101.01,75.89,235.01,154.7,58.5,96.2
2025-04-11,18,2025-04-11T15:00:00Z,2025-04-11T16:00:00Z,203.37,203.37,185.66,292.0,120.7,292.0,66.5,23.5,43.0
2025-04-11,19,2025-04-11T16:00:00Z,2025-04-11T17:00:00Z,139.03,139.03,140.05,169.0,125.0,170.0,45.2,23.6,21.6
2025-04-11,20,2025-04-11T17:00:00Z,2025-04-11T18:00:00Z,170.07,170.07,176.84,177.2,129.29,244.1,204.8,70.0,134.8
2025-04-11,21,2025-04-11T18:00:00Z,2025-04-11T19:00:00Z,185.25,185.25,186.6,187.21,157.5,230.0,217.3,66.7,150.6
2025-04-11,22,2025-04-11T19:00:00Z,2025-04-11T20:00:00Z,160.44,160.44,163.2,210.0,151.0,210.0,206.1,50.6,155.5
2025-04-11,23,2025-04-11T20:00:00Z,2025-04-11T21:00:00Z,169.37,169.37,175.94,180.0,140.02,200.78,63.3,41.4,21.9
2025-04-11,24,2025-04-11T21:00:00Z,2025-04-11T22:00:00Z,112.98,112.98,112.2,103.78,103.6,125.0,69.2,54.0,15.2
2025-04-12,1,2025-04-11T22:00:00Z,2025-04-11T23:00:00Z,92.41,92.41,98.55,80.0,80.0,107.77,100.7,64.5,36.2
2025-04-12,2,2025-04-11T23:00:00Z,2025-04-12T00:00:00Z,104.98,104.98,105.91,109.59,97.0,115.75,64.4,18.9,45.5
2025-04-12,3,2025-04-12T00:00:00Z,2025-04-12T01:00:00Z,99.71,99.71,99.36,98.11,95.0,103.0,67.5,28.9,38.6
2025-04-12,4,2025-04-12T01:00:00Z,2025-04-12T02:00:00Z,98.58,98.58,99.07,105.07,96.7,107.08,97.0,43.8,53.2
2025-04-12,5,2025-04-12T02:00:00Z,2025-04-12T03:00:00Z,99.04,99.04,100.91,110.39,95.6,110.5,44.0,23.8,20.2
2025-04-12,6,2025-04-12T03:00:00Z,2025-04-12T04:00:00Z,102.54,102.54,103.27,110.0,95.0,110.0,24.4,3.8,20.6
2025-04-12,7,2025-04-12T04:00:00Z,2025-04-12T05:00:00Z,111.03,111.03,113.41,124.0,105.0,124.56,45.0,31.5,13.5
2025-04-12,8,2025-04-12T05:00:00Z,2025-04-12T06:00:00Z,113.99,113.99,112.9,108.7,101.01,124.15,173.6,99.0,74.6
2025-04-12,9,2025-04-12T06:00:00Z,2025-04-12T07:00:00Z,95.8,95.8,96.58,94.48,90.0,101.3,75.5,30.7,44.8
2025-04-12,10,2025-04-12T07:00:00Z,2025-04-12T08:00:00Z,69.11,69.11,69.38,65.49,60.0,79.66,123.6,69.2,54.4
2025-04-12,11,2025-04-12T08:00:00Z,2025-04-12T09:00:00Z,26.91,26.91,26.81,32.46,15.3,38.2,197.9,122.9,75.0
2025-04-12,12,2025-04-12T09:00:00Z,2025-04-12T10:00:00Z,-3.33,-3.33,-7.07,18.73,-26.27,20.77,176.9,120.6,56.3
2025-04-12,13,2025-04-12T10:00:00Z,2025-04-12T11:00:00Z,-26.02,-26.02,-21.51,-35.63,-46.19,-7.0,148.2,103.8,44.4
2025-04-12,14,2025-04-12T11:00:00Z,2025-04-12T12:00:00Z,-39.22,-39.22,-35.97,-45.9,-59.95,-13.0,148.1,49.3,98.8
2025-04-12,15,2025-04-12T12:00:00Z,2025-04-12T13:00:00Z,-61.7,-61.7,-56.95,-79.78,-89.3,-20.34,191.5,75.5,116.0
2025-04-12,16,2025-04-12T13:00:00Z,2025-04-12T14:00:00Z,-17.14,-17.14,-16.55,-36.0,-36.0,4.99,73.6,48.0,25.6
2025-04-12,17,2025-04-12T14:00:00Z,2025-04-12T15:00:00Z,5.34,5.34,4.93,-5.0,-10.55,20.0,100.1,57.3,42.8
2025-04-12,18,2025-04-12T15:00:00Z,2025-04-12T16:00:00Z,84.73,84.73,91.02,103.01,79.51,103.01,131.8,36.7,95.1
2025-04-12,19,2025-04-12T16:00:00Z,2025-04-12T17:00:00Z,101.71,101.71,101.72,119.99,90.61,119.99,251.4,58.2,193.2
2025-04-12,20,2025-04-12T17:00:00Z,2025-04-12T18:00:00Z,147.57,147.57,147.3,131.0,131.0,240.02,246.6,96.8,149.8
2025-04-12,21,2025-04-12T18:00:00Z,2025-04-12T19:00:00Z,141.62,141.62,130.77,31.5,31.5,166.0,208.5,78.5,130.0
2025-04-12,22,2025-04-12T19:00:00Z,2025-04-12T20:00:00Z,90.66,90.66,80.53,70.0,62.62,115.0,91.0,45.5,45.5
2025-04-12,23,2025-04-12T20:00:00Z,2025-04-12T21:00:00Z,109.18,109.18,106.72,65.02,65.02,137.01,167.0,83.5,83.5
2025-04-12,24,2025-04-12T21:00:00Z,2025-04-12T22:00:00Z,107.71,107.71,105.43,73.0,72.72,142.0,130.0,70.0,60.0
2025-04-13,1,2025-04-12T22:00:00Z,2025-04-12T23:00:00Z,70.73,70.73,86.14,93.0,13.8,133.0,167.3,63.5,103.8
2025-04-13,2,2025-04-12T23:00:00Z,2025-04-13T00:00:00Z,86.67,86.67,87.18,111.0,70.0,111.0,146.7,28.5,118.2
2025-04-13,3,2025-04-13T00:00:00Z,2025-04-13T01:00:00Z,87.4,87.4,86.53,125.0,60.0,125.0,72.1,29.2,42.9
2025-04-13,4,2025-04-13T01:00:00Z,2025-04-13T02:00:00Z,62.35,62.35,63.5,50.0,46.0,128.99,98.8,49.4,49.4
2025-04-13,5,2025-04-13T02:00:00Z,2025-04-13T03:00:00Z,62.6,62.6,62.71,46.75,46.75,79.0,95.2,47.7,47.5
2025-04-13,6,2025-04-13T03:00:00Z,2025-04-13T04:00:00Z,80.01,80.01,82.17,85.58,65.0,120.0,88.2,44.1,44.1
2025-04-13,7,2025-04-13T04:00:00Z,2025-04-13T05:00:00Z,73.4,73.4,82.24,60.0,28.73,120.91,122.8,70.0,52.8
2025-04-13,8,2025-04-13T05:00:00Z,2025-04-13T06:00:00Z,30.02,30.02,29.77,38.5,10.29,62.94,147.1,46.5,100.6
2025-04-13,9,2025-04-13T06:00:00Z,2025-04-13T07:00:00Z,17.35,17.35,19.04,22.1,4.84,29.79,77.5,23.2,54.3
2025-04-13,10,2025-04-13T07:00:00Z,2025-04-13T08:00:00Z,9.61,9.61,10.98,-20.0,-20.0,28.1,203.8,133.0,70.8
2025-04-13,11,2025-04-13T08:00:00Z,2025-04-13T09:00:00Z,-2.71,-2.71,0.18,0.01,-9.13,34.56,219.6,121.9,97.7
2025-04-13,12,2025-04-13T09:00:00Z,2025-04-13T10:00:00Z,1.06,1.06,2.47,32.41,-10.05,32.5,122.3,24.0,98.3
2025-04-13,13,2025-04-13T10:00:00Z,2025-04-13T11:00:00Z,17.88,17.88,12.68,20.0,-16.05,80.0,163.2,77.7,85.5
2025-04-13,14,2025-04-13T11:00:00Z,2025-04-13T12:00:00Z,6.87,6.87,9.95,31.01,-25.9,54.0,229.3,47.9,181.4
2025-04-13,15,2025-04-13T12:00:00Z,2025-04-13T13:00:00Z,1.01,1.01,1.96,68.0,-32.5,68.0,236.5,23.8,212.7
2025-04-13,16,2025-04-13T13:00:00Z,2025-04-13T14:00:00Z,8.21,8.21,9.51,10.01,-20.04,37.0,156.1,72.4,83.7
2025-04-13,17,2025-04-13T14:00:00Z,2025-04-13T15:00:00Z,66.75,66.75,63.55,92.53,-3.39,155.0,102.0,15.7,86.3
2025-04-13,18,2025-04-13T15:00:00Z,2025-04-13T16:00:00Z,119.13,119.13,101.32,119.88,50.0,159.0,85.6,38.4,47.2
2025-04-13,19,2025-04-13T16:00:00Z,2025-04-13T17:00:00Z,130.57,130.57,130.44,122.0,82.5,175.0,202.2,41.4,160.8
2025-04-13,20,2025-04-13T17:00:00Z,2025-04-13T18:00:00Z,134.97,134.97,131.42,139.38,121.0,155.7,175.8,43.9,131.9
2025-04-13,21,2025-04-13T18:00:00Z,2025-04-13T19:00:00Z,131.36,131.36,133.27,138.0,122.43,155.0,222.2,29.1,193.1
2025-04-13,22,2025-04-13T19:00:00Z,2025-04-13T20:00:00Z,112.24,112.24,112.93,112.9,99.6,158.2,162.3,46.2,116.1
2025-04-13,23,2025-04-13T20:00:00Z,2025-04-13T21:00:00Z,104.29,104.29,107.22,109.52,99.92,118.89,116.2,17.4,98.8
2025-04-13,24,2025-04-13T21:00:00Z,2025-04-13T22:00:00Z,94.17,94.17,95.21,93.13,90.0,102.3,108.6,17.9,90.7
2025-04-14,1,2025-04-13T22:00:00Z,2025-04-13T23:00:00Z,92.58,92.58,91.84,96.54,88.0,96.6,68.2,3.0,65.2
2025-04-14,2,2025-04-13T23:00:00Z,2025-04-14T00:00:00Z,89.74,89.74,89.45,96.23,85.8,97.18,69.3,3.1,66.2
2025-04-14,3,2025-04-14T00:00:00Z,2025-04-14T01:00:00Z,88.62,88.62,88.26,89.93,85.0,95.02,78.1,3.2,74.9
2025-04-14,4,2025-04-14T01:00:00Z,2025-04-14T02:00:00Z,90.37,90.37,89.67,104.6,86.0,104.6,84.0,2.8,81.2
2025-04-14,5,2025-04-14T02:00:00Z,2025-04-14T03:00:00Z,90.99,90.99,93.4,109.6,87.0,109.95,83.5,2.7,80.8
2025-04-14,6,2025-04-14T03:00:00Z,2025-04-14T04:00:00Z,100.89,100.89,103.65,97.71,92.01,110.0,50.2,2.7,47.5
2025-04-14,7,2025-04-14T04:00:00Z,2025-04-14T05:00:00Z,124.55,124.55,125.0,118.12,118.12,134.43,53.1,2.8,50.3
2025-04-14,8,2025-04-14T05:00:00Z,2025-04-14T06:00:00Z,155.67,155.67,158.02,161.0,145.11,189.22,128.9,6.7,122.2
2025-04-14,9,2025-04-14T06:00:00Z,2025-04-14T07:00:00Z,141.97,141.97,137.93,111.83,111.83,149.0,154.6,39.2,115.4
2025-04-14,10,2025-04-14T07:00:00Z,2025-04-14T08:00:00Z,115.37,115.37,114.56,80.01,80.01,131.99,309.7,134.5,175.2
2025-04-14,11,2025-04-14T08:00:00Z,2025-04-14T09:00:00Z,90.49,90.49,88.92,58.0,58.0,155.45,205.3,112.0,93.3
2025-04-14,12,2025-04-14T09:00:00Z,2025-04-14T10:00:00Z,86.03,86.03,84.09,89.99,63.41,104.95,235.7,111.7,124.0
2025-04-14,13,2025-04-14T10:00:00Z,2025-04-14T11:00:00Z,84.91,84.91,72.96,44.0,37.56,120.01,258.7,122.5,136.2
2025-04-14,14,2025-04-14T11:00:00Z,2025-04-14T12:00:00Z,71.87,71.87,66.36,29.99,20.13,110.0,298.0,156.9,141.1
2025-04-14,15,2025-04-14T12:00:00Z,2025-04-14T13:00:00Z,72.27,72.27,63.5,60.0,30.4,119.95,250.2,127.3,122.9
2025-04-14,16,2025-04-14T13:00:00Z,2025-04-14T14:00:00Z,83.0,83.0,82.73,98.16,58.95,130.0,143.1,47.1,96.0
2025-04-14,17,2025-04-14T14:00:00Z,2025-04-14T15:00:00Z,102.92,102.92,99.5,122.5,84.0,179.99,194.6,70.1,124.5
2025-04-14,18,2025-04-14T15:00:00Z,2025-04-14T16:00:00Z,106.71,106.71,111.85,129.96,99.0,150.0,358.4,142.3,216.1
2025-04-14,19,2025-04-14T16:00:00Z,2025-04-14T17:00:00Z,128.79,128.79,127.74,139.18,116.0,151.8,142.5,40.7,101.8
2025-04-14,20,2025-04-14T17:00:00Z,2025-04-14T18:00:00Z,191.35,191.35,192.32,210.0,153.19,228.55,261.7,83.1,178.6
2025-04-14,21,2025-04-14T18:00:00Z,2025-04-14T19:00:00Z,175.39,175.39,172.75,112.0,112.0,201.6,259.2,91.4,167.8
2025-04-14,22,2025-04-14T19:00:00Z,2025-04-14T20:00:00Z,99.3,99.3,98.77,99.41,92.19,105.19,93.2,21.2,72.0
2025-04-14,23,2025-04-14T20:00:00Z,2025-04-14T21:00:00Z,94.32,94.32,92.39,59.22,59.22,125.16,231.4,88.9,142.5
2025-04-14,24,2025-04-14T21:00:00Z,2025-04-14T22:00:00Z,79.66,79.66,80.26,89.17,71.11,89.17,217.9,92.3,125.6
2025-04-15,1,2025-04-14T22:00:00Z,2025-04-14T23:00:00Z,86.75,86.75,90.06,95.0,80.0,103.42,66.2,28.0,38.2
2025-04-15,2,2025-04-14T23:00:00Z,2025-04-15T00:00:00Z,85.15,85.15,84.77,75.0,75.0,94.5,38.5,8.0,30.5
2025-04-15,3,2025-04-15T00:00:00Z,2025-04-15T01:00:00Z,83.84,83.84,89.01,135.0,75.61,135.0,55.2,15.7,39.5
2025-04-15,4,2025-04-15T01:00:00Z,2025-04-15T02:00:00Z,81.73,81.73,82.96,83.0,75.0,94.97,74.3,22.6,51.7
2025-04-15,5,2025-04-15T02:00:00Z,2025-04-15T03:00:00Z,84.35,84.35,85.92,84.27,81.0,92.05,50.4,4.3,46.1
2025-04-15,6,2025-04-15T03:00:00Z,2025-04-15T04:00:00Z,113.85,113.85,127.89,150.0,96.2,300.0,69.0,14.0,55.0
2025-04-15,7,2025-04-15T04:00:00Z,2025-04-15T05:00:00Z,138.98,138.98,137.61,110.01,110.01,140.0,107.2,40.9,66.3
2025-04-15,8,2025-04-15T05:00:00Z,2025-04-15T06:00:00Z,121.27,121.27,122.9,135.0,100.15,150.0,88.0,22.7,65.3
2025-04-15,9,2025-04-15T06:00:00Z,2025-04-15T07:00:00Z,119.61,119.61,121.39,153.0,111.2,153.0,107.7,13.5,94.2
2025-04-15,10,2025-04-15T07:00:00Z,2025-04-15T08:00:00Z,132.99,132.99,132.26,145.15,109.02,180.0,214.4,64.0,150.4
2025-04-15,11,2025-04-15T08:00:00Z,2025-04-15T09:00:00Z,121.77,121.77,123.2,146.94,96.0,154.98,213.9,86.9,127.0
2025-04-15,12,2025-04-15T09:00:00Z,2025-04-15T10:00:00Z,112.35,112.35,113.72,119.9,91.01,130.49,265.0,152.2,112.8
2025-04-15,13,2025-04-15T10:00:00Z,2025-04-15T11:00:00Z,110.95,110.95,111.42,130.0,97.85,135.0,470.2,184.5,285.7
2025-04-15,14,2025-04-15T11:00:00Z,2025-04-15T12:00:00Z,102.91,102.91,100.48,48.01,48.01,121.3,517.9,169.4,348.5
2025-04-15,15,2025-04-15T12:00:00Z,2025-04-15T13:00:00Z,100.67,100.67,100.72,99.89,86.0,119.72,394.2,95.7,298.5
2025-04-15,16,2025-04-15T13:00:00Z,2025-04-15T14:00:00Z,95.83,95.83,93.35,74.5,74.5,108.0,428.3,78.6,349.7
2025-04-15,17,2025-04-15T14:00:00Z,2025-04-15T15:00:00Z,95.13,95.13,91.18,56.84,56.84,109.67,231.0,98.5,132.5
2025-04-15,18,2025-04-15T15:00:00Z,2025-04-15T16:00:00Z,95.42,95.42,95.63,102.06,73.14,110.2,161.7,62.6,99.1
2025-04-15,19,2025-04-15T16:00:00Z,2025-04-15T17:00:00Z,103.72,103.72,104.02,89.99,84.99,115.0,246.0,105.5,140.5
2025-04-15,20,2025-04-15T17:00:00Z,2025-04-15T18:00:00Z,134.43,134.43,134.19,111.5,111.5,154.0,154.3,12.0,142.3
2025-04-15,21,2025-04-15T18:00:00Z,2025-04-15T19:00:00Z,137.52,137.52,137.5,122.27,122.27,154.0,138.4,26.0,112.4
2025-04-15,22,2025-04-15T19:00:00Z,2025-04-15T20:00:00Z,105.59,105.59,105.61,106.46,103.87,107.5,66.8,11.0,55.8
2025-04-15,23,2025-04-15T20:00:00Z,2025-04-15T21:00:00Z,99.75,99.75,102.25,90.0,90.0,130.0,151.8,64.0,87.8
2025-04-15,24,2025-04-15T21:00:00Z,2025-04-15T22:00:00Z,98.27,98.27,94.19,70.0,70.0,128.48,169.1,59.0,110.1
2025-04-16,1,2025-04-15T22:00:00Z,2025-04-15T23:00:00Z,94.83,94.83,93.51,101.23,90.0,101.25,34.9,11.8,23.1
2025-04-16,2,2025-04-15T23:00:00Z,2025-04-16T00:00:00Z,93.27,93.27,94.54,105.0,85.0,105.0,29.9,6.8,23.1
2025-04-16,3,2025-04-16T00:00:00Z,2025-04-16T01:00:00Z,91.83,91.83,93.42,97.73,85.0,100.48,29.2,6.8,22.4
2025-04-16,4,2025-04-16T01:00:00Z,2025-04-16T02:00:00Z,89.86,89.86,90.0,90.1,86.0,93.0,27.3,9.0,18.3
2025-04-16,5,2025-04-16T02:00:00Z,2025-04-16T03:00:00Z,91.23,91.23,91.41,86.22,86.22,98.0,57.9,18.9,39.0
2025-04-16,6,2025-04-16T03:00:00Z,2025-04-16T04:00:00Z,105.92,105.92,105.46,105.0,103.81,110.73,111.9,43.1,68.8
2025-04-16,7,2025-04-16T04:00:00Z,2025-04-16T05:00:00Z,124.87,124.87,126.11,140.87,119.7,140.87,320.4,19.0,301.4
2025-04-16,8,2025-04-16T05:00:00Z,2025-04-16T06:00:00Z,137.51,137.51,138.08,150.36,131.4,151.93,323.9,9.0,314.9
2025-04-16,9,2025-04-16T06:00:00Z,2025-04-16T07:00:00Z,115.93,115.93,110.06,99.99,94.0,127.0,109.4,19.5,89.9
2025-04-16,10,2025-04-16T07:00:00Z,2025-04-16T08:00:00Z,19.2,19.2,19.97,24.98,0.02,68.0,164.2,59.4,104.8
2025-04-16,11,2025-04-16T08:00:00Z,2025-04-16T09:00:00Z,35.04,35.04,32.51,50.0,3.97,50.84,300.4,145.2,155.2
2025-04-16,12,2025-04-16T09:00:00Z,2025-04-16T10:00:00Z,21.66,21.66,23.57,69.0,3.1,89.47,989.0,680.5,308.5
2025-04-16,13,2025-04-16T10:00:00Z,2025-04-16T11:00:00Z,10.45,10.45,9.98,2.9,0.2,21.83,339.7,137.9,201.8
2025-04-16,14,2025-04-16T11:00:00Z,2025-04-16T12:00:00Z,-1.99,-1.99,-3.42,1.0,-46.0,16.88,481.9,220.4,261.5
2025-04-16,15,2025-04-16T12:00:00Z,2025-04-16T13:00:00Z,1.95,1.95,0.95,-0.03,-25.59,22.66,372.1,144.2,227.9
2025-04-16,16,2025-04-16T13:00:00Z,2025-04-16T14:00:00Z,25.85,25.85,25.56,20.0,6.0,48.86,576.1,355.7,220.4
2025-04-16,17,2025-04-16T14:00:00Z,2025-04-16T15:00:00Z,40.05,40.05,39.15,33.99,20.06,55.0,174.0,43.1,130.9
2025-04-16,18,2025-04-16T15:00:00Z,2025-04-16T16:00:00Z,92.6,92.6,90.67,95.0,73.18,100.05,215.7,47.0,168.7
2025-04-16,19,2025-04-16T16:00:00Z,2025-04-16T17:00:00Z,106.28,106.28,104.85,78.02,69.0,119.0,418.6,48.0,370.6
2025-04-16,20,2025-04-16T17:00:00Z,2025-04-16T18:00:00Z,155.67,155.67,153.74,143.01,125.23,170.51,248.8,72.4,176.4
2025-04-16,21,2025-04-16T18:00:00Z,2025-04-16T19:00:00Z,158.94,158.94,159.05,165.04,145.11,173.98,289.8,101.5,188.3
2025-04-16,22,2025-04-16T19:00:00Z,2025-04-16T20:00:00Z,109.52,109.52,108.91,112.29,96.0,123.0,420.4,45.4,375.0
2025-04-16,23,2025-04-16T20:00:00Z,2025-04-16T21:00:00Z,96.98,96.98,98.8,120.88,84.1,120.88,283.6,131.5,152.1
2025-04-16,24,2025-04-16T21:00:00Z,2025-04-16T22:00:00Z,91.19,91.19,89.19,82.15,81.88,97.58,124.0,55.3,68.7
2025-04-17,1,2025-04-16T22:00:00Z,2025-04-16T23:00:00Z,79.54,79.54,80.84,78.1,77.35,90.18,26.0,25.6,0.4
2025-04-17,2,2025-04-16T23:00:00Z,2025-04-17T00:00:00Z,83.58,83.58,83.34,124.0,78.79,124.0,76.3,45.5,30.8
2025-04-17,3,2025-04-17T00:00:00Z,2025-04-17T01:00:00Z,79.94,79.94,80.21,83.31,76.59,84.95,46.9,26.2,20.7
2025-04-17,4,2025-04-17T01:00:00Z,2025-04-17T02:00:00Z,76.81,76.81,77.75,83.0,75.71,83.0,37.7,32.6,5.1
2025-04-17,5,2025-04-17T02:00:00Z,2025-04-17T03:00:00Z,80.29,80.29,80.83,84.99,77.7,84.99,30.6,25.7,4.9
2025-04-17,6,2025-04-17T03:00:00Z,2025-04-17T04:00:00Z,83.58,83.58,84.59,78.09,78.09,91.55,30.6,30.3,0.3
2025-04-17,7,2025-04-17T04:00:00Z,2025-04-17T05:00:00Z,104.87,104.87,104.61,95.77,95.77,110.49,157.3,35.1,122.2
2025-04-17,8,2025-04-17T05:00:00Z,2025-04-17T06:00:00Z,112.79,112.79,112.24,104.57,104.57,118.8,206.0,25.1,180.9
2025-04-17,9,2025-04-17T06:00:00Z,2025-04-17T07:00:00Z,72.37,72.37,70.23,74.0,50.01,108.02,108.7,27.8,80.9
2025-04-17,10,2025-04-17T07:00:00Z,2025-04-17T08:00:00Z,69.79,69.79,65.56,80.0,34.51,100.01,207.0,52.3,154.7
2025-04-17,11,2025-04-17T08:00:00Z,2025-04-17T09:00:00Z,60.77,60.77,59.22,59.03,27.57,119.15,345.7,148.8,196.9
2025-04-17,12,2025-04-17T09:00:00Z,2025-04-17T10:00:00Z,38.64,38.64,39.08,76.0,15.02,96.05,285.3,120.0,165.3
2025-04-17,13,2025-04-17T10:00:00Z,2025-04-17T11:00:00Z,43.01,43.01,40.37,65.5,18.19,88.9,278.5,118.2,160.3
2025-04-17,14,2025-04-17T11:00:00Z,2025-04-17T12:00:00Z,49.01,49.01,47.99,50.0,15.1,84.3,269.4,147.7,121.7
2025-04-17,15,2025-04-17T12:00:00Z,2025-04-17T13:00:00Z,53.49,53.49,60.1,90.04,15.01,117.44,319.1,193.9,125.2
2025-04-17,16,2025-04-17T13:00:00Z,2025-04-17T14:00:00Z,95.41,95.41,94.54,95.47,73.0,116.88,472.1,300.2,171.9
2025-04-17,17,2025-04-17T14:00:00Z,2025-04-17T15:00:00Z,100.24,100.24,101.52,100.0,76.39,129.99,407.2,238.8,168.4
2025-04-17,18,2025-04-17T15:00:00Z,2025-04-17T16:00:00Z,113.48,113.48,111.86,116.23,93.8,134.98,228.3,130.9,97.4
2025-04-17,19,2025-04-17T16:00:00Z,2025-04-17T17:00:00Z,99.01,99.01,101.99,100.0,81.15,115.07,386.6,117.4,269.2
2025-04-17,20,2025-04-17T17:00:00Z,2025-04-17T18:00:00Z,121.67,121.67,123.79,120.01,115.99,137.18,241.5,50.3,191.2
2025-04-17,21,2025-04-17T18:00:00Z,2025-04-17T19:00:00Z,144.54,144.54,140.9,126.01,126.01,172.99,72.2,33.9,38.3
2025-04-17,22,2025-04-17T19:00:00Z,2025-04-17T20:00:00Z,103.8,103.8,104.01,113.45,100.03,119.37,432.9,31.6,401.3
2025-04-17,23,2025-04-17T20:00:00Z,2025-04-17T21:00:00Z,115.1,115.1,113.82,130.0,97.5,139.86,94.2,34.0,60.2
2025-04-17,24,2025-04-17T21:00:00Z,2025-04-17T22:00:00Z,103.04,103.04,100.69,107.9,93.49,119.05,70.9,36.2,34.7
2025-04-18,1,2025-04-17T22:00:00Z,2025-04-17T23:00:00Z,91.15,91.15,90.39,85.24,79.9,97.41,47.7,26.1,21.6
2025-04-18,2,2025-04-17T23:00:00Z,2025-04-18T00:00:00Z,95.02,95.02,96.51,107.0,76.63,107.0,45.2,4.0,41.2
2025-04-18,3,2025-04-18T00:00:00Z,2025-04-18T01:00:00Z,94.36,94.36,93.96,105.01,87.37,105.01,30.1,0.0,30.1
2025-04-18,4,2025-04-18T01:00:00Z,2025-04-18T02:00:00Z,92.35,92.35,93.91,97.6,73.58,97.82,38.7,4.0,34.7
2025-04-18,5,2025-04-18T02:00:00Z,2025-04-18T03:00:00Z,92.51,92.51,91.93,89.92,89.82,95.31,37.2,0.0,37.2
2025-04-18,6,2025-04-18T03:00:00Z,2025-04-18T04:00:00Z,93.05,93.05,92.36,93.0,75.0,96.1,39.7,0.1,39.6
2025-04-18,7,2025-04-18T04:00:00Z,2025-04-18T05:00:00Z,88.98,88.98,88.64,88.0,84.32,92.01,49.0,0.0,49.0
2025-04-18,8,2025-04-18T05:00:00Z,2025-04-18T06:00:00Z,102.8,102.8,102.47,95.7,95.7,107.0,61.3,1.2,60.1
2025-04-18,9,2025-04-18T06:00:00Z,2025-04-18T07:00:00Z,103.7,103.7,103.89,90.0,86.79,115.02,73.4,14.9,58.5
2025-04-18,10,2025-04-18T07:00:00Z,2025-04-18T08:00:00Z,100.28,100.28,97.83,96.29,70.0,114.0,80.8,36.4,44.4
2025-04-18,11,2025-04-18T08:00:00Z,2025-04-18T09:00:00Z,100.76,100.76,101.43,93.72,91.0,112.0,111.6,63.9,47.7
2025-04-18,12,2025-04-18T09:00:00Z,2025-04-18T10:00:00Z,81.52,81.52,82.74,41.7,41.7,100.94,348.3,222.2,126.1
2025-04-18,13,2025-04-18T10:00:00Z,2025-04-18T11:00:00Z,82.45,82.45,83.32,65.0,65.0,93.49,213.7,122.7,91.0
2025-04-18,14,2025-04-18T11:00:00Z,2025-04-18T12:00:00Z,76.33,76.33,75.32,69.43,40.0,107.5,299.0,219.8,79.2
2025-04-18,15,2025-04-18T12:00:00Z,2025-04-18T13:00:00Z,74.51,74.51,74.59,78.1,67.69,80.0,329.6,266.3,63.3
2025-04-18,16,2025-04-18T13:00:00Z,2025-04-18T14:00:00Z,75.44,75.44,75.65,74.9,68.8,80.0,367.2,302.2,65.0
2025-04-18,17,2025-04-18T14:00:00Z,2025-04-18T15:00:00Z,84.36,84.36,84.44,100.0,77.8,100.0,108.7,59.0,49.7
2025-04-18,18,2025-04-18T15:00:00Z,2025-04-18T16:00:00Z,96.72,96.72,97.29,100.94,90.84,101.89,105.5,37.7,67.8
2025-04-18,19,2025-04-18T16:00:00Z,2025-04-18T17:00:00Z,112.74,112.74,112.15,107.0,107.0,120.79,160.3,55.6,104.7
2025-04-18,20,2025-04-18T17:00:00Z,2025-04-18T18:00:00Z,125.75,125.75,125.69,120.0,120.0,130.0,142.4,53.0,89.4
2025-04-18,21,2025-04-18T18:00:00Z,2025-04-18T19:00:00Z,128.19,128.19,127.5,122.22,122.22,139.49,219.5,83.8,135.7
2025-04-18,22,2025-04-18T19:00:00Z,2025-04-18T20:00:00Z,110.65,110.65,110.62,98.49,95.14,122.81,180.7,31.3,149.4
2025-04-18,23,2025-04-18T20:00:00Z,2025-04-18T21:00:00Z,99.35,99.35,100.27,110.6,90.0,110.72,285.1,54.9,230.2
2025-04-18,24,2025-04-18T21:00:00Z,2025-04-18T22:00:00Z,93.11,93.11,93.58,92.22,88.0,100.91,205.3,31.5,173.8
2025-04-19,1,2025-04-18T22:00:00Z,2025-04-18T23:00:00Z,93.88,93.88,93.94,96.37,93.0,97.75,63.2,10.2,53.0
2025-04-19,2,2025-04-18T23:00:00Z,2025-04-19T00:00:00Z,86.79,86.79,87.21,92.39,85.0,93.45,66.4,11.9,54.5
2025-04-19,3,2025-04-19T00:00:00Z,2025-04-19T01:00:00Z,87.36,87.36,87.88,89.42,85.0,93.9,65.2,12.7,52.5
2025-04-19,4,2025-04-19T01:00:00Z,2025-04-19T02:00:00Z,83.81,83.81,84.08,81.81,81.66,86.46,60.2,10.7,49.5
2025-04-19,5,2025-04-19T02:00:00Z,2025-04-19T03:00:00Z,86.52,86.52,86.13,86.2,85.42,89.0,54.6,25.1,29.5
2025-04-19,6,2025-04-19T03:00:00Z,2025-04-19T04:00:00Z,90.76,90.76,89.64,84.92,84.92,94.0,54.6,26.1,28.5
2025-04-19,7,2025-04-19T04:00:00Z,2025-04-19T05:00:00Z,96.5,96.5,96.58,93.32,93.32,98.83,67.2,22.9,44.3
2025-04-19,8,2025-04-19T05:00:00Z,2025-04-19T06:00:00Z,93.01,93.01,92.8,95.01,87.88,96.0,115.8,38.2,77.6
2025-04-19,9,2025-04-19T06:00:00Z,2025-04-19T07:00:00Z,88.22,88.22,87.62,100.01,82.39,100.01,102.8,26.3,76.5
2025-04-19,10,2025-04-19T07:00:00Z,2025-04-19T08:00:00Z,72.97,72.97,72.86,61.95,59.0,84.44,143.3,58.0,85.3
2025-04-19,11,2025-04-19T08:00:00Z,2025-04-19T09:00:00Z,45.61,45.61,45.15,30.0,30.0,66.63,164.1,79.9,84.2
2025-04-19,12,2025-04-19T09:00:00Z,2025-04-19T10:00:00Z,25.83,25.83,25.85,20.11,12.75,36.8,142.7,63.7,79.0
2025-04-19,13,2025-04-19T10:00:00Z,2025-04-19T11:00:00Z,4.7,4.7,9.31,10.72,-19.97,19.81,245.2,160.1,85.1
2025-04-19,14,2025-04-19T11:00:00Z,2025-04-19T12:00:00Z,15.06,15.06,16.58,1.0,-4.0,36.35,200.0,102.5,97.5
2025-04-19,15,2025-04-19T12:00:00Z,2025-04-19T13:00:00Z,9.92,9.92,7.3,50.0,-8.18,50.0,260.3,97.7,162.6
2025-04-19,16,2025-04-19T13:00:00Z,2025-04-19T14:00:00Z,12.54,12.54,12.58,15.59,-3.18,27.02,263.1,202.2,60.9
2025-04-19,17,2025-04-19T14:00:00Z,2025-04-19T15:00:00Z,20.79,20.79,18.36,23.59,4.99,32.54,214.8,188.0,26.8
2025-04-19,18,2025-04-19T15:00:00Z,2025-04-19T16:00:00Z,73.76,73.76,72.53,68.5,66.26,77.0,64.4,37.0,27.4
2025-04-19,19,2025-04-19T16:00:00Z,2025-04-19T17:00:00Z,99.46,99.46,98.33,90.9,90.81,102.15,240.6,40.8,199.8
2025-04-19,20,2025-04-19T17:00:00Z,2025-04-19T18:00:00Z,123.14,123.14,121.14,110.16,108.1,134.87,238.3,32.3,206.0
2025-04-19,21,2025-04-19T18:00:00Z,2025-04-19T19:00:00Z,171.53,171.53,171.34,183.44,148.32,239.96,302.9,113.4,189.5
2025-04-19,22,2025-04-19T19:00:00Z,2025-04-19T20:00:00Z,134.17,134.17,135.28,123.0,123.0,143.2,455.6,111.0,344.6
2025-04-19,23,2025-04-19T20:00:00Z,2025-04-19T21:00:00Z,109.31,109.31,110.74,115.9,103.3,124.99,289.4,63.0,226.4
2025-04-19,24,2025-04-19T21:00:00Z,2025-04-19T22:00:00Z,98.28,98.28,99.05,108.75,93.11,108.87,207.7,71.9,135.8
2025-04-20,1,2025-04-19T22:00:00Z,2025-04-19T23:00:00Z,101.6,101.6,101.67,99.46,98.79,115.49,58.7,28.0,30.7
2025-04-20,2,2025-04-19T23:00:00Z,2025-04-20T00:00:00Z,99.83,99.83,97.54,97.0,92.55,112.05,67.8,37.0,30.8
2025-04-20,3,2025-04-20T00:00:00Z,2025-04-20T01:00:00Z,95.5,95.5,90.88,76.85,76.85,106.0,52.8,33.0,19.8
2025-04-20,4,2025-04-20T01:00:00Z,2025-04-20T02:00:00Z,94.48,94.48,92.85,91.4,87.84,108.0,193.8,58.4,135.4
2025-04-20,5,2025-04-20T02:00:00Z,2025-04-20T03:00:00Z,97.65,97.65,96.86,89.05,89.05,108.0,181.1,53.3,127.8
2025-04-20,6,2025-04-20T03:00:00Z,2025-04-20T04:00:00Z,96.88,96.88,96.93,86.42,86.42,104.47,158.9,43.9,115.0
2025-04-20,7,2025-04-20T04:00:00Z,2025-04-20T05:00:00Z,95.09,95.09,93.5,91.59,87.86,99.1,50.8,34.7,16.1
2025-04-20,8,2025-04-20T05:00:00Z,2025-04-20T06:00:00Z,77.2,77.2,76.52,67.97,67.97,82.05,73.1,37.5,35.6
2025-04-20,9,2025-04-20T06:00:00Z,2025-04-20T07:00:00Z,54.31,54.31,53.43,46.0,42.47,57.5,105.2,48.3,56.9
2025-04-20,10,2025-04-20T07:00:00Z,2025-04-20T08:00:00Z,-9.5,-9.5,-9.03,-24.0,-24.0,-0.01,337.9,263.0,74.9
2025-04-20,11,2025-04-20T08:00:00Z,2025-04-20T09:00:00Z,-16.99,-16.99,-19.98,-11.0,-45.71,-5.01,305.4,256.8,48.6
2025-04-20,12,2025-04-20T09:00:00Z,2025-04-20T10:00:00Z,-134.01,-134.01,-123.24,-140.0,-186.94,-40.02,164.4,107.9,56.5
2025-04-20,13,2025-04-20T10:00:00Z,2025-04-20T11:00:00Z,-273.89,-273.89,-319.05,-520.0,-520.0,-110.0,466.7,244.6,222.1
2025-04-20,14,2025-04-20T11:00:00Z,2025-04-20T12:00:00Z,-252.16,-252.16,-306.78,-660.0,-800.0,-110.0,378.1,198.6,179.5
2025-04-20,15,2025-04-20T12:00:00Z,2025-04-20T13:00:00Z,-369.7,-369.7,-345.35,-525.0,-600.0,-70.01,139.5,50.6,88.9
2025-04-20,16,2025-04-20T13:00:00Z,2025-04-20T14:00:00Z,-95.01,-95.01,-89.1,-28.01,-157.12,-8.04,94.6,30.6,64.0
2025-04-20,17,2025-04-20T14:00:00Z,2025-04-20T15:00:00Z,0.17,0.17,-4.78,24.36,-43.35,25.34,167.2,107.9,59.3
2025-04-20,18,2025-04-20T15:00:00Z,2025-04-20T16:00:00Z,58.27,58.27,58.98,51.02,46.91,64.61,82.5,8.2,74.3
2025-04-20,19,2025-04-20T16:00:00Z,2025-04-20T17:00:00Z,93.19,93.19,92.9,91.95,89.65,102.13,267.0,19.5,247.5
2025-04-20,20,2025-04-20T17:00:00Z,2025-04-20T18:00:00Z,109.08,109.08,109.2,107.45,105.53,125.01,159.7,4.0,155.7
2025-04-20,21,2025-04-20T18:00:00Z,2025-04-20T19:00:00Z,130.91,130.91,129.7,128.78,119.15,140.0,212.1,34.2,177.9
2025-04-20,22,2025-04-20T19:00:00Z,2025-04-20T20:00:00Z,123.37,123.37,121.55,118.02,105.46,132.36,200.9,29.1,171.8
2025-04-20,23,2025-04-20T20:00:00Z,2025-04-20T21:00:00Z,116.16,116.16,114.15,104.67,101.2,121.0,216.1,24.1,192.0
2025-04-20,24,2025-04-20T21:00:00Z,2025-04-20T22:00:00Z,104.9,104.9,104.62,115.99,96.61,116.11,140.1,4.0,136.1
2025-04-21,1,2025-04-20T22:00:00Z,2025-04-20T23:00:00Z,99.15,99.15,99.35,98.63,96.0,105.2,60.9,0.8,60.1
2025-04-21,2,2025-04-20T23:00:00Z,2025-04-21T00:00:00Z,95.87,95.87,96.07,97.72,88.53,97.97,51.9,0.8,51.1
2025-04-21,3,2025-04-21T00:00:00Z,2025-04-21T01:00:00Z,89.68,89.68,89.37,90.0,80.05,92.58,189.2,7.1,182.1
2025-04-21,4,2025-04-21T01:00:00Z,2025-04-21T02:00:00Z,92.16,92.16,92.07,97.89,80.47,97.89,183.2,11.3,171.9
2025-04-21,5,2025-04-21T02:00:00Z,2025-04-21T03:00:00Z,91.99,91.99,91.64,91.8,89.08,95.35,90.3,16.3,74.0
2025-04-21,6,2025-04-21T03:00:00Z,2025-04-21T04:00:00Z,92.87,92.87,92.81,92.64,88.01,97.09,93.5,11.3,82.2
2025-04-21,7,2025-04-21T04:00:00Z,2025-04-21T05:00:00Z,96.71,96.71,96.9,94.35,87.02,100.31,91.3,1.3,90.0
2025-04-21,8,2025-04-21T05:00:00Z,2025-04-21T06:00:00Z,80.36,80.36,81.81,74.0,74.0,99.25,78.5,1.3,77.2
2025-04-21,9,2025-04-21T06:00:00Z,2025-04-21T07:00:00Z,37.97,37.97,39.48,30.0,-1.0,70.61,85.3,8.3,77.0
2025-04-21,10,2025-04-21T07:00:00Z,2025-04-21T08:00:00Z,14.62,14.62,18.97,7.5,-10.01,74.95,79.3,12.2,67.1
2025-04-21,11,2025-04-21T08:00:00Z,2025-04-21T09:00:00Z,1.02,1.02,2.05,4.01,-28.0,20.0,467.5,378.9,88.6
2025-04-21,12,2025-04-21T09:00:00Z,2025-04-21T10:00:00Z,-32.11,-32.11,-26.93,0.1,-69.0,15.18,492.6,358.3,134.3
2025-04-21,13,2025-04-21T10:00:00Z,2025-04-21T11:00:00Z,-76.88,-76.88,-78.52,-60.0,-145.0,1.0,271.3,161.9,109.4
2025-04-21,14,2025-04-21T11:00:00Z,2025-04-21T12:00:00Z,-101.27,-101.27,-104.48,-169.0,-200.0,1.0,292.1,172.4,119.7
2025-04-21,15,2025-04-21T12:00:00Z,2025-04-21T13:00:00Z,-35.9,-35.9,-39.88,-45.0,-81.67,50.0,254.3,170.7,83.6
2025-04-21,16,2025-04-21T13:00:00Z,2025-04-21T14:00:00Z,1.33,1.33,-0.44,43.99,-9.98,43.99,293.9,199.4,94.5
2025-04-21,17,2025-04-21T14:00:00Z,2025-04-21T15:00:00Z,61.84,61.84,61.68,74.83,51.36,74.83,133.2,36.6,96.6
2025-04-21,18,2025-04-21T15:00:00Z,2025-04-21T16:00:00Z,79.5,79.5,79.24,87.54,71.32,87.54,222.2,68.0,154.2
2025-04-21,19,2025-04-21T16:00:00Z,2025-04-21T17:00:00Z,104.04,104.04,105.17,110.34,95.1,115.72,151.3,27.9,123.4
2025-04-21,20,2025-04-21T17:00:00Z,2025-04-21T18:00:00Z,121.89,121.89,122.29,114.99,114.99,128.44,142.4,21.9,120.5
2025-04-21,21,2025-04-21T18:00:00Z,2025-04-21T19:00:00Z,134.03,134.03,131.78,123.22,123.22,140.5,115.8,21.0,94.8
2025-04-21,22,2025-04-21T19:00:00Z,2025-04-21T20:00:00Z,121.2,121.2,121.49,113.49,113.0,130.5,143.9,29.5,114.4
2025-04-21,23,2025-04-21T20:00:00Z,2025-04-21T21:00:00Z,109.51,109.51,109.97,106.21,100.16,119.5,178.3,29.5,148.8
2025-04-21,24,2025-04-21T21:00:00Z,2025-04-21T22:00:00Z,92.51,92.51,92.32,89.64,84.52,102.35,129.2,10.5,118.7
2025-04-22,1,2025-04-21T22:00:00Z,2025-04-21T23:00:00Z,87.18,87.18,87.4,91.79,86.1,92.08,89.0,9.0,80.0
2025-04-22,2,2025-04-21T23:00:00Z,2025-04-22T00:00:00Z,83.41,83.41,83.13,81.51,81.07,86.0,88.4,2.4,86.0
2025-04-22,3,2025-04-22T00:00:00Z,2025-04-22T01:00:00Z,84.26,84.26,84.19,80.18,80.15,85.81,97.3,2.3,95.0
2025-04-22,4,2025-04-22T01:00:00Z,2025-04-22T02:00:00Z,81.69,81.69,81.92,80.6,79.96,85.0,87.4,4.9,82.5
2025-04-22,5,2025-04-22T02:00:00Z,2025-04-22T03:00:00Z,81.93,81.93,82.22,75.0,75.0,85.0,80.2,4.5,75.7
2025-04-22,6,2025-04-22T03:00:00Z,2025-04-22T04:00:00Z,87.05,87.05,87.4,89.6,85.0,97.6,106.1,11.0,95.1
2025-04-22,7,2025-04-22T04:00:00Z,2025-04-22T05:00:00Z,106.43,106.43,106.41,103.57,103.57,116.99,121.2,2.0,119.2
2025-04-22,8,2025-04-22T05:00:00Z,2025-04-22T06:00:00Z,137.15,137.15,136.19,132.0,128.2,150.0,247.3,2.0,245.3
2025-04-22,9,2025-04-22T06:00:00Z,2025-04-22T07:00:00Z,105.92,105.92,97.44,70.0,70.0,135.5,104.0,12.8,91.2
2025-04-22,10,2025-04-22T07:00:00Z,2025-04-22T08:00:00Z,79.72,79.72,80.34,74.0,68.4,95.0,111.0,38.9,72.1
2025-04-22,11,2025-04-22T08:00:00Z,2025-04-22T09:00:00Z,47.86,47.86,44.88,2.0,2.0,83.0,262.7,106.3,156.4
2025-04-22,12,2025-04-22T09:00:00Z,2025-04-22T10:00:00Z,42.16,42.16,43.26,38.99,26.05,73.62,467.9,218.5,249.4
2025-04-22,13,2025-04-22T10:00:00Z,2025-04-22T11:00:00Z,43.53,43.53,42.82,15.51,15.51,68.45,345.8,145.8,200.0
2025-04-22,14,2025-04-22T11:00:00Z,2025-04-22T12:00:00Z,29.17,29.17,33.19,25.01,-3.0,59.8,328.7,144.4,184.3
2025-04-22,15,2025-04-22T12:00:00Z,2025-04-22T13:00:00Z,57.25,57.25,57.54,57.0,48.15,65.06,306.8,117.2,189.6
2025-04-22,16,2025-04-22T13:00:00Z,2025-04-22T14:00:00Z,73.76,73.76,75.3,76.19,66.0,86.0,180.2,28.1,152.1
2025-04-22,17,2025-04-22T14:00:00Z,2025-04-22T15:00:00Z,80.8,80.8,80.16,78.01,77.1,85.91,121.1,17.5,103.6
2025-04-22,18,2025-04-22T15:00:00Z,2025-04-22T16:00:00Z,104.33,104.33,102.8,92.4,92.4,118.5,188.6,41.6,147.0
2025-04-22,19,2025-04-22T16:00:00Z,2025-04-22T17:00:00Z,115.05,115.05,113.9,98.61,95.97,129.11,280.4,98.5,181.9
2025-04-22,20,2025-04-22T17:00:00Z,2025-04-22T18:00:00Z,191.54,191.54,190.97,156.46,149.94,224.2,712.9,158.7,554.2
2025-04-22,21,2025-04-22T18:00:00Z,2025-04-22T19:00:00Z,248.35,248.35,244.57,247.88,219.1,285.12,150.7,55.5,95.2
2025-04-22,22,2025-04-22T19:00:00Z,2025-04-22T20:00:00Z,151.39,151.39,150.18,135.8,130.68,165.0,159.1,12.9,146.2
2025-04-22,23,2025-04-22T20:00:00Z,2025-04-22T21:00:00Z,115.99,115.99,116.69,150.0,110.16,150.0,78.3,3.5,74.8
2025-04-22,24,2025-04-22T21:00:00Z,2025-04-22T22:00:00Z,103.53,103.53,102.75,96.74,96.74,109.71,62.3,4.0,58.3
2025-04-23,1,2025-04-22T22:00:00Z,2025-04-22T23:00:00Z,97.89,97.89,97.91,96.32,91.26,101.0,55.9,6.9,49.0
2025-04-23,2,2025-04-22T23:00:00Z,2025-04-23T00:00:00Z,86.2,86.2,88.29,87.52,84.0,90.55,141.8,50.8,91.0
2025-04-23,3,2025-04-23T00:00:00Z,2025-04-23T01:00:00Z,82.2,82.2,84.29,83.16,78.0,89.3,184.4,50.1,134.3
2025-04-23,4,2025-04-23T01:00:00Z,2025-04-23T02:00:00Z,84.4,84.4,84.29,81.0,81.0,92.02,72.1,13.1,59.0
2025-04-23,5,2025-04-23T02:00:00Z,2025-04-23T03:00:00Z,87.93,87.93,87.2,79.09,79.01,98.33,85.3,16.3,69.0
2025-04-23,6,2025-04-23T03:00:00Z,2025-04-23T04:00:00Z,99.93,99.93,99.04,95.02,95.02,105.0,93.6,21.3,72.3
2025-04-23,7,2025-04-23T04:00:00Z,2025-04-23T05:00:00Z,116.98,116.98,116.21,108.71,106.04,124.48,185.6,20.3,165.3
2025-04-23,8,2025-04-23T05:00:00Z,2025-04-23T06:00:00Z,121.22,121.22,118.68,105.14,103.1,134.2,208.6,21.1,187.5
2025-04-23,9,2025-04-23T06:00:00Z,2025-04-23T07:00:00Z,70.93,70.93,72.95,80.0,60.01,94.46,104.9,8.4,96.5
2025-04-23,10,2025-04-23T07:00:00Z,2025-04-23T08:00:00Z,66.6,66.6,65.53,50.09,50.09,79.79,135.9,48.4,87.5
2025-04-23,11,2025-04-23T08:00:00Z,2025-04-23T09:00:00Z,57.97,57.97,59.66,45.13,42.99,85.48,166.2,73.1,93.1
2025-04-23,12,2025-04-23T09:00:00Z,2025-04-23T10:00:00Z,56.29,56.29,55.99,50.01,28.8,76.31,268.5,174.1,94.4
2025-04-23,13,2025-04-23T10:00:00Z,2025-04-23T11:00:00Z,55.08,55.08,54.19,45.11,35.38,71.42,332.2,228.5,103.7
2025-04-23,14,2025-04-23T11:00:00Z,2025-04-23T12:00:00Z,50.2,50.2,47.15,42.0,20.01,72.0,255.8,179.1,76.7
2025-04-23,15,2025-04-23T12:00:00Z,2025-04-23T13:00:00Z,59.89,59.89,59.17,24.39,24.39,75.1,256.7,135.5,121.2
2025-04-23,16,2025-04-23T13:00:00Z,2025-04-23T14:00:00Z,67.89,67.89,68.01,79.69,52.93,84.01,253.3,90.7,162.6
2025-04-23,17,2025-04-23T14:00:00Z,2025-04-23T15:00:00Z,80.33,80.33,79.7,82.5,77.09,89.77,222.0,90.9,131.1
2025-04-23,18,2025-04-23T15:00:00Z,2025-04-23T16:00:00Z,97.45,97.45,96.85,90.0,90.0,106.71,128.8,44.6,84.2
2025-04-23,19,2025-04-23T16:00:00Z,2025-04-23T17:00:00Z,113.25,113.25,113.22,60.0,60.0,122.0,157.2,58.1,99.1
2025-04-23,20,2025-04-23T17:00:00Z,2025-04-23T18:00:00Z,131.41,131.41,147.67,57.0,49.31,176.0,135.9,76.7,59.2
2025-04-23,21,2025-04-23T18:00:00Z,2025-04-23T19:00:00Z,150.19,150.19,167.5,98.99,65.62,192.45,120.7,78.1,42.6
2025-04-23,22,2025-04-23T19:00:00Z,2025-04-23T20:00:00Z,112.52,112.52,112.76,115.11,108.03,116.05,69.9,29.7,40.2
2025-04-23,23,2025-04-23T20:00:00Z,2025-04-23T21:00:00Z,94.48,94.48,93.98,88.59,88.09,101.0,133.9,35.9,98.0
2025-04-23,24,2025-04-23T21:00:00Z,2025-04-23T22:00:00Z,86.11,86.11,86.35,83.07,82.8,92.08,139.7,38.6,101.1
2025-04-24,1,2025-04-23T22:00:00Z,2025-04-23T23:00:00Z,81.03,81.03,81.1,73.52,71.74,87.16,77.3,23.9,53.4
2025-04-24,2,2025-04-23T23:00:00Z,2025-04-24T00:00:00Z,79.18,79.18,79.04,81.0,77.0,83.06,65.2,16.3,48.9
2025-04-24,3,2025-04-24T00:00:00Z,2025-04-24T01:00:00Z,76.41,76.41,77.37,73.61,71.0,79.9,61.5,12.8,48.7
2025-04-24,4,2025-04-24T01:00:00Z,2025-04-24T02:00:00Z,78.64,78.64,78.65,81.5,74.7,85.76,76.1,27.4,48.7
2025-04-24,5,2025-04-24T02:00:00Z,2025-04-24T03:00:00Z,74.55,74.55,72.77,53.7,52.4,86.59,83.3,23.6,59.7
2025-04-24,6,2025-04-24T03:00:00Z,2025-04-24T04:00:00Z,82.68,82.68,82.88,71.36,71.01,88.06,78.2,29.6,48.6
2025-04-24,7,2025-04-24T04:00:00Z,2025-04-24T05:00:00Z,98.48,98.48,95.73,81.11,81.11,111.0,63.8,17.5,46.3
2025-04-24,8,2025-04-24T05:00:00Z,2025-04-24T06:00:00Z,108.75,108.75,107.59,105.0,104.76,116.92,72.9,19.5,53.4
2025-04-24,9,2025-04-24T06:00:00Z,2025-04-24T07:00:00Z,109.11,109.11,110.09,106.0,95.06,114.76,49.5,22.6,26.9
2025-04-24,10,2025-04-24T07:00:00Z,2025-04-24T08:00:00Z,94.13,94.13,91.65,100.0,85.0,101.0,186.0,93.0,93.0
2025-04-24,11,2025-04-24T08:00:00Z,2025-04-24T09:00:00Z,87.77,87.77,84.45,50.0,50.0,104.99,168.8,84.4,84.4
2025-04-24,12,2025-04-24T09:00:00Z,2025-04-24T10:00:00Z,75.36,75.36,70.57,18.89,18.89,100.0,161.4,80.7,80.7
2025-04-24,13,2025-04-24T10:00:00Z,2025-04-24T11:00:00Z,77.52,77.52,63.39,68.0,21.0,104.99,157.2,78.6,78.6
2025-04-24,14,2025-04-24T11:00:00Z,2025-04-24T12:00:00Z,70.89,70.89,69.45,87.6,41.3,87.6,386.2,125.8,260.4
2025-04-24,15,2025-04-24T12:00:00Z,2025-04-24T13:00:00Z,73.73,73.73,73.4,105.0,61.0,105.0,365.3,102.4,262.9
2025-04-24,16,2025-04-24T13:00:00Z,2025-04-24T14:00:00Z,86.02,86.02,84.65,47.34,47.34,124.99,281.2,74.9,206.3
2025-04-24,17,2025-04-24T14:00:00Z,2025-04-24T15:00:00Z,83.07,83.07,82.99,84.0,75.39,90.37,164.2,45.9,118.3
2025-04-24,18,2025-04-24T15:00:00Z,2025-04-24T16:00:00Z,97.0,97.0,97.7,79.12,79.12,105.59,117.1,21.6,95.5
2025-04-24,19,2025-04-24T16:00:00Z,2025-04-24T17:00:00Z,108.52,108.52,108.28,111.6,98.09,119.99,108.5,36.1,72.4
2025-04-24,20,2025-04-24T17:00:00Z,2025-04-24T18:00:00Z,102.77,102.77,102.39,99.0,91.03,123.06,113.2,38.3,74.9
2025-04-24,21,2025-04-24T18:00:00Z,2025-04-24T19:00:00Z,120.95,120.95,122.04,96.0,96.0,135.99,127.4,32.0,95.4
2025-04-24,22,2025-04-24T19:00:00Z,2025-04-24T20:00:00Z,100.72,100.72,98.63,89.99,81.04,120.0,124.2,36.2,88.0
2025-04-24,23,2025-04-24T20:00:00Z,2025-04-24T21:00:00Z,92.56,92.56,92.67,60.0,60.0,105.38,178.5,65.2,113.3
2025-04-24,24,2025-04-24T21:00:00Z,2025-04-24T22:00:00Z,85.93,85.93,88.05,96.63,75.01,96.99,95.4,22.9,72.5
2025-04-25,1,2025-04-24T22:00:00Z,2025-04-24T23:00:00Z,97.68,97.68,95.86,88.16,88.16,105.0,52.3,21.3,31.0
2025-04-25,2,2025-04-24T23:00:00Z,2025-04-25T00:00:00Z,91.58,91.58,90.46,95.7,83.61,96.0,46.6,6.6,40.0
2025-04-25,3,2025-04-25T00:00:00Z,2025-04-25T01:00:00Z,95.11,95.11,93.42,100.0,85.0,100.0,37.1,10.1,27.0
2025-04-25,4,2025-04-25T01:00:00Z,2025-04-25T02:00:00Z,97.17,97.17,99.06,114.28,87.0,114.28,37.8,15.5,22.3
2025-04-25,5,2025-04-25T02:00:00Z,2025-04-25T03:00:00Z,94.01,94.01,94.08,98.67,87.3,98.67,20.7,4.7,16.0
2025-04-25,6,2025-04-25T03:00:00Z,2025-04-25T04:00:00Z,97.42,97.42,102.12,105.62,90.0,106.61,10.6,5.6,5.0
2025-04-25,7,2025-04-25T04:00:00Z,2025-04-25T05:00:00Z,120.35,120.35,128.14,140.09,105.0,141.1,27.3,6.0,21.3
2025-04-25,8,2025-04-25T05:00:00Z,2025-04-25T06:00:00Z,127.87,127.87,127.07,150.71,114.0,150.71,28.3,13.0,15.3
2025-04-25,9,2025-04-25T06:00:00Z,2025-04-25T07:00:00Z,117.22,117.22,113.7,140.0,95.0,140.0,69.5,43.2,26.3
2025-04-25,10,2025-04-25T07:00:00Z,2025-04-25T08:00:00Z,116.8,116.8,114.11,140.0,92.0,140.41,204.0,164.0,40.0
2025-04-25,11,2025-04-25T08:00:00Z,2025-04-25T09:00:00Z,101.99,101.99,103.19,95.01,93.0,111.0,185.7,170.7,15.0
2025-04-25,12,2025-04-25T09:00:00Z,2025-04-25T10:00:00Z,85.29,85.29,85.08,77.02,74.4,98.0,256.8,177.8,79.0
2025-04-25,13,2025-04-25T10:00:00Z,2025-04-25T11:00:00Z,77.86,77.86,79.08,90.01,68.62,90.01,272.5,130.8,141.7
2025-04-25,14,2025-04-25T11:00:00Z,2025-04-25T12:00:00Z,74.48,74.48,72.13,68.08,50.0,95.06,173.1,64.6,108.5
2025-04-25,15,2025-04-25T12:00:00Z,2025-04-25T13:00:00Z,66.27,66.27,65.17,82.0,46.0,82.69,109.9,61.1,48.8
2025-04-25,16,2025-04-25T13:00:00Z,2025-04-25T14:00:00Z,68.18,68.18,69.58,65.6,58.01,76.03,110.9,68.5,42.4
2025-04-25,17,2025-04-25T14:00:00Z,2025-04-25T15:00:00Z,79.93,79.93,79.48,70.01,69.0,105.43,118.4,75.4,43.0
2025-04-25,18,2025-04-25T15:00:00Z,2025-04-25T16:00:00Z,92.71,92.71,92.25,102.0,82.1,103.07,63.5,29.4,34.1
2025-04-25,19,2025-04-25T16:00:00Z,2025-04-25T17:00:00Z,111.11,111.11,113.49,114.81,97.32,138.91,198.6,95.3,103.3
2025-04-25,20,2025-04-25T17:00:00Z,2025-04-25T18:00:00Z,131.94,131.94,135.14,152.96,113.24,166.6,329.0,68.9,260.1
2025-04-25,21,2025-04-25T18:00:00Z,2025-04-25T19:00:00Z,125.59,125.59,130.46,135.84,93.23,153.29,392.3,101.4,290.9
2025-04-25,22,2025-04-25T19:00:00Z,2025-04-25T20:00:00Z,111.48,111.48,112.29,114.07,107.97,118.02,321.9,67.3,254.6
2025-04-25,23,2025-04-25T20:00:00Z,2025-04-25T21:00:00Z,103.8,103.8,103.47,103.53,97.98,106.79,77.5,29.3,48.2
2025-04-25,24,2025-04-25T21:00:00Z,2025-04-25T22:00:00Z,96.33,96.33,95.78,101.49,92.35,101.49,55.1,16.9,38.2
2025-04-26,1,2025-04-25T22:00:00Z,2025-04-25T23:00:00Z,93.3,93.3,95.52,85.01,85.01,120.58,61.4,51.3,10.1
2025-04-26,2,2025-04-25T23:00:00Z,2025-04-26T00:00:00Z,89.58,89.58,90.32,92.0,84.28,92.89,33.2,12.9,20.3
2025-04-26,3,2025-04-26T00:00:00Z,2025-04-26T01:00:00Z,89.54,89.54,90.4,93.59,83.21,93.59,39.2,20.9,18.3
2025-04-26,4,2025-04-26T01:00:00Z,2025-04-26T02:00:00Z,92.45,92.45,91.05,99.85,81.23,99.9,52.2,33.9,18.3
2025-04-26,5,2025-04-26T02:00:00Z,2025-04-26T03:00:00Z,92.75,92.75,93.11,98.9,81.29,98.9,55.2,39.9,15.3
2025-04-26,6,2025-04-26T03:00:00Z,2025-04-26T04:00:00Z,89.3,89.3,89.62,91.56,82.32,94.0,37.2,26.9,10.3
2025-04-26,7,2025-04-26T04:00:00Z,2025-04-26T05:00:00Z,93.38,93.38,91.39,64.17,64.17,95.8,96.0,55.4,40.6
2025-04-26,8,2025-04-26T05:00:00Z,2025-04-26T06:00:00Z,85.36,85.36,87.39,56.72,56.72,91.6,57.7,23.9,33.8
2025-04-26,9,2025-04-26T06:00:00Z,2025-04-26T07:00:00Z,72.42,72.42,69.91,95.0,54.85,95.0,91.7,35.1,56.6
2025-04-26,10,2025-04-26T07:00:00Z,2025-04-26T08:00:00Z,3.48,3.48,5.83,-9.99,-40.0,39.99,129.6,47.6,82.0
2025-04-26,11,2025-04-26T08:00:00Z,2025-04-26T09:00:00Z,4.38,4.38,5.86,16.99,-5.0,33.43,242.0,138.0,104.0
2025-04-26,12,2025-04-26T09:00:00Z,2025-04-26T10:00:00Z,4.4,4.4,3.66,10.0,-30.01,12.71,269.9,121.5,148.4
2025-04-26,13,2025-04-26T10:00:00Z,2025-04-26T11:00:00Z,1.57,1.57,2.3,1.0,-20.91,15.04,165.7,92.1,73.6
2025-04-26,14,2025-04-26T11:00:00Z,2025-04-26T12:00:00Z,2.57,2.57,2.02,10.0,-8.19,14.97,221.2,103.2,118.0
2025-04-26,15,2025-04-26T12:00:00Z,2025-04-26T13:00:00Z,-3.2,-3.2,-3.69,10.0,-70.0,10.0,235.2,128.0,107.2
2025-04-26,16,2025-04-26T13:00:00Z,2025-04-26T14:00:00Z,-0.78,-0.78,-1.66,10.0,-16.0,10.0,172.1,124.6,47.5
2025-04-26,17,2025-04-26T14:00:00Z,2025-04-26T15:00:00Z,10.06,10.06,10.43,7.51,-5.42,31.51,124.2,39.6,84.6
2025-04-26,18,2025-04-26T15:00:00Z,2025-04-26T16:00:00Z,33.97,33.97,33.49,29.0,20.0,42.0,89.1,24.9,64.2
2025-04-26,19,2025-04-26T16:00:00Z,2025-04-26T17:00:00Z,74.93,74.93,75.97,65.68,65.68,82.4,79.4,27.2,52.2
2025-04-26,20,2025-04-26T17:00:00Z,2025-04-26T18:00:00Z,95.02,95.02,95.66,88.57,88.26,109.0,282.7,70.6,212.1
2025-04-26,21,2025-04-26T18:00:00Z,2025-04-26T19:00:00Z,104.57,104.57,104.5,108.0,100.01,117.2,313.5,60.1,253.4
2025-04-26,22,2025-04-26T19:00:00Z,2025-04-26T20:00:00Z,100.04,100.04,99.95,136.41,85.39,137.3,304.5,29.4,275.1
2025-04-26,23,2025-04-26T20:00:00Z,2025-04-26T21:00:00Z,84.7,84.7,84.73,95.0,75.39,95.7,249.0,33.1,215.9
2025-04-26,24,2025-04-26T21:00:00Z,2025-04-26T22:00:00Z,72.09,72.09,72.03,73.68,64.39,77.17,172.5,14.5,158.0
2025-04-27,1,2025-04-26T22:00:00Z,2025-04-26T23:00:00Z,61.65,61.65,63.16,59.61,59.32,71.6,32.9,15.5,17.4
2025-04-27,2,2025-04-26T23:00:00Z,2025-04-27T00:00:00Z,56.85,56.85,57.57,54.2,53.77,66.01,43.3,11.4,31.9
2025-04-27,3,2025-04-27T00:00:00Z,2025-04-27T01:00:00Z,46.56,46.56,44.41,41.83,38.88,62.24,63.8,13.4,50.4
2025-04-27,4,2025-04-27T01:00:00Z,2025-04-27T02:00:00Z,46.61,46.61,45.06,41.7,41.02,61.0,82.8,22.4,60.4
2025-04-27,5,2025-04-27T02:00:00Z,2025-04-27T03:00:00Z,53.05,53.05,52.19,51.0,48.6,65.5,58.1,19.7,38.4
2025-04-27,6,2025-04-27T03:00:00Z,2025-04-27T04:00:00Z,65.79,65.79,64.5,60.95,57.82,69.71,132.5,15.1,117.4
2025-04-27,7,2025-04-27T04:00:00Z,2025-04-27T05:00:00Z,66.13,66.13,65.2,64.59,58.12,69.0,132.4,21.4,111.0
2025-04-27,8,2025-04-27T05:00:00Z,2025-04-27T06:00:00Z,59.48,59.48,60.05,68.6,53.46,69.31,146.3,12.9,133.4
2025-04-27,9,2025-04-27T06:00:00Z,2025-04-27T07:00:00Z,29.79,29.79,30.62,32.2,24.42,35.53,135.0,12.3,122.7
2025-04-27,10,2025-04-27T07:00:00Z,2025-04-27T08:00:00Z,-3.1,-3.1,-2.77,3.83,-10.0,5.0,405.5,361.3,44.2
2025-04-27,11,2025-04-27T08:00:00Z,2025-04-27T09:00:00Z,-43.5,-43.5,-42.04,0.0,-80.0,0.0,246.9,175.4,71.5
2025-04-27,12,2025-04-27T09:00:00Z,2025-04-27T10:00:00Z,-116.73,-116.73,-118.71,-109.0,-175.0,-37.12,266.8,70.9,195.9
2025-04-27,13,2025-04-27T10:00:00Z,2025-04-27T11:00:00Z,-372.34,-372.34,-362.49,-250.0,-550.0,-93.0,342.7,122.2,220.5
2025-04-27,14,2025-04-27T11:00:00Z,2025-04-27T12:00:00Z,-435.14,-435.14,-427.77,-410.0,-700.0,-201.7,233.3,74.2,159.1
2025-04-27,15,2025-04-27T12:00:00Z,2025-04-27T13:00:00Z,-420.8,-420.8,-412.11,-401.01,-649.99,-113.0,294.0,116.9,177.1
2025-04-27,16,2025-04-27T13:00:00Z,2025-04-27T14:00:00Z,-124.4,-124.4,-128.52,-100.0,-175.0,-30.0,263.1,108.3,154.8
2025-04-27,17,2025-04-27T14:00:00Z,2025-04-27T15:00:00Z,-8.05,-8.05,-8.34,-16.29,-33.0,4.41,152.8,77.1,75.7
2025-04-27,18,2025-04-27T15:00:00Z,2025-04-27T16:00:00Z,8.63,8.63,9.08,3.1,-13.8,21.0,153.4,106.4,47.0
2025-04-27,19,2025-04-27T16:00:00Z,2025-04-27T17:00:00Z,83.69,83.69,83.23,75.51,73.61,93.99,113.9,65.0,48.9
2025-04-27,20,2025-04-27T17:00:00Z,2025-04-27T18:00:00Z,108.06,108.06,108.05,106.23,100.19,114.65,204.5,43.9,160.6
2025-04-27,21,2025-04-27T18:00:00Z,2025-04-27T19:00:00Z,124.0,124.0,124.2,130.05,114.32,131.5,193.8,34.6,159.2
2025-04-27,22,2025-04-27T19:00:00Z,2025-04-27T20:00:00Z,107.96,107.96,108.54,104.63,100.21,115.2,210.7,40.8,169.9
2025-04-27,23,2025-04-27T20:00:00Z,2025-04-27T21:00:00Z,99.42,99.42,99.89,112.49,89.16,112.49,133.7,44.7,89.0
2025-04-27,24,2025-04-27T21:00:00Z,2025-04-27T22:00:00Z,91.43,91.43,91.87,92.51,84.28,97.66,267.2,39.8,227.4
2025-04-28,1,2025-04-27T22:00:00Z,2025-04-27T23:00:00Z,88.92,88.92,87.61,80.01,79.32,93.34,64.3,4.9,59.4
2025-04-28,2,2025-04-27T23:00:00Z,2025-04-28T00:00:00Z,82.73,82.73,82.74,80.9,78.19,85.31,68.3,4.9,63.4
2025-04-28,3,2025-04-28T00:00:00Z,2025-04-28T01:00:00Z,79.8,79.8,80.34,77.3,74.11,83.18,60.3,6.9,53.4
2025-04-28,4,2025-04-28T01:00:00Z,2025-04-28T02:00:00Z,80.06,80.06,80.54,84.0,77.14,84.0,41.8,7.9,33.9
2025-04-28,5,2025-04-28T02:00:00Z,2025-04-28T03:00:00Z,88.38,88.38,89.22,99.0,82.19,99.0,57.8,26.9,30.9
2025-04-28,6,2025-04-28T03:00:00Z,2025-04-28T04:00:00Z,94.13,94.13,94.59,103.56,90.18,104.34,161.0,31.1,129.9
2025-04-28,7,2025-04-28T04:00:00Z,2025-04-28T05:00:00Z,132.05,132.05,131.4,143.9,128.18,143.9,293.3,61.9,231.4
2025-04-28,8,2025-04-28T05:00:00Z,2025-04-28T06:00:00Z,124.12,124.12,121.88,80.5,80.5,144.61,218.9,41.4,177.5
2025-04-28,9,2025-04-28T06:00:00Z,2025-04-28T07:00:00Z,89.45,89.45,88.88,125.3,66.01,125.3,170.8,66.4,104.4
2025-04-28,10,2025-04-28T07:00:00Z,2025-04-28T08:00:00Z,45.28,45.28,45.15,52.06,24.0,60.0,161.4,85.6,75.8
2025-04-28,11,2025-04-28T08:00:00Z,2025-04-28T09:00:00Z,-12.09,-12.09,-13.6,6.99,-47.99,6.99,139.9,73.7,66.2
2025-04-28,12,2025-04-28T09:00:00Z,2025-04-28T10:00:00Z,-0.38,-0.38,-0.28,17.51,-17.99,17.51,756.6,621.1,135.5
2025-04-28,13,2025-04-28T10:00:00Z,2025-04-28T11:00:00Z,-8.66,-8.66,-11.24,-15.0,-47.66,4.89,282.6,175.0,107.6
2025-04-28,14,2025-04-28T11:00:00Z,2025-04-28T12:00:00Z,-14.66,-14.66,-14.51,-0.9,-38.9,5.0,324.1,225.2,98.9
2025-04-28,15,2025-04-28T12:00:00Z,2025-04-28T13:00:00Z,-4.46,-4.46,-5.63,-15.4,-15.97,8.0,288.2,183.2,105.0
2025-04-28,16,2025-04-28T13:00:00Z,2025-04-28T14:00:00Z,1.1,1.1,0.19,4.51,-6.78,10.06,413.1,348.7,64.4
2025-04-28,17,2025-04-28T14:00:00Z,2025-04-28T15:00:00Z,22.55,22.55,27.1,31.61,-4.29,59.96,248.4,149.5,98.9
2025-04-28,18,2025-04-28T15:00:00Z,2025-04-28T16:00:00Z,78.64,78.64,79.85,102.76,63.18,102.76,164.8,81.2,83.6
2025-04-28,19,2025-04-28T16:00:00Z,2025-04-28T17:00:00Z,112.2,112.2,114.2,125.0,98.28,148.99,190.8,93.5,97.3
2025-04-28,20,2025-04-28T17:00:00Z,2025-04-28T18:00:00Z,164.96,164.96,164.69,160.28,141.28,192.0,357.8,111.3,246.5
2025-04-28,21,2025-04-28T18:00:00Z,2025-04-28T19:00:00Z,220.73,220.73,231.84,325.2,186.12,325.2,295.3,93.2,202.1
2025-04-28,22,2025-04-28T19:00:00Z,2025-04-28T20:00:00Z,139.58,139.58,141.65,148.0,120.29,165.15,208.4,50.5,157.9
2025-04-28,23,2025-04-28T20:00:00Z,2025-04-28T21:00:00Z,111.47,111.47,112.13,136.18,97.38,136.18,269.1,37.3,231.8
2025-04-28,24,2025-04-28T21:00:00Z,2025-04-28T22:00:00Z,100.28,100.28,101.05,99.01,88.28,110.0,87.0,28.1,58.9
2025-04-29,1,2025-04-28T22:00:00Z,2025-04-28T23:00:00Z,87.22,87.22,89.79,85.2,82.39,96.8,30.0,21.1,8.9
2025-04-29,2,2025-04-28T23:00:00Z,2025-04-29T00:00:00Z,82.36,82.36,83.35,83.21,78.26,91.69,60.0,20.1,39.9
2025-04-29,3,2025-04-29T00:00:00Z,2025-04-29T01:00:00Z,80.38,80.38,82.06,83.82,72.11,86.77,57.8,28.9,28.9
2025-04-29,4,2025-04-29T01:00:00Z,2025-04-29T02:00:00Z,79.6,79.6,81.88,82.91,71.14,85.14,49.9,28.0,21.9
2025-04-29,5,2025-04-29T02:00:00Z,2025-04-29T03:00:00Z,82.11,82.11,83.11,89.0,71.29,89.0,37.2,20.3,16.9
2025-04-29,6,2025-04-29T03:00:00Z,2025-04-29T04:00:00Z,95.34,95.34,95.63,94.0,81.28,109.65,143.0,28.1,114.9
2025-04-29,7,2025-04-29T04:00:00Z,2025-04-29T05:00:00Z,101.16,101.16,101.38,104.0,95.43,106.99,177.8,25.9,151.9
2025-04-29,8,2025-04-29T05:00:00Z,2025-04-29T06:00:00Z,92.19,92.19,98.02,117.6,50.0,117.6,84.5,33.2,51.3
2025-04-29,9,2025-04-29T06:00:00Z,2025-04-29T07:00:00Z,76.92,76.92,80.27,96.99,60.0,96.99,181.2,47.2,134.0
2025-04-29,10,2025-04-29T07:00:00Z,2025-04-29T08:00:00Z,57.79,57.79,58.6,50.01,38.0,78.0,129.9,69.9,60.0
2025-04-29,11,2025-04-29T08:00:00Z,2025-04-29T09:00:00Z,-0.37,-0.37,1.19,14.08,-7.87,14.08,159.6,76.8,82.8
2025-04-29,12,2025-04-29T09:00:00Z,2025-04-29T10:00:00Z,-2.89,-2.89,-2.89,-9.0,-9.88,1.98,320.7,232.7,88.0
2025-04-29,13,2025-04-29T10:00:00Z,2025-04-29T11:00:00Z,-7.43,-7.43,-7.55,-2.47,-28.02,3.3,331.8,246.6,85.2
2025-04-29,14,2025-04-29T11:00:00Z,2025-04-29T12:00:00Z,-6.79,-6.79,-6.93,-12.25,-12.6,-0.95,306.5,240.6,65.9
2025-04-29,15,2025-04-29T12:00:00Z,2025-04-29T13:00:00Z,-3.62,-3.62,-3.96,-6.52,-10.0,-1.0,275.6,224.4,51.2
2025-04-29,16,2025-04-29T13:00:00Z,2025-04-29T14:00:00Z,-1.08,-1.08,-0.88,-2.6,-8.22,2.24,442.8,378.3,64.5
2025-04-29,17,2025-04-29T14:00:00Z,2025-04-29T15:00:00Z,15.49,15.49,15.07,9.57,9.5,23.25,114.4,26.4,88.0
2025-04-29,18,2025-04-29T15:00:00Z,2025-04-29T16:00:00Z,72.0,72.0,71.82,75.0,67.05,77.64,89.6,16.9,72.7
2025-04-29,19,2025-04-29T16:00:00Z,2025-04-29T17:00:00Z,101.87,101.87,101.73,96.8,92.19,106.63,177.1,46.9,130.2
2025-04-29,20,2025-04-29T17:00:00Z,2025-04-29T18:00:00Z,142.03,142.03,150.0,160.0,105.29,167.0,293.7,115.8,177.9
2025-04-29,21,2025-04-29T18:00:00Z,2025-04-29T19:00:00Z,191.35,191.35,190.08,176.36,165.34,205.0,198.5,66.1,132.4
2025-04-29,22,2025-04-29T19:00:00Z,2025-04-29T20:00:00Z,131.52,131.52,132.33,129.54,120.32,137.8,125.0,31.6,93.4
2025-04-29,23,2025-04-29T20:00:00Z,2025-04-29T21:00:00Z,108.1,108.1,108.38,110.0,98.14,111.85,263.0,28.6,234.4
2025-04-29,24,2025-04-29T21:00:00Z,2025-04-29T22:00:00Z,97.02,97.02,97.44,94.2,88.23,103.01,76.0,54.6,21.4
2025-04-30,1,2025-04-29T22:00:00Z,2025-04-29T23:00:00Z,88.92,88.92,93.44,125.0,85.39,125.0,43.2,28.0,15.2
2025-04-30,2,2025-04-29T23:00:00Z,2025-04-30T00:00:00Z,79.87,79.87,82.85,76.0,76.0,87.3,37.9,18.0,19.9
2025-04-30,3,2025-04-30T00:00:00Z,2025-04-30T01:00:00Z,83.79,83.79,84.6,85.49,78.32,89.0,28.2,8.3,19.9
2025-04-30,4,2025-04-30T01:00:00Z,2025-04-30T02:00:00Z,84.87,84.87,85.59,86.98,80.16,87.99,45.8,25.9,19.9
2025-04-30,5,2025-04-30T02:00:00Z,2025-04-30T03:00:00Z,88.41,88.41,89.77,90.71,83.21,92.7,48.0,28.1,19.9
2025-04-30,6,2025-04-30T03:00:00Z,2025-04-30T04:00:00Z,92.13,92.13,92.12,90.94,86.38,94.5,136.0,21.1,114.9
2025-04-30,7,2025-04-30T04:00:00Z,2025-04-30T05:00:00Z,107.06,107.06,106.98,110.21,104.89,110.21,400.2,25.3,374.9
2025-04-30,8,2025-04-30T05:00:00Z,2025-04-30T06:00:00Z,102.91,102.91,106.22,130.0,90.3,130.0,319.6,32.2,287.4
2025-04-30,9,2025-04-30T06:00:00Z,2025-04-30T07:00:00Z,76.09,76.09,76.29,85.0,60.0,86.02,86.7,52.2,34.5
2025-04-30,10,2025-04-30T07:00:00Z,2025-04-30T08:00:00Z,42.73,42.73,41.08,35.0,29.58,59.33,84.1,65.3,18.8
2025-04-30,11,2025-04-30T08:00:00Z,2025-04-30T09:00:00Z,-3.89,-3.89,-3.35,-3.99,-14.59,2.38,144.2,121.1,23.1
2025-04-30,12,2025-04-30T09:00:00Z,2025-04-30T10:00:00Z,-8.66,-8.66,-8.7,-3.23,-11.9,-1.6,300.9,293.0,7.9
2025-04-30,13,2025-04-30T10:00:00Z,2025-04-30T11:00:00Z,-5.91,-5.91,-6.24,1.0,-15.0,10.0,300.1,274.1,26.0
2025-04-30,14,2025-04-30T11:00:00Z,2025-04-30T12:00:00Z,-11.59,-11.59,-11.37,-20.0,-20.91,-0.95,519.9,428.1,91.8
2025-04-30,15,2025-04-30T12:00:00Z,2025-04-30T13:00:00Z,-1.92,-1.92,-1.64,1.9,-18.0,3.48,621.7,587.9,33.8
2025-04-30,16,2025-04-30T13:00:00Z,2025-04-30T14:00:00Z,4.29,4.29,4.03,2.52,-10.0,7.49,310.6,268.5,42.1
2025-04-30,17,2025-04-30T14:00:00Z,2025-04-30T15:00:00Z,16.38,16.38,16.68,5.83,5.06,21.62,166.3,129.9,36.4
2025-04-30,18,2025-04-30T15:00:00Z,2025-04-30T16:00:00Z,66.75,66.75,65.98,79.96,60.54,79.96,103.3,66.9,36.4
2025-04-30,19,2025-04-30T16:00:00Z,2025-04-30T17:00:00Z,96.78,96.78,95.84,60.0,60.0,106.31,142.9,112.7,30.2
2025-04-30,20,2025-04-30T17:00:00Z,2025-04-30T18:00:00Z,128.98,128.98,128.41,126.71,121.74,138.1,191.3,79.9,111.4
2025-04-30,21,2025-04-30T18:00:00Z,2025-04-30T19:00:00Z,171.92,171.92,172.27,167.0,163.29,184.2,330.7,96.0,234.7
2025-04-30,22,2025-04-30T19:00:00Z,2025-04-30T20:00:00Z,120.59,120.59,118.68,108.67,108.67,130.1,273.7,65.5,208.2
2025-04-30,23,2025-04-30T20:00:00Z,2025-04-30T21:00:00Z,99.86,99.86,99.34,89.0,89.0,109.0,169.2,59.8,109.4
2025-04-30,24,2025-04-30T21:00:00Z,2025-04-30T22:00:00Z,89.34,89.34,89.2,82.76,82.76,97.81,63.5,26.1,37.4
2025-05-01,1,2025-04-30T22:00:00Z,2025-04-30T23:00:00Z,86.75,86.75,85.87,87.7,50.0,89.0,64.0,39.0,25.0
2025-05-01,2,2025-04-30T23:00:00Z,2025-05-01T00:00:00Z,86.88,86.88,87.15,91.3,50.0,91.56,83.4,48.4,35.0
2025-05-01,3,2025-05-01T00:00:00Z,2025-05-01T01:00:00Z,90.26,90.26,89.94,94.02,50.0,95.4,58.5,38.5,20.0
2025-05-01,4,2025-05-01T01:00:00Z,2025-05-01T02:00:00Z,94.17,94.17,93.82,98.94,50.0,98.94,86.5,66.5,20.0
2025-05-01,5,2025-05-01T02:00:00Z,2025-05-01T03:00:00Z,92.83,92.83,93.06,98.56,50.0,98.56,86.5,68.5,18.0
2025-05-01,6,2025-05-01T03:00:00Z,2025-05-01T04:00:00Z,89.73,89.73,88.74,92.0,50.0,92.42,87.0,69.0,18.0
2025-05-01,7,2025-05-01T04:00:00Z,2025-05-01T05:00:00Z,88.65,88.65,88.25,93.36,50.0,93.82,78.3,60.3,18.0
2025-05-01,8,2025-05-01T05:00:00Z,2025-05-01T06:00:00Z,77.52,77.52,76.96,84.93,50.0,85.8,36.1,26.1,10.0
2025-05-01,9,2025-05-01T06:00:00Z,2025-05-01T07:00:00Z,58.06,58.06,54.03,69.79,34.39,69.79,110.8,83.5,27.3
2025-05-01,10,2025-05-01T07:00:00Z,2025-05-01T08:00:00Z,2.52,2.52,2.86,24.98,-43.0,50.0,168.7,140.3,28.4
2025-05-01,11,2025-05-01T08:00:00Z,2025-05-01T09:00:00Z,1.44,1.44,1.6,5.0,-40.0,50.0,278.9,214.5,64.4
2025-05-01,12,2025-05-01T09:00:00Z,2025-05-01T10:00:00Z,-28.22,-28.22,-22.61,1.0,-100.0,50.0,328.9,231.7,97.2
2025-05-01,13,2025-05-01T10:00:00Z,2025-05-01T11:00:00Z,-40.95,-40.95,-32.54,0.01,-150.0,50.0,236.2,197.9,38.3
2025-05-01,14,2025-05-01T11:00:00Z,2025-05-01T12:00:00Z,-73.81,-73.81,-68.54,-18.11,-170.34,50.0,230.6,189.1,41.5
2025-05-01,15,2025-05-01T12:00:00Z,2025-05-01T13:00:00Z,-71.97,-71.97,-69.31,-34.87,-177.99,50.0,285.8,234.1,51.7
2025-05-01,16,2025-05-01T13:00:00Z,2025-05-01T14:00:00Z,-20.97,-20.97,-17.46,-24.51,-105.01,50.0,256.7,243.1,13.6
2025-05-01,17,2025-05-01T14:00:00Z,2025-05-01T15:00:00Z,0.43,0.43,2.08,10.0,-25.0,50.0,377.4,326.6,50.8
2025-05-01,18,2025-05-01T15:00:00Z,2025-05-01T16:00:00Z,37.33,37.33,37.59,51.0,27.0,51.0,141.8,81.6,60.2
2025-05-01,19,2025-05-01T16:00:00Z,2025-05-01T17:00:00Z,90.83,90.83,90.95,94.43,50.0,98.0,194.5,97.4,97.1
2025-05-01,20,2025-05-01T17:00:00Z,2025-05-01T18:00:00Z,122.75,122.75,122.89,126.64,50.0,130.0,266.9,109.3,157.6
2025-05-01,21,2025-05-01T18:00:00Z,2025-05-01T19:00:00Z,164.09,164.09,161.89,155.92,50.0,215.0,284.1,119.2,164.9
2025-05-01,22,2025-05-01T19:00:00Z,2025-05-01T20:00:00Z,120.44,120.44,120.57,120.0,50.0,125.51,240.8,77.7,163.1
2025-05-01,23,2025-05-01T20:00:00Z,2025-05-01T21:00:00Z,98.45,98.45,99.0,135.0,50.0,135.0,217.4,61.4,156.0
2025-05-01,24,2025-05-01T21:00:00Z,2025-05-01T22:00:00Z,88.16,88.16,88.55,90.69,50.0,92.0,98.5,61.5,37.0
2025-05-02,1,2025-05-01T22:00:00Z,2025-05-01T23:00:00Z,88.68,88.68,88.18,89.98,85.0,91.89,60.0,41.0,19.0
2025-05-02,2,2025-05-01T23:00:00Z,2025-05-02T00:00:00Z,80.87,80.87,81.4,80.28,79.42,84.62,31.1,16.1,15.0
2025-05-02,3,2025-05-02T00:00:00Z,2025-05-02T01:00:00Z,78.35,78.35,80.0,84.58,69.43,84.82,26.0,5.0,21.0
2025-05-02,4,2025-05-02T01:00:00Z,2025-05-02T02:00:00Z,74.76,74.76,75.28,75.4,64.98,77.78,44.1,26.1,18.0
2025-05-02,5,2025-05-02T02:00:00Z,2025-05-02T03:00:00Z,79.44,79.44,79.24,78.0,72.7,81.0,47.6,35.6,12.0
2025-05-02,6,2025-05-02T03:00:00Z,2025-05-02T04:00:00Z,78.72,78.72,81.06,80.88,70.01,84.9,36.5,26.5,10.0
2025-05-02,7,2025-05-02T04:00:00Z,2025-05-02T05:00:00Z,91.51,91.51,91.5,99.12,84.41,99.12,119.4,21.4,98.0
2025-05-02,8,2025-05-02T05:00:00Z,2025-05-02T06:00:00Z,64.43,64.43,66.53,62.0,60.0,85.0,24.2,5.5,18.7
2025-05-02,9,2025-05-02T06:00:00Z,2025-05-02T07:00:00Z,43.12,43.12,43.9,35.33,35.33,84.5,65.3,24.0,41.3
2025-05-02,10,2025-05-02T07:00:00Z,2025-05-02T08:00:00Z,1.04,1.04,1.9,7.48,-13.0,44.5,188.7,128.4,60.3
2025-05-02,11,2025-05-02T08:00:00Z,2025-05-02T09:00:00Z,0.52,0.52,0.84,28.58,-10.69,28.58,456.6,356.3,100.3
2025-05-02,12,2025-05-02T09:00:00Z,2025-05-02T10:00:00Z,-2.89,-2.89,-1.89,10.0,-8.98,10.0,217.1,114.4,102.7
2025-05-02,13,2025-05-02T10:00:00Z,2025-05-02T11:00:00Z,-4.93,-4.93,-4.55,-1.0,-10.79,0.97,167.4,85.8,81.6
2025-05-02,14,2025-05-02T11:00:00Z,2025-05-02T12:00:00Z,-3.97,-3.97,-3.09,0.5,-10.0,0.5,150.1,95.9,54.2
2025-05-02,15,2025-05-02T12:00:00Z,2025-05-02T13:00:00Z,-1.56,-1.56,-2.49,41.19,-10.0,41.19,178.0,119.4,58.6
2025-05-02,16,2025-05-02T13:00:00Z,2025-05-02T14:00:00Z,0.64,0.64,0.73,1.0,-3.75,4.7,146.0,108.2,37.8
2025-05-02,17,2025-05-02T14:00:00Z,2025-05-02T15:00:00Z,6.1,6.1,5.5,-4.03,-4.3,10.73,64.0,43.9,20.1
2025-05-02,18,2025-05-02T15:00:00Z,2025-05-02T16:00:00Z,51.0,51.0,51.87,40.01,40.01,76.58,44.3,35.3,9.0
2025-05-02,19,2025-05-02T16:00:00Z,2025-05-02T17:00:00Z,91.67,91.67,91.37,97.0,80.39,106.29,168.8,72.9,95.9
2025-05-02,20,2025-05-02T17:00:00Z,2025-05-02T18:00:00Z,118.33,118.33,118.41,121.6,100.01,138.8,248.4,83.3,165.1
2025-05-02,21,2025-05-02T18:00:00Z,2025-05-02T19:00:00Z,149.25,149.25,152.76,153.25,129.5,171.7,418.1,170.5,247.6
2025-05-02,22,2025-05-02T19:00:00Z,2025-05-02T20:00:00Z,119.8,119.8,119.08,98.99,57.0,133.67,253.3,75.4,177.9
2025-05-02,23,2025-05-02T20:00:00Z,2025-05-02T21:00:00Z,116.95,116.95,117.88,139.91,103.08,152.04,179.9,51.3,128.6
2025-05-02,24,2025-05-02T21:00:00Z,2025-05-02T22:00:00Z,103.31,103.31,102.34,113.0,96.0,113.0,77.6,31.0,46.6
2025-05-03,1,2025-05-02T22:00:00Z,2025-05-02T23:00:00Z,93.05,93.05,93.58,90.75,90.75,96.48,37.1,15.0,22.1
2025-05-03,2,2025-05-02T23:00:00Z,2025-05-03T00:00:00Z,86.99,86.99,86.94,87.47,85.14,87.99,130.1,29.0,101.1
2025-05-03,3,2025-05-03T00:00:00Z,2025-05-03T01:00:00Z,84.18,84.18,83.98,81.31,81.31,85.69,114.9,5.0,109.9
2025-05-03,4,2025-05-03T01:00:00Z,2025-05-03T02:00:00Z,82.25,82.25,81.71,78.54,75.92,84.43,128.6,10.9,117.7
2025-05-03,5,2025-05-03T02:00:00Z,2025-05-03T03:00:00Z,79.07,79.07,79.18,76.69,76.31,81.43,128.9,11.8,117.1
2025-05-03,6,2025-05-03T03:00:00Z,2025-05-03T04:00:00Z,79.92,79.92,79.76,79.69,76.0,81.69,142.2,24.7,117.5
2025-05-03,7,2025-05-03T04:00:00Z,2025-05-03T05:00:00Z,82.37,82.37,82.09,78.38,78.38,85.89,141.5,17.0,124.5
2025-05-03,8,2025-05-03T05:00:00Z,2025-05-03T06:00:00Z,77.79,77.79,77.76,76.02,76.02,78.82,32.5,12.4,20.1
2025-05-03,9,2025-05-03T06:00:00Z,2025-05-03T07:00:00Z,67.07,67.07,70.3,65.64,46.62,76.1,98.0,53.0,45.0
2025-05-03,10,2025-05-03T07:00:00Z,2025-05-03T08:00:00Z,26.73,26.73,27.03,24.0,3.0,46.34,398.8,341.4,57.4
2025-05-03,11,2025-05-03T08:00:00Z,2025-05-03T09:00:00Z,13.74,13.74,14.26,15.0,-2.48,26.4,395.2,328.3,66.9
2025-05-03,12,2025-05-03T09:00:00Z,2025-05-03T10:00:00Z,25.96,25.96,29.5,55.89,0.0,55.89,175.6,97.6,78.0
2025-05-03,13,2025-05-03T10:00:00Z,2025-05-03T11:00:00Z,21.22,21.22,23.49,45.0,-2.0,45.0,220.7,127.3,93.4
2025-05-03,14,2025-05-03T11:00:00Z,2025-05-03T12:00:00Z,15.08,15.08,16.03,29.27,2.6,29.27,222.2,153.9,68.3
2025-05-03,15,2025-05-03T12:00:00Z,2025-05-03T13:00:00Z,16.93,16.93,17.53,24.0,-6.0,30.0,282.0,170.8,111.2
2025-05-03,16,2025-05-03T13:00:00Z,2025-05-03T14:00:00Z,21.88,21.88,18.92,40.01,0.5,40.01,161.0,102.9,58.1
2025-05-03,17,2025-05-03T14:00:00Z,2025-05-03T15:00:00Z,39.42,39.42,45.4,40.21,11.0,74.06,194.6,160.8,33.8
2025-05-03,18,2025-05-03T15:00:00Z,2025-05-03T16:00:00Z,77.39,77.39,80.11,83.0,60.12,89.98,61.8,49.4,12.4
2025-05-03,19,2025-05-03T16:00:00Z,2025-05-03T17:00:00Z,127.92,127.92,125.06,119.0,96.5,150.0,111.0,8.0,103.0
2025-05-03,20,2025-05-03T17:00:00Z,2025-05-03T18:00:00Z,142.0,142.0,143.4,158.2,115.1,169.99,192.1,38.7,153.4
2025-05-03,21,2025-05-03T18:00:00Z,2025-05-03T19:00:00Z,121.6,121.6,123.33,124.6,107.1,148.9,252.9,97.6,155.3
2025-05-03,22,2025-05-03T19:00:00Z,2025-05-03T20:00:00Z,113.84,113.84,116.29,127.41,93.21,141.56,141.5,28.3,113.2
2025-05-03,23,2025-05-03T20:00:00Z,2025-05-03T21:00:00Z,121.2,121.2,122.23,101.0,84.54,159.99,218.2,37.1,181.1
2025-05-03,24,2025-05-03T21:00:00Z,2025-05-03T22:00:00Z,100.51,100.51,106.99,88.0,80.0,123.5,94.2,20.6,73.6
2025-05-04,1,2025-05-03T22:00:00Z,2025-05-03T23:00:00Z,57.51,57.51,59.77,45.9,45.9,145.7,94.6,16.1,78.5
2025-05-04,2,2025-05-03T23:00:00Z,2025-05-04T00:00:00Z,50.53,50.53,45.66,14.45,14.45,68.14,60.3,11.1,49.2
2025-05-04,3,2025-05-04T00:00:00Z,2025-05-04T01:00:00Z,54.23,54.23,40.88,12.9,6.98,111.11,57.2,20.1,37.1
2025-05-04,4,2025-05-04T01:00:00Z,2025-05-04T02:00:00Z,12.07,12.07,11.12,0.4,0.4,43.99,48.1,22.1,26.0
2025-05-04,5,2025-05-04T02:00:00Z,2025-05-04T03:00:00Z,10.36,10.36,7.91,-2.9,-2.9,28.2,59.4,24.1,35.3
2025-05-04,6,2025-05-04T03:00:00Z,2025-05-04T04:00:00Z,8.64,8.64,8.53,-8.59,-8.59,22.4,64.4,22.3,42.1
2025-05-04,7,2025-05-04T04:00:00Z,2025-05-04T05:00:00Z,4.4,4.4,2.61,-6.89,-6.89,19.6,42.8,18.3,24.5
2025-05-04,8,2025-05-04T05:00:00Z,2025-05-04T06:00:00Z,-1.57,-1.57,0.74,-9.99,-10.47,11.8,42.3,10.1,32.2
2025-05-04,9,2025-05-04T06:00:00Z,2025-05-04T07:00:00Z,-10.2,-10.2,-10.98,-19.49,-19.49,3.0,84.0,21.8,62.2
2025-05-04,10,2025-05-04T07:00:00Z,2025-05-04T08:00:00Z,-12.71,-12.71,-12.71,-25.0,-34.99,0.0,101.9,19.8,82.1
2025-05-04,11,2025-05-04T08:00:00Z,2025-05-04T09:00:00Z,-4.72,-4.72,-4.54,-2.0,-9.0,2.27,297.6,225.1,72.5
2025-05-04,12,2025-05-04T09:00:00Z,2025-05-04T10:00:00Z,-2.29,-2.29,-2.71,-4.5,-10.0,3.0,152.4,91.3,61.1
2025-05-04,13,2025-05-04T10:00:00Z,2025-05-04T11:00:00Z,0.84,0.84,0.14,2.01,-12.0,5.0,193.3,107.0,86.3
2025-05-04,14,2025-05-04T11:00:00Z,2025-05-04T12:00:00Z,-2.52,-2.52,-1.71,-5.0,-10.0,3.0,231.1,162.4,68.7
2025-05-04,15,2025-05-04T12:00:00Z,2025-05-04T13:00:00Z,-3.17,-3.17,-3.37,1.0,-15.0,4.99,181.4,133.8,47.6
2025-05-04,16,2025-05-04T13:00:00Z,2025-05-04T14:00:00Z,1.53,1.53,0.97,5.0,-8.0,12.45,193.8,148.2,45.6
2025-05-04,17,2025-05-04T14:00:00Z,2025-05-04T15:00:00Z,10.33,10.33,11.12,13.5,3.0,27.95,448.5,363.7,84.8
2025-05-04,18,2025-05-04T15:00:00Z,2025-05-04T16:00:00Z,55.66,55.66,61.0,90.01,20.91,90.01,82.5,48.2,34.3
2025-05-04,19,2025-05-04T16:00:00Z,2025-05-04T17:00:00Z,90.46,90.46,88.18,85.36,73.99,103.6,177.9,112.6,65.3
2025-05-04,20,2025-05-04T17:00:00Z,2025-05-04T18:00:00Z,100.49,100.49,100.08,98.57,98.0,104.2,120.8,56.3,64.5
2025-05-04,21,2025-05-04T18:00:00Z,2025-05-04T19:00:00Z,110.99,110.99,109.95,102.71,102.71,118.23,184.4,43.3,141.1
2025-05-04,22,2025-05-04T19:00:00Z,2025-05-04T20:00:00Z,110.11,110.11,109.36,87.01,87.01,117.1,179.2,24.9,154.3
2025-05-04,23,2025-05-04T20:00:00Z,2025-05-04T21:00:00Z,99.87,99.87,99.63,102.5,91.51,108.09,211.3,39.3,172.0
2025-05-04,24,2025-05-04T21:00:00Z,2025-05-04T22:00:00Z,86.37,86.37,86.12,86.0,81.06,93.6,131.4,48.4,83.0
2025-05-05,1,2025-05-04T22:00:00Z,2025-05-04T23:00:00Z,75.92,75.92,74.5,77.4,69.71,78.29,38.1,0.0,38.1
2025-05-05,2,2025-05-04T23:00:00Z,2025-05-05T00:00:00Z,74.63,74.63,74.88,74.8,74.06,76.31,38.5,0.0,38.5
2025-05-05,3,2025-05-05T00:00:00Z,2025-05-05T01:00:00Z,70.58,70.58,70.69,68.4,68.4,73.88,45.5,0.0,45.5
2025-05-05,4,2025-05-05T01:00:00Z,2025-05-05T02:00:00Z,70.77,70.77,70.74,67.6,67.6,74.07,41.5,5.0,36.5
2025-05-05,5,2025-05-05T02:00:00Z,2025-05-05T03:00:00Z,74.01,74.01,74.26,73.1,73.1,75.51,39.5,5.0,34.5
2025-05-05,6,2025-05-05T03:00:00Z,2025-05-05T04:00:00Z,81.5,81.5,82.33,74.37,74.37,86.56,47.5,12.0,35.5
2025-05-05,7,2025-05-05T04:00:00Z,2025-05-05T05:00:00Z,102.52,102.52,100.16,93.12,92.81,109.4,53.0,23.0,30.0
2025-05-05,8,2025-05-05T05:00:00Z,2025-05-05T06:00:00Z,105.6,105.6,114.57,50.0,50.0,126.0,141.2,35.3,105.9
2025-05-05,9,2025-05-05T06:00:00Z,2025-05-05T07:00:00Z,108.3,108.3,108.36,110.0,101.03,112.93,105.5,31.0,74.5
2025-05-05,10,2025-05-05T07:00:00Z,2025-05-05T08:00:00Z,98.41,98.41,97.73,83.0,82.27,111.0,262.5,132.7,129.8
2025-05-05,11,2025-05-05T08:00:00Z,2025-05-05T09:00:00Z,97.17,97.17,96.06,85.01,71.28,112.94,426.6,229.1,197.5
2025-05-05,12,2025-05-05T09:00:00Z,2025-05-05T10:00:00Z,77.1,77.1,75.89,119.93,62.21,119.93,376.7,194.9,181.8
2025-05-05,13,2025-05-05T10:00:00Z,2025-05-05T11:00:00Z,71.08,71.08,68.94,90.0,45.02,90.0,249.2,106.5,142.7
2025-05-05,14,2025-05-05T11:00:00Z,2025-05-05T12:00:00Z,72.51,72.51,70.52,80.0,60.55,99.97,282.6,137.5,145.1
2025-05-05,15,2025-05-05T12:00:00Z,2025-05-05T13:00:00Z,68.45,68.45,67.61,81.0,58.67,84.99,264.2,143.1,121.1
2025-05-05,16,2025-05-05T13:00:00Z,2025-05-05T14:00:00Z,104.09,104.09,101.42,189.0,71.44,189.0,209.3,92.8,116.5
2025-05-05,17,2025-05-05T14:00:00Z,2025-05-05T15:00:00Z,108.76,108.76,102.14,150.0,75.95,155.0,227.2,145.5,81.7
2025-05-05,18,2025-05-05T15:00:00Z,2025-05-05T16:00:00Z,119.57,119.57,119.65,98.0,93.4,164.99,192.0,136.5,55.5
2025-05-05,19,2025-05-05T16:00:00Z,2025-05-05T17:00:00Z,118.08,118.08,117.19,102.0,102.0,131.4,227.7,131.4,96.3
2025-05-05,20,2025-05-05T17:00:00Z,2025-05-05T18:00:00Z,138.63,138.63,140.8,107.22,107.22,162.25,313.4,118.8,194.6
2025-05-05,21,2025-05-05T18:00:00Z,2025-05-05T19:00:00Z,209.26,209.26,205.34,140.8,128.89,275.0,417.2,156.8,260.4
2025-05-05,22,2025-05-05T19:00:00Z,2025-05-05T20:00:00Z,120.96,120.96,119.07,109.95,104.72,149.9,176.6,49.9,126.7
2025-05-05,23,2025-05-05T20:00:00Z,2025-05-05T21:00:00Z,103.71,103.71,101.23,80.81,80.76,113.58,143.0,50.5,92.5
2025-05-05,24,2025-05-05T21:00:00Z,2025-05-05T22:00:00Z,89.0,89.0,87.53,84.19,82.83,95.99,147.5,54.7,92.8
2025-05-06,1,2025-05-05T22:00:00Z,2025-05-05T23:00:00Z,87.44,87.44,89.15,116.15,80.8,116.15,22.0,0.4,21.6
2025-05-06,2,2025-05-05T23:00:00Z,2025-05-06T00:00:00Z,75.69,75.69,76.39,74.0,73.23,85.0,46.9,17.3,29.6
2025-05-06,3,2025-05-06T00:00:00Z,2025-05-06T01:00:00Z,77.04,77.04,77.52,82.3,74.63,84.97,33.6,18.0,15.6
2025-05-06,4,2025-05-06T01:00:00Z,2025-05-06T02:00:00Z,79.06,79.06,79.06,81.01,75.0,81.1,48.6,25.0,23.6
2025-05-06,5,2025-05-06T02:00:00Z,2025-05-06T03:00:00Z,85.28,85.28,86.67,90.29,81.73,91.85,60.0,41.4,18.6
2025-05-06,6,2025-05-06T03:00:00Z,2025-05-06T04:00:00Z,93.75,93.75,93.57,85.3,85.3,102.19,95.1,63.8,31.3
2025-05-06,7,2025-05-06T04:00:00Z,2025-05-06T05:00:00Z,113.18,113.18,112.52,109.0,100.0,119.6,59.5,44.1,15.4
2025-05-06,8,2025-05-06T05:00:00Z,2025-05-06T06:00:00Z,123.73,123.73,122.31,90.95,90.95,130.11,106.0,35.6,70.4
2025-05-06,9,2025-05-06T06:00:00Z,2025-05-06T07:00:00Z,112.18,112.18,110.75,100.0,100.0,117.89,65.9,20.9,45.0
2025-05-06,10,2025-05-06T07:00:00Z,2025-05-06T08:00:00Z,109.64,109.64,108.31,89.9,83.0,141.77,156.3,64.9,91.4
2025-05-06,11,2025-05-06T08:00:00Z,2025-05-06T09:00:00Z,121.41,121.41,119.52,100.0,84.0,167.45,260.0,125.4,134.6
2025-05-06,12,2025-05-06T09:00:00Z,2025-05-06T10:00:00Z,129.38,129.38,135.31,159.0,79.71,203.0,300.7,143.3,157.4
2025-05-06,13,2025-05-06T10:00:00Z,2025-05-06T11:00:00Z,105.31,105.31,101.65,73.0,65.0,145.0,354.4,207.7,146.7
2025-05-06,14,2025-05-06T11:00:00Z,2025-05-06T12:00:00Z,86.96,86.96,86.86,74.0,60.01,130.37,248.4,147.1,101.3
2025-05-06,15,2025-05-06T12:00:00Z,2025-05-06T13:00:00Z,88.16,88.16,82.48,114.0,61.01,114.0,310.1,184.0,126.1
2025-05-06,16,2025-05-06T13:00:00Z,2025-05-06T14:00:00Z,72.16,72.16,70.71,80.0,60.0,88.0,69.0,35.9,33.1
2025-05-06,17,2025-05-06T14:00:00Z,2025-05-06T15:00:00Z,57.64,57.64,49.51,-220.01,-220.01,82.0,186.6,138.7,47.9
2025-05-06,18,2025-05-06T15:00:00Z,2025-05-06T16:00:00Z,102.64,102.64,101.19,100.0,66.79,139.2,135.5,59.8,75.7
2025-05-06,19,2025-05-06T16:00:00Z,2025-05-06T17:00:00Z,110.52,110.52,112.68,90.68,90.68,122.13,47.1,12.0,35.1
2025-05-06,20,2025-05-06T17:00:00Z,2025-05-06T18:00:00Z,138.27,138.27,141.17,129.1,124.5,164.9,80.5,20.6,59.9
2025-05-06,21,2025-05-06T18:00:00Z,2025-05-06T19:00:00Z,162.06,162.06,160.35,158.28,149.58,190.08,80.4,25.2,55.2
2025-05-06,22,2025-05-06T19:00:00Z,2025-05-06T20:00:00Z,132.34,132.34,130.96,135.0,124.2,135.21,46.8,13.6,33.2
2025-05-06,23,2025-05-06T20:00:00Z,2025-05-06T21:00:00Z,112.45,112.45,111.75,116.18,108.6,116.18,32.0,8.4,23.6
2025-05-06,24,2025-05-06T21:00:00Z,2025-05-06T22:00:00Z,98.73,98.73,99.28,100.87,97.01,102.89,38.7,11.1,27.6
2025-05-07,1,2025-05-06T22:00:00Z,2025-05-06T23:00:00Z,97.48,97.48,97.17,100.68,92.51,100.68,33.7,15.7,18.0
2025-05-07,2,2025-05-06T23:00:00Z,2025-05-07T00:00:00Z,93.03,93.03,93.04,96.19,88.22,96.19,33.5,15.5,18.0
2025-05-07,3,2025-05-07T00:00:00Z,2025-05-07T01:00:00Z,89.81,89.81,89.48,93.65,87.36,93.65,26.1,10.1,16.0
2025-05-07,4,2025-05-07T01:00:00Z,2025-05-07T02:00:00Z,90.01,90.01,90.31,89.44,88.2,93.1,31.5,13.5,18.0
2025-05-07,5,2025-05-07T02:00:00Z,2025-05-07T03:00:00Z,92.78,92.78,92.64,93.7,90.0,93.7,29.2,23.2,6.0
2025-05-07,6,2025-05-07T03:00:00Z,2025-05-07T04:00:00Z,101.32,101.32,100.97,100.65,99.49,106.0,23.7,23.7,0.0
2025-05-07,7,2025-05-07T04:00:00Z,2025-05-07T05:00:00Z,121.51,121.51,121.92,123.0,119.84,124.37,53.0,53.0,0.0
2025-05-07,8,2025-05-07T05:00:00Z,2025-05-07T06:00:00Z,132.26,132.26,131.67,111.7,111.7,137.3,72.0,61.9,10.1
2025-05-07,9,2025-05-07T06:00:00Z,2025-05-07T07:00:00Z,113.33,113.33,115.3,124.75,105.0,125.0,38.6,27.6,11.0
2025-05-07,10,2025-05-07T07:00:00Z,2025-05-07T08:00:00Z,78.96,78.96,80.36,103.0,69.77,103.0,177.1,94.4,82.7
2025-05-07,11,2025-05-07T08:00:00Z,2025-05-07T09:00:00Z,64.22,64.22,64.46,45.0,31.48,88.22,256.3,136.9,119.4
2025-05-07,12,2025-05-07T09:00:00Z,2025-05-07T10:00:00Z,55.31,55.31,54.74,55.0,40.5,82.72,183.9,105.5,78.4
2025-05-07,13,2025-05-07T10:00:00Z,2025-05-07T11:00:00Z,28.97,28.97,37.51,0.0,0.0,79.2,297.5,171.2,126.3
2025-05-07,14,2025-05-07T11:00:00Z,2025-05-07T12:00:00Z,40.53,40.53,41.38,40.0,17.71,78.0,315.8,177.9,137.9
2025-05-07,15,2025-05-07T12:00:00Z,2025-05-07T13:00:00Z,54.26,54.26,54.55,125.0,27.19,125.0,238.9,126.5,112.4
2025-05-07,16,2025-05-07T13:00:00Z,2025-05-07T14:00:00Z,73.14,73.14,73.85,70.22,57.2,91.95,409.4,180.1,229.3
2025-05-07,17,2025-05-07T14:00:00Z,2025-05-07T15:00:00Z,77.04,77.04,76.76,81.64,70.5,89.0,508.4,316.0,192.4
2025-05-07,18,2025-05-07T15:00:00Z,2025-05-07T16:00:00Z,92.45,92.45,92.14,70.94,70.94,104.1,140.9,84.6,56.3
2025-05-07,19,2025-05-07T16:00:00Z,2025-05-07T17:00:00Z,120.27,120.27,118.23,112.0,103.47,150.0,300.8,93.0,207.8
2025-05-07,20,2025-05-07T17:00:00Z,2025-05-07T18:00:00Z,141.87,141.87,144.55,103.83,103.81,169.19,275.0,59.4,215.6
2025-05-07,21,2025-05-07T18:00:00Z,2025-05-07T19:00:00Z,177.62,177.62,186.4,191.7,141.11,245.23,325.2,103.6,221.6
2025-05-07,22,2025-05-07T19:00:00Z,2025-05-07T20:00:00Z,140.43,140.43,144.1,155.12,122.2,159.72,233.0,66.2,166.8
2025-05-07,23,2025-05-07T20:00:00Z,2025-05-07T21:00:00Z,111.91,111.91,113.32,119.0,103.08,124.74,113.8,38.9,74.9
2025-05-07,24,2025-05-07T21:00:00Z,2025-05-07T22:00:00Z,98.48,98.48,97.87,102.65,94.09,104.57,24.8,12.8,12.0
2025-05-08,1,2025-05-07T22:00:00Z,2025-05-07T23:00:00Z,101.3,101.3,100.01,100.68,96.71,102.0,16.2,10.2,6.0
2025-05-08,2,2025-05-07T23:00:00Z,2025-05-08T00:00:00Z,91.95,91.95,92.08,92.27,91.0,93.79,31.9,31.8,0.1
2025-05-08,3,2025-05-08T00:00:00Z,2025-05-08T01:00:00Z,91.89,91.89,92.01,96.2,90.95,96.2,36.7,36.7,0.0
2025-05-08,4,2025-05-08T01:00:00Z,2025-05-08T02:00:00Z,93.87,93.87,93.23,94.0,90.89,95.26,41.7,41.7,0.0
2025-05-08,5,2025-05-08T02:00:00Z,2025-05-08T03:00:00Z,93.86,93.86,94.15,94.53,92.27,96.03,27.0,27.0,0.0
2025-05-08,6,2025-05-08T03:00:00Z,2025-05-08T04:00:00Z,104.17,104.17,104.7,105.32,101.5,108.08,47.0,37.0,10.0
2025-05-08,7,2025-05-08T04:00:00Z,2025-05-08T05:00:00Z,124.31,124.31,125.21,129.6,123.0,129.6,62.3,47.3,15.0
2025-05-08,8,2025-05-08T05:00:00Z,2025-05-08T06:00:00Z,138.32,138.32,137.82,139.14,133.0,143.98,93.1,53.1,40.0
2025-05-08,9,2025-05-08T06:00:00Z,2025-05-08T07:00:00Z,131.02,131.02,129.55,121.0,121.0,169.99,99.4,54.9,44.5
2025-05-08,10,2025-05-08T07:00:00Z,2025-05-08T08:00:00Z,95.88,95.88,95.9,97.34,91.03,101.0,124.8,93.5,31.3
2025-05-08,11,2025-05-08T08:00:00Z,2025-05-08T09:00:00Z,84.35,84.35,83.83,95.0,72.38,95.0,220.8,166.0,54.8
2025-05-08,12,2025-05-08T09:00:00Z,2025-05-08T10:00:00Z,77.02,77.02,76.83,66.0,60.0,87.9,370.5,255.2,115.3
2025-05-08,13,2025-05-08T10:00:00Z,2025-05-08T11:00:00Z,75.41,75.41,75.97,74.72,66.0,89.88,211.7,160.9,50.8
2025-05-08,14,2025-05-08T11:00:00Z,2025-05-08T12:00:00Z,69.55,69.55,65.51,67.0,39.07,77.0,183.8,141.6,42.2
2025-05-08,15,2025-05-08T12:00:00Z,2025-05-08T13:00:00Z,75.77,75.77,74.85,53.0,53.0,90.0,150.4,108.4,42.0
2025-05-08,16,2025-05-08T13:00:00Z,2025-05-08T14:00:00Z,71.16,71.16,74.25,60.0,60.0,84.1,121.4,66.7,54.7
2025-05-08,17,2025-05-08T14:00:00Z,2025-05-08T15:00:00Z,87.05,87.05,87.3,108.22,62.1,108.22,188.0,92.2,95.8
2025-05-08,18,2025-05-08T15:00:00Z,2025-05-08T16:00:00Z,104.89,104.89,105.97,116.08,87.03,124.61,124.3,76.0,48.3
2025-05-08,19,2025-05-08T16:00:00Z,2025-05-08T17:00:00Z,112.76,112.76,110.63,130.0,97.57,150.08,202.4,65.2,137.2
2025-05-08,20,2025-05-08T17:00:00Z,2025-05-08T18:00:00Z,146.97,146.97,156.24,225.0,132.16,225.98,339.8,76.8,263.0
2025-05-08,21,2025-05-08T18:00:00Z,2025-05-08T19:00:00Z,270.97,270.97,271.75,320.0,199.0,345.0,365.9,115.7,250.2
2025-05-08,22,2025-05-08T19:00:00Z,2025-05-08T20:00:00Z,173.35,173.35,172.19,193.97,145.55,215.0,204.0,56.7,147.3
2025-05-08,23,2025-05-08T20:00:00Z,2025-05-08T21:00:00Z,153.14,153.14,146.7,193.92,129.02,193.92,130.7,36.5,94.2
2025-05-08,24,2025-05-08T21:00:00Z,2025-05-08T22:00:00Z,123.36,123.36,126.36,148.97,114.71,148.99,186.2,41.7,144.5
2025-05-09,1,2025-05-08T22:00:00Z,2025-05-08T23:00:00Z,121.39,121.39,119.59,110.0,105.21,125.0,12.5,12.2,0.3
2025-05-09,2,2025-05-08T23:00:00Z,2025-05-09T00:00:00Z,98.3,98.3,98.5,97.74,95.53,100.99,21.9,19.9,2.0
2025-05-09,3,2025-05-09T00:00:00Z,2025-05-09T01:00:00Z,97.7,97.7,98.97,106.28,92.92,106.28,38.9,38.9,0.0
2025-05-09,4,2025-05-09T01:00:00Z,2025-05-09T02:00:00Z,98.46,98.46,99.39,113.0,94.6,113.0,37.6,37.3,0.3
2025-05-09,5,2025-05-09T02:00:00Z,2025-05-09T03:00:00Z,106.91,106.91,113.11,126.0,97.64,127.11,45.5,32.2,13.3
2025-05-09,6,2025-05-09T03:00:00Z,2025-05-09T04:00:00Z,117.16,117.16,123.63,136.0,104.66,138.81,61.9,22.4,39.5
2025-05-09,7,2025-05-09T04:00:00Z,2025-05-09T05:00:00Z,139.29,139.29,142.13,157.0,131.61,164.34,163.8,49.3,114.5
2025-05-09,8,2025-05-09T05:00:00Z,2025-05-09T06:00:00Z,135.98,135.98,139.3,128.0,128.0,164.07,124.5,17.1,107.4
2025-05-09,9,2025-05-09T06:00:00Z,2025-05-09T07:00:00Z,105.74,105.74,107.09,80.0,80.0,122.55,108.3,34.5,73.8
2025-05-09,10,2025-05-09T07:00:00Z,2025-05-09T08:00:00Z,78.15,78.15,77.86,67.19,67.19,88.0,102.4,55.7,46.7
2025-05-09,11,2025-05-09T08:00:00Z,2025-05-09T09:00:00Z,46.35,46.35,46.21,42.99,33.0,59.0,125.1,36.3,88.8
2025-05-09,12,2025-05-09T09:00:00Z,2025-05-09T10:00:00Z,16.06,16.06,19.99,5.0,0.0,30.27,193.7,76.1,117.6
2025-05-09,13,2025-05-09T10:00:00Z,2025-05-09T11:00:00Z,7.17,7.17,7.99,-2.3,-2.3,17.47,328.1,185.2,142.9
2025-05-09,14,2025-05-09T11:00:00Z,2025-05-09T12:00:00Z,1.79,1.79,1.8,-4.74,-5.96,9.52,259.3,151.9,107.4
2025-05-09,15,2025-05-09T12:00:00Z,2025-05-09T13:00:00Z,6.83,6.83,5.8,-11.49,-11.49,14.47,264.6,150.9,113.7
2025-05-09,16,2025-05-09T13:00:00Z,2025-05-09T14:00:00Z,25.74,25.74,24.96,3.25,3.25,33.22,366.2,216.5,149.7
2025-05-09,17,2025-05-09T14:00:00Z,2025-05-09T15:00:00Z,40.06,40.06,39.38,25.0,22.0,57.97,417.8,301.1,116.7
2025-05-09,18,2025-05-09T15:00:00Z,2025-05-09T16:00:00Z,70.7,70.7,70.95,60.53,60.3,76.22,148.6,44.4,104.2
2025-05-09,19,2025-05-09T16:00:00Z,2025-05-09T17:00:00Z,105.95,105.95,104.36,88.4,88.4,123.97,213.0,89.5,123.5
2025-05-09,20,2025-05-09T17:00:00Z,2025-05-09T18:00:00Z,134.61,134.61,134.48,100.0,100.0,158.88,308.8,74.8,234.0
2025-05-09,21,2025-05-09T18:00:00Z,2025-05-09T19:00:00Z,158.15,158.15,156.31,129.0,129.0,204.0,450.2,170.6,279.6
2025-05-09,22,2025-05-09T19:00:00Z,2025-05-09T20:00:00Z,140.4,140.4,140.94,120.52,120.0,157.99,434.1,92.7,341.4
2025-05-09,23,2025-05-09T20:00:00Z,2025-05-09T21:00:00Z,109.13,109.13,108.75,113.6,96.12,120.0,225.3,39.6,185.7
2025-05-09,24,2025-05-09T21:00:00Z,2025-05-09T22:00:00Z,95.84,95.84,96.46,102.6,88.7,103.86,198.8,56.7,142.1
2025-05-10,1,2025-05-09T22:00:00Z,2025-05-09T23:00:00Z,104.06,104.06,107.8,109.0,100.3,121.49,25.7,25.7,0.0
2025-05-10,2,2025-05-09T23:00:00Z,2025-05-10T00:00:00Z,100.01,100.01,100.44,99.92,97.3,102.15,40.7,40.7,0.0
2025-05-10,3,2025-05-10T00:00:00Z,2025-05-10T01:00:00Z,98.47,98.47,98.17,100.0,96.0,102.25,57.1,36.7,20.4
2025-05-10,4,2025-05-10T01:00:00Z,2025-05-10T02:00:00Z,98.14,98.14,97.7,98.23,94.89,99.91,33.6,25.1,8.5
2025-05-10,5,2025-05-10T02:00:00Z,2025-05-10T03:00:00Z,99.0,99.0,98.8,96.01,95.9,102.88,66.4,31.6,34.8
2025-05-10,6,2025-05-10T03:00:00Z,2025-05-10T04:00:00Z,104.28,104.28,105.22,123.92,96.02,123.92,80.5,46.0,34.5
2025-05-10,7,2025-05-10T04:00:00Z,2025-05-10T05:00:00Z,102.27,102.27,98.25,120.0,94.54,120.0,61.7,25.1,36.6
2025-05-10,8,2025-05-10T05:00:00Z,2025-05-10T06:00:00Z,101.67,101.67,103.09,100.5,92.84,105.97,24.0,10.0,14.0
2025-05-10,9,2025-05-10T06:00:00Z,2025-05-10T07:00:00Z,84.45,84.45,85.33,91.37,71.02,91.37,31.0,10.0,21.0
2025-05-10,10,2025-05-10T07:00:00Z,2025-05-10T08:00:00Z,41.64,41.64,39.05,30.0,19.97,47.0,45.1,22.1,23.0
2025-05-10,11,2025-05-10T08:00:00Z,2025-05-10T09:00:00Z,20.79,20.79,19.67,29.7,0.07,29.99,91.6,56.2,35.4
2025-05-10,12,2025-05-10T09:00:00Z,2025-05-10T10:00:00Z,2.18,2.18,0.87,8.82,-32.39,9.5,136.0,80.8,55.2
2025-05-10,13,2025-05-10T10:00:00Z,2025-05-10T11:00:00Z,-19.52,-19.52,-23.92,19.99,-89.6,19.99,235.8,199.0,36.8
2025-05-10,14,2025-05-10T11:00:00Z,2025-05-10T12:00:00Z,-41.68,-41.68,-51.98,-79.0,-150.0,-0.01,164.3,135.1,29.2
2025-05-10,15,2025-05-10T12:00:00Z,2025-05-10T13:00:00Z,-55.27,-55.27,-65.38,-103.13,-149.99,-1.0,154.3,131.6,22.7
2025-05-10,16,2025-05-10T13:00:00Z,2025-05-10T14:00:00Z,-35.13,-35.13,-44.79,-92.49,-92.49,-1.0,96.4,68.5,27.9
2025-05-10,17,2025-05-10T14:00:00Z,2025-05-10T15:00:00Z,11.96,11.96,10.68,-3.58,-9.99,20.0,355.1,259.2,95.9
2025-05-10,18,2025-05-10T15:00:00Z,2025-05-10T16:00:00Z,42.08,42.08,44.05,54.0,26.09,79.55,127.1,43.7,83.4
2025-05-10,19,2025-05-10T16:00:00Z,2025-05-10T17:00:00Z,110.53,110.53,112.04,107.01,91.5,121.41,181.5,97.5,84.0
2025-05-10,20,2025-05-10T17:00:00Z,2025-05-10T18:00:00Z,137.47,137.47,135.91,105.81,105.81,159.9,183.8,81.2,102.6
2025-05-10,21,2025-05-10T18:00:00Z,2025-05-10T19:00:00Z,220.43,220.43,231.61,222.0,187.0,259.89,203.1,44.4,158.7
2025-05-10,22,2025-05-10T19:00:00Z,2025-05-10T20:00:00Z,138.6,138.6,145.03,178.0,130.01,178.0,115.8,20.4,95.4
2025-05-10,23,2025-05-10T20:00:00Z,2025-05-10T21:00:00Z,122.19,122.19,134.19,164.0,106.37,189.6,88.1,35.7,52.4
2025-05-10,24,2025-05-10T21:00:00Z,2025-05-10T22:00:00Z,104.43,104.43,109.73,131.0,98.37,131.0,47.6,16.3,31.3
2025-05-11,1,2025-05-10T22:00:00Z,2025-05-10T23:00:00Z,95.03,95.03,99.27,85.0,85.0,114.28,104.2,57.2,47.0
2025-05-11,2,2025-05-10T23:00:00Z,2025-05-11T00:00:00Z,92.14,92.14,91.85,88.1,88.0,94.69,49.5,39.5,10.0
2025-05-11,3,2025-05-11T00:00:00Z,2025-05-11T01:00:00Z,88.3,88.3,87.74,79.91,79.91,95.0,95.9,88.9,7.0
2025-05-11,4,2025-05-11T01:00:00Z,2025-05-11T02:00:00Z,86.26,86.26,86.32,83.09,82.7,95.0,226.5,172.5,54.0
2025-05-11,5,2025-05-11T02:00:00Z,2025-05-11T03:00:00Z,85.87,85.87,86.23,90.0,83.0,95.28,274.5,220.5,54.0
2025-05-11,6,2025-05-11T03:00:00Z,2025-05-11T04:00:00Z,87.09,87.09,86.91,87.67,80.98,94.49,351.4,295.9,55.5
2025-05-11,7,2025-05-11T04:00:00Z,2025-05-11T05:00:00Z,87.03,87.03,86.62,81.71,81.01,89.04,338.9,288.9,50.0
2025-05-11,8,2025-05-11T05:00:00Z,2025-05-11T06:00:00Z,74.56,74.56,74.17,82.69,64.0,85.81,303.3,270.3,33.0
2025-05-11,9,2025-05-11T06:00:00Z,2025-05-11T07:00:00Z,35.65,35.65,35.45,36.59,16.59,41.51,276.4,197.0,79.4
2025-05-11,10,2025-05-11T07:00:00Z,2025-05-11T08:00:00Z,24.78,24.78,17.1,8.03,5.3,36.0,136.4,54.1,82.3
2025-05-11,11,2025-05-11T08:00:00Z,2025-05-11T09:00:00Z,-4.25,-4.25,-3.73,21.25,-22.41,21.25,295.0,230.0,65.0
2025-05-11,12,2025-05-11T09:00:00Z,2025-05-11T10:00:00Z,-18.72,-18.72,-21.04,-21.7,-53.25,0.0,340.9,243.8,97.1
2025-05-11,13,2025-05-11T10:00:00Z,2025-05-11T11:00:00Z,-119.73,-119.73,-128.09,-121.27,-200.5,-85.0,186.1,91.2,94.9
2025-05-11,14,2025-05-11T11:00:00Z,2025-05-11T12:00:00Z,-183.33,-183.33,-189.15,-209.0,-270.0,-135.42,172.7,90.3,82.4
2025-05-11,15,2025-05-11T12:00:00Z,2025-05-11T13:00:00Z,-171.86,-171.86,-175.39,-132.18,-235.0,-100.0,224.0,81.7,142.3
2025-05-11,16,2025-05-11T13:00:00Z,2025-05-11T14:00:00Z,-58.71,-58.71,-62.6,-37.24,-113.5,-25.2,55.0,42.2,12.8
2025-05-11,17,2025-05-11T14:00:00Z,2025-05-11T15:00:00Z,-12.86,-12.86,-13.69,-12.73,-22.24,-4.52,232.7,28.9,203.8
2025-05-11,18,2025-05-11T15:00:00Z,2025-05-11T16:00:00Z,37.71,37.71,30.24,41.0,20.0,88.37,79.4,23.2,56.2
2025-05-11,19,2025-05-11T16:00:00Z,2025-05-11T17:00:00Z,90.18,90.18,91.59,75.0,72.5,109.0,63.3,36.6,26.7
2025-05-11,20,2025-05-11T17:00:00Z,2025-05-11T18:00:00Z,105.56,105.56,103.49,99.0,90.01,129.79,147.1,61.1,86.0
2025-05-11,21,2025-05-11T18:00:00Z,2025-05-11T19:00:00Z,156.92,156.92,155.01,111.68,109.32,180.19,190.7,73.8,116.9
2025-05-11,22,2025-05-11T19:00:00Z,2025-05-11T20:00:00Z,113.38,113.38,112.81,102.2,102.2,124.83,234.1,112.2,121.9
2025-05-11,23,2025-05-11T20:00:00Z,2025-05-11T21:00:00Z,105.71,105.71,103.03,134.98,97.1,134.98,255.4,150.3,105.1
2025-05-11,24,2025-05-11T21:00:00Z,2025-05-11T22:00:00Z,95.38,95.38,95.79,88.0,88.0,104.71,168.2,99.0,69.2
2025-05-12,1,2025-05-11T22:00:00Z,2025-05-11T23:00:00Z,101.7,101.7,104.63,100.15,91.21,117.04,43.4,35.6,7.8
2025-05-12,2,2025-05-11T23:00:00Z,2025-05-12T00:00:00Z,84.23,84.23,84.29,75.0,75.0,89.99,139.9,132.2,7.7
2025-05-12,3,2025-05-12T00:00:00Z,2025-05-12T01:00:00Z,81.4,81.4,82.14,76.28,76.2,88.9,151.3,134.5,16.8
2025-05-12,4,2025-05-12T01:00:00Z,2025-05-12T02:00:00Z,83.51,83.51,83.14,82.4,77.0,89.2,111.6,107.1,4.5
2025-05-12,5,2025-05-12T02:00:00Z,2025-05-12T03:00:00Z,93.23,93.23,91.01,85.07,84.4,108.56,105.7,101.2,4.5
2025-05-12,6,2025-05-12T03:00:00Z,2025-05-12T04:00:00Z,102.53,102.53,102.55,99.0,94.0,107.92,127.4,113.9,13.5
2025-05-12,7,2025-05-12T04:00:00Z,2025-05-12T05:00:00Z,147.5,147.5,148.25,128.1,128.1,154.36,116.0,10.5,105.5
2025-05-12,8,2025-05-12T05:00:00Z,2025-05-12T06:00:00Z,150.78,150.78,151.73,157.92,150.0,158.99,26.6,6.1,20.5
2025-05-12,9,2025-05-12T06:00:00Z,2025-05-12T07:00:00Z,104.7,104.7,104.35,105.0,102.06,108.0,68.9,38.9,30.0
2025-05-12,10,2025-05-12T07:00:00Z,2025-05-12T08:00:00Z,77.36,77.36,73.9,50.0,50.0,85.0,213.0,125.0,88.0
2025-05-12,11,2025-05-12T08:00:00Z,2025-05-12T09:00:00Z,37.61,37.61,38.47,5.0,1.0,59.33,298.1,72.6,225.5
2025-05-12,12,2025-05-12T09:00:00Z,2025-05-12T10:00:00Z,24.62,24.62,24.33,43.7,10.01,46.7,331.8,46.2,285.6
2025-05-12,13,2025-05-12T10:00:00Z,2025-05-12T11:00:00Z,6.71,6.71,4.15,19.99,-7.01,33.4,371.6,110.5,261.1
2025-05-12,14,2025-05-12T11:00:00Z,2025-05-12T12:00:00Z,3.61,3.61,4.28,-4.73,-6.54,26.35,318.7,88.8,229.9
2025-05-12,15,2025-05-12T12:00:00Z,2025-05-12T13:00:00Z,2.79,2.79,1.78,-1.0,-2.4,25.0,299.9,86.6,213.3
2025-05-12,16,2025-05-12T13:00:00Z,2025-05-12T14:00:00Z,20.18,20.18,16.42,39.95,-2.0,49.5,356.1,131.8,224.3
2025-05-12,17,2025-05-12T14:00:00Z,2025-05-12T15:00:00Z,44.22,44.22,40.73,27.65,24.89,71.0,151.8,107.4,44.4
2025-05-12,18,2025-05-12T15:00:00Z,2025-05-12T16:00:00Z,80.09,80.09,78.19,58.2,58.14,88.03,70.9,34.7,36.2
2025-05-12,19,2025-05-12T16:00:00Z,2025-05-12T17:00:00Z,101.7,101.7,101.82,99.99,93.91,108.54,102.8,49.0,53.8
2025-05-12,20,2025-05-12T17:00:00Z,2025-05-12T18:00:00Z,164.12,164.12,162.75,144.29,144.29,182.02,156.5,80.2,76.3
2025-05-12,21,2025-05-12T18:00:00Z,2025-05-12T19:00:00Z,221.36,221.36,225.75,206.89,187.0,280.01,186.2,107.4,78.8
2025-05-12,22,2025-05-12T19:00:00Z,2025-05-12T20:00:00Z,133.76,133.76,136.79,99.11,99.11,158.48,148.6,91.9,56.7
2025-05-12,23,2025-05-12T20:00:00Z,2025-05-12T21:00:00Z,105.53,105.53,105.87,100.75,95.16,122.74,121.3,37.1,84.2
2025-05-12,24,2025-05-12T21:00:00Z,2025-05-12T22:00:00Z,95.85,95.85,94.19,87.97,87.97,109.43,117.0,54.2,62.8
2025-05-13,1,2025-05-12T22:00:00Z,2025-05-12T23:00:00Z,87.33,87.33,88.0,85.92,85.92,91.3,12.1,12.1,0.0
2025-05-13,2,2025-05-12T23:00:00Z,2025-05-13T00:00:00Z,87.88,87.88,87.41,85.27,85.27,89.27,6.5,6.5,0.0
2025-05-13,3,2025-05-13T00:00:00Z,2025-05-13T01:00:00Z,87.51,87.51,87.62,86.99,85.29,90.4,32.3,32.3,0.0
2025-05-13,4,2025-05-13T01:00:00Z,2025-05-13T02:00:00Z,91.36,91.36,92.08,103.93,87.94,103.93,34.2,33.2,1.0
2025-05-13,5,2025-05-13T02:00:00Z,2025-05-13T03:00:00Z,99.42,99.42,98.41,108.69,93.46,108.69,34.3,34.3,0.0
2025-05-13,6,2025-05-13T03:00:00Z,2025-05-13T04:00:00Z,105.27,105.27,106.03,105.35,104.7,108.93,36.1,29.6,6.5
2025-05-13,7,2025-05-13T04:00:00Z,2025-05-13T05:00:00Z,128.5,128.5,128.29,125.08,124.18,130.49,53.0,46.2,6.8
2025-05-13,8,2025-05-13T05:00:00Z,2025-05-13T06:00:00Z,125.34,125.34,124.52,122.81,98.54,129.0,45.9,28.2,17.7
2025-05-13,9,2025-05-13T06:00:00Z,2025-05-13T07:00:00Z,100.97,100.97,101.91,135.0,92.27,135.0,90.3,62.1,28.2
2025-05-13,10,2025-05-13T07:00:00Z,2025-05-13T08:00:00Z,76.23,76.23,72.5,100.0,66.01,100.0,261.9,207.9,54.0
2025-05-13,11,2025-05-13T08:00:00Z,2025-05-13T09:00:00Z,17.04,17.04,16.41,23.0,2.69,24.5,249.4,197.4,52.0
2025-05-13,12,2025-05-13T09:00:00Z,2025-05-13T10:00:00Z,-8.41,-8.41,-8.95,-18.59,-18.59,-0.9,226.2,179.5,46.7
2025-05-13,13,2025-05-13T10:00:00Z,2025-05-13T11:00:00Z,10.19,10.19,8.96,35.0,-8.0,52.25,218.7,162.2,56.5
2025-05-13,14,2025-05-13T11:00:00Z,2025-05-13T12:00:00Z,5.57,5.57,6.84,44.89,-23.39,44.89,242.3,182.9,59.4
2025-05-13,15,2025-05-13T12:00:00Z,2025-05-13T13:00:00Z,-5.63,-5.63,-10.56,24.95,-19.89,24.95,208.4,191.8,16.6
2025-05-13,16,2025-05-13T13:00:00Z,2025-05-13T14:00:00Z,5.92,5.92,2.91,75.0,-10.04,75.0,292.7,256.1,36.6
2025-05-13,17,2025-05-13T14:00:00Z,2025-05-13T15:00:00Z,18.5,18.5,13.34,14.2,3.0,76.38,319.8,269.4,50.4
2025-05-13,18,2025-05-13T15:00:00Z,2025-05-13T16:00:00Z,67.02,67.02,67.66,68.7,60.0,71.67,425.1,286.9,138.2
2025-05-13,19,2025-05-13T16:00:00Z,2025-05-13T17:00:00Z,101.34,101.34,102.61,97.95,92.74,113.24,103.3,69.4,33.9
2025-05-13,20,2025-05-13T17:00:00Z,2025-05-13T18:00:00Z,167.85,167.85,168.12,174.0,162.0,175.74,60.4,32.6,27.8
2025-05-13,21,2025-05-13T18:00:00Z,2025-05-13T19:00:00Z,328.31,328.31,330.96,366.94,286.48,366.94,87.4,36.1,51.3
2025-05-13,22,2025-05-13T19:00:00Z,2025-05-13T20:00:00Z,170.01,170.01,168.95,172.42,160.0,180.33,71.8,45.8,26.0
2025-05-13,23,2025-05-13T20:00:00Z,2025-05-13T21:00:00Z,114.8,114.8,114.66,113.5,113.21,117.27,35.2,25.2,10.0
2025-05-13,24,2025-05-13T21:00:00Z,2025-05-13T22:00:00Z,91.79,91.79,90.71,78.01,75.01,101.99,158.0,78.4,79.6
2025-05-14,1,2025-05-13T22:00:00Z,2025-05-13T23:00:00Z,94.44,94.44,99.83,107.38,70.01,110.46,27.4,10.2,17.2
2025-05-14,2,2025-05-13T23:00:00Z,2025-05-14T00:00:00Z,100.55,100.55,100.42,101.4,97.97,102.15,34.1,10.0,24.1
2025-05-14,3,2025-05-14T00:00:00Z,2025-05-14T01:00:00Z,95.75,95.75,95.96,94.09,94.08,97.94,43.5,10.4,33.1
2025-05-14,4,2025-05-14T01:00:00Z,2025-05-14T02:00:00Z,101.72,101.72,102.31,108.0,97.53,108.0,43.6,26.6,17.0
2025-05-14,5,2025-05-14T02:00:00Z,2025-05-14T03:00:00Z,105.26,105.26,106.92,109.48,98.0,112.82,52.8,29.8,23.0
2025-05-14,6,2025-05-14T03:00:00Z,2025-05-14T04:00:00Z,107.7,107.7,109.44,109.27,102.91,113.49,33.2,16.0,17.2
2025-05-14,7,2025-05-14T04:00:00Z,2025-05-14T05:00:00Z,127.86,127.86,127.59,126.7,123.0,129.2,116.0,10.8,105.2
2025-05-14,8,2025-05-14T05:00:00Z,2025-05-14T06:00:00Z,124.82,124.82,124.8,121.94,120.39,128.26,136.0,10.8,125.2
2025-05-14,9,2025-05-14T06:00:00Z,2025-05-14T07:00:00Z,102.47,102.47,98.93,129.99,90.54,129.99,91.7,56.6,35.1
2025-05-14,10,2025-05-14T07:00:00Z,2025-05-14T08:00:00Z,67.1,67.1,66.41,56.8,50.0,72.0,150.6,103.4,47.2
2025-05-14,11,2025-05-14T08:00:00Z,2025-05-14T09:00:00Z,-16.64,-16.64,-16.75,0.03,-44.64,3.75,171.3,129.7,41.6
2025-05-14,12,2025-05-14T09:00:00Z,2025-05-14T10:00:00Z,-8.06,-8.06,-9.57,-3.5,-33.56,45.0,208.2,117.6,90.6
2025-05-14,13,2025-05-14T10:00:00Z,2025-05-14T11:00:00Z,-3.9,-3.9,-4.71,-3.7,-11.6,0.95,202.1,112.6,89.5
2025-05-14,14,2025-05-14T11:00:00Z,2025-05-14T12:00:00Z,-11.23,-11.23,-10.62,-4.0,-20.75,10.0,156.2,65.7,90.5
2025-05-14,15,2025-05-14T12:00:00Z,2025-05-14T13:00:00Z,-13.11,-13.11,-12.4,-3.81,-25.09,-0.05,161.0,50.5,110.5
2025-05-14,16,2025-05-14T13:00:00Z,2025-05-14T14:00:00Z,-3.3,-3.3,-2.78,-3.82,-5.32,0.0,104.0,86.0,18.0
2025-05-14,17,2025-05-14T14:00:00Z,2025-05-14T15:00:00Z,19.8,19.8,16.85,14.0,3.62,45.0,150.5,70.0,80.5
2025-05-14,18,2025-05-14T15:00:00Z,2025-05-14T16:00:00Z,38.33,38.33,37.39,27.1,26.7,53.36,170.3,72.5,97.8
2025-05-14,19,2025-05-14T16:00:00Z,2025-05-14T17:00:00Z,92.95,92.95,92.33,76.75,70.0,105.0,92.7,33.5,59.2
2025-05-14,20,2025-05-14T17:00:00Z,2025-05-14T18:00:00Z,107.35,107.35,106.85,100.0,100.0,120.0,139.7,17.2,122.5
2025-05-14,21,2025-05-14T18:00:00Z,2025-05-14T19:00:00Z,156.28,156.28,176.07,200.0,101.15,229.99,217.8,72.8,145.0
2025-05-14,22,2025-05-14T19:00:00Z,2025-05-14T20:00:00Z,133.4,133.4,131.92,130.0,97.0,152.29,129.5,39.8,89.7
2025-05-14,23,2025-05-14T20:00:00Z,2025-05-14T21:00:00Z,108.25,108.25,106.89,97.08,97.08,115.01,196.4,65.5,130.9
2025-05-14,24,2025-05-14T21:00:00Z,2025-05-14T22:00:00Z,97.48,97.48,97.55,104.07,92.01,104.93,196.3,24.5,171.8
2025-05-15,1,2025-05-14T22:00:00Z,2025-05-14T23:00:00Z,97.73,97.73,97.94,95.99,91.92,104.05,42.3,30.3,12.0
2025-05-15,2,2025-05-14T23:00:00Z,2025-05-15T00:00:00Z,84.41,84.41,84.33,100.65,80.0,100.65,43.9,32.6,11.3
2025-05-15,3,2025-05-15T00:00:00Z,2025-05-15T01:00:00Z,81.43,81.43,80.66,80.11,79.01,82.59,45.2,30.5,14.7
2025-05-15,4,2025-05-15T01:00:00Z,2025-05-15T02:00:00Z,84.38,84.38,83.31,87.2,80.0,91.89,53.4,36.4,17.0
2025-05-15,5,2025-05-15T02:00:00Z,2025-05-15T03:00:00Z,87.92,87.92,86.24,90.0,81.5,90.88,70.8,39.8,31.0
2025-05-15,6,2025-05-15T03:00:00Z,2025-05-15T04:00:00Z,95.49,95.49,94.42,98.29,88.61,98.71,67.0,39.0,28.0
2025-05-15,7,2025-05-15T04:00:00Z,2025-05-15T05:00:00Z,111.68,111.68,112.25,103.34,103.33,120.36,108.6,34.4,74.2
2025-05-15,8,2025-05-15T05:00:00Z,2025-05-15T06:00:00Z,115.39,115.39,113.86,99.97,99.97,126.0,122.9,40.7,82.2
2025-05-15,9,2025-05-15T06:00:00Z,2025-05-15T07:00:00Z,93.07,93.07,94.17,96.72,86.81,100.11,63.8,34.3,29.5
2025-05-15,10,2025-05-15T07:00:00Z,2025-05-15T08:00:00Z,66.04,66.04,66.86,64.99,61.01,71.9,111.2,91.2,20.0
2025-05-15,11,2025-05-15T08:00:00Z,2025-05-15T09:00:00Z,17.51,17.51,18.76,49.97,10.16,49.99,208.7,176.4,32.3
2025-05-15,12,2025-05-15T09:00:00Z,2025-05-15T10:00:00Z,26.16,26.16,27.81,25.01,4.02,89.99,193.3,151.5,41.8
2025-05-15,13,2025-05-15T10:00:00Z,2025-05-15T11:00:00Z,29.65,29.65,30.66,22.0,0.0,45.04,233.4,193.0,40.4
2025-05-15,14,2025-05-15T11:00:00Z,2025-05-15T12:00:00Z,23.07,23.07,24.5,30.0,14.48,35.9,164.7,148.2,16.5
2025-05-15,15,2025-05-15T12:00:00Z,2025-05-15T13:00:00Z,2.04,2.04,0.15,0.98,-9.48,11.0,141.1,88.7,52.4
2025-05-15,16,2025-05-15T13:00:00Z,2025-05-15T14:00:00Z,45.17,45.17,44.61,53.95,25.0,73.9,167.8,78.9,88.9
2025-05-15,17,2025-05-15T14:00:00Z,2025-05-15T15:00:00Z,72.54,72.54,69.81,75.0,39.29,90.01,122.6,66.7,55.9
2025-05-15,18,2025-05-15T15:00:00Z,2025-05-15T16:00:00Z,77.21,77.21,72.32,91.0,45.0,100.99,105.3,56.0,49.3
2025-05-15,19,2025-05-15T16:00:00Z,2025-05-15T17:00:00Z,102.77,102.77,103.95,86.0,70.67,120.0,265.3,17.3,248.0
2025-05-15,20,2025-05-15T17:00:00Z,2025-05-15T18:00:00Z,132.78,132.78,129.17,79.11,79.11,137.61,159.0,8.0,151.0
2025-05-15,21,2025-05-15T18:00:00Z,2025-05-15T19:00:00Z,161.44,161.44,162.68,145.0,140.0,181.5,186.0,37.9,148.1
2025-05-15,22,2025-05-15T19:00:00Z,2025-05-15T20:00:00Z,124.86,124.86,125.47,130.0,116.29,130.0,103.9,0.5,103.4
2025-05-15,23,2025-05-15T20:00:00Z,2025-05-15T21:00:00Z,110.11,110.11,110.45,112.0,104.11,132.01,92.7,16.9,75.8
2025-05-15,24,2025-05-15T21:00:00Z,2025-05-15T22:00:00Z,96.97,96.97,98.59,108.87,94.97,109.11,68.4,0.9,67.5
2025-05-16,1,2025-05-15T22:00:00Z,2025-05-15T23:00:00Z,97.72,97.72,97.7,93.69,91.93,109.9,52.9,26.9,26.0
2025-05-16,2,2025-05-15T23:00:00Z,2025-05-16T00:00:00Z,90.5,90.5,89.87,84.0,82.99,94.14,51.4,29.4,22.0
2025-05-16,3,2025-05-16T00:00:00Z,2025-05-16T01:00:00Z,87.74,87.74,87.94,90.7,82.03,92.99,41.4,23.3,18.1
2025-05-16,4,2025-05-16T01:00:00Z,2025-05-16T02:00:00Z,88.48,88.48,91.58,94.46,86.0,94.46,53.0,37.0,16.0
2025-05-16,5,2025-05-16T02:00:00Z,2025-05-16T03:00:00Z,92.56,92.56,96.34,100.0,90.0,100.0,48.9,32.9,16.0
2025-05-16,6,2025-05-16T03:00:00Z,2025-05-16T04:00:00Z,103.89,103.89,105.33,99.83,98.0,108.0,45.7,37.7,8.0
2025-05-16,7,2025-05-16T04:00:00Z,2025-05-16T05:00:00Z,117.29,117.29,116.98,111.68,111.66,121.0,34.6,34.6,0.0
2025-05-16,8,2025-05-16T05:00:00Z,2025-05-16T06:00:00Z,111.39,111.39,112.15,108.28,108.28,115.7,20.4,15.4,5.0
2025-05-16,9,2025-05-16T06:00:00Z,2025-05-16T07:00:00Z,101.89,101.89,99.82,105.5,95.67,105.5,39.3,32.3,7.0
2025-05-16,10,2025-05-16T07:00:00Z,2025-05-16T08:00:00Z,74.29,74.29,75.75,40.0,40.0,83.34,126.8,104.5,22.3
2025-05-16,11,2025-05-16T08:00:00Z,2025-05-16T09:00:00Z,29.91,29.91,30.78,19.13,19.13,47.49,212.0,144.0,68.0
2025-05-16,12,2025-05-16T09:00:00Z,2025-05-16T10:00:00Z,25.53,25.53,24.18,17.0,11.06,35.57,200.5,124.2,76.3
2025-05-16,13,2025-05-16T10:00:00Z,2025-05-16T11:00:00Z,27.55,27.55,27.82,31.92,17.31,34.0,157.9,96.7,61.2
2025-05-16,14,2025-05-16T11:00:00Z,2025-05-16T12:00:00Z,22.21,22.21,25.82,0.03,0.03,50.0,195.3,137.4,57.9
2025-05-16,15,2025-05-16T12:00:00Z,2025-05-16T13:00:00Z,39.31,39.31,38.78,-2.7,-2.7,48.9,153.6,87.1,66.5
2025-05-16,16,2025-05-16T13:00:00Z,2025-05-16T14:00:00Z,28.84,28.84,22.13,-20.0,-25.0,48.95,113.8,59.8,54.0
2025-05-16,17,2025-05-16T14:00:00Z,2025-05-16T15:00:00Z,48.26,48.26,45.37,50.11,16.04,73.92,127.9,62.5,65.4
2025-05-16,18,2025-05-16T15:00:00Z,2025-05-16T16:00:00Z,132.8,132.8,139.83,179.11,80.1,187.5,98.2,47.6,50.6
2025-05-16,19,2025-05-16T16:00:00Z,2025-05-16T17:00:00Z,140.67,140.67,142.51,155.4,120.03,176.55,158.0,40.7,117.3
2025-05-16,20,2025-05-16T17:00:00Z,2025-05-16T18:00:00Z,161.2,161.2,164.4,170.0,140.0,190.1,181.9,45.5,136.4
2025-05-16,21,2025-05-16T18:00:00Z,2025-05-16T19:00:00Z,193.0,193.0,194.3,230.0,176.03,230.0,94.3,35.3,59.0
2025-05-16,22,2025-05-16T19:00:00Z,2025-05-16T20:00:00Z,165.67,165.67,169.16,188.26,150.0,188.26,100.7,43.2,57.5
2025-05-16,23,2025-05-16T20:00:00Z,2025-05-16T21:00:00Z,129.51,129.51,130.17,140.0,116.03,150.9,80.3,32.0,48.3
2025-05-16,24,2025-05-16T21:00:00Z,2025-05-16T22:00:00Z,102.58,102.58,102.27,105.75,99.0,115.0,90.7,26.1,64.6
2025-05-17,1,2025-05-16T22:00:00Z,2025-05-16T23:00:00Z,91.99,91.99,92.34,99.98,85.18,99.98,143.5,123.3,20.2
2025-05-17,2,2025-05-16T23:00:00Z,2025-05-17T00:00:00Z,95.7,95.7,95.59,90.19,90.19,96.84,48.6,33.6,15.0
2025-05-17,3,2025-05-17T00:00:00Z,2025-05-17T01:00:00Z,93.28,93.28,93.07,95.0,89.16,97.48,53.4,38.4,15.0
2025-05-17,4,2025-05-17T01:00:00Z,2025-05-17T02:00:00Z,94.09,94.09,95.82,98.59,89.38,98.74,49.4,28.4,21.0
2025-05-17,5,2025-05-17T02:00:00Z,2025-05-17T03:00:00Z,94.81,94.81,94.95,93.5,90.02,99.4,146.4,25.4,121.0
2025-05-17,6,2025-05-17T03:00:00Z,2025-05-17T04:00:00Z,93.01,93.01,93.07,83.7,83.7,97.9,272.1,42.1,230.0
2025-05-17,7,2025-05-17T04:00:00Z,2025-05-17T05:00:00Z,94.06,94.06,94.07,90.51,90.0,101.99,293.4,53.4,240.0
2025-05-17,8,2025-05-17T05:00:00Z,2025-05-17T06:00:00Z,90.08,90.08,89.95,85.97,83.5,96.4,24.8,19.8,5.0
2025-05-17,9,2025-05-17T06:00:00Z,2025-05-17T07:00:00Z,61.89,61.89,61.02,42.0,42.0,68.5,83.8,45.2,38.6
2025-05-17,10,2025-05-17T07:00:00Z,2025-05-17T08:00:00Z,20.43,20.43,22.29,40.0,1.0,45.0,160.2,126.4,33.8
2025-05-17,11,2025-05-17T08:00:00Z,2025-05-17T09:00:00Z,14.29,14.29,12.45,10.0,1.0,27.63,226.1,135.4,90.7
2025-05-17,12,2025-05-17T09:00:00Z,2025-05-17T10:00:00Z,5.06,5.06,3.35,-6.16,-6.16,10.13,251.1,188.4,62.7
2025-05-17,13,2025-05-17T10:00:00Z,2025-05-17T11:00:00Z,24.59,24.59,24.56,17.97,1.0,60.0,244.5,129.8,114.7
2025-05-17,14,2025-05-17T11:00:00Z,2025-05-17T12:00:00Z,11.28,11.28,12.55,45.01,-8.0,45.01,219.8,89.5,130.3
2025-05-17,15,2025-05-17T12:00:00Z,2025-05-17T13:00:00Z,-0.83,-0.83,-0.83,20.0,-6.33,20.0,186.5,69.3,117.2
2025-05-17,16,2025-05-17T13:00:00Z,2025-05-17T14:00:00Z,2.43,2.43,1.95,1.0,-6.0,7.99,194.9,106.1,88.8
2025-05-17,17,2025-05-17T14:00:00Z,2025-05-17T15:00:00Z,3.8,3.8,4.98,10.0,-0.78,10.0,241.2,219.2,22.0
2025-05-17,18,2025-05-17T15:00:00Z,2025-05-17T16:00:00Z,118.16,118.16,121.67,105.0,100.0,140.0,38.0,9.0,29.0
2025-05-17,19,2025-05-17T16:00:00Z,2025-05-17T17:00:00Z,180.87,180.87,183.71,185.0,180.0,188.56,24.1,12.0,12.1
2025-05-17,20,2025-05-17T17:00:00Z,2025-05-17T18:00:00Z,139.16,139.16,139.0,140.0,138.0,140.0,38.0,19.0,19.0
2025-05-17,21,2025-05-17T18:00:00Z,2025-05-17T19:00:00Z,180.0,180.0,180.0,180.0,180.0,180.0,24.4,11.4,13.0
2025-05-17,22,2025-05-17T19:00:00Z,2025-05-17T20:00:00Z,149.98,149.98,151.15,155.0,144.83,155.0,32.7,13.6,19.1
2025-05-17,23,2025-05-17T20:00:00Z,2025-05-17T21:00:00Z,158.22,158.22,152.1,161.0,140.0,196.0,46.0,23.0,23.0
2025-05-17,24,2025-05-17T21:00:00Z,2025-05-17T22:00:00Z,159.08,159.08,139.16,198.0,130.0,198.0,53.0,26.5,26.5
2025-05-18,1,2025-05-17T22:00:00Z,2025-05-17T23:00:00Z,103.2,103.2,102.62,105.0,100.83,105.0,57.6,18.5,39.1
2025-05-18,2,2025-05-17T23:00:00Z,2025-05-18T00:00:00Z,97.13,97.13,97.74,97.56,92.7,100.0,47.0,34.9,12.1
2025-05-18,3,2025-05-18T00:00:00Z,2025-05-18T01:00:00Z,95.97,95.97,96.41,92.36,92.36,97.79,30.2,20.0,10.2
2025-05-18,4,2025-05-18T01:00:00Z,2025-05-18T02:00:00Z,96.47,96.47,96.39,97.9,93.18,97.9,27.6,13.4,14.2
2025-05-18,5,2025-05-18T02:00:00Z,2025-05-18T03:00:00Z,97.85,97.85,97.48,98.0,94.5,98.94,32.1,15.1,17.0
2025-05-18,6,2025-05-18T03:00:00Z,2025-05-18T04:00:00Z,82.93,82.93,88.91,50.0,50.0,98.61,38.1,11.1,27.0
2025-05-18,7,2025-05-18T04:00:00Z,2025-05-18T05:00:00Z,87.14,87.14,85.67,76.93,76.93,91.76,28.1,0.2,27.9
2025-05-18,8,2025-05-18T05:00:00Z,2025-05-18T06:00:00Z,85.7,85.7,83.0,87.65,81.0,87.65,55.9,24.9,31.0
2025-05-18,9,2025-05-18T06:00:00Z,2025-05-18T07:00:00Z,69.24,69.24,69.73,70.0,60.72,74.52,111.1,97.6,13.5
2025-05-18,10,2025-05-18T07:00:00Z,2025-05-18T08:00:00Z,27.31,27.31,34.18,15.0,8.85,47.05,167.3,93.3,74.0
2025-05-18,11,2025-05-18T08:00:00Z,2025-05-18T09:00:00Z,9.48,9.48,9.42,10.51,3.0,16.88,191.9,110.7,81.2
2025-05-18,12,2025-05-18T09:00:00Z,2025-05-18T10:00:00Z,9.03,9.03,9.58,4.79,3.69,24.78,320.8,213.8,107.0
2025-05-18,13,2025-05-18T10:00:00Z,2025-05-18T11:00:00Z,4.83,4.83,4.84,7.56,-2.0,9.76,240.2,174.5,65.7
2025-05-18,14,2025-05-18T11:00:00Z,2025-05-18T12:00:00Z,1.1,1.1,2.21,2.74,-7.0,5.95,203.8,133.3,70.5
2025-05-18,15,2025-05-18T12:00:00Z,2025-05-18T13:00:00Z,-1.31,-1.31,-1.5,-1.1,-14.0,2.5,263.7,107.7,156.0
2025-05-18,16,2025-05-18T13:00:00Z,2025-05-18T14:00:00Z,-1.68,-1.68,-0.94,-1.5,-8.97,4.45,133.0,79.5,53.5
2025-05-18,17,2025-05-18T14:00:00Z,2025-05-18T15:00:00Z,9.22,9.22,9.73,14.0,0.15,17.5,169.9,104.7,65.2
2025-05-18,18,2025-05-18T15:00:00Z,2025-05-18T16:00:00Z,46.96,46.96,45.95,61.65,9.25,61.65,78.8,36.3,42.5
2025-05-18,19,2025-05-18T16:00:00Z,2025-05-18T17:00:00Z,153.11,153.11,155.23,160.99,97.99,175.0,82.1,36.2,45.9
2025-05-18,20,2025-05-18T17:00:00Z,2025-05-18T18:00:00Z,160.84,160.84,162.08,170.99,139.99,181.09,91.1,27.6,63.5
2025-05-18,21,2025-05-18T18:00:00Z,2025-05-18T19:00:00Z,176.92,176.92,179.47,191.2,149.99,215.45,111.0,7.3,103.7
2025-05-18,22,2025-05-18T19:00:00Z,2025-05-18T20:00:00Z,147.55,147.55,149.27,146.01,143.68,158.0,25.7,0.8,24.9
2025-05-18,23,2025-05-18T20:00:00Z,2025-05-18T21:00:00Z,133.05,133.05,132.6,129.96,129.0,164.29,73.2,14.7,58.5
2025-05-18,24,2025-05-18T21:00:00Z,2025-05-18T22:00:00Z,117.07,117.07,117.41,100.6,100.39,129.45,54.0,27.9,26.1
2025-05-19,1,2025-05-18T22:00:00Z,2025-05-18T23:00:00Z,112.6,112.6,112.42,110.0,110.0,115.99,28.9,26.5,2.4
2025-05-19,2,2025-05-18T23:00:00Z,2025-05-19T00:00:00Z,104.64,104.64,104.96,102.8,102.6,106.91,40.4,24.4,16.0
2025-05-19,3,2025-05-19T00:00:00Z,2025-05-19T01:00:00Z,105.88,105.88,105.2,108.45,101.83,108.54,48.3,30.3,18.0
2025-05-19,4,2025-05-19T01:00:00Z,2025-05-19T02:00:00Z,103.43,103.43,101.82,109.11,97.25,109.11,48.5,38.5,10.0
2025-05-19,5,2025-05-19T02:00:00Z,2025-05-19T03:00:00Z,105.09,105.09,104.93,112.0,100.2,112.0,53.4,47.4,6.0
2025-05-19,6,2025-05-19T03:00:00Z,2025-05-19T04:00:00Z,115.59,115.59,115.54,118.74,112.0,119.26,47.5,44.8,2.7
2025-05-19,7,2025-05-19T04:00:00Z,2025-05-19T05:00:00Z,140.71,140.71,136.88,142.1,130.71,144.81,35.7,35.7,0.0
2025-05-19,8,2025-05-19T05:00:00Z,2025-05-19T06:00:00Z,138.38,138.38,137.43,131.09,131.09,149.79,22.8,8.9,13.9
2025-05-19,9,2025-05-19T06:00:00Z,2025-05-19T07:00:00Z,112.87,112.87,113.12,119.98,105.0,119.99,53.1,30.1,23.0
2025-05-19,10,2025-05-19T07:00:00Z,2025-05-19T08:00:00Z,89.55,89.55,88.23,95.0,83.0,95.91,92.1,67.6,24.5
2025-05-19,11,2025-05-19T08:00:00Z,2025-05-19T09:00:00Z,66.39,66.39,68.32,84.95,35.02,84.95,241.0,161.3,79.7
2025-05-19,12,2025-05-19T09:00:00Z,2025-05-19T10:00:00Z,42.43,42.43,42.8,61.81,35.58,61.83,291.3,190.9,100.4
2025-05-19,13,2025-05-19T10:00:00Z,2025-05-19T11:00:00Z,39.43,39.43,40.48,59.06,26.9,61.39,194.6,128.1,66.5
2025-05-19,14,2025-05-19T11:00:00Z,2025-05-19T12:00:00Z,34.38,34.38,35.33,50.3,23.17,50.3,206.3,105.9,100.4
2025-05-19,15,2025-05-19T12:00:00Z,2025-05-19T13:00:00Z,45.32,45.32,46.41,70.0,28.0,76.92,156.8,119.8,37.0
2025-05-19,16,2025-05-19T13:00:00Z,2025-05-19T14:00:00Z,64.78,64.78,63.82,75.0,45.4,76.9,307.8,214.2,93.6
2025-05-19,17,2025-05-19T14:00:00Z,2025-05-19T15:00:00Z,104.49,104.49,105.22,105.0,73.4,125.0,130.0,95.3,34.7
2025-05-19,18,2025-05-19T15:00:00Z,2025-05-19T16:00:00Z,116.93,116.93,119.66,90.19,90.19,135.11,107.2,69.6,37.6
2025-05-19,19,2025-05-19T16:00:00Z,2025-05-19T17:00:00Z,123.38,123.38,122.85,121.98,114.08,147.01,133.5,76.6,56.9
2025-05-19,20,2025-05-19T17:00:00Z,2025-05-19T18:00:00Z,165.39,165.39,165.83,166.5,156.7,188.17,107.6,50.8,56.8
2025-05-19,21,2025-05-19T18:00:00Z,2025-05-19T19:00:00Z,276.23,276.23,270.68,299.9,235.82,338.2,350.7,135.3,215.4
2025-05-19,22,2025-05-19T19:00:00Z,2025-05-19T20:00:00Z,180.13,180.13,177.97,176.03,159.13,199.43,194.5,50.7,143.8
2025-05-19,23,2025-05-19T20:00:00Z,2025-05-19T21:00:00Z,137.08,137.08,135.89,159.89,129.4,159.89,158.3,53.8,104.5
2025-05-19,24,2025-05-19T21:00:00Z,2025-05-19T22:00:00Z,118.87,118.87,119.2,86.64,86.64,130.0,47.9,32.5,15.4
2025-05-20,1,2025-05-19T22:00:00Z,2025-05-19T23:00:00Z,120.64,120.64,121.21,124.68,115.4,126.19,22.2,17.4,4.8
2025-05-20,2,2025-05-19T23:00:00Z,2025-05-20T00:00:00Z,115.53,115.53,113.43,110.82,106.13,117.83,16.3,11.8,4.5
2025-05-20,3,2025-05-20T00:00:00Z,2025-05-20T01:00:00Z,119.46,119.46,118.1,119.2,103.98,119.8,18.9,18.9,0.0
2025-05-20,4,2025-05-20T01:00:00Z,2025-05-20T02:00:00Z,109.32,109.32,109.15,109.43,108.53,109.43,18.0,18.0,0.0
2025-05-20,5,2025-05-20T02:00:00Z,2025-05-20T03:00:00Z,115.08,115.08,114.09,114.51,105.0,118.51,32.1,22.6,9.5
2025-05-20,6,2025-05-20T03:00:00Z,2025-05-20T04:00:00Z,128.36,128.36,127.44,130.0,118.0,130.0,28.8,19.3,9.5
2025-05-20,7,2025-05-20T04:00:00Z,2025-05-20T05:00:00Z,142.17,142.17,140.62,136.99,136.92,146.55,12.7,4.3,8.4
2025-05-20,8,2025-05-20T05:00:00Z,2025-05-20T06:00:00Z,147.68,147.68,138.55,148.9,130.62,148.9,5.1,5.1,0.0
2025-05-20,9,2025-05-20T06:00:00Z,2025-05-20T07:00:00Z,115.74,115.74,112.62,100.0,100.0,119.0,19.8,18.8,1.0
2025-05-20,10,2025-05-20T07:00:00Z,2025-05-20T08:00:00Z,91.22,91.22,92.37,159.99,79.83,159.99,97.5,91.7,5.8
2025-05-20,11,2025-05-20T08:00:00Z,2025-05-20T09:00:00Z,56.47,56.47,56.31,74.99,45.0,74.99,125.3,118.3,7.0
2025-05-20,12,2025-05-20T09:00:00Z,2025-05-20T10:00:00Z,6.12,6.12,5.87,0.01,-9.97,13.0,176.3,131.3,45.0
2025-05-20,13,2025-05-20T10:00:00Z,2025-05-20T11:00:00Z,-21.39,-21.39,-15.55,-10.0,-46.81,9.09,167.6,109.6,58.0
2025-05-20,14,2025-05-20T11:00:00Z,2025-05-20T12:00:00Z,-30.77,-30.77,-29.74,-25.0,-61.69,8.67,211.3,142.1,69.2
2025-05-20,15,2025-05-20T12:00:00Z,2025-05-20T13:00:00Z,-11.47,-11.47,-10.2,-14.95,-24.0,55.0,174.8,89.0,85.8
2025-05-20,16,2025-05-20T13:00:00Z,2025-05-20T14:00:00Z,52.95,52.95,49.78,1.0,1.0,75.36,226.1,120.1,106.0
2025-05-20,17,2025-05-20T14:00:00Z,2025-05-20T15:00:00Z,53.06,53.06,48.95,28.0,23.22,73.99,68.3,51.8,16.5
2025-05-20,18,2025-05-20T15:00:00Z,2025-05-20T16:00:00Z,102.58,102.58,98.5,94.4,83.36,114.07,86.0,42.4,43.6
2025-05-20,19,2025-05-20T16:00:00Z,2025-05-20T17:00:00Z,140.54,140.54,141.5,143.15,134.01,150.0,53.0,47.0,6.0
2025-05-20,20,2025-05-20T17:00:00Z,2025-05-20T18:00:00Z,180.96,180.96,182.45,180.5,175.5,192.34,132.6,32.9,99.7
2025-05-20,21,2025-05-20T18:00:00Z,2025-05-20T19:00:00Z,230.03,230.03,234.01,232.5,225.0,249.99,124.0,32.8,91.2
2025-05-20,22,2025-05-20T19:00:00Z,2025-05-20T20:00:00Z,160.73,160.73,161.56,182.99,149.59,189.42,123.5,36.3,87.2
2025-05-20,23,2025-05-20T20:00:00Z,2025-05-20T21:00:00Z,130.46,130.46,131.38,140.0,116.22,140.0,22.4,14.9,7.5
2025-05-20,24,2025-05-20T21:00:00Z,2025-05-20T22:00:00Z,109.66,109.66,110.47,113.88,101.48,121.12,89.9,28.7,61.2
2025-05-21,1,2025-05-20T22:00:00Z,2025-05-20T23:00:00Z,108.06,108.06,108.09,109.37,106.53,109.37,19.0,4.5,14.5
2025-05-21,2,2025-05-20T23:00:00Z,2025-05-21T00:00:00Z,106.38,106.38,105.5,105.9,103.0,106.89,24.7,5.2,19.5
2025-05-21,3,2025-05-21T00:00:00Z,2025-05-21T01:00:00Z,100.83,100.83,99.35,94.08,94.08,102.85,25.0,4.6,20.4
2025-05-21,4,2025-05-21T01:00:00Z,2025-05-21T02:00:00Z,93.38,93.38,90.33,89.0,87.03,100.06,21.2,8.4,12.8
2025-05-21,5,2025-05-21T02:00:00Z,2025-05-21T03:00:00Z,96.7,96.7,95.12,91.78,91.78,100.13,20.4,2.9,17.5
2025-05-21,6,2025-05-21T03:00:00Z,2025-05-21T04:00:00Z,100.89,100.89,102.37,96.1,96.1,108.89,9.1,1.1,8.0
2025-05-21,7,2025-05-21T04:00:00Z,2025-05-21T05:00:00Z,119.9,119.9,121.96,116.79,116.79,142.09,10.0,7.0,3.0
2025-05-21,8,2025-05-21T05:00:00Z,2025-05-21T06:00:00Z,108.87,108.87,109.66,110.9,107.52,120.59,46.1,4.2,41.9
2025-05-21,9,2025-05-21T06:00:00Z,2025-05-21T07:00:00Z,97.63,97.63,96.9,88.81,87.57,110.29,40.0,0.2,39.8
2025-05-21,10,2025-05-21T07:00:00Z,2025-05-21T08:00:00Z,49.22,49.22,49.03,30.03,30.03,89.9,136.4,42.4,94.0
2025-05-21,11,2025-05-21T08:00:00Z,2025-05-21T09:00:00Z,44.65,44.65,45.3,30.0,3.88,78.87,219.3,42.0,177.3
2025-05-21,12,2025-05-21T09:00:00Z,2025-05-21T10:00:00Z,53.59,53.59,51.42,58.0,34.98,77.08,329.5,114.2,215.3
2025-05-21,13,2025-05-21T10:00:00Z,2025-05-21T11:00:00Z,52.88,52.88,54.79,80.02,35.01,80.02,244.1,73.7,170.4
2025-05-21,14,2025-05-21T11:00:00Z,2025-05-21T12:00:00Z,61.86,61.86,62.15,79.0,34.9,84.64,287.9,141.8,146.1
2025-05-21,15,2025-05-21T12:00:00Z,2025-05-21T13:00:00Z,72.73,72.73,73.5,78.99,20.1,84.57,158.5,79.7,78.8
2025-05-21,16,2025-05-21T13:00:00Z,2025-05-21T14:00:00Z,96.51,96.51,98.15,90.0,52.0,130.01,174.7,87.1,87.6
2025-05-21,17,2025-05-21T14:00:00Z,2025-05-21T15:00:00Z,117.15,117.15,116.78,117.15,59.25,145.0,132.1,62.5,69.6
2025-05-21,18,2025-05-21T15:00:00Z,2025-05-21T16:00:00Z,148.72,148.72,152.91,150.0,100.01,178.75,222.3,98.6,123.7
2025-05-21,19,2025-05-21T16:00:00Z,2025-05-21T17:00:00Z,168.96,168.96,169.04,195.0,149.82,200.0,215.3,63.1,152.2
2025-05-21,20,2025-05-21T17:00:00Z,2025-05-21T18:00:00Z,192.58,192.58,189.53,185.0,168.02,239.11,214.2,75.5,138.7
2025-05-21,21,2025-05-21T18:00:00Z,2025-05-21T19:00:00Z,252.37,252.37,258.58,306.27,205.3,306.27,399.7,165.6,234.1
2025-05-21,22,2025-05-21T19:00:00Z,2025-05-21T20:00:00Z,155.41,155.41,153.05,132.11,131.94,179.94,210.2,78.6,131.6
2025-05-21,23,2025-05-21T20:00:00Z,2025-05-21T21:00:00Z,123.14,123.14,123.95,124.1,116.5,136.04,142.5,49.0,93.5
2025-05-21,24,2025-05-21T21:00:00Z,2025-05-21T22:00:00Z,109.0,109.0,109.64,105.94,98.23,120.0,114.8,30.7,84.1
2025-05-22,1,2025-05-21T22:00:00Z,2025-05-21T23:00:00Z,105.08,105.08,105.25,107.2,103.0,107.98,21.3,1.2,20.1
2025-05-22,2,2025-05-21T23:00:00Z,2025-05-22T00:00:00Z,99.1,99.1,98.17,94.01,94.01,101.61,25.4,5.7,19.7
2025-05-22,3,2025-05-22T00:00:00Z,2025-05-22T01:00:00Z,96.75,96.75,96.82,94.49,94.49,99.1,8.2,5.2,3.0
2025-05-22,4,2025-05-22T01:00:00Z,2025-05-22T02:00:00Z,94.58,94.58,95.18,92.82,92.82,97.16,14.5,5.2,9.3
2025-05-22,5,2025-05-22T02:00:00Z,2025-05-22T03:00:00Z,104.39,104.39,104.91,105.0,99.81,108.84,37.7,5.2,32.5
2025-05-22,6,2025-05-22T03:00:00Z,2025-05-22T04:00:00Z,115.15,115.15,111.43,120.46,101.83,143.0,50.4,10.2,40.2
2025-05-22,7,2025-05-22T04:00:00Z,2025-05-22T05:00:00Z,126.33,126.33,125.24,125.0,115.0,133.31,96.8,6.6,90.2
2025-05-22,8,2025-05-22T05:00:00Z,2025-05-22T06:00:00Z,133.87,133.87,134.24,140.02,118.0,140.02,35.5,6.2,29.3
2025-05-22,9,2025-05-22T06:00:00Z,2025-05-22T07:00:00Z,129.26,129.26,128.82,115.02,106.0,160.0,42.6,14.8,27.8
2025-05-22,10,2025-05-22T07:00:00Z,2025-05-22T08:00:00Z,135.04,135.04,132.04,155.0,95.01,157.39,88.6,27.1,61.5
2025-05-22,11,2025-05-22T08:00:00Z,2025-05-22T09:00:00Z,124.62,124.62,124.46,100.03,77.5,148.9,162.7,76.9,85.8
2025-05-22,12,2025-05-22T09:00:00Z,2025-05-22T10:00:00Z,112.44,112.44,111.08,90.0,85.02,121.22,269.8,153.6,116.2
2025-05-22,13,2025-05-22T10:00:00Z,2025-05-22T11:00:00Z,106.38,106.38,106.38,107.01,93.0,119.94,257.4,158.6,98.8
2025-05-22,14,2025-05-22T11:00:00Z,2025-05-22T12:00:00Z,109.67,109.67,109.58,120.03,95.43,137.88,274.1,168.6,105.5
2025-05-22,15,2025-05-22T12:00:00Z,2025-05-22T13:00:00Z,114.07,114.07,113.49,109.48,96.09,123.7,205.6,106.8,98.8
2025-05-22,16,2025-05-22T13:00:00Z,2025-05-22T14:00:00Z,115.16,115.16,114.96,105.0,100.43,120.28,141.4,77.8,63.6
2025-05-22,17,2025-05-22T14:00:00Z,2025-05-22T15:00:00Z,101.42,101.42,102.21,99.95,83.6,117.0,160.9,112.5,48.4
2025-05-22,18,2025-05-22T15:00:00Z,2025-05-22T16:00:00Z,114.46,114.46,115.06,117.92,108.18,125.0,149.8,104.7,45.1
2025-05-22,19,2025-05-22T16:00:00Z,2025-05-22T17:00:00Z,158.14,158.14,156.76,169.22,131.71,173.29,89.3,22.3,67.0
2025-05-22,20,2025-05-22T17:00:00Z,2025-05-22T18:00:00Z,152.38,152.38,152.58,160.01,139.56,179.99,105.6,15.6,90.0
2025-05-22,21,2025-05-22T18:00:00Z,2025-05-22T19:00:00Z,205.7,205.7,205.39,190.03,186.03,234.89,117.7,34.0,83.7
2025-05-22,22,2025-05-22T19:00:00Z,2025-05-22T20:00:00Z,150.02,150.02,150.68,155.99,141.43,159.97,71.6,10.2,61.4
2025-05-22,23,2025-05-22T20:00:00Z,2025-05-22T21:00:00Z,133.05,133.05,131.19,137.0,125.55,147.77,204.8,107.8,97.0
2025-05-22,24,2025-05-22T21:00:00Z,2025-05-22T22:00:00Z,106.6,106.6,105.93,99.5,97.93,117.0,76.4,41.1,35.3
2025-05-23,1,2025-05-22T22:00:00Z,2025-05-22T23:00:00Z,97.31,97.31,97.96,99.98,95.0,99.98,5.3,4.3,1.0
2025-05-23,2,2025-05-22T23:00:00Z,2025-05-23T00:00:00Z,89.7,89.7,88.78,86.24,68.11,91.0,16.4,5.0,11.4
2025-05-23,3,2025-05-23T00:00:00Z,2025-05-23T01:00:00Z,87.88,87.88,87.27,85.0,85.0,88.0,17.3,1.5,15.8
2025-05-23,4,2025-05-23T01:00:00Z,2025-05-23T02:00:00Z,86.36,86.36,85.22,82.1,82.1,87.51,22.7,7.3,15.4
2025-05-23,5,2025-05-23T02:00:00Z,2025-05-23T03:00:00Z,86.52,86.52,86.04,84.59,82.6,89.28,35.0,5.0,30.0
2025-05-23,6,2025-05-23T03:00:00Z,2025-05-23T04:00:00Z,96.78,96.78,95.67,89.6,88.43,107.0,25.7,21.2,4.5
2025-05-23,7,2025-05-23T04:00:00Z,2025-05-23T05:00:00Z,123.7,123.7,121.39,111.14,109.99,131.44,105.2,31.2,74.0
2025-05-23,8,2025-05-23T05:00:00Z,2025-05-23T06:00:00Z,129.58,129.58,120.63,108.48,108.0,143.01,96.3,17.8,78.5
2025-05-23,9,2025-05-23T06:00:00Z,2025-05-23T07:00:00Z,97.86,97.86,97.43,95.0,92.01,120.11,63.5,27.1,36.4
2025-05-23,10,2025-05-23T07:00:00Z,2025-05-23T08:00:00Z,82.06,82.06,80.78,92.0,70.01,92.7,108.2,55.1,53.1
2025-05-23,11,2025-05-23T08:00:00Z,2025-05-23T09:00:00Z,60.23,60.23,57.55,45.0,40.01,87.93,155.4,80.2,75.2
2025-05-23,12,2025-05-23T09:00:00Z,2025-05-23T10:00:00Z,48.35,48.35,46.63,36.35,31.21,80.0,272.8,128.0,144.8
2025-05-23,13,2025-05-23T10:00:00Z,2025-05-23T11:00:00Z,34.27,34.27,31.54,19.92,-19.9,56.32,292.7,114.2,178.5
2025-05-23,14,2025-05-23T11:00:00Z,2025-05-23T12:00:00Z,33.26,33.26,29.2,19.0,10.01,50.15,223.1,87.7,135.4
2025-05-23,15,2025-05-23T12:00:00Z,2025-05-23T13:00:00Z,34.0,34.0,30.82,7.0,3.64,57.4,277.1,108.8,168.3
2025-05-23,16,2025-05-23T13:00:00Z,2025-05-23T14:00:00Z,51.66,51.66,50.95,42.0,36.01,80.4,299.0,114.6,184.4
2025-05-23,17,2025-05-23T14:00:00Z,2025-05-23T15:00:00Z,58.49,58.49,57.54,80.09,32.07,98.56,175.8,102.9,72.9
2025-05-23,18,2025-05-23T15:00:00Z,2025-05-23T16:00:00Z,133.7,133.7,136.64,150.0,122.04,154.88,160.0,18.4,141.6
2025-05-23,19,2025-05-23T16:00:00Z,2025-05-23T17:00:00Z,125.32,125.32,126.7,145.0,110.0,149.74,192.4,30.4,162.0
2025-05-23,20,2025-05-23T17:00:00Z,2025-05-23T18:00:00Z,167.21,167.21,168.24,165.0,155.97,182.99,124.2,13.7,110.5
2025-05-23,21,2025-05-23T18:00:00Z,2025-05-23T19:00:00Z,197.7,197.7,195.37,170.0,155.58,268.78,149.9,17.5,132.4
2025-05-23,22,2025-05-23T19:00:00Z,2025-05-23T20:00:00Z,137.05,137.05,137.43,125.95,125.95,162.5,119.5,16.0,103.5
2025-05-23,23,2025-05-23T20:00:00Z,2025-05-23T21:00:00Z,113.37,113.37,112.15,98.81,98.81,130.61,345.9,28.7,317.2
2025-05-23,24,2025-05-23T21:00:00Z,2025-05-23T22:00:00Z,105.47,105.47,100.6,87.96,84.0,118.0,77.7,14.7,63.0
2025-05-24,1,2025-05-23T22:00:00Z,2025-05-23T23:00:00Z,111.68,111.68,106.31,115.0,99.99,115.0,13.8,0.3,13.5
2025-05-24,2,2025-05-23T23:00:00Z,2025-05-24T00:00:00Z,93.94,93.94,90.63,90.1,85.35,98.91,17.9,0.1,17.8
2025-05-24,3,2025-05-24T00:00:00Z,2025-05-24T01:00:00Z,74.13,74.13,80.01,91.73,61.6,91.73,8.5,4.5,4.0
2025-05-24,4,2025-05-24T01:00:00Z,2025-05-24T02:00:00Z,78.31,78.31,75.9,68.21,68.21,87.0,23.0,13.0,10.0
2025-05-24,5,2025-05-24T02:00:00Z,2025-05-24T03:00:00Z,82.86,82.86,80.71,79.24,78.7,86.0,18.2,8.2,10.0
2025-05-24,6,2025-05-24T03:00:00Z,2025-05-24T04:00:00Z,82.52,82.52,83.14,77.57,77.57,85.0,15.0,5.0,10.0
2025-05-24,7,2025-05-24T04:00:00Z,2025-05-24T05:00:00Z,77.49,77.49,77.24,76.7,76.24,79.0,35.1,5.0,30.1
2025-05-24,8,2025-05-24T05:00:00Z,2025-05-24T06:00:00Z,76.67,76.67,76.35,69.21,69.0,80.0,29.5,0.0,29.5
2025-05-24,9,2025-05-24T06:00:00Z,2025-05-24T07:00:00Z,55.28,55.28,52.44,39.35,39.35,63.0,67.0,15.5,51.5
2025-05-24,10,2025-05-24T07:00:00Z,2025-05-24T08:00:00Z,9.81,9.81,11.08,-1.01,-2.09,30.0,167.9,94.4,73.5
2025-05-24,11,2025-05-24T08:00:00Z,2025-05-24T09:00:00Z,4.41,4.41,3.61,-7.2,-9.3,19.0,500.0,383.2,116.8
2025-05-24,12,2025-05-24T09:00:00Z,2025-05-24T10:00:00Z,-1.07,-1.07,-3.5,1.0,-9.5,12.0,177.0,66.0,111.0
2025-05-24,13,2025-05-24T10:00:00Z,2025-05-24T11:00:00Z,-2.03,-2.03,-3.35,0.01,-9.98,12.0,229.1,108.6,120.5
2025-05-24,14,2025-05-24T11:00:00Z,2025-05-24T12:00:00Z,5.92,5.92,3.0,-5.0,-6.64,42.24,264.0,141.8,122.2
2025-05-24,15,2025-05-24T12:00:00Z,2025-05-24T13:00:00Z,0.37,0.37,-0.32,26.3,-8.0,26.3,361.2,213.2,148.0
2025-05-24,16,2025-05-24T13:00:00Z,2025-05-24T14:00:00Z,-2.67,-2.67,-3.54,-16.8,-16.8,35.0,393.4,226.7,166.7
2025-05-24,17,2025-05-24T14:00:00Z,2025-05-24T15:00:00Z,4.04,4.04,3.06,-4.9,-8.25,17.95,386.1,306.0,80.1
2025-05-24,18,2025-05-24T15:00:00Z,2025-05-24T16:00:00Z,24.43,24.43,22.43,79.0,5.0,79.0,121.2,46.2,75.0
2025-05-24,19,2025-05-24T16:00:00Z,2025-05-24T17:00:00Z,89.79,89.79,92.33,70.01,70.01,135.34,96.9,30.1,66.8
2025-05-24,20,2025-05-24T17:00:00Z,2025-05-24T18:00:00Z,124.58,124.58,121.41,81.02,81.02,136.0,153.2,8.0,145.2
2025-05-24,21,2025-05-24T18:00:00Z,2025-05-24T19:00:00Z,191.21,191.21,189.82,175.0,44.99,204.98,204.6,17.0,187.6
2025-05-24,22,2025-05-24T19:00:00Z,2025-05-24T20:00:00Z,154.4,154.4,148.65,137.0,16.56,164.9,136.8,2.5,134.3
2025-05-24,23,2025-05-24T20:00:00Z,2025-05-24T21:00:00Z,138.63,138.63,136.27,112.01,90.38,149.9,196.5,1.2,195.3
2025-05-24,24,2025-05-24T21:00:00Z,2025-05-24T22:00:00Z,89.23,89.23,93.14,91.99,67.24,106.9,91.2,29.2,62.0
2025-05-25,1,2025-05-24T22:00:00Z,2025-05-24T23:00:00Z,120.17,120.17,100.18,133.5,60.0,133.5,19.1,16.5,2.6
2025-05-25,2,2025-05-24T23:00:00Z,2025-05-25T00:00:00Z,58.96,58.96,58.0,58.02,45.0,75.81,25.4,15.0,10.4
2025-05-25,3,2025-05-25T00:00:00Z,2025-05-25T01:00:00Z,38.16,38.16,37.95,20.0,20.0,50.18,42.0,31.2,10.8
2025-05-25,4,2025-05-25T01:00:00Z,2025-05-25T02:00:00Z,23.59,23.59,22.62,10.0,6.61,43.02,91.0,80.2,10.8
2025-05-25,5,2025-05-25T02:00:00Z,2025-05-25T03:00:00Z,15.75,15.75,15.93,9.88,3.0,33.8,93.0,77.2,15.8
2025-05-25,6,2025-05-25T03:00:00Z,2025-05-25T04:00:00Z,11.77,11.77,11.87,9.11,3.0,19.99,100.0,77.2,22.8
2025-05-25,7,2025-05-25T04:00:00Z,2025-05-25T05:00:00Z,5.04,5.04,6.48,7.5,1.0,9.69,150.8,131.2,19.6
2025-05-25,8,2025-05-25T05:00:00Z,2025-05-25T06:00:00Z,4.37,4.37,3.73,5.9,-0.03,11.51,160.8,116.2,44.6
2025-05-25,9,2025-05-25T06:00:00Z,2025-05-25T07:00:00Z,7.15,7.15,8.05,5.0,-2.74,10.25,162.1,110.5,51.6
2025-05-25,10,2025-05-25T07:00:00Z,2025-05-25T08:00:00Z,3.45,3.45,2.92,-5.22,-5.3,6.6,79.0,43.4,35.6
2025-05-25,11,2025-05-25T08:00:00Z,2025-05-25T09:00:00Z,2.97,2.97,2.75,2.67,-2.0,5.41,177.2,122.0,55.2
2025-05-25,12,2025-05-25T09:00:00Z,2025-05-25T10:00:00Z,-0.57,-0.57,-0.28,-15.0,-15.0,5.5,172.3,78.0,94.3
2025-05-25,13,2025-05-25T10:00:00Z,2025-05-25T11:00:00Z,-0.48,-0.48,-0.14,-1.0,-15.0,3.31,135.3,24.6,110.7
2025-05-25,14,2025-05-25T11:00:00Z,2025-05-25T12:00:00Z,-1.11,-1.11,-0.31,22.16,-15.0,22.16,156.3,55.8,100.5
2025-05-25,15,2025-05-25T12:00:00Z,2025-05-25T13:00:00Z,-1.27,-1.27,-1.76,0.1,-6.61,3.93,147.1,72.5,74.6
2025-05-25,16,2025-05-25T13:00:00Z,2025-05-25T14:00:00Z,1.22,1.22,0.71,-2.74,-3.09,3.84,99.9,36.6,63.3
2025-05-25,17,2025-05-25T14:00:00Z,2025-05-25T15:00:00Z,0.9,0.9,2.09,-3.57,-3.7,27.01,62.2,17.6,44.6
2025-05-25,18,2025-05-25T15:00:00Z,2025-05-25T16:00:00Z,-0.94,-0.94,-1.37,-6.03,-6.11,4.15,79.8,19.4,60.4
2025-05-25,19,2025-05-25T16:00:00Z,2025-05-25T17:00:00Z,38.13,38.13,39.52,34.83,20.01,68.99,68.9,21.6,47.3
2025-05-25,20,2025-05-25T17:00:00Z,2025-05-25T18:00:00Z,88.55,88.55,86.69,82.6,72.59,95.0,192.3,0.0,192.3
2025-05-25,21,2025-05-25T18:00:00Z,2025-05-25T19:00:00Z,108.5,108.5,108.76,100.0,100.0,159.98,93.6,5.0,88.6
2025-05-25,22,2025-05-25T19:00:00Z,2025-05-25T20:00:00Z,114.78,114.78,116.54,118.63,9.98,160.0,120.3,24.0,96.3
2025-05-25,23,2025-05-25T20:00:00Z,2025-05-25T21:00:00Z,114.93,114.93,114.11,118.01,102.09,134.48,122.7,17.1,105.6
2025-05-25,24,2025-05-25T21:00:00Z,2025-05-25T22:00:00Z,97.23,97.23,95.43,112.9,92.47,112.97,227.7,28.6,199.1
2025-05-26,1,2025-05-25T22:00:00Z,2025-05-25T23:00:00Z,96.68,96.68,95.53,97.69,91.99,99.0,28.0,8.0,20.0
2025-05-26,2,2025-05-25T23:00:00Z,2025-05-26T00:00:00Z,98.85,98.85,93.41,111.8,85.0,112.77,25.1,12.1,13.0
2025-05-26,3,2025-05-26T00:00:00Z,2025-05-26T01:00:00Z,86.63,86.63,87.96,100.0,80.94,100.0,16.1,2.1,14.0
2025-05-26,4,2025-05-26T01:00:00Z,2025-05-26T02:00:00Z,84.41,84.41,87.69,88.73,79.99,91.5,15.6,2.1,13.5
2025-05-26,5,2025-05-26T02:00:00Z,2025-05-26T03:00:00Z,92.45,92.45,93.5,97.73,81.89,99.0,17.6,2.1,15.5
2025-05-26,6,2025-05-26T03:00:00Z,2025-05-26T04:00:00Z,104.37,104.37,103.58,108.45,95.0,108.56,28.8,15.3,13.5
2025-05-26,7,2025-05-26T04:00:00Z,2025-05-26T05:00:00Z,126.11,126.11,128.91,131.83,123.92,131.95,39.6,2.6,37.0
2025-05-26,8,2025-05-26T05:00:00Z,2025-05-26T06:00:00Z,154.78,154.78,155.73,198.95,145.01,220.0,140.7,6.7,134.0
2025-05-26,9,2025-05-26T06:00:00Z,2025-05-26T07:00:00Z,128.31,128.31,132.27,124.12,122.0,230.0,91.7,40.8,50.9
2025-05-26,10,2025-05-26T07:00:00Z,2025-05-26T08:00:00Z,96.57,96.57,97.99,60.0,60.0,112.83,57.7,33.7,24.0
2025-05-26,11,2025-05-26T08:00:00Z,2025-05-26T09:00:00Z,74.84,74.84,74.5,60.0,60.0,85.0,98.8,37.8,61.0
2025-05-26,12,2025-05-26T09:00:00Z,2025-05-26T10:00:00Z,44.01,44.01,43.98,25.03,25.03,59.98,333.9,164.3,169.6
2025-05-26,13,2025-05-26T10:00:00Z,2025-05-26T11:00:00Z,25.62,25.62,22.92,5.0,-0.91,50.0,295.5,141.7,153.8
2025-05-26,14,2025-05-26T11:00:00Z,2025-05-26T12:00:00Z,20.59,20.59,18.95,10.02,5.01,41.16,317.1,175.6,141.5
2025-05-26,15,2025-05-26T12:00:00Z,2025-05-26T13:00:00Z,17.36,17.36,16.63,5.0,2.3,32.83,287.3,150.3,137.0
2025-05-26,16,2025-05-26T13:00:00Z,2025-05-26T14:00:00Z,17.09,17.09,16.97,5.14,5.14,28.22,334.9,213.5,121.4
2025-05-26,17,2025-05-26T14:00:00Z,2025-05-26T15:00:00Z,21.94,21.94,20.96,49.59,6.49,49.9,682.4,584.9,97.5
2025-05-26,18,2025-05-26T15:00:00Z,2025-05-26T16:00:00Z,92.59,92.59,92.47,89.9,84.0,104.0,104.1,60.1,44.0
2025-05-26,19,2025-05-26T16:00:00Z,2025-05-26T17:00:00Z,121.34,121.34,126.25,134.9,99.3,140.0,143.1,50.9,92.2
2025-05-26,20,2025-05-26T17:00:00Z,2025-05-26T18:00:00Z,204.67,204.67,198.13,170.02,170.02,245.39,289.8,137.9,151.9
2025-05-26,21,2025-05-26T18:00:00Z,2025-05-26T19:00:00Z,257.23,257.23,252.95,283.9,180.28,283.93,238.2,96.4,141.8
2025-05-26,22,2025-05-26T19:00:00Z,2025-05-26T20:00:00Z,175.09,175.09,172.58,155.01,140.19,191.58,199.4,58.0,141.4
2025-05-26,23,2025-05-26T20:00:00Z,2025-05-26T21:00:00Z,147.83,147.83,147.34,148.75,132.97,156.99,201.8,38.8,163.0
2025-05-26,24,2025-05-26T21:00:00Z,2025-05-26T22:00:00Z,106.35,106.35,105.97,101.97,101.21,114.0,106.7,40.9,65.8
2025-05-27,1,2025-05-26T22:00:00Z,2025-05-26T23:00:00Z,97.78,97.78,98.08,92.0,90.56,110.58,33.7,12.2,21.5
2025-05-27,2,2025-05-26T23:00:00Z,2025-05-27T00:00:00Z,85.73,85.73,85.09,70.0,70.0,95.02,20.3,0.3,20.0
2025-05-27,3,2025-05-27T00:00:00Z,2025-05-27T01:00:00Z,71.03,71.03,71.8,66.06,64.25,89.0,29.5,4.6,24.9
2025-05-27,4,2025-05-27T01:00:00Z,2025-05-27T02:00:00Z,75.12,75.12,76.52,66.1,66.1,89.0,20.0,5.1,14.9
2025-05-27,5,2025-05-27T02:00:00Z,2025-05-27T03:00:00Z,85.55,85.55,85.34,89.5,78.43,91.0,14.9,0.3,14.6
2025-05-27,6,2025-05-27T03:00:00Z,2025-05-27T04:00:00Z,86.42,86.42,86.15,90.0,85.0,99.0,65.9,0.3,65.6
2025-05-27,7,2025-05-27T04:00:00Z,2025-05-27T05:00:00Z,101.84,101.84,100.75,104.75,93.99,104.75,123.8,18.8,105.0
2025-05-27,8,2025-05-27T05:00:00Z,2025-05-27T06:00:00Z,88.88,88.88,88.89,83.0,79.1,98.99,140.6,0.3,140.3
2025-05-27,9,2025-05-27T06:00:00Z,2025-05-27T07:00:00Z,73.6,73.6,72.86,55.02,55.02,92.88,135.6,4.8,130.8
2025-05-27,10,2025-05-27T07:00:00Z,2025-05-27T08:00:00Z,47.35,47.35,47.95,49.99,37.21,64.36,223.8,104.1,119.7
2025-05-27,11,2025-05-27T08:00:00Z,2025-05-27T09:00:00Z,23.38,23.38,25.07,12.0,12.0,46.02,218.3,152.1,66.2
2025-05-27,12,2025-05-27T09:00:00Z,2025-05-27T10:00:00Z,22.63,22.63,21.39,12.99,10.72,53.85,333.3,172.4,160.9
2025-05-27,13,2025-05-27T10:00:00Z,2025-05-27T11:00:00Z,27.39,27.39,26.17,49.98,1.34,49.98,461.8,253.6,208.2
2025-05-27,14,2025-05-27T11:00:00Z,2025-05-27T12:00:00Z,17.12,17.12,14.72,21.01,4.39,53.99,241.8,138.1,103.7
2025-05-27,15,2025-05-27T12:00:00Z,2025-05-27T13:00:00Z,25.8,25.8,25.78,59.98,8.45,59.98,471.8,275.8,196.0
2025-05-27,16,2025-05-27T13:00:00Z,2025-05-27T14:00:00Z,31.34,31.34,31.17,49.47,17.9,49.47,329.7,177.6,152.1
2025-05-27,17,2025-05-27T14:00:00Z,2025-05-27T15:00:00Z,65.5,65.5,66.19,63.61,57.0,78.04,209.9,80.6,129.3
2025-05-27,18,2025-05-27T15:00:00Z,2025-05-27T16:00:00Z,89.7,89.7,89.13,77.6,77.6,95.0,84.7,17.9,66.8
2025-05-27,19,2025-05-27T16:00:00Z,2025-05-27T17:00:00Z,105.76,105.76,106.36,107.0,99.15,117.0,238.5,44.3,194.2
2025-05-27,20,2025-05-27T17:00:00Z,2025-05-27T18:00:00Z,151.45,151.45,152.33,169.91,137.81,169.91,116.5,35.8,80.7
2025-05-27,21,2025-05-27T18:00:00Z,2025-05-27T19:00:00Z,220.25,220.25,224.14,232.25,201.0,243.78,134.5,60.4,74.1
2025-05-27,22,2025-05-27T19:00:00Z,2025-05-27T20:00:00Z,142.44,142.44,137.62,133.0,125.6,160.0,139.3,32.3,107.0
2025-05-27,23,2025-05-27T20:00:00Z,2025-05-27T21:00:00Z,117.7,117.7,119.81,149.99,114.11,150.0,86.4,3.2,83.2
2025-05-27,24,2025-05-27T21:00:00Z,2025-05-27T22:00:00Z,88.37,88.37,86.78,103.99,68.01,103.99,89.2,48.5,40.7
2025-05-28,1,2025-05-27T22:00:00Z,2025-05-27T23:00:00Z,109.2,109.2,90.99,85.5,63.1,114.0,70.2,32.2,38.0
2025-05-28,2,2025-05-27T23:00:00Z,2025-05-28T00:00:00Z,72.83,72.83,71.78,75.0,61.61,75.0,34.9,22.1,12.8
2025-05-28,3,2025-05-28T00:00:00Z,2025-05-28T01:00:00Z,70.32,70.32,70.96,71.52,61.0,102.54,47.0,25.7,21.3
2025-05-28,4,2025-05-28T01:00:00Z,2025-05-28T02:00:00Z,80.47,80.47,74.03,88.6,58.94,90.0,28.6,20.3,8.3
2025-05-28,5,2025-05-28T02:00:00Z,2025-05-28T03:00:00Z,81.38,81.38,79.73,86.15,60.57,86.15,23.1,18.1,5.0
2025-05-28,6,2025-05-28T03:00:00Z,2025-05-28T04:00:00Z,91.93,91.93,92.18,94.1,82.0,94.2,20.5,15.5,5.0
2025-05-28,7,2025-05-28T04:00:00Z,2025-05-28T05:00:00Z,100.89,100.89,100.87,94.99,94.99,111.71,25.8,0.6,25.2
2025-05-28,8,2025-05-28T05:00:00Z,2025-05-28T06:00:00Z,106.82,106.82,105.96,107.01,100.0,120.3,175.2,40.9,134.3
2025-05-28,9,2025-05-28T06:00:00Z,2025-05-28T07:00:00Z,103.46,103.46,103.19,112.8,97.0,112.9,96.9,33.6,63.3
2025-05-28,10,2025-05-28T07:00:00Z,2025-05-28T08:00:00Z,99.96,99.96,99.48,99.02,91.99,110.0,82.1,36.6,45.5
2025-05-28,11,2025-05-28T08:00:00Z,2025-05-28T09:00:00Z,91.45,91.45,92.05,95.0,87.3,100.76,118.0,66.4,51.6
2025-05-28,12,2025-05-28T09:00:00Z,2025-05-28T10:00:00Z,96.76,96.76,98.12,109.85,80.0,109.85,176.6,99.5,77.1
2025-05-28,13,2025-05-28T10:00:00Z,2025-05-28T11:00:00Z,81.5,81.5,81.17,80.0,72.4,115.0,179.9,138.3,41.6
2025-05-28,14,2025-05-28T11:00:00Z,2025-05-28T12:00:00Z,74.4,74.4,75.29,77.0,65.58,87.76,175.0,122.4,52.6
2025-05-28,15,2025-05-28T12:00:00Z,2025-05-28T13:00:00Z,68.25,68.25,68.05,67.6,63.2,71.47,144.6,105.0,39.6
2025-05-28,16,2025-05-28T13:00:00Z,2025-05-28T14:00:00Z,96.31,96.31,93.39,60.0,60.0,144.99,159.4,73.0,86.4
2025-05-28,17,2025-05-28T14:00:00Z,2025-05-28T15:00:00Z,110.16,110.16,114.76,158.78,87.53,159.0,144.1,55.5,88.6
2025-05-28,18,2025-05-28T15:00:00Z,2025-05-28T16:00:00Z,116.27,116.27,115.7,125.0,109.91,139.88,196.5,64.5,132.0
2025-05-28,19,2025-05-28T16:00:00Z,2025-05-28T17:00:00Z,136.75,136.75,148.45,141.99,102.0,159.72,257.2,79.9,177.3
2025-05-28,20,2025-05-28T17:00:00Z,2025-05-28T18:00:00Z,138.87,138.87,138.96,126.62,126.62,165.0,191.4,32.0,159.4
2025-05-28,21,2025-05-28T18:00:00Z,2025-05-28T19:00:00Z,140.84,140.84,136.93,106.27,106.27,187.88,145.5,50.5,95.0
2025-05-28,22,2025-05-28T19:00:00Z,2025-05-28T20:00:00Z,142.82,142.82,141.98,134.1,111.74,169.38,114.0,25.4,88.6
2025-05-28,23,2025-05-28T20:00:00Z,2025-05-28T21:00:00Z,143.71,143.71,142.18,146.85,132.11,159.99,268.1,64.1,204.0
2025-05-28,24,2025-05-28T21:00:00Z,2025-05-28T22:00:00Z,118.72,118.72,118.62,76.57,76.57,126.16,268.7,23.1,245.6
2025-05-29,1,2025-05-28T22:00:00Z,2025-05-28T23:00:00Z,88.09,88.09,88.56,95.39,87.11,95.39,21.5,5.3,16.2
2025-05-29,2,2025-05-28T23:00:00Z,2025-05-29T00:00:00Z,89.1,89.1,90.15,88.09,88.09,93.0,29.7,5.5,24.2
2025-05-29,3,2025-05-29T00:00:00Z,2025-05-29T01:00:00Z,89.74,89.74,89.47,93.57,87.83,93.57,36.3,17.3,19.0
2025-05-29,4,2025-05-29T01:00:00Z,2025-05-29T02:00:00Z,89.9,89.9,89.85,86.01,86.01,93.0,35.8,19.3,16.5
2025-05-29,5,2025-05-29T02:00:00Z,2025-05-29T03:00:00Z,91.35,91.35,90.24,86.77,86.77,93.82,33.5,19.0,14.5
2025-05-29,6,2025-05-29T03:00:00Z,2025-05-29T04:00:00Z,92.09,92.09,90.65,85.86,85.8,94.56,26.2,19.7,6.5
2025-05-29,7,2025-05-29T04:00:00Z,2025-05-29T05:00:00Z,165.27,165.27,158.91,185.01,116.02,185.01,21.5,7.0,14.5
2025-05-29,8,2025-05-29T05:00:00Z,2025-05-29T06:00:00Z,128.79,128.79,124.49,140.16,115.0,152.98,49.0,35.0,14.0
2025-05-29,9,2025-05-29T06:00:00Z,2025-05-29T07:00:00Z,79.76,79.76,78.6,83.94,72.0,83.94,84.6,81.7,2.9
2025-05-29,10,2025-05-29T07:00:00Z,2025-05-29T08:00:00Z,60.09,60.09,57.8,80.0,48.53,88.69,110.8,86.4,24.4
2025-05-29,11,2025-05-29T08:00:00Z,2025-05-29T09:00:00Z,26.89,26.89,28.14,60.03,18.01,60.03,153.8,146.2,7.6
2025-05-29,12,2025-05-29T09:00:00Z,2025-05-29T10:00:00Z,25.68,25.68,27.83,30.0,5.02,55.01,278.5,209.1,69.4
2025-05-29,13,2025-05-29T10:00:00Z,2025-05-29T11:00:00Z,35.75,35.75,36.56,65.0,6.01,75.01,189.2,146.0,43.2
2025-05-29,14,2025-05-29T11:00:00Z,2025-05-29T12:00:00Z,30.92,30.92,29.87,46.0,11.3,55.01,263.0,207.5,55.5
2025-05-29,15,2025-05-29T12:00:00Z,2025-05-29T13:00:00Z,26.14,26.14,26.87,29.0,8.0,44.99,291.5,198.0,93.5
2025-05-29,16,2025-05-29T13:00:00Z,2025-05-29T14:00:00Z,23.37,23.37,21.35,24.8,-8.01,32.91,235.4,136.8,98.6
2025-05-29,17,2025-05-29T14:00:00Z,2025-05-29T15:00:00Z,23.32,23.32,22.84,40.0,5.1,58.63,499.5,456.9,42.6
2025-05-29,18,2025-05-29T15:00:00Z,2025-05-29T16:00:00Z,64.19,64.19,61.74,45.0,45.0,83.99,142.1,96.6,45.5
2025-05-29,19,2025-05-29T16:00:00Z,2025-05-29T17:00:00Z,111.74,111.74,109.38,90.0,90.0,185.37,45.4,22.7,22.7
2025-05-29,20,2025-05-29T17:00:00Z,2025-05-29T18:00:00Z,132.64,132.64,133.18,141.51,130.01,141.51,177.0,39.2,137.8
2025-05-29,21,2025-05-29T18:00:00Z,2025-05-29T19:00:00Z,216.78,216.78,215.56,190.51,190.51,284.75,151.2,39.4,111.8
2025-05-29,22,2025-05-29T19:00:00Z,2025-05-29T20:00:00Z,185.9,185.9,185.18,178.2,164.51,236.36,166.3,31.0,135.3
2025-05-29,23,2025-05-29T20:00:00Z,2025-05-29T21:00:00Z,131.33,131.33,134.11,129.68,128.01,149.99,137.6,14.2,123.4
2025-05-29,24,2025-05-29T21:00:00Z,2025-05-29T22:00:00Z,113.43,113.43,114.53,114.12,105.0,130.93,153.3,12.1,141.2
2025-05-30,1,2025-05-29T22:00:00Z,2025-05-29T23:00:00Z,110.24,110.24,111.55,100.0,100.0,119.99,140.7,32.3,108.4
2025-05-30,2,2025-05-29T23:00:00Z,2025-05-30T00:00:00Z,92.57,92.57,93.42,84.11,77.17,108.17,30.4,30.0,0.4
2025-05-30,3,2025-05-30T00:00:00Z,2025-05-30T01:00:00Z,73.69,73.69,64.86,67.99,39.0,114.98,32.2,25.5,6.7
2025-05-30,4,2025-05-30T01:00:00Z,2025-05-30T02:00:00Z,47.26,47.26,48.02,49.29,38.68,58.95,26.0,10.5,15.5
2025-05-30,5,2025-05-30T02:00:00Z,2025-05-30T03:00:00Z,51.16,51.16,50.13,47.59,40.35,55.0,39.7,10.0,29.7
2025-05-30,6,2025-05-30T03:00:00Z,2025-05-30T04:00:00Z,58.8,58.8,58.03,51.0,51.0,64.22,44.1,13.2,30.9
2025-05-30,7,2025-05-30T04:00:00Z,2025-05-30T05:00:00Z,69.84,69.84,71.11,69.0,69.0,78.26,300.0,1.0,299.0
2025-05-30,8,2025-05-30T05:00:00Z,2025-05-30T06:00:00Z,69.89,69.89,69.79,65.2,65.2,79.9,374.3,7.1,367.2
2025-05-30,9,2025-05-30T06:00:00Z,2025-05-30T07:00:00Z,52.6,52.6,52.96,50.0,40.0,61.0,351.4,35.1,316.3
2025-05-30,10,2025-05-30T07:00:00Z,2025-05-30T08:00:00Z,24.33,24.33,22.4,1.0,-1.2,44.0,118.6,68.8,49.8
2025-05-30,11,2025-05-30T08:00:00Z,2025-05-30T09:00:00Z,4.24,4.24,4.4,15.49,-3.76,23.9,416.1,332.1,84.0
2025-05-30,12,2025-05-30T09:00:00Z,2025-05-30T10:00:00Z,0.23,0.23,0.06,-1.0,-12.49,12.97,297.4,178.2,119.2
2025-05-30,13,2025-05-30T10:00:00Z,2025-05-30T11:00:00Z,4.45,4.45,4.49,8.8,0.1,9.99,191.8,95.4,96.4
2025-05-30,14,2025-05-30T11:00:00Z,2025-05-30T12:00:00Z,1.87,1.87,1.69,-10.0,-10.0,9.47,247.3,112.9,134.4
2025-05-30,15,2025-05-30T12:00:00Z,2025-05-30T13:00:00Z,-1.08,-1.08,-1.44,-10.0,-10.0,5.0,176.6,68.0,108.6
2025-05-30,16,2025-05-30T13:00:00Z,2025-05-30T14:00:00Z,1.97,1.97,1.48,-1.86,-2.9,5.9,210.0,120.8,89.2
2025-05-30,17,2025-05-30T14:00:00Z,2025-05-30T15:00:00Z,13.17,13.17,14.02,30.0,4.93,31.51,389.9,318.0,71.9
2025-05-30,18,2025-05-30T15:00:00Z,2025-05-30T16:00:00Z,38.28,38.28,42.25,30.0,23.16,64.92,171.7,48.2,123.5
2025-05-30,19,2025-05-30T16:00:00Z,2025-05-30T17:00:00Z,97.06,97.06,93.06,94.99,79.0,116.0,156.3,20.2,136.1
2025-05-30,20,2025-05-30T17:00:00Z,2025-05-30T18:00:00Z,129.64,129.64,124.37,133.65,107.98,142.5,216.0,49.6,166.4
2025-05-30,21,2025-05-30T18:00:00Z,2025-05-30T19:00:00Z,168.47,168.47,163.11,140.22,138.88,192.68,237.6,59.2,178.4
2025-05-30,22,2025-05-30T19:00:00Z,2025-05-30T20:00:00Z,143.44,143.44,143.95,149.39,130.46,155.0,236.8,10.2,226.6
2025-05-30,23,2025-05-30T20:00:00Z,2025-05-30T21:00:00Z,133.51,133.51,133.95,137.7,126.69,144.18,218.0,11.7,206.3
2025-05-30,24,2025-05-30T21:00:00Z,2025-05-30T22:00:00Z,108.92,108.92,108.82,107.94,106.75,113.5,198.0,12.9,185.1
2025-05-31,1,2025-05-30T22:00:00Z,2025-05-30T23:00:00Z,106.29,106.29,106.4,106.8,104.0,107.73,225.4,9.4,216.0
2025-05-31,2,2025-05-30T23:00:00Z,2025-05-31T00:00:00Z,97.87,97.87,97.96,96.0,92.2,99.79,123.6,15.6,108.0
2025-05-31,3,2025-05-31T00:00:00Z,2025-05-31T01:00:00Z,97.2,97.2,95.8,98.28,86.5,98.3,48.3,16.3,32.0
2025-05-31,4,2025-05-31T01:00:00Z,2025-05-31T02:00:00Z,97.36,97.36,97.52,96.0,95.2,101.6,61.3,21.3,40.0
2025-05-31,5,2025-05-31T02:00:00Z,2025-05-31T03:00:00Z,102.27,102.27,102.05,111.96,78.27,111.96,95.9,45.9,50.0
2025-05-31,6,2025-05-31T03:00:00Z,2025-05-31T04:00:00Z,101.04,101.04,100.8,99.94,99.6,104.4,63.4,25.1,38.3
2025-05-31,7,2025-05-31T04:00:00Z,2025-05-31T05:00:00Z,93.35,93.35,92.45,95.64,92.0,95.64,33.0,0.0,33.0
2025-05-31,8,2025-05-31T05:00:00Z,2025-05-31T06:00:00Z,84.9,84.9,84.89,83.02,82.31,87.21,20.0,10.0,10.0
2025-05-31,9,2025-05-31T06:00:00Z,2025-05-31T07:00:00Z,49.96,49.96,48.82,51.49,45.14,52.8,41.2,9.8,31.4
2025-05-31,10,2025-05-31T07:00:00Z,2025-05-31T08:00:00Z,2.69,2.69,2.21,-7.0,-9.1,7.27,345.9,293.3,52.6
2025-05-31,11,2025-05-31T08:00:00Z,2025-05-31T09:00:00Z,-2.71,-2.71,-3.35,-7.21,-18.07,2.5,221.6,165.2,56.4
2025-05-31,12,2025-05-31T09:00:00Z,2025-05-31T10:00:00Z,-8.65,-8.65,-8.49,-13.09,-30.18,0.13,177.9,93.7,84.2
2025-05-31,13,2025-05-31T10:00:00Z,2025-05-31T11:00:00Z,-3.67,-3.67,-2.9,22.59,-13.01,22.59,148.7,83.2,65.5
2025-05-31,14,2025-05-31T11:00:00Z,2025-05-31T12:00:00Z,-7.02,-7.02,-6.54,-3.0,-18.9,-0.51,191.5,73.4,118.1
2025-05-31,15,2025-05-31T12:00:00Z,2025-05-31T13:00:00Z,-3.44,-3.44,-2.49,-0.2,-14.2,2.2,116.7,75.2,41.5
2025-05-31,16,2025-05-31T13:00:00Z,2025-05-31T14:00:00Z,-1.15,-1.15,-0.82,-2.1,-7.83,2.0,114.9,88.3,26.6
2025-05-31,17,2025-05-31T14:00:00Z,2025-05-31T15:00:00Z,5.21,5.21,5.44,9.96,0.0,11.87,129.2,108.4,20.8
2025-05-31,18,2025-05-31T15:00:00Z,2025-05-31T16:00:00Z,42.79,42.79,42.91,29.97,29.97,46.0,42.6,31.1,11.5
2025-05-31,19,2025-05-31T16:00:00Z,2025-05-31T17:00:00Z,97.84,97.84,98.0,90.01,89.0,100.3,300.7,4.0,296.7
2025-05-31,20,2025-05-31T17:00:00Z,2025-05-31T18:00:00Z,138.74,138.74,139.08,138.0,132.0,154.11,135.8,14.8,121.0
2025-05-31,21,2025-05-31T18:00:00Z,2025-05-31T19:00:00Z,200.79,200.79,200.83,182.18,182.18,220.0,161.4,15.4,146.0
2025-05-31,22,2025-05-31T19:00:00Z,2025-05-31T20:00:00Z,188.36,188.36,186.21,160.01,155.56,211.0,193.8,38.3,155.5
2025-05-31,23,2025-05-31T20:00:00Z,2025-05-31T21:00:00Z,128.66,128.66,128.49,111.44,109.51,146.0,316.5,61.1,255.4
2025-05-31,24,2025-05-31T21:00:00Z,2025-05-31T22:00:00Z,102.26,102.26,100.91,80.27,80.27,109.17,352.7,25.6,327.1
2025-06-01,1,2025-05-31T22:00:00Z,2025-05-31T23:00:00Z,80.25,80.25,80.38,77.47,77.47,93.0,98.8,1.0,97.8
2025-06-01,2,2025-05-31T23:00:00Z,2025-06-01T00:00:00Z,75.29,75.29,76.1,86.01,71.51,86.01,251.1,7.2,243.9
2025-06-01,3,2025-06-01T00:00:00Z,2025-06-01T01:00:00Z,73.93,73.93,73.37,74.96,69.61,80.99,53.1,8.3,44.8
2025-06-01,4,2025-06-01T01:00:00Z,2025-06-01T02:00:00Z,70.89,70.89,69.46,62.51,60.4,76.82,41.5,9.0,32.5
2025-06-01,5,2025-06-01T02:00:00Z,2025-06-01T03:00:00Z,63.0,63.0,61.35,52.25,52.25,69.4,49.3,8.0,41.3
2025-06-01,6,2025-06-01T03:00:00Z,2025-06-01T04:00:00Z,24.27,24.27,23.01,14.51,13.03,64.0,35.6,6.0,29.6
2025-06-01,7,2025-06-01T04:00:00Z,2025-06-01T05:00:00Z,27.87,27.87,29.18,14.62,14.62,35.0,20.0,0.0,20.0
2025-06-01,8,2025-06-01T05:00:00Z,2025-06-01T06:00:00Z,13.65,13.65,13.88,20.11,10.09,20.11,45.1,1.0,44.1
2025-06-01,9,2025-06-01T06:00:00Z,2025-06-01T07:00:00Z,11.71,11.71,12.92,2.0,2.0,17.41,155.2,103.5,51.7
2025-06-01,10,2025-06-01T07:00:00Z,2025-06-01T08:00:00Z,8.25,8.25,8.06,-0.01,-7.0,14.49,259.9,203.6,56.3
2025-06-01,11,2025-06-01T08:00:00Z,2025-06-01T09:00:00Z,2.77,2.77,2.12,-6.99,-6.99,6.69,160.0,92.7,67.3
2025-06-01,12,2025-06-01T09:00:00Z,2025-06-01T10:00:00Z,1.05,1.05,0.97,-0.5,-1.47,3.6,130.8,63.0,67.8
2025-06-01,13,2025-06-01T10:00:00Z,2025-06-01T11:00:00Z,-0.19,-0.19,-0.1,22.06,-3.76,22.06,135.5,67.2,68.3
2025-06-01,14,2025-06-01T11:00:00Z,2025-06-01T12:00:00Z,-1.1,-1.1,-0.7,39.95,-8.01,39.95,163.3,72.0,91.3
2025-06-01,15,2025-06-01T12:00:00Z,2025-06-01T13:00:00Z,-5.76,-5.76,-5.4,10.01,-30.0,10.01,292.3,111.6,180.7
2025-06-01,16,2025-06-01T13:00:00Z,2025-06-01T14:00:00Z,4.43,4.43,2.29,79.0,-10.0,79.0,246.5,145.8,100.7
2025-06-01,17,2025-06-01T14:00:00Z,2025-06-01T15:00:00Z,5.67,5.67,4.46,-0.3,-0.3,72.5,172.4,145.0,27.4
2025-06-01,18,2025-06-01T15:00:00Z,2025-06-01T16:00:00Z,24.49,24.49,17.0,14.9,5.62,142.5,146.4,127.3,19.1
2025-06-01,19,2025-06-01T16:00:00Z,2025-06-01T17:00:00Z,89.24,89.24,81.3,104.0,60.77,106.96,130.1,69.7,60.4
2025-06-01,20,2025-06-01T17:00:00Z,2025-06-01T18:00:00Z,103.39,103.39,102.12,111.0,90.0,111.0,110.2,37.2,73.0
2025-06-01,21,2025-06-01T18:00:00Z,2025-06-01T19:00:00Z,113.65,113.65,114.29,75.2,75.2,129.5,183.7,28.4,155.3
2025-06-01,22,2025-06-01T19:00:00Z,2025-06-01T20:00:00Z,114.85,114.85,110.79,87.48,87.48,140.0,146.7,22.0,124.7
2025-06-01,23,2025-06-01T20:00:00Z,2025-06-01T21:00:00Z,105.72,105.72,106.45,97.69,97.69,111.11,146.5,29.5,117.0
2025-06-01,24,2025-06-01T21:00:00Z,2025-06-01T22:00:00Z,88.19,88.19,87.74,87.89,81.86,90.21,106.4,4.7,101.7
2025-06-02,1,2025-06-01T22:00:00Z,2025-06-01T23:00:00Z,81.76,81.76,80.93,76.3,76.3,84.99,47.3,3.3,44.0
2025-06-02,2,2025-06-01T23:00:00Z,2025-06-02T00:00:00Z,75.74,75.74,75.39,75.59,72.99,78.9,41.3,6.3,35.0
2025-06-02,3,2025-06-02T00:00:00Z,2025-06-02T01:00:00Z,75.74,75.74,76.53,82.32,73.87,82.32,7.3,2.3,5.0
2025-06-02,4,2025-06-02T01:00:00Z,2025-06-02T02:00:00Z,83.44,83.44,82.34,86.3,77.56,86.4,21.5,17.3,4.2
2025-06-02,5,2025-06-02T02:00:00Z,2025-06-02T03:00:00Z,91.81,91.81,91.22,89.32,84.01,96.79,28.4,17.0,11.4
2025-06-02,6,2025-06-02T03:00:00Z,2025-06-02T04:00:00Z,99.02,99.02,99.33,101.0,98.21,101.0,15.1,14.0,1.1
2025-06-02,7,2025-06-02T04:00:00Z,2025-06-02T05:00:00Z,110.16,110.16,109.96,112.08,107.35,112.94,265.0,10.0,255.0
2025-06-02,8,2025-06-02T05:00:00Z,2025-06-02T06:00:00Z,120.19,120.19,118.29,104.02,104.02,121.03,51.7,0.0,51.7
2025-06-02,9,2025-06-02T06:00:00Z,2025-06-02T07:00:00Z,114.45,114.45,114.58,119.65,104.4,119.65,38.3,8.3,30.0
2025-06-02,10,2025-06-02T07:00:00Z,2025-06-02T08:00:00Z,97.02,97.02,93.22,89.9,76.13,116.22,69.7,37.5,32.2
2025-06-02,11,2025-06-02T08:00:00Z,2025-06-02T09:00:00Z,75.76,75.76,73.69,70.0,63.69,89.99,30.4,12.8,17.6
2025-06-02,12,2025-06-02T09:00:00Z,2025-06-02T10:00:00Z,53.14,53.14,50.37,60.0,28.0,85.0,98.4,49.1,49.3
2025-06-02,13,2025-06-02T10:00:00Z,2025-06-02T11:00:00Z,49.14,49.14,49.32,28.03,17.0,65.85,285.1,156.0,129.1
2025-06-02,14,2025-06-02T11:00:00Z,2025-06-02T12:00:00Z,45.62,45.62,48.24,68.31,18.76,69.92,158.6,94.0,64.6
2025-06-02,15,2025-06-02T12:00:00Z,2025-06-02T13:00:00Z,41.29,41.29,42.77,63.5,16.0,63.5,270.8,162.2,108.6
2025-06-02,16,2025-06-02T13:00:00Z,2025-06-02T14:00:00Z,48.65,48.65,48.92,63.21,25.75,67.12,316.6,175.6,141.0
2025-06-02,17,2025-06-02T14:00:00Z,2025-06-02T15:00:00Z,73.97,73.97,74.53,68.9,45.0,94.78,534.2,437.8,96.4
2025-06-02,18,2025-06-02T15:00:00Z,2025-06-02T16:00:00Z,111.87,111.87,100.29,95.0,92.5,141.0,194.2,110.8,83.4
2025-06-02,19,2025-06-02T16:00:00Z,2025-06-02T17:00:00Z,157.81,157.81,147.74,144.1,122.0,191.0,226.2,84.6,141.6
2025-06-02,20,2025-06-02T17:00:00Z,2025-06-02T18:00:00Z,243.92,243.92,232.96,249.99,167.81,362.4,248.6,72.7,175.9
2025-06-02,21,2025-06-02T18:00:00Z,2025-06-02T19:00:00Z,341.93,341.93,344.1,160.0,160.0,496.49,372.5,137.8,234.7
2025-06-02,22,2025-06-02T19:00:00Z,2025-06-02T20:00:00Z,201.83,201.83,195.41,126.2,123.62,253.55,232.5,50.4,182.1
2025-06-02,23,2025-06-02T20:00:00Z,2025-06-02T21:00:00Z,137.82,137.82,137.73,143.74,118.43,144.94,168.5,28.0,140.5
2025-06-02,24,2025-06-02T21:00:00Z,2025-06-02T22:00:00Z,118.39,118.39,119.91,129.73,105.0,130.0,112.3,42.5,69.8
2025-06-03,1,2025-06-02T22:00:00Z,2025-06-02T23:00:00Z,127.55,127.55,130.41,142.6,105.01,146.02,40.9,19.4,21.5
2025-06-03,2,2025-06-02T23:00:00Z,2025-06-03T00:00:00Z,126.66,126.66,131.86,149.82,103.01,149.82,49.8,11.4,38.4
2025-06-03,3,2025-06-03T00:00:00Z,2025-06-03T01:00:00Z,114.96,114.96,117.6,127.22,102.62,133.66,60.9,32.4,28.5
2025-06-03,4,2025-06-03T01:00:00Z,2025-06-03T02:00:00Z,112.44,112.44,114.31,115.01,100.11,131.8,59.5,37.1,22.4
2025-06-03,5,2025-06-03T02:00:00Z,2025-06-03T03:00:00Z,116.63,116.63,119.49,129.9,99.23,131.9,54.0,26.0,28.0
2025-06-03,6,2025-06-03T03:00:00Z,2025-06-03T04:00:00Z,131.15,131.15,131.71,149.43,106.59,149.43,19.0,6.0,13.0
2025-06-03,7,2025-06-03T04:00:00Z,2025-06-03T05:00:00Z,162.53,162.53,159.0,183.11,121.11,183.11,20.8,9.1,11.7
2025-06-03,8,2025-06-03T05:00:00Z,2025-06-03T06:00:00Z,148.79,148.79,151.9,126.45,122.87,168.4,46.6,6.1,40.5
2025-06-03,9,2025-06-03T06:00:00Z,2025-06-03T07:00:00Z,95.59,95.59,95.39,83.01,82.21,107.74,72.7,7.0,65.7
2025-06-03,10,2025-06-03T07:00:00Z,2025-06-03T08:00:00Z,43.29,43.29,43.44,62.48,33.4,65.13,266.7,104.6,162.1
2025-06-03,11,2025-06-03T08:00:00Z,2025-06-03T09:00:00Z,13.09,13.09,12.56,29.84,1.99,29.99,192.3,97.5,94.8
2025-06-03,12,2025-06-03T09:00:00Z,2025-06-03T10:00:00Z,7.52,7.52,7.82,15.0,2.63,15.0,395.1,184.1,211.0
2025-06-03,13,2025-06-03T10:00:00Z,2025-06-03T11:00:00Z,1.48,1.48,0.51,-5.0,-18.22,14.44,381.3,202.9,178.4
2025-06-03,14,2025-06-03T11:00:00Z,2025-06-03T12:00:00Z,1.18,1.18,1.74,5.0,-5.06,12.36,238.7,136.6,102.1
2025-06-03,15,2025-06-03T12:00:00Z,2025-06-03T13:00:00Z,-4.75,-4.75,-7.4,-28.0,-30.68,10.66,191.6,103.1,88.5
2025-06-03,16,2025-06-03T13:00:00Z,2025-06-03T14:00:00Z,-10.77,-10.77,-9.23,-26.05,-43.98,18.73,312.7,145.6,167.1
2025-06-03,17,2025-06-03T14:00:00Z,2025-06-03T15:00:00Z,22.38,22.38,19.18,0.0,0.0,45.0,530.3,260.3,270.0
2025-06-03,18,2025-06-03T15:00:00Z,2025-06-03T16:00:00Z,60.94,60.94,55.21,46.99,36.01,95.65,231.5,89.4,142.1
2025-06-03,19,2025-06-03T16:00:00Z,2025-06-03T17:00:00Z,108.04,108.04,111.64,109.67,40.0,132.69,222.6,47.1,175.5
2025-06-03,20,2025-06-03T17:00:00Z,2025-06-03T18:00:00Z,169.54,169.54,174.75,167.12,120.0,205.0,237.6,58.8,178.8
2025-06-03,21,2025-06-03T18:00:00Z,2025-06-03T19:00:00Z,296.08,296.08,297.08,299.0,253.0,354.41,245.5,81.6,163.9
2025-06-03,22,2025-06-03T19:00:00Z,2025-06-03T20:00:00Z,153.05,153.05,152.9,150.0,138.77,180.0,187.6,10.0,177.6
2025-06-03,23,2025-06-03T20:00:00Z,2025-06-03T21:00:00Z,113.49,113.49,113.76,106.0,106.0,121.95,170.5,0.3,170.2
2025-06-03,24,2025-06-03T21:00:00Z,2025-06-03T22:00:00Z,83.86,83.86,84.25,76.55,76.55,94.0,83.5,10.3,73.2
2025-06-04,1,2025-06-03T22:00:00Z,2025-06-03T23:00:00Z,64.02,64.02,63.29,74.0,59.37,74.64,58.7,0.9,57.8
2025-06-04,2,2025-06-03T23:00:00Z,2025-06-04T00:00:00Z,54.6,54.6,53.26,56.11,45.08,57.34,61.3,3.0,58.3
2025-06-04,3,2025-06-04T00:00:00Z,2025-06-04T01:00:00Z,53.12,53.12,52.45,65.49,42.84,65.65,66.6,9.0,57.6
2025-06-04,4,2025-06-04T01:00:00Z,2025-06-04T02:00:00Z,51.76,51.76,59.38,71.9,44.69,72.99,100.8,45.0,55.8
2025-06-04,5,2025-06-04T02:00:00Z,2025-06-04T03:00:00Z,59.71,59.71,60.0,72.01,49.9,72.1,41.3,0.8,40.5
2025-06-04,6,2025-06-04T03:00:00Z,2025-06-04T04:00:00Z,69.87,69.87,72.65,84.04,62.0,84.31,93.5,23.0,70.5
2025-06-04,7,2025-06-04T04:00:00Z,2025-06-04T05:00:00Z,94.17,94.17,93.79,101.88,84.4,101.88,70.6,17.1,53.5
2025-06-04,8,2025-06-04T05:00:00Z,2025-06-04T06:00:00Z,104.11,104.11,107.55,114.11,100.0,118.9,137.5,34.0,103.5
2025-06-04,9,2025-06-04T06:00:00Z,2025-06-04T07:00:00Z,81.29,81.29,84.23,110.94,72.21,110.94,138.9,47.5,91.4
2025-06-04,10,2025-06-04T07:00:00Z,2025-06-04T08:00:00Z,30.19,30.19,30.84,27.86,20.0,49.0,165.1,44.5,120.6
2025-06-04,11,2025-06-04T08:00:00Z,2025-06-04T09:00:00Z,3.96,3.96,4.17,6.5,0.14,13.0,376.9,261.5,115.4
2025-06-04,12,2025-06-04T09:00:00Z,2025-06-04T10:00:00Z,0.68,0.68,2.12,20.3,-6.2,20.3,153.6,41.7,111.9
2025-06-04,13,2025-06-04T10:00:00Z,2025-06-04T11:00:00Z,-3.86,-3.86,-2.75,-6.91,-13.0,8.49,134.2,55.8,78.4
2025-06-04,14,2025-06-04T11:00:00Z,2025-06-04T12:00:00Z,0.63,0.63,3.25,4.0,-9.03,9.69,107.7,36.6,71.1
2025-06-04,15,2025-06-04T12:00:00Z,2025-06-04T13:00:00Z,9.42,9.42,11.08,18.73,-1.22,22.97,204.6,74.2,130.4
2025-06-04,16,2025-06-04T13:00:00Z,2025-06-04T14:00:00Z,28.58,28.58,29.41,18.22,11.81,41.49,291.4,107.1,184.3
2025-06-04,17,2025-06-04T14:00:00Z,2025-06-04T15:00:00Z,46.95,46.95,45.31,66.0,29.68,66.0,338.6,161.3,177.3
2025-06-04,18,2025-06-04T15:00:00Z,2025-06-04T16:00:00Z,77.29,77.29,78.92,73.0,60.5,112.19,214.8,87.6,127.2
2025-06-04,19,2025-06-04T16:00:00Z,2025-06-04T17:00:00Z,97.51,97.51,97.03,75.72,71.28,115.0,254.1,98.8,155.3
2025-06-04,20,2025-06-04T17:00:00Z,2025-06-04T18:00:00Z,150.54,150.54,146.21,129.46,119.08,172.0,337.3,110.2,227.1
2025-06-04,21,2025-06-04T18:00:00Z,2025-06-04T19:00:00Z,215.31,215.31,211.39,150.41,150.41,239.98,361.7,112.6,249.1
2025-06-04,22,2025-06-04T19:00:00Z,2025-06-04T20:00:00Z,136.63,136.63,133.15,109.01,109.01,168.98,364.7,108.6,256.1
2025-06-04,23,2025-06-04T20:00:00Z,2025-06-04T21:00:00Z,111.75,111.75,111.38,100.49,92.94,119.99,374.4,32.6,341.8
2025-06-04,24,2025-06-04T21:00:00Z,2025-06-04T22:00:00Z,98.38,98.38,97.1,90.2,88.18,105.17,505.2,26.0,479.2
2025-06-05,1,2025-06-04T22:00:00Z,2025-06-04T23:00:00Z,94.38,94.38,94.94,94.0,90.0,115.97,68.3,37.2,31.1
2025-06-05,2,2025-06-04T23:00:00Z,2025-06-05T00:00:00Z,90.13,90.13,87.52,82.0,82.0,111.53,67.0,29.3,37.7
2025-06-05,3,2025-06-05T00:00:00Z,2025-06-05T01:00:00Z,80.85,80.85,80.83,79.99,78.76,82.0,67.8,23.3,44.5
2025-06-05,4,2025-06-05T01:00:00Z,2025-06-05T02:00:00Z,79.03,79.03,79.27,72.06,72.05,82.21,53.8,20.3,33.5
2025-06-05,5,2025-06-05T02:00:00Z,2025-06-05T03:00:00Z,81.89,81.89,81.68,81.0,81.0,82.75,33.2,20.0,13.2
2025-06-05,6,2025-06-05T03:00:00Z,2025-06-05T04:00:00Z,83.81,83.81,83.3,87.0,81.09,87.0,21.9,15.2,6.7
2025-06-05,7,2025-06-05T04:00:00Z,2025-06-05T05:00:00Z,99.81,99.81,99.9,98.64,94.96,102.57,87.9,17.2,70.7
2025-06-05,8,2025-06-05T05:00:00Z,2025-06-05T06:00:00Z,110.17,110.17,108.54,88.22,88.21,114.01,197.9,22.0,175.9
2025-06-05,9,2025-06-05T06:00:00Z,2025-06-05T07:00:00Z,100.06,100.06,97.28,114.0,87.4,114.0,146.7,65.9,80.8
2025-06-05,10,2025-06-05T07:00:00Z,2025-06-05T08:00:00Z,77.12,77.12,78.24,79.94,54.27,85.6,149.5,74.8,74.7
2025-06-05,11,2025-06-05T08:00:00Z,2025-06-05T09:00:00Z,62.59,62.59,62.1,80.0,40.85,80.0,160.4,63.3,97.1
2025-06-05,12,2025-06-05T09:00:00Z,2025-06-05T10:00:00Z,47.36,47.36,45.43,38.0,38.0,55.0,140.0,73.7,66.3
2025-06-05,13,2025-06-05T10:00:00Z,2025-06-05T11:00:00Z,29.9,29.9,30.35,10.12,10.1,40.55,136.8,69.4,67.4
2025-06-05,14,2025-06-05T11:00:00Z,2025-06-05T12:00:00Z,28.83,28.83,29.72,54.99,20.11,59.85,150.3,48.6,101.7
2025-06-05,15,2025-06-05T12:00:00Z,2025-06-05T13:00:00Z,32.36,32.36,33.75,38.0,14.71,45.69,219.6,75.3,144.3
2025-06-05,16,2025-06-05T13:00:00Z,2025-06-05T14:00:00Z,47.75,47.75,46.84,50.0,34.0,54.05,98.0,26.9,71.1
2025-06-05,17,2025-06-05T14:00:00Z,2025-06-05T15:00:00Z,89.63,89.63,88.09,65.09,65.09,110.0,65.9,11.2,54.7
2025-06-05,18,2025-06-05T15:00:00Z,2025-06-05T16:00:00Z,103.43,103.43,103.52,102.0,94.5,114.99,102.3,49.2,53.1
2025-06-05,19,2025-06-05T16:00:00Z,2025-06-05T17:00:00Z,129.82,129.82,132.85,165.0,115.11,165.0,132.2,67.5,64.7
2025-06-05,20,2025-06-05T17:00:00Z,2025-06-05T18:00:00Z,158.91,158.91,151.25,219.5,143.0,219.5,271.7,88.6,183.1
2025-06-05,21,2025-06-05T18:00:00Z,2025-06-05T19:00:00Z,219.36,219.36,218.52,239.02,210.04,264.98,267.3,93.7,173.6
2025-06-05,22,2025-06-05T19:00:00Z,2025-06-05T20:00:00Z,135.53,135.53,133.81,80.02,80.02,162.56,160.5,76.1,84.4
2025-06-05,23,2025-06-05T20:00:00Z,2025-06-05T21:00:00Z,108.84,108.84,107.13,104.98,92.8,118.99,226.7,97.2,129.5
2025-06-05,24,2025-06-05T21:00:00Z,2025-06-05T22:00:00Z,98.61,98.61,98.06,103.0,83.5,107.99,147.7,58.5,89.2
2025-06-06,1,2025-06-05T22:00:00Z,2025-06-05T23:00:00Z,94.99,94.99,95.05,95.0,80.5,110.21,35.6,13.5,22.1
2025-06-06,2,2025-06-05T23:00:00Z,2025-06-06T00:00:00Z,78.74,78.74,78.83,69.01,69.01,86.88,26.2,8.9,17.3
2025-06-06,3,2025-06-06T00:00:00Z,2025-06-06T01:00:00Z,76.18,76.18,73.24,80.0,60.0,80.0,27.1,11.0,16.1
2025-06-06,4,2025-06-06T01:00:00Z,2025-06-06T02:00:00Z,74.26,74.26,78.07,70.5,53.0,87.1,26.6,5.0,21.6
2025-06-06,5,2025-06-06T02:00:00Z,2025-06-06T03:00:00Z,43.26,43.26,40.19,30.0,30.0,54.01,47.8,22.0,25.8
2025-06-06,6,2025-06-06T03:00:00Z,2025-06-06T04:00:00Z,67.64,67.64,68.46,70.0,65.12,84.55,42.7,24.0,18.7
2025-06-06,7,2025-06-06T04:00:00Z,2025-06-06T05:00:00Z,105.08,105.08,109.59,104.99,100.5,130.0,5.9,5.1,0.8
2025-06-06,8,2025-06-06T05:00:00Z,2025-06-06T06:00:00Z,93.29,93.29,91.65,95.0,73.93,105.01,119.8,12.1,107.7
2025-06-06,9,2025-06-06T06:00:00Z,2025-06-06T07:00:00Z,79.95,79.95,78.3,78.0,69.93,85.1,19.8,11.1,8.7
2025-06-06,10,2025-06-06T07:00:00Z,2025-06-06T08:00:00Z,39.02,39.02,37.8,35.02,22.01,60.35,63.1,25.8,37.3
2025-06-06,11,2025-06-06T08:00:00Z,2025-06-06T09:00:00Z,14.9,14.9,12.38,-1.0,-1.0,25.04,275.2,207.2,68.0
2025-06-06,12,2025-06-06T09:00:00Z,2025-06-06T10:00:00Z,8.39,8.39,8.28,13.23,2.6,16.9,220.6,88.0,132.6
2025-06-06,13,2025-06-06T10:00:00Z,2025-06-06T11:00:00Z,25.14,25.14,25.44,30.0,5.0,39.86,430.4,220.1,210.3
2025-06-06,14,2025-06-06T11:00:00Z,2025-06-06T12:00:00Z,44.57,44.57,44.24,48.01,18.02,58.6,304.7,158.0,146.7
2025-06-06,15,2025-06-06T12:00:00Z,2025-06-06T13:00:00Z,36.94,36.94,36.97,41.03,23.09,46.83,199.2,109.4,89.8
2025-06-06,16,2025-06-06T13:00:00Z,2025-06-06T14:00:00Z,66.22,66.22,65.37,92.01,48.0,126.23,272.9,128.0,144.9
2025-06-06,17,2025-06-06T14:00:00Z,2025-06-06T15:00:00Z,92.16,92.16,92.44,74.0,74.0,150.0,576.2,169.1,407.1
2025-06-06,18,2025-06-06T15:00:00Z,2025-06-06T16:00:00Z,39.1,39.1,37.42,59.01,16.0,59.97,32.6,15.3,17.3
2025-06-06,19,2025-06-06T16:00:00Z,2025-06-06T17:00:00Z,39.45,39.45,38.64,69.0,11.06,69.0,116.4,56.8,59.6
2025-06-06,20,2025-06-06T17:00:00Z,2025-06-06T18:00:00Z,132.12,132.12,131.79,148.45,100.0,155.98,81.6,43.3,38.3
2025-06-06,21,2025-06-06T18:00:00Z,2025-06-06T19:00:00Z,162.94,162.94,161.74,168.98,140.01,199.99,106.7,53.1,53.6
2025-06-06,22,2025-06-06T19:00:00Z,2025-06-06T20:00:00Z,120.2,120.2,110.72,70.01,70.01,150.0,71.2,35.6,35.6
2025-06-06,23,2025-06-06T20:00:00Z,2025-06-06T21:00:00Z,123.9,123.9,120.86,115.48,80.0,151.52,276.5,101.7,174.8
2025-06-06,24,2025-06-06T21:00:00Z,2025-06-06T22:00:00Z,94.31,94.31,92.41,20.02,20.02,109.99,54.8,27.5,27.3
2025-06-07,1,2025-06-06T22:00:00Z,2025-06-06T23:00:00Z,100.89,100.89,98.25,87.2,87.2,110.5,134.3,8.2,126.1
2025-06-07,2,2025-06-06T23:00:00Z,2025-06-07T00:00:00Z,85.94,85.94,85.72,91.0,82.0,91.79,246.1,21.0,225.1
2025-06-07,3,2025-06-07T00:00:00Z,2025-06-07T01:00:00Z,84.02,84.02,85.38,87.83,82.18,92.12,253.0,28.9,224.1
2025-06-07,4,2025-06-07T01:00:00Z,2025-06-07T02:00:00Z,87.0,87.0,87.36,94.14,85.0,97.87,185.8,17.0,168.8
2025-06-07,5,2025-06-07T02:00:00Z,2025-06-07T03:00:00Z,88.12,88.12,88.85,104.21,86.11,104.26,58.2,10.0,48.2
2025-06-07,6,2025-06-07T03:00:00Z,2025-06-07T04:00:00Z,90.42,90.42,90.29,93.48,86.21,102.32,68.7,10.0,58.7
2025-06-07,7,2025-06-07T04:00:00Z,2025-06-07T05:00:00Z,91.99,91.99,91.42,96.02,76.0,97.42,43.5,18.8,24.7
2025-06-07,8,2025-06-07T05:00:00Z,2025-06-07T06:00:00Z,86.1,86.1,87.31,83.34,72.56,95.59,106.7,21.0,85.7
2025-06-07,9,2025-06-07T06:00:00Z,2025-06-07T07:00:00Z,80.04,80.04,79.5,55.0,55.0,89.03,114.2,24.0,90.2
2025-06-07,10,2025-06-07T07:00:00Z,2025-06-07T08:00:00Z,52.77,52.77,53.28,40.0,40.0,66.41,107.5,66.4,41.1
2025-06-07,11,2025-06-07T08:00:00Z,2025-06-07T09:00:00Z,38.51,38.51,38.45,46.0,23.98,55.89,293.3,156.7,136.6
2025-06-07,12,2025-06-07T09:00:00Z,2025-06-07T10:00:00Z,34.88,34.88,33.12,25.0,16.0,44.0,232.4,115.9,116.5
2025-06-07,13,2025-06-07T10:00:00Z,2025-06-07T11:00:00Z,20.51,20.51,19.67,-4.69,-4.69,35.3,268.1,142.6,125.5
2025-06-07,14,2025-06-07T11:00:00Z,2025-06-07T12:00:00Z,16.52,16.52,16.31,19.18,0.01,31.21,259.7,153.2,106.5
2025-06-07,15,2025-06-07T12:00:00Z,2025-06-07T13:00:00Z,8.93,8.93,7.95,2.48,-2.8,25.1,267.4,141.2,126.2
2025-06-07,16,2025-06-07T13:00:00Z,2025-06-07T14:00:00Z,25.65,25.65,24.08,25.01,6.97,50.0,153.6,71.1,82.5
2025-06-07,17,2025-06-07T14:00:00Z,2025-06-07T15:00:00Z,56.17,56.17,64.07,130.0,14.0,135.63,149.3,101.5,47.8
2025-06-07,18,2025-06-07T15:00:00Z,2025-06-07T16:00:00Z,78.2,78.2,72.25,75.0,41.01,110.0,126.5,72.2,54.3
2025-06-07,19,2025-06-07T16:00:00Z,2025-06-07T17:00:00Z,106.64,106.64,106.94,115.0,87.23,139.07,170.3,96.6,73.7
2025-06-07,20,2025-06-07T17:00:00Z,2025-06-07T18:00:00Z,133.89,133.89,133.99,146.99,115.5,155.0,307.4,136.4,171.0
2025-06-07,21,2025-06-07T18:00:00Z,2025-06-07T19:00:00Z,148.21,148.21,149.18,144.5,139.98,169.99,203.8,50.7,153.1
2025-06-07,22,2025-06-07T19:00:00Z,2025-06-07T20:00:00Z,145.54,145.54,141.51,118.29,118.29,156.19,170.4,20.7,149.7
2025-06-07,23,2025-06-07T20:00:00Z,2025-06-07T21:00:00Z,127.61,127.61,126.47,106.94,106.94,136.79,238.7,33.1,205.6
2025-06-07,24,2025-06-07T21:00:00Z,2025-06-07T22:00:00Z,98.86,98.86,99.13,97.31,86.12,119.0,280.6,54.0,226.6
2025-06-08,1,2025-06-07T22:00:00Z,2025-06-07T23:00:00Z,91.64,91.64,87.03,85.01,79.4,115.86,120.3,32.6,87.7
2025-06-08,2,2025-06-07T23:00:00Z,2025-06-08T00:00:00Z,86.92,86.92,84.04,80.0,80.0,96.15,73.0,37.2,35.8
2025-06-08,3,2025-06-08T00:00:00Z,2025-06-08T01:00:00Z,90.75,90.75,83.83,89.99,67.57,106.49,58.9,38.0,20.9
2025-06-08,4,2025-06-08T01:00:00Z,2025-06-08T02:00:00Z,92.37,92.37,89.19,125.0,75.0,125.0,64.5,48.5,16.0
2025-06-08,5,2025-06-08T02:00:00Z,2025-06-08T03:00:00Z,68.79,68.79,67.14,49.91,49.91,82.81,80.5,74.6,5.9
2025-06-08,6,2025-06-08T03:00:00Z,2025-06-08T04:00:00Z,58.42,58.42,58.12,30.01,30.0,79.0,95.7,85.0,10.7
2025-06-08,7,2025-06-08T04:00:00Z,2025-06-08T05:00:00Z,32.31,32.31,33.06,20.34,2.56,54.01,108.6,93.0,15.6
2025-06-08,8,2025-06-08T05:00:00Z,2025-06-08T06:00:00Z,15.26,15.26,10.8,-7.0,-7.0,27.45,104.8,79.5,25.3
2025-06-08,9,2025-06-08T06:00:00Z,2025-06-08T07:00:00Z,7.57,7.57,2.51,-4.99,-8.0,19.78,112.4,74.0,38.4
2025-06-08,10,2025-06-08T07:00:00Z,2025-06-08T08:00:00Z,36.93,36.93,19.71,24.99,-7.32,81.29,76.2,43.0,33.2
2025-06-08,11,2025-06-08T08:00:00Z,2025-06-08T09:00:00Z,33.11,33.11,24.95,75.0,-6.0,97.0,108.3,55.4,52.9
2025-06-08,12,2025-06-08T09:00:00Z,2025-06-08T10:00:00Z,20.4,20.4,13.22,70.0,-8.0,70.0,79.7,40.7,39.0
2025-06-08,13,2025-06-08T10:00:00Z,2025-06-08T11:00:00Z,45.77,45.77,36.45,190.0,-19.69,190.0,55.8,25.6,30.2
2025-06-08,14,2025-06-08T11:00:00Z,2025-06-08T12:00:00Z,28.12,28.12,39.75,85.0,-25.0,85.0,46.1,20.5,25.6
2025-06-08,15,2025-06-08T12:00:00Z,2025-06-08T13:00:00Z,71.11,71.11,56.12,149.99,-37.0,149.99,48.7,20.3,28.4
2025-06-08,16,2025-06-08T13:00:00Z,2025-06-08T14:00:00Z,78.55,78.55,56.9,145.04,-5.94,149.99,79.6,38.2,41.4
2025-06-08,17,2025-06-08T14:00:00Z,2025-06-08T15:00:00Z,111.03,111.03,106.67,148.55,21.43,148.55,80.7,55.2,25.5
2025-06-08,18,2025-06-08T15:00:00Z,2025-06-08T16:00:00Z,119.77,119.77,122.0,199.99,42.77,199.99,63.8,53.4,10.4
2025-06-08,19,2025-06-08T16:00:00Z,2025-06-08T17:00:00Z,125.5,125.5,132.44,101.01,73.65,199.99,107.6,63.8,43.8
2025-06-08,20,2025-06-08T17:00:00Z,2025-06-08T18:00:00Z,117.17,117.17,117.89,100.0,100.0,141.51,154.0,110.1,43.9
2025-06-08,21,2025-06-08T18:00:00Z,2025-06-08T19:00:00Z,126.81,126.81,127.22,90.0,90.0,168.57,149.9,108.6,41.3
2025-06-08,22,2025-06-08T19:00:00Z,2025-06-08T20:00:00Z,94.02,94.02,98.27,55.0,55.0,125.0,143.1,74.8,68.3
2025-06-08,23,2025-06-08T20:00:00Z,2025-06-08T21:00:00Z,81.26,81.26,78.44,45.0,45.0,91.0,131.4,68.2,63.2
2025-06-08,24,2025-06-08T21:00:00Z,2025-06-08T22:00:00Z,78.21,78.21,80.65,80.0,63.4,99.01,65.3,43.9,21.4
2025-06-09,1,2025-06-08T22:00:00Z,2025-06-08T23:00:00Z,38.44,38.44,45.17,25.0,25.0,75.87,8.2,6.0,2.2
2025-06-09,2,2025-06-08T23:00:00Z,2025-06-09T00:00:00Z,30.25,30.25,32.91,20.01,5.01,65.0,36.1,19.9,16.2
2025-06-09,3,2025-06-09T00:00:00Z,2025-06-09T01:00:00Z,6.4,6.4,5.03,5.0,0.0,10.0,28.8,14.4,14.4
2025-06-09,4,2025-06-09T01:00:00Z,2025-06-09T02:00:00Z,3.85,3.85,0.28,-6.56,-6.57,10.0,42.0,26.0,16.0
2025-06-09,5,2025-06-09T02:00:00Z,2025-06-09T03:00:00Z,-0.16,-0.16,-1.85,-2.5,-7.5,7.95,70.6,37.0,33.6
2025-06-09,6,2025-06-09T03:00:00Z,2025-06-09T04:00:00Z,12.95,12.95,3.88,15.0,-6.64,27.4,26.5,14.5,12.0
2025-06-09,7,2025-06-09T04:00:00Z,2025-06-09T05:00:00Z,17.29,17.29,20.11,16.32,10.0,70.4,257.7,26.0,231.7
2025-06-09,8,2025-06-09T05:00:00Z,2025-06-09T06:00:00Z,21.69,21.69,27.86,-1.29,-1.29,71.22,349.7,23.1,326.6
2025-06-09,9,2025-06-09T06:00:00Z,2025-06-09T07:00:00Z,20.09,20.09,20.15,-6.0,-6.0,59.9,450.9,44.8,406.1
2025-06-09,10,2025-06-09T07:00:00Z,2025-06-09T08:00:00Z,-4.67,-4.67,-3.82,3.0,-18.13,3.0,43.6,26.5,17.1
2025-06-09,11,2025-06-09T08:00:00Z,2025-06-09T09:00:00Z,-6.03,-6.03,-6.52,-24.95,-25.91,5.0,316.7,221.4,95.3
2025-06-09,12,2025-06-09T09:00:00Z,2025-06-09T10:00:00Z,-23.17,-23.17,-25.54,-27.01,-69.0,-3.94,216.0,140.4,75.6
2025-06-09,13,2025-06-09T10:00:00Z,2025-06-09T11:00:00Z,-54.51,-54.51,-50.88,-248.98,-248.98,12.0,277.3,168.2,109.1
2025-06-09,14,2025-06-09T11:00:00Z,2025-06-09T12:00:00Z,-92.1,-92.1,-97.43,-199.99,-221.25,-16.99,245.8,108.6,137.2
2025-06-09,15,2025-06-09T12:00:00Z,2025-06-09T13:00:00Z,-36.17,-36.17,-31.27,-50.6,-85.96,-7.22,239.5,83.7,155.8
2025-06-09,16,2025-06-09T13:00:00Z,2025-06-09T14:00:00Z,-11.84,-11.84,-12.26,-4.18,-70.0,-1.04,260.0,103.3,156.7
2025-06-09,17,2025-06-09T14:00:00Z,2025-06-09T15:00:00Z,-0.8,-0.8,-0.62,-4.39,-7.1,9.99,389.9,112.4,277.5
2025-06-09,18,2025-06-09T15:00:00Z,2025-06-09T16:00:00Z,10.29,10.29,7.2,-4.28,-4.67,37.65,152.0,34.4,117.6
2025-06-09,19,2025-06-09T16:00:00Z,2025-06-09T17:00:00Z,107.85,107.85,106.5,104.99,88.04,117.0,330.5,39.1,291.4
2025-06-09,20,2025-06-09T17:00:00Z,2025-06-09T18:00:00Z,147.74,147.74,148.13,139.66,129.0,158.89,342.3,38.0,304.3
2025-06-09,21,2025-06-09T18:00:00Z,2025-06-09T19:00:00Z,201.29,201.29,201.1,180.0,180.0,211.96,307.7,18.2,289.5
2025-06-09,22,2025-06-09T19:00:00Z,2025-06-09T20:00:00Z,152.76,152.76,151.35,145.0,139.03,161.0,367.1,38.9,328.2
2025-06-09,23,2025-06-09T20:00:00Z,2025-06-09T21:00:00Z,123.47,123.47,122.98,124.6,115.01,129.51,286.1,20.0,266.1
2025-06-09,24,2025-06-09T21:00:00Z,2025-06-09T22:00:00Z,93.72,93.72,93.82,99.97,88.95,104.56,264.1,12.3,251.8
2025-06-10,1,2025-06-09T22:00:00Z,2025-06-09T23:00:00Z,87.96,87.96,85.76,81.5,81.4,99.99,51.5,1.0,50.5
2025-06-10,2,2025-06-09T23:00:00Z,2025-06-10T00:00:00Z,70.19,70.19,70.18,65.54,65.0,84.82,52.3,3.0,49.3
2025-06-10,3,2025-06-10T00:00:00Z,2025-06-10T01:00:00Z,55.76,55.76,54.98,52.71,52.5,63.2,45.4,2.0,43.4
2025-06-10,4,2025-06-10T01:00:00Z,2025-06-10T02:00:00Z,48.94,48.94,49.84,44.01,43.81,58.45,51.2,1.4,49.8
2025-06-10,5,2025-06-10T02:00:00Z,2025-06-10T03:00:00Z,49.93,49.93,51.2,36.5,36.5,69.99,26.0,1.4,24.6
2025-06-10,6,2025-06-10T03:00:00Z,2025-06-10T04:00:00Z,37.58,37.58,39.82,33.31,33.31,60.0,56.9,9.4,47.5
2025-06-10,7,2025-06-10T04:00:00Z,2025-06-10T05:00:00Z,63.3,63.3,62.84,58.6,58.6,76.68,75.3,4.0,71.3
2025-06-10,8,2025-06-10T05:00:00Z,2025-06-10T06:00:00Z,69.31,69.31,67.67,65.21,62.58,76.81,87.8,4.4,83.4
2025-06-10,9,2025-06-10T06:00:00Z,2025-06-10T07:00:00Z,59.16,59.16,59.84,53.1,50.51,71.89,102.4,10.4,92.0
2025-06-10,10,2025-06-10T07:00:00Z,2025-06-10T08:00:00Z,39.14,39.14,39.28,34.4,24.22,57.24,120.5,37.4,83.1
2025-06-10,11,2025-06-10T08:00:00Z,2025-06-10T09:00:00Z,12.23,12.23,12.26,11.58,3.53,16.8,365.4,217.5,147.9
2025-06-10,12,2025-06-10T09:00:00Z,2025-06-10T10:00:00Z,-2.02,-2.02,-1.73,2.84,-12.0,6.81,405.4,258.1,147.3
2025-06-10,13,2025-06-10T10:00:00Z,2025-06-10T11:00:00Z,-3.1,-3.1,-2.6,-19.99,-19.99,6.7,351.4,233.3,118.1
2025-06-10,14,2025-06-10T11:00:00Z,2025-06-10T12:00:00Z,-1.12,-1.12,-0.94,-1.0,-8.54,9.28,288.2,122.0,166.2
2025-06-10,15,2025-06-10T12:00:00Z,2025-06-10T13:00:00Z,2.56,2.56,2.35,-0.45,-2.78,13.74,206.8,105.8,101.0
2025-06-10,16,2025-06-10T13:00:00Z,2025-06-10T14:00:00Z,26.97,26.97,24.29,29.98,7.26,40.0,126.3,43.6,82.7
2025-06-10,17,2025-06-10T14:00:00Z,2025-06-10T15:00:00Z,41.61,41.61,43.36,35.0,35.0,65.93,72.6,22.0,50.6
2025-06-10,18,2025-06-10T15:00:00Z,2025-06-10T16:00:00Z,83.44,83.44,82.58,98.68,70.01,100.0,235.9,31.2,204.7
2025-06-10,19,2025-06-10T16:00:00Z,2025-06-10T17:00:00Z,136.09,136.09,138.35,140.0,111.0,151.25,245.9,44.5,201.4
2025-06-10,20,2025-06-10T17:00:00Z,2025-06-10T18:00:00Z,189.71,189.71,192.77,193.67,178.6,264.54,195.2,37.9,157.3
2025-06-10,21,2025-06-10T18:00:00Z,2025-06-10T19:00:00Z,213.68,213.68,210.37,230.0,203.0,287.96,205.1,27.7,177.4
2025-06-10,22,2025-06-10T19:00:00Z,2025-06-10T20:00:00Z,126.79,126.79,125.43,139.82,107.73,156.79,188.5,9.5,179.0
2025-06-10,23,2025-06-10T20:00:00Z,2025-06-10T21:00:00Z,87.75,87.75,88.23,83.9,83.9,109.89,54.0,4.0,50.0
2025-06-10,24,2025-06-10T21:00:00Z,2025-06-10T22:00:00Z,107.75,107.75,107.75,107.75,107.75,107.75,4.0,4.0,0.0
2025-06-11,1,2025-06-10T22:00:00Z,2025-06-10T23:00:00Z,97.92,97.92,97.52,125.1,57.21,125.1,39.6,5.3,34.3
2025-06-11,2,2025-06-10T23:00:00Z,2025-06-11T00:00:00Z,120.04,120.04,121.81,135.0,71.0,135.1,143.9,109.5,34.4
2025-06-11,3,2025-06-11T00:00:00Z,2025-06-11T01:00:00Z,96.54,96.54,95.17,88.0,82.56,111.0,103.7,70.6,33.1
2025-06-11,4,2025-06-11T01:00:00Z,2025-06-11T02:00:00Z,88.73,88.73,88.6,99.0,83.55,101.0,191.5,177.1,14.4
2025-06-11,5,2025-06-11T02:00:00Z,2025-06-11T03:00:00Z,103.61,103.61,100.53,103.0,84.88,112.98,201.8,185.3,16.5
2025-06-11,6,2025-06-11T03:00:00Z,2025-06-11T04:00:00Z,112.19,112.19,111.81,116.0,75.9,141.05,92.8,83.4,9.4
2025-06-11,7,2025-06-11T04:00:00Z,2025-06-11T05:00:00Z,120.29,120.29,120.13,130.01,109.0,130.01,203.3,193.0,10.3
2025-06-11,8,2025-06-11T05:00:00Z,2025-06-11T06:00:00Z,113.82,113.82,111.07,164.99,99.0,164.99,104.0,94.0,10.0
2025-06-11,9,2025-06-11T06:00:00Z,2025-06-11T07:00:00Z,93.01,93.01,89.49,90.01,81.0,140.0,224.6,210.3,14.3
2025-06-11,10,2025-06-11T07:00:00Z,2025-06-11T08:00:00Z,63.83,63.83,64.3,110.0,49.99,110.0,396.7,368.0,28.7
2025-06-11,11,2025-06-11T08:00:00Z,2025-06-11T09:00:00Z,27.6,27.6,28.21,30.02,18.99,45.55,464.1,370.1,94.0
2025-06-11,12,2025-06-11T09:00:00Z,2025-06-11T10:00:00Z,2.13,2.13,2.5,3.01,-7.0,12.0,406.3,349.4,56.9
2025-06-11,13,2025-06-11T10:00:00Z,2025-06-11T11:00:00Z,6.86,6.86,7.48,-6.0,-24.89,69.51,451.0,348.9,102.1
2025-06-11,14,2025-06-11T11:00:00Z,2025-06-11T12:00:00Z,-1.27,-1.27,-0.42,0.0,-19.7,22.5,549.5,446.2,103.3
2025-06-11,15,2025-06-11T12:00:00Z,2025-06-11T13:00:00Z,2.02,2.02,2.66,-5.99,-13.63,13.98,413.1,320.3,92.8
2025-06-11,16,2025-06-11T13:00:00Z,2025-06-11T14:00:00Z,13.51,13.51,13.64,15.0,0.69,29.47,366.0,254.9,111.1
2025-06-11,17,2025-06-11T14:00:00Z,2025-06-11T15:00:00Z,63.04,63.04,53.67,33.0,21.88,83.85,219.0,164.6,54.4
2025-06-11,18,2025-06-11T15:00:00Z,2025-06-11T16:00:00Z,68.05,68.05,65.39,46.42,46.29,76.0,255.8,193.7,62.1
2025-06-11,19,2025-06-11T16:00:00Z,2025-06-11T17:00:00Z,88.39,88.39,87.56,97.0,74.22,100.0,241.0,156.9,84.1
2025-06-11,20,2025-06-11T17:00:00Z,2025-06-11T18:00:00Z,126.6,126.6,122.49,103.02,103.02,150.59,164.4,113.6,50.8
2025-06-11,21,2025-06-11T18:00:00Z,2025-06-11T19:00:00Z,212.6,212.6,215.02,135.03,135.03,248.16,39.1,20.6,18.5
2025-06-11,22,2025-06-11T19:00:00Z,2025-06-11T20:00:00Z,196.78,196.78,196.62,225.0,170.01,239.54,66.3,42.7,23.6
2025-06-11,23,2025-06-11T20:00:00Z,2025-06-11T21:00:00Z,148.08,148.08,145.2,149.0,125.52,155.21,69.5,54.0,15.5
2025-06-11,24,2025-06-11T21:00:00Z,2025-06-11T22:00:00Z,107.43,107.43,107.4,95.0,95.0,124.96,91.4,71.7,19.7
2025-06-12,1,2025-06-11T22:00:00Z,2025-06-11T23:00:00Z,124.04,124.04,123.77,124.99,121.07,124.99,16.8,12.8,4.0
2025-06-12,2,2025-06-11T23:00:00Z,2025-06-12T00:00:00Z,93.47,93.47,93.86,86.93,86.93,96.73,20.1,15.8,4.3
2025-06-12,3,2025-06-12T00:00:00Z,2025-06-12T01:00:00Z,91.63,91.63,91.58,95.0,85.48,95.0,22.2,15.2,7.0
2025-06-12,4,2025-06-12T01:00:00Z,2025-06-12T02:00:00Z,88.47,88.47,89.34,82.01,82.01,91.9,40.8,23.3,17.5
2025-06-12,5,2025-06-12T02:00:00Z,2025-06-12T03:00:00Z,86.66,86.66,86.56,74.55,74.55,93.51,49.5,41.0,8.5
2025-06-12,6,2025-06-12T03:00:00Z,2025-06-12T04:00:00Z,96.16,96.16,95.36,99.99,87.45,110.0,145.6,30.2,115.4
2025-06-12,7,2025-06-12T04:00:00Z,2025-06-12T05:00:00Z,110.16,110.16,110.06,113.5,108.19,113.5,125.5,25.0,100.5
2025-06-12,8,2025-06-12T05:00:00Z,2025-06-12T06:00:00Z,105.78,105.78,106.96,98.16,98.16,112.22,194.0,31.0,163.0
2025-06-12,9,2025-06-12T06:00:00Z,2025-06-12T07:00:00Z,81.2,81.2,81.77,81.05,71.69,93.0,67.0,25.0,42.0
2025-06-12,10,2025-06-12T07:00:00Z,2025-06-12T08:00:00Z,38.33,38.33,39.09,58.0,24.68,58.98,198.3,146.0,52.3
2025-06-12,11,2025-06-12T08:00:00Z,2025-06-12T09:00:00Z,-0.9,-0.9,-0.37,2.0,-5.0,3.4,120.6,73.0,47.6
2025-06-12,12,2025-06-12T09:00:00Z,2025-06-12T10:00:00Z,-1.85,-1.85,-1.6,2.0,-7.19,2.11,175.1,103.3,71.8
2025-06-12,13,2025-06-12T10:00:00Z,2025-06-12T11:00:00Z,-9.49,-9.49,-8.16,-3.94,-14.3,-1.0,144.2,83.0,61.2
2025-06-12,14,2025-06-12T11:00:00Z,2025-06-12T12:00:00Z,-10.2,-10.2,-11.58,9.99,-20.53,9.99,190.0,119.4,70.6
2025-06-12,15,2025-06-12T12:00:00Z,2025-06-12T13:00:00Z,-14.29,-14.29,-14.0,-0.22,-23.5,-0.22,213.9,149.4,64.5
2025-06-12,16,2025-06-12T13:00:00Z,2025-06-12T14:00:00Z,23.43,23.43,21.46,24.95,-13.98,35.76,181.5,125.6,55.9
2025-06-12,17,2025-06-12T14:00:00Z,2025-06-12T15:00:00Z,49.33,49.33,49.23,51.94,23.98,61.16,121.6,58.6,63.0
2025-06-12,18,2025-06-12T15:00:00Z,2025-06-12T16:00:00Z,91.75,91.75,90.1,76.38,66.16,118.0,390.5,20.6,369.9
2025-06-12,19,2025-06-12T16:00:00Z,2025-06-12T17:00:00Z,96.38,96.38,93.79,90.0,89.99,130.0,103.5,43.1,60.4
2025-06-12,20,2025-06-12T17:00:00Z,2025-06-12T18:00:00Z,128.17,128.17,110.73,137.0,56.42,138.0,96.0,48.0,48.0
2025-06-12,21,2025-06-12T18:00:00Z,2025-06-12T19:00:00Z,150.09,150.09,141.27,150.0,100.0,180.01,86.0,43.0,43.0
2025-06-12,22,2025-06-12T19:00:00Z,2025-06-12T20:00:00Z,130.34,130.34,129.2,110.02,90.0,178.89,100.6,52.3,48.3
2025-06-12,23,2025-06-12T20:00:00Z,2025-06-12T21:00:00Z,111.17,111.17,110.19,115.0,97.13,115.0,83.2,41.6,41.6
2025-06-12,24,2025-06-12T21:00:00Z,2025-06-12T22:00:00Z,86.19,86.19,73.82,55.0,50.0,92.01,70.6,35.3,35.3
2025-06-13,1,2025-06-12T22:00:00Z,2025-06-12T23:00:00Z,90.0,90.0,90.0,90.0,90.0,90.0,5.0,0.0,5.0
2025-06-13,2,2025-06-12T23:00:00Z,2025-06-13T00:00:00Z,80.99,80.99,84.47,90.0,78.01,100.8,26.2,10.0,16.2
2025-06-13,3,2025-06-13T00:00:00Z,2025-06-13T01:00:00Z,62.26,62.26,66.67,64.0,23.52,98.81,47.4,27.8,19.6
2025-06-13,4,2025-06-13T01:00:00Z,2025-06-13T02:00:00Z,44.12,44.12,46.95,64.0,0.39,99.71,65.2,45.0,20.2
2025-06-13,5,2025-06-13T02:00:00Z,2025-06-13T03:00:00Z,55.09,55.09,68.23,37.01,35.01,95.91,50.2,38.0,12.2
2025-06-13,6,2025-06-13T03:00:00Z,2025-06-13T04:00:00Z,80.75,80.75,79.99,94.9,64.0,97.41,40.3,27.1,13.2
2025-06-13,7,2025-06-13T04:00:00Z,2025-06-13T05:00:00Z,90.45,90.45,91.32,90.0,47.69,97.01,212.9,47.1,165.8
2025-06-13,8,2025-06-13T05:00:00Z,2025-06-13T06:00:00Z,86.08,86.08,93.3,92.25,82.38,112.19,389.1,21.7,367.4
2025-06-13,9,2025-06-13T06:00:00Z,2025-06-13T07:00:00Z,93.54,93.54,89.87,63.15,63.15,111.0,61.9,37.2,24.7
2025-06-13,10,2025-06-13T07:00:00Z,2025-06-13T08:00:00Z,41.28,41.28,42.82,35.2,35.2,48.3,53.3,34.6,18.7
2025-06-13,11,2025-06-13T08:00:00Z,2025-06-13T09:00:00Z,8.7,8.7,8.38,8.02,5.0,11.0,131.9,109.0,22.9
2025-06-13,12,2025-06-13T09:00:00Z,2025-06-13T10:00:00Z,6.04,6.04,5.85,3.0,0.76,14.41,132.8,118.5,14.3
2025-06-13,13,2025-06-13T10:00:00Z,2025-06-13T11:00:00Z,2.43,2.43,2.25,-2.0,-3.97,5.52,146.6,96.8,49.8
2025-06-13,14,2025-06-13T11:00:00Z,2025-06-13T12:00:00Z,-0.34,-0.34,-0.27,0.01,-4.23,2.81,137.7,54.5,83.2
2025-06-13,15,2025-06-13T12:00:00Z,2025-06-13T13:00:00Z,0.23,0.23,0.12,-4.0,-4.47,5.0,134.6,104.0,30.6
2025-06-13,16,2025-06-13T13:00:00Z,2025-06-13T14:00:00Z,13.75,13.75,15.91,5.0,4.92,23.5,57.9,31.4,26.5
2025-06-13,17,2025-06-13T14:00:00Z,2025-06-13T15:00:00Z,34.99,34.99,29.67,26.0,21.31,54.29,110.6,72.9,37.7
2025-06-13,18,2025-06-13T15:00:00Z,2025-06-13T16:00:00Z,80.08,80.08,81.2,88.51,60.75,95.0,66.2,24.5,41.7
2025-06-13,19,2025-06-13T16:00:00Z,2025-06-13T17:00:00Z,105.09,105.09,105.29,110.0,95.0,113.29,183.1,22.5,160.6
2025-06-13,20,2025-06-13T17:00:00Z,2025-06-13T18:00:00Z,161.0,161.0,162.74,176.2,145.0,185.0,208.1,57.0,151.1
2025-06-13,21,2025-06-13T18:00:00Z,2025-06-13T19:00:00Z,175.41,175.41,179.06,250.0,152.0,266.0,245.7,90.4,155.3
2025-06-13,22,2025-06-13T19:00:00Z,2025-06-13T20:00:00Z,140.8,140.8,141.67,153.0,113.22,202.0,364.7,147.7,217.0
2025-06-13,23,2025-06-13T20:00:00Z,2025-06-13T21:00:00Z,102.33,102.33,100.19,85.3,85.3,115.0,302.3,84.5,217.8
2025-06-13,24,2025-06-13T21:00:00Z,2025-06-13T22:00:00Z,86.0,86.0,85.88,100.95,58.94,100.95,144.7,59.6,85.1
2025-06-14,1,2025-06-13T22:00:00Z,2025-06-13T23:00:00Z,108.74,108.74,102.37,111.0,88.67,115.0,60.9,28.7,32.2
2025-06-14,2,2025-06-13T23:00:00Z,2025-06-14T00:00:00Z,94.47,94.47,98.98,80.0,80.0,115.9,45.9,15.1,30.8
2025-06-14,3,2025-06-14T00:00:00Z,2025-06-14T01:00:00Z,110.68,110.68,110.15,105.99,105.99,115.8,6.4,0.0,6.4
2025-06-14,4,2025-06-14T01:00:00Z,2025-06-14T02:00:00Z,,,,,,,0.0,0.0,0.0
2025-06-14,5,2025-06-14T02:00:00Z,2025-06-14T03:00:00Z,78.71,78.71,79.33,80.1,77.8,80.76,14.5,3.0,11.5
2025-06-14,6,2025-06-14T03:00:00Z,2025-06-14T04:00:00Z,83.17,83.17,82.69,79.22,73.71,100.0,29.5,5.0,24.5
2025-06-14,7,2025-06-14T04:00:00Z,2025-06-14T05:00:00Z,75.93,75.93,76.24,78.5,65.18,91.1,22.4,0.0,22.4
2025-06-14,8,2025-06-14T05:00:00Z,2025-06-14T06:00:00Z,58.4,58.4,60.82,72.2,32.73,72.2,25.0,0.0,25.0
2025-06-14,9,2025-06-14T06:00:00Z,2025-06-14T07:00:00Z,28.28,28.28,21.51,8.0,8.0,39.8,78.5,4.5,74.0
2025-06-14,10,2025-06-14T07:00:00Z,2025-06-14T08:00:00Z,-4.45,-4.45,-4.23,-8.6,-12.1,4.93,190.7,148.0,42.7
2025-06-14,11,2025-06-14T08:00:00Z,2025-06-14T09:00:00Z,-22.84,-22.84,-20.26,20.0,-50.0,20.0,363.2,272.7,90.5
2025-06-14,12,2025-06-14T09:00:00Z,2025-06-14T10:00:00Z,-20.14,-20.14,-20.26,-49.98,-49.99,-11.13,412.8,295.2,117.6
2025-06-14,13,2025-06-14T10:00:00Z,2025-06-14T11:00:00Z,-39.1,-39.1,-39.57,-39.99,-64.13,-30.01,488.2,74.1,414.1
2025-06-14,14,2025-06-14T11:00:00Z,2025-06-14T12:00:00Z,-84.06,-84.06,-82.06,-85.0,-129.99,-27.83,281.3,75.0,206.3
2025-06-14,15,2025-06-14T12:00:00Z,2025-06-14T13:00:00Z,-105.05,-105.05,-106.01,-132.99,-163.45,-29.99,214.4,74.0,140.4
2025-06-14,16,2025-06-14T13:00:00Z,2025-06-14T14:00:00Z,-25.8,-25.8,-25.85,-8.0,-50.9,0.88,110.0,31.0,79.0
2025-06-14,17,2025-06-14T14:00:00Z,2025-06-14T15:00:00Z,0.13,0.13,-1.03,9.8,-44.32,10.5,51.2,25.6,25.6
2025-06-14,18,2025-06-14T15:00:00Z,2025-06-14T16:00:00Z,38.86,38.86,37.32,34.22,18.8,48.56,156.8,78.0,78.8
2025-06-14,19,2025-06-14T16:00:00Z,2025-06-14T17:00:00Z,90.15,90.15,89.79,90.0,86.9,99.99,84.1,8.0,76.1
2025-06-14,20,2025-06-14T17:00:00Z,2025-06-14T18:00:00Z,150.76,150.76,143.92,141.9,139.2,167.9,35.2,17.2,18.0
2025-06-14,21,2025-06-14T18:00:00Z,2025-06-14T19:00:00Z,201.38,201.38,203.19,219.71,196.51,219.9,105.5,19.0,86.5
2025-06-14,22,2025-06-14T19:00:00Z,2025-06-14T20:00:00Z,171.58,171.58,171.04,172.0,163.18,185.0,67.8,35.3,32.5
2025-06-14,23,2025-06-14T20:00:00Z,2025-06-14T21:00:00Z,143.39,143.39,140.37,230.01,122.0,292.5,261.3,70.2,191.1
2025-06-14,24,2025-06-14T21:00:00Z,2025-06-14T22:00:00Z,119.91,119.91,114.9,203.0,102.9,221.0,444.3,65.0,379.3
2025-06-15,1,2025-06-14T22:00:00Z,2025-06-14T23:00:00Z,113.9,113.9,117.43,125.44,100.0,125.44,23.4,0.0,23.4
2025-06-15,2,2025-06-14T23:00:00Z,2025-06-15T00:00:00Z,111.49,111.49,106.14,102.3,98.5,115.05,15.4,0.4,15.0
2025-06-15,3,2025-06-15T00:00:00Z,2025-06-15T01:00:00Z,96.63,96.63,94.07,81.34,81.34,104.42,30.4,0.4,30.0
2025-06-15,4,2025-06-15T01:00:00Z,2025-06-15T02:00:00Z,88.67,88.67,91.6,85.4,84.61,108.08,29.0,0.0,29.0
2025-06-15,5,2025-06-15T02:00:00Z,2025-06-15T03:00:00Z,89.62,89.62,88.07,87.05,86.94,90.0,23.0,0.0,23.0
2025-06-15,6,2025-06-15T03:00:00Z,2025-06-15T04:00:00Z,86.74,86.74,85.97,80.01,80.01,87.94,31.0,6.0,25.0
2025-06-15,7,2025-06-15T04:00:00Z,2025-06-15T05:00:00Z,82.77,82.77,83.55,83.98,81.0,88.34,19.6,1.6,18.0
2025-06-15,8,2025-06-15T05:00:00Z,2025-06-15T06:00:00Z,63.02,63.02,63.96,62.64,60.0,69.23,24.0,24.0,0.0
2025-06-15,9,2025-06-15T06:00:00Z,2025-06-15T07:00:00Z,19.88,19.88,18.02,15.0,9.4,23.8,26.5,14.5,12.0
2025-06-15,10,2025-06-15T07:00:00Z,2025-06-15T08:00:00Z,-6.14,-6.14,-5.12,4.9,-11.71,4.9,35.6,13.0,22.6
2025-06-15,11,2025-06-15T08:00:00Z,2025-06-15T09:00:00Z,-25.48,-25.48,-21.24,2.46,-60.01,2.46,193.7,168.8,24.9
2025-06-15,12,2025-06-15T09:00:00Z,2025-06-15T10:00:00Z,-5.97,-5.97,-0.9,25.0,-35.0,38.99,198.8,152.5,46.3
2025-06-15,13,2025-06-15T10:00:00Z,2025-06-15T11:00:00Z,-30.76,-30.76,-17.63,27.99,-78.93,30.0,210.2,157.6,52.6
2025-06-15,14,2025-06-15T11:00:00Z,2025-06-15T12:00:00Z,-27.49,-27.49,-16.19,-5.44,-88.68,10.0,259.8,157.6,102.2
2025-06-15,15,2025-06-15T12:00:00Z,2025-06-15T13:00:00Z,-22.16,-22.16,-16.42,-4.15,-70.0,4.0,242.7,144.0,98.7
2025-06-15,16,2025-06-15T13:00:00Z,2025-06-15T14:00:00Z,0.46,0.46,0.68,-1.6,-27.0,6.88,260.2,168.7,91.5
2025-06-15,17,2025-06-15T14:00:00Z,2025-06-15T15:00:00Z,12.22,12.22,14.36,13.0,2.05,24.21,76.6,8.5,68.1
2025-06-15,18,2025-06-15T15:00:00Z,2025-06-15T16:00:00Z,61.92,61.92,60.4,64.85,34.44,69.05,39.8,10.5,29.3
2025-06-15,19,2025-06-15T16:00:00Z,2025-06-15T17:00:00Z,131.37,131.37,131.89,108.09,102.43,155.0,148.2,23.9,124.3
2025-06-15,20,2025-06-15T17:00:00Z,2025-06-15T18:00:00Z,135.1,135.1,135.37,95.04,95.04,173.71,112.5,13.6,98.9
2025-06-15,21,2025-06-15T18:00:00Z,2025-06-15T19:00:00Z,208.27,208.27,207.45,258.0,163.0,258.0,125.6,2.2,123.4
2025-06-15,22,2025-06-15T19:00:00Z,2025-06-15T20:00:00Z,157.57,157.57,159.01,200.01,152.0,207.99,97.5,6.5,91.0
2025-06-15,23,2025-06-15T20:00:00Z,2025-06-15T21:00:00Z,145.59,145.59,145.83,154.95,135.0,154.95,240.4,19.7,220.7
2025-06-15,24,2025-06-15T21:00:00Z,2025-06-15T22:00:00Z,102.73,102.73,103.23,102.51,91.11,122.6,290.4,0.5,289.9
2025-06-16,1,2025-06-15T22:00:00Z,2025-06-15T23:00:00Z,108.53,108.53,108.35,110.8,102.01,117.1,258.1,15.1,243.0
2025-06-16,2,2025-06-15T23:00:00Z,2025-06-16T00:00:00Z,94.78,94.78,94.27,95.11,92.51,96.01,7.9,0.0,7.9
2025-06-16,3,2025-06-16T00:00:00Z,2025-06-16T01:00:00Z,86.73,86.73,85.89,78.7,78.7,89.26,8.9,0.4,8.5
2025-06-16,4,2025-06-16T01:00:00Z,2025-06-16T02:00:00Z,86.55,86.55,86.57,85.73,85.73,87.79,18.8,6.1,12.7
2025-06-16,5,2025-06-16T02:00:00Z,2025-06-16T03:00:00Z,72.12,72.12,74.68,65.01,65.01,88.9,35.3,12.0,23.3
2025-06-16,6,2025-06-16T03:00:00Z,2025-06-16T04:00:00Z,106.28,106.28,102.44,77.5,77.5,116.98,25.8,12.0,13.8
2025-06-16,7,2025-06-16T04:00:00Z,2025-06-16T05:00:00Z,124.18,124.18,124.65,116.03,114.02,139.91,19.7,12.8,6.9
2025-06-16,8,2025-06-16T05:00:00Z,2025-06-16T06:00:00Z,141.3,141.3,139.04,140.78,127.0,149.57,32.0,12.7,19.3
2025-06-16,9,2025-06-16T06:00:00Z,2025-06-16T07:00:00Z,105.49,105.49,106.78,110.0,99.05,113.58,58.5,36.0,22.5
2025-06-16,10,2025-06-16T07:00:00Z,2025-06-16T08:00:00Z,84.73,84.73,84.13,70.0,57.03,94.98,110.3,51.7,58.6
2025-06-16,11,2025-06-16T08:00:00Z,2025-06-16T09:00:00Z,59.94,59.94,57.93,55.0,40.95,68.15,67.8,20.6,47.2
2025-06-16,12,2025-06-16T09:00:00Z,2025-06-16T10:00:00Z,40.76,40.76,44.26,35.0,19.95,55.09,252.4,172.1,80.3
2025-06-16,13,2025-06-16T10:00:00Z,2025-06-16T11:00:00Z,53.43,53.43,53.63,41.0,39.57,80.0,117.0,90.7,26.3
2025-06-16,14,2025-06-16T11:00:00Z,2025-06-16T12:00:00Z,51.13,51.13,51.17,50.01,39.01,80.0,135.1,106.8,28.3
2025-06-16,15,2025-06-16T12:00:00Z,2025-06-16T13:00:00Z,52.62,52.62,52.23,50.0,39.12,80.0,147.1,108.5,38.6
2025-06-16,16,2025-06-16T13:00:00Z,2025-06-16T14:00:00Z,71.86,71.86,71.67,60.0,58.78,83.61,176.0,144.6,31.4
2025-06-16,17,2025-06-16T14:00:00Z,2025-06-16T15:00:00Z,81.26,81.26,81.29,103.54,50.33,103.54,117.6,33.1,84.5
2025-06-16,18,2025-06-16T15:00:00Z,2025-06-16T16:00:00Z,97.0,97.0,94.87,85.0,56.35,117.31,81.2,20.4,60.8
2025-06-16,19,2025-06-16T16:00:00Z,2025-06-16T17:00:00Z,70.19,70.19,75.6,35.0,35.0,110.0,53.0,26.5,26.5
2025-06-16,20,2025-06-16T17:00:00Z,2025-06-16T18:00:00Z,49.23,49.23,56.0,62.0,30.0,100.0,57.4,28.7,28.7
2025-06-16,21,2025-06-16T18:00:00Z,2025-06-16T19:00:00Z,176.28,176.28,167.21,117.52,117.52,196.7,119.2,26.4,92.8
2025-06-16,22,2025-06-16T19:00:00Z,2025-06-16T20:00:00Z,144.29,144.29,137.7,100.38,97.69,185.14,97.6,26.1,71.5
2025-06-16,23,2025-06-16T20:00:00Z,2025-06-16T21:00:00Z,112.89,112.89,112.65,95.0,95.0,122.0,112.6,19.0,93.6
2025-06-16,24,2025-06-16T21:00:00Z,2025-06-16T22:00:00Z,99.76,99.76,99.77,80.97,80.01,111.69,127.7,26.8,100.9
2025-06-17,1,2025-06-16T22:00:00Z,2025-06-16T23:00:00Z,100.03,100.03,102.05,102.1,90.36,110.63,38.5,7.5,31.0
2025-06-17,2,2025-06-16T23:00:00Z,2025-06-17T00:00:00Z,91.8,91.8,92.46,89.98,72.1,98.0,58.7,17.2,41.5
2025-06-17,3,2025-06-17T00:00:00Z,2025-06-17T01:00:00Z,92.85,92.85,92.85,91.8,90.35,94.31,226.9,184.4,42.5
2025-06-17,4,2025-06-17T01:00:00Z,2025-06-17T02:00:00Z,91.77,91.77,92.22,93.89,86.65,94.96,283.5,250.0,33.5
2025-06-17,5,2025-06-17T02:00:00Z,2025-06-17T03:00:00Z,94.82,94.82,94.72,95.87,92.78,96.53,48.1,34.8,13.3
2025-06-17,6,2025-06-17T03:00:00Z,2025-06-17T04:00:00Z,97.77,97.77,97.79,101.91,94.56,102.55,61.1,59.6,1.5
2025-06-17,7,2025-06-17T04:00:00Z,2025-06-17T05:00:00Z,107.56,107.56,107.7,109.99,101.63,113.77,150.2,15.0,135.2
2025-06-17,8,2025-06-17T05:00:00Z,2025-06-17T06:00:00Z,100.32,100.32,101.26,105.01,92.07,113.8,217.6,26.6,191.0
2025-06-17,9,2025-06-17T06:00:00Z,2025-06-17T07:00:00Z,97.44,97.44,95.53,124.99,84.02,124.99,136.3,108.9,27.4
2025-06-17,10,2025-06-17T07:00:00Z,2025-06-17T08:00:00Z,48.03,48.03,48.84,66.97,36.14,66.97,508.5,438.0,70.5
2025-06-17,11,2025-06-17T08:00:00Z,2025-06-17T09:00:00Z,26.92,26.92,28.57,79.31,9.21,79.31,246.2,141.4,104.8
2025-06-17,12,2025-06-17T09:00:00Z,2025-06-17T10:00:00Z,43.62,43.62,45.89,109.98,6.5,109.98,356.3,190.7,165.6
2025-06-17,13,2025-06-17T10:00:00Z,2025-06-17T11:00:00Z,35.06,35.06,35.56,45.0,7.95,99.99,266.6,169.7,96.9
2025-06-17,14,2025-06-17T11:00:00Z,2025-06-17T12:00:00Z,12.63,12.63,19.11,10.13,-15.9,49.9,306.0,182.7,123.3
2025-06-17,15,2025-06-17T12:00:00Z,2025-06-17T13:00:00Z,13.3,13.3,12.77,-4.0,-4.0,19.46,439.5,254.9,184.6
2025-06-17,16,2025-06-17T13:00:00Z,2025-06-17T14:00:00Z,13.1,13.1,13.21,9.95,-3.43,29.37,346.6,218.4,128.2
2025-06-17,17,2025-06-17T14:00:00Z,2025-06-17T15:00:00Z,34.95,34.95,29.29,17.9,14.22,80.0,182.9,118.0,64.9
2025-06-17,18,2025-06-17T15:00:00Z,2025-06-17T16:00:00Z,81.35,81.35,79.18,66.0,66.0,94.84,79.9,36.7,43.2
2025-06-17,19,2025-06-17T16:00:00Z,2025-06-17T17:00:00Z,105.09,105.09,105.46,114.98,93.31,149.06,115.0,38.1,76.9
2025-06-17,20,2025-06-17T17:00:00Z,2025-06-17T18:00:00Z,168.42,168.42,168.22,163.98,148.02,188.12,164.7,15.1,149.6
2025-06-17,21,2025-06-17T18:00:00Z,2025-06-17T19:00:00Z,262.61,262.61,263.66,270.0,230.01,298.0,248.2,39.8,208.4
2025-06-17,22,2025-06-17T19:00:00Z,2025-06-17T20:00:00Z,249.86,249.86,245.07,225.4,202.89,310.98,242.7,50.9,191.8
2025-06-17,23,2025-06-17T20:00:00Z,2025-06-17T21:00:00Z,154.94,154.94,151.4,150.0,134.02,180.0,72.2,32.7,39.5
2025-06-17,24,2025-06-17T21:00:00Z,2025-06-17T22:00:00Z,113.22,113.22,116.56,119.44,105.0,154.32,74.5,19.5,55.0
2025-06-18,1,2025-06-17T22:00:00Z,2025-06-17T23:00:00Z,114.33,114.33,113.97,112.49,111.88,119.0,88.9,38.9,50.0
2025-06-18,2,2025-06-17T23:00:00Z,2025-06-18T00:00:00Z,108.8,108.8,109.1,109.01,101.0,114.73,69.6,31.8,37.8
2025-06-18,3,2025-06-18T00:00:00Z,2025-06-18T01:00:00Z,105.02,105.02,104.89,109.35,102.5,109.35,56.8,30.4,26.4
2025-06-18,4,2025-06-18T01:00:00Z,2025-06-18T02:00:00Z,101.72,101.72,101.34,99.64,98.84,104.5,43.0,27.0,16.0
2025-06-18,5,2025-06-18T02:00:00Z,2025-06-18T03:00:00Z,104.56,104.56,104.75,105.1,103.32,105.1,29.8,19.8,10.0
2025-06-18,6,2025-06-18T03:00:00Z,2025-06-18T04:00:00Z,108.77,108.77,105.8,106.12,97.29,111.0,20.5,5.2,15.3
2025-06-18,7,2025-06-18T04:00:00Z,2025-06-18T05:00:00Z,118.18,118.18,117.15,113.57,110.4,122.05,31.1,15.0,16.1
2025-06-18,8,2025-06-18T05:00:00Z,2025-06-18T06:00:00Z,121.74,121.74,121.62,124.21,107.21,124.3,38.7,10.1,28.6
2025-06-18,9,2025-06-18T06:00:00Z,2025-06-18T07:00:00Z,120.89,120.89,120.62,138.13,95.0,140.0,72.3,42.9,29.4
2025-06-18,10,2025-06-18T07:00:00Z,2025-06-18T08:00:00Z,96.63,96.63,97.5,90.04,75.0,117.66,39.8,23.9,15.9
2025-06-18,11,2025-06-18T08:00:00Z,2025-06-18T09:00:00Z,32.55,32.55,34.84,10.0,9.99,86.0,72.4,56.1,16.3
2025-06-18,12,2025-06-18T09:00:00Z,2025-06-18T10:00:00Z,14.44,14.44,13.34,0.15,0.06,30.0,217.0,99.4,117.6
2025-06-18,13,2025-06-18T10:00:00Z,2025-06-18T11:00:00Z,11.33,11.33,9.43,-4.95,-4.95,31.0,181.3,56.9,124.4
2025-06-18,14,2025-06-18T11:00:00Z,2025-06-18T12:00:00Z,16.37,16.37,17.12,20.01,4.89,42.83,227.1,101.6,125.5
2025-06-18,15,2025-06-18T12:00:00Z,2025-06-18T13:00:00Z,14.09,14.09,10.92,5.03,-13.58,30.0,167.3,88.6,78.7
2025-06-18,16,2025-06-18T13:00:00Z,2025-06-18T14:00:00Z,123.25,123.25,120.63,85.0,60.01,145.01,138.1,73.8,64.3
2025-06-18,17,2025-06-18T14:00:00Z,2025-06-18T15:00:00Z,118.05,118.05,116.54,115.73,92.0,130.0,173.8,98.8,75.0
2025-06-18,18,2025-06-18T15:00:00Z,2025-06-18T16:00:00Z,128.53,128.53,122.8,128.01,75.0,160.0,160.9,77.5,83.4
2025-06-18,19,2025-06-18T16:00:00Z,2025-06-18T17:00:00Z,141.63,141.63,132.06,111.15,111.15,189.86,87.0,48.5,38.5
2025-06-18,20,2025-06-18T17:00:00Z,2025-06-18T18:00:00Z,149.74,149.74,149.17,143.1,142.95,161.9,185.0,56.0,129.0
2025-06-18,21,2025-06-18T18:00:00Z,2025-06-18T19:00:00Z,210.91,210.91,209.43,200.0,197.69,226.94,178.4,67.7,110.7
2025-06-18,22,2025-06-18T19:00:00Z,2025-06-18T20:00:00Z,213.48,213.48,212.32,190.0,190.0,226.0,115.9,12.0,103.9
2025-06-18,23,2025-06-18T20:00:00Z,2025-06-18T21:00:00Z,135.21,135.21,134.97,162.38,108.63,162.38,44.5,23.3,21.2
2025-06-18,24,2025-06-18T21:00:00Z,2025-06-18T22:00:00Z,117.21,117.21,117.16,97.01,90.0,139.59,241.1,21.2,219.9
2025-06-19,1,2025-06-18T22:00:00Z,2025-06-18T23:00:00Z,116.09,116.09,110.37,128.58,88.27,128.59,53.6,45.3,8.3
2025-06-19,2,2025-06-18T23:00:00Z,2025-06-19T00:00:00Z,102.79,102.79,103.13,99.0,97.5,117.02,37.1,35.2,1.9
2025-06-19,3,2025-06-19T00:00:00Z,2025-06-19T01:00:00Z,105.81,105.81,104.42,101.91,98.19,111.0,18.1,10.4,7.7
2025-06-19,4,2025-06-19T01:00:00Z,2025-06-19T02:00:00Z,101.19,101.19,100.57,98.12,95.11,109.75,38.0,31.0,7.0
2025-06-19,5,2025-06-19T02:00:00Z,2025-06-19T03:00:00Z,98.24,98.24,98.17,99.0,96.76,103.98,39.0,32.6,6.4
2025-06-19,6,2025-06-19T03:00:00Z,2025-06-19T04:00:00Z,105.82,105.82,105.75,115.75,98.97,115.75,25.2,23.3,1.9
2025-06-19,7,2025-06-19T04:00:00Z,2025-06-19T05:00:00Z,105.17,105.17,104.63,98.6,98.6,109.71,69.9,68.0,1.9
2025-06-19,8,2025-06-19T05:00:00Z,2025-06-19T06:00:00Z,100.14,100.14,100.18,119.98,86.5,119.98,39.0,36.5,2.5
2025-06-19,9,2025-06-19T06:00:00Z,2025-06-19T07:00:00Z,78.68,78.68,75.48,84.89,60.04,90.39,69.6,59.9,9.7
2025-06-19,10,2025-06-19T07:00:00Z,2025-06-19T08:00:00Z,45.63,45.63,41.59,74.98,10.71,74.98,40.3,21.9,18.4
2025-06-19,11,2025-06-19T08:00:00Z,2025-06-19T09:00:00Z,28.33,28.33,39.55,121.0,2.12,121.0,99.2,51.2,48.0
2025-06-19,12,2025-06-19T09:00:00Z,2025-06-19T10:00:00Z,9.59,9.59,9.93,13.39,2.25,16.01,271.4,252.9,18.5
2025-06-19,13,2025-06-19T10:00:00Z,2025-06-19T11:00:00Z,28.46,28.46,27.82,75.0,11.54,76.16,387.2,272.8,114.4
2025-06-19,14,2025-06-19T11:00:00Z,2025-06-19T12:00:00Z,141.38,141.38,160.54,449.99,18.54,449.99,277.1,142.7,134.4
2025-06-19,15,2025-06-19T12:00:00Z,2025-06-19T13:00:00Z,100.21,100.21,102.04,130.01,30.89,170.99,374.6,288.9,85.7
2025-06-19,16,2025-06-19T13:00:00Z,2025-06-19T14:00:00Z,91.17,91.17,118.37,154.25,51.8,199.0,76.5,38.0,38.5
2025-06-19,17,2025-06-19T14:00:00Z,2025-06-19T15:00:00Z,99.17,99.17,99.88,124.75,86.62,129.98,206.4,148.5,57.9
2025-06-19,18,2025-06-19T15:00:00Z,2025-06-19T16:00:00Z,118.03,118.03,117.09,102.7,96.0,132.99,410.4,136.3,274.1
2025-06-19,19,2025-06-19T16:00:00Z,2025-06-19T17:00:00Z,147.54,147.54,149.07,145.08,102.17,168.69,189.1,122.9,66.2
2025-06-19,20,2025-06-19T17:00:00Z,2025-06-19T18:00:00Z,148.07,148.07,165.27,133.25,123.2,192.56,154.6,88.0,66.6
2025-06-19,21,2025-06-19T18:00:00Z,2025-06-19T19:00:00Z,158.64,158.64,154.31,145.06,119.0,180.0,90.4,60.9,29.5
2025-06-19,22,2025-06-19T19:00:00Z,2025-06-19T20:00:00Z,131.62,131.62,138.45,90.01,90.01,155.29,81.7,32.2,49.5
2025-06-19,23,2025-06-19T20:00:00Z,2025-06-19T21:00:00Z,127.78,127.78,126.12,130.0,96.0,144.61,43.6,22.3,21.3
2025-06-19,24,2025-06-19T21:00:00Z,2025-06-19T22:00:00Z,113.76,113.76,112.75,130.0,101.0,130.0,41.8,20.9,20.9
2025-06-20,1,2025-06-19T22:00:00Z,2025-06-19T23:00:00Z,103.02,103.02,104.1,103.0,103.0,108.49,29.9,15.1,14.8
2025-06-20,2,2025-06-19T23:00:00Z,2025-06-20T00:00:00Z,98.66,98.66,104.33,102.0,87.0,114.0,43.8,33.8,10.0
2025-06-20,3,2025-06-20T00:00:00Z,2025-06-20T01:00:00Z,100.37,100.37,100.43,99.99,99.99,101.0,40.4,40.4,0.0
2025-06-20,4,2025-06-20T01:00:00Z,2025-06-20T02:00:00Z,102.75,102.75,102.21,97.12,97.12,105.0,57.3,56.4,0.9
2025-06-20,5,2025-06-20T02:00:00Z,2025-06-20T03:00:00Z,102.24,102.24,102.74,95.68,95.68,132.16,73.6,65.0,8.6
2025-06-20,6,2025-06-20T03:00:00Z,2025-06-20T04:00:00Z,104.43,104.43,105.63,104.1,100.15,140.14,67.9,62.3,5.6
2025-06-20,7,2025-06-20T04:00:00Z,2025-06-20T05:00:00Z,108.34,108.34,110.67,105.36,103.82,149.99,71.2,65.4,5.8
2025-06-20,8,2025-06-20T05:00:00Z,2025-06-20T06:00:00Z,113.61,113.61,114.92,100.0,100.0,145.99,57.5,55.8,1.7
2025-06-20,9,2025-06-20T06:00:00Z,2025-06-20T07:00:00Z,103.2,103.2,103.02,105.0,98.0,128.14,117.0,86.3,30.7
2025-06-20,10,2025-06-20T07:00:00Z,2025-06-20T08:00:00Z,99.27,99.27,111.95,123.73,53.0,160.01,97.6,55.9,41.7
2025-06-20,11,2025-06-20T08:00:00Z,2025-06-20T09:00:00Z,19.27,19.27,19.44,34.18,10.22,34.18,231.9,137.0,94.9
2025-06-20,12,2025-06-20T09:00:00Z,2025-06-20T10:00:00Z,3.08,3.08,4.02,-2.77,-2.77,15.14,251.9,134.0,117.9
2025-06-20,13,2025-06-20T10:00:00Z,2025-06-20T11:00:00Z,-4.82,-4.82,-5.43,-0.01,-24.82,1.44,323.7,109.1,214.6
2025-06-20,14,2025-06-20T11:00:00Z,2025-06-20T12:00:00Z,-0.23,-0.23,-0.95,15.0,-12.54,17.49,230.2,94.3,135.9
2025-06-20,15,2025-06-20T12:00:00Z,2025-06-20T13:00:00Z,10.75,10.75,11.51,12.0,-9.55,22.98,407.3,205.5,201.8
2025-06-20,16,2025-06-20T13:00:00Z,2025-06-20T14:00:00Z,27.46,27.46,26.44,16.8,-10.18,37.0,352.1,211.0,141.1
2025-06-20,17,2025-06-20T14:00:00Z,2025-06-20T15:00:00Z,44.79,44.79,42.93,22.31,22.06,73.78,197.8,105.4,92.4
2025-06-20,18,2025-06-20T15:00:00Z,2025-06-20T16:00:00Z,85.76,85.76,82.23,58.8,58.76,94.99,69.1,44.6,24.5
2025-06-20,19,2025-06-20T16:00:00Z,2025-06-20T17:00:00Z,113.17,113.17,112.25,120.43,101.07,132.97,136.4,62.3,74.1
2025-06-20,20,2025-06-20T17:00:00Z,2025-06-20T18:00:00Z,136.8,136.8,139.23,133.8,131.49,169.18,76.3,19.9,56.4
2025-06-20,21,2025-06-20T18:00:00Z,2025-06-20T19:00:00Z,185.78,185.78,187.86,243.99,160.0,243.99,139.5,32.9,106.6
2025-06-20,22,2025-06-20T19:00:00Z,2025-06-20T20:00:00Z,162.51,162.51,158.96,135.01,135.01,228.14,175.0,18.6,156.4
2025-06-20,23,2025-06-20T20:00:00Z,2025-06-20T21:00:00Z,134.19,134.19,134.7,134.8,124.01,169.18,248.8,44.3,204.5
2025-06-20,24,2025-06-20T21:00:00Z,2025-06-20T22:00:00Z,114.4,114.4,115.48,109.01,107.77,155.18,392.7,232.1,160.6
2025-06-21,1,2025-06-20T22:00:00Z,2025-06-20T23:00:00Z,120.62,120.62,120.72,122.75,110.0,122.75,149.5,35.3,114.2
2025-06-21,2,2025-06-20T23:00:00Z,2025-06-21T00:00:00Z,106.28,106.28,106.13,99.99,99.99,109.51,19.8,11.6,8.2
2025-06-21,3,2025-06-21T00:00:00Z,2025-06-21T01:00:00Z,105.53,105.53,105.78,101.58,101.58,111.0,30.2,18.2,12.0
2025-06-21,4,2025-06-21T01:00:00Z,2025-06-21T02:00:00Z,100.19,100.19,99.96,101.47,97.02,105.0,37.2,16.2,21.0
2025-06-21,5,2025-06-21T02:00:00Z,2025-06-21T03:00:00Z,99.55,99.55,99.57,95.01,95.01,105.29,48.5,29.5,19.0
2025-06-21,6,2025-06-21T03:00:00Z,2025-06-21T04:00:00Z,101.61,101.61,102.15,98.7,98.69,110.39,13.2,5.2,8.0
2025-06-21,7,2025-06-21T04:00:00Z,2025-06-21T05:00:00Z,99.13,99.13,100.71,105.0,95.6,105.0,8.2,6.7,1.5
2025-06-21,8,2025-06-21T05:00:00Z,2025-06-21T06:00:00Z,81.73,81.73,83.99,78.66,78.3,90.03,37.8,30.2,7.6
2025-06-21,9,2025-06-21T06:00:00Z,2025-06-21T07:00:00Z,61.94,61.94,63.12,52.91,52.91,73.59,73.5,32.4,41.1
2025-06-21,10,2025-06-21T07:00:00Z,2025-06-21T08:00:00Z,15.07,15.07,16.96,3.0,3.0,26.0,129.8,75.0,54.8
2025-06-21,11,2025-06-21T08:00:00Z,2025-06-21T09:00:00Z,-24.67,-24.67,-29.21,-15.0,-56.58,-3.32,443.3,372.9,70.4
2025-06-21,12,2025-06-21T09:00:00Z,2025-06-21T10:00:00Z,-33.28,-33.28,-35.59,-50.01,-96.0,113.82,418.6,349.2,69.4
2025-06-21,13,2025-06-21T10:00:00Z,2025-06-21T11:00:00Z,-73.33,-73.33,-73.37,-60.39,-149.0,98.02,208.8,104.2,104.6
2025-06-21,14,2025-06-21T11:00:00Z,2025-06-21T12:00:00Z,-89.21,-89.21,-89.16,-257.49,-257.49,-0.03,514.8,130.1,384.7
2025-06-21,15,2025-06-21T12:00:00Z,2025-06-21T13:00:00Z,-80.6,-80.6,-79.57,-94.05,-150.5,-14.9,157.1,65.8,91.3
2025-06-21,16,2025-06-21T13:00:00Z,2025-06-21T14:00:00Z,-26.79,-26.79,-24.86,-30.78,-81.32,-3.68,319.2,254.6,64.6
2025-06-21,17,2025-06-21T14:00:00Z,2025-06-21T15:00:00Z,-2.56,-2.56,-5.24,-5.89,-12.71,14.0,151.6,77.5,74.1
2025-06-21,18,2025-06-21T15:00:00Z,2025-06-21T16:00:00Z,48.72,48.72,51.25,35.51,35.51,81.93,133.9,74.9,59.0
2025-06-21,19,2025-06-21T16:00:00Z,2025-06-21T17:00:00Z,101.35,101.35,99.55,94.9,87.43,118.69,120.4,25.4,95.0
2025-06-21,20,2025-06-21T17:00:00Z,2025-06-21T18:00:00Z,115.17,115.17,116.16,122.25,109.4,145.0,113.7,9.2,104.5
2025-06-21,21,2025-06-21T18:00:00Z,2025-06-21T19:00:00Z,157.78,157.78,157.66,174.74,144.03,181.0,177.7,6.2,171.5
2025-06-21,22,2025-06-21T19:00:00Z,2025-06-21T20:00:00Z,171.28,171.28,168.94,166.0,156.81,216.02,165.3,21.3,144.0
2025-06-21,23,2025-06-21T20:00:00Z,2025-06-21T21:00:00Z,143.59,143.59,143.6,154.83,137.21,161.57,167.0,10.4,156.6
2025-06-21,24,2025-06-21T21:00:00Z,2025-06-21T22:00:00Z,113.26,113.26,113.28,105.97,101.19,124.9,213.0,47.0,166.0
2025-06-22,1,2025-06-21T22:00:00Z,2025-06-21T23:00:00Z,107.31,107.31,108.37,117.92,99.89,117.92,287.3,23.3,264.0
2025-06-22,2,2025-06-21T23:00:00Z,2025-06-22T00:00:00Z,95.99,95.99,102.06,94.0,94.0,106.61,13.2,11.2,2.0
2025-06-22,3,2025-06-22T00:00:00Z,2025-06-22T01:00:00Z,83.91,83.91,84.15,83.7,83.69,85.28,2.9,2.9,0.0
2025-06-22,4,2025-06-22T01:00:00Z,2025-06-22T02:00:00Z,88.73,88.73,85.34,79.1,79.1,92.1,27.0,0.0,27.0
2025-06-22,5,2025-06-22T02:00:00Z,2025-06-22T03:00:00Z,78.36,78.36,78.88,76.01,75.91,82.32,17.0,10.0,7.0
2025-06-22,6,2025-06-22T03:00:00Z,2025-06-22T04:00:00Z,77.48,77.48,72.92,63.81,63.81,81.25,125.0,22.0,103.0
2025-06-22,7,2025-06-22T04:00:00Z,2025-06-22T05:00:00Z,49.03,49.03,48.83,49.65,48.5,49.65,20.0,20.0,0.0
2025-06-22,8,2025-06-22T05:00:00Z,2025-06-22T06:00:00Z,-5.36,-5.36,-1.5,-11.94,-11.94,2.02,20.0,6.0,14.0
2025-06-22,9,2025-06-22T06:00:00Z,2025-06-22T07:00:00Z,-19.8,-19.8,-19.15,-15.77,-21.12,-14.73,61.6,61.0,0.6
2025-06-22,10,2025-06-22T07:00:00Z,2025-06-22T08:00:00Z,-18.66,-18.66,-18.69,-8.61,-35.0,-8.1,391.2,387.2,4.0
2025-06-22,11,2025-06-22T08:00:00Z,2025-06-22T09:00:00Z,-31.91,-31.91,-31.45,-24.11,-60.1,-17.63,439.9,432.8,7.1
2025-06-22,12,2025-06-22T09:00:00Z,2025-06-22T10:00:00Z,-37.82,-37.82,-37.92,-39.29,-80.4,-18.65,331.8,111.0,220.8
2025-06-22,13,2025-06-22T10:00:00Z,2025-06-22T11:00:00Z,-62.44,-62.44,-62.91,-49.91,-119.04,-23.7,618.4,203.5,414.9
2025-06-22,14,2025-06-22T11:00:00Z,2025-06-22T12:00:00Z,-99.43,-99.43,-93.98,-70.0,-142.02,-55.4,473.1,133.1,340.0
2025-06-22,15,2025-06-22T12:00:00Z,2025-06-22T13:00:00Z,-84.63,-84.63,-84.06,-55.54,-122.16,-52.61,473.1,126.0,347.1
2025-06-22,16,2025-06-22T13:00:00Z,2025-06-22T14:00:00Z,-37.0,-37.0,-33.91,-45.79,-72.6,-25.1,280.2,63.9,216.3
2025-06-22,17,2025-06-22T14:00:00Z,2025-06-22T15:00:00Z,-1.1,-1.1,-0.8,2.47,-30.05,20.05,233.7,197.4,36.3
2025-06-22,18,2025-06-22T15:00:00Z,2025-06-22T16:00:00Z,11.19,11.19,28.98,36.7,-85.25,43.25,87.5,47.0,40.5
2025-06-22,19,2025-06-22T16:00:00Z,2025-06-22T17:00:00Z,91.56,91.56,86.72,99.88,54.0,103.48,79.6,37.8,41.8
2025-06-22,20,2025-06-22T17:00:00Z,2025-06-22T18:00:00Z,98.47,98.47,109.35,99.68,21.48,132.99,252.4,82.8,169.6
2025-06-22,21,2025-06-22T18:00:00Z,2025-06-22T19:00:00Z,105.9,105.9,114.28,90.0,1.0,143.0,193.1,98.9,94.2
2025-06-22,22,2025-06-22T19:00:00Z,2025-06-22T20:00:00Z,113.01,113.01,118.85,111.1,36.9,136.53,231.3,69.8,161.5
2025-06-22,23,2025-06-22T20:00:00Z,2025-06-22T21:00:00Z,98.55,98.55,106.85,111.05,28.57,122.99,259.7,78.1,181.6
2025-06-22,24,2025-06-22T21:00:00Z,2025-06-22T22:00:00Z,79.7,79.7,89.94,100.1,2.01,112.01,200.8,64.2,136.6
2025-06-23,1,2025-06-22T22:00:00Z,2025-06-22T23:00:00Z,86.73,86.73,90.76,96.01,84.0,110.86,7.4,7.1,0.3
2025-06-23,2,2025-06-22T23:00:00Z,2025-06-23T00:00:00Z,86.04,86.04,85.45,84.0,77.55,88.0,16.8,15.3,1.5
2025-06-23,3,2025-06-23T00:00:00Z,2025-06-23T01:00:00Z,75.1,75.1,73.02,69.45,68.66,84.0,36.1,10.2,25.9
2025-06-23,4,2025-06-23T01:00:00Z,2025-06-23T02:00:00Z,73.19,73.19,73.86,70.06,70.06,80.0,32.8,15.0,17.8
2025-06-23,5,2025-06-23T02:00:00Z,2025-06-23T03:00:00Z,83.63,83.63,83.58,61.23,61.23,88.99,25.5,15.0,10.5
2025-06-23,6,2025-06-23T03:00:00Z,2025-06-23T04:00:00Z,95.83,95.83,96.73,100.07,61.91,106.8,168.2,33.4,134.8
2025-06-23,7,2025-06-23T04:00:00Z,2025-06-23T05:00:00Z,102.12,102.12,101.99,97.48,90.65,104.7,213.2,23.2,190.0
2025-06-23,8,2025-06-23T05:00:00Z,2025-06-23T06:00:00Z,111.2,111.2,111.31,111.0,80.01,116.18,145.1,5.0,140.1
2025-06-23,9,2025-06-23T06:00:00Z,2025-06-23T07:00:00Z,97.45,97.45,97.9,96.15,87.53,100.17,11.0,6.0,5.0
2025-06-23,10,2025-06-23T07:00:00Z,2025-06-23T08:00:00Z,46.53,46.53,50.79,45.0,35.69,55.49,37.1,12.0,25.1
2025-06-23,11,2025-06-23T08:00:00Z,2025-06-23T09:00:00Z,31.91,31.91,31.18,30.0,19.86,50.0,389.8,337.2,52.6
2025-06-23,12,2025-06-23T09:00:00Z,2025-06-23T10:00:00Z,23.08,23.08,23.24,25.0,15.0,34.0,313.9,230.5,83.4
2025-06-23,13,2025-06-23T10:00:00Z,2025-06-23T11:00:00Z,31.5,31.5,32.05,37.95,7.95,43.05,240.5,161.8,78.7
2025-06-23,14,2025-06-23T11:00:00Z,2025-06-23T12:00:00Z,32.88,32.88,32.03,40.0,8.14,42.95,136.4,96.3,40.1
2025-06-23,15,2025-06-23T12:00:00Z,2025-06-23T13:00:00Z,72.88,72.88,53.53,111.0,20.3,111.0,138.7,80.6,58.1
2025-06-23,16,2025-06-23T13:00:00Z,2025-06-23T14:00:00Z,112.12,112.12,105.04,129.47,51.25,129.47,77.7,25.3,52.4
2025-06-23,17,2025-06-23T14:00:00Z,2025-06-23T15:00:00Z,109.25,109.25,112.68,124.98,90.82,124.99,235.4,9.6,225.8
2025-06-23,18,2025-06-23T15:00:00Z,2025-06-23T16:00:00Z,131.91,131.91,133.28,163.97,1.73,163.97,171.1,59.1,112.0
2025-06-23,19,2025-06-23T16:00:00Z,2025-06-23T17:00:00Z,161.83,161.83,165.69,150.07,145.0,200.0,517.7,121.9,395.8
2025-06-23,20,2025-06-23T17:00:00Z,2025-06-23T18:00:00Z,124.56,124.56,146.37,130.65,115.0,198.72,73.0,31.5,41.5
2025-06-23,21,2025-06-23T18:00:00Z,2025-06-23T19:00:00Z,98.54,98.54,100.13,94.99,70.0,125.0,84.6,42.3,42.3
2025-06-23,22,2025-06-23T19:00:00Z,2025-06-23T20:00:00Z,87.8,87.8,104.87,80.0,80.0,140.0,39.7,20.8,18.9
2025-06-23,23,2025-06-23T20:00:00Z,2025-06-23T21:00:00Z,92.43,92.43,105.89,80.0,80.0,126.67,25.2,13.3,11.9
2025-06-23,24,2025-06-23T21:00:00Z,2025-06-23T22:00:00Z,79.9,79.9,84.26,80.0,65.0,96.37,11.4,3.1,8.3
2025-06-24,1,2025-06-23T22:00:00Z,2025-06-23T23:00:00Z,104.56,104.56,96.97,69.4,69.4,111.11,99.2,9.1,90.1
2025-06-24,2,2025-06-23T23:00:00Z,2025-06-24T00:00:00Z,93.57,93.57,86.2,110.0,50.0,110.0,64.0,11.6,52.4
2025-06-24,3,2025-06-24T00:00:00Z,2025-06-24T01:00:00Z,95.13,95.13,95.82,88.0,74.68,116.91,110.2,20.2,90.0
2025-06-24,4,2025-06-24T01:00:00Z,2025-06-24T02:00:00Z,99.63,99.63,101.88,130.52,83.33,130.52,118.3,32.1,86.2
2025-06-24,5,2025-06-24T02:00:00Z,2025-06-24T03:00:00Z,97.89,97.89,103.67,95.0,95.0,108.0,4.5,0.5,4.0
2025-06-24,6,2025-06-24T03:00:00Z,2025-06-24T04:00:00Z,75.95,75.95,91.42,100.0,55.2,106.2,37.0,16.5,20.5
2025-06-24,7,2025-06-24T04:00:00Z,2025-06-24T05:00:00Z,98.07,98.07,101.23,106.51,58.2,109.94,155.1,40.6,114.5
2025-06-24,8,2025-06-24T05:00:00Z,2025-06-24T06:00:00Z,107.14,107.14,113.27,110.39,62.4,125.4,259.5,147.5,112.0
2025-06-24,9,2025-06-24T06:00:00Z,2025-06-24T07:00:00Z,83.81,83.81,80.45,90.0,69.63,102.74,34.6,24.5,10.1
2025-06-24,10,2025-06-24T07:00:00Z,2025-06-24T08:00:00Z,46.8,46.8,48.44,99.82,10.0,99.82,57.1,21.5,35.6
2025-06-24,11,2025-06-24T08:00:00Z,2025-06-24T09:00:00Z,8.34,8.34,9.3,6.17,5.03,29.03,149.2,84.6,64.6
2025-06-24,12,2025-06-24T09:00:00Z,2025-06-24T10:00:00Z,8.21,8.21,7.83,0.0,-1.0,25.0,274.6,141.0,133.6
2025-06-24,13,2025-06-24T10:00:00Z,2025-06-24T11:00:00Z,5.74,5.74,6.18,19.99,-1.48,20.79,387.5,213.3,174.2
2025-06-24,14,2025-06-24T11:00:00Z,2025-06-24T12:00:00Z,7.93,7.93,8.8,-1.61,-1.62,21.47,204.6,131.6,73.0
2025-06-24,15,2025-06-24T12:00:00Z,2025-06-24T13:00:00Z,8.42,8.42,7.37,13.99,-4.85,24.92,281.5,161.2,120.3
2025-06-24,16,2025-06-24T13:00:00Z,2025-06-24T14:00:00Z,18.6,18.6,19.2,-1.87,-1.87,39.93,190.4,126.2,64.2
2025-06-24,17,2025-06-24T14:00:00Z,2025-06-24T15:00:00Z,43.58,43.58,41.71,48.71,29.42,68.0,139.8,72.8,67.0
2025-06-24,18,2025-06-24T15:00:00Z,2025-06-24T16:00:00Z,99.39,99.39,99.57,75.03,75.03,122.0,152.3,97.0,55.3
2025-06-24,19,2025-06-24T16:00:00Z,2025-06-24T17:00:00Z,141.02,141.02,147.17,123.0,123.0,169.21,240.3,96.8,143.5
2025-06-24,20,2025-06-24T17:00:00Z,2025-06-24T18:00:00Z,175.11,175.11,179.38,191.76,140.01,196.35,255.5,84.7,170.8
2025-06-24,21,2025-06-24T18:00:00Z,2025-06-24T19:00:00Z,133.0,133.0,143.0,125.0,125.0,155.0,30.0,15.0,15.0
2025-06-24,22,2025-06-24T19:00:00Z,2025-06-24T20:00:00Z,102.2,102.2,116.47,100.0,100.0,153.07,68.3,34.0,34.3
2025-06-24,23,2025-06-24T20:00:00Z,2025-06-24T21:00:00Z,143.78,143.78,141.28,144.5,113.88,162.63,91.8,39.6,52.2
2025-06-24,24,2025-06-24T21:00:00Z,2025-06-24T22:00:00Z,120.85,120.85,121.87,100.0,90.0,135.0,259.4,56.8,202.6
2025-06-25,1,2025-06-24T22:00:00Z,2025-06-24T23:00:00Z,161.77,161.77,168.55,210.0,132.93,210.0,174.1,53.7,120.4
2025-06-25,2,2025-06-24T23:00:00Z,2025-06-25T00:00:00Z,104.93,104.93,107.55,101.53,101.53,125.59,52.2,42.1,10.1
2025-06-25,3,2025-06-25T00:00:00Z,2025-06-25T01:00:00Z,108.61,108.61,107.49,111.0,92.75,111.0,31.5,21.5,10.0
2025-06-25,4,2025-06-25T01:00:00Z,2025-06-25T02:00:00Z,92.98,92.98,94.2,90.07,90.05,99.0,28.5,28.5,0.0
2025-06-25,5,2025-06-25T02:00:00Z,2025-06-25T03:00:00Z,108.61,108.61,109.3,117.5,100.0,117.5,47.8,37.8,10.0
2025-06-25,6,2025-06-25T03:00:00Z,2025-06-25T04:00:00Z,112.75,112.75,115.53,119.1,108.89,122.24,51.6,41.6,10.0
2025-06-25,7,2025-06-25T04:00:00Z,2025-06-25T05:00:00Z,127.3,127.3,125.96,127.3,113.29,129.0,36.9,26.9,10.0
2025-06-25,8,2025-06-25T05:00:00Z,2025-06-25T06:00:00Z,131.68,131.68,130.59,118.17,113.55,134.8,128.1,1.1,127.0
2025-06-25,9,2025-06-25T06:00:00Z,2025-06-25T07:00:00Z,96.01,96.01,96.48,85.0,70.0,109.84,39.9,20.2,19.7
2025-06-25,10,2025-06-25T07:00:00Z,2025-06-25T08:00:00Z,80.04,80.04,81.66,73.0,72.05,91.99,52.3,31.5,20.8
2025-06-25,11,2025-06-25T08:00:00Z,2025-06-25T09:00:00Z,47.24,47.24,44.71,94.0,25.07,94.0,74.5,25.9,48.6
2025-06-25,12,2025-06-25T09:00:00Z,2025-06-25T10:00:00Z,26.0,26.0,27.73,58.0,16.99,59.0,308.8,214.4,94.4
2025-06-25,13,2025-06-25T10:00:00Z,2025-06-25T11:00:00Z,45.01,45.01,45.0,54.96,20.0,75.9,179.4,102.4,77.0
2025-06-25,14,2025-06-25T11:00:00Z,2025-06-25T12:00:00Z,49.37,49.37,47.77,45.0,20.88,69.85,157.8,80.2,77.6
2025-06-25,15,2025-06-25T12:00:00Z,2025-06-25T13:00:00Z,76.16,76.16,62.57,149.0,28.99,149.0,166.5,112.6,53.9
2025-06-25,16,2025-06-25T13:00:00Z,2025-06-25T14:00:00Z,73.31,73.31,75.57,100.0,40.06,130.0,124.7,49.8,74.9
2025-06-25,17,2025-06-25T14:00:00Z,2025-06-25T15:00:00Z,135.46,135.46,134.26,221.98,94.01,221.98,126.7,55.6,71.1
2025-06-25,18,2025-06-25T15:00:00Z,2025-06-25T16:00:00Z,138.98,138.98,137.77,125.01,115.01,159.89,133.6,64.3,69.3
2025-06-25,19,2025-06-25T16:00:00Z,2025-06-25T17:00:00Z,155.44,155.44,157.2,180.0,137.0,199.0,84.2,42.1,42.1
2025-06-25,20,2025-06-25T17:00:00Z,2025-06-25T18:00:00Z,173.46,173.46,172.75,167.64,137.0,202.55,381.4,168.7,212.7
2025-06-25,21,2025-06-25T18:00:00Z,2025-06-25T19:00:00Z,229.2,229.2,232.61,230.0,201.06,315.55,393.2,163.1,230.1
2025-06-25,22,2025-06-25T19:00:00Z,2025-06-25T20:00:00Z,235.21,235.21,251.33,307.68,143.22,308.49,210.7,102.2,108.5
2025-06-25,23,2025-06-25T20:00:00Z,2025-06-25T21:00:00Z,205.49,205.49,216.43,280.5,180.0,290.02,343.0,69.2,273.8
2025-06-25,24,2025-06-25T21:00:00Z,2025-06-25T22:00:00Z,144.49,144.49,146.26,144.8,133.01,163.22,127.2,78.8,48.4
2025-06-26,1,2025-06-25T22:00:00Z,2025-06-25T23:00:00Z,118.79,118.79,118.37,115.01,114.57,122.82,50.7,44.1,6.6
2025-06-26,2,2025-06-25T23:00:00Z,2025-06-26T00:00:00Z,115.3,115.3,118.45,112.0,112.0,133.45,41.8,38.4,3.4
2025-06-26,3,2025-06-26T00:00:00Z,2025-06-26T01:00:00Z,169.1,169.1,160.94,165.53,128.85,174.99,39.6,14.0,25.6
2025-06-26,4,2025-06-26T01:00:00Z,2025-06-26T02:00:00Z,169.52,169.52,169.31,170.51,165.99,174.99,35.1,20.1,15.0
2025-06-26,5,2025-06-26T02:00:00Z,2025-06-26T03:00:00Z,145.35,145.35,136.81,105.0,105.0,170.0,9.3,4.3,5.0
2025-06-26,6,2025-06-26T03:00:00Z,2025-06-26T04:00:00Z,167.94,167.94,164.85,149.99,149.99,174.09,16.1,10.5,5.6
2025-06-26,7,2025-06-26T04:00:00Z,2025-06-26T05:00:00Z,140.89,140.89,136.17,126.36,126.33,158.95,29.9,29.9,0.0
2025-06-26,8,2025-06-26T05:00:00Z,2025-06-26T06:00:00Z,118.89,118.89,123.79,112.07,112.02,128.79,15.4,13.8,1.6
2025-06-26,9,2025-06-26T06:00:00Z,2025-06-26T07:00:00Z,113.61,113.61,114.54,117.14,106.8,121.9,44.3,39.2,5.1
2025-06-26,10,2025-06-26T07:00:00Z,2025-06-26T08:00:00Z,108.82,108.82,106.46,114.86,96.48,119.37,108.5,72.5,36.0
2025-06-26,11,2025-06-26T08:00:00Z,2025-06-26T09:00:00Z,90.21,90.21,90.4,90.14,77.82,102.86,221.8,138.7,83.1
2025-06-26,12,2025-06-26T09:00:00Z,2025-06-26T10:00:00Z,94.36,94.36,93.56,109.99,79.89,128.34,532.4,418.5,113.9
2025-06-26,13,2025-06-26T10:00:00Z,2025-06-26T11:00:00Z,95.56,95.56,97.62,110.0,78.7,135.3,283.3,233.4,49.9
2025-06-26,14,2025-06-26T11:00:00Z,2025-06-26T12:00:00Z,109.04,109.04,111.0,128.01,80.26,140.1,342.9,253.6,89.3
2025-06-26,15,2025-06-26T12:00:00Z,2025-06-26T13:00:00Z,131.05,131.05,129.28,148.86,95.5,160.0,126.1,65.8,60.3
2025-06-26,16,2025-06-26T13:00:00Z,2025-06-26T14:00:00Z,156.55,156.55,142.76,249.0,113.0,249.0,71.0,30.5,40.5
2025-06-26,17,2025-06-26T14:00:00Z,2025-06-26T15:00:00Z,164.18,164.18,162.79,210.24,125.71,231.56,254.2,188.7,65.5
2025-06-26,18,2025-06-26T15:00:00Z,2025-06-26T16:00:00Z,180.53,180.53,181.55,230.0,132.39,264.98,261.5,190.9,70.6
2025-06-26,19,2025-06-26T16:00:00Z,2025-06-26T17:00:00Z,246.31,246.31,259.15,350.1,145.01,370.0,146.8,98.8,48.0
2025-06-26,20,2025-06-26T17:00:00Z,2025-06-26T18:00:00Z,227.74,227.74,235.68,450.0,175.0,450.0,174.0,87.0,87.0
2025-06-26,21,2025-06-26T18:00:00Z,2025-06-26T19:00:00Z,285.14,285.14,291.04,687.1,210.01,687.1,205.4,71.4,134.0
2025-06-26,22,2025-06-26T19:00:00Z,2025-06-26T20:00:00Z,229.07,229.07,220.74,200.0,165.01,339.5,152.6,111.5,41.1
2025-06-26,23,2025-06-26T20:00:00Z,2025-06-26T21:00:00Z,177.6,177.6,179.71,188.98,120.9,263.89,154.1,130.9,23.2
2025-06-26,24,2025-06-26T21:00:00Z,2025-06-26T22:00:00Z,134.15,134.15,137.37,161.92,102.6,180.0,158.8,125.8,33.0
2025-06-27,1,2025-06-26T22:00:00Z,2025-06-26T23:00:00Z,117.04,117.04,123.54,115.0,115.0,140.0,50.2,30.1,20.1
2025-06-27,2,2025-06-26T23:00:00Z,2025-06-27T00:00:00Z,116.69,116.69,118.02,135.78,109.68,135.78,82.9,62.6,20.3
2025-06-27,3,2025-06-27T00:00:00Z,2025-06-27T01:00:00Z,108.51,108.51,110.06,102.06,102.06,119.81,65.0,41.9,23.1
2025-06-27,4,2025-06-27T01:00:00Z,2025-06-27T02:00:00Z,119.88,119.88,119.99,116.94,114.54,141.68,150.8,80.1,70.7
2025-06-27,5,2025-06-27T02:00:00Z,2025-06-27T03:00:00Z,111.4,111.4,111.21,115.23,108.0,117.93,42.0,22.0,20.0
2025-06-27,6,2025-06-27T03:00:00Z,2025-06-27T04:00:00Z,98.73,98.73,102.11,94.8,83.4,115.0,108.6,66.1,42.5
2025-06-27,7,2025-06-27T04:00:00Z,2025-06-27T05:00:00Z,118.53,118.53,118.56,123.51,113.98,123.51,46.2,26.2,20.0
2025-06-27,8,2025-06-27T05:00:00Z,2025-06-27T06:00:00Z,115.51,115.51,117.68,126.96,108.0,126.96,47.6,23.5,24.1
2025-06-27,9,2025-06-27T06:00:00Z,2025-06-27T07:00:00Z,296.04,296.04,279.79,365.0,113.92,450.0,160.8,49.4,111.4
2025-06-27,10,2025-06-27T07:00:00Z,2025-06-27T08:00:00Z,298.21,298.21,265.29,236.54,91.02,379.9,120.7,46.5,74.2
2025-06-27,11,2025-06-27T08:00:00Z,2025-06-27T09:00:00Z,236.97,236.97,251.84,235.0,86.0,350.0,255.8,124.0,131.8
2025-06-27,12,2025-06-27T09:00:00Z,2025-06-27T10:00:00Z,134.9,134.9,115.32,78.46,67.93,239.0,436.4,262.9,173.5
2025-06-27,13,2025-06-27T10:00:00Z,2025-06-27T11:00:00Z,112.85,112.85,112.93,82.11,81.93,184.99,219.1,128.1,91.0
2025-06-27,14,2025-06-27T11:00:00Z,2025-06-27T12:00:00Z,118.25,118.25,110.2,169.97,65.0,175.0,449.0,249.4,199.6
2025-06-27,15,2025-06-27T12:00:00Z,2025-06-27T13:00:00Z,100.86,100.86,89.68,78.0,38.01,149.0,424.7,252.2,172.5
2025-06-27,16,2025-06-27T13:00:00Z,2025-06-27T14:00:00Z,112.12,112.12,103.58,98.0,70.21,159.0,471.4,314.0,157.4
2025-06-27,17,2025-06-27T14:00:00Z,2025-06-27T15:00:00Z,91.84,91.84,88.43,-9.99,-9.99,150.0,345.1,195.5,149.6
2025-06-27,18,2025-06-27T15:00:00Z,2025-06-27T16:00:00Z,82.84,82.84,97.99,79.98,1.0,173.29,154.0,92.0,62.0
2025-06-27,19,2025-06-27T16:00:00Z,2025-06-27T17:00:00Z,98.77,98.77,141.19,20.0,1.0,244.5,111.8,74.4,37.4
2025-06-27,20,2025-06-27T17:00:00Z,2025-06-27T18:00:00Z,151.15,151.15,153.43,129.01,99.72,187.99,247.3,53.5,193.8
2025-06-27,21,2025-06-27T18:00:00Z,2025-06-27T19:00:00Z,158.23,158.23,155.51,146.67,132.36,179.98,385.3,93.5,291.8
2025-06-27,22,2025-06-27T19:00:00Z,2025-06-27T20:00:00Z,148.18,148.18,148.82,111.0,107.22,167.9,444.8,122.2,322.6
2025-06-27,23,2025-06-27T20:00:00Z,2025-06-27T21:00:00Z,121.13,121.13,117.73,98.43,92.04,157.85,393.1,43.7,349.4
2025-06-27,24,2025-06-27T21:00:00Z,2025-06-27T22:00:00Z,109.49,109.49,106.65,96.48,77.02,159.0,382.9,47.4,335.5
2025-06-28,1,2025-06-27T22:00:00Z,2025-06-27T23:00:00Z,65.25,65.25,68.23,45.1,45.1,79.0,35.8,0.8,35.0
2025-06-28,2,2025-06-27T23:00:00Z,2025-06-28T00:00:00Z,85.21,85.21,83.72,74.02,74.02,89.0,83.2,15.0,68.2
2025-06-28,3,2025-06-28T00:00:00Z,2025-06-28T01:00:00Z,76.1,76.1,76.63,66.8,66.8,82.5,55.2,0.6,54.6
2025-06-28,4,2025-06-28T01:00:00Z,2025-06-28T02:00:00Z,67.31,67.31,67.66,65.0,63.88,72.8,39.4,5.1,34.3
2025-06-28,5,2025-06-28T02:00:00Z,2025-06-28T03:00:00Z,68.33,68.33,68.13,66.19,64.2,70.7,22.0,7.0,15.0
2025-06-28,6,2025-06-28T03:00:00Z,2025-06-28T04:00:00Z,79.0,79.0,79.0,79.0,79.0,79.0,10.0,0.0,10.0
2025-06-28,7,2025-06-28T04:00:00Z,2025-06-28T05:00:00Z,82.14,82.14,81.76,82.0,79.84,84.9,55.5,0.0,55.5
2025-06-28,8,2025-06-28T05:00:00Z,2025-06-28T06:00:00Z,78.57,78.57,78.52,80.0,76.31,80.23,66.5,0.0,66.5
2025-06-28,9,2025-06-28T06:00:00Z,2025-06-28T07:00:00Z,47.48,47.48,48.34,36.81,35.0,54.84,87.6,27.0,60.6
2025-06-28,10,2025-06-28T07:00:00Z,2025-06-28T08:00:00Z,37.51,37.51,32.48,3.0,3.0,83.29,177.5,127.1,50.4
2025-06-28,11,2025-06-28T08:00:00Z,2025-06-28T09:00:00Z,4.8,4.8,4.15,14.99,-2.09,27.91,88.5,31.2,57.3
2025-06-28,12,2025-06-28T09:00:00Z,2025-06-28T10:00:00Z,2.81,2.81,2.46,1.0,-9.89,21.71,115.9,43.6,72.3
2025-06-28,13,2025-06-28T10:00:00Z,2025-06-28T11:00:00Z,9.1,9.1,8.36,-10.2,-10.2,20.95,111.3,50.3,61.0
2025-06-28,14,2025-06-28T11:00:00Z,2025-06-28T12:00:00Z,0.66,0.66,-0.36,-49.98,-49.98,23.34,88.8,41.3,47.5
2025-06-28,15,2025-06-28T12:00:00Z,2025-06-28T13:00:00Z,-26.27,-26.27,-24.37,1.0,-110.0,12.47,194.9,66.5,128.4
2025-06-28,16,2025-06-28T13:00:00Z,2025-06-28T14:00:00Z,-56.73,-56.73,-41.12,-299.0,-299.0,7.97,214.5,98.5,116.0
2025-06-28,17,2025-06-28T14:00:00Z,2025-06-28T15:00:00Z,8.5,8.5,-4.75,-20.02,-30.01,33.08,227.8,176.3,51.5
2025-06-28,18,2025-06-28T15:00:00Z,2025-06-28T16:00:00Z,22.61,22.61,33.93,-25.0,-25.0,81.51,90.1,40.5,49.6
2025-06-28,19,2025-06-28T16:00:00Z,2025-06-28T17:00:00Z,76.76,76.76,72.94,50.0,46.8,151.3,188.5,63.1,125.4
2025-06-28,20,2025-06-28T17:00:00Z,2025-06-28T18:00:00Z,91.56,91.56,91.38,91.2,86.2,113.0,128.7,15.7,113.0
2025-06-28,21,2025-06-28T18:00:00Z,2025-06-28T19:00:00Z,107.91,107.91,108.86,119.0,102.0,123.67,220.2,52.7,167.5
2025-06-28,22,2025-06-28T19:00:00Z,2025-06-28T20:00:00Z,111.92,111.92,113.8,116.6,108.0,133.47,166.8,19.1,147.7
2025-06-28,23,2025-06-28T20:00:00Z,2025-06-28T21:00:00Z,109.19,109.19,110.64,121.7,108.0,125.22,187.6,6.0,181.6
2025-06-28,24,2025-06-28T21:00:00Z,2025-06-28T22:00:00Z,95.09,95.09,96.26,88.17,87.0,102.21,222.8,14.7,208.1
2025-06-29,1,2025-06-28T22:00:00Z,2025-06-28T23:00:00Z,92.85,92.85,92.43,10.0,10.0,107.1,365.8,20.1,345.7
2025-06-29,2,2025-06-28T23:00:00Z,2025-06-29T00:00:00Z,82.58,82.58,81.21,80.24,77.07,110.0,176.3,25.6,150.7
2025-06-29,3,2025-06-29T00:00:00Z,2025-06-29T01:00:00Z,85.1,85.1,84.98,84.37,83.0,92.0,152.1,0.6,151.5
2025-06-29,4,2025-06-29T01:00:00Z,2025-06-29T02:00:00Z,82.68,82.68,82.54,78.48,78.48,86.81,129.7,0.6,129.1
2025-06-29,5,2025-06-29T02:00:00Z,2025-06-29T03:00:00Z,80.84,80.84,81.07,79.41,79.41,82.21,7.0,0.0,7.0
2025-06-29,6,2025-06-29T03:00:00Z,2025-06-29T04:00:00Z,81.5,81.5,81.43,81.0,80.0,82.27,40.1,0.0,40.1
2025-06-29,7,2025-06-29T04:00:00Z,2025-06-29T05:00:00Z,74.36,74.36,63.69,-99.0,-99.0,81.07,37.0,0.5,36.5
2025-06-29,8,2025-06-29T05:00:00Z,2025-06-29T06:00:00Z,59.34,59.34,58.46,56.5,50.0,68.97,29.0,5.0,24.0
2025-06-29,9,2025-06-29T06:00:00Z,2025-06-29T07:00:00Z,22.21,22.21,23.56,20.0,12.44,38.39,93.5,50.3,43.2
2025-06-29,10,2025-06-29T07:00:00Z,2025-06-29T08:00:00Z,-4.74,-4.74,-4.56,-40.0,-40.0,28.52,501.7,469.2,32.5
2025-06-29,11,2025-06-29T08:00:00Z,2025-06-29T09:00:00Z,-35.53,-35.53,-41.18,-15.0,-65.97,0.01,205.6,157.5,48.1
2025-06-29,12,2025-06-29T09:00:00Z,2025-06-29T10:00:00Z,-28.83,-28.83,-25.8,-7.99,-58.77,0.0,195.7,103.1,92.6
2025-06-29,13,2025-06-29T10:00:00Z,2025-06-29T11:00:00Z,-2.99,-2.99,-7.78,29.85,-45.58,29.89,153.7,122.1,31.6
2025-06-29,14,2025-06-29T11:00:00Z,2025-06-29T12:00:00Z,-14.84,-14.84,-9.59,2.01,-35.0,29.78,322.6,126.8,195.8
2025-06-29,15,2025-06-29T12:00:00Z,2025-06-29T13:00:00Z,-4.2,-4.2,-8.92,29.0,-49.89,29.0,236.1,139.9,96.2
2025-06-29,16,2025-06-29T13:00:00Z,2025-06-29T14:00:00Z,-4.39,-4.39,-9.57,12.01,-29.99,13.24,174.9,148.9,26.0
2025-06-29,17,2025-06-29T14:00:00Z,2025-06-29T15:00:00Z,5.15,5.15,3.7,19.0,-24.24,46.54,206.5,184.2,22.3
2025-06-29,18,2025-06-29T15:00:00Z,2025-06-29T16:00:00Z,47.49,47.49,44.04,29.49,27.49,64.95,80.9,54.1,26.8
2025-06-29,19,2025-06-29T16:00:00Z,2025-06-29T17:00:00Z,91.56,91.56,91.07,70.0,70.0,100.0,116.4,53.3,63.1
2025-06-29,20,2025-06-29T17:00:00Z,2025-06-29T18:00:00Z,100.88,100.88,98.83,90.0,90.0,117.81,100.9,51.9,49.0
2025-06-29,21,2025-06-29T18:00:00Z,2025-06-29T19:00:00Z,117.41,117.41,117.11,112.0,109.03,128.92,166.6,31.5,135.1
2025-06-29,22,2025-06-29T19:00:00Z,2025-06-29T20:00:00Z,123.5,123.5,119.89,100.0,100.0,143.07,207.2,56.5,150.7
2025-06-29,23,2025-06-29T20:00:00Z,2025-06-29T21:00:00Z,119.87,119.87,120.85,117.08,113.5,127.79,186.9,36.3,150.6
2025-06-29,24,2025-06-29T21:00:00Z,2025-06-29T22:00:00Z,107.78,107.78,108.04,126.0,103.52,126.0,213.8,50.6,163.2
2025-06-30,1,2025-06-29T22:00:00Z,2025-06-29T23:00:00Z,98.12,98.12,97.44,98.51,96.01,99.9,35.2,29.2,6.0
2025-06-30,2,2025-06-29T23:00:00Z,2025-06-30T00:00:00Z,92.52,92.52,92.27,93.64,87.0,95.27,45.9,35.9,10.0
2025-06-30,3,2025-06-30T00:00:00Z,2025-06-30T01:00:00Z,84.59,84.59,84.68,83.06,83.06,85.99,38.6,28.0,10.6
2025-06-30,4,2025-06-30T01:00:00Z,2025-06-30T02:00:00Z,80.87,80.87,80.44,78.22,78.22,84.0,32.6,22.0,10.6
2025-06-30,5,2025-06-30T02:00:00Z,2025-06-30T03:00:00Z,87.88,87.88,87.53,87.0,87.0,88.05,12.0,2.0,10.0
2025-06-30,6,2025-06-30T03:00:00Z,2025-06-30T04:00:00Z,100.33,100.33,100.27,100.4,100.12,100.4,19.6,19.6,0.0
2025-06-30,7,2025-06-30T04:00:00Z,2025-06-30T05:00:00Z,119.37,119.37,119.39,118.99,118.24,120.01,30.0,9.0,21.0
2025-06-30,8,2025-06-30T05:00:00Z,2025-06-30T06:00:00Z,116.17,116.17,115.89,109.79,109.79,119.11,43.4,3.7,39.7
2025-06-30,9,2025-06-30T06:00:00Z,2025-06-30T07:00:00Z,98.4,98.4,97.8,95.88,85.0,108.0,35.2,7.6,27.6
2025-06-30,10,2025-06-30T07:00:00Z,2025-06-30T08:00:00Z,50.67,50.67,49.72,60.0,20.0,119.99,125.2,71.4,53.8
2025-06-30,11,2025-06-30T08:00:00Z,2025-06-30T09:00:00Z,52.98,52.98,41.09,25.01,24.99,100.0,270.1,180.7,89.4
2025-06-30,12,2025-06-30T09:00:00Z,2025-06-30T10:00:00Z,38.79,38.79,31.57,9.0,9.0,75.0,299.9,216.5,83.4
2025-06-30,13,2025-06-30T10:00:00Z,2025-06-30T11:00:00Z,20.49,20.49,11.71,-5.43,-24.88,68.0,372.6,212.9,159.7
2025-06-30,14,2025-06-30T11:00:00Z,2025-06-30T12:00:00Z,17.95,17.95,7.77,-14.93,-19.95,63.0,365.0,193.5,171.5
2025-06-30,15,2025-06-30T12:00:00Z,2025-06-30T13:00:00Z,33.21,33.21,20.06,0.46,-29.0,74.0,259.3,122.6,136.7
2025-06-30,16,2025-06-30T13:00:00Z,2025-06-30T14:00:00Z,59.99,59.99,56.48,79.11,24.07,89.8,142.2,52.2,90.0
2025-06-30,17,2025-06-30T14:00:00Z,2025-06-30T15:00:00Z,65.9,65.9,75.55,40.0,27.69,95.22,120.4,27.1,93.3
2025-06-30,18,2025-06-30T15:00:00Z,2025-06-30T16:00:00Z,121.68,121.68,117.22,27.01,27.01,134.58,48.2,8.8,39.4
2025-06-30,19,2025-06-30T16:00:00Z,2025-06-30T17:00:00Z,147.78,147.78,145.93,157.86,101.01,179.84,182.7,37.0,145.7
2025-06-30,20,2025-06-30T17:00:00Z,2025-06-30T18:00:00Z,330.79,330.79,350.91,298.0,200.0,480.99,303.2,74.4,228.8
2025-06-30,21,2025-06-30T18:00:00Z,2025-06-30T19:00:00Z,415.14,415.14,408.74,365.01,335.01,535.0,602.4,236.7,365.7
2025-06-30,22,2025-06-30T19:00:00Z,2025-06-30T20:00:00Z,355.27,355.27,350.25,510.0,238.1,850.01,634.6,236.0,398.6
2025-06-30,23,2025-06-30T20:00:00Z,2025-06-30T21:00:00Z,267.17,267.17,274.27,286.36,159.4,430.0,705.3,269.8,435.5
2025-06-30,24,2025-06-30T21:00:00Z,2025-06-30T22:00:00Z,141.31,141.31,141.74,131.64,121.8,174.47,126.1,41.0,85.1
2025-07-01,1,2025-06-30T22:00:00Z,2025-06-30T23:00:00Z,119.24,119.24,118.78,120.0,105.65,122.45,67.0,36.4,30.6
2025-07-01,2,2025-06-30T23:00:00Z,2025-07-01T00:00:00Z,108.36,108.36,111.27,105.0,99.21,124.24,36.5,35.4,1.1
2025-07-01,3,2025-07-01T00:00:00Z,2025-07-01T01:00:00Z,98.69,98.69,98.13,98.8,90.02,114.29,18.1,0.8,17.3
2025-07-01,4,2025-07-01T01:00:00Z,2025-07-01T02:00:00Z,95.94,95.94,96.22,98.35,89.63,113.44,24.0,0.4,23.6
2025-07-01,5,2025-07-01T02:00:00Z,2025-07-01T03:00:00Z,94.5,94.5,99.2,88.9,88.9,169.49,30.9,0.2,30.7
2025-07-01,6,2025-07-01T03:00:00Z,2025-07-01T04:00:00Z,100.31,100.31,100.98,91.81,91.81,105.89,18.7,2.2,16.5
2025-07-01,7,2025-07-01T04:00:00Z,2025-07-01T05:00:00Z,115.3,115.3,115.13,112.01,110.22,132.99,74.7,0.2,74.5
2025-07-01,8,2025-07-01T05:00:00Z,2025-07-01T06:00:00Z,117.29,117.29,118.17,117.11,114.43,178.99,194.2,0.2,194.0
2025-07-01,9,2025-07-01T06:00:00Z,2025-07-01T07:00:00Z,104.23,104.23,108.2,99.0,75.52,130.77,101.4,32.8,68.6
2025-07-01,10,2025-07-01T07:00:00Z,2025-07-01T08:00:00Z,79.82,79.82,78.24,81.0,52.0,85.48,109.0,36.1,72.9
2025-07-01,11,2025-07-01T08:00:00Z,2025-07-01T09:00:00Z,60.42,60.42,60.49,32.0,30.1,79.92,125.9,52.6,73.3
2025-07-01,12,2025-07-01T09:00:00Z,2025-07-01T10:00:00Z,47.71,47.71,47.27,15.0,15.0,64.4,110.0,46.2,63.8
2025-07-01,13,2025-07-01T10:00:00Z,2025-07-01T11:00:00Z,35.5,35.5,34.04,0.01,0.01,45.02,102.6,41.5,61.1
2025-07-01,14,2025-07-01T11:00:00Z,2025-07-01T12:00:00Z,38.83,38.83,35.72,25.05,25.05,45.01,178.0,33.8,144.2
2025-07-01,15,2025-07-01T12:00:00Z,2025-07-01T13:00:00Z,43.72,43.72,42.86,48.08,19.41,60.0,203.6,49.7,153.9
2025-07-01,16,2025-07-01T13:00:00Z,2025-07-01T14:00:00Z,67.86,67.86,66.12,60.01,58.23,75.0,130.6,49.0,81.6
2025-07-01,17,2025-07-01T14:00:00Z,2025-07-01T15:00:00Z,96.45,96.45,94.24,91.0,65.89,100.0,291.8,253.9,37.9
2025-07-01,18,2025-07-01T15:00:00Z,2025-07-01T16:00:00Z,108.5,108.5,108.51,71.01,71.01,121.5,156.1,84.7,71.4
2025-07-01,19,2025-07-01T16:00:00Z,2025-07-01T17:00:00Z,171.17,171.17,165.45,154.37,140.5,212.6,252.7,60.1,192.6
2025-07-01,20,2025-07-01T17:00:00Z,2025-07-01T18:00:00Z,428.68,428.68,429.74,445.0,275.0,588.31,863.2,363.1,500.1
2025-07-01,21,2025-07-01T18:00:00Z,2025-07-01T19:00:00Z,571.67,571.67,565.85,605.5,480.0,726.42,1143.4,475.5,667.9
2025-07-01,22,2025-07-01T19:00:00Z,2025-07-01T20:00:00Z,408.51,408.51,423.76,381.98,331.8,520.0,495.6,175.3,320.3
2025-07-01,23,2025-07-01T20:00:00Z,2025-07-01T21:00:00Z,226.18,226.18,232.43,299.14,190.92,310.0,405.2,97.2,308.0
2025-07-01,24,2025-07-01T21:00:00Z,2025-07-01T22:00:00Z,133.29,133.29,133.97,124.05,115.6,156.29,232.6,38.0,194.6
2025-07-02,1,2025-07-01T22:00:00Z,2025-07-01T23:00:00Z,130.58,130.58,130.96,125.5,125.5,145.12,259.9,7.4,252.5
2025-07-02,2,2025-07-01T23:00:00Z,2025-07-02T00:00:00Z,114.72,114.72,116.48,120.26,108.33,120.26,56.1,0.5,55.6
2025-07-02,3,2025-07-02T00:00:00Z,2025-07-02T01:00:00Z,117.25,117.25,116.09,120.0,109.04,121.55,48.1,0.0,48.1
2025-07-02,4,2025-07-02T01:00:00Z,2025-07-02T02:00:00Z,114.33,114.33,113.5,115.55,93.01,120.08,47.2,0.0,47.2
2025-07-02,5,2025-07-02T02:00:00Z,2025-07-02T03:00:00Z,112.87,112.87,111.74,107.79,107.65,115.23,56.5,4.0,52.5
2025-07-02,6,2025-07-02T03:00:00Z,2025-07-02T04:00:00Z,114.92,114.92,114.05,113.71,111.88,117.99,43.1,0.0,43.1
2025-07-02,7,2025-07-02T04:00:00Z,2025-07-02T05:00:00Z,118.06,118.06,118.57,121.0,116.15,121.0,52.1,2.3,49.8
2025-07-02,8,2025-07-02T05:00:00Z,2025-07-02T06:00:00Z,101.85,101.85,98.98,111.0,94.9,120.17,57.2,0.0,57.2
2025-07-02,9,2025-07-02T06:00:00Z,2025-07-02T07:00:00Z,77.36,77.36,81.81,80.0,70.18,94.53,61.0,3.5,57.5
2025-07-02,10,2025-07-02T07:00:00Z,2025-07-02T08:00:00Z,72.93,72.93,75.34,58.0,49.3,85.0,188.5,69.9,118.6
2025-07-02,11,2025-07-02T08:00:00Z,2025-07-02T09:00:00Z,38.76,38.76,38.4,17.69,17.69,69.17,165.4,68.1,97.3
2025-07-02,12,2025-07-02T09:00:00Z,2025-07-02T10:00:00Z,15.45,15.45,15.56,27.99,-7.95,57.16,205.3,84.6,120.7
2025-07-02,13,2025-07-02T10:00:00Z,2025-07-02T11:00:00Z,-9.76,-9.76,-10.67,19.0,-33.87,31.49,268.3,127.5,140.8
2025-07-02,14,2025-07-02T11:00:00Z,2025-07-02T12:00:00Z,5.09,5.09,12.61,25.0,-15.76,49.98,234.7,105.4,129.3
2025-07-02,15,2025-07-02T12:00:00Z,2025-07-02T13:00:00Z,34.27,34.27,37.99,89.0,15.01,89.0,69.7,17.5,52.2
2025-07-02,16,2025-07-02T13:00:00Z,2025-07-02T14:00:00Z,74.86,74.86,74.98,80.0,66.13,84.71,165.8,45.6,120.2
2025-07-02,17,2025-07-02T14:00:00Z,2025-07-02T15:00:00Z,88.6,88.6,88.25,98.58,80.87,98.58,247.7,77.3,170.4
2025-07-02,18,2025-07-02T15:00:00Z,2025-07-02T16:00:00Z,111.39,111.39,109.71,114.99,88.01,125.68,184.5,60.4,124.1
2025-07-02,19,2025-07-02T16:00:00Z,2025-07-02T17:00:00Z,160.94,160.94,160.43,143.79,131.19,182.15,265.7,39.7,226.0
2025-07-02,20,2025-07-02T17:00:00Z,2025-07-02T18:00:00Z,308.65,308.65,304.62,282.62,231.01,345.0,264.9,77.9,187.0
2025-07-02,21,2025-07-02T18:00:00Z,2025-07-02T19:00:00Z,265.8,265.8,262.43,199.98,137.31,356.42,473.0,133.5,339.5
2025-07-02,22,2025-07-02T19:00:00Z,2025-07-02T20:00:00Z,167.9,167.9,161.13,104.25,99.87,210.0,284.9,78.8,206.1
2025-07-02,23,2025-07-02T20:00:00Z,2025-07-02T21:00:00Z,117.17,117.17,118.3,103.54,103.54,137.99,257.8,50.0,207.8
2025-07-02,24,2025-07-02T21:00:00Z,2025-07-02T22:00:00Z,94.61,94.61,94.66,85.5,85.5,100.0,112.5,61.5,51.0
2025-07-03,1,2025-07-02T22:00:00Z,2025-07-02T23:00:00Z,101.17,101.17,104.38,124.18,98.41,124.18,27.9,0.0,27.9
2025-07-03,2,2025-07-02T23:00:00Z,2025-07-03T00:00:00Z,89.97,89.97,91.24,99.99,85.29,105.86,35.3,6.3,29.0
2025-07-03,3,2025-07-03T00:00:00Z,2025-07-03T01:00:00Z,84.15,84.15,89.9,99.42,35.65,100.0,177.9,123.0,54.9
2025-07-03,4,2025-07-03T01:00:00Z,2025-07-03T02:00:00Z,72.0,72.0,82.3,94.86,38.2,94.86,75.9,23.9,52.0
2025-07-03,5,2025-07-03T02:00:00Z,2025-07-03T03:00:00Z,84.51,84.51,86.84,112.88,81.2,112.88,30.9,4.9,26.0
2025-07-03,6,2025-07-03T03:00:00Z,2025-07-03T04:00:00Z,78.91,78.91,88.27,92.88,41.89,99.49,78.5,26.0,52.5
2025-07-03,7,2025-07-03T04:00:00Z,2025-07-03T05:00:00Z,117.24,117.24,122.21,130.37,104.0,130.37,44.0,17.0,27.0
2025-07-03,8,2025-07-03T05:00:00Z,2025-07-03T06:00:00Z,118.95,118.95,120.35,134.81,106.11,134.82,93.8,17.0,76.8
2025-07-03,9,2025-07-03T06:00:00Z,2025-07-03T07:00:00Z,113.88,113.88,110.24,124.9,95.67,124.9,61.6,19.0,42.6
2025-07-03,10,2025-07-03T07:00:00Z,2025-07-03T08:00:00Z,66.45,66.45,68.97,82.0,54.79,83.45,159.5,112.8,46.7
2025-07-03,11,2025-07-03T08:00:00Z,2025-07-03T09:00:00Z,57.87,57.87,55.43,63.19,34.0,84.99,223.8,160.4,63.4
2025-07-03,12,2025-07-03T09:00:00Z,2025-07-03T10:00:00Z,60.75,60.75,60.23,49.0,40.0,75.96,276.3,148.7,127.6
2025-07-03,13,2025-07-03T10:00:00Z,2025-07-03T11:00:00Z,70.95,70.95,69.84,119.99,34.76,119.99,244.8,122.9,121.9
2025-07-03,14,2025-07-03T11:00:00Z,2025-07-03T12:00:00Z,74.2,74.2,74.76,86.96,38.0,99.6,160.0,87.5,72.5
2025-07-03,15,2025-07-03T12:00:00Z,2025-07-03T13:00:00Z,88.54,88.54,88.13,107.88,51.9,110.77,150.3,85.9,64.4
2025-07-03,16,2025-07-03T13:00:00Z,2025-07-03T14:00:00Z,68.68,68.68,68.74,54.0,48.01,90.05,178.4,104.9,73.5
2025-07-03,17,2025-07-03T14:00:00Z,2025-07-03T15:00:00Z,89.21,89.21,88.97,87.0,80.25,97.04,259.7,119.8,139.9
2025-07-03,18,2025-07-03T15:00:00Z,2025-07-03T16:00:00Z,97.11,97.11,95.71,72.0,68.22,118.78,186.2,101.8,84.4
2025-07-03,19,2025-07-03T16:00:00Z,2025-07-03T17:00:00Z,111.34,111.34,113.79,70.01,70.01,139.99,93.6,42.5,51.1
2025-07-03,20,2025-07-03T17:00:00Z,2025-07-03T18:00:00Z,173.36,173.36,159.14,128.04,117.0,200.0,121.3,61.0,60.3
2025-07-03,21,2025-07-03T18:00:00Z,2025-07-03T19:00:00Z,164.96,164.96,162.63,127.0,125.5,219.0,200.1,53.0,147.1
2025-07-03,22,2025-07-03T19:00:00Z,2025-07-03T20:00:00Z,170.17,170.17,167.9,153.21,131.02,205.0,230.2,70.1,160.1
2025-07-03,23,2025-07-03T20:00:00Z,2025-07-03T21:00:00Z,137.48,137.48,136.65,122.0,121.49,144.99,212.6,32.0,180.6
2025-07-03,24,2025-07-03T21:00:00Z,2025-07-03T22:00:00Z,119.8,119.8,120.36,119.99,116.11,125.49,105.2,24.7,80.5
2025-07-04,1,2025-07-03T22:00:00Z,2025-07-03T23:00:00Z,108.51,108.51,108.32,102.56,102.56,113.51,26.9,10.1,16.8
2025-07-04,2,2025-07-03T23:00:00Z,2025-07-04T00:00:00Z,100.26,100.26,100.12,93.71,93.71,105.18,26.6,11.1,15.5
2025-07-04,3,2025-07-04T00:00:00Z,2025-07-04T01:00:00Z,100.73,100.73,100.29,95.1,95.1,105.59,20.3,4.8,15.5
2025-07-04,4,2025-07-04T01:00:00Z,2025-07-04T02:00:00Z,97.4,97.4,97.86,95.89,94.99,103.07,26.5,10.1,16.4
2025-07-04,5,2025-07-04T02:00:00Z,2025-07-04T03:00:00Z,99.09,99.09,99.19,95.59,95.18,104.2,23.7,10.2,13.5
2025-07-04,6,2025-07-04T03:00:00Z,2025-07-04T04:00:00Z,102.74,102.74,101.74,103.0,101.0,105.6,15.6,0.1,15.5
2025-07-04,7,2025-07-04T04:00:00Z,2025-07-04T05:00:00Z,120.12,120.12,120.91,124.94,111.1,124.94,34.3,20.8,13.5
2025-07-04,8,2025-07-04T05:00:00Z,2025-07-04T06:00:00Z,118.77,118.77,117.17,124.98,110.0,125.81,34.4,19.9,14.5
2025-07-04,9,2025-07-04T06:00:00Z,2025-07-04T07:00:00Z,108.95,108.95,109.04,110.0,96.0,110.6,42.8,29.8,13.0
2025-07-04,10,2025-07-04T07:00:00Z,2025-07-04T08:00:00Z,93.63,93.63,89.75,124.89,80.0,124.89,81.2,63.3,17.9
2025-07-04,11,2025-07-04T08:00:00Z,2025-07-04T09:00:00Z,91.97,91.97,80.67,115.01,50.68,149.99,222.3,175.0,47.3
2025-07-04,12,2025-07-04T09:00:00Z,2025-07-04T10:00:00Z,75.67,75.67,71.73,71.67,36.99,97.97,207.1,161.6,45.5
2025-07-04,13,2025-07-04T10:00:00Z,2025-07-04T11:00:00Z,75.07,75.07,74.53,90.0,21.49,114.17,261.3,187.7,73.6
2025-07-04,14,2025-07-04T11:00:00Z,2025-07-04T12:00:00Z,85.64,85.64,79.5,199.91,20.9,199.91,335.0,212.9,122.1
2025-07-04,15,2025-07-04T12:00:00Z,2025-07-04T13:00:00Z,88.67,88.67,91.02,94.98,26.24,132.99,228.4,159.8,68.6
2025-07-04,16,2025-07-04T13:00:00Z,2025-07-04T14:00:00Z,85.32,85.32,82.99,81.13,31.75,100.21,142.8,85.7,57.1
2025-07-04,17,2025-07-04T14:00:00Z,2025-07-04T15:00:00Z,97.65,97.65,95.12,94.25,38.01,111.98,114.5,60.7,53.8
2025-07-04,18,2025-07-04T15:00:00Z,2025-07-04T16:00:00Z,79.43,79.43,85.83,90.0,57.4,114.99,47.0,25.5,21.5
2025-07-04,19,2025-07-04T16:00:00Z,2025-07-04T17:00:00Z,96.17,96.17,97.36,91.0,86.25,110.0,304.1,56.2,247.9
2025-07-04,20,2025-07-04T17:00:00Z,2025-07-04T18:00:00Z,128.63,128.63,124.05,100.38,88.79,169.67,224.7,28.4,196.3
2025-07-04,21,2025-07-04T18:00:00Z,2025-07-04T19:00:00Z,172.43,172.43,171.72,166.98,160.01,208.9,273.8,50.5,223.3
2025-07-04,22,2025-07-04T19:00:00Z,2025-07-04T20:00:00Z,151.17,151.17,152.05,148.0,140.0,176.61,223.3,33.0,190.3
2025-07-04,23,2025-07-04T20:00:00Z,2025-07-04T21:00:00Z,126.54,126.54,126.4,123.28,121.43,137.98,240.4,24.7,215.7
2025-07-04,24,2025-07-04T21:00:00Z,2025-07-04T22:00:00Z,106.97,106.97,107.44,108.0,104.51,114.0,272.8,14.0,258.8
2025-07-05,1,2025-07-04T22:00:00Z,2025-07-04T23:00:00Z,95.75,95.75,96.68,92.71,92.71,115.0,36.1,35.1,1.0
2025-07-05,2,2025-07-04T23:00:00Z,2025-07-05T00:00:00Z,94.05,94.05,94.42,93.0,91.71,101.92,36.3,20.5,15.8
2025-07-05,3,2025-07-05T00:00:00Z,2025-07-05T01:00:00Z,100.27,100.27,99.87,104.0,90.49,105.0,43.0,18.0,25.0
2025-07-05,4,2025-07-05T01:00:00Z,2025-07-05T02:00:00Z,105.05,105.05,106.17,115.73,95.0,119.42,45.2,11.3,33.9
2025-07-05,5,2025-07-05T02:00:00Z,2025-07-05T03:00:00Z,99.93,99.93,101.39,106.27,90.66,113.68,74.6,36.1,38.5
2025-07-05,6,2025-07-05T03:00:00Z,2025-07-05T04:00:00Z,88.17,88.17,86.49,91.54,76.37,91.54,41.9,16.7,25.2
2025-07-05,7,2025-07-05T04:00:00Z,2025-07-05T05:00:00Z,83.48,83.48,81.89,78.07,77.76,87.37,38.9,13.7,25.2
2025-07-05,8,2025-07-05T05:00:00Z,2025-07-05T06:00:00Z,39.56,39.56,40.14,36.0,36.0,54.01,55.5,9.0,46.5
2025-07-05,9,2025-07-05T06:00:00Z,2025-07-05T07:00:00Z,11.88,11.88,12.26,12.0,7.01,18.7,324.8,255.8,69.0
2025-07-05,10,2025-07-05T07:00:00Z,2025-07-05T08:00:00Z,-7.75,-7.75,-5.16,-19.93,-19.93,6.64,89.4,44.5,44.9
2025-07-05,11,2025-07-05T08:00:00Z,2025-07-05T09:00:00Z,-18.68,-18.68,-18.78,-23.97,-28.43,-0.1,192.8,97.3,95.5
2025-07-05,12,2025-07-05T09:00:00Z,2025-07-05T10:00:00Z,-20.49,-20.49,-14.73,-45.0,-45.0,3.0,343.3,134.9,208.4
2025-07-05,13,2025-07-05T10:00:00Z,2025-07-05T11:00:00Z,-7.64,-7.64,-7.51,-11.54,-19.99,2.98,262.2,125.9,136.3
2025-07-05,14,2025-07-05T11:00:00Z,2025-07-05T12:00:00Z,-14.85,-14.85,-14.69,-7.4,-47.29,0.89,219.9,97.0,122.9
2025-07-05,15,2025-07-05T12:00:00Z,2025-07-05T13:00:00Z,-14.25,-14.25,-11.11,-39.97,-39.97,9.93,142.4,49.8,92.6
2025-07-05,16,2025-07-05T13:00:00Z,2025-07-05T14:00:00Z,-20.9,-20.9,-20.28,-25.0,-49.18,5.0,99.8,32.3,67.5
2025-07-05,17,2025-07-05T14:00:00Z,2025-07-05T15:00:00Z,41.61,41.61,40.33,44.02,12.81,68.25,140.9,34.2,106.7
2025-07-05,18,2025-07-05T15:00:00Z,2025-07-05T16:00:00Z,76.96,76.96,75.77,70.0,55.56,106.27,127.7,46.9,80.8
2025-07-05,19,2025-07-05T16:00:00Z,2025-07-05T17:00:00Z,104.97,104.97,107.21,112.0,65.01,123.51,168.6,30.0,138.6
2025-07-05,20,2025-07-05T17:00:00Z,2025-07-05T18:00:00Z,148.08,148.08,151.94,191.69,130.0,225.0,243.6,32.9,210.7
2025-07-05,21,2025-07-05T18:00:00Z,2025-07-05T19:00:00Z,186.82,186.82,196.32,201.09,165.02,248.49,253.2,29.9,223.3
2025-07-05,22,2025-07-05T19:00:00Z,2025-07-05T20:00:00Z,141.71,141.71,144.75,155.0,125.0,171.0,233.0,20.0,213.0
2025-07-05,23,2025-07-05T20:00:00Z,2025-07-05T21:00:00Z,111.18,111.18,108.29,125.0,98.0,140.0,300.7,43.0,257.7
2025-07-05,24,2025-07-05T21:00:00Z,2025-07-05T22:00:00Z,98.61,98.61,98.85,109.8,92.67,115.2,179.7,31.9,147.8
2025-07-06,1,2025-07-05T22:00:00Z,2025-07-05T23:00:00Z,83.02,83.02,80.7,71.39,71.39,90.0,1.6,1.6,0.0
2025-07-06,2,2025-07-05T23:00:00Z,2025-07-06T00:00:00Z,97.47,97.47,94.66,83.0,80.0,100.8,73.8,3.8,70.0
2025-07-06,3,2025-07-06T00:00:00Z,2025-07-06T01:00:00Z,96.25,96.25,96.13,92.0,82.0,101.65,284.2,102.9,181.3
2025-07-06,4,2025-07-06T01:00:00Z,2025-07-06T02:00:00Z,96.27,96.27,96.83,100.46,94.43,104.71,66.2,2.7,63.5
2025-07-06,5,2025-07-06T02:00:00Z,2025-07-06T03:00:00Z,104.72,104.72,99.22,116.86,92.78,121.69,48.7,20.0,28.7
2025-07-06,6,2025-07-06T03:00:00Z,2025-07-06T04:00:00Z,244.4,244.4,147.3,299.0,90.67,299.0,27.3,10.8,16.5
2025-07-06,7,2025-07-06T04:00:00Z,2025-07-06T05:00:00Z,119.09,119.09,119.49,121.9,112.35,122.5,33.0,13.0,20.0
2025-07-06,8,2025-07-06T05:00:00Z,2025-07-06T06:00:00Z,,,,,,,0.0,0.0,0.0
2025-07-06,9,2025-07-06T06:00:00Z,2025-07-06T07:00:00Z,80.53,80.53,79.99,72.0,61.73,101.38,82.4,60.9,21.5
2025-07-06,10,2025-07-06T07:00:00Z,2025-07-06T08:00:00Z,54.34,54.34,61.22,30.0,25.0,75.91,235.9,174.9,61.0
2025-07-06,11,2025-07-06T08:00:00Z,2025-07-06T09:00:00Z,17.37,17.37,19.85,-9.99,-9.99,44.99,225.0,140.5,84.5
2025-07-06,12,2025-07-06T09:00:00Z,2025-07-06T10:00:00Z,9.44,9.44,9.86,-23.42,-24.71,25.0,170.5,108.0,62.5
2025-07-06,13,2025-07-06T10:00:00Z,2025-07-06T11:00:00Z,9.14,9.14,9.06,13.7,-35.0,23.82,246.0,136.6,109.4
2025-07-06,14,2025-07-06T11:00:00Z,2025-07-06T12:00:00Z,11.75,11.75,15.16,0.03,-10.7,57.72,238.4,153.1,85.3
2025-07-06,15,2025-07-06T12:00:00Z,2025-07-06T13:00:00Z,10.27,10.27,8.76,15.07,-18.74,34.08,203.5,134.0,69.5
2025-07-06,16,2025-07-06T13:00:00Z,2025-07-06T14:00:00Z,69.2,69.2,70.88,75.73,58.82,80.0,289.7,157.0,132.7
2025-07-06,17,2025-07-06T14:00:00Z,2025-07-06T15:00:00Z,79.59,79.59,82.2,67.0,65.0,94.51,180.3,121.4,58.9
2025-07-06,18,2025-07-06T15:00:00Z,2025-07-06T16:00:00Z,102.83,102.83,101.59,103.66,93.87,112.46,138.0,71.0,67.0
2025-07-06,19,2025-07-06T16:00:00Z,2025-07-06T17:00:00Z,110.37,110.37,110.16,109.01,104.0,129.0,82.4,20.9,61.5
2025-07-06,20,2025-07-06T17:00:00Z,2025-07-06T18:00:00Z,172.03,172.03,165.8,169.0,130.35,182.87,152.8,49.9,102.9
2025-07-06,21,2025-07-06T18:00:00Z,2025-07-06T19:00:00Z,198.87,198.87,199.31,240.0,192.01,248.6,158.6,22.1,136.5
2025-07-06,22,2025-07-06T19:00:00Z,2025-07-06T20:00:00Z,146.77,146.77,149.79,200.0,130.0,200.0,193.0,79.0,114.0
2025-07-06,23,2025-07-06T20:00:00Z,2025-07-06T21:00:00Z,126.7,126.7,126.1,125.1,121.0,134.9,96.0,22.5,73.5
2025-07-06,24,2025-07-06T21:00:00Z,2025-07-06T22:00:00Z,114.82,114.82,114.69,113.0,108.0,117.91,84.5,32.0,52.5
2025-07-07,1,2025-07-06T22:00:00Z,2025-07-06T23:00:00Z,117.52,117.52,117.64,116.87,113.6,118.73,9.8,1.9,7.9
2025-07-07,2,2025-07-06T23:00:00Z,2025-07-07T00:00:00Z,111.81,111.81,112.28,114.59,105.0,115.5,12.9,1.9,11.0
2025-07-07,3,2025-07-07T00:00:00Z,2025-07-07T01:00:00Z,103.46,103.46,104.01,102.84,102.84,107.37,21.9,1.9,20.0
2025-07-07,4,2025-07-07T01:00:00Z,2025-07-07T02:00:00Z,96.43,96.43,97.09,95.4,95.4,106.0,17.0,1.9,15.1
2025-07-07,5,2025-07-07T02:00:00Z,2025-07-07T03:00:00Z,96.08,96.08,90.82,80.0,80.0,105.73,27.5,2.5,25.0
2025-07-07,6,2025-07-07T03:00:00Z,2025-07-07T04:00:00Z,100.12,100.12,101.21,98.31,98.31,108.83,16.4,1.7,14.7
2025-07-07,7,2025-07-07T04:00:00Z,2025-07-07T05:00:00Z,113.64,113.64,114.6,112.11,112.1,127.08,7.2,0.7,6.5
2025-07-07,8,2025-07-07T05:00:00Z,2025-07-07T06:00:00Z,125.04,125.04,127.49,100.0,100.0,139.5,27.1,3.5,23.6
2025-07-07,9,2025-07-07T06:00:00Z,2025-07-07T07:00:00Z,131.27,131.27,129.12,125.0,121.0,140.0,50.2,10.3,39.9
2025-07-07,10,2025-07-07T07:00:00Z,2025-07-07T08:00:00Z,121.77,121.77,121.2,116.71,116.71,127.0,74.3,45.0,29.3
2025-07-07,11,2025-07-07T08:00:00Z,2025-07-07T09:00:00Z,105.74,105.74,105.25,101.9,99.4,111.42,163.4,87.0,76.4
2025-07-07,12,2025-07-07T09:00:00Z,2025-07-07T10:00:00Z,96.11,96.11,91.73,140.0,84.32,140.0,130.7,98.7,32.0
2025-07-07,13,2025-07-07T10:00:00Z,2025-07-07T11:00:00Z,91.84,91.84,92.48,89.97,83.36,99.31,260.2,211.1,49.1
2025-07-07,14,2025-07-07T11:00:00Z,2025-07-07T12:00:00Z,87.37,87.37,87.57,80.0,75.8,100.0,291.0,222.9,68.1
2025-07-07,15,2025-07-07T12:00:00Z,2025-07-07T13:00:00Z,90.33,90.33,90.0,91.13,84.97,101.8,133.2,98.2,35.0
2025-07-07,16,2025-07-07T13:00:00Z,2025-07-07T14:00:00Z,94.34,94.34,95.78,115.0,89.09,115.0,125.6,103.5,22.1
2025-07-07,17,2025-07-07T14:00:00Z,2025-07-07T15:00:00Z,120.26,120.26,118.76,120.0,94.26,150.0,73.6,39.2,34.4
2025-07-07,18,2025-07-07T15:00:00Z,2025-07-07T16:00:00Z,154.76,154.76,152.74,169.5,118.0,185.98,139.4,69.8,69.6
2025-07-07,19,2025-07-07T16:00:00Z,2025-07-07T17:00:00Z,159.38,159.38,160.4,106.01,106.01,182.39,237.1,115.0,122.1
2025-07-07,20,2025-07-07T17:00:00Z,2025-07-07T18:00:00Z,149.36,149.36,145.3,153.8,102.4,197.47,415.3,153.3,262.0
2025-07-07,21,2025-07-07T18:00:00Z,2025-07-07T19:00:00Z,158.43,158.43,157.36,117.0,113.04,202.0,499.4,192.3,307.1
2025-07-07,22,2025-07-07T19:00:00Z,2025-07-07T20:00:00Z,130.89,130.89,127.47,129.0,103.68,150.0,297.5,118.2,179.3
2025-07-07,23,2025-07-07T20:00:00Z,2025-07-07T21:00:00Z,114.64,114.64,113.25,109.99,100.0,130.0,133.0,41.2,91.8
2025-07-07,24,2025-07-07T21:00:00Z,2025-07-07T22:00:00Z,101.08,101.08,99.36,95.41,95.41,113.0,128.3,32.2,96.1
2025-07-08,1,2025-07-07T22:00:00Z,2025-07-07T23:00:00Z,101.92,101.92,102.52,97.86,96.43,112.0,70.7,9.3,61.4
2025-07-08,2,2025-07-07T23:00:00Z,2025-07-08T00:00:00Z,92.26,92.26,90.97,97.0,85.34,97.0,66.4,4.0,62.4
2025-07-08,3,2025-07-08T00:00:00Z,2025-07-08T01:00:00Z,87.08,87.08,87.58,86.8,86.05,89.65,28.5,0.0,28.5
2025-07-08,4,2025-07-08T01:00:00Z,2025-07-08T02:00:00Z,84.39,84.39,84.95,84.65,82.74,86.3,30.0,0.0,30.0
2025-07-08,5,2025-07-08T02:00:00Z,2025-07-08T03:00:00Z,92.83,92.83,92.27,91.77,90.7,96.0,52.0,0.0,52.0
2025-07-08,6,2025-07-08T03:00:00Z,2025-07-08T04:00:00Z,99.74,99.74,99.79,100.08,93.0,103.2,61.0,1.0,60.0
2025-07-08,7,2025-07-08T04:00:00Z,2025-07-08T05:00:00Z,108.68,108.68,109.22,109.27,105.51,115.0,48.6,0.0,48.6
2025-07-08,8,2025-07-08T05:00:00Z,2025-07-08T06:00:00Z,116.71,116.71,117.39,128.87,111.68,128.87,46.0,1.0,45.0
2025-07-08,9,2025-07-08T06:00:00Z,2025-07-08T07:00:00Z,111.03,111.03,108.63,105.0,99.0,115.09,90.5,8.0,82.5
2025-07-08,10,2025-07-08T07:00:00Z,2025-07-08T08:00:00Z,100.37,100.37,101.13,118.96,91.59,119.94,127.3,44.9,82.4
2025-07-08,11,2025-07-08T08:00:00Z,2025-07-08T09:00:00Z,91.89,91.89,90.22,79.0,79.0,124.92,134.6,72.5,62.1
2025-07-08,12,2025-07-08T09:00:00Z,2025-07-08T10:00:00Z,97.53,97.53,101.14,94.0,86.13,120.0,202.5,122.3,80.2
2025-07-08,13,2025-07-08T10:00:00Z,2025-07-08T11:00:00Z,98.21,98.21,101.65,110.0,85.35,130.0,316.1,134.4,181.7
2025-07-08,14,2025-07-08T11:00:00Z,2025-07-08T12:00:00Z,92.88,92.88,95.68,106.0,80.0,106.0,105.2,31.6,73.6
2025-07-08,15,2025-07-08T12:00:00Z,2025-07-08T13:00:00Z,74.45,74.45,72.81,75.82,62.0,93.0,167.9,84.6,83.3
2025-07-08,16,2025-07-08T13:00:00Z,2025-07-08T14:00:00Z,85.24,85.24,85.69,95.0,75.0,99.99,139.4,23.3,116.1
2025-07-08,17,2025-07-08T14:00:00Z,2025-07-08T15:00:00Z,78.51,78.51,82.58,78.49,60.01,109.68,129.8,28.4,101.4
2025-07-08,18,2025-07-08T15:00:00Z,2025-07-08T16:00:00Z,74.12,74.12,75.15,63.75,60.5,116.0,272.8,37.8,235.0
2025-07-08,19,2025-07-08T16:00:00Z,2025-07-08T17:00:00Z,119.64,119.64,122.84,95.01,87.44,153.57,343.3,93.4,249.9
2025-07-08,20,2025-07-08T17:00:00Z,2025-07-08T18:00:00Z,133.26,133.26,132.19,100.99,95.0,164.0,288.8,67.0,221.8
2025-07-08,21,2025-07-08T18:00:00Z,2025-07-08T19:00:00Z,130.6,130.6,132.13,110.0,107.0,154.19,301.6,66.3,235.3
2025-07-08,22,2025-07-08T19:00:00Z,2025-07-08T20:00:00Z,124.41,124.41,125.72,129.5,110.19,139.5,264.9,52.5,212.4
2025-07-08,23,2025-07-08T20:00:00Z,2025-07-08T21:00:00Z,109.86,109.86,109.79,111.54,102.22,116.49,94.3,17.3,77.0
2025-07-08,24,2025-07-08T21:00:00Z,2025-07-08T22:00:00Z,95.09,95.09,94.97,89.73,88.51,102.6,135.0,5.4,129.6
2025-07-09,1,2025-07-08T22:00:00Z,2025-07-08T23:00:00Z,99.1,99.1,98.65,94.77,94.77,101.29,32.0,0.4,31.6
2025-07-09,2,2025-07-08T23:00:00Z,2025-07-09T00:00:00Z,89.45,89.45,89.05,90.0,85.06,91.49,22.8,0.4,22.4
2025-07-09,3,2025-07-09T00:00:00Z,2025-07-09T01:00:00Z,85.24,85.24,85.26,84.08,81.72,86.3,21.5,5.4,16.1
2025-07-09,4,2025-07-09T01:00:00Z,2025-07-09T02:00:00Z,82.31,82.31,82.92,82.0,81.24,86.9,87.6,71.0,16.6
2025-07-09,5,2025-07-09T02:00:00Z,2025-07-09T03:00:00Z,85.13,85.13,85.49,91.0,84.0,91.0,94.0,71.0,23.0
2025-07-09,6,2025-07-09T03:00:00Z,2025-07-09T04:00:00Z,90.52,90.52,91.34,91.09,90.0,95.0,50.5,42.5,8.0
2025-07-09,7,2025-07-09T04:00:00Z,2025-07-09T05:00:00Z,104.78,104.78,106.32,103.61,103.61,114.0,50.5,50.5,0.0
2025-07-09,8,2025-07-09T05:00:00Z,2025-07-09T06:00:00Z,106.98,106.98,108.23,103.68,103.68,117.0,86.2,85.8,0.4
2025-07-09,9,2025-07-09T06:00:00Z,2025-07-09T07:00:00Z,105.5,105.5,106.65,101.01,101.01,134.99,117.6,66.5,51.1
2025-07-09,10,2025-07-09T07:00:00Z,2025-07-09T08:00:00Z,95.22,95.22,95.54,100.0,89.09,100.0,156.2,103.3,52.9
2025-07-09,11,2025-07-09T08:00:00Z,2025-07-09T09:00:00Z,76.89,76.89,77.3,73.52,70.4,90.01,194.1,100.3,93.8
2025-07-09,12,2025-07-09T09:00:00Z,2025-07-09T10:00:00Z,75.26,75.26,75.06,91.57,65.15,99.0,94.1,63.3,30.8
2025-07-09,13,2025-07-09T10:00:00Z,2025-07-09T11:00:00Z,60.99,60.99,61.81,92.0,52.01,92.0,159.0,95.1,63.9
2025-07-09,14,2025-07-09T11:00:00Z,2025-07-09T12:00:00Z,43.52,43.52,43.55,20.01,20.01,50.6,223.2,170.5,52.7
2025-07-09,15,2025-07-09T12:00:00Z,2025-07-09T13:00:00Z,38.43,38.43,37.33,50.0,15.59,54.91,211.4,164.6,46.8
2025-07-09,16,2025-07-09T13:00:00Z,2025-07-09T14:00:00Z,52.11,52.11,52.29,52.0,45.0,56.88,62.2,41.1,21.1
2025-07-09,17,2025-07-09T14:00:00Z,2025-07-09T15:00:00Z,93.34,93.34,93.37,139.98,63.0,139.98,60.7,25.8,34.9
2025-07-09,18,2025-07-09T15:00:00Z,2025-07-09T16:00:00Z,106.68,106.68,112.66,105.01,77.01,135.09,26.8,11.3,15.5
2025-07-09,19,2025-07-09T16:00:00Z,2025-07-09T17:00:00Z,123.51,123.51,123.91,114.89,97.1,140.39,198.2,24.3,173.9
2025-07-09,20,2025-07-09T17:00:00Z,2025-07-09T18:00:00Z,119.08,119.08,115.3,103.52,103.44,145.31,209.9,71.1,138.8
2025-07-09,21,2025-07-09T18:00:00Z,2025-07-09T19:00:00Z,106.48,106.48,100.42,80.0,80.0,150.0,109.0,57.0,52.0
2025-07-09,22,2025-07-09T19:00:00Z,2025-07-09T20:00:00Z,132.73,132.73,132.6,130.97,102.01,153.05,290.1,84.7,205.4
2025-07-09,23,2025-07-09T20:00:00Z,2025-07-09T21:00:00Z,106.1,106.1,101.64,56.17,56.17,141.27,321.0,126.0,195.0
2025-07-09,24,2025-07-09T21:00:00Z,2025-07-09T22:00:00Z,94.72,94.72,95.57,115.41,88.57,115.41,279.3,102.8,176.5
2025-07-10,1,2025-07-09T22:00:00Z,2025-07-09T23:00:00Z,103.85,103.85,102.82,105.0,97.0,105.99,35.6,34.9,0.7
2025-07-10,2,2025-07-09T23:00:00Z,2025-07-10T00:00:00Z,96.16,96.16,95.84,98.0,91.0,98.67,22.9,22.2,0.7
2025-07-10,3,2025-07-10T00:00:00Z,2025-07-10T01:00:00Z,89.5,89.5,89.28,95.0,87.66,95.0,7.6,0.0,7.6
2025-07-10,4,2025-07-10T01:00:00Z,2025-07-10T02:00:00Z,89.7,89.7,88.95,93.0,85.42,93.0,21.1,8.1,13.0
2025-07-10,5,2025-07-10T02:00:00Z,2025-07-10T03:00:00Z,93.24,93.24,88.48,94.0,84.0,95.0,46.9,40.1,6.8
2025-07-10,6,2025-07-10T03:00:00Z,2025-07-10T04:00:00Z,95.49,95.49,95.53,95.6,93.0,99.0,62.0,54.0,8.0
2025-07-10,7,2025-07-10T04:00:00Z,2025-07-10T05:00:00Z,106.72,106.72,107.48,116.01,103.0,116.88,47.3,47.3,0.0
2025-07-10,8,2025-07-10T05:00:00Z,2025-07-10T06:00:00Z,110.02,110.02,109.69,110.51,105.0,110.51,35.0,35.0,0.0
2025-07-10,9,2025-07-10T06:00:00Z,2025-07-10T07:00:00Z,102.21,102.21,101.35,104.2,94.89,110.0,71.6,65.6,6.0
2025-07-10,10,2025-07-10T07:00:00Z,2025-07-10T08:00:00Z,89.99,89.99,90.26,80.01,80.01,95.0,155.4,105.6,49.8
2025-07-10,11,2025-07-10T08:00:00Z,2025-07-10T09:00:00Z,66.36,66.36,68.77,45.0,40.28,78.0,273.0,181.1,91.9
2025-07-10,12,2025-07-10T09:00:00Z,2025-07-10T10:00:00Z,48.75,48.75,43.77,16.44,-50.0,61.8,290.0,214.0,76.0
2025-07-10,13,2025-07-10T10:00:00Z,2025-07-10T11:00:00Z,43.61,43.61,44.28,36.52,30.0,67.56,359.9,218.2,141.7
2025-07-10,14,2025-07-10T11:00:00Z,2025-07-10T12:00:00Z,40.73,40.73,40.32,45.0,29.15,47.8,242.4,173.2,69.2
2025-07-10,15,2025-07-10T12:00:00Z,2025-07-10T13:00:00Z,35.37,35.37,34.08,69.88,16.72,69.88,233.2,167.4,65.8
2025-07-10,16,2025-07-10T13:00:00Z,2025-07-10T14:00:00Z,54.06,54.06,53.44,60.0,34.0,65.0,238.6,167.5,71.1
2025-07-10,17,2025-07-10T14:00:00Z,2025-07-10T15:00:00Z,75.49,75.49,74.15,75.26,62.45,84.0,219.2,163.7,55.5
2025-07-10,18,2025-07-10T15:00:00Z,2025-07-10T16:00:00Z,85.16,85.16,85.01,74.05,73.76,105.0,260.3,160.7,99.6
2025-07-10,19,2025-07-10T16:00:00Z,2025-07-10T17:00:00Z,94.96,94.96,93.57,81.67,81.67,117.03,98.1,21.4,76.7
2025-07-10,20,2025-07-10T17:00:00Z,2025-07-10T18:00:00Z,105.91,105.91,105.11,114.98,80.0,122.57,185.3,70.3,115.0
2025-07-10,21,2025-07-10T18:00:00Z,2025-07-10T19:00:00Z,124.56,124.56,123.71,134.96,112.82,148.8,188.4,38.1,150.3
2025-07-10,22,2025-07-10T19:00:00Z,2025-07-10T20:00:00Z,124.91,124.91,126.59,136.84,113.7,140.15,192.8,40.9,151.9
2025-07-10,23,2025-07-10T20:00:00Z,2025-07-10T21:00:00Z,110.47,110.47,110.68,112.57,105.0,126.01,209.9,46.6,163.3
2025-07-10,24,2025-07-10T21:00:00Z,2025-07-10T22:00:00Z,100.84,100.84,101.18,85.0,78.64,106.57,116.4,45.9,70.5
2025-07-11,1,2025-07-10T22:00:00Z,2025-07-10T23:00:00Z,87.15,87.15,89.9,94.85,80.55,100.98,54.0,52.5,1.5
2025-07-11,2,2025-07-10T23:00:00Z,2025-07-11T00:00:00Z,94.33,94.33,95.35,101.0,89.0,103.7,76.1,59.7,16.4
2025-07-11,3,2025-07-11T00:00:00Z,2025-07-11T01:00:00Z,86.33,86.33,86.79,79.81,79.81,96.68,34.1,28.6,5.5
2025-07-11,4,2025-07-11T01:00:00Z,2025-07-11T02:00:00Z,76.59,76.59,77.84,58.11,58.11,82.55,44.2,34.9,9.3
2025-07-11,5,2025-07-11T02:00:00Z,2025-07-11T03:00:00Z,74.35,74.35,76.75,63.9,63.9,89.69,37.4,20.1,17.3
2025-07-11,6,2025-07-11T03:00:00Z,2025-07-11T04:00:00Z,84.94,84.94,85.34,80.22,80.22,92.68,56.5,21.0,35.5
2025-07-11,7,2025-07-11T04:00:00Z,2025-07-11T05:00:00Z,99.66,99.66,100.22,103.61,94.0,105.99,32.8,20.1,12.7
2025-07-11,8,2025-07-11T05:00:00Z,2025-07-11T06:00:00Z,100.83,100.83,99.96,106.03,91.0,106.03,27.7,15.0,12.7
2025-07-11,9,2025-07-11T06:00:00Z,2025-07-11T07:00:00Z,87.68,87.68,88.59,70.04,70.04,108.77,36.9,24.4,12.5
2025-07-11,10,2025-07-11T07:00:00Z,2025-07-11T08:00:00Z,81.77,81.77,83.09,60.0,45.0,92.6,113.0,47.4,65.6
2025-07-11,11,2025-07-11T08:00:00Z,2025-07-11T09:00:00Z,71.22,71.22,70.22,48.0,40.0,77.83,187.6,86.0,101.6
2025-07-11,12,2025-07-11T09:00:00Z,2025-07-11T10:00:00Z,59.46,59.46,58.34,55.11,50.11,66.46,264.4,171.9,92.5
2025-07-11,13,2025-07-11T10:00:00Z,2025-07-11T11:00:00Z,52.09,52.09,51.49,30.01,30.0,57.91,306.1,200.5,105.6
2025-07-11,14,2025-07-11T11:00:00Z,2025-07-11T12:00:00Z,41.98,41.98,42.62,149.0,20.0,149.0,245.6,128.0,117.6
2025-07-11,15,2025-07-11T12:00:00Z,2025-07-11T13:00:00Z,44.14,44.14,43.79,38.0,32.41,53.87,402.1,180.4,221.7
2025-07-11,16,2025-07-11T13:00:00Z,2025-07-11T14:00:00Z,63.49,63.49,62.38,50.02,50.02,70.0,199.1,61.1,138.0
2025-07-11,17,2025-07-11T14:00:00Z,2025-07-11T15:00:00Z,90.95,90.95,92.0,68.77,66.99,108.55,153.3,79.7,73.6
2025-07-11,18,2025-07-11T15:00:00Z,2025-07-11T16:00:00Z,94.92,94.92,97.99,110.91,82.01,114.79,128.4,41.8,86.6
2025-07-11,19,2025-07-11T16:00:00Z,2025-07-11T17:00:00Z,99.9,99.9,101.23,91.42,90.0,126.8,208.5,78.7,129.8
2025-07-11,20,2025-07-11T17:00:00Z,2025-07-11T18:00:00Z,137.35,137.35,137.55,122.18,118.26,141.99,134.6,5.1,129.5
2025-07-11,21,2025-07-11T18:00:00Z,2025-07-11T19:00:00Z,128.7,128.7,127.62,119.99,110.0,140.72,272.2,93.1,179.1
2025-07-11,22,2025-07-11T19:00:00Z,2025-07-11T20:00:00Z,132.72,132.72,132.0,117.01,117.01,137.01,147.6,27.9,119.7
2025-07-11,23,2025-07-11T20:00:00Z,2025-07-11T21:00:00Z,129.31,129.31,128.21,121.98,115.99,133.14,425.0,67.1,357.9
2025-07-11,24,2025-07-11T21:00:00Z,2025-07-11T22:00:00Z,115.36,115.36,115.73,110.67,108.0,122.0,245.7,29.8,215.9
2025-07-12,1,2025-07-11T22:00:00Z,2025-07-11T23:00:00Z,111.15,111.15,111.23,112.92,109.8,115.0,29.7,1.1,28.6
2025-07-12,2,2025-07-11T23:00:00Z,2025-07-12T00:00:00Z,107.28,107.28,107.18,103.0,103.0,110.61,82.0,14.5,67.5
2025-07-12,3,2025-07-12T00:00:00Z,2025-07-12T01:00:00Z,105.81,105.81,105.85,103.8,103.8,109.01,47.0,7.0,40.0
2025-07-12,4,2025-07-12T01:00:00Z,2025-07-12T02:00:00Z,102.55,102.55,102.9,107.98,102.05,107.98,105.0,5.0,100.0
2025-07-12,5,2025-07-12T02:00:00Z,2025-07-12T03:00:00Z,102.82,102.82,102.58,106.0,102.0,106.26,124.2,0.0,124.2
2025-07-12,6,2025-07-12T03:00:00Z,2025-07-12T04:00:00Z,,,,,,,0.0,0.0,0.0
2025-07-12,7,2025-07-12T04:00:00Z,2025-07-12T05:00:00Z,,,,,,,0.0,0.0,0.0
2025-07-12,8,2025-07-12T05:00:00Z,2025-07-12T06:00:00Z,89.63,89.63,89.63,90.0,87.0,90.0,21.1,12.0,9.1
2025-07-12,9,2025-07-12T06:00:00Z,2025-07-12T07:00:00Z,86.76,86.76,87.87,89.77,76.11,93.03,50.3,15.0,35.3
2025-07-12,10,2025-07-12T07:00:00Z,2025-07-12T08:00:00Z,55.69,55.69,56.89,45.0,45.0,65.69,226.3,148.8,77.5
2025-07-12,11,2025-07-12T08:00:00Z,2025-07-12T09:00:00Z,22.3,22.3,21.32,15.0,13.04,35.32,284.9,172.7,112.2
2025-07-12,12,2025-07-12T09:00:00Z,2025-07-12T10:00:00Z,2.79,2.79,1.84,5.89,-6.89,15.0,180.1,104.6,75.5
2025-07-12,13,2025-07-12T10:00:00Z,2025-07-12T11:00:00Z,-1.06,-1.06,-2.01,-8.8,-8.8,7.0,189.5,107.6,81.9
2025-07-12,14,2025-07-12T11:00:00Z,2025-07-12T12:00:00Z,-10.53,-10.53,-11.6,-16.69,-22.0,0.0,366.8,167.6,199.2
2025-07-12,15,2025-07-12T12:00:00Z,2025-07-12T13:00:00Z,-8.19,-8.19,-9.51,-0.68,-25.0,0.0,383.2,184.3,198.9
2025-07-12,16,2025-07-12T13:00:00Z,2025-07-12T14:00:00Z,5.96,5.96,7.93,0.2,-3.77,22.07,292.2,169.6,122.6
2025-07-12,17,2025-07-12T14:00:00Z,2025-07-12T15:00:00Z,36.08,36.08,38.09,37.0,25.0,51.48,175.7,124.3,51.4
2025-07-12,18,2025-07-12T15:00:00Z,2025-07-12T16:00:00Z,73.44,73.44,74.26,71.31,65.0,80.5,203.6,93.2,110.4
2025-07-12,19,2025-07-12T16:00:00Z,2025-07-12T17:00:00Z,103.84,103.84,99.0,106.0,57.0,110.5,70.1,21.0,49.1
2025-07-12,20,2025-07-12T17:00:00Z,2025-07-12T18:00:00Z,107.7,107.7,108.48,110.04,103.93,113.6,253.0,78.9,174.1
2025-07-12,21,2025-07-12T18:00:00Z,2025-07-12T19:00:00Z,114.62,114.62,114.36,109.1,108.92,129.2,295.6,109.0,186.6
2025-07-12,22,2025-07-12T19:00:00Z,2025-07-12T20:00:00Z,119.43,119.43,112.76,-100.01,-100.01,134.6,163.6,38.2,125.4
2025-07-12,23,2025-07-12T20:00:00Z,2025-07-12T21:00:00Z,120.58,120.58,118.81,111.0,107.62,127.68,198.4,30.4,168.0
2025-07-12,24,2025-07-12T21:00:00Z,2025-07-12T22:00:00Z,110.82,110.82,110.24,104.08,99.68,118.69,492.1,34.2,457.9
2025-07-13,1,2025-07-12T22:00:00Z,2025-07-12T23:00:00Z,96.52,96.52,96.46,96.31,93.79,109.49,254.5,14.5,240.0
2025-07-13,2,2025-07-12T23:00:00Z,2025-07-13T00:00:00Z,95.59,95.59,95.57,97.0,93.31,106.0,221.3,1.3,220.0
2025-07-13,3,2025-07-13T00:00:00Z,2025-07-13T01:00:00Z,98.06,98.06,98.78,97.1,97.1,105.39,22.5,22.5,0.0
2025-07-13,4,2025-07-13T01:00:00Z,2025-07-13T02:00:00Z,91.46,91.46,93.08,90.7,90.0,104.89,29.2,24.2,5.0
2025-07-13,5,2025-07-13T02:00:00Z,2025-07-13T03:00:00Z,90.15,90.15,91.0,90.0,89.2,101.09,35.1,30.1,5.0
2025-07-13,6,2025-07-13T03:00:00Z,2025-07-13T04:00:00Z,88.63,88.63,88.36,89.8,86.63,96.59,20.1,15.1,5.0
2025-07-13,7,2025-07-13T04:00:00Z,2025-07-13T05:00:00Z,86.58,86.58,83.64,92.18,80.07,93.27,23.6,0.1,23.5
2025-07-13,8,2025-07-13T05:00:00Z,2025-07-13T06:00:00Z,80.68,80.68,83.4,86.2,73.4,90.8,56.5,35.0,21.5
2025-07-13,9,2025-07-13T06:00:00Z,2025-07-13T07:00:00Z,71.01,71.01,71.49,75.0,64.55,84.18,64.7,52.0,12.7
2025-07-13,10,2025-07-13T07:00:00Z,2025-07-13T08:00:00Z,41.7,41.7,45.57,57.48,25.99,57.5,213.4,194.4,19.0
2025-07-13,11,2025-07-13T08:00:00Z,2025-07-13T09:00:00Z,9.3,9.3,10.62,27.59,0.0,30.37,412.6,399.5,13.1
2025-07-13,12,2025-07-13T09:00:00Z,2025-07-13T10:00:00Z,10.37,10.37,8.77,27.5,-3.0,39.12,171.7,145.6,26.1
2025-07-13,13,2025-07-13T10:00:00Z,2025-07-13T11:00:00Z,-2.85,-2.85,-3.28,-7.71,-9.0,3.06,158.3,130.6,27.7
2025-07-13,14,2025-07-13T11:00:00Z,2025-07-13T12:00:00Z,-8.13,-8.13,-10.44,-21.12,-22.1,4.92,165.6,75.3,90.3
2025-07-13,15,2025-07-13T12:00:00Z,2025-07-13T13:00:00Z,-12.23,-12.23,-13.13,-5.8,-22.0,0.0,179.1,82.7,96.4
2025-07-13,16,2025-07-13T13:00:00Z,2025-07-13T14:00:00Z,-5.68,-5.68,-5.71,2.6,-14.5,4.1,175.7,111.7,64.0
2025-07-13,17,2025-07-13T14:00:00Z,2025-07-13T15:00:00Z,7.33,7.33,6.29,-0.69,-0.69,13.29,107.0,62.0,45.0
2025-07-13,18,2025-07-13T15:00:00Z,2025-07-13T16:00:00Z,59.63,59.63,58.58,50.01,50.01,71.0,70.6,16.1,54.5
2025-07-13,19,2025-07-13T16:00:00Z,2025-07-13T17:00:00Z,100.42,100.42,101.65,93.01,93.01,123.1,104.6,34.5,70.1
2025-07-13,20,2025-07-13T17:00:00Z,2025-07-13T18:00:00Z,104.54,104.54,103.93,96.27,96.27,111.8,112.8,57.4,55.4
2025-07-13,21,2025-07-13T18:00:00Z,2025-07-13T19:00:00Z,112.58,112.58,113.61,112.0,110.01,148.4,119.0,0.0,119.0
2025-07-13,22,2025-07-13T19:00:00Z,2025-07-13T20:00:00Z,121.85,121.85,121.78,123.05,115.16,129.0,330.2,95.0,235.2
2025-07-13,23,2025-07-13T20:00:00Z,2025-07-13T21:00:00Z,118.64,118.64,118.87,118.5,115.2,126.95,255.5,55.1,200.4
2025-07-13,24,2025-07-13T21:00:00Z,2025-07-13T22:00:00Z,111.77,111.77,118.78,140.0,104.41,140.0,69.5,3.0,66.5
2025-07-14,1,2025-07-13T22:00:00Z,2025-07-13T23:00:00Z,102.49,102.49,102.82,105.77,99.03,106.17,7.0,3.0,4.0
2025-07-14,2,2025-07-13T23:00:00Z,2025-07-14T00:00:00Z,103.66,103.66,104.94,109.07,102.28,109.07,7.0,3.0,4.0
2025-07-14,3,2025-07-14T00:00:00Z,2025-07-14T01:00:00Z,94.97,94.97,95.55,100.51,93.88,100.51,7.0,2.5,4.5
2025-07-14,4,2025-07-14T01:00:00Z,2025-07-14T02:00:00Z,97.18,97.18,95.03,92.0,92.0,101.05,17.5,17.5,0.0
2025-07-14,5,2025-07-14T02:00:00Z,2025-07-14T03:00:00Z,96.66,96.66,96.16,94.0,93.6,100.4,25.6,25.6,0.0
2025-07-14,6,2025-07-14T03:00:00Z,2025-07-14T04:00:00Z,106.28,106.28,105.64,103.0,103.0,106.9,28.0,28.0,0.0
2025-07-14,7,2025-07-14T04:00:00Z,2025-07-14T05:00:00Z,114.67,114.67,114.67,111.84,111.84,115.99,28.0,28.0,0.0
2025-07-14,8,2025-07-14T05:00:00Z,2025-07-14T06:00:00Z,115.84,115.84,114.82,107.72,107.72,118.01,133.5,20.0,113.5
2025-07-14,9,2025-07-14T06:00:00Z,2025-07-14T07:00:00Z,104.17,104.17,102.27,101.3,98.04,110.5,28.0,19.5,8.5
2025-07-14,10,2025-07-14T07:00:00Z,2025-07-14T08:00:00Z,73.87,73.87,73.14,86.0,50.33,86.0,116.7,59.8,56.9
2025-07-14,11,2025-07-14T08:00:00Z,2025-07-14T09:00:00Z,66.02,66.02,65.37,80.5,54.99,80.5,176.8,86.2,90.6
2025-07-14,12,2025-07-14T09:00:00Z,2025-07-14T10:00:00Z,75.15,75.15,75.82,55.01,54.41,85.63,281.5,138.4,143.1
2025-07-14,13,2025-07-14T10:00:00Z,2025-07-14T11:00:00Z,81.62,81.62,79.63,63.04,63.02,100.0,220.6,91.3,129.3
2025-07-14,14,2025-07-14T11:00:00Z,2025-07-14T12:00:00Z,75.64,75.64,76.32,83.99,54.0,83.99,268.9,127.3,141.6
2025-07-14,15,2025-07-14T12:00:00Z,2025-07-14T13:00:00Z,70.05,70.05,72.05,110.0,52.36,110.0,241.3,132.9,108.4
2025-07-14,16,2025-07-14T13:00:00Z,2025-07-14T14:00:00Z,80.18,80.18,81.02,90.68,70.0,90.68,302.9,171.2,131.7
2025-07-14,17,2025-07-14T14:00:00Z,2025-07-14T15:00:00Z,84.76,84.76,83.45,69.0,61.82,109.29,127.6,79.8,47.8
2025-07-14,18,2025-07-14T15:00:00Z,2025-07-14T16:00:00Z,93.0,93.0,89.17,84.05,77.62,122.75,183.7,130.9,52.8
2025-07-14,19,2025-07-14T16:00:00Z,2025-07-14T17:00:00Z,126.03,126.03,125.9,98.02,98.02,155.11,85.1,42.9,42.2
2025-07-14,20,2025-07-14T17:00:00Z,2025-07-14T18:00:00Z,120.19,120.19,118.35,112.5,107.01,180.0,125.8,53.1,72.7
2025-07-14,21,2025-07-14T18:00:00Z,2025-07-14T19:00:00Z,141.58,141.58,137.97,115.34,110.2,237.16,205.2,109.1,96.1
2025-07-14,22,2025-07-14T19:00:00Z,2025-07-14T20:00:00Z,131.44,131.44,131.39,193.4,109.46,193.4,134.3,54.8,79.5
2025-07-14,23,2025-07-14T20:00:00Z,2025-07-14T21:00:00Z,121.35,121.35,118.05,107.27,107.27,144.35,49.6,17.9,31.7
2025-07-14,24,2025-07-14T21:00:00Z,2025-07-14T22:00:00Z,107.9,107.9,105.51,108.79,99.03,122.56,50.2,18.7,31.5
2025-07-15,1,2025-07-14T22:00:00Z,2025-07-14T23:00:00Z,110.79,110.79,110.89,105.1,105.1,135.28,26.7,0.5,26.2
2025-07-15,2,2025-07-14T23:00:00Z,2025-07-15T00:00:00Z,100.97,100.97,102.44,101.0,99.86,130.56,33.7,8.5,25.2
2025-07-15,3,2025-07-15T00:00:00Z,2025-07-15T01:00:00Z,95.49,95.49,96.02,97.04,93.97,116.52,59.6,20.5,39.1
2025-07-15,4,2025-07-15T01:00:00Z,2025-07-15T02:00:00Z,90.38,90.38,91.88,93.01,88.51,112.91,64.6,24.5,40.1
2025-07-15,5,2025-07-15T02:00:00Z,2025-07-15T03:00:00Z,91.27,91.27,95.11,98.29,86.2,132.0,94.3,31.5,62.8
2025-07-15,6,2025-07-15T03:00:00Z,2025-07-15T04:00:00Z,96.02,96.02,97.46,99.45,90.04,100.36,68.7,25.5,43.2
2025-07-15,7,2025-07-15T04:00:00Z,2025-07-15T05:00:00Z,110.51,110.51,110.42,108.76,108.0,112.84,230.3,23.5,206.8
2025-07-15,8,2025-07-15T05:00:00Z,2025-07-15T06:00:00Z,109.11,109.11,109.43,110.17,107.09,118.4,129.7,0.5,129.2
2025-07-15,9,2025-07-15T06:00:00Z,2025-07-15T07:00:00Z,106.41,106.41,107.94,105.01,105.0,113.26,48.4,6.2,42.2
2025-07-15,10,2025-07-15T07:00:00Z,2025-07-15T08:00:00Z,88.93,88.93,89.75,84.99,81.52,97.28,97.1,32.2,64.9
2025-07-15,11,2025-07-15T08:00:00Z,2025-07-15T09:00:00Z,77.74,77.74,78.32,70.0,70.0,87.67,114.6,43.6,71.0
2025-07-15,12,2025-07-15T09:00:00Z,2025-07-15T10:00:00Z,72.62,72.62,71.93,70.3,57.21,83.05,146.5,62.5,84.0
2025-07-15,13,2025-07-15T10:00:00Z,2025-07-15T11:00:00Z,64.33,64.33,63.71,62.13,40.1,73.1,149.6,80.3,69.3
2025-07-15,14,2025-07-15T11:00:00Z,2025-07-15T12:00:00Z,53.92,53.92,56.32,47.99,47.99,66.0,145.7,109.2,36.5
2025-07-15,15,2025-07-15T12:00:00Z,2025-07-15T13:00:00Z,57.81,57.81,56.35,39.63,39.63,65.91,137.5,53.9,83.6
2025-07-15,16,2025-07-15T13:00:00Z,2025-07-15T14:00:00Z,74.94,74.94,74.95,77.97,65.29,80.0,75.2,28.5,46.7
2025-07-15,17,2025-07-15T14:00:00Z,2025-07-15T15:00:00Z,82.7,82.7,81.9,95.0,74.95,95.0,115.1,58.3,56.8
2025-07-15,18,2025-07-15T15:00:00Z,2025-07-15T16:00:00Z,86.9,86.9,85.91,66.62,66.62,105.0,152.2,91.3,60.9
2025-07-15,19,2025-07-15T16:00:00Z,2025-07-15T17:00:00Z,126.07,126.07,122.88,105.12,105.0,179.96,145.5,74.2,71.3
2025-07-15,20,2025-07-15T17:00:00Z,2025-07-15T18:00:00Z,121.01,121.01,119.49,80.18,80.18,135.0,415.8,271.9,143.9
2025-07-15,21,2025-07-15T18:00:00Z,2025-07-15T19:00:00Z,119.06,119.06,116.26,99.6,99.03,130.83,450.5,295.6,154.9
2025-07-15,22,2025-07-15T19:00:00Z,2025-07-15T20:00:00Z,116.65,116.65,114.7,106.21,98.87,133.43,236.6,151.9,84.7
2025-07-15,23,2025-07-15T20:00:00Z,2025-07-15T21:00:00Z,107.63,107.63,107.73,95.0,85.01,114.23,206.2,72.8,133.4
2025-07-15,24,2025-07-15T21:00:00Z,2025-07-15T22:00:00Z,100.3,100.3,99.97,96.78,96.49,105.0,140.4,55.9,84.5
2025-07-16,1,2025-07-15T22:00:00Z,2025-07-15T23:00:00Z,96.82,96.82,97.56,96.6,93.18,100.0,52.1,7.1,45.0
2025-07-16,2,2025-07-15T23:00:00Z,2025-07-16T00:00:00Z,89.97,89.97,89.75,88.96,87.85,94.0,29.0,0.0,29.0
2025-07-16,3,2025-07-16T00:00:00Z,2025-07-16T01:00:00Z,82.35,82.35,82.62,79.02,79.02,84.27,36.0,10.0,26.0
2025-07-16,4,2025-07-16T01:00:00Z,2025-07-16T02:00:00Z,80.71,80.71,82.37,83.41,77.15,84.33,32.9,0.0,32.9
2025-07-16,5,2025-07-16T02:00:00Z,2025-07-16T03:00:00Z,82.22,82.22,83.24,83.4,80.1,84.44,36.2,0.0,36.2
2025-07-16,6,2025-07-16T03:00:00Z,2025-07-16T04:00:00Z,86.28,86.28,88.03,90.01,81.15,90.83,33.5,0.0,33.5
2025-07-16,7,2025-07-16T04:00:00Z,2025-07-16T05:00:00Z,104.82,104.82,105.46,104.48,104.0,109.0,104.7,0.0,104.7
2025-07-16,8,2025-07-16T05:00:00Z,2025-07-16T06:00:00Z,106.27,106.27,106.47,103.6,100.99,108.0,198.7,20.0,178.7
2025-07-16,9,2025-07-16T06:00:00Z,2025-07-16T07:00:00Z,103.58,103.58,103.7,90.0,90.0,109.0,176.6,28.0,148.6
2025-07-16,10,2025-07-16T07:00:00Z,2025-07-16T08:00:00Z,101.68,101.68,98.13,119.99,58.55,119.99,143.5,39.0,104.5
2025-07-16,11,2025-07-16T08:00:00Z,2025-07-16T09:00:00Z,88.81,88.81,87.41,75.0,57.51,99.99,172.3,49.1,123.2
2025-07-16,12,2025-07-16T09:00:00Z,2025-07-16T10:00:00Z,75.05,75.05,77.35,93.99,20.01,93.99,255.2,88.0,167.2
2025-07-16,13,2025-07-16T10:00:00Z,2025-07-16T11:00:00Z,72.33,72.33,71.33,53.8,50.0,86.57,220.6,75.3,145.3
2025-07-16,14,2025-07-16T11:00:00Z,2025-07-16T12:00:00Z,70.87,70.87,70.71,50.83,48.83,86.35,379.7,187.3,192.4
2025-07-16,15,2025-07-16T12:00:00Z,2025-07-16T13:00:00Z,76.82,76.82,75.89,71.11,65.0,90.05,422.1,218.0,204.1
2025-07-16,16,2025-07-16T13:00:00Z,2025-07-16T14:00:00Z,91.05,91.05,90.6,103.99,73.0,106.0,257.0,122.0,135.0
2025-07-16,17,2025-07-16T14:00:00Z,2025-07-16T15:00:00Z,109.84,109.84,112.16,109.0,100.85,140.0,118.8,72.1,46.7
2025-07-16,18,2025-07-16T15:00:00Z,2025-07-16T16:00:00Z,104.34,104.34,104.24,91.0,91.0,129.84,92.0,46.2,45.8
2025-07-16,19,2025-07-16T16:00:00Z,2025-07-16T17:00:00Z,105.12,105.12,101.79,97.0,96.84,125.64,116.2,60.1,56.1
2025-07-16,20,2025-07-16T17:00:00Z,2025-07-16T18:00:00Z,115.42,115.42,114.01,112.32,100.21,150.0,186.9,82.9,104.0
2025-07-16,21,2025-07-16T18:00:00Z,2025-07-16T19:00:00Z,142.7,142.7,140.66,168.39,118.11,170.0,94.1,22.6,71.5
2025-07-16,22,2025-07-16T19:00:00Z,2025-07-16T20:00:00Z,139.11,139.11,137.38,144.0,125.0,149.37,113.5,31.8,81.7
2025-07-16,23,2025-07-16T20:00:00Z,2025-07-16T21:00:00Z,126.85,126.85,125.31,121.43,116.0,137.1,146.5,41.0,105.5
2025-07-16,24,2025-07-16T21:00:00Z,2025-07-16T22:00:00Z,115.27,115.27,112.78,111.7,107.22,125.4,43.6,1.5,42.1
2025-07-17,1,2025-07-16T22:00:00Z,2025-07-16T23:00:00Z,114.86,114.86,121.92,110.19,105.97,135.0,26.3,20.6,5.7
2025-07-17,2,2025-07-16T23:00:00Z,2025-07-17T00:00:00Z,105.74,105.74,103.06,110.0,97.47,110.0,28.4,23.4,5.0
2025-07-17,3,2025-07-17T00:00:00Z,2025-07-17T01:00:00Z,99.93,99.93,101.14,91.81,91.81,106.0,28.2,22.5,5.7
2025-07-17,4,2025-07-17T01:00:00Z,2025-07-17T02:00:00Z,97.97,97.97,98.9,94.0,93.0,109.2,32.1,23.9,8.2
2025-07-17,5,2025-07-17T02:00:00Z,2025-07-17T03:00:00Z,95.55,95.55,97.53,92.01,92.01,105.0,53.7,48.0,5.7
2025-07-17,6,2025-07-17T03:00:00Z,2025-07-17T04:00:00Z,103.37,103.37,103.85,99.97,99.91,125.03,66.8,50.5,16.3
2025-07-17,7,2025-07-17T04:00:00Z,2025-07-17T05:00:00Z,117.88,117.88,117.52,128.44,110.24,128.44,49.2,41.0,8.2
2025-07-17,8,2025-07-17T05:00:00Z,2025-07-17T06:00:00Z,124.64,124.64,123.69,140.52,111.37,140.52,60.7,45.0,15.7
2025-07-17,9,2025-07-17T06:00:00Z,2025-07-17T07:00:00Z,126.17,126.17,125.46,120.1,104.61,136.79,270.8,46.5,224.3
2025-07-17,10,2025-07-17T07:00:00Z,2025-07-17T08:00:00Z,110.4,110.4,108.29,110.0,86.15,135.04,179.5,103.0,76.5
2025-07-17,11,2025-07-17T08:00:00Z,2025-07-17T09:00:00Z,96.04,96.04,93.41,95.01,76.9,103.23,183.1,115.0,68.1
2025-07-17,12,2025-07-17T09:00:00Z,2025-07-17T10:00:00Z,87.22,87.22,86.73,114.99,78.0,114.99,157.9,92.8,65.1
2025-07-17,13,2025-07-17T10:00:00Z,2025-07-17T11:00:00Z,87.35,87.35,81.85,60.01,60.01,102.16,115.8,79.2,36.6
2025-07-17,14,2025-07-17T11:00:00Z,2025-07-17T12:00:00Z,85.83,85.83,82.02,60.01,55.53,113.63,226.9,132.6,94.3
2025-07-17,15,2025-07-17T12:00:00Z,2025-07-17T13:00:00Z,73.18,73.18,73.33,80.0,59.88,107.87,310.5,226.3,84.2
2025-07-17,16,2025-07-17T13:00:00Z,2025-07-17T14:00:00Z,82.68,82.68,86.16,55.53,55.53,129.0,138.0,91.7,46.3
2025-07-17,17,2025-07-17T14:00:00Z,2025-07-17T15:00:00Z,83.86,83.86,85.98,95.0,70.0,102.0,90.7,58.7,32.0
2025-07-17,18,2025-07-17T15:00:00Z,2025-07-17T16:00:00Z,99.12,99.12,96.34,86.13,86.13,106.84,122.3,51.7,70.6
2025-07-17,19,2025-07-17T16:00:00Z,2025-07-17T17:00:00Z,115.8,115.8,102.35,92.1,80.0,144.56,73.0,23.0,50.0
2025-07-17,20,2025-07-17T17:00:00Z,2025-07-17T18:00:00Z,121.06,121.06,114.61,60.0,60.0,150.01,131.2,35.6,95.6
2025-07-17,21,2025-07-17T18:00:00Z,2025-07-17T19:00:00Z,149.13,149.13,150.69,115.0,111.9,167.58,109.2,24.0,85.2
2025-07-17,22,2025-07-17T19:00:00Z,2025-07-17T20:00:00Z,119.74,119.74,118.7,87.01,87.01,132.9,283.5,17.0,266.5
2025-07-17,23,2025-07-17T20:00:00Z,2025-07-17T21:00:00Z,121.17,121.17,116.91,86.01,86.01,125.1,80.8,33.8,47.0
2025-07-17,24,2025-07-17T21:00:00Z,2025-07-17T22:00:00Z,116.75,116.75,112.46,107.0,100.99,130.01,64.0,6.0,58.0
2025-07-18,1,2025-07-17T22:00:00Z,2025-07-17T23:00:00Z,94.89,94.89,94.5,94.08,93.8,96.0,21.7,0.0,21.7
2025-07-18,2,2025-07-17T23:00:00Z,2025-07-18T00:00:00Z,96.45,96.45,96.29,94.59,92.14,102.0,30.7,0.0,30.7
2025-07-18,3,2025-07-18T00:00:00Z,2025-07-18T01:00:00Z,96.86,96.86,96.73,93.46,93.46,105.0,46.8,10.0,36.8
2025-07-18,4,2025-07-18T01:00:00Z,2025-07-18T02:00:00Z,97.51,97.51,97.47,97.29,95.9,101.01,65.3,19.5,45.8
2025-07-18,5,2025-07-18T02:00:00Z,2025-07-18T03:00:00Z,100.42,100.42,99.69,101.8,98.3,102.95,61.0,19.0,42.0
2025-07-18,6,2025-07-18T03:00:00Z,2025-07-18T04:00:00Z,106.73,106.73,106.77,107.0,106.0,110.0,42.1,0.1,42.0
2025-07-18,7,2025-07-18T04:00:00Z,2025-07-18T05:00:00Z,117.63,117.63,117.75,121.01,116.18,121.01,50.4,11.4,39.0
2025-07-18,8,2025-07-18T05:00:00Z,2025-07-18T06:00:00Z,116.72,116.72,116.1,101.13,101.13,119.0,65.6,20.3,45.3
2025-07-18,9,2025-07-18T06:00:00Z,2025-07-18T07:00:00Z,108.68,108.68,108.91,101.45,101.45,110.31,37.6,3.1,34.5
2025-07-18,10,2025-07-18T07:00:00Z,2025-07-18T08:00:00Z,96.19,96.19,95.88,118.0,86.97,118.0,63.7,24.1,39.6
2025-07-18,11,2025-07-18T08:00:00Z,2025-07-18T09:00:00Z,83.41,83.41,81.79,108.0,77.0,108.0,97.8,62.3,35.5
2025-07-18,12,2025-07-18T09:00:00Z,2025-07-18T10:00:00Z,81.64,81.64,82.03,104.99,75.3,104.99,191.7,120.2,71.5
2025-07-18,13,2025-07-18T10:00:00Z,2025-07-18T11:00:00Z,77.3,77.3,77.1,80.7,70.92,95.0,129.1,105.2,23.9
2025-07-18,14,2025-07-18T11:00:00Z,2025-07-18T12:00:00Z,66.01,66.01,66.0,58.0,56.1,74.0,124.7,89.7,35.0
2025-07-18,15,2025-07-18T12:00:00Z,2025-07-18T13:00:00Z,64.42,64.42,64.89,66.04,58.0,73.0,80.6,57.3,23.3
2025-07-18,16,2025-07-18T13:00:00Z,2025-07-18T14:00:00Z,72.56,72.56,71.95,75.0,64.25,81.2,79.7,64.7,15.0
2025-07-18,17,2025-07-18T14:00:00Z,2025-07-18T15:00:00Z,92.43,92.43,93.55,95.15,82.75,104.9,93.8,67.3,26.5
2025-07-18,18,2025-07-18T15:00:00Z,2025-07-18T16:00:00Z,113.7,113.7,117.28,112.39,88.5,133.0,83.5,55.8,27.7
2025-07-18,19,2025-07-18T16:00:00Z,2025-07-18T17:00:00Z,106.97,106.97,109.57,101.0,100.0,134.66,88.3,55.8,32.5
2025-07-18,20,2025-07-18T17:00:00Z,2025-07-18T18:00:00Z,130.58,130.58,130.03,120.01,108.0,149.99,125.3,66.1,59.2
2025-07-18,21,2025-07-18T18:00:00Z,2025-07-18T19:00:00Z,144.03,144.03,134.15,50.0,50.0,159.37,177.1,28.4,148.7
2025-07-18,22,2025-07-18T19:00:00Z,2025-07-18T20:00:00Z,145.27,145.27,143.51,120.94,120.53,164.99,236.8,20.5,216.3
2025-07-18,23,2025-07-18T20:00:00Z,2025-07-18T21:00:00Z,127.4,127.4,126.36,120.0,102.71,139.6,218.8,29.5,189.3
2025-07-18,24,2025-07-18T21:00:00Z,2025-07-18T22:00:00Z,120.61,120.61,117.37,121.0,107.71,125.0,134.5,27.1,107.4
2025-07-19,1,2025-07-18T22:00:00Z,2025-07-18T23:00:00Z,98.63,98.63,98.39,100.08,95.0,100.08,2.8,1.8,1.0
2025-07-19,2,2025-07-18T23:00:00Z,2025-07-19T00:00:00Z,106.4,106.4,105.01,108.0,103.52,108.0,14.0,14.0,0.0
2025-07-19,3,2025-07-19T00:00:00Z,2025-07-19T01:00:00Z,101.68,101.68,101.66,101.68,101.59,101.68,11.7,11.7,0.0
2025-07-19,4,2025-07-19T01:00:00Z,2025-07-19T02:00:00Z,104.83,104.83,105.09,105.01,103.91,109.93,7.0,0.5,6.5
2025-07-19,5,2025-07-19T02:00:00Z,2025-07-19T03:00:00Z,96.57,96.57,98.71,100.4,89.99,100.57,32.7,18.5,14.2
2025-07-19,6,2025-07-19T03:00:00Z,2025-07-19T04:00:00Z,98.43,98.43,98.26,96.77,96.48,107.02,40.2,33.7,6.5
2025-07-19,7,2025-07-19T04:00:00Z,2025-07-19T05:00:00Z,99.41,99.41,99.41,99.41,99.41,99.41,0.7,0.0,0.7
2025-07-19,8,2025-07-19T05:00:00Z,2025-07-19T06:00:00Z,88.86,88.86,88.91,88.77,88.77,89.5,7.7,0.0,7.7
2025-07-19,9,2025-07-19T06:00:00Z,2025-07-19T07:00:00Z,85.32,85.32,84.35,88.29,78.0,91.3,13.9,3.4,10.5
2025-07-19,10,2025-07-19T07:00:00Z,2025-07-19T08:00:00Z,44.23,44.23,42.77,55.0,32.03,55.0,66.7,50.7,16.0
2025-07-19,11,2025-07-19T08:00:00Z,2025-07-19T09:00:00Z,10.0,10.0,8.99,13.49,1.4,19.99,44.4,34.6,9.8
2025-07-19,12,2025-07-19T09:00:00Z,2025-07-19T10:00:00Z,-4.66,-4.66,-5.45,1.0,-13.49,1.0,120.8,93.7,27.1
2025-07-19,13,2025-07-19T10:00:00Z,2025-07-19T11:00:00Z,-6.78,-6.78,-6.87,-10.0,-16.61,-1.77,145.1,106.7,38.4
2025-07-19,14,2025-07-19T11:00:00Z,2025-07-19T12:00:00Z,-2.2,-2.2,-1.76,54.42,-14.32,54.42,149.7,113.9,35.8
2025-07-19,15,2025-07-19T12:00:00Z,2025-07-19T13:00:00Z,-0.1,-0.1,-0.08,10.0,-9.04,10.0,170.2,136.7,33.5
2025-07-19,16,2025-07-19T13:00:00Z,2025-07-19T14:00:00Z,7.93,7.93,13.83,61.14,-8.39,61.14,138.4,126.5,11.9
2025-07-19,17,2025-07-19T14:00:00Z,2025-07-19T15:00:00Z,32.97,32.97,32.07,45.0,20.4,45.0,260.9,161.2,99.7
2025-07-19,18,2025-07-19T15:00:00Z,2025-07-19T16:00:00Z,85.32,85.32,84.21,89.0,77.4,89.8,137.7,91.6,46.1
2025-07-19,19,2025-07-19T16:00:00Z,2025-07-19T17:00:00Z,98.97,98.97,100.23,94.0,90.38,111.99,207.4,153.4,54.0
2025-07-19,20,2025-07-19T17:00:00Z,2025-07-19T18:00:00Z,114.47,114.47,116.11,126.0,107.01,126.0,233.5,113.6,119.9
2025-07-19,21,2025-07-19T18:00:00Z,2025-07-19T19:00:00Z,132.11,132.11,134.49,155.0,122.81,161.5,247.8,73.1,174.7
2025-07-19,22,2025-07-19T19:00:00Z,2025-07-19T20:00:00Z,141.8,141.8,144.41,146.07,130.51,158.54,245.6,94.1,151.5
2025-07-19,23,2025-07-19T20:00:00Z,2025-07-19T21:00:00Z,114.18,114.18,113.13,126.0,100.0,135.0,247.6,78.9,168.7
2025-07-19,24,2025-07-19T21:00:00Z,2025-07-19T22:00:00Z,109.85,109.85,110.14,126.0,107.0,126.0,102.0,35.0,67.0
2025-07-20,1,2025-07-19T22:00:00Z,2025-07-19T23:00:00Z,126.37,126.37,123.14,128.0,115.0,128.0,23.3,23.3,0.0
2025-07-20,2,2025-07-19T23:00:00Z,2025-07-20T00:00:00Z,116.08,116.08,114.55,107.36,107.36,116.69,10.6,10.1,0.5
2025-07-20,3,2025-07-20T00:00:00Z,2025-07-20T01:00:00Z,101.78,101.78,104.57,99.0,99.0,110.55,43.9,43.8,0.1
2025-07-20,4,2025-07-20T01:00:00Z,2025-07-20T02:00:00Z,104.22,104.22,104.92,107.87,98.22,112.05,159.5,56.8,102.7
2025-07-20,5,2025-07-20T02:00:00Z,2025-07-20T03:00:00Z,104.32,104.32,104.88,102.83,98.5,110.76,163.0,59.0,104.0
2025-07-20,6,2025-07-20T03:00:00Z,2025-07-20T04:00:00Z,101.5,101.5,104.13,96.6,95.8,105.5,50.0,41.0,9.0
2025-07-20,7,2025-07-20T04:00:00Z,2025-07-20T05:00:00Z,98.46,98.46,99.06,94.0,93.94,101.8,77.6,70.6,7.0
2025-07-20,8,2025-07-20T05:00:00Z,2025-07-20T06:00:00Z,88.18,88.18,88.69,90.06,87.36,90.06,40.0,29.0,11.0
2025-07-20,9,2025-07-20T06:00:00Z,2025-07-20T07:00:00Z,77.49,77.49,78.43,72.0,72.0,81.92,71.5,36.5,35.0
2025-07-20,10,2025-07-20T07:00:00Z,2025-07-20T08:00:00Z,40.43,40.43,38.84,26.17,26.17,45.33,304.0,254.8,49.2
2025-07-20,11,2025-07-20T08:00:00Z,2025-07-20T09:00:00Z,-4.16,-4.16,-7.91,-13.0,-15.96,7.5,92.1,79.2,12.9
2025-07-20,12,2025-07-20T09:00:00Z,2025-07-20T10:00:00Z,-13.46,-13.46,-17.0,-25.0,-28.9,-0.57,233.9,167.8,66.1
2025-07-20,13,2025-07-20T10:00:00Z,2025-07-20T11:00:00Z,-15.42,-15.42,-19.03,-33.37,-34.0,-1.82,150.6,113.0,37.6
2025-07-20,14,2025-07-20T11:00:00Z,2025-07-20T12:00:00Z,-11.95,-11.95,-7.92,0.0,-31.0,0.0,158.0,117.8,40.2
2025-07-20,15,2025-07-20T12:00:00Z,2025-07-20T13:00:00Z,-5.81,-5.81,-7.25,-29.99,-29.99,6.0,194.2,150.2,44.0
2025-07-20,16,2025-07-20T13:00:00Z,2025-07-20T14:00:00Z,16.73,16.73,17.61,9.15,5.0,30.0,122.1,98.6,23.5
2025-07-20,17,2025-07-20T14:00:00Z,2025-07-20T15:00:00Z,69.15,69.15,68.02,65.56,52.6,88.48,140.9,101.9,39.0
2025-07-20,18,2025-07-20T15:00:00Z,2025-07-20T16:00:00Z,91.61,91.61,92.47,91.01,85.24,107.54,84.9,45.6,39.3
2025-07-20,19,2025-07-20T16:00:00Z,2025-07-20T17:00:00Z,96.03,96.03,97.55,94.2,91.0,105.02,53.6,44.0,9.6
2025-07-20,20,2025-07-20T17:00:00Z,2025-07-20T18:00:00Z,111.62,111.62,111.5,119.0,104.6,119.68,133.4,40.3,93.1
2025-07-20,21,2025-07-20T18:00:00Z,2025-07-20T19:00:00Z,131.33,131.33,131.54,125.0,125.0,142.18,164.1,31.5,132.6
2025-07-20,22,2025-07-20T19:00:00Z,2025-07-20T20:00:00Z,118.88,118.88,120.29,119.0,107.39,137.0,121.0,39.0,82.0
2025-07-20,23,2025-07-20T20:00:00Z,2025-07-20T21:00:00Z,118.9,118.9,117.85,113.18,113.16,129.53,182.7,57.2,125.5
2025-07-20,24,2025-07-20T21:00:00Z,2025-07-20T22:00:00Z,98.99,98.99,100.43,113.0,98.01,113.0,78.1,17.4,60.7
2025-07-21,1,2025-07-20T22:00:00Z,2025-07-20T23:00:00Z,103.14,103.14,106.2,93.48,91.55,115.59,6.6,2.1,4.5
2025-07-21,2,2025-07-20T23:00:00Z,2025-07-21T00:00:00Z,91.95,91.95,93.14,91.99,88.73,100.01,12.8,8.8,4.0
2025-07-21,3,2025-07-21T00:00:00Z,2025-07-21T01:00:00Z,89.63,89.63,90.67,90.0,88.02,96.0,16.2,8.8,7.4
2025-07-21,4,2025-07-21T01:00:00Z,2025-07-21T02:00:00Z,89.63,89.63,87.3,92.0,83.05,93.0,14.5,11.0,3.5
2025-07-21,5,2025-07-21T02:00:00Z,2025-07-21T03:00:00Z,92.61,92.61,91.79,93.0,88.5,96.45,14.7,11.7,3.0
2025-07-21,6,2025-07-21T03:00:00Z,2025-07-21T04:00:00Z,95.33,95.33,96.44,95.0,95.0,98.61,11.0,11.0,0.0
2025-07-21,7,2025-07-21T04:00:00Z,2025-07-21T05:00:00Z,119.87,119.87,119.87,115.48,115.48,124.26,1.0,1.0,0.0
2025-07-21,8,2025-07-21T05:00:00Z,2025-07-21T06:00:00Z,117.15,117.15,117.98,115.35,115.35,123.25,17.5,0.5,17.0
2025-07-21,9,2025-07-21T06:00:00Z,2025-07-21T07:00:00Z,112.58,112.58,111.0,10.0,10.0,120.99,68.6,12.5,56.1
2025-07-21,10,2025-07-21T07:00:00Z,2025-07-21T08:00:00Z,104.56,104.56,106.44,109.0,98.17,112.48,95.8,31.0,64.8
2025-07-21,11,2025-07-21T08:00:00Z,2025-07-21T09:00:00Z,87.21,87.21,87.25,89.98,79.52,99.93,135.0,58.0,77.0
2025-07-21,12,2025-07-21T09:00:00Z,2025-07-21T10:00:00Z,91.56,91.56,92.3,93.12,85.5,104.0,150.3,59.0,91.3
2025-07-21,13,2025-07-21T10:00:00Z,2025-07-21T11:00:00Z,97.36,97.36,96.61,101.9,85.2,106.1,158.0,100.2,57.8
2025-07-21,14,2025-07-21T11:00:00Z,2025-07-21T12:00:00Z,102.76,102.76,101.67,94.9,83.33,110.35,116.4,29.4,87.0
2025-07-21,15,2025-07-21T12:00:00Z,2025-07-21T13:00:00Z,99.43,99.43,99.53,100.2,80.0,104.31,117.2,43.5,73.7
2025-07-21,16,2025-07-21T13:00:00Z,2025-07-21T14:00:00Z,95.63,95.63,95.55,93.0,82.0,107.26,118.1,73.5,44.6
2025-07-21,17,2025-07-21T14:00:00Z,2025-07-21T15:00:00Z,105.04,105.04,105.69,106.0,94.0,127.0,160.4,94.1,66.3
2025-07-21,18,2025-07-21T15:00:00Z,2025-07-21T16:00:00Z,127.5,127.5,125.38,120.0,110.49,140.0,95.7,52.0,43.7
2025-07-21,19,2025-07-21T16:00:00Z,2025-07-21T17:00:00Z,172.48,172.48,171.43,160.0,156.03,186.6,94.0,52.0,42.0
2025-07-21,20,2025-07-21T17:00:00Z,2025-07-21T18:00:00Z,183.34,183.34,182.8,185.0,172.01,195.3,244.2,95.0,149.2
2025-07-21,21,2025-07-21T18:00:00Z,2025-07-21T19:00:00Z,175.09,175.09,174.7,184.0,160.0,184.0,144.7,50.4,94.3
2025-07-21,22,2025-07-21T19:00:00Z,2025-07-21T20:00:00Z,139.52,139.52,141.12,130.0,125.0,169.97,56.9,29.5,27.4
2025-07-21,23,2025-07-21T20:00:00Z,2025-07-21T21:00:00Z,111.27,111.27,117.22,141.87,108.01,141.87,32.7,15.1,17.6
2025-07-21,24,2025-07-21T21:00:00Z,2025-07-21T22:00:00Z,111.71,111.71,119.04,135.0,98.71,135.0,60.7,36.2,24.5
2025-07-22,1,2025-07-21T22:00:00Z,2025-07-21T23:00:00Z,98.79,98.79,98.71,98.1,98.1,99.0,8.8,8.0,0.8
2025-07-22,2,2025-07-21T23:00:00Z,2025-07-22T00:00:00Z,103.91,103.91,100.58,95.0,93.51,107.49,5.8,5.0,0.8
2025-07-22,3,2025-07-22T00:00:00Z,2025-07-22T01:00:00Z,76.89,76.89,83.49,91.99,56.5,100.0,43.3,31.0,12.3
2025-07-22,4,2025-07-22T01:00:00Z,2025-07-22T02:00:00Z,82.99,82.99,87.83,94.0,55.23,100.0,66.6,40.5,26.1
2025-07-22,5,2025-07-22T02:00:00Z,2025-07-22T03:00:00Z,93.64,93.64,91.44,89.6,88.82,96.99,22.5,15.5,7.0
2025-07-22,6,2025-07-22T03:00:00Z,2025-07-22T04:00:00Z,90.52,90.52,94.62,105.0,61.25,113.96,54.8,30.5,24.3
2025-07-22,7,2025-07-22T04:00:00Z,2025-07-22T05:00:00Z,117.39,117.39,117.0,119.36,115.0,120.82,8.5,8.5,0.0
2025-07-22,8,2025-07-22T05:00:00Z,2025-07-22T06:00:00Z,117.73,117.73,115.82,115.75,111.78,120.0,20.5,10.5,10.0
2025-07-22,9,2025-07-22T06:00:00Z,2025-07-22T07:00:00Z,107.39,107.39,107.37,95.01,95.01,113.51,44.5,6.5,38.0
2025-07-22,10,2025-07-22T07:00:00Z,2025-07-22T08:00:00Z,103.46,103.46,103.76,109.89,90.0,109.89,103.5,34.0,69.5
2025-07-22,11,2025-07-22T08:00:00Z,2025-07-22T09:00:00Z,85.59,85.59,85.36,90.0,79.55,91.26,166.9,104.2,62.7
2025-07-22,12,2025-07-22T09:00:00Z,2025-07-22T10:00:00Z,72.15,72.15,72.1,74.0,66.21,77.02,421.9,334.4,87.5
2025-07-22,13,2025-07-22T10:00:00Z,2025-07-22T11:00:00Z,55.18,55.18,53.48,68.37,34.61,92.0,138.9,62.6,76.3
2025-07-22,14,2025-07-22T11:00:00Z,2025-07-22T12:00:00Z,46.54,46.54,51.17,50.0,31.74,88.22,151.1,51.8,99.3
2025-07-22,15,2025-07-22T12:00:00Z,2025-07-22T13:00:00Z,62.73,62.73,63.7,68.16,35.24,85.0,109.1,25.9,83.2
2025-07-22,16,2025-07-22T13:00:00Z,2025-07-22T14:00:00Z,87.56,87.56,85.61,77.0,50.19,100.42,139.0,61.5,77.5
2025-07-22,17,2025-07-22T14:00:00Z,2025-07-22T15:00:00Z,98.56,98.56,101.35,87.0,60.01,126.0,250.3,122.4,127.9
2025-07-22,18,2025-07-22T15:00:00Z,2025-07-22T16:00:00Z,102.58,102.58,100.21,103.0,86.42,110.98,158.8,100.7,58.1
2025-07-22,19,2025-07-22T16:00:00Z,2025-07-22T17:00:00Z,128.94,128.94,130.86,133.77,89.5,160.05,178.8,80.1,98.7
2025-07-22,20,2025-07-22T17:00:00Z,2025-07-22T18:00:00Z,157.77,157.77,156.57,130.0,130.0,210.64,218.2,73.5,144.7
2025-07-22,21,2025-07-22T18:00:00Z,2025-07-22T19:00:00Z,174.48,174.48,160.98,160.0,128.56,205.0,172.8,47.5,125.3
2025-07-22,22,2025-07-22T19:00:00Z,2025-07-22T20:00:00Z,146.78,146.78,136.1,130.0,115.0,177.03,117.6,43.2,74.4
2025-07-22,23,2025-07-22T20:00:00Z,2025-07-22T21:00:00Z,106.73,106.73,106.0,99.0,99.0,110.0,26.3,13.0,13.3
2025-07-22,24,2025-07-22T21:00:00Z,2025-07-22T22:00:00Z,104.04,104.04,100.65,86.71,86.71,116.5,73.8,17.0,56.8
2025-07-23,1,2025-07-22T22:00:00Z,2025-07-22T23:00:00Z,99.42,99.42,101.4,82.0,82.0,118.0,94.9,50.4,44.5
2025-07-23,2,2025-07-22T23:00:00Z,2025-07-23T00:00:00Z,98.42,98.42,99.12,92.0,92.0,112.99,127.4,56.4,71.0
2025-07-23,3,2025-07-23T00:00:00Z,2025-07-23T01:00:00Z,85.12,85.12,85.44,72.0,72.0,107.0,120.0,39.0,81.0
2025-07-23,4,2025-07-23T01:00:00Z,2025-07-23T02:00:00Z,86.3,86.3,86.73,87.9,78.0,124.0,122.9,38.6,84.3
2025-07-23,5,2025-07-23T02:00:00Z,2025-07-23T03:00:00Z,91.46,91.46,89.75,82.0,82.0,119.0,112.2,36.2,76.0
2025-07-23,6,2025-07-23T03:00:00Z,2025-07-23T04:00:00Z,98.6,98.6,98.37,100.01,90.0,104.99,77.5,21.5,56.0
2025-07-23,7,2025-07-23T04:00:00Z,2025-07-23T05:00:00Z,101.73,101.73,101.26,100.84,97.01,104.0,70.3,18.5,51.8
2025-07-23,8,2025-07-23T05:00:00Z,2025-07-23T06:00:00Z,102.56,102.56,100.04,99.22,94.0,110.01,75.5,13.5,62.0
2025-07-23,9,2025-07-23T06:00:00Z,2025-07-23T07:00:00Z,93.31,93.31,91.04,60.01,60.01,97.0,93.4,20.9,72.5
2025-07-23,10,2025-07-23T07:00:00Z,2025-07-23T08:00:00Z,74.61,74.61,72.82,75.0,54.51,87.0,181.1,109.1,72.0
2025-07-23,11,2025-07-23T08:00:00Z,2025-07-23T09:00:00Z,69.79,69.79,69.51,65.01,62.97,81.0,285.9,134.8,151.1
2025-07-23,12,2025-07-23T09:00:00Z,2025-07-23T10:00:00Z,67.48,67.48,66.93,64.01,56.37,77.0,256.3,156.3,100.0
2025-07-23,13,2025-07-23T10:00:00Z,2025-07-23T11:00:00Z,65.87,65.87,64.67,53.34,53.34,79.7,185.4,109.1,76.3
2025-07-23,14,2025-07-23T11:00:00Z,2025-07-23T12:00:00Z,66.03,66.03,66.41,69.53,60.01,78.15,138.3,101.8,36.5
2025-07-23,15,2025-07-23T12:00:00Z,2025-07-23T13:00:00Z,68.08,68.08,68.24,55.71,55.71,80.19,169.1,110.3,58.8
2025-07-23,16,2025-07-23T13:00:00Z,2025-07-23T14:00:00Z,69.78,69.78,67.51,75.3,49.99,93.49,177.6,100.6,77.0
2025-07-23,17,2025-07-23T14:00:00Z,2025-07-23T15:00:00Z,90.33,90.33,90.35,78.64,78.64,112.0,87.7,38.8,48.9
2025-07-23,18,2025-07-23T15:00:00Z,2025-07-23T16:00:00Z,107.84,107.84,103.13,83.6,83.32,125.37,123.8,58.7,65.1
2025-07-23,19,2025-07-23T16:00:00Z,2025-07-23T17:00:00Z,132.73,132.73,127.05,135.0,96.35,184.08,91.0,41.0,50.0
2025-07-23,20,2025-07-23T17:00:00Z,2025-07-23T18:00:00Z,209.25,209.25,212.7,215.0,188.0,261.91,260.2,63.5,196.7
2025-07-23,21,2025-07-23T18:00:00Z,2025-07-23T19:00:00Z,189.48,189.48,192.93,215.99,177.04,262.39,227.9,30.8,197.1
2025-07-23,22,2025-07-23T19:00:00Z,2025-07-23T20:00:00Z,147.13,147.13,148.64,125.0,125.0,165.0,229.8,64.2,165.6
2025-07-23,23,2025-07-23T20:00:00Z,2025-07-23T21:00:00Z,98.3,98.3,100.25,98.0,98.0,105.0,45.4,22.7,22.7
2025-07-23,24,2025-07-23T21:00:00Z,2025-07-23T22:00:00Z,98.09,98.09,98.55,86.01,86.01,134.95,31.2,5.7,25.5
2025-07-24,1,2025-07-23T22:00:00Z,2025-07-23T23:00:00Z,99.12,99.12,99.08,100.01,95.0,100.1,50.6,5.0,45.6
2025-07-24,2,2025-07-23T23:00:00Z,2025-07-24T00:00:00Z,96.88,96.88,95.81,95.0,84.61,100.99,37.7,10.7,27.0
2025-07-24,3,2025-07-24T00:00:00Z,2025-07-24T01:00:00Z,96.55,96.55,95.7,97.5,92.47,98.0,37.6,2.0,35.6
2025-07-24,4,2025-07-24T01:00:00Z,2025-07-24T02:00:00Z,92.85,92.85,93.66,88.07,88.07,97.0,30.7,0.1,30.6
2025-07-24,5,2025-07-24T02:00:00Z,2025-07-24T03:00:00Z,97.85,97.85,100.19,113.53,83.2,113.53,49.3,11.3,38.0
2025-07-24,6,2025-07-24T03:00:00Z,2025-07-24T04:00:00Z,110.1,110.1,107.7,110.0,97.01,111.0,25.0,0.0,25.0
2025-07-24,7,2025-07-24T04:00:00Z,2025-07-24T05:00:00Z,112.78,112.78,113.21,114.49,112.0,116.06,37.0,5.0,32.0
2025-07-24,8,2025-07-24T05:00:00Z,2025-07-24T06:00:00Z,116.81,116.81,116.64,120.62,115.0,120.62,26.0,0.0,26.0
2025-07-24,9,2025-07-24T06:00:00Z,2025-07-24T07:00:00Z,111.54,111.54,111.84,116.51,107.66,116.51,66.0,12.5,53.5
2025-07-24,10,2025-07-24T07:00:00Z,2025-07-24T08:00:00Z,98.54,98.54,101.73,71.0,70.02,108.02,222.1,74.2,147.9
2025-07-24,11,2025-07-24T08:00:00Z,2025-07-24T09:00:00Z,90.46,90.46,92.43,130.0,81.43,130.0,188.3,25.8,162.5
2025-07-24,12,2025-07-24T09:00:00Z,2025-07-24T10:00:00Z,88.96,88.96,89.57,111.99,83.01,111.99,166.0,42.3,123.7
2025-07-24,13,2025-07-24T10:00:00Z,2025-07-24T11:00:00Z,103.23,103.23,110.24,65.08,65.08,136.95,135.6,70.3,65.3
2025-07-24,14,2025-07-24T11:00:00Z,2025-07-24T12:00:00Z,105.13,105.13,101.24,74.02,67.94,133.04,139.8,66.1,73.7
2025-07-24,15,2025-07-24T12:00:00Z,2025-07-24T13:00:00Z,96.94,96.94,98.89,99.0,86.0,115.0,103.6,46.1,57.5
2025-07-24,16,2025-07-24T13:00:00Z,2025-07-24T14:00:00Z,105.21,105.21,107.65,130.0,80.0,140.0,84.0,42.0,42.0
2025-07-24,17,2025-07-24T14:00:00Z,2025-07-24T15:00:00Z,115.27,115.27,116.17,108.0,105.0,135.0,164.1,105.0,59.1
2025-07-24,18,2025-07-24T15:00:00Z,2025-07-24T16:00:00Z,125.53,125.53,127.86,126.0,116.43,149.85,92.0,68.0,24.0
2025-07-24,19,2025-07-24T16:00:00Z,2025-07-24T17:00:00Z,169.79,169.79,171.5,170.03,119.25,219.8,160.6,83.6,77.0
2025-07-24,20,2025-07-24T17:00:00Z,2025-07-24T18:00:00Z,210.33,210.33,210.91,202.0,200.1,229.99,229.0,74.3,154.7
2025-07-24,21,2025-07-24T18:00:00Z,2025-07-24T19:00:00Z,237.03,237.03,240.28,289.99,220.0,289.99,238.1,51.6,186.5
2025-07-24,22,2025-07-24T19:00:00Z,2025-07-24T20:00:00Z,166.96,166.96,170.69,191.82,155.51,193.9,92.3,28.5,63.8
2025-07-24,23,2025-07-24T20:00:00Z,2025-07-24T21:00:00Z,143.08,143.08,148.54,160.0,136.6,160.0,52.7,22.2,30.5
2025-07-24,24,2025-07-24T21:00:00Z,2025-07-24T22:00:00Z,117.46,117.46,117.7,111.49,107.42,126.0,73.4,33.5,39.9
2025-07-25,1,2025-07-24T22:00:00Z,2025-07-24T23:00:00Z,111.0,111.0,111.0,111.0,111.0,111.0,6.6,3.3,3.3
2025-07-25,2,2025-07-24T23:00:00Z,2025-07-25T00:00:00Z,103.36,103.36,103.25,101.7,101.7,107.14,14.8,4.8,10.0
2025-07-25,3,2025-07-25T00:00:00Z,2025-07-25T01:00:00Z,101.59,101.59,101.87,107.0,97.7,107.0,31.5,10.5,21.0
2025-07-25,4,2025-07-25T01:00:00Z,2025-07-25T02:00:00Z,95.72,95.72,95.83,96.34,94.62,97.0,31.9,13.2,18.7
2025-07-25,5,2025-07-25T02:00:00Z,2025-07-25T03:00:00Z,98.35,98.35,96.58,93.06,93.06,100.0,19.8,4.3,15.5
2025-07-25,6,2025-07-25T03:00:00Z,2025-07-25T04:00:00Z,95.36,95.36,96.12,95.13,93.02,103.0,15.8,0.3,15.5
2025-07-25,7,2025-07-25T04:00:00Z,2025-07-25T05:00:00Z,106.28,106.28,105.69,106.0,104.64,111.77,16.5,2.0,14.5
2025-07-25,8,2025-07-25T05:00:00Z,2025-07-25T06:00:00Z,112.87,112.87,111.4,117.0,104.18,117.52,67.5,21.4,46.1
2025-07-25,9,2025-07-25T06:00:00Z,2025-07-25T07:00:00Z,109.27,109.27,106.45,99.05,99.05,116.75,101.1,25.7,75.4
2025-07-25,10,2025-07-25T07:00:00Z,2025-07-25T08:00:00Z,101.31,101.31,101.54,103.3,97.69,103.3,172.3,65.6,106.7
2025-07-25,11,2025-07-25T08:00:00Z,2025-07-25T09:00:00Z,92.55,92.55,92.2,90.45,88.52,96.0,113.8,35.1,78.7
2025-07-25,12,2025-07-25T09:00:00Z,2025-07-25T10:00:00Z,85.92,85.92,86.54,90.0,79.0,90.65,143.0,44.9,98.1
2025-07-25,13,2025-07-25T10:00:00Z,2025-07-25T11:00:00Z,81.65,81.65,83.34,55.04,55.04,90.01,161.0,84.7,76.3
2025-07-25,14,2025-07-25T11:00:00Z,2025-07-25T12:00:00Z,83.3,83.3,83.88,84.17,73.5,98.0,237.8,132.3,105.5
2025-07-25,15,2025-07-25T12:00:00Z,2025-07-25T13:00:00Z,78.55,78.55,81.59,55.02,55.02,90.31,202.4,125.1,77.3
2025-07-25,16,2025-07-25T13:00:00Z,2025-07-25T14:00:00Z,88.47,88.47,87.35,79.52,79.52,103.56,171.7,82.2,89.5
2025-07-25,17,2025-07-25T14:00:00Z,2025-07-25T15:00:00Z,103.18,103.18,104.17,97.76,94.8,112.3,221.0,139.5,81.5
2025-07-25,18,2025-07-25T15:00:00Z,2025-07-25T16:00:00Z,118.1,118.1,116.06,112.5,112.5,126.07,111.1,87.6,23.5
2025-07-25,19,2025-07-25T16:00:00Z,2025-07-25T17:00:00Z,149.37,149.37,150.88,155.0,134.1,159.96,70.6,51.3,19.3
2025-07-25,20,2025-07-25T17:00:00Z,2025-07-25T18:00:00Z,202.91,202.91,203.44,193.01,187.45,231.39,120.7,43.3,77.4
2025-07-25,21,2025-07-25T18:00:00Z,2025-07-25T19:00:00Z,221.98,221.98,225.22,190.0,190.0,280.0,168.8,78.5,90.3
2025-07-25,22,2025-07-25T19:00:00Z,2025-07-25T20:00:00Z,124.43,124.43,126.66,138.0,114.41,139.12,239.0,72.3,166.7
2025-07-25,23,2025-07-25T20:00:00Z,2025-07-25T21:00:00Z,120.41,120.41,119.94,127.99,109.35,129.56,97.7,89.7,8.0
2025-07-25,24,2025-07-25T21:00:00Z,2025-07-25T22:00:00Z,121.36,121.36,119.83,114.1,114.1,126.08,74.5,54.4,20.1
2025-07-26,1,2025-07-25T22:00:00Z,2025-07-25T23:00:00Z,151.77,151.77,146.65,156.97,132.0,156.97,7.3,6.5,0.8
2025-07-26,2,2025-07-25T23:00:00Z,2025-07-26T00:00:00Z,129.08,129.08,127.09,128.5,121.02,130.6,22.9,18.6,4.3
2025-07-26,3,2025-07-26T00:00:00Z,2025-07-26T01:00:00Z,122.04,122.04,120.78,122.0,110.8,125.1,20.9,20.1,0.8
2025-07-26,4,2025-07-26T01:00:00Z,2025-07-26T02:00:00Z,124.2,124.2,122.07,126.01,119.0,126.01,17.9,16.3,1.6
2025-07-26,5,2025-07-26T02:00:00Z,2025-07-26T03:00:00Z,111.43,111.43,111.32,110.3,110.3,111.81,16.8,15.0,1.8
2025-07-26,6,2025-07-26T03:00:00Z,2025-07-26T04:00:00Z,106.15,106.15,109.91,105.0,103.1,115.99,7.3,5.5,1.8
2025-07-26,7,2025-07-26T04:00:00Z,2025-07-26T05:00:00Z,103.03,103.03,102.96,101.0,97.15,103.76,34.4,32.6,1.8
2025-07-26,8,2025-07-26T05:00:00Z,2025-07-26T06:00:00Z,98.1,98.1,98.0,97.9,97.09,101.06,13.9,12.1,1.8
2025-07-26,9,2025-07-26T06:00:00Z,2025-07-26T07:00:00Z,88.24,88.24,87.85,99.99,79.57,99.99,82.7,77.7,5.0
2025-07-26,10,2025-07-26T07:00:00Z,2025-07-26T08:00:00Z,86.0,86.0,85.96,93.55,83.28,93.55,151.0,137.7,13.3
2025-07-26,11,2025-07-26T08:00:00Z,2025-07-26T09:00:00Z,82.32,82.32,82.56,88.34,76.84,88.6,140.1,118.0,22.1
2025-07-26,12,2025-07-26T09:00:00Z,2025-07-26T10:00:00Z,77.77,77.77,78.5,83.86,71.71,86.2,61.5,51.1,10.4
2025-07-26,13,2025-07-26T10:00:00Z,2025-07-26T11:00:00Z,79.51,79.51,82.19,74.0,66.83,94.98,119.6,88.4,31.2
2025-07-26,14,2025-07-26T11:00:00Z,2025-07-26T12:00:00Z,84.52,84.52,86.4,73.85,68.66,115.69,91.9,71.0,20.9
2025-07-26,15,2025-07-26T12:00:00Z,2025-07-26T13:00:00Z,117.47,117.47,113.87,154.68,62.24,154.68,97.2,46.6,50.6
2025-07-26,16,2025-07-26T13:00:00Z,2025-07-26T14:00:00Z,74.91,74.91,73.84,76.0,64.19,84.0,315.6,190.2,125.4
2025-07-26,17,2025-07-26T14:00:00Z,2025-07-26T15:00:00Z,91.43,91.43,87.31,78.52,75.3,108.0,200.3,125.5,74.8
2025-07-26,18,2025-07-26T15:00:00Z,2025-07-26T16:00:00Z,121.67,121.67,118.97,145.11,90.0,166.51,435.5,199.6,235.9
2025-07-26,19,2025-07-26T16:00:00Z,2025-07-26T17:00:00Z,139.18,139.18,143.62,188.0,79.0,188.0,385.6,287.8,97.8
2025-07-26,20,2025-07-26T17:00:00Z,2025-07-26T18:00:00Z,142.47,142.47,141.18,117.42,113.59,153.99,474.4,349.7,124.7
2025-07-26,21,2025-07-26T18:00:00Z,2025-07-26T19:00:00Z,146.35,146.35,148.81,142.54,125.0,154.5,347.7,255.0,92.7
2025-07-26,22,2025-07-26T19:00:00Z,2025-07-26T20:00:00Z,136.17,136.17,138.7,156.33,105.02,156.33,160.2,65.1,95.1
2025-07-26,23,2025-07-26T20:00:00Z,2025-07-26T21:00:00Z,117.96,117.96,115.3,115.67,99.01,126.91,193.4,86.5,106.9
2025-07-26,24,2025-07-26T21:00:00Z,2025-07-26T22:00:00Z,105.54,105.54,105.77,86.9,86.9,115.0,151.5,39.5,112.0
2025-07-27,1,2025-07-26T22:00:00Z,2025-07-26T23:00:00Z,98.15,98.15,97.73,88.1,88.0,99.9,151.4,134.9,16.5
2025-07-27,2,2025-07-26T23:00:00Z,2025-07-27T00:00:00Z,92.27,92.27,92.23,80.79,80.79,93.96,147.0,131.5,15.5
2025-07-27,3,2025-07-27T00:00:00Z,2025-07-27T01:00:00Z,90.43,90.43,90.54,90.0,87.0,93.15,146.5,135.0,11.5
2025-07-27,4,2025-07-27T01:00:00Z,2025-07-27T02:00:00Z,90.67,90.67,90.74,89.18,84.13,92.69,161.7,149.2,12.5
2025-07-27,5,2025-07-27T02:00:00Z,2025-07-27T03:00:00Z,88.9,88.9,88.66,89.96,87.0,90.0,168.3,156.3,12.0
2025-07-27,6,2025-07-27T03:00:00Z,2025-07-27T04:00:00Z,87.19,87.19,87.08,85.18,85.0,88.77,209.7,183.7,26.0
2025-07-27,7,2025-07-27T04:00:00Z,2025-07-27T05:00:00Z,89.38,89.38,88.03,82.19,82.19,95.82,326.2,291.6,34.6
2025-07-27,8,2025-07-27T05:00:00Z,2025-07-27T06:00:00Z,86.41,86.41,86.47,85.9,81.43,89.99,260.5,259.5,1.0
2025-07-27,9,2025-07-27T06:00:00Z,2025-07-27T07:00:00Z,82.11,82.11,82.75,84.82,80.0,85.9,111.7,89.0,22.7
2025-07-27,10,2025-07-27T07:00:00Z,2025-07-27T08:00:00Z,81.84,81.84,81.92,84.53,77.99,85.72,95.9,71.1,24.8
2025-07-27,11,2025-07-27T08:00:00Z,2025-07-27T09:00:00Z,76.76,76.76,75.57,66.3,62.9,81.95,237.1,212.9,24.2
2025-07-27,12,2025-07-27T09:00:00Z,2025-07-27T10:00:00Z,65.58,65.58,64.31,99.0,42.69,119.0,181.4,158.8,22.6
2025-07-27,13,2025-07-27T10:00:00Z,2025-07-27T11:00:00Z,34.75,34.75,33.28,65.0,10.19,68.55,137.5,128.0,9.5
2025-07-27,14,2025-07-27T11:00:00Z,2025-07-27T12:00:00Z,17.37,17.37,13.67,-5.78,-5.86,55.0,141.3,130.3,11.0
2025-07-27,15,2025-07-27T12:00:00Z,2025-07-27T13:00:00Z,26.87,26.87,19.85,87.99,-2.63,87.99,172.3,122.5,49.8
2025-07-27,16,2025-07-27T13:00:00Z,2025-07-27T14:00:00Z,32.47,32.47,31.62,43.19,15.0,88.0,168.3,119.4,48.9
2025-07-27,17,2025-07-27T14:00:00Z,2025-07-27T15:00:00Z,73.19,73.19,68.72,48.9,48.9,99.0,422.7,257.7,165.0
2025-07-27,18,2025-07-27T15:00:00Z,2025-07-27T16:00:00Z,81.83,81.83,83.7,80.53,73.0,104.99,167.0,87.0,80.0
2025-07-27,19,2025-07-27T16:00:00Z,2025-07-27T17:00:00Z,123.01,123.01,124.14,139.0,110.0,139.99,157.0,58.5,98.5
2025-07-27,20,2025-07-27T17:00:00Z,2025-07-27T18:00:00Z,117.55,117.55,117.74,125.0,107.36,136.51,173.7,48.8,124.9
2025-07-27,21,2025-07-27T18:00:00Z,2025-07-27T19:00:00Z,128.92,128.92,128.54,140.47,110.0,140.47,326.5,109.4,217.1
2025-07-27,22,2025-07-27T19:00:00Z,2025-07-27T20:00:00Z,146.62,146.62,144.16,166.98,131.0,166.98,254.7,58.4,196.3
2025-07-27,23,2025-07-27T20:00:00Z,2025-07-27T21:00:00Z,130.3,130.3,127.64,101.0,100.0,140.56,233.6,42.3,191.3
2025-07-27,24,2025-07-27T21:00:00Z,2025-07-27T22:00:00Z,102.79,102.79,101.53,104.0,96.97,115.0,250.8,84.7,166.1
2025-07-28,1,2025-07-27T22:00:00Z,2025-07-27T23:00:00Z,100.36,100.36,98.83,93.01,93.01,104.0,73.0,30.0,43.0
2025-07-28,2,2025-07-27T23:00:00Z,2025-07-28T00:00:00Z,90.85,90.85,88.68,84.5,84.07,93.5,48.8,10.9,37.9
2025-07-28,3,2025-07-28T00:00:00Z,2025-07-28T01:00:00Z,84.24,84.24,82.85,82.31,80.0,88.0,48.5,8.5,40.0
2025-07-28,4,2025-07-28T01:00:00Z,2025-07-28T02:00:00Z,79.85,79.85,79.88,78.0,78.0,81.51,45.0,0.0,45.0
2025-07-28,5,2025-07-28T02:00:00Z,2025-07-28T03:00:00Z,82.3,82.3,82.57,80.01,79.1,96.88,47.5,11.0,36.5
2025-07-28,6,2025-07-28T03:00:00Z,2025-07-28T04:00:00Z,90.7,90.7,91.75,86.0,86.0,95.01,99.9,38.4,61.5
2025-07-28,7,2025-07-28T04:00:00Z,2025-07-28T05:00:00Z,103.12,103.12,98.13,100.5,91.61,123.22,104.3,22.8,81.5
2025-07-28,8,2025-07-28T05:00:00Z,2025-07-28T06:00:00Z,111.08,111.08,109.48,119.99,98.68,125.8,133.0,39.5,93.5
2025-07-28,9,2025-07-28T06:00:00Z,2025-07-28T07:00:00Z,107.06,107.06,105.3,100.02,98.61,118.0,94.3,5.8,88.5
2025-07-28,10,2025-07-28T07:00:00Z,2025-07-28T08:00:00Z,97.78,97.78,96.92,85.0,85.0,109.47,174.6,13.1,161.5
2025-07-28,11,2025-07-28T08:00:00Z,2025-07-28T09:00:00Z,85.94,85.94,85.44,81.9,73.58,101.0,269.4,69.8,199.6
2025-07-28,12,2025-07-28T09:00:00Z,2025-07-28T10:00:00Z,81.73,81.73,81.23,72.41,72.41,92.19,233.6,58.0,175.6
2025-07-28,13,2025-07-28T10:00:00Z,2025-07-28T11:00:00Z,65.14,65.14,65.47,70.98,50.0,75.37,316.6,127.4,189.2
2025-07-28,14,2025-07-28T11:00:00Z,2025-07-28T12:00:00Z,62.16,62.16,60.77,72.0,45.0,76.36,353.1,119.8,233.3
2025-07-28,15,2025-07-28T12:00:00Z,2025-07-28T13:00:00Z,58.75,58.75,57.25,68.55,29.26,84.62,433.2,200.9,232.3
2025-07-28,16,2025-07-28T13:00:00Z,2025-07-28T14:00:00Z,59.93,59.93,57.29,36.0,36.0,82.74,299.3,98.3,201.0
2025-07-28,17,2025-07-28T14:00:00Z,2025-07-28T15:00:00Z,61.28,61.28,60.03,47.0,46.96,91.06,180.2,38.0,142.2
2025-07-28,18,2025-07-28T15:00:00Z,2025-07-28T16:00:00Z,71.17,71.17,71.22,59.27,59.27,99.99,210.0,93.9,116.1
2025-07-28,19,2025-07-28T16:00:00Z,2025-07-28T17:00:00Z,97.97,97.97,93.59,65.0,60.0,120.01,157.3,54.3,103.0
2025-07-28,20,2025-07-28T17:00:00Z,2025-07-28T18:00:00Z,108.34,108.34,103.77,91.11,85.0,140.09,370.6,66.8,303.8
2025-07-28,21,2025-07-28T18:00:00Z,2025-07-28T19:00:00Z,111.61,111.61,107.55,95.4,95.2,150.0,370.1,76.4,293.7
2025-07-28,22,2025-07-28T19:00:00Z,2025-07-28T20:00:00Z,115.15,115.15,112.16,92.58,92.58,138.01,282.2,54.5,227.7
2025-07-28,23,2025-07-28T20:00:00Z,2025-07-28T21:00:00Z,102.95,102.95,100.97,89.99,89.82,118.81,214.1,62.8,151.3
2025-07-28,24,2025-07-28T21:00:00Z,2025-07-28T22:00:00Z,87.58,87.58,84.15,79.06,77.54,99.0,105.9,24.2,81.7
2025-07-29,1,2025-07-28T22:00:00Z,2025-07-28T23:00:00Z,77.33,77.33,77.79,73.77,73.77,81.0,34.4,4.5,29.9
2025-07-29,2,2025-07-28T23:00:00Z,2025-07-29T00:00:00Z,76.42,76.42,79.77,73.22,72.88,92.04,20.1,5.0,15.1
2025-07-29,3,2025-07-29T00:00:00Z,2025-07-29T01:00:00Z,76.64,76.64,76.56,74.58,72.69,79.48,23.7,5.1,18.6
2025-07-29,4,2025-07-29T01:00:00Z,2025-07-29T02:00:00Z,72.52,72.52,70.64,60.79,60.79,85.0,27.6,5.0,22.6
2025-07-29,5,2025-07-29T02:00:00Z,2025-07-29T03:00:00Z,74.92,74.92,73.75,69.78,66.76,87.0,21.1,4.5,16.6
2025-07-29,6,2025-07-29T03:00:00Z,2025-07-29T04:00:00Z,79.64,79.64,78.67,74.21,74.21,94.24,30.5,4.5,26.0
2025-07-29,7,2025-07-29T04:00:00Z,2025-07-29T05:00:00Z,87.97,87.97,86.51,91.99,81.48,99.29,65.8,22.5,43.3
2025-07-29,8,2025-07-29T05:00:00Z,2025-07-29T06:00:00Z,92.36,92.36,91.23,88.0,84.61,109.0,60.2,29.3,30.9
2025-07-29,9,2025-07-29T06:00:00Z,2025-07-29T07:00:00Z,79.44,79.44,78.46,83.92,72.55,96.0,120.8,4.0,116.8
2025-07-29,10,2025-07-29T07:00:00Z,2025-07-29T08:00:00Z,67.71,67.71,65.99,65.01,59.02,77.32,131.6,6.5,125.1
2025-07-29,11,2025-07-29T08:00:00Z,2025-07-29T09:00:00Z,43.94,43.94,43.96,30.0,30.0,70.01,185.2,33.5,151.7
2025-07-29,12,2025-07-29T09:00:00Z,2025-07-29T10:00:00Z,46.16,46.16,44.59,35.0,35.0,56.95,327.3,167.3,160.0
2025-07-29,13,2025-07-29T10:00:00Z,2025-07-29T11:00:00Z,52.46,52.46,54.75,40.0,29.35,97.97,303.6,95.9,207.7
2025-07-29,14,2025-07-29T11:00:00Z,2025-07-29T12:00:00Z,17.11,17.11,16.05,12.0,0.86,53.66,358.1,227.9,130.2
2025-07-29,15,2025-07-29T12:00:00Z,2025-07-29T13:00:00Z,21.63,21.63,16.49,-20.0,-20.0,54.34,405.4,276.0,129.4
2025-07-29,16,2025-07-29T13:00:00Z,2025-07-29T14:00:00Z,22.93,22.93,22.25,35.0,3.09,44.0,356.1,204.1,152.0
2025-07-29,17,2025-07-29T14:00:00Z,2025-07-29T15:00:00Z,31.4,31.4,31.78,60.0,23.41,60.0,466.5,364.7,101.8
2025-07-29,18,2025-07-29T15:00:00Z,2025-07-29T16:00:00Z,69.67,69.67,69.07,68.65,58.17,84.5,321.9,133.7,188.2
2025-07-29,19,2025-07-29T16:00:00Z,2025-07-29T17:00:00Z,96.94,96.94,96.6,103.5,84.98,114.01,223.8,62.8,161.0
2025-07-29,20,2025-07-29T17:00:00Z,2025-07-29T18:00:00Z,133.56,133.56,135.34,105.12,103.2,159.0,265.5,89.8,175.7
2025-07-29,21,2025-07-29T18:00:00Z,2025-07-29T19:00:00Z,141.39,141.39,136.6,99.07,99.07,175.18,401.5,99.0,302.5
2025-07-29,22,2025-07-29T19:00:00Z,2025-07-29T20:00:00Z,136.26,136.26,133.42,113.0,111.35,151.0,328.3,42.0,286.3
2025-07-29,23,2025-07-29T20:00:00Z,2025-07-29T21:00:00Z,104.69,104.69,104.98,90.74,90.74,123.5,310.6,45.3,265.3
2025-07-29,24,2025-07-29T21:00:00Z,2025-07-29T22:00:00Z,95.84,95.84,96.64,114.34,88.6,114.34,303.1,32.5,270.6
2025-07-30,1,2025-07-29T22:00:00Z,2025-07-29T23:00:00Z,89.5,89.5,89.79,96.5,75.0,111.94,182.3,28.5,153.8
2025-07-30,2,2025-07-29T23:00:00Z,2025-07-30T00:00:00Z,92.02,92.02,91.42,87.74,87.74,94.0,143.9,0.6,143.3
2025-07-30,3,2025-07-30T00:00:00Z,2025-07-30T01:00:00Z,82.36,82.36,82.05,79.56,79.21,89.18,143.3,0.0,143.3
2025-07-30,4,2025-07-30T01:00:00Z,2025-07-30T02:00:00Z,81.34,81.34,81.73,82.03,78.03,86.58,162.1,23.0,139.1
2025-07-30,5,2025-07-30T02:00:00Z,2025-07-30T03:00:00Z,85.02,85.02,84.73,84.0,80.87,89.0,135.3,40.0,95.3
2025-07-30,6,2025-07-30T03:00:00Z,2025-07-30T04:00:00Z,98.78,98.78,98.32,98.49,92.42,110.0,138.4,50.1,88.3
2025-07-30,7,2025-07-30T04:00:00Z,2025-07-30T05:00:00Z,102.01,102.01,100.46,101.5,95.44,112.08,95.8,30.0,65.8
2025-07-30,8,2025-07-30T05:00:00Z,2025-07-30T06:00:00Z,99.81,99.81,100.01,96.16,96.16,101.07,95.7,20.0,75.7
2025-07-30,9,2025-07-30T06:00:00Z,2025-07-30T07:00:00Z,86.88,86.88,87.47,97.99,80.11,97.99,147.5,0.0,147.5
2025-07-30,10,2025-07-30T07:00:00Z,2025-07-30T08:00:00Z,68.85,68.85,67.61,70.0,55.0,74.01,147.4,29.2,118.2
2025-07-30,11,2025-07-30T08:00:00Z,2025-07-30T09:00:00Z,40.62,40.62,36.87,30.0,25.31,49.99,92.6,31.4,61.2
2025-07-30,12,2025-07-30T09:00:00Z,2025-07-30T10:00:00Z,36.12,36.12,35.93,-98.0,-98.0,41.48,389.6,290.9,98.7
2025-07-30,13,2025-07-30T10:00:00Z,2025-07-30T11:00:00Z,11.33,11.33,11.39,15.0,-49.99,27.91,334.6,162.6,172.0
2025-07-30,14,2025-07-30T11:00:00Z,2025-07-30T12:00:00Z,13.98,13.98,13.83,20.53,-11.99,23.18,350.2,158.4,191.8
2025-07-30,15,2025-07-30T12:00:00Z,2025-07-30T13:00:00Z,10.9,10.9,10.71,-2.53,-2.53,19.31,326.5,158.2,168.3
2025-07-30,16,2025-07-30T13:00:00Z,2025-07-30T14:00:00Z,27.52,27.52,26.3,17.9,14.0,38.0,210.1,144.8,65.3
2025-07-30,17,2025-07-30T14:00:00Z,2025-07-30T15:00:00Z,55.22,55.22,55.5,48.71,48.71,72.02,84.0,11.6,72.4
2025-07-30,18,2025-07-30T15:00:00Z,2025-07-30T16:00:00Z,71.39,71.39,73.2,50.02,50.02,86.0,75.2,13.6,61.6
2025-07-30,19,2025-07-30T16:00:00Z,2025-07-30T17:00:00Z,121.33,121.33,120.28,118.0,106.0,128.0,92.6,2.2,90.4
2025-07-30,20,2025-07-30T17:00:00Z,2025-07-30T18:00:00Z,162.85,162.85,164.71,153.0,142.6,181.97,258.3,62.7,195.6
2025-07-30,21,2025-07-30T18:00:00Z,2025-07-30T19:00:00Z,203.76,203.76,203.41,203.4,190.66,210.01,235.4,32.3,203.1
2025-07-30,22,2025-07-30T19:00:00Z,2025-07-30T20:00:00Z,164.39,164.39,164.06,170.0,155.0,181.99,183.3,32.3,151.0
2025-07-30,23,2025-07-30T20:00:00Z,2025-07-30T21:00:00Z,117.93,117.93,118.2,126.55,105.0,128.01,52.6,23.3,29.3
2025-07-30,24,2025-07-30T21:00:00Z,2025-07-30T22:00:00Z,106.2,106.2,107.32,114.51,101.01,117.0,70.3,15.0,55.3
2025-07-31,1,2025-07-30T22:00:00Z,2025-07-30T23:00:00Z,139.05,139.05,124.45,149.99,107.51,149.99,14.5,14.5,0.0
2025-07-31,2,2025-07-30T23:00:00Z,2025-07-31T00:00:00Z,90.69,90.69,91.21,89.0,88.87,93.08,14.6,14.6,0.0
2025-07-31,3,2025-07-31T00:00:00Z,2025-07-31T01:00:00Z,86.46,86.46,85.79,87.14,80.0,87.14,7.2,0.0,7.2
2025-07-31,4,2025-07-31T01:00:00Z,2025-07-31T02:00:00Z,82.92,82.92,82.82,83.18,80.0,83.36,6.1,0.0,6.1
2025-07-31,5,2025-07-31T02:00:00Z,2025-07-31T03:00:00Z,84.18,84.18,83.87,84.26,80.0,86.52,15.8,9.8,6.0
2025-07-31,6,2025-07-31T03:00:00Z,2025-07-31T04:00:00Z,,,,,,,0.0,0.0,0.0
2025-07-31,7,2025-07-31T04:00:00Z,2025-07-31T05:00:00Z,102.62,102.62,104.22,102.41,102.41,106.0,10.6,0.6,10.0
2025-07-31,8,2025-07-31T05:00:00Z,2025-07-31T06:00:00Z,106.72,106.72,106.66,109.99,103.9,109.99,35.1,15.4,19.7
2025-07-31,9,2025-07-31T06:00:00Z,2025-07-31T07:00:00Z,95.36,95.36,95.15,93.74,93.74,97.54,38.7,0.0,38.7
2025-07-31,10,2025-07-31T07:00:00Z,2025-07-31T08:00:00Z,85.43,85.43,85.76,85.0,78.67,99.99,93.9,32.0,61.9
2025-07-31,11,2025-07-31T08:00:00Z,2025-07-31T09:00:00Z,70.81,70.81,70.67,60.0,60.0,76.9,150.3,49.3,101.0
2025-07-31,12,2025-07-31T09:00:00Z,2025-07-31T10:00:00Z,73.52,73.52,73.46,70.0,54.18,82.55,253.7,111.5,142.2
2025-07-31,13,2025-07-31T10:00:00Z,2025-07-31T11:00:00Z,66.46,66.46,65.07,71.0,43.66,78.0,258.2,122.5,135.7
2025-07-31,14,2025-07-31T11:00:00Z,2025-07-31T12:00:00Z,55.0,55.0,54.91,50.0,46.61,66.9,217.1,115.9,101.2
2025-07-31,15,2025-07-31T12:00:00Z,2025-07-31T13:00:00Z,62.25,62.25,62.92,90.0,40.11,90.0,222.9,115.9,107.0
2025-07-31,16,2025-07-31T13:00:00Z,2025-07-31T14:00:00Z,71.01,71.01,73.58,80.04,30.0,80.04,123.4,71.4,52.0
2025-07-31,17,2025-07-31T14:00:00Z,2025-07-31T15:00:00Z,81.44,81.44,83.85,83.1,50.0,90.2,97.3,53.3,44.0
2025-07-31,18,2025-07-31T15:00:00Z,2025-07-31T16:00:00Z,95.42,95.42,94.98,111.37,87.12,111.37,123.6,72.6,51.0
2025-07-31,19,2025-07-31T16:00:00Z,2025-07-31T17:00:00Z,113.85,113.85,112.05,108.0,105.0,128.73,47.2,38.6,8.6
2025-07-31,20,2025-07-31T17:00:00Z,2025-07-31T18:00:00Z,126.42,126.42,126.92,130.0,120.92,136.89,170.5,56.1,114.4
2025-07-31,21,2025-07-31T18:00:00Z,2025-07-31T19:00:00Z,144.86,144.86,144.46,148.07,138.22,156.99,124.4,21.2,103.2
2025-07-31,22,2025-07-31T19:00:00Z,2025-07-31T20:00:00Z,136.53,136.53,132.92,110.31,110.31,147.48,150.5,46.4,104.1
2025-07-31,23,2025-07-31T20:00:00Z,2025-07-31T21:00:00Z,120.49,120.49,119.93,115.0,103.16,134.34,74.6,31.9,42.7
2025-07-31,24,2025-07-31T21:00:00Z,2025-07-31T22:00:00Z,101.87,101.87,102.26,98.2,98.2,106.01,31.5,29.8,1.7
2025-08-01,1,2025-07-31T22:00:00Z,2025-07-31T23:00:00Z,115.79,115.79,114.92,115.55,105.37,119.99,44.5,30.5,14.0
2025-08-01,2,2025-07-31T23:00:00Z,2025-08-01T00:00:00Z,100.45,100.45,100.5,101.01,98.43,105.01,40.5,30.1,10.4
2025-08-01,3,2025-08-01T00:00:00Z,2025-08-01T01:00:00Z,90.04,90.04,89.59,92.0,88.3,92.0,19.4,10.4,9.0
2025-08-01,4,2025-08-01T01:00:00Z,2025-08-01T02:00:00Z,87.96,87.96,87.55,87.78,86.99,88.0,10.5,0.5,10.0
2025-08-01,5,2025-08-01T02:00:00Z,2025-08-01T03:00:00Z,91.18,91.18,90.26,90.1,88.3,94.0,30.1,20.4,9.7
2025-08-01,6,2025-08-01T03:00:00Z,2025-08-01T04:00:00Z,105.47,105.47,106.06,108.2,101.0,108.2,43.0,30.0,13.0
2025-08-01,7,2025-08-01T04:00:00Z,2025-08-01T05:00:00Z,107.45,107.45,107.6,107.75,107.0,107.96,19.0,0.0,19.0
2025-08-01,8,2025-08-01T05:00:00Z,2025-08-01T06:00:00Z,109.6,109.6,111.33,100.99,100.99,121.03,36.0,16.0,20.0
2025-08-01,9,2025-08-01T06:00:00Z,2025-08-01T07:00:00Z,101.47,101.47,104.09,90.02,90.02,114.35,22.0,5.0,17.0
2025-08-01,10,2025-08-01T07:00:00Z,2025-08-01T08:00:00Z,72.27,72.27,71.4,64.99,49.51,95.0,37.8,22.8,15.0
2025-08-01,11,2025-08-01T08:00:00Z,2025-08-01T09:00:00Z,62.91,62.91,64.65,68.0,48.99,91.71,63.7,25.6,38.1
2025-08-01,12,2025-08-01T09:00:00Z,2025-08-01T10:00:00Z,66.16,66.16,67.26,67.66,57.03,75.02,66.6,29.2,37.4
2025-08-01,13,2025-08-01T10:00:00Z,2025-08-01T11:00:00Z,63.75,63.75,63.36,40.01,40.01,84.99,100.8,79.6,21.2
2025-08-01,14,2025-08-01T11:00:00Z,2025-08-01T12:00:00Z,43.96,43.96,41.19,15.24,14.39,61.5,158.0,126.0,32.0
2025-08-01,15,2025-08-01T12:00:00Z,2025-08-01T13:00:00Z,31.71,31.71,29.77,-0.5,-1.0,57.0,254.2,186.9,67.3
2025-08-01,16,2025-08-01T13:00:00Z,2025-08-01T14:00:00Z,39.07,39.07,30.31,3.5,3.5,58.0,213.0,165.4,47.6
2025-08-01,17,2025-08-01T14:00:00Z,2025-08-01T15:00:00Z,58.32,58.32,56.31,49.77,45.8,75.36,93.7,75.7,18.0
2025-08-01,18,2025-08-01T15:00:00Z,2025-08-01T16:00:00Z,72.86,72.86,69.43,59.1,57.99,88.49,75.5,65.3,10.2
2025-08-01,19,2025-08-01T16:00:00Z,2025-08-01T17:00:00Z,94.09,94.09,94.12,99.97,81.48,105.03,89.7,66.4,23.3
2025-08-01,20,2025-08-01T17:00:00Z,2025-08-01T18:00:00Z,154.7,154.7,155.25,136.5,136.5,167.47,167.4,56.7,110.7
2025-08-01,21,2025-08-01T18:00:00Z,2025-08-01T19:00:00Z,143.86,143.86,144.82,136.0,121.0,169.49,185.1,65.5,119.6
2025-08-01,22,2025-08-01T19:00:00Z,2025-08-01T20:00:00Z,137.22,137.22,135.34,130.01,115.41,154.58,163.7,38.9,124.8
2025-08-01,23,2025-08-01T20:00:00Z,2025-08-01T21:00:00Z,112.15,112.15,109.96,126.99,100.0,131.01,216.2,52.3,163.9
2025-08-01,24,2025-08-01T21:00:00Z,2025-08-01T22:00:00Z,105.3,105.3,101.64,100.0,100.0,111.2,133.0,41.0,92.0
2025-08-02,1,2025-08-01T22:00:00Z,2025-08-01T23:00:00Z,98.03,98.03,96.09,108.0,91.71,108.0,20.9,18.9,2.0
2025-08-02,2,2025-08-01T23:00:00Z,2025-08-02T00:00:00Z,95.29,95.29,93.15,91.9,89.56,102.0,30.4,27.5,2.9
2025-08-02,3,2025-08-02T00:00:00Z,2025-08-02T01:00:00Z,88.45,88.45,90.58,88.08,88.08,98.98,13.9,13.9,0.0
2025-08-02,4,2025-08-02T01:00:00Z,2025-08-02T02:00:00Z,83.78,83.78,84.18,91.0,78.67,91.0,8.3,1.8,6.5
2025-08-02,5,2025-08-02T02:00:00Z,2025-08-02T03:00:00Z,80.39,80.39,80.79,82.28,78.6,82.29,13.3,1.3,12.0
2025-08-02,6,2025-08-02T03:00:00Z,2025-08-02T04:00:00Z,80.94,80.94,80.68,80.46,79.42,81.21,20.8,1.3,19.5
2025-08-02,7,2025-08-02T04:00:00Z,2025-08-02T05:00:00Z,78.47,78.47,75.51,65.01,65.01,81.0,14.3,1.3,13.0
2025-08-02,8,2025-08-02T05:00:00Z,2025-08-02T06:00:00Z,75.96,75.96,76.55,69.69,69.69,83.9,22.6,5.1,17.5
2025-08-02,9,2025-08-02T06:00:00Z,2025-08-02T07:00:00Z,62.06,62.06,61.2,59.99,59.26,68.0,30.4,10.7,19.7
2025-08-02,10,2025-08-02T07:00:00Z,2025-08-02T08:00:00Z,34.04,34.04,35.21,26.0,24.0,48.71,43.7,13.6,30.1
2025-08-02,11,2025-08-02T08:00:00Z,2025-08-02T09:00:00Z,11.99,11.99,11.86,8.86,4.9,25.0,233.2,161.2,72.0
2025-08-02,12,2025-08-02T09:00:00Z,2025-08-02T10:00:00Z,-3.93,-3.93,-4.26,-6.99,-10.48,0.83,162.2,87.3,74.9
2025-08-02,13,2025-08-02T10:00:00Z,2025-08-02T11:00:00Z,-7.13,-7.13,-7.7,-9.99,-14.57,0.0,143.8,79.6,64.2
2025-08-02,14,2025-08-02T11:00:00Z,2025-08-02T12:00:00Z,-6.03,-6.03,-5.91,-1.0,-9.2,-1.0,168.3,63.7,104.6
2025-08-02,15,2025-08-02T12:00:00Z,2025-08-02T13:00:00Z,-6.38,-6.38,-6.4,-8.33,-10.21,-4.85,142.8,56.6,86.2
2025-08-02,16,2025-08-02T13:00:00Z,2025-08-02T14:00:00Z,-3.69,-3.69,-4.02,5.0,-16.41,5.0,170.1,96.4,73.7
2025-08-02,17,2025-08-02T14:00:00Z,2025-08-02T15:00:00Z,2.5,2.5,2.91,5.0,-1.7,8.97,103.5,55.0,48.5
2025-08-02,18,2025-08-02T15:00:00Z,2025-08-02T16:00:00Z,52.73,52.73,52.88,42.51,42.42,62.0,82.4,61.7,20.7
2025-08-02,19,2025-08-02T16:00:00Z,2025-08-02T17:00:00Z,85.27,85.27,81.89,89.0,78.13,96.99,89.0,43.7,45.3
2025-08-02,20,2025-08-02T17:00:00Z,2025-08-02T18:00:00Z,100.3,100.3,101.18,121.01,85.5,143.63,170.0,44.0,126.0
2025-08-02,21,2025-08-02T18:00:00Z,2025-08-02T19:00:00Z,132.99,132.99,137.16,141.2,99.29,174.48,216.8,67.7,149.1
2025-08-02,22,2025-08-02T19:00:00Z,2025-08-02T20:00:00Z,112.3,112.3,113.01,115.01,93.62,143.99,238.7,73.6,165.1
2025-08-02,23,2025-08-02T20:00:00Z,2025-08-02T21:00:00Z,95.68,95.68,95.13,99.87,90.0,111.99,223.7,38.8,184.9
2025-08-02,24,2025-08-02T21:00:00Z,2025-08-02T22:00:00Z,85.23,85.23,85.87,81.13,79.25,101.0,627.7,130.9,496.8
2025-08-03,1,2025-08-02T22:00:00Z,2025-08-02T23:00:00Z,81.74,81.74,81.57,84.03,79.91,95.0,364.1,9.5,354.6
2025-08-03,2,2025-08-02T23:00:00Z,2025-08-03T00:00:00Z,79.54,79.54,79.52,77.66,77.0,80.48,343.9,18.7,325.2
2025-08-03,3,2025-08-03T00:00:00Z,2025-08-03T01:00:00Z,65.28,65.28,67.19,56.5,56.5,73.8,149.9,61.8,88.1
2025-08-03,4,2025-08-03T01:00:00Z,2025-08-03T02:00:00Z,57.85,57.85,52.44,44.34,43.78,68.4,23.2,1.2,22.0
2025-08-03,5,2025-08-03T02:00:00Z,2025-08-03T03:00:00Z,47.19,47.19,45.41,38.2,36.23,63.19,19.7,7.7,12.0
2025-08-03,6,2025-08-03T03:00:00Z,2025-08-03T04:00:00Z,45.61,45.61,45.6,39.51,37.57,61.32,21.6,5.7,15.9
2025-08-03,7,2025-08-03T04:00:00Z,2025-08-03T05:00:00Z,47.96,47.96,46.42,46.8,43.19,48.9,3.1,0.7,2.4
2025-08-03,8,2025-08-03T05:00:00Z,2025-08-03T06:00:00Z,27.58,27.58,27.15,32.39,23.94,32.39,7.1,0.7,6.4
2025-08-03,9,2025-08-03T06:00:00Z,2025-08-03T07:00:00Z,7.88,7.88,7.77,12.53,3.1,13.99,78.3,40.7,37.6
2025-08-03,10,2025-08-03T07:00:00Z,2025-08-03T08:00:00Z,1.64,1.64,1.24,5.8,-5.0,5.8,400.5,367.1,33.4
2025-08-03,11,2025-08-03T08:00:00Z,2025-08-03T09:00:00Z,2.01,2.01,2.13,0.01,-0.5,7.0,577.6,552.9,24.7
2025-08-03,12,2025-08-03T09:00:00Z,2025-08-03T10:00:00Z,-0.72,-0.72,-0.67,-0.88,-2.14,0.98,179.9,156.4,23.5
2025-08-03,13,2025-08-03T10:00:00Z,2025-08-03T11:00:00Z,-1.82,-1.82,-1.76,1.09,-6.9,1.09,121.8,96.3,25.5
2025-08-03,14,2025-08-03T11:00:00Z,2025-08-03T12:00:00Z,-4.08,-4.08,-4.52,8.99,-8.81,8.99,113.0,74.1,38.9
2025-08-03,15,2025-08-03T12:00:00Z,2025-08-03T13:00:00Z,-6.72,-6.72,-6.84,-4.6,-13.35,-3.4,179.1,114.3,64.8
2025-08-03,16,2025-08-03T13:00:00Z,2025-08-03T14:00:00Z,-0.58,-0.58,-2.86,0.88,-5.5,6.36,257.6,156.3,101.3
2025-08-03,17,2025-08-03T14:00:00Z,2025-08-03T15:00:00Z,9.17,9.17,7.0,10.0,3.01,13.0,103.5,42.3,61.2
2025-08-03,18,2025-08-03T15:00:00Z,2025-08-03T16:00:00Z,30.48,30.48,31.86,29.95,13.01,84.98,60.8,8.4,52.4
2025-08-03,19,2025-08-03T16:00:00Z,2025-08-03T17:00:00Z,74.49,74.49,73.75,68.26,68.0,133.7,75.2,20.3,54.9
2025-08-03,20,2025-08-03T17:00:00Z,2025-08-03T18:00:00Z,100.33,100.33,100.29,86.0,86.0,120.33,153.1,45.8,107.3
2025-08-03,21,2025-08-03T18:00:00Z,2025-08-03T19:00:00Z,102.11,102.11,100.53,90.0,87.5,158.59,178.2,45.6,132.6
2025-08-03,22,2025-08-03T19:00:00Z,2025-08-03T20:00:00Z,100.92,100.92,100.47,64.21,64.21,131.99,137.5,31.4,106.1
2025-08-03,23,2025-08-03T20:00:00Z,2025-08-03T21:00:00Z,92.88,92.88,93.26,86.06,86.01,119.83,114.1,56.1,58.0
2025-08-03,24,2025-08-03T21:00:00Z,2025-08-03T22:00:00Z,82.16,82.16,82.95,80.0,79.03,91.44,88.2,47.4,40.8
2025-08-04,1,2025-08-03T22:00:00Z,2025-08-03T23:00:00Z,82.08,82.08,82.59,83.19,78.0,89.0,41.5,26.5,15.0
2025-08-04,2,2025-08-03T23:00:00Z,2025-08-04T00:00:00Z,75.75,75.75,76.14,75.68,75.0,77.47,20.0,0.0,20.0
2025-08-04,3,2025-08-04T00:00:00Z,2025-08-04T01:00:00Z,69.43,69.43,68.68,53.37,53.26,76.01,32.9,10.3,22.6
2025-08-04,4,2025-08-04T01:00:00Z,2025-08-04T02:00:00Z,72.25,72.25,70.92,64.68,64.68,75.58,23.0,0.4,22.6
2025-08-04,5,2025-08-04T02:00:00Z,2025-08-04T03:00:00Z,77.99,77.99,75.7,69.8,69.32,81.0,25.3,0.3,25.0
2025-08-04,6,2025-08-04T03:00:00Z,2025-08-04T04:00:00Z,94.11,94.11,94.18,96.62,91.58,96.62,44.9,15.0,29.9
2025-08-04,7,2025-08-04T04:00:00Z,2025-08-04T05:00:00Z,99.76,99.76,100.2,104.4,97.02,105.02,45.0,0.0,45.0
2025-08-04,8,2025-08-04T05:00:00Z,2025-08-04T06:00:00Z,97.76,97.76,100.2,70.0,70.0,120.0,53.3,2.8,50.5
2025-08-04,9,2025-08-04T06:00:00Z,2025-08-04T07:00:00Z,92.42,92.42,95.41,79.99,79.99,108.88,86.8,5.3,81.5
2025-08-04,10,2025-08-04T07:00:00Z,2025-08-04T08:00:00Z,66.86,66.86,69.7,89.61,53.7,90.0,162.4,65.2,97.2
2025-08-04,11,2025-08-04T08:00:00Z,2025-08-04T09:00:00Z,59.52,59.52,59.32,80.0,45.0,80.0,159.2,66.1,93.1
2025-08-04,12,2025-08-04T09:00:00Z,2025-08-04T10:00:00Z,48.47,48.47,47.68,60.0,33.29,73.71,268.5,144.4,124.1
2025-08-04,13,2025-08-04T10:00:00Z,2025-08-04T11:00:00Z,24.44,24.44,26.48,39.0,13.37,47.91,190.6,124.8,65.8
2025-08-04,14,2025-08-04T11:00:00Z,2025-08-04T12:00:00Z,8.31,8.31,9.23,3.58,-0.54,37.11,286.7,159.4,127.3
2025-08-04,15,2025-08-04T12:00:00Z,2025-08-04T13:00:00Z,15.59,15.59,16.6,15.01,9.24,35.0,275.7,160.3,115.4
2025-08-04,16,2025-08-04T13:00:00Z,2025-08-04T14:00:00Z,29.51,29.51,29.74,51.83,11.32,51.83,282.3,165.9,116.4
2025-08-04,17,2025-08-04T14:00:00Z,2025-08-04T15:00:00Z,59.22,59.22,55.1,40.0,30.0,72.07,189.1,112.7,76.4
2025-08-04,18,2025-08-04T15:00:00Z,2025-08-04T16:00:00Z,68.51,68.51,68.58,76.18,31.21,88.95,130.2,64.3,65.9
2025-08-04,19,2025-08-04T16:00:00Z,2025-08-04T17:00:00Z,132.49,132.49,134.12,190.1,96.05,200.0,200.8,93.9,106.9
2025-08-04,20,2025-08-04T17:00:00Z,2025-08-04T18:00:00Z,168.64,168.64,171.0,219.9,82.3,239.29,236.6,68.2,168.4
2025-08-04,21,2025-08-04T18:00:00Z,2025-08-04T19:00:00Z,229.82,229.82,229.24,229.9,185.01,298.81,348.6,146.7,201.9
2025-08-04,22,2025-08-04T19:00:00Z,2025-08-04T20:00:00Z,154.63,154.63,157.81,138.0,130.0,207.6,345.3,121.4,223.9
2025-08-04,23,2025-08-04T20:00:00Z,2025-08-04T21:00:00Z,97.59,97.59,93.32,97.91,72.78,105.41,140.2,62.5,77.7
2025-08-04,24,2025-08-04T21:00:00Z,2025-08-04T22:00:00Z,91.87,91.87,88.42,60.77,60.77,100.0,146.5,66.5,80.0
2025-08-05,1,2025-08-04T22:00:00Z,2025-08-04T23:00:00Z,25.48,25.48,29.83,20.0,18.6,47.8,20.4,4.8,15.6
2025-08-05,2,2025-08-04T23:00:00Z,2025-08-05T00:00:00Z,36.32,36.32,33.2,21.12,21.12,47.72,24.9,0.5,24.4
2025-08-05,3,2025-08-05T00:00:00Z,2025-08-05T01:00:00Z,43.17,43.17,39.29,50.0,22.59,50.0,72.8,25.1,47.7
2025-08-05,4,2025-08-05T01:00:00Z,2025-08-05T02:00:00Z,49.39,49.39,40.57,25.0,25.0,65.0,75.5,19.0,56.5
2025-08-05,5,2025-08-05T02:00:00Z,2025-08-05T03:00:00Z,74.76,74.76,67.83,60.73,60.73,85.0,91.0,45.5,45.5
2025-08-05,6,2025-08-05T03:00:00Z,2025-08-05T04:00:00Z,86.94,86.94,86.72,86.87,82.0,88.41,42.7,15.5,27.2
2025-08-05,7,2025-08-05T04:00:00Z,2025-08-05T05:00:00Z,75.92,75.92,73.71,66.2,66.2,86.0,49.1,16.6,32.5
2025-08-05,8,2025-08-05T05:00:00Z,2025-08-05T06:00:00Z,72.71,72.71,73.16,85.01,67.0,85.6,56.0,10.0,46.0
2025-08-05,9,2025-08-05T06:00:00Z,2025-08-05T07:00:00Z,58.67,58.67,60.5,41.16,41.16,74.49,62.4,13.2,49.2
2025-08-05,10,2025-08-05T07:00:00Z,2025-08-05T08:00:00Z,25.81,25.81,27.54,26.6,13.98,33.9,145.6,24.3,121.3
2025-08-05,11,2025-08-05T08:00:00Z,2025-08-05T09:00:00Z,7.61,7.61,7.96,13.38,1.0,13.38,54.5,22.2,32.3
2025-08-05,12,2025-08-05T09:00:00Z,2025-08-05T10:00:00Z,1.03,1.03,3.96,-19.99,-19.99,11.58,80.1,43.6,36.5
2025-08-05,13,2025-08-05T10:00:00Z,2025-08-05T11:00:00Z,-0.23,-0.23,0.73,3.1,-3.3,7.99,246.7,114.4,132.3
2025-08-05,14,2025-08-05T11:00:00Z,2025-08-05T12:00:00Z,-0.58,-0.58,0.52,-0.9,-6.0,4.95,239.3,132.2,107.1
2025-08-05,15,2025-08-05T12:00:00Z,2025-08-05T13:00:00Z,0.42,0.42,0.53,-2.28,-10.0,10.0,349.1,244.7,104.4
2025-08-05,16,2025-08-05T13:00:00Z,2025-08-05T14:00:00Z,3.66,3.66,3.26,-9.99,-9.99,17.9,276.7,212.2,64.5
2025-08-05,17,2025-08-05T14:00:00Z,2025-08-05T15:00:00Z,30.92,30.92,29.8,35.0,-3.04,49.39,143.0,55.2,87.8
2025-08-05,18,2025-08-05T15:00:00Z,2025-08-05T16:00:00Z,90.23,90.23,83.21,98.89,66.5,102.5,127.9,50.8,77.1
2025-08-05,19,2025-08-05T16:00:00Z,2025-08-05T17:00:00Z,121.46,121.46,119.12,97.0,97.0,135.42,298.4,54.8,243.6
2025-08-05,20,2025-08-05T17:00:00Z,2025-08-05T18:00:00Z,149.31,149.31,149.13,142.31,142.31,155.38,216.6,46.3,170.3
2025-08-05,21,2025-08-05T18:00:00Z,2025-08-05T19:00:00Z,166.9,166.9,165.19,115.01,115.01,179.25,353.0,46.5,306.5
2025-08-05,22,2025-08-05T19:00:00Z,2025-08-05T20:00:00Z,108.34,108.34,109.6,107.49,105.0,119.0,206.3,29.5,176.8
2025-08-05,23,2025-08-05T20:00:00Z,2025-08-05T21:00:00Z,104.18,104.18,103.12,103.0,95.0,110.0,128.8,28.7,100.1
2025-08-05,24,2025-08-05T21:00:00Z,2025-08-05T22:00:00Z,83.1,83.1,82.88,78.24,77.12,94.0,114.0,55.0,59.0
2025-08-06,1,2025-08-05T22:00:00Z,2025-08-05T23:00:00Z,75.18,75.18,75.27,59.36,59.36,90.0,112.0,52.3,59.7
2025-08-06,2,2025-08-05T23:00:00Z,2025-08-06T00:00:00Z,65.99,65.99,65.08,76.21,60.0,81.01,60.6,26.8,33.8
2025-08-06,3,2025-08-06T00:00:00Z,2025-08-06T01:00:00Z,62.48,62.48,60.96,59.0,58.5,67.15,24.0,4.5,19.5
2025-08-06,4,2025-08-06T01:00:00Z,2025-08-06T02:00:00Z,62.38,62.38,59.23,60.91,55.97,84.78,152.0,82.9,69.1
2025-08-06,5,2025-08-06T02:00:00Z,2025-08-06T03:00:00Z,71.65,71.65,68.69,63.0,62.5,81.42,33.0,26.5,6.5
2025-08-06,6,2025-08-06T03:00:00Z,2025-08-06T04:00:00Z,73.94,73.94,73.13,68.0,68.0,80.95,106.2,64.5,41.7
2025-08-06,7,2025-08-06T04:00:00Z,2025-08-06T05:00:00Z,87.76,87.76,87.3,76.31,76.31,101.25,208.2,32.8,175.4
2025-08-06,8,2025-08-06T05:00:00Z,2025-08-06T06:00:00Z,87.76,87.76,86.98,83.2,83.2,98.0,210.0,35.0,175.0
2025-08-06,9,2025-08-06T06:00:00Z,2025-08-06T07:00:00Z,81.73,81.73,82.25,83.0,79.99,84.0,55.4,48.2,7.2
2025-08-06,10,2025-08-06T07:00:00Z,2025-08-06T08:00:00Z,24.74,24.74,24.34,35.0,14.0,35.0,234.6,102.2,132.4
2025-08-06,11,2025-08-06T08:00:00Z,2025-08-06T09:00:00Z,-2.04,-2.04,-2.12,0.0,-14.93,6.96,335.7,204.9,130.8
2025-08-06,12,2025-08-06T09:00:00Z,2025-08-06T10:00:00Z,-1.01,-1.01,-0.45,-15.0,-15.0,2.7,313.5,163.7,149.8
2025-08-06,13,2025-08-06T10:00:00Z,2025-08-06T11:00:00Z,0.94,0.94,0.9,-0.1,-3.03,4.64,342.3,190.3,152.0
2025-08-06,14,2025-08-06T11:00:00Z,2025-08-06T12:00:00Z,1.34,1.34,1.69,2.82,-1.26,5.07,254.3,157.9,96.4
2025-08-06,15,2025-08-06T12:00:00Z,2025-08-06T13:00:00Z,1.4,1.4,1.8,0.51,-0.7,5.31,188.7,124.4,64.3
2025-08-06,16,2025-08-06T13:00:00Z,2025-08-06T14:00:00Z,33.16,33.16,37.2,28.0,24.98,57.82,197.3,118.6,78.7
2025-08-06,17,2025-08-06T14:00:00Z,2025-08-06T15:00:00Z,22.27,22.27,23.84,1.14,1.14,57.99,395.7,215.0,180.7
2025-08-06,18,2025-08-06T15:00:00Z,2025-08-06T16:00:00Z,76.93,76.93,73.62,86.91,49.17,110.0,168.7,89.6,79.1
2025-08-06,19,2025-08-06T16:00:00Z,2025-08-06T17:00:00Z,103.42,103.42,99.37,88.0,87.22,113.99,107.4,57.4,50.0
2025-08-06,20,2025-08-06T17:00:00Z,2025-08-06T18:00:00Z,121.11,121.11,119.16,112.0,112.0,134.99,51.9,22.3,29.6
2025-08-06,21,2025-08-06T18:00:00Z,2025-08-06T19:00:00Z,165.27,165.27,166.61,174.8,161.01,174.8,57.6,27.3,30.3
2025-08-06,22,2025-08-06T19:00:00Z,2025-08-06T20:00:00Z,144.8,144.8,140.5,121.8,120.72,158.0,77.3,41.0,36.3
2025-08-06,23,2025-08-06T20:00:00Z,2025-08-06T21:00:00Z,102.03,102.03,98.37,93.36,93.36,107.0,28.5,2.0,26.5
2025-08-06,24,2025-08-06T21:00:00Z,2025-08-06T22:00:00Z,95.2,95.2,94.14,94.74,90.01,97.69,40.6,12.1,28.5
2025-08-07,1,2025-08-06T22:00:00Z,2025-08-06T23:00:00Z,85.32,85.32,88.13,85.0,82.37,99.13,20.9,20.7,0.2
2025-08-07,2,2025-08-06T23:00:00Z,2025-08-07T00:00:00Z,87.89,87.89,86.79,98.0,82.62,98.0,57.3,17.3,40.0
2025-08-07,3,2025-08-07T00:00:00Z,2025-08-07T01:00:00Z,79.62,79.62,79.63,80.0,76.9,81.99,69.9,29.9,40.0
2025-08-07,4,2025-08-07T01:00:00Z,2025-08-07T02:00:00Z,85.2,85.2,86.96,91.0,77.06,94.21,42.7,12.7,30.0
2025-08-07,5,2025-08-07T02:00:00Z,2025-08-07T03:00:00Z,89.13,89.13,91.06,95.1,85.9,95.1,57.5,12.5,45.0
2025-08-07,6,2025-08-07T03:00:00Z,2025-08-07T04:00:00Z,95.57,95.57,93.96,99.0,80.0,99.0,20.7,8.7,12.0
2025-08-07,7,2025-08-07T04:00:00Z,2025-08-07T05:00:00Z,92.51,92.51,94.23,97.6,87.06,106.0,144.6,29.1,115.5
2025-08-07,8,2025-08-07T05:00:00Z,2025-08-07T06:00:00Z,90.48,90.48,94.91,109.06,65.24,112.28,147.8,14.3,133.5
2025-08-07,9,2025-08-07T06:00:00Z,2025-08-07T07:00:00Z,48.35,48.35,60.38,78.84,11.23,78.84,47.0,19.1,27.9
2025-08-07,10,2025-08-07T07:00:00Z,2025-08-07T08:00:00Z,27.98,27.98,35.62,1.0,1.0,50.1,155.9,51.0,104.9
2025-08-07,11,2025-08-07T08:00:00Z,2025-08-07T09:00:00Z,-14.26,-14.26,-11.14,-13.96,-30.01,4.9,264.3,176.2,88.1
2025-08-07,12,2025-08-07T09:00:00Z,2025-08-07T10:00:00Z,-13.42,-13.42,-9.56,-7.01,-32.49,0.1,232.3,151.5,80.8
2025-08-07,13,2025-08-07T10:00:00Z,2025-08-07T11:00:00Z,-9.48,-9.48,-10.15,-8.54,-18.11,5.0,243.6,143.0,100.6
2025-08-07,14,2025-08-07T11:00:00Z,2025-08-07T12:00:00Z,-9.03,-9.03,-10.46,-4.83,-21.12,5.0,203.7,125.0,78.7
2025-08-07,15,2025-08-07T12:00:00Z,2025-08-07T13:00:00Z,-7.46,-7.46,-8.62,-41.1,-41.1,5.0,204.7,137.7,67.0
2025-08-07,16,2025-08-07T13:00:00Z,2025-08-07T14:00:00Z,-7.69,-7.69,-6.64,0.0,-14.93,2.22,219.1,129.5,89.6
2025-08-07,17,2025-08-07T14:00:00Z,2025-08-07T15:00:00Z,13.76,13.76,13.46,12.6,4.34,41.79,158.6,78.3,80.3
2025-08-07,18,2025-08-07T15:00:00Z,2025-08-07T16:00:00Z,61.36,61.36,63.08,73.0,55.39,77.1,29.5,9.5,20.0
2025-08-07,19,2025-08-07T16:00:00Z,2025-08-07T17:00:00Z,111.57,111.57,113.86,114.51,105.03,121.0,79.8,25.6,54.2
2025-08-07,20,2025-08-07T17:00:00Z,2025-08-07T18:00:00Z,130.93,130.93,136.56,148.0,41.0,148.0,218.5,43.3,175.2
2025-08-07,21,2025-08-07T18:00:00Z,2025-08-07T19:00:00Z,138.22,138.22,145.08,203.75,102.23,203.75,282.4,98.2,184.2
2025-08-07,22,2025-08-07T19:00:00Z,2025-08-07T20:00:00Z,125.96,125.96,126.03,119.96,111.92,147.92,264.5,104.0,160.5
2025-08-07,23,2025-08-07T20:00:00Z,2025-08-07T21:00:00Z,101.02,101.02,102.23,110.0,97.72,110.0,173.5,0.5,173.0
2025-08-07,24,2025-08-07T21:00:00Z,2025-08-07T22:00:00Z,90.13,90.13,89.26,101.0,87.0,101.0,264.9,15.7,249.2
2025-08-08,1,2025-08-07T22:00:00Z,2025-08-07T23:00:00Z,99.51,99.51,99.15,92.71,91.29,101.44,201.3,32.2,169.1
2025-08-08,2,2025-08-07T23:00:00Z,2025-08-08T00:00:00Z,93.24,93.24,92.38,89.96,86.66,95.69,132.7,23.1,109.6
2025-08-08,3,2025-08-08T00:00:00Z,2025-08-08T01:00:00Z,85.73,85.73,85.29,85.57,84.0,89.54,36.1,12.9,23.2
2025-08-08,4,2025-08-08T01:00:00Z,2025-08-08T02:00:00Z,84.46,84.46,85.13,89.12,81.9,89.12,37.7,13.0,24.7
2025-08-08,5,2025-08-08T02:00:00Z,2025-08-08T03:00:00Z,81.94,81.94,81.97,80.3,80.3,84.51,24.5,0.0,24.5
2025-08-08,6,2025-08-08T03:00:00Z,2025-08-08T04:00:00Z,91.8,91.8,91.82,91.76,91.76,92.0,13.5,0.0,13.5
2025-08-08,7,2025-08-08T04:00:00Z,2025-08-08T05:00:00Z,99.99,99.99,99.65,100.6,93.82,101.91,205.8,10.0,195.8
2025-08-08,8,2025-08-08T05:00:00Z,2025-08-08T06:00:00Z,104.28,104.28,105.41,121.9,97.5,121.9,88.0,19.5,68.5
2025-08-08,9,2025-08-08T06:00:00Z,2025-08-08T07:00:00Z,96.36,96.36,94.78,77.33,77.33,125.0,48.8,30.6,18.2
2025-08-08,10,2025-08-08T07:00:00Z,2025-08-08T08:00:00Z,77.02,77.02,77.36,109.98,50.0,109.98,58.9,24.2,34.7
2025-08-08,11,2025-08-08T08:00:00Z,2025-08-08T09:00:00Z,36.42,36.42,35.14,31.01,17.93,42.06,59.0,42.8,16.2
2025-08-08,12,2025-08-08T09:00:00Z,2025-08-08T10:00:00Z,26.22,26.22,24.69,41.9,5.12,47.47,189.7,132.2,57.5
2025-08-08,13,2025-08-08T10:00:00Z,2025-08-08T11:00:00Z,7.62,7.62,7.83,30.12,-13.55,32.99,179.6,131.0,48.6
2025-08-08,14,2025-08-08T11:00:00Z,2025-08-08T12:00:00Z,-9.81,-9.81,-10.12,-6.8,-24.98,-0.04,255.7,210.6,45.1
2025-08-08,15,2025-08-08T12:00:00Z,2025-08-08T13:00:00Z,-3.16,-3.16,-2.38,-7.98,-9.1,6.36,267.7,233.3,34.4
2025-08-08,16,2025-08-08T13:00:00Z,2025-08-08T14:00:00Z,16.25,16.25,19.58,20.0,0.1,36.98,254.3,189.6,64.7
2025-08-08,17,2025-08-08T14:00:00Z,2025-08-08T15:00:00Z,46.33,46.33,46.9,47.07,20.0,63.24,218.8,166.1,52.7
2025-08-08,18,2025-08-08T15:00:00Z,2025-08-08T16:00:00Z,80.66,80.66,80.93,39.59,39.59,87.07,190.6,98.5,92.1
2025-08-08,19,2025-08-08T16:00:00Z,2025-08-08T17:00:00Z,120.4,120.4,127.96,141.58,110.0,159.0,109.6,37.5,72.1
2025-08-08,20,2025-08-08T17:00:00Z,2025-08-08T18:00:00Z,151.76,151.76,157.61,156.0,135.0,199.99,230.5,58.2,172.3
2025-08-08,21,2025-08-08T18:00:00Z,2025-08-08T19:00:00Z,205.05,205.05,221.26,246.06,180.01,331.45,237.8,72.4,165.4
2025-08-08,22,2025-08-08T19:00:00Z,2025-08-08T20:00:00Z,146.45,146.45,146.19,136.51,128.76,160.59,242.4,76.7,165.7
2025-08-08,23,2025-08-08T20:00:00Z,2025-08-08T21:00:00Z,118.69,118.69,118.96,117.0,116.51,125.49,202.7,48.0,154.7
2025-08-08,24,2025-08-08T21:00:00Z,2025-08-08T22:00:00Z,108.85,108.85,108.58,100.0,100.0,117.97,193.7,112.4,81.3
2025-08-09,1,2025-08-08T22:00:00Z,2025-08-08T23:00:00Z,100.55,100.55,100.72,97.8,96.71,104.62,235.6,55.6,180.0
2025-08-09,2,2025-08-08T23:00:00Z,2025-08-09T00:00:00Z,99.91,99.91,99.88,101.39,95.89,102.17,224.8,44.8,180.0
2025-08-09,3,2025-08-09T00:00:00Z,2025-08-09T01:00:00Z,97.62,97.62,97.76,97.0,94.87,99.53,38.7,38.5,0.2
2025-08-09,4,2025-08-09T01:00:00Z,2025-08-09T02:00:00Z,94.03,94.03,93.79,85.0,85.0,97.6,45.2,40.0,5.2
2025-08-09,5,2025-08-09T02:00:00Z,2025-08-09T03:00:00Z,94.05,94.05,94.26,88.59,88.59,97.35,95.7,65.5,30.2
2025-08-09,6,2025-08-09T03:00:00Z,2025-08-09T04:00:00Z,96.46,96.46,95.94,100.64,90.95,100.96,44.4,33.9,10.5
2025-08-09,7,2025-08-09T04:00:00Z,2025-08-09T05:00:00Z,94.9,94.9,97.58,100.08,91.11,102.61,34.5,20.0,14.5
2025-08-09,8,2025-08-09T05:00:00Z,2025-08-09T06:00:00Z,85.65,85.65,85.82,84.0,82.01,90.39,92.3,45.0,47.3
2025-08-09,9,2025-08-09T06:00:00Z,2025-08-09T07:00:00Z,76.87,76.87,75.21,78.1,69.33,81.42,35.1,20.6,14.5
2025-08-09,10,2025-08-09T07:00:00Z,2025-08-09T08:00:00Z,35.96,35.96,35.53,20.01,10.36,41.0,416.3,400.3,16.0
2025-08-09,11,2025-08-09T08:00:00Z,2025-08-09T09:00:00Z,-0.39,-0.39,9.02,5.0,-12.36,33.91,556.5,499.0,57.5
2025-08-09,12,2025-08-09T09:00:00Z,2025-08-09T10:00:00Z,5.37,5.37,6.62,11.25,-5.09,15.62,183.3,79.8,103.5
2025-08-09,13,2025-08-09T10:00:00Z,2025-08-09T11:00:00Z,-3.82,-3.82,-1.81,-5.0,-30.0,7.35,284.0,86.3,197.7
2025-08-09,14,2025-08-09T11:00:00Z,2025-08-09T12:00:00Z,-10.94,-10.94,-9.81,4.99,-20.11,4.99,280.7,96.2,184.5
2025-08-09,15,2025-08-09T12:00:00Z,2025-08-09T13:00:00Z,-12.99,-12.99,-13.16,-5.14,-18.51,-1.21,252.0,122.1,129.9
2025-08-09,16,2025-08-09T13:00:00Z,2025-08-09T14:00:00Z,-5.77,-5.77,-4.65,-13.33,-13.33,3.0,195.0,82.7,112.3
2025-08-09,17,2025-08-09T14:00:00Z,2025-08-09T15:00:00Z,1.41,1.41,0.52,-5.0,-5.0,5.0,195.8,169.9,25.9
2025-08-09,18,2025-08-09T15:00:00Z,2025-08-09T16:00:00Z,24.8,24.8,18.91,11.0,11.0,60.05,58.6,34.1,24.5
2025-08-09,19,2025-08-09T16:00:00Z,2025-08-09T17:00:00Z,79.52,79.52,87.35,150.0,73.2,150.0,165.6,92.8,72.8
2025-08-09,20,2025-08-09T17:00:00Z,2025-08-09T18:00:00Z,147.25,147.25,145.69,135.29,105.32,204.3,227.5,60.0,167.5
2025-08-09,21,2025-08-09T18:00:00Z,2025-08-09T19:00:00Z,151.66,151.66,150.71,150.01,115.0,250.0,388.1,146.4,241.7
2025-08-09,22,2025-08-09T19:00:00Z,2025-08-09T20:00:00Z,108.62,108.62,110.63,106.0,104.0,178.4,165.2,35.0,130.2
2025-08-09,23,2025-08-09T20:00:00Z,2025-08-09T21:00:00Z,99.97,99.97,99.58,100.53,94.76,121.0,432.5,161.8,270.7
2025-08-09,24,2025-08-09T21:00:00Z,2025-08-09T22:00:00Z,91.45,91.45,91.66,94.36,86.8,94.36,196.0,13.0,183.0
2025-08-10,1,2025-08-09T22:00:00Z,2025-08-09T23:00:00Z,85.49,85.49,85.71,87.0,84.7,93.0,131.2,0.7,130.5
2025-08-10,2,2025-08-09T23:00:00Z,2025-08-10T00:00:00Z,83.73,83.73,83.82,86.73,81.56,86.73,254.2,5.2,249.0
2025-08-10,3,2025-08-10T00:00:00Z,2025-08-10T01:00:00Z,84.03,84.03,84.02,83.87,83.0,90.0,153.5,3.0,150.5
2025-08-10,4,2025-08-10T01:00:00Z,2025-08-10T02:00:00Z,81.59,81.59,81.45,78.7,78.7,83.65,7.8,2.0,5.8
2025-08-10,5,2025-08-10T02:00:00Z,2025-08-10T03:00:00Z,80.21,80.21,80.37,78.94,78.94,84.85,5.1,0.5,4.6
2025-08-10,6,2025-08-10T03:00:00Z,2025-08-10T04:00:00Z,78.38,78.38,79.53,74.31,74.28,85.09,32.6,19.8,12.8
2025-08-10,7,2025-08-10T04:00:00Z,2025-08-10T05:00:00Z,77.26,77.26,77.62,80.08,71.76,81.19,48.0,20.5,27.5
2025-08-10,8,2025-08-10T05:00:00Z,2025-08-10T06:00:00Z,55.97,55.97,56.58,60.28,50.1,72.04,63.5,10.5,53.0
2025-08-10,9,2025-08-10T06:00:00Z,2025-08-10T07:00:00Z,8.62,8.62,10.94,17.79,0.03,17.79,62.3,54.3,8.0
2025-08-10,10,2025-08-10T07:00:00Z,2025-08-10T08:00:00Z,3.06,3.06,3.46,3.4,-19.32,8.37,613.5,510.5,103.0
2025-08-10,11,2025-08-10T08:00:00Z,2025-08-10T09:00:00Z,-3.0,-3.0,-2.58,-1.79,-25.69,-0.1,337.3,287.3,50.0
2025-08-10,12,2025-08-10T09:00:00Z,2025-08-10T10:00:00Z,-11.91,-11.91,-11.54,-5.61,-23.0,-4.59,197.0,142.2,54.8
2025-08-10,13,2025-08-10T10:00:00Z,2025-08-10T11:00:00Z,-35.24,-35.24,-31.27,-6.02,-45.0,-6.02,228.5,119.6,108.9
2025-08-10,14,2025-08-10T11:00:00Z,2025-08-10T12:00:00Z,-42.08,-42.08,-39.83,-15.35,-73.0,-6.13,280.9,143.9,137.0
2025-08-10,15,2025-08-10T12:00:00Z,2025-08-10T13:00:00Z,-34.95,-34.95,-31.49,4.81,-55.34,4.99,278.3,194.8,83.5
2025-08-10,16,2025-08-10T13:00:00Z,2025-08-10T14:00:00Z,-3.66,-3.66,-0.89,5.0,-25.43,29.98,202.8,176.7,26.1
2025-08-10,17,2025-08-10T14:00:00Z,2025-08-10T15:00:00Z,8.94,8.94,10.45,33.0,-3.4,33.0,96.6,57.5,39.1
2025-08-10,18,2025-08-10T15:00:00Z,2025-08-10T16:00:00Z,43.68,43.68,39.51,68.9,19.84,68.9,90.2,28.3,61.9
2025-08-10,19,2025-08-10T16:00:00Z,2025-08-10T17:00:00Z,82.92,82.92,85.41,80.0,73.24,116.0,76.1,42.5,33.6
2025-08-10,20,2025-08-10T17:00:00Z,2025-08-10T18:00:00Z,120.3,120.3,121.67,118.37,103.5,132.62,168.6,42.9,125.7
2025-08-10,21,2025-08-10T18:00:00Z,2025-08-10T19:00:00Z,128.67,128.67,127.94,121.77,112.42,138.25,202.3,43.8,158.5
2025-08-10,22,2025-08-10T19:00:00Z,2025-08-10T20:00:00Z,116.02,116.02,116.35,119.71,113.3,119.71,146.7,18.7,128.0
2025-08-10,23,2025-08-10T20:00:00Z,2025-08-10T21:00:00Z,105.48,105.48,105.85,103.19,103.19,110.2,198.0,17.0,181.0
2025-08-10,24,2025-08-10T21:00:00Z,2025-08-10T22:00:00Z,99.54,99.54,99.86,101.93,98.31,102.04,105.5,3.8,101.7
2025-08-11,1,2025-08-10T22:00:00Z,2025-08-10T23:00:00Z,98.4,98.4,100.21,95.0,95.0,119.7,22.5,14.3,8.2
2025-08-11,2,2025-08-10T23:00:00Z,2025-08-11T00:00:00Z,91.63,91.63,93.08,88.39,88.39,109.44,36.6,17.7,18.9
2025-08-11,3,2025-08-11T00:00:00Z,2025-08-11T01:00:00Z,89.92,89.92,90.54,87.8,87.0,105.72,22.1,18.6,3.5
2025-08-11,4,2025-08-11T01:00:00Z,2025-08-11T02:00:00Z,87.71,87.71,87.53,84.81,84.52,88.16,13.5,3.5,10.0
2025-08-11,5,2025-08-11T02:00:00Z,2025-08-11T03:00:00Z,90.27,90.27,91.06,85.4,85.4,92.58,23.4,10.4,13.0
2025-08-11,6,2025-08-11T03:00:00Z,2025-08-11T04:00:00Z,99.62,99.62,99.84,99.5,99.09,103.69,20.8,7.8,13.0
2025-08-11,7,2025-08-11T04:00:00Z,2025-08-11T05:00:00Z,115.72,115.72,115.1,102.0,100.95,120.0,240.9,6.1,234.8
2025-08-11,8,2025-08-11T05:00:00Z,2025-08-11T06:00:00Z,116.51,116.51,115.24,103.91,103.91,118.51,237.5,8.0,229.5
2025-08-11,9,2025-08-11T06:00:00Z,2025-08-11T07:00:00Z,94.31,94.31,95.09,92.05,89.56,108.54,70.8,31.0,39.8
2025-08-11,10,2025-08-11T07:00:00Z,2025-08-11T08:00:00Z,49.21,49.21,54.2,20.1,20.1,70.92,159.3,77.4,81.9
2025-08-11,11,2025-08-11T08:00:00Z,2025-08-11T09:00:00Z,34.51,34.51,34.08,37.93,16.85,40.99,355.2,202.9,152.3
2025-08-11,12,2025-08-11T09:00:00Z,2025-08-11T10:00:00Z,1.61,1.61,2.21,1.04,-7.89,19.99,214.8,124.9,89.9
2025-08-11,13,2025-08-11T10:00:00Z,2025-08-11T11:00:00Z,-5.85,-5.85,-6.07,-19.98,-19.98,0.99,219.6,108.3,111.3
2025-08-11,14,2025-08-11T11:00:00Z,2025-08-11T12:00:00Z,-3.92,-3.92,-3.92,-5.0,-17.0,1.0,290.6,177.7,112.9
2025-08-11,15,2025-08-11T12:00:00Z,2025-08-11T13:00:00Z,4.65,4.65,6.06,0.0,-9.0,15.0,431.7,196.6,235.1
2025-08-11,16,2025-08-11T13:00:00Z,2025-08-11T14:00:00Z,15.46,15.46,14.54,18.0,8.46,24.62,444.7,202.2,242.5
2025-08-11,17,2025-08-11T14:00:00Z,2025-08-11T15:00:00Z,61.11,61.11,60.5,50.0,50.0,68.0,114.2,31.1,83.1
2025-08-11,18,2025-08-11T15:00:00Z,2025-08-11T16:00:00Z,85.91,85.91,87.57,91.23,81.0,106.0,123.9,33.8,90.1
2025-08-11,19,2025-08-11T16:00:00Z,2025-08-11T17:00:00Z,116.71,116.71,117.25,115.0,106.0,169.92,219.8,40.2,179.6
2025-08-11,20,2025-08-11T17:00:00Z,2025-08-11T18:00:00Z,186.52,186.52,187.17,178.0,173.06,200.0,174.8,17.5,157.3
2025-08-11,21,2025-08-11T18:00:00Z,2025-08-11T19:00:00Z,232.27,232.27,231.97,245.0,200.0,270.0,207.7,51.6,156.1
2025-08-11,22,2025-08-11T19:00:00Z,2025-08-11T20:00:00Z,154.8,154.8,152.15,173.0,143.48,173.0,231.5,84.3,147.2
2025-08-11,23,2025-08-11T20:00:00Z,2025-08-11T21:00:00Z,121.76,121.76,119.43,105.0,105.0,143.84,141.4,57.2,84.2
2025-08-11,24,2025-08-11T21:00:00Z,2025-08-11T22:00:00Z,98.3,98.3,98.49,84.72,84.71,106.0,116.5,49.3,67.2
2025-08-12,1,2025-08-11T22:00:00Z,2025-08-11T23:00:00Z,92.82,92.82,94.19,91.0,91.0,97.54,22.2,21.1,1.1
2025-08-12,2,2025-08-11T23:00:00Z,2025-08-12T00:00:00Z,87.14,87.14,86.95,80.8,80.62,94.16,18.7,9.1,9.6
2025-08-12,3,2025-08-12T00:00:00Z,2025-08-12T01:00:00Z,81.91,81.91,82.05,79.47,79.47,87.09,22.9,19.3,3.6
2025-08-12,4,2025-08-12T01:00:00Z,2025-08-12T02:00:00Z,83.88,83.88,83.96,80.9,80.9,85.28,5.1,1.0,4.1
2025-08-12,5,2025-08-12T02:00:00Z,2025-08-12T03:00:00Z,82.65,82.65,82.55,81.32,81.32,83.0,12.7,12.3,0.4
2025-08-12,6,2025-08-12T03:00:00Z,2025-08-12T04:00:00Z,96.34,96.34,96.34,96.34,96.34,96.34,4.5,0.0,4.5
2025-08-12,7,2025-08-12T04:00:00Z,2025-08-12T05:00:00Z,105.62,105.62,104.9,103.92,103.92,107.91,13.0,5.0,8.0
2025-08-12,8,2025-08-12T05:00:00Z,2025-08-12T06:00:00Z,98.48,98.48,101.56,111.44,90.0,111.44,27.0,14.0,13.0
2025-08-12,9,2025-08-12T06:00:00Z,2025-08-12T07:00:00Z,100.96,100.96,101.16,124.12,92.26,124.12,40.1,31.1,9.0
2025-08-12,10,2025-08-12T07:00:00Z,2025-08-12T08:00:00Z,62.0,62.0,59.52,69.99,50.0,69.99,90.6,61.6,29.0
2025-08-12,11,2025-08-12T08:00:00Z,2025-08-12T09:00:00Z,13.71,13.71,14.0,9.88,0.95,23.97,215.5,130.0,85.5
2025-08-12,12,2025-08-12T09:00:00Z,2025-08-12T10:00:00Z,3.32,3.32,0.01,19.28,-30.0,19.28,124.8,94.0,30.8
2025-08-12,13,2025-08-12T10:00:00Z,2025-08-12T11:00:00Z,0.78,0.78,-0.2,2.5,-14.39,12.99,148.4,93.7,54.7
2025-08-12,14,2025-08-12T11:00:00Z,2025-08-12T12:00:00Z,-0.73,-0.73,0.36,1.01,-7.56,13.0,221.5,109.9,111.6
2025-08-12,15,2025-08-12T12:00:00Z,2025-08-12T13:00:00Z,9.01,9.01,9.47,10.0,3.0,20.0,163.3,59.4,103.9
2025-08-12,16,2025-08-12T13:00:00Z,2025-08-12T14:00:00Z,41.65,41.65,41.86,40.4,35.31,48.26,116.7,48.6,68.1
2025-08-12,17,2025-08-12T14:00:00Z,2025-08-12T15:00:00Z,77.0,77.0,77.56,74.92,72.59,84.22,195.7,172.4,23.3
2025-08-12,18,2025-08-12T15:00:00Z,2025-08-12T16:00:00Z,107.87,107.87,107.64,104.0,98.11,117.47,153.4,102.2,51.2
2025-08-12,19,2025-08-12T16:00:00Z,2025-08-12T17:00:00Z,136.78,136.78,136.32,139.0,123.0,146.99,138.4,75.9,62.5
2025-08-12,20,2025-08-12T17:00:00Z,2025-08-12T18:00:00Z,238.16,238.16,234.31,208.0,196.27,260.0,210.3,68.2,142.1
2025-08-12,21,2025-08-12T18:00:00Z,2025-08-12T19:00:00Z,304.31,304.31,316.23,325.07,268.0,346.55,278.6,104.7,173.9
2025-08-12,22,2025-08-12T19:00:00Z,2025-08-12T20:00:00Z,151.85,151.85,151.13,119.69,118.0,168.47,206.9,58.0,148.9
2025-08-12,23,2025-08-12T20:00:00Z,2025-08-12T21:00:00Z,121.63,121.63,121.68,124.0,113.88,134.52,81.5,32.6,48.9
2025-08-12,24,2025-08-12T21:00:00Z,2025-08-12T22:00:00Z,101.4,101.4,102.16,98.04,96.67,114.4,258.5,105.5,153.0
2025-08-13,1,2025-08-12T22:00:00Z,2025-08-12T23:00:00Z,98.37,98.37,96.58,92.07,92.07,99.23,17.7,1.5,16.2
2025-08-13,2,2025-08-12T23:00:00Z,2025-08-13T00:00:00Z,92.1,92.1,91.52,90.51,90.0,92.34,17.3,0.6,16.7
2025-08-13,3,2025-08-13T00:00:00Z,2025-08-13T01:00:00Z,88.98,88.98,89.17,90.1,87.53,90.89,11.2,0.5,10.7
2025-08-13,4,2025-08-13T01:00:00Z,2025-08-13T02:00:00Z,86.31,86.31,86.45,88.45,85.65,88.77,9.2,0.5,8.7
2025-08-13,5,2025-08-13T02:00:00Z,2025-08-13T03:00:00Z,88.16,88.16,88.6,90.5,87.6,90.5,6.4,0.5,5.9
2025-08-13,6,2025-08-13T03:00:00Z,2025-08-13T04:00:00Z,79.91,79.91,88.87,102.0,46.89,102.0,30.7,10.7,20.0
2025-08-13,7,2025-08-13T04:00:00Z,2025-08-13T05:00:00Z,96.03,96.03,103.11,103.6,63.34,115.0,34.0,12.0,22.0
2025-08-13,8,2025-08-13T05:00:00Z,2025-08-13T06:00:00Z,97.25,97.25,99.87,94.63,68.23,114.9,45.8,22.8,23.0
2025-08-13,9,2025-08-13T06:00:00Z,2025-08-13T07:00:00Z,86.42,86.42,86.27,75.0,75.0,104.0,73.9,38.9,35.0
2025-08-13,10,2025-08-13T07:00:00Z,2025-08-13T08:00:00Z,58.38,58.38,58.27,64.83,50.0,71.0,69.7,29.0,40.7
2025-08-13,11,2025-08-13T08:00:00Z,2025-08-13T09:00:00Z,42.76,42.76,42.29,50.95,28.0,50.95,202.0,143.2,58.8
2025-08-13,12,2025-08-13T09:00:00Z,2025-08-13T10:00:00Z,15.42,15.42,14.96,25.08,3.0,27.98,337.0,209.8,127.2
2025-08-13,13,2025-08-13T10:00:00Z,2025-08-13T11:00:00Z,13.31,13.31,16.32,33.4,-0.09,33.4,134.0,66.9,67.1
2025-08-13,14,2025-08-13T11:00:00Z,2025-08-13T12:00:00Z,13.23,13.23,14.31,20.08,-3.67,28.01,227.3,135.6,91.7
2025-08-13,15,2025-08-13T12:00:00Z,2025-08-13T13:00:00Z,38.11,38.11,37.04,40.0,24.7,50.0,231.1,134.8,96.3
2025-08-13,16,2025-08-13T13:00:00Z,2025-08-13T14:00:00Z,60.21,60.21,61.76,68.28,50.7,80.0,118.4,83.1,35.3
2025-08-13,17,2025-08-13T14:00:00Z,2025-08-13T15:00:00Z,85.18,85.18,84.28,83.99,79.0,88.91,42.4,16.6,25.8
2025-08-13,18,2025-08-13T15:00:00Z,2025-08-13T16:00:00Z,98.62,98.62,93.68,98.12,83.34,119.99,75.4,33.9,41.5
2025-08-13,19,2025-08-13T16:00:00Z,2025-08-13T17:00:00Z,145.02,145.02,147.6,149.99,125.01,159.89,144.6,73.8,70.8
2025-08-13,20,2025-08-13T17:00:00Z,2025-08-13T18:00:00Z,268.4,268.4,265.62,292.0,234.5,300.0,256.0,94.7,161.3
2025-08-13,21,2025-08-13T18:00:00Z,2025-08-13T19:00:00Z,273.83,273.83,273.15,260.0,229.08,306.88,282.2,113.0,169.2
2025-08-13,22,2025-08-13T19:00:00Z,2025-08-13T20:00:00Z,143.71,143.71,138.02,100.0,98.63,184.24,197.5,65.1,132.4
2025-08-13,23,2025-08-13T20:00:00Z,2025-08-13T21:00:00Z,112.32,112.32,112.52,101.0,100.0,122.89,132.5,37.4,95.1
2025-08-13,24,2025-08-13T21:00:00Z,2025-08-13T22:00:00Z,96.82,96.82,96.54,85.4,85.4,100.6,66.3,16.1,50.2
2025-08-14,1,2025-08-13T22:00:00Z,2025-08-13T23:00:00Z,95.86,95.86,95.76,92.23,92.23,98.66,58.8,23.1,35.7
2025-08-14,2,2025-08-13T23:00:00Z,2025-08-14T00:00:00Z,89.76,89.76,89.84,91.32,88.26,92.5,25.6,12.9,12.7
2025-08-14,3,2025-08-14T00:00:00Z,2025-08-14T01:00:00Z,89.44,89.44,89.62,92.45,89.13,92.45,12.7,0.0,12.7
2025-08-14,4,2025-08-14T01:00:00Z,2025-08-14T02:00:00Z,88.25,88.25,88.49,88.51,88.0,89.01,19.7,5.0,14.7
2025-08-14,5,2025-08-14T02:00:00Z,2025-08-14T03:00:00Z,87.99,87.99,88.0,88.0,87.89,88.05,13.0,2.0,11.0
2025-08-14,6,2025-08-14T03:00:00Z,2025-08-14T04:00:00Z,96.28,96.28,96.88,95.0,95.0,99.74,18.7,3.6,15.1
2025-08-14,7,2025-08-14T04:00:00Z,2025-08-14T05:00:00Z,111.19,111.19,111.43,115.0,109.0,115.33,28.8,4.8,24.0
2025-08-14,8,2025-08-14T05:00:00Z,2025-08-14T06:00:00Z,110.2,110.2,110.54,111.99,108.11,112.28,29.1,5.1,24.0
2025-08-14,9,2025-08-14T06:00:00Z,2025-08-14T07:00:00Z,99.97,99.97,100.43,145.0,70.16,145.0,83.0,19.0,64.0
2025-08-14,10,2025-08-14T07:00:00Z,2025-08-14T08:00:00Z,87.53,87.53,89.5,155.0,79.83,155.0,95.9,52.4,43.5
2025-08-14,11,2025-08-14T08:00:00Z,2025-08-14T09:00:00Z,68.28,68.28,68.4,65.39,60.0,80.0,145.2,99.5,45.7
2025-08-14,12,2025-08-14T09:00:00Z,2025-08-14T10:00:00Z,58.08,58.08,59.4,70.12,46.79,70.12,186.9,150.5,36.4
2025-08-14,13,2025-08-14T10:00:00Z,2025-08-14T11:00:00Z,39.31,39.31,37.07,30.01,20.87,48.0,239.9,175.2,64.7
2025-08-14,14,2025-08-14T11:00:00Z,2025-08-14T12:00:00Z,22.17,22.17,20.85,33.13,7.99,55.0,414.4,277.7,136.7
2025-08-14,15,2025-08-14T12:00:00Z,2025-08-14T13:00:00Z,39.8,39.8,39.83,39.45,27.22,53.0,265.2,199.8,65.4
2025-08-14,16,2025-08-14T13:00:00Z,2025-08-14T14:00:00Z,65.92,65.92,67.39,45.0,45.0,98.16,165.8,112.7,53.1
2025-08-14,17,2025-08-14T14:00:00Z,2025-08-14T15:00:00Z,81.72,81.72,81.75,94.0,74.84,94.0,196.9,127.3,69.6
2025-08-14,18,2025-08-14T15:00:00Z,2025-08-14T16:00:00Z,113.37,113.37,113.14,98.1,98.1,125.9,238.3,126.9,111.4
2025-08-14,19,2025-08-14T16:00:00Z,2025-08-14T17:00:00Z,144.51,144.51,145.12,139.9,80.0,164.96,161.6,70.7,90.9
2025-08-14,20,2025-08-14T17:00:00Z,2025-08-14T18:00:00Z,234.55,234.55,237.14,220.0,146.41,259.68,172.7,36.3,136.4
2025-08-14,21,2025-08-14T18:00:00Z,2025-08-14T19:00:00Z,242.0,242.0,248.78,274.89,228.06,283.98,144.1,32.0,112.1
2025-08-14,22,2025-08-14T19:00:00Z,2025-08-14T20:00:00Z,133.99,133.99,133.54,144.9,121.0,155.0,147.8,33.3,114.5
2025-08-14,23,2025-08-14T20:00:00Z,2025-08-14T21:00:00Z,131.46,131.46,125.31,121.0,105.04,175.0,36.0,27.5,8.5
2025-08-14,24,2025-08-14T21:00:00Z,2025-08-14T22:00:00Z,103.99,103.99,103.99,103.33,95.0,116.0,144.2,79.2,65.0
2025-08-15,1,2025-08-14T22:00:00Z,2025-08-14T23:00:00Z,97.45,97.45,96.78,92.57,92.57,100.99,20.0,18.9,1.1
2025-08-15,2,2025-08-14T23:00:00Z,2025-08-15T00:00:00Z,95.09,95.09,94.89,95.0,91.74,99.72,35.7,35.0,0.7
2025-08-15,3,2025-08-15T00:00:00Z,2025-08-15T01:00:00Z,93.87,93.87,93.19,92.04,91.55,96.0,18.9,12.2,6.7
2025-08-15,4,2025-08-15T01:00:00Z,2025-08-15T02:00:00Z,90.75,90.75,90.35,87.23,87.23,91.98,26.1,19.5,6.6
2025-08-15,5,2025-08-15T02:00:00Z,2025-08-15T03:00:00Z,90.82,90.82,90.68,90.3,89.68,92.96,21.8,10.5,11.3
2025-08-15,6,2025-08-15T03:00:00Z,2025-08-15T04:00:00Z,94.14,94.14,93.65,92.38,92.01,96.5,25.8,10.5,15.3
2025-08-15,7,2025-08-15T04:00:00Z,2025-08-15T05:00:00Z,96.18,96.18,97.14,88.5,88.5,103.83,38.5,13.5,25.0
2025-08-15,8,2025-08-15T05:00:00Z,2025-08-15T06:00:00Z,93.95,93.95,93.45,91.74,89.24,97.23,40.8,10.5,30.3
2025-08-15,9,2025-08-15T06:00:00Z,2025-08-15T07:00:00Z,88.84,88.84,88.85,91.93,84.0,93.5,75.2,53.0,22.2
2025-08-15,10,2025-08-15T07:00:00Z,2025-08-15T08:00:00Z,65.96,65.96,66.54,120.0,54.39,120.0,126.2,82.4,43.8
2025-08-15,11,2025-08-15T08:00:00Z,2025-08-15T09:00:00Z,20.65,20.65,20.71,55.54,-7.68,55.54,178.6,97.7,80.9
2025-08-15,12,2025-08-15T09:00:00Z,2025-08-15T10:00:00Z,18.83,18.83,18.59,13.0,5.99,48.95,158.6,108.6,50.0
2025-08-15,13,2025-08-15T10:00:00Z,2025-08-15T11:00:00Z,4.27,4.27,6.17,-4.34,-4.34,25.9,187.3,133.2,54.1
2025-08-15,14,2025-08-15T11:00:00Z,2025-08-15T12:00:00Z,2.71,2.71,4.99,25.0,-10.8,25.0,153.6,94.2,59.4
2025-08-15,15,2025-08-15T12:00:00Z,2025-08-15T13:00:00Z,7.51,7.51,6.94,9.98,-4.99,35.0,57.0,40.5,16.5
2025-08-15,16,2025-08-15T13:00:00Z,2025-08-15T14:00:00Z,25.71,25.71,23.44,10.04,10.0,46.29,30.6,25.8,4.8
2025-08-15,17,2025-08-15T14:00:00Z,2025-08-15T15:00:00Z,41.8,41.8,42.57,35.14,14.05,64.9,65.3,37.8,27.5
2025-08-15,18,2025-08-15T15:00:00Z,2025-08-15T16:00:00Z,81.18,81.18,82.98,79.89,69.1,143.14,87.4,39.9,47.5
2025-08-15,19,2025-08-15T16:00:00Z,2025-08-15T17:00:00Z,109.39,109.39,108.96,101.6,96.18,119.0,178.0,69.2,108.8
2025-08-15,20,2025-08-15T17:00:00Z,2025-08-15T18:00:00Z,121.98,121.98,121.39,110.72,110.72,134.98,229.1,63.3,165.8
2025-08-15,21,2025-08-15T18:00:00Z,2025-08-15T19:00:00Z,129.62,129.62,128.27,108.53,108.52,145.0,222.8,71.6,151.2
2025-08-15,22,2025-08-15T19:00:00Z,2025-08-15T20:00:00Z,114.4,114.4,112.86,101.0,101.0,132.3,212.3,11.0,201.3
2025-08-15,23,2025-08-15T20:00:00Z,2025-08-15T21:00:00Z,105.23,105.23,104.48,98.54,94.0,130.05,268.0,23.3,244.7
2025-08-15,24,2025-08-15T21:00:00Z,2025-08-15T22:00:00Z,97.53,97.53,96.83,10.0,10.0,114.4,207.3,71.6,135.7
2025-08-16,1,2025-08-15T22:00:00Z,2025-08-15T23:00:00Z,98.19,98.19,101.19,114.85,91.0,114.85,44.9,1.8,43.1
2025-08-16,2,2025-08-15T23:00:00Z,2025-08-16T00:00:00Z,92.1,92.1,90.26,93.76,86.0,96.26,9.4,7.4,2.0
2025-08-16,3,2025-08-16T00:00:00Z,2025-08-16T01:00:00Z,92.87,92.87,92.97,94.2,86.0,98.49,33.8,30.7,3.1
2025-08-16,4,2025-08-16T01:00:00Z,2025-08-16T02:00:00Z,90.62,90.62,90.54,85.56,85.56,92.5,8.1,4.8,3.3
2025-08-16,5,2025-08-16T02:00:00Z,2025-08-16T03:00:00Z,84.95,84.95,85.2,83.0,82.5,90.29,10.2,7.1,3.1
2025-08-16,6,2025-08-16T03:00:00Z,2025-08-16T04:00:00Z,83.36,83.36,83.33,80.4,80.38,92.45,33.2,29.2,4.0
2025-08-16,7,2025-08-16T04:00:00Z,2025-08-16T05:00:00Z,88.42,88.42,87.95,86.78,84.5,93.33,38.7,30.7,8.0
2025-08-16,8,2025-08-16T05:00:00Z,2025-08-16T06:00:00Z,89.41,89.41,88.49,85.2,85.2,92.49,26.5,10.0,16.5
2025-08-16,9,2025-08-16T06:00:00Z,2025-08-16T07:00:00Z,83.1,83.1,82.91,80.0,80.0,88.09,42.0,32.0,10.0
2025-08-16,10,2025-08-16T07:00:00Z,2025-08-16T08:00:00Z,71.04,71.04,71.06,98.0,60.02,98.0,99.7,41.2,58.5
2025-08-16,11,2025-08-16T08:00:00Z,2025-08-16T09:00:00Z,29.77,29.77,29.64,46.8,15.98,46.8,105.4,30.2,75.2
2025-08-16,12,2025-08-16T09:00:00Z,2025-08-16T10:00:00Z,29.04,29.04,30.06,34.56,11.3,39.39,211.3,137.6,73.7
2025-08-16,13,2025-08-16T10:00:00Z,2025-08-16T11:00:00Z,17.65,17.65,18.24,5.0,3.93,25.79,179.7,122.3,57.4
2025-08-16,14,2025-08-16T11:00:00Z,2025-08-16T12:00:00Z,18.77,18.77,19.61,37.5,1.0,39.99,235.0,143.7,91.3
2025-08-16,15,2025-08-16T12:00:00Z,2025-08-16T13:00:00Z,19.63,19.63,19.82,42.4,5.0,42.4,287.8,167.4,120.4
2025-08-16,16,2025-08-16T13:00:00Z,2025-08-16T14:00:00Z,21.68,21.68,22.7,46.49,15.72,46.49,187.0,148.7,38.3
2025-08-16,17,2025-08-16T14:00:00Z,2025-08-16T15:00:00Z,62.13,62.13,60.06,150.0,38.73,150.0,149.9,85.9,64.0
2025-08-16,18,2025-08-16T15:00:00Z,2025-08-16T16:00:00Z,82.85,82.85,82.17,80.03,78.14,89.0,68.5,45.5,23.0
2025-08-16,19,2025-08-16T16:00:00Z,2025-08-16T17:00:00Z,93.81,93.81,93.24,97.93,84.35,133.05,47.4,42.2,5.2
2025-08-16,20,2025-08-16T17:00:00Z,2025-08-16T18:00:00Z,106.14,106.14,106.14,104.93,97.19,132.13,171.3,67.5,103.8
2025-08-16,21,2025-08-16T18:00:00Z,2025-08-16T19:00:00Z,121.51,121.51,114.55,125.0,103.0,132.0,168.7,41.1,127.6
2025-08-16,22,2025-08-16T19:00:00Z,2025-08-16T20:00:00Z,106.19,106.19,107.7,107.8,100.88,122.0,245.6,76.4,169.2
2025-08-16,23,2025-08-16T20:00:00Z,2025-08-16T21:00:00Z,101.67,101.67,101.16,108.49,97.94,111.0,183.1,33.0,150.1
2025-08-16,24,2025-08-16T21:00:00Z,2025-08-16T22:00:00Z,95.22,95.22,95.18,94.9,93.45,98.07,341.4,11.4,330.0
2025-08-17,1,2025-08-16T22:00:00Z,2025-08-16T23:00:00Z,92.94,92.94,93.13,92.0,92.0,94.98,40.5,10.5,30.0
2025-08-17,2,2025-08-16T23:00:00Z,2025-08-17T00:00:00Z,91.47,91.47,90.89,91.0,88.2,92.0,18.1,10.6,7.5
2025-08-17,3,2025-08-17T00:00:00Z,2025-08-17T01:00:00Z,89.44,89.44,89.0,85.01,85.01,90.0,13.3,11.3,2.0
2025-08-17,4,2025-08-17T01:00:00Z,2025-08-17T02:00:00Z,88.43,88.43,86.63,84.11,84.01,89.56,12.9,12.2,0.7
2025-08-17,5,2025-08-17T02:00:00Z,2025-08-17T03:00:00Z,85.02,85.02,82.42,81.2,79.0,87.89,28.8,23.3,5.5
2025-08-17,6,2025-08-17T03:00:00Z,2025-08-17T04:00:00Z,84.95,84.95,84.35,83.76,81.56,90.0,35.9,29.3,6.6
2025-08-17,7,2025-08-17T04:00:00Z,2025-08-17T05:00:00Z,87.9,87.9,87.82,83.83,83.7,89.63,32.2,19.1,13.1
2025-08-17,8,2025-08-17T05:00:00Z,2025-08-17T06:00:00Z,76.65,76.65,80.63,30.0,30.0,84.11,90.8,20.3,70.5
2025-08-17,9,2025-08-17T06:00:00Z,2025-08-17T07:00:00Z,78.29,78.29,79.7,82.21,71.67,84.56,46.0,35.5,10.5
2025-08-17,10,2025-08-17T07:00:00Z,2025-08-17T08:00:00Z,33.7,33.7,35.05,28.19,25.0,50.96,143.6,124.2,19.4
2025-08-17,11,2025-08-17T08:00:00Z,2025-08-17T09:00:00Z,28.88,28.88,28.69,50.0,5.0,64.95,420.0,319.8,100.2
2025-08-17,12,2025-08-17T09:00:00Z,2025-08-17T10:00:00Z,9.2,9.2,8.78,11.34,-2.31,28.9,178.0,122.0,56.0
2025-08-17,13,2025-08-17T10:00:00Z,2025-08-17T11:00:00Z,0.56,0.56,-0.27,-1.94,-10.0,16.65,186.1,122.6,63.5
2025-08-17,14,2025-08-17T11:00:00Z,2025-08-17T12:00:00Z,-1.36,-1.36,-1.37,5.21,-11.0,5.21,142.2,92.2,50.0
2025-08-17,15,2025-08-17T12:00:00Z,2025-08-17T13:00:00Z,0.09,0.09,1.11,7.12,-8.62,15.0,103.0,79.7,23.3
2025-08-17,16,2025-08-17T13:00:00Z,2025-08-17T14:00:00Z,8.12,8.12,9.0,11.76,-0.42,30.0,182.0,157.0,25.0
2025-08-17,17,2025-08-17T14:00:00Z,2025-08-17T15:00:00Z,37.52,37.52,43.82,53.75,24.8,98.97,80.4,56.1,24.3
2025-08-17,18,2025-08-17T15:00:00Z,2025-08-17T16:00:00Z,72.04,72.04,72.17,74.77,68.07,74.77,94.4,49.9,44.5
2025-08-17,19,2025-08-17T16:00:00Z,2025-08-17T17:00:00Z,96.26,96.26,96.66,98.0,92.31,102.49,99.0,35.3,63.7
2025-08-17,20,2025-08-17T17:00:00Z,2025-08-17T18:00:00Z,103.79,103.79,104.15,100.0,100.0,111.0,203.4,1.4,202.0
2025-08-17,21,2025-08-17T18:00:00Z,2025-08-17T19:00:00Z,107.0,107.0,107.47,115.18,104.74,115.18,98.7,0.3,98.4
2025-08-17,22,2025-08-17T19:00:00Z,2025-08-17T20:00:00Z,104.31,104.31,104.72,102.54,102.54,114.92,94.4,0.4,94.0
2025-08-17,23,2025-08-17T20:00:00Z,2025-08-17T21:00:00Z,101.34,101.34,101.28,101.12,99.01,113.36,87.9,10.9,77.0
2025-08-17,24,2025-08-17T21:00:00Z,2025-08-17T22:00:00Z,100.47,100.47,100.38,98.81,94.67,104.99,78.2,6.6,71.6
2025-08-18,1,2025-08-17T22:00:00Z,2025-08-17T23:00:00Z,96.82,96.82,97.22,95.0,94.24,99.07,56.7,10.0,46.7
2025-08-18,2,2025-08-17T23:00:00Z,2025-08-18T00:00:00Z,88.5,88.5,88.6,89.28,86.9,89.82,56.7,10.0,46.7
2025-08-18,3,2025-08-18T00:00:00Z,2025-08-18T01:00:00Z,84.46,84.46,84.62,84.57,84.0,85.5,58.7,15.0,43.7
2025-08-18,4,2025-08-18T01:00:00Z,2025-08-18T02:00:00Z,83.7,83.7,83.8,86.28,83.27,86.28,60.6,24.0,36.6
2025-08-18,5,2025-08-18T02:00:00Z,2025-08-18T03:00:00Z,88.25,88.25,87.59,90.0,87.0,90.0,56.0,20.0,36.0
2025-08-18,6,2025-08-18T03:00:00Z,2025-08-18T04:00:00Z,99.23,99.23,98.65,102.37,98.0,102.37,49.0,15.0,34.0
2025-08-18,7,2025-08-18T04:00:00Z,2025-08-18T05:00:00Z,113.48,113.48,114.53,110.0,110.0,120.43,45.0,19.0,26.0
2025-08-18,8,2025-08-18T05:00:00Z,2025-08-18T06:00:00Z,120.62,120.62,120.79,115.0,115.0,126.45,34.6,6.1,28.5
2025-08-18,9,2025-08-18T06:00:00Z,2025-08-18T07:00:00Z,107.51,107.51,107.58,105.0,94.22,114.79,94.3,58.4,35.9
2025-08-18,10,2025-08-18T07:00:00Z,2025-08-18T08:00:00Z,81.58,81.58,81.2,79.98,73.89,92.04,152.3,75.1,77.2
2025-08-18,11,2025-08-18T08:00:00Z,2025-08-18T09:00:00Z,65.25,65.25,66.67,50.01,50.01,76.6,193.8,103.3,90.5
2025-08-18,12,2025-08-18T09:00:00Z,2025-08-18T10:00:00Z,51.06,51.06,51.6,46.0,44.2,63.03,159.4,74.6,84.8
2025-08-18,13,2025-08-18T10:00:00Z,2025-08-18T11:00:00Z,23.1,23.1,25.86,0.2,0.2,37.88,155.4,72.6,82.8
2025-08-18,14,2025-08-18T11:00:00Z,2025-08-18T12:00:00Z,18.47,18.47,19.07,6.03,-1.77,33.8,114.2,63.5,50.7
2025-08-18,15,2025-08-18T12:00:00Z,2025-08-18T13:00:00Z,32.53,32.53,32.18,11.02,11.01,41.88,169.5,75.7,93.8
2025-08-18,16,2025-08-18T13:00:00Z,2025-08-18T14:00:00Z,64.91,64.91,64.42,66.57,55.26,71.94,121.4,40.1,81.3
2025-08-18,17,2025-08-18T14:00:00Z,2025-08-18T15:00:00Z,79.43,79.43,78.45,78.97,74.43,87.46,119.4,51.8,67.6
2025-08-18,18,2025-08-18T15:00:00Z,2025-08-18T16:00:00Z,98.19,98.19,99.36,92.55,86.59,109.96,123.7,61.6,62.1
2025-08-18,19,2025-08-18T16:00:00Z,2025-08-18T17:00:00Z,110.58,110.58,110.71,106.0,102.91,122.0,88.5,27.8,60.7
2025-08-18,20,2025-08-18T17:00:00Z,2025-08-18T18:00:00Z,159.83,159.83,155.99,139.99,131.23,188.0,176.8,22.5,154.3
2025-08-18,21,2025-08-18T18:00:00Z,2025-08-18T19:00:00Z,188.71,188.71,172.18,142.81,142.81,220.72,94.1,13.0,81.1
2025-08-18,22,2025-08-18T19:00:00Z,2025-08-18T20:00:00Z,123.79,123.79,122.04,120.63,111.76,132.51,144.0,7.5,136.5
2025-08-18,23,2025-08-18T20:00:00Z,2025-08-18T21:00:00Z,105.58,105.58,104.25,94.0,94.0,108.41,71.7,33.0,38.7
2025-08-18,24,2025-08-18T21:00:00Z,2025-08-18T22:00:00Z,99.87,99.87,99.73,97.08,97.08,101.0,69.2,37.0,32.2
2025-08-19,1,2025-08-18T22:00:00Z,2025-08-18T23:00:00Z,96.28,96.28,96.58,98.0,95.39,98.0,25.0,1.0,24.0
2025-08-19,2,2025-08-18T23:00:00Z,2025-08-19T00:00:00Z,92.71,92.71,92.22,93.0,90.97,93.0,28.0,1.0,27.0
2025-08-19,3,2025-08-19T00:00:00Z,2025-08-19T01:00:00Z,92.07,92.07,92.93,97.51,86.14,97.8,43.8,21.2,22.6
2025-08-19,4,2025-08-19T01:00:00Z,2025-08-19T02:00:00Z,92.21,92.21,91.02,99.99,84.78,100.66,45.8,22.9,22.9
2025-08-19,5,2025-08-19T02:00:00Z,2025-08-19T03:00:00Z,88.88,88.88,92.24,93.68,87.27,93.68,20.5,4.5,16.0
2025-08-19,6,2025-08-19T03:00:00Z,2025-08-19T04:00:00Z,104.08,104.08,104.37,107.6,100.2,107.8,22.0,0.0,22.0
2025-08-19,7,2025-08-19T04:00:00Z,2025-08-19T05:00:00Z,109.75,109.75,109.36,112.4,108.01,112.41,23.0,0.0,23.0
2025-08-19,8,2025-08-19T05:00:00Z,2025-08-19T06:00:00Z,111.9,111.9,111.32,117.6,107.09,117.67,59.0,0.0,59.0
2025-08-19,9,2025-08-19T06:00:00Z,2025-08-19T07:00:00Z,98.23,98.23,98.14,94.24,93.39,100.56,89.7,3.6,86.1
2025-08-19,10,2025-08-19T07:00:00Z,2025-08-19T08:00:00Z,80.79,80.79,82.85,90.0,74.17,95.39,137.6,38.8,98.8
2025-08-19,11,2025-08-19T08:00:00Z,2025-08-19T09:00:00Z,57.97,57.97,56.09,61.68,46.35,63.49,226.0,105.4,120.6
2025-08-19,12,2025-08-19T09:00:00Z,2025-08-19T10:00:00Z,46.37,46.37,48.02,44.0,37.33,66.99,178.6,88.3,90.3
2025-08-19,13,2025-08-19T10:00:00Z,2025-08-19T11:00:00Z,27.15,27.15,29.61,15.61,12.77,39.91,81.9,36.5,45.4
2025-08-19,14,2025-08-19T11:00:00Z,2025-08-19T12:00:00Z,18.39,18.39,19.19,1.79,0.0,34.0,80.0,54.7,25.3
2025-08-19,15,2025-08-19T12:00:00Z,2025-08-19T13:00:00Z,30.32,30.32,29.42,11.05,11.02,44.18,156.1,101.2,54.9
2025-08-19,16,2025-08-19T13:00:00Z,2025-08-19T14:00:00Z,50.74,50.74,49.39,45.0,45.0,61.5,69.0,54.0,15.0
2025-08-19,17,2025-08-19T14:00:00Z,2025-08-19T15:00:00Z,68.53,68.53,71.34,60.62,60.62,90.0,34.1,7.0,27.1
2025-08-19,18,2025-08-19T15:00:00Z,2025-08-19T16:00:00Z,91.1,91.1,92.99,83.5,83.5,113.1,16.3,13.8,2.5
2025-08-19,19,2025-08-19T16:00:00Z,2025-08-19T17:00:00Z,117.54,117.54,117.84,122.0,108.32,126.21,45.0,3.0,42.0
2025-08-19,20,2025-08-19T17:00:00Z,2025-08-19T18:00:00Z,157.38,157.38,152.08,133.56,133.56,190.0,179.3,21.9,157.4
2025-08-19,21,2025-08-19T18:00:00Z,2025-08-19T19:00:00Z,155.43,155.43,156.77,150.66,145.0,189.99,123.4,0.6,122.8
2025-08-19,22,2025-08-19T19:00:00Z,2025-08-19T20:00:00Z,117.99,117.99,119.07,117.0,117.0,130.0,22.4,0.0,22.4
2025-08-19,23,2025-08-19T20:00:00Z,2025-08-19T21:00:00Z,105.36,105.36,105.13,105.41,104.2,106.0,21.6,6.6,15.0
2025-08-19,24,2025-08-19T21:00:00Z,2025-08-19T22:00:00Z,99.56,99.56,99.33,100.05,98.0,100.5,57.5,22.5,35.0
2025-08-20,1,2025-08-19T22:00:00Z,2025-08-19T23:00:00Z,102.79,102.79,102.98,99.05,99.05,103.29,6.2,5.5,0.7
2025-08-20,2,2025-08-19T23:00:00Z,2025-08-20T00:00:00Z,97.92,97.92,97.35,98.01,96.0,98.33,41.2,40.5,0.7
2025-08-20,3,2025-08-20T00:00:00Z,2025-08-20T01:00:00Z,92.18,92.18,91.95,92.24,90.8,92.58,38.7,38.0,0.7
2025-08-20,4,2025-08-20T01:00:00Z,2025-08-20T02:00:00Z,86.89,86.89,86.84,86.11,86.11,89.1,38.1,36.0,2.1
2025-08-20,5,2025-08-20T02:00:00Z,2025-08-20T03:00:00Z,89.39,89.39,89.48,88.34,88.04,91.41,31.9,31.9,0.0
2025-08-20,6,2025-08-20T03:00:00Z,2025-08-20T04:00:00Z,98.02,98.02,98.23,98.7,97.31,98.87,35.4,35.4,0.0
2025-08-20,7,2025-08-20T04:00:00Z,2025-08-20T05:00:00Z,108.64,108.64,109.76,113.96,107.53,114.15,25.0,25.0,0.0
2025-08-20,8,2025-08-20T05:00:00Z,2025-08-20T06:00:00Z,105.71,105.71,106.16,105.44,105.0,109.63,36.1,25.1,11.0
2025-08-20,9,2025-08-20T06:00:00Z,2025-08-20T07:00:00Z,98.98,98.98,100.15,103.0,93.02,103.0,35.7,30.5,5.2
2025-08-20,10,2025-08-20T07:00:00Z,2025-08-20T08:00:00Z,77.2,77.2,77.74,80.02,50.0,87.89,59.9,45.7,14.2
2025-08-20,11,2025-08-20T08:00:00Z,2025-08-20T09:00:00Z,64.72,64.72,67.8,75.79,55.87,82.51,247.9,183.7,64.2
2025-08-20,12,2025-08-20T09:00:00Z,2025-08-20T10:00:00Z,59.14,59.14,57.9,61.22,44.0,71.98,315.8,226.0,89.8
2025-08-20,13,2025-08-20T10:00:00Z,2025-08-20T11:00:00Z,46.96,46.96,47.13,45.0,23.41,72.79,342.7,251.8,90.9
2025-08-20,14,2025-08-20T11:00:00Z,2025-08-20T12:00:00Z,28.31,28.31,29.04,10.24,10.24,42.0,215.4,143.8,71.6
2025-08-20,15,2025-08-20T12:00:00Z,2025-08-20T13:00:00Z,26.12,26.12,26.69,-8.3,-8.7,45.9,165.2,95.1,70.1
2025-08-20,16,2025-08-20T13:00:00Z,2025-08-20T14:00:00Z,64.91,64.91,62.72,66.1,42.0,72.79,246.0,191.3,54.7
2025-08-20,17,2025-08-20T14:00:00Z,2025-08-20T15:00:00Z,82.46,82.46,81.72,89.71,73.09,89.71,75.2,46.9,28.3
2025-08-20,18,2025-08-20T15:00:00Z,2025-08-20T16:00:00Z,104.8,104.8,106.01,98.56,98.56,111.99,61.0,51.0,10.0
2025-08-20,19,2025-08-20T16:00:00Z,2025-08-20T17:00:00Z,114.15,114.15,115.64,115.6,109.02,119.29,159.8,75.3,84.5
2025-08-20,20,2025-08-20T17:00:00Z,2025-08-20T18:00:00Z,137.76,137.76,138.32,126.91,126.91,159.32,149.2,66.6,82.6
2025-08-20,21,2025-08-20T18:00:00Z,2025-08-20T19:00:00Z,140.04,140.04,139.42,139.78,125.95,159.0,102.2,60.2,42.0
2025-08-20,22,2025-08-20T19:00:00Z,2025-08-20T20:00:00Z,119.5,119.5,119.07,113.8,106.69,130.01,82.5,39.1,43.4
2025-08-20,23,2025-08-20T20:00:00Z,2025-08-20T21:00:00Z,100.36,100.36,100.65,96.96,90.03,108.52,85.2,37.1,48.1
2025-08-20,24,2025-08-20T21:00:00Z,2025-08-20T22:00:00Z,97.23,97.23,96.91,91.02,90.0,103.9,88.8,65.5,23.3
2025-08-21,1,2025-08-20T22:00:00Z,2025-08-20T23:00:00Z,93.26,93.26,92.97,90.12,89.6,100.0,48.9,43.5,5.4
2025-08-21,2,2025-08-20T23:00:00Z,2025-08-21T00:00:00Z,86.97,86.97,86.78,85.8,85.46,90.0,39.5,38.8,0.7
2025-08-21,3,2025-08-21T00:00:00Z,2025-08-21T01:00:00Z,85.6,85.6,85.85,85.1,84.67,88.0,36.7,35.9,0.8
2025-08-21,4,2025-08-21T01:00:00Z,2025-08-21T02:00:00Z,86.44,86.44,85.91,85.69,84.83,89.0,43.3,43.3,0.0
2025-08-21,5,2025-08-21T02:00:00Z,2025-08-21T03:00:00Z,91.12,91.12,91.11,91.59,88.0,91.78,39.5,39.5,0.0
2025-08-21,6,2025-08-21T03:00:00Z,2025-08-21T04:00:00Z,101.51,101.51,101.53,102.48,99.0,103.49,37.1,37.1,0.0
2025-08-21,7,2025-08-21T04:00:00Z,2025-08-21T05:00:00Z,108.44,108.44,108.72,108.0,107.82,110.32,25.0,25.0,0.0
2025-08-21,8,2025-08-21T05:00:00Z,2025-08-21T06:00:00Z,111.39,111.39,108.43,107.78,106.08,115.68,16.7,8.7,8.0
2025-08-21,9,2025-08-21T06:00:00Z,2025-08-21T07:00:00Z,102.3,102.3,102.91,101.4,101.39,104.47,29.9,17.9,12.0
2025-08-21,10,2025-08-21T07:00:00Z,2025-08-21T08:00:00Z,90.49,90.49,90.24,92.18,85.91,96.0,136.6,109.6,27.0
2025-08-21,11,2025-08-21T08:00:00Z,2025-08-21T09:00:00Z,82.68,82.68,81.56,89.9,70.34,94.08,227.0,165.0,62.0
2025-08-21,12,2025-08-21T09:00:00Z,2025-08-21T10:00:00Z,85.0,85.0,84.65,80.95,72.99,97.13,297.5,220.2,77.3
2025-08-21,13,2025-08-21T10:00:00Z,2025-08-21T11:00:00Z,76.55,76.55,77.46,84.0,57.52,91.26,327.3,246.3,81.0
2025-08-21,14,2025-08-21T11:00:00Z,2025-08-21T12:00:00Z,73.78,73.78,72.56,75.0,59.13,84.9,354.7,253.1,101.6
2025-08-21,15,2025-08-21T12:00:00Z,2025-08-21T13:00:00Z,69.77,69.77,69.03,66.5,57.71,85.79,192.1,136.1,56.0
2025-08-21,16,2025-08-21T13:00:00Z,2025-08-21T14:00:00Z,83.31,83.31,82.91,82.09,75.64,90.0,91.4,67.2,24.2
2025-08-21,17,2025-08-21T14:00:00Z,2025-08-21T15:00:00Z,102.2,102.2,103.07,114.13,91.0,119.05,266.6,175.6,91.0
2025-08-21,18,2025-08-21T15:00:00Z,2025-08-21T16:00:00Z,104.78,104.78,106.44,112.0,99.1,116.73,124.8,106.8,18.0
2025-08-21,19,2025-08-21T16:00:00Z,2025-08-21T17:00:00Z,127.08,127.08,127.55,123.66,120.0,134.17,72.2,54.5,17.7
2025-08-21,20,2025-08-21T17:00:00Z,2025-08-21T18:00:00Z,125.85,125.85,126.72,140.0,108.13,140.0,106.0,98.1,7.9
2025-08-21,21,2025-08-21T18:00:00Z,2025-08-21T19:00:00Z,126.32,126.32,124.67,107.01,107.01,148.89,99.5,86.4,13.1
2025-08-21,22,2025-08-21T19:00:00Z,2025-08-21T20:00:00Z,115.02,115.02,112.99,110.1,105.83,119.84,86.7,73.6,13.1
2025-08-21,23,2025-08-21T20:00:00Z,2025-08-21T21:00:00Z,104.48,104.48,103.26,99.0,97.35,108.83,54.1,42.7,11.4
2025-08-21,24,2025-08-21T21:00:00Z,2025-08-21T22:00:00Z,87.9,87.9,89.16,82.98,82.97,97.0,51.9,41.4,10.5
2025-08-22,1,2025-08-21T22:00:00Z,2025-08-21T23:00:00Z,88.68,88.68,88.58,88.57,87.33,88.9,21.1,21.0,0.1
2025-08-22,2,2025-08-21T23:00:00Z,2025-08-22T00:00:00Z,86.1,86.1,85.93,86.61,83.9,86.61,26.8,26.0,0.8
2025-08-22,3,2025-08-22T00:00:00Z,2025-08-22T01:00:00Z,79.06,79.06,78.97,79.96,78.58,82.0,23.9,10.0,13.9
2025-08-22,4,2025-08-22T01:00:00Z,2025-08-22T02:00:00Z,78.77,78.77,78.04,82.99,77.1,82.99,24.0,5.6,18.4
2025-08-22,5,2025-08-22T02:00:00Z,2025-08-22T03:00:00Z,79.83,79.83,80.28,82.67,77.74,82.78,28.1,1.0,27.1
2025-08-22,6,2025-08-22T03:00:00Z,2025-08-22T04:00:00Z,85.5,85.5,86.8,85.81,84.5,88.39,35.2,0.0,35.2
2025-08-22,7,2025-08-22T04:00:00Z,2025-08-22T05:00:00Z,100.66,100.66,100.58,103.26,99.43,103.26,62.8,26.2,36.6
2025-08-22,8,2025-08-22T05:00:00Z,2025-08-22T06:00:00Z,113.71,113.71,110.56,199.0,101.53,199.0,64.5,15.4,49.1
2025-08-22,9,2025-08-22T06:00:00Z,2025-08-22T07:00:00Z,108.15,108.15,108.88,129.98,96.76,130.0,81.3,26.1,55.2
2025-08-22,10,2025-08-22T07:00:00Z,2025-08-22T08:00:00Z,86.25,86.25,86.31,87.0,77.75,91.59,140.0,71.8,68.2
2025-08-22,11,2025-08-22T08:00:00Z,2025-08-22T09:00:00Z,58.84,58.84,58.39,70.99,50.0,70.99,180.8,66.1,114.7
2025-08-22,12,2025-08-22T09:00:00Z,2025-08-22T10:00:00Z,45.97,45.97,45.25,54.99,32.96,67.18,315.1,195.7,119.4
2025-08-22,13,2025-08-22T10:00:00Z,2025-08-22T11:00:00Z,19.76,19.76,21.76,38.04,12.93,38.04,166.3,116.0,50.3
2025-08-22,14,2025-08-22T11:00:00Z,2025-08-22T12:00:00Z,11.42,11.42,12.58,28.11,3.3,29.0,212.8,109.8,103.0
2025-08-22,15,2025-08-22T12:00:00Z,2025-08-22T13:00:00Z,13.11,13.11,13.65,29.0,0.0,36.0,366.4,157.2,209.2
2025-08-22,16,2025-08-22T13:00:00Z,2025-08-22T14:00:00Z,19.76,19.76,20.82,36.99,6.34,44.64,204.8,69.5,135.3
2025-08-22,17,2025-08-22T14:00:00Z,2025-08-22T15:00:00Z,65.44,65.44,62.56,61.0,49.38,84.99,169.2,84.4,84.8
2025-08-22,18,2025-08-22T15:00:00Z,2025-08-22T16:00:00Z,79.79,79.79,80.42,88.97,68.29,89.85,124.0,46.1,77.9
2025-08-22,19,2025-08-22T16:00:00Z,2025-08-22T17:00:00Z,95.65,95.65,97.13,93.19,88.5,112.01,109.6,42.9,66.7
2025-08-22,20,2025-08-22T17:00:00Z,2025-08-22T18:00:00Z,108.07,108.07,108.06,101.0,101.0,113.52,156.1,17.8,138.3
2025-08-22,21,2025-08-22T18:00:00Z,2025-08-22T19:00:00Z,109.04,109.04,105.52,80.02,80.02,120.0,119.5,35.0,84.5
2025-08-22,22,2025-08-22T19:00:00Z,2025-08-22T20:00:00Z,109.25,109.25,109.77,85.11,85.11,113.4,87.2,27.2,60.0
2025-08-22,23,2025-08-22T20:00:00Z,2025-08-22T21:00:00Z,101.79,101.79,102.53,105.1,100.0,118.0,277.9,8.3,269.6
2025-08-22,24,2025-08-22T21:00:00Z,2025-08-22T22:00:00Z,96.13,96.13,96.98,95.0,93.0,100.7,87.7,29.0,58.7
2025-08-23,1,2025-08-22T22:00:00Z,2025-08-22T23:00:00Z,92.45,92.45,92.87,89.91,89.57,99.21,46.9,30.0,16.9
2025-08-23,2,2025-08-22T23:00:00Z,2025-08-23T00:00:00Z,88.27,88.27,89.48,93.41,85.68,95.27,35.7,32.4,3.3
2025-08-23,3,2025-08-23T00:00:00Z,2025-08-23T01:00:00Z,86.41,86.41,87.23,88.0,84.14,90.8,42.6,40.0,2.6
2025-08-23,4,2025-08-23T01:00:00Z,2025-08-23T02:00:00Z,83.75,83.75,84.36,84.5,82.34,87.11,47.6,45.0,2.6
2025-08-23,5,2025-08-23T02:00:00Z,2025-08-23T03:00:00Z,83.66,83.66,83.82,83.6,83.0,86.8,69.4,55.0,14.4
2025-08-23,6,2025-08-23T03:00:00Z,2025-08-23T04:00:00Z,84.55,84.55,84.52,85.0,83.0,89.69,67.6,54.0,13.6
2025-08-23,7,2025-08-23T04:00:00Z,2025-08-23T05:00:00Z,90.94,90.94,89.39,101.97,83.86,101.97,40.7,27.0,13.7
2025-08-23,8,2025-08-23T05:00:00Z,2025-08-23T06:00:00Z,92.28,92.28,92.62,99.78,81.72,101.12,61.9,15.6,46.3
2025-08-23,9,2025-08-23T06:00:00Z,2025-08-23T07:00:00Z,84.75,84.75,86.42,77.65,76.4,93.11,59.2,10.0,49.2
2025-08-23,10,2025-08-23T07:00:00Z,2025-08-23T08:00:00Z,49.38,49.38,51.21,46.01,42.15,62.65,122.3,56.3,66.0
2025-08-23,11,2025-08-23T08:00:00Z,2025-08-23T09:00:00Z,24.35,24.35,21.71,7.43,7.2,30.0,315.3,292.0,23.3
2025-08-23,12,2025-08-23T09:00:00Z,2025-08-23T10:00:00Z,3.72,3.72,0.39,-6.5,-9.29,13.0,146.9,124.6,22.3
2025-08-23,13,2025-08-23T10:00:00Z,2025-08-23T11:00:00Z,-5.48,-5.48,-5.71,-13.74,-24.94,8.0,202.1,130.1,72.0
2025-08-23,14,2025-08-23T11:00:00Z,2025-08-23T12:00:00Z,-2.71,-2.71,-3.29,-7.83,-10.89,3.53,210.6,124.4,86.2
2025-08-23,15,2025-08-23T12:00:00Z,2025-08-23T13:00:00Z,-1.52,-1.52,-0.98,-2.4,-8.59,6.05,186.4,133.5,52.9
2025-08-23,16,2025-08-23T13:00:00Z,2025-08-23T14:00:00Z,7.96,7.96,8.13,3.53,3.53,11.06,184.0,176.4,7.6
2025-08-23,17,2025-08-23T14:00:00Z,2025-08-23T15:00:00Z,21.74,21.74,20.02,17.37,13.0,25.87,115.3,93.1,22.2
2025-08-23,18,2025-08-23T15:00:00Z,2025-08-23T16:00:00Z,78.51,78.51,77.64,56.97,49.0,90.99,124.9,79.4,45.5
2025-08-23,19,2025-08-23T16:00:00Z,2025-08-23T17:00:00Z,108.31,108.31,107.72,80.0,80.0,119.0,159.4,52.1,107.3
2025-08-23,20,2025-08-23T17:00:00Z,2025-08-23T18:00:00Z,118.29,118.29,117.46,111.0,104.96,126.31,169.2,24.6,144.6
2025-08-23,21,2025-08-23T18:00:00Z,2025-08-23T19:00:00Z,127.39,127.39,126.8,122.01,119.86,144.99,277.3,83.2,194.1
2025-08-23,22,2025-08-23T19:00:00Z,2025-08-23T20:00:00Z,114.16,114.16,113.05,112.0,108.28,117.8,236.0,59.7,176.3
2025-08-23,23,2025-08-23T20:00:00Z,2025-08-23T21:00:00Z,107.62,107.62,106.8,103.0,103.0,110.84,245.5,66.9,178.6
2025-08-23,24,2025-08-23T21:00:00Z,2025-08-23T22:00:00Z,100.33,100.33,100.22,97.08,97.08,104.65,396.8,55.3,341.5
2025-08-24,1,2025-08-23T22:00:00Z,2025-08-23T23:00:00Z,84.97,84.97,86.69,83.26,83.11,93.47,3.9,0.8,3.1
2025-08-24,2,2025-08-23T23:00:00Z,2025-08-24T00:00:00Z,83.45,83.45,83.96,85.36,81.0,93.0,33.5,31.7,1.8
2025-08-24,3,2025-08-24T00:00:00Z,2025-08-24T01:00:00Z,81.28,81.28,82.12,81.0,81.0,85.65,12.4,10.8,1.6
2025-08-24,4,2025-08-24T01:00:00Z,2025-08-24T02:00:00Z,81.19,81.19,82.05,84.0,80.0,84.89,21.4,14.8,6.6
2025-08-24,5,2025-08-24T02:00:00Z,2025-08-24T03:00:00Z,84.0,84.0,84.93,89.14,78.67,90.43,38.9,32.3,6.6
2025-08-24,6,2025-08-24T03:00:00Z,2025-08-24T04:00:00Z,80.74,80.74,83.32,89.0,79.0,89.0,21.3,16.0,5.3
2025-08-24,7,2025-08-24T04:00:00Z,2025-08-24T05:00:00Z,78.86,78.86,81.14,90.35,78.0,90.35,12.5,12.0,0.5
2025-08-24,8,2025-08-24T05:00:00Z,2025-08-24T06:00:00Z,69.72,69.72,71.2,70.0,69.0,75.57,25.6,25.0,0.6
2025-08-24,9,2025-08-24T06:00:00Z,2025-08-24T07:00:00Z,43.12,43.12,46.82,36.0,36.0,58.67,53.7,31.0,22.7
2025-08-24,10,2025-08-24T07:00:00Z,2025-08-24T08:00:00Z,-3.67,-3.67,-2.42,-19.29,-19.29,0.0,262.4,231.6,30.8
2025-08-24,11,2025-08-24T08:00:00Z,2025-08-24T09:00:00Z,-6.08,-6.08,-6.29,-18.99,-19.98,0.63,232.6,187.0,45.6
2025-08-24,12,2025-08-24T09:00:00Z,2025-08-24T10:00:00Z,-8.49,-8.49,-9.99,-32.93,-32.93,-2.0,121.5,72.8,48.7
2025-08-24,13,2025-08-24T10:00:00Z,2025-08-24T11:00:00Z,-11.29,-11.29,-13.52,-40.0,-40.0,-4.21,96.7,55.4,41.3
2025-08-24,14,2025-08-24T11:00:00Z,2025-08-24T12:00:00Z,-13.52,-13.52,-14.76,-6.9,-29.01,-6.9,97.8,43.9,53.9
2025-08-24,15,2025-08-24T12:00:00Z,2025-08-24T13:00:00Z,-20.82,-20.82,-20.54,-61.01,-74.99,-7.49,82.6,42.8,39.8
2025-08-24,16,2025-08-24T13:00:00Z,2025-08-24T14:00:00Z,-13.87,-13.87,-10.39,-34.1,-40.01,-0.55,145.8,78.9,66.9
2025-08-24,17,2025-08-24T14:00:00Z,2025-08-24T15:00:00Z,0.07,0.07,0.1,-11.99,-11.99,5.39,228.1,143.3,84.8
2025-08-24,18,2025-08-24T15:00:00Z,2025-08-24T16:00:00Z,45.88,45.88,48.57,77.08,29.02,77.08,45.5,0.8,44.7
2025-08-24,19,2025-08-24T16:00:00Z,2025-08-24T17:00:00Z,84.59,84.59,84.78,78.97,76.36,100.0,236.3,83.1,153.2
2025-08-24,20,2025-08-24T17:00:00Z,2025-08-24T18:00:00Z,101.23,101.23,101.38,104.76,96.0,109.0,215.2,20.1,195.1
2025-08-24,21,2025-08-24T18:00:00Z,2025-08-24T19:00:00Z,107.54,107.54,107.51,111.0,102.86,112.96,222.4,25.9,196.5
2025-08-24,22,2025-08-24T19:00:00Z,2025-08-24T20:00:00Z,102.6,102.6,104.06,40.0,40.0,113.0,216.7,6.0,210.7
2025-08-24,23,2025-08-24T20:00:00Z,2025-08-24T21:00:00Z,101.86,101.86,101.63,103.0,98.65,107.0,86.2,0.9,85.3
2025-08-24,24,2025-08-24T21:00:00Z,2025-08-24T22:00:00Z,96.52,96.52,96.87,100.96,91.96,100.96,99.4,29.9,69.5
2025-08-25,1,2025-08-24T22:00:00Z,2025-08-24T23:00:00Z,95.54,95.54,93.11,97.31,85.0,99.1,18.5,0.9,17.6
2025-08-25,2,2025-08-24T23:00:00Z,2025-08-25T00:00:00Z,86.28,86.28,83.66,89.1,77.0,89.13,21.0,0.8,20.2
2025-08-25,3,2025-08-25T00:00:00Z,2025-08-25T01:00:00Z,83.18,83.18,81.3,87.4,70.0,87.41,18.1,0.9,17.2
2025-08-25,4,2025-08-25T01:00:00Z,2025-08-25T02:00:00Z,85.78,85.78,87.04,88.1,82.0,89.1,20.8,0.0,20.8
2025-08-25,5,2025-08-25T02:00:00Z,2025-08-25T03:00:00Z,85.32,85.32,85.21,81.01,80.68,87.91,27.1,0.2,26.9
2025-08-25,6,2025-08-25T03:00:00Z,2025-08-25T04:00:00Z,101.29,101.29,101.08,106.0,98.6,106.0,33.1,10.8,22.3
2025-08-25,7,2025-08-25T04:00:00Z,2025-08-25T05:00:00Z,108.05,108.05,107.71,113.37,105.0,115.26,113.0,15.8,97.2
2025-08-25,8,2025-08-25T05:00:00Z,2025-08-25T06:00:00Z,117.26,117.26,116.96,115.81,114.43,123.8,105.9,10.7,95.2
2025-08-25,9,2025-08-25T06:00:00Z,2025-08-25T07:00:00Z,106.04,106.04,104.91,108.32,100.87,109.44,79.1,32.9,46.2
2025-08-25,10,2025-08-25T07:00:00Z,2025-08-25T08:00:00Z,93.1,93.1,93.22,100.79,78.91,100.79,107.4,74.9,32.5
2025-08-25,11,2025-08-25T08:00:00Z,2025-08-25T09:00:00Z,73.75,73.75,74.24,74.44,66.0,79.0,98.2,82.2,16.0
2025-08-25,12,2025-08-25T09:00:00Z,2025-08-25T10:00:00Z,29.66,29.66,30.25,34.0,10.0,36.42,204.9,169.8,35.1
2025-08-25,13,2025-08-25T10:00:00Z,2025-08-25T11:00:00Z,4.66,4.66,4.92,6.0,-9.95,9.98,111.5,71.3,40.2
2025-08-25,14,2025-08-25T11:00:00Z,2025-08-25T12:00:00Z,-0.34,-0.34,-0.03,2.09,-5.5,7.92,139.3,81.9,57.4
2025-08-25,15,2025-08-25T12:00:00Z,2025-08-25T13:00:00Z,10.68,10.68,8.76,38.76,-5.06,38.76,141.9,83.8,58.1
2025-08-25,16,2025-08-25T13:00:00Z,2025-08-25T14:00:00Z,28.82,28.82,29.89,-0.01,-0.01,41.9,190.1,154.7,35.4
2025-08-25,17,2025-08-25T14:00:00Z,2025-08-25T15:00:00Z,76.87,76.87,73.71,50.92,50.92,99.98,103.1,51.6,51.5
2025-08-25,18,2025-08-25T15:00:00Z,2025-08-25T16:00:00Z,79.55,79.55,80.08,77.6,75.95,93.94,132.8,54.6,78.2
2025-08-25,19,2025-08-25T16:00:00Z,2025-08-25T17:00:00Z,107.37,107.37,106.11,102.19,102.02,112.35,101.3,19.3,82.0
2025-08-25,20,2025-08-25T17:00:00Z,2025-08-25T18:00:00Z,161.21,161.21,159.17,149.64,139.91,168.99,259.7,32.2,227.5
2025-08-25,21,2025-08-25T18:00:00Z,2025-08-25T19:00:00Z,228.96,228.96,227.36,203.31,203.31,260.0,217.5,19.3,198.2
2025-08-25,22,2025-08-25T19:00:00Z,2025-08-25T20:00:00Z,142.65,142.65,140.31,145.76,85.0,151.42,216.0,4.6,211.4
2025-08-25,23,2025-08-25T20:00:00Z,2025-08-25T21:00:00Z,113.93,113.93,111.06,120.54,75.0,128.94,125.5,19.1,106.4
2025-08-25,24,2025-08-25T21:00:00Z,2025-08-25T22:00:00Z,103.76,103.76,101.06,101.07,80.0,109.76,88.1,15.7,72.4
2025-08-26,1,2025-08-25T22:00:00Z,2025-08-25T23:00:00Z,107.59,107.59,107.21,107.94,100.16,108.43,18.2,18.2,0.0
2025-08-26,2,2025-08-25T23:00:00Z,2025-08-26T00:00:00Z,103.7,103.7,103.78,104.5,102.14,104.5,16.0,11.0,5.0
2025-08-26,3,2025-08-26T00:00:00Z,2025-08-26T01:00:00Z,97.28,97.28,97.33,97.2,96.78,99.49,47.2,42.2,5.0
2025-08-26,4,2025-08-26T01:00:00Z,2025-08-26T02:00:00Z,94.08,94.08,94.1,91.12,90.09,97.4,38.8,33.0,5.8
2025-08-26,5,2025-08-26T02:00:00Z,2025-08-26T03:00:00Z,96.65,96.65,95.92,95.59,94.09,99.65,38.8,33.8,5.0
2025-08-26,6,2025-08-26T03:00:00Z,2025-08-26T04:00:00Z,103.83,103.83,103.92,103.75,100.49,105.48,21.3,16.3,5.0
2025-08-26,7,2025-08-26T04:00:00Z,2025-08-26T05:00:00Z,117.96,117.96,117.33,115.6,114.41,121.0,20.4,15.4,5.0
2025-08-26,8,2025-08-26T05:00:00Z,2025-08-26T06:00:00Z,114.98,114.98,110.41,81.13,81.13,119.99,94.7,20.7,74.0
2025-08-26,9,2025-08-26T06:00:00Z,2025-08-26T07:00:00Z,108.49,108.49,108.45,107.56,105.2,111.81,18.9,12.4,6.5
2025-08-26,10,2025-08-26T07:00:00Z,2025-08-26T08:00:00Z,73.95,73.95,67.39,43.27,43.27,94.89,61.0,42.8,18.2
2025-08-26,11,2025-08-26T08:00:00Z,2025-08-26T09:00:00Z,57.08,57.08,61.69,85.04,35.75,85.04,134.7,76.3,58.4
2025-08-26,12,2025-08-26T09:00:00Z,2025-08-26T10:00:00Z,49.21,49.21,48.86,39.85,24.88,70.15,192.3,157.9,34.4
2025-08-26,13,2025-08-26T10:00:00Z,2025-08-26T11:00:00Z,32.37,32.37,32.22,21.03,14.63,46.76,254.0,198.3,55.7
2025-08-26,14,2025-08-26T11:00:00Z,2025-08-26T12:00:00Z,20.99,20.99,19.75,10.8,5.68,31.18,229.1,175.1,54.0
2025-08-26,15,2025-08-26T12:00:00Z,2025-08-26T13:00:00Z,33.05,33.05,31.96,40.0,15.11,42.08,212.3,142.9,69.4
2025-08-26,16,2025-08-26T13:00:00Z,2025-08-26T14:00:00Z,69.81,69.81,70.08,73.47,65.48,75.0,116.6,63.6,53.0
2025-08-26,17,2025-08-26T14:00:00Z,2025-08-26T15:00:00Z,85.72,85.72,84.43,84.63,79.0,90.0,83.1,37.0,46.1
2025-08-26,18,2025-08-26T15:00:00Z,2025-08-26T16:00:00Z,101.21,101.21,101.57,100.0,97.01,106.25,46.0,23.8,22.2
2025-08-26,19,2025-08-26T16:00:00Z,2025-08-26T17:00:00Z,135.16,135.16,134.19,127.82,125.0,144.95,103.8,28.3,75.5
2025-08-26,20,2025-08-26T17:00:00Z,2025-08-26T18:00:00Z,217.32,217.32,217.35,209.9,197.01,226.71,190.4,40.4,150.0
2025-08-26,21,2025-08-26T18:00:00Z,2025-08-26T19:00:00Z,217.07,217.07,217.63,207.76,193.96,224.3,143.0,15.8,127.2
2025-08-26,22,2025-08-26T19:00:00Z,2025-08-26T20:00:00Z,132.87,132.87,137.53,185.0,128.61,185.0,70.2,4.6,65.6
2025-08-26,23,2025-08-26T20:00:00Z,2025-08-26T21:00:00Z,57.51,57.51,59.99,40.0,27.33,129.49,91.6,55.5,36.1
2025-08-26,24,2025-08-26T21:00:00Z,2025-08-26T22:00:00Z,88.1,88.1,95.95,88.87,75.38,109.4,35.3,18.5,16.8
2025-08-27,1,2025-08-26T22:00:00Z,2025-08-26T23:00:00Z,90.2,90.2,90.29,88.89,88.83,97.28,25.1,13.1,12.0
2025-08-27,2,2025-08-26T23:00:00Z,2025-08-27T00:00:00Z,86.87,86.87,86.99,87.06,86.5,88.37,10.9,4.9,6.0
2025-08-27,3,2025-08-27T00:00:00Z,2025-08-27T01:00:00Z,85.5,85.5,85.5,85.5,85.5,85.5,0.9,0.9,0.0
2025-08-27,4,2025-08-27T01:00:00Z,2025-08-27T02:00:00Z,87.16,87.16,87.15,85.92,85.92,88.31,1.8,0.9,0.9
2025-08-27,5,2025-08-27T02:00:00Z,2025-08-27T03:00:00Z,,,,,,,0.0,0.0,0.0
2025-08-27,6,2025-08-27T03:00:00Z,2025-08-27T04:00:00Z,,,,,,,0.0,0.0,0.0
2025-08-27,7,2025-08-27T04:00:00Z,2025-08-27T05:00:00Z,111.52,111.52,111.55,112.01,110.98,112.01,20.0,20.0,0.0
2025-08-27,8,2025-08-27T05:00:00Z,2025-08-27T06:00:00Z,117.61,117.61,117.77,117.89,117.26,117.89,9.0,9.0,0.0
2025-08-27,9,2025-08-27T06:00:00Z,2025-08-27T07:00:00Z,123.29,123.29,123.78,132.71,116.3,132.71,116.1,26.1,90.0
2025-08-27,10,2025-08-27T07:00:00Z,2025-08-27T08:00:00Z,92.41,92.41,90.45,99.9,76.06,104.0,108.5,79.4,29.1
2025-08-27,11,2025-08-27T08:00:00Z,2025-08-27T09:00:00Z,75.41,75.41,72.13,66.37,50.0,90.0,121.3,61.2,60.1
2025-08-27,12,2025-08-27T09:00:00Z,2025-08-27T10:00:00Z,74.63,74.63,66.66,65.01,41.01,89.9,151.7,73.7,78.0
2025-08-27,13,2025-08-27T10:00:00Z,2025-08-27T11:00:00Z,51.27,51.27,51.64,50.0,31.64,80.0,167.1,77.3,89.8
2025-08-27,14,2025-08-27T11:00:00Z,2025-08-27T12:00:00Z,16.59,16.59,11.99,-1.99,-6.33,60.0,213.0,107.2,105.8
2025-08-27,15,2025-08-27T12:00:00Z,2025-08-27T13:00:00Z,12.68,12.68,14.78,-12.54,-19.69,51.0,264.1,119.3,144.8
2025-08-27,16,2025-08-27T13:00:00Z,2025-08-27T14:00:00Z,50.94,50.94,49.21,45.27,41.0,75.0,246.8,159.6,87.2
2025-08-27,17,2025-08-27T14:00:00Z,2025-08-27T15:00:00Z,80.89,80.89,81.25,82.16,75.01,92.51,426.8,350.7,76.1
2025-08-27,18,2025-08-27T15:00:00Z,2025-08-27T16:00:00Z,105.89,105.89,105.84,104.83,104.0,114.0,138.9,95.4,43.5
2025-08-27,19,2025-08-27T16:00:00Z,2025-08-27T17:00:00Z,131.74,131.74,135.17,80.66,80.66,148.72,58.2,22.9,35.3
2025-08-27,20,2025-08-27T17:00:00Z,2025-08-27T18:00:00Z,239.81,239.81,245.74,193.48,193.48,279.6,120.0,57.1,62.9
2025-08-27,21,2025-08-27T18:00:00Z,2025-08-27T19:00:00Z,225.52,225.52,219.56,195.0,175.02,275.0,118.5,50.8,67.7
2025-08-27,22,2025-08-27T19:00:00Z,2025-08-27T20:00:00Z,128.93,128.93,128.63,119.01,114.47,140.16,54.0,19.5,34.5
2025-08-27,23,2025-08-27T20:00:00Z,2025-08-27T21:00:00Z,116.37,116.37,116.62,120.0,113.8,120.0,49.1,23.2,25.9
2025-08-27,24,2025-08-27T21:00:00Z,2025-08-27T22:00:00Z,103.66,103.66,103.74,102.67,100.0,106.78,42.5,18.5,24.0
2025-08-28,1,2025-08-27T22:00:00Z,2025-08-27T23:00:00Z,94.95,94.95,94.15,90.0,90.0,97.96,2.1,2.0,0.1
2025-08-28,2,2025-08-27T23:00:00Z,2025-08-28T00:00:00Z,86.67,86.67,87.71,86.03,86.03,92.0,22.6,1.5,21.1
2025-08-28,3,2025-08-28T00:00:00Z,2025-08-28T01:00:00Z,83.97,83.97,84.73,84.98,83.36,87.79,18.6,1.5,17.1
2025-08-28,4,2025-08-28T01:00:00Z,2025-08-28T02:00:00Z,87.29,87.29,88.85,91.99,84.0,91.99,19.3,8.7,10.6
2025-08-28,5,2025-08-28T02:00:00Z,2025-08-28T03:00:00Z,88.3,88.3,89.14,91.0,86.34,91.47,15.6,7.5,8.1
2025-08-28,6,2025-08-28T03:00:00Z,2025-08-28T04:00:00Z,94.84,94.84,95.42,96.4,93.18,98.91,16.5,7.4,9.1
2025-08-28,7,2025-08-28T04:00:00Z,2025-08-28T05:00:00Z,114.63,114.63,114.63,114.44,114.44,114.72,1.5,1.5,0.0
2025-08-28,8,2025-08-28T05:00:00Z,2025-08-28T06:00:00Z,128.46,128.46,128.45,128.3,120.1,135.0,44.9,40.9,4.0
2025-08-28,9,2025-08-28T06:00:00Z,2025-08-28T07:00:00Z,118.85,118.85,111.95,99.99,99.99,124.99,17.0,17.0,0.0
2025-08-28,10,2025-08-28T07:00:00Z,2025-08-28T08:00:00Z,72.82,72.82,70.71,82.0,9.23,100.01,211.6,102.8,108.8
2025-08-28,11,2025-08-28T08:00:00Z,2025-08-28T09:00:00Z,73.32,73.32,72.24,85.1,50.33,90.85,159.3,62.2,97.1
2025-08-28,12,2025-08-28T09:00:00Z,2025-08-28T10:00:00Z,76.22,76.22,82.13,123.57,29.4,123.57,253.1,154.6,98.5
2025-08-28,13,2025-08-28T10:00:00Z,2025-08-28T11:00:00Z,75.76,75.76,78.53,15.0,15.0,103.99,478.1,298.7,179.4
2025-08-28,14,2025-08-28T11:00:00Z,2025-08-28T12:00:00Z,66.37,66.37,64.13,70.02,26.15,86.0,535.1,333.1,202.0
2025-08-28,15,2025-08-28T12:00:00Z,2025-08-28T13:00:00Z,73.77,73.77,67.84,60.0,-5.18,88.59,413.1,285.0,128.1
2025-08-28,16,2025-08-28T13:00:00Z,2025-08-28T14:00:00Z,85.67,85.67,84.98,89.19,40.0,96.4,396.4,217.4,179.0
2025-08-28,17,2025-08-28T14:00:00Z,2025-08-28T15:00:00Z,87.16,87.16,86.26,88.93,78.24,93.56,206.2,134.6,71.6
2025-08-28,18,2025-08-28T15:00:00Z,2025-08-28T16:00:00Z,113.57,113.57,112.21,105.17,104.95,129.24,252.1,194.4,57.7
2025-08-28,19,2025-08-28T16:00:00Z,2025-08-28T17:00:00Z,136.41,136.41,137.51,141.0,119.09,155.98,106.1,90.5,15.6
2025-08-28,20,2025-08-28T17:00:00Z,2025-08-28T18:00:00Z,170.53,170.53,166.92,135.87,135.87,195.0,108.3,33.8,74.5
2025-08-28,21,2025-08-28T18:00:00Z,2025-08-28T19:00:00Z,132.74,132.74,130.3,118.1,115.0,161.47,137.9,44.7,93.2
2025-08-28,22,2025-08-28T19:00:00Z,2025-08-28T20:00:00Z,114.84,114.84,113.2,111.78,108.0,121.82,32.6,29.5,3.1
2025-08-28,23,2025-08-28T20:00:00Z,2025-08-28T21:00:00Z,100.74,100.74,100.74,101.3,96.9,104.01,73.8,44.2,29.6
2025-08-28,24,2025-08-28T21:00:00Z,2025-08-28T22:00:00Z,89.68,89.68,89.69,85.4,85.4,92.66,34.7,24.3,10.4
2025-08-29,1,2025-08-28T22:00:00Z,2025-08-28T23:00:00Z,93.1,93.1,92.4,98.02,85.8,98.02,15.6,2.8,12.8
2025-08-29,2,2025-08-28T23:00:00Z,2025-08-29T00:00:00Z,90.7,90.7,90.62,90.0,84.91,94.41,22.2,4.7,17.5
2025-08-29,3,2025-08-29T00:00:00Z,2025-08-29T01:00:00Z,90.94,90.94,90.94,89.61,85.8,94.11,9.8,2.0,7.8
2025-08-29,4,2025-08-29T01:00:00Z,2025-08-29T02:00:00Z,87.95,87.95,88.17,94.0,84.36,94.56,19.4,7.2,12.2
2025-08-29,5,2025-08-29T02:00:00Z,2025-08-29T03:00:00Z,89.74,89.74,89.81,93.63,88.01,93.63,12.6,3.7,8.9
2025-08-29,6,2025-08-29T03:00:00Z,2025-08-29T04:00:00Z,98.49,98.49,98.66,98.9,97.0,100.56,12.4,5.0,7.4
2025-08-29,7,2025-08-29T04:00:00Z,2025-08-29T05:00:00Z,113.77,113.77,113.51,109.51,108.9,120.0,34.6,15.3,19.3
2025-08-29,8,2025-08-29T05:00:00Z,2025-08-29T06:00:00Z,118.25,118.25,117.47,109.61,109.61,130.99,49.4,4.5,44.9
2025-08-29,9,2025-08-29T06:00:00Z,2025-08-29T07:00:00Z,97.38,97.38,100.79,97.58,92.01,118.71,73.3,25.2,48.1
2025-08-29,10,2025-08-29T07:00:00Z,2025-08-29T08:00:00Z,121.99,121.99,120.88,134.95,108.0,134.95,149.2,53.3,95.9
2025-08-29,11,2025-08-29T08:00:00Z,2025-08-29T09:00:00Z,86.69,86.69,87.04,94.9,72.0,110.76,145.4,71.8,73.6
2025-08-29,12,2025-08-29T09:00:00Z,2025-08-29T10:00:00Z,77.94,77.94,81.82,69.97,55.0,126.27,166.2,81.5,84.7
2025-08-29,13,2025-08-29T10:00:00Z,2025-08-29T11:00:00Z,82.37,82.37,79.98,-0.42,-0.42,110.2,299.4,116.6,182.8
2025-08-29,14,2025-08-29T11:00:00Z,2025-08-29T12:00:00Z,49.87,49.87,53.69,5.0,2.01,79.14,241.1,88.4,152.7
2025-08-29,15,2025-08-29T12:00:00Z,2025-08-29T13:00:00Z,44.52,44.52,39.76,1.01,1.01,82.39,186.8,47.0,139.8
2025-08-29,16,2025-08-29T13:00:00Z,2025-08-29T14:00:00Z,62.21,62.21,66.29,0.0,0.0,85.01,366.9,188.1,178.8
2025-08-29,17,2025-08-29T14:00:00Z,2025-08-29T15:00:00Z,80.8,80.8,80.25,80.48,75.49,90.0,93.0,12.7,80.3
2025-08-29,18,2025-08-29T15:00:00Z,2025-08-29T16:00:00Z,102.24,102.24,102.34,100.82,96.3,115.12,115.0,46.2,68.8
2025-08-29,19,2025-08-29T16:00:00Z,2025-08-29T17:00:00Z,135.24,135.24,134.89,137.0,114.3,163.08,319.1,76.3,242.8
2025-08-29,20,2025-08-29T17:00:00Z,2025-08-29T18:00:00Z,141.01,141.01,143.18,102.51,102.51,181.63,210.3,78.8,131.5
2025-08-29,21,2025-08-29T18:00:00Z,2025-08-29T19:00:00Z,123.16,123.16,120.56,157.0,100.0,165.0,176.3,89.0,87.3
2025-08-29,22,2025-08-29T19:00:00Z,2025-08-29T20:00:00Z,119.71,119.71,120.24,124.59,103.02,141.22,317.3,99.2,218.1
2025-08-29,23,2025-08-29T20:00:00Z,2025-08-29T21:00:00Z,99.2,99.2,98.68,101.68,94.99,109.93,435.1,64.1,371.0
2025-08-29,24,2025-08-29T21:00:00Z,2025-08-29T22:00:00Z,90.44,90.44,90.2,89.0,83.39,97.7,337.4,167.2,170.2
2025-08-30,1,2025-08-29T22:00:00Z,2025-08-29T23:00:00Z,92.54,92.54,93.0,88.57,88.57,95.0,35.7,2.0,33.7
2025-08-30,2,2025-08-29T23:00:00Z,2025-08-30T00:00:00Z,88.23,88.23,88.38,88.9,86.54,90.3,44.9,2.0,42.9
2025-08-30,3,2025-08-30T00:00:00Z,2025-08-30T01:00:00Z,86.76,86.76,86.58,91.4,84.45,91.41,88.4,12.0,76.4
2025-08-30,4,2025-08-30T01:00:00Z,2025-08-30T02:00:00Z,86.7,86.7,87.02,87.79,82.25,91.91,107.9,13.0,94.9
2025-08-30,5,2025-08-30T02:00:00Z,2025-08-30T03:00:00Z,87.2,87.2,88.43,94.38,83.88,94.38,99.1,10.0,89.1
2025-08-30,6,2025-08-30T03:00:00Z,2025-08-30T04:00:00Z,90.41,90.41,91.51,95.87,86.4,96.21,82.9,13.5,69.4
2025-08-30,7,2025-08-30T04:00:00Z,2025-08-30T05:00:00Z,96.88,96.88,97.23,102.18,91.78,102.18,81.4,4.5,76.9
2025-08-30,8,2025-08-30T05:00:00Z,2025-08-30T06:00:00Z,96.87,96.87,97.28,95.3,94.72,99.63,95.6,0.5,95.1
2025-08-30,9,2025-08-30T06:00:00Z,2025-08-30T07:00:00Z,94.24,94.24,95.23,95.59,87.17,97.81,142.5,29.5,113.0
2025-08-30,10,2025-08-30T07:00:00Z,2025-08-30T08:00:00Z,90.6,90.6,91.56,81.0,81.0,98.41,163.7,12.6,151.1
2025-08-30,11,2025-08-30T08:00:00Z,2025-08-30T09:00:00Z,71.72,71.72,71.59,73.44,67.07,78.59,260.3,0.5,259.8
2025-08-30,12,2025-08-30T09:00:00Z,2025-08-30T10:00:00Z,48.75,48.75,48.05,47.15,27.88,58.61,223.4,3.7,219.7
2025-08-30,13,2025-08-30T10:00:00Z,2025-08-30T11:00:00Z,28.42,28.42,28.01,27.14,0.92,38.19,242.8,36.1,206.7
2025-08-30,14,2025-08-30T11:00:00Z,2025-08-30T12:00:00Z,9.26,9.26,9.89,3.0,-0.25,23.5,302.8,94.8,208.0
2025-08-30,15,2025-08-30T12:00:00Z,2025-08-30T13:00:00Z,5.73,5.73,5.34,8.0,-1.85,16.0,290.7,127.3,163.4
2025-08-30,16,2025-08-30T13:00:00Z,2025-08-30T14:00:00Z,46.32,46.32,43.64,44.6,16.22,67.99,232.2,88.3,143.9
2025-08-30,17,2025-08-30T14:00:00Z,2025-08-30T15:00:00Z,65.62,65.62,67.74,58.0,48.0,87.0,142.2,75.7,66.5
2025-08-30,18,2025-08-30T15:00:00Z,2025-08-30T16:00:00Z,87.64,87.64,87.18,100.9,79.31,104.8,269.7,111.1,158.6
2025-08-30,19,2025-08-30T16:00:00Z,2025-08-30T17:00:00Z,107.09,107.09,105.97,98.9,98.81,128.87,281.6,98.5,183.1
2025-08-30,20,2025-08-30T17:00:00Z,2025-08-30T18:00:00Z,131.4,131.4,131.13,150.0,123.89,150.0,219.7,76.6,143.1
2025-08-30,21,2025-08-30T18:00:00Z,2025-08-30T19:00:00Z,144.76,144.76,144.32,175.52,126.3,192.92,170.0,43.7,126.3
2025-08-30,22,2025-08-30T19:00:00Z,2025-08-30T20:00:00Z,115.24,115.24,115.69,113.75,108.0,123.07,197.2,73.2,124.0
2025-08-30,23,2025-08-30T20:00:00Z,2025-08-30T21:00:00Z,97.57,97.57,98.28,92.0,91.99,103.75,214.6,36.5,178.1
2025-08-30,24,2025-08-30T21:00:00Z,2025-08-30T22:00:00Z,83.24,83.24,83.24,81.57,80.0,90.0,151.1,50.6,100.5
2025-08-31,1,2025-08-30T22:00:00Z,2025-08-30T23:00:00Z,84.76,84.76,88.2,77.02,75.02,102.0,38.3,27.0,11.3
2025-08-31,2,2025-08-30T23:00:00Z,2025-08-31T00:00:00Z,78.66,78.66,79.32,81.0,74.11,85.0,32.7,21.8,10.9
2025-08-31,3,2025-08-31T00:00:00Z,2025-08-31T01:00:00Z,76.94,76.94,77.09,78.81,74.1,80.0,22.2,2.0,20.2
2025-08-31,4,2025-08-31T01:00:00Z,2025-08-31T02:00:00Z,78.4,78.4,77.68,78.07,73.83,80.0,16.8,2.0,14.8
2025-08-31,5,2025-08-31T02:00:00Z,2025-08-31T03:00:00Z,70.7,70.7,67.87,76.61,60.0,76.61,3.3,3.0,0.3
2025-08-31,6,2025-08-31T03:00:00Z,2025-08-31T04:00:00Z,71.18,71.18,72.22,87.88,67.0,87.88,10.0,10.0,0.0
2025-08-31,7,2025-08-31T04:00:00Z,2025-08-31T05:00:00Z,81.16,81.16,78.79,83.53,76.42,83.53,3.0,2.0,1.0
2025-08-31,8,2025-08-31T05:00:00Z,2025-08-31T06:00:00Z,72.99,72.99,70.36,74.51,61.48,74.51,41.2,8.2,33.0
2025-08-31,9,2025-08-31T06:00:00Z,2025-08-31T07:00:00Z,40.89,40.89,42.41,47.08,32.56,51.01,17.8,13.8,4.0
2025-08-31,10,2025-08-31T07:00:00Z,2025-08-31T08:00:00Z,12.2,12.2,13.06,18.8,1.19,18.8,26.2,7.7,18.5
2025-08-31,11,2025-08-31T08:00:00Z,2025-08-31T09:00:00Z,4.31,4.31,4.53,-4.6,-4.6,9.99,71.0,51.5,19.5
2025-08-31,12,2025-08-31T09:00:00Z,2025-08-31T10:00:00Z,0.09,0.09,0.95,49.99,-5.35,49.99,160.1,143.1,17.0
2025-08-31,13,2025-08-31T10:00:00Z,2025-08-31T11:00:00Z,0.18,0.18,0.23,13.0,-8.9,20.01,243.2,188.1,55.1
2025-08-31,14,2025-08-31T11:00:00Z,2025-08-31T12:00:00Z,-2.44,-2.44,-0.4,-10.0,-19.99,15.36,158.9,130.6,28.3
2025-08-31,15,2025-08-31T12:00:00Z,2025-08-31T13:00:00Z,-6.91,-6.91,-7.13,-49.99,-49.99,2.3,127.2,92.7,34.5
2025-08-31,16,2025-08-31T13:00:00Z,2025-08-31T14:00:00Z,0.3,0.3,0.8,-4.99,-4.99,5.31,143.1,80.0,63.1
2025-08-31,17,2025-08-31T14:00:00Z,2025-08-31T15:00:00Z,23.02,23.02,21.87,7.69,2.2,39.8,318.7,302.2,16.5
2025-08-31,18,2025-08-31T15:00:00Z,2025-08-31T16:00:00Z,80.85,80.85,81.31,80.0,75.53,115.34,55.6,55.1,0.5
2025-08-31,19,2025-08-31T16:00:00Z,2025-08-31T17:00:00Z,111.56,111.56,113.12,100.0,99.36,118.89,119.9,32.7,87.2
2025-08-31,20,2025-08-31T17:00:00Z,2025-08-31T18:00:00Z,139.91,139.91,140.86,132.28,132.28,145.0,79.3,16.1,63.2
2025-08-31,21,2025-08-31T18:00:00Z,2025-08-31T19:00:00Z,127.87,127.87,126.85,114.01,114.01,138.32,90.5,20.5,70.0
2025-08-31,22,2025-08-31T19:00:00Z,2025-08-31T20:00:00Z,108.11,108.11,107.98,103.34,102.01,115.0,62.2,29.4,32.8
2025-08-31,23,2025-08-31T20:00:00Z,2025-08-31T21:00:00Z,98.01,98.01,98.03,94.4,90.82,101.02,56.2,40.6,15.6
2025-08-31,24,2025-08-31T21:00:00Z,2025-08-31T22:00:00Z,79.7,79.7,82.86,75.5,74.5,100.8,40.7,34.1,6.6
2025-09-01,1,2025-08-31T22:00:00Z,2025-08-31T23:00:00Z,88.52,88.52,87.26,84.0,81.63,91.82,44.0,28.0,16.0
2025-09-01,2,2025-08-31T23:00:00Z,2025-09-01T00:00:00Z,78.57,78.57,77.09,73.2,73.09,84.32,56.9,38.9,18.0
2025-09-01,3,2025-09-01T00:00:00Z,2025-09-01T01:00:00Z,79.38,79.38,78.81,74.82,74.82,86.0,54.1,38.1,16.0
2025-09-01,4,2025-09-01T01:00:00Z,2025-09-01T02:00:00Z,80.78,80.78,80.13,80.2,75.5,83.94,47.1,30.6,16.5
2025-09-01,5,2025-09-01T02:00:00Z,2025-09-01T03:00:00Z,81.62,81.62,80.8,81.73,77.9,84.99,49.0,30.0,19.0
2025-09-01,6,2025-09-01T03:00:00Z,2025-09-01T04:00:00Z,94.08,94.08,93.48,92.15,92.15,99.1,20.7,16.7,4.0
2025-09-01,7,2025-09-01T04:00:00Z,2025-09-01T05:00:00Z,109.22,109.22,111.25,102.41,102.11,130.0,10.8,10.0,0.8
2025-09-01,8,2025-09-01T05:00:00Z,2025-09-01T06:00:00Z,117.66,117.66,122.71,160.0,111.13,160.0,95.6,2.7,92.9
2025-09-01,9,2025-09-01T06:00:00Z,2025-09-01T07:00:00Z,109.54,109.54,109.35,110.0,105.11,110.48,10.3,6.0,4.3
2025-09-01,10,2025-09-01T07:00:00Z,2025-09-01T08:00:00Z,85.75,85.75,90.83,114.96,40.1,129.29,93.7,44.7,49.0
2025-09-01,11,2025-09-01T08:00:00Z,2025-09-01T09:00:00Z,60.31,60.31,60.16,79.99,45.01,79.99,199.9,115.7,84.2
2025-09-01,12,2025-09-01T09:00:00Z,2025-09-01T10:00:00Z,56.45,56.45,56.85,70.0,39.24,72.44,129.8,67.5,62.3
2025-09-01,13,2025-09-01T10:00:00Z,2025-09-01T11:00:00Z,33.41,33.41,33.59,29.99,24.0,45.7,257.4,128.4,129.0
2025-09-01,14,2025-09-01T11:00:00Z,2025-09-01T12:00:00Z,22.96,22.96,23.36,30.0,14.73,30.0,251.6,144.7,106.9
2025-09-01,15,2025-09-01T12:00:00Z,2025-09-01T13:00:00Z,39.93,39.93,42.54,80.0,27.38,80.0,149.6,111.5,38.1
2025-09-01,16,2025-09-01T13:00:00Z,2025-09-01T14:00:00Z,78.8,78.8,79.3,75.0,52.2,89.99,90.1,57.1,33.0
2025-09-01,17,2025-09-01T14:00:00Z,2025-09-01T15:00:00Z,85.05,85.05,85.91,83.22,72.99,93.98,74.5,51.0,23.5
2025-09-01,18,2025-09-01T15:00:00Z,2025-09-01T16:00:00Z,122.1,122.1,122.75,151.1,95.58,151.1,133.3,103.4,29.9
2025-09-01,19,2025-09-01T16:00:00Z,2025-09-01T17:00:00Z,166.93,166.93,166.17,145.83,136.15,212.05,221.7,62.2,159.5
2025-09-01,20,2025-09-01T17:00:00Z,2025-09-01T18:00:00Z,299.41,299.41,302.08,264.0,224.78,359.13,397.6,139.1,258.5
2025-09-01,21,2025-09-01T18:00:00Z,2025-09-01T19:00:00Z,238.7,238.7,241.89,250.72,201.36,290.49,341.5,111.7,229.8
2025-09-01,22,2025-09-01T19:00:00Z,2025-09-01T20:00:00Z,136.69,136.69,137.17,168.66,120.47,180.3,262.2,84.5,177.7
2025-09-01,23,2025-09-01T20:00:00Z,2025-09-01T21:00:00Z,112.15,112.15,112.7,113.0,102.85,117.99,61.4,52.8,8.6
2025-09-01,24,2025-09-01T21:00:00Z,2025-09-01T22:00:00Z,97.75,97.75,99.01,96.83,91.23,102.12,27.2,26.5,0.7
2025-09-02,1,2025-09-01T22:00:00Z,2025-09-01T23:00:00Z,89.34,89.34,89.58,88.8,88.52,91.34,20.2,19.5,0.7
2025-09-02,2,2025-09-01T23:00:00Z,2025-09-02T00:00:00Z,84.97,84.97,86.21,93.0,83.92,93.0,21.0,20.0,1.0
2025-09-02,3,2025-09-02T00:00:00Z,2025-09-02T01:00:00Z,88.7,88.7,88.39,92.04,85.78,92.06,19.7,18.0,1.7
2025-09-02,4,2025-09-02T01:00:00Z,2025-09-02T02:00:00Z,90.49,90.49,90.96,94.83,82.77,95.23,31.3,29.7,1.6
2025-09-02,5,2025-09-02T02:00:00Z,2025-09-02T03:00:00Z,90.71,90.71,90.93,95.65,87.86,95.65,23.3,23.0,0.3
2025-09-02,6,2025-09-02T03:00:00Z,2025-09-02T04:00:00Z,104.03,104.03,104.08,107.28,100.81,107.28,19.9,19.5,0.4
2025-09-02,7,2025-09-02T04:00:00Z,2025-09-02T05:00:00Z,119.65,119.65,118.38,95.94,95.94,126.41,19.0,18.6,0.4
2025-09-02,8,2025-09-02T05:00:00Z,2025-09-02T06:00:00Z,136.96,136.96,139.94,138.1,134.85,151.02,34.5,27.0,7.5
2025-09-02,9,2025-09-02T06:00:00Z,2025-09-02T07:00:00Z,130.99,130.99,128.9,126.4,126.11,138.98,56.1,37.5,18.6
2025-09-02,10,2025-09-02T07:00:00Z,2025-09-02T08:00:00Z,99.47,99.47,100.43,104.58,91.92,115.0,100.3,86.4,13.9
2025-09-02,11,2025-09-02T08:00:00Z,2025-09-02T09:00:00Z,84.31,84.31,86.32,91.59,68.91,92.45,86.7,56.0,30.7
2025-09-02,12,2025-09-02T09:00:00Z,2025-09-02T10:00:00Z,71.23,71.23,71.95,71.69,59.76,76.35,133.3,95.7,37.6
2025-09-02,13,2025-09-02T10:00:00Z,2025-09-02T11:00:00Z,58.55,58.55,56.93,99.98,41.69,99.98,324.2,274.1,50.1
2025-09-02,14,2025-09-02T11:00:00Z,2025-09-02T12:00:00Z,50.25,50.25,48.22,45.09,35.01,69.47,322.4,226.0,96.4
2025-09-02,15,2025-09-02T12:00:00Z,2025-09-02T13:00:00Z,58.99,58.99,58.53,20.0,20.0,83.0,314.1,194.6,119.5
2025-09-02,16,2025-09-02T13:00:00Z,2025-09-02T14:00:00Z,75.56,75.56,74.52,45.0,45.0,90.73,134.1,78.3,55.8
2025-09-02,17,2025-09-02T14:00:00Z,2025-09-02T15:00:00Z,106.6,106.6,106.21,97.76,91.48,119.94,106.9,63.0,43.9
2025-09-02,18,2025-09-02T15:00:00Z,2025-09-02T16:00:00Z,125.11,125.11,124.1,128.0,119.0,129.55,21.6,10.6,11.0
2025-09-02,19,2025-09-02T16:00:00Z,2025-09-02T17:00:00Z,177.98,177.98,179.68,196.82,168.0,196.86,191.4,46.6,144.8
2025-09-02,20,2025-09-02T17:00:00Z,2025-09-02T18:00:00Z,323.36,323.36,321.28,310.1,302.3,355.06,222.7,63.6,159.1
2025-09-02,21,2025-09-02T18:00:00Z,2025-09-02T19:00:00Z,273.79,273.79,272.02,267.5,257.08,300.0,218.5,53.7,164.8
2025-09-02,22,2025-09-02T19:00:00Z,2025-09-02T20:00:00Z,128.93,128.93,129.14,126.17,123.74,139.99,55.3,16.0,39.3
2025-09-02,23,2025-09-02T20:00:00Z,2025-09-02T21:00:00Z,104.57,104.57,104.4,106.0,97.41,108.0,28.9,22.2,6.7
2025-09-02,24,2025-09-02T21:00:00Z,2025-09-02T22:00:00Z,93.79,93.79,94.66,94.99,89.04,100.0,71.0,41.5,29.5
2025-09-03,1,2025-09-02T22:00:00Z,2025-09-02T23:00:00Z,97.68,97.68,98.0,96.0,96.0,99.14,28.3,28.3,0.0
2025-09-03,2,2025-09-02T23:00:00Z,2025-09-03T00:00:00Z,96.77,96.77,96.33,100.0,93.66,100.0,32.0,26.0,6.0
2025-09-03,3,2025-09-03T00:00:00Z,2025-09-03T01:00:00Z,97.24,97.24,96.88,101.23,91.59,103.11,38.7,31.1,7.6
2025-09-03,4,2025-09-03T01:00:00Z,2025-09-03T02:00:00Z,90.04,90.04,90.81,81.27,81.27,100.0,37.0,32.5,4.5
2025-09-03,5,2025-09-03T02:00:00Z,2025-09-03T03:00:00Z,93.14,93.14,93.11,92.44,92.34,94.9,21.1,20.6,0.5
2025-09-03,6,2025-09-03T03:00:00Z,2025-09-03T04:00:00Z,110.46,110.46,112.34,160.46,98.8,160.46,36.3,33.8,2.5
2025-09-03,7,2025-09-03T04:00:00Z,2025-09-03T05:00:00Z,147.34,147.34,147.13,165.89,135.0,167.0,41.4,27.2,14.2
2025-09-03,8,2025-09-03T05:00:00Z,2025-09-03T06:00:00Z,128.73,128.73,122.82,167.0,114.32,167.0,27.2,23.2,4.0
2025-09-03,9,2025-09-03T06:00:00Z,2025-09-03T07:00:00Z,116.94,116.94,114.46,116.94,109.27,123.89,57.9,35.8,22.1
2025-09-03,10,2025-09-03T07:00:00Z,2025-09-03T08:00:00Z,80.42,80.42,85.44,50.0,45.01,99.0,164.2,62.2,102.0
2025-09-03,11,2025-09-03T08:00:00Z,2025-09-03T09:00:00Z,38.48,38.48,38.32,20.35,16.71,49.95,542.0,337.6,204.4
2025-09-03,12,2025-09-03T09:00:00Z,2025-09-03T10:00:00Z,2.27,2.27,2.68,-19.0,-19.0,12.83,632.6,345.8,286.8
2025-09-03,13,2025-09-03T10:00:00Z,2025-09-03T11:00:00Z,2.17,2.17,1.58,-8.0,-20.01,9.75,615.1,296.0,319.1
2025-09-03,14,2025-09-03T11:00:00Z,2025-09-03T12:00:00Z,2.28,2.28,1.49,-1.85,-17.55,15.9,668.6,360.4,308.2
2025-09-03,15,2025-09-03T12:00:00Z,2025-09-03T13:00:00Z,8.0,8.0,7.54,26.13,-4.18,30.0,610.6,319.5,291.1
2025-09-03,16,2025-09-03T13:00:00Z,2025-09-03T14:00:00Z,41.8,41.8,42.32,33.89,33.89,63.08,407.4,229.0,178.4
2025-09-03,17,2025-09-03T14:00:00Z,2025-09-03T15:00:00Z,64.45,64.45,71.5,80.0,16.79,87.93,165.2,81.1,84.1
2025-09-03,18,2025-09-03T15:00:00Z,2025-09-03T16:00:00Z,81.53,81.53,84.51,98.99,50.0,131.1,74.3,36.9,37.4
2025-09-03,19,2025-09-03T16:00:00Z,2025-09-03T17:00:00Z,111.14,111.14,115.11,121.14,89.52,184.68,251.9,115.7,136.2
2025-09-03,20,2025-09-03T17:00:00Z,2025-09-03T18:00:00Z,241.99,241.99,241.02,178.77,170.41,319.9,195.4,71.0,124.4
2025-09-03,21,2025-09-03T18:00:00Z,2025-09-03T19:00:00Z,151.15,151.15,162.91,175.0,133.0,254.03,163.3,62.5,100.8
2025-09-03,22,2025-09-03T19:00:00Z,2025-09-03T20:00:00Z,108.2,108.2,104.85,89.73,80.2,140.0,125.0,46.6,78.4
2025-09-03,23,2025-09-03T20:00:00Z,2025-09-03T21:00:00Z,89.11,89.11,88.53,93.96,75.0,111.0,136.1,56.7,79.4
2025-09-03,24,2025-09-03T21:00:00Z,2025-09-03T22:00:00Z,88.14,88.14,88.87,92.0,74.28,95.0,76.0,60.0,16.0
2025-09-04,1,2025-09-03T22:00:00Z,2025-09-03T23:00:00Z,99.11,99.11,99.11,97.78,97.76,100.45,2.0,0.0,2.0
2025-09-04,2,2025-09-03T23:00:00Z,2025-09-04T00:00:00Z,87.52,87.52,81.35,92.22,58.0,93.63,19.7,2.7,17.0
2025-09-04,3,2025-09-04T00:00:00Z,2025-09-04T01:00:00Z,82.52,82.52,82.74,83.28,78.1,89.51,47.8,16.2,31.6
2025-09-04,4,2025-09-04T01:00:00Z,2025-09-04T02:00:00Z,81.94,81.94,82.08,83.91,77.05,89.03,87.4,26.9,60.5
2025-09-04,5,2025-09-04T02:00:00Z,2025-09-04T03:00:00Z,82.91,82.91,82.58,85.78,73.51,87.33,35.5,15.0,20.5
2025-09-04,6,2025-09-04T03:00:00Z,2025-09-04T04:00:00Z,95.89,95.89,96.12,91.28,89.67,101.31,61.3,15.0,46.3
2025-09-04,7,2025-09-04T04:00:00Z,2025-09-04T05:00:00Z,116.8,116.8,116.19,106.83,105.99,121.2,66.2,55.3,10.9
2025-09-04,8,2025-09-04T05:00:00Z,2025-09-04T06:00:00Z,121.02,121.02,121.43,121.87,117.24,131.85,53.2,11.1,42.1
2025-09-04,9,2025-09-04T06:00:00Z,2025-09-04T07:00:00Z,113.16,113.16,112.88,121.0,105.88,122.78,113.5,38.2,75.3
2025-09-04,10,2025-09-04T07:00:00Z,2025-09-04T08:00:00Z,90.81,90.81,89.84,76.52,76.52,95.66,87.8,49.2,38.6
2025-09-04,11,2025-09-04T08:00:00Z,2025-09-04T09:00:00Z,44.83,44.83,44.76,46.07,34.7,56.56,241.3,191.3,50.0
2025-09-04,12,2025-09-04T09:00:00Z,2025-09-04T10:00:00Z,8.99,8.99,9.39,0.02,0.02,20.99,259.8,149.6,110.2
2025-09-04,13,2025-09-04T10:00:00Z,2025-09-04T11:00:00Z,4.96,4.96,4.69,3.15,-7.43,12.98,470.4,307.6,162.8
2025-09-04,14,2025-09-04T11:00:00Z,2025-09-04T12:00:00Z,0.58,0.58,0.84,-1.05,-12.99,12.28,381.1,253.1,128.0
2025-09-04,15,2025-09-04T12:00:00Z,2025-09-04T13:00:00Z,23.01,23.01,20.97,53.0,-0.28,53.0,386.3,247.3,139.0
2025-09-04,16,2025-09-04T13:00:00Z,2025-09-04T14:00:00Z,51.0,51.0,52.8,70.0,37.78,70.0,172.7,98.5,74.2
2025-09-04,17,2025-09-04T14:00:00Z,2025-09-04T15:00:00Z,83.65,83.65,83.48,121.16,73.33,121.16,148.5,102.0,46.5
2025-09-04,18,2025-09-04T15:00:00Z,2025-09-04T16:00:00Z,119.67,119.67,118.0,90.0,80.0,265.11,117.8,77.5,40.3
2025-09-04,19,2025-09-04T16:00:00Z,2025-09-04T17:00:00Z,179.94,179.94,178.34,295.38,152.0,295.38,386.0,107.2,278.8
2025-09-04,20,2025-09-04T17:00:00Z,2025-09-04T18:00:00Z,334.64,334.64,329.83,393.58,278.95,457.36,655.9,226.3,429.6
2025-09-04,21,2025-09-04T18:00:00Z,2025-09-04T19:00:00Z,215.09,215.09,209.39,184.06,160.0,248.62,313.0,94.0,219.0
2025-09-04,22,2025-09-04T19:00:00Z,2025-09-04T20:00:00Z,127.9,127.9,127.64,92.18,92.18,152.0,88.6,46.8,41.8
2025-09-04,23,2025-09-04T20:00:00Z,2025-09-04T21:00:00Z,109.79,109.79,111.47,70.12,70.12,120.73,85.2,38.8,46.4
2025-09-04,24,2025-09-04T21:00:00Z,2025-09-04T22:00:00Z,96.03,96.03,97.05,65.39,65.39,105.09,79.4,50.0,29.4
2025-09-05,1,2025-09-04T22:00:00Z,2025-09-04T23:00:00Z,100.32,100.32,111.52,92.7,88.0,139.71,34.0,23.5,10.5
2025-09-05,2,2025-09-04T23:00:00Z,2025-09-05T00:00:00Z,87.4,87.4,87.25,98.01,83.58,98.01,41.5,10.0,31.5
2025-09-05,3,2025-09-05T00:00:00Z,2025-09-05T01:00:00Z,86.09,86.09,85.37,91.0,81.32,94.4,66.7,26.4,40.3
2025-09-05,4,2025-09-05T01:00:00Z,2025-09-05T02:00:00Z,85.28,85.28,85.29,88.45,80.97,93.53,72.1,32.3,39.8
2025-09-05,5,2025-09-05T02:00:00Z,2025-09-05T03:00:00Z,87.98,87.98,87.99,80.38,79.11,98.0,57.1,28.1,29.0
2025-09-05,6,2025-09-05T03:00:00Z,2025-09-05T04:00:00Z,94.42,94.42,94.95,85.0,85.0,119.31,76.5,50.0,26.5
2025-09-05,7,2025-09-05T04:00:00Z,2025-09-05T05:00:00Z,121.27,121.27,122.16,115.34,110.64,148.86,81.2,44.9,36.3
2025-09-05,8,2025-09-05T05:00:00Z,2025-09-05T06:00:00Z,114.16,114.16,120.4,1.13,1.13,139.12,116.1,71.4,44.7
2025-09-05,9,2025-09-05T06:00:00Z,2025-09-05T07:00:00Z,109.8,109.8,111.01,104.7,103.89,122.73,70.5,25.0,45.5
2025-09-05,10,2025-09-05T07:00:00Z,2025-09-05T08:00:00Z,88.95,88.95,88.93,119.99,72.85,139.0,119.0,58.3,60.7
2025-09-05,11,2025-09-05T08:00:00Z,2025-09-05T09:00:00Z,72.38,72.38,73.62,75.01,55.0,90.14,217.8,124.4,93.4
2025-09-05,12,2025-09-05T09:00:00Z,2025-09-05T10:00:00Z,70.19,70.19,69.07,70.01,55.0,87.01,292.0,219.1,72.9
2025-09-05,13,2025-09-05T10:00:00Z,2025-09-05T11:00:00Z,65.16,65.16,64.7,20.01,20.01,81.07,306.7,196.1,110.6
2025-09-05,14,2025-09-05T11:00:00Z,2025-09-05T12:00:00Z,62.9,62.9,62.67,70.58,50.0,76.89,356.9,230.5,126.4
2025-09-05,15,2025-09-05T12:00:00Z,2025-09-05T13:00:00Z,65.49,65.49,64.34,71.0,50.82,75.81,384.5,192.5,192.0
2025-09-05,16,2025-09-05T13:00:00Z,2025-09-05T14:00:00Z,81.92,81.92,81.15,75.68,71.43,87.94,81.1,25.6,55.5
2025-09-05,17,2025-09-05T14:00:00Z,2025-09-05T15:00:00Z,92.95,92.95,92.33,80.65,80.65,101.0,147.9,91.6,56.3
2025-09-05,18,2025-09-05T15:00:00Z,2025-09-05T16:00:00Z,119.74,119.74,118.68,115.11,100.0,143.32,134.8,63.9,70.9
2025-09-05,19,2025-09-05T16:00:00Z,2025-09-05T17:00:00Z,154.48,154.48,151.35,120.72,118.26,180.96,264.4,43.1,221.3
2025-09-05,20,2025-09-05T17:00:00Z,2025-09-05T18:00:00Z,163.36,163.36,163.52,130.01,130.01,192.94,311.6,54.1,257.5
2025-09-05,21,2025-09-05T18:00:00Z,2025-09-05T19:00:00Z,152.22,152.22,154.57,154.33,140.08,177.0,289.9,74.0,215.9
2025-09-05,22,2025-09-05T19:00:00Z,2025-09-05T20:00:00Z,122.95,122.95,122.89,120.1,111.51,160.0,183.4,92.4,91.0
2025-09-05,23,2025-09-05T20:00:00Z,2025-09-05T21:00:00Z,109.95,109.95,112.64,111.98,99.75,129.42,151.7,47.9,103.8
2025-09-05,24,2025-09-05T21:00:00Z,2025-09-05T22:00:00Z,102.68,102.68,102.26,96.21,95.49,112.15,86.6,61.3,25.3
2025-09-06,1,2025-09-05T22:00:00Z,2025-09-05T23:00:00Z,98.37,98.37,98.23,99.62,88.8,100.32,10.5,3.0,7.5
2025-09-06,2,2025-09-05T23:00:00Z,2025-09-06T00:00:00Z,95.76,95.76,96.29,103.0,91.0,103.0,43.8,28.3,15.5
2025-09-06,3,2025-09-06T00:00:00Z,2025-09-06T01:00:00Z,93.15,93.15,94.37,93.8,92.07,100.2,66.0,54.8,11.2
2025-09-06,4,2025-09-06T01:00:00Z,2025-09-06T02:00:00Z,94.25,94.25,94.16,94.13,92.2,96.7,56.4,41.4,15.0
2025-09-06,5,2025-09-06T02:00:00Z,2025-09-06T03:00:00Z,95.29,95.29,95.16,99.09,91.8,99.09,52.2,37.6,14.6
2025-09-06,6,2025-09-06T03:00:00Z,2025-09-06T04:00:00Z,97.71,97.71,97.29,99.3,94.68,102.0,50.3,31.3,19.0
2025-09-06,7,2025-09-06T04:00:00Z,2025-09-06T05:00:00Z,99.53,99.53,98.73,92.9,92.67,103.0,47.0,21.5,25.5
2025-09-06,8,2025-09-06T05:00:00Z,2025-09-06T06:00:00Z,96.97,96.97,97.19,86.81,86.81,100.92,23.3,6.3,17.0
2025-09-06,9,2025-09-06T06:00:00Z,2025-09-06T07:00:00Z,94.25,94.25,93.74,89.08,85.77,97.89,72.3,53.6,18.7
2025-09-06,10,2025-09-06T07:00:00Z,2025-09-06T08:00:00Z,72.73,72.73,72.95,73.4,60.0,80.0,124.3,80.0,44.3
2025-09-06,11,2025-09-06T08:00:00Z,2025-09-06T09:00:00Z,17.29,17.29,18.18,29.58,11.0,29.58,87.4,46.2,41.2
2025-09-06,12,2025-09-06T09:00:00Z,2025-09-06T10:00:00Z,-2.53,-2.53,-3.84,-2.0,-10.0,8.72,43.0,19.2,23.8
2025-09-06,13,2025-09-06T10:00:00Z,2025-09-06T11:00:00Z,-4.6,-4.6,-4.29,-2.05,-10.33,5.04,31.0,19.7,11.3
2025-09-06,14,2025-09-06T11:00:00Z,2025-09-06T12:00:00Z,-7.88,-7.88,-7.48,-8.4,-12.01,-1.28,43.4,27.4,16.0
2025-09-06,15,2025-09-06T12:00:00Z,2025-09-06T13:00:00Z,-5.5,-5.5,-5.15,-6.0,-10.28,-1.03,35.8,25.8,10.0
2025-09-06,16,2025-09-06T13:00:00Z,2025-09-06T14:00:00Z,3.41,3.41,2.41,0.8,-2.0,9.98,32.4,11.3,21.1
2025-09-06,17,2025-09-06T14:00:00Z,2025-09-06T15:00:00Z,45.73,45.73,48.54,60.0,40.54,60.0,16.4,10.8,5.6
2025-09-06,18,2025-09-06T15:00:00Z,2025-09-06T16:00:00Z,113.07,113.07,116.45,100.0,100.0,122.99,26.0,5.0,21.0
2025-09-06,19,2025-09-06T16:00:00Z,2025-09-06T17:00:00Z,110.08,110.08,110.08,110.08,110.08,110.08,53.0,53.0,0.0
2025-09-06,20,2025-09-06T17:00:00Z,2025-09-06T18:00:00Z,196.9,196.9,189.51,210.0,172.84,210.7,115.0,30.0,85.0
2025-09-06,21,2025-09-06T18:00:00Z,2025-09-06T19:00:00Z,156.58,156.58,155.12,164.98,135.01,194.1,132.7,15.1,117.6
2025-09-06,22,2025-09-06T19:00:00Z,2025-09-06T20:00:00Z,123.38,123.38,118.85,124.06,35.05,151.59,233.8,47.7,186.1
2025-09-06,23,2025-09-06T20:00:00Z,2025-09-06T21:00:00Z,97.17,97.17,92.81,100.98,87.5,118.77,432.0,77.4,354.6
2025-09-06,24,2025-09-06T21:00:00Z,2025-09-06T22:00:00Z,79.47,79.47,80.29,83.46,73.2,108.04,107.3,13.9,93.4
2025-09-07,1,2025-09-06T22:00:00Z,2025-09-06T23:00:00Z,90.38,90.38,90.37,91.22,88.45,91.22,91.5,10.0,81.5
2025-09-07,2,2025-09-06T23:00:00Z,2025-09-07T00:00:00Z,92.73,92.73,92.79,97.78,90.1,97.78,33.4,6.9,26.5
2025-09-07,3,2025-09-07T00:00:00Z,2025-09-07T01:00:00Z,81.21,81.21,80.72,85.0,75.3,90.52,61.0,36.9,24.1
2025-09-07,4,2025-09-07T01:00:00Z,2025-09-07T02:00:00Z,80.9,80.9,82.96,89.15,75.91,91.37,45.3,27.8,17.5
2025-09-07,5,2025-09-07T02:00:00Z,2025-09-07T03:00:00Z,80.1,80.1,81.05,80.0,74.32,87.2,81.6,50.7,30.9
2025-09-07,6,2025-09-07T03:00:00Z,2025-09-07T04:00:00Z,80.06,80.06,80.92,82.05,74.39,86.1,38.6,22.6,16.0
2025-09-07,7,2025-09-07T04:00:00Z,2025-09-07T05:00:00Z,84.96,84.96,83.5,84.32,75.0,98.3,44.9,26.7,18.2
2025-09-07,8,2025-09-07T05:00:00Z,2025-09-07T06:00:00Z,64.74,64.74,63.97,62.1,56.25,72.97,82.4,38.5,43.9
2025-09-07,9,2025-09-07T06:00:00Z,2025-09-07T07:00:00Z,14.65,14.65,12.95,10.0,0.0,33.46,126.5,56.8,69.7
2025-09-07,10,2025-09-07T07:00:00Z,2025-09-07T08:00:00Z,6.07,6.07,6.55,24.52,-0.96,30.0,444.5,350.0,94.5
2025-09-07,11,2025-09-07T08:00:00Z,2025-09-07T09:00:00Z,-2.34,-2.34,-1.25,7.89,-8.48,15.0,377.0,284.7,92.3
2025-09-07,12,2025-09-07T09:00:00Z,2025-09-07T10:00:00Z,-15.83,-15.83,-15.04,-1.49,-27.98,3.0,699.9,53.4,646.5
2025-09-07,13,2025-09-07T10:00:00Z,2025-09-07T11:00:00Z,-34.94,-34.94,-33.39,-13.3,-48.0,-10.99,693.5,48.3,645.2
2025-09-07,14,2025-09-07T11:00:00Z,2025-09-07T12:00:00Z,-50.34,-50.34,-49.36,-32.97,-63.8,-18.0,728.8,80.7,648.1
2025-09-07,15,2025-09-07T12:00:00Z,2025-09-07T13:00:00Z,-38.22,-38.22,-37.93,-57.48,-62.99,-21.04,686.8,81.2,605.6
2025-09-07,16,2025-09-07T13:00:00Z,2025-09-07T14:00:00Z,-18.26,-18.26,-17.78,-26.96,-29.99,2.0,660.7,70.0,590.7
2025-09-07,17,2025-09-07T14:00:00Z,2025-09-07T15:00:00Z,13.13,13.13,13.2,6.9,-6.0,23.0,92.3,35.2,57.1
2025-09-07,18,2025-09-07T15:00:00Z,2025-09-07T16:00:00Z,62.49,62.49,59.04,40.07,32.0,83.49,86.7,19.2,67.5
2025-09-07,19,2025-09-07T16:00:00Z,2025-09-07T17:00:00Z,141.65,141.65,137.89,130.0,121.1,150.89,115.7,15.0,100.7
2025-09-07,20,2025-09-07T17:00:00Z,2025-09-07T18:00:00Z,199.71,199.71,200.3,229.0,174.2,229.0,181.6,41.1,140.5
2025-09-07,21,2025-09-07T18:00:00Z,2025-09-07T19:00:00Z,185.18,185.18,185.82,137.57,137.57,210.0,159.5,50.0,109.5
2025-09-07,22,2025-09-07T19:00:00Z,2025-09-07T20:00:00Z,141.23,141.23,130.49,100.0,90.3,164.58,249.0,97.1,151.9
2025-09-07,23,2025-09-07T20:00:00Z,2025-09-07T21:00:00Z,117.09,117.09,116.32,86.54,86.54,233.3,249.1,97.8,151.3
2025-09-07,24,2025-09-07T21:00:00Z,2025-09-07T22:00:00Z,99.86,99.86,95.31,76.22,75.41,110.68,113.9,44.0,69.9
2025-09-08,1,2025-09-07T22:00:00Z,2025-09-07T23:00:00Z,89.45,89.45,89.48,92.36,85.97,92.36,12.5,7.0,5.5
2025-09-08,2,2025-09-07T23:00:00Z,2025-09-08T00:00:00Z,90.83,90.83,90.7,94.5,89.0,94.5,15.2,6.7,8.5
2025-09-08,3,2025-09-08T00:00:00Z,2025-09-08T01:00:00Z,90.14,90.14,89.9,92.86,88.59,92.9,18.1,7.3,10.8
2025-09-08,4,2025-09-08T01:00:00Z,2025-09-08T02:00:00Z,89.27,89.27,89.26,88.74,86.55,94.16,51.0,23.0,28.0
2025-09-08,5,2025-09-08T02:00:00Z,2025-09-08T03:00:00Z,91.4,91.4,91.22,87.52,86.73,96.75,52.2,22.5,29.7
2025-09-08,6,2025-09-08T03:00:00Z,2025-09-08T04:00:00Z,97.62,97.62,97.16,93.4,93.2,106.51,38.8,33.0,5.8
2025-09-08,7,2025-09-08T04:00:00Z,2025-09-08T05:00:00Z,153.93,153.93,153.29,170.0,130.51,190.6,48.5,26.5,22.0
2025-09-08,8,2025-09-08T05:00:00Z,2025-09-08T06:00:00Z,157.35,157.35,155.95,188.0,145.29,188.0,41.7,21.0,20.7
2025-09-08,9,2025-09-08T06:00:00Z,2025-09-08T07:00:00Z,129.41,129.41,128.11,125.11,123.18,145.76,113.0,73.0,40.0
2025-09-08,10,2025-09-08T07:00:00Z,2025-09-08T08:00:00Z,108.28,108.28,107.98,150.0,85.0,150.0,142.8,76.3,66.5
2025-09-08,11,2025-09-08T08:00:00Z,2025-09-08T09:00:00Z,90.47,90.47,91.79,90.01,81.24,101.02,159.8,97.4,62.4
2025-09-08,12,2025-09-08T09:00:00Z,2025-09-08T10:00:00Z,76.63,76.63,77.98,79.98,50.12,89.85,285.6,185.6,100.0
2025-09-08,13,2025-09-08T10:00:00Z,2025-09-08T11:00:00Z,71.57,71.57,71.84,70.0,62.0,81.94,246.6,150.5,96.1
2025-09-08,14,2025-09-08T11:00:00Z,2025-09-08T12:00:00Z,69.68,69.68,69.48,63.52,55.0,78.41,270.8,144.0,126.8
2025-09-08,15,2025-09-08T12:00:00Z,2025-09-08T13:00:00Z,77.43,77.43,77.74,70.0,69.04,87.98,136.5,58.1,78.4
2025-09-08,16,2025-09-08T13:00:00Z,2025-09-08T14:00:00Z,95.6,95.6,96.03,105.1,83.58,106.0,139.1,67.4,71.7
2025-09-08,17,2025-09-08T14:00:00Z,2025-09-08T15:00:00Z,112.37,112.37,110.59,38.33,38.33,124.4,189.8,55.5,134.3
2025-09-08,18,2025-09-08T15:00:00Z,2025-09-08T16:00:00Z,162.92,162.92,164.04,175.81,136.06,175.81,409.5,61.4,348.1
2025-09-08,19,2025-09-08T16:00:00Z,2025-09-08T17:00:00Z,289.57,289.57,274.57,250.0,194.62,344.8,167.0,67.6,99.4
2025-09-08,20,2025-09-08T17:00:00Z,2025-09-08T18:00:00Z,721.37,721.37,739.42,750.0,408.51,1230.31,669.9,278.7,391.2
2025-09-08,21,2025-09-08T18:00:00Z,2025-09-08T19:00:00Z,489.47,489.47,487.68,475.0,301.1,850.94,521.1,195.1,326.0
2025-09-08,22,2025-09-08T19:00:00Z,2025-09-08T20:00:00Z,225.28,225.28,226.34,325.0,157.65,337.0,129.6,35.4,94.2
2025-09-08,23,2025-09-08T20:00:00Z,2025-09-08T21:00:00Z,121.33,121.33,121.98,141.69,80.0,141.69,61.6,30.8,30.8
2025-09-08,24,2025-09-08T21:00:00Z,2025-09-08T22:00:00Z,88.98,88.98,99.62,100.62,60.0,116.5,53.5,22.2,31.3
2025-09-09,1,2025-09-08T22:00:00Z,2025-09-08T23:00:00Z,108.62,108.62,108.29,105.51,105.0,112.49,29.8,5.9,23.9
2025-09-09,2,2025-09-08T23:00:00Z,2025-09-09T00:00:00Z,106.08,106.08,105.81,104.03,101.89,111.0,31.6,17.5,14.1
2025-09-09,3,2025-09-09T00:00:00Z,2025-09-09T01:00:00Z,106.72,106.72,106.15,104.44,102.75,109.49,22.1,5.1,17.0
2025-09-09,4,2025-09-09T01:00:00Z,2025-09-09T02:00:00Z,105.02,105.02,104.21,99.29,99.29,108.77,53.1,15.6,37.5
2025-09-09,5,2025-09-09T02:00:00Z,2025-09-09T03:00:00Z,104.9,104.9,104.61,105.2,101.0,107.79,67.5,17.8,49.7
2025-09-09,6,2025-09-09T03:00:00Z,2025-09-09T04:00:00Z,112.59,112.59,112.96,114.61,109.31,115.48,30.6,4.4,26.2
2025-09-09,7,2025-09-09T04:00:00Z,2025-09-09T05:00:00Z,189.96,189.96,199.77,213.3,171.41,239.79,52.1,23.9,28.2
2025-09-09,8,2025-09-09T05:00:00Z,2025-09-09T06:00:00Z,364.17,364.17,320.95,500.0,264.68,500.0,160.5,72.3,88.2
2025-09-09,9,2025-09-09T06:00:00Z,2025-09-09T07:00:00Z,231.49,231.49,224.57,196.34,180.0,274.99,180.5,50.7,129.8
2025-09-09,10,2025-09-09T07:00:00Z,2025-09-09T08:00:00Z,128.67,128.67,129.77,116.69,110.0,150.43,254.1,84.3,169.8
2025-09-09,11,2025-09-09T08:00:00Z,2025-09-09T09:00:00Z,101.15,101.15,101.57,100.0,80.07,145.85,327.5,130.5,197.0
2025-09-09,12,2025-09-09T09:00:00Z,2025-09-09T10:00:00Z,77.27,77.27,73.72,33.09,26.19,98.0,259.7,110.9,148.8
2025-09-09,13,2025-09-09T10:00:00Z,2025-09-09T11:00:00Z,60.48,60.48,60.59,69.0,20.0,82.99,365.8,150.6,215.2
2025-09-09,14,2025-09-09T11:00:00Z,2025-09-09T12:00:00Z,60.85,60.85,53.51,17.04,17.04,84.0,371.7,159.0,212.7
2025-09-09,15,2025-09-09T12:00:00Z,2025-09-09T13:00:00Z,65.5,65.5,62.91,37.0,24.89,97.31,424.2,200.2,224.0
2025-09-09,16,2025-09-09T13:00:00Z,2025-09-09T14:00:00Z,85.57,85.57,86.46,78.0,70.26,100.03,270.5,96.5,174.0
2025-09-09,17,2025-09-09T14:00:00Z,2025-09-09T15:00:00Z,100.03,100.03,100.13,104.02,87.0,119.28,135.9,35.6,100.3
2025-09-09,18,2025-09-09T15:00:00Z,2025-09-09T16:00:00Z,146.57,146.57,146.04,154.58,131.7,178.0,172.2,53.5,118.7
2025-09-09,19,2025-09-09T16:00:00Z,2025-09-09T17:00:00Z,240.35,240.35,242.58,185.0,183.49,293.83,217.1,57.1,160.0
2025-09-09,20,2025-09-09T17:00:00Z,2025-09-09T18:00:00Z,404.46,404.46,400.17,236.5,235.5,481.63,1026.6,465.0,561.6
2025-09-09,21,2025-09-09T18:00:00Z,2025-09-09T19:00:00Z,237.07,237.07,235.27,138.0,138.0,282.6,680.3,289.1,391.2
2025-09-09,22,2025-09-09T19:00:00Z,2025-09-09T20:00:00Z,135.08,135.08,130.87,127.32,115.0,154.54,197.7,43.0,154.7
2025-09-09,23,2025-09-09T20:00:00Z,2025-09-09T21:00:00Z,73.25,73.25,76.73,74.5,10.09,123.42,88.6,41.8,46.8
2025-09-09,24,2025-09-09T21:00:00Z,2025-09-09T22:00:00Z,76.44,76.44,74.59,76.0,55.0,105.0,103.6,55.3,48.3
2025-09-10,1,2025-09-09T22:00:00Z,2025-09-09T23:00:00Z,91.34,91.34,87.5,80.0,75.19,95.98,35.3,6.5,28.8
2025-09-10,2,2025-09-09T23:00:00Z,2025-09-10T00:00:00Z,93.06,93.06,94.02,83.0,83.0,101.18,79.1,9.1,70.0
2025-09-10,3,2025-09-10T00:00:00Z,2025-09-10T01:00:00Z,96.6,96.6,96.28,99.0,89.28,99.99,81.3,15.3,66.0
2025-09-10,4,2025-09-10T01:00:00Z,2025-09-10T02:00:00Z,98.91,98.91,99.55,101.1,91.08,103.54,90.8,17.9,72.9
2025-09-10,5,2025-09-10T02:00:00Z,2025-09-10T03:00:00Z,100.96,100.96,101.03,100.3,98.53,105.0,79.6,12.6,67.0
2025-09-10,6,2025-09-10T03:00:00Z,2025-09-10T04:00:00Z,105.89,105.89,104.87,100.0,100.0,109.08,82.1,31.6,50.5
2025-09-10,7,2025-09-10T04:00:00Z,2025-09-10T05:00:00Z,134.02,134.02,133.85,134.56,129.33,139.01,55.6,19.6,36.0
2025-09-10,8,2025-09-10T05:00:00Z,2025-09-10T06:00:00Z,194.07,194.07,196.72,197.91,172.3,218.0,69.1,20.7,48.4
2025-09-10,9,2025-09-10T06:00:00Z,2025-09-10T07:00:00Z,169.64,169.64,172.61,187.83,146.76,187.9,59.1,7.5,51.6
2025-09-10,10,2025-09-10T07:00:00Z,2025-09-10T08:00:00Z,123.61,123.61,125.47,149.98,90.0,149.98,106.5,27.7,78.8
2025-09-10,11,2025-09-10T08:00:00Z,2025-09-10T09:00:00Z,84.71,84.71,83.33,69.0,57.06,119.99,140.5,59.5,81.0
2025-09-10,12,2025-09-10T09:00:00Z,2025-09-10T10:00:00Z,74.26,74.26,72.07,45.0,30.0,101.58,183.0,100.1,82.9
2025-09-10,13,2025-09-10T10:00:00Z,2025-09-10T11:00:00Z,24.27,24.27,24.15,-50.0,-50.0,103.56,303.4,194.9,108.5
2025-09-10,14,2025-09-10T11:00:00Z,2025-09-10T12:00:00Z,35.48,35.48,39.53,41.05,3.08,100.02,177.7,102.5,75.2
2025-09-10,15,2025-09-10T12:00:00Z,2025-09-10T13:00:00Z,56.96,56.96,55.73,79.9,36.08,115.83,177.6,82.5,95.1
2025-09-10,16,2025-09-10T13:00:00Z,2025-09-10T14:00:00Z,93.42,93.42,95.3,96.94,62.91,114.0,134.6,87.9,46.7
2025-09-10,17,2025-09-10T14:00:00Z,2025-09-10T15:00:00Z,133.0,133.0,132.8,134.5,110.0,159.99,162.7,68.3,94.4
2025-09-10,18,2025-09-10T15:00:00Z,2025-09-10T16:00:00Z,143.91,143.91,139.01,120.0,120.0,162.72,137.3,65.5,71.8
2025-09-10,19,2025-09-10T16:00:00Z,2025-09-10T17:00:00Z,159.66,159.66,160.57,138.1,130.1,204.12,326.3,125.6,200.7
2025-09-10,20,2025-09-10T17:00:00Z,2025-09-10T18:00:00Z,245.22,245.22,241.27,215.71,148.39,300.0,666.6,279.3,387.3
2025-09-10,21,2025-09-10T18:00:00Z,2025-09-10T19:00:00Z,164.35,164.35,161.85,135.4,130.56,191.02,296.6,112.2,184.4
2025-09-10,22,2025-09-10T19:00:00Z,2025-09-10T20:00:00Z,107.09,107.09,106.63,93.73,91.0,134.83,169.5,66.6,102.9
2025-09-10,23,2025-09-10T20:00:00Z,2025-09-10T21:00:00Z,81.08,81.08,81.8,48.54,40.01,105.06,122.8,75.2,47.6
2025-09-10,24,2025-09-10T21:00:00Z,2025-09-10T22:00:00Z,99.86,99.86,100.38,99.0,88.51,122.95,28.0,10.0,18.0
2025-09-11,1,2025-09-10T22:00:00Z,2025-09-10T23:00:00Z,56.29,56.29,57.26,56.0,53.0,63.39,22.3,21.5,0.8
2025-09-11,2,2025-09-10T23:00:00Z,2025-09-11T00:00:00Z,58.93,58.93,59.65,80.0,30.0,80.0,50.0,33.2,16.8
2025-09-11,3,2025-09-11T00:00:00Z,2025-09-11T01:00:00Z,57.96,57.96,58.42,30.27,30.27,74.0,81.5,54.3,27.2
2025-09-11,4,2025-09-11T01:00:00Z,2025-09-11T02:00:00Z,58.42,58.42,57.57,36.92,35.4,68.0,66.8,41.7,25.1
2025-09-11,5,2025-09-11T02:00:00Z,2025-09-11T03:00:00Z,68.44,68.44,69.06,69.9,57.64,78.95,114.8,40.0,74.8
2025-09-11,6,2025-09-11T03:00:00Z,2025-09-11T04:00:00Z,76.38,76.38,76.93,80.11,65.79,82.1,100.1,24.3,75.8
2025-09-11,7,2025-09-11T04:00:00Z,2025-09-11T05:00:00Z,62.19,62.19,76.86,10.0,10.0,98.69,85.7,44.1,41.6
2025-09-11,8,2025-09-11T05:00:00Z,2025-09-11T06:00:00Z,133.62,133.62,129.33,140.01,112.32,180.0,119.2,35.7,83.5
2025-09-11,9,2025-09-11T06:00:00Z,2025-09-11T07:00:00Z,113.87,113.87,118.11,116.82,106.29,130.0,121.0,43.5,77.5
2025-09-11,10,2025-09-11T07:00:00Z,2025-09-11T08:00:00Z,92.55,92.55,93.71,104.94,88.06,109.63,124.0,52.7,71.3
2025-09-11,11,2025-09-11T08:00:00Z,2025-09-11T09:00:00Z,68.38,68.38,67.98,65.0,58.38,80.29,322.5,156.2,166.3
2025-09-11,12,2025-09-11T09:00:00Z,2025-09-11T10:00:00Z,66.77,66.77,67.07,104.88,53.0,104.88,292.3,157.9,134.4
2025-09-11,13,2025-09-11T10:00:00Z,2025-09-11T11:00:00Z,86.58,86.58,87.52,60.09,45.0,120.0,276.6,161.6,115.0
2025-09-11,14,2025-09-11T11:00:00Z,2025-09-11T12:00:00Z,71.68,71.68,73.32,98.99,20.26,109.91,293.7,178.8,114.9
2025-09-11,15,2025-09-11T12:00:00Z,2025-09-11T13:00:00Z,70.95,70.95,75.65,60.0,48.64,95.36,181.2,102.6,78.6
2025-09-11,16,2025-09-11T13:00:00Z,2025-09-11T14:00:00Z,67.61,67.61,72.31,99.96,22.33,99.97,227.9,107.7,120.2
2025-09-11,17,2025-09-11T14:00:00Z,2025-09-11T15:00:00Z,33.31,33.31,33.79,40.01,20.0,59.48,241.3,163.2,78.1
2025-09-11,18,2025-09-11T15:00:00Z,2025-09-11T16:00:00Z,121.41,121.41,121.52,124.99,118.31,124.99,32.0,22.0,10.0
2025-09-11,19,2025-09-11T16:00:00Z,2025-09-11T17:00:00Z,196.87,196.87,203.25,180.0,180.0,246.07,251.3,84.2,167.1
2025-09-11,20,2025-09-11T17:00:00Z,2025-09-11T18:00:00Z,317.36,317.36,319.47,342.06,240.0,343.7,221.7,78.8,142.9
2025-09-11,21,2025-09-11T18:00:00Z,2025-09-11T19:00:00Z,195.65,195.65,194.4,169.98,169.98,210.0,240.7,89.9,150.8
2025-09-11,22,2025-09-11T19:00:00Z,2025-09-11T20:00:00Z,110.31,110.31,104.12,86.39,86.39,130.65,186.8,85.8,101.0
2025-09-11,23,2025-09-11T20:00:00Z,2025-09-11T21:00:00Z,86.3,86.3,83.79,67.9,66.22,95.4,67.0,54.5,12.5
2025-09-11,24,2025-09-11T21:00:00Z,2025-09-11T22:00:00Z,71.06,71.06,70.18,59.31,52.0,90.0,111.8,71.8,40.0
2025-09-12,1,2025-09-11T22:00:00Z,2025-09-11T23:00:00Z,55.14,55.14,45.84,73.73,31.9,73.73,1.8,1.8,0.0
2025-09-12,2,2025-09-11T23:00:00Z,2025-09-12T00:00:00Z,45.25,45.25,46.38,66.3,37.34,66.3,108.4,97.4,11.0
2025-09-12,3,2025-09-12T00:00:00Z,2025-09-12T01:00:00Z,51.08,51.08,58.03,92.06,35.0,92.06,136.6,110.3,26.3
2025-09-12,4,2025-09-12T01:00:00Z,2025-09-12T02:00:00Z,50.8,50.8,55.71,92.63,26.41,92.83,169.1,129.1,40.0
2025-09-12,5,2025-09-12T02:00:00Z,2025-09-12T03:00:00Z,56.79,56.79,51.66,118.82,29.24,118.82,189.3,122.5,66.8
2025-09-12,6,2025-09-12T03:00:00Z,2025-09-12T04:00:00Z,122.82,122.82,105.41,148.08,74.91,148.08,52.7,14.5,38.2
2025-09-12,7,2025-09-12T04:00:00Z,2025-09-12T05:00:00Z,171.58,171.58,162.08,209.99,141.07,222.67,252.4,20.4,232.0
2025-09-12,8,2025-09-12T05:00:00Z,2025-09-12T06:00:00Z,179.44,179.44,173.28,231.39,143.34,231.39,267.6,18.5,249.1
2025-09-12,9,2025-09-12T06:00:00Z,2025-09-12T07:00:00Z,125.36,125.36,124.43,112.07,112.07,146.84,87.9,31.0,56.9
2025-09-12,10,2025-09-12T07:00:00Z,2025-09-12T08:00:00Z,96.64,96.64,95.49,125.0,80.0,125.0,86.8,40.6,46.2
2025-09-12,11,2025-09-12T08:00:00Z,2025-09-12T09:00:00Z,57.71,57.71,57.64,52.0,49.0,67.64,607.9,491.3,116.6
2025-09-12,12,2025-09-12T09:00:00Z,2025-09-12T10:00:00Z,53.31,53.31,54.11,58.99,39.0,59.97,500.6,366.1,134.5
2025-09-12,13,2025-09-12T10:00:00Z,2025-09-12T11:00:00Z,36.56,36.56,37.76,15.01,14.0,51.81,423.7,276.1,147.6
2025-09-12,14,2025-09-12T11:00:00Z,2025-09-12T12:00:00Z,34.94,34.94,35.25,6.01,6.01,51.3,448.0,293.9,154.1
2025-09-12,15,2025-09-12T12:00:00Z,2025-09-12T13:00:00Z,48.1,48.1,48.97,46.4,11.5,69.2,449.2,309.8,139.4
2025-09-12,16,2025-09-12T13:00:00Z,2025-09-12T14:00:00Z,74.82,74.82,74.57,82.89,54.0,86.97,322.7,187.5,135.2
2025-09-12,17,2025-09-12T14:00:00Z,2025-09-12T15:00:00Z,103.19,103.19,103.64,80.0,75.32,113.38,231.8,137.1,94.7
2025-09-12,18,2025-09-12T15:00:00Z,2025-09-12T16:00:00Z,156.71,156.71,156.64,159.82,145.67,170.0,375.6,67.7,307.9
2025-09-12,19,2025-09-12T16:00:00Z,2025-09-12T17:00:00Z,144.27,144.27,137.64,125.0,125.0,172.21,192.9,70.9,122.0
2025-09-12,20,2025-09-12T17:00:00Z,2025-09-12T18:00:00Z,202.07,202.07,197.91,201.03,151.01,239.0,420.3,88.9,331.4
2025-09-12,21,2025-09-12T18:00:00Z,2025-09-12T19:00:00Z,163.57,163.57,167.04,176.0,140.0,225.0,372.4,52.3,320.1
2025-09-12,22,2025-09-12T19:00:00Z,2025-09-12T20:00:00Z,120.52,120.52,122.24,105.8,105.8,130.42,100.1,41.6,58.5
2025-09-12,23,2025-09-12T20:00:00Z,2025-09-12T21:00:00Z,111.33,111.33,111.1,87.01,87.01,116.28,76.2,26.4,49.8
2025-09-12,24,2025-09-12T21:00:00Z,2025-09-12T22:00:00Z,102.62,102.62,100.47,83.39,83.39,112.18,69.1,27.5,41.6
2025-09-13,1,2025-09-12T22:00:00Z,2025-09-12T23:00:00Z,97.13,97.13,98.46,110.94,88.0,110.94,62.7,56.9,5.8
2025-09-13,2,2025-09-12T23:00:00Z,2025-09-13T00:00:00Z,86.98,86.98,88.5,79.22,75.01,108.17,74.7,58.2,16.5
2025-09-13,3,2025-09-13T00:00:00Z,2025-09-13T01:00:00Z,82.69,82.69,83.29,81.77,77.0,87.0,53.4,36.4,17.0
2025-09-13,4,2025-09-13T01:00:00Z,2025-09-13T02:00:00Z,83.1,83.1,83.8,87.0,73.94,95.54,77.1,35.1,42.0
2025-09-13,5,2025-09-13T02:00:00Z,2025-09-13T03:00:00Z,86.83,86.83,86.98,110.12,78.86,110.12,81.6,41.0,40.6
2025-09-13,6,2025-09-13T03:00:00Z,2025-09-13T04:00:00Z,97.57,97.57,99.09,130.01,83.56,135.41,76.5,40.6,35.9
2025-09-13,7,2025-09-13T04:00:00Z,2025-09-13T05:00:00Z,90.34,90.34,88.84,72.96,72.96,94.0,55.8,31.6,24.2
2025-09-13,8,2025-09-13T05:00:00Z,2025-09-13T06:00:00Z,85.41,85.41,85.56,82.0,80.0,93.39,59.9,25.9,34.0
2025-09-13,9,2025-09-13T06:00:00Z,2025-09-13T07:00:00Z,71.98,71.98,63.62,49.51,47.22,100.0,65.8,36.2,29.6
2025-09-13,10,2025-09-13T07:00:00Z,2025-09-13T08:00:00Z,46.31,46.31,45.66,60.0,38.0,64.0,396.9,365.7,31.2
2025-09-13,11,2025-09-13T08:00:00Z,2025-09-13T09:00:00Z,-2.16,-2.16,-1.27,8.99,-10.03,19.0,245.1,215.4,29.7
2025-09-13,12,2025-09-13T09:00:00Z,2025-09-13T10:00:00Z,-5.62,-5.62,-7.13,-9.95,-12.1,3.54,197.5,149.0,48.5
2025-09-13,13,2025-09-13T10:00:00Z,2025-09-13T11:00:00Z,-9.57,-9.57,-8.26,-20.0,-24.08,1.0,149.0,105.5,43.5
2025-09-13,14,2025-09-13T11:00:00Z,2025-09-13T12:00:00Z,-11.52,-11.52,-14.2,-3.88,-30.36,1.0,155.7,98.9,56.8
2025-09-13,15,2025-09-13T12:00:00Z,2025-09-13T13:00:00Z,-9.23,-9.23,-11.45,0.0,-28.38,0.17,215.6,134.1,81.5
2025-09-13,16,2025-09-13T13:00:00Z,2025-09-13T14:00:00Z,23.31,23.31,17.71,15.0,-0.99,134.95,210.9,123.6,87.3
2025-09-13,17,2025-09-13T14:00:00Z,2025-09-13T15:00:00Z,82.06,82.06,78.41,76.33,56.58,166.3,116.2,53.3,62.9
2025-09-13,18,2025-09-13T15:00:00Z,2025-09-13T16:00:00Z,110.71,110.71,108.55,103.92,80.0,121.01,89.3,39.8,49.5
2025-09-13,19,2025-09-13T16:00:00Z,2025-09-13T17:00:00Z,109.74,109.74,114.03,107.07,105.89,133.0,144.9,20.6,124.3
2025-09-13,20,2025-09-13T17:00:00Z,2025-09-13T18:00:00Z,142.21,142.21,144.09,158.98,126.82,198.88,329.3,131.2,198.1
2025-09-13,21,2025-09-13T18:00:00Z,2025-09-13T19:00:00Z,122.16,122.16,121.82,149.99,114.43,149.99,192.2,48.9,143.3
2025-09-13,22,2025-09-13T19:00:00Z,2025-09-13T20:00:00Z,101.06,101.06,102.56,105.49,97.81,112.17,180.5,33.0,147.5
2025-09-13,23,2025-09-13T20:00:00Z,2025-09-13T21:00:00Z,89.08,89.08,90.27,102.83,85.0,103.19,469.2,35.1,434.1
2025-09-13,24,2025-09-13T21:00:00Z,2025-09-13T22:00:00Z,84.52,84.52,85.39,87.96,80.08,95.65,79.1,23.7,55.4
2025-09-14,1,2025-09-13T22:00:00Z,2025-09-13T23:00:00Z,87.18,87.18,88.46,96.24,84.0,96.24,42.0,1.5,40.5
2025-09-14,2,2025-09-13T23:00:00Z,2025-09-14T00:00:00Z,80.52,80.52,81.54,92.0,76.9,92.0,63.0,6.5,56.5
2025-09-14,3,2025-09-14T00:00:00Z,2025-09-14T01:00:00Z,77.4,77.4,77.7,80.0,76.2,85.72,46.5,0.0,46.5
2025-09-14,4,2025-09-14T01:00:00Z,2025-09-14T02:00:00Z,79.42,79.42,78.82,72.0,72.0,88.18,52.6,6.0,46.6
2025-09-14,5,2025-09-14T02:00:00Z,2025-09-14T03:00:00Z,84.35,84.35,84.68,84.99,82.6,90.39,52.7,10.0,42.7
2025-09-14,6,2025-09-14T03:00:00Z,2025-09-14T04:00:00Z,88.2,88.2,88.1,88.41,85.29,93.0,51.6,11.0,40.6
2025-09-14,7,2025-09-14T04:00:00Z,2025-09-14T05:00:00Z,93.02,93.02,93.05,94.3,91.92,97.03,37.6,6.0,31.6
2025-09-14,8,2025-09-14T05:00:00Z,2025-09-14T06:00:00Z,97.37,97.37,97.19,99.58,94.04,104.62,92.3,16.0,76.3
2025-09-14,9,2025-09-14T06:00:00Z,2025-09-14T07:00:00Z,100.32,100.32,101.86,111.99,94.4,111.99,96.5,14.3,82.2
2025-09-14,10,2025-09-14T07:00:00Z,2025-09-14T08:00:00Z,93.85,93.85,94.84,95.01,82.25,100.99,68.6,29.9,38.7
2025-09-14,11,2025-09-14T08:00:00Z,2025-09-14T09:00:00Z,72.21,72.21,71.7,98.99,55.01,98.99,276.4,257.4,19.0
2025-09-14,12,2025-09-14T09:00:00Z,2025-09-14T10:00:00Z,45.37,45.37,45.02,26.01,26.01,55.39,198.0,157.1,40.9
2025-09-14,13,2025-09-14T10:00:00Z,2025-09-14T11:00:00Z,32.25,32.25,31.8,49.0,15.64,49.0,130.9,98.0,32.9
2025-09-14,14,2025-09-14T11:00:00Z,2025-09-14T12:00:00Z,23.44,23.44,22.78,48.89,0.52,54.98,210.9,132.0,78.9
2025-09-14,15,2025-09-14T12:00:00Z,2025-09-14T13:00:00Z,22.39,22.39,25.13,20.0,0.02,60.0,204.8,115.4,89.4
2025-09-14,16,2025-09-14T13:00:00Z,2025-09-14T14:00:00Z,19.03,19.03,20.56,21.03,0.0,58.94,193.0,108.7,84.3
2025-09-14,17,2025-09-14T14:00:00Z,2025-09-14T15:00:00Z,49.09,49.09,50.26,88.0,36.7,105.0,291.4,249.2,42.2
2025-09-14,18,2025-09-14T15:00:00Z,2025-09-14T16:00:00Z,115.01,115.01,115.57,124.03,103.44,130.7,218.7,44.1,174.6
2025-09-14,19,2025-09-14T16:00:00Z,2025-09-14T17:00:00Z,145.05,145.05,147.78,145.0,122.95,185.0,176.8,15.9,160.9
2025-09-14,20,2025-09-14T17:00:00Z,2025-09-14T18:00:00Z,209.78,209.78,213.0,249.77,161.16,290.0,289.1,95.4,193.7
2025-09-14,21,2025-09-14T18:00:00Z,2025-09-14T19:00:00Z,159.62,159.62,158.71,219.86,140.3,219.86,212.4,28.5,183.9
2025-09-14,22,2025-09-14T19:00:00Z,2025-09-14T20:00:00Z,112.69,112.69,113.67,103.57,103.57,128.4,165.0,15.2,149.8
2025-09-14,23,2025-09-14T20:00:00Z,2025-09-14T21:00:00Z,100.91,100.91,99.3,88.9,88.13,104.4,280.9,15.1,265.8
2025-09-14,24,2025-09-14T21:00:00Z,2025-09-14T22:00:00Z,60.72,60.72,59.8,64.7,47.0,70.0,92.7,46.1,46.6
2025-09-15,1,2025-09-14T22:00:00Z,2025-09-14T23:00:00Z,96.62,96.62,90.25,119.18,55.0,119.18,31.6,5.0,26.6
2025-09-15,2,2025-09-14T23:00:00Z,2025-09-15T00:00:00Z,74.94,74.94,65.11,155.0,41.34,155.0,61.1,10.0,51.1
2025-09-15,3,2025-09-15T00:00:00Z,2025-09-15T01:00:00Z,52.36,52.36,49.49,37.03,37.03,65.0,86.3,20.0,66.3
2025-09-15,4,2025-09-15T01:00:00Z,2025-09-15T02:00:00Z,54.97,54.97,54.43,71.2,41.48,71.2,76.3,22.3,54.0
2025-09-15,5,2025-09-15T02:00:00Z,2025-09-15T03:00:00Z,42.41,42.41,37.46,62.23,12.23,63.0,137.5,44.5,93.0
2025-09-15,6,2025-09-15T03:00:00Z,2025-09-15T04:00:00Z,67.91,67.91,72.64,90.34,25.35,90.34,184.6,38.0,146.6
2025-09-15,7,2025-09-15T04:00:00Z,2025-09-15T05:00:00Z,131.5,131.5,131.56,106.19,105.84,144.67,272.8,50.5,222.3
2025-09-15,8,2025-09-15T05:00:00Z,2025-09-15T06:00:00Z,128.45,128.45,128.57,105.01,99.14,160.01,296.7,71.5,225.2
2025-09-15,9,2025-09-15T06:00:00Z,2025-09-15T07:00:00Z,89.28,89.28,87.26,90.0,50.0,115.79,152.3,46.3,106.0
2025-09-15,10,2025-09-15T07:00:00Z,2025-09-15T08:00:00Z,49.65,49.65,49.41,35.0,35.0,63.96,281.6,59.0,222.6
2025-09-15,11,2025-09-15T08:00:00Z,2025-09-15T09:00:00Z,15.92,15.92,16.31,-50.0,-50.0,21.0,486.6,317.1,169.5
2025-09-15,12,2025-09-15T09:00:00Z,2025-09-15T10:00:00Z,-5.81,-5.81,-3.98,-16.0,-33.79,12.17,280.9,89.8,191.1
2025-09-15,13,2025-09-15T10:00:00Z,2025-09-15T11:00:00Z,-18.49,-18.49,-17.45,-42.88,-54.0,11.85,431.3,175.3,256.0
2025-09-15,14,2025-09-15T11:00:00Z,2025-09-15T12:00:00Z,-8.21,-8.21,-9.35,-30.0,-36.01,15.0,340.7,139.7,201.0
2025-09-15,15,2025-09-15T12:00:00Z,2025-09-15T13:00:00Z,-9.37,-9.37,-11.24,-40.0,-45.0,19.09,400.2,187.7,212.5
2025-09-15,16,2025-09-15T13:00:00Z,2025-09-15T14:00:00Z,19.23,19.23,19.63,21.03,0.0,40.0,377.6,226.7,150.9
2025-09-15,17,2025-09-15T14:00:00Z,2025-09-15T15:00:00Z,49.19,49.19,48.29,15.99,10.11,83.08,162.7,107.2,55.5
2025-09-15,18,2025-09-15T15:00:00Z,2025-09-15T16:00:00Z,106.89,106.89,95.98,80.0,80.0,135.65,48.6,14.1,34.5
2025-09-15,19,2025-09-15T16:00:00Z,2025-09-15T17:00:00Z,199.23,199.23,190.58,165.0,150.0,238.0,292.1,61.7,230.4
2025-09-15,20,2025-09-15T17:00:00Z,2025-09-15T18:00:00Z,199.02,199.02,206.6,215.92,140.0,249.0,348.7,72.7,276.0
2025-09-15,21,2025-09-15T18:00:00Z,2025-09-15T19:00:00Z,159.3,159.3,159.91,167.92,101.88,179.98,290.0,56.7,233.3
2025-09-15,22,2025-09-15T19:00:00Z,2025-09-15T20:00:00Z,91.63,91.63,96.57,109.5,37.89,140.0,108.5,43.1,65.4
2025-09-15,23,2025-09-15T20:00:00Z,2025-09-15T21:00:00Z,92.48,92.48,88.21,70.26,70.23,115.04,126.1,31.1,95.0
2025-09-15,24,2025-09-15T21:00:00Z,2025-09-15T22:00:00Z,31.84,31.84,34.24,35.0,12.51,101.45,224.2,177.9,46.3
2025-09-16,1,2025-09-15T22:00:00Z,2025-09-15T23:00:00Z,22.38,22.38,29.58,5.02,5.02,55.74,15.1,0.4,14.7
2025-09-16,2,2025-09-15T23:00:00Z,2025-09-16T00:00:00Z,32.14,32.14,31.52,5.0,5.0,60.0,51.0,15.5,35.5
2025-09-16,3,2025-09-16T00:00:00Z,2025-09-16T01:00:00Z,29.64,29.64,27.04,9.0,5.0,65.0,51.4,14.4,37.0
2025-09-16,4,2025-09-16T01:00:00Z,2025-09-16T02:00:00Z,62.19,62.19,58.27,50.0,23.03,82.1,89.3,24.8,64.5
2025-09-16,5,2025-09-16T02:00:00Z,2025-09-16T03:00:00Z,58.66,58.66,68.77,77.72,30.0,86.77,69.7,15.8,53.9
2025-09-16,6,2025-09-16T03:00:00Z,2025-09-16T04:00:00Z,61.34,61.34,57.07,25.0,22.01,80.0,38.9,18.2,20.7
2025-09-16,7,2025-09-16T04:00:00Z,2025-09-16T05:00:00Z,117.14,117.14,117.07,101.01,87.09,146.29,82.3,27.3,55.0
2025-09-16,8,2025-09-16T05:00:00Z,2025-09-16T06:00:00Z,99.92,99.92,102.65,85.32,85.01,110.15,45.0,17.0,28.0
2025-09-16,9,2025-09-16T06:00:00Z,2025-09-16T07:00:00Z,91.17,91.17,90.24,88.0,85.05,100.02,80.7,31.7,49.0
2025-09-16,10,2025-09-16T07:00:00Z,2025-09-16T08:00:00Z,64.22,64.22,65.08,64.07,48.1,89.68,113.1,53.7,59.4
2025-09-16,11,2025-09-16T08:00:00Z,2025-09-16T09:00:00Z,36.17,36.17,45.3,80.0,-2.32,80.0,149.8,79.9,69.9
2025-09-16,12,2025-09-16T09:00:00Z,2025-09-16T10:00:00Z,48.35,48.35,46.48,45.01,8.0,80.0,244.0,123.9,120.1
2025-09-16,13,2025-09-16T10:00:00Z,2025-09-16T11:00:00Z,59.9,59.9,64.7,98.05,7.24,103.91,365.0,216.0,149.0
2025-09-16,14,2025-09-16T11:00:00Z,2025-09-16T12:00:00Z,60.95,60.95,68.29,86.02,4.62,109.55,316.9,201.5,115.4
2025-09-16,15,2025-09-16T12:00:00Z,2025-09-16T13:00:00Z,73.87,73.87,74.97,85.4,34.94,94.98,554.0,292.0,262.0
2025-09-16,16,2025-09-16T13:00:00Z,2025-09-16T14:00:00Z,82.5,82.5,83.14,129.99,-6.01,129.99,402.6,181.5,221.1
2025-09-16,17,2025-09-16T14:00:00Z,2025-09-16T15:00:00Z,69.12,69.12,68.69,88.99,18.46,104.7,167.6,128.6,39.0
2025-09-16,18,2025-09-16T15:00:00Z,2025-09-16T16:00:00Z,95.25,95.25,101.1,89.33,60.0,136.9,85.8,65.1,20.7
2025-09-16,19,2025-09-16T16:00:00Z,2025-09-16T17:00:00Z,39.96,39.96,39.62,25.0,25.0,48.46,45.0,22.5,22.5
2025-09-16,20,2025-09-16T17:00:00Z,2025-09-16T18:00:00Z,107.45,107.45,109.87,105.0,70.01,135.0,42.2,21.1,21.1
2025-09-16,21,2025-09-16T18:00:00Z,2025-09-16T19:00:00Z,115.2,115.2,119.25,70.0,70.0,136.0,195.5,21.0,174.5
2025-09-16,22,2025-09-16T19:00:00Z,2025-09-16T20:00:00Z,42.34,42.34,49.64,53.82,12.01,70.0,67.0,33.5,33.5
2025-09-16,23,2025-09-16T20:00:00Z,2025-09-16T21:00:00Z,91.49,91.49,87.34,53.62,53.62,100.0,81.1,20.2,60.9
2025-09-16,24,2025-09-16T21:00:00Z,2025-09-16T22:00:00Z,68.58,68.58,66.79,60.0,54.8,90.59,70.3,26.9,43.4
2025-09-17,1,2025-09-16T22:00:00Z,2025-09-16T23:00:00Z,71.93,71.93,70.62,74.23,55.0,74.23,40.6,13.2,27.4
2025-09-17,2,2025-09-16T23:00:00Z,2025-09-17T00:00:00Z,65.52,65.52,66.78,76.0,62.7,76.0,9.6,1.3,8.3
2025-09-17,3,2025-09-17T00:00:00Z,2025-09-17T01:00:00Z,64.08,64.08,64.09,79.01,46.02,79.01,40.8,6.7,34.1
2025-09-17,4,2025-09-17T01:00:00Z,2025-09-17T02:00:00Z,58.47,58.47,56.42,49.01,46.07,74.42,45.7,13.8,31.9
2025-09-17,5,2025-09-17T02:00:00Z,2025-09-17T03:00:00Z,55.86,55.86,53.45,57.0,16.18,71.39,97.3,32.3,65.0
2025-09-17,6,2025-09-17T03:00:00Z,2025-09-17T04:00:00Z,75.0,75.0,75.0,75.0,75.0,75.0,24.2,15.6,8.6
2025-09-17,7,2025-09-17T04:00:00Z,2025-09-17T05:00:00Z,116.34,116.34,118.89,125.59,68.87,131.8,51.3,31.2,20.1
2025-09-17,8,2025-09-17T05:00:00Z,2025-09-17T06:00:00Z,132.28,132.28,132.69,135.55,72.3,145.4,147.6,26.0,121.6
2025-09-17,9,2025-09-17T06:00:00Z,2025-09-17T07:00:00Z,127.19,127.19,128.44,123.06,117.29,141.59,98.5,14.0,84.5
2025-09-17,10,2025-09-17T07:00:00Z,2025-09-17T08:00:00Z,109.86,109.86,106.46,50.0,50.0,142.98,46.6,18.9,27.7
2025-09-17,11,2025-09-17T08:00:00Z,2025-09-17T09:00:00Z,56.28,56.28,56.27,41.0,41.0,70.51,282.2,140.0,142.2
2025-09-17,12,2025-09-17T09:00:00Z,2025-09-17T10:00:00Z,45.75,45.75,45.63,49.9,30.65,76.2,514.8,310.5,204.3
2025-09-17,13,2025-09-17T10:00:00Z,2025-09-17T11:00:00Z,19.72,19.72,19.78,30.0,5.16,53.9,584.2,309.1,275.1
2025-09-17,14,2025-09-17T11:00:00Z,2025-09-17T12:00:00Z,20.18,20.18,22.02,-1.0,-1.0,52.01,625.9,351.9,274.0
2025-09-17,15,2025-09-17T12:00:00Z,2025-09-17T13:00:00Z,29.02,29.02,28.12,75.0,6.03,75.0,817.0,454.5,362.5
2025-09-17,16,2025-09-17T13:00:00Z,2025-09-17T14:00:00Z,58.8,58.8,60.13,74.0,40.05,79.27,477.7,318.0,159.7
2025-09-17,17,2025-09-17T14:00:00Z,2025-09-17T15:00:00Z,88.82,88.82,89.22,81.02,81.02,95.74,163.5,71.6,91.9
2025-09-17,18,2025-09-17T15:00:00Z,2025-09-17T16:00:00Z,99.87,99.87,99.26,80.0,80.0,110.8,185.0,61.9,123.1
2025-09-17,19,2025-09-17T16:00:00Z,2025-09-17T17:00:00Z,127.23,127.23,124.71,113.7,113.31,181.49,306.3,62.9,243.4
2025-09-17,20,2025-09-17T17:00:00Z,2025-09-17T18:00:00Z,243.93,243.93,239.62,215.11,213.73,268.15,362.6,86.0,276.6
2025-09-17,21,2025-09-17T18:00:00Z,2025-09-17T19:00:00Z,149.77,149.77,148.07,143.61,127.22,176.11,293.9,57.0,236.9
2025-09-17,22,2025-09-17T19:00:00Z,2025-09-17T20:00:00Z,103.87,103.87,102.62,90.0,90.0,111.1,324.5,62.0,262.5
2025-09-17,23,2025-09-17T20:00:00Z,2025-09-17T21:00:00Z,86.23,86.23,85.28,97.0,72.78,98.0,98.2,34.0,64.2
2025-09-17,24,2025-09-17T21:00:00Z,2025-09-17T22:00:00Z,74.85,74.85,74.25,84.12,50.96,88.32,81.5,29.3,52.2
2025-09-18,1,2025-09-17T22:00:00Z,2025-09-17T23:00:00Z,61.44,61.44,62.29,64.0,57.27,71.03,54.2,8.4,45.8
2025-09-18,2,2025-09-17T23:00:00Z,2025-09-18T00:00:00Z,59.92,59.92,58.07,54.65,54.5,66.05,45.9,11.7,34.2
2025-09-18,3,2025-09-18T00:00:00Z,2025-09-18T01:00:00Z,45.72,45.72,45.34,49.97,39.04,59.03,399.9,370.7,29.2
2025-09-18,4,2025-09-18T01:00:00Z,2025-09-18T02:00:00Z,43.52,43.52,43.64,14.16,14.16,54.8,118.3,73.6,44.7
2025-09-18,5,2025-09-18T02:00:00Z,2025-09-18T03:00:00Z,39.81,39.81,44.36,29.02,20.57,60.0,120.9,77.8,43.1
2025-09-18,6,2025-09-18T03:00:00Z,2025-09-18T04:00:00Z,70.07,70.07,67.71,56.77,43.68,83.0,21.7,6.7,15.0
2025-09-18,7,2025-09-18T04:00:00Z,2025-09-18T05:00:00Z,98.0,98.0,99.73,70.0,70.0,115.68,134.5,34.5,100.0
2025-09-18,8,2025-09-18T05:00:00Z,2025-09-18T06:00:00Z,124.81,124.81,125.38,115.0,115.0,141.98,153.2,18.2,135.0
2025-09-18,9,2025-09-18T06:00:00Z,2025-09-18T07:00:00Z,107.59,107.59,106.25,102.8,100.0,115.0,124.3,20.9,103.4
2025-09-18,10,2025-09-18T07:00:00Z,2025-09-18T08:00:00Z,82.35,82.35,81.93,74.0,73.6,89.48,254.9,42.3,212.6
2025-09-18,11,2025-09-18T08:00:00Z,2025-09-18T09:00:00Z,44.69,44.69,42.91,36.22,29.1,67.15,324.2,212.2,112.0
2025-09-18,12,2025-09-18T09:00:00Z,2025-09-18T10:00:00Z,0.67,0.67,1.06,1.75,-5.52,11.3,243.4,156.7,86.7
2025-09-18,13,2025-09-18T10:00:00Z,2025-09-18T11:00:00Z,-5.25,-5.25,-4.76,0.0,-10.16,0.81,303.2,112.2,191.0
2025-09-18,14,2025-09-18T11:00:00Z,2025-09-18T12:00:00Z,-5.89,-5.89,-4.81,-4.7,-12.51,8.9,342.7,130.9,211.8
2025-09-18,15,2025-09-18T12:00:00Z,2025-09-18T13:00:00Z,-6.45,-6.45,-6.3,-0.55,-14.0,0.26,359.1,178.2,180.9
2025-09-18,16,2025-09-18T13:00:00Z,2025-09-18T14:00:00Z,8.14,8.14,7.85,-0.01,-0.84,19.99,380.6,211.4,169.2
2025-09-18,17,2025-09-18T14:00:00Z,2025-09-18T15:00:00Z,68.58,68.58,71.92,76.18,60.0,98.31,145.2,79.7,65.5
2025-09-18,18,2025-09-18T15:00:00Z,2025-09-18T16:00:00Z,112.77,112.77,112.09,70.05,70.05,133.28,138.4,29.6,108.8
2025-09-18,19,2025-09-18T16:00:00Z,2025-09-18T17:00:00Z,148.85,148.85,140.37,131.27,120.74,208.0,348.0,88.8,259.2
2025-09-18,20,2025-09-18T17:00:00Z,2025-09-18T18:00:00Z,203.49,203.49,191.08,241.0,147.02,244.49,425.4,118.1,307.3
2025-09-18,21,2025-09-18T18:00:00Z,2025-09-18T19:00:00Z,154.45,154.45,148.46,145.69,132.92,214.0,278.4,49.1,229.3
2025-09-18,22,2025-09-18T19:00:00Z,2025-09-18T20:00:00Z,105.13,105.13,105.63,106.42,99.71,109.65,225.8,68.8,157.0
2025-09-18,23,2025-09-18T20:00:00Z,2025-09-18T21:00:00Z,81.27,81.27,74.57,60.06,52.27,93.18,117.9,81.5,36.4
2025-09-18,24,2025-09-18T21:00:00Z,2025-09-18T22:00:00Z,76.04,76.04,75.7,78.0,64.67,84.1,151.1,56.0,95.1
2025-09-19,1,2025-09-18T22:00:00Z,2025-09-18T23:00:00Z,56.73,56.73,61.12,45.0,30.0,75.0,16.6,10.7,5.9
2025-09-19,2,2025-09-18T23:00:00Z,2025-09-19T00:00:00Z,66.95,66.95,67.3,66.0,55.54,80.0,130.1,113.6,16.5
2025-09-19,3,2025-09-19T00:00:00Z,2025-09-19T01:00:00Z,64.62,64.62,61.06,44.48,44.48,80.0,46.6,20.9,25.7
2025-09-19,4,2025-09-19T01:00:00Z,2025-09-19T02:00:00Z,62.94,62.94,58.87,39.94,25.0,80.0,191.1,168.5,22.6
2025-09-19,5,2025-09-19T02:00:00Z,2025-09-19T03:00:00Z,59.53,59.53,53.8,22.0,22.0,80.0,62.9,44.4,18.5
2025-09-19,6,2025-09-19T03:00:00Z,2025-09-19T04:00:00Z,68.54,68.54,62.32,36.8,34.65,89.14,50.2,48.7,1.5
2025-09-19,7,2025-09-19T04:00:00Z,2025-09-19T05:00:00Z,124.34,124.34,133.77,144.44,85.58,170.85,60.2,31.7,28.5
2025-09-19,8,2025-09-19T05:00:00Z,2025-09-19T06:00:00Z,172.87,172.87,170.73,150.0,145.01,232.6,226.7,52.7,174.0
2025-09-19,9,2025-09-19T06:00:00Z,2025-09-19T07:00:00Z,126.61,126.61,125.86,122.45,116.73,158.92,302.5,83.2,219.3
2025-09-19,10,2025-09-19T07:00:00Z,2025-09-19T08:00:00Z,92.72,92.72,93.0,96.07,86.03,100.0,105.2,63.7,41.5
2025-09-19,11,2025-09-19T08:00:00Z,2025-09-19T09:00:00Z,60.59,60.59,60.96,65.31,50.14,69.09,486.6,326.0,160.6
2025-09-19,12,2025-09-19T09:00:00Z,2025-09-19T10:00:00Z,19.44,19.44,19.62,49.28,12.01,49.28,404.4,235.0,169.4
2025-09-19,13,2025-09-19T10:00:00Z,2025-09-19T11:00:00Z,-1.29,-1.29,-2.57,-30.01,-49.99,13.94,293.5,162.9,130.6
2025-09-19,14,2025-09-19T11:00:00Z,2025-09-19T12:00:00Z,-1.18,-1.18,-1.49,-1.15,-12.39,12.0,224.1,110.1,114.0
2025-09-19,15,2025-09-19T12:00:00Z,2025-09-19T13:00:00Z,-1.39,-1.39,-1.39,-2.06,-14.18,11.67,222.3,114.2,108.1
2025-09-19,16,2025-09-19T13:00:00Z,2025-09-19T14:00:00Z,20.33,20.33,18.46,16.0,11.5,36.96,192.6,125.4,67.2
2025-09-19,17,2025-09-19T14:00:00Z,2025-09-19T15:00:00Z,70.97,70.97,70.58,70.0,61.53,83.0,126.6,60.0,66.6
2025-09-19,18,2025-09-19T15:00:00Z,2025-09-19T16:00:00Z,111.99,111.99,110.68,107.12,101.0,142.29,203.0,60.4,142.6
2025-09-19,19,2025-09-19T16:00:00Z,2025-09-19T17:00:00Z,236.51,236.51,235.8,200.41,185.86,261.3,294.8,72.4,222.4
2025-09-19,20,2025-09-19T17:00:00Z,2025-09-19T18:00:00Z,392.15,392.15,393.48,480.0,345.0,550.0,327.8,126.1,201.7
2025-09-19,21,2025-09-19T18:00:00Z,2025-09-19T19:00:00Z,142.19,142.19,140.39,150.0,129.09,172.39,231.7,69.6,162.1
2025-09-19,22,2025-09-19T19:00:00Z,2025-09-19T20:00:00Z,131.94,131.94,111.85,112.31,95.0,240.0,302.4,105.4,197.0
2025-09-19,23,2025-09-19T20:00:00Z,2025-09-19T21:00:00Z,87.24,87.24,86.81,100.0,74.67,100.0,390.0,47.1,342.9
2025-09-19,24,2025-09-19T21:00:00Z,2025-09-19T22:00:00Z,83.07,83.07,83.36,83.45,79.01,87.2,72.0,30.0,42.0
2025-09-20,1,2025-09-19T22:00:00Z,2025-09-19T23:00:00Z,89.56,89.56,93.57,85.0,83.8,100.5,59.2,48.3,10.9
2025-09-20,2,2025-09-19T23:00:00Z,2025-09-20T00:00:00Z,82.49,82.49,83.57,83.0,75.88,89.49,54.6,31.8,22.8
2025-09-20,3,2025-09-20T00:00:00Z,2025-09-20T01:00:00Z,78.15,78.15,79.53,73.0,72.95,87.2,65.4,43.5,21.9
2025-09-20,4,2025-09-20T01:00:00Z,2025-09-20T02:00:00Z,72.93,72.93,74.35,68.5,67.36,86.5,70.6,52.5,18.1
2025-09-20,5,2025-09-20T02:00:00Z,2025-09-20T03:00:00Z,71.97,71.97,69.82,65.76,64.6,85.59,83.9,54.0,29.9
2025-09-20,6,2025-09-20T03:00:00Z,2025-09-20T04:00:00Z,73.9,73.9,74.33,75.25,66.32,92.16,95.1,67.1,28.0
2025-09-20,7,2025-09-20T04:00:00Z,2025-09-20T05:00:00Z,77.04,77.04,77.44,77.74,68.04,93.58,51.9,35.3,16.6
2025-09-20,8,2025-09-20T05:00:00Z,2025-09-20T06:00:00Z,78.91,78.91,78.44,78.57,76.7,81.2,25.7,5.7,20.0
2025-09-20,9,2025-09-20T06:00:00Z,2025-09-20T07:00:00Z,61.82,61.82,62.11,60.01,57.9,65.4,136.3,51.0,85.3
2025-09-20,10,2025-09-20T07:00:00Z,2025-09-20T08:00:00Z,14.44,14.44,12.76,22.16,8.8,25.0,105.1,70.0,35.1
2025-09-20,11,2025-09-20T08:00:00Z,2025-09-20T09:00:00Z,-7.63,-7.63,-8.06,-5.0,-19.91,-4.01,147.5,109.9,37.6
2025-09-20,12,2025-09-20T09:00:00Z,2025-09-20T10:00:00Z,-12.19,-12.19,-12.64,-13.0,-23.88,-8.0,134.9,84.4,50.5
2025-09-20,13,2025-09-20T10:00:00Z,2025-09-20T11:00:00Z,-29.5,-29.5,-29.75,-49.83,-49.83,-15.0,235.3,138.2,97.1
2025-09-20,14,2025-09-20T11:00:00Z,2025-09-20T12:00:00Z,-31.85,-31.85,-32.46,-49.89,-49.89,-18.0,161.3,102.9,58.4
2025-09-20,15,2025-09-20T12:00:00Z,2025-09-20T13:00:00Z,-22.48,-22.48,-23.24,-10.0,-39.99,-10.0,165.3,101.2,64.1
2025-09-20,16,2025-09-20T13:00:00Z,2025-09-20T14:00:00Z,-5.64,-5.64,-4.89,0.0,-10.58,3.2,123.0,72.2,50.8
2025-09-20,17,2025-09-20T14:00:00Z,2025-09-20T15:00:00Z,36.89,36.89,38.67,37.52,29.0,47.2,81.1,23.3,57.8
2025-09-20,18,2025-09-20T15:00:00Z,2025-09-20T16:00:00Z,92.78,92.78,93.02,73.57,73.57,103.95,374.5,38.5,336.0
2025-09-20,19,2025-09-20T16:00:00Z,2025-09-20T17:00:00Z,127.11,127.11,124.86,122.86,110.22,135.21,293.8,62.5,231.3
2025-09-20,20,2025-09-20T17:00:00Z,2025-09-20T18:00:00Z,133.86,133.86,132.5,145.37,118.9,145.37,308.4,92.9,215.5
2025-09-20,21,2025-09-20T18:00:00Z,2025-09-20T19:00:00Z,110.34,110.34,111.69,124.85,93.56,140.0,360.2,120.8,239.4
2025-09-20,22,2025-09-20T19:00:00Z,2025-09-20T20:00:00Z,82.73,82.73,77.8,84.0,74.69,84.0,27.8,12.0,15.8
2025-09-20,23,2025-09-20T20:00:00Z,2025-09-20T21:00:00Z,67.98,67.98,67.77,43.99,43.99,80.28,71.8,30.0,41.8
2025-09-20,24,2025-09-20T21:00:00Z,2025-09-20T22:00:00Z,48.64,48.64,50.07,30.4,30.4,58.69,275.4,51.2,224.2
2025-09-21,1,2025-09-20T22:00:00Z,2025-09-20T23:00:00Z,38.02,38.02,34.29,41.39,15.0,41.9,23.7,1.7,22.0
2025-09-21,2,2025-09-20T23:00:00Z,2025-09-21T00:00:00Z,13.91,13.91,13.09,20.0,0.09,20.0,81.6,8.6,73.0
2025-09-21,3,2025-09-21T00:00:00Z,2025-09-21T01:00:00Z,6.82,6.82,5.68,0.0,0.0,10.01,38.4,13.6,24.8
2025-09-21,4,2025-09-21T01:00:00Z,2025-09-21T02:00:00Z,5.02,5.02,4.56,7.13,1.0,7.13,82.0,27.7,54.3
2025-09-21,5,2025-09-21T02:00:00Z,2025-09-21T03:00:00Z,4.0,4.0,3.81,11.43,1.64,11.43,70.5,21.2,49.3
2025-09-21,6,2025-09-21T03:00:00Z,2025-09-21T04:00:00Z,9.07,9.07,9.93,17.74,1.1,17.74,80.2,22.6,57.6
2025-09-21,7,2025-09-21T04:00:00Z,2025-09-21T05:00:00Z,93.03,93.03,79.17,148.0,5.13,148.0,106.2,50.6,55.6
2025-09-21,8,2025-09-21T05:00:00Z,2025-09-21T06:00:00Z,22.05,22.05,22.66,27.8,15.2,29.2,50.6,22.2,28.4
2025-09-21,9,2025-09-21T06:00:00Z,2025-09-21T07:00:00Z,5.58,5.58,3.72,-4.99,-5.0,10.0,105.7,75.9,29.8
2025-09-21,10,2025-09-21T07:00:00Z,2025-09-21T08:00:00Z,0.41,0.41,0.22,-9.99,-9.99,4.46,666.1,589.6,76.5
2025-09-21,11,2025-09-21T08:00:00Z,2025-09-21T09:00:00Z,-11.22,-11.22,-12.04,-48.89,-48.89,-3.65,612.1,426.6,185.5
2025-09-21,12,2025-09-21T09:00:00Z,2025-09-21T10:00:00Z,-27.04,-27.04,-33.01,-39.9,-50.68,-14.62,233.7,92.4,141.3
2025-09-21,13,2025-09-21T10:00:00Z,2025-09-21T11:00:00Z,-33.7,-33.7,-32.73,-6.38,-53.0,-6.38,342.6,166.9,175.7
2025-09-21,14,2025-09-21T11:00:00Z,2025-09-21T12:00:00Z,-36.21,-36.21,-35.87,-41.0,-53.5,-10.87,277.5,132.8,144.7
2025-09-21,15,2025-09-21T12:00:00Z,2025-09-21T13:00:00Z,-26.09,-26.09,-27.78,-47.89,-48.04,-2.1,341.9,174.2,167.7
2025-09-21,16,2025-09-21T13:00:00Z,2025-09-21T14:00:00Z,-14.36,-14.36,-16.18,-39.69,-39.99,-4.37,327.9,175.1,152.8
2025-09-21,17,2025-09-21T14:00:00Z,2025-09-21T15:00:00Z,4.77,4.77,4.33,2.85,-1.7,9.48,302.5,272.0,30.5
2025-09-21,18,2025-09-21T15:00:00Z,2025-09-21T16:00:00Z,68.29,68.29,62.02,1.01,1.0,82.47,79.6,55.4,24.2
2025-09-21,19,2025-09-21T16:00:00Z,2025-09-21T17:00:00Z,100.58,100.58,100.74,105.01,93.37,110.54,290.1,84.5,205.6
2025-09-21,20,2025-09-21T17:00:00Z,2025-09-21T18:00:00Z,112.87,112.87,112.67,110.08,107.28,119.0,211.6,62.1,149.5
2025-09-21,21,2025-09-21T18:00:00Z,2025-09-21T19:00:00Z,106.58,106.58,106.58,100.91,97.0,114.7,197.8,39.8,158.0
2025-09-21,22,2025-09-21T19:00:00Z,2025-09-21T20:00:00Z,96.17,96.17,96.41,95.58,91.8,101.88,68.3,3.3,65.0
2025-09-21,23,2025-09-21T20:00:00Z,2025-09-21T21:00:00Z,92.28,92.28,91.69,85.27,84.62,95.44,170.7,10.1,160.6
2025-09-21,24,2025-09-21T21:00:00Z,2025-09-21T22:00:00Z,83.06,83.06,83.57,74.65,74.55,89.0,82.1,15.6,66.5
2025-09-22,1,2025-09-21T22:00:00Z,2025-09-21T23:00:00Z,75.04,75.04,74.68,72.0,72.0,81.89,49.3,8.4,40.9
2025-09-22,2,2025-09-21T23:00:00Z,2025-09-22T00:00:00Z,74.58,74.58,74.48,66.0,65.89,81.0,60.0,8.5,51.5
2025-09-22,3,2025-09-22T00:00:00Z,2025-09-22T01:00:00Z,71.29,71.29,72.13,62.88,62.88,77.91,59.5,1.5,58.0
2025-09-22,4,2025-09-22T01:00:00Z,2025-09-22T02:00:00Z,71.17,71.17,72.56,63.2,63.1,76.46,116.5,36.5,80.0
2025-09-22,5,2025-09-22T02:00:00Z,2025-09-22T03:00:00Z,72.22,72.22,71.58,58.0,58.0,77.57,85.2,21.7,63.5
2025-09-22,6,2025-09-22T03:00:00Z,2025-09-22T04:00:00Z,89.47,89.47,89.11,91.1,85.17,94.45,72.8,17.9,54.9
2025-09-22,7,2025-09-22T04:00:00Z,2025-09-22T05:00:00Z,113.06,113.06,113.54,103.76,103.11,119.1,54.0,19.0,35.0
2025-09-22,8,2025-09-22T05:00:00Z,2025-09-22T06:00:00Z,118.73,118.73,119.92,120.0,114.3,130.05,41.0,20.1,20.9
2025-09-22,9,2025-09-22T06:00:00Z,2025-09-22T07:00:00Z,98.95,98.95,98.03,77.07,75.4,121.2,80.9,30.3,50.6
2025-09-22,10,2025-09-22T07:00:00Z,2025-09-22T08:00:00Z,82.91,82.91,82.36,98.99,74.4,98.99,152.4,65.3,87.1
2025-09-22,11,2025-09-22T08:00:00Z,2025-09-22T09:00:00Z,62.99,62.99,59.56,72.64,47.0,76.51,104.5,60.0,44.5
2025-09-22,12,2025-09-22T09:00:00Z,2025-09-22T10:00:00Z,55.59,55.59,57.74,63.84,33.0,75.0,628.0,551.9,76.1
2025-09-22,13,2025-09-22T10:00:00Z,2025-09-22T11:00:00Z,51.61,51.61,50.9,43.01,38.61,60.0,220.6,114.1,106.5
2025-09-22,14,2025-09-22T11:00:00Z,2025-09-22T12:00:00Z,35.11,35.11,33.6,17.51,10.04,59.53,233.5,129.1,104.4
2025-09-22,15,2025-09-22T12:00:00Z,2025-09-22T13:00:00Z,54.19,54.19,53.62,50.0,19.77,68.77,268.9,170.4,98.5
2025-09-22,16,2025-09-22T13:00:00Z,2025-09-22T14:00:00Z,82.07,82.07,83.76,61.56,60.0,101.89,198.1,96.6,101.5
2025-09-22,17,2025-09-22T14:00:00Z,2025-09-22T15:00:00Z,98.36,98.36,101.96,101.0,90.04,115.46,52.4,12.2,40.2
2025-09-22,18,2025-09-22T15:00:00Z,2025-09-22T16:00:00Z,103.29,103.29,111.57,100.0,80.08,130.18,31.2,17.6,13.6
2025-09-22,19,2025-09-22T16:00:00Z,2025-09-22T17:00:00Z,115.11,115.11,116.59,112.4,105.0,140.0,116.1,47.7,68.4
2025-09-22,20,2025-09-22T17:00:00Z,2025-09-22T18:00:00Z,315.61,315.61,314.9,355.0,287.07,355.0,331.6,115.9,215.7
2025-09-22,21,2025-09-22T18:00:00Z,2025-09-22T19:00:00Z,163.9,163.9,164.94,170.0,148.09,186.75,327.3,107.7,219.6
2025-09-22,22,2025-09-22T19:00:00Z,2025-09-22T20:00:00Z,115.2,115.2,114.51,124.0,109.31,124.0,129.4,42.4,87.0
2025-09-22,23,2025-09-22T20:00:00Z,2025-09-22T21:00:00Z,104.06,104.06,102.51,98.02,98.0,110.43,77.4,43.9,33.5
2025-09-22,24,2025-09-22T21:00:00Z,2025-09-22T22:00:00Z,92.81,92.81,95.27,104.0,84.02,104.0,77.1,46.5,30.6
2025-09-23,1,2025-09-22T22:00:00Z,2025-09-22T23:00:00Z,99.56,99.56,99.56,89.0,89.0,110.12,3.0,1.5,1.5
2025-09-23,2,2025-09-22T23:00:00Z,2025-09-23T00:00:00Z,88.57,88.57,87.6,88.0,86.0,89.0,13.6,0.2,13.4
2025-09-23,3,2025-09-23T00:00:00Z,2025-09-23T01:00:00Z,87.92,87.92,88.05,90.0,85.85,91.4,27.4,5.3,22.1
2025-09-23,4,2025-09-23T01:00:00Z,2025-09-23T02:00:00Z,89.48,89.48,89.9,88.44,87.19,92.6,33.1,10.1,23.0
2025-09-23,5,2025-09-23T02:00:00Z,2025-09-23T03:00:00Z,85.7,85.7,86.55,90.5,74.0,90.5,69.1,29.6,39.5
2025-09-23,6,2025-09-23T03:00:00Z,2025-09-23T04:00:00Z,104.46,104.46,103.79,102.0,101.62,108.49,29.4,24.2,5.2
2025-09-23,7,2025-09-23T04:00:00Z,2025-09-23T05:00:00Z,133.06,133.06,133.28,128.6,128.5,142.79,57.7,36.4,21.3
2025-09-23,8,2025-09-23T05:00:00Z,2025-09-23T06:00:00Z,187.68,187.68,188.33,180.5,173.9,204.8,124.8,26.9,97.9
2025-09-23,9,2025-09-23T06:00:00Z,2025-09-23T07:00:00Z,178.99,178.99,179.57,151.14,151.14,190.22,353.6,57.6,296.0
2025-09-23,10,2025-09-23T07:00:00Z,2025-09-23T08:00:00Z,117.88,117.88,117.49,128.25,112.03,128.25,102.7,51.0,51.7
2025-09-23,11,2025-09-23T08:00:00Z,2025-09-23T09:00:00Z,77.2,77.2,78.18,65.0,56.1,94.82,379.5,208.8,170.7
2025-09-23,12,2025-09-23T09:00:00Z,2025-09-23T10:00:00Z,68.67,68.67,66.47,73.0,51.99,76.04,246.5,157.9,88.6
2025-09-23,13,2025-09-23T10:00:00Z,2025-09-23T11:00:00Z,71.77,71.77,71.48,80.0,60.93,85.06,222.7,135.8,86.9
2025-09-23,14,2025-09-23T11:00:00Z,2025-09-23T12:00:00Z,77.28,77.28,76.25,105.0,66.84,105.0,222.8,147.0,75.8
2025-09-23,15,2025-09-23T12:00:00Z,2025-09-23T13:00:00Z,92.39,92.39,88.38,139.05,68.11,145.0,233.8,149.3,84.5
2025-09-23,16,2025-09-23T13:00:00Z,2025-09-23T14:00:00Z,102.01,102.01,103.05,100.0,90.0,119.98,376.8,177.5,199.3
2025-09-23,17,2025-09-23T14:00:00Z,2025-09-23T15:00:00Z,118.66,118.66,118.38,114.1,113.6,127.86,194.0,85.8,108.2
2025-09-23,18,2025-09-23T15:00:00Z,2025-09-23T16:00:00Z,152.56,152.56,155.06,150.0,149.7,171.15,189.1,87.7,101.4
2025-09-23,19,2025-09-23T16:00:00Z,2025-09-23T17:00:00Z,186.28,186.28,188.55,157.0,150.01,239.9,261.4,85.2,176.2
2025-09-23,20,2025-09-23T17:00:00Z,2025-09-23T18:00:00Z,359.79,359.79,360.74,279.06,279.06,409.97,242.1,67.4,174.7
2025-09-23,21,2025-09-23T18:00:00Z,2025-09-23T19:00:00Z,157.69,157.69,154.5,173.4,130.0,175.31,231.6,79.1,152.5
2025-09-23,22,2025-09-23T19:00:00Z,2025-09-23T20:00:00Z,112.61,112.61,113.39,110.0,100.0,130.81,85.4,35.3,50.1
2025-09-23,23,2025-09-23T20:00:00Z,2025-09-23T21:00:00Z,98.07,98.07,96.27,90.06,88.01,114.6,158.0,84.2,73.8
2025-09-23,24,2025-09-23T21:00:00Z,2025-09-23T22:00:00Z,87.39,87.39,87.19,83.95,82.71,100.88,160.5,96.6,63.9
2025-09-24,1,2025-09-23T22:00:00Z,2025-09-23T23:00:00Z,77.86,77.86,74.91,83.5,64.33,84.0,44.4,6.5,37.9
2025-09-24,2,2025-09-23T23:00:00Z,2025-09-24T00:00:00Z,80.61,80.61,80.58,80.29,79.17,81.55,42.3,0.0,42.3
2025-09-24,3,2025-09-24T00:00:00Z,2025-09-24T01:00:00Z,78.91,78.91,75.28,64.0,-55.97,81.5,70.0,10.6,59.4
2025-09-24,4,2025-09-24T01:00:00Z,2025-09-24T02:00:00Z,73.4,73.4,74.86,74.0,62.01,79.07,79.1,10.8,68.3
2025-09-24,5,2025-09-24T02:00:00Z,2025-09-24T03:00:00Z,82.51,82.51,83.39,82.0,79.91,86.38,94.0,20.1,73.9
2025-09-24,6,2025-09-24T03:00:00Z,2025-09-24T04:00:00Z,83.44,83.44,82.66,80.75,78.3,86.52,51.7,9.9,41.8
2025-09-24,7,2025-09-24T04:00:00Z,2025-09-24T05:00:00Z,105.15,105.15,104.68,109.23,101.39,114.99,140.7,15.7,125.0
2025-09-24,8,2025-09-24T05:00:00Z,2025-09-24T06:00:00Z,128.74,128.74,131.2,120.0,111.56,140.0,93.9,16.4,77.5
2025-09-24,9,2025-09-24T06:00:00Z,2025-09-24T07:00:00Z,118.34,118.34,118.26,119.93,100.88,132.56,251.2,41.1,210.1
2025-09-24,10,2025-09-24T07:00:00Z,2025-09-24T08:00:00Z,92.49,92.49,94.14,103.0,76.48,106.58,152.6,64.6,88.0
2025-09-24,11,2025-09-24T08:00:00Z,2025-09-24T09:00:00Z,105.48,105.48,103.29,40.68,40.68,114.5,231.9,139.1,92.8
2025-09-24,12,2025-09-24T09:00:00Z,2025-09-24T10:00:00Z,101.05,101.05,104.13,156.47,41.42,156.47,181.7,88.0,93.7
2025-09-24,13,2025-09-24T10:00:00Z,2025-09-24T11:00:00Z,138.99,138.99,129.33,145.32,66.11,159.99,88.5,26.0,62.5
2025-09-24,14,2025-09-24T11:00:00Z,2025-09-24T12:00:00Z,144.17,144.17,129.52,158.0,42.0,160.5,294.4,108.4,186.0
2025-09-24,15,2025-09-24T12:00:00Z,2025-09-24T13:00:00Z,179.62,179.62,188.59,127.01,75.1,256.73,723.6,246.3,477.3
2025-09-24,16,2025-09-24T13:00:00Z,2025-09-24T14:00:00Z,164.88,164.88,163.64,199.99,90.34,250.0,339.7,120.9,218.8
2025-09-24,17,2025-09-24T14:00:00Z,2025-09-24T15:00:00Z,145.83,145.83,143.48,185.0,99.0,185.0,166.1,73.5,92.6
2025-09-24,18,2025-09-24T15:00:00Z,2025-09-24T16:00:00Z,98.73,98.73,100.64,104.62,85.35,126.0,289.0,160.3,128.7
2025-09-24,19,2025-09-24T16:00:00Z,2025-09-24T17:00:00Z,130.62,130.62,135.36,114.0,113.44,188.64,179.1,80.2,98.9
2025-09-24,20,2025-09-24T17:00:00Z,2025-09-24T18:00:00Z,128.81,128.81,143.75,147.8,75.0,187.48,112.4,38.5,73.9
2025-09-24,21,2025-09-24T18:00:00Z,2025-09-24T19:00:00Z,108.63,108.63,113.35,100.61,73.01,128.39,107.8,39.3,68.5
2025-09-24,22,2025-09-24T19:00:00Z,2025-09-24T20:00:00Z,92.33,92.33,90.57,76.03,75.91,101.06,268.5,137.5,131.0
2025-09-24,23,2025-09-24T20:00:00Z,2025-09-24T21:00:00Z,86.22,86.22,85.98,86.2,76.9,98.99,203.4,104.4,99.0
2025-09-24,24,2025-09-24T21:00:00Z,2025-09-24T22:00:00Z,89.17,89.17,87.01,94.0,68.94,199.99,153.3,69.3,84.0
2025-09-25,1,2025-09-24T22:00:00Z,2025-09-24T23:00:00Z,73.2,73.2,73.97,74.0,69.82,77.95,40.9,11.9,29.0
2025-09-25,2,2025-09-24T23:00:00Z,2025-09-25T00:00:00Z,69.24,69.24,69.87,80.0,64.62,84.0,281.9,242.9,39.0
2025-09-25,3,2025-09-25T00:00:00Z,2025-09-25T01:00:00Z,63.84,63.84,63.5,56.07,56.07,69.95,163.6,118.1,45.5
2025-09-25,4,2025-09-25T01:00:00Z,2025-09-25T02:00:00Z,64.55,64.55,64.32,56.21,56.21,69.24,153.5,110.4,43.1
2025-09-25,5,2025-09-25T02:00:00Z,2025-09-25T03:00:00Z,67.34,67.34,67.6,67.77,64.82,74.08,157.0,115.3,41.7
2025-09-25,6,2025-09-25T03:00:00Z,2025-09-25T04:00:00Z,84.65,84.65,84.33,85.01,81.0,89.77,35.7,12.0,23.7
2025-09-25,7,2025-09-25T04:00:00Z,2025-09-25T05:00:00Z,97.0,97.0,95.77,91.21,91.21,104.83,12.8,1.4,11.4
2025-09-25,8,2025-09-25T05:00:00Z,2025-09-25T06:00:00Z,124.54,124.54,127.05,132.7,122.32,132.7,9.3,7.0,2.3
2025-09-25,9,2025-09-25T06:00:00Z,2025-09-25T07:00:00Z,97.9,97.9,113.1,55.0,55.0,124.72,26.0,13.0,13.0
2025-09-25,10,2025-09-25T07:00:00Z,2025-09-25T08:00:00Z,66.34,66.34,63.02,98.99,45.0,98.99,15.2,7.6,7.6
2025-09-25,11,2025-09-25T08:00:00Z,2025-09-25T09:00:00Z,73.22,73.22,71.0,99.0,44.46,99.0,129.8,64.9,64.9
2025-09-25,12,2025-09-25T09:00:00Z,2025-09-25T10:00:00Z,136.06,136.06,136.56,221.91,24.0,221.91,154.7,65.6,89.1
2025-09-25,13,2025-09-25T10:00:00Z,2025-09-25T11:00:00Z,157.12,157.12,154.41,175.0,114.0,249.99,304.5,147.4,157.1
2025-09-25,14,2025-09-25T11:00:00Z,2025-09-25T12:00:00Z,162.21,162.21,161.79,160.0,80.0,194.8,321.9,112.6,209.3
2025-09-25,15,2025-09-25T12:00:00Z,2025-09-25T13:00:00Z,153.68,153.68,156.48,170.0,80.0,200.0,239.1,78.4,160.7
2025-09-25,16,2025-09-25T13:00:00Z,2025-09-25T14:00:00Z,156.35,156.35,159.28,175.0,90.0,197.6,196.6,78.4,118.2
2025-09-25,17,2025-09-25T14:00:00Z,2025-09-25T15:00:00Z,154.77,154.77,151.34,199.0,112.0,199.0,106.6,32.3,74.3
2025-09-25,18,2025-09-25T15:00:00Z,2025-09-25T16:00:00Z,150.46,150.46,149.76,145.0,115.0,184.98,269.3,116.5,152.8
2025-09-25,19,2025-09-25T16:00:00Z,2025-09-25T17:00:00Z,130.87,130.87,128.64,169.0,120.3,169.0,132.1,44.7,87.4
2025-09-25,20,2025-09-25T17:00:00Z,2025-09-25T18:00:00Z,152.01,152.01,153.68,179.99,135.5,179.99,103.8,19.5,84.3
2025-09-25,21,2025-09-25T18:00:00Z,2025-09-25T19:00:00Z,120.45,120.45,119.86,125.0,113.91,125.0,66.3,8.0,58.3
2025-09-25,22,2025-09-25T19:00:00Z,2025-09-25T20:00:00Z,86.15,86.15,88.11,108.46,70.31,108.46,18.7,9.6,9.1
2025-09-25,23,2025-09-25T20:00:00Z,2025-09-25T21:00:00Z,69.71,69.71,81.47,80.0,50.0,105.46,30.0,15.5,14.5
2025-09-25,24,2025-09-25T21:00:00Z,2025-09-25T22:00:00Z,77.37,77.37,82.01,104.0,57.0,160.0,31.6,15.8,15.8
2025-09-26,1,2025-09-25T22:00:00Z,2025-09-25T23:00:00Z,66.31,66.31,63.59,79.0,37.0,84.0,123.9,113.9,10.0
2025-09-26,2,2025-09-25T23:00:00Z,2025-09-26T00:00:00Z,69.13,69.13,63.87,50.0,15.0,82.0,160.2,126.9,33.3
2025-09-26,3,2025-09-26T00:00:00Z,2025-09-26T01:00:00Z,68.77,68.77,67.83,74.0,45.37,80.0,173.5,126.5,47.0
2025-09-26,4,2025-09-26T01:00:00Z,2025-09-26T02:00:00Z,64.96,64.96,68.05,74.0,34.67,84.0,142.2,111.1,31.1
2025-09-26,5,2025-09-26T02:00:00Z,2025-09-26T03:00:00Z,69.44,69.44,64.13,61.0,39.64,83.0,102.1,51.6,50.5
2025-09-26,6,2025-09-26T03:00:00Z,2025-09-26T04:00:00Z,76.37,76.37,68.31,58.92,35.0,89.74,56.9,46.7,10.2
2025-09-26,7,2025-09-26T04:00:00Z,2025-09-26T05:00:00Z,108.83,108.83,112.03,112.0,100.0,129.98,64.0,49.9,14.1
2025-09-26,8,2025-09-26T05:00:00Z,2025-09-26T06:00:00Z,107.86,107.86,110.59,116.34,85.92,122.0,60.8,53.0,7.8
2025-09-26,9,2025-09-26T06:00:00Z,2025-09-26T07:00:00Z,164.6,164.6,152.38,128.0,125.0,250.0,17.8,8.9,8.9
2025-09-26,10,2025-09-26T07:00:00Z,2025-09-26T08:00:00Z,173.79,173.79,169.69,215.64,120.0,274.96,66.6,33.3,33.3
2025-09-26,11,2025-09-26T08:00:00Z,2025-09-26T09:00:00Z,222.66,222.66,213.54,296.08,115.1,296.08,60.6,30.3,30.3
2025-09-26,12,2025-09-26T09:00:00Z,2025-09-26T10:00:00Z,273.49,273.49,254.06,309.0,110.12,313.34,49.4,24.7,24.7
2025-09-26,13,2025-09-26T10:00:00Z,2025-09-26T11:00:00Z,207.13,207.13,208.74,200.0,109.07,260.0,322.0,161.0,161.0
2025-09-26,14,2025-09-26T11:00:00Z,2025-09-26T12:00:00Z,201.85,201.85,192.87,165.0,105.0,250.0,179.8,89.9,89.9
2025-09-26,15,2025-09-26T12:00:00Z,2025-09-26T13:00:00Z,152.03,152.03,149.57,169.99,120.01,199.0,156.2,78.1,78.1
2025-09-26,16,2025-09-26T13:00:00Z,2025-09-26T14:00:00Z,149.72,149.72,147.17,142.51,95.0,194.5,96.2,48.1,48.1
2025-09-26,17,2025-09-26T14:00:00Z,2025-09-26T15:00:00Z,109.01,109.01,108.03,105.0,100.0,124.99,46.4,23.2,23.2
2025-09-26,18,2025-09-26T15:00:00Z,2025-09-26T16:00:00Z,102.83,102.83,97.75,60.0,60.0,111.0,75.2,37.6,37.6
2025-09-26,19,2025-09-26T16:00:00Z,2025-09-26T17:00:00Z,93.18,93.18,84.7,63.0,63.0,108.99,79.8,39.9,39.9
2025-09-26,20,2025-09-26T17:00:00Z,2025-09-26T18:00:00Z,134.12,134.12,134.03,124.91,123.3,150.0,103.5,30.8,72.7
2025-09-26,21,2025-09-26T18:00:00Z,2025-09-26T19:00:00Z,117.5,117.5,118.82,103.2,103.13,125.0,119.6,52.0,67.6
2025-09-26,22,2025-09-26T19:00:00Z,2025-09-26T20:00:00Z,87.9,87.9,84.53,60.0,60.0,107.0,124.6,66.7,57.9
2025-09-26,23,2025-09-26T20:00:00Z,2025-09-26T21:00:00Z,76.12,76.12,64.74,89.96,47.05,101.86,196.4,101.3,95.1
2025-09-26,24,2025-09-26T21:00:00Z,2025-09-26T22:00:00Z,65.19,65.19,61.49,52.12,39.69,94.42,238.9,158.1,80.8
2025-09-27,1,2025-09-26T22:00:00Z,2025-09-26T23:00:00Z,78.96,78.96,79.89,62.33,62.33,89.34,20.4,11.8,8.6
2025-09-27,2,2025-09-26T23:00:00Z,2025-09-27T00:00:00Z,79.77,79.77,82.28,88.15,70.0,88.27,38.4,7.8,30.6
2025-09-27,3,2025-09-27T00:00:00Z,2025-09-27T01:00:00Z,83.94,83.94,83.5,82.0,81.9,87.74,30.4,9.6,20.8
2025-09-27,4,2025-09-27T01:00:00Z,2025-09-27T02:00:00Z,84.18,84.18,86.15,92.51,81.63,92.51,47.9,14.7,33.2
2025-09-27,5,2025-09-27T02:00:00Z,2025-09-27T03:00:00Z,86.51,86.51,87.69,98.13,82.79,98.13,22.8,7.5,15.3
2025-09-27,6,2025-09-27T03:00:00Z,2025-09-27T04:00:00Z,98.85,98.85,98.11,97.0,87.82,104.11,16.4,11.2,5.2
2025-09-27,7,2025-09-27T04:00:00Z,2025-09-27T05:00:00Z,98.34,98.34,97.61,96.24,87.2,111.08,46.3,28.1,18.2
2025-09-27,8,2025-09-27T05:00:00Z,2025-09-27T06:00:00Z,94.26,94.26,95.33,91.0,79.99,111.0,76.1,42.4,33.7
2025-09-27,9,2025-09-27T06:00:00Z,2025-09-27T07:00:00Z,105.75,105.75,106.32,110.0,93.91,110.0,60.5,27.2,33.3
2025-09-27,10,2025-09-27T07:00:00Z,2025-09-27T08:00:00Z,98.23,98.23,97.39,96.99,85.0,104.8,180.1,104.8,75.3
2025-09-27,11,2025-09-27T08:00:00Z,2025-09-27T09:00:00Z,100.25,100.25,93.79,125.0,68.16,125.0,219.4,126.1,93.3
2025-09-27,12,2025-09-27T09:00:00Z,2025-09-27T10:00:00Z,76.49,76.49,77.23,60.0,57.73,100.0,285.6,210.6,75.0
2025-09-27,13,2025-09-27T10:00:00Z,2025-09-27T11:00:00Z,63.75,63.75,60.43,74.99,40.0,89.0,229.9,122.8,107.1
2025-09-27,14,2025-09-27T11:00:00Z,2025-09-27T12:00:00Z,44.44,44.44,44.88,35.0,27.63,56.0,371.4,211.8,159.6
2025-09-27,15,2025-09-27T12:00:00Z,2025-09-27T13:00:00Z,53.68,53.68,52.97,47.0,28.56,65.93,294.0,160.3,133.7
2025-09-27,16,2025-09-27T13:00:00Z,2025-09-27T14:00:00Z,74.32,74.32,68.83,30.09,30.0,91.46,127.2,49.8,77.4
2025-09-27,17,2025-09-27T14:00:00Z,2025-09-27T15:00:00Z,89.46,89.46,87.93,60.01,60.01,95.88,108.5,45.6,62.9
2025-09-27,18,2025-09-27T15:00:00Z,2025-09-27T16:00:00Z,104.39,104.39,103.2,108.0,90.34,113.53,124.5,65.2,59.3
2025-09-27,19,2025-09-27T16:00:00Z,2025-09-27T17:00:00Z,128.99,128.99,133.09,115.61,100.0,140.01,103.9,11.0,92.9
2025-09-27,20,2025-09-27T17:00:00Z,2025-09-27T18:00:00Z,141.8,141.8,142.94,132.4,121.18,164.92,173.3,18.7,154.6
2025-09-27,21,2025-09-27T18:00:00Z,2025-09-27T19:00:00Z,118.2,118.2,118.01,116.25,108.0,127.71,203.3,39.5,163.8
2025-09-27,22,2025-09-27T19:00:00Z,2025-09-27T20:00:00Z,108.19,108.19,107.75,105.5,80.0,118.0,133.8,43.7,90.1
2025-09-27,23,2025-09-27T20:00:00Z,2025-09-27T21:00:00Z,104.32,104.32,103.8,110.0,98.54,110.0,67.4,29.8,37.6
2025-09-27,24,2025-09-27T21:00:00Z,2025-09-27T22:00:00Z,85.92,85.92,83.99,87.99,50.0,101.99,112.8,51.2,61.6
2025-09-28,1,2025-09-27T22:00:00Z,2025-09-27T23:00:00Z,97.05,97.05,101.91,94.0,93.6,104.0,50.1,35.0,15.1
2025-09-28,2,2025-09-27T23:00:00Z,2025-09-28T00:00:00Z,96.14,96.14,97.62,93.0,91.94,102.37,46.0,25.3,20.7
2025-09-28,3,2025-09-28T00:00:00Z,2025-09-28T01:00:00Z,90.17,90.17,90.76,85.0,79.74,99.0,35.9,16.1,19.8
2025-09-28,4,2025-09-28T01:00:00Z,2025-09-28T02:00:00Z,79.61,79.61,80.61,72.2,71.04,87.7,14.2,7.0,7.2
2025-09-28,5,2025-09-28T02:00:00Z,2025-09-28T03:00:00Z,84.51,84.51,85.86,88.0,79.52,95.0,33.7,15.0,18.7
2025-09-28,6,2025-09-28T03:00:00Z,2025-09-28T04:00:00Z,81.78,81.78,82.71,81.33,81.33,89.59,3.7,0.0,3.7
2025-09-28,7,2025-09-28T04:00:00Z,2025-09-28T05:00:00Z,101.48,101.48,102.14,99.5,98.01,104.07,35.9,16.1,19.8
2025-09-28,8,2025-09-28T05:00:00Z,2025-09-28T06:00:00Z,103.57,103.57,103.53,104.9,100.5,107.57,132.6,74.2,58.4
2025-09-28,9,2025-09-28T06:00:00Z,2025-09-28T07:00:00Z,64.29,64.29,58.24,64.47,22.99,68.0,17.2,12.1,5.1
2025-09-28,10,2025-09-28T07:00:00Z,2025-09-28T08:00:00Z,36.35,36.35,32.61,49.71,0.0,49.71,2.4,1.5,0.9
2025-09-28,11,2025-09-28T08:00:00Z,2025-09-28T09:00:00Z,29.79,29.79,25.27,20.0,8.0,83.1,481.9,329.3,152.6
2025-09-28,12,2025-09-28T09:00:00Z,2025-09-28T10:00:00Z,18.66,18.66,14.6,0.0,-38.18,48.35,275.0,165.4,109.6
2025-09-28,13,2025-09-28T10:00:00Z,2025-09-28T11:00:00Z,-6.04,-6.04,0.73,-39.99,-65.0,25.5,118.0,79.2,38.8
2025-09-28,14,2025-09-28T11:00:00Z,2025-09-28T12:00:00Z,-1.38,-1.38,1.08,-7.72,-43.97,29.5,251.2,126.6,124.6
2025-09-28,15,2025-09-28T12:00:00Z,2025-09-28T13:00:00Z,6.82,6.82,6.2,-29.82,-29.82,28.79,279.4,117.0,162.4
2025-09-28,16,2025-09-28T13:00:00Z,2025-09-28T14:00:00Z,41.22,41.22,39.95,15.01,15.01,63.3,381.0,193.2,187.8
2025-09-28,17,2025-09-28T14:00:00Z,2025-09-28T15:00:00Z,77.69,77.69,75.54,55.24,30.03,87.86,288.0,138.9,149.1
2025-09-28,18,2025-09-28T15:00:00Z,2025-09-28T16:00:00Z,110.98,110.98,105.85,100.0,90.02,134.7,64.2,21.2,43.0
2025-09-28,19,2025-09-28T16:00:00Z,2025-09-28T17:00:00Z,124.04,124.04,112.51,100.01,100.01,125.0,10.4,5.2,5.2
2025-09-28,20,2025-09-28T17:00:00Z,2025-09-28T18:00:00Z,131.08,131.08,132.81,141.0,127.78,141.0,156.7,10.6,146.1
2025-09-28,21,2025-09-28T18:00:00Z,2025-09-28T19:00:00Z,44.06,44.06,62.0,50.0,30.01,100.0,14.8,7.4,7.4
2025-09-28,22,2025-09-28T19:00:00Z,2025-09-28T20:00:00Z,79.21,79.21,79.22,79.2,78.7,79.77,1.0,0.5,0.5
2025-09-28,23,2025-09-28T20:00:00Z,2025-09-28T21:00:00Z,92.29,92.29,83.4,81.0,59.0,98.0,10.1,9.0,1.1
2025-09-28,24,2025-09-28T21:00:00Z,2025-09-28T22:00:00Z,91.66,91.66,89.81,75.0,73.25,104.11,29.2,16.1,13.1
2025-09-29,1,2025-09-28T22:00:00Z,2025-09-28T23:00:00Z,91.57,91.57,91.51,89.01,89.01,95.48,75.0,25.0,50.0
2025-09-29,2,2025-09-28T23:00:00Z,2025-09-29T00:00:00Z,92.07,92.07,92.14,91.94,88.6,94.58,39.7,9.3,30.4
2025-09-29,3,2025-09-29T00:00:00Z,2025-09-29T01:00:00Z,91.83,91.83,91.58,92.0,90.5,92.98,15.5,2.0,13.5
2025-09-29,4,2025-09-29T01:00:00Z,2025-09-29T02:00:00Z,90.56,90.56,90.73,93.64,87.19,93.64,28.0,10.6,17.4
2025-09-29,5,2025-09-29T02:00:00Z,2025-09-29T03:00:00Z,90.75,90.75,91.11,91.81,88.89,92.6,36.6,15.1,21.5
2025-09-29,6,2025-09-29T03:00:00Z,2025-09-29T04:00:00Z,110.96,110.96,110.33,110.01,98.0,118.79,14.0,7.8,6.2
2025-09-29,7,2025-09-29T04:00:00Z,2025-09-29T05:00:00Z,131.28,131.28,130.41,127.91,127.52,138.13,56.7,37.3,19.4
2025-09-29,8,2025-09-29T05:00:00Z,2025-09-29T06:00:00Z,222.98,222.98,229.71,274.0,202.62,274.0,244.4,44.9,199.5
2025-09-29,9,2025-09-29T06:00:00Z,2025-09-29T07:00:00Z,179.27,179.27,180.65,180.75,166.0,198.0,97.0,31.6,65.4
2025-09-29,10,2025-09-29T07:00:00Z,2025-09-29T08:00:00Z,119.68,119.68,121.08,105.0,105.0,130.76,73.0,42.1,30.9
2025-09-29,11,2025-09-29T08:00:00Z,2025-09-29T09:00:00Z,94.38,94.38,95.78,80.0,77.0,100.2,428.7,356.8,71.9
2025-09-29,12,2025-09-29T09:00:00Z,2025-09-29T10:00:00Z,89.2,89.2,89.15,85.0,85.0,94.11,229.0,96.8,132.2
2025-09-29,13,2025-09-29T10:00:00Z,2025-09-29T11:00:00Z,79.25,79.25,80.54,71.02,60.01,87.34,256.0,132.0,124.0
2025-09-29,14,2025-09-29T11:00:00Z,2025-09-29T12:00:00Z,61.88,61.88,72.56,10.0,10.0,85.0,460.6,216.2,244.4
2025-09-29,15,2025-09-29T12:00:00Z,2025-09-29T13:00:00Z,68.54,68.54,77.33,10.0,10.0,96.99,274.3,156.9,117.4
2025-09-29,16,2025-09-29T13:00:00Z,2025-09-29T14:00:00Z,89.39,89.39,90.29,83.0,83.0,95.81,292.2,136.9,155.3
2025-09-29,17,2025-09-29T14:00:00Z,2025-09-29T15:00:00Z,106.76,106.76,95.25,70.0,70.0,139.0,149.1,55.3,93.8
2025-09-29,18,2025-09-29T15:00:00Z,2025-09-29T16:00:00Z,123.25,123.25,119.5,100.0,80.02,171.01,218.0,103.1,114.9
2025-09-29,19,2025-09-29T16:00:00Z,2025-09-29T17:00:00Z,313.73,313.73,314.03,466.8,219.54,466.8,325.2,45.7,279.5
2025-09-29,20,2025-09-29T17:00:00Z,2025-09-29T18:00:00Z,405.72,405.72,411.13,399.0,310.01,485.0,378.2,80.2,298.0
2025-09-29,21,2025-09-29T18:00:00Z,2025-09-29T19:00:00Z,173.64,173.64,170.31,172.0,136.57,257.44,356.8,58.0,298.8
2025-09-29,22,2025-09-29T19:00:00Z,2025-09-29T20:00:00Z,113.18,113.18,117.76,120.0,95.67,134.56,293.3,102.5,190.8
2025-09-29,23,2025-09-29T20:00:00Z,2025-09-29T21:00:00Z,95.3,95.3,105.91,77.99,67.83,199.18,313.1,154.8,158.3
2025-09-29,24,2025-09-29T21:00:00Z,2025-09-29T22:00:00Z,70.79,70.79,73.3,70.78,47.09,95.0,326.5,181.6,144.9
2025-09-30,1,2025-09-29T22:00:00Z,2025-09-29T23:00:00Z,170.6,170.6,135.5,97.49,97.49,199.01,42.0,21.0,21.0
2025-09-30,2,2025-09-29T23:00:00Z,2025-09-30T00:00:00Z,86.62,86.62,85.97,65.0,65.0,95.52,37.0,27.0,10.0
2025-09-30,3,2025-09-30T00:00:00Z,2025-09-30T01:00:00Z,92.1,92.1,92.61,75.2,75.1,99.5,179.4,165.2,14.2
2025-09-30,4,2025-09-30T01:00:00Z,2025-09-30T02:00:00Z,84.16,84.16,75.74,52.18,52.18,94.5,66.1,51.0,15.1
2025-09-30,5,2025-09-30T02:00:00Z,2025-09-30T03:00:00Z,74.68,74.68,69.97,50.0,50.0,95.9,91.6,68.8,22.8
2025-09-30,6,2025-09-30T03:00:00Z,2025-09-30T04:00:00Z,68.14,68.14,85.64,40.0,40.0,110.0,40.0,20.0,20.0
2025-09-30,7,2025-09-30T04:00:00Z,2025-09-30T05:00:00Z,121.27,121.27,128.17,120.2,91.27,145.0,27.9,11.0,16.9
2025-09-30,8,2025-09-30T05:00:00Z,2025-09-30T06:00:00Z,242.55,242.55,241.25,145.0,145.0,286.0,238.6,42.0,196.6
2025-09-30,9,2025-09-30T06:00:00Z,2025-09-30T07:00:00Z,174.92,174.92,171.16,149.99,142.01,230.95,284.0,30.0,254.0
2025-09-30,10,2025-09-30T07:00:00Z,2025-09-30T08:00:00Z,117.07,117.07,119.59,100.0,100.0,153.46,197.2,58.7,138.5
2025-09-30,11,2025-09-30T08:00:00Z,2025-09-30T09:00:00Z,65.53,65.53,68.02,44.26,44.26,104.69,122.7,65.6,57.1
2025-09-30,12,2025-09-30T09:00:00Z,2025-09-30T10:00:00Z,79.17,79.17,79.46,60.0,35.87,99.98,508.9,366.1,142.8
2025-09-30,13,2025-09-30T10:00:00Z,2025-09-30T11:00:00Z,75.17,75.17,78.09,55.0,55.0,86.74,283.5,152.3,131.2
2025-09-30,14,2025-09-30T11:00:00Z,2025-09-30T12:00:00Z,87.32,87.32,89.95,115.95,67.56,136.55,258.6,134.8,123.8
2025-09-30,15,2025-09-30T12:00:00Z,2025-09-30T13:00:00Z,85.14,85.14,86.1,93.56,67.02,154.98,200.3,111.3,89.0
2025-09-30,16,2025-09-30T13:00:00Z,2025-09-30T14:00:00Z,87.75,87.75,88.28,75.38,45.0,109.08,201.4,100.9,100.5
2025-09-30,17,2025-09-30T14:00:00Z,2025-09-30T15:00:00Z,141.56,141.56,143.35,162.0,111.25,165.08,199.1,113.4,85.7
2025-09-30,18,2025-09-30T15:00:00Z,2025-09-30T16:00:00Z,150.73,150.73,148.05,155.95,130.0,184.12,361.6,116.8,244.8
2025-09-30,19,2025-09-30T16:00:00Z,2025-09-30T17:00:00Z,219.05,219.05,222.91,190.2,189.99,270.06,288.7,59.9,228.8
2025-09-30,20,2025-09-30T17:00:00Z,2025-09-30T18:00:00Z,297.36,297.36,295.64,239.89,238.89,374.0,242.8,44.2,198.6
2025-09-30,21,2025-09-30T18:00:00Z,2025-09-30T19:00:00Z,129.62,129.62,130.48,119.2,71.23,149.0,222.3,34.2,188.1
2025-09-30,22,2025-09-30T19:00:00Z,2025-09-30T20:00:00Z,102.07,102.07,103.74,105.81,68.96,109.8,125.3,52.0,73.3
2025-09-30,23,2025-09-30T20:00:00Z,2025-09-30T21:00:00Z,88.65,88.65,89.71,91.01,42.34,95.52,185.3,101.8,83.5
2025-09-30,24,2025-09-30T21:00:00Z,2025-09-30T22:00:00Z,86.07,86.07,86.27,86.42,77.0,89.08,155.8,104.4,51.4
2025-10-01,1,2025-09-30T22:00:00Z,2025-09-30T23:00:00Z,,,,,,,0.0,0.0,0.0
2025-10-01,2,2025-09-30T23:00:00Z,2025-10-01T00:00:00Z,85.4,85.4,85.88,99.0,67.0,99.0,24.4,18.5,5.9
2025-10-01,3,2025-10-01T00:00:00Z,2025-10-01T01:00:00Z,85.23,85.23,85.14,89.31,67.0,89.31,201.8,152.1,49.7
2025-10-01,4,2025-10-01T01:00:00Z,2025-10-01T02:00:00Z,87.4,87.4,89.18,92.1,84.88,92.1,162.4,116.1,46.3
2025-10-01,5,2025-10-01T02:00:00Z,2025-10-01T03:00:00Z,85.77,85.77,86.91,91.33,84.99,91.33,78.1,78.1,0.0
2025-10-01,6,2025-10-01T03:00:00Z,2025-10-01T04:00:00Z,107.13,107.13,106.6,107.06,98.0,109.99,154.2,130.2,24.0
2025-10-01,7,2025-10-01T04:00:00Z,2025-10-01T05:00:00Z,139.26,139.26,138.03,142.01,130.0,144.6,20.1,15.4,4.7
2025-10-01,8,2025-10-01T05:00:00Z,2025-10-01T06:00:00Z,178.14,178.14,178.97,178.69,170.72,194.37,18.5,11.1,7.4
2025-10-01,9,2025-10-01T06:00:00Z,2025-10-01T07:00:00Z,163.75,163.75,165.57,164.2,147.69,175.66,79.7,55.1,24.6
2025-10-01,10,2025-10-01T07:00:00Z,2025-10-01T08:00:00Z,135.42,135.42,135.22,132.0,117.5,157.61,289.8,253.1,36.7
2025-10-01,11,2025-10-01T08:00:00Z,2025-10-01T09:00:00Z,130.47,130.47,131.25,90.82,90.82,159.36,406.4,342.3,64.1
2025-10-01,12,2025-10-01T09:00:00Z,2025-10-01T10:00:00Z,133.69,133.69,129.8,94.01,90.85,159.9,424.8,325.7,99.1
2025-10-01,13,2025-10-01T10:00:00Z,2025-10-01T11:00:00Z,131.82,131.82,128.94,122.0,97.98,149.99,442.5,336.0,106.5
2025-10-01,14,2025-10-01T11:00:00Z,2025-10-01T12:00:00Z,116.39,116.39,114.72,75.0,75.0,138.33,473.8,379.9,93.9
2025-10-01,15,2025-10-01T12:00:00Z,2025-10-01T13:00:00Z,114.39,114.39,112.12,105.0,95.98,134.99,425.4,321.8,103.6
2025-10-01,16,2025-10-01T13:00:00Z,2025-10-01T14:00:00Z,110.55,110.55,110.39,100.0,100.0,130.02,272.4,229.2,43.2
2025-10-01,17,2025-10-01T14:00:00Z,2025-10-01T15:00:00Z,129.83,129.83,132.85,115.02,115.01,179.99,62.1,43.2,18.9
2025-10-01,18,2025-10-01T15:00:00Z,2025-10-01T16:00:00Z,141.43,141.43,140.75,135.11,125.0,164.56,22.7,14.5,8.2
2025-10-01,19,2025-10-01T16:00:00Z,2025-10-01T17:00:00Z,241.5,241.5,241.94,253.0,210.0,266.02,267.4,137.1,130.3
2025-10-01,20,2025-10-01T17:00:00Z,2025-10-01T18:00:00Z,239.57,239.57,239.15,170.12,170.12,320.0,108.1,75.6,32.5
2025-10-01,21,2025-10-01T18:00:00Z,2025-10-01T19:00:00Z,138.82,138.82,135.48,144.99,120.03,149.99,97.8,76.3,21.5
2025-10-01,22,2025-10-01T19:00:00Z,2025-10-01T20:00:00Z,103.23,103.23,103.35,82.93,82.93,118.98,38.8,28.2,10.6
2025-10-01,23,2025-10-01T20:00:00Z,2025-10-01T21:00:00Z,91.48,91.48,93.65,88.84,87.06,97.46,37.9,30.1,7.8
2025-10-01,24,2025-10-01T21:00:00Z,2025-10-01T22:00:00Z,80.31,80.31,82.8,82.43,70.53,93.31,25.5,19.9,5.6
2025-10-02,1,2025-10-01T22:00:00Z,2025-10-01T23:00:00Z,82.49,82.49,83.83,81.92,81.88,90.0,63.9,57.4,6.5
2025-10-02,2,2025-10-01T23:00:00Z,2025-10-02T00:00:00Z,81.54,81.54,81.83,81.14,79.96,88.0,85.7,72.3,13.4
2025-10-02,3,2025-10-02T00:00:00Z,2025-10-02T01:00:00Z,79.39,79.39,79.7,78.39,78.23,84.78,80.8,66.8,14.0
2025-10-02,4,2025-10-02T01:00:00Z,2025-10-02T02:00:00Z,80.23,80.23,80.37,80.2,77.22,84.89,107.4,81.3,26.1
2025-10-02,5,2025-10-02T02:00:00Z,2025-10-02T03:00:00Z,81.8,81.8,81.94,81.96,80.0,87.4,101.2,78.2,23.0
2025-10-02,6,2025-10-02T03:00:00Z,2025-10-02T04:00:00Z,87.15,87.15,86.2,83.04,83.04,99.75,89.5,68.2,21.3
2025-10-02,7,2025-10-02T04:00:00Z,2025-10-02T05:00:00Z,123.33,123.33,119.17,130.0,100.5,136.48,35.7,8.9,26.8
2025-10-02,8,2025-10-02T05:00:00Z,2025-10-02T06:00:00Z,160.48,160.48,160.15,150.5,149.69,170.0,56.1,7.0,49.1
2025-10-02,9,2025-10-02T06:00:00Z,2025-10-02T07:00:00Z,118.58,118.58,119.34,105.0,105.0,130.0,121.2,44.1,77.1
2025-10-02,10,2025-10-02T07:00:00Z,2025-10-02T08:00:00Z,73.88,73.88,74.89,49.99,45.0,98.74,116.8,64.2,52.6
2025-10-02,11,2025-10-02T08:00:00Z,2025-10-02T09:00:00Z,26.11,26.11,24.8,44.0,-9.29,79.09,111.1,62.9,48.2
2025-10-02,12,2025-10-02T09:00:00Z,2025-10-02T10:00:00Z,49.24,49.24,49.65,40.03,16.05,70.87,205.8,125.3,80.5
2025-10-02,13,2025-10-02T10:00:00Z,2025-10-02T11:00:00Z,60.08,60.08,59.16,45.02,45.02,69.92,166.8,92.9,73.9
2025-10-02,14,2025-10-02T11:00:00Z,2025-10-02T12:00:00Z,55.17,55.17,51.8,37.21,26.94,80.17,290.2,195.2,95.0
2025-10-02,15,2025-10-02T12:00:00Z,2025-10-02T13:00:00Z,61.05,61.05,62.3,40.0,40.0,82.06,168.5,82.6,85.9
2025-10-02,16,2025-10-02T13:00:00Z,2025-10-02T14:00:00Z,65.27,65.27,63.76,40.01,40.01,79.98,253.0,136.8,116.2
2025-10-02,17,2025-10-02T14:00:00Z,2025-10-02T15:00:00Z,82.28,82.28,82.22,73.51,73.11,91.34,175.5,74.0,101.5
2025-10-02,18,2025-10-02T15:00:00Z,2025-10-02T16:00:00Z,122.05,122.05,121.66,105.57,105.57,144.9,100.3,51.7,48.6
2025-10-02,19,2025-10-02T16:00:00Z,2025-10-02T17:00:00Z,167.11,167.11,154.85,145.0,100.0,214.5,91.8,38.3,53.5
2025-10-02,20,2025-10-02T17:00:00Z,2025-10-02T18:00:00Z,161.64,161.64,160.45,149.99,126.12,205.0,306.9,73.1,233.8
2025-10-02,21,2025-10-02T18:00:00Z,2025-10-02T19:00:00Z,134.44,134.44,132.82,106.1,106.1,153.4,263.6,33.0,230.6
2025-10-02,22,2025-10-02T19:00:00Z,2025-10-02T20:00:00Z,112.36,112.36,115.39,98.97,95.74,140.0,61.9,25.0,36.9
2025-10-02,23,2025-10-02T20:00:00Z,2025-10-02T21:00:00Z,97.06,97.06,97.33,100.01,88.1,102.46,79.5,30.6,48.9
2025-10-02,24,2025-10-02T21:00:00Z,2025-10-02T22:00:00Z,87.21,87.21,87.67,86.97,76.41,94.72,101.0,51.5,49.5
2025-10-03,1,2025-10-02T22:00:00Z,2025-10-02T23:00:00Z,86.9,86.9,83.18,80.94,80.0,100.0,40.3,12.1,28.2
2025-10-03,2,2025-10-02T23:00:00Z,2025-10-03T00:00:00Z,77.71,77.71,77.54,84.11,75.0,84.11,41.2,13.2,28.0
2025-10-03,3,2025-10-03T00:00:00Z,2025-10-03T01:00:00Z,72.76,72.76,73.34,67.4,67.39,77.57,49.6,23.6,26.0
2025-10-03,4,2025-10-03T01:00:00Z,2025-10-03T02:00:00Z,75.18,75.18,74.94,72.45,69.97,77.32,55.9,26.5,29.4
2025-10-03,5,2025-10-03T02:00:00Z,2025-10-03T03:00:00Z,81.18,81.18,81.46,83.3,74.97,84.4,67.9,44.9,23.0
2025-10-03,6,2025-10-03T03:00:00Z,2025-10-03T04:00:00Z,87.59,87.59,87.23,81.0,80.0,91.64,99.5,67.5,32.0
2025-10-03,7,2025-10-03T04:00:00Z,2025-10-03T05:00:00Z,120.89,120.89,119.96,102.12,102.12,133.41,84.2,12.3,71.9
2025-10-03,8,2025-10-03T05:00:00Z,2025-10-03T06:00:00Z,155.52,155.52,162.12,222.0,133.01,225.13,111.3,30.9,80.4
2025-10-03,9,2025-10-03T06:00:00Z,2025-10-03T07:00:00Z,125.99,125.99,125.86,126.82,118.88,135.0,102.0,38.2,63.8
2025-10-03,10,2025-10-03T07:00:00Z,2025-10-03T08:00:00Z,100.75,100.75,99.09,109.79,84.5,110.3,105.5,57.8,47.7
2025-10-03,11,2025-10-03T08:00:00Z,2025-10-03T09:00:00Z,70.92,70.92,68.18,75.14,42.01,83.95,144.8,80.7,64.1
2025-10-03,12,2025-10-03T09:00:00Z,2025-10-03T10:00:00Z,40.29,40.29,40.02,30.97,22.0,59.48,213.2,80.0,133.2
2025-10-03,13,2025-10-03T10:00:00Z,2025-10-03T11:00:00Z,34.2,34.2,33.24,5.02,5.02,42.84,295.7,131.2,164.5
2025-10-03,14,2025-10-03T11:00:00Z,2025-10-03T12:00:00Z,37.6,37.6,37.94,25.04,22.99,50.0,226.3,87.6,138.7
2025-10-03,15,2025-10-03T12:00:00Z,2025-10-03T13:00:00Z,46.23,46.23,47.27,49.38,25.6,58.78,241.6,110.6,131.0
2025-10-03,16,2025-10-03T13:00:00Z,2025-10-03T14:00:00Z,33.45,33.45,34.42,20.0,15.01,57.99,119.3,63.4,55.9
2025-10-03,17,2025-10-03T14:00:00Z,2025-10-03T15:00:00Z,73.54,73.54,72.29,48.35,48.35,96.97,80.6,50.3,30.3
2025-10-03,18,2025-10-03T15:00:00Z,2025-10-03T16:00:00Z,125.45,125.45,125.03,115.7,115.7,136.7,124.4,29.0,95.4
2025-10-03,19,2025-10-03T16:00:00Z,2025-10-03T17:00:00Z,161.36,161.36,162.93,150.0,130.15,195.6,154.4,30.3,124.1
2025-10-03,20,2025-10-03T17:00:00Z,2025-10-03T18:00:00Z,138.63,138.63,139.91,160.0,120.0,170.11,218.0,54.4,163.6
2025-10-03,21,2025-10-03T18:00:00Z,2025-10-03T19:00:00Z,115.51,115.51,120.66,130.01,100.51,139.99,166.2,43.8,122.4
2025-10-03,22,2025-10-03T19:00:00Z,2025-10-03T20:00:00Z,82.38,82.38,81.98,98.11,42.88,101.56,141.1,48.9,92.2
2025-10-03,23,2025-10-03T20:00:00Z,2025-10-03T21:00:00Z,46.49,46.49,53.11,74.0,13.9,84.99,120.3,76.3,44.0
2025-10-03,24,2025-10-03T21:00:00Z,2025-10-03T22:00:00Z,116.13,116.13,117.45,120.0,99.59,145.2,216.9,42.5,174.4
2025-10-04,1,2025-10-03T22:00:00Z,2025-10-03T23:00:00Z,131.11,131.11,127.92,150.0,98.89,150.0,61.0,5.0,56.0
2025-10-04,2,2025-10-03T23:00:00Z,2025-10-04T00:00:00Z,118.17,118.17,128.44,163.0,90.0,163.0,43.5,4.0,39.5
2025-10-04,3,2025-10-04T00:00:00Z,2025-10-04T01:00:00Z,117.72,117.72,110.01,130.0,80.0,156.0,17.7,6.6,11.1
2025-10-04,4,2025-10-04T01:00:00Z,2025-10-04T02:00:00Z,84.19,84.19,97.24,160.01,36.0,160.01,26.3,1.2,25.1
2025-10-04,5,2025-10-04T02:00:00Z,2025-10-04T03:00:00Z,103.54,103.54,116.22,135.01,96.16,135.01,5.4,0.2,5.2
2025-10-04,6,2025-10-04T03:00:00Z,2025-10-04T04:00:00Z,88.84,88.84,78.31,55.0,55.0,105.83,22.6,4.3,18.3
2025-10-04,7,2025-10-04T04:00:00Z,2025-10-04T05:00:00Z,124.54,124.54,128.52,149.9,101.97,149.9,19.0,0.1,18.9
2025-10-04,8,2025-10-04T05:00:00Z,2025-10-04T06:00:00Z,218.21,218.21,207.79,100.01,100.01,299.98,36.4,8.3,28.1
2025-10-04,9,2025-10-04T06:00:00Z,2025-10-04T07:00:00Z,186.17,186.17,175.14,198.99,95.1,262.61,63.7,9.0,54.7
2025-10-04,10,2025-10-04T07:00:00Z,2025-10-04T08:00:00Z,64.83,64.83,112.79,200.0,21.2,200.0,91.3,40.4,50.9
2025-10-04,11,2025-10-04T08:00:00Z,2025-10-04T09:00:00Z,32.3,32.3,37.09,44.16,1.21,82.06,144.5,74.8,69.7
2025-10-04,12,2025-10-04T09:00:00Z,2025-10-04T10:00:00Z,44.65,44.65,36.03,31.01,10.02,60.01,56.5,26.7,29.8
2025-10-04,13,2025-10-04T10:00:00Z,2025-10-04T11:00:00Z,9.49,9.49,8.63,0.35,0.0,24.1,237.1,156.9,80.2
2025-10-04,14,2025-10-04T11:00:00Z,2025-10-04T12:00:00Z,8.15,8.15,7.33,5.0,2.05,17.93,264.6,179.9,84.7
2025-10-04,15,2025-10-04T12:00:00Z,2025-10-04T13:00:00Z,13.59,13.59,12.81,7.88,2.24,31.17,159.4,94.7,64.7
2025-10-04,16,2025-10-04T13:00:00Z,2025-10-04T14:00:00Z,38.69,38.69,26.75,20.0,1.0,74.01,756.2,169.6,586.6
2025-10-04,17,2025-10-04T14:00:00Z,2025-10-04T15:00:00Z,45.47,45.47,35.06,60.3,20.0,60.3,80.0,40.0,40.0
2025-10-04,18,2025-10-04T15:00:00Z,2025-10-04T16:00:00Z,18.19,18.19,17.75,20.0,1.01,30.0,39.8,19.9,19.9
2025-10-04,19,2025-10-04T16:00:00Z,2025-10-04T17:00:00Z,28.86,28.86,38.27,65.81,20.0,65.81,32.0,16.0,16.0
2025-10-04,20,2025-10-04T17:00:00Z,2025-10-04T18:00:00Z,39.35,39.35,69.69,20.0,10.03,173.66,55.3,25.6,29.7
2025-10-04,21,2025-10-04T18:00:00Z,2025-10-04T19:00:00Z,19.74,19.74,16.0,0.0,0.0,20.0,30.4,15.2,15.2
2025-10-04,22,2025-10-04T19:00:00Z,2025-10-04T20:00:00Z,7.64,7.64,7.54,4.6,3.19,12.0,40.7,25.1,15.6
2025-10-04,23,2025-10-04T20:00:00Z,2025-10-04T21:00:00Z,0.72,0.72,3.37,-35.0,-35.0,20.0,79.7,43.5,36.2
2025-10-04,24,2025-10-04T21:00:00Z,2025-10-04T22:00:00Z,37.61,37.61,38.79,35.0,10.0,92.51,56.5,19.5,37.0
2025-10-05,1,2025-10-04T22:00:00Z,2025-10-04T23:00:00Z,24.93,24.93,26.98,26.56,0.01,77.01,44.2,2.2,42.0
2025-10-05,2,2025-10-04T23:00:00Z,2025-10-05T00:00:00Z,20.1,20.1,19.93,1.01,1.01,38.77,37.0,18.5,18.5
2025-10-05,3,2025-10-05T00:00:00Z,2025-10-05T01:00:00Z,16.91,16.91,18.24,55.0,-0.2,60.02,128.3,27.9,100.4
2025-10-05,4,2025-10-05T01:00:00Z,2025-10-05T02:00:00Z,15.53,15.53,17.59,70.0,-4.23,80.0,126.2,27.6,98.6
2025-10-05,5,2025-10-05T02:00:00Z,2025-10-05T03:00:00Z,17.87,17.87,16.88,28.91,-5.22,70.05,126.4,27.1,99.3
2025-10-05,6,2025-10-05T03:00:00Z,2025-10-05T04:00:00Z,13.57,13.57,8.21,13.18,-1.9,60.0,67.0,14.5,52.5
2025-10-05,7,2025-10-05T04:00:00Z,2025-10-05T05:00:00Z,22.42,22.42,18.94,15.0,-2.7,67.92,87.1,23.3,63.8
2025-10-05,8,2025-10-05T05:00:00Z,2025-10-05T06:00:00Z,68.55,68.55,67.67,70.0,29.01,90.07,72.0,22.6,49.4
2025-10-05,9,2025-10-05T06:00:00Z,2025-10-05T07:00:00Z,42.76,42.76,34.67,45.0,7.15,79.33,113.2,47.0,66.2
2025-10-05,10,2025-10-05T07:00:00Z,2025-10-05T08:00:00Z,47.36,47.36,63.09,68.56,14.69,81.59,54.1,21.7,32.4
2025-10-05,11,2025-10-05T08:00:00Z,2025-10-05T09:00:00Z,5.24,5.24,5.82,80.0,-1.68,80.0,113.7,0.5,113.2
2025-10-05,12,2025-10-05T09:00:00Z,2025-10-05T10:00:00Z,13.22,13.22,13.9,149.0,-3.3,160.0,237.4,12.7,224.7
2025-10-05,13,2025-10-05T10:00:00Z,2025-10-05T11:00:00Z,49.09,49.09,31.93,198.99,-30.0,198.99,428.5,240.4,188.1
2025-10-05,14,2025-10-05T11:00:00Z,2025-10-05T12:00:00Z,47.48,47.48,46.02,57.29,-30.0,93.1,461.0,276.6,184.4
2025-10-05,15,2025-10-05T12:00:00Z,2025-10-05T13:00:00Z,38.5,38.5,38.0,21.0,-5.89,94.0,610.3,283.8,326.5
2025-10-05,16,2025-10-05T13:00:00Z,2025-10-05T14:00:00Z,33.92,33.92,32.94,100.01,-4.99,115.0,482.5,124.9,357.6
2025-10-05,17,2025-10-05T14:00:00Z,2025-10-05T15:00:00Z,68.46,68.46,98.34,26.18,26.18,135.03,60.0,20.0,40.0
2025-10-05,18,2025-10-05T15:00:00Z,2025-10-05T16:00:00Z,117.16,117.16,111.46,65.55,65.55,164.56,82.0,22.2,59.8
2025-10-05,19,2025-10-05T16:00:00Z,2025-10-05T17:00:00Z,137.94,137.94,133.49,126.76,105.1,151.0,56.5,51.2,5.3
2025-10-05,20,2025-10-05T17:00:00Z,2025-10-05T18:00:00Z,118.33,118.33,121.46,186.46,81.0,186.46,65.3,61.2,4.1
2025-10-05,21,2025-10-05T18:00:00Z,2025-10-05T19:00:00Z,100.67,100.67,123.84,173.99,50.82,173.99,54.7,27.1,27.6
2025-10-05,22,2025-10-05T19:00:00Z,2025-10-05T20:00:00Z,114.1,114.1,105.83,100.0,39.38,134.35,77.8,38.5,39.3
2025-10-05,23,2025-10-05T20:00:00Z,2025-10-05T21:00:00Z,97.82,97.82,95.81,90.6,83.9,120.0,48.9,27.2,21.7
2025-10-05,24,2025-10-05T21:00:00Z,2025-10-05T22:00:00Z,112.34,112.34,108.86,100.1,97.3,120.0,19.4,5.7,13.7
2025-10-06,1,2025-10-05T22:00:00Z,2025-10-05T23:00:00Z,99.0,99.0,98.2,87.3,87.3,105.75,19.0,0.5,18.5
2025-10-06,2,2025-10-05T23:00:00Z,2025-10-06T00:00:00Z,88.75,88.75,88.55,89.0,85.0,90.4,4.2,2.3,1.9
2025-10-06,3,2025-10-06T00:00:00Z,2025-10-06T01:00:00Z,145.85,145.85,105.48,200.0,72.29,200.0,19.2,5.7,13.5
2025-10-06,4,2025-10-06T01:00:00Z,2025-10-06T02:00:00Z,93.26,93.26,94.44,100.02,70.07,149.9,16.9,1.5,15.4
2025-10-06,5,2025-10-06T02:00:00Z,2025-10-06T03:00:00Z,81.42,81.42,80.31,68.0,68.0,84.98,24.9,9.4,15.5
2025-10-06,6,2025-10-06T03:00:00Z,2025-10-06T04:00:00Z,102.18,102.18,102.67,107.53,80.0,110.86,61.8,33.9,27.9
2025-10-06,7,2025-10-06T04:00:00Z,2025-10-06T05:00:00Z,99.12,99.12,108.95,238.07,80.0,238.07,60.4,28.3,32.1
2025-10-06,8,2025-10-06T05:00:00Z,2025-10-06T06:00:00Z,245.21,245.21,242.1,225.01,219.13,260.4,124.4,8.0,116.4
2025-10-06,9,2025-10-06T06:00:00Z,2025-10-06T07:00:00Z,259.59,259.59,246.54,233.89,185.01,400.0,102.1,18.3,83.8
2025-10-06,10,2025-10-06T07:00:00Z,2025-10-06T08:00:00Z,182.23,182.23,189.4,224.99,140.63,224.99,48.8,23.9,24.9
2025-10-06,11,2025-10-06T08:00:00Z,2025-10-06T09:00:00Z,195.09,195.09,197.57,152.0,123.5,256.03,108.5,69.4,39.1
2025-10-06,12,2025-10-06T09:00:00Z,2025-10-06T10:00:00Z,171.85,171.85,165.24,199.0,125.0,199.0,90.7,43.0,47.7
2025-10-06,13,2025-10-06T10:00:00Z,2025-10-06T11:00:00Z,145.69,145.69,151.67,144.0,95.0,198.99,144.7,70.6,74.1
2025-10-06,14,2025-10-06T11:00:00Z,2025-10-06T12:00:00Z,137.6,137.6,140.34,129.99,122.13,158.89,90.8,39.9,50.9
2025-10-06,15,2025-10-06T12:00:00Z,2025-10-06T13:00:00Z,126.77,126.77,116.4,120.0,81.16,150.99,203.9,73.5,130.4
2025-10-06,16,2025-10-06T13:00:00Z,2025-10-06T14:00:00Z,116.53,116.53,114.36,105.0,100.7,127.88,94.4,27.0,67.4
2025-10-06,17,2025-10-06T14:00:00Z,2025-10-06T15:00:00Z,126.65,126.65,125.77,125.55,120.83,132.49,87.6,23.0,64.6
2025-10-06,18,2025-10-06T15:00:00Z,2025-10-06T16:00:00Z,145.91,145.91,144.89,153.19,133.0,158.4,181.8,40.8,141.0
2025-10-06,19,2025-10-06T16:00:00Z,2025-10-06T17:00:00Z,170.49,170.49,176.36,168.98,138.51,212.23,267.9,67.6,200.3
2025-10-06,20,2025-10-06T17:00:00Z,2025-10-06T18:00:00Z,216.66,216.66,213.32,190.0,165.1,269.14,267.3,39.6,227.7
2025-10-06,21,2025-10-06T18:00:00Z,2025-10-06T19:00:00Z,139.04,139.04,140.87,174.44,120.0,190.1,139.0,43.6,95.4
2025-10-06,22,2025-10-06T19:00:00Z,2025-10-06T20:00:00Z,119.71,119.71,118.66,120.19,110.0,133.43,132.4,28.0,104.4
2025-10-06,23,2025-10-06T20:00:00Z,2025-10-06T21:00:00Z,115.62,115.62,114.37,140.0,106.0,140.0,179.1,92.8,86.3
2025-10-06,24,2025-10-06T21:00:00Z,2025-10-06T22:00:00Z,105.1,105.1,105.34,108.83,100.01,110.0,119.0,41.2,77.8
2025-10-07,1,2025-10-06T22:00:00Z,2025-10-06T23:00:00Z,107.75,107.75,107.08,106.7,102.81,110.0,63.2,5.2,58.0
2025-10-07,2,2025-10-06T23:00:00Z,2025-10-07T00:00:00Z,98.88,98.88,98.68,98.9,95.4,102.47,95.9,56.7,39.2
2025-10-07,3,2025-10-07T00:00:00Z,2025-10-07T01:00:00Z,94.09,94.09,94.4,102.58,91.8,102.58,128.9,99.2,29.7
2025-10-07,4,2025-10-07T01:00:00Z,2025-10-07T02:00:00Z,96.12,96.12,94.63,117.32,91.85,117.32,140.0,100.3,39.7
2025-10-07,5,2025-10-07T02:00:00Z,2025-10-07T03:00:00Z,99.27,99.27,97.84,114.18,94.3,116.0,106.4,59.2,47.2
2025-10-07,6,2025-10-07T03:00:00Z,2025-10-07T04:00:00Z,113.32,113.32,112.65,122.01,99.81,122.01,34.3,5.1,29.2
2025-10-07,7,2025-10-07T04:00:00Z,2025-10-07T05:00:00Z,145.68,145.68,147.93,168.33,125.23,168.33,169.6,55.1,114.5
2025-10-07,8,2025-10-07T05:00:00Z,2025-10-07T06:00:00Z,241.21,241.21,245.3,270.01,199.97,294.72,91.9,16.5,75.4
2025-10-07,9,2025-10-07T06:00:00Z,2025-10-07T07:00:00Z,290.29,290.29,284.15,295.0,234.48,354.52,309.9,108.0,201.9
2025-10-07,10,2025-10-07T07:00:00Z,2025-10-07T08:00:00Z,200.92,200.92,198.92,168.39,168.39,259.9,282.3,104.4,177.9
2025-10-07,11,2025-10-07T08:00:00Z,2025-10-07T09:00:00Z,136.16,136.16,134.06,112.08,112.08,170.0,253.5,123.4,130.1
2025-10-07,12,2025-10-07T09:00:00Z,2025-10-07T10:00:00Z,108.94,108.94,110.17,75.0,75.0,150.0,278.7,115.1,163.6
2025-10-07,13,2025-10-07T10:00:00Z,2025-10-07T11:00:00Z,97.75,97.75,98.42,65.0,65.0,113.0,365.9,180.0,185.9
2025-10-07,14,2025-10-07T11:00:00Z,2025-10-07T12:00:00Z,94.05,94.05,94.78,84.01,80.01,109.9,393.3,268.1,125.2
2025-10-07,15,2025-10-07T12:00:00Z,2025-10-07T13:00:00Z,96.16,96.16,95.29,88.1,85.0,110.28,215.3,124.0,91.3
2025-10-07,16,2025-10-07T13:00:00Z,2025-10-07T14:00:00Z,101.9,101.9,101.41,110.0,85.0,112.3,158.7,76.6,82.1
2025-10-07,17,2025-10-07T14:00:00Z,2025-10-07T15:00:00Z,122.15,122.15,121.42,120.1,112.0,129.96,124.9,59.4,65.5
2025-10-07,18,2025-10-07T15:00:00Z,2025-10-07T16:00:00Z,143.36,143.36,144.04,118.1,118.1,174.94,181.8,61.2,120.6
2025-10-07,19,2025-10-07T16:00:00Z,2025-10-07T17:00:00Z,176.84,176.84,176.36,174.98,156.33,195.36,235.8,27.4,208.4
2025-10-07,20,2025-10-07T17:00:00Z,2025-10-07T18:00:00Z,178.23,178.23,178.51,164.99,160.9,209.0,255.7,47.8,207.9
2025-10-07,21,2025-10-07T18:00:00Z,2025-10-07T19:00:00Z,124.47,124.47,137.04,111.83,99.0,151.58,113.5,43.3,70.2
2025-10-07,22,2025-10-07T19:00:00Z,2025-10-07T20:00:00Z,117.01,117.01,113.95,80.0,80.0,123.99,77.8,30.3,47.5
2025-10-07,23,2025-10-07T20:00:00Z,2025-10-07T21:00:00Z,104.81,104.81,105.03,99.84,99.84,114.93,84.5,7.3,77.2
2025-10-07,24,2025-10-07T21:00:00Z,2025-10-07T22:00:00Z,95.35,95.35,94.89,73.13,73.13,108.0,140.6,38.3,102.3
2025-10-08,1,2025-10-07T22:00:00Z,2025-10-07T23:00:00Z,91.87,91.87,92.36,90.38,90.32,102.67,35.1,6.8,28.3
2025-10-08,2,2025-10-07T23:00:00Z,2025-10-08T00:00:00Z,90.23,90.23,90.17,91.6,88.3,100.01,39.6,8.8,30.8
2025-10-08,3,2025-10-08T00:00:00Z,2025-10-08T01:00:00Z,89.4,89.4,89.91,88.63,88.56,101.3,22.7,4.0,18.7
2025-10-08,4,2025-10-08T01:00:00Z,2025-10-08T02:00:00Z,88.96,88.96,89.72,91.85,87.1,105.32,21.5,4.1,17.4
2025-10-08,5,2025-10-08T02:00:00Z,2025-10-08T03:00:00Z,92.27,92.27,92.95,88.0,88.0,107.72,42.1,13.2,28.9
2025-10-08,6,2025-10-08T03:00:00Z,2025-10-08T04:00:00Z,97.21,97.21,97.62,95.56,94.72,104.85,47.8,20.0,27.8
2025-10-08,7,2025-10-08T04:00:00Z,2025-10-08T05:00:00Z,112.93,112.93,115.54,100.01,100.01,121.97,78.4,35.1,43.3
2025-10-08,8,2025-10-08T05:00:00Z,2025-10-08T06:00:00Z,153.58,153.58,155.92,141.71,125.52,165.86,97.9,34.0,63.9
2025-10-08,9,2025-10-08T06:00:00Z,2025-10-08T07:00:00Z,150.2,150.2,151.4,120.0,115.0,169.9,241.3,47.1,194.2
2025-10-08,10,2025-10-08T07:00:00Z,2025-10-08T08:00:00Z,98.72,98.72,86.82,55.01,30.81,140.39,32.1,14.0,18.1
2025-10-08,11,2025-10-08T08:00:00Z,2025-10-08T09:00:00Z,119.07,119.07,115.68,105.03,99.99,123.3,61.3,31.0,30.3
2025-10-08,12,2025-10-08T09:00:00Z,2025-10-08T10:00:00Z,95.34,95.34,83.36,64.98,50.01,115.0,124.0,69.4,54.6
2025-10-08,13,2025-10-08T10:00:00Z,2025-10-08T11:00:00Z,86.45,86.45,78.65,60.01,60.01,107.37,56.1,29.2,26.9
2025-10-08,14,2025-10-08T11:00:00Z,2025-10-08T12:00:00Z,64.69,64.69,68.67,45.01,45.01,106.12,96.3,49.8,46.5
2025-10-08,15,2025-10-08T12:00:00Z,2025-10-08T13:00:00Z,74.35,74.35,77.61,40.0,40.0,107.2,79.9,40.9,39.0
2025-10-08,16,2025-10-08T13:00:00Z,2025-10-08T14:00:00Z,100.81,100.81,101.59,92.48,92.48,115.5,150.5,34.0,116.5
2025-10-08,17,2025-10-08T14:00:00Z,2025-10-08T15:00:00Z,94.37,94.37,95.74,59.0,59.0,134.24,75.8,37.8,38.0
2025-10-08,18,2025-10-08T15:00:00Z,2025-10-08T16:00:00Z,134.14,134.14,136.28,122.26,122.26,160.0,25.5,12.4,13.1
2025-10-08,19,2025-10-08T16:00:00Z,2025-10-08T17:00:00Z,76.16,76.16,82.9,50.0,21.01,191.0,88.9,43.9,45.0
2025-10-08,20,2025-10-08T17:00:00Z,2025-10-08T18:00:00Z,106.48,106.48,123.31,50.01,50.01,198.05,144.1,77.0,67.1
2025-10-08,21,2025-10-08T18:00:00Z,2025-10-08T19:00:00Z,72.81,72.81,68.43,1.01,1.01,149.98,111.6,55.3,56.3
2025-10-08,22,2025-10-08T19:00:00Z,2025-10-08T20:00:00Z,81.18,81.18,80.71,70.0,50.0,124.97,47.6,23.8,23.8
2025-10-08,23,2025-10-08T20:00:00Z,2025-10-08T21:00:00Z,78.73,78.73,81.38,50.0,50.0,123.96,95.8,47.9,47.9
2025-10-08,24,2025-10-08T21:00:00Z,2025-10-08T22:00:00Z,97.4,97.4,98.26,105.0,96.0,105.0,25.8,12.9,12.9
2025-10-09,1,2025-10-08T22:00:00Z,2025-10-08T23:00:00Z,90.74,90.74,92.9,80.0,80.0,107.5,37.7,6.5,31.2
2025-10-09,2,2025-10-08T23:00:00Z,2025-10-09T00:00:00Z,89.5,89.5,90.71,85.0,77.95,101.25,55.4,19.5,35.9
2025-10-09,3,2025-10-09T00:00:00Z,2025-10-09T01:00:00Z,88.14,88.14,89.43,75.0,75.0,101.88,94.1,15.7,78.4
2025-10-09,4,2025-10-09T01:00:00Z,2025-10-09T02:00:00Z,90.67,90.67,89.67,65.02,65.01,98.03,109.5,15.0,94.5
2025-10-09,5,2025-10-09T02:00:00Z,2025-10-09T03:00:00Z,96.08,96.08,96.39,80.02,80.02,98.75,110.9,32.7,78.2
2025-10-09,6,2025-10-09T03:00:00Z,2025-10-09T04:00:00Z,106.52,106.52,106.71,111.42,103.0,112.0,57.5,14.0,43.5
2025-10-09,7,2025-10-09T04:00:00Z,2025-10-09T05:00:00Z,135.42,135.42,137.3,135.75,123.0,143.0,38.0,24.4,13.6
2025-10-09,8,2025-10-09T05:00:00Z,2025-10-09T06:00:00Z,143.11,143.11,139.66,140.96,100.01,152.15,62.9,36.7,26.2
2025-10-09,9,2025-10-09T06:00:00Z,2025-10-09T07:00:00Z,150.79,150.79,149.57,140.35,140.35,158.71,161.0,41.4,119.6
2025-10-09,10,2025-10-09T07:00:00Z,2025-10-09T08:00:00Z,137.65,137.65,138.83,160.0,130.0,160.0,118.7,41.6,77.1
2025-10-09,11,2025-10-09T08:00:00Z,2025-10-09T09:00:00Z,127.35,127.35,126.43,119.15,114.01,148.24,188.2,63.8,124.4
2025-10-09,12,2025-10-09T09:00:00Z,2025-10-09T10:00:00Z,110.66,110.66,109.61,90.02,90.01,121.96,210.7,81.7,129.0
2025-10-09,13,2025-10-09T10:00:00Z,2025-10-09T11:00:00Z,104.64,104.64,102.3,108.0,91.36,120.75,149.3,49.6,99.7
2025-10-09,14,2025-10-09T11:00:00Z,2025-10-09T12:00:00Z,105.1,105.1,104.84,95.0,91.24,119.0,130.3,27.0,103.3
2025-10-09,15,2025-10-09T12:00:00Z,2025-10-09T13:00:00Z,108.46,108.46,108.54,110.0,95.0,121.0,168.9,42.7,126.2
2025-10-09,16,2025-10-09T13:00:00Z,2025-10-09T14:00:00Z,83.07,83.07,88.6,0.58,0.57,116.23,100.6,50.3,50.3
2025-10-09,17,2025-10-09T14:00:00Z,2025-10-09T15:00:00Z,103.36,103.36,84.63,45.0,45.0,124.21,45.0,22.5,22.5
2025-10-09,18,2025-10-09T15:00:00Z,2025-10-09T16:00:00Z,107.48,107.48,105.83,81.04,81.03,132.0,96.8,32.6,64.2
2025-10-09,19,2025-10-09T16:00:00Z,2025-10-09T17:00:00Z,81.89,81.89,77.84,19.0,19.0,120.76,63.0,31.5,31.5
2025-10-09,20,2025-10-09T17:00:00Z,2025-10-09T18:00:00Z,116.06,116.06,117.14,100.0,100.0,131.99,27.1,10.5,16.6
2025-10-09,21,2025-10-09T18:00:00Z,2025-10-09T19:00:00Z,102.43,102.43,83.19,32.01,30.0,121.7,99.6,18.0,81.6
2025-10-09,22,2025-10-09T19:00:00Z,2025-10-09T20:00:00Z,54.79,54.79,50.59,58.48,25.0,111.16,127.5,63.8,63.7
2025-10-09,23,2025-10-09T20:00:00Z,2025-10-09T21:00:00Z,98.04,98.04,100.17,90.0,68.0,118.95,551.2,218.9,332.3
2025-10-09,24,2025-10-09T21:00:00Z,2025-10-09T22:00:00Z,95.88,95.88,94.45,87.9,84.39,114.72,325.9,151.5,174.4
2025-10-10,1,2025-10-09T22:00:00Z,2025-10-09T23:00:00Z,92.7,92.7,92.43,91.0,87.48,98.0,80.4,24.6,55.8
2025-10-10,2,2025-10-09T23:00:00Z,2025-10-10T00:00:00Z,88.69,88.69,89.04,90.0,84.51,93.0,44.1,11.0,33.1
2025-10-10,3,2025-10-10T00:00:00Z,2025-10-10T01:00:00Z,86.16,86.16,87.21,89.0,82.01,100.0,34.8,5.0,29.8
2025-10-10,4,2025-10-10T01:00:00Z,2025-10-10T02:00:00Z,86.49,86.49,86.7,89.06,84.03,89.06,48.4,23.4,25.0
2025-10-10,5,2025-10-10T02:00:00Z,2025-10-10T03:00:00Z,94.58,94.58,93.22,91.29,90.5,99.0,37.4,5.0,32.4
2025-10-10,6,2025-10-10T03:00:00Z,2025-10-10T04:00:00Z,119.79,119.79,113.83,90.53,90.53,135.0,53.0,24.0,29.0
2025-10-10,7,2025-10-10T04:00:00Z,2025-10-10T05:00:00Z,90.67,90.67,109.25,35.01,35.01,139.26,52.8,22.8,30.0
2025-10-10,8,2025-10-10T05:00:00Z,2025-10-10T06:00:00Z,96.49,96.49,96.44,99.0,65.12,108.0,30.4,15.2,15.2
2025-10-10,9,2025-10-10T06:00:00Z,2025-10-10T07:00:00Z,100.58,100.58,99.35,100.01,69.11,120.01,59.6,29.8,29.8
2025-10-10,10,2025-10-10T07:00:00Z,2025-10-10T08:00:00Z,107.78,107.78,107.39,85.16,85.16,119.05,118.3,39.3,79.0
2025-10-10,11,2025-10-10T08:00:00Z,2025-10-10T09:00:00Z,94.04,94.04,93.4,99.58,87.0,99.89,172.3,70.6,101.7
2025-10-10,12,2025-10-10T09:00:00Z,2025-10-10T10:00:00Z,87.23,87.23,86.46,114.99,75.07,115.24,253.5,135.4,118.1
2025-10-10,13,2025-10-10T10:00:00Z,2025-10-10T11:00:00Z,88.08,88.08,89.46,80.01,77.01,118.63,316.4,179.4,137.0
2025-10-10,14,2025-10-10T11:00:00Z,2025-10-10T12:00:00Z,98.39,98.39,99.29,131.44,78.0,131.44,355.5,192.8,162.7
2025-10-10,15,2025-10-10T12:00:00Z,2025-10-10T13:00:00Z,113.33,113.33,111.91,120.0,86.23,133.19,277.7,107.6,170.1
2025-10-10,16,2025-10-10T13:00:00Z,2025-10-10T14:00:00Z,111.89,111.89,110.76,114.39,92.2,121.1,178.5,117.1,61.4
2025-10-10,17,2025-10-10T14:00:00Z,2025-10-10T15:00:00Z,105.03,105.03,100.91,90.0,85.0,120.48,52.0,30.5,21.5
2025-10-10,18,2025-10-10T15:00:00Z,2025-10-10T16:00:00Z,120.16,120.16,118.21,108.01,108.01,140.0,136.6,48.3,88.3
2025-10-10,19,2025-10-10T16:00:00Z,2025-10-10T17:00:00Z,110.28,110.28,107.44,115.0,80.02,136.38,157.7,46.2,111.5
2025-10-10,20,2025-10-10T17:00:00Z,2025-10-10T18:00:00Z,122.99,122.99,117.96,123.95,52.01,141.32,341.1,123.2,217.9
2025-10-10,21,2025-10-10T18:00:00Z,2025-10-10T19:00:00Z,114.54,114.54,116.33,120.86,100.01,130.47,275.9,116.3,159.6
2025-10-10,22,2025-10-10T19:00:00Z,2025-10-10T20:00:00Z,102.16,102.16,100.38,123.7,65.0,123.7,74.2,27.1,47.1
2025-10-10,23,2025-10-10T20:00:00Z,2025-10-10T21:00:00Z,100.13,100.13,93.76,62.08,62.08,100.72,35.5,29.4,6.1
2025-10-10,24,2025-10-10T21:00:00Z,2025-10-10T22:00:00Z,89.29,89.29,88.82,75.0,75.0,95.18,30.2,13.6,16.6
2025-10-11,1,2025-10-10T22:00:00Z,2025-10-10T23:00:00Z,94.49,94.49,94.14,99.03,91.0,99.03,28.2,12.0,16.2
2025-10-11,2,2025-10-10T23:00:00Z,2025-10-11T00:00:00Z,90.03,90.03,90.02,90.04,90.0,90.05,12.4,0.0,12.4
2025-10-11,3,2025-10-11T00:00:00Z,2025-10-11T01:00:00Z,85.54,85.54,85.96,82.93,82.93,87.11,41.0,21.0,20.0
2025-10-11,4,2025-10-11T01:00:00Z,2025-10-11T02:00:00Z,84.1,84.1,84.0,83.41,80.27,88.99,37.4,11.6,25.8
2025-10-11,5,2025-10-11T02:00:00Z,2025-10-11T03:00:00Z,84.37,84.37,84.32,84.1,84.01,84.55,17.9,0.0,17.9
2025-10-11,6,2025-10-11T03:00:00Z,2025-10-11T04:00:00Z,84.94,84.94,82.51,78.01,78.01,86.11,19.7,1.4,18.3
2025-10-11,7,2025-10-11T04:00:00Z,2025-10-11T05:00:00Z,84.89,84.89,86.02,83.98,83.98,91.58,34.0,0.0,34.0
2025-10-11,8,2025-10-11T05:00:00Z,2025-10-11T06:00:00Z,95.89,95.89,96.04,92.86,84.06,99.46,57.1,20.1,37.0
2025-10-11,9,2025-10-11T06:00:00Z,2025-10-11T07:00:00Z,101.41,101.41,101.84,94.9,94.9,108.08,82.6,21.7,60.9
2025-10-11,10,2025-10-11T07:00:00Z,2025-10-11T08:00:00Z,102.73,102.73,103.27,109.77,94.05,109.77,58.4,20.7,37.7
2025-10-11,11,2025-10-11T08:00:00Z,2025-10-11T09:00:00Z,94.83,94.83,94.61,100.0,89.05,101.82,117.2,69.8,47.4
2025-10-11,12,2025-10-11T09:00:00Z,2025-10-11T10:00:00Z,80.07,80.07,79.47,75.01,75.01,89.97,103.0,65.8,37.2
2025-10-11,13,2025-10-11T10:00:00Z,2025-10-11T11:00:00Z,76.89,76.89,79.39,77.01,69.01,164.0,82.0,58.5,23.5
2025-10-11,14,2025-10-11T11:00:00Z,2025-10-11T12:00:00Z,70.93,70.93,72.34,81.12,54.19,136.0,172.3,115.2,57.1
2025-10-11,15,2025-10-11T12:00:00Z,2025-10-11T13:00:00Z,70.37,70.37,72.03,75.63,64.42,150.0,182.1,136.0,46.1
2025-10-11,16,2025-10-11T13:00:00Z,2025-10-11T14:00:00Z,82.09,82.09,83.98,50.01,50.01,180.0,165.4,108.1,57.3
2025-10-11,17,2025-10-11T14:00:00Z,2025-10-11T15:00:00Z,93.49,93.49,93.83,95.0,89.92,120.0,144.1,104.6,39.5
2025-10-11,18,2025-10-11T15:00:00Z,2025-10-11T16:00:00Z,121.44,121.44,121.59,125.0,111.4,126.02,129.3,75.4,53.9
2025-10-11,19,2025-10-11T16:00:00Z,2025-10-11T17:00:00Z,124.84,124.84,124.6,119.84,117.54,129.49,396.5,200.3,196.2
2025-10-11,20,2025-10-11T17:00:00Z,2025-10-11T18:00:00Z,123.66,123.66,123.32,127.33,74.01,131.3,218.8,113.2,105.6
2025-10-11,21,2025-10-11T18:00:00Z,2025-10-11T19:00:00Z,112.51,112.51,112.51,112.02,108.99,120.56,105.8,77.6,28.2
2025-10-11,22,2025-10-11T19:00:00Z,2025-10-11T20:00:00Z,107.57,107.57,108.62,107.0,105.78,114.95,35.3,34.1,1.2
2025-10-11,23,2025-10-11T20:00:00Z,2025-10-11T21:00:00Z,103.36,103.36,103.43,102.51,98.69,105.59,129.3,32.3,97.0
2025-10-11,24,2025-10-11T21:00:00Z,2025-10-11T22:00:00Z,93.39,93.39,93.95,89.72,89.19,95.83,159.2,43.7,115.5
2025-10-12,1,2025-10-11T22:00:00Z,2025-10-11T23:00:00Z,92.22,92.22,91.81,93.74,88.81,94.82,143.8,72.0,71.8
2025-10-12,2,2025-10-11T23:00:00Z,2025-10-12T00:00:00Z,90.16,90.16,89.94,90.23,86.46,92.9,152.1,77.0,75.1
2025-10-12,3,2025-10-12T00:00:00Z,2025-10-12T01:00:00Z,89.11,89.11,89.15,89.09,85.45,91.25,148.0,73.9,74.1
2025-10-12,4,2025-10-12T01:00:00Z,2025-10-12T02:00:00Z,87.48,87.48,87.37,82.77,82.77,91.99,161.7,76.4,85.3
2025-10-12,5,2025-10-12T02:00:00Z,2025-10-12T03:00:00Z,90.46,90.46,91.11,94.59,83.5,94.59,165.1,77.0,88.1
2025-10-12,6,2025-10-12T03:00:00Z,2025-10-12T04:00:00Z,90.67,90.67,91.04,90.71,83.01,95.0,154.1,77.0,77.1
2025-10-12,7,2025-10-12T04:00:00Z,2025-10-12T05:00:00Z,89.24,89.24,87.99,86.12,83.36,92.0,66.9,28.9,38.0
2025-10-12,8,2025-10-12T05:00:00Z,2025-10-12T06:00:00Z,91.72,91.72,91.8,97.21,87.13,97.21,169.7,79.6,90.1
2025-10-12,9,2025-10-12T06:00:00Z,2025-10-12T07:00:00Z,94.33,94.33,94.59,94.93,89.43,103.03,205.4,68.3,137.1
2025-10-12,10,2025-10-12T07:00:00Z,2025-10-12T08:00:00Z,97.47,97.47,96.16,199.99,86.39,199.99,198.4,56.4,142.0
2025-10-12,11,2025-10-12T08:00:00Z,2025-10-12T09:00:00Z,94.56,94.56,94.15,128.99,79.4,128.99,268.7,136.2,132.5
2025-10-12,12,2025-10-12T09:00:00Z,2025-10-12T10:00:00Z,85.09,85.09,82.17,80.0,20.04,99.75,351.8,217.6,134.2
2025-10-12,13,2025-10-12T10:00:00Z,2025-10-12T11:00:00Z,74.3,74.3,73.6,129.97,13.02,151.88,221.8,121.3,100.5
2025-10-12,14,2025-10-12T11:00:00Z,2025-10-12T12:00:00Z,69.92,69.92,70.95,76.26,20.01,158.15,354.0,224.6,129.4
2025-10-12,15,2025-10-12T12:00:00Z,2025-10-12T13:00:00Z,77.32,77.32,76.66,80.0,63.7,83.22,273.8,174.0,99.8
2025-10-12,16,2025-10-12T13:00:00Z,2025-10-12T14:00:00Z,88.07,88.07,87.6,92.6,81.01,93.64,170.2,65.6,104.6
2025-10-12,17,2025-10-12T14:00:00Z,2025-10-12T15:00:00Z,99.03,99.03,99.82,95.39,89.4,107.01,201.1,57.6,143.5
2025-10-12,18,2025-10-12T15:00:00Z,2025-10-12T16:00:00Z,110.26,110.26,110.52,110.12,105.0,113.5,148.0,74.5,73.5
2025-10-12,19,2025-10-12T16:00:00Z,2025-10-12T17:00:00Z,101.59,101.59,101.7,86.01,86.01,109.0,161.0,80.5,80.5
2025-10-12,20,2025-10-12T17:00:00Z,2025-10-12T18:00:00Z,95.66,95.66,91.32,60.02,60.02,113.0,129.5,64.5,65.0
2025-10-12,21,2025-10-12T18:00:00Z,2025-10-12T19:00:00Z,100.36,100.36,95.02,70.02,70.02,115.0,174.0,87.0,87.0
2025-10-12,22,2025-10-12T19:00:00Z,2025-10-12T20:00:00Z,103.77,103.77,102.44,105.96,94.0,105.98,113.0,56.5,56.5
2025-10-12,23,2025-10-12T20:00:00Z,2025-10-12T21:00:00Z,102.8,102.8,105.19,118.79,95.0,118.79,71.0,43.0,28.0
2025-10-12,24,2025-10-12T21:00:00Z,2025-10-12T22:00:00Z,92.36,92.36,92.03,86.89,83.0,98.1,164.6,52.6,112.0
2025-10-13,1,2025-10-12T22:00:00Z,2025-10-12T23:00:00Z,100.54,100.54,100.96,102.93,95.3,103.83,35.0,25.0,10.0
2025-10-13,2,2025-10-12T23:00:00Z,2025-10-13T00:00:00Z,93.13,93.13,93.03,94.5,88.83,95.44,50.4,33.5,16.9
2025-10-13,3,2025-10-13T00:00:00Z,2025-10-13T01:00:00Z,92.5,92.5,91.97,94.22,88.99,94.22,30.9,25.9,5.0
2025-10-13,4,2025-10-13T01:00:00Z,2025-10-13T02:00:00Z,90.12,90.12,90.15,96.65,85.74,96.65,27.7,17.0,10.7
2025-10-13,5,2025-10-13T02:00:00Z,2025-10-13T03:00:00Z,93.49,93.49,93.77,95.0,87.83,98.73,60.5,35.5,25.0
2025-10-13,6,2025-10-13T03:00:00Z,2025-10-13T04:00:00Z,99.47,99.47,100.77,104.54,93.99,105.78,29.8,5.3,24.5
2025-10-13,7,2025-10-13T04:00:00Z,2025-10-13T05:00:00Z,131.25,131.25,134.53,144.49,115.26,145.0,65.0,13.5,51.5
2025-10-13,8,2025-10-13T05:00:00Z,2025-10-13T06:00:00Z,204.89,204.89,203.8,166.84,154.2,216.79,376.0,27.1,348.9
2025-10-13,9,2025-10-13T06:00:00Z,2025-10-13T07:00:00Z,193.49,193.49,192.63,182.0,167.0,202.04,189.8,20.2,169.6
2025-10-13,10,2025-10-13T07:00:00Z,2025-10-13T08:00:00Z,139.78,139.78,140.03,136.7,133.0,150.55,117.5,45.3,72.2
2025-10-13,11,2025-10-13T08:00:00Z,2025-10-13T09:00:00Z,126.96,126.96,127.08,120.0,120.0,137.4,565.9,426.2,139.7
2025-10-13,12,2025-10-13T09:00:00Z,2025-10-13T10:00:00Z,113.24,113.24,113.18,108.04,107.85,119.0,605.0,354.8,250.2
2025-10-13,13,2025-10-13T10:00:00Z,2025-10-13T11:00:00Z,98.83,98.83,98.43,92.01,86.0,108.4,327.4,95.1,232.3
2025-10-13,14,2025-10-13T11:00:00Z,2025-10-13T12:00:00Z,99.02,99.02,99.63,87.0,87.0,113.0,462.7,252.0,210.7
2025-10-13,15,2025-10-13T12:00:00Z,2025-10-13T13:00:00Z,97.0,97.0,97.32,85.0,83.87,112.38,356.1,180.1,176.0
2025-10-13,16,2025-10-13T13:00:00Z,2025-10-13T14:00:00Z,106.23,106.23,104.84,83.0,81.0,122.73,227.3,94.5,132.8
2025-10-13,17,2025-10-13T14:00:00Z,2025-10-13T15:00:00Z,99.74,99.74,99.98,76.11,60.01,112.0,328.8,169.9,158.9
2025-10-13,18,2025-10-13T15:00:00Z,2025-10-13T16:00:00Z,179.2,179.2,182.83,178.0,150.0,222.5,115.6,52.7,62.9
2025-10-13,19,2025-10-13T16:00:00Z,2025-10-13T17:00:00Z,325.69,325.69,329.89,275.0,230.0,413.74,454.8,199.8,255.0
2025-10-13,20,2025-10-13T17:00:00Z,2025-10-13T18:00:00Z,329.9,329.9,343.28,336.02,258.61,415.0,428.8,197.2,231.6
2025-10-13,21,2025-10-13T18:00:00Z,2025-10-13T19:00:00Z,201.11,201.11,216.67,157.0,99.0,299.0,466.0,195.6,270.4
2025-10-13,22,2025-10-13T19:00:00Z,2025-10-13T20:00:00Z,136.05,136.05,137.62,143.99,128.67,153.01,306.4,117.0,189.4
2025-10-13,23,2025-10-13T20:00:00Z,2025-10-13T21:00:00Z,118.28,118.28,118.11,124.99,100.08,124.99,171.8,84.5,87.3
2025-10-13,24,2025-10-13T21:00:00Z,2025-10-13T22:00:00Z,109.77,109.77,110.16,107.1,103.51,115.0,82.5,61.3,21.2
2025-10-14,1,2025-10-13T22:00:00Z,2025-10-13T23:00:00Z,110.52,110.52,110.73,109.5,103.0,115.0,30.6,28.6,2.0
2025-10-14,2,2025-10-13T23:00:00Z,2025-10-14T00:00:00Z,111.08,111.08,111.07,110.0,104.0,113.39,52.5,40.5,12.0
2025-10-14,3,2025-10-14T00:00:00Z,2025-10-14T01:00:00Z,111.82,111.82,110.72,115.17,104.0,115.17,38.2,36.2,2.0
2025-10-14,4,2025-10-14T01:00:00Z,2025-10-14T02:00:00Z,109.16,109.16,107.51,110.0,102.78,111.54,33.7,31.7,2.0
2025-10-14,5,2025-10-14T02:00:00Z,2025-10-14T03:00:00Z,108.58,108.58,111.49,115.0,104.01,115.0,5.0,2.0,3.0
2025-10-14,6,2025-10-14T03:00:00Z,2025-10-14T04:00:00Z,100.0,100.0,100.0,100.0,100.0,100.0,50.0,25.0,25.0
2025-10-14,7,2025-10-14T04:00:00Z,2025-10-14T05:00:00Z,245.86,245.86,162.72,134.11,104.0,354.97,78.8,28.8,50.0
2025-10-14,8,2025-10-14T05:00:00Z,2025-10-14T06:00:00Z,208.69,208.69,209.97,185.02,185.02,260.0,136.3,38.0,98.3
2025-10-14,9,2025-10-14T06:00:00Z,2025-10-14T07:00:00Z,204.44,204.44,204.59,199.99,173.01,248.43,213.5,62.2,151.3
2025-10-14,10,2025-10-14T07:00:00Z,2025-10-14T08:00:00Z,164.43,164.43,161.47,120.01,120.01,192.33,71.9,43.4,28.5
2025-10-14,11,2025-10-14T08:00:00Z,2025-10-14T09:00:00Z,132.05,132.05,132.9,70.59,70.59,148.11,260.7,114.2,146.5
2025-10-14,12,2025-10-14T09:00:00Z,2025-10-14T10:00:00Z,126.3,126.3,124.93,148.99,115.53,148.99,207.6,100.8,106.8
2025-10-14,13,2025-10-14T10:00:00Z,2025-10-14T11:00:00Z,106.67,106.67,110.6,30.0,30.0,130.96,239.8,127.0,112.8
2025-10-14,14,2025-10-14T11:00:00Z,2025-10-14T12:00:00Z,109.99,109.99,107.67,88.2,88.2,129.0,136.4,65.6,70.8
2025-10-14,15,2025-10-14T12:00:00Z,2025-10-14T13:00:00Z,110.48,110.48,112.54,75.0,75.0,129.54,398.0,209.4,188.6
2025-10-14,16,2025-10-14T13:00:00Z,2025-10-14T14:00:00Z,134.85,134.85,134.03,124.44,122.44,144.11,120.8,51.9,68.9
2025-10-14,17,2025-10-14T14:00:00Z,2025-10-14T15:00:00Z,171.43,171.43,171.09,150.25,150.0,195.56,98.0,42.4,55.6
2025-10-14,18,2025-10-14T15:00:00Z,2025-10-14T16:00:00Z,238.21,238.21,230.35,177.0,177.0,273.53,258.9,113.5,145.4
2025-10-14,19,2025-10-14T16:00:00Z,2025-10-14T17:00:00Z,345.77,345.77,351.85,195.0,195.0,461.02,295.2,106.4,188.8
2025-10-14,20,2025-10-14T17:00:00Z,2025-10-14T18:00:00Z,378.34,378.34,368.7,286.84,255.0,473.01,208.1,69.4,138.7
2025-10-14,21,2025-10-14T18:00:00Z,2025-10-14T19:00:00Z,215.21,215.21,209.73,174.34,174.34,258.28,185.0,39.3,145.7
2025-10-14,22,2025-10-14T19:00:00Z,2025-10-14T20:00:00Z,146.92,146.92,148.87,160.0,128.1,164.89,305.5,134.8,170.7
2025-10-14,23,2025-10-14T20:00:00Z,2025-10-14T21:00:00Z,115.83,115.83,115.4,115.0,105.1,130.05,55.7,32.4,23.3
2025-10-14,24,2025-10-14T21:00:00Z,2025-10-14T22:00:00Z,102.1,102.1,98.88,91.88,91.88,105.0,12.5,11.4,1.1
2025-10-15,1,2025-10-14T22:00:00Z,2025-10-14T23:00:00Z,105.68,105.68,104.94,107.0,102.0,109.62,14.4,0.4,14.0
2025-10-15,2,2025-10-14T23:00:00Z,2025-10-15T00:00:00Z,103.11,103.11,102.87,104.0,100.0,107.98,250.6,231.6,19.0
2025-10-15,3,2025-10-15T00:00:00Z,2025-10-15T01:00:00Z,102.02,102.02,101.41,111.0,94.99,111.0,135.6,86.2,49.4
2025-10-15,4,2025-10-15T01:00:00Z,2025-10-15T02:00:00Z,105.96,105.96,106.47,114.31,96.56,117.97,108.2,53.5,54.7
2025-10-15,5,2025-10-15T02:00:00Z,2025-10-15T03:00:00Z,109.14,109.14,109.71,115.87,103.12,117.36,138.0,67.9,70.1
2025-10-15,6,2025-10-15T03:00:00Z,2025-10-15T04:00:00Z,118.15,118.15,117.73,119.7,112.85,120.79,64.4,0.4,64.0
2025-10-15,7,2025-10-15T04:00:00Z,2025-10-15T05:00:00Z,147.5,147.5,147.89,149.99,140.81,150.0,98.6,39.2,59.4
2025-10-15,8,2025-10-15T05:00:00Z,2025-10-15T06:00:00Z,230.12,230.12,235.46,205.0,195.5,310.0,171.8,16.9,154.9
2025-10-15,9,2025-10-15T06:00:00Z,2025-10-15T07:00:00Z,238.33,238.33,241.67,151.01,149.44,259.9,223.9,27.4,196.5
2025-10-15,10,2025-10-15T07:00:00Z,2025-10-15T08:00:00Z,155.23,155.23,154.64,142.1,131.71,178.35,227.9,39.7,188.2
2025-10-15,11,2025-10-15T08:00:00Z,2025-10-15T09:00:00Z,130.29,130.29,130.27,123.9,121.3,143.0,174.4,28.3,146.1
2025-10-15,12,2025-10-15T09:00:00Z,2025-10-15T10:00:00Z,113.02,113.02,111.88,90.14,90.14,128.79,205.6,52.4,153.2
2025-10-15,13,2025-10-15T10:00:00Z,2025-10-15T11:00:00Z,110.45,110.45,106.97,90.01,90.0,130.0,346.0,110.6,235.4
2025-10-15,14,2025-10-15T11:00:00Z,2025-10-15T12:00:00Z,107.77,107.77,105.19,109.65,86.11,118.42,239.5,73.4,166.1
2025-10-15,15,2025-10-15T12:00:00Z,2025-10-15T13:00:00Z,113.1,113.1,112.93,122.32,100.45,124.73,200.5,51.8,148.7
2025-10-15,16,2025-10-15T13:00:00Z,2025-10-15T14:00:00Z,119.6,119.6,120.09,121.9,111.53,130.61,227.3,76.6,150.7
2025-10-15,17,2025-10-15T14:00:00Z,2025-10-15T15:00:00Z,135.64,135.64,135.01,147.0,119.2,150.0,118.6,37.1,81.5
2025-10-15,18,2025-10-15T15:00:00Z,2025-10-15T16:00:00Z,174.75,174.75,165.27,151.0,137.4,252.51,152.5,48.6,103.9
2025-10-15,19,2025-10-15T16:00:00Z,2025-10-15T17:00:00Z,181.16,181.16,181.41,148.99,141.99,299.07,736.8,172.7,564.1
2025-10-15,20,2025-10-15T17:00:00Z,2025-10-15T18:00:00Z,194.15,194.15,195.11,145.91,145.89,283.81,437.4,119.9,317.5
2025-10-15,21,2025-10-15T18:00:00Z,2025-10-15T19:00:00Z,157.36,157.36,153.69,160.0,130.0,237.62,248.4,91.0,157.4
2025-10-15,22,2025-10-15T19:00:00Z,2025-10-15T20:00:00Z,113.94,113.94,114.27,112.01,100.0,126.92,226.3,87.8,138.5
2025-10-15,23,2025-10-15T20:00:00Z,2025-10-15T21:00:00Z,118.09,118.09,118.34,120.0,84.95,125.36,125.3,46.4,78.9
2025-10-15,24,2025-10-15T21:00:00Z,2025-10-15T22:00:00Z,101.45,101.45,100.85,108.75,80.0,110.06,253.8,98.3,155.5
2025-10-16,1,2025-10-15T22:00:00Z,2025-10-15T23:00:00Z,99.53,99.53,99.99,103.11,94.49,107.24,59.4,29.7,29.7
2025-10-16,2,2025-10-15T23:00:00Z,2025-10-16T00:00:00Z,89.32,89.32,90.18,90.0,75.0,99.79,90.2,35.0,55.2
2025-10-16,3,2025-10-16T00:00:00Z,2025-10-16T01:00:00Z,84.45,84.45,82.22,86.35,50.11,88.89,87.5,37.5,50.0
2025-10-16,4,2025-10-16T01:00:00Z,2025-10-16T02:00:00Z,83.93,83.93,85.94,84.0,60.14,93.19,172.8,71.8,101.0
2025-10-16,5,2025-10-16T02:00:00Z,2025-10-16T03:00:00Z,89.04,89.04,91.8,88.0,81.5,100.0,107.2,43.4,63.8
2025-10-16,6,2025-10-16T03:00:00Z,2025-10-16T04:00:00Z,105.08,105.08,103.89,90.99,90.99,110.0,47.6,33.1,14.5
2025-10-16,7,2025-10-16T04:00:00Z,2025-10-16T05:00:00Z,116.06,116.06,112.77,123.23,80.0,123.23,76.9,41.4,35.5
2025-10-16,8,2025-10-16T05:00:00Z,2025-10-16T06:00:00Z,135.13,135.13,135.08,103.22,103.22,144.03,124.2,40.3,83.9
2025-10-16,9,2025-10-16T06:00:00Z,2025-10-16T07:00:00Z,121.82,121.82,121.79,100.01,100.0,140.0,89.4,64.4,25.0
2025-10-16,10,2025-10-16T07:00:00Z,2025-10-16T08:00:00Z,105.89,105.89,102.11,80.2,80.0,120.0,81.6,65.3,16.3
2025-10-16,11,2025-10-16T08:00:00Z,2025-10-16T09:00:00Z,100.6,100.6,102.06,119.0,65.0,119.0,144.4,86.0,58.4
2025-10-16,12,2025-10-16T09:00:00Z,2025-10-16T10:00:00Z,105.24,105.24,106.38,117.01,90.0,118.0,223.8,122.5,101.3
2025-10-16,13,2025-10-16T10:00:00Z,2025-10-16T11:00:00Z,101.81,101.81,104.18,110.04,90.0,112.0,194.9,123.3,71.6
2025-10-16,14,2025-10-16T11:00:00Z,2025-10-16T12:00:00Z,97.88,97.88,97.3,100.6,90.0,107.0,249.0,147.7,101.3
2025-10-16,15,2025-10-16T12:00:00Z,2025-10-16T13:00:00Z,97.89,97.89,96.59,92.0,89.0,103.8,165.7,88.9,76.8
2025-10-16,16,2025-10-16T13:00:00Z,2025-10-16T14:00:00Z,106.33,106.33,108.09,109.0,88.0,124.8,96.4,49.2,47.2
2025-10-16,17,2025-10-16T14:00:00Z,2025-10-16T15:00:00Z,127.43,127.43,126.19,93.67,93.67,133.93,205.1,118.0,87.1
2025-10-16,18,2025-10-16T15:00:00Z,2025-10-16T16:00:00Z,142.23,142.23,137.06,100.2,100.16,152.86,173.1,53.1,120.0
2025-10-16,19,2025-10-16T16:00:00Z,2025-10-16T17:00:00Z,147.36,147.36,148.84,134.05,130.15,169.79,445.2,174.6,270.6
2025-10-16,20,2025-10-16T17:00:00Z,2025-10-16T18:00:00Z,153.39,153.39,154.35,151.0,142.2,164.42,314.1,102.2,211.9
2025-10-16,21,2025-10-16T18:00:00Z,2025-10-16T19:00:00Z,137.09,137.09,133.75,120.0,120.0,153.37,184.1,85.0,99.1
2025-10-16,22,2025-10-16T19:00:00Z,2025-10-16T20:00:00Z,121.77,121.77,122.15,118.01,116.99,130.0,196.1,108.8,87.3
2025-10-16,23,2025-10-16T20:00:00Z,2025-10-16T21:00:00Z,119.13,119.13,117.91,114.66,112.56,126.95,102.0,72.8,29.2
2025-10-16,24,2025-10-16T21:00:00Z,2025-10-16T22:00:00Z,117.33,117.33,116.75,118.1,98.33,122.0,72.5,34.5,38.0
2025-10-17,1,2025-10-16T22:00:00Z,2025-10-16T23:00:00Z,91.82,91.82,91.98,91.6,90.1,95.81,8.8,0.9,7.9
2025-10-17,2,2025-10-16T23:00:00Z,2025-10-17T00:00:00Z,88.06,88.06,90.72,95.45,85.0,96.05,8.0,0.9,7.1
2025-10-17,3,2025-10-17T00:00:00Z,2025-10-17T01:00:00Z,78.61,78.61,69.87,90.16,35.0,90.16,28.0,15.3,12.7
2025-10-17,4,2025-10-17T01:00:00Z,2025-10-17T02:00:00Z,85.16,85.16,84.04,85.18,40.27,90.14,35.5,21.7,13.8
2025-10-17,5,2025-10-17T02:00:00Z,2025-10-17T03:00:00Z,85.64,85.64,83.47,94.7,70.0,95.0,35.7,15.7,20.0
2025-10-17,6,2025-10-17T03:00:00Z,2025-10-17T04:00:00Z,94.41,94.41,95.11,106.0,91.0,106.96,24.0,10.5,13.5
2025-10-17,7,2025-10-17T04:00:00Z,2025-10-17T05:00:00Z,139.04,139.04,138.73,140.01,126.0,151.7,24.8,6.1,18.7
2025-10-17,8,2025-10-17T05:00:00Z,2025-10-17T06:00:00Z,141.59,141.59,142.2,140.28,134.38,157.9,52.8,7.9,44.9
2025-10-17,9,2025-10-17T06:00:00Z,2025-10-17T07:00:00Z,147.99,147.99,147.13,141.59,138.0,165.41,160.8,55.6,105.2
2025-10-17,10,2025-10-17T07:00:00Z,2025-10-17T08:00:00Z,140.19,140.19,133.51,133.0,128.11,160.99,109.5,36.0,73.5
2025-10-17,11,2025-10-17T08:00:00Z,2025-10-17T09:00:00Z,121.95,121.95,119.31,154.98,113.73,154.98,140.5,85.9,54.6
2025-10-17,12,2025-10-17T09:00:00Z,2025-10-17T10:00:00Z,110.94,110.94,109.36,154.99,98.61,154.99,197.6,140.2,57.4
2025-10-17,13,2025-10-17T10:00:00Z,2025-10-17T11:00:00Z,102.59,102.59,99.79,110.0,88.54,125.0,312.2,244.2,68.0
2025-10-17,14,2025-10-17T11:00:00Z,2025-10-17T12:00:00Z,100.03,100.03,100.57,111.0,86.63,114.0,188.6,147.9,40.7
2025-10-17,15,2025-10-17T12:00:00Z,2025-10-17T13:00:00Z,110.8,110.8,110.95,118.99,94.0,127.3,199.2,147.3,51.9
2025-10-17,16,2025-10-17T13:00:00Z,2025-10-17T14:00:00Z,130.41,130.41,131.85,130.23,110.0,148.34,209.9,138.1,71.8
2025-10-17,17,2025-10-17T14:00:00Z,2025-10-17T15:00:00Z,159.15,159.15,161.19,135.51,130.0,186.79,252.1,54.0,198.1
2025-10-17,18,2025-10-17T15:00:00Z,2025-10-17T16:00:00Z,142.78,142.78,142.93,140.0,131.0,173.87,150.0,65.0,85.0
2025-10-17,19,2025-10-17T16:00:00Z,2025-10-17T17:00:00Z,144.77,144.77,145.58,147.01,140.05,179.92,135.9,47.1,88.8
2025-10-17,20,2025-10-17T17:00:00Z,2025-10-17T18:00:00Z,152.21,152.21,155.58,148.84,130.0,170.98,148.5,48.6,99.9
2025-10-17,21,2025-10-17T18:00:00Z,2025-10-17T19:00:00Z,111.59,111.59,108.24,115.0,99.0,119.99,86.1,32.8,53.3
2025-10-17,22,2025-10-17T19:00:00Z,2025-10-17T20:00:00Z,107.88,107.88,109.02,113.0,100.0,130.0,120.7,42.0,78.7
2025-10-17,23,2025-10-17T20:00:00Z,2025-10-17T21:00:00Z,118.62,118.62,118.21,103.52,95.0,148.28,165.2,107.8,57.4
2025-10-17,24,2025-10-17T21:00:00Z,2025-10-17T22:00:00Z,109.58,109.58,105.63,115.0,98.0,115.0,83.9,36.1,47.8
2025-10-18,1,2025-10-17T22:00:00Z,2025-10-17T23:00:00Z,108.65,108.65,108.38,105.0,104.97,118.58,7.4,4.0,3.4
2025-10-18,2,2025-10-17T23:00:00Z,2025-10-18T00:00:00Z,91.86,91.86,89.18,70.01,70.01,99.12,10.7,4.3,6.4
2025-10-18,3,2025-10-18T00:00:00Z,2025-10-18T01:00:00Z,93.68,93.68,94.63,96.76,87.0,98.08,20.3,6.9,13.4
2025-10-18,4,2025-10-18T01:00:00Z,2025-10-18T02:00:00Z,91.23,91.23,91.67,96.76,85.87,96.76,32.8,29.9,2.9
2025-10-18,5,2025-10-18T02:00:00Z,2025-10-18T03:00:00Z,92.02,92.02,89.65,80.0,75.11,107.8,10.0,4.2,5.8
2025-10-18,6,2025-10-18T03:00:00Z,2025-10-18T04:00:00Z,91.6,91.6,90.48,103.21,82.0,103.21,8.4,4.5,3.9
2025-10-18,7,2025-10-18T04:00:00Z,2025-10-18T05:00:00Z,92.08,92.08,94.7,102.55,79.0,102.55,9.0,4.5,4.5
2025-10-18,8,2025-10-18T05:00:00Z,2025-10-18T06:00:00Z,109.11,109.11,111.51,120.19,100.0,120.19,8.4,4.5,3.9
2025-10-18,9,2025-10-18T06:00:00Z,2025-10-18T07:00:00Z,155.9,155.9,146.42,202.9,107.9,202.9,97.4,48.7,48.7
2025-10-18,10,2025-10-18T07:00:00Z,2025-10-18T08:00:00Z,174.41,174.41,196.74,110.02,101.81,359.84,166.4,79.0,87.4
2025-10-18,11,2025-10-18T08:00:00Z,2025-10-18T09:00:00Z,142.45,142.45,149.71,160.0,92.65,200.0,191.1,93.6,97.5
2025-10-18,12,2025-10-18T09:00:00Z,2025-10-18T10:00:00Z,208.41,208.41,215.49,255.16,86.01,364.99,300.1,79.1,221.0
2025-10-18,13,2025-10-18T10:00:00Z,2025-10-18T11:00:00Z,120.1,120.1,116.79,94.98,70.0,249.98,398.8,189.5,209.3
2025-10-18,14,2025-10-18T11:00:00Z,2025-10-18T12:00:00Z,103.52,103.52,95.8,70.1,68.81,210.0,414.6,237.2,177.4
2025-10-18,15,2025-10-18T12:00:00Z,2025-10-18T13:00:00Z,138.31,138.31,130.87,135.0,82.85,290.0,167.6,82.1,85.5
2025-10-18,16,2025-10-18T13:00:00Z,2025-10-18T14:00:00Z,122.97,122.97,112.59,99.98,90.01,158.0,231.2,116.6,114.6
2025-10-18,17,2025-10-18T14:00:00Z,2025-10-18T15:00:00Z,101.49,101.49,97.8,70.85,70.85,111.0,129.4,65.4,64.0
2025-10-18,18,2025-10-18T15:00:00Z,2025-10-18T16:00:00Z,56.62,56.62,68.65,20.01,20.0,116.06,155.8,77.9,77.9
2025-10-18,19,2025-10-18T16:00:00Z,2025-10-18T17:00:00Z,56.78,56.78,60.18,-0.02,-0.02,124.8,177.9,91.2,86.7
2025-10-18,20,2025-10-18T17:00:00Z,2025-10-18T18:00:00Z,86.0,86.0,88.09,29.99,15.0,123.2,108.3,22.9,85.4
2025-10-18,21,2025-10-18T18:00:00Z,2025-10-18T19:00:00Z,108.99,108.99,109.24,108.68,108.0,112.12,17.9,5.2,12.7
2025-10-18,22,2025-10-18T19:00:00Z,2025-10-18T20:00:00Z,93.15,93.15,95.07,79.88,79.88,124.95,115.5,30.9,84.6
2025-10-18,23,2025-10-18T20:00:00Z,2025-10-18T21:00:00Z,95.14,95.14,96.39,84.51,83.85,108.49,89.7,25.2,64.5
2025-10-18,24,2025-10-18T21:00:00Z,2025-10-18T22:00:00Z,91.69,91.69,91.8,80.92,80.92,148.42,131.1,52.5,78.6
2025-10-19,1,2025-10-18T22:00:00Z,2025-10-18T23:00:00Z,79.96,79.96,79.79,80.01,78.04,80.02,17.4,0.4,17.0
2025-10-19,2,2025-10-18T23:00:00Z,2025-10-19T00:00:00Z,77.11,77.11,77.28,78.0,76.55,78.0,4.9,0.0,4.9
2025-10-19,3,2025-10-19T00:00:00Z,2025-10-19T01:00:00Z,72.04,72.04,72.32,72.0,72.0,72.88,3.0,0.0,3.0
2025-10-19,4,2025-10-19T01:00:00Z,2025-10-19T02:00:00Z,68.84,68.84,69.15,68.56,68.56,70.1,18.0,0.0,18.0
2025-10-19,5,2025-10-19T02:00:00Z,2025-10-19T03:00:00Z,68.37,68.37,68.26,68.1,67.0,72.0,52.3,14.9,37.4
2025-10-19,6,2025-10-19T03:00:00Z,2025-10-19T04:00:00Z,74.45,74.45,72.7,71.77,69.0,80.0,45.5,7.0,38.5
2025-10-19,7,2025-10-19T04:00:00Z,2025-10-19T05:00:00Z,96.73,96.73,95.99,113.72,77.21,113.72,105.9,44.2,61.7
2025-10-19,8,2025-10-19T05:00:00Z,2025-10-19T06:00:00Z,105.09,105.09,104.45,110.32,80.01,115.41,100.0,35.0,65.0
2025-10-19,9,2025-10-19T06:00:00Z,2025-10-19T07:00:00Z,94.46,94.46,95.4,82.69,82.69,105.09,144.1,35.2,108.9
2025-10-19,10,2025-10-19T07:00:00Z,2025-10-19T08:00:00Z,72.11,72.11,71.82,82.22,66.92,82.22,153.0,25.2,127.8
2025-10-19,11,2025-10-19T08:00:00Z,2025-10-19T09:00:00Z,58.24,58.24,58.73,63.95,53.96,68.85,126.0,14.0,112.0
2025-10-19,12,2025-10-19T09:00:00Z,2025-10-19T10:00:00Z,41.82,41.82,40.6,27.0,26.64,51.62,151.7,36.2,115.5
2025-10-19,13,2025-10-19T10:00:00Z,2025-10-19T11:00:00Z,4.26,4.26,2.99,-7.33,-7.39,13.36,127.7,44.9,82.8
2025-10-19,14,2025-10-19T11:00:00Z,2025-10-19T12:00:00Z,-3.51,-3.51,-4.14,5.0,-17.6,24.58,168.6,74.3,94.3
2025-10-19,15,2025-10-19T12:00:00Z,2025-10-19T13:00:00Z,3.33,3.33,0.57,-14.0,-19.87,38.13,176.1,64.8,111.3
2025-10-19,16,2025-10-19T13:00:00Z,2025-10-19T14:00:00Z,38.64,38.64,37.81,25.02,24.73,57.88,228.0,84.1,143.9
2025-10-19,17,2025-10-19T14:00:00Z,2025-10-19T15:00:00Z,80.01,80.01,76.33,81.59,64.01,100.02,117.3,27.1,90.2
2025-10-19,18,2025-10-19T15:00:00Z,2025-10-19T16:00:00Z,129.46,129.46,128.44,148.81,108.3,148.81,249.2,61.3,187.9
2025-10-19,19,2025-10-19T16:00:00Z,2025-10-19T17:00:00Z,136.25,136.25,139.23,121.1,114.02,175.85,250.2,92.9,157.3
2025-10-19,20,2025-10-19T17:00:00Z,2025-10-19T18:00:00Z,146.3,146.3,151.12,170.03,113.0,187.0,274.0,89.5,184.5
2025-10-19,21,2025-10-19T18:00:00Z,2025-10-19T19:00:00Z,117.73,117.73,111.36,115.0,90.0,151.07,128.7,73.0,55.7
2025-10-19,22,2025-10-19T19:00:00Z,2025-10-19T20:00:00Z,114.69,114.69,114.1,124.99,99.0,130.18,258.6,96.2,162.4
2025-10-19,23,2025-10-19T20:00:00Z,2025-10-19T21:00:00Z,106.78,106.78,107.88,137.68,76.8,137.68,131.2,46.2,85.0
2025-10-19,24,2025-10-19T21:00:00Z,2025-10-19T22:00:00Z,86.45,86.45,87.75,72.2,67.0,97.73,45.3,28.1,17.2
2025-10-20,1,2025-10-19T22:00:00Z,2025-10-19T23:00:00Z,84.78,84.78,83.42,85.7,80.0,85.7,3.1,0.0,3.1
2025-10-20,2,2025-10-19T23:00:00Z,2025-10-20T00:00:00Z,148.38,148.38,286.11,995.0,81.5,995.0,5.6,1.3,4.3
2025-10-20,3,2025-10-20T00:00:00Z,2025-10-20T01:00:00Z,102.78,102.78,103.35,100.0,80.0,159.06,12.2,5.1,7.1
2025-10-20,4,2025-10-20T01:00:00Z,2025-10-20T02:00:00Z,91.58,91.58,90.72,110.0,79.99,110.0,17.4,5.7,11.7
2025-10-20,5,2025-10-20T02:00:00Z,2025-10-20T03:00:00Z,90.31,90.31,90.27,92.81,88.01,92.81,7.2,1.1,6.1
2025-10-20,6,2025-10-20T03:00:00Z,2025-10-20T04:00:00Z,110.6,110.6,108.9,120.84,102.6,120.84,28.6,6.0,22.6
2025-10-20,7,2025-10-20T04:00:00Z,2025-10-20T05:00:00Z,226.45,226.45,217.39,253.68,110.0,253.94,45.0,0.4,44.6
2025-10-20,8,2025-10-20T05:00:00Z,2025-10-20T06:00:00Z,288.45,288.45,278.86,425.18,160.0,425.18,78.4,13.1,65.3
2025-10-20,9,2025-10-20T06:00:00Z,2025-10-20T07:00:00Z,192.32,192.32,176.22,229.99,146.69,229.99,69.9,21.1,48.8
2025-10-20,10,2025-10-20T07:00:00Z,2025-10-20T08:00:00Z,118.86,118.86,115.98,184.99,96.9,184.99,47.0,5.0,42.0
2025-10-20,11,2025-10-20T08:00:00Z,2025-10-20T09:00:00Z,70.65,70.65,66.36,144.98,45.52,144.98,173.9,102.9,71.0
2025-10-20,12,2025-10-20T09:00:00Z,2025-10-20T10:00:00Z,45.52,45.52,55.0,10.0,3.85,93.01,226.7,136.3,90.4
2025-10-20,13,2025-10-20T10:00:00Z,2025-10-20T11:00:00Z,51.5,51.5,52.3,41.03,36.0,81.0,164.3,88.0,76.3
2025-10-20,14,2025-10-20T11:00:00Z,2025-10-20T12:00:00Z,56.17,56.17,50.21,30.0,24.26,104.9,183.7,102.3,81.4
2025-10-20,15,2025-10-20T12:00:00Z,2025-10-20T13:00:00Z,59.42,59.42,50.69,20.0,19.93,96.0,211.3,123.9,87.4
2025-10-20,16,2025-10-20T13:00:00Z,2025-10-20T14:00:00Z,112.07,112.07,112.92,103.38,103.38,120.0,105.1,37.8,67.3
2025-10-20,17,2025-10-20T14:00:00Z,2025-10-20T15:00:00Z,166.14,166.14,164.35,161.01,110.0,176.74,183.5,37.2,146.3
2025-10-20,18,2025-10-20T15:00:00Z,2025-10-20T16:00:00Z,120.57,120.57,114.43,96.65,80.01,143.07,268.0,104.0,164.0
2025-10-20,19,2025-10-20T16:00:00Z,2025-10-20T17:00:00Z,107.51,107.51,105.52,100.0,70.0,129.98,274.7,101.9,172.8
2025-10-20,20,2025-10-20T17:00:00Z,2025-10-20T18:00:00Z,108.63,108.63,105.26,80.0,70.0,245.82,460.3,216.8,243.5
2025-10-20,21,2025-10-20T18:00:00Z,2025-10-20T19:00:00Z,140.9,140.9,155.33,93.76,70.0,331.99,406.8,169.8,237.0
2025-10-20,22,2025-10-20T19:00:00Z,2025-10-20T20:00:00Z,115.31,115.31,99.19,55.0,45.01,201.11,160.5,69.4,91.1
2025-10-20,23,2025-10-20T20:00:00Z,2025-10-20T21:00:00Z,149.92,149.92,156.7,126.53,100.0,180.0,265.3,54.1,211.2
2025-10-20,24,2025-10-20T21:00:00Z,2025-10-20T22:00:00Z,117.79,117.79,124.33,120.53,97.82,140.0,134.5,43.8,90.7
2025-10-21,1,2025-10-20T22:00:00Z,2025-10-20T23:00:00Z,112.05,112.05,112.6,119.0,99.0,119.0,60.2,0.9,59.3
2025-10-21,2,2025-10-20T23:00:00Z,2025-10-21T00:00:00Z,95.24,95.24,95.54,95.19,95.0,99.8,63.2,0.4,62.8
2025-10-21,3,2025-10-21T00:00:00Z,2025-10-21T01:00:00Z,84.64,84.64,86.25,92.98,83.63,100.05,40.2,0.4,39.8
2025-10-21,4,2025-10-21T01:00:00Z,2025-10-21T02:00:00Z,101.26,101.26,93.23,115.0,45.0,115.0,24.3,4.2,20.1
2025-10-21,5,2025-10-21T02:00:00Z,2025-10-21T03:00:00Z,136.28,136.28,104.95,159.12,91.39,159.12,46.8,18.9,27.9
2025-10-21,6,2025-10-21T03:00:00Z,2025-10-21T04:00:00Z,112.29,112.29,109.25,117.46,103.86,117.46,11.8,3.9,7.9
2025-10-21,7,2025-10-21T04:00:00Z,2025-10-21T05:00:00Z,191.27,191.27,216.52,410.0,80.1,410.0,290.3,66.9,223.4
2025-10-21,8,2025-10-21T05:00:00Z,2025-10-21T06:00:00Z,243.37,243.37,264.9,300.21,156.16,459.51,510.4,136.9,373.5
2025-10-21,9,2025-10-21T06:00:00Z,2025-10-21T07:00:00Z,250.38,250.38,268.32,399.0,174.63,475.12,322.6,71.1,251.5
2025-10-21,10,2025-10-21T07:00:00Z,2025-10-21T08:00:00Z,175.27,175.27,186.86,202.5,168.49,202.5,51.7,21.9,29.8
2025-10-21,11,2025-10-21T08:00:00Z,2025-10-21T09:00:00Z,181.77,181.77,178.2,189.99,139.19,228.97,107.2,52.4,54.8
2025-10-21,12,2025-10-21T09:00:00Z,2025-10-21T10:00:00Z,183.06,183.06,176.14,194.99,139.28,221.44,93.0,46.5,46.5
2025-10-21,13,2025-10-21T10:00:00Z,2025-10-21T11:00:00Z,164.41,164.41,157.49,174.99,132.3,183.84,45.5,21.8,23.7
2025-10-21,14,2025-10-21T11:00:00Z,2025-10-21T12:00:00Z,140.82,140.82,141.24,156.98,116.3,156.98,71.3,34.7,36.6
2025-10-21,15,2025-10-21T12:00:00Z,2025-10-21T13:00:00Z,140.32,140.32,135.37,130.0,118.0,159.99,54.4,27.2,27.2
2025-10-21,16,2025-10-21T13:00:00Z,2025-10-21T14:00:00Z,206.96,206.96,183.59,115.12,115.12,249.99,31.4,15.8,15.6
2025-10-21,17,2025-10-21T14:00:00Z,2025-10-21T15:00:00Z,174.08,174.08,170.37,168.0,139.87,199.95,178.2,55.6,122.6
2025-10-21,18,2025-10-21T15:00:00Z,2025-10-21T16:00:00Z,171.19,171.19,167.82,130.52,130.52,194.91,279.4,91.3,188.1
2025-10-21,19,2025-10-21T16:00:00Z,2025-10-21T17:00:00Z,158.25,158.25,158.15,135.99,95.5,218.08,230.3,80.4,149.9
2025-10-21,20,2025-10-21T17:00:00Z,2025-10-21T18:00:00Z,157.35,157.35,157.18,146.9,125.0,195.24,193.3,84.1,109.2
2025-10-21,21,2025-10-21T18:00:00Z,2025-10-21T19:00:00Z,154.92,154.92,159.84,164.8,124.99,190.01,319.0,127.4,191.6
2025-10-21,22,2025-10-21T19:00:00Z,2025-10-21T20:00:00Z,128.16,128.16,128.36,121.43,121.43,140.0,160.5,72.4,88.1
2025-10-21,23,2025-10-21T20:00:00Z,2025-10-21T21:00:00Z,126.6,126.6,125.43,116.5,116.5,140.0,51.3,13.0,38.3
2025-10-21,24,2025-10-21T21:00:00Z,2025-10-21T22:00:00Z,100.37,100.37,99.73,91.6,90.67,104.11,64.4,24.8,39.6
2025-10-22,1,2025-10-21T22:00:00Z,2025-10-21T23:00:00Z,112.3,112.3,104.84,119.99,98.26,119.99,8.1,0.0,8.1
2025-10-22,2,2025-10-21T23:00:00Z,2025-10-22T00:00:00Z,97.59,97.59,96.73,97.6,95.0,104.69,15.2,5.1,10.1
2025-10-22,3,2025-10-22T00:00:00Z,2025-10-22T01:00:00Z,103.81,103.81,104.19,104.76,96.52,108.82,74.2,26.1,48.1
2025-10-22,4,2025-10-22T01:00:00Z,2025-10-22T02:00:00Z,102.57,102.57,102.34,111.6,94.0,111.6,82.2,26.6,55.6
2025-10-22,5,2025-10-22T02:00:00Z,2025-10-22T03:00:00Z,95.68,95.68,101.02,108.92,94.2,112.92,23.2,8.6,14.6
2025-10-22,6,2025-10-22T03:00:00Z,2025-10-22T04:00:00Z,122.67,122.67,126.96,113.45,111.06,192.24,44.7,20.0,24.7
2025-10-22,7,2025-10-22T04:00:00Z,2025-10-22T05:00:00Z,170.28,170.28,154.17,140.53,140.53,213.2,119.1,70.1,49.0
2025-10-22,8,2025-10-22T05:00:00Z,2025-10-22T06:00:00Z,159.64,159.64,158.45,164.18,132.81,185.0,288.2,138.0,150.2
2025-10-22,9,2025-10-22T06:00:00Z,2025-10-22T07:00:00Z,155.04,155.04,155.59,138.0,138.0,160.71,292.3,138.7,153.6
2025-10-22,10,2025-10-22T07:00:00Z,2025-10-22T08:00:00Z,136.69,136.69,136.52,131.31,129.48,150.46,78.0,24.6,53.4
2025-10-22,11,2025-10-22T08:00:00Z,2025-10-22T09:00:00Z,115.24,115.24,116.09,125.0,80.0,131.63,191.4,77.9,113.5
2025-10-22,12,2025-10-22T09:00:00Z,2025-10-22T10:00:00Z,105.13,105.13,104.41,118.0,88.71,118.09,196.2,94.4,101.8
2025-10-22,13,2025-10-22T10:00:00Z,2025-10-22T11:00:00Z,94.49,94.49,94.23,86.99,85.13,111.42,428.8,291.9,136.9
2025-10-22,14,2025-10-22T11:00:00Z,2025-10-22T12:00:00Z,92.39,92.39,90.67,68.68,68.68,112.9,499.6,317.5,182.1
2025-10-22,15,2025-10-22T12:00:00Z,2025-10-22T13:00:00Z,97.82,97.82,95.71,69.36,69.36,134.92,246.2,120.0,126.2
2025-10-22,16,2025-10-22T13:00:00Z,2025-10-22T14:00:00Z,116.9,116.9,116.51,101.32,96.99,134.01,155.2,58.6,96.6
2025-10-22,17,2025-10-22T14:00:00Z,2025-10-22T15:00:00Z,171.83,171.83,171.63,156.57,156.57,190.05,82.5,29.7,52.8
2025-10-22,18,2025-10-22T15:00:00Z,2025-10-22T16:00:00Z,227.44,227.44,226.5,246.99,207.0,246.99,248.3,52.8,195.5
2025-10-22,19,2025-10-22T16:00:00Z,2025-10-22T17:00:00Z,356.66,356.66,353.96,393.19,305.16,405.0,423.7,133.9,289.8
2025-10-22,20,2025-10-22T17:00:00Z,2025-10-22T18:00:00Z,340.19,340.19,338.19,375.0,260.0,393.85,422.2,145.5,276.7
2025-10-22,21,2025-10-22T18:00:00Z,2025-10-22T19:00:00Z,190.92,190.92,191.05,187.89,178.08,218.82,250.2,100.5,149.7
2025-10-22,22,2025-10-22T19:00:00Z,2025-10-22T20:00:00Z,134.83,134.83,134.07,122.0,119.11,150.0,191.5,80.5,111.0
2025-10-22,23,2025-10-22T20:00:00Z,2025-10-22T21:00:00Z,109.56,109.56,108.6,93.65,93.65,124.52,139.5,63.3,76.2
2025-10-22,24,2025-10-22T21:00:00Z,2025-10-22T22:00:00Z,97.85,97.85,96.66,83.07,83.07,113.9,182.7,103.1,79.6
2025-10-23,1,2025-10-22T22:00:00Z,2025-10-22T23:00:00Z,123.4,123.4,123.0,155.0,110.0,155.0,30.6,15.3,15.3
2025-10-23,2,2025-10-22T23:00:00Z,2025-10-23T00:00:00Z,103.98,103.98,101.54,115.0,89.68,115.0,65.7,42.6,23.1
2025-10-23,3,2025-10-23T00:00:00Z,2025-10-23T01:00:00Z,122.4,122.4,112.89,155.0,85.2,155.0,66.1,46.0,20.1
2025-10-23,4,2025-10-23T01:00:00Z,2025-10-23T02:00:00Z,95.55,95.55,96.35,104.98,89.0,104.98,15.3,4.7,10.6
2025-10-23,5,2025-10-23T02:00:00Z,2025-10-23T03:00:00Z,96.39,96.39,93.49,96.55,85.01,99.0,24.4,8.0,16.4
2025-10-23,6,2025-10-23T03:00:00Z,2025-10-23T04:00:00Z,111.01,111.01,103.24,112.85,66.79,120.0,63.3,30.2,33.1
2025-10-23,7,2025-10-23T04:00:00Z,2025-10-23T05:00:00Z,161.05,161.05,152.23,200.0,129.31,200.0,32.6,10.3,22.3
2025-10-23,8,2025-10-23T05:00:00Z,2025-10-23T06:00:00Z,145.46,145.46,148.16,142.0,111.9,174.19,120.1,79.6,40.5
2025-10-23,9,2025-10-23T06:00:00Z,2025-10-23T07:00:00Z,214.48,214.48,190.35,250.0,151.01,250.0,98.6,25.9,72.7
2025-10-23,10,2025-10-23T07:00:00Z,2025-10-23T08:00:00Z,115.02,115.02,116.16,150.0,94.33,150.0,207.2,100.8,106.4
2025-10-23,11,2025-10-23T08:00:00Z,2025-10-23T09:00:00Z,94.22,94.22,93.49,78.81,78.81,108.0,250.9,103.5,147.4
2025-10-23,12,2025-10-23T09:00:00Z,2025-10-23T10:00:00Z,85.83,85.83,84.18,68.73,68.73,99.0,199.7,75.3,124.4
2025-10-23,13,2025-10-23T10:00:00Z,2025-10-23T11:00:00Z,73.87,73.87,73.32,65.5,60.0,84.0,265.0,113.0,152.0
2025-10-23,14,2025-10-23T11:00:00Z,2025-10-23T12:00:00Z,72.16,72.16,72.09,80.0,60.3,80.0,205.9,70.3,135.6
2025-10-23,15,2025-10-23T12:00:00Z,2025-10-23T13:00:00Z,89.45,89.45,89.87,79.35,78.01,102.0,254.4,109.0,145.4
2025-10-23,16,2025-10-23T13:00:00Z,2025-10-23T14:00:00Z,117.41,117.41,115.42,80.0,80.0,135.29,282.0,141.0,141.0
2025-10-23,17,2025-10-23T14:00:00Z,2025-10-23T15:00:00Z,133.02,133.02,129.56,145.0,120.0,145.0,199.7,87.2,112.5
2025-10-23,18,2025-10-23T15:00:00Z,2025-10-23T16:00:00Z,98.7,98.7,98.48,89.68,89.23,132.92,183.7,96.3,87.4
2025-10-23,19,2025-10-23T16:00:00Z,2025-10-23T17:00:00Z,99.82,99.82,99.85,77.98,77.98,132.08,287.9,123.9,164.0
2025-10-23,20,2025-10-23T17:00:00Z,2025-10-23T18:00:00Z,95.46,95.46,95.13,50.0,50.0,134.01,245.4,75.0,170.4
2025-10-23,21,2025-10-23T18:00:00Z,2025-10-23T19:00:00Z,93.84,93.84,93.16,82.79,76.72,115.0,155.2,37.6,117.6
2025-10-23,22,2025-10-23T19:00:00Z,2025-10-23T20:00:00Z,82.43,82.43,84.54,40.0,40.0,117.53,169.1,65.6,103.5
2025-10-23,23,2025-10-23T20:00:00Z,2025-10-23T21:00:00Z,73.42,73.42,76.05,74.0,51.39,94.79,153.2,57.4,95.8
2025-10-23,24,2025-10-23T21:00:00Z,2025-10-23T22:00:00Z,48.11,48.11,45.54,30.05,25.55,77.12,204.6,97.9,106.7
2025-10-24,1,2025-10-23T22:00:00Z,2025-10-23T23:00:00Z,72.71,72.71,67.54,100.0,50.57,100.0,66.5,16.2,50.3
2025-10-24,2,2025-10-23T23:00:00Z,2025-10-24T00:00:00Z,74.08,74.08,72.62,74.0,50.0,83.19,77.1,18.0,59.1
2025-10-24,3,2025-10-24T00:00:00Z,2025-10-24T01:00:00Z,63.33,63.33,60.33,62.0,42.0,71.54,89.6,33.6,56.0
2025-10-24,4,2025-10-24T01:00:00Z,2025-10-24T02:00:00Z,60.03,60.03,57.47,50.0,45.02,74.09,74.9,17.6,57.3
2025-10-24,5,2025-10-24T02:00:00Z,2025-10-24T03:00:00Z,69.4,69.4,68.57,75.45,51.0,78.78,93.7,22.6,71.1
2025-10-24,6,2025-10-24T03:00:00Z,2025-10-24T04:00:00Z,72.16,72.16,73.16,79.36,48.0,89.58,110.7,30.7,80.0
2025-10-24,7,2025-10-24T04:00:00Z,2025-10-24T05:00:00Z,107.09,107.09,106.99,110.99,99.52,113.08,119.7,37.5,82.2
2025-10-24,8,2025-10-24T05:00:00Z,2025-10-24T06:00:00Z,141.78,141.78,143.08,123.0,120.0,159.87,250.3,103.7,146.6
2025-10-24,9,2025-10-24T06:00:00Z,2025-10-24T07:00:00Z,143.76,143.76,143.01,115.52,101.11,175.0,218.6,56.7,161.9
2025-10-24,10,2025-10-24T07:00:00Z,2025-10-24T08:00:00Z,122.86,122.86,118.76,121.0,96.55,142.44,353.7,118.8,234.9
2025-10-24,11,2025-10-24T08:00:00Z,2025-10-24T09:00:00Z,94.96,94.96,92.58,103.01,71.12,113.1,287.4,113.8,173.6
2025-10-24,12,2025-10-24T09:00:00Z,2025-10-24T10:00:00Z,82.23,82.23,82.93,78.48,65.49,105.0,515.4,218.7,296.7
2025-10-24,13,2025-10-24T10:00:00Z,2025-10-24T11:00:00Z,64.98,64.98,64.42,45.53,35.58,85.0,617.0,212.2,404.8
2025-10-24,14,2025-10-24T11:00:00Z,2025-10-24T12:00:00Z,53.49,53.49,52.55,92.0,29.0,180.02,658.9,189.4,469.5
2025-10-24,15,2025-10-24T12:00:00Z,2025-10-24T13:00:00Z,43.66,43.66,42.95,17.99,9.44,75.47,728.4,245.5,482.9
2025-10-24,16,2025-10-24T13:00:00Z,2025-10-24T14:00:00Z,48.03,48.03,47.73,38.0,30.85,92.49,660.4,239.3,421.1
2025-10-24,17,2025-10-24T14:00:00Z,2025-10-24T15:00:00Z,74.12,74.12,76.66,63.87,60.0,131.0,454.6,116.3,338.3
2025-10-24,18,2025-10-24T15:00:00Z,2025-10-24T16:00:00Z,97.01,97.01,97.97,90.0,60.01,139.17,600.9,185.2,415.7
2025-10-24,19,2025-10-24T16:00:00Z,2025-10-24T17:00:00Z,92.14,92.14,89.34,82.39,50.0,140.0,387.4,123.5,263.9
2025-10-24,20,2025-10-24T17:00:00Z,2025-10-24T18:00:00Z,104.58,104.58,105.68,111.48,50.0,145.0,375.2,92.6,282.6
2025-10-24,21,2025-10-24T18:00:00Z,2025-10-24T19:00:00Z,75.61,75.61,70.85,50.0,25.0,129.0,445.4,161.1,284.3
2025-10-24,22,2025-10-24T19:00:00Z,2025-10-24T20:00:00Z,53.8,53.8,46.95,23.99,23.99,70.0,50.8,25.4,25.4
2025-10-24,23,2025-10-24T20:00:00Z,2025-10-24T21:00:00Z,55.27,55.27,54.36,19.99,17.82,107.93,444.3,147.5,296.8
2025-10-24,24,2025-10-24T21:00:00Z,2025-10-24T22:00:00Z,44.68,44.68,39.78,51.89,14.0,88.43,375.5,105.9,269.6
2025-10-25,1,2025-10-24T22:00:00Z,2025-10-24T23:00:00Z,40.23,40.23,41.16,33.8,30.41,69.05,97.7,2.2,95.5
2025-10-25,2,2025-10-24T23:00:00Z,2025-10-25T00:00:00Z,50.43,50.43,44.42,5.99,5.99,71.43,148.5,25.3,123.2
2025-10-25,3,2025-10-25T00:00:00Z,2025-10-25T01:00:00Z,54.44,54.44,52.69,24.4,20.22,69.01,102.4,0.5,101.9
2025-10-25,4,2025-10-25T01:00:00Z,2025-10-25T02:00:00Z,49.4,49.4,49.66,35.45,6.55,69.11,193.8,33.7,160.1
2025-10-25,5,2025-10-25T02:00:00Z,2025-10-25T03:00:00Z,54.12,54.12,44.69,18.2,15.56,70.54,188.0,29.6,158.4
2025-10-25,6,2025-10-25T03:00:00Z,2025-10-25T04:00:00Z,43.81,43.81,64.65,1.4,1.4,82.98,159.9,32.9,127.0
2025-10-25,7,2025-10-25T04:00:00Z,2025-10-25T05:00:00Z,55.7,55.7,65.24,65.02,25.01,105.66,217.5,75.9,141.6
2025-10-25,8,2025-10-25T05:00:00Z,2025-10-25T06:00:00Z,31.13,31.13,33.45,5.0,-10.75,113.45,241.6,75.3,166.3
2025-10-25,9,2025-10-25T06:00:00Z,2025-10-25T07:00:00Z,55.48,55.48,62.66,49.96,3.43,99.01,209.3,76.7,132.6
2025-10-25,10,2025-10-25T07:00:00Z,2025-10-25T08:00:00Z,10.08,10.08,6.35,30.0,-1.16,45.58,393.2,117.2,276.0
2025-10-25,11,2025-10-25T08:00:00Z,2025-10-25T09:00:00Z,14.09,14.09,11.29,25.0,-0.27,62.16,413.5,159.3,254.2
2025-10-25,12,2025-10-25T09:00:00Z,2025-10-25T10:00:00Z,3.45,3.45,3.87,0.99,-22.99,37.73,358.0,166.5,191.5
2025-10-25,13,2025-10-25T10:00:00Z,2025-10-25T11:00:00Z,-3.19,-3.19,-3.23,0.45,-20.0,14.5,254.8,120.1,134.7
2025-10-25,14,2025-10-25T11:00:00Z,2025-10-25T12:00:00Z,-1.74,-1.74,-2.18,-14.0,-14.0,23.49,268.9,153.4,115.5
2025-10-25,15,2025-10-25T12:00:00Z,2025-10-25T13:00:00Z,10.55,10.55,10.47,15.56,1.41,29.99,307.5,151.7,155.8
2025-10-25,16,2025-10-25T13:00:00Z,2025-10-25T14:00:00Z,28.56,28.56,39.47,40.01,1.2,68.0,301.0,127.6,173.4
2025-10-25,17,2025-10-25T14:00:00Z,2025-10-25T15:00:00Z,71.21,71.21,60.73,75.86,40.0,95.99,188.9,49.6,139.3
2025-10-25,18,2025-10-25T15:00:00Z,2025-10-25T16:00:00Z,82.26,82.26,88.42,80.0,64.93,111.1,135.6,59.6,76.0
2025-10-25,19,2025-10-25T16:00:00Z,2025-10-25T17:00:00Z,81.56,81.56,82.6,69.27,69.27,147.22,178.2,53.7,124.5
2025-10-25,20,2025-10-25T17:00:00Z,2025-10-25T18:00:00Z,79.32,79.32,80.09,72.51,65.0,93.11,264.8,81.3,183.5
2025-10-25,21,2025-10-25T18:00:00Z,2025-10-25T19:00:00Z,63.18,63.18,61.02,61.0,43.59,105.6,170.3,64.3,106.0
2025-10-25,22,2025-10-25T19:00:00Z,2025-10-25T20:00:00Z,28.92,28.92,29.92,19.57,19.51,75.88,245.2,26.0,219.2
2025-10-25,23,2025-10-25T20:00:00Z,2025-10-25T21:00:00Z,29.16,29.16,28.04,26.91,17.56,37.87,243.7,72.7,171.0
2025-10-25,24,2025-10-25T21:00:00Z,2025-10-25T22:00:00Z,66.93,66.93,64.14,12.9,12.9,91.01,152.0,45.0,107.0
2025-10-26,1,2025-10-25T22:00:00Z,2025-10-25T23:00:00Z,67.76,67.76,67.51,70.0,52.34,70.92,36.4,3.0,33.4
2025-10-26,2,2025-10-25T23:00:00Z,2025-10-26T00:00:00Z,87.4,87.4,77.71,103.62,6.57,103.62,44.9,7.0,37.9
2025-10-26,3,2025-10-26T00:00:00Z,2025-10-26T01:00:00Z,68.46,68.46,67.22,80.0,47.1,95.0,54.3,12.0,42.3
2025-10-26,4,2025-10-26T01:00:00Z,2025-10-26T02:00:00Z,19.67,19.67,18.07,15.0,15.0,30.0,6.0,3.5,2.5
2025-10-26,5,2025-10-26T02:00:00Z,2025-10-26T03:00:00Z,18.91,18.91,18.45,8.0,7.0,56.01,66.7,22.3,44.4
2025-10-26,6,2025-10-26T03:00:00Z,2025-10-26T04:00:00Z,9.15,9.15,9.83,-3.44,-3.44,39.65,60.9,34.4,26.5
2025-10-26,7,2025-10-26T04:00:00Z,2025-10-26T05:00:00Z,15.72,15.72,13.68,4.55,-2.0,70.0,64.5,27.3,37.2
2025-10-26,8,2025-10-26T05:00:00Z,2025-10-26T06:00:00Z,27.87,27.87,32.54,8.01,1.61,54.68,112.4,38.0,74.4
2025-10-26,9,2025-10-26T06:00:00Z,2025-10-26T07:00:00Z,46.25,46.25,45.97,13.37,1.8,65.57,176.4,64.6,111.8
2025-10-26,10,2025-10-26T07:00:00Z,2025-10-26T08:00:00Z,29.21,29.21,35.18,11.02,1.46,57.13,486.8,322.9,163.9
2025-10-26,11,2025-10-26T08:00:00Z,2025-10-26T09:00:00Z,44.14,44.14,43.64,40.0,12.02,87.65,259.1,84.6,174.5
2025-10-26,12,2025-10-26T09:00:00Z,2025-10-26T10:00:00Z,44.75,44.75,47.59,60.18,15.65,74.5,155.8,39.4,116.4
2025-10-26,13,2025-10-26T10:00:00Z,2025-10-26T11:00:00Z,56.52,56.52,46.63,30.03,10.46,101.0,203.7,61.6,142.1
2025-10-26,14,2025-10-26T11:00:00Z,2025-10-26T12:00:00Z,22.53,22.53,24.78,5.91,5.91,45.0,223.5,67.9,155.6
2025-10-26,15,2025-10-26T12:00:00Z,2025-10-26T13:00:00Z,19.49,19.49,22.93,15.13,7.46,34.47,146.7,50.9,95.8
2025-10-26,16,2025-10-26T13:00:00Z,2025-10-26T14:00:00Z,37.81,37.81,41.36,50.0,16.06,65.48,116.4,49.9,66.5
2025-10-26,17,2025-10-26T14:00:00Z,2025-10-26T15:00:00Z,19.34,19.34,28.29,55.0,5.0,55.0,254.0,136.0,118.0
2025-10-26,18,2025-10-26T15:00:00Z,2025-10-26T16:00:00Z,81.95,81.95,80.23,82.89,25.05,134.99,144.6,33.1,111.5
2025-10-26,19,2025-10-26T16:00:00Z,2025-10-26T17:00:00Z,83.4,83.4,81.55,74.02,31.95,110.0,397.0,292.4,104.6
2025-10-26,20,2025-10-26T17:00:00Z,2025-10-26T18:00:00Z,85.37,85.37,89.35,89.54,57.49,118.16,175.7,147.7,28.0
2025-10-26,21,2025-10-26T18:00:00Z,2025-10-26T19:00:00Z,91.73,91.73,95.08,90.56,33.08,118.02,235.9,178.1,57.8
2025-10-26,22,2025-10-26T19:00:00Z,2025-10-26T20:00:00Z,83.57,83.57,77.13,58.0,20.0,103.5,307.8,244.6,63.2
2025-10-26,23,2025-10-26T20:00:00Z,2025-10-26T21:00:00Z,49.68,49.68,49.87,35.01,17.63,87.5,286.6,222.4,64.2
2025-10-26,24,2025-10-26T21:00:00Z,2025-10-26T22:00:00Z,55.94,55.94,55.46,40.01,37.65,68.3,186.4,114.0,72.4
2025-10-26,25,2025-10-26T22:00:00Z,2025-10-26T23:00:00Z,33.77,33.77,28.52,25.0,1.0,45.99,77.1,5.6,71.5
2025-10-27,1,2025-10-26T23:00:00Z,2025-10-27T00:00:00Z,32.49,32.49,29.98,24.98,24.98,39.99,1.2,0.9,0.3
2025-10-27,2,2025-10-27T00:00:00Z,2025-10-27T01:00:00Z,15.38,15.38,24.94,-1.52,-1.52,49.74,17.2,5.8,11.4
2025-10-27,3,2025-10-27T01:00:00Z,2025-10-27T02:00:00Z,2.57,2.57,10.08,-5.86,-5.86,40.0,35.9,8.6,27.3
2025-10-27,4,2025-10-27T02:00:00Z,2025-10-27T03:00:00Z,15.08,15.08,15.5,32.86,0.0,44.68,39.9,7.0,32.9
2025-10-27,5,2025-10-27T03:00:00Z,2025-10-27T04:00:00Z,18.29,18.29,9.32,43.35,-0.01,44.81,39.5,14.0,25.5
2025-10-27,6,2025-10-27T04:00:00Z,2025-10-27T05:00:00Z,39.0,39.0,39.0,39.0,39.0,39.0,60.0,30.0,30.0
2025-10-27,7,2025-10-27T05:00:00Z,2025-10-27T06:00:00Z,82.79,82.79,85.38,92.39,60.0,120.11,112.6,30.2,82.4
2025-10-27,8,2025-10-27T06:00:00Z,2025-10-27T07:00:00Z,112.79,112.79,114.56,112.02,80.0,125.55,124.1,22.4,101.7
2025-10-27,9,2025-10-27T07:00:00Z,2025-10-27T08:00:00Z,110.53,110.53,110.42,109.83,98.0,119.37,182.2,34.6,147.6
2025-10-27,10,2025-10-27T08:00:00Z,2025-10-27T09:00:00Z,105.93,105.93,105.84,107.22,93.17,119.22,244.4,45.9,198.5
2025-10-27,11,2025-10-27T09:00:00Z,2025-10-27T10:00:00Z,98.86,98.86,99.39,99.56,91.01,109.13,219.2,85.7,133.5
2025-10-27,12,2025-10-27T10:00:00Z,2025-10-27T11:00:00Z,94.82,94.82,95.87,98.82,90.01,101.2,320.0,132.5,187.5
2025-10-27,13,2025-10-27T11:00:00Z,2025-10-27T12:00:00Z,94.62,94.62,94.26,124.39,88.0,124.39,316.9,123.9,193.0
2025-10-27,14,2025-10-27T12:00:00Z,2025-10-27T13:00:00Z,93.01,93.01,91.94,80.0,80.0,120.96,303.8,176.5,127.3
2025-10-27,15,2025-10-27T13:00:00Z,2025-10-27T14:00:00Z,114.81,114.81,113.86,117.01,101.5,128.1,209.9,81.7,128.2
2025-10-27,16,2025-10-27T14:00:00Z,2025-10-27T15:00:00Z,126.31,126.31,124.32,111.58,110.0,165.65,379.2,120.4,258.8
2025-10-27,17,2025-10-27T15:00:00Z,2025-10-27T16:00:00Z,176.49,176.49,170.33,199.0,142.01,266.43,329.0,130.8,198.2
2025-10-27,18,2025-10-27T16:00:00Z,2025-10-27T17:00:00Z,141.27,141.27,147.32,117.0,100.01,183.14,338.0,127.4,210.6
2025-10-27,19,2025-10-27T17:00:00Z,2025-10-27T18:00:00Z,116.9,116.9,117.25,112.01,70.0,149.99,237.0,119.5,117.5
2025-10-27,20,2025-10-27T18:00:00Z,2025-10-27T19:00:00Z,123.29,123.29,118.62,86.28,82.14,136.98,181.0,90.5,90.5
2025-10-27,21,2025-10-27T19:00:00Z,2025-10-27T20:00:00Z,128.77,128.77,127.09,99.89,99.89,153.47,192.4,68.7,123.7
2025-10-27,22,2025-10-27T20:00:00Z,2025-10-27T21:00:00Z,120.39,120.39,111.55,81.26,70.12,136.87,111.0,42.5,68.5
2025-10-27,23,2025-10-27T21:00:00Z,2025-10-27T22:00:00Z,102.21,102.21,99.35,118.49,65.39,118.49,129.3,61.0,68.3
2025-10-27,24,2025-10-27T22:00:00Z,2025-10-27T23:00:00Z,118.43,118.43,103.88,70.04,65.0,150.0,50.0,22.1,27.9
2025-10-28,1,2025-10-27T23:00:00Z,2025-10-28T00:00:00Z,60.0,60.0,60.0,60.0,60.0,60.0,8.0,4.0,4.0
2025-10-28,2,2025-10-28T00:00:00Z,2025-10-28T01:00:00Z,62.0,62.0,62.0,62.0,62.0,62.0,12.0,6.0,6.0
2025-10-28,3,2025-10-28T01:00:00Z,2025-10-28T02:00:00Z,52.64,52.64,51.74,51.0,51.0,53.0,31.4,15.7,15.7
2025-10-28,4,2025-10-28T02:00:00Z,2025-10-28T03:00:00Z,50.25,50.25,54.11,54.99,31.87,61.01,35.7,12.2,23.5
2025-10-28,5,2025-10-28T03:00:00Z,2025-10-28T04:00:00Z,45.34,45.34,39.87,47.0,32.73,47.0,24.0,12.0,12.0
2025-10-28,6,2025-10-28T04:00:00Z,2025-10-28T05:00:00Z,60.0,60.0,60.0,60.0,60.0,60.0,24.0,12.0,12.0
2025-10-28,7,2025-10-28T05:00:00Z,2025-10-28T06:00:00Z,65.09,65.09,74.24,10.0,10.0,113.0,59.3,26.1,33.2
2025-10-28,8,2025-10-28T06:00:00Z,2025-10-28T07:00:00Z,93.1,93.1,94.53,78.78,78.77,107.44,87.7,27.1,60.6
2025-10-28,9,2025-10-28T07:00:00Z,2025-10-28T08:00:00Z,90.15,90.15,89.41,77.74,76.89,99.44,128.8,50.9,77.9
2025-10-28,10,2025-10-28T08:00:00Z,2025-10-28T09:00:00Z,77.64,77.64,77.08,52.0,52.0,93.6,137.3,13.9,123.4
2025-10-28,11,2025-10-28T09:00:00Z,2025-10-28T10:00:00Z,58.38,58.38,59.61,26.91,26.91,86.0,325.4,164.2,161.2
2025-10-28,12,2025-10-28T10:00:00Z,2025-10-28T11:00:00Z,61.72,61.72,61.32,30.01,28.0,85.91,327.4,177.8,149.6
2025-10-28,13,2025-10-28T11:00:00Z,2025-10-28T12:00:00Z,62.7,62.7,62.55,60.0,40.59,81.0,421.5,239.7,181.8
2025-10-28,14,2025-10-28T12:00:00Z,2025-10-28T13:00:00Z,83.65,83.65,82.98,82.02,71.51,94.53,300.0,120.4,179.6
2025-10-28,15,2025-10-28T13:00:00Z,2025-10-28T14:00:00Z,108.05,108.05,110.08,149.0,94.97,149.0,231.3,66.8,164.5
2025-10-28,16,2025-10-28T14:00:00Z,2025-10-28T15:00:00Z,136.06,136.06,133.02,180.94,50.05,180.94,264.5,14.9,249.6
2025-10-28,17,2025-10-28T15:00:00Z,2025-10-28T16:00:00Z,101.0,101.0,110.51,160.0,51.12,160.0,69.6,34.8,34.8
2025-10-28,18,2025-10-28T16:00:00Z,2025-10-28T17:00:00Z,107.48,107.48,112.17,111.0,62.32,151.54,216.6,76.4,140.2
2025-10-28,19,2025-10-28T17:00:00Z,2025-10-28T18:00:00Z,97.55,97.55,94.48,68.23,65.0,124.15,120.5,33.1,87.4
2025-10-28,20,2025-10-28T18:00:00Z,2025-10-28T19:00:00Z,112.39,112.39,117.97,106.22,52.54,179.19,159.4,38.2,121.2
2025-10-28,21,2025-10-28T19:00:00Z,2025-10-28T20:00:00Z,121.11,121.11,120.41,90.16,85.0,149.95,218.2,56.4,161.8
2025-10-28,22,2025-10-28T20:00:00Z,2025-10-28T21:00:00Z,110.63,110.63,109.79,105.0,64.45,128.95,140.1,32.7,107.4
2025-10-28,23,2025-10-28T21:00:00Z,2025-10-28T22:00:00Z,101.37,101.37,101.81,113.24,63.48,120.0,94.0,27.0,67.0
2025-10-28,24,2025-10-28T22:00:00Z,2025-10-28T23:00:00Z,81.14,81.14,83.91,69.0,57.11,106.51,163.8,77.1,86.7
2025-10-29,1,2025-10-28T23:00:00Z,2025-10-29T00:00:00Z,79.25,79.25,79.83,77.49,77.49,81.0,1.2,0.6,0.6
2025-10-29,2,2025-10-29T00:00:00Z,2025-10-29T01:00:00Z,72.23,72.23,73.79,72.01,72.01,77.12,4.1,1.9,2.2
2025-10-29,3,2025-10-29T01:00:00Z,2025-10-29T02:00:00Z,,,,,,,0.0,0.0,0.0
2025-10-29,4,2025-10-29T02:00:00Z,2025-10-29T03:00:00Z,84.16,84.16,82.76,85.0,71.53,85.0,6.4,3.2,3.2
2025-10-29,5,2025-10-29T03:00:00Z,2025-10-29T04:00:00Z,83.49,83.49,82.64,84.0,75.82,84.0,6.4,3.2,3.2
2025-10-29,6,2025-10-29T04:00:00Z,2025-10-29T05:00:00Z,93.52,93.52,93.15,90.01,90.01,98.01,6.9,1.7,5.2
2025-10-29,7,2025-10-29T05:00:00Z,2025-10-29T06:00:00Z,122.32,122.32,119.37,135.0,115.0,135.0,52.8,21.6,31.2
2025-10-29,8,2025-10-29T06:00:00Z,2025-10-29T07:00:00Z,107.99,107.99,109.07,100.01,92.64,140.0,292.1,128.3,163.8
2025-10-29,9,2025-10-29T07:00:00Z,2025-10-29T08:00:00Z,89.32,89.32,90.04,82.4,81.7,103.16,108.9,46.6,62.3
2025-10-29,10,2025-10-29T08:00:00Z,2025-10-29T09:00:00Z,62.53,62.53,70.96,1.0,1.0,83.84,239.7,89.9,149.8
2025-10-29,11,2025-10-29T09:00:00Z,2025-10-29T10:00:00Z,54.27,54.27,54.8,39.91,35.01,66.0,271.6,113.2,158.4
2025-10-29,12,2025-10-29T10:00:00Z,2025-10-29T11:00:00Z,38.39,38.39,39.22,24.11,-9.7,63.13,406.9,214.5,192.4
2025-10-29,13,2025-10-29T11:00:00Z,2025-10-29T12:00:00Z,45.01,45.01,44.99,44.97,17.28,72.0,466.5,236.6,229.9
2025-10-29,14,2025-10-29T12:00:00Z,2025-10-29T13:00:00Z,68.85,68.85,70.6,58.0,50.0,88.08,198.0,48.5,149.5
2025-10-29,15,2025-10-29T13:00:00Z,2025-10-29T14:00:00Z,87.97,87.97,90.85,96.71,79.99,101.16,180.5,56.1,124.4
2025-10-29,16,2025-10-29T14:00:00Z,2025-10-29T15:00:00Z,117.87,117.87,117.85,114.92,106.5,125.15,222.0,64.5,157.5
2025-10-29,17,2025-10-29T15:00:00Z,2025-10-29T16:00:00Z,133.17,133.17,132.68,127.0,124.38,170.49,329.5,129.5,200.0
2025-10-29,18,2025-10-29T16:00:00Z,2025-10-29T17:00:00Z,149.84,149.84,151.03,137.12,136.88,178.32,261.4,56.7,204.7
2025-10-29,19,2025-10-29T17:00:00Z,2025-10-29T18:00:00Z,142.29,142.29,145.01,133.01,131.5,177.5,294.0,95.6,198.4
2025-10-29,20,2025-10-29T18:00:00Z,2025-10-29T19:00:00Z,126.08,126.08,124.2,106.2,105.51,179.92,242.0,89.4,152.6
2025-10-29,21,2025-10-29T19:00:00Z,2025-10-29T20:00:00Z,119.82,119.82,122.57,107.01,102.01,154.88,126.4,62.1,64.3
2025-10-29,22,2025-10-29T20:00:00Z,2025-10-29T21:00:00Z,107.93,107.93,106.44,85.03,85.03,119.7,184.9,69.0,115.9
2025-10-29,23,2025-10-29T21:00:00Z,2025-10-29T22:00:00Z,97.25,97.25,99.58,97.0,92.46,161.98,159.4,76.1,83.3
2025-10-29,24,2025-10-29T22:00:00Z,2025-10-29T23:00:00Z,89.86,89.86,90.14,90.01,84.29,95.0,63.1,30.7,32.4
2025-10-30,1,2025-10-29T23:00:00Z,2025-10-30T00:00:00Z,130.96,130.96,108.19,100.01,89.0,139.99,27.3,13.1,14.2
2025-10-30,2,2025-10-30T00:00:00Z,2025-10-30T01:00:00Z,107.19,107.19,101.05,139.99,85.15,139.99,8.8,2.0,6.8
2025-10-30,3,2025-10-30T01:00:00Z,2025-10-30T02:00:00Z,84.32,84.32,80.96,78.32,78.11,91.4,9.4,3.1,6.3
2025-10-30,4,2025-10-30T02:00:00Z,2025-10-30T03:00:00Z,90.08,90.08,86.12,92.36,79.38,92.36,23.2,11.1,12.1
2025-10-30,5,2025-10-30T03:00:00Z,2025-10-30T04:00:00Z,104.45,104.45,109.95,103.01,100.02,128.56,20.2,10.1,10.1
2025-10-30,6,2025-10-30T04:00:00Z,2025-10-30T05:00:00Z,99.21,99.21,96.71,91.7,91.7,100.46,7.0,3.0,4.0
2025-10-30,7,2025-10-30T05:00:00Z,2025-10-30T06:00:00Z,137.1,137.1,136.85,121.5,111.39,150.24,30.8,5.1,25.7
2025-10-30,8,2025-10-30T06:00:00Z,2025-10-30T07:00:00Z,104.36,104.36,105.22,99.01,95.94,122.01,96.5,47.7,48.8
2025-10-30,9,2025-10-30T07:00:00Z,2025-10-30T08:00:00Z,92.11,92.11,83.26,58.22,55.01,102.97,112.6,52.7,59.9
2025-10-30,10,2025-10-30T08:00:00Z,2025-10-30T09:00:00Z,59.11,59.11,59.01,40.0,39.95,88.44,253.3,201.5,51.8
2025-10-30,11,2025-10-30T09:00:00Z,2025-10-30T10:00:00Z,64.91,64.91,65.32,76.01,39.18,97.32,174.0,82.5,91.5
2025-10-30,12,2025-10-30T10:00:00Z,2025-10-30T11:00:00Z,56.13,56.13,56.44,42.0,28.69,80.65,168.2,85.4,82.8
2025-10-30,13,2025-10-30T11:00:00Z,2025-10-30T12:00:00Z,57.43,57.43,56.64,44.99,44.99,73.18,165.5,85.5,80.0
2025-10-30,14,2025-10-30T12:00:00Z,2025-10-30T13:00:00Z,80.14,80.14,80.91,61.44,61.44,89.91,179.9,97.7,82.2
2025-10-30,15,2025-10-30T13:00:00Z,2025-10-30T14:00:00Z,120.65,120.65,120.32,120.02,112.73,129.04,77.2,38.6,38.6
2025-10-30,16,2025-10-30T14:00:00Z,2025-10-30T15:00:00Z,154.83,154.83,160.2,170.0,140.01,194.72,73.2,36.6,36.6
2025-10-30,17,2025-10-30T15:00:00Z,2025-10-30T16:00:00Z,195.43,195.43,220.79,245.0,155.5,310.24,173.2,63.0,110.2
2025-10-30,18,2025-10-30T16:00:00Z,2025-10-30T17:00:00Z,150.78,150.78,147.46,172.0,119.06,172.0,131.8,66.1,65.7
2025-10-30,19,2025-10-30T17:00:00Z,2025-10-30T18:00:00Z,165.65,165.65,158.54,150.0,125.01,230.0,81.5,33.3,48.2
2025-10-30,20,2025-10-30T18:00:00Z,2025-10-30T19:00:00Z,165.85,165.85,165.97,175.0,124.29,190.0,66.4,33.2,33.2
2025-10-30,21,2025-10-30T19:00:00Z,2025-10-30T20:00:00Z,127.39,127.39,118.92,105.0,105.0,140.27,122.1,97.5,24.6
2025-10-30,22,2025-10-30T20:00:00Z,2025-10-30T21:00:00Z,128.31,128.31,126.96,164.99,102.49,164.99,82.8,41.4,41.4
2025-10-30,23,2025-10-30T21:00:00Z,2025-10-30T22:00:00Z,114.41,114.41,116.99,120.0,108.2,125.19,54.2,21.7,32.5
2025-10-30,24,2025-10-30T22:00:00Z,2025-10-30T23:00:00Z,99.99,99.99,101.15,110.81,85.54,114.01,139.9,97.9,42.0
2025-10-31,1,2025-10-30T23:00:00Z,2025-10-31T00:00:00Z,295.02,295.02,291.35,298.0,110.0,341.5,118.0,34.0,84.0
2025-10-31,2,2025-10-31T00:00:00Z,2025-10-31T01:00:00Z,156.28,156.28,160.11,97.0,97.0,230.0,96.3,42.3,54.0
2025-10-31,3,2025-10-31T01:00:00Z,2025-10-31T02:00:00Z,145.28,145.28,139.81,108.96,94.0,192.04,119.8,54.9,64.9
2025-10-31,4,2025-10-31T02:00:00Z,2025-10-31T03:00:00Z,130.18,130.18,129.64,120.7,91.0,164.73,63.4,24.9,38.5
2025-10-31,5,2025-10-31T03:00:00Z,2025-10-31T04:00:00Z,115.17,115.17,121.99,122.37,96.0,146.8,5.0,1.9,3.1
2025-10-31,6,2025-10-31T04:00:00Z,2025-10-31T05:00:00Z,157.34,157.34,151.62,161.0,137.58,162.0,16.0,4.0,12.0
2025-10-31,7,2025-10-31T05:00:00Z,2025-10-31T06:00:00Z,167.68,167.68,159.25,199.0,132.52,199.0,30.9,4.0,26.9
2025-10-31,8,2025-10-31T06:00:00Z,2025-10-31T07:00:00Z,187.65,187.65,177.13,200.5,123.5,200.5,70.6,27.6,43.0
2025-10-31,9,2025-10-31T07:00:00Z,2025-10-31T08:00:00Z,114.49,114.49,114.3,107.82,107.65,127.51,176.5,130.1,46.4
2025-10-31,10,2025-10-31T08:00:00Z,2025-10-31T09:00:00Z,91.24,91.24,90.58,87.43,86.13,98.53,164.0,104.0,60.0
2025-10-31,11,2025-10-31T09:00:00Z,2025-10-31T10:00:00Z,86.26,86.26,86.4,92.24,79.54,93.31,220.9,105.0,115.9
2025-10-31,12,2025-10-31T10:00:00Z,2025-10-31T11:00:00Z,83.13,83.13,82.29,139.28,55.39,139.28,316.8,172.0,144.8
2025-10-31,13,2025-10-31T11:00:00Z,2025-10-31T12:00:00Z,83.35,83.35,83.88,66.89,66.89,89.4,246.9,111.3,135.6
2025-10-31,14,2025-10-31T12:00:00Z,2025-10-31T13:00:00Z,90.0,90.0,90.41,97.38,82.01,97.6,202.6,106.0,96.6
2025-10-31,15,2025-10-31T13:00:00Z,2025-10-31T14:00:00Z,114.16,114.16,114.72,124.99,87.01,125.01,283.6,172.5,111.1
2025-10-31,16,2025-10-31T14:00:00Z,2025-10-31T15:00:00Z,135.57,135.57,136.68,126.0,124.98,146.0,158.1,115.4,42.7
2025-10-31,17,2025-10-31T15:00:00Z,2025-10-31T16:00:00Z,187.25,187.25,168.45,160.0,160.0,204.0,44.8,22.4,22.4
2025-10-31,18,2025-10-31T16:00:00Z,2025-10-31T17:00:00Z,311.71,311.71,325.48,315.11,160.02,360.0,150.7,49.2,101.5
2025-10-31,19,2025-10-31T17:00:00Z,2025-10-31T18:00:00Z,219.68,219.68,231.12,203.84,124.9,340.0,197.2,28.2,169.0
2025-10-31,20,2025-10-31T18:00:00Z,2025-10-31T19:00:00Z,204.57,204.57,207.73,220.0,168.0,235.0,305.7,71.6,234.1
2025-10-31,21,2025-10-31T19:00:00Z,2025-10-31T20:00:00Z,176.65,176.65,174.7,221.18,139.99,221.18,290.1,132.2,157.9
2025-10-31,22,2025-10-31T20:00:00Z,2025-10-31T21:00:00Z,185.98,185.98,182.71,180.0,168.0,212.0,122.9,39.1,83.8
2025-10-31,23,2025-10-31T21:00:00Z,2025-10-31T22:00:00Z,162.79,162.79,163.1,165.23,145.0,187.79,269.8,76.7,193.1
2025-10-31,24,2025-10-31T22:00:00Z,2025-10-31T23:00:00Z,130.15,130.15,133.59,141.85,108.2,165.33,149.2,47.6,101.6
2025-11-01,1,2025-10-31T23:00:00Z,2025-11-01T00:00:00Z,113.44,113.44,99.75,95.77,94.0,115.0,32.6,16.1,16.5
2025-11-01,2,2025-11-01T00:00:00Z,2025-11-01T01:00:00Z,94.33,94.33,89.81,89.78,81.1,96.88,49.6,22.6,27.0
2025-11-01,3,2025-11-01T01:00:00Z,2025-11-01T02:00:00Z,68.4,68.4,66.21,60.82,58.52,77.05,95.6,44.0,51.6
2025-11-01,4,2025-11-01T02:00:00Z,2025-11-01T03:00:00Z,73.33,73.33,69.21,71.89,60.0,76.0,66.0,32.0,34.0
2025-11-01,5,2025-11-01T03:00:00Z,2025-11-01T04:00:00Z,70.55,70.55,69.45,70.33,60.1,79.0,51.6,35.6,16.0
2025-11-01,6,2025-11-01T04:00:00Z,2025-11-01T05:00:00Z,75.76,75.76,69.21,51.96,51.96,83.2,60.8,30.4,30.4
2025-11-01,7,2025-11-01T05:00:00Z,2025-11-01T06:00:00Z,74.38,74.38,75.42,71.0,57.07,84.6,78.8,44.2,34.6
2025-11-01,8,2025-11-01T06:00:00Z,2025-11-01T07:00:00Z,70.01,70.01,71.46,67.31,61.0,81.36,154.3,79.9,74.4
2025-11-01,9,2025-11-01T07:00:00Z,2025-11-01T08:00:00Z,46.97,46.97,47.06,39.99,25.01,64.98,61.7,43.0,18.7
2025-11-01,10,2025-11-01T08:00:00Z,2025-11-01T09:00:00Z,35.2,35.2,35.72,20.58,20.58,43.33,89.2,46.4,42.8
2025-11-01,11,2025-11-01T09:00:00Z,2025-11-01T10:00:00Z,1.99,1.99,2.54,-25.0,-30.43,24.11,214.3,167.5,46.8
2025-11-01,12,2025-11-01T10:00:00Z,2025-11-01T11:00:00Z,16.12,16.12,15.43,17.21,0.61,25.27,200.4,119.5,80.9
2025-11-01,13,2025-11-01T11:00:00Z,2025-11-01T12:00:00Z,20.87,20.87,19.5,25.99,7.9,31.06,227.1,75.9,151.2
2025-11-01,14,2025-11-01T12:00:00Z,2025-11-01T13:00:00Z,35.12,35.12,34.33,45.0,20.0,49.7,156.6,56.0,100.6
2025-11-01,15,2025-11-01T13:00:00Z,2025-11-01T14:00:00Z,64.64,64.64,63.61,70.99,50.99,74.6,108.8,47.0,61.8
2025-11-01,16,2025-11-01T14:00:00Z,2025-11-01T15:00:00Z,80.0,80.0,80.96,87.67,75.49,89.16,84.5,45.5,39.0
2025-11-01,17,2025-11-01T15:00:00Z,2025-11-01T16:00:00Z,92.73,92.73,93.33,108.99,73.87,108.99,146.2,87.7,58.5
2025-11-01,18,2025-11-01T16:00:00Z,2025-11-01T17:00:00Z,110.51,110.51,110.38,112.99,93.26,115.0,116.4,27.1,89.3
2025-11-01,19,2025-11-01T17:00:00Z,2025-11-01T18:00:00Z,106.88,106.88,106.54,119.81,85.0,120.84,98.7,36.9,61.8
2025-11-01,20,2025-11-01T18:00:00Z,2025-11-01T19:00:00Z,104.47,104.47,102.39,78.19,76.19,115.0,156.2,53.7,102.5
2025-11-01,21,2025-11-01T19:00:00Z,2025-11-01T20:00:00Z,101.66,101.66,97.71,85.2,81.48,120.91,229.0,100.5,128.5
2025-11-01,22,2025-11-01T20:00:00Z,2025-11-01T21:00:00Z,110.23,110.23,108.17,80.28,80.28,138.37,364.4,86.5,277.9
2025-11-01,23,2025-11-01T21:00:00Z,2025-11-01T22:00:00Z,108.58,108.58,112.2,85.1,85.1,125.0,129.5,48.9,80.6
2025-11-01,24,2025-11-01T22:00:00Z,2025-11-01T23:00:00Z,94.59,94.59,93.79,88.0,85.62,110.0,133.5,41.5,92.0
2025-11-02,1,2025-11-01T23:00:00Z,2025-11-02T00:00:00Z,88.52,88.52,86.66,84.59,80.47,103.79,33.1,10.2,22.9
2025-11-02,2,2025-11-02T00:00:00Z,2025-11-02T01:00:00Z,77.35,77.35,78.01,77.86,75.33,81.0,45.8,7.0,38.8
2025-11-02,3,2025-11-02T01:00:00Z,2025-11-02T02:00:00Z,75.16,75.16,76.72,76.04,73.35,81.0,35.9,7.0,28.9
2025-11-02,4,2025-11-02T02:00:00Z,2025-11-02T03:00:00Z,75.86,75.86,76.58,80.0,71.66,88.0,58.9,18.0,40.9
2025-11-02,5,2025-11-02T03:00:00Z,2025-11-02T04:00:00Z,79.65,79.65,79.86,82.61,74.73,84.55,37.7,10.0,27.7
2025-11-02,6,2025-11-02T04:00:00Z,2025-11-02T05:00:00Z,82.56,82.56,82.21,79.86,77.54,95.0,50.3,21.0,29.3
2025-11-02,7,2025-11-02T05:00:00Z,2025-11-02T06:00:00Z,83.97,83.97,84.06,81.71,79.98,91.11,50.0,28.1,21.9
2025-11-02,8,2025-11-02T06:00:00Z,2025-11-02T07:00:00Z,85.38,85.38,86.99,85.62,79.78,90.0,84.9,36.9,48.0
2025-11-02,9,2025-11-02T07:00:00Z,2025-11-02T08:00:00Z,93.21,93.21,92.15,99.2,81.0,107.87,105.3,34.4,70.9
2025-11-02,10,2025-11-02T08:00:00Z,2025-11-02T09:00:00Z,91.98,91.98,92.85,85.0,78.1,131.02,95.2,32.2,63.0
2025-11-02,11,2025-11-02T09:00:00Z,2025-11-02T10:00:00Z,85.67,85.67,86.21,80.0,72.91,115.59,110.7,39.2,71.5
2025-11-02,12,2025-11-02T10:00:00Z,2025-11-02T11:00:00Z,80.21,80.21,82.53,85.65,66.07,115.51,167.9,68.9,99.0
2025-11-02,13,2025-11-02T11:00:00Z,2025-11-02T12:00:00Z,82.28,82.28,82.52,89.31,65.66,120.06,183.4,104.0,79.4
2025-11-02,14,2025-11-02T12:00:00Z,2025-11-02T13:00:00Z,89.03,89.03,89.85,94.98,73.0,100.01,143.0,88.8,54.2
2025-11-02,15,2025-11-02T13:00:00Z,2025-11-02T14:00:00Z,101.84,101.84,102.81,104.88,95.32,109.84,157.6,99.7,57.9
2025-11-02,16,2025-11-02T14:00:00Z,2025-11-02T15:00:00Z,120.42,120.42,121.32,120.99,113.59,133.01,94.8,37.6,57.2
2025-11-02,17,2025-11-02T15:00:00Z,2025-11-02T16:00:00Z,130.83,130.83,130.47,127.42,123.66,140.99,150.9,70.0,80.9
2025-11-02,18,2025-11-02T16:00:00Z,2025-11-02T17:00:00Z,129.29,129.29,127.03,115.76,115.65,134.79,97.4,30.2,67.2
2025-11-02,19,2025-11-02T17:00:00Z,2025-11-02T18:00:00Z,125.37,125.37,125.93,116.92,116.92,134.56,112.4,52.2,60.2
2025-11-02,20,2025-11-02T18:00:00Z,2025-11-02T19:00:00Z,123.03,123.03,122.89,118.99,116.41,129.99,106.1,41.4,64.7
2025-11-02,21,2025-11-02T19:00:00Z,2025-11-02T20:00:00Z,114.12,114.12,113.34,100.75,100.75,123.33,129.2,46.2,83.0
2025-11-02,22,2025-11-02T20:00:00Z,2025-11-02T21:00:00Z,104.81,104.81,106.62,94.4,91.96,119.88,89.9,37.1,52.8
2025-11-02,23,2025-11-02T21:00:00Z,2025-11-02T22:00:00Z,103.12,103.12,102.37,99.4,98.1,108.0,89.6,21.1,68.5
2025-11-02,24,2025-11-02T22:00:00Z,2025-11-02T23:00:00Z,89.63,89.63,88.53,79.18,79.18,120.0,107.1,28.2,78.9
2025-11-03,1,2025-11-02T23:00:00Z,2025-11-03T00:00:00Z,85.43,85.43,85.61,84.0,82.0,95.0,41.1,2.0,39.1
2025-11-03,2,2025-11-03T00:00:00Z,2025-11-03T01:00:00Z,77.75,77.75,77.54,80.0,74.04,82.5,222.6,168.0,54.6
2025-11-03,3,2025-11-03T01:00:00Z,2025-11-03T02:00:00Z,73.38,73.38,74.34,66.11,66.11,80.0,139.0,81.5,57.5
2025-11-03,4,2025-11-03T02:00:00Z,2025-11-03T03:00:00Z,73.8,73.8,74.25,56.2,56.2,81.0,93.9,59.0,34.9
2025-11-03,5,2025-11-03T03:00:00Z,2025-11-03T04:00:00Z,73.44,73.44,72.62,72.0,60.55,78.29,119.2,76.1,43.1
2025-11-03,6,2025-11-03T04:00:00Z,2025-11-03T05:00:00Z,86.8,86.8,87.75,81.0,78.84,134.92,75.6,29.1,46.5
2025-11-03,7,2025-11-03T05:00:00Z,2025-11-03T06:00:00Z,116.22,116.22,112.07,108.15,97.74,140.0,80.6,4.7,75.9
2025-11-03,8,2025-11-03T06:00:00Z,2025-11-03T07:00:00Z,111.68,111.68,110.09,101.3,101.0,134.08,125.7,14.6,111.1
2025-11-03,9,2025-11-03T07:00:00Z,2025-11-03T08:00:00Z,112.52,112.52,112.07,106.07,82.04,140.0,211.9,50.7,161.2
2025-11-03,10,2025-11-03T08:00:00Z,2025-11-03T09:00:00Z,100.71,100.71,98.92,94.79,85.03,115.01,146.1,47.5,98.6
2025-11-03,11,2025-11-03T09:00:00Z,2025-11-03T10:00:00Z,87.9,87.9,88.49,75.0,75.0,107.41,186.2,60.2,126.0
2025-11-03,12,2025-11-03T10:00:00Z,2025-11-03T11:00:00Z,75.29,75.29,73.59,55.01,49.17,98.02,282.5,114.2,168.3
2025-11-03,13,2025-11-03T11:00:00Z,2025-11-03T12:00:00Z,77.94,77.94,75.98,69.47,55.79,97.77,274.2,116.0,158.2
2025-11-03,14,2025-11-03T12:00:00Z,2025-11-03T13:00:00Z,87.77,87.77,86.15,98.99,70.01,132.69,434.7,224.9,209.8
2025-11-03,15,2025-11-03T13:00:00Z,2025-11-03T14:00:00Z,101.44,101.44,101.64,110.0,86.26,119.99,179.3,79.6,99.7
2025-11-03,16,2025-11-03T14:00:00Z,2025-11-03T15:00:00Z,119.7,119.7,121.11,98.09,98.09,159.68,169.7,52.5,117.2
2025-11-03,17,2025-11-03T15:00:00Z,2025-11-03T16:00:00Z,120.87,120.87,121.14,105.0,98.72,165.56,236.5,87.5,149.0
2025-11-03,18,2025-11-03T16:00:00Z,2025-11-03T17:00:00Z,122.08,122.08,135.64,94.12,94.12,180.99,209.3,83.3,126.0
2025-11-03,19,2025-11-03T17:00:00Z,2025-11-03T18:00:00Z,135.03,135.03,133.09,111.01,109.0,225.01,352.3,126.2,226.1
2025-11-03,20,2025-11-03T18:00:00Z,2025-11-03T19:00:00Z,126.14,126.14,129.61,116.49,83.51,201.8,334.0,107.1,226.9
2025-11-03,21,2025-11-03T19:00:00Z,2025-11-03T20:00:00Z,97.85,97.85,95.65,68.14,68.1,148.99,195.9,53.2,142.7
2025-11-03,22,2025-11-03T20:00:00Z,2025-11-03T21:00:00Z,95.8,95.8,88.59,69.0,61.4,140.13,243.3,66.2,177.1
2025-11-03,23,2025-11-03T21:00:00Z,2025-11-03T22:00:00Z,82.93,82.93,84.98,75.5,60.6,145.0,247.6,89.2,158.4
2025-11-03,24,2025-11-03T22:00:00Z,2025-11-03T23:00:00Z,67.91,67.91,67.17,59.69,59.6,96.08,145.7,68.2,77.5
2025-11-04,1,2025-11-03T23:00:00Z,2025-11-04T00:00:00Z,125.0,125.0,125.0,125.0,125.0,125.0,3.0,1.5,1.5
2025-11-04,2,2025-11-04T00:00:00Z,2025-11-04T01:00:00Z,101.86,101.86,103.51,92.01,92.01,115.0,7.0,3.5,3.5
2025-11-04,3,2025-11-04T01:00:00Z,2025-11-04T02:00:00Z,86.49,86.49,88.04,84.08,83.4,94.09,12.0,6.0,6.0
2025-11-04,4,2025-11-04T02:00:00Z,2025-11-04T03:00:00Z,80.8,80.8,81.7,81.21,80.24,86.03,94.0,47.0,47.0
2025-11-04,5,2025-11-04T03:00:00Z,2025-11-04T04:00:00Z,84.0,84.0,83.58,83.49,83.49,84.3,96.0,48.0,48.0
2025-11-04,6,2025-11-04T04:00:00Z,2025-11-04T05:00:00Z,99.55,99.55,99.83,111.06,90.76,111.06,140.2,51.6,88.6
2025-11-04,7,2025-11-04T05:00:00Z,2025-11-04T06:00:00Z,153.56,153.56,150.68,162.33,140.0,169.14,191.4,20.2,171.2
2025-11-04,8,2025-11-04T06:00:00Z,2025-11-04T07:00:00Z,133.87,133.87,132.51,110.05,110.05,165.0,145.6,24.1,121.5
2025-11-04,9,2025-11-04T07:00:00Z,2025-11-04T08:00:00Z,107.65,107.65,108.46,106.0,106.0,114.0,88.0,23.0,65.0
2025-11-04,10,2025-11-04T08:00:00Z,2025-11-04T09:00:00Z,92.66,92.66,92.52,86.28,86.28,95.0,64.8,12.5,52.3
2025-11-04,11,2025-11-04T09:00:00Z,2025-11-04T10:00:00Z,83.59,83.59,85.87,99.84,73.41,99.84,96.5,47.4,49.1
2025-11-04,12,2025-11-04T10:00:00Z,2025-11-04T11:00:00Z,74.8,74.8,75.72,70.19,68.01,94.17,133.1,77.1,56.0
2025-11-04,13,2025-11-04T11:00:00Z,2025-11-04T12:00:00Z,72.54,72.54,73.71,84.59,65.06,84.59,152.6,94.7,57.9
2025-11-04,14,2025-11-04T12:00:00Z,2025-11-04T13:00:00Z,83.78,83.78,82.37,87.0,70.06,88.0,180.4,124.6,55.8
2025-11-04,15,2025-11-04T13:00:00Z,2025-11-04T14:00:00Z,96.09,96.09,96.02,94.55,66.72,106.57,173.8,70.4,103.4
2025-11-04,16,2025-11-04T14:00:00Z,2025-11-04T15:00:00Z,125.1,125.1,125.13,126.53,98.48,155.0,139.0,48.4,90.6
2025-11-04,17,2025-11-04T15:00:00Z,2025-11-04T16:00:00Z,199.81,199.81,198.05,222.0,167.02,230.01,258.6,42.2,216.4
2025-11-04,18,2025-11-04T16:00:00Z,2025-11-04T17:00:00Z,166.83,166.83,166.04,140.03,140.03,190.0,443.0,245.5,197.5
2025-11-04,19,2025-11-04T17:00:00Z,2025-11-04T18:00:00Z,123.0,123.0,122.89,101.0,89.0,139.86,637.6,292.0,345.6
2025-11-04,20,2025-11-04T18:00:00Z,2025-11-04T19:00:00Z,119.85,119.85,123.06,114.0,106.01,157.42,388.8,180.4,208.4
2025-11-04,21,2025-11-04T19:00:00Z,2025-11-04T20:00:00Z,146.19,146.19,142.1,100.0,100.0,189.83,517.1,201.8,315.3
2025-11-04,22,2025-11-04T20:00:00Z,2025-11-04T21:00:00Z,90.3,90.3,92.4,100.0,85.0,111.81,331.3,169.1,162.2
2025-11-04,23,2025-11-04T21:00:00Z,2025-11-04T22:00:00Z,91.82,91.82,89.03,80.01,80.01,102.68,242.4,120.4,122.0
2025-11-04,24,2025-11-04T22:00:00Z,2025-11-04T23:00:00Z,101.74,101.74,97.99,103.07,80.49,129.38,281.6,128.3,153.3
2025-11-05,1,2025-11-04T23:00:00Z,2025-11-05T00:00:00Z,93.53,93.53,92.14,89.96,87.78,96.85,25.0,25.0,0.0
2025-11-05,2,2025-11-05T00:00:00Z,2025-11-05T01:00:00Z,89.73,89.73,89.01,103.15,73.01,103.15,144.3,110.0,34.3
2025-11-05,3,2025-11-05T01:00:00Z,2025-11-05T02:00:00Z,90.26,90.26,84.24,68.0,68.0,95.0,42.1,21.4,20.7
2025-11-05,4,2025-11-05T02:00:00Z,2025-11-05T03:00:00Z,101.2,101.2,95.06,88.0,66.35,105.0,48.6,24.3,24.3
2025-11-05,5,2025-11-05T03:00:00Z,2025-11-05T04:00:00Z,98.14,98.14,93.78,64.95,64.95,108.0,48.3,24.1,24.2
2025-11-05,6,2025-11-05T04:00:00Z,2025-11-05T05:00:00Z,93.25,93.25,94.23,96.96,87.41,96.96,41.5,15.5,26.0
2025-11-05,7,2025-11-05T05:00:00Z,2025-11-05T06:00:00Z,129.36,129.36,126.78,132.98,117.05,134.0,52.3,4.5,47.8
2025-11-05,8,2025-11-05T06:00:00Z,2025-11-05T07:00:00Z,151.8,151.8,146.51,170.0,135.0,187.99,56.3,13.4,42.9
2025-11-05,9,2025-11-05T07:00:00Z,2025-11-05T08:00:00Z,108.4,108.4,107.07,90.0,90.0,113.0,29.2,7.2,22.0
2025-11-05,10,2025-11-05T08:00:00Z,2025-11-05T09:00:00Z,88.12,88.12,88.8,89.21,76.74,104.0,110.0,64.8,45.2
2025-11-05,11,2025-11-05T09:00:00Z,2025-11-05T10:00:00Z,69.64,69.64,71.31,70.0,63.84,78.88,236.2,162.9,73.3
2025-11-05,12,2025-11-05T10:00:00Z,2025-11-05T11:00:00Z,80.97,80.97,80.76,129.99,63.6,129.99,235.4,131.5,103.9
2025-11-05,13,2025-11-05T11:00:00Z,2025-11-05T12:00:00Z,79.31,79.31,80.05,85.01,69.32,87.56,228.1,129.1,99.0
2025-11-05,14,2025-11-05T12:00:00Z,2025-11-05T13:00:00Z,77.71,77.71,79.64,80.0,70.38,89.51,177.5,101.2,76.3
2025-11-05,15,2025-11-05T13:00:00Z,2025-11-05T14:00:00Z,104.0,104.0,101.64,104.99,92.52,105.0,32.0,16.0,16.0
2025-11-05,16,2025-11-05T14:00:00Z,2025-11-05T15:00:00Z,117.77,117.77,117.35,90.14,90.14,122.99,141.7,64.2,77.5
2025-11-05,17,2025-11-05T15:00:00Z,2025-11-05T16:00:00Z,122.64,122.64,122.89,90.0,75.01,137.16,250.3,94.3,156.0
2025-11-05,18,2025-11-05T16:00:00Z,2025-11-05T17:00:00Z,135.98,135.98,134.34,143.87,127.57,143.87,171.2,65.7,105.5
2025-11-05,19,2025-11-05T17:00:00Z,2025-11-05T18:00:00Z,120.62,120.62,117.82,117.28,80.0,128.33,374.3,134.8,239.5
2025-11-05,20,2025-11-05T18:00:00Z,2025-11-05T19:00:00Z,114.2,114.2,111.96,87.24,79.0,135.0,76.8,38.4,38.4
2025-11-05,21,2025-11-05T19:00:00Z,2025-11-05T20:00:00Z,93.2,93.2,92.74,76.03,76.03,102.0,113.5,30.2,83.3
2025-11-05,22,2025-11-05T20:00:00Z,2025-11-05T21:00:00Z,114.31,114.31,114.4,80.2,80.2,130.0,87.0,63.0,24.0
2025-11-05,23,2025-11-05T21:00:00Z,2025-11-05T22:00:00Z,136.73,136.73,133.69,141.1,120.0,141.1,55.5,24.3,31.2
2025-11-05,24,2025-11-05T22:00:00Z,2025-11-05T23:00:00Z,147.93,147.93,146.66,180.36,119.62,180.37,48.6,19.3,29.3
2025-11-06,1,2025-11-05T23:00:00Z,2025-11-06T00:00:00Z,90.09,90.09,92.39,101.62,84.1,101.62,34.1,18.5,15.6
2025-11-06,2,2025-11-06T00:00:00Z,2025-11-06T01:00:00Z,81.74,81.74,82.22,79.9,79.89,88.75,28.0,22.5,5.5
2025-11-06,3,2025-11-06T01:00:00Z,2025-11-06T02:00:00Z,81.72,81.72,81.35,83.0,80.9,83.0,19.8,11.4,8.4
2025-11-06,4,2025-11-06T02:00:00Z,2025-11-06T03:00:00Z,82.37,82.37,83.1,84.3,80.94,90.98,20.2,11.2,9.0
2025-11-06,5,2025-11-06T03:00:00Z,2025-11-06T04:00:00Z,85.04,85.04,84.59,83.5,81.29,92.85,33.0,24.0,9.0
2025-11-06,6,2025-11-06T04:00:00Z,2025-11-06T05:00:00Z,89.23,89.23,88.66,90.0,86.83,90.0,23.6,11.3,12.3
2025-11-06,7,2025-11-06T05:00:00Z,2025-11-06T06:00:00Z,106.1,106.1,106.04,100.02,100.02,115.33,67.5,19.5,48.0
2025-11-06,8,2025-11-06T06:00:00Z,2025-11-06T07:00:00Z,129.87,129.87,127.02,120.91,120.91,144.0,18.9,12.5,6.4
2025-11-06,9,2025-11-06T07:00:00Z,2025-11-06T08:00:00Z,129.88,129.88,129.21,134.23,116.37,148.0,40.0,15.1,24.9
2025-11-06,10,2025-11-06T08:00:00Z,2025-11-06T09:00:00Z,100.42,100.42,101.62,106.17,93.21,106.17,100.2,65.8,34.4
2025-11-06,11,2025-11-06T09:00:00Z,2025-11-06T10:00:00Z,88.49,88.49,89.9,100.0,85.0,100.0,111.3,76.5,34.8
2025-11-06,12,2025-11-06T10:00:00Z,2025-11-06T11:00:00Z,87.74,87.74,87.56,124.98,78.55,145.0,158.0,108.0,50.0
2025-11-06,13,2025-11-06T11:00:00Z,2025-11-06T12:00:00Z,84.09,84.09,84.28,85.8,79.48,100.07,164.4,103.5,60.9
2025-11-06,14,2025-11-06T12:00:00Z,2025-11-06T13:00:00Z,89.53,89.53,89.78,93.5,84.75,94.99,177.6,111.1,66.5
2025-11-06,15,2025-11-06T13:00:00Z,2025-11-06T14:00:00Z,104.05,104.05,103.48,149.0,96.5,149.0,155.7,85.0,70.7
2025-11-06,16,2025-11-06T14:00:00Z,2025-11-06T15:00:00Z,124.21,124.21,123.81,123.57,118.09,131.1,168.5,77.4,91.1
2025-11-06,17,2025-11-06T15:00:00Z,2025-11-06T16:00:00Z,140.12,140.12,140.44,134.0,129.28,148.4,161.7,48.0,113.7
2025-11-06,18,2025-11-06T16:00:00Z,2025-11-06T17:00:00Z,142.22,142.22,140.67,135.48,125.0,161.4,282.1,115.1,167.0
2025-11-06,19,2025-11-06T17:00:00Z,2025-11-06T18:00:00Z,131.17,131.17,130.13,130.47,116.0,141.94,142.0,76.3,65.7
2025-11-06,20,2025-11-06T18:00:00Z,2025-11-06T19:00:00Z,124.53,124.53,123.48,109.01,107.0,130.99,153.0,79.4,73.6
2025-11-06,21,2025-11-06T19:00:00Z,2025-11-06T20:00:00Z,112.69,112.69,110.75,98.77,98.77,120.0,145.0,82.0,63.0
2025-11-06,22,2025-11-06T20:00:00Z,2025-11-06T21:00:00Z,96.88,96.88,95.49,93.68,89.59,103.26,106.1,64.0,42.1
2025-11-06,23,2025-11-06T21:00:00Z,2025-11-06T22:00:00Z,106.93,106.93,107.7,95.02,90.41,131.82,93.4,36.3,57.1
2025-11-06,24,2025-11-06T22:00:00Z,2025-11-06T23:00:00Z,112.83,112.83,111.43,96.49,95.0,124.72,30.4,8.5,21.9
2025-11-07,1,2025-11-06T23:00:00Z,2025-11-07T00:00:00Z,87.02,87.02,87.63,86.58,86.0,99.37,138.5,135.0,3.5
2025-11-07,2,2025-11-07T00:00:00Z,2025-11-07T01:00:00Z,86.6,86.6,86.45,85.52,85.0,89.0,179.0,177.0,2.0
2025-11-07,3,2025-11-07T01:00:00Z,2025-11-07T02:00:00Z,86.21,86.21,86.28,83.52,83.52,90.0,183.1,182.0,1.1
2025-11-07,4,2025-11-07T02:00:00Z,2025-11-07T03:00:00Z,85.68,85.68,85.41,82.76,82.39,90.0,189.8,184.6,5.2
2025-11-07,5,2025-11-07T03:00:00Z,2025-11-07T04:00:00Z,86.39,86.39,85.98,83.03,82.92,90.2,157.7,149.0,8.7
2025-11-07,6,2025-11-07T04:00:00Z,2025-11-07T05:00:00Z,89.8,89.8,89.16,89.92,87.73,90.72,39.7,29.0,10.7
2025-11-07,7,2025-11-07T05:00:00Z,2025-11-07T06:00:00Z,107.64,107.64,106.92,108.59,99.0,116.0,59.2,20.1,39.1
2025-11-07,8,2025-11-07T06:00:00Z,2025-11-07T07:00:00Z,122.05,122.05,125.56,127.89,112.2,129.5,25.7,9.8,15.9
2025-11-07,9,2025-11-07T07:00:00Z,2025-11-07T08:00:00Z,121.96,121.96,120.89,127.97,102.0,127.97,65.7,48.5,17.2
2025-11-07,10,2025-11-07T08:00:00Z,2025-11-07T09:00:00Z,101.27,101.27,101.64,90.01,90.01,111.64,105.7,52.3,53.4
2025-11-07,11,2025-11-07T09:00:00Z,2025-11-07T10:00:00Z,98.64,98.64,98.86,91.29,91.29,102.2,107.2,53.1,54.1
2025-11-07,12,2025-11-07T10:00:00Z,2025-11-07T11:00:00Z,93.71,93.71,93.79,92.01,88.46,111.33,164.3,108.9,55.4
2025-11-07,13,2025-11-07T11:00:00Z,2025-11-07T12:00:00Z,95.06,95.06,94.79,110.0,84.01,110.0,96.8,41.7,55.1
2025-11-07,14,2025-11-07T12:00:00Z,2025-11-07T13:00:00Z,102.38,102.38,97.16,125.0,86.0,125.0,142.4,65.7,76.7
2025-11-07,15,2025-11-07T13:00:00Z,2025-11-07T14:00:00Z,114.96,114.96,114.15,121.2,102.55,121.2,41.5,13.0,28.5
2025-11-07,16,2025-11-07T14:00:00Z,2025-11-07T15:00:00Z,133.44,133.44,132.2,147.99,123.07,147.99,169.6,91.3,78.3
2025-11-07,17,2025-11-07T15:00:00Z,2025-11-07T16:00:00Z,182.37,182.37,179.93,171.74,147.23,192.09,317.7,80.9,236.8
2025-11-07,18,2025-11-07T16:00:00Z,2025-11-07T17:00:00Z,186.84,186.84,185.61,175.26,166.0,194.98,389.8,123.5,266.3
2025-11-07,19,2025-11-07T17:00:00Z,2025-11-07T18:00:00Z,146.65,146.65,145.27,120.01,120.01,151.6,98.0,40.0,58.0
2025-11-07,20,2025-11-07T18:00:00Z,2025-11-07T19:00:00Z,146.44,146.44,141.41,134.99,131.05,151.67,56.0,28.0,28.0
2025-11-07,21,2025-11-07T19:00:00Z,2025-11-07T20:00:00Z,128.93,128.93,131.19,131.22,117.75,135.42,57.2,25.4,31.8
2025-11-07,22,2025-11-07T20:00:00Z,2025-11-07T21:00:00Z,114.98,114.98,115.24,122.79,110.0,125.9,257.5,144.2,113.3
2025-11-07,23,2025-11-07T21:00:00Z,2025-11-07T22:00:00Z,107.06,107.06,108.87,103.0,101.52,116.39,108.2,46.5,61.7
2025-11-07,24,2025-11-07T22:00:00Z,2025-11-07T23:00:00Z,94.96,94.96,94.73,88.32,86.57,99.99,204.7,161.3,43.4
2025-11-08,1,2025-11-07T23:00:00Z,2025-11-08T00:00:00Z,93.11,93.11,92.96,93.0,91.83,95.66,8.0,5.0,3.0
2025-11-08,2,2025-11-08T00:00:00Z,2025-11-08T01:00:00Z,95.52,95.52,95.95,93.7,91.72,102.1,51.6,41.0,10.6
2025-11-08,3,2025-11-08T01:00:00Z,2025-11-08T02:00:00Z,99.02,99.02,98.33,100.11,90.26,101.9,34.8,25.7,9.1
2025-11-08,4,2025-11-08T02:00:00Z,2025-11-08T03:00:00Z,100.38,100.38,101.05,97.7,97.7,102.0,18.0,10.0,8.0
2025-11-08,5,2025-11-08T03:00:00Z,2025-11-08T04:00:00Z,99.64,99.64,99.58,100.49,95.88,100.8,37.9,30.2,7.7
2025-11-08,6,2025-11-08T04:00:00Z,2025-11-08T05:00:00Z,101.27,101.27,102.36,103.96,91.34,108.24,75.4,47.5,27.9
2025-11-08,7,2025-11-08T05:00:00Z,2025-11-08T06:00:00Z,99.32,99.32,97.63,94.45,91.76,107.0,56.8,31.4,25.4
2025-11-08,8,2025-11-08T06:00:00Z,2025-11-08T07:00:00Z,111.34,111.34,112.33,103.24,102.71,119.0,91.6,60.1,31.5
2025-11-08,9,2025-11-08T07:00:00Z,2025-11-08T08:00:00Z,112.91,112.91,109.68,105.23,103.59,120.0,67.2,31.9,35.3
2025-11-08,10,2025-11-08T08:00:00Z,2025-11-08T09:00:00Z,111.69,111.69,115.05,130.0,99.4,154.99,152.5,104.0,48.5
2025-11-08,11,2025-11-08T09:00:00Z,2025-11-08T10:00:00Z,112.0,112.0,108.87,113.99,102.99,137.29,194.5,112.0,82.5
2025-11-08,12,2025-11-08T10:00:00Z,2025-11-08T11:00:00Z,105.39,105.39,105.14,111.7,99.59,117.7,228.4,137.2,91.2
2025-11-08,13,2025-11-08T11:00:00Z,2025-11-08T12:00:00Z,129.17,129.17,127.36,194.99,98.27,194.99,245.9,126.1,119.8
2025-11-08,14,2025-11-08T12:00:00Z,2025-11-08T13:00:00Z,126.06,126.06,126.79,159.99,102.11,168.95,231.0,119.5,111.5
2025-11-08,15,2025-11-08T13:00:00Z,2025-11-08T14:00:00Z,111.3,111.3,111.19,111.53,105.9,116.11,187.6,117.2,70.4
2025-11-08,16,2025-11-08T14:00:00Z,2025-11-08T15:00:00Z,126.17,126.17,125.04,130.0,120.5,130.0,59.6,51.6,8.0
2025-11-08,17,2025-11-08T15:00:00Z,2025-11-08T16:00:00Z,141.7,141.7,139.82,138.0,133.71,145.0,46.0,31.0,15.0
2025-11-08,18,2025-11-08T16:00:00Z,2025-11-08T17:00:00Z,140.27,140.27,140.82,140.79,133.01,144.49,65.7,47.3,18.4
2025-11-08,19,2025-11-08T17:00:00Z,2025-11-08T18:00:00Z,137.63,137.63,137.53,135.12,130.71,142.12,88.3,41.1,47.2
2025-11-08,20,2025-11-08T18:00:00Z,2025-11-08T19:00:00Z,132.46,132.46,133.41,132.37,126.11,137.0,75.2,26.2,49.0
2025-11-08,21,2025-11-08T19:00:00Z,2025-11-08T20:00:00Z,121.67,121.67,120.24,110.0,110.0,126.04,46.6,20.4,26.2
2025-11-08,22,2025-11-08T20:00:00Z,2025-11-08T21:00:00Z,108.4,108.4,108.43,100.49,100.15,115.3,54.3,23.2,31.1
2025-11-08,23,2025-11-08T21:00:00Z,2025-11-08T22:00:00Z,103.76,103.76,103.15,102.99,96.07,108.83,57.2,25.7,31.5
2025-11-08,24,2025-11-08T22:00:00Z,2025-11-08T23:00:00Z,97.0,97.0,96.91,93.78,93.54,101.39,57.5,32.0,25.5
2025-11-09,1,2025-11-08T23:00:00Z,2025-11-09T00:00:00Z,97.32,97.32,96.93,72.27,72.27,110.0,34.3,19.3,15.0
2025-11-09,2,2025-11-09T00:00:00Z,2025-11-09T01:00:00Z,92.44,92.44,92.76,94.11,92.0,95.09,40.3,14.2,26.1
2025-11-09,3,2025-11-09T01:00:00Z,2025-11-09T02:00:00Z,90.13,90.13,90.14,90.2,89.4,95.0,20.3,0.2,20.1
2025-11-09,4,2025-11-09T02:00:00Z,2025-11-09T03:00:00Z,88.73,88.73,88.77,88.72,88.02,91.48,16.1,1.0,15.1
2025-11-09,5,2025-11-09T03:00:00Z,2025-11-09T04:00:00Z,88.05,88.05,88.32,89.85,85.64,90.58,24.6,4.2,20.4
2025-11-09,6,2025-11-09T04:00:00Z,2025-11-09T05:00:00Z,94.21,94.21,92.47,90.99,88.0,102.95,61.6,22.6,39.0
2025-11-09,7,2025-11-09T05:00:00Z,2025-11-09T06:00:00Z,91.63,91.63,91.84,92.33,89.32,97.5,34.7,14.2,20.5
2025-11-09,8,2025-11-09T06:00:00Z,2025-11-09T07:00:00Z,96.11,96.11,96.2,91.29,91.29,100.34,38.3,20.2,18.1
2025-11-09,9,2025-11-09T07:00:00Z,2025-11-09T08:00:00Z,98.42,98.42,97.47,91.58,90.1,102.62,56.3,43.8,12.5
2025-11-09,10,2025-11-09T08:00:00Z,2025-11-09T09:00:00Z,94.91,94.91,91.05,70.02,70.02,110.72,60.8,39.2,21.6
2025-11-09,11,2025-11-09T09:00:00Z,2025-11-09T10:00:00Z,99.96,99.96,99.82,98.0,92.6,105.09,95.6,42.8,52.8
2025-11-09,12,2025-11-09T10:00:00Z,2025-11-09T11:00:00Z,95.53,95.53,94.9,73.27,73.27,103.52,137.2,57.1,80.1
2025-11-09,13,2025-11-09T11:00:00Z,2025-11-09T12:00:00Z,94.43,94.43,94.0,80.0,80.0,102.0,161.9,64.5,97.4
2025-11-09,14,2025-11-09T12:00:00Z,2025-11-09T13:00:00Z,91.55,91.55,90.96,75.41,75.41,104.2,138.5,57.8,80.7
2025-11-09,15,2025-11-09T13:00:00Z,2025-11-09T14:00:00Z,95.43,95.43,96.11,76.98,76.98,105.51,129.9,49.8,80.1
2025-11-09,16,2025-11-09T14:00:00Z,2025-11-09T15:00:00Z,102.86,102.86,101.14,120.0,94.05,145.0,201.2,93.1,108.1
2025-11-09,17,2025-11-09T15:00:00Z,2025-11-09T16:00:00Z,110.35,110.35,109.51,107.53,101.48,120.0,129.7,73.0,56.7
2025-11-09,18,2025-11-09T16:00:00Z,2025-11-09T17:00:00Z,121.84,121.84,122.96,121.37,117.94,129.01,51.9,31.2,20.7
2025-11-09,19,2025-11-09T17:00:00Z,2025-11-09T18:00:00Z,122.87,122.87,122.86,117.81,117.81,131.37,58.9,21.7,37.2
2025-11-09,20,2025-11-09T18:00:00Z,2025-11-09T19:00:00Z,117.7,117.7,116.75,120.0,99.0,126.93,98.9,51.9,47.0
2025-11-09,21,2025-11-09T19:00:00Z,2025-11-09T20:00:00Z,98.28,98.28,96.57,79.15,79.15,117.88,117.4,55.9,61.5
2025-11-09,22,2025-11-09T20:00:00Z,2025-11-09T21:00:00Z,94.13,94.13,94.39,89.8,89.4,107.82,81.7,49.9,31.8
2025-11-09,23,2025-11-09T21:00:00Z,2025-11-09T22:00:00Z,93.27,93.27,92.7,96.58,89.09,100.0,42.8,20.1,22.7
2025-11-09,24,2025-11-09T22:00:00Z,2025-11-09T23:00:00Z,91.09,91.09,90.87,95.0,85.77,98.63,40.4,15.5,24.9
2025-11-10,1,2025-11-09T23:00:00Z,2025-11-10T00:00:00Z,90.23,90.23,90.09,87.49,87.49,93.48,9.5,5.5,4.0
2025-11-10,2,2025-11-10T00:00:00Z,2025-11-10T01:00:00Z,89.17,89.17,88.52,90.59,87.12,91.46,7.1,1.9,5.2
2025-11-10,3,2025-11-10T01:00:00Z,2025-11-10T02:00:00Z,87.94,87.94,88.24,88.62,87.49,88.62,2.5,1.5,1.0
2025-11-10,4,2025-11-10T02:00:00Z,2025-11-10T03:00:00Z,88.01,88.01,88.33,87.01,85.05,91.0,21.6,9.6,12.0
2025-11-10,5,2025-11-10T03:00:00Z,2025-11-10T04:00:00Z,88.97,88.97,87.82,87.0,85.0,91.0,45.1,9.4,35.7
2025-11-10,6,2025-11-10T04:00:00Z,2025-11-10T05:00:00Z,95.63,95.63,95.32,91.63,91.63,96.0,33.4,31.4,2.0
2025-11-10,7,2025-11-10T05:00:00Z,2025-11-10T06:00:00Z,81.13,81.13,105.36,10.0,10.0,121.0,64.9,39.4,25.5
2025-11-10,8,2025-11-10T06:00:00Z,2025-11-10T07:00:00Z,135.32,135.32,134.71,85.0,85.0,146.0,83.8,39.4,44.4
2025-11-10,9,2025-11-10T07:00:00Z,2025-11-10T08:00:00Z,154.39,154.39,152.03,148.88,140.77,160.88,56.4,39.7,16.7
2025-11-10,10,2025-11-10T08:00:00Z,2025-11-10T09:00:00Z,145.19,145.19,142.06,133.15,133.15,165.94,108.9,59.7,49.2
2025-11-10,11,2025-11-10T09:00:00Z,2025-11-10T10:00:00Z,124.64,124.64,125.82,145.0,52.0,149.0,147.0,77.1,69.9
2025-11-10,12,2025-11-10T10:00:00Z,2025-11-10T11:00:00Z,114.23,114.23,112.7,100.0,100.0,146.99,263.6,136.1,127.5
2025-11-10,13,2025-11-10T11:00:00Z,2025-11-10T12:00:00Z,106.16,106.16,107.29,110.0,95.92,125.0,266.3,92.4,173.9
2025-11-10,14,2025-11-10T12:00:00Z,2025-11-10T13:00:00Z,115.33,115.33,113.25,93.15,93.11,140.28,243.5,107.0,136.5
2025-11-10,15,2025-11-10T13:00:00Z,2025-11-10T14:00:00Z,128.59,128.59,128.09,111.95,111.95,140.0,278.2,118.8,159.4
2025-11-10,16,2025-11-10T14:00:00Z,2025-11-10T15:00:00Z,144.29,144.29,143.79,124.36,124.36,156.05,285.4,93.5,191.9
2025-11-10,17,2025-11-10T15:00:00Z,2025-11-10T16:00:00Z,143.31,143.31,143.03,128.86,125.0,170.0,302.8,78.7,224.1
2025-11-10,18,2025-11-10T16:00:00Z,2025-11-10T17:00:00Z,142.2,142.2,142.47,128.13,127.47,163.07,211.7,13.1,198.6
2025-11-10,19,2025-11-10T17:00:00Z,2025-11-10T18:00:00Z,131.14,131.14,129.39,125.99,119.18,147.88,283.0,92.4,190.6
2025-11-10,20,2025-11-10T18:00:00Z,2025-11-10T19:00:00Z,129.99,129.99,130.29,106.56,106.56,140.57,206.0,66.5,139.5
2025-11-10,21,2025-11-10T19:00:00Z,2025-11-10T20:00:00Z,120.68,120.68,121.39,131.99,105.13,132.99,136.8,41.2,95.6
2025-11-10,22,2025-11-10T20:00:00Z,2025-11-10T21:00:00Z,106.06,106.06,106.2,105.18,101.31,115.0,207.3,63.1,144.2
2025-11-10,23,2025-11-10T21:00:00Z,2025-11-10T22:00:00Z,104.92,104.92,105.87,106.57,99.0,115.78,154.3,43.8,110.5
2025-11-10,24,2025-11-10T22:00:00Z,2025-11-10T23:00:00Z,92.46,92.46,93.53,100.14,87.85,100.14,135.4,34.9,100.5
2025-11-11,1,2025-11-10T23:00:00Z,2025-11-11T00:00:00Z,89.99,89.99,89.39,94.14,85.0,101.85,34.8,19.0,15.8
2025-11-11,2,2025-11-11T00:00:00Z,2025-11-11T01:00:00Z,83.27,83.27,81.35,82.2,77.43,92.76,60.1,34.0,26.1
2025-11-11,3,2025-11-11T01:00:00Z,2025-11-11T02:00:00Z,83.19,83.19,82.18,80.14,76.3,93.06,49.5,24.1,25.4
2025-11-11,4,2025-11-11T02:00:00Z,2025-11-11T03:00:00Z,83.2,83.2,84.1,82.64,75.5,93.29,60.6,40.6,20.0
2025-11-11,5,2025-11-11T03:00:00Z,2025-11-11T04:00:00Z,85.19,85.19,82.36,80.6,75.82,93.15,50.6,23.3,27.3
2025-11-11,6,2025-11-11T04:00:00Z,2025-11-11T05:00:00Z,86.79,86.79,86.66,77.53,77.03,100.0,82.2,22.5,59.7
2025-11-11,7,2025-11-11T05:00:00Z,2025-11-11T06:00:00Z,110.16,110.16,110.97,124.88,90.0,127.59,99.7,39.9,59.8
2025-11-11,8,2025-11-11T06:00:00Z,2025-11-11T07:00:00Z,132.05,132.05,128.08,60.0,60.0,147.79,82.6,18.5,64.1
2025-11-11,9,2025-11-11T07:00:00Z,2025-11-11T08:00:00Z,133.26,133.26,136.8,126.99,125.25,144.83,75.9,4.3,71.6
2025-11-11,10,2025-11-11T08:00:00Z,2025-11-11T09:00:00Z,118.63,118.63,117.22,119.99,112.92,135.92,130.9,37.9,93.0
2025-11-11,11,2025-11-11T09:00:00Z,2025-11-11T10:00:00Z,113.87,113.87,109.06,91.7,91.7,149.99,241.2,90.4,150.8
2025-11-11,12,2025-11-11T10:00:00Z,2025-11-11T11:00:00Z,98.38,98.38,98.79,98.42,91.01,106.85,452.3,118.9,333.4
2025-11-11,13,2025-11-11T11:00:00Z,2025-11-11T12:00:00Z,99.14,99.14,102.32,139.98,80.0,139.98,555.6,177.5,378.1
2025-11-11,14,2025-11-11T12:00:00Z,2025-11-11T13:00:00Z,123.74,123.74,115.91,168.0,97.1,168.0,355.7,75.0,280.7
2025-11-11,15,2025-11-11T13:00:00Z,2025-11-11T14:00:00Z,125.12,125.12,122.55,137.0,104.0,142.0,271.9,55.3,216.6
2025-11-11,16,2025-11-11T14:00:00Z,2025-11-11T15:00:00Z,131.55,131.55,129.08,105.0,105.0,151.24,437.8,166.7,271.1
2025-11-11,17,2025-11-11T15:00:00Z,2025-11-11T16:00:00Z,138.79,138.79,140.47,144.46,133.39,149.99,142.6,70.9,71.7
2025-11-11,18,2025-11-11T16:00:00Z,2025-11-11T17:00:00Z,135.18,135.18,135.76,130.0,130.0,150.0,154.1,61.0,93.1
2025-11-11,19,2025-11-11T17:00:00Z,2025-11-11T18:00:00Z,129.36,129.36,129.17,131.67,121.2,137.55,111.3,50.3,61.0
2025-11-11,20,2025-11-11T18:00:00Z,2025-11-11T19:00:00Z,144.65,144.65,143.71,149.0,123.26,155.0,171.3,59.5,111.8
2025-11-11,21,2025-11-11T19:00:00Z,2025-11-11T20:00:00Z,127.46,127.46,129.16,138.4,120.01,138.4,63.9,26.4,37.5
2025-11-11,22,2025-11-11T20:00:00Z,2025-11-11T21:00:00Z,131.43,131.43,134.25,136.45,121.41,138.49,88.1,43.6,44.5
2025-11-11,23,2025-11-11T21:00:00Z,2025-11-11T22:00:00Z,113.38,113.38,112.79,112.72,106.0,115.77,114.5,98.2,16.3
2025-11-11,24,2025-11-11T22:00:00Z,2025-11-11T23:00:00Z,101.57,101.57,102.07,72.23,72.23,105.5,87.0,61.4,25.6
2025-11-12,1,2025-11-11T23:00:00Z,2025-11-12T00:00:00Z,100.19,100.19,99.11,100.0,81.46,103.0,14.7,13.2,1.5
2025-11-12,2,2025-11-12T00:00:00Z,2025-11-12T01:00:00Z,81.99,81.99,83.04,71.01,71.01,92.83,60.0,53.9,6.1
2025-11-12,3,2025-11-12T01:00:00Z,2025-11-12T02:00:00Z,79.42,79.42,81.37,86.19,71.0,95.0,53.2,29.6,23.6
2025-11-12,4,2025-11-12T02:00:00Z,2025-11-12T03:00:00Z,81.35,81.35,80.45,77.3,71.11,93.25,50.2,26.7,23.5
2025-11-12,5,2025-11-12T03:00:00Z,2025-11-12T04:00:00Z,84.85,84.85,83.92,99.99,73.25,120.0,91.5,41.2,50.3
2025-11-12,6,2025-11-12T04:00:00Z,2025-11-12T05:00:00Z,99.12,99.12,100.29,91.28,84.89,150.0,75.5,39.7,35.8
2025-11-12,7,2025-11-12T05:00:00Z,2025-11-12T06:00:00Z,130.11,130.11,133.17,110.87,110.87,180.0,70.4,46.1,24.3
2025-11-12,8,2025-11-12T06:00:00Z,2025-11-12T07:00:00Z,142.05,142.05,140.3,160.0,125.82,190.0,117.8,57.0,60.8
2025-11-12,9,2025-11-12T07:00:00Z,2025-11-12T08:00:00Z,133.84,133.84,134.01,135.0,123.02,201.6,133.3,68.1,65.2
2025-11-12,10,2025-11-12T08:00:00Z,2025-11-12T09:00:00Z,121.14,121.14,120.68,148.89,107.09,148.89,204.1,82.8,121.3
2025-11-12,11,2025-11-12T09:00:00Z,2025-11-12T10:00:00Z,125.56,125.56,133.85,150.16,90.87,199.98,225.2,96.3,128.9
2025-11-12,12,2025-11-12T10:00:00Z,2025-11-12T11:00:00Z,130.93,130.93,131.89,177.31,88.0,177.31,390.5,138.1,252.4
2025-11-12,13,2025-11-12T11:00:00Z,2025-11-12T12:00:00Z,124.66,124.66,122.51,139.93,87.85,165.31,425.8,230.3,195.5
2025-11-12,14,2025-11-12T12:00:00Z,2025-11-12T13:00:00Z,122.22,122.22,118.86,199.0,93.45,199.0,287.0,152.8,134.2
2025-11-12,15,2025-11-12T13:00:00Z,2025-11-12T14:00:00Z,151.02,151.02,147.96,150.01,112.02,196.98,244.9,107.3,137.6
2025-11-12,16,2025-11-12T14:00:00Z,2025-11-12T15:00:00Z,163.74,163.74,171.26,165.0,141.13,204.08,128.9,66.7,62.2
2025-11-12,17,2025-11-12T15:00:00Z,2025-11-12T16:00:00Z,202.91,202.91,201.47,194.99,150.0,240.34,343.4,86.1,257.3
2025-11-12,18,2025-11-12T16:00:00Z,2025-11-12T17:00:00Z,151.53,151.53,148.53,133.01,100.01,215.74,213.0,49.9,163.1
2025-11-12,19,2025-11-12T17:00:00Z,2025-11-12T18:00:00Z,102.69,102.69,97.65,90.0,80.01,163.46,106.5,48.2,58.3
2025-11-12,20,2025-11-12T18:00:00Z,2025-11-12T19:00:00Z,103.48,103.48,103.31,84.98,80.01,139.99,139.3,78.7,60.6
2025-11-12,21,2025-11-12T19:00:00Z,2025-11-12T20:00:00Z,110.55,110.55,110.57,84.0,78.51,134.9,181.5,107.3,74.2
2025-11-12,22,2025-11-12T20:00:00Z,2025-11-12T21:00:00Z,99.52,99.52,95.43,90.17,80.78,122.0,75.8,58.1,17.7
2025-11-12,23,2025-11-12T21:00:00Z,2025-11-12T22:00:00Z,91.56,91.56,92.09,87.0,76.71,115.36,169.5,116.3,53.2
2025-11-12,24,2025-11-12T22:00:00Z,2025-11-12T23:00:00Z,77.88,77.88,77.54,72.7,60.01,84.98,79.3,47.3,32.0
2025-11-13,1,2025-11-12T23:00:00Z,2025-11-13T00:00:00Z,93.42,93.42,98.12,107.0,89.06,125.99,43.4,34.7,8.7
2025-11-13,2,2025-11-13T00:00:00Z,2025-11-13T01:00:00Z,82.51,82.51,81.64,80.0,74.5,112.6,73.9,64.2,9.7
2025-11-13,3,2025-11-13T01:00:00Z,2025-11-13T02:00:00Z,87.06,87.06,88.65,98.49,75.0,105.08,61.0,57.0,4.0
2025-11-13,4,2025-11-13T02:00:00Z,2025-11-13T03:00:00Z,93.67,93.67,90.55,113.0,47.21,116.01,68.2,66.8,1.4
2025-11-13,5,2025-11-13T03:00:00Z,2025-11-13T04:00:00Z,91.93,91.93,86.64,97.61,79.0,97.63,60.7,55.7,5.0
2025-11-13,6,2025-11-13T04:00:00Z,2025-11-13T05:00:00Z,98.76,98.76,99.16,91.0,90.06,129.36,56.5,52.0,4.5
2025-11-13,7,2025-11-13T05:00:00Z,2025-11-13T06:00:00Z,143.62,143.62,140.78,130.96,125.0,153.38,28.4,8.3,20.1
2025-11-13,8,2025-11-13T06:00:00Z,2025-11-13T07:00:00Z,147.26,147.26,147.7,137.67,137.67,156.62,100.8,77.3,23.5
2025-11-13,9,2025-11-13T07:00:00Z,2025-11-13T08:00:00Z,135.88,135.88,134.55,135.58,100.2,141.86,108.4,46.9,61.5
2025-11-13,10,2025-11-13T08:00:00Z,2025-11-13T09:00:00Z,126.88,126.88,127.3,125.82,119.83,138.39,143.7,68.5,75.2
2025-11-13,11,2025-11-13T09:00:00Z,2025-11-13T10:00:00Z,121.6,121.6,121.85,130.24,106.03,139.86,92.3,53.5,38.8
2025-11-13,12,2025-11-13T10:00:00Z,2025-11-13T11:00:00Z,105.44,105.44,105.31,102.7,90.0,118.4,158.0,90.0,68.0
2025-11-13,13,2025-11-13T11:00:00Z,2025-11-13T12:00:00Z,114.15,114.15,113.83,139.56,99.01,143.43,174.5,115.4,59.1
2025-11-13,14,2025-11-13T12:00:00Z,2025-11-13T13:00:00Z,112.64,112.64,115.31,111.0,103.0,154.72,209.8,130.9,78.9
2025-11-13,15,2025-11-13T13:00:00Z,2025-11-13T14:00:00Z,134.65,134.65,133.91,189.17,85.2,189.17,191.1,103.2,87.9
2025-11-13,16,2025-11-13T14:00:00Z,2025-11-13T15:00:00Z,166.43,166.43,172.88,219.51,106.92,219.51,249.6,179.0,70.6
2025-11-13,17,2025-11-13T15:00:00Z,2025-11-13T16:00:00Z,211.46,211.46,221.43,235.0,169.37,245.0,101.9,49.7,52.2
2025-11-13,18,2025-11-13T16:00:00Z,2025-11-13T17:00:00Z,201.74,201.74,196.36,195.39,184.05,231.74,49.4,14.2,35.2
2025-11-13,19,2025-11-13T17:00:00Z,2025-11-13T18:00:00Z,161.7,161.7,161.71,187.5,135.0,190.0,70.0,53.0,17.0
2025-11-13,20,2025-11-13T18:00:00Z,2025-11-13T19:00:00Z,149.34,149.34,145.05,148.9,119.81,182.12,101.1,49.5,51.6
2025-11-13,21,2025-11-13T19:00:00Z,2025-11-13T20:00:00Z,190.63,190.63,194.22,215.6,146.36,255.0,120.6,70.8,49.8
2025-11-13,22,2025-11-13T20:00:00Z,2025-11-13T21:00:00Z,172.06,172.06,170.16,160.01,130.0,215.06,76.4,56.9,19.5
2025-11-13,23,2025-11-13T21:00:00Z,2025-11-13T22:00:00Z,121.46,121.46,124.25,118.43,88.72,132.57,167.1,146.5,20.6
2025-11-13,24,2025-11-13T22:00:00Z,2025-11-13T23:00:00Z,108.15,108.15,108.03,118.69,86.53,120.0,187.6,167.5,20.1
2025-11-14,1,2025-11-13T23:00:00Z,2025-11-14T00:00:00Z,116.33,116.33,109.6,136.82,103.96,136.82,75.5,70.3,5.2
2025-11-14,2,2025-11-14T00:00:00Z,2025-11-14T01:00:00Z,116.28,116.28,114.78,107.88,104.01,123.88,80.5,75.0,5.5
2025-11-14,3,2025-11-14T01:00:00Z,2025-11-14T02:00:00Z,110.87,110.87,108.85,121.0,101.75,121.0,96.4,82.1,14.3
2025-11-14,4,2025-11-14T02:00:00Z,2025-11-14T03:00:00Z,97.41,97.41,99.12,100.0,88.44,108.88,131.6,91.1,40.5
2025-11-14,5,2025-11-14T03:00:00Z,2025-11-14T04:00:00Z,89.05,89.05,88.83,88.5,84.11,102.0,132.8,101.0,31.8
2025-11-14,6,2025-11-14T04:00:00Z,2025-11-14T05:00:00Z,101.3,101.3,99.82,98.23,87.7,110.0,65.9,34.0,31.9
2025-11-14,7,2025-11-14T05:00:00Z,2025-11-14T06:00:00Z,129.34,129.34,129.78,154.89,124.1,154.89,83.9,47.2,36.7
2025-11-14,8,2025-11-14T06:00:00Z,2025-11-14T07:00:00Z,147.33,147.33,150.81,168.83,137.57,179.82,126.9,62.3,64.6
2025-11-14,9,2025-11-14T07:00:00Z,2025-11-14T08:00:00Z,146.84,146.84,146.65,140.0,134.89,152.24,177.9,91.6,86.3
2025-11-14,10,2025-11-14T08:00:00Z,2025-11-14T09:00:00Z,147.07,147.07,148.71,148.0,127.23,160.04,203.2,83.5,119.7
2025-11-14,11,2025-11-14T09:00:00Z,2025-11-14T10:00:00Z,131.29,131.29,132.66,165.0,120.04,165.0,213.4,86.1,127.3
2025-11-14,12,2025-11-14T10:00:00Z,2025-11-14T11:00:00Z,129.43,129.43,128.78,168.18,110.0,168.18,280.0,113.4,166.6
2025-11-14,13,2025-11-14T11:00:00Z,2025-11-14T12:00:00Z,120.23,120.23,120.51,124.01,109.43,129.99,221.2,117.2,104.0
2025-11-14,14,2025-11-14T12:00:00Z,2025-11-14T13:00:00Z,125.38,125.38,125.64,134.0,110.42,136.21,251.8,152.5,99.3
2025-11-14,15,2025-11-14T13:00:00Z,2025-11-14T14:00:00Z,140.41,140.41,145.61,1.0,1.0,159.89,402.6,217.7,184.9
2025-11-14,16,2025-11-14T14:00:00Z,2025-11-14T15:00:00Z,156.43,156.43,155.9,117.58,110.0,175.0,345.1,163.7,181.4
2025-11-14,17,2025-11-14T15:00:00Z,2025-11-14T16:00:00Z,165.47,165.47,162.71,125.0,108.31,210.59,263.0,101.5,161.5
2025-11-14,18,2025-11-14T16:00:00Z,2025-11-14T17:00:00Z,171.81,171.81,164.11,191.0,112.5,191.0,141.3,66.6,74.7
2025-11-14,19,2025-11-14T17:00:00Z,2025-11-14T18:00:00Z,162.16,162.16,162.42,156.84,140.02,199.39,169.4,97.5,71.9
2025-11-14,20,2025-11-14T18:00:00Z,2025-11-14T19:00:00Z,159.14,159.14,160.33,165.0,133.0,174.88,149.8,74.9,74.9
2025-11-14,21,2025-11-14T19:00:00Z,2025-11-14T20:00:00Z,146.99,146.99,147.85,170.0,136.81,170.0,132.5,70.6,61.9
2025-11-14,22,2025-11-14T20:00:00Z,2025-11-14T21:00:00Z,114.35,114.35,114.1,119.94,106.93,121.69,104.1,79.2,24.9
2025-11-14,23,2025-11-14T21:00:00Z,2025-11-14T22:00:00Z,107.77,107.77,107.63,162.11,95.0,162.11,197.1,129.8,67.3
2025-11-14,24,2025-11-14T22:00:00Z,2025-11-14T23:00:00Z,97.68,97.68,96.84,90.0,85.0,105.75,142.0,83.0,59.0
2025-11-15,1,2025-11-14T23:00:00Z,2025-11-15T00:00:00Z,97.98,97.98,97.3,83.48,79.08,110.0,61.5,61.5,0.0
2025-11-15,2,2025-11-15T00:00:00Z,2025-11-15T01:00:00Z,88.46,88.46,87.54,85.95,80.01,103.05,90.5,68.8,21.7
2025-11-15,3,2025-11-15T01:00:00Z,2025-11-15T02:00:00Z,89.06,89.06,91.57,96.23,83.1,99.0,87.7,58.7,29.0
2025-11-15,4,2025-11-15T02:00:00Z,2025-11-15T03:00:00Z,86.55,86.55,85.28,91.89,77.53,99.72,176.7,144.9,31.8
2025-11-15,5,2025-11-15T03:00:00Z,2025-11-15T04:00:00Z,91.15,91.15,88.4,85.8,82.99,102.0,101.2,59.5,41.7
2025-11-15,6,2025-11-15T04:00:00Z,2025-11-15T05:00:00Z,89.66,89.66,90.03,89.14,81.5,110.0,99.8,51.8,48.0
2025-11-15,7,2025-11-15T05:00:00Z,2025-11-15T06:00:00Z,100.91,100.91,100.64,103.48,82.78,113.78,54.7,34.5,20.2
2025-11-15,8,2025-11-15T06:00:00Z,2025-11-15T07:00:00Z,108.71,108.71,108.58,103.35,103.35,113.2,126.6,64.9,61.7
2025-11-15,9,2025-11-15T07:00:00Z,2025-11-15T08:00:00Z,107.81,107.81,107.93,110.0,103.41,110.0,111.8,57.1,54.7
2025-11-15,10,2025-11-15T08:00:00Z,2025-11-15T09:00:00Z,109.68,109.68,108.81,105.0,99.21,119.0,211.4,75.3,136.1
2025-11-15,11,2025-11-15T09:00:00Z,2025-11-15T10:00:00Z,107.6,107.6,100.0,79.25,78.43,113.95,231.6,99.2,132.4
2025-11-15,12,2025-11-15T10:00:00Z,2025-11-15T11:00:00Z,103.56,103.56,104.62,80.01,80.01,112.86,323.6,148.3,175.3
2025-11-15,13,2025-11-15T11:00:00Z,2025-11-15T12:00:00Z,99.18,99.18,99.72,90.11,86.73,110.0,323.5,123.9,199.6
2025-11-15,14,2025-11-15T12:00:00Z,2025-11-15T13:00:00Z,102.36,102.36,102.1,102.26,91.73,123.8,215.9,77.4,138.5
2025-11-15,15,2025-11-15T13:00:00Z,2025-11-15T14:00:00Z,112.81,112.81,113.62,80.0,80.0,129.98,256.1,119.3,136.8
2025-11-15,16,2025-11-15T14:00:00Z,2025-11-15T15:00:00Z,157.16,157.16,160.63,155.54,134.01,184.36,92.2,35.3,56.9
2025-11-15,17,2025-11-15T15:00:00Z,2025-11-15T16:00:00Z,163.99,163.99,156.86,74.0,74.0,178.08,39.5,18.9,20.6
2025-11-15,18,2025-11-15T16:00:00Z,2025-11-15T17:00:00Z,135.57,135.57,139.27,119.24,119.24,179.55,37.5,18.9,18.6
2025-11-15,19,2025-11-15T17:00:00Z,2025-11-15T18:00:00Z,120.36,120.36,124.92,130.0,112.0,139.99,50.8,20.0,30.8
2025-11-15,20,2025-11-15T18:00:00Z,2025-11-15T19:00:00Z,122.62,122.62,121.78,101.92,101.92,140.47,76.2,56.7,19.5
2025-11-15,21,2025-11-15T19:00:00Z,2025-11-15T20:00:00Z,109.61,109.61,109.31,105.99,98.05,121.04,47.5,19.4,28.1
2025-11-15,22,2025-11-15T20:00:00Z,2025-11-15T21:00:00Z,98.48,98.48,97.46,99.9,85.98,113.69,105.1,72.0,33.1
2025-11-15,23,2025-11-15T21:00:00Z,2025-11-15T22:00:00Z,98.0,98.0,99.47,93.99,90.98,118.89,64.7,37.6,27.1
2025-11-15,24,2025-11-15T22:00:00Z,2025-11-15T23:00:00Z,95.69,95.69,94.67,99.48,87.23,107.98,61.2,27.9,33.3
2025-11-16,1,2025-11-15T23:00:00Z,2025-11-16T00:00:00Z,95.98,95.98,96.77,97.0,95.0,108.99,47.1,44.9,2.2
2025-11-16,2,2025-11-16T00:00:00Z,2025-11-16T01:00:00Z,98.72,98.72,99.45,101.09,92.49,101.09,58.0,54.4,3.6
2025-11-16,3,2025-11-16T01:00:00Z,2025-11-16T02:00:00Z,92.0,92.0,91.95,92.51,91.01,92.61,33.0,33.0,0.0
2025-11-16,4,2025-11-16T02:00:00Z,2025-11-16T03:00:00Z,91.98,91.98,91.63,88.76,84.99,94.89,60.6,42.6,18.0
2025-11-16,5,2025-11-16T03:00:00Z,2025-11-16T04:00:00Z,95.91,95.91,96.62,106.53,91.8,107.16,45.7,30.4,15.3
2025-11-16,6,2025-11-16T04:00:00Z,2025-11-16T05:00:00Z,101.91,101.91,100.09,89.84,87.84,111.89,63.4,39.4,24.0
2025-11-16,7,2025-11-16T05:00:00Z,2025-11-16T06:00:00Z,93.32,93.32,93.65,88.56,88.56,98.71,96.3,90.7,5.6
2025-11-16,8,2025-11-16T06:00:00Z,2025-11-16T07:00:00Z,97.92,97.92,97.01,91.8,91.8,102.08,89.3,47.2,42.1
2025-11-16,9,2025-11-16T07:00:00Z,2025-11-16T08:00:00Z,96.85,96.85,96.62,93.78,93.39,105.0,193.2,85.2,108.0
2025-11-16,10,2025-11-16T08:00:00Z,2025-11-16T09:00:00Z,103.81,103.81,103.34,139.99,95.59,139.99,146.3,51.1,95.2
2025-11-16,11,2025-11-16T09:00:00Z,2025-11-16T10:00:00Z,98.15,98.15,97.75,129.51,91.17,129.51,191.2,87.2,104.0
2025-11-16,12,2025-11-16T10:00:00Z,2025-11-16T11:00:00Z,102.22,102.22,102.19,121.26,96.13,121.26,225.2,98.0,127.2
2025-11-16,13,2025-11-16T11:00:00Z,2025-11-16T12:00:00Z,100.57,100.57,102.57,90.01,90.01,109.99,225.4,108.3,117.1
2025-11-16,14,2025-11-16T12:00:00Z,2025-11-16T13:00:00Z,106.56,106.56,106.02,116.39,98.66,116.39,189.1,88.3,100.8
2025-11-16,15,2025-11-16T13:00:00Z,2025-11-16T14:00:00Z,112.91,112.91,112.0,115.96,105.56,118.97,135.8,52.2,83.6
2025-11-16,16,2025-11-16T14:00:00Z,2025-11-16T15:00:00Z,122.39,122.39,122.1,121.01,115.58,129.37,95.7,53.2,42.5
2025-11-16,17,2025-11-16T15:00:00Z,2025-11-16T16:00:00Z,129.88,129.88,130.83,143.95,121.0,143.95,178.9,75.6,103.3
2025-11-16,18,2025-11-16T16:00:00Z,2025-11-16T17:00:00Z,132.13,132.13,131.54,131.09,127.0,139.8,105.1,37.5,67.6
2025-11-16,19,2025-11-16T17:00:00Z,2025-11-16T18:00:00Z,129.56,129.56,130.42,131.03,125.0,134.61,98.7,31.2,67.5
2025-11-16,20,2025-11-16T18:00:00Z,2025-11-16T19:00:00Z,125.88,125.88,125.73,129.28,120.0,129.28,49.3,21.3,28.0
2025-11-16,21,2025-11-16T19:00:00Z,2025-11-16T20:00:00Z,112.86,112.86,113.26,114.2,110.1,117.64,73.8,42.6,31.2
2025-11-16,22,2025-11-16T20:00:00Z,2025-11-16T21:00:00Z,96.33,96.33,97.47,93.81,91.51,106.7,92.6,49.4,43.2
2025-11-16,23,2025-11-16T21:00:00Z,2025-11-16T22:00:00Z,97.83,97.83,98.04,97.28,95.0,102.0,72.5,24.1,48.4
2025-11-16,24,2025-11-16T22:00:00Z,2025-11-16T23:00:00Z,87.36,87.36,85.56,84.91,82.18,92.99,112.3,50.1,62.2
2025-11-17,1,2025-11-16T23:00:00Z,2025-11-17T00:00:00Z,94.15,94.15,94.23,94.82,93.22,95.16,20.2,4.1,16.1
2025-11-17,2,2025-11-17T00:00:00Z,2025-11-17T01:00:00Z,88.43,88.43,88.66,91.18,87.09,91.18,23.7,6.0,17.7
2025-11-17,3,2025-11-17T01:00:00Z,2025-11-17T02:00:00Z,84.31,84.31,84.53,89.61,82.08,89.61,37.7,15.0,22.7
2025-11-17,4,2025-11-17T02:00:00Z,2025-11-17T03:00:00Z,83.84,83.84,84.1,85.47,80.0,89.61,67.4,31.2,36.2
2025-11-17,5,2025-11-17T03:00:00Z,2025-11-17T04:00:00Z,84.58,84.58,84.7,86.41,81.02,87.36,32.4,14.0,18.4
2025-11-17,6,2025-11-17T04:00:00Z,2025-11-17T05:00:00Z,91.13,91.13,92.83,86.77,86.67,96.41,32.2,14.0,18.2
2025-11-17,7,2025-11-17T05:00:00Z,2025-11-17T06:00:00Z,118.64,118.64,117.66,124.99,111.27,138.0,91.1,35.0,56.1
2025-11-17,8,2025-11-17T06:00:00Z,2025-11-17T07:00:00Z,128.57,128.57,129.23,135.05,122.98,155.0,170.0,65.4,104.6
2025-11-17,9,2025-11-17T07:00:00Z,2025-11-17T08:00:00Z,139.76,139.76,139.63,131.02,131.02,152.0,175.9,60.8,115.1
2025-11-17,10,2025-11-17T08:00:00Z,2025-11-17T09:00:00Z,137.07,137.07,137.22,135.0,128.62,155.37,349.1,129.7,219.4
2025-11-17,11,2025-11-17T09:00:00Z,2025-11-17T10:00:00Z,132.11,132.11,133.55,160.0,121.0,160.0,191.5,83.2,108.3
2025-11-17,12,2025-11-17T10:00:00Z,2025-11-17T11:00:00Z,128.59,128.59,129.88,129.82,116.33,141.3,221.0,107.5,113.5
2025-11-17,13,2025-11-17T11:00:00Z,2025-11-17T12:00:00Z,127.07,127.07,128.32,126.03,116.9,141.99,409.7,210.6,199.1
2025-11-17,14,2025-11-17T12:00:00Z,2025-11-17T13:00:00Z,127.31,127.31,124.87,112.01,112.01,153.59,298.0,168.7,129.3
2025-11-17,15,2025-11-17T13:00:00Z,2025-11-17T14:00:00Z,126.13,126.13,125.4,119.99,116.71,139.09,228.6,134.6,94.0
2025-11-17,16,2025-11-17T14:00:00Z,2025-11-17T15:00:00Z,130.01,130.01,130.02,129.5,118.83,151.96,146.4,81.9,64.5
2025-11-17,17,2025-11-17T15:00:00Z,2025-11-17T16:00:00Z,131.48,131.48,130.39,122.9,120.12,158.86,279.1,107.9,171.2
2025-11-17,18,2025-11-17T16:00:00Z,2025-11-17T17:00:00Z,130.55,130.55,132.0,121.01,120.02,141.11,211.3,66.3,145.0
2025-11-17,19,2025-11-17T17:00:00Z,2025-11-17T18:00:00Z,128.82,128.82,129.26,125.08,119.28,136.67,244.5,68.6,175.9
2025-11-17,20,2025-11-17T18:00:00Z,2025-11-17T19:00:00Z,124.83,124.83,125.77,147.12,113.13,147.12,215.0,65.6,149.4
2025-11-17,21,2025-11-17T19:00:00Z,2025-11-17T20:00:00Z,116.57,116.57,117.44,120.38,104.05,126.96,188.2,60.8,127.4
2025-11-17,22,2025-11-17T20:00:00Z,2025-11-17T21:00:00Z,104.86,104.86,104.55,85.85,85.85,112.94,203.6,76.3,127.3
2025-11-17,23,2025-11-17T21:00:00Z,2025-11-17T22:00:00Z,77.82,77.82,91.85,1.0,1.0,102.33,189.7,56.9,132.8
2025-11-17,24,2025-11-17T22:00:00Z,2025-11-17T23:00:00Z,84.94,84.94,85.04,82.23,77.06,104.0,189.8,54.6,135.2
2025-11-18,1,2025-11-17T23:00:00Z,2025-11-18T00:00:00Z,88.25,88.25,88.41,89.09,86.1,90.36,86.0,12.7,73.3
2025-11-18,2,2025-11-18T00:00:00Z,2025-11-18T01:00:00Z,84.68,84.68,84.48,83.96,83.23,85.82,53.7,0.4,53.3
2025-11-18,3,2025-11-18T01:00:00Z,2025-11-18T02:00:00Z,81.43,81.43,81.76,81.9,79.8,85.49,65.1,6.4,58.7
2025-11-18,4,2025-11-18T02:00:00Z,2025-11-18T03:00:00Z,80.68,80.68,81.1,75.47,75.43,84.29,76.9,10.1,66.8
2025-11-18,5,2025-11-18T03:00:00Z,2025-11-18T04:00:00Z,81.38,81.38,81.03,77.77,77.77,84.64,65.9,4.9,61.0
2025-11-18,6,2025-11-18T04:00:00Z,2025-11-18T05:00:00Z,84.67,84.67,84.37,82.0,81.54,89.41,159.6,18.9,140.7
2025-11-18,7,2025-11-18T05:00:00Z,2025-11-18T06:00:00Z,97.77,97.77,96.33,106.54,89.11,106.54,128.9,18.0,110.9
2025-11-18,8,2025-11-18T06:00:00Z,2025-11-18T07:00:00Z,106.45,106.45,106.99,104.01,102.58,117.59,207.3,50.8,156.5
2025-11-18,9,2025-11-18T07:00:00Z,2025-11-18T08:00:00Z,97.67,97.67,99.82,51.0,51.0,127.28,282.0,106.6,175.4
2025-11-18,10,2025-11-18T08:00:00Z,2025-11-18T09:00:00Z,103.0,103.0,102.14,91.01,91.01,120.0,356.0,75.0,281.0
2025-11-18,11,2025-11-18T09:00:00Z,2025-11-18T10:00:00Z,95.28,95.28,96.45,60.16,60.16,119.96,338.0,93.8,244.2
2025-11-18,12,2025-11-18T10:00:00Z,2025-11-18T11:00:00Z,89.38,89.38,88.76,45.0,45.0,103.0,452.4,108.5,343.9
2025-11-18,13,2025-11-18T11:00:00Z,2025-11-18T12:00:00Z,96.19,96.19,95.38,99.0,80.0,111.37,309.9,55.1,254.8
2025-11-18,14,2025-11-18T12:00:00Z,2025-11-18T13:00:00Z,101.26,101.26,102.0,84.0,84.0,108.77,428.6,148.6,280.0
2025-11-18,15,2025-11-18T13:00:00Z,2025-11-18T14:00:00Z,118.71,118.71,119.55,97.0,97.0,132.29,320.5,59.9,260.6
2025-11-18,16,2025-11-18T14:00:00Z,2025-11-18T15:00:00Z,134.36,134.36,134.58,122.01,122.01,149.9,227.5,43.6,183.9
2025-11-18,17,2025-11-18T15:00:00Z,2025-11-18T16:00:00Z,139.71,139.71,140.29,87.03,87.03,157.44,255.0,90.2,164.8
2025-11-18,18,2025-11-18T16:00:00Z,2025-11-18T17:00:00Z,136.18,136.18,141.26,95.02,30.0,159.0,287.0,75.2,211.8
2025-11-18,19,2025-11-18T17:00:00Z,2025-11-18T18:00:00Z,127.56,127.56,133.05,125.17,30.0,144.41,273.9,71.0,202.9
2025-11-18,20,2025-11-18T18:00:00Z,2025-11-18T19:00:00Z,126.81,126.81,131.13,132.12,30.0,142.57,339.2,112.2,227.0
2025-11-18,21,2025-11-18T19:00:00Z,2025-11-18T20:00:00Z,116.99,116.99,115.8,125.0,91.55,128.01,345.6,151.7,193.9
2025-11-18,22,2025-11-18T20:00:00Z,2025-11-18T21:00:00Z,109.98,109.98,109.99,101.01,100.86,115.92,438.0,159.7,278.3
2025-11-18,23,2025-11-18T21:00:00Z,2025-11-18T22:00:00Z,105.98,105.98,106.59,109.99,100.8,118.8,354.3,111.0,243.3
2025-11-18,24,2025-11-18T22:00:00Z,2025-11-18T23:00:00Z,92.29,92.29,91.98,94.5,85.0,106.8,362.9,141.6,221.3
2025-11-19,1,2025-11-18T23:00:00Z,2025-11-19T00:00:00Z,88.4,88.4,87.0,82.78,80.21,96.72,60.0,25.6,34.4
2025-11-19,2,2025-11-19T00:00:00Z,2025-11-19T01:00:00Z,87.77,87.77,86.68,91.5,80.0,91.62,35.9,14.2,21.7
2025-11-19,3,2025-11-19T01:00:00Z,2025-11-19T02:00:00Z,88.48,88.48,89.5,88.52,84.9,92.5,81.1,41.6,39.5
2025-11-19,4,2025-11-19T02:00:00Z,2025-11-19T03:00:00Z,84.72,84.72,85.22,84.0,82.9,90.76,49.2,27.7,21.5
2025-11-19,5,2025-11-19T03:00:00Z,2025-11-19T04:00:00Z,84.94,84.94,85.49,82.31,80.12,93.63,54.1,43.5,10.6
2025-11-19,6,2025-11-19T04:00:00Z,2025-11-19T05:00:00Z,109.92,109.92,111.82,119.28,99.19,132.05,63.8,34.3,29.5
2025-11-19,7,2025-11-19T05:00:00Z,2025-11-19T06:00:00Z,133.73,133.73,134.58,143.24,124.83,144.12,58.6,19.6,39.0
2025-11-19,8,2025-11-19T06:00:00Z,2025-11-19T07:00:00Z,154.23,154.23,154.68,153.21,143.09,167.35,113.7,47.3,66.4
2025-11-19,9,2025-11-19T07:00:00Z,2025-11-19T08:00:00Z,153.52,153.52,154.31,176.0,144.2,176.0,129.4,68.1,61.3
2025-11-19,10,2025-11-19T08:00:00Z,2025-11-19T09:00:00Z,147.33,147.33,145.95,195.0,132.23,195.0,196.5,132.7,63.8
2025-11-19,11,2025-11-19T09:00:00Z,2025-11-19T10:00:00Z,137.79,137.79,135.43,133.02,116.37,161.31,294.1,178.6,115.5
2025-11-19,12,2025-11-19T10:00:00Z,2025-11-19T11:00:00Z,137.79,137.79,132.58,162.93,110.15,162.93,254.8,153.2,101.6
2025-11-19,13,2025-11-19T11:00:00Z,2025-11-19T12:00:00Z,122.31,122.31,121.15,122.0,102.1,137.91,323.7,193.9,129.8
2025-11-19,14,2025-11-19T12:00:00Z,2025-11-19T13:00:00Z,132.25,132.25,133.25,139.91,110.75,154.0,177.0,124.2,52.8
2025-11-19,15,2025-11-19T13:00:00Z,2025-11-19T14:00:00Z,144.23,144.23,145.31,121.74,121.74,174.01,232.2,151.6,80.6
2025-11-19,16,2025-11-19T14:00:00Z,2025-11-19T15:00:00Z,208.29,208.29,208.47,186.0,174.02,250.11,133.0,75.7,57.3
2025-11-19,17,2025-11-19T15:00:00Z,2025-11-19T16:00:00Z,235.3,235.3,230.43,205.16,198.01,280.9,380.3,129.0,251.3
2025-11-19,18,2025-11-19T16:00:00Z,2025-11-19T17:00:00Z,169.85,169.85,167.83,150.48,150.48,205.52,206.1,85.4,120.7
2025-11-19,19,2025-11-19T17:00:00Z,2025-11-19T18:00:00Z,167.21,167.21,171.29,150.99,141.04,189.59,99.8,41.8,58.0
2025-11-19,20,2025-11-19T18:00:00Z,2025-11-19T19:00:00Z,158.63,158.63,155.3,142.15,140.85,176.0,92.1,43.7,48.4
2025-11-19,21,2025-11-19T19:00:00Z,2025-11-19T20:00:00Z,132.39,132.39,133.29,114.02,114.02,147.11,171.8,112.0,59.8
2025-11-19,22,2025-11-19T20:00:00Z,2025-11-19T21:00:00Z,124.11,124.11,124.2,117.1,117.0,134.14,160.4,113.1,47.3
2025-11-19,23,2025-11-19T21:00:00Z,2025-11-19T22:00:00Z,108.84,108.84,108.26,95.72,95.72,118.88,201.1,128.0,73.1
2025-11-19,24,2025-11-19T22:00:00Z,2025-11-19T23:00:00Z,94.18,94.18,93.72,92.28,88.93,99.0,97.2,67.2,30.0
2025-11-20,1,2025-11-19T23:00:00Z,2025-11-20T00:00:00Z,96.69,96.69,94.27,189.0,90.88,189.0,228.4,218.2,10.2
2025-11-20,2,2025-11-20T00:00:00Z,2025-11-20T01:00:00Z,88.46,88.46,88.63,86.52,86.52,90.88,82.8,72.7,10.1
2025-11-20,3,2025-11-20T01:00:00Z,2025-11-20T02:00:00Z,86.92,86.92,86.79,84.58,84.31,87.49,70.8,68.5,2.3
2025-11-20,4,2025-11-20T02:00:00Z,2025-11-20T03:00:00Z,83.59,83.59,83.89,82.0,79.99,87.0,135.1,107.4,27.7
2025-11-20,5,2025-11-20T03:00:00Z,2025-11-20T04:00:00Z,83.76,83.76,83.96,87.01,82.27,87.9,264.4,256.9,7.5
2025-11-20,6,2025-11-20T04:00:00Z,2025-11-20T05:00:00Z,105.26,105.26,112.87,91.89,90.8,134.45,56.5,30.8,25.7
2025-11-20,7,2025-11-20T05:00:00Z,2025-11-20T06:00:00Z,120.15,120.15,119.45,116.66,110.0,127.22,58.6,35.7,22.9
2025-11-20,8,2025-11-20T06:00:00Z,2025-11-20T07:00:00Z,135.89,135.89,136.63,139.95,120.39,148.9,86.1,28.6,57.5
2025-11-20,9,2025-11-20T07:00:00Z,2025-11-20T08:00:00Z,147.09,147.09,146.09,149.01,131.88,157.0,160.3,72.1,88.2
2025-11-20,10,2025-11-20T08:00:00Z,2025-11-20T09:00:00Z,150.39,150.39,148.79,116.08,116.08,158.0,90.8,46.3,44.5
2025-11-20,11,2025-11-20T09:00:00Z,2025-11-20T10:00:00Z,168.52,168.52,184.98,144.99,129.57,1799.05,152.8,59.2,93.6
2025-11-20,12,2025-11-20T10:00:00Z,2025-11-20T11:00:00Z,138.97,138.97,139.06,136.01,117.83,148.0,181.5,78.6,102.9
2025-11-20,13,2025-11-20T11:00:00Z,2025-11-20T12:00:00Z,138.88,138.88,139.64,143.15,125.05,147.14,153.8,68.9,84.9
2025-11-20,14,2025-11-20T12:00:00Z,2025-11-20T13:00:00Z,149.05,149.05,149.15,155.0,140.01,156.92,131.8,73.2,58.6
2025-11-20,15,2025-11-20T13:00:00Z,2025-11-20T14:00:00Z,161.06,161.06,159.75,135.01,135.01,168.17,168.0,105.8,62.2
2025-11-20,16,2025-11-20T14:00:00Z,2025-11-20T15:00:00Z,175.57,175.57,175.13,168.0,162.31,190.0,199.3,100.1,99.2
2025-11-20,17,2025-11-20T15:00:00Z,2025-11-20T16:00:00Z,187.74,187.74,187.19,162.89,160.76,210.85,212.5,110.3,102.2
2025-11-20,18,2025-11-20T16:00:00Z,2025-11-20T17:00:00Z,217.33,217.33,214.81,253.12,169.8,288.92,504.2,142.0,362.2
2025-11-20,19,2025-11-20T17:00:00Z,2025-11-20T18:00:00Z,196.83,196.83,194.57,165.94,157.93,248.9,768.4,276.4,492.0
2025-11-20,20,2025-11-20T18:00:00Z,2025-11-20T19:00:00Z,181.04,181.04,178.82,163.48,149.66,218.71,493.0,210.2,282.8
2025-11-20,21,2025-11-20T19:00:00Z,2025-11-20T20:00:00Z,146.99,146.99,145.27,128.21,128.0,208.49,240.7,110.4,130.3
2025-11-20,22,2025-11-20T20:00:00Z,2025-11-20T21:00:00Z,136.57,136.57,134.17,138.77,118.99,170.0,176.6,76.2,100.4
2025-11-20,23,2025-11-20T21:00:00Z,2025-11-20T22:00:00Z,123.5,123.5,124.32,200.0,109.74,200.0,89.3,48.3,41.0
2025-11-20,24,2025-11-20T22:00:00Z,2025-11-20T23:00:00Z,105.29,105.29,103.76,100.02,93.02,113.89,111.1,68.3,42.8
2025-11-21,1,2025-11-20T23:00:00Z,2025-11-21T00:00:00Z,107.93,107.93,108.09,102.88,102.88,109.72,9.0,3.3,5.7
2025-11-21,2,2025-11-21T00:00:00Z,2025-11-21T01:00:00Z,98.14,98.14,96.95,94.93,93.9,105.61,48.9,14.6,34.3
2025-11-21,3,2025-11-21T01:00:00Z,2025-11-21T02:00:00Z,98.61,98.61,97.59,92.62,92.44,101.0,66.8,29.4,37.4
2025-11-21,4,2025-11-21T02:00:00Z,2025-11-21T03:00:00Z,96.74,96.74,96.65,94.71,94.71,97.99,112.0,91.9,20.1
2025-11-21,5,2025-11-21T03:00:00Z,2025-11-21T04:00:00Z,97.98,97.98,97.64,95.07,92.86,101.43,30.5,11.0,19.5
2025-11-21,6,2025-11-21T04:00:00Z,2025-11-21T05:00:00Z,105.87,105.87,105.74,102.7,100.96,108.07,55.0,19.1,35.9
2025-11-21,7,2025-11-21T05:00:00Z,2025-11-21T06:00:00Z,133.44,133.44,133.51,113.0,113.0,142.66,84.6,30.8,53.8
2025-11-21,8,2025-11-21T06:00:00Z,2025-11-21T07:00:00Z,182.01,182.01,181.97,167.0,156.44,200.16,174.4,62.2,112.2
2025-11-21,9,2025-11-21T07:00:00Z,2025-11-21T08:00:00Z,232.04,232.04,232.14,228.48,206.01,262.65,304.3,60.6,243.7
2025-11-21,10,2025-11-21T08:00:00Z,2025-11-21T09:00:00Z,202.71,202.71,201.34,290.0,174.37,290.0,188.6,71.1,117.5
2025-11-21,11,2025-11-21T09:00:00Z,2025-11-21T10:00:00Z,161.18,161.18,161.83,148.0,146.1,180.01,133.1,66.9,66.2
2025-11-21,12,2025-11-21T10:00:00Z,2025-11-21T11:00:00Z,148.59,148.59,150.6,101.82,101.82,170.97,168.4,59.4,109.0
2025-11-21,13,2025-11-21T11:00:00Z,2025-11-21T12:00:00Z,143.71,143.71,141.42,105.2,105.2,160.0,158.1,78.6,79.5
2025-11-21,14,2025-11-21T12:00:00Z,2025-11-21T13:00:00Z,156.84,156.84,156.8,158.0,145.0,184.29,175.1,80.8,94.3
2025-11-21,15,2025-11-21T13:00:00Z,2025-11-21T14:00:00Z,185.54,185.54,192.17,210.0,168.0,270.0,184.9,75.5,109.4
2025-11-21,16,2025-11-21T14:00:00Z,2025-11-21T15:00:00Z,222.94,222.94,226.72,239.93,200.69,266.1,283.7,80.9,202.8
2025-11-21,17,2025-11-21T15:00:00Z,2025-11-21T16:00:00Z,270.47,270.47,269.69,248.31,215.0,346.94,349.3,146.9,202.4
2025-11-21,18,2025-11-21T16:00:00Z,2025-11-21T17:00:00Z,276.37,276.37,274.49,246.03,208.0,350.0,466.0,208.5,257.5
2025-11-21,19,2025-11-21T17:00:00Z,2025-11-21T18:00:00Z,233.04,233.04,230.0,198.11,168.78,285.0,813.6,259.9,553.7
2025-11-21,20,2025-11-21T18:00:00Z,2025-11-21T19:00:00Z,182.24,182.24,180.17,150.99,150.18,221.0,634.9,234.4,400.5
2025-11-21,21,2025-11-21T19:00:00Z,2025-11-21T20:00:00Z,144.08,144.08,142.71,119.2,119.2,191.0,325.2,135.0,190.2
2025-11-21,22,2025-11-21T20:00:00Z,2025-11-21T21:00:00Z,117.52,117.52,118.65,1.0,1.0,299.0,217.0,80.1,136.9
2025-11-21,23,2025-11-21T21:00:00Z,2025-11-21T22:00:00Z,107.83,107.83,105.57,97.3,96.34,141.0,111.4,32.1,79.3
2025-11-21,24,2025-11-21T22:00:00Z,2025-11-21T23:00:00Z,100.67,100.67,96.25,93.0,87.77,141.0,207.2,120.8,86.4
2025-11-22,1,2025-11-21T23:00:00Z,2025-11-22T00:00:00Z,95.14,95.14,95.35,91.71,90.0,104.51,87.6,40.0,47.6
2025-11-22,2,2025-11-22T00:00:00Z,2025-11-22T01:00:00Z,86.23,86.23,86.7,84.0,83.16,90.02,60.9,11.7,49.2
2025-11-22,3,2025-11-22T01:00:00Z,2025-11-22T02:00:00Z,84.26,84.26,83.81,85.83,79.71,87.95,83.7,25.5,58.2
2025-11-22,4,2025-11-22T02:00:00Z,2025-11-22T03:00:00Z,81.14,81.14,80.35,80.36,78.69,90.0,59.2,12.6,46.6
2025-11-22,5,2025-11-22T03:00:00Z,2025-11-22T04:00:00Z,79.21,79.21,78.78,82.28,75.82,86.19,69.6,24.4,45.2
2025-11-22,6,2025-11-22T04:00:00Z,2025-11-22T05:00:00Z,80.35,80.35,80.17,78.99,74.9,85.1,89.7,38.2,51.5
2025-11-22,7,2025-11-22T05:00:00Z,2025-11-22T06:00:00Z,83.57,83.57,83.87,82.92,78.0,90.81,75.2,33.9,41.3
2025-11-22,8,2025-11-22T06:00:00Z,2025-11-22T07:00:00Z,94.75,94.75,91.81,86.0,79.35,109.09,78.0,38.3,39.7
2025-11-22,9,2025-11-22T07:00:00Z,2025-11-22T08:00:00Z,90.89,90.89,90.85,100.0,86.4,109.99,344.9,252.8,92.1
2025-11-22,10,2025-11-22T08:00:00Z,2025-11-22T09:00:00Z,89.16,89.16,88.43,85.05,82.44,100.94,417.1,258.9,158.2
2025-11-22,11,2025-11-22T09:00:00Z,2025-11-22T10:00:00Z,90.41,90.41,90.6,80.0,79.88,96.92,469.7,294.6,175.1
2025-11-22,12,2025-11-22T10:00:00Z,2025-11-22T11:00:00Z,87.35,87.35,86.97,94.94,75.01,107.69,577.6,332.2,245.4
2025-11-22,13,2025-11-22T11:00:00Z,2025-11-22T12:00:00Z,86.16,86.16,86.86,95.76,76.38,99.95,318.6,174.6,144.0
2025-11-22,14,2025-11-22T12:00:00Z,2025-11-22T13:00:00Z,96.06,96.06,98.21,64.03,64.03,119.5,265.4,101.5,163.9
2025-11-22,15,2025-11-22T13:00:00Z,2025-11-22T14:00:00Z,120.41,120.41,120.81,135.0,91.22,135.0,215.8,95.5,120.3
2025-11-22,16,2025-11-22T14:00:00Z,2025-11-22T15:00:00Z,129.79,129.79,130.82,124.95,116.63,165.0,147.2,80.5,66.7
2025-11-22,17,2025-11-22T15:00:00Z,2025-11-22T16:00:00Z,131.66,131.66,131.1,144.8,118.31,146.83,114.6,56.0,58.6
2025-11-22,18,2025-11-22T16:00:00Z,2025-11-22T17:00:00Z,129.92,129.92,130.07,115.0,115.0,165.0,105.0,56.5,48.5
2025-11-22,19,2025-11-22T17:00:00Z,2025-11-22T18:00:00Z,124.74,124.74,124.01,113.61,113.51,132.6,108.0,67.0,41.0
2025-11-22,20,2025-11-22T18:00:00Z,2025-11-22T19:00:00Z,121.36,121.36,122.93,109.99,105.96,150.0,163.8,90.5,73.3
2025-11-22,21,2025-11-22T19:00:00Z,2025-11-22T20:00:00Z,121.45,121.45,120.6,125.5,113.02,140.0,87.0,47.6,39.4
2025-11-22,22,2025-11-22T20:00:00Z,2025-11-22T21:00:00Z,109.58,109.58,109.18,116.25,100.46,120.99,122.8,45.5,77.3
2025-11-22,23,2025-11-22T21:00:00Z,2025-11-22T22:00:00Z,104.54,104.54,101.63,80.0,80.0,118.0,121.4,54.5,66.9
2025-11-22,24,2025-11-22T22:00:00Z,2025-11-22T23:00:00Z,88.75,88.75,88.86,91.05,80.08,97.81,134.0,60.7,73.3
2025-11-23,1,2025-11-22T23:00:00Z,2025-11-23T00:00:00Z,93.99,93.99,88.67,88.1,83.14,114.08,16.5,11.5,5.0
2025-11-23,2,2025-11-23T00:00:00Z,2025-11-23T01:00:00Z,79.3,79.3,79.77,84.07,76.2,85.81,31.4,16.7,14.7
2025-11-23,3,2025-11-23T01:00:00Z,2025-11-23T02:00:00Z,78.14,78.14,77.13,80.65,72.19,81.0,32.0,25.5,6.5
2025-11-23,4,2025-11-23T02:00:00Z,2025-11-23T03:00:00Z,73.62,73.62,72.75,75.0,67.67,81.0,145.7,128.3,17.4
2025-11-23,5,2025-11-23T03:00:00Z,2025-11-23T04:00:00Z,72.49,72.49,71.87,73.19,65.0,77.97,160.2,140.6,19.6
2025-11-23,6,2025-11-23T04:00:00Z,2025-11-23T05:00:00Z,78.07,78.07,78.31,81.53,70.32,81.53,48.6,37.8,10.8
2025-11-23,7,2025-11-23T05:00:00Z,2025-11-23T06:00:00Z,81.98,81.98,81.58,73.61,73.61,86.0,54.5,40.4,14.1
2025-11-23,8,2025-11-23T06:00:00Z,2025-11-23T07:00:00Z,87.89,87.89,86.0,82.0,81.5,94.99,81.5,57.8,23.7
2025-11-23,9,2025-11-23T07:00:00Z,2025-11-23T08:00:00Z,96.76,96.76,96.01,91.01,90.83,102.37,165.3,108.0,57.3
2025-11-23,10,2025-11-23T08:00:00Z,2025-11-23T09:00:00Z,94.03,94.03,93.44,94.99,79.08,112.0,212.2,111.1,101.1
2025-11-23,11,2025-11-23T09:00:00Z,2025-11-23T10:00:00Z,89.5,89.5,88.47,124.97,72.06,124.97,314.9,151.3,163.6
2025-11-23,12,2025-11-23T10:00:00Z,2025-11-23T11:00:00Z,90.09,90.09,93.65,173.95,72.77,173.95,284.8,147.5,137.3
2025-11-23,13,2025-11-23T11:00:00Z,2025-11-23T12:00:00Z,99.5,99.5,100.47,121.0,79.8,139.81,288.8,148.1,140.7
2025-11-23,14,2025-11-23T12:00:00Z,2025-11-23T13:00:00Z,101.69,101.69,100.92,85.1,80.53,141.97,293.8,157.3,136.5
2025-11-23,15,2025-11-23T13:00:00Z,2025-11-23T14:00:00Z,107.67,107.67,106.03,53.63,53.63,135.95,319.6,176.1,143.5
2025-11-23,16,2025-11-23T14:00:00Z,2025-11-23T15:00:00Z,121.5,121.5,121.22,129.03,109.18,142.62,306.4,163.0,143.4
2025-11-23,17,2025-11-23T15:00:00Z,2025-11-23T16:00:00Z,133.31,133.31,132.68,127.68,117.0,148.99,243.3,127.4,115.9
2025-11-23,18,2025-11-23T16:00:00Z,2025-11-23T17:00:00Z,130.51,130.51,130.83,132.0,120.0,153.88,169.1,61.2,107.9
2025-11-23,19,2025-11-23T17:00:00Z,2025-11-23T18:00:00Z,129.65,129.65,130.46,129.95,123.11,146.29,210.8,102.6,108.2
2025-11-23,20,2025-11-23T18:00:00Z,2025-11-23T19:00:00Z,130.44,130.44,131.23,115.0,115.0,152.8,237.3,94.9,142.4
2025-11-23,21,2025-11-23T19:00:00Z,2025-11-23T20:00:00Z,125.51,125.51,125.73,127.0,118.0,133.9,109.0,62.5,46.5
2025-11-23,22,2025-11-23T20:00:00Z,2025-11-23T21:00:00Z,105.03,105.03,104.14,115.0,89.75,115.0,61.1,46.1,15.0
2025-11-23,23,2025-11-23T21:00:00Z,2025-11-23T22:00:00Z,98.56,98.56,100.07,110.0,93.14,110.0,41.8,31.7,10.1
2025-11-23,24,2025-11-23T22:00:00Z,2025-11-23T23:00:00Z,87.86,87.86,89.48,90.16,78.0,94.97,89.4,64.9,24.5
2025-11-24,1,2025-11-23T23:00:00Z,2025-11-24T00:00:00Z,83.08,83.08,85.03,86.9,68.25,87.45,14.9,7.7,7.2
2025-11-24,2,2025-11-24T00:00:00Z,2025-11-24T01:00:00Z,84.08,84.08,83.6,83.2,80.0,87.26,44.2,23.1,21.1
2025-11-24,3,2025-11-24T01:00:00Z,2025-11-24T02:00:00Z,79.25,79.25,80.95,85.29,69.63,95.19,47.1,25.0,22.1
2025-11-24,4,2025-11-24T02:00:00Z,2025-11-24T03:00:00Z,82.87,82.87,83.02,84.01,77.51,86.95,130.1,115.8,14.3
2025-11-24,5,2025-11-24T03:00:00Z,2025-11-24T04:00:00Z,84.11,84.11,85.13,83.66,77.0,90.0,18.9,11.2,7.7
2025-11-24,6,2025-11-24T04:00:00Z,2025-11-24T05:00:00Z,99.93,99.93,99.37,80.0,80.0,106.79,36.3,18.5,17.8
2025-11-24,7,2025-11-24T05:00:00Z,2025-11-24T06:00:00Z,138.51,138.51,140.7,149.28,125.04,149.5,50.9,33.0,17.9
2025-11-24,8,2025-11-24T06:00:00Z,2025-11-24T07:00:00Z,187.44,187.44,193.2,170.62,153.01,336.0,110.1,49.4,60.7
2025-11-24,9,2025-11-24T07:00:00Z,2025-11-24T08:00:00Z,201.43,201.43,213.84,171.52,140.0,338.91,118.8,41.3,77.5
2025-11-24,10,2025-11-24T08:00:00Z,2025-11-24T09:00:00Z,193.25,193.25,206.43,156.99,151.02,250.81,118.4,61.0,57.4
2025-11-24,11,2025-11-24T09:00:00Z,2025-11-24T10:00:00Z,211.43,211.43,211.76,299.44,162.4,299.44,128.4,30.3,98.1
2025-11-24,12,2025-11-24T10:00:00Z,2025-11-24T11:00:00Z,298.63,298.63,268.41,261.01,164.53,500.01,297.0,80.8,216.2
2025-11-24,13,2025-11-24T11:00:00Z,2025-11-24T12:00:00Z,337.15,337.15,306.58,371.0,180.35,501.71,411.2,92.6,318.6
2025-11-24,14,2025-11-24T12:00:00Z,2025-11-24T13:00:00Z,342.44,342.44,322.68,415.0,188.98,505.0,354.1,171.0,183.1
2025-11-24,15,2025-11-24T13:00:00Z,2025-11-24T14:00:00Z,367.23,367.23,369.34,365.0,204.13,450.0,461.5,214.1,247.4
2025-11-24,16,2025-11-24T14:00:00Z,2025-11-24T15:00:00Z,465.02,465.02,478.02,302.01,253.15,674.95,506.7,97.6,409.1
2025-11-24,17,2025-11-24T15:00:00Z,2025-11-24T16:00:00Z,322.01,322.01,324.38,248.78,248.78,450.0,515.9,158.2,357.7
2025-11-24,18,2025-11-24T16:00:00Z,2025-11-24T17:00:00Z,308.64,308.64,315.97,200.0,200.0,396.14,497.1,147.9,349.2
2025-11-24,19,2025-11-24T17:00:00Z,2025-11-24T18:00:00Z,259.02,259.02,270.91,178.78,167.32,316.08,459.4,118.8,340.6
2025-11-24,20,2025-11-24T18:00:00Z,2025-11-24T19:00:00Z,213.31,213.31,215.18,175.24,153.44,255.71,166.0,66.0,100.0
2025-11-24,21,2025-11-24T19:00:00Z,2025-11-24T20:00:00Z,225.01,225.01,220.8,190.0,175.91,320.0,200.4,118.9,81.5
2025-11-24,22,2025-11-24T20:00:00Z,2025-11-24T21:00:00Z,165.09,165.09,166.84,179.27,138.81,229.5,174.0,76.9,97.1
2025-11-24,23,2025-11-24T21:00:00Z,2025-11-24T22:00:00Z,138.67,138.67,136.73,121.01,121.01,154.95,503.5,398.9,104.6
2025-11-24,24,2025-11-24T22:00:00Z,2025-11-24T23:00:00Z,125.09,125.09,120.4,123.26,104.3,130.0,422.7,367.1,55.6
2025-11-25,1,2025-11-24T23:00:00Z,2025-11-25T00:00:00Z,91.54,91.54,93.23,87.7,86.59,113.19,42.7,41.0,1.7
2025-11-25,2,2025-11-25T00:00:00Z,2025-11-25T01:00:00Z,92.9,92.9,89.6,84.48,84.48,100.1,14.4,12.0,2.4
2025-11-25,3,2025-11-25T01:00:00Z,2025-11-25T02:00:00Z,94.32,94.32,94.59,96.01,84.82,110.0,78.2,66.4,11.8
2025-11-25,4,2025-11-25T02:00:00Z,2025-11-25T03:00:00Z,98.43,98.43,96.57,88.58,86.42,110.0,81.5,67.2,14.3
2025-11-25,5,2025-11-25T03:00:00Z,2025-11-25T04:00:00Z,98.05,98.05,96.03,89.11,89.11,105.0,126.0,105.7,20.3
2025-11-25,6,2025-11-25T04:00:00Z,2025-11-25T05:00:00Z,105.79,105.79,105.15,92.52,92.52,110.0,46.1,42.1,4.0
2025-11-25,7,2025-11-25T05:00:00Z,2025-11-25T06:00:00Z,163.1,163.1,157.22,201.96,129.99,205.0,82.9,40.5,42.4
2025-11-25,8,2025-11-25T06:00:00Z,2025-11-25T07:00:00Z,298.66,298.66,295.63,232.48,232.48,328.48,205.9,141.0,64.9
2025-11-25,9,2025-11-25T07:00:00Z,2025-11-25T08:00:00Z,402.09,402.09,403.88,222.34,222.34,523.06,292.9,193.4,99.5
2025-11-25,10,2025-11-25T08:00:00Z,2025-11-25T09:00:00Z,371.24,371.24,369.24,210.31,210.31,530.45,373.8,204.2,169.6
2025-11-25,11,2025-11-25T09:00:00Z,2025-11-25T10:00:00Z,312.52,312.52,298.99,266.0,185.04,429.78,414.9,264.0,150.9
2025-11-25,12,2025-11-25T10:00:00Z,2025-11-25T11:00:00Z,336.49,336.49,333.21,221.23,184.03,487.86,541.9,309.8,232.1
2025-11-25,13,2025-11-25T11:00:00Z,2025-11-25T12:00:00Z,366.26,366.26,373.16,350.0,241.24,516.99,771.6,327.3,444.3
2025-11-25,14,2025-11-25T12:00:00Z,2025-11-25T13:00:00Z,337.21,337.21,329.9,278.88,199.41,421.1,431.0,195.2,235.8
2025-11-25,15,2025-11-25T13:00:00Z,2025-11-25T14:00:00Z,324.58,324.58,317.95,260.77,207.51,439.46,458.4,236.7,221.7
2025-11-25,16,2025-11-25T14:00:00Z,2025-11-25T15:00:00Z,300.75,300.75,296.65,258.13,204.98,421.0,300.5,169.2,131.3
2025-11-25,17,2025-11-25T15:00:00Z,2025-11-25T16:00:00Z,275.97,275.97,275.21,210.02,210.02,394.45,257.7,131.6,126.1
2025-11-25,18,2025-11-25T16:00:00Z,2025-11-25T17:00:00Z,290.27,290.27,293.49,230.11,230.11,372.44,303.8,163.1,140.7
2025-11-25,19,2025-11-25T17:00:00Z,2025-11-25T18:00:00Z,238.31,238.31,237.77,190.0,182.08,301.98,174.3,67.6,106.7
2025-11-25,20,2025-11-25T18:00:00Z,2025-11-25T19:00:00Z,206.35,206.35,200.53,175.34,167.8,257.38,267.9,65.7,202.2
2025-11-25,21,2025-11-25T19:00:00Z,2025-11-25T20:00:00Z,156.58,156.58,155.99,144.71,144.71,174.1,147.2,29.5,117.7
2025-11-25,22,2025-11-25T20:00:00Z,2025-11-25T21:00:00Z,125.5,125.5,126.77,122.5,122.01,139.75,92.8,11.3,81.5
2025-11-25,23,2025-11-25T21:00:00Z,2025-11-25T22:00:00Z,112.43,112.43,112.69,111.8,108.0,118.0,90.1,23.7,66.4
2025-11-25,24,2025-11-25T22:00:00Z,2025-11-25T23:00:00Z,99.14,99.14,99.47,95.85,95.85,105.95,98.5,18.8,79.7
2025-11-26,1,2025-11-25T23:00:00Z,2025-11-26T00:00:00Z,96.77,96.77,96.4,90.0,90.0,99.0,122.0,0.5,121.5
2025-11-26,2,2025-11-26T00:00:00Z,2025-11-26T01:00:00Z,88.25,88.25,88.33,86.14,85.55,95.0,153.6,27.5,126.1
2025-11-26,3,2025-11-26T01:00:00Z,2025-11-26T02:00:00Z,85.04,85.04,85.29,83.6,82.92,88.02,203.1,60.0,143.1
2025-11-26,4,2025-11-26T02:00:00Z,2025-11-26T03:00:00Z,84.66,84.66,84.48,82.0,81.83,89.44,233.7,59.1,174.6
2025-11-26,5,2025-11-26T03:00:00Z,2025-11-26T04:00:00Z,84.18,84.18,84.31,81.51,81.51,87.4,151.0,5.9,145.1
2025-11-26,6,2025-11-26T04:00:00Z,2025-11-26T05:00:00Z,89.39,89.39,89.65,92.12,86.28,94.37,267.8,5.3,262.5
2025-11-26,7,2025-11-26T05:00:00Z,2025-11-26T06:00:00Z,111.52,111.52,111.07,113.59,101.36,120.85,164.1,11.2,152.9
2025-11-26,8,2025-11-26T06:00:00Z,2025-11-26T07:00:00Z,161.63,161.63,161.5,190.94,147.54,190.94,141.2,13.8,127.4
2025-11-26,9,2025-11-26T07:00:00Z,2025-11-26T08:00:00Z,177.79,177.79,174.1,162.52,159.79,225.0,163.8,14.0,149.8
2025-11-26,10,2025-11-26T08:00:00Z,2025-11-26T09:00:00Z,167.36,167.36,166.29,180.0,154.86,197.71,183.6,28.3,155.3
2025-11-26,11,2025-11-26T09:00:00Z,2025-11-26T10:00:00Z,165.05,165.05,166.03,175.0,152.03,186.36,234.9,62.5,172.4
2025-11-26,12,2025-11-26T10:00:00Z,2025-11-26T11:00:00Z,158.3,158.3,156.09,149.5,143.15,177.11,351.6,98.1,253.5
2025-11-26,13,2025-11-26T11:00:00Z,2025-11-26T12:00:00Z,150.46,150.46,152.31,150.76,124.2,161.59,332.2,73.6,258.6
2025-11-26,14,2025-11-26T12:00:00Z,2025-11-26T13:00:00Z,158.81,158.81,159.54,150.0,141.0,174.83,482.6,139.5,343.1
2025-11-26,15,2025-11-26T13:00:00Z,2025-11-26T14:00:00Z,169.64,169.64,170.47,162.1,160.09,186.1,318.2,89.0,229.2
2025-11-26,16,2025-11-26T14:00:00Z,2025-11-26T15:00:00Z,184.56,184.56,187.53,164.18,164.01,247.78,213.7,62.8,150.9
2025-11-26,17,2025-11-26T15:00:00Z,2025-11-26T16:00:00Z,210.4,210.4,209.2,180.04,167.19,309.99,347.7,73.3,274.4
2025-11-26,18,2025-11-26T16:00:00Z,2025-11-26T17:00:00Z,217.61,217.61,204.49,135.14,135.14,290.0,390.6,103.8,286.8
2025-11-26,19,2025-11-26T17:00:00Z,2025-11-26T18:00:00Z,184.44,184.44,182.72,145.18,145.18,224.78,278.2,75.9,202.3
2025-11-26,20,2025-11-26T18:00:00Z,2025-11-26T19:00:00Z,162.01,162.01,160.93,110.01,110.01,185.97,250.1,101.7,148.4
2025-11-26,21,2025-11-26T19:00:00Z,2025-11-26T20:00:00Z,136.84,136.84,137.88,188.15,129.86,188.15,272.0,38.1,233.9
2025-11-26,22,2025-11-26T20:00:00Z,2025-11-26T21:00:00Z,116.11,116.11,116.17,117.2,107.63,122.2,329.2,56.7,272.5
2025-11-26,23,2025-11-26T21:00:00Z,2025-11-26T22:00:00Z,100.77,100.77,100.25,95.51,94.69,105.44,217.1,33.0,184.1
2025-11-26,24,2025-11-26T22:00:00Z,2025-11-26T23:00:00Z,88.29,88.29,88.48,83.36,78.48,90.23,154.1,34.0,120.1
2025-11-27,1,2025-11-26T23:00:00Z,2025-11-27T00:00:00Z,83.22,83.22,82.54,84.0,81.27,88.67,44.6,6.6,38.0
2025-11-27,2,2025-11-27T00:00:00Z,2025-11-27T01:00:00Z,77.19,77.19,76.77,70.98,70.98,79.0,52.1,9.4,42.7
2025-11-27,3,2025-11-27T01:00:00Z,2025-11-27T02:00:00Z,73.78,73.78,73.06,68.0,67.87,77.95,66.8,28.7,38.1
2025-11-27,4,2025-11-27T02:00:00Z,2025-11-27T03:00:00Z,73.08,73.08,74.19,68.9,65.35,80.0,96.0,53.3,42.7
2025-11-27,5,2025-11-27T03:00:00Z,2025-11-27T04:00:00Z,75.75,75.75,73.95,74.52,68.24,84.41,89.7,51.7,38.0
2025-11-27,6,2025-11-27T04:00:00Z,2025-11-27T05:00:00Z,82.07,82.07,82.76,72.01,72.01,96.53,23.6,15.9,7.7
2025-11-27,7,2025-11-27T05:00:00Z,2025-11-27T06:00:00Z,108.98,108.98,109.96,113.74,101.44,123.82,52.3,34.7,17.6
2025-11-27,8,2025-11-27T06:00:00Z,2025-11-27T07:00:00Z,131.11,131.11,127.21,147.16,118.66,147.16,94.5,42.0,52.5
2025-11-27,9,2025-11-27T07:00:00Z,2025-11-27T08:00:00Z,142.63,142.63,145.51,160.0,119.71,188.32,182.6,74.8,107.8
2025-11-27,10,2025-11-27T08:00:00Z,2025-11-27T09:00:00Z,134.73,134.73,144.01,190.0,115.24,190.0,238.9,105.5,133.4
2025-11-27,11,2025-11-27T09:00:00Z,2025-11-27T10:00:00Z,137.43,137.43,138.88,131.36,104.0,203.81,466.7,124.8,341.9
2025-11-27,12,2025-11-27T10:00:00Z,2025-11-27T11:00:00Z,120.34,120.34,125.46,100.0,100.0,207.98,311.8,134.6,177.2
2025-11-27,13,2025-11-27T11:00:00Z,2025-11-27T12:00:00Z,112.92,112.92,111.62,55.02,55.02,159.6,404.9,185.4,219.5
2025-11-27,14,2025-11-27T12:00:00Z,2025-11-27T13:00:00Z,123.43,123.43,119.39,95.21,50.45,147.9,418.7,194.0,224.7
2025-11-27,15,2025-11-27T13:00:00Z,2025-11-27T14:00:00Z,135.61,135.61,134.08,141.14,117.42,155.01,339.5,153.1,186.4
2025-11-27,16,2025-11-27T14:00:00Z,2025-11-27T15:00:00Z,139.4,139.4,138.77,135.0,127.07,161.0,256.8,128.8,128.0
2025-11-27,17,2025-11-27T15:00:00Z,2025-11-27T16:00:00Z,154.49,154.49,156.73,158.0,140.56,187.23,321.1,160.5,160.6
2025-11-27,18,2025-11-27T16:00:00Z,2025-11-27T17:00:00Z,146.23,146.23,144.57,153.2,133.79,174.99,371.0,101.9,269.1
2025-11-27,19,2025-11-27T17:00:00Z,2025-11-27T18:00:00Z,134.81,134.81,133.53,135.0,122.0,142.5,391.9,123.7,268.2
2025-11-27,20,2025-11-27T18:00:00Z,2025-11-27T19:00:00Z,132.0,132.0,131.03,121.0,121.0,140.65,265.8,68.0,197.8
2025-11-27,21,2025-11-27T19:00:00Z,2025-11-27T20:00:00Z,122.99,122.99,122.13,139.98,110.01,152.53,235.6,92.5,143.1
2025-11-27,22,2025-11-27T20:00:00Z,2025-11-27T21:00:00Z,116.79,116.79,114.43,134.98,100.0,134.98,140.4,49.8,90.6
2025-11-27,23,2025-11-27T21:00:00Z,2025-11-27T22:00:00Z,106.52,106.52,106.3,129.99,95.57,129.99,101.2,27.7,73.5
2025-11-27,24,2025-11-27T22:00:00Z,2025-11-27T23:00:00Z,84.68,84.68,83.96,82.0,74.71,109.98,114.3,58.5,55.8
2025-11-28,1,2025-11-27T23:00:00Z,2025-11-28T00:00:00Z,93.55,93.55,92.43,97.73,87.85,97.73,38.5,27.5,11.0
2025-11-28,2,2025-11-28T00:00:00Z,2025-11-28T01:00:00Z,84.56,84.56,84.66,106.62,77.05,106.62,31.9,26.3,5.6
2025-11-28,3,2025-11-28T01:00:00Z,2025-11-28T02:00:00Z,82.35,82.35,83.01,88.98,73.03,88.98,22.4,17.1,5.3
2025-11-28,4,2025-11-28T02:00:00Z,2025-11-28T03:00:00Z,82.83,82.83,83.3,83.0,78.5,87.48,54.2,43.9,10.3
2025-11-28,5,2025-11-28T03:00:00Z,2025-11-28T04:00:00Z,87.68,87.68,88.88,88.03,78.51,92.15,56.4,40.5,15.9
2025-11-28,6,2025-11-28T04:00:00Z,2025-11-28T05:00:00Z,101.25,101.25,102.06,100.47,99.89,105.79,54.0,51.0,3.0
2025-11-28,7,2025-11-28T05:00:00Z,2025-11-28T06:00:00Z,120.95,120.95,113.03,130.0,98.96,131.94,63.5,42.2,21.3
2025-11-28,8,2025-11-28T06:00:00Z,2025-11-28T07:00:00Z,141.6,141.6,142.04,141.01,138.9,150.0,37.3,18.8,18.5
2025-11-28,9,2025-11-28T07:00:00Z,2025-11-28T08:00:00Z,146.12,146.12,143.73,140.88,136.36,152.57,66.3,16.0,50.3
2025-11-28,10,2025-11-28T08:00:00Z,2025-11-28T09:00:00Z,128.4,128.4,127.44,123.02,120.0,136.95,109.6,56.2,53.4
2025-11-28,11,2025-11-28T09:00:00Z,2025-11-28T10:00:00Z,118.89,118.89,116.8,80.01,80.01,129.52,130.2,47.7,82.5
2025-11-28,12,2025-11-28T10:00:00Z,2025-11-28T11:00:00Z,115.88,115.88,116.57,109.0,91.65,124.97,340.7,116.5,224.2
2025-11-28,13,2025-11-28T11:00:00Z,2025-11-28T12:00:00Z,114.5,114.5,114.87,114.16,83.29,129.46,150.3,56.6,93.7
2025-11-28,14,2025-11-28T12:00:00Z,2025-11-28T13:00:00Z,114.77,114.77,114.06,130.0,98.52,132.01,229.6,95.7,133.9
2025-11-28,15,2025-11-28T13:00:00Z,2025-11-28T14:00:00Z,131.05,131.05,126.8,105.2,105.2,143.67,178.1,107.1,71.0
2025-11-28,16,2025-11-28T14:00:00Z,2025-11-28T15:00:00Z,142.16,142.16,140.93,115.0,115.0,152.71,224.8,102.1,122.7
2025-11-28,17,2025-11-28T15:00:00Z,2025-11-28T16:00:00Z,149.73,149.73,150.35,153.0,142.48,160.0,263.4,122.6,140.8
2025-11-28,18,2025-11-28T16:00:00Z,2025-11-28T17:00:00Z,141.64,141.64,140.57,139.1,134.35,147.77,169.9,79.5,90.4
2025-11-28,19,2025-11-28T17:00:00Z,2025-11-28T18:00:00Z,131.55,131.55,133.75,130.01,111.12,140.0,322.3,78.5,243.8
2025-11-28,20,2025-11-28T18:00:00Z,2025-11-28T19:00:00Z,138.68,138.68,138.63,132.62,130.64,149.67,192.9,92.6,100.3
2025-11-28,21,2025-11-28T19:00:00Z,2025-11-28T20:00:00Z,132.53,132.53,130.16,125.0,125.0,151.0,225.6,110.8,114.8
2025-11-28,22,2025-11-28T20:00:00Z,2025-11-28T21:00:00Z,116.56,116.56,117.83,120.0,103.38,120.92,169.0,82.3,86.7
2025-11-28,23,2025-11-28T21:00:00Z,2025-11-28T22:00:00Z,120.97,120.97,119.16,120.01,111.83,141.0,184.1,80.6,103.5
2025-11-28,24,2025-11-28T22:00:00Z,2025-11-28T23:00:00Z,105.52,105.52,104.36,112.5,97.09,116.0,159.6,89.1,70.5
2025-11-29,1,2025-11-28T23:00:00Z,2025-11-29T00:00:00Z,115.35,115.35,112.51,111.75,103.9,121.0,21.4,16.0,5.4
2025-11-29,2,2025-11-29T00:00:00Z,2025-11-29T01:00:00Z,103.88,103.88,102.25,93.58,90.83,113.68,47.8,32.8,15.0
2025-11-29,3,2025-11-29T01:00:00Z,2025-11-29T02:00:00Z,101.08,101.08,100.36,91.62,91.62,110.0,24.4,14.1,10.3
2025-11-29,4,2025-11-29T02:00:00Z,2025-11-29T03:00:00Z,100.53,100.53,99.8,96.0,91.31,110.0,21.0,9.6,11.4
2025-11-29,5,2025-11-29T03:00:00Z,2025-11-29T04:00:00Z,90.86,90.86,93.19,79.84,77.01,115.0,49.7,32.3,17.4
2025-11-29,6,2025-11-29T04:00:00Z,2025-11-29T05:00:00Z,94.31,94.31,91.0,82.95,79.98,108.0,55.5,39.2,16.3
2025-11-29,7,2025-11-29T05:00:00Z,2025-11-29T06:00:00Z,105.51,105.51,105.07,98.22,98.22,114.45,23.6,10.8,12.8
2025-11-29,8,2025-11-29T06:00:00Z,2025-11-29T07:00:00Z,106.47,106.47,101.06,95.66,77.7,117.79,79.2,44.9,34.3
2025-11-29,9,2025-11-29T07:00:00Z,2025-11-29T08:00:00Z,113.74,113.74,113.65,139.55,95.29,139.55,99.7,57.6,42.1
2025-11-29,10,2025-11-29T08:00:00Z,2025-11-29T09:00:00Z,114.01,114.01,114.25,108.0,108.0,124.92,132.9,82.7,50.2
2025-11-29,11,2025-11-29T09:00:00Z,2025-11-29T10:00:00Z,112.78,112.78,113.07,120.99,106.65,120.99,190.0,99.8,90.2
2025-11-29,12,2025-11-29T10:00:00Z,2025-11-29T11:00:00Z,104.9,104.9,104.91,98.0,96.61,110.86,264.2,138.8,125.4
2025-11-29,13,2025-11-29T11:00:00Z,2025-11-29T12:00:00Z,99.56,99.56,96.33,89.55,83.82,108.07,310.5,162.8,147.7
2025-11-29,14,2025-11-29T12:00:00Z,2025-11-29T13:00:00Z,103.54,103.54,102.9,108.68,95.96,109.89,243.9,120.4,123.5
2025-11-29,15,2025-11-29T13:00:00Z,2025-11-29T14:00:00Z,107.56,107.56,105.77,114.52,87.5,118.33,274.0,134.4,139.6
2025-11-29,16,2025-11-29T14:00:00Z,2025-11-29T15:00:00Z,119.61,119.61,118.56,118.03,106.92,139.91,220.7,131.5,89.2
2025-11-29,17,2025-11-29T15:00:00Z,2025-11-29T16:00:00Z,135.77,135.77,136.25,120.92,119.66,149.7,137.5,95.1,42.4
2025-11-29,18,2025-11-29T16:00:00Z,2025-11-29T17:00:00Z,128.7,128.7,125.88,132.55,105.0,149.14,164.0,88.8,75.2
2025-11-29,19,2025-11-29T17:00:00Z,2025-11-29T18:00:00Z,132.15,132.15,128.0,139.03,118.1,146.8,151.0,72.7,78.3
2025-11-29,20,2025-11-29T18:00:00Z,2025-11-29T19:00:00Z,130.82,130.82,130.35,136.0,112.11,137.8,161.5,115.2,46.3
2025-11-29,21,2025-11-29T19:00:00Z,2025-11-29T20:00:00Z,119.12,119.12,116.25,105.5,104.0,129.45,132.2,93.8,38.4
2025-11-29,22,2025-11-29T20:00:00Z,2025-11-29T21:00:00Z,108.25,108.25,106.51,101.99,96.9,123.29,138.2,84.6,53.6
2025-11-29,23,2025-11-29T21:00:00Z,2025-11-29T22:00:00Z,104.38,104.38,100.34,93.62,89.52,117.37,174.2,95.0,79.2
2025-11-29,24,2025-11-29T22:00:00Z,2025-11-29T23:00:00Z,98.48,98.48,97.03,94.02,90.0,108.22,194.6,106.4,88.2
2025-11-30,1,2025-11-29T23:00:00Z,2025-11-30T00:00:00Z,91.37,91.37,88.62,82.09,82.09,95.0,10.7,3.0,7.7
2025-11-30,2,2025-11-30T00:00:00Z,2025-11-30T01:00:00Z,94.0,94.0,95.87,93.5,87.47,109.0,28.6,8.6,20.0
2025-11-30,3,2025-11-30T01:00:00Z,2025-11-30T02:00:00Z,81.66,81.66,83.0,81.45,73.45,89.0,79.6,29.2,50.4
2025-11-30,4,2025-11-30T02:00:00Z,2025-11-30T03:00:00Z,81.5,81.5,82.02,82.01,75.44,86.95,50.4,19.6,30.8
2025-11-30,5,2025-11-30T03:00:00Z,2025-11-30T04:00:00Z,79.14,79.14,79.85,76.28,73.06,85.1,54.6,26.8,27.8
2025-11-30,6,2025-11-30T04:00:00Z,2025-11-30T05:00:00Z,82.14,82.14,81.74,81.19,79.89,84.61,20.4,7.6,12.8
2025-11-30,7,2025-11-30T05:00:00Z,2025-11-30T06:00:00Z,82.26,82.26,83.81,67.2,67.2,91.41,41.8,13.9,27.9
2025-11-30,8,2025-11-30T06:00:00Z,2025-11-30T07:00:00Z,82.22,82.22,79.18,74.26,64.99,91.14,55.8,29.3,26.5
2025-11-30,9,2025-11-30T07:00:00Z,2025-11-30T08:00:00Z,86.88,86.88,85.2,81.01,80.0,104.11,104.0,38.5,65.5
2025-11-30,10,2025-11-30T08:00:00Z,2025-11-30T09:00:00Z,96.09,96.09,95.78,96.31,90.0,107.08,227.8,94.6,133.2
2025-11-30,11,2025-11-30T09:00:00Z,2025-11-30T10:00:00Z,92.78,92.78,91.73,96.0,85.0,100.06,245.5,116.1,129.4
2025-11-30,12,2025-11-30T10:00:00Z,2025-11-30T11:00:00Z,96.75,96.75,97.64,150.0,83.02,150.0,273.1,140.1,133.0
2025-11-30,13,2025-11-30T11:00:00Z,2025-11-30T12:00:00Z,97.21,97.21,103.37,105.61,82.55,132.96,220.2,93.2,127.0
2025-11-30,14,2025-11-30T12:00:00Z,2025-11-30T13:00:00Z,123.03,123.03,116.32,106.05,88.12,595.0,248.5,121.6,126.9
2025-11-30,15,2025-11-30T13:00:00Z,2025-11-30T14:00:00Z,107.67,107.67,107.94,106.0,97.91,120.82,141.7,65.4,76.3
2025-11-30,16,2025-11-30T14:00:00Z,2025-11-30T15:00:00Z,112.12,112.12,115.8,150.0,100.0,150.0,236.0,113.2,122.8
2025-11-30,17,2025-11-30T15:00:00Z,2025-11-30T16:00:00Z,124.69,124.69,124.64,128.12,119.88,129.3,172.5,99.8,72.7
2025-11-30,18,2025-11-30T16:00:00Z,2025-11-30T17:00:00Z,126.36,126.36,127.37,132.99,121.62,133.54,197.4,115.3,82.1
2025-11-30,19,2025-11-30T17:00:00Z,2025-11-30T18:00:00Z,128.89,128.89,128.84,125.01,120.12,135.98,177.3,83.2,94.1
2025-11-30,20,2025-11-30T18:00:00Z,2025-11-30T19:00:00Z,129.47,129.47,131.71,152.0,120.0,152.0,249.7,116.8,132.9
2025-11-30,21,2025-11-30T19:00:00Z,2025-11-30T20:00:00Z,126.35,126.35,126.02,144.99,118.73,144.99,174.0,96.9,77.1
2025-11-30,22,2025-11-30T20:00:00Z,2025-11-30T21:00:00Z,119.04,119.04,120.17,121.05,104.99,125.01,160.6,94.7,65.9
2025-11-30,23,2025-11-30T21:00:00Z,2025-11-30T22:00:00Z,111.06,111.06,110.94,114.01,91.11,120.0,254.8,144.5,110.3
2025-11-30,24,2025-11-30T22:00:00Z,2025-11-30T23:00:00Z,93.42,93.42,93.75,89.98,86.1,105.0,40.1,20.3,19.8
2025-12-01,1,2025-11-30T23:00:00Z,2025-12-01T00:00:00Z,92.36,92.36,92.46,89.89,88.6,107.0,121.2,121.1,0.1
2025-12-01,2,2025-12-01T00:00:00Z,2025-12-01T01:00:00Z,92.94,92.94,92.79,83.0,83.0,96.28,125.2,122.3,2.9
2025-12-01,3,2025-12-01T01:00:00Z,2025-12-01T02:00:00Z,92.58,92.58,93.16,82.45,82.45,95.77,147.8,140.7,7.1
2025-12-01,4,2025-12-01T02:00:00Z,2025-12-01T03:00:00Z,91.08,91.08,90.61,80.0,67.51,94.27,137.1,132.4,4.7
2025-12-01,5,2025-12-01T03:00:00Z,2025-12-01T04:00:00Z,91.09,91.09,90.94,71.87,71.87,94.84,185.6,167.9,17.7
2025-12-01,6,2025-12-01T04:00:00Z,2025-12-01T05:00:00Z,98.56,98.56,98.37,86.33,86.33,105.0,48.4,33.9,14.5
2025-12-01,7,2025-12-01T05:00:00Z,2025-12-01T06:00:00Z,133.14,133.14,131.38,130.74,110.74,143.0,48.6,38.6,10.0
2025-12-01,8,2025-12-01T06:00:00Z,2025-12-01T07:00:00Z,147.34,147.34,144.58,121.13,121.13,154.39,50.5,32.7,17.8
2025-12-01,9,2025-12-01T07:00:00Z,2025-12-01T08:00:00Z,169.08,169.08,168.93,167.01,156.95,183.9,156.2,63.6,92.6
2025-12-01,10,2025-12-01T08:00:00Z,2025-12-01T09:00:00Z,169.9,169.9,168.82,299.8,150.02,299.8,179.3,124.3,55.0
2025-12-01,11,2025-12-01T09:00:00Z,2025-12-01T10:00:00Z,164.38,164.38,163.92,154.97,137.23,187.97,238.8,120.2,118.6
2025-12-01,12,2025-12-01T10:00:00Z,2025-12-01T11:00:00Z,193.63,193.63,190.21,171.56,134.5,250.4,361.2,178.0,183.2
2025-12-01,13,2025-12-01T11:00:00Z,2025-12-01T12:00:00Z,151.69,151.69,150.18,138.0,131.0,179.35,394.4,213.0,181.4
2025-12-01,14,2025-12-01T12:00:00Z,2025-12-01T13:00:00Z,181.23,181.23,185.69,159.48,155.05,257.61,343.6,171.8,171.8
2025-12-01,15,2025-12-01T13:00:00Z,2025-12-01T14:00:00Z,187.1,187.1,178.52,162.86,160.48,214.57,229.3,144.1,85.2
2025-12-01,16,2025-12-01T14:00:00Z,2025-12-01T15:00:00Z,217.03,217.03,212.44,199.0,199.0,240.0,229.5,139.8,89.7
2025-12-01,17,2025-12-01T15:00:00Z,2025-12-01T16:00:00Z,264.13,264.13,262.33,332.4,230.0,332.4,299.9,98.6,201.3
2025-12-01,18,2025-12-01T16:00:00Z,2025-12-01T17:00:00Z,236.92,236.92,234.71,249.23,199.56,260.0,230.1,88.4,141.7
2025-12-01,19,2025-12-01T17:00:00Z,2025-12-01T18:00:00Z,241.73,241.73,241.37,200.1,200.1,262.45,373.6,133.5,240.1
2025-12-01,20,2025-12-01T18:00:00Z,2025-12-01T19:00:00Z,217.31,217.31,211.83,200.0,195.2,250.0,145.6,82.3,63.3
2025-12-01,21,2025-12-01T19:00:00Z,2025-12-01T20:00:00Z,179.28,179.28,179.77,200.0,140.0,202.24,122.2,81.8,40.4
2025-12-01,22,2025-12-01T20:00:00Z,2025-12-01T21:00:00Z,177.92,177.92,187.76,183.02,139.12,240.0,80.6,46.4,34.2
2025-12-01,23,2025-12-01T21:00:00Z,2025-12-01T22:00:00Z,138.53,138.53,136.5,129.69,110.26,151.7,128.9,84.7,44.2
2025-12-01,24,2025-12-01T22:00:00Z,2025-12-01T23:00:00Z,107.96,107.96,107.89,112.62,102.0,117.05,109.0,77.6,31.4
2025-12-02,1,2025-12-01T23:00:00Z,2025-12-02T00:00:00Z,100.48,100.48,99.4,106.97,90.86,106.97,52.4,51.4,1.0
2025-12-02,2,2025-12-02T00:00:00Z,2025-12-02T01:00:00Z,106.67,106.67,107.43,104.44,100.0,114.02,22.2,16.2,6.0
2025-12-02,3,2025-12-02T01:00:00Z,2025-12-02T02:00:00Z,101.15,101.15,97.97,80.01,78.46,106.89,26.6,13.0,13.6
2025-12-02,4,2025-12-02T02:00:00Z,2025-12-02T03:00:00Z,105.53,105.53,111.35,136.93,90.08,138.83,35.9,16.9,19.0
2025-12-02,5,2025-12-02T03:00:00Z,2025-12-02T04:00:00Z,81.56,81.56,79.35,49.6,49.6,105.4,22.5,17.4,5.1
2025-12-02,6,2025-12-02T04:00:00Z,2025-12-02T05:00:00Z,98.21,98.21,92.18,81.73,61.32,110.65,59.8,37.0,22.8
2025-12-02,7,2025-12-02T05:00:00Z,2025-12-02T06:00:00Z,128.27,128.27,122.93,184.0,80.88,234.19,42.3,27.2,15.1
2025-12-02,8,2025-12-02T06:00:00Z,2025-12-02T07:00:00Z,149.05,149.05,148.84,140.31,100.0,184.65,106.6,60.6,46.0
2025-12-02,9,2025-12-02T07:00:00Z,2025-12-02T08:00:00Z,179.14,179.14,175.38,145.0,144.61,208.97,144.5,75.3,69.2
2025-12-02,10,2025-12-02T08:00:00Z,2025-12-02T09:00:00Z,156.4,156.4,153.93,185.81,128.01,189.18,232.9,125.3,107.6
2025-12-02,11,2025-12-02T09:00:00Z,2025-12-02T10:00:00Z,157.18,157.18,155.06,162.2,130.0,188.57,495.3,227.9,267.4
2025-12-02,12,2025-12-02T10:00:00Z,2025-12-02T11:00:00Z,133.64,133.64,131.49,126.67,101.0,168.88,333.5,177.4,156.1
2025-12-02,13,2025-12-02T11:00:00Z,2025-12-02T12:00:00Z,147.89,147.89,136.61,128.23,110.29,230.75,330.0,166.6,163.4
2025-12-02,14,2025-12-02T12:00:00Z,2025-12-02T13:00:00Z,159.16,159.16,145.86,115.0,115.0,195.87,221.8,107.3,114.5
2025-12-02,15,2025-12-02T13:00:00Z,2025-12-02T14:00:00Z,160.24,160.24,148.01,132.01,118.01,197.7,191.5,77.8,113.7
2025-12-02,16,2025-12-02T14:00:00Z,2025-12-02T15:00:00Z,171.92,171.92,170.94,180.0,143.54,189.98,207.1,98.5,108.6
2025-12-02,17,2025-12-02T15:00:00Z,2025-12-02T16:00:00Z,202.96,202.96,201.26,215.95,170.0,234.38,207.7,114.2,93.5
2025-12-02,18,2025-12-02T16:00:00Z,2025-12-02T17:00:00Z,177.44,177.44,176.15,160.12,149.5,200.38,172.5,59.7,112.8
2025-12-02,19,2025-12-02T17:00:00Z,2025-12-02T18:00:00Z,168.24,168.24,168.79,190.99,149.98,190.99,223.3,94.3,129.0
2025-12-02,20,2025-12-02T18:00:00Z,2025-12-02T19:00:00Z,161.4,161.4,162.56,158.71,150.1,175.12,196.1,104.8,91.3
2025-12-02,21,2025-12-02T19:00:00Z,2025-12-02T20:00:00Z,152.13,152.13,152.8,154.0,146.51,158.71,76.4,47.0,29.4
2025-12-02,22,2025-12-02T20:00:00Z,2025-12-02T21:00:00Z,132.48,132.48,133.74,133.48,126.46,137.68,62.7,31.0,31.7
2025-12-02,23,2025-12-02T21:00:00Z,2025-12-02T22:00:00Z,120.23,120.23,120.52,120.0,118.39,123.69,56.1,23.5,32.6
2025-12-02,24,2025-12-02T22:00:00Z,2025-12-02T23:00:00Z,110.08,110.08,109.35,108.69,106.76,115.11,68.6,15.5,53.1
2025-12-03,1,2025-12-02T23:00:00Z,2025-12-03T00:00:00Z,99.31,99.31,101.15,96.0,96.0,104.35,18.0,3.0,15.0
2025-12-03,2,2025-12-03T00:00:00Z,2025-12-03T01:00:00Z,100.59,100.59,98.02,94.5,94.5,104.31,23.0,4.6,18.4
2025-12-03,3,2025-12-03T01:00:00Z,2025-12-03T02:00:00Z,99.9,99.9,97.53,96.0,92.87,102.0,21.6,5.9,15.7
2025-12-03,4,2025-12-03T02:00:00Z,2025-12-03T03:00:00Z,99.22,99.22,95.42,94.83,91.44,101.0,18.7,4.7,14.0
2025-12-03,5,2025-12-03T03:00:00Z,2025-12-03T04:00:00Z,101.38,101.38,101.5,100.5,94.97,103.84,24.5,17.0,7.5
2025-12-03,6,2025-12-03T04:00:00Z,2025-12-03T05:00:00Z,110.62,110.62,108.99,102.0,102.0,115.21,10.2,7.8,2.4
2025-12-03,7,2025-12-03T05:00:00Z,2025-12-03T06:00:00Z,131.34,131.34,133.01,124.84,124.84,136.69,12.7,10.7,2.0
2025-12-03,8,2025-12-03T06:00:00Z,2025-12-03T07:00:00Z,168.75,168.75,168.49,168.52,160.2,186.3,60.3,47.6,12.7
2025-12-03,9,2025-12-03T07:00:00Z,2025-12-03T08:00:00Z,196.01,196.01,191.57,178.92,176.0,222.69,71.6,49.8,21.8
2025-12-03,10,2025-12-03T08:00:00Z,2025-12-03T09:00:00Z,186.03,186.03,184.35,199.95,170.05,214.48,68.2,38.1,30.1
2025-12-03,11,2025-12-03T09:00:00Z,2025-12-03T10:00:00Z,169.6,169.6,169.43,144.95,144.95,189.92,70.3,21.6,48.7
2025-12-03,12,2025-12-03T10:00:00Z,2025-12-03T11:00:00Z,163.77,163.77,159.41,140.0,136.39,176.0,153.5,83.9,69.6
2025-12-03,13,2025-12-03T11:00:00Z,2025-12-03T12:00:00Z,158.48,158.48,158.88,150.0,141.6,173.0,139.1,89.8,49.3
2025-12-03,14,2025-12-03T12:00:00Z,2025-12-03T13:00:00Z,177.5,177.5,177.55,200.0,158.87,205.14,198.5,96.0,102.5
2025-12-03,15,2025-12-03T13:00:00Z,2025-12-03T14:00:00Z,195.96,195.96,196.49,162.18,162.18,222.05,171.7,61.3,110.4
2025-12-03,16,2025-12-03T14:00:00Z,2025-12-03T15:00:00Z,219.91,219.91,221.51,185.39,185.39,241.5,139.0,44.9,94.1
2025-12-03,17,2025-12-03T15:00:00Z,2025-12-03T16:00:00Z,248.75,248.75,245.35,247.97,208.78,293.98,181.1,93.6,87.5
2025-12-03,18,2025-12-03T16:00:00Z,2025-12-03T17:00:00Z,225.48,225.48,225.04,213.65,189.67,255.54,216.0,77.5,138.5
2025-12-03,19,2025-12-03T17:00:00Z,2025-12-03T18:00:00Z,213.91,213.91,215.72,229.75,180.81,344.98,256.9,58.2,198.7
2025-12-03,20,2025-12-03T18:00:00Z,2025-12-03T19:00:00Z,186.07,186.07,186.76,193.07,159.15,219.99,263.8,58.6,205.2
2025-12-03,21,2025-12-03T19:00:00Z,2025-12-03T20:00:00Z,144.54,144.54,143.12,102.59,102.59,160.49,127.5,51.2,76.3
2025-12-03,22,2025-12-03T20:00:00Z,2025-12-03T21:00:00Z,129.51,129.51,129.58,95.39,95.39,139.5,111.5,33.9,77.6
2025-12-03,23,2025-12-03T21:00:00Z,2025-12-03T22:00:00Z,122.37,122.37,124.54,110.57,90.28,149.99,97.9,17.9,80.0
2025-12-03,24,2025-12-03T22:00:00Z,2025-12-03T23:00:00Z,112.03,112.03,112.63,81.16,81.16,130.61,105.9,12.3,93.6
2025-12-04,1,2025-12-03T23:00:00Z,2025-12-04T00:00:00Z,105.35,105.35,106.75,105.5,102.0,108.52,20.5,1.0,19.5
2025-12-04,2,2025-12-04T00:00:00Z,2025-12-04T01:00:00Z,99.62,99.62,99.7,97.01,97.01,102.0,19.6,0.9,18.7
2025-12-04,3,2025-12-04T01:00:00Z,2025-12-04T02:00:00Z,98.07,98.07,99.47,103.0,95.0,105.2,22.2,4.8,17.4
2025-12-04,4,2025-12-04T02:00:00Z,2025-12-04T03:00:00Z,98.15,98.15,97.65,99.81,91.28,99.81,7.5,5.5,2.0
2025-12-04,5,2025-12-04T03:00:00Z,2025-12-04T04:00:00Z,101.27,101.27,104.0,107.4,96.98,110.11,47.0,19.5,27.5
2025-12-04,6,2025-12-04T04:00:00Z,2025-12-04T05:00:00Z,108.28,108.28,108.18,120.74,101.0,120.74,47.5,26.0,21.5
2025-12-04,7,2025-12-04T05:00:00Z,2025-12-04T06:00:00Z,129.82,129.82,131.54,149.47,123.09,149.47,132.2,40.8,91.4
2025-12-04,8,2025-12-04T06:00:00Z,2025-12-04T07:00:00Z,146.65,146.65,148.63,153.8,142.19,159.01,100.8,30.9,69.9
2025-12-04,9,2025-12-04T07:00:00Z,2025-12-04T08:00:00Z,152.63,152.63,154.67,160.27,145.0,169.46,111.1,19.2,91.9
2025-12-04,10,2025-12-04T08:00:00Z,2025-12-04T09:00:00Z,152.21,152.21,153.92,154.48,144.25,164.49,116.8,37.6,79.2
2025-12-04,11,2025-12-04T09:00:00Z,2025-12-04T10:00:00Z,151.57,151.57,152.48,160.0,138.33,165.02,157.2,50.7,106.5
2025-12-04,12,2025-12-04T10:00:00Z,2025-12-04T11:00:00Z,146.12,146.12,148.32,116.02,116.02,159.97,114.8,36.6,78.2
2025-12-04,13,2025-12-04T11:00:00Z,2025-12-04T12:00:00Z,149.77,149.77,148.51,110.01,110.01,199.23,192.3,58.8,133.5
2025-12-04,14,2025-12-04T12:00:00Z,2025-12-04T13:00:00Z,139.57,139.57,136.66,86.11,86.01,155.06,171.9,68.3,103.6
2025-12-04,15,2025-12-04T13:00:00Z,2025-12-04T14:00:00Z,142.49,142.49,140.58,120.0,99.98,158.93,215.0,102.3,112.7
2025-12-04,16,2025-12-04T14:00:00Z,2025-12-04T15:00:00Z,153.85,153.85,153.35,145.0,145.0,160.66,159.7,47.6,112.1
2025-12-04,17,2025-12-04T15:00:00Z,2025-12-04T16:00:00Z,145.53,145.53,141.28,100.0,100.0,157.01,151.7,65.6,86.1
2025-12-04,18,2025-12-04T16:00:00Z,2025-12-04T17:00:00Z,131.32,131.32,130.3,100.0,99.07,151.76,134.1,60.0,74.1
2025-12-04,19,2025-12-04T17:00:00Z,2025-12-04T18:00:00Z,129.84,129.84,116.95,98.0,96.03,151.94,153.6,61.1,92.5
2025-12-04,20,2025-12-04T18:00:00Z,2025-12-04T19:00:00Z,132.73,132.73,130.25,105.2,105.03,146.54,187.8,60.6,127.2
2025-12-04,21,2025-12-04T19:00:00Z,2025-12-04T20:00:00Z,114.55,114.55,112.77,106.8,100.19,134.63,138.9,42.1,96.8
2025-12-04,22,2025-12-04T20:00:00Z,2025-12-04T21:00:00Z,106.22,106.22,106.89,109.16,97.05,126.0,175.2,57.2,118.0
2025-12-04,23,2025-12-04T21:00:00Z,2025-12-04T22:00:00Z,110.31,110.31,109.17,104.02,104.02,114.81,161.8,38.0,123.8
2025-12-04,24,2025-12-04T22:00:00Z,2025-12-04T23:00:00Z,101.24,101.24,100.75,95.51,94.31,107.0,138.8,29.0,109.8
2025-12-05,1,2025-12-04T23:00:00Z,2025-12-05T00:00:00Z,101.09,101.09,101.09,100.81,99.94,102.0,44.4,0.0,44.4
2025-12-05,2,2025-12-05T00:00:00Z,2025-12-05T01:00:00Z,98.15,98.15,97.58,91.45,91.45,100.03,36.9,0.0,36.9
2025-12-05,3,2025-12-05T01:00:00Z,2025-12-05T02:00:00Z,96.46,96.46,96.32,97.21,94.26,98.43,52.9,6.0,46.9
2025-12-05,4,2025-12-05T02:00:00Z,2025-12-05T03:00:00Z,95.48,95.48,95.02,93.68,93.68,96.99,35.2,6.3,28.9
2025-12-05,5,2025-12-05T03:00:00Z,2025-12-05T04:00:00Z,97.64,97.64,97.76,97.99,94.09,100.13,53.5,4.2,49.3
2025-12-05,6,2025-12-05T04:00:00Z,2025-12-05T05:00:00Z,108.03,108.03,107.23,100.44,100.44,128.97,38.3,8.1,30.2
2025-12-05,7,2025-12-05T05:00:00Z,2025-12-05T06:00:00Z,123.07,123.07,123.83,119.75,118.57,129.3,30.1,8.2,21.9
2025-12-05,8,2025-12-05T06:00:00Z,2025-12-05T07:00:00Z,153.72,153.72,152.98,144.0,142.81,162.81,120.5,78.1,42.4
2025-12-05,9,2025-12-05T07:00:00Z,2025-12-05T08:00:00Z,169.03,169.03,169.28,175.23,155.47,181.3,603.7,281.8,321.9
2025-12-05,10,2025-12-05T08:00:00Z,2025-12-05T09:00:00Z,169.69,169.69,172.18,168.0,160.4,182.1,322.3,148.2,174.1
2025-12-05,11,2025-12-05T09:00:00Z,2025-12-05T10:00:00Z,168.99,168.99,166.87,121.96,121.96,197.5,407.7,132.1,275.6
2025-12-05,12,2025-12-05T10:00:00Z,2025-12-05T11:00:00Z,157.46,157.46,158.49,131.0,131.0,179.97,448.7,241.4,207.3
2025-12-05,13,2025-12-05T11:00:00Z,2025-12-05T12:00:00Z,148.23,148.23,148.3,144.35,134.1,166.53,579.3,224.9,354.4
2025-12-05,14,2025-12-05T12:00:00Z,2025-12-05T13:00:00Z,140.89,140.89,141.59,138.5,131.0,159.2,365.2,184.8,180.4
2025-12-05,15,2025-12-05T13:00:00Z,2025-12-05T14:00:00Z,145.43,145.43,146.36,129.5,129.5,161.49,291.2,156.1,135.1
2025-12-05,16,2025-12-05T14:00:00Z,2025-12-05T15:00:00Z,143.66,143.66,144.43,125.5,125.5,160.16,310.2,167.0,143.2
2025-12-05,17,2025-12-05T15:00:00Z,2025-12-05T16:00:00Z,143.9,143.9,143.12,130.67,129.54,162.16,248.4,123.9,124.5
2025-12-05,18,2025-12-05T16:00:00Z,2025-12-05T17:00:00Z,137.04,137.04,136.31,131.71,128.72,152.04,283.8,153.6,130.2
2025-12-05,19,2025-12-05T17:00:00Z,2025-12-05T18:00:00Z,128.89,128.89,128.04,110.01,110.01,145.0,245.9,107.9,138.0
2025-12-05,20,2025-12-05T18:00:00Z,2025-12-05T19:00:00Z,116.04,116.04,115.73,100.01,100.01,127.8,249.3,105.3,144.0
2025-12-05,21,2025-12-05T19:00:00Z,2025-12-05T20:00:00Z,103.45,103.45,101.99,95.19,95.01,113.11,162.8,51.9,110.9
2025-12-05,22,2025-12-05T20:00:00Z,2025-12-05T21:00:00Z,97.37,97.37,96.84,95.5,90.75,101.67,253.8,159.2,94.6
2025-12-05,23,2025-12-05T21:00:00Z,2025-12-05T22:00:00Z,95.34,95.34,97.36,99.42,90.51,192.58,221.5,139.5,82.0
2025-12-05,24,2025-12-05T22:00:00Z,2025-12-05T23:00:00Z,86.49,86.49,85.9,79.98,79.98,89.0,219.3,138.6,80.7
2025-12-06,1,2025-12-05T23:00:00Z,2025-12-06T00:00:00Z,77.06,77.06,77.81,81.99,73.8,84.0,27.6,6.9,20.7
2025-12-06,2,2025-12-06T00:00:00Z,2025-12-06T01:00:00Z,80.75,80.75,80.17,82.1,76.1,83.99,34.9,11.3,23.6
2025-12-06,3,2025-12-06T01:00:00Z,2025-12-06T02:00:00Z,75.61,75.61,76.89,73.0,71.06,80.0,42.2,13.6,28.6
2025-12-06,4,2025-12-06T02:00:00Z,2025-12-06T03:00:00Z,85.65,85.65,81.58,80.93,73.86,95.0,196.5,75.0,121.5
2025-12-06,5,2025-12-06T03:00:00Z,2025-12-06T04:00:00Z,81.2,81.2,80.36,79.1,78.08,86.65,42.1,13.6,28.5
2025-12-06,6,2025-12-06T04:00:00Z,2025-12-06T05:00:00Z,82.67,82.67,80.3,74.52,74.15,89.95,21.6,5.6,16.0
2025-12-06,7,2025-12-06T05:00:00Z,2025-12-06T06:00:00Z,83.2,83.2,78.26,64.27,64.27,99.67,50.8,28.0,22.8
2025-12-06,8,2025-12-06T06:00:00Z,2025-12-06T07:00:00Z,95.73,95.73,96.15,85.5,84.12,103.77,72.7,50.9,21.8
2025-12-06,9,2025-12-06T07:00:00Z,2025-12-06T08:00:00Z,102.05,102.05,101.65,95.1,94.0,111.8,155.2,96.4,58.8
2025-12-06,10,2025-12-06T08:00:00Z,2025-12-06T09:00:00Z,101.41,101.41,100.73,85.22,80.0,112.0,86.6,63.9,22.7
2025-12-06,11,2025-12-06T09:00:00Z,2025-12-06T10:00:00Z,91.45,91.45,91.03,80.87,80.87,107.67,126.4,72.7,53.7
2025-12-06,12,2025-12-06T10:00:00Z,2025-12-06T11:00:00Z,87.61,87.61,83.68,54.91,54.91,104.91,113.2,49.6,63.6
2025-12-06,13,2025-12-06T11:00:00Z,2025-12-06T12:00:00Z,79.44,79.44,81.37,72.17,60.0,102.0,153.0,93.5,59.5
2025-12-06,14,2025-12-06T12:00:00Z,2025-12-06T13:00:00Z,83.82,83.82,84.22,83.15,74.0,103.69,140.3,61.6,78.7
2025-12-06,15,2025-12-06T13:00:00Z,2025-12-06T14:00:00Z,93.64,93.64,93.34,92.97,64.0,117.91,196.1,52.9,143.2
2025-12-06,16,2025-12-06T14:00:00Z,2025-12-06T15:00:00Z,102.58,102.58,102.34,109.01,96.5,122.3,158.2,69.7,88.5
2025-12-06,17,2025-12-06T15:00:00Z,2025-12-06T16:00:00Z,111.39,111.39,109.22,107.01,104.52,131.67,189.3,97.6,91.7
2025-12-06,18,2025-12-06T16:00:00Z,2025-12-06T17:00:00Z,109.52,109.52,109.16,120.0,104.11,120.0,148.2,59.9,88.3
2025-12-06,19,2025-12-06T17:00:00Z,2025-12-06T18:00:00Z,110.41,110.41,110.39,110.0,104.0,118.46,195.4,84.6,110.8
2025-12-06,20,2025-12-06T18:00:00Z,2025-12-06T19:00:00Z,109.64,109.64,109.18,126.0,94.06,126.0,211.5,102.4,109.1
2025-12-06,21,2025-12-06T19:00:00Z,2025-12-06T20:00:00Z,98.35,98.35,99.28,70.0,70.0,116.46,147.5,66.4,81.1
2025-12-06,22,2025-12-06T20:00:00Z,2025-12-06T21:00:00Z,95.08,95.08,93.68,77.0,75.03,107.57,124.9,45.3,79.6
2025-12-06,23,2025-12-06T21:00:00Z,2025-12-06T22:00:00Z,85.24,85.24,85.62,88.0,76.75,99.26,103.3,53.4,49.9
2025-12-06,24,2025-12-06T22:00:00Z,2025-12-06T23:00:00Z,78.72,78.72,76.83,54.37,54.37,90.15,110.1,60.8,49.3
2025-12-07,1,2025-12-06T23:00:00Z,2025-12-07T00:00:00Z,77.11,77.11,76.54,71.06,70.0,86.0,54.1,40.5,13.6
2025-12-07,2,2025-12-07T00:00:00Z,2025-12-07T01:00:00Z,73.49,73.49,72.92,69.7,68.36,79.28,67.3,52.1,15.2
2025-12-07,3,2025-12-07T01:00:00Z,2025-12-07T02:00:00Z,72.36,72.36,72.04,66.66,65.9,84.2,133.2,96.6,36.6
2025-12-07,4,2025-12-07T02:00:00Z,2025-12-07T03:00:00Z,70.41,70.41,71.92,76.0,64.31,80.23,67.6,48.5,19.1
2025-12-07,5,2025-12-07T03:00:00Z,2025-12-07T04:00:00Z,72.85,72.85,72.96,79.51,66.98,81.0,108.2,93.5,14.7
2025-12-07,6,2025-12-07T04:00:00Z,2025-12-07T05:00:00Z,74.25,74.25,75.6,83.2,66.46,83.2,162.8,139.4,23.4
2025-12-07,7,2025-12-07T05:00:00Z,2025-12-07T06:00:00Z,78.05,78.05,78.9,80.35,70.02,89.59,176.0,149.1,26.9
2025-12-07,8,2025-12-07T06:00:00Z,2025-12-07T07:00:00Z,83.69,83.69,86.33,70.5,70.5,90.26,176.7,147.1,29.6
2025-12-07,9,2025-12-07T07:00:00Z,2025-12-07T08:00:00Z,89.05,89.05,87.59,76.0,74.0,97.01,137.0,85.8,51.2
2025-12-07,10,2025-12-07T08:00:00Z,2025-12-07T09:00:00Z,98.67,98.67,102.89,122.0,91.2,122.0,108.1,39.4,68.7
2025-12-07,11,2025-12-07T09:00:00Z,2025-12-07T10:00:00Z,95.57,95.57,93.04,65.88,65.88,106.34,150.6,58.7,91.9
2025-12-07,12,2025-12-07T10:00:00Z,2025-12-07T11:00:00Z,100.64,100.64,98.65,94.01,91.94,140.0,158.1,62.3,95.8
2025-12-07,13,2025-12-07T11:00:00Z,2025-12-07T12:00:00Z,98.55,98.55,99.22,71.37,71.37,114.38,164.3,89.2,75.1
2025-12-07,14,2025-12-07T12:00:00Z,2025-12-07T13:00:00Z,100.48,100.48,99.51,102.52,89.0,111.62,151.8,85.1,66.7
2025-12-07,15,2025-12-07T13:00:00Z,2025-12-07T14:00:00Z,100.71,100.71,101.99,107.98,88.0,107.98,126.5,49.2,77.3
2025-12-07,16,2025-12-07T14:00:00Z,2025-12-07T15:00:00Z,107.87,107.87,108.22,109.01,98.0,116.6,185.7,93.6,92.1
2025-12-07,17,2025-12-07T15:00:00Z,2025-12-07T16:00:00Z,110.52,110.52,111.17,111.59,105.03,120.4,144.2,87.5,56.7
2025-12-07,18,2025-12-07T16:00:00Z,2025-12-07T17:00:00Z,102.89,102.89,103.85,91.03,91.03,119.54,211.5,140.1,71.4
2025-12-07,19,2025-12-07T17:00:00Z,2025-12-07T18:00:00Z,105.38,105.38,103.48,107.99,90.95,125.96,201.9,109.0,92.9
2025-12-07,20,2025-12-07T18:00:00Z,2025-12-07T19:00:00Z,107.43,107.43,107.32,92.01,88.39,117.92,332.8,166.5,166.3
2025-12-07,21,2025-12-07T19:00:00Z,2025-12-07T20:00:00Z,105.08,105.08,103.95,90.01,90.01,117.78,262.8,129.3,133.5
2025-12-07,22,2025-12-07T20:00:00Z,2025-12-07T21:00:00Z,95.34,95.34,93.65,98.0,74.84,106.18,133.9,70.3,63.6
2025-12-07,23,2025-12-07T21:00:00Z,2025-12-07T22:00:00Z,92.0,92.0,91.82,90.01,82.59,102.0,165.5,97.3,68.2
2025-12-07,24,2025-12-07T22:00:00Z,2025-12-07T23:00:00Z,76.36,76.36,77.51,74.0,64.93,90.0,160.5,89.9,70.6
2025-12-08,1,2025-12-07T23:00:00Z,2025-12-08T00:00:00Z,80.69,80.69,80.64,79.01,78.6,87.34,49.9,36.3,13.6
2025-12-08,2,2025-12-08T00:00:00Z,2025-12-08T01:00:00Z,75.24,75.24,77.04,73.0,69.99,87.99,85.7,55.2,30.5
2025-12-08,3,2025-12-08T01:00:00Z,2025-12-08T02:00:00Z,69.18,69.18,68.46,77.99,52.17,83.79,69.0,65.2,3.8
2025-12-08,4,2025-12-08T02:00:00Z,2025-12-08T03:00:00Z,68.22,68.22,67.54,70.19,55.95,75.7,81.2,67.4,13.8
2025-12-08,5,2025-12-08T03:00:00Z,2025-12-08T04:00:00Z,67.93,67.93,66.46,62.19,60.21,80.89,78.8,66.8,12.0
2025-12-08,6,2025-12-08T04:00:00Z,2025-12-08T05:00:00Z,67.69,67.69,64.87,30.0,30.0,78.15,45.4,27.9,17.5
2025-12-08,7,2025-12-08T05:00:00Z,2025-12-08T06:00:00Z,88.36,88.36,88.33,82.91,78.72,99.86,90.8,76.5,14.3
2025-12-08,8,2025-12-08T06:00:00Z,2025-12-08T07:00:00Z,112.14,112.14,112.29,96.01,96.01,121.87,112.7,85.3,27.4
2025-12-08,9,2025-12-08T07:00:00Z,2025-12-08T08:00:00Z,109.76,109.76,108.5,78.0,78.0,119.0,105.5,78.8,26.7
2025-12-08,10,2025-12-08T08:00:00Z,2025-12-08T09:00:00Z,100.66,100.66,98.99,97.0,88.54,120.54,127.3,79.6,47.7
2025-12-08,11,2025-12-08T09:00:00Z,2025-12-08T10:00:00Z,97.81,97.81,96.9,88.0,87.99,115.9,150.8,77.1,73.7
2025-12-08,12,2025-12-08T10:00:00Z,2025-12-08T11:00:00Z,96.51,96.51,95.6,82.0,82.0,111.56,212.0,106.3,105.7
2025-12-08,13,2025-12-08T11:00:00Z,2025-12-08T12:00:00Z,93.4,93.4,92.91,66.0,66.0,113.85,259.9,130.9,129.0
2025-12-08,14,2025-12-08T12:00:00Z,2025-12-08T13:00:00Z,97.35,97.35,95.19,86.01,86.0,110.56,210.3,111.5,98.8
2025-12-08,15,2025-12-08T13:00:00Z,2025-12-08T14:00:00Z,94.32,94.32,92.52,88.49,82.07,117.92,219.3,153.1,66.2
2025-12-08,16,2025-12-08T14:00:00Z,2025-12-08T15:00:00Z,104.72,104.72,103.74,92.89,87.51,125.58,262.5,156.4,106.1
2025-12-08,17,2025-12-08T15:00:00Z,2025-12-08T16:00:00Z,124.51,124.51,125.14,154.99,115.0,154.99,141.1,99.3,41.8
2025-12-08,18,2025-12-08T16:00:00Z,2025-12-08T17:00:00Z,120.83,120.83,119.72,124.15,110.0,130.31,96.3,77.0,19.3
2025-12-08,19,2025-12-08T17:00:00Z,2025-12-08T18:00:00Z,126.9,126.9,127.24,115.0,115.0,138.84,377.6,157.5,220.1
2025-12-08,20,2025-12-08T18:00:00Z,2025-12-08T19:00:00Z,131.51,131.51,129.76,144.14,117.77,148.44,230.9,131.5,99.4
2025-12-08,21,2025-12-08T19:00:00Z,2025-12-08T20:00:00Z,119.7,119.7,121.5,122.02,110.0,141.1,220.8,153.3,67.5
2025-12-08,22,2025-12-08T20:00:00Z,2025-12-08T21:00:00Z,100.78,100.78,98.96,99.99,80.2,113.0,162.7,112.7,50.0
2025-12-08,23,2025-12-08T21:00:00Z,2025-12-08T22:00:00Z,94.45,94.45,91.98,85.04,85.0,107.0,204.7,135.8,68.9
2025-12-08,24,2025-12-08T22:00:00Z,2025-12-08T23:00:00Z,77.6,77.6,78.71,86.88,64.57,95.0,119.8,83.0,36.8
2025-12-09,1,2025-12-08T23:00:00Z,2025-12-09T00:00:00Z,88.15,88.15,92.92,79.62,77.46,138.4,66.9,22.8,44.1
2025-12-09,2,2025-12-09T00:00:00Z,2025-12-09T01:00:00Z,91.69,91.69,94.1,73.65,73.65,118.79,81.3,12.0,69.3
2025-12-09,3,2025-12-09T01:00:00Z,2025-12-09T02:00:00Z,81.38,81.38,81.81,79.87,79.28,85.97,25.2,2.6,22.6
2025-12-09,4,2025-12-09T02:00:00Z,2025-12-09T03:00:00Z,80.5,80.5,80.09,78.67,78.21,83.13,44.6,18.0,26.6
2025-12-09,5,2025-12-09T03:00:00Z,2025-12-09T04:00:00Z,84.27,84.27,84.27,83.39,81.09,87.59,56.9,32.3,24.6
2025-12-09,6,2025-12-09T04:00:00Z,2025-12-09T05:00:00Z,93.09,93.09,93.48,81.2,80.0,98.29,104.3,87.7,16.6
2025-12-09,7,2025-12-09T05:00:00Z,2025-12-09T06:00:00Z,120.0,120.0,118.76,122.33,101.0,124.17,51.4,44.3,7.1
2025-12-09,8,2025-12-09T06:00:00Z,2025-12-09T07:00:00Z,124.36,124.36,123.14,113.89,113.89,128.0,81.1,51.9,29.2
2025-12-09,9,2025-12-09T07:00:00Z,2025-12-09T08:00:00Z,127.17,127.17,125.94,121.73,116.12,131.97,183.7,107.9,75.8
2025-12-09,10,2025-12-09T08:00:00Z,2025-12-09T09:00:00Z,127.95,127.95,128.29,137.02,116.01,143.94,136.2,52.1,84.1
2025-12-09,11,2025-12-09T09:00:00Z,2025-12-09T10:00:00Z,127.66,127.66,128.58,130.0,112.0,146.0,170.8,52.0,118.8
2025-12-09,12,2025-12-09T10:00:00Z,2025-12-09T11:00:00Z,121.9,121.9,123.47,113.36,110.0,134.94,204.4,79.6,124.8
2025-12-09,13,2025-12-09T11:00:00Z,2025-12-09T12:00:00Z,119.94,119.94,120.4,125.0,112.13,125.05,258.5,132.8,125.7
2025-12-09,14,2025-12-09T12:00:00Z,2025-12-09T13:00:00Z,117.87,117.87,117.1,102.0,102.0,125.48,182.8,91.2,91.6
2025-12-09,15,2025-12-09T13:00:00Z,2025-12-09T14:00:00Z,136.72,136.72,137.13,150.54,129.2,158.54,232.9,127.1,105.8
2025-12-09,16,2025-12-09T14:00:00Z,2025-12-09T15:00:00Z,138.14,138.14,139.49,147.01,125.08,157.03,146.7,84.2,62.5
2025-12-09,17,2025-12-09T15:00:00Z,2025-12-09T16:00:00Z,183.23,183.23,183.91,180.0,155.0,228.55,387.1,136.0,251.1
2025-12-09,18,2025-12-09T16:00:00Z,2025-12-09T17:00:00Z,155.21,155.21,152.46,140.53,140.0,179.81,297.1,107.7,189.4
2025-12-09,19,2025-12-09T17:00:00Z,2025-12-09T18:00:00Z,154.7,154.7,155.45,175.04,143.28,175.04,412.6,124.7,287.9
2025-12-09,20,2025-12-09T18:00:00Z,2025-12-09T19:00:00Z,157.13,157.13,148.46,145.0,138.65,175.36,257.5,52.1,205.4
2025-12-09,21,2025-12-09T19:00:00Z,2025-12-09T20:00:00Z,138.54,138.54,139.47,130.0,130.0,154.76,134.5,57.3,77.2
2025-12-09,22,2025-12-09T20:00:00Z,2025-12-09T21:00:00Z,110.57,110.57,112.87,117.15,101.01,129.99,187.4,107.8,79.6
2025-12-09,23,2025-12-09T21:00:00Z,2025-12-09T22:00:00Z,111.84,111.84,111.03,105.0,88.28,119.99,125.5,58.5,67.0
2025-12-09,24,2025-12-09T22:00:00Z,2025-12-09T23:00:00Z,82.85,82.85,85.48,81.01,79.0,94.88,238.0,131.9,106.1
2025-12-10,1,2025-12-09T23:00:00Z,2025-12-10T00:00:00Z,84.25,84.25,88.97,100.0,69.2,100.0,46.1,14.4,31.7
2025-12-10,2,2025-12-10T00:00:00Z,2025-12-10T01:00:00Z,69.96,69.96,71.23,72.0,59.65,85.02,58.3,24.7,33.6
2025-12-10,3,2025-12-10T01:00:00Z,2025-12-10T02:00:00Z,72.89,72.89,72.43,70.0,64.69,85.58,56.5,21.4,35.1
2025-12-10,4,2025-12-10T02:00:00Z,2025-12-10T03:00:00Z,69.7,69.7,70.79,70.0,60.72,80.92,49.8,17.7,32.1
2025-12-10,5,2025-12-10T03:00:00Z,2025-12-10T04:00:00Z,76.58,76.58,77.09,90.0,71.0,90.0,43.0,10.6,32.4
2025-12-10,6,2025-12-10T04:00:00Z,2025-12-10T05:00:00Z,83.96,83.96,83.42,130.0,70.12,130.0,67.9,28.3,39.6
2025-12-10,7,2025-12-10T05:00:00Z,2025-12-10T06:00:00Z,120.5,120.5,119.77,120.02,98.81,125.17,46.4,16.8,29.6
2025-12-10,8,2025-12-10T06:00:00Z,2025-12-10T07:00:00Z,143.84,143.84,141.03,91.13,91.13,158.26,35.8,17.5,18.3
2025-12-10,9,2025-12-10T07:00:00Z,2025-12-10T08:00:00Z,130.07,130.07,129.74,113.82,113.02,155.0,126.4,71.3,55.1
2025-12-10,10,2025-12-10T08:00:00Z,2025-12-10T09:00:00Z,127.65,127.65,128.98,180.0,117.32,180.0,103.2,62.0,41.2
2025-12-10,11,2025-12-10T09:00:00Z,2025-12-10T10:00:00Z,111.35,111.35,110.68,111.98,104.63,122.48,137.0,72.2,64.8
2025-12-10,12,2025-12-10T10:00:00Z,2025-12-10T11:00:00Z,106.82,106.82,107.16,116.83,97.41,118.33,232.0,120.0,112.0
2025-12-10,13,2025-12-10T11:00:00Z,2025-12-10T12:00:00Z,104.78,104.78,106.1,118.5,97.41,120.62,193.1,96.8,96.3
2025-12-10,14,2025-12-10T12:00:00Z,2025-12-10T13:00:00Z,113.16,113.16,112.36,109.91,103.74,125.13,310.4,179.0,131.4
2025-12-10,15,2025-12-10T13:00:00Z,2025-12-10T14:00:00Z,123.29,123.29,122.54,136.07,102.77,136.07,142.2,86.2,56.0
2025-12-10,16,2025-12-10T14:00:00Z,2025-12-10T15:00:00Z,143.07,143.07,135.45,196.99,123.01,196.99,136.5,54.5,82.0
2025-12-10,17,2025-12-10T15:00:00Z,2025-12-10T16:00:00Z,135.15,135.15,134.27,117.96,117.96,160.61,149.4,36.5,112.9
2025-12-10,18,2025-12-10T16:00:00Z,2025-12-10T17:00:00Z,152.72,152.72,131.94,138.9,116.0,163.98,17.1,3.3,13.8
2025-12-10,19,2025-12-10T17:00:00Z,2025-12-10T18:00:00Z,131.8,131.8,130.3,115.0,115.0,150.0,80.2,13.9,66.3
2025-12-10,20,2025-12-10T18:00:00Z,2025-12-10T19:00:00Z,132.98,132.98,130.66,122.0,110.0,152.86,128.4,42.1,86.3
2025-12-10,21,2025-12-10T19:00:00Z,2025-12-10T20:00:00Z,119.52,119.52,113.87,98.0,96.0,155.3,146.1,75.4,70.7
2025-12-10,22,2025-12-10T20:00:00Z,2025-12-10T21:00:00Z,109.46,109.46,113.7,104.0,85.1,137.42,83.0,45.0,38.0
2025-12-10,23,2025-12-10T21:00:00Z,2025-12-10T22:00:00Z,104.13,104.13,101.34,98.0,85.0,120.21,85.3,39.8,45.5
2025-12-10,24,2025-12-10T22:00:00Z,2025-12-10T23:00:00Z,97.33,97.33,96.57,102.43,80.2,106.28,77.4,30.6,46.8
2025-12-11,1,2025-12-10T23:00:00Z,2025-12-11T00:00:00Z,93.86,93.86,94.56,87.49,85.02,102.02,31.0,29.1,1.9
2025-12-11,2,2025-12-11T00:00:00Z,2025-12-11T01:00:00Z,83.7,83.7,81.33,79.09,76.99,94.96,67.5,61.3,6.2
2025-12-11,3,2025-12-11T01:00:00Z,2025-12-11T02:00:00Z,82.02,82.02,85.27,70.01,70.01,92.23,38.8,31.9,6.9
2025-12-11,4,2025-12-11T02:00:00Z,2025-12-11T03:00:00Z,77.86,77.86,78.71,92.0,70.0,92.0,128.3,89.9,38.4
2025-12-11,5,2025-12-11T03:00:00Z,2025-12-11T04:00:00Z,81.41,81.41,79.79,81.95,75.0,89.59,35.5,26.0,9.5
2025-12-11,6,2025-12-11T04:00:00Z,2025-12-11T05:00:00Z,83.54,83.54,83.35,68.0,68.0,94.94,33.1,19.2,13.9
2025-12-11,7,2025-12-11T05:00:00Z,2025-12-11T06:00:00Z,104.59,104.59,102.18,111.84,91.61,126.7,77.3,40.5,36.8
2025-12-11,8,2025-12-11T06:00:00Z,2025-12-11T07:00:00Z,115.71,115.71,113.93,111.0,106.5,125.15,51.0,19.6,31.4
2025-12-11,9,2025-12-11T07:00:00Z,2025-12-11T08:00:00Z,130.85,130.85,126.04,111.13,111.13,159.0,185.5,67.6,117.9
2025-12-11,10,2025-12-11T08:00:00Z,2025-12-11T09:00:00Z,132.74,132.74,126.58,135.0,112.02,155.75,154.3,59.3,95.0
2025-12-11,11,2025-12-11T09:00:00Z,2025-12-11T10:00:00Z,123.59,123.59,119.6,119.23,105.85,151.4,251.9,103.5,148.4
2025-12-11,12,2025-12-11T10:00:00Z,2025-12-11T11:00:00Z,107.0,107.0,103.42,83.0,70.0,143.86,285.2,122.4,162.8
2025-12-11,13,2025-12-11T11:00:00Z,2025-12-11T12:00:00Z,100.42,100.42,97.6,60.0,60.0,143.45,305.7,144.7,161.0
2025-12-11,14,2025-12-11T12:00:00Z,2025-12-11T13:00:00Z,119.98,119.98,121.23,120.0,97.35,155.18,455.7,86.3,369.4
2025-12-11,15,2025-12-11T13:00:00Z,2025-12-11T14:00:00Z,115.74,115.74,116.44,78.16,78.16,156.09,272.4,122.6,149.8
2025-12-11,16,2025-12-11T14:00:00Z,2025-12-11T15:00:00Z,114.2,114.2,111.54,94.95,30.0,147.25,423.8,230.6,193.2
2025-12-11,17,2025-12-11T15:00:00Z,2025-12-11T16:00:00Z,124.41,124.41,123.44,120.0,100.65,134.19,347.2,131.2,216.0
2025-12-11,18,2025-12-11T16:00:00Z,2025-12-11T17:00:00Z,131.31,131.31,130.73,126.05,122.28,138.9,149.4,44.3,105.1
2025-12-11,19,2025-12-11T17:00:00Z,2025-12-11T18:00:00Z,136.04,136.04,130.88,134.99,105.61,167.0,198.1,92.3,105.8
2025-12-11,20,2025-12-11T18:00:00Z,2025-12-11T19:00:00Z,116.69,116.69,112.63,111.0,70.14,134.2,201.4,100.7,100.7
2025-12-11,21,2025-12-11T19:00:00Z,2025-12-11T20:00:00Z,107.02,107.02,105.1,104.0,92.88,110.01,50.5,43.9,6.6
2025-12-11,22,2025-12-11T20:00:00Z,2025-12-11T21:00:00Z,90.19,90.19,91.27,80.01,80.01,99.99,62.9,45.8,17.1
2025-12-11,23,2025-12-11T21:00:00Z,2025-12-11T22:00:00Z,91.82,91.82,93.35,80.02,80.02,119.57,74.5,60.3,14.2
2025-12-11,24,2025-12-11T22:00:00Z,2025-12-11T23:00:00Z,88.99,88.99,93.7,90.04,85.0,138.99,80.8,55.7,25.1
2025-12-12,1,2025-12-11T23:00:00Z,2025-12-12T00:00:00Z,89.6,89.6,89.86,89.0,89.0,90.55,24.7,24.7,0.0
2025-12-12,2,2025-12-12T00:00:00Z,2025-12-12T01:00:00Z,92.61,92.61,92.79,91.0,91.0,94.47,30.6,27.8,2.8
2025-12-12,3,2025-12-12T01:00:00Z,2025-12-12T02:00:00Z,92.4,92.4,92.66,92.84,88.25,96.31,38.1,31.1,7.0
2025-12-12,4,2025-12-12T02:00:00Z,2025-12-12T03:00:00Z,93.14,93.14,92.97,92.0,90.86,96.85,49.9,30.0,19.9
2025-12-12,5,2025-12-12T03:00:00Z,2025-12-12T04:00:00Z,91.6,91.6,92.1,92.99,88.13,94.05,45.0,33.5,11.5
2025-12-12,6,2025-12-12T04:00:00Z,2025-12-12T05:00:00Z,90.86,90.86,91.4,95.71,87.83,95.71,36.5,27.5,9.0
2025-12-12,7,2025-12-12T05:00:00Z,2025-12-12T06:00:00Z,123.2,123.2,122.73,127.0,117.31,127.0,51.3,13.1,38.2
2025-12-12,8,2025-12-12T06:00:00Z,2025-12-12T07:00:00Z,129.88,129.88,129.92,127.41,127.2,133.61,59.0,9.0,50.0
2025-12-12,9,2025-12-12T07:00:00Z,2025-12-12T08:00:00Z,130.51,130.51,129.72,139.99,127.0,139.99,110.7,33.4,77.3
2025-12-12,10,2025-12-12T08:00:00Z,2025-12-12T09:00:00Z,125.51,125.51,126.25,126.46,118.31,135.0,104.1,20.8,83.3
2025-12-12,11,2025-12-12T09:00:00Z,2025-12-12T10:00:00Z,116.72,116.72,117.19,124.0,113.46,124.0,125.0,42.8,82.2
2025-12-12,12,2025-12-12T10:00:00Z,2025-12-12T11:00:00Z,117.6,117.6,118.67,120.02,108.98,136.0,191.2,62.5,128.7
2025-12-12,13,2025-12-12T11:00:00Z,2025-12-12T12:00:00Z,109.66,109.66,108.27,105.59,105.0,119.11,156.6,64.5,92.1
2025-12-12,14,2025-12-12T12:00:00Z,2025-12-12T13:00:00Z,115.97,115.97,116.78,129.96,109.0,129.96,151.8,53.4,98.4
2025-12-12,15,2025-12-12T13:00:00Z,2025-12-12T14:00:00Z,124.19,124.19,121.89,86.0,86.0,136.98,193.0,61.1,131.9
2025-12-12,16,2025-12-12T14:00:00Z,2025-12-12T15:00:00Z,128.89,128.89,130.91,137.0,123.42,137.0,145.4,33.4,112.0
2025-12-12,17,2025-12-12T15:00:00Z,2025-12-12T16:00:00Z,142.96,142.96,143.5,138.75,129.97,156.78,112.4,31.8,80.6
2025-12-12,18,2025-12-12T16:00:00Z,2025-12-12T17:00:00Z,138.36,138.36,138.65,139.05,126.99,146.35,118.6,32.7,85.9
2025-12-12,19,2025-12-12T17:00:00Z,2025-12-12T18:00:00Z,129.08,129.08,129.17,125.0,123.66,137.52,157.2,36.8,120.4
2025-12-12,20,2025-12-12T18:00:00Z,2025-12-12T19:00:00Z,127.62,127.62,127.19,130.96,121.8,133.87,145.4,35.5,109.9
2025-12-12,21,2025-12-12T19:00:00Z,2025-12-12T20:00:00Z,124.48,124.48,124.43,130.32,119.02,130.32,147.9,47.2,100.7
2025-12-12,22,2025-12-12T20:00:00Z,2025-12-12T21:00:00Z,113.08,113.08,113.16,114.76,109.9,118.0,169.9,59.5,110.4
2025-12-12,23,2025-12-12T21:00:00Z,2025-12-12T22:00:00Z,105.35,105.35,105.99,114.5,100.61,114.5,105.7,36.7,69.0
2025-12-12,24,2025-12-12T22:00:00Z,2025-12-12T23:00:00Z,97.57,97.57,96.7,92.0,91.87,102.39,106.0,33.6,72.4
2025-12-13,1,2025-12-12T23:00:00Z,2025-12-13T00:00:00Z,106.91,106.91,105.6,110.0,101.5,110.0,31.5,24.4,7.1
2025-12-13,2,2025-12-13T00:00:00Z,2025-12-13T01:00:00Z,98.61,98.61,99.2,99.69,95.41,105.96,74.4,45.5,28.9
2025-12-13,3,2025-12-13T01:00:00Z,2025-12-13T02:00:00Z,91.43,91.43,92.14,89.8,89.71,99.99,36.9,4.6,32.3
2025-12-13,4,2025-12-13T02:00:00Z,2025-12-13T03:00:00Z,89.88,89.88,89.76,86.7,86.7,100.72,57.2,6.6,50.6
2025-12-13,5,2025-12-13T03:00:00Z,2025-12-13T04:00:00Z,89.45,89.45,88.32,82.69,82.12,94.79,71.2,13.2,58.0
2025-12-13,6,2025-12-13T04:00:00Z,2025-12-13T05:00:00Z,89.4,89.4,89.03,83.9,83.04,96.2,104.8,39.3,65.5
2025-12-13,7,2025-12-13T05:00:00Z,2025-12-13T06:00:00Z,99.6,99.6,99.6,94.94,86.35,111.79,52.6,17.1,35.5
2025-12-13,8,2025-12-13T06:00:00Z,2025-12-13T07:00:00Z,100.57,100.57,97.97,100.0,88.05,114.55,82.4,50.4,32.0
2025-12-13,9,2025-12-13T07:00:00Z,2025-12-13T08:00:00Z,102.55,102.55,103.18,107.62,93.21,114.13,78.7,63.3,15.4
2025-12-13,10,2025-12-13T08:00:00Z,2025-12-13T09:00:00Z,105.22,105.22,105.81,106.36,100.3,119.24,79.7,48.7,31.0
2025-12-13,11,2025-12-13T09:00:00Z,2025-12-13T10:00:00Z,105.69,105.69,105.7,109.9,100.74,110.0,48.6,36.8,11.8
2025-12-13,12,2025-12-13T10:00:00Z,2025-12-13T11:00:00Z,103.9,103.9,104.51,112.5,100.5,113.63,78.6,43.2,35.4
2025-12-13,13,2025-12-13T11:00:00Z,2025-12-13T12:00:00Z,102.44,102.44,102.48,124.98,96.35,124.98,193.1,106.2,86.9
2025-12-13,14,2025-12-13T12:00:00Z,2025-12-13T13:00:00Z,100.45,100.45,99.58,102.38,93.19,106.37,151.0,90.4,60.6
2025-12-13,15,2025-12-13T13:00:00Z,2025-12-13T14:00:00Z,102.7,102.7,101.66,100.0,97.5,110.0,152.4,89.6,62.8
2025-12-13,16,2025-12-13T14:00:00Z,2025-12-13T15:00:00Z,115.59,115.59,116.05,117.97,112.47,118.52,115.2,61.9,53.3
2025-12-13,17,2025-12-13T15:00:00Z,2025-12-13T16:00:00Z,120.85,120.85,122.13,129.99,115.55,129.99,90.9,46.7,44.2
2025-12-13,18,2025-12-13T16:00:00Z,2025-12-13T17:00:00Z,119.51,119.51,119.79,123.82,115.59,123.82,66.3,30.4,35.9
2025-12-13,19,2025-12-13T17:00:00Z,2025-12-13T18:00:00Z,119.45,119.45,120.39,128.85,116.22,129.79,88.3,56.6,31.7
2025-12-13,20,2025-12-13T18:00:00Z,2025-12-13T19:00:00Z,117.13,117.13,116.95,112.5,109.27,122.0,131.0,83.5,47.5
2025-12-13,21,2025-12-13T19:00:00Z,2025-12-13T20:00:00Z,96.41,96.41,97.42,102.4,90.01,117.0,108.0,73.5,34.5
2025-12-13,22,2025-12-13T20:00:00Z,2025-12-13T21:00:00Z,93.57,93.57,93.8,100.0,86.42,107.0,79.7,58.4,21.3
2025-12-13,23,2025-12-13T21:00:00Z,2025-12-13T22:00:00Z,91.06,91.06,90.78,90.01,86.9,106.76,57.8,37.6,20.2
2025-12-13,24,2025-12-13T22:00:00Z,2025-12-13T23:00:00Z,87.76,87.76,87.13,82.6,81.85,98.0,98.2,69.2,29.0
2025-12-14,1,2025-12-13T23:00:00Z,2025-12-14T00:00:00Z,90.92,90.92,90.74,84.01,84.01,100.32,43.9,39.8,4.1
2025-12-14,2,2025-12-14T00:00:00Z,2025-12-14T01:00:00Z,85.97,85.97,86.81,91.98,74.25,95.45,33.8,27.0,6.8
2025-12-14,3,2025-12-14T01:00:00Z,2025-12-14T02:00:00Z,88.33,88.33,88.77,85.23,84.95,91.73,41.9,35.8,6.1
2025-12-14,4,2025-12-14T02:00:00Z,2025-12-14T03:00:00Z,90.53,90.53,88.23,95.0,83.16,95.76,24.9,20.5,4.4
2025-12-14,5,2025-12-14T03:00:00Z,2025-12-14T04:00:00Z,94.03,94.03,93.38,96.0,86.0,99.27,23.5,18.2,5.3
2025-12-14,6,2025-12-14T04:00:00Z,2025-12-14T05:00:00Z,92.03,92.03,91.61,90.0,83.05,102.64,47.9,19.2,28.7
2025-12-14,7,2025-12-14T05:00:00Z,2025-12-14T06:00:00Z,87.93,87.93,89.4,91.44,73.95,95.94,29.5,18.2,11.3
2025-12-14,8,2025-12-14T06:00:00Z,2025-12-14T07:00:00Z,100.05,100.05,99.64,104.0,82.49,108.9,55.1,45.0,10.1
2025-12-14,9,2025-12-14T07:00:00Z,2025-12-14T08:00:00Z,102.18,102.18,101.59,99.6,86.45,106.97,110.6,89.7,20.9
2025-12-14,10,2025-12-14T08:00:00Z,2025-12-14T09:00:00Z,103.45,103.45,102.14,95.99,94.01,106.23,88.4,68.6,19.8
2025-12-14,11,2025-12-14T09:00:00Z,2025-12-14T10:00:00Z,106.25,106.25,105.92,111.44,100.0,120.99,84.9,27.6,57.3
2025-12-14,12,2025-12-14T10:00:00Z,2025-12-14T11:00:00Z,106.8,106.8,106.79,111.0,100.0,116.36,96.7,28.8,67.9
2025-12-14,13,2025-12-14T11:00:00Z,2025-12-14T12:00:00Z,102.31,102.31,103.01,113.33,95.54,113.33,110.3,57.9,52.4
2025-12-14,14,2025-12-14T12:00:00Z,2025-12-14T13:00:00Z,97.33,97.33,97.96,99.25,92.01,103.32,129.7,78.9,50.8
2025-12-14,15,2025-12-14T13:00:00Z,2025-12-14T14:00:00Z,99.41,99.41,99.01,99.0,96.87,102.29,6.4,4.9,1.5
2025-12-14,16,2025-12-14T14:00:00Z,2025-12-14T15:00:00Z,106.68,106.68,108.08,120.0,96.17,120.0,155.4,70.7,84.7
2025-12-14,17,2025-12-14T15:00:00Z,2025-12-14T16:00:00Z,100.76,100.76,100.68,99.0,94.94,106.97,73.8,60.7,13.1
2025-12-14,18,2025-12-14T16:00:00Z,2025-12-14T17:00:00Z,96.74,96.74,98.9,103.8,86.06,110.0,79.3,63.4,15.9
2025-12-14,19,2025-12-14T17:00:00Z,2025-12-14T18:00:00Z,93.88,93.88,92.74,86.26,85.15,103.7,120.6,92.0,28.6
2025-12-14,20,2025-12-14T18:00:00Z,2025-12-14T19:00:00Z,92.86,92.86,92.87,91.01,86.21,99.67,108.2,87.4,20.8
2025-12-14,21,2025-12-14T19:00:00Z,2025-12-14T20:00:00Z,94.39,94.39,93.16,95.99,85.19,102.26,79.2,43.9,35.3
2025-12-14,22,2025-12-14T20:00:00Z,2025-12-14T21:00:00Z,98.17,98.17,99.44,94.01,87.2,105.0,138.1,89.3,48.8
2025-12-14,23,2025-12-14T21:00:00Z,2025-12-14T22:00:00Z,94.89,94.89,95.79,105.02,83.9,105.02,90.7,57.2,33.5
2025-12-14,24,2025-12-14T22:00:00Z,2025-12-14T23:00:00Z,95.08,95.08,95.87,99.8,76.28,110.43,57.6,45.5,12.1
2025-12-15,1,2025-12-14T23:00:00Z,2025-12-15T00:00:00Z,83.07,83.07,82.68,81.0,78.66,89.0,27.5,25.8,1.7
2025-12-15,2,2025-12-15T00:00:00Z,2025-12-15T01:00:00Z,89.5,89.5,89.52,82.61,82.61,99.0,60.9,52.1,8.8
2025-12-15,3,2025-12-15T01:00:00Z,2025-12-15T02:00:00Z,88.68,88.68,87.16,81.47,81.47,92.25,43.0,29.8,13.2
2025-12-15,4,2025-12-15T02:00:00Z,2025-12-15T03:00:00Z,85.74,85.74,84.84,90.01,81.42,92.15,58.8,39.6,19.2
2025-12-15,5,2025-12-15T03:00:00Z,2025-12-15T04:00:00Z,84.81,84.81,84.28,78.79,78.79,89.47,58.5,35.1,23.4
2025-12-15,6,2025-12-15T04:00:00Z,2025-12-15T05:00:00Z,88.77,88.77,87.15,84.91,84.91,96.0,67.2,23.6,43.6
2025-12-15,7,2025-12-15T05:00:00Z,2025-12-15T06:00:00Z,129.47,129.47,127.58,126.0,100.82,139.11,57.4,29.9,27.5
2025-12-15,8,2025-12-15T06:00:00Z,2025-12-15T07:00:00Z,134.73,134.73,135.68,140.14,126.0,150.43,64.0,39.7,24.3
2025-12-15,9,2025-12-15T07:00:00Z,2025-12-15T08:00:00Z,155.56,155.56,152.14,132.66,130.01,175.49,181.1,86.0,95.1
2025-12-15,10,2025-12-15T08:00:00Z,2025-12-15T09:00:00Z,154.0,154.0,154.62,151.0,127.88,189.21,265.1,118.5,146.6
2025-12-15,11,2025-12-15T09:00:00Z,2025-12-15T10:00:00Z,142.42,142.42,142.9,151.0,114.53,166.32,279.4,131.1,148.3
2025-12-15,12,2025-12-15T10:00:00Z,2025-12-15T11:00:00Z,141.23,141.23,137.29,135.09,104.34,190.0,200.3,88.3,112.0
2025-12-15,13,2025-12-15T11:00:00Z,2025-12-15T12:00:00Z,139.58,139.58,142.31,190.01,104.12,207.01,349.0,164.5,184.5
2025-12-15,14,2025-12-15T12:00:00Z,2025-12-15T13:00:00Z,149.27,149.27,147.55,177.01,118.66,187.38,330.5,164.7,165.8
2025-12-15,15,2025-12-15T13:00:00Z,2025-12-15T14:00:00Z,172.39,172.39,172.94,154.12,131.0,218.66,169.5,75.8,93.7
2025-12-15,16,2025-12-15T14:00:00Z,2025-12-15T15:00:00Z,206.11,206.11,200.99,280.0,149.79,280.0,295.2,145.9,149.3
2025-12-15,17,2025-12-15T15:00:00Z,2025-12-15T16:00:00Z,215.58,215.58,212.2,251.0,166.0,276.3,552.8,165.0,387.8
2025-12-15,18,2025-12-15T16:00:00Z,2025-12-15T17:00:00Z,170.89,170.89,172.78,163.88,141.2,192.82,225.0,99.2,125.8
2025-12-15,19,2025-12-15T17:00:00Z,2025-12-15T18:00:00Z,156.6,156.6,157.55,154.55,145.0,164.85,156.8,76.4,80.4
2025-12-15,20,2025-12-15T18:00:00Z,2025-12-15T19:00:00Z,163.93,163.93,153.95,145.0,125.0,181.0,156.8,65.3,91.5
2025-12-15,21,2025-12-15T19:00:00Z,2025-12-15T20:00:00Z,151.03,151.03,150.76,175.0,129.01,175.0,171.5,94.4,77.1
2025-12-15,22,2025-12-15T20:00:00Z,2025-12-15T21:00:00Z,106.41,106.41,106.56,110.01,92.0,138.1,176.6,94.5,82.1
2025-12-15,23,2025-12-15T21:00:00Z,2025-12-15T22:00:00Z,97.05,97.05,96.06,95.0,85.23,109.0,136.9,103.0,33.9
2025-12-15,24,2025-12-15T22:00:00Z,2025-12-15T23:00:00Z,99.95,99.95,101.51,121.9,80.92,121.9,135.9,105.5,30.4
2025-12-16,1,2025-12-15T23:00:00Z,2025-12-16T00:00:00Z,92.23,92.23,92.33,93.64,90.8,98.0,50.2,44.5,5.7
2025-12-16,2,2025-12-16T00:00:00Z,2025-12-16T01:00:00Z,90.28,90.28,88.9,100.21,85.82,100.46,142.7,130.4,12.3
2025-12-16,3,2025-12-16T01:00:00Z,2025-12-16T02:00:00Z,89.64,89.64,89.74,109.89,83.9,118.98,88.7,77.2,11.5
2025-12-16,4,2025-12-16T02:00:00Z,2025-12-16T03:00:00Z,89.07,89.07,91.0,90.92,81.62,120.37,54.1,40.1,14.0
2025-12-16,5,2025-12-16T03:00:00Z,2025-12-16T04:00:00Z,83.7,83.7,84.78,99.99,-3.71,99.99,103.7,91.4,12.3
2025-12-16,6,2025-12-16T04:00:00Z,2025-12-16T05:00:00Z,97.07,97.07,97.47,97.51,-4.1,117.0,39.0,25.9,13.1
2025-12-16,7,2025-12-16T05:00:00Z,2025-12-16T06:00:00Z,141.8,141.8,130.71,148.0,18.66,159.97,48.6,20.3,28.3
2025-12-16,8,2025-12-16T06:00:00Z,2025-12-16T07:00:00Z,166.56,166.56,162.14,167.99,132.0,247.49,104.9,37.2,67.7
2025-12-16,9,2025-12-16T07:00:00Z,2025-12-16T08:00:00Z,159.04,159.04,155.53,117.64,117.12,189.95,140.8,50.4,90.4
2025-12-16,10,2025-12-16T08:00:00Z,2025-12-16T09:00:00Z,149.42,149.42,146.67,141.26,128.0,158.53,183.1,34.4,148.7
2025-12-16,11,2025-12-16T09:00:00Z,2025-12-16T10:00:00Z,144.37,144.37,141.57,153.0,123.0,153.0,217.7,74.6,143.1
2025-12-16,12,2025-12-16T10:00:00Z,2025-12-16T11:00:00Z,150.02,150.02,149.22,164.76,116.0,173.94,217.7,70.7,147.0
2025-12-16,13,2025-12-16T11:00:00Z,2025-12-16T12:00:00Z,137.28,137.28,136.98,151.6,117.0,151.79,175.1,60.8,114.3
2025-12-16,14,2025-12-16T12:00:00Z,2025-12-16T13:00:00Z,151.29,151.29,145.92,106.65,106.65,167.41,134.8,54.2,80.6
2025-12-16,15,2025-12-16T13:00:00Z,2025-12-16T14:00:00Z,161.58,161.58,156.99,179.89,140.02,187.9,189.6,82.5,107.1
2025-12-16,16,2025-12-16T14:00:00Z,2025-12-16T15:00:00Z,169.46,169.46,169.09,186.22,144.0,189.71,171.9,68.3,103.6
2025-12-16,17,2025-12-16T15:00:00Z,2025-12-16T16:00:00Z,177.16,177.16,179.69,143.56,143.56,220.8,156.8,78.4,78.4
2025-12-16,18,2025-12-16T16:00:00Z,2025-12-16T17:00:00Z,169.44,169.44,162.7,131.15,131.15,233.3,133.3,47.3,86.0
2025-12-16,19,2025-12-16T17:00:00Z,2025-12-16T18:00:00Z,144.13,144.13,146.0,134.01,128.31,163.0,112.8,39.5,73.3
2025-12-16,20,2025-12-16T18:00:00Z,2025-12-16T19:00:00Z,139.46,139.46,147.22,115.68,115.68,170.0,84.4,43.4,41.0
2025-12-16,21,2025-12-16T19:00:00Z,2025-12-16T20:00:00Z,131.15,131.15,136.04,133.71,117.0,178.2,84.4,42.7,41.7
2025-12-16,22,2025-12-16T20:00:00Z,2025-12-16T21:00:00Z,114.8,114.8,116.58,122.2,106.8,122.2,87.6,23.9,63.7
2025-12-16,23,2025-12-16T21:00:00Z,2025-12-16T22:00:00Z,111.35,111.35,107.18,86.0,86.0,118.88,101.8,49.7,52.1
2025-12-16,24,2025-12-16T22:00:00Z,2025-12-16T23:00:00Z,87.91,87.91,88.07,90.35,83.02,104.0,207.7,150.8,56.9
2025-12-17,1,2025-12-16T23:00:00Z,2025-12-17T00:00:00Z,96.19,96.19,96.1,94.4,93.32,100.0,27.3,6.0,21.3
2025-12-17,2,2025-12-17T00:00:00Z,2025-12-17T01:00:00Z,89.02,89.02,90.95,93.63,83.0,97.95,37.9,11.9,26.0
2025-12-17,3,2025-12-17T01:00:00Z,2025-12-17T02:00:00Z,94.0,94.0,94.33,92.54,92.54,97.07,32.5,5.5,27.0
2025-12-17,4,2025-12-17T02:00:00Z,2025-12-17T03:00:00Z,86.06,86.06,91.12,88.24,72.57,98.92,44.5,12.5,32.0
2025-12-17,5,2025-12-17T03:00:00Z,2025-12-17T04:00:00Z,91.45,91.45,91.33,89.95,81.49,97.1,42.3,10.1,32.2
2025-12-17,6,2025-12-17T04:00:00Z,2025-12-17T05:00:00Z,98.74,98.74,98.15,81.66,79.9,105.63,64.9,4.7,60.2
2025-12-17,7,2025-12-17T05:00:00Z,2025-12-17T06:00:00Z,120.25,120.25,122.75,119.98,110.1,135.4,43.1,20.6,22.5
2025-12-17,8,2025-12-17T06:00:00Z,2025-12-17T07:00:00Z,143.57,143.57,143.29,130.02,129.91,155.76,107.2,33.8,73.4
2025-12-17,9,2025-12-17T07:00:00Z,2025-12-17T08:00:00Z,142.73,142.73,142.13,100.01,100.01,151.0,154.4,40.2,114.2
2025-12-17,10,2025-12-17T08:00:00Z,2025-12-17T09:00:00Z,130.7,130.7,131.61,100.06,100.0,146.79,174.5,35.8,138.7
2025-12-17,11,2025-12-17T09:00:00Z,2025-12-17T10:00:00Z,127.97,127.97,127.35,127.65,123.0,135.67,161.6,40.8,120.8
2025-12-17,12,2025-12-17T10:00:00Z,2025-12-17T11:00:00Z,121.13,121.13,121.44,150.0,104.13,150.0,238.7,70.5,168.2
2025-12-17,13,2025-12-17T11:00:00Z,2025-12-17T12:00:00Z,115.88,115.88,116.64,116.0,106.03,129.77,305.6,80.1,225.5
2025-12-17,14,2025-12-17T12:00:00Z,2025-12-17T13:00:00Z,122.84,122.84,122.59,129.56,120.11,130.29,212.3,18.9,193.4
2025-12-17,15,2025-12-17T13:00:00Z,2025-12-17T14:00:00Z,127.57,127.57,127.7,123.6,123.6,138.34,213.8,48.9,164.9
2025-12-17,16,2025-12-17T14:00:00Z,2025-12-17T15:00:00Z,125.29,125.29,121.95,116.5,104.71,142.8,302.5,116.3,186.2
2025-12-17,17,2025-12-17T15:00:00Z,2025-12-17T16:00:00Z,120.83,120.83,118.33,88.0,88.0,151.9,62.0,37.6,24.4
2025-12-17,18,2025-12-17T16:00:00Z,2025-12-17T17:00:00Z,129.66,129.66,130.36,130.0,99.11,148.07,206.9,87.4,119.5
2025-12-17,19,2025-12-17T17:00:00Z,2025-12-17T18:00:00Z,142.31,142.31,142.09,128.01,125.03,168.2,280.3,94.9,185.4
2025-12-17,20,2025-12-17T18:00:00Z,2025-12-17T19:00:00Z,120.02,120.02,112.13,96.79,96.71,167.27,275.2,124.0,151.2
2025-12-17,21,2025-12-17T19:00:00Z,2025-12-17T20:00:00Z,109.5,109.5,107.01,98.99,95.0,136.83,168.0,63.9,104.1
2025-12-17,22,2025-12-17T20:00:00Z,2025-12-17T21:00:00Z,105.4,105.4,105.7,108.99,98.81,124.79,192.3,78.1,114.2
2025-12-17,23,2025-12-17T21:00:00Z,2025-12-17T22:00:00Z,102.82,102.82,100.96,104.89,91.31,124.78,184.2,63.7,120.5
2025-12-17,24,2025-12-17T22:00:00Z,2025-12-17T23:00:00Z,95.1,95.1,95.95,84.0,84.0,107.44,134.0,35.7,98.3
2025-12-18,1,2025-12-17T23:00:00Z,2025-12-18T00:00:00Z,122.78,122.78,111.09,100.02,87.4,138.0,140.0,78.3,61.7
2025-12-18,2,2025-12-18T00:00:00Z,2025-12-18T01:00:00Z,101.26,101.26,101.88,83.16,81.51,123.0,262.7,146.2,116.5
2025-12-18,3,2025-12-18T01:00:00Z,2025-12-18T02:00:00Z,96.77,96.77,91.05,59.16,59.16,117.36,197.3,102.0,95.3
2025-12-18,4,2025-12-18T02:00:00Z,2025-12-18T03:00:00Z,94.26,94.26,87.11,56.8,56.58,119.0,195.1,99.8,95.3
2025-12-18,5,2025-12-18T03:00:00Z,2025-12-18T04:00:00Z,92.84,92.84,93.15,45.0,45.0,120.0,171.6,102.0,69.6
2025-12-18,6,2025-12-18T04:00:00Z,2025-12-18T05:00:00Z,97.42,97.42,77.39,41.05,41.05,132.0,250.3,115.4,134.9
2025-12-18,7,2025-12-18T05:00:00Z,2025-12-18T06:00:00Z,131.18,131.18,132.49,154.0,103.71,194.61,209.4,108.2,101.2
2025-12-18,8,2025-12-18T06:00:00Z,2025-12-18T07:00:00Z,166.81,166.81,165.54,173.0,151.88,200.0,182.2,84.3,97.9
2025-12-18,9,2025-12-18T07:00:00Z,2025-12-18T08:00:00Z,143.51,143.51,142.63,127.0,124.52,166.2,173.8,83.8,90.0
2025-12-18,10,2025-12-18T08:00:00Z,2025-12-18T09:00:00Z,133.67,133.67,131.38,115.16,113.16,149.81,302.4,145.4,157.0
2025-12-18,11,2025-12-18T09:00:00Z,2025-12-18T10:00:00Z,117.06,117.06,116.02,80.0,74.27,131.18,329.7,155.8,173.9
2025-12-18,12,2025-12-18T10:00:00Z,2025-12-18T11:00:00Z,110.39,110.39,107.94,106.0,84.08,123.81,324.0,147.6,176.4
2025-12-18,13,2025-12-18T11:00:00Z,2025-12-18T12:00:00Z,109.09,109.09,108.81,81.53,81.53,121.69,289.9,141.1,148.8
2025-12-18,14,2025-12-18T12:00:00Z,2025-12-18T13:00:00Z,105.93,105.93,103.53,91.86,86.79,122.82,256.0,126.4,129.6
2025-12-18,15,2025-12-18T13:00:00Z,2025-12-18T14:00:00Z,110.83,110.83,107.43,110.0,87.01,132.49,479.8,215.5,264.3
2025-12-18,16,2025-12-18T14:00:00Z,2025-12-18T15:00:00Z,132.83,132.83,128.13,100.0,87.53,179.5,418.1,222.5,195.6
2025-12-18,17,2025-12-18T15:00:00Z,2025-12-18T16:00:00Z,130.01,130.01,126.8,89.0,85.0,191.2,411.9,201.2,210.7
2025-12-18,18,2025-12-18T16:00:00Z,2025-12-18T17:00:00Z,115.83,115.83,117.39,110.0,78.79,175.13,204.6,102.9,101.7
2025-12-18,19,2025-12-18T17:00:00Z,2025-12-18T18:00:00Z,128.79,128.79,125.55,115.0,100.0,154.98,200.0,108.8,91.2
2025-12-18,20,2025-12-18T18:00:00Z,2025-12-18T19:00:00Z,116.29,116.29,109.56,124.63,76.21,137.11,128.0,86.8,41.2
2025-12-18,21,2025-12-18T19:00:00Z,2025-12-18T20:00:00Z,118.46,118.46,124.59,100.0,82.2,176.25,198.4,129.2,69.2
2025-12-18,22,2025-12-18T20:00:00Z,2025-12-18T21:00:00Z,104.46,104.46,98.1,69.69,69.69,187.97,207.2,98.1,109.1
2025-12-18,23,2025-12-18T21:00:00Z,2025-12-18T22:00:00Z,87.32,87.32,87.22,99.0,71.9,120.4,205.7,89.7,116.0
2025-12-18,24,2025-12-18T22:00:00Z,2025-12-18T23:00:00Z,41.73,41.73,39.04,21.5,21.5,77.99,341.0,206.0,135.0
2025-12-19,1,2025-12-18T23:00:00Z,2025-12-19T00:00:00Z,64.46,64.46,61.88,52.01,40.01,108.95,64.3,61.7,2.6
2025-12-19,2,2025-12-19T00:00:00Z,2025-12-19T01:00:00Z,72.17,72.17,75.7,78.98,45.0,108.47,100.9,90.2,10.7
2025-12-19,3,2025-12-19T01:00:00Z,2025-12-19T02:00:00Z,62.97,62.97,61.78,39.13,30.11,96.74,111.6,105.7,5.9
2025-12-19,4,2025-12-19T02:00:00Z,2025-12-19T03:00:00Z,63.57,63.57,64.37,50.05,48.7,95.29,148.1,124.3,23.8
2025-12-19,5,2025-12-19T03:00:00Z,2025-12-19T04:00:00Z,65.13,65.13,67.85,65.1,58.0,98.69,126.8,124.2,2.6
2025-12-19,6,2025-12-19T04:00:00Z,2025-12-19T05:00:00Z,71.85,71.85,67.23,30.13,19.0,112.95,113.5,103.4,10.1
2025-12-19,7,2025-12-19T05:00:00Z,2025-12-19T06:00:00Z,100.33,100.33,100.15,116.99,80.0,139.24,98.8,61.8,37.0
2025-12-19,8,2025-12-19T06:00:00Z,2025-12-19T07:00:00Z,106.46,106.46,104.25,91.0,87.61,148.86,225.8,129.6,96.2
2025-12-19,9,2025-12-19T07:00:00Z,2025-12-19T08:00:00Z,109.34,109.34,114.3,91.71,86.1,138.7,256.2,169.4,86.8
2025-12-19,10,2025-12-19T08:00:00Z,2025-12-19T09:00:00Z,106.37,106.37,103.8,80.0,69.88,127.98,256.6,143.8,112.8
2025-12-19,11,2025-12-19T09:00:00Z,2025-12-19T10:00:00Z,100.03,100.03,95.64,50.0,50.0,123.14,242.7,125.5,117.2
2025-12-19,12,2025-12-19T10:00:00Z,2025-12-19T11:00:00Z,90.2,90.2,74.02,2.0,2.0,115.25,178.7,126.6,52.1
2025-12-19,13,2025-12-19T11:00:00Z,2025-12-19T12:00:00Z,91.77,91.77,88.93,84.15,47.54,110.0,200.9,79.5,121.4
2025-12-19,14,2025-12-19T12:00:00Z,2025-12-19T13:00:00Z,92.18,92.18,92.87,84.88,1.02,118.42,317.7,108.7,209.0
2025-12-19,15,2025-12-19T13:00:00Z,2025-12-19T14:00:00Z,97.99,97.99,97.27,20.03,20.03,134.36,225.6,75.1,150.5
2025-12-19,16,2025-12-19T14:00:00Z,2025-12-19T15:00:00Z,101.83,101.83,97.98,84.11,66.43,125.17,294.3,79.5,214.8
2025-12-19,17,2025-12-19T15:00:00Z,2025-12-19T16:00:00Z,118.27,118.27,116.82,101.0,97.5,136.75,416.3,113.3,303.0
2025-12-19,18,2025-12-19T16:00:00Z,2025-12-19T17:00:00Z,110.03,110.03,110.12,60.0,60.0,133.43,405.7,98.2,307.5
2025-12-19,19,2025-12-19T17:00:00Z,2025-12-19T18:00:00Z,114.08,114.08,115.4,120.22,102.65,132.9,286.9,70.2,216.7
2025-12-19,20,2025-12-19T18:00:00Z,2025-12-19T19:00:00Z,103.02,103.02,102.49,91.69,90.0,118.65,211.6,51.7,159.9
2025-12-19,21,2025-12-19T19:00:00Z,2025-12-19T20:00:00Z,103.09,103.09,102.74,102.67,93.46,121.88,234.9,85.8,149.1
2025-12-19,22,2025-12-19T20:00:00Z,2025-12-19T21:00:00Z,48.0,48.0,49.36,49.95,14.06,79.92,98.0,49.0,49.0
2025-12-19,23,2025-12-19T21:00:00Z,2025-12-19T22:00:00Z,97.45,97.45,93.82,76.13,76.13,111.32,218.9,87.5,131.4
2025-12-19,24,2025-12-19T22:00:00Z,2025-12-19T23:00:00Z,94.39,94.39,94.68,90.0,88.69,107.98,120.8,10.4,110.4
2025-12-20,1,2025-12-19T23:00:00Z,2025-12-20T00:00:00Z,88.25,88.25,86.81,89.82,1.0,92.0,85.0,69.6,15.4
2025-12-20,2,2025-12-20T00:00:00Z,2025-12-20T01:00:00Z,86.22,86.22,86.35,85.99,85.2,92.0,120.6,70.2,50.4
2025-12-20,3,2025-12-20T01:00:00Z,2025-12-20T02:00:00Z,87.25,87.25,87.36,90.63,86.1,93.23,108.6,72.2,36.4
2025-12-20,4,2025-12-20T02:00:00Z,2025-12-20T03:00:00Z,88.36,88.36,88.34,89.46,86.47,93.34,90.7,63.2,27.5
2025-12-20,5,2025-12-20T03:00:00Z,2025-12-20T04:00:00Z,89.4,89.4,89.92,92.5,87.67,93.5,86.0,60.0,26.0
2025-12-20,6,2025-12-20T04:00:00Z,2025-12-20T05:00:00Z,93.53,93.53,93.35,96.09,90.9,96.67,94.3,65.4,28.9
2025-12-20,7,2025-12-20T05:00:00Z,2025-12-20T06:00:00Z,98.86,98.86,98.43,95.71,95.01,101.52,101.3,65.4,35.9
2025-12-20,8,2025-12-20T06:00:00Z,2025-12-20T07:00:00Z,103.96,103.96,103.0,103.03,51.75,106.01,84.4,51.0,33.4
2025-12-20,9,2025-12-20T07:00:00Z,2025-12-20T08:00:00Z,113.96,113.96,113.71,118.13,109.71,118.13,88.3,52.1,36.2
2025-12-20,10,2025-12-20T08:00:00Z,2025-12-20T09:00:00Z,117.85,117.85,117.66,108.02,108.02,121.01,130.1,79.8,50.3
2025-12-20,11,2025-12-20T09:00:00Z,2025-12-20T10:00:00Z,117.29,117.29,117.26,117.8,112.0,118.37,133.2,81.9,51.3
2025-12-20,12,2025-12-20T10:00:00Z,2025-12-20T11:00:00Z,119.28,119.28,118.39,124.0,112.11,128.0,138.3,76.8,61.5
2025-12-20,13,2025-12-20T11:00:00Z,2025-12-20T12:00:00Z,117.19,117.19,117.37,115.0,113.88,120.0,120.5,66.9,53.6
2025-12-20,14,2025-12-20T12:00:00Z,2025-12-20T13:00:00Z,121.99,121.99,122.72,129.99,117.49,130.0,75.7,26.7,49.0
2025-12-20,15,2025-12-20T13:00:00Z,2025-12-20T14:00:00Z,127.69,127.69,129.28,198.98,120.0,198.98,120.9,74.9,46.0
2025-12-20,16,2025-12-20T14:00:00Z,2025-12-20T15:00:00Z,123.88,123.88,124.68,132.77,72.0,132.77,114.8,52.2,62.6
2025-12-20,17,2025-12-20T15:00:00Z,2025-12-20T16:00:00Z,132.72,132.72,132.03,139.98,127.01,139.98,179.7,107.0,72.7
2025-12-20,18,2025-12-20T16:00:00Z,2025-12-20T17:00:00Z,128.07,128.07,128.45,129.0,126.54,131.57,201.9,51.1,150.8
2025-12-20,19,2025-12-20T17:00:00Z,2025-12-20T18:00:00Z,125.66,125.66,124.76,120.0,120.0,128.01,72.9,42.0,30.9
2025-12-20,20,2025-12-20T18:00:00Z,2025-12-20T19:00:00Z,123.99,123.99,123.22,139.95,113.35,139.95,221.5,131.1,90.4
2025-12-20,21,2025-12-20T19:00:00Z,2025-12-20T20:00:00Z,116.29,116.29,116.71,123.86,111.34,123.86,201.6,117.9,83.7
2025-12-20,22,2025-12-20T20:00:00Z,2025-12-20T21:00:00Z,106.07,106.07,106.71,103.89,102.25,110.3,144.6,95.4,49.2
2025-12-20,23,2025-12-20T21:00:00Z,2025-12-20T22:00:00Z,107.16,107.16,106.11,101.63,101.0,112.0,105.2,66.1,39.1
2025-12-20,24,2025-12-20T22:00:00Z,2025-12-20T23:00:00Z,99.58,99.58,99.58,100.95,96.01,102.53,107.7,63.0,44.7
2025-12-21,1,2025-12-20T23:00:00Z,2025-12-21T00:00:00Z,85.87,85.87,86.85,105.0,75.41,108.16,159.4,81.6,77.8
2025-12-21,2,2025-12-21T00:00:00Z,2025-12-21T01:00:00Z,81.83,81.83,89.09,103.86,73.89,103.89,144.6,76.8,67.8
2025-12-21,3,2025-12-21T01:00:00Z,2025-12-21T02:00:00Z,79.16,79.16,84.3,90.0,71.41,100.0,151.0,84.0,67.0
2025-12-21,4,2025-12-21T02:00:00Z,2025-12-21T03:00:00Z,78.66,78.66,85.82,96.41,70.47,101.06,148.1,72.5,75.6
2025-12-21,5,2025-12-21T03:00:00Z,2025-12-21T04:00:00Z,79.36,79.36,86.39,92.02,73.11,100.0,140.2,68.4,71.8
2025-12-21,6,2025-12-21T04:00:00Z,2025-12-21T05:00:00Z,80.55,80.55,85.76,92.0,74.14,100.13,142.7,61.1,81.6
2025-12-21,7,2025-12-21T05:00:00Z,2025-12-21T06:00:00Z,95.89,95.89,94.93,89.49,87.68,102.09,82.5,42.0,40.5
2025-12-21,8,2025-12-21T06:00:00Z,2025-12-21T07:00:00Z,108.73,108.73,109.35,122.12,103.34,122.12,33.3,11.0,22.3
2025-12-21,9,2025-12-21T07:00:00Z,2025-12-21T08:00:00Z,116.38,116.38,116.03,110.11,109.59,124.0,60.1,30.1,30.0
2025-12-21,10,2025-12-21T08:00:00Z,2025-12-21T09:00:00Z,119.26,119.26,119.67,125.02,110.53,125.02,88.2,49.0,39.2
2025-12-21,11,2025-12-21T09:00:00Z,2025-12-21T10:00:00Z,130.19,130.19,131.57,168.99,111.52,174.28,167.8,39.3,128.5
2025-12-21,12,2025-12-21T10:00:00Z,2025-12-21T11:00:00Z,137.72,137.72,137.13,140.28,114.64,149.89,331.7,57.8,273.9
2025-12-21,13,2025-12-21T11:00:00Z,2025-12-21T12:00:00Z,140.21,140.21,139.93,120.01,110.0,158.29,346.6,60.5,286.1
2025-12-21,14,2025-12-21T12:00:00Z,2025-12-21T13:00:00Z,137.21,137.21,138.46,147.98,115.24,156.01,280.1,59.2,220.9
2025-12-21,15,2025-12-21T13:00:00Z,2025-12-21T14:00:00Z,130.35,130.35,139.68,143.17,106.01,154.33,321.0,160.6,160.4
2025-12-21,16,2025-12-21T14:00:00Z,2025-12-21T15:00:00Z,135.56,135.56,136.67,188.98,120.0,188.98,199.2,86.5,112.7
2025-12-21,17,2025-12-21T15:00:00Z,2025-12-21T16:00:00Z,111.85,111.85,113.51,115.0,101.55,131.28,342.3,186.0,156.3
2025-12-21,18,2025-12-21T16:00:00Z,2025-12-21T17:00:00Z,115.65,115.65,118.26,114.99,103.0,131.03,259.6,168.3,91.3
2025-12-21,19,2025-12-21T17:00:00Z,2025-12-21T18:00:00Z,103.14,103.14,109.89,86.51,86.51,134.54,197.5,113.4,84.1
2025-12-21,20,2025-12-21T18:00:00Z,2025-12-21T19:00:00Z,103.8,103.8,109.86,84.55,84.55,134.33,217.6,138.7,78.9
2025-12-21,21,2025-12-21T19:00:00Z,2025-12-21T20:00:00Z,114.51,114.51,115.48,125.88,103.23,125.88,150.5,113.0,37.5
2025-12-21,22,2025-12-21T20:00:00Z,2025-12-21T21:00:00Z,104.2,104.2,104.89,100.0,98.13,118.79,207.1,126.0,81.1
2025-12-21,23,2025-12-21T21:00:00Z,2025-12-21T22:00:00Z,110.67,110.67,111.85,122.0,105.5,122.0,204.9,108.1,96.8
2025-12-21,24,2025-12-21T22:00:00Z,2025-12-21T23:00:00Z,95.4,95.4,95.41,95.8,90.0,109.78,210.3,93.6,116.7
2025-12-22,1,2025-12-21T23:00:00Z,2025-12-22T00:00:00Z,85.82,85.82,85.38,89.0,80.61,94.02,50.1,29.2,20.9
2025-12-22,2,2025-12-22T00:00:00Z,2025-12-22T01:00:00Z,83.89,83.89,84.85,78.21,78.16,92.92,36.5,30.8,5.7
2025-12-22,3,2025-12-22T01:00:00Z,2025-12-22T02:00:00Z,81.89,81.89,82.02,80.08,78.0,92.38,69.9,56.2,13.7
2025-12-22,4,2025-12-22T02:00:00Z,2025-12-22T03:00:00Z,80.63,80.63,81.13,78.13,78.0,89.4,37.2,31.9,5.3
2025-12-22,5,2025-12-22T03:00:00Z,2025-12-22T04:00:00Z,82.38,82.38,82.44,79.38,76.71,90.95,51.6,44.2,7.4
2025-12-22,6,2025-12-22T04:00:00Z,2025-12-22T05:00:00Z,86.58,86.58,88.36,94.98,72.9,98.96,37.2,22.4,14.8
2025-12-22,7,2025-12-22T05:00:00Z,2025-12-22T06:00:00Z,94.57,94.57,94.33,96.38,74.5,101.0,37.2,25.7,11.5
2025-12-22,8,2025-12-22T06:00:00Z,2025-12-22T07:00:00Z,119.34,119.34,119.47,100.0,100.0,136.83,40.7,23.6,17.1
2025-12-22,9,2025-12-22T07:00:00Z,2025-12-22T08:00:00Z,100.81,100.81,86.63,60.0,44.09,137.5,89.5,35.9,53.6
2025-12-22,10,2025-12-22T08:00:00Z,2025-12-22T09:00:00Z,108.15,108.15,108.83,99.01,88.16,132.82,152.6,52.9,99.7
2025-12-22,11,2025-12-22T09:00:00Z,2025-12-22T10:00:00Z,96.71,96.71,91.1,53.0,53.0,131.97,167.7,72.3,95.4
2025-12-22,12,2025-12-22T10:00:00Z,2025-12-22T11:00:00Z,97.92,97.92,95.72,100.5,60.0,125.39,169.6,61.4,108.2
2025-12-22,13,2025-12-22T11:00:00Z,2025-12-22T12:00:00Z,103.14,103.14,102.28,90.1,89.0,130.84,177.0,66.0,111.0
2025-12-22,14,2025-12-22T12:00:00Z,2025-12-22T13:00:00Z,118.86,118.86,118.44,128.14,91.11,138.21,224.3,83.6,140.7
2025-12-22,15,2025-12-22T13:00:00Z,2025-12-22T14:00:00Z,111.6,111.6,110.45,110.0,95.5,136.7,221.5,80.8,140.7
2025-12-22,16,2025-12-22T14:00:00Z,2025-12-22T15:00:00Z,105.16,105.16,109.44,90.0,56.0,125.0,283.1,120.1,163.0
2025-12-22,17,2025-12-22T15:00:00Z,2025-12-22T16:00:00Z,117.41,117.41,118.79,115.39,102.35,140.0,148.2,75.2,73.0
2025-12-22,18,2025-12-22T16:00:00Z,2025-12-22T17:00:00Z,113.18,113.18,109.59,100.0,99.0,129.93,142.7,66.7,76.0
2025-12-22,19,2025-12-22T17:00:00Z,2025-12-22T18:00:00Z,119.94,119.94,118.3,110.0,107.12,142.0,185.2,90.1,95.1
2025-12-22,20,2025-12-22T18:00:00Z,2025-12-22T19:00:00Z,127.16,127.16,131.88,132.0,100.01,150.89,247.1,83.7,163.4
2025-12-22,21,2025-12-22T19:00:00Z,2025-12-22T20:00:00Z,109.22,109.22,109.68,101.56,101.55,120.0,139.2,70.9,68.3
2025-12-22,22,2025-12-22T20:00:00Z,2025-12-22T21:00:00Z,88.79,88.79,91.18,82.26,70.55,102.0,146.1,64.9,81.2
2025-12-22,23,2025-12-22T21:00:00Z,2025-12-22T22:00:00Z,62.26,62.26,84.5,89.51,5.23,98.25,137.9,68.6,69.3
2025-12-22,24,2025-12-22T22:00:00Z,2025-12-22T23:00:00Z,63.8,63.8,83.58,84.93,10.0,95.0,161.0,81.7,79.3
2025-12-23,1,2025-12-22T23:00:00Z,2025-12-23T00:00:00Z,80.1,80.1,79.64,84.09,77.15,85.2,34.5,25.5,9.0
2025-12-23,2,2025-12-23T00:00:00Z,2025-12-23T01:00:00Z,77.54,77.54,79.1,76.9,69.65,85.0,53.6,33.5,20.1
2025-12-23,3,2025-12-23T01:00:00Z,2025-12-23T02:00:00Z,77.52,77.52,80.29,76.0,76.0,88.13,29.2,20.0,9.2
2025-12-23,4,2025-12-23T02:00:00Z,2025-12-23T03:00:00Z,77.34,77.34,77.24,76.46,74.0,82.09,46.8,25.6,21.2
2025-12-23,5,2025-12-23T03:00:00Z,2025-12-23T04:00:00Z,75.78,75.78,73.93,81.76,69.6,83.71,34.1,21.3,12.8
2025-12-23,6,2025-12-23T04:00:00Z,2025-12-23T05:00:00Z,69.45,69.45,68.59,76.86,58.01,84.0,49.6,25.7,23.9
2025-12-23,7,2025-12-23T05:00:00Z,2025-12-23T06:00:00Z,84.8,84.8,86.45,95.86,77.4,96.36,22.4,16.2,6.2
2025-12-23,8,2025-12-23T06:00:00Z,2025-12-23T07:00:00Z,86.52,86.52,87.73,79.49,77.91,101.78,48.4,20.9,27.5
2025-12-23,9,2025-12-23T07:00:00Z,2025-12-23T08:00:00Z,86.48,86.48,81.11,35.0,35.0,123.15,107.0,46.8,60.2
2025-12-23,10,2025-12-23T08:00:00Z,2025-12-23T09:00:00Z,98.17,98.17,92.04,75.0,75.0,123.0,82.2,35.8,46.4
2025-12-23,11,2025-12-23T09:00:00Z,2025-12-23T10:00:00Z,110.47,110.47,109.38,115.0,87.53,123.0,222.5,66.0,156.5
2025-12-23,12,2025-12-23T10:00:00Z,2025-12-23T11:00:00Z,110.01,110.01,106.66,107.6,84.89,125.0,199.2,82.4,116.8
2025-12-23,13,2025-12-23T11:00:00Z,2025-12-23T12:00:00Z,107.46,107.46,107.62,84.6,84.6,130.06,173.6,84.2,89.4
2025-12-23,14,2025-12-23T12:00:00Z,2025-12-23T13:00:00Z,117.99,117.99,115.77,126.55,85.0,135.16,257.5,76.9,180.6
2025-12-23,15,2025-12-23T13:00:00Z,2025-12-23T14:00:00Z,113.94,113.94,111.6,120.0,94.23,124.99,188.8,82.2,106.6
2025-12-23,16,2025-12-23T14:00:00Z,2025-12-23T15:00:00Z,108.27,108.27,106.19,87.63,80.19,121.31,206.3,91.5,114.8
2025-12-23,17,2025-12-23T15:00:00Z,2025-12-23T16:00:00Z,86.12,86.12,90.88,108.71,60.01,111.98,151.4,76.6,74.8
2025-12-23,18,2025-12-23T16:00:00Z,2025-12-23T17:00:00Z,84.3,84.3,91.26,98.0,50.03,110.0,177.2,93.4,83.8
2025-12-23,19,2025-12-23T17:00:00Z,2025-12-23T18:00:00Z,107.46,107.46,105.92,149.0,88.51,149.0,176.0,73.9,102.1
2025-12-23,20,2025-12-23T18:00:00Z,2025-12-23T19:00:00Z,107.44,107.44,106.95,100.0,95.23,123.59,135.3,57.6,77.7
2025-12-23,21,2025-12-23T19:00:00Z,2025-12-23T20:00:00Z,97.25,97.25,96.74,83.03,80.01,108.54,217.4,115.3,102.1
2025-12-23,22,2025-12-23T20:00:00Z,2025-12-23T21:00:00Z,91.51,91.51,93.2,92.05,73.22,103.18,126.6,70.7,55.9
2025-12-23,23,2025-12-23T21:00:00Z,2025-12-23T22:00:00Z,92.68,92.68,92.11,86.0,71.98,106.59,205.2,117.9,87.3
2025-12-23,24,2025-12-23T22:00:00Z,2025-12-23T23:00:00Z,81.47,81.47,81.51,89.99,64.5,90.8,195.3,122.4,72.9
2025-12-24,1,2025-12-23T23:00:00Z,2025-12-24T00:00:00Z,86.47,86.47,85.24,89.15,74.3,95.0,30.0,13.8,16.2
2025-12-24,2,2025-12-24T00:00:00Z,2025-12-24T01:00:00Z,69.65,69.65,72.76,63.8,50.0,86.99,68.2,39.5,28.7
2025-12-24,3,2025-12-24T01:00:00Z,2025-12-24T02:00:00Z,60.94,60.94,60.94,69.99,50.22,88.62,76.6,48.4,28.2
2025-12-24,4,2025-12-24T02:00:00Z,2025-12-24T03:00:00Z,60.53,60.53,57.27,73.99,46.15,83.53,74.1,37.2,36.9
2025-12-24,5,2025-12-24T03:00:00Z,2025-12-24T04:00:00Z,60.5,60.5,58.79,50.41,47.85,79.84,68.5,28.8,39.7
2025-12-24,6,2025-12-24T04:00:00Z,2025-12-24T05:00:00Z,67.32,67.32,67.08,78.0,51.1,84.49,42.5,22.2,20.3
2025-12-24,7,2025-12-24T05:00:00Z,2025-12-24T06:00:00Z,85.73,85.73,78.97,65.0,52.68,97.87,51.4,23.6,27.8
2025-12-24,8,2025-12-24T06:00:00Z,2025-12-24T07:00:00Z,93.22,93.22,90.37,84.04,77.6,101.6,134.8,72.5,62.3
2025-12-24,9,2025-12-24T07:00:00Z,2025-12-24T08:00:00Z,97.7,97.7,97.77,90.11,88.0,110.0,113.0,76.3,36.7
2025-12-24,10,2025-12-24T08:00:00Z,2025-12-24T09:00:00Z,104.49,104.49,105.6,85.73,85.73,113.27,118.5,80.9,37.6
2025-12-24,11,2025-12-24T09:00:00Z,2025-12-24T10:00:00Z,108.28,108.28,106.74,98.6,80.47,115.94,163.0,83.5,79.5
2025-12-24,12,2025-12-24T10:00:00Z,2025-12-24T11:00:00Z,107.9,107.9,107.38,104.0,90.0,117.95,139.1,64.7,74.4
2025-12-24,13,2025-12-24T11:00:00Z,2025-12-24T12:00:00Z,97.87,97.87,100.42,104.78,70.6,115.05,186.6,90.8,95.8
2025-12-24,14,2025-12-24T12:00:00Z,2025-12-24T13:00:00Z,104.78,104.78,102.11,88.07,88.07,130.0,250.5,119.6,130.9
2025-12-24,15,2025-12-24T13:00:00Z,2025-12-24T14:00:00Z,106.02,106.02,105.57,109.0,94.75,119.0,136.5,67.8,68.7
2025-12-24,16,2025-12-24T14:00:00Z,2025-12-24T15:00:00Z,106.6,106.6,106.64,117.91,98.81,118.44,183.5,99.9,83.6
2025-12-24,17,2025-12-24T15:00:00Z,2025-12-24T16:00:00Z,112.51,112.51,115.58,113.02,107.0,138.09,318.6,232.1,86.5
2025-12-24,18,2025-12-24T16:00:00Z,2025-12-24T17:00:00Z,109.8,109.8,110.18,105.69,101.8,119.64,152.4,82.5,69.9
2025-12-24,19,2025-12-24T17:00:00Z,2025-12-24T18:00:00Z,100.7,100.7,100.31,96.02,90.0,109.0,177.0,81.3,95.7
2025-12-24,20,2025-12-24T18:00:00Z,2025-12-24T19:00:00Z,97.42,97.42,97.37,94.01,81.0,109.0,166.2,63.1,103.1
2025-12-24,21,2025-12-24T19:00:00Z,2025-12-24T20:00:00Z,88.7,88.7,89.58,90.0,78.0,96.0,141.1,45.6,95.5
2025-12-24,22,2025-12-24T20:00:00Z,2025-12-24T21:00:00Z,81.68,81.68,82.82,85.99,69.32,90.0,166.5,79.5,87.0
2025-12-24,23,2025-12-24T21:00:00Z,2025-12-24T22:00:00Z,79.75,79.75,78.15,70.0,70.0,86.16,188.8,77.3,111.5
2025-12-24,24,2025-12-24T22:00:00Z,2025-12-24T23:00:00Z,71.27,71.27,72.46,77.99,64.0,81.25,184.5,72.6,111.9
2025-12-25,1,2025-12-24T23:00:00Z,2025-12-25T00:00:00Z,62.82,62.82,64.8,76.0,56.42,87.0,130.0,65.2,64.8
2025-12-25,2,2025-12-25T00:00:00Z,2025-12-25T01:00:00Z,56.92,56.92,58.03,64.6,52.92,83.55,136.4,65.6,70.8
2025-12-25,3,2025-12-25T01:00:00Z,2025-12-25T02:00:00Z,94.52,94.52,84.4,75.79,58.6,103.51,135.7,74.2,61.5
2025-12-25,4,2025-12-25T02:00:00Z,2025-12-25T03:00:00Z,87.74,87.74,78.82,75.0,57.04,106.11,197.2,114.3,82.9
2025-12-25,5,2025-12-25T03:00:00Z,2025-12-25T04:00:00Z,89.37,89.37,81.82,62.32,54.0,104.19,159.9,85.5,74.4
2025-12-25,6,2025-12-25T04:00:00Z,2025-12-25T05:00:00Z,95.39,95.39,85.98,60.0,60.0,107.89,150.7,77.4,73.3
2025-12-25,7,2025-12-25T05:00:00Z,2025-12-25T06:00:00Z,87.79,87.79,83.4,70.16,63.0,103.44,183.6,80.7,102.9
2025-12-25,8,2025-12-25T06:00:00Z,2025-12-25T07:00:00Z,91.36,91.36,90.2,82.39,67.1,108.94,209.4,101.7,107.7
2025-12-25,9,2025-12-25T07:00:00Z,2025-12-25T08:00:00Z,100.71,100.71,98.56,101.19,78.31,106.77,170.2,89.1,81.1
2025-12-25,10,2025-12-25T08:00:00Z,2025-12-25T09:00:00Z,100.5,100.5,96.0,91.01,83.66,108.71,177.5,98.1,79.4
2025-12-25,11,2025-12-25T09:00:00Z,2025-12-25T10:00:00Z,79.26,79.26,82.65,95.69,68.96,95.69,149.1,87.4,61.7
2025-12-25,12,2025-12-25T10:00:00Z,2025-12-25T11:00:00Z,79.11,79.11,78.91,100.35,49.64,102.5,196.9,118.5,78.4
2025-12-25,13,2025-12-25T11:00:00Z,2025-12-25T12:00:00Z,76.03,76.03,81.6,79.0,45.58,94.08,266.0,150.7,115.3
2025-12-25,14,2025-12-25T12:00:00Z,2025-12-25T13:00:00Z,70.82,70.82,75.17,79.21,43.48,90.9,174.4,92.1,82.3
2025-12-25,15,2025-12-25T13:00:00Z,2025-12-25T14:00:00Z,89.85,89.85,91.69,94.01,80.87,101.0,159.7,86.9,72.8
2025-12-25,16,2025-12-25T14:00:00Z,2025-12-25T15:00:00Z,105.08,105.08,105.32,109.89,99.0,110.74,155.5,84.0,71.5
2025-12-25,17,2025-12-25T15:00:00Z,2025-12-25T16:00:00Z,113.49,113.49,112.65,118.0,107.29,118.0,94.4,61.3,33.1
2025-12-25,18,2025-12-25T16:00:00Z,2025-12-25T17:00:00Z,117.67,117.67,115.48,114.69,108.12,122.3,88.3,55.1,33.2
2025-12-25,19,2025-12-25T17:00:00Z,2025-12-25T18:00:00Z,112.12,112.12,111.94,111.11,109.02,118.62,100.6,52.5,48.1
2025-12-25,20,2025-12-25T18:00:00Z,2025-12-25T19:00:00Z,112.07,112.07,112.69,105.13,105.07,119.55,118.4,63.4,55.0
2025-12-25,21,2025-12-25T19:00:00Z,2025-12-25T20:00:00Z,107.04,107.04,108.0,109.98,94.38,114.99,176.8,85.9,90.9
2025-12-25,22,2025-12-25T20:00:00Z,2025-12-25T21:00:00Z,108.98,108.98,109.26,115.9,95.59,115.9,81.4,65.1,16.3
2025-12-25,23,2025-12-25T21:00:00Z,2025-12-25T22:00:00Z,106.46,106.46,103.27,112.0,94.32,113.2,94.7,67.0,27.7
2025-12-25,24,2025-12-25T22:00:00Z,2025-12-25T23:00:00Z,102.18,102.18,100.34,101.11,92.45,108.48,89.4,68.4,21.0
2025-12-26,1,2025-12-25T23:00:00Z,2025-12-26T00:00:00Z,97.98,97.98,97.06,94.84,92.77,115.0,164.4,109.1,55.3
2025-12-26,2,2025-12-26T00:00:00Z,2025-12-26T01:00:00Z,94.1,94.1,94.28,95.46,91.88,110.0,159.0,103.0,56.0
2025-12-26,3,2025-12-26T01:00:00Z,2025-12-26T02:00:00Z,87.38,87.38,87.81,88.87,86.84,95.4,80.2,76.0,4.2
2025-12-26,4,2025-12-26T02:00:00Z,2025-12-26T03:00:00Z,86.7,86.7,86.87,84.6,84.6,90.79,97.4,72.5,24.9
2025-12-26,5,2025-12-26T03:00:00Z,2025-12-26T04:00:00Z,89.52,89.52,88.97,90.6,85.4,100.0,103.0,70.9,32.1
2025-12-26,6,2025-12-26T04:00:00Z,2025-12-26T05:00:00Z,90.05,90.05,90.12,82.99,82.99,95.0,84.5,73.1,11.4
2025-12-26,7,2025-12-26T05:00:00Z,2025-12-26T06:00:00Z,91.25,91.25,90.17,80.0,80.0,93.0,168.4,69.7,98.7
2025-12-26,8,2025-12-26T06:00:00Z,2025-12-26T07:00:00Z,96.81,96.81,96.42,88.32,88.32,109.72,228.4,115.7,112.7
2025-12-26,9,2025-12-26T07:00:00Z,2025-12-26T08:00:00Z,103.43,103.43,103.92,106.9,97.7,109.95,152.7,83.5,69.2
2025-12-26,10,2025-12-26T08:00:00Z,2025-12-26T09:00:00Z,103.85,103.85,103.03,105.0,96.72,106.0,213.8,71.6,142.2
2025-12-26,11,2025-12-26T09:00:00Z,2025-12-26T10:00:00Z,95.97,95.97,95.8,93.25,89.26,99.47,221.7,71.3,150.4
2025-12-26,12,2025-12-26T10:00:00Z,2025-12-26T11:00:00Z,92.44,92.44,92.71,92.45,86.35,96.01,278.0,86.0,192.0
2025-12-26,13,2025-12-26T11:00:00Z,2025-12-26T12:00:00Z,89.89,89.89,88.06,80.96,80.96,98.0,345.7,113.8,231.9
2025-12-26,14,2025-12-26T12:00:00Z,2025-12-26T13:00:00Z,92.86,92.86,89.5,83.0,81.8,105.21,319.4,99.3,220.1
2025-12-26,15,2025-12-26T13:00:00Z,2025-12-26T14:00:00Z,97.6,97.6,97.24,94.42,91.78,103.57,228.2,73.7,154.5
2025-12-26,16,2025-12-26T14:00:00Z,2025-12-26T15:00:00Z,114.99,114.99,114.47,118.05,108.56,122.8,139.4,69.5,69.9
2025-12-26,17,2025-12-26T15:00:00Z,2025-12-26T16:00:00Z,116.57,116.57,115.81,99.0,99.0,123.28,179.0,91.9,87.1
2025-12-26,18,2025-12-26T16:00:00Z,2025-12-26T17:00:00Z,117.33,117.33,117.46,114.67,114.67,121.04,86.2,45.7,40.5
2025-12-26,19,2025-12-26T17:00:00Z,2025-12-26T18:00:00Z,115.42,115.42,115.34,117.5,112.4,120.28,127.8,58.5,69.3
2025-12-26,20,2025-12-26T18:00:00Z,2025-12-26T19:00:00Z,115.13,115.13,115.44,114.81,112.74,120.0,121.2,47.4,73.8
2025-12-26,21,2025-12-26T19:00:00Z,2025-12-26T20:00:00Z,115.29,115.29,114.52,114.72,110.4,117.89,113.8,57.7,56.1
2025-12-26,22,2025-12-26T20:00:00Z,2025-12-26T21:00:00Z,112.36,112.36,111.0,112.5,108.01,115.48,44.4,14.8,29.6
2025-12-26,23,2025-12-26T21:00:00Z,2025-12-26T22:00:00Z,107.27,107.27,108.07,110.0,103.33,113.08,47.4,11.5,35.9
2025-12-26,24,2025-12-26T22:00:00Z,2025-12-26T23:00:00Z,96.29,96.29,96.27,96.61,93.56,98.95,92.6,56.0,36.6
2025-12-27,1,2025-12-26T23:00:00Z,2025-12-27T00:00:00Z,92.62,92.62,92.62,91.11,90.74,97.2,141.1,71.2,69.9
2025-12-27,2,2025-12-27T00:00:00Z,2025-12-27T01:00:00Z,91.23,91.23,91.23,86.39,86.39,93.6,125.1,62.1,63.0
2025-12-27,3,2025-12-27T01:00:00Z,2025-12-27T02:00:00Z,86.46,86.46,85.92,81.04,81.04,89.05,145.6,58.5,87.1
2025-12-27,4,2025-12-27T02:00:00Z,2025-12-27T03:00:00Z,84.06,84.06,83.27,78.1,77.5,87.15,163.2,64.6,98.6
2025-12-27,5,2025-12-27T03:00:00Z,2025-12-27T04:00:00Z,83.31,83.31,82.71,78.74,76.73,85.2,154.8,57.4,97.4
2025-12-27,6,2025-12-27T04:00:00Z,2025-12-27T05:00:00Z,84.47,84.47,83.83,76.23,76.23,87.52,149.0,55.5,93.5
2025-12-27,7,2025-12-27T05:00:00Z,2025-12-27T06:00:00Z,88.14,88.14,86.27,76.9,76.9,94.0,128.1,80.2,47.9
2025-12-27,8,2025-12-27T06:00:00Z,2025-12-27T07:00:00Z,96.94,96.94,95.66,89.01,87.08,114.0,150.1,105.0,45.1
2025-12-27,9,2025-12-27T07:00:00Z,2025-12-27T08:00:00Z,101.21,101.21,97.27,85.0,85.0,119.6,144.7,83.7,61.0
2025-12-27,10,2025-12-27T08:00:00Z,2025-12-27T09:00:00Z,92.01,92.01,88.98,78.51,78.51,106.3,129.5,70.5,59.0
2025-12-27,11,2025-12-27T09:00:00Z,2025-12-27T10:00:00Z,78.77,78.77,78.95,77.7,74.11,90.17,134.1,59.9,74.2
2025-12-27,12,2025-12-27T10:00:00Z,2025-12-27T11:00:00Z,74.79,74.79,73.88,71.69,70.5,95.82,187.2,71.7,115.5
2025-12-27,13,2025-12-27T11:00:00Z,2025-12-27T12:00:00Z,73.47,73.47,71.79,68.12,67.09,105.34,230.8,98.1,132.7
2025-12-27,14,2025-12-27T12:00:00Z,2025-12-27T13:00:00Z,71.14,71.14,70.59,59.43,57.47,97.17,222.7,84.6,138.1
2025-12-27,15,2025-12-27T13:00:00Z,2025-12-27T14:00:00Z,84.33,84.33,82.78,67.22,67.21,107.31,178.0,51.6,126.4
2025-12-27,16,2025-12-27T14:00:00Z,2025-12-27T15:00:00Z,104.88,104.88,101.04,95.01,90.43,135.21,99.2,26.2,73.0
2025-12-27,17,2025-12-27T15:00:00Z,2025-12-27T16:00:00Z,113.82,113.82,110.78,107.54,103.54,137.43,165.5,76.8,88.7
2025-12-27,18,2025-12-27T16:00:00Z,2025-12-27T17:00:00Z,110.15,110.15,109.74,109.56,107.0,117.28,145.9,68.6,77.3
2025-12-27,19,2025-12-27T17:00:00Z,2025-12-27T18:00:00Z,113.24,113.24,111.94,110.0,104.65,125.0,137.3,72.3,65.0
2025-12-27,20,2025-12-27T18:00:00Z,2025-12-27T19:00:00Z,125.1,125.1,124.52,115.0,103.88,150.21,143.9,51.9,92.0
2025-12-27,21,2025-12-27T19:00:00Z,2025-12-27T20:00:00Z,106.02,106.02,110.75,124.92,95.91,124.92,115.8,46.6,69.2
2025-12-27,22,2025-12-27T20:00:00Z,2025-12-27T21:00:00Z,102.41,102.41,106.4,106.19,93.62,110.0,110.4,39.7,70.7
2025-12-27,23,2025-12-27T21:00:00Z,2025-12-27T22:00:00Z,96.39,96.39,96.61,98.01,91.2,110.0,139.5,78.4,61.1
2025-12-27,24,2025-12-27T22:00:00Z,2025-12-27T23:00:00Z,89.09,89.09,89.96,90.91,85.97,103.24,178.9,93.1,85.8
2025-12-28,1,2025-12-27T23:00:00Z,2025-12-28T00:00:00Z,100.05,100.05,99.84,102.0,93.62,102.0,69.1,19.1,50.0
2025-12-28,2,2025-12-28T00:00:00Z,2025-12-28T01:00:00Z,91.27,91.27,90.46,84.79,84.79,96.57,85.8,30.7,55.1
2025-12-28,3,2025-12-28T01:00:00Z,2025-12-28T02:00:00Z,84.1,84.1,84.77,76.11,76.11,87.0,70.1,23.8,46.3
2025-12-28,4,2025-12-28T02:00:00Z,2025-12-28T03:00:00Z,83.56,83.56,83.63,82.6,77.87,87.79,65.0,18.6,46.4
2025-12-28,5,2025-12-28T03:00:00Z,2025-12-28T04:00:00Z,84.24,84.24,84.16,81.99,81.99,85.33,55.4,12.0,43.4
2025-12-28,6,2025-12-28T04:00:00Z,2025-12-28T05:00:00Z,94.64,94.64,92.61,87.0,79.24,107.0,258.8,126.2,132.6
2025-12-28,7,2025-12-28T05:00:00Z,2025-12-28T06:00:00Z,88.57,88.57,89.67,84.01,84.01,91.29,90.3,40.3,50.0
2025-12-28,8,2025-12-28T06:00:00Z,2025-12-28T07:00:00Z,103.11,103.11,101.13,98.29,93.55,117.0,232.8,109.7,123.1
2025-12-28,9,2025-12-28T07:00:00Z,2025-12-28T08:00:00Z,102.54,102.54,102.41,112.28,100.5,112.28,164.2,67.9,96.3
2025-12-28,10,2025-12-28T08:00:00Z,2025-12-28T09:00:00Z,95.79,95.79,94.61,106.0,86.16,106.0,142.5,64.4,78.1
2025-12-28,11,2025-12-28T09:00:00Z,2025-12-28T10:00:00Z,93.35,93.35,93.12,89.87,81.94,98.21,173.2,108.1,65.1
2025-12-28,12,2025-12-28T10:00:00Z,2025-12-28T11:00:00Z,83.2,83.2,82.93,80.03,75.25,89.64,200.3,87.5,112.8
2025-12-28,13,2025-12-28T11:00:00Z,2025-12-28T12:00:00Z,76.2,76.2,76.47,73.7,72.0,85.13,524.4,441.2,83.2
2025-12-28,14,2025-12-28T12:00:00Z,2025-12-28T13:00:00Z,77.53,77.53,77.3,73.02,73.0,94.33,595.7,492.1,103.6
2025-12-28,15,2025-12-28T13:00:00Z,2025-12-28T14:00:00Z,90.22,90.22,89.57,91.94,85.14,98.45,230.1,156.5,73.6
2025-12-28,16,2025-12-28T14:00:00Z,2025-12-28T15:00:00Z,107.64,107.64,107.81,110.02,102.43,112.04,178.5,79.6,98.9
2025-12-28,17,2025-12-28T15:00:00Z,2025-12-28T16:00:00Z,116.54,116.54,116.33,110.07,109.51,127.62,221.1,123.7,97.4
2025-12-28,18,2025-12-28T16:00:00Z,2025-12-28T17:00:00Z,118.37,118.37,117.39,113.93,109.26,129.92,430.6,213.6,217.0
2025-12-28,19,2025-12-28T17:00:00Z,2025-12-28T18:00:00Z,115.18,115.18,114.75,86.58,86.58,128.23,262.9,139.6,123.3
2025-12-28,20,2025-12-28T18:00:00Z,2025-12-28T19:00:00Z,111.52,111.52,110.61,102.48,101.92,123.39,251.5,139.9,111.6
2025-12-28,21,2025-12-28T19:00:00Z,2025-12-28T20:00:00Z,105.51,105.51,105.66,115.0,97.01,116.1,170.8,80.1,90.7
2025-12-28,22,2025-12-28T20:00:00Z,2025-12-28T21:00:00Z,99.22,99.22,97.4,91.22,90.0,108.86,101.1,32.6,68.5
2025-12-28,23,2025-12-28T21:00:00Z,2025-12-28T22:00:00Z,96.35,96.35,95.94,95.99,88.9,106.29,116.7,47.1,69.6
2025-12-28,24,2025-12-28T22:00:00Z,2025-12-28T23:00:00Z,89.82,89.82,89.62,86.0,83.31,96.05,99.1,49.8,49.3
2025-12-29,1,2025-12-28T23:00:00Z,2025-12-29T00:00:00Z,89.76,89.76,89.41,86.0,85.97,91.8,34.3,28.8,5.5
2025-12-29,2,2025-12-29T00:00:00Z,2025-12-29T01:00:00Z,85.79,85.79,85.54,88.43,83.6,88.43,41.1,18.9,22.2
2025-12-29,3,2025-12-29T01:00:00Z,2025-12-29T02:00:00Z,83.33,83.33,84.97,84.0,82.01,91.34,33.9,28.5,5.4
2025-12-29,4,2025-12-29T02:00:00Z,2025-12-29T03:00:00Z,80.77,80.77,80.38,78.8,76.96,83.24,25.6,20.8,4.8
2025-12-29,5,2025-12-29T03:00:00Z,2025-12-29T04:00:00Z,82.13,82.13,82.21,82.53,78.24,89.02,22.7,14.3,8.4
2025-12-29,6,2025-12-29T04:00:00Z,2025-12-29T05:00:00Z,84.9,84.9,84.69,90.78,78.27,90.78,36.2,30.6,5.6
2025-12-29,7,2025-12-29T05:00:00Z,2025-12-29T06:00:00Z,93.4,93.4,92.07,78.73,78.62,108.53,73.5,33.7,39.8
2025-12-29,8,2025-12-29T06:00:00Z,2025-12-29T07:00:00Z,105.07,105.07,103.89,100.0,98.61,115.74,87.2,61.3,25.9
2025-12-29,9,2025-12-29T07:00:00Z,2025-12-29T08:00:00Z,105.94,105.94,104.11,99.77,97.5,114.0,24.2,14.6,9.6
2025-12-29,10,2025-12-29T08:00:00Z,2025-12-29T09:00:00Z,95.74,95.74,95.27,92.64,90.9,104.47,62.1,14.7,47.4
2025-12-29,11,2025-12-29T09:00:00Z,2025-12-29T10:00:00Z,91.21,91.21,91.53,97.0,86.16,97.95,96.4,22.0,74.4
2025-12-29,12,2025-12-29T10:00:00Z,2025-12-29T11:00:00Z,85.38,85.38,85.6,83.21,83.18,88.01,89.2,12.4,76.8
2025-12-29,13,2025-12-29T11:00:00Z,2025-12-29T12:00:00Z,81.38,81.38,81.23,77.99,76.6,85.02,146.6,36.7,109.9
2025-12-29,14,2025-12-29T12:00:00Z,2025-12-29T13:00:00Z,82.36,82.36,81.53,70.7,70.7,87.89,104.1,21.0,83.1
2025-12-29,15,2025-12-29T13:00:00Z,2025-12-29T14:00:00Z,92.89,92.89,92.42,93.0,84.32,100.0,168.7,46.7,122.0
2025-12-29,16,2025-12-29T14:00:00Z,2025-12-29T15:00:00Z,96.96,96.96,96.34,90.89,88.31,110.5,163.0,85.3,77.7
2025-12-29,17,2025-12-29T15:00:00Z,2025-12-29T16:00:00Z,103.09,103.09,101.74,99.0,92.89,128.78,295.7,157.2,138.5
2025-12-29,18,2025-12-29T16:00:00Z,2025-12-29T17:00:00Z,103.35,103.35,101.89,110.98,95.27,115.49,202.7,70.5,132.2
2025-12-29,19,2025-12-29T17:00:00Z,2025-12-29T18:00:00Z,104.35,104.35,103.25,103.8,97.0,116.84,233.4,110.6,122.8
2025-12-29,20,2025-12-29T18:00:00Z,2025-12-29T19:00:00Z,103.98,103.98,105.22,111.43,94.14,122.84,312.4,142.5,169.9
2025-12-29,21,2025-12-29T19:00:00Z,2025-12-29T20:00:00Z,95.35,95.35,95.63,88.12,88.12,101.99,143.4,85.9,57.5
2025-12-29,22,2025-12-29T20:00:00Z,2025-12-29T21:00:00Z,89.86,89.86,90.1,89.01,87.77,93.4,103.3,60.2,43.1
2025-12-29,23,2025-12-29T21:00:00Z,2025-12-29T22:00:00Z,80.29,80.29,85.43,70.0,70.0,101.63,141.7,83.0,58.7
2025-12-29,24,2025-12-29T22:00:00Z,2025-12-29T23:00:00Z,86.51,86.51,86.44,86.59,84.0,90.91,121.3,62.7,58.6
2025-12-30,1,2025-12-29T23:00:00Z,2025-12-30T00:00:00Z,88.22,88.22,88.61,90.6,84.58,94.0,106.8,47.8,59.0
2025-12-30,2,2025-12-30T00:00:00Z,2025-12-30T01:00:00Z,85.16,85.16,84.21,78.01,78.01,87.46,94.7,53.1,41.6
2025-12-30,3,2025-12-30T01:00:00Z,2025-12-30T02:00:00Z,86.34,86.34,86.28,88.69,85.0,88.69,52.6,29.7,22.9
2025-12-30,4,2025-12-30T02:00:00Z,2025-12-30T03:00:00Z,86.55,86.55,85.26,86.49,80.0,90.0,82.0,39.1,42.9
2025-12-30,5,2025-12-30T03:00:00Z,2025-12-30T04:00:00Z,85.14,85.14,84.52,81.4,78.11,89.67,64.5,35.0,29.5
2025-12-30,6,2025-12-30T04:00:00Z,2025-12-30T05:00:00Z,82.98,82.98,81.37,85.52,69.28,88.82,118.4,65.0,53.4
2025-12-30,7,2025-12-30T05:00:00Z,2025-12-30T06:00:00Z,89.17,89.17,88.02,81.37,81.37,94.05,60.2,40.5,19.7
2025-12-30,8,2025-12-30T06:00:00Z,2025-12-30T07:00:00Z,101.58,101.58,101.1,89.22,89.22,108.11,57.6,37.5,20.1
2025-12-30,9,2025-12-30T07:00:00Z,2025-12-30T08:00:00Z,97.42,97.42,97.22,86.0,84.1,105.2,72.7,31.9,40.8
2025-12-30,10,2025-12-30T08:00:00Z,2025-12-30T09:00:00Z,93.49,93.49,93.97,80.08,80.08,103.34,70.9,25.1,45.8
2025-12-30,11,2025-12-30T09:00:00Z,2025-12-30T10:00:00Z,87.89,87.89,86.14,97.27,70.0,100.51,154.6,53.9,100.7
2025-12-30,12,2025-12-30T10:00:00Z,2025-12-30T11:00:00Z,80.92,80.92,81.52,79.08,75.09,86.97,169.9,74.3,95.6
2025-12-30,13,2025-12-30T11:00:00Z,2025-12-30T12:00:00Z,74.53,74.53,75.25,55.02,55.02,83.97,107.1,38.4,68.7
2025-12-30,14,2025-12-30T12:00:00Z,2025-12-30T13:00:00Z,76.72,76.72,75.43,70.0,67.0,84.16,137.9,29.1,108.8
2025-12-30,15,2025-12-30T13:00:00Z,2025-12-30T14:00:00Z,88.1,88.1,89.81,55.0,55.0,96.0,164.0,31.0,133.0
2025-12-30,16,2025-12-30T14:00:00Z,2025-12-30T15:00:00Z,106.3,106.3,105.92,102.45,102.45,110.95,107.3,33.4,73.9
2025-12-30,17,2025-12-30T15:00:00Z,2025-12-30T16:00:00Z,109.91,109.91,111.86,105.0,100.05,118.65,153.7,80.2,73.5
2025-12-30,18,2025-12-30T16:00:00Z,2025-12-30T17:00:00Z,113.98,113.98,114.96,114.0,101.14,122.1,156.9,46.0,110.9
2025-12-30,19,2025-12-30T17:00:00Z,2025-12-30T18:00:00Z,111.91,111.91,113.46,115.2,100.0,119.99,156.5,62.6,93.9
2025-12-30,20,2025-12-30T18:00:00Z,2025-12-30T19:00:00Z,114.52,114.52,114.83,114.2,108.53,121.18,96.0,43.3,52.7
2025-12-30,21,2025-12-30T19:00:00Z,2025-12-30T20:00:00Z,110.73,110.73,111.14,110.18,103.05,114.02,94.9,46.2,48.7
2025-12-30,22,2025-12-30T20:00:00Z,2025-12-30T21:00:00Z,98.86,98.86,100.43,102.49,88.0,105.46,98.2,39.8,58.4
2025-12-30,23,2025-12-30T21:00:00Z,2025-12-30T22:00:00Z,100.73,100.73,100.69,104.76,96.1,106.65,163.2,47.7,115.5
2025-12-30,24,2025-12-30T22:00:00Z,2025-12-30T23:00:00Z,94.36,94.36,95.16,100.52,90.0,103.77,65.8,23.5,42.3
2025-12-31,1,2025-12-30T23:00:00Z,2025-12-31T00:00:00Z,110.32,110.32,105.72,98.79,97.43,121.13,193.0,142.9,50.1
2025-12-31,2,2025-12-31T00:00:00Z,2025-12-31T01:00:00Z,107.0,107.0,100.02,87.24,87.23,119.62,176.8,124.2,52.6
2025-12-31,3,2025-12-31T01:00:00Z,2025-12-31T02:00:00Z,104.86,104.86,93.24,85.51,83.6,117.55,161.4,111.9,49.5
2025-12-31,4,2025-12-31T02:00:00Z,2025-12-31T03:00:00Z,110.29,110.29,99.12,76.89,74.4,114.32,112.6,57.4,55.2
2025-12-31,5,2025-12-31T03:00:00Z,2025-12-31T04:00:00Z,104.09,104.09,95.87,80.0,76.0,114.11,139.0,66.4,72.6
2025-12-31,6,2025-12-31T04:00:00Z,2025-12-31T05:00:00Z,108.78,108.78,97.96,75.52,75.52,116.24,129.3,55.6,73.7
2025-12-31,7,2025-12-31T05:00:00Z,2025-12-31T06:00:00Z,95.52,95.52,91.25,72.0,72.0,117.86,218.1,113.1,105.0
2025-12-31,8,2025-12-31T06:00:00Z,2025-12-31T07:00:00Z,112.22,112.22,102.65,87.91,87.69,124.33,159.5,82.9,76.6
2025-12-31,9,2025-12-31T07:00:00Z,2025-12-31T08:00:00Z,117.48,117.48,106.33,86.35,86.35,131.55,163.0,94.7,68.3
2025-12-31,10,2025-12-31T08:00:00Z,2025-12-31T09:00:00Z,94.88,94.88,94.3,100.0,87.84,101.29,210.1,100.5,109.6
2025-12-31,11,2025-12-31T09:00:00Z,2025-12-31T10:00:00Z,100.65,100.65,91.8,92.53,72.59,128.77,264.2,119.7,144.5
2025-12-31,12,2025-12-31T10:00:00Z,2025-12-31T11:00:00Z,90.13,90.13,79.84,85.0,68.12,126.66,378.7,233.8,144.9
2025-12-31,13,2025-12-31T11:00:00Z,2025-12-31T12:00:00Z,77.91,77.91,76.31,92.0,68.88,103.61,455.0,322.6,132.4
2025-12-31,14,2025-12-31T12:00:00Z,2025-12-31T13:00:00Z,92.3,92.3,91.63,97.01,72.99,103.18,111.2,74.7,36.5
2025-12-31,15,2025-12-31T13:00:00Z,2025-12-31T14:00:00Z,113.98,113.98,112.82,111.0,91.37,128.76,94.7,60.4,34.3
2025-12-31,16,2025-12-31T14:00:00Z,2025-12-31T15:00:00Z,128.22,128.22,128.47,122.1,107.87,143.05,88.8,57.3,31.5
2025-12-31,17,2025-12-31T15:00:00Z,2025-12-31T16:00:00Z,148.13,148.13,142.09,140.0,130.22,198.5,295.3,84.3,211.0
2025-12-31,18,2025-12-31T16:00:00Z,2025-12-31T17:00:00Z,133.72,133.72,130.67,163.67,125.0,169.0,137.3,35.5,101.8
2025-12-31,19,2025-12-31T17:00:00Z,2025-12-31T18:00:00Z,142.76,142.76,149.6,158.0,117.58,165.63,148.3,81.4,66.9
2025-12-31,20,2025-12-31T18:00:00Z,2025-12-31T19:00:00Z,128.62,128.62,130.89,151.48,113.35,151.48,254.0,145.9,108.1
2025-12-31,21,2025-12-31T19:00:00Z,2025-12-31T20:00:00Z,108.31,108.31,107.9,89.55,89.55,129.95,158.6,133.1,25.5
2025-12-31,22,2025-12-31T20:00:00Z,2025-12-31T21:00:00Z,95.84,95.84,90.69,73.04,72.44,120.47,252.4,157.9,94.5
2025-12-31,23,2025-12-31T21:00:00Z,2025-12-31T22:00:00Z,86.32,86.32,85.82,68.11,68.11,115.41,311.6,251.4,60.2
2025-12-31,24,2025-12-31T22:00:00Z,2025-12-31T23:00:00Z,74.69,74.69,72.52,50.0,50.0,94.9,191.9,171.5,20.4
2026-01-01,1,2025-12-31T23:00:00Z,2026-01-01T00:00:00Z,108.57,108.57,107.57,116.98,96.2,116.98,28.7,18.5,10.2
2026-01-01,2,2026-01-01T00:00:00Z,2026-01-01T01:00:00Z,90.6,90.6,90.45,97.0,70.02,104.98,56.6,41.0,15.6
2026-01-01,3,2026-01-01T01:00:00Z,2026-01-01T02:00:00Z,82.41,82.41,81.16,91.0,71.08,91.0,35.3,18.5,16.8
2026-01-01,4,2026-01-01T02:00:00Z,2026-01-01T03:00:00Z,58.1,58.1,58.19,46.63,38.12,71.0,36.3,27.4,8.9
2026-01-01,5,2026-01-01T03:00:00Z,2026-01-01T04:00:00Z,64.38,64.38,64.03,86.0,53.0,86.0,48.2,36.7,11.5
2026-01-01,6,2026-01-01T04:00:00Z,2026-01-01T05:00:00Z,76.97,76.97,80.3,93.61,63.0,93.61,32.4,26.0,6.4
2026-01-01,7,2026-01-01T05:00:00Z,2026-01-01T06:00:00Z,68.94,68.94,48.76,19.1,9.59,90.01,42.3,19.2,23.1
2026-01-01,8,2026-01-01T06:00:00Z,2026-01-01T07:00:00Z,39.93,39.93,48.4,43.5,11.2,80.45,23.5,18.7,4.8
2026-01-01,9,2026-01-01T07:00:00Z,2026-01-01T08:00:00Z,41.74,41.74,43.67,16.0,16.0,69.01,28.3,11.7,16.6
2026-01-01,10,2026-01-01T08:00:00Z,2026-01-01T09:00:00Z,42.07,42.07,46.36,30.0,24.63,77.0,119.8,53.2,66.6
2026-01-01,11,2026-01-01T09:00:00Z,2026-01-01T10:00:00Z,27.8,27.8,30.31,18.13,4.93,58.97,188.3,72.8,115.5
2026-01-01,12,2026-01-01T10:00:00Z,2026-01-01T11:00:00Z,37.99,37.99,37.48,70.19,4.92,74.82,74.2,21.7,52.5
2026-01-01,13,2026-01-01T11:00:00Z,2026-01-01T12:00:00Z,35.82,35.82,37.43,13.0,13.0,57.8,129.4,73.0,56.4
2026-01-01,14,2026-01-01T12:00:00Z,2026-01-01T13:00:00Z,27.76,27.76,28.68,1.75,1.75,54.56,117.7,45.9,71.8
2026-01-01,15,2026-01-01T13:00:00Z,2026-01-01T14:00:00Z,38.93,38.93,40.08,35.97,20.0,76.43,127.3,55.5,71.8
2026-01-01,16,2026-01-01T14:00:00Z,2026-01-01T15:00:00Z,56.69,56.69,57.38,58.0,12.59,93.26,157.8,52.4,105.4
2026-01-01,17,2026-01-01T15:00:00Z,2026-01-01T16:00:00Z,75.26,75.26,75.13,60.92,22.14,104.0,87.7,32.7,55.0
2026-01-01,18,2026-01-01T16:00:00Z,2026-01-01T17:00:00Z,87.42,87.42,88.27,88.28,75.11,105.78,24.2,9.5,14.7
2026-01-01,19,2026-01-01T17:00:00Z,2026-01-01T18:00:00Z,81.89,81.89,87.15,78.89,68.0,104.79,81.4,31.6,49.8
2026-01-01,20,2026-01-01T18:00:00Z,2026-01-01T19:00:00Z,78.47,78.47,76.63,80.01,52.06,103.84,79.4,37.5,41.9
2026-01-01,21,2026-01-01T19:00:00Z,2026-01-01T20:00:00Z,87.17,87.17,85.26,78.04,31.84,94.62,54.4,34.9,19.5
2026-01-01,22,2026-01-01T20:00:00Z,2026-01-01T21:00:00Z,77.21,77.21,77.42,85.0,50.0,89.01,68.8,44.7,24.1
2026-01-01,23,2026-01-01T21:00:00Z,2026-01-01T22:00:00Z,71.06,71.06,76.77,69.9,46.02,100.1,38.2,30.3,7.9
2026-01-01,24,2026-01-01T22:00:00Z,2026-01-01T23:00:00Z,68.13,68.13,68.15,76.62,30.9,79.7,56.0,25.7,30.3
2026-01-02,1,2026-01-01T23:00:00Z,2026-01-02T00:00:00Z,81.3,81.3,80.66,90.0,53.0,92.64,34.3,11.0,23.3
2026-01-02,2,2026-01-02T00:00:00Z,2026-01-02T01:00:00Z,69.67,69.67,67.6,67.8,57.02,72.97,9.2,4.5,4.7
2026-01-02,3,2026-01-02T01:00:00Z,2026-01-02T02:00:00Z,58.69,58.69,60.41,60.78,56.0,65.0,17.0,11.7,5.3
2026-01-02,4,2026-01-02T02:00:00Z,2026-01-02T03:00:00Z,54.87,54.87,55.6,54.9,51.69,63.44,31.2,13.5,17.7
2026-01-02,5,2026-01-02T03:00:00Z,2026-01-02T04:00:00Z,57.48,57.48,58.03,62.22,51.51,62.22,26.2,8.5,17.7
2026-01-02,6,2026-01-02T04:00:00Z,2026-01-02T05:00:00Z,65.66,65.66,68.21,69.5,53.5,77.0,31.8,8.6,23.2
2026-01-02,7,2026-01-02T05:00:00Z,2026-01-02T06:00:00Z,79.68,79.68,84.86,95.7,75.22,95.7,10.4,2.2,8.2
2026-01-02,8,2026-01-02T06:00:00Z,2026-01-02T07:00:00Z,106.12,106.12,104.82,96.62,96.62,112.61,92.5,82.0,10.5
2026-01-02,9,2026-01-02T07:00:00Z,2026-01-02T08:00:00Z,98.59,98.59,97.85,82.04,82.04,113.44,92.7,65.1,27.6
2026-01-02,10,2026-01-02T08:00:00Z,2026-01-02T09:00:00Z,98.41,98.41,99.18,94.2,91.1,104.51,129.7,51.7,78.0
2026-01-02,11,2026-01-02T09:00:00Z,2026-01-02T10:00:00Z,95.21,95.21,107.5,198.84,88.43,198.84,144.2,58.5,85.7
2026-01-02,12,2026-01-02T10:00:00Z,2026-01-02T11:00:00Z,90.66,90.66,90.41,95.0,84.44,97.0,207.0,129.9,77.1
2026-01-02,13,2026-01-02T11:00:00Z,2026-01-02T12:00:00Z,92.24,92.24,92.53,95.0,83.02,102.18,172.3,115.0,57.3
2026-01-02,14,2026-01-02T12:00:00Z,2026-01-02T13:00:00Z,102.28,102.28,103.01,122.9,89.69,122.9,173.5,100.9,72.6
2026-01-02,15,2026-01-02T13:00:00Z,2026-01-02T14:00:00Z,101.19,101.19,101.63,94.98,94.98,132.41,127.2,74.2,53.0
2026-01-02,16,2026-01-02T14:00:00Z,2026-01-02T15:00:00Z,109.48,109.48,108.87,112.89,98.1,114.96,138.6,84.9,53.7
2026-01-02,17,2026-01-02T15:00:00Z,2026-01-02T16:00:00Z,116.61,116.61,115.44,107.0,102.37,120.98,269.5,96.7,172.8
2026-01-02,18,2026-01-02T16:00:00Z,2026-01-02T17:00:00Z,113.35,113.35,113.82,113.47,105.0,121.0,290.1,115.5,174.6
2026-01-02,19,2026-01-02T17:00:00Z,2026-01-02T18:00:00Z,112.98,112.98,112.94,104.99,104.89,119.98,185.1,113.0,72.1
2026-01-02,20,2026-01-02T18:00:00Z,2026-01-02T19:00:00Z,114.0,114.0,113.09,102.11,102.11,123.79,194.3,124.6,69.7
2026-01-02,21,2026-01-02T19:00:00Z,2026-01-02T20:00:00Z,111.29,111.29,111.8,99.6,99.0,122.29,204.5,136.6,67.9
2026-01-02,22,2026-01-02T20:00:00Z,2026-01-02T21:00:00Z,101.28,101.28,100.28,91.61,91.61,107.55,149.0,83.1,65.9
2026-01-02,23,2026-01-02T21:00:00Z,2026-01-02T22:00:00Z,87.35,87.35,86.15,70.0,65.67,99.79,214.8,100.6,114.2
2026-01-02,24,2026-01-02T22:00:00Z,2026-01-02T23:00:00Z,81.28,81.28,81.04,87.06,72.57,91.82,108.4,48.6,59.8
2026-01-03,1,2026-01-02T23:00:00Z,2026-01-03T00:00:00Z,86.67,86.67,87.36,70.0,70.0,96.87,36.3,28.8,7.5
2026-01-03,2,2026-01-03T00:00:00Z,2026-01-03T01:00:00Z,90.65,90.65,87.78,77.0,73.0,113.48,51.2,26.6,24.6
2026-01-03,3,2026-01-03T01:00:00Z,2026-01-03T02:00:00Z,86.11,86.11,86.02,77.01,75.0,97.38,65.7,31.0,34.7
2026-01-03,4,2026-01-03T02:00:00Z,2026-01-03T03:00:00Z,88.53,88.53,86.98,73.48,73.48,116.04,77.4,40.4,37.0
2026-01-03,5,2026-01-03T03:00:00Z,2026-01-03T04:00:00Z,80.97,80.97,76.86,62.48,62.48,93.93,69.1,37.1,32.0
2026-01-03,6,2026-01-03T04:00:00Z,2026-01-03T05:00:00Z,85.51,85.51,88.59,71.0,70.0,107.91,77.3,37.7,39.6
2026-01-03,7,2026-01-03T05:00:00Z,2026-01-03T06:00:00Z,91.36,91.36,92.39,75.8,72.67,112.77,61.5,27.3,34.2
2026-01-03,8,2026-01-03T06:00:00Z,2026-01-03T07:00:00Z,99.36,99.36,105.42,81.2,79.38,117.13,45.2,28.2,17.0
2026-01-03,9,2026-01-03T07:00:00Z,2026-01-03T08:00:00Z,95.47,95.47,90.85,81.55,81.55,126.97,75.6,49.4,26.2
2026-01-03,10,2026-01-03T08:00:00Z,2026-01-03T09:00:00Z,96.41,96.41,94.64,97.2,90.01,110.96,96.1,55.5,40.6
2026-01-03,11,2026-01-03T09:00:00Z,2026-01-03T10:00:00Z,93.57,93.57,93.16,95.12,68.99,100.0,72.4,52.2,20.2
2026-01-03,12,2026-01-03T10:00:00Z,2026-01-03T11:00:00Z,89.48,89.48,90.94,95.0,82.21,98.96,150.7,101.5,49.2
2026-01-03,13,2026-01-03T11:00:00Z,2026-01-03T12:00:00Z,91.33,91.33,90.76,70.12,70.12,115.91,223.6,144.2,79.4
2026-01-03,14,2026-01-03T12:00:00Z,2026-01-03T13:00:00Z,89.54,89.54,88.48,85.94,79.5,115.77,256.9,189.8,67.1
2026-01-03,15,2026-01-03T13:00:00Z,2026-01-03T14:00:00Z,93.72,93.72,92.59,97.0,85.95,119.42,228.6,165.2,63.4
2026-01-03,16,2026-01-03T14:00:00Z,2026-01-03T15:00:00Z,102.68,102.68,102.23,105.51,90.6,132.47,308.3,170.3,138.0
2026-01-03,17,2026-01-03T15:00:00Z,2026-01-03T16:00:00Z,119.9,119.9,115.15,123.85,99.2,139.49,65.5,53.5,12.0
2026-01-03,18,2026-01-03T16:00:00Z,2026-01-03T17:00:00Z,115.59,115.59,113.81,112.83,107.8,141.47,161.1,112.2,48.9
2026-01-03,19,2026-01-03T17:00:00Z,2026-01-03T18:00:00Z,115.32,115.32,113.24,111.63,107.54,143.12,160.2,118.8,41.4
2026-01-03,20,2026-01-03T18:00:00Z,2026-01-03T19:00:00Z,116.83,116.83,115.43,114.0,106.72,142.57,119.6,79.0,40.6
2026-01-03,21,2026-01-03T19:00:00Z,2026-01-03T20:00:00Z,109.68,109.68,109.83,114.16,100.0,140.43,190.1,151.3,38.8
2026-01-03,22,2026-01-03T20:00:00Z,2026-01-03T21:00:00Z,99.75,99.75,100.42,92.0,90.01,140.02,157.5,111.4,46.1
2026-01-03,23,2026-01-03T21:00:00Z,2026-01-03T22:00:00Z,96.23,96.23,97.47,107.49,86.79,127.3,174.0,149.3,24.7
2026-01-03,24,2026-01-03T22:00:00Z,2026-01-03T23:00:00Z,97.23,97.23,96.42,88.28,85.5,114.85,131.5,103.1,28.4
2026-01-04,1,2026-01-03T23:00:00Z,2026-01-04T00:00:00Z,90.47,90.47,88.25,88.0,60.52,124.35,36.9,23.0,13.9
2026-01-04,2,2026-01-04T00:00:00Z,2026-01-04T01:00:00Z,91.04,91.04,89.23,90.74,76.4,119.46,45.5,30.7,14.8
2026-01-04,3,2026-01-04T01:00:00Z,2026-01-04T02:00:00Z,94.58,94.58,96.06,80.0,67.48,119.06,26.8,14.0,12.8
2026-01-04,4,2026-01-04T02:00:00Z,2026-01-04T03:00:00Z,91.26,91.26,91.2,85.96,83.82,111.0,20.6,11.9,8.7
2026-01-04,5,2026-01-04T03:00:00Z,2026-01-04T04:00:00Z,85.45,85.45,88.98,64.0,60.0,115.58,43.6,26.5,17.1
2026-01-04,6,2026-01-04T04:00:00Z,2026-01-04T05:00:00Z,90.82,90.82,94.71,83.24,83.24,116.77,31.6,21.6,10.0
2026-01-04,7,2026-01-04T05:00:00Z,2026-01-04T06:00:00Z,88.45,88.45,88.92,89.7,83.77,117.68,36.3,27.7,8.6
2026-01-04,8,2026-01-04T06:00:00Z,2026-01-04T07:00:00Z,92.86,92.86,93.61,90.56,84.31,121.86,45.9,30.7,15.2
2026-01-04,9,2026-01-04T07:00:00Z,2026-01-04T08:00:00Z,100.89,100.89,99.34,89.88,88.77,123.99,26.7,13.5,13.2
2026-01-04,10,2026-01-04T08:00:00Z,2026-01-04T09:00:00Z,107.14,107.14,116.75,94.4,92.4,132.02,37.9,20.2,17.7
2026-01-04,11,2026-01-04T09:00:00Z,2026-01-04T10:00:00Z,104.64,104.64,100.61,95.21,93.75,132.66,37.5,18.5,19.0
2026-01-04,12,2026-01-04T10:00:00Z,2026-01-04T11:00:00Z,95.01,95.01,94.42,99.72,91.86,99.88,56.3,22.2,34.1
2026-01-04,13,2026-01-04T11:00:00Z,2026-01-04T12:00:00Z,81.04,81.04,89.14,93.13,22.44,100.3,70.7,32.2,38.5
2026-01-04,14,2026-01-04T12:00:00Z,2026-01-04T13:00:00Z,83.02,83.02,87.49,87.0,24.64,95.09,109.8,49.0,60.8
2026-01-04,15,2026-01-04T13:00:00Z,2026-01-04T14:00:00Z,91.1,91.1,90.3,83.24,67.84,97.73,108.0,30.1,77.9
2026-01-04,16,2026-01-04T14:00:00Z,2026-01-04T15:00:00Z,91.42,91.42,92.14,89.01,69.54,97.94,52.2,7.8,44.4
2026-01-04,17,2026-01-04T15:00:00Z,2026-01-04T16:00:00Z,106.46,106.46,106.77,106.03,100.0,112.97,65.0,33.7,31.3
2026-01-04,18,2026-01-04T16:00:00Z,2026-01-04T17:00:00Z,122.42,122.42,122.8,122.0,116.04,126.01,111.6,58.5,53.1
2026-01-04,19,2026-01-04T17:00:00Z,2026-01-04T18:00:00Z,124.01,124.01,124.95,127.11,118.91,130.1,246.8,80.1,166.7
2026-01-04,20,2026-01-04T18:00:00Z,2026-01-04T19:00:00Z,125.98,125.98,126.03,127.99,118.63,129.72,181.2,100.5,80.7
2026-01-04,21,2026-01-04T19:00:00Z,2026-01-04T20:00:00Z,122.54,122.54,122.8,128.82,113.59,129.01,137.4,75.2,62.2
2026-01-04,22,2026-01-04T20:00:00Z,2026-01-04T21:00:00Z,112.92,112.92,113.89,115.0,102.0,119.99,117.4,67.1,50.3
2026-01-04,23,2026-01-04T21:00:00Z,2026-01-04T22:00:00Z,106.59,106.59,106.78,109.88,99.92,111.56,144.9,85.2,59.7
2026-01-04,24,2026-01-04T22:00:00Z,2026-01-04T23:00:00Z,96.65,96.65,96.69,96.93,93.53,99.25,82.2,55.8,26.4
2026-01-05,1,2026-01-04T23:00:00Z,2026-01-05T00:00:00Z,98.67,98.67,98.93,94.6,91.35,187.91,72.2,66.8,5.4
2026-01-05,2,2026-01-05T00:00:00Z,2026-01-05T01:00:00Z,88.34,88.34,88.26,77.0,77.0,92.0,26.2,25.6,0.6
2026-01-05,3,2026-01-05T01:00:00Z,2026-01-05T02:00:00Z,89.49,89.49,90.46,87.82,87.82,92.0,33.5,33.0,0.5
2026-01-05,4,2026-01-05T02:00:00Z,2026-01-05T03:00:00Z,88.75,88.75,89.19,92.98,84.8,92.98,35.7,33.2,2.5
2026-01-05,5,2026-01-05T03:00:00Z,2026-01-05T04:00:00Z,89.21,89.21,89.11,91.77,88.0,91.77,88.5,88.5,0.0
2026-01-05,6,2026-01-05T04:00:00Z,2026-01-05T05:00:00Z,92.21,92.21,91.55,84.0,84.0,94.5,32.1,32.1,0.0
2026-01-05,7,2026-01-05T05:00:00Z,2026-01-05T06:00:00Z,111.0,111.0,110.59,108.65,108.48,112.22,38.2,37.6,0.6
2026-01-05,8,2026-01-05T06:00:00Z,2026-01-05T07:00:00Z,136.12,136.12,135.54,158.87,131.75,158.87,61.4,46.1,15.3
2026-01-05,9,2026-01-05T07:00:00Z,2026-01-05T08:00:00Z,155.6,155.6,155.7,118.06,118.06,172.51,47.0,32.1,14.9
2026-01-05,10,2026-01-05T08:00:00Z,2026-01-05T09:00:00Z,154.0,154.0,154.87,157.01,141.15,170.0,78.3,63.3,15.0
2026-01-05,11,2026-01-05T09:00:00Z,2026-01-05T10:00:00Z,146.07,146.07,146.43,131.98,131.98,159.6,170.7,117.9,52.8
2026-01-05,12,2026-01-05T10:00:00Z,2026-01-05T11:00:00Z,160.85,160.85,162.3,235.0,133.03,250.0,235.6,180.2,55.4
2026-01-05,13,2026-01-05T11:00:00Z,2026-01-05T12:00:00Z,158.52,158.52,161.6,239.94,131.67,239.94,224.2,182.4,41.8
2026-01-05,14,2026-01-05T12:00:00Z,2026-01-05T13:00:00Z,170.66,170.66,175.65,207.1,140.87,222.33,334.7,236.9,97.8
2026-01-05,15,2026-01-05T13:00:00Z,2026-01-05T14:00:00Z,223.95,223.95,233.21,263.16,176.0,302.0,182.9,137.5,45.4
2026-01-05,16,2026-01-05T14:00:00Z,2026-01-05T15:00:00Z,270.86,270.86,280.66,350.0,176.33,399.98,280.8,159.2,121.6
2026-01-05,17,2026-01-05T15:00:00Z,2026-01-05T16:00:00Z,290.03,290.03,282.51,281.01,193.39,359.95,311.1,146.5,164.6
2026-01-05,18,2026-01-05T16:00:00Z,2026-01-05T17:00:00Z,359.66,359.66,353.41,435.0,219.31,462.49,691.8,308.9,382.9
2026-01-05,19,2026-01-05T17:00:00Z,2026-01-05T18:00:00Z,362.85,362.85,377.4,578.81,208.59,599.0,849.0,328.1,520.9
2026-01-05,20,2026-01-05T18:00:00Z,2026-01-05T19:00:00Z,377.05,377.05,383.21,342.5,188.51,521.75,444.8,246.7,198.1
2026-01-05,21,2026-01-05T19:00:00Z,2026-01-05T20:00:00Z,224.1,224.1,240.17,250.0,148.08,374.25,183.9,97.4,86.5
2026-01-05,22,2026-01-05T20:00:00Z,2026-01-05T21:00:00Z,160.4,160.4,162.29,163.24,126.4,213.05,170.2,83.9,86.3
2026-01-05,23,2026-01-05T21:00:00Z,2026-01-05T22:00:00Z,146.52,146.52,147.07,137.42,118.21,190.2,168.3,94.1,74.2
2026-01-05,24,2026-01-05T22:00:00Z,2026-01-05T23:00:00Z,119.6,119.6,122.31,134.01,105.52,146.9,402.4,308.0,94.4
2026-01-06,1,2026-01-05T23:00:00Z,2026-01-06T00:00:00Z,120.08,120.08,120.56,122.6,114.63,123.99,12.9,10.4,2.5
2026-01-06,2,2026-01-06T00:00:00Z,2026-01-06T01:00:00Z,125.02,125.02,123.46,132.59,111.9,132.59,39.8,37.1,2.7
2026-01-06,3,2026-01-06T01:00:00Z,2026-01-06T02:00:00Z,117.2,117.2,120.05,134.45,111.05,142.0,125.4,72.3,53.1
2026-01-06,4,2026-01-06T02:00:00Z,2026-01-06T03:00:00Z,116.25,116.25,120.25,131.59,109.89,139.76,133.0,79.6,53.4
2026-01-06,5,2026-01-06T03:00:00Z,2026-01-06T04:00:00Z,116.55,116.55,119.68,139.67,109.78,139.67,137.3,80.8,56.5
2026-01-06,6,2026-01-06T04:00:00Z,2026-01-06T05:00:00Z,140.53,140.53,136.43,146.62,107.01,154.02,68.7,40.6,28.1
2026-01-06,7,2026-01-06T05:00:00Z,2026-01-06T06:00:00Z,146.62,146.62,148.12,161.95,126.24,178.68,270.2,156.3,113.9
2026-01-06,8,2026-01-06T06:00:00Z,2026-01-06T07:00:00Z,190.41,190.41,193.39,125.01,125.01,274.99,203.0,101.3,101.7
2026-01-06,9,2026-01-06T07:00:00Z,2026-01-06T08:00:00Z,242.62,242.62,241.98,222.5,164.95,284.48,87.5,37.8,49.7
2026-01-06,10,2026-01-06T08:00:00Z,2026-01-06T09:00:00Z,271.33,271.33,268.77,280.11,165.77,347.0,163.7,61.8,101.9
2026-01-06,11,2026-01-06T09:00:00Z,2026-01-06T10:00:00Z,304.08,304.08,304.76,319.99,154.7,382.67,455.1,101.5,353.6
2026-01-06,12,2026-01-06T10:00:00Z,2026-01-06T11:00:00Z,274.64,274.64,287.83,450.01,128.57,450.66,254.2,72.7,181.5
2026-01-06,13,2026-01-06T11:00:00Z,2026-01-06T12:00:00Z,265.25,265.25,268.79,298.89,133.62,449.98,137.8,81.0,56.8
2026-01-06,14,2026-01-06T12:00:00Z,2026-01-06T13:00:00Z,282.57,282.57,294.32,320.0,130.79,414.5,324.4,154.4,170.0
2026-01-06,15,2026-01-06T13:00:00Z,2026-01-06T14:00:00Z,318.16,318.16,315.53,350.0,132.33,412.4,293.3,111.1,182.2
2026-01-06,16,2026-01-06T14:00:00Z,2026-01-06T15:00:00Z,340.53,340.53,334.82,329.99,145.0,454.99,327.2,149.4,177.8
2026-01-06,17,2026-01-06T15:00:00Z,2026-01-06T16:00:00Z,330.08,330.08,332.8,375.0,146.0,414.0,311.6,143.3,168.3
2026-01-06,18,2026-01-06T16:00:00Z,2026-01-06T17:00:00Z,374.3,374.3,375.31,301.0,140.0,455.91,1064.8,476.1,588.7
2026-01-06,19,2026-01-06T17:00:00Z,2026-01-06T18:00:00Z,324.48,324.48,321.55,269.55,148.21,462.86,722.3,309.6,412.7
2026-01-06,20,2026-01-06T18:00:00Z,2026-01-06T19:00:00Z,240.76,240.76,231.77,181.04,139.03,355.0,269.3,145.6,123.7
2026-01-06,21,2026-01-06T19:00:00Z,2026-01-06T20:00:00Z,169.02,169.02,165.68,121.39,120.01,233.8,419.6,226.5,193.1
2026-01-06,22,2026-01-06T20:00:00Z,2026-01-06T21:00:00Z,133.91,133.91,129.15,105.01,100.9,169.08,177.8,98.1,79.7
2026-01-06,23,2026-01-06T21:00:00Z,2026-01-06T22:00:00Z,128.77,128.77,126.61,104.99,99.73,137.8,393.9,295.2,98.7
2026-01-06,24,2026-01-06T22:00:00Z,2026-01-06T23:00:00Z,107.02,107.02,106.42,93.49,87.36,119.0,259.2,147.6,111.6
2026-01-07,1,2026-01-06T23:00:00Z,2026-01-07T00:00:00Z,96.68,96.68,97.31,105.0,88.09,105.0,23.5,0.3,23.2
2026-01-07,2,2026-01-07T00:00:00Z,2026-01-07T01:00:00Z,95.69,95.69,95.33,100.0,90.18,110.0,35.6,6.0,29.6
2026-01-07,3,2026-01-07T01:00:00Z,2026-01-07T02:00:00Z,93.87,93.87,94.36,105.0,86.43,114.99,48.8,11.4,37.4
2026-01-07,4,2026-01-07T02:00:00Z,2026-01-07T03:00:00Z,85.01,85.01,83.71,76.1,76.1,90.0,72.7,30.7,42.0
2026-01-07,5,2026-01-07T03:00:00Z,2026-01-07T04:00:00Z,82.45,82.45,80.6,60.0,57.88,102.0,100.8,45.7,55.1
2026-01-07,6,2026-01-07T04:00:00Z,2026-01-07T05:00:00Z,85.77,85.77,84.27,90.0,60.0,102.0,87.0,27.4,59.6
2026-01-07,7,2026-01-07T05:00:00Z,2026-01-07T06:00:00Z,112.78,112.78,112.41,90.94,90.94,122.43,97.9,7.1,90.8
2026-01-07,8,2026-01-07T06:00:00Z,2026-01-07T07:00:00Z,145.55,145.55,142.62,133.9,133.9,164.47,120.5,47.3,73.2
2026-01-07,9,2026-01-07T07:00:00Z,2026-01-07T08:00:00Z,148.23,148.23,147.0,137.54,135.0,185.71,161.6,72.1,89.5
2026-01-07,10,2026-01-07T08:00:00Z,2026-01-07T09:00:00Z,143.49,143.49,143.82,159.99,110.01,172.41,151.7,59.9,91.8
2026-01-07,11,2026-01-07T09:00:00Z,2026-01-07T10:00:00Z,137.31,137.31,136.53,142.58,128.0,149.99,164.9,46.8,118.1
2026-01-07,12,2026-01-07T10:00:00Z,2026-01-07T11:00:00Z,142.87,142.87,143.53,133.0,129.12,164.95,169.8,54.9,114.9
2026-01-07,13,2026-01-07T11:00:00Z,2026-01-07T12:00:00Z,140.51,140.51,140.6,125.01,125.01,154.08,165.4,39.0,126.4
2026-01-07,14,2026-01-07T12:00:00Z,2026-01-07T13:00:00Z,166.8,166.8,164.33,166.99,142.33,189.33,210.3,104.9,105.4
2026-01-07,15,2026-01-07T13:00:00Z,2026-01-07T14:00:00Z,161.96,161.96,159.82,149.98,138.0,183.0,230.0,107.0,123.0
2026-01-07,16,2026-01-07T14:00:00Z,2026-01-07T15:00:00Z,182.27,182.27,176.71,240.0,146.53,240.0,488.5,149.4,339.1
2026-01-07,17,2026-01-07T15:00:00Z,2026-01-07T16:00:00Z,181.04,181.04,172.36,157.94,129.11,214.0,251.6,130.4,121.2
2026-01-07,18,2026-01-07T16:00:00Z,2026-01-07T17:00:00Z,171.62,171.62,171.34,172.28,132.98,204.7,428.9,143.2,285.7
2026-01-07,19,2026-01-07T17:00:00Z,2026-01-07T18:00:00Z,166.06,166.06,164.86,162.27,125.0,199.0,389.0,161.3,227.7
2026-01-07,20,2026-01-07T18:00:00Z,2026-01-07T19:00:00Z,164.8,164.8,161.45,175.14,135.01,192.85,335.5,131.6,203.9
2026-01-07,21,2026-01-07T19:00:00Z,2026-01-07T20:00:00Z,111.26,111.26,116.83,121.36,80.01,143.77,99.0,50.7,48.3
2026-01-07,22,2026-01-07T20:00:00Z,2026-01-07T21:00:00Z,116.5,116.5,119.58,133.0,80.0,133.0,169.6,72.3,97.3
2026-01-07,23,2026-01-07T21:00:00Z,2026-01-07T22:00:00Z,127.11,127.11,128.48,141.18,107.88,143.1,166.5,74.4,92.1
2026-01-07,24,2026-01-07T22:00:00Z,2026-01-07T23:00:00Z,113.59,113.59,114.16,134.12,99.73,134.12,363.2,285.9,77.3
2026-01-08,1,2026-01-07T23:00:00Z,2026-01-08T00:00:00Z,106.85,106.85,106.88,105.74,94.98,120.0,121.1,105.4,15.7
2026-01-08,2,2026-01-08T00:00:00Z,2026-01-08T01:00:00Z,108.29,108.29,106.93,97.0,92.97,115.54,90.3,72.8,17.5
2026-01-08,3,2026-01-08T01:00:00Z,2026-01-08T02:00:00Z,105.39,105.39,105.3,92.96,90.41,115.0,87.4,70.2,17.2
2026-01-08,4,2026-01-08T02:00:00Z,2026-01-08T03:00:00Z,105.82,105.82,105.65,88.73,88.73,120.0,84.9,65.3,19.6
2026-01-08,5,2026-01-08T03:00:00Z,2026-01-08T04:00:00Z,108.8,108.8,105.92,91.61,87.99,115.0,119.8,102.7,17.1
2026-01-08,6,2026-01-08T04:00:00Z,2026-01-08T05:00:00Z,113.85,113.85,113.22,95.6,89.99,119.0,217.8,195.4,22.4
2026-01-08,7,2026-01-08T05:00:00Z,2026-01-08T06:00:00Z,117.11,117.11,116.59,119.0,103.97,135.0,97.0,80.9,16.1
2026-01-08,8,2026-01-08T06:00:00Z,2026-01-08T07:00:00Z,189.08,189.08,184.2,190.75,156.46,210.0,54.3,35.7,18.6
2026-01-08,9,2026-01-08T07:00:00Z,2026-01-08T08:00:00Z,241.72,241.72,250.41,320.23,202.0,320.23,141.4,99.6,41.8
2026-01-08,10,2026-01-08T08:00:00Z,2026-01-08T09:00:00Z,278.79,278.79,275.74,284.35,220.78,340.0,216.9,129.4,87.5
2026-01-08,11,2026-01-08T09:00:00Z,2026-01-08T10:00:00Z,281.65,281.65,276.76,315.0,218.46,325.68,258.5,182.3,76.2
2026-01-08,12,2026-01-08T10:00:00Z,2026-01-08T11:00:00Z,290.72,290.72,290.04,295.0,222.82,348.26,312.4,173.6,138.8
2026-01-08,13,2026-01-08T11:00:00Z,2026-01-08T12:00:00Z,297.7,297.7,294.47,276.02,229.78,388.1,394.4,218.7,175.7
2026-01-08,14,2026-01-08T12:00:00Z,2026-01-08T13:00:00Z,311.53,311.53,315.65,320.22,241.43,452.75,407.8,205.6,202.2
2026-01-08,15,2026-01-08T13:00:00Z,2026-01-08T14:00:00Z,358.11,358.11,363.7,380.0,268.88,529.98,582.0,223.3,358.7
2026-01-08,16,2026-01-08T14:00:00Z,2026-01-08T15:00:00Z,351.06,351.06,360.9,356.54,259.46,477.79,468.5,186.6,281.9
2026-01-08,17,2026-01-08T15:00:00Z,2026-01-08T16:00:00Z,355.08,355.08,356.81,282.21,277.49,540.69,482.5,202.7,279.8
2026-01-08,18,2026-01-08T16:00:00Z,2026-01-08T17:00:00Z,346.74,346.74,344.64,288.0,250.0,472.01,388.2,143.8,244.4
2026-01-08,19,2026-01-08T17:00:00Z,2026-01-08T18:00:00Z,304.38,304.38,302.98,243.53,220.0,416.56,357.9,142.0,215.9
2026-01-08,20,2026-01-08T18:00:00Z,2026-01-08T19:00:00Z,257.74,257.74,268.13,355.0,202.59,380.0,200.0,84.6,115.4
2026-01-08,21,2026-01-08T19:00:00Z,2026-01-08T20:00:00Z,232.68,232.68,239.28,300.01,163.5,409.99,232.3,86.7,145.6
2026-01-08,22,2026-01-08T20:00:00Z,2026-01-08T21:00:00Z,165.39,165.39,163.84,159.75,139.89,219.86,182.6,79.1,103.5
2026-01-08,23,2026-01-08T21:00:00Z,2026-01-08T22:00:00Z,135.64,135.64,137.13,140.23,119.0,167.39,141.6,68.0,73.6
2026-01-08,24,2026-01-08T22:00:00Z,2026-01-08T23:00:00Z,119.58,119.58,118.84,110.06,110.06,135.98,186.8,110.8,76.0
2026-01-09,1,2026-01-08T23:00:00Z,2026-01-09T00:00:00Z,105.51,105.51,107.29,102.05,99.23,110.3,76.5,36.3,40.2
2026-01-09,2,2026-01-09T00:00:00Z,2026-01-09T01:00:00Z,99.01,99.01,99.61,106.01,90.0,112.89,135.9,98.0,37.9
2026-01-09,3,2026-01-09T01:00:00Z,2026-01-09T02:00:00Z,92.69,92.69,91.68,91.99,82.42,102.0,96.9,66.4,30.5
2026-01-09,4,2026-01-09T02:00:00Z,2026-01-09T03:00:00Z,88.11,88.11,90.26,97.98,77.33,103.01,110.0,84.1,25.9
2026-01-09,5,2026-01-09T03:00:00Z,2026-01-09T04:00:00Z,97.28,97.28,96.41,82.64,80.04,106.29,128.6,97.9,30.7
2026-01-09,6,2026-01-09T04:00:00Z,2026-01-09T05:00:00Z,109.19,109.19,109.0,80.0,80.0,121.55,78.6,52.2,26.4
2026-01-09,7,2026-01-09T05:00:00Z,2026-01-09T06:00:00Z,132.22,132.22,130.77,129.0,117.48,141.0,65.6,40.2,25.4
2026-01-09,8,2026-01-09T06:00:00Z,2026-01-09T07:00:00Z,182.36,182.36,182.77,197.93,139.64,222.0,244.4,106.5,137.9
2026-01-09,9,2026-01-09T07:00:00Z,2026-01-09T08:00:00Z,170.26,170.26,167.39,160.99,150.0,193.51,176.0,134.3,41.7
2026-01-09,10,2026-01-09T08:00:00Z,2026-01-09T09:00:00Z,162.64,162.64,163.38,181.97,144.82,181.97,171.0,136.7,34.3
2026-01-09,11,2026-01-09T09:00:00Z,2026-01-09T10:00:00Z,152.97,152.97,154.77,200.0,139.0,200.0,179.5,108.9,70.6
2026-01-09,12,2026-01-09T10:00:00Z,2026-01-09T11:00:00Z,157.53,157.53,159.0,165.0,144.1,187.47,177.1,98.0,79.1
2026-01-09,13,2026-01-09T11:00:00Z,2026-01-09T12:00:00Z,149.77,149.77,152.09,161.7,140.82,230.0,226.2,134.9,91.3
2026-01-09,14,2026-01-09T12:00:00Z,2026-01-09T13:00:00Z,159.42,159.42,158.91,172.4,145.0,184.94,195.5,88.8,106.7
2026-01-09,15,2026-01-09T13:00:00Z,2026-01-09T14:00:00Z,153.05,153.05,153.46,133.0,132.7,176.36,225.5,136.0,89.5
2026-01-09,16,2026-01-09T14:00:00Z,2026-01-09T15:00:00Z,152.86,152.86,151.66,150.36,133.0,209.55,187.5,126.5,61.0
2026-01-09,17,2026-01-09T15:00:00Z,2026-01-09T16:00:00Z,172.69,172.69,167.26,152.95,121.0,233.56,264.5,198.5,66.0
2026-01-09,18,2026-01-09T16:00:00Z,2026-01-09T17:00:00Z,157.29,157.29,150.95,121.86,118.01,206.87,233.9,189.5,44.4
2026-01-09,19,2026-01-09T17:00:00Z,2026-01-09T18:00:00Z,158.31,158.31,156.06,129.06,120.0,189.96,195.7,146.5,49.2
2026-01-09,20,2026-01-09T18:00:00Z,2026-01-09T19:00:00Z,148.98,148.98,148.72,125.99,121.25,181.28,173.5,132.3,41.2
2026-01-09,21,2026-01-09T19:00:00Z,2026-01-09T20:00:00Z,150.73,150.73,152.01,139.07,117.84,250.63,154.1,125.5,28.6
2026-01-09,22,2026-01-09T20:00:00Z,2026-01-09T21:00:00Z,137.07,137.07,137.91,125.86,106.87,412.01,133.2,88.6,44.6
2026-01-09,23,2026-01-09T21:00:00Z,2026-01-09T22:00:00Z,121.68,121.68,125.12,118.0,108.52,140.0,79.8,51.5,28.3
2026-01-09,24,2026-01-09T22:00:00Z,2026-01-09T23:00:00Z,110.43,110.43,112.34,99.99,95.4,128.4,78.7,60.4,18.3
2026-01-10,1,2026-01-09T23:00:00Z,2026-01-10T00:00:00Z,111.08,111.08,111.98,109.05,101.31,127.8,27.1,21.9,5.2
2026-01-10,2,2026-01-10T00:00:00Z,2026-01-10T01:00:00Z,101.96,101.96,105.65,90.01,89.5,115.0,59.9,50.8,9.1
2026-01-10,3,2026-01-10T01:00:00Z,2026-01-10T02:00:00Z,103.96,103.96,105.93,106.5,89.24,115.0,67.1,58.0,9.1
2026-01-10,4,2026-01-10T02:00:00Z,2026-01-10T03:00:00Z,98.52,98.52,95.69,95.0,86.66,108.54,76.1,64.5,11.6
2026-01-10,5,2026-01-10T03:00:00Z,2026-01-10T04:00:00Z,96.53,96.53,93.73,89.87,79.26,106.0,99.5,89.9,9.6
2026-01-10,6,2026-01-10T04:00:00Z,2026-01-10T05:00:00Z,104.37,104.37,106.29,99.0,99.0,113.0,61.5,48.1,13.4
2026-01-10,7,2026-01-10T05:00:00Z,2026-01-10T06:00:00Z,110.0,110.0,110.07,115.96,99.59,120.0,51.6,46.5,5.1
2026-01-10,8,2026-01-10T06:00:00Z,2026-01-10T07:00:00Z,115.58,115.58,119.23,121.28,101.59,130.0,122.9,93.1,29.8
2026-01-10,9,2026-01-10T07:00:00Z,2026-01-10T08:00:00Z,134.7,134.7,142.71,109.99,106.07,955.0,174.1,112.8,61.3
2026-01-10,10,2026-01-10T08:00:00Z,2026-01-10T09:00:00Z,137.55,137.55,138.3,118.13,109.99,150.43,149.9,76.0,73.9
2026-01-10,11,2026-01-10T09:00:00Z,2026-01-10T10:00:00Z,127.39,127.39,126.85,145.0,105.59,145.0,119.7,60.2,59.5
2026-01-10,12,2026-01-10T10:00:00Z,2026-01-10T11:00:00Z,117.23,117.23,116.81,139.96,102.51,139.96,160.6,78.2,82.4
2026-01-10,13,2026-01-10T11:00:00Z,2026-01-10T12:00:00Z,124.1,124.1,122.69,137.15,106.0,140.0,144.8,87.8,57.0
2026-01-10,14,2026-01-10T12:00:00Z,2026-01-10T13:00:00Z,128.44,128.44,129.84,137.3,114.26,149.99,148.6,69.0,79.6
2026-01-10,15,2026-01-10T13:00:00Z,2026-01-10T14:00:00Z,114.18,114.18,114.22,106.84,104.93,124.92,131.3,56.7,74.6
2026-01-10,16,2026-01-10T14:00:00Z,2026-01-10T15:00:00Z,118.45,118.45,118.53,112.62,106.0,126.53,139.6,64.2,75.4
2026-01-10,17,2026-01-10T15:00:00Z,2026-01-10T16:00:00Z,126.37,126.37,126.44,117.17,117.0,135.99,174.7,81.9,92.8
2026-01-10,18,2026-01-10T16:00:00Z,2026-01-10T17:00:00Z,130.01,130.01,130.26,120.19,119.14,141.99,139.7,58.8,80.9
2026-01-10,19,2026-01-10T17:00:00Z,2026-01-10T18:00:00Z,125.95,125.95,125.6,110.67,110.66,140.14,201.0,92.1,108.9
2026-01-10,20,2026-01-10T18:00:00Z,2026-01-10T19:00:00Z,117.51,117.51,116.12,102.56,102.56,132.89,162.2,72.1,90.1
2026-01-10,21,2026-01-10T19:00:00Z,2026-01-10T20:00:00Z,112.46,112.46,110.31,94.34,94.34,122.2,139.9,59.6,80.3
2026-01-10,22,2026-01-10T20:00:00Z,2026-01-10T21:00:00Z,100.45,100.45,98.28,89.28,80.61,114.64,215.9,91.7,124.2
2026-01-10,23,2026-01-10T21:00:00Z,2026-01-10T22:00:00Z,99.72,99.72,98.46,92.0,90.0,110.95,130.7,43.1,87.6
2026-01-10,24,2026-01-10T22:00:00Z,2026-01-10T23:00:00Z,87.98,87.98,87.21,82.0,78.99,102.0,277.2,125.2,152.0
2026-01-11,1,2026-01-10T23:00:00Z,2026-01-11T00:00:00Z,89.32,89.32,89.62,91.51,87.92,95.0,105.0,93.8,11.2
2026-01-11,2,2026-01-11T00:00:00Z,2026-01-11T01:00:00Z,83.33,83.33,82.47,87.7,77.84,89.0,182.4,139.5,42.9
2026-01-11,3,2026-01-11T01:00:00Z,2026-01-11T02:00:00Z,83.48,83.48,83.62,91.0,79.04,91.0,144.9,98.7,46.2
2026-01-11,4,2026-01-11T02:00:00Z,2026-01-11T03:00:00Z,90.59,90.59,90.71,86.95,85.06,98.2,137.1,90.5,46.6
2026-01-11,5,2026-01-11T03:00:00Z,2026-01-11T04:00:00Z,90.77,90.77,91.16,103.11,85.0,103.11,146.9,90.5,56.4
2026-01-11,6,2026-01-11T04:00:00Z,2026-01-11T05:00:00Z,87.51,87.51,87.79,87.0,80.4,93.0,154.2,93.5,60.7
2026-01-11,7,2026-01-11T05:00:00Z,2026-01-11T06:00:00Z,90.6,90.6,89.69,79.88,79.88,97.92,168.7,97.7,71.0
2026-01-11,8,2026-01-11T06:00:00Z,2026-01-11T07:00:00Z,90.89,90.89,90.67,86.61,82.81,95.28,165.2,93.5,71.7
2026-01-11,9,2026-01-11T07:00:00Z,2026-01-11T08:00:00Z,99.94,99.94,99.14,85.6,82.31,104.24,143.4,110.2,33.2
2026-01-11,10,2026-01-11T08:00:00Z,2026-01-11T09:00:00Z,102.13,102.13,101.98,92.59,92.59,109.11,207.1,138.9,68.2
2026-01-11,11,2026-01-11T09:00:00Z,2026-01-11T10:00:00Z,96.91,96.91,97.22,96.0,92.03,104.0,202.8,99.4,103.4
2026-01-11,12,2026-01-11T10:00:00Z,2026-01-11T11:00:00Z,96.66,96.66,97.18,96.4,90.13,105.45,208.0,116.3,91.7
2026-01-11,13,2026-01-11T11:00:00Z,2026-01-11T12:00:00Z,94.01,94.01,93.98,91.38,90.0,103.98,74.0,19.3,54.7
2026-01-11,14,2026-01-11T12:00:00Z,2026-01-11T13:00:00Z,96.26,96.26,96.22,90.85,90.85,101.07,102.1,43.7,58.4
2026-01-11,15,2026-01-11T13:00:00Z,2026-01-11T14:00:00Z,93.84,93.84,94.17,90.09,89.33,102.45,107.4,48.5,58.9
2026-01-11,16,2026-01-11T14:00:00Z,2026-01-11T15:00:00Z,95.52,95.52,94.52,90.0,85.0,106.0,158.2,53.7,104.5
2026-01-11,17,2026-01-11T15:00:00Z,2026-01-11T16:00:00Z,113.27,113.27,111.28,92.16,85.91,129.53,173.6,79.7,93.9
2026-01-11,18,2026-01-11T16:00:00Z,2026-01-11T17:00:00Z,119.71,119.71,119.63,113.8,108.14,130.5,76.6,32.4,44.2
2026-01-11,19,2026-01-11T17:00:00Z,2026-01-11T18:00:00Z,121.79,121.79,122.12,115.92,105.74,132.5,82.1,14.3,67.8
2026-01-11,20,2026-01-11T18:00:00Z,2026-01-11T19:00:00Z,123.44,123.44,121.43,167.38,112.48,167.38,130.6,46.3,84.3
2026-01-11,21,2026-01-11T19:00:00Z,2026-01-11T20:00:00Z,116.68,116.68,114.45,101.18,101.18,130.78,81.0,30.1,50.9
2026-01-11,22,2026-01-11T20:00:00Z,2026-01-11T21:00:00Z,97.46,97.46,98.46,100.0,92.61,116.43,77.0,22.4,54.6
2026-01-11,23,2026-01-11T21:00:00Z,2026-01-11T22:00:00Z,97.89,97.89,97.86,96.22,94.51,107.08,239.7,182.8,56.9
2026-01-11,24,2026-01-11T22:00:00Z,2026-01-11T23:00:00Z,94.13,94.13,93.59,79.02,79.02,99.23,261.5,191.2,70.3
2026-01-12,1,2026-01-11T23:00:00Z,2026-01-12T00:00:00Z,88.53,88.53,89.0,86.0,83.38,106.79,443.1,392.2,50.9
2026-01-12,2,2026-01-12T00:00:00Z,2026-01-12T01:00:00Z,92.86,92.86,93.24,86.0,85.6,111.0,244.4,193.3,51.1
2026-01-12,3,2026-01-12T01:00:00Z,2026-01-12T02:00:00Z,90.22,90.22,89.93,88.52,84.33,106.32,164.9,100.5,64.4
2026-01-12,4,2026-01-12T02:00:00Z,2026-01-12T03:00:00Z,93.58,93.58,92.84,87.43,87.43,107.93,108.4,56.2,52.2
2026-01-12,5,2026-01-12T03:00:00Z,2026-01-12T04:00:00Z,97.29,97.29,97.16,87.2,86.08,114.33,101.2,53.4,47.8
2026-01-12,6,2026-01-12T04:00:00Z,2026-01-12T05:00:00Z,100.37,100.37,97.42,87.92,87.92,122.28,75.0,26.6,48.4
2026-01-12,7,2026-01-12T05:00:00Z,2026-01-12T06:00:00Z,156.56,156.56,157.85,190.0,133.01,190.0,102.4,29.4,73.0
2026-01-12,8,2026-01-12T06:00:00Z,2026-01-12T07:00:00Z,279.67,279.67,278.96,250.0,250.0,309.53,66.4,18.4,48.0
2026-01-12,9,2026-01-12T07:00:00Z,2026-01-12T08:00:00Z,325.87,325.87,309.26,280.0,221.16,378.36,298.0,147.0,151.0
2026-01-12,10,2026-01-12T08:00:00Z,2026-01-12T09:00:00Z,344.11,344.11,342.73,310.0,295.21,397.95,364.2,68.7,295.5
2026-01-12,11,2026-01-12T09:00:00Z,2026-01-12T10:00:00Z,244.66,244.66,245.38,205.0,184.0,314.0,286.8,102.7,184.1
2026-01-12,12,2026-01-12T10:00:00Z,2026-01-12T11:00:00Z,232.96,232.96,234.12,155.01,155.01,307.87,305.2,99.3,205.9
2026-01-12,13,2026-01-12T11:00:00Z,2026-01-12T12:00:00Z,221.83,221.83,217.08,190.0,175.01,289.0,476.1,174.1,302.0
2026-01-12,14,2026-01-12T12:00:00Z,2026-01-12T13:00:00Z,228.94,228.94,230.51,200.0,187.88,295.0,262.8,70.3,192.5
2026-01-12,15,2026-01-12T13:00:00Z,2026-01-12T14:00:00Z,234.5,234.5,240.04,212.64,171.28,310.67,312.0,94.1,217.9
2026-01-12,16,2026-01-12T14:00:00Z,2026-01-12T15:00:00Z,257.13,257.13,254.8,281.96,180.02,349.67,429.5,191.5,238.0
2026-01-12,17,2026-01-12T15:00:00Z,2026-01-12T16:00:00Z,382.62,382.62,379.04,350.0,256.75,550.0,601.8,236.5,365.3
2026-01-12,18,2026-01-12T16:00:00Z,2026-01-12T17:00:00Z,398.66,398.66,391.86,430.02,237.23,495.0,432.0,138.8,293.2
2026-01-12,19,2026-01-12T17:00:00Z,2026-01-12T18:00:00Z,269.13,269.13,267.09,240.0,120.92,300.0,147.4,78.7,68.7
2026-01-12,20,2026-01-12T18:00:00Z,2026-01-12T19:00:00Z,326.3,326.3,334.74,409.99,302.0,409.99,451.8,173.0,278.8
2026-01-12,21,2026-01-12T19:00:00Z,2026-01-12T20:00:00Z,251.12,251.12,251.57,203.61,130.03,358.04,270.0,162.7,107.3
2026-01-12,22,2026-01-12T20:00:00Z,2026-01-12T21:00:00Z,130.86,130.86,140.08,130.0,98.42,180.0,167.6,106.2,61.4
2026-01-12,23,2026-01-12T21:00:00Z,2026-01-12T22:00:00Z,121.33,121.33,114.08,139.76,94.57,144.0,214.4,123.3,91.1
2026-01-12,24,2026-01-12T22:00:00Z,2026-01-12T23:00:00Z,108.75,108.75,113.45,104.01,86.16,134.31,576.6,430.7,145.9
2026-01-13,1,2026-01-12T23:00:00Z,2026-01-13T00:00:00Z,107.54,107.54,107.96,130.0,92.5,130.08,381.0,359.0,22.0
2026-01-13,2,2026-01-13T00:00:00Z,2026-01-13T01:00:00Z,99.4,99.4,100.36,100.0,98.4,122.69,84.7,65.5,19.2
2026-01-13,3,2026-01-13T01:00:00Z,2026-01-13T02:00:00Z,115.43,115.43,113.69,111.0,106.0,120.0,74.7,69.3,5.4
2026-01-13,4,2026-01-13T02:00:00Z,2026-01-13T03:00:00Z,108.72,108.72,109.76,112.03,100.01,115.36,36.2,28.5,7.7
2026-01-13,5,2026-01-13T03:00:00Z,2026-01-13T04:00:00Z,108.09,108.09,107.77,116.87,96.05,123.32,90.1,61.8,28.3
2026-01-13,6,2026-01-13T04:00:00Z,2026-01-13T05:00:00Z,127.05,127.05,128.53,129.96,105.5,147.79,52.2,26.5,25.7
2026-01-13,7,2026-01-13T05:00:00Z,2026-01-13T06:00:00Z,188.29,188.29,194.57,159.65,135.91,269.5,80.9,60.0,20.9
2026-01-13,8,2026-01-13T06:00:00Z,2026-01-13T07:00:00Z,277.08,277.08,281.42,250.02,250.01,364.54,91.1,38.6,52.5
2026-01-13,9,2026-01-13T07:00:00Z,2026-01-13T08:00:00Z,350.83,350.83,350.42,350.0,310.0,440.72,237.4,47.6,189.8
2026-01-13,10,2026-01-13T08:00:00Z,2026-01-13T09:00:00Z,346.65,346.65,337.27,314.87,219.81,527.99,308.5,128.9,179.6
2026-01-13,11,2026-01-13T09:00:00Z,2026-01-13T10:00:00Z,303.41,303.41,314.0,348.95,244.14,443.94,192.5,93.0,99.5
2026-01-13,12,2026-01-13T10:00:00Z,2026-01-13T11:00:00Z,316.61,316.61,304.68,379.0,270.0,434.72,369.3,165.8,203.5
2026-01-13,13,2026-01-13T11:00:00Z,2026-01-13T12:00:00Z,333.92,333.92,332.73,389.0,284.48,448.0,424.7,184.9,239.8
2026-01-13,14,2026-01-13T12:00:00Z,2026-01-13T13:00:00Z,317.95,317.95,317.28,290.0,255.0,408.36,281.7,192.3,89.4
2026-01-13,15,2026-01-13T13:00:00Z,2026-01-13T14:00:00Z,308.34,308.34,310.35,200.11,200.11,430.07,286.7,151.8,134.9
2026-01-13,16,2026-01-13T14:00:00Z,2026-01-13T15:00:00Z,305.21,305.21,309.87,313.01,260.0,342.23,391.8,81.0,310.8
2026-01-13,17,2026-01-13T15:00:00Z,2026-01-13T16:00:00Z,303.08,303.08,313.03,316.0,248.13,363.99,79.2,34.3,44.9
2026-01-13,18,2026-01-13T16:00:00Z,2026-01-13T17:00:00Z,307.24,307.24,306.1,269.0,236.32,404.54,64.5,38.1,26.4
2026-01-13,19,2026-01-13T17:00:00Z,2026-01-13T18:00:00Z,299.38,299.38,304.18,235.0,234.3,376.34,104.9,78.6,26.3
2026-01-13,20,2026-01-13T18:00:00Z,2026-01-13T19:00:00Z,297.35,297.35,294.82,182.0,182.0,377.12,85.4,52.6,32.8
2026-01-13,21,2026-01-13T19:00:00Z,2026-01-13T20:00:00Z,218.52,218.52,235.57,295.18,145.28,331.55,75.1,38.7,36.4
2026-01-13,22,2026-01-13T20:00:00Z,2026-01-13T21:00:00Z,178.67,178.67,170.55,158.24,157.0,206.96,83.9,49.2,34.7
2026-01-13,23,2026-01-13T21:00:00Z,2026-01-13T22:00:00Z,105.84,105.84,105.28,99.95,96.0,118.44,59.9,39.9,20.0
2026-01-13,24,2026-01-13T22:00:00Z,2026-01-13T23:00:00Z,99.48,99.48,100.2,99.0,86.08,121.77,243.4,180.1,63.3
2026-01-14,1,2026-01-13T23:00:00Z,2026-01-14T00:00:00Z,115.78,115.78,114.34,104.1,104.1,122.15,37.6,11.5,26.1
2026-01-14,2,2026-01-14T00:00:00Z,2026-01-14T01:00:00Z,110.66,110.66,110.64,106.82,104.38,120.0,95.5,59.0,36.5
2026-01-14,3,2026-01-14T01:00:00Z,2026-01-14T02:00:00Z,114.47,114.47,112.37,104.01,104.01,122.0,93.1,66.4,26.7
2026-01-14,4,2026-01-14T02:00:00Z,2026-01-14T03:00:00Z,110.0,110.0,111.31,104.06,104.03,120.0,76.8,52.3,24.5
2026-01-14,5,2026-01-14T03:00:00Z,2026-01-14T04:00:00Z,107.61,107.61,108.95,88.04,88.04,118.0,44.9,26.0,18.9
2026-01-14,6,2026-01-14T04:00:00Z,2026-01-14T05:00:00Z,108.35,108.35,104.5,103.26,98.61,118.0,34.2,27.2,7.0
2026-01-14,7,2026-01-14T05:00:00Z,2026-01-14T06:00:00Z,171.0,171.0,170.17,163.45,158.59,185.89,116.5,80.4,36.1
2026-01-14,8,2026-01-14T06:00:00Z,2026-01-14T07:00:00Z,183.49,183.49,179.44,180.0,156.1,209.0,95.7,56.3,39.4
2026-01-14,9,2026-01-14T07:00:00Z,2026-01-14T08:00:00Z,189.74,189.74,185.65,169.74,159.5,219.0,76.3,34.6,41.7
2026-01-14,10,2026-01-14T08:00:00Z,2026-01-14T09:00:00Z,180.55,180.55,184.07,150.01,150.01,221.25,135.9,47.4,88.5
2026-01-14,11,2026-01-14T09:00:00Z,2026-01-14T10:00:00Z,212.6,212.6,205.7,198.16,172.54,255.4,248.2,127.6,120.6
2026-01-14,12,2026-01-14T10:00:00Z,2026-01-14T11:00:00Z,172.06,172.06,169.24,153.72,153.72,191.68,218.8,107.6,111.2
2026-01-14,13,2026-01-14T11:00:00Z,2026-01-14T12:00:00Z,145.57,145.57,143.43,120.02,120.02,165.0,164.6,92.4,72.2
2026-01-14,14,2026-01-14T12:00:00Z,2026-01-14T13:00:00Z,150.27,150.27,146.41,105.0,105.0,170.0,162.6,105.7,56.9
2026-01-14,15,2026-01-14T13:00:00Z,2026-01-14T14:00:00Z,140.78,140.78,140.05,111.9,111.16,185.0,222.9,115.1,107.8
2026-01-14,16,2026-01-14T14:00:00Z,2026-01-14T15:00:00Z,179.09,179.09,179.27,150.0,148.18,210.0,312.4,154.8,157.6
2026-01-14,17,2026-01-14T15:00:00Z,2026-01-14T16:00:00Z,175.51,175.51,169.01,148.99,100.0,279.89,264.8,132.4,132.4
2026-01-14,18,2026-01-14T16:00:00Z,2026-01-14T17:00:00Z,185.48,185.48,187.26,100.0,100.0,205.0,245.0,122.5,122.5
2026-01-14,19,2026-01-14T17:00:00Z,2026-01-14T18:00:00Z,205.14,205.14,208.77,178.39,100.55,240.98,255.3,126.7,128.6
2026-01-14,20,2026-01-14T18:00:00Z,2026-01-14T19:00:00Z,177.59,177.59,172.44,155.0,150.0,190.02,266.0,135.3,130.7
2026-01-14,21,2026-01-14T19:00:00Z,2026-01-14T20:00:00Z,164.92,164.92,161.03,95.0,90.0,215.0,202.8,102.0,100.8
2026-01-14,22,2026-01-14T20:00:00Z,2026-01-14T21:00:00Z,169.31,169.31,150.05,111.0,111.0,198.0,148.0,74.0,74.0
2026-01-14,23,2026-01-14T21:00:00Z,2026-01-14T22:00:00Z,134.87,134.87,134.76,128.73,119.87,143.76,138.7,62.2,76.5
2026-01-14,24,2026-01-14T22:00:00Z,2026-01-14T23:00:00Z,112.88,112.88,112.6,133.45,102.0,133.45,154.8,52.4,102.4
2026-01-15,1,2026-01-14T23:00:00Z,2026-01-15T00:00:00Z,112.85,112.85,112.48,105.9,104.01,120.98,81.1,47.9,33.2
2026-01-15,2,2026-01-15T00:00:00Z,2026-01-15T01:00:00Z,107.29,107.29,108.02,98.41,96.46,118.28,101.1,43.9,57.2
2026-01-15,3,2026-01-15T01:00:00Z,2026-01-15T02:00:00Z,106.69,106.69,106.6,93.1,93.1,115.34,126.7,46.4,80.3
2026-01-15,4,2026-01-15T02:00:00Z,2026-01-15T03:00:00Z,108.12,108.12,107.77,90.0,88.11,115.33,157.7,71.6,86.1
2026-01-15,5,2026-01-15T03:00:00Z,2026-01-15T04:00:00Z,115.46,115.46,115.94,123.8,108.82,123.98,132.3,48.8,83.5
2026-01-15,6,2026-01-15T04:00:00Z,2026-01-15T05:00:00Z,123.99,123.99,124.25,115.15,115.06,131.25,133.7,58.9,74.8
2026-01-15,7,2026-01-15T05:00:00Z,2026-01-15T06:00:00Z,157.85,157.85,157.21,130.0,130.0,194.78,131.9,69.7,62.2
2026-01-15,8,2026-01-15T06:00:00Z,2026-01-15T07:00:00Z,185.6,185.6,181.36,199.0,149.0,228.53,118.7,64.2,54.5
2026-01-15,9,2026-01-15T07:00:00Z,2026-01-15T08:00:00Z,174.63,174.63,167.52,136.0,136.0,201.0,115.3,61.0,54.3
2026-01-15,10,2026-01-15T08:00:00Z,2026-01-15T09:00:00Z,157.81,157.81,154.71,145.0,133.23,189.0,121.6,73.2,48.4
2026-01-15,11,2026-01-15T09:00:00Z,2026-01-15T10:00:00Z,141.4,141.4,138.2,116.97,115.0,182.58,134.7,64.0,70.7
2026-01-15,12,2026-01-15T10:00:00Z,2026-01-15T11:00:00Z,141.17,141.17,135.96,179.97,90.0,189.51,205.3,117.3,88.0
2026-01-15,13,2026-01-15T11:00:00Z,2026-01-15T12:00:00Z,122.64,122.64,124.65,95.1,91.41,175.32,225.5,118.6,106.9
2026-01-15,14,2026-01-15T12:00:00Z,2026-01-15T13:00:00Z,126.38,126.38,120.71,80.0,80.0,177.0,225.6,112.0,113.6
2026-01-15,15,2026-01-15T13:00:00Z,2026-01-15T14:00:00Z,123.86,123.86,117.86,100.0,95.0,173.46,215.6,112.5,103.1
2026-01-15,16,2026-01-15T14:00:00Z,2026-01-15T15:00:00Z,133.57,133.57,139.87,50.0,50.0,190.0,202.9,103.0,99.9
2026-01-15,17,2026-01-15T15:00:00Z,2026-01-15T16:00:00Z,187.41,187.41,181.35,75.01,75.01,239.8,265.4,106.2,159.2
2026-01-15,18,2026-01-15T16:00:00Z,2026-01-15T17:00:00Z,172.78,172.78,168.59,155.01,140.28,207.2,244.4,130.0,114.4
2026-01-15,19,2026-01-15T17:00:00Z,2026-01-15T18:00:00Z,167.94,167.94,160.55,112.7,112.7,200.0,199.7,110.5,89.2
2026-01-15,20,2026-01-15T18:00:00Z,2026-01-15T19:00:00Z,154.49,154.49,154.48,154.16,124.05,190.0,131.5,57.5,74.0
2026-01-15,21,2026-01-15T19:00:00Z,2026-01-15T20:00:00Z,137.09,137.09,133.13,140.0,113.01,165.0,136.4,61.1,75.3
2026-01-15,22,2026-01-15T20:00:00Z,2026-01-15T21:00:00Z,122.34,122.34,122.0,173.06,98.21,173.06,161.7,79.3,82.4
2026-01-15,23,2026-01-15T21:00:00Z,2026-01-15T22:00:00Z,106.12,106.12,103.38,98.98,87.5,140.63,156.6,63.1,93.5
2026-01-15,24,2026-01-15T22:00:00Z,2026-01-15T23:00:00Z,108.41,108.41,106.8,94.01,90.0,124.55,215.8,92.9,122.9
2026-01-16,1,2026-01-15T23:00:00Z,2026-01-16T00:00:00Z,112.97,112.97,107.58,96.01,90.0,168.56,87.1,45.6,41.5
2026-01-16,2,2026-01-16T00:00:00Z,2026-01-16T01:00:00Z,105.64,105.64,105.98,104.87,98.72,134.63,99.3,44.5,54.8
2026-01-16,3,2026-01-16T01:00:00Z,2026-01-16T02:00:00Z,101.79,101.79,102.56,92.5,89.0,120.0,103.7,61.6,42.1
2026-01-16,4,2026-01-16T02:00:00Z,2026-01-16T03:00:00Z,103.62,103.62,104.81,89.99,89.99,116.01,103.9,59.7,44.2
2026-01-16,5,2026-01-16T03:00:00Z,2026-01-16T04:00:00Z,97.79,97.79,100.41,85.02,85.0,124.3,109.3,63.7,45.6
2026-01-16,6,2026-01-16T04:00:00Z,2026-01-16T05:00:00Z,112.96,112.96,111.75,112.89,97.96,129.55,104.0,55.3,48.7
2026-01-16,7,2026-01-16T05:00:00Z,2026-01-16T06:00:00Z,142.89,142.89,140.55,130.48,126.81,180.0,87.3,40.4,46.9
2026-01-16,8,2026-01-16T06:00:00Z,2026-01-16T07:00:00Z,168.53,168.53,166.93,145.0,145.0,180.2,146.0,88.9,57.1
2026-01-16,9,2026-01-16T07:00:00Z,2026-01-16T08:00:00Z,186.13,186.13,185.91,186.6,171.1,206.87,129.8,39.4,90.4
2026-01-16,10,2026-01-16T08:00:00Z,2026-01-16T09:00:00Z,185.54,185.54,186.39,209.95,169.01,224.98,288.8,114.7,174.1
2026-01-16,11,2026-01-16T09:00:00Z,2026-01-16T10:00:00Z,183.4,183.4,188.38,184.15,154.94,244.99,305.5,154.4,151.1
2026-01-16,12,2026-01-16T10:00:00Z,2026-01-16T11:00:00Z,166.18,166.18,165.3,130.0,125.49,185.14,264.4,139.2,125.2
2026-01-16,13,2026-01-16T11:00:00Z,2026-01-16T12:00:00Z,158.49,158.49,157.77,120.02,120.02,186.03,382.5,251.0,131.5
2026-01-16,14,2026-01-16T12:00:00Z,2026-01-16T13:00:00Z,149.55,149.55,149.56,120.0,120.0,172.7,427.9,223.2,204.7
2026-01-16,15,2026-01-16T13:00:00Z,2026-01-16T14:00:00Z,150.75,150.75,149.21,139.0,134.64,165.34,301.9,132.6,169.3
2026-01-16,16,2026-01-16T14:00:00Z,2026-01-16T15:00:00Z,158.43,158.43,157.02,148.89,148.0,167.8,271.8,138.0,133.8
2026-01-16,17,2026-01-16T15:00:00Z,2026-01-16T16:00:00Z,170.4,170.4,169.48,162.0,159.0,183.43,308.8,157.7,151.1
2026-01-16,18,2026-01-16T16:00:00Z,2026-01-16T17:00:00Z,176.38,176.38,175.79,178.0,169.0,188.2,393.8,179.4,214.4
2026-01-16,19,2026-01-16T17:00:00Z,2026-01-16T18:00:00Z,165.68,165.68,164.95,156.0,156.0,185.31,325.5,172.4,153.1
2026-01-16,20,2026-01-16T18:00:00Z,2026-01-16T19:00:00Z,158.66,158.66,157.9,153.99,147.86,181.11,308.5,157.8,150.7
2026-01-16,21,2026-01-16T19:00:00Z,2026-01-16T20:00:00Z,140.84,140.84,140.55,131.83,131.25,163.82,234.6,115.0,119.6
2026-01-16,22,2026-01-16T20:00:00Z,2026-01-16T21:00:00Z,125.11,125.11,122.77,106.6,100.11,134.87,156.9,59.1,97.8
2026-01-16,23,2026-01-16T21:00:00Z,2026-01-16T22:00:00Z,125.31,125.31,127.32,145.0,122.75,145.0,132.7,35.5,97.2
2026-01-16,24,2026-01-16T22:00:00Z,2026-01-16T23:00:00Z,109.63,109.63,110.54,119.99,104.5,119.99,124.2,40.0,84.2
2026-01-17,1,2026-01-16T23:00:00Z,2026-01-17T00:00:00Z,116.54,116.54,116.78,116.11,113.0,120.99,60.8,36.5,24.3
2026-01-17,2,2026-01-17T00:00:00Z,2026-01-17T01:00:00Z,113.2,113.2,113.08,114.7,103.01,117.41,49.8,6.8,43.0
2026-01-17,3,2026-01-17T01:00:00Z,2026-01-17T02:00:00Z,109.05,109.05,108.86,111.15,104.1,112.0,45.6,20.5,25.1
2026-01-17,4,2026-01-17T02:00:00Z,2026-01-17T03:00:00Z,110.24,110.24,109.83,123.55,102.98,123.55,27.5,11.0,16.5
2026-01-17,5,2026-01-17T03:00:00Z,2026-01-17T04:00:00Z,106.02,106.02,105.6,105.42,100.0,111.51,48.9,43.3,5.6
2026-01-17,6,2026-01-17T04:00:00Z,2026-01-17T05:00:00Z,109.72,109.72,109.79,113.83,104.42,113.89,32.7,15.0,17.7
2026-01-17,7,2026-01-17T05:00:00Z,2026-01-17T06:00:00Z,110.89,110.89,109.61,110.05,104.7,120.0,37.5,28.0,9.5
2026-01-17,8,2026-01-17T06:00:00Z,2026-01-17T07:00:00Z,127.58,127.58,124.16,146.23,115.0,146.27,69.8,46.3,23.5
2026-01-17,9,2026-01-17T07:00:00Z,2026-01-17T08:00:00Z,133.62,133.62,134.45,144.17,124.78,145.68,68.4,29.2,39.2
2026-01-17,10,2026-01-17T08:00:00Z,2026-01-17T09:00:00Z,132.09,132.09,136.85,149.92,119.79,152.27,150.5,67.1,83.4
2026-01-17,11,2026-01-17T09:00:00Z,2026-01-17T10:00:00Z,129.18,129.18,131.44,110.04,110.04,142.9,262.7,125.5,137.2
2026-01-17,12,2026-01-17T10:00:00Z,2026-01-17T11:00:00Z,130.64,130.64,130.78,134.84,118.0,139.06,277.3,113.9,163.4
2026-01-17,13,2026-01-17T11:00:00Z,2026-01-17T12:00:00Z,119.08,119.08,119.51,109.16,109.16,130.94,333.8,172.8,161.0
2026-01-17,14,2026-01-17T12:00:00Z,2026-01-17T13:00:00Z,116.57,116.57,115.65,110.43,108.19,128.4,154.5,72.8,81.7
2026-01-17,15,2026-01-17T13:00:00Z,2026-01-17T14:00:00Z,111.77,111.77,115.28,65.82,65.82,126.66,196.1,83.3,112.8
2026-01-17,16,2026-01-17T14:00:00Z,2026-01-17T15:00:00Z,129.34,129.34,129.58,145.23,123.01,145.23,140.7,42.8,97.9
2026-01-17,17,2026-01-17T15:00:00Z,2026-01-17T16:00:00Z,148.49,148.49,146.48,165.0,139.2,165.0,115.6,35.8,79.8
2026-01-17,18,2026-01-17T16:00:00Z,2026-01-17T17:00:00Z,149.81,149.81,150.34,160.0,138.1,165.0,153.8,49.8,104.0
2026-01-17,19,2026-01-17T17:00:00Z,2026-01-17T18:00:00Z,148.68,148.68,148.86,151.74,139.76,160.6,122.4,45.5,76.9
2026-01-17,20,2026-01-17T18:00:00Z,2026-01-17T19:00:00Z,143.51,143.51,143.39,136.26,135.44,150.1,81.7,39.7,42.0
2026-01-17,21,2026-01-17T19:00:00Z,2026-01-17T20:00:00Z,135.3,135.3,135.4,129.86,128.99,146.35,97.6,33.7,63.9
2026-01-17,22,2026-01-17T20:00:00Z,2026-01-17T21:00:00Z,122.85,122.85,124.57,129.0,113.54,136.0,72.5,23.2,49.3
2026-01-17,23,2026-01-17T21:00:00Z,2026-01-17T22:00:00Z,118.98,118.98,118.52,115.22,115.09,125.13,105.3,43.9,61.4
2026-01-17,24,2026-01-17T22:00:00Z,2026-01-17T23:00:00Z,111.08,111.08,110.33,103.38,103.38,116.28,119.3,51.3,68.0
2026-01-18,1,2026-01-17T23:00:00Z,2026-01-18T00:00:00Z,108.81,108.81,108.48,106.0,104.8,114.0,71.2,32.0,39.2
2026-01-18,2,2026-01-18T00:00:00Z,2026-01-18T01:00:00Z,105.87,105.87,103.34,97.41,97.41,110.0,95.4,36.3,59.1
2026-01-18,3,2026-01-18T01:00:00Z,2026-01-18T02:00:00Z,103.42,103.42,102.59,98.9,98.54,108.01,115.1,39.0,76.1
2026-01-18,4,2026-01-18T02:00:00Z,2026-01-18T03:00:00Z,98.65,98.65,98.97,96.12,95.83,104.1,59.3,26.7,32.6
2026-01-18,5,2026-01-18T03:00:00Z,2026-01-18T04:00:00Z,99.4,99.4,99.63,98.54,98.2,104.6,56.3,28.0,28.3
2026-01-18,6,2026-01-18T04:00:00Z,2026-01-18T05:00:00Z,100.38,100.38,100.88,103.29,99.11,104.3,54.2,20.9,33.3
2026-01-18,7,2026-01-18T05:00:00Z,2026-01-18T06:00:00Z,103.31,103.31,103.05,104.87,99.93,106.53,59.1,28.3,30.8
2026-01-18,8,2026-01-18T06:00:00Z,2026-01-18T07:00:00Z,110.44,110.44,109.61,105.68,105.0,117.14,149.7,71.1,78.6
2026-01-18,9,2026-01-18T07:00:00Z,2026-01-18T08:00:00Z,118.58,118.58,117.98,115.61,110.96,124.24,179.4,67.2,112.2
2026-01-18,10,2026-01-18T08:00:00Z,2026-01-18T09:00:00Z,112.32,112.32,112.17,121.0,100.11,121.5,189.3,60.8,128.5
2026-01-18,11,2026-01-18T09:00:00Z,2026-01-18T10:00:00Z,97.44,97.44,94.07,78.82,78.67,107.09,254.1,79.5,174.6
2026-01-18,12,2026-01-18T10:00:00Z,2026-01-18T11:00:00Z,82.76,82.76,80.93,55.99,45.06,105.97,324.2,146.1,178.1
2026-01-18,13,2026-01-18T11:00:00Z,2026-01-18T12:00:00Z,79.38,79.38,78.4,62.3,55.02,102.04,335.5,151.9,183.6
2026-01-18,14,2026-01-18T12:00:00Z,2026-01-18T13:00:00Z,85.64,85.64,85.26,79.92,62.42,108.19,503.8,205.9,297.9
2026-01-18,15,2026-01-18T13:00:00Z,2026-01-18T14:00:00Z,101.09,101.09,100.55,90.17,80.05,113.96,257.2,81.3,175.9
2026-01-18,16,2026-01-18T14:00:00Z,2026-01-18T15:00:00Z,112.76,112.76,111.98,115.21,105.55,122.06,259.0,86.3,172.7
2026-01-18,17,2026-01-18T15:00:00Z,2026-01-18T16:00:00Z,119.45,119.45,120.43,114.5,114.5,133.0,237.0,94.3,142.7
2026-01-18,18,2026-01-18T16:00:00Z,2026-01-18T17:00:00Z,136.06,136.06,133.06,110.0,110.0,154.0,103.0,41.0,62.0
2026-01-18,19,2026-01-18T17:00:00Z,2026-01-18T18:00:00Z,140.72,140.72,141.07,169.98,108.0,169.98,102.9,56.8,46.1
2026-01-18,20,2026-01-18T18:00:00Z,2026-01-18T19:00:00Z,143.5,143.5,142.92,146.82,134.34,154.0,96.5,44.7,51.8
2026-01-18,21,2026-01-18T19:00:00Z,2026-01-18T20:00:00Z,128.74,128.74,128.95,117.0,117.0,145.0,100.9,36.2,64.7
2026-01-18,22,2026-01-18T20:00:00Z,2026-01-18T21:00:00Z,115.03,115.03,114.37,109.62,106.54,128.06,177.4,106.1,71.3
2026-01-18,23,2026-01-18T21:00:00Z,2026-01-18T22:00:00Z,112.19,112.19,113.08,105.0,105.0,219.28,123.4,79.8,43.6
2026-01-18,24,2026-01-18T22:00:00Z,2026-01-18T23:00:00Z,102.89,102.89,100.84,102.11,75.93,116.71,217.0,106.4,110.6
2026-01-19,1,2026-01-18T23:00:00Z,2026-01-19T00:00:00Z,99.73,99.73,100.08,95.9,95.9,111.35,21.1,18.7,2.4
2026-01-19,2,2026-01-19T00:00:00Z,2026-01-19T01:00:00Z,96.48,96.48,96.39,93.58,93.58,104.87,164.0,159.4,4.6
2026-01-19,3,2026-01-19T01:00:00Z,2026-01-19T02:00:00Z,98.51,98.51,98.61,100.0,95.82,103.66,187.6,187.6,0.0
2026-01-19,4,2026-01-19T02:00:00Z,2026-01-19T03:00:00Z,96.24,96.24,96.35,98.97,90.84,102.0,240.5,240.4,0.1
2026-01-19,5,2026-01-19T03:00:00Z,2026-01-19T04:00:00Z,98.57,98.57,98.73,89.11,89.11,102.15,270.6,265.0,5.6
2026-01-19,6,2026-01-19T04:00:00Z,2026-01-19T05:00:00Z,106.25,106.25,106.8,96.68,93.96,117.07,64.5,53.1,11.4
2026-01-19,7,2026-01-19T05:00:00Z,2026-01-19T06:00:00Z,125.83,125.83,127.65,118.99,109.99,144.0,71.3,63.1,8.2
2026-01-19,8,2026-01-19T06:00:00Z,2026-01-19T07:00:00Z,153.93,153.93,154.47,139.57,139.57,175.01,87.4,55.7,31.7
2026-01-19,9,2026-01-19T07:00:00Z,2026-01-19T08:00:00Z,165.13,165.13,163.9,146.0,142.94,180.0,125.7,25.0,100.7
2026-01-19,10,2026-01-19T08:00:00Z,2026-01-19T09:00:00Z,151.63,151.63,151.75,148.0,146.49,165.2,174.0,93.6,80.4
2026-01-19,11,2026-01-19T09:00:00Z,2026-01-19T10:00:00Z,136.41,136.41,135.45,100.0,100.0,148.0,204.2,105.4,98.8
2026-01-19,12,2026-01-19T10:00:00Z,2026-01-19T11:00:00Z,113.87,113.87,113.36,109.12,100.0,126.79,341.9,161.9,180.0
2026-01-19,13,2026-01-19T11:00:00Z,2026-01-19T12:00:00Z,112.88,112.88,113.2,110.0,103.0,124.54,260.6,145.2,115.4
2026-01-19,14,2026-01-19T12:00:00Z,2026-01-19T13:00:00Z,109.9,109.9,108.54,98.0,88.09,130.3,236.3,130.3,106.0
2026-01-19,15,2026-01-19T13:00:00Z,2026-01-19T14:00:00Z,128.86,128.86,124.32,106.73,106.73,147.97,150.3,102.7,47.6
2026-01-19,16,2026-01-19T14:00:00Z,2026-01-19T15:00:00Z,157.37,157.37,153.16,123.53,123.53,180.75,194.3,120.2,74.1
2026-01-19,17,2026-01-19T15:00:00Z,2026-01-19T16:00:00Z,248.38,248.38,229.03,214.0,207.0,279.87,78.7,43.5,35.2
2026-01-19,18,2026-01-19T16:00:00Z,2026-01-19T17:00:00Z,246.87,246.87,242.48,250.0,202.35,276.28,93.6,46.8,46.8
2026-01-19,19,2026-01-19T17:00:00Z,2026-01-19T18:00:00Z,209.68,209.68,210.4,188.0,171.8,298.98,290.1,122.1,168.0
2026-01-19,20,2026-01-19T18:00:00Z,2026-01-19T19:00:00Z,215.47,215.47,199.68,167.83,160.86,298.6,228.7,104.2,124.5
2026-01-19,21,2026-01-19T19:00:00Z,2026-01-19T20:00:00Z,221.98,221.98,207.0,175.0,166.41,256.04,94.5,62.9,31.6
2026-01-19,22,2026-01-19T20:00:00Z,2026-01-19T21:00:00Z,187.28,187.28,180.34,159.99,146.13,270.02,117.6,59.8,57.8
2026-01-19,23,2026-01-19T21:00:00Z,2026-01-19T22:00:00Z,134.71,134.71,135.98,144.1,127.13,150.78,121.5,71.6,49.9
2026-01-19,24,2026-01-19T22:00:00Z,2026-01-19T23:00:00Z,111.85,111.85,111.72,112.8,104.47,121.98,77.8,63.0,14.8
2026-01-20,1,2026-01-19T23:00:00Z,2026-01-20T00:00:00Z,104.4,104.4,108.78,120.0,20.41,125.95,148.5,62.6,85.9
2026-01-20,2,2026-01-20T00:00:00Z,2026-01-20T01:00:00Z,111.71,111.71,112.22,104.5,100.0,116.19,179.3,90.8,88.5
2026-01-20,3,2026-01-20T01:00:00Z,2026-01-20T02:00:00Z,81.91,81.91,101.09,122.94,15.0,122.94,181.2,85.3,95.9
2026-01-20,4,2026-01-20T02:00:00Z,2026-01-20T03:00:00Z,76.95,76.95,104.59,125.22,15.0,129.34,181.2,89.0,92.2
2026-01-20,5,2026-01-20T03:00:00Z,2026-01-20T04:00:00Z,116.95,116.95,117.35,122.29,106.3,127.27,145.4,62.0,83.4
2026-01-20,6,2026-01-20T04:00:00Z,2026-01-20T05:00:00Z,78.73,78.73,118.58,124.12,15.0,135.53,206.8,108.3,98.5
2026-01-20,7,2026-01-20T05:00:00Z,2026-01-20T06:00:00Z,147.69,147.69,158.85,141.52,96.17,212.0,283.9,180.0,103.9
2026-01-20,8,2026-01-20T06:00:00Z,2026-01-20T07:00:00Z,196.0,196.0,206.25,231.69,134.15,235.0,332.2,136.8,195.4
2026-01-20,9,2026-01-20T07:00:00Z,2026-01-20T08:00:00Z,202.31,202.31,199.99,140.04,100.0,260.0,327.2,116.5,210.7
2026-01-20,10,2026-01-20T08:00:00Z,2026-01-20T09:00:00Z,177.53,177.53,177.59,182.6,160.07,203.97,374.3,170.6,203.7
2026-01-20,11,2026-01-20T09:00:00Z,2026-01-20T10:00:00Z,129.46,129.46,126.96,118.0,115.97,140.77,382.7,187.7,195.0
2026-01-20,12,2026-01-20T10:00:00Z,2026-01-20T11:00:00Z,111.84,111.84,111.56,80.04,80.04,139.42,400.1,194.1,206.0
2026-01-20,13,2026-01-20T11:00:00Z,2026-01-20T12:00:00Z,106.67,106.67,107.45,120.0,91.07,144.09,408.8,180.4,228.4
2026-01-20,14,2026-01-20T12:00:00Z,2026-01-20T13:00:00Z,111.09,111.09,112.78,104.99,92.39,137.57,356.8,172.5,184.3
2026-01-20,15,2026-01-20T13:00:00Z,2026-01-20T14:00:00Z,127.9,127.9,122.97,100.0,100.0,142.65,381.8,198.9,182.9
2026-01-20,16,2026-01-20T14:00:00Z,2026-01-20T15:00:00Z,183.16,183.16,180.23,170.0,165.5,239.0,422.2,233.7,188.5
2026-01-20,17,2026-01-20T15:00:00Z,2026-01-20T16:00:00Z,226.54,226.54,231.87,260.0,200.0,270.0,277.7,119.8,157.9
2026-01-20,18,2026-01-20T16:00:00Z,2026-01-20T17:00:00Z,207.15,207.15,209.34,220.0,189.59,258.64,282.9,120.3,162.6
2026-01-20,19,2026-01-20T17:00:00Z,2026-01-20T18:00:00Z,187.37,187.37,187.42,160.2,160.2,250.14,209.2,104.8,104.4
2026-01-20,20,2026-01-20T18:00:00Z,2026-01-20T19:00:00Z,161.88,161.88,166.07,155.56,151.35,214.97,168.2,59.3,108.9
2026-01-20,21,2026-01-20T19:00:00Z,2026-01-20T20:00:00Z,154.2,154.2,160.05,145.6,144.59,203.99,134.3,56.6,77.7
2026-01-20,22,2026-01-20T20:00:00Z,2026-01-20T21:00:00Z,133.42,133.42,133.32,119.85,119.85,180.08,131.6,56.3,75.3
2026-01-20,23,2026-01-20T21:00:00Z,2026-01-20T22:00:00Z,120.55,120.55,118.81,149.99,110.81,149.99,156.4,59.3,97.1
2026-01-20,24,2026-01-20T22:00:00Z,2026-01-20T23:00:00Z,114.81,114.81,114.18,143.75,102.0,143.75,324.8,244.7,80.1
2026-01-21,1,2026-01-20T23:00:00Z,2026-01-21T00:00:00Z,126.92,126.92,123.31,156.0,90.0,156.0,59.8,42.5,17.3
2026-01-21,2,2026-01-21T00:00:00Z,2026-01-21T01:00:00Z,129.17,129.17,125.14,148.35,90.0,154.24,94.9,59.9,35.0
2026-01-21,3,2026-01-21T01:00:00Z,2026-01-21T02:00:00Z,132.28,132.28,129.41,142.94,97.47,180.0,67.1,40.6,26.5
2026-01-21,4,2026-01-21T02:00:00Z,2026-01-21T03:00:00Z,123.28,123.28,119.44,105.15,98.48,180.0,103.1,85.1,18.0
2026-01-21,5,2026-01-21T03:00:00Z,2026-01-21T04:00:00Z,123.9,123.9,113.66,110.0,101.1,180.0,65.0,48.0,17.0
2026-01-21,6,2026-01-21T04:00:00Z,2026-01-21T05:00:00Z,164.19,164.19,147.57,174.31,99.05,240.0,47.8,27.8,20.0
2026-01-21,7,2026-01-21T05:00:00Z,2026-01-21T06:00:00Z,159.37,159.37,157.31,198.73,106.61,198.73,57.7,26.7,31.0
2026-01-21,8,2026-01-21T06:00:00Z,2026-01-21T07:00:00Z,176.2,176.2,186.0,209.42,158.27,211.68,56.5,7.7,48.8
2026-01-21,9,2026-01-21T07:00:00Z,2026-01-21T08:00:00Z,221.01,221.01,210.14,345.39,172.75,345.39,161.6,63.6,98.0
2026-01-21,10,2026-01-21T08:00:00Z,2026-01-21T09:00:00Z,150.47,150.47,154.3,165.0,143.37,165.0,55.0,27.0,28.0
2026-01-21,11,2026-01-21T09:00:00Z,2026-01-21T10:00:00Z,165.66,165.66,164.64,200.01,113.94,214.6,193.6,81.6,112.0
2026-01-21,12,2026-01-21T10:00:00Z,2026-01-21T11:00:00Z,191.39,191.39,186.29,210.01,106.77,299.99,476.8,223.6,253.2
2026-01-21,13,2026-01-21T11:00:00Z,2026-01-21T12:00:00Z,186.73,186.73,192.82,240.12,105.5,290.0,445.7,201.4,244.3
2026-01-21,14,2026-01-21T12:00:00Z,2026-01-21T13:00:00Z,224.7,224.7,215.02,388.22,113.35,400.0,506.5,248.0,258.5
2026-01-21,15,2026-01-21T13:00:00Z,2026-01-21T14:00:00Z,169.0,169.0,170.22,222.0,137.3,222.0,317.3,214.0,103.3
2026-01-21,16,2026-01-21T14:00:00Z,2026-01-21T15:00:00Z,228.05,228.05,227.36,220.0,197.98,270.57,276.8,158.0,118.8
2026-01-21,17,2026-01-21T15:00:00Z,2026-01-21T16:00:00Z,247.79,247.79,242.31,200.01,190.65,300.0,161.1,78.8,82.3
2026-01-21,18,2026-01-21T16:00:00Z,2026-01-21T17:00:00Z,350.63,350.63,365.29,390.78,289.77,444.0,350.1,142.9,207.2
2026-01-21,19,2026-01-21T17:00:00Z,2026-01-21T18:00:00Z,263.35,263.35,255.46,225.0,199.0,289.01,242.7,73.6,169.1
2026-01-21,20,2026-01-21T18:00:00Z,2026-01-21T19:00:00Z,250.97,250.97,241.57,242.65,175.27,280.09,262.6,74.4,188.2
2026-01-21,21,2026-01-21T19:00:00Z,2026-01-21T20:00:00Z,247.32,247.32,247.73,238.24,221.0,269.99,117.7,48.7,69.0
2026-01-21,22,2026-01-21T20:00:00Z,2026-01-21T21:00:00Z,156.12,156.12,161.86,162.0,134.11,210.8,170.3,130.2,40.1
2026-01-21,23,2026-01-21T21:00:00Z,2026-01-21T22:00:00Z,129.8,129.8,129.56,108.04,108.04,143.0,115.6,61.3,54.3
2026-01-21,24,2026-01-21T22:00:00Z,2026-01-21T23:00:00Z,106.53,106.53,108.63,100.0,97.45,124.89,104.0,69.1,34.9
2026-01-22,1,2026-01-21T23:00:00Z,2026-01-22T00:00:00Z,124.7,124.7,125.88,124.99,122.11,136.0,24.2,5.8,18.4
2026-01-22,2,2026-01-22T00:00:00Z,2026-01-22T01:00:00Z,100.06,100.06,115.25,121.34,90.0,121.34,21.0,11.0,10.0
2026-01-22,3,2026-01-22T01:00:00Z,2026-01-22T02:00:00Z,117.49,117.49,119.08,117.59,88.88,126.0,134.7,80.5,54.2
2026-01-22,4,2026-01-22T02:00:00Z,2026-01-22T03:00:00Z,113.87,113.87,114.98,85.0,84.0,126.0,145.1,97.7,47.4
2026-01-22,5,2026-01-22T03:00:00Z,2026-01-22T04:00:00Z,129.98,129.98,129.91,124.0,124.0,134.47,67.7,18.5,49.2
2026-01-22,6,2026-01-22T04:00:00Z,2026-01-22T05:00:00Z,134.49,134.49,136.11,118.42,118.42,144.17,68.8,28.9,39.9
2026-01-22,7,2026-01-22T05:00:00Z,2026-01-22T06:00:00Z,161.74,161.74,164.1,136.85,132.03,229.57,102.0,71.5,30.5
2026-01-22,8,2026-01-22T06:00:00Z,2026-01-22T07:00:00Z,223.94,223.94,232.46,171.39,171.39,299.3,56.7,23.9,32.8
2026-01-22,9,2026-01-22T07:00:00Z,2026-01-22T08:00:00Z,290.9,290.9,283.07,275.0,248.87,440.01,178.9,48.1,130.8
2026-01-22,10,2026-01-22T08:00:00Z,2026-01-22T09:00:00Z,223.92,223.92,224.6,195.0,153.05,360.27,221.4,103.9,117.5
2026-01-22,11,2026-01-22T09:00:00Z,2026-01-22T10:00:00Z,173.66,173.66,181.77,189.0,130.0,214.0,178.0,89.0,89.0
2026-01-22,12,2026-01-22T10:00:00Z,2026-01-22T11:00:00Z,161.66,161.66,169.21,193.23,95.45,240.81,464.9,225.1,239.8
2026-01-22,13,2026-01-22T11:00:00Z,2026-01-22T12:00:00Z,138.03,138.03,146.79,198.99,104.1,223.0,300.4,182.7,117.7
2026-01-22,14,2026-01-22T12:00:00Z,2026-01-22T13:00:00Z,127.28,127.28,126.43,149.69,86.04,149.69,298.1,184.4,113.7
2026-01-22,15,2026-01-22T13:00:00Z,2026-01-22T14:00:00Z,144.52,144.52,153.6,155.0,95.0,184.0,197.7,122.5,75.2
2026-01-22,16,2026-01-22T14:00:00Z,2026-01-22T15:00:00Z,202.75,202.75,205.77,198.3,190.46,283.7,263.9,128.6,135.3
2026-01-22,17,2026-01-22T15:00:00Z,2026-01-22T16:00:00Z,222.23,222.23,226.81,204.03,160.0,366.71,289.9,135.1,154.8
2026-01-22,18,2026-01-22T16:00:00Z,2026-01-22T17:00:00Z,214.81,214.81,215.78,200.0,163.48,375.38,259.6,114.1,145.5
2026-01-22,19,2026-01-22T17:00:00Z,2026-01-22T18:00:00Z,183.94,183.94,190.5,155.01,134.13,334.56,148.9,92.3,56.6
2026-01-22,20,2026-01-22T18:00:00Z,2026-01-22T19:00:00Z,176.27,176.27,176.02,164.43,120.92,333.81,162.1,91.5,70.6
2026-01-22,21,2026-01-22T19:00:00Z,2026-01-22T20:00:00Z,138.53,138.53,135.65,125.0,98.2,250.55,143.4,66.4,77.0
2026-01-22,22,2026-01-22T20:00:00Z,2026-01-22T21:00:00Z,126.74,126.74,119.83,101.51,101.51,179.35,108.2,32.7,75.5
2026-01-22,23,2026-01-22T21:00:00Z,2026-01-22T22:00:00Z,128.2,128.2,124.02,101.68,101.68,177.55,245.5,154.8,90.7
2026-01-22,24,2026-01-22T22:00:00Z,2026-01-22T23:00:00Z,111.73,111.73,111.48,97.44,96.62,146.0,417.9,291.3,126.6
2026-01-23,1,2026-01-22T23:00:00Z,2026-01-23T00:00:00Z,119.86,119.86,118.59,101.46,101.46,140.0,77.3,41.7,35.6
2026-01-23,2,2026-01-23T00:00:00Z,2026-01-23T01:00:00Z,116.86,116.86,110.57,93.3,93.3,147.7,122.3,81.0,41.3
2026-01-23,3,2026-01-23T01:00:00Z,2026-01-23T02:00:00Z,107.56,107.56,113.9,94.3,94.3,145.0,50.4,25.2,25.2
2026-01-23,4,2026-01-23T02:00:00Z,2026-01-23T03:00:00Z,106.66,106.66,104.47,83.68,81.68,115.49,76.2,38.8,37.4
2026-01-23,5,2026-01-23T03:00:00Z,2026-01-23T04:00:00Z,106.64,106.64,106.33,91.87,91.87,116.0,76.3,39.0,37.3
2026-01-23,6,2026-01-23T04:00:00Z,2026-01-23T05:00:00Z,132.49,132.49,118.61,101.0,101.0,178.0,59.9,46.6,13.3
2026-01-23,7,2026-01-23T05:00:00Z,2026-01-23T06:00:00Z,154.35,154.35,189.6,121.03,121.02,255.02,93.6,81.0,12.6
2026-01-23,8,2026-01-23T06:00:00Z,2026-01-23T07:00:00Z,207.26,207.26,227.76,275.99,127.0,341.34,120.4,81.2,39.2
2026-01-23,9,2026-01-23T07:00:00Z,2026-01-23T08:00:00Z,236.7,236.7,197.77,152.0,140.0,339.99,249.1,126.8,122.3
2026-01-23,10,2026-01-23T08:00:00Z,2026-01-23T09:00:00Z,208.98,208.98,221.95,135.86,135.86,361.34,286.0,170.5,115.5
2026-01-23,11,2026-01-23T09:00:00Z,2026-01-23T10:00:00Z,224.58,224.58,215.66,199.95,175.1,304.75,416.6,175.3,241.3
2026-01-23,12,2026-01-23T10:00:00Z,2026-01-23T11:00:00Z,222.48,222.48,204.73,188.99,161.41,296.0,330.1,156.7,173.4
2026-01-23,13,2026-01-23T11:00:00Z,2026-01-23T12:00:00Z,171.04,171.04,172.0,100.01,100.01,213.86,188.8,81.5,107.3
2026-01-23,14,2026-01-23T12:00:00Z,2026-01-23T13:00:00Z,164.2,164.2,162.79,138.79,132.57,223.15,219.7,149.6,70.1
2026-01-23,15,2026-01-23T13:00:00Z,2026-01-23T14:00:00Z,172.49,172.49,169.62,154.97,129.12,254.66,103.8,41.1,62.7
2026-01-23,16,2026-01-23T14:00:00Z,2026-01-23T15:00:00Z,164.6,164.6,166.68,167.5,138.47,199.0,82.0,48.0,34.0
2026-01-23,17,2026-01-23T15:00:00Z,2026-01-23T16:00:00Z,169.69,169.69,174.18,179.27,161.43,247.43,200.0,86.6,113.4
2026-01-23,18,2026-01-23T16:00:00Z,2026-01-23T17:00:00Z,186.18,186.18,193.51,175.0,160.01,283.33,273.5,143.8,129.7
2026-01-23,19,2026-01-23T17:00:00Z,2026-01-23T18:00:00Z,153.58,153.58,155.24,132.37,130.37,282.0,371.3,175.1,196.2
2026-01-23,20,2026-01-23T18:00:00Z,2026-01-23T19:00:00Z,164.02,164.02,158.68,137.01,135.0,263.57,223.8,80.6,143.2
2026-01-23,21,2026-01-23T19:00:00Z,2026-01-23T20:00:00Z,141.64,141.64,139.3,135.0,124.93,206.02,225.5,100.0,125.5
2026-01-23,22,2026-01-23T20:00:00Z,2026-01-23T21:00:00Z,134.24,134.24,134.14,122.99,112.55,140.85,261.1,191.1,70.0
2026-01-23,23,2026-01-23T21:00:00Z,2026-01-23T22:00:00Z,130.47,130.47,130.05,135.96,115.38,136.0,400.8,277.8,123.0
2026-01-23,24,2026-01-23T22:00:00Z,2026-01-23T23:00:00Z,110.67,110.67,110.79,117.99,103.0,117.99,225.3,102.3,123.0
2026-01-24,1,2026-01-23T23:00:00Z,2026-01-24T00:00:00Z,131.88,131.88,131.69,122.52,122.52,138.38,45.3,5.9,39.4
2026-01-24,2,2026-01-24T00:00:00Z,2026-01-24T01:00:00Z,108.68,108.68,110.28,112.11,101.01,132.9,95.7,33.8,61.9
2026-01-24,3,2026-01-24T01:00:00Z,2026-01-24T02:00:00Z,112.81,112.81,112.6,111.01,102.0,129.37,76.6,16.7,59.9
2026-01-24,4,2026-01-24T02:00:00Z,2026-01-24T03:00:00Z,122.72,122.72,124.05,127.37,113.01,137.01,105.2,33.4,71.8
2026-01-24,5,2026-01-24T03:00:00Z,2026-01-24T04:00:00Z,110.04,110.04,112.66,115.0,100.28,129.98,144.2,60.2,84.0
2026-01-24,6,2026-01-24T04:00:00Z,2026-01-24T05:00:00Z,119.79,119.79,119.89,112.14,112.14,129.01,112.8,35.2,77.6
2026-01-24,7,2026-01-24T05:00:00Z,2026-01-24T06:00:00Z,135.54,135.54,136.42,151.94,130.0,151.94,73.3,12.3,61.0
2026-01-24,8,2026-01-24T06:00:00Z,2026-01-24T07:00:00Z,135.36,135.36,136.29,137.57,129.48,146.52,52.0,7.3,44.7
2026-01-24,9,2026-01-24T07:00:00Z,2026-01-24T08:00:00Z,141.06,141.06,142.09,126.13,126.13,168.39,122.7,57.1,65.6
2026-01-24,10,2026-01-24T08:00:00Z,2026-01-24T09:00:00Z,144.67,144.67,143.21,140.01,128.21,160.29,143.4,94.0,49.4
2026-01-24,11,2026-01-24T09:00:00Z,2026-01-24T10:00:00Z,144.22,144.22,144.27,137.05,125.45,159.14,197.1,107.0,90.1
2026-01-24,12,2026-01-24T10:00:00Z,2026-01-24T11:00:00Z,144.04,144.04,144.14,148.26,138.22,164.47,160.8,71.5,89.3
2026-01-24,13,2026-01-24T11:00:00Z,2026-01-24T12:00:00Z,138.54,138.54,138.42,140.07,133.5,143.04,222.7,115.3,107.4
2026-01-24,14,2026-01-24T12:00:00Z,2026-01-24T13:00:00Z,134.05,134.05,134.16,122.01,122.01,143.24,241.8,113.9,127.9
2026-01-24,15,2026-01-24T13:00:00Z,2026-01-24T14:00:00Z,134.75,134.75,134.7,130.63,129.98,140.47,188.2,82.5,105.7
2026-01-24,16,2026-01-24T14:00:00Z,2026-01-24T15:00:00Z,145.45,145.45,145.95,163.79,133.99,163.79,210.3,73.2,137.1
2026-01-24,17,2026-01-24T15:00:00Z,2026-01-24T16:00:00Z,161.89,161.89,159.74,180.28,141.86,180.28,174.1,107.5,66.6
2026-01-24,18,2026-01-24T16:00:00Z,2026-01-24T17:00:00Z,155.23,155.23,157.83,151.56,146.09,165.33,197.4,129.8,67.6
2026-01-24,19,2026-01-24T17:00:00Z,2026-01-24T18:00:00Z,149.29,149.29,150.48,155.0,138.34,155.0,106.2,45.6,60.6
2026-01-24,20,2026-01-24T18:00:00Z,2026-01-24T19:00:00Z,147.15,147.15,146.35,143.0,140.02,153.25,123.5,41.2,82.3
2026-01-24,21,2026-01-24T19:00:00Z,2026-01-24T20:00:00Z,143.69,143.69,143.16,150.0,119.78,150.0,119.7,57.3,62.4
2026-01-24,22,2026-01-24T20:00:00Z,2026-01-24T21:00:00Z,129.9,129.9,130.17,124.13,110.94,139.19,142.2,75.3,66.9
2026-01-24,23,2026-01-24T21:00:00Z,2026-01-24T22:00:00Z,123.64,123.64,123.6,117.18,110.55,135.97,119.0,60.9,58.1
2026-01-24,24,2026-01-24T22:00:00Z,2026-01-24T23:00:00Z,109.61,109.61,109.35,146.99,103.5,146.99,101.5,40.8,60.7
2026-01-25,1,2026-01-24T23:00:00Z,2026-01-25T00:00:00Z,109.29,109.29,111.82,108.59,104.64,199.37,82.6,11.1,71.5
2026-01-25,2,2026-01-25T00:00:00Z,2026-01-25T01:00:00Z,108.28,108.28,109.67,100.5,100.5,206.3,45.5,1.1,44.4
2026-01-25,3,2026-01-25T01:00:00Z,2026-01-25T02:00:00Z,106.15,106.15,105.81,101.01,97.91,202.32,41.0,2.4,38.6
2026-01-25,4,2026-01-25T02:00:00Z,2026-01-25T03:00:00Z,102.78,102.78,103.17,85.23,83.23,203.07,64.1,4.9,59.2
2026-01-25,5,2026-01-25T03:00:00Z,2026-01-25T04:00:00Z,104.24,104.24,104.02,98.38,96.89,198.99,79.4,9.4,70.0
2026-01-25,6,2026-01-25T04:00:00Z,2026-01-25T05:00:00Z,104.25,104.25,104.04,95.51,95.51,198.65,76.7,11.5,65.2
2026-01-25,7,2026-01-25T05:00:00Z,2026-01-25T06:00:00Z,105.17,105.17,103.99,98.47,95.68,204.78,61.6,4.8,56.8
2026-01-25,8,2026-01-25T06:00:00Z,2026-01-25T07:00:00Z,108.82,108.82,108.29,105.01,101.63,201.47,65.8,4.5,61.3
2026-01-25,9,2026-01-25T07:00:00Z,2026-01-25T08:00:00Z,113.39,113.39,113.42,104.31,104.0,217.47,115.9,31.7,84.2
2026-01-25,10,2026-01-25T08:00:00Z,2026-01-25T09:00:00Z,118.87,118.87,119.07,106.5,106.5,133.0,177.2,54.0,123.2
2026-01-25,11,2026-01-25T09:00:00Z,2026-01-25T10:00:00Z,124.19,124.19,123.93,112.92,112.92,138.52,223.1,97.8,125.3
2026-01-25,12,2026-01-25T10:00:00Z,2026-01-25T11:00:00Z,123.89,123.89,122.89,124.5,113.5,139.79,295.1,120.9,174.2
2026-01-25,13,2026-01-25T11:00:00Z,2026-01-25T12:00:00Z,125.1,125.1,124.16,132.71,112.2,136.74,296.6,138.7,157.9
2026-01-25,14,2026-01-25T12:00:00Z,2026-01-25T13:00:00Z,123.02,123.02,123.39,111.21,111.21,132.0,248.1,119.5,128.6
2026-01-25,15,2026-01-25T13:00:00Z,2026-01-25T14:00:00Z,119.98,119.98,120.13,123.85,109.1,127.93,224.3,102.8,121.5
2026-01-25,16,2026-01-25T14:00:00Z,2026-01-25T15:00:00Z,120.77,120.77,121.54,112.5,111.9,132.39,177.6,75.5,102.1
2026-01-25,17,2026-01-25T15:00:00Z,2026-01-25T16:00:00Z,126.47,126.47,125.69,124.74,116.24,134.99,150.0,60.3,89.7
2026-01-25,18,2026-01-25T16:00:00Z,2026-01-25T17:00:00Z,131.49,131.49,131.23,131.52,127.01,141.89,162.1,66.6,95.5
2026-01-25,19,2026-01-25T17:00:00Z,2026-01-25T18:00:00Z,135.73,135.73,135.69,136.63,133.64,141.33,122.8,43.2,79.6
2026-01-25,20,2026-01-25T18:00:00Z,2026-01-25T19:00:00Z,134.69,134.69,135.64,140.61,131.85,142.88,96.2,28.1,68.1
2026-01-25,21,2026-01-25T19:00:00Z,2026-01-25T20:00:00Z,126.39,126.39,124.84,123.1,105.44,141.69,117.6,32.6,85.0
2026-01-25,22,2026-01-25T20:00:00Z,2026-01-25T21:00:00Z,120.81,120.81,122.8,113.01,113.01,129.65,141.4,42.1,99.3
2026-01-25,23,2026-01-25T21:00:00Z,2026-01-25T22:00:00Z,110.08,110.08,110.65,110.34,103.0,120.0,156.0,74.2,81.8
2026-01-25,24,2026-01-25T22:00:00Z,2026-01-25T23:00:00Z,101.31,101.31,101.3,84.65,84.6,108.49,198.0,96.5,101.5
2026-01-26,1,2026-01-25T23:00:00Z,2026-01-26T00:00:00Z,107.04,107.04,108.02,104.3,101.5,112.41,108.3,35.5,72.8
2026-01-26,2,2026-01-26T00:00:00Z,2026-01-26T01:00:00Z,119.22,119.22,105.75,94.7,85.0,198.35,116.1,47.0,69.1
2026-01-26,3,2026-01-26T01:00:00Z,2026-01-26T02:00:00Z,83.78,83.78,83.65,55.02,55.02,194.89,146.5,74.5,72.0
2026-01-26,4,2026-01-26T02:00:00Z,2026-01-26T03:00:00Z,86.07,86.07,86.43,28.49,26.03,193.57,94.6,43.7,50.9
2026-01-26,5,2026-01-26T03:00:00Z,2026-01-26T04:00:00Z,94.47,94.47,75.57,67.75,46.27,191.15,95.7,41.0,54.7
2026-01-26,6,2026-01-26T04:00:00Z,2026-01-26T05:00:00Z,101.54,101.54,98.56,88.77,86.5,121.13,109.0,70.5,38.5
2026-01-26,7,2026-01-26T05:00:00Z,2026-01-26T06:00:00Z,126.24,126.24,126.08,146.0,118.0,146.0,109.1,23.8,85.3
2026-01-26,8,2026-01-26T06:00:00Z,2026-01-26T07:00:00Z,159.25,159.25,158.27,135.0,135.0,192.87,64.0,13.6,50.4
2026-01-26,9,2026-01-26T07:00:00Z,2026-01-26T08:00:00Z,176.22,176.22,188.67,165.0,158.69,225.33,135.8,43.2,92.6
2026-01-26,10,2026-01-26T08:00:00Z,2026-01-26T09:00:00Z,184.36,184.36,183.84,199.0,166.0,218.14,72.1,35.5,36.6
2026-01-26,11,2026-01-26T09:00:00Z,2026-01-26T10:00:00Z,184.61,184.61,182.69,160.0,158.43,225.43,131.9,62.9,69.0
2026-01-26,12,2026-01-26T10:00:00Z,2026-01-26T11:00:00Z,179.94,179.94,181.67,170.0,168.05,190.23,179.3,113.2,66.1
2026-01-26,13,2026-01-26T11:00:00Z,2026-01-26T12:00:00Z,188.16,188.16,190.42,165.0,154.83,249.0,239.8,108.3,131.5
2026-01-26,14,2026-01-26T12:00:00Z,2026-01-26T13:00:00Z,175.02,175.02,178.97,170.05,156.05,223.25,226.4,85.6,140.8
2026-01-26,15,2026-01-26T13:00:00Z,2026-01-26T14:00:00Z,173.46,173.46,172.18,160.0,155.89,214.82,144.9,82.6,62.3
2026-01-26,16,2026-01-26T14:00:00Z,2026-01-26T15:00:00Z,178.91,178.91,181.89,170.62,170.62,212.76,121.1,67.6,53.5
2026-01-26,17,2026-01-26T15:00:00Z,2026-01-26T16:00:00Z,175.38,175.38,175.84,165.0,159.3,226.96,94.2,48.1,46.1
2026-01-26,18,2026-01-26T16:00:00Z,2026-01-26T17:00:00Z,183.67,183.67,180.91,165.0,165.0,254.33,155.8,95.6,60.2
2026-01-26,19,2026-01-26T17:00:00Z,2026-01-26T18:00:00Z,191.18,191.18,189.94,131.0,131.0,230.0,327.6,156.5,171.1
2026-01-26,20,2026-01-26T18:00:00Z,2026-01-26T19:00:00Z,175.43,175.43,173.62,155.72,155.72,213.0,158.9,91.7,67.2
2026-01-26,21,2026-01-26T19:00:00Z,2026-01-26T20:00:00Z,163.34,163.34,163.13,139.87,139.87,190.0,174.5,64.2,110.3
2026-01-26,22,2026-01-26T20:00:00Z,2026-01-26T21:00:00Z,144.57,144.57,144.87,152.85,136.71,155.01,159.3,67.2,92.1
2026-01-26,23,2026-01-26T21:00:00Z,2026-01-26T22:00:00Z,129.64,129.64,129.67,125.44,124.18,142.71,92.9,33.4,59.5
2026-01-26,24,2026-01-26T22:00:00Z,2026-01-26T23:00:00Z,120.17,120.17,120.48,118.03,115.68,128.16,64.1,17.0,47.1
2026-01-27,1,2026-01-26T23:00:00Z,2026-01-27T00:00:00Z,109.13,109.13,110.61,106.0,105.9,125.25,43.0,17.3,25.7
2026-01-27,2,2026-01-27T00:00:00Z,2026-01-27T01:00:00Z,106.1,106.1,105.87,102.0,92.39,120.68,70.5,22.6,47.9
2026-01-27,3,2026-01-27T01:00:00Z,2026-01-27T02:00:00Z,101.36,101.36,103.67,94.01,94.01,121.63,75.6,45.5,30.1
2026-01-27,4,2026-01-27T02:00:00Z,2026-01-27T03:00:00Z,100.78,100.78,101.96,99.06,93.79,119.39,86.0,57.4,28.6
2026-01-27,5,2026-01-27T03:00:00Z,2026-01-27T04:00:00Z,108.89,108.89,108.04,95.01,95.01,117.5,59.8,28.1,31.7
2026-01-27,6,2026-01-27T04:00:00Z,2026-01-27T05:00:00Z,118.19,118.19,118.86,110.31,110.31,127.01,59.7,19.1,40.6
2026-01-27,7,2026-01-27T05:00:00Z,2026-01-27T06:00:00Z,150.8,150.8,151.63,150.25,143.41,177.28,79.4,40.0,39.4
2026-01-27,8,2026-01-27T06:00:00Z,2026-01-27T07:00:00Z,215.65,215.65,210.78,179.31,174.0,372.55,80.5,61.1,19.4
2026-01-27,9,2026-01-27T07:00:00Z,2026-01-27T08:00:00Z,200.46,200.46,201.28,190.0,178.0,368.32,151.0,124.6,26.4
2026-01-27,10,2026-01-27T08:00:00Z,2026-01-27T09:00:00Z,179.69,179.69,179.79,176.81,173.09,217.02,124.2,108.0,16.2
2026-01-27,11,2026-01-27T09:00:00Z,2026-01-27T10:00:00Z,162.07,162.07,160.23,125.0,125.0,175.43,188.2,112.4,75.8
2026-01-27,12,2026-01-27T10:00:00Z,2026-01-27T11:00:00Z,143.93,143.93,140.93,142.9,124.01,160.8,113.7,77.7,36.0
2026-01-27,13,2026-01-27T11:00:00Z,2026-01-27T12:00:00Z,128.81,128.81,129.47,135.0,80.16,149.89,165.7,100.8,64.9
2026-01-27,14,2026-01-27T12:00:00Z,2026-01-27T13:00:00Z,132.29,132.29,131.07,120.45,120.45,151.49,176.1,93.4,82.7
2026-01-27,15,2026-01-27T13:00:00Z,2026-01-27T14:00:00Z,144.97,144.97,139.03,157.99,120.0,170.0,181.6,107.1,74.5
2026-01-27,16,2026-01-27T14:00:00Z,2026-01-27T15:00:00Z,172.86,172.86,171.12,142.1,142.1,362.93,163.2,97.9,65.3
2026-01-27,17,2026-01-27T15:00:00Z,2026-01-27T16:00:00Z,189.63,189.63,187.53,170.0,162.42,374.18,148.5,105.5,43.0
2026-01-27,18,2026-01-27T16:00:00Z,2026-01-27T17:00:00Z,198.27,198.27,196.74,225.0,169.95,374.49,136.6,79.5,57.1
2026-01-27,19,2026-01-27T17:00:00Z,2026-01-27T18:00:00Z,202.33,202.33,199.65,169.12,157.02,263.0,180.9,120.2,60.7
2026-01-27,20,2026-01-27T18:00:00Z,2026-01-27T19:00:00Z,194.91,194.91,187.31,180.0,141.0,257.0,164.6,105.3,59.3
2026-01-27,21,2026-01-27T19:00:00Z,2026-01-27T20:00:00Z,161.01,161.01,156.3,133.68,133.68,185.0,138.0,77.4,60.6
2026-01-27,22,2026-01-27T20:00:00Z,2026-01-27T21:00:00Z,139.48,139.48,137.81,140.37,128.28,146.24,102.7,34.9,67.8
2026-01-27,23,2026-01-27T21:00:00Z,2026-01-27T22:00:00Z,131.44,131.44,132.06,158.23,93.18,205.0,168.1,79.5,88.6
2026-01-27,24,2026-01-27T22:00:00Z,2026-01-27T23:00:00Z,117.65,117.65,117.21,124.01,108.67,127.58,201.8,96.4,105.4
2026-01-28,1,2026-01-27T23:00:00Z,2026-01-28T00:00:00Z,113.51,113.51,113.78,112.0,106.0,129.19,79.6,52.7,26.9
2026-01-28,2,2026-01-28T00:00:00Z,2026-01-28T01:00:00Z,112.32,112.32,112.7,107.92,107.92,115.0,75.6,48.8,26.8
2026-01-28,3,2026-01-28T01:00:00Z,2026-01-28T02:00:00Z,112.14,112.14,112.29,114.0,109.0,115.5,108.9,76.9,32.0
2026-01-28,4,2026-01-28T02:00:00Z,2026-01-28T03:00:00Z,112.33,112.33,112.99,114.99,105.93,115.6,91.3,87.9,3.4
2026-01-28,5,2026-01-28T03:00:00Z,2026-01-28T04:00:00Z,113.51,113.51,113.59,111.16,108.41,115.54,182.0,173.0,9.0
2026-01-28,6,2026-01-28T04:00:00Z,2026-01-28T05:00:00Z,117.6,117.6,118.67,121.28,108.0,124.91,86.3,61.6,24.7
2026-01-28,7,2026-01-28T05:00:00Z,2026-01-28T06:00:00Z,146.18,146.18,146.05,147.57,142.0,150.27,102.7,90.5,12.2
2026-01-28,8,2026-01-28T06:00:00Z,2026-01-28T07:00:00Z,205.41,205.41,206.93,205.52,182.12,250.0,306.6,112.5,194.1
2026-01-28,9,2026-01-28T07:00:00Z,2026-01-28T08:00:00Z,187.97,187.97,189.97,150.04,150.04,207.0,140.6,117.8,22.8
2026-01-28,10,2026-01-28T08:00:00Z,2026-01-28T09:00:00Z,183.6,183.6,184.62,199.98,150.03,225.13,172.6,131.4,41.2
2026-01-28,11,2026-01-28T09:00:00Z,2026-01-28T10:00:00Z,180.9,180.9,180.18,180.0,169.97,205.68,171.0,100.3,70.7
2026-01-28,12,2026-01-28T10:00:00Z,2026-01-28T11:00:00Z,191.17,191.17,193.53,166.01,166.01,219.3,225.1,92.1,133.0
2026-01-28,13,2026-01-28T11:00:00Z,2026-01-28T12:00:00Z,161.61,161.61,161.71,145.52,1.02,277.21,337.7,162.8,174.9
2026-01-28,14,2026-01-28T12:00:00Z,2026-01-28T13:00:00Z,165.99,165.99,157.27,103.26,100.14,257.91,283.7,155.4,128.3
2026-01-28,15,2026-01-28T13:00:00Z,2026-01-28T14:00:00Z,164.73,164.73,162.17,162.38,154.32,214.97,221.7,130.7,91.0
2026-01-28,16,2026-01-28T14:00:00Z,2026-01-28T15:00:00Z,182.48,182.48,180.11,189.99,163.0,199.0,309.0,184.2,124.8
2026-01-28,17,2026-01-28T15:00:00Z,2026-01-28T16:00:00Z,188.36,188.36,176.93,171.99,166.0,215.0,237.8,150.0,87.8
2026-01-28,18,2026-01-28T16:00:00Z,2026-01-28T17:00:00Z,184.64,184.64,179.25,185.59,165.09,200.5,176.6,104.7,71.9
2026-01-28,19,2026-01-28T17:00:00Z,2026-01-28T18:00:00Z,172.53,172.53,171.87,165.73,163.61,180.45,150.3,69.6,80.7
2026-01-28,20,2026-01-28T18:00:00Z,2026-01-28T19:00:00Z,161.0,161.0,159.89,153.0,153.0,166.61,98.1,39.2,58.9
2026-01-28,21,2026-01-28T19:00:00Z,2026-01-28T20:00:00Z,139.72,139.72,141.4,133.53,133.52,167.37,94.8,28.1,66.7
2026-01-28,22,2026-01-28T20:00:00Z,2026-01-28T21:00:00Z,131.51,131.51,129.41,123.96,121.0,147.58,122.1,44.7,77.4
2026-01-28,23,2026-01-28T21:00:00Z,2026-01-28T22:00:00Z,122.74,122.74,124.03,110.02,105.0,134.99,69.8,22.1,47.7
2026-01-28,24,2026-01-28T22:00:00Z,2026-01-28T23:00:00Z,112.18,112.18,111.86,110.83,107.46,120.0,142.1,64.8,77.3
2026-01-29,1,2026-01-28T23:00:00Z,2026-01-29T00:00:00Z,108.26,108.26,108.25,109.33,106.0,113.43,54.6,20.6,34.0
2026-01-29,2,2026-01-29T00:00:00Z,2026-01-29T01:00:00Z,107.62,107.62,106.74,105.09,105.07,109.7,53.3,25.3,28.0
2026-01-29,3,2026-01-29T01:00:00Z,2026-01-29T02:00:00Z,104.87,104.87,104.8,105.29,103.0,108.46,64.6,35.4,29.2
2026-01-29,4,2026-01-29T02:00:00Z,2026-01-29T03:00:00Z,104.24,104.24,104.27,105.06,101.9,106.54,71.5,45.0,26.5
2026-01-29,5,2026-01-29T03:00:00Z,2026-01-29T04:00:00Z,105.29,105.29,104.71,101.12,101.12,106.68,46.4,32.3,14.1
2026-01-29,6,2026-01-29T04:00:00Z,2026-01-29T05:00:00Z,112.47,112.47,112.99,116.28,108.18,117.51,73.2,52.4,20.8
2026-01-29,7,2026-01-29T05:00:00Z,2026-01-29T06:00:00Z,130.34,130.34,132.2,139.17,124.25,168.99,34.4,29.3,5.1
2026-01-29,8,2026-01-29T06:00:00Z,2026-01-29T07:00:00Z,187.09,187.09,193.81,190.0,154.0,220.0,66.1,35.8,30.3
2026-01-29,9,2026-01-29T07:00:00Z,2026-01-29T08:00:00Z,192.2,192.2,191.86,199.91,175.01,214.21,333.0,142.7,190.3
2026-01-29,10,2026-01-29T08:00:00Z,2026-01-29T09:00:00Z,207.82,207.82,213.77,219.97,172.0,240.0,243.3,118.1,125.2
2026-01-29,11,2026-01-29T09:00:00Z,2026-01-29T10:00:00Z,192.63,192.63,192.46,188.02,175.18,264.5,253.4,126.8,126.6
2026-01-29,12,2026-01-29T10:00:00Z,2026-01-29T11:00:00Z,192.61,192.61,196.46,190.0,174.77,250.0,185.0,98.7,86.3
2026-01-29,13,2026-01-29T11:00:00Z,2026-01-29T12:00:00Z,191.77,191.77,192.29,177.64,165.87,208.99,141.9,81.8,60.1
2026-01-29,14,2026-01-29T12:00:00Z,2026-01-29T13:00:00Z,191.31,191.31,193.93,258.99,167.72,258.99,194.4,121.3,73.1
2026-01-29,15,2026-01-29T13:00:00Z,2026-01-29T14:00:00Z,191.45,191.45,191.69,224.53,170.71,224.53,290.5,99.9,190.6
2026-01-29,16,2026-01-29T14:00:00Z,2026-01-29T15:00:00Z,200.55,200.55,197.9,238.0,166.99,238.0,148.3,92.1,56.2
2026-01-29,17,2026-01-29T15:00:00Z,2026-01-29T16:00:00Z,183.71,183.71,184.42,185.01,164.71,208.53,135.1,87.1,48.0
2026-01-29,18,2026-01-29T16:00:00Z,2026-01-29T17:00:00Z,190.33,190.33,189.17,200.09,166.0,205.0,166.5,101.2,65.3
2026-01-29,19,2026-01-29T17:00:00Z,2026-01-29T18:00:00Z,172.07,172.07,171.7,167.1,162.61,186.0,249.5,155.1,94.4
2026-01-29,20,2026-01-29T18:00:00Z,2026-01-29T19:00:00Z,178.67,178.67,179.69,200.0,158.26,222.54,180.7,78.8,101.9
2026-01-29,21,2026-01-29T19:00:00Z,2026-01-29T20:00:00Z,153.65,153.65,153.34,160.8,145.0,163.36,221.1,137.2,83.9
2026-01-29,22,2026-01-29T20:00:00Z,2026-01-29T21:00:00Z,139.0,139.0,140.47,145.0,133.97,145.0,112.8,58.3,54.5
2026-01-29,23,2026-01-29T21:00:00Z,2026-01-29T22:00:00Z,129.08,129.08,130.56,144.1,117.69,145.96,139.9,83.2,56.7
2026-01-29,24,2026-01-29T22:00:00Z,2026-01-29T23:00:00Z,112.27,112.27,112.12,115.76,107.61,121.36,82.7,44.1,38.6
2026-01-30,1,2026-01-29T23:00:00Z,2026-01-30T00:00:00Z,111.49,111.49,112.26,110.47,109.39,115.0,54.2,39.6,14.6
2026-01-30,2,2026-01-30T00:00:00Z,2026-01-30T01:00:00Z,102.12,102.12,102.5,98.04,95.88,111.84,66.6,30.1,36.5
2026-01-30,3,2026-01-30T01:00:00Z,2026-01-30T02:00:00Z,100.26,100.26,101.3,99.99,94.28,106.96,49.8,16.1,33.7
2026-01-30,4,2026-01-30T02:00:00Z,2026-01-30T03:00:00Z,100.57,100.57,101.15,102.9,94.85,104.33,63.4,21.7,41.7
2026-01-30,5,2026-01-30T03:00:00Z,2026-01-30T04:00:00Z,100.42,100.42,101.1,96.06,96.06,104.7,43.2,18.0,25.2
2026-01-30,6,2026-01-30T04:00:00Z,2026-01-30T05:00:00Z,106.07,106.07,106.4,104.79,103.53,110.15,36.6,23.7,12.9
2026-01-30,7,2026-01-30T05:00:00Z,2026-01-30T06:00:00Z,129.85,129.85,129.8,134.26,123.94,134.44,61.2,33.0,28.2
2026-01-30,8,2026-01-30T06:00:00Z,2026-01-30T07:00:00Z,146.56,146.56,145.28,115.97,115.97,150.33,66.5,54.6,11.9
2026-01-30,9,2026-01-30T07:00:00Z,2026-01-30T08:00:00Z,160.51,160.51,161.93,162.32,150.94,169.42,36.2,28.6,7.6
2026-01-30,10,2026-01-30T08:00:00Z,2026-01-30T09:00:00Z,158.92,158.92,158.72,155.96,155.28,164.0,127.9,58.4,69.5
2026-01-30,11,2026-01-30T09:00:00Z,2026-01-30T10:00:00Z,147.18,147.18,150.33,165.34,101.89,165.34,124.7,62.2,62.5
2026-01-30,12,2026-01-30T10:00:00Z,2026-01-30T11:00:00Z,151.37,151.37,152.97,144.46,141.61,169.9,208.1,95.2,112.9
2026-01-30,13,2026-01-30T11:00:00Z,2026-01-30T12:00:00Z,141.83,141.83,142.28,100.0,100.0,150.2,157.4,72.5,84.9
2026-01-30,14,2026-01-30T12:00:00Z,2026-01-30T13:00:00Z,146.32,146.32,143.49,127.49,127.49,195.06,260.0,141.6,118.4
2026-01-30,15,2026-01-30T13:00:00Z,2026-01-30T14:00:00Z,136.35,136.35,136.79,131.0,129.0,146.0,225.9,129.8,96.1
2026-01-30,16,2026-01-30T14:00:00Z,2026-01-30T15:00:00Z,141.6,141.6,140.71,141.23,131.0,162.25,215.9,141.8,74.1
2026-01-30,17,2026-01-30T15:00:00Z,2026-01-30T16:00:00Z,147.26,147.26,147.59,150.02,143.84,157.82,166.9,130.5,36.4
2026-01-30,18,2026-01-30T16:00:00Z,2026-01-30T17:00:00Z,149.69,149.69,149.54,149.01,143.1,156.58,150.4,84.2,66.2
2026-01-30,19,2026-01-30T17:00:00Z,2026-01-30T18:00:00Z,152.54,152.54,153.72,157.48,148.25,162.89,153.1,35.3,117.8
2026-01-30,20,2026-01-30T18:00:00Z,2026-01-30T19:00:00Z,149.95,149.95,150.12,155.47,139.85,163.0,122.4,29.2,93.2
2026-01-30,21,2026-01-30T19:00:00Z,2026-01-30T20:00:00Z,148.08,148.08,148.23,151.97,141.01,151.97,132.5,83.4,49.1
2026-01-30,22,2026-01-30T20:00:00Z,2026-01-30T21:00:00Z,125.43,125.43,125.72,165.38,88.39,165.38,190.5,111.7,78.8
2026-01-30,23,2026-01-30T21:00:00Z,2026-01-30T22:00:00Z,119.1,119.1,119.36,119.96,115.43,125.24,100.6,58.2,42.4
2026-01-30,24,2026-01-30T22:00:00Z,2026-01-30T23:00:00Z,108.92,108.92,109.15,104.35,104.03,114.64,118.2,68.1,50.1
2026-01-31,1,2026-01-30T23:00:00Z,2026-01-31T00:00:00Z,103.17,103.17,103.1,102.0,102.0,104.41,13.2,9.6,3.6
2026-01-31,2,2026-01-31T00:00:00Z,2026-01-31T01:00:00Z,98.9,98.9,99.31,91.97,91.97,103.01,40.8,23.6,17.2
2026-01-31,3,2026-01-31T01:00:00Z,2026-01-31T02:00:00Z,93.89,93.89,94.2,97.73,90.26,97.73,20.5,18.2,2.3
2026-01-31,4,2026-01-31T02:00:00Z,2026-01-31T03:00:00Z,94.7,94.7,93.17,98.02,86.36,98.88,47.4,21.8,25.6
2026-01-31,5,2026-01-31T03:00:00Z,2026-01-31T04:00:00Z,94.5,94.5,94.55,95.46,88.47,101.65,48.3,19.3,29.0
2026-01-31,6,2026-01-31T04:00:00Z,2026-01-31T05:00:00Z,94.55,94.55,93.46,100.67,87.86,100.67,44.0,17.9,26.1
2026-01-31,7,2026-01-31T05:00:00Z,2026-01-31T06:00:00Z,99.02,99.02,98.08,96.81,96.56,102.61,54.7,29.5,25.2
2026-01-31,8,2026-01-31T06:00:00Z,2026-01-31T07:00:00Z,103.39,103.39,102.3,97.67,97.67,114.0,67.8,57.1,10.7
2026-01-31,9,2026-01-31T07:00:00Z,2026-01-31T08:00:00Z,110.21,110.21,109.83,104.43,104.11,125.0,87.9,57.6,30.3
2026-01-31,10,2026-01-31T08:00:00Z,2026-01-31T09:00:00Z,121.57,121.57,120.61,126.2,114.0,134.58,154.1,53.6,100.5
2026-01-31,11,2026-01-31T09:00:00Z,2026-01-31T10:00:00Z,117.89,117.89,117.31,119.87,108.0,134.52,243.9,116.4,127.5
2026-01-31,12,2026-01-31T10:00:00Z,2026-01-31T11:00:00Z,113.39,113.39,109.94,105.12,98.14,122.01,178.6,100.4,78.2
2026-01-31,13,2026-01-31T11:00:00Z,2026-01-31T12:00:00Z,109.01,109.01,106.92,92.0,92.0,115.88,242.3,125.5,116.8
2026-01-31,14,2026-01-31T12:00:00Z,2026-01-31T13:00:00Z,107.7,107.7,108.12,110.38,100.01,116.85,248.2,131.7,116.5
2026-01-31,15,2026-01-31T13:00:00Z,2026-01-31T14:00:00Z,109.62,109.62,107.54,124.0,100.0,124.0,205.1,122.8,82.3
2026-01-31,16,2026-01-31T14:00:00Z,2026-01-31T15:00:00Z,120.06,120.06,120.9,117.11,107.86,150.01,376.9,215.2,161.7
2026-01-31,17,2026-01-31T15:00:00Z,2026-01-31T16:00:00Z,121.72,121.72,121.63,115.0,109.37,140.19,253.7,140.4,113.3
2026-01-31,18,2026-01-31T16:00:00Z,2026-01-31T17:00:00Z,130.74,130.74,132.06,149.81,110.2,149.81,151.6,77.4,74.2
2026-01-31,19,2026-01-31T17:00:00Z,2026-01-31T18:00:00Z,123.86,123.86,127.11,127.32,55.48,144.09,170.8,119.1,51.7
2026-01-31,20,2026-01-31T18:00:00Z,2026-01-31T19:00:00Z,128.08,128.08,128.08,121.01,120.61,142.02,90.3,72.7,17.6
2026-01-31,21,2026-01-31T19:00:00Z,2026-01-31T20:00:00Z,116.35,116.35,116.29,106.88,105.5,126.0,88.2,66.4,21.8
2026-01-31,22,2026-01-31T20:00:00Z,2026-01-31T21:00:00Z,105.34,105.34,104.96,102.3,99.0,113.5,57.1,30.5,26.6
2026-01-31,23,2026-01-31T21:00:00Z,2026-01-31T22:00:00Z,112.81,112.81,112.3,119.11,106.02,124.95,100.7,42.0,58.7
2026-01-31,24,2026-01-31T22:00:00Z,2026-01-31T23:00:00Z,98.88,98.88,100.58,106.45,56.18,106.45,133.2,64.5,68.7
2026-02-01,1,2026-01-31T23:00:00Z,2026-02-01T00:00:00Z,104.0,104.0,101.51,103.36,95.02,111.48,100.0,64.3,35.7
2026-02-01,2,2026-02-01T00:00:00Z,2026-02-01T01:00:00Z,97.51,97.51,98.23,99.82,95.01,102.16,47.3,37.7,9.6
2026-02-01,3,2026-02-01T01:00:00Z,2026-02-01T02:00:00Z,97.89,97.89,98.37,104.58,95.01,104.6,50.1,35.9,14.2
2026-02-01,4,2026-02-01T02:00:00Z,2026-02-01T03:00:00Z,98.39,98.39,99.87,103.59,92.97,103.68,46.1,27.6,18.5
2026-02-01,5,2026-02-01T03:00:00Z,2026-02-01T04:00:00Z,101.45,101.45,105.42,99.85,94.01,196.34,46.8,33.2,13.6
2026-02-01,6,2026-02-01T04:00:00Z,2026-02-01T05:00:00Z,98.35,98.35,99.09,101.72,93.68,102.37,39.6,29.5,10.1
2026-02-01,7,2026-02-01T05:00:00Z,2026-02-01T06:00:00Z,99.34,99.34,100.37,96.02,92.55,110.0,63.1,42.2,20.9
2026-02-01,8,2026-02-01T06:00:00Z,2026-02-01T07:00:00Z,101.03,101.03,103.54,96.94,96.0,126.98,99.0,63.3,35.7
2026-02-01,9,2026-02-01T07:00:00Z,2026-02-01T08:00:00Z,103.68,103.68,103.41,105.3,100.12,125.9,100.9,60.2,40.7
2026-02-01,10,2026-02-01T08:00:00Z,2026-02-01T09:00:00Z,100.98,100.98,96.57,20.52,20.52,127.89,126.4,56.3,70.1
2026-02-01,11,2026-02-01T09:00:00Z,2026-02-01T10:00:00Z,104.58,104.58,106.04,108.87,90.02,123.66,209.4,83.3,126.1
2026-02-01,12,2026-02-01T10:00:00Z,2026-02-01T11:00:00Z,106.56,106.56,107.22,111.0,99.2,121.0,220.4,90.2,130.2
2026-02-01,13,2026-02-01T11:00:00Z,2026-02-01T12:00:00Z,104.97,104.97,105.35,101.92,98.57,119.76,180.8,81.6,99.2
2026-02-01,14,2026-02-01T12:00:00Z,2026-02-01T13:00:00Z,99.21,99.21,99.23,109.1,92.46,111.15,188.4,105.9,82.5
2026-02-01,15,2026-02-01T13:00:00Z,2026-02-01T14:00:00Z,102.11,102.11,102.77,95.7,93.53,111.11,190.1,109.4,80.7
2026-02-01,16,2026-02-01T14:00:00Z,2026-02-01T15:00:00Z,111.08,111.08,111.45,134.5,104.19,134.83,168.0,66.0,102.0
2026-02-01,17,2026-02-01T15:00:00Z,2026-02-01T16:00:00Z,128.25,128.25,130.53,144.27,115.92,156.81,116.3,76.1,40.2
2026-02-01,18,2026-02-01T16:00:00Z,2026-02-01T17:00:00Z,146.99,146.99,153.0,162.0,131.0,171.0,115.4,76.1,39.3
2026-02-01,19,2026-02-01T17:00:00Z,2026-02-01T18:00:00Z,144.48,144.48,146.68,136.16,136.06,176.0,188.1,96.5,91.6
2026-02-01,20,2026-02-01T18:00:00Z,2026-02-01T19:00:00Z,137.51,137.51,137.99,132.75,130.96,142.96,160.9,93.7,67.2
2026-02-01,21,2026-02-01T19:00:00Z,2026-02-01T20:00:00Z,125.26,125.26,125.68,121.0,118.09,134.83,117.5,74.4,43.1
2026-02-01,22,2026-02-01T20:00:00Z,2026-02-01T21:00:00Z,118.65,118.65,119.6,115.15,108.01,129.8,136.5,71.7,64.8
2026-02-01,23,2026-02-01T21:00:00Z,2026-02-01T22:00:00Z,124.85,124.85,123.67,125.51,104.76,147.44,227.5,117.5,110.0
2026-02-01,24,2026-02-01T22:00:00Z,2026-02-01T23:00:00Z,106.23,106.23,106.18,118.4,96.29,118.4,178.1,108.0,70.1
2026-02-02,1,2026-02-01T23:00:00Z,2026-02-02T00:00:00Z,107.92,107.92,108.07,110.38,99.95,112.61,44.3,26.3,18.0
2026-02-02,2,2026-02-02T00:00:00Z,2026-02-02T01:00:00Z,106.08,106.08,105.96,108.53,97.18,113.29,88.5,30.9,57.6
2026-02-02,3,2026-02-02T01:00:00Z,2026-02-02T02:00:00Z,103.98,103.98,104.21,104.25,100.24,108.3,80.2,32.0,48.2
2026-02-02,4,2026-02-02T02:00:00Z,2026-02-02T03:00:00Z,103.92,103.92,104.26,109.67,98.63,109.84,119.6,55.4,64.2
2026-02-02,5,2026-02-02T03:00:00Z,2026-02-02T04:00:00Z,105.98,105.98,108.44,108.88,101.88,123.3,94.1,41.9,52.2
2026-02-02,6,2026-02-02T04:00:00Z,2026-02-02T05:00:00Z,107.89,107.89,108.5,107.77,105.4,114.5,80.6,56.1,24.5
2026-02-02,7,2026-02-02T05:00:00Z,2026-02-02T06:00:00Z,190.51,190.51,176.93,300.04,146.53,410.0,128.4,86.2,42.2
2026-02-02,8,2026-02-02T06:00:00Z,2026-02-02T07:00:00Z,180.81,180.81,179.56,168.99,164.23,201.26,177.0,95.3,81.7
2026-02-02,9,2026-02-02T07:00:00Z,2026-02-02T08:00:00Z,174.3,174.3,175.58,155.0,155.0,193.55,161.4,69.5,91.9
2026-02-02,10,2026-02-02T08:00:00Z,2026-02-02T09:00:00Z,167.88,167.88,170.73,168.6,156.02,220.0,165.9,76.5,89.4
2026-02-02,11,2026-02-02T09:00:00Z,2026-02-02T10:00:00Z,160.76,160.76,164.17,169.78,144.09,185.0,176.5,82.9,93.6
2026-02-02,12,2026-02-02T10:00:00Z,2026-02-02T11:00:00Z,160.32,160.32,163.15,164.0,140.5,186.99,263.9,130.5,133.4
2026-02-02,13,2026-02-02T11:00:00Z,2026-02-02T12:00:00Z,150.05,150.05,150.16,157.58,132.83,168.0,256.0,162.7,93.3
2026-02-02,14,2026-02-02T12:00:00Z,2026-02-02T13:00:00Z,152.16,152.16,151.65,147.62,133.0,207.95,266.0,154.9,111.1
2026-02-02,15,2026-02-02T13:00:00Z,2026-02-02T14:00:00Z,190.95,190.95,175.65,358.65,137.02,358.65,185.5,118.6,66.9
2026-02-02,16,2026-02-02T14:00:00Z,2026-02-02T15:00:00Z,257.6,257.6,260.71,399.99,155.0,399.99,176.3,86.3,90.0
2026-02-02,17,2026-02-02T15:00:00Z,2026-02-02T16:00:00Z,258.32,258.32,256.46,370.16,182.01,370.16,143.3,63.6,79.7
2026-02-02,18,2026-02-02T16:00:00Z,2026-02-02T17:00:00Z,244.76,244.76,272.29,325.43,185.0,371.99,197.6,90.8,106.8
2026-02-02,19,2026-02-02T17:00:00Z,2026-02-02T18:00:00Z,211.93,211.93,214.73,255.0,192.01,299.88,347.1,93.0,254.1
2026-02-02,20,2026-02-02T18:00:00Z,2026-02-02T19:00:00Z,227.51,227.51,235.9,249.05,164.87,310.15,348.4,122.0,226.4
2026-02-02,21,2026-02-02T19:00:00Z,2026-02-02T20:00:00Z,210.47,210.47,200.6,180.0,131.01,288.53,338.9,185.5,153.4
2026-02-02,22,2026-02-02T20:00:00Z,2026-02-02T21:00:00Z,135.18,135.18,136.7,133.7,120.0,151.99,148.2,105.4,42.8
2026-02-02,23,2026-02-02T21:00:00Z,2026-02-02T22:00:00Z,114.73,114.73,114.87,121.69,104.55,127.6,127.6,59.4,68.2
2026-02-02,24,2026-02-02T22:00:00Z,2026-02-02T23:00:00Z,109.18,109.18,107.4,117.46,97.5,117.46,100.2,76.7,23.5
2026-02-03,1,2026-02-02T23:00:00Z,2026-02-03T00:00:00Z,102.32,102.32,102.12,102.26,99.69,104.0,82.5,75.4,7.1
2026-02-03,2,2026-02-03T00:00:00Z,2026-02-03T01:00:00Z,96.72,96.72,97.22,84.5,84.29,102.0,59.4,51.4,8.0
2026-02-03,3,2026-02-03T01:00:00Z,2026-02-03T02:00:00Z,90.55,90.55,92.33,83.26,83.26,102.0,110.8,103.8,7.0
2026-02-03,4,2026-02-03T02:00:00Z,2026-02-03T03:00:00Z,84.74,84.74,85.69,88.7,78.04,102.0,179.5,156.2,23.3
2026-02-03,5,2026-02-03T03:00:00Z,2026-02-03T04:00:00Z,86.01,86.01,88.91,91.35,80.91,95.63,96.3,80.6,15.7
2026-02-03,6,2026-02-03T04:00:00Z,2026-02-03T05:00:00Z,104.6,104.6,103.62,95.33,95.33,119.89,92.1,72.0,20.1
2026-02-03,7,2026-02-03T05:00:00Z,2026-02-03T06:00:00Z,132.24,132.24,131.4,136.2,125.16,136.4,32.7,4.1,28.6
2026-02-03,8,2026-02-03T06:00:00Z,2026-02-03T07:00:00Z,219.19,219.19,214.5,214.01,178.89,277.0,88.7,48.0,40.7
2026-02-03,9,2026-02-03T07:00:00Z,2026-02-03T08:00:00Z,215.7,215.7,215.91,210.0,160.13,266.56,132.7,78.3,54.4
2026-02-03,10,2026-02-03T08:00:00Z,2026-02-03T09:00:00Z,177.14,177.14,175.81,175.87,143.66,209.6,210.6,96.1,114.5
2026-02-03,11,2026-02-03T09:00:00Z,2026-02-03T10:00:00Z,191.06,191.06,187.92,180.14,154.11,250.5,387.1,72.2,314.9
2026-02-03,12,2026-02-03T10:00:00Z,2026-02-03T11:00:00Z,192.29,192.29,195.75,171.0,155.01,238.47,653.9,216.3,437.6
2026-02-03,13,2026-02-03T11:00:00Z,2026-02-03T12:00:00Z,165.48,165.48,162.0,125.59,125.59,222.58,533.9,256.2,277.7
2026-02-03,14,2026-02-03T12:00:00Z,2026-02-03T13:00:00Z,154.23,154.23,146.66,138.86,128.99,191.0,408.6,184.6,224.0
2026-02-03,15,2026-02-03T13:00:00Z,2026-02-03T14:00:00Z,164.07,164.07,162.75,145.03,145.03,209.48,218.2,124.1,94.1
2026-02-03,16,2026-02-03T14:00:00Z,2026-02-03T15:00:00Z,186.13,186.13,185.29,189.0,170.01,194.89,131.0,47.8,83.2
2026-02-03,17,2026-02-03T15:00:00Z,2026-02-03T16:00:00Z,157.88,157.88,160.6,141.85,130.01,183.63,164.2,87.0,77.2
2026-02-03,18,2026-02-03T16:00:00Z,2026-02-03T17:00:00Z,158.08,158.08,157.95,148.15,141.5,190.0,186.0,89.1,96.9
2026-02-03,19,2026-02-03T17:00:00Z,2026-02-03T18:00:00Z,158.37,158.37,157.09,140.6,140.5,165.0,120.0,49.0,71.0
2026-02-03,20,2026-02-03T18:00:00Z,2026-02-03T19:00:00Z,162.11,162.11,163.51,169.0,136.61,193.0,74.3,28.1,46.2
2026-02-03,21,2026-02-03T19:00:00Z,2026-02-03T20:00:00Z,156.55,156.55,154.75,174.0,149.16,174.0,18.2,6.6,11.6
2026-02-03,22,2026-02-03T20:00:00Z,2026-02-03T21:00:00Z,130.34,130.34,130.33,121.58,121.58,135.95,41.9,16.8,25.1
2026-02-03,23,2026-02-03T21:00:00Z,2026-02-03T22:00:00Z,116.4,116.4,116.77,113.38,113.38,119.0,34.5,16.5,18.0
2026-02-03,24,2026-02-03T22:00:00Z,2026-02-03T23:00:00Z,105.77,105.77,106.61,118.95,103.26,118.95,53.4,18.8,34.6
2026-02-04,1,2026-02-03T23:00:00Z,2026-02-04T00:00:00Z,100.94,100.94,101.52,95.1,95.1,107.4,37.4,27.1,10.3
2026-02-04,2,2026-02-04T00:00:00Z,2026-02-04T01:00:00Z,96.68,96.68,95.44,93.57,93.51,105.01,172.1,152.5,19.6
2026-02-04,3,2026-02-04T01:00:00Z,2026-02-04T02:00:00Z,98.11,98.11,98.86,94.84,93.09,102.97,137.1,113.2,23.9
2026-02-04,4,2026-02-04T02:00:00Z,2026-02-04T03:00:00Z,96.65,96.65,96.44,96.3,94.06,104.02,125.8,100.5,25.3
2026-02-04,5,2026-02-04T03:00:00Z,2026-02-04T04:00:00Z,97.95,97.95,97.48,91.01,91.01,104.0,86.5,59.7,26.8
2026-02-04,6,2026-02-04T04:00:00Z,2026-02-04T05:00:00Z,101.06,101.06,101.4,95.43,95.43,107.15,37.2,31.0,6.2
2026-02-04,7,2026-02-04T05:00:00Z,2026-02-04T06:00:00Z,109.41,109.41,109.16,92.98,92.98,121.0,22.6,14.0,8.6
2026-02-04,8,2026-02-04T06:00:00Z,2026-02-04T07:00:00Z,133.66,133.66,133.77,128.9,126.61,154.6,83.1,33.7,49.4
2026-02-04,9,2026-02-04T07:00:00Z,2026-02-04T08:00:00Z,142.55,142.55,140.98,132.12,132.02,154.0,45.6,14.6,31.0
2026-02-04,10,2026-02-04T08:00:00Z,2026-02-04T09:00:00Z,155.18,155.18,152.73,158.38,140.45,170.05,52.9,30.1,22.8
2026-02-04,11,2026-02-04T09:00:00Z,2026-02-04T10:00:00Z,144.48,144.48,146.87,150.0,100.02,165.07,144.3,77.7,66.6
2026-02-04,12,2026-02-04T10:00:00Z,2026-02-04T11:00:00Z,136.7,136.7,136.48,110.42,109.69,174.58,221.6,106.5,115.1
2026-02-04,13,2026-02-04T11:00:00Z,2026-02-04T12:00:00Z,134.19,134.19,128.76,113.0,110.3,154.13,326.8,150.5,176.3
2026-02-04,14,2026-02-04T12:00:00Z,2026-02-04T13:00:00Z,130.04,130.04,129.97,114.93,109.0,156.46,295.8,153.9,141.9
2026-02-04,15,2026-02-04T13:00:00Z,2026-02-04T14:00:00Z,129.83,129.83,126.7,121.0,107.99,155.94,350.9,138.0,212.9
2026-02-04,16,2026-02-04T14:00:00Z,2026-02-04T15:00:00Z,128.72,128.72,129.66,131.74,112.55,158.89,218.6,104.5,114.1
2026-02-04,17,2026-02-04T15:00:00Z,2026-02-04T16:00:00Z,131.36,131.36,131.57,136.0,112.1,154.89,217.9,94.1,123.8
2026-02-04,18,2026-02-04T16:00:00Z,2026-02-04T17:00:00Z,132.25,132.25,133.83,113.03,113.03,153.0,203.8,111.0,92.8
2026-02-04,19,2026-02-04T17:00:00Z,2026-02-04T18:00:00Z,132.81,132.81,130.74,115.03,115.03,150.37,177.6,90.8,86.8
2026-02-04,20,2026-02-04T18:00:00Z,2026-02-04T19:00:00Z,124.5,124.5,122.82,117.14,111.03,146.0,251.9,140.8,111.1
2026-02-04,21,2026-02-04T19:00:00Z,2026-02-04T20:00:00Z,122.59,122.59,120.89,116.85,109.73,136.56,178.9,80.5,98.4
2026-02-04,22,2026-02-04T20:00:00Z,2026-02-04T21:00:00Z,104.76,104.76,99.9,1.0,1.0,111.0,61.7,23.5,38.2
2026-02-04,23,2026-02-04T21:00:00Z,2026-02-04T22:00:00Z,103.5,103.5,102.99,96.05,96.05,126.5,86.1,51.6,34.5
2026-02-04,24,2026-02-04T22:00:00Z,2026-02-04T23:00:00Z,93.84,93.84,93.98,89.7,89.08,98.82,89.7,20.5,69.2
2026-02-05,1,2026-02-04T23:00:00Z,2026-02-05T00:00:00Z,93.56,93.56,94.37,89.61,89.61,98.99,63.7,43.3,20.4
2026-02-05,2,2026-02-05T00:00:00Z,2026-02-05T01:00:00Z,92.88,92.88,93.88,87.63,87.63,102.32,55.5,41.1,14.4
2026-02-05,3,2026-02-05T01:00:00Z,2026-02-05T02:00:00Z,91.84,91.84,91.54,86.92,86.92,99.96,103.5,67.9,35.6
2026-02-05,4,2026-02-05T02:00:00Z,2026-02-05T03:00:00Z,91.41,91.41,89.18,87.2,86.77,99.0,96.9,50.5,46.4
2026-02-05,5,2026-02-05T03:00:00Z,2026-02-05T04:00:00Z,92.24,92.24,93.1,96.6,88.79,96.6,52.3,29.1,23.2
2026-02-05,6,2026-02-05T04:00:00Z,2026-02-05T05:00:00Z,97.89,97.89,97.95,100.92,92.88,102.0,32.1,11.7,20.4
2026-02-05,7,2026-02-05T05:00:00Z,2026-02-05T06:00:00Z,120.78,120.78,121.39,127.1,109.69,127.13,69.2,8.2,61.0
2026-02-05,8,2026-02-05T06:00:00Z,2026-02-05T07:00:00Z,137.16,137.16,136.8,142.5,122.59,150.0,145.6,70.0,75.6
2026-02-05,9,2026-02-05T07:00:00Z,2026-02-05T08:00:00Z,139.93,139.93,143.65,157.7,132.65,157.7,189.1,60.9,128.2
2026-02-05,10,2026-02-05T08:00:00Z,2026-02-05T09:00:00Z,143.56,143.56,145.11,144.54,135.69,151.04,255.5,77.7,177.8
2026-02-05,11,2026-02-05T09:00:00Z,2026-02-05T10:00:00Z,137.31,137.31,138.45,51.0,51.0,199.99,239.5,80.6,158.9
2026-02-05,12,2026-02-05T10:00:00Z,2026-02-05T11:00:00Z,135.16,135.16,135.51,120.02,120.02,160.0,233.9,60.0,173.9
2026-02-05,13,2026-02-05T11:00:00Z,2026-02-05T12:00:00Z,124.54,124.54,122.42,111.0,111.0,134.39,204.2,73.7,130.5
2026-02-05,14,2026-02-05T12:00:00Z,2026-02-05T13:00:00Z,128.04,128.04,127.31,95.77,95.77,138.89,222.0,86.3,135.7
2026-02-05,15,2026-02-05T13:00:00Z,2026-02-05T14:00:00Z,125.37,125.37,121.63,97.48,97.48,138.99,268.8,110.7,158.1
2026-02-05,16,2026-02-05T14:00:00Z,2026-02-05T15:00:00Z,131.01,131.01,128.89,126.61,117.24,144.55,250.2,87.0,163.2
2026-02-05,17,2026-02-05T15:00:00Z,2026-02-05T16:00:00Z,134.61,134.61,132.52,128.82,122.01,145.78,190.5,72.9,117.6
2026-02-05,18,2026-02-05T16:00:00Z,2026-02-05T17:00:00Z,143.66,143.66,139.14,120.03,120.03,154.91,137.9,34.8,103.1
2026-02-05,19,2026-02-05T17:00:00Z,2026-02-05T18:00:00Z,138.39,138.39,137.76,120.02,120.02,154.64,187.7,85.0,102.7
2026-02-05,20,2026-02-05T18:00:00Z,2026-02-05T19:00:00Z,137.08,137.08,135.51,141.49,128.51,149.5,193.0,67.2,125.8
2026-02-05,21,2026-02-05T19:00:00Z,2026-02-05T20:00:00Z,137.39,137.39,137.0,149.58,123.75,149.58,148.6,33.2,115.4
2026-02-05,22,2026-02-05T20:00:00Z,2026-02-05T21:00:00Z,129.76,129.76,131.52,137.0,122.09,140.0,144.1,59.2,84.9
2026-02-05,23,2026-02-05T21:00:00Z,2026-02-05T22:00:00Z,114.73,114.73,116.61,87.75,87.75,126.58,145.4,66.5,78.9
2026-02-05,24,2026-02-05T22:00:00Z,2026-02-05T23:00:00Z,106.37,106.37,106.87,107.7,101.0,110.51,132.5,55.6,76.9
2026-02-06,1,2026-02-05T23:00:00Z,2026-02-06T00:00:00Z,110.48,110.48,110.07,110.2,100.12,113.41,36.3,12.9,23.4
2026-02-06,2,2026-02-06T00:00:00Z,2026-02-06T01:00:00Z,107.14,107.14,107.14,108.2,100.0,109.73,72.1,47.3,24.8
2026-02-06,3,2026-02-06T01:00:00Z,2026-02-06T02:00:00Z,110.56,110.56,110.28,118.5,100.12,118.5,88.0,39.6,48.4
2026-02-06,4,2026-02-06T02:00:00Z,2026-02-06T03:00:00Z,113.08,113.08,113.53,110.2,101.0,116.8,91.1,33.7,57.4
2026-02-06,5,2026-02-06T03:00:00Z,2026-02-06T04:00:00Z,110.37,110.37,110.97,114.4,102.0,114.87,75.3,17.3,58.0
2026-02-06,6,2026-02-06T04:00:00Z,2026-02-06T05:00:00Z,114.29,114.29,114.93,120.21,104.0,120.21,69.0,0.2,68.8
2026-02-06,7,2026-02-06T05:00:00Z,2026-02-06T06:00:00Z,133.61,133.61,131.47,125.0,124.0,140.39,60.8,31.6,29.2
2026-02-06,8,2026-02-06T06:00:00Z,2026-02-06T07:00:00Z,147.39,147.39,146.93,129.0,128.0,153.0,64.6,28.8,35.8
2026-02-06,9,2026-02-06T07:00:00Z,2026-02-06T08:00:00Z,155.09,155.09,154.37,150.0,145.0,161.18,112.0,30.0,82.0
2026-02-06,10,2026-02-06T08:00:00Z,2026-02-06T09:00:00Z,152.99,152.99,153.1,150.0,147.8,162.47,161.5,46.4,115.1
2026-02-06,11,2026-02-06T09:00:00Z,2026-02-06T10:00:00Z,146.32,146.32,146.82,135.0,110.39,160.0,186.8,86.6,100.2
2026-02-06,12,2026-02-06T10:00:00Z,2026-02-06T11:00:00Z,143.81,143.81,142.48,147.99,130.0,156.43,326.8,174.6,152.2
2026-02-06,13,2026-02-06T11:00:00Z,2026-02-06T12:00:00Z,134.68,134.68,134.03,100.02,100.02,144.33,147.7,55.2,92.5
2026-02-06,14,2026-02-06T12:00:00Z,2026-02-06T13:00:00Z,136.48,136.48,136.23,132.68,130.11,145.0,161.0,60.3,100.7
2026-02-06,15,2026-02-06T13:00:00Z,2026-02-06T14:00:00Z,135.4,135.4,135.26,125.79,125.09,143.1,142.2,55.4,86.8
2026-02-06,16,2026-02-06T14:00:00Z,2026-02-06T15:00:00Z,143.35,143.35,142.13,110.0,110.0,150.0,132.3,59.1,73.2
2026-02-06,17,2026-02-06T15:00:00Z,2026-02-06T16:00:00Z,153.22,153.22,147.09,142.04,141.0,191.56,176.9,102.4,74.5
2026-02-06,18,2026-02-06T16:00:00Z,2026-02-06T17:00:00Z,150.85,150.85,151.46,145.0,144.83,187.21,137.8,74.8,63.0
2026-02-06,19,2026-02-06T17:00:00Z,2026-02-06T18:00:00Z,147.02,147.02,146.25,145.45,142.27,174.58,151.3,67.3,84.0
2026-02-06,20,2026-02-06T18:00:00Z,2026-02-06T19:00:00Z,143.8,143.8,145.43,145.65,130.17,162.05,163.9,79.0,84.9
2026-02-06,21,2026-02-06T19:00:00Z,2026-02-06T20:00:00Z,135.71,135.71,136.72,140.93,130.51,145.66,139.9,77.9,62.0
2026-02-06,22,2026-02-06T20:00:00Z,2026-02-06T21:00:00Z,123.71,123.71,123.94,120.04,118.96,130.62,136.7,51.5,85.2
2026-02-06,23,2026-02-06T21:00:00Z,2026-02-06T22:00:00Z,116.26,116.26,116.48,117.01,113.09,121.3,143.5,52.0,91.5
2026-02-06,24,2026-02-06T22:00:00Z,2026-02-06T23:00:00Z,105.85,105.85,105.08,98.41,97.0,113.59,157.3,85.4,71.9
2026-02-07,1,2026-02-06T23:00:00Z,2026-02-07T00:00:00Z,107.03,107.03,106.61,103.92,102.0,116.97,102.3,63.2,39.1
2026-02-07,2,2026-02-07T00:00:00Z,2026-02-07T01:00:00Z,102.54,102.54,102.85,104.81,99.5,105.0,79.3,45.6,33.7
2026-02-07,3,2026-02-07T01:00:00Z,2026-02-07T02:00:00Z,102.6,102.6,106.86,96.7,96.7,181.45,53.5,40.1,13.4
2026-02-07,4,2026-02-07T02:00:00Z,2026-02-07T03:00:00Z,100.89,100.89,104.18,97.15,96.28,180.05,60.7,51.4,9.3
2026-02-07,5,2026-02-07T03:00:00Z,2026-02-07T04:00:00Z,99.75,99.75,98.79,98.98,94.9,104.67,63.7,44.9,18.8
2026-02-07,6,2026-02-07T04:00:00Z,2026-02-07T05:00:00Z,95.65,95.65,94.63,85.0,85.0,100.0,24.9,13.6,11.3
2026-02-07,7,2026-02-07T05:00:00Z,2026-02-07T06:00:00Z,101.31,101.31,101.05,105.95,95.66,105.95,82.0,23.9,58.1
2026-02-07,8,2026-02-07T06:00:00Z,2026-02-07T07:00:00Z,107.6,107.6,107.58,109.09,102.0,111.0,86.4,31.3,55.1
2026-02-07,9,2026-02-07T07:00:00Z,2026-02-07T08:00:00Z,113.16,113.16,112.13,108.8,108.26,116.97,88.8,17.0,71.8
2026-02-07,10,2026-02-07T08:00:00Z,2026-02-07T09:00:00Z,115.21,115.21,108.47,90.0,90.0,124.9,64.7,26.9,37.8
2026-02-07,11,2026-02-07T09:00:00Z,2026-02-07T10:00:00Z,107.95,107.95,107.14,102.65,101.93,119.57,169.3,79.0,90.3
2026-02-07,12,2026-02-07T10:00:00Z,2026-02-07T11:00:00Z,105.29,105.29,106.46,98.01,97.78,120.05,211.7,66.7,145.0
2026-02-07,13,2026-02-07T11:00:00Z,2026-02-07T12:00:00Z,98.62,98.62,97.06,94.88,80.97,106.08,163.8,58.9,104.9
2026-02-07,14,2026-02-07T12:00:00Z,2026-02-07T13:00:00Z,97.36,97.36,97.46,96.54,92.6,108.46,136.0,55.9,80.1
2026-02-07,15,2026-02-07T13:00:00Z,2026-02-07T14:00:00Z,99.22,99.22,99.86,95.01,93.63,107.0,140.5,70.3,70.2
2026-02-07,16,2026-02-07T14:00:00Z,2026-02-07T15:00:00Z,110.33,110.33,110.46,109.96,104.69,114.98,126.0,63.4,62.6
2026-02-07,17,2026-02-07T15:00:00Z,2026-02-07T16:00:00Z,126.06,126.06,127.35,135.85,120.0,135.85,113.2,55.4,57.8
2026-02-07,18,2026-02-07T16:00:00Z,2026-02-07T17:00:00Z,133.75,133.75,132.53,134.49,121.11,138.0,682.4,330.6,351.8
2026-02-07,19,2026-02-07T17:00:00Z,2026-02-07T18:00:00Z,134.25,134.25,134.74,147.88,120.0,147.88,481.4,214.4,267.0
2026-02-07,20,2026-02-07T18:00:00Z,2026-02-07T19:00:00Z,134.67,134.67,133.29,134.64,125.0,149.99,134.6,58.0,76.6
2026-02-07,21,2026-02-07T19:00:00Z,2026-02-07T20:00:00Z,123.02,123.02,122.2,118.0,118.0,127.99,69.9,37.6,32.3
2026-02-07,22,2026-02-07T20:00:00Z,2026-02-07T21:00:00Z,114.18,114.18,113.58,114.71,109.53,117.28,136.2,67.9,68.3
2026-02-07,23,2026-02-07T21:00:00Z,2026-02-07T22:00:00Z,107.83,107.83,108.13,104.92,104.83,112.89,112.9,44.7,68.2
2026-02-07,24,2026-02-07T22:00:00Z,2026-02-07T23:00:00Z,101.71,101.71,101.62,104.55,96.69,105.4,106.1,45.1,61.0
2026-02-08,1,2026-02-07T23:00:00Z,2026-02-08T00:00:00Z,102.64,102.64,102.76,103.52,99.5,106.08,76.7,63.9,12.8
2026-02-08,2,2026-02-08T00:00:00Z,2026-02-08T01:00:00Z,100.55,100.55,100.51,101.67,99.89,101.67,45.0,38.0,7.0
2026-02-08,3,2026-02-08T01:00:00Z,2026-02-08T02:00:00Z,100.27,100.27,99.52,94.91,94.91,102.52,56.4,35.2,21.2
2026-02-08,4,2026-02-08T02:00:00Z,2026-02-08T03:00:00Z,101.22,101.22,100.46,94.79,94.79,104.84,29.6,2.3,27.3
2026-02-08,5,2026-02-08T03:00:00Z,2026-02-08T04:00:00Z,99.0,99.0,99.32,100.1,97.66,102.28,59.8,35.0,24.8
2026-02-08,6,2026-02-08T04:00:00Z,2026-02-08T05:00:00Z,103.95,103.95,103.07,103.0,94.99,106.01,60.8,38.9,21.9
2026-02-08,7,2026-02-08T05:00:00Z,2026-02-08T06:00:00Z,98.29,98.29,98.43,95.0,95.0,101.75,52.2,14.1,38.1
2026-02-08,8,2026-02-08T06:00:00Z,2026-02-08T07:00:00Z,99.9,99.9,100.6,107.08,97.4,107.08,66.6,18.6,48.0
2026-02-08,9,2026-02-08T07:00:00Z,2026-02-08T08:00:00Z,104.24,104.24,104.34,95.01,95.01,110.34,137.9,48.6,89.3
2026-02-08,10,2026-02-08T08:00:00Z,2026-02-08T09:00:00Z,106.68,106.68,106.23,100.02,100.02,110.83,145.3,43.9,101.4
2026-02-08,11,2026-02-08T09:00:00Z,2026-02-08T10:00:00Z,102.52,102.52,102.93,79.0,79.0,109.34,165.5,91.3,74.2
2026-02-08,12,2026-02-08T10:00:00Z,2026-02-08T11:00:00Z,98.97,98.97,97.44,82.72,82.72,108.11,233.3,118.7,114.6
2026-02-08,13,2026-02-08T11:00:00Z,2026-02-08T12:00:00Z,94.88,94.88,91.89,90.63,76.02,106.66,264.3,113.7,150.6
2026-02-08,14,2026-02-08T12:00:00Z,2026-02-08T13:00:00Z,93.4,93.4,92.57,75.48,75.48,105.12,188.7,65.5,123.2
2026-02-08,15,2026-02-08T13:00:00Z,2026-02-08T14:00:00Z,99.79,99.79,99.17,103.55,90.0,109.28,204.5,69.3,135.2
2026-02-08,16,2026-02-08T14:00:00Z,2026-02-08T15:00:00Z,104.19,104.19,105.04,75.02,75.02,109.97,163.1,91.8,71.3
2026-02-08,17,2026-02-08T15:00:00Z,2026-02-08T16:00:00Z,108.35,108.35,107.5,85.0,85.0,113.85,110.1,63.2,46.9
2026-02-08,18,2026-02-08T16:00:00Z,2026-02-08T17:00:00Z,122.28,122.28,122.71,65.07,65.07,129.52,143.9,54.5,89.4
2026-02-08,19,2026-02-08T17:00:00Z,2026-02-08T18:00:00Z,127.27,127.27,128.94,124.66,60.1,133.31,134.6,42.3,92.3
2026-02-08,20,2026-02-08T18:00:00Z,2026-02-08T19:00:00Z,126.05,126.05,127.85,94.64,94.64,137.84,104.3,26.9,77.4
2026-02-08,21,2026-02-08T19:00:00Z,2026-02-08T20:00:00Z,116.98,116.98,116.47,89.39,89.39,122.0,77.2,25.9,51.3
2026-02-08,22,2026-02-08T20:00:00Z,2026-02-08T21:00:00Z,106.63,106.63,105.14,100.16,98.13,112.43,98.5,22.2,76.3
2026-02-08,23,2026-02-08T21:00:00Z,2026-02-08T22:00:00Z,101.49,101.49,101.81,96.55,95.79,109.0,113.9,42.4,71.5
2026-02-08,24,2026-02-08T22:00:00Z,2026-02-08T23:00:00Z,98.06,98.06,97.89,98.4,94.61,104.58,107.1,38.0,69.1
2026-02-09,1,2026-02-08T23:00:00Z,2026-02-09T00:00:00Z,98.58,98.58,97.81,94.81,93.76,104.0,91.0,24.5,66.5
2026-02-09,2,2026-02-09T00:00:00Z,2026-02-09T01:00:00Z,97.34,97.34,97.3,96.29,95.41,104.01,354.8,281.5,73.3
2026-02-09,3,2026-02-09T01:00:00Z,2026-02-09T02:00:00Z,97.46,97.46,97.13,89.0,89.0,104.0,167.3,87.8,79.5
2026-02-09,4,2026-02-09T02:00:00Z,2026-02-09T03:00:00Z,96.41,96.41,95.9,89.77,89.77,101.4,87.4,18.5,68.9
2026-02-09,5,2026-02-09T03:00:00Z,2026-02-09T04:00:00Z,95.02,95.02,95.14,89.43,89.43,104.0,102.7,23.4,79.3
2026-02-09,6,2026-02-09T04:00:00Z,2026-02-09T05:00:00Z,100.89,100.89,99.94,94.84,94.5,107.0,104.3,31.3,73.0
2026-02-09,7,2026-02-09T05:00:00Z,2026-02-09T06:00:00Z,122.7,122.7,123.09,108.18,104.19,141.0,108.9,34.2,74.7
2026-02-09,8,2026-02-09T06:00:00Z,2026-02-09T07:00:00Z,156.36,156.36,156.19,151.89,149.86,169.87,60.0,34.8,25.2
2026-02-09,9,2026-02-09T07:00:00Z,2026-02-09T08:00:00Z,167.41,167.41,166.2,160.0,158.01,179.62,81.2,47.7,33.5
2026-02-09,10,2026-02-09T08:00:00Z,2026-02-09T09:00:00Z,171.82,171.82,172.85,209.87,160.0,209.87,161.5,56.8,104.7
2026-02-09,11,2026-02-09T09:00:00Z,2026-02-09T10:00:00Z,167.07,167.07,169.14,169.75,145.0,209.91,318.9,125.3,193.6
2026-02-09,12,2026-02-09T10:00:00Z,2026-02-09T11:00:00Z,164.39,164.39,165.26,169.41,137.82,189.0,261.6,112.8,148.8
2026-02-09,13,2026-02-09T11:00:00Z,2026-02-09T12:00:00Z,148.69,148.69,150.56,157.18,134.0,162.19,251.9,109.9,142.0
2026-02-09,14,2026-02-09T12:00:00Z,2026-02-09T13:00:00Z,145.05,145.05,144.4,155.0,131.92,164.01,247.0,118.0,129.0
2026-02-09,15,2026-02-09T13:00:00Z,2026-02-09T14:00:00Z,157.99,157.99,158.32,218.69,135.0,218.69,185.0,77.3,107.7
2026-02-09,16,2026-02-09T14:00:00Z,2026-02-09T15:00:00Z,180.91,180.91,183.97,208.93,151.56,208.93,165.2,91.6,73.6
2026-02-09,17,2026-02-09T15:00:00Z,2026-02-09T16:00:00Z,198.92,198.92,202.64,205.0,170.0,228.73,152.8,91.4,61.4
2026-02-09,18,2026-02-09T16:00:00Z,2026-02-09T17:00:00Z,247.56,247.56,239.09,250.18,205.38,271.21,110.2,62.5,47.7
2026-02-09,19,2026-02-09T17:00:00Z,2026-02-09T18:00:00Z,207.28,207.28,206.02,250.0,172.3,250.0,199.6,110.3,89.3
2026-02-09,20,2026-02-09T18:00:00Z,2026-02-09T19:00:00Z,189.54,189.54,190.5,186.99,164.68,208.95,223.5,113.2,110.3
2026-02-09,21,2026-02-09T19:00:00Z,2026-02-09T20:00:00Z,159.34,159.34,159.58,148.36,147.47,174.38,150.4,78.5,71.9
2026-02-09,22,2026-02-09T20:00:00Z,2026-02-09T21:00:00Z,138.64,138.64,137.28,128.99,128.99,147.08,200.0,114.0,86.0
2026-02-09,23,2026-02-09T21:00:00Z,2026-02-09T22:00:00Z,122.78,122.78,123.19,106.11,106.11,136.46,135.5,66.3,69.2
2026-02-09,24,2026-02-09T22:00:00Z,2026-02-09T23:00:00Z,111.48,111.48,110.83,114.9,105.99,115.71,93.3,33.7,59.6
2026-02-10,1,2026-02-09T23:00:00Z,2026-02-10T00:00:00Z,107.51,107.51,107.45,111.99,102.73,115.46,66.1,36.4,29.7
2026-02-10,2,2026-02-10T00:00:00Z,2026-02-10T01:00:00Z,107.74,107.74,107.51,105.0,105.0,113.35,104.8,80.0,24.8
2026-02-10,3,2026-02-10T01:00:00Z,2026-02-10T02:00:00Z,108.35,108.35,108.36,109.24,104.66,111.56,61.3,28.6,32.7
2026-02-10,4,2026-02-10T02:00:00Z,2026-02-10T03:00:00Z,109.31,109.31,109.6,109.33,104.4,112.47,59.2,33.0,26.2
2026-02-10,5,2026-02-10T03:00:00Z,2026-02-10T04:00:00Z,109.38,109.38,109.89,111.98,106.09,118.85,46.5,22.5,24.0
2026-02-10,6,2026-02-10T04:00:00Z,2026-02-10T05:00:00Z,117.33,117.33,117.35,123.46,110.25,124.0,126.9,77.5,49.4
2026-02-10,7,2026-02-10T05:00:00Z,2026-02-10T06:00:00Z,140.79,140.79,142.67,165.0,124.73,181.45,74.5,31.1,43.4
2026-02-10,8,2026-02-10T06:00:00Z,2026-02-10T07:00:00Z,150.1,150.1,148.82,145.12,145.0,164.52,99.2,61.0,38.2
2026-02-10,9,2026-02-10T07:00:00Z,2026-02-10T08:00:00Z,152.9,152.9,151.22,143.92,143.92,161.17,119.2,61.5,57.7
2026-02-10,10,2026-02-10T08:00:00Z,2026-02-10T09:00:00Z,139.84,139.84,140.98,164.99,101.0,164.99,155.6,82.6,73.0
2026-02-10,11,2026-02-10T09:00:00Z,2026-02-10T10:00:00Z,135.05,135.05,133.32,135.0,125.9,143.22,167.4,87.1,80.3
2026-02-10,12,2026-02-10T10:00:00Z,2026-02-10T11:00:00Z,129.15,129.15,128.17,158.45,114.0,158.45,332.7,155.7,177.0
2026-02-10,13,2026-02-10T11:00:00Z,2026-02-10T12:00:00Z,124.16,124.16,124.18,129.0,117.89,136.0,253.8,134.6,119.2
2026-02-10,14,2026-02-10T12:00:00Z,2026-02-10T13:00:00Z,126.96,126.96,126.69,134.93,116.33,138.01,342.7,214.1,128.6
2026-02-10,15,2026-02-10T13:00:00Z,2026-02-10T14:00:00Z,138.57,138.57,142.29,159.97,121.34,164.58,212.5,96.9,115.6
2026-02-10,16,2026-02-10T14:00:00Z,2026-02-10T15:00:00Z,152.21,152.21,151.6,173.0,137.77,174.99,155.6,81.5,74.1
2026-02-10,17,2026-02-10T15:00:00Z,2026-02-10T16:00:00Z,163.53,163.53,171.83,180.0,150.02,180.0,190.0,95.0,95.0
2026-02-10,18,2026-02-10T16:00:00Z,2026-02-10T17:00:00Z,170.78,170.78,177.21,191.0,160.01,193.0,120.0,57.5,62.5
2026-02-10,19,2026-02-10T17:00:00Z,2026-02-10T18:00:00Z,160.98,160.98,164.46,172.99,144.49,179.9,157.6,76.3,81.3
2026-02-10,20,2026-02-10T18:00:00Z,2026-02-10T19:00:00Z,153.67,153.67,155.03,156.85,148.05,169.83,132.4,66.2,66.2
2026-02-10,21,2026-02-10T19:00:00Z,2026-02-10T20:00:00Z,138.27,138.27,142.08,125.0,118.33,159.9,139.7,69.7,70.0
2026-02-10,22,2026-02-10T20:00:00Z,2026-02-10T21:00:00Z,123.34,123.34,123.44,134.94,119.01,134.94,84.0,21.3,62.7
2026-02-10,23,2026-02-10T21:00:00Z,2026-02-10T22:00:00Z,108.43,108.43,106.84,112.7,101.12,117.39,161.9,102.7,59.2
2026-02-10,24,2026-02-10T22:00:00Z,2026-02-10T23:00:00Z,103.97,103.97,103.75,103.81,97.32,107.3,96.5,42.4,54.1
2026-02-11,1,2026-02-10T23:00:00Z,2026-02-11T00:00:00Z,104.5,104.5,104.29,106.81,101.7,110.26,46.4,31.3,15.1
2026-02-11,2,2026-02-11T00:00:00Z,2026-02-11T01:00:00Z,94.44,94.44,94.43,94.13,91.5,102.82,57.5,47.8,9.7
2026-02-11,3,2026-02-11T01:00:00Z,2026-02-11T02:00:00Z,92.46,92.46,93.67,94.1,88.65,100.0,67.5,54.5,13.0
2026-02-11,4,2026-02-11T02:00:00Z,2026-02-11T03:00:00Z,92.29,92.29,93.62,89.9,87.5,99.51,124.4,95.1,29.3
2026-02-11,5,2026-02-11T03:00:00Z,2026-02-11T04:00:00Z,92.58,92.58,92.57,89.99,88.0,99.15,64.1,48.8,15.3
2026-02-11,6,2026-02-11T04:00:00Z,2026-02-11T05:00:00Z,114.85,114.85,112.48,120.58,102.99,123.38,41.5,25.9,15.6
2026-02-11,7,2026-02-11T05:00:00Z,2026-02-11T06:00:00Z,122.29,122.29,121.76,130.0,114.54,130.0,73.6,47.1,26.5
2026-02-11,8,2026-02-11T06:00:00Z,2026-02-11T07:00:00Z,141.6,141.6,142.15,138.42,132.5,146.63,75.9,55.6,20.3
2026-02-11,9,2026-02-11T07:00:00Z,2026-02-11T08:00:00Z,137.56,137.56,137.78,150.0,129.35,150.48,90.3,55.4,34.9
2026-02-11,10,2026-02-11T08:00:00Z,2026-02-11T09:00:00Z,133.34,133.34,133.43,131.0,129.14,141.37,83.7,43.2,40.5
2026-02-11,11,2026-02-11T09:00:00Z,2026-02-11T10:00:00Z,131.26,131.26,131.29,136.98,120.48,140.93,150.5,94.8,55.7
2026-02-11,12,2026-02-11T10:00:00Z,2026-02-11T11:00:00Z,134.61,134.61,134.13,146.99,116.58,146.99,199.5,106.6,92.9
2026-02-11,13,2026-02-11T11:00:00Z,2026-02-11T12:00:00Z,126.75,126.75,126.85,139.78,109.33,139.88,190.4,118.2,72.2
2026-02-11,14,2026-02-11T12:00:00Z,2026-02-11T13:00:00Z,129.03,129.03,128.71,138.88,120.09,138.88,129.1,80.1,49.0
2026-02-11,15,2026-02-11T13:00:00Z,2026-02-11T14:00:00Z,129.84,129.84,128.83,124.0,115.99,145.0,241.0,153.5,87.5
2026-02-11,16,2026-02-11T14:00:00Z,2026-02-11T15:00:00Z,132.62,132.62,132.71,132.0,126.38,142.0,275.0,186.5,88.5
2026-02-11,17,2026-02-11T15:00:00Z,2026-02-11T16:00:00Z,147.54,147.54,147.46,143.99,126.27,172.42,166.7,111.3,55.4
2026-02-11,18,2026-02-11T16:00:00Z,2026-02-11T17:00:00Z,146.97,146.97,144.98,145.0,126.88,174.89,116.5,75.5,41.0
2026-02-11,19,2026-02-11T17:00:00Z,2026-02-11T18:00:00Z,141.58,141.58,138.48,136.26,132.57,178.56,157.8,88.8,69.0
2026-02-11,20,2026-02-11T18:00:00Z,2026-02-11T19:00:00Z,129.44,129.44,129.43,134.99,122.65,143.97,167.0,101.2,65.8
2026-02-11,21,2026-02-11T19:00:00Z,2026-02-11T20:00:00Z,126.3,126.3,126.3,127.98,119.03,132.06,239.2,129.6,109.6
2026-02-11,22,2026-02-11T20:00:00Z,2026-02-11T21:00:00Z,128.09,128.09,129.9,162.07,113.0,178.98,241.1,119.7,121.4
2026-02-11,23,2026-02-11T21:00:00Z,2026-02-11T22:00:00Z,117.98,117.98,116.96,139.95,107.03,139.95,167.3,98.1,69.2
2026-02-11,24,2026-02-11T22:00:00Z,2026-02-11T23:00:00Z,114.01,114.01,113.9,119.48,104.01,129.95,114.9,72.8,42.1
2026-02-12,1,2026-02-11T23:00:00Z,2026-02-12T00:00:00Z,104.21,104.21,105.04,105.0,100.09,110.5,60.1,39.0,21.1
2026-02-12,2,2026-02-12T00:00:00Z,2026-02-12T01:00:00Z,103.99,103.99,105.52,102.0,96.19,110.0,75.9,50.2,25.7
2026-02-12,3,2026-02-12T01:00:00Z,2026-02-12T02:00:00Z,101.36,101.36,103.15,95.0,94.24,110.82,81.9,54.2,27.7
2026-02-12,4,2026-02-12T02:00:00Z,2026-02-12T03:00:00Z,102.6,102.6,102.77,94.0,93.83,107.13,158.4,144.9,13.5
2026-02-12,5,2026-02-12T03:00:00Z,2026-02-12T04:00:00Z,106.08,106.08,105.96,99.0,99.0,118.0,143.4,117.0,26.4
2026-02-12,6,2026-02-12T04:00:00Z,2026-02-12T05:00:00Z,107.65,107.65,107.34,118.54,101.27,118.54,176.7,133.9,42.8
2026-02-12,7,2026-02-12T05:00:00Z,2026-02-12T06:00:00Z,126.07,126.07,125.69,128.02,120.0,135.99,144.8,85.3,59.5
2026-02-12,8,2026-02-12T06:00:00Z,2026-02-12T07:00:00Z,140.54,140.54,140.73,136.7,135.26,146.85,88.1,44.4,43.7
2026-02-12,9,2026-02-12T07:00:00Z,2026-02-12T08:00:00Z,138.38,138.38,140.65,145.05,132.95,154.99,148.8,68.9,79.9
2026-02-12,10,2026-02-12T08:00:00Z,2026-02-12T09:00:00Z,127.73,127.73,127.61,115.0,115.0,134.6,212.2,99.2,113.0
2026-02-12,11,2026-02-12T09:00:00Z,2026-02-12T10:00:00Z,109.54,109.54,107.58,93.0,93.0,129.13,186.6,95.2,91.4
2026-02-12,12,2026-02-12T10:00:00Z,2026-02-12T11:00:00Z,96.55,96.55,96.8,84.58,84.58,119.12,256.3,126.9,129.4
2026-02-12,13,2026-02-12T11:00:00Z,2026-02-12T12:00:00Z,88.83,88.83,91.03,45.03,45.03,118.0,258.9,117.0,141.9
2026-02-12,14,2026-02-12T12:00:00Z,2026-02-12T13:00:00Z,100.27,100.27,100.51,108.85,86.7,117.24,333.5,124.0,209.5
2026-02-12,15,2026-02-12T13:00:00Z,2026-02-12T14:00:00Z,106.42,106.42,106.23,75.1,75.1,123.94,290.0,113.2,176.8
2026-02-12,16,2026-02-12T14:00:00Z,2026-02-12T15:00:00Z,123.61,123.61,118.48,101.99,99.88,141.81,224.5,94.7,129.8
2026-02-12,17,2026-02-12T15:00:00Z,2026-02-12T16:00:00Z,135.53,135.53,135.6,145.0,105.88,163.0,176.1,63.3,112.8
2026-02-12,18,2026-02-12T16:00:00Z,2026-02-12T17:00:00Z,146.65,146.65,147.23,158.88,135.21,182.93,202.3,73.7,128.6
2026-02-12,19,2026-02-12T17:00:00Z,2026-02-12T18:00:00Z,135.24,135.24,138.0,120.0,120.0,164.82,120.6,39.9,80.7
2026-02-12,20,2026-02-12T18:00:00Z,2026-02-12T19:00:00Z,170.36,170.36,172.72,184.98,135.0,197.5,492.6,194.1,298.5
2026-02-12,21,2026-02-12T19:00:00Z,2026-02-12T20:00:00Z,124.45,124.45,126.53,134.98,98.11,152.27,177.0,82.5,94.5
2026-02-12,22,2026-02-12T20:00:00Z,2026-02-12T21:00:00Z,93.79,93.79,91.76,85.0,85.0,110.33,108.1,69.8,38.3
2026-02-12,23,2026-02-12T21:00:00Z,2026-02-12T22:00:00Z,80.99,80.99,84.94,89.98,40.01,105.4,108.5,78.1,30.4
2026-02-12,24,2026-02-12T22:00:00Z,2026-02-12T23:00:00Z,88.16,88.16,87.76,84.68,80.3,99.99,89.3,24.8,64.5
2026-02-13,1,2026-02-12T23:00:00Z,2026-02-13T00:00:00Z,87.28,87.28,87.87,88.09,84.6,95.0,53.2,5.3,47.9
2026-02-13,2,2026-02-13T00:00:00Z,2026-02-13T01:00:00Z,87.69,87.69,87.29,95.0,83.21,95.0,58.4,7.2,51.2
2026-02-13,3,2026-02-13T01:00:00Z,2026-02-13T02:00:00Z,87.12,87.12,88.42,95.0,83.11,95.0,78.3,26.4,51.9
2026-02-13,4,2026-02-13T02:00:00Z,2026-02-13T03:00:00Z,86.5,86.5,86.86,83.23,83.23,95.0,66.0,23.4,42.6
2026-02-13,5,2026-02-13T03:00:00Z,2026-02-13T04:00:00Z,86.19,86.19,86.43,86.02,83.5,95.0,110.0,26.1,83.9
2026-02-13,6,2026-02-13T04:00:00Z,2026-02-13T05:00:00Z,88.52,88.52,88.78,82.01,82.01,93.5,87.1,32.0,55.1
2026-02-13,7,2026-02-13T05:00:00Z,2026-02-13T06:00:00Z,95.91,95.91,96.97,93.1,92.81,108.0,80.9,59.5,21.4
2026-02-13,8,2026-02-13T06:00:00Z,2026-02-13T07:00:00Z,123.34,123.34,123.45,128.0,118.99,128.0,84.1,40.5,43.6
2026-02-13,9,2026-02-13T07:00:00Z,2026-02-13T08:00:00Z,122.19,122.19,121.82,119.0,115.9,130.0,176.8,70.8,106.0
2026-02-13,10,2026-02-13T08:00:00Z,2026-02-13T09:00:00Z,115.6,115.6,115.72,116.03,109.14,125.0,148.9,61.7,87.2
2026-02-13,11,2026-02-13T09:00:00Z,2026-02-13T10:00:00Z,98.7,98.7,96.93,85.0,79.13,115.0,221.9,92.1,129.8
2026-02-13,12,2026-02-13T10:00:00Z,2026-02-13T11:00:00Z,94.18,94.18,92.83,85.99,85.51,107.0,180.2,57.7,122.5
2026-02-13,13,2026-02-13T11:00:00Z,2026-02-13T12:00:00Z,91.46,91.46,90.26,86.0,84.4,96.5,215.0,81.0,134.0
2026-02-13,14,2026-02-13T12:00:00Z,2026-02-13T13:00:00Z,92.05,92.05,90.72,89.39,85.88,96.69,244.3,101.6,142.7
2026-02-13,15,2026-02-13T13:00:00Z,2026-02-13T14:00:00Z,100.38,100.38,100.05,100.09,93.82,105.9,219.3,100.4,118.9
2026-02-13,16,2026-02-13T14:00:00Z,2026-02-13T15:00:00Z,133.22,133.22,133.81,135.0,120.32,152.94,313.5,181.4,132.1
2026-02-13,17,2026-02-13T15:00:00Z,2026-02-13T16:00:00Z,128.11,128.11,125.56,100.06,100.06,140.0,288.0,167.5,120.5
2026-02-13,18,2026-02-13T16:00:00Z,2026-02-13T17:00:00Z,128.31,128.31,126.03,112.01,112.01,134.0,151.4,78.3,73.1
2026-02-13,19,2026-02-13T17:00:00Z,2026-02-13T18:00:00Z,130.37,130.37,130.25,133.99,126.31,146.1,100.1,43.4,56.7
2026-02-13,20,2026-02-13T18:00:00Z,2026-02-13T19:00:00Z,127.49,127.49,126.62,123.24,122.46,131.29,113.0,51.7,61.3
2026-02-13,21,2026-02-13T19:00:00Z,2026-02-13T20:00:00Z,123.39,123.39,124.34,127.0,112.2,129.46,116.2,59.6,56.6
2026-02-13,22,2026-02-13T20:00:00Z,2026-02-13T21:00:00Z,120.7,120.7,123.14,100.83,100.17,145.5,189.5,114.3,75.2
2026-02-13,23,2026-02-13T21:00:00Z,2026-02-13T22:00:00Z,106.15,106.15,103.7,93.93,93.93,121.0,196.6,90.9,105.7
2026-02-13,24,2026-02-13T22:00:00Z,2026-02-13T23:00:00Z,97.08,97.08,93.48,88.97,86.51,111.6,190.3,101.9,88.4
2026-02-14,1,2026-02-13T23:00:00Z,2026-02-14T00:00:00Z,93.34,93.34,93.5,89.19,89.0,103.34,73.4,39.5,33.9
2026-02-14,2,2026-02-14T00:00:00Z,2026-02-14T01:00:00Z,92.74,92.74,91.79,88.42,88.33,98.1,61.1,23.6,37.5
2026-02-14,3,2026-02-14T01:00:00Z,2026-02-14T02:00:00Z,89.79,89.79,89.6,89.84,86.42,95.07,76.3,37.7,38.6
2026-02-14,4,2026-02-14T02:00:00Z,2026-02-14T03:00:00Z,92.18,92.18,91.19,85.92,85.92,99.41,90.9,43.7,47.2
2026-02-14,5,2026-02-14T03:00:00Z,2026-02-14T04:00:00Z,91.38,91.38,91.47,83.4,83.4,98.08,56.2,30.0,26.2
2026-02-14,6,2026-02-14T04:00:00Z,2026-02-14T05:00:00Z,88.86,88.86,89.61,84.35,84.35,99.81,92.5,49.9,42.6
2026-02-14,7,2026-02-14T05:00:00Z,2026-02-14T06:00:00Z,91.03,91.03,90.75,83.42,83.42,102.0,105.2,41.7,63.5
2026-02-14,8,2026-02-14T06:00:00Z,2026-02-14T07:00:00Z,93.75,93.75,91.91,87.32,87.32,105.22,151.1,56.5,94.6
2026-02-14,9,2026-02-14T07:00:00Z,2026-02-14T08:00:00Z,96.68,96.68,96.39,91.0,89.06,108.12,151.5,79.6,71.9
2026-02-14,10,2026-02-14T08:00:00Z,2026-02-14T09:00:00Z,100.81,100.81,100.49,99.98,95.55,113.84,180.5,95.4,85.1
2026-02-14,11,2026-02-14T09:00:00Z,2026-02-14T10:00:00Z,101.38,101.38,101.22,107.28,97.3,116.39,221.4,106.6,114.8
2026-02-14,12,2026-02-14T10:00:00Z,2026-02-14T11:00:00Z,99.55,99.55,100.04,107.95,93.64,109.55,242.3,109.6,132.7
2026-02-14,13,2026-02-14T11:00:00Z,2026-02-14T12:00:00Z,99.48,99.48,99.6,99.12,93.53,108.39,269.3,120.2,149.1
2026-02-14,14,2026-02-14T12:00:00Z,2026-02-14T13:00:00Z,98.09,98.09,98.98,103.18,91.55,106.0,248.7,91.4,157.3
2026-02-14,15,2026-02-14T13:00:00Z,2026-02-14T14:00:00Z,104.25,104.25,104.38,109.07,100.51,110.82,226.5,57.5,169.0
2026-02-14,16,2026-02-14T14:00:00Z,2026-02-14T15:00:00Z,109.32,109.32,110.05,116.87,103.0,117.0,265.9,92.2,173.7
2026-02-14,17,2026-02-14T15:00:00Z,2026-02-14T16:00:00Z,122.22,122.22,120.43,120.29,111.0,129.8,317.9,177.0,140.9
2026-02-14,18,2026-02-14T16:00:00Z,2026-02-14T17:00:00Z,131.16,131.16,129.97,134.0,122.92,160.18,406.0,198.6,207.4
2026-02-14,19,2026-02-14T17:00:00Z,2026-02-14T18:00:00Z,130.26,130.26,131.64,132.1,125.0,144.0,371.7,167.1,204.6
2026-02-14,20,2026-02-14T18:00:00Z,2026-02-14T19:00:00Z,127.71,127.71,129.12,133.93,122.31,136.98,263.5,63.4,200.1
2026-02-14,21,2026-02-14T19:00:00Z,2026-02-14T20:00:00Z,120.3,120.3,119.78,115.21,115.21,125.0,159.3,83.0,76.3
2026-02-14,22,2026-02-14T20:00:00Z,2026-02-14T21:00:00Z,114.48,114.48,114.1,107.95,104.0,125.0,155.1,63.7,91.4
2026-02-14,23,2026-02-14T21:00:00Z,2026-02-14T22:00:00Z,108.16,108.16,107.01,104.13,102.72,111.16,200.6,99.1,101.5
2026-02-14,24,2026-02-14T22:00:00Z,2026-02-14T23:00:00Z,100.3,100.3,100.39,100.4,97.94,103.18,158.6,87.3,71.3
2026-02-15,1,2026-02-14T23:00:00Z,2026-02-15T00:00:00Z,101.35,101.35,102.14,103.72,98.14,109.1,78.6,57.4,21.2
2026-02-15,2,2026-02-15T00:00:00Z,2026-02-15T01:00:00Z,98.7,98.7,98.64,96.26,95.48,103.06,96.7,74.3,22.4
2026-02-15,3,2026-02-15T01:00:00Z,2026-02-15T02:00:00Z,97.97,97.97,97.86,98.33,95.16,100.92,73.3,53.1,20.2
2026-02-15,4,2026-02-15T02:00:00Z,2026-02-15T03:00:00Z,100.13,100.13,98.37,101.17,87.7,102.9,85.2,62.6,22.6
2026-02-15,5,2026-02-15T03:00:00Z,2026-02-15T04:00:00Z,96.5,96.5,96.36,101.2,90.21,103.07,104.1,81.0,23.1
2026-02-15,6,2026-02-15T04:00:00Z,2026-02-15T05:00:00Z,92.11,92.11,93.68,96.61,88.95,100.93,70.3,57.0,13.3
2026-02-15,7,2026-02-15T05:00:00Z,2026-02-15T06:00:00Z,95.35,95.35,95.23,94.29,88.7,97.31,84.8,61.3,23.5
2026-02-15,8,2026-02-15T06:00:00Z,2026-02-15T07:00:00Z,94.95,94.95,95.33,91.01,90.38,99.06,113.0,78.3,34.7
2026-02-15,9,2026-02-15T07:00:00Z,2026-02-15T08:00:00Z,94.53,94.53,95.15,97.0,89.59,99.66,103.0,64.6,38.4
2026-02-15,10,2026-02-15T08:00:00Z,2026-02-15T09:00:00Z,93.44,93.44,94.18,101.64,86.0,101.64,148.3,91.1,57.2
2026-02-15,11,2026-02-15T09:00:00Z,2026-02-15T10:00:00Z,87.33,87.33,90.96,75.01,73.01,109.58,161.9,89.2,72.7
2026-02-15,12,2026-02-15T10:00:00Z,2026-02-15T11:00:00Z,77.37,77.37,80.14,86.99,68.7,89.1,157.5,74.6,82.9
2026-02-15,13,2026-02-15T11:00:00Z,2026-02-15T12:00:00Z,73.07,73.07,72.56,120.0,59.06,120.0,232.1,108.6,123.5
2026-02-15,14,2026-02-15T12:00:00Z,2026-02-15T13:00:00Z,64.68,64.68,64.67,95.0,55.0,95.0,304.4,231.8,72.6
2026-02-15,15,2026-02-15T13:00:00Z,2026-02-15T14:00:00Z,70.07,70.07,69.43,85.0,56.06,89.99,309.1,183.0,126.1
2026-02-15,16,2026-02-15T14:00:00Z,2026-02-15T15:00:00Z,75.19,75.19,74.37,65.32,65.32,91.74,270.3,141.0,129.3
2026-02-15,17,2026-02-15T15:00:00Z,2026-02-15T16:00:00Z,93.96,93.96,93.65,91.0,88.57,100.96,139.9,68.1,71.8
2026-02-15,18,2026-02-15T16:00:00Z,2026-02-15T17:00:00Z,114.6,114.6,111.36,0.0,0.0,120.0,143.8,59.1,84.7
2026-02-15,19,2026-02-15T17:00:00Z,2026-02-15T18:00:00Z,117.65,117.65,117.43,100.01,100.01,122.25,169.1,38.3,130.8
2026-02-15,20,2026-02-15T18:00:00Z,2026-02-15T19:00:00Z,117.42,117.42,117.35,124.02,110.7,124.02,133.5,31.0,102.5
2026-02-15,21,2026-02-15T19:00:00Z,2026-02-15T20:00:00Z,114.59,114.59,115.25,120.35,104.47,121.99,85.1,35.0,50.1
2026-02-15,22,2026-02-15T20:00:00Z,2026-02-15T21:00:00Z,105.68,105.68,106.33,105.44,98.08,119.35,109.3,39.5,69.8
2026-02-15,23,2026-02-15T21:00:00Z,2026-02-15T22:00:00Z,98.95,98.95,99.46,105.0,93.2,105.0,100.8,38.1,62.7
2026-02-15,24,2026-02-15T22:00:00Z,2026-02-15T23:00:00Z,90.9,90.9,91.06,85.01,85.01,96.13,120.1,47.1,73.0
2026-02-16,1,2026-02-15T23:00:00Z,2026-02-16T00:00:00Z,90.85,90.85,91.45,93.99,82.0,110.0,87.2,40.6,46.6
2026-02-16,2,2026-02-16T00:00:00Z,2026-02-16T01:00:00Z,82.51,82.51,81.24,80.01,69.27,97.07,76.7,53.0,23.7
2026-02-16,3,2026-02-16T01:00:00Z,2026-02-16T02:00:00Z,76.62,76.62,78.42,70.05,70.05,96.4,108.4,59.0,49.4
2026-02-16,4,2026-02-16T02:00:00Z,2026-02-16T03:00:00Z,74.35,74.35,75.99,76.6,70.0,91.16,109.3,52.1,57.2
2026-02-16,5,2026-02-16T03:00:00Z,2026-02-16T04:00:00Z,81.97,81.97,82.39,86.0,77.1,91.46,118.6,62.0,56.6
2026-02-16,6,2026-02-16T04:00:00Z,2026-02-16T05:00:00Z,98.62,98.62,98.66,88.0,88.0,106.04,83.6,58.3,25.3
2026-02-16,7,2026-02-16T05:00:00Z,2026-02-16T06:00:00Z,140.74,140.74,141.65,188.99,120.01,188.99,78.3,31.6,46.7
2026-02-16,8,2026-02-16T06:00:00Z,2026-02-16T07:00:00Z,147.23,147.23,147.02,123.0,123.0,210.71,102.9,50.6,52.3
2026-02-16,9,2026-02-16T07:00:00Z,2026-02-16T08:00:00Z,134.47,134.47,136.85,144.53,111.53,213.8,156.3,81.7,74.6
2026-02-16,10,2026-02-16T08:00:00Z,2026-02-16T09:00:00Z,111.15,111.15,108.66,129.95,91.78,153.75,190.5,132.9,57.6
2026-02-16,11,2026-02-16T09:00:00Z,2026-02-16T10:00:00Z,99.14,99.14,96.45,94.0,80.72,119.17,140.8,94.3,46.5
2026-02-16,12,2026-02-16T10:00:00Z,2026-02-16T11:00:00Z,88.08,88.08,83.96,60.0,60.0,109.9,218.6,114.7,103.9
2026-02-16,13,2026-02-16T11:00:00Z,2026-02-16T12:00:00Z,96.22,96.22,95.35,105.0,82.41,110.62,191.7,101.4,90.3
2026-02-16,14,2026-02-16T12:00:00Z,2026-02-16T13:00:00Z,96.86,96.86,96.31,108.61,86.94,116.94,264.1,176.2,87.9
2026-02-16,15,2026-02-16T13:00:00Z,2026-02-16T14:00:00Z,107.29,107.29,107.83,106.51,101.0,121.0,218.0,137.3,80.7
2026-02-16,16,2026-02-16T14:00:00Z,2026-02-16T15:00:00Z,169.97,169.97,177.62,160.0,149.0,199.97,242.8,121.4,121.4
2026-02-16,17,2026-02-16T15:00:00Z,2026-02-16T16:00:00Z,152.4,152.4,149.31,165.0,131.25,165.0,34.0,17.0,17.0
2026-02-16,18,2026-02-16T16:00:00Z,2026-02-16T17:00:00Z,163.78,163.78,163.4,155.12,155.12,184.33,243.6,85.8,157.8
2026-02-16,19,2026-02-16T17:00:00Z,2026-02-16T18:00:00Z,163.01,163.01,162.74,171.5,150.04,171.5,77.0,30.5,46.5
2026-02-16,20,2026-02-16T18:00:00Z,2026-02-16T19:00:00Z,160.33,160.33,157.45,176.0,147.77,176.0,56.4,24.2,32.2
2026-02-16,21,2026-02-16T19:00:00Z,2026-02-16T20:00:00Z,145.2,145.2,147.35,169.98,132.06,173.11,46.2,23.1,23.1
2026-02-16,22,2026-02-16T20:00:00Z,2026-02-16T21:00:00Z,128.57,128.57,129.91,132.84,110.76,148.0,135.8,74.0,61.8
2026-02-16,23,2026-02-16T21:00:00Z,2026-02-16T22:00:00Z,112.96,112.96,114.23,127.31,105.0,127.31,145.2,95.1,50.1
2026-02-16,24,2026-02-16T22:00:00Z,2026-02-16T23:00:00Z,100.41,100.41,99.89,97.7,92.75,106.84,232.1,131.1,101.0
2026-02-17,1,2026-02-16T23:00:00Z,2026-02-17T00:00:00Z,89.77,89.77,89.9,87.01,86.05,96.0,71.2,71.2,0.0
2026-02-17,2,2026-02-17T00:00:00Z,2026-02-17T01:00:00Z,86.02,86.02,85.9,84.38,84.0,88.63,77.5,68.5,9.0
2026-02-17,3,2026-02-17T01:00:00Z,2026-02-17T02:00:00Z,98.11,98.11,92.55,86.59,83.5,107.83,116.2,95.2,21.0
2026-02-17,4,2026-02-17T02:00:00Z,2026-02-17T03:00:00Z,96.9,96.9,91.28,83.82,82.89,107.49,106.5,95.0,11.5
2026-02-17,5,2026-02-17T03:00:00Z,2026-02-17T04:00:00Z,98.1,98.1,91.59,84.34,84.0,107.49,111.0,101.1,9.9
2026-02-17,6,2026-02-17T04:00:00Z,2026-02-17T05:00:00Z,96.65,96.65,94.02,91.77,89.57,100.44,149.5,126.3,23.2
2026-02-17,7,2026-02-17T05:00:00Z,2026-02-17T06:00:00Z,111.85,111.85,111.79,105.71,105.71,125.38,135.0,53.5,81.5
2026-02-17,8,2026-02-17T06:00:00Z,2026-02-17T07:00:00Z,150.15,150.15,151.98,142.27,133.0,185.1,206.6,123.8,82.8
2026-02-17,9,2026-02-17T07:00:00Z,2026-02-17T08:00:00Z,146.97,146.97,146.0,135.0,132.81,163.99,252.4,139.5,112.9
2026-02-17,10,2026-02-17T08:00:00Z,2026-02-17T09:00:00Z,134.22,134.22,130.95,95.0,95.0,155.3,170.4,89.1,81.3
2026-02-17,11,2026-02-17T09:00:00Z,2026-02-17T10:00:00Z,144.42,144.42,146.8,175.28,115.05,175.28,376.1,168.7,207.4
2026-02-17,12,2026-02-17T10:00:00Z,2026-02-17T11:00:00Z,137.51,137.51,144.7,100.12,100.12,189.98,482.7,290.0,192.7
2026-02-17,13,2026-02-17T11:00:00Z,2026-02-17T12:00:00Z,123.72,123.72,126.46,145.0,98.23,179.8,500.2,320.8,179.4
2026-02-17,14,2026-02-17T12:00:00Z,2026-02-17T13:00:00Z,119.04,119.04,120.26,110.67,101.16,140.0,468.1,276.0,192.1
2026-02-17,15,2026-02-17T13:00:00Z,2026-02-17T14:00:00Z,124.53,124.53,124.21,90.82,90.82,154.91,308.4,160.8,147.6
2026-02-17,16,2026-02-17T14:00:00Z,2026-02-17T15:00:00Z,143.56,143.56,142.2,132.15,121.72,179.21,221.2,109.1,112.1
2026-02-17,17,2026-02-17T15:00:00Z,2026-02-17T16:00:00Z,176.76,176.76,175.9,171.01,155.35,196.0,391.2,152.3,238.9
2026-02-17,18,2026-02-17T16:00:00Z,2026-02-17T17:00:00Z,221.72,221.72,221.33,215.0,170.0,244.3,584.2,188.5,395.7
2026-02-17,19,2026-02-17T17:00:00Z,2026-02-17T18:00:00Z,180.17,180.17,179.61,172.9,161.0,199.0,274.0,89.9,184.1
2026-02-17,20,2026-02-17T18:00:00Z,2026-02-17T19:00:00Z,175.96,175.96,173.55,170.0,146.75,194.29,200.7,91.4,109.3
2026-02-17,21,2026-02-17T19:00:00Z,2026-02-17T20:00:00Z,180.45,180.45,175.22,180.06,132.0,238.06,142.7,36.0,106.7
2026-02-17,22,2026-02-17T20:00:00Z,2026-02-17T21:00:00Z,118.37,118.37,115.75,120.04,25.05,126.0,93.8,32.8,61.0
2026-02-17,23,2026-02-17T21:00:00Z,2026-02-17T22:00:00Z,111.16,111.16,102.1,101.34,97.06,160.0,118.9,27.5,91.4
2026-02-17,24,2026-02-17T22:00:00Z,2026-02-17T23:00:00Z,90.11,90.11,88.54,74.42,63.63,100.52,152.7,47.1,105.6
2026-02-18,1,2026-02-17T23:00:00Z,2026-02-18T00:00:00Z,85.46,85.46,84.63,76.59,76.59,94.0,86.9,69.9,17.0
2026-02-18,2,2026-02-18T00:00:00Z,2026-02-18T01:00:00Z,86.08,86.08,86.41,75.72,75.72,94.11,67.5,27.2,40.3
2026-02-18,3,2026-02-18T01:00:00Z,2026-02-18T02:00:00Z,82.59,82.59,84.85,81.96,80.67,95.0,165.7,128.1,37.6
2026-02-18,4,2026-02-18T02:00:00Z,2026-02-18T03:00:00Z,87.26,87.26,87.0,80.94,80.94,95.0,189.1,141.7,47.4
2026-02-18,5,2026-02-18T03:00:00Z,2026-02-18T04:00:00Z,95.75,95.75,95.07,96.17,87.05,100.0,350.5,298.0,52.5
2026-02-18,6,2026-02-18T04:00:00Z,2026-02-18T05:00:00Z,91.56,91.56,91.07,86.03,86.03,105.8,73.3,38.0,35.3
2026-02-18,7,2026-02-18T05:00:00Z,2026-02-18T06:00:00Z,122.77,122.77,123.61,117.79,116.56,130.7,85.1,25.9,59.2
2026-02-18,8,2026-02-18T06:00:00Z,2026-02-18T07:00:00Z,190.69,190.69,187.94,168.02,168.02,203.86,88.9,13.9,75.0
2026-02-18,9,2026-02-18T07:00:00Z,2026-02-18T08:00:00Z,180.98,180.98,180.91,143.47,142.05,199.08,256.4,65.0,191.4
2026-02-18,10,2026-02-18T08:00:00Z,2026-02-18T09:00:00Z,132.69,132.69,132.88,86.07,86.07,143.4,185.7,34.9,150.8
2026-02-18,11,2026-02-18T09:00:00Z,2026-02-18T10:00:00Z,110.22,110.22,109.96,100.0,100.0,123.64,243.5,31.2,212.3
2026-02-18,12,2026-02-18T10:00:00Z,2026-02-18T11:00:00Z,98.14,98.14,98.67,99.0,75.0,113.96,263.3,39.7,223.6
2026-02-18,13,2026-02-18T11:00:00Z,2026-02-18T12:00:00Z,96.49,96.49,95.71,92.99,82.9,110.06,321.5,88.7,232.8
2026-02-18,14,2026-02-18T12:00:00Z,2026-02-18T13:00:00Z,95.08,95.08,93.5,77.0,77.0,108.62,304.9,102.7,202.2
2026-02-18,15,2026-02-18T13:00:00Z,2026-02-18T14:00:00Z,96.92,96.92,96.09,84.88,84.88,114.0,331.1,137.2,193.9
2026-02-18,16,2026-02-18T14:00:00Z,2026-02-18T15:00:00Z,106.87,106.87,104.67,92.62,92.62,126.0,189.4,80.5,108.9
2026-02-18,17,2026-02-18T15:00:00Z,2026-02-18T16:00:00Z,122.86,122.86,121.04,110.01,110.01,138.0,129.0,59.1,69.9
2026-02-18,18,2026-02-18T16:00:00Z,2026-02-18T17:00:00Z,143.38,143.38,139.42,118.65,118.0,173.13,398.7,154.1,244.6
2026-02-18,19,2026-02-18T17:00:00Z,2026-02-18T18:00:00Z,176.95,176.95,174.75,189.0,162.13,231.06,479.9,109.5,370.4
2026-02-18,20,2026-02-18T18:00:00Z,2026-02-18T19:00:00Z,176.0,176.0,176.17,200.0,158.07,213.21,631.6,169.3,462.3
2026-02-18,21,2026-02-18T19:00:00Z,2026-02-18T20:00:00Z,186.21,186.21,190.84,309.88,145.0,309.88,429.5,114.1,315.4
2026-02-18,22,2026-02-18T20:00:00Z,2026-02-18T21:00:00Z,171.9,171.9,186.52,200.01,129.98,278.88,193.2,42.0,151.2
2026-02-18,23,2026-02-18T21:00:00Z,2026-02-18T22:00:00Z,113.94,113.94,113.91,110.05,107.0,119.99,128.1,47.0,81.1
2026-02-18,24,2026-02-18T22:00:00Z,2026-02-18T23:00:00Z,95.38,95.38,92.09,90.83,82.0,106.88,170.0,93.7,76.3
2026-02-19,1,2026-02-18T23:00:00Z,2026-02-19T00:00:00Z,96.72,96.72,96.96,88.88,88.88,104.15,162.1,110.2,51.9
2026-02-19,2,2026-02-19T00:00:00Z,2026-02-19T01:00:00Z,92.28,92.28,91.37,70.02,70.02,103.39,138.4,92.4,46.0
2026-02-19,3,2026-02-19T01:00:00Z,2026-02-19T02:00:00Z,85.09,85.09,86.18,76.65,76.65,101.7,283.9,160.7,123.2
2026-02-19,4,2026-02-19T02:00:00Z,2026-02-19T03:00:00Z,89.6,89.6,88.43,85.23,80.73,96.85,147.4,82.4,65.0
2026-02-19,5,2026-02-19T03:00:00Z,2026-02-19T04:00:00Z,90.79,90.79,91.1,87.86,80.92,99.91,153.3,86.6,66.7
2026-02-19,6,2026-02-19T04:00:00Z,2026-02-19T05:00:00Z,90.37,90.37,90.99,77.4,75.79,100.76,72.7,26.0,46.7
2026-02-19,7,2026-02-19T05:00:00Z,2026-02-19T06:00:00Z,120.01,120.01,120.8,125.18,114.67,130.4,76.4,33.1,43.3
2026-02-19,8,2026-02-19T06:00:00Z,2026-02-19T07:00:00Z,168.38,168.38,170.17,150.0,129.43,232.81,96.6,27.3,69.3
2026-02-19,9,2026-02-19T07:00:00Z,2026-02-19T08:00:00Z,142.6,142.6,130.34,112.96,112.96,199.74,85.9,47.9,38.0
2026-02-19,10,2026-02-19T08:00:00Z,2026-02-19T09:00:00Z,134.61,134.61,128.47,118.13,115.01,174.0,119.4,43.0,76.4
2026-02-19,11,2026-02-19T09:00:00Z,2026-02-19T10:00:00Z,117.38,117.38,117.2,114.98,108.79,126.22,161.0,69.0,92.0
2026-02-19,12,2026-02-19T10:00:00Z,2026-02-19T11:00:00Z,115.14,115.14,114.06,109.02,87.16,123.59,170.6,82.1,88.5
2026-02-19,13,2026-02-19T11:00:00Z,2026-02-19T12:00:00Z,116.5,116.5,114.08,98.58,98.58,139.72,253.4,144.0,109.4
2026-02-19,14,2026-02-19T12:00:00Z,2026-02-19T13:00:00Z,115.5,115.5,114.72,122.73,100.0,127.76,192.5,106.5,86.0
2026-02-19,15,2026-02-19T13:00:00Z,2026-02-19T14:00:00Z,116.46,116.46,116.03,110.39,107.03,133.42,241.7,149.6,92.1
2026-02-19,16,2026-02-19T14:00:00Z,2026-02-19T15:00:00Z,130.94,130.94,127.23,125.62,113.43,164.02,180.9,111.9,69.0
2026-02-19,17,2026-02-19T15:00:00Z,2026-02-19T16:00:00Z,180.05,180.05,173.03,145.0,145.0,202.0,182.5,108.5,74.0
2026-02-19,18,2026-02-19T16:00:00Z,2026-02-19T17:00:00Z,220.51,220.51,217.76,203.11,196.04,250.01,389.1,106.2,282.9
2026-02-19,19,2026-02-19T17:00:00Z,2026-02-19T18:00:00Z,197.39,197.39,197.46,170.0,170.0,213.97,562.6,181.6,381.0
2026-02-19,20,2026-02-19T18:00:00Z,2026-02-19T19:00:00Z,166.67,166.67,164.97,170.86,152.76,176.8,318.4,147.5,170.9
2026-02-19,21,2026-02-19T19:00:00Z,2026-02-19T20:00:00Z,137.26,137.26,138.15,141.73,131.0,145.4,129.2,65.5,63.7
2026-02-19,22,2026-02-19T20:00:00Z,2026-02-19T21:00:00Z,107.88,107.88,108.47,103.65,99.99,116.47,162.8,78.4,84.4
2026-02-19,23,2026-02-19T21:00:00Z,2026-02-19T22:00:00Z,100.46,100.46,100.27,97.73,93.32,105.0,89.9,33.9,56.0
2026-02-19,24,2026-02-19T22:00:00Z,2026-02-19T23:00:00Z,92.19,92.19,91.49,85.04,85.04,97.0,90.9,37.7,53.2
2026-02-20,1,2026-02-19T23:00:00Z,2026-02-20T00:00:00Z,88.0,88.0,89.02,87.81,85.03,92.0,21.6,19.6,2.0
2026-02-20,2,2026-02-20T00:00:00Z,2026-02-20T01:00:00Z,87.69,87.69,87.44,92.83,84.0,92.83,58.7,35.9,22.8
2026-02-20,3,2026-02-20T01:00:00Z,2026-02-20T02:00:00Z,86.43,86.43,86.66,86.5,83.03,91.46,165.9,145.3,20.6
2026-02-20,4,2026-02-20T02:00:00Z,2026-02-20T03:00:00Z,93.65,93.65,94.9,99.96,88.04,103.48,44.0,26.5,17.5
2026-02-20,5,2026-02-20T03:00:00Z,2026-02-20T04:00:00Z,88.1,88.1,89.32,84.86,84.85,96.57,34.8,22.9,11.9
2026-02-20,6,2026-02-20T04:00:00Z,2026-02-20T05:00:00Z,92.42,92.42,92.31,95.12,86.5,98.93,53.4,38.2,15.2
2026-02-20,7,2026-02-20T05:00:00Z,2026-02-20T06:00:00Z,109.68,109.68,111.17,120.05,99.98,120.05,64.6,39.8,24.8
2026-02-20,8,2026-02-20T06:00:00Z,2026-02-20T07:00:00Z,178.69,178.69,178.9,170.0,170.0,206.0,138.3,23.3,115.0
2026-02-20,9,2026-02-20T07:00:00Z,2026-02-20T08:00:00Z,126.49,126.49,126.16,100.64,100.64,154.32,115.6,82.6,33.0
2026-02-20,10,2026-02-20T08:00:00Z,2026-02-20T09:00:00Z,109.88,109.88,104.3,99.0,95.0,130.99,150.0,83.3,66.7
2026-02-20,11,2026-02-20T09:00:00Z,2026-02-20T10:00:00Z,95.22,95.22,95.1,88.0,83.43,115.0,281.7,135.6,146.1
2026-02-20,12,2026-02-20T10:00:00Z,2026-02-20T11:00:00Z,75.66,75.66,73.31,76.07,54.0,102.0,266.2,169.0,97.2
2026-02-20,13,2026-02-20T11:00:00Z,2026-02-20T12:00:00Z,66.92,66.92,63.94,60.0,48.11,90.98,255.3,151.9,103.4
2026-02-20,14,2026-02-20T12:00:00Z,2026-02-20T13:00:00Z,58.05,58.05,58.57,30.0,26.15,87.0,358.5,206.2,152.3
2026-02-20,15,2026-02-20T13:00:00Z,2026-02-20T14:00:00Z,61.44,61.44,59.07,86.12,39.48,88.0,650.2,315.8,334.4
2026-02-20,16,2026-02-20T14:00:00Z,2026-02-20T15:00:00Z,91.21,91.21,90.41,105.89,77.34,106.69,352.9,152.3,200.6
2026-02-20,17,2026-02-20T15:00:00Z,2026-02-20T16:00:00Z,113.12,113.12,114.59,109.0,102.18,129.9,369.0,142.6,226.4
2026-02-20,18,2026-02-20T16:00:00Z,2026-02-20T17:00:00Z,113.44,113.44,113.66,100.0,100.0,150.0,374.2,168.8,205.4
2026-02-20,19,2026-02-20T17:00:00Z,2026-02-20T18:00:00Z,113.88,113.88,112.4,112.91,105.54,143.04,405.8,105.4,300.4
2026-02-20,20,2026-02-20T18:00:00Z,2026-02-20T19:00:00Z,99.69,99.69,96.84,80.01,49.9,122.59,132.4,62.4,70.0
2026-02-20,21,2026-02-20T19:00:00Z,2026-02-20T20:00:00Z,81.56,81.56,82.28,75.0,65.01,120.0,69.4,38.6,30.8
2026-02-20,22,2026-02-20T20:00:00Z,2026-02-20T21:00:00Z,75.27,75.27,74.84,57.02,57.02,90.99,84.1,48.1,36.0
2026-02-20,23,2026-02-20T21:00:00Z,2026-02-20T22:00:00Z,71.73,71.73,70.6,60.98,59.26,82.36,98.8,50.1,48.7
2026-02-20,24,2026-02-20T22:00:00Z,2026-02-20T23:00:00Z,67.25,67.25,64.53,69.0,52.16,76.95,133.4,61.6,71.8
2026-02-21,1,2026-02-20T23:00:00Z,2026-02-21T00:00:00Z,54.22,54.22,55.41,53.3,46.01,68.32,79.5,52.5,27.0
2026-02-21,2,2026-02-21T00:00:00Z,2026-02-21T01:00:00Z,54.83,54.83,56.14,34.95,34.95,70.0,79.3,56.9,22.4
2026-02-21,3,2026-02-21T01:00:00Z,2026-02-21T02:00:00Z,52.66,52.66,51.24,44.97,29.63,75.0,310.3,288.7,21.6
2026-02-21,4,2026-02-21T02:00:00Z,2026-02-21T03:00:00Z,53.08,53.08,50.38,23.24,23.24,65.01,249.2,207.1,42.1
2026-02-21,5,2026-02-21T03:00:00Z,2026-02-21T04:00:00Z,50.06,50.06,50.42,65.38,39.0,72.0,291.3,259.1,32.2
2026-02-21,6,2026-02-21T04:00:00Z,2026-02-21T05:00:00Z,54.9,54.9,56.7,21.0,21.0,77.0,63.4,53.9,9.5
2026-02-21,7,2026-02-21T05:00:00Z,2026-02-21T06:00:00Z,68.17,68.17,66.96,77.89,51.66,80.0,89.4,48.2,41.2
2026-02-21,8,2026-02-21T06:00:00Z,2026-02-21T07:00:00Z,83.08,83.08,82.15,87.0,77.08,90.0,81.3,36.7,44.6
2026-02-21,9,2026-02-21T07:00:00Z,2026-02-21T08:00:00Z,98.71,98.71,99.37,101.0,84.6,107.86,85.2,48.4,36.8
2026-02-21,10,2026-02-21T08:00:00Z,2026-02-21T09:00:00Z,101.01,101.01,100.05,160.0,75.9,160.0,115.0,67.5,47.5
2026-02-21,11,2026-02-21T09:00:00Z,2026-02-21T10:00:00Z,92.37,92.37,95.35,134.87,70.73,134.87,262.0,153.0,109.0
2026-02-21,12,2026-02-21T10:00:00Z,2026-02-21T11:00:00Z,83.21,83.21,86.41,119.67,67.05,119.67,281.5,163.2,118.3
2026-02-21,13,2026-02-21T11:00:00Z,2026-02-21T12:00:00Z,71.57,71.57,73.43,74.0,57.2,80.89,274.8,149.4,125.4
2026-02-21,14,2026-02-21T12:00:00Z,2026-02-21T13:00:00Z,74.39,74.39,75.26,83.04,60.02,90.35,178.3,81.9,96.4
2026-02-21,15,2026-02-21T13:00:00Z,2026-02-21T14:00:00Z,82.91,82.91,84.49,89.11,71.0,98.47,268.0,155.9,112.1
2026-02-21,16,2026-02-21T14:00:00Z,2026-02-21T15:00:00Z,90.62,90.62,93.88,100.0,77.66,103.33,83.5,43.3,40.2
2026-02-21,17,2026-02-21T15:00:00Z,2026-02-21T16:00:00Z,101.7,101.7,101.24,110.93,94.98,110.93,192.7,37.8,154.9
2026-02-21,18,2026-02-21T16:00:00Z,2026-02-21T17:00:00Z,110.53,110.53,111.15,105.39,103.17,119.0,200.2,75.8,124.4
2026-02-21,19,2026-02-21T17:00:00Z,2026-02-21T18:00:00Z,113.95,113.95,115.02,119.02,105.0,127.19,159.7,48.0,111.7
2026-02-21,20,2026-02-21T18:00:00Z,2026-02-21T19:00:00Z,107.7,107.7,108.73,117.8,100.89,117.9,324.7,55.4,269.3
2026-02-21,21,2026-02-21T19:00:00Z,2026-02-21T20:00:00Z,94.4,94.4,101.2,112.52,80.01,112.52,86.9,57.5,29.4
2026-02-21,22,2026-02-21T20:00:00Z,2026-02-21T21:00:00Z,94.23,94.23,93.28,89.14,73.13,108.71,235.6,121.0,114.6
2026-02-21,23,2026-02-21T21:00:00Z,2026-02-21T22:00:00Z,84.0,84.0,83.25,79.88,65.46,98.98,215.7,115.8,99.9
2026-02-21,24,2026-02-21T22:00:00Z,2026-02-21T23:00:00Z,75.5,75.5,76.22,72.96,59.02,85.9,190.6,105.8,84.8
2026-02-22,1,2026-02-21T23:00:00Z,2026-02-22T00:00:00Z,54.92,54.92,57.01,55.96,42.0,67.57,229.5,138.3,91.2
2026-02-22,2,2026-02-22T00:00:00Z,2026-02-22T01:00:00Z,59.35,59.35,59.58,65.0,48.0,73.38,149.5,105.5,44.0
2026-02-22,3,2026-02-22T01:00:00Z,2026-02-22T02:00:00Z,57.05,57.05,58.17,74.99,49.04,74.99,127.2,90.9,36.3
2026-02-22,4,2026-02-22T02:00:00Z,2026-02-22T03:00:00Z,69.11,69.11,69.54,90.31,55.69,92.26,136.1,80.8,55.3
2026-02-22,5,2026-02-22T03:00:00Z,2026-02-22T04:00:00Z,67.56,67.56,67.55,76.2,55.31,88.22,158.5,109.2,49.3
2026-02-22,6,2026-02-22T04:00:00Z,2026-02-22T05:00:00Z,64.27,64.27,64.19,70.0,52.11,78.99,177.2,125.5,51.7
2026-02-22,7,2026-02-22T05:00:00Z,2026-02-22T06:00:00Z,58.53,58.53,59.51,70.0,39.75,73.95,278.6,154.1,124.5
2026-02-22,8,2026-02-22T06:00:00Z,2026-02-22T07:00:00Z,66.18,66.18,66.1,55.0,41.26,93.5,226.7,131.4,95.3
2026-02-22,9,2026-02-22T07:00:00Z,2026-02-22T08:00:00Z,57.28,57.28,55.52,60.5,31.11,87.65,306.8,186.7,120.1
2026-02-22,10,2026-02-22T08:00:00Z,2026-02-22T09:00:00Z,64.16,64.16,63.49,62.54,39.54,94.81,384.5,213.1,171.4
2026-02-22,11,2026-02-22T09:00:00Z,2026-02-22T10:00:00Z,59.95,59.95,54.01,119.99,30.15,119.99,274.0,166.8,107.2
2026-02-22,12,2026-02-22T10:00:00Z,2026-02-22T11:00:00Z,46.37,46.37,44.37,54.55,32.0,68.74,302.9,231.5,71.4
2026-02-22,13,2026-02-22T11:00:00Z,2026-02-22T12:00:00Z,49.22,49.22,46.59,33.01,28.3,60.74,184.7,104.7,80.0
2026-02-22,14,2026-02-22T12:00:00Z,2026-02-22T13:00:00Z,36.51,36.51,33.78,32.56,21.46,56.57,375.6,280.1,95.5
2026-02-22,15,2026-02-22T13:00:00Z,2026-02-22T14:00:00Z,41.75,41.75,39.76,45.0,25.91,73.53,199.1,125.3,73.8
2026-02-22,16,2026-02-22T14:00:00Z,2026-02-22T15:00:00Z,59.02,59.02,57.53,39.5,39.5,84.0,173.9,100.4,73.5
2026-02-22,17,2026-02-22T15:00:00Z,2026-02-22T16:00:00Z,80.41,80.41,79.29,73.08,73.08,94.0,162.4,78.6,83.8
2026-02-22,18,2026-02-22T16:00:00Z,2026-02-22T17:00:00Z,85.76,85.76,85.86,83.05,75.43,100.0,220.3,100.3,120.0
2026-02-22,19,2026-02-22T17:00:00Z,2026-02-22T18:00:00Z,89.03,89.03,87.96,80.0,70.0,104.52,404.5,101.0,303.5
2026-02-22,20,2026-02-22T18:00:00Z,2026-02-22T19:00:00Z,83.23,83.23,82.72,75.6,73.13,105.38,297.5,69.8,227.7
2026-02-22,21,2026-02-22T19:00:00Z,2026-02-22T20:00:00Z,80.09,80.09,80.97,67.99,65.05,101.8,188.5,59.0,129.5
2026-02-22,22,2026-02-22T20:00:00Z,2026-02-22T21:00:00Z,76.14,76.14,74.15,69.0,65.16,100.5,148.8,31.0,117.8
2026-02-22,23,2026-02-22T21:00:00Z,2026-02-22T22:00:00Z,70.48,70.48,69.68,61.99,61.99,76.55,170.6,41.4,129.2
2026-02-22,24,2026-02-22T22:00:00Z,2026-02-22T23:00:00Z,51.25,51.25,51.43,52.67,45.76,58.42,212.4,80.6,131.8
2026-02-23,1,2026-02-22T23:00:00Z,2026-02-23T00:00:00Z,43.48,43.48,45.79,39.39,39.39,57.0,106.3,71.0,35.3
2026-02-23,2,2026-02-23T00:00:00Z,2026-02-23T01:00:00Z,39.53,39.53,40.79,25.0,25.0,55.47,88.6,71.5,17.1
2026-02-23,3,2026-02-23T01:00:00Z,2026-02-23T02:00:00Z,31.47,31.47,30.83,18.64,9.19,54.56,103.8,83.0,20.8
2026-02-23,4,2026-02-23T02:00:00Z,2026-02-23T03:00:00Z,33.06,33.06,33.66,7.92,7.92,59.0,136.9,108.4,28.5
2026-02-23,5,2026-02-23T03:00:00Z,2026-02-23T04:00:00Z,29.08,29.08,28.18,7.2,5.89,59.99,226.1,161.7,64.4
2026-02-23,6,2026-02-23T04:00:00Z,2026-02-23T05:00:00Z,56.82,56.82,52.14,9.01,9.01,79.81,143.7,80.8,62.9
2026-02-23,7,2026-02-23T05:00:00Z,2026-02-23T06:00:00Z,84.27,84.27,80.16,67.55,67.55,92.7,215.7,85.1,130.6
2026-02-23,8,2026-02-23T06:00:00Z,2026-02-23T07:00:00Z,106.97,106.97,101.81,100.0,90.01,119.98,229.4,98.9,130.5
2026-02-23,9,2026-02-23T07:00:00Z,2026-02-23T08:00:00Z,105.43,105.43,105.23,115.0,88.38,119.7,291.8,124.5,167.3
2026-02-23,10,2026-02-23T08:00:00Z,2026-02-23T09:00:00Z,103.52,103.52,98.73,82.05,82.05,119.86,309.0,145.9,163.1
2026-02-23,11,2026-02-23T09:00:00Z,2026-02-23T10:00:00Z,76.6,76.6,72.72,68.0,60.5,103.79,319.2,125.0,194.2
2026-02-23,12,2026-02-23T10:00:00Z,2026-02-23T11:00:00Z,40.09,40.09,32.58,-20.53,-20.53,80.0,312.7,165.9,146.8
2026-02-23,13,2026-02-23T11:00:00Z,2026-02-23T12:00:00Z,28.53,28.53,22.7,-24.0,-25.0,80.0,429.8,217.4,212.4
2026-02-23,14,2026-02-23T12:00:00Z,2026-02-23T13:00:00Z,12.35,12.35,13.44,-10.0,-50.01,80.0,296.6,125.0,171.6
2026-02-23,15,2026-02-23T13:00:00Z,2026-02-23T14:00:00Z,37.46,37.46,35.46,69.99,0.02,80.0,413.9,185.5,228.4
2026-02-23,16,2026-02-23T14:00:00Z,2026-02-23T15:00:00Z,72.79,72.79,71.2,85.64,52.07,98.41,342.9,108.5,234.4
2026-02-23,17,2026-02-23T15:00:00Z,2026-02-23T16:00:00Z,124.41,124.41,130.97,125.0,105.82,147.0,353.9,117.4,236.5
2026-02-23,18,2026-02-23T16:00:00Z,2026-02-23T17:00:00Z,114.57,114.57,115.97,105.51,105.14,140.78,343.3,130.8,212.5
2026-02-23,19,2026-02-23T17:00:00Z,2026-02-23T18:00:00Z,121.05,121.05,122.01,112.0,107.0,161.91,300.4,123.3,177.1
2026-02-23,20,2026-02-23T18:00:00Z,2026-02-23T19:00:00Z,119.53,119.53,116.74,92.07,92.07,138.0,344.2,160.7,183.5
2026-02-23,21,2026-02-23T19:00:00Z,2026-02-23T20:00:00Z,116.55,116.55,115.19,100.0,93.43,133.8,347.5,140.5,207.0
2026-02-23,22,2026-02-23T20:00:00Z,2026-02-23T21:00:00Z,97.25,97.25,96.37,84.17,80.0,105.0,218.6,66.7,151.9
2026-02-23,23,2026-02-23T21:00:00Z,2026-02-23T22:00:00Z,95.63,95.63,94.41,88.3,83.12,100.63,512.0,239.1,272.9
2026-02-23,24,2026-02-23T22:00:00Z,2026-02-23T23:00:00Z,87.27,87.27,87.01,91.23,70.0,91.23,735.3,424.7,310.6
2026-02-24,1,2026-02-23T23:00:00Z,2026-02-24T00:00:00Z,95.45,95.45,94.76,97.38,88.5,97.49,41.7,14.2,27.5
2026-02-24,2,2026-02-24T00:00:00Z,2026-02-24T01:00:00Z,94.19,94.19,94.18,95.37,89.2,98.0,111.3,77.3,34.0
2026-02-24,3,2026-02-24T01:00:00Z,2026-02-24T02:00:00Z,100.82,100.82,100.53,103.42,88.37,109.54,104.8,50.0,54.8
2026-02-24,4,2026-02-24T02:00:00Z,2026-02-24T03:00:00Z,100.55,100.55,101.25,101.83,89.16,106.43,118.1,62.8,55.3
2026-02-24,5,2026-02-24T03:00:00Z,2026-02-24T04:00:00Z,98.01,98.01,97.43,100.29,90.5,102.82,120.8,62.0,58.8
2026-02-24,6,2026-02-24T04:00:00Z,2026-02-24T05:00:00Z,102.05,102.05,102.54,102.52,95.81,107.99,140.4,82.7,57.7
2026-02-24,7,2026-02-24T05:00:00Z,2026-02-24T06:00:00Z,116.93,116.93,118.46,128.25,111.95,128.25,116.2,36.0,80.2
2026-02-24,8,2026-02-24T06:00:00Z,2026-02-24T07:00:00Z,131.94,131.94,133.31,125.01,123.71,149.89,261.4,39.4,222.0
2026-02-24,9,2026-02-24T07:00:00Z,2026-02-24T08:00:00Z,128.31,128.31,128.81,105.01,105.01,140.72,210.4,54.4,156.0
2026-02-24,10,2026-02-24T08:00:00Z,2026-02-24T09:00:00Z,115.41,115.41,116.62,113.09,110.25,123.41,230.6,79.3,151.3
2026-02-24,11,2026-02-24T09:00:00Z,2026-02-24T10:00:00Z,102.71,102.71,102.24,78.0,78.0,116.75,292.5,129.4,163.1
2026-02-24,12,2026-02-24T10:00:00Z,2026-02-24T11:00:00Z,92.33,92.33,91.67,88.99,75.77,106.6,370.9,147.0,223.9
2026-02-24,13,2026-02-24T11:00:00Z,2026-02-24T12:00:00Z,88.45,88.45,89.93,50.02,50.02,102.0,383.1,146.3,236.8
2026-02-24,14,2026-02-24T12:00:00Z,2026-02-24T13:00:00Z,88.05,88.05,86.48,75.81,75.0,100.06,378.3,168.2,210.1
2026-02-24,15,2026-02-24T13:00:00Z,2026-02-24T14:00:00Z,96.85,96.85,95.75,110.0,72.45,130.0,390.8,152.7,238.1
2026-02-24,16,2026-02-24T14:00:00Z,2026-02-24T15:00:00Z,109.8,109.8,110.21,159.99,100.0,159.99,302.9,122.7,180.2
2026-02-24,17,2026-02-24T15:00:00Z,2026-02-24T16:00:00Z,132.18,132.18,132.08,127.86,118.03,143.89,280.4,96.1,184.3
2026-02-24,18,2026-02-24T16:00:00Z,2026-02-24T17:00:00Z,188.56,188.56,185.45,168.88,164.58,211.02,325.1,92.5,232.6
2026-02-24,19,2026-02-24T17:00:00Z,2026-02-24T18:00:00Z,199.54,199.54,198.41,141.7,141.7,235.35,545.0,187.2,357.8
2026-02-24,20,2026-02-24T18:00:00Z,2026-02-24T19:00:00Z,155.83,155.83,154.23,140.64,135.01,178.14,373.2,122.0,251.2
2026-02-24,21,2026-02-24T19:00:00Z,2026-02-24T20:00:00Z,124.79,124.79,123.42,111.42,110.62,136.0,225.7,60.1,165.6
2026-02-24,22,2026-02-24T20:00:00Z,2026-02-24T21:00:00Z,112.81,112.81,111.24,113.66,100.56,121.68,222.7,58.3,164.4
2026-02-24,23,2026-02-24T21:00:00Z,2026-02-24T22:00:00Z,108.01,108.01,107.39,112.0,101.8,112.54,223.4,49.7,173.7
2026-02-24,24,2026-02-24T22:00:00Z,2026-02-24T23:00:00Z,98.05,98.05,98.29,99.0,92.42,102.28,267.9,75.0,192.9
2026-02-25,1,2026-02-24T23:00:00Z,2026-02-25T00:00:00Z,95.32,95.32,95.41,99.4,90.11,99.56,136.0,36.6,99.4
2026-02-25,2,2026-02-25T00:00:00Z,2026-02-25T01:00:00Z,89.91,89.91,89.61,90.1,86.29,93.67,119.2,13.1,106.1
2026-02-25,3,2026-02-25T01:00:00Z,2026-02-25T02:00:00Z,90.09,90.09,89.52,95.0,85.81,96.48,116.4,4.3,112.1
2026-02-25,4,2026-02-25T02:00:00Z,2026-02-25T03:00:00Z,90.55,90.55,88.58,95.2,85.61,95.2,102.8,4.7,98.1
2026-02-25,5,2026-02-25T03:00:00Z,2026-02-25T04:00:00Z,89.19,89.19,89.24,92.1,86.0,94.07,114.8,32.5,82.3
2026-02-25,6,2026-02-25T04:00:00Z,2026-02-25T05:00:00Z,95.33,95.33,95.7,108.48,90.77,108.48,98.4,8.4,90.0
2026-02-25,7,2026-02-25T05:00:00Z,2026-02-25T06:00:00Z,122.13,122.13,124.33,142.03,112.0,142.03,91.3,4.1,87.2
2026-02-25,8,2026-02-25T06:00:00Z,2026-02-25T07:00:00Z,143.97,143.97,151.02,155.67,121.48,167.12,162.4,44.0,118.4
2026-02-25,9,2026-02-25T07:00:00Z,2026-02-25T08:00:00Z,137.16,137.16,138.61,125.26,117.58,175.0,189.8,61.3,128.5
2026-02-25,10,2026-02-25T08:00:00Z,2026-02-25T09:00:00Z,112.71,112.71,112.69,88.1,88.1,130.75,249.9,124.9,125.0
2026-02-25,11,2026-02-25T09:00:00Z,2026-02-25T10:00:00Z,82.89,82.89,82.65,90.0,65.7,98.12,287.1,127.0,160.1
2026-02-25,12,2026-02-25T10:00:00Z,2026-02-25T11:00:00Z,68.38,68.38,68.56,74.54,53.82,79.98,315.7,169.3,146.4
2026-02-25,13,2026-02-25T11:00:00Z,2026-02-25T12:00:00Z,63.79,63.79,64.75,71.4,48.87,76.81,463.5,322.7,140.8
2026-02-25,14,2026-02-25T12:00:00Z,2026-02-25T13:00:00Z,59.07,59.07,59.74,72.9,49.6,72.99,440.5,302.2,138.3
2026-02-25,15,2026-02-25T13:00:00Z,2026-02-25T14:00:00Z,66.25,66.25,67.2,73.96,55.98,78.0,452.4,302.7,149.7
2026-02-25,16,2026-02-25T14:00:00Z,2026-02-25T15:00:00Z,80.89,80.89,81.83,80.0,76.63,90.77,163.6,78.8,84.8
2026-02-25,17,2026-02-25T15:00:00Z,2026-02-25T16:00:00Z,109.0,109.0,109.42,105.01,101.9,128.89,146.4,85.6,60.8
2026-02-25,18,2026-02-25T16:00:00Z,2026-02-25T17:00:00Z,132.55,132.55,128.54,114.32,114.32,159.85,222.6,88.0,134.6
2026-02-25,19,2026-02-25T17:00:00Z,2026-02-25T18:00:00Z,139.0,139.0,138.86,127.84,127.84,165.05,214.4,86.4,128.0
2026-02-25,20,2026-02-25T18:00:00Z,2026-02-25T19:00:00Z,125.77,125.77,125.59,112.0,112.0,136.7,350.2,89.0,261.2
2026-02-25,21,2026-02-25T19:00:00Z,2026-02-25T20:00:00Z,120.08,120.08,116.88,100.0,100.0,138.0,207.6,63.9,143.7
2026-02-25,22,2026-02-25T20:00:00Z,2026-02-25T21:00:00Z,126.32,126.32,124.84,125.0,117.05,143.08,137.2,48.7,88.5
2026-02-25,23,2026-02-25T21:00:00Z,2026-02-25T22:00:00Z,99.8,99.8,101.94,104.68,95.01,113.38,81.7,26.4,55.3
2026-02-25,24,2026-02-25T22:00:00Z,2026-02-25T23:00:00Z,88.36,88.36,88.27,82.1,81.68,97.94,90.0,30.6,59.4
2026-02-26,1,2026-02-25T23:00:00Z,2026-02-26T00:00:00Z,80.9,80.9,82.15,75.54,75.54,91.69,51.8,47.3,4.5
2026-02-26,2,2026-02-26T00:00:00Z,2026-02-26T01:00:00Z,76.98,76.98,76.87,70.01,70.01,81.2,42.5,40.7,1.8
2026-02-26,3,2026-02-26T01:00:00Z,2026-02-26T02:00:00Z,68.48,68.48,69.13,63.02,62.52,78.3,62.1,31.2,30.9
2026-02-26,4,2026-02-26T02:00:00Z,2026-02-26T03:00:00Z,68.56,68.56,68.85,67.67,64.0,79.73,86.5,43.9,42.6
2026-02-26,5,2026-02-26T03:00:00Z,2026-02-26T04:00:00Z,69.4,69.4,67.83,69.0,61.22,80.97,100.3,59.1,41.2
2026-02-26,6,2026-02-26T04:00:00Z,2026-02-26T05:00:00Z,79.27,79.27,78.59,89.35,68.55,103.03,76.9,56.3,20.6
2026-02-26,7,2026-02-26T05:00:00Z,2026-02-26T06:00:00Z,121.15,121.15,125.47,100.97,96.85,149.52,176.1,72.2,103.9
2026-02-26,8,2026-02-26T06:00:00Z,2026-02-26T07:00:00Z,105.4,105.4,107.48,110.93,98.0,118.0,97.6,58.1,39.5
2026-02-26,9,2026-02-26T07:00:00Z,2026-02-26T08:00:00Z,89.74,89.74,89.08,83.89,80.53,100.81,64.0,52.2,11.8
2026-02-26,10,2026-02-26T08:00:00Z,2026-02-26T09:00:00Z,72.88,72.88,71.59,40.0,40.0,104.99,197.2,126.7,70.5
2026-02-26,11,2026-02-26T09:00:00Z,2026-02-26T10:00:00Z,58.43,58.43,59.44,29.5,21.0,111.16,143.5,90.3,53.2
2026-02-26,12,2026-02-26T10:00:00Z,2026-02-26T11:00:00Z,48.94,48.94,51.83,15.0,11.53,71.0,222.0,139.0,83.0
2026-02-26,13,2026-02-26T11:00:00Z,2026-02-26T12:00:00Z,4.35,4.35,5.51,-39.97,-39.97,23.0,266.9,206.0,60.9
2026-02-26,14,2026-02-26T12:00:00Z,2026-02-26T13:00:00Z,1.12,1.12,0.37,-1.21,-8.88,20.0,485.2,299.1,186.1
2026-02-26,15,2026-02-26T13:00:00Z,2026-02-26T14:00:00Z,18.53,18.53,15.6,-3.21,-6.9,46.77,445.3,300.4,144.9
2026-02-26,16,2026-02-26T14:00:00Z,2026-02-26T15:00:00Z,51.27,51.27,51.62,46.71,41.03,80.0,264.0,133.7,130.3
2026-02-26,17,2026-02-26T15:00:00Z,2026-02-26T16:00:00Z,85.5,85.5,85.19,84.24,45.35,102.0,135.5,48.9,86.6
2026-02-26,18,2026-02-26T16:00:00Z,2026-02-26T17:00:00Z,107.18,107.18,107.81,119.75,84.45,119.75,267.9,45.9,222.0
2026-02-26,19,2026-02-26T17:00:00Z,2026-02-26T18:00:00Z,107.04,107.04,109.03,117.0,100.58,118.43,206.7,41.2,165.5
2026-02-26,20,2026-02-26T18:00:00Z,2026-02-26T19:00:00Z,100.05,100.05,99.71,95.0,89.45,112.8,196.6,43.3,153.3
2026-02-26,21,2026-02-26T19:00:00Z,2026-02-26T20:00:00Z,92.23,92.23,94.27,85.5,85.5,109.88,96.6,43.0,53.6
2026-02-26,22,2026-02-26T20:00:00Z,2026-02-26T21:00:00Z,80.72,80.72,81.5,138.11,65.0,138.11,76.5,17.4,59.1
2026-02-26,23,2026-02-26T21:00:00Z,2026-02-26T22:00:00Z,76.19,76.19,77.47,77.0,75.0,92.12,68.7,9.6,59.1
2026-02-26,24,2026-02-26T22:00:00Z,2026-02-26T23:00:00Z,64.19,64.19,63.3,44.02,44.02,74.58,72.7,14.9,57.8
2026-02-27,1,2026-02-26T23:00:00Z,2026-02-27T00:00:00Z,66.8,66.8,66.63,72.0,60.0,78.3,24.8,7.9,16.9
2026-02-27,2,2026-02-27T00:00:00Z,2026-02-27T01:00:00Z,68.08,68.08,68.01,68.68,64.46,70.05,43.7,23.5,20.2
2026-02-27,3,2026-02-27T01:00:00Z,2026-02-27T02:00:00Z,68.02,68.02,68.17,71.45,61.0,75.48,72.2,61.0,11.2
2026-02-27,4,2026-02-27T02:00:00Z,2026-02-27T03:00:00Z,68.76,68.76,68.45,73.35,61.0,73.35,72.6,55.7,16.9
2026-02-27,5,2026-02-27T03:00:00Z,2026-02-27T04:00:00Z,69.24,69.24,70.03,55.0,55.0,74.4,88.1,68.8,19.3
2026-02-27,6,2026-02-27T04:00:00Z,2026-02-27T05:00:00Z,85.99,85.99,83.95,72.91,70.01,94.46,102.9,69.1,33.8
2026-02-27,7,2026-02-27T05:00:00Z,2026-02-27T06:00:00Z,115.72,115.72,116.33,120.15,112.11,125.01,248.5,78.7,169.8
2026-02-27,8,2026-02-27T06:00:00Z,2026-02-27T07:00:00Z,106.54,106.54,108.77,125.0,99.52,125.0,126.7,67.1,59.6
2026-02-27,9,2026-02-27T07:00:00Z,2026-02-27T08:00:00Z,79.27,79.27,76.1,65.0,65.0,90.0,99.4,52.9,46.5
2026-02-27,10,2026-02-27T08:00:00Z,2026-02-27T09:00:00Z,50.45,50.45,51.77,55.0,25.02,74.0,166.0,108.7,57.3
2026-02-27,11,2026-02-27T09:00:00Z,2026-02-27T10:00:00Z,12.74,12.74,12.63,-1.01,-1.01,30.69,177.5,100.3,77.2
2026-02-27,12,2026-02-27T10:00:00Z,2026-02-27T11:00:00Z,-0.27,-0.27,-0.55,-4.99,-6.04,2.02,435.5,344.2,91.3
2026-02-27,13,2026-02-27T11:00:00Z,2026-02-27T12:00:00Z,-3.28,-3.28,-3.19,3.99,-19.96,4.0,165.8,84.8,81.0
2026-02-27,14,2026-02-27T12:00:00Z,2026-02-27T13:00:00Z,-2.34,-2.34,-1.77,-3.07,-9.94,3.0,161.3,77.7,83.6
2026-02-27,15,2026-02-27T13:00:00Z,2026-02-27T14:00:00Z,4.97,4.97,5.03,0.4,-1.48,11.0,175.3,75.5,99.8
2026-02-27,16,2026-02-27T14:00:00Z,2026-02-27T15:00:00Z,60.11,60.11,60.6,57.94,53.51,65.0,223.7,104.3,119.4
2026-02-27,17,2026-02-27T15:00:00Z,2026-02-27T16:00:00Z,100.12,100.12,100.17,111.0,91.34,111.0,206.5,84.9,121.6
2026-02-27,18,2026-02-27T16:00:00Z,2026-02-27T17:00:00Z,126.6,126.6,124.37,99.58,99.58,138.0,545.9,123.7,422.2
2026-02-27,19,2026-02-27T17:00:00Z,2026-02-27T18:00:00Z,123.62,123.62,125.64,128.36,50.29,132.02,360.6,84.6,276.0
2026-02-27,20,2026-02-27T18:00:00Z,2026-02-27T19:00:00Z,111.88,111.88,110.29,119.96,100.04,119.96,293.8,104.7,189.1
2026-02-27,21,2026-02-27T19:00:00Z,2026-02-27T20:00:00Z,107.8,107.8,107.64,97.12,97.06,118.99,264.6,85.1,179.5
2026-02-27,22,2026-02-27T20:00:00Z,2026-02-27T21:00:00Z,89.98,89.98,89.67,83.68,83.68,102.75,131.5,60.1,71.4
2026-02-27,23,2026-02-27T21:00:00Z,2026-02-27T22:00:00Z,89.44,89.44,88.08,81.41,81.41,96.4,167.2,68.6,98.6
2026-02-27,24,2026-02-27T22:00:00Z,2026-02-27T23:00:00Z,85.35,85.35,84.78,80.01,80.01,91.0,172.2,37.4,134.8
2026-02-28,1,2026-02-27T23:00:00Z,2026-02-28T00:00:00Z,82.15,82.15,81.54,84.49,76.11,88.76,123.6,13.0,110.6
2026-02-28,2,2026-02-28T00:00:00Z,2026-02-28T01:00:00Z,79.98,79.98,80.41,87.77,75.52,87.77,118.1,5.0,113.1
2026-02-28,3,2026-02-28T01:00:00Z,2026-02-28T02:00:00Z,77.57,77.57,77.61,79.96,72.21,82.89,256.6,16.6,240.0
2026-02-28,4,2026-02-28T02:00:00Z,2026-02-28T03:00:00Z,75.2,75.2,75.27,79.19,71.69,81.84,228.2,12.4,215.8
2026-02-28,5,2026-02-28T03:00:00Z,2026-02-28T04:00:00Z,74.33,74.33,74.98,81.49,69.01,81.49,140.3,32.5,107.8
2026-02-28,6,2026-02-28T04:00:00Z,2026-02-28T05:00:00Z,76.34,76.34,75.54,68.89,68.89,79.99,159.4,25.0,134.4
2026-02-28,7,2026-02-28T05:00:00Z,2026-02-28T06:00:00Z,75.5,75.5,75.07,67.73,66.99,83.83,127.5,30.8,96.7
2026-02-28,8,2026-02-28T06:00:00Z,2026-02-28T07:00:00Z,70.79,70.79,70.75,71.92,66.25,83.76,206.2,35.6,170.6
2026-02-28,9,2026-02-28T07:00:00Z,2026-02-28T08:00:00Z,43.89,43.89,42.91,27.09,27.09,58.0,109.6,82.7,26.9
2026-02-28,10,2026-02-28T08:00:00Z,2026-02-28T09:00:00Z,8.79,8.79,6.25,-3.0,-6.0,17.22,471.6,391.8,79.8
2026-02-28,11,2026-02-28T09:00:00Z,2026-02-28T10:00:00Z,-12.41,-12.41,-11.87,16.44,-29.75,16.44,533.7,317.2,216.5
2026-02-28,12,2026-02-28T10:00:00Z,2026-02-28T11:00:00Z,-23.18,-23.18,-19.47,-4.54,-59.15,-4.54,513.9,311.4,202.5
2026-02-28,13,2026-02-28T11:00:00Z,2026-02-28T12:00:00Z,-17.54,-17.54,-15.64,-7.37,-45.98,-3.27,395.5,238.4,157.1
2026-02-28,14,2026-02-28T12:00:00Z,2026-02-28T13:00:00Z,-22.62,-22.62,-16.72,-2.45,-48.55,-2.45,434.5,243.3,191.2
2026-02-28,15,2026-02-28T13:00:00Z,2026-02-28T14:00:00Z,-13.6,-13.6,-8.44,30.0,-41.1,30.0,301.0,178.0,123.0
2026-02-28,16,2026-02-28T14:00:00Z,2026-02-28T15:00:00Z,1.63,1.63,4.25,72.18,-32.7,72.18,525.3,386.7,138.6
2026-02-28,17,2026-02-28T15:00:00Z,2026-02-28T16:00:00Z,67.16,67.16,68.14,63.28,63.28,80.0,78.1,33.8,44.3
2026-02-28,18,2026-02-28T16:00:00Z,2026-02-28T17:00:00Z,90.96,90.96,91.22,95.0,73.65,100.0,209.2,55.3,153.9
2026-02-28,19,2026-02-28T17:00:00Z,2026-02-28T18:00:00Z,132.44,132.44,141.64,235.0,98.0,293.8,443.8,138.9,304.9
2026-02-28,20,2026-02-28T18:00:00Z,2026-02-28T19:00:00Z,124.09,124.09,162.94,185.0,90.0,237.59,342.7,120.5,222.2
2026-02-28,21,2026-02-28T19:00:00Z,2026-02-28T20:00:00Z,83.84,83.84,85.85,99.0,75.5,99.0,191.7,53.3,138.4
2026-02-28,22,2026-02-28T20:00:00Z,2026-02-28T21:00:00Z,74.82,74.82,72.07,58.27,55.0,110.0,385.5,105.0,280.5
2026-02-28,23,2026-02-28T21:00:00Z,2026-02-28T22:00:00Z,74.54,74.54,70.09,122.38,62.14,122.38,110.8,43.0,67.8
2026-02-28,24,2026-02-28T22:00:00Z,2026-02-28T23:00:00Z,65.06,65.06,65.14,66.0,56.1,73.0,101.8,37.0,64.8
2026-03-01,1,2026-02-28T23:00:00Z,2026-03-01T00:00:00Z,52.29,52.29,51.15,55.0,45.39,64.21,32.8,14.4,18.4
2026-03-01,2,2026-03-01T00:00:00Z,2026-03-01T01:00:00Z,52.78,52.78,54.18,50.97,49.61,72.66,70.3,25.0,45.3
2026-03-01,3,2026-03-01T01:00:00Z,2026-03-01T02:00:00Z,48.02,48.02,47.39,36.83,34.6,59.3,81.2,26.9,54.3
2026-03-01,4,2026-03-01T02:00:00Z,2026-03-01T03:00:00Z,48.4,48.4,47.78,43.64,41.2,70.0,72.1,13.6,58.5
2026-03-01,5,2026-03-01T03:00:00Z,2026-03-01T04:00:00Z,54.58,54.58,53.42,48.6,47.17,78.06,83.7,18.7,65.0
2026-03-01,6,2026-03-01T04:00:00Z,2026-03-01T05:00:00Z,60.71,60.71,60.5,60.94,57.76,66.27,92.9,10.0,82.9
2026-03-01,7,2026-03-01T05:00:00Z,2026-03-01T06:00:00Z,56.16,56.16,58.02,45.11,45.11,81.0,74.0,16.0,58.0
2026-03-01,8,2026-03-01T06:00:00Z,2026-03-01T07:00:00Z,50.38,50.38,48.32,35.0,34.22,70.52,109.9,56.6,53.3
2026-03-01,9,2026-03-01T07:00:00Z,2026-03-01T08:00:00Z,35.11,35.11,32.37,37.15,24.0,60.85,148.9,65.7,83.2
2026-03-01,10,2026-03-01T08:00:00Z,2026-03-01T09:00:00Z,12.82,12.82,16.46,35.78,8.4,35.78,61.1,21.4,39.7
2026-03-01,11,2026-03-01T09:00:00Z,2026-03-01T10:00:00Z,6.5,6.5,12.41,-5.99,-9.89,45.01,276.4,142.6,133.8
2026-03-01,12,2026-03-01T10:00:00Z,2026-03-01T11:00:00Z,5.16,5.16,5.16,-1.92,-3.58,21.8,241.1,158.3,82.8
2026-03-01,13,2026-03-01T11:00:00Z,2026-03-01T12:00:00Z,-1.16,-1.16,-0.82,6.87,-9.89,6.87,252.0,144.0,108.0
2026-03-01,14,2026-03-01T12:00:00Z,2026-03-01T13:00:00Z,-1.16,-1.16,-1.07,9.68,-11.89,10.33,432.9,256.0,176.9
2026-03-01,15,2026-03-01T13:00:00Z,2026-03-01T14:00:00Z,1.1,1.1,-0.02,-26.5,-26.5,5.88,196.5,155.0,41.5
2026-03-01,16,2026-03-01T14:00:00Z,2026-03-01T15:00:00Z,25.1,25.1,25.18,34.09,17.26,35.0,175.0,113.1,61.9
2026-03-01,17,2026-03-01T15:00:00Z,2026-03-01T16:00:00Z,84.5,84.5,79.91,78.99,74.76,125.86,130.4,64.2,66.2
2026-03-01,18,2026-03-01T16:00:00Z,2026-03-01T17:00:00Z,110.87,110.87,109.79,100.52,100.52,138.47,352.9,127.4,225.5
2026-03-01,19,2026-03-01T17:00:00Z,2026-03-01T18:00:00Z,119.5,119.5,118.2,80.01,80.01,129.5,274.7,90.4,184.3
2026-03-01,20,2026-03-01T18:00:00Z,2026-03-01T19:00:00Z,114.68,114.68,113.59,114.9,105.01,141.55,262.4,94.8,167.6
2026-03-01,21,2026-03-01T19:00:00Z,2026-03-01T20:00:00Z,104.64,104.64,103.38,94.9,94.9,120.48,232.5,38.3,194.2
2026-03-01,22,2026-03-01T20:00:00Z,2026-03-01T21:00:00Z,101.25,101.25,95.34,86.0,86.0,128.89,145.6,50.9,94.7
2026-03-01,23,2026-03-01T21:00:00Z,2026-03-01T22:00:00Z,90.0,90.0,89.8,84.29,83.17,123.15,89.4,31.7,57.7
2026-03-01,24,2026-03-01T22:00:00Z,2026-03-01T23:00:00Z,76.54,76.54,76.7,79.4,72.33,83.75,97.9,27.5,70.4
